x,y,T,ux,uy
7.1022727272727270e-03,1.1363636363636364e-02,0.0000000000000000e+00,0.0000000000000000e+00,0.0000000000000000e+00
7.1022727272727270e-03,3.4090909090909088e-02,0.0000000000000000e+00,0.0000000000000000e+00,0.0000000000000000e+00
7.1022727272727270e-03,5.6818181818181816e-02,0.0000000000000000e+00,0.0000000000000000e+00,0.0000000000000000e+00
7.1022727272727270e-03,7.9545454545454544e-02,0.0000000000000000e+00,0.0000000000000000e+00,0.0000000000000000e+00
7.1022727272727270e-03,1.0227272727272728e-01,0.0000000000000000e+00,0.0000000000000000e+00,0.0000000000000000e+00
7.1022727272727270e-03,1.2500000000000000e-01,0.0000000000000000e+00,0.0000000000000000e+00,0.0000000000000000e+00
7.1022727272727270e-03,1.4772727272727273e-01,0.0000000000000000e+00,0.0000000000000000e+00,0.0000000000000000e+00
7.1022727272727270e-03,1.7045454545454544e-01,0.0000000000000000e+00,0.0000000000000000e+00,0.0000000000000000e+00
7.1022727272727270e-03,1.9318181818181818e-01,0.0000000000000000e+00,0.0000000000000000e+00,0.0000000000000000e+00
7.1022727272727270e-03,2.1590909090909091e-01,0.0000000000000000e+00,0.0000000000000000e+00,0.0000000000000000e+00
7.1022727272727270e-03,2.3863636363636365e-01,0.0000000000000000e+00,0.0000000000000000e+00,0.0000000000000000e+00
7.1022727272727270e-03,2.6136363636363635e-01,0.0000000000000000e+00,0.0000000000000000e+00,0.0000000000000000e+00
7.1022727272727270e-03,2.8409090909090912e-01,0.0000000000000000e+00,0.0000000000000000e+00,0.0000000000000000e+00
7.1022727272727270e-03,3.0681818181818182e-01,0.0000000000000000e+00,0.0000000000000000e+00,0.0000000000000000e+00
7.1022727272727270e-03,3.2954545454545453e-01,0.0000000000000000e+00,0.0000000000000000e+00,0.0000000000000000e+00
7.1022727272727270e-03,3.5227272727272729e-01,0.0000000000000000e+00,0.0000000000000000e+00,0.0000000000000000e+00
7.1022727272727270e-03,3.7500000000000000e-01,0.0000000000000000e+00,0.0000000000000000e+00,0.0000000000000000e+00
7.1022727272727270e-03,3.9772727272727271e-01,0.0000000000000000e+00,0.0000000000000000e+00,0.0000000000000000e+00
7.1022727272727270e-03,4.2045454545454547e-01,0.0000000000000000e+00,0.0000000000000000e+00,0.0000000000000000e+00
7.1022727272727270e-03,4.4318181818181818e-01,0.0000000000000000e+00,0.0000000000000000e+00,0.0000000000000000e+00
7.1022727272727270e-03,4.6590909090909088e-01,0.0000000000000000e+00,0.0000000000000000e+00,0.0000000000000000e+00
7.1022727272727270e-03,4.8863636363636365e-01,0.0000000000000000e+00,0.0000000000000000e+00,0.0000000000000000e+00
7.1022727272727270e-03,5.1136363636363635e-01,0.0000000000000000e+00,0.0000000000000000e+00,0.0000000000000000e+00
7.1022727272727270e-03,5.3409090909090906e-01,0.0000000000000000e+00,0.0000000000000000e+00,0.0000000000000000e+00
7.1022727272727270e-03,5.5681818181818177e-01,0.0000000000000000e+00,0.0000000000000000e+00,0.0000000000000000e+00
7.1022727272727270e-03,5.7954545454545459e-01,0.0000000000000000e+00,0.0000000000000000e+00,0.0000000000000000e+00
7.1022727272727270e-03,6.0227272727272729e-01,0.0000000000000000e+00,0.0000000000000000e+00,0.0000000000000000e+00
7.1022727272727270e-03,6.2500000000000000e-01,0.0000000000000000e+00,0.0000000000000000e+00,0.0000000000000000e+00
7.1022727272727270e-03,6.4772727272727271e-01,0.0000000000000000e+00,0.0000000000000000e+00,0.0000000000000000e+00
7.1022727272727270e-03,6.7045454545454541e-01,0.0000000000000000e+00,0.0000000000000000e+00,0.0000000000000000e+00
7.1022727272727270e-03,6.9318181818181823e-01,0.0000000000000000e+00,0.0000000000000000e+00,0.0000000000000000e+00
7.1022727272727270e-03,7.1590909090909094e-01,0.0000000000000000e+00,0.0000000000000000e+00,0.0000000000000000e+00
7.1022727272727270e-03,7.3863636363636365e-01,0.0000000000000000e+00,0.0000000000000000e+00,0.0000000000000000e+00
7.1022727272727270e-03,7.6136363636363635e-01,0.0000000000000000e+00,0.0000000000000000e+00,0.0000000000000000e+00
7.1022727272727270e-03,7.8409090909090906e-01,0.0000000000000000e+00,0.0000000000000000e+00,0.0000000000000000e+00
7.1022727272727270e-03,8.0681818181818177e-01,0.0000000000000000e+00,0.0000000000000000e+00,0.0000000000000000e+00
7.1022727272727270e-03,8.2954545454545459e-01,0.0000000000000000e+00,0.0000000000000000e+00,0.0000000000000000e+00
7.1022727272727270e-03,8.5227272727272729e-01,0.0000000000000000e+00,0.0000000000000000e+00,0.0000000000000000e+00
7.1022727272727270e-03,8.7500000000000000e-01,0.0000000000000000e+00,0.0000000000000000e+00,0.0000000000000000e+00
7.1022727272727270e-03,8.9772727272727271e-01,0.0000000000000000e+00,0.0000000000000000e+00,0.0000000000000000e+00
7.1022727272727270e-03,9.2045454545454541e-01,0.0000000000000000e+00,0.0000000000000000e+00,0.0000000000000000e+00
7.1022727272727270e-03,9.4318181818181823e-01,0.0000000000000000e+00,0.0000000000000000e+00,0.0000000000000000e+00
7.1022727272727270e-03,9.6590909090909094e-01,0.0000000000000000e+00,0.0000000000000000e+00,0.0000000000000000e+00
7.1022727272727270e-03,9.8863636363636365e-01,0.0000000000000000e+00,0.0000000000000000e+00,0.0000000000000000e+00
2.1306818181818180e-02,1.1363636363636364e-02,0.0000000000000000e+00,0.0000000000000000e+00,0.0000000000000000e+00
2.1306818181818180e-02,3.4090909090909088e-02,0.0000000000000000e+00,0.0000000000000000e+00,0.0000000000000000e+00
2.1306818181818180e-02,5.6818181818181816e-02,0.0000000000000000e+00,0.0000000000000000e+00,0.0000000000000000e+00
2.1306818181818180e-02,7.9545454545454544e-02,0.0000000000000000e+00,0.0000000000000000e+00,0.0000000000000000e+00
2.1306818181818180e-02,1.0227272727272728e-01,0.0000000000000000e+00,0.0000000000000000e+00,0.0000000000000000e+00
2.1306818181818180e-02,1.2500000000000000e-01,0.0000000000000000e+00,0.0000000000000000e+00,0.0000000000000000e+00
2.1306818181818180e-02,1.4772727272727273e-01,0.0000000000000000e+00,0.0000000000000000e+00,0.0000000000000000e+00
2.1306818181818180e-02,1.7045454545454544e-01,0.0000000000000000e+00,0.0000000000000000e+00,0.0000000000000000e+00
2.1306818181818180e-02,1.9318181818181818e-01,0.0000000000000000e+00,0.0000000000000000e+00,0.0000000000000000e+00
2.1306818181818180e-02,2.1590909090909091e-01,0.0000000000000000e+00,0.0000000000000000e+00,0.0000000000000000e+00
2.1306818181818180e-02,2.3863636363636365e-01,0.0000000000000000e+00,0.0000000000000000e+00,0.0000000000000000e+00
2.1306818181818180e-02,2.6136363636363635e-01,0.0000000000000000e+00,0.0000000000000000e+00,0.0000000000000000e+00
2.1306818181818180e-02,2.8409090909090912e-01,0.0000000000000000e+00,0.0000000000000000e+00,0.0000000000000000e+00
2.1306818181818180e-02,3.0681818181818182e-01,0.0000000000000000e+00,0.0000000000000000e+00,0.0000000000000000e+00
2.1306818181818180e-02,3.2954545454545453e-01,0.0000000000000000e+00,0.0000000000000000e+00,0.0000000000000000e+00
2.1306818181818180e-02,3.5227272727272729e-01,0.0000000000000000e+00,0.0000000000000000e+00,0.0000000000000000e+00
2.1306818181818180e-02,3.7500000000000000e-01,0.0000000000000000e+00,0.0000000000000000e+00,0.0000000000000000e+00
2.1306818181818180e-02,3.9772727272727271e-01,0.0000000000000000e+00,0.0000000000000000e+00,0.0000000000000000e+00
2.1306818181818180e-02,4.2045454545454547e-01,0.0000000000000000e+00,0.0000000000000000e+00,0.0000000000000000e+00
2.1306818181818180e-02,4.4318181818181818e-01,0.0000000000000000e+00,0.0000000000000000e+00,0.0000000000000000e+00
2.1306818181818180e-02,4.6590909090909088e-01,0.0000000000000000e+00,0.0000000000000000e+00,0.0000000000000000e+00
2.1306818181818180e-02,4.8863636363636365e-01,0.0000000000000000e+00,0.0000000000000000e+00,0.0000000000000000e+00
2.1306818181818180e-02,5.1136363636363635e-01,0.0000000000000000e+00,0.0000000000000000e+00,0.0000000000000000e+00
2.1306818181818180e-02,5.3409090909090906e-01,0.0000000000000000e+00,0.0000000000000000e+00,0.0000000000000000e+00
2.1306818181818180e-02,5.5681818181818177e-01,0.0000000000000000e+00,0.0000000000000000e+00,0.0000000000000000e+00
2.1306818181818180e-02,5.7954545454545459e-01,0.0000000000000000e+00,0.0000000000000000e+00,0.0000000000000000e+00
2.1306818181818180e-02,6.0227272727272729e-01,0.0000000000000000e+00,0.0000000000000000e+00,0.0000000000000000e+00
2.1306818181818180e-02,6.2500000000000000e-01,0.0000000000000000e+00,0.0000000000000000e+00,0.0000000000000000e+00
2.1306818181818180e-02,6.4772727272727271e-01,0.0000000000000000e+00,0.0000000000000000e+00,0.0000000000000000e+00
2.1306818181818180e-02,6.7045454545454541e-01,0.0000000000000000e+00,0.0000000000000000e+00,0.0000000000000000e+00
2.1306818181818180e-02,6.9318181818181823e-01,0.0000000000000000e+00,0.0000000000000000e+00,0.0000000000000000e+00
2.1306818181818180e-02,7.1590909090909094e-01,0.0000000000000000e+00,0.0000000000000000e+00,0.0000000000000000e+00
2.1306818181818180e-02,7.3863636363636365e-01,0.0000000000000000e+00,0.0000000000000000e+00,0.0000000000000000e+00
2.1306818181818180e-02,7.6136363636363635e-01,0.0000000000000000e+00,0.0000000000000000e+00,0.0000000000000000e+00
2.1306818181818180e-02,7.8409090909090906e-01,0.0000000000000000e+00,0.0000000000000000e+00,0.0000000000000000e+00
2.1306818181818180e-02,8.0681818181818177e-01,0.0000000000000000e+00,0.0000000000000000e+00,0.0000000000000000e+00
2.1306818181818180e-02,8.2954545454545459e-01,0.0000000000000000e+00,0.0000000000000000e+00,0.0000000000000000e+00
2.1306818181818180e-02,8.5227272727272729e-01,0.0000000000000000e+00,0.0000000000000000e+00,0.0000000000000000e+00
2.1306818181818180e-02,8.7500000000000000e-01,0.0000000000000000e+00,0.0000000000000000e+00,0.0000000000000000e+00
2.1306818181818180e-02,8.9772727272727271e-01,0.0000000000000000e+00,0.0000000000000000e+00,0.0000000000000000e+00
2.1306818181818180e-02,9.2045454545454541e-01,0.0000000000000000e+00,0.0000000000000000e+00,0.0000000000000000e+00
2.1306818181818180e-02,9.4318181818181823e-01,0.0000000000000000e+00,0.0000000000000000e+00,0.0000000000000000e+00
2.1306818181818180e-02,9.6590909090909094e-01,0.0000000000000000e+00,0.0000000000000000e+00,0.0000000000000000e+00
2.1306818181818180e-02,9.8863636363636365e-01,0.0000000000000000e+00,0.0000000000000000e+00,0.0000000000000000e+00
3.5511363636363640e-02,1.1363636363636364e-02,0.0000000000000000e+00,0.0000000000000000e+00,0.0000000000000000e+00
3.5511363636363640e-02,3.4090909090909088e-02,0.0000000000000000e+00,0.0000000000000000e+00,0.0000000000000000e+00
3.5511363636363640e-02,5.6818181818181816e-02,0.0000000000000000e+00,0.0000000000000000e+00,0.0000000000000000e+00
3.5511363636363640e-02,7.9545454545454544e-02,0.0000000000000000e+00,0.0000000000000000e+00,0.0000000000000000e+00
3.5511363636363640e-02,1.0227272727272728e-01,0.0000000000000000e+00,0.0000000000000000e+00,0.0000000000000000e+00
3.5511363636363640e-02,1.2500000000000000e-01,0.0000000000000000e+00,0.0000000000000000e+00,0.0000000000000000e+00
3.5511363636363640e-02,1.4772727272727273e-01,0.0000000000000000e+00,0.0000000000000000e+00,0.0000000000000000e+00
3.5511363636363640e-02,1.7045454545454544e-01,0.0000000000000000e+00,0.0000000000000000e+00,0.0000000000000000e+00
3.5511363636363640e-02,1.9318181818181818e-01,0.0000000000000000e+00,0.0000000000000000e+00,0.0000000000000000e+00
3.5511363636363640e-02,2.1590909090909091e-01,0.0000000000000000e+00,0.0000000000000000e+00,0.0000000000000000e+00
3.5511363636363640e-02,2.3863636363636365e-01,0.0000000000000000e+00,0.0000000000000000e+00,0.0000000000000000e+00
3.5511363636363640e-02,2.6136363636363635e-01,0.0000000000000000e+00,0.0000000000000000e+00,0.0000000000000000e+00
3.5511363636363640e-02,2.8409090909090912e-01,0.0000000000000000e+00,0.0000000000000000e+00,0.0000000000000000e+00
3.5511363636363640e-02,3.0681818181818182e-01,0.0000000000000000e+00,0.0000000000000000e+00,0.0000000000000000e+00
3.5511363636363640e-02,3.2954545454545453e-01,0.0000000000000000e+00,0.0000000000000000e+00,0.0000000000000000e+00
3.5511363636363640e-02,3.5227272727272729e-01,0.0000000000000000e+00,0.0000000000000000e+00,0.0000000000000000e+00
3.5511363636363640e-02,3.7500000000000000e-01,0.0000000000000000e+00,0.0000000000000000e+00,0.0000000000000000e+00
3.5511363636363640e-02,3.9772727272727271e-01,0.0000000000000000e+00,0.0000000000000000e+00,0.0000000000000000e+00
3.5511363636363640e-02,4.2045454545454547e-01,0.0000000000000000e+00,0.0000000000000000e+00,0.0000000000000000e+00
3.5511363636363640e-02,4.4318181818181818e-01,0.0000000000000000e+00,0.0000000000000000e+00,0.0000000000000000e+00
3.5511363636363640e-02,4.6590909090909088e-01,0.0000000000000000e+00,0.0000000000000000e+00,0.0000000000000000e+00
3.5511363636363640e-02,4.8863636363636365e-01,0.0000000000000000e+00,0.0000000000000000e+00,0.0000000000000000e+00
3.5511363636363640e-02,5.1136363636363635e-01,0.0000000000000000e+00,0.0000000000000000e+00,0.0000000000000000e+00
3.5511363636363640e-02,5.3409090909090906e-01,0.0000000000000000e+00,0.0000000000000000e+00,0.0000000000000000e+00
3.5511363636363640e-02,5.5681818181818177e-01,0.0000000000000000e+00,0.0000000000000000e+00,0.0000000000000000e+00
3.5511363636363640e-02,5.7954545454545459e-01,0.0000000000000000e+00,0.0000000000000000e+00,0.0000000000000000e+00
3.5511363636363640e-02,6.0227272727272729e-01,0.0000000000000000e+00,0.0000000000000000e+00,0.0000000000000000e+00
3.5511363636363640e-02,6.2500000000000000e-01,0.0000000000000000e+00,0.0000000000000000e+00,0.0000000000000000e+00
3.5511363636363640e-02,6.4772727272727271e-01,0.0000000000000000e+00,0.0000000000000000e+00,0.0000000000000000e+00
3.5511363636363640e-02,6.7045454545454541e-01,0.0000000000000000e+00,0.0000000000000000e+00,0.0000000000000000e+00
3.5511363636363640e-02,6.9318181818181823e-01,0.0000000000000000e+00,0.0000000000000000e+00,0.0000000000000000e+00
3.5511363636363640e-02,7.1590909090909094e-01,0.0000000000000000e+00,0.0000000000000000e+00,0.0000000000000000e+00
3.5511363636363640e-02,7.3863636363636365e-01,0.0000000000000000e+00,0.0000000000000000e+00,0.0000000000000000e+00
3.5511363636363640e-02,7.6136363636363635e-01,0.0000000000000000e+00,0.0000000000000000e+00,0.0000000000000000e+00
3.5511363636363640e-02,7.8409090909090906e-01,0.0000000000000000e+00,0.0000000000000000e+00,0.0000000000000000e+00
3.5511363636363640e-02,8.0681818181818177e-01,0.0000000000000000e+00,0.0000000000000000e+00,0.0000000000000000e+00
3.5511363636363640e-02,8.2954545454545459e-01,0.0000000000000000e+00,0.0000000000000000e+00,0.0000000000000000e+00
3.5511363636363640e-02,8.5227272727272729e-01,0.0000000000000000e+00,0.0000000000000000e+00,0.0000000000000000e+00
3.5511363636363640e-02,8.7500000000000000e-01,0.0000000000000000e+00,0.0000000000000000e+00,0.0000000000000000e+00
3.5511363636363640e-02,8.9772727272727271e-01,0.0000000000000000e+00,0.0000000000000000e+00,0.0000000000000000e+00
3.5511363636363640e-02,9.2045454545454541e-01,0.0000000000000000e+00,0.0000000000000000e+00,0.0000000000000000e+00
3.5511363636363640e-02,9.4318181818181823e-01,0.0000000000000000e+00,0.0000000000000000e+00,0.0000000000000000e+00
3.5511363636363640e-02,9.6590909090909094e-01,0.0000000000000000e+00,0.0000000000000000e+00,0.0000000000000000e+00
3.5511363636363640e-02,9.8863636363636365e-01,0.0000000000000000e+00,0.0000000000000000e+00,0.0000000000000000e+00
4.9715909090909088e-02,1.1363636363636364e-02,0.0000000000000000e+00,0.0000000000000000e+00,0.0000000000000000e+00
4.9715909090909088e-02,3.4090909090909088e-02,0.0000000000000000e+00,0.0000000000000000e+00,0.0000000000000000e+00
4.9715909090909088e-02,5.6818181818181816e-02,0.0000000000000000e+00,0.0000000000000000e+00,0.0000000000000000e+00
4.9715909090909088e-02,7.9545454545454544e-02,0.0000000000000000e+00,0.0000000000000000e+00,0.0000000000000000e+00
4.9715909090909088e-02,1.0227272727272728e-01,0.0000000000000000e+00,0.0000000000000000e+00,0.0000000000000000e+00
4.9715909090909088e-02,1.2500000000000000e-01,0.0000000000000000e+00,0.0000000000000000e+00,0.0000000000000000e+00
4.9715909090909088e-02,1.4772727272727273e-01,0.0000000000000000e+00,0.0000000000000000e+00,0.0000000000000000e+00
4.9715909090909088e-02,1.7045454545454544e-01,0.0000000000000000e+00,0.0000000000000000e+00,0.0000000000000000e+00
4.9715909090909088e-02,1.9318181818181818e-01,0.0000000000000000e+00,0.0000000000000000e+00,0.0000000000000000e+00
4.9715909090909088e-02,2.1590909090909091e-01,0.0000000000000000e+00,0.0000000000000000e+00,0.0000000000000000e+00
4.9715909090909088e-02,2.3863636363636365e-01,0.0000000000000000e+00,0.0000000000000000e+00,0.0000000000000000e+00
4.9715909090909088e-02,2.6136363636363635e-01,0.0000000000000000e+00,0.0000000000000000e+00,0.0000000000000000e+00
4.9715909090909088e-02,2.8409090909090912e-01,0.0000000000000000e+00,0.0000000000000000e+00,0.0000000000000000e+00
4.9715909090909088e-02,3.0681818181818182e-01,0.0000000000000000e+00,0.0000000000000000e+00,0.0000000000000000e+00
4.9715909090909088e-02,3.2954545454545453e-01,0.0000000000000000e+00,0.0000000000000000e+00,0.0000000000000000e+00
4.9715909090909088e-02,3.5227272727272729e-01,0.0000000000000000e+00,0.0000000000000000e+00,0.0000000000000000e+00
4.9715909090909088e-02,3.7500000000000000e-01,0.0000000000000000e+00,0.0000000000000000e+00,0.0000000000000000e+00
4.9715909090909088e-02,3.9772727272727271e-01,0.0000000000000000e+00,0.0000000000000000e+00,0.0000000000000000e+00
4.9715909090909088e-02,4.2045454545454547e-01,0.0000000000000000e+00,0.0000000000000000e+00,0.0000000000000000e+00
4.9715909090909088e-02,4.4318181818181818e-01,0.0000000000000000e+00,0.0000000000000000e+00,0.0000000000000000e+00
4.9715909090909088e-02,4.6590909090909088e-01,0.0000000000000000e+00,0.0000000000000000e+00,0.0000000000000000e+00
4.9715909090909088e-02,4.8863636363636365e-01,0.0000000000000000e+00,0.0000000000000000e+00,0.0000000000000000e+00
4.9715909090909088e-02,5.1136363636363635e-01,0.0000000000000000e+00,0.0000000000000000e+00,0.0000000000000000e+00
4.9715909090909088e-02,5.3409090909090906e-01,0.0000000000000000e+00,0.0000000000000000e+00,0.0000000000000000e+00
4.9715909090909088e-02,5.5681818181818177e-01,0.0000000000000000e+00,0.0000000000000000e+00,0.0000000000000000e+00
4.9715909090909088e-02,5.7954545454545459e-01,0.0000000000000000e+00,0.0000000000000000e+00,0.0000000000000000e+00
4.9715909090909088e-02,6.0227272727272729e-01,0.0000000000000000e+00,0.0000000000000000e+00,0.0000000000000000e+00
4.9715909090909088e-02,6.2500000000000000e-01,0.0000000000000000e+00,0.0000000000000000e+00,0.0000000000000000e+00
4.9715909090909088e-02,6.4772727272727271e-01,0.0000000000000000e+00,0.0000000000000000e+00,0.0000000000000000e+00
4.9715909090909088e-02,6.7045454545454541e-01,0.0000000000000000e+00,0.0000000000000000e+00,0.0000000000000000e+00
4.9715909090909088e-02,6.9318181818181823e-01,0.0000000000000000e+00,0.0000000000000000e+00,0.0000000000000000e+00
4.9715909090909088e-02,7.1590909090909094e-01,0.0000000000000000e+00,0.0000000000000000e+00,0.0000000000000000e+00
4.9715909090909088e-02,7.3863636363636365e-01,0.0000000000000000e+00,0.0000000000000000e+00,0.0000000000000000e+00
4.9715909090909088e-02,7.6136363636363635e-01,0.0000000000000000e+00,0.0000000000000000e+00,0.0000000000000000e+00
4.9715909090909088e-02,7.8409090909090906e-01,0.0000000000000000e+00,0.0000000000000000e+00,0.0000000000000000e+00
4.9715909090909088e-02,8.0681818181818177e-01,0.0000000000000000e+00,0.0000000000000000e+00,0.0000000000000000e+00
4.9715909090909088e-02,8.2954545454545459e-01,0.0000000000000000e+00,0.0000000000000000e+00,0.0000000000000000e+00
4.9715909090909088e-02,8.5227272727272729e-01,0.0000000000000000e+00,0.0000000000000000e+00,0.0000000000000000e+00
4.9715909090909088e-02,8.7500000000000000e-01,0.0000000000000000e+00,0.0000000000000000e+00,0.0000000000000000e+00
4.9715909090909088e-02,8.9772727272727271e-01,0.0000000000000000e+00,0.0000000000000000e+00,0.0000000000000000e+00
4.9715909090909088e-02,9.2045454545454541e-01,0.0000000000000000e+00,0.0000000000000000e+00,0.0000000000000000e+00
4.9715909090909088e-02,9.4318181818181823e-01,0.0000000000000000e+00,0.0000000000000000e+00,0.0000000000000000e+00
4.9715909090909088e-02,9.6590909090909094e-01,0.0000000000000000e+00,0.0000000000000000e+00,0.0000000000000000e+00
4.9715909090909088e-02,9.8863636363636365e-01,0.0000000000000000e+00,0.0000000000000000e+00,0.0000000000000000e+00
6.3920454545454544e-02,1.1363636363636364e-02,0.0000000000000000e+00,0.0000000000000000e+00,0.0000000000000000e+00
6.3920454545454544e-02,3.4090909090909088e-02,0.0000000000000000e+00,0.0000000000000000e+00,0.0000000000000000e+00
6.3920454545454544e-02,5.6818181818181816e-02,0.0000000000000000e+00,0.0000000000000000e+00,0.0000000000000000e+00
6.3920454545454544e-02,7.9545454545454544e-02,0.0000000000000000e+00,0.0000000000000000e+00,0.0000000000000000e+00
6.3920454545454544e-02,1.0227272727272728e-01,0.0000000000000000e+00,0.0000000000000000e+00,0.0000000000000000e+00
6.3920454545454544e-02,1.2500000000000000e-01,0.0000000000000000e+00,0.0000000000000000e+00,0.0000000000000000e+00
6.3920454545454544e-02,1.4772727272727273e-01,0.0000000000000000e+00,0.0000000000000000e+00,0.0000000000000000e+00
6.3920454545454544e-02,1.7045454545454544e-01,0.0000000000000000e+00,0.0000000000000000e+00,0.0000000000000000e+00
6.3920454545454544e-02,1.9318181818181818e-01,0.0000000000000000e+00,0.0000000000000000e+00,0.0000000000000000e+00
6.3920454545454544e-02,2.1590909090909091e-01,0.0000000000000000e+00,0.0000000000000000e+00,0.0000000000000000e+00
6.3920454545454544e-02,2.3863636363636365e-01,0.0000000000000000e+00,0.0000000000000000e+00,0.0000000000000000e+00
6.3920454545454544e-02,2.6136363636363635e-01,0.0000000000000000e+00,0.0000000000000000e+00,0.0000000000000000e+00
6.3920454545454544e-02,2.8409090909090912e-01,0.0000000000000000e+00,0.0000000000000000e+00,0.0000000000000000e+00
6.3920454545454544e-02,3.0681818181818182e-01,0.0000000000000000e+00,0.0000000000000000e+00,0.0000000000000000e+00
6.3920454545454544e-02,3.2954545454545453e-01,0.0000000000000000e+00,0.0000000000000000e+00,0.0000000000000000e+00
6.3920454545454544e-02,3.5227272727272729e-01,0.0000000000000000e+00,0.0000000000000000e+00,0.0000000000000000e+00
6.3920454545454544e-02,3.7500000000000000e-01,0.0000000000000000e+00,0.0000000000000000e+00,0.0000000000000000e+00
6.3920454545454544e-02,3.9772727272727271e-01,0.0000000000000000e+00,0.0000000000000000e+00,0.0000000000000000e+00
6.3920454545454544e-02,4.2045454545454547e-01,0.0000000000000000e+00,0.0000000000000000e+00,0.0000000000000000e+00
6.3920454545454544e-02,4.4318181818181818e-01,0.0000000000000000e+00,0.0000000000000000e+00,0.0000000000000000e+00
6.3920454545454544e-02,4.6590909090909088e-01,0.0000000000000000e+00,0.0000000000000000e+00,0.0000000000000000e+00
6.3920454545454544e-02,4.8863636363636365e-01,0.0000000000000000e+00,0.0000000000000000e+00,0.0000000000000000e+00
6.3920454545454544e-02,5.1136363636363635e-01,0.0000000000000000e+00,0.0000000000000000e+00,0.0000000000000000e+00
6.3920454545454544e-02,5.3409090909090906e-01,0.0000000000000000e+00,0.0000000000000000e+00,0.0000000000000000e+00
6.3920454545454544e-02,5.5681818181818177e-01,0.0000000000000000e+00,0.0000000000000000e+00,0.0000000000000000e+00
6.3920454545454544e-02,5.7954545454545459e-01,0.0000000000000000e+00,0.0000000000000000e+00,0.0000000000000000e+00
6.3920454545454544e-02,6.0227272727272729e-01,0.0000000000000000e+00,0.0000000000000000e+00,0.0000000000000000e+00
6.3920454545454544e-02,6.2500000000000000e-01,0.0000000000000000e+00,0.0000000000000000e+00,0.0000000000000000e+00
6.3920454545454544e-02,6.4772727272727271e-01,0.0000000000000000e+00,0.0000000000000000e+00,0.0000000000000000e+00
6.3920454545454544e-02,6.7045454545454541e-01,0.0000000000000000e+00,0.0000000000000000e+00,0.0000000000000000e+00
6.3920454545454544e-02,6.9318181818181823e-01,0.0000000000000000e+00,0.0000000000000000e+00,0.0000000000000000e+00
6.3920454545454544e-02,7.1590909090909094e-01,0.0000000000000000e+00,0.0000000000000000e+00,0.0000000000000000e+00
6.3920454545454544e-02,7.3863636363636365e-01,0.0000000000000000e+00,0.0000000000000000e+00,0.0000000000000000e+00
6.3920454545454544e-02,7.6136363636363635e-01,0.0000000000000000e+00,0.0000000000000000e+00,0.0000000000000000e+00
6.3920454545454544e-02,7.8409090909090906e-01,0.0000000000000000e+00,0.0000000000000000e+00,0.0000000000000000e+00
6.3920454545454544e-02,8.0681818181818177e-01,0.0000000000000000e+00,0.0000000000000000e+00,0.0000000000000000e+00
6.3920454545454544e-02,8.2954545454545459e-01,0.0000000000000000e+00,0.0000000000000000e+00,0.0000000000000000e+00
6.3920454545454544e-02,8.5227272727272729e-01,0.0000000000000000e+00,0.0000000000000000e+00,0.0000000000000000e+00
6.3920454545454544e-02,8.7500000000000000e-01,0.0000000000000000e+00,0.0000000000000000e+00,0.0000000000000000e+00
6.3920454545454544e-02,8.9772727272727271e-01,0.0000000000000000e+00,0.0000000000000000e+00,0.0000000000000000e+00
6.3920454545454544e-02,9.2045454545454541e-01,0.0000000000000000e+00,0.0000000000000000e+00,0.0000000000000000e+00
6.3920454545454544e-02,9.4318181818181823e-01,0.0000000000000000e+00,0.0000000000000000e+00,0.0000000000000000e+00
6.3920454545454544e-02,9.6590909090909094e-01,0.0000000000000000e+00,0.0000000000000000e+00,0.0000000000000000e+00
6.3920454545454544e-02,9.8863636363636365e-01,0.0000000000000000e+00,0.0000000000000000e+00,0.0000000000000000e+00
7.8125000000000000e-02,1.1363636363636364e-02,0.0000000000000000e+00,0.0000000000000000e+00,0.0000000000000000e+00
7.8125000000000000e-02,3.4090909090909088e-02,0.0000000000000000e+00,0.0000000000000000e+00,0.0000000000000000e+00
7.8125000000000000e-02,5.6818181818181816e-02,0.0000000000000000e+00,0.0000000000000000e+00,0.0000000000000000e+00
7.8125000000000000e-02,7.9545454545454544e-02,0.0000000000000000e+00,0.0000000000000000e+00,0.0000000000000000e+00
7.8125000000000000e-02,1.0227272727272728e-01,0.0000000000000000e+00,0.0000000000000000e+00,0.0000000000000000e+00
7.8125000000000000e-02,1.2500000000000000e-01,0.0000000000000000e+00,0.0000000000000000e+00,0.0000000000000000e+00
7.8125000000000000e-02,1.4772727272727273e-01,0.0000000000000000e+00,0.0000000000000000e+00,0.0000000000000000e+00
7.8125000000000000e-02,1.7045454545454544e-01,0.0000000000000000e+00,0.0000000000000000e+00,0.0000000000000000e+00
7.8125000000000000e-02,1.9318181818181818e-01,0.0000000000000000e+00,0.0000000000000000e+00,0.0000000000000000e+00
7.8125000000000000e-02,2.1590909090909091e-01,0.0000000000000000e+00,0.0000000000000000e+00,0.0000000000000000e+00
7.8125000000000000e-02,2.3863636363636365e-01,0.0000000000000000e+00,0.0000000000000000e+00,0.0000000000000000e+00
7.8125000000000000e-02,2.6136363636363635e-01,0.0000000000000000e+00,0.0000000000000000e+00,0.0000000000000000e+00
7.8125000000000000e-02,2.8409090909090912e-01,0.0000000000000000e+00,0.0000000000000000e+00,0.0000000000000000e+00
7.8125000000000000e-02,3.0681818181818182e-01,0.0000000000000000e+00,0.0000000000000000e+00,0.0000000000000000e+00
7.8125000000000000e-02,3.2954545454545453e-01,0.0000000000000000e+00,0.0000000000000000e+00,0.0000000000000000e+00
7.8125000000000000e-02,3.5227272727272729e-01,0.0000000000000000e+00,0.0000000000000000e+00,0.0000000000000000e+00
7.8125000000000000e-02,3.7500000000000000e-01,0.0000000000000000e+00,0.0000000000000000e+00,0.0000000000000000e+00
7.8125000000000000e-02,3.9772727272727271e-01,0.0000000000000000e+00,0.0000000000000000e+00,0.0000000000000000e+00
7.8125000000000000e-02,4.2045454545454547e-01,0.0000000000000000e+00,0.0000000000000000e+00,0.0000000000000000e+00
7.8125000000000000e-02,4.4318181818181818e-01,0.0000000000000000e+00,0.0000000000000000e+00,0.0000000000000000e+00
7.8125000000000000e-02,4.6590909090909088e-01,0.0000000000000000e+00,0.0000000000000000e+00,0.0000000000000000e+00
7.8125000000000000e-02,4.8863636363636365e-01,0.0000000000000000e+00,0.0000000000000000e+00,0.0000000000000000e+00
7.8125000000000000e-02,5.1136363636363635e-01,0.0000000000000000e+00,0.0000000000000000e+00,0.0000000000000000e+00
7.8125000000000000e-02,5.3409090909090906e-01,0.0000000000000000e+00,0.0000000000000000e+00,0.0000000000000000e+00
7.8125000000000000e-02,5.5681818181818177e-01,0.0000000000000000e+00,0.0000000000000000e+00,0.0000000000000000e+00
7.8125000000000000e-02,5.7954545454545459e-01,0.0000000000000000e+00,0.0000000000000000e+00,0.0000000000000000e+00
7.8125000000000000e-02,6.0227272727272729e-01,0.0000000000000000e+00,0.0000000000000000e+00,0.0000000000000000e+00
7.8125000000000000e-02,6.2500000000000000e-01,0.0000000000000000e+00,0.0000000000000000e+00,0.0000000000000000e+00
7.8125000000000000e-02,6.4772727272727271e-01,0.0000000000000000e+00,0.0000000000000000e+00,0.0000000000000000e+00
7.8125000000000000e-02,6.7045454545454541e-01,0.0000000000000000e+00,0.0000000000000000e+00,0.0000000000000000e+00
7.8125000000000000e-02,6.9318181818181823e-01,0.0000000000000000e+00,0.0000000000000000e+00,0.0000000000000000e+00
7.8125000000000000e-02,7.1590909090909094e-01,0.0000000000000000e+00,0.0000000000000000e+00,0.0000000000000000e+00
7.8125000000000000e-02,7.3863636363636365e-01,0.0000000000000000e+00,0.0000000000000000e+00,0.0000000000000000e+00
7.8125000000000000e-02,7.6136363636363635e-01,0.0000000000000000e+00,0.0000000000000000e+00,0.0000000000000000e+00
7.8125000000000000e-02,7.8409090909090906e-01,0.0000000000000000e+00,0.0000000000000000e+00,0.0000000000000000e+00
7.8125000000000000e-02,8.0681818181818177e-01,0.0000000000000000e+00,0.0000000000000000e+00,0.0000000000000000e+00
7.8125000000000000e-02,8.2954545454545459e-01,0.0000000000000000e+00,0.0000000000000000e+00,0.0000000000000000e+00
7.8125000000000000e-02,8.5227272727272729e-01,0.0000000000000000e+00,0.0000000000000000e+00,0.0000000000000000e+00
7.8125000000000000e-02,8.7500000000000000e-01,0.0000000000000000e+00,0.0000000000000000e+00,0.0000000000000000e+00
7.8125000000000000e-02,8.9772727272727271e-01,0.0000000000000000e+00,0.0000000000000000e+00,0.0000000000000000e+00
7.8125000000000000e-02,9.2045454545454541e-01,0.0000000000000000e+00,0.0000000000000000e+00,0.0000000000000000e+00
7.8125000000000000e-02,9.4318181818181823e-01,0.0000000000000000e+00,0.0000000000000000e+00,0.0000000000000000e+00
7.8125000000000000e-02,9.6590909090909094e-01,0.0000000000000000e+00,0.0000000000000000e+00,0.0000000000000000e+00
7.8125000000000000e-02,9.8863636363636365e-01,0.0000000000000000e+00,0.0000000000000000e+00,0.0000000000000000e+00
9.2329545454545456e-02,1.1363636363636364e-02,0.0000000000000000e+00,0.0000000000000000e+00,0.0000000000000000e+00
9.2329545454545456e-02,3.4090909090909088e-02,0.0000000000000000e+00,0.0000000000000000e+00,0.0000000000000000e+00
9.2329545454545456e-02,5.6818181818181816e-02,0.0000000000000000e+00,0.0000000000000000e+00,0.0000000000000000e+00
9.2329545454545456e-02,7.9545454545454544e-02,0.0000000000000000e+00,0.0000000000000000e+00,0.0000000000000000e+00
9.2329545454545456e-02,1.0227272727272728e-01,0.0000000000000000e+00,0.0000000000000000e+00,0.0000000000000000e+00
9.2329545454545456e-02,1.2500000000000000e-01,0.0000000000000000e+00,0.0000000000000000e+00,0.0000000000000000e+00
9.2329545454545456e-02,1.4772727272727273e-01,0.0000000000000000e+00,0.0000000000000000e+00,0.0000000000000000e+00
9.2329545454545456e-02,1.7045454545454544e-01,0.0000000000000000e+00,0.0000000000000000e+00,0.0000000000000000e+00
9.2329545454545456e-02,1.9318181818181818e-01,0.0000000000000000e+00,0.0000000000000000e+00,0.0000000000000000e+00
9.2329545454545456e-02,2.1590909090909091e-01,0.0000000000000000e+00,0.0000000000000000e+00,0.0000000000000000e+00
9.2329545454545456e-02,2.3863636363636365e-01,0.0000000000000000e+00,0.0000000000000000e+00,0.0000000000000000e+00
9.2329545454545456e-02,2.6136363636363635e-01,0.0000000000000000e+00,0.0000000000000000e+00,0.0000000000000000e+00
9.2329545454545456e-02,2.8409090909090912e-01,0.0000000000000000e+00,0.0000000000000000e+00,0.0000000000000000e+00
9.2329545454545456e-02,3.0681818181818182e-01,0.0000000000000000e+00,0.0000000000000000e+00,0.0000000000000000e+00
9.2329545454545456e-02,3.2954545454545453e-01,0.0000000000000000e+00,0.0000000000000000e+00,0.0000000000000000e+00
9.2329545454545456e-02,3.5227272727272729e-01,0.0000000000000000e+00,0.0000000000000000e+00,0.0000000000000000e+00
9.2329545454545456e-02,3.7500000000000000e-01,0.0000000000000000e+00,0.0000000000000000e+00,0.0000000000000000e+00
9.2329545454545456e-02,3.9772727272727271e-01,0.0000000000000000e+00,0.0000000000000000e+00,0.0000000000000000e+00
9.2329545454545456e-02,4.2045454545454547e-01,0.0000000000000000e+00,0.0000000000000000e+00,0.0000000000000000e+00
9.2329545454545456e-02,4.4318181818181818e-01,0.0000000000000000e+00,0.0000000000000000e+00,0.0000000000000000e+00
9.2329545454545456e-02,4.6590909090909088e-01,0.0000000000000000e+00,0.0000000000000000e+00,0.0000000000000000e+00
9.2329545454545456e-02,4.8863636363636365e-01,0.0000000000000000e+00,0.0000000000000000e+00,0.0000000000000000e+00
9.2329545454545456e-02,5.1136363636363635e-01,0.0000000000000000e+00,0.0000000000000000e+00,0.0000000000000000e+00
9.2329545454545456e-02,5.3409090909090906e-01,0.0000000000000000e+00,0.0000000000000000e+00,0.0000000000000000e+00
9.2329545454545456e-02,5.5681818181818177e-01,0.0000000000000000e+00,0.0000000000000000e+00,0.0000000000000000e+00
9.2329545454545456e-02,5.7954545454545459e-01,0.0000000000000000e+00,0.0000000000000000e+00,0.0000000000000000e+00
9.2329545454545456e-02,6.0227272727272729e-01,0.0000000000000000e+00,0.0000000000000000e+00,0.0000000000000000e+00
9.2329545454545456e-02,6.2500000000000000e-01,0.0000000000000000e+00,0.0000000000000000e+00,0.0000000000000000e+00
9.2329545454545456e-02,6.4772727272727271e-01,0.0000000000000000e+00,0.0000000000000000e+00,0.0000000000000000e+00
9.2329545454545456e-02,6.7045454545454541e-01,0.0000000000000000e+00,0.0000000000000000e+00,0.0000000000000000e+00
9.2329545454545456e-02,6.9318181818181823e-01,0.0000000000000000e+00,0.0000000000000000e+00,0.0000000000000000e+00
9.2329545454545456e-02,7.1590909090909094e-01,0.0000000000000000e+00,0.0000000000000000e+00,0.0000000000000000e+00
9.2329545454545456e-02,7.3863636363636365e-01,0.0000000000000000e+00,0.0000000000000000e+00,0.0000000000000000e+00
9.2329545454545456e-02,7.6136363636363635e-01,0.0000000000000000e+00,0.0000000000000000e+00,0.0000000000000000e+00
9.2329545454545456e-02,7.8409090909090906e-01,0.0000000000000000e+00,0.0000000000000000e+00,0.0000000000000000e+00
9.2329545454545456e-02,8.0681818181818177e-01,0.0000000000000000e+00,0.0000000000000000e+00,0.0000000000000000e+00
9.2329545454545456e-02,8.2954545454545459e-01,0.0000000000000000e+00,0.0000000000000000e+00,0.0000000000000000e+00
9.2329545454545456e-02,8.5227272727272729e-01,0.0000000000000000e+00,0.0000000000000000e+00,0.0000000000000000e+00
9.2329545454545456e-02,8.7500000000000000e-01,0.0000000000000000e+00,0.0000000000000000e+00,0.0000000000000000e+00
9.2329545454545456e-02,8.9772727272727271e-01,0.0000000000000000e+00,0.0000000000000000e+00,0.0000000000000000e+00
9.2329545454545456e-02,9.2045454545454541e-01,0.0000000000000000e+00,0.0000000000000000e+00,0.0000000000000000e+00
9.2329545454545456e-02,9.4318181818181823e-01,0.0000000000000000e+00,0.0000000000000000e+00,0.0000000000000000e+00
9.2329545454545456e-02,9.6590909090909094e-01,0.0000000000000000e+00,0.0000000000000000e+00,0.0000000000000000e+00
9.2329545454545456e-02,9.8863636363636365e-01,0.0000000000000000e+00,0.0000000000000000e+00,0.0000000000000000e+00
1.0653409090909091e-01,1.1363636363636364e-02,0.0000000000000000e+00,0.0000000000000000e+00,0.0000000000000000e+00
1.0653409090909091e-01,3.4090909090909088e-02,0.0000000000000000e+00,0.0000000000000000e+00,0.0000000000000000e+00
1.0653409090909091e-01,5.6818181818181816e-02,0.0000000000000000e+00,0.0000000000000000e+00,0.0000000000000000e+00
1.0653409090909091e-01,7.9545454545454544e-02,0.0000000000000000e+00,0.0000000000000000e+00,0.0000000000000000e+00
1.0653409090909091e-01,1.0227272727272728e-01,0.0000000000000000e+00,0.0000000000000000e+00,0.0000000000000000e+00
1.0653409090909091e-01,1.2500000000000000e-01,0.0000000000000000e+00,0.0000000000000000e+00,0.0000000000000000e+00
1.0653409090909091e-01,1.4772727272727273e-01,0.0000000000000000e+00,0.0000000000000000e+00,0.0000000000000000e+00
1.0653409090909091e-01,1.7045454545454544e-01,0.0000000000000000e+00,0.0000000000000000e+00,0.0000000000000000e+00
1.0653409090909091e-01,1.9318181818181818e-01,0.0000000000000000e+00,0.0000000000000000e+00,0.0000000000000000e+00
1.0653409090909091e-01,2.1590909090909091e-01,0.0000000000000000e+00,0.0000000000000000e+00,0.0000000000000000e+00
1.0653409090909091e-01,2.3863636363636365e-01,0.0000000000000000e+00,0.0000000000000000e+00,0.0000000000000000e+00
1.0653409090909091e-01,2.6136363636363635e-01,0.0000000000000000e+00,0.0000000000000000e+00,0.0000000000000000e+00
1.0653409090909091e-01,2.8409090909090912e-01,0.0000000000000000e+00,0.0000000000000000e+00,0.0000000000000000e+00
1.0653409090909091e-01,3.0681818181818182e-01,0.0000000000000000e+00,0.0000000000000000e+00,0.0000000000000000e+00
1.0653409090909091e-01,3.2954545454545453e-01,0.0000000000000000e+00,0.0000000000000000e+00,0.0000000000000000e+00
1.0653409090909091e-01,3.5227272727272729e-01,0.0000000000000000e+00,0.0000000000000000e+00,0.0000000000000000e+00
1.0653409090909091e-01,3.7500000000000000e-01,0.0000000000000000e+00,0.0000000000000000e+00,0.0000000000000000e+00
1.0653409090909091e-01,3.9772727272727271e-01,0.0000000000000000e+00,0.0000000000000000e+00,0.0000000000000000e+00
1.0653409090909091e-01,4.2045454545454547e-01,0.0000000000000000e+00,0.0000000000000000e+00,0.0000000000000000e+00
1.0653409090909091e-01,4.4318181818181818e-01,0.0000000000000000e+00,0.0000000000000000e+00,0.0000000000000000e+00
1.0653409090909091e-01,4.6590909090909088e-01,0.0000000000000000e+00,0.0000000000000000e+00,0.0000000000000000e+00
1.0653409090909091e-01,4.8863636363636365e-01,0.0000000000000000e+00,0.0000000000000000e+00,0.0000000000000000e+00
1.0653409090909091e-01,5.1136363636363635e-01,0.0000000000000000e+00,0.0000000000000000e+00,0.0000000000000000e+00
1.0653409090909091e-01,5.3409090909090906e-01,0.0000000000000000e+00,0.0000000000000000e+00,0.0000000000000000e+00
1.0653409090909091e-01,5.5681818181818177e-01,0.0000000000000000e+00,0.0000000000000000e+00,0.0000000000000000e+00
1.0653409090909091e-01,5.7954545454545459e-01,0.0000000000000000e+00,0.0000000000000000e+00,0.0000000000000000e+00
1.0653409090909091e-01,6.0227272727272729e-01,0.0000000000000000e+00,0.0000000000000000e+00,0.0000000000000000e+00
1.0653409090909091e-01,6.2500000000000000e-01,0.0000000000000000e+00,0.0000000000000000e+00,0.0000000000000000e+00
1.0653409090909091e-01,6.4772727272727271e-01,0.0000000000000000e+00,0.0000000000000000e+00,0.0000000000000000e+00
1.0653409090909091e-01,6.7045454545454541e-01,0.0000000000000000e+00,0.0000000000000000e+00,0.0000000000000000e+00
1.0653409090909091e-01,6.9318181818181823e-01,0.0000000000000000e+00,0.0000000000000000e+00,0.0000000000000000e+00
1.0653409090909091e-01,7.1590909090909094e-01,0.0000000000000000e+00,0.0000000000000000e+00,0.0000000000000000e+00
1.0653409090909091e-01,7.3863636363636365e-01,0.0000000000000000e+00,0.0000000000000000e+00,0.0000000000000000e+00
1.0653409090909091e-01,7.6136363636363635e-01,0.0000000000000000e+00,0.0000000000000000e+00,0.0000000000000000e+00
1.0653409090909091e-01,7.8409090909090906e-01,0.0000000000000000e+00,0.0000000000000000e+00,0.0000000000000000e+00
1.0653409090909091e-01,8.0681818181818177e-01,0.0000000000000000e+00,0.0000000000000000e+00,0.0000000000000000e+00
1.0653409090909091e-01,8.2954545454545459e-01,0.0000000000000000e+00,0.0000000000000000e+00,0.0000000000000000e+00
1.0653409090909091e-01,8.5227272727272729e-01,0.0000000000000000e+00,0.0000000000000000e+00,0.0000000000000000e+00
1.0653409090909091e-01,8.7500000000000000e-01,0.0000000000000000e+00,0.0000000000000000e+00,0.0000000000000000e+00
1.0653409090909091e-01,8.9772727272727271e-01,0.0000000000000000e+00,0.0000000000000000e+00,0.0000000000000000e+00
1.0653409090909091e-01,9.2045454545454541e-01,0.0000000000000000e+00,0.0000000000000000e+00,0.0000000000000000e+00
1.0653409090909091e-01,9.4318181818181823e-01,0.0000000000000000e+00,0.0000000000000000e+00,0.0000000000000000e+00
1.0653409090909091e-01,9.6590909090909094e-01,0.0000000000000000e+00,0.0000000000000000e+00,0.0000000000000000e+00
1.0653409090909091e-01,9.8863636363636365e-01,0.0000000000000000e+00,0.0000000000000000e+00,0.0000000000000000e+00
1.2073863636363637e-01,1.1363636363636364e-02,0.0000000000000000e+00,0.0000000000000000e+00,0.0000000000000000e+00
1.2073863636363637e-01,3.4090909090909088e-02,0.0000000000000000e+00,0.0000000000000000e+00,0.0000000000000000e+00
1.2073863636363637e-01,5.6818181818181816e-02,0.0000000000000000e+00,0.0000000000000000e+00,0.0000000000000000e+00
1.2073863636363637e-01,7.9545454545454544e-02,0.0000000000000000e+00,0.0000000000000000e+00,0.0000000000000000e+00
1.2073863636363637e-01,1.0227272727272728e-01,0.0000000000000000e+00,0.0000000000000000e+00,0.0000000000000000e+00
1.2073863636363637e-01,1.2500000000000000e-01,0.0000000000000000e+00,0.0000000000000000e+00,0.0000000000000000e+00
1.2073863636363637e-01,1.4772727272727273e-01,0.0000000000000000e+00,0.0000000000000000e+00,0.0000000000000000e+00
1.2073863636363637e-01,1.7045454545454544e-01,0.0000000000000000e+00,0.0000000000000000e+00,0.0000000000000000e+00
1.2073863636363637e-01,1.9318181818181818e-01,0.0000000000000000e+00,0.0000000000000000e+00,0.0000000000000000e+00
1.2073863636363637e-01,2.1590909090909091e-01,0.0000000000000000e+00,0.0000000000000000e+00,0.0000000000000000e+00
1.2073863636363637e-01,2.3863636363636365e-01,0.0000000000000000e+00,0.0000000000000000e+00,0.0000000000000000e+00
1.2073863636363637e-01,2.6136363636363635e-01,0.0000000000000000e+00,0.0000000000000000e+00,0.0000000000000000e+00
1.2073863636363637e-01,2.8409090909090912e-01,0.0000000000000000e+00,0.0000000000000000e+00,0.0000000000000000e+00
1.2073863636363637e-01,3.0681818181818182e-01,0.0000000000000000e+00,0.0000000000000000e+00,0.0000000000000000e+00
1.2073863636363637e-01,3.2954545454545453e-01,0.0000000000000000e+00,0.0000000000000000e+00,0.0000000000000000e+00
1.2073863636363637e-01,3.5227272727272729e-01,0.0000000000000000e+00,0.0000000000000000e+00,0.0000000000000000e+00
1.2073863636363637e-01,3.7500000000000000e-01,0.0000000000000000e+00,0.0000000000000000e+00,0.0000000000000000e+00
1.2073863636363637e-01,3.9772727272727271e-01,0.0000000000000000e+00,0.0000000000000000e+00,0.0000000000000000e+00
1.2073863636363637e-01,4.2045454545454547e-01,0.0000000000000000e+00,0.0000000000000000e+00,0.0000000000000000e+00
1.2073863636363637e-01,4.4318181818181818e-01,0.0000000000000000e+00,0.0000000000000000e+00,0.0000000000000000e+00
1.2073863636363637e-01,4.6590909090909088e-01,0.0000000000000000e+00,0.0000000000000000e+00,0.0000000000000000e+00
1.2073863636363637e-01,4.8863636363636365e-01,0.0000000000000000e+00,0.0000000000000000e+00,0.0000000000000000e+00
1.2073863636363637e-01,5.1136363636363635e-01,0.0000000000000000e+00,0.0000000000000000e+00,0.0000000000000000e+00
1.2073863636363637e-01,5.3409090909090906e-01,0.0000000000000000e+00,0.0000000000000000e+00,0.0000000000000000e+00
1.2073863636363637e-01,5.5681818181818177e-01,0.0000000000000000e+00,0.0000000000000000e+00,0.0000000000000000e+00
1.2073863636363637e-01,5.7954545454545459e-01,0.0000000000000000e+00,0.0000000000000000e+00,0.0000000000000000e+00
1.2073863636363637e-01,6.0227272727272729e-01,0.0000000000000000e+00,0.0000000000000000e+00,0.0000000000000000e+00
1.2073863636363637e-01,6.2500000000000000e-01,0.0000000000000000e+00,0.0000000000000000e+00,0.0000000000000000e+00
1.2073863636363637e-01,6.4772727272727271e-01,0.0000000000000000e+00,0.0000000000000000e+00,0.0000000000000000e+00
1.2073863636363637e-01,6.7045454545454541e-01,0.0000000000000000e+00,0.0000000000000000e+00,0.0000000000000000e+00
1.2073863636363637e-01,6.9318181818181823e-01,0.0000000000000000e+00,0.0000000000000000e+00,0.0000000000000000e+00
1.2073863636363637e-01,7.1590909090909094e-01,0.0000000000000000e+00,0.0000000000000000e+00,0.0000000000000000e+00
1.2073863636363637e-01,7.3863636363636365e-01,0.0000000000000000e+00,0.0000000000000000e+00,0.0000000000000000e+00
1.2073863636363637e-01,7.6136363636363635e-01,0.0000000000000000e+00,0.0000000000000000e+00,0.0000000000000000e+00
1.2073863636363637e-01,7.8409090909090906e-01,0.0000000000000000e+00,0.0000000000000000e+00,0.0000000000000000e+00
1.2073863636363637e-01,8.0681818181818177e-01,0.0000000000000000e+00,0.0000000000000000e+00,0.0000000000000000e+00
1.2073863636363637e-01,8.2954545454545459e-01,0.0000000000000000e+00,0.0000000000000000e+00,0.0000000000000000e+00
1.2073863636363637e-01,8.5227272727272729e-01,0.0000000000000000e+00,0.0000000000000000e+00,0.0000000000000000e+00
1.2073863636363637e-01,8.7500000000000000e-01,0.0000000000000000e+00,0.0000000000000000e+00,0.0000000000000000e+00
1.2073863636363637e-01,8.9772727272727271e-01,0.0000000000000000e+00,0.0000000000000000e+00,0.0000000000000000e+00
1.2073863636363637e-01,9.2045454545454541e-01,0.0000000000000000e+00,0.0000000000000000e+00,0.0000000000000000e+00
1.2073863636363637e-01,9.4318181818181823e-01,0.0000000000000000e+00,0.0000000000000000e+00,0.0000000000000000e+00
1.2073863636363637e-01,9.6590909090909094e-01,0.0000000000000000e+00,0.0000000000000000e+00,0.0000000000000000e+00
1.2073863636363637e-01,9.8863636363636365e-01,0.0000000000000000e+00,0.0000000000000000e+00,0.0000000000000000e+00
1.3494318181818182e-01,1.1363636363636364e-02,0.0000000000000000e+00,0.0000000000000000e+00,0.0000000000000000e+00
1.3494318181818182e-01,3.4090909090909088e-02,0.0000000000000000e+00,0.0000000000000000e+00,0.0000000000000000e+00
1.3494318181818182e-01,5.6818181818181816e-02,0.0000000000000000e+00,0.0000000000000000e+00,0.0000000000000000e+00
1.3494318181818182e-01,7.9545454545454544e-02,0.0000000000000000e+00,0.0000000000000000e+00,0.0000000000000000e+00
1.3494318181818182e-01,1.0227272727272728e-01,0.0000000000000000e+00,0.0000000000000000e+00,0.0000000000000000e+00
1.3494318181818182e-01,1.2500000000000000e-01,0.0000000000000000e+00,0.0000000000000000e+00,0.0000000000000000e+00
1.3494318181818182e-01,1.4772727272727273e-01,0.0000000000000000e+00,0.0000000000000000e+00,0.0000000000000000e+00
1.3494318181818182e-01,1.7045454545454544e-01,0.0000000000000000e+00,0.0000000000000000e+00,0.0000000000000000e+00
1.3494318181818182e-01,1.9318181818181818e-01,0.0000000000000000e+00,0.0000000000000000e+00,0.0000000000000000e+00
1.3494318181818182e-01,2.1590909090909091e-01,0.0000000000000000e+00,0.0000000000000000e+00,0.0000000000000000e+00
1.3494318181818182e-01,2.3863636363636365e-01,0.0000000000000000e+00,0.0000000000000000e+00,0.0000000000000000e+00
1.3494318181818182e-01,2.6136363636363635e-01,0.0000000000000000e+00,0.0000000000000000e+00,0.0000000000000000e+00
1.3494318181818182e-01,2.8409090909090912e-01,0.0000000000000000e+00,0.0000000000000000e+00,0.0000000000000000e+00
1.3494318181818182e-01,3.0681818181818182e-01,0.0000000000000000e+00,0.0000000000000000e+00,0.0000000000000000e+00
1.3494318181818182e-01,3.2954545454545453e-01,0.0000000000000000e+00,0.0000000000000000e+00,0.0000000000000000e+00
1.3494318181818182e-01,3.5227272727272729e-01,0.0000000000000000e+00,0.0000000000000000e+00,0.0000000000000000e+00
1.3494318181818182e-01,3.7500000000000000e-01,0.0000000000000000e+00,0.0000000000000000e+00,0.0000000000000000e+00
1.3494318181818182e-01,3.9772727272727271e-01,0.0000000000000000e+00,0.0000000000000000e+00,0.0000000000000000e+00
1.3494318181818182e-01,4.2045454545454547e-01,0.0000000000000000e+00,0.0000000000000000e+00,0.0000000000000000e+00
1.3494318181818182e-01,4.4318181818181818e-01,0.0000000000000000e+00,0.0000000000000000e+00,0.0000000000000000e+00
1.3494318181818182e-01,4.6590909090909088e-01,0.0000000000000000e+00,0.0000000000000000e+00,0.0000000000000000e+00
1.3494318181818182e-01,4.8863636363636365e-01,0.0000000000000000e+00,0.0000000000000000e+00,0.0000000000000000e+00
1.3494318181818182e-01,5.1136363636363635e-01,0.0000000000000000e+00,0.0000000000000000e+00,0.0000000000000000e+00
1.3494318181818182e-01,5.3409090909090906e-01,0.0000000000000000e+00,0.0000000000000000e+00,0.0000000000000000e+00
1.3494318181818182e-01,5.5681818181818177e-01,0.0000000000000000e+00,0.0000000000000000e+00,0.0000000000000000e+00
1.3494318181818182e-01,5.7954545454545459e-01,0.0000000000000000e+00,0.0000000000000000e+00,0.0000000000000000e+00
1.3494318181818182e-01,6.0227272727272729e-01,0.0000000000000000e+00,0.0000000000000000e+00,0.0000000000000000e+00
1.3494318181818182e-01,6.2500000000000000e-01,0.0000000000000000e+00,0.0000000000000000e+00,0.0000000000000000e+00
1.3494318181818182e-01,6.4772727272727271e-01,0.0000000000000000e+00,0.0000000000000000e+00,0.0000000000000000e+00
1.3494318181818182e-01,6.7045454545454541e-01,0.0000000000000000e+00,0.0000000000000000e+00,0.0000000000000000e+00
1.3494318181818182e-01,6.9318181818181823e-01,0.0000000000000000e+00,0.0000000000000000e+00,0.0000000000000000e+00
1.3494318181818182e-01,7.1590909090909094e-01,0.0000000000000000e+00,0.0000000000000000e+00,0.0000000000000000e+00
1.3494318181818182e-01,7.3863636363636365e-01,0.0000000000000000e+00,0.0000000000000000e+00,0.0000000000000000e+00
1.3494318181818182e-01,7.6136363636363635e-01,0.0000000000000000e+00,0.0000000000000000e+00,0.0000000000000000e+00
1.3494318181818182e-01,7.8409090909090906e-01,0.0000000000000000e+00,0.0000000000000000e+00,0.0000000000000000e+00
1.3494318181818182e-01,8.0681818181818177e-01,0.0000000000000000e+00,0.0000000000000000e+00,0.0000000000000000e+00
1.3494318181818182e-01,8.2954545454545459e-01,0.0000000000000000e+00,0.0000000000000000e+00,0.0000000000000000e+00
1.3494318181818182e-01,8.5227272727272729e-01,0.0000000000000000e+00,0.0000000000000000e+00,0.0000000000000000e+00
1.3494318181818182e-01,8.7500000000000000e-01,0.0000000000000000e+00,0.0000000000000000e+00,0.0000000000000000e+00
1.3494318181818182e-01,8.9772727272727271e-01,0.0000000000000000e+00,0.0000000000000000e+00,0.0000000000000000e+00
1.3494318181818182e-01,9.2045454545454541e-01,0.0000000000000000e+00,0.0000000000000000e+00,0.0000000000000000e+00
1.3494318181818182e-01,9.4318181818181823e-01,0.0000000000000000e+00,0.0000000000000000e+00,0.0000000000000000e+00
1.3494318181818182e-01,9.6590909090909094e-01,0.0000000000000000e+00,0.0000000000000000e+00,0.0000000000000000e+00
1.3494318181818182e-01,9.8863636363636365e-01,0.0000000000000000e+00,0.0000000000000000e+00,0.0000000000000000e+00
1.4914772727272727e-01,1.1363636363636364e-02,0.0000000000000000e+00,0.0000000000000000e+00,0.0000000000000000e+00
1.4914772727272727e-01,3.4090909090909088e-02,0.0000000000000000e+00,0.0000000000000000e+00,0.0000000000000000e+00
1.4914772727272727e-01,5.6818181818181816e-02,0.0000000000000000e+00,0.0000000000000000e+00,0.0000000000000000e+00
1.4914772727272727e-01,7.9545454545454544e-02,0.0000000000000000e+00,0.0000000000000000e+00,0.0000000000000000e+00
1.4914772727272727e-01,1.0227272727272728e-01,0.0000000000000000e+00,0.0000000000000000e+00,0.0000000000000000e+00
1.4914772727272727e-01,1.2500000000000000e-01,0.0000000000000000e+00,0.0000000000000000e+00,0.0000000000000000e+00
1.4914772727272727e-01,1.4772727272727273e-01,0.0000000000000000e+00,0.0000000000000000e+00,0.0000000000000000e+00
1.4914772727272727e-01,1.7045454545454544e-01,0.0000000000000000e+00,0.0000000000000000e+00,0.0000000000000000e+00
1.4914772727272727e-01,1.9318181818181818e-01,0.0000000000000000e+00,0.0000000000000000e+00,0.0000000000000000e+00
1.4914772727272727e-01,2.1590909090909091e-01,0.0000000000000000e+00,0.0000000000000000e+00,0.0000000000000000e+00
1.4914772727272727e-01,2.3863636363636365e-01,0.0000000000000000e+00,0.0000000000000000e+00,0.0000000000000000e+00
1.4914772727272727e-01,2.6136363636363635e-01,0.0000000000000000e+00,0.0000000000000000e+00,0.0000000000000000e+00
1.4914772727272727e-01,2.8409090909090912e-01,0.0000000000000000e+00,0.0000000000000000e+00,0.0000000000000000e+00
1.4914772727272727e-01,3.0681818181818182e-01,0.0000000000000000e+00,0.0000000000000000e+00,0.0000000000000000e+00
1.4914772727272727e-01,3.2954545454545453e-01,0.0000000000000000e+00,0.0000000000000000e+00,0.0000000000000000e+00
1.4914772727272727e-01,3.5227272727272729e-01,0.0000000000000000e+00,0.0000000000000000e+00,0.0000000000000000e+00
1.4914772727272727e-01,3.7500000000000000e-01,0.0000000000000000e+00,0.0000000000000000e+00,0.0000000000000000e+00
1.4914772727272727e-01,3.9772727272727271e-01,0.0000000000000000e+00,0.0000000000000000e+00,0.0000000000000000e+00
1.4914772727272727e-01,4.2045454545454547e-01,0.0000000000000000e+00,0.0000000000000000e+00,0.0000000000000000e+00
1.4914772727272727e-01,4.4318181818181818e-01,0.0000000000000000e+00,0.0000000000000000e+00,0.0000000000000000e+00
1.4914772727272727e-01,4.6590909090909088e-01,0.0000000000000000e+00,0.0000000000000000e+00,0.0000000000000000e+00
1.4914772727272727e-01,4.8863636363636365e-01,0.0000000000000000e+00,0.0000000000000000e+00,0.0000000000000000e+00
1.4914772727272727e-01,5.1136363636363635e-01,0.0000000000000000e+00,0.0000000000000000e+00,0.0000000000000000e+00
1.4914772727272727e-01,5.3409090909090906e-01,0.0000000000000000e+00,0.0000000000000000e+00,0.0000000000000000e+00
1.4914772727272727e-01,5.5681818181818177e-01,0.0000000000000000e+00,0.0000000000000000e+00,0.0000000000000000e+00
1.4914772727272727e-01,5.7954545454545459e-01,0.0000000000000000e+00,0.0000000000000000e+00,0.0000000000000000e+00
1.4914772727272727e-01,6.0227272727272729e-01,0.0000000000000000e+00,0.0000000000000000e+00,0.0000000000000000e+00
1.4914772727272727e-01,6.2500000000000000e-01,0.0000000000000000e+00,0.0000000000000000e+00,0.0000000000000000e+00
1.4914772727272727e-01,6.4772727272727271e-01,0.0000000000000000e+00,0.0000000000000000e+00,0.0000000000000000e+00
1.4914772727272727e-01,6.7045454545454541e-01,0.0000000000000000e+00,0.0000000000000000e+00,0.0000000000000000e+00
1.4914772727272727e-01,6.9318181818181823e-01,0.0000000000000000e+00,0.0000000000000000e+00,0.0000000000000000e+00
1.4914772727272727e-01,7.1590909090909094e-01,0.0000000000000000e+00,0.0000000000000000e+00,0.0000000000000000e+00
1.4914772727272727e-01,7.3863636363636365e-01,0.0000000000000000e+00,0.0000000000000000e+00,0.0000000000000000e+00
1.4914772727272727e-01,7.6136363636363635e-01,0.0000000000000000e+00,0.0000000000000000e+00,0.0000000000000000e+00
1.4914772727272727e-01,7.8409090909090906e-01,0.0000000000000000e+00,0.0000000000000000e+00,0.0000000000000000e+00
1.4914772727272727e-01,8.0681818181818177e-01,0.0000000000000000e+00,0.0000000000000000e+00,0.0000000000000000e+00
1.4914772727272727e-01,8.2954545454545459e-01,0.0000000000000000e+00,0.0000000000000000e+00,0.0000000000000000e+00
1.4914772727272727e-01,8.5227272727272729e-01,0.0000000000000000e+00,0.0000000000000000e+00,0.0000000000000000e+00
1.4914772727272727e-01,8.7500000000000000e-01,0.0000000000000000e+00,0.0000000000000000e+00,0.0000000000000000e+00
1.4914772727272727e-01,8.9772727272727271e-01,0.0000000000000000e+00,0.0000000000000000e+00,0.0000000000000000e+00
1.4914772727272727e-01,9.2045454545454541e-01,0.0000000000000000e+00,0.0000000000000000e+00,0.0000000000000000e+00
1.4914772727272727e-01,9.4318181818181823e-01,0.0000000000000000e+00,0.0000000000000000e+00,0.0000000000000000e+00
1.4914772727272727e-01,9.6590909090909094e-01,0.0000000000000000e+00,0.0000000000000000e+00,0.0000000000000000e+00
1.4914772727272727e-01,9.8863636363636365e-01,0.0000000000000000e+00,0.0000000000000000e+00,0.0000000000000000e+00
1.6335227272727273e-01,1.1363636363636364e-02,0.0000000000000000e+00,0.0000000000000000e+00,0.0000000000000000e+00
1.6335227272727273e-01,3.4090909090909088e-02,0.0000000000000000e+00,0.0000000000000000e+00,0.0000000000000000e+00
1.6335227272727273e-01,5.6818181818181816e-02,0.0000000000000000e+00,0.0000000000000000e+00,0.0000000000000000e+00
1.6335227272727273e-01,7.9545454545454544e-02,0.0000000000000000e+00,0.0000000000000000e+00,0.0000000000000000e+00
1.6335227272727273e-01,1.0227272727272728e-01,0.0000000000000000e+00,0.0000000000000000e+00,0.0000000000000000e+00
1.6335227272727273e-01,1.2500000000000000e-01,0.0000000000000000e+00,0.0000000000000000e+00,0.0000000000000000e+00
1.6335227272727273e-01,1.4772727272727273e-01,0.0000000000000000e+00,0.0000000000000000e+00,0.0000000000000000e+00
1.6335227272727273e-01,1.7045454545454544e-01,0.0000000000000000e+00,0.0000000000000000e+00,0.0000000000000000e+00
1.6335227272727273e-01,1.9318181818181818e-01,0.0000000000000000e+00,0.0000000000000000e+00,0.0000000000000000e+00
1.6335227272727273e-01,2.1590909090909091e-01,0.0000000000000000e+00,0.0000000000000000e+00,0.0000000000000000e+00
1.6335227272727273e-01,2.3863636363636365e-01,0.0000000000000000e+00,0.0000000000000000e+00,0.0000000000000000e+00
1.6335227272727273e-01,2.6136363636363635e-01,0.0000000000000000e+00,0.0000000000000000e+00,0.0000000000000000e+00
1.6335227272727273e-01,2.8409090909090912e-01,0.0000000000000000e+00,0.0000000000000000e+00,0.0000000000000000e+00
1.6335227272727273e-01,3.0681818181818182e-01,0.0000000000000000e+00,0.0000000000000000e+00,0.0000000000000000e+00
1.6335227272727273e-01,3.2954545454545453e-01,0.0000000000000000e+00,0.0000000000000000e+00,0.0000000000000000e+00
1.6335227272727273e-01,3.5227272727272729e-01,0.0000000000000000e+00,0.0000000000000000e+00,0.0000000000000000e+00
1.6335227272727273e-01,3.7500000000000000e-01,0.0000000000000000e+00,0.0000000000000000e+00,0.0000000000000000e+00
1.6335227272727273e-01,3.9772727272727271e-01,0.0000000000000000e+00,0.0000000000000000e+00,0.0000000000000000e+00
1.6335227272727273e-01,4.2045454545454547e-01,0.0000000000000000e+00,0.0000000000000000e+00,0.0000000000000000e+00
1.6335227272727273e-01,4.4318181818181818e-01,0.0000000000000000e+00,0.0000000000000000e+00,0.0000000000000000e+00
1.6335227272727273e-01,4.6590909090909088e-01,0.0000000000000000e+00,0.0000000000000000e+00,0.0000000000000000e+00
1.6335227272727273e-01,4.8863636363636365e-01,0.0000000000000000e+00,0.0000000000000000e+00,0.0000000000000000e+00
1.6335227272727273e-01,5.1136363636363635e-01,0.0000000000000000e+00,0.0000000000000000e+00,0.0000000000000000e+00
1.6335227272727273e-01,5.3409090909090906e-01,0.0000000000000000e+00,0.0000000000000000e+00,0.0000000000000000e+00
1.6335227272727273e-01,5.5681818181818177e-01,0.0000000000000000e+00,0.0000000000000000e+00,0.0000000000000000e+00
1.6335227272727273e-01,5.7954545454545459e-01,0.0000000000000000e+00,0.0000000000000000e+00,0.0000000000000000e+00
1.6335227272727273e-01,6.0227272727272729e-01,0.0000000000000000e+00,0.0000000000000000e+00,0.0000000000000000e+00
1.6335227272727273e-01,6.2500000000000000e-01,0.0000000000000000e+00,0.0000000000000000e+00,0.0000000000000000e+00
1.6335227272727273e-01,6.4772727272727271e-01,0.0000000000000000e+00,0.0000000000000000e+00,0.0000000000000000e+00
1.6335227272727273e-01,6.7045454545454541e-01,0.0000000000000000e+00,0.0000000000000000e+00,0.0000000000000000e+00
1.6335227272727273e-01,6.9318181818181823e-01,0.0000000000000000e+00,0.0000000000000000e+00,0.0000000000000000e+00
1.6335227272727273e-01,7.1590909090909094e-01,0.0000000000000000e+00,0.0000000000000000e+00,0.0000000000000000e+00
1.6335227272727273e-01,7.3863636363636365e-01,0.0000000000000000e+00,0.0000000000000000e+00,0.0000000000000000e+00
1.6335227272727273e-01,7.6136363636363635e-01,0.0000000000000000e+00,0.0000000000000000e+00,0.0000000000000000e+00
1.6335227272727273e-01,7.8409090909090906e-01,0.0000000000000000e+00,0.0000000000000000e+00,0.0000000000000000e+00
1.6335227272727273e-01,8.0681818181818177e-01,0.0000000000000000e+00,0.0000000000000000e+00,0.0000000000000000e+00
1.6335227272727273e-01,8.2954545454545459e-01,0.0000000000000000e+00,0.0000000000000000e+00,0.0000000000000000e+00
1.6335227272727273e-01,8.5227272727272729e-01,0.0000000000000000e+00,0.0000000000000000e+00,0.0000000000000000e+00
1.6335227272727273e-01,8.7500000000000000e-01,0.0000000000000000e+00,0.0000000000000000e+00,0.0000000000000000e+00
1.6335227272727273e-01,8.9772727272727271e-01,0.0000000000000000e+00,0.0000000000000000e+00,0.0000000000000000e+00
1.6335227272727273e-01,9.2045454545454541e-01,0.0000000000000000e+00,0.0000000000000000e+00,0.0000000000000000e+00
1.6335227272727273e-01,9.4318181818181823e-01,0.0000000000000000e+00,0.0000000000000000e+00,0.0000000000000000e+00
1.6335227272727273e-01,9.6590909090909094e-01,0.0000000000000000e+00,0.0000000000000000e+00,0.0000000000000000e+00
1.6335227272727273e-01,9.8863636363636365e-01,0.0000000000000000e+00,0.0000000000000000e+00,0.0000000000000000e+00
1.7755681818181818e-01,1.1363636363636364e-02,0.0000000000000000e+00,0.0000000000000000e+00,0.0000000000000000e+00
1.7755681818181818e-01,3.4090909090909088e-02,0.0000000000000000e+00,0.0000000000000000e+00,0.0000000000000000e+00
1.7755681818181818e-01,5.6818181818181816e-02,0.0000000000000000e+00,0.0000000000000000e+00,0.0000000000000000e+00
1.7755681818181818e-01,7.9545454545454544e-02,0.0000000000000000e+00,0.0000000000000000e+00,0.0000000000000000e+00
1.7755681818181818e-01,1.0227272727272728e-01,0.0000000000000000e+00,0.0000000000000000e+00,0.0000000000000000e+00
1.7755681818181818e-01,1.2500000000000000e-01,0.0000000000000000e+00,0.0000000000000000e+00,0.0000000000000000e+00
1.7755681818181818e-01,1.4772727272727273e-01,0.0000000000000000e+00,0.0000000000000000e+00,0.0000000000000000e+00
1.7755681818181818e-01,1.7045454545454544e-01,0.0000000000000000e+00,0.0000000000000000e+00,0.0000000000000000e+00
1.7755681818181818e-01,1.9318181818181818e-01,0.0000000000000000e+00,0.0000000000000000e+00,0.0000000000000000e+00
1.7755681818181818e-01,2.1590909090909091e-01,0.0000000000000000e+00,0.0000000000000000e+00,0.0000000000000000e+00
1.7755681818181818e-01,2.3863636363636365e-01,0.0000000000000000e+00,0.0000000000000000e+00,0.0000000000000000e+00
1.7755681818181818e-01,2.6136363636363635e-01,0.0000000000000000e+00,0.0000000000000000e+00,0.0000000000000000e+00
1.7755681818181818e-01,2.8409090909090912e-01,0.0000000000000000e+00,0.0000000000000000e+00,0.0000000000000000e+00
1.7755681818181818e-01,3.0681818181818182e-01,0.0000000000000000e+00,0.0000000000000000e+00,0.0000000000000000e+00
1.7755681818181818e-01,3.2954545454545453e-01,0.0000000000000000e+00,0.0000000000000000e+00,0.0000000000000000e+00
1.7755681818181818e-01,3.5227272727272729e-01,0.0000000000000000e+00,0.0000000000000000e+00,0.0000000000000000e+00
1.7755681818181818e-01,3.7500000000000000e-01,0.0000000000000000e+00,0.0000000000000000e+00,0.0000000000000000e+00
1.7755681818181818e-01,3.9772727272727271e-01,0.0000000000000000e+00,0.0000000000000000e+00,0.0000000000000000e+00
1.7755681818181818e-01,4.2045454545454547e-01,0.0000000000000000e+00,0.0000000000000000e+00,0.0000000000000000e+00
1.7755681818181818e-01,4.4318181818181818e-01,0.0000000000000000e+00,0.0000000000000000e+00,0.0000000000000000e+00
1.7755681818181818e-01,4.6590909090909088e-01,0.0000000000000000e+00,0.0000000000000000e+00,0.0000000000000000e+00
1.7755681818181818e-01,4.8863636363636365e-01,0.0000000000000000e+00,0.0000000000000000e+00,0.0000000000000000e+00
1.7755681818181818e-01,5.1136363636363635e-01,0.0000000000000000e+00,0.0000000000000000e+00,0.0000000000000000e+00
1.7755681818181818e-01,5.3409090909090906e-01,0.0000000000000000e+00,0.0000000000000000e+00,0.0000000000000000e+00
1.7755681818181818e-01,5.5681818181818177e-01,0.0000000000000000e+00,0.0000000000000000e+00,0.0000000000000000e+00
1.7755681818181818e-01,5.7954545454545459e-01,0.0000000000000000e+00,0.0000000000000000e+00,0.0000000000000000e+00
1.7755681818181818e-01,6.0227272727272729e-01,0.0000000000000000e+00,0.0000000000000000e+00,0.0000000000000000e+00
1.7755681818181818e-01,6.2500000000000000e-01,0.0000000000000000e+00,0.0000000000000000e+00,0.0000000000000000e+00
1.7755681818181818e-01,6.4772727272727271e-01,0.0000000000000000e+00,0.0000000000000000e+00,0.0000000000000000e+00
1.7755681818181818e-01,6.7045454545454541e-01,0.0000000000000000e+00,0.0000000000000000e+00,0.0000000000000000e+00
1.7755681818181818e-01,6.9318181818181823e-01,0.0000000000000000e+00,0.0000000000000000e+00,0.0000000000000000e+00
1.7755681818181818e-01,7.1590909090909094e-01,0.0000000000000000e+00,0.0000000000000000e+00,0.0000000000000000e+00
1.7755681818181818e-01,7.3863636363636365e-01,0.0000000000000000e+00,0.0000000000000000e+00,0.0000000000000000e+00
1.7755681818181818e-01,7.6136363636363635e-01,0.0000000000000000e+00,0.0000000000000000e+00,0.0000000000000000e+00
1.7755681818181818e-01,7.8409090909090906e-01,0.0000000000000000e+00,0.0000000000000000e+00,0.0000000000000000e+00
1.7755681818181818e-01,8.0681818181818177e-01,0.0000000000000000e+00,0.0000000000000000e+00,0.0000000000000000e+00
1.7755681818181818e-01,8.2954545454545459e-01,0.0000000000000000e+00,0.0000000000000000e+00,0.0000000000000000e+00
1.7755681818181818e-01,8.5227272727272729e-01,0.0000000000000000e+00,0.0000000000000000e+00,0.0000000000000000e+00
1.7755681818181818e-01,8.7500000000000000e-01,0.0000000000000000e+00,0.0000000000000000e+00,0.0000000000000000e+00
1.7755681818181818e-01,8.9772727272727271e-01,0.0000000000000000e+00,0.0000000000000000e+00,0.0000000000000000e+00
1.7755681818181818e-01,9.2045454545454541e-01,0.0000000000000000e+00,0.0000000000000000e+00,0.0000000000000000e+00
1.7755681818181818e-01,9.4318181818181823e-01,0.0000000000000000e+00,0.0000000000000000e+00,0.0000000000000000e+00
1.7755681818181818e-01,9.6590909090909094e-01,0.0000000000000000e+00,0.0000000000000000e+00,0.0000000000000000e+00
1.7755681818181818e-01,9.8863636363636365e-01,0.0000000000000000e+00,0.0000000000000000e+00,0.0000000000000000e+00
1.9176136363636365e-01,1.1363636363636364e-02,0.0000000000000000e+00,0.0000000000000000e+00,0.0000000000000000e+00
1.9176136363636365e-01,3.4090909090909088e-02,0.0000000000000000e+00,0.0000000000000000e+00,0.0000000000000000e+00
1.9176136363636365e-01,5.6818181818181816e-02,0.0000000000000000e+00,0.0000000000000000e+00,0.0000000000000000e+00
1.9176136363636365e-01,7.9545454545454544e-02,0.0000000000000000e+00,0.0000000000000000e+00,0.0000000000000000e+00
1.9176136363636365e-01,1.0227272727272728e-01,0.0000000000000000e+00,0.0000000000000000e+00,0.0000000000000000e+00
1.9176136363636365e-01,1.2500000000000000e-01,0.0000000000000000e+00,0.0000000000000000e+00,0.0000000000000000e+00
1.9176136363636365e-01,1.4772727272727273e-01,0.0000000000000000e+00,0.0000000000000000e+00,0.0000000000000000e+00
1.9176136363636365e-01,1.7045454545454544e-01,0.0000000000000000e+00,0.0000000000000000e+00,0.0000000000000000e+00
1.9176136363636365e-01,1.9318181818181818e-01,0.0000000000000000e+00,0.0000000000000000e+00,0.0000000000000000e+00
1.9176136363636365e-01,2.1590909090909091e-01,0.0000000000000000e+00,0.0000000000000000e+00,0.0000000000000000e+00
1.9176136363636365e-01,2.3863636363636365e-01,0.0000000000000000e+00,0.0000000000000000e+00,0.0000000000000000e+00
1.9176136363636365e-01,2.6136363636363635e-01,0.0000000000000000e+00,0.0000000000000000e+00,0.0000000000000000e+00
1.9176136363636365e-01,2.8409090909090912e-01,0.0000000000000000e+00,0.0000000000000000e+00,0.0000000000000000e+00
1.9176136363636365e-01,3.0681818181818182e-01,0.0000000000000000e+00,0.0000000000000000e+00,0.0000000000000000e+00
1.9176136363636365e-01,3.2954545454545453e-01,0.0000000000000000e+00,0.0000000000000000e+00,0.0000000000000000e+00
1.9176136363636365e-01,3.5227272727272729e-01,0.0000000000000000e+00,0.0000000000000000e+00,0.0000000000000000e+00
1.9176136363636365e-01,3.7500000000000000e-01,0.0000000000000000e+00,0.0000000000000000e+00,0.0000000000000000e+00
1.9176136363636365e-01,3.9772727272727271e-01,0.0000000000000000e+00,0.0000000000000000e+00,0.0000000000000000e+00
1.9176136363636365e-01,4.2045454545454547e-01,0.0000000000000000e+00,0.0000000000000000e+00,0.0000000000000000e+00
1.9176136363636365e-01,4.4318181818181818e-01,0.0000000000000000e+00,0.0000000000000000e+00,0.0000000000000000e+00
1.9176136363636365e-01,4.6590909090909088e-01,0.0000000000000000e+00,0.0000000000000000e+00,0.0000000000000000e+00
1.9176136363636365e-01,4.8863636363636365e-01,0.0000000000000000e+00,0.0000000000000000e+00,0.0000000000000000e+00
1.9176136363636365e-01,5.1136363636363635e-01,0.0000000000000000e+00,0.0000000000000000e+00,0.0000000000000000e+00
1.9176136363636365e-01,5.3409090909090906e-01,0.0000000000000000e+00,0.0000000000000000e+00,0.0000000000000000e+00
1.9176136363636365e-01,5.5681818181818177e-01,0.0000000000000000e+00,0.0000000000000000e+00,0.0000000000000000e+00
1.9176136363636365e-01,5.7954545454545459e-01,0.0000000000000000e+00,0.0000000000000000e+00,0.0000000000000000e+00
1.9176136363636365e-01,6.0227272727272729e-01,0.0000000000000000e+00,0.0000000000000000e+00,0.0000000000000000e+00
1.9176136363636365e-01,6.2500000000000000e-01,0.0000000000000000e+00,0.0000000000000000e+00,0.0000000000000000e+00
1.9176136363636365e-01,6.4772727272727271e-01,0.0000000000000000e+00,0.0000000000000000e+00,0.0000000000000000e+00
1.9176136363636365e-01,6.7045454545454541e-01,0.0000000000000000e+00,0.0000000000000000e+00,0.0000000000000000e+00
1.9176136363636365e-01,6.9318181818181823e-01,0.0000000000000000e+00,0.0000000000000000e+00,0.0000000000000000e+00
1.9176136363636365e-01,7.1590909090909094e-01,0.0000000000000000e+00,0.0000000000000000e+00,0.0000000000000000e+00
1.9176136363636365e-01,7.3863636363636365e-01,0.0000000000000000e+00,0.0000000000000000e+00,0.0000000000000000e+00
1.9176136363636365e-01,7.6136363636363635e-01,0.0000000000000000e+00,0.0000000000000000e+00,0.0000000000000000e+00
1.9176136363636365e-01,7.8409090909090906e-01,0.0000000000000000e+00,0.0000000000000000e+00,0.0000000000000000e+00
1.9176136363636365e-01,8.0681818181818177e-01,0.0000000000000000e+00,0.0000000000000000e+00,0.0000000000000000e+00
1.9176136363636365e-01,8.2954545454545459e-01,0.0000000000000000e+00,0.0000000000000000e+00,0.0000000000000000e+00
1.9176136363636365e-01,8.5227272727272729e-01,0.0000000000000000e+00,0.0000000000000000e+00,0.0000000000000000e+00
1.9176136363636365e-01,8.7500000000000000e-01,0.0000000000000000e+00,0.0000000000000000e+00,0.0000000000000000e+00
1.9176136363636365e-01,8.9772727272727271e-01,0.0000000000000000e+00,0.0000000000000000e+00,0.0000000000000000e+00
1.9176136363636365e-01,9.2045454545454541e-01,0.0000000000000000e+00,0.0000000000000000e+00,0.0000000000000000e+00
1.9176136363636365e-01,9.4318181818181823e-01,0.0000000000000000e+00,0.0000000000000000e+00,0.0000000000000000e+00
1.9176136363636365e-01,9.6590909090909094e-01,0.0000000000000000e+00,0.0000000000000000e+00,0.0000000000000000e+00
1.9176136363636365e-01,9.8863636363636365e-01,0.0000000000000000e+00,0.0000000000000000e+00,0.0000000000000000e+00
2.0596590909090909e-01,1.1363636363636364e-02,0.0000000000000000e+00,0.0000000000000000e+00,0.0000000000000000e+00
2.0596590909090909e-01,3.4090909090909088e-02,0.0000000000000000e+00,0.0000000000000000e+00,0.0000000000000000e+00
2.0596590909090909e-01,5.6818181818181816e-02,0.0000000000000000e+00,0.0000000000000000e+00,0.0000000000000000e+00
2.0596590909090909e-01,7.9545454545454544e-02,0.0000000000000000e+00,0.0000000000000000e+00,0.0000000000000000e+00
2.0596590909090909e-01,1.0227272727272728e-01,0.0000000000000000e+00,0.0000000000000000e+00,0.0000000000000000e+00
2.0596590909090909e-01,1.2500000000000000e-01,0.0000000000000000e+00,0.0000000000000000e+00,0.0000000000000000e+00
2.0596590909090909e-01,1.4772727272727273e-01,0.0000000000000000e+00,0.0000000000000000e+00,0.0000000000000000e+00
2.0596590909090909e-01,1.7045454545454544e-01,0.0000000000000000e+00,0.0000000000000000e+00,0.0000000000000000e+00
2.0596590909090909e-01,1.9318181818181818e-01,0.0000000000000000e+00,0.0000000000000000e+00,0.0000000000000000e+00
2.0596590909090909e-01,2.1590909090909091e-01,0.0000000000000000e+00,0.0000000000000000e+00,0.0000000000000000e+00
2.0596590909090909e-01,2.3863636363636365e-01,0.0000000000000000e+00,0.0000000000000000e+00,0.0000000000000000e+00
2.0596590909090909e-01,2.6136363636363635e-01,0.0000000000000000e+00,0.0000000000000000e+00,0.0000000000000000e+00
2.0596590909090909e-01,2.8409090909090912e-01,0.0000000000000000e+00,0.0000000000000000e+00,0.0000000000000000e+00
2.0596590909090909e-01,3.0681818181818182e-01,0.0000000000000000e+00,0.0000000000000000e+00,0.0000000000000000e+00
2.0596590909090909e-01,3.2954545454545453e-01,0.0000000000000000e+00,0.0000000000000000e+00,0.0000000000000000e+00
2.0596590909090909e-01,3.5227272727272729e-01,0.0000000000000000e+00,0.0000000000000000e+00,0.0000000000000000e+00
2.0596590909090909e-01,3.7500000000000000e-01,0.0000000000000000e+00,0.0000000000000000e+00,0.0000000000000000e+00
2.0596590909090909e-01,3.9772727272727271e-01,0.0000000000000000e+00,0.0000000000000000e+00,0.0000000000000000e+00
2.0596590909090909e-01,4.2045454545454547e-01,0.0000000000000000e+00,0.0000000000000000e+00,0.0000000000000000e+00
2.0596590909090909e-01,4.4318181818181818e-01,0.0000000000000000e+00,0.0000000000000000e+00,0.0000000000000000e+00
2.0596590909090909e-01,4.6590909090909088e-01,0.0000000000000000e+00,0.0000000000000000e+00,0.0000000000000000e+00
2.0596590909090909e-01,4.8863636363636365e-01,0.0000000000000000e+00,0.0000000000000000e+00,0.0000000000000000e+00
2.0596590909090909e-01,5.1136363636363635e-01,0.0000000000000000e+00,0.0000000000000000e+00,0.0000000000000000e+00
2.0596590909090909e-01,5.3409090909090906e-01,0.0000000000000000e+00,0.0000000000000000e+00,0.0000000000000000e+00
2.0596590909090909e-01,5.5681818181818177e-01,0.0000000000000000e+00,0.0000000000000000e+00,0.0000000000000000e+00
2.0596590909090909e-01,5.7954545454545459e-01,0.0000000000000000e+00,0.0000000000000000e+00,0.0000000000000000e+00
2.0596590909090909e-01,6.0227272727272729e-01,0.0000000000000000e+00,0.0000000000000000e+00,0.0000000000000000e+00
2.0596590909090909e-01,6.2500000000000000e-01,0.0000000000000000e+00,0.0000000000000000e+00,0.0000000000000000e+00
2.0596590909090909e-01,6.4772727272727271e-01,0.0000000000000000e+00,0.0000000000000000e+00,0.0000000000000000e+00
2.0596590909090909e-01,6.7045454545454541e-01,0.0000000000000000e+00,0.0000000000000000e+00,0.0000000000000000e+00
2.0596590909090909e-01,6.9318181818181823e-01,0.0000000000000000e+00,0.0000000000000000e+00,0.0000000000000000e+00
2.0596590909090909e-01,7.1590909090909094e-01,0.0000000000000000e+00,0.0000000000000000e+00,0.0000000000000000e+00
2.0596590909090909e-01,7.3863636363636365e-01,0.0000000000000000e+00,0.0000000000000000e+00,0.0000000000000000e+00
2.0596590909090909e-01,7.6136363636363635e-01,0.0000000000000000e+00,0.0000000000000000e+00,0.0000000000000000e+00
2.0596590909090909e-01,7.8409090909090906e-01,0.0000000000000000e+00,0.0000000000000000e+00,0.0000000000000000e+00
2.0596590909090909e-01,8.0681818181818177e-01,0.0000000000000000e+00,0.0000000000000000e+00,0.0000000000000000e+00
2.0596590909090909e-01,8.2954545454545459e-01,0.0000000000000000e+00,0.0000000000000000e+00,0.0000000000000000e+00
2.0596590909090909e-01,8.5227272727272729e-01,0.0000000000000000e+00,0.0000000000000000e+00,0.0000000000000000e+00
2.0596590909090909e-01,8.7500000000000000e-01,0.0000000000000000e+00,0.0000000000000000e+00,0.0000000000000000e+00
2.0596590909090909e-01,8.9772727272727271e-01,0.0000000000000000e+00,0.0000000000000000e+00,0.0000000000000000e+00
2.0596590909090909e-01,9.2045454545454541e-01,0.0000000000000000e+00,0.0000000000000000e+00,0.0000000000000000e+00
2.0596590909090909e-01,9.4318181818181823e-01,0.0000000000000000e+00,0.0000000000000000e+00,0.0000000000000000e+00
2.0596590909090909e-01,9.6590909090909094e-01,0.0000000000000000e+00,0.0000000000000000e+00,0.0000000000000000e+00
2.0596590909090909e-01,9.8863636363636365e-01,0.0000000000000000e+00,0.0000000000000000e+00,0.0000000000000000e+00
2.2017045454545456e-01,1.1363636363636364e-02,0.0000000000000000e+00,0.0000000000000000e+00,0.0000000000000000e+00
2.2017045454545456e-01,3.4090909090909088e-02,0.0000000000000000e+00,0.0000000000000000e+00,0.0000000000000000e+00
2.2017045454545456e-01,5.6818181818181816e-02,0.0000000000000000e+00,0.0000000000000000e+00,0.0000000000000000e+00
2.2017045454545456e-01,7.9545454545454544e-02,0.0000000000000000e+00,0.0000000000000000e+00,0.0000000000000000e+00
2.2017045454545456e-01,1.0227272727272728e-01,0.0000000000000000e+00,0.0000000000000000e+00,0.0000000000000000e+00
2.2017045454545456e-01,1.2500000000000000e-01,0.0000000000000000e+00,0.0000000000000000e+00,0.0000000000000000e+00
2.2017045454545456e-01,1.4772727272727273e-01,0.0000000000000000e+00,0.0000000000000000e+00,0.0000000000000000e+00
2.2017045454545456e-01,1.7045454545454544e-01,0.0000000000000000e+00,0.0000000000000000e+00,0.0000000000000000e+00
2.2017045454545456e-01,1.9318181818181818e-01,0.0000000000000000e+00,0.0000000000000000e+00,0.0000000000000000e+00
2.2017045454545456e-01,2.1590909090909091e-01,0.0000000000000000e+00,0.0000000000000000e+00,0.0000000000000000e+00
2.2017045454545456e-01,2.3863636363636365e-01,0.0000000000000000e+00,0.0000000000000000e+00,0.0000000000000000e+00
2.2017045454545456e-01,2.6136363636363635e-01,0.0000000000000000e+00,0.0000000000000000e+00,0.0000000000000000e+00
2.2017045454545456e-01,2.8409090909090912e-01,0.0000000000000000e+00,0.0000000000000000e+00,0.0000000000000000e+00
2.2017045454545456e-01,3.0681818181818182e-01,0.0000000000000000e+00,0.0000000000000000e+00,0.0000000000000000e+00
2.2017045454545456e-01,3.2954545454545453e-01,0.0000000000000000e+00,0.0000000000000000e+00,0.0000000000000000e+00
2.2017045454545456e-01,3.5227272727272729e-01,0.0000000000000000e+00,0.0000000000000000e+00,0.0000000000000000e+00
2.2017045454545456e-01,3.7500000000000000e-01,0.0000000000000000e+00,0.0000000000000000e+00,0.0000000000000000e+00
2.2017045454545456e-01,3.9772727272727271e-01,0.0000000000000000e+00,0.0000000000000000e+00,0.0000000000000000e+00
2.2017045454545456e-01,4.2045454545454547e-01,0.0000000000000000e+00,0.0000000000000000e+00,0.0000000000000000e+00
2.2017045454545456e-01,4.4318181818181818e-01,0.0000000000000000e+00,0.0000000000000000e+00,0.0000000000000000e+00
2.2017045454545456e-01,4.6590909090909088e-01,0.0000000000000000e+00,0.0000000000000000e+00,0.0000000000000000e+00
2.2017045454545456e-01,4.8863636363636365e-01,0.0000000000000000e+00,0.0000000000000000e+00,0.0000000000000000e+00
2.2017045454545456e-01,5.1136363636363635e-01,0.0000000000000000e+00,0.0000000000000000e+00,0.0000000000000000e+00
2.2017045454545456e-01,5.3409090909090906e-01,0.0000000000000000e+00,0.0000000000000000e+00,0.0000000000000000e+00
2.2017045454545456e-01,5.5681818181818177e-01,0.0000000000000000e+00,0.0000000000000000e+00,0.0000000000000000e+00
2.2017045454545456e-01,5.7954545454545459e-01,0.0000000000000000e+00,0.0000000000000000e+00,0.0000000000000000e+00
2.2017045454545456e-01,6.0227272727272729e-01,0.0000000000000000e+00,0.0000000000000000e+00,0.0000000000000000e+00
2.2017045454545456e-01,6.2500000000000000e-01,0.0000000000000000e+00,0.0000000000000000e+00,0.0000000000000000e+00
2.2017045454545456e-01,6.4772727272727271e-01,0.0000000000000000e+00,0.0000000000000000e+00,0.0000000000000000e+00
2.2017045454545456e-01,6.7045454545454541e-01,0.0000000000000000e+00,0.0000000000000000e+00,0.0000000000000000e+00
2.2017045454545456e-01,6.9318181818181823e-01,0.0000000000000000e+00,0.0000000000000000e+00,0.0000000000000000e+00
2.2017045454545456e-01,7.1590909090909094e-01,0.0000000000000000e+00,0.0000000000000000e+00,0.0000000000000000e+00
2.2017045454545456e-01,7.3863636363636365e-01,0.0000000000000000e+00,0.0000000000000000e+00,0.0000000000000000e+00
2.2017045454545456e-01,7.6136363636363635e-01,0.0000000000000000e+00,0.0000000000000000e+00,0.0000000000000000e+00
2.2017045454545456e-01,7.8409090909090906e-01,0.0000000000000000e+00,0.0000000000000000e+00,0.0000000000000000e+00
2.2017045454545456e-01,8.0681818181818177e-01,0.0000000000000000e+00,0.0000000000000000e+00,0.0000000000000000e+00
2.2017045454545456e-01,8.2954545454545459e-01,0.0000000000000000e+00,0.0000000000000000e+00,0.0000000000000000e+00
2.2017045454545456e-01,8.5227272727272729e-01,0.0000000000000000e+00,0.0000000000000000e+00,0.0000000000000000e+00
2.2017045454545456e-01,8.7500000000000000e-01,0.0000000000000000e+00,0.0000000000000000e+00,0.0000000000000000e+00
2.2017045454545456e-01,8.9772727272727271e-01,0.0000000000000000e+00,0.0000000000000000e+00,0.0000000000000000e+00
2.2017045454545456e-01,9.2045454545454541e-01,0.0000000000000000e+00,0.0000000000000000e+00,0.0000000000000000e+00
2.2017045454545456e-01,9.4318181818181823e-01,0.0000000000000000e+00,0.0000000000000000e+00,0.0000000000000000e+00
2.2017045454545456e-01,9.6590909090909094e-01,0.0000000000000000e+00,0.0000000000000000e+00,0.0000000000000000e+00
2.2017045454545456e-01,9.8863636363636365e-01,0.0000000000000000e+00,0.0000000000000000e+00,0.0000000000000000e+00
2.3437500000000000e-01,1.1363636363636364e-02,0.0000000000000000e+00,0.0000000000000000e+00,0.0000000000000000e+00
2.3437500000000000e-01,3.4090909090909088e-02,0.0000000000000000e+00,0.0000000000000000e+00,0.0000000000000000e+00
2.3437500000000000e-01,5.6818181818181816e-02,0.0000000000000000e+00,0.0000000000000000e+00,0.0000000000000000e+00
2.3437500000000000e-01,7.9545454545454544e-02,0.0000000000000000e+00,0.0000000000000000e+00,0.0000000000000000e+00
2.3437500000000000e-01,1.0227272727272728e-01,0.0000000000000000e+00,0.0000000000000000e+00,0.0000000000000000e+00
2.3437500000000000e-01,1.2500000000000000e-01,0.0000000000000000e+00,0.0000000000000000e+00,0.0000000000000000e+00
2.3437500000000000e-01,1.4772727272727273e-01,0.0000000000000000e+00,0.0000000000000000e+00,0.0000000000000000e+00
2.3437500000000000e-01,1.7045454545454544e-01,0.0000000000000000e+00,0.0000000000000000e+00,0.0000000000000000e+00
2.3437500000000000e-01,1.9318181818181818e-01,0.0000000000000000e+00,0.0000000000000000e+00,0.0000000000000000e+00
2.3437500000000000e-01,2.1590909090909091e-01,0.0000000000000000e+00,0.0000000000000000e+00,0.0000000000000000e+00
2.3437500000000000e-01,2.3863636363636365e-01,0.0000000000000000e+00,0.0000000000000000e+00,0.0000000000000000e+00
2.3437500000000000e-01,2.6136363636363635e-01,0.0000000000000000e+00,0.0000000000000000e+00,0.0000000000000000e+00
2.3437500000000000e-01,2.8409090909090912e-01,0.0000000000000000e+00,0.0000000000000000e+00,0.0000000000000000e+00
2.3437500000000000e-01,3.0681818181818182e-01,0.0000000000000000e+00,0.0000000000000000e+00,0.0000000000000000e+00
2.3437500000000000e-01,3.2954545454545453e-01,0.0000000000000000e+00,0.0000000000000000e+00,0.0000000000000000e+00
2.3437500000000000e-01,3.5227272727272729e-01,0.0000000000000000e+00,0.0000000000000000e+00,0.0000000000000000e+00
2.3437500000000000e-01,3.7500000000000000e-01,0.0000000000000000e+00,0.0000000000000000e+00,0.0000000000000000e+00
2.3437500000000000e-01,3.9772727272727271e-01,0.0000000000000000e+00,0.0000000000000000e+00,0.0000000000000000e+00
2.3437500000000000e-01,4.2045454545454547e-01,0.0000000000000000e+00,0.0000000000000000e+00,0.0000000000000000e+00
2.3437500000000000e-01,4.4318181818181818e-01,0.0000000000000000e+00,0.0000000000000000e+00,0.0000000000000000e+00
2.3437500000000000e-01,4.6590909090909088e-01,0.0000000000000000e+00,0.0000000000000000e+00,0.0000000000000000e+00
2.3437500000000000e-01,4.8863636363636365e-01,0.0000000000000000e+00,0.0000000000000000e+00,0.0000000000000000e+00
2.3437500000000000e-01,5.1136363636363635e-01,0.0000000000000000e+00,0.0000000000000000e+00,0.0000000000000000e+00
2.3437500000000000e-01,5.3409090909090906e-01,0.0000000000000000e+00,0.0000000000000000e+00,0.0000000000000000e+00
2.3437500000000000e-01,5.5681818181818177e-01,0.0000000000000000e+00,0.0000000000000000e+00,0.0000000000000000e+00
2.3437500000000000e-01,5.7954545454545459e-01,0.0000000000000000e+00,0.0000000000000000e+00,0.0000000000000000e+00
2.3437500000000000e-01,6.0227272727272729e-01,0.0000000000000000e+00,0.0000000000000000e+00,0.0000000000000000e+00
2.3437500000000000e-01,6.2500000000000000e-01,0.0000000000000000e+00,0.0000000000000000e+00,0.0000000000000000e+00
2.3437500000000000e-01,6.4772727272727271e-01,0.0000000000000000e+00,0.0000000000000000e+00,0.0000000000000000e+00
2.3437500000000000e-01,6.7045454545454541e-01,0.0000000000000000e+00,0.0000000000000000e+00,0.0000000000000000e+00
2.3437500000000000e-01,6.9318181818181823e-01,0.0000000000000000e+00,0.0000000000000000e+00,0.0000000000000000e+00
2.3437500000000000e-01,7.1590909090909094e-01,0.0000000000000000e+00,0.0000000000000000e+00,0.0000000000000000e+00
2.3437500000000000e-01,7.3863636363636365e-01,0.0000000000000000e+00,0.0000000000000000e+00,0.0000000000000000e+00
2.3437500000000000e-01,7.6136363636363635e-01,0.0000000000000000e+00,0.0000000000000000e+00,0.0000000000000000e+00
2.3437500000000000e-01,7.8409090909090906e-01,0.0000000000000000e+00,0.0000000000000000e+00,0.0000000000000000e+00
2.3437500000000000e-01,8.0681818181818177e-01,0.0000000000000000e+00,0.0000000000000000e+00,0.0000000000000000e+00
2.3437500000000000e-01,8.2954545454545459e-01,0.0000000000000000e+00,0.0000000000000000e+00,0.0000000000000000e+00
2.3437500000000000e-01,8.5227272727272729e-01,0.0000000000000000e+00,0.0000000000000000e+00,0.0000000000000000e+00
2.3437500000000000e-01,8.7500000000000000e-01,0.0000000000000000e+00,0.0000000000000000e+00,0.0000000000000000e+00
2.3437500000000000e-01,8.9772727272727271e-01,0.0000000000000000e+00,0.0000000000000000e+00,0.0000000000000000e+00
2.3437500000000000e-01,9.2045454545454541e-01,0.0000000000000000e+00,0.0000000000000000e+00,0.0000000000000000e+00
2.3437500000000000e-01,9.4318181818181823e-01,0.0000000000000000e+00,0.0000000000000000e+00,0.0000000000000000e+00
2.3437500000000000e-01,9.6590909090909094e-01,0.0000000000000000e+00,0.0000000000000000e+00,0.0000000000000000e+00
2.3437500000000000e-01,9.8863636363636365e-01,0.0000000000000000e+00,0.0000000000000000e+00,0.0000000000000000e+00
2.4857954545454544e-01,1.1363636363636364e-02,0.0000000000000000e+00,0.0000000000000000e+00,0.0000000000000000e+00
2.4857954545454544e-01,3.4090909090909088e-02,0.0000000000000000e+00,0.0000000000000000e+00,0.0000000000000000e+00
2.4857954545454544e-01,5.6818181818181816e-02,0.0000000000000000e+00,0.0000000000000000e+00,0.0000000000000000e+00
2.4857954545454544e-01,7.9545454545454544e-02,0.0000000000000000e+00,0.0000000000000000e+00,0.0000000000000000e+00
2.4857954545454544e-01,1.0227272727272728e-01,0.0000000000000000e+00,0.0000000000000000e+00,0.0000000000000000e+00
2.4857954545454544e-01,1.2500000000000000e-01,0.0000000000000000e+00,0.0000000000000000e+00,0.0000000000000000e+00
2.4857954545454544e-01,1.4772727272727273e-01,0.0000000000000000e+00,0.0000000000000000e+00,0.0000000000000000e+00
2.4857954545454544e-01,1.7045454545454544e-01,0.0000000000000000e+00,0.0000000000000000e+00,0.0000000000000000e+00
2.4857954545454544e-01,1.9318181818181818e-01,0.0000000000000000e+00,0.0000000000000000e+00,0.0000000000000000e+00
2.4857954545454544e-01,2.1590909090909091e-01,0.0000000000000000e+00,0.0000000000000000e+00,0.0000000000000000e+00
2.4857954545454544e-01,2.3863636363636365e-01,0.0000000000000000e+00,0.0000000000000000e+00,0.0000000000000000e+00
2.4857954545454544e-01,2.6136363636363635e-01,0.0000000000000000e+00,0.0000000000000000e+00,0.0000000000000000e+00
2.4857954545454544e-01,2.8409090909090912e-01,0.0000000000000000e+00,0.0000000000000000e+00,0.0000000000000000e+00
2.4857954545454544e-01,3.0681818181818182e-01,0.0000000000000000e+00,0.0000000000000000e+00,0.0000000000000000e+00
2.4857954545454544e-01,3.2954545454545453e-01,0.0000000000000000e+00,0.0000000000000000e+00,0.0000000000000000e+00
2.4857954545454544e-01,3.5227272727272729e-01,0.0000000000000000e+00,0.0000000000000000e+00,0.0000000000000000e+00
2.4857954545454544e-01,3.7500000000000000e-01,0.0000000000000000e+00,0.0000000000000000e+00,0.0000000000000000e+00
2.4857954545454544e-01,3.9772727272727271e-01,0.0000000000000000e+00,0.0000000000000000e+00,0.0000000000000000e+00
2.4857954545454544e-01,4.2045454545454547e-01,0.0000000000000000e+00,0.0000000000000000e+00,0.0000000000000000e+00
2.4857954545454544e-01,4.4318181818181818e-01,0.0000000000000000e+00,0.0000000000000000e+00,0.0000000000000000e+00
2.4857954545454544e-01,4.6590909090909088e-01,0.0000000000000000e+00,0.0000000000000000e+00,0.0000000000000000e+00
2.4857954545454544e-01,4.8863636363636365e-01,0.0000000000000000e+00,0.0000000000000000e+00,0.0000000000000000e+00
2.4857954545454544e-01,5.1136363636363635e-01,0.0000000000000000e+00,0.0000000000000000e+00,0.0000000000000000e+00
2.4857954545454544e-01,5.3409090909090906e-01,0.0000000000000000e+00,0.0000000000000000e+00,0.0000000000000000e+00
2.4857954545454544e-01,5.5681818181818177e-01,0.0000000000000000e+00,0.0000000000000000e+00,0.0000000000000000e+00
2.4857954545454544e-01,5.7954545454545459e-01,0.0000000000000000e+00,0.0000000000000000e+00,0.0000000000000000e+00
2.4857954545454544e-01,6.0227272727272729e-01,0.0000000000000000e+00,0.0000000000000000e+00,0.0000000000000000e+00
2.4857954545454544e-01,6.2500000000000000e-01,0.0000000000000000e+00,0.0000000000000000e+00,0.0000000000000000e+00
2.4857954545454544e-01,6.4772727272727271e-01,0.0000000000000000e+00,0.0000000000000000e+00,0.0000000000000000e+00
2.4857954545454544e-01,6.7045454545454541e-01,0.0000000000000000e+00,0.0000000000000000e+00,0.0000000000000000e+00
2.4857954545454544e-01,6.9318181818181823e-01,0.0000000000000000e+00,0.0000000000000000e+00,0.0000000000000000e+00
2.4857954545454544e-01,7.1590909090909094e-01,0.0000000000000000e+00,0.0000000000000000e+00,0.0000000000000000e+00
2.4857954545454544e-01,7.3863636363636365e-01,0.0000000000000000e+00,0.0000000000000000e+00,0.0000000000000000e+00
2.4857954545454544e-01,7.6136363636363635e-01,0.0000000000000000e+00,0.0000000000000000e+00,0.0000000000000000e+00
2.4857954545454544e-01,7.8409090909090906e-01,0.0000000000000000e+00,0.0000000000000000e+00,0.0000000000000000e+00
2.4857954545454544e-01,8.0681818181818177e-01,0.0000000000000000e+00,0.0000000000000000e+00,0.0000000000000000e+00
2.4857954545454544e-01,8.2954545454545459e-01,0.0000000000000000e+00,0.0000000000000000e+00,0.0000000000000000e+00
2.4857954545454544e-01,8.5227272727272729e-01,0.0000000000000000e+00,0.0000000000000000e+00,0.0000000000000000e+00
2.4857954545454544e-01,8.7500000000000000e-01,0.0000000000000000e+00,0.0000000000000000e+00,0.0000000000000000e+00
2.4857954545454544e-01,8.9772727272727271e-01,0.0000000000000000e+00,0.0000000000000000e+00,0.0000000000000000e+00
2.4857954545454544e-01,9.2045454545454541e-01,0.0000000000000000e+00,0.0000000000000000e+00,0.0000000000000000e+00
2.4857954545454544e-01,9.4318181818181823e-01,0.0000000000000000e+00,0.0000000000000000e+00,0.0000000000000000e+00
2.4857954545454544e-01,9.6590909090909094e-01,0.0000000000000000e+00,0.0000000000000000e+00,0.0000000000000000e+00
2.4857954545454544e-01,9.8863636363636365e-01,0.0000000000000000e+00,0.0000000000000000e+00,0.0000000000000000e+00
2.6278409090909088e-01,1.1363636363636364e-02,0.0000000000000000e+00,0.0000000000000000e+00,0.0000000000000000e+00
2.6278409090909088e-01,3.4090909090909088e-02,0.0000000000000000e+00,0.0000000000000000e+00,0.0000000000000000e+00
2.6278409090909088e-01,5.6818181818181816e-02,0.0000000000000000e+00,0.0000000000000000e+00,0.0000000000000000e+00
2.6278409090909088e-01,7.9545454545454544e-02,0.0000000000000000e+00,0.0000000000000000e+00,0.0000000000000000e+00
2.6278409090909088e-01,1.0227272727272728e-01,0.0000000000000000e+00,0.0000000000000000e+00,0.0000000000000000e+00
2.6278409090909088e-01,1.2500000000000000e-01,0.0000000000000000e+00,0.0000000000000000e+00,0.0000000000000000e+00
2.6278409090909088e-01,1.4772727272727273e-01,0.0000000000000000e+00,0.0000000000000000e+00,0.0000000000000000e+00
2.6278409090909088e-01,1.7045454545454544e-01,0.0000000000000000e+00,0.0000000000000000e+00,0.0000000000000000e+00
2.6278409090909088e-01,1.9318181818181818e-01,0.0000000000000000e+00,0.0000000000000000e+00,0.0000000000000000e+00
2.6278409090909088e-01,2.1590909090909091e-01,0.0000000000000000e+00,0.0000000000000000e+00,0.0000000000000000e+00
2.6278409090909088e-01,2.3863636363636365e-01,0.0000000000000000e+00,0.0000000000000000e+00,0.0000000000000000e+00
2.6278409090909088e-01,2.6136363636363635e-01,0.0000000000000000e+00,0.0000000000000000e+00,0.0000000000000000e+00
2.6278409090909088e-01,2.8409090909090912e-01,0.0000000000000000e+00,0.0000000000000000e+00,0.0000000000000000e+00
2.6278409090909088e-01,3.0681818181818182e-01,0.0000000000000000e+00,0.0000000000000000e+00,0.0000000000000000e+00
2.6278409090909088e-01,3.2954545454545453e-01,0.0000000000000000e+00,0.0000000000000000e+00,0.0000000000000000e+00
2.6278409090909088e-01,3.5227272727272729e-01,0.0000000000000000e+00,0.0000000000000000e+00,0.0000000000000000e+00
2.6278409090909088e-01,3.7500000000000000e-01,0.0000000000000000e+00,0.0000000000000000e+00,0.0000000000000000e+00
2.6278409090909088e-01,3.9772727272727271e-01,0.0000000000000000e+00,0.0000000000000000e+00,0.0000000000000000e+00
2.6278409090909088e-01,4.2045454545454547e-01,0.0000000000000000e+00,0.0000000000000000e+00,0.0000000000000000e+00
2.6278409090909088e-01,4.4318181818181818e-01,0.0000000000000000e+00,0.0000000000000000e+00,0.0000000000000000e+00
2.6278409090909088e-01,4.6590909090909088e-01,0.0000000000000000e+00,0.0000000000000000e+00,0.0000000000000000e+00
2.6278409090909088e-01,4.8863636363636365e-01,0.0000000000000000e+00,0.0000000000000000e+00,0.0000000000000000e+00
2.6278409090909088e-01,5.1136363636363635e-01,0.0000000000000000e+00,0.0000000000000000e+00,0.0000000000000000e+00
2.6278409090909088e-01,5.3409090909090906e-01,0.0000000000000000e+00,0.0000000000000000e+00,0.0000000000000000e+00
2.6278409090909088e-01,5.5681818181818177e-01,0.0000000000000000e+00,0.0000000000000000e+00,0.0000000000000000e+00
2.6278409090909088e-01,5.7954545454545459e-01,0.0000000000000000e+00,0.0000000000000000e+00,0.0000000000000000e+00
2.6278409090909088e-01,6.0227272727272729e-01,0.0000000000000000e+00,0.0000000000000000e+00,0.0000000000000000e+00
2.6278409090909088e-01,6.2500000000000000e-01,0.0000000000000000e+00,0.0000000000000000e+00,0.0000000000000000e+00
2.6278409090909088e-01,6.4772727272727271e-01,0.0000000000000000e+00,0.0000000000000000e+00,0.0000000000000000e+00
2.6278409090909088e-01,6.7045454545454541e-01,0.0000000000000000e+00,0.0000000000000000e+00,0.0000000000000000e+00
2.6278409090909088e-01,6.9318181818181823e-01,0.0000000000000000e+00,0.0000000000000000e+00,0.0000000000000000e+00
2.6278409090909088e-01,7.1590909090909094e-01,0.0000000000000000e+00,0.0000000000000000e+00,0.0000000000000000e+00
2.6278409090909088e-01,7.3863636363636365e-01,0.0000000000000000e+00,0.0000000000000000e+00,0.0000000000000000e+00
2.6278409090909088e-01,7.6136363636363635e-01,0.0000000000000000e+00,0.0000000000000000e+00,0.0000000000000000e+00
2.6278409090909088e-01,7.8409090909090906e-01,0.0000000000000000e+00,0.0000000000000000e+00,0.0000000000000000e+00
2.6278409090909088e-01,8.0681818181818177e-01,0.0000000000000000e+00,0.0000000000000000e+00,0.0000000000000000e+00
2.6278409090909088e-01,8.2954545454545459e-01,0.0000000000000000e+00,0.0000000000000000e+00,0.0000000000000000e+00
2.6278409090909088e-01,8.5227272727272729e-01,0.0000000000000000e+00,0.0000000000000000e+00,0.0000000000000000e+00
2.6278409090909088e-01,8.7500000000000000e-01,0.0000000000000000e+00,0.0000000000000000e+00,0.0000000000000000e+00
2.6278409090909088e-01,8.9772727272727271e-01,0.0000000000000000e+00,0.0000000000000000e+00,0.0000000000000000e+00
2.6278409090909088e-01,9.2045454545454541e-01,0.0000000000000000e+00,0.0000000000000000e+00,0.0000000000000000e+00
2.6278409090909088e-01,9.4318181818181823e-01,0.0000000000000000e+00,0.0000000000000000e+00,0.0000000000000000e+00
2.6278409090909088e-01,9.6590909090909094e-01,0.0000000000000000e+00,0.0000000000000000e+00,0.0000000000000000e+00
2.6278409090909088e-01,9.8863636363636365e-01,0.0000000000000000e+00,0.0000000000000000e+00,0.0000000000000000e+00
2.7698863636363635e-01,1.1363636363636364e-02,0.0000000000000000e+00,0.0000000000000000e+00,0.0000000000000000e+00
2.7698863636363635e-01,3.4090909090909088e-02,0.0000000000000000e+00,0.0000000000000000e+00,0.0000000000000000e+00
2.7698863636363635e-01,5.6818181818181816e-02,0.0000000000000000e+00,0.0000000000000000e+00,0.0000000000000000e+00
2.7698863636363635e-01,7.9545454545454544e-02,0.0000000000000000e+00,0.0000000000000000e+00,0.0000000000000000e+00
2.7698863636363635e-01,1.0227272727272728e-01,0.0000000000000000e+00,0.0000000000000000e+00,0.0000000000000000e+00
2.7698863636363635e-01,1.2500000000000000e-01,0.0000000000000000e+00,0.0000000000000000e+00,0.0000000000000000e+00
2.7698863636363635e-01,1.4772727272727273e-01,0.0000000000000000e+00,0.0000000000000000e+00,0.0000000000000000e+00
2.7698863636363635e-01,1.7045454545454544e-01,0.0000000000000000e+00,0.0000000000000000e+00,0.0000000000000000e+00
2.7698863636363635e-01,1.9318181818181818e-01,0.0000000000000000e+00,0.0000000000000000e+00,0.0000000000000000e+00
2.7698863636363635e-01,2.1590909090909091e-01,0.0000000000000000e+00,0.0000000000000000e+00,0.0000000000000000e+00
2.7698863636363635e-01,2.3863636363636365e-01,0.0000000000000000e+00,0.0000000000000000e+00,0.0000000000000000e+00
2.7698863636363635e-01,2.6136363636363635e-01,0.0000000000000000e+00,0.0000000000000000e+00,0.0000000000000000e+00
2.7698863636363635e-01,2.8409090909090912e-01,0.0000000000000000e+00,0.0000000000000000e+00,0.0000000000000000e+00
2.7698863636363635e-01,3.0681818181818182e-01,0.0000000000000000e+00,0.0000000000000000e+00,0.0000000000000000e+00
2.7698863636363635e-01,3.2954545454545453e-01,0.0000000000000000e+00,0.0000000000000000e+00,0.0000000000000000e+00
2.7698863636363635e-01,3.5227272727272729e-01,0.0000000000000000e+00,0.0000000000000000e+00,0.0000000000000000e+00
2.7698863636363635e-01,3.7500000000000000e-01,0.0000000000000000e+00,0.0000000000000000e+00,0.0000000000000000e+00
2.7698863636363635e-01,3.9772727272727271e-01,0.0000000000000000e+00,0.0000000000000000e+00,0.0000000000000000e+00
2.7698863636363635e-01,4.2045454545454547e-01,0.0000000000000000e+00,0.0000000000000000e+00,0.0000000000000000e+00
2.7698863636363635e-01,4.4318181818181818e-01,0.0000000000000000e+00,0.0000000000000000e+00,0.0000000000000000e+00
2.7698863636363635e-01,4.6590909090909088e-01,0.0000000000000000e+00,0.0000000000000000e+00,0.0000000000000000e+00
2.7698863636363635e-01,4.8863636363636365e-01,0.0000000000000000e+00,0.0000000000000000e+00,0.0000000000000000e+00
2.7698863636363635e-01,5.1136363636363635e-01,0.0000000000000000e+00,0.0000000000000000e+00,0.0000000000000000e+00
2.7698863636363635e-01,5.3409090909090906e-01,0.0000000000000000e+00,0.0000000000000000e+00,0.0000000000000000e+00
2.7698863636363635e-01,5.5681818181818177e-01,0.0000000000000000e+00,0.0000000000000000e+00,0.0000000000000000e+00
2.7698863636363635e-01,5.7954545454545459e-01,0.0000000000000000e+00,0.0000000000000000e+00,0.0000000000000000e+00
2.7698863636363635e-01,6.0227272727272729e-01,0.0000000000000000e+00,0.0000000000000000e+00,0.0000000000000000e+00
2.7698863636363635e-01,6.2500000000000000e-01,0.0000000000000000e+00,0.0000000000000000e+00,0.0000000000000000e+00
2.7698863636363635e-01,6.4772727272727271e-01,0.0000000000000000e+00,0.0000000000000000e+00,0.0000000000000000e+00
2.7698863636363635e-01,6.7045454545454541e-01,0.0000000000000000e+00,0.0000000000000000e+00,0.0000000000000000e+00
2.7698863636363635e-01,6.9318181818181823e-01,0.0000000000000000e+00,0.0000000000000000e+00,0.0000000000000000e+00
2.7698863636363635e-01,7.1590909090909094e-01,0.0000000000000000e+00,0.0000000000000000e+00,0.0000000000000000e+00
2.7698863636363635e-01,7.3863636363636365e-01,0.0000000000000000e+00,0.0000000000000000e+00,0.0000000000000000e+00
2.7698863636363635e-01,7.6136363636363635e-01,0.0000000000000000e+00,0.0000000000000000e+00,0.0000000000000000e+00
2.7698863636363635e-01,7.8409090909090906e-01,0.0000000000000000e+00,0.0000000000000000e+00,0.0000000000000000e+00
2.7698863636363635e-01,8.0681818181818177e-01,0.0000000000000000e+00,0.0000000000000000e+00,0.0000000000000000e+00
2.7698863636363635e-01,8.2954545454545459e-01,0.0000000000000000e+00,0.0000000000000000e+00,0.0000000000000000e+00
2.7698863636363635e-01,8.5227272727272729e-01,0.0000000000000000e+00,0.0000000000000000e+00,0.0000000000000000e+00
2.7698863636363635e-01,8.7500000000000000e-01,0.0000000000000000e+00,0.0000000000000000e+00,0.0000000000000000e+00
2.7698863636363635e-01,8.9772727272727271e-01,0.0000000000000000e+00,0.0000000000000000e+00,0.0000000000000000e+00
2.7698863636363635e-01,9.2045454545454541e-01,0.0000000000000000e+00,0.0000000000000000e+00,0.0000000000000000e+00
2.7698863636363635e-01,9.4318181818181823e-01,0.0000000000000000e+00,0.0000000000000000e+00,0.0000000000000000e+00
2.7698863636363635e-01,9.6590909090909094e-01,0.0000000000000000e+00,0.0000000000000000e+00,0.0000000000000000e+00
2.7698863636363635e-01,9.8863636363636365e-01,0.0000000000000000e+00,0.0000000000000000e+00,0.0000000000000000e+00
2.9119318181818182e-01,1.1363636363636364e-02,0.0000000000000000e+00,0.0000000000000000e+00,0.0000000000000000e+00
2.9119318181818182e-01,3.4090909090909088e-02,0.0000000000000000e+00,0.0000000000000000e+00,0.0000000000000000e+00
2.9119318181818182e-01,5.6818181818181816e-02,0.0000000000000000e+00,0.0000000000000000e+00,0.0000000000000000e+00
2.9119318181818182e-01,7.9545454545454544e-02,0.0000000000000000e+00,0.0000000000000000e+00,0.0000000000000000e+00
2.9119318181818182e-01,1.0227272727272728e-01,0.0000000000000000e+00,0.0000000000000000e+00,0.0000000000000000e+00
2.9119318181818182e-01,1.2500000000000000e-01,0.0000000000000000e+00,0.0000000000000000e+00,0.0000000000000000e+00
2.9119318181818182e-01,1.4772727272727273e-01,0.0000000000000000e+00,0.0000000000000000e+00,0.0000000000000000e+00
2.9119318181818182e-01,1.7045454545454544e-01,0.0000000000000000e+00,0.0000000000000000e+00,0.0000000000000000e+00
2.9119318181818182e-01,1.9318181818181818e-01,0.0000000000000000e+00,0.0000000000000000e+00,0.0000000000000000e+00
2.9119318181818182e-01,2.1590909090909091e-01,0.0000000000000000e+00,0.0000000000000000e+00,0.0000000000000000e+00
2.9119318181818182e-01,2.3863636363636365e-01,0.0000000000000000e+00,0.0000000000000000e+00,0.0000000000000000e+00
2.9119318181818182e-01,2.6136363636363635e-01,0.0000000000000000e+00,0.0000000000000000e+00,0.0000000000000000e+00
2.9119318181818182e-01,2.8409090909090912e-01,0.0000000000000000e+00,0.0000000000000000e+00,0.0000000000000000e+00
2.9119318181818182e-01,3.0681818181818182e-01,0.0000000000000000e+00,0.0000000000000000e+00,0.0000000000000000e+00
2.9119318181818182e-01,3.2954545454545453e-01,0.0000000000000000e+00,0.0000000000000000e+00,0.0000000000000000e+00
2.9119318181818182e-01,3.5227272727272729e-01,0.0000000000000000e+00,0.0000000000000000e+00,0.0000000000000000e+00
2.9119318181818182e-01,3.7500000000000000e-01,0.0000000000000000e+00,0.0000000000000000e+00,0.0000000000000000e+00
2.9119318181818182e-01,3.9772727272727271e-01,0.0000000000000000e+00,0.0000000000000000e+00,0.0000000000000000e+00
2.9119318181818182e-01,4.2045454545454547e-01,0.0000000000000000e+00,0.0000000000000000e+00,0.0000000000000000e+00
2.9119318181818182e-01,4.4318181818181818e-01,0.0000000000000000e+00,0.0000000000000000e+00,0.0000000000000000e+00
2.9119318181818182e-01,4.6590909090909088e-01,0.0000000000000000e+00,0.0000000000000000e+00,0.0000000000000000e+00
2.9119318181818182e-01,4.8863636363636365e-01,0.0000000000000000e+00,0.0000000000000000e+00,0.0000000000000000e+00
2.9119318181818182e-01,5.1136363636363635e-01,0.0000000000000000e+00,0.0000000000000000e+00,0.0000000000000000e+00
2.9119318181818182e-01,5.3409090909090906e-01,0.0000000000000000e+00,0.0000000000000000e+00,0.0000000000000000e+00
2.9119318181818182e-01,5.5681818181818177e-01,0.0000000000000000e+00,0.0000000000000000e+00,0.0000000000000000e+00
2.9119318181818182e-01,5.7954545454545459e-01,0.0000000000000000e+00,0.0000000000000000e+00,0.0000000000000000e+00
2.9119318181818182e-01,6.0227272727272729e-01,0.0000000000000000e+00,0.0000000000000000e+00,0.0000000000000000e+00
2.9119318181818182e-01,6.2500000000000000e-01,0.0000000000000000e+00,0.0000000000000000e+00,0.0000000000000000e+00
2.9119318181818182e-01,6.4772727272727271e-01,0.0000000000000000e+00,0.0000000000000000e+00,0.0000000000000000e+00
2.9119318181818182e-01,6.7045454545454541e-01,0.0000000000000000e+00,0.0000000000000000e+00,0.0000000000000000e+00
2.9119318181818182e-01,6.9318181818181823e-01,0.0000000000000000e+00,0.0000000000000000e+00,0.0000000000000000e+00
2.9119318181818182e-01,7.1590909090909094e-01,0.0000000000000000e+00,0.0000000000000000e+00,0.0000000000000000e+00
2.9119318181818182e-01,7.3863636363636365e-01,0.0000000000000000e+00,0.0000000000000000e+00,0.0000000000000000e+00
2.9119318181818182e-01,7.6136363636363635e-01,0.0000000000000000e+00,0.0000000000000000e+00,0.0000000000000000e+00
2.9119318181818182e-01,7.8409090909090906e-01,0.0000000000000000e+00,0.0000000000000000e+00,0.0000000000000000e+00
2.9119318181818182e-01,8.0681818181818177e-01,0.0000000000000000e+00,0.0000000000000000e+00,0.0000000000000000e+00
2.9119318181818182e-01,8.2954545454545459e-01,0.0000000000000000e+00,0.0000000000000000e+00,0.0000000000000000e+00
2.9119318181818182e-01,8.5227272727272729e-01,0.0000000000000000e+00,0.0000000000000000e+00,0.0000000000000000e+00
2.9119318181818182e-01,8.7500000000000000e-01,0.0000000000000000e+00,0.0000000000000000e+00,0.0000000000000000e+00
2.9119318181818182e-01,8.9772727272727271e-01,0.0000000000000000e+00,0.0000000000000000e+00,0.0000000000000000e+00
2.9119318181818182e-01,9.2045454545454541e-01,0.0000000000000000e+00,0.0000000000000000e+00,0.0000000000000000e+00
2.9119318181818182e-01,9.4318181818181823e-01,0.0000000000000000e+00,0.0000000000000000e+00,0.0000000000000000e+00
2.9119318181818182e-01,9.6590909090909094e-01,0.0000000000000000e+00,0.0000000000000000e+00,0.0000000000000000e+00
2.9119318181818182e-01,9.8863636363636365e-01,0.0000000000000000e+00,0.0000000000000000e+00,0.0000000000000000e+00
3.0539772727272729e-01,1.1363636363636364e-02,0.0000000000000000e+00,0.0000000000000000e+00,0.0000000000000000e+00
3.0539772727272729e-01,3.4090909090909088e-02,0.0000000000000000e+00,0.0000000000000000e+00,0.0000000000000000e+00
3.0539772727272729e-01,5.6818181818181816e-02,0.0000000000000000e+00,0.0000000000000000e+00,0.0000000000000000e+00
3.0539772727272729e-01,7.9545454545454544e-02,0.0000000000000000e+00,0.0000000000000000e+00,0.0000000000000000e+00
3.0539772727272729e-01,1.0227272727272728e-01,0.0000000000000000e+00,0.0000000000000000e+00,0.0000000000000000e+00
3.0539772727272729e-01,1.2500000000000000e-01,0.0000000000000000e+00,0.0000000000000000e+00,0.0000000000000000e+00
3.0539772727272729e-01,1.4772727272727273e-01,0.0000000000000000e+00,0.0000000000000000e+00,0.0000000000000000e+00
3.0539772727272729e-01,1.7045454545454544e-01,0.0000000000000000e+00,0.0000000000000000e+00,0.0000000000000000e+00
3.0539772727272729e-01,1.9318181818181818e-01,0.0000000000000000e+00,0.0000000000000000e+00,0.0000000000000000e+00
3.0539772727272729e-01,2.1590909090909091e-01,0.0000000000000000e+00,0.0000000000000000e+00,0.0000000000000000e+00
3.0539772727272729e-01,2.3863636363636365e-01,0.0000000000000000e+00,0.0000000000000000e+00,0.0000000000000000e+00
3.0539772727272729e-01,2.6136363636363635e-01,0.0000000000000000e+00,0.0000000000000000e+00,0.0000000000000000e+00
3.0539772727272729e-01,2.8409090909090912e-01,0.0000000000000000e+00,0.0000000000000000e+00,0.0000000000000000e+00
3.0539772727272729e-01,3.0681818181818182e-01,0.0000000000000000e+00,0.0000000000000000e+00,0.0000000000000000e+00
3.0539772727272729e-01,3.2954545454545453e-01,0.0000000000000000e+00,0.0000000000000000e+00,0.0000000000000000e+00
3.0539772727272729e-01,3.5227272727272729e-01,0.0000000000000000e+00,0.0000000000000000e+00,0.0000000000000000e+00
3.0539772727272729e-01,3.7500000000000000e-01,0.0000000000000000e+00,0.0000000000000000e+00,0.0000000000000000e+00
3.0539772727272729e-01,3.9772727272727271e-01,0.0000000000000000e+00,0.0000000000000000e+00,0.0000000000000000e+00
3.0539772727272729e-01,4.2045454545454547e-01,0.0000000000000000e+00,0.0000000000000000e+00,0.0000000000000000e+00
3.0539772727272729e-01,4.4318181818181818e-01,0.0000000000000000e+00,0.0000000000000000e+00,0.0000000000000000e+00
3.0539772727272729e-01,4.6590909090909088e-01,0.0000000000000000e+00,0.0000000000000000e+00,0.0000000000000000e+00
3.0539772727272729e-01,4.8863636363636365e-01,0.0000000000000000e+00,0.0000000000000000e+00,0.0000000000000000e+00
3.0539772727272729e-01,5.1136363636363635e-01,0.0000000000000000e+00,0.0000000000000000e+00,0.0000000000000000e+00
3.0539772727272729e-01,5.3409090909090906e-01,0.0000000000000000e+00,0.0000000000000000e+00,0.0000000000000000e+00
3.0539772727272729e-01,5.5681818181818177e-01,0.0000000000000000e+00,0.0000000000000000e+00,0.0000000000000000e+00
3.0539772727272729e-01,5.7954545454545459e-01,0.0000000000000000e+00,0.0000000000000000e+00,0.0000000000000000e+00
3.0539772727272729e-01,6.0227272727272729e-01,0.0000000000000000e+00,0.0000000000000000e+00,0.0000000000000000e+00
3.0539772727272729e-01,6.2500000000000000e-01,0.0000000000000000e+00,0.0000000000000000e+00,0.0000000000000000e+00
3.0539772727272729e-01,6.4772727272727271e-01,0.0000000000000000e+00,0.0000000000000000e+00,0.0000000000000000e+00
3.0539772727272729e-01,6.7045454545454541e-01,0.0000000000000000e+00,0.0000000000000000e+00,0.0000000000000000e+00
3.0539772727272729e-01,6.9318181818181823e-01,0.0000000000000000e+00,0.0000000000000000e+00,0.0000000000000000e+00
3.0539772727272729e-01,7.1590909090909094e-01,0.0000000000000000e+00,0.0000000000000000e+00,0.0000000000000000e+00
3.0539772727272729e-01,7.3863636363636365e-01,0.0000000000000000e+00,0.0000000000000000e+00,0.0000000000000000e+00
3.0539772727272729e-01,7.6136363636363635e-01,0.0000000000000000e+00,0.0000000000000000e+00,0.0000000000000000e+00
3.0539772727272729e-01,7.8409090909090906e-01,0.0000000000000000e+00,0.0000000000000000e+00,0.0000000000000000e+00
3.0539772727272729e-01,8.0681818181818177e-01,0.0000000000000000e+00,0.0000000000000000e+00,0.0000000000000000e+00
3.0539772727272729e-01,8.2954545454545459e-01,0.0000000000000000e+00,0.0000000000000000e+00,0.0000000000000000e+00
3.0539772727272729e-01,8.5227272727272729e-01,0.0000000000000000e+00,0.0000000000000000e+00,0.0000000000000000e+00
3.0539772727272729e-01,8.7500000000000000e-01,0.0000000000000000e+00,0.0000000000000000e+00,0.0000000000000000e+00
3.0539772727272729e-01,8.9772727272727271e-01,0.0000000000000000e+00,0.0000000000000000e+00,0.0000000000000000e+00
3.0539772727272729e-01,9.2045454545454541e-01,0.0000000000000000e+00,0.0000000000000000e+00,0.0000000000000000e+00
3.0539772727272729e-01,9.4318181818181823e-01,0.0000000000000000e+00,0.0000000000000000e+00,0.0000000000000000e+00
3.0539772727272729e-01,9.6590909090909094e-01,0.0000000000000000e+00,0.0000000000000000e+00,0.0000000000000000e+00
3.0539772727272729e-01,9.8863636363636365e-01,0.0000000000000000e+00,0.0000000000000000e+00,0.0000000000000000e+00
3.1960227272727271e-01,1.1363636363636364e-02,0.0000000000000000e+00,0.0000000000000000e+00,0.0000000000000000e+00
3.1960227272727271e-01,3.4090909090909088e-02,0.0000000000000000e+00,0.0000000000000000e+00,0.0000000000000000e+00
3.1960227272727271e-01,5.6818181818181816e-02,0.0000000000000000e+00,0.0000000000000000e+00,0.0000000000000000e+00
3.1960227272727271e-01,7.9545454545454544e-02,0.0000000000000000e+00,0.0000000000000000e+00,0.0000000000000000e+00
3.1960227272727271e-01,1.0227272727272728e-01,0.0000000000000000e+00,0.0000000000000000e+00,0.0000000000000000e+00
3.1960227272727271e-01,1.2500000000000000e-01,0.0000000000000000e+00,0.0000000000000000e+00,0.0000000000000000e+00
3.1960227272727271e-01,1.4772727272727273e-01,0.0000000000000000e+00,0.0000000000000000e+00,0.0000000000000000e+00
3.1960227272727271e-01,1.7045454545454544e-01,0.0000000000000000e+00,0.0000000000000000e+00,0.0000000000000000e+00
3.1960227272727271e-01,1.9318181818181818e-01,0.0000000000000000e+00,0.0000000000000000e+00,0.0000000000000000e+00
3.1960227272727271e-01,2.1590909090909091e-01,0.0000000000000000e+00,0.0000000000000000e+00,0.0000000000000000e+00
3.1960227272727271e-01,2.3863636363636365e-01,0.0000000000000000e+00,0.0000000000000000e+00,0.0000000000000000e+00
3.1960227272727271e-01,2.6136363636363635e-01,0.0000000000000000e+00,0.0000000000000000e+00,0.0000000000000000e+00
3.1960227272727271e-01,2.8409090909090912e-01,0.0000000000000000e+00,0.0000000000000000e+00,0.0000000000000000e+00
3.1960227272727271e-01,3.0681818181818182e-01,0.0000000000000000e+00,0.0000000000000000e+00,0.0000000000000000e+00
3.1960227272727271e-01,3.2954545454545453e-01,0.0000000000000000e+00,0.0000000000000000e+00,0.0000000000000000e+00
3.1960227272727271e-01,3.5227272727272729e-01,0.0000000000000000e+00,0.0000000000000000e+00,0.0000000000000000e+00
3.1960227272727271e-01,3.7500000000000000e-01,0.0000000000000000e+00,0.0000000000000000e+00,0.0000000000000000e+00
3.1960227272727271e-01,3.9772727272727271e-01,0.0000000000000000e+00,0.0000000000000000e+00,0.0000000000000000e+00
3.1960227272727271e-01,4.2045454545454547e-01,0.0000000000000000e+00,0.0000000000000000e+00,0.0000000000000000e+00
3.1960227272727271e-01,4.4318181818181818e-01,0.0000000000000000e+00,0.0000000000000000e+00,0.0000000000000000e+00
3.1960227272727271e-01,4.6590909090909088e-01,0.0000000000000000e+00,0.0000000000000000e+00,0.0000000000000000e+00
3.1960227272727271e-01,4.8863636363636365e-01,0.0000000000000000e+00,0.0000000000000000e+00,0.0000000000000000e+00
3.1960227272727271e-01,5.1136363636363635e-01,0.0000000000000000e+00,0.0000000000000000e+00,0.0000000000000000e+00
3.1960227272727271e-01,5.3409090909090906e-01,0.0000000000000000e+00,0.0000000000000000e+00,0.0000000000000000e+00
3.1960227272727271e-01,5.5681818181818177e-01,0.0000000000000000e+00,0.0000000000000000e+00,0.0000000000000000e+00
3.1960227272727271e-01,5.7954545454545459e-01,0.0000000000000000e+00,0.0000000000000000e+00,0.0000000000000000e+00
3.1960227272727271e-01,6.0227272727272729e-01,0.0000000000000000e+00,0.0000000000000000e+00,0.0000000000000000e+00
3.1960227272727271e-01,6.2500000000000000e-01,0.0000000000000000e+00,0.0000000000000000e+00,0.0000000000000000e+00
3.1960227272727271e-01,6.4772727272727271e-01,0.0000000000000000e+00,0.0000000000000000e+00,0.0000000000000000e+00
3.1960227272727271e-01,6.7045454545454541e-01,0.0000000000000000e+00,0.0000000000000000e+00,0.0000000000000000e+00
3.1960227272727271e-01,6.9318181818181823e-01,0.0000000000000000e+00,0.0000000000000000e+00,0.0000000000000000e+00
3.1960227272727271e-01,7.1590909090909094e-01,0.0000000000000000e+00,0.0000000000000000e+00,0.0000000000000000e+00
3.1960227272727271e-01,7.3863636363636365e-01,0.0000000000000000e+00,0.0000000000000000e+00,0.0000000000000000e+00
3.1960227272727271e-01,7.6136363636363635e-01,0.0000000000000000e+00,0.0000000000000000e+00,0.0000000000000000e+00
3.1960227272727271e-01,7.8409090909090906e-01,0.0000000000000000e+00,0.0000000000000000e+00,0.0000000000000000e+00
3.1960227272727271e-01,8.0681818181818177e-01,0.0000000000000000e+00,0.0000000000000000e+00,0.0000000000000000e+00
3.1960227272727271e-01,8.2954545454545459e-01,0.0000000000000000e+00,0.0000000000000000e+00,0.0000000000000000e+00
3.1960227272727271e-01,8.5227272727272729e-01,0.0000000000000000e+00,0.0000000000000000e+00,0.0000000000000000e+00
3.1960227272727271e-01,8.7500000000000000e-01,0.0000000000000000e+00,0.0000000000000000e+00,0.0000000000000000e+00
3.1960227272727271e-01,8.9772727272727271e-01,0.0000000000000000e+00,0.0000000000000000e+00,0.0000000000000000e+00
3.1960227272727271e-01,9.2045454545454541e-01,0.0000000000000000e+00,0.0000000000000000e+00,0.0000000000000000e+00
3.1960227272727271e-01,9.4318181818181823e-01,0.0000000000000000e+00,0.0000000000000000e+00,0.0000000000000000e+00
3.1960227272727271e-01,9.6590909090909094e-01,0.0000000000000000e+00,0.0000000000000000e+00,0.0000000000000000e+00
3.1960227272727271e-01,9.8863636363636365e-01,0.0000000000000000e+00,0.0000000000000000e+00,0.0000000000000000e+00
3.3380681818181818e-01,1.1363636363636364e-02,0.0000000000000000e+00,0.0000000000000000e+00,0.0000000000000000e+00
3.3380681818181818e-01,3.4090909090909088e-02,0.0000000000000000e+00,0.0000000000000000e+00,0.0000000000000000e+00
3.3380681818181818e-01,5.6818181818181816e-02,0.0000000000000000e+00,0.0000000000000000e+00,0.0000000000000000e+00
3.3380681818181818e-01,7.9545454545454544e-02,0.0000000000000000e+00,0.0000000000000000e+00,0.0000000000000000e+00
3.3380681818181818e-01,1.0227272727272728e-01,0.0000000000000000e+00,0.0000000000000000e+00,0.0000000000000000e+00
3.3380681818181818e-01,1.2500000000000000e-01,0.0000000000000000e+00,0.0000000000000000e+00,0.0000000000000000e+00
3.3380681818181818e-01,1.4772727272727273e-01,0.0000000000000000e+00,0.0000000000000000e+00,0.0000000000000000e+00
3.3380681818181818e-01,1.7045454545454544e-01,0.0000000000000000e+00,0.0000000000000000e+00,0.0000000000000000e+00
3.3380681818181818e-01,1.9318181818181818e-01,0.0000000000000000e+00,0.0000000000000000e+00,0.0000000000000000e+00
3.3380681818181818e-01,2.1590909090909091e-01,0.0000000000000000e+00,0.0000000000000000e+00,0.0000000000000000e+00
3.3380681818181818e-01,2.3863636363636365e-01,0.0000000000000000e+00,0.0000000000000000e+00,0.0000000000000000e+00
3.3380681818181818e-01,2.6136363636363635e-01,0.0000000000000000e+00,0.0000000000000000e+00,0.0000000000000000e+00
3.3380681818181818e-01,2.8409090909090912e-01,0.0000000000000000e+00,0.0000000000000000e+00,0.0000000000000000e+00
3.3380681818181818e-01,3.0681818181818182e-01,0.0000000000000000e+00,0.0000000000000000e+00,0.0000000000000000e+00
3.3380681818181818e-01,3.2954545454545453e-01,0.0000000000000000e+00,0.0000000000000000e+00,0.0000000000000000e+00
3.3380681818181818e-01,3.5227272727272729e-01,0.0000000000000000e+00,0.0000000000000000e+00,0.0000000000000000e+00
3.3380681818181818e-01,3.7500000000000000e-01,0.0000000000000000e+00,0.0000000000000000e+00,0.0000000000000000e+00
3.3380681818181818e-01,3.9772727272727271e-01,0.0000000000000000e+00,0.0000000000000000e+00,0.0000000000000000e+00
3.3380681818181818e-01,4.2045454545454547e-01,0.0000000000000000e+00,0.0000000000000000e+00,0.0000000000000000e+00
3.3380681818181818e-01,4.4318181818181818e-01,0.0000000000000000e+00,0.0000000000000000e+00,0.0000000000000000e+00
3.3380681818181818e-01,4.6590909090909088e-01,0.0000000000000000e+00,0.0000000000000000e+00,0.0000000000000000e+00
3.3380681818181818e-01,4.8863636363636365e-01,0.0000000000000000e+00,0.0000000000000000e+00,0.0000000000000000e+00
3.3380681818181818e-01,5.1136363636363635e-01,0.0000000000000000e+00,0.0000000000000000e+00,0.0000000000000000e+00
3.3380681818181818e-01,5.3409090909090906e-01,0.0000000000000000e+00,0.0000000000000000e+00,0.0000000000000000e+00
3.3380681818181818e-01,5.5681818181818177e-01,0.0000000000000000e+00,0.0000000000000000e+00,0.0000000000000000e+00
3.3380681818181818e-01,5.7954545454545459e-01,0.0000000000000000e+00,0.0000000000000000e+00,0.0000000000000000e+00
3.3380681818181818e-01,6.0227272727272729e-01,0.0000000000000000e+00,0.0000000000000000e+00,0.0000000000000000e+00
3.3380681818181818e-01,6.2500000000000000e-01,0.0000000000000000e+00,0.0000000000000000e+00,0.0000000000000000e+00
3.3380681818181818e-01,6.4772727272727271e-01,0.0000000000000000e+00,0.0000000000000000e+00,0.0000000000000000e+00
3.3380681818181818e-01,6.7045454545454541e-01,0.0000000000000000e+00,0.0000000000000000e+00,0.0000000000000000e+00
3.3380681818181818e-01,6.9318181818181823e-01,0.0000000000000000e+00,0.0000000000000000e+00,0.0000000000000000e+00
3.3380681818181818e-01,7.1590909090909094e-01,0.0000000000000000e+00,0.0000000000000000e+00,0.0000000000000000e+00
3.3380681818181818e-01,7.3863636363636365e-01,0.0000000000000000e+00,0.0000000000000000e+00,0.0000000000000000e+00
3.3380681818181818e-01,7.6136363636363635e-01,0.0000000000000000e+00,0.0000000000000000e+00,0.0000000000000000e+00
3.3380681818181818e-01,7.8409090909090906e-01,0.0000000000000000e+00,0.0000000000000000e+00,0.0000000000000000e+00
3.3380681818181818e-01,8.0681818181818177e-01,0.0000000000000000e+00,0.0000000000000000e+00,0.0000000000000000e+00
3.3380681818181818e-01,8.2954545454545459e-01,0.0000000000000000e+00,0.0000000000000000e+00,0.0000000000000000e+00
3.3380681818181818e-01,8.5227272727272729e-01,0.0000000000000000e+00,0.0000000000000000e+00,0.0000000000000000e+00
3.3380681818181818e-01,8.7500000000000000e-01,0.0000000000000000e+00,0.0000000000000000e+00,0.0000000000000000e+00
3.3380681818181818e-01,8.9772727272727271e-01,0.0000000000000000e+00,0.0000000000000000e+00,0.0000000000000000e+00
3.3380681818181818e-01,9.2045454545454541e-01,0.0000000000000000e+00,0.0000000000000000e+00,0.0000000000000000e+00
3.3380681818181818e-01,9.4318181818181823e-01,0.0000000000000000e+00,0.0000000000000000e+00,0.0000000000000000e+00
3.3380681818181818e-01,9.6590909090909094e-01,0.0000000000000000e+00,0.0000000000000000e+00,0.0000000000000000e+00
3.3380681818181818e-01,9.8863636363636365e-01,0.0000000000000000e+00,0.0000000000000000e+00,0.0000000000000000e+00
3.4801136363636365e-01,1.1363636363636364e-02,0.0000000000000000e+00,0.0000000000000000e+00,0.0000000000000000e+00
3.4801136363636365e-01,3.4090909090909088e-02,0.0000000000000000e+00,0.0000000000000000e+00,0.0000000000000000e+00
3.4801136363636365e-01,5.6818181818181816e-02,0.0000000000000000e+00,0.0000000000000000e+00,0.0000000000000000e+00
3.4801136363636365e-01,7.9545454545454544e-02,0.0000000000000000e+00,0.0000000000000000e+00,0.0000000000000000e+00
3.4801136363636365e-01,1.0227272727272728e-01,0.0000000000000000e+00,0.0000000000000000e+00,0.0000000000000000e+00
3.4801136363636365e-01,1.2500000000000000e-01,0.0000000000000000e+00,0.0000000000000000e+00,0.0000000000000000e+00
3.4801136363636365e-01,1.4772727272727273e-01,0.0000000000000000e+00,0.0000000000000000e+00,0.0000000000000000e+00
3.4801136363636365e-01,1.7045454545454544e-01,0.0000000000000000e+00,0.0000000000000000e+00,0.0000000000000000e+00
3.4801136363636365e-01,1.9318181818181818e-01,0.0000000000000000e+00,0.0000000000000000e+00,0.0000000000000000e+00
3.4801136363636365e-01,2.1590909090909091e-01,0.0000000000000000e+00,0.0000000000000000e+00,0.0000000000000000e+00
3.4801136363636365e-01,2.3863636363636365e-01,0.0000000000000000e+00,0.0000000000000000e+00,0.0000000000000000e+00
3.4801136363636365e-01,2.6136363636363635e-01,0.0000000000000000e+00,0.0000000000000000e+00,0.0000000000000000e+00
3.4801136363636365e-01,2.8409090909090912e-01,0.0000000000000000e+00,0.0000000000000000e+00,0.0000000000000000e+00
3.4801136363636365e-01,3.0681818181818182e-01,0.0000000000000000e+00,0.0000000000000000e+00,0.0000000000000000e+00
3.4801136363636365e-01,3.2954545454545453e-01,0.0000000000000000e+00,0.0000000000000000e+00,0.0000000000000000e+00
3.4801136363636365e-01,3.5227272727272729e-01,0.0000000000000000e+00,0.0000000000000000e+00,0.0000000000000000e+00
3.4801136363636365e-01,3.7500000000000000e-01,0.0000000000000000e+00,0.0000000000000000e+00,0.0000000000000000e+00
3.4801136363636365e-01,3.9772727272727271e-01,0.0000000000000000e+00,0.0000000000000000e+00,0.0000000000000000e+00
3.4801136363636365e-01,4.2045454545454547e-01,0.0000000000000000e+00,0.0000000000000000e+00,0.0000000000000000e+00
3.4801136363636365e-01,4.4318181818181818e-01,0.0000000000000000e+00,0.0000000000000000e+00,0.0000000000000000e+00
3.4801136363636365e-01,4.6590909090909088e-01,0.0000000000000000e+00,0.0000000000000000e+00,0.0000000000000000e+00
3.4801136363636365e-01,4.8863636363636365e-01,0.0000000000000000e+00,0.0000000000000000e+00,0.0000000000000000e+00
3.4801136363636365e-01,5.1136363636363635e-01,0.0000000000000000e+00,0.0000000000000000e+00,0.0000000000000000e+00
3.4801136363636365e-01,5.3409090909090906e-01,0.0000000000000000e+00,0.0000000000000000e+00,0.0000000000000000e+00
3.4801136363636365e-01,5.5681818181818177e-01,0.0000000000000000e+00,0.0000000000000000e+00,0.0000000000000000e+00
3.4801136363636365e-01,5.7954545454545459e-01,0.0000000000000000e+00,0.0000000000000000e+00,0.0000000000000000e+00
3.4801136363636365e-01,6.0227272727272729e-01,0.0000000000000000e+00,0.0000000000000000e+00,0.0000000000000000e+00
3.4801136363636365e-01,6.2500000000000000e-01,0.0000000000000000e+00,0.0000000000000000e+00,0.0000000000000000e+00
3.4801136363636365e-01,6.4772727272727271e-01,0.0000000000000000e+00,0.0000000000000000e+00,0.0000000000000000e+00
3.4801136363636365e-01,6.7045454545454541e-01,0.0000000000000000e+00,0.0000000000000000e+00,0.0000000000000000e+00
3.4801136363636365e-01,6.9318181818181823e-01,0.0000000000000000e+00,0.0000000000000000e+00,0.0000000000000000e+00
3.4801136363636365e-01,7.1590909090909094e-01,0.0000000000000000e+00,0.0000000000000000e+00,0.0000000000000000e+00
3.4801136363636365e-01,7.3863636363636365e-01,0.0000000000000000e+00,0.0000000000000000e+00,0.0000000000000000e+00
3.4801136363636365e-01,7.6136363636363635e-01,0.0000000000000000e+00,0.0000000000000000e+00,0.0000000000000000e+00
3.4801136363636365e-01,7.8409090909090906e-01,0.0000000000000000e+00,0.0000000000000000e+00,0.0000000000000000e+00
3.4801136363636365e-01,8.0681818181818177e-01,0.0000000000000000e+00,0.0000000000000000e+00,0.0000000000000000e+00
3.4801136363636365e-01,8.2954545454545459e-01,0.0000000000000000e+00,0.0000000000000000e+00,0.0000000000000000e+00
3.4801136363636365e-01,8.5227272727272729e-01,0.0000000000000000e+00,0.0000000000000000e+00,0.0000000000000000e+00
3.4801136363636365e-01,8.7500000000000000e-01,0.0000000000000000e+00,0.0000000000000000e+00,0.0000000000000000e+00
3.4801136363636365e-01,8.9772727272727271e-01,0.0000000000000000e+00,0.0000000000000000e+00,0.0000000000000000e+00
3.4801136363636365e-01,9.2045454545454541e-01,0.0000000000000000e+00,0.0000000000000000e+00,0.0000000000000000e+00
3.4801136363636365e-01,9.4318181818181823e-01,0.0000000000000000e+00,0.0000000000000000e+00,0.0000000000000000e+00
3.4801136363636365e-01,9.6590909090909094e-01,0.0000000000000000e+00,0.0000000000000000e+00,0.0000000000000000e+00
3.4801136363636365e-01,9.8863636363636365e-01,0.0000000000000000e+00,0.0000000000000000e+00,0.0000000000000000e+00
3.6221590909090912e-01,1.1363636363636364e-02,0.0000000000000000e+00,0.0000000000000000e+00,0.0000000000000000e+00
3.6221590909090912e-01,3.4090909090909088e-02,0.0000000000000000e+00,0.0000000000000000e+00,0.0000000000000000e+00
3.6221590909090912e-01,5.6818181818181816e-02,0.0000000000000000e+00,0.0000000000000000e+00,0.0000000000000000e+00
3.6221590909090912e-01,7.9545454545454544e-02,0.0000000000000000e+00,0.0000000000000000e+00,0.0000000000000000e+00
3.6221590909090912e-01,1.0227272727272728e-01,0.0000000000000000e+00,0.0000000000000000e+00,0.0000000000000000e+00
3.6221590909090912e-01,1.2500000000000000e-01,0.0000000000000000e+00,0.0000000000000000e+00,0.0000000000000000e+00
3.6221590909090912e-01,1.4772727272727273e-01,0.0000000000000000e+00,0.0000000000000000e+00,0.0000000000000000e+00
3.6221590909090912e-01,1.7045454545454544e-01,0.0000000000000000e+00,0.0000000000000000e+00,0.0000000000000000e+00
3.6221590909090912e-01,1.9318181818181818e-01,0.0000000000000000e+00,0.0000000000000000e+00,0.0000000000000000e+00
3.6221590909090912e-01,2.1590909090909091e-01,0.0000000000000000e+00,0.0000000000000000e+00,0.0000000000000000e+00
3.6221590909090912e-01,2.3863636363636365e-01,0.0000000000000000e+00,0.0000000000000000e+00,0.0000000000000000e+00
3.6221590909090912e-01,2.6136363636363635e-01,0.0000000000000000e+00,0.0000000000000000e+00,0.0000000000000000e+00
3.6221590909090912e-01,2.8409090909090912e-01,0.0000000000000000e+00,0.0000000000000000e+00,0.0000000000000000e+00
3.6221590909090912e-01,3.0681818181818182e-01,0.0000000000000000e+00,0.0000000000000000e+00,0.0000000000000000e+00
3.6221590909090912e-01,3.2954545454545453e-01,0.0000000000000000e+00,0.0000000000000000e+00,0.0000000000000000e+00
3.6221590909090912e-01,3.5227272727272729e-01,0.0000000000000000e+00,0.0000000000000000e+00,0.0000000000000000e+00
3.6221590909090912e-01,3.7500000000000000e-01,0.0000000000000000e+00,0.0000000000000000e+00,0.0000000000000000e+00
3.6221590909090912e-01,3.9772727272727271e-01,0.0000000000000000e+00,0.0000000000000000e+00,0.0000000000000000e+00
3.6221590909090912e-01,4.2045454545454547e-01,0.0000000000000000e+00,0.0000000000000000e+00,0.0000000000000000e+00
3.6221590909090912e-01,4.4318181818181818e-01,0.0000000000000000e+00,0.0000000000000000e+00,0.0000000000000000e+00
3.6221590909090912e-01,4.6590909090909088e-01,0.0000000000000000e+00,0.0000000000000000e+00,0.0000000000000000e+00
3.6221590909090912e-01,4.8863636363636365e-01,0.0000000000000000e+00,0.0000000000000000e+00,0.0000000000000000e+00
3.6221590909090912e-01,5.1136363636363635e-01,0.0000000000000000e+00,0.0000000000000000e+00,0.0000000000000000e+00
3.6221590909090912e-01,5.3409090909090906e-01,0.0000000000000000e+00,0.0000000000000000e+00,0.0000000000000000e+00
3.6221590909090912e-01,5.5681818181818177e-01,0.0000000000000000e+00,0.0000000000000000e+00,0.0000000000000000e+00
3.6221590909090912e-01,5.7954545454545459e-01,0.0000000000000000e+00,0.0000000000000000e+00,0.0000000000000000e+00
3.6221590909090912e-01,6.0227272727272729e-01,0.0000000000000000e+00,0.0000000000000000e+00,0.0000000000000000e+00
3.6221590909090912e-01,6.2500000000000000e-01,0.0000000000000000e+00,0.0000000000000000e+00,0.0000000000000000e+00
3.6221590909090912e-01,6.4772727272727271e-01,0.0000000000000000e+00,0.0000000000000000e+00,0.0000000000000000e+00
3.6221590909090912e-01,6.7045454545454541e-01,0.0000000000000000e+00,0.0000000000000000e+00,0.0000000000000000e+00
3.6221590909090912e-01,6.9318181818181823e-01,0.0000000000000000e+00,0.0000000000000000e+00,0.0000000000000000e+00
3.6221590909090912e-01,7.1590909090909094e-01,0.0000000000000000e+00,0.0000000000000000e+00,0.0000000000000000e+00
3.6221590909090912e-01,7.3863636363636365e-01,0.0000000000000000e+00,0.0000000000000000e+00,0.0000000000000000e+00
3.6221590909090912e-01,7.6136363636363635e-01,0.0000000000000000e+00,0.0000000000000000e+00,0.0000000000000000e+00
3.6221590909090912e-01,7.8409090909090906e-01,0.0000000000000000e+00,0.0000000000000000e+00,0.0000000000000000e+00
3.6221590909090912e-01,8.0681818181818177e-01,0.0000000000000000e+00,0.0000000000000000e+00,0.0000000000000000e+00
3.6221590909090912e-01,8.2954545454545459e-01,0.0000000000000000e+00,0.0000000000000000e+00,0.0000000000000000e+00
3.6221590909090912e-01,8.5227272727272729e-01,0.0000000000000000e+00,0.0000000000000000e+00,0.0000000000000000e+00
3.6221590909090912e-01,8.7500000000000000e-01,0.0000000000000000e+00,0.0000000000000000e+00,0.0000000000000000e+00
3.6221590909090912e-01,8.9772727272727271e-01,0.0000000000000000e+00,0.0000000000000000e+00,0.0000000000000000e+00
3.6221590909090912e-01,9.2045454545454541e-01,0.0000000000000000e+00,0.0000000000000000e+00,0.0000000000000000e+00
3.6221590909090912e-01,9.4318181818181823e-01,0.0000000000000000e+00,0.0000000000000000e+00,0.0000000000000000e+00
3.6221590909090912e-01,9.6590909090909094e-01,0.0000000000000000e+00,0.0000000000000000e+00,0.0000000000000000e+00
3.6221590909090912e-01,9.8863636363636365e-01,0.0000000000000000e+00,0.0000000000000000e+00,0.0000000000000000e+00
3.7642045454545453e-01,1.1363636363636364e-02,0.0000000000000000e+00,0.0000000000000000e+00,0.0000000000000000e+00
3.7642045454545453e-01,3.4090909090909088e-02,0.0000000000000000e+00,0.0000000000000000e+00,0.0000000000000000e+00
3.7642045454545453e-01,5.6818181818181816e-02,0.0000000000000000e+00,0.0000000000000000e+00,0.0000000000000000e+00
3.7642045454545453e-01,7.9545454545454544e-02,0.0000000000000000e+00,0.0000000000000000e+00,0.0000000000000000e+00
3.7642045454545453e-01,1.0227272727272728e-01,0.0000000000000000e+00,0.0000000000000000e+00,0.0000000000000000e+00
3.7642045454545453e-01,1.2500000000000000e-01,0.0000000000000000e+00,0.0000000000000000e+00,0.0000000000000000e+00
3.7642045454545453e-01,1.4772727272727273e-01,0.0000000000000000e+00,0.0000000000000000e+00,0.0000000000000000e+00
3.7642045454545453e-01,1.7045454545454544e-01,0.0000000000000000e+00,0.0000000000000000e+00,0.0000000000000000e+00
3.7642045454545453e-01,1.9318181818181818e-01,0.0000000000000000e+00,0.0000000000000000e+00,0.0000000000000000e+00
3.7642045454545453e-01,2.1590909090909091e-01,0.0000000000000000e+00,0.0000000000000000e+00,0.0000000000000000e+00
3.7642045454545453e-01,2.3863636363636365e-01,0.0000000000000000e+00,0.0000000000000000e+00,0.0000000000000000e+00
3.7642045454545453e-01,2.6136363636363635e-01,0.0000000000000000e+00,0.0000000000000000e+00,0.0000000000000000e+00
3.7642045454545453e-01,2.8409090909090912e-01,0.0000000000000000e+00,0.0000000000000000e+00,0.0000000000000000e+00
3.7642045454545453e-01,3.0681818181818182e-01,0.0000000000000000e+00,0.0000000000000000e+00,0.0000000000000000e+00
3.7642045454545453e-01,3.2954545454545453e-01,0.0000000000000000e+00,0.0000000000000000e+00,0.0000000000000000e+00
3.7642045454545453e-01,3.5227272727272729e-01,0.0000000000000000e+00,0.0000000000000000e+00,0.0000000000000000e+00
3.7642045454545453e-01,3.7500000000000000e-01,0.0000000000000000e+00,0.0000000000000000e+00,0.0000000000000000e+00
3.7642045454545453e-01,3.9772727272727271e-01,0.0000000000000000e+00,0.0000000000000000e+00,0.0000000000000000e+00
3.7642045454545453e-01,4.2045454545454547e-01,0.0000000000000000e+00,0.0000000000000000e+00,0.0000000000000000e+00
3.7642045454545453e-01,4.4318181818181818e-01,0.0000000000000000e+00,0.0000000000000000e+00,0.0000000000000000e+00
3.7642045454545453e-01,4.6590909090909088e-01,0.0000000000000000e+00,0.0000000000000000e+00,0.0000000000000000e+00
3.7642045454545453e-01,4.8863636363636365e-01,0.0000000000000000e+00,0.0000000000000000e+00,0.0000000000000000e+00
3.7642045454545453e-01,5.1136363636363635e-01,0.0000000000000000e+00,0.0000000000000000e+00,0.0000000000000000e+00
3.7642045454545453e-01,5.3409090909090906e-01,0.0000000000000000e+00,0.0000000000000000e+00,0.0000000000000000e+00
3.7642045454545453e-01,5.5681818181818177e-01,0.0000000000000000e+00,0.0000000000000000e+00,0.0000000000000000e+00
3.7642045454545453e-01,5.7954545454545459e-01,0.0000000000000000e+00,0.0000000000000000e+00,0.0000000000000000e+00
3.7642045454545453e-01,6.0227272727272729e-01,0.0000000000000000e+00,0.0000000000000000e+00,0.0000000000000000e+00
3.7642045454545453e-01,6.2500000000000000e-01,0.0000000000000000e+00,0.0000000000000000e+00,0.0000000000000000e+00
3.7642045454545453e-01,6.4772727272727271e-01,0.0000000000000000e+00,0.0000000000000000e+00,0.0000000000000000e+00
3.7642045454545453e-01,6.7045454545454541e-01,0.0000000000000000e+00,0.0000000000000000e+00,0.0000000000000000e+00
3.7642045454545453e-01,6.9318181818181823e-01,0.0000000000000000e+00,0.0000000000000000e+00,0.0000000000000000e+00
3.7642045454545453e-01,7.1590909090909094e-01,0.0000000000000000e+00,0.0000000000000000e+00,0.0000000000000000e+00
3.7642045454545453e-01,7.3863636363636365e-01,0.0000000000000000e+00,0.0000000000000000e+00,0.0000000000000000e+00
3.7642045454545453e-01,7.6136363636363635e-01,0.0000000000000000e+00,0.0000000000000000e+00,0.0000000000000000e+00
3.7642045454545453e-01,7.8409090909090906e-01,0.0000000000000000e+00,0.0000000000000000e+00,0.0000000000000000e+00
3.7642045454545453e-01,8.0681818181818177e-01,0.0000000000000000e+00,0.0000000000000000e+00,0.0000000000000000e+00
3.7642045454545453e-01,8.2954545454545459e-01,0.0000000000000000e+00,0.0000000000000000e+00,0.0000000000000000e+00
3.7642045454545453e-01,8.5227272727272729e-01,0.0000000000000000e+00,0.0000000000000000e+00,0.0000000000000000e+00
3.7642045454545453e-01,8.7500000000000000e-01,0.0000000000000000e+00,0.0000000000000000e+00,0.0000000000000000e+00
3.7642045454545453e-01,8.9772727272727271e-01,0.0000000000000000e+00,0.0000000000000000e+00,0.0000000000000000e+00
3.7642045454545453e-01,9.2045454545454541e-01,0.0000000000000000e+00,0.0000000000000000e+00,0.0000000000000000e+00
3.7642045454545453e-01,9.4318181818181823e-01,0.0000000000000000e+00,0.0000000000000000e+00,0.0000000000000000e+00
3.7642045454545453e-01,9.6590909090909094e-01,0.0000000000000000e+00,0.0000000000000000e+00,0.0000000000000000e+00
3.7642045454545453e-01,9.8863636363636365e-01,0.0000000000000000e+00,0.0000000000000000e+00,0.0000000000000000e+00
3.9062500000000000e-01,1.1363636363636364e-02,0.0000000000000000e+00,0.0000000000000000e+00,0.0000000000000000e+00
3.9062500000000000e-01,3.4090909090909088e-02,0.0000000000000000e+00,0.0000000000000000e+00,0.0000000000000000e+00
3.9062500000000000e-01,5.6818181818181816e-02,0.0000000000000000e+00,0.0000000000000000e+00,0.0000000000000000e+00
3.9062500000000000e-01,7.9545454545454544e-02,0.0000000000000000e+00,0.0000000000000000e+00,0.0000000000000000e+00
3.9062500000000000e-01,1.0227272727272728e-01,0.0000000000000000e+00,0.0000000000000000e+00,0.0000000000000000e+00
3.9062500000000000e-01,1.2500000000000000e-01,0.0000000000000000e+00,0.0000000000000000e+00,0.0000000000000000e+00
3.9062500000000000e-01,1.4772727272727273e-01,0.0000000000000000e+00,0.0000000000000000e+00,0.0000000000000000e+00
3.9062500000000000e-01,1.7045454545454544e-01,0.0000000000000000e+00,0.0000000000000000e+00,0.0000000000000000e+00
3.9062500000000000e-01,1.9318181818181818e-01,0.0000000000000000e+00,0.0000000000000000e+00,0.0000000000000000e+00
3.9062500000000000e-01,2.1590909090909091e-01,0.0000000000000000e+00,0.0000000000000000e+00,0.0000000000000000e+00
3.9062500000000000e-01,2.3863636363636365e-01,0.0000000000000000e+00,0.0000000000000000e+00,0.0000000000000000e+00
3.9062500000000000e-01,2.6136363636363635e-01,0.0000000000000000e+00,0.0000000000000000e+00,0.0000000000000000e+00
3.9062500000000000e-01,2.8409090909090912e-01,0.0000000000000000e+00,0.0000000000000000e+00,0.0000000000000000e+00
3.9062500000000000e-01,3.0681818181818182e-01,0.0000000000000000e+00,0.0000000000000000e+00,0.0000000000000000e+00
3.9062500000000000e-01,3.2954545454545453e-01,0.0000000000000000e+00,0.0000000000000000e+00,0.0000000000000000e+00
3.9062500000000000e-01,3.5227272727272729e-01,0.0000000000000000e+00,0.0000000000000000e+00,0.0000000000000000e+00
3.9062500000000000e-01,3.7500000000000000e-01,0.0000000000000000e+00,0.0000000000000000e+00,0.0000000000000000e+00
3.9062500000000000e-01,3.9772727272727271e-01,0.0000000000000000e+00,0.0000000000000000e+00,0.0000000000000000e+00
3.9062500000000000e-01,4.2045454545454547e-01,0.0000000000000000e+00,0.0000000000000000e+00,0.0000000000000000e+00
3.9062500000000000e-01,4.4318181818181818e-01,0.0000000000000000e+00,0.0000000000000000e+00,0.0000000000000000e+00
3.9062500000000000e-01,4.6590909090909088e-01,0.0000000000000000e+00,0.0000000000000000e+00,0.0000000000000000e+00
3.9062500000000000e-01,4.8863636363636365e-01,0.0000000000000000e+00,0.0000000000000000e+00,0.0000000000000000e+00
3.9062500000000000e-01,5.1136363636363635e-01,0.0000000000000000e+00,0.0000000000000000e+00,0.0000000000000000e+00
3.9062500000000000e-01,5.3409090909090906e-01,0.0000000000000000e+00,0.0000000000000000e+00,0.0000000000000000e+00
3.9062500000000000e-01,5.5681818181818177e-01,0.0000000000000000e+00,0.0000000000000000e+00,0.0000000000000000e+00
3.9062500000000000e-01,5.7954545454545459e-01,0.0000000000000000e+00,0.0000000000000000e+00,0.0000000000000000e+00
3.9062500000000000e-01,6.0227272727272729e-01,0.0000000000000000e+00,0.0000000000000000e+00,0.0000000000000000e+00
3.9062500000000000e-01,6.2500000000000000e-01,0.0000000000000000e+00,0.0000000000000000e+00,0.0000000000000000e+00
3.9062500000000000e-01,6.4772727272727271e-01,0.0000000000000000e+00,0.0000000000000000e+00,0.0000000000000000e+00
3.9062500000000000e-01,6.7045454545454541e-01,0.0000000000000000e+00,0.0000000000000000e+00,0.0000000000000000e+00
3.9062500000000000e-01,6.9318181818181823e-01,0.0000000000000000e+00,0.0000000000000000e+00,0.0000000000000000e+00
3.9062500000000000e-01,7.1590909090909094e-01,0.0000000000000000e+00,0.0000000000000000e+00,0.0000000000000000e+00
3.9062500000000000e-01,7.3863636363636365e-01,0.0000000000000000e+00,0.0000000000000000e+00,0.0000000000000000e+00
3.9062500000000000e-01,7.6136363636363635e-01,0.0000000000000000e+00,0.0000000000000000e+00,0.0000000000000000e+00
3.9062500000000000e-01,7.8409090909090906e-01,0.0000000000000000e+00,0.0000000000000000e+00,0.0000000000000000e+00
3.9062500000000000e-01,8.0681818181818177e-01,0.0000000000000000e+00,0.0000000000000000e+00,0.0000000000000000e+00
3.9062500000000000e-01,8.2954545454545459e-01,0.0000000000000000e+00,0.0000000000000000e+00,0.0000000000000000e+00
3.9062500000000000e-01,8.5227272727272729e-01,0.0000000000000000e+00,0.0000000000000000e+00,0.0000000000000000e+00
3.9062500000000000e-01,8.7500000000000000e-01,0.0000000000000000e+00,0.0000000000000000e+00,0.0000000000000000e+00
3.9062500000000000e-01,8.9772727272727271e-01,0.0000000000000000e+00,0.0000000000000000e+00,0.0000000000000000e+00
3.9062500000000000e-01,9.2045454545454541e-01,0.0000000000000000e+00,0.0000000000000000e+00,0.0000000000000000e+00
3.9062500000000000e-01,9.4318181818181823e-01,0.0000000000000000e+00,0.0000000000000000e+00,0.0000000000000000e+00
3.9062500000000000e-01,9.6590909090909094e-01,0.0000000000000000e+00,0.0000000000000000e+00,0.0000000000000000e+00
3.9062500000000000e-01,9.8863636363636365e-01,0.0000000000000000e+00,0.0000000000000000e+00,0.0000000000000000e+00
4.0482954545454547e-01,1.1363636363636364e-02,0.0000000000000000e+00,0.0000000000000000e+00,0.0000000000000000e+00
4.0482954545454547e-01,3.4090909090909088e-02,0.0000000000000000e+00,0.0000000000000000e+00,0.0000000000000000e+00
4.0482954545454547e-01,5.6818181818181816e-02,0.0000000000000000e+00,0.0000000000000000e+00,0.0000000000000000e+00
4.0482954545454547e-01,7.9545454545454544e-02,0.0000000000000000e+00,0.0000000000000000e+00,0.0000000000000000e+00
4.0482954545454547e-01,1.0227272727272728e-01,0.0000000000000000e+00,0.0000000000000000e+00,0.0000000000000000e+00
4.0482954545454547e-01,1.2500000000000000e-01,0.0000000000000000e+00,0.0000000000000000e+00,0.0000000000000000e+00
4.0482954545454547e-01,1.4772727272727273e-01,0.0000000000000000e+00,0.0000000000000000e+00,0.0000000000000000e+00
4.0482954545454547e-01,1.7045454545454544e-01,0.0000000000000000e+00,0.0000000000000000e+00,0.0000000000000000e+00
4.0482954545454547e-01,1.9318181818181818e-01,0.0000000000000000e+00,0.0000000000000000e+00,0.0000000000000000e+00
4.0482954545454547e-01,2.1590909090909091e-01,0.0000000000000000e+00,0.0000000000000000e+00,0.0000000000000000e+00
4.0482954545454547e-01,2.3863636363636365e-01,0.0000000000000000e+00,0.0000000000000000e+00,0.0000000000000000e+00
4.0482954545454547e-01,2.6136363636363635e-01,0.0000000000000000e+00,0.0000000000000000e+00,0.0000000000000000e+00
4.0482954545454547e-01,2.8409090909090912e-01,0.0000000000000000e+00,0.0000000000000000e+00,0.0000000000000000e+00
4.0482954545454547e-01,3.0681818181818182e-01,0.0000000000000000e+00,0.0000000000000000e+00,0.0000000000000000e+00
4.0482954545454547e-01,3.2954545454545453e-01,0.0000000000000000e+00,0.0000000000000000e+00,0.0000000000000000e+00
4.0482954545454547e-01,3.5227272727272729e-01,0.0000000000000000e+00,0.0000000000000000e+00,0.0000000000000000e+00
4.0482954545454547e-01,3.7500000000000000e-01,0.0000000000000000e+00,0.0000000000000000e+00,0.0000000000000000e+00
4.0482954545454547e-01,3.9772727272727271e-01,0.0000000000000000e+00,0.0000000000000000e+00,0.0000000000000000e+00
4.0482954545454547e-01,4.2045454545454547e-01,0.0000000000000000e+00,0.0000000000000000e+00,0.0000000000000000e+00
4.0482954545454547e-01,4.4318181818181818e-01,0.0000000000000000e+00,0.0000000000000000e+00,0.0000000000000000e+00
4.0482954545454547e-01,4.6590909090909088e-01,0.0000000000000000e+00,0.0000000000000000e+00,0.0000000000000000e+00
4.0482954545454547e-01,4.8863636363636365e-01,0.0000000000000000e+00,0.0000000000000000e+00,0.0000000000000000e+00
4.0482954545454547e-01,5.1136363636363635e-01,0.0000000000000000e+00,0.0000000000000000e+00,0.0000000000000000e+00
4.0482954545454547e-01,5.3409090909090906e-01,0.0000000000000000e+00,0.0000000000000000e+00,0.0000000000000000e+00
4.0482954545454547e-01,5.5681818181818177e-01,0.0000000000000000e+00,0.0000000000000000e+00,0.0000000000000000e+00
4.0482954545454547e-01,5.7954545454545459e-01,0.0000000000000000e+00,0.0000000000000000e+00,0.0000000000000000e+00
4.0482954545454547e-01,6.0227272727272729e-01,0.0000000000000000e+00,0.0000000000000000e+00,0.0000000000000000e+00
4.0482954545454547e-01,6.2500000000000000e-01,0.0000000000000000e+00,0.0000000000000000e+00,0.0000000000000000e+00
4.0482954545454547e-01,6.4772727272727271e-01,0.0000000000000000e+00,0.0000000000000000e+00,0.0000000000000000e+00
4.0482954545454547e-01,6.7045454545454541e-01,0.0000000000000000e+00,0.0000000000000000e+00,0.0000000000000000e+00
4.0482954545454547e-01,6.9318181818181823e-01,0.0000000000000000e+00,0.0000000000000000e+00,0.0000000000000000e+00
4.0482954545454547e-01,7.1590909090909094e-01,0.0000000000000000e+00,0.0000000000000000e+00,0.0000000000000000e+00
4.0482954545454547e-01,7.3863636363636365e-01,0.0000000000000000e+00,0.0000000000000000e+00,0.0000000000000000e+00
4.0482954545454547e-01,7.6136363636363635e-01,0.0000000000000000e+00,0.0000000000000000e+00,0.0000000000000000e+00
4.0482954545454547e-01,7.8409090909090906e-01,0.0000000000000000e+00,0.0000000000000000e+00,0.0000000000000000e+00
4.0482954545454547e-01,8.0681818181818177e-01,0.0000000000000000e+00,0.0000000000000000e+00,0.0000000000000000e+00
4.0482954545454547e-01,8.2954545454545459e-01,0.0000000000000000e+00,0.0000000000000000e+00,0.0000000000000000e+00
4.0482954545454547e-01,8.5227272727272729e-01,0.0000000000000000e+00,0.0000000000000000e+00,0.0000000000000000e+00
4.0482954545454547e-01,8.7500000000000000e-01,0.0000000000000000e+00,0.0000000000000000e+00,0.0000000000000000e+00
4.0482954545454547e-01,8.9772727272727271e-01,0.0000000000000000e+00,0.0000000000000000e+00,0.0000000000000000e+00
4.0482954545454547e-01,9.2045454545454541e-01,0.0000000000000000e+00,0.0000000000000000e+00,0.0000000000000000e+00
4.0482954545454547e-01,9.4318181818181823e-01,0.0000000000000000e+00,0.0000000000000000e+00,0.0000000000000000e+00
4.0482954545454547e-01,9.6590909090909094e-01,0.0000000000000000e+00,0.0000000000000000e+00,0.0000000000000000e+00
4.0482954545454547e-01,9.8863636363636365e-01,0.0000000000000000e+00,0.0000000000000000e+00,0.0000000000000000e+00
4.1903409090909088e-01,1.1363636363636364e-02,0.0000000000000000e+00,0.0000000000000000e+00,0.0000000000000000e+00
4.1903409090909088e-01,3.4090909090909088e-02,0.0000000000000000e+00,0.0000000000000000e+00,0.0000000000000000e+00
4.1903409090909088e-01,5.6818181818181816e-02,0.0000000000000000e+00,0.0000000000000000e+00,0.0000000000000000e+00
4.1903409090909088e-01,7.9545454545454544e-02,0.0000000000000000e+00,0.0000000000000000e+00,0.0000000000000000e+00
4.1903409090909088e-01,1.0227272727272728e-01,0.0000000000000000e+00,0.0000000000000000e+00,0.0000000000000000e+00
4.1903409090909088e-01,1.2500000000000000e-01,0.0000000000000000e+00,0.0000000000000000e+00,0.0000000000000000e+00
4.1903409090909088e-01,1.4772727272727273e-01,0.0000000000000000e+00,0.0000000000000000e+00,0.0000000000000000e+00
4.1903409090909088e-01,1.7045454545454544e-01,0.0000000000000000e+00,0.0000000000000000e+00,0.0000000000000000e+00
4.1903409090909088e-01,1.9318181818181818e-01,0.0000000000000000e+00,0.0000000000000000e+00,0.0000000000000000e+00
4.1903409090909088e-01,2.1590909090909091e-01,0.0000000000000000e+00,0.0000000000000000e+00,0.0000000000000000e+00
4.1903409090909088e-01,2.3863636363636365e-01,0.0000000000000000e+00,0.0000000000000000e+00,0.0000000000000000e+00
4.1903409090909088e-01,2.6136363636363635e-01,0.0000000000000000e+00,0.0000000000000000e+00,0.0000000000000000e+00
4.1903409090909088e-01,2.8409090909090912e-01,0.0000000000000000e+00,0.0000000000000000e+00,0.0000000000000000e+00
4.1903409090909088e-01,3.0681818181818182e-01,0.0000000000000000e+00,0.0000000000000000e+00,0.0000000000000000e+00
4.1903409090909088e-01,3.2954545454545453e-01,0.0000000000000000e+00,0.0000000000000000e+00,0.0000000000000000e+00
4.1903409090909088e-01,3.5227272727272729e-01,0.0000000000000000e+00,0.0000000000000000e+00,0.0000000000000000e+00
4.1903409090909088e-01,3.7500000000000000e-01,0.0000000000000000e+00,0.0000000000000000e+00,0.0000000000000000e+00
4.1903409090909088e-01,3.9772727272727271e-01,0.0000000000000000e+00,0.0000000000000000e+00,0.0000000000000000e+00
4.1903409090909088e-01,4.2045454545454547e-01,0.0000000000000000e+00,0.0000000000000000e+00,0.0000000000000000e+00
4.1903409090909088e-01,4.4318181818181818e-01,0.0000000000000000e+00,0.0000000000000000e+00,0.0000000000000000e+00
4.1903409090909088e-01,4.6590909090909088e-01,0.0000000000000000e+00,0.0000000000000000e+00,0.0000000000000000e+00
4.1903409090909088e-01,4.8863636363636365e-01,0.0000000000000000e+00,0.0000000000000000e+00,0.0000000000000000e+00
4.1903409090909088e-01,5.1136363636363635e-01,0.0000000000000000e+00,0.0000000000000000e+00,0.0000000000000000e+00
4.1903409090909088e-01,5.3409090909090906e-01,0.0000000000000000e+00,0.0000000000000000e+00,0.0000000000000000e+00
4.1903409090909088e-01,5.5681818181818177e-01,0.0000000000000000e+00,0.0000000000000000e+00,0.0000000000000000e+00
4.1903409090909088e-01,5.7954545454545459e-01,0.0000000000000000e+00,0.0000000000000000e+00,0.0000000000000000e+00
4.1903409090909088e-01,6.0227272727272729e-01,0.0000000000000000e+00,0.0000000000000000e+00,0.0000000000000000e+00
4.1903409090909088e-01,6.2500000000000000e-01,0.0000000000000000e+00,0.0000000000000000e+00,0.0000000000000000e+00
4.1903409090909088e-01,6.4772727272727271e-01,0.0000000000000000e+00,0.0000000000000000e+00,0.0000000000000000e+00
4.1903409090909088e-01,6.7045454545454541e-01,0.0000000000000000e+00,0.0000000000000000e+00,0.0000000000000000e+00
4.1903409090909088e-01,6.9318181818181823e-01,0.0000000000000000e+00,0.0000000000000000e+00,0.0000000000000000e+00
4.1903409090909088e-01,7.1590909090909094e-01,0.0000000000000000e+00,0.0000000000000000e+00,0.0000000000000000e+00
4.1903409090909088e-01,7.3863636363636365e-01,0.0000000000000000e+00,0.0000000000000000e+00,0.0000000000000000e+00
4.1903409090909088e-01,7.6136363636363635e-01,0.0000000000000000e+00,0.0000000000000000e+00,0.0000000000000000e+00
4.1903409090909088e-01,7.8409090909090906e-01,0.0000000000000000e+00,0.0000000000000000e+00,0.0000000000000000e+00
4.1903409090909088e-01,8.0681818181818177e-01,0.0000000000000000e+00,0.0000000000000000e+00,0.0000000000000000e+00
4.1903409090909088e-01,8.2954545454545459e-01,0.0000000000000000e+00,0.0000000000000000e+00,0.0000000000000000e+00
4.1903409090909088e-01,8.5227272727272729e-01,0.0000000000000000e+00,0.0000000000000000e+00,0.0000000000000000e+00
4.1903409090909088e-01,8.7500000000000000e-01,0.0000000000000000e+00,0.0000000000000000e+00,0.0000000000000000e+00
4.1903409090909088e-01,8.9772727272727271e-01,0.0000000000000000e+00,0.0000000000000000e+00,0.0000000000000000e+00
4.1903409090909088e-01,9.2045454545454541e-01,0.0000000000000000e+00,0.0000000000000000e+00,0.0000000000000000e+00
4.1903409090909088e-01,9.4318181818181823e-01,0.0000000000000000e+00,0.0000000000000000e+00,0.0000000000000000e+00
4.1903409090909088e-01,9.6590909090909094e-01,0.0000000000000000e+00,0.0000000000000000e+00,0.0000000000000000e+00
4.1903409090909088e-01,9.8863636363636365e-01,0.0000000000000000e+00,0.0000000000000000e+00,0.0000000000000000e+00
4.3323863636363635e-01,1.1363636363636364e-02,0.0000000000000000e+00,0.0000000000000000e+00,0.0000000000000000e+00
4.3323863636363635e-01,3.4090909090909088e-02,0.0000000000000000e+00,0.0000000000000000e+00,0.0000000000000000e+00
4.3323863636363635e-01,5.6818181818181816e-02,0.0000000000000000e+00,0.0000000000000000e+00,0.0000000000000000e+00
4.3323863636363635e-01,7.9545454545454544e-02,0.0000000000000000e+00,0.0000000000000000e+00,0.0000000000000000e+00
4.3323863636363635e-01,1.0227272727272728e-01,0.0000000000000000e+00,0.0000000000000000e+00,0.0000000000000000e+00
4.3323863636363635e-01,1.2500000000000000e-01,0.0000000000000000e+00,0.0000000000000000e+00,0.0000000000000000e+00
4.3323863636363635e-01,1.4772727272727273e-01,0.0000000000000000e+00,0.0000000000000000e+00,0.0000000000000000e+00
4.3323863636363635e-01,1.7045454545454544e-01,0.0000000000000000e+00,0.0000000000000000e+00,0.0000000000000000e+00
4.3323863636363635e-01,1.9318181818181818e-01,0.0000000000000000e+00,0.0000000000000000e+00,0.0000000000000000e+00
4.3323863636363635e-01,2.1590909090909091e-01,0.0000000000000000e+00,0.0000000000000000e+00,0.0000000000000000e+00
4.3323863636363635e-01,2.3863636363636365e-01,0.0000000000000000e+00,0.0000000000000000e+00,0.0000000000000000e+00
4.3323863636363635e-01,2.6136363636363635e-01,0.0000000000000000e+00,0.0000000000000000e+00,0.0000000000000000e+00
4.3323863636363635e-01,2.8409090909090912e-01,0.0000000000000000e+00,0.0000000000000000e+00,0.0000000000000000e+00
4.3323863636363635e-01,3.0681818181818182e-01,0.0000000000000000e+00,0.0000000000000000e+00,0.0000000000000000e+00
4.3323863636363635e-01,3.2954545454545453e-01,0.0000000000000000e+00,0.0000000000000000e+00,0.0000000000000000e+00
4.3323863636363635e-01,3.5227272727272729e-01,0.0000000000000000e+00,0.0000000000000000e+00,0.0000000000000000e+00
4.3323863636363635e-01,3.7500000000000000e-01,0.0000000000000000e+00,0.0000000000000000e+00,0.0000000000000000e+00
4.3323863636363635e-01,3.9772727272727271e-01,0.0000000000000000e+00,0.0000000000000000e+00,0.0000000000000000e+00
4.3323863636363635e-01,4.2045454545454547e-01,0.0000000000000000e+00,0.0000000000000000e+00,0.0000000000000000e+00
4.3323863636363635e-01,4.4318181818181818e-01,0.0000000000000000e+00,0.0000000000000000e+00,0.0000000000000000e+00
4.3323863636363635e-01,4.6590909090909088e-01,0.0000000000000000e+00,0.0000000000000000e+00,0.0000000000000000e+00
4.3323863636363635e-01,4.8863636363636365e-01,0.0000000000000000e+00,0.0000000000000000e+00,0.0000000000000000e+00
4.3323863636363635e-01,5.1136363636363635e-01,0.0000000000000000e+00,0.0000000000000000e+00,0.0000000000000000e+00
4.3323863636363635e-01,5.3409090909090906e-01,0.0000000000000000e+00,0.0000000000000000e+00,0.0000000000000000e+00
4.3323863636363635e-01,5.5681818181818177e-01,0.0000000000000000e+00,0.0000000000000000e+00,0.0000000000000000e+00
4.3323863636363635e-01,5.7954545454545459e-01,0.0000000000000000e+00,0.0000000000000000e+00,0.0000000000000000e+00
4.3323863636363635e-01,6.0227272727272729e-01,0.0000000000000000e+00,0.0000000000000000e+00,0.0000000000000000e+00
4.3323863636363635e-01,6.2500000000000000e-01,0.0000000000000000e+00,0.0000000000000000e+00,0.0000000000000000e+00
4.3323863636363635e-01,6.4772727272727271e-01,0.0000000000000000e+00,0.0000000000000000e+00,0.0000000000000000e+00
4.3323863636363635e-01,6.7045454545454541e-01,0.0000000000000000e+00,0.0000000000000000e+00,0.0000000000000000e+00
4.3323863636363635e-01,6.9318181818181823e-01,0.0000000000000000e+00,0.0000000000000000e+00,0.0000000000000000e+00
4.3323863636363635e-01,7.1590909090909094e-01,0.0000000000000000e+00,0.0000000000000000e+00,0.0000000000000000e+00
4.3323863636363635e-01,7.3863636363636365e-01,0.0000000000000000e+00,0.0000000000000000e+00,0.0000000000000000e+00
4.3323863636363635e-01,7.6136363636363635e-01,0.0000000000000000e+00,0.0000000000000000e+00,0.0000000000000000e+00
4.3323863636363635e-01,7.8409090909090906e-01,0.0000000000000000e+00,0.0000000000000000e+00,0.0000000000000000e+00
4.3323863636363635e-01,8.0681818181818177e-01,0.0000000000000000e+00,0.0000000000000000e+00,0.0000000000000000e+00
4.3323863636363635e-01,8.2954545454545459e-01,0.0000000000000000e+00,0.0000000000000000e+00,0.0000000000000000e+00
4.3323863636363635e-01,8.5227272727272729e-01,0.0000000000000000e+00,0.0000000000000000e+00,0.0000000000000000e+00
4.3323863636363635e-01,8.7500000000000000e-01,0.0000000000000000e+00,0.0000000000000000e+00,0.0000000000000000e+00
4.3323863636363635e-01,8.9772727272727271e-01,0.0000000000000000e+00,0.0000000000000000e+00,0.0000000000000000e+00
4.3323863636363635e-01,9.2045454545454541e-01,0.0000000000000000e+00,0.0000000000000000e+00,0.0000000000000000e+00
4.3323863636363635e-01,9.4318181818181823e-01,0.0000000000000000e+00,0.0000000000000000e+00,0.0000000000000000e+00
4.3323863636363635e-01,9.6590909090909094e-01,0.0000000000000000e+00,0.0000000000000000e+00,0.0000000000000000e+00
4.3323863636363635e-01,9.8863636363636365e-01,0.0000000000000000e+00,0.0000000000000000e+00,0.0000000000000000e+00
4.4744318181818182e-01,1.1363636363636364e-02,0.0000000000000000e+00,0.0000000000000000e+00,0.0000000000000000e+00
4.4744318181818182e-01,3.4090909090909088e-02,0.0000000000000000e+00,0.0000000000000000e+00,0.0000000000000000e+00
4.4744318181818182e-01,5.6818181818181816e-02,0.0000000000000000e+00,0.0000000000000000e+00,0.0000000000000000e+00
4.4744318181818182e-01,7.9545454545454544e-02,0.0000000000000000e+00,0.0000000000000000e+00,0.0000000000000000e+00
4.4744318181818182e-01,1.0227272727272728e-01,0.0000000000000000e+00,0.0000000000000000e+00,0.0000000000000000e+00
4.4744318181818182e-01,1.2500000000000000e-01,0.0000000000000000e+00,0.0000000000000000e+00,0.0000000000000000e+00
4.4744318181818182e-01,1.4772727272727273e-01,0.0000000000000000e+00,0.0000000000000000e+00,0.0000000000000000e+00
4.4744318181818182e-01,1.7045454545454544e-01,0.0000000000000000e+00,0.0000000000000000e+00,0.0000000000000000e+00
4.4744318181818182e-01,1.9318181818181818e-01,0.0000000000000000e+00,0.0000000000000000e+00,0.0000000000000000e+00
4.4744318181818182e-01,2.1590909090909091e-01,0.0000000000000000e+00,0.0000000000000000e+00,0.0000000000000000e+00
4.4744318181818182e-01,2.3863636363636365e-01,0.0000000000000000e+00,0.0000000000000000e+00,0.0000000000000000e+00
4.4744318181818182e-01,2.6136363636363635e-01,0.0000000000000000e+00,0.0000000000000000e+00,0.0000000000000000e+00
4.4744318181818182e-01,2.8409090909090912e-01,0.0000000000000000e+00,0.0000000000000000e+00,0.0000000000000000e+00
4.4744318181818182e-01,3.0681818181818182e-01,0.0000000000000000e+00,0.0000000000000000e+00,0.0000000000000000e+00
4.4744318181818182e-01,3.2954545454545453e-01,0.0000000000000000e+00,0.0000000000000000e+00,0.0000000000000000e+00
4.4744318181818182e-01,3.5227272727272729e-01,0.0000000000000000e+00,0.0000000000000000e+00,0.0000000000000000e+00
4.4744318181818182e-01,3.7500000000000000e-01,0.0000000000000000e+00,0.0000000000000000e+00,0.0000000000000000e+00
4.4744318181818182e-01,3.9772727272727271e-01,0.0000000000000000e+00,0.0000000000000000e+00,0.0000000000000000e+00
4.4744318181818182e-01,4.2045454545454547e-01,0.0000000000000000e+00,0.0000000000000000e+00,0.0000000000000000e+00
4.4744318181818182e-01,4.4318181818181818e-01,0.0000000000000000e+00,0.0000000000000000e+00,0.0000000000000000e+00
4.4744318181818182e-01,4.6590909090909088e-01,0.0000000000000000e+00,0.0000000000000000e+00,0.0000000000000000e+00
4.4744318181818182e-01,4.8863636363636365e-01,0.0000000000000000e+00,0.0000000000000000e+00,0.0000000000000000e+00
4.4744318181818182e-01,5.1136363636363635e-01,0.0000000000000000e+00,0.0000000000000000e+00,0.0000000000000000e+00
4.4744318181818182e-01,5.3409090909090906e-01,0.0000000000000000e+00,0.0000000000000000e+00,0.0000000000000000e+00
4.4744318181818182e-01,5.5681818181818177e-01,0.0000000000000000e+00,0.0000000000000000e+00,0.0000000000000000e+00
4.4744318181818182e-01,5.7954545454545459e-01,0.0000000000000000e+00,0.0000000000000000e+00,0.0000000000000000e+00
4.4744318181818182e-01,6.0227272727272729e-01,0.0000000000000000e+00,0.0000000000000000e+00,0.0000000000000000e+00
4.4744318181818182e-01,6.2500000000000000e-01,0.0000000000000000e+00,0.0000000000000000e+00,0.0000000000000000e+00
4.4744318181818182e-01,6.4772727272727271e-01,0.0000000000000000e+00,0.0000000000000000e+00,0.0000000000000000e+00
4.4744318181818182e-01,6.7045454545454541e-01,0.0000000000000000e+00,0.0000000000000000e+00,0.0000000000000000e+00
4.4744318181818182e-01,6.9318181818181823e-01,0.0000000000000000e+00,0.0000000000000000e+00,0.0000000000000000e+00
4.4744318181818182e-01,7.1590909090909094e-01,0.0000000000000000e+00,0.0000000000000000e+00,0.0000000000000000e+00
4.4744318181818182e-01,7.3863636363636365e-01,0.0000000000000000e+00,0.0000000000000000e+00,0.0000000000000000e+00
4.4744318181818182e-01,7.6136363636363635e-01,0.0000000000000000e+00,0.0000000000000000e+00,0.0000000000000000e+00
4.4744318181818182e-01,7.8409090909090906e-01,0.0000000000000000e+00,0.0000000000000000e+00,0.0000000000000000e+00
4.4744318181818182e-01,8.0681818181818177e-01,0.0000000000000000e+00,0.0000000000000000e+00,0.0000000000000000e+00
4.4744318181818182e-01,8.2954545454545459e-01,0.0000000000000000e+00,0.0000000000000000e+00,0.0000000000000000e+00
4.4744318181818182e-01,8.5227272727272729e-01,0.0000000000000000e+00,0.0000000000000000e+00,0.0000000000000000e+00
4.4744318181818182e-01,8.7500000000000000e-01,0.0000000000000000e+00,0.0000000000000000e+00,0.0000000000000000e+00
4.4744318181818182e-01,8.9772727272727271e-01,0.0000000000000000e+00,0.0000000000000000e+00,0.0000000000000000e+00
4.4744318181818182e-01,9.2045454545454541e-01,0.0000000000000000e+00,0.0000000000000000e+00,0.0000000000000000e+00
4.4744318181818182e-01,9.4318181818181823e-01,0.0000000000000000e+00,0.0000000000000000e+00,0.0000000000000000e+00
4.4744318181818182e-01,9.6590909090909094e-01,0.0000000000000000e+00,0.0000000000000000e+00,0.0000000000000000e+00
4.4744318181818182e-01,9.8863636363636365e-01,0.0000000000000000e+00,0.0000000000000000e+00,0.0000000000000000e+00
4.6164772727272729e-01,1.1363636363636364e-02,0.0000000000000000e+00,0.0000000000000000e+00,0.0000000000000000e+00
4.6164772727272729e-01,3.4090909090909088e-02,0.0000000000000000e+00,0.0000000000000000e+00,0.0000000000000000e+00
4.6164772727272729e-01,5.6818181818181816e-02,0.0000000000000000e+00,0.0000000000000000e+00,0.0000000000000000e+00
4.6164772727272729e-01,7.9545454545454544e-02,0.0000000000000000e+00,0.0000000000000000e+00,0.0000000000000000e+00
4.6164772727272729e-01,1.0227272727272728e-01,0.0000000000000000e+00,0.0000000000000000e+00,0.0000000000000000e+00
4.6164772727272729e-01,1.2500000000000000e-01,0.0000000000000000e+00,0.0000000000000000e+00,0.0000000000000000e+00
4.6164772727272729e-01,1.4772727272727273e-01,0.0000000000000000e+00,0.0000000000000000e+00,0.0000000000000000e+00
4.6164772727272729e-01,1.7045454545454544e-01,0.0000000000000000e+00,0.0000000000000000e+00,0.0000000000000000e+00
4.6164772727272729e-01,1.9318181818181818e-01,0.0000000000000000e+00,0.0000000000000000e+00,0.0000000000000000e+00
4.6164772727272729e-01,2.1590909090909091e-01,0.0000000000000000e+00,0.0000000000000000e+00,0.0000000000000000e+00
4.6164772727272729e-01,2.3863636363636365e-01,0.0000000000000000e+00,0.0000000000000000e+00,0.0000000000000000e+00
4.6164772727272729e-01,2.6136363636363635e-01,0.0000000000000000e+00,0.0000000000000000e+00,0.0000000000000000e+00
4.6164772727272729e-01,2.8409090909090912e-01,0.0000000000000000e+00,0.0000000000000000e+00,0.0000000000000000e+00
4.6164772727272729e-01,3.0681818181818182e-01,0.0000000000000000e+00,0.0000000000000000e+00,0.0000000000000000e+00
4.6164772727272729e-01,3.2954545454545453e-01,0.0000000000000000e+00,0.0000000000000000e+00,0.0000000000000000e+00
4.6164772727272729e-01,3.5227272727272729e-01,0.0000000000000000e+00,0.0000000000000000e+00,0.0000000000000000e+00
4.6164772727272729e-01,3.7500000000000000e-01,0.0000000000000000e+00,0.0000000000000000e+00,0.0000000000000000e+00
4.6164772727272729e-01,3.9772727272727271e-01,0.0000000000000000e+00,0.0000000000000000e+00,0.0000000000000000e+00
4.6164772727272729e-01,4.2045454545454547e-01,0.0000000000000000e+00,0.0000000000000000e+00,0.0000000000000000e+00
4.6164772727272729e-01,4.4318181818181818e-01,0.0000000000000000e+00,0.0000000000000000e+00,0.0000000000000000e+00
4.6164772727272729e-01,4.6590909090909088e-01,0.0000000000000000e+00,0.0000000000000000e+00,0.0000000000000000e+00
4.6164772727272729e-01,4.8863636363636365e-01,0.0000000000000000e+00,0.0000000000000000e+00,0.0000000000000000e+00
4.6164772727272729e-01,5.1136363636363635e-01,0.0000000000000000e+00,0.0000000000000000e+00,0.0000000000000000e+00
4.6164772727272729e-01,5.3409090909090906e-01,0.0000000000000000e+00,0.0000000000000000e+00,0.0000000000000000e+00
4.6164772727272729e-01,5.5681818181818177e-01,0.0000000000000000e+00,0.0000000000000000e+00,0.0000000000000000e+00
4.6164772727272729e-01,5.7954545454545459e-01,0.0000000000000000e+00,0.0000000000000000e+00,0.0000000000000000e+00
4.6164772727272729e-01,6.0227272727272729e-01,0.0000000000000000e+00,0.0000000000000000e+00,0.0000000000000000e+00
4.6164772727272729e-01,6.2500000000000000e-01,0.0000000000000000e+00,0.0000000000000000e+00,0.0000000000000000e+00
4.6164772727272729e-01,6.4772727272727271e-01,0.0000000000000000e+00,0.0000000000000000e+00,0.0000000000000000e+00
4.6164772727272729e-01,6.7045454545454541e-01,0.0000000000000000e+00,0.0000000000000000e+00,0.0000000000000000e+00
4.6164772727272729e-01,6.9318181818181823e-01,0.0000000000000000e+00,0.0000000000000000e+00,0.0000000000000000e+00
4.6164772727272729e-01,7.1590909090909094e-01,0.0000000000000000e+00,0.0000000000000000e+00,0.0000000000000000e+00
4.6164772727272729e-01,7.3863636363636365e-01,0.0000000000000000e+00,0.0000000000000000e+00,0.0000000000000000e+00
4.6164772727272729e-01,7.6136363636363635e-01,0.0000000000000000e+00,0.0000000000000000e+00,0.0000000000000000e+00
4.6164772727272729e-01,7.8409090909090906e-01,0.0000000000000000e+00,0.0000000000000000e+00,0.0000000000000000e+00
4.6164772727272729e-01,8.0681818181818177e-01,0.0000000000000000e+00,0.0000000000000000e+00,0.0000000000000000e+00
4.6164772727272729e-01,8.2954545454545459e-01,0.0000000000000000e+00,0.0000000000000000e+00,0.0000000000000000e+00
4.6164772727272729e-01,8.5227272727272729e-01,0.0000000000000000e+00,0.0000000000000000e+00,0.0000000000000000e+00
4.6164772727272729e-01,8.7500000000000000e-01,0.0000000000000000e+00,0.0000000000000000e+00,0.0000000000000000e+00
4.6164772727272729e-01,8.9772727272727271e-01,0.0000000000000000e+00,0.0000000000000000e+00,0.0000000000000000e+00
4.6164772727272729e-01,9.2045454545454541e-01,0.0000000000000000e+00,0.0000000000000000e+00,0.0000000000000000e+00
4.6164772727272729e-01,9.4318181818181823e-01,0.0000000000000000e+00,0.0000000000000000e+00,0.0000000000000000e+00
4.6164772727272729e-01,9.6590909090909094e-01,0.0000000000000000e+00,0.0000000000000000e+00,0.0000000000000000e+00
4.6164772727272729e-01,9.8863636363636365e-01,0.0000000000000000e+00,0.0000000000000000e+00,0.0000000000000000e+00
4.7585227272727271e-01,1.1363636363636364e-02,0.0000000000000000e+00,0.0000000000000000e+00,0.0000000000000000e+00
4.7585227272727271e-01,3.4090909090909088e-02,0.0000000000000000e+00,0.0000000000000000e+00,0.0000000000000000e+00
4.7585227272727271e-01,5.6818181818181816e-02,0.0000000000000000e+00,0.0000000000000000e+00,0.0000000000000000e+00
4.7585227272727271e-01,7.9545454545454544e-02,0.0000000000000000e+00,0.0000000000000000e+00,0.0000000000000000e+00
4.7585227272727271e-01,1.0227272727272728e-01,0.0000000000000000e+00,0.0000000000000000e+00,0.0000000000000000e+00
4.7585227272727271e-01,1.2500000000000000e-01,0.0000000000000000e+00,0.0000000000000000e+00,0.0000000000000000e+00
4.7585227272727271e-01,1.4772727272727273e-01,0.0000000000000000e+00,0.0000000000000000e+00,0.0000000000000000e+00
4.7585227272727271e-01,1.7045454545454544e-01,0.0000000000000000e+00,0.0000000000000000e+00,0.0000000000000000e+00
4.7585227272727271e-01,1.9318181818181818e-01,0.0000000000000000e+00,0.0000000000000000e+00,0.0000000000000000e+00
4.7585227272727271e-01,2.1590909090909091e-01,0.0000000000000000e+00,0.0000000000000000e+00,0.0000000000000000e+00
4.7585227272727271e-01,2.3863636363636365e-01,0.0000000000000000e+00,0.0000000000000000e+00,0.0000000000000000e+00
4.7585227272727271e-01,2.6136363636363635e-01,0.0000000000000000e+00,0.0000000000000000e+00,0.0000000000000000e+00
4.7585227272727271e-01,2.8409090909090912e-01,0.0000000000000000e+00,0.0000000000000000e+00,0.0000000000000000e+00
4.7585227272727271e-01,3.0681818181818182e-01,0.0000000000000000e+00,0.0000000000000000e+00,0.0000000000000000e+00
4.7585227272727271e-01,3.2954545454545453e-01,0.0000000000000000e+00,0.0000000000000000e+00,0.0000000000000000e+00
4.7585227272727271e-01,3.5227272727272729e-01,0.0000000000000000e+00,0.0000000000000000e+00,0.0000000000000000e+00
4.7585227272727271e-01,3.7500000000000000e-01,0.0000000000000000e+00,0.0000000000000000e+00,0.0000000000000000e+00
4.7585227272727271e-01,3.9772727272727271e-01,0.0000000000000000e+00,0.0000000000000000e+00,0.0000000000000000e+00
4.7585227272727271e-01,4.2045454545454547e-01,0.0000000000000000e+00,0.0000000000000000e+00,0.0000000000000000e+00
4.7585227272727271e-01,4.4318181818181818e-01,0.0000000000000000e+00,0.0000000000000000e+00,0.0000000000000000e+00
4.7585227272727271e-01,4.6590909090909088e-01,0.0000000000000000e+00,0.0000000000000000e+00,0.0000000000000000e+00
4.7585227272727271e-01,4.8863636363636365e-01,0.0000000000000000e+00,0.0000000000000000e+00,0.0000000000000000e+00
4.7585227272727271e-01,5.1136363636363635e-01,0.0000000000000000e+00,0.0000000000000000e+00,0.0000000000000000e+00
4.7585227272727271e-01,5.3409090909090906e-01,0.0000000000000000e+00,0.0000000000000000e+00,0.0000000000000000e+00
4.7585227272727271e-01,5.5681818181818177e-01,0.0000000000000000e+00,0.0000000000000000e+00,0.0000000000000000e+00
4.7585227272727271e-01,5.7954545454545459e-01,0.0000000000000000e+00,0.0000000000000000e+00,0.0000000000000000e+00
4.7585227272727271e-01,6.0227272727272729e-01,0.0000000000000000e+00,0.0000000000000000e+00,0.0000000000000000e+00
4.7585227272727271e-01,6.2500000000000000e-01,0.0000000000000000e+00,0.0000000000000000e+00,0.0000000000000000e+00
4.7585227272727271e-01,6.4772727272727271e-01,0.0000000000000000e+00,0.0000000000000000e+00,0.0000000000000000e+00
4.7585227272727271e-01,6.7045454545454541e-01,0.0000000000000000e+00,0.0000000000000000e+00,0.0000000000000000e+00
4.7585227272727271e-01,6.9318181818181823e-01,0.0000000000000000e+00,0.0000000000000000e+00,0.0000000000000000e+00
4.7585227272727271e-01,7.1590909090909094e-01,0.0000000000000000e+00,0.0000000000000000e+00,0.0000000000000000e+00
4.7585227272727271e-01,7.3863636363636365e-01,0.0000000000000000e+00,0.0000000000000000e+00,0.0000000000000000e+00
4.7585227272727271e-01,7.6136363636363635e-01,0.0000000000000000e+00,0.0000000000000000e+00,0.0000000000000000e+00
4.7585227272727271e-01,7.8409090909090906e-01,0.0000000000000000e+00,0.0000000000000000e+00,0.0000000000000000e+00
4.7585227272727271e-01,8.0681818181818177e-01,0.0000000000000000e+00,0.0000000000000000e+00,0.0000000000000000e+00
4.7585227272727271e-01,8.2954545454545459e-01,0.0000000000000000e+00,0.0000000000000000e+00,0.0000000000000000e+00
4.7585227272727271e-01,8.5227272727272729e-01,0.0000000000000000e+00,0.0000000000000000e+00,0.0000000000000000e+00
4.7585227272727271e-01,8.7500000000000000e-01,0.0000000000000000e+00,0.0000000000000000e+00,0.0000000000000000e+00
4.7585227272727271e-01,8.9772727272727271e-01,0.0000000000000000e+00,0.0000000000000000e+00,0.0000000000000000e+00
4.7585227272727271e-01,9.2045454545454541e-01,0.0000000000000000e+00,0.0000000000000000e+00,0.0000000000000000e+00
4.7585227272727271e-01,9.4318181818181823e-01,0.0000000000000000e+00,0.0000000000000000e+00,0.0000000000000000e+00
4.7585227272727271e-01,9.6590909090909094e-01,0.0000000000000000e+00,0.0000000000000000e+00,0.0000000000000000e+00
4.7585227272727271e-01,9.8863636363636365e-01,0.0000000000000000e+00,0.0000000000000000e+00,0.0000000000000000e+00
4.9005681818181818e-01,1.1363636363636364e-02,0.0000000000000000e+00,0.0000000000000000e+00,0.0000000000000000e+00
4.9005681818181818e-01,3.4090909090909088e-02,0.0000000000000000e+00,0.0000000000000000e+00,0.0000000000000000e+00
4.9005681818181818e-01,5.6818181818181816e-02,0.0000000000000000e+00,0.0000000000000000e+00,0.0000000000000000e+00
4.9005681818181818e-01,7.9545454545454544e-02,0.0000000000000000e+00,0.0000000000000000e+00,0.0000000000000000e+00
4.9005681818181818e-01,1.0227272727272728e-01,0.0000000000000000e+00,0.0000000000000000e+00,0.0000000000000000e+00
4.9005681818181818e-01,1.2500000000000000e-01,0.0000000000000000e+00,0.0000000000000000e+00,0.0000000000000000e+00
4.9005681818181818e-01,1.4772727272727273e-01,0.0000000000000000e+00,0.0000000000000000e+00,0.0000000000000000e+00
4.9005681818181818e-01,1.7045454545454544e-01,0.0000000000000000e+00,0.0000000000000000e+00,0.0000000000000000e+00
4.9005681818181818e-01,1.9318181818181818e-01,0.0000000000000000e+00,0.0000000000000000e+00,0.0000000000000000e+00
4.9005681818181818e-01,2.1590909090909091e-01,0.0000000000000000e+00,0.0000000000000000e+00,0.0000000000000000e+00
4.9005681818181818e-01,2.3863636363636365e-01,0.0000000000000000e+00,0.0000000000000000e+00,0.0000000000000000e+00
4.9005681818181818e-01,2.6136363636363635e-01,0.0000000000000000e+00,0.0000000000000000e+00,0.0000000000000000e+00
4.9005681818181818e-01,2.8409090909090912e-01,0.0000000000000000e+00,0.0000000000000000e+00,0.0000000000000000e+00
4.9005681818181818e-01,3.0681818181818182e-01,0.0000000000000000e+00,0.0000000000000000e+00,0.0000000000000000e+00
4.9005681818181818e-01,3.2954545454545453e-01,0.0000000000000000e+00,0.0000000000000000e+00,0.0000000000000000e+00
4.9005681818181818e-01,3.5227272727272729e-01,0.0000000000000000e+00,0.0000000000000000e+00,0.0000000000000000e+00
4.9005681818181818e-01,3.7500000000000000e-01,0.0000000000000000e+00,0.0000000000000000e+00,0.0000000000000000e+00
4.9005681818181818e-01,3.9772727272727271e-01,0.0000000000000000e+00,0.0000000000000000e+00,0.0000000000000000e+00
4.9005681818181818e-01,4.2045454545454547e-01,0.0000000000000000e+00,0.0000000000000000e+00,0.0000000000000000e+00
4.9005681818181818e-01,4.4318181818181818e-01,0.0000000000000000e+00,0.0000000000000000e+00,0.0000000000000000e+00
4.9005681818181818e-01,4.6590909090909088e-01,0.0000000000000000e+00,0.0000000000000000e+00,0.0000000000000000e+00
4.9005681818181818e-01,4.8863636363636365e-01,0.0000000000000000e+00,0.0000000000000000e+00,0.0000000000000000e+00
4.9005681818181818e-01,5.1136363636363635e-01,0.0000000000000000e+00,0.0000000000000000e+00,0.0000000000000000e+00
4.9005681818181818e-01,5.3409090909090906e-01,0.0000000000000000e+00,0.0000000000000000e+00,0.0000000000000000e+00
4.9005681818181818e-01,5.5681818181818177e-01,0.0000000000000000e+00,0.0000000000000000e+00,0.0000000000000000e+00
4.9005681818181818e-01,5.7954545454545459e-01,0.0000000000000000e+00,0.0000000000000000e+00,0.0000000000000000e+00
4.9005681818181818e-01,6.0227272727272729e-01,0.0000000000000000e+00,0.0000000000000000e+00,0.0000000000000000e+00
4.9005681818181818e-01,6.2500000000000000e-01,0.0000000000000000e+00,0.0000000000000000e+00,0.0000000000000000e+00
4.9005681818181818e-01,6.4772727272727271e-01,0.0000000000000000e+00,0.0000000000000000e+00,0.0000000000000000e+00
4.9005681818181818e-01,6.7045454545454541e-01,0.0000000000000000e+00,0.0000000000000000e+00,0.0000000000000000e+00
4.9005681818181818e-01,6.9318181818181823e-01,0.0000000000000000e+00,0.0000000000000000e+00,0.0000000000000000e+00
4.9005681818181818e-01,7.1590909090909094e-01,0.0000000000000000e+00,0.0000000000000000e+00,0.0000000000000000e+00
4.9005681818181818e-01,7.3863636363636365e-01,0.0000000000000000e+00,0.0000000000000000e+00,0.0000000000000000e+00
4.9005681818181818e-01,7.6136363636363635e-01,0.0000000000000000e+00,0.0000000000000000e+00,0.0000000000000000e+00
4.9005681818181818e-01,7.8409090909090906e-01,0.0000000000000000e+00,0.0000000000000000e+00,0.0000000000000000e+00
4.9005681818181818e-01,8.0681818181818177e-01,0.0000000000000000e+00,0.0000000000000000e+00,0.0000000000000000e+00
4.9005681818181818e-01,8.2954545454545459e-01,0.0000000000000000e+00,0.0000000000000000e+00,0.0000000000000000e+00
4.9005681818181818e-01,8.5227272727272729e-01,0.0000000000000000e+00,0.0000000000000000e+00,0.0000000000000000e+00
4.9005681818181818e-01,8.7500000000000000e-01,0.0000000000000000e+00,0.0000000000000000e+00,0.0000000000000000e+00
4.9005681818181818e-01,8.9772727272727271e-01,0.0000000000000000e+00,0.0000000000000000e+00,0.0000000000000000e+00
4.9005681818181818e-01,9.2045454545454541e-01,0.0000000000000000e+00,0.0000000000000000e+00,0.0000000000000000e+00
4.9005681818181818e-01,9.4318181818181823e-01,0.0000000000000000e+00,0.0000000000000000e+00,0.0000000000000000e+00
4.9005681818181818e-01,9.6590909090909094e-01,0.0000000000000000e+00,0.0000000000000000e+00,0.0000000000000000e+00
4.9005681818181818e-01,9.8863636363636365e-01,0.0000000000000000e+00,0.0000000000000000e+00,0.0000000000000000e+00
5.0426136363636365e-01,1.1363636363636364e-02,0.0000000000000000e+00,0.0000000000000000e+00,0.0000000000000000e+00
5.0426136363636365e-01,3.4090909090909088e-02,0.0000000000000000e+00,0.0000000000000000e+00,0.0000000000000000e+00
5.0426136363636365e-01,5.6818181818181816e-02,0.0000000000000000e+00,0.0000000000000000e+00,0.0000000000000000e+00
5.0426136363636365e-01,7.9545454545454544e-02,0.0000000000000000e+00,0.0000000000000000e+00,0.0000000000000000e+00
5.0426136363636365e-01,1.0227272727272728e-01,0.0000000000000000e+00,0.0000000000000000e+00,0.0000000000000000e+00
5.0426136363636365e-01,1.2500000000000000e-01,0.0000000000000000e+00,0.0000000000000000e+00,0.0000000000000000e+00
5.0426136363636365e-01,1.4772727272727273e-01,0.0000000000000000e+00,0.0000000000000000e+00,0.0000000000000000e+00
5.0426136363636365e-01,1.7045454545454544e-01,0.0000000000000000e+00,0.0000000000000000e+00,0.0000000000000000e+00
5.0426136363636365e-01,1.9318181818181818e-01,0.0000000000000000e+00,0.0000000000000000e+00,0.0000000000000000e+00
5.0426136363636365e-01,2.1590909090909091e-01,0.0000000000000000e+00,0.0000000000000000e+00,0.0000000000000000e+00
5.0426136363636365e-01,2.3863636363636365e-01,0.0000000000000000e+00,0.0000000000000000e+00,0.0000000000000000e+00
5.0426136363636365e-01,2.6136363636363635e-01,0.0000000000000000e+00,0.0000000000000000e+00,0.0000000000000000e+00
5.0426136363636365e-01,2.8409090909090912e-01,0.0000000000000000e+00,0.0000000000000000e+00,0.0000000000000000e+00
5.0426136363636365e-01,3.0681818181818182e-01,0.0000000000000000e+00,0.0000000000000000e+00,0.0000000000000000e+00
5.0426136363636365e-01,3.2954545454545453e-01,0.0000000000000000e+00,0.0000000000000000e+00,0.0000000000000000e+00
5.0426136363636365e-01,3.5227272727272729e-01,0.0000000000000000e+00,0.0000000000000000e+00,0.0000000000000000e+00
5.0426136363636365e-01,3.7500000000000000e-01,0.0000000000000000e+00,0.0000000000000000e+00,0.0000000000000000e+00
5.0426136363636365e-01,3.9772727272727271e-01,0.0000000000000000e+00,0.0000000000000000e+00,0.0000000000000000e+00
5.0426136363636365e-01,4.2045454545454547e-01,0.0000000000000000e+00,0.0000000000000000e+00,0.0000000000000000e+00
5.0426136363636365e-01,4.4318181818181818e-01,0.0000000000000000e+00,0.0000000000000000e+00,0.0000000000000000e+00
5.0426136363636365e-01,4.6590909090909088e-01,0.0000000000000000e+00,0.0000000000000000e+00,0.0000000000000000e+00
5.0426136363636365e-01,4.8863636363636365e-01,0.0000000000000000e+00,0.0000000000000000e+00,0.0000000000000000e+00
5.0426136363636365e-01,5.1136363636363635e-01,0.0000000000000000e+00,0.0000000000000000e+00,0.0000000000000000e+00
5.0426136363636365e-01,5.3409090909090906e-01,0.0000000000000000e+00,0.0000000000000000e+00,0.0000000000000000e+00
5.0426136363636365e-01,5.5681818181818177e-01,0.0000000000000000e+00,0.0000000000000000e+00,0.0000000000000000e+00
5.0426136363636365e-01,5.7954545454545459e-01,0.0000000000000000e+00,0.0000000000000000e+00,0.0000000000000000e+00
5.0426136363636365e-01,6.0227272727272729e-01,0.0000000000000000e+00,0.0000000000000000e+00,0.0000000000000000e+00
5.0426136363636365e-01,6.2500000000000000e-01,0.0000000000000000e+00,0.0000000000000000e+00,0.0000000000000000e+00
5.0426136363636365e-01,6.4772727272727271e-01,0.0000000000000000e+00,0.0000000000000000e+00,0.0000000000000000e+00
5.0426136363636365e-01,6.7045454545454541e-01,0.0000000000000000e+00,0.0000000000000000e+00,0.0000000000000000e+00
5.0426136363636365e-01,6.9318181818181823e-01,0.0000000000000000e+00,0.0000000000000000e+00,0.0000000000000000e+00
5.0426136363636365e-01,7.1590909090909094e-01,0.0000000000000000e+00,0.0000000000000000e+00,0.0000000000000000e+00
5.0426136363636365e-01,7.3863636363636365e-01,0.0000000000000000e+00,0.0000000000000000e+00,0.0000000000000000e+00
5.0426136363636365e-01,7.6136363636363635e-01,0.0000000000000000e+00,0.0000000000000000e+00,0.0000000000000000e+00
5.0426136363636365e-01,7.8409090909090906e-01,0.0000000000000000e+00,0.0000000000000000e+00,0.0000000000000000e+00
5.0426136363636365e-01,8.0681818181818177e-01,0.0000000000000000e+00,0.0000000000000000e+00,0.0000000000000000e+00
5.0426136363636365e-01,8.2954545454545459e-01,0.0000000000000000e+00,0.0000000000000000e+00,0.0000000000000000e+00
5.0426136363636365e-01,8.5227272727272729e-01,0.0000000000000000e+00,0.0000000000000000e+00,0.0000000000000000e+00
5.0426136363636365e-01,8.7500000000000000e-01,0.0000000000000000e+00,0.0000000000000000e+00,0.0000000000000000e+00
5.0426136363636365e-01,8.9772727272727271e-01,0.0000000000000000e+00,0.0000000000000000e+00,0.0000000000000000e+00
5.0426136363636365e-01,9.2045454545454541e-01,0.0000000000000000e+00,0.0000000000000000e+00,0.0000000000000000e+00
5.0426136363636365e-01,9.4318181818181823e-01,0.0000000000000000e+00,0.0000000000000000e+00,0.0000000000000000e+00
5.0426136363636365e-01,9.6590909090909094e-01,0.0000000000000000e+00,0.0000000000000000e+00,0.0000000000000000e+00
5.0426136363636365e-01,9.8863636363636365e-01,0.0000000000000000e+00,0.0000000000000000e+00,0.0000000000000000e+00
5.1846590909090906e-01,1.1363636363636364e-02,0.0000000000000000e+00,0.0000000000000000e+00,0.0000000000000000e+00
5.1846590909090906e-01,3.4090909090909088e-02,0.0000000000000000e+00,0.0000000000000000e+00,0.0000000000000000e+00
5.1846590909090906e-01,5.6818181818181816e-02,0.0000000000000000e+00,0.0000000000000000e+00,0.0000000000000000e+00
5.1846590909090906e-01,7.9545454545454544e-02,0.0000000000000000e+00,0.0000000000000000e+00,0.0000000000000000e+00
5.1846590909090906e-01,1.0227272727272728e-01,0.0000000000000000e+00,0.0000000000000000e+00,0.0000000000000000e+00
5.1846590909090906e-01,1.2500000000000000e-01,0.0000000000000000e+00,0.0000000000000000e+00,0.0000000000000000e+00
5.1846590909090906e-01,1.4772727272727273e-01,0.0000000000000000e+00,0.0000000000000000e+00,0.0000000000000000e+00
5.1846590909090906e-01,1.7045454545454544e-01,0.0000000000000000e+00,0.0000000000000000e+00,0.0000000000000000e+00
5.1846590909090906e-01,1.9318181818181818e-01,0.0000000000000000e+00,0.0000000000000000e+00,0.0000000000000000e+00
5.1846590909090906e-01,2.1590909090909091e-01,0.0000000000000000e+00,0.0000000000000000e+00,0.0000000000000000e+00
5.1846590909090906e-01,2.3863636363636365e-01,0.0000000000000000e+00,0.0000000000000000e+00,0.0000000000000000e+00
5.1846590909090906e-01,2.6136363636363635e-01,0.0000000000000000e+00,0.0000000000000000e+00,0.0000000000000000e+00
5.1846590909090906e-01,2.8409090909090912e-01,0.0000000000000000e+00,0.0000000000000000e+00,0.0000000000000000e+00
5.1846590909090906e-01,3.0681818181818182e-01,0.0000000000000000e+00,0.0000000000000000e+00,0.0000000000000000e+00
5.1846590909090906e-01,3.2954545454545453e-01,0.0000000000000000e+00,0.0000000000000000e+00,0.0000000000000000e+00
5.1846590909090906e-01,3.5227272727272729e-01,0.0000000000000000e+00,0.0000000000000000e+00,0.0000000000000000e+00
5.1846590909090906e-01,3.7500000000000000e-01,0.0000000000000000e+00,0.0000000000000000e+00,0.0000000000000000e+00
5.1846590909090906e-01,3.9772727272727271e-01,0.0000000000000000e+00,0.0000000000000000e+00,0.0000000000000000e+00
5.1846590909090906e-01,4.2045454545454547e-01,0.0000000000000000e+00,0.0000000000000000e+00,0.0000000000000000e+00
5.1846590909090906e-01,4.4318181818181818e-01,0.0000000000000000e+00,0.0000000000000000e+00,0.0000000000000000e+00
5.1846590909090906e-01,4.6590909090909088e-01,0.0000000000000000e+00,0.0000000000000000e+00,0.0000000000000000e+00
5.1846590909090906e-01,4.8863636363636365e-01,0.0000000000000000e+00,0.0000000000000000e+00,0.0000000000000000e+00
5.1846590909090906e-01,5.1136363636363635e-01,0.0000000000000000e+00,0.0000000000000000e+00,0.0000000000000000e+00
5.1846590909090906e-01,5.3409090909090906e-01,0.0000000000000000e+00,0.0000000000000000e+00,0.0000000000000000e+00
5.1846590909090906e-01,5.5681818181818177e-01,0.0000000000000000e+00,0.0000000000000000e+00,0.0000000000000000e+00
5.1846590909090906e-01,5.7954545454545459e-01,0.0000000000000000e+00,0.0000000000000000e+00,0.0000000000000000e+00
5.1846590909090906e-01,6.0227272727272729e-01,0.0000000000000000e+00,0.0000000000000000e+00,0.0000000000000000e+00
5.1846590909090906e-01,6.2500000000000000e-01,0.0000000000000000e+00,0.0000000000000000e+00,0.0000000000000000e+00
5.1846590909090906e-01,6.4772727272727271e-01,0.0000000000000000e+00,0.0000000000000000e+00,0.0000000000000000e+00
5.1846590909090906e-01,6.7045454545454541e-01,0.0000000000000000e+00,0.0000000000000000e+00,0.0000000000000000e+00
5.1846590909090906e-01,6.9318181818181823e-01,0.0000000000000000e+00,0.0000000000000000e+00,0.0000000000000000e+00
5.1846590909090906e-01,7.1590909090909094e-01,0.0000000000000000e+00,0.0000000000000000e+00,0.0000000000000000e+00
5.1846590909090906e-01,7.3863636363636365e-01,0.0000000000000000e+00,0.0000000000000000e+00,0.0000000000000000e+00
5.1846590909090906e-01,7.6136363636363635e-01,0.0000000000000000e+00,0.0000000000000000e+00,0.0000000000000000e+00
5.1846590909090906e-01,7.8409090909090906e-01,0.0000000000000000e+00,0.0000000000000000e+00,0.0000000000000000e+00
5.1846590909090906e-01,8.0681818181818177e-01,0.0000000000000000e+00,0.0000000000000000e+00,0.0000000000000000e+00
5.1846590909090906e-01,8.2954545454545459e-01,0.0000000000000000e+00,0.0000000000000000e+00,0.0000000000000000e+00
5.1846590909090906e-01,8.5227272727272729e-01,0.0000000000000000e+00,0.0000000000000000e+00,0.0000000000000000e+00
5.1846590909090906e-01,8.7500000000000000e-01,0.0000000000000000e+00,0.0000000000000000e+00,0.0000000000000000e+00
5.1846590909090906e-01,8.9772727272727271e-01,0.0000000000000000e+00,0.0000000000000000e+00,0.0000000000000000e+00
5.1846590909090906e-01,9.2045454545454541e-01,0.0000000000000000e+00,0.0000000000000000e+00,0.0000000000000000e+00
5.1846590909090906e-01,9.4318181818181823e-01,0.0000000000000000e+00,0.0000000000000000e+00,0.0000000000000000e+00
5.1846590909090906e-01,9.6590909090909094e-01,0.0000000000000000e+00,0.0000000000000000e+00,0.0000000000000000e+00
5.1846590909090906e-01,9.8863636363636365e-01,0.0000000000000000e+00,0.0000000000000000e+00,0.0000000000000000e+00
5.3267045454545459e-01,1.1363636363636364e-02,0.0000000000000000e+00,0.0000000000000000e+00,0.0000000000000000e+00
5.3267045454545459e-01,3.4090909090909088e-02,0.0000000000000000e+00,0.0000000000000000e+00,0.0000000000000000e+00
5.3267045454545459e-01,5.6818181818181816e-02,0.0000000000000000e+00,0.0000000000000000e+00,0.0000000000000000e+00
5.3267045454545459e-01,7.9545454545454544e-02,0.0000000000000000e+00,0.0000000000000000e+00,0.0000000000000000e+00
5.3267045454545459e-01,1.0227272727272728e-01,0.0000000000000000e+00,0.0000000000000000e+00,0.0000000000000000e+00
5.3267045454545459e-01,1.2500000000000000e-01,0.0000000000000000e+00,0.0000000000000000e+00,0.0000000000000000e+00
5.3267045454545459e-01,1.4772727272727273e-01,0.0000000000000000e+00,0.0000000000000000e+00,0.0000000000000000e+00
5.3267045454545459e-01,1.7045454545454544e-01,0.0000000000000000e+00,0.0000000000000000e+00,0.0000000000000000e+00
5.3267045454545459e-01,1.9318181818181818e-01,0.0000000000000000e+00,0.0000000000000000e+00,0.0000000000000000e+00
5.3267045454545459e-01,2.1590909090909091e-01,0.0000000000000000e+00,0.0000000000000000e+00,0.0000000000000000e+00
5.3267045454545459e-01,2.3863636363636365e-01,0.0000000000000000e+00,0.0000000000000000e+00,0.0000000000000000e+00
5.3267045454545459e-01,2.6136363636363635e-01,0.0000000000000000e+00,0.0000000000000000e+00,0.0000000000000000e+00
5.3267045454545459e-01,2.8409090909090912e-01,0.0000000000000000e+00,0.0000000000000000e+00,0.0000000000000000e+00
5.3267045454545459e-01,3.0681818181818182e-01,0.0000000000000000e+00,0.0000000000000000e+00,0.0000000000000000e+00
5.3267045454545459e-01,3.2954545454545453e-01,0.0000000000000000e+00,0.0000000000000000e+00,0.0000000000000000e+00
5.3267045454545459e-01,3.5227272727272729e-01,0.0000000000000000e+00,0.0000000000000000e+00,0.0000000000000000e+00
5.3267045454545459e-01,3.7500000000000000e-01,0.0000000000000000e+00,0.0000000000000000e+00,0.0000000000000000e+00
5.3267045454545459e-01,3.9772727272727271e-01,0.0000000000000000e+00,0.0000000000000000e+00,0.0000000000000000e+00
5.3267045454545459e-01,4.2045454545454547e-01,0.0000000000000000e+00,0.0000000000000000e+00,0.0000000000000000e+00
5.3267045454545459e-01,4.4318181818181818e-01,0.0000000000000000e+00,0.0000000000000000e+00,0.0000000000000000e+00
5.3267045454545459e-01,4.6590909090909088e-01,0.0000000000000000e+00,0.0000000000000000e+00,0.0000000000000000e+00
5.3267045454545459e-01,4.8863636363636365e-01,0.0000000000000000e+00,0.0000000000000000e+00,0.0000000000000000e+00
5.3267045454545459e-01,5.1136363636363635e-01,0.0000000000000000e+00,0.0000000000000000e+00,0.0000000000000000e+00
5.3267045454545459e-01,5.3409090909090906e-01,0.0000000000000000e+00,0.0000000000000000e+00,0.0000000000000000e+00
5.3267045454545459e-01,5.5681818181818177e-01,0.0000000000000000e+00,0.0000000000000000e+00,0.0000000000000000e+00
5.3267045454545459e-01,5.7954545454545459e-01,0.0000000000000000e+00,0.0000000000000000e+00,0.0000000000000000e+00
5.3267045454545459e-01,6.0227272727272729e-01,0.0000000000000000e+00,0.0000000000000000e+00,0.0000000000000000e+00
5.3267045454545459e-01,6.2500000000000000e-01,0.0000000000000000e+00,0.0000000000000000e+00,0.0000000000000000e+00
5.3267045454545459e-01,6.4772727272727271e-01,0.0000000000000000e+00,0.0000000000000000e+00,0.0000000000000000e+00
5.3267045454545459e-01,6.7045454545454541e-01,0.0000000000000000e+00,0.0000000000000000e+00,0.0000000000000000e+00
5.3267045454545459e-01,6.9318181818181823e-01,0.0000000000000000e+00,0.0000000000000000e+00,0.0000000000000000e+00
5.3267045454545459e-01,7.1590909090909094e-01,0.0000000000000000e+00,0.0000000000000000e+00,0.0000000000000000e+00
5.3267045454545459e-01,7.3863636363636365e-01,0.0000000000000000e+00,0.0000000000000000e+00,0.0000000000000000e+00
5.3267045454545459e-01,7.6136363636363635e-01,0.0000000000000000e+00,0.0000000000000000e+00,0.0000000000000000e+00
5.3267045454545459e-01,7.8409090909090906e-01,0.0000000000000000e+00,0.0000000000000000e+00,0.0000000000000000e+00
5.3267045454545459e-01,8.0681818181818177e-01,0.0000000000000000e+00,0.0000000000000000e+00,0.0000000000000000e+00
5.3267045454545459e-01,8.2954545454545459e-01,0.0000000000000000e+00,0.0000000000000000e+00,0.0000000000000000e+00
5.3267045454545459e-01,8.5227272727272729e-01,0.0000000000000000e+00,0.0000000000000000e+00,0.0000000000000000e+00
5.3267045454545459e-01,8.7500000000000000e-01,0.0000000000000000e+00,0.0000000000000000e+00,0.0000000000000000e+00
5.3267045454545459e-01,8.9772727272727271e-01,0.0000000000000000e+00,0.0000000000000000e+00,0.0000000000000000e+00
5.3267045454545459e-01,9.2045454545454541e-01,0.0000000000000000e+00,0.0000000000000000e+00,0.0000000000000000e+00
5.3267045454545459e-01,9.4318181818181823e-01,0.0000000000000000e+00,0.0000000000000000e+00,0.0000000000000000e+00
5.3267045454545459e-01,9.6590909090909094e-01,0.0000000000000000e+00,0.0000000000000000e+00,0.0000000000000000e+00
5.3267045454545459e-01,9.8863636363636365e-01,0.0000000000000000e+00,0.0000000000000000e+00,0.0000000000000000e+00
5.4687500000000000e-01,1.1363636363636364e-02,0.0000000000000000e+00,0.0000000000000000e+00,0.0000000000000000e+00
5.4687500000000000e-01,3.4090909090909088e-02,0.0000000000000000e+00,0.0000000000000000e+00,0.0000000000000000e+00
5.4687500000000000e-01,5.6818181818181816e-02,0.0000000000000000e+00,0.0000000000000000e+00,0.0000000000000000e+00
5.4687500000000000e-01,7.9545454545454544e-02,0.0000000000000000e+00,0.0000000000000000e+00,0.0000000000000000e+00
5.4687500000000000e-01,1.0227272727272728e-01,0.0000000000000000e+00,0.0000000000000000e+00,0.0000000000000000e+00
5.4687500000000000e-01,1.2500000000000000e-01,0.0000000000000000e+00,0.0000000000000000e+00,0.0000000000000000e+00
5.4687500000000000e-01,1.4772727272727273e-01,0.0000000000000000e+00,0.0000000000000000e+00,0.0000000000000000e+00
5.4687500000000000e-01,1.7045454545454544e-01,0.0000000000000000e+00,0.0000000000000000e+00,0.0000000000000000e+00
5.4687500000000000e-01,1.9318181818181818e-01,0.0000000000000000e+00,0.0000000000000000e+00,0.0000000000000000e+00
5.4687500000000000e-01,2.1590909090909091e-01,0.0000000000000000e+00,0.0000000000000000e+00,0.0000000000000000e+00
5.4687500000000000e-01,2.3863636363636365e-01,0.0000000000000000e+00,0.0000000000000000e+00,0.0000000000000000e+00
5.4687500000000000e-01,2.6136363636363635e-01,0.0000000000000000e+00,0.0000000000000000e+00,0.0000000000000000e+00
5.4687500000000000e-01,2.8409090909090912e-01,0.0000000000000000e+00,0.0000000000000000e+00,0.0000000000000000e+00
5.4687500000000000e-01,3.0681818181818182e-01,0.0000000000000000e+00,0.0000000000000000e+00,0.0000000000000000e+00
5.4687500000000000e-01,3.2954545454545453e-01,0.0000000000000000e+00,0.0000000000000000e+00,0.0000000000000000e+00
5.4687500000000000e-01,3.5227272727272729e-01,0.0000000000000000e+00,0.0000000000000000e+00,0.0000000000000000e+00
5.4687500000000000e-01,3.7500000000000000e-01,0.0000000000000000e+00,0.0000000000000000e+00,0.0000000000000000e+00
5.4687500000000000e-01,3.9772727272727271e-01,0.0000000000000000e+00,0.0000000000000000e+00,0.0000000000000000e+00
5.4687500000000000e-01,4.2045454545454547e-01,0.0000000000000000e+00,0.0000000000000000e+00,0.0000000000000000e+00
5.4687500000000000e-01,4.4318181818181818e-01,0.0000000000000000e+00,0.0000000000000000e+00,0.0000000000000000e+00
5.4687500000000000e-01,4.6590909090909088e-01,0.0000000000000000e+00,0.0000000000000000e+00,0.0000000000000000e+00
5.4687500000000000e-01,4.8863636363636365e-01,0.0000000000000000e+00,0.0000000000000000e+00,0.0000000000000000e+00
5.4687500000000000e-01,5.1136363636363635e-01,0.0000000000000000e+00,0.0000000000000000e+00,0.0000000000000000e+00
5.4687500000000000e-01,5.3409090909090906e-01,0.0000000000000000e+00,0.0000000000000000e+00,0.0000000000000000e+00
5.4687500000000000e-01,5.5681818181818177e-01,0.0000000000000000e+00,0.0000000000000000e+00,0.0000000000000000e+00
5.4687500000000000e-01,5.7954545454545459e-01,0.0000000000000000e+00,0.0000000000000000e+00,0.0000000000000000e+00
5.4687500000000000e-01,6.0227272727272729e-01,0.0000000000000000e+00,0.0000000000000000e+00,0.0000000000000000e+00
5.4687500000000000e-01,6.2500000000000000e-01,0.0000000000000000e+00,0.0000000000000000e+00,0.0000000000000000e+00
5.4687500000000000e-01,6.4772727272727271e-01,0.0000000000000000e+00,0.0000000000000000e+00,0.0000000000000000e+00
5.4687500000000000e-01,6.7045454545454541e-01,0.0000000000000000e+00,0.0000000000000000e+00,0.0000000000000000e+00
5.4687500000000000e-01,6.9318181818181823e-01,0.0000000000000000e+00,0.0000000000000000e+00,0.0000000000000000e+00
5.4687500000000000e-01,7.1590909090909094e-01,0.0000000000000000e+00,0.0000000000000000e+00,0.0000000000000000e+00
5.4687500000000000e-01,7.3863636363636365e-01,0.0000000000000000e+00,0.0000000000000000e+00,0.0000000000000000e+00
5.4687500000000000e-01,7.6136363636363635e-01,0.0000000000000000e+00,0.0000000000000000e+00,0.0000000000000000e+00
5.4687500000000000e-01,7.8409090909090906e-01,0.0000000000000000e+00,0.0000000000000000e+00,0.0000000000000000e+00
5.4687500000000000e-01,8.0681818181818177e-01,0.0000000000000000e+00,0.0000000000000000e+00,0.0000000000000000e+00
5.4687500000000000e-01,8.2954545454545459e-01,0.0000000000000000e+00,0.0000000000000000e+00,0.0000000000000000e+00
5.4687500000000000e-01,8.5227272727272729e-01,0.0000000000000000e+00,0.0000000000000000e+00,0.0000000000000000e+00
5.4687500000000000e-01,8.7500000000000000e-01,0.0000000000000000e+00,0.0000000000000000e+00,0.0000000000000000e+00
5.4687500000000000e-01,8.9772727272727271e-01,0.0000000000000000e+00,0.0000000000000000e+00,0.0000000000000000e+00
5.4687500000000000e-01,9.2045454545454541e-01,0.0000000000000000e+00,0.0000000000000000e+00,0.0000000000000000e+00
5.4687500000000000e-01,9.4318181818181823e-01,0.0000000000000000e+00,0.0000000000000000e+00,0.0000000000000000e+00
5.4687500000000000e-01,9.6590909090909094e-01,0.0000000000000000e+00,0.0000000000000000e+00,0.0000000000000000e+00
5.4687500000000000e-01,9.8863636363636365e-01,0.0000000000000000e+00,0.0000000000000000e+00,0.0000000000000000e+00
5.6107954545454541e-01,1.1363636363636364e-02,0.0000000000000000e+00,0.0000000000000000e+00,0.0000000000000000e+00
5.6107954545454541e-01,3.4090909090909088e-02,0.0000000000000000e+00,0.0000000000000000e+00,0.0000000000000000e+00
5.6107954545454541e-01,5.6818181818181816e-02,0.0000000000000000e+00,0.0000000000000000e+00,0.0000000000000000e+00
5.6107954545454541e-01,7.9545454545454544e-02,0.0000000000000000e+00,0.0000000000000000e+00,0.0000000000000000e+00
5.6107954545454541e-01,1.0227272727272728e-01,0.0000000000000000e+00,0.0000000000000000e+00,0.0000000000000000e+00
5.6107954545454541e-01,1.2500000000000000e-01,0.0000000000000000e+00,0.0000000000000000e+00,0.0000000000000000e+00
5.6107954545454541e-01,1.4772727272727273e-01,0.0000000000000000e+00,0.0000000000000000e+00,0.0000000000000000e+00
5.6107954545454541e-01,1.7045454545454544e-01,0.0000000000000000e+00,0.0000000000000000e+00,0.0000000000000000e+00
5.6107954545454541e-01,1.9318181818181818e-01,0.0000000000000000e+00,0.0000000000000000e+00,0.0000000000000000e+00
5.6107954545454541e-01,2.1590909090909091e-01,0.0000000000000000e+00,0.0000000000000000e+00,0.0000000000000000e+00
5.6107954545454541e-01,2.3863636363636365e-01,0.0000000000000000e+00,0.0000000000000000e+00,0.0000000000000000e+00
5.6107954545454541e-01,2.6136363636363635e-01,0.0000000000000000e+00,0.0000000000000000e+00,0.0000000000000000e+00
5.6107954545454541e-01,2.8409090909090912e-01,0.0000000000000000e+00,0.0000000000000000e+00,0.0000000000000000e+00
5.6107954545454541e-01,3.0681818181818182e-01,0.0000000000000000e+00,0.0000000000000000e+00,0.0000000000000000e+00
5.6107954545454541e-01,3.2954545454545453e-01,0.0000000000000000e+00,0.0000000000000000e+00,0.0000000000000000e+00
5.6107954545454541e-01,3.5227272727272729e-01,0.0000000000000000e+00,0.0000000000000000e+00,0.0000000000000000e+00
5.6107954545454541e-01,3.7500000000000000e-01,0.0000000000000000e+00,0.0000000000000000e+00,0.0000000000000000e+00
5.6107954545454541e-01,3.9772727272727271e-01,0.0000000000000000e+00,0.0000000000000000e+00,0.0000000000000000e+00
5.6107954545454541e-01,4.2045454545454547e-01,0.0000000000000000e+00,0.0000000000000000e+00,0.0000000000000000e+00
5.6107954545454541e-01,4.4318181818181818e-01,0.0000000000000000e+00,0.0000000000000000e+00,0.0000000000000000e+00
5.6107954545454541e-01,4.6590909090909088e-01,0.0000000000000000e+00,0.0000000000000000e+00,0.0000000000000000e+00
5.6107954545454541e-01,4.8863636363636365e-01,0.0000000000000000e+00,0.0000000000000000e+00,0.0000000000000000e+00
5.6107954545454541e-01,5.1136363636363635e-01,0.0000000000000000e+00,0.0000000000000000e+00,0.0000000000000000e+00
5.6107954545454541e-01,5.3409090909090906e-01,0.0000000000000000e+00,0.0000000000000000e+00,0.0000000000000000e+00
5.6107954545454541e-01,5.5681818181818177e-01,0.0000000000000000e+00,0.0000000000000000e+00,0.0000000000000000e+00
5.6107954545454541e-01,5.7954545454545459e-01,0.0000000000000000e+00,0.0000000000000000e+00,0.0000000000000000e+00
5.6107954545454541e-01,6.0227272727272729e-01,0.0000000000000000e+00,0.0000000000000000e+00,0.0000000000000000e+00
5.6107954545454541e-01,6.2500000000000000e-01,0.0000000000000000e+00,0.0000000000000000e+00,0.0000000000000000e+00
5.6107954545454541e-01,6.4772727272727271e-01,0.0000000000000000e+00,0.0000000000000000e+00,0.0000000000000000e+00
5.6107954545454541e-01,6.7045454545454541e-01,0.0000000000000000e+00,0.0000000000000000e+00,0.0000000000000000e+00
5.6107954545454541e-01,6.9318181818181823e-01,0.0000000000000000e+00,0.0000000000000000e+00,0.0000000000000000e+00
5.6107954545454541e-01,7.1590909090909094e-01,0.0000000000000000e+00,0.0000000000000000e+00,0.0000000000000000e+00
5.6107954545454541e-01,7.3863636363636365e-01,0.0000000000000000e+00,0.0000000000000000e+00,0.0000000000000000e+00
5.6107954545454541e-01,7.6136363636363635e-01,0.0000000000000000e+00,0.0000000000000000e+00,0.0000000000000000e+00
5.6107954545454541e-01,7.8409090909090906e-01,0.0000000000000000e+00,0.0000000000000000e+00,0.0000000000000000e+00
5.6107954545454541e-01,8.0681818181818177e-01,0.0000000000000000e+00,0.0000000000000000e+00,0.0000000000000000e+00
5.6107954545454541e-01,8.2954545454545459e-01,0.0000000000000000e+00,0.0000000000000000e+00,0.0000000000000000e+00
5.6107954545454541e-01,8.5227272727272729e-01,0.0000000000000000e+00,0.0000000000000000e+00,0.0000000000000000e+00
5.6107954545454541e-01,8.7500000000000000e-01,0.0000000000000000e+00,0.0000000000000000e+00,0.0000000000000000e+00
5.6107954545454541e-01,8.9772727272727271e-01,0.0000000000000000e+00,0.0000000000000000e+00,0.0000000000000000e+00
5.6107954545454541e-01,9.2045454545454541e-01,0.0000000000000000e+00,0.0000000000000000e+00,0.0000000000000000e+00
5.6107954545454541e-01,9.4318181818181823e-01,0.0000000000000000e+00,0.0000000000000000e+00,0.0000000000000000e+00
5.6107954545454541e-01,9.6590909090909094e-01,0.0000000000000000e+00,0.0000000000000000e+00,0.0000000000000000e+00
5.6107954545454541e-01,9.8863636363636365e-01,0.0000000000000000e+00,0.0000000000000000e+00,0.0000000000000000e+00
5.7528409090909094e-01,1.1363636363636364e-02,0.0000000000000000e+00,0.0000000000000000e+00,0.0000000000000000e+00
5.7528409090909094e-01,3.4090909090909088e-02,0.0000000000000000e+00,0.0000000000000000e+00,0.0000000000000000e+00
5.7528409090909094e-01,5.6818181818181816e-02,0.0000000000000000e+00,0.0000000000000000e+00,0.0000000000000000e+00
5.7528409090909094e-01,7.9545454545454544e-02,0.0000000000000000e+00,0.0000000000000000e+00,0.0000000000000000e+00
5.7528409090909094e-01,1.0227272727272728e-01,0.0000000000000000e+00,0.0000000000000000e+00,0.0000000000000000e+00
5.7528409090909094e-01,1.2500000000000000e-01,0.0000000000000000e+00,0.0000000000000000e+00,0.0000000000000000e+00
5.7528409090909094e-01,1.4772727272727273e-01,0.0000000000000000e+00,0.0000000000000000e+00,0.0000000000000000e+00
5.7528409090909094e-01,1.7045454545454544e-01,0.0000000000000000e+00,0.0000000000000000e+00,0.0000000000000000e+00
5.7528409090909094e-01,1.9318181818181818e-01,0.0000000000000000e+00,0.0000000000000000e+00,0.0000000000000000e+00
5.7528409090909094e-01,2.1590909090909091e-01,0.0000000000000000e+00,0.0000000000000000e+00,0.0000000000000000e+00
5.7528409090909094e-01,2.3863636363636365e-01,0.0000000000000000e+00,0.0000000000000000e+00,0.0000000000000000e+00
5.7528409090909094e-01,2.6136363636363635e-01,0.0000000000000000e+00,0.0000000000000000e+00,0.0000000000000000e+00
5.7528409090909094e-01,2.8409090909090912e-01,0.0000000000000000e+00,0.0000000000000000e+00,0.0000000000000000e+00
5.7528409090909094e-01,3.0681818181818182e-01,0.0000000000000000e+00,0.0000000000000000e+00,0.0000000000000000e+00
5.7528409090909094e-01,3.2954545454545453e-01,0.0000000000000000e+00,0.0000000000000000e+00,0.0000000000000000e+00
5.7528409090909094e-01,3.5227272727272729e-01,0.0000000000000000e+00,0.0000000000000000e+00,0.0000000000000000e+00
5.7528409090909094e-01,3.7500000000000000e-01,0.0000000000000000e+00,0.0000000000000000e+00,0.0000000000000000e+00
5.7528409090909094e-01,3.9772727272727271e-01,0.0000000000000000e+00,0.0000000000000000e+00,0.0000000000000000e+00
5.7528409090909094e-01,4.2045454545454547e-01,0.0000000000000000e+00,0.0000000000000000e+00,0.0000000000000000e+00
5.7528409090909094e-01,4.4318181818181818e-01,0.0000000000000000e+00,0.0000000000000000e+00,0.0000000000000000e+00
5.7528409090909094e-01,4.6590909090909088e-01,0.0000000000000000e+00,0.0000000000000000e+00,0.0000000000000000e+00
5.7528409090909094e-01,4.8863636363636365e-01,0.0000000000000000e+00,0.0000000000000000e+00,0.0000000000000000e+00
5.7528409090909094e-01,5.1136363636363635e-01,0.0000000000000000e+00,0.0000000000000000e+00,0.0000000000000000e+00
5.7528409090909094e-01,5.3409090909090906e-01,0.0000000000000000e+00,0.0000000000000000e+00,0.0000000000000000e+00
5.7528409090909094e-01,5.5681818181818177e-01,0.0000000000000000e+00,0.0000000000000000e+00,0.0000000000000000e+00
5.7528409090909094e-01,5.7954545454545459e-01,0.0000000000000000e+00,0.0000000000000000e+00,0.0000000000000000e+00
5.7528409090909094e-01,6.0227272727272729e-01,0.0000000000000000e+00,0.0000000000000000e+00,0.0000000000000000e+00
5.7528409090909094e-01,6.2500000000000000e-01,0.0000000000000000e+00,0.0000000000000000e+00,0.0000000000000000e+00
5.7528409090909094e-01,6.4772727272727271e-01,0.0000000000000000e+00,0.0000000000000000e+00,0.0000000000000000e+00
5.7528409090909094e-01,6.7045454545454541e-01,0.0000000000000000e+00,0.0000000000000000e+00,0.0000000000000000e+00
5.7528409090909094e-01,6.9318181818181823e-01,0.0000000000000000e+00,0.0000000000000000e+00,0.0000000000000000e+00
5.7528409090909094e-01,7.1590909090909094e-01,0.0000000000000000e+00,0.0000000000000000e+00,0.0000000000000000e+00
5.7528409090909094e-01,7.3863636363636365e-01,0.0000000000000000e+00,0.0000000000000000e+00,0.0000000000000000e+00
5.7528409090909094e-01,7.6136363636363635e-01,0.0000000000000000e+00,0.0000000000000000e+00,0.0000000000000000e+00
5.7528409090909094e-01,7.8409090909090906e-01,0.0000000000000000e+00,0.0000000000000000e+00,0.0000000000000000e+00
5.7528409090909094e-01,8.0681818181818177e-01,0.0000000000000000e+00,0.0000000000000000e+00,0.0000000000000000e+00
5.7528409090909094e-01,8.2954545454545459e-01,0.0000000000000000e+00,0.0000000000000000e+00,0.0000000000000000e+00
5.7528409090909094e-01,8.5227272727272729e-01,0.0000000000000000e+00,0.0000000000000000e+00,0.0000000000000000e+00
5.7528409090909094e-01,8.7500000000000000e-01,0.0000000000000000e+00,0.0000000000000000e+00,0.0000000000000000e+00
5.7528409090909094e-01,8.9772727272727271e-01,0.0000000000000000e+00,0.0000000000000000e+00,0.0000000000000000e+00
5.7528409090909094e-01,9.2045454545454541e-01,0.0000000000000000e+00,0.0000000000000000e+00,0.0000000000000000e+00
5.7528409090909094e-01,9.4318181818181823e-01,0.0000000000000000e+00,0.0000000000000000e+00,0.0000000000000000e+00
5.7528409090909094e-01,9.6590909090909094e-01,0.0000000000000000e+00,0.0000000000000000e+00,0.0000000000000000e+00
5.7528409090909094e-01,9.8863636363636365e-01,0.0000000000000000e+00,0.0000000000000000e+00,0.0000000000000000e+00
5.8948863636363635e-01,1.1363636363636364e-02,0.0000000000000000e+00,0.0000000000000000e+00,0.0000000000000000e+00
5.8948863636363635e-01,3.4090909090909088e-02,0.0000000000000000e+00,0.0000000000000000e+00,0.0000000000000000e+00
5.8948863636363635e-01,5.6818181818181816e-02,0.0000000000000000e+00,0.0000000000000000e+00,0.0000000000000000e+00
5.8948863636363635e-01,7.9545454545454544e-02,0.0000000000000000e+00,0.0000000000000000e+00,0.0000000000000000e+00
5.8948863636363635e-01,1.0227272727272728e-01,0.0000000000000000e+00,0.0000000000000000e+00,0.0000000000000000e+00
5.8948863636363635e-01,1.2500000000000000e-01,0.0000000000000000e+00,0.0000000000000000e+00,0.0000000000000000e+00
5.8948863636363635e-01,1.4772727272727273e-01,0.0000000000000000e+00,0.0000000000000000e+00,0.0000000000000000e+00
5.8948863636363635e-01,1.7045454545454544e-01,0.0000000000000000e+00,0.0000000000000000e+00,0.0000000000000000e+00
5.8948863636363635e-01,1.9318181818181818e-01,0.0000000000000000e+00,0.0000000000000000e+00,0.0000000000000000e+00
5.8948863636363635e-01,2.1590909090909091e-01,0.0000000000000000e+00,0.0000000000000000e+00,0.0000000000000000e+00
5.8948863636363635e-01,2.3863636363636365e-01,0.0000000000000000e+00,0.0000000000000000e+00,0.0000000000000000e+00
5.8948863636363635e-01,2.6136363636363635e-01,0.0000000000000000e+00,0.0000000000000000e+00,0.0000000000000000e+00
5.8948863636363635e-01,2.8409090909090912e-01,0.0000000000000000e+00,0.0000000000000000e+00,0.0000000000000000e+00
5.8948863636363635e-01,3.0681818181818182e-01,0.0000000000000000e+00,0.0000000000000000e+00,0.0000000000000000e+00
5.8948863636363635e-01,3.2954545454545453e-01,0.0000000000000000e+00,0.0000000000000000e+00,0.0000000000000000e+00
5.8948863636363635e-01,3.5227272727272729e-01,0.0000000000000000e+00,0.0000000000000000e+00,0.0000000000000000e+00
5.8948863636363635e-01,3.7500000000000000e-01,0.0000000000000000e+00,0.0000000000000000e+00,0.0000000000000000e+00
5.8948863636363635e-01,3.9772727272727271e-01,0.0000000000000000e+00,0.0000000000000000e+00,0.0000000000000000e+00
5.8948863636363635e-01,4.2045454545454547e-01,0.0000000000000000e+00,0.0000000000000000e+00,0.0000000000000000e+00
5.8948863636363635e-01,4.4318181818181818e-01,0.0000000000000000e+00,0.0000000000000000e+00,0.0000000000000000e+00
5.8948863636363635e-01,4.6590909090909088e-01,0.0000000000000000e+00,0.0000000000000000e+00,0.0000000000000000e+00
5.8948863636363635e-01,4.8863636363636365e-01,0.0000000000000000e+00,0.0000000000000000e+00,0.0000000000000000e+00
5.8948863636363635e-01,5.1136363636363635e-01,0.0000000000000000e+00,0.0000000000000000e+00,0.0000000000000000e+00
5.8948863636363635e-01,5.3409090909090906e-01,0.0000000000000000e+00,0.0000000000000000e+00,0.0000000000000000e+00
5.8948863636363635e-01,5.5681818181818177e-01,0.0000000000000000e+00,0.0000000000000000e+00,0.0000000000000000e+00
5.8948863636363635e-01,5.7954545454545459e-01,0.0000000000000000e+00,0.0000000000000000e+00,0.0000000000000000e+00
5.8948863636363635e-01,6.0227272727272729e-01,0.0000000000000000e+00,0.0000000000000000e+00,0.0000000000000000e+00
5.8948863636363635e-01,6.2500000000000000e-01,0.0000000000000000e+00,0.0000000000000000e+00,0.0000000000000000e+00
5.8948863636363635e-01,6.4772727272727271e-01,0.0000000000000000e+00,0.0000000000000000e+00,0.0000000000000000e+00
5.8948863636363635e-01,6.7045454545454541e-01,0.0000000000000000e+00,0.0000000000000000e+00,0.0000000000000000e+00
5.8948863636363635e-01,6.9318181818181823e-01,0.0000000000000000e+00,0.0000000000000000e+00,0.0000000000000000e+00
5.8948863636363635e-01,7.1590909090909094e-01,0.0000000000000000e+00,0.0000000000000000e+00,0.0000000000000000e+00
5.8948863636363635e-01,7.3863636363636365e-01,0.0000000000000000e+00,0.0000000000000000e+00,0.0000000000000000e+00
5.8948863636363635e-01,7.6136363636363635e-01,0.0000000000000000e+00,0.0000000000000000e+00,0.0000000000000000e+00
5.8948863636363635e-01,7.8409090909090906e-01,0.0000000000000000e+00,0.0000000000000000e+00,0.0000000000000000e+00
5.8948863636363635e-01,8.0681818181818177e-01,0.0000000000000000e+00,0.0000000000000000e+00,0.0000000000000000e+00
5.8948863636363635e-01,8.2954545454545459e-01,0.0000000000000000e+00,0.0000000000000000e+00,0.0000000000000000e+00
5.8948863636363635e-01,8.5227272727272729e-01,0.0000000000000000e+00,0.0000000000000000e+00,0.0000000000000000e+00
5.8948863636363635e-01,8.7500000000000000e-01,0.0000000000000000e+00,0.0000000000000000e+00,0.0000000000000000e+00
5.8948863636363635e-01,8.9772727272727271e-01,0.0000000000000000e+00,0.0000000000000000e+00,0.0000000000000000e+00
5.8948863636363635e-01,9.2045454545454541e-01,0.0000000000000000e+00,0.0000000000000000e+00,0.0000000000000000e+00
5.8948863636363635e-01,9.4318181818181823e-01,0.0000000000000000e+00,0.0000000000000000e+00,0.0000000000000000e+00
5.8948863636363635e-01,9.6590909090909094e-01,0.0000000000000000e+00,0.0000000000000000e+00,0.0000000000000000e+00
5.8948863636363635e-01,9.8863636363636365e-01,0.0000000000000000e+00,0.0000000000000000e+00,0.0000000000000000e+00
6.0369318181818177e-01,1.1363636363636364e-02,0.0000000000000000e+00,0.0000000000000000e+00,0.0000000000000000e+00
6.0369318181818177e-01,3.4090909090909088e-02,0.0000000000000000e+00,0.0000000000000000e+00,0.0000000000000000e+00
6.0369318181818177e-01,5.6818181818181816e-02,0.0000000000000000e+00,0.0000000000000000e+00,0.0000000000000000e+00
6.0369318181818177e-01,7.9545454545454544e-02,0.0000000000000000e+00,0.0000000000000000e+00,0.0000000000000000e+00
6.0369318181818177e-01,1.0227272727272728e-01,0.0000000000000000e+00,0.0000000000000000e+00,0.0000000000000000e+00
6.0369318181818177e-01,1.2500000000000000e-01,0.0000000000000000e+00,0.0000000000000000e+00,0.0000000000000000e+00
6.0369318181818177e-01,1.4772727272727273e-01,0.0000000000000000e+00,0.0000000000000000e+00,0.0000000000000000e+00
6.0369318181818177e-01,1.7045454545454544e-01,0.0000000000000000e+00,0.0000000000000000e+00,0.0000000000000000e+00
6.0369318181818177e-01,1.9318181818181818e-01,0.0000000000000000e+00,0.0000000000000000e+00,0.0000000000000000e+00
6.0369318181818177e-01,2.1590909090909091e-01,0.0000000000000000e+00,0.0000000000000000e+00,0.0000000000000000e+00
6.0369318181818177e-01,2.3863636363636365e-01,0.0000000000000000e+00,0.0000000000000000e+00,0.0000000000000000e+00
6.0369318181818177e-01,2.6136363636363635e-01,0.0000000000000000e+00,0.0000000000000000e+00,0.0000000000000000e+00
6.0369318181818177e-01,2.8409090909090912e-01,0.0000000000000000e+00,0.0000000000000000e+00,0.0000000000000000e+00
6.0369318181818177e-01,3.0681818181818182e-01,0.0000000000000000e+00,0.0000000000000000e+00,0.0000000000000000e+00
6.0369318181818177e-01,3.2954545454545453e-01,0.0000000000000000e+00,0.0000000000000000e+00,0.0000000000000000e+00
6.0369318181818177e-01,3.5227272727272729e-01,0.0000000000000000e+00,0.0000000000000000e+00,0.0000000000000000e+00
6.0369318181818177e-01,3.7500000000000000e-01,0.0000000000000000e+00,0.0000000000000000e+00,0.0000000000000000e+00
6.0369318181818177e-01,3.9772727272727271e-01,0.0000000000000000e+00,0.0000000000000000e+00,0.0000000000000000e+00
6.0369318181818177e-01,4.2045454545454547e-01,0.0000000000000000e+00,0.0000000000000000e+00,0.0000000000000000e+00
6.0369318181818177e-01,4.4318181818181818e-01,0.0000000000000000e+00,0.0000000000000000e+00,0.0000000000000000e+00
6.0369318181818177e-01,4.6590909090909088e-01,0.0000000000000000e+00,0.0000000000000000e+00,0.0000000000000000e+00
6.0369318181818177e-01,4.8863636363636365e-01,0.0000000000000000e+00,0.0000000000000000e+00,0.0000000000000000e+00
6.0369318181818177e-01,5.1136363636363635e-01,0.0000000000000000e+00,0.0000000000000000e+00,0.0000000000000000e+00
6.0369318181818177e-01,5.3409090909090906e-01,0.0000000000000000e+00,0.0000000000000000e+00,0.0000000000000000e+00
6.0369318181818177e-01,5.5681818181818177e-01,0.0000000000000000e+00,0.0000000000000000e+00,0.0000000000000000e+00
6.0369318181818177e-01,5.7954545454545459e-01,0.0000000000000000e+00,0.0000000000000000e+00,0.0000000000000000e+00
6.0369318181818177e-01,6.0227272727272729e-01,0.0000000000000000e+00,0.0000000000000000e+00,0.0000000000000000e+00
6.0369318181818177e-01,6.2500000000000000e-01,0.0000000000000000e+00,0.0000000000000000e+00,0.0000000000000000e+00
6.0369318181818177e-01,6.4772727272727271e-01,0.0000000000000000e+00,0.0000000000000000e+00,0.0000000000000000e+00
6.0369318181818177e-01,6.7045454545454541e-01,0.0000000000000000e+00,0.0000000000000000e+00,0.0000000000000000e+00
6.0369318181818177e-01,6.9318181818181823e-01,0.0000000000000000e+00,0.0000000000000000e+00,0.0000000000000000e+00
6.0369318181818177e-01,7.1590909090909094e-01,0.0000000000000000e+00,0.0000000000000000e+00,0.0000000000000000e+00
6.0369318181818177e-01,7.3863636363636365e-01,0.0000000000000000e+00,0.0000000000000000e+00,0.0000000000000000e+00
6.0369318181818177e-01,7.6136363636363635e-01,0.0000000000000000e+00,0.0000000000000000e+00,0.0000000000000000e+00
6.0369318181818177e-01,7.8409090909090906e-01,0.0000000000000000e+00,0.0000000000000000e+00,0.0000000000000000e+00
6.0369318181818177e-01,8.0681818181818177e-01,0.0000000000000000e+00,0.0000000000000000e+00,0.0000000000000000e+00
6.0369318181818177e-01,8.2954545454545459e-01,0.0000000000000000e+00,0.0000000000000000e+00,0.0000000000000000e+00
6.0369318181818177e-01,8.5227272727272729e-01,0.0000000000000000e+00,0.0000000000000000e+00,0.0000000000000000e+00
6.0369318181818177e-01,8.7500000000000000e-01,0.0000000000000000e+00,0.0000000000000000e+00,0.0000000000000000e+00
6.0369318181818177e-01,8.9772727272727271e-01,0.0000000000000000e+00,0.0000000000000000e+00,0.0000000000000000e+00
6.0369318181818177e-01,9.2045454545454541e-01,0.0000000000000000e+00,0.0000000000000000e+00,0.0000000000000000e+00
6.0369318181818177e-01,9.4318181818181823e-01,0.0000000000000000e+00,0.0000000000000000e+00,0.0000000000000000e+00
6.0369318181818177e-01,9.6590909090909094e-01,0.0000000000000000e+00,0.0000000000000000e+00,0.0000000000000000e+00
6.0369318181818177e-01,9.8863636363636365e-01,0.0000000000000000e+00,0.0000000000000000e+00,0.0000000000000000e+00
6.1789772727272729e-01,1.1363636363636364e-02,0.0000000000000000e+00,0.0000000000000000e+00,0.0000000000000000e+00
6.1789772727272729e-01,3.4090909090909088e-02,0.0000000000000000e+00,0.0000000000000000e+00,0.0000000000000000e+00
6.1789772727272729e-01,5.6818181818181816e-02,0.0000000000000000e+00,0.0000000000000000e+00,0.0000000000000000e+00
6.1789772727272729e-01,7.9545454545454544e-02,0.0000000000000000e+00,0.0000000000000000e+00,0.0000000000000000e+00
6.1789772727272729e-01,1.0227272727272728e-01,0.0000000000000000e+00,0.0000000000000000e+00,0.0000000000000000e+00
6.1789772727272729e-01,1.2500000000000000e-01,0.0000000000000000e+00,0.0000000000000000e+00,0.0000000000000000e+00
6.1789772727272729e-01,1.4772727272727273e-01,0.0000000000000000e+00,0.0000000000000000e+00,0.0000000000000000e+00
6.1789772727272729e-01,1.7045454545454544e-01,0.0000000000000000e+00,0.0000000000000000e+00,0.0000000000000000e+00
6.1789772727272729e-01,1.9318181818181818e-01,0.0000000000000000e+00,0.0000000000000000e+00,0.0000000000000000e+00
6.1789772727272729e-01,2.1590909090909091e-01,0.0000000000000000e+00,0.0000000000000000e+00,0.0000000000000000e+00
6.1789772727272729e-01,2.3863636363636365e-01,0.0000000000000000e+00,0.0000000000000000e+00,0.0000000000000000e+00
6.1789772727272729e-01,2.6136363636363635e-01,0.0000000000000000e+00,0.0000000000000000e+00,0.0000000000000000e+00
6.1789772727272729e-01,2.8409090909090912e-01,0.0000000000000000e+00,0.0000000000000000e+00,0.0000000000000000e+00
6.1789772727272729e-01,3.0681818181818182e-01,0.0000000000000000e+00,0.0000000000000000e+00,0.0000000000000000e+00
6.1789772727272729e-01,3.2954545454545453e-01,0.0000000000000000e+00,0.0000000000000000e+00,0.0000000000000000e+00
6.1789772727272729e-01,3.5227272727272729e-01,0.0000000000000000e+00,0.0000000000000000e+00,0.0000000000000000e+00
6.1789772727272729e-01,3.7500000000000000e-01,0.0000000000000000e+00,0.0000000000000000e+00,0.0000000000000000e+00
6.1789772727272729e-01,3.9772727272727271e-01,0.0000000000000000e+00,0.0000000000000000e+00,0.0000000000000000e+00
6.1789772727272729e-01,4.2045454545454547e-01,0.0000000000000000e+00,0.0000000000000000e+00,0.0000000000000000e+00
6.1789772727272729e-01,4.4318181818181818e-01,0.0000000000000000e+00,0.0000000000000000e+00,0.0000000000000000e+00
6.1789772727272729e-01,4.6590909090909088e-01,0.0000000000000000e+00,0.0000000000000000e+00,0.0000000000000000e+00
6.1789772727272729e-01,4.8863636363636365e-01,0.0000000000000000e+00,0.0000000000000000e+00,0.0000000000000000e+00
6.1789772727272729e-01,5.1136363636363635e-01,0.0000000000000000e+00,0.0000000000000000e+00,0.0000000000000000e+00
6.1789772727272729e-01,5.3409090909090906e-01,0.0000000000000000e+00,0.0000000000000000e+00,0.0000000000000000e+00
6.1789772727272729e-01,5.5681818181818177e-01,0.0000000000000000e+00,0.0000000000000000e+00,0.0000000000000000e+00
6.1789772727272729e-01,5.7954545454545459e-01,0.0000000000000000e+00,0.0000000000000000e+00,0.0000000000000000e+00
6.1789772727272729e-01,6.0227272727272729e-01,0.0000000000000000e+00,0.0000000000000000e+00,0.0000000000000000e+00
6.1789772727272729e-01,6.2500000000000000e-01,0.0000000000000000e+00,0.0000000000000000e+00,0.0000000000000000e+00
6.1789772727272729e-01,6.4772727272727271e-01,0.0000000000000000e+00,0.0000000000000000e+00,0.0000000000000000e+00
6.1789772727272729e-01,6.7045454545454541e-01,0.0000000000000000e+00,0.0000000000000000e+00,0.0000000000000000e+00
6.1789772727272729e-01,6.9318181818181823e-01,0.0000000000000000e+00,0.0000000000000000e+00,0.0000000000000000e+00
6.1789772727272729e-01,7.1590909090909094e-01,0.0000000000000000e+00,0.0000000000000000e+00,0.0000000000000000e+00
6.1789772727272729e-01,7.3863636363636365e-01,0.0000000000000000e+00,0.0000000000000000e+00,0.0000000000000000e+00
6.1789772727272729e-01,7.6136363636363635e-01,0.0000000000000000e+00,0.0000000000000000e+00,0.0000000000000000e+00
6.1789772727272729e-01,7.8409090909090906e-01,0.0000000000000000e+00,0.0000000000000000e+00,0.0000000000000000e+00
6.1789772727272729e-01,8.0681818181818177e-01,0.0000000000000000e+00,0.0000000000000000e+00,0.0000000000000000e+00
6.1789772727272729e-01,8.2954545454545459e-01,0.0000000000000000e+00,0.0000000000000000e+00,0.0000000000000000e+00
6.1789772727272729e-01,8.5227272727272729e-01,0.0000000000000000e+00,0.0000000000000000e+00,0.0000000000000000e+00
6.1789772727272729e-01,8.7500000000000000e-01,0.0000000000000000e+00,0.0000000000000000e+00,0.0000000000000000e+00
6.1789772727272729e-01,8.9772727272727271e-01,0.0000000000000000e+00,0.0000000000000000e+00,0.0000000000000000e+00
6.1789772727272729e-01,9.2045454545454541e-01,0.0000000000000000e+00,0.0000000000000000e+00,0.0000000000000000e+00
6.1789772727272729e-01,9.4318181818181823e-01,0.0000000000000000e+00,0.0000000000000000e+00,0.0000000000000000e+00
6.1789772727272729e-01,9.6590909090909094e-01,0.0000000000000000e+00,0.0000000000000000e+00,0.0000000000000000e+00
6.1789772727272729e-01,9.8863636363636365e-01,0.0000000000000000e+00,0.0000000000000000e+00,0.0000000000000000e+00
