x, y, u
6.349431818181818e-01, 1.136363636363636e-02, -5.858707883902588e-06
6.349431818181818e-01, 3.409090909090909e-02, -1.757612365170776e-05
6.349431818181818e-01, 5.681818181818182e-02, -2.917598688727332e-05
6.349431818181818e-01, 7.954545454545454e-02, -3.326057313782870e-05
6.349431818181818e-01, 1.022727272727273e-01, -3.500986516217124e-05
6.349431818181818e-01, 1.250000000000000e-01, -3.676389123152924e-05
6.349431818181818e-01, 1.477272727272727e-01, -3.042609892997318e-05
6.349431818181818e-01, 1.704545454545454e-01, -2.408830662841713e-05
6.349431818181818e-01, 1.931818181818182e-01, -1.640858449495227e-05
6.349431818181818e-01, 2.159090909090909e-01, -3.809855980904066e-06
6.349431818181818e-01, 2.386363636363636e-01, 8.788872533144143e-06
6.349431818181818e-01, 2.613636363636364e-01, 2.322929747817172e-05
6.349431818181818e-01, 2.840909090909091e-01, 4.029132339062608e-05
6.349431818181818e-01, 3.068181818181818e-01, 6.767580480439812e-05
6.349431818181818e-01, 3.295454545454545e-01, 7.592143005460787e-05
6.349431818181818e-01, 3.522727272727273e-01, 9.566669356494739e-05
6.349431818181818e-01, 3.750000000000000e-01, 1.148390692954642e-04
6.349431818181818e-01, 3.977272727272727e-01, 1.354990958110466e-04
6.349431818181818e-01, 4.204545454545455e-01, 1.561591223266291e-04
6.349431818181818e-01, 4.431818181818182e-01, 1.760180577291332e-04
6.349431818181818e-01, 4.659090909090909e-01, 1.958319044366610e-04
6.349431818181818e-01, 4.886363636363636e-01, 2.156457511441889e-04
6.349431818181818e-01, 5.113636363636364e-01, 2.336018679221212e-04
6.349431818181818e-01, 5.340909090909091e-01, 2.508129750908682e-04
6.349431818181818e-01, 5.568181818181818e-01, 4.407995861871218e-04
6.349431818181818e-01, 5.795454545454546e-01, 2.814936402923224e-04
6.349431818181818e-01, 6.022727272727273e-01, 2.943471549206143e-04
6.349431818181818e-01, 6.250000000000000e-01, 3.068600805814400e-04
6.349431818181818e-01, 6.477272727272727e-01, 3.136004635571972e-04
6.349431818181818e-01, 6.704545454545454e-01, 3.203408465329545e-04
6.349431818181818e-01, 6.931818181818182e-01, 3.249551746465746e-04
6.349431818181818e-01, 7.159090909090909e-01, 3.238240933550742e-04
6.349431818181818e-01, 7.386363636363636e-01, 3.226930120635739e-04
6.349431818181818e-01, 7.613636363636364e-01, 3.168184833706668e-04
6.349431818181818e-01, 7.840909090909091e-01, 3.060533951754901e-04
6.349431818181818e-01, 8.068181818181818e-01, 5.440634042239972e-04
6.349431818181818e-01, 8.295454545454546e-01, 2.763273187124765e-04
6.349431818181818e-01, 8.522727272727273e-01, 2.541625654689732e-04
6.349431818181818e-01, 8.750000000000000e-01, 2.326778302158112e-04
6.349431818181818e-01, 8.977272727272727e-01, 1.973559046875912e-04
6.349431818181818e-01, 9.204545454545454e-01, 1.620339791593712e-04
6.349431818181818e-01, 9.431818181818182e-01, 1.240407931594679e-04
6.349431818181818e-01, 9.659090909090909e-01, 7.386766097571164e-05
6.349431818181818e-01, 9.886363636363636e-01, 2.369452879195538e-05
6.548295454545454e-01, 1.136363636363636e-02, -5.858707883902588e-06
6.548295454545454e-01, 3.409090909090909e-02, -1.753693947429456e-05
6.548295454545454e-01, 5.681818181818182e-02, -2.862740840348847e-05
6.548295454545454e-01, 7.954545454545454e-02, -3.271199465404384e-05
6.548295454545454e-01, 1.022727272727273e-01, -4.278251983600715e-05
6.548295454545454e-01, 1.250000000000000e-01, -3.622478083777532e-05
6.548295454545454e-01, 1.477272727272727e-01, -2.988698853621927e-05
6.548295454545454e-01, 1.704545454545454e-01, -3.989952869676054e-05
6.548295454545454e-01, 1.931818181818182e-01, -1.631608254362682e-05
6.548295454545454e-01, 2.159090909090909e-01, -3.717354029578619e-06
6.548295454545454e-01, 2.386363636363636e-01, -4.133420790973184e-06
6.548295454545454e-01, 2.613636363636364e-01, 2.254189489304980e-05
6.548295454545454e-01, 2.840909090909091e-01, 4.070263427142766e-05
6.548295454545454e-01, 3.068181818181818e-01, 6.597565550059477e-05
6.548295454545454e-01, 3.295454545454545e-01, 7.422128075080451e-05
6.548295454545454e-01, 3.522727272727273e-01, 1.089989470742296e-04
6.548295454545454e-01, 3.750000000000000e-01, 1.119931444320155e-04
6.548295454545454e-01, 3.977272727272727e-01, 1.326531709475979e-04
6.548295454545454e-01, 4.204545454545455e-01, 2.013359806518407e-04
6.548295454545454e-01, 4.431818181818182e-01, 1.719930405435551e-04
6.548295454545454e-01, 4.659090909090909e-01, 1.918068872510830e-04
6.548295454545454e-01, 4.886363636363636e-01, 3.126774349731386e-04
6.548295454545454e-01, 5.113636363636364e-01, 2.284641304161331e-04
6.548295454545454e-01, 5.340909090909091e-01, 2.648274343961236e-04
6.548295454545454e-01, 5.568181818181818e-01, 4.347151392197368e-04
6.548295454545454e-01, 5.795454545454546e-01, 2.754091933249374e-04
6.548295454545454e-01, 6.022727272727273e-01, 3.577757519901472e-04
6.548295454545454e-01, 6.250000000000000e-01, 3.000944556791224e-04
6.548295454545454e-01, 6.477272727272727e-01, 3.068348386548797e-04
6.548295454545454e-01, 6.704545454545454e-01, 4.447261544377673e-04
6.548295454545454e-01, 6.931818181818182e-01, 3.178731721536114e-04
6.548295454545454e-01, 7.159090909090909e-01, 3.167420908621111e-04
6.548295454545454e-01, 7.386363636363636e-01, 5.108065744521173e-04
6.548295454545454e-01, 7.613636363636364e-01, 3.098835929785666e-04
6.548295454545454e-01, 7.840909090909091e-01, 3.267938821323943e-04
6.548295454545454e-01, 8.068181818181818e-01, 5.378362112590671e-04
6.548295454545454e-01, 8.295454545454546e-01, 2.701001257475464e-04
6.548295454545454e-01, 8.522727272727273e-01, 3.238283638866711e-04
6.548295454545454e-01, 8.750000000000000e-01, 2.278106732315638e-04
6.548295454545454e-01, 8.977272727272727e-01, 1.924887477033438e-04
6.548295454545454e-01, 9.204545454545454e-01, 2.584216872989987e-04
6.548295454545454e-01, 9.431818181818182e-01, 1.212567185596224e-04
6.548295454545454e-01, 9.659090909090909e-01, 7.108358637586613e-05
6.548295454545454e-01, 9.886363636363636e-01, 1.057304984424204e-04
6.747159090909091e-01, 1.136363636363636e-02, -5.858707883902588e-06
6.747159090909091e-01, 3.409090909090909e-02, -1.698836099050970e-05
6.747159090909091e-01, 5.681818181818182e-02, -2.807882991970360e-05
6.747159090909091e-01, 7.954545454545454e-02, -1.830235888520180e-05
6.747159090909091e-01, 1.022727272727273e-01, -4.224340944225324e-05
6.747159090909091e-01, 1.250000000000000e-01, -3.568567044402141e-05
6.747159090909091e-01, 1.477272727272727e-01, -1.993324614278645e-05
6.747159090909091e-01, 1.704545454545454e-01, -3.980702674543510e-05
6.747159090909091e-01, 1.931818181818182e-01, -1.622358059230138e-05
6.747159090909091e-01, 2.159090909090909e-01, -2.481834470335461e-06
6.747159090909091e-01, 2.386363636363636e-01, -4.820823376095106e-06
6.747159090909091e-01, 2.613636363636364e-01, 2.185449230792787e-05
6.747159090909091e-01, 2.840909090909091e-01, 3.900248496762430e-05
6.747159090909091e-01, 3.068181818181818e-01, 6.427550619679141e-05
6.747159090909091e-01, 3.295454545454545e-01, 4.653959416262189e-05
6.747159090909091e-01, 3.522727272727273e-01, 1.061530222107809e-04
6.747159090909091e-01, 3.750000000000000e-01, 1.091472195685669e-04
6.747159090909091e-01, 3.977272727272727e-01, 9.994923725706702e-05
6.747159090909091e-01, 4.204545454545455e-01, 1.973109634662627e-04
6.747159090909091e-01, 4.431818181818182e-01, 1.679680233579771e-04
6.747159090909091e-01, 4.659090909090909e-01, 1.723233124834610e-04
6.747159090909091e-01, 4.886363636363636e-01, 3.075396974671505e-04
6.747159090909091e-01, 5.113636363636364e-01, 2.233263929101450e-04
6.747159090909091e-01, 5.340909090909091e-01, 2.587429874287387e-04
6.747159090909091e-01, 5.568181818181818e-01, 4.286306922523518e-04
6.747159090909091e-01, 5.795454545454546e-01, 1.529182432058398e-04
6.747159090909091e-01, 6.022727272727273e-01, 3.510101270878296e-04
6.747159090909091e-01, 6.250000000000000e-01, 2.933288307768048e-04
6.747159090909091e-01, 6.477272727272727e-01, 2.210984339165688e-04
6.747159090909091e-01, 6.704545454545454e-01, 4.376441519448041e-04
6.747159090909091e-01, 6.931818181818182e-01, 3.107911696606483e-04
6.747159090909091e-01, 7.159090909090909e-01, 2.819101106215622e-04
6.747159090909091e-01, 7.386363636363636e-01, 5.038716840600171e-04
6.747159090909091e-01, 7.613636363636364e-01, 3.029487025864664e-04
6.747159090909091e-01, 7.840909090909091e-01, 3.205666891674642e-04
6.747159090909091e-01, 8.068181818181818e-01, 5.316090182941370e-04
6.747159090909091e-01, 8.295454545454546e-01, 1.384855953197421e-04
6.747159090909091e-01, 8.522727272727273e-01, 3.189612069024236e-04
6.747159090909091e-01, 8.750000000000000e-01, 2.229435162473163e-04
6.747159090909091e-01, 8.977272727272727e-01, 1.287136874709555e-04
6.747159090909091e-01, 9.204545454545454e-01, 2.556376126991533e-04
6.747159090909091e-01, 9.431818181818182e-01, 1.184726439597769e-04
6.747159090909091e-01, 9.659090909090909e-01, 5.873916580134471e-05
6.747159090909091e-01, 9.886363636363636e-01, 1.057304984424204e-04
6.946022727272727e-01, 1.136363636363636e-02, -5.545234464596954e-06
6.946022727272727e-01, 3.409090909090909e-02, -1.663570339379086e-05
6.946022727272727e-01, 5.681818181818182e-02, -2.768099034073899e-05
6.946022727272727e-01, 7.954545454545454e-02, -3.159296416805205e-05
6.946022727272727e-01, 1.022727272727273e-01, -3.335307686671566e-05
6.946022727272727e-01, 1.250000000000000e-01, -3.509985072837957e-05
6.946022727272727e-01, 1.477272727272727e-01, -2.927246807531319e-05
6.946022727272727e-01, 1.704545454545454e-01, -2.344508542224681e-05
6.946022727272727e-01, 1.931818181818182e-01, -1.630185962337828e-05
6.946022727272727e-01, 2.159090909090909e-01, -4.594450579555631e-06
6.946022727272727e-01, 2.386363636363636e-01, 7.112958464267013e-06
6.946022727272727e-01, 2.613636363636364e-01, 2.063779540517765e-05
6.946022727272727e-01, 2.840909090909091e-01, 3.654239649628180e-05
6.946022727272727e-01, 3.068181818181818e-01, 6.150071105918610e-05
6.946022727272727e-01, 3.295454545454545e-01, 6.988018812607144e-05
6.946022727272727e-01, 3.522727272727273e-01, 8.831599385395916e-05
6.946022727272727e-01, 3.750000000000000e-01, 1.063307164473778e-04
6.946022727272727e-01, 3.977272727272727e-01, 1.256432088805267e-04
6.946022727272727e-01, 4.204545454545455e-01, 1.449557013136756e-04
6.946022727272727e-01, 4.431818181818182e-01, 1.636401590219367e-04
6.946022727272727e-01, 4.659090909090909e-01, 1.821823253632816e-04
6.946022727272727e-01, 4.886363636363636e-01, 2.007244917046266e-04
6.946022727272727e-01, 5.113636363636364e-01, 2.176469736731005e-04
6.946022727272727e-01, 5.340909090909091e-01, 2.337761271716796e-04
6.946022727272727e-01, 5.568181818181818e-01, 4.095963690595434e-04
6.946022727272727e-01, 5.795454545454546e-01, 2.626394302898585e-04
6.946022727272727e-01, 6.022727272727273e-01, 2.747144558496560e-04
6.946022727272727e-01, 6.250000000000000e-01, 2.865302308273748e-04
6.946022727272727e-01, 6.477272727272727e-01, 2.929090394138228e-04
6.946022727272727e-01, 6.704545454545454e-01, 2.992878480002709e-04
6.946022727272727e-01, 6.931818181818182e-01, 3.037034003463058e-04
6.946022727272727e-01, 7.159090909090909e-01, 3.027404471700774e-04
6.946022727272727e-01, 7.386363636363636e-01, 3.017774939938490e-04
6.946022727272727e-01, 7.613636363636364e-01, 2.963575906301438e-04
6.946022727272727e-01, 7.840909090909091e-01, 2.864012994945900e-04
6.946022727272727e-01, 8.068181818181818e-01, 5.068480113637299e-04
6.946022727272727e-01, 8.295454545454546e-01, 2.587410916723428e-04
6.946022727272727e-01, 8.522727272727273e-01, 2.381306652639054e-04
6.946022727272727e-01, 8.750000000000000e-01, 2.180013770509833e-04
6.946022727272727e-01, 8.977272727272727e-01, 1.850601171049370e-04
6.946022727272727e-01, 9.204545454545454e-01, 1.521188571588906e-04
6.946022727272727e-01, 9.431818181818182e-01, 1.164180060347001e-04
6.946022727272727e-01, 9.659090909090909e-01, 6.942667339362447e-05
6.946022727272727e-01, 9.886363636363636e-01, 2.243534075254879e-05
7.144886363636364e-01, 1.136363636363636e-02, -5.545234464596954e-06
7.144886363636364e-01, 3.409090909090909e-02, -1.663570339379086e-05
7.144886363636364e-01, 5.681818181818182e-02, -2.704844258929805e-05
7.144886363636364e-01, 7.954545454545454e-02, -3.096041641661111e-05
7.144886363636364e-01, 1.022727272727273e-01, -4.048819372302096e-05
7.144886363636364e-01, 1.250000000000000e-01, -3.442995423333945e-05
7.144886363636364e-01, 1.477272727272727e-01, -2.860257158027307e-05
7.144886363636364e-01, 1.704545454545454e-01, -3.809724980175580e-05
7.144886363636364e-01, 1.931818181818182e-01, -1.606362079362149e-05
7.144886363636364e-01, 2.159090909090909e-01, -4.356211749798851e-06
7.144886363636364e-01, 2.386363636363636e-01, -5.081493130763176e-06
7.144886363636364e-01, 2.613636363636364e-01, 2.008876348058675e-05
7.144886363636364e-01, 2.840909090909091e-01, 3.599336457169090e-05
7.144886363636364e-01, 3.068181818181818e-01, 5.991619985057768e-05
7.144886363636364e-01, 3.295454545454545e-01, 6.829567691746301e-05
7.144886363636364e-01, 3.522727272727273e-01, 1.005622886702496e-04
7.144886363636364e-01, 3.750000000000000e-01, 1.035671724622561e-04
7.144886363636364e-01, 3.977272727272727e-01, 1.228796648954050e-04
7.144886363636364e-01, 4.204545454545455e-01, 1.864153739771265e-04
7.144886363636364e-01, 4.431818181818182e-01, 1.596573460713923e-04
7.144886363636364e-01, 4.659090909090909e-01, 1.781995124127372e-04
7.144886363636364e-01, 4.886363636363636e-01, 2.899570026717709e-04
7.144886363636364e-01, 5.113636363636364e-01, 2.125072624583895e-04
7.144886363636364e-01, 5.340909090909091e-01, 2.286364159569685e-04
7.144886363636364e-01, 5.568181818181818e-01, 4.034643156551317e-04
7.144886363636364e-01, 5.795454545454546e-01, 2.565073768854468e-04
7.144886363636364e-01, 6.022727272727273e-01, 3.329271281916093e-04
7.144886363636364e-01, 6.250000000000000e-01, 2.796722757931426e-04
7.144886363636364e-01, 6.477272727272727e-01, 2.860510843795906e-04
7.144886363636364e-01, 6.704545454545454e-01, 4.138081906271819e-04
7.144886363636364e-01, 6.931818181818182e-01, 2.964875610727901e-04
7.144886363636364e-01, 7.159090909090909e-01, 2.955246078965617e-04
7.144886363636364e-01, 7.386363636363636e-01, 4.752763183039594e-04
7.144886363636364e-01, 7.613636363636364e-01, 2.892529639747489e-04
7.144886363636364e-01, 7.840909090909091e-01, 2.792966728391951e-04
7.144886363636364e-01, 8.068181818181818e-01, 5.004237172381999e-04
7.144886363636364e-01, 8.295454545454546e-01, 2.523167975468128e-04
7.144886363636364e-01, 8.522727272727273e-01, 3.018957804804715e-04
7.144886363636364e-01, 8.750000000000000e-01, 2.129242698728963e-04
7.144886363636364e-01, 8.977272727272727e-01, 1.799830099268499e-04
7.144886363636364e-01, 9.204545454545454e-01, 2.407585782541548e-04
7.144886363636364e-01, 9.431818181818182e-01, 1.134490944443308e-04
7.144886363636364e-01, 9.659090909090909e-01, 6.645776180325513e-05
7.144886363636364e-01, 9.886363636363636e-01, 9.809615435289921e-05
7.343750000000000e-01, 1.136363636363636e-02, -5.545234464596954e-06
7.343750000000000e-01, 3.409090909090909e-02, -1.604833762459570e-05
7.343750000000000e-01, 5.681818181818182e-02, -2.641589483785711e-05
7.343750000000000e-01, 7.954545454545454e-02, -1.736575438119347e-05
7.343750000000000e-01, 1.022727272727273e-01, -3.981829722798084e-05
7.343750000000000e-01, 1.250000000000000e-01, -3.376005773829933e-05
7.343750000000000e-01, 1.477272727272727e-01, -1.902309931197540e-05
7.343750000000000e-01, 1.704545454545454e-01, -3.785901097199902e-05
7.343750000000000e-01, 1.931818181818182e-01, -1.582538196386471e-05
7.343750000000000e-01, 2.159090909090909e-01, -2.936344041212583e-06
7.343750000000000e-01, 2.386363636363636e-01, -5.630525055354067e-06
7.343750000000000e-01, 2.613636363636364e-01, 1.953973155599586e-05
7.343750000000000e-01, 2.840909090909091e-01, 3.549700242217279e-05
7.343750000000000e-01, 3.068181818181818e-01, 5.833168864196925e-05
7.343750000000000e-01, 3.295454545454545e-01, 4.315452257266040e-05
7.343750000000000e-01, 3.522727272727273e-01, 9.779874468512788e-05
7.343750000000000e-01, 3.750000000000000e-01, 1.008036284771345e-04
7.343750000000000e-01, 3.977272727272727e-01, 9.278095702957621e-05
7.343750000000000e-01, 4.204545454545455e-01, 1.824325610265820e-04
7.343750000000000e-01, 4.431818181818182e-01, 1.556745331208478e-04
7.343750000000000e-01, 4.659090909090909e-01, 1.600266483765195e-04
7.343750000000000e-01, 4.886363636363636e-01, 2.848172914570598e-04
7.343750000000000e-01, 5.113636363636364e-01, 2.073675512436784e-04
7.343750000000000e-01, 5.340909090909091e-01, 2.403265741346756e-04
7.343750000000000e-01, 5.568181818181818e-01, 3.973322622507199e-04
7.343750000000000e-01, 5.795454545454546e-01, 1.428230132052661e-04
7.343750000000000e-01, 6.022727272727273e-01, 3.260691731573771e-04
7.343750000000000e-01, 6.250000000000000e-01, 2.728143207589103e-04
7.343750000000000e-01, 6.477272727272727e-01, 2.061309696771429e-04
7.343750000000000e-01, 6.704545454545454e-01, 4.065923513536663e-04
7.343750000000000e-01, 6.931818181818182e-01, 2.892717217992744e-04
7.343750000000000e-01, 7.159090909090909e-01, 2.625763649860072e-04
7.343750000000000e-01, 7.386363636363636e-01, 4.681716916485643e-04
7.343750000000000e-01, 7.613636363636364e-01, 2.821483373193539e-04
7.343750000000000e-01, 7.840909090909091e-01, 2.984187177356256e-04
7.343750000000000e-01, 8.068181818181818e-01, 4.939994231126697e-04
7.343750000000000e-01, 8.295454545454546e-01, 1.294875203524082e-04
7.343750000000000e-01, 8.522727272727273e-01, 2.968186733023845e-04
7.343750000000000e-01, 8.750000000000000e-01, 2.078471626948093e-04
7.343750000000000e-01, 8.977272727272727e-01, 1.200611914566807e-04
7.343750000000000e-01, 9.204545454545454e-01, 2.377896666637854e-04
7.343750000000000e-01, 9.431818181818182e-01, 1.104801828539615e-04
7.343750000000000e-01, 9.659090909090909e-01, 5.449786352938850e-05
7.343750000000000e-01, 9.886363636363636e-01, 9.809615435289921e-05
7.542613636363636e-01, 1.136363636363636e-02, -5.183778606630703e-06
7.542613636363636e-01, 3.409090909090909e-02, -1.555133581989211e-05
7.542613636363636e-01, 5.681818181818182e-02, -2.591889303315351e-05
7.542613636363636e-01, 7.954545454545454e-02, -2.965255852306624e-05
7.542613636363636e-01, 1.022727272727273e-01, -3.136998694333079e-05
7.542613636363636e-01, 1.250000000000000e-01, -3.307219782524562e-05
7.542613636363636e-01, 1.477272727272727e-01, -2.773813821821733e-05
7.542613636363636e-01, 1.704545454545454e-01, -2.240407861118906e-05
7.542613636363636e-01, 1.931818181818182e-01, -1.579098584110746e-05
7.542613636363636e-01, 2.159090909090909e-01, -4.983314802253588e-06
7.542613636363636e-01, 2.386363636363636e-01, 5.824356236600284e-06
7.542613636363636e-01, 2.613636363636364e-01, 1.841971833184424e-05
7.542613636363636e-01, 2.840909090909091e-01, 3.314091452692836e-05
7.542613636363636e-01, 3.068181818181818e-01, 4.786211072201244e-05
7.542613636363636e-01, 3.295454545454545e-01, 6.413370176748477e-05
7.542613636363636e-01, 3.522727272727273e-01, 8.122204146507163e-05
7.542613636363636e-01, 3.750000000000000e-01, 9.805268819824506e-05
7.542613636363636e-01, 3.977272727272727e-01, 1.159717303851964e-04
7.542613636363636e-01, 4.204545454545455e-01, 1.338907725721479e-04
7.542613636363636e-01, 4.431818181818182e-01, 1.513674078361683e-04
7.542613636363636e-01, 4.659090909090909e-01, 1.685874047327514e-04
7.542613636363636e-01, 4.886363636363636e-01, 1.858074016293345e-04
7.542613636363636e-01, 5.113636363636364e-01, 2.016598765152081e-04
7.542613636363636e-01, 5.340909090909091e-01, 2.166549246541293e-04
7.542613636363636e-01, 5.568181818181818e-01, 2.316499727930504e-04
7.542613636363636e-01, 5.795454545454546e-01, 2.436127696431006e-04
7.542613636363636e-01, 6.022727272727273e-01, 2.548581933402461e-04
7.542613636363636e-01, 6.250000000000000e-01, 2.659409391337226e-04
7.542613636363636e-01, 6.477272727272727e-01, 2.719107371609896e-04
7.542613636363636e-01, 6.704545454545454e-01, 2.778805351882567e-04
7.542613636363636e-01, 6.931818181818182e-01, 2.820658992957413e-04
7.542613636363636e-01, 7.159090909090909e-01, 2.812300462545080e-04
7.542613636363636e-01, 7.386363636363636e-01, 2.803941932132746e-04
7.542613636363636e-01, 7.613636363636364e-01, 2.754058100265981e-04
7.542613636363636e-01, 7.840909090909091e-01, 2.662270417823186e-04
7.542613636363636e-01, 8.068181818181818e-01, 2.570482735380390e-04
7.542613636363636e-01, 8.295454545454546e-01, 2.405936942569807e-04
7.542613636363636e-01, 8.522727272727273e-01, 2.215229100741924e-04
7.542613636363636e-01, 8.750000000000000e-01, 2.027421018880791e-04
7.542613636363636e-01, 8.977272727272727e-01, 1.722102083279958e-04
7.542613636363636e-01, 9.204545454545454e-01, 1.416783147679125e-04
7.542613636363636e-01, 9.431818181818182e-01, 1.083398159410420e-04
7.542613636363636e-01, 9.659090909090909e-01, 6.474152511753125e-05
7.542613636363636e-01, 9.886363636363636e-01, 2.114323429402054e-05
7.741477272727273e-01, 1.136363636363636e-02, -5.183778606630703e-06
7.741477272727273e-01, 3.409090909090909e-02, -1.555133581989211e-05
7.741477272727273e-01, 5.681818181818182e-02, -2.528494747588235e-05
7.741477272727273e-01, 7.954545454545454e-02, -2.896984792292806e-05
7.741477272727273e-01, 1.022727272727273e-01, -3.787269122595127e-05
7.741477272727273e-01, 1.250000000000000e-01, -3.231847204614203e-05
7.741477272727273e-01, 1.477272727272727e-01, -2.698441243911374e-05
7.741477272727273e-01, 1.704545454545454e-01, -3.582878325249292e-05
7.741477272727273e-01, 1.931818181818182e-01, -1.545431863821827e-05
7.741477272727273e-01, 2.159090909090909e-01, -4.646647599364391e-06
7.741477272727273e-01, 2.386363636363636e-01, -5.486977266278109e-06
7.741477272727273e-01, 2.613636363636364e-01, 1.796738510001670e-05
7.741477272727273e-01, 2.840909090909091e-01, 3.268858129510082e-05
7.741477272727273e-01, 3.068181818181818e-01, 5.439947247374025e-05
7.741477272727273e-01, 3.295454545454545e-01, 6.263154224537615e-05
7.741477272727273e-01, 3.522727272727273e-01, 9.242987488907428e-05
7.741477272727273e-01, 3.750000000000000e-01, 9.534796150887401e-05
7.741477272727273e-01, 3.977272727272727e-01, 1.132670036958254e-04
7.741477272727273e-01, 4.204545454545455e-01, 1.717089257429658e-04
7.741477272727273e-01, 4.431818181818182e-01, 1.474136683452156e-04
7.741477272727273e-01, 4.659090909090909e-01, 1.646336652417987e-04
7.741477272727273e-01, 4.886363636363636e-01, 2.673053556718034e-04
7.741477272727273e-01, 5.113636363636364e-01, 1.965159147421557e-04
7.741477272727273e-01, 5.340909090909091e-01, 2.115109628810769e-04
7.741477272727273e-01, 5.568181818181818e-01, 3.720871745713614e-04
7.741477272727273e-01, 5.795454545454546e-01, 2.374419874015318e-04
7.741477272727273e-01, 6.022727272727273e-01, 3.078442193050552e-04
7.741477272727273e-01, 6.250000000000000e-01, 2.590109933416983e-04
7.741477272727273e-01, 6.477272727272727e-01, 2.649807913689653e-04
7.741477272727273e-01, 6.704545454545454e-01, 3.824695380292205e-04
7.741477272727273e-01, 6.931818181818182e-01, 2.747485214579828e-04
7.741477272727273e-01, 7.159090909090909e-01, 2.739126684167495e-04
7.741477272727273e-01, 7.386363636363636e-01, 4.391261243090563e-04
7.741477272727273e-01, 7.613636363636364e-01, 2.681767603172132e-04
7.741477272727273e-01, 7.840909090909091e-01, 2.589979920729336e-04
7.741477272727273e-01, 8.068181818181818e-01, 4.622051839930989e-04
7.741477272727273e-01, 8.295454545454546e-01, 2.340329154940756e-04
7.741477272727273e-01, 8.522727272727273e-01, 2.793359917477141e-04
7.741477272727273e-01, 8.750000000000000e-01, 1.975345444429908e-04
7.741477272727273e-01, 8.977272727272727e-01, 1.670026508829075e-04
7.741477272727273e-01, 9.204545454545454e-01, 2.224607767720687e-04
7.741477272727273e-01, 9.431818181818182e-01, 1.052788973916128e-04
7.741477272727273e-01, 9.659090909090909e-01, 6.168060656810211e-05
7.741477272727273e-01, 9.886363636363636e-01, 9.022522094008141e-05
7.940340909090909e-01, 1.136363636363636e-02, -5.183778606630703e-06
7.940340909090909e-01, 3.409090909090909e-02, -1.501492034835496e-05
7.940340909090909e-01, 5.681818181818182e-02, -2.460223687574416e-05
7.940340909090909e-01, 7.954545454545454e-02, -2.828713732278988e-05
7.940340909090909e-01, 1.022727272727273e-01, -3.711896544684768e-05
7.940340909090909e-01, 1.250000000000000e-01, -3.156474626703844e-05
7.940340909090909e-01, 1.477272727272727e-01, -1.790236779757186e-05
7.940340909090909e-01, 1.704545454545454e-01, -3.549211604960372e-05
7.940340909090909e-01, 1.931818181818182e-01, -1.511765143532907e-05
7.940340909090909e-01, 2.159090909090909e-01, -3.112939736606059e-06
7.940340909090909e-01, 2.386363636363636e-01, -5.939310498105649e-06
7.940340909090909e-01, 2.613636363636364e-01, 1.751505186818916e-05
7.940340909090909e-01, 2.840909090909091e-01, 3.229633273633363e-05
7.940340909090909e-01, 3.068181818181818e-01, 5.289731295163164e-05
7.940340909090909e-01, 3.295454545454545e-01, 6.112938272326755e-05
7.940340909090909e-01, 3.522727272727273e-01, 8.972514819970321e-05
7.940340909090909e-01, 3.750000000000000e-01, 9.264323481950294e-05
7.940340909090909e-01, 3.977272727272727e-01, 8.571325788966309e-05
7.940340909090909e-01, 4.204545454545455e-01, 1.677551862520131e-04
7.940340909090909e-01, 4.431818181818182e-01, 1.434599288542629e-04
7.940340909090909e-01, 4.659090909090909e-01, 1.477681236913593e-04
7.940340909090909e-01, 4.886363636363636e-01, 2.621613938987510e-04
7.940340909090909e-01, 5.113636363636364e-01, 1.913719529691033e-04
7.940340909090909e-01, 5.340909090909091e-01, 2.218418402304583e-04
7.940340909090909e-01, 5.568181818181818e-01, 3.659163923297926e-04
7.940340909090909e-01, 5.795454545454546e-01, 2.312712051599630e-04
7.940340909090909e-01, 6.022727272727273e-01, 3.009142735130309e-04
7.940340909090909e-01, 6.250000000000000e-01, 2.520810475496740e-04
7.940340909090909e-01, 6.477272727272727e-01, 1.909734340918332e-04
7.940340909090909e-01, 6.704545454545454e-01, 3.751521601914620e-04
7.940340909090909e-01, 6.931818181818182e-01, 2.674311436202244e-04
7.940340909090909e-01, 7.159090909090909e-01, 2.429262365624209e-04
7.940340909090909e-01, 7.386363636363636e-01, 4.318970745996714e-04
7.940340909090909e-01, 7.613636363636364e-01, 2.609477106078283e-04
7.940340909090909e-01, 7.840909090909091e-01, 2.758235038214811e-04
7.940340909090909e-01, 8.068181818181818e-01, 4.556444052301939e-04
7.940340909090909e-01, 8.295454545454546e-01, 2.274721367311706e-04
7.940340909090909e-01, 8.522727272727273e-01, 2.741284343026258e-04
7.940340909090909e-01, 8.750000000000000e-01, 1.923269869979025e-04
7.940340909090909e-01, 8.977272727272727e-01, 1.111210698664118e-04
7.940340909090909e-01, 9.204545454545454e-01, 2.193998582226395e-04
7.940340909090909e-01, 9.431818181818182e-01, 1.022179788421837e-04
7.940340909090909e-01, 9.659090909090909e-01, 5.012512274448971e-05
7.940340909090909e-01, 9.886363636363636e-01, 9.022522094008141e-05
8.139204545454546e-01, 1.136363636363636e-02, -4.793658263694599e-06
8.139204545454546e-01, 3.409090909090909e-02, -1.438097479108380e-05
8.139204545454546e-01, 5.681818181818182e-02, -2.396829131847299e-05
8.139204545454546e-01, 7.954545454545454e-02, -2.754128387725712e-05
8.139204545454546e-01, 1.022727272727273e-01, -2.917755209298978e-05
8.139204545454546e-01, 1.250000000000000e-01, -3.080708897966357e-05
8.139204545454546e-01, 1.477272727272727e-01, -2.594966774545173e-05
8.139204545454546e-01, 1.704545454545454e-01, -2.109224651123991e-05
8.139204545454546e-01, 1.931818181818182e-01, -1.500164961395027e-05
8.139204545454546e-01, 2.159090909090909e-01, -5.095693357629804e-06
8.139204545454546e-01, 2.386363636363636e-01, 4.810262898690658e-06
8.139204545454546e-01, 2.613636363636364e-01, 1.646760491828174e-05
8.139204545454546e-01, 2.840909090909091e-01, 2.998899963875891e-05
8.139204545454546e-01, 3.068181818181818e-01, 4.351039435923605e-05
8.139204545454546e-01, 3.295454545454545e-01, 5.860057729624258e-05
8.139204545454546e-01, 3.522727272727273e-01, 7.431455451695806e-05
8.139204545454546e-01, 3.750000000000000e-01, 8.994144457958930e-05
8.139204545454546e-01, 3.977272727272727e-01, 1.064330435647331e-04
8.139204545454546e-01, 4.204545454545455e-01, 1.229246425498770e-04
8.139204545454546e-01, 4.431818181818182e-01, 1.391675048868199e-04
8.139204545454546e-01, 4.659090909090909e-01, 1.550272477467176e-04
8.139204545454546e-01, 4.886363636363636e-01, 1.708869906066153e-04
8.139204545454546e-01, 5.113636363636364e-01, 1.856408471356360e-04
8.139204545454546e-01, 5.340909090909091e-01, 1.994623861676812e-04
8.139204545454546e-01, 5.568181818181818e-01, 2.132839251997265e-04
8.139204545454546e-01, 5.795454545454546e-01, 2.244474962259839e-04
8.139204545454546e-01, 6.022727272727273e-01, 2.348253044368946e-04
8.139204545454546e-01, 6.250000000000000e-01, 2.451471608624444e-04
8.139204545454546e-01, 6.477272727272727e-01, 2.506741794088724e-04
8.139204545454546e-01, 6.704545454545454e-01, 2.562011979553004e-04
8.139204545454546e-01, 6.931818181818182e-01, 2.601336042304393e-04
8.139204545454546e-01, 7.159090909090909e-01, 2.593986976216329e-04
8.139204545454546e-01, 7.386363636363636e-01, 2.586637910128264e-04
8.139204545454546e-01, 7.613636363636364e-01, 2.540941395199686e-04
8.139204545454546e-01, 7.840909090909091e-01, 2.456791095002374e-04
8.139204545454546e-01, 8.068181818181818e-01, 2.372640794805063e-04
8.139204545454546e-01, 8.295454545454546e-01, 2.220645932599972e-04
8.139204545454546e-01, 8.522727272727273e-01, 2.045403477261423e-04
8.139204545454546e-01, 8.750000000000000e-01, 1.871135280898434e-04
8.139204545454546e-01, 8.977272727272727e-01, 1.590349361247991e-04
8.139204545454546e-01, 9.204545454545454e-01, 1.309563441597549e-04
8.139204545454546e-01, 9.431818181818182e-01, 1.000279037836783e-04
8.139204545454546e-01, 9.659090909090909e-01, 5.992780558808661e-05
8.139204545454546e-01, 9.886363636363636e-01, 1.982770739249491e-05
8.338068181818181e-01, 1.136363636363636e-02, -4.793658263694599e-06
8.338068181818181e-01, 3.409090909090909e-02, -1.438097479108380e-05
8.338068181818181e-01, 5.681818181818182e-02, -2.340687623498359e-05
8.338068181818181e-01, 7.954545454545454e-02, -2.682675558917969e-05
8.338068181818181e-01, 1.022727272727273e-01, -2.846302380491235e-05
8.338068181818181e-01, 1.250000000000000e-01, -2.999832208476208e-05
8.338068181818181e-01, 1.477272727272727e-01, -2.514090085055024e-05
8.338068181818181e-01, 1.704545454545454e-01, -3.324445354415806e-05
8.338068181818181e-01, 1.931818181818182e-01, -1.459829601333968e-05
8.338068181818181e-01, 2.159090909090909e-01, -4.692339757019221e-06
8.338068181818181e-01, 2.386363636363636e-01, -5.514796721724150e-06
8.338068181818181e-01, 2.613636363636364e-01, 1.608228995558429e-05
8.338068181818181e-01, 2.840909090909091e-01, 2.960368467606146e-05
8.338068181818181e-01, 3.068181818181818e-01, 4.926666792899016e-05
8.338068181818181e-01, 3.295454545454545e-01, 5.715618111245433e-05
8.338068181818181e-01, 3.522727272727273e-01, 7.287015833316982e-05
8.338068181818181e-01, 3.750000000000000e-01, 8.727782818262212e-05
8.338068181818181e-01, 3.977272727272727e-01, 1.037694271677660e-04
8.338068181818181e-01, 4.204545454545455e-01, 1.571524978816138e-04
8.338068181818181e-01, 4.431818181818182e-01, 1.352330718534015e-04
8.338068181818181e-01, 4.659090909090909e-01, 1.510928147132992e-04
8.338068181818181e-01, 4.886363636363636e-01, 2.446930370167616e-04
8.338068181818181e-01, 5.113636363636364e-01, 1.804914322649062e-04
8.338068181818181e-01, 5.340909090909091e-01, 1.943129712969514e-04
8.338068181818181e-01, 5.568181818181818e-01, 3.406009287156569e-04
8.338068181818181e-01, 5.795454545454546e-01, 2.182457028961373e-04
8.338068181818181e-01, 6.022727272727273e-01, 2.286235111070480e-04
8.338068181818181e-01, 6.250000000000000e-01, 2.381620425375465e-04
8.338068181818181e-01, 6.477272727272727e-01, 2.436890610839745e-04
8.338068181818181e-01, 6.704545454545454e-01, 3.508072634395713e-04
8.338068181818181e-01, 6.931818181818182e-01, 2.527406521508143e-04
8.338068181818181e-01, 7.159090909090909e-01, 2.520057455420078e-04
8.338068181818181e-01, 7.386363636363636e-01, 4.025146790891277e-04
8.338068181818181e-01, 7.613636363636364e-01, 2.467756229400965e-04
8.338068181818181e-01, 7.840909090909091e-01, 2.383605929203653e-04
8.338068181818181e-01, 8.068181818181818e-01, 4.234139529066405e-04
8.338068181818181e-01, 8.295454545454546e-01, 2.154104527675336e-04
8.338068181818181e-01, 8.522727272727273e-01, 1.978862072336787e-04
8.338068181818181e-01, 8.750000000000000e-01, 1.818233501631643e-04
8.338068181818181e-01, 8.977272727272727e-01, 1.537447581981200e-04
8.338068181818181e-01, 9.204545454545454e-01, 2.037987163355718e-04
8.338068181818181e-01, 9.431818181818182e-01, 9.691511990946538e-05
8.338068181818181e-01, 9.659090909090909e-01, 5.681502171387368e-05
8.338068181818181e-01, 9.886363636363636e-01, 8.222091954924810e-05
8.536931818181819e-01, 1.136363636363636e-02, -4.793658263694599e-06
8.536931818181819e-01, 3.409090909090909e-02, -1.392163517731973e-05
8.536931818181819e-01, 5.681818181818182e-02, -2.269234794690616e-05
8.536931818181819e-01, 7.954545454545454e-02, -2.611222730110226e-05
8.536931818181819e-01, 1.022727272727273e-01, -3.423902281625954e-05
8.536931818181819e-01, 1.250000000000000e-01, -2.918955518986058e-05
8.536931818181819e-01, 1.477272727272727e-01, -1.663663225781513e-05
8.536931818181819e-01, 1.704545454545454e-01, -3.284109994354747e-05
8.536931818181819e-01, 1.931818181818182e-01, -1.419494241272909e-05
8.536931818181819e-01, 2.159090909090909e-01, -3.094356509108454e-06
8.536931818181819e-01, 2.386363636363636e-01, -5.900111684421606e-06
8.536931818181819e-01, 2.613636363636364e-01, 1.569697499288683e-05
8.536931818181819e-01, 2.840909090909091e-01, 2.931238998303040e-05
8.536931818181819e-01, 3.068181818181818e-01, 4.782227174520189e-05
8.536931818181819e-01, 3.295454545454545e-01, 5.571178492866608e-05
8.536931818181819e-01, 3.522727272727273e-01, 8.185146582338404e-05
8.536931818181819e-01, 3.750000000000000e-01, 8.461421178565490e-05
8.536931818181819e-01, 3.977272727272727e-01, 7.871676440628604e-05
8.536931818181819e-01, 4.204545454545455e-01, 1.532180648481955e-04
8.536931818181819e-01, 4.431818181818182e-01, 1.312986388199831e-04
8.536931818181819e-01, 4.659090909090909e-01, 1.355318924005237e-04
8.536931818181819e-01, 4.886363636363636e-01, 2.395436221460317e-04
8.536931818181819e-01, 5.113636363636364e-01, 1.753420173941763e-04
8.536931818181819e-01, 5.340909090909091e-01, 2.032973926585632e-04
8.536931818181819e-01, 5.568181818181818e-01, 3.343991353858102e-04
8.536931818181819e-01, 5.795454545454546e-01, 2.120439095662907e-04
8.536931818181819e-01, 6.022727272727273e-01, 2.755895558876241e-04
8.536931818181819e-01, 6.250000000000000e-01, 2.311769242126485e-04
8.536931818181819e-01, 6.477272727272727e-01, 1.756676657226294e-04
8.536931818181819e-01, 6.704545454545454e-01, 3.434143113599463e-04
8.536931818181819e-01, 6.931818181818182e-01, 2.453477000711892e-04
8.536931818181819e-01, 7.159090909090909e-01, 2.230384315114305e-04
8.536931818181819e-01, 7.386363636363636e-01, 3.951961625092555e-04
8.536931818181819e-01, 7.613636363636364e-01, 2.394571063602243e-04
8.536931818181819e-01, 7.840909090909091e-01, 2.529076619452762e-04
8.536931818181819e-01, 8.068181818181818e-01, 4.167598124141768e-04
8.536931818181819e-01, 8.295454545454546e-01, 2.087563122750699e-04
8.536931818181819e-01, 8.522727272727273e-01, 2.510722561867716e-04
8.536931818181819e-01, 8.750000000000000e-01, 1.765331722364852e-04
8.536931818181819e-01, 8.977272727272727e-01, 1.020105290204363e-04
8.536931818181819e-01, 9.204545454545454e-01, 2.006859324613588e-04
8.536931818181819e-01, 9.431818181818182e-01, 9.380233603525239e-05
8.536931818181819e-01, 9.659090909090909e-01, 4.567828863847120e-05
8.536931818181819e-01, 9.886363636363636e-01, 8.222091954924810e-05
8.735795454545454e-01, 1.136363636363636e-02, -4.436394119655888e-06
8.735795454545454e-01, 3.409090909090909e-02, -1.320710688924231e-05
8.735795454545454e-01, 5.681818181818182e-02, -2.197781965882874e-05
8.735795454545454e-01, 7.954545454545454e-02, -1.436026343139432e-05
8.735795454545454e-01, 1.022727272727273e-01, -3.343025592135804e-05
8.735795454545454e-01, 1.250000000000000e-01, -2.838078829495908e-05
8.735795454545454e-01, 1.477272727272727e-01, -1.623327865720454e-05
8.735795454545454e-01, 1.704545454545454e-01, -3.243774634293689e-05
8.735795454545454e-01, 1.931818181818182e-01, -6.739162964927538e-07
8.735795454545454e-01, 2.159090909090909e-01, -3.479671471805906e-06
8.735795454545454e-01, 2.386363636363636e-01, -6.285426647119058e-06
8.735795454545454e-01, 2.613636363636364e-01, 9.358112037070623e-06
8.735795454545454e-01, 2.840909090909091e-01, 2.786799379924216e-05
8.735795454545454e-01, 3.068181818181818e-01, 4.637787556141365e-05
8.735795454545454e-01, 3.295454545454545e-01, 3.404636879078952e-05
8.735795454545454e-01, 3.522727272727273e-01, 7.918784942641687e-05
8.735795454545454e-01, 3.750000000000000e-01, 8.195059538868773e-05
8.735795454545454e-01, 3.977272727272727e-01, 7.478233137286768e-05
8.735795454545454e-01, 4.204545454545455e-01, 1.492836318147771e-04
8.735795454545454e-01, 4.431818181818182e-01, 2.637074778428622e-05
8.735795454545454e-01, 4.659090909090909e-01, 1.303824775297940e-04
8.735795454545454e-01, 4.886363636363636e-01, 2.343942072753019e-04
8.735795454545454e-01, 5.113636363636364e-01, 6.599385660146969e-05
8.735795454545454e-01, 5.340909090909091e-01, 1.970955993287167e-04
8.735795454545454e-01, 5.568181818181818e-01, 3.281973420559636e-04
8.735795454545454e-01, 5.795454545454546e-01, 1.154012943972869e-04
8.735795454545454e-01, 6.022727272727273e-01, 2.686044375627262e-04
8.735795454545454e-01, 6.250000000000000e-01, 2.241918058877506e-04
8.735795454545454e-01, 6.477272727272727e-01, 1.682747136430044e-04
8.735795454545454e-01, 6.704545454545454e-01, 3.360213592803212e-04
8.735795454545454e-01, 6.931818181818182e-01, 4.356218393373328e-05
8.735795454545454e-01, 7.159090909090909e-01, 2.157199149315584e-04
8.735795454545454e-01, 7.386363636363636e-01, 3.878776459293835e-04
8.735795454545454e-01, 7.613636363636364e-01, 8.240137098391202e-05
8.735795454545454e-01, 7.840909090909091e-01, 2.462535214528126e-04
8.735795454545454e-01, 8.068181818181818e-01, 4.101056719217132e-04
8.735795454545454e-01, 8.295454545454546e-01, 1.055511020268431e-04
8.735795454545454e-01, 8.522727272727273e-01, 2.457820782600926e-04
8.735795454545454e-01, 8.750000000000000e-01, 1.712429943098061e-04
8.735795454545454e-01, 8.977272727272727e-01, 9.889774514622341e-05
8.735795454545454e-01, 9.204545454545454e-01, 1.975731485871459e-04
8.735795454545454e-01, 9.431818181818182e-01, 9.135657727694313e-06
8.735795454545454e-01, 9.659090909090909e-01, 4.567828863847120e-05
8.735795454545454e-01, 9.886363636363636e-01, 8.222091954924810e-05
8.934659090909092e-01, 1.136363636363636e-02, -4.385356384793212e-06
8.934659090909092e-01, 3.409090909090909e-02, -1.315606915437964e-05
8.934659090909092e-01, 5.681818181818182e-02, -2.145392236296133e-05
8.934659090909092e-01, 7.954545454545454e-02, -2.458286596356009e-05
8.934659090909092e-01, 1.022727272727273e-01, -2.611143291435095e-05
8.934659090909092e-01, 1.250000000000000e-01, -2.753772756053886e-05
8.934659090909092e-01, 1.477272727272727e-01, -2.314363580551664e-05
8.934659090909092e-01, 1.704545454545454e-01, -3.044384910250146e-05
8.934659090909092e-01, 1.931818181818182e-01, -1.357132367531274e-05
8.934659090909092e-01, 2.159090909090909e-01, -4.566702919915755e-06
8.934659090909092e-01, 2.386363636363636e-01, -5.279844234498017e-06
8.934659090909092e-01, 2.613636363636364e-01, 1.436414713748218e-05
8.934659090909092e-01, 2.840909090909091e-01, 2.667516331956987e-05
8.934659090909092e-01, 3.068181818181818e-01, 4.440331299697704e-05
8.934659090909092e-01, 3.295454545454545e-01, 5.181516688490515e-05
8.934659090909092e-01, 3.522727272727273e-01, 6.613574957627327e-05
8.934659090909092e-01, 3.750000000000000e-01, 7.931316542975855e-05
8.934659090909092e-01, 3.977272727272727e-01, 9.435240254467245e-05
8.934659090909092e-01, 4.204545454545455e-01, 1.426986398534194e-04
8.934659090909092e-01, 4.431818181818182e-01, 1.230940364281360e-04
8.934659090909092e-01, 4.659090909090909e-01, 1.375652286168206e-04
8.934659090909092e-01, 4.886363636363636e-01, 2.220996540810591e-04
8.934659090909092e-01, 5.113636363636364e-01, 1.644363151251775e-04
8.934659090909092e-01, 5.340909090909091e-01, 1.770551359182322e-04
8.934659090909092e-01, 5.568181818181818e-01, 3.090220754734129e-04
8.934659090909092e-01, 5.795454545454546e-01, 1.989460273246477e-04
8.934659090909092e-01, 6.022727272727273e-01, 2.084286069697854e-04
8.934659090909092e-01, 6.250000000000000e-01, 2.171677605723071e-04
8.934659090909092e-01, 6.477272727272727e-01, 2.222286833990469e-04
8.934659090909092e-01, 6.704545454545454e-01, 3.188994332534161e-04
8.934659090909092e-01, 6.931818181818182e-01, 2.305312583472578e-04
8.934659090909092e-01, 7.159090909090909e-01, 2.298814208810262e-04
8.934659090909092e-01, 7.386363636363636e-01, 3.655643586036177e-04
8.934659090909092e-01, 7.613636363636364e-01, 2.251402483614127e-04
8.934659090909092e-01, 7.840909090909091e-01, 2.174845052987199e-04
8.934659090909092e-01, 8.068181818181818e-01, 3.842183693990998e-04
8.934659090909092e-01, 8.295454545454546e-01, 1.965574601900738e-04
8.934659090909092e-01, 8.522727272727273e-01, 1.805920290171155e-04
8.934659090909092e-01, 8.750000000000000e-01, 1.659026122698114e-04
8.934659090909092e-01, 8.977272727272727e-01, 1.403124706504427e-04
8.934659090909092e-01, 9.204545454545454e-01, 1.849107677933006e-04
8.934659090909092e-01, 9.431818181818182e-01, 8.843645914471497e-05
8.934659090909092e-01, 9.659090909090909e-01, 5.189382823393807e-05
8.934659090909092e-01, 9.886363636363636e-01, 7.413443856769570e-05
9.133522727272727e-01, 1.136363636363636e-02, -4.385356384793212e-06
9.133522727272727e-01, 3.409090909090909e-02, -1.278828949582040e-05
9.133522727272727e-01, 5.681818181818182e-02, -2.071836304584286e-05
9.133522727272727e-01, 7.954545454545454e-02, -2.384730664644162e-05
9.133522727272727e-01, 1.022727272727273e-01, -3.123689065585453e-05
9.133522727272727e-01, 1.250000000000000e-01, -2.669202883846336e-05
9.133522727272727e-01, 1.477272727272727e-01, -2.229793708344114e-05
9.133522727272727e-01, 1.704545454545454e-01, -2.999500044343206e-05
9.133522727272727e-01, 1.931818181818182e-01, -1.312247501624334e-05
9.133522727272727e-01, 2.159090909090909e-01, -2.938628012775426e-06
9.133522727272727e-01, 2.386363636363636e-01, -5.618860831919320e-06
9.133522727272727e-01, 2.613636363636364e-01, 1.402513054006087e-05
9.133522727272727e-01, 2.840909090909091e-01, 2.648149489886596e-05
9.133522727272727e-01, 3.068181818181818e-01, 4.299900012792459e-05
9.133522727272727e-01, 3.295454545454545e-01, 5.041085401585271e-05
9.133522727272727e-01, 3.522727272727273e-01, 7.411828167474588e-05
9.133522727272727e-01, 3.750000000000000e-01, 7.667774981221693e-05
9.133522727272727e-01, 3.977272727272727e-01, 9.171698692713083e-05
9.133522727272727e-01, 4.204545454545455e-01, 1.387764851891626e-04
9.133522727272727e-01, 4.431818181818182e-01, 1.191718817638791e-04
9.133522727272727e-01, 4.659090909090909e-01, 1.233068657214282e-04
9.133522727272727e-01, 4.886363636363636e-01, 2.169443016939744e-04
9.133522727272727e-01, 5.113636363636364e-01, 1.592809627380929e-04
9.133522727272727e-01, 5.340909090909091e-01, 1.847016536225561e-04
9.133522727272727e-01, 5.568181818181818e-01, 3.027956484353602e-04
9.133522727272727e-01, 5.795454545454546e-01, 1.927196002865950e-04
9.133522727272727e-01, 6.022727272727273e-01, 2.501314009853673e-04
9.133522727272727e-01, 6.250000000000000e-01, 2.101407208729755e-04
9.133522727272727e-01, 6.477272727272727e-01, 2.152016436997154e-04
9.133522727272727e-01, 6.704545454545454e-01, 3.114506913349796e-04
9.133522727272727e-01, 6.931818181818182e-01, 2.230825164288214e-04
9.133522727272727e-01, 7.159090909090909e-01, 2.029741268530667e-04
9.133522727272727e-01, 7.386363636363636e-01, 3.581817992201908e-04
9.133522727272727e-01, 7.613636363636364e-01, 2.177576889779859e-04
9.133522727272727e-01, 7.840909090909091e-01, 2.297632029793069e-04
9.133522727272727e-01, 8.068181818181818e-01, 3.774999561227608e-04
9.133522727272727e-01, 8.295454545454546e-01, 1.898390469137349e-04
9.133522727272727e-01, 8.522727272727273e-01, 2.277683330809721e-04
9.133522727272727e-01, 8.750000000000000e-01, 1.605583683749463e-04
9.133522727272727e-01, 8.977272727272727e-01, 1.349682267555776e-04
9.133522727272727e-01, 9.204545454545454e-01, 1.817660251893635e-04
9.133522727272727e-01, 9.431818181818182e-01, 8.529171654077795e-05
9.133522727272727e-01, 9.659090909090909e-01, 4.118579920427543e-05
9.133522727272727e-01, 9.886363636363636e-01, 7.413443856769570e-05
9.332386363636364e-01, 1.136363636363636e-02, -4.122656628679475e-06
9.332386363636364e-01, 3.409090909090909e-02, -1.205273017870193e-05
9.332386363636364e-01, 5.681818181818182e-02, -1.998280372872439e-05
9.332386363636364e-01, 7.954545454545454e-02, -1.312835148860842e-05
9.332386363636364e-01, 1.022727272727273e-01, -3.039119193377903e-05
9.332386363636364e-01, 1.250000000000000e-01, -2.584633011638787e-05
9.332386363636364e-01, 1.477272727272727e-01, -1.482116681993877e-05
9.332386363636364e-01, 1.704545454545454e-01, -2.954615178436266e-05
9.332386363636364e-01, 1.931818181818182e-01, -5.974117910528360e-07
9.332386363636364e-01, 2.159090909090909e-01, -3.277644610196730e-06
9.332386363636364e-01, 2.386363636363636e-01, -5.957877429340624e-06
9.332386363636364e-01, 2.613636363636364e-01, 8.559676800754841e-06
9.332386363636364e-01, 2.840909090909091e-01, 2.507718202981351e-05
9.332386363636364e-01, 3.068181818181818e-01, 4.159468725887214e-05
9.332386363636364e-01, 3.295454545454545e-01, 3.095821797768443e-05
9.332386363636364e-01, 3.522727272727273e-01, 7.148286605720424e-05
9.332386363636364e-01, 3.750000000000000e-01, 7.404233419467529e-05
9.332386363636364e-01, 3.977272727272727e-01, 6.784739611933745e-05
9.332386363636364e-01, 4.204545454545455e-01, 1.348543305249057e-04
9.332386363636364e-01, 4.431818181818182e-01, 2.451407736179751e-05
9.332386363636364e-01, 4.659090909090909e-01, 1.181515133343435e-04
9.332386363636364e-01, 4.886363636363636e-01, 2.117889493068897e-04
9.332386363636364e-01, 5.113636363636364e-01, 6.038123177169911e-05
9.332386363636364e-01, 5.340909090909091e-01, 1.784752265845033e-04
9.332386363636364e-01, 5.568181818181818e-01, 2.965692213973074e-04
9.332386363636364e-01, 5.795454545454546e-01, 1.050480372490357e-04
9.332386363636364e-01, 6.022727272727273e-01, 2.431043612860357e-04
9.332386363636364e-01, 6.250000000000000e-01, 2.031136811736439e-04
9.332386363636364e-01, 6.477272727272727e-01, 1.527990541995326e-04
9.332386363636364e-01, 6.704545454545454e-01, 3.040019494165431e-04
9.332386363636364e-01, 6.931818181818182e-01, 4.038389510251574e-05
9.332386363636364e-01, 7.159090909090909e-01, 1.955915674696399e-04
9.332386363636364e-01, 7.386363636363636e-01, 3.507992398367640e-04
9.332386363636364e-01, 7.613636363636364e-01, 7.530803655951393e-05
9.332386363636364e-01, 7.840909090909091e-01, 2.230447897029679e-04
9.332386363636364e-01, 8.068181818181818e-01, 3.707815428464220e-04
9.332386363636364e-01, 8.295454545454546e-01, 9.597900686280503e-05
9.332386363636364e-01, 8.522727272727273e-01, 2.224240891861070e-04
9.332386363636364e-01, 8.750000000000000e-01, 1.552141244800811e-04
9.332386363636364e-01, 8.977272727272727e-01, 8.964757800027792e-05
9.332386363636364e-01, 9.204545454545454e-01, 1.786212825854265e-04
9.332386363636364e-01, 9.431818181818182e-01, 8.237159840855151e-06
9.332386363636364e-01, 9.659090909090909e-01, 4.118579920427543e-05
9.332386363636364e-01, 9.886363636363636e-01, 7.413443856769570e-05
9.531250000000000e-01, 1.136363636363636e-02, -3.965036775011229e-06
9.531250000000000e-01, 3.409090909090909e-02, -1.189511032503369e-05
9.531250000000000e-01, 5.681818181818182e-02, -1.945023509662716e-05
9.531250000000000e-01, 7.954545454545454e-02, -2.227051704816047e-05
9.531250000000000e-01, 1.022727272727273e-01, -2.367321039328616e-05
9.531250000000000e-01, 1.250000000000000e-01, -2.498078403919356e-05
9.531250000000000e-01, 1.477272727272727e-01, -2.104023521332115e-05
9.531250000000000e-01, 1.704545454545454e-01, -1.709968638744876e-05
9.531250000000000e-01, 1.931818181818182e-01, -1.242528893715236e-05
9.531250000000000e-01, 2.159090909090909e-01, -4.321085617744753e-06
9.531250000000000e-01, 2.386363636363636e-01, -4.861650694320663e-06
9.531250000000000e-01, 2.613636363636364e-01, 1.276347593230616e-05
9.531250000000000e-01, 2.840909090909091e-01, 2.385701066110111e-05
9.531250000000000e-01, 3.068181818181818e-01, 3.972812100681264e-05
9.531250000000000e-01, 3.295454545454545e-01, 4.656866775815293e-05
9.531250000000000e-01, 3.522727272727273e-01, 5.948227587981912e-05
9.531250000000000e-01, 3.750000000000000e-01, 7.142182939960011e-05
9.531250000000000e-01, 3.977272727272727e-01, 8.499050760398234e-05
9.531250000000000e-01, 4.204545454545455e-01, 9.855918580836459e-05
9.531250000000000e-01, 4.431818181818182e-01, 1.109809868047204e-04
9.531250000000000e-01, 4.659090909090909e-01, 1.240428101673160e-04
9.531250000000000e-01, 4.886363636363636e-01, 1.995115212127299e-04
9.531250000000000e-01, 5.113636363636364e-01, 1.483534834931463e-04
9.531250000000000e-01, 5.340909090909091e-01, 1.597482189708089e-04
9.531250000000000e-01, 5.568181818181818e-01, 2.773651841678712e-04
9.531250000000000e-01, 5.795454545454546e-01, 1.795650997099578e-04
9.531250000000000e-01, 6.022727272727273e-01, 1.881326934564912e-04
9.531250000000000e-01, 6.250000000000000e-01, 1.960615795107179e-04
9.531250000000000e-01, 6.477272727272727e-01, 2.006405569441950e-04
9.531250000000000e-01, 6.704545454545454e-01, 2.052195343776721e-04
9.531250000000000e-01, 6.931818181818182e-01, 2.081714981450486e-04
9.531250000000000e-01, 7.159090909090909e-01, 2.075972978616851e-04
9.531250000000000e-01, 7.386363636363636e-01, 3.283653035832429e-04
9.531250000000000e-01, 7.613636363636364e-01, 2.033358008971735e-04
9.531250000000000e-01, 7.840909090909091e-01, 1.964390819568669e-04
9.531250000000000e-01, 8.068181818181818e-01, 3.447352077960255e-04
9.531250000000000e-01, 8.295454545454546e-01, 1.775447080087388e-04
9.531250000000000e-01, 8.522727272727273e-01, 1.631497561288934e-04
9.531250000000000e-01, 8.750000000000000e-01, 1.498410657709085e-04
9.531250000000000e-01, 8.977272727272727e-01, 1.267646399126005e-04
9.531250000000000e-01, 9.204545454545454e-01, 1.036882140542925e-04
9.531250000000000e-01, 9.431818181818182e-01, 7.988420673076479e-05
9.531250000000000e-01, 9.659090909090909e-01, 4.693556736734452e-05
9.531250000000000e-01, 9.886363636363636e-01, 6.599388398585094e-05
9.730113636363636e-01, 1.136363636363636e-02, -3.965036775011229e-06
9.730113636363636e-01, 3.409090909090909e-02, -1.162728976901298e-05
9.730113636363636e-01, 5.681818181818182e-02, -1.870033753976918e-05
9.730113636363636e-01, 7.954545454545454e-02, -2.152061949130249e-05
9.730113636363636e-01, 1.022727272727273e-01, -2.815027345604400e-05
9.730113636363636e-01, 1.250000000000000e-01, -2.410982504696683e-05
9.730113636363636e-01, 1.477272727272727e-01, -2.016927622109443e-05
9.730113636363636e-01, 1.704545454545454e-01, -2.701335388117543e-05
9.730113636363636e-01, 1.931818181818182e-01, -1.194513994360175e-05
9.730113636363636e-01, 2.159090909090909e-01, -2.686295787554677e-06
9.730113636363636e-01, 2.386363636363636e-01, -5.168697256080178e-06
9.730113636363636e-01, 2.613636363636364e-01, 1.245642937054665e-05
9.730113636363636e-01, 2.840909090909091e-01, 2.375820218407703e-05
9.730113636363636e-01, 3.068181818181818e-01, 3.835138865662763e-05
9.730113636363636e-01, 3.295454545454545e-01, 4.519193540796792e-05
9.730113636363636e-01, 3.522727272727273e-01, 6.648267344849188e-05
9.730113636363636e-01, 3.750000000000000e-01, 6.880539119247033e-05
9.730113636363636e-01, 3.977272727272727e-01, 8.237406939685256e-05
9.730113636363636e-01, 4.204545454545455e-01, 1.243982410897807e-04
9.730113636363636e-01, 4.431818181818182e-01, 1.070661586915799e-04
9.730113636363636e-01, 4.659090909090909e-01, 1.110855137544360e-04
9.730113636363636e-01, 4.886363636363636e-01, 1.943501465180874e-04
9.730113636363636e-01, 5.113636363636364e-01, 1.431921087985039e-04
9.730113636363636e-01, 5.340909090909091e-01, 1.660621941553166e-04
9.730113636363636e-01, 5.568181818181818e-01, 2.711191481232642e-04
9.730113636363636e-01, 5.795454545454546e-01, 1.733190636653507e-04
9.730113636363636e-01, 6.022727272727273e-01, 2.245686070687393e-04
9.730113636363636e-01, 6.250000000000000e-01, 1.890026427668115e-04
9.730113636363636e-01, 6.477272727272727e-01, 1.935816202002887e-04
9.730113636363636e-01, 6.704545454545454e-01, 2.793160463473476e-04
9.730113636363636e-01, 6.931818181818182e-01, 2.006814641905545e-04
9.730113636363636e-01, 7.159090909090909e-01, 1.827789179754085e-04
9.730113636363636e-01, 7.386363636363636e-01, 3.209365679041684e-04
9.730113636363636e-01, 7.613636363636364e-01, 1.959070652180990e-04
9.730113636363636e-01, 7.840909090909091e-01, 2.064546428513822e-04
9.730113636363636e-01, 8.068181818181818e-01, 3.379717758369465e-04
9.730113636363636e-01, 8.295454545454546e-01, 1.707812760496598e-04
9.730113636363636e-01, 8.522727272727273e-01, 2.042928690294753e-04
9.730113636363636e-01, 8.750000000000000e-01, 1.444601484760156e-04
9.730113636363636e-01, 8.977272727272727e-01, 1.213837226177076e-04
9.730113636363636e-01, 9.204545454545454e-01, 1.627085249290028e-04
9.730113636363636e-01, 9.431818181818182e-01, 7.671843550449182e-05
9.730113636363636e-01, 9.659090909090909e-01, 3.666326888102833e-05
9.730113636363636e-01, 9.886363636363636e-01, 6.599388398585094e-05
9.928977272727273e-01, 1.136363636363636e-02, -3.804344441398806e-06
9.928977272727273e-01, 3.409090909090909e-02, -1.087739221215500e-05
9.928977272727273e-01, 5.681818181818182e-02, -1.795043998291119e-05
9.928977272727273e-01, 7.954545454545454e-02, -1.186888150331490e-05
9.928977272727273e-01, 1.022727272727273e-01, -2.727931446381727e-05
9.928977272727273e-01, 1.250000000000000e-01, -2.323886605474011e-05
9.928977272727273e-01, 1.477272727272727e-01, -1.335234333551788e-05
9.928977272727273e-01, 1.704545454545454e-01, -2.653320488762482e-05
9.928977272727273e-01, 1.931818181818182e-01, -1.146499095005114e-05
9.928977272727273e-01, 2.159090909090909e-01, -2.993342349314191e-06
9.928977272727273e-01, 2.386363636363636e-01, -5.475743817839692e-06
9.928977272727273e-01, 2.613636363636364e-01, 7.788283361341377e-06
9.928977272727273e-01, 2.840909090909091e-01, 2.238146983389202e-05
9.928977272727273e-01, 3.068181818181818e-01, 3.697465630644263e-05
9.928977272727273e-01, 3.295454545454545e-01, 2.790521065591632e-05
9.928977272727273e-01, 3.522727272727273e-01, 6.386623524136209e-05
9.928977272727273e-01, 3.750000000000000e-01, 6.618895298534054e-05
9.928977272727273e-01, 3.977272727272727e-01, 6.094078293709516e-05
9.928977272727273e-01, 4.204545454545455e-01, 1.204834129766403e-04
9.928977272727273e-01, 4.431818181818182e-01, 1.031513305784395e-04
9.928977272727273e-01, 4.659090909090909e-01, 1.059241390597935e-04
9.928977272727273e-01, 4.886363636363636e-01, 1.891887718234449e-04
9.928977272727273e-01, 5.113636363636364e-01, 5.475920414276200e-05
9.928977272727273e-01, 5.340909090909091e-01, 1.598161581107096e-04
9.928977272727273e-01, 5.568181818181818e-01, 2.648731120786572e-04
9.928977272727273e-01, 5.795454545454546e-01, 9.465902947470539e-05
9.928977272727273e-01, 6.022727272727273e-01, 2.175096703248330e-04
9.928977272727273e-01, 6.250000000000000e-01, 1.819437060229052e-04
9.928977272727273e-01, 6.477272727272727e-01, 1.372505122597292e-04
9.928977272727273e-01, 6.704545454545454e-01, 2.718260123928534e-04
9.928977272727273e-01, 6.931818181818182e-01, 1.931914302360603e-04
9.928977272727273e-01, 7.159090909090909e-01, 1.753501822963340e-04
9.928977272727273e-01, 7.386363636363636e-01, 3.135078322250939e-04
9.928977272727273e-01, 7.613636363636364e-01, 6.817407790673892e-05
9.928977272727273e-01, 7.840909090909091e-01, 1.996912108923032e-04
9.928977272727273e-01, 8.068181818181818e-01, 3.312083438778675e-04
9.928977272727273e-01, 8.295454545454546e-01, 8.634612570153404e-05
9.928977272727273e-01, 8.522727272727273e-01, 1.989119517345825e-04
9.928977272727273e-01, 8.750000000000000e-01, 1.390792311811227e-04
9.928977272727273e-01, 8.977272727272727e-01, 8.033669314177080e-05
9.928977272727273e-01, 9.204545454545454e-01, 1.595427537027298e-04
9.928977272727273e-01, 9.431818181818182e-01, 7.355266427821886e-05
9.928977272727273e-01, 9.659090909090909e-01, 3.666326888102833e-05
9.928977272727273e-01, 9.886363636363636e-01, 6.599388398585094e-05
1.012784090909091e+00, 1.136363636363636e-02, -3.536523885378098e-06
1.012784090909091e+00, 3.409090909090909e-02, -1.060957165613429e-05
1.012784090909091e+00, 5.681818181818182e-02, -1.741121862252560e-05
1.012784090909091e+00, 7.954545454545454e-02, -1.991061298596522e-05
1.012784090909091e+00, 1.022727272727273e-01, -2.117495040495521e-05
1.012784090909091e+00, 1.250000000000000e-01, -2.235661188572140e-05
1.012784090909091e+00, 1.477272727272727e-01, -1.886270305833598e-05
1.012784090909091e+00, 1.704545454545454e-01, -1.536879423095057e-05
1.012784090909091e+00, 1.931818181818182e-01, -1.119579717466857e-05
1.012784090909091e+00, 2.159090909090909e-01, -3.991245918472538e-06
1.012784090909091e+00, 2.386363636363636e-01, -4.315258481765271e-06
1.012784090909091e+00, 2.613636363636364e-01, 1.124527742235785e-05
1.012784090909091e+00, 2.840909090909091e-01, 2.111631410723795e-05
1.012784090909091e+00, 3.068181818181818e-01, 3.518378220587859e-05
1.012784090909091e+00, 3.295454545454545e-01, 4.138795178161552e-05
1.012784090909091e+00, 3.522727272727273e-01, 5.288475320963055e-05
1.012784090909091e+00, 3.750000000000000e-01, 6.358051682532484e-05
1.012784090909091e+00, 3.977272727272727e-01, 7.566532085140918e-05
1.012784090909091e+00, 4.204545454545455e-01, 8.775012487749354e-05
1.012784090909091e+00, 4.431818181818182e-01, 9.888282459653566e-05
1.012784090909091e+00, 4.659090909090909e-01, 1.105200232945575e-04
1.012784090909091e+00, 4.886363636363636e-01, 1.769195414027980e-04
1.012784090909091e+00, 5.113636363636364e-01, 1.322457277297491e-04
1.012784090909091e+00, 5.340909090909091e-01, 1.424008502360236e-04
1.012784090909091e+00, 5.568181818181818e-01, 2.456422193977812e-04
1.012784090909091e+00, 5.795454545454546e-01, 1.601200447597370e-04
1.012784090909091e+00, 6.022727272727273e-01, 1.677586091356426e-04
1.012784090909091e+00, 6.250000000000000e-01, 1.748689719108154e-04
1.012784090909091e+00, 6.477272727272727e-01, 1.789552668179064e-04
1.012784090909091e+00, 6.704545454545454e-01, 1.830415617249974e-04
1.012784090909091e+00, 6.931818181818182e-01, 1.856989967210973e-04
1.012784090909091e+00, 7.159090909090909e-01, 1.851948516096420e-04
1.012784090909091e+00, 7.386363636363636e-01, 2.909819271756920e-04
1.012784090909091e+00, 7.613636363636364e-01, 1.814079832598189e-04
1.012784090909091e+00, 7.840909090909091e-01, 1.752716114280786e-04
1.012784090909091e+00, 8.068181818181818e-01, 3.050439897551810e-04
1.012784090909091e+00, 8.295454545454546e-01, 1.584186279550523e-04
1.012784090909091e+00, 8.522727272727273e-01, 1.456036928342767e-04
1.012784090909091e+00, 8.750000000000000e-01, 1.336817011663966e-04
1.012784090909091e+00, 8.977272727272727e-01, 1.131368708150828e-04
1.012784090909091e+00, 9.204545454545454e-01, 9.259204046376893e-05
1.012784090909091e+00, 9.431818181818182e-01, 7.128200859298552e-05
1.012784090909091e+00, 9.659090909090909e-01, 4.195139348816292e-05
1.012784090909091e+00, 9.886363636363636e-01, 5.781576730956693e-05
1.032670454545455e+00, 1.136363636363636e-02, -3.536523885378098e-06
1.032670454545455e+00, 3.409090909090909e-02, -1.044673117351536e-05
1.032670454545455e+00, 5.681818181818182e-02, -1.665129637030390e-05
1.032670454545455e+00, 7.954545454545454e-02, -1.915069073374352e-05
1.032670454545455e+00, 1.022727272727273e-01, -2.500414854281751e-05
1.032670454545455e+00, 1.250000000000000e-01, -2.146808261848489e-05
1.032670454545455e+00, 1.477272727272727e-01, -1.797417379109948e-05
1.032670454545455e+00, 1.704545454545454e-01, -2.393647961086953e-05
1.032670454545455e+00, 1.931818181818182e-01, -1.069393605146375e-05
1.032670454545455e+00, 2.159090909090909e-01, -3.489384795267709e-06
1.032670454545455e+00, 2.386363636363636e-01, -4.600231403299544e-06
1.032670454545455e+00, 2.613636363636364e-01, 1.096030450082358e-05
1.032670454545455e+00, 2.840909090909091e-01, 2.111026932352716e-05
1.032670454545455e+00, 3.068181818181818e-01, 3.382585044675844e-05
1.032670454545455e+00, 3.295454545454545e-01, 4.003002002249537e-05
1.032670454545455e+00, 3.522727272727273e-01, 5.891393421714690e-05
1.032670454545455e+00, 3.750000000000000e-01, 6.097652624703917e-05
1.032670454545455e+00, 3.977272727272727e-01, 7.306133027312349e-05
1.032670454545455e+00, 4.204545454545455e-01, 1.100603742699580e-04
1.032670454545455e+00, 4.431818181818182e-01, 9.497185161265303e-05
1.032670454545455e+00, 4.659090909090909e-01, 1.066090503106749e-04
1.032670454545455e+00, 4.886363636363636e-01, 1.717522164067265e-04
1.032670454545455e+00, 5.113636363636364e-01, 1.270784027336776e-04
1.032670454545455e+00, 5.340909090909091e-01, 1.473853316386687e-04
1.032670454545455e+00, 5.568181818181818e-01, 2.393803559045071e-04
1.032670454545455e+00, 5.795454545454546e-01, 1.538581812664629e-04
1.032670454545455e+00, 6.022727272727273e-01, 1.989231392873017e-04
1.032670454545455e+00, 6.250000000000000e-01, 1.677854614830681e-04
1.032670454545455e+00, 6.477272727272727e-01, 1.718717563901591e-04
1.032670454545455e+00, 6.704545454545454e-01, 2.470507540669088e-04
1.032670454545455e+00, 6.931818181818182e-01, 1.781779864390207e-04
1.032670454545455e+00, 7.159090909090909e-01, 1.776738413275654e-04
1.032670454545455e+00, 7.386363636363636e-01, 2.835193050341954e-04
1.032670454545455e+00, 7.613636363636364e-01, 1.739453611183223e-04
1.032670454545455e+00, 7.840909090909091e-01, 1.830263938531086e-04
1.032670454545455e+00, 8.068181818181818e-01, 2.982482073027101e-04
1.032670454545455e+00, 8.295454545454546e-01, 1.516228455025814e-04
1.032670454545455e+00, 8.522727272727273e-01, 1.806952510011320e-04
1.032670454545455e+00, 8.750000000000000e-01, 1.282749418628740e-04
1.032670454545455e+00, 8.977272727272727e-01, 1.077301115115602e-04
1.032670454545455e+00, 9.204545454545454e-01, 1.435549451580180e-04
1.032670454545455e+00, 9.431818181818182e-01, 6.810162988554172e-05
1.032670454545455e+00, 9.659090909090909e-01, 3.877101478071912e-05
1.032670454545455e+00, 9.886363636363636e-01, 5.781576730956693e-05
1.052556818181818e+00, 1.136363636363636e-02, -3.482243724505123e-06
1.052556818181818e+00, 3.409090909090909e-02, -9.686808921293659e-06
1.052556818181818e+00, 5.681818181818182e-02, -1.589137411808220e-05
1.052556818181818e+00, 7.954545454545454e-02, -1.058913090874515e-05
1.052556818181818e+00, 1.022727272727273e-01, -2.411561927558102e-05
1.052556818181818e+00, 1.250000000000000e-01, -2.057955335124840e-05
1.052556818181818e+00, 1.477272727272727e-01, -1.184277452463357e-05
1.052556818181818e+00, 1.704545454545454e-01, -2.343461848766471e-05
1.052556818181818e+00, 1.931818181818182e-01, -1.019207492825892e-05
1.052556818181818e+00, 2.159090909090909e-01, -2.650675086788946e-06
1.052556818181818e+00, 2.386363636363636e-01, -4.885204324833812e-06
1.052556818181818e+00, 2.613636363636364e-01, 7.036756441175715e-06
1.052556818181818e+00, 2.840909090909091e-01, 1.975233756440703e-05
1.052556818181818e+00, 3.068181818181818e-01, 3.246791868763831e-05
1.052556818181818e+00, 3.295454545454545e-01, 2.487683029616498e-05
1.052556818181818e+00, 3.522727272727273e-01, 5.630994363886124e-05
1.052556818181818e+00, 3.750000000000000e-01, 5.837253566875352e-05
1.052556818181818e+00, 3.977272727272727e-01, 5.405244388900829e-05
1.052556818181818e+00, 4.204545454545455e-01, 1.061494012860754e-04
1.052556818181818e+00, 4.431818181818182e-01, 9.106087862877047e-05
1.052556818181818e+00, 4.659090909090909e-01, 9.369545633837970e-05
1.052556818181818e+00, 4.886363636363636e-01, 1.665848914106550e-04
1.052556818181818e+00, 5.113636363636364e-01, 4.912844387955625e-05
1.052556818181818e+00, 5.340909090909091e-01, 1.411234681453946e-04
1.052556818181818e+00, 5.568181818181818e-01, 2.331184924112330e-04
1.052556818181818e+00, 5.795454545454546e-01, 8.424084391916559e-05
1.052556818181818e+00, 6.022727272727273e-01, 1.918396288595545e-04
1.052556818181818e+00, 6.250000000000000e-01, 1.607019510553209e-04
1.052556818181818e+00, 6.477272727272727e-01, 1.216451244629353e-04
1.052556818181818e+00, 6.704545454545454e-01, 2.395297437848322e-04
1.052556818181818e+00, 6.931818181818182e-01, 1.706569761569441e-04
1.052556818181818e+00, 7.159090909090909e-01, 1.550231843051654e-04
1.052556818181818e+00, 7.386363636363636e-01, 2.760566828926988e-04
1.052556818181818e+00, 7.613636363636364e-01, 6.100879795103621e-05
1.052556818181818e+00, 7.840909090909091e-01, 1.762306114006377e-04
1.052556818181818e+00, 8.068181818181818e-01, 2.914524248502392e-04
1.052556818181818e+00, 8.295454545454546e-01, 7.666842767141066e-05
1.052556818181818e+00, 8.522727272727273e-01, 1.752884916976095e-04
1.052556818181818e+00, 8.750000000000000e-01, 1.228681825593516e-04
1.052556818181818e+00, 8.977272727272727e-01, 7.098237790214806e-05
1.052556818181818e+00, 9.204545454545454e-01, 1.403745664505742e-04
1.052556818181818e+00, 9.431818181818182e-01, 6.492125117809797e-05
1.052556818181818e+00, 9.659090909090909e-01, 3.211987072753721e-05
1.052556818181818e+00, 9.886363636363636e-01, 5.781576730956693e-05
1.072443181818182e+00, 1.136363636363636e-02, -3.102282598394270e-06
1.072443181818182e+00, 3.409090909090909e-02, -9.306847795182809e-06
1.072443181818182e+00, 5.681818181818182e-02, -1.534703978809250e-05
1.072443181818182e+00, 7.954545454545454e-02, -1.751703529539527e-05
1.072443181818182e+00, 1.022727272727273e-01, -1.863439326865406e-05
1.072443181818182e+00, 1.250000000000000e-01, -1.968483256815384e-05
1.072443181818182e+00, 1.477272727272727e-01, -1.663283019109033e-05
1.072443181818182e+00, 1.704545454545454e-01, -1.358082781402684e-05
1.072443181818182e+00, 1.931818181818182e-01, -9.907453587079582e-06
1.072443181818182e+00, 2.159090909090909e-01, -3.602141239156795e-06
1.072443181818182e+00, 2.386363636363636e-01, 2.703171108765991e-06
1.072443181818182e+00, 2.613636363636364e-01, 9.784831332013669e-06
1.072443181818182e+00, 2.840909090909091e-01, 1.842962934536706e-05
1.072443181818182e+00, 3.068181818181818e-01, 3.072984400961991e-05
1.072443181818182e+00, 3.295454545454545e-01, 3.625241078092019e-05
1.072443181818182e+00, 3.522727272727273e-01, 4.632514498703175e-05
1.072443181818182e+00, 3.750000000000000e-01, 5.577244648488959e-05
1.072443181818182e+00, 3.977272727272727e-01, 6.636355633314885e-05
1.072443181818182e+00, 4.204545454545455e-01, 7.695466618140813e-05
1.072443181818182e+00, 4.431818181818182e-01, 8.679163724563972e-05
1.072443181818182e+00, 4.659090909090909e-01, 9.699300507258863e-05
1.072443181818182e+00, 4.886363636363636e-01, 1.071943728995376e-04
1.072443181818182e+00, 5.113636363636364e-01, 1.161153581787698e-04
1.072443181818182e+00, 5.340909090909091e-01, 1.250195795453841e-04
1.072443181818182e+00, 5.568181818181818e-01, 2.138623124785714e-04
1.072443181818182e+00, 5.795454545454546e-01, 1.406236246711246e-04
1.072443181818182e+00, 6.022727272727273e-01, 1.473231639790609e-04
1.072443181818182e+00, 6.250000000000000e-01, 1.536087395610824e-04
1.072443181818182e+00, 6.477272727272727e-01, 1.571950346346542e-04
1.072443181818182e+00, 6.704545454545454e-01, 1.607813297082260e-04
1.072443181818182e+00, 6.931818181818182e-01, 1.631407358246909e-04
1.072443181818182e+00, 7.159090909090909e-01, 1.627033200167556e-04
1.072443181818182e+00, 7.386363636363636e-01, 1.622659042088203e-04
1.072443181818182e+00, 7.613636363636364e-01, 1.593883792047852e-04
1.072443181818182e+00, 7.840909090909091e-01, 1.540141098747885e-04
1.072443181818182e+00, 8.068181818181818e-01, 2.651982833885646e-04
1.072443181818182e+00, 8.295454545454546e-01, 1.392098452405657e-04
1.072443181818182e+00, 8.522727272727273e-01, 1.279823651471597e-04
1.072443181818182e+00, 8.750000000000000e-01, 1.174519240053212e-04
1.072443181818182e+00, 8.977272727272727e-01, 9.945152862095453e-05
1.072443181818182e+00, 9.204545454545454e-01, 8.145113323658780e-05
1.072443181818182e+00, 9.431818181818182e-01, 6.264420983111913e-05
1.072443181818182e+00, 9.659090909090909e-01, 3.694831324908942e-05
1.072443181818182e+00, 9.886363636363636e-01, 1.125241666705970e-05
1.092329545454545e+00, 1.136363636363636e-02, -3.102282598394270e-06
1.092329545454545e+00, 3.409090909090909e-02, -9.252056727223197e-06
1.092329545454545e+00, 5.681818181818182e-02, -1.457996483665791e-05
1.092329545454545e+00, 7.954545454545454e-02, -1.674996034396068e-05
1.092329545454545e+00, 1.022727272727273e-01, -2.181545034661050e-05
1.092329545454545e+00, 1.250000000000000e-01, -1.878392026920123e-05
1.092329545454545e+00, 1.477272727272727e-01, -1.573191789213773e-05
1.092329545454545e+00, 1.704545454545454e-01, -2.079210201991245e-05
1.092329545454545e+00, 1.931818181818182e-01, -9.390452573789102e-06
1.092329545454545e+00, 2.159090909090909e-01, -3.085140225866316e-06
1.092329545454545e+00, 2.386363636363636e-01, -3.948777874237847e-06
1.092329545454545e+00, 2.613636363636364e-01, 9.515042430523368e-06
1.092329545454545e+00, 2.840909090909091e-01, 1.851478196993967e-05
1.092329545454545e+00, 3.068181818181818e-01, 2.938452163668517e-05
1.092329545454545e+00, 3.295454545454545e-01, 3.490708840798544e-05
1.092329545454545e+00, 3.522727272727273e-01, 5.139009367904812e-05
1.092329545454545e+00, 3.750000000000000e-01, 5.317625869544744e-05
1.092329545454545e+00, 3.977272727272727e-01, 6.376736854370670e-05
1.092329545454545e+00, 4.204545454545455e-01, 9.574646062386765e-05
1.092329545454545e+00, 4.431818181818182e-01, 8.288204289879740e-05
1.092329545454545e+00, 4.659090909090909e-01, 9.308341072574630e-05
1.092329545454545e+00, 4.886363636363636e-01, 1.491442885375080e-04
1.092329545454545e+00, 5.113636363636364e-01, 1.109421451968287e-04
1.092329545454545e+00, 5.340909090909091e-01, 1.286759580647943e-04
1.092329545454545e+00, 5.568181818181818e-01, 2.075873273696712e-04
1.092329545454545e+00, 5.795454545454546e-01, 1.343486395622245e-04
1.092329545454545e+00, 6.022727272727273e-01, 1.732111489419056e-04
1.092329545454545e+00, 6.250000000000000e-01, 1.465058270003529e-04
1.092329545454545e+00, 6.477272727272727e-01, 1.500921220739246e-04
1.092329545454545e+00, 6.704545454545454e-01, 2.146837588401471e-04
1.092329545454545e+00, 6.931818181818182e-01, 1.555959007905010e-04
1.092329545454545e+00, 7.159090909090909e-01, 1.551584849825657e-04
1.092329545454545e+00, 7.386363636363636e-01, 2.459710389657289e-04
1.092329545454545e+00, 7.613636363636364e-01, 1.519001793004570e-04
1.092329545454545e+00, 7.840909090909091e-01, 1.595086749307201e-04
1.092329545454545e+00, 8.068181818181818e-01, 2.583784476808914e-04
1.092329545454545e+00, 8.295454545454546e-01, 1.323900095328925e-04
1.092329545454545e+00, 8.522727272727273e-01, 1.570076699860239e-04
1.092329545454545e+00, 8.750000000000000e-01, 1.120261662007832e-04
1.092329545454545e+00, 8.977272727272727e-01, 9.402577081641643e-05
1.092329545454545e+00, 9.204545454545454e-01, 1.243312471699657e-04
1.092329545454545e+00, 9.431818181818182e-01, 5.945314658320886e-05
1.092329545454545e+00, 9.659090909090909e-01, 3.375725000117914e-05
1.092329545454545e+00, 9.886363636363636e-01, 4.961017610065473e-05
1.112215909090909e+00, 1.136363636363636e-02, -3.102282598394270e-06
1.112215909090909e+00, 3.409090909090909e-02, -8.484981775788597e-06
1.112215909090909e+00, 5.681818181818182e-02, -1.381288988522331e-05
1.112215909090909e+00, 7.954545454545454e-02, -9.294320824121683e-06
1.112215909090909e+00, 1.022727272727273e-01, -2.091453804765789e-05
1.112215909090909e+00, 1.250000000000000e-01, -1.788300797024861e-05
1.112215909090909e+00, 1.477272727272727e-01, -1.030372940044007e-05
1.112215909090909e+00, 1.704545454545454e-01, -2.027510100662196e-05
1.112215909090909e+00, 1.931818181818182e-01, -8.873451560498618e-06
1.112215909090909e+00, 2.159090909090909e-01, -2.266565665454918e-06
1.112215909090909e+00, 2.386363636363636e-01, -4.218566775728151e-06
1.112215909090909e+00, 2.613636363636364e-01, 9.245253529033064e-06
1.112215909090909e+00, 2.840909090909091e-01, 1.716945959700490e-05
1.112215909090909e+00, 3.068181818181818e-01, 2.803919926375040e-05
1.112215909090909e+00, 3.295454545454545e-01, 2.186537558962616e-05
1.112215909090909e+00, 3.522727272727273e-01, 4.879390588960594e-05
1.112215909090909e+00, 3.750000000000000e-01, 5.058007090600526e-05
1.112215909090909e+00, 3.977272727272727e-01, 4.717508846428334e-05
1.112215909090909e+00, 4.204545454545455e-01, 9.183686627702529e-05
1.112215909090909e+00, 4.431818181818182e-01, 7.897244855195502e-05
1.112215909090909e+00, 4.659090909090909e-01, 8.146199171618690e-05
1.112215909090909e+00, 4.886363636363636e-01, 1.439710755555669e-04
1.112215909090909e+00, 5.113636363636364e-01, 1.057689322148876e-04
1.112215909090909e+00, 5.340909090909091e-01, 1.224009729558941e-04
1.112215909090909e+00, 5.568181818181818e-01, 2.013123422607710e-04
1.112215909090909e+00, 5.795454545454546e-01, 7.379847734893539e-05
1.112215909090909e+00, 6.022727272727273e-01, 1.661082363811760e-04
1.112215909090909e+00, 6.250000000000000e-01, 1.394029144396233e-04
1.112215909090909e+00, 6.477272727272727e-01, 1.059945874496825e-04
1.112215909090909e+00, 6.704545454545454e-01, 2.071389238059572e-04
1.112215909090909e+00, 6.931818181818182e-01, 1.480510657563111e-04
1.112215909090909e+00, 7.159090909090909e-01, 1.346299518321736e-04
1.112215909090909e+00, 7.386363636363636e-01, 2.384828390614007e-04
1.112215909090909e+00, 7.613636363636364e-01, 1.444119793961287e-04
1.112215909090909e+00, 7.840909090909091e-01, 1.526888392230469e-04
1.112215909090909e+00, 8.068181818181818e-01, 2.515586119732182e-04
1.112215909090909e+00, 8.295454545454546e-01, 6.695681216924271e-05
1.112215909090909e+00, 8.522727272727273e-01, 1.515819121814858e-04
1.112215909090909e+00, 8.750000000000000e-01, 1.066004083962450e-04
1.112215909090909e+00, 8.977272727272727e-01, 6.159579086214172e-05
1.112215909090909e+00, 9.204545454545454e-01, 1.211401839220554e-04
1.112215909090909e+00, 9.431818181818182e-01, 5.626208333529853e-05
1.112215909090909e+00, 9.659090909090909e-01, 2.756120894480820e-05
1.112215909090909e+00, 9.886363636363636e-01, 4.961017610065473e-05
1.132102272727273e+00, 1.136363636363636e-02, -2.663954054717358e-06
1.132102272727273e+00, 3.409090909090909e-02, -7.991862164152075e-06
1.132102272727273e+00, 5.681818181818182e-02, -1.326461028425658e-05
1.132102272727273e+00, 7.954545454545454e-02, -1.509924810779446e-05
1.132102272727273e+00, 1.022727272727273e-01, -1.606364911246123e-05
1.132102272727273e+00, 1.250000000000000e-01, -1.697896434256427e-05
1.132102272727273e+00, 1.477272727272727e-01, -1.436571772054321e-05
1.132102272727273e+00, 1.704545454545454e-01, -1.175247109852214e-05
1.132102272727273e+00, 1.931818181818182e-01, -8.577492142396535e-06
1.132102272727273e+00, 2.159090909090909e-01, -3.171368268508930e-06
1.132102272727273e+00, 2.386363636363636e-01, 2.234755605378675e-06
1.132102272727273e+00, 2.613636363636364e-01, 8.364547243333231e-06
1.132102272727273e+00, 2.840909090909091e-01, 1.578016414646438e-05
1.132102272727273e+00, 3.068181818181818e-01, 2.633739739518811e-05
1.132102272727273e+00, 3.295454545454545e-01, 3.114718705086319e-05
1.132102272727273e+00, 3.522727272727273e-01, 3.979036078096628e-05
1.132102272727273e+00, 3.750000000000000e-01, 4.798546185767067e-05
1.132102272727273e+00, 3.977272727272727e-01, 5.707553564032973e-05
1.132102272727273e+00, 4.204545454545455e-01, 6.616560942298880e-05
1.132102272727273e+00, 4.431818181818182e-01, 7.470165110087102e-05
1.132102272727273e+00, 4.659090909090909e-01, 8.345888334484997e-05
1.132102272727273e+00, 4.886363636363636e-01, 9.221611558882891e-05
1.132102272727273e+00, 5.113636363636364e-01, 9.996401357657191e-05
1.132102272727273e+00, 5.340909090909091e-01, 1.076090667980901e-04
1.132102272727273e+00, 5.568181818181818e-01, 1.820318207041291e-04
1.132102272727273e+00, 5.795454545454546e-01, 1.210849765150845e-04
1.132102272727273e+00, 6.022727272727273e-01, 1.268383130209300e-04
1.132102272727273e+00, 6.250000000000000e-01, 1.322943243808052e-04
1.132102272727273e+00, 6.477272727272727e-01, 1.353755651989938e-04
1.132102272727273e+00, 6.704545454545454e-01, 1.384568060171824e-04
1.132102272727273e+00, 6.931818181818182e-01, 1.405156212339105e-04
1.132102272727273e+00, 7.159090909090909e-01, 1.401429312886743e-04
1.132102272727273e+00, 7.386363636363636e-01, 1.397702413434380e-04
1.132102272727273e+00, 7.613636363636364e-01, 1.372985298045550e-04
1.132102272727273e+00, 7.840909090909091e-01, 1.326881052707354e-04
1.132102272727273e+00, 8.068181818181818e-01, 2.252337325660949e-04
1.132102272727273e+00, 8.295454545454546e-01, 1.199385888586473e-04
1.132102272727273e+00, 8.522727272727273e-01, 1.103043406545385e-04
1.132102272727273e+00, 8.750000000000000e-01, 1.011694090916503e-04
1.132102272727273e+00, 8.977272727272727e-01, 8.572295034342962e-05
1.132102272727273e+00, 9.204545454545454e-01, 7.027649159520896e-05
1.132102272727273e+00, 9.431818181818182e-01, 5.397980331836328e-05
1.132102272727273e+00, 9.659090909090909e-01, 3.193083616251676e-05
1.132102272727273e+00, 9.886363636363636e-01, 9.881869006670242e-06
1.151988636363636e+00, 1.136363636363636e-02, -2.663954054717358e-06
1.151988636363636e+00, 3.409090909090909e-02, -7.991862164152075e-06
1.151988636363636e+00, 5.681818181818182e-02, -1.249237043363354e-05
1.151988636363636e+00, 7.954545454545454e-02, -1.432700825717143e-05
1.151988636363636e+00, 1.022727272727273e-01, -1.859596900721340e-05
1.151988636363636e+00, 1.250000000000000e-01, -1.606928432316281e-05
1.151988636363636e+00, 1.477272727272727e-01, -1.345603770114174e-05
1.151988636363636e+00, 1.704545454545454e-01, -1.759971635729522e-05
1.151988636363636e+00, 1.931818181818182e-01, -8.049975663808937e-06
1.151988636363636e+00, 2.159090909090909e-01, -2.643851789921333e-06
1.151988636363636e+00, 2.386363636363636e-01, -3.239427571219840e-06
1.151988636363636e+00, 2.613636363636364e-01, 8.105043220367362e-06
1.151988636363636e+00, 2.840909090909091e-01, 1.552066012349851e-05
1.151988636363636e+00, 3.068181818181818e-01, 2.500023351036346e-05
1.151988636363636e+00, 3.295454545454545e-01, 2.981002316603855e-05
1.151988636363636e+00, 3.522727272727273e-01, 4.389522154509935e-05
1.151988636363636e+00, 3.750000000000000e-01, 4.539369454332970e-05
1.151988636363636e+00, 3.977272727272727e-01, 5.448376832598876e-05
1.151988636363636e+00, 4.204545454545455e-01, 8.144448198452726e-05
1.151988636363636e+00, 4.431818181818182e-01, 7.079158297023099e-05
1.151988636363636e+00, 4.659090909090909e-01, 7.954881521420992e-05
1.151988636363636e+00, 4.886363636363636e-01, 1.265216429038724e-04
1.151988636363636e+00, 5.113636363636364e-01, 9.478486015991630e-05
1.151988636363636e+00, 5.340909090909091e-01, 1.024299133814345e-04
1.151988636363636e+00, 5.568181818181818e-01, 1.757455215574688e-04
1.151988636363636e+00, 5.795454545454546e-01, 1.147986773684241e-04
1.151988636363636e+00, 6.022727272727273e-01, 1.474440208226625e-04
1.151988636363636e+00, 6.250000000000000e-01, 1.251755148254278e-04
1.151988636363636e+00, 6.477272727272727e-01, 1.282567556436164e-04
1.151988636363636e+00, 6.704545454545454e-01, 1.822351831620094e-04
1.151988636363636e+00, 6.931818181818182e-01, 1.329517715288413e-04
1.151988636363636e+00, 7.159090909090909e-01, 1.325790815836050e-04
1.151988636363636e+00, 7.386363636363636e-01, 2.083197327973043e-04
1.151988636363636e+00, 7.613636363636364e-01, 1.297902480612911e-04
1.151988636363636e+00, 7.840909090909091e-01, 1.251798235274716e-04
1.151988636363636e+00, 8.068181818181818e-01, 2.183952119659810e-04
1.151988636363636e+00, 8.295454545454546e-01, 1.131000682585333e-04
1.151988636363636e+00, 8.522727272727273e-01, 1.332510765344769e-04
1.151988636363636e+00, 8.750000000000000e-01, 9.572897508695354e-05
1.151988636363636e+00, 8.977272727272727e-01, 8.028251633873291e-05
1.151988636363636e+00, 9.204545454545454e-01, 1.050538479950521e-04
1.151988636363636e+00, 9.431818181818182e-01, 5.078048251885484e-05
1.151988636363636e+00, 9.659090909090909e-01, 2.873151536300831e-05
1.151988636363636e+00, 9.886363636363636e-01, 4.138335118763296e-05
1.171875000000000e+00, 1.136363636363636e-02, -2.663954054717358e-06
1.171875000000000e+00, 3.409090909090909e-02, -7.274782302859255e-06
1.171875000000000e+00, 5.681818181818182e-02, -1.172013058301050e-05
1.171875000000000e+00, 7.954545454545454e-02, -7.988265901446585e-06
1.171875000000000e+00, 1.022727272727273e-01, -1.768628898781193e-05
1.171875000000000e+00, 1.250000000000000e-01, -1.515960430376134e-05
1.171875000000000e+00, 1.477272727272727e-01, -8.743338555941800e-06
1.171875000000000e+00, 1.704545454545454e-01, -1.707219987870762e-05
1.171875000000000e+00, 1.931818181818182e-01, -7.522459185221333e-06
1.171875000000000e+00, 2.159090909090909e-01, -1.853230433194457e-06
1.171875000000000e+00, 2.386363636363636e-01, -3.498931594185713e-06
1.171875000000000e+00, 2.613636363636364e-01, 7.845539197401491e-06
1.171875000000000e+00, 2.840909090909091e-01, 1.461809328198247e-05
1.171875000000000e+00, 3.068181818181818e-01, 2.366306962553881e-05
1.171875000000000e+00, 3.295454545454545e-01, 1.886513101553930e-05
1.171875000000000e+00, 3.522727272727273e-01, 4.130345423075835e-05
1.171875000000000e+00, 3.750000000000000e-01, 4.280192722898870e-05
1.171875000000000e+00, 3.977272727272727e-01, 4.030330512112356e-05
1.171875000000000e+00, 4.204545454545455e-01, 7.753441385388717e-05
1.171875000000000e+00, 4.431818181818182e-01, 6.688151483959089e-05
1.171875000000000e+00, 4.659090909090909e-01, 6.922108741617467e-05
1.171875000000000e+00, 4.886363636363636e-01, 1.213424894872167e-04
1.171875000000000e+00, 5.113636363636364e-01, 8.960570674326066e-05
1.171875000000000e+00, 5.340909090909091e-01, 1.036512274640068e-04
1.171875000000000e+00, 5.568181818181818e-01, 1.694592224108083e-04
1.171875000000000e+00, 5.795454545454546e-01, 6.333557646594478e-05
1.171875000000000e+00, 6.022727272727273e-01, 1.403252112672850e-04
1.171875000000000e+00, 6.250000000000000e-01, 1.180567052700504e-04
1.171875000000000e+00, 6.477272727272727e-01, 9.030717911260437e-05
1.171875000000000e+00, 6.704545454545454e-01, 1.746713334569400e-04
1.171875000000000e+00, 6.931818181818182e-01, 1.253879218237719e-04
1.171875000000000e+00, 7.159090909090909e-01, 1.141838569086226e-04
1.171875000000000e+00, 7.386363636363636e-01, 2.008114510540404e-04
1.171875000000000e+00, 7.613636363636364e-01, 1.222819663180273e-04
1.171875000000000e+00, 7.840909090909091e-01, 1.290832641509846e-04
1.171875000000000e+00, 8.068181818181818e-01, 2.115566913658670e-04
1.171875000000000e+00, 8.295454545454546e-01, 5.721863349446359e-05
1.171875000000000e+00, 8.522727272727273e-01, 1.278106425297801e-04
1.171875000000000e+00, 8.750000000000000e-01, 9.028854108225677e-05
1.171875000000000e+00, 8.977272727272727e-01, 5.218413962615011e-05
1.171875000000000e+00, 9.204545454545454e-01, 1.018545271955436e-04
1.171875000000000e+00, 9.431818181818182e-01, 4.758116171934635e-05
1.171875000000000e+00, 9.659090909090909e-01, 2.299075065979611e-05
1.171875000000000e+00, 9.886363636363636e-01, 4.138335118763296e-05
1.191761363636364e+00, 1.136363636363636e-02, -2.222674140075623e-06
1.191761363636364e+00, 3.409090909090909e-02, -6.668022420226868e-06
1.191761363636364e+00, 5.681818181818182e-02, -1.111337070037811e-05
1.191761363636364e+00, 7.954545454545454e-02, -1.266392975338282e-05
1.191761363636364e+00, 1.022727272727273e-01, -1.347125627944567e-05
1.191761363636364e+00, 1.250000000000000e-01, -1.424861598981707e-05
1.191761363636364e+00, 1.477272727272727e-01, -1.207212770015471e-05
1.191761363636364e+00, 1.704545454545454e-01, -9.895639410492347e-06
1.191761363636364e+00, 1.931818181818182e-01, -7.218283437717130e-06
1.191761363636364e+00, 2.159090909090909e-01, -2.711611565604921e-06
1.191761363636364e+00, 2.386363636363636e-01, 1.795060306507289e-06
1.191761363636364e+00, 2.613636363636364e-01, 6.971655129404681e-06
1.191761363636364e+00, 2.840909090909091e-01, 1.315566076184009e-05
1.191761363636364e+00, 3.068181818181818e-01, 1.933966639427547e-05
1.191761363636364e+00, 3.295454545454545e-01, 2.606135540453420e-05
1.191761363636364e+00, 3.522727272727273e-01, 3.327069664376148e-05
1.191761363636364e+00, 3.750000000000000e-01, 4.021055397464224e-05
1.191761363636364e+00, 3.977272727272727e-01, 4.779399825295950e-05
1.191761363636364e+00, 4.204545454545455e-01, 5.537744253127678e-05
1.191761363636364e+00, 4.431818181818182e-01, 6.260842821067233e-05
1.191761363636364e+00, 4.659090909090909e-01, 6.991527727063349e-05
1.191761363636364e+00, 4.886363636363636e-01, 7.722212633059467e-05
1.191761363636364e+00, 5.113636363636364e-01, 8.379257689514261e-05
1.191761363636364e+00, 5.340909090909091e-01, 9.017232071094100e-05
1.191761363636364e+00, 5.568181818181818e-01, 9.655206452673940e-05
1.191761363636364e+00, 5.795454545454546e-01, 1.015103038864558e-04
1.191761363636364e+00, 6.022727272727273e-01, 1.063121999251961e-04
1.191761363636364e+00, 6.250000000000000e-01, 1.109349672974321e-04
1.191761363636364e+00, 6.477272727272727e-01, 1.135075908016871e-04
1.191761363636364e+00, 6.704545454545454e-01, 1.160802143059421e-04
1.191761363636364e+00, 6.931818181818182e-01, 1.178365356980694e-04
1.191761363636364e+00, 7.159090909090909e-01, 1.175273519948965e-04
1.191761363636364e+00, 7.386363636363636e-01, 1.172181682917236e-04
1.191761363636364e+00, 7.613636363636364e-01, 1.151528511891665e-04
1.191761363636364e+00, 7.840909090909091e-01, 1.113078679618039e-04
1.191761363636364e+00, 8.068181818181818e-01, 1.074628847344414e-04
1.191761363636364e+00, 8.295454545454546e-01, 1.006181026191383e-04
1.191761363636364e+00, 8.522727272727273e-01, 9.258166766693503e-05
1.191761363636364e+00, 8.750000000000000e-01, 8.484553007428539e-05
1.191761363636364e+00, 8.977272727272727e-01, 7.196034356056563e-05
1.191761363636364e+00, 9.204545454545454e-01, 5.907515704684586e-05
1.191761363636364e+00, 9.431818181818182e-01, 4.529447651337120e-05
1.191761363636364e+00, 9.659090909090909e-01, 2.690187598553435e-05
1.191761363636364e+00, 9.886363636363636e-01, 8.509275457697499e-06
1.211647727272727e+00, 1.136363636363636e-02, -2.222674140075623e-06
1.211647727272727e+00, 3.409090909090909e-02, -6.668022420226868e-06
1.211647727272727e+00, 5.681818181818182e-02, -1.039285475019710e-05
1.211647727272727e+00, 7.954545454545454e-02, -1.188798949934174e-05
1.211647727272727e+00, 1.022727272727273e-01, -1.535424665063327e-05
1.211647727272727e+00, 1.250000000000000e-01, -1.333283059588255e-05
1.211647727272727e+00, 1.477272727272727e-01, -1.115634230622019e-05
1.211647727272727e+00, 1.704545454545454e-01, -1.437356303001356e-05
1.211647727272727e+00, 1.931818181818182e-01, -6.683663035447437e-06
1.211647727272727e+00, 2.159090909090909e-01, -2.176991163335227e-06
1.211647727272727e+00, 2.386363636363636e-01, -2.490636678778356e-06
1.211647727272727e+00, 2.613636363636364e-01, 6.718803861251182e-06
1.211647727272727e+00, 2.840909090909091e-01, 1.290280949368658e-05
1.211647727272727e+00, 3.068181818181818e-01, 2.065283878270875e-05
1.211647727272727e+00, 3.295454545454545e-01, 2.472901860911808e-05
1.211647727272727e+00, 3.522727272727273e-01, 3.641739715239391e-05
1.211647727272727e+00, 3.750000000000000e-01, 3.762062560694249e-05
1.211647727272727e+00, 3.977272727272727e-01, 4.520406988525974e-05
1.211647727272727e+00, 4.204545454545455e-01, 6.714522378890899e-05
1.211647727272727e+00, 4.431818181818182e-01, 5.869638746942014e-05
1.211647727272727e+00, 4.659090909090909e-01, 6.600323652938130e-05
1.211647727272727e+00, 4.886363636363636e-01, 1.038802003715382e-04
1.211647727272727e+00, 5.113636363636364e-01, 7.860725541167516e-05
1.211647727272727e+00, 5.340909090909091e-01, 8.498699922747355e-05
1.211647727272727e+00, 5.568181818181818e-01, 1.438579943834361e-04
1.211647727272727e+00, 5.795454545454546e-01, 9.521376216097514e-05
1.211647727272727e+00, 6.022727272727273e-01, 1.216293149154914e-04
1.211647727272727e+00, 6.250000000000000e-01, 1.038024917949307e-04
1.211647727272727e+00, 6.477272727272727e-01, 1.063751152991857e-04
1.211647727272727e+00, 6.704545454545454e-01, 1.497184443435140e-04
1.211647727272727e+00, 6.931818181818182e-01, 1.102567587476378e-04
1.211647727272727e+00, 7.159090909090909e-01, 1.099475750444649e-04
1.211647727272727e+00, 7.386363636363636e-01, 1.705838171460773e-04
1.211647727272727e+00, 7.613636363636364e-01, 1.076279839313840e-04
1.211647727272727e+00, 7.840909090909091e-01, 1.037830007040214e-04
1.211647727272727e+00, 8.068181818181818e-01, 1.783196601526389e-04
1.211647727272727e+00, 8.295454545454546e-01, 9.376425492124302e-05
1.211647727272727e+00, 8.522727272727273e-01, 1.094388589860149e-04
1.211647727272727e+00, 8.750000000000000e-01, 7.939307005430715e-05
1.211647727272727e+00, 8.977272727272727e-01, 6.650788354058739e-05
1.211647727272727e+00, 9.204545454545454e-01, 8.573296803513511e-05
1.211647727272727e+00, 9.431818181818182e-01, 4.208836075100698e-05
1.211647727272727e+00, 9.659090909090909e-01, 2.369576022317013e-05
1.211647727272727e+00, 9.886363636363636e-01, 3.313905351298207e-05
1.231534090909091e+00, 1.136363636363636e-02, -2.222674140075623e-06
1.231534090909091e+00, 3.409090909090909e-02, -6.058355077766013e-06
1.231534090909091e+00, 5.681818181818182e-02, -9.616914496156009e-06
1.231534090909091e+00, 7.954545454545454e-02, -1.111204924530065e-05
1.231534090909091e+00, 1.022727272727273e-01, -1.443846125669875e-05
1.231534090909091e+00, 1.250000000000000e-01, -1.241704520194803e-05
1.231534090909091e+00, 1.477272727272727e-01, -7.167687929211441e-06
1.231534090909091e+00, 1.704545454545454e-01, -1.383894262774387e-05
1.231534090909091e+00, 1.931818181818182e-01, -6.149042633177741e-06
1.231534090909091e+00, 2.159090909090909e-01, -1.419808653501966e-06
1.231534090909091e+00, 2.386363636363636e-01, -2.743487946931854e-06
1.231534090909091e+00, 2.613636363636364e-01, 6.465952593097683e-06
1.231534090909091e+00, 2.840909090909091e-01, 1.208716914495872e-05
1.231534090909091e+00, 3.068181818181818e-01, 1.932050198729263e-05
1.231534090909091e+00, 3.295454545454545e-01, 2.339668181370196e-05
1.231534090909091e+00, 3.522727272727273e-01, 3.382746878469415e-05
1.231534090909091e+00, 3.750000000000000e-01, 3.503069723924273e-05
1.231534090909091e+00, 3.977272727272727e-01, 3.343289615369547e-05
1.231534090909091e+00, 4.204545454545455e-01, 6.323318304765678e-05
1.231534090909091e+00, 4.431818181818182e-01, 5.478434672816794e-05
1.231534090909091e+00, 4.659090909090909e-01, 5.697046221670839e-05
1.231534090909091e+00, 4.886363636363636e-01, 9.869487888807080e-05
1.231534090909091e+00, 5.113636363636364e-01, 7.342193392820771e-05
1.231534090909091e+00, 5.340909090909091e-01, 8.487558709280895e-05
1.231534090909091e+00, 5.568181818181818e-01, 1.375614526579555e-04
1.231534090909091e+00, 5.795454545454546e-01, 8.891722043549454e-05
1.231534090909091e+00, 6.022727272727273e-01, 1.144968394129900e-04
1.231534090909091e+00, 6.250000000000000e-01, 9.667001629242935e-05
1.231534090909091e+00, 6.477272727272727e-01, 7.458851585209877e-05
1.231534090909091e+00, 6.704545454545454e-01, 1.421386673930824e-04
1.231534090909091e+00, 6.931818181818182e-01, 1.026769817972062e-04
1.231534090909091e+00, 7.159090909090909e-01, 9.369380626655032e-05
1.231534090909091e+00, 7.386363636363636e-01, 1.630589498882949e-04
1.231534090909091e+00, 7.613636363636364e-01, 1.001031166736015e-04
1.231534090909091e+00, 7.840909090909091e-01, 1.054252023320644e-04
1.231534090909091e+00, 8.068181818181818e-01, 1.714658124547435e-04
1.231534090909091e+00, 8.295454545454546e-01, 8.691040722334769e-05
1.231534090909091e+00, 8.522727272727273e-01, 1.039863989660367e-04
1.231534090909091e+00, 8.750000000000000e-01, 7.394061003432892e-05
1.231534090909091e+00, 8.977272727272727e-01, 4.275197988319742e-05
1.231534090909091e+00, 9.204545454545454e-01, 8.252685227277090e-05
1.231534090909091e+00, 9.431818181818182e-01, 3.888224498864277e-05
1.231534090909091e+00, 9.659090909090909e-01, 1.841058528499005e-05
1.231534090909091e+00, 9.886363636363636e-01, 3.313905351298207e-05
1.251420454545455e+00, 1.136363636363636e-02, -1.779279709194999e-06
1.251420454545455e+00, 3.409090909090909e-02, -5.337839127584995e-06
1.251420454545455e+00, 5.681818181818182e-02, -8.896398545974993e-06
1.251420454545455e+00, 7.954545454545454e-02, -1.021606373112331e-05
1.251420454545455e+00, 1.022727272727273e-01, -1.086356724016510e-05
1.251420454545455e+00, 1.250000000000000e-01, -1.150097789583000e-05
1.251420454545455e+00, 1.477272727272727e-01, -9.760106739498867e-06
1.251420454545455e+00, 1.704545454545454e-01, -8.019235583167736e-06
1.251420454545455e+00, 1.931818181818182e-01, -5.839101556970227e-06
1.251420454545455e+00, 2.159090909090909e-01, -2.232397308198815e-06
1.251420454545455e+00, 2.386363636363636e-01, 1.374306940572598e-06
1.251420454545455e+00, 2.613636363636364e-01, 5.596521440874199e-06
1.251420454545455e+00, 2.840909090909091e-01, 1.054682932786660e-05
1.251420454545455e+00, 3.068181818181818e-01, 1.549713721485899e-05
1.251420454545455e+00, 3.295454545454545e-01, 2.098656406906468e-05
1.251420454545455e+00, 3.522727272727273e-01, 2.675865779711065e-05
1.251420454545455e+00, 3.750000000000000e-01, 3.244074922437544e-05
1.251420454545455e+00, 3.977272727272727e-01, 3.851320793291848e-05
1.251420454545455e+00, 4.204545454545455e-01, 4.458566664146152e-05
1.251420454545455e+00, 4.431818181818182e-01, 5.050827529380119e-05
1.251420454545455e+00, 4.659090909090909e-01, 5.635994636265920e-05
1.251420454545455e+00, 4.886363636363636e-01, 6.221161743151723e-05
1.251420454545455e+00, 5.113636363636364e-01, 6.760115808197469e-05
1.251420454545455e+00, 5.340909090909091e-01, 7.271093590690090e-05
1.251420454545455e+00, 5.568181818181818e-01, 7.782071373182712e-05
1.251420454545455e+00, 5.795454545454546e-01, 8.190346632497139e-05
1.251420454545455e+00, 6.022727272727273e-01, 8.575000947568805e-05
1.251420454545455e+00, 6.250000000000000e-01, 8.953665464166537e-05
1.251420454545455e+00, 6.477272727272727e-01, 9.159807649114298e-05
1.251420454545455e+00, 6.704545454545454e-01, 9.365949834062059e-05
1.251420454545455e+00, 6.931818181818182e-01, 9.511188509766094e-05
1.251420454545455e+00, 7.159090909090909e-01, 9.486545532894421e-05
1.251420454545455e+00, 7.386363636363636e-01, 9.461902556022746e-05
1.251420454545455e+00, 7.613636363636364e-01, 9.296065047943272e-05
1.251420454545455e+00, 7.840909090909091e-01, 8.988254674908405e-05
1.251420454545455e+00, 8.068181818181818e-01, 8.680444301873540e-05
1.251420454545455e+00, 8.295454545454546e-01, 8.125679103619242e-05
1.251420454545455e+00, 8.522727272727273e-01, 7.482194200160866e-05
1.251420454545455e+00, 8.750000000000000e-01, 6.848739514868357e-05
1.251420454545455e+00, 8.977272727272727e-01, 5.816945921509413e-05
1.251420454545455e+00, 9.204545454545454e-01, 4.785152328150468e-05
1.251420454545455e+00, 9.431818181818182e-01, 3.659173216503962e-05
1.251420454545455e+00, 9.659090909090909e-01, 2.186326393704761e-05
1.251420454545455e+00, 9.886363636363636e-01, 7.134795709055592e-06
1.271306818181818e+00, 1.136363636363636e-02, -1.779279709194999e-06
1.271306818181818e+00, 3.409090909090909e-02, -5.337839127584995e-06
1.271306818181818e+00, 5.681818181818182e-02, -8.284773232439307e-06
1.271306818181818e+00, 7.954545454545454e-02, -9.437631513896079e-06
1.271306818181818e+00, 1.022727272727273e-01, -1.008513502293787e-05
1.271306818181818e+00, 1.250000000000000e-01, -1.058124573132637e-05
1.271306818181818e+00, 1.477272727272727e-01, -8.840374574995241e-06
1.271306818181818e+00, 1.704545454545454e-01, -1.112476519553689e-05
1.271306818181818e+00, 1.931818181818182e-01, -5.300105037878331e-06
1.271306818181818e+00, 2.159090909090909e-01, -1.693400789106918e-06
1.271306818181818e+00, 2.386363636363636e-01, -1.716830074639940e-06
1.271306818181818e+00, 2.613636363636364e-01, 5.347436013841939e-06
1.271306818181818e+00, 2.840909090909091e-01, 1.029774390083434e-05
1.271306818181818e+00, 3.068181818181818e-01, 1.632652492944312e-05
1.271306818181818e+00, 3.295454545454545e-01, 1.965639285195623e-05
1.271306818181818e+00, 3.522727272727273e-01, 2.542848658000220e-05
1.271306818181818e+00, 3.750000000000000e-01, 2.985054579633072e-05
1.271306818181818e+00, 3.977272727272727e-01, 3.592300450487375e-05
1.271306818181818e+00, 4.204545454545455e-01, 5.284110577896442e-05
1.271306818181818e+00, 4.431818181818182e-01, 4.659292781780692e-05
1.271306818181818e+00, 4.659090909090909e-01, 5.244459888666493e-05
1.271306818181818e+00, 4.886363636363636e-01, 8.121594083068327e-05
1.271306818181818e+00, 5.113636363636364e-01, 6.240923745589549e-05
1.271306818181818e+00, 5.340909090909091e-01, 6.751901528082169e-05
1.271306818181818e+00, 5.568181818181818e-01, 1.119256472876336e-04
1.271306818181818e+00, 5.795454545454546e-01, 7.559715653314491e-05
1.271306818181818e+00, 6.022727272727273e-01, 7.944369968386158e-05
1.271306818181818e+00, 6.250000000000000e-01, 8.239177306348803e-05
1.271306818181818e+00, 6.477272727272727e-01, 8.445319491296564e-05
1.271306818181818e+00, 6.704545454545454e-01, 1.171418825728580e-04
1.271306818181818e+00, 6.931818181818182e-01, 8.751799288904221e-05
1.271306818181818e+00, 7.159090909090909e-01, 8.727156312032545e-05
1.271306818181818e+00, 7.386363636363636e-01, 1.327747173321907e-04
1.271306818181818e+00, 7.613636363636364e-01, 8.542124163314534e-05
1.271306818181818e+00, 7.840909090909091e-01, 8.234313790279668e-05
1.271306818181818e+00, 8.068181818181818e-01, 1.381646539238821e-04
1.271306818181818e+00, 8.295454545454546e-01, 7.438953235365363e-05
1.271306818181818e+00, 8.522727272727273e-01, 6.795468331906985e-05
1.271306818181818e+00, 8.750000000000000e-01, 6.302436700936653e-05
1.271306818181818e+00, 8.977272727272727e-01, 5.270643107577708e-05
1.271306818181818e+00, 9.204545454545454e-01, 6.637450810302969e-05
1.271306818181818e+00, 9.431818181818182e-01, 3.337959449587387e-05
1.271306818181818e+00, 9.659090909090909e-01, 1.865112626788185e-05
1.271306818181818e+00, 9.886363636363636e-01, 2.487927093512732e-05
1.291193181818182e+00, 1.136363636363636e-02, -1.779279709194999e-06
1.291193181818182e+00, 3.409090909090909e-02, -4.837418416510354e-06
1.291193181818182e+00, 5.681818181818182e-02, -7.506341015212089e-06
1.291193181818182e+00, 7.954545454545454e-02, -8.659199296668862e-06
1.291193181818182e+00, 1.022727272727273e-01, -1.117718766083745e-05
1.291193181818182e+00, 1.250000000000000e-01, -9.661513566822767e-06
1.291193181818182e+00, 1.477272727272727e-01, -5.581632473450309e-06
1.291193181818182e+00, 1.704545454545454e-01, -1.058576867644501e-05
1.291193181818182e+00, 1.931818181818182e-01, -4.761108518786446e-06
1.291193181818182e+00, 2.159090909090909e-01, -9.735631705961749e-07
1.291193181818182e+00, 2.386363636363636e-01, -1.965915501672196e-06
1.291193181818182e+00, 2.613636363636364e-01, 5.098350586809684e-06
1.291193181818182e+00, 2.840909090909091e-01, 9.567885606161591e-06
1.291193181818182e+00, 3.068181818181818e-01, 1.499635371233470e-05
1.291193181818182e+00, 3.295454545454545e-01, 1.832622163484781e-05
1.291193181818182e+00, 3.522727272727273e-01, 2.635700396871454e-05
1.291193181818182e+00, 3.750000000000000e-01, 2.726034236828605e-05
1.291193181818182e+00, 3.977272727272727e-01, 2.656038672791060e-05
1.291193181818182e+00, 4.204545454545455e-01, 4.892575830297024e-05
1.291193181818182e+00, 4.431818181818182e-01, 4.267758034181273e-05
1.291193181818182e+00, 4.659090909090909e-01, 4.470790993561143e-05
1.291193181818182e+00, 4.886363636363636e-01, 7.602402020460417e-05
1.291193181818182e+00, 5.113636363636364e-01, 5.721731682981639e-05
1.291193181818182e+00, 5.340909090909091e-01, 6.607430669398140e-05
1.291193181818182e+00, 5.568181818181818e-01, 1.056193374958072e-04
1.291193181818182e+00, 5.795454545454546e-01, 6.929084674131859e-05
1.291193181818182e+00, 6.022727272727273e-01, 8.862667396870698e-05
1.291193181818182e+00, 6.250000000000000e-01, 7.524689148531084e-05
1.291193181818182e+00, 6.477272727272727e-01, 5.884215172245121e-05
1.291193181818182e+00, 6.704545454545454e-01, 1.095479903642395e-04
1.291193181818182e+00, 6.931818181818182e-01, 7.992410068042362e-05
1.291193181818182e+00, 7.159090909090909e-01, 7.316536606976582e-05
1.291193181818182e+00, 7.386363636363636e-01, 1.252353084859035e-04
1.291193181818182e+00, 7.613636363636364e-01, 7.788183278685813e-05
1.291193181818182e+00, 7.840909090909091e-01, 8.172154800875131e-05
1.291193181818182e+00, 8.068181818181818e-01, 1.312973952413435e-04
1.291193181818182e+00, 8.295454545454546e-01, 6.752227367111498e-05
1.291193181818182e+00, 8.522727272727273e-01, 8.011607116732787e-05
1.291193181818182e+00, 8.750000000000000e-01, 5.756133887004961e-05
1.291193181818182e+00, 8.977272727272727e-01, 3.330197325398509e-05
1.291193181818182e+00, 9.204545454545454e-01, 6.316237043386401e-05
1.291193181818182e+00, 9.431818181818182e-01, 3.016745682670818e-05
1.291193181818182e+00, 9.659090909090909e-01, 1.382181718618186e-05
1.291193181818182e+00, 9.886363636363636e-01, 2.487927093512732e-05
1.311079545454545e+00, 1.136363636363636e-02, -1.390063600581386e-06
1.311079545454545e+00, 3.409090909090909e-02, -4.058986199283119e-06
1.311079545454545e+00, 5.681818181818182e-02, -6.727908797984855e-06
1.311079545454545e+00, 7.954545454545454e-02, -4.433592443918723e-06
1.311079545454545e+00, 1.022727272727273e-01, -1.025745549633382e-05
1.311079545454545e+00, 1.250000000000000e-01, -8.741781402319142e-06
1.311079545454545e+00, 1.477272727272727e-01, -5.042635954358412e-06
1.311079545454545e+00, 1.704545454545454e-01, -1.004677215735311e-05
1.311079545454545e+00, 1.931818181818182e-01, -2.302962665524145e-07
1.311079545454545e+00, 2.159090909090909e-01, -1.222648597628435e-06
1.311079545454545e+00, 2.386363636363636e-01, -2.215000928704455e-06
1.311079545454545e+00, 2.613636363636364e-01, 2.809246282880018e-06
1.311079545454545e+00, 2.840909090909091e-01, 8.237714389053143e-06
1.311079545454545e+00, 3.068181818181818e-01, 1.366618249522625e-05
1.311079545454545e+00, 3.295454545454545e-01, 1.029149424918683e-05
1.311079545454545e+00, 3.522727272727273e-01, 2.376680054066981e-05
1.311079545454545e+00, 3.750000000000000e-01, 2.467013894024132e-05
1.311079545454545e+00, 3.977272727272727e-01, 2.264503925191633e-05
1.311079545454545e+00, 4.204545454545455e-01, 4.501041082697597e-05
1.311079545454545e+00, 4.431818181818182e-01, 8.199879040539548e-06
1.311079545454545e+00, 4.659090909090909e-01, 3.951598930953221e-05
1.311079545454545e+00, 4.886363636363636e-01, 7.083209957852498e-05
1.311079545454545e+00, 5.113636363636364e-01, 2.022296610032910e-05
1.311079545454545e+00, 5.340909090909091e-01, 5.976799690215492e-05
1.311079545454545e+00, 5.568181818181818e-01, 9.931302770398077e-05
1.311079545454545e+00, 5.795454545454546e-01, 3.521239598688737e-05
1.311079545454545e+00, 6.022727272727273e-01, 8.148179239052964e-05
1.311079545454545e+00, 6.250000000000000e-01, 6.810200990713350e-05
1.311079545454545e+00, 6.477272727272727e-01, 5.124825951383246e-05
1.311079545454545e+00, 6.704545454545454e-01, 1.019540981556207e-04
1.311079545454545e+00, 6.931818181818182e-01, 1.355601480734079e-05
1.311079545454545e+00, 7.159090909090909e-01, 6.562595722347844e-05
1.311079545454545e+00, 7.386363636363636e-01, 1.176958996396161e-04
1.311079545454545e+00, 7.613636363636364e-01, 2.527844209362031e-05
1.311079545454545e+00, 7.840909090909091e-01, 7.485428932621250e-05
1.311079545454545e+00, 8.068181818181818e-01, 1.244301365588047e-04
1.311079545454545e+00, 8.295454545454546e-01, 3.221714203809927e-05
1.311079545454545e+00, 8.522727272727273e-01, 7.465304302801083e-05
1.311079545454545e+00, 8.750000000000000e-01, 5.209831073073256e-05
1.311079545454545e+00, 8.977272727272727e-01, 3.008983558481933e-05
1.311079545454545e+00, 9.204545454545454e-01, 5.995023276469826e-05
1.311079545454545e+00, 9.431818181818182e-01, 2.764363437236393e-06
1.311079545454545e+00, 9.659090909090909e-01, 1.382181718618186e-05
1.311079545454545e+00, 9.886363636363636e-01, 2.487927093512732e-05
1.330965909090909e+00, 1.136363636363636e-02, -1.334461299350868e-06
1.330965909090909e+00, 3.409090909090909e-02, -4.003383898052602e-06
1.330965909090909e+00, 5.681818181818182e-02, -6.171062479242571e-06
1.330965909090909e+00, 7.954545454545454e-02, -6.980031401282607e-06
1.330965909090909e+00, 1.022727272727273e-01, -7.466049256294231e-06
1.330965909090909e+00, 1.250000000000000e-01, -7.820275314674302e-06
1.330965909090909e+00, 1.477272727272727e-01, -6.514530610242286e-06
1.330965909090909e+00, 1.704545454545454e-01, -7.863023883303476e-06
1.330965909090909e+00, 1.931818181818182e-01, -3.906497580932830e-06
1.330965909090909e+00, 2.159090909090909e-01, -1.200458413446162e-06
1.330965909090909e+00, 2.386363636363636e-01, -9.303774529915859e-07
1.330965909090909e+00, 2.613636363636364e-01, 3.983567042384255e-06
1.330965909090909e+00, 2.840909090909091e-01, 7.698348312146730e-06
1.330965909090909e+00, 3.068181818181818e-01, 1.200783237539186e-05
1.330965909090909e+00, 3.295454545454545e-01, 1.458571359323112e-05
1.330965909090909e+00, 3.522727272727273e-01, 1.891777050877850e-05
1.330965909090909e+00, 3.750000000000000e-01, 2.207793503783621e-05
1.330965909090909e+00, 3.977272727272727e-01, 2.663594340586548e-05
1.330965909090909e+00, 4.204545454545455e-01, 3.852535769887168e-05
1.330965909090909e+00, 4.431818181818182e-01, 3.447787903558061e-05
1.330965909090909e+00, 4.659090909090909e-01, 3.887060936148441e-05
1.330965909090909e+00, 4.886363636363636e-01, 5.852454203276513e-05
1.330965909090909e+00, 5.113636363636364e-01, 4.618996210005578e-05
1.330965909090909e+00, 5.340909090909091e-01, 5.002615230698514e-05
1.330965909090909e+00, 5.568181818181818e-01, 7.994750477410646e-05
1.330965909090909e+00, 5.795454545454546e-01, 5.595037863983789e-05
1.330965909090909e+00, 6.022727272727273e-01, 5.883855403472499e-05
1.330965909090909e+00, 6.250000000000000e-01, 6.094609278410846e-05
1.330965909090909e+00, 6.477272727272727e-01, 6.249435962736732e-05
1.330965909090909e+00, 6.704545454545454e-01, 8.450998704374155e-05
1.330965909090909e+00, 6.931818181818182e-01, 6.473957120068150e-05
1.330965909090909e+00, 7.159090909090909e-01, 6.455540813177204e-05
1.330965909090909e+00, 7.386363636363636e-01, 9.489862522087168e-05
1.330965909090909e+00, 7.613636363636364e-01, 6.317448111800453e-05
1.330965909090909e+00, 7.840909090909091e-01, 6.086454900336851e-05
1.330965909090909e+00, 8.068181818181818e-01, 9.793684947118421e-05
1.330965909090909e+00, 8.295454545454546e-01, 5.497967659680068e-05
1.330965909090909e+00, 8.522727272727273e-01, 5.014966246875604e-05
1.330965909090909e+00, 8.750000000000000e-01, 4.662592626025313e-05
1.330965909090909e+00, 8.977272727272727e-01, 3.888043657826515e-05
1.330965909090909e+00, 9.204545454545454e-01, 4.698098564647495e-05
1.330965909090909e+00, 9.431818181818182e-01, 2.465550269373047e-05
1.330965909090909e+00, 9.659090909090909e-01, 1.359804894478501e-05
1.330965909090909e+00, 9.886363636363636e-01, 1.660444474814313e-05
1.350852272727273e+00, 1.136363636363636e-02, -1.334461299350868e-06
1.350852272727273e+00, 3.409090909090909e-02, -3.613527439987899e-06
1.350852272727273e+00, 5.681818181818182e-02, -5.391349563113168e-06
1.350852272727273e+00, 7.954545454545454e-02, -6.200318485153203e-06
1.350852272727273e+00, 1.022727272727273e-01, -7.908186796897465e-06
1.350852272727273e+00, 1.250000000000000e-01, -6.898632771403225e-06
1.350852272727273e+00, 1.477272727272727e-01, -5.592888066971210e-06
1.350852272727273e+00, 1.704545454545454e-01, -7.322105950375113e-06
1.350852272727273e+00, 1.931818181818182e-01, -3.365579648004467e-06
1.350852272727273e+00, 2.159090909090909e-01, -5.208104310220186e-07
1.350852272727273e+00, 2.386363636363636e-01, -1.178223752673324e-06
1.350852272727273e+00, 2.613636363636364e-01, 3.735720742702516e-06
1.350852272727273e+00, 2.840909090909091e-01, 7.052662873193174e-06
1.350852272727273e+00, 3.068181818181818e-01, 1.067751254502482e-05
1.350852272727273e+00, 3.295454545454545e-01, 1.325539376286408e-05
1.350852272727273e+00, 3.522727272727273e-01, 1.888429380396607e-05
1.350852272727273e+00, 3.750000000000000e-01, 1.948557725278801e-05
1.350852272727273e+00, 3.977272727272727e-01, 2.404358562081728e-05
1.350852272727273e+00, 4.204545454545455e-01, 3.460541050294895e-05
1.350852272727273e+00, 4.431818181818182e-01, 3.055793183965788e-05
1.350852272727273e+00, 4.659090909090909e-01, 3.243110815800810e-05
1.350852272727273e+00, 4.886363636363636e-01, 5.332538484049730e-05
1.350852272727273e+00, 5.113636363636364e-01, 4.099080490778796e-05
1.350852272727273e+00, 5.340909090909091e-01, 4.724666510528041e-05
1.350852272727273e+00, 5.568181818181818e-01, 7.363142438125097e-05
1.350852272727273e+00, 5.795454545454546e-01, 4.963429824698241e-05
1.350852272727273e+00, 6.022727272727273e-01, 6.271610962623504e-05
1.350852272727273e+00, 6.250000000000000e-01, 5.378932677301828e-05
1.350852272727273e+00, 6.477272727272727e-01, 5.533759361627715e-05
1.350852272727273e+00, 6.704545454545454e-01, 7.690283604093904e-05
1.350852272727273e+00, 6.931818181818182e-01, 5.713242019787897e-05
1.350852272727273e+00, 7.159090909090909e-01, 5.260156957694388e-05
1.350852272727273e+00, 7.386363636363636e-01, 8.734562583782343e-05
1.350852272727273e+00, 7.613636363636364e-01, 5.562148173495626e-05
1.350852272727273e+00, 7.840909090909091e-01, 5.797583939417447e-05
1.350852272727273e+00, 8.068181818181818e-01, 9.105698444649357e-05
1.350852272727273e+00, 8.295454545454546e-01, 4.809981157211004e-05
1.350852272727273e+00, 8.522727272727273e-01, 5.620280053504452e-05
1.350852272727273e+00, 8.750000000000000e-01, 4.115282207199205e-05
1.350852272727273e+00, 8.977272727272727e-01, 3.340733239000406e-05
1.350852272727273e+00, 9.204545454545454e-01, 4.376299768487001e-05
1.350852272727273e+00, 9.431818181818182e-01, 2.143751473212553e-05
1.350852272727273e+00, 9.659090909090909e-01, 9.224691526746194e-06
1.350852272727273e+00, 9.886363636363636e-01, 1.660444474814313e-05
1.370738636363636e+00, 1.136363636363636e-02, -1.055992400733227e-06
1.370738636363636e+00, 3.409090909090909e-02, -2.833814523858495e-06
1.370738636363636e+00, 5.681818181818182e-02, -4.611636646983764e-06
1.370738636363636e+00, 7.954545454545454e-02, -3.107087440526138e-06
1.370738636363636e+00, 1.022727272727273e-01, -6.986544253626389e-06
1.370738636363636e+00, 1.250000000000000e-01, -5.976990228132149e-06
1.370738636363636e+00, 1.477272727272727e-01, -3.448549501537132e-06
1.370738636363636e+00, 1.704545454545454e-01, -6.781188017446750e-06
1.370738636363636e+00, 1.931818181818182e-01, -1.112434090524518e-07
1.370738636363636e+00, 2.159090909090909e-01, -7.686567307037576e-07
1.370738636363636e+00, 2.386363636363636e-01, -1.426070052355063e-06
1.370738636363636e+00, 2.613636363636364e-01, 2.097493370994482e-06
1.370738636363636e+00, 2.840909090909091e-01, 5.722343042826136e-06
1.370738636363636e+00, 3.068181818181818e-01, 9.347192714657780e-06
1.370738636363636e+00, 3.295454545454545e-01, 7.299689859338052e-06
1.370738636363636e+00, 3.522727272727273e-01, 1.629193601891787e-05
1.370738636363636e+00, 3.750000000000000e-01, 1.689321946773981e-05
1.370738636363636e+00, 3.977272727272727e-01, 1.576272599593340e-05
1.370738636363636e+00, 4.204545454545455e-01, 3.068546330702623e-05
1.370738636363636e+00, 4.431818181818182e-01, 6.337674283251142e-06
1.370738636363636e+00, 4.659090909090909e-01, 2.723195096574029e-05
1.370738636363636e+00, 4.886363636363636e-01, 4.812622764822948e-05
1.370738636363636e+00, 5.113636363636364e-01, 1.454582543645436e-05
1.370738636363636e+00, 5.340909090909091e-01, 4.093058471242492e-05
1.370738636363636e+00, 5.568181818181818e-01, 6.731534398839548e-05
1.370738636363636e+00, 5.795454545454546e-01, 2.468748595886912e-05
1.370738636363636e+00, 6.022727272727273e-01, 5.555934361514486e-05
1.370738636363636e+00, 6.250000000000000e-01, 4.663256076192811e-05
1.370738636363636e+00, 6.477272727272727e-01, 3.546289441222569e-05
1.370738636363636e+00, 6.704545454545454e-01, 6.929568503813651e-05
1.370738636363636e+00, 6.931818181818182e-01, 1.030451393301608e-05
1.370738636363636e+00, 7.159090909090909e-01, 4.504857019389562e-05
1.370738636363636e+00, 7.386363636363636e-01, 7.979262645477518e-05
1.370738636363636e+00, 7.613636363636364e-01, 1.801482931716473e-05
1.370738636363636e+00, 7.840909090909091e-01, 5.109597436948383e-05
1.370738636363636e+00, 8.068181818181818e-01, 8.417711942180292e-05
1.370738636363636e+00, 8.295454545454546e-01, 2.241147445738820e-05
1.370738636363636e+00, 8.522727272727273e-01, 5.072969634678345e-05
1.370738636363636e+00, 8.750000000000000e-01, 3.567971788373098e-05
1.370738636363636e+00, 8.977272727272727e-01, 2.061728928609022e-05
1.370738636363636e+00, 9.204545454545454e-01, 4.054500972326507e-05
1.370738636363636e+00, 9.431818181818182e-01, 1.844938305349253e-06
1.370738636363636e+00, 9.659090909090909e-01, 9.224691526746194e-06
1.370738636363636e+00, 9.886363636363636e-01, 1.660444474814313e-05
1.390625000000000e+00, 1.136363636363636e-02, -8.889110615626343e-07
1.390625000000000e+00, 3.409090909090909e-02, -2.666733184687902e-06
1.390625000000000e+00, 5.681818181818182e-02, -4.054858914393836e-06
1.390625000000000e+00, 7.954545454545454e-02, -4.519490216929961e-06
1.390625000000000e+00, 1.022727272727273e-01, -4.843302783779673e-06
1.390625000000000e+00, 1.250000000000000e-01, -5.055670759700187e-06
1.390625000000000e+00, 1.477272727272727e-01, -4.185039895659846e-06
1.390625000000000e+00, 1.704545454545454e-01, -3.314409031619505e-06
1.390625000000000e+00, 1.931818181818182e-01, -2.509581936135920e-06
1.390625000000000e+00, 2.159090909090909e-01, -7.049876059179452e-07
1.390625000000000e+00, 2.386363636363636e-01, -1.431787816999001e-07
1.390625000000000e+00, 2.613636363636364e-01, 2.620519224243804e-06
1.390625000000000e+00, 2.840909090909091e-01, 5.098187887508787e-06
1.390625000000000e+00, 3.068181818181818e-01, 7.684198759699305e-06
1.390625000000000e+00, 3.295454545454545e-01, 9.511170028839699e-06
1.390625000000000e+00, 3.522727272727273e-01, 1.240089785332288e-05
1.390625000000000e+00, 3.750000000000000e-01, 1.429775748873891e-05
1.390625000000000e+00, 3.977272727272727e-01, 1.733852081576873e-05
1.390625000000000e+00, 4.204545454545455e-01, 2.037928414279855e-05
1.390625000000000e+00, 4.431818181818182e-01, 2.234789649454665e-05
1.390625000000000e+00, 4.659090909090909e-01, 2.527867253891320e-05
1.390625000000000e+00, 4.886363636363636e-01, 3.580120007548328e-05
1.390625000000000e+00, 5.113636363636364e-01, 2.994791581445014e-05
1.390625000000000e+00, 5.340909090909091e-01, 3.250762236356501e-05
1.390625000000000e+00, 5.568181818181818e-01, 4.792102460357659e-05
1.390625000000000e+00, 5.795454545454546e-01, 3.627358280167204e-05
1.390625000000000e+00, 6.022727272727273e-01, 3.820097463286236e-05
1.390625000000000e+00, 6.250000000000000e-01, 3.946643535488556e-05
1.390625000000000e+00, 6.477272727272727e-01, 4.049997649333031e-05
1.390625000000000e+00, 6.704545454545454e-01, 4.153351763177505e-05
1.390625000000000e+00, 6.931818181818182e-01, 4.192328317668318e-05
1.390625000000000e+00, 7.159090909090909e-01, 4.180100767320716e-05
1.390625000000000e+00, 7.386363636363636e-01, 5.695775853296214e-05
1.390625000000000e+00, 7.613636363636364e-01, 4.088953063873329e-05
1.390625000000000e+00, 7.840909090909091e-01, 3.934889493364886e-05
1.390625000000000e+00, 8.068181818181818e-01, 5.763801088107418e-05
1.390625000000000e+00, 8.295454545454546e-01, 3.553586086752754e-05
1.390625000000000e+00, 8.522727272727273e-01, 3.231357340968811e-05
1.390625000000000e+00, 8.750000000000000e-01, 3.019833063302997e-05
1.390625000000000e+00, 8.977272727272727e-01, 2.503011663864900e-05
1.390625000000000e+00, 9.204545454545454e-01, 1.986190264426804e-05
1.390625000000000e+00, 9.431818181818182e-01, 1.591591251561005e-05
1.390625000000000e+00, 9.659090909090909e-01, 8.536159294213112e-06
1.390625000000000e+00, 9.886363636363636e-01, 8.313086624164703e-06
1.410511363636364e+00, 1.136363636363636e-02, -8.889110615626343e-07
1.410511363636364e+00, 3.409090909090909e-02, -2.388378617959802e-06
1.410511363636364e+00, 5.681818181818182e-02, -3.275466127555161e-06
1.410511363636364e+00, 7.954545454545454e-02, -3.740097430091286e-06
1.410511363636364e+00, 1.022727272727273e-01, -4.638043691104537e-06
1.410511363636364e+00, 1.250000000000000e-01, -4.134439402587985e-06
1.410511363636364e+00, 1.477272727272727e-01, -3.263808538547643e-06
1.410511363636364e+00, 1.704545454545454e-01, -4.057888082584660e-06
1.410511363636364e+00, 1.931818181818182e-01, -1.969271023697931e-06
1.410511363636364e+00, 2.159090909090909e-01, -6.768382857058108e-08
1.410511363636364e+00, 2.386363636363636e-01, -3.922375015498974e-07
1.410511363636364e+00, 2.613636363636364e-01, 2.371460504393807e-06
1.410511363636364e+00, 2.840909090909091e-01, 4.534367361253718e-06
1.410511363636364e+00, 3.068181818181818e-01, 6.351540604796784e-06
1.410511363636364e+00, 3.295454545454545e-01, 8.178511873937178e-06
1.410511363636364e+00, 3.522727272727273e-01, 1.140205895544788e-05
1.410511363636364e+00, 3.750000000000000e-01, 1.170144891138729e-05
1.410511363636364e+00, 3.977272727272727e-01, 1.474221223841710e-05
1.410511363636364e+00, 4.204545454545455e-01, 2.026560577848988e-05
1.410511363636364e+00, 4.431818181818182e-01, 1.842202808404752e-05
1.410511363636364e+00, 4.659090909090909e-01, 2.013751832231090e-05
1.410511363636364e+00, 4.886363636363636e-01, 3.059398285425829e-05
1.410511363636364e+00, 5.113636363636364e-01, 2.474069859322516e-05
1.410511363636364e+00, 5.340909090909091e-01, 2.839111646533041e-05
1.410511363636364e+00, 5.568181818181818e-01, 4.159480440930520e-05
1.410511363636364e+00, 5.795454545454546e-01, 2.994736260740065e-05
1.410511363636364e+00, 6.022727272727273e-01, 3.676487467235598e-05
1.410511363636364e+00, 6.250000000000000e-01, 3.229775738531055e-05
1.410511363636364e+00, 6.477272727272727e-01, 3.333129852375530e-05
1.410511363636364e+00, 6.704545454545454e-01, 4.420406764301723e-05
1.410511363636364e+00, 6.931818181818182e-01, 3.430301429230910e-05
1.410511363636364e+00, 7.159090909090909e-01, 3.200350827892769e-05
1.410511363636364e+00, 7.386363636363636e-01, 4.939126756003832e-05
1.410511363636364e+00, 7.613636363636364e-01, 3.332303966580947e-05
1.410511363636364e+00, 7.840909090909091e-01, 3.418894297289606e-05
1.410511363636364e+00, 8.068181818181818e-01, 5.074539865547702e-05
1.410511363636364e+00, 8.295454545454546e-01, 2.864324864193038e-05
1.410511363636364e+00, 8.522727272727273e-01, 3.224646268313531e-05
1.410511363636364e+00, 8.750000000000000e-01, 2.471468436529992e-05
1.410511363636364e+00, 8.977272727272727e-01, 1.954647037091895e-05
1.410511363636364e+00, 9.204545454545454e-01, 2.432729071762537e-05
1.410511363636364e+00, 9.431818181818182e-01, 1.269149546739620e-05
1.410511363636364e+00, 9.659090909090909e-01, 4.618381457869283e-06
1.410511363636364e+00, 9.886363636363636e-01, 8.313086624164703e-06
1.430397727272727e+00, 1.136363636363636e-02, -7.218983215257758e-07
1.430397727272727e+00, 3.409090909090909e-02, -1.608985831121135e-06
1.430397727272727e+00, 5.681818181818182e-02, -2.496073340716495e-06
1.430397727272727e+00, 7.954545454545454e-02, -1.780925971121656e-06
1.430397727272727e+00, 1.022727272727273e-01, -3.716812333992346e-06
1.430397727272727e+00, 1.250000000000000e-01, -3.213208045475794e-06
1.430397727272727e+00, 1.477272727272727e-01, -1.855272676580122e-06
1.430397727272727e+00, 1.704545454545454e-01, -3.517577170146676e-06
1.430397727272727e+00, 1.931818181818182e-01, -1.428960111259947e-06
1.430397727272727e+00, 2.159090909090909e-01, -3.167425484205755e-07
1.430397727272727e+00, 2.386363636363636e-01, -6.412962213998917e-07
1.430397727272727e+00, 2.613636363636364e-01, 1.384535962808143e-06
1.430397727272727e+00, 2.840909090909091e-01, 3.201709206351213e-06
1.430397727272727e+00, 3.068181818181818e-01, 5.018882449894278e-06
1.430397727272727e+00, 3.295454545454545e-01, 4.303751912521177e-06
1.430397727272727e+00, 3.522727272727273e-01, 8.805750378096281e-06
1.430397727272727e+00, 3.750000000000000e-01, 9.105140334035694e-06
1.430397727272727e+00, 3.977272727272727e-01, 8.870916614441653e-06
1.430397727272727e+00, 4.204545454545455e-01, 1.633973736799079e-05
1.430397727272727e+00, 4.431818181818182e-01, 1.449615967354843e-05
1.430397727272727e+00, 4.659090909090909e-01, 1.493030110108597e-05
1.430397727272727e+00, 4.886363636363636e-01, 2.538676563303336e-05
1.430397727272727e+00, 5.113636363636364e-01, 8.861208327084301e-06
1.430397727272727e+00, 5.340909090909091e-01, 2.206489627105909e-05
1.430397727272727e+00, 5.568181818181818e-01, 3.526858421503388e-05
1.430397727272727e+00, 5.795454545454546e-01, 1.414707980518679e-05
1.430397727272727e+00, 6.022727272727273e-01, 2.959619670278105e-05
1.430397727272727e+00, 6.250000000000000e-01, 2.512907941573563e-05
1.430397727272727e+00, 6.477272727272727e-01, 1.965266168010269e-05
1.430397727272727e+00, 6.704545454545454e-01, 3.658379875864324e-05
1.430397727272727e+00, 6.931818181818182e-01, 2.668274540793510e-05
1.430397727272727e+00, 7.159090909090909e-01, 2.443701730600396e-05
1.430397727272727e+00, 7.386363636363636e-01, 4.182477658711460e-05
1.430397727272727e+00, 7.613636363636364e-01, 1.073987506471801e-05
1.430397727272727e+00, 7.840909090909091e-01, 2.729633074729898e-05
1.430397727272727e+00, 8.068181818181818e-01, 4.385278642987994e-05
1.430397727272727e+00, 8.295454545454546e-01, 1.258888994695536e-05
1.430397727272727e+00, 8.522727272727273e-01, 2.676281641540532e-05
1.430397727272727e+00, 8.750000000000000e-01, 1.923103809756993e-05
1.430397727272727e+00, 8.977272727272727e-01, 1.112722559331539e-05
1.430397727272727e+00, 9.204545454545454e-01, 2.110287366941155e-05
1.430397727272727e+00, 9.431818181818182e-01, 9.467078419182382e-06
1.430397727272727e+00, 9.659090909090909e-01, 4.618381457869283e-06
1.430397727272727e+00, 9.886363636363636e-01, 8.313086624164703e-06
1.450284090909091e+00, 1.136363636363636e-02, -4.435437547976799e-07
1.450284090909091e+00, 3.409090909090909e-02, -1.330631264393040e-06
1.450284090909091e+00, 5.681818181818182e-02, -1.940503927239853e-06
1.450284090909091e+00, 7.954545454545454e-02, -2.061787434999829e-06
1.450284090909091e+00, 1.022727272727273e-01, -2.223498778679798e-06
1.450284090909091e+00, 1.250000000000000e-01, -2.294247491539785e-06
1.450284090909091e+00, 1.477272727272727e-01, -1.858954278555683e-06
1.450284090909091e+00, 1.704545454545454e-01, -1.423661065571582e-06
1.450284090909091e+00, 1.931818181818182e-01, -1.116429186236277e-06
1.450284090909091e+00, 2.159090909090909e-01, -2.139715786331389e-07
1.450284090909091e+00, 2.386363636363636e-01, 6.320824284948057e-07
1.450284090909091e+00, 2.613636363636364e-01, 1.251717082954428e-06
1.450284090909091e+00, 2.840909090909091e-01, 2.490986391873676e-06
1.450284090909091e+00, 3.068181818181818e-01, 3.342984041755660e-06
1.450284090909091e+00, 3.295454545454545e-01, 4.427150976590247e-06
1.450284090909091e+00, 3.522727272727273e-01, 5.872706889703034e-06
1.450284090909091e+00, 3.750000000000000e-01, 6.505137601689880e-06
1.450284090909091e+00, 3.977272727272727e-01, 8.026403976551122e-06
1.450284090909091e+00, 4.204545454545455e-01, 9.547670351412370e-06
1.450284090909091e+00, 4.431818181818182e-01, 1.019950214758311e-05
1.450284090909091e+00, 4.659090909090909e-01, 1.166587955112011e-05
1.450284090909091e+00, 4.886363636363636e-01, 1.304060836693606e-05
1.450284090909091e+00, 5.113636363636364e-01, 1.368103137118127e-05
1.450284090909091e+00, 5.340909090909091e-01, 1.496187737967169e-05
1.450284090909091e+00, 5.568181818181818e-01, 1.584245901050887e-05
1.450284090909091e+00, 5.795454545454546e-01, 1.656589621935566e-05
1.450284090909091e+00, 6.022727272727273e-01, 1.753047916448471e-05
1.450284090909091e+00, 6.250000000000000e-01, 1.795248420297867e-05
1.450284090909091e+00, 6.477272727272727e-01, 1.846992143879590e-05
1.450284090909091e+00, 6.704545454545454e-01, 1.898735867461313e-05
1.450284090909091e+00, 6.931818181818182e-01, 1.906917439801707e-05
1.450284090909091e+00, 7.159090909090909e-01, 1.900835936476994e-05
1.450284090909091e+00, 7.386363636363636e-01, 1.895134527110075e-05
1.450284090909091e+00, 7.613636363636364e-01, 1.856610098845948e-05
1.450284090909091e+00, 7.840909090909091e-01, 1.779561242317694e-05
1.450284090909091e+00, 8.068181818181818e-01, 1.726590153454519e-05
1.450284090909091e+00, 8.295454545454546e-01, 1.605687104790884e-05
1.450284090909091e+00, 8.522727272727273e-01, 1.444483039906037e-05
1.450284090909091e+00, 8.750000000000000e-01, 1.373956261518916e-05
1.450284090909091e+00, 8.977272727272727e-01, 1.115332487168384e-05
1.450284090909091e+00, 9.204545454545454e-01, 8.567087128178512e-06
1.450284090909091e+00, 9.431818181818182e-01, 7.158491259697386e-06
1.450284090909091e+00, 9.659090909090909e-01, 3.463786093401967e-06
1.450284090909091e+00, 9.886363636363636e-01, 0.000000000000000e+00
1.470170454545455e+00, 1.136363636363636e-02, -4.435437547976799e-07
1.470170454545455e+00, 3.409090909090909e-02, -1.164302356343908e-06
1.470170454545455e+00, 5.681818181818182e-02, -1.164302356343908e-06
1.470170454545455e+00, 7.954545454545454e-02, -1.285585864103885e-06
1.470170454545455e+00, 1.022727272727273e-01, -1.376548494923867e-06
1.470170454545455e+00, 1.250000000000000e-01, -1.376548494923867e-06
1.470170454545455e+00, 1.477272727272727e-01, -9.412552819397649e-07
1.470170454545455e+00, 1.704545454545454e-01, -8.052261528822341e-07
1.470170454545455e+00, 1.931818181818182e-01, -5.796117509814499e-07
1.470170454545455e+00, 2.159090909090909e-01, 3.228458566216878e-07
1.470170454545455e+00, 2.386363636363636e-01, 3.792494570968823e-07
1.470170454545455e+00, 2.613636363636364e-01, 9.988841115565046e-07
1.470170454545455e+00, 2.840909090909091e-01, 2.005790425053390e-06
1.470170454545455e+00, 3.068181818181818e-01, 2.005790425053390e-06
1.470170454545455e+00, 3.295454545454545e-01, 3.089957359887977e-06
1.470170454545455e+00, 3.522727272727273e-01, 3.903082561013916e-06
1.470170454545455e+00, 3.750000000000000e-01, 3.903082561013916e-06
1.470170454545455e+00, 3.977272727272727e-01, 5.424348935875159e-06
1.470170454545455e+00, 4.204545454545455e-01, 5.899744678019297e-06
1.470170454545455e+00, 4.431818181818182e-01, 6.266339028903548e-06
1.470170454545455e+00, 4.659090909090909e-01, 7.732716432440550e-06
1.470170454545455e+00, 4.886363636363636e-01, 7.824365020161614e-06
1.470170454545455e+00, 5.113636363636364e-01, 8.464788024406824e-06
1.470170454545455e+00, 5.340909090909091e-01, 9.505475406305292e-06
1.470170454545455e+00, 5.568181818181818e-01, 9.505475406305292e-06
1.470170454545455e+00, 5.795454545454546e-01, 1.022891261515208e-05
1.470170454545455e+00, 6.022727272727273e-01, 1.077149052178717e-05
1.470170454545455e+00, 6.250000000000000e-01, 1.077149052178717e-05
1.470170454545455e+00, 6.477272727272727e-01, 1.128892775760440e-05
1.470170454545455e+00, 6.704545454545454e-01, 1.145062689379728e-05
1.470170454545455e+00, 6.931818181818182e-01, 1.143542313548550e-05
1.470170454545455e+00, 7.159090909090909e-01, 1.137460810223836e-05
1.470170454545455e+00, 7.386363636363636e-01, 1.137080716266042e-05
1.470170454545455e+00, 7.613636363636364e-01, 1.098556288001915e-05
1.470170454545455e+00, 7.840909090909091e-01, 1.035954092072708e-05
1.470170454545455e+00, 8.068181818181818e-01, 1.035954092072708e-05
1.470170454545455e+00, 8.295454545454546e-01, 9.150510434090730e-06
1.470170454545455e+00, 8.522727272727273e-01, 8.243737569113473e-06
1.470170454545455e+00, 8.750000000000000e-01, 8.243737569113473e-06
1.470170454545455e+00, 8.977272727272727e-01, 5.657499825608149e-06
1.470170454545455e+00, 9.204545454545454e-01, 4.849300530762736e-06
1.470170454545455e+00, 9.431818181818182e-01, 3.925624239188872e-06
1.470170454545455e+00, 9.659090909090909e-01, 2.309190728934524e-07
1.470170454545455e+00, 9.886363636363636e-01, 0.000000000000000e+00
1.490056818181818e+00, 1.136363636363636e-02, -3.881007854479636e-07
1.490056818181818e+00, 3.409090909090909e-02, -3.881007854479636e-07
1.490056818181818e+00, 5.681818181818182e-02, -3.881007854479636e-07
1.490056818181818e+00, 7.954545454545454e-02, -4.588494983079488e-07
1.490056818181818e+00, 1.022727272727273e-01, -4.588494983079488e-07
1.490056818181818e+00, 1.250000000000000e-01, -4.588494983079488e-07
1.490056818181818e+00, 1.477272727272727e-01, -2.684087176274074e-07
1.490056818181818e+00, 1.704545454545454e-01, -2.684087176274074e-07
1.490056818181818e+00, 1.931818181818182e-01, -4.279431572662320e-08
1.490056818181818e+00, 2.159090909090909e-01, 1.264164856989589e-07
1.490056818181818e+00, 2.386363636363636e-01, 1.264164856989589e-07
1.490056818181818e+00, 2.613636363636364e-01, 6.685968083511200e-07
1.490056818181818e+00, 2.840909090909091e-01, 6.685968083511200e-07
1.490056818181818e+00, 3.068181818181818e-01, 6.685968083511200e-07
1.490056818181818e+00, 3.295454545454545e-01, 1.301027520337953e-06
1.490056818181818e+00, 3.522727272727273e-01, 1.301027520337953e-06
1.490056818181818e+00, 3.750000000000000e-01, 1.301027520337953e-06
1.490056818181818e+00, 3.977272727272727e-01, 1.966581559339737e-06
1.490056818181818e+00, 4.204545454545455e-01, 1.966581559339737e-06
1.490056818181818e+00, 4.431818181818182e-01, 2.333175910223987e-06
1.490056818181818e+00, 4.659090909090909e-01, 2.608121673387165e-06
1.490056818181818e+00, 4.886363636363636e-01, 2.608121673387165e-06
1.490056818181818e+00, 5.113636363636364e-01, 3.168491802101717e-06
1.490056818181818e+00, 5.340909090909091e-01, 3.168491802101717e-06
1.490056818181818e+00, 5.568181818181818e-01, 3.168491802101717e-06
1.490056818181818e+00, 5.795454545454546e-01, 3.590496840595670e-06
1.490056818181818e+00, 6.022727272727273e-01, 3.590496840595670e-06
1.490056818181818e+00, 6.250000000000000e-01, 3.590496840595670e-06
1.490056818181818e+00, 6.477272727272727e-01, 3.816875631265703e-06
1.490056818181818e+00, 6.704545454545454e-01, 3.816875631265703e-06
1.490056818181818e+00, 6.931818181818182e-01, 3.801671872953920e-06
1.490056818181818e+00, 7.159090909090909e-01, 3.790269054220083e-06
1.490056818181818e+00, 7.386363636363636e-01, 3.790269054220083e-06
1.490056818181818e+00, 7.613636363636364e-01, 3.453180306908976e-06
1.490056818181818e+00, 7.840909090909091e-01, 3.453180306908976e-06
1.490056818181818e+00, 8.068181818181818e-01, 3.453180306908976e-06
1.490056818181818e+00, 8.295454545454546e-01, 2.747912523037784e-06
1.490056818181818e+00, 8.522727272727273e-01, 2.747912523037784e-06
1.490056818181818e+00, 8.750000000000000e-01, 2.747912523037784e-06
1.490056818181818e+00, 8.977272727272727e-01, 1.616433510254221e-06
1.490056818181818e+00, 9.204545454545454e-01, 1.616433510254221e-06
1.490056818181818e+00, 9.431818181818182e-01, 6.927572186803573e-07
1.490056818181818e+00, 9.659090909090909e-01, 0.000000000000000e+00
1.490056818181818e+00, 9.886363636363636e-01, 0.000000000000000e+00
