x,y,u
1.13636363636e-02,6.34943181818e-01,-2.12290099068e-03
3.40909090909e-02,6.34943181818e-01,-6.36870297205e-03
5.68181818182e-02,6.34943181818e-01,-1.06145049534e-02
7.95454545455e-02,6.34943181818e-01,-1.48603069348e-02
1.02272727273e-01,6.34943181818e-01,-1.91061089161e-02
1.25000000000e-01,6.34943181818e-01,-2.32262534821e-02
1.47727272727e-01,6.34943181818e-01,-2.52765291372e-02
1.70454545455e-01,6.34943181818e-01,-2.73820867427e-02
1.93181818182e-01,6.34943181818e-01,-2.94876443483e-02
2.15909090909e-01,6.34943181818e-01,-3.15932019539e-02
2.38636363636e-01,6.34943181818e-01,-3.36987595595e-02
2.61363636364e-01,6.34943181818e-01,-3.49679003312e-02
2.84090909091e-01,6.34943181818e-01,-3.54006242691e-02
3.06818181818e-01,6.34943181818e-01,-3.58333482070e-02
3.29545454545e-01,6.34943181818e-01,-3.62660721449e-02
3.52272727273e-01,6.34943181818e-01,-3.66987960829e-02
3.75000000000e-01,6.34943181818e-01,-3.71265950259e-02
3.97727272727e-01,6.34943181818e-01,-3.63777310645e-02
4.20454545455e-01,6.34943181818e-01,-3.55988570257e-02
4.43181818182e-01,6.34943181818e-01,-3.48199829869e-02
4.65909090909e-01,6.34943181818e-01,-3.40411089481e-02
4.88636363636e-01,6.34943181818e-01,-3.32622349093e-02
5.11363636364e-01,6.34943181818e-01,-3.21081024952e-02
5.34090909091e-01,6.34943181818e-01,-3.05787117057e-02
5.56818181818e-01,6.34943181818e-01,-2.90493209163e-02
5.79545454545e-01,6.34943181818e-01,-2.75199301268e-02
6.02272727273e-01,6.34943181818e-01,-2.59905393373e-02
6.25000000000e-01,6.34943181818e-01,-2.45104188665e-02
6.47727272727e-01,6.34943181818e-01,-2.27446985860e-02
6.70454545455e-01,6.34943181818e-01,-2.09261555207e-02
6.93181818182e-01,6.34943181818e-01,-1.91076124554e-02
7.15909090909e-01,6.34943181818e-01,-1.72890693901e-02
7.38636363636e-01,6.34943181818e-01,-1.54705263248e-02
7.61363636364e-01,6.34943181818e-01,-1.37382872384e-02
7.84090909091e-01,6.34943181818e-01,-1.20923521309e-02
8.06818181818e-01,6.34943181818e-01,-1.04464170235e-02
8.29545454545e-01,6.34943181818e-01,-8.80048191598e-03
8.52272727273e-01,6.34943181818e-01,-7.15454680850e-03
8.75000000000e-01,6.34943181818e-01,-5.54925378826e-03
8.97727272727e-01,6.34943181818e-01,-4.55103235717e-03
9.20454545455e-01,6.34943181818e-01,-3.53969183335e-03
9.43181818182e-01,6.34943181818e-01,-2.52835130954e-03
9.65909090909e-01,6.34943181818e-01,-1.51701078572e-03
9.88636363636e-01,6.34943181818e-01,-5.05670261907e-04
1.13636363636e-02,6.54829545455e-01,-2.12290099068e-03
3.40909090909e-02,6.54829545455e-01,-6.36870297205e-03
5.68181818182e-02,6.54829545455e-01,-1.06145049534e-02
7.95454545455e-02,6.54829545455e-01,-1.48603069348e-02
1.02272727273e-01,6.54829545455e-01,-1.89301885345e-02
1.25000000000e-01,6.54829545455e-01,-2.29749386512e-02
1.47727272727e-01,6.54829545455e-01,-2.49920451360e-02
1.70454545455e-01,6.54829545455e-01,-2.70202080109e-02
1.93181818182e-01,6.54829545455e-01,-2.91257656165e-02
2.15909090909e-01,6.54829545455e-01,-3.12313232220e-02
2.38636363636e-01,6.54829545455e-01,-3.33368808276e-02
2.61363636364e-01,6.54829545455e-01,-3.46060215994e-02
2.84090909091e-01,6.54829545455e-01,-3.50387455373e-02
3.06818181818e-01,6.54829545455e-01,-3.54714694752e-02
3.29545454545e-01,6.54829545455e-01,-3.59041934131e-02
3.52272727273e-01,6.54829545455e-01,-3.63300223582e-02
3.75000000000e-01,6.54829545455e-01,-3.67548663044e-02
3.97727272727e-01,6.54829545455e-01,-3.60240083894e-02
4.20454545455e-01,6.54829545455e-01,-3.52871484590e-02
4.43181818182e-01,6.54829545455e-01,-3.45082744202e-02
4.65909090909e-01,6.54829545455e-01,-3.37294003814e-02
4.88636363636e-01,6.54829545455e-01,-3.29505263426e-02
5.11363636364e-01,6.54829545455e-01,-3.17963939285e-02
5.34090909091e-01,6.54829545455e-01,-3.02670031390e-02
5.56818181818e-01,6.54829545455e-01,-2.87376123495e-02
5.79545454545e-01,6.54829545455e-01,-2.72082215601e-02
6.02272727273e-01,6.54829545455e-01,-2.57478092167e-02
6.25000000000e-01,6.54829545455e-01,-2.42972509371e-02
6.47727272727e-01,6.54829545455e-01,-2.25632243274e-02
6.70454545455e-01,6.54829545455e-01,-2.08186331608e-02
6.93181818182e-01,6.54829545455e-01,-1.90000900955e-02
7.15909090909e-01,6.54829545455e-01,-1.71815470302e-02
7.38636363636e-01,6.54829545455e-01,-1.53630039649e-02
7.61363636364e-01,6.54829545455e-01,-1.36307648785e-02
7.84090909091e-01,6.54829545455e-01,-1.19848297710e-02
8.06818181818e-01,6.54829545455e-01,-1.03388946635e-02
8.29545454545e-01,6.54829545455e-01,-8.69295955607e-03
8.52272727273e-01,6.54829545455e-01,-7.10392337072e-03
8.75000000000e-01,6.54829545455e-01,-5.52301560283e-03
8.97727272727e-01,6.54829545455e-01,-4.53266562736e-03
9.20454545455e-01,6.54829545455e-01,-3.53969183335e-03
9.43181818182e-01,6.54829545455e-01,-2.52835130954e-03
9.65909090909e-01,6.54829545455e-01,-1.51701078572e-03
9.88636363636e-01,6.54829545455e-01,-5.05670261907e-04
1.13636363636e-02,6.74715909091e-01,-2.12290099068e-03
3.40909090909e-02,6.74715909091e-01,-6.36870297205e-03
5.68181818182e-02,6.74715909091e-01,-1.05893734703e-02
7.95454545455e-02,6.74715909091e-01,-1.46341235870e-02
1.02272727273e-01,6.74715909091e-01,-1.86788737037e-02
1.25000000000e-01,6.74715909091e-01,-2.27236238203e-02
1.47727272727e-01,6.74715909091e-01,-2.47407303051e-02
1.70454545455e-01,6.74715909091e-01,-2.67578367899e-02
1.93181818182e-01,6.74715909091e-01,-2.87749432747e-02
2.15909090909e-01,6.74715909091e-01,-3.08694444902e-02
2.38636363636e-01,6.74715909091e-01,-3.29750020958e-02
2.61363636364e-01,6.74715909091e-01,-3.42441428675e-02
2.84090909091e-01,6.74715909091e-01,-3.46768668054e-02
3.06818181818e-01,6.74715909091e-01,-3.51086057443e-02
3.29545454545e-01,6.74715909091e-01,-3.55334496905e-02
3.52272727273e-01,6.74715909091e-01,-3.59582936367e-02
3.75000000000e-01,6.74715909091e-01,-3.63831375828e-02
3.97727272727e-01,6.74715909091e-01,-3.56522796679e-02
4.20454545455e-01,6.74715909091e-01,-3.49214217529e-02
4.43181818182e-01,6.74715909091e-01,-3.41905638380e-02
4.65909090909e-01,6.74715909091e-01,-3.34176918147e-02
4.88636363636e-01,6.74715909091e-01,-3.26388177759e-02
5.11363636364e-01,6.74715909091e-01,-3.14846853617e-02
5.34090909091e-01,6.74715909091e-01,-2.99552945723e-02
5.56818181818e-01,6.74715909091e-01,-2.84357578465e-02
5.79545454545e-01,6.74715909091e-01,-2.69851995669e-02
6.02272727273e-01,6.74715909091e-01,-2.55346412873e-02
6.25000000000e-01,6.74715909091e-01,-2.40840830077e-02
6.47727272727e-01,6.74715909091e-01,-2.23500563980e-02
6.70454545455e-01,6.74715909091e-01,-2.06160297883e-02
6.93181818182e-01,6.74715909091e-01,-1.88820031786e-02
7.15909090909e-01,6.74715909091e-01,-1.70740246703e-02
7.38636363636e-01,6.74715909091e-01,-1.52554816050e-02
7.61363636364e-01,6.74715909091e-01,-1.35232425186e-02
7.84090909091e-01,6.74715909091e-01,-1.18773074111e-02
8.06818181818e-01,6.74715909091e-01,-1.02395007211e-02
8.29545454545e-01,6.74715909091e-01,-8.65859295319e-03
8.52272727273e-01,6.74715909091e-01,-7.07768518529e-03
8.75000000000e-01,6.74715909091e-01,-5.49677741739e-03
8.97727272727e-01,6.74715909091e-01,-4.50642744192e-03
9.20454545455e-01,6.74715909091e-01,-3.51607746646e-03
9.43181818182e-01,6.74715909091e-01,-2.52572749099e-03
9.65909090909e-01,6.74715909091e-01,-1.51701078572e-03
9.88636363636e-01,6.74715909091e-01,-5.05670261907e-04
1.13636363636e-02,6.94602272727e-01,-2.12290099068e-03
3.40909090909e-02,6.94602272727e-01,-6.29330852279e-03
5.68181818182e-02,6.94602272727e-01,-1.03380586395e-02
7.95454545455e-02,6.94602272727e-01,-1.43828087561e-02
1.02272727273e-01,6.94602272727e-01,-1.84275588728e-02
1.25000000000e-01,6.94602272727e-01,-2.24723089895e-02
1.47727272727e-01,6.94602272727e-01,-2.44894154743e-02
1.70454545455e-01,6.94602272727e-01,-2.65065219590e-02
1.93181818182e-01,6.94602272727e-01,-2.85236284438e-02
2.15909090909e-01,6.94602272727e-01,-3.05407349286e-02
2.38636363636e-01,6.94602272727e-01,-3.26131233639e-02
2.61363636364e-01,6.94602272727e-01,-3.38822641356e-02
2.84090909091e-01,6.94602272727e-01,-3.43120330766e-02
3.06818181818e-01,6.94602272727e-01,-3.47368770228e-02
3.29545454545e-01,6.94602272727e-01,-3.51617209690e-02
3.52272727273e-01,6.94602272727e-01,-3.55865649151e-02
3.75000000000e-01,6.94602272727e-01,-3.60114088613e-02
3.97727272727e-01,6.94602272727e-01,-3.52805509463e-02
4.20454545455e-01,6.94602272727e-01,-3.45496930314e-02
4.43181818182e-01,6.94602272727e-01,-3.38188351165e-02
4.65909090909e-01,6.94602272727e-01,-3.30879772015e-02
4.88636363636e-01,6.94602272727e-01,-3.23271092092e-02
5.11363636364e-01,6.94602272727e-01,-3.11729767950e-02
5.34090909091e-01,6.94602272727e-01,-2.96731481967e-02
5.56818181818e-01,6.94602272727e-01,-2.82225899171e-02
5.79545454545e-01,6.94602272727e-01,-2.67720316375e-02
6.02272727273e-01,6.94602272727e-01,-2.53214733579e-02
6.25000000000e-01,6.94602272727e-01,-2.38709150783e-02
6.47727272727e-01,6.94602272727e-01,-2.21368884686e-02
6.70454545455e-01,6.94602272727e-01,-2.04028618589e-02
6.93181818182e-01,6.94602272727e-01,-1.86688352492e-02
7.15909090909e-01,6.94602272727e-01,-1.69348086395e-02
7.38636363636e-01,6.94602272727e-01,-1.51479592451e-02
7.61363636364e-01,6.94602272727e-01,-1.34157201587e-02
7.84090909091e-01,6.94602272727e-01,-1.17941703035e-02
8.06818181818e-01,6.94602272727e-01,-1.02132625356e-02
8.29545454545e-01,6.94602272727e-01,-8.63235476775e-03
8.52272727273e-01,6.94602272727e-01,-7.05144699985e-03
8.75000000000e-01,6.94602272727e-01,-5.47053923195e-03
8.97727272727e-01,6.94602272727e-01,-4.48018925649e-03
9.20454545455e-01,6.94602272727e-01,-3.48983928102e-03
9.43181818182e-01,6.94602272727e-01,-2.49948930556e-03
9.65909090909e-01,6.94602272727e-01,-1.50913933009e-03
9.88636363636e-01,6.94602272727e-01,-5.05670261907e-04
1.13636363636e-02,7.14488636364e-01,-1.99079534229e-03
3.40909090909e-02,7.14488636364e-01,-6.03554545896e-03
5.68181818182e-02,7.14488636364e-01,-1.00802955756e-02
7.95454545455e-02,7.14488636364e-01,-1.41250456923e-02
1.02272727273e-01,7.14488636364e-01,-1.81697958090e-02
1.25000000000e-01,7.14488636364e-01,-2.22145459257e-02
1.47727272727e-01,7.14488636364e-01,-2.42169076173e-02
1.70454545455e-01,7.14488636364e-01,-2.62340141021e-02
1.93181818182e-01,7.14488636364e-01,-2.82511205869e-02
2.15909090909e-01,7.14488636364e-01,-3.02682270717e-02
2.38636363636e-01,7.14488636364e-01,-3.22853335564e-02
2.61363636364e-01,7.14488636364e-01,-3.35063087719e-02
2.84090909091e-01,7.14488636364e-01,-3.39311527181e-02
3.06818181818e-01,7.14488636364e-01,-3.43559966642e-02
3.29545454545e-01,7.14488636364e-01,-3.47808406104e-02
3.52272727273e-01,7.14488636364e-01,-3.52056845566e-02
3.75000000000e-01,7.14488636364e-01,-3.56286860167e-02
3.97727272727e-01,7.14488636364e-01,-3.48978281017e-02
4.20454545455e-01,7.14488636364e-01,-3.41669701868e-02
4.43181818182e-01,7.14488636364e-01,-3.34361122718e-02
4.65909090909e-01,7.14488636364e-01,-3.27052543569e-02
4.88636363636e-01,7.14488636364e-01,-3.19743964420e-02
5.11363636364e-01,7.14488636364e-01,-3.09030274077e-02
5.34090909091e-01,7.14488636364e-01,-2.94524691281e-02
5.56818181818e-01,7.14488636364e-01,-2.80019108485e-02
5.79545454545e-01,7.14488636364e-01,-2.65513525689e-02
6.02272727273e-01,7.14488636364e-01,-2.51007942893e-02
6.25000000000e-01,7.14488636364e-01,-2.36502360097e-02
6.47727272727e-01,7.14488636364e-01,-2.19162094000e-02
6.70454545455e-01,7.14488636364e-01,-2.01821827902e-02
6.93181818182e-01,7.14488636364e-01,-1.84481561805e-02
7.15909090909e-01,7.14488636364e-01,-1.67141295708e-02
7.38636363636e-01,7.14488636364e-01,-1.49801029611e-02
7.61363636364e-01,7.14488636364e-01,-1.33470250336e-02
7.84090909091e-01,7.14488636364e-01,-1.17661172657e-02
8.06818181818e-01,7.14488636364e-01,-1.01852094978e-02
8.29545454545e-01,7.14488636364e-01,-8.60430172989e-03
8.52272727273e-01,7.14488636364e-01,-7.02339396200e-03
8.75000000000e-01,7.14488636364e-01,-5.44248619410e-03
8.97727272727e-01,7.14488636364e-01,-4.45213621863e-03
9.20454545455e-01,7.14488636364e-01,-3.46178624317e-03
9.43181818182e-01,7.14488636364e-01,-2.47143626770e-03
9.65909090909e-01,7.14488636364e-01,-1.48108629224e-03
9.88636363636e-01,7.14488636364e-01,-4.90736316771e-04
1.13636363636e-02,7.34375000000e-01,-1.89605619415e-03
3.40909090909e-02,7.34375000000e-01,-5.71974829851e-03
5.68181818182e-02,7.34375000000e-01,-9.76449841518e-03
7.95454545455e-02,7.34375000000e-01,-1.38092485319e-02
1.02272727273e-01,7.34375000000e-01,-1.78539986485e-02
1.25000000000e-01,7.34375000000e-01,-2.18987487652e-02
1.47727272727e-01,7.34375000000e-01,-2.37978969050e-02
1.70454545455e-01,7.34375000000e-01,-2.57707690104e-02
1.93181818182e-01,7.34375000000e-01,-2.77878754952e-02
2.15909090909e-01,7.34375000000e-01,-2.98049819800e-02
2.38636363636e-01,7.34375000000e-01,-3.18220884647e-02
2.61363636364e-01,7.34375000000e-01,-3.30430636802e-02
2.84090909091e-01,7.34375000000e-01,-3.34679076264e-02
3.06818181818e-01,7.34375000000e-01,-3.38927515725e-02
3.29545454545e-01,7.34375000000e-01,-3.43175955187e-02
3.52272727273e-01,7.34375000000e-01,-3.47369120067e-02
3.75000000000e-01,7.34375000000e-01,-3.51470160645e-02
3.97727272727e-01,7.34375000000e-01,-3.44161581496e-02
4.20454545455e-01,7.34375000000e-01,-3.36853002346e-02
4.43181818182e-01,7.34375000000e-01,-3.29544423197e-02
4.65909090909e-01,7.34375000000e-01,-3.22235844047e-02
4.88636363636e-01,7.34375000000e-01,-3.15425232272e-02
5.11363636364e-01,7.34375000000e-01,-3.05291713818e-02
5.34090909091e-01,7.34375000000e-01,-2.91641898057e-02
5.56818181818e-01,7.34375000000e-01,-2.77136315261e-02
5.79545454545e-01,7.34375000000e-01,-2.62630732465e-02
6.02272727273e-01,7.34375000000e-01,-2.48125149669e-02
6.25000000000e-01,7.34375000000e-01,-2.33619566873e-02
6.47727272727e-01,7.34375000000e-01,-2.16279300776e-02
6.70454545455e-01,7.34375000000e-01,-1.98939034679e-02
6.93181818182e-01,7.34375000000e-01,-1.81598768582e-02
7.15909090909e-01,7.34375000000e-01,-1.64258502485e-02
7.38636363636e-01,7.34375000000e-01,-1.47862310997e-02
7.61363636364e-01,7.34375000000e-01,-1.32263209559e-02
7.84090909091e-01,7.34375000000e-01,-1.17217305561e-02
8.06818181818e-01,7.34375000000e-01,-1.01408227882e-02
8.29545454545e-01,7.34375000000e-01,-8.55991502028e-03
8.52272727273e-01,7.34375000000e-01,-6.97900725238e-03
8.75000000000e-01,7.34375000000e-01,-5.39809948449e-03
8.97727272727e-01,7.34375000000e-01,-4.40774950902e-03
9.20454545455e-01,7.34375000000e-01,-3.41739953355e-03
9.43181818182e-01,7.34375000000e-01,-2.42704955809e-03
9.65909090909e-01,7.34375000000e-01,-1.43669958262e-03
9.88636363636e-01,7.34375000000e-01,-4.77420303887e-04
1.13636363636e-02,7.54261363636e-01,-1.89605619415e-03
3.40909090909e-02,7.54261363636e-01,-5.68816858246e-03
5.68181818182e-02,7.54261363636e-01,-9.48028097077e-03
7.95454545455e-02,7.54261363636e-01,-1.34934513714e-02
1.02272727273e-01,7.54261363636e-01,-1.75382014881e-02
1.25000000000e-01,7.54261363636e-01,-2.15829516047e-02
1.47727272727e-01,7.54261363636e-01,-2.34820997445e-02
1.70454545455e-01,7.54261363636e-01,-2.53812478843e-02
1.93181818182e-01,7.54261363636e-01,-2.73246304035e-02
2.15909090909e-01,7.54261363636e-01,-2.93417368882e-02
2.38636363636e-01,7.54261363636e-01,-3.13588433730e-02
2.61363636364e-01,7.54261363636e-01,-3.25798185885e-02
2.84090909091e-01,7.54261363636e-01,-3.30046625347e-02
3.06818181818e-01,7.54261363636e-01,-3.34295064808e-02
3.29545454545e-01,7.54261363636e-01,-3.38451379968e-02
3.52272727273e-01,7.54261363636e-01,-3.42552420545e-02
3.75000000000e-01,7.54261363636e-01,-3.46653461123e-02
3.97727272727e-01,7.54261363636e-01,-3.39344881974e-02
4.20454545455e-01,7.54261363636e-01,-3.32036302824e-02
4.43181818182e-01,7.54261363636e-01,-3.24798861871e-02
4.65909090909e-01,7.54261363636e-01,-3.18059388292e-02
4.88636363636e-01,7.54261363636e-01,-3.11319914713e-02
5.11363636364e-01,7.54261363636e-01,-3.01186396260e-02
5.34090909091e-01,7.54261363636e-01,-2.87658832932e-02
5.56818181818e-01,7.54261363636e-01,-2.74131269604e-02
5.79545454545e-01,7.54261363636e-01,-2.59747939242e-02
6.02272727273e-01,7.54261363636e-01,-2.45242356446e-02
6.25000000000e-01,7.54261363636e-01,-2.30736773650e-02
6.47727272727e-01,7.54261363636e-01,-2.13396507553e-02
6.70454545455e-01,7.54261363636e-01,-1.96056241456e-02
6.93181818182e-01,7.54261363636e-01,-1.78850843160e-02
7.15909090909e-01,7.54261363636e-01,-1.62589519473e-02
7.38636363636e-01,7.54261363636e-01,-1.46328195786e-02
7.61363636364e-01,7.54261363636e-01,-1.30729094349e-02
7.84090909091e-01,7.54261363636e-01,-1.15792215161e-02
8.06818181818e-01,7.54261363636e-01,-1.00855335974e-02
8.29545454545e-01,7.54261363636e-01,-8.51552831067e-03
8.52272727273e-01,7.54261363636e-01,-6.93462054277e-03
8.75000000000e-01,7.54261363636e-01,-5.35371277487e-03
8.97727272727e-01,7.54261363636e-01,-4.36336279941e-03
9.20454545455e-01,7.54261363636e-01,-3.37301282394e-03
9.43181818182e-01,7.54261363636e-01,-2.38710151944e-03
9.65909090909e-01,7.54261363636e-01,-1.43226091166e-03
9.88636363636e-01,7.54261363636e-01,-4.77420303887e-04
1.13636363636e-02,7.74147727273e-01,-1.89605619415e-03
3.40909090909e-02,7.74147727273e-01,-5.68816858246e-03
5.68181818182e-02,7.74147727273e-01,-9.48028097077e-03
7.95454545455e-02,7.74147727273e-01,-1.32723933591e-02
1.02272727273e-01,7.74147727273e-01,-1.72224043276e-02
1.25000000000e-01,7.74147727273e-01,-2.12671544443e-02
1.47727272727e-01,7.74147727273e-01,-2.31663025841e-02
1.70454545455e-01,7.74147727273e-01,-2.50654507239e-02
1.93181818182e-01,7.74147727273e-01,-2.69645988636e-02
2.15909090909e-01,7.74147727273e-01,-2.88784917965e-02
2.38636363636e-01,7.74147727273e-01,-3.08955982813e-02
2.61363636364e-01,7.74147727273e-01,-3.21165734968e-02
2.84090909091e-01,7.74147727273e-01,-3.25414174430e-02
3.06818181818e-01,7.74147727273e-01,-3.29533639868e-02
3.29545454545e-01,7.74147727273e-01,-3.33634680446e-02
3.52272727273e-01,7.74147727273e-01,-3.37735721024e-02
3.75000000000e-01,7.74147727273e-01,-3.41836761601e-02
3.97727272727e-01,7.74147727273e-01,-3.34528182452e-02
4.20454545455e-01,7.74147727273e-01,-3.27433017891e-02
4.43181818182e-01,7.74147727273e-01,-3.20693544312e-02
4.65909090909e-01,7.74147727273e-01,-3.13954070733e-02
4.88636363636e-01,7.74147727273e-01,-3.07214597154e-02
5.11363636364e-01,7.74147727273e-01,-2.97081078701e-02
5.34090909091e-01,7.74147727273e-01,-2.83553515373e-02
5.56818181818e-01,7.74147727273e-01,-2.70025952045e-02
5.79545454545e-01,7.74147727273e-01,-2.56498388718e-02
6.02272727273e-01,7.74147727273e-01,-2.42359563222e-02
6.25000000000e-01,7.74147727273e-01,-2.27853980426e-02
6.47727272727e-01,7.74147727273e-01,-2.10513714329e-02
6.70454545455e-01,7.74147727273e-01,-1.93578051636e-02
6.93181818182e-01,7.74147727273e-01,-1.77316727949e-02
7.15909090909e-01,7.74147727273e-01,-1.61055404262e-02
7.38636363636e-01,7.74147727273e-01,-1.44794080575e-02
7.61363636364e-01,7.74147727273e-01,-1.29194979138e-02
7.84090909091e-01,7.74147727273e-01,-1.14258099950e-02
8.06818181818e-01,7.74147727273e-01,-9.93212207633e-03
8.29545454545e-01,7.74147727273e-01,-8.43843415761e-03
8.52272727273e-01,7.74147727273e-01,-6.89023383316e-03
8.75000000000e-01,7.74147727273e-01,-5.30932606526e-03
8.97727272727e-01,7.74147727273e-01,-4.31897608979e-03
9.20454545455e-01,7.74147727273e-01,-3.34194212721e-03
9.43181818182e-01,7.74147727273e-01,-2.38710151944e-03
9.65909090909e-01,7.74147727273e-01,-1.43226091166e-03
9.88636363636e-01,7.74147727273e-01,-4.77420303887e-04
1.13636363636e-02,7.94034090909e-01,-1.89605619415e-03
3.40909090909e-02,7.94034090909e-01,-5.68816858246e-03
5.68181818182e-02,7.94034090909e-01,-9.48028097077e-03
7.95454545455e-02,7.94034090909e-01,-1.32723933591e-02
1.02272727273e-01,7.94034090909e-01,-1.70645057474e-02
1.25000000000e-01,7.94034090909e-01,-2.09513572838e-02
1.47727272727e-01,7.94034090909e-01,-2.28505054236e-02
1.70454545455e-01,7.94034090909e-01,-2.47496535634e-02
1.93181818182e-01,7.94034090909e-01,-2.66488017032e-02
2.15909090909e-01,7.94034090909e-01,-2.85479498430e-02
2.38636363636e-01,7.94034090909e-01,-3.04470979827e-02
2.61363636364e-01,7.94034090909e-01,-3.16514859190e-02
2.84090909091e-01,7.94034090909e-01,-3.20615899768e-02
3.06818181818e-01,7.94034090909e-01,-3.24716940346e-02
3.29545454545e-01,7.94034090909e-01,-3.28817980924e-02
3.52272727273e-01,7.94034090909e-01,-3.32919021502e-02
3.75000000000e-01,7.94034090909e-01,-3.37020062080e-02
3.97727272727e-01,7.94034090909e-01,-3.30067173912e-02
4.20454545455e-01,7.94034090909e-01,-3.23327700332e-02
4.43181818182e-01,7.94034090909e-01,-3.16588226753e-02
4.65909090909e-01,7.94034090909e-01,-3.09848753174e-02
4.88636363636e-01,7.94034090909e-01,-3.03109279595e-02
5.11363636364e-01,7.94034090909e-01,-2.92975761142e-02
5.34090909091e-01,7.94034090909e-01,-2.79448197814e-02
5.56818181818e-01,7.94034090909e-01,-2.65920634487e-02
5.79545454545e-01,7.94034090909e-01,-2.52393071159e-02
6.02272727273e-01,7.94034090909e-01,-2.38865507831e-02
6.25000000000e-01,7.94034090909e-01,-2.24971187203e-02
6.47727272727e-01,7.94034090909e-01,-2.08305260112e-02
6.70454545455e-01,7.94034090909e-01,-1.92043936425e-02
6.93181818182e-01,7.94034090909e-01,-1.75782612738e-02
7.15909090909e-01,7.94034090909e-01,-1.59521289051e-02
7.38636363636e-01,7.94034090909e-01,-1.43259965364e-02
7.61363636364e-01,7.94034090909e-01,-1.27660863927e-02
7.84090909091e-01,7.94034090909e-01,-1.12723984740e-02
8.06818181818e-01,7.94034090909e-01,-9.77871055524e-03
8.29545454545e-01,7.94034090909e-01,-8.28502263652e-03
8.52272727273e-01,7.94034090909e-01,-6.79133471780e-03
8.75000000000e-01,7.94034090909e-01,-5.26493935564e-03
8.97727272727e-01,7.94034090909e-01,-4.29678273499e-03
9.20454545455e-01,7.94034090909e-01,-3.34194212721e-03
9.43181818182e-01,7.94034090909e-01,-2.38710151944e-03
9.65909090909e-01,7.94034090909e-01,-1.43226091166e-03
9.88636363636e-01,7.94034090909e-01,-4.77420303887e-04
1.13636363636e-02,8.13920454545e-01,-1.89605619415e-03
3.40909090909e-02,8.13920454545e-01,-5.68816858246e-03
5.68181818182e-02,8.13920454545e-01,-9.48028097077e-03
7.95454545455e-02,8.13920454545e-01,-1.32723933591e-02
1.02272727273e-01,8.13920454545e-01,-1.70645057474e-02
1.25000000000e-01,8.13920454545e-01,-2.05900505948e-02
1.47727272727e-01,8.13920454545e-01,-2.24891987346e-02
1.70454545455e-01,8.13920454545e-01,-2.43883468744e-02
1.93181818182e-01,8.13920454545e-01,-2.62874950142e-02
2.15909090909e-01,8.13920454545e-01,-2.81866431539e-02
2.38636363636e-01,8.13920454545e-01,-3.00312630255e-02
2.61363636364e-01,8.13920454545e-01,-3.11021439626e-02
2.84090909091e-01,8.13920454545e-01,-3.15039674174e-02
3.06818181818e-01,8.13920454545e-01,-3.19140714752e-02
3.29545454545e-01,8.13920454545e-01,-3.23241755330e-02
3.52272727273e-01,8.13920454545e-01,-3.27342795908e-02
3.75000000000e-01,8.13920454545e-01,-3.31443836485e-02
3.97727272727e-01,8.13920454545e-01,-3.25272596263e-02
4.20454545455e-01,8.13920454545e-01,-3.18533122684e-02
4.43181818182e-01,8.13920454545e-01,-3.11793649105e-02
4.65909090909e-01,8.13920454545e-01,-3.05054175526e-02
4.88636363636e-01,8.13920454545e-01,-2.98314701947e-02
5.11363636364e-01,8.13920454545e-01,-2.88181183494e-02
5.34090909091e-01,8.13920454545e-01,-2.74653620166e-02
5.56818181818e-01,8.13920454545e-01,-2.61126056838e-02
5.79545454545e-01,8.13920454545e-01,-2.47598493511e-02
6.02272727273e-01,8.13920454545e-01,-2.34070930183e-02
6.25000000000e-01,8.13920454545e-01,-2.21556654954e-02
6.47727272727e-01,8.13920454545e-01,-2.06438009309e-02
6.70454545455e-01,8.13920454545e-01,-1.90176685622e-02
6.93181818182e-01,8.13920454545e-01,-1.73915361935e-02
7.15909090909e-01,8.13920454545e-01,-1.57654038248e-02
7.38636363636e-01,8.13920454545e-01,-1.41392714561e-02
7.61363636364e-01,8.13920454545e-01,-1.25793613123e-02
7.84090909091e-01,8.13920454545e-01,-1.10856733936e-02
8.06818181818e-01,8.13920454545e-01,-9.59198547491e-03
8.29545454545e-01,8.13920454545e-01,-8.09829755619e-03
8.52272727273e-01,8.13920454545e-01,-6.60460963748e-03
8.75000000000e-01,8.13920454545e-01,-5.20650993356e-03
8.97727272727e-01,8.13920454545e-01,-4.29678273499e-03
9.20454545455e-01,8.13920454545e-01,-3.34194212721e-03
9.43181818182e-01,8.13920454545e-01,-2.38710151944e-03
9.65909090909e-01,8.13920454545e-01,-1.43226091166e-03
9.88636363636e-01,8.13920454545e-01,-4.77420303887e-04
1.13636363636e-02,8.33806818182e-01,-1.89605619415e-03
3.40909090909e-02,8.33806818182e-01,-5.68816858246e-03
5.68181818182e-02,8.33806818182e-01,-9.48028097077e-03
7.95454545455e-02,8.33806818182e-01,-1.32343122818e-02
1.02272727273e-01,8.33806818182e-01,-1.67217760520e-02
1.25000000000e-01,8.33806818182e-01,-2.02092398221e-02
1.47727272727e-01,8.33806818182e-01,-2.21083879619e-02
1.70454545455e-01,8.33806818182e-01,-2.40075361017e-02
1.93181818182e-01,8.33806818182e-01,-2.59066842414e-02
2.15909090909e-01,8.33806818182e-01,-2.77149519342e-02
2.38636363636e-01,8.33806818182e-01,-2.94686913586e-02
2.61363636364e-01,8.33806818182e-01,-3.05395722958e-02
2.84090909091e-01,8.33806818182e-01,-3.09275947456e-02
3.06818181818e-01,8.33806818182e-01,-3.13238977984e-02
3.29545454545e-01,8.33806818182e-01,-3.17340018562e-02
3.52272727273e-01,8.33806818182e-01,-3.21441059140e-02
3.75000000000e-01,8.33806818182e-01,-3.25542099717e-02
3.97727272727e-01,8.33806818182e-01,-3.19452035689e-02
4.20454545455e-01,8.33806818182e-01,-3.13361971661e-02
4.43181818182e-01,8.33806818182e-01,-3.06703674275e-02
4.65909090909e-01,8.33806818182e-01,-2.99964200696e-02
4.88636363636e-01,8.33806818182e-01,-2.93224727117e-02
5.11363636364e-01,8.33806818182e-01,-2.83091208664e-02
5.34090909091e-01,8.33806818182e-01,-2.69563645336e-02
5.56818181818e-01,8.33806818182e-01,-2.56036082009e-02
5.79545454545e-01,8.33806818182e-01,-2.42653274124e-02
6.02272727273e-01,8.33806818182e-01,-2.30283754337e-02
6.25000000000e-01,8.33806818182e-01,-2.17914234550e-02
6.47727272727e-01,8.33806818182e-01,-2.02958828626e-02
6.70454545455e-01,8.33806818182e-01,-1.88003422701e-02
6.93181818182e-01,8.33806818182e-01,-1.71905338735e-02
7.15909090909e-01,8.33806818182e-01,-1.55644015048e-02
7.38636363636e-01,8.33806818182e-01,-1.39382691361e-02
7.61363636364e-01,8.33806818182e-01,-1.23783589923e-02
7.84090909091e-01,8.33806818182e-01,-1.08846710736e-02
8.06818181818e-01,8.33806818182e-01,-9.39098315491e-03
8.29545454545e-01,8.33806818182e-01,-7.91095069545e-03
8.52272727273e-01,8.33806818182e-01,-6.52650645079e-03
8.75000000000e-01,8.33806818182e-01,-5.14206220613e-03
8.97727272727e-01,8.33806818182e-01,-4.23877978030e-03
9.20454545455e-01,8.33806818182e-01,-3.33549735447e-03
9.43181818182e-01,8.33806818182e-01,-2.38710151944e-03
9.65909090909e-01,8.33806818182e-01,-1.43226091166e-03
9.88636363636e-01,8.33806818182e-01,-4.77420303887e-04
1.13636363636e-02,8.53693181818e-01,-1.89605619415e-03
3.40909090909e-02,8.53693181818e-01,-5.68816858246e-03
5.68181818182e-02,8.53693181818e-01,-9.36603773896e-03
7.95454545455e-02,8.53693181818e-01,-1.28535015091e-02
1.02272727273e-01,8.53693181818e-01,-1.63409652793e-02
1.25000000000e-01,8.53693181818e-01,-1.98284290494e-02
1.47727272727e-01,8.53693181818e-01,-2.17275771892e-02
1.70454545455e-01,8.53693181818e-01,-2.36267253290e-02
1.93181818182e-01,8.53693181818e-01,-2.53986408428e-02
2.15909090909e-01,8.53693181818e-01,-2.71523802673e-02
2.38636363636e-01,8.53693181818e-01,-2.89061196917e-02
2.61363636364e-01,8.53693181818e-01,-2.99770006289e-02
2.84090909091e-01,8.53693181818e-01,-3.03650230787e-02
3.06818181818e-01,8.53693181818e-01,-3.07530455286e-02
3.29545454545e-01,8.53693181818e-01,-3.11438281794e-02
3.52272727273e-01,8.53693181818e-01,-3.15539322372e-02
3.75000000000e-01,8.53693181818e-01,-3.19640362950e-02
3.97727272727e-01,8.53693181818e-01,-3.13550298921e-02
4.20454545455e-01,8.53693181818e-01,-3.07460234893e-02
4.43181818182e-01,8.53693181818e-01,-3.01370170864e-02
4.65909090909e-01,8.53693181818e-01,-2.94874225867e-02
4.88636363636e-01,8.53693181818e-01,-2.88134752288e-02
5.11363636364e-01,8.53693181818e-01,-2.78001233834e-02
5.34090909091e-01,8.53693181818e-01,-2.64473670507e-02
5.56818181818e-01,8.53693181818e-01,-2.51380373507e-02
5.79545454545e-01,8.53693181818e-01,-2.39010853720e-02
6.02272727273e-01,8.53693181818e-01,-2.26641333934e-02
6.25000000000e-01,8.53693181818e-01,-2.14271814147e-02
6.47727272727e-01,8.53693181818e-01,-1.99316408222e-02
6.70454545455e-01,8.53693181818e-01,-1.84361002298e-02
6.93181818182e-01,8.53693181818e-01,-1.69405596374e-02
7.15909090909e-01,8.53693181818e-01,-1.53633991848e-02
7.38636363636e-01,8.53693181818e-01,-1.37372668161e-02
7.61363636364e-01,8.53693181818e-01,-1.21773566723e-02
7.84090909091e-01,8.53693181818e-01,-1.06836687536e-02
8.06818181818e-01,8.53693181818e-01,-9.23094721268e-03
8.29545454545e-01,8.53693181818e-01,-7.84650296802e-03
8.52272727273e-01,8.53693181818e-01,-6.46205872336e-03
8.75000000000e-01,8.53693181818e-01,-5.07761447869e-03
8.97727272727e-01,8.53693181818e-01,-4.17433205286e-03
9.20454545455e-01,8.53693181818e-01,-3.27104962704e-03
9.43181818182e-01,8.53693181818e-01,-2.36776720121e-03
9.65909090909e-01,8.53693181818e-01,-1.43226091166e-03
9.88636363636e-01,8.53693181818e-01,-4.77420303887e-04
1.13636363636e-02,8.73579545455e-01,-1.89605619415e-03
3.40909090909e-02,8.73579545455e-01,-5.49776319611e-03
5.68181818182e-02,8.73579545455e-01,-8.98522696626e-03
7.95454545455e-02,8.73579545455e-01,-1.24726907364e-02
1.02272727273e-01,8.73579545455e-01,-1.59601545065e-02
1.25000000000e-01,8.73579545455e-01,-1.94476182767e-02
1.47727272727e-01,8.73579545455e-01,-2.13285903271e-02
1.70454545455e-01,8.73579545455e-01,-2.30823297515e-02
1.93181818182e-01,8.73579545455e-01,-2.48360691760e-02
2.15909090909e-01,8.73579545455e-01,-2.65898086004e-02
2.38636363636e-01,8.73579545455e-01,-2.83435480249e-02
2.61363636364e-01,8.73579545455e-01,-2.94144289620e-02
2.84090909091e-01,8.73579545455e-01,-2.98024514119e-02
3.06818181818e-01,8.73579545455e-01,-3.01904738617e-02
3.29545454545e-01,8.73579545455e-01,-3.05784963115e-02
3.52272727273e-01,8.73579545455e-01,-3.09665187614e-02
3.75000000000e-01,8.73579545455e-01,-3.13738626182e-02
3.97727272727e-01,8.73579545455e-01,-3.07648562153e-02
4.20454545455e-01,8.73579545455e-01,-3.01558498125e-02
4.43181818182e-01,8.73579545455e-01,-2.95468434096e-02
4.65909090909e-01,8.73579545455e-01,-2.89378370068e-02
4.88636363636e-01,8.73579545455e-01,-2.83044777458e-02
5.11363636364e-01,8.73579545455e-01,-2.72911259005e-02
5.34090909091e-01,8.73579545455e-01,-2.60107472890e-02
5.56818181818e-01,8.73579545455e-01,-2.47737953104e-02
5.79545454545e-01,8.73579545455e-01,-2.35368433317e-02
6.02272727273e-01,8.73579545455e-01,-2.22998913530e-02
6.25000000000e-01,8.73579545455e-01,-2.10629393743e-02
6.47727272727e-01,8.73579545455e-01,-1.95673987819e-02
6.70454545455e-01,8.73579545455e-01,-1.80718581895e-02
6.93181818182e-01,8.73579545455e-01,-1.65763175970e-02
7.15909090909e-01,8.73579545455e-01,-1.50807770046e-02
7.38636363636e-01,8.73579545455e-01,-1.35362644961e-02
7.61363636364e-01,8.73579545455e-01,-1.19763543523e-02
7.84090909091e-01,8.73579545455e-01,-1.05509437299e-02
8.06818181818e-01,8.73579545455e-01,-9.16649948525e-03
8.29545454545e-01,8.73579545455e-01,-7.78205524059e-03
8.52272727273e-01,8.73579545455e-01,-6.39761099592e-03
8.75000000000e-01,8.73579545455e-01,-5.01316675126e-03
8.97727272727e-01,8.73579545455e-01,-4.10988432543e-03
9.20454545455e-01,8.73579545455e-01,-3.20660189960e-03
9.43181818182e-01,8.73579545455e-01,-2.30331947377e-03
9.65909090909e-01,8.73579545455e-01,-1.40003704795e-03
9.88636363636e-01,8.73579545455e-01,-4.77420303887e-04
1.13636363636e-02,8.93465909091e-01,-1.61031889580e-03
3.40909090909e-02,8.93465909091e-01,-5.09778266594e-03
5.68181818182e-02,8.93465909091e-01,-8.58524643609e-03
7.95454545455e-02,8.93465909091e-01,-1.20727102062e-02
1.02272727273e-01,8.93465909091e-01,-1.55601739764e-02
1.25000000000e-01,8.93465909091e-01,-1.90476377465e-02
1.47727272727e-01,8.93465909091e-01,-2.08013771710e-02
1.70454545455e-01,8.93465909091e-01,-2.25551165954e-02
1.93181818182e-01,8.93465909091e-01,-2.43088560199e-02
2.15909090909e-01,8.93465909091e-01,-2.60625954443e-02
2.38636363636e-01,8.93465909091e-01,-2.78163348688e-02
2.61363636364e-01,8.93465909091e-01,-2.88225856786e-02
2.84090909091e-01,8.93465909091e-01,-2.92106081284e-02
3.06818181818e-01,8.93465909091e-01,-2.95986305782e-02
3.29545454545e-01,8.93465909091e-01,-2.99866530281e-02
3.52272727273e-01,8.93465909091e-01,-3.03746754779e-02
3.75000000000e-01,8.93465909091e-01,-3.07515853671e-02
3.97727272727e-01,8.93465909091e-01,-3.01696241047e-02
4.20454545455e-01,8.93465909091e-01,-2.95606177018e-02
4.43181818182e-01,8.93465909091e-01,-2.89516112990e-02
4.65909090909e-01,8.93465909091e-01,-2.83426048962e-02
4.88636363636e-01,8.93465909091e-01,-2.77335984933e-02
5.11363636364e-01,8.93465909091e-01,-2.68106193026e-02
5.34090909091e-01,8.93465909091e-01,-2.55736673239e-02
5.56818181818e-01,8.93465909091e-01,-2.43367153452e-02
5.79545454545e-01,8.93465909091e-01,-2.30997633666e-02
6.02272727273e-01,8.93465909091e-01,-2.18628113879e-02
6.25000000000e-01,8.93465909091e-01,-2.06756855973e-02
6.47727272727e-01,8.93465909091e-01,-1.92373775296e-02
6.70454545455e-01,8.93465909091e-01,-1.77418369372e-02
6.93181818182e-01,8.93465909091e-01,-1.62462963447e-02
7.15909090909e-01,8.93465909091e-01,-1.47507557523e-02
7.38636363636e-01,8.93465909091e-01,-1.32552151599e-02
7.61363636364e-01,8.93465909091e-01,-1.18152227413e-02
7.84090909091e-01,8.93465909091e-01,-1.04307784966e-02
8.06818181818e-01,8.93465909091e-01,-9.04633425198e-03
8.29545454545e-01,8.93465909091e-01,-7.66189000732e-03
8.52272727273e-01,8.93465909091e-01,-6.27744576266e-03
8.75000000000e-01,8.93465909091e-01,-4.94224386585e-03
8.97727272727e-01,8.93465909091e-01,-4.03896144002e-03
9.20454545455e-01,8.93465909091e-01,-3.13567901419e-03
9.43181818182e-01,8.93465909091e-01,-2.23239658836e-03
9.65909090909e-01,8.93465909091e-01,-1.32911416253e-03
9.88636363636e-01,8.93465909091e-01,-4.25831736705e-04
1.13636363636e-02,9.13352272727e-01,-1.56584789937e-03
3.40909090909e-02,9.13352272727e-01,-4.69754369812e-03
5.68181818182e-02,9.13352272727e-01,-8.14053647184e-03
7.95454545455e-02,9.13352272727e-01,-1.16280002420e-02
1.02272727273e-01,9.13352272727e-01,-1.51154640121e-02
1.25000000000e-01,9.13352272727e-01,-1.86029277823e-02
1.47727272727e-01,9.13352272727e-01,-2.03566672067e-02
1.70454545455e-01,9.13352272727e-01,-2.21104066312e-02
1.93181818182e-01,9.13352272727e-01,-2.38641460556e-02
2.15909090909e-01,9.13352272727e-01,-2.55963421043e-02
2.38636363636e-01,9.13352272727e-01,-2.71777345225e-02
2.61363636364e-01,9.13352272727e-01,-2.81624419564e-02
2.84090909091e-01,9.13352272727e-01,-2.85504644063e-02
3.06818181818e-01,9.13352272727e-01,-2.89384868561e-02
3.29545454545e-01,9.13352272727e-01,-2.93265093060e-02
3.52272727273e-01,9.13352272727e-01,-2.96960108214e-02
3.75000000000e-01,9.13352272727e-01,-3.00543997762e-02
3.97727272727e-01,9.13352272727e-01,-2.95175137477e-02
4.20454545455e-01,9.13352272727e-01,-2.89535825789e-02
4.43181818182e-01,9.13352272727e-01,-2.83445761761e-02
4.65909090909e-01,9.13352272727e-01,-2.77355697732e-02
4.88636363636e-01,9.13352272727e-01,-2.71265633704e-02
5.11363636364e-01,9.13352272727e-01,-2.62035841797e-02
5.34090909091e-01,9.13352272727e-01,-2.49666322010e-02
5.56818181818e-01,9.13352272727e-01,-2.37296802223e-02
5.79545454545e-01,9.13352272727e-01,-2.24927282436e-02
6.02272727273e-01,9.13352272727e-01,-2.13388199117e-02
6.25000000000e-01,9.13352272727e-01,-2.02347377679e-02
6.47727272727e-01,9.13352272727e-01,-1.88918172415e-02
6.70454545455e-01,9.13352272727e-01,-1.74916641903e-02
6.93181818182e-01,9.13352272727e-01,-1.59961235978e-02
7.15909090909e-01,9.13352272727e-01,-1.45005830054e-02
7.38636363636e-01,9.13352272727e-01,-1.30050424130e-02
7.61363636364e-01,9.13352272727e-01,-1.15650499944e-02
7.84090909091e-01,9.13352272727e-01,-1.01806057498e-02
8.06818181818e-01,9.13352272727e-01,-8.79616150509e-03
8.29545454545e-01,9.13352272727e-01,-7.41171726043e-03
8.52272727273e-01,9.13352272727e-01,-6.10934359553e-03
8.75000000000e-01,9.13352272727e-01,-4.85621227848e-03
8.97727272727e-01,9.13352272727e-01,-3.95292985266e-03
9.20454545455e-01,9.13352272727e-01,-3.04964742683e-03
9.43181818182e-01,9.13352272727e-01,-2.14636500100e-03
9.65909090909e-01,9.13352272727e-01,-1.25168573390e-03
9.88636363636e-01,9.13352272727e-01,-4.17228577968e-04
1.13636363636e-02,9.33238636364e-01,-1.56584789937e-03
3.40909090909e-02,9.33238636364e-01,-4.69754369812e-03
5.68181818182e-02,9.33238636364e-01,-7.82923949686e-03
7.95454545455e-02,9.33238636364e-01,-1.11832902777e-02
1.02272727273e-01,9.33238636364e-01,-1.46707540479e-02
1.25000000000e-01,9.33238636364e-01,-1.81582178180e-02
1.47727272727e-01,9.33238636364e-01,-1.99119572425e-02
1.70454545455e-01,9.33238636364e-01,-2.16656966669e-02
1.93181818182e-01,9.33238636364e-01,-2.33548059640e-02
2.15909090909e-01,9.33238636364e-01,-2.49361983822e-02
2.38636363636e-01,9.33238636364e-01,-2.65175908003e-02
2.61363636364e-01,9.33238636364e-01,-2.75022982343e-02
2.84090909091e-01,9.33238636364e-01,-2.78903206841e-02
3.06818181818e-01,9.33238636364e-01,-2.82783431340e-02
3.29545454545e-01,9.33238636364e-01,-2.86404362756e-02
3.52272727273e-01,9.33238636364e-01,-2.89988252304e-02
3.75000000000e-01,9.33238636364e-01,-2.93572141852e-02
3.97727272727e-01,9.33238636364e-01,-2.88203281568e-02
4.20454545455e-01,9.33238636364e-01,-2.82834421284e-02
4.43181818182e-01,9.33238636364e-01,-2.77375410531e-02
4.65909090909e-01,9.33238636364e-01,-2.71285346503e-02
4.88636363636e-01,9.33238636364e-01,-2.65195282475e-02
5.11363636364e-01,9.33238636364e-01,-2.55965490567e-02
5.34090909091e-01,9.33238636364e-01,-2.43595970780e-02
5.56818181818e-01,9.33238636364e-01,-2.31226450994e-02
5.79545454545e-01,9.33238636364e-01,-2.20019542262e-02
6.02272727273e-01,9.33238636364e-01,-2.08978720823e-02
6.25000000000e-01,9.33238636364e-01,-1.97937899385e-02
6.47727272727e-01,9.33238636364e-01,-1.84508694120e-02
6.70454545455e-01,9.33238636364e-01,-1.71079488856e-02
6.93181818182e-01,9.33238636364e-01,-1.57459508510e-02
7.15909090909e-01,9.33238636364e-01,-1.42504102585e-02
7.38636363636e-01,9.33238636364e-01,-1.27548696661e-02
7.61363636364e-01,9.33238636364e-01,-1.13148772475e-02
7.84090909091e-01,9.33238636364e-01,-9.93043300287e-03
8.06818181818e-01,9.33238636364e-01,-8.54598875821e-03
8.29545454545e-01,9.33238636364e-01,-7.27644332521e-03
8.52272727273e-01,9.33238636364e-01,-6.02331200816e-03
8.75000000000e-01,9.33238636364e-01,-4.77018069112e-03
8.97727272727e-01,9.33238636364e-01,-3.86689826529e-03
9.20454545455e-01,9.33238636364e-01,-2.96361583946e-03
9.43181818182e-01,9.33238636364e-01,-2.08614288984e-03
9.65909090909e-01,9.33238636364e-01,-1.25168573390e-03
9.88636363636e-01,9.33238636364e-01,-4.17228577968e-04
1.13636363636e-02,9.53125000000e-01,-1.56584789937e-03
3.40909090909e-02,9.53125000000e-01,-4.69754369812e-03
5.68181818182e-02,9.53125000000e-01,-7.82923949686e-03
7.95454545455e-02,9.53125000000e-01,-1.09609352956e-02
1.02272727273e-01,9.53125000000e-01,-1.42260440836e-02
1.25000000000e-01,9.53125000000e-01,-1.77135078538e-02
1.47727272727e-01,9.53125000000e-01,-1.94672472782e-02
1.70454545455e-01,9.53125000000e-01,-2.11132698237e-02
1.93181818182e-01,9.53125000000e-01,-2.26946622419e-02
2.15909090909e-01,9.53125000000e-01,-2.42760546600e-02
2.38636363636e-01,9.53125000000e-01,-2.58574470782e-02
2.61363636364e-01,9.53125000000e-01,-2.68421545122e-02
2.84090909091e-01,9.53125000000e-01,-2.72264727751e-02
3.06818181818e-01,9.53125000000e-01,-2.75848617299e-02
3.29545454545e-01,9.53125000000e-01,-2.79432506847e-02
3.52272727273e-01,9.53125000000e-01,-2.83016396395e-02
3.75000000000e-01,9.53125000000e-01,-2.86600285943e-02
3.97727272727e-01,9.53125000000e-01,-2.81231425658e-02
4.20454545455e-01,9.53125000000e-01,-2.75862565374e-02
4.43181818182e-01,9.53125000000e-01,-2.70493705090e-02
4.65909090909e-01,9.53125000000e-01,-2.65124844806e-02
4.88636363636e-01,9.53125000000e-01,-2.59124931245e-02
5.11363636364e-01,9.53125000000e-01,-2.49895139338e-02
5.34090909091e-01,9.53125000000e-01,-2.37691706845e-02
5.56818181818e-01,9.53125000000e-01,-2.26650885406e-02
5.79545454545e-01,9.53125000000e-01,-2.15610063968e-02
6.02272727273e-01,9.53125000000e-01,-2.04569242529e-02
6.25000000000e-01,9.53125000000e-01,-1.93528421091e-02
6.47727272727e-01,9.53125000000e-01,-1.80099215826e-02
6.70454545455e-01,9.53125000000e-01,-1.66670010562e-02
6.93181818182e-01,9.53125000000e-01,-1.53240805298e-02
7.15909090909e-01,9.53125000000e-01,-1.39811600034e-02
7.38636363636e-01,9.53125000000e-01,-1.25046969192e-02
7.61363636364e-01,9.53125000000e-01,-1.10647045006e-02
7.84090909091e-01,9.53125000000e-01,-9.69667437193e-03
8.06818181818e-01,9.53125000000e-01,-8.44354305489e-03
8.29545454545e-01,9.53125000000e-01,-7.19041173784e-03
8.52272727273e-01,9.53125000000e-01,-5.93728042080e-03
8.75000000000e-01,9.53125000000e-01,-4.68414910375e-03
8.97727272727e-01,9.53125000000e-01,-3.78086667792e-03
9.20454545455e-01,9.53125000000e-01,-2.92060004578e-03
9.43181818182e-01,9.53125000000e-01,-2.08614288984e-03
9.65909090909e-01,9.53125000000e-01,-1.25168573390e-03
9.88636363636e-01,9.53125000000e-01,-4.17228577968e-04
1.13636363636e-02,9.73011363636e-01,-1.56584789937e-03
3.40909090909e-02,9.73011363636e-01,-4.69754369812e-03
5.68181818182e-02,9.73011363636e-01,-7.82923949686e-03
7.95454545455e-02,9.73011363636e-01,-1.09609352956e-02
1.02272727273e-01,9.73011363636e-01,-1.40926310944e-02
1.25000000000e-01,9.73011363636e-01,-1.72687978895e-02
1.47727272727e-01,9.73011363636e-01,-1.88717336835e-02
1.70454545455e-01,9.73011363636e-01,-2.04531261016e-02
1.93181818182e-01,9.73011363636e-01,-2.20345185197e-02
2.15909090909e-01,9.73011363636e-01,-2.36159109379e-02
2.38636363636e-01,9.73011363636e-01,-2.51973033560e-02
2.61363636364e-01,9.73011363636e-01,-2.61708982294e-02
2.84090909091e-01,9.73011363636e-01,-2.65292871842e-02
3.06818181818e-01,9.73011363636e-01,-2.68876761390e-02
3.29545454545e-01,9.73011363636e-01,-2.72460650937e-02
3.52272727273e-01,9.73011363636e-01,-2.76044540485e-02
3.75000000000e-01,9.73011363636e-01,-2.79628430033e-02
3.97727272727e-01,9.73011363636e-01,-2.74259569749e-02
4.20454545455e-01,9.73011363636e-01,-2.68890709465e-02
4.43181818182e-01,9.73011363636e-01,-2.63521849180e-02
4.65909090909e-01,9.73011363636e-01,-2.58152988896e-02
4.88636363636e-01,9.73011363636e-01,-2.52784128612e-02
5.11363636364e-01,9.73011363636e-01,-2.44323049989e-02
5.34090909091e-01,9.73011363636e-01,-2.33282228551e-02
5.56818181818e-01,9.73011363636e-01,-2.22241407112e-02
5.79545454545e-01,9.73011363636e-01,-2.11200585673e-02
6.02272727273e-01,9.73011363636e-01,-2.00159764235e-02
6.25000000000e-01,9.73011363636e-01,-1.89118942796e-02
6.47727272727e-01,9.73011363636e-01,-1.75689737532e-02
6.70454545455e-01,9.73011363636e-01,-1.62260532268e-02
6.93181818182e-01,9.73011363636e-01,-1.48831327004e-02
7.15909090909e-01,9.73011363636e-01,-1.35402121740e-02
7.38636363636e-01,9.73011363636e-01,-1.21972916476e-02
7.61363636364e-01,9.73011363636e-01,-1.08637741016e-02
7.84090909091e-01,9.73011363636e-01,-9.61064278457e-03
8.06818181818e-01,9.73011363636e-01,-8.35751146752e-03
8.29545454545e-01,9.73011363636e-01,-7.10438015048e-03
8.52272727273e-01,9.73011363636e-01,-5.85124883343e-03
8.75000000000e-01,9.73011363636e-01,-4.59811751639e-03
8.97727272727e-01,9.73011363636e-01,-3.75505720171e-03
9.20454545455e-01,9.73011363636e-01,-2.92060004578e-03
9.43181818182e-01,9.73011363636e-01,-2.08614288984e-03
9.65909090909e-01,9.73011363636e-01,-1.25168573390e-03
9.88636363636e-01,9.73011363636e-01,-4.17228577968e-04
1.13636363636e-02,9.92897727273e-01,-1.56584789937e-03
3.40909090909e-02,9.92897727273e-01,-4.69754369812e-03
5.68181818182e-02,9.92897727273e-01,-7.82923949686e-03
7.95454545455e-02,9.92897727273e-01,-1.09609352956e-02
1.02272727273e-01,9.92897727273e-01,-1.40419260243e-02
1.25000000000e-01,9.92897727273e-01,-1.67679812622e-02
1.47727272727e-01,9.92897727273e-01,-1.81504141192e-02
1.70454545455e-01,9.92897727273e-01,-1.97069365922e-02
1.93181818182e-01,9.92897727273e-01,-2.12883290103e-02
2.15909090909e-01,9.92897727273e-01,-2.28697214285e-02
2.38636363636e-01,9.92897727273e-01,-2.44511138466e-02
2.61363636364e-01,9.92897727273e-01,-2.54022368346e-02
2.84090909091e-01,9.92897727273e-01,-2.57371661662e-02
3.06818181818e-01,9.92897727273e-01,-2.60955551210e-02
3.29545454545e-01,9.92897727273e-01,-2.64539440757e-02
3.52272727273e-01,9.92897727273e-01,-2.68123330305e-02
3.75000000000e-01,9.92897727273e-01,-2.71707219853e-02
3.97727272727e-01,9.92897727273e-01,-2.66338359569e-02
4.20454545455e-01,9.92897727273e-01,-2.60969499285e-02
4.43181818182e-01,9.92897727273e-01,-2.55600639001e-02
4.65909090909e-01,9.92897727273e-01,-2.50231778716e-02
4.88636363636e-01,9.92897727273e-01,-2.45353424201e-02
5.11363636364e-01,9.92897727273e-01,-2.38286041279e-02
5.34090909091e-01,9.92897727273e-01,-2.28176536496e-02
5.56818181818e-01,9.92897727273e-01,-2.17135715057e-02
5.79545454545e-01,9.92897727273e-01,-2.06094893618e-02
6.02272727273e-01,9.92897727273e-01,-1.95054072180e-02
6.25000000000e-01,9.92897727273e-01,-1.84013250741e-02
6.47727272727e-01,9.92897727273e-01,-1.70584045477e-02
6.70454545455e-01,9.92897727273e-01,-1.57154840213e-02
6.93181818182e-01,9.92897727273e-01,-1.43725634949e-02
7.15909090909e-01,9.92897727273e-01,-1.30296429685e-02
7.38636363636e-01,9.92897727273e-01,-1.17954809093e-02
7.61363636364e-01,9.92897727273e-01,-1.06611788540e-02
7.84090909091e-01,9.92897727273e-01,-9.50394390283e-03
8.06818181818e-01,9.92897727273e-01,-8.25081258578e-03
8.29545454545e-01,9.92897727273e-01,-6.99768126874e-03
8.52272727273e-01,9.92897727273e-01,-5.74454995169e-03
8.75000000000e-01,9.92897727273e-01,-4.49141863464e-03
8.97727272727e-01,9.92897727273e-01,-3.65696147871e-03
9.20454545455e-01,9.92897727273e-01,-2.82250432277e-03
9.43181818182e-01,9.92897727273e-01,-1.98804716684e-03
9.65909090909e-01,9.92897727273e-01,-1.15359001090e-03
9.88636363636e-01,9.92897727273e-01,-3.73630478855e-04
1.13636363636e-02,1.01278409091e+00,-1.56584789937e-03
3.40909090909e-02,1.01278409091e+00,-4.69754369812e-03
5.68181818182e-02,1.01278409091e+00,-7.82923949686e-03
7.95454545455e-02,1.01278409091e+00,-1.08088200853e-02
1.02272727273e-01,1.01278409091e+00,-1.35348753232e-02
1.25000000000e-01,1.01278409091e+00,-1.62609305612e-02
1.47727272727e-01,1.01278409091e+00,-1.76433634182e-02
1.70454545455e-01,1.01278409091e+00,-1.90257962752e-02
1.93181818182e-01,1.01278409091e+00,-2.05325788579e-02
2.15909090909e-01,1.01278409091e+00,-2.21139712761e-02
2.38636363636e-01,1.01278409091e+00,-2.36953636942e-02
2.61363636364e-01,1.01278409091e+00,-2.46464866821e-02
2.84090909091e-01,1.01278409091e+00,-2.49673402398e-02
3.06818181818e-01,1.01278409091e+00,-2.52928857222e-02
3.29545454545e-01,1.01278409091e+00,-2.56512746770e-02
3.52272727273e-01,1.01278409091e+00,-2.60096636318e-02
3.75000000000e-01,1.01278409091e+00,-2.63680525865e-02
3.97727272727e-01,1.01278409091e+00,-2.58311665581e-02
4.20454545455e-01,1.01278409091e+00,-2.52942805297e-02
4.43181818182e-01,1.01278409091e+00,-2.47573945013e-02
4.65909090909e-01,1.01278409091e+00,-2.42891792805e-02
4.88636363636e-01,1.01278409091e+00,-2.38307741750e-02
5.11363636364e-01,1.01278409091e+00,-2.31240358828e-02
5.34090909091e-01,1.01278409091e+00,-2.21689644038e-02
5.56818181818e-01,1.01278409091e+00,-2.11952665918e-02
5.79545454545e-01,1.01278409091e+00,-2.00911844479e-02
6.02272727273e-01,1.01278409091e+00,-1.89871023040e-02
6.25000000000e-01,1.01278409091e+00,-1.78830201602e-02
6.47727272727e-01,1.01278409091e+00,-1.65400996338e-02
6.70454545455e-01,1.01278409091e+00,-1.51971791074e-02
6.93181818182e-01,1.01278409091e+00,-1.38542585809e-02
7.15909090909e-01,1.01278409091e+00,-1.26635999086e-02
7.38636363636e-01,1.01278409091e+00,-1.14946929297e-02
7.61363636364e-01,1.01278409091e+00,-1.03603908745e-02
7.84090909091e-01,1.01278409091e+00,-9.26069374283e-03
8.06818181818e-01,1.01278409091e+00,-8.14181733800e-03
8.29545454545e-01,1.01278409091e+00,-6.88868602095e-03
8.52272727273e-01,1.01278409091e+00,-5.63555470391e-03
8.75000000000e-01,1.01278409091e+00,-4.38242338686e-03
8.97727272727e-01,1.01278409091e+00,-3.54796623092e-03
9.20454545455e-01,1.01278409091e+00,-2.71350907499e-03
9.43181818182e-01,1.01278409091e+00,-1.87905191905e-03
9.65909090909e-01,1.01278409091e+00,-1.12089143656e-03
9.88636363636e-01,1.01278409091e+00,-3.73630478855e-04
1.13636363636e-02,1.03267045455e+00,-1.56584789937e-03
3.40909090909e-02,1.03267045455e+00,-4.69754369812e-03
5.68181818182e-02,1.03267045455e+00,-7.57571414635e-03
7.95454545455e-02,1.03267045455e+00,-1.03017693843e-02
1.02272727273e-01,1.03267045455e+00,-1.30278246222e-02
1.25000000000e-01,1.03267045455e+00,-1.57538798601e-02
1.47727272727e-01,1.03267045455e+00,-1.71363127172e-02
1.70454545455e-01,1.03267045455e+00,-1.85187455742e-02
1.93181818182e-01,1.03267045455e+00,-1.99011784312e-02
2.15909090909e-01,1.03267045455e+00,-2.13582211236e-02
2.38636363636e-01,1.03267045455e+00,-2.29396135418e-02
2.61363636364e-01,1.03267045455e+00,-2.38907365297e-02
2.84090909091e-01,1.03267045455e+00,-2.42115900874e-02
3.06818181818e-01,1.03267045455e+00,-2.45324436451e-02
3.29545454545e-01,1.03267045455e+00,-2.48532972028e-02
3.52272727273e-01,1.03267045455e+00,-2.52069942330e-02
3.75000000000e-01,1.03267045455e+00,-2.55653831878e-02
3.97727272727e-01,1.03267045455e+00,-2.50284971593e-02
4.20454545455e-01,1.03267045455e+00,-2.45014212463e-02
4.43181818182e-01,1.03267045455e+00,-2.40430161408e-02
4.65909090909e-01,1.03267045455e+00,-2.35846110354e-02
4.88636363636e-01,1.03267045455e+00,-2.31262059299e-02
5.11363636364e-01,1.03267045455e+00,-2.24194676377e-02
5.34090909091e-01,1.03267045455e+00,-2.14643961588e-02
5.56818181818e-01,1.03267045455e+00,-2.05093246798e-02
5.79545454545e-01,1.03267045455e+00,-1.95542532008e-02
6.02272727273e-01,1.03267045455e+00,-1.84687973901e-02
6.25000000000e-01,1.03267045455e+00,-1.73647152462e-02
6.47727272727e-01,1.03267045455e+00,-1.60217947198e-02
6.70454545455e-01,1.03267045455e+00,-1.47006258868e-02
6.93181818182e-01,1.03267045455e+00,-1.35317189080e-02
7.15909090909e-01,1.03267045455e+00,-1.23628119291e-02
7.38636363636e-01,1.03267045455e+00,-1.11939049502e-02
7.61363636364e-01,1.03267045455e+00,-1.00596028950e-02
7.84090909091e-01,1.03267045455e+00,-8.95990576330e-03
8.06818181818e-01,1.03267045455e+00,-7.86020863165e-03
8.29545454545e-01,1.03267045455e+00,-6.76051149999e-03
8.52272727273e-01,1.03267045455e+00,-5.52655945612e-03
8.75000000000e-01,1.03267045455e+00,-4.27342813908e-03
8.97727272727e-01,1.03267045455e+00,-3.43897098314e-03
9.20454545455e-01,1.03267045455e+00,-2.61541335198e-03
9.43181818182e-01,1.03267045455e+00,-1.86815239427e-03
9.65909090909e-01,1.03267045455e+00,-1.12089143656e-03
9.88636363636e-01,1.03267045455e+00,-3.73630478855e-04
1.13636363636e-02,1.05255681818e+00,-1.56584789937e-03
3.40909090909e-02,1.05255681818e+00,-4.34260820740e-03
5.68181818182e-02,1.05255681818e+00,-7.06866344533e-03
7.95454545455e-02,1.05255681818e+00,-9.79471868326e-03
1.02272727273e-01,1.05255681818e+00,-1.25207739212e-02
1.25000000000e-01,1.05255681818e+00,-1.52468291591e-02
1.47727272727e-01,1.05255681818e+00,-1.66292620161e-02
1.70454545455e-01,1.05255681818e+00,-1.80116948731e-02
1.93181818182e-01,1.05255681818e+00,-1.93941277302e-02
2.15909090909e-01,1.05255681818e+00,-2.07765605872e-02
2.38636363636e-01,1.05255681818e+00,-2.21838633893e-02
2.61363636364e-01,1.05255681818e+00,-2.31349863773e-02
2.84090909091e-01,1.05255681818e+00,-2.34558399350e-02
3.06818181818e-01,1.05255681818e+00,-2.37766934927e-02
3.29545454545e-01,1.05255681818e+00,-2.40975470504e-02
3.52272727273e-01,1.05255681818e+00,-2.44184006081e-02
3.75000000000e-01,1.05255681818e+00,-2.47627137890e-02
3.97727272727e-01,1.05255681818e+00,-2.42552581067e-02
4.20454545455e-01,1.05255681818e+00,-2.37968530012e-02
4.43181818182e-01,1.05255681818e+00,-2.33384478958e-02
4.65909090909e-01,1.05255681818e+00,-2.28800427903e-02
4.88636363636e-01,1.05255681818e+00,-2.24216376849e-02
5.11363636364e-01,1.05255681818e+00,-2.17148993927e-02
5.34090909091e-01,1.05255681818e+00,-2.07598279137e-02
5.56818181818e-01,1.05255681818e+00,-1.98047564347e-02
5.79545454545e-01,1.05255681818e+00,-1.88496849558e-02
6.02272727273e-01,1.05255681818e+00,-1.78946134768e-02
6.25000000000e-01,1.05255681818e+00,-1.68464103323e-02
6.47727272727e-01,1.05255681818e+00,-1.55687448862e-02
6.70454545455e-01,1.05255681818e+00,-1.43998379073e-02
6.93181818182e-01,1.05255681818e+00,-1.32309309284e-02
7.15909090909e-01,1.05255681818e+00,-1.20620239496e-02
7.38636363636e-01,1.05255681818e+00,-1.08931169707e-02
7.61363636364e-01,1.05255681818e+00,-9.75881491543e-03
7.84090909091e-01,1.05255681818e+00,-8.65911778378e-03
8.06818181818e-01,1.05255681818e+00,-7.55942065213e-03
8.29545454545e-01,1.05255681818e+00,-6.45972352047e-03
8.52272727273e-01,1.05255681818e+00,-5.36002638882e-03
8.75000000000e-01,1.05255681818e+00,-4.16443289129e-03
8.97727272727e-01,1.05255681818e+00,-3.36267430969e-03
9.20454545455e-01,1.05255681818e+00,-2.61541335198e-03
9.43181818182e-01,1.05255681818e+00,-1.86815239427e-03
9.65909090909e-01,1.05255681818e+00,-1.12089143656e-03
9.88636363636e-01,1.05255681818e+00,-3.73630478855e-04
1.13636363636e-02,1.07244318182e+00,-1.13596324635e-03
3.40909090909e-02,1.07244318182e+00,-3.80525239113e-03
5.68181818182e-02,1.07244318182e+00,-6.53130762906e-03
7.95454545455e-02,1.07244318182e+00,-9.25736286698e-03
1.02272727273e-01,1.07244318182e+00,-1.19834181049e-02
1.25000000000e-01,1.07244318182e+00,-1.47094733428e-02
1.47727272727e-01,1.07244318182e+00,-1.60919061999e-02
1.70454545455e-01,1.07244318182e+00,-1.74743390569e-02
1.93181818182e-01,1.07244318182e+00,-1.88567719139e-02
2.15909090909e-01,1.07244318182e+00,-2.02392047709e-02
2.38636363636e-01,1.07244318182e+00,-2.15934805149e-02
2.61363636364e-01,1.07244318182e+00,-2.23324952704e-02
2.84090909091e-01,1.07244318182e+00,-2.26533488281e-02
3.06818181818e-01,1.07244318182e+00,-2.29742023858e-02
3.29545454545e-01,1.07244318182e+00,-2.32950559435e-02
3.52272727273e-01,1.07244318182e+00,-2.36159095012e-02
3.75000000000e-01,1.07244318182e+00,-2.39081094421e-02
3.97727272727e-01,1.07244318182e+00,-2.35022104835e-02
4.20454545455e-01,1.07244318182e+00,-2.30438053781e-02
4.43181818182e-01,1.07244318182e+00,-2.25854002726e-02
4.65909090909e-01,1.07244318182e+00,-2.21269951672e-02
4.88636363636e-01,1.07244318182e+00,-2.16685900617e-02
5.11363636364e-01,1.07244318182e+00,-2.09618517695e-02
5.34090909091e-01,1.07244318182e+00,-2.00067802905e-02
5.56818181818e-01,1.07244318182e+00,-1.90517088116e-02
5.79545454545e-01,1.07244318182e+00,-1.80966373326e-02
6.02272727273e-01,1.07244318182e+00,-1.71415658536e-02
6.25000000000e-01,1.07244318182e+00,-1.62891421297e-02
6.47727272727e-01,1.07244318182e+00,-1.52419729765e-02
6.70454545455e-01,1.07244318182e+00,-1.40730659976e-02
6.93181818182e-01,1.07244318182e+00,-1.29041590187e-02
7.15909090909e-01,1.07244318182e+00,-1.17352520398e-02
7.38636363636e-01,1.07244318182e+00,-1.05663450610e-02
7.61363636364e-01,1.07244318182e+00,-9.43204300571e-03
7.84090909091e-01,1.07244318182e+00,-8.33234587406e-03
8.06818181818e-01,1.07244318182e+00,-7.23264874240e-03
8.29545454545e-01,1.07244318182e+00,-6.13295161075e-03
8.52272727273e-01,1.07244318182e+00,-5.03325447909e-03
8.75000000000e-01,1.07244318182e+00,-4.04330143651e-03
8.97727272727e-01,1.07244318182e+00,-3.36267430969e-03
9.20454545455e-01,1.07244318182e+00,-2.61541335198e-03
9.43181818182e-01,1.07244318182e+00,-1.86815239427e-03
9.65909090909e-01,1.07244318182e+00,-1.12089143656e-03
9.88636363636e-01,1.07244318182e+00,-3.73630478855e-04
1.13636363636e-02,1.09232954545e+00,-1.13596324635e-03
3.40909090909e-02,1.09232954545e+00,-3.40788973906e-03
5.68181818182e-02,1.09232954545e+00,-5.96364669753e-03
7.95454545455e-02,1.09232954545e+00,-8.68970193546e-03
1.02272727273e-01,1.09232954545e+00,-1.14157571734e-02
1.25000000000e-01,1.09232954545e+00,-1.41418124113e-02
1.47727272727e-01,1.09232954545e+00,-1.55242452683e-02
1.70454545455e-01,1.09232954545e+00,-1.69066781254e-02
1.93181818182e-01,1.09232954545e+00,-1.82891109824e-02
2.15909090909e-01,1.09232954545e+00,-1.95870725004e-02
2.38636363636e-01,1.09232954545e+00,-2.07442484535e-02
2.61363636364e-01,1.09232954545e+00,-2.14832632089e-02
2.84090909091e-01,1.09232954545e+00,-2.18041167667e-02
3.06818181818e-01,1.09232954545e+00,-2.21249703244e-02
3.29545454545e-01,1.09232954545e+00,-2.24458238821e-02
3.52272727273e-01,1.09232954545e+00,-2.27265623763e-02
3.75000000000e-01,1.09232954545e+00,-2.30015701472e-02
3.97727272727e-01,1.09232954545e+00,-2.26271748767e-02
4.20454545455e-01,1.09232954545e+00,-2.22422783768e-02
4.43181818182e-01,1.09232954545e+00,-2.17838732714e-02
4.65909090909e-01,1.09232954545e+00,-2.13254681659e-02
4.88636363636e-01,1.09232954545e+00,-2.08670630605e-02
5.11363636364e-01,1.09232954545e+00,-2.01603247683e-02
5.34090909091e-01,1.09232954545e+00,-1.92052532893e-02
5.56818181818e-01,1.09232954545e+00,-1.82501818104e-02
5.79545454545e-01,1.09232954545e+00,-1.72951103314e-02
6.02272727273e-01,1.09232954545e+00,-1.64837457094e-02
6.25000000000e-01,1.09232954545e+00,-1.56929106384e-02
6.47727272727e-01,1.09232954545e+00,-1.47187841806e-02
6.70454545455e-01,1.09232954545e+00,-1.37203101577e-02
6.93181818182e-01,1.09232954545e+00,-1.25514031788e-02
7.15909090909e-01,1.09232954545e+00,-1.13824961999e-02
7.38636363636e-01,1.09232954545e+00,-1.02135892211e-02
7.61363636364e-01,1.09232954545e+00,-9.07928716579e-03
7.84090909091e-01,1.09232954545e+00,-7.97959003413e-03
8.06818181818e-01,1.09232954545e+00,-6.87989290248e-03
8.29545454545e-01,1.09232954545e+00,-5.78019577082e-03
8.52272727273e-01,1.09232954545e+00,-4.83414036387e-03
8.75000000000e-01,1.09232954545e+00,-3.91003377473e-03
8.97727272727e-01,1.09232954545e+00,-3.26938694645e-03
9.20454545455e-01,1.09232954545e+00,-2.61541335198e-03
9.43181818182e-01,1.09232954545e+00,-1.86815239427e-03
9.65909090909e-01,1.09232954545e+00,-1.12089143656e-03
9.88636363636e-01,1.09232954545e+00,-3.73630478855e-04
1.13636363636e-02,1.11221590909e+00,-1.13596324635e-03
3.40909090909e-02,1.11221590909e+00,-3.40788973906e-03
5.68181818182e-02,1.11221590909e+00,-5.67981623177e-03
7.95454545455e-02,1.11221590909e+00,-8.12204100394e-03
1.02272727273e-01,1.11221590909e+00,-1.08480962419e-02
1.25000000000e-01,1.11221590909e+00,-1.35741514798e-02
1.47727272727e-01,1.11221590909e+00,-1.49565843368e-02
1.70454545455e-01,1.11221590909e+00,-1.63390171938e-02
1.93181818182e-01,1.11221590909e+00,-1.75806644859e-02
2.15909090909e-01,1.11221590909e+00,-1.87378404390e-02
2.38636363636e-01,1.11221590909e+00,-1.98950163921e-02
2.61363636364e-01,1.11221590909e+00,-2.06340311475e-02
2.84090909091e-01,1.11221590909e+00,-2.09548847052e-02
3.06818181818e-01,1.11221590909e+00,-2.12700075396e-02
3.29545454545e-01,1.11221590909e+00,-2.15450153105e-02
3.52272727273e-01,1.11221590909e+00,-2.18200230814e-02
3.75000000000e-01,1.11221590909e+00,-2.20950308523e-02
3.97727272727e-01,1.11221590909e+00,-2.17206355818e-02
4.20454545455e-01,1.11221590909e+00,-2.13462403113e-02
4.43181818182e-01,1.11221590909e+00,-2.09718450408e-02
4.65909090909e-01,1.11221590909e+00,-2.05239411647e-02
4.88636363636e-01,1.11221590909e+00,-2.00655360593e-02
5.11363636364e-01,1.11221590909e+00,-1.93587977670e-02
5.34090909091e-01,1.11221590909e+00,-1.84037262881e-02
5.56818181818e-01,1.11221590909e+00,-1.74691843601e-02
5.79545454545e-01,1.11221590909e+00,-1.66783492891e-02
6.02272727273e-01,1.11221590909e+00,-1.58875142181e-02
6.25000000000e-01,1.11221590909e+00,-1.50966791471e-02
6.47727272727e-01,1.11221590909e+00,-1.41225526893e-02
6.70454545455e-01,1.11221590909e+00,-1.31484262315e-02
6.93181818182e-01,1.11221590909e+00,-1.21742997737e-02
7.15909090909e-01,1.11221590909e+00,-1.10297403600e-02
7.38636363636e-01,1.11221590909e+00,-9.86083338113e-03
7.61363636364e-01,1.11221590909e+00,-8.72653132587e-03
7.84090909091e-01,1.11221590909e+00,-7.62683419421e-03
8.06818181818e-01,1.11221590909e+00,-6.54908588037e-03
8.29545454545e-01,1.11221590909e+00,-5.62497929123e-03
8.52272727273e-01,1.11221590909e+00,-4.70087270209e-03
8.75000000000e-01,1.11221590909e+00,-3.77676611295e-03
8.97727272727e-01,1.11221590909e+00,-3.13611928467e-03
9.20454545455e-01,1.11221590909e+00,-2.49547245638e-03
9.43181818182e-01,1.11221590909e+00,-1.85482562809e-03
9.65909090909e-01,1.11221590909e+00,-1.12089143656e-03
9.88636363636e-01,1.11221590909e+00,-3.73630478855e-04
1.13636363636e-02,1.13210227273e+00,-1.13596324635e-03
3.40909090909e-02,1.13210227273e+00,-3.40788973906e-03
5.68181818182e-02,1.13210227273e+00,-5.67981623177e-03
7.95454545455e-02,1.13210227273e+00,-7.95174272448e-03
1.02272727273e-01,1.13210227273e+00,-1.02804353103e-02
1.25000000000e-01,1.13210227273e+00,-1.30064905483e-02
1.47727272727e-01,1.13210227273e+00,-1.43889234053e-02
1.70454545455e-01,1.13210227273e+00,-1.55742564714e-02
1.93181818182e-01,1.13210227273e+00,-1.67314324245e-02
2.15909090909e-01,1.13210227273e+00,-1.78886083776e-02
2.38636363636e-01,1.13210227273e+00,-1.90457843307e-02
2.61363636364e-01,1.13210227273e+00,-1.97847990861e-02
2.84090909091e-01,1.13210227273e+00,-2.00884604738e-02
3.06818181818e-01,1.13210227273e+00,-2.03634682447e-02
3.29545454545e-01,1.13210227273e+00,-2.06384760156e-02
3.52272727273e-01,1.13210227273e+00,-2.09134837864e-02
3.75000000000e-01,1.13210227273e+00,-2.11884915573e-02
3.97727272727e-01,1.13210227273e+00,-2.08140962868e-02
4.20454545455e-01,1.13210227273e+00,-2.04397010164e-02
4.43181818182e-01,1.13210227273e+00,-2.00653057459e-02
4.65909090909e-01,1.13210227273e+00,-1.96909104754e-02
4.88636363636e-01,1.13210227273e+00,-1.92640090580e-02
5.11363636364e-01,1.13210227273e+00,-1.85572707658e-02
5.34090909091e-01,1.13210227273e+00,-1.76637879398e-02
5.56818181818e-01,1.13210227273e+00,-1.68729528688e-02
5.79545454545e-01,1.13210227273e+00,-1.60821177978e-02
6.02272727273e-01,1.13210227273e+00,-1.52912827268e-02
6.25000000000e-01,1.13210227273e+00,-1.45004476558e-02
6.47727272727e-01,1.13210227273e+00,-1.35263211980e-02
6.70454545455e-01,1.13210227273e+00,-1.25521947402e-02
6.93181818182e-01,1.13210227273e+00,-1.15780682824e-02
7.15909090909e-01,1.13210227273e+00,-1.06039418247e-02
7.38636363636e-01,1.13210227273e+00,-9.50807754121e-03
7.61363636364e-01,1.13210227273e+00,-8.37377548594e-03
7.84090909091e-01,1.13210227273e+00,-7.33992480773e-03
8.06818181818e-01,1.13210227273e+00,-6.41581821859e-03
8.29545454545e-01,1.13210227273e+00,-5.49171162945e-03
8.52272727273e-01,1.13210227273e+00,-4.56760504031e-03
8.75000000000e-01,1.13210227273e+00,-3.64349845117e-03
8.97727272727e-01,1.13210227273e+00,-3.00285162289e-03
9.20454545455e-01,1.13210227273e+00,-2.36220479460e-03
9.43181818182e-01,1.13210227273e+00,-1.72155796632e-03
9.65909090909e-01,1.13210227273e+00,-1.08091113803e-03
9.88636363636e-01,1.13210227273e+00,-3.73630478855e-04
1.13636363636e-02,1.15198863636e+00,-1.13596324635e-03
3.40909090909e-02,1.15198863636e+00,-3.40788973906e-03
5.68181818182e-02,1.15198863636e+00,-5.67981623177e-03
7.95454545455e-02,1.15198863636e+00,-7.95174272448e-03
1.02272727273e-01,1.15198863636e+00,-1.02236692172e-02
1.25000000000e-01,1.15198863636e+00,-1.24329499171e-02
1.47727272727e-01,1.15198863636e+00,-1.35587229088e-02
1.70454545455e-01,1.15198863636e+00,-1.47158988619e-02
1.93181818182e-01,1.15198863636e+00,-1.58730748150e-02
2.15909090909e-01,1.15198863636e+00,-1.70302507681e-02
2.38636363636e-01,1.15198863636e+00,-1.81874267212e-02
2.61363636364e-01,1.15198863636e+00,-1.89035185832e-02
2.84090909091e-01,1.15198863636e+00,-1.91785263541e-02
3.06818181818e-01,1.15198863636e+00,-1.94535341250e-02
3.29545454545e-01,1.15198863636e+00,-1.97285418959e-02
3.52272727273e-01,1.15198863636e+00,-2.00035496668e-02
3.75000000000e-01,1.15198863636e+00,-2.02717347248e-02
3.97727272727e-01,1.15198863636e+00,-1.99084264017e-02
4.20454545455e-01,1.15198863636e+00,-1.95340311312e-02
4.43181818182e-01,1.15198863636e+00,-1.91596358607e-02
4.65909090909e-01,1.15198863636e+00,-1.87852405902e-02
4.88636363636e-01,1.15198863636e+00,-1.84108453197e-02
5.11363636364e-01,1.15198863636e+00,-1.78282301490e-02
5.34090909091e-01,1.15198863636e+00,-1.70373950779e-02
5.56818181818e-01,1.15198863636e+00,-1.62465600069e-02
5.79545454545e-01,1.15198863636e+00,-1.54557249359e-02
6.02272727273e-01,1.15198863636e+00,-1.46648898649e-02
6.25000000000e-01,1.15198863636e+00,-1.38963731101e-02
6.47727272727e-01,1.15198863636e+00,-1.29491114726e-02
6.70454545455e-01,1.15198863636e+00,-1.19749850149e-02
6.93181818182e-01,1.15198863636e+00,-1.10008585571e-02
7.15909090909e-01,1.15198863636e+00,-1.00267320993e-02
7.38636363636e-01,1.15198863636e+00,-9.05260564155e-03
7.61363636364e-01,1.15198863636e+00,-8.12820974337e-03
7.84090909091e-01,1.15198863636e+00,-7.20410315423e-03
8.06818181818e-01,1.15198863636e+00,-6.27999656509e-03
8.29545454545e-01,1.15198863636e+00,-5.35588997595e-03
8.52272727273e-01,1.15198863636e+00,-4.43178338681e-03
8.75000000000e-01,1.15198863636e+00,-3.50767679767e-03
8.97727272727e-01,1.15198863636e+00,-2.86702996939e-03
9.20454545455e-01,1.15198863636e+00,-2.22638314110e-03
9.43181818182e-01,1.15198863636e+00,-1.58573631281e-03
9.65909090909e-01,1.15198863636e+00,-9.45089484529e-04
9.88636363636e-01,1.15198863636e+00,-3.04442656244e-04
1.13636363636e-02,1.17187500000e+00,-1.13596324635e-03
3.40909090909e-02,1.17187500000e+00,-3.40788973906e-03
5.68181818182e-02,1.17187500000e+00,-5.67981623177e-03
7.95454545455e-02,1.17187500000e+00,-7.95174272448e-03
1.02272727273e-01,1.17187500000e+00,-1.00357318388e-02
1.25000000000e-01,1.17187500000e+00,-1.18064919893e-02
1.47727272727e-01,1.17187500000e+00,-1.27124442508e-02
1.70454545455e-01,1.17187500000e+00,-1.37754113196e-02
1.93181818182e-01,1.17187500000e+00,-1.49325872727e-02
2.15909090909e-01,1.17187500000e+00,-1.60897632258e-02
2.38636363636e-01,1.17187500000e+00,-1.72469391789e-02
2.61363636364e-01,1.17187500000e+00,-1.79630310409e-02
2.84090909091e-01,1.17187500000e+00,-1.82380388118e-02
3.06818181818e-01,1.17187500000e+00,-1.85130465827e-02
3.29545454545e-01,1.17187500000e+00,-1.87880543536e-02
3.52272727273e-01,1.17187500000e+00,-1.90425939859e-02
3.75000000000e-01,1.17187500000e+00,-1.92630200539e-02
3.97727272727e-01,1.17187500000e+00,-1.89773203623e-02
4.20454545455e-01,1.17187500000e+00,-1.86361859339e-02
4.43181818182e-01,1.17187500000e+00,-1.82617906634e-02
4.65909090909e-01,1.17187500000e+00,-1.78873953929e-02
4.88636363636e-01,1.17187500000e+00,-1.75130001224e-02
5.11363636364e-01,1.17187500000e+00,-1.69303849517e-02
5.34090909091e-01,1.17187500000e+00,-1.61395498807e-02
5.56818181818e-01,1.17187500000e+00,-1.53487148097e-02
5.79545454545e-01,1.17187500000e+00,-1.45578797386e-02
6.02272727273e-01,1.17187500000e+00,-1.38339996163e-02
6.25000000000e-01,1.17187500000e+00,-1.32217110752e-02
6.47727272727e-01,1.17187500000e+00,-1.24625031799e-02
6.70454545455e-01,1.17187500000e+00,-1.15689711831e-02
6.93181818182e-01,1.17187500000e+00,-1.05948447253e-02
7.15909090909e-01,1.17187500000e+00,-9.62071826753e-03
7.38636363636e-01,1.17187500000e+00,-8.64659180976e-03
7.61363636364e-01,1.17187500000e+00,-7.79635778742e-03
7.84090909091e-01,1.17187500000e+00,-7.04529557524e-03
8.06818181818e-01,1.17187500000e+00,-6.12118898610e-03
8.29545454545e-01,1.17187500000e+00,-5.19708239696e-03
8.52272727273e-01,1.17187500000e+00,-4.27297580782e-03
8.75000000000e-01,1.17187500000e+00,-3.34886921868e-03
8.97727272727e-01,1.17187500000e+00,-2.70822239040e-03
9.20454545455e-01,1.17187500000e+00,-2.06757556211e-03
9.43181818182e-01,1.17187500000e+00,-1.42692873383e-03
9.65909090909e-01,1.17187500000e+00,-7.86281905541e-04
9.88636363636e-01,1.17187500000e+00,-2.56800382547e-04
1.13636363636e-02,1.19176136364e+00,-1.13596324635e-03
3.40909090909e-02,1.19176136364e+00,-3.40788973906e-03
5.68181818182e-02,1.19176136364e+00,-5.67981623177e-03
7.95454545455e-02,1.19176136364e+00,-7.63851376057e-03
1.02272727273e-01,1.19176136364e+00,-9.40927391102e-03
1.25000000000e-01,1.19176136364e+00,-1.11800340615e-02
1.47727272727e-01,1.19176136364e+00,-1.20859863230e-02
1.70454545455e-01,1.19176136364e+00,-1.29919385845e-02
1.93181818182e-01,1.19176136364e+00,-1.39920997304e-02
2.15909090909e-01,1.19176136364e+00,-1.51492756835e-02
2.38636363636e-01,1.19176136364e+00,-1.63064516366e-02
2.61363636364e-01,1.19176136364e+00,-1.70225434986e-02
2.84090909091e-01,1.19176136364e+00,-1.72975512695e-02
3.06818181818e-01,1.19176136364e+00,-1.75725590404e-02
3.29545454545e-01,1.19176136364e+00,-1.78134532470e-02
3.52272727273e-01,1.19176136364e+00,-1.80338793150e-02
3.75000000000e-01,1.19176136364e+00,-1.82543053831e-02
3.97727272727e-01,1.19176136364e+00,-1.79686056915e-02
4.20454545455e-01,1.19176136364e+00,-1.76829059998e-02
4.43181818182e-01,1.19176136364e+00,-1.73639454662e-02
4.65909090909e-01,1.19176136364e+00,-1.69895501957e-02
4.88636363636e-01,1.19176136364e+00,-1.66151549252e-02
5.11363636364e-01,1.19176136364e+00,-1.60325397544e-02
5.34090909091e-01,1.19176136364e+00,-1.52417046834e-02
5.56818181818e-01,1.19176136364e+00,-1.44508696124e-02
5.79545454545e-01,1.19176136364e+00,-1.37716261225e-02
6.02272727273e-01,1.19176136364e+00,-1.31593375814e-02
6.25000000000e-01,1.19176136364e+00,-1.25470490403e-02
6.47727272727e-01,1.19176136364e+00,-1.17878411450e-02
6.70454545455e-01,1.19176136364e+00,-1.10286332497e-02
6.93181818182e-01,1.19176136364e+00,-1.01888308935e-02
7.15909090909e-01,1.19176136364e+00,-9.21470443574e-03
7.38636363636e-01,1.19176136364e+00,-8.24057797797e-03
7.61363636364e-01,1.19176136364e+00,-7.39034395563e-03
7.84090909091e-01,1.19176136364e+00,-6.66400236873e-03
8.06818181818e-01,1.19176136364e+00,-5.93766078183e-03
8.29545454545e-01,1.19176136364e+00,-5.03827481797e-03
8.52272727273e-01,1.19176136364e+00,-4.11416822883e-03
8.75000000000e-01,1.19176136364e+00,-3.19006163969e-03
8.97727272727e-01,1.19176136364e+00,-2.54941481141e-03
9.20454545455e-01,1.19176136364e+00,-1.90876798312e-03
9.43181818182e-01,1.19176136364e+00,-1.28400191274e-03
9.65909090909e-01,1.19176136364e+00,-7.70401147642e-04
9.88636363636e-01,1.19176136364e+00,-2.56800382547e-04
1.13636363636e-02,1.21164772727e+00,-1.13596324635e-03
3.40909090909e-02,1.21164772727e+00,-3.40788973906e-03
5.68181818182e-02,1.21164772727e+00,-5.24129568230e-03
7.95454545455e-02,1.21164772727e+00,-7.01205583275e-03
1.02272727273e-01,1.21164772727e+00,-8.78281598320e-03
1.25000000000e-01,1.21164772727e+00,-1.05535761336e-02
1.47727272727e-01,1.21164772727e+00,-1.14595283952e-02
1.70454545455e-01,1.21164772727e+00,-1.23654806567e-02
1.93181818182e-01,1.21164772727e+00,-1.32714329182e-02
2.15909090909e-01,1.21164772727e+00,-1.42087881412e-02
2.38636363636e-01,1.21164772727e+00,-1.53659640943e-02
2.61363636364e-01,1.21164772727e+00,-1.60820559563e-02
2.84090909091e-01,1.21164772727e+00,-1.63570637272e-02
3.06818181818e-01,1.21164772727e+00,-1.65843125081e-02
3.29545454545e-01,1.21164772727e+00,-1.68047385761e-02
3.52272727273e-01,1.21164772727e+00,-1.70251646442e-02
3.75000000000e-01,1.21164772727e+00,-1.72455907122e-02
3.97727272727e-01,1.21164772727e+00,-1.69598910206e-02
4.20454545455e-01,1.21164772727e+00,-1.66741913290e-02
4.43181818182e-01,1.21164772727e+00,-1.63884916374e-02
4.65909090909e-01,1.21164772727e+00,-1.60917049984e-02
4.88636363636e-01,1.21164772727e+00,-1.57173097279e-02
5.11363636364e-01,1.21164772727e+00,-1.51346945571e-02
5.34090909091e-01,1.21164772727e+00,-1.43438594861e-02
5.56818181818e-01,1.21164772727e+00,-1.37092526288e-02
5.79545454545e-01,1.21164772727e+00,-1.30969640876e-02
6.02272727273e-01,1.21164772727e+00,-1.24846755465e-02
6.25000000000e-01,1.21164772727e+00,-1.18723870054e-02
6.47727272727e-01,1.21164772727e+00,-1.11131791101e-02
6.70454545455e-01,1.21164772727e+00,-1.03539712148e-02
6.93181818182e-01,1.21164772727e+00,-9.59476331954e-03
7.15909090909e-01,1.21164772727e+00,-8.80869060395e-03
7.38636363636e-01,1.21164772727e+00,-7.83456414618e-03
7.61363636364e-01,1.21164772727e+00,-6.98433012384e-03
7.84090909091e-01,1.21164772727e+00,-6.25798853694e-03
8.06818181818e-01,1.21164772727e+00,-5.53164695004e-03
8.29545454545e-01,1.21164772727e+00,-4.80530536314e-03
8.52272727273e-01,1.21164772727e+00,-3.95536064985e-03
8.75000000000e-01,1.21164772727e+00,-3.03125406071e-03
8.97727272727e-01,1.21164772727e+00,-2.39060723242e-03
9.20454545455e-01,1.21164772727e+00,-1.79760267783e-03
9.43181818182e-01,1.21164772727e+00,-1.28400191274e-03
9.65909090909e-01,1.21164772727e+00,-7.70401147642e-04
9.88636363636e-01,1.21164772727e+00,-2.56800382547e-04
1.13636363636e-02,1.23153409091e+00,-1.07331745357e-03
3.40909090909e-02,1.23153409091e+00,-2.84407760402e-03
5.68181818182e-02,1.23153409091e+00,-4.61483775447e-03
7.95454545455e-02,1.23153409091e+00,-6.38559790493e-03
1.02272727273e-01,1.23153409091e+00,-8.15635805538e-03
1.25000000000e-01,1.23153409091e+00,-9.92711820583e-03
1.47727272727e-01,1.23153409091e+00,-1.08330704674e-02
1.70454545455e-01,1.23153409091e+00,-1.17390227289e-02
1.93181818182e-01,1.23153409091e+00,-1.26449749904e-02
2.15909090909e-01,1.23153409091e+00,-1.35509272520e-02
2.38636363636e-01,1.23153409091e+00,-1.44568795135e-02
2.61363636364e-01,1.23153409091e+00,-1.51347457012e-02
2.84090909091e-01,1.23153409091e+00,-1.53551717692e-02
3.06818181818e-01,1.23153409091e+00,-1.55755978373e-02
3.29545454545e-01,1.23153409091e+00,-1.57960239053e-02
3.52272727273e-01,1.23153409091e+00,-1.60164499733e-02
3.75000000000e-01,1.23153409091e+00,-1.62368760414e-02
3.97727272727e-01,1.23153409091e+00,-1.59511763497e-02
4.20454545455e-01,1.23153409091e+00,-1.56654766581e-02
4.43181818182e-01,1.23153409091e+00,-1.53797769665e-02
4.65909090909e-01,1.23153409091e+00,-1.50940772749e-02
4.88636363636e-01,1.23153409091e+00,-1.48083775833e-02
5.11363636364e-01,1.23153409091e+00,-1.42591676761e-02
5.34090909091e-01,1.23153409091e+00,-1.36468791350e-02
5.56818181818e-01,1.23153409091e+00,-1.30345905939e-02
5.79545454545e-01,1.23153409091e+00,-1.24223020527e-02
6.02272727273e-01,1.23153409091e+00,-1.18100135116e-02
6.25000000000e-01,1.23153409091e+00,-1.11977249705e-02
6.47727272727e-01,1.23153409091e+00,-1.04385170752e-02
6.70454545455e-01,1.23153409091e+00,-9.67930917991e-03
6.93181818182e-01,1.23153409091e+00,-8.92010128463e-03
7.15909090909e-01,1.23153409091e+00,-8.16089338935e-03
7.38636363636e-01,1.23153409091e+00,-7.40168549407e-03
7.61363636364e-01,1.23153409091e+00,-6.57831629205e-03
7.84090909091e-01,1.23153409091e+00,-5.85197470515e-03
8.06818181818e-01,1.23153409091e+00,-5.12563311825e-03
8.29545454545e-01,1.23153409091e+00,-4.39929153135e-03
8.52272727273e-01,1.23153409091e+00,-3.67294994446e-03
8.75000000000e-01,1.23153409091e+00,-2.87244648172e-03
8.97727272727e-01,1.23153409091e+00,-2.31120344293e-03
9.20454545455e-01,1.23153409091e+00,-1.79760267783e-03
9.43181818182e-01,1.23153409091e+00,-1.28400191274e-03
9.65909090909e-01,1.23153409091e+00,-7.70401147642e-04
9.88636363636e-01,1.23153409091e+00,-2.56800382547e-04
1.13636363636e-02,1.25142045455e+00,-6.12021521458e-04
3.40909090909e-02,1.25142045455e+00,-2.17776275658e-03
5.68181818182e-02,1.25142045455e+00,-3.94852290703e-03
7.95454545455e-02,1.25142045455e+00,-5.71928305749e-03
1.02272727273e-01,1.25142045455e+00,-7.49004320794e-03
1.25000000000e-01,1.25142045455e+00,-9.26080335839e-03
1.47727272727e-01,1.25142045455e+00,-1.01667556199e-02
1.70454545455e-01,1.25142045455e+00,-1.10727078814e-02
1.93181818182e-01,1.25142045455e+00,-1.19786601430e-02
2.15909090909e-01,1.25142045455e+00,-1.28846124045e-02
2.38636363636e-01,1.25142045455e+00,-1.36867481372e-02
2.61363636364e-01,1.25142045455e+00,-1.40796426217e-02
2.84090909091e-01,1.25142045455e+00,-1.42761642084e-02
3.06818181818e-01,1.25142045455e+00,-1.44965902764e-02
3.29545454545e-01,1.25142045455e+00,-1.47170163445e-02
3.52272727273e-01,1.25142045455e+00,-1.49374424125e-02
3.75000000000e-01,1.25142045455e+00,-1.51578684805e-02
3.97727272727e-01,1.25142045455e+00,-1.48721687889e-02
4.20454545455e-01,1.25142045455e+00,-1.45864690973e-02
4.43181818182e-01,1.25142045455e+00,-1.43007694057e-02
4.65909090909e-01,1.25142045455e+00,-1.40150697141e-02
4.88636363636e-01,1.25142045455e+00,-1.37640696125e-02
5.11363636364e-01,1.25142045455e+00,-1.34573102243e-02
5.34090909091e-01,1.25142045455e+00,-1.29169981391e-02
5.56818181818e-01,1.25142045455e+00,-1.23047095980e-02
5.79545454545e-01,1.25142045455e+00,-1.16924210568e-02
6.02272727273e-01,1.25142045455e+00,-1.10801325157e-02
6.25000000000e-01,1.25142045455e+00,-1.04678439746e-02
6.47727272727e-01,1.25142045455e+00,-9.91375511332e-03
6.70454545455e-01,1.25142045455e+00,-9.15454721804e-03
6.93181818182e-01,1.25142045455e+00,-8.39533932276e-03
7.15909090909e-01,1.25142045455e+00,-7.63613142748e-03
7.38636363636e-01,1.25142045455e+00,-6.87692353220e-03
7.61363636364e-01,1.25142045455e+00,-6.13414879111e-03
7.84090909091e-01,1.25142045455e+00,-5.40780720422e-03
8.06818181818e-01,1.25142045455e+00,-4.68146561732e-03
8.29545454545e-01,1.25142045455e+00,-3.95512403042e-03
8.52272727273e-01,1.25142045455e+00,-3.22878244352e-03
8.75000000000e-01,1.25142045455e+00,-2.69489188141e-03
8.97727272727e-01,1.25142045455e+00,-2.18129111632e-03
9.20454545455e-01,1.25142045455e+00,-1.66769035122e-03
9.43181818182e-01,1.25142045455e+00,-1.15408958613e-03
9.65909090909e-01,1.25142045455e+00,-6.40488821032e-04
9.88636363636e-01,1.25142045455e+00,-1.82564767342e-04
1.13636363636e-02,1.27130681818e+00,-6.12021521458e-04
3.40909090909e-02,1.27130681818e+00,-1.83606456437e-03
5.68181818182e-02,1.27130681818e+00,-3.26512652262e-03
7.95454545455e-02,1.27130681818e+00,-5.03588667307e-03
1.02272727273e-01,1.27130681818e+00,-6.80664682352e-03
1.25000000000e-01,1.27130681818e+00,-8.57740697397e-03
1.47727272727e-01,1.27130681818e+00,-9.48335923550e-03
1.70454545455e-01,1.27130681818e+00,-1.03893114970e-02
1.93181818182e-01,1.27130681818e+00,-1.12952637586e-02
2.15909090909e-01,1.27130681818e+00,-1.20281884720e-02
2.38636363636e-01,1.27130681818e+00,-1.26572966565e-02
2.61363636364e-01,1.27130681818e+00,-1.30501911410e-02
2.84090909091e-01,1.27130681818e+00,-1.32068719255e-02
3.06818181818e-01,1.27130681818e+00,-1.33874571913e-02
3.29545454545e-01,1.27130681818e+00,-1.36078832594e-02
3.52272727273e-01,1.27130681818e+00,-1.38283093274e-02
3.75000000000e-01,1.27130681818e+00,-1.40487353954e-02
3.97727272727e-01,1.27130681818e+00,-1.37630357038e-02
4.20454545455e-01,1.27130681818e+00,-1.34773360122e-02
4.43181818182e-01,1.27130681818e+00,-1.31916363206e-02
4.65909090909e-01,1.27130681818e+00,-1.29637692791e-02
4.88636363636e-01,1.27130681818e+00,-1.27706018278e-02
5.11363636364e-01,1.27130681818e+00,-1.24638424395e-02
5.34090909091e-01,1.27130681818e+00,-1.20434911143e-02
5.56818181818e-01,1.27130681818e+00,-1.15511633331e-02
5.79545454545e-01,1.27130681818e+00,-1.09388747919e-02
6.02272727273e-01,1.27130681818e+00,-1.03265862508e-02
6.25000000000e-01,1.27130681818e+00,-9.71429770969e-03
6.47727272727e-01,1.27130681818e+00,-9.18951156758e-03
6.70454545455e-01,1.27130681818e+00,-8.66472542547e-03
6.93181818182e-01,1.27130681818e+00,-7.93482024934e-03
7.15909090909e-01,1.27130681818e+00,-7.17561235406e-03
7.38636363636e-01,1.27130681818e+00,-6.41640445878e-03
7.61363636364e-01,1.27130681818e+00,-5.67362971769e-03
7.84090909091e-01,1.27130681818e+00,-4.94728813079e-03
8.06818181818e-01,1.27130681818e+00,-4.22094654389e-03
8.29545454545e-01,1.27130681818e+00,-3.52209796053e-03
8.52272727273e-01,1.27130681818e+00,-3.01570040197e-03
8.75000000000e-01,1.27130681818e+00,-2.50930284340e-03
8.97727272727e-01,1.27130681818e+00,-1.99570207830e-03
9.20454545455e-01,1.27130681818e+00,-1.48210131321e-03
9.43181818182e-01,1.27130681818e+00,-9.68500548113e-04
9.65909090909e-01,1.27130681818e+00,-5.47694302025e-04
9.88636363636e-01,1.27130681818e+00,-1.82564767342e-04
1.13636363636e-02,1.29119318182e+00,-6.12021521458e-04
3.40909090909e-02,1.29119318182e+00,-1.83606456437e-03
5.68181818182e-02,1.29119318182e+00,-3.06010760729e-03
7.95454545455e-02,1.29119318182e+00,-4.35249028865e-03
1.02272727273e-01,1.29119318182e+00,-6.12325043910e-03
1.25000000000e-01,1.29119318182e+00,-7.89401058955e-03
1.47727272727e-01,1.29119318182e+00,-8.79996285108e-03
1.70454545455e-01,1.29119318182e+00,-9.70591511261e-03
1.93181818182e-01,1.29119318182e+00,-1.03696288068e-02
2.15909090909e-01,1.29119318182e+00,-1.09987369913e-02
2.38636363636e-01,1.29119318182e+00,-1.16278451759e-02
2.61363636364e-01,1.29119318182e+00,-1.20207396604e-02
2.84090909091e-01,1.29119318182e+00,-1.21774204449e-02
3.06818181818e-01,1.29119318182e+00,-1.23341012293e-02
3.29545454545e-01,1.29119318182e+00,-1.24987501743e-02
3.52272727273e-01,1.29119318182e+00,-1.27191762423e-02
3.75000000000e-01,1.29119318182e+00,-1.29396023104e-02
3.97727272727e-01,1.29119318182e+00,-1.26539026187e-02
4.20454545455e-01,1.29119318182e+00,-1.23682029271e-02
4.43181818182e-01,1.29119318182e+00,-1.21634689457e-02
4.65909090909e-01,1.29119318182e+00,-1.19703014944e-02
4.88636363636e-01,1.29119318182e+00,-1.17771340430e-02
5.11363636364e-01,1.29119318182e+00,-1.14703746547e-02
5.34090909091e-01,1.29119318182e+00,-1.10500233295e-02
5.56818181818e-01,1.29119318182e+00,-1.06296720043e-02
5.79545454545e-01,1.29119318182e+00,-1.01853285271e-02
6.02272727273e-01,1.29119318182e+00,-9.57303998593e-03
6.25000000000e-01,1.29119318182e+00,-8.96075144480e-03
6.47727272727e-01,1.29119318182e+00,-8.43596530269e-03
6.70454545455e-01,1.29119318182e+00,-7.91117916058e-03
6.93181818182e-01,1.29119318182e+00,-7.38639301847e-03
7.15909090909e-01,1.29119318182e+00,-6.71509328063e-03
7.38636363636e-01,1.29119318182e+00,-5.95588538535e-03
7.61363636364e-01,1.29119318182e+00,-5.21311064426e-03
7.84090909091e-01,1.29119318182e+00,-4.48676905737e-03
8.06818181818e-01,1.29119318182e+00,-3.84290648109e-03
8.29545454545e-01,1.29119318182e+00,-3.33650892252e-03
8.52272727273e-01,1.29119318182e+00,-2.83011136395e-03
8.75000000000e-01,1.29119318182e+00,-2.32371380538e-03
8.97727272727e-01,1.29119318182e+00,-1.81011304029e-03
9.20454545455e-01,1.29119318182e+00,-1.29651227519e-03
9.43181818182e-01,1.29119318182e+00,-9.12823836709e-04
9.65909090909e-01,1.29119318182e+00,-5.47694302025e-04
9.88636363636e-01,1.29119318182e+00,-1.82564767342e-04
1.13636363636e-02,1.31107954545e+00,-6.12021521458e-04
3.40909090909e-02,1.31107954545e+00,-1.83606456437e-03
5.68181818182e-02,1.31107954545e+00,-3.06010760729e-03
7.95454545455e-02,1.31107954545e+00,-4.28415065021e-03
1.02272727273e-01,1.31107954545e+00,-5.50819369312e-03
1.25000000000e-01,1.31107954545e+00,-7.21061420513e-03
1.47727272727e-01,1.31107954545e+00,-8.08196095704e-03
1.70454545455e-01,1.31107954545e+00,-8.71106914158e-03
1.93181818182e-01,1.31107954545e+00,-9.34017732612e-03
2.15909090909e-01,1.31107954545e+00,-9.96928551065e-03
2.38636363636e-01,1.31107954545e+00,-1.05983936952e-02
2.61363636364e-01,1.31107954545e+00,-1.09912881797e-02
2.84090909091e-01,1.31107954545e+00,-1.11479689642e-02
3.06818181818e-01,1.31107954545e+00,-1.13046497487e-02
3.29545454545e-01,1.31107954545e+00,-1.14613305332e-02
3.52272727273e-01,1.31107954545e+00,-1.16180113177e-02
3.75000000000e-01,1.31107954545e+00,-1.18304692253e-02
3.97727272727e-01,1.31107954545e+00,-1.15563360637e-02
4.20454545455e-01,1.31107954545e+00,-1.13631686123e-02
4.43181818182e-01,1.31107954545e+00,-1.11700011610e-02
4.65909090909e-01,1.31107954545e+00,-1.09768337096e-02
4.88636363636e-01,1.31107954545e+00,-1.07836662583e-02
5.11363636364e-01,1.31107954545e+00,-1.04769068700e-02
5.34090909091e-01,1.31107954545e+00,-1.00565555448e-02
5.56818181818e-01,1.31107954545e+00,-9.63620421952e-03
5.79545454545e-01,1.31107954545e+00,-9.21585289429e-03
6.02272727273e-01,1.31107954545e+00,-8.79550156905e-03
6.25000000000e-01,1.31107954545e+00,-8.20720517991e-03
6.47727272727e-01,1.31107954545e+00,-7.68241903780e-03
6.70454545455e-01,1.31107954545e+00,-7.15763289569e-03
6.93181818182e-01,1.31107954545e+00,-6.63284675358e-03
7.15909090909e-01,1.31107954545e+00,-6.10806061148e-03
7.38636363636e-01,1.31107954545e+00,-5.49536631193e-03
7.61363636364e-01,1.31107954545e+00,-4.75259157084e-03
7.84090909091e-01,1.31107954545e+00,-4.16371500165e-03
8.06818181818e-01,1.31107954545e+00,-3.65731744308e-03
8.29545454545e-01,1.31107954545e+00,-3.15091988451e-03
8.52272727273e-01,1.31107954545e+00,-2.64452232594e-03
8.75000000000e-01,1.31107954545e+00,-2.13812476737e-03
8.97727272727e-01,1.31107954545e+00,-1.64308290608e-03
9.20454545455e-01,1.31107954545e+00,-1.27795337139e-03
9.43181818182e-01,1.31107954545e+00,-9.12823836709e-04
9.65909090909e-01,1.31107954545e+00,-5.47694302025e-04
9.88636363636e-01,1.31107954545e+00,-1.82564767342e-04
1.13636363636e-02,1.33096590909e+00,-6.12021521458e-04
3.40909090909e-02,1.33096590909e+00,-1.83606456437e-03
5.68181818182e-02,1.33096590909e+00,-3.06010760729e-03
7.95454545455e-02,1.33096590909e+00,-4.28415065021e-03
1.02272727273e-01,1.33096590909e+00,-5.50819369312e-03
1.25000000000e-01,1.33096590909e+00,-6.51070174135e-03
1.47727272727e-01,1.33096590909e+00,-7.02652013670e-03
1.70454545455e-01,1.33096590909e+00,-7.65562832123e-03
1.93181818182e-01,1.33096590909e+00,-8.28473650577e-03
2.15909090909e-01,1.33096590909e+00,-8.91384469031e-03
2.38636363636e-01,1.33096590909e+00,-9.54295287485e-03
2.61363636364e-01,1.33096590909e+00,-9.90834697253e-03
2.84090909091e-01,1.33096590909e+00,-1.00650277570e-02
3.06818181818e-01,1.33096590909e+00,-1.02217085415e-02
3.29545454545e-01,1.33096590909e+00,-1.03783893260e-02
3.52272727273e-01,1.33096590909e+00,-1.05350701105e-02
3.75000000000e-01,1.33096590909e+00,-1.06917508950e-02
3.97727272727e-01,1.33096590909e+00,-1.05344024537e-02
4.20454545455e-01,1.33096590909e+00,-1.03412350023e-02
4.43181818182e-01,1.33096590909e+00,-1.01480675510e-02
4.65909090909e-01,1.33096590909e+00,-9.95490009964e-03
4.88636363636e-01,1.33096590909e+00,-9.76173264829e-03
5.11363636364e-01,1.33096590909e+00,-9.45497326000e-03
5.34090909091e-01,1.33096590909e+00,-9.03462193477e-03
5.56818181818e-01,1.33096590909e+00,-8.61427060953e-03
5.79545454545e-01,1.33096590909e+00,-8.19391928430e-03
6.02272727273e-01,1.33096590909e+00,-7.77356795906e-03
6.25000000000e-01,1.33096590909e+00,-7.42986841758e-03
6.47727272727e-01,1.33096590909e+00,-6.90508227547e-03
6.70454545455e-01,1.33096590909e+00,-6.38029613336e-03
6.93181818182e-01,1.33096590909e+00,-5.85550999125e-03
7.15909090909e-01,1.33096590909e+00,-5.33072384914e-03
7.38636363636e-01,1.33096590909e+00,-4.80593770703e-03
7.61363636364e-01,1.33096590909e+00,-4.47612161840e-03
7.84090909091e-01,1.33096590909e+00,-3.96972405983e-03
8.06818181818e-01,1.33096590909e+00,-3.46332650126e-03
8.29545454545e-01,1.33096590909e+00,-2.95692894269e-03
8.52272727273e-01,1.33096590909e+00,-2.45053138412e-03
8.75000000000e-01,1.33096590909e+00,-1.94413382555e-03
8.97727272727e-01,1.33096590909e+00,-1.64308290608e-03
9.20454545455e-01,1.33096590909e+00,-1.27795337139e-03
9.43181818182e-01,1.33096590909e+00,-9.12823836709e-04
9.65909090909e-01,1.33096590909e+00,-5.47694302025e-04
9.88636363636e-01,1.33096590909e+00,-1.82564767342e-04
1.13636363636e-02,1.35085227273e+00,-6.12021521458e-04
3.40909090909e-02,1.35085227273e+00,-1.83606456437e-03
5.68181818182e-02,1.35085227273e+00,-3.06010760729e-03
7.95454545455e-02,1.35085227273e+00,-4.28415065021e-03
1.02272727273e-01,1.35085227273e+00,-5.13896870197e-03
1.25000000000e-01,1.35085227273e+00,-5.77225175904e-03
1.47727272727e-01,1.35085227273e+00,-6.09925383907e-03
1.70454545455e-01,1.35085227273e+00,-6.53954570829e-03
1.93181818182e-01,1.35085227273e+00,-7.16865389283e-03
2.15909090909e-01,1.35085227273e+00,-7.79776207737e-03
2.38636363636e-01,1.35085227273e+00,-8.42687026190e-03
2.61363636364e-01,1.35085227273e+00,-8.78309756398e-03
2.84090909091e-01,1.35085227273e+00,-8.86644398359e-03
3.06818181818e-01,1.35085227273e+00,-9.01395797247e-03
3.29545454545e-01,1.35085227273e+00,-9.17063875696e-03
3.52272727273e-01,1.35085227273e+00,-9.32731954145e-03
3.75000000000e-01,1.35085227273e+00,-9.48400032594e-03
3.97727272727e-01,1.35085227273e+00,-9.38635023473e-03
4.20454545455e-01,1.35085227273e+00,-9.25288113347e-03
4.43181818182e-01,1.35085227273e+00,-9.05971368212e-03
4.65909090909e-01,1.35085227273e+00,-8.86654623077e-03
4.88636363636e-01,1.35085227273e+00,-8.67337877942e-03
5.11363636364e-01,1.35085227273e+00,-8.36661939113e-03
5.34090909091e-01,1.35085227273e+00,-7.94626806589e-03
5.56818181818e-01,1.35085227273e+00,-7.52591674066e-03
5.79545454545e-01,1.35085227273e+00,-7.10556541542e-03
6.02272727273e-01,1.35085227273e+00,-6.81296706310e-03
6.25000000000e-01,1.35085227273e+00,-6.59702049453e-03
6.47727272727e-01,1.35085227273e+00,-6.07223435242e-03
6.70454545455e-01,1.35085227273e+00,-5.54744821031e-03
6.93181818182e-01,1.35085227273e+00,-5.02266206820e-03
7.15909090909e-01,1.35085227273e+00,-4.52953646004e-03
7.38636363636e-01,1.35085227273e+00,-4.25803458953e-03
7.61363636364e-01,1.35085227273e+00,-3.99014375480e-03
7.84090909091e-01,1.35085227273e+00,-3.72586395586e-03
8.06818181818e-01,1.35085227273e+00,-3.24973111724e-03
8.29545454545e-01,1.35085227273e+00,-2.74333355867e-03
8.52272727273e-01,1.35085227273e+00,-2.23693600010e-03
8.75000000000e-01,1.35085227273e+00,-1.73053844153e-03
8.97727272727e-01,1.35085227273e+00,-1.53628521407e-03
9.20454545455e-01,1.35085227273e+00,-1.27795337139e-03
9.43181818182e-01,1.35085227273e+00,-9.12823836709e-04
9.65909090909e-01,1.35085227273e+00,-5.47694302025e-04
9.88636363636e-01,1.35085227273e+00,-1.82564767342e-04
1.13636363636e-02,1.37073863636e+00,-6.12021521458e-04
3.40909090909e-02,1.37073863636e+00,-1.83606456437e-03
5.68181818182e-02,1.37073863636e+00,-3.06010760729e-03
7.95454545455e-02,1.37073863636e+00,-3.76723566259e-03
1.02272727273e-01,1.37073863636e+00,-4.40051871966e-03
1.25000000000e-01,1.37073863636e+00,-5.03380177672e-03
1.47727272727e-01,1.37073863636e+00,-5.36080385676e-03
1.70454545455e-01,1.37073863636e+00,-5.68780593679e-03
1.93181818182e-01,1.37073863636e+00,-6.05257127989e-03
2.15909090909e-01,1.37073863636e+00,-6.68167946442e-03
2.38636363636e-01,1.37073863636e+00,-7.31078764896e-03
2.61363636364e-01,1.37073863636e+00,-7.66701495104e-03
2.84090909091e-01,1.37073863636e+00,-7.75036137064e-03
3.06818181818e-01,1.37073863636e+00,-7.83370779025e-03
3.29545454545e-01,1.37073863636e+00,-7.96288818791e-03
3.52272727273e-01,1.37073863636e+00,-8.11956897240e-03
3.75000000000e-01,1.37073863636e+00,-8.27624975690e-03
3.97727272727e-01,1.37073863636e+00,-8.17859966568e-03
4.20454545455e-01,1.37073863636e+00,-8.08094957447e-03
4.43181818182e-01,1.37073863636e+00,-7.97135981325e-03
4.65909090909e-01,1.37073863636e+00,-7.77819236190e-03
4.88636363636e-01,1.37073863636e+00,-7.58502491055e-03
5.11363636364e-01,1.37073863636e+00,-7.27826552226e-03
5.34090909091e-01,1.37073863636e+00,-6.85791419702e-03
5.56818181818e-01,1.37073863636e+00,-6.43756287179e-03
5.79545454545e-01,1.37073863636e+00,-6.19606570863e-03
6.02272727273e-01,1.37073863636e+00,-5.98011914006e-03
6.25000000000e-01,1.37073863636e+00,-5.76417257149e-03
6.47727272727e-01,1.37073863636e+00,-5.23938642938e-03
6.70454545455e-01,1.37073863636e+00,-4.71460028727e-03
6.93181818182e-01,1.37073863636e+00,-4.28479574700e-03
7.15909090909e-01,1.37073863636e+00,-4.01329387649e-03
7.38636363636e-01,1.37073863636e+00,-3.74179200597e-03
7.61363636364e-01,1.37073863636e+00,-3.47390117124e-03
7.84090909091e-01,1.37073863636e+00,-3.20962137230e-03
8.06818181818e-01,1.37073863636e+00,-2.94534157336e-03
8.29545454545e-01,1.37073863636e+00,-2.52973817465e-03
8.52272727273e-01,1.37073863636e+00,-2.02334061608e-03
8.75000000000e-01,1.37073863636e+00,-1.51694305751e-03
8.97727272727e-01,1.37073863636e+00,-1.32268983005e-03
9.20454545455e-01,1.37073863636e+00,-1.12843660258e-03
9.43181818182e-01,1.37073863636e+00,-9.12823836709e-04
9.65909090909e-01,1.37073863636e+00,-5.47694302025e-04
9.88636363636e-01,1.37073863636e+00,-1.82564767342e-04
1.13636363636e-02,1.39062500000e+00,-6.12021521458e-04
3.40909090909e-02,1.39062500000e+00,-1.76221956614e-03
5.68181818182e-02,1.39062500000e+00,-2.39550262321e-03
7.95454545455e-02,1.39062500000e+00,-3.02878568028e-03
1.02272727273e-01,1.39062500000e+00,-3.66206873735e-03
1.25000000000e-01,1.39062500000e+00,-4.29535179441e-03
1.47727272727e-01,1.39062500000e+00,-4.62235387445e-03
1.70454545455e-01,1.39062500000e+00,-4.94935595448e-03
1.93181818182e-01,1.39062500000e+00,-5.27635803451e-03
2.15909090909e-01,1.39062500000e+00,-5.60336011454e-03
2.38636363636e-01,1.39062500000e+00,-6.19470503602e-03
2.61363636364e-01,1.39062500000e+00,-6.55093233809e-03
2.84090909091e-01,1.39062500000e+00,-6.63427875770e-03
3.06818181818e-01,1.39062500000e+00,-6.71762517731e-03
3.29545454545e-01,1.39062500000e+00,-6.80097159692e-03
3.52272727273e-01,1.39062500000e+00,-6.91181840336e-03
3.75000000000e-01,1.39062500000e+00,-7.06849918785e-03
3.97727272727e-01,1.39062500000e+00,-6.97084909664e-03
4.20454545455e-01,1.39062500000e+00,-6.87319900543e-03
4.43181818182e-01,1.39062500000e+00,-6.77554891422e-03
4.65909090909e-01,1.39062500000e+00,-6.67789882301e-03
4.88636363636e-01,1.39062500000e+00,-6.49667104167e-03
5.11363636364e-01,1.39062500000e+00,-6.18991165338e-03
5.34090909091e-01,1.39062500000e+00,-5.79511092273e-03
5.56818181818e-01,1.39062500000e+00,-5.57916435416e-03
5.79545454545e-01,1.39062500000e+00,-5.36321778559e-03
6.02272727273e-01,1.39062500000e+00,-5.14727121701e-03
6.25000000000e-01,1.39062500000e+00,-4.93132464844e-03
6.47727272727e-01,1.39062500000e+00,-4.40653850633e-03
6.70454545455e-01,1.39062500000e+00,-4.04005503397e-03
6.93181818182e-01,1.39062500000e+00,-3.76855316345e-03
7.15909090909e-01,1.39062500000e+00,-3.49705129293e-03
7.38636363636e-01,1.39062500000e+00,-3.22554942241e-03
7.61363636364e-01,1.39062500000e+00,-2.95765858768e-03
7.84090909091e-01,1.39062500000e+00,-2.69337878874e-03
8.06818181818e-01,1.39062500000e+00,-2.42909898980e-03
8.29545454545e-01,1.39062500000e+00,-2.16481919086e-03
8.52272727273e-01,1.39062500000e+00,-1.80974523206e-03
8.75000000000e-01,1.39062500000e+00,-1.30334767349e-03
8.97727272727e-01,1.39062500000e+00,-1.10909444603e-03
9.20454545455e-01,1.39062500000e+00,-9.14841218558e-04
9.43181818182e-01,1.39062500000e+00,-7.20587991091e-04
9.65909090909e-01,1.39062500000e+00,-5.26334763623e-04
9.88636363636e-01,1.39062500000e+00,-1.82564767342e-04
1.13636363636e-02,1.41051136364e+00,-3.90486526765e-04
3.40909090909e-02,1.41051136364e+00,-1.02376958383e-03
5.68181818182e-02,1.41051136364e+00,-1.65705264090e-03
7.95454545455e-02,1.41051136364e+00,-2.29033569797e-03
1.02272727273e-01,1.41051136364e+00,-2.92361875503e-03
1.25000000000e-01,1.41051136364e+00,-3.55690181210e-03
1.47727272727e-01,1.41051136364e+00,-3.88390389213e-03
1.70454545455e-01,1.41051136364e+00,-4.21090597217e-03
1.93181818182e-01,1.41051136364e+00,-4.53790805220e-03
2.15909090909e-01,1.41051136364e+00,-4.86491013223e-03
2.38636363636e-01,1.41051136364e+00,-5.19191221226e-03
2.61363636364e-01,1.41051136364e+00,-5.43484972515e-03
2.84090909091e-01,1.41051136364e+00,-5.51819614476e-03
3.06818181818e-01,1.41051136364e+00,-5.60154256437e-03
3.29545454545e-01,1.41051136364e+00,-5.68488898398e-03
3.52272727273e-01,1.41051136364e+00,-5.76823540359e-03
3.75000000000e-01,1.41051136364e+00,-5.86074861880e-03
3.97727272727e-01,1.41051136364e+00,-5.76309852759e-03
4.20454545455e-01,1.41051136364e+00,-5.66544843638e-03
4.43181818182e-01,1.41051136364e+00,-5.56779834517e-03
4.65909090909e-01,1.41051136364e+00,-5.47014825396e-03
4.88636363636e-01,1.41051136364e+00,-5.37249816275e-03
5.11363636364e-01,1.41051136364e+00,-5.17820956826e-03
5.34090909091e-01,1.41051136364e+00,-4.96226299969e-03
5.56818181818e-01,1.41051136364e+00,-4.74631643111e-03
5.79545454545e-01,1.41051136364e+00,-4.53036986254e-03
6.02272727273e-01,1.41051136364e+00,-4.31442329397e-03
6.25000000000e-01,1.41051136364e+00,-4.09847672539e-03
6.47727272727e-01,1.41051136364e+00,-3.79531432093e-03
6.70454545455e-01,1.41051136364e+00,-3.52381245041e-03
6.93181818182e-01,1.41051136364e+00,-3.25231057989e-03
7.15909090909e-01,1.41051136364e+00,-2.98080870937e-03
7.38636363636e-01,1.41051136364e+00,-2.70930683885e-03
7.61363636364e-01,1.41051136364e+00,-2.44141600413e-03
7.84090909091e-01,1.41051136364e+00,-2.17713620519e-03
8.06818181818e-01,1.41051136364e+00,-1.91285640625e-03
8.29545454545e-01,1.41051136364e+00,-1.64857660731e-03
8.52272727273e-01,1.41051136364e+00,-1.38429680837e-03
8.75000000000e-01,1.41051136364e+00,-1.08975228947e-03
8.97727272727e-01,1.41051136364e+00,-8.95499062005e-04
9.20454545455e-01,1.41051136364e+00,-7.01245834537e-04
9.43181818182e-01,1.41051136364e+00,-5.06992607070e-04
9.65909090909e-01,1.41051136364e+00,-3.12739379603e-04
9.88636363636e-01,1.41051136364e+00,-1.18486152136e-04
1.13636363636e-02,1.43039772727e+00,0.00000000000e+00
3.40909090909e-02,1.43039772727e+00,-2.37481146400e-04
5.68181818182e-02,1.43039772727e+00,-8.70764203468e-04
7.95454545455e-02,1.43039772727e+00,-1.50404726053e-03
1.02272727273e-01,1.43039772727e+00,-2.13733031760e-03
1.25000000000e-01,1.43039772727e+00,-2.77061337467e-03
1.47727272727e-01,1.43039772727e+00,-3.09761545470e-03
1.70454545455e-01,1.43039772727e+00,-3.42461753473e-03
1.93181818182e-01,1.43039772727e+00,-3.75161961477e-03
2.15909090909e-01,1.43039772727e+00,-4.07862169480e-03
2.38636363636e-01,1.43039772727e+00,-4.20124747481e-03
2.61363636364e-01,1.43039772727e+00,-4.24292068462e-03
2.84090909091e-01,1.43039772727e+00,-4.32626710423e-03
3.06818181818e-01,1.43039772727e+00,-4.40961352384e-03
3.29545454545e-01,1.43039772727e+00,-4.49295994344e-03
3.52272727273e-01,1.43039772727e+00,-4.56588806060e-03
3.75000000000e-01,1.43039772727e+00,-4.56588806060e-03
3.97727272727e-01,1.43039772727e+00,-4.46823796939e-03
4.20454545455e-01,1.43039772727e+00,-4.37058787818e-03
4.43181818182e-01,1.43039772727e+00,-4.27293778697e-03
4.65909090909e-01,1.43039772727e+00,-4.17528769576e-03
4.88636363636e-01,1.43039772727e+00,-4.13866891155e-03
5.11363636364e-01,1.43039772727e+00,-4.13866891155e-03
5.34090909091e-01,1.43039772727e+00,-4.05768894834e-03
5.56818181818e-01,1.43039772727e+00,-3.84174237977e-03
5.79545454545e-01,1.43039772727e+00,-3.62579581119e-03
6.02272727273e-01,1.43039772727e+00,-3.40984924262e-03
6.25000000000e-01,1.43039772727e+00,-3.19390267405e-03
6.47727272727e-01,1.43039772727e+00,-2.92240080353e-03
6.70454545455e-01,1.43039772727e+00,-2.65089893301e-03
6.93181818182e-01,1.43039772727e+00,-2.37939706249e-03
7.15909090909e-01,1.43039772727e+00,-2.10789519198e-03
7.38636363636e-01,1.43039772727e+00,-2.00608199053e-03
7.61363636364e-01,1.43039772727e+00,-2.00608199053e-03
7.84090909091e-01,1.43039772727e+00,-1.90697706593e-03
8.06818181818e-01,1.43039772727e+00,-1.64269726699e-03
8.29545454545e-01,1.43039772727e+00,-1.37841746805e-03
8.52272727273e-01,1.43039772727e+00,-1.11413766911e-03
8.75000000000e-01,1.43039772727e+00,-8.49857870169e-04
8.97727272727e-01,1.43039772727e+00,-6.55604642702e-04
9.20454545455e-01,1.43039772727e+00,-4.61351415235e-04
9.43181818182e-01,1.43039772727e+00,-2.67098187768e-04
9.65909090909e-01,1.43039772727e+00,-7.28449603002e-05
9.88636363636e-01,1.43039772727e+00,0.00000000000e+00
1.13636363636e-02,1.45028409091e+00,0.00000000000e+00
3.40909090909e-02,1.45028409091e+00,0.00000000000e+00
5.68181818182e-02,1.45028409091e+00,-7.91603821334e-05
7.95454545455e-02,1.45028409091e+00,-7.12443439201e-04
1.02272727273e-01,1.45028409091e+00,-1.34572649627e-03
1.25000000000e-01,1.45028409091e+00,-1.97900955334e-03
1.47727272727e-01,1.45028409091e+00,-2.30601163337e-03
1.70454545455e-01,1.45028409091e+00,-2.63301371340e-03
1.93181818182e-01,1.45028409091e+00,-2.96001579343e-03
2.15909090909e-01,1.45028409091e+00,-3.00089105344e-03
2.38636363636e-01,1.45028409091e+00,-3.00089105344e-03
2.61363636364e-01,1.45028409091e+00,-3.04256426324e-03
2.84090909091e-01,1.45028409091e+00,-3.12591068285e-03
3.06818181818e-01,1.45028409091e+00,-3.20925710246e-03
3.29545454545e-01,1.45028409091e+00,-3.26134861472e-03
3.52272727273e-01,1.45028409091e+00,-3.26134861472e-03
3.75000000000e-01,1.45028409091e+00,-3.26134861472e-03
3.97727272727e-01,1.45028409091e+00,-3.16369852351e-03
4.20454545455e-01,1.45028409091e+00,-3.06604843229e-03
4.43181818182e-01,1.45028409091e+00,-2.96839834108e-03
4.65909090909e-01,1.45028409091e+00,-2.95619207968e-03
4.88636363636e-01,1.45028409091e+00,-2.95619207968e-03
5.11363636364e-01,1.45028409091e+00,-2.95619207968e-03
5.34090909091e-01,1.45028409091e+00,-2.95619207968e-03
5.56818181818e-01,1.45028409091e+00,-2.92919875861e-03
5.79545454545e-01,1.45028409091e+00,-2.71325219004e-03
6.02272727273e-01,1.45028409091e+00,-2.49730562146e-03
6.25000000000e-01,1.45028409091e+00,-2.28135905289e-03
6.47727272727e-01,1.45028409091e+00,-2.00985718237e-03
6.70454545455e-01,1.45028409091e+00,-1.73835531186e-03
6.93181818182e-01,1.45028409091e+00,-1.46685344134e-03
7.15909090909e-01,1.45028409091e+00,-1.43291570752e-03
7.38636363636e-01,1.45028409091e+00,-1.43291570752e-03
7.61363636364e-01,1.45028409091e+00,-1.43291570752e-03
7.84090909091e-01,1.45028409091e+00,-1.43291570752e-03
8.06818181818e-01,1.45028409091e+00,-1.39988073266e-03
8.29545454545e-01,1.45028409091e+00,-1.13560093372e-03
8.52272727273e-01,1.45028409091e+00,-8.71321134775e-04
8.75000000000e-01,1.45028409091e+00,-6.07041335835e-04
8.97727272727e-01,1.45028409091e+00,-4.12788108368e-04
9.20454545455e-01,1.45028409091e+00,-2.18534880901e-04
9.43181818182e-01,1.45028409091e+00,-2.42816534334e-05
9.65909090909e-01,1.45028409091e+00,0.00000000000e+00
9.88636363636e-01,1.45028409091e+00,0.00000000000e+00
1.13636363636e-02,1.47017045455e+00,0.00000000000e+00
3.40909090909e-02,1.47017045455e+00,0.00000000000e+00
5.68181818182e-02,1.47017045455e+00,0.00000000000e+00
7.95454545455e-02,1.47017045455e+00,0.00000000000e+00
1.02272727273e-01,1.47017045455e+00,-5.54122674934e-04
1.25000000000e-01,1.47017045455e+00,-1.18740573200e-03
1.47727272727e-01,1.47017045455e+00,-1.51440781203e-03
1.70454545455e-01,1.47017045455e+00,-1.80053463206e-03
1.93181818182e-01,1.47017045455e+00,-1.80053463206e-03
2.15909090909e-01,1.47017045455e+00,-1.80053463206e-03
2.38636363636e-01,1.47017045455e+00,-1.80053463206e-03
2.61363636364e-01,1.47017045455e+00,-1.84220784187e-03
2.84090909091e-01,1.47017045455e+00,-1.92555426148e-03
3.06818181818e-01,1.47017045455e+00,-1.95680916883e-03
3.29545454545e-01,1.47017045455e+00,-1.95680916883e-03
3.52272727273e-01,1.47017045455e+00,-1.95680916883e-03
3.75000000000e-01,1.47017045455e+00,-1.95680916883e-03
3.97727272727e-01,1.47017045455e+00,-1.85915907762e-03
4.20454545455e-01,1.47017045455e+00,-1.77371524781e-03
4.43181818182e-01,1.47017045455e+00,-1.77371524781e-03
4.65909090909e-01,1.47017045455e+00,-1.77371524781e-03
4.88636363636e-01,1.47017045455e+00,-1.77371524781e-03
5.11363636364e-01,1.47017045455e+00,-1.77371524781e-03
5.34090909091e-01,1.47017045455e+00,-1.77371524781e-03
5.56818181818e-01,1.47017045455e+00,-1.77371524781e-03
5.79545454545e-01,1.47017045455e+00,-1.77371524781e-03
6.02272727273e-01,1.47017045455e+00,-1.58476200031e-03
6.25000000000e-01,1.47017045455e+00,-1.36881543174e-03
6.47727272727e-01,1.47017045455e+00,-1.09731356122e-03
6.70454545455e-01,1.47017045455e+00,-8.59749424514e-04
6.93181818182e-01,1.47017045455e+00,-8.59749424514e-04
7.15909090909e-01,1.47017045455e+00,-8.59749424514e-04
7.38636363636e-01,1.47017045455e+00,-8.59749424514e-04
7.61363636364e-01,1.47017045455e+00,-8.59749424514e-04
7.84090909091e-01,1.47017045455e+00,-8.59749424514e-04
8.06818181818e-01,1.47017045455e+00,-8.59749424514e-04
8.29545454545e-01,1.47017045455e+00,-8.59749424514e-04
8.52272727273e-01,1.47017045455e+00,-6.28504600441e-04
8.75000000000e-01,1.47017045455e+00,-3.64224801501e-04
8.97727272727e-01,1.47017045455e+00,-1.69971574034e-04
9.20454545455e-01,1.47017045455e+00,0.00000000000e+00
9.43181818182e-01,1.47017045455e+00,0.00000000000e+00
9.65909090909e-01,1.47017045455e+00,0.00000000000e+00
9.88636363636e-01,1.47017045455e+00,0.00000000000e+00
1.13636363636e-02,1.49005681818e+00,0.00000000000e+00
3.40909090909e-02,1.49005681818e+00,0.00000000000e+00
5.68181818182e-02,1.49005681818e+00,0.00000000000e+00
7.95454545455e-02,1.49005681818e+00,0.00000000000e+00
1.02272727273e-01,1.49005681818e+00,0.00000000000e+00
1.25000000000e-01,1.49005681818e+00,-3.95801910667e-04
1.47727272727e-01,1.49005681818e+00,-6.00178210687e-04
1.70454545455e-01,1.49005681818e+00,-6.00178210687e-04
1.93181818182e-01,1.49005681818e+00,-6.00178210687e-04
2.15909090909e-01,1.49005681818e+00,-6.00178210687e-04
2.38636363636e-01,1.49005681818e+00,-6.00178210687e-04
2.61363636364e-01,1.49005681818e+00,-6.41851420492e-04
2.84090909091e-01,1.49005681818e+00,-6.52269722943e-04
3.06818181818e-01,1.49005681818e+00,-6.52269722943e-04
3.29545454545e-01,1.49005681818e+00,-6.52269722943e-04
3.52272727273e-01,1.49005681818e+00,-6.52269722943e-04
3.75000000000e-01,1.49005681818e+00,-6.52269722943e-04
3.97727272727e-01,1.49005681818e+00,-5.91238415936e-04
4.20454545455e-01,1.49005681818e+00,-5.91238415936e-04
4.43181818182e-01,1.49005681818e+00,-5.91238415936e-04
4.65909090909e-01,1.49005681818e+00,-5.91238415936e-04
4.88636363636e-01,1.49005681818e+00,-5.91238415936e-04
5.11363636364e-01,1.49005681818e+00,-5.91238415936e-04
5.34090909091e-01,1.49005681818e+00,-5.91238415936e-04
5.56818181818e-01,1.49005681818e+00,-5.91238415936e-04
5.79545454545e-01,1.49005681818e+00,-5.91238415936e-04
6.02272727273e-01,1.49005681818e+00,-5.91238415936e-04
6.25000000000e-01,1.49005681818e+00,-4.56271810578e-04
6.47727272727e-01,1.49005681818e+00,-2.86583141505e-04
6.70454545455e-01,1.49005681818e+00,-2.86583141505e-04
6.93181818182e-01,1.49005681818e+00,-2.86583141505e-04
7.15909090909e-01,1.49005681818e+00,-2.86583141505e-04
7.38636363636e-01,1.49005681818e+00,-2.86583141505e-04
7.61363636364e-01,1.49005681818e+00,-2.86583141505e-04
7.84090909091e-01,1.49005681818e+00,-2.86583141505e-04
8.06818181818e-01,1.49005681818e+00,-2.86583141505e-04
8.29545454545e-01,1.49005681818e+00,-2.86583141505e-04
8.52272727273e-01,1.49005681818e+00,-2.86583141505e-04
8.75000000000e-01,1.49005681818e+00,-1.21408267167e-04
8.97727272727e-01,1.49005681818e+00,0.00000000000e+00
9.20454545455e-01,1.49005681818e+00,0.00000000000e+00
9.43181818182e-01,1.49005681818e+00,0.00000000000e+00
9.65909090909e-01,1.49005681818e+00,0.00000000000e+00
9.88636363636e-01,1.49005681818e+00,0.00000000000e+00
