x,y,u
6.34943181818e-01,1.13636363636e-02,-8.86578868003e-04
6.54829545455e-01,1.13636363636e-02,-7.43982100702e-04
6.74715909091e-01,1.13636363636e-02,-6.01385333401e-04
6.94602272727e-01,1.13636363636e-02,-4.58788566100e-04
7.14488636364e-01,1.13636363636e-02,-3.16191798799e-04
7.34375000000e-01,1.13636363636e-02,-1.73595031498e-04
7.54261363636e-01,1.13636363636e-02,-1.12719001675e-04
7.74147727273e-01,1.13636363636e-02,-1.01410039002e-04
7.94034090909e-01,1.13636363636e-02,-1.01410039002e-04
8.13920454545e-01,1.13636363636e-02,-1.01410039002e-04
8.33806818182e-01,1.13636363636e-02,-1.01410039002e-04
8.53693181818e-01,1.13636363636e-02,-1.01410039002e-04
8.73579545455e-01,1.13636363636e-02,-1.01410039002e-04
8.93465909091e-01,1.13636363636e-02,-1.01410039002e-04
9.13352272727e-01,1.13636363636e-02,-1.01410039002e-04
9.33238636364e-01,1.13636363636e-02,-1.01410039002e-04
9.53125000000e-01,1.13636363636e-02,-1.01410039002e-04
9.73011363636e-01,1.13636363636e-02,-1.01410039002e-04
9.92897727273e-01,1.13636363636e-02,-9.45135021541e-05
1.01278409091e+00,1.13636363636e-02,-6.34298575284e-05
1.03267045455e+00,1.13636363636e-02,-6.34298575284e-05
1.05255681818e+00,1.13636363636e-02,-6.34298575284e-05
1.07244318182e+00,1.13636363636e-02,-6.34298575284e-05
1.09232954545e+00,1.13636363636e-02,-6.34298575284e-05
1.11221590909e+00,1.13636363636e-02,-6.34298575284e-05
1.13210227273e+00,1.13636363636e-02,-5.05464466914e-05
1.15198863636e+00,1.13636363636e-02,-4.28164001893e-05
1.17187500000e+00,1.13636363636e-02,-4.28164001893e-05
1.19176136364e+00,1.13636363636e-02,-4.28164001893e-05
1.21164772727e+00,1.13636363636e-02,-4.28164001893e-05
1.23153409091e+00,1.13636363636e-02,-4.28164001893e-05
1.25142045455e+00,1.13636363636e-02,-4.28164001893e-05
1.27130681818e+00,1.13636363636e-02,-4.28164001893e-05
1.29119318182e+00,1.13636363636e-02,-4.28164001893e-05
1.31107954545e+00,1.13636363636e-02,-4.28164001893e-05
1.33096590909e+00,1.13636363636e-02,-4.28164001893e-05
1.35085227273e+00,1.13636363636e-02,-4.28164001893e-05
1.37073863636e+00,1.13636363636e-02,-2.95223703005e-05
1.39062500000e+00,1.13636363636e-02,0.00000000000e+00
1.41051136364e+00,1.13636363636e-02,0.00000000000e+00
1.43039772727e+00,1.13636363636e-02,0.00000000000e+00
1.45028409091e+00,1.13636363636e-02,0.00000000000e+00
1.47017045455e+00,1.13636363636e-02,0.00000000000e+00
1.49005681818e+00,1.13636363636e-02,0.00000000000e+00
6.34943181818e-01,3.40909090909e-02,-1.00968829667e-03
6.54829545455e-01,3.40909090909e-02,-8.67091529367e-04
6.74715909091e-01,3.40909090909e-02,-7.24494762066e-04
6.94602272727e-01,3.40909090909e-02,-5.81897994765e-04
7.14488636364e-01,3.40909090909e-02,-4.39301227464e-04
7.34375000000e-01,3.40909090909e-02,-3.90872665700e-04
7.54261363636e-01,3.40909090909e-02,-3.51727760231e-04
7.74147727273e-01,3.40909090909e-02,-3.20062664747e-04
7.94034090909e-01,3.40909090909e-02,-3.04230117005e-04
8.13920454545e-01,3.40909090909e-02,-3.04230117005e-04
8.33806818182e-01,3.40909090909e-02,-3.04230117005e-04
8.53693181818e-01,3.40909090909e-02,-3.04230117005e-04
8.73579545455e-01,3.40909090909e-02,-3.04230117005e-04
8.93465909091e-01,3.40909090909e-02,-3.04230117005e-04
9.13352272727e-01,3.40909090909e-02,-3.04230117005e-04
9.33238636364e-01,3.40909090909e-02,-3.04230117005e-04
9.53125000000e-01,3.40909090909e-02,-3.04230117005e-04
9.73011363636e-01,3.40909090909e-02,-2.92735888926e-04
9.92897727273e-01,3.40909090909e-02,-2.60552050303e-04
1.01278409091e+00,3.40909090909e-02,-2.27019728609e-04
1.03267045455e+00,3.40909090909e-02,-1.92738249653e-04
1.05255681818e+00,3.40909090909e-02,-1.90289572585e-04
1.07244318182e+00,3.40909090909e-02,-1.90289572585e-04
1.09232954545e+00,3.40909090909e-02,-1.90289572585e-04
1.11221590909e+00,3.40909090909e-02,-1.90289572585e-04
1.13210227273e+00,3.40909090909e-02,-1.77406161748e-04
1.15198863636e+00,3.40909090909e-02,-1.41332611405e-04
1.17187500000e+00,3.40909090909e-02,-1.28449200568e-04
1.19176136364e+00,3.40909090909e-02,-1.28449200568e-04
1.21164772727e+00,3.40909090909e-02,-1.28449200568e-04
1.23153409091e+00,3.40909090909e-02,-1.28449200568e-04
1.25142045455e+00,3.40909090909e-02,-1.28449200568e-04
1.27130681818e+00,3.40909090909e-02,-1.28449200568e-04
1.29119318182e+00,3.40909090909e-02,-1.28449200568e-04
1.31107954545e+00,3.40909090909e-02,-1.28449200568e-04
1.33096590909e+00,3.40909090909e-02,-1.28449200568e-04
1.35085227273e+00,3.40909090909e-02,-1.09837558723e-04
1.37073863636e+00,3.40909090909e-02,-7.26142750348e-05
1.39062500000e+00,3.40909090909e-02,-3.50121725967e-05
1.41051136364e+00,3.40909090909e-02,0.00000000000e+00
1.43039772727e+00,3.40909090909e-02,0.00000000000e+00
1.45028409091e+00,3.40909090909e-02,0.00000000000e+00
1.47017045455e+00,3.40909090909e-02,0.00000000000e+00
1.49005681818e+00,3.40909090909e-02,0.00000000000e+00
6.34943181818e-01,5.68181818182e-02,-1.13279772533e-03
6.54829545455e-01,5.68181818182e-02,-9.90200958033e-04
6.74715909091e-01,5.68181818182e-02,-8.47604190732e-04
6.94602272727e-01,5.68181818182e-02,-7.12251131549e-04
7.14488636364e-01,5.68181818182e-02,-6.71066277902e-04
7.34375000000e-01,5.68181818182e-02,-6.29881424256e-04
7.54261363636e-01,5.68181818182e-02,-5.90736518787e-04
7.74147727273e-01,5.68181818182e-02,-5.59071423304e-04
7.94034090909e-01,5.68181818182e-02,-5.27406327820e-04
8.13920454545e-01,5.68181818182e-02,-5.07050195009e-04
8.33806818182e-01,5.68181818182e-02,-5.07050195009e-04
8.53693181818e-01,5.68181818182e-02,-5.07050195009e-04
8.73579545455e-01,5.68181818182e-02,-5.07050195009e-04
8.93465909091e-01,5.68181818182e-02,-5.07050195009e-04
9.13352272727e-01,5.68181818182e-02,-5.07050195009e-04
9.33238636364e-01,5.68181818182e-02,-5.07050195009e-04
9.53125000000e-01,5.68181818182e-02,-4.90958275698e-04
9.73011363636e-01,5.68181818182e-02,-4.58774437075e-04
9.92897727273e-01,5.68181818182e-02,-4.26590598453e-04
1.01278409091e+00,5.68181818182e-02,-3.93058276759e-04
1.03267045455e+00,5.68181818182e-02,-3.58776797803e-04
1.05255681818e+00,5.68181818182e-02,-3.24495318847e-04
1.07244318182e+00,5.68181818182e-02,-3.17149287642e-04
1.09232954545e+00,5.68181818182e-02,-3.17149287642e-04
1.11221590909e+00,5.68181818182e-02,-3.17149287642e-04
1.13210227273e+00,5.68181818182e-02,-3.04265876805e-04
1.15198863636e+00,5.68181818182e-02,-2.68192326461e-04
1.17187500000e+00,5.68181818182e-02,-2.32118776118e-04
1.19176136364e+00,5.68181818182e-02,-2.14082000946e-04
1.21164772727e+00,5.68181818182e-02,-2.14082000946e-04
1.23153409091e+00,5.68181818182e-02,-2.14082000946e-04
1.25142045455e+00,5.68181818182e-02,-2.14082000946e-04
1.27130681818e+00,5.68181818182e-02,-2.14082000946e-04
1.29119318182e+00,5.68181818182e-02,-2.14082000946e-04
1.31107954545e+00,5.68181818182e-02,-2.14082000946e-04
1.33096590909e+00,5.68181818182e-02,-1.90152747147e-04
1.35085227273e+00,5.68181818182e-02,-1.52929463458e-04
1.37073863636e+00,5.68181818182e-02,-1.15706179769e-04
1.39062500000e+00,5.68181818182e-02,-7.81040773310e-05
1.41051136364e+00,5.68181818182e-02,-4.03986606885e-05
1.43039772727e+00,5.68181818182e-02,-2.69324404590e-06
1.45028409091e+00,5.68181818182e-02,0.00000000000e+00
1.47017045455e+00,5.68181818182e-02,0.00000000000e+00
1.49005681818e+00,5.68181818182e-02,0.00000000000e+00
6.34943181818e-01,7.95454545455e-02,-1.25590715400e-03
6.54829545455e-01,7.95454545455e-02,-1.11331038670e-03
6.74715909091e-01,7.95454545455e-02,-9.92444743751e-04
6.94602272727e-01,7.95454545455e-02,-9.51259890105e-04
7.14488636364e-01,7.95454545455e-02,-9.10075036459e-04
7.34375000000e-01,7.95454545455e-02,-8.68890182812e-04
7.54261363636e-01,7.95454545455e-02,-8.29745277344e-04
7.74147727273e-01,7.95454545455e-02,-7.98080181860e-04
7.94034090909e-01,7.95454545455e-02,-7.66415086376e-04
8.13920454545e-01,7.95454545455e-02,-7.34749990893e-04
8.33806818182e-01,7.95454545455e-02,-7.09870273013e-04
8.53693181818e-01,7.95454545455e-02,-7.09870273013e-04
8.73579545455e-01,7.95454545455e-02,-7.09870273013e-04
8.93465909091e-01,7.95454545455e-02,-7.09870273013e-04
9.13352272727e-01,7.95454545455e-02,-7.09870273013e-04
9.33238636364e-01,7.95454545455e-02,-6.89180662470e-04
9.53125000000e-01,7.95454545455e-02,-6.56996823847e-04
9.73011363636e-01,7.95454545455e-02,-6.24812985225e-04
9.92897727273e-01,7.95454545455e-02,-5.92629146602e-04
1.01278409091e+00,7.95454545455e-02,-5.59096824908e-04
1.03267045455e+00,7.95454545455e-02,-5.24815345952e-04
1.05255681818e+00,7.95454545455e-02,-4.90533866996e-04
1.07244318182e+00,7.95454545455e-02,-4.56252388040e-04
1.09232954545e+00,7.95454545455e-02,-4.44009002699e-04
1.11221590909e+00,7.95454545455e-02,-4.44009002699e-04
1.13210227273e+00,7.95454545455e-02,-4.31125591862e-04
1.15198863636e+00,7.95454545455e-02,-3.95052041518e-04
1.17187500000e+00,7.95454545455e-02,-3.58978491175e-04
1.19176136364e+00,7.95454545455e-02,-3.22904940831e-04
1.21164772727e+00,7.95454545455e-02,-2.99714801325e-04
1.23153409091e+00,7.95454545455e-02,-2.99714801325e-04
1.25142045455e+00,7.95454545455e-02,-2.99714801325e-04
1.27130681818e+00,7.95454545455e-02,-2.99714801325e-04
1.29119318182e+00,7.95454545455e-02,-2.99714801325e-04
1.31107954545e+00,7.95454545455e-02,-2.70467935570e-04
1.33096590909e+00,7.95454545455e-02,-2.33244651881e-04
1.35085227273e+00,7.95454545455e-02,-1.96021368192e-04
1.37073863636e+00,7.95454545455e-02,-1.58798084504e-04
1.39062500000e+00,7.95454545455e-02,-1.21195982065e-04
1.41051136364e+00,7.95454545455e-02,-8.34905654228e-05
1.43039772727e+00,7.95454545455e-02,-4.57851487803e-05
1.45028409091e+00,7.95454545455e-02,-8.07973213769e-06
1.47017045455e+00,7.95454545455e-02,0.00000000000e+00
1.49005681818e+00,7.95454545455e-02,0.00000000000e+00
6.34943181818e-01,1.02272727273e-01,-1.37901658266e-03
6.54829545455e-01,1.02272727273e-01,-1.27263835595e-03
6.74715909091e-01,1.02272727273e-01,-1.23145350231e-03
6.94602272727e-01,1.02272727273e-01,-1.19026864866e-03
7.14488636364e-01,1.02272727273e-01,-1.14908379501e-03
7.34375000000e-01,1.02272727273e-01,-1.10789894137e-03
7.54261363636e-01,1.02272727273e-01,-1.06875403590e-03
7.74147727273e-01,1.02272727273e-01,-1.03708894042e-03
7.94034090909e-01,1.02272727273e-01,-1.00542384493e-03
8.13920454545e-01,1.02272727273e-01,-9.73758749449e-04
8.33806818182e-01,1.02272727273e-01,-9.42093653965e-04
8.53693181818e-01,1.02272727273e-01,-9.12690351016e-04
8.73579545455e-01,1.02272727273e-01,-9.12690351016e-04
8.93465909091e-01,1.02272727273e-01,-9.12690351016e-04
9.13352272727e-01,1.02272727273e-01,-8.87403049241e-04
9.33238636364e-01,1.02272727273e-01,-8.55219210619e-04
9.53125000000e-01,1.02272727273e-01,-8.23035371996e-04
9.73011363636e-01,1.02272727273e-01,-7.90851533374e-04
9.92897727273e-01,1.02272727273e-01,-7.58667694751e-04
1.01278409091e+00,1.02272727273e-01,-7.25135373057e-04
1.03267045455e+00,1.02272727273e-01,-6.90853894101e-04
1.05255681818e+00,1.02272727273e-01,-6.56572415145e-04
1.07244318182e+00,1.02272727273e-01,-6.22290936189e-04
1.09232954545e+00,1.02272727273e-01,-5.88009457233e-04
1.11221590909e+00,1.02272727273e-01,-5.70868717755e-04
1.13210227273e+00,1.02272727273e-01,-5.57985306918e-04
1.15198863636e+00,1.02272727273e-01,-5.21911756575e-04
1.17187500000e+00,1.02272727273e-01,-4.85838206232e-04
1.19176136364e+00,1.02272727273e-01,-4.49764655888e-04
1.21164772727e+00,1.02272727273e-01,-4.13691105545e-04
1.23153409091e+00,1.02272727273e-01,-3.85347601703e-04
1.25142045455e+00,1.02272727273e-01,-3.85347601703e-04
1.27130681818e+00,1.02272727273e-01,-3.85347601703e-04
1.29119318182e+00,1.02272727273e-01,-3.50783123993e-04
1.31107954545e+00,1.02272727273e-01,-3.13559840304e-04
1.33096590909e+00,1.02272727273e-01,-2.76336556615e-04
1.35085227273e+00,1.02272727273e-01,-2.39113272927e-04
1.37073863636e+00,1.02272727273e-01,-2.01889989238e-04
1.39062500000e+00,1.02272727273e-01,-1.64287886800e-04
1.41051136364e+00,1.02272727273e-01,-1.26582470157e-04
1.43039772727e+00,1.02272727273e-01,-8.88770535146e-05
1.45028409091e+00,1.02272727273e-01,-5.11716368721e-05
1.47017045455e+00,1.02272727273e-01,-1.34662202295e-05
1.49005681818e+00,1.02272727273e-01,0.00000000000e+00
6.34943181818e-01,1.25000000000e-01,-1.55283196816e-03
6.54829545455e-01,1.25000000000e-01,-1.51164711451e-03
6.74715909091e-01,1.25000000000e-01,-1.47046226086e-03
6.94602272727e-01,1.25000000000e-01,-1.42927740722e-03
7.14488636364e-01,1.25000000000e-01,-1.38809255357e-03
7.34375000000e-01,1.25000000000e-01,-1.34690769992e-03
7.54261363636e-01,1.25000000000e-01,-1.30776279446e-03
7.74147727273e-01,1.25000000000e-01,-1.27609769897e-03
7.94034090909e-01,1.25000000000e-01,-1.24443260349e-03
8.13920454545e-01,1.25000000000e-01,-1.21276750801e-03
8.33806818182e-01,1.25000000000e-01,-1.18110241252e-03
8.53693181818e-01,1.25000000000e-01,-1.14943731704e-03
8.73579545455e-01,1.25000000000e-01,-1.11777222155e-03
8.93465909091e-01,1.25000000000e-01,-1.08562543601e-03
9.13352272727e-01,1.25000000000e-01,-1.05344159739e-03
9.33238636364e-01,1.25000000000e-01,-1.02125775877e-03
9.53125000000e-01,1.25000000000e-01,-9.89073920146e-04
9.73011363636e-01,1.25000000000e-01,-9.56890081523e-04
9.92897727273e-01,1.25000000000e-01,-9.24706242900e-04
1.01278409091e+00,1.25000000000e-01,-8.91173921206e-04
1.03267045455e+00,1.25000000000e-01,-8.56892442250e-04
1.05255681818e+00,1.25000000000e-01,-8.22610963294e-04
1.07244318182e+00,1.25000000000e-01,-7.88329484339e-04
1.09232954545e+00,1.25000000000e-01,-7.54048005383e-04
1.11221590909e+00,1.25000000000e-01,-7.19766526427e-04
1.13210227273e+00,1.25000000000e-01,-6.84845021975e-04
1.15198863636e+00,1.25000000000e-01,-6.48771471632e-04
1.17187500000e+00,1.25000000000e-01,-6.12697921288e-04
1.19176136364e+00,1.25000000000e-01,-5.76624370945e-04
1.21164772727e+00,1.25000000000e-01,-5.40550820601e-04
1.23153409091e+00,1.25000000000e-01,-5.04477270258e-04
1.25142045455e+00,1.25000000000e-01,-4.68321596104e-04
1.27130681818e+00,1.25000000000e-01,-4.31098312416e-04
1.29119318182e+00,1.25000000000e-01,-3.93875028727e-04
1.31107954545e+00,1.25000000000e-01,-3.56651745038e-04
1.33096590909e+00,1.25000000000e-01,-3.19428461350e-04
1.35085227273e+00,1.25000000000e-01,-2.82205177661e-04
1.37073863636e+00,1.25000000000e-01,-2.44981893972e-04
1.39062500000e+00,1.25000000000e-01,-2.07379791534e-04
1.41051136364e+00,1.25000000000e-01,-1.69674374892e-04
1.43039772727e+00,1.25000000000e-01,-1.31968958249e-04
1.45028409091e+00,1.25000000000e-01,-9.42635416064e-05
1.47017045455e+00,1.25000000000e-01,-5.65581249639e-05
1.49005681818e+00,1.25000000000e-01,-1.88527083213e-05
6.34943181818e-01,1.47727272727e-01,-1.66715438667e-03
6.54829545455e-01,1.47727272727e-01,-1.63874771263e-03
6.74715909091e-01,1.47727272727e-01,-1.59756285899e-03
6.94602272727e-01,1.47727272727e-01,-1.55637800534e-03
7.14488636364e-01,1.47727272727e-01,-1.51519315170e-03
7.34375000000e-01,1.47727272727e-01,-1.47400829805e-03
7.54261363636e-01,1.47727272727e-01,-1.43486339258e-03
7.74147727273e-01,1.47727272727e-01,-1.40319829710e-03
7.94034090909e-01,1.47727272727e-01,-1.37153320161e-03
8.13920454545e-01,1.47727272727e-01,-1.33986810613e-03
8.33806818182e-01,1.47727272727e-01,-1.30820301065e-03
8.53693181818e-01,1.47727272727e-01,-1.27604267395e-03
8.73579545455e-01,1.47727272727e-01,-1.23744420153e-03
8.93465909091e-01,1.47727272727e-01,-1.20480217478e-03
9.13352272727e-01,1.47727272727e-01,-1.17261833616e-03
9.33238636364e-01,1.47727272727e-01,-1.14043449754e-03
9.53125000000e-01,1.47727272727e-01,-1.10825065891e-03
9.73011363636e-01,1.47727272727e-01,-1.07606682029e-03
9.92897727273e-01,1.47727272727e-01,-1.03140643749e-03
1.01278409091e+00,1.47727272727e-01,-9.79455841835e-04
1.03267045455e+00,1.47727272727e-01,-9.35259938148e-04
1.05255681818e+00,1.47727272727e-01,-9.00978459192e-04
1.07244318182e+00,1.47727272727e-01,-8.66696980236e-04
1.09232954545e+00,1.47727272727e-01,-8.32415501280e-04
1.11221590909e+00,1.47727272727e-01,-7.98134022324e-04
1.13210227273e+00,1.47727272727e-01,-7.63212517873e-04
1.15198863636e+00,1.47727272727e-01,-7.27138967529e-04
1.17187500000e+00,1.47727272727e-01,-6.91065417186e-04
1.19176136364e+00,1.47727272727e-01,-6.54991866843e-04
1.21164772727e+00,1.47727272727e-01,-6.18918316499e-04
1.23153409091e+00,1.47727272727e-01,-5.78146512021e-04
1.25142045455e+00,1.47727272727e-01,-5.19984045988e-04
1.27130681818e+00,1.47727272727e-01,-4.59693093542e-04
1.29119318182e+00,1.47727272727e-01,-4.20822119227e-04
1.31107954545e+00,1.47727272727e-01,-3.83598835539e-04
1.33096590909e+00,1.47727272727e-01,-3.46375551850e-04
1.35085227273e+00,1.47727272727e-01,-3.09152268161e-04
1.37073863636e+00,1.47727272727e-01,-2.71928984473e-04
1.39062500000e+00,1.47727272727e-01,-2.34326882034e-04
1.41051136364e+00,1.47727272727e-01,-1.96621465392e-04
1.43039772727e+00,1.47727272727e-01,-1.58916048749e-04
1.45028409091e+00,1.47727272727e-01,-1.21210632107e-04
1.47017045455e+00,1.47727272727e-01,-8.35052154642e-05
1.49005681818e+00,1.47727272727e-01,-3.06420604152e-05
6.34943181818e-01,1.70454545455e-01,-1.77153822105e-03
6.54829545455e-01,1.70454545455e-01,-1.75023053568e-03
6.74715909091e-01,1.70454545455e-01,-1.72466345711e-03
6.94602272727e-01,1.70454545455e-01,-1.68347860347e-03
7.14488636364e-01,1.70454545455e-01,-1.64229374982e-03
7.34375000000e-01,1.70454545455e-01,-1.60110889617e-03
7.54261363636e-01,1.70454545455e-01,-1.56196399070e-03
7.74147727273e-01,1.70454545455e-01,-1.53029889522e-03
7.94034090909e-01,1.70454545455e-01,-1.49863379974e-03
8.13920454545e-01,1.70454545455e-01,-1.46696870425e-03
8.33806818182e-01,1.70454545455e-01,-1.43381788514e-03
8.53693181818e-01,1.70454545455e-01,-1.39521941272e-03
8.73579545455e-01,1.70454545455e-01,-1.35662094030e-03
8.93465909091e-01,1.70454545455e-01,-1.32397891355e-03
9.13352272727e-01,1.70454545455e-01,-1.29179507493e-03
9.33238636364e-01,1.70454545455e-01,-1.25961123630e-03
9.53125000000e-01,1.70454545455e-01,-1.22742739768e-03
9.73011363636e-01,1.70454545455e-01,-1.18049855230e-03
9.92897727273e-01,1.70454545455e-01,-1.13243547563e-03
1.01278409091e+00,1.70454545455e-01,-1.08048487997e-03
1.03267045455e+00,1.70454545455e-01,-1.02637455156e-03
1.05255681818e+00,1.70454545455e-01,-9.79345955090e-04
1.07244318182e+00,1.70454545455e-01,-9.45064476134e-04
1.09232954545e+00,1.70454545455e-01,-9.10782997178e-04
1.11221590909e+00,1.70454545455e-01,-8.76501518222e-04
1.13210227273e+00,1.70454545455e-01,-8.41580013771e-04
1.15198863636e+00,1.70454545455e-01,-8.05506463427e-04
1.17187500000e+00,1.70454545455e-01,-7.69432913084e-04
1.19176136364e+00,1.70454545455e-01,-7.33359362740e-04
1.21164772727e+00,1.70454545455e-01,-6.89455388838e-04
1.23153409091e+00,1.70454545455e-01,-6.31456652530e-04
1.25142045455e+00,1.70454545455e-01,-5.73294186498e-04
1.27130681818e+00,1.70454545455e-01,-5.13003234051e-04
1.29119318182e+00,1.70454545455e-01,-4.52712281604e-04
1.31107954545e+00,1.70454545455e-01,-4.10545926039e-04
1.33096590909e+00,1.70454545455e-01,-3.73322642350e-04
1.35085227273e+00,1.70454545455e-01,-3.36099358662e-04
1.37073863636e+00,1.70454545455e-01,-2.98876074973e-04
1.39062500000e+00,1.70454545455e-01,-2.61273972535e-04
1.41051136364e+00,1.70454545455e-01,-2.23568555892e-04
1.43039772727e+00,1.70454545455e-01,-1.85863139250e-04
1.45028409091e+00,1.70454545455e-01,-1.48157722607e-04
1.47017045455e+00,1.70454545455e-01,-9.19261812456e-05
1.49005681818e+00,1.70454545455e-01,-3.06420604152e-05
6.34943181818e-01,1.93181818182e-01,-1.87592205543e-03
6.54829545455e-01,1.93181818182e-01,-1.85461437006e-03
6.74715909091e-01,1.93181818182e-01,-1.83330668469e-03
6.94602272727e-01,1.93181818182e-01,-1.81057920159e-03
7.14488636364e-01,1.93181818182e-01,-1.76939434794e-03
7.34375000000e-01,1.93181818182e-01,-1.72820949430e-03
7.54261363636e-01,1.93181818182e-01,-1.68906458883e-03
7.74147727273e-01,1.93181818182e-01,-1.65739949334e-03
7.94034090909e-01,1.93181818182e-01,-1.62573439786e-03
8.13920454545e-01,1.93181818182e-01,-1.59159309633e-03
8.33806818182e-01,1.93181818182e-01,-1.55299462391e-03
8.53693181818e-01,1.93181818182e-01,-1.51439615149e-03
8.73579545455e-01,1.93181818182e-01,-1.47579767907e-03
8.93465909091e-01,1.93181818182e-01,-1.44315565232e-03
9.13352272727e-01,1.93181818182e-01,-1.41097181369e-03
9.33238636364e-01,1.93181818182e-01,-1.37765374378e-03
9.53125000000e-01,1.93181818182e-01,-1.32959066711e-03
9.73011363636e-01,1.93181818182e-01,-1.28152759044e-03
9.92897727273e-01,1.93181818182e-01,-1.23346451377e-03
1.01278409091e+00,1.93181818182e-01,-1.18151391811e-03
1.03267045455e+00,1.93181818182e-01,-1.12740358970e-03
1.05255681818e+00,1.93181818182e-01,-1.07329326128e-03
1.07244318182e+00,1.93181818182e-01,-1.02343197203e-03
1.09232954545e+00,1.93181818182e-01,-9.89150493076e-04
1.11221590909e+00,1.93181818182e-01,-9.54869014120e-04
1.13210227273e+00,1.93181818182e-01,-9.19947509669e-04
1.15198863636e+00,1.93181818182e-01,-8.83873959325e-04
1.17187500000e+00,1.93181818182e-01,-8.47800408982e-04
1.19176136364e+00,1.93181818182e-01,-8.00764265656e-04
1.21164772727e+00,1.93181818182e-01,-7.42765529348e-04
1.23153409091e+00,1.93181818182e-01,-6.84766793040e-04
1.25142045455e+00,1.93181818182e-01,-6.26604327008e-04
1.27130681818e+00,1.93181818182e-01,-5.66313374561e-04
1.29119318182e+00,1.93181818182e-01,-5.06022422114e-04
1.31107954545e+00,1.93181818182e-01,-4.45731469667e-04
1.33096590909e+00,1.93181818182e-01,-4.00269732851e-04
1.35085227273e+00,1.93181818182e-01,-3.63046449162e-04
1.37073863636e+00,1.93181818182e-01,-3.25823165473e-04
1.39062500000e+00,1.93181818182e-01,-2.88221063035e-04
1.41051136364e+00,1.93181818182e-01,-2.50515646393e-04
1.43039772727e+00,1.93181818182e-01,-2.12810229750e-04
1.45028409091e+00,1.93181818182e-01,-1.53210302076e-04
1.47017045455e+00,1.93181818182e-01,-9.19261812456e-05
1.49005681818e+00,1.93181818182e-01,-3.06420604152e-05
6.34943181818e-01,2.15909090909e-01,-1.98030588981e-03
6.54829545455e-01,2.15909090909e-01,-1.95899820444e-03
6.74715909091e-01,2.15909090909e-01,-1.93769051907e-03
6.94602272727e-01,2.15909090909e-01,-1.91638283370e-03
7.14488636364e-01,2.15909090909e-01,-1.89507514833e-03
7.34375000000e-01,2.15909090909e-01,-1.85531009242e-03
7.54261363636e-01,2.15909090909e-01,-1.81616518695e-03
7.74147727273e-01,2.15909090909e-01,-1.78450009147e-03
7.94034090909e-01,2.15909090909e-01,-1.74936830752e-03
8.13920454545e-01,2.15909090909e-01,-1.71076983509e-03
8.33806818182e-01,2.15909090909e-01,-1.67217136267e-03
8.53693181818e-01,2.15909090909e-01,-1.63357289025e-03
8.73579545455e-01,2.15909090909e-01,-1.59497441783e-03
8.93465909091e-01,2.15909090909e-01,-1.56233239108e-03
9.13352272727e-01,2.15909090909e-01,-1.52674585859e-03
9.33238636364e-01,2.15909090909e-01,-1.47868278192e-03
9.53125000000e-01,2.15909090909e-01,-1.43061970525e-03
9.73011363636e-01,2.15909090909e-01,-1.38255662858e-03
9.92897727273e-01,2.15909090909e-01,-1.33449355191e-03
1.01278409091e+00,2.15909090909e-01,-1.28254295625e-03
1.03267045455e+00,2.15909090909e-01,-1.22843262784e-03
1.05255681818e+00,2.15909090909e-01,-1.17432229942e-03
1.07244318182e+00,2.15909090909e-01,-1.12021197100e-03
1.09232954545e+00,2.15909090909e-01,-1.06751798897e-03
1.11221590909e+00,2.15909090909e-01,-1.03323651002e-03
1.13210227273e+00,2.15909090909e-01,-9.98315005566e-04
1.15198863636e+00,2.15909090909e-01,-9.62241455223e-04
1.17187500000e+00,2.15909090909e-01,-9.12073142474e-04
1.19176136364e+00,2.15909090909e-01,-8.54074406166e-04
1.21164772727e+00,2.15909090909e-01,-7.96075669858e-04
1.23153409091e+00,2.15909090909e-01,-7.38076933549e-04
1.25142045455e+00,2.15909090909e-01,-6.79914467517e-04
1.27130681818e+00,2.15909090909e-01,-6.19623515070e-04
1.29119318182e+00,2.15909090909e-01,-5.59332562624e-04
1.31107954545e+00,2.15909090909e-01,-4.99041610177e-04
1.33096590909e+00,2.15909090909e-01,-4.38750657730e-04
1.35085227273e+00,2.15909090909e-01,-3.89993539662e-04
1.37073863636e+00,2.15909090909e-01,-3.52770255974e-04
1.39062500000e+00,2.15909090909e-01,-3.15168153536e-04
1.41051136364e+00,2.15909090909e-01,-2.75778543737e-04
1.43039772727e+00,2.15909090909e-01,-2.14494422906e-04
1.45028409091e+00,2.15909090909e-01,-1.53210302076e-04
1.47017045455e+00,2.15909090909e-01,-9.19261812456e-05
1.49005681818e+00,2.15909090909e-01,-3.06420604152e-05
6.34943181818e-01,2.38636363636e-01,-2.08468972419e-03
6.54829545455e-01,2.38636363636e-01,-2.06338203882e-03
6.74715909091e-01,2.38636363636e-01,-2.04207435345e-03
6.94602272727e-01,2.38636363636e-01,-2.02076666808e-03
7.14488636364e-01,2.38636363636e-01,-1.99945898271e-03
7.34375000000e-01,2.38636363636e-01,-1.97815129734e-03
7.54261363636e-01,2.38636363636e-01,-1.94326578507e-03
7.74147727273e-01,2.38636363636e-01,-1.90714351870e-03
7.94034090909e-01,2.38636363636e-01,-1.86854504628e-03
8.13920454545e-01,2.38636363636e-01,-1.82994657386e-03
8.33806818182e-01,2.38636363636e-01,-1.79134810144e-03
8.53693181818e-01,2.38636363636e-01,-1.75274962902e-03
8.73579545455e-01,2.38636363636e-01,-1.71415115660e-03
8.93465909091e-01,2.38636363636e-01,-1.67583797340e-03
9.13352272727e-01,2.38636363636e-01,-1.62777489673e-03
9.33238636364e-01,2.38636363636e-01,-1.57971182006e-03
9.53125000000e-01,2.38636363636e-01,-1.53164874339e-03
9.73011363636e-01,2.38636363636e-01,-1.48358566672e-03
9.92897727273e-01,2.38636363636e-01,-1.43552259005e-03
1.01278409091e+00,2.38636363636e-01,-1.38357199439e-03
1.03267045455e+00,2.38636363636e-01,-1.32946166598e-03
1.05255681818e+00,2.38636363636e-01,-1.27535133756e-03
1.07244318182e+00,2.38636363636e-01,-1.22124100914e-03
1.09232954545e+00,2.38636363636e-01,-1.16713068072e-03
1.11221590909e+00,2.38636363636e-01,-1.11302035231e-03
1.13210227273e+00,2.38636363636e-01,-1.07668250146e-03
1.15198863636e+00,2.38636363636e-01,-1.02338201929e-03
1.17187500000e+00,2.38636363636e-01,-9.65383282983e-04
1.19176136364e+00,2.38636363636e-01,-9.07384546675e-04
1.21164772727e+00,2.38636363636e-01,-8.49385810367e-04
1.23153409091e+00,2.38636363636e-01,-7.91387074059e-04
1.25142045455e+00,2.38636363636e-01,-7.33224608027e-04
1.27130681818e+00,2.38636363636e-01,-6.72933655580e-04
1.29119318182e+00,2.38636363636e-01,-6.12642703133e-04
1.31107954545e+00,2.38636363636e-01,-5.52351750687e-04
1.33096590909e+00,2.38636363636e-01,-4.92060798240e-04
1.35085227273e+00,2.38636363636e-01,-4.31769845793e-04
1.37073863636e+00,2.38636363636e-01,-3.79717346474e-04
1.39062500000e+00,2.38636363636e-01,-3.37062664567e-04
1.41051136364e+00,2.38636363636e-01,-2.75778543737e-04
1.43039772727e+00,2.38636363636e-01,-2.14494422906e-04
1.45028409091e+00,2.38636363636e-01,-1.53210302076e-04
1.47017045455e+00,2.38636363636e-01,-9.19261812456e-05
1.49005681818e+00,2.38636363636e-01,-3.06420604152e-05
6.34943181818e-01,2.61363636364e-01,-2.16436725608e-03
6.54829545455e-01,2.61363636364e-01,-2.14335437194e-03
6.74715909091e-01,2.61363636364e-01,-2.12204668657e-03
6.94602272727e-01,2.61363636364e-01,-2.10073900120e-03
7.14488636364e-01,2.61363636364e-01,-2.07943131583e-03
7.34375000000e-01,2.61363636364e-01,-2.05812363046e-03
7.54261363636e-01,2.61363636364e-01,-2.03311077644e-03
7.74147727273e-01,2.61363636364e-01,-1.99451230402e-03
7.94034090909e-01,2.61363636364e-01,-1.95591383160e-03
8.13920454545e-01,2.61363636364e-01,-1.91731535918e-03
8.33806818182e-01,2.61363636364e-01,-1.87871688676e-03
8.53693181818e-01,2.61363636364e-01,-1.84011841434e-03
8.73579545455e-01,2.61363636364e-01,-1.80077744604e-03
8.93465909091e-01,2.61363636364e-01,-1.74985959986e-03
9.13352272727e-01,2.61363636364e-01,-1.70179652319e-03
9.33238636364e-01,2.61363636364e-01,-1.65373344652e-03
9.53125000000e-01,2.61363636364e-01,-1.60567036985e-03
9.73011363636e-01,2.61363636364e-01,-1.55760729317e-03
9.92897727273e-01,2.61363636364e-01,-1.50954421650e-03
1.01278409091e+00,2.61363636364e-01,-1.45759362085e-03
1.03267045455e+00,2.61363636364e-01,-1.40348329243e-03
1.05255681818e+00,2.61363636364e-01,-1.34937296402e-03
1.07244318182e+00,2.61363636364e-01,-1.29526263560e-03
1.09232954545e+00,2.61363636364e-01,-1.24115230718e-03
1.11221590909e+00,2.61363636364e-01,-1.18704197876e-03
1.13210227273e+00,2.61363636364e-01,-1.12296804370e-03
1.15198863636e+00,2.61363636364e-01,-1.06279203210e-03
1.17187500000e+00,2.61363636364e-01,-1.00479329579e-03
1.19176136364e+00,2.61363636364e-01,-9.46794559480e-04
1.21164772727e+00,2.61363636364e-01,-8.88795823172e-04
1.23153409091e+00,2.61363636364e-01,-8.30797086864e-04
1.25142045455e+00,2.61363636364e-01,-7.72634620831e-04
1.27130681818e+00,2.61363636364e-01,-7.12343668385e-04
1.29119318182e+00,2.61363636364e-01,-6.52052715938e-04
1.31107954545e+00,2.61363636364e-01,-5.91761763491e-04
1.33096590909e+00,2.61363636364e-01,-5.31470811044e-04
1.35085227273e+00,2.61363636364e-01,-4.71179858598e-04
1.37073863636e+00,2.61363636364e-01,-4.06968472611e-04
1.39062500000e+00,2.61363636364e-01,-3.37062664567e-04
1.41051136364e+00,2.61363636364e-01,-2.75778543737e-04
1.43039772727e+00,2.61363636364e-01,-2.14494422906e-04
1.45028409091e+00,2.61363636364e-01,-1.53210302076e-04
1.47017045455e+00,2.61363636364e-01,-9.19261812456e-05
1.49005681818e+00,2.61363636364e-01,-3.06420604152e-05
6.34943181818e-01,2.84090909091e-01,-2.21521126823e-03
6.54829545455e-01,2.84090909091e-01,-2.19803080011e-03
6.74715909091e-01,2.84090909091e-01,-2.17760751844e-03
6.94602272727e-01,2.84090909091e-01,-2.15629983307e-03
7.14488636364e-01,2.84090909091e-01,-2.13499214770e-03
7.34375000000e-01,2.84090909091e-01,-2.11368446233e-03
7.54261363636e-01,2.84090909091e-01,-2.08867160831e-03
7.74147727273e-01,2.84090909091e-01,-2.05007313589e-03
7.94034090909e-01,2.84090909091e-01,-2.01147466347e-03
8.13920454545e-01,2.84090909091e-01,-1.97287619105e-03
8.33806818182e-01,2.84090909091e-01,-1.93427771863e-03
8.53693181818e-01,2.84090909091e-01,-1.89472460865e-03
8.73579545455e-01,2.84090909091e-01,-1.85464114447e-03
8.93465909091e-01,2.84090909091e-01,-1.80158283465e-03
9.13352272727e-01,2.84090909091e-01,-1.74881073796e-03
9.33238636364e-01,2.84090909091e-01,-1.70074766129e-03
9.53125000000e-01,2.84090909091e-01,-1.65268458462e-03
9.73011363636e-01,2.84090909091e-01,-1.60462150795e-03
9.92897727273e-01,2.84090909091e-01,-1.55655843127e-03
1.01278409091e+00,2.84090909091e-01,-1.50460783562e-03
1.03267045455e+00,2.84090909091e-01,-1.45049750721e-03
1.05255681818e+00,2.84090909091e-01,-1.39638717879e-03
1.07244318182e+00,2.84090909091e-01,-1.34227685037e-03
1.09232954545e+00,2.84090909091e-01,-1.28754825978e-03
1.11221590909e+00,2.84090909091e-01,-1.22478226096e-03
1.13210227273e+00,2.84090909091e-01,-1.16009006372e-03
1.15198863636e+00,2.84090909091e-01,-1.09193070936e-03
1.17187500000e+00,2.84090909091e-01,-1.03030318089e-03
1.19176136364e+00,2.84090909091e-01,-9.72304444580e-04
1.21164772727e+00,2.84090909091e-01,-9.14305708271e-04
1.23153409091e+00,2.84090909091e-01,-8.56306971963e-04
1.25142045455e+00,2.84090909091e-01,-7.98144505931e-04
1.27130681818e+00,2.84090909091e-01,-7.37853553484e-04
1.29119318182e+00,2.84090909091e-01,-6.77562601038e-04
1.31107954545e+00,2.84090909091e-01,-6.17271648591e-04
1.33096590909e+00,2.84090909091e-01,-5.56980696144e-04
1.35085227273e+00,2.84090909091e-01,-4.91201136741e-04
1.37073863636e+00,2.84090909091e-01,-4.19932970383e-04
1.39062500000e+00,2.84090909091e-01,-3.47596319007e-04
1.41051136364e+00,2.84090909091e-01,-2.75778543737e-04
1.43039772727e+00,2.84090909091e-01,-2.14494422906e-04
1.45028409091e+00,2.84090909091e-01,-1.53210302076e-04
1.47017045455e+00,2.84090909091e-01,-9.19261812456e-05
1.49005681818e+00,2.84090909091e-01,-3.06420604152e-05
6.34943181818e-01,3.06818181818e-01,-2.26605528038e-03
6.54829545455e-01,3.06818181818e-01,-2.24887481226e-03
6.74715909091e-01,3.06818181818e-01,-2.23169434415e-03
6.94602272727e-01,3.06818181818e-01,-2.21186066494e-03
7.14488636364e-01,3.06818181818e-01,-2.19055297957e-03
7.34375000000e-01,3.06818181818e-01,-2.16924529420e-03
7.54261363636e-01,3.06818181818e-01,-2.14423244018e-03
7.74147727273e-01,3.06818181818e-01,-2.10563396776e-03
7.94034090909e-01,3.06818181818e-01,-2.06703549534e-03
8.13920454545e-01,3.06818181818e-01,-2.02843702292e-03
8.33806818182e-01,3.06818181818e-01,-1.98867177126e-03
8.53693181818e-01,3.06818181818e-01,-1.94858830708e-03
8.73579545455e-01,3.06818181818e-01,-1.90850484290e-03
8.93465909091e-01,3.06818181818e-01,-1.85544653308e-03
9.13352272727e-01,3.06818181818e-01,-1.80139015821e-03
9.33238636364e-01,3.06818181818e-01,-1.74776187606e-03
9.53125000000e-01,3.06818181818e-01,-1.69969879939e-03
9.73011363636e-01,3.06818181818e-01,-1.65163572272e-03
9.92897727273e-01,3.06818181818e-01,-1.60357264605e-03
1.01278409091e+00,3.06818181818e-01,-1.55162205040e-03
1.03267045455e+00,3.06818181818e-01,-1.49751172198e-03
1.05255681818e+00,3.06818181818e-01,-1.44340139356e-03
1.07244318182e+00,3.06818181818e-01,-1.38743627863e-03
1.09232954545e+00,3.06818181818e-01,-1.32467027980e-03
1.11221590909e+00,3.06818181818e-01,-1.26190428098e-03
1.13210227273e+00,3.06818181818e-01,-1.19721208375e-03
1.15198863636e+00,3.06818181818e-01,-1.12905272938e-03
1.17187500000e+00,3.06818181818e-01,-1.06089337502e-03
1.19176136364e+00,3.06818181818e-01,-9.97814329679e-04
1.21164772727e+00,3.06818181818e-01,-9.39815593371e-04
1.23153409091e+00,3.06818181818e-01,-8.81816857063e-04
1.25142045455e+00,3.06818181818e-01,-8.23654391031e-04
1.27130681818e+00,3.06818181818e-01,-7.63363438584e-04
1.29119318182e+00,3.06818181818e-01,-7.03072486137e-04
1.31107954545e+00,3.06818181818e-01,-6.42781533690e-04
1.33096590909e+00,3.06818181818e-01,-5.75433800872e-04
1.35085227273e+00,3.06818181818e-01,-5.04165634513e-04
1.37073863636e+00,3.06818181818e-01,-4.32897468155e-04
1.39062500000e+00,3.06818181818e-01,-3.60560816779e-04
1.41051136364e+00,3.06818181818e-01,-2.87932760398e-04
1.43039772727e+00,3.06818181818e-01,-2.15304704017e-04
1.45028409091e+00,3.06818181818e-01,-1.53210302076e-04
1.47017045455e+00,3.06818181818e-01,-9.19261812456e-05
1.49005681818e+00,3.06818181818e-01,-3.06420604152e-05
6.34943181818e-01,3.29545454545e-01,-2.31689929253e-03
6.54829545455e-01,3.29545454545e-01,-2.29971882441e-03
6.74715909091e-01,3.29545454545e-01,-2.28253835630e-03
6.94602272727e-01,3.29545454545e-01,-2.26535788818e-03
7.14488636364e-01,3.29545454545e-01,-2.24611381144e-03
7.34375000000e-01,3.29545454545e-01,-2.22480612607e-03
7.54261363636e-01,3.29545454545e-01,-2.19979327205e-03
7.74147727273e-01,3.29545454545e-01,-2.16119479963e-03
7.94034090909e-01,3.29545454545e-01,-2.12259632721e-03
8.13920454545e-01,3.29545454545e-01,-2.08261893387e-03
8.33806818182e-01,3.29545454545e-01,-2.04253546969e-03
8.53693181818e-01,3.29545454545e-01,-2.00245200551e-03
8.73579545455e-01,3.29545454545e-01,-1.96236854133e-03
8.93465909091e-01,3.29545454545e-01,-1.90931023151e-03
9.13352272727e-01,3.29545454545e-01,-1.85525385664e-03
9.33238636364e-01,3.29545454545e-01,-1.80119748176e-03
9.53125000000e-01,3.29545454545e-01,-1.74714110689e-03
9.73011363636e-01,3.29545454545e-01,-1.69864993749e-03
9.92897727273e-01,3.29545454545e-01,-1.65058686082e-03
1.01278409091e+00,3.29545454545e-01,-1.59863626517e-03
1.03267045455e+00,3.29545454545e-01,-1.54452593675e-03
1.05255681818e+00,3.29545454545e-01,-1.48732429747e-03
1.07244318182e+00,3.29545454545e-01,-1.42455829865e-03
1.09232954545e+00,3.29545454545e-01,-1.36179229982e-03
1.11221590909e+00,3.29545454545e-01,-1.29902630100e-03
1.13210227273e+00,3.29545454545e-01,-1.23433410377e-03
1.15198863636e+00,3.29545454545e-01,-1.16617474940e-03
1.17187500000e+00,3.29545454545e-01,-1.09801539504e-03
1.19176136364e+00,3.29545454545e-01,-1.02985604067e-03
1.21164772727e+00,3.29545454545e-01,-9.65325478471e-04
1.23153409091e+00,3.29545454545e-01,-9.07326742163e-04
1.25142045455e+00,3.29545454545e-01,-8.49164276130e-04
1.27130681818e+00,3.29545454545e-01,-7.88873323684e-04
1.29119318182e+00,3.29545454545e-01,-7.28582371237e-04
1.31107954545e+00,3.29545454545e-01,-6.59666465002e-04
1.33096590909e+00,3.29545454545e-01,-5.88398298644e-04
1.35085227273e+00,3.29545454545e-01,-5.17130132285e-04
1.37073863636e+00,3.29545454545e-01,-4.45861965927e-04
1.39062500000e+00,3.29545454545e-01,-3.73525314551e-04
1.41051136364e+00,3.29545454545e-01,-3.00897258170e-04
1.43039772727e+00,3.29545454545e-01,-2.28269201789e-04
1.45028409091e+00,3.29545454545e-01,-1.55641145408e-04
1.47017045455e+00,3.29545454545e-01,-9.19261812456e-05
1.49005681818e+00,3.29545454545e-01,-3.06420604152e-05
6.34943181818e-01,3.52272727273e-01,-2.36774330468e-03
6.54829545455e-01,3.52272727273e-01,-2.35056283657e-03
6.74715909091e-01,3.52272727273e-01,-2.33338236845e-03
6.94602272727e-01,3.52272727273e-01,-2.31620190033e-03
7.14488636364e-01,3.52272727273e-01,-2.29902143222e-03
7.34375000000e-01,3.52272727273e-01,-2.28036695794e-03
7.54261363636e-01,3.52272727273e-01,-2.25535410392e-03
7.74147727273e-01,3.52272727273e-01,-2.21664956066e-03
7.94034090909e-01,3.52272727273e-01,-2.17656609648e-03
8.13920454545e-01,3.52272727273e-01,-2.13648263230e-03
8.33806818182e-01,3.52272727273e-01,-2.09639916812e-03
8.53693181818e-01,3.52272727273e-01,-2.05631570394e-03
8.73579545455e-01,3.52272727273e-01,-2.01623223976e-03
8.93465909091e-01,3.52272727273e-01,-1.96317392994e-03
9.13352272727e-01,3.52272727273e-01,-1.90911755507e-03
9.33238636364e-01,3.52272727273e-01,-1.85506118020e-03
9.53125000000e-01,3.52272727273e-01,-1.80100480532e-03
9.73011363636e-01,3.52272727273e-01,-1.74694843045e-03
9.92897727273e-01,3.52272727273e-01,-1.69760107559e-03
1.01278409091e+00,3.52272727273e-01,-1.64565047994e-03
1.03267045455e+00,3.52272727273e-01,-1.58721231632e-03
1.05255681818e+00,3.52272727273e-01,-1.52444631750e-03
1.07244318182e+00,3.52272727273e-01,-1.46168031867e-03
1.09232954545e+00,3.52272727273e-01,-1.39891431985e-03
1.11221590909e+00,3.52272727273e-01,-1.33614832102e-03
1.13210227273e+00,3.52272727273e-01,-1.27145612379e-03
1.15198863636e+00,3.52272727273e-01,-1.20329676942e-03
1.17187500000e+00,3.52272727273e-01,-1.13513741506e-03
1.19176136364e+00,3.52272727273e-01,-1.06697806069e-03
1.21164772727e+00,3.52272727273e-01,-9.98818706329e-04
1.23153409091e+00,3.52272727273e-01,-9.32836627262e-04
1.25142045455e+00,3.52272727273e-01,-8.74674161230e-04
1.27130681818e+00,3.52272727273e-01,-8.14383208783e-04
1.29119318182e+00,3.52272727273e-01,-7.43899129133e-04
1.31107954545e+00,3.52272727273e-01,-6.72630962774e-04
1.33096590909e+00,3.52272727273e-01,-6.01362796416e-04
1.35085227273e+00,3.52272727273e-01,-5.30094630057e-04
1.37073863636e+00,3.52272727273e-01,-4.58826463699e-04
1.39062500000e+00,3.52272727273e-01,-3.86489812323e-04
1.41051136364e+00,3.52272727273e-01,-3.13861755942e-04
1.43039772727e+00,3.52272727273e-01,-2.41233699561e-04
1.45028409091e+00,3.52272727273e-01,-1.68605643180e-04
1.47017045455e+00,3.52272727273e-01,-9.59775867993e-05
1.49005681818e+00,3.52272727273e-01,-3.06420604152e-05
6.34943181818e-01,3.75000000000e-01,-2.41858731683e-03
6.54829545455e-01,3.75000000000e-01,-2.40140684872e-03
6.74715909091e-01,3.75000000000e-01,-2.38422638060e-03
6.94602272727e-01,3.75000000000e-01,-2.36704591249e-03
7.14488636364e-01,3.75000000000e-01,-2.34986544437e-03
7.34375000000e-01,3.75000000000e-01,-2.33268497625e-03
7.54261363636e-01,3.75000000000e-01,-2.31059672327e-03
7.74147727273e-01,3.75000000000e-01,-2.27051325909e-03
7.94034090909e-01,3.75000000000e-01,-2.23042979491e-03
8.13920454545e-01,3.75000000000e-01,-2.19034633073e-03
8.33806818182e-01,3.75000000000e-01,-2.15026286655e-03
8.53693181818e-01,3.75000000000e-01,-2.11017940237e-03
8.73579545455e-01,3.75000000000e-01,-2.07009593819e-03
8.93465909091e-01,3.75000000000e-01,-2.01703762837e-03
9.13352272727e-01,3.75000000000e-01,-1.96298125350e-03
9.33238636364e-01,3.75000000000e-01,-1.90892487863e-03
9.53125000000e-01,3.75000000000e-01,-1.85486850375e-03
9.73011363636e-01,3.75000000000e-01,-1.80081212888e-03
9.92897727273e-01,3.75000000000e-01,-1.74675575401e-03
1.01278409091e+00,3.75000000000e-01,-1.68710033517e-03
1.03267045455e+00,3.75000000000e-01,-1.62433433634e-03
1.05255681818e+00,3.75000000000e-01,-1.56156833752e-03
1.07244318182e+00,3.75000000000e-01,-1.49880233869e-03
1.09232954545e+00,3.75000000000e-01,-1.43603633987e-03
1.11221590909e+00,3.75000000000e-01,-1.37327034104e-03
1.13210227273e+00,3.75000000000e-01,-1.30857814381e-03
1.15198863636e+00,3.75000000000e-01,-1.24041878945e-03
1.17187500000e+00,3.75000000000e-01,-1.17225943508e-03
1.19176136364e+00,3.75000000000e-01,-1.10410008072e-03
1.21164772727e+00,3.75000000000e-01,-1.03594072635e-03
1.23153409091e+00,3.75000000000e-01,-9.67781371986e-04
1.25142045455e+00,3.75000000000e-01,-8.99399959622e-04
1.27130681818e+00,3.75000000000e-01,-8.28131793263e-04
1.29119318182e+00,3.75000000000e-01,-7.56863626905e-04
1.31107954545e+00,3.75000000000e-01,-6.85595460546e-04
1.33096590909e+00,3.75000000000e-01,-6.14327294188e-04
1.35085227273e+00,3.75000000000e-01,-5.43059127829e-04
1.37073863636e+00,3.75000000000e-01,-4.71790961471e-04
1.39062500000e+00,3.75000000000e-01,-3.99454310095e-04
1.41051136364e+00,3.75000000000e-01,-3.26826253714e-04
1.43039772727e+00,3.75000000000e-01,-2.54198197333e-04
1.45028409091e+00,3.75000000000e-01,-1.81570140952e-04
1.47017045455e+00,3.75000000000e-01,-1.08942084571e-04
1.49005681818e+00,3.75000000000e-01,-3.63140281904e-05
6.34943181818e-01,3.97727272727e-01,-2.41711093771e-03
6.54829545455e-01,3.97727272727e-01,-2.39993046959e-03
6.74715909091e-01,3.97727272727e-01,-2.38275000148e-03
6.94602272727e-01,3.97727272727e-01,-2.36556953336e-03
7.14488636364e-01,3.97727272727e-01,-2.34838906524e-03
7.34375000000e-01,3.97727272727e-01,-2.33173109392e-03
7.54261363636e-01,3.97727272727e-01,-2.31110108698e-03
7.74147727273e-01,3.97727272727e-01,-2.27235555289e-03
7.94034090909e-01,3.97727272727e-01,-2.23227208871e-03
8.13920454545e-01,3.97727272727e-01,-2.19218862453e-03
8.33806818182e-01,3.97727272727e-01,-2.15210516035e-03
8.53693181818e-01,3.97727272727e-01,-2.11202169617e-03
8.73579545455e-01,3.97727272727e-01,-2.07193823199e-03
8.93465909091e-01,3.97727272727e-01,-2.01887992217e-03
9.13352272727e-01,3.97727272727e-01,-1.96482354730e-03
9.33238636364e-01,3.97727272727e-01,-1.91076717242e-03
9.53125000000e-01,3.97727272727e-01,-1.85671079755e-03
9.73011363636e-01,3.97727272727e-01,-1.80265442268e-03
9.92897727273e-01,3.97727272727e-01,-1.74908857126e-03
1.01278409091e+00,3.97727272727e-01,-1.68961363424e-03
1.03267045455e+00,3.97727272727e-01,-1.62681459279e-03
1.05255681818e+00,3.97727272727e-01,-1.56404859396e-03
1.07244318182e+00,3.97727272727e-01,-1.50128259514e-03
1.09232954545e+00,3.97727272727e-01,-1.43851659632e-03
1.11221590909e+00,3.97727272727e-01,-1.37575059749e-03
1.13210227273e+00,3.97727272727e-01,-1.31105840026e-03
1.15198863636e+00,3.97727272727e-01,-1.24289904589e-03
1.17187500000e+00,3.97727272727e-01,-1.17473969153e-03
1.19176136364e+00,3.97727272727e-01,-1.10658033716e-03
1.21164772727e+00,3.97727272727e-01,-1.03842098280e-03
1.23153409091e+00,3.97727272727e-01,-9.70151413039e-04
1.25142045455e+00,3.97727272727e-01,-9.01237376358e-04
1.27130681818e+00,3.97727272727e-01,-8.29198870187e-04
1.29119318182e+00,3.97727272727e-01,-7.57875679557e-04
1.31107954545e+00,3.97727272727e-01,-6.86607513198e-04
1.33096590909e+00,3.97727272727e-01,-6.15339346840e-04
1.35085227273e+00,3.97727272727e-01,-5.44071180481e-04
1.37073863636e+00,3.97727272727e-01,-4.72803014123e-04
1.39062500000e+00,3.97727272727e-01,-4.00466362747e-04
1.41051136364e+00,3.97727272727e-01,-3.27838306366e-04
1.43039772727e+00,3.97727272727e-01,-2.55210249985e-04
1.45028409091e+00,3.97727272727e-01,-1.82582193604e-04
1.47017045455e+00,3.97727272727e-01,-1.09954137223e-04
1.49005681818e+00,3.97727272727e-01,-3.67568012256e-05
6.34943181818e-01,4.20454545455e-01,-2.41563455858e-03
6.54829545455e-01,4.20454545455e-01,-2.39845409047e-03
6.74715909091e-01,4.20454545455e-01,-2.38127362235e-03
6.94602272727e-01,4.20454545455e-01,-2.36409315423e-03
7.14488636364e-01,4.20454545455e-01,-2.34764418163e-03
7.34375000000e-01,4.20454545455e-01,-2.33192670454e-03
7.54261363636e-01,4.20454545455e-01,-2.31129669760e-03
7.74147727273e-01,4.20454545455e-01,-2.27265408120e-03
7.94034090909e-01,4.20454545455e-01,-2.23401146481e-03
8.13920454545e-01,4.20454545455e-01,-2.19403091833e-03
8.33806818182e-01,4.20454545455e-01,-2.15394745415e-03
8.53693181818e-01,4.20454545455e-01,-2.11386398997e-03
8.73579545455e-01,4.20454545455e-01,-2.07378052579e-03
8.93465909091e-01,4.20454545455e-01,-2.02072221597e-03
9.13352272727e-01,4.20454545455e-01,-1.96666584110e-03
9.33238636364e-01,4.20454545455e-01,-1.91260946622e-03
9.53125000000e-01,4.20454545455e-01,-1.85855309135e-03
9.73011363636e-01,4.20454545455e-01,-1.80507642601e-03
9.92897727273e-01,4.20454545455e-01,-1.75164435371e-03
1.01278409091e+00,4.20454545455e-01,-1.69216941669e-03
1.03267045455e+00,4.20454545455e-01,-1.62933733261e-03
1.05255681818e+00,4.20454545455e-01,-1.56652885041e-03
1.07244318182e+00,4.20454545455e-01,-1.50376285159e-03
1.09232954545e+00,4.20454545455e-01,-1.44099685276e-03
1.11221590909e+00,4.20454545455e-01,-1.37823085394e-03
1.13210227273e+00,4.20454545455e-01,-1.31353865671e-03
1.15198863636e+00,4.20454545455e-01,-1.24537930234e-03
1.17187500000e+00,4.20454545455e-01,-1.17721994798e-03
1.19176136364e+00,4.20454545455e-01,-1.10906059361e-03
1.21164772727e+00,4.20454545455e-01,-1.04071754692e-03
1.23153409091e+00,4.20454545455e-01,-9.72043854047e-04
1.25142045455e+00,4.20454545455e-01,-9.03129817367e-04
1.27130681818e+00,4.20454545455e-01,-8.31091311196e-04
1.29119318182e+00,4.20454545455e-01,-7.59052805025e-04
1.31107954545e+00,4.20454545455e-01,-6.87619565850e-04
1.33096590909e+00,4.20454545455e-01,-6.16351399491e-04
1.35085227273e+00,4.20454545455e-01,-5.45083233133e-04
1.37073863636e+00,4.20454545455e-01,-4.73815066775e-04
1.39062500000e+00,4.20454545455e-01,-4.01478415399e-04
1.41051136364e+00,4.20454545455e-01,-3.28850359018e-04
1.43039772727e+00,4.20454545455e-01,-2.56222302637e-04
1.45028409091e+00,4.20454545455e-01,-1.83594246256e-04
1.47017045455e+00,4.20454545455e-01,-1.10270403677e-04
1.49005681818e+00,4.20454545455e-01,-3.67568012256e-05
6.34943181818e-01,4.43181818182e-01,-2.41415817946e-03
6.54829545455e-01,4.43181818182e-01,-2.39697771134e-03
6.74715909091e-01,4.43181818182e-01,-2.37979724322e-03
6.94602272727e-01,4.43181818182e-01,-2.36355726934e-03
7.14488636364e-01,4.43181818182e-01,-2.34783979225e-03
7.34375000000e-01,4.43181818182e-01,-2.33212231516e-03
7.54261363636e-01,4.43181818182e-01,-2.31149230822e-03
7.74147727273e-01,4.43181818182e-01,-2.27284969182e-03
7.94034090909e-01,4.43181818182e-01,-2.23420707543e-03
8.13920454545e-01,4.43181818182e-01,-2.19556445903e-03
8.33806818182e-01,4.43181818182e-01,-2.15578974795e-03
8.53693181818e-01,4.43181818182e-01,-2.11570628377e-03
8.73579545455e-01,4.43181818182e-01,-2.07562281959e-03
8.93465909091e-01,4.43181818182e-01,-2.02256450977e-03
9.13352272727e-01,4.43181818182e-01,-1.96850813489e-03
9.33238636364e-01,4.43181818182e-01,-1.91449635306e-03
9.53125000000e-01,4.43181818182e-01,-1.86106428076e-03
9.73011363636e-01,4.43181818182e-01,-1.80763220846e-03
9.92897727273e-01,4.43181818182e-01,-1.75420013616e-03
1.01278409091e+00,4.43181818182e-01,-1.69472519914e-03
1.03267045455e+00,4.43181818182e-01,-1.63189311506e-03
1.05255681818e+00,4.43181818182e-01,-1.56906103099e-03
1.07244318182e+00,4.43181818182e-01,-1.50624310803e-03
1.09232954545e+00,4.43181818182e-01,-1.44347710921e-03
1.11221590909e+00,4.43181818182e-01,-1.38071111038e-03
1.13210227273e+00,4.43181818182e-01,-1.31601891315e-03
1.15198863636e+00,4.43181818182e-01,-1.24785955879e-03
1.17187500000e+00,4.43181818182e-01,-1.17970020442e-03
1.19176136364e+00,4.43181818182e-01,-1.11128368080e-03
1.21164772727e+00,4.43181818182e-01,-1.04260998793e-03
1.23153409091e+00,4.43181818182e-01,-9.73936295056e-04
1.25142045455e+00,4.43181818182e-01,-9.05022258376e-04
1.27130681818e+00,4.43181818182e-01,-8.32983752205e-04
1.29119318182e+00,4.43181818182e-01,-7.60945246034e-04
1.31107954545e+00,4.43181818182e-01,-6.88906739863e-04
1.33096590909e+00,4.43181818182e-01,-6.17363452143e-04
1.35085227273e+00,4.43181818182e-01,-5.46095285785e-04
1.37073863636e+00,4.43181818182e-01,-4.74827119426e-04
1.39062500000e+00,4.43181818182e-01,-4.02490468050e-04
1.41051136364e+00,4.43181818182e-01,-3.29862411669e-04
1.43039772727e+00,4.43181818182e-01,-2.57234355289e-04
1.45028409091e+00,4.43181818182e-01,-1.83784006128e-04
1.47017045455e+00,4.43181818182e-01,-1.10270403677e-04
1.49005681818e+00,4.43181818182e-01,-3.67568012256e-05
6.34943181818e-01,4.65909090909e-01,-2.41268180033e-03
6.54829545455e-01,4.65909090909e-01,-2.39550133221e-03
6.74715909091e-01,4.65909090909e-01,-2.37947035705e-03
6.94602272727e-01,4.65909090909e-01,-2.36375287996e-03
7.14488636364e-01,4.65909090909e-01,-2.34803540287e-03
7.34375000000e-01,4.65909090909e-01,-2.33231792578e-03
7.54261363636e-01,4.65909090909e-01,-2.31168791884e-03
7.74147727273e-01,4.65909090909e-01,-2.27304530244e-03
7.94034090909e-01,4.65909090909e-01,-2.23440268604e-03
8.13920454545e-01,4.65909090909e-01,-2.19576006965e-03
8.33806818182e-01,4.65909090909e-01,-2.15711745325e-03
8.53693181818e-01,4.65909090909e-01,-2.11754857757e-03
8.73579545455e-01,4.65909090909e-01,-2.07746511339e-03
8.93465909091e-01,4.65909090909e-01,-2.02440680356e-03
9.13352272727e-01,4.65909090909e-01,-1.97048420781e-03
9.33238636364e-01,4.65909090909e-01,-1.91705213551e-03
9.53125000000e-01,4.65909090909e-01,-1.86362006321e-03
9.73011363636e-01,4.65909090909e-01,-1.81018799091e-03
9.92897727273e-01,4.65909090909e-01,-1.75675591861e-03
1.01278409091e+00,4.65909090909e-01,-1.69728098159e-03
1.03267045455e+00,4.65909090909e-01,-1.63444889752e-03
1.05255681818e+00,4.65909090909e-01,-1.57161681344e-03
1.07244318182e+00,4.65909090909e-01,-1.50878472936e-03
1.09232954545e+00,4.65909090909e-01,-1.44595736566e-03
1.11221590909e+00,4.65909090909e-01,-1.38319136683e-03
1.13210227273e+00,4.65909090909e-01,-1.31849916960e-03
1.15198863636e+00,4.65909090909e-01,-1.25033981524e-03
1.17187500000e+00,4.65909090909e-01,-1.18184981469e-03
1.19176136364e+00,4.65909090909e-01,-1.11317612181e-03
1.21164772727e+00,4.65909090909e-01,-1.04450242894e-03
1.23153409091e+00,4.65909090909e-01,-9.75828736065e-04
1.25142045455e+00,4.65909090909e-01,-9.06914699384e-04
1.27130681818e+00,4.65909090909e-01,-8.34876193214e-04
1.29119318182e+00,4.65909090909e-01,-7.62837687043e-04
1.31107954545e+00,4.65909090909e-01,-6.90799180872e-04
1.33096590909e+00,4.65909090909e-01,-6.18760674701e-04
1.35085227273e+00,4.65909090909e-01,-5.47107338437e-04
1.37073863636e+00,4.65909090909e-01,-4.75839172078e-04
1.39062500000e+00,4.65909090909e-01,-4.03502520702e-04
1.41051136364e+00,4.65909090909e-01,-3.30811211031e-04
1.43039772727e+00,4.65909090909e-01,-2.57297608579e-04
1.45028409091e+00,4.65909090909e-01,-1.83784006128e-04
1.47017045455e+00,4.65909090909e-01,-1.10270403677e-04
1.49005681818e+00,4.65909090909e-01,-3.67568012256e-05
6.34943181818e-01,4.88636363636e-01,-2.41120542120e-03
6.54829545455e-01,4.88636363636e-01,-2.39538344476e-03
6.74715909091e-01,4.88636363636e-01,-2.37966596767e-03
6.94602272727e-01,4.88636363636e-01,-2.36394849058e-03
7.14488636364e-01,4.88636363636e-01,-2.34823101349e-03
7.34375000000e-01,4.88636363636e-01,-2.33251353640e-03
7.54261363636e-01,4.88636363636e-01,-2.31188352945e-03
7.74147727273e-01,4.88636363636e-01,-2.27324091306e-03
7.94034090909e-01,4.88636363636e-01,-2.23459829666e-03
8.13920454545e-01,4.88636363636e-01,-2.19595568027e-03
8.33806818182e-01,4.88636363636e-01,-2.15731306387e-03
8.53693181818e-01,4.88636363636e-01,-2.11867044747e-03
8.73579545455e-01,4.88636363636e-01,-2.07930740719e-03
8.93465909091e-01,4.88636363636e-01,-2.02647206257e-03
9.13352272727e-01,4.88636363636e-01,-1.97303999026e-03
9.33238636364e-01,4.88636363636e-01,-1.91960791796e-03
9.53125000000e-01,4.88636363636e-01,-1.86617584566e-03
9.73011363636e-01,4.88636363636e-01,-1.81274377336e-03
9.92897727273e-01,4.88636363636e-01,-1.75931170106e-03
1.01278409091e+00,4.88636363636e-01,-1.69983676404e-03
1.03267045455e+00,4.88636363636e-01,-1.63700467997e-03
1.05255681818e+00,4.88636363636e-01,-1.57417259589e-03
1.07244318182e+00,4.88636363636e-01,-1.51134051181e-03
1.09232954545e+00,4.88636363636e-01,-1.44850842773e-03
1.11221590909e+00,4.88636363636e-01,-1.38567634365e-03
1.13210227273e+00,4.88636363636e-01,-1.32097942605e-03
1.15198863636e+00,4.88636363636e-01,-1.25241594857e-03
1.17187500000e+00,4.88636363636e-01,-1.18374225569e-03
1.19176136364e+00,4.88636363636e-01,-1.11506856282e-03
1.21164772727e+00,4.88636363636e-01,-1.04639486995e-03
1.23153409091e+00,4.88636363636e-01,-9.77721177074e-04
1.25142045455e+00,4.88636363636e-01,-9.08807140393e-04
1.27130681818e+00,4.88636363636e-01,-8.36768634222e-04
1.29119318182e+00,4.88636363636e-01,-7.64730128052e-04
1.31107954545e+00,4.88636363636e-01,-6.92691621881e-04
1.33096590909e+00,4.88636363636e-01,-6.20653115710e-04
1.35085227273e+00,4.88636363636e-01,-5.48614609539e-04
1.37073863636e+00,4.88636363636e-01,-4.76851224730e-04
1.39062500000e+00,4.88636363636e-01,-4.04324813482e-04
1.41051136364e+00,4.88636363636e-01,-3.30811211031e-04
1.43039772727e+00,4.88636363636e-01,-2.57297608579e-04
1.45028409091e+00,4.88636363636e-01,-1.83784006128e-04
1.47017045455e+00,4.88636363636e-01,-1.10270403677e-04
1.49005681818e+00,4.88636363636e-01,-3.67568012256e-05
6.34943181818e-01,5.11363636364e-01,-2.38796962566e-03
6.54829545455e-01,5.11363636364e-01,-2.37225214857e-03
6.74715909091e-01,5.11363636364e-01,-2.35653467148e-03
6.94602272727e-01,5.11363636364e-01,-2.34081719439e-03
7.14488636364e-01,5.11363636364e-01,-2.32509971730e-03
7.34375000000e-01,5.11363636364e-01,-2.30938224021e-03
7.54261363636e-01,5.11363636364e-01,-2.29010569452e-03
7.74147727273e-01,5.11363636364e-01,-2.25279966730e-03
7.94034090909e-01,5.11363636364e-01,-2.21415705090e-03
8.13920454545e-01,5.11363636364e-01,-2.17551443451e-03
8.33806818182e-01,5.11363636364e-01,-2.13687181811e-03
8.53693181818e-01,5.11363636364e-01,-2.09822920171e-03
8.73579545455e-01,5.11363636364e-01,-2.05958658532e-03
8.93465909091e-01,5.11363636364e-01,-2.01046424248e-03
9.13352272727e-01,5.11363636364e-01,-1.95703217018e-03
9.33238636364e-01,5.11363636364e-01,-1.90360009787e-03
9.53125000000e-01,5.11363636364e-01,-1.85016802557e-03
9.73011363636e-01,5.11363636364e-01,-1.79673595327e-03
9.92897727273e-01,5.11363636364e-01,-1.74330388097e-03
1.01278409091e+00,5.11363636364e-01,-1.68382894396e-03
1.03267045455e+00,5.11363636364e-01,-1.62099685988e-03
1.05255681818e+00,5.11363636364e-01,-1.55816477580e-03
1.07244318182e+00,5.11363636364e-01,-1.49533269172e-03
1.09232954545e+00,5.11363636364e-01,-1.43250060764e-03
1.11221590909e+00,5.11363636364e-01,-1.36966852357e-03
1.13210227273e+00,5.11363636364e-01,-1.31134946317e-03
1.15198863636e+00,5.11363636364e-01,-1.24428500372e-03
1.17187500000e+00,5.11363636364e-01,-1.17561131085e-03
1.19176136364e+00,5.11363636364e-01,-1.10693761797e-03
1.21164772727e+00,5.11363636364e-01,-1.03826392510e-03
1.23153409091e+00,5.11363636364e-01,-9.69590232226e-04
1.25142045455e+00,5.11363636364e-01,-9.00676195546e-04
1.27130681818e+00,5.11363636364e-01,-8.28637689375e-04
1.29119318182e+00,5.11363636364e-01,-7.56599183204e-04
1.31107954545e+00,5.11363636364e-01,-6.84560677033e-04
1.33096590909e+00,5.11363636364e-01,-6.12522170863e-04
1.35085227273e+00,5.11363636364e-01,-5.40483664692e-04
1.37073863636e+00,5.11363636364e-01,-4.71253028582e-04
1.39062500000e+00,5.11363636364e-01,-3.99740240228e-04
1.41051136364e+00,5.11363636364e-01,-3.26226637776e-04
1.43039772727e+00,5.11363636364e-01,-2.52713035325e-04
1.45028409091e+00,5.11363636364e-01,-1.79199432874e-04
1.47017045455e+00,5.11363636364e-01,-1.05685830423e-04
1.49005681818e+00,5.11363636364e-01,-3.27452996282e-05
6.34943181818e-01,5.34090909091e-01,-2.34151142268e-03
6.54829545455e-01,5.34090909091e-01,-2.32579394559e-03
6.74715909091e-01,5.34090909091e-01,-2.31007646850e-03
6.94602272727e-01,5.34090909091e-01,-2.29435899141e-03
7.14488636364e-01,5.34090909091e-01,-2.27864151432e-03
7.34375000000e-01,5.34090909091e-01,-2.26382023732e-03
7.54261363636e-01,5.34090909091e-01,-2.24475050704e-03
7.74147727273e-01,5.34090909091e-01,-2.20985034032e-03
7.94034090909e-01,5.34090909091e-01,-2.17307894876e-03
8.13920454545e-01,5.34090909091e-01,-2.13443633237e-03
8.33806818182e-01,5.34090909091e-01,-2.09579371597e-03
8.53693181818e-01,5.34090909091e-01,-2.05715109957e-03
8.73579545455e-01,5.34090909091e-01,-2.01850848318e-03
8.93465909091e-01,5.34090909091e-01,-1.97141947769e-03
9.13352272727e-01,5.34090909091e-01,-1.92246074755e-03
9.33238636364e-01,5.34090909091e-01,-1.86902867525e-03
9.53125000000e-01,5.34090909091e-01,-1.81559660294e-03
9.73011363636e-01,5.34090909091e-01,-1.76216453064e-03
9.92897727273e-01,5.34090909091e-01,-1.70873245834e-03
1.01278409091e+00,5.34090909091e-01,-1.64925752133e-03
1.03267045455e+00,5.34090909091e-01,-1.58642543725e-03
1.05255681818e+00,5.34090909091e-01,-1.52359335317e-03
1.07244318182e+00,5.34090909091e-01,-1.46076126909e-03
1.09232954545e+00,5.34090909091e-01,-1.39841884212e-03
1.11221590909e+00,5.34090909091e-01,-1.34244195750e-03
1.13210227273e+00,5.34090909091e-01,-1.28461255422e-03
1.15198863636e+00,5.34090909091e-01,-1.22344861731e-03
1.17187500000e+00,5.34090909091e-01,-1.15745698014e-03
1.19176136364e+00,5.34090909091e-01,-1.08878328727e-03
1.21164772727e+00,5.34090909091e-01,-1.02010959440e-03
1.23153409091e+00,5.34090909091e-01,-9.51435901523e-04
1.25142045455e+00,5.34090909091e-01,-8.82521864842e-04
1.27130681818e+00,5.34090909091e-01,-8.10483358672e-04
1.29119318182e+00,5.34090909091e-01,-7.38444852501e-04
1.31107954545e+00,5.34090909091e-01,-6.66406346330e-04
1.33096590909e+00,5.34090909091e-01,-5.94367840159e-04
1.35085227273e+00,5.34090909091e-01,-5.26260352074e-04
1.37073863636e+00,5.34090909091e-01,-4.62083882074e-04
1.39062500000e+00,5.34090909091e-01,-3.90571093719e-04
1.41051136364e+00,5.34090909091e-01,-3.17057491268e-04
1.43039772727e+00,5.34090909091e-01,-2.43543888817e-04
1.45028409091e+00,5.34090909091e-01,-1.70030286366e-04
1.47017045455e+00,5.34090909091e-01,-9.82358988846e-05
1.49005681818e+00,5.34090909091e-01,-3.27452996282e-05
6.34943181818e-01,5.56818181818e-01,-2.29505321969e-03
6.54829545455e-01,5.56818181818e-01,-2.27933574260e-03
6.74715909091e-01,5.56818181818e-01,-2.26361826551e-03
6.94602272727e-01,5.56818181818e-01,-2.24796972689e-03
7.14488636364e-01,5.56818181818e-01,-2.23321738836e-03
7.34375000000e-01,5.56818181818e-01,-2.21846504984e-03
7.54261363636e-01,5.56818181818e-01,-2.19939531955e-03
7.74147727273e-01,5.56818181818e-01,-2.16449515284e-03
7.94034090909e-01,5.56818181818e-01,-2.12959498612e-03
8.13920454545e-01,5.56818181818e-01,-2.09335823023e-03
8.33806818182e-01,5.56818181818e-01,-2.05471561383e-03
8.53693181818e-01,5.56818181818e-01,-2.01607299744e-03
8.73579545455e-01,5.56818181818e-01,-1.97743038104e-03
8.93465909091e-01,5.56818181818e-01,-1.93034137555e-03
9.13352272727e-01,5.56818181818e-01,-1.88260264782e-03
9.33238636364e-01,5.56818181818e-01,-1.83445725262e-03
9.53125000000e-01,5.56818181818e-01,-1.78102518031e-03
9.73011363636e-01,5.56818181818e-01,-1.72759310801e-03
9.92897727273e-01,5.56818181818e-01,-1.67416103571e-03
1.01278409091e+00,5.56818181818e-01,-1.61468609870e-03
1.03267045455e+00,5.56818181818e-01,-1.55185401462e-03
1.05255681818e+00,5.56818181818e-01,-1.48902193054e-03
1.07244318182e+00,5.56818181818e-01,-1.42765881778e-03
1.09232954545e+00,5.56818181818e-01,-1.37168193316e-03
1.11221590909e+00,5.56818181818e-01,-1.31570504855e-03
1.13210227273e+00,5.56818181818e-01,-1.25787564526e-03
1.15198863636e+00,5.56818181818e-01,-1.19671170836e-03
1.17187500000e+00,5.56818181818e-01,-1.13554777146e-03
1.19176136364e+00,5.56818181818e-01,-1.07062895657e-03
1.21164772727e+00,5.56818181818e-01,-1.00195526369e-03
1.23153409091e+00,5.56818181818e-01,-9.33281570820e-04
1.25142045455e+00,5.56818181818e-01,-8.64367534139e-04
1.27130681818e+00,5.56818181818e-01,-7.92329027968e-04
1.29119318182e+00,5.56818181818e-01,-7.20290521798e-04
1.31107954545e+00,5.56818181818e-01,-6.48252015627e-04
1.33096590909e+00,5.56818181818e-01,-5.81267675566e-04
1.35085227273e+00,5.56818181818e-01,-5.17091205566e-04
1.37073863636e+00,5.56818181818e-01,-4.52914735565e-04
1.39062500000e+00,5.56818181818e-01,-3.81401947211e-04
1.41051136364e+00,5.56818181818e-01,-3.07888344760e-04
1.43039772727e+00,5.56818181818e-01,-2.34374742308e-04
1.45028409091e+00,5.56818181818e-01,-1.63726498141e-04
1.47017045455e+00,5.56818181818e-01,-9.82358988846e-05
1.49005681818e+00,5.56818181818e-01,-3.27452996282e-05
6.34943181818e-01,5.79545454545e-01,-2.24859501671e-03
6.54829545455e-01,5.79545454545e-01,-2.23287753962e-03
6.74715909091e-01,5.79545454545e-01,-2.21736687793e-03
6.94602272727e-01,5.79545454545e-01,-2.20261453940e-03
7.14488636364e-01,5.79545454545e-01,-2.18786220088e-03
7.34375000000e-01,5.79545454545e-01,-2.17310986235e-03
7.54261363636e-01,5.79545454545e-01,-2.15404013207e-03
7.74147727273e-01,5.79545454545e-01,-2.11913996535e-03
7.94034090909e-01,5.79545454545e-01,-2.08423979863e-03
8.13920454545e-01,5.79545454545e-01,-2.04933963191e-03
8.33806818182e-01,5.79545454545e-01,-2.01363751169e-03
8.53693181818e-01,5.79545454545e-01,-1.97499489530e-03
8.73579545455e-01,5.79545454545e-01,-1.93635227890e-03
8.93465909091e-01,5.79545454545e-01,-1.88926327341e-03
9.13352272727e-01,5.79545454545e-01,-1.84152454568e-03
9.33238636364e-01,5.79545454545e-01,-1.79378581795e-03
9.53125000000e-01,5.79545454545e-01,-1.74604709022e-03
9.73011363636e-01,5.79545454545e-01,-1.69302168538e-03
9.92897727273e-01,5.79545454545e-01,-1.63958961308e-03
1.01278409091e+00,5.79545454545e-01,-1.58011467607e-03
1.03267045455e+00,5.79545454545e-01,-1.51728259199e-03
1.05255681818e+00,5.79545454545e-01,-1.45689879343e-03
1.07244318182e+00,5.79545454545e-01,-1.40092190882e-03
1.09232954545e+00,5.79545454545e-01,-1.34494502421e-03
1.11221590909e+00,5.79545454545e-01,-1.28896813959e-03
1.13210227273e+00,5.79545454545e-01,-1.23113873630e-03
1.15198863636e+00,5.79545454545e-01,-1.16997479940e-03
1.17187500000e+00,5.79545454545e-01,-1.10881086250e-03
1.19176136364e+00,5.79545454545e-01,-1.04764692560e-03
1.21164772727e+00,5.79545454545e-01,-9.83800932990e-04
1.23153409091e+00,5.79545454545e-01,-9.15127240117e-04
1.25142045455e+00,5.79545454545e-01,-8.46213203436e-04
1.27130681818e+00,5.79545454545e-01,-7.74174697265e-04
1.29119318182e+00,5.79545454545e-01,-7.02136191094e-04
1.31107954545e+00,5.79545454545e-01,-6.36274999058e-04
1.33096590909e+00,5.79545454545e-01,-5.72098529057e-04
1.35085227273e+00,5.79545454545e-01,-5.07922059057e-04
1.37073863636e+00,5.79545454545e-01,-4.43745589057e-04
1.39062500000e+00,5.79545454545e-01,-3.72232800702e-04
1.41051136364e+00,5.79545454545e-01,-2.98719198251e-04
1.43039772727e+00,5.79545454545e-01,-2.29217097397e-04
1.45028409091e+00,5.79545454545e-01,-1.63726498141e-04
1.47017045455e+00,5.79545454545e-01,-9.82358988846e-05
1.49005681818e+00,5.79545454545e-01,-3.27452996282e-05
6.34943181818e-01,6.02272727273e-01,-2.20213681372e-03
6.54829545455e-01,6.02272727273e-01,-2.18676402897e-03
6.74715909091e-01,6.02272727273e-01,-2.17201169045e-03
6.94602272727e-01,6.02272727273e-01,-2.15725935192e-03
7.14488636364e-01,6.02272727273e-01,-2.14250701339e-03
7.34375000000e-01,6.02272727273e-01,-2.12775467486e-03
7.54261363636e-01,6.02272727273e-01,-2.10868494458e-03
7.74147727273e-01,6.02272727273e-01,-2.07378477786e-03
7.94034090909e-01,6.02272727273e-01,-2.03888461115e-03
8.13920454545e-01,6.02272727273e-01,-2.00398444443e-03
8.33806818182e-01,6.02272727273e-01,-1.96908427771e-03
8.53693181818e-01,6.02272727273e-01,-1.93391679316e-03
8.73579545455e-01,6.02272727273e-01,-1.89527417676e-03
8.93465909091e-01,6.02272727273e-01,-1.84818517127e-03
9.13352272727e-01,6.02272727273e-01,-1.80044644354e-03
9.33238636364e-01,6.02272727273e-01,-1.75270771581e-03
9.53125000000e-01,6.02272727273e-01,-1.70496898808e-03
9.73011363636e-01,6.02272727273e-01,-1.65723026035e-03
9.92897727273e-01,6.02272727273e-01,-1.60501819045e-03
1.01278409091e+00,6.02272727273e-01,-1.54554325344e-03
1.03267045455e+00,6.02272727273e-01,-1.48613876909e-03
1.05255681818e+00,6.02272727273e-01,-1.43016188448e-03
1.07244318182e+00,6.02272727273e-01,-1.37418499986e-03
1.09232954545e+00,6.02272727273e-01,-1.31820811525e-03
1.11221590909e+00,6.02272727273e-01,-1.26223123064e-03
1.13210227273e+00,6.02272727273e-01,-1.20440182735e-03
1.15198863636e+00,6.02272727273e-01,-1.14323789044e-03
1.17187500000e+00,6.02272727273e-01,-1.08207395354e-03
1.19176136364e+00,6.02272727273e-01,-1.02091001664e-03
1.21164772727e+00,6.02272727273e-01,-9.59746079738e-04
1.23153409091e+00,6.02272727273e-01,-8.96972909413e-04
1.25142045455e+00,6.02272727273e-01,-8.28058872733e-04
1.27130681818e+00,6.02272727273e-01,-7.56020366562e-04
1.29119318182e+00,6.02272727273e-01,-6.91282322550e-04
1.31107954545e+00,6.02272727273e-01,-6.27105852549e-04
1.33096590909e+00,6.02272727273e-01,-5.62929382549e-04
1.35085227273e+00,6.02272727273e-01,-4.98752912549e-04
1.37073863636e+00,6.02272727273e-01,-4.34576442549e-04
1.39062500000e+00,6.02272727273e-01,-3.63063654194e-04
1.41051136364e+00,6.02272727273e-01,-2.94707696654e-04
1.43039772727e+00,6.02272727273e-01,-2.29217097397e-04
1.45028409091e+00,6.02272727273e-01,-1.63726498141e-04
1.47017045455e+00,6.02272727273e-01,-9.82358988846e-05
1.49005681818e+00,6.02272727273e-01,-3.27452996282e-05
6.34943181818e-01,6.25000000000e-01,-2.15616118002e-03
6.54829545455e-01,6.25000000000e-01,-2.14140884149e-03
6.74715909091e-01,6.25000000000e-01,-2.12665650296e-03
6.94602272727e-01,6.25000000000e-01,-2.11190416443e-03
7.14488636364e-01,6.25000000000e-01,-2.09715182591e-03
7.34375000000e-01,6.25000000000e-01,-2.08239948738e-03
7.54261363636e-01,6.25000000000e-01,-2.06332975710e-03
7.74147727273e-01,6.25000000000e-01,-2.02842959038e-03
7.94034090909e-01,6.25000000000e-01,-1.99352942366e-03
8.13920454545e-01,6.25000000000e-01,-1.95862925694e-03
8.33806818182e-01,6.25000000000e-01,-1.92372909023e-03
8.53693181818e-01,6.25000000000e-01,-1.88882892351e-03
8.73579545455e-01,6.25000000000e-01,-1.85392875679e-03
8.93465909091e-01,6.25000000000e-01,-1.80710706913e-03
9.13352272727e-01,6.25000000000e-01,-1.75936834140e-03
9.33238636364e-01,6.25000000000e-01,-1.71162961367e-03
9.53125000000e-01,6.25000000000e-01,-1.66389088594e-03
9.73011363636e-01,6.25000000000e-01,-1.61615215821e-03
9.92897727273e-01,6.25000000000e-01,-1.56841343048e-03
1.01278409091e+00,6.25000000000e-01,-1.51537874475e-03
1.03267045455e+00,6.25000000000e-01,-1.45940186014e-03
1.05255681818e+00,6.25000000000e-01,-1.40342497552e-03
1.07244318182e+00,6.25000000000e-01,-1.34744809091e-03
1.09232954545e+00,6.25000000000e-01,-1.29147120629e-03
1.11221590909e+00,6.25000000000e-01,-1.23549432168e-03
1.13210227273e+00,6.25000000000e-01,-1.17766491839e-03
1.15198863636e+00,6.25000000000e-01,-1.11650098149e-03
1.17187500000e+00,6.25000000000e-01,-1.05533704459e-03
1.19176136364e+00,6.25000000000e-01,-9.94173107684e-04
1.21164772727e+00,6.25000000000e-01,-9.33009170782e-04
1.23153409091e+00,6.25000000000e-01,-8.71845233879e-04
1.25142045455e+00,6.25000000000e-01,-8.10466116042e-04
1.27130681818e+00,6.25000000000e-01,-7.46289646041e-04
1.29119318182e+00,6.25000000000e-01,-6.82113176041e-04
1.31107954545e+00,6.25000000000e-01,-6.17936706041e-04
1.33096590909e+00,6.25000000000e-01,-5.53760236041e-04
1.35085227273e+00,6.25000000000e-01,-4.89583766041e-04
1.37073863636e+00,6.25000000000e-01,-4.25407296040e-04
1.39062500000e+00,6.25000000000e-01,-3.60198295910e-04
1.41051136364e+00,6.25000000000e-01,-2.94707696654e-04
1.43039772727e+00,6.25000000000e-01,-2.29217097397e-04
1.45028409091e+00,6.25000000000e-01,-1.63726498141e-04
1.47017045455e+00,6.25000000000e-01,-9.82358988846e-05
1.49005681818e+00,6.25000000000e-01,-3.27452996282e-05
6.34943181818e-01,6.47727272727e-01,-2.07264168441e-03
6.54829545455e-01,6.47727272727e-01,-2.05714213133e-03
6.74715909091e-01,6.47727272727e-01,-2.04238979280e-03
6.94602272727e-01,6.47727272727e-01,-2.02763745428e-03
7.14488636364e-01,6.47727272727e-01,-2.01288511575e-03
7.34375000000e-01,6.47727272727e-01,-1.99813277722e-03
7.54261363636e-01,6.47727272727e-01,-1.97906304694e-03
7.74147727273e-01,6.47727272727e-01,-1.94416288022e-03
7.94034090909e-01,6.47727272727e-01,-1.90926271350e-03
8.13920454545e-01,6.47727272727e-01,-1.87436254679e-03
8.33806818182e-01,6.47727272727e-01,-1.83946238007e-03
8.53693181818e-01,6.47727272727e-01,-1.80495162970e-03
8.73579545455e-01,6.47727272727e-01,-1.77550329190e-03
8.93465909091e-01,6.47727272727e-01,-1.72907102059e-03
9.13352272727e-01,6.47727272727e-01,-1.68133229286e-03
9.33238636364e-01,6.47727272727e-01,-1.63359356513e-03
9.53125000000e-01,6.47727272727e-01,-1.58585483740e-03
9.73011363636e-01,6.47727272727e-01,-1.53811610967e-03
9.92897727273e-01,6.47727272727e-01,-1.49833590230e-03
1.01278409091e+00,6.47727272727e-01,-1.45718433702e-03
1.03267045455e+00,6.47727272727e-01,-1.40763626111e-03
1.05255681818e+00,6.47727272727e-01,-1.35165937649e-03
1.07244318182e+00,6.47727272727e-01,-1.29568249188e-03
1.09232954545e+00,6.47727272727e-01,-1.23970560726e-03
1.11221590909e+00,6.47727272727e-01,-1.18372872265e-03
1.13210227273e+00,6.47727272727e-01,-1.12589931936e-03
1.15198863636e+00,6.47727272727e-01,-1.06473538246e-03
1.17187500000e+00,6.47727272727e-01,-1.00357144556e-03
1.19176136364e+00,6.47727272727e-01,-9.42407508655e-04
1.21164772727e+00,6.47727272727e-01,-8.81243571752e-04
1.23153409091e+00,6.47727272727e-01,-8.23166676504e-04
1.25142045455e+00,6.47727272727e-01,-7.76254169379e-04
1.27130681818e+00,6.47727272727e-01,-7.27329722364e-04
1.29119318182e+00,6.47727272727e-01,-6.64242682577e-04
1.31107954545e+00,6.47727272727e-01,-6.00066212577e-04
1.33096590909e+00,6.47727272727e-01,-5.35889742576e-04
1.35085227273e+00,6.47727272727e-01,-4.71713272576e-04
1.37073863636e+00,6.47727272727e-01,-4.07536802576e-04
1.39062500000e+00,6.47727272727e-01,-3.54613766703e-04
1.41051136364e+00,6.47727272727e-01,-2.94707696654e-04
1.43039772727e+00,6.47727272727e-01,-2.29217097397e-04
1.45028409091e+00,6.47727272727e-01,-1.63726498141e-04
1.47017045455e+00,6.47727272727e-01,-9.82358988846e-05
1.49005681818e+00,6.47727272727e-01,-3.27452996282e-05
6.34943181818e-01,6.70454545455e-01,-1.98970335568e-03
6.54829545455e-01,6.70454545455e-01,-1.97378868340e-03
6.74715909091e-01,6.70454545455e-01,-1.95812308265e-03
6.94602272727e-01,6.70454545455e-01,-1.94337074412e-03
7.14488636364e-01,6.70454545455e-01,-1.92861840559e-03
7.34375000000e-01,6.70454545455e-01,-1.91386606707e-03
7.54261363636e-01,6.70454545455e-01,-1.89479633678e-03
7.74147727273e-01,6.70454545455e-01,-1.85989617007e-03
7.94034090909e-01,6.70454545455e-01,-1.82499600335e-03
8.13920454545e-01,6.70454545455e-01,-1.79009583663e-03
8.33806818182e-01,6.70454545455e-01,-1.75636391897e-03
8.53693181818e-01,6.70454545455e-01,-1.72691558116e-03
8.73579545455e-01,6.70454545455e-01,-1.69746724336e-03
8.93465909091e-01,6.70454545455e-01,-1.65103497205e-03
9.13352272727e-01,6.70454545455e-01,-1.60329624432e-03
9.33238636364e-01,6.70454545455e-01,-1.55555751659e-03
9.53125000000e-01,6.70454545455e-01,-1.50781878886e-03
9.73011363636e-01,6.70454545455e-01,-1.46948558520e-03
9.92897727273e-01,6.70454545455e-01,-1.43187588339e-03
1.01278409091e+00,6.70454545455e-01,-1.39072431810e-03
1.03267045455e+00,6.70454545455e-01,-1.34760505089e-03
1.05255681818e+00,6.70454545455e-01,-1.29989377746e-03
1.07244318182e+00,6.70454545455e-01,-1.24391689285e-03
1.09232954545e+00,6.70454545455e-01,-1.18794000823e-03
1.11221590909e+00,6.70454545455e-01,-1.13196312362e-03
1.13210227273e+00,6.70454545455e-01,-1.07413372033e-03
1.15198863636e+00,6.70454545455e-01,-1.01296978343e-03
1.17187500000e+00,6.70454545455e-01,-9.51805846528e-04
1.19176136364e+00,6.70454545455e-01,-8.90641909625e-04
1.21164772727e+00,6.70454545455e-01,-8.34623042146e-04
1.23153409091e+00,6.70454545455e-01,-7.87865299629e-04
1.25142045455e+00,6.70454545455e-01,-7.40952792504e-04
1.27130681818e+00,6.70454545455e-01,-6.92028345489e-04
1.29119318182e+00,6.70454545455e-01,-6.43103898473e-04
1.31107954545e+00,6.70454545455e-01,-5.82195719112e-04
1.33096590909e+00,6.70454545455e-01,-5.18019249112e-04
1.35085227273e+00,6.70454545455e-01,-4.53842779112e-04
1.37073863636e+00,6.70454545455e-01,-3.89666309112e-04
1.39062500000e+00,6.70454545455e-01,-3.36743273238e-04
1.41051136364e+00,6.70454545455e-01,-2.86889355763e-04
1.43039772727e+00,6.70454545455e-01,-2.29217097397e-04
1.45028409091e+00,6.70454545455e-01,-1.63726498141e-04
1.47017045455e+00,6.70454545455e-01,-9.82358988846e-05
1.49005681818e+00,6.70454545455e-01,-3.27452996282e-05
6.34943181818e-01,6.93181818182e-01,-1.90676502694e-03
6.54829545455e-01,6.93181818182e-01,-1.89085035467e-03
6.74715909091e-01,6.93181818182e-01,-1.87493568240e-03
6.94602272727e-01,6.93181818182e-01,-1.85910403396e-03
7.14488636364e-01,6.93181818182e-01,-1.84435169544e-03
7.34375000000e-01,6.93181818182e-01,-1.82959935691e-03
7.54261363636e-01,6.93181818182e-01,-1.81052962663e-03
7.74147727273e-01,6.93181818182e-01,-1.77562945991e-03
7.94034090909e-01,6.93181818182e-01,-1.74072929319e-03
8.13920454545e-01,6.93181818182e-01,-1.70777620823e-03
8.33806818182e-01,6.93181818182e-01,-1.67832787042e-03
8.53693181818e-01,6.93181818182e-01,-1.64887953262e-03
8.73579545455e-01,6.93181818182e-01,-1.61943119481e-03
8.93465909091e-01,6.93181818182e-01,-1.57299892351e-03
9.13352272727e-01,6.93181818182e-01,-1.52526019578e-03
9.33238636364e-01,6.93181818182e-01,-1.47824496990e-03
9.53125000000e-01,6.93181818182e-01,-1.44063526809e-03
9.73011363636e-01,6.93181818182e-01,-1.40302556628e-03
9.92897727273e-01,6.93181818182e-01,-1.36541586447e-03
1.01278409091e+00,6.93181818182e-01,-1.32426429919e-03
1.03267045455e+00,6.93181818182e-01,-1.28114503198e-03
1.05255681818e+00,6.93181818182e-01,-1.23802576476e-03
1.07244318182e+00,6.93181818182e-01,-1.19215129382e-03
1.09232954545e+00,6.93181818182e-01,-1.13617440921e-03
1.11221590909e+00,6.93181818182e-01,-1.08019752459e-03
1.13210227273e+00,6.93181818182e-01,-1.02236812130e-03
1.15198863636e+00,6.93181818182e-01,-9.61204184401e-04
1.17187500000e+00,6.93181818182e-01,-9.00040247498e-04
1.19176136364e+00,6.93181818182e-01,-8.46079407788e-04
1.21164772727e+00,6.93181818182e-01,-7.99321665271e-04
1.23153409091e+00,6.93181818182e-01,-7.52563922753e-04
1.25142045455e+00,6.93181818182e-01,-7.05651415629e-04
1.27130681818e+00,6.93181818182e-01,-6.56726968613e-04
1.29119318182e+00,6.93181818182e-01,-6.07802521598e-04
1.31107954545e+00,6.93181818182e-01,-5.58878074582e-04
1.33096590909e+00,6.93181818182e-01,-5.00148755648e-04
1.35085227273e+00,6.93181818182e-01,-4.35972285647e-04
1.37073863636e+00,6.93181818182e-01,-3.71795815647e-04
1.39062500000e+00,6.93181818182e-01,-3.18872779774e-04
1.41051136364e+00,6.93181818182e-01,-2.69018862299e-04
1.43039772727e+00,6.93181818182e-01,-2.19164944824e-04
1.45028409091e+00,6.93181818182e-01,-1.63726498141e-04
1.47017045455e+00,6.93181818182e-01,-9.82358988846e-05
1.49005681818e+00,6.93181818182e-01,-3.27452996282e-05
6.34943181818e-01,7.15909090909e-01,-1.82382669821e-03
6.54829545455e-01,7.15909090909e-01,-1.80791202593e-03
6.74715909091e-01,7.15909090909e-01,-1.79199735366e-03
6.94602272727e-01,7.15909090909e-01,-1.77608268139e-03
7.14488636364e-01,7.15909090909e-01,-1.76016800912e-03
7.34375000000e-01,7.15909090909e-01,-1.74533264675e-03
7.54261363636e-01,7.15909090909e-01,-1.72626291647e-03
7.74147727273e-01,7.15909090909e-01,-1.69136274975e-03
7.94034090909e-01,7.15909090909e-01,-1.65918849749e-03
8.13920454545e-01,7.15909090909e-01,-1.62974015969e-03
8.33806818182e-01,7.15909090909e-01,-1.60029182188e-03
8.53693181818e-01,7.15909090909e-01,-1.57084348408e-03
8.73579545455e-01,7.15909090909e-01,-1.54139514627e-03
8.93465909091e-01,7.15909090909e-01,-1.49496287497e-03
9.13352272727e-01,7.15909090909e-01,-1.44939465279e-03
9.33238636364e-01,7.15909090909e-01,-1.41178495098e-03
9.53125000000e-01,7.15909090909e-01,-1.37417524917e-03
9.73011363636e-01,7.15909090909e-01,-1.33656554736e-03
9.92897727273e-01,7.15909090909e-01,-1.29895584555e-03
1.01278409091e+00,7.15909090909e-01,-1.25780428027e-03
1.03267045455e+00,7.15909090909e-01,-1.21468501306e-03
1.05255681818e+00,7.15909090909e-01,-1.17156574585e-03
1.07244318182e+00,7.15909090909e-01,-1.12844647863e-03
1.09232954545e+00,7.15909090909e-01,-1.08440881018e-03
1.11221590909e+00,7.15909090909e-01,-1.02843192556e-03
1.13210227273e+00,7.15909090909e-01,-9.70602522274e-04
1.15198863636e+00,7.15909090909e-01,-9.09438585371e-04
1.17187500000e+00,7.15909090909e-01,-8.57535773431e-04
1.19176136364e+00,7.15909090909e-01,-8.10778030913e-04
1.21164772727e+00,7.15909090909e-01,-7.64020288396e-04
1.23153409091e+00,7.15909090909e-01,-7.17262545878e-04
1.25142045455e+00,7.15909090909e-01,-6.70350038754e-04
1.27130681818e+00,7.15909090909e-01,-6.21425591738e-04
1.29119318182e+00,7.15909090909e-01,-5.72501144722e-04
1.31107954545e+00,7.15909090909e-01,-5.23576697707e-04
1.33096590909e+00,7.15909090909e-01,-4.74652250691e-04
1.35085227273e+00,7.15909090909e-01,-4.18101792183e-04
1.37073863636e+00,7.15909090909e-01,-3.53925322183e-04
1.39062500000e+00,7.15909090909e-01,-3.01002286310e-04
1.41051136364e+00,7.15909090909e-01,-2.51148368834e-04
1.43039772727e+00,7.15909090909e-01,-2.01294451359e-04
1.45028409091e+00,7.15909090909e-01,-1.51440533884e-04
1.47017045455e+00,7.15909090909e-01,-9.82358988846e-05
1.49005681818e+00,7.15909090909e-01,-3.27452996282e-05
6.34943181818e-01,7.38636363636e-01,-1.74088836947e-03
6.54829545455e-01,7.38636363636e-01,-1.72497369720e-03
6.74715909091e-01,7.38636363636e-01,-1.70905902493e-03
6.94602272727e-01,7.38636363636e-01,-1.69314435266e-03
7.14488636364e-01,7.38636363636e-01,-1.67722968039e-03
7.34375000000e-01,7.38636363636e-01,-1.66131500811e-03
7.54261363636e-01,7.38636363636e-01,-1.64199620631e-03
7.74147727273e-01,7.38636363636e-01,-1.61060078676e-03
7.94034090909e-01,7.38636363636e-01,-1.58115244895e-03
8.13920454545e-01,7.38636363636e-01,-1.55170411115e-03
8.33806818182e-01,7.38636363636e-01,-1.52225577334e-03
8.53693181818e-01,7.38636363636e-01,-1.49280743554e-03
8.73579545455e-01,7.38636363636e-01,-1.46335909773e-03
8.93465909091e-01,7.38636363636e-01,-1.42054433568e-03
9.13352272727e-01,7.38636363636e-01,-1.38293463387e-03
9.33238636364e-01,7.38636363636e-01,-1.34532493206e-03
9.53125000000e-01,7.38636363636e-01,-1.30771523026e-03
9.73011363636e-01,7.38636363636e-01,-1.27010552845e-03
9.92897727273e-01,7.38636363636e-01,-1.23249582664e-03
1.01278409091e+00,7.38636363636e-01,-1.19134426136e-03
1.03267045455e+00,7.38636363636e-01,-1.14822499414e-03
1.05255681818e+00,7.38636363636e-01,-1.10510572693e-03
1.07244318182e+00,7.38636363636e-01,-1.06198645972e-03
1.09232954545e+00,7.38636363636e-01,-1.01886719250e-03
1.11221590909e+00,7.38636363636e-01,-9.75747925290e-04
1.13210227273e+00,7.38636363636e-01,-9.18836923244e-04
1.15198863636e+00,7.38636363636e-01,-8.68992139073e-04
1.17187500000e+00,7.38636363636e-01,-8.22234396555e-04
1.19176136364e+00,7.38636363636e-01,-7.75476654038e-04
1.21164772727e+00,7.38636363636e-01,-7.28718911520e-04
1.23153409091e+00,7.38636363636e-01,-6.81961169003e-04
1.25142045455e+00,7.38636363636e-01,-6.35048661878e-04
1.27130681818e+00,7.38636363636e-01,-5.86124214863e-04
1.29119318182e+00,7.38636363636e-01,-5.37199767847e-04
1.31107954545e+00,7.38636363636e-01,-4.88275320831e-04
1.33096590909e+00,7.38636363636e-01,-4.39350873816e-04
1.35085227273e+00,7.38636363636e-01,-3.90426426800e-04
1.37073863636e+00,7.38636363636e-01,-3.36054828719e-04
1.39062500000e+00,7.38636363636e-01,-2.83131792845e-04
1.41051136364e+00,7.38636363636e-01,-2.33277875370e-04
1.43039772727e+00,7.38636363636e-01,-1.83423957895e-04
1.45028409091e+00,7.38636363636e-01,-1.33570040420e-04
1.47017045455e+00,7.38636363636e-01,-8.37161229448e-05
1.49005681818e+00,7.38636363636e-01,-3.27452996282e-05
6.34943181818e-01,7.61363636364e-01,-1.64640266780e-03
6.54829545455e-01,7.61363636364e-01,-1.63048799552e-03
6.74715909091e-01,7.61363636364e-01,-1.61457332325e-03
6.94602272727e-01,7.61363636364e-01,-1.59865865098e-03
7.14488636364e-01,7.61363636364e-01,-1.58274397871e-03
7.34375000000e-01,7.61363636364e-01,-1.56682930644e-03
7.54261363636e-01,7.61363636364e-01,-1.54222471551e-03
7.74147727273e-01,7.61363636364e-01,-1.51551906803e-03
7.94034090909e-01,7.61363636364e-01,-1.48607073023e-03
8.13920454545e-01,7.61363636364e-01,-1.45662239242e-03
8.33806818182e-01,7.61363636364e-01,-1.42717405462e-03
8.53693181818e-01,7.61363636364e-01,-1.39772571681e-03
8.73579545455e-01,7.61363636364e-01,-1.36827737901e-03
8.93465909091e-01,7.61363636364e-01,-1.33125063177e-03
9.13352272727e-01,7.61363636364e-01,-1.29364092996e-03
9.33238636364e-01,7.61363636364e-01,-1.25603122816e-03
9.53125000000e-01,7.61363636364e-01,-1.21842152635e-03
9.73011363636e-01,7.61363636364e-01,-1.18081182454e-03
9.92897727273e-01,7.61363636364e-01,-1.14643588919e-03
1.01278409091e+00,7.61363636364e-01,-1.11067393467e-03
1.03267045455e+00,7.61363636364e-01,-1.06755466746e-03
1.05255681818e+00,7.61363636364e-01,-1.02443540025e-03
1.07244318182e+00,7.61363636364e-01,-9.81316133032e-04
1.09232954545e+00,7.61363636364e-01,-9.38196865819e-04
1.11221590909e+00,7.61363636364e-01,-8.95077598606e-04
1.13210227273e+00,7.61363636364e-01,-8.68643754175e-04
1.15198863636e+00,7.61363636364e-01,-8.26295035970e-04
1.17187500000e+00,7.61363636364e-01,-7.79537293453e-04
1.19176136364e+00,7.61363636364e-01,-7.32779550935e-04
1.21164772727e+00,7.61363636364e-01,-6.86021808418e-04
1.23153409091e+00,7.61363636364e-01,-6.39264065900e-04
1.25142045455e+00,7.61363636364e-01,-5.92351558776e-04
1.27130681818e+00,7.61363636364e-01,-5.43427111760e-04
1.29119318182e+00,7.61363636364e-01,-4.94502664744e-04
1.31107954545e+00,7.61363636364e-01,-4.45578217729e-04
1.33096590909e+00,7.61363636364e-01,-3.96653770713e-04
1.35085227273e+00,7.61363636364e-01,-3.47729323697e-04
1.37073863636e+00,7.61363636364e-01,-3.06543974987e-04
1.39062500000e+00,7.61363636364e-01,-2.74196546113e-04
1.41051136364e+00,7.61363636364e-01,-2.24342628638e-04
1.43039772727e+00,7.61363636364e-01,-1.74488711163e-04
1.45028409091e+00,7.61363636364e-01,-1.24634793688e-04
1.47017045455e+00,7.61363636364e-01,-7.47808762126e-05
1.49005681818e+00,7.61363636364e-01,-2.49269587375e-05
6.34943181818e-01,7.84090909091e-01,-1.54036959318e-03
6.54829545455e-01,7.84090909091e-01,-1.52445492091e-03
6.74715909091e-01,7.84090909091e-01,-1.50854024864e-03
6.94602272727e-01,7.84090909091e-01,-1.49262557636e-03
7.14488636364e-01,7.84090909091e-01,-1.47671090409e-03
7.34375000000e-01,7.84090909091e-01,-1.44871360662e-03
7.54261363636e-01,7.84090909091e-01,-1.42132071756e-03
7.74147727273e-01,7.84090909091e-01,-1.39955191267e-03
7.94034090909e-01,7.84090909091e-01,-1.37394334133e-03
8.13920454545e-01,7.84090909091e-01,-1.34449500352e-03
8.33806818182e-01,7.84090909091e-01,-1.31504666572e-03
8.53693181818e-01,7.84090909091e-01,-1.28559832791e-03
8.73579545455e-01,7.84090909091e-01,-1.25614999011e-03
8.93465909091e-01,7.84090909091e-01,-1.21912324287e-03
9.13352272727e-01,7.84090909091e-01,-1.18151354106e-03
9.33238636364e-01,7.84090909091e-01,-1.14390383925e-03
9.53125000000e-01,7.84090909091e-01,-1.10629413745e-03
9.73011363636e-01,7.84090909091e-01,-1.07407404640e-03
9.92897727273e-01,7.84090909091e-01,-1.05155525474e-03
1.01278409091e+00,7.84090909091e-01,-1.01579330022e-03
1.03267045455e+00,7.84090909091e-01,-9.72674033007e-04
1.05255681818e+00,7.84090909091e-01,-9.29554765794e-04
1.07244318182e+00,7.84090909091e-01,-8.86435498581e-04
1.09232954545e+00,7.84090909091e-01,-8.44645794417e-04
1.11221590909e+00,7.84090909091e-01,-8.20140409892e-04
1.13210227273e+00,7.84090909091e-01,-7.95036128510e-04
1.15198863636e+00,7.84090909091e-01,-7.68853832785e-04
1.17187500000e+00,7.84090909091e-01,-7.29444464122e-04
1.19176136364e+00,7.84090909091e-01,-6.82686721605e-04
1.21164772727e+00,7.84090909091e-01,-6.35928979087e-04
1.23153409091e+00,7.84090909091e-01,-5.89171236570e-04
1.25142045455e+00,7.84090909091e-01,-5.42258729445e-04
1.27130681818e+00,7.84090909091e-01,-4.93334282430e-04
1.29119318182e+00,7.84090909091e-01,-4.44409835414e-04
1.31107954545e+00,7.84090909091e-01,-3.95485388398e-04
1.33096590909e+00,7.84090909091e-01,-3.46560941383e-04
1.35085227273e+00,7.84090909091e-01,-3.08471231995e-04
1.37073863636e+00,7.84090909091e-01,-2.81216260236e-04
1.39062500000e+00,7.84090909091e-01,-2.53617777877e-04
1.41051136364e+00,7.84090909091e-01,-2.24342628638e-04
1.43039772727e+00,7.84090909091e-01,-1.74488711163e-04
1.45028409091e+00,7.84090909091e-01,-1.24634793688e-04
1.47017045455e+00,7.84090909091e-01,-7.47808762126e-05
1.49005681818e+00,7.84090909091e-01,-2.49269587375e-05
6.34943181818e-01,8.06818181818e-01,-1.43433651856e-03
6.54829545455e-01,8.06818181818e-01,-1.41842184629e-03
6.74715909091e-01,8.06818181818e-01,-1.40250717402e-03
6.94602272727e-01,8.06818181818e-01,-1.38566306904e-03
7.14488636364e-01,8.06818181818e-01,-1.35673633885e-03
7.34375000000e-01,8.06818181818e-01,-1.32780960867e-03
7.54261363636e-01,8.06818181818e-01,-1.30041671962e-03
7.74147727273e-01,8.06818181818e-01,-1.27864791473e-03
7.94034090909e-01,8.06818181818e-01,-1.25687910984e-03
8.13920454545e-01,8.06818181818e-01,-1.23236761462e-03
8.33806818182e-01,8.06818181818e-01,-1.20291927682e-03
8.53693181818e-01,8.06818181818e-01,-1.17347093901e-03
8.73579545455e-01,8.06818181818e-01,-1.14402260121e-03
8.93465909091e-01,8.06818181818e-01,-1.10699585397e-03
9.13352272727e-01,8.06818181818e-01,-1.06938615216e-03
9.33238636364e-01,8.06818181818e-01,-1.03177645035e-03
9.53125000000e-01,8.06818181818e-01,-1.00171220362e-03
9.73011363636e-01,8.06818181818e-01,-9.79193411951e-04
9.92897727273e-01,8.06818181818e-01,-9.56674620286e-04
1.01278409091e+00,8.06818181818e-01,-9.20912665769e-04
1.03267045455e+00,8.06818181818e-01,-8.77793398556e-04
1.05255681818e+00,8.06818181818e-01,-8.34674131343e-04
1.07244318182e+00,8.06818181818e-01,-7.95543553277e-04
1.09232954545e+00,8.06818181818e-01,-7.71038168752e-04
1.11221590909e+00,8.06818181818e-01,-7.46532784227e-04
1.13210227273e+00,8.06818181818e-01,-7.21428502845e-04
1.15198863636e+00,8.06818181818e-01,-6.95246207120e-04
1.17187500000e+00,8.06818181818e-01,-6.69063911396e-04
1.19176136364e+00,8.06818181818e-01,-6.32593892275e-04
1.21164772727e+00,8.06818181818e-01,-5.85836149757e-04
1.23153409091e+00,8.06818181818e-01,-5.39078407240e-04
1.25142045455e+00,8.06818181818e-01,-4.92165900115e-04
1.27130681818e+00,8.06818181818e-01,-4.43241453100e-04
1.29119318182e+00,8.06818181818e-01,-3.94317006084e-04
1.31107954545e+00,8.06818181818e-01,-3.45392559068e-04
1.33096590909e+00,8.06818181818e-01,-3.10398489003e-04
1.35085227273e+00,8.06818181818e-01,-2.83143517243e-04
1.37073863636e+00,8.06818181818e-01,-2.55888545484e-04
1.39062500000e+00,8.06818181818e-01,-2.28290063125e-04
1.41051136364e+00,8.06818181818e-01,-2.00597896058e-04
1.43039772727e+00,8.06818181818e-01,-1.72905728991e-04
1.45028409091e+00,8.06818181818e-01,-1.24634793688e-04
1.47017045455e+00,8.06818181818e-01,-7.47808762126e-05
1.49005681818e+00,8.06818181818e-01,-2.49269587375e-05
6.34943181818e-01,8.29545454545e-01,-1.32830344395e-03
6.54829545455e-01,8.29545454545e-01,-1.31238877168e-03
6.74715909091e-01,8.29545454545e-01,-1.29368580128e-03
6.94602272727e-01,8.29545454545e-01,-1.26475907109e-03
7.14488636364e-01,8.29545454545e-01,-1.23583234091e-03
7.34375000000e-01,8.29545454545e-01,-1.20690561072e-03
7.54261363636e-01,8.29545454545e-01,-1.17951272167e-03
7.74147727273e-01,8.29545454545e-01,-1.15774391678e-03
7.94034090909e-01,8.29545454545e-01,-1.13597511189e-03
8.13920454545e-01,8.29545454545e-01,-1.11420630700e-03
8.33806818182e-01,8.29545454545e-01,-1.09079188791e-03
8.53693181818e-01,8.29545454545e-01,-1.06134355011e-03
8.73579545455e-01,8.29545454545e-01,-1.03189521230e-03
8.93465909091e-01,8.29545454545e-01,-9.94868465068e-04
9.13352272727e-01,8.29545454545e-01,-9.57258763259e-04
9.33238636364e-01,8.29545454545e-01,-9.29350360829e-04
9.53125000000e-01,8.29545454545e-01,-9.06831569164e-04
9.73011363636e-01,8.29545454545e-01,-8.84312777500e-04
9.92897727273e-01,8.29545454545e-01,-8.61793985835e-04
1.01278409091e+00,8.29545454545e-01,-8.26032031318e-04
1.03267045455e+00,8.29545454545e-01,-7.82912764105e-04
1.05255681818e+00,8.29545454545e-01,-7.46441312137e-04
1.07244318182e+00,8.29545454545e-01,-7.21935927612e-04
1.09232954545e+00,8.29545454545e-01,-6.97430543087e-04
1.11221590909e+00,8.29545454545e-01,-6.72925158562e-04
1.13210227273e+00,8.29545454545e-01,-6.47820877180e-04
1.15198863636e+00,8.29545454545e-01,-6.21638581456e-04
1.17187500000e+00,8.29545454545e-01,-5.95456285731e-04
1.19176136364e+00,8.29545454545e-01,-5.69273990006e-04
1.21164772727e+00,8.29545454545e-01,-5.35743320427e-04
1.23153409091e+00,8.29545454545e-01,-4.88985577910e-04
1.25142045455e+00,8.29545454545e-01,-4.42073070785e-04
1.27130681818e+00,8.29545454545e-01,-3.93148623769e-04
1.29119318182e+00,8.29545454545e-01,-3.44224176754e-04
1.31107954545e+00,8.29545454545e-01,-3.12325746011e-04
1.33096590909e+00,8.29545454545e-01,-2.85070774251e-04
1.35085227273e+00,8.29545454545e-01,-2.57815802492e-04
1.37073863636e+00,8.29545454545e-01,-2.30560830732e-04
1.39062500000e+00,8.29545454545e-01,-2.02962348374e-04
1.41051136364e+00,8.29545454545e-01,-1.75270181306e-04
1.43039772727e+00,8.29545454545e-01,-1.47578014239e-04
1.45028409091e+00,8.29545454545e-01,-1.19885847172e-04
1.47017045455e+00,8.29545454545e-01,-7.47808762126e-05
1.49005681818e+00,8.29545454545e-01,-2.49269587375e-05
6.34943181818e-01,8.52272727273e-01,-1.22227036933e-03
6.54829545455e-01,8.52272727273e-01,-1.20170853352e-03
6.74715909091e-01,8.52272727273e-01,-1.17278180333e-03
6.94602272727e-01,8.52272727273e-01,-1.14385507315e-03
7.14488636364e-01,8.52272727273e-01,-1.11492834296e-03
7.34375000000e-01,8.52272727273e-01,-1.08600161277e-03
7.54261363636e-01,8.52272727273e-01,-1.05860872372e-03
7.74147727273e-01,8.52272727273e-01,-1.03683991883e-03
7.94034090909e-01,8.52272727273e-01,-1.01507111394e-03
8.13920454545e-01,8.52272727273e-01,-9.93302309053e-04
8.33806818182e-01,8.52272727273e-01,-9.71533504163e-04
8.53693181818e-01,8.52272727273e-01,-9.49216161208e-04
8.73579545455e-01,8.52272727273e-01,-9.19767823403e-04
8.93465909091e-01,8.52272727273e-01,-8.82741076166e-04
9.13352272727e-01,8.52272727273e-01,-8.56988518042e-04
9.33238636364e-01,8.52272727273e-01,-8.34469726377e-04
9.53125000000e-01,8.52272727273e-01,-8.11950934713e-04
9.73011363636e-01,8.52272727273e-01,-7.89432143048e-04
9.92897727273e-01,8.52272727273e-01,-7.66913351384e-04
1.01278409091e+00,8.52272727273e-01,-7.31151396867e-04
1.03267045455e+00,8.52272727273e-01,-6.97339070997e-04
1.05255681818e+00,8.52272727273e-01,-6.72833686472e-04
1.07244318182e+00,8.52272727273e-01,-6.48328301947e-04
1.09232954545e+00,8.52272727273e-01,-6.23822917422e-04
1.11221590909e+00,8.52272727273e-01,-5.99317532897e-04
1.13210227273e+00,8.52272727273e-01,-5.74213251515e-04
1.15198863636e+00,8.52272727273e-01,-5.48030955791e-04
1.17187500000e+00,8.52272727273e-01,-5.21848660066e-04
1.19176136364e+00,8.52272727273e-01,-4.95666364341e-04
1.21164772727e+00,8.52272727273e-01,-4.69484068617e-04
1.23153409091e+00,8.52272727273e-01,-4.38892748579e-04
1.25142045455e+00,8.52272727273e-01,-3.91980241455e-04
1.27130681818e+00,8.52272727273e-01,-3.43055794439e-04
1.29119318182e+00,8.52272727273e-01,-3.14253003019e-04
1.31107954545e+00,8.52272727273e-01,-2.86998031259e-04
1.33096590909e+00,8.52272727273e-01,-2.59743059499e-04
1.35085227273e+00,8.52272727273e-01,-2.32488087740e-04
1.37073863636e+00,8.52272727273e-01,-2.05233115980e-04
1.39062500000e+00,8.52272727273e-01,-1.77634633622e-04
1.41051136364e+00,8.52272727273e-01,-1.49942466554e-04
1.43039772727e+00,8.52272727273e-01,-1.22250299487e-04
1.45028409091e+00,8.52272727273e-01,-9.45581324199e-05
1.47017045455e+00,8.52272727273e-01,-6.68659653527e-05
1.49005681818e+00,8.52272727273e-01,-2.49269587375e-05
6.34943181818e-01,8.75000000000e-01,-1.10973126576e-03
6.54829545455e-01,8.75000000000e-01,-1.08080453557e-03
6.74715909091e-01,8.75000000000e-01,-1.05187780539e-03
6.94602272727e-01,8.75000000000e-01,-1.02295107520e-03
7.14488636364e-01,8.75000000000e-01,-9.94024345013e-04
7.34375000000e-01,8.75000000000e-01,-9.65097614827e-04
7.54261363636e-01,8.75000000000e-01,-9.37704725776e-04
7.74147727273e-01,8.75000000000e-01,-9.15935920886e-04
7.94034090909e-01,8.75000000000e-01,-8.94167115996e-04
8.13920454545e-01,8.75000000000e-01,-8.72398311106e-04
8.33806818182e-01,8.75000000000e-01,-8.50629506216e-04
8.53693181818e-01,8.75000000000e-01,-8.28860701326e-04
8.73579545455e-01,8.75000000000e-01,-8.07091896436e-04
8.93465909091e-01,8.75000000000e-01,-7.84626675255e-04
9.13352272727e-01,8.75000000000e-01,-7.62107883591e-04
9.33238636364e-01,8.75000000000e-01,-7.39589091926e-04
9.53125000000e-01,8.75000000000e-01,-7.17070300262e-04
9.73011363636e-01,8.75000000000e-01,-6.94551508597e-04
9.92897727273e-01,8.75000000000e-01,-6.72032716932e-04
1.01278409091e+00,8.75000000000e-01,-6.48236829858e-04
1.03267045455e+00,8.75000000000e-01,-6.23731445333e-04
1.05255681818e+00,8.75000000000e-01,-5.99226060808e-04
1.07244318182e+00,8.75000000000e-01,-5.74720676282e-04
1.09232954545e+00,8.75000000000e-01,-5.50215291757e-04
1.11221590909e+00,8.75000000000e-01,-5.25709907232e-04
1.13210227273e+00,8.75000000000e-01,-5.00605625850e-04
1.15198863636e+00,8.75000000000e-01,-4.74423330126e-04
1.17187500000e+00,8.75000000000e-01,-4.48241034401e-04
1.19176136364e+00,8.75000000000e-01,-4.22058738677e-04
1.21164772727e+00,8.75000000000e-01,-3.95876442952e-04
1.23153409091e+00,8.75000000000e-01,-3.69694147227e-04
1.25142045455e+00,8.75000000000e-01,-3.43435231786e-04
1.27130681818e+00,8.75000000000e-01,-3.16180260026e-04
1.29119318182e+00,8.75000000000e-01,-2.88925288267e-04
1.31107954545e+00,8.75000000000e-01,-2.61670316507e-04
1.33096590909e+00,8.75000000000e-01,-2.34415344748e-04
1.35085227273e+00,8.75000000000e-01,-2.07160372988e-04
1.37073863636e+00,8.75000000000e-01,-1.79905401228e-04
1.39062500000e+00,8.75000000000e-01,-1.52306918870e-04
1.41051136364e+00,8.75000000000e-01,-1.24614751803e-04
1.43039772727e+00,8.75000000000e-01,-9.69225847354e-05
1.45028409091e+00,8.75000000000e-01,-6.92304176681e-05
1.47017045455e+00,8.75000000000e-01,-4.15382506009e-05
1.49005681818e+00,8.75000000000e-01,-1.38460835336e-05
6.34943181818e-01,8.97727272727e-01,-9.84909628623e-04
6.54829545455e-01,8.97727272727e-01,-9.09464631993e-04
6.74715909091e-01,8.97727272727e-01,-8.80537901807e-04
6.94602272727e-01,8.97727272727e-01,-8.51611171621e-04
7.14488636364e-01,8.97727272727e-01,-8.22684441435e-04
7.34375000000e-01,8.97727272727e-01,-7.93757711249e-04
7.54261363636e-01,8.97727272727e-01,-7.66364822198e-04
7.74147727273e-01,8.97727272727e-01,-7.44596017308e-04
7.94034090909e-01,8.97727272727e-01,-7.22827212418e-04
8.13920454545e-01,8.97727272727e-01,-7.01058407528e-04
8.33806818182e-01,8.97727272727e-01,-6.79289602638e-04
8.53693181818e-01,8.97727272727e-01,-6.59075712383e-04
8.73579545455e-01,8.97727272727e-01,-6.59075712383e-04
8.93465909091e-01,8.97727272727e-01,-6.59075712383e-04
9.13352272727e-01,8.97727272727e-01,-6.41382376075e-04
9.33238636364e-01,8.97727272727e-01,-6.18863584410e-04
9.53125000000e-01,8.97727272727e-01,-5.96344792746e-04
9.73011363636e-01,8.97727272727e-01,-5.73826001081e-04
9.92897727273e-01,8.97727272727e-01,-5.51307209416e-04
1.01278409091e+00,8.97727272727e-01,-5.27511322342e-04
1.03267045455e+00,8.97727272727e-01,-5.03005937817e-04
1.05255681818e+00,8.97727272727e-01,-4.78500553292e-04
1.07244318182e+00,8.97727272727e-01,-4.53995168766e-04
1.09232954545e+00,8.97727272727e-01,-4.29489784241e-04
1.11221590909e+00,8.97727272727e-01,-4.17237091979e-04
1.13210227273e+00,8.97727272727e-01,-4.07886272077e-04
1.15198863636e+00,8.97727272727e-01,-3.81703976353e-04
1.17187500000e+00,8.97727272727e-01,-3.55521680628e-04
1.19176136364e+00,8.97727272727e-01,-3.29339384903e-04
1.21164772727e+00,8.97727272727e-01,-3.03157089179e-04
1.23153409091e+00,8.97727272727e-01,-2.82585285395e-04
1.25142045455e+00,8.97727272727e-01,-2.82585285395e-04
1.27130681818e+00,8.97727272727e-01,-2.82585285395e-04
1.29119318182e+00,8.97727272727e-01,-2.57277097333e-04
1.31107954545e+00,8.97727272727e-01,-2.30022125573e-04
1.33096590909e+00,8.97727272727e-01,-2.02767153814e-04
1.35085227273e+00,8.97727272727e-01,-1.75512182054e-04
1.37073863636e+00,8.97727272727e-01,-1.48257210294e-04
1.39062500000e+00,8.97727272727e-01,-1.20658727936e-04
1.41051136364e+00,8.97727272727e-01,-9.29665608686e-05
1.43039772727e+00,8.97727272727e-01,-6.52743938014e-05
1.45028409091e+00,8.97727272727e-01,-3.75822267341e-05
1.47017045455e+00,8.97727272727e-01,-9.89005966687e-06
1.49005681818e+00,8.97727272727e-01,0.00000000000e+00
6.34943181818e-01,9.20454545455e-01,-8.96268865391e-04
6.54829545455e-01,9.20454545455e-01,-7.94980387402e-04
6.74715909091e-01,9.20454545455e-01,-7.09197998228e-04
6.94602272727e-01,9.20454545455e-01,-6.80271268042e-04
7.14488636364e-01,9.20454545455e-01,-6.51344537856e-04
7.34375000000e-01,9.20454545455e-01,-6.22417807670e-04
7.54261363636e-01,9.20454545455e-01,-5.95024918619e-04
7.74147727273e-01,9.20454545455e-01,-5.73256113729e-04
7.94034090909e-01,9.20454545455e-01,-5.51487308839e-04
8.13920454545e-01,9.20454545455e-01,-5.29718503949e-04
8.33806818182e-01,9.20454545455e-01,-5.12614442964e-04
8.53693181818e-01,9.20454545455e-01,-5.12614442964e-04
8.73579545455e-01,9.20454545455e-01,-5.12614442964e-04
8.93465909091e-01,9.20454545455e-01,-5.12614442964e-04
9.13352272727e-01,9.20454545455e-01,-5.12614442964e-04
9.33238636364e-01,9.20454545455e-01,-4.98138076894e-04
9.53125000000e-01,9.20454545455e-01,-4.75619285230e-04
9.73011363636e-01,9.20454545455e-01,-4.53100493565e-04
9.92897727273e-01,9.20454545455e-01,-4.30581701900e-04
1.01278409091e+00,9.20454545455e-01,-4.06785814826e-04
1.03267045455e+00,9.20454545455e-01,-3.82280430301e-04
1.05255681818e+00,9.20454545455e-01,-3.57775045776e-04
1.07244318182e+00,9.20454545455e-01,-3.33269661250e-04
1.09232954545e+00,9.20454545455e-01,-3.24517738206e-04
1.11221590909e+00,9.20454545455e-01,-3.24517738206e-04
1.13210227273e+00,9.20454545455e-01,-3.15166918304e-04
1.15198863636e+00,9.20454545455e-01,-2.88984622580e-04
1.17187500000e+00,9.20454545455e-01,-2.62802326855e-04
1.19176136364e+00,9.20454545455e-01,-2.36620031130e-04
1.21164772727e+00,9.20454545455e-01,-2.19788555307e-04
1.23153409091e+00,9.20454545455e-01,-2.19788555307e-04
1.25142045455e+00,9.20454545455e-01,-2.19788555307e-04
1.27130681818e+00,9.20454545455e-01,-2.19788555307e-04
1.29119318182e+00,9.20454545455e-01,-2.19788555307e-04
1.31107954545e+00,9.20454545455e-01,-1.98373934639e-04
1.33096590909e+00,9.20454545455e-01,-1.71118962880e-04
1.35085227273e+00,9.20454545455e-01,-1.43863991120e-04
1.37073863636e+00,9.20454545455e-01,-1.16609019360e-04
1.39062500000e+00,9.20454545455e-01,-8.90105370019e-05
1.41051136364e+00,9.20454545455e-01,-6.13183699346e-05
1.43039772727e+00,9.20454545455e-01,-3.36262028674e-05
1.45028409091e+00,9.20454545455e-01,-5.93403580013e-06
1.47017045455e+00,9.20454545455e-01,0.00000000000e+00
1.49005681818e+00,9.20454545455e-01,0.00000000000e+00
6.34943181818e-01,9.43181818182e-01,-8.07628102158e-04
6.54829545455e-01,9.43181818182e-01,-7.06339624170e-04
6.74715909091e-01,9.43181818182e-01,-6.05051146181e-04
6.94602272727e-01,9.43181818182e-01,-5.08931364464e-04
7.14488636364e-01,9.43181818182e-01,-4.80004634278e-04
7.34375000000e-01,9.43181818182e-01,-4.51077904092e-04
7.54261363636e-01,9.43181818182e-01,-4.23685015041e-04
7.74147727273e-01,9.43181818182e-01,-4.01916210151e-04
7.94034090909e-01,9.43181818182e-01,-3.80147405261e-04
8.13920454545e-01,9.43181818182e-01,-3.66153173546e-04
8.33806818182e-01,9.43181818182e-01,-3.66153173546e-04
8.53693181818e-01,9.43181818182e-01,-3.66153173546e-04
8.73579545455e-01,9.43181818182e-01,-3.66153173546e-04
8.93465909091e-01,9.43181818182e-01,-3.66153173546e-04
9.13352272727e-01,9.43181818182e-01,-3.66153173546e-04
9.33238636364e-01,9.43181818182e-01,-3.66153173546e-04
9.53125000000e-01,9.43181818182e-01,-3.54893777714e-04
9.73011363636e-01,9.43181818182e-01,-3.32374986049e-04
9.92897727273e-01,9.43181818182e-01,-3.09856194384e-04
1.01278409091e+00,9.43181818182e-01,-2.86060307310e-04
1.03267045455e+00,9.43181818182e-01,-2.61554922785e-04
1.05255681818e+00,9.43181818182e-01,-2.37049538260e-04
1.07244318182e+00,9.43181818182e-01,-2.31798384433e-04
1.09232954545e+00,9.43181818182e-01,-2.31798384433e-04
1.11221590909e+00,9.43181818182e-01,-2.31798384433e-04
1.13210227273e+00,9.43181818182e-01,-2.22447564531e-04
1.15198863636e+00,9.43181818182e-01,-1.96265268806e-04
1.17187500000e+00,9.43181818182e-01,-1.70082973082e-04
1.19176136364e+00,9.43181818182e-01,-1.56991825220e-04
1.21164772727e+00,9.43181818182e-01,-1.56991825220e-04
1.23153409091e+00,9.43181818182e-01,-1.56991825220e-04
1.25142045455e+00,9.43181818182e-01,-1.56991825220e-04
1.27130681818e+00,9.43181818182e-01,-1.56991825220e-04
1.29119318182e+00,9.43181818182e-01,-1.56991825220e-04
1.31107954545e+00,9.43181818182e-01,-1.56991825220e-04
1.33096590909e+00,9.43181818182e-01,-1.39470771946e-04
1.35085227273e+00,9.43181818182e-01,-1.12215800186e-04
1.37073863636e+00,9.43181818182e-01,-8.49608284263e-05
1.39062500000e+00,9.43181818182e-01,-5.73623460679e-05
1.41051136364e+00,9.43181818182e-01,-2.96701790006e-05
1.43039772727e+00,9.43181818182e-01,-1.97801193337e-06
1.45028409091e+00,9.43181818182e-01,0.00000000000e+00
1.47017045455e+00,9.43181818182e-01,0.00000000000e+00
1.49005681818e+00,9.43181818182e-01,0.00000000000e+00
6.34943181818e-01,9.65909090909e-01,-7.18987338926e-04
6.54829545455e-01,9.65909090909e-01,-6.17698860937e-04
6.74715909091e-01,9.65909090909e-01,-5.16410382948e-04
6.94602272727e-01,9.65909090909e-01,-4.15121904960e-04
7.14488636364e-01,9.65909090909e-01,-3.13833426971e-04
7.34375000000e-01,9.65909090909e-01,-2.79738000514e-04
7.54261363636e-01,9.65909090909e-01,-2.52345111463e-04
7.74147727273e-01,9.65909090909e-01,-2.30576306573e-04
7.94034090909e-01,9.65909090909e-01,-2.19691904128e-04
8.13920454545e-01,9.65909090909e-01,-2.19691904128e-04
8.33806818182e-01,9.65909090909e-01,-2.19691904128e-04
8.53693181818e-01,9.65909090909e-01,-2.19691904128e-04
8.73579545455e-01,9.65909090909e-01,-2.19691904128e-04
8.93465909091e-01,9.65909090909e-01,-2.19691904128e-04
9.13352272727e-01,9.65909090909e-01,-2.19691904128e-04
9.33238636364e-01,9.65909090909e-01,-2.19691904128e-04
9.53125000000e-01,9.65909090909e-01,-2.19691904128e-04
9.73011363636e-01,9.65909090909e-01,-2.11649478533e-04
9.92897727273e-01,9.65909090909e-01,-1.89130686868e-04
1.01278409091e+00,9.65909090909e-01,-1.65334799794e-04
1.03267045455e+00,9.65909090909e-01,-1.40829415269e-04
1.05255681818e+00,9.65909090909e-01,-1.39079030660e-04
1.07244318182e+00,9.65909090909e-01,-1.39079030660e-04
1.09232954545e+00,9.65909090909e-01,-1.39079030660e-04
1.11221590909e+00,9.65909090909e-01,-1.39079030660e-04
1.13210227273e+00,9.65909090909e-01,-1.29728210758e-04
1.15198863636e+00,9.65909090909e-01,-1.03545915033e-04
1.17187500000e+00,9.65909090909e-01,-9.41950951317e-05
1.19176136364e+00,9.65909090909e-01,-9.41950951317e-05
1.21164772727e+00,9.65909090909e-01,-9.41950951317e-05
1.23153409091e+00,9.65909090909e-01,-9.41950951317e-05
1.25142045455e+00,9.65909090909e-01,-9.41950951317e-05
1.27130681818e+00,9.65909090909e-01,-9.41950951317e-05
1.29119318182e+00,9.65909090909e-01,-9.41950951317e-05
1.31107954545e+00,9.65909090909e-01,-9.41950951317e-05
1.33096590909e+00,9.65909090909e-01,-9.41950951317e-05
1.35085227273e+00,9.65909090909e-01,-8.05676092519e-05
1.37073863636e+00,9.65909090909e-01,-5.33126374923e-05
1.39062500000e+00,9.65909090909e-01,-2.57141551339e-05
1.41051136364e+00,9.65909090909e-01,0.00000000000e+00
1.43039772727e+00,9.65909090909e-01,0.00000000000e+00
1.45028409091e+00,9.65909090909e-01,0.00000000000e+00
1.47017045455e+00,9.65909090909e-01,0.00000000000e+00
1.49005681818e+00,9.65909090909e-01,0.00000000000e+00
6.34943181818e-01,9.88636363636e-01,-6.30346575693e-04
6.54829545455e-01,9.88636363636e-01,-5.29058097704e-04
6.74715909091e-01,9.88636363636e-01,-4.27769619716e-04
6.94602272727e-01,9.88636363636e-01,-3.26481141727e-04
7.14488636364e-01,9.88636363636e-01,-2.25192663739e-04
7.34375000000e-01,9.88636363636e-01,-1.23904185750e-04
7.54261363636e-01,9.88636363636e-01,-8.10052078842e-05
7.74147727273e-01,9.88636363636e-01,-7.32306347092e-05
7.94034090909e-01,9.88636363636e-01,-7.32306347092e-05
8.13920454545e-01,9.88636363636e-01,-7.32306347092e-05
8.33806818182e-01,9.88636363636e-01,-7.32306347092e-05
8.53693181818e-01,9.88636363636e-01,-7.32306347092e-05
8.73579545455e-01,9.88636363636e-01,-7.32306347092e-05
8.93465909091e-01,9.88636363636e-01,-7.32306347092e-05
9.13352272727e-01,9.88636363636e-01,-7.32306347092e-05
9.33238636364e-01,9.88636363636e-01,-7.32306347092e-05
9.53125000000e-01,9.88636363636e-01,-7.32306347092e-05
9.73011363636e-01,9.88636363636e-01,-7.32306347092e-05
9.92897727273e-01,9.88636363636e-01,-6.84051793525e-05
1.01278409091e+00,9.88636363636e-01,-4.63596768865e-05
1.03267045455e+00,9.88636363636e-01,-4.63596768865e-05
1.05255681818e+00,9.88636363636e-01,-4.63596768865e-05
1.07244318182e+00,9.88636363636e-01,-4.63596768865e-05
1.09232954545e+00,9.88636363636e-01,-4.63596768865e-05
1.11221590909e+00,9.88636363636e-01,-4.63596768865e-05
1.13210227273e+00,9.88636363636e-01,-3.70088569849e-05
1.15198863636e+00,9.88636363636e-01,-3.13983650439e-05
1.17187500000e+00,9.88636363636e-01,-3.13983650439e-05
1.19176136364e+00,9.88636363636e-01,-3.13983650439e-05
1.21164772727e+00,9.88636363636e-01,-3.13983650439e-05
1.23153409091e+00,9.88636363636e-01,-3.13983650439e-05
1.25142045455e+00,9.88636363636e-01,-3.13983650439e-05
1.27130681818e+00,9.88636363636e-01,-3.13983650439e-05
1.29119318182e+00,9.88636363636e-01,-3.13983650439e-05
1.31107954545e+00,9.88636363636e-01,-3.13983650439e-05
1.33096590909e+00,9.88636363636e-01,-3.13983650439e-05
1.35085227273e+00,9.88636363636e-01,-3.13983650439e-05
1.37073863636e+00,9.88636363636e-01,-2.16644465583e-05
1.39062500000e+00,9.88636363636e-01,0.00000000000e+00
1.41051136364e+00,9.88636363636e-01,0.00000000000e+00
1.43039772727e+00,9.88636363636e-01,0.00000000000e+00
1.45028409091e+00,9.88636363636e-01,0.00000000000e+00
1.47017045455e+00,9.88636363636e-01,0.00000000000e+00
1.49005681818e+00,9.88636363636e-01,0.00000000000e+00
