x,y,u
0.6349431818181818,0.011363636363636364,0.0
0.6349431818181818,0.03409090909090909,-8.392041665443363e-05
0.6349431818181818,0.056818181818181816,-0.0001075105858518105
0.6349431818181818,0.07954545454545454,-0.00012098901715046367
0.6349431818181818,0.10227272727272728,-0.00012098901715046367
0.6349431818181818,0.125,-0.0001284455699666787
0.6349431818181818,0.14772727272727273,-0.00013242029024092912
0.6349431818181818,0.17045454545454544,-0.00013242029024092912
0.6349431818181818,0.19318181818181818,-0.0001343591815409074
0.6349431818181818,0.2159090909090909,-0.00013504784057015995
0.6349431818181818,0.23863636363636365,-0.0001349099549112541
0.6349431818181818,0.26136363636363635,-0.0001349099549112541
0.6349431818181818,0.2840909090909091,-0.00013417526905015831
0.6349431818181818,0.3068181818181818,-0.00013297045970858538
0.6349431818181818,0.32954545454545453,-0.00013136760270485926
0.6349431818181818,0.3522727272727273,-0.00013136760270485926
0.6349431818181818,0.375,-0.00012940987867183007
0.6349431818181818,0.3977272727272727,-0.00012712517335206636
0.6349431818181818,0.42045454545454547,-0.00012712517335206636
0.6349431818181818,0.4431818181818182,-0.00012453326047427759
0.6349431818181818,0.4659090909090909,-0.00012164958136980747
0.6349431818181818,0.48863636363636365,-0.00011848720911204342
0.6349431818181818,0.5113636363636364,-0.00011848720911204342
0.6349431818181818,0.5340909090909091,-0.00011505782296380586
0.6349431818181818,0.5568181818181818,-0.00011137210434961402
0.6349431818181818,0.5795454545454546,-0.00010743972516856498
0.6349431818181818,0.6022727272727273,-0.00010743972516856498
0.6349431818181818,0.625,-0.00010326893323133967
0.6349431818181818,0.6477272727272727,-9.886558081369878e-05
0.6349431818181818,0.6704545454545454,-9.886558081369878e-05
0.6349431818181818,0.6931818181818182,-9.423122978366611e-05
0.6349431818181818,0.7159090909090909,-8.935962380367744e-05
0.6349431818181818,0.7386363636363636,-8.423022940247465e-05
0.6349431818181818,0.7613636363636364,-8.423022940247465e-05
0.6349431818181818,0.7840909090909091,-7.879653492236386e-05
0.6349431818181818,0.8068181818181818,-7.296511168487067e-05
0.6349431818181818,0.8295454545454546,-6.655888123686033e-05
0.6349431818181818,0.8522727272727273,-6.655888123686033e-05
0.6349431818181818,0.875,-5.9255163742128974e-05
0.6349431818181818,0.8977272727272727,-5.049082782449336e-05
0.6349431818181818,0.9204545454545454,-5.049082782449336e-05
0.6349431818181818,0.9431818181818182,-3.937308474207985e-05
0.6349431818181818,0.9659090909090909,-2.4788038802628317e-05
0.6349431818181818,0.9886363636363636,0.0
0.6548295454545454,0.011363636363636364,0.0
0.6548295454545454,0.03409090909090909,-7.265331609657266e-05
0.6548295454545454,0.056818181818181816,-9.721192293427177e-05
0.6548295454545454,0.07954545454545454,-0.00011018080511224184
0.6548295454545454,0.10227272727272728,-0.00011018080511224184
0.6548295454545454,0.125,-0.00011657552555130285
0.6548295454545454,0.14772727272727273,-0.00011939141174818901
0.6548295454545454,0.17045454545454544,-0.00011939141174818901
0.6548295454545454,0.19318181818181818,-0.00012021831230904629
0.6548295454545454,0.2159090909090909,-0.00011990246898797178
0.6548295454545454,0.23863636363636365,-0.00011889386433484143
0.6548295454545454,0.26136363636363635,-0.00011889386433484143
0.6548295454545454,0.2840909090909091,-0.00011743276332715125
0.6548295454545454,0.3068181818181818,-0.00011564869691768666
0.6548295454545454,0.32954545454545453,-0.00011361277017160926
0.6548295454545454,0.3522727272727273,-0.00011361277017160926
0.6548295454545454,0.375,-0.00011136525751009818
0.6548295454545454,0.3977272727272727,-0.00010893015149587448
0.6548295454545454,0.42045454545454547,-0.00010893015149587448
0.6548295454545454,0.4431818181818182,-0.00010632282821504773
0.6548295454545454,0.4659090909090909,-0.00010355407579818995
0.6548295454545454,0.48863636363636365,-0.00010063219059722288
0.6548295454545454,0.5113636363636364,-0.00010063219059722288
0.6548295454545454,0.5340909090909091,-9.756402734748246e-05
0.6548295454545454,0.5568181818181818,-9.435544829723606e-05
0.6548295454545454,0.5795454545454546,-9.101136478707368e-05
0.6548295454545454,0.6022727272727273,-9.101136478707368e-05
0.6548295454545454,0.625,-8.753539749239423e-05
0.6548295454545454,0.6477272727272727,-8.392903000805002e-05
0.6548295454545454,0.6704545454545454,-8.392903000805002e-05
0.6548295454545454,0.6931818181818182,-8.01899355051222e-05
0.6548295454545454,0.7159090909090909,-7.630884591495283e-05
0.6548295454545454,0.7386363636363636,-7.22637992273767e-05
0.6548295454545454,0.7613636363636364,-7.22637992273767e-05
0.6548295454545454,0.7840909090909091,-6.800966904390492e-05
0.6548295454545454,0.8068181818181818,-6.345927999434553e-05
0.6548295454545454,0.8295454545454546,-5.8449773168501074e-05
0.6548295454545454,0.8522727272727273,-5.8449773168501074e-05
0.6548295454545454,0.875,-5.2683909950567665e-05
0.6548295454545454,0.8977272727272727,-4.563154842545308e-05
0.6548295454545454,0.9204545454545454,-4.563154842545308e-05
0.6548295454545454,0.9431818181818182,-3.637190813917861e-05
0.6548295454545454,0.9659090909090909,-2.3484406781036217e-05
0.6548295454545454,0.9886363636363636,0.0
0.6747159090909091,0.011363636363636364,0.0
0.6747159090909091,0.03409090909090909,-5.8315099706768585e-05
0.6747159090909091,0.056818181818181816,-8.852853635778725e-05
0.6747159090909091,0.07954545454545454,-0.00010208642607008919
0.6747159090909091,0.10227272727272728,-0.00010208642607008919
0.6747159090909091,0.125,-0.00010823558933199177
0.6747159090909091,0.14772727272727273,-0.00011057351109949538
0.6747159090909091,0.17045454545454544,-0.00011057351109949538
0.6747159090909091,0.19318181818181818,-0.00011088352829312046
0.6747159090909091,0.2159090909090909,-0.00011008186406711597
0.6747159090909091,0.23863636363636365,-0.00010864721643558008
0.6747159090909091,0.26136363636363635,-0.00010864721643558008
0.6747159090909091,0.2840909090909091,-0.00010683190375998085
0.6747159090909091,0.3068181818181818,-0.00010477002537408898
0.6747159090909091,0.32954545454545453,-0.0001025336720405576
0.6747159090909091,0.3522727272727273,-0.0001025336720405576
0.6747159090909091,0.375,-0.00010016232643508891
0.6747159090909091,0.3977272727272727,-9.767828973411923e-05
0.6747159090909091,0.42045454545454547,-9.767828973411923e-05
0.6747159090909091,0.4431818181818182,-9.509478699244298e-05
0.6747159090909091,0.4659090909090909,-9.242022124005494e-05
0.6747159090909091,0.48863636363636365,-8.96603887437354e-05
0.6747159090909091,0.5113636363636364,-8.96603887437354e-05
0.6747159090909091,0.5340909090909091,-8.681959644940568e-05
0.6747159090909091,0.5568181818181818,-8.390115632615913e-05
0.6747159090909091,0.5795454545454546,-8.090746901964092e-05
0.6747159090909091,0.6022727272727273,-8.090746901964092e-05
0.6747159090909091,0.625,-7.783973928613055e-05
0.6747159090909091,0.6477272727272727,-7.46972174809909e-05
0.6747159090909091,0.6704545454545454,-7.46972174809909e-05
0.6747159090909091,0.6931818181818182,-7.147567557697814e-05
0.6747159090909091,0.7159090909090909,-6.816453110548162e-05
0.6747159090909091,0.7386363636363636,-6.47415168580978e-05
0.6747159090909091,0.7613636363636364,-6.47415168580978e-05
0.6747159090909091,0.7840909090909091,-6.116286611540506e-05
0.6747159090909091,0.8068181818181818,-5.7345295676034994e-05
0.6747159090909091,0.8295454545454546,-5.3132964825328395e-05
0.6747159090909091,0.8522727272727273,-5.3132964825328395e-05
0.6747159090909091,0.875,-4.8236676447129915e-05
0.6747159090909091,0.8977272727272727,-4.211989470558749e-05
0.6747159090909091,0.9204545454545454,-4.211989470558749e-05
0.6747159090909091,0.9431818181818182,-3.37727741413736e-05
0.6747159090909091,0.9659090909090909,-2.1070707504274388e-05
0.6747159090909091,0.9886363636363636,0.0
0.6946022727272727,0.011363636363636364,0.0
0.6946022727272727,0.03409090909090909,-5.8315099706768585e-05
0.6946022727272727,0.056818181818181816,-8.852853635778725e-05
0.6946022727272727,0.07954545454545454,-0.00010208642607008919
0.6946022727272727,0.10227272727272728,-0.00010208642607008919
0.6946022727272727,0.125,-0.00010823558933199177
0.6946022727272727,0.14772727272727273,-0.00011057351109949538
0.6946022727272727,0.17045454545454544,-0.00011057351109949538
0.6946022727272727,0.19318181818181818,-0.00011088352829312046
0.6946022727272727,0.2159090909090909,-0.00011008186406711597
0.6946022727272727,0.23863636363636365,-0.00010864721643558008
0.6946022727272727,0.26136363636363635,-0.00010864721643558008
0.6946022727272727,0.2840909090909091,-0.00010683190375998085
0.6946022727272727,0.3068181818181818,-0.00010477002537408898
0.6946022727272727,0.32954545454545453,-0.0001025336720405576
0.6946022727272727,0.3522727272727273,-0.0001025336720405576
0.6946022727272727,0.375,-0.00010016232643508891
0.6946022727272727,0.3977272727272727,-9.767828973411923e-05
0.6946022727272727,0.42045454545454547,-9.767828973411923e-05
0.6946022727272727,0.4431818181818182,-9.509478699244298e-05
0.6946022727272727,0.4659090909090909,-9.242022124005494e-05
0.6946022727272727,0.48863636363636365,-8.96603887437354e-05
0.6946022727272727,0.5113636363636364,-8.96603887437354e-05
0.6946022727272727,0.5340909090909091,-8.681959644940568e-05
0.6946022727272727,0.5568181818181818,-8.390115632615913e-05
0.6946022727272727,0.5795454545454546,-8.090746901964092e-05
0.6946022727272727,0.6022727272727273,-8.090746901964092e-05
0.6946022727272727,0.625,-7.783973928613055e-05
0.6946022727272727,0.6477272727272727,-7.46972174809909e-05
0.6946022727272727,0.6704545454545454,-7.46972174809909e-05
0.6946022727272727,0.6931818181818182,-7.147567557697814e-05
0.6946022727272727,0.7159090909090909,-6.816453110548162e-05
0.6946022727272727,0.7386363636363636,-6.47415168580978e-05
0.6946022727272727,0.7613636363636364,-6.47415168580978e-05
0.6946022727272727,0.7840909090909091,-6.116286611540506e-05
0.6946022727272727,0.8068181818181818,-5.7345295676034994e-05
0.6946022727272727,0.8295454545454546,-5.3132964825328395e-05
0.6946022727272727,0.8522727272727273,-5.3132964825328395e-05
0.6946022727272727,0.875,-4.8236676447129915e-05
0.6946022727272727,0.8977272727272727,-4.211989470558749e-05
0.6946022727272727,0.9204545454545454,-4.211989470558749e-05
0.6946022727272727,0.9431818181818182,-3.37727741413736e-05
0.6946022727272727,0.9659090909090909,-2.1070707504274388e-05
0.6946022727272727,0.9886363636363636,0.0
0.7144886363636364,0.011363636363636364,0.0
0.7144886363636364,0.03409090909090909,-5.3615075725541764e-05
0.7144886363636364,0.056818181818181816,-8.177508337671841e-05
0.7144886363636364,0.07954545454545454,-9.565187767827096e-05
0.7144886363636364,0.10227272727272728,-9.565187767827096e-05
0.7144886363636364,0.125,-0.00010177947846922843
0.7144886363636364,0.14772727272727273,-0.00010395062091516713
0.7144886363636364,0.17045454545454544,-0.00010395062091516713
0.7144886363636364,0.19318181818181818,-0.00010404939825133502
0.7144886363636364,0.2159090909090909,-0.0001030399707354841
0.7144886363636364,0.23863636363636365,-0.00010142273095823024
0.7144886363636364,0.26136363636363635,-0.00010142273095823024
0.7144886363636364,0.2840909090909091,-9.945982280623096e-05
0.7144886363636364,0.3068181818181818,-9.728957343943398e-05
0.7144886363636364,0.32954545454545453,-9.498555163954463e-05
0.7144886363636364,0.3522727272727273,-9.498555163954463e-05
0.7144886363636364,0.375,-9.258732670990181e-05
0.7144886363636364,0.3977272727272727,-9.011656945694235e-05
0.7144886363636364,0.42045454545454547,-9.011656945694235e-05
0.7144886363636364,0.4431818181818182,-8.758550187839976e-05
0.7144886363636364,0.4659090909090909,-8.500133089293108e-05
0.7144886363636364,0.48863636363636365,-8.236855991055552e-05
0.7144886363636364,0.5113636363636364,-8.236855991055552e-05
0.7144886363636364,0.5340909090909091,-7.969016117189068e-05
0.7144886363636364,0.5568181818181818,-7.696810665321679e-05
0.7144886363636364,0.5795454545454546,-7.420348456702775e-05
0.7144886363636364,0.6022727272727273,-7.420348456702775e-05
0.7144886363636364,0.625,-7.139625602772298e-05
0.7144886363636364,0.6477272727272727,-6.854455985227032e-05
0.7144886363636364,0.6704545454545454,-6.854455985227032e-05
0.7144886363636364,0.6931818181818182,-6.564329272637868e-05
0.7144886363636364,0.7159090909090909,-6.268140452134984e-05
0.7144886363636364,0.7386363636363636,-5.96368392142504e-05
0.7144886363636364,0.7613636363636364,-5.96368392142504e-05
0.7144886363636364,0.7840909090909091,-5.646711349303554e-05
0.7144886363636364,0.8068181818181818,-5.3091762231167334e-05
0.7144886363636364,0.8295454545454546,-4.935949605992101e-05
0.7144886363636364,0.8522727272727273,-4.935949605992101e-05
0.7144886363636364,0.875,-4.4986175901632696e-05
0.7144886363636364,0.8977272727272727,-3.943548442494629e-05
0.7144886363636364,0.9204545454545454,-3.943548442494629e-05
0.7144886363636364,0.9431818181818182,-3.168026594840283e-05
0.7144886363636364,0.9659090909090909,-1.9759358556811224e-05
0.7144886363636364,0.9886363636363636,0.0
0.734375,0.011363636363636364,0.0
0.734375,0.03409090909090909,-5.3615075725541764e-05
0.734375,0.056818181818181816,-8.177508337671841e-05
0.734375,0.07954545454545454,-9.565187767827096e-05
0.734375,0.10227272727272728,-9.565187767827096e-05
0.734375,0.125,-0.00010177947846922843
0.734375,0.14772727272727273,-0.00010395062091516713
0.734375,0.17045454545454544,-0.00010395062091516713
0.734375,0.19318181818181818,-0.00010404939825133502
0.734375,0.2159090909090909,-0.0001030399707354841
0.734375,0.23863636363636365,-0.00010142273095823024
0.734375,0.26136363636363635,-0.00010142273095823024
0.734375,0.2840909090909091,-9.945982280623096e-05
0.734375,0.3068181818181818,-9.728957343943398e-05
0.734375,0.32954545454545453,-9.498555163954463e-05
0.734375,0.3522727272727273,-9.498555163954463e-05
0.734375,0.375,-9.258732670990181e-05
0.734375,0.3977272727272727,-9.011656945694235e-05
0.734375,0.42045454545454547,-9.011656945694235e-05
0.734375,0.4431818181818182,-8.758550187839976e-05
0.734375,0.4659090909090909,-8.500133089293108e-05
0.734375,0.48863636363636365,-8.236855991055552e-05
0.734375,0.5113636363636364,-8.236855991055552e-05
0.734375,0.5340909090909091,-7.969016117189068e-05
0.734375,0.5568181818181818,-7.696810665321679e-05
0.734375,0.5795454545454546,-7.420348456702775e-05
0.734375,0.6022727272727273,-7.420348456702775e-05
0.734375,0.625,-7.139625602772298e-05
0.734375,0.6477272727272727,-6.854455985227032e-05
0.734375,0.6704545454545454,-6.854455985227032e-05
0.734375,0.6931818181818182,-6.564329272637868e-05
0.734375,0.7159090909090909,-6.268140452134984e-05
0.734375,0.7386363636363636,-5.96368392142504e-05
0.734375,0.7613636363636364,-5.96368392142504e-05
0.734375,0.7840909090909091,-5.646711349303554e-05
0.734375,0.8068181818181818,-5.3091762231167334e-05
0.734375,0.8295454545454546,-4.935949605992101e-05
0.734375,0.8522727272727273,-4.935949605992101e-05
0.734375,0.875,-4.4986175901632696e-05
0.734375,0.8977272727272727,-3.943548442494629e-05
0.734375,0.9204545454545454,-3.943548442494629e-05
0.734375,0.9431818181818182,-3.168026594840283e-05
0.734375,0.9659090909090909,-1.9759358556811224e-05
0.734375,0.9886363636363636,0.0
0.7542613636363636,0.011363636363636364,0.0
0.7542613636363636,0.03409090909090909,-5.067905705809952e-05
0.7542613636363636,0.056818181818181816,-7.717767457017131e-05
0.7542613636363636,0.07954545454545454,-9.042218147043228e-05
0.7542613636363636,0.10227272727272728,-9.042218147043228e-05
0.7542613636363636,0.125,-9.64136772707089e-05
0.7542613636363636,0.14772727272727273,-9.850371851985836e-05
0.7542613636363636,0.17045454545454544,-9.850371851985836e-05
0.7542613636363636,0.19318181818181818,-9.852792404809486e-05
0.7542613636363636,0.2159090909090909,-9.745174454501407e-05
0.7542613636363636,0.23863636363636365,-9.578173784947513e-05
0.7542613636363636,0.26136363636363635,-9.578173784947513e-05
0.7542613636363636,0.2840909090909091,-9.378430779848595e-05
0.7542613636363636,0.3068181818181818,-9.160006772508305e-05
0.7542613636363636,0.32954545454545453,-8.930357470160755e-05
0.7542613636363636,0.3522727272727273,-8.930357470160755e-05
0.7542613636363636,0.375,-8.693461813450959e-05
0.7542613636363636,0.3977272727272727,-8.45146516823929e-05
0.7542613636363636,0.42045454545454547,-8.45146516823929e-05
0.7542613636363636,0.4431818181818182,-8.205543654354412e-05
0.7542613636363636,0.4659090909090909,-7.956358599014838e-05
0.7542613636363636,0.48863636363636365,-7.704294066343062e-05
0.7542613636363636,0.5113636363636364,-7.704294066343062e-05
0.7542613636363636,0.5340909090909091,-7.449577942644495e-05
0.7542613636363636,0.5568181818181818,-7.192337722614677e-05
0.7542613636363636,0.5795454545454546,-6.932614659257472e-05
0.7542613636363636,0.6022727272727273,-6.932614659257472e-05
0.7542613636363636,0.625,-6.670342592783462e-05
0.7542613636363636,0.6477272727272727,-6.405283266015696e-05
0.7542613636363636,0.6704545454545454,-6.405283266015696e-05
0.7542613636363636,0.6931818181818182,-6.136892258710128e-05
0.7542613636363636,0.7159090909090909,-5.8640615689809134e-05
0.7542613636363636,0.7386363636363636,-5.58463472852824e-05
0.7542613636363636,0.7613636363636364,-5.58463472852824e-05
0.7542613636363636,0.7840909090909091,-5.294497114917855e-05
0.7542613636363636,0.8068181818181818,-4.985867681818883e-05
0.7542613636363636,0.8295454545454546,-4.644080060360792e-05
0.7542613636363636,0.8522727272727273,-4.644080060360792e-05
0.7542613636363636,0.875,-4.2414853943533464e-05
0.7542613636363636,0.8977272727272727,-3.7258387860958975e-05
0.7542613636363636,0.9204545454545454,-3.7258387860958975e-05
0.7542613636363636,0.9431818181818182,-2.9983438193015907e-05
0.7542613636363636,0.9659090909090909,-1.87280430954669e-05
0.7542613636363636,0.9886363636363636,0.0
0.7741477272727273,0.011363636363636364,0.0
0.7741477272727273,0.03409090909090909,-4.8267048037275814e-05
0.7741477272727273,0.056818181818181816,-7.341169496480403e-05
0.7741477272727273,0.07954545454545454,-8.59830363149116e-05
0.7741477272727273,0.10227272727272728,-8.59830363149116e-05
0.7741477272727273,0.125,-9.170485842511364e-05
0.7741477272727273,0.14772727272727273,-9.370742643336729e-05
0.7741477272727273,0.17045454545454544,-9.370742643336729e-05
0.7741477272727273,0.19318181818181818,-9.370544523620112e-05
0.7741477272727273,0.2159090909090909,-9.262804301832295e-05
0.7741477272727273,0.23863636363636365,-9.097164898280209e-05
0.7741477272727273,0.26136363636363635,-9.097164898280209e-05
0.7741477272727273,0.2840909090909091,-8.900018400344312e-05
0.7741477272727273,0.3068181818181818,-8.685380284848264e-05
0.7741477272727273,0.32954545454545453,-8.46070114069233e-05
0.7741477272727273,0.3522727272727273,-8.46070114069233e-05
0.7741477272727273,0.375,-8.2299530428219e-05
0.7741477272727273,0.3977272727272727,-7.995264802746427e-05
0.7741477272727273,0.42045454545454547,-7.995264802746427e-05
0.7741477272727273,0.4431818181818182,-7.757787404694374e-05
0.7741477272727273,0.4659090909090909,-7.518151175548622e-05
0.7741477272727273,0.48863636363636365,-7.27670574563462e-05
0.7741477272727273,0.5113636363636364,-7.27670574563462e-05
0.7741477272727273,0.5340909090909091,-7.0336430534085e-05
0.7741477272727273,0.5568181818181818,-6.789054790664584e-05
0.7741477272727273,0.5795454545454546,-6.5429483599866e-05
0.7741477272727273,0.6022727272727273,-6.5429483599866e-05
0.7741477272727273,0.625,-6.295228205086636e-05
0.7741477272727273,0.6477272727272727,-6.0456351109463225e-05
0.7741477272727273,0.6704545454545454,-6.0456351109463225e-05
0.7741477272727273,0.6931818181818182,-5.7936188435892895e-05
0.7741477272727273,0.7159090909090909,-5.5380921754442496e-05
0.7741477272727273,0.7386363636363636,-5.276965547638943e-05
0.7741477272727273,0.7613636363636364,-5.276965547638943e-05
0.7741477272727273,0.7840909090909091,-5.0062708691838994e-05
0.7741477272727273,0.8068181818181818,-4.718511813151621e-05
0.7741477272727273,0.8295454545454546,-4.3995537625822626e-05
0.7741477272727273,0.8522727272727273,-4.3995537625822626e-05
0.7741477272727273,0.875,-4.022753930531236e-05
0.7741477272727273,0.8977272727272727,-3.53789461834463e-05
0.7741477272727273,0.9204545454545454,-3.53789461834463e-05
0.7741477272727273,0.9431818181818182,-2.8503975116610275e-05
0.7741477272727273,0.9659090909090909,-1.7824180007050048e-05
0.7741477272727273,0.9886363636363636,0.0
0.7940340909090909,0.011363636363636364,0.0
0.7940340909090909,0.03409090909090909,-4.8267048037275814e-05
0.7940340909090909,0.056818181818181816,-7.341169496480403e-05
0.7940340909090909,0.07954545454545454,-8.59830363149116e-05
0.7940340909090909,0.10227272727272728,-8.59830363149116e-05
0.7940340909090909,0.125,-9.170485842511364e-05
0.7940340909090909,0.14772727272727273,-9.370742643336729e-05
0.7940340909090909,0.17045454545454544,-9.370742643336729e-05
0.7940340909090909,0.19318181818181818,-9.370544523620112e-05
0.7940340909090909,0.2159090909090909,-9.262804301832295e-05
0.7940340909090909,0.23863636363636365,-9.097164898280209e-05
0.7940340909090909,0.26136363636363635,-9.097164898280209e-05
0.7940340909090909,0.2840909090909091,-8.900018400344312e-05
0.7940340909090909,0.3068181818181818,-8.685380284848264e-05
0.7940340909090909,0.32954545454545453,-8.46070114069233e-05
0.7940340909090909,0.3522727272727273,-8.46070114069233e-05
0.7940340909090909,0.375,-8.2299530428219e-05
0.7940340909090909,0.3977272727272727,-7.995264802746427e-05
0.7940340909090909,0.42045454545454547,-7.995264802746427e-05
0.7940340909090909,0.4431818181818182,-7.757787404694374e-05
0.7940340909090909,0.4659090909090909,-7.518151175548622e-05
0.7940340909090909,0.48863636363636365,-7.27670574563462e-05
0.7940340909090909,0.5113636363636364,-7.27670574563462e-05
0.7940340909090909,0.5340909090909091,-7.0336430534085e-05
0.7940340909090909,0.5568181818181818,-6.789054790664584e-05
0.7940340909090909,0.5795454545454546,-6.5429483599866e-05
0.7940340909090909,0.6022727272727273,-6.5429483599866e-05
0.7940340909090909,0.625,-6.295228205086636e-05
0.7940340909090909,0.6477272727272727,-6.0456351109463225e-05
0.7940340909090909,0.6704545454545454,-6.0456351109463225e-05
0.7940340909090909,0.6931818181818182,-5.7936188435892895e-05
0.7940340909090909,0.7159090909090909,-5.5380921754442496e-05
0.7940340909090909,0.7386363636363636,-5.276965547638943e-05
0.7940340909090909,0.7613636363636364,-5.276965547638943e-05
0.7940340909090909,0.7840909090909091,-5.0062708691838994e-05
0.7940340909090909,0.8068181818181818,-4.718511813151621e-05
0.7940340909090909,0.8295454545454546,-4.3995537625822626e-05
0.7940340909090909,0.8522727272727273,-4.3995537625822626e-05
0.7940340909090909,0.875,-4.022753930531236e-05
0.7940340909090909,0.8977272727272727,-3.53789461834463e-05
0.7940340909090909,0.9204545454545454,-3.53789461834463e-05
0.7940340909090909,0.9431818181818182,-2.8503975116610275e-05
0.7940340909090909,0.9659090909090909,-1.7824180007050048e-05
0.7940340909090909,0.9886363636363636,0.0
0.8139204545454546,0.011363636363636364,0.0
0.8139204545454546,0.03409090909090909,-4.60408809746631e-05
0.8139204545454546,0.056818181818181816,-6.998109389228119e-05
0.8139204545454546,0.07954545454545454,-8.19325196746347e-05
0.8139204545454546,0.10227272727272728,-8.19325196746347e-05
0.8139204545454546,0.125,-8.737212894531312e-05
0.8139204545454546,0.14772727272727273,-8.927466469328437e-05
0.8139204545454546,0.17045454545454544,-8.927466469328437e-05
0.8139204545454546,0.19318181818181818,-8.92599937756918e-05
0.8139204545454546,0.2159090909090909,-8.820915373068393e-05
0.8139204545454546,0.23863636363636365,-8.659864729444969e-05
0.8139204545454546,0.26136363636363635,-8.659864729444969e-05
0.8139204545454546,0.2840909090909091,-8.468455784489235e-05
0.8139204545454546,0.3068181818181818,-8.26039960768411e-05
0.8139204545454546,0.32954545454545453,-8.043025604747001e-05
0.8139204545454546,0.3522727272727273,-8.043025604747001e-05
0.8139204545454546,0.375,-7.820252560200023e-05
0.8139204545454546,0.3977272727272727,-7.594179931414787e-05
0.8139204545454546,0.42045454545454547,-7.594179931414787e-05
0.8139204545454546,0.4431818181818182,-7.365937011648924e-05
0.8139204545454546,0.4659090909090909,-7.136134441504303e-05
0.8139204545454546,0.48863636363636365,-6.905102531559359e-05
0.8139204545454546,0.5113636363636364,-6.905102531559359e-05
0.8139204545454546,0.5340909090909091,-6.673014170113762e-05
0.8139204545454546,0.5568181818181818,-6.439942877740585e-05
0.8139204545454546,0.5795454545454546,-6.205879951936995e-05
0.8139204545454546,0.6022727272727273,-6.205879951936995e-05
0.8139204545454546,0.625,-5.970717828686314e-05
0.8139204545454546,0.6477272727272727,-5.73419289717028e-05
0.8139204545454546,0.6704545454545454,-5.73419289717028e-05
0.8139204545454546,0.6931818181818182,-5.495764323829489e-05
0.8139204545454546,0.7159090909090909,-5.254379073183404e-05
0.8139204545454546,0.7386363636363636,-5.0080263024586135e-05
0.8139204545454546,0.7613636363636364,-5.0080263024586135e-05
0.8139204545454546,0.7840909090909091,-4.752897077562587e-05
0.8139204545454546,0.8068181818181818,-4.481801602166373e-05
0.8139204545454546,0.8295454545454546,-4.181188161783102e-05
0.8139204545454546,0.8522727272727273,-4.181188161783102e-05
0.8139204545454546,0.875,-3.8255304669623384e-05
0.8139204545454546,0.8977272727272727,-3.366771434774345e-05
0.8139204545454546,0.9204545454545454,-3.366771434774345e-05
0.8139204545454546,0.9431818181818182,-2.714495843391385e-05
0.8139204545454546,0.9659090909090909,-1.6987157322517066e-05
0.8139204545454546,0.9886363636363636,0.0
0.8338068181818181,0.011363636363636364,0.0
0.8338068181818181,0.03409090909090909,-4.388768882730398e-05
0.8338068181818181,0.056818181818181816,-6.669175091247631e-05
0.8338068181818181,0.07954545454545454,-7.80646317857759e-05
0.8338068181818181,0.10227272727272728,-7.80646317857759e-05
0.8338068181818181,0.125,-8.323569211158878e-05
0.8338068181818181,0.14772727272727273,-8.504040585105563e-05
0.8338068181818181,0.17045454545454544,-8.504040585105563e-05
0.8338068181818181,0.19318181818181818,-8.501825196962803e-05
0.8338068181818181,0.2159090909090909,-8.400556547598348e-05
0.8338068181818181,0.23863636363636365,-8.245608565931503e-05
0.8338068181818181,0.26136363636363635,-8.245608565931503e-05
0.8338068181818181,0.2840909090909091,-8.061521962637911e-05
0.8338068181818181,0.3068181818181818,-7.861524750854993e-05
0.8338068181818181,0.32954545454545453,-7.652729590959828e-05
0.8338068181818181,0.3522727272727273,-7.652729590959828e-05
0.8338068181818181,0.375,-7.438956179695219e-05
0.8338068181818181,0.3977272727272727,-7.222255908768344e-05
0.8338068181818181,0.42045454545454547,-7.222255908768344e-05
0.8338068181818181,0.4431818181818182,-7.003731815875721e-05
0.8338068181818181,0.4659090909090909,-6.783977531526397e-05
0.8338068181818181,0.48863636363636365,-6.563310376218951e-05
0.8338068181818181,0.5113636363636364,-6.563310376218951e-05
0.8338068181818181,0.5340909090909091,-6.341892318640739e-05
0.8338068181818181,0.5568181818181818,-6.119787665573294e-05
0.8338068181818181,0.5795454545454546,-5.8969808482877757e-05
0.8338068181818181,0.6022727272727273,-5.8969808482877757e-05
0.8338068181818181,0.625,-5.673361464460151e-05
0.8338068181818181,0.6477272727272727,-5.4486703383308575e-05
0.8338068181818181,0.6704545454545454,-5.4486703383308575e-05
0.8338068181818181,0.6931818181818182,-5.222384321296945e-05
0.8338068181818181,0.7159090909090909,-4.993492265596117e-05
0.8338068181818181,0.7386363636363636,-4.760069601915412e-05
0.8338068181818181,0.7613636363636364,-4.760069601915412e-05
0.8338068181818181,0.7840909090909091,-4.518475607924007e-05
0.8338068181818181,0.8068181818181818,-4.2618413454478124e-05
0.8338068181818181,0.8295454545454546,-3.977223193321987e-05
0.8338068181818181,0.8522727272727273,-3.977223193321987e-05
0.8338068181818181,0.875,-3.64024702419348e-05
0.8338068181818181,0.8977272727272727,-3.205036586193278e-05
0.8338068181818181,0.9204545454545454,-3.205036586193278e-05
0.8338068181818181,0.9431818181818182,-2.5852827606374104e-05
0.8338068181818181,0.9659090909090909,-1.6186674540679708e-05
0.8338068181818181,0.9886363636363636,0.0
0.8536931818181819,0.011363636363636364,0.0
0.8536931818181819,0.03409090909090909,-4.388768882730398e-05
0.8536931818181819,0.056818181818181816,-6.669175091247631e-05
0.8536931818181819,0.07954545454545454,-7.80646317857759e-05
0.8536931818181819,0.10227272727272728,-7.80646317857759e-05
0.8536931818181819,0.125,-8.323569211158878e-05
0.8536931818181819,0.14772727272727273,-8.504040585105563e-05
0.8536931818181819,0.17045454545454544,-8.504040585105563e-05
0.8536931818181819,0.19318181818181818,-8.501825196962803e-05
0.8536931818181819,0.2159090909090909,-8.400556547598348e-05
0.8536931818181819,0.23863636363636365,-8.245608565931503e-05
0.8536931818181819,0.26136363636363635,-8.245608565931503e-05
0.8536931818181819,0.2840909090909091,-8.061521962637911e-05
0.8536931818181819,0.3068181818181818,-7.861524750854993e-05
0.8536931818181819,0.32954545454545453,-7.652729590959828e-05
0.8536931818181819,0.3522727272727273,-7.652729590959828e-05
0.8536931818181819,0.375,-7.438956179695219e-05
0.8536931818181819,0.3977272727272727,-7.222255908768344e-05
0.8536931818181819,0.42045454545454547,-7.222255908768344e-05
0.8536931818181819,0.4431818181818182,-7.003731815875721e-05
0.8536931818181819,0.4659090909090909,-6.783977531526397e-05
0.8536931818181819,0.48863636363636365,-6.563310376218951e-05
0.8536931818181819,0.5113636363636364,-6.563310376218951e-05
0.8536931818181819,0.5340909090909091,-6.341892318640739e-05
0.8536931818181819,0.5568181818181818,-6.119787665573294e-05
0.8536931818181819,0.5795454545454546,-5.8969808482877757e-05
0.8536931818181819,0.6022727272727273,-5.8969808482877757e-05
0.8536931818181819,0.625,-5.673361464460151e-05
0.8536931818181819,0.6477272727272727,-5.4486703383308575e-05
0.8536931818181819,0.6704545454545454,-5.4486703383308575e-05
0.8536931818181819,0.6931818181818182,-5.222384321296945e-05
0.8536931818181819,0.7159090909090909,-4.993492265596117e-05
0.8536931818181819,0.7386363636363636,-4.760069601915412e-05
0.8536931818181819,0.7613636363636364,-4.760069601915412e-05
0.8536931818181819,0.7840909090909091,-4.518475607924007e-05
0.8536931818181819,0.8068181818181818,-4.2618413454478124e-05
0.8536931818181819,0.8295454545454546,-3.977223193321987e-05
0.8536931818181819,0.8522727272727273,-3.977223193321987e-05
0.8536931818181819,0.875,-3.64024702419348e-05
0.8536931818181819,0.8977272727272727,-3.205036586193278e-05
0.8536931818181819,0.9204545454545454,-3.205036586193278e-05
0.8536931818181819,0.9431818181818182,-2.5852827606374104e-05
0.8536931818181819,0.9659090909090909,-1.6186674540679708e-05
0.8536931818181819,0.9886363636363636,0.0
0.8735795454545454,0.011363636363636364,0.0
0.8735795454545454,0.03409090909090909,-4.17647535448673e-05
0.8735795454545454,0.056818181818181816,-6.346376139676646e-05
0.8735795454545454,0.07954545454545454,-7.428171940260532e-05
0.8735795454545454,0.10227272727272728,-7.428171940260532e-05
0.8735795454545454,0.125,-7.919749240905336e-05
0.8735795454545454,0.14772727272727273,-8.091054116875878e-05
0.8735795454545454,0.17045454545454544,-8.091054116875878e-05
0.8735795454545454,0.19318181818181818,-8.088520826283513e-05
0.8735795454545454,0.2159090909090909,-7.991624561138975e-05
0.8735795454545454,0.23863636363636365,-7.843496679408531e-05
0.8735795454545454,0.26136363636363635,-7.843496679408531e-05
0.8735795454545454,0.2840909090909091,-7.667520324496453e-05
0.8735795454545454,0.3068181818181818,-7.476349345106675e-05
0.8735795454545454,0.32954545454545453,-7.276818018641615e-05
0.8735795454545454,0.3522727272727273,-7.276818018641615e-05
0.8735795454545454,0.375,-7.072611922915561e-05
0.8735795454545454,0.3977272727272727,-6.865717018239605e-05
0.8735795454545454,0.42045454545454547,-6.865717018239605e-05
0.8735795454545454,0.4431818181818182,-6.657203139984811e-05
0.8735795454545454,0.4659090909090909,-6.44764575494394e-05
0.8735795454545454,0.48863636363636365,-6.237351149261056e-05
0.8735795454545454,0.5113636363636364,-6.237351149261056e-05
0.8735795454545454,0.5340909090909091,-6.026473946751445e-05
0.8735795454545454,0.5568181818181818,-5.8150736174756515e-05
0.8735795454545454,0.5795454545454546,-5.6031324500315866e-05
0.8735795454545454,0.6022727272727273,-5.6031324500315866e-05
0.8735795454545454,0.625,-5.390542004334657e-05
0.8735795454545454,0.6477272727272727,-5.177052247889019e-05
0.8735795454545454,0.6704545454545454,-5.177052247889019e-05
0.8735795454545454,0.6931818181818182,-4.962162243591619e-05
0.8735795454545454,0.7159090909090909,-4.7449071155033416e-05
0.8735795454545454,0.7386363636363636,-4.523453108252762e-05
0.8735795454545454,0.7613636363636364,-4.523453108252762e-05
0.8735795454545454,0.7840909090909091,-4.294333149964168e-05
0.8735795454545454,0.8068181818181818,-4.051006667963581e-05
0.8735795454545454,0.8295454545454546,-3.781148270524444e-05
0.8735795454545454,0.8522727272727273,-3.781148270524444e-05
0.8735795454545454,0.875,-3.461545461353429e-05
0.8735795454545454,0.8977272727272727,-3.0484999061125154e-05
0.8735795454545454,0.9204545454545454,-3.0484999061125154e-05
0.8735795454545454,0.9431818181818182,-2.4597734755590235e-05
0.8735795454545454,0.9659090909090909,-1.5406342208918678e-05
0.8735795454545454,0.9886363636363636,0.0
0.8934659090909092,0.011363636363636364,0.0
0.8934659090909092,0.03409090909090909,-3.965457609776949e-05
0.8934659090909092,0.056818181818181816,-6.026271206573383e-05
0.8934659090909092,0.07954545454545454,-7.053806714083851e-05
0.8934659090909092,0.10227272727272728,-7.053806714083851e-05
0.8934659090909092,0.125,-7.520720478004168e-05
0.8934659090909092,0.14772727272727273,-7.683388163286132e-05
0.8934659090909092,0.17045454545454544,-7.683388163286132e-05
0.8934659090909092,0.19318181818181818,-7.68088945328153e-05
0.8934659090909092,0.2159090909090909,-7.588690659321234e-05
0.8934659090909092,0.23863636363636365,-7.447746259170543e-05
0.8934659090909092,0.26136363636363635,-7.447746259170543e-05
0.8934659090909092,0.2840909090909091,-7.280276435225492e-05
0.8934659090909092,0.3068181818181818,-7.098328133244098e-05
0.8934659090909092,0.32954545454545453,-6.908425703729923e-05
0.8934659090909092,0.3522727272727273,-6.908425703729923e-05
0.8934659090909092,0.375,-6.714098666752073e-05
0.8934659090909092,0.3977272727272727,-6.517254731453363e-05
0.8934659090909092,0.42045454545454547,-6.517254731453363e-05
0.8934659090909092,0.4431818181818182,-6.318924163298015e-05
0.8934659090909092,0.4659090909090909,-6.119661926093274e-05
0.8934659090909092,0.48863636363636365,-5.9197632803083536e-05
0.8934659090909092,0.5113636363636364,-5.9197632803083536e-05
0.8934659090909092,0.5340909090909091,-5.719376819399904e-05
0.8934659090909092,0.5568181818181818,-5.518559184054181e-05
0.8934659090909092,0.5795454545454546,-5.317292866459634e-05
0.8934659090909092,0.6022727272727273,-5.317292866459634e-05
0.8934659090909092,0.625,-5.1154738686378225e-05
0.8934659090909092,0.6477272727272727,-4.9128637972631884e-05
0.8934659090909092,0.6704545454545454,-4.9128637972631884e-05
0.8934659090909092,0.6931818181818182,-4.708986386892967e-05
0.8934659090909092,0.7159090909090909,-4.5029254821232615e-05
0.8934659090909092,0.7386363636363636,-4.292940709699063e-05
0.8934659090909092,0.7613636363636364,-4.292940709699063e-05
0.8934659090909092,0.7840909090909091,-4.075741576297878e-05
0.8934659090909092,0.8068181818181818,-3.8451193482766506e-05
0.8934659090909092,0.8295454545454546,-3.589370431873912e-05
0.8934659090909092,0.8522727272727273,-3.589370431873912e-05
0.8934659090909092,0.875,-3.286445418479319e-05
0.8934659090909092,0.8977272727272727,-2.8948182163907915e-05
0.8934659090909092,0.9204545454545454,-2.8948182163907915e-05
0.8934659090909092,0.9431818181818182,-2.3363015836478884e-05
0.8934659090909092,0.9659090909090909,-1.463708547178118e-05
0.8934659090909092,0.9886363636363636,0.0
0.9133522727272727,0.011363636363636364,0.0
0.9133522727272727,0.03409090909090909,-3.965457609776949e-05
0.9133522727272727,0.056818181818181816,-6.026271206573383e-05
0.9133522727272727,0.07954545454545454,-7.053806714083851e-05
0.9133522727272727,0.10227272727272728,-7.053806714083851e-05
0.9133522727272727,0.125,-7.520720478004168e-05
0.9133522727272727,0.14772727272727273,-7.683388163286132e-05
0.9133522727272727,0.17045454545454544,-7.683388163286132e-05
0.9133522727272727,0.19318181818181818,-7.68088945328153e-05
0.9133522727272727,0.2159090909090909,-7.588690659321234e-05
0.9133522727272727,0.23863636363636365,-7.447746259170543e-05
0.9133522727272727,0.26136363636363635,-7.447746259170543e-05
0.9133522727272727,0.2840909090909091,-7.280276435225492e-05
0.9133522727272727,0.3068181818181818,-7.098328133244098e-05
0.9133522727272727,0.32954545454545453,-6.908425703729923e-05
0.9133522727272727,0.3522727272727273,-6.908425703729923e-05
0.9133522727272727,0.375,-6.714098666752073e-05
0.9133522727272727,0.3977272727272727,-6.517254731453363e-05
0.9133522727272727,0.42045454545454547,-6.517254731453363e-05
0.9133522727272727,0.4431818181818182,-6.318924163298015e-05
0.9133522727272727,0.4659090909090909,-6.119661926093274e-05
0.9133522727272727,0.48863636363636365,-5.9197632803083536e-05
0.9133522727272727,0.5113636363636364,-5.9197632803083536e-05
0.9133522727272727,0.5340909090909091,-5.719376819399904e-05
0.9133522727272727,0.5568181818181818,-5.518559184054181e-05
0.9133522727272727,0.5795454545454546,-5.317292866459634e-05
0.9133522727272727,0.6022727272727273,-5.317292866459634e-05
0.9133522727272727,0.625,-5.1154738686378225e-05
0.9133522727272727,0.6477272727272727,-4.9128637972631884e-05
0.9133522727272727,0.6704545454545454,-4.9128637972631884e-05
0.9133522727272727,0.6931818181818182,-4.708986386892967e-05
0.9133522727272727,0.7159090909090909,-4.5029254821232615e-05
0.9133522727272727,0.7386363636363636,-4.292940709699063e-05
0.9133522727272727,0.7613636363636364,-4.292940709699063e-05
0.9133522727272727,0.7840909090909091,-4.075741576297878e-05
0.9133522727272727,0.8068181818181818,-3.8451193482766506e-05
0.9133522727272727,0.8295454545454546,-3.589370431873912e-05
0.9133522727272727,0.8522727272727273,-3.589370431873912e-05
0.9133522727272727,0.875,-3.286445418479319e-05
0.9133522727272727,0.8977272727272727,-2.8948182163907915e-05
0.9133522727272727,0.9204545454545454,-2.8948182163907915e-05
0.9133522727272727,0.9431818181818182,-2.3363015836478884e-05
0.9133522727272727,0.9659090909090909,-1.463708547178118e-05
0.9133522727272727,0.9886363636363636,0.0
0.9332386363636364,0.011363636363636364,0.0
0.9332386363636364,0.03409090909090909,-3.7549597033912566e-05
0.9332386363636364,0.056818181818181816,-5.707325398087193e-05
0.9332386363636364,0.07954545454545454,-6.681216133480601e-05
0.9332386363636364,0.10227272727272728,-6.681216133480601e-05
0.9332386363636364,0.125,-7.123961843093842e-05
0.9332386363636364,0.14772727272727273,-7.278346210017312e-05
0.9332386363636364,0.17045454545454544,-7.278346210017312e-05
0.9332386363636364,0.19318181818181818,-7.276133257357906e-05
0.9332386363636364,0.2159090909090909,-7.188837752992799e-05
0.9332386363636364,0.23863636363636365,-7.05527718929516e-05
0.9332386363636364,0.26136363636363635,-7.05527718929516e-05
0.9332386363636364,0.2840909090909091,-6.896520968048676e-05
0.9332386363636364,0.3068181818181818,-6.724002622584738e-05
0.9332386363636364,0.32954545454545453,-6.543923892414315e-05
0.9332386363636364,0.3522727272727273,-6.543923892414315e-05
0.9332386363636364,0.375,-6.359646765927813e-05
0.9332386363636364,0.3977272727272727,-6.172992721892667e-05
0.9332386363636364,0.42045454545454547,-6.172992721892667e-05
0.9332386363636364,0.4431818181818182,-5.984947790523684e-05
0.9332386363636364,0.4659090909090909,-5.796044195286651e-05
0.9332386363636364,0.48863636363636365,-5.606565508276135e-05
0.9332386363636364,0.5113636363636364,-5.606565508276135e-05
0.9332386363636364,0.5340909090909091,-5.416654578689237e-05
0.9332386363636364,0.5568181818181818,-5.226366044168779e-05
0.9332386363636364,0.5795454545454546,-5.035683715522721e-05
0.9332386363636364,0.6022727272727273,-5.035683715522721e-05
0.9332386363636364,0.625,-4.844509290684406e-05
0.9332386363636364,0.6477272727272727,-4.6526173227398695e-05
0.9332386363636364,0.6704545454545454,-4.6526173227398695e-05
0.9332386363636364,0.6931818181818182,-4.459557538964258e-05
0.9332386363636364,0.7159090909090909,-4.264463839674299e-05
0.9332386363636364,0.7386363636363636,-4.0656906184893676e-05
0.9332386363636364,0.7613636363636364,-4.0656906184893676e-05
0.9332386363636364,0.7840909090909091,-3.860125432945529e-05
0.9332386363636364,0.8068181818181818,-3.641892873978464e-05
0.9332386363636364,0.8295454545454546,-3.399912201616032e-05
0.9332386363636364,0.8522727272727273,-3.399912201616032e-05
0.9332386363636364,0.875,-3.11329653645057e-05
0.9332386363636364,0.8977272727272727,-2.7426876710246187e-05
0.9332386363636364,0.9204545454545454,-2.7426876710246187e-05
0.9332386363636364,0.9431818181818182,-2.213938136085437e-05
0.9332386363636364,0.9659090909090909,-1.387385143065938e-05
0.9332386363636364,0.9886363636363636,0.0
0.953125,0.011363636363636364,0.0
0.953125,0.03409090909090909,-3.7549597033912566e-05
0.953125,0.056818181818181816,-5.707325398087193e-05
0.953125,0.07954545454545454,-6.681216133480601e-05
0.953125,0.10227272727272728,-6.681216133480601e-05
0.953125,0.125,-7.123961843093842e-05
0.953125,0.14772727272727273,-7.278346210017312e-05
0.953125,0.17045454545454544,-7.278346210017312e-05
0.953125,0.19318181818181818,-7.276133257357906e-05
0.953125,0.2159090909090909,-7.188837752992799e-05
0.953125,0.23863636363636365,-7.05527718929516e-05
0.953125,0.26136363636363635,-7.05527718929516e-05
0.953125,0.2840909090909091,-6.896520968048676e-05
0.953125,0.3068181818181818,-6.724002622584738e-05
0.953125,0.32954545454545453,-6.543923892414315e-05
0.953125,0.3522727272727273,-6.543923892414315e-05
0.953125,0.375,-6.359646765927813e-05
0.953125,0.3977272727272727,-6.172992721892667e-05
0.953125,0.42045454545454547,-6.172992721892667e-05
0.953125,0.4431818181818182,-5.984947790523684e-05
0.953125,0.4659090909090909,-5.796044195286651e-05
0.953125,0.48863636363636365,-5.606565508276135e-05
0.953125,0.5113636363636364,-5.606565508276135e-05
0.953125,0.5340909090909091,-5.416654578689237e-05
0.953125,0.5568181818181818,-5.226366044168779e-05
0.953125,0.5795454545454546,-5.035683715522721e-05
0.953125,0.6022727272727273,-5.035683715522721e-05
0.953125,0.625,-4.844509290684406e-05
0.953125,0.6477272727272727,-4.6526173227398695e-05
0.953125,0.6704545454545454,-4.6526173227398695e-05
0.953125,0.6931818181818182,-4.459557538964258e-05
0.953125,0.7159090909090909,-4.264463839674299e-05
0.953125,0.7386363636363636,-4.0656906184893676e-05
0.953125,0.7613636363636364,-4.0656906184893676e-05
0.953125,0.7840909090909091,-3.860125432945529e-05
0.953125,0.8068181818181818,-3.641892873978464e-05
0.953125,0.8295454545454546,-3.399912201616032e-05
0.953125,0.8522727272727273,-3.399912201616032e-05
0.953125,0.875,-3.11329653645057e-05
0.953125,0.8977272727272727,-2.7426876710246187e-05
0.953125,0.9204545454545454,-2.7426876710246187e-05
0.953125,0.9431818181818182,-2.213938136085437e-05
0.953125,0.9659090909090909,-1.387385143065938e-05
0.953125,0.9886363636363636,0.0
0.9730113636363636,0.011363636363636364,0.0
0.9730113636363636,0.03409090909090909,-3.544642698526222e-05
0.9730113636363636,0.056818181818181816,-5.388835570323413e-05
0.9730113636363636,0.07954545454545454,-6.309377990776212e-05
0.9730113636363636,0.10227272727272728,-6.309377990776212e-05
0.9730113636363636,0.125,-6.72822129341213e-05
0.9730113636363636,0.14772727272727273,-6.874534160962659e-05
0.9730113636363636,0.17045454545454544,-6.874534160962659e-05
0.9730113636363636,0.19318181818181818,-6.872768969824824e-05
0.9730113636363636,0.2159090909090909,-6.790507302276232e-05
0.9730113636363636,0.23863636363636365,-6.664447851934675e-05
0.9730113636363636,0.26136363636363635,-6.664447851934675e-05
0.9730113636363636,0.2840909090909091,-6.514519093195716e-05
0.9730113636363636,0.3068181818181818,-6.351542330501362e-05
0.9730113636363636,0.32954545454545453,-6.181392914284263e-05
0.9730113636363636,0.3522727272727273,-6.181392914284263e-05
0.9730113636363636,0.375,-6.007260250082484e-05
0.9730113636363636,0.3977272727272727,-5.830875290964272e-05
0.9730113636363636,0.42045454545454547,-5.830875290964272e-05
0.9730113636363636,0.4431818181818182,-5.653176900804395e-05
0.9730113636363636,0.4659090909090909,-5.4746728922904106e-05
0.9730113636363636,0.48863636363636365,-5.295634416830064e-05
0.9730113636363636,0.5113636363636364,-5.295634416830064e-05
0.9730113636363636,0.5340909090909091,-5.1161984698825856e-05
0.9730113636363636,0.5568181818181818,-4.936417959977121e-05
0.9730113636363636,0.5795454545454546,-4.7562785118771804e-05
0.9730113636363636,0.6022727272727273,-4.7562785118771804e-05
0.9730113636363636,0.625,-4.575688133678515e-05
0.9730113636363636,0.6477272727272727,-4.394434997051043e-05
0.9730113636363636,0.6704545454545454,-4.394434997051043e-05
0.9730113636363636,0.6931818181818182,-4.212095519903985e-05
0.9730113636363636,0.7159090909090909,-4.027854369883669e-05
0.9730113636363636,0.7386363636363636,-3.840161429624525e-05
0.9730113636363636,0.7613636363636364,-3.840161429624525e-05
0.9730113636363636,0.7840909090909091,-3.646083019213127e-05
0.9730113636363636,0.8068181818181818,-3.4400776565000675e-05
0.9730113636363636,0.8295454545454546,-3.211687667481111e-05
0.9730113636363636,0.8522727272727273,-3.211687667481111e-05
0.9730113636363636,0.875,-2.9411879377616064e-05
0.9730113636363636,0.8977272727272727,-2.5913854492513362e-05
0.9730113636363636,0.9204545454545454,-2.5913854492513362e-05
0.9730113636363636,0.9431818181818182,-2.0921666576530638e-05
0.9730113636363636,0.9659090909090909,-1.3113827486323615e-05
0.9730113636363636,0.9886363636363636,0.0
0.9928977272727273,0.011363636363636364,0.0
0.9928977272727273,0.03409090909090909,-3.334350471312542e-05
0.9928977272727273,0.056818181818181816,-5.07047290895407e-05
0.9928977272727273,0.07954545454545454,-5.9378016968409946e-05
0.9928977272727273,0.10227272727272728,-5.9378016968409946e-05
0.9928977272727273,0.125,-6.332878168297252e-05
0.9928977272727273,0.14772727272727273,-6.471238652548867e-05
0.9928977272727273,0.17045454545454544,-6.471238652548867e-05
0.9928977272727273,0.19318181818181818,-6.470019346333616e-05
0.9928977272727273,0.2159090909090909,-6.39287261319656e-05
0.9928977272727273,0.23863636363636365,-6.274385111123611e-05
0.9928977272727273,0.26136363636363635,-6.274385111123611e-05
0.9928977272727273,0.2840909090909091,-6.133349600347926e-05
0.9928977272727273,0.3068181818181818,-5.979977196790093e-05
0.9928977272727273,0.32954545454545453,-5.81981627911484e-05
0.9928977272727273,0.3522727272727273,-5.81981627911484e-05
0.9928977272727273,0.375,-5.655881806005217e-05
0.9928977272727273,0.3977272727272727,-5.489812171828953e-05
0.9928977272727273,0.42045454545454547,-5.489812171828953e-05
0.9928977272727273,0.4431818181818182,-5.322497444609233e-05
0.9928977272727273,0.4659090909090909,-5.154419952530792e-05
0.9928977272727273,0.48863636363636365,-4.985837848751951e-05
0.9928977272727273,0.5113636363636364,-4.985837848751951e-05
0.9928977272727273,0.5340909090909091,-4.816882067842857e-05
0.9928977272727273,0.5568181818181818,-4.6476038311426324e-05
0.9928977272727273,0.5795454545454546,-4.477990774658197e-05
0.9928977272727273,0.6022727272727273,-4.477990774658197e-05
0.9928977272727273,0.625,-4.307957504643343e-05
0.9928977272727273,0.6477272727272727,-4.137306148753651e-05
0.9928977272727273,0.6704545454545454,-4.137306148753651e-05
0.9928977272727273,0.6931818181818182,-3.9656401777686426e-05
0.9928977272727273,0.7159090909090909,-3.7921953993835614e-05
0.9928977272727273,0.7386363636363636,-3.6155175556033634e-05
0.9928977272727273,0.7613636363636364,-3.6155175556033634e-05
0.9928977272727273,0.7840909090909091,-3.432852070078456e-05
0.9928977272727273,0.8068181818181818,-3.2389916306047834e-05
0.9928977272727273,0.8295454545454546,-3.024101624662519e-05
0.9928977272727273,0.8522727272727273,-3.024101624662519e-05
0.9928977272727273,0.875,-2.769618182988565e-05
0.9928977272727273,0.8977272727272727,-2.4405120500162563e-05
0.9928977272727273,0.9204545454545454,-2.4405120500162563e-05
0.9928977272727273,0.9431818181818182,-1.9707008202700224e-05
0.9928977272727273,0.9659090909090909,-1.2355451449138153e-05
0.9928977272727273,0.9886363636363636,0.0
1.0127840909090908,0.011363636363636364,0.0
1.0127840909090908,0.03409090909090909,-3.334350471312542e-05
1.0127840909090908,0.056818181818181816,-5.07047290895407e-05
1.0127840909090908,0.07954545454545454,-5.9378016968409946e-05
1.0127840909090908,0.10227272727272728,-5.9378016968409946e-05
1.0127840909090908,0.125,-6.332878168297252e-05
1.0127840909090908,0.14772727272727273,-6.471238652548867e-05
1.0127840909090908,0.17045454545454544,-6.471238652548867e-05
1.0127840909090908,0.19318181818181818,-6.470019346333616e-05
1.0127840909090908,0.2159090909090909,-6.39287261319656e-05
1.0127840909090908,0.23863636363636365,-6.274385111123611e-05
1.0127840909090908,0.26136363636363635,-6.274385111123611e-05
1.0127840909090908,0.2840909090909091,-6.133349600347926e-05
1.0127840909090908,0.3068181818181818,-5.979977196790093e-05
1.0127840909090908,0.32954545454545453,-5.81981627911484e-05
1.0127840909090908,0.3522727272727273,-5.81981627911484e-05
1.0127840909090908,0.375,-5.655881806005217e-05
1.0127840909090908,0.3977272727272727,-5.489812171828953e-05
1.0127840909090908,0.42045454545454547,-5.489812171828953e-05
1.0127840909090908,0.4431818181818182,-5.322497444609233e-05
1.0127840909090908,0.4659090909090909,-5.154419952530792e-05
1.0127840909090908,0.48863636363636365,-4.985837848751951e-05
1.0127840909090908,0.5113636363636364,-4.985837848751951e-05
1.0127840909090908,0.5340909090909091,-4.816882067842857e-05
1.0127840909090908,0.5568181818181818,-4.6476038311426324e-05
1.0127840909090908,0.5795454545454546,-4.477990774658197e-05
1.0127840909090908,0.6022727272727273,-4.477990774658197e-05
1.0127840909090908,0.625,-4.307957504643343e-05
1.0127840909090908,0.6477272727272727,-4.137306148753651e-05
1.0127840909090908,0.6704545454545454,-4.137306148753651e-05
1.0127840909090908,0.6931818181818182,-3.9656401777686426e-05
1.0127840909090908,0.7159090909090909,-3.7921953993835614e-05
1.0127840909090908,0.7386363636363636,-3.6155175556033634e-05
1.0127840909090908,0.7613636363636364,-3.6155175556033634e-05
1.0127840909090908,0.7840909090909091,-3.432852070078456e-05
1.0127840909090908,0.8068181818181818,-3.2389916306047834e-05
1.0127840909090908,0.8295454545454546,-3.024101624662519e-05
1.0127840909090908,0.8522727272727273,-3.024101624662519e-05
1.0127840909090908,0.875,-2.769618182988565e-05
1.0127840909090908,0.8977272727272727,-2.4405120500162563e-05
1.0127840909090908,0.9204545454545454,-2.4405120500162563e-05
1.0127840909090908,0.9431818181818182,-1.9707008202700224e-05
1.0127840909090908,0.9659090909090909,-1.2355451449138153e-05
1.0127840909090908,0.9886363636363636,0.0
1.0326704545454546,0.011363636363636364,0.0
1.0326704545454546,0.03409090909090909,-3.1240096371944556e-05
1.0326704545454546,0.056818181818181816,-4.7520811508596194e-05
1.0326704545454546,0.07954545454545454,-5.5662496089260705e-05
1.0326704545454546,0.10227272727272728,-5.5662496089260705e-05
1.0326704545454546,0.125,-5.9376243946462316e-05
1.0326704545454546,0.14772727272727273,-6.0680965615807964e-05
1.0326704545454546,0.17045454545454544,-6.0680965615807964e-05
1.0326704545454546,0.19318181818181818,-6.067480331439166e-05
1.0326704545454546,0.2159090909090909,-5.9954980542026354e-05
1.0326704545454546,0.23863636363636365,-5.88462608479578e-05
1.0326704545454546,0.26136363636363635,-5.88462608479578e-05
1.0326704545454546,0.2840909090909091,-5.752523587926536e-05
1.0326704545454546,0.3068181818181818,-5.6087927767564285e-05
1.0326704545454546,0.32954545454545453,-5.458655257790076e-05
1.0326704545454546,0.3522727272727273,-5.458655257790076e-05
1.0326704545454546,0.375,-5.304950982619971e-05
1.0326704545454546,0.3977272727272727,-5.14922492793564e-05
1.0326704545454546,0.42045454545454547,-5.14922492793564e-05
1.0326704545454546,0.4431818181818182,-4.9923175465505064e-05
1.0326704545454546,0.4659090909090909,-4.834685063259867e-05
1.0326704545454546,0.48863636363636365,-4.676572246499247e-05
1.0326704545454546,0.5113636363636364,-4.676572246499247e-05
1.0326704545454546,0.5340909090909091,-4.518103783729451e-05
1.0326704545454546,0.5568181818181818,-4.359329171811399e-05
1.0326704545454546,0.5795454545454546,-4.2002381215268535e-05
1.0326704545454546,0.6022727272727273,-4.2002381215268535e-05
1.0326704545454546,0.625,-4.040751964392766e-05
1.0326704545454546,0.6477272727272727,-3.8806869487822196e-05
1.0326704545454546,0.6704545454545454,-3.8806869487822196e-05
1.0326704545454546,0.6931818181818182,-3.719673783661995e-05
1.0326704545454546,0.7159090909090909,-3.556999610969074e-05
1.0326704545454546,0.7386363636363636,-3.3913062237950754e-05
1.0326704545454546,0.7613636363636364,-3.3913062237950754e-05
1.0326704545454546,0.7840909090909091,-3.2200183200571544e-05
1.0326704545454546,0.8068181818181818,-3.0382628706556757e-05
1.0326704545454546,0.8295454545454546,-2.836828313640896e-05
1.0326704545454546,0.8522727272727273,-2.836828313640896e-05
1.0326704545454546,0.875,-2.5983117877791656e-05
1.0326704545454546,0.8977272727272727,-2.289847214312013e-05
1.0326704545454546,0.9204545454545454,-2.289847214312013e-05
1.0326704545454546,0.9431818181818182,-1.849382305060851e-05
1.0326704545454546,0.9659090909090909,-1.1597857853435812e-05
1.0326704545454546,0.9886363636363636,0.0
1.0525568181818181,0.011363636363636364,0.0
1.0525568181818181,0.03409090909090909,-2.9135851603359525e-05
1.0525568181818181,0.056818181818181816,-4.433585069783202e-05
1.0525568181818181,0.07954545454545454,-5.1946056452598266e-05
1.0525568181818181,0.10227272727272728,-5.1946056452598266e-05
1.0525568181818181,0.125,-5.542306613064994e-05
1.0525568181818181,0.14772727272727273,-5.664923417465228e-05
1.0525568181818181,0.17045454545454544,-5.664923417465228e-05
1.0525568181818181,0.19318181818181818,-5.6649428799993e-05
1.0525568181818181,0.2159090909090909,-5.5981551857420436e-05
1.0525568181818181,0.23863636363636365,-5.4949261391398766e-05
1.0525568181818181,0.26136363636363635,-5.4949261391398766e-05
1.0525568181818181,0.2840909090909091,-5.371781832618726e-05
1.0525568181818181,0.3068181818181818,-5.237716111277526e-05
1.0525568181818181,0.32954545454545453,-5.0976240187478665e-05
1.0525568181818181,0.3522727272727273,-5.0976240187478665e-05
1.0525568181818181,0.375,-4.954170368554843e-05
1.0525568181818181,0.3977272727272727,-4.808806386721662e-05
1.0525568181818181,0.42045454545454547,-4.808806386721662e-05
1.0525568181818181,0.4431818181818182,-4.662322528860499e-05
1.0525568181818181,0.4659090909090909,-4.5151485872368836e-05
1.0525568181818181,0.48863636363636365,-4.367515712455508e-05
1.0525568181818181,0.5113636363636364,-4.367515712455508e-05
1.0525568181818181,0.5340909090909091,-4.219542210728903e-05
1.0525568181818181,0.5568181818181818,-4.071275802884151e-05
1.0525568181818181,0.5795454545454546,-3.922708284069972e-05
1.0525568181818181,0.6022727272727273,-3.922708284069972e-05
1.0525568181818181,0.625,-3.773767762477375e-05
1.0525568181818181,0.6477272727272727,-3.624284685583273e-05
1.0525568181818181,0.6704545454545454,-3.624284685583273e-05
1.0525568181818181,0.6931818181818182,-3.473917095367028e-05
1.0525568181818181,0.7159090909090909,-3.3220035716022733e-05
1.0525568181818181,0.7386363636363636,-3.16728206383593e-05
1.0525568181818181,0.7613636363636364,-3.16728206383593e-05
1.0525568181818181,0.7840909090909091,-3.0073566423376598e-05
1.0525568181818181,0.8068181818181818,-2.8376886382062543e-05
1.0525568181818181,0.8295454545454546,-2.6496895776071525e-05
1.0525568181818181,0.8522727272727273,-2.6496895776071525e-05
1.0525568181818181,0.875,-2.4271175892662948e-05
1.0525568181818181,0.8977272727272727,-2.1392697081302726e-05
1.0525568181818181,0.9204545454545454,-2.1392697081302726e-05
1.0525568181818181,0.9431818181818182,-1.7281237481515748e-05
1.0525568181818181,0.9659090909090909,-1.0840568277265227e-05
1.0525568181818181,0.9886363636363636,0.0
1.0724431818181819,0.011363636363636364,0.0
1.0724431818181819,0.03409090909090909,-2.9135851603359525e-05
1.0724431818181819,0.056818181818181816,-4.433585069783202e-05
1.0724431818181819,0.07954545454545454,-5.1946056452598266e-05
1.0724431818181819,0.10227272727272728,-5.1946056452598266e-05
1.0724431818181819,0.125,-5.542306613064994e-05
1.0724431818181819,0.14772727272727273,-5.664923417465228e-05
1.0724431818181819,0.17045454545454544,-5.664923417465228e-05
1.0724431818181819,0.19318181818181818,-5.6649428799993e-05
1.0724431818181819,0.2159090909090909,-5.5981551857420436e-05
1.0724431818181819,0.23863636363636365,-5.4949261391398766e-05
1.0724431818181819,0.26136363636363635,-5.4949261391398766e-05
1.0724431818181819,0.2840909090909091,-5.371781832618726e-05
1.0724431818181819,0.3068181818181818,-5.237716111277526e-05
1.0724431818181819,0.32954545454545453,-5.0976240187478665e-05
1.0724431818181819,0.3522727272727273,-5.0976240187478665e-05
1.0724431818181819,0.375,-4.954170368554843e-05
1.0724431818181819,0.3977272727272727,-4.808806386721662e-05
1.0724431818181819,0.42045454545454547,-4.808806386721662e-05
1.0724431818181819,0.4431818181818182,-4.662322528860499e-05
1.0724431818181819,0.4659090909090909,-4.5151485872368836e-05
1.0724431818181819,0.48863636363636365,-4.367515712455508e-05
1.0724431818181819,0.5113636363636364,-4.367515712455508e-05
1.0724431818181819,0.5340909090909091,-4.219542210728903e-05
1.0724431818181819,0.5568181818181818,-4.071275802884151e-05
1.0724431818181819,0.5795454545454546,-3.922708284069972e-05
1.0724431818181819,0.6022727272727273,-3.922708284069972e-05
1.0724431818181819,0.625,-3.773767762477375e-05
1.0724431818181819,0.6477272727272727,-3.624284685583273e-05
1.0724431818181819,0.6704545454545454,-3.624284685583273e-05
1.0724431818181819,0.6931818181818182,-3.473917095367028e-05
1.0724431818181819,0.7159090909090909,-3.3220035716022733e-05
1.0724431818181819,0.7386363636363636,-3.16728206383593e-05
1.0724431818181819,0.7613636363636364,-3.16728206383593e-05
1.0724431818181819,0.7840909090909091,-3.0073566423376598e-05
1.0724431818181819,0.8068181818181818,-2.8376886382062543e-05
1.0724431818181819,0.8295454545454546,-2.6496895776071525e-05
1.0724431818181819,0.8522727272727273,-2.6496895776071525e-05
1.0724431818181819,0.875,-2.4271175892662948e-05
1.0724431818181819,0.8977272727272727,-2.1392697081302726e-05
1.0724431818181819,0.9204545454545454,-2.1392697081302726e-05
1.0724431818181819,0.9431818181818182,-1.7281237481515748e-05
1.0724431818181819,0.9659090909090909,-1.0840568277265227e-05
1.0724431818181819,0.9886363636363636,0.0
1.0923295454545454,0.011363636363636364,0.0
1.0923295454545454,0.03409090909090909,-2.7030601132885976e-05
1.0923295454545454,0.056818181818181816,-4.114948069057961e-05
1.0923295454545454,0.07954545454545454,-4.822812661778948e-05
1.0923295454545454,0.10227272727272728,-4.822812661778948e-05
1.0923295454545454,0.125,-5.146848157534044e-05
1.0923295454545454,0.14772727272727273,-5.261625429343462e-05
1.0923295454545454,0.17045454545454544,-5.261625429343462e-05
1.0923295454545454,0.19318181818181818,-5.2622989948648946e-05
1.0923295454545454,0.2159090909090909,-5.200724457731319e-05
1.0923295454545454,0.23863636363636365,-5.105156126034116e-05
1.0923295454545454,0.26136363636363635,-5.105156126034116e-05
1.0923295454545454,0.2840909090909091,-4.990986825768863e-05
1.0923295454545454,0.3068181818181818,-4.866602105635822e-05
1.0923295454545454,0.32954545454545453,-4.736570512641827e-05
1.0923295454545454,0.3522727272727273,-4.736570512641827e-05
1.0923295454545454,0.375,-4.603381685488922e-05
1.0923295454545454,0.3977272727272727,-4.468392969168477e-05
1.0923295454545454,0.42045454545454547,-4.468392969168477e-05
1.0923295454545454,0.4431818181818182,-4.3323446487903986e-05
1.0923295454545454,0.4659090909090909,-4.195639916549952e-05
1.0923295454545454,0.48863636363636365,-4.0584961728704943e-05
1.0923295454545454,0.5113636363636364,-4.0584961728704943e-05
1.0923295454545454,0.5340909090909091,-3.9210252557219535e-05
1.0923295454545454,0.5568181818181818,-3.7832730659571806e-05
1.0923295454545454,0.5795454545454546,-3.64523347437386e-05
1.0923295454545454,0.6022727272727273,-3.64523347437386e-05
1.0923295454545454,0.625,-3.506841383611091e-05
1.0923295454545454,0.6477272727272727,-3.367941477140845e-05
1.0923295454545454,0.6704545454545454,-3.367941477140845e-05
1.0923295454545454,0.6931818181818182,-3.228219180535784e-05
1.0923295454545454,0.7159090909090909,-3.0870645718560206e-05
1.0923295454545454,0.7386363636363636,-2.9433118245609906e-05
1.0923295454545454,0.7613636363636364,-2.9433118245609906e-05
1.0923295454545454,0.7840909090909091,-2.7947444535988446e-05
1.0923295454545454,0.8068181818181818,-2.63715822743702e-05
1.0923295454545454,0.8295454545454546,-2.462587849739322e-05
1.0923295454545454,0.8522727272727273,-2.462587849739322e-05
1.0923295454545454,0.875,-2.2559525688659204e-05
1.0923295454545454,0.8977272727272727,-1.9887127809755866e-05
1.0923295454545454,0.9204545454545454,-1.9887127809755866e-05
1.0923295454545454,0.9431818181818182,-1.6068769517978685e-05
1.0923295454545454,0.9659090909090909,-1.0083318451716555e-05
1.0923295454545454,0.9886363636363636,0.0
1.1122159090909092,0.011363636363636364,0.0
1.1122159090909092,0.03409090909090909,-2.492426272298292e-05
1.1122159090909092,0.056818181818181816,-3.7961522186821844e-05
1.1122159090909092,0.07954545454545454,-4.450842320460827e-05
1.1122159090909092,0.10227272727272728,-4.450842320460827e-05
1.1122159090909092,0.125,-4.751210446667973e-05
1.1122159090909092,0.14772727272727273,-4.858154647269106e-05
1.1122159090909092,0.17045454545454544,-4.858154647269106e-05
1.1122159090909092,0.19318181818181818,-4.859492620703708e-05
1.1122159090909092,0.2159090909090909,-4.803143013650571e-05
1.1122159090909092,0.23863636363636365,-4.715247488524593e-05
1.1122159090909092,0.26136363636363635,-4.715247488524593e-05
1.1122159090909092,0.2840909090909091,-4.610065122775161e-05
1.1122159090909092,0.3068181818181818,-4.4953730033320045e-05
1.1122159090909092,0.32954545454545453,-4.37541312563518e-05
1.1122159090909092,0.3522727272727273,-4.37541312563518e-05
1.1122159090909092,0.375,-4.2524999077745e-05
1.1122159090909092,0.3977272727272727,-4.127896745225365e-05
1.1122159090909092,0.42045454545454547,-4.127896745225365e-05
1.1122159090909092,0.4431818181818182,-4.002293666067564e-05
1.1122159090909092,0.4659090909090909,-3.876067174243482e-05
1.1122159090909092,0.48863636363636365,-3.749420844455081e-05
1.1122159090909092,0.5113636363636364,-3.749420844455081e-05
1.1122159090909092,0.5340909090909091,-3.622459991109812e-05
1.1122159090909092,0.5568181818181818,-3.495228661537102e-05
1.1122159090909092,0.5795454545454546,-3.3677227884804705e-05
1.1122159090909092,0.6022727272727273,-3.3677227884804705e-05
1.1122159090909092,0.625,-3.239884072185315e-05
1.1122159090909092,0.6477272727272727,-3.111571449634866e-05
1.1122159090909092,0.6704545454545454,-3.111571449634866e-05
1.1122159090909092,0.6931818181818182,-2.9824977604650218e-05
1.1122159090909092,0.7159090909090909,-2.8521046240898182e-05
1.1122159090909092,0.7386363636363636,-2.7193224940350633e-05
1.1122159090909092,0.7613636363636364,-2.7193224940350633e-05
1.1122159090909092,0.7840909090909091,-2.582114401115172e-05
1.1122159090909092,0.8068181818181818,-2.436610643880617e-05
1.1122159090909092,0.8295454545454546,-2.275469236885509e-05
1.1122159090909092,0.8522727272727273,-2.275469236885509e-05
1.1122159090909092,0.875,-2.084770770991567e-05
1.1122159090909092,0.8977272727272727,-1.8381394265895477e-05
1.1122159090909092,0.9204545454545454,-1.8381394265895477e-05
1.1122159090909092,0.9431818181818182,-1.48561517622495e-05
1.1122159090909092,0.9659090909090909,-9.325961787337806e-06
1.1122159090909092,0.9886363636363636,0.0
1.1321022727272727,0.011363636363636364,0.0
1.1321022727272727,0.03409090909090909,-2.492426272298292e-05
1.1321022727272727,0.056818181818181816,-3.7961522186821844e-05
1.1321022727272727,0.07954545454545454,-4.450842320460827e-05
1.1321022727272727,0.10227272727272728,-4.450842320460827e-05
1.1321022727272727,0.125,-4.751210446667973e-05
1.1321022727272727,0.14772727272727273,-4.858154647269106e-05
1.1321022727272727,0.17045454545454544,-4.858154647269106e-05
1.1321022727272727,0.19318181818181818,-4.859492620703708e-05
1.1321022727272727,0.2159090909090909,-4.803143013650571e-05
1.1321022727272727,0.23863636363636365,-4.715247488524593e-05
1.1321022727272727,0.26136363636363635,-4.715247488524593e-05
1.1321022727272727,0.2840909090909091,-4.610065122775161e-05
1.1321022727272727,0.3068181818181818,-4.4953730033320045e-05
1.1321022727272727,0.32954545454545453,-4.37541312563518e-05
1.1321022727272727,0.3522727272727273,-4.37541312563518e-05
1.1321022727272727,0.375,-4.2524999077745e-05
1.1321022727272727,0.3977272727272727,-4.127896745225365e-05
1.1321022727272727,0.42045454545454547,-4.127896745225365e-05
1.1321022727272727,0.4431818181818182,-4.002293666067564e-05
1.1321022727272727,0.4659090909090909,-3.876067174243482e-05
1.1321022727272727,0.48863636363636365,-3.749420844455081e-05
1.1321022727272727,0.5113636363636364,-3.749420844455081e-05
1.1321022727272727,0.5340909090909091,-3.622459991109812e-05
1.1321022727272727,0.5568181818181818,-3.495228661537102e-05
1.1321022727272727,0.5795454545454546,-3.3677227884804705e-05
1.1321022727272727,0.6022727272727273,-3.3677227884804705e-05
1.1321022727272727,0.625,-3.239884072185315e-05
1.1321022727272727,0.6477272727272727,-3.111571449634866e-05
1.1321022727272727,0.6704545454545454,-3.111571449634866e-05
1.1321022727272727,0.6931818181818182,-2.9824977604650218e-05
1.1321022727272727,0.7159090909090909,-2.8521046240898182e-05
1.1321022727272727,0.7386363636363636,-2.7193224940350633e-05
1.1321022727272727,0.7613636363636364,-2.7193224940350633e-05
1.1321022727272727,0.7840909090909091,-2.582114401115172e-05
1.1321022727272727,0.8068181818181818,-2.436610643880617e-05
1.1321022727272727,0.8295454545454546,-2.275469236885509e-05
1.1321022727272727,0.8522727272727273,-2.275469236885509e-05
1.1321022727272727,0.875,-2.084770770991567e-05
1.1321022727272727,0.8977272727272727,-1.8381394265895477e-05
1.1321022727272727,0.9204545454545454,-1.8381394265895477e-05
1.1321022727272727,0.9431818181818182,-1.48561517622495e-05
1.1321022727272727,0.9659090909090909,-9.325961787337806e-06
1.1321022727272727,0.9886363636363636,0.0
1.1519886363636362,0.011363636363636364,0.0
1.1519886363636362,0.03409090909090909,-2.281679734656862e-05
1.1519886363636362,0.056818181818181816,-3.4771888073152244e-05
1.1519886363636362,0.07954545454545454,-4.07868052085326e-05
1.1519886363636362,0.10227272727272728,-4.07868052085326e-05
1.1519886363636362,0.125,-4.3553738352213443e-05
1.1519886363636362,0.14772727272727273,-4.454486125540113e-05
1.1519886363636362,0.17045454545454544,-4.454486125540113e-05
1.1519886363636362,0.19318181818181818,-4.456494033610964e-05
1.1519886363636362,0.2159090909090909,-4.4053769910275195e-05
1.1519886363636362,0.23863636363636365,-4.325162845113197e-05
1.1519886363636362,0.26136363636363635,-4.325162845113197e-05
1.1519886363636362,0.2840909090909091,-4.228976345794723e-05
1.1519886363636362,0.3068181818181818,-4.123985843875244e-05
1.1519886363636362,0.32954545454545453,-4.0141066505155055e-05
1.1519886363636362,0.3522727272727273,-4.0141066505155055e-05
1.1519886363636362,0.375,-3.901477885174111e-05
1.1519886363636362,0.3977272727272727,-3.787268930988717e-05
1.1519886363636362,0.42045454545454547,-3.787268930988717e-05
1.1519886363636362,0.4431818181818182,-3.672119499055742e-05
1.1519886363636362,0.4659090909090909,-3.5563793483096914e-05
1.1519886363636362,0.48863636363636365,-3.4402381780864816e-05
1.1519886363636362,0.5113636363636364,-3.4402381780864816e-05
1.1519886363636362,0.5340909090909091,-3.323794739823357e-05
1.1519886363636362,0.5568181818181818,-3.207091199401755e-05
1.1519886363636362,0.5795454545454546,-3.0901255350625824e-05
1.1519886363636362,0.6022727272727273,-3.0901255350625824e-05
1.1519886363636362,0.625,-2.9728462396056175e-05
1.1519886363636362,0.6477272727272727,-2.855126510752425e-05
1.1519886363636362,0.6704545454545454,-2.855126510752425e-05
1.1519886363636362,0.6931818181818182,-2.736706624046829e-05
1.1519886363636362,0.7159090909090909,-2.617079780277596e-05
1.1519886363636362,0.7386363636363636,-2.4952727752502928e-05
1.1519886363636362,0.7613636363636364,-2.4952727752502928e-05
1.1519886363636362,0.7840909090909091,-2.3694282443274857e-05
1.1519886363636362,0.8068181818181818,-2.2360111386197035e-05
1.1519886363636362,0.8295454545454546,-2.0883029597010423e-05
1.1519886363636362,0.8522727272727273,-2.0883029597010423e-05
1.1519886363636362,0.875,-1.9135459237296613e-05
1.1519886363636362,0.8977272727272727,-1.6875285081839832e-05
1.1519886363636362,0.9204545454545454,-1.6875285081839832e-05
1.1519886363636362,0.9431818181818182,-1.3643231924198145e-05
1.1519886363636362,0.9659090909090909,-8.568415182497152e-06
1.1519886363636362,0.9886363636363636,0.0
1.171875,0.011363636363636364,0.0
1.171875,0.03409090909090909,-2.281679734656862e-05
1.171875,0.056818181818181816,-3.4771888073152244e-05
1.171875,0.07954545454545454,-4.07868052085326e-05
1.171875,0.10227272727272728,-4.07868052085326e-05
1.171875,0.125,-4.3553738352213443e-05
1.171875,0.14772727272727273,-4.454486125540113e-05
1.171875,0.17045454545454544,-4.454486125540113e-05
1.171875,0.19318181818181818,-4.456494033610964e-05
1.171875,0.2159090909090909,-4.4053769910275195e-05
1.171875,0.23863636363636365,-4.325162845113197e-05
1.171875,0.26136363636363635,-4.325162845113197e-05
1.171875,0.2840909090909091,-4.228976345794723e-05
1.171875,0.3068181818181818,-4.123985843875244e-05
1.171875,0.32954545454545453,-4.0141066505155055e-05
1.171875,0.3522727272727273,-4.0141066505155055e-05
1.171875,0.375,-3.901477885174111e-05
1.171875,0.3977272727272727,-3.787268930988717e-05
1.171875,0.42045454545454547,-3.787268930988717e-05
1.171875,0.4431818181818182,-3.672119499055742e-05
1.171875,0.4659090909090909,-3.5563793483096914e-05
1.171875,0.48863636363636365,-3.4402381780864816e-05
1.171875,0.5113636363636364,-3.4402381780864816e-05
1.171875,0.5340909090909091,-3.323794739823357e-05
1.171875,0.5568181818181818,-3.207091199401755e-05
1.171875,0.5795454545454546,-3.0901255350625824e-05
1.171875,0.6022727272727273,-3.0901255350625824e-05
1.171875,0.625,-2.9728462396056175e-05
1.171875,0.6477272727272727,-2.855126510752425e-05
1.171875,0.6704545454545454,-2.855126510752425e-05
1.171875,0.6931818181818182,-2.736706624046829e-05
1.171875,0.7159090909090909,-2.617079780277596e-05
1.171875,0.7386363636363636,-2.4952727752502928e-05
1.171875,0.7613636363636364,-2.4952727752502928e-05
1.171875,0.7840909090909091,-2.3694282443274857e-05
1.171875,0.8068181818181818,-2.2360111386197035e-05
1.171875,0.8295454545454546,-2.0883029597010423e-05
1.171875,0.8522727272727273,-2.0883029597010423e-05
1.171875,0.875,-1.9135459237296613e-05
1.171875,0.8977272727272727,-1.6875285081839832e-05
1.171875,0.9204545454545454,-1.6875285081839832e-05
1.171875,0.9431818181818182,-1.3643231924198145e-05
1.171875,0.9659090909090909,-8.568415182497152e-06
1.171875,0.9886363636363636,0.0
1.1917613636363638,0.011363636363636364,0.0
1.1917613636363638,0.03409090909090909,-2.0708190040149913e-05
1.1917613636363638,0.056818181818181816,-3.158054029936989e-05
1.1917613636363638,0.07954545454545454,-3.70632047029643e-05
1.1917613636363638,0.10227272727272728,-3.70632047029643e-05
1.1917613636363638,0.125,-3.9593281477352906e-05
1.1917613636363638,0.14772727272727273,-4.0506062309457806e-05
1.1917613636363638,0.17045454545454544,-4.0506062309457806e-05
1.1917613636363638,0.19318181818181818,-4.053286332229868e-05
1.1917613636363638,0.2159090909090909,-4.007406572212937e-05
1.1917613636363638,0.23863636363636365,-3.9348798727379e-05
1.1917613636363638,0.26136363636363635,-3.9348798727379e-05
1.1917613636363638,0.2840909090909091,-3.8476960622185905e-05
1.1917613636363638,0.3068181818181818,-3.752414430598725e-05
1.1917613636363638,0.32954545454545453,-3.6526234182870574e-05
1.1917613636363638,0.3522727272727273,-3.6526234182870574e-05
1.1917613636363638,0.375,-3.550286728833352e-05
1.1917613636363638,0.3977272727272727,-3.446479649907156e-05
1.1917613636363638,0.42045454545454547,-3.446479649907156e-05
1.1917613636363638,0.4431818181818182,-3.341791510326063e-05
1.1917613636363638,0.4659090909090909,-3.2365452699313304e-05
1.1917613636363638,0.48863636363636365,-3.1309167074643306e-05
1.1917613636363638,0.5113636363636364,-3.1309167074643306e-05
1.1917613636363638,0.5340909090909091,-3.0249979740514288e-05
1.1917613636363638,0.5568181818181818,-2.9188293240228943e-05
1.1917613636363638,0.5795454545454546,-2.8124107580708628e-05
1.1917613636363638,0.6022727272727273,-2.8124107580708628e-05
1.1917613636363638,0.625,-2.7056975467092948e-05
1.1917613636363638,0.6477272727272727,-2.5985771453542367e-05
1.1917613636363638,0.6704545454545454,-2.5985771453542367e-05
1.1917613636363638,0.6931818181818182,-2.4908172810358684e-05
1.1917613636363638,0.7159090909090909,-2.3819627798509518e-05
1.1917613636363638,0.7386363636363636,-2.271136862656407e-05
1.1917613636363638,0.7613636363636364,-2.271136862656407e-05
1.1917613636363638,0.7840909090909091,-2.156661898813919e-05
1.1917613636363638,0.8068181818181818,-2.0353376722231945e-05
1.1917613636363638,0.8295454545454546,-1.901069410930142e-05
1.1917613636363638,0.8522727272727273,-1.901069410930142e-05
1.1917613636363638,0.875,-1.7422612930485155e-05
1.1917613636363638,0.8977272727272727,-1.5368666423639928e-05
1.1917613636363638,0.9204545454545454,-1.5368666423639928e-05
1.1917613636363638,0.9431818181818182,-1.2429914741430903e-05
1.1917613636363638,0.9659090909090909,-7.810627557484919e-06
1.1917613636363638,0.9886363636363636,0.0
1.2116477272727273,0.011363636363636364,0.0
1.2116477272727273,0.03409090909090909,-1.8598445398274297e-05
1.2116477272727273,0.056818181818181816,-2.8387475398971807e-05
1.2116477272727273,0.07954545454545454,-3.333759817779679e-05
1.2116477272727273,0.10227272727272728,-3.333759817779679e-05
1.2116477272727273,0.125,-3.563068199847417e-05
1.2116477272727273,0.14772727272727273,-3.6465065805305673e-05
1.2116477272727273,0.17045454545454544,-3.6465065805305673e-05
1.2116477272727273,0.19318181818181818,-3.6498579708982954e-05
1.2116477272727273,0.2159090909090909,-3.609217349109217e-05
1.2116477272727273,0.23863636363636365,-3.544381725335186e-05
1.2116477272727273,0.26136363636363635,-3.544381725335186e-05
1.2116477272727273,0.2840909090909091,-3.466205432212304e-05
1.2116477272727273,0.3068181818181818,-3.380638334954392e-05
1.2116477272727273,0.32954545454545453,-3.2909417565100755e-05
1.2116477272727273,0.3522727272727273,-3.2909417565100755e-05
1.2116477272727273,0.375,-3.1989038094707315e-05
1.2116477272727273,0.3977272727272727,-3.105505557965901e-05
1.2116477272727273,0.42045454545454547,-3.105505557965901e-05
1.2116477272727273,0.4431818181818182,-3.011285852478462e-05
1.2116477272727273,0.4659090909090909,-2.9165407798529424e-05
1.2116477272727273,0.48863636363636365,-2.8214321395391608e-05
1.2116477272727273,0.5113636363636364,-2.8214321395391608e-05
1.2116477272727273,0.5340909090909091,-2.726045433702943e-05
1.2116477272727273,0.5568181818181818,-2.6304189627424966e-05
1.2116477272727273,0.5795454545454546,-2.5345547116248077e-05
1.2116477272727273,0.6022727272727273,-2.5345547116248077e-05
1.2116477272727273,0.625,-2.4384146954179537e-05
1.2116477272727273,0.6477272727272727,-2.341900604736001e-05
1.2116477272727273,0.6704545454545454,-2.341900604736001e-05
1.2116477272727273,0.6931818181818182,-2.2448076189853725e-05
1.2116477272727273,0.7159090909090909,-2.1467322345850536e-05
1.2116477272727273,0.7386363636363636,-2.046894212128029e-05
1.2116477272727273,0.7613636363636364,-2.046894212128029e-05
1.2116477272727273,0.7840909090909091,-1.9437958599966936e-05
1.2116477272727273,0.8068181818181818,-1.8345720929891724e-05
1.2116477272727273,0.8295454545454546,-1.713752238709652e-05
1.2116477272727273,0.8522727272727273,-1.713752238709652e-05
1.2116477272727273,0.875,-1.5709028738085572e-05
1.2116477272727273,0.8977272727272727,-1.3861427345039033e-05
1.2116477272727273,0.9204545454545454,-1.3861427345039033e-05
1.2116477272727273,0.9431818181818182,-1.1216123199067116e-05
1.2116477272727273,0.9659090909090909,-7.052559261037792e-06
1.2116477272727273,0.9886363636363636,0.0
1.2315340909090908,0.011363636363636364,0.0
1.2315340909090908,0.03409090909090909,-1.8598445398274297e-05
1.2315340909090908,0.056818181818181816,-2.8387475398971807e-05
1.2315340909090908,0.07954545454545454,-3.333759817779679e-05
1.2315340909090908,0.10227272727272728,-3.333759817779679e-05
1.2315340909090908,0.125,-3.563068199847417e-05
1.2315340909090908,0.14772727272727273,-3.6465065805305673e-05
1.2315340909090908,0.17045454545454544,-3.6465065805305673e-05
1.2315340909090908,0.19318181818181818,-3.6498579708982954e-05
1.2315340909090908,0.2159090909090909,-3.609217349109217e-05
1.2315340909090908,0.23863636363636365,-3.544381725335186e-05
1.2315340909090908,0.26136363636363635,-3.544381725335186e-05
1.2315340909090908,0.2840909090909091,-3.466205432212304e-05
1.2315340909090908,0.3068181818181818,-3.380638334954392e-05
1.2315340909090908,0.32954545454545453,-3.2909417565100755e-05
1.2315340909090908,0.3522727272727273,-3.2909417565100755e-05
1.2315340909090908,0.375,-3.1989038094707315e-05
1.2315340909090908,0.3977272727272727,-3.105505557965901e-05
1.2315340909090908,0.42045454545454547,-3.105505557965901e-05
1.2315340909090908,0.4431818181818182,-3.011285852478462e-05
1.2315340909090908,0.4659090909090909,-2.9165407798529424e-05
1.2315340909090908,0.48863636363636365,-2.8214321395391608e-05
1.2315340909090908,0.5113636363636364,-2.8214321395391608e-05
1.2315340909090908,0.5340909090909091,-2.726045433702943e-05
1.2315340909090908,0.5568181818181818,-2.6304189627424966e-05
1.2315340909090908,0.5795454545454546,-2.5345547116248077e-05
1.2315340909090908,0.6022727272727273,-2.5345547116248077e-05
1.2315340909090908,0.625,-2.4384146954179537e-05
1.2315340909090908,0.6477272727272727,-2.341900604736001e-05
1.2315340909090908,0.6704545454545454,-2.341900604736001e-05
1.2315340909090908,0.6931818181818182,-2.2448076189853725e-05
1.2315340909090908,0.7159090909090909,-2.1467322345850536e-05
1.2315340909090908,0.7386363636363636,-2.046894212128029e-05
1.2315340909090908,0.7613636363636364,-2.046894212128029e-05
1.2315340909090908,0.7840909090909091,-1.9437958599966936e-05
1.2315340909090908,0.8068181818181818,-1.8345720929891724e-05
1.2315340909090908,0.8295454545454546,-1.713752238709652e-05
1.2315340909090908,0.8522727272727273,-1.713752238709652e-05
1.2315340909090908,0.875,-1.5709028738085572e-05
1.2315340909090908,0.8977272727272727,-1.3861427345039033e-05
1.2315340909090908,0.9204545454545454,-1.3861427345039033e-05
1.2315340909090908,0.9431818181818182,-1.1216123199067116e-05
1.2315340909090908,0.9659090909090909,-7.052559261037792e-06
1.2315340909090908,0.9886363636363636,0.0
1.2514204545454546,0.011363636363636364,0.0
1.2514204545454546,0.03409090909090909,-1.648759733318017e-05
1.2514204545454546,0.056818181818181816,-2.519273387320007e-05
1.2514204545454546,0.07954545454545454,-2.9610006525628253e-05
1.2514204545454546,0.10227272727272728,-2.9610006525628253e-05
1.2514204545454546,0.125,-3.1665923032584186e-05
1.2514204545454546,0.14772727272727273,-3.242180878183518e-05
1.2514204545454546,0.17045454545454544,-3.242180878183518e-05
1.2514204545454546,0.19318181818181818,-3.246198030776243e-05
1.2514204545454546,0.2159090909090909,-3.210794271674083e-05
1.2514204545454546,0.23863636363636365,-3.153649932505858e-05
1.2514204545454546,0.26136363636363635,-3.153649932505858e-05
1.2514204545454546,0.2840909090909091,-3.0844832990351824e-05
1.2514204545454546,0.3068181818181818,-3.0086343689648853e-05
1.2514204545454546,0.32954545454545453,-2.929036988080493e-05
1.2514204545454546,0.3522727272727273,-2.929036988080493e-05
1.2514204545454546,0.375,-2.8473033942078115e-05
1.2514204545454546,0.3977272727272727,-2.7643202112941173e-05
1.2514204545454546,0.42045454545454547,-2.7643202112941173e-05
1.2514204545454546,0.4431818181818182,-2.6805756496194834e-05
1.2514204545454546,0.4659090909090909,-2.596338802217675e-05
1.2514204545454546,0.48863636363636365,-2.5117573965151456e-05
1.2514204545454546,0.5113636363636364,-2.5117573965151456e-05
1.2514204545454546,0.5340909090909091,-2.426910209817252e-05
1.2514204545454546,0.5568181818181818,-2.3418335203573908e-05
1.2514204545454546,0.5795454545454546,-2.25653123030591e-05
1.2514204545454546,0.6022727272727273,-2.25653123030591e-05
1.2514204545454546,0.625,-2.1709720311722837e-05
1.2514204545454546,0.6477272727272727,-2.085071785217588e-05
1.2514204545454546,0.6704545454545454,-2.085071785217588e-05
1.2514204545454546,0.6931818181818182,-1.9986530842252295e-05
1.2514204545454546,0.7159090909090909,-1.9113641168112643e-05
1.2514204545454546,0.7386363636363636,-1.8225213250713155e-05
1.2514204545454546,0.7613636363636364,-1.8225213250713155e-05
1.2514204545454546,0.7840909090909091,-1.7308072797159723e-05
1.2514204545454546,0.8068181818181818,-1.6336925572927035e-05
1.2514204545454546,0.8295454545454546,-1.5263312698191308e-05
1.2514204545454546,0.8522727272727273,-1.5263312698191308e-05
1.2514204545454546,0.875,-1.3994531041926062e-05
1.2514204545454546,0.8977272727272727,-1.235342857641964e-05
1.2514204545454546,0.9204545454545454,-1.235342857641964e-05
1.2514204545454546,0.9431818181818182,-1.000176252745958e-05
1.2514204545454546,0.9659090909090909,-6.2941636496752474e-06
1.2514204545454546,0.9886363636363636,0.0
1.2713068181818183,0.011363636363636364,0.0
1.2713068181818183,0.03409090909090909,-1.4375743785148967e-05
1.2713068181818183,0.056818181818181816,-2.1996445919146135e-05
1.2713068181818183,0.07954545454545454,-2.588053060076634e-05
1.2713068181818183,0.10227272727272728,-2.588053060076634e-05
1.2713068181818183,0.125,-2.7699035224645446e-05
1.2713068181818183,0.14772727272727273,-2.8376234604290144e-05
1.2713068181818183,0.17045454545454544,-2.8376234604290144e-05
1.2713068181818183,0.19318181818181818,-2.842292236663127e-05
1.2713068181818183,0.2159090909090909,-2.8121155888595324e-05
1.2713068181818183,0.23863636363636365,-2.7626567612473285e-05
1.2713068181818183,0.26136363636363635,-2.7626567612473285e-05
1.2713068181818183,0.2840909090909091,-2.702497400281007e-05
1.2713068181818183,0.3068181818181818,-2.6363669763029378e-05
1.2713068181818183,0.32954545454545453,-2.5668712440417623e-05
1.2713068181818183,0.3522727272727273,-2.5668712440417623e-05
1.2713068181818183,0.375,-2.4954460574440876e-05
1.2713068181818183,0.3977272727272727,-2.4228832080168658e-05
1.2713068181818183,0.42045454545454547,-2.4228832080168658e-05
1.2713068181818183,0.4431818181818182,-2.3496199763388187e-05
1.2713068181818183,0.4659090909090909,-2.275898250851589e-05
1.2713068181818183,0.48863636363636365,-2.201851529884471e-05
1.2713068181818183,0.5113636363636364,-2.201851529884471e-05
1.2713068181818183,0.5340909090909091,-2.1275517401315974e-05
1.2713068181818183,0.5568181818181818,-2.0530330242514306e-05
1.2713068181818183,0.5795454545454546,-1.97830108513139e-05
1.2713068181818183,0.6022727272727273,-1.97830108513139e-05
1.2713068181818183,0.625,-1.9033311608245065e-05
1.2713068181818183,0.6477272727272727,-1.828053141685308e-05
1.2713068181818183,0.6704545454545454,-1.828053141685308e-05
1.2713068181818183,0.6931818181818182,-1.7523168952921303e-05
1.2713068181818183,0.7159090909090909,-1.6758222315985067e-05
1.2713068181818183,0.7386363636363636,-1.597982383338259e-05
1.2713068181818183,0.7613636363636364,-1.597982383338259e-05
1.2713068181818183,0.7840909090909091,-1.5176606365849662e-05
1.2713068181818183,0.8068181818181818,-1.432664167114315e-05
1.2713068181818183,0.8295454545454546,-1.3387732563317567e-05
1.2713068181818183,0.8522727272727273,-1.3387732563317567e-05
1.2713068181818183,0.875,-1.2278821944616302e-05
1.2713068181818183,0.8977272727272727,-1.0844429216946041e-05
1.2713068181818183,0.9204545454545454,-1.0844429216946041e-05
1.2713068181818183,0.9431818181818182,-8.786668162074768e-06
1.2713068181818183,0.9659090909090909,-5.535361118429113e-06
1.2713068181818183,0.9886363636363636,0.0
1.2911931818181817,0.011363636363636364,0.0
1.2911931818181817,0.03409090909090909,-1.4375743785148967e-05
1.2911931818181817,0.056818181818181816,-2.1996445919146135e-05
1.2911931818181817,0.07954545454545454,-2.588053060076634e-05
1.2911931818181817,0.10227272727272728,-2.588053060076634e-05
1.2911931818181817,0.125,-2.7699035224645446e-05
1.2911931818181817,0.14772727272727273,-2.8376234604290144e-05
1.2911931818181817,0.17045454545454544,-2.8376234604290144e-05
1.2911931818181817,0.19318181818181818,-2.842292236663127e-05
1.2911931818181817,0.2159090909090909,-2.8121155888595324e-05
1.2911931818181817,0.23863636363636365,-2.7626567612473285e-05
1.2911931818181817,0.26136363636363635,-2.7626567612473285e-05
1.2911931818181817,0.2840909090909091,-2.702497400281007e-05
1.2911931818181817,0.3068181818181818,-2.6363669763029378e-05
1.2911931818181817,0.32954545454545453,-2.5668712440417623e-05
1.2911931818181817,0.3522727272727273,-2.5668712440417623e-05
1.2911931818181817,0.375,-2.4954460574440876e-05
1.2911931818181817,0.3977272727272727,-2.4228832080168658e-05
1.2911931818181817,0.42045454545454547,-2.4228832080168658e-05
1.2911931818181817,0.4431818181818182,-2.3496199763388187e-05
1.2911931818181817,0.4659090909090909,-2.275898250851589e-05
1.2911931818181817,0.48863636363636365,-2.201851529884471e-05
1.2911931818181817,0.5113636363636364,-2.201851529884471e-05
1.2911931818181817,0.5340909090909091,-2.1275517401315974e-05
1.2911931818181817,0.5568181818181818,-2.0530330242514306e-05
1.2911931818181817,0.5795454545454546,-1.97830108513139e-05
1.2911931818181817,0.6022727272727273,-1.97830108513139e-05
1.2911931818181817,0.625,-1.9033311608245065e-05
1.2911931818181817,0.6477272727272727,-1.828053141685308e-05
1.2911931818181817,0.6704545454545454,-1.828053141685308e-05
1.2911931818181817,0.6931818181818182,-1.7523168952921303e-05
1.2911931818181817,0.7159090909090909,-1.6758222315985067e-05
1.2911931818181817,0.7386363636363636,-1.597982383338259e-05
1.2911931818181817,0.7613636363636364,-1.597982383338259e-05
1.2911931818181817,0.7840909090909091,-1.5176606365849662e-05
1.2911931818181817,0.8068181818181818,-1.432664167114315e-05
1.2911931818181817,0.8295454545454546,-1.3387732563317567e-05
1.2911931818181817,0.8522727272727273,-1.3387732563317567e-05
1.2911931818181817,0.875,-1.2278821944616302e-05
1.2911931818181817,0.8977272727272727,-1.0844429216946041e-05
1.2911931818181817,0.9204545454545454,-1.0844429216946041e-05
1.2911931818181817,0.9431818181818182,-8.786668162074768e-06
1.2911931818181817,0.9659090909090909,-5.535361118429113e-06
1.2911931818181817,0.9886363636363636,0.0
1.3110795454545454,0.011363636363636364,0.0
1.3110795454545454,0.03409090909090909,-1.2263139305939069e-05
1.3110795454545454,0.056818181818181816,-1.879895634935616e-05
1.3110795454545454,0.07954545454545454,-2.2149456426579536e-05
1.3110795454545454,0.10227272727272728,-2.2149456426579536e-05
1.3110795454545454,0.125,-2.3730153361938086e-05
1.3110795454545454,0.14772727272727273,-2.432829404908999e-05
1.3110795454545454,0.17045454545454544,-2.432829404908999e-05
1.3110795454545454,0.19318181818181818,-2.4381181334538794e-05
1.3110795454545454,0.2159090909090909,-2.4131441837547e-05
1.3110795454545454,0.23863636363636365,-2.371353772580707e-05
1.3110795454545454,0.26136363636363635,-2.371353772580707e-05
1.3110795454545454,0.2840909090909091,-2.320190993028781e-05
1.3110795454545454,0.3068181818181818,-2.2637735407297623e-05
1.3110795454545454,0.32954545454545453,-2.2043778849927025e-05
1.3110795454545454,0.3522727272727273,-2.2043778849927025e-05
1.3110795454545454,0.375,-2.1432625161237252e-05
1.3110795454545454,0.3977272727272727,-2.081123655206192e-05
1.3110795454545454,0.42045454545454547,-2.081123655206192e-05
1.3110795454545454,0.4431818181818182,-2.0183471229125768e-05
1.3110795454545454,0.4659090909090909,-1.955147228257365e-05
1.3110795454545454,0.48863636363636365,-1.891642969779617e-05
1.3110795454545454,0.5113636363636364,-1.891642969779617e-05
1.3110795454545454,0.5340909090909091,-1.827899213110446e-05
1.3110795454545454,0.5568181818181818,-1.7639477783577003e-05
1.3110795454545454,0.5795454545454546,-1.699795973951903e-05
1.3110795454545454,0.6022727272727273,-1.699795973951903e-05
1.3110795454545454,0.625,-1.635425353929717e-05
1.3110795454545454,0.6477272727272727,-1.570779552702849e-05
1.3110795454545454,0.6704545454545454,-1.570779552702849e-05
1.3110795454545454,0.6931818181818182,-1.505735382675604e-05
1.3110795454545454,0.7159090909090909,-1.4400439624956538e-05
1.3110795454545454,0.7386363636363636,-1.3732152014736978e-05
1.3110795454545454,0.7613636363636364,-1.3732152014736978e-05
1.3110795454545454,0.7840909090909091,-1.3042935370434175e-05
1.3110795454545454,0.8068181818181818,-1.2314242124066716e-05
1.3110795454545454,0.8295454545454546,-1.1510164573960742e-05
1.3110795454545454,0.8522727272727273,-1.1510164573960742e-05
1.3110795454545454,0.875,-1.0561327300996045e-05
1.3110795454545454,0.8977272727272727,-9.333949164739036e-06
1.3110795454545454,0.9204545454545454,-9.333949164739036e-06
1.3110795454545454,0.9431818181818182,-7.570504655186921e-06
1.3110795454545454,0.9659090909090909,-4.775988353896535e-06
1.3110795454545454,0.9886363636363636,0.0
1.3309659090909092,0.011363636363636364,0.0
1.3309659090909092,0.03409090909090909,-1.015043486802728e-05
1.3309659090909092,0.056818181818181816,-1.5601142956050892e-05
1.3309659090909092,0.07954545454545454,-1.8417520274755488e-05
1.3309659090909092,0.10227272727272728,-1.8417520274755488e-05
1.3309659090909092,0.125,-1.9759664666763724e-05
1.3309659090909092,0.14772727272727273,-2.027797023893537e-05
1.3309659090909092,0.17045454545454544,-2.027797023893537e-05
1.3309659090909092,0.19318181818181818,-2.0336373970268743e-05
1.3309659090909092,0.2159090909090909,-2.0138124508886836e-05
1.3309659090909092,0.23863636363636365,-1.9796515982412973e-05
1.3309659090909092,0.26136363636363635,-1.9796515982412973e-05
1.3309659090909092,0.2840909090909091,-1.9374592229325006e-05
1.3309659090909092,0.3068181818181818,-1.890738496287968e-05
1.3309659090909092,0.32954545454545453,-1.8414341185721653e-05
1.3309659090909092,0.3522727272727273,-1.8414341185721653e-05
1.3309659090909092,0.375,-1.7906252753833245e-05
1.3309659090909092,0.3977272727272727,-1.7389112136533046e-05
1.3309659090909092,0.42045454545454547,-1.7389112136533046e-05
1.3309659090909092,0.4431818181818182,-1.6866253206309104e-05
1.3309659090909092,0.4659090909090909,-1.6339536596112803e-05
1.3309659090909092,0.48863636363636365,-1.5810002634286614e-05
1.3309659090909092,0.5113636363636364,-1.5810002634286614e-05
1.3309659090909092,0.5340909090909091,-1.5278225861845226e-05
1.3309659090909092,0.5568181818181818,-1.4744498224440638e-05
1.3309659090909092,0.5795454545454546,-1.4208905716305967e-05
1.3309659090909092,0.6022727272727273,-1.4208905716305967e-05
1.3309659090909092,0.625,-1.3671323207999432e-05
1.3309659090909092,0.6477272727272727,-1.3131319415523852e-05
1.3309659090909092,0.6704545454545454,-1.3131319415523852e-05
1.3309659090909092,0.6931818181818182,-1.2587925204501452e-05
1.3309659090909092,0.7159090909090909,-1.2039156734307058e-05
1.3309659090909092,0.7386363636363636,-1.1481072298774881e-05
1.3309659090909092,0.7613636363636364,-1.1481072298774881e-05
1.3309659090909092,0.7840909090909091,-1.0905926401528679e-05
1.3309659090909092,0.8068181818181818,-1.0298568344988262e-05
1.3309659090909092,0.8295454545454546,-9.629428883232147e-06
1.3309659090909092,0.8522727272727273,-9.629428883232147e-06
1.3309659090909092,0.875,-8.840898512093728e-06
1.3309659090909092,0.8977272727272727,-7.82098198093932e-06
1.3309659090909092,0.9204545454545454,-7.82098198093932e-06
1.3309659090909092,0.9431818181818182,-6.352542453450487e-06
1.3309659090909092,0.9659090909090909,-4.01568306757303e-06
1.3309659090909092,0.9886363636363636,0.0
1.3508522727272727,0.011363636363636364,0.0
1.3508522727272727,0.03409090909090909,-1.015043486802728e-05
1.3508522727272727,0.056818181818181816,-1.5601142956050892e-05
1.3508522727272727,0.07954545454545454,-1.8417520274755488e-05
1.3508522727272727,0.10227272727272728,-1.8417520274755488e-05
1.3508522727272727,0.125,-1.9759664666763724e-05
1.3508522727272727,0.14772727272727273,-2.027797023893537e-05
1.3508522727272727,0.17045454545454544,-2.027797023893537e-05
1.3508522727272727,0.19318181818181818,-2.0336373970268743e-05
1.3508522727272727,0.2159090909090909,-2.0138124508886836e-05
1.3508522727272727,0.23863636363636365,-1.9796515982412973e-05
1.3508522727272727,0.26136363636363635,-1.9796515982412973e-05
1.3508522727272727,0.2840909090909091,-1.9374592229325006e-05
1.3508522727272727,0.3068181818181818,-1.890738496287968e-05
1.3508522727272727,0.32954545454545453,-1.8414341185721653e-05
1.3508522727272727,0.3522727272727273,-1.8414341185721653e-05
1.3508522727272727,0.375,-1.7906252753833245e-05
1.3508522727272727,0.3977272727272727,-1.7389112136533046e-05
1.3508522727272727,0.42045454545454547,-1.7389112136533046e-05
1.3508522727272727,0.4431818181818182,-1.6866253206309104e-05
1.3508522727272727,0.4659090909090909,-1.6339536596112803e-05
1.3508522727272727,0.48863636363636365,-1.5810002634286614e-05
1.3508522727272727,0.5113636363636364,-1.5810002634286614e-05
1.3508522727272727,0.5340909090909091,-1.5278225861845226e-05
1.3508522727272727,0.5568181818181818,-1.4744498224440638e-05
1.3508522727272727,0.5795454545454546,-1.4208905716305967e-05
1.3508522727272727,0.6022727272727273,-1.4208905716305967e-05
1.3508522727272727,0.625,-1.3671323207999432e-05
1.3508522727272727,0.6477272727272727,-1.3131319415523852e-05
1.3508522727272727,0.6704545454545454,-1.3131319415523852e-05
1.3508522727272727,0.6931818181818182,-1.2587925204501452e-05
1.3508522727272727,0.7159090909090909,-1.2039156734307058e-05
1.3508522727272727,0.7386363636363636,-1.1481072298774881e-05
1.3508522727272727,0.7613636363636364,-1.1481072298774881e-05
1.3508522727272727,0.7840909090909091,-1.0905926401528679e-05
1.3508522727272727,0.8068181818181818,-1.0298568344988262e-05
1.3508522727272727,0.8295454545454546,-9.629428883232147e-06
1.3508522727272727,0.8522727272727273,-9.629428883232147e-06
1.3508522727272727,0.875,-8.840898512093728e-06
1.3508522727272727,0.8977272727272727,-7.82098198093932e-06
1.3508522727272727,0.9204545454545454,-7.82098198093932e-06
1.3508522727272727,0.9431818181818182,-6.352542453450487e-06
1.3508522727272727,0.9659090909090909,-4.01568306757303e-06
1.3508522727272727,0.9886363636363636,0.0
1.3707386363636362,0.011363636363636364,0.0
1.3707386363636362,0.03409090909090909,-8.039311953966987e-06
1.3707386363636362,0.056818181818181816,-1.2405227488243023e-05
1.3707386363636362,0.07954545454545454,-1.4686552562048703e-05
1.3707386363636362,0.10227272727272728,-1.4686552562048703e-05
1.3707386363636362,0.125,-1.5788554954143463e-05
1.3707386363636362,0.14772727272727273,-1.6225344499879756e-05
1.3707386363636362,0.17045454545454544,-1.6225344499879756e-05
1.3707386363636362,0.19318181818181818,-1.6287813904315006e-05
1.3707386363636362,0.2159090909090909,-1.6139936109697895e-05
1.3707386363636362,0.23863636363636365,-1.5873819887772595e-05
1.3707386363636362,0.26136363636363635,-1.5873819887772595e-05
1.3707386363636362,0.2840909090909091,-1.5541051815388232e-05
1.3707386363636362,0.3068181818181818,-1.51704547577224e-05
1.3707386363636362,0.32954545454545453,-1.4778105730053359e-05
1.3707386363636362,0.3522727272727273,-1.4778105730053359e-05
1.3707386363636362,0.375,-1.4372965173273986e-05
1.3707386363636362,0.3977272727272727,-1.3960029350950705e-05
1.3707386363636362,0.42045454545454547,-1.3960029350950705e-05
1.3707386363636362,0.4431818181818182,-1.354209012566305e-05
1.3707386363636362,0.4659090909090909,-1.312071395582338e-05
1.3707386363636362,0.48863636363636365,-1.2696783562716703e-05
1.3707386363636362,0.5113636363636364,-1.2696783562716703e-05
1.3707386363636362,0.5340909090909091,-1.2270793582705856e-05
1.3707386363636362,0.5568181818181818,-1.1843004868439089e-05
1.3707386363636362,0.5795454545454546,-1.1413511417284026e-05
1.3707386363636362,0.6022727272727273,-1.1413511417284026e-05
1.3707386363636362,0.625,-1.098224142540808e-05
1.3707386363636362,0.6477272727272727,-1.0548887693230993e-05
1.3707386363636362,0.6704545454545454,-1.0548887693230993e-05
1.3707386363636362,0.6931818181818182,-1.0112731905357478e-05
1.3707386363636362,0.7159090909090909,-9.672278502946131e-06
1.3707386363636362,0.7386363636363636,-9.224523998776298e-06
1.3707386363636362,0.7613636363636364,-9.224523998776298e-06
1.3707386363636362,0.7840909090909091,-8.763513418183819e-06
1.3707386363636362,0.8068181818181818,-8.277492766497474e-06
1.3707386363636362,0.8295454545454546,-7.74329026962988e-06
1.3707386363636362,0.8522727272727273,-7.74329026962988e-06
1.3707386363636362,0.875,-7.1152344503655586e-06
1.3707386363636362,0.8977272727272727,-6.30337536496846e-06
1.3707386363636362,0.9204545454545454,-6.30337536496846e-06
1.3707386363636362,0.9431818181818182,-5.13113288352454e-06
1.3707386363636362,0.9659090909090909,-3.2535994273855912e-06
1.3707386363636362,0.9886363636363636,0.0
1.390625,0.011363636363636364,0.0
1.390625,0.03409090909090909,-8.039311953966987e-06
1.390625,0.056818181818181816,-1.2405227488243023e-05
1.390625,0.07954545454545454,-1.4686552562048703e-05
1.390625,0.10227272727272728,-1.4686552562048703e-05
1.390625,0.125,-1.5788554954143463e-05
1.390625,0.14772727272727273,-1.6225344499879756e-05
1.390625,0.17045454545454544,-1.6225344499879756e-05
1.390625,0.19318181818181818,-1.6287813904315006e-05
1.390625,0.2159090909090909,-1.6139936109697895e-05
1.390625,0.23863636363636365,-1.5873819887772595e-05
1.390625,0.26136363636363635,-1.5873819887772595e-05
1.390625,0.2840909090909091,-1.5541051815388232e-05
1.390625,0.3068181818181818,-1.51704547577224e-05
1.390625,0.32954545454545453,-1.4778105730053359e-05
1.390625,0.3522727272727273,-1.4778105730053359e-05
1.390625,0.375,-1.4372965173273986e-05
1.390625,0.3977272727272727,-1.3960029350950705e-05
1.390625,0.42045454545454547,-1.3960029350950705e-05
1.390625,0.4431818181818182,-1.354209012566305e-05
1.390625,0.4659090909090909,-1.312071395582338e-05
1.390625,0.48863636363636365,-1.2696783562716703e-05
1.390625,0.5113636363636364,-1.2696783562716703e-05
1.390625,0.5340909090909091,-1.2270793582705856e-05
1.390625,0.5568181818181818,-1.1843004868439089e-05
1.390625,0.5795454545454546,-1.1413511417284026e-05
1.390625,0.6022727272727273,-1.1413511417284026e-05
1.390625,0.625,-1.098224142540808e-05
1.390625,0.6477272727272727,-1.0548887693230993e-05
1.390625,0.6704545454545454,-1.0548887693230993e-05
1.390625,0.6931818181818182,-1.0112731905357478e-05
1.390625,0.7159090909090909,-9.672278502946131e-06
1.390625,0.7386363636363636,-9.224523998776298e-06
1.390625,0.7613636363636364,-9.224523998776298e-06
1.390625,0.7840909090909091,-8.763513418183819e-06
1.390625,0.8068181818181818,-8.277492766497474e-06
1.390625,0.8295454545454546,-7.74329026962988e-06
1.390625,0.8522727272727273,-7.74329026962988e-06
1.390625,0.875,-7.1152344503655586e-06
1.390625,0.8977272727272727,-6.30337536496846e-06
1.390625,0.9204545454545454,-6.30337536496846e-06
1.390625,0.9431818181818182,-5.13113288352454e-06
1.390625,0.9659090909090909,-3.2535994273855912e-06
1.390625,0.9886363636363636,0.0
1.4105113636363638,0.011363636363636364,0.0
1.4105113636363638,0.03409090909090909,-5.9342384173492e-06
1.4105113636363638,0.056818181818181816,-9.216882537172648e-06
1.4105113636363638,0.07954545454545454,-1.096101215210663e-05
1.4105113636363638,0.10227272727272728,-1.096101215210663e-05
1.4105113636363638,0.125,-1.1819157336611153e-05
1.4105113636363638,0.14772727272727273,-1.2170714173871886e-05
1.4105113636363638,0.17045454545454544,-1.2170714173871886e-05
1.4105113636363638,0.19318181818181818,-1.2234209828693122e-05
1.4105113636363638,0.2159090909090909,-1.2134453072814657e-05
1.4105113636363638,0.23863636363636365,-1.1942251447548198e-05
1.4105113636363638,0.26136363636363635,-1.1942251447548198e-05
1.4105113636363638,0.2840909090909091,-1.1697569510781042e-05
1.4105113636363638,0.3068181818181818,-1.1422876614310302e-05
1.4105113636363638,0.32954545454545453,-1.1130771928830166e-05
1.4105113636363638,0.3522727272727273,-1.1130771928830166e-05
1.4105113636363638,0.375,-1.0828310305209591e-05
1.4105113636363638,0.3977272727272727,-1.0519442987443105e-05
1.4105113636363638,0.42045454545454547,-1.0519442987443105e-05
1.4105113636363638,0.4431818181818182,-1.020638837481443e-05
1.4105113636363638,0.4659090909090909,-9.890398491616207e-06
1.4105113636363638,0.48863636363636365,-9.572185052936266e-06
1.4105113636363638,0.5113636363636364,-9.572185052936266e-06
1.4105113636363638,0.5340909090909091,-9.252153300442646e-06
1.4105113636363638,0.5568181818181818,-8.930525334908207e-06
1.4105113636363638,0.5795454545454546,-8.607395663597003e-06
1.4105113636363638,0.6022727272727273,-8.607395663597003e-06
1.4105113636363638,0.625,-8.282736809018301e-06
1.4105113636363638,0.6477272727272727,-7.95635306898842e-06
1.4105113636363638,0.6704545454545454,-7.95635306898842e-06
1.4105113636363638,0.6931818181818182,-7.6277579128487565e-06
1.4105113636363638,0.7159090909090909,-7.29591482149519e-06
1.4105113636363638,0.7386363636363636,-6.958715264530326e-06
1.4105113636363638,0.7613636363636364,-6.958715264530326e-06
1.4105113636363638,0.7840909090909091,-6.611937487821647e-06
1.4105113636363638,0.8068181818181818,-6.247168271809499e-06
1.4105113636363638,0.8295454545454546,-5.847637846617473e-06
1.4105113636363638,0.8522727272727273,-5.847637846617473e-06
1.4105113636363638,0.875,-5.3798290918729135e-06
1.4105113636363638,0.8977272727272727,-4.776500813589877e-06
1.4105113636363638,0.9204545454545454,-4.776500813589877e-06
1.4105113636363638,0.9431818181818182,-3.902408521339834e-06
1.4105113636363638,0.9659090909090909,-2.487644828793981e-06
1.4105113636363638,0.9886363636363636,0.0
1.4303977272727273,0.011363636363636364,0.0
1.4303977272727273,0.03409090909090909,-3.847729840224429e-06
1.4303977272727273,0.056818181818181816,-6.0508706032213764e-06
1.4303977272727273,0.07954545454545454,-7.251514515692543e-06
1.4303977272727273,0.10227272727272728,-7.251514515692543e-06
1.4303977272727273,0.125,-7.856595402198807e-06
1.4303977272727273,0.14772727272727273,-8.11469990165605e-06
1.4303977272727273,0.17045454545454544,-8.11469990165605e-06
1.4303977272727273,0.19318181818181818,-8.172992435074082e-06
1.4303977272727273,0.2159090909090909,-8.116969226585591e-06
1.4303977272727273,0.23863636363636365,-7.995697788802853e-06
1.4303977272727273,0.26136363636363635,-7.995697788802853e-06
1.4303977272727273,0.2840909090909091,-7.83710500812212e-06
1.4303977272727273,0.3068181818181818,-7.656993543274212e-06
1.4303977272727273,0.32954545454545453,-7.464270941085397e-06
1.4303977272727273,0.3522727272727273,-7.464270941085397e-06
1.4303977272727273,0.375,-7.263947899974944e-06
1.4303977272727273,0.3977272727272727,-7.0588432650447655e-06
1.4303977272727273,0.42045454545454547,-7.0588432650447655e-06
1.4303977272727273,0.4431818181818182,-6.850547420663479e-06
1.4303977272727273,0.4659090909090909,-6.639963643167751e-06
1.4303977272727273,0.48863636363636365,-6.427610374997405e-06
1.4303977272727273,0.5113636363636364,-6.427610374997405e-06
1.4303977272727273,0.5340909090909091,-6.2137880050332724e-06
1.4303977272727273,0.5568181818181818,-5.998667769312007e-06
1.4303977272727273,0.5795454545454546,-5.782333319538056e-06
1.4303977272727273,0.6022727272727273,-5.782333319538056e-06
1.4303977272727273,0.625,-5.56478838534516e-06
1.4303977272727273,0.6477272727272727,-5.345930705121915e-06
1.4303977272727273,0.6704545454545454,-5.345930705121915e-06
1.4303977272727273,0.6931818181818182,-5.1254777400789795e-06
1.4303977272727273,0.7159090909090909,-4.90280694285235e-06
1.4303977272727273,0.7386363636363636,-4.676631168896424e-06
1.4303977272727273,0.7613636363636364,-4.676631168896424e-06
1.4303977272727273,0.7840909090909091,-4.4443459125161705e-06
1.4303977272727273,0.8068181818181818,-4.200712940422468e-06
1.4303977272727273,0.8295454545454546,-3.93518387528848e-06
1.4303977272727273,0.8522727272727273,-3.93518387528848e-06
1.4303977272727273,0.875,-3.6263904119986702e-06
1.4303977272727273,0.8977272727272727,-3.230597781009748e-06
1.4303977272727273,0.9204545454545454,-3.230597781009748e-06
1.4303977272727273,0.9431818181818182,-2.6568989618707286e-06
1.4303977272727273,0.9659090909090909,-1.712175392290546e-06
1.4303977272727273,0.9886363636363636,0.0
1.4502840909090908,0.011363636363636364,0.0
1.4502840909090908,0.03409090909090909,-3.847729840224429e-06
1.4502840909090908,0.056818181818181816,-6.0508706032213764e-06
1.4502840909090908,0.07954545454545454,-7.251514515692543e-06
1.4502840909090908,0.10227272727272728,-7.251514515692543e-06
1.4502840909090908,0.125,-7.856595402198807e-06
1.4502840909090908,0.14772727272727273,-8.11469990165605e-06
1.4502840909090908,0.17045454545454544,-8.11469990165605e-06
1.4502840909090908,0.19318181818181818,-8.172992435074082e-06
1.4502840909090908,0.2159090909090909,-8.116969226585591e-06
1.4502840909090908,0.23863636363636365,-7.995697788802853e-06
1.4502840909090908,0.26136363636363635,-7.995697788802853e-06
1.4502840909090908,0.2840909090909091,-7.83710500812212e-06
1.4502840909090908,0.3068181818181818,-7.656993543274212e-06
1.4502840909090908,0.32954545454545453,-7.464270941085397e-06
1.4502840909090908,0.3522727272727273,-7.464270941085397e-06
1.4502840909090908,0.375,-7.263947899974944e-06
1.4502840909090908,0.3977272727272727,-7.0588432650447655e-06
1.4502840909090908,0.42045454545454547,-7.0588432650447655e-06
1.4502840909090908,0.4431818181818182,-6.850547420663479e-06
1.4502840909090908,0.4659090909090909,-6.639963643167751e-06
1.4502840909090908,0.48863636363636365,-6.427610374997405e-06
1.4502840909090908,0.5113636363636364,-6.427610374997405e-06
1.4502840909090908,0.5340909090909091,-6.2137880050332724e-06
1.4502840909090908,0.5568181818181818,-5.998667769312007e-06
1.4502840909090908,0.5795454545454546,-5.782333319538056e-06
1.4502840909090908,0.6022727272727273,-5.782333319538056e-06
1.4502840909090908,0.625,-5.56478838534516e-06
1.4502840909090908,0.6477272727272727,-5.345930705121915e-06
1.4502840909090908,0.6704545454545454,-5.345930705121915e-06
1.4502840909090908,0.6931818181818182,-5.1254777400789795e-06
1.4502840909090908,0.7159090909090909,-4.90280694285235e-06
1.4502840909090908,0.7386363636363636,-4.676631168896424e-06
1.4502840909090908,0.7613636363636364,-4.676631168896424e-06
1.4502840909090908,0.7840909090909091,-4.4443459125161705e-06
1.4502840909090908,0.8068181818181818,-4.200712940422468e-06
1.4502840909090908,0.8295454545454546,-3.93518387528848e-06
1.4502840909090908,0.8522727272727273,-3.93518387528848e-06
1.4502840909090908,0.875,-3.6263904119986702e-06
1.4502840909090908,0.8977272727272727,-3.230597781009748e-06
1.4502840909090908,0.9204545454545454,-3.230597781009748e-06
1.4502840909090908,0.9431818181818182,-2.6568989618707286e-06
1.4502840909090908,0.9659090909090909,-1.712175392290546e-06
1.4502840909090908,0.9886363636363636,0.0
1.4701704545454546,0.011363636363636364,0.0
1.4701704545454546,0.03409090909090909,-1.8184003183123192e-06
1.4701704545454546,0.056818181818181816,-2.9466357994848406e-06
1.4701704545454546,0.07954545454545454,-3.5819077548661894e-06
1.4701704545454546,0.10227272727272728,-3.5819077548661894e-06
1.4701704545454546,0.125,-3.911038835695041e-06
1.4701704545454546,0.14772727272727273,-4.058020057291643e-06
1.4701704545454546,0.17045454545454544,-4.058020057291643e-06
1.4701704545454546,0.19318181818181818,-4.0987847044776885e-06
1.4701704545454546,0.2159090909090909,-4.078239355994484e-06
1.4701704545454546,0.23863636363636365,-4.02243944298211e-06
1.4701704545454546,0.26136363636363635,-4.02243944298211e-06
1.4701704545454546,0.2840909090909091,-3.9463251433568025e-06
1.4701704545454546,0.3068181818181818,-3.858397208414537e-06
1.4701704545454546,0.32954545454545453,-3.763468639546626e-06
1.4701704545454546,0.3522727272727273,-3.763468639546626e-06
1.4701704545454546,0.375,-3.6642576293009145e-06
1.4701704545454546,0.3977272727272727,-3.562299536352325e-06
1.4701704545454546,0.42045454545454547,-3.562299536352325e-06
1.4701704545454546,0.4431818181818182,-3.4584647893269645e-06
1.4701704545454546,0.4659090909090909,-3.353251078399914e-06
1.4701704545454546,0.48863636363636365,-3.246947101900501e-06
1.4701704545454546,0.5113636363636364,-3.246947101900501e-06
1.4701704545454546,0.5340909090909091,-3.139723330551423e-06
1.4701704545454546,0.5568181818181818,-3.0316808699459013e-06
1.4701704545454546,0.5795454545454546,-2.9228751308173904e-06
1.4701704545454546,0.6022727272727273,-2.9228751308173904e-06
1.4701704545454546,0.625,-2.8133220283622744e-06
1.4701704545454546,0.6477272727272727,-2.7029877103657504e-06
1.4701704545454546,0.6704545454545454,-2.7029877103657504e-06
1.4701704545454546,0.6931818181818182,-2.5917557327653445e-06
1.4701704545454546,0.7159090909090909,-2.4793549568388176e-06
1.4701704545454546,0.7386363636363636,-2.3652118627768985e-06
1.4701704545454546,0.7613636363636364,-2.3652118627768985e-06
1.4701704545454546,0.7840909090909091,-2.248151863064833e-06
1.4701704545454546,0.8068181818181818,-2.1257930317589833e-06
1.4701704545454546,0.8295454545454546,-1.9933019639526407e-06
1.4701704545454546,0.8522727272727273,-1.9933019639526407e-06
1.4701704545454546,0.875,-1.8407945969895089e-06
1.4701704545454546,0.8977272727272727,-1.6477463892199744e-06
1.4701704545454546,0.9204545454545454,-1.6477463892199744e-06
1.4701704545454546,0.9431818181818182,-1.3703321424677699e-06
1.4701704545454546,0.9659090909090909,-9.096063715921397e-07
1.4701704545454546,0.9886363636363636,0.0
1.4900568181818183,0.011363636363636364,0.0
1.4900568181818183,0.03409090909090909,0.0
1.4900568181818183,0.056818181818181816,0.0
1.4900568181818183,0.07954545454545454,0.0
1.4900568181818183,0.10227272727272728,0.0
1.4900568181818183,0.125,0.0
1.4900568181818183,0.14772727272727273,0.0
1.4900568181818183,0.17045454545454544,0.0
1.4900568181818183,0.19318181818181818,0.0
1.4900568181818183,0.2159090909090909,0.0
1.4900568181818183,0.23863636363636365,0.0
1.4900568181818183,0.26136363636363635,0.0
1.4900568181818183,0.2840909090909091,0.0
1.4900568181818183,0.3068181818181818,0.0
1.4900568181818183,0.32954545454545453,0.0
1.4900568181818183,0.3522727272727273,0.0
1.4900568181818183,0.375,0.0
1.4900568181818183,0.3977272727272727,0.0
1.4900568181818183,0.42045454545454547,0.0
1.4900568181818183,0.4431818181818182,0.0
1.4900568181818183,0.4659090909090909,0.0
1.4900568181818183,0.48863636363636365,0.0
1.4900568181818183,0.5113636363636364,0.0
1.4900568181818183,0.5340909090909091,0.0
1.4900568181818183,0.5568181818181818,0.0
1.4900568181818183,0.5795454545454546,0.0
1.4900568181818183,0.6022727272727273,0.0
1.4900568181818183,0.625,0.0
1.4900568181818183,0.6477272727272727,0.0
1.4900568181818183,0.6704545454545454,0.0
1.4900568181818183,0.6931818181818182,0.0
1.4900568181818183,0.7159090909090909,0.0
1.4900568181818183,0.7386363636363636,0.0
1.4900568181818183,0.7613636363636364,0.0
1.4900568181818183,0.7840909090909091,0.0
1.4900568181818183,0.8068181818181818,0.0
1.4900568181818183,0.8295454545454546,0.0
1.4900568181818183,0.8522727272727273,0.0
1.4900568181818183,0.875,0.0
1.4900568181818183,0.8977272727272727,0.0
1.4900568181818183,0.9204545454545454,0.0
1.4900568181818183,0.9431818181818182,0.0
1.4900568181818183,0.9659090909090909,0.0
1.4900568181818183,0.9886363636363636,0.0
