x,y,u
6.349431818181818e-01,1.136363636363636e-02,-5.858707883902588e-06
6.548295454545454e-01,1.136363636363636e-02,-5.858707883902588e-06
6.747159090909091e-01,1.136363636363636e-02,-5.858707883902588e-06
6.946022727272727e-01,1.136363636363636e-02,-5.858707883902588e-06
7.144886363636364e-01,1.136363636363636e-02,-5.858707883902588e-06
7.343750000000000e-01,1.136363636363636e-02,-5.858707883902588e-06
7.542613636363636e-01,1.136363636363636e-02,-5.858707883902588e-06
7.741477272727273e-01,1.136363636363636e-02,-5.858707883902588e-06
7.940340909090909e-01,1.136363636363636e-02,-5.858707883902588e-06
8.139204545454546e-01,1.136363636363636e-02,-5.858707883902588e-06
8.338068181818181e-01,1.136363636363636e-02,-5.858707883902588e-06
8.536931818181819e-01,1.136363636363636e-02,-5.858707883902588e-06
8.735795454545454e-01,1.136363636363636e-02,-5.858707883902588e-06
8.934659090909092e-01,1.136363636363636e-02,-5.858707883902588e-06
9.133522727272727e-01,1.136363636363636e-02,-5.858707883902588e-06
9.332386363636364e-01,1.136363636363636e-02,-5.858707883902588e-06
9.531250000000000e-01,1.136363636363636e-02,-5.858707883902588e-06
9.730113636363636e-01,1.136363636363636e-02,-5.858707883902588e-06
9.928977272727273e-01,1.136363636363636e-02,-5.858707883902588e-06
1.012784090909091e+00,1.136363636363636e-02,-5.858707883902588e-06
1.032670454545455e+00,1.136363636363636e-02,-5.858707883902588e-06
1.052556818181818e+00,1.136363636363636e-02,-5.858707883902588e-06
1.072443181818182e+00,1.136363636363636e-02,-5.858707883902588e-06
1.092329545454545e+00,1.136363636363636e-02,-5.858707883902588e-06
1.112215909090909e+00,1.136363636363636e-02,-5.858707883902588e-06
1.132102272727273e+00,1.136363636363636e-02,-5.858707883902588e-06
1.151988636363636e+00,1.136363636363636e-02,-5.858707883902588e-06
1.171875000000000e+00,1.136363636363636e-02,-5.858707883902588e-06
1.191761363636364e+00,1.136363636363636e-02,-5.858707883902588e-06
1.211647727272727e+00,1.136363636363636e-02,-5.858707883902588e-06
1.231534090909091e+00,1.136363636363636e-02,-5.858707883902588e-06
1.251420454545455e+00,1.136363636363636e-02,-5.858707883902588e-06
1.271306818181818e+00,1.136363636363636e-02,-5.858707883902588e-06
1.291193181818182e+00,1.136363636363636e-02,-5.858707883902588e-06
1.311079545454545e+00,1.136363636363636e-02,-5.858707883902588e-06
1.330965909090909e+00,1.136363636363636e-02,-5.858707883902588e-06
1.350852272727273e+00,1.136363636363636e-02,-5.858707883902588e-06
1.370738636363636e+00,1.136363636363636e-02,-5.858707883902588e-06
1.390625000000000e+00,1.136363636363636e-02,-5.858707883902588e-06
1.410511363636364e+00,1.136363636363636e-02,-5.858707883902588e-06
1.430397727272727e+00,1.136363636363636e-02,-5.858707883902588e-06
1.450284090909091e+00,1.136363636363636e-02,-5.858707883902588e-06
1.470170454545455e+00,1.136363636363636e-02,-5.858707883902588e-06
1.490056818181818e+00,1.136363636363636e-02,-5.858707883902588e-06
6.349431818181818e-01,3.409090909090909e-02,-1.757612365170776e-05
6.548295454545454e-01,3.409090909090909e-02,-1.757612365170776e-05
6.747159090909091e-01,3.409090909090909e-02,-1.757612365170776e-05
6.946022727272727e-01,3.409090909090909e-02,-1.757612365170776e-05
7.144886363636364e-01,3.409090909090909e-02,-1.757612365170776e-05
7.343750000000000e-01,3.409090909090909e-02,-1.757612365170776e-05
7.542613636363636e-01,3.409090909090909e-02,-1.757612365170776e-05
7.741477272727273e-01,3.409090909090909e-02,-1.757612365170776e-05
7.940340909090909e-01,3.409090909090909e-02,-1.757612365170776e-05
8.139204545454546e-01,3.409090909090909e-02,-1.757612365170776e-05
8.338068181818181e-01,3.409090909090909e-02,-1.757612365170776e-05
8.536931818181819e-01,3.409090909090909e-02,-1.757612365170776e-05
8.735795454545454e-01,3.409090909090909e-02,-1.757612365170776e-05
8.934659090909092e-01,3.409090909090909e-02,-1.757612365170776e-05
9.133522727272727e-01,3.409090909090909e-02,-1.757612365170776e-05
9.332386363636364e-01,3.409090909090909e-02,-1.757612365170776e-05
9.531250000000000e-01,3.409090909090909e-02,-1.757612365170776e-05
9.730113636363636e-01,3.409090909090909e-02,-1.757612365170776e-05
9.928977272727273e-01,3.409090909090909e-02,-1.757612365170776e-05
1.012784090909091e+00,3.409090909090909e-02,-1.757612365170776e-05
1.032670454545455e+00,3.409090909090909e-02,-1.757612365170776e-05
1.052556818181818e+00,3.409090909090909e-02,-1.757612365170776e-05
1.072443181818182e+00,3.409090909090909e-02,-1.757612365170776e-05
1.092329545454545e+00,3.409090909090909e-02,-1.757612365170776e-05
1.112215909090909e+00,3.409090909090909e-02,-1.757612365170776e-05
1.132102272727273e+00,3.409090909090909e-02,-1.757612365170776e-05
1.151988636363636e+00,3.409090909090909e-02,-1.757612365170776e-05
1.171875000000000e+00,3.409090909090909e-02,-1.757612365170776e-05
1.191761363636364e+00,3.409090909090909e-02,-1.757612365170776e-05
1.211647727272727e+00,3.409090909090909e-02,-1.757612365170776e-05
1.231534090909091e+00,3.409090909090909e-02,-1.757612365170776e-05
1.251420454545455e+00,3.409090909090909e-02,-1.757612365170776e-05
1.271306818181818e+00,3.409090909090909e-02,-1.757612365170776e-05
1.291193181818182e+00,3.409090909090909e-02,-1.757612365170776e-05
1.311079545454545e+00,3.409090909090909e-02,-1.757612365170776e-05
1.330965909090909e+00,3.409090909090909e-02,-1.757612365170776e-05
1.350852272727273e+00,3.409090909090909e-02,-1.757612365170776e-05
1.370738636363636e+00,3.409090909090909e-02,-1.757612365170776e-05
1.390625000000000e+00,3.409090909090909e-02,-1.757612365170776e-05
1.410511363636364e+00,3.409090909090909e-02,-1.757612365170776e-05
1.430397727272727e+00,3.409090909090909e-02,-1.757612365170776e-05
1.450284090909091e+00,3.409090909090909e-02,-1.757612365170776e-05
1.470170454545455e+00,3.409090909090909e-02,-1.757612365170776e-05
1.490056818181818e+00,3.409090909090909e-02,-1.757612365170776e-05
6.349431818181818e-01,5.681818181818182e-02,-2.929353941951294e-05
6.548295454545454e-01,5.681818181818182e-02,-2.929353941951294e-05
6.747159090909091e-01,5.681818181818182e-02,-2.929353941951294e-05
6.946022727272727e-01,5.681818181818182e-02,-2.929353941951294e-05
7.144886363636364e-01,5.681818181818182e-02,-2.929353941951294e-05
7.343750000000000e-01,5.681818181818182e-02,-2.929353941951294e-05
7.542613636363636e-01,5.681818181818182e-02,-2.929353941951294e-05
7.741477272727273e-01,5.681818181818182e-02,-2.929353941951294e-05
7.940340909090909e-01,5.681818181818182e-02,-2.929353941951294e-05
8.139204545454546e-01,5.681818181818182e-02,-2.929353941951294e-05
8.338068181818181e-01,5.681818181818182e-02,-2.929353941951294e-05
8.536931818181819e-01,5.681818181818182e-02,-2.929353941951294e-05
8.735795454545454e-01,5.681818181818182e-02,-2.929353941951294e-05
8.934659090909092e-01,5.681818181818182e-02,-2.929353941951294e-05
9.133522727272727e-01,5.681818181818182e-02,-2.929353941951294e-05
9.332386363636364e-01,5.681818181818182e-02,-2.929353941951294e-05
9.531250000000000e-01,5.681818181818182e-02,-2.929353941951294e-05
9.730113636363636e-01,5.681818181818182e-02,-2.929353941951294e-05
9.928977272727273e-01,5.681818181818182e-02,-2.929353941951294e-05
1.012784090909091e+00,5.681818181818182e-02,-2.929353941951294e-05
1.032670454545455e+00,5.681818181818182e-02,-2.929353941951294e-05
1.052556818181818e+00,5.681818181818182e-02,-2.929353941951294e-05
1.072443181818182e+00,5.681818181818182e-02,-2.929353941951294e-05
1.092329545454545e+00,5.681818181818182e-02,-2.929353941951294e-05
1.112215909090909e+00,5.681818181818182e-02,-2.929353941951294e-05
1.132102272727273e+00,5.681818181818182e-02,-2.929353941951294e-05
1.151988636363636e+00,5.681818181818182e-02,-2.929353941951294e-05
1.171875000000000e+00,5.681818181818182e-02,-2.929353941951294e-05
1.191761363636364e+00,5.681818181818182e-02,-2.929353941951294e-05
1.211647727272727e+00,5.681818181818182e-02,-2.929353941951294e-05
1.231534090909091e+00,5.681818181818182e-02,-2.929353941951294e-05
1.251420454545455e+00,5.681818181818182e-02,-2.929353941951294e-05
1.271306818181818e+00,5.681818181818182e-02,-2.929353941951294e-05
1.291193181818182e+00,5.681818181818182e-02,-2.929353941951294e-05
1.311079545454545e+00,5.681818181818182e-02,-2.929353941951294e-05
1.330965909090909e+00,5.681818181818182e-02,-2.929353941951294e-05
1.350852272727273e+00,5.681818181818182e-02,-2.929353941951294e-05
1.370738636363636e+00,5.681818181818182e-02,-2.929353941951294e-05
1.390625000000000e+00,5.681818181818182e-02,-2.929353941951294e-05
1.410511363636364e+00,5.681818181818182e-02,-2.929353941951294e-05
1.430397727272727e+00,5.681818181818182e-02,-2.929353941951294e-05
1.450284090909091e+00,5.681818181818182e-02,-2.929353941951294e-05
1.470170454545455e+00,5.681818181818182e-02,-2.929353941951294e-05
1.490056818181818e+00,5.681818181818182e-02,-2.929353941951294e-05
6.349431818181818e-01,7.954545454545454e-02,-3.353486237972113e-05
6.548295454545454e-01,7.954545454545454e-02,-3.353486237972113e-05
6.747159090909091e-01,7.954545454545454e-02,-3.353486237972113e-05
6.946022727272727e-01,7.954545454545454e-02,-3.353486237972113e-05
7.144886363636364e-01,7.954545454545454e-02,-3.353486237972113e-05
7.343750000000000e-01,7.954545454545454e-02,-3.353486237972113e-05
7.542613636363636e-01,7.954545454545454e-02,-3.353486237972113e-05
7.741477272727273e-01,7.954545454545454e-02,-3.353486237972113e-05
7.940340909090909e-01,7.954545454545454e-02,-3.353486237972113e-05
8.139204545454546e-01,7.954545454545454e-02,-3.353486237972113e-05
8.338068181818181e-01,7.954545454545454e-02,-3.353486237972113e-05
8.536931818181819e-01,7.954545454545454e-02,-3.353486237972113e-05
8.735795454545454e-01,7.954545454545454e-02,-3.353486237972113e-05
8.934659090909092e-01,7.954545454545454e-02,-3.353486237972113e-05
9.133522727272727e-01,7.954545454545454e-02,-3.353486237972113e-05
9.332386363636364e-01,7.954545454545454e-02,-3.353486237972113e-05
9.531250000000000e-01,7.954545454545454e-02,-3.353486237972113e-05
9.730113636363636e-01,7.954545454545454e-02,-3.353486237972113e-05
9.928977272727273e-01,7.954545454545454e-02,-3.353486237972113e-05
1.012784090909091e+00,7.954545454545454e-02,-3.353486237972113e-05
1.032670454545455e+00,7.954545454545454e-02,-3.353486237972113e-05
1.052556818181818e+00,7.954545454545454e-02,-3.353486237972113e-05
1.072443181818182e+00,7.954545454545454e-02,-3.353486237972113e-05
1.092329545454545e+00,7.954545454545454e-02,-3.353486237972113e-05
1.112215909090909e+00,7.954545454545454e-02,-3.353486237972113e-05
1.132102272727273e+00,7.954545454545454e-02,-3.353486237972113e-05
1.151988636363636e+00,7.954545454545454e-02,-3.353486237972113e-05
1.171875000000000e+00,7.954545454545454e-02,-3.353486237972113e-05
1.191761363636364e+00,7.954545454545454e-02,-3.353486237972113e-05
1.211647727272727e+00,7.954545454545454e-02,-3.353486237972113e-05
1.231534090909091e+00,7.954545454545454e-02,-3.353486237972113e-05
1.251420454545455e+00,7.954545454545454e-02,-3.353486237972113e-05
1.271306818181818e+00,7.954545454545454e-02,-3.353486237972113e-05
1.291193181818182e+00,7.954545454545454e-02,-3.353486237972113e-05
1.311079545454545e+00,7.954545454545454e-02,-3.353486237972113e-05
1.330965909090909e+00,7.954545454545454e-02,-3.353486237972113e-05
1.350852272727273e+00,7.954545454545454e-02,-3.353486237972113e-05
1.370738636363636e+00,7.954545454545454e-02,-3.353486237972113e-05
1.390625000000000e+00,7.954545454545454e-02,-3.353486237972113e-05
1.410511363636364e+00,7.954545454545454e-02,-3.353486237972113e-05
1.430397727272727e+00,7.954545454545454e-02,-3.353486237972113e-05
1.450284090909091e+00,7.954545454545454e-02,-3.353486237972113e-05
1.470170454545455e+00,7.954545454545454e-02,-3.353486237972113e-05
1.490056818181818e+00,7.954545454545454e-02,-3.353486237972113e-05
6.349431818181818e-01,1.022727272727273e-01,-3.528415440406366e-05
6.548295454545454e-01,1.022727272727273e-01,-3.528415440406366e-05
6.747159090909091e-01,1.022727272727273e-01,-3.528415440406366e-05
6.946022727272727e-01,1.022727272727273e-01,-3.528415440406366e-05
7.144886363636364e-01,1.022727272727273e-01,-3.528415440406366e-05
7.343750000000000e-01,1.022727272727273e-01,-3.528415440406366e-05
7.542613636363636e-01,1.022727272727273e-01,-3.528415440406366e-05
7.741477272727273e-01,1.022727272727273e-01,-3.528415440406366e-05
7.940340909090909e-01,1.022727272727273e-01,-3.528415440406366e-05
8.139204545454546e-01,1.022727272727273e-01,-3.528415440406366e-05
8.338068181818181e-01,1.022727272727273e-01,-3.528415440406366e-05
8.536931818181819e-01,1.022727272727273e-01,-3.528415440406366e-05
8.735795454545454e-01,1.022727272727273e-01,-3.528415440406366e-05
8.934659090909092e-01,1.022727272727273e-01,-3.528415440406366e-05
9.133522727272727e-01,1.022727272727273e-01,-3.528415440406366e-05
9.332386363636364e-01,1.022727272727273e-01,-3.528415440406366e-05
9.531250000000000e-01,1.022727272727273e-01,-3.528415440406366e-05
9.730113636363636e-01,1.022727272727273e-01,-3.528415440406366e-05
9.928977272727273e-01,1.022727272727273e-01,-3.528415440406366e-05
1.012784090909091e+00,1.022727272727273e-01,-3.528415440406366e-05
1.032670454545455e+00,1.022727272727273e-01,-3.528415440406366e-05
1.052556818181818e+00,1.022727272727273e-01,-3.528415440406366e-05
1.072443181818182e+00,1.022727272727273e-01,-3.528415440406366e-05
1.092329545454545e+00,1.022727272727273e-01,-3.528415440406366e-05
1.112215909090909e+00,1.022727272727273e-01,-3.528415440406366e-05
1.132102272727273e+00,1.022727272727273e-01,-3.528415440406366e-05
1.151988636363636e+00,1.022727272727273e-01,-3.528415440406366e-05
1.171875000000000e+00,1.022727272727273e-01,-3.528415440406366e-05
1.191761363636364e+00,1.022727272727273e-01,-3.528415440406366e-05
1.211647727272727e+00,1.022727272727273e-01,-3.528415440406366e-05
1.231534090909091e+00,1.022727272727273e-01,-3.528415440406366e-05
1.251420454545455e+00,1.022727272727273e-01,-3.528415440406366e-05
1.271306818181818e+00,1.022727272727273e-01,-3.528415440406366e-05
1.291193181818182e+00,1.022727272727273e-01,-3.528415440406366e-05
1.311079545454545e+00,1.022727272727273e-01,-3.528415440406366e-05
1.330965909090909e+00,1.022727272727273e-01,-3.528415440406366e-05
1.350852272727273e+00,1.022727272727273e-01,-3.528415440406366e-05
1.370738636363636e+00,1.022727272727273e-01,-3.528415440406366e-05
1.390625000000000e+00,1.022727272727273e-01,-3.528415440406366e-05
1.410511363636364e+00,1.022727272727273e-01,-3.528415440406366e-05
1.430397727272727e+00,1.022727272727273e-01,-3.528415440406366e-05
1.450284090909091e+00,1.022727272727273e-01,-3.528415440406366e-05
1.470170454545455e+00,1.022727272727273e-01,-3.528415440406366e-05
1.490056818181818e+00,1.022727272727273e-01,-3.528415440406366e-05
6.349431818181818e-01,1.250000000000000e-01,-3.703344642840619e-05
6.548295454545454e-01,1.250000000000000e-01,-3.703344642840619e-05
6.747159090909091e-01,1.250000000000000e-01,-3.703344642840619e-05
6.946022727272727e-01,1.250000000000000e-01,-3.703344642840619e-05
7.144886363636364e-01,1.250000000000000e-01,-3.703344642840619e-05
7.343750000000000e-01,1.250000000000000e-01,-3.703344642840619e-05
7.542613636363636e-01,1.250000000000000e-01,-3.703344642840619e-05
7.741477272727273e-01,1.250000000000000e-01,-3.703344642840619e-05
7.940340909090909e-01,1.250000000000000e-01,-3.703344642840619e-05
8.139204545454546e-01,1.250000000000000e-01,-3.703344642840619e-05
8.338068181818181e-01,1.250000000000000e-01,-3.703344642840619e-05
8.536931818181819e-01,1.250000000000000e-01,-3.703344642840619e-05
8.735795454545454e-01,1.250000000000000e-01,-3.703344642840619e-05
8.934659090909092e-01,1.250000000000000e-01,-3.703344642840619e-05
9.133522727272727e-01,1.250000000000000e-01,-3.703344642840619e-05
9.332386363636364e-01,1.250000000000000e-01,-3.703344642840619e-05
9.531250000000000e-01,1.250000000000000e-01,-3.703344642840619e-05
9.730113636363636e-01,1.250000000000000e-01,-3.703344642840619e-05
9.928977272727273e-01,1.250000000000000e-01,-3.703344642840619e-05
1.012784090909091e+00,1.250000000000000e-01,-3.703344642840619e-05
1.032670454545455e+00,1.250000000000000e-01,-3.703344642840619e-05
1.052556818181818e+00,1.250000000000000e-01,-3.703344642840619e-05
1.072443181818182e+00,1.250000000000000e-01,-3.703344642840619e-05
1.092329545454545e+00,1.250000000000000e-01,-3.703344642840619e-05
1.112215909090909e+00,1.250000000000000e-01,-3.703344642840619e-05
1.132102272727273e+00,1.250000000000000e-01,-3.703344642840619e-05
1.151988636363636e+00,1.250000000000000e-01,-3.703344642840619e-05
1.171875000000000e+00,1.250000000000000e-01,-3.703344642840619e-05
1.191761363636364e+00,1.250000000000000e-01,-3.703344642840619e-05
1.211647727272727e+00,1.250000000000000e-01,-3.703344642840619e-05
1.231534090909091e+00,1.250000000000000e-01,-3.703344642840619e-05
1.251420454545455e+00,1.250000000000000e-01,-3.703344642840619e-05
1.271306818181818e+00,1.250000000000000e-01,-3.703344642840619e-05
1.291193181818182e+00,1.250000000000000e-01,-3.703344642840619e-05
1.311079545454545e+00,1.250000000000000e-01,-3.703344642840619e-05
1.330965909090909e+00,1.250000000000000e-01,-3.703344642840619e-05
1.350852272727273e+00,1.250000000000000e-01,-3.703344642840619e-05
1.370738636363636e+00,1.250000000000000e-01,-3.703344642840619e-05
1.390625000000000e+00,1.250000000000000e-01,-3.703344642840619e-05
1.410511363636364e+00,1.250000000000000e-01,-3.703344642840619e-05
1.430397727272727e+00,1.250000000000000e-01,-3.703344642840619e-05
1.450284090909091e+00,1.250000000000000e-01,-3.703344642840619e-05
1.470170454545455e+00,1.250000000000000e-01,-3.703344642840619e-05
1.490056818181818e+00,1.250000000000000e-01,-3.703344642840619e-05
6.349431818181818e-01,1.477272727272727e-01,-3.069565412685014e-05
6.548295454545454e-01,1.477272727272727e-01,-3.069565412685014e-05
6.747159090909091e-01,1.477272727272727e-01,-3.069565412685014e-05
6.946022727272727e-01,1.477272727272727e-01,-3.069565412685014e-05
7.144886363636364e-01,1.477272727272727e-01,-3.069565412685014e-05
7.343750000000000e-01,1.477272727272727e-01,-3.069565412685014e-05
7.542613636363636e-01,1.477272727272727e-01,-3.069565412685014e-05
7.741477272727273e-01,1.477272727272727e-01,-3.069565412685014e-05
7.940340909090909e-01,1.477272727272727e-01,-3.069565412685014e-05
8.139204545454546e-01,1.477272727272727e-01,-3.069565412685014e-05
8.338068181818181e-01,1.477272727272727e-01,-3.069565412685014e-05
8.536931818181819e-01,1.477272727272727e-01,-3.069565412685014e-05
8.735795454545454e-01,1.477272727272727e-01,-3.069565412685014e-05
8.934659090909092e-01,1.477272727272727e-01,-3.069565412685014e-05
9.133522727272727e-01,1.477272727272727e-01,-3.069565412685014e-05
9.332386363636364e-01,1.477272727272727e-01,-3.069565412685014e-05
9.531250000000000e-01,1.477272727272727e-01,-3.069565412685014e-05
9.730113636363636e-01,1.477272727272727e-01,-3.069565412685014e-05
9.928977272727273e-01,1.477272727272727e-01,-3.069565412685014e-05
1.012784090909091e+00,1.477272727272727e-01,-3.069565412685014e-05
1.032670454545455e+00,1.477272727272727e-01,-3.069565412685014e-05
1.052556818181818e+00,1.477272727272727e-01,-3.069565412685014e-05
1.072443181818182e+00,1.477272727272727e-01,-3.069565412685014e-05
1.092329545454545e+00,1.477272727272727e-01,-3.069565412685014e-05
1.112215909090909e+00,1.477272727272727e-01,-3.069565412685014e-05
1.132102272727273e+00,1.477272727272727e-01,-3.069565412685014e-05
1.151988636363636e+00,1.477272727272727e-01,-3.069565412685014e-05
1.171875000000000e+00,1.477272727272727e-01,-3.069565412685014e-05
1.191761363636364e+00,1.477272727272727e-01,-3.069565412685014e-05
1.211647727272727e+00,1.477272727272727e-01,-3.069565412685014e-05
1.231534090909091e+00,1.477272727272727e-01,-3.069565412685014e-05
1.251420454545455e+00,1.477272727272727e-01,-3.069565412685014e-05
1.271306818181818e+00,1.477272727272727e-01,-3.069565412685014e-05
1.291193181818182e+00,1.477272727272727e-01,-3.069565412685014e-05
1.311079545454545e+00,1.477272727272727e-01,-3.069565412685014e-05
1.330965909090909e+00,1.477272727272727e-01,-3.069565412685014e-05
1.350852272727273e+00,1.477272727272727e-01,-3.069565412685014e-05
1.370738636363636e+00,1.477272727272727e-01,-3.069565412685014e-05
1.390625000000000e+00,1.477272727272727e-01,-3.069565412685014e-05
1.410511363636364e+00,1.477272727272727e-01,-3.069565412685014e-05
1.430397727272727e+00,1.477272727272727e-01,-3.069565412685014e-05
1.450284090909091e+00,1.477272727272727e-01,-3.069565412685014e-05
1.470170454545455e+00,1.477272727272727e-01,-3.069565412685014e-05
1.490056818181818e+00,1.477272727272727e-01,-3.069565412685014e-05
6.349431818181818e-01,1.704545454545454e-01,-2.435786182529409e-05
6.548295454545454e-01,1.704545454545454e-01,-2.435786182529409e-05
6.747159090909091e-01,1.704545454545454e-01,-2.435786182529409e-05
6.946022727272727e-01,1.704545454545454e-01,-2.435786182529409e-05
7.144886363636364e-01,1.704545454545454e-01,-2.435786182529409e-05
7.343750000000000e-01,1.704545454545454e-01,-2.435786182529409e-05
7.542613636363636e-01,1.704545454545454e-01,-2.435786182529409e-05
7.741477272727273e-01,1.704545454545454e-01,-2.435786182529409e-05
7.940340909090909e-01,1.704545454545454e-01,-2.435786182529409e-05
8.139204545454546e-01,1.704545454545454e-01,-2.435786182529409e-05
8.338068181818181e-01,1.704545454545454e-01,-2.435786182529409e-05
8.536931818181819e-01,1.704545454545454e-01,-2.435786182529409e-05
8.735795454545454e-01,1.704545454545454e-01,-2.435786182529409e-05
8.934659090909092e-01,1.704545454545454e-01,-2.435786182529409e-05
9.133522727272727e-01,1.704545454545454e-01,-2.435786182529409e-05
9.332386363636364e-01,1.704545454545454e-01,-2.435786182529409e-05
9.531250000000000e-01,1.704545454545454e-01,-2.435786182529409e-05
9.730113636363636e-01,1.704545454545454e-01,-2.435786182529409e-05
9.928977272727273e-01,1.704545454545454e-01,-2.435786182529409e-05
1.012784090909091e+00,1.704545454545454e-01,-2.435786182529409e-05
1.032670454545455e+00,1.704545454545454e-01,-2.435786182529409e-05
1.052556818181818e+00,1.704545454545454e-01,-2.435786182529409e-05
1.072443181818182e+00,1.704545454545454e-01,-2.435786182529409e-05
1.092329545454545e+00,1.704545454545454e-01,-2.435786182529409e-05
1.112215909090909e+00,1.704545454545454e-01,-2.435786182529409e-05
1.132102272727273e+00,1.704545454545454e-01,-2.435786182529409e-05
1.151988636363636e+00,1.704545454545454e-01,-2.435786182529409e-05
1.171875000000000e+00,1.704545454545454e-01,-2.435786182529409e-05
1.191761363636364e+00,1.704545454545454e-01,-2.435786182529409e-05
1.211647727272727e+00,1.704545454545454e-01,-2.435786182529409e-05
1.231534090909091e+00,1.704545454545454e-01,-2.435786182529409e-05
1.251420454545455e+00,1.704545454545454e-01,-2.435786182529409e-05
1.271306818181818e+00,1.704545454545454e-01,-2.435786182529409e-05
1.291193181818182e+00,1.704545454545454e-01,-2.435786182529409e-05
1.311079545454545e+00,1.704545454545454e-01,-2.435786182529409e-05
1.330965909090909e+00,1.704545454545454e-01,-2.435786182529409e-05
1.350852272727273e+00,1.704545454545454e-01,-2.435786182529409e-05
1.370738636363636e+00,1.704545454545454e-01,-2.435786182529409e-05
1.390625000000000e+00,1.704545454545454e-01,-2.435786182529409e-05
1.410511363636364e+00,1.704545454545454e-01,-2.435786182529409e-05
1.430397727272727e+00,1.704545454545454e-01,-2.435786182529409e-05
1.450284090909091e+00,1.704545454545454e-01,-2.435786182529409e-05
1.470170454545455e+00,1.704545454545454e-01,-2.435786182529409e-05
1.490056818181818e+00,1.704545454545454e-01,-2.435786182529409e-05
6.349431818181818e-01,1.931818181818182e-01,-1.645483547061500e-05
6.548295454545454e-01,1.931818181818182e-01,-1.645483547061500e-05
6.747159090909091e-01,1.931818181818182e-01,-1.645483547061500e-05
6.946022727272727e-01,1.931818181818182e-01,-1.645483547061500e-05
7.144886363636364e-01,1.931818181818182e-01,-1.645483547061500e-05
7.343750000000000e-01,1.931818181818182e-01,-1.645483547061500e-05
7.542613636363636e-01,1.931818181818182e-01,-1.645483547061500e-05
7.741477272727273e-01,1.931818181818182e-01,-1.645483547061500e-05
7.940340909090909e-01,1.931818181818182e-01,-1.645483547061500e-05
8.139204545454546e-01,1.931818181818182e-01,-1.645483547061500e-05
8.338068181818181e-01,1.931818181818182e-01,-1.645483547061500e-05
8.536931818181819e-01,1.931818181818182e-01,-1.645483547061500e-05
8.735795454545454e-01,1.931818181818182e-01,-1.645483547061500e-05
8.934659090909092e-01,1.931818181818182e-01,-1.645483547061500e-05
9.133522727272727e-01,1.931818181818182e-01,-1.645483547061500e-05
9.332386363636364e-01,1.931818181818182e-01,-1.645483547061500e-05
9.531250000000000e-01,1.931818181818182e-01,-1.645483547061500e-05
9.730113636363636e-01,1.931818181818182e-01,-1.645483547061500e-05
9.928977272727273e-01,1.931818181818182e-01,-1.645483547061500e-05
1.012784090909091e+00,1.931818181818182e-01,-1.645483547061500e-05
1.032670454545455e+00,1.931818181818182e-01,-1.645483547061500e-05
1.052556818181818e+00,1.931818181818182e-01,-1.645483547061500e-05
1.072443181818182e+00,1.931818181818182e-01,-1.645483547061500e-05
1.092329545454545e+00,1.931818181818182e-01,-1.645483547061500e-05
1.112215909090909e+00,1.931818181818182e-01,-1.645483547061500e-05
1.132102272727273e+00,1.931818181818182e-01,-1.645483547061500e-05
1.151988636363636e+00,1.931818181818182e-01,-1.645483547061500e-05
1.171875000000000e+00,1.931818181818182e-01,-1.645483547061500e-05
1.191761363636364e+00,1.931818181818182e-01,-1.645483547061500e-05
1.211647727272727e+00,1.931818181818182e-01,-1.645483547061500e-05
1.231534090909091e+00,1.931818181818182e-01,-1.645483547061500e-05
1.251420454545455e+00,1.931818181818182e-01,-1.645483547061500e-05
1.271306818181818e+00,1.931818181818182e-01,-1.645483547061500e-05
1.291193181818182e+00,1.931818181818182e-01,-1.645483547061500e-05
1.311079545454545e+00,1.931818181818182e-01,-1.645483547061500e-05
1.330965909090909e+00,1.931818181818182e-01,-1.645483547061500e-05
1.350852272727273e+00,1.931818181818182e-01,-1.645483547061500e-05
1.370738636363636e+00,1.931818181818182e-01,-1.645483547061500e-05
1.390625000000000e+00,1.931818181818182e-01,-1.645483547061500e-05
1.410511363636364e+00,1.931818181818182e-01,-1.645483547061500e-05
1.430397727272727e+00,1.931818181818182e-01,-1.645483547061500e-05
1.450284090909091e+00,1.931818181818182e-01,-1.645483547061500e-05
1.470170454545455e+00,1.931818181818182e-01,-1.645483547061500e-05
1.490056818181818e+00,1.931818181818182e-01,-1.645483547061500e-05
6.349431818181818e-01,2.159090909090909e-01,-3.856106956566789e-06
6.548295454545454e-01,2.159090909090909e-01,-3.856106956566789e-06
6.747159090909091e-01,2.159090909090909e-01,-3.856106956566789e-06
6.946022727272727e-01,2.159090909090909e-01,-3.856106956566789e-06
7.144886363636364e-01,2.159090909090909e-01,-3.856106956566789e-06
7.343750000000000e-01,2.159090909090909e-01,-3.856106956566789e-06
7.542613636363636e-01,2.159090909090909e-01,-3.856106956566789e-06
7.741477272727273e-01,2.159090909090909e-01,-3.856106956566789e-06
7.940340909090909e-01,2.159090909090909e-01,-3.856106956566789e-06
8.139204545454546e-01,2.159090909090909e-01,-3.856106956566789e-06
8.338068181818181e-01,2.159090909090909e-01,-3.856106956566789e-06
8.536931818181819e-01,2.159090909090909e-01,-3.856106956566789e-06
8.735795454545454e-01,2.159090909090909e-01,-3.856106956566789e-06
8.934659090909092e-01,2.159090909090909e-01,-3.856106956566789e-06
9.133522727272727e-01,2.159090909090909e-01,-3.856106956566789e-06
9.332386363636364e-01,2.159090909090909e-01,-3.856106956566789e-06
9.531250000000000e-01,2.159090909090909e-01,-3.856106956566789e-06
9.730113636363636e-01,2.159090909090909e-01,-3.856106956566789e-06
9.928977272727273e-01,2.159090909090909e-01,-3.856106956566789e-06
1.012784090909091e+00,2.159090909090909e-01,-3.856106956566789e-06
1.032670454545455e+00,2.159090909090909e-01,-3.856106956566789e-06
1.052556818181818e+00,2.159090909090909e-01,-3.856106956566789e-06
1.072443181818182e+00,2.159090909090909e-01,-3.856106956566789e-06
1.092329545454545e+00,2.159090909090909e-01,-3.856106956566789e-06
1.112215909090909e+00,2.159090909090909e-01,-3.856106956566789e-06
1.132102272727273e+00,2.159090909090909e-01,-3.856106956566789e-06
1.151988636363636e+00,2.159090909090909e-01,-3.856106956566789e-06
1.171875000000000e+00,2.159090909090909e-01,-3.856106956566789e-06
1.191761363636364e+00,2.159090909090909e-01,-3.856106956566789e-06
1.211647727272727e+00,2.159090909090909e-01,-3.856106956566789e-06
1.231534090909091e+00,2.159090909090909e-01,-3.856106956566789e-06
1.251420454545455e+00,2.159090909090909e-01,-3.856106956566789e-06
1.271306818181818e+00,2.159090909090909e-01,-3.856106956566789e-06
1.291193181818182e+00,2.159090909090909e-01,-3.856106956566789e-06
1.311079545454545e+00,2.159090909090909e-01,-3.856106956566789e-06
1.330965909090909e+00,2.159090909090909e-01,-3.856106956566789e-06
1.350852272727273e+00,2.159090909090909e-01,-3.856106956566789e-06
1.370738636363636e+00,2.159090909090909e-01,-3.856106956566789e-06
1.390625000000000e+00,2.159090909090909e-01,-3.856106956566789e-06
1.410511363636364e+00,2.159090909090909e-01,-3.856106956566789e-06
1.430397727272727e+00,2.159090909090909e-01,-3.856106956566789e-06
1.450284090909091e+00,2.159090909090909e-01,-3.856106956566789e-06
1.470170454545455e+00,2.159090909090909e-01,-3.856106956566789e-06
1.490056818181818e+00,2.159090909090909e-01,-3.856106956566789e-06
6.349431818181818e-01,2.386363636363636e-01,8.742621557481423e-06
6.548295454545454e-01,2.386363636363636e-01,8.742621557481423e-06
6.747159090909091e-01,2.386363636363636e-01,8.742621557481423e-06
6.946022727272727e-01,2.386363636363636e-01,8.742621557481423e-06
7.144886363636364e-01,2.386363636363636e-01,8.742621557481423e-06
7.343750000000000e-01,2.386363636363636e-01,8.742621557481423e-06
7.542613636363636e-01,2.386363636363636e-01,8.742621557481423e-06
7.741477272727273e-01,2.386363636363636e-01,8.742621557481423e-06
7.940340909090909e-01,2.386363636363636e-01,8.742621557481423e-06
8.139204545454546e-01,2.386363636363636e-01,8.742621557481423e-06
8.338068181818181e-01,2.386363636363636e-01,8.742621557481423e-06
8.536931818181819e-01,2.386363636363636e-01,8.742621557481423e-06
8.735795454545454e-01,2.386363636363636e-01,8.742621557481423e-06
8.934659090909092e-01,2.386363636363636e-01,8.742621557481423e-06
9.133522727272727e-01,2.386363636363636e-01,8.742621557481423e-06
9.332386363636364e-01,2.386363636363636e-01,8.742621557481423e-06
9.531250000000000e-01,2.386363636363636e-01,8.742621557481423e-06
9.730113636363636e-01,2.386363636363636e-01,8.742621557481423e-06
9.928977272727273e-01,2.386363636363636e-01,8.742621557481423e-06
1.012784090909091e+00,2.386363636363636e-01,8.742621557481423e-06
1.032670454545455e+00,2.386363636363636e-01,8.742621557481423e-06
1.052556818181818e+00,2.386363636363636e-01,8.742621557481423e-06
1.072443181818182e+00,2.386363636363636e-01,8.742621557481423e-06
1.092329545454545e+00,2.386363636363636e-01,8.742621557481423e-06
1.112215909090909e+00,2.386363636363636e-01,8.742621557481423e-06
1.132102272727273e+00,2.386363636363636e-01,8.742621557481423e-06
1.151988636363636e+00,2.386363636363636e-01,8.742621557481423e-06
1.171875000000000e+00,2.386363636363636e-01,8.742621557481423e-06
1.191761363636364e+00,2.386363636363636e-01,8.742621557481423e-06
1.211647727272727e+00,2.386363636363636e-01,8.742621557481423e-06
1.231534090909091e+00,2.386363636363636e-01,8.742621557481423e-06
1.251420454545455e+00,2.386363636363636e-01,8.742621557481423e-06
1.271306818181818e+00,2.386363636363636e-01,8.742621557481423e-06
1.291193181818182e+00,2.386363636363636e-01,8.742621557481423e-06
1.311079545454545e+00,2.386363636363636e-01,8.742621557481423e-06
1.330965909090909e+00,2.386363636363636e-01,8.742621557481423e-06
1.350852272727273e+00,2.386363636363636e-01,8.742621557481423e-06
1.370738636363636e+00,2.386363636363636e-01,8.742621557481423e-06
1.390625000000000e+00,2.386363636363636e-01,8.742621557481423e-06
1.410511363636364e+00,2.386363636363636e-01,8.742621557481423e-06
1.430397727272727e+00,2.386363636363636e-01,8.742621557481423e-06
1.450284090909091e+00,2.386363636363636e-01,8.742621557481423e-06
1.470170454545455e+00,2.386363636363636e-01,8.742621557481423e-06
1.490056818181818e+00,2.386363636363636e-01,8.742621557481423e-06
6.349431818181818e-01,2.613636363636364e-01,2.357299877073268e-05
6.548295454545454e-01,2.613636363636364e-01,2.357299877073268e-05
6.747159090909091e-01,2.613636363636364e-01,2.357299877073268e-05
6.946022727272727e-01,2.613636363636364e-01,2.357299877073268e-05
7.144886363636364e-01,2.613636363636364e-01,2.357299877073268e-05
7.343750000000000e-01,2.613636363636364e-01,2.357299877073268e-05
7.542613636363636e-01,2.613636363636364e-01,2.357299877073268e-05
7.741477272727273e-01,2.613636363636364e-01,2.357299877073268e-05
7.940340909090909e-01,2.613636363636364e-01,2.357299877073268e-05
8.139204545454546e-01,2.613636363636364e-01,2.357299877073268e-05
8.338068181818181e-01,2.613636363636364e-01,2.357299877073268e-05
8.536931818181819e-01,2.613636363636364e-01,2.357299877073268e-05
8.735795454545454e-01,2.613636363636364e-01,2.357299877073268e-05
8.934659090909092e-01,2.613636363636364e-01,2.357299877073268e-05
9.133522727272727e-01,2.613636363636364e-01,2.357299877073268e-05
9.332386363636364e-01,2.613636363636364e-01,2.357299877073268e-05
9.531250000000000e-01,2.613636363636364e-01,2.357299877073268e-05
9.730113636363636e-01,2.613636363636364e-01,2.357299877073268e-05
9.928977272727273e-01,2.613636363636364e-01,2.357299877073268e-05
1.012784090909091e+00,2.613636363636364e-01,2.357299877073268e-05
1.032670454545455e+00,2.613636363636364e-01,2.357299877073268e-05
1.052556818181818e+00,2.613636363636364e-01,2.357299877073268e-05
1.072443181818182e+00,2.613636363636364e-01,2.357299877073268e-05
1.092329545454545e+00,2.613636363636364e-01,2.357299877073268e-05
1.112215909090909e+00,2.613636363636364e-01,2.357299877073268e-05
1.132102272727273e+00,2.613636363636364e-01,2.357299877073268e-05
1.151988636363636e+00,2.613636363636364e-01,2.357299877073268e-05
1.171875000000000e+00,2.613636363636364e-01,2.357299877073268e-05
1.191761363636364e+00,2.613636363636364e-01,2.357299877073268e-05
1.211647727272727e+00,2.613636363636364e-01,2.357299877073268e-05
1.231534090909091e+00,2.613636363636364e-01,2.357299877073268e-05
1.251420454545455e+00,2.613636363636364e-01,2.357299877073268e-05
1.271306818181818e+00,2.613636363636364e-01,2.357299877073268e-05
1.291193181818182e+00,2.613636363636364e-01,2.357299877073268e-05
1.311079545454545e+00,2.613636363636364e-01,2.357299877073268e-05
1.330965909090909e+00,2.613636363636364e-01,2.357299877073268e-05
1.350852272727273e+00,2.613636363636364e-01,2.357299877073268e-05
1.370738636363636e+00,2.613636363636364e-01,2.357299877073268e-05
1.390625000000000e+00,2.613636363636364e-01,2.357299877073268e-05
1.410511363636364e+00,2.613636363636364e-01,2.357299877073268e-05
1.430397727272727e+00,2.613636363636364e-01,2.357299877073268e-05
1.450284090909091e+00,2.613636363636364e-01,2.357299877073268e-05
1.470170454545455e+00,2.613636363636364e-01,2.357299877073268e-05
1.490056818181818e+00,2.613636363636364e-01,2.357299877073268e-05
6.349431818181818e-01,2.840909090909091e-01,4.063502468318705e-05
6.548295454545454e-01,2.840909090909091e-01,4.063502468318705e-05
6.747159090909091e-01,2.840909090909091e-01,4.063502468318705e-05
6.946022727272727e-01,2.840909090909091e-01,4.063502468318705e-05
7.144886363636364e-01,2.840909090909091e-01,4.063502468318705e-05
7.343750000000000e-01,2.840909090909091e-01,4.063502468318705e-05
7.542613636363636e-01,2.840909090909091e-01,4.063502468318705e-05
7.741477272727273e-01,2.840909090909091e-01,4.063502468318705e-05
7.940340909090909e-01,2.840909090909091e-01,4.063502468318705e-05
8.139204545454546e-01,2.840909090909091e-01,4.063502468318705e-05
8.338068181818181e-01,2.840909090909091e-01,4.063502468318705e-05
8.536931818181819e-01,2.840909090909091e-01,4.063502468318705e-05
8.735795454545454e-01,2.840909090909091e-01,4.063502468318705e-05
8.934659090909092e-01,2.840909090909091e-01,4.063502468318705e-05
9.133522727272727e-01,2.840909090909091e-01,4.063502468318705e-05
9.332386363636364e-01,2.840909090909091e-01,4.063502468318705e-05
9.531250000000000e-01,2.840909090909091e-01,4.063502468318705e-05
9.730113636363636e-01,2.840909090909091e-01,4.063502468318705e-05
9.928977272727273e-01,2.840909090909091e-01,4.063502468318705e-05
1.012784090909091e+00,2.840909090909091e-01,4.063502468318705e-05
1.032670454545455e+00,2.840909090909091e-01,4.063502468318705e-05
1.052556818181818e+00,2.840909090909091e-01,4.063502468318705e-05
1.072443181818182e+00,2.840909090909091e-01,4.063502468318705e-05
1.092329545454545e+00,2.840909090909091e-01,4.063502468318705e-05
1.112215909090909e+00,2.840909090909091e-01,4.063502468318705e-05
1.132102272727273e+00,2.840909090909091e-01,4.063502468318705e-05
1.151988636363636e+00,2.840909090909091e-01,4.063502468318705e-05
1.171875000000000e+00,2.840909090909091e-01,4.063502468318705e-05
1.191761363636364e+00,2.840909090909091e-01,4.063502468318705e-05
1.211647727272727e+00,2.840909090909091e-01,4.063502468318705e-05
1.231534090909091e+00,2.840909090909091e-01,4.063502468318705e-05
1.251420454545455e+00,2.840909090909091e-01,4.063502468318705e-05
1.271306818181818e+00,2.840909090909091e-01,4.063502468318705e-05
1.291193181818182e+00,2.840909090909091e-01,4.063502468318705e-05
1.311079545454545e+00,2.840909090909091e-01,4.063502468318705e-05
1.330965909090909e+00,2.840909090909091e-01,4.063502468318705e-05
1.350852272727273e+00,2.840909090909091e-01,4.063502468318705e-05
1.370738636363636e+00,2.840909090909091e-01,4.063502468318705e-05
1.390625000000000e+00,2.840909090909091e-01,4.063502468318705e-05
1.410511363636364e+00,2.840909090909091e-01,4.063502468318705e-05
1.430397727272727e+00,2.840909090909091e-01,4.063502468318705e-05
1.450284090909091e+00,2.840909090909091e-01,4.063502468318705e-05
1.470170454545455e+00,2.840909090909091e-01,4.063502468318705e-05
1.490056818181818e+00,2.840909090909091e-01,4.063502468318705e-05
6.349431818181818e-01,3.068181818181818e-01,5.769705059564137e-05
6.548295454545454e-01,3.068181818181818e-01,5.769705059564137e-05
6.747159090909091e-01,3.068181818181818e-01,5.769705059564137e-05
6.946022727272727e-01,3.068181818181818e-01,5.769705059564137e-05
7.144886363636364e-01,3.068181818181818e-01,5.769705059564137e-05
7.343750000000000e-01,3.068181818181818e-01,5.769705059564137e-05
7.542613636363636e-01,3.068181818181818e-01,5.769705059564137e-05
7.741477272727273e-01,3.068181818181818e-01,5.769705059564137e-05
7.940340909090909e-01,3.068181818181818e-01,5.769705059564137e-05
8.139204545454546e-01,3.068181818181818e-01,5.769705059564137e-05
8.338068181818181e-01,3.068181818181818e-01,5.769705059564137e-05
8.536931818181819e-01,3.068181818181818e-01,5.769705059564137e-05
8.735795454545454e-01,3.068181818181818e-01,5.769705059564137e-05
8.934659090909092e-01,3.068181818181818e-01,5.769705059564137e-05
9.133522727272727e-01,3.068181818181818e-01,5.769705059564137e-05
9.332386363636364e-01,3.068181818181818e-01,5.769705059564137e-05
9.531250000000000e-01,3.068181818181818e-01,5.769705059564137e-05
9.730113636363636e-01,3.068181818181818e-01,5.769705059564137e-05
9.928977272727273e-01,3.068181818181818e-01,5.769705059564137e-05
1.012784090909091e+00,3.068181818181818e-01,5.769705059564137e-05
1.032670454545455e+00,3.068181818181818e-01,5.769705059564137e-05
1.052556818181818e+00,3.068181818181818e-01,5.769705059564137e-05
1.072443181818182e+00,3.068181818181818e-01,5.769705059564137e-05
1.092329545454545e+00,3.068181818181818e-01,5.769705059564137e-05
1.112215909090909e+00,3.068181818181818e-01,5.769705059564137e-05
1.132102272727273e+00,3.068181818181818e-01,5.769705059564137e-05
1.151988636363636e+00,3.068181818181818e-01,5.769705059564137e-05
1.171875000000000e+00,3.068181818181818e-01,5.769705059564137e-05
1.191761363636364e+00,3.068181818181818e-01,5.769705059564137e-05
1.211647727272727e+00,3.068181818181818e-01,5.769705059564137e-05
1.231534090909091e+00,3.068181818181818e-01,5.769705059564137e-05
1.251420454545455e+00,3.068181818181818e-01,5.769705059564137e-05
1.271306818181818e+00,3.068181818181818e-01,5.769705059564137e-05
1.291193181818182e+00,3.068181818181818e-01,5.769705059564137e-05
1.311079545454545e+00,3.068181818181818e-01,5.769705059564137e-05
1.330965909090909e+00,3.068181818181818e-01,5.769705059564137e-05
1.350852272727273e+00,3.068181818181818e-01,5.769705059564137e-05
1.370738636363636e+00,3.068181818181818e-01,5.769705059564137e-05
1.390625000000000e+00,3.068181818181818e-01,5.769705059564137e-05
1.410511363636364e+00,3.068181818181818e-01,5.769705059564137e-05
1.430397727272727e+00,3.068181818181818e-01,5.769705059564137e-05
1.450284090909091e+00,3.068181818181818e-01,5.769705059564137e-05
1.470170454545455e+00,3.068181818181818e-01,5.769705059564137e-05
1.490056818181818e+00,3.068181818181818e-01,5.769705059564137e-05
6.349431818181818e-01,3.295454545454545e-01,7.677150470650955e-05
6.548295454545454e-01,3.295454545454545e-01,7.677150470650955e-05
6.747159090909091e-01,3.295454545454545e-01,7.677150470650955e-05
6.946022727272727e-01,3.295454545454545e-01,7.677150470650955e-05
7.144886363636364e-01,3.295454545454545e-01,7.677150470650955e-05
7.343750000000000e-01,3.295454545454545e-01,7.677150470650955e-05
7.542613636363636e-01,3.295454545454545e-01,7.677150470650955e-05
7.741477272727273e-01,3.295454545454545e-01,7.677150470650955e-05
7.940340909090909e-01,3.295454545454545e-01,7.677150470650955e-05
8.139204545454546e-01,3.295454545454545e-01,7.677150470650955e-05
8.338068181818181e-01,3.295454545454545e-01,7.677150470650955e-05
8.536931818181819e-01,3.295454545454545e-01,7.677150470650955e-05
8.735795454545454e-01,3.295454545454545e-01,7.677150470650955e-05
8.934659090909092e-01,3.295454545454545e-01,7.677150470650955e-05
9.133522727272727e-01,3.295454545454545e-01,7.677150470650955e-05
9.332386363636364e-01,3.295454545454545e-01,7.677150470650955e-05
9.531250000000000e-01,3.295454545454545e-01,7.677150470650955e-05
9.730113636363636e-01,3.295454545454545e-01,7.677150470650955e-05
9.928977272727273e-01,3.295454545454545e-01,7.677150470650955e-05
1.012784090909091e+00,3.295454545454545e-01,7.677150470650955e-05
1.032670454545455e+00,3.295454545454545e-01,7.677150470650955e-05
1.052556818181818e+00,3.295454545454545e-01,7.677150470650955e-05
1.072443181818182e+00,3.295454545454545e-01,7.677150470650955e-05
1.092329545454545e+00,3.295454545454545e-01,7.677150470650955e-05
1.112215909090909e+00,3.295454545454545e-01,7.677150470650955e-05
1.132102272727273e+00,3.295454545454545e-01,7.677150470650955e-05
1.151988636363636e+00,3.295454545454545e-01,7.677150470650955e-05
1.171875000000000e+00,3.295454545454545e-01,7.677150470650955e-05
1.191761363636364e+00,3.295454545454545e-01,7.677150470650955e-05
1.211647727272727e+00,3.295454545454545e-01,7.677150470650955e-05
1.231534090909091e+00,3.295454545454545e-01,7.677150470650955e-05
1.251420454545455e+00,3.295454545454545e-01,7.677150470650955e-05
1.271306818181818e+00,3.295454545454545e-01,7.677150470650955e-05
1.291193181818182e+00,3.295454545454545e-01,7.677150470650955e-05
1.311079545454545e+00,3.295454545454545e-01,7.677150470650955e-05
1.330965909090909e+00,3.295454545454545e-01,7.677150470650955e-05
1.350852272727273e+00,3.295454545454545e-01,7.677150470650955e-05
1.370738636363636e+00,3.295454545454545e-01,7.677150470650955e-05
1.390625000000000e+00,3.295454545454545e-01,7.677150470650955e-05
1.410511363636364e+00,3.295454545454545e-01,7.677150470650955e-05
1.430397727272727e+00,3.295454545454545e-01,7.677150470650955e-05
1.450284090909091e+00,3.295454545454545e-01,7.677150470650955e-05
1.470170454545455e+00,3.295454545454545e-01,7.677150470650955e-05
1.490056818181818e+00,3.295454545454545e-01,7.677150470650955e-05
6.349431818181818e-01,3.522727272727273e-01,9.651676821684904e-05
6.548295454545454e-01,3.522727272727273e-01,9.651676821684904e-05
6.747159090909091e-01,3.522727272727273e-01,9.651676821684904e-05
6.946022727272727e-01,3.522727272727273e-01,9.651676821684904e-05
7.144886363636364e-01,3.522727272727273e-01,9.651676821684904e-05
7.343750000000000e-01,3.522727272727273e-01,9.651676821684904e-05
7.542613636363636e-01,3.522727272727273e-01,9.651676821684904e-05
7.741477272727273e-01,3.522727272727273e-01,9.651676821684904e-05
7.940340909090909e-01,3.522727272727273e-01,9.651676821684904e-05
8.139204545454546e-01,3.522727272727273e-01,9.651676821684904e-05
8.338068181818181e-01,3.522727272727273e-01,9.651676821684904e-05
8.536931818181819e-01,3.522727272727273e-01,9.651676821684904e-05
8.735795454545454e-01,3.522727272727273e-01,9.651676821684904e-05
8.934659090909092e-01,3.522727272727273e-01,9.651676821684904e-05
9.133522727272727e-01,3.522727272727273e-01,9.651676821684904e-05
9.332386363636364e-01,3.522727272727273e-01,9.651676821684904e-05
9.531250000000000e-01,3.522727272727273e-01,9.651676821684904e-05
9.730113636363636e-01,3.522727272727273e-01,9.651676821684904e-05
9.928977272727273e-01,3.522727272727273e-01,9.651676821684904e-05
1.012784090909091e+00,3.522727272727273e-01,9.651676821684904e-05
1.032670454545455e+00,3.522727272727273e-01,9.651676821684904e-05
1.052556818181818e+00,3.522727272727273e-01,9.651676821684904e-05
1.072443181818182e+00,3.522727272727273e-01,9.651676821684904e-05
1.092329545454545e+00,3.522727272727273e-01,9.651676821684904e-05
1.112215909090909e+00,3.522727272727273e-01,9.651676821684904e-05
1.132102272727273e+00,3.522727272727273e-01,9.651676821684904e-05
1.151988636363636e+00,3.522727272727273e-01,9.651676821684904e-05
1.171875000000000e+00,3.522727272727273e-01,9.651676821684904e-05
1.191761363636364e+00,3.522727272727273e-01,9.651676821684904e-05
1.211647727272727e+00,3.522727272727273e-01,9.651676821684904e-05
1.231534090909091e+00,3.522727272727273e-01,9.651676821684904e-05
1.251420454545455e+00,3.522727272727273e-01,9.651676821684904e-05
1.271306818181818e+00,3.522727272727273e-01,9.651676821684904e-05
1.291193181818182e+00,3.522727272727273e-01,9.651676821684904e-05
1.311079545454545e+00,3.522727272727273e-01,9.651676821684904e-05
1.330965909090909e+00,3.522727272727273e-01,9.651676821684904e-05
1.350852272727273e+00,3.522727272727273e-01,9.651676821684904e-05
1.370738636363636e+00,3.522727272727273e-01,9.651676821684904e-05
1.390625000000000e+00,3.522727272727273e-01,9.651676821684904e-05
1.410511363636364e+00,3.522727272727273e-01,9.651676821684904e-05
1.430397727272727e+00,3.522727272727273e-01,9.651676821684904e-05
1.450284090909091e+00,3.522727272727273e-01,9.651676821684904e-05
1.470170454545455e+00,3.522727272727273e-01,9.651676821684904e-05
1.490056818181818e+00,3.522727272727273e-01,9.651676821684904e-05
6.349431818181818e-01,3.750000000000000e-01,1.162620317271885e-04
6.548295454545454e-01,3.750000000000000e-01,1.162620317271885e-04
6.747159090909091e-01,3.750000000000000e-01,1.162620317271885e-04
6.946022727272727e-01,3.750000000000000e-01,1.162620317271885e-04
7.144886363636364e-01,3.750000000000000e-01,1.162620317271885e-04
7.343750000000000e-01,3.750000000000000e-01,1.162620317271885e-04
7.542613636363636e-01,3.750000000000000e-01,1.162620317271885e-04
7.741477272727273e-01,3.750000000000000e-01,1.162620317271885e-04
7.940340909090909e-01,3.750000000000000e-01,1.162620317271885e-04
8.139204545454546e-01,3.750000000000000e-01,1.162620317271885e-04
8.338068181818181e-01,3.750000000000000e-01,1.162620317271885e-04
8.536931818181819e-01,3.750000000000000e-01,1.162620317271885e-04
8.735795454545454e-01,3.750000000000000e-01,1.162620317271885e-04
8.934659090909092e-01,3.750000000000000e-01,1.162620317271885e-04
9.133522727272727e-01,3.750000000000000e-01,1.162620317271885e-04
9.332386363636364e-01,3.750000000000000e-01,1.162620317271885e-04
9.531250000000000e-01,3.750000000000000e-01,1.162620317271885e-04
9.730113636363636e-01,3.750000000000000e-01,1.162620317271885e-04
9.928977272727273e-01,3.750000000000000e-01,1.162620317271885e-04
1.012784090909091e+00,3.750000000000000e-01,1.162620317271885e-04
1.032670454545455e+00,3.750000000000000e-01,1.162620317271885e-04
1.052556818181818e+00,3.750000000000000e-01,1.162620317271885e-04
1.072443181818182e+00,3.750000000000000e-01,1.162620317271885e-04
1.092329545454545e+00,3.750000000000000e-01,1.162620317271885e-04
1.112215909090909e+00,3.750000000000000e-01,1.162620317271885e-04
1.132102272727273e+00,3.750000000000000e-01,1.162620317271885e-04
1.151988636363636e+00,3.750000000000000e-01,1.162620317271885e-04
1.171875000000000e+00,3.750000000000000e-01,1.162620317271885e-04
1.191761363636364e+00,3.750000000000000e-01,1.162620317271885e-04
1.211647727272727e+00,3.750000000000000e-01,1.162620317271885e-04
1.231534090909091e+00,3.750000000000000e-01,1.162620317271885e-04
1.251420454545455e+00,3.750000000000000e-01,1.162620317271885e-04
1.271306818181818e+00,3.750000000000000e-01,1.162620317271885e-04
1.291193181818182e+00,3.750000000000000e-01,1.162620317271885e-04
1.311079545454545e+00,3.750000000000000e-01,1.162620317271885e-04
1.330965909090909e+00,3.750000000000000e-01,1.162620317271885e-04
1.350852272727273e+00,3.750000000000000e-01,1.162620317271885e-04
1.370738636363636e+00,3.750000000000000e-01,1.162620317271885e-04
1.390625000000000e+00,3.750000000000000e-01,1.162620317271885e-04
1.410511363636364e+00,3.750000000000000e-01,1.162620317271885e-04
1.430397727272727e+00,3.750000000000000e-01,1.162620317271885e-04
1.450284090909091e+00,3.750000000000000e-01,1.162620317271885e-04
1.470170454545455e+00,3.750000000000000e-01,1.162620317271885e-04
1.490056818181818e+00,3.750000000000000e-01,1.162620317271885e-04
6.349431818181818e-01,3.977272727272727e-01,1.369220582427709e-04
6.548295454545454e-01,3.977272727272727e-01,1.369220582427709e-04
6.747159090909091e-01,3.977272727272727e-01,1.369220582427709e-04
6.946022727272727e-01,3.977272727272727e-01,1.369220582427709e-04
7.144886363636364e-01,3.977272727272727e-01,1.369220582427709e-04
7.343750000000000e-01,3.977272727272727e-01,1.369220582427709e-04
7.542613636363636e-01,3.977272727272727e-01,1.369220582427709e-04
7.741477272727273e-01,3.977272727272727e-01,1.369220582427709e-04
7.940340909090909e-01,3.977272727272727e-01,1.369220582427709e-04
8.139204545454546e-01,3.977272727272727e-01,1.369220582427709e-04
8.338068181818181e-01,3.977272727272727e-01,1.369220582427709e-04
8.536931818181819e-01,3.977272727272727e-01,1.369220582427709e-04
8.735795454545454e-01,3.977272727272727e-01,1.369220582427709e-04
8.934659090909092e-01,3.977272727272727e-01,1.369220582427709e-04
9.133522727272727e-01,3.977272727272727e-01,1.369220582427709e-04
9.332386363636364e-01,3.977272727272727e-01,1.369220582427709e-04
9.531250000000000e-01,3.977272727272727e-01,1.369220582427709e-04
9.730113636363636e-01,3.977272727272727e-01,1.369220582427709e-04
9.928977272727273e-01,3.977272727272727e-01,1.369220582427709e-04
1.012784090909091e+00,3.977272727272727e-01,1.369220582427709e-04
1.032670454545455e+00,3.977272727272727e-01,1.369220582427709e-04
1.052556818181818e+00,3.977272727272727e-01,1.369220582427709e-04
1.072443181818182e+00,3.977272727272727e-01,1.369220582427709e-04
1.092329545454545e+00,3.977272727272727e-01,1.369220582427709e-04
1.112215909090909e+00,3.977272727272727e-01,1.369220582427709e-04
1.132102272727273e+00,3.977272727272727e-01,1.369220582427709e-04
1.151988636363636e+00,3.977272727272727e-01,1.369220582427709e-04
1.171875000000000e+00,3.977272727272727e-01,1.369220582427709e-04
1.191761363636364e+00,3.977272727272727e-01,1.369220582427709e-04
1.211647727272727e+00,3.977272727272727e-01,1.369220582427709e-04
1.231534090909091e+00,3.977272727272727e-01,1.369220582427709e-04
1.251420454545455e+00,3.977272727272727e-01,1.369220582427709e-04
1.271306818181818e+00,3.977272727272727e-01,1.369220582427709e-04
1.291193181818182e+00,3.977272727272727e-01,1.369220582427709e-04
1.311079545454545e+00,3.977272727272727e-01,1.369220582427709e-04
1.330965909090909e+00,3.977272727272727e-01,1.369220582427709e-04
1.350852272727273e+00,3.977272727272727e-01,1.369220582427709e-04
1.370738636363636e+00,3.977272727272727e-01,1.369220582427709e-04
1.390625000000000e+00,3.977272727272727e-01,1.369220582427709e-04
1.410511363636364e+00,3.977272727272727e-01,1.369220582427709e-04
1.430397727272727e+00,3.977272727272727e-01,1.369220582427709e-04
1.450284090909091e+00,3.977272727272727e-01,1.369220582427709e-04
1.470170454545455e+00,3.977272727272727e-01,1.369220582427709e-04
1.490056818181818e+00,3.977272727272727e-01,1.369220582427709e-04
6.349431818181818e-01,4.204545454545455e-01,1.575820847583535e-04
6.548295454545454e-01,4.204545454545455e-01,1.575820847583535e-04
6.747159090909091e-01,4.204545454545455e-01,1.575820847583535e-04
6.946022727272727e-01,4.204545454545455e-01,1.575820847583535e-04
7.144886363636364e-01,4.204545454545455e-01,1.575820847583535e-04
7.343750000000000e-01,4.204545454545455e-01,1.575820847583535e-04
7.542613636363636e-01,4.204545454545455e-01,1.575820847583535e-04
7.741477272727273e-01,4.204545454545455e-01,1.575820847583535e-04
7.940340909090909e-01,4.204545454545455e-01,1.575820847583535e-04
8.139204545454546e-01,4.204545454545455e-01,1.575820847583535e-04
8.338068181818181e-01,4.204545454545455e-01,1.575820847583535e-04
8.536931818181819e-01,4.204545454545455e-01,1.575820847583535e-04
8.735795454545454e-01,4.204545454545455e-01,1.575820847583535e-04
8.934659090909092e-01,4.204545454545455e-01,1.575820847583535e-04
9.133522727272727e-01,4.204545454545455e-01,1.575820847583535e-04
9.332386363636364e-01,4.204545454545455e-01,1.575820847583535e-04
9.531250000000000e-01,4.204545454545455e-01,1.575820847583535e-04
9.730113636363636e-01,4.204545454545455e-01,1.575820847583535e-04
9.928977272727273e-01,4.204545454545455e-01,1.575820847583535e-04
1.012784090909091e+00,4.204545454545455e-01,1.575820847583535e-04
1.032670454545455e+00,4.204545454545455e-01,1.575820847583535e-04
1.052556818181818e+00,4.204545454545455e-01,1.575820847583535e-04
1.072443181818182e+00,4.204545454545455e-01,1.575820847583535e-04
1.092329545454545e+00,4.204545454545455e-01,1.575820847583535e-04
1.112215909090909e+00,4.204545454545455e-01,1.575820847583535e-04
1.132102272727273e+00,4.204545454545455e-01,1.575820847583535e-04
1.151988636363636e+00,4.204545454545455e-01,1.575820847583535e-04
1.171875000000000e+00,4.204545454545455e-01,1.575820847583535e-04
1.191761363636364e+00,4.204545454545455e-01,1.575820847583535e-04
1.211647727272727e+00,4.204545454545455e-01,1.575820847583535e-04
1.231534090909091e+00,4.204545454545455e-01,1.575820847583535e-04
1.251420454545455e+00,4.204545454545455e-01,1.575820847583535e-04
1.271306818181818e+00,4.204545454545455e-01,1.575820847583535e-04
1.291193181818182e+00,4.204545454545455e-01,1.575820847583535e-04
1.311079545454545e+00,4.204545454545455e-01,1.575820847583535e-04
1.330965909090909e+00,4.204545454545455e-01,1.575820847583535e-04
1.350852272727273e+00,4.204545454545455e-01,1.575820847583535e-04
1.370738636363636e+00,4.204545454545455e-01,1.575820847583535e-04
1.390625000000000e+00,4.204545454545455e-01,1.575820847583535e-04
1.410511363636364e+00,4.204545454545455e-01,1.575820847583535e-04
1.430397727272727e+00,4.204545454545455e-01,1.575820847583535e-04
1.450284090909091e+00,4.204545454545455e-01,1.575820847583535e-04
1.470170454545455e+00,4.204545454545455e-01,1.575820847583535e-04
1.490056818181818e+00,4.204545454545455e-01,1.575820847583535e-04
6.349431818181818e-01,4.431818181818182e-01,1.780305663219223e-04
6.548295454545454e-01,4.431818181818182e-01,1.780305663219223e-04
6.747159090909091e-01,4.431818181818182e-01,1.780305663219223e-04
6.946022727272727e-01,4.431818181818182e-01,1.780305663219223e-04
7.144886363636364e-01,4.431818181818182e-01,1.780305663219223e-04
7.343750000000000e-01,4.431818181818182e-01,1.780305663219223e-04
7.542613636363636e-01,4.431818181818182e-01,1.780305663219223e-04
7.741477272727273e-01,4.431818181818182e-01,1.780305663219223e-04
7.940340909090909e-01,4.431818181818182e-01,1.780305663219223e-04
8.139204545454546e-01,4.431818181818182e-01,1.780305663219223e-04
8.338068181818181e-01,4.431818181818182e-01,1.780305663219223e-04
8.536931818181819e-01,4.431818181818182e-01,1.780305663219223e-04
8.735795454545454e-01,4.431818181818182e-01,1.780305663219223e-04
8.934659090909092e-01,4.431818181818182e-01,1.780305663219223e-04
9.133522727272727e-01,4.431818181818182e-01,1.780305663219223e-04
9.332386363636364e-01,4.431818181818182e-01,1.780305663219223e-04
9.531250000000000e-01,4.431818181818182e-01,1.780305663219223e-04
9.730113636363636e-01,4.431818181818182e-01,1.780305663219223e-04
9.928977272727273e-01,4.431818181818182e-01,1.780305663219223e-04
1.012784090909091e+00,4.431818181818182e-01,1.780305663219223e-04
1.032670454545455e+00,4.431818181818182e-01,1.780305663219223e-04
1.052556818181818e+00,4.431818181818182e-01,1.780305663219223e-04
1.072443181818182e+00,4.431818181818182e-01,1.780305663219223e-04
1.092329545454545e+00,4.431818181818182e-01,1.780305663219223e-04
1.112215909090909e+00,4.431818181818182e-01,1.780305663219223e-04
1.132102272727273e+00,4.431818181818182e-01,1.780305663219223e-04
1.151988636363636e+00,4.431818181818182e-01,1.780305663219223e-04
1.171875000000000e+00,4.431818181818182e-01,1.780305663219223e-04
1.191761363636364e+00,4.431818181818182e-01,1.780305663219223e-04
1.211647727272727e+00,4.431818181818182e-01,1.780305663219223e-04
1.231534090909091e+00,4.431818181818182e-01,1.780305663219223e-04
1.251420454545455e+00,4.431818181818182e-01,1.780305663219223e-04
1.271306818181818e+00,4.431818181818182e-01,1.780305663219223e-04
1.291193181818182e+00,4.431818181818182e-01,1.780305663219223e-04
1.311079545454545e+00,4.431818181818182e-01,1.780305663219223e-04
1.330965909090909e+00,4.431818181818182e-01,1.780305663219223e-04
1.350852272727273e+00,4.431818181818182e-01,1.780305663219223e-04
1.370738636363636e+00,4.431818181818182e-01,1.780305663219223e-04
1.390625000000000e+00,4.431818181818182e-01,1.780305663219223e-04
1.410511363636364e+00,4.431818181818182e-01,1.780305663219223e-04
1.430397727272727e+00,4.431818181818182e-01,1.780305663219223e-04
1.450284090909091e+00,4.431818181818182e-01,1.780305663219223e-04
1.470170454545455e+00,4.431818181818182e-01,1.780305663219223e-04
1.490056818181818e+00,4.431818181818182e-01,1.780305663219223e-04
6.349431818181818e-01,4.659090909090909e-01,1.978444130294501e-04
6.548295454545454e-01,4.659090909090909e-01,1.978444130294501e-04
6.747159090909091e-01,4.659090909090909e-01,1.978444130294501e-04
6.946022727272727e-01,4.659090909090909e-01,1.978444130294501e-04
7.144886363636364e-01,4.659090909090909e-01,1.978444130294501e-04
7.343750000000000e-01,4.659090909090909e-01,1.978444130294501e-04
7.542613636363636e-01,4.659090909090909e-01,1.978444130294501e-04
7.741477272727273e-01,4.659090909090909e-01,1.978444130294501e-04
7.940340909090909e-01,4.659090909090909e-01,1.978444130294501e-04
8.139204545454546e-01,4.659090909090909e-01,1.978444130294501e-04
8.338068181818181e-01,4.659090909090909e-01,1.978444130294501e-04
8.536931818181819e-01,4.659090909090909e-01,1.978444130294501e-04
8.735795454545454e-01,4.659090909090909e-01,1.978444130294501e-04
8.934659090909092e-01,4.659090909090909e-01,1.978444130294501e-04
9.133522727272727e-01,4.659090909090909e-01,1.978444130294501e-04
9.332386363636364e-01,4.659090909090909e-01,1.978444130294501e-04
9.531250000000000e-01,4.659090909090909e-01,1.978444130294501e-04
9.730113636363636e-01,4.659090909090909e-01,1.978444130294501e-04
9.928977272727273e-01,4.659090909090909e-01,1.978444130294501e-04
1.012784090909091e+00,4.659090909090909e-01,1.978444130294501e-04
1.032670454545455e+00,4.659090909090909e-01,1.978444130294501e-04
1.052556818181818e+00,4.659090909090909e-01,1.978444130294501e-04
1.072443181818182e+00,4.659090909090909e-01,1.978444130294501e-04
1.092329545454545e+00,4.659090909090909e-01,1.978444130294501e-04
1.112215909090909e+00,4.659090909090909e-01,1.978444130294501e-04
1.132102272727273e+00,4.659090909090909e-01,1.978444130294501e-04
1.151988636363636e+00,4.659090909090909e-01,1.978444130294501e-04
1.171875000000000e+00,4.659090909090909e-01,1.978444130294501e-04
1.191761363636364e+00,4.659090909090909e-01,1.978444130294501e-04
1.211647727272727e+00,4.659090909090909e-01,1.978444130294501e-04
1.231534090909091e+00,4.659090909090909e-01,1.978444130294501e-04
1.251420454545455e+00,4.659090909090909e-01,1.978444130294501e-04
1.271306818181818e+00,4.659090909090909e-01,1.978444130294501e-04
1.291193181818182e+00,4.659090909090909e-01,1.978444130294501e-04
1.311079545454545e+00,4.659090909090909e-01,1.978444130294501e-04
1.330965909090909e+00,4.659090909090909e-01,1.978444130294501e-04
1.350852272727273e+00,4.659090909090909e-01,1.978444130294501e-04
1.370738636363636e+00,4.659090909090909e-01,1.978444130294501e-04
1.390625000000000e+00,4.659090909090909e-01,1.978444130294501e-04
1.410511363636364e+00,4.659090909090909e-01,1.978444130294501e-04
1.430397727272727e+00,4.659090909090909e-01,1.978444130294501e-04
1.450284090909091e+00,4.659090909090909e-01,1.978444130294501e-04
1.470170454545455e+00,4.659090909090909e-01,1.978444130294501e-04
1.490056818181818e+00,4.659090909090909e-01,1.978444130294501e-04
6.349431818181818e-01,4.886363636363636e-01,2.176582597369780e-04
6.548295454545454e-01,4.886363636363636e-01,2.176582597369780e-04
6.747159090909091e-01,4.886363636363636e-01,2.176582597369780e-04
6.946022727272727e-01,4.886363636363636e-01,2.176582597369780e-04
7.144886363636364e-01,4.886363636363636e-01,2.176582597369780e-04
7.343750000000000e-01,4.886363636363636e-01,2.176582597369780e-04
7.542613636363636e-01,4.886363636363636e-01,2.176582597369780e-04
7.741477272727273e-01,4.886363636363636e-01,2.176582597369780e-04
7.940340909090909e-01,4.886363636363636e-01,2.176582597369780e-04
8.139204545454546e-01,4.886363636363636e-01,2.176582597369780e-04
8.338068181818181e-01,4.886363636363636e-01,2.176582597369780e-04
8.536931818181819e-01,4.886363636363636e-01,2.176582597369780e-04
8.735795454545454e-01,4.886363636363636e-01,2.176582597369780e-04
8.934659090909092e-01,4.886363636363636e-01,2.176582597369780e-04
9.133522727272727e-01,4.886363636363636e-01,2.176582597369780e-04
9.332386363636364e-01,4.886363636363636e-01,2.176582597369780e-04
9.531250000000000e-01,4.886363636363636e-01,2.176582597369780e-04
9.730113636363636e-01,4.886363636363636e-01,2.176582597369780e-04
9.928977272727273e-01,4.886363636363636e-01,2.176582597369780e-04
1.012784090909091e+00,4.886363636363636e-01,2.176582597369780e-04
1.032670454545455e+00,4.886363636363636e-01,2.176582597369780e-04
1.052556818181818e+00,4.886363636363636e-01,2.176582597369780e-04
1.072443181818182e+00,4.886363636363636e-01,2.176582597369780e-04
1.092329545454545e+00,4.886363636363636e-01,2.176582597369780e-04
1.112215909090909e+00,4.886363636363636e-01,2.176582597369780e-04
1.132102272727273e+00,4.886363636363636e-01,2.176582597369780e-04
1.151988636363636e+00,4.886363636363636e-01,2.176582597369780e-04
1.171875000000000e+00,4.886363636363636e-01,2.176582597369780e-04
1.191761363636364e+00,4.886363636363636e-01,2.176582597369780e-04
1.211647727272727e+00,4.886363636363636e-01,2.176582597369780e-04
1.231534090909091e+00,4.886363636363636e-01,2.176582597369780e-04
1.251420454545455e+00,4.886363636363636e-01,2.176582597369780e-04
1.271306818181818e+00,4.886363636363636e-01,2.176582597369780e-04
1.291193181818182e+00,4.886363636363636e-01,2.176582597369780e-04
1.311079545454545e+00,4.886363636363636e-01,2.176582597369780e-04
1.330965909090909e+00,4.886363636363636e-01,2.176582597369780e-04
1.350852272727273e+00,4.886363636363636e-01,2.176582597369780e-04
1.370738636363636e+00,4.886363636363636e-01,2.176582597369780e-04
1.390625000000000e+00,4.886363636363636e-01,2.176582597369780e-04
1.410511363636364e+00,4.886363636363636e-01,2.176582597369780e-04
1.430397727272727e+00,4.886363636363636e-01,2.176582597369780e-04
1.450284090909091e+00,4.886363636363636e-01,2.176582597369780e-04
1.470170454545455e+00,4.886363636363636e-01,2.176582597369780e-04
1.490056818181818e+00,4.886363636363636e-01,2.176582597369780e-04
6.349431818181818e-01,5.113636363636364e-01,2.361707366751153e-04
6.548295454545454e-01,5.113636363636364e-01,2.361707366751153e-04
6.747159090909091e-01,5.113636363636364e-01,2.361707366751153e-04
6.946022727272727e-01,5.113636363636364e-01,2.361707366751153e-04
7.144886363636364e-01,5.113636363636364e-01,2.361707366751153e-04
7.343750000000000e-01,5.113636363636364e-01,2.361707366751153e-04
7.542613636363636e-01,5.113636363636364e-01,2.361707366751153e-04
7.741477272727273e-01,5.113636363636364e-01,2.361707366751153e-04
7.940340909090909e-01,5.113636363636364e-01,2.361707366751153e-04
8.139204545454546e-01,5.113636363636364e-01,2.361707366751153e-04
8.338068181818181e-01,5.113636363636364e-01,2.361707366751153e-04
8.536931818181819e-01,5.113636363636364e-01,2.361707366751153e-04
8.735795454545454e-01,5.113636363636364e-01,2.361707366751153e-04
8.934659090909092e-01,5.113636363636364e-01,2.361707366751153e-04
9.133522727272727e-01,5.113636363636364e-01,2.361707366751153e-04
9.332386363636364e-01,5.113636363636364e-01,2.361707366751153e-04
9.531250000000000e-01,5.113636363636364e-01,2.361707366751153e-04
9.730113636363636e-01,5.113636363636364e-01,2.361707366751153e-04
9.928977272727273e-01,5.113636363636364e-01,2.361707366751153e-04
1.012784090909091e+00,5.113636363636364e-01,2.361707366751153e-04
1.032670454545455e+00,5.113636363636364e-01,2.361707366751153e-04
1.052556818181818e+00,5.113636363636364e-01,2.361707366751153e-04
1.072443181818182e+00,5.113636363636364e-01,2.361707366751153e-04
1.092329545454545e+00,5.113636363636364e-01,2.361707366751153e-04
1.112215909090909e+00,5.113636363636364e-01,2.361707366751153e-04
1.132102272727273e+00,5.113636363636364e-01,2.361707366751153e-04
1.151988636363636e+00,5.113636363636364e-01,2.361707366751153e-04
1.171875000000000e+00,5.113636363636364e-01,2.361707366751153e-04
1.191761363636364e+00,5.113636363636364e-01,2.361707366751153e-04
1.211647727272727e+00,5.113636363636364e-01,2.361707366751153e-04
1.231534090909091e+00,5.113636363636364e-01,2.361707366751153e-04
1.251420454545455e+00,5.113636363636364e-01,2.361707366751153e-04
1.271306818181818e+00,5.113636363636364e-01,2.361707366751153e-04
1.291193181818182e+00,5.113636363636364e-01,2.361707366751153e-04
1.311079545454545e+00,5.113636363636364e-01,2.361707366751153e-04
1.330965909090909e+00,5.113636363636364e-01,2.361707366751153e-04
1.350852272727273e+00,5.113636363636364e-01,2.361707366751153e-04
1.370738636363636e+00,5.113636363636364e-01,2.361707366751153e-04
1.390625000000000e+00,5.113636363636364e-01,2.361707366751153e-04
1.410511363636364e+00,5.113636363636364e-01,2.361707366751153e-04
1.430397727272727e+00,5.113636363636364e-01,2.361707366751153e-04
1.450284090909091e+00,5.113636363636364e-01,2.361707366751153e-04
1.470170454545455e+00,5.113636363636364e-01,2.361707366751153e-04
1.490056818181818e+00,5.113636363636364e-01,2.361707366751153e-04
6.349431818181818e-01,5.340909090909091e-01,2.533818438438623e-04
6.548295454545454e-01,5.340909090909091e-01,2.533818438438623e-04
6.747159090909091e-01,5.340909090909091e-01,2.533818438438623e-04
6.946022727272727e-01,5.340909090909091e-01,2.533818438438623e-04
7.144886363636364e-01,5.340909090909091e-01,2.533818438438623e-04
7.343750000000000e-01,5.340909090909091e-01,2.533818438438623e-04
7.542613636363636e-01,5.340909090909091e-01,2.533818438438623e-04
7.741477272727273e-01,5.340909090909091e-01,2.533818438438623e-04
7.940340909090909e-01,5.340909090909091e-01,2.533818438438623e-04
8.139204545454546e-01,5.340909090909091e-01,2.533818438438623e-04
8.338068181818181e-01,5.340909090909091e-01,2.533818438438623e-04
8.536931818181819e-01,5.340909090909091e-01,2.533818438438623e-04
8.735795454545454e-01,5.340909090909091e-01,2.533818438438623e-04
8.934659090909092e-01,5.340909090909091e-01,2.533818438438623e-04
9.133522727272727e-01,5.340909090909091e-01,2.533818438438623e-04
9.332386363636364e-01,5.340909090909091e-01,2.533818438438623e-04
9.531250000000000e-01,5.340909090909091e-01,2.533818438438623e-04
9.730113636363636e-01,5.340909090909091e-01,2.533818438438623e-04
9.928977272727273e-01,5.340909090909091e-01,2.533818438438623e-04
1.012784090909091e+00,5.340909090909091e-01,2.533818438438623e-04
1.032670454545455e+00,5.340909090909091e-01,2.533818438438623e-04
1.052556818181818e+00,5.340909090909091e-01,2.533818438438623e-04
1.072443181818182e+00,5.340909090909091e-01,2.533818438438623e-04
1.092329545454545e+00,5.340909090909091e-01,2.533818438438623e-04
1.112215909090909e+00,5.340909090909091e-01,2.533818438438623e-04
1.132102272727273e+00,5.340909090909091e-01,2.533818438438623e-04
1.151988636363636e+00,5.340909090909091e-01,2.533818438438623e-04
1.171875000000000e+00,5.340909090909091e-01,2.533818438438623e-04
1.191761363636364e+00,5.340909090909091e-01,2.533818438438623e-04
1.211647727272727e+00,5.340909090909091e-01,2.533818438438623e-04
1.231534090909091e+00,5.340909090909091e-01,2.533818438438623e-04
1.251420454545455e+00,5.340909090909091e-01,2.533818438438623e-04
1.271306818181818e+00,5.340909090909091e-01,2.533818438438623e-04
1.291193181818182e+00,5.340909090909091e-01,2.533818438438623e-04
1.311079545454545e+00,5.340909090909091e-01,2.533818438438623e-04
1.330965909090909e+00,5.340909090909091e-01,2.533818438438623e-04
1.350852272727273e+00,5.340909090909091e-01,2.533818438438623e-04
1.370738636363636e+00,5.340909090909091e-01,2.533818438438623e-04
1.390625000000000e+00,5.340909090909091e-01,2.533818438438623e-04
1.410511363636364e+00,5.340909090909091e-01,2.533818438438623e-04
1.430397727272727e+00,5.340909090909091e-01,2.533818438438623e-04
1.450284090909091e+00,5.340909090909091e-01,2.533818438438623e-04
1.470170454545455e+00,5.340909090909091e-01,2.533818438438623e-04
1.490056818181818e+00,5.340909090909091e-01,2.533818438438623e-04
6.349431818181818e-01,5.568181818181818e-01,2.705929510126092e-04
6.548295454545454e-01,5.568181818181818e-01,2.705929510126092e-04
6.747159090909091e-01,5.568181818181818e-01,2.705929510126092e-04
6.946022727272727e-01,5.568181818181818e-01,2.705929510126092e-04
7.144886363636364e-01,5.568181818181818e-01,2.705929510126092e-04
7.343750000000000e-01,5.568181818181818e-01,2.705929510126092e-04
7.542613636363636e-01,5.568181818181818e-01,2.705929510126092e-04
7.741477272727273e-01,5.568181818181818e-01,2.705929510126092e-04
7.940340909090909e-01,5.568181818181818e-01,2.705929510126092e-04
8.139204545454546e-01,5.568181818181818e-01,2.705929510126092e-04
8.338068181818181e-01,5.568181818181818e-01,2.705929510126092e-04
8.536931818181819e-01,5.568181818181818e-01,2.705929510126092e-04
8.735795454545454e-01,5.568181818181818e-01,2.705929510126092e-04
8.934659090909092e-01,5.568181818181818e-01,2.705929510126092e-04
9.133522727272727e-01,5.568181818181818e-01,2.705929510126092e-04
9.332386363636364e-01,5.568181818181818e-01,2.705929510126092e-04
9.531250000000000e-01,5.568181818181818e-01,2.705929510126092e-04
9.730113636363636e-01,5.568181818181818e-01,2.705929510126092e-04
9.928977272727273e-01,5.568181818181818e-01,2.705929510126092e-04
1.012784090909091e+00,5.568181818181818e-01,2.705929510126092e-04
1.032670454545455e+00,5.568181818181818e-01,2.705929510126092e-04
1.052556818181818e+00,5.568181818181818e-01,2.705929510126092e-04
1.072443181818182e+00,5.568181818181818e-01,2.705929510126092e-04
1.092329545454545e+00,5.568181818181818e-01,2.705929510126092e-04
1.112215909090909e+00,5.568181818181818e-01,2.705929510126092e-04
1.132102272727273e+00,5.568181818181818e-01,2.705929510126092e-04
1.151988636363636e+00,5.568181818181818e-01,2.705929510126092e-04
1.171875000000000e+00,5.568181818181818e-01,2.705929510126092e-04
1.191761363636364e+00,5.568181818181818e-01,2.705929510126092e-04
1.211647727272727e+00,5.568181818181818e-01,2.705929510126092e-04
1.231534090909091e+00,5.568181818181818e-01,2.705929510126092e-04
1.251420454545455e+00,5.568181818181818e-01,2.705929510126092e-04
1.271306818181818e+00,5.568181818181818e-01,2.705929510126092e-04
1.291193181818182e+00,5.568181818181818e-01,2.705929510126092e-04
1.311079545454545e+00,5.568181818181818e-01,2.705929510126092e-04
1.330965909090909e+00,5.568181818181818e-01,2.705929510126092e-04
1.350852272727273e+00,5.568181818181818e-01,2.705929510126092e-04
1.370738636363636e+00,5.568181818181818e-01,2.705929510126092e-04
1.390625000000000e+00,5.568181818181818e-01,2.705929510126092e-04
1.410511363636364e+00,5.568181818181818e-01,2.705929510126092e-04
1.430397727272727e+00,5.568181818181818e-01,2.705929510126092e-04
1.450284090909091e+00,5.568181818181818e-01,2.705929510126092e-04
1.470170454545455e+00,5.568181818181818e-01,2.705929510126092e-04
1.490056818181818e+00,5.568181818181818e-01,2.705929510126092e-04
6.349431818181818e-01,5.795454545454546e-01,2.845358637760149e-04
6.548295454545454e-01,5.795454545454546e-01,2.845358637760149e-04
6.747159090909091e-01,5.795454545454546e-01,2.845358637760149e-04
6.946022727272727e-01,5.795454545454546e-01,2.845358637760149e-04
7.144886363636364e-01,5.795454545454546e-01,2.845358637760149e-04
7.343750000000000e-01,5.795454545454546e-01,2.845358637760149e-04
7.542613636363636e-01,5.795454545454546e-01,2.845358637760149e-04
7.741477272727273e-01,5.795454545454546e-01,2.845358637760149e-04
7.940340909090909e-01,5.795454545454546e-01,2.845358637760149e-04
8.139204545454546e-01,5.795454545454546e-01,2.845358637760149e-04
8.338068181818181e-01,5.795454545454546e-01,2.845358637760149e-04
8.536931818181819e-01,5.795454545454546e-01,2.845358637760149e-04
8.735795454545454e-01,5.795454545454546e-01,2.845358637760149e-04
8.934659090909092e-01,5.795454545454546e-01,2.845358637760149e-04
9.133522727272727e-01,5.795454545454546e-01,2.845358637760149e-04
9.332386363636364e-01,5.795454545454546e-01,2.845358637760149e-04
9.531250000000000e-01,5.795454545454546e-01,2.845358637760149e-04
9.730113636363636e-01,5.795454545454546e-01,2.845358637760149e-04
9.928977272727273e-01,5.795454545454546e-01,2.845358637760149e-04
1.012784090909091e+00,5.795454545454546e-01,2.845358637760149e-04
1.032670454545455e+00,5.795454545454546e-01,2.845358637760149e-04
1.052556818181818e+00,5.795454545454546e-01,2.845358637760149e-04
1.072443181818182e+00,5.795454545454546e-01,2.845358637760149e-04
1.092329545454545e+00,5.795454545454546e-01,2.845358637760149e-04
1.112215909090909e+00,5.795454545454546e-01,2.845358637760149e-04
1.132102272727273e+00,5.795454545454546e-01,2.845358637760149e-04
1.151988636363636e+00,5.795454545454546e-01,2.845358637760149e-04
1.171875000000000e+00,5.795454545454546e-01,2.845358637760149e-04
1.191761363636364e+00,5.795454545454546e-01,2.845358637760149e-04
1.211647727272727e+00,5.795454545454546e-01,2.845358637760149e-04
1.231534090909091e+00,5.795454545454546e-01,2.845358637760149e-04
1.251420454545455e+00,5.795454545454546e-01,2.845358637760149e-04
1.271306818181818e+00,5.795454545454546e-01,2.845358637760149e-04
1.291193181818182e+00,5.795454545454546e-01,2.845358637760149e-04
1.311079545454545e+00,5.795454545454546e-01,2.845358637760149e-04
1.330965909090909e+00,5.795454545454546e-01,2.845358637760149e-04
1.350852272727273e+00,5.795454545454546e-01,2.845358637760149e-04
1.370738636363636e+00,5.795454545454546e-01,2.845358637760149e-04
1.390625000000000e+00,5.795454545454546e-01,2.845358637760149e-04
1.410511363636364e+00,5.795454545454546e-01,2.845358637760149e-04
1.430397727272727e+00,5.795454545454546e-01,2.845358637760149e-04
1.450284090909091e+00,5.795454545454546e-01,2.845358637760149e-04
1.470170454545455e+00,5.795454545454546e-01,2.845358637760149e-04
1.490056818181818e+00,5.795454545454546e-01,2.845358637760149e-04
6.349431818181818e-01,6.022727272727273e-01,2.973893784043068e-04
6.548295454545454e-01,6.022727272727273e-01,2.973893784043068e-04
6.747159090909091e-01,6.022727272727273e-01,2.973893784043068e-04
6.946022727272727e-01,6.022727272727273e-01,2.973893784043068e-04
7.144886363636364e-01,6.022727272727273e-01,2.973893784043068e-04
7.343750000000000e-01,6.022727272727273e-01,2.973893784043068e-04
7.542613636363636e-01,6.022727272727273e-01,2.973893784043068e-04
7.741477272727273e-01,6.022727272727273e-01,2.973893784043068e-04
7.940340909090909e-01,6.022727272727273e-01,2.973893784043068e-04
8.139204545454546e-01,6.022727272727273e-01,2.973893784043068e-04
8.338068181818181e-01,6.022727272727273e-01,2.973893784043068e-04
8.536931818181819e-01,6.022727272727273e-01,2.973893784043068e-04
8.735795454545454e-01,6.022727272727273e-01,2.973893784043068e-04
8.934659090909092e-01,6.022727272727273e-01,2.973893784043068e-04
9.133522727272727e-01,6.022727272727273e-01,2.973893784043068e-04
9.332386363636364e-01,6.022727272727273e-01,2.973893784043068e-04
9.531250000000000e-01,6.022727272727273e-01,2.973893784043068e-04
9.730113636363636e-01,6.022727272727273e-01,2.973893784043068e-04
9.928977272727273e-01,6.022727272727273e-01,2.973893784043068e-04
1.012784090909091e+00,6.022727272727273e-01,2.973893784043068e-04
1.032670454545455e+00,6.022727272727273e-01,2.973893784043068e-04
1.052556818181818e+00,6.022727272727273e-01,2.973893784043068e-04
1.072443181818182e+00,6.022727272727273e-01,2.973893784043068e-04
1.092329545454545e+00,6.022727272727273e-01,2.973893784043068e-04
1.112215909090909e+00,6.022727272727273e-01,2.973893784043068e-04
1.132102272727273e+00,6.022727272727273e-01,2.973893784043068e-04
1.151988636363636e+00,6.022727272727273e-01,2.973893784043068e-04
1.171875000000000e+00,6.022727272727273e-01,2.973893784043068e-04
1.191761363636364e+00,6.022727272727273e-01,2.973893784043068e-04
1.211647727272727e+00,6.022727272727273e-01,2.973893784043068e-04
1.231534090909091e+00,6.022727272727273e-01,2.973893784043068e-04
1.251420454545455e+00,6.022727272727273e-01,2.973893784043068e-04
1.271306818181818e+00,6.022727272727273e-01,2.973893784043068e-04
1.291193181818182e+00,6.022727272727273e-01,2.973893784043068e-04
1.311079545454545e+00,6.022727272727273e-01,2.973893784043068e-04
1.330965909090909e+00,6.022727272727273e-01,2.973893784043068e-04
1.350852272727273e+00,6.022727272727273e-01,2.973893784043068e-04
1.370738636363636e+00,6.022727272727273e-01,2.973893784043068e-04
1.390625000000000e+00,6.022727272727273e-01,2.973893784043068e-04
1.410511363636364e+00,6.022727272727273e-01,2.973893784043068e-04
1.430397727272727e+00,6.022727272727273e-01,2.973893784043068e-04
1.450284090909091e+00,6.022727272727273e-01,2.973893784043068e-04
1.470170454545455e+00,6.022727272727273e-01,2.973893784043068e-04
1.490056818181818e+00,6.022727272727273e-01,2.973893784043068e-04
6.349431818181818e-01,6.250000000000000e-01,3.102428930325988e-04
6.548295454545454e-01,6.250000000000000e-01,3.102428930325988e-04
6.747159090909091e-01,6.250000000000000e-01,3.102428930325988e-04
6.946022727272727e-01,6.250000000000000e-01,3.102428930325988e-04
7.144886363636364e-01,6.250000000000000e-01,3.102428930325988e-04
7.343750000000000e-01,6.250000000000000e-01,3.102428930325988e-04
7.542613636363636e-01,6.250000000000000e-01,3.102428930325988e-04
7.741477272727273e-01,6.250000000000000e-01,3.102428930325988e-04
7.940340909090909e-01,6.250000000000000e-01,3.102428930325988e-04
8.139204545454546e-01,6.250000000000000e-01,3.102428930325988e-04
8.338068181818181e-01,6.250000000000000e-01,3.102428930325988e-04
8.536931818181819e-01,6.250000000000000e-01,3.102428930325988e-04
8.735795454545454e-01,6.250000000000000e-01,3.102428930325988e-04
8.934659090909092e-01,6.250000000000000e-01,3.102428930325988e-04
9.133522727272727e-01,6.250000000000000e-01,3.102428930325988e-04
9.332386363636364e-01,6.250000000000000e-01,3.102428930325988e-04
9.531250000000000e-01,6.250000000000000e-01,3.102428930325988e-04
9.730113636363636e-01,6.250000000000000e-01,3.102428930325988e-04
9.928977272727273e-01,6.250000000000000e-01,3.102428930325988e-04
1.012784090909091e+00,6.250000000000000e-01,3.102428930325988e-04
1.032670454545455e+00,6.250000000000000e-01,3.102428930325988e-04
1.052556818181818e+00,6.250000000000000e-01,3.102428930325988e-04
1.072443181818182e+00,6.250000000000000e-01,3.102428930325988e-04
1.092329545454545e+00,6.250000000000000e-01,3.102428930325988e-04
1.112215909090909e+00,6.250000000000000e-01,3.102428930325988e-04
1.132102272727273e+00,6.250000000000000e-01,3.102428930325988e-04
1.151988636363636e+00,6.250000000000000e-01,3.102428930325988e-04
1.171875000000000e+00,6.250000000000000e-01,3.102428930325988e-04
1.191761363636364e+00,6.250000000000000e-01,3.102428930325988e-04
1.211647727272727e+00,6.250000000000000e-01,3.102428930325988e-04
1.231534090909091e+00,6.250000000000000e-01,3.102428930325988e-04
1.251420454545455e+00,6.250000000000000e-01,3.102428930325988e-04
1.271306818181818e+00,6.250000000000000e-01,3.102428930325988e-04
1.291193181818182e+00,6.250000000000000e-01,3.102428930325988e-04
1.311079545454545e+00,6.250000000000000e-01,3.102428930325988e-04
1.330965909090909e+00,6.250000000000000e-01,3.102428930325988e-04
1.350852272727273e+00,6.250000000000000e-01,3.102428930325988e-04
1.370738636363636e+00,6.250000000000000e-01,3.102428930325988e-04
1.390625000000000e+00,6.250000000000000e-01,3.102428930325988e-04
1.410511363636364e+00,6.250000000000000e-01,3.102428930325988e-04
1.430397727272727e+00,6.250000000000000e-01,3.102428930325988e-04
1.450284090909091e+00,6.250000000000000e-01,3.102428930325988e-04
1.470170454545455e+00,6.250000000000000e-01,3.102428930325988e-04
1.490056818181818e+00,6.250000000000000e-01,3.102428930325988e-04
6.349431818181818e-01,6.477272727272727e-01,3.169832760083560e-04
6.548295454545454e-01,6.477272727272727e-01,3.169832760083560e-04
6.747159090909091e-01,6.477272727272727e-01,3.169832760083560e-04
6.946022727272727e-01,6.477272727272727e-01,3.169832760083560e-04
7.144886363636364e-01,6.477272727272727e-01,3.169832760083560e-04
7.343750000000000e-01,6.477272727272727e-01,3.169832760083560e-04
7.542613636363636e-01,6.477272727272727e-01,3.169832760083560e-04
7.741477272727273e-01,6.477272727272727e-01,3.169832760083560e-04
7.940340909090909e-01,6.477272727272727e-01,3.169832760083560e-04
8.139204545454546e-01,6.477272727272727e-01,3.169832760083560e-04
8.338068181818181e-01,6.477272727272727e-01,3.169832760083560e-04
8.536931818181819e-01,6.477272727272727e-01,3.169832760083560e-04
8.735795454545454e-01,6.477272727272727e-01,3.169832760083560e-04
8.934659090909092e-01,6.477272727272727e-01,3.169832760083560e-04
9.133522727272727e-01,6.477272727272727e-01,3.169832760083560e-04
9.332386363636364e-01,6.477272727272727e-01,3.169832760083560e-04
9.531250000000000e-01,6.477272727272727e-01,3.169832760083560e-04
9.730113636363636e-01,6.477272727272727e-01,3.169832760083560e-04
9.928977272727273e-01,6.477272727272727e-01,3.169832760083560e-04
1.012784090909091e+00,6.477272727272727e-01,3.169832760083560e-04
1.032670454545455e+00,6.477272727272727e-01,3.169832760083560e-04
1.052556818181818e+00,6.477272727272727e-01,3.169832760083560e-04
1.072443181818182e+00,6.477272727272727e-01,3.169832760083560e-04
1.092329545454545e+00,6.477272727272727e-01,3.169832760083560e-04
1.112215909090909e+00,6.477272727272727e-01,3.169832760083560e-04
1.132102272727273e+00,6.477272727272727e-01,3.169832760083560e-04
1.151988636363636e+00,6.477272727272727e-01,3.169832760083560e-04
1.171875000000000e+00,6.477272727272727e-01,3.169832760083560e-04
1.191761363636364e+00,6.477272727272727e-01,3.169832760083560e-04
1.211647727272727e+00,6.477272727272727e-01,3.169832760083560e-04
1.231534090909091e+00,6.477272727272727e-01,3.169832760083560e-04
1.251420454545455e+00,6.477272727272727e-01,3.169832760083560e-04
1.271306818181818e+00,6.477272727272727e-01,3.169832760083560e-04
1.291193181818182e+00,6.477272727272727e-01,3.169832760083560e-04
1.311079545454545e+00,6.477272727272727e-01,3.169832760083560e-04
1.330965909090909e+00,6.477272727272727e-01,3.169832760083560e-04
1.350852272727273e+00,6.477272727272727e-01,3.169832760083560e-04
1.370738636363636e+00,6.477272727272727e-01,3.169832760083560e-04
1.390625000000000e+00,6.477272727272727e-01,3.169832760083560e-04
1.410511363636364e+00,6.477272727272727e-01,3.169832760083560e-04
1.430397727272727e+00,6.477272727272727e-01,3.169832760083560e-04
1.450284090909091e+00,6.477272727272727e-01,3.169832760083560e-04
1.470170454545455e+00,6.477272727272727e-01,3.169832760083560e-04
1.490056818181818e+00,6.477272727272727e-01,3.169832760083560e-04
6.349431818181818e-01,6.704545454545454e-01,3.237236589841133e-04
6.548295454545454e-01,6.704545454545454e-01,3.237236589841133e-04
6.747159090909091e-01,6.704545454545454e-01,3.237236589841133e-04
6.946022727272727e-01,6.704545454545454e-01,3.237236589841133e-04
7.144886363636364e-01,6.704545454545454e-01,3.237236589841133e-04
7.343750000000000e-01,6.704545454545454e-01,3.237236589841133e-04
7.542613636363636e-01,6.704545454545454e-01,3.237236589841133e-04
7.741477272727273e-01,6.704545454545454e-01,3.237236589841133e-04
7.940340909090909e-01,6.704545454545454e-01,3.237236589841133e-04
8.139204545454546e-01,6.704545454545454e-01,3.237236589841133e-04
8.338068181818181e-01,6.704545454545454e-01,3.237236589841133e-04
8.536931818181819e-01,6.704545454545454e-01,3.237236589841133e-04
8.735795454545454e-01,6.704545454545454e-01,3.237236589841133e-04
8.934659090909092e-01,6.704545454545454e-01,3.237236589841133e-04
9.133522727272727e-01,6.704545454545454e-01,3.237236589841133e-04
9.332386363636364e-01,6.704545454545454e-01,3.237236589841133e-04
9.531250000000000e-01,6.704545454545454e-01,3.237236589841133e-04
9.730113636363636e-01,6.704545454545454e-01,3.237236589841133e-04
9.928977272727273e-01,6.704545454545454e-01,3.237236589841133e-04
1.012784090909091e+00,6.704545454545454e-01,3.237236589841133e-04
1.032670454545455e+00,6.704545454545454e-01,3.237236589841133e-04
1.052556818181818e+00,6.704545454545454e-01,3.237236589841133e-04
1.072443181818182e+00,6.704545454545454e-01,3.237236589841133e-04
1.092329545454545e+00,6.704545454545454e-01,3.237236589841133e-04
1.112215909090909e+00,6.704545454545454e-01,3.237236589841133e-04
1.132102272727273e+00,6.704545454545454e-01,3.237236589841133e-04
1.151988636363636e+00,6.704545454545454e-01,3.237236589841133e-04
1.171875000000000e+00,6.704545454545454e-01,3.237236589841133e-04
1.191761363636364e+00,6.704545454545454e-01,3.237236589841133e-04
1.211647727272727e+00,6.704545454545454e-01,3.237236589841133e-04
1.231534090909091e+00,6.704545454545454e-01,3.237236589841133e-04
1.251420454545455e+00,6.704545454545454e-01,3.237236589841133e-04
1.271306818181818e+00,6.704545454545454e-01,3.237236589841133e-04
1.291193181818182e+00,6.704545454545454e-01,3.237236589841133e-04
1.311079545454545e+00,6.704545454545454e-01,3.237236589841133e-04
1.330965909090909e+00,6.704545454545454e-01,3.237236589841133e-04
1.350852272727273e+00,6.704545454545454e-01,3.237236589841133e-04
1.370738636363636e+00,6.704545454545454e-01,3.237236589841133e-04
1.390625000000000e+00,6.704545454545454e-01,3.237236589841133e-04
1.410511363636364e+00,6.704545454545454e-01,3.237236589841133e-04
1.430397727272727e+00,6.704545454545454e-01,3.237236589841133e-04
1.450284090909091e+00,6.704545454545454e-01,3.237236589841133e-04
1.470170454545455e+00,6.704545454545454e-01,3.237236589841133e-04
1.490056818181818e+00,6.704545454545454e-01,3.237236589841133e-04
6.349431818181818e-01,6.931818181818182e-01,3.284961758930561e-04
6.548295454545454e-01,6.931818181818182e-01,3.284961758930561e-04
6.747159090909091e-01,6.931818181818182e-01,3.284961758930561e-04
6.946022727272727e-01,6.931818181818182e-01,3.284961758930561e-04
7.144886363636364e-01,6.931818181818182e-01,3.284961758930561e-04
7.343750000000000e-01,6.931818181818182e-01,3.284961758930561e-04
7.542613636363636e-01,6.931818181818182e-01,3.284961758930561e-04
7.741477272727273e-01,6.931818181818182e-01,3.284961758930561e-04
7.940340909090909e-01,6.931818181818182e-01,3.284961758930561e-04
8.139204545454546e-01,6.931818181818182e-01,3.284961758930561e-04
8.338068181818181e-01,6.931818181818182e-01,3.284961758930561e-04
8.536931818181819e-01,6.931818181818182e-01,3.284961758930561e-04
8.735795454545454e-01,6.931818181818182e-01,3.284961758930561e-04
8.934659090909092e-01,6.931818181818182e-01,3.284961758930561e-04
9.133522727272727e-01,6.931818181818182e-01,3.284961758930561e-04
9.332386363636364e-01,6.931818181818182e-01,3.284961758930561e-04
9.531250000000000e-01,6.931818181818182e-01,3.284961758930561e-04
9.730113636363636e-01,6.931818181818182e-01,3.284961758930561e-04
9.928977272727273e-01,6.931818181818182e-01,3.284961758930561e-04
1.012784090909091e+00,6.931818181818182e-01,3.284961758930561e-04
1.032670454545455e+00,6.931818181818182e-01,3.284961758930561e-04
1.052556818181818e+00,6.931818181818182e-01,3.284961758930561e-04
1.072443181818182e+00,6.931818181818182e-01,3.284961758930561e-04
1.092329545454545e+00,6.931818181818182e-01,3.284961758930561e-04
1.112215909090909e+00,6.931818181818182e-01,3.284961758930561e-04
1.132102272727273e+00,6.931818181818182e-01,3.284961758930561e-04
1.151988636363636e+00,6.931818181818182e-01,3.284961758930561e-04
1.171875000000000e+00,6.931818181818182e-01,3.284961758930561e-04
1.191761363636364e+00,6.931818181818182e-01,3.284961758930561e-04
1.211647727272727e+00,6.931818181818182e-01,3.284961758930561e-04
1.231534090909091e+00,6.931818181818182e-01,3.284961758930561e-04
1.251420454545455e+00,6.931818181818182e-01,3.284961758930561e-04
1.271306818181818e+00,6.931818181818182e-01,3.284961758930561e-04
1.291193181818182e+00,6.931818181818182e-01,3.284961758930561e-04
1.311079545454545e+00,6.931818181818182e-01,3.284961758930561e-04
1.330965909090909e+00,6.931818181818182e-01,3.284961758930561e-04
1.350852272727273e+00,6.931818181818182e-01,3.284961758930561e-04
1.370738636363636e+00,6.931818181818182e-01,3.284961758930561e-04
1.390625000000000e+00,6.931818181818182e-01,3.284961758930561e-04
1.410511363636364e+00,6.931818181818182e-01,3.284961758930561e-04
1.430397727272727e+00,6.931818181818182e-01,3.284961758930561e-04
1.450284090909091e+00,6.931818181818182e-01,3.284961758930561e-04
1.470170454545455e+00,6.931818181818182e-01,3.284961758930561e-04
1.490056818181818e+00,6.931818181818182e-01,3.284961758930561e-04
6.349431818181818e-01,7.159090909090909e-01,3.273650946015558e-04
6.548295454545454e-01,7.159090909090909e-01,3.273650946015558e-04
6.747159090909091e-01,7.159090909090909e-01,3.273650946015558e-04
6.946022727272727e-01,7.159090909090909e-01,3.273650946015558e-04
7.144886363636364e-01,7.159090909090909e-01,3.273650946015558e-04
7.343750000000000e-01,7.159090909090909e-01,3.273650946015558e-04
7.542613636363636e-01,7.159090909090909e-01,3.273650946015558e-04
7.741477272727273e-01,7.159090909090909e-01,3.273650946015558e-04
7.940340909090909e-01,7.159090909090909e-01,3.273650946015558e-04
8.139204545454546e-01,7.159090909090909e-01,3.273650946015558e-04
8.338068181818181e-01,7.159090909090909e-01,3.273650946015558e-04
8.536931818181819e-01,7.159090909090909e-01,3.273650946015558e-04
8.735795454545454e-01,7.159090909090909e-01,3.273650946015558e-04
8.934659090909092e-01,7.159090909090909e-01,3.273650946015558e-04
9.133522727272727e-01,7.159090909090909e-01,3.273650946015558e-04
9.332386363636364e-01,7.159090909090909e-01,3.273650946015558e-04
9.531250000000000e-01,7.159090909090909e-01,3.273650946015558e-04
9.730113636363636e-01,7.159090909090909e-01,3.273650946015558e-04
9.928977272727273e-01,7.159090909090909e-01,3.273650946015558e-04
1.012784090909091e+00,7.159090909090909e-01,3.273650946015558e-04
1.032670454545455e+00,7.159090909090909e-01,3.273650946015558e-04
1.052556818181818e+00,7.159090909090909e-01,3.273650946015558e-04
1.072443181818182e+00,7.159090909090909e-01,3.273650946015558e-04
1.092329545454545e+00,7.159090909090909e-01,3.273650946015558e-04
1.112215909090909e+00,7.159090909090909e-01,3.273650946015558e-04
1.132102272727273e+00,7.159090909090909e-01,3.273650946015558e-04
1.151988636363636e+00,7.159090909090909e-01,3.273650946015558e-04
1.171875000000000e+00,7.159090909090909e-01,3.273650946015558e-04
1.191761363636364e+00,7.159090909090909e-01,3.273650946015558e-04
1.211647727272727e+00,7.159090909090909e-01,3.273650946015558e-04
1.231534090909091e+00,7.159090909090909e-01,3.273650946015558e-04
1.251420454545455e+00,7.159090909090909e-01,3.273650946015558e-04
1.271306818181818e+00,7.159090909090909e-01,3.273650946015558e-04
1.291193181818182e+00,7.159090909090909e-01,3.273650946015558e-04
1.311079545454545e+00,7.159090909090909e-01,3.273650946015558e-04
1.330965909090909e+00,7.159090909090909e-01,3.273650946015558e-04
1.350852272727273e+00,7.159090909090909e-01,3.273650946015558e-04
1.370738636363636e+00,7.159090909090909e-01,3.273650946015558e-04
1.390625000000000e+00,7.159090909090909e-01,3.273650946015558e-04
1.410511363636364e+00,7.159090909090909e-01,3.273650946015558e-04
1.430397727272727e+00,7.159090909090909e-01,3.273650946015558e-04
1.450284090909091e+00,7.159090909090909e-01,3.273650946015558e-04
1.470170454545455e+00,7.159090909090909e-01,3.273650946015558e-04
1.490056818181818e+00,7.159090909090909e-01,3.273650946015558e-04
6.349431818181818e-01,7.386363636363636e-01,3.262340133100555e-04
6.548295454545454e-01,7.386363636363636e-01,3.262340133100555e-04
6.747159090909091e-01,7.386363636363636e-01,3.262340133100555e-04
6.946022727272727e-01,7.386363636363636e-01,3.262340133100555e-04
7.144886363636364e-01,7.386363636363636e-01,3.262340133100555e-04
7.343750000000000e-01,7.386363636363636e-01,3.262340133100555e-04
7.542613636363636e-01,7.386363636363636e-01,3.262340133100555e-04
7.741477272727273e-01,7.386363636363636e-01,3.262340133100555e-04
7.940340909090909e-01,7.386363636363636e-01,3.262340133100555e-04
8.139204545454546e-01,7.386363636363636e-01,3.262340133100555e-04
8.338068181818181e-01,7.386363636363636e-01,3.262340133100555e-04
8.536931818181819e-01,7.386363636363636e-01,3.262340133100555e-04
8.735795454545454e-01,7.386363636363636e-01,3.262340133100555e-04
8.934659090909092e-01,7.386363636363636e-01,3.262340133100555e-04
9.133522727272727e-01,7.386363636363636e-01,3.262340133100555e-04
9.332386363636364e-01,7.386363636363636e-01,3.262340133100555e-04
9.531250000000000e-01,7.386363636363636e-01,3.262340133100555e-04
9.730113636363636e-01,7.386363636363636e-01,3.262340133100555e-04
9.928977272727273e-01,7.386363636363636e-01,3.262340133100555e-04
1.012784090909091e+00,7.386363636363636e-01,3.262340133100555e-04
1.032670454545455e+00,7.386363636363636e-01,3.262340133100555e-04
1.052556818181818e+00,7.386363636363636e-01,3.262340133100555e-04
1.072443181818182e+00,7.386363636363636e-01,3.262340133100555e-04
1.092329545454545e+00,7.386363636363636e-01,3.262340133100555e-04
1.112215909090909e+00,7.386363636363636e-01,3.262340133100555e-04
1.132102272727273e+00,7.386363636363636e-01,3.262340133100555e-04
1.151988636363636e+00,7.386363636363636e-01,3.262340133100555e-04
1.171875000000000e+00,7.386363636363636e-01,3.262340133100555e-04
1.191761363636364e+00,7.386363636363636e-01,3.262340133100555e-04
1.211647727272727e+00,7.386363636363636e-01,3.262340133100555e-04
1.231534090909091e+00,7.386363636363636e-01,3.262340133100555e-04
1.251420454545455e+00,7.386363636363636e-01,3.262340133100555e-04
1.271306818181818e+00,7.386363636363636e-01,3.262340133100555e-04
1.291193181818182e+00,7.386363636363636e-01,3.262340133100555e-04
1.311079545454545e+00,7.386363636363636e-01,3.262340133100555e-04
1.330965909090909e+00,7.386363636363636e-01,3.262340133100555e-04
1.350852272727273e+00,7.386363636363636e-01,3.262340133100555e-04
1.370738636363636e+00,7.386363636363636e-01,3.262340133100555e-04
1.390625000000000e+00,7.386363636363636e-01,3.262340133100555e-04
1.410511363636364e+00,7.386363636363636e-01,3.262340133100555e-04
1.430397727272727e+00,7.386363636363636e-01,3.262340133100555e-04
1.450284090909091e+00,7.386363636363636e-01,3.262340133100555e-04
1.470170454545455e+00,7.386363636363636e-01,3.262340133100555e-04
1.490056818181818e+00,7.386363636363636e-01,3.262340133100555e-04
6.349431818181818e-01,7.613636363636364e-01,3.202859285667170e-04
6.548295454545454e-01,7.613636363636364e-01,3.202859285667170e-04
6.747159090909091e-01,7.613636363636364e-01,3.202859285667170e-04
6.946022727272727e-01,7.613636363636364e-01,3.202859285667170e-04
7.144886363636364e-01,7.613636363636364e-01,3.202859285667170e-04
7.343750000000000e-01,7.613636363636364e-01,3.202859285667170e-04
7.542613636363636e-01,7.613636363636364e-01,3.202859285667170e-04
7.741477272727273e-01,7.613636363636364e-01,3.202859285667170e-04
7.940340909090909e-01,7.613636363636364e-01,3.202859285667170e-04
8.139204545454546e-01,7.613636363636364e-01,3.202859285667170e-04
8.338068181818181e-01,7.613636363636364e-01,3.202859285667170e-04
8.536931818181819e-01,7.613636363636364e-01,3.202859285667170e-04
8.735795454545454e-01,7.613636363636364e-01,3.202859285667170e-04
8.934659090909092e-01,7.613636363636364e-01,3.202859285667170e-04
9.133522727272727e-01,7.613636363636364e-01,3.202859285667170e-04
9.332386363636364e-01,7.613636363636364e-01,3.202859285667170e-04
9.531250000000000e-01,7.613636363636364e-01,3.202859285667170e-04
9.730113636363636e-01,7.613636363636364e-01,3.202859285667170e-04
9.928977272727273e-01,7.613636363636364e-01,3.202859285667170e-04
1.012784090909091e+00,7.613636363636364e-01,3.202859285667170e-04
1.032670454545455e+00,7.613636363636364e-01,3.202859285667170e-04
1.052556818181818e+00,7.613636363636364e-01,3.202859285667170e-04
1.072443181818182e+00,7.613636363636364e-01,3.202859285667170e-04
1.092329545454545e+00,7.613636363636364e-01,3.202859285667170e-04
1.112215909090909e+00,7.613636363636364e-01,3.202859285667170e-04
1.132102272727273e+00,7.613636363636364e-01,3.202859285667170e-04
1.151988636363636e+00,7.613636363636364e-01,3.202859285667170e-04
1.171875000000000e+00,7.613636363636364e-01,3.202859285667170e-04
1.191761363636364e+00,7.613636363636364e-01,3.202859285667170e-04
1.211647727272727e+00,7.613636363636364e-01,3.202859285667170e-04
1.231534090909091e+00,7.613636363636364e-01,3.202859285667170e-04
1.251420454545455e+00,7.613636363636364e-01,3.202859285667170e-04
1.271306818181818e+00,7.613636363636364e-01,3.202859285667170e-04
1.291193181818182e+00,7.613636363636364e-01,3.202859285667170e-04
1.311079545454545e+00,7.613636363636364e-01,3.202859285667170e-04
1.330965909090909e+00,7.613636363636364e-01,3.202859285667170e-04
1.350852272727273e+00,7.613636363636364e-01,3.202859285667170e-04
1.370738636363636e+00,7.613636363636364e-01,3.202859285667170e-04
1.390625000000000e+00,7.613636363636364e-01,3.202859285667170e-04
1.410511363636364e+00,7.613636363636364e-01,3.202859285667170e-04
1.430397727272727e+00,7.613636363636364e-01,3.202859285667170e-04
1.450284090909091e+00,7.613636363636364e-01,3.202859285667170e-04
1.470170454545455e+00,7.613636363636364e-01,3.202859285667170e-04
1.490056818181818e+00,7.613636363636364e-01,3.202859285667170e-04
6.349431818181818e-01,7.840909090909091e-01,3.095208403715402e-04
6.548295454545454e-01,7.840909090909091e-01,3.095208403715402e-04
6.747159090909091e-01,7.840909090909091e-01,3.095208403715402e-04
6.946022727272727e-01,7.840909090909091e-01,3.095208403715402e-04
7.144886363636364e-01,7.840909090909091e-01,3.095208403715402e-04
7.343750000000000e-01,7.840909090909091e-01,3.095208403715402e-04
7.542613636363636e-01,7.840909090909091e-01,3.095208403715402e-04
7.741477272727273e-01,7.840909090909091e-01,3.095208403715402e-04
7.940340909090909e-01,7.840909090909091e-01,3.095208403715402e-04
8.139204545454546e-01,7.840909090909091e-01,3.095208403715402e-04
8.338068181818181e-01,7.840909090909091e-01,3.095208403715402e-04
8.536931818181819e-01,7.840909090909091e-01,3.095208403715402e-04
8.735795454545454e-01,7.840909090909091e-01,3.095208403715402e-04
8.934659090909092e-01,7.840909090909091e-01,3.095208403715402e-04
9.133522727272727e-01,7.840909090909091e-01,3.095208403715402e-04
9.332386363636364e-01,7.840909090909091e-01,3.095208403715402e-04
9.531250000000000e-01,7.840909090909091e-01,3.095208403715402e-04
9.730113636363636e-01,7.840909090909091e-01,3.095208403715402e-04
9.928977272727273e-01,7.840909090909091e-01,3.095208403715402e-04
1.012784090909091e+00,7.840909090909091e-01,3.095208403715402e-04
1.032670454545455e+00,7.840909090909091e-01,3.095208403715402e-04
1.052556818181818e+00,7.840909090909091e-01,3.095208403715402e-04
1.072443181818182e+00,7.840909090909091e-01,3.095208403715402e-04
1.092329545454545e+00,7.840909090909091e-01,3.095208403715402e-04
1.112215909090909e+00,7.840909090909091e-01,3.095208403715402e-04
1.132102272727273e+00,7.840909090909091e-01,3.095208403715402e-04
1.151988636363636e+00,7.840909090909091e-01,3.095208403715402e-04
1.171875000000000e+00,7.840909090909091e-01,3.095208403715402e-04
1.191761363636364e+00,7.840909090909091e-01,3.095208403715402e-04
1.211647727272727e+00,7.840909090909091e-01,3.095208403715402e-04
1.231534090909091e+00,7.840909090909091e-01,3.095208403715402e-04
1.251420454545455e+00,7.840909090909091e-01,3.095208403715402e-04
1.271306818181818e+00,7.840909090909091e-01,3.095208403715402e-04
1.291193181818182e+00,7.840909090909091e-01,3.095208403715402e-04
1.311079545454545e+00,7.840909090909091e-01,3.095208403715402e-04
1.330965909090909e+00,7.840909090909091e-01,3.095208403715402e-04
1.350852272727273e+00,7.840909090909091e-01,3.095208403715402e-04
1.370738636363636e+00,7.840909090909091e-01,3.095208403715402e-04
1.390625000000000e+00,7.840909090909091e-01,3.095208403715402e-04
1.410511363636364e+00,7.840909090909091e-01,3.095208403715402e-04
1.430397727272727e+00,7.840909090909091e-01,3.095208403715402e-04
1.450284090909091e+00,7.840909090909091e-01,3.095208403715402e-04
1.470170454545455e+00,7.840909090909091e-01,3.095208403715402e-04
1.490056818181818e+00,7.840909090909091e-01,3.095208403715402e-04
6.349431818181818e-01,8.068181818181818e-01,2.987557521763634e-04
6.548295454545454e-01,8.068181818181818e-01,2.987557521763634e-04
6.747159090909091e-01,8.068181818181818e-01,2.987557521763634e-04
6.946022727272727e-01,8.068181818181818e-01,2.987557521763634e-04
7.144886363636364e-01,8.068181818181818e-01,2.987557521763634e-04
7.343750000000000e-01,8.068181818181818e-01,2.987557521763634e-04
7.542613636363636e-01,8.068181818181818e-01,2.987557521763634e-04
7.741477272727273e-01,8.068181818181818e-01,2.987557521763634e-04
7.940340909090909e-01,8.068181818181818e-01,2.987557521763634e-04
8.139204545454546e-01,8.068181818181818e-01,2.987557521763634e-04
8.338068181818181e-01,8.068181818181818e-01,2.987557521763634e-04
8.536931818181819e-01,8.068181818181818e-01,2.987557521763634e-04
8.735795454545454e-01,8.068181818181818e-01,2.987557521763634e-04
8.934659090909092e-01,8.068181818181818e-01,2.987557521763634e-04
9.133522727272727e-01,8.068181818181818e-01,2.987557521763634e-04
9.332386363636364e-01,8.068181818181818e-01,2.987557521763634e-04
9.531250000000000e-01,8.068181818181818e-01,2.987557521763634e-04
9.730113636363636e-01,8.068181818181818e-01,2.987557521763634e-04
9.928977272727273e-01,8.068181818181818e-01,2.987557521763634e-04
1.012784090909091e+00,8.068181818181818e-01,2.987557521763634e-04
1.032670454545455e+00,8.068181818181818e-01,2.987557521763634e-04
1.052556818181818e+00,8.068181818181818e-01,2.987557521763634e-04
1.072443181818182e+00,8.068181818181818e-01,2.987557521763634e-04
1.092329545454545e+00,8.068181818181818e-01,2.987557521763634e-04
1.112215909090909e+00,8.068181818181818e-01,2.987557521763634e-04
1.132102272727273e+00,8.068181818181818e-01,2.987557521763634e-04
1.151988636363636e+00,8.068181818181818e-01,2.987557521763634e-04
1.171875000000000e+00,8.068181818181818e-01,2.987557521763634e-04
1.191761363636364e+00,8.068181818181818e-01,2.987557521763634e-04
1.211647727272727e+00,8.068181818181818e-01,2.987557521763634e-04
1.231534090909091e+00,8.068181818181818e-01,2.987557521763634e-04
1.251420454545455e+00,8.068181818181818e-01,2.987557521763634e-04
1.271306818181818e+00,8.068181818181818e-01,2.987557521763634e-04
1.291193181818182e+00,8.068181818181818e-01,2.987557521763634e-04
1.311079545454545e+00,8.068181818181818e-01,2.987557521763634e-04
1.330965909090909e+00,8.068181818181818e-01,2.987557521763634e-04
1.350852272727273e+00,8.068181818181818e-01,2.987557521763634e-04
1.370738636363636e+00,8.068181818181818e-01,2.987557521763634e-04
1.390625000000000e+00,8.068181818181818e-01,2.987557521763634e-04
1.410511363636364e+00,8.068181818181818e-01,2.987557521763634e-04
1.430397727272727e+00,8.068181818181818e-01,2.987557521763634e-04
1.450284090909091e+00,8.068181818181818e-01,2.987557521763634e-04
1.470170454545455e+00,8.068181818181818e-01,2.987557521763634e-04
1.490056818181818e+00,8.068181818181818e-01,2.987557521763634e-04
6.349431818181818e-01,8.295454545454546e-01,2.794409151949416e-04
6.548295454545454e-01,8.295454545454546e-01,2.794409151949416e-04
6.747159090909091e-01,8.295454545454546e-01,2.794409151949416e-04
6.946022727272727e-01,8.295454545454546e-01,2.794409151949416e-04
7.144886363636364e-01,8.295454545454546e-01,2.794409151949416e-04
7.343750000000000e-01,8.295454545454546e-01,2.794409151949416e-04
7.542613636363636e-01,8.295454545454546e-01,2.794409151949416e-04
7.741477272727273e-01,8.295454545454546e-01,2.794409151949416e-04
7.940340909090909e-01,8.295454545454546e-01,2.794409151949416e-04
8.139204545454546e-01,8.295454545454546e-01,2.794409151949416e-04
8.338068181818181e-01,8.295454545454546e-01,2.794409151949416e-04
8.536931818181819e-01,8.295454545454546e-01,2.794409151949416e-04
8.735795454545454e-01,8.295454545454546e-01,2.794409151949416e-04
8.934659090909092e-01,8.295454545454546e-01,2.794409151949416e-04
9.133522727272727e-01,8.295454545454546e-01,2.794409151949416e-04
9.332386363636364e-01,8.295454545454546e-01,2.794409151949416e-04
9.531250000000000e-01,8.295454545454546e-01,2.794409151949416e-04
9.730113636363636e-01,8.295454545454546e-01,2.794409151949416e-04
9.928977272727273e-01,8.295454545454546e-01,2.794409151949416e-04
1.012784090909091e+00,8.295454545454546e-01,2.794409151949416e-04
1.032670454545455e+00,8.295454545454546e-01,2.794409151949416e-04
1.052556818181818e+00,8.295454545454546e-01,2.794409151949416e-04
1.072443181818182e+00,8.295454545454546e-01,2.794409151949416e-04
1.092329545454545e+00,8.295454545454546e-01,2.794409151949416e-04
1.112215909090909e+00,8.295454545454546e-01,2.794409151949416e-04
1.132102272727273e+00,8.295454545454546e-01,2.794409151949416e-04
1.151988636363636e+00,8.295454545454546e-01,2.794409151949416e-04
1.171875000000000e+00,8.295454545454546e-01,2.794409151949416e-04
1.191761363636364e+00,8.295454545454546e-01,2.794409151949416e-04
1.211647727272727e+00,8.295454545454546e-01,2.794409151949416e-04
1.231534090909091e+00,8.295454545454546e-01,2.794409151949416e-04
1.251420454545455e+00,8.295454545454546e-01,2.794409151949416e-04
1.271306818181818e+00,8.295454545454546e-01,2.794409151949416e-04
1.291193181818182e+00,8.295454545454546e-01,2.794409151949416e-04
1.311079545454545e+00,8.295454545454546e-01,2.794409151949416e-04
1.330965909090909e+00,8.295454545454546e-01,2.794409151949416e-04
1.350852272727273e+00,8.295454545454546e-01,2.794409151949416e-04
1.370738636363636e+00,8.295454545454546e-01,2.794409151949416e-04
1.390625000000000e+00,8.295454545454546e-01,2.794409151949416e-04
1.410511363636364e+00,8.295454545454546e-01,2.794409151949416e-04
1.430397727272727e+00,8.295454545454546e-01,2.794409151949416e-04
1.450284090909091e+00,8.295454545454546e-01,2.794409151949416e-04
1.470170454545455e+00,8.295454545454546e-01,2.794409151949416e-04
1.490056818181818e+00,8.295454545454546e-01,2.794409151949416e-04
6.349431818181818e-01,8.522727272727273e-01,2.572761619514382e-04
6.548295454545454e-01,8.522727272727273e-01,2.572761619514382e-04
6.747159090909091e-01,8.522727272727273e-01,2.572761619514382e-04
6.946022727272727e-01,8.522727272727273e-01,2.572761619514382e-04
7.144886363636364e-01,8.522727272727273e-01,2.572761619514382e-04
7.343750000000000e-01,8.522727272727273e-01,2.572761619514382e-04
7.542613636363636e-01,8.522727272727273e-01,2.572761619514382e-04
7.741477272727273e-01,8.522727272727273e-01,2.572761619514382e-04
7.940340909090909e-01,8.522727272727273e-01,2.572761619514382e-04
8.139204545454546e-01,8.522727272727273e-01,2.572761619514382e-04
8.338068181818181e-01,8.522727272727273e-01,2.572761619514382e-04
8.536931818181819e-01,8.522727272727273e-01,2.572761619514382e-04
8.735795454545454e-01,8.522727272727273e-01,2.572761619514382e-04
8.934659090909092e-01,8.522727272727273e-01,2.572761619514382e-04
9.133522727272727e-01,8.522727272727273e-01,2.572761619514382e-04
9.332386363636364e-01,8.522727272727273e-01,2.572761619514382e-04
9.531250000000000e-01,8.522727272727273e-01,2.572761619514382e-04
9.730113636363636e-01,8.522727272727273e-01,2.572761619514382e-04
9.928977272727273e-01,8.522727272727273e-01,2.572761619514382e-04
1.012784090909091e+00,8.522727272727273e-01,2.572761619514382e-04
1.032670454545455e+00,8.522727272727273e-01,2.572761619514382e-04
1.052556818181818e+00,8.522727272727273e-01,2.572761619514382e-04
1.072443181818182e+00,8.522727272727273e-01,2.572761619514382e-04
1.092329545454545e+00,8.522727272727273e-01,2.572761619514382e-04
1.112215909090909e+00,8.522727272727273e-01,2.572761619514382e-04
1.132102272727273e+00,8.522727272727273e-01,2.572761619514382e-04
1.151988636363636e+00,8.522727272727273e-01,2.572761619514382e-04
1.171875000000000e+00,8.522727272727273e-01,2.572761619514382e-04
1.191761363636364e+00,8.522727272727273e-01,2.572761619514382e-04
1.211647727272727e+00,8.522727272727273e-01,2.572761619514382e-04
1.231534090909091e+00,8.522727272727273e-01,2.572761619514382e-04
1.251420454545455e+00,8.522727272727273e-01,2.572761619514382e-04
1.271306818181818e+00,8.522727272727273e-01,2.572761619514382e-04
1.291193181818182e+00,8.522727272727273e-01,2.572761619514382e-04
1.311079545454545e+00,8.522727272727273e-01,2.572761619514382e-04
1.330965909090909e+00,8.522727272727273e-01,2.572761619514382e-04
1.350852272727273e+00,8.522727272727273e-01,2.572761619514382e-04
1.370738636363636e+00,8.522727272727273e-01,2.572761619514382e-04
1.390625000000000e+00,8.522727272727273e-01,2.572761619514382e-04
1.410511363636364e+00,8.522727272727273e-01,2.572761619514382e-04
1.430397727272727e+00,8.522727272727273e-01,2.572761619514382e-04
1.450284090909091e+00,8.522727272727273e-01,2.572761619514382e-04
1.470170454545455e+00,8.522727272727273e-01,2.572761619514382e-04
1.490056818181818e+00,8.522727272727273e-01,2.572761619514382e-04
6.349431818181818e-01,8.750000000000000e-01,2.351114087079349e-04
6.548295454545454e-01,8.750000000000000e-01,2.351114087079349e-04
6.747159090909091e-01,8.750000000000000e-01,2.351114087079349e-04
6.946022727272727e-01,8.750000000000000e-01,2.351114087079349e-04
7.144886363636364e-01,8.750000000000000e-01,2.351114087079349e-04
7.343750000000000e-01,8.750000000000000e-01,2.351114087079349e-04
7.542613636363636e-01,8.750000000000000e-01,2.351114087079349e-04
7.741477272727273e-01,8.750000000000000e-01,2.351114087079349e-04
7.940340909090909e-01,8.750000000000000e-01,2.351114087079349e-04
8.139204545454546e-01,8.750000000000000e-01,2.351114087079349e-04
8.338068181818181e-01,8.750000000000000e-01,2.351114087079349e-04
8.536931818181819e-01,8.750000000000000e-01,2.351114087079349e-04
8.735795454545454e-01,8.750000000000000e-01,2.351114087079349e-04
8.934659090909092e-01,8.750000000000000e-01,2.351114087079349e-04
9.133522727272727e-01,8.750000000000000e-01,2.351114087079349e-04
9.332386363636364e-01,8.750000000000000e-01,2.351114087079349e-04
9.531250000000000e-01,8.750000000000000e-01,2.351114087079349e-04
9.730113636363636e-01,8.750000000000000e-01,2.351114087079349e-04
9.928977272727273e-01,8.750000000000000e-01,2.351114087079349e-04
1.012784090909091e+00,8.750000000000000e-01,2.351114087079349e-04
1.032670454545455e+00,8.750000000000000e-01,2.351114087079349e-04
1.052556818181818e+00,8.750000000000000e-01,2.351114087079349e-04
1.072443181818182e+00,8.750000000000000e-01,2.351114087079349e-04
1.092329545454545e+00,8.750000000000000e-01,2.351114087079349e-04
1.112215909090909e+00,8.750000000000000e-01,2.351114087079349e-04
1.132102272727273e+00,8.750000000000000e-01,2.351114087079349e-04
1.151988636363636e+00,8.750000000000000e-01,2.351114087079349e-04
1.171875000000000e+00,8.750000000000000e-01,2.351114087079349e-04
1.191761363636364e+00,8.750000000000000e-01,2.351114087079349e-04
1.211647727272727e+00,8.750000000000000e-01,2.351114087079349e-04
1.231534090909091e+00,8.750000000000000e-01,2.351114087079349e-04
1.251420454545455e+00,8.750000000000000e-01,2.351114087079349e-04
1.271306818181818e+00,8.750000000000000e-01,2.351114087079349e-04
1.291193181818182e+00,8.750000000000000e-01,2.351114087079349e-04
1.311079545454545e+00,8.750000000000000e-01,2.351114087079349e-04
1.330965909090909e+00,8.750000000000000e-01,2.351114087079349e-04
1.350852272727273e+00,8.750000000000000e-01,2.351114087079349e-04
1.370738636363636e+00,8.750000000000000e-01,2.351114087079349e-04
1.390625000000000e+00,8.750000000000000e-01,2.351114087079349e-04
1.410511363636364e+00,8.750000000000000e-01,2.351114087079349e-04
1.430397727272727e+00,8.750000000000000e-01,2.351114087079349e-04
1.450284090909091e+00,8.750000000000000e-01,2.351114087079349e-04
1.470170454545455e+00,8.750000000000000e-01,2.351114087079349e-04
1.490056818181818e+00,8.750000000000000e-01,2.351114087079349e-04
6.349431818181818e-01,8.977272727272727e-01,1.997894831797150e-04
6.548295454545454e-01,8.977272727272727e-01,1.997894831797150e-04
6.747159090909091e-01,8.977272727272727e-01,1.997894831797150e-04
6.946022727272727e-01,8.977272727272727e-01,1.997894831797150e-04
7.144886363636364e-01,8.977272727272727e-01,1.997894831797150e-04
7.343750000000000e-01,8.977272727272727e-01,1.997894831797150e-04
7.542613636363636e-01,8.977272727272727e-01,1.997894831797150e-04
7.741477272727273e-01,8.977272727272727e-01,1.997894831797150e-04
7.940340909090909e-01,8.977272727272727e-01,1.997894831797150e-04
8.139204545454546e-01,8.977272727272727e-01,1.997894831797150e-04
8.338068181818181e-01,8.977272727272727e-01,1.997894831797150e-04
8.536931818181819e-01,8.977272727272727e-01,1.997894831797150e-04
8.735795454545454e-01,8.977272727272727e-01,1.997894831797150e-04
8.934659090909092e-01,8.977272727272727e-01,1.997894831797150e-04
9.133522727272727e-01,8.977272727272727e-01,1.997894831797150e-04
9.332386363636364e-01,8.977272727272727e-01,1.997894831797150e-04
9.531250000000000e-01,8.977272727272727e-01,1.997894831797150e-04
9.730113636363636e-01,8.977272727272727e-01,1.997894831797150e-04
9.928977272727273e-01,8.977272727272727e-01,1.997894831797150e-04
1.012784090909091e+00,8.977272727272727e-01,1.997894831797150e-04
1.032670454545455e+00,8.977272727272727e-01,1.997894831797150e-04
1.052556818181818e+00,8.977272727272727e-01,1.997894831797150e-04
1.072443181818182e+00,8.977272727272727e-01,1.997894831797150e-04
1.092329545454545e+00,8.977272727272727e-01,1.997894831797150e-04
1.112215909090909e+00,8.977272727272727e-01,1.997894831797150e-04
1.132102272727273e+00,8.977272727272727e-01,1.997894831797150e-04
1.151988636363636e+00,8.977272727272727e-01,1.997894831797150e-04
1.171875000000000e+00,8.977272727272727e-01,1.997894831797150e-04
1.191761363636364e+00,8.977272727272727e-01,1.997894831797150e-04
1.211647727272727e+00,8.977272727272727e-01,1.997894831797150e-04
1.231534090909091e+00,8.977272727272727e-01,1.997894831797150e-04
1.251420454545455e+00,8.977272727272727e-01,1.997894831797150e-04
1.271306818181818e+00,8.977272727272727e-01,1.997894831797150e-04
1.291193181818182e+00,8.977272727272727e-01,1.997894831797150e-04
1.311079545454545e+00,8.977272727272727e-01,1.997894831797150e-04
1.330965909090909e+00,8.977272727272727e-01,1.997894831797150e-04
1.350852272727273e+00,8.977272727272727e-01,1.997894831797150e-04
1.370738636363636e+00,8.977272727272727e-01,1.997894831797150e-04
1.390625000000000e+00,8.977272727272727e-01,1.997894831797150e-04
1.410511363636364e+00,8.977272727272727e-01,1.997894831797150e-04
1.430397727272727e+00,8.977272727272727e-01,1.997894831797150e-04
1.450284090909091e+00,8.977272727272727e-01,1.997894831797150e-04
1.470170454545455e+00,8.977272727272727e-01,1.997894831797150e-04
1.490056818181818e+00,8.977272727272727e-01,1.997894831797150e-04
6.349431818181818e-01,9.204545454545454e-01,1.644675576514950e-04
6.548295454545454e-01,9.204545454545454e-01,1.644675576514950e-04
6.747159090909091e-01,9.204545454545454e-01,1.644675576514950e-04
6.946022727272727e-01,9.204545454545454e-01,1.644675576514950e-04
7.144886363636364e-01,9.204545454545454e-01,1.644675576514950e-04
7.343750000000000e-01,9.204545454545454e-01,1.644675576514950e-04
7.542613636363636e-01,9.204545454545454e-01,1.644675576514950e-04
7.741477272727273e-01,9.204545454545454e-01,1.644675576514950e-04
7.940340909090909e-01,9.204545454545454e-01,1.644675576514950e-04
8.139204545454546e-01,9.204545454545454e-01,1.644675576514950e-04
8.338068181818181e-01,9.204545454545454e-01,1.644675576514950e-04
8.536931818181819e-01,9.204545454545454e-01,1.644675576514950e-04
8.735795454545454e-01,9.204545454545454e-01,1.644675576514950e-04
8.934659090909092e-01,9.204545454545454e-01,1.644675576514950e-04
9.133522727272727e-01,9.204545454545454e-01,1.644675576514950e-04
9.332386363636364e-01,9.204545454545454e-01,1.644675576514950e-04
9.531250000000000e-01,9.204545454545454e-01,1.644675576514950e-04
9.730113636363636e-01,9.204545454545454e-01,1.644675576514950e-04
9.928977272727273e-01,9.204545454545454e-01,1.644675576514950e-04
1.012784090909091e+00,9.204545454545454e-01,1.644675576514950e-04
1.032670454545455e+00,9.204545454545454e-01,1.644675576514950e-04
1.052556818181818e+00,9.204545454545454e-01,1.644675576514950e-04
1.072443181818182e+00,9.204545454545454e-01,1.644675576514950e-04
1.092329545454545e+00,9.204545454545454e-01,1.644675576514950e-04
1.112215909090909e+00,9.204545454545454e-01,1.644675576514950e-04
1.132102272727273e+00,9.204545454545454e-01,1.644675576514950e-04
1.151988636363636e+00,9.204545454545454e-01,1.644675576514950e-04
1.171875000000000e+00,9.204545454545454e-01,1.644675576514950e-04
1.191761363636364e+00,9.204545454545454e-01,1.644675576514950e-04
1.211647727272727e+00,9.204545454545454e-01,1.644675576514950e-04
1.231534090909091e+00,9.204545454545454e-01,1.644675576514950e-04
1.251420454545455e+00,9.204545454545454e-01,1.644675576514950e-04
1.271306818181818e+00,9.204545454545454e-01,1.644675576514950e-04
1.291193181818182e+00,9.204545454545454e-01,1.644675576514950e-04
1.311079545454545e+00,9.204545454545454e-01,1.644675576514950e-04
1.330965909090909e+00,9.204545454545454e-01,1.644675576514950e-04
1.350852272727273e+00,9.204545454545454e-01,1.644675576514950e-04
1.370738636363636e+00,9.204545454545454e-01,1.644675576514950e-04
1.390625000000000e+00,9.204545454545454e-01,1.644675576514950e-04
1.410511363636364e+00,9.204545454545454e-01,1.644675576514950e-04
1.430397727272727e+00,9.204545454545454e-01,1.644675576514950e-04
1.450284090909091e+00,9.204545454545454e-01,1.644675576514950e-04
1.470170454545455e+00,9.204545454545454e-01,1.644675576514950e-04
1.490056818181818e+00,9.204545454545454e-01,1.644675576514950e-04
6.349431818181818e-01,9.431818181818182e-01,1.254328304593907e-04
6.548295454545454e-01,9.431818181818182e-01,1.254328304593907e-04
6.747159090909091e-01,9.431818181818182e-01,1.254328304593907e-04
6.946022727272727e-01,9.431818181818182e-01,1.254328304593907e-04
7.144886363636364e-01,9.431818181818182e-01,1.254328304593907e-04
7.343750000000000e-01,9.431818181818182e-01,1.254328304593907e-04
7.542613636363636e-01,9.431818181818182e-01,1.254328304593907e-04
7.741477272727273e-01,9.431818181818182e-01,1.254328304593907e-04
7.940340909090909e-01,9.431818181818182e-01,1.254328304593907e-04
8.139204545454546e-01,9.431818181818182e-01,1.254328304593907e-04
8.338068181818181e-01,9.431818181818182e-01,1.254328304593907e-04
8.536931818181819e-01,9.431818181818182e-01,1.254328304593907e-04
8.735795454545454e-01,9.431818181818182e-01,1.254328304593907e-04
8.934659090909092e-01,9.431818181818182e-01,1.254328304593907e-04
9.133522727272727e-01,9.431818181818182e-01,1.254328304593907e-04
9.332386363636364e-01,9.431818181818182e-01,1.254328304593907e-04
9.531250000000000e-01,9.431818181818182e-01,1.254328304593907e-04
9.730113636363636e-01,9.431818181818182e-01,1.254328304593907e-04
9.928977272727273e-01,9.431818181818182e-01,1.254328304593907e-04
1.012784090909091e+00,9.431818181818182e-01,1.254328304593907e-04
1.032670454545455e+00,9.431818181818182e-01,1.254328304593907e-04
1.052556818181818e+00,9.431818181818182e-01,1.254328304593907e-04
1.072443181818182e+00,9.431818181818182e-01,1.254328304593907e-04
1.092329545454545e+00,9.431818181818182e-01,1.254328304593907e-04
1.112215909090909e+00,9.431818181818182e-01,1.254328304593907e-04
1.132102272727273e+00,9.431818181818182e-01,1.254328304593907e-04
1.151988636363636e+00,9.431818181818182e-01,1.254328304593907e-04
1.171875000000000e+00,9.431818181818182e-01,1.254328304593907e-04
1.191761363636364e+00,9.431818181818182e-01,1.254328304593907e-04
1.211647727272727e+00,9.431818181818182e-01,1.254328304593907e-04
1.231534090909091e+00,9.431818181818182e-01,1.254328304593907e-04
1.251420454545455e+00,9.431818181818182e-01,1.254328304593907e-04
1.271306818181818e+00,9.431818181818182e-01,1.254328304593907e-04
1.291193181818182e+00,9.431818181818182e-01,1.254328304593907e-04
1.311079545454545e+00,9.431818181818182e-01,1.254328304593907e-04
1.330965909090909e+00,9.431818181818182e-01,1.254328304593907e-04
1.350852272727273e+00,9.431818181818182e-01,1.254328304593907e-04
1.370738636363636e+00,9.431818181818182e-01,1.254328304593907e-04
1.390625000000000e+00,9.431818181818182e-01,1.254328304593907e-04
1.410511363636364e+00,9.431818181818182e-01,1.254328304593907e-04
1.430397727272727e+00,9.431818181818182e-01,1.254328304593907e-04
1.450284090909091e+00,9.431818181818182e-01,1.254328304593907e-04
1.470170454545455e+00,9.431818181818182e-01,1.254328304593907e-04
1.490056818181818e+00,9.431818181818182e-01,1.254328304593907e-04
6.349431818181818e-01,9.659090909090909e-01,7.525969827563444e-05
6.548295454545454e-01,9.659090909090909e-01,7.525969827563444e-05
6.747159090909091e-01,9.659090909090909e-01,7.525969827563444e-05
6.946022727272727e-01,9.659090909090909e-01,7.525969827563444e-05
7.144886363636364e-01,9.659090909090909e-01,7.525969827563444e-05
7.343750000000000e-01,9.659090909090909e-01,7.525969827563444e-05
7.542613636363636e-01,9.659090909090909e-01,7.525969827563444e-05
7.741477272727273e-01,9.659090909090909e-01,7.525969827563444e-05
7.940340909090909e-01,9.659090909090909e-01,7.525969827563444e-05
8.139204545454546e-01,9.659090909090909e-01,7.525969827563444e-05
8.338068181818181e-01,9.659090909090909e-01,7.525969827563444e-05
8.536931818181819e-01,9.659090909090909e-01,7.525969827563444e-05
8.735795454545454e-01,9.659090909090909e-01,7.525969827563444e-05
8.934659090909092e-01,9.659090909090909e-01,7.525969827563444e-05
9.133522727272727e-01,9.659090909090909e-01,7.525969827563444e-05
9.332386363636364e-01,9.659090909090909e-01,7.525969827563444e-05
9.531250000000000e-01,9.659090909090909e-01,7.525969827563444e-05
9.730113636363636e-01,9.659090909090909e-01,7.525969827563444e-05
9.928977272727273e-01,9.659090909090909e-01,7.525969827563444e-05
1.012784090909091e+00,9.659090909090909e-01,7.525969827563444e-05
1.032670454545455e+00,9.659090909090909e-01,7.525969827563444e-05
1.052556818181818e+00,9.659090909090909e-01,7.525969827563444e-05
1.072443181818182e+00,9.659090909090909e-01,7.525969827563444e-05
1.092329545454545e+00,9.659090909090909e-01,7.525969827563444e-05
1.112215909090909e+00,9.659090909090909e-01,7.525969827563444e-05
1.132102272727273e+00,9.659090909090909e-01,7.525969827563444e-05
1.151988636363636e+00,9.659090909090909e-01,7.525969827563444e-05
1.171875000000000e+00,9.659090909090909e-01,7.525969827563444e-05
1.191761363636364e+00,9.659090909090909e-01,7.525969827563444e-05
1.211647727272727e+00,9.659090909090909e-01,7.525969827563444e-05
1.231534090909091e+00,9.659090909090909e-01,7.525969827563444e-05
1.251420454545455e+00,9.659090909090909e-01,7.525969827563444e-05
1.271306818181818e+00,9.659090909090909e-01,7.525969827563444e-05
1.291193181818182e+00,9.659090909090909e-01,7.525969827563444e-05
1.311079545454545e+00,9.659090909090909e-01,7.525969827563444e-05
1.330965909090909e+00,9.659090909090909e-01,7.525969827563444e-05
1.350852272727273e+00,9.659090909090909e-01,7.525969827563444e-05
1.370738636363636e+00,9.659090909090909e-01,7.525969827563444e-05
1.390625000000000e+00,9.659090909090909e-01,7.525969827563444e-05
1.410511363636364e+00,9.659090909090909e-01,7.525969827563444e-05
1.430397727272727e+00,9.659090909090909e-01,7.525969827563444e-05
1.450284090909091e+00,9.659090909090909e-01,7.525969827563444e-05
1.470170454545455e+00,9.659090909090909e-01,7.525969827563444e-05
1.490056818181818e+00,9.659090909090909e-01,7.525969827563444e-05
6.349431818181818e-01,9.886363636363636e-01,2.508656609187814e-05
6.548295454545454e-01,9.886363636363636e-01,2.508656609187814e-05
6.747159090909091e-01,9.886363636363636e-01,2.508656609187814e-05
6.946022727272727e-01,9.886363636363636e-01,2.508656609187814e-05
7.144886363636364e-01,9.886363636363636e-01,2.508656609187814e-05
7.343750000000000e-01,9.886363636363636e-01,2.508656609187814e-05
7.542613636363636e-01,9.886363636363636e-01,2.508656609187814e-05
7.741477272727273e-01,9.886363636363636e-01,2.508656609187814e-05
7.940340909090909e-01,9.886363636363636e-01,2.508656609187814e-05
8.139204545454546e-01,9.886363636363636e-01,2.508656609187814e-05
8.338068181818181e-01,9.886363636363636e-01,2.508656609187814e-05
8.536931818181819e-01,9.886363636363636e-01,2.508656609187814e-05
8.735795454545454e-01,9.886363636363636e-01,2.508656609187814e-05
8.934659090909092e-01,9.886363636363636e-01,2.508656609187814e-05
9.133522727272727e-01,9.886363636363636e-01,2.508656609187814e-05
9.332386363636364e-01,9.886363636363636e-01,2.508656609187814e-05
9.531250000000000e-01,9.886363636363636e-01,2.508656609187814e-05
9.730113636363636e-01,9.886363636363636e-01,2.508656609187814e-05
9.928977272727273e-01,9.886363636363636e-01,2.508656609187814e-05
1.012784090909091e+00,9.886363636363636e-01,2.508656609187814e-05
1.032670454545455e+00,9.886363636363636e-01,2.508656609187814e-05
1.052556818181818e+00,9.886363636363636e-01,2.508656609187814e-05
1.072443181818182e+00,9.886363636363636e-01,2.508656609187814e-05
1.092329545454545e+00,9.886363636363636e-01,2.508656609187814e-05
1.112215909090909e+00,9.886363636363636e-01,2.508656609187814e-05
1.132102272727273e+00,9.886363636363636e-01,2.508656609187814e-05
1.151988636363636e+00,9.886363636363636e-01,2.508656609187814e-05
1.171875000000000e+00,9.886363636363636e-01,2.508656609187814e-05
1.191761363636364e+00,9.886363636363636e-01,2.508656609187814e-05
1.211647727272727e+00,9.886363636363636e-01,2.508656609187814e-05
1.231534090909091e+00,9.886363636363636e-01,2.508656609187814e-05
1.251420454545455e+00,9.886363636363636e-01,2.508656609187814e-05
1.271306818181818e+00,9.886363636363636e-01,2.508656609187814e-05
1.291193181818182e+00,9.886363636363636e-01,2.508656609187814e-05
1.311079545454545e+00,9.886363636363636e-01,2.508656609187814e-05
1.330965909090909e+00,9.886363636363636e-01,2.508656609187814e-05
1.350852272727273e+00,9.886363636363636e-01,2.508656609187814e-05
1.370738636363636e+00,9.886363636363636e-01,2.508656609187814e-05
1.390625000000000e+00,9.886363636363636e-01,2.508656609187814e-05
1.410511363636364e+00,9.886363636363636e-01,2.508656609187814e-05
1.430397727272727e+00,9.886363636363636e-01,2.508656609187814e-05
1.450284090909091e+00,9.886363636363636e-01,2.508656609187814e-05
1.470170454545455e+00,9.886363636363636e-01,2.508656609187814e-05
1.490056818181818e+00,9.886363636363636e-01,2.508656609187814e-05
