x,y,u
7.102272727272727e-03,1.136363636363636e-02,9.331378291251759e-04
2.130681818181818e-02,1.136363636363636e-02,9.331378291251762e-04
3.551136363636364e-02,1.136363636363636e-02,9.331378291251759e-04
4.971590909090909e-02,1.136363636363636e-02,9.331378291251764e-04
6.392045454545454e-02,1.136363636363636e-02,9.331378291251764e-04
7.812500000000000e-02,1.136363636363636e-02,9.331378291251764e-04
9.232954545454546e-02,1.136363636363636e-02,9.331378291251764e-04
1.065340909090909e-01,1.136363636363636e-02,9.331378291251764e-04
1.207386363636364e-01,1.136363636363636e-02,8.751529765518606e-04
1.349431818181818e-01,1.136363636363636e-02,8.403620650078711e-04
1.491477272727273e-01,1.136363636363636e-02,8.403620650078711e-04
1.633522727272727e-01,1.136363636363636e-02,8.403620650078711e-04
1.775568181818182e-01,1.136363636363636e-02,8.403620650078711e-04
1.917613636363636e-01,1.136363636363636e-02,8.403620650078711e-04
2.059659090909091e-01,1.136363636363636e-02,8.403620650078711e-04
2.201704545454546e-01,1.136363636363636e-02,8.403620650078711e-04
2.343750000000000e-01,1.136363636363636e-02,8.403620650078711e-04
2.485795454545454e-01,1.136363636363636e-02,6.088579926476370e-04
2.627840909090909e-01,1.136363636363636e-02,5.757859823104603e-04
2.769886363636364e-01,1.136363636363636e-02,5.757859823104603e-04
2.911931818181818e-01,1.136363636363636e-02,5.757859823104603e-04
3.053977272727273e-01,1.136363636363636e-02,5.757859823104603e-04
3.196022727272727e-01,1.136363636363636e-02,5.757859823104603e-04
3.338068181818182e-01,1.136363636363636e-02,5.757859823104603e-04
3.480113636363636e-01,1.136363636363636e-02,5.757859823104603e-04
3.622159090909091e-01,1.136363636363636e-02,5.757859823104603e-04
3.764204545454545e-01,1.136363636363636e-02,2.553873471308237e-04
3.906250000000000e-01,1.136363636363636e-02,2.553873471308237e-04
4.048295454545455e-01,1.136363636363636e-02,2.553873471308237e-04
4.190340909090909e-01,1.136363636363636e-02,2.553873471308237e-04
4.332386363636364e-01,1.136363636363636e-02,2.553873471308237e-04
4.474431818181818e-01,1.136363636363636e-02,2.553873471308237e-04
4.616477272727273e-01,1.136363636363636e-02,2.553873471308237e-04
4.758522727272727e-01,1.136363636363636e-02,2.553873471308237e-04
4.900568181818182e-01,1.136363636363636e-02,2.234639287394708e-04
5.042613636363636e-01,1.136363636363636e-02,0.000000000000000e+00
5.184659090909091e-01,1.136363636363636e-02,0.000000000000000e+00
5.326704545454546e-01,1.136363636363636e-02,0.000000000000000e+00
5.468750000000000e-01,1.136363636363636e-02,0.000000000000000e+00
5.610795454545454e-01,1.136363636363636e-02,0.000000000000000e+00
5.752840909090909e-01,1.136363636363636e-02,0.000000000000000e+00
5.894886363636364e-01,1.136363636363636e-02,0.000000000000000e+00
6.036931818181818e-01,1.136363636363636e-02,0.000000000000000e+00
6.178977272727273e-01,1.136363636363636e-02,-1.921476896045296e-06
7.102272727272727e-03,3.409090909090909e-02,2.799413487375528e-03
2.130681818181818e-02,3.409090909090909e-02,2.799413487375528e-03
3.551136363636364e-02,3.409090909090909e-02,2.799413487375529e-03
4.971590909090909e-02,3.409090909090909e-02,2.799413487375528e-03
6.392045454545454e-02,3.409090909090909e-02,2.799413487375528e-03
7.812500000000000e-02,3.409090909090909e-02,2.799413487375528e-03
9.232954545454546e-02,3.409090909090909e-02,2.787816516860865e-03
1.065340909090909e-01,3.409090909090909e-02,2.671846811714233e-03
1.207386363636364e-01,3.409090909090909e-02,2.555877106567602e-03
1.349431818181818e-01,3.409090909090909e-02,2.521086195023612e-03
1.491477272727273e-01,3.409090909090909e-02,2.521086195023612e-03
1.633522727272727e-01,3.409090909090909e-02,2.521086195023612e-03
1.775568181818182e-01,3.409090909090909e-02,2.521086195023612e-03
1.917613636363636e-01,3.409090909090909e-02,2.521086195023612e-03
2.059659090909091e-01,3.409090909090909e-02,2.521086195023612e-03
2.201704545454546e-01,3.409090909090909e-02,2.421870164012083e-03
2.343750000000000e-01,3.409090909090909e-02,2.091150060640320e-03
2.485795454545454e-01,3.409090909090909e-02,1.760429957268557e-03
2.627840909090909e-01,3.409090909090909e-02,1.727357946931380e-03
2.769886363636364e-01,3.409090909090909e-02,1.727357946931380e-03
2.911931818181818e-01,3.409090909090909e-02,1.727357946931380e-03
3.053977272727273e-01,3.409090909090909e-02,1.727357946931380e-03
3.196022727272727e-01,3.409090909090909e-02,1.727357946931380e-03
3.338068181818182e-01,3.409090909090909e-02,1.727357946931380e-03
3.480113636363636e-01,3.409090909090909e-02,1.527108799944107e-03
3.622159090909091e-01,3.409090909090909e-02,1.126610505969561e-03
3.764204545454545e-01,3.409090909090909e-02,7.661620413924709e-04
3.906250000000000e-01,3.409090909090909e-02,7.661620413924709e-04
4.048295454545455e-01,3.409090909090909e-02,7.661620413924709e-04
4.190340909090909e-01,3.409090909090909e-02,7.661620413924709e-04
4.332386363636364e-01,3.409090909090909e-02,7.661620413924709e-04
4.474431818181818e-01,3.409090909090909e-02,7.661620413924709e-04
4.616477272727273e-01,3.409090909090909e-02,7.661620413924709e-04
4.758522727272727e-01,3.409090909090909e-02,5.426981126530007e-04
4.900568181818182e-01,3.409090909090909e-02,2.234639287394708e-04
5.042613636363636e-01,3.409090909090909e-02,0.000000000000000e+00
5.184659090909091e-01,3.409090909090909e-02,0.000000000000000e+00
5.326704545454546e-01,3.409090909090909e-02,0.000000000000000e+00
5.468750000000000e-01,3.409090909090909e-02,0.000000000000000e+00
5.610795454545454e-01,3.409090909090909e-02,0.000000000000000e+00
5.752840909090909e-01,3.409090909090909e-02,0.000000000000000e+00
5.894886363636364e-01,3.409090909090909e-02,0.000000000000000e+00
6.036931818181818e-01,3.409090909090909e-02,-5.764430688135831e-06
6.178977272727273e-01,3.409090909090909e-02,-1.216935367495348e-05
7.102272727272727e-03,5.681818181818182e-02,4.665689145625882e-03
2.130681818181818e-02,5.681818181818182e-02,4.665689145625881e-03
3.551136363636364e-02,5.681818181818182e-02,4.665689145625882e-03
4.971590909090909e-02,5.681818181818182e-02,4.665689145625881e-03
6.392045454545454e-02,5.681818181818182e-02,4.665689145625881e-03
7.812500000000000e-02,5.681818181818182e-02,4.584510352023239e-03
9.232954545454546e-02,5.681818181818182e-02,4.468540646876608e-03
1.065340909090909e-01,5.681818181818182e-02,4.352570941729976e-03
1.207386363636364e-01,5.681818181818182e-02,4.236601236583344e-03
1.349431818181818e-01,5.681818181818182e-02,4.201810325039355e-03
1.491477272727273e-01,5.681818181818182e-02,4.201810325039355e-03
1.633522727272727e-01,5.681818181818182e-02,4.201810325039355e-03
1.775568181818182e-01,5.681818181818182e-02,4.201810325039355e-03
1.917613636363636e-01,5.681818181818182e-02,4.201810325039355e-03
2.059659090909091e-01,5.681818181818182e-02,3.904162232004767e-03
2.201704545454546e-01,5.681818181818182e-02,3.573442128633004e-03
2.343750000000000e-01,5.681818181818182e-02,3.242722025261241e-03
2.485795454545454e-01,5.681818181818182e-02,2.912001921889478e-03
2.627840909090909e-01,5.681818181818182e-02,2.878929911552301e-03
2.769886363636364e-01,5.681818181818182e-02,2.878929911552301e-03
2.911931818181818e-01,5.681818181818182e-02,2.878929911552301e-03
3.053977272727273e-01,5.681818181818182e-02,2.878929911552301e-03
3.196022727272727e-01,5.681818181818182e-02,2.838880082154847e-03
3.338068181818182e-01,5.681818181818182e-02,2.438381788180301e-03
3.480113636363636e-01,5.681818181818182e-02,2.037883494205755e-03
3.622159090909091e-01,5.681818181818182e-02,1.637385200231209e-03
3.764204545454545e-01,5.681818181818182e-02,1.276936735654118e-03
3.906250000000000e-01,5.681818181818182e-02,1.276936735654118e-03
4.048295454545455e-01,5.681818181818182e-02,1.276936735654118e-03
4.190340909090909e-01,5.681818181818182e-02,1.276936735654118e-03
4.332386363636364e-01,5.681818181818182e-02,1.276936735654118e-03
4.474431818181818e-01,5.681818181818182e-02,1.181166480480059e-03
4.616477272727273e-01,5.681818181818182e-02,8.619322965665293e-04
4.758522727272727e-01,5.681818181818182e-02,5.426981126530007e-04
4.900568181818182e-01,5.681818181818182e-02,2.234639287394708e-04
5.042613636363636e-01,5.681818181818182e-02,0.000000000000000e+00
5.184659090909091e-01,5.681818181818182e-02,0.000000000000000e+00
5.326704545454546e-01,5.681818181818182e-02,0.000000000000000e+00
5.468750000000000e-01,5.681818181818182e-02,0.000000000000000e+00
5.610795454545454e-01,5.681818181818182e-02,0.000000000000000e+00
5.752840909090909e-01,5.681818181818182e-02,-3.202461493408824e-06
5.894886363636364e-01,5.681818181818182e-02,-9.607384480226422e-06
6.036931818181818e-01,5.681818181818182e-02,-1.601230746704402e-05
6.178977272727273e-01,5.681818181818182e-02,-2.241723045386167e-05
7.102272727272727e-03,7.954545454545454e-02,6.531964803876232e-03
2.130681818181818e-02,7.954545454545454e-02,6.531964803876232e-03
3.551136363636364e-02,7.954545454545454e-02,6.531964803876232e-03
4.971590909090909e-02,7.954545454545454e-02,6.497173892332243e-03
6.392045454545454e-02,7.954545454545454e-02,6.381204187185612e-03
7.812500000000000e-02,7.954545454545454e-02,6.265234482038980e-03
9.232954545454546e-02,7.954545454545454e-02,6.149264776892349e-03
1.065340909090909e-01,7.954545454545454e-02,6.033295071745717e-03
1.207386363636364e-01,7.954545454545454e-02,5.917325366599085e-03
1.349431818181818e-01,7.954545454545454e-02,5.882534455055096e-03
1.491477272727273e-01,7.954545454545454e-02,5.882534455055096e-03
1.633522727272727e-01,7.954545454545454e-02,5.882534455055096e-03
1.775568181818182e-01,7.954545454545454e-02,5.717174403369215e-03
1.917613636363636e-01,7.954545454545454e-02,5.386454299997450e-03
2.059659090909091e-01,7.954545454545454e-02,5.055734196625687e-03
2.201704545454546e-01,7.954545454545454e-02,4.725014093253923e-03
2.343750000000000e-01,7.954545454545454e-02,4.394293989882161e-03
2.485795454545454e-01,7.954545454545454e-02,4.063573886510397e-03
2.627840909090909e-01,7.954545454545454e-02,4.030501876173221e-03
2.769886363636364e-01,7.954545454545454e-02,4.030501876173221e-03
2.911931818181818e-01,7.954545454545454e-02,4.030501876173221e-03
3.053977272727273e-01,7.954545454545454e-02,3.750153070391039e-03
3.196022727272727e-01,7.954545454545454e-02,3.349654776416494e-03
3.338068181818182e-01,7.954545454545454e-02,2.949156482441948e-03
3.480113636363636e-01,7.954545454545454e-02,2.548658188467402e-03
3.622159090909091e-01,7.954545454545454e-02,2.148159894492856e-03
3.764204545454545e-01,7.954545454545454e-02,1.787711429915766e-03
3.906250000000000e-01,7.954545454545454e-02,1.787711429915766e-03
4.048295454545455e-01,7.954545454545454e-02,1.787711429915766e-03
4.190340909090909e-01,7.954545454545454e-02,1.787711429915766e-03
4.332386363636364e-01,7.954545454545454e-02,1.500400664393589e-03
4.474431818181818e-01,7.954545454545454e-02,1.181166480480059e-03
4.616477272727273e-01,7.954545454545454e-02,8.619322965665293e-04
4.758522727272727e-01,7.954545454545454e-02,5.426981126530007e-04
4.900568181818182e-01,7.954545454545454e-02,2.234639287394708e-04
5.042613636363636e-01,7.954545454545454e-02,0.000000000000000e+00
5.184659090909091e-01,7.954545454545454e-02,0.000000000000000e+00
5.326704545454546e-01,7.954545454545454e-02,0.000000000000000e+00
5.468750000000000e-01,7.954545454545454e-02,-6.404922986817611e-07
5.610795454545454e-01,7.954545454545454e-02,-7.045415285499360e-06
5.752840909090909e-01,7.954545454545454e-02,-1.345033827231701e-05
5.894886363636364e-01,7.954545454545454e-02,-1.985526125913461e-05
6.036931818181818e-01,7.954545454545454e-02,-2.626018424595220e-05
6.178977272727273e-01,7.954545454545454e-02,-3.266510723276985e-05
7.102272727272727e-03,1.022727272727273e-01,8.398240462126585e-03
2.130681818181818e-02,1.022727272727273e-01,8.398240462126585e-03
3.551136363636364e-02,1.022727272727273e-01,8.293867727494617e-03
4.971590909090909e-02,1.022727272727273e-01,8.177898022347986e-03
6.392045454545454e-02,1.022727272727273e-01,8.061928317201355e-03
7.812500000000000e-02,1.022727272727273e-01,7.945958612054722e-03
9.232954545454546e-02,1.022727272727273e-01,7.829988906908090e-03
1.065340909090909e-01,1.022727272727273e-01,7.714019201761460e-03
1.207386363636364e-01,1.022727272727273e-01,7.598049496614828e-03
1.349431818181818e-01,1.022727272727273e-01,7.563258585070839e-03
1.491477272727273e-01,1.022727272727273e-01,7.530186574733662e-03
1.633522727272727e-01,1.022727272727273e-01,7.199466471361898e-03
1.775568181818182e-01,1.022727272727273e-01,6.868746367990135e-03
1.917613636363636e-01,1.022727272727273e-01,6.538026264618371e-03
2.059659090909091e-01,1.022727272727273e-01,6.207306161246608e-03
2.201704545454546e-01,1.022727272727273e-01,5.876586057874845e-03
2.343750000000000e-01,1.022727272727273e-01,5.545865954503081e-03
2.485795454545454e-01,1.022727272727273e-01,5.215145851131318e-03
2.627840909090909e-01,1.022727272727273e-01,5.182073840794141e-03
2.769886363636364e-01,1.022727272727273e-01,5.061924352601778e-03
2.911931818181818e-01,1.022727272727273e-01,4.661426058627232e-03
3.053977272727273e-01,1.022727272727273e-01,4.260927764652686e-03
3.196022727272727e-01,1.022727272727273e-01,3.860429470678141e-03
3.338068181818182e-01,1.022727272727273e-01,3.459931176703596e-03
3.480113636363636e-01,1.022727272727273e-01,3.059432882729050e-03
3.622159090909091e-01,1.022727272727273e-01,2.658934588754503e-03
3.764204545454545e-01,1.022727272727273e-01,2.298486124177413e-03
3.906250000000000e-01,1.022727272727273e-01,2.298486124177413e-03
4.048295454545455e-01,1.022727272727273e-01,2.138869032220648e-03
4.190340909090909e-01,1.022727272727273e-01,1.819634848307119e-03
4.332386363636364e-01,1.022727272727273e-01,1.500400664393589e-03
4.474431818181818e-01,1.022727272727273e-01,1.181166480480059e-03
4.616477272727273e-01,1.022727272727273e-01,8.619322965665293e-04
4.758522727272727e-01,1.022727272727273e-01,5.426981126530007e-04
4.900568181818182e-01,1.022727272727273e-01,2.234639287394708e-04
5.042613636363636e-01,1.022727272727273e-01,0.000000000000000e+00
5.184659090909091e-01,1.022727272727273e-01,0.000000000000000e+00
5.326704545454546e-01,1.022727272727273e-01,-4.483446090772353e-06
5.468750000000000e-01,1.022727272727273e-01,-1.088836907758995e-05
5.610795454545454e-01,1.022727272727273e-01,-1.729329206440755e-05
5.752840909090909e-01,1.022727272727273e-01,-2.369821505122520e-05
5.894886363636364e-01,1.022727272727273e-01,-3.010313803804279e-05
6.036931818181818e-01,1.022727272727273e-01,-3.650806102486039e-05
6.178977272727273e-01,1.022727272727273e-01,-4.291298401167804e-05
7.102272727272727e-03,1.250000000000000e-01,1.020653126780362e-02
2.130681818181818e-02,1.250000000000000e-01,1.009056156265699e-02
3.551136363636364e-02,1.250000000000000e-01,9.974591857510358e-03
4.971590909090909e-02,1.250000000000000e-01,9.858622152363727e-03
6.392045454545454e-02,1.250000000000000e-01,9.742652447217096e-03
7.812500000000000e-02,1.250000000000000e-01,9.626682742070463e-03
9.232954545454546e-02,1.250000000000000e-01,9.510713036923833e-03
1.065340909090909e-01,1.250000000000000e-01,9.394743331777202e-03
1.207386363636364e-01,1.250000000000000e-01,9.278773626630569e-03
1.349431818181818e-01,1.250000000000000e-01,9.012478642726345e-03
1.491477272727273e-01,1.250000000000000e-01,8.681758539354583e-03
1.633522727272727e-01,1.250000000000000e-01,8.351038435982817e-03
1.775568181818182e-01,1.250000000000000e-01,8.020318332611055e-03
1.917613636363636e-01,1.250000000000000e-01,7.689598229239291e-03
2.059659090909091e-01,1.250000000000000e-01,7.358878125867528e-03
2.201704545454546e-01,1.250000000000000e-01,7.028158022495765e-03
2.343750000000000e-01,1.250000000000000e-01,6.697437919124001e-03
2.485795454545454e-01,1.250000000000000e-01,6.366717815752238e-03
2.627840909090909e-01,1.250000000000000e-01,5.973197340837971e-03
2.769886363636364e-01,1.250000000000000e-01,5.572699046863425e-03
2.911931818181818e-01,1.250000000000000e-01,5.172200752888880e-03
3.053977272727273e-01,1.250000000000000e-01,4.771702458914333e-03
3.196022727272727e-01,1.250000000000000e-01,4.371204164939788e-03
3.338068181818182e-01,1.250000000000000e-01,3.970705870965242e-03
3.480113636363636e-01,1.250000000000000e-01,3.570207576990696e-03
3.622159090909091e-01,1.250000000000000e-01,3.169709283016151e-03
3.764204545454545e-01,1.250000000000000e-01,2.777337400047708e-03
3.906250000000000e-01,1.250000000000000e-01,2.458103216134178e-03
4.048295454545455e-01,1.250000000000000e-01,2.138869032220648e-03
4.190340909090909e-01,1.250000000000000e-01,1.819634848307119e-03
4.332386363636364e-01,1.250000000000000e-01,1.500400664393589e-03
4.474431818181818e-01,1.250000000000000e-01,1.181166480480059e-03
4.616477272727273e-01,1.250000000000000e-01,8.619322965665293e-04
4.758522727272727e-01,1.250000000000000e-01,5.426981126530007e-04
4.900568181818182e-01,1.250000000000000e-01,2.234639287394708e-04
5.042613636363636e-01,1.250000000000000e-01,-1.921476896045289e-06
5.184659090909091e-01,1.250000000000000e-01,-8.326399882862888e-06
5.326704545454546e-01,1.250000000000000e-01,-1.473132286968054e-05
5.468750000000000e-01,1.250000000000000e-01,-2.113624585649813e-05
5.610795454545454e-01,1.250000000000000e-01,-2.754116884331573e-05
5.752840909090909e-01,1.250000000000000e-01,-3.394609183013338e-05
5.894886363636364e-01,1.250000000000000e-01,-4.035101481695098e-05
6.036931818181818e-01,1.250000000000000e-01,-4.675593780376858e-05
6.178977272727273e-01,1.250000000000000e-01,-5.316086079058623e-05
7.102272727272727e-03,1.477272727272727e-01,1.209237460925931e-02
2.130681818181818e-02,1.477272727272727e-01,1.197640490411267e-02
3.551136363636364e-02,1.477272727272727e-01,1.186043519896604e-02
4.971590909090909e-02,1.477272727272727e-01,1.174446549381941e-02
6.392045454545454e-02,1.477272727272727e-01,1.162849578867278e-02
7.812500000000000e-02,1.477272727272727e-01,1.151252608352615e-02
9.232954545454546e-02,1.477272727272727e-01,1.139655637837952e-02
1.065340909090909e-01,1.477272727272727e-01,1.125388395670078e-02
1.207386363636364e-01,1.477272727272727e-01,1.104890519644711e-02
1.349431818181818e-01,1.477272727272727e-01,1.075590749601078e-02
1.491477272727273e-01,1.477272727272727e-01,1.042518739263902e-02
1.633522727272727e-01,1.477272727272727e-01,1.009446728926725e-02
1.775568181818182e-01,1.477272727272727e-01,9.763747185895490e-03
1.917613636363636e-01,1.477272727272727e-01,9.433027082523726e-03
2.059659090909091e-01,1.477272727272727e-01,9.102306979151964e-03
2.201704545454546e-01,1.477272727272727e-01,8.771586875780200e-03
2.343750000000000e-01,1.477272727272727e-01,8.315776421262262e-03
2.485795454545454e-01,1.477272727272727e-01,7.734875615598148e-03
2.627840909090909e-01,1.477272727272727e-01,7.316337070454646e-03
2.769886363636364e-01,1.477272727272727e-01,6.915838776480101e-03
2.911931818181818e-01,1.477272727272727e-01,6.515340482505554e-03
3.053977272727273e-01,1.477272727272727e-01,6.114842188531008e-03
3.196022727272727e-01,1.477272727272727e-01,5.714343894556464e-03
3.338068181818182e-01,1.477272727272727e-01,5.313845600581918e-03
3.480113636363636e-01,1.477272727272727e-01,4.913347306607372e-03
3.622159090909091e-01,1.477272727272727e-01,4.249773371173655e-03
3.764204545454545e-01,1.477272727272727e-01,3.519161377757710e-03
3.906250000000000e-01,1.477272727272727e-01,3.199927193844180e-03
4.048295454545455e-01,1.477272727272727e-01,2.880693009930650e-03
4.190340909090909e-01,1.477272727272727e-01,2.561458826017122e-03
4.332386363636364e-01,1.477272727272727e-01,2.242224642103592e-03
4.474431818181818e-01,1.477272727272727e-01,1.922990458190062e-03
4.616477272727273e-01,1.477272727272727e-01,1.603756274276532e-03
4.758522727272727e-01,1.477272727272727e-01,1.284522090363003e-03
4.900568181818182e-01,1.477272727272727e-01,5.480119189875970e-04
5.042613636363636e-01,1.477272727272727e-01,-1.921476896045289e-06
5.184659090909091e-01,1.477272727272727e-01,-8.326399882862888e-06
5.326704545454546e-01,1.477272727272727e-01,-1.473132286968054e-05
5.468750000000000e-01,1.477272727272727e-01,-2.113624585649813e-05
5.610795454545454e-01,1.477272727272727e-01,-2.754116884331573e-05
5.752840909090909e-01,1.477272727272727e-01,-3.394609183013338e-05
5.894886363636364e-01,1.477272727272727e-01,-4.035101481695098e-05
6.036931818181818e-01,1.477272727272727e-01,-4.646551755673496e-05
6.178977272727273e-01,1.477272727272727e-01,-4.996623807321632e-05
7.102272727272727e-03,1.704545454545454e-01,1.397821795071499e-02
2.130681818181818e-02,1.704545454545454e-01,1.386224824556836e-02
3.551136363636364e-02,1.704545454545454e-01,1.374627854042173e-02
4.971590909090909e-02,1.704545454545454e-01,1.363030883527510e-02
6.392045454545454e-02,1.704545454545454e-01,1.351433913012846e-02
7.812500000000000e-02,1.704545454545454e-01,1.339836942498183e-02
9.232954545454546e-02,1.704545454545454e-01,1.320229157023887e-02
1.065340909090909e-01,1.704545454545454e-01,1.299731280998521e-02
1.207386363636364e-01,1.704545454545454e-01,1.279233404973154e-02
1.349431818181818e-01,1.704545454545454e-01,1.249933634929521e-02
1.491477272727273e-01,1.704545454545454e-01,1.216861624592345e-02
1.633522727272727e-01,1.704545454545454e-01,1.183789614255169e-02
1.775568181818182e-01,1.704545454545454e-01,1.150717603917992e-02
1.917613636363636e-01,1.704545454545454e-01,1.117645593580816e-02
2.059659090909091e-01,1.704545454545454e-01,1.082071776220716e-02
2.201704545454546e-01,1.704545454545454e-01,1.023981695654305e-02
2.343750000000000e-01,1.704545454545454e-01,9.658916150878934e-03
2.485795454545454e-01,1.704545454545454e-01,9.078015345214822e-03
2.627840909090909e-01,1.704545454545454e-01,8.659476800071319e-03
2.769886363636364e-01,1.704545454545454e-01,8.258978506096774e-03
2.911931818181818e-01,1.704545454545454e-01,7.858480212122227e-03
3.053977272727273e-01,1.704545454545454e-01,7.457981918147682e-03
3.196022727272727e-01,1.704545454545454e-01,7.057483624173137e-03
3.338068181818182e-01,1.704545454545454e-01,6.544238626716090e-03
3.480113636363636e-01,1.704545454545454e-01,5.767917987799874e-03
3.622159090909091e-01,1.704545454545454e-01,4.991597348883657e-03
3.764204545454545e-01,1.704545454545454e-01,4.260985355467712e-03
3.906250000000000e-01,1.704545454545454e-01,3.941751171554182e-03
4.048295454545455e-01,1.704545454545454e-01,3.622516987640652e-03
4.190340909090909e-01,1.704545454545454e-01,3.303282803727123e-03
4.332386363636364e-01,1.704545454545454e-01,2.984048619813593e-03
4.474431818181818e-01,1.704545454545454e-01,2.664814435900064e-03
4.616477272727273e-01,1.704545454545454e-01,2.113760258952158e-03
4.758522727272727e-01,1.704545454545454e-01,1.330886088969879e-03
4.900568181818182e-01,1.704545454545454e-01,5.480119189875970e-04
5.042613636363636e-01,1.704545454545454e-01,-1.921476896045289e-06
5.184659090909091e-01,1.704545454545454e-01,-8.326399882862888e-06
5.326704545454546e-01,1.704545454545454e-01,-1.473132286968054e-05
5.468750000000000e-01,1.704545454545454e-01,-2.113624585649813e-05
5.610795454545454e-01,1.704545454545454e-01,-2.754116884331573e-05
5.752840909090909e-01,1.704545454545454e-01,-3.394609183013338e-05
5.894886363636364e-01,1.704545454545454e-01,-3.831807308771560e-05
6.036931818181818e-01,1.704545454545454e-01,-4.181879360419692e-05
6.178977272727273e-01,1.704545454545454e-01,-4.531951412067829e-05
7.102272727272727e-03,1.931818181818182e-01,1.586406129217068e-02
2.130681818181818e-02,1.931818181818182e-01,1.574809158702404e-02
3.551136363636364e-02,1.931818181818182e-01,1.563212188187741e-02
4.971590909090909e-02,1.931818181818182e-01,1.551615217673078e-02
6.392045454545454e-02,1.931818181818182e-01,1.535567794403063e-02
7.812500000000000e-02,1.931818181818182e-01,1.515069918377697e-02
9.232954545454546e-02,1.931818181818182e-01,1.494572042352331e-02
1.065340909090909e-01,1.931818181818182e-01,1.474074166326964e-02
1.207386363636364e-01,1.931818181818182e-01,1.453576290301598e-02
1.349431818181818e-01,1.931818181818182e-01,1.424276520257965e-02
1.491477272727273e-01,1.931818181818182e-01,1.391204509920788e-02
1.633522727272727e-01,1.931818181818182e-01,1.358132499583612e-02
1.775568181818182e-01,1.931818181818182e-01,1.325060489246436e-02
1.917613636363636e-01,1.931818181818182e-01,1.274475829748795e-02
2.059659090909091e-01,1.931818181818182e-01,1.216385749182384e-02
2.201704545454546e-01,1.931818181818182e-01,1.158295668615972e-02
2.343750000000000e-01,1.931818181818182e-01,1.100205588049561e-02
2.485795454545454e-01,1.931818181818182e-01,1.042115507483150e-02
2.627840909090909e-01,1.931818181818182e-01,1.000261652968799e-02
2.769886363636364e-01,1.931818181818182e-01,9.602118235713449e-03
2.911931818181818e-01,1.931818181818182e-01,9.201619941738903e-03
3.053977272727273e-01,1.931818181818182e-01,8.801121647764356e-03
3.196022727272727e-01,1.931818181818182e-01,8.062383243342309e-03
3.338068181818182e-01,1.931818181818182e-01,7.286062604426093e-03
3.480113636363636e-01,1.931818181818182e-01,6.509741965509876e-03
3.622159090909091e-01,1.931818181818182e-01,5.733421326593660e-03
3.764204545454545e-01,1.931818181818182e-01,5.002809333177715e-03
3.906250000000000e-01,1.931818181818182e-01,4.683575149264185e-03
4.048295454545455e-01,1.931818181818182e-01,4.364340965350655e-03
4.190340909090909e-01,1.931818181818182e-01,4.045106781437127e-03
4.332386363636364e-01,1.931818181818182e-01,3.679508598916722e-03
4.474431818181818e-01,1.931818181818182e-01,2.896634428934440e-03
4.616477272727273e-01,1.931818181818182e-01,2.113760258952158e-03
4.758522727272727e-01,1.931818181818182e-01,1.330886088969879e-03
4.900568181818182e-01,1.931818181818182e-01,5.480119189875970e-04
5.042613636363636e-01,1.931818181818182e-01,-1.921476896045289e-06
5.184659090909091e-01,1.931818181818182e-01,-8.326399882862888e-06
5.326704545454546e-01,1.931818181818182e-01,-1.473132286968054e-05
5.468750000000000e-01,1.931818181818182e-01,-2.113624585649813e-05
5.610795454545454e-01,1.931818181818182e-01,-2.666990810221486e-05
5.752840909090909e-01,1.931818181818182e-01,-3.017062861869622e-05
5.894886363636364e-01,1.931818181818182e-01,-3.367134913517755e-05
6.036931818181818e-01,1.931818181818182e-01,-3.717206965165887e-05
6.178977272727273e-01,1.931818181818182e-01,-4.067279016814024e-05
7.102272727272727e-03,2.159090909090909e-01,1.774990463362636e-02
2.130681818181818e-02,2.159090909090909e-01,1.763393492847973e-02
3.551136363636364e-02,2.159090909090909e-01,1.750906431782239e-02
4.971590909090909e-02,2.159090909090909e-01,1.730408555756873e-02
6.392045454545454e-02,2.159090909090909e-01,1.709910679731507e-02
7.812500000000000e-02,2.159090909090909e-01,1.689412803706140e-02
9.232954545454546e-02,2.159090909090909e-01,1.668914927680774e-02
1.065340909090909e-01,2.159090909090909e-01,1.648417051655408e-02
1.207386363636364e-01,2.159090909090909e-01,1.627919175630042e-02
1.349431818181818e-01,2.159090909090909e-01,1.598619405586408e-02
1.491477272727273e-01,2.159090909090909e-01,1.565547395249232e-02
1.633522727272727e-01,2.159090909090909e-01,1.524969963843285e-02
1.775568181818182e-01,2.159090909090909e-01,1.466879883276874e-02
1.917613636363636e-01,2.159090909090909e-01,1.408789802710462e-02
2.059659090909091e-01,2.159090909090909e-01,1.350699722144051e-02
2.201704545454546e-01,2.159090909090909e-01,1.292609641577640e-02
2.343750000000000e-01,2.159090909090909e-01,1.234519561011229e-02
2.485795454545454e-01,2.159090909090909e-01,1.176429480444817e-02
2.627840909090909e-01,2.159090909090909e-01,1.134575625930467e-02
2.769886363636364e-01,2.159090909090909e-01,1.094525796533012e-02
2.911931818181818e-01,2.159090909090909e-01,1.035684849888474e-02
3.053977272727273e-01,2.159090909090909e-01,9.580527859968525e-03
3.196022727272727e-01,2.159090909090909e-01,8.804207221052313e-03
3.338068181818182e-01,2.159090909090909e-01,8.027886582136096e-03
3.480113636363636e-01,2.159090909090909e-01,7.251565943219879e-03
3.622159090909091e-01,2.159090909090909e-01,6.475245304303663e-03
3.764204545454545e-01,2.159090909090909e-01,5.744633310887717e-03
3.906250000000000e-01,2.159090909090909e-01,5.425399126974187e-03
4.048295454545455e-01,2.159090909090909e-01,5.106164943060657e-03
4.190340909090909e-01,2.159090909090909e-01,4.462382768899003e-03
4.332386363636364e-01,2.159090909090909e-01,3.679508598916722e-03
4.474431818181818e-01,2.159090909090909e-01,2.896634428934440e-03
4.616477272727273e-01,2.159090909090909e-01,2.113760258952158e-03
4.758522727272727e-01,2.159090909090909e-01,1.330886088969879e-03
4.900568181818182e-01,2.159090909090909e-01,5.480119189875970e-04
5.042613636363636e-01,2.159090909090909e-01,-1.921476896045289e-06
5.184659090909091e-01,2.159090909090909e-01,-8.326399882862888e-06
5.326704545454546e-01,2.159090909090909e-01,-1.473132286968054e-05
5.468750000000000e-01,2.159090909090909e-01,-1.852246363319548e-05
5.610795454545454e-01,2.159090909090909e-01,-2.202318414967682e-05
5.752840909090909e-01,2.159090909090909e-01,-2.552390466615817e-05
5.894886363636364e-01,2.159090909090909e-01,-2.902462518263950e-05
6.036931818181818e-01,2.159090909090909e-01,-3.252534569912084e-05
6.178977272727273e-01,2.159090909090909e-01,-3.602606621560219e-05
7.102272727272727e-03,2.386363636363636e-01,1.963574797508205e-02
2.130681818181818e-02,2.386363636363636e-01,1.945747193136049e-02
3.551136363636364e-02,2.386363636363636e-01,1.925249317110683e-02
4.971590909090909e-02,2.386363636363636e-01,1.904751441085317e-02
6.392045454545454e-02,2.386363636363636e-01,1.884253565059950e-02
7.812500000000000e-02,2.386363636363636e-01,1.863755689034584e-02
9.232954545454546e-02,2.386363636363636e-01,1.843257813009217e-02
1.065340909090909e-01,2.386363636363636e-01,1.822759936983851e-02
1.207386363636364e-01,2.386363636363636e-01,1.802262060958485e-02
1.349431818181818e-01,2.386363636363636e-01,1.772962290914852e-02
1.491477272727273e-01,2.386363636363636e-01,1.717374017371364e-02
1.633522727272727e-01,2.386363636363636e-01,1.659283936804953e-02
1.775568181818182e-01,2.386363636363636e-01,1.601193856238541e-02
1.917613636363636e-01,2.386363636363636e-01,1.543103775672130e-02
2.059659090909091e-01,2.386363636363636e-01,1.485013695105719e-02
2.201704545454546e-01,2.386363636363636e-01,1.426923614539307e-02
2.343750000000000e-01,2.386363636363636e-01,1.368833533972896e-02
2.485795454545454e-01,2.386363636363636e-01,1.310743453406485e-02
2.627840909090909e-01,2.386363636363636e-01,1.265131375442718e-02
2.769886363636364e-01,2.386363636363636e-01,1.187499311551096e-02
2.911931818181818e-01,2.386363636363636e-01,1.109867247659474e-02
3.053977272727273e-01,2.386363636363636e-01,1.032235183767853e-02
3.196022727272727e-01,2.386363636363636e-01,9.546031198762316e-03
3.338068181818182e-01,2.386363636363636e-01,8.769710559846098e-03
3.480113636363636e-01,2.386363636363636e-01,7.993389920929881e-03
3.622159090909091e-01,2.386363636363636e-01,7.217069282013665e-03
3.764204545454545e-01,2.386363636363636e-01,6.486457288597720e-03
3.906250000000000e-01,2.386363636363636e-01,6.028131108863564e-03
4.048295454545455e-01,2.386363636363636e-01,5.245256938881282e-03
4.190340909090909e-01,2.386363636363636e-01,4.462382768899003e-03
4.332386363636364e-01,2.386363636363636e-01,3.679508598916722e-03
4.474431818181818e-01,2.386363636363636e-01,2.896634428934440e-03
4.616477272727273e-01,2.386363636363636e-01,2.113760258952158e-03
4.758522727272727e-01,2.386363636363636e-01,1.330886088969879e-03
4.900568181818182e-01,2.386363636363636e-01,5.480119189875970e-04
5.042613636363636e-01,2.386363636363636e-01,-1.921476896045289e-06
5.184659090909091e-01,2.386363636363636e-01,-6.874298647694754e-06
5.326704545454546e-01,2.386363636363636e-01,-1.037501916417611e-05
5.468750000000000e-01,2.386363636363636e-01,-1.387573968065744e-05
5.610795454545454e-01,2.386363636363636e-01,-1.737646019713877e-05
5.752840909090909e-01,2.386363636363636e-01,-2.087718071362013e-05
5.894886363636364e-01,2.386363636363636e-01,-2.437790123010146e-05
6.036931818181818e-01,2.386363636363636e-01,-2.787862174658279e-05
6.178977272727273e-01,2.386363636363636e-01,-3.137934226306415e-05
7.102272727272727e-03,2.613636363636364e-01,2.133615437898738e-02
2.130681818181818e-02,2.613636363636364e-01,2.113117561873372e-02
3.551136363636364e-02,2.613636363636364e-01,2.092619685848005e-02
4.971590909090909e-02,2.613636363636364e-01,2.072121809822638e-02
6.392045454545454e-02,2.613636363636364e-01,2.051623933797272e-02
7.812500000000000e-02,2.613636363636364e-01,2.031126057771906e-02
9.232954545454546e-02,2.613636363636364e-01,2.010628181746540e-02
1.065340909090909e-01,2.613636363636364e-01,1.990130305721173e-02
1.207386363636364e-01,2.613636363636364e-01,1.966839503304517e-02
1.349431818181818e-01,2.613636363636364e-01,1.918351328265645e-02
1.491477272727273e-01,2.613636363636364e-01,1.860261247699234e-02
1.633522727272727e-01,2.613636363636364e-01,1.802171167132823e-02
1.775568181818182e-01,2.613636363636364e-01,1.744081086566411e-02
1.917613636363636e-01,2.613636363636364e-01,1.685991006000000e-02
2.059659090909091e-01,2.613636363636364e-01,1.627900925433589e-02
2.201704545454546e-01,2.613636363636364e-01,1.569810844867178e-02
2.343750000000000e-01,2.613636363636364e-01,1.511720764300766e-02
2.485795454545454e-01,2.613636363636364e-01,1.441856080110472e-02
2.627840909090909e-01,2.613636363636364e-01,1.364496128319388e-02
2.769886363636364e-01,2.613636363636364e-01,1.286864064427766e-02
2.911931818181818e-01,2.613636363636364e-01,1.209232000536145e-02
3.053977272727273e-01,2.613636363636364e-01,1.131599936644523e-02
3.196022727272727e-01,2.613636363636364e-01,1.053967872752902e-02
3.338068181818182e-01,2.613636363636364e-01,9.763358088612803e-03
3.480113636363636e-01,2.613636363636364e-01,8.987037449696585e-03
3.622159090909091e-01,2.613636363636364e-01,8.210716810780368e-03
3.764204545454545e-01,2.613636363636364e-01,7.187032884601784e-03
3.906250000000000e-01,2.613636363636364e-01,6.404158714619503e-03
4.048295454545455e-01,2.613636363636364e-01,5.621284544637221e-03
4.190340909090909e-01,2.613636363636364e-01,4.838410374654942e-03
4.332386363636364e-01,2.613636363636364e-01,4.055536204672660e-03
4.474431818181818e-01,2.613636363636364e-01,3.272662034690378e-03
4.616477272727273e-01,2.613636363636364e-01,2.489787864708096e-03
4.758522727272727e-01,2.613636363636364e-01,1.706913694725817e-03
4.900568181818182e-01,2.613636363636364e-01,8.770360740240437e-04
5.042613636363636e-01,2.613636363636364e-01,-1.050216154944405e-06
5.184659090909091e-01,2.613636363636364e-01,-4.550936671425735e-06
5.326704545454546e-01,2.613636363636364e-01,-8.051657187907094e-06
5.468750000000000e-01,2.613636363636364e-01,-1.155237770438842e-05
5.610795454545454e-01,2.613636363636364e-01,-1.505309822086975e-05
5.752840909090909e-01,2.613636363636364e-01,-1.855381873735111e-05
5.894886363636364e-01,2.613636363636364e-01,-2.205453925383244e-05
6.036931818181818e-01,2.613636363636364e-01,-2.555525977031378e-05
6.178977272727273e-01,2.613636363636364e-01,-2.662976172257654e-05
7.102272727272727e-03,2.840909090909091e-01,2.294013290044939e-02
2.130681818181818e-02,2.840909090909091e-01,2.273515414019573e-02
3.551136363636364e-02,2.840909090909091e-01,2.253017537994206e-02
4.971590909090909e-02,2.840909090909091e-01,2.232519661968840e-02
6.392045454545454e-02,2.840909090909091e-01,2.212021785943474e-02
7.812500000000000e-02,2.840909090909091e-01,2.191523909918108e-02
9.232954545454546e-02,2.840909090909091e-01,2.170467448614483e-02
1.065340909090909e-01,2.840909090909091e-01,2.144383719806537e-02
1.207386363636364e-01,2.840909090909091e-01,2.118299990998591e-02
1.349431818181818e-01,2.840909090909091e-01,2.069811815959719e-02
1.491477272727273e-01,2.840909090909091e-01,2.011721735393308e-02
1.633522727272727e-01,2.840909090909091e-01,1.953631654826896e-02
1.775568181818182e-01,2.840909090909091e-01,1.895541574260485e-02
1.917613636363636e-01,2.840909090909091e-01,1.837451493694074e-02
2.059659090909091e-01,2.840909090909091e-01,1.779361413127662e-02
2.201704545454546e-01,2.840909090909091e-01,1.716225073865301e-02
2.343750000000000e-01,2.840909090909091e-01,1.641314130979057e-02
2.485795454545454e-01,2.840909090909091e-01,1.566403188092813e-02
2.627840909090909e-01,2.840909090909091e-01,1.489043236301729e-02
2.769886363636364e-01,2.840909090909091e-01,1.411411172410107e-02
2.911931818181818e-01,2.840909090909091e-01,1.333779108518486e-02
3.053977272727273e-01,2.840909090909091e-01,1.256147044626864e-02
3.196022727272727e-01,2.840909090909091e-01,1.178514980735243e-02
3.338068181818182e-01,2.840909090909091e-01,1.100882916843621e-02
3.480113636363636e-01,2.840909090909091e-01,1.007831607067264e-02
3.622159090909091e-01,2.840909090909091e-01,8.993610514061718e-03
3.764204545454545e-01,2.840909090909091e-01,7.939088096113663e-03
3.906250000000000e-01,2.840909090909091e-01,7.156213926131381e-03
4.048295454545455e-01,2.840909090909091e-01,6.373339756149099e-03
4.190340909090909e-01,2.840909090909091e-01,5.590465586166821e-03
4.332386363636364e-01,2.840909090909091e-01,4.807591416184539e-03
4.474431818181818e-01,2.840909090909091e-01,4.024717246202257e-03
4.616477272727273e-01,2.840909090909091e-01,3.241843076219975e-03
4.758522727272727e-01,2.840909090909091e-01,2.129944751201250e-03
4.900568181818182e-01,2.840909090909091e-01,8.770360740240437e-04
5.042613636363636e-01,2.840909090909091e-01,-1.050216154944405e-06
5.184659090909091e-01,2.840909090909091e-01,-4.550936671425735e-06
5.326704545454546e-01,2.840909090909091e-01,-8.051657187907094e-06
5.468750000000000e-01,2.840909090909091e-01,-1.155237770438842e-05
5.610795454545454e-01,2.840909090909091e-01,-1.505309822086975e-05
5.752840909090909e-01,2.840909090909091e-01,-1.855381873735111e-05
5.894886363636364e-01,2.840909090909091e-01,-2.205453925383244e-05
6.036931818181818e-01,2.840909090909091e-01,-1.827660407765803e-05
6.178977272727273e-01,2.840909090909091e-01,-1.368992938007739e-05
7.102272727272727e-03,3.068181818181818e-01,2.454411142191140e-02
2.130681818181818e-02,3.068181818181818e-01,2.433913266165773e-02
3.551136363636364e-02,3.068181818181818e-01,2.413415390140407e-02
4.971590909090909e-02,3.068181818181818e-01,2.392917514115041e-02
6.392045454545454e-02,3.068181818181818e-01,2.372419638089674e-02
7.812500000000000e-02,3.068181818181818e-01,2.348011665116502e-02
9.232954545454546e-02,3.068181818181818e-01,2.321927936308556e-02
1.065340909090909e-01,3.068181818181818e-01,2.295844207500610e-02
1.207386363636364e-01,3.068181818181818e-01,2.269760478692664e-02
1.349431818181818e-01,3.068181818181818e-01,2.221272303653792e-02
1.491477272727273e-01,3.068181818181818e-01,2.163182223087381e-02
1.633522727272727e-01,3.068181818181818e-01,2.105092142520969e-02
1.775568181818182e-01,3.068181818181818e-01,2.047002061954558e-02
1.917613636363636e-01,3.068181818181818e-01,1.988911981388147e-02
2.059659090909091e-01,3.068181818181818e-01,1.915683124733886e-02
2.201704545454546e-01,3.068181818181818e-01,1.840772181847642e-02
2.343750000000000e-01,3.068181818181818e-01,1.765861238961397e-02
2.485795454545454e-01,3.068181818181818e-01,1.690950296075153e-02
2.627840909090909e-01,3.068181818181818e-01,1.613590344284069e-02
2.769886363636364e-01,3.068181818181818e-01,1.535958280392448e-02
2.911931818181818e-01,3.068181818181818e-01,1.458326216500826e-02
3.053977272727273e-01,3.068181818181818e-01,1.380694152609204e-02
3.196022727272727e-01,3.068181818181818e-01,1.299978239540636e-02
3.338068181818182e-01,3.068181818181818e-01,1.191507683879544e-02
3.480113636363636e-01,3.068181818181818e-01,1.083037128218452e-02
3.622159090909091e-01,3.068181818181818e-01,9.745665725573595e-03
3.764204545454545e-01,3.068181818181818e-01,8.691143307625541e-03
3.906250000000000e-01,3.068181818181818e-01,7.908269137643259e-03
4.048295454545455e-01,3.068181818181818e-01,7.125394967660977e-03
4.190340909090909e-01,3.068181818181818e-01,6.342520797678698e-03
4.332386363636364e-01,3.068181818181818e-01,5.559646627696416e-03
4.474431818181818e-01,3.068181818181818e-01,4.635762105555657e-03
4.616477272727273e-01,3.068181818181818e-01,3.382853428378451e-03
4.758522727272727e-01,3.068181818181818e-01,2.129944751201250e-03
4.900568181818182e-01,3.068181818181818e-01,8.770360740240437e-04
5.042613636363636e-01,3.068181818181818e-01,-1.050216154944405e-06
5.184659090909091e-01,3.068181818181818e-01,-4.550936671425735e-06
5.326704545454546e-01,3.068181818181818e-01,-8.051657187907094e-06
5.468750000000000e-01,3.068181818181818e-01,-1.155237770438842e-05
5.610795454545454e-01,3.068181818181818e-01,-1.505309822086975e-05
5.752840909090909e-01,3.068181818181818e-01,-1.451012113032012e-05
5.894886363636364e-01,3.068181818181818e-01,-9.923446432739515e-06
6.036931818181818e-01,3.068181818181818e-01,-5.336771735158914e-06
6.178977272727273e-01,3.068181818181818e-01,-7.500970375782778e-07
7.102272727272727e-03,3.295454545454545e-01,2.614808994337341e-02
2.130681818181818e-02,3.295454545454545e-01,2.594311118311975e-02
3.551136363636364e-02,3.295454545454545e-01,2.573813242286608e-02
4.971590909090909e-02,3.295454545454545e-01,2.551639610426468e-02
6.392045454545454e-02,3.295454545454545e-01,2.525555881618522e-02
7.812500000000000e-02,3.295454545454545e-01,2.499472152810575e-02
9.232954545454546e-02,3.295454545454545e-01,2.473388424002630e-02
1.065340909090909e-01,3.295454545454545e-01,2.447304695194683e-02
1.207386363636364e-01,3.295454545454545e-01,2.421220966386737e-02
1.349431818181818e-01,3.295454545454545e-01,2.372732791347865e-02
1.491477272727273e-01,3.295454545454545e-01,2.314642710781454e-02
1.633522727272727e-01,3.295454545454545e-01,2.256552630215043e-02
1.775568181818182e-01,3.295454545454545e-01,2.190052118488715e-02
1.917613636363636e-01,3.295454545454545e-01,2.115141175602471e-02
2.059659090909091e-01,3.295454545454545e-01,2.040230232716227e-02
2.201704545454546e-01,3.295454545454545e-01,1.965319289829982e-02
2.343750000000000e-01,3.295454545454545e-01,1.890408346943738e-02
2.485795454545454e-01,3.295454545454545e-01,1.815497404057494e-02
2.627840909090909e-01,3.295454545454545e-01,1.738137452266410e-02
2.769886363636364e-01,3.295454545454545e-01,1.660505388374788e-02
2.911931818181818e-01,3.295454545454545e-01,1.582873324483167e-02
3.053977272727273e-01,3.295454545454545e-01,1.483654316352916e-02
3.196022727272727e-01,3.295454545454545e-01,1.375183760691824e-02
3.338068181818182e-01,3.295454545454545e-01,1.266713205030731e-02
3.480113636363636e-01,3.295454545454545e-01,1.158242649369639e-02
3.622159090909091e-01,3.295454545454545e-01,1.049772093708547e-02
3.764204545454545e-01,3.295454545454545e-01,9.443198519137417e-03
3.906250000000000e-01,3.295454545454545e-01,8.660324349155136e-03
4.048295454545455e-01,3.295454545454545e-01,7.877450179172853e-03
4.190340909090909e-01,3.295454545454545e-01,7.094576009190575e-03
4.332386363636364e-01,3.295454545454545e-01,5.888670782732862e-03
4.474431818181818e-01,3.295454545454545e-01,4.635762105555657e-03
4.616477272727273e-01,3.295454545454545e-01,3.382853428378451e-03
4.758522727272727e-01,3.295454545454545e-01,2.129944751201250e-03
4.900568181818182e-01,3.295454545454545e-01,8.770360740240437e-04
5.042613636363636e-01,3.295454545454545e-01,-1.050216154944405e-06
5.184659090909091e-01,3.295454545454545e-01,-4.550936671425735e-06
5.326704545454546e-01,3.295454545454545e-01,-8.051657187907094e-06
5.468750000000000e-01,3.295454545454545e-01,-1.074363818298224e-05
5.610795454545454e-01,3.295454545454545e-01,-6.156963485401636e-06
5.752840909090909e-01,3.295454545454545e-01,-1.570288787820999e-06
5.894886363636364e-01,3.295454545454545e-01,3.016385909759602e-06
6.036931818181818e-01,3.295454545454545e-01,7.603060607340205e-06
6.178977272727273e-01,3.295454545454545e-01,1.218973530492084e-05
7.102272727272727e-03,3.522727272727273e-01,2.775206846483542e-02
2.130681818181818e-02,3.522727272727273e-01,2.754708970458175e-02
3.551136363636364e-02,3.522727272727273e-01,2.729183826928487e-02
4.971590909090909e-02,3.522727272727273e-01,2.703100098120542e-02
6.392045454545454e-02,3.522727272727273e-01,2.677016369312595e-02
7.812500000000000e-02,3.522727272727273e-01,2.650932640504649e-02
9.232954545454546e-02,3.522727272727273e-01,2.624848911696703e-02
1.065340909090909e-01,3.522727272727273e-01,2.598765182888757e-02
1.207386363636364e-01,3.522727272727273e-01,2.572681454080811e-02
1.349431818181818e-01,3.522727272727273e-01,2.524193279041939e-02
1.491477272727273e-01,3.522727272727273e-01,2.464421112243545e-02
1.633522727272727e-01,3.522727272727273e-01,2.389510169357300e-02
1.775568181818182e-01,3.522727272727273e-01,2.314599226471056e-02
1.917613636363636e-01,3.522727272727273e-01,2.239688283584811e-02
2.059659090909091e-01,3.522727272727273e-01,2.164777340698567e-02
2.201704545454546e-01,3.522727272727273e-01,2.089866397812323e-02
2.343750000000000e-01,3.522727272727273e-01,2.014955454926079e-02
2.485795454545454e-01,3.522727272727273e-01,1.940044512039834e-02
2.627840909090909e-01,3.522727272727273e-01,1.862684560248751e-02
2.769886363636364e-01,3.522727272727273e-01,1.775800948826288e-02
2.911931818181818e-01,3.522727272727273e-01,1.667330393165196e-02
3.053977272727273e-01,3.522727272727273e-01,1.558859837504104e-02
3.196022727272727e-01,3.522727272727273e-01,1.450389281843012e-02
3.338068181818182e-01,3.522727272727273e-01,1.341918726181919e-02
3.480113636363636e-01,3.522727272727273e-01,1.233448170520827e-02
3.622159090909091e-01,3.522727272727273e-01,1.124977614859735e-02
3.764204545454545e-01,3.522727272727273e-01,1.019525373064930e-02
3.906250000000000e-01,3.522727272727273e-01,9.412379560667013e-03
4.048295454545455e-01,3.522727272727273e-01,8.394488137087269e-03
4.190340909090909e-01,3.522727272727273e-01,7.141579459910069e-03
4.332386363636364e-01,3.522727272727273e-01,5.888670782732862e-03
4.474431818181818e-01,3.522727272727273e-01,4.635762105555657e-03
4.616477272727273e-01,3.522727272727273e-01,3.382853428378451e-03
4.758522727272727e-01,3.522727272727273e-01,2.129944751201250e-03
4.900568181818182e-01,3.522727272727273e-01,8.770360740240437e-04
5.042613636363636e-01,3.522727272727273e-01,-1.050216154944405e-06
5.184659090909091e-01,3.522727272727273e-01,-4.550936671425735e-06
5.326704545454546e-01,3.522727272727273e-01,-2.390480538063691e-06
5.468750000000000e-01,3.522727272727273e-01,2.196194159516911e-06
5.610795454545454e-01,3.522727272727273e-01,6.782868857097512e-06
5.752840909090909e-01,3.522727272727273e-01,1.136954355467815e-05
5.894886363636364e-01,3.522727272727273e-01,1.595621825225875e-05
6.036931818181818e-01,3.522727272727273e-01,2.054289294983935e-05
6.178977272727273e-01,3.522727272727273e-01,2.512956764741999e-05
7.102272727272727e-03,3.750000000000000e-01,2.932811772238453e-02
2.130681818181818e-02,3.750000000000000e-01,2.906728043430507e-02
3.551136363636364e-02,3.750000000000000e-01,2.880644314622561e-02
4.971590909090909e-02,3.750000000000000e-01,2.854560585814615e-02
6.392045454545454e-02,3.750000000000000e-01,2.828476857006668e-02
7.812500000000000e-02,3.750000000000000e-01,2.802393128198722e-02
9.232954545454546e-02,3.750000000000000e-01,2.776309399390776e-02
1.065340909090909e-01,3.750000000000000e-01,2.750225670582830e-02
1.207386363636364e-01,3.750000000000000e-01,2.724141941774884e-02
1.349431818181818e-01,3.750000000000000e-01,2.663879163112129e-02
1.491477272727273e-01,3.750000000000000e-01,2.588968220225885e-02
1.633522727272727e-01,3.750000000000000e-01,2.514057277339641e-02
1.775568181818182e-01,3.750000000000000e-01,2.439146334453396e-02
1.917613636363636e-01,3.750000000000000e-01,2.364235391567152e-02
2.059659090909091e-01,3.750000000000000e-01,2.289324448680908e-02
2.201704545454546e-01,3.750000000000000e-01,2.214413505794663e-02
2.343750000000000e-01,3.750000000000000e-01,2.139502562908419e-02
2.485795454545454e-01,3.750000000000000e-01,2.064591620022175e-02
2.627840909090909e-01,3.750000000000000e-01,1.959477025638568e-02
2.769886363636364e-01,3.750000000000000e-01,1.851006469977476e-02
2.911931818181818e-01,3.750000000000000e-01,1.742535914316383e-02
3.053977272727273e-01,3.750000000000000e-01,1.634065358655291e-02
3.196022727272727e-01,3.750000000000000e-01,1.525594802994199e-02
3.338068181818182e-01,3.750000000000000e-01,1.417124247333107e-02
3.480113636363636e-01,3.750000000000000e-01,1.308653691672015e-02
3.622159090909091e-01,3.750000000000000e-01,1.200183136010923e-02
3.764204545454545e-01,3.750000000000000e-01,1.090030549144168e-02
3.906250000000000e-01,3.750000000000000e-01,9.647396814264476e-03
4.048295454545455e-01,3.750000000000000e-01,8.394488137087269e-03
4.190340909090909e-01,3.750000000000000e-01,7.141579459910069e-03
4.332386363636364e-01,3.750000000000000e-01,5.888670782732862e-03
4.474431818181818e-01,3.750000000000000e-01,4.635762105555657e-03
4.616477272727273e-01,3.750000000000000e-01,3.382853428378451e-03
4.758522727272727e-01,3.750000000000000e-01,2.129944751201250e-03
4.900568181818182e-01,3.750000000000000e-01,8.770360740240437e-04
5.042613636363636e-01,3.750000000000000e-01,1.376002409274188e-06
5.184659090909091e-01,3.750000000000000e-01,5.962677106854789e-06
5.326704545454546e-01,3.750000000000000e-01,1.054935180443543e-05
5.468750000000000e-01,3.750000000000000e-01,1.513602650201603e-05
5.610795454545454e-01,3.750000000000000e-01,1.972270119959663e-05
5.752840909090909e-01,3.750000000000000e-01,2.430937589717727e-05
5.894886363636364e-01,3.750000000000000e-01,2.889605059475787e-05
6.036931818181818e-01,3.750000000000000e-01,3.348272529233847e-05
6.178977272727273e-01,3.750000000000000e-01,3.806939998991911e-05
7.102272727272727e-03,3.977272727272727e-01,3.033570521867588e-02
2.130681818181818e-02,3.977272727272727e-01,3.007486793059641e-02
3.551136363636364e-02,3.977272727272727e-01,2.981403064251695e-02
4.971590909090909e-02,3.977272727272727e-01,2.955319335443749e-02
6.392045454545454e-02,3.977272727272727e-01,2.929235606635803e-02
7.812500000000000e-02,3.977272727272727e-01,2.903151877827857e-02
9.232954545454546e-02,3.977272727272727e-01,2.877068149019911e-02
1.065340909090909e-01,3.977272727272727e-01,2.850457911031625e-02
1.207386363636364e-01,3.977272727272727e-01,2.822619151622544e-02
1.349431818181818e-01,3.977272727272727e-01,2.761829863779449e-02
1.491477272727273e-01,3.977272727272727e-01,2.686918920893205e-02
1.633522727272727e-01,3.977272727272727e-01,2.612007978006960e-02
1.775568181818182e-01,3.977272727272727e-01,2.537097035120716e-02
1.917613636363636e-01,3.977272727272727e-01,2.462186092234472e-02
2.059659090909091e-01,3.977272727272727e-01,2.387275149348227e-02
2.201704545454546e-01,3.977272727272727e-01,2.312364206461983e-02
2.343750000000000e-01,3.977272727272727e-01,2.234092062094871e-02
2.485795454545454e-01,3.977272727272727e-01,2.152458716246890e-02
2.627840909090909e-01,3.977272727272727e-01,2.046671881567109e-02
2.769886363636364e-01,3.977272727272727e-01,1.938201325906017e-02
2.911931818181818e-01,3.977272727272727e-01,1.829730770244925e-02
3.053977272727273e-01,3.977272727272727e-01,1.721260214583832e-02
3.196022727272727e-01,3.977272727272727e-01,1.612789658922741e-02
3.338068181818182e-01,3.977272727272727e-01,1.504319103261649e-02
3.480113636363636e-01,3.977272727272727e-01,1.395848547600556e-02
3.622159090909091e-01,3.977272727272727e-01,1.274451436136809e-02
3.764204545454545e-01,3.977272727272727e-01,1.147678991809498e-02
3.906250000000000e-01,3.977272727272727e-01,1.022388124091778e-02
4.048295454545455e-01,3.977272727272727e-01,8.970972563740574e-03
4.190340909090909e-01,3.977272727272727e-01,7.718063886563374e-03
4.332386363636364e-01,3.977272727272727e-01,6.465155209386167e-03
4.474431818181818e-01,3.977272727272727e-01,5.212246532208961e-03
4.616477272727273e-01,3.977272727272727e-01,3.959337855031755e-03
4.758522727272727e-01,3.977272727272727e-01,2.706429177854554e-03
4.900568181818182e-01,3.977272727272727e-01,1.129248010684865e-03
5.042613636363636e-01,3.977272727272727e-01,1.376002409274188e-06
5.184659090909091e-01,3.977272727272727e-01,5.962677106854789e-06
5.326704545454546e-01,3.977272727272727e-01,1.054935180443543e-05
5.468750000000000e-01,3.977272727272727e-01,1.513602650201603e-05
5.610795454545454e-01,3.977272727272727e-01,1.972270119959663e-05
5.752840909090909e-01,3.977272727272727e-01,2.430937589717727e-05
5.894886363636364e-01,3.977272727272727e-01,2.889605059475787e-05
6.036931818181818e-01,3.977272727272727e-01,3.445779290122829e-05
6.178977272727273e-01,3.977272727272727e-01,4.879514368770768e-05
7.102272727272727e-03,4.204545454545455e-01,3.134329271496723e-02
2.130681818181818e-02,4.204545454545455e-01,3.108245542688777e-02
3.551136363636364e-02,4.204545454545455e-01,3.082161813880831e-02
4.971590909090909e-02,4.204545454545455e-01,3.056078085072884e-02
6.392045454545454e-02,4.204545454545455e-01,3.029994356264938e-02
7.812500000000000e-02,4.204545454545455e-01,3.003910627456993e-02
9.232954545454546e-02,4.204545454545455e-01,2.976247371108025e-02
1.065340909090909e-01,4.204545454545455e-01,2.948408611698945e-02
1.207386363636364e-01,4.204545454545455e-01,2.920569852289864e-02
1.349431818181818e-01,4.204545454545455e-01,2.859780564446769e-02
1.491477272727273e-01,4.204545454545455e-01,2.784869621560525e-02
1.633522727272727e-01,4.204545454545455e-01,2.709958678674280e-02
1.775568181818182e-01,4.204545454545455e-01,2.635047735788036e-02
1.917613636363636e-01,4.204545454545455e-01,2.560136792901792e-02
2.059659090909091e-01,4.204545454545455e-01,2.484553609719374e-02
2.201704545454546e-01,4.204545454545455e-01,2.402920263871393e-02
2.343750000000000e-01,4.204545454545455e-01,2.321286918023412e-02
2.485795454545454e-01,4.204545454545455e-01,2.239653572175431e-02
2.627840909090909e-01,4.204545454545455e-01,2.133866737495651e-02
2.769886363636364e-01,4.204545454545455e-01,2.025396181834559e-02
2.911931818181818e-01,4.204545454545455e-01,1.916925626173466e-02
3.053977272727273e-01,4.204545454545455e-01,1.808455070512374e-02
3.196022727272727e-01,4.204545454545455e-01,1.699984514851282e-02
3.338068181818182e-01,4.204545454545455e-01,1.585974006703338e-02
3.480113636363636e-01,4.204545454545455e-01,1.459036942752739e-02
3.622159090909091e-01,4.204545454545455e-01,1.332099878802140e-02
3.764204545454545e-01,4.204545454545455e-01,1.205327434474829e-02
3.906250000000000e-01,4.204545454545455e-01,1.080036566757108e-02
4.048295454545455e-01,4.204545454545455e-01,9.547456990393881e-03
4.190340909090909e-01,4.204545454545455e-01,8.294548313216679e-03
4.332386363636364e-01,4.204545454545455e-01,7.041639636039473e-03
4.474431818181818e-01,4.204545454545455e-01,5.788730958862266e-03
4.616477272727273e-01,4.204545454545455e-01,4.355670898355902e-03
4.758522727272727e-01,4.204545454545455e-01,2.742459454520386e-03
4.900568181818182e-01,4.204545454545455e-01,1.129248010684865e-03
5.042613636363636e-01,4.204545454545455e-01,1.376002409274188e-06
5.184659090909091e-01,4.204545454545455e-01,5.962677106854789e-06
5.326704545454546e-01,4.204545454545455e-01,1.054935180443543e-05
5.468750000000000e-01,4.204545454545455e-01,1.513602650201603e-05
5.610795454545454e-01,4.204545454545455e-01,1.972270119959663e-05
5.752840909090909e-01,4.204545454545455e-01,2.430937589717727e-05
5.894886363636364e-01,4.204545454545455e-01,3.572152385698697e-05
6.036931818181818e-01,4.204545454545455e-01,5.005887464346624e-05
6.178977272727273e-01,4.204545454545455e-01,6.439622542994564e-05
7.102272727272727e-03,4.431818181818182e-01,3.235088021125858e-02
2.130681818181818e-02,4.431818181818182e-01,3.209004292317912e-02
3.551136363636364e-02,4.431818181818182e-01,3.182920563509965e-02
4.971590909090909e-02,4.431818181818182e-01,3.156836834702019e-02
6.392045454545454e-02,4.431818181818182e-01,3.129875590593506e-02
7.812500000000000e-02,4.431818181818182e-01,3.102036831184425e-02
9.232954545454546e-02,4.431818181818182e-01,3.074198071775345e-02
1.065340909090909e-01,4.431818181818182e-01,3.046359312366265e-02
1.207386363636364e-01,4.431818181818182e-01,3.018520552957184e-02
1.349431818181818e-01,4.431818181818182e-01,2.957731265114089e-02
1.491477272727273e-01,4.431818181818182e-01,2.882820322227845e-02
1.633522727272727e-01,4.431818181818182e-01,2.807909379341600e-02
1.775568181818182e-01,4.431818181818182e-01,2.732998436455356e-02
1.917613636363636e-01,4.431818181818182e-01,2.653381811495896e-02
2.059659090909091e-01,4.431818181818182e-01,2.571748465647915e-02
2.201704545454546e-01,4.431818181818182e-01,2.490115119799934e-02
2.343750000000000e-01,4.431818181818182e-01,2.408481773951954e-02
2.485795454545454e-01,4.431818181818182e-01,2.326848428103973e-02
2.627840909090909e-01,4.431818181818182e-01,2.221061593424192e-02
2.769886363636364e-01,4.431818181818182e-01,2.112591037763100e-02
2.911931818181818e-01,4.431818181818182e-01,2.004120482102008e-02
3.053977272727273e-01,4.431818181818182e-01,1.895649926440916e-02
3.196022727272727e-01,4.431818181818182e-01,1.770559513319268e-02
3.338068181818182e-01,4.431818181818182e-01,1.643622449368668e-02
3.480113636363636e-01,4.431818181818182e-01,1.516685385418069e-02
3.622159090909091e-01,4.431818181818182e-01,1.389748321467470e-02
3.764204545454545e-01,4.431818181818182e-01,1.262975877140160e-02
3.906250000000000e-01,4.431818181818182e-01,1.137685009422439e-02
4.048295454545455e-01,4.431818181818182e-01,1.012394141704718e-02
4.190340909090909e-01,4.431818181818182e-01,8.871032739869982e-03
4.332386363636364e-01,4.431818181818182e-01,7.582093786026946e-03
4.474431818181818e-01,4.431818181818182e-01,5.968882342191424e-03
4.616477272727273e-01,4.431818181818182e-01,4.355670898355902e-03
4.758522727272727e-01,4.431818181818182e-01,2.742459454520386e-03
4.900568181818182e-01,4.431818181818182e-01,1.129248010684865e-03
5.042613636363636e-01,4.431818181818182e-01,1.376002409274188e-06
5.184659090909091e-01,4.431818181818182e-01,5.962677106854789e-06
5.326704545454546e-01,4.431818181818182e-01,1.054935180443543e-05
5.468750000000000e-01,4.431818181818182e-01,1.513602650201603e-05
5.610795454545454e-01,4.431818181818182e-01,2.264790402626621e-05
5.752840909090909e-01,4.431818181818182e-01,3.698525481274560e-05
5.894886363636364e-01,4.431818181818182e-01,5.132260559922488e-05
6.036931818181818e-01,4.431818181818182e-01,6.565995638570417e-05
6.178977272727273e-01,4.431818181818182e-01,7.999730717218355e-05
7.102272727272727e-03,4.659090909090909e-01,3.335846770754993e-02
2.130681818181818e-02,4.659090909090909e-01,3.309763041947046e-02
3.551136363636364e-02,4.659090909090909e-01,3.283503810078987e-02
4.971590909090909e-02,4.659090909090909e-01,3.255665050669906e-02
6.392045454545454e-02,4.659090909090909e-01,3.227826291260826e-02
7.812500000000000e-02,4.659090909090909e-01,3.199987531851746e-02
9.232954545454546e-02,4.659090909090909e-01,3.172148772442665e-02
1.065340909090909e-01,4.659090909090909e-01,3.144310013033584e-02
1.207386363636364e-01,4.659090909090909e-01,3.116471253624504e-02
1.349431818181818e-01,4.659090909090909e-01,3.055681965781409e-02
1.491477272727273e-01,4.659090909090909e-01,2.980771022895164e-02
1.633522727272727e-01,4.659090909090909e-01,2.903843359120399e-02
1.775568181818182e-01,4.659090909090909e-01,2.822210013272419e-02
1.917613636363636e-01,4.659090909090909e-01,2.740576667424437e-02
2.059659090909091e-01,4.659090909090909e-01,2.658943321576457e-02
2.201704545454546e-01,4.659090909090909e-01,2.577309975728476e-02
2.343750000000000e-01,4.659090909090909e-01,2.495676629880495e-02
2.485795454545454e-01,4.659090909090909e-01,2.414043284032514e-02
2.627840909090909e-01,4.659090909090909e-01,2.308256449352733e-02
2.769886363636364e-01,4.659090909090909e-01,2.199785893691641e-02
2.911931818181818e-01,4.659090909090909e-01,2.082082083885796e-02
3.053977272727273e-01,4.659090909090909e-01,1.955145019935196e-02
3.196022727272727e-01,4.659090909090909e-01,1.828207955984598e-02
3.338068181818182e-01,4.659090909090909e-01,1.701270892033999e-02
3.480113636363636e-01,4.659090909090909e-01,1.574333828083400e-02
3.622159090909091e-01,4.659090909090909e-01,1.447396764132801e-02
3.764204545454545e-01,4.659090909090909e-01,1.320624319805490e-02
3.906250000000000e-01,4.659090909090909e-01,1.195333452087769e-02
4.048295454545455e-01,4.659090909090909e-01,1.070042584370049e-02
4.190340909090909e-01,4.659090909090909e-01,9.195305229862467e-03
4.332386363636364e-01,4.659090909090909e-01,7.582093786026946e-03
4.474431818181818e-01,4.659090909090909e-01,5.968882342191424e-03
4.616477272727273e-01,4.659090909090909e-01,4.355670898355902e-03
4.758522727272727e-01,4.659090909090909e-01,2.742459454520386e-03
4.900568181818182e-01,4.659090909090909e-01,1.129248010684865e-03
5.042613636363636e-01,4.659090909090909e-01,1.376002409274188e-06
5.184659090909091e-01,4.659090909090909e-01,5.962677106854789e-06
5.326704545454546e-01,4.659090909090909e-01,1.054935180443543e-05
5.468750000000000e-01,4.659090909090909e-01,2.391163498202485e-05
5.610795454545454e-01,4.659090909090909e-01,3.824898576850413e-05
5.752840909090909e-01,4.659090909090909e-01,5.258633655498352e-05
5.894886363636364e-01,4.659090909090909e-01,6.692368734146279e-05
6.036931818181818e-01,4.659090909090909e-01,8.126103812794208e-05
6.178977272727273e-01,4.659090909090909e-01,9.559838891442148e-05
7.102272727272727e-03,4.886363636363636e-01,3.436605520384128e-02
2.130681818181818e-02,4.886363636363636e-01,3.409293270155388e-02
3.551136363636364e-02,4.886363636363636e-01,3.381454510746307e-02
4.971590909090909e-02,4.886363636363636e-01,3.353615751337227e-02
6.392045454545454e-02,4.886363636363636e-01,3.325776991928146e-02
7.812500000000000e-02,4.886363636363636e-01,3.297938232519065e-02
9.232954545454546e-02,4.886363636363636e-01,3.270099473109985e-02
1.065340909090909e-01,4.886363636363636e-01,3.242260713700905e-02
1.207386363636364e-01,4.886363636363636e-01,3.214421954291824e-02
1.349431818181818e-01,4.886363636363636e-01,3.153632666448729e-02
1.491477272727273e-01,4.886363636363636e-01,3.072671560896922e-02
1.633522727272727e-01,4.886363636363636e-01,2.991038215048940e-02
1.775568181818182e-01,4.886363636363636e-01,2.909404869200960e-02
1.917613636363636e-01,4.886363636363636e-01,2.827771523352979e-02
2.059659090909091e-01,4.886363636363636e-01,2.746138177504998e-02
2.201704545454546e-01,4.886363636363636e-01,2.664504831657018e-02
2.343750000000000e-01,4.886363636363636e-01,2.582871485809037e-02
2.485795454545454e-01,4.886363636363636e-01,2.501238139961056e-02
2.627840909090909e-01,4.886363636363636e-01,2.393604654452324e-02
2.769886363636364e-01,4.886363636363636e-01,2.266667590501725e-02
2.911931818181818e-01,4.886363636363636e-01,2.139730526551126e-02
3.053977272727273e-01,4.886363636363636e-01,2.012793462600527e-02
3.196022727272727e-01,4.886363636363636e-01,1.885856398649929e-02
3.338068181818182e-01,4.886363636363636e-01,1.758919334699329e-02
3.480113636363636e-01,4.886363636363636e-01,1.631982270748730e-02
3.622159090909091e-01,4.886363636363636e-01,1.505045206798131e-02
3.764204545454545e-01,4.886363636363636e-01,1.378272762470821e-02
3.906250000000000e-01,4.886363636363636e-01,1.242172811753350e-02
4.048295454545455e-01,4.886363636363636e-01,1.080851667369798e-02
4.190340909090909e-01,4.886363636363636e-01,9.195305229862467e-03
4.332386363636364e-01,4.886363636363636e-01,7.582093786026946e-03
4.474431818181818e-01,4.886363636363636e-01,5.968882342191424e-03
4.616477272727273e-01,4.886363636363636e-01,4.355670898355902e-03
4.758522727272727e-01,4.886363636363636e-01,2.742459454520386e-03
4.900568181818182e-01,4.886363636363636e-01,1.129248010684865e-03
5.042613636363636e-01,4.886363636363636e-01,1.376002409274188e-06
5.184659090909091e-01,4.886363636363636e-01,1.083801515130413e-05
5.326704545454546e-01,4.886363636363636e-01,2.517536593778352e-05
5.468750000000000e-01,4.886363636363636e-01,3.951271672426279e-05
5.610795454545454e-01,4.886363636363636e-01,5.385006751074208e-05
5.752840909090909e-01,4.886363636363636e-01,6.818741829722148e-05
5.894886363636364e-01,4.886363636363636e-01,8.252476908370075e-05
6.036931818181818e-01,4.886363636363636e-01,9.686211987018003e-05
6.178977272727273e-01,4.886363636363636e-01,1.111994706566594e-04
7.102272727272727e-03,5.113636363636364e-01,3.492173989666410e-02
2.130681818181818e-02,5.113636363636364e-01,3.464335230257330e-02
3.551136363636364e-02,5.113636363636364e-01,3.436496470848250e-02
4.971590909090909e-02,5.113636363636364e-01,3.408657711439169e-02
6.392045454545454e-02,5.113636363636364e-01,3.380818952030089e-02
7.812500000000000e-02,5.113636363636364e-01,3.352980192621008e-02
9.232954545454546e-02,5.113636363636364e-01,3.325141433211928e-02
1.065340909090909e-01,5.113636363636364e-01,3.297302673802847e-02
1.207386363636364e-01,5.113636363636364e-01,3.270704509561054e-02
1.349431818181818e-01,5.113636363636364e-01,3.205953896745116e-02
1.491477272727273e-01,5.113636363636364e-01,3.124320550897135e-02
1.633522727272727e-01,5.113636363636364e-01,3.042687205049154e-02
1.775568181818182e-01,5.113636363636364e-01,2.961053859201173e-02
1.917613636363636e-01,5.113636363636364e-01,2.879420513353192e-02
2.059659090909091e-01,5.113636363636364e-01,2.797787167505211e-02
2.201704545454546e-01,5.113636363636364e-01,2.716153821657231e-02
2.343750000000000e-01,5.113636363636364e-01,2.634520475809250e-02
2.485795454545454e-01,5.113636363636364e-01,2.556609735120276e-02
2.627840909090909e-01,5.113636363636364e-01,2.434734843716940e-02
2.769886363636364e-01,5.113636363636364e-01,2.307797779766341e-02
2.911931818181818e-01,5.113636363636364e-01,2.180860715815741e-02
3.053977272727273e-01,5.113636363636364e-01,2.053923651865143e-02
3.196022727272727e-01,5.113636363636364e-01,1.926986587914544e-02
3.338068181818182e-01,5.113636363636364e-01,1.800049523963945e-02
3.480113636363636e-01,5.113636363636364e-01,1.673112460013346e-02
3.622159090909091e-01,5.113636363636364e-01,1.546175396062747e-02
3.764204545454545e-01,5.113636363636364e-01,1.415202032840104e-02
3.906250000000000e-01,5.113636363636364e-01,1.253880888456552e-02
4.048295454545455e-01,5.113636363636364e-01,1.092559744073000e-02
4.190340909090909e-01,5.113636363636364e-01,9.312385996894483e-03
4.332386363636364e-01,5.113636363636364e-01,7.699174553058963e-03
4.474431818181818e-01,5.113636363636364e-01,6.085963109223441e-03
4.616477272727273e-01,5.113636363636364e-01,4.472751665387919e-03
4.758522727272727e-01,5.113636363636364e-01,2.859540221552403e-03
4.900568181818182e-01,5.113636363636364e-01,1.231693681837880e-03
5.042613636363636e-01,5.113636363636364e-01,4.301205235943807e-06
5.184659090909091e-01,5.113636363636364e-01,1.863855602242309e-05
5.326704545454546e-01,5.113636363636364e-01,3.297590680890248e-05
5.468750000000000e-01,5.113636363636364e-01,4.731325759538176e-05
5.610795454545454e-01,5.113636363636364e-01,6.165060838186104e-05
5.752840909090909e-01,5.113636363636364e-01,7.598795916834043e-05
5.894886363636364e-01,5.113636363636364e-01,9.032530995481970e-05
6.036931818181818e-01,5.113636363636364e-01,1.046626607412990e-04
6.178977272727273e-01,5.113636363636364e-01,1.214241344217984e-04
7.102272727272727e-03,5.340909090909091e-01,3.504307209202977e-02
2.130681818181818e-02,5.340909090909091e-01,3.476468449793896e-02
3.551136363636364e-02,5.340909090909091e-01,3.448629690384816e-02
4.971590909090909e-02,5.340909090909091e-01,3.420790930975735e-02
6.392045454545454e-02,5.340909090909091e-01,3.392952171566655e-02
7.812500000000000e-02,5.340909090909091e-01,3.365113412157574e-02
9.232954545454546e-02,5.340909090909091e-01,3.337522771781952e-02
1.065340909090909e-01,5.340909090909091e-01,3.312165202707446e-02
1.207386363636364e-01,5.340909090909091e-01,3.286807633632940e-02
1.349431818181818e-01,5.340909090909091e-01,3.222057020817001e-02
1.491477272727273e-01,5.340909090909091e-01,3.140423674969020e-02
1.633522727272727e-01,5.340909090909091e-01,3.058790329121040e-02
1.775568181818182e-01,5.340909090909091e-01,2.977156983273059e-02
1.917613636363636e-01,5.340909090909091e-01,2.895523637425078e-02
2.059659090909091e-01,5.340909090909091e-01,2.813890291577097e-02
2.201704545454546e-01,5.340909090909091e-01,2.733852347940119e-02
2.343750000000000e-01,5.340909090909091e-01,2.657537009462148e-02
2.485795454545454e-01,5.340909090909091e-01,2.581221670984176e-02
2.627840909090909e-01,5.340909090909091e-01,2.459346779580840e-02
2.769886363636364e-01,5.340909090909091e-01,2.332409715630241e-02
2.911931818181818e-01,5.340909090909091e-01,2.205472651679642e-02
3.053977272727273e-01,5.340909090909091e-01,2.078535587729043e-02
3.196022727272727e-01,5.340909090909091e-01,1.951598523778444e-02
3.338068181818182e-01,5.340909090909091e-01,1.824661459827845e-02
3.480113636363636e-01,5.340909090909091e-01,1.697350713859278e-02
3.622159090909091e-01,5.340909090909091e-01,1.569666285872744e-02
3.764204545454545e-01,5.340909090909091e-01,1.438618186246508e-02
3.906250000000000e-01,5.340909090909091e-01,1.277297041862955e-02
4.048295454545455e-01,5.340909090909091e-01,1.115975897479403e-02
4.190340909090909e-01,5.340909090909091e-01,9.546547530958517e-03
4.332386363636364e-01,5.340909090909091e-01,7.933336087122995e-03
4.474431818181818e-01,5.340909090909091e-01,6.320124643287474e-03
4.616477272727273e-01,5.340909090909091e-01,4.706913199451952e-03
4.758522727272727e-01,5.340909090909091e-01,2.991256084463423e-03
4.900568181818182e-01,5.340909090909091e-01,1.231693681837880e-03
5.042613636363636e-01,5.340909090909091e-01,4.301205235943807e-06
5.184659090909091e-01,5.340909090909091e-01,1.863855602242309e-05
5.326704545454546e-01,5.340909090909091e-01,3.297590680890248e-05
5.468750000000000e-01,5.340909090909091e-01,4.731325759538176e-05
5.610795454545454e-01,5.340909090909091e-01,6.165060838186104e-05
5.752840909090909e-01,5.340909090909091e-01,7.598795916834043e-05
5.894886363636364e-01,5.340909090909091e-01,9.032530995481970e-05
6.036931818181818e-01,5.340909090909091e-01,1.119350294233591e-04
6.178977272727273e-01,5.340909090909091e-01,1.343527898565720e-04
7.102272727272727e-03,5.568181818181818e-01,3.516440428739544e-02
2.130681818181818e-02,5.568181818181818e-01,3.488601669330462e-02
3.551136363636364e-02,5.568181818181818e-01,3.460762909921382e-02
4.971590909090909e-02,5.568181818181818e-01,3.432924150512301e-02
6.392045454545454e-02,5.568181818181818e-01,3.405085391103221e-02
7.812500000000000e-02,5.568181818181818e-01,3.378983464928342e-02
9.232954545454546e-02,5.568181818181818e-01,3.353625895853837e-02
1.065340909090909e-01,5.568181818181818e-01,3.328268326779331e-02
1.207386363636364e-01,5.568181818181818e-01,3.302910757704825e-02
1.349431818181818e-01,5.568181818181818e-01,3.238160144888887e-02
1.491477272727273e-01,5.568181818181818e-01,3.156526799040906e-02
1.633522727272727e-01,5.568181818181818e-01,3.074893453192925e-02
1.775568181818182e-01,5.568181818181818e-01,2.993260107344944e-02
1.917613636363636e-01,5.568181818181818e-01,2.911626761496963e-02
2.059659090909091e-01,5.568181818181818e-01,2.834779622281991e-02
2.201704545454546e-01,5.568181818181818e-01,2.758464283804019e-02
2.343750000000000e-01,5.568181818181818e-01,2.682148945326048e-02
2.485795454545454e-01,5.568181818181818e-01,2.605833606848076e-02
2.627840909090909e-01,5.568181818181818e-01,2.483958715444741e-02
2.769886363636364e-01,5.568181818181818e-01,2.357021651494141e-02
2.911931818181818e-01,5.568181818181818e-01,2.230084587543543e-02
3.053977272727273e-01,5.568181818181818e-01,2.103147523592943e-02
3.196022727272727e-01,5.568181818181818e-01,1.976135723238751e-02
3.338068181818182e-01,5.568181818181818e-01,1.848451295252216e-02
3.480113636363636e-01,5.568181818181818e-01,1.720766867265681e-02
3.622159090909091e-01,5.568181818181818e-01,1.593082439279147e-02
3.764204545454545e-01,5.568181818181818e-01,1.462034339652911e-02
3.906250000000000e-01,5.568181818181818e-01,1.300713195269359e-02
4.048295454545455e-01,5.568181818181818e-01,1.139392050885807e-02
4.190340909090909e-01,5.568181818181818e-01,9.780709065022552e-03
4.332386363636364e-01,5.568181818181818e-01,8.167497621187030e-03
4.474431818181818e-01,5.568181818181818e-01,6.510380889714502e-03
4.616477272727273e-01,5.568181818181818e-01,4.750818487088959e-03
4.758522727272727e-01,5.568181818181818e-01,2.991256084463423e-03
4.900568181818182e-01,5.568181818181818e-01,1.231693681837880e-03
5.042613636363636e-01,5.568181818181818e-01,4.301205235943807e-06
5.184659090909091e-01,5.568181818181818e-01,1.863855602242309e-05
5.326704545454546e-01,5.568181818181818e-01,3.297590680890248e-05
5.468750000000000e-01,5.568181818181818e-01,4.731325759538176e-05
5.610795454545454e-01,5.568181818181818e-01,6.165060838186104e-05
5.752840909090909e-01,5.568181818181818e-01,8.002816399170716e-05
5.894886363636364e-01,5.568181818181818e-01,1.024459244249199e-04
6.036931818181818e-01,5.568181818181818e-01,1.248636848581326e-04
6.178977272727273e-01,5.568181818181818e-01,1.472814452913455e-04
7.102272727272727e-03,5.795454545454546e-01,3.528573648276109e-02
2.130681818181818e-02,5.795454545454546e-01,3.500734888867028e-02
3.551136363636364e-02,5.795454545454546e-01,3.472896129457947e-02
4.971590909090909e-02,5.795454545454546e-01,3.445801727149240e-02
6.392045454545454e-02,5.795454545454546e-01,3.420444158074734e-02
7.812500000000000e-02,5.795454545454546e-01,3.395086589000228e-02
9.232954545454546e-02,5.795454545454546e-01,3.369729019925723e-02
1.065340909090909e-01,5.795454545454546e-01,3.344371450851216e-02
1.207386363636364e-01,5.795454545454546e-01,3.319013881776711e-02
1.349431818181818e-01,5.795454545454546e-01,3.254263268960773e-02
1.491477272727273e-01,5.795454545454546e-01,3.172629923112792e-02
1.633522727272727e-01,5.795454545454546e-01,3.090996577264811e-02
1.775568181818182e-01,5.795454545454546e-01,3.012022235101835e-02
1.917613636363636e-01,5.795454545454546e-01,2.935706896623863e-02
2.059659090909091e-01,5.795454545454546e-01,2.859391558145891e-02
2.201704545454546e-01,5.795454545454546e-01,2.783076219667920e-02
2.343750000000000e-01,5.795454545454546e-01,2.706760881189949e-02
2.485795454545454e-01,5.795454545454546e-01,2.630445542711977e-02
2.627840909090909e-01,5.795454545454546e-01,2.508570651308641e-02
2.769886363636364e-01,5.795454545454546e-01,2.381633587358042e-02
2.911931818181818e-01,5.795454545454546e-01,2.254696523407443e-02
3.053977272727273e-01,5.795454545454546e-01,2.127236304631689e-02
3.196022727272727e-01,5.795454545454546e-01,1.999551876645154e-02
3.338068181818182e-01,5.795454545454546e-01,1.871867448658620e-02
3.480113636363636e-01,5.795454545454546e-01,1.744183020672085e-02
3.622159090909091e-01,5.795454545454546e-01,1.616498592685551e-02
3.764204545454545e-01,5.795454545454546e-01,1.485450493059315e-02
3.906250000000000e-01,5.795454545454546e-01,1.324129348675762e-02
4.048295454545455e-01,5.795454545454546e-01,1.162808204292210e-02
4.190340909090909e-01,5.795454545454546e-01,1.001487059908659e-02
4.332386363636364e-01,5.795454545454546e-01,8.269943292340045e-03
4.474431818181818e-01,5.795454545454546e-01,6.510380889714502e-03
4.616477272727273e-01,5.795454545454546e-01,4.750818487088959e-03
4.758522727272727e-01,5.795454545454546e-01,2.991256084463423e-03
4.900568181818182e-01,5.795454545454546e-01,1.231693681837880e-03
5.042613636363636e-01,5.795454545454546e-01,4.301205235943807e-06
5.184659090909091e-01,5.795454545454546e-01,1.863855602242309e-05
5.326704545454546e-01,5.795454545454546e-01,3.297590680890248e-05
5.468750000000000e-01,5.795454545454546e-01,4.812129856005513e-05
5.610795454545454e-01,5.795454545454546e-01,7.053905899326787e-05
5.752840909090909e-01,5.795454545454546e-01,9.295681942648078e-05
5.894886363636364e-01,5.795454545454546e-01,1.153745798596935e-04
6.036931818181818e-01,5.795454545454546e-01,1.377923402929063e-04
6.178977272727273e-01,5.795454545454546e-01,1.602101007261192e-04
7.102272727272727e-03,6.022727272727273e-01,3.540706867812675e-02
2.130681818181818e-02,6.022727272727273e-01,3.512868108403594e-02
3.551136363636364e-02,6.022727272727273e-01,3.487262420295631e-02
4.971590909090909e-02,6.022727272727273e-01,3.461904851221125e-02
6.392045454545454e-02,6.022727272727273e-01,3.436547282146619e-02
7.812500000000000e-02,6.022727272727273e-01,3.411189713072113e-02
9.232954545454546e-02,6.022727272727273e-01,3.385832143997608e-02
1.065340909090909e-01,6.022727272727273e-01,3.360474574923102e-02
1.207386363636364e-01,6.022727272727273e-01,3.335117005848597e-02
1.349431818181818e-01,6.022727272727273e-01,3.270366393032657e-02
1.491477272727273e-01,6.022727272727273e-01,3.189264847921678e-02
1.633522727272727e-01,6.022727272727273e-01,3.112949509443706e-02
1.775568181818182e-01,6.022727272727273e-01,3.036634170965735e-02
1.917613636363636e-01,6.022727272727273e-01,2.960318832487763e-02
2.059659090909091e-01,6.022727272727273e-01,2.884003494009792e-02
2.201704545454546e-01,6.022727272727273e-01,2.807688155531821e-02
2.343750000000000e-01,6.022727272727273e-01,2.731372817053849e-02
2.485795454545454e-01,6.022727272727273e-01,2.655057478575877e-02
2.627840909090909e-01,6.022727272727273e-01,2.533182587172541e-02
2.769886363636364e-01,6.022727272727273e-01,2.406021314011161e-02
2.911931818181818e-01,6.022727272727273e-01,2.278336886024627e-02
3.053977272727273e-01,6.022727272727273e-01,2.150652458038092e-02
3.196022727272727e-01,6.022727272727273e-01,2.022968030051558e-02
3.338068181818182e-01,6.022727272727273e-01,1.895283602065023e-02
3.480113636363636e-01,6.022727272727273e-01,1.767599174078489e-02
3.622159090909091e-01,6.022727272727273e-01,1.639914746091954e-02
3.764204545454545e-01,6.022727272727273e-01,1.508866646465718e-02
3.906250000000000e-01,6.022727272727273e-01,1.347545502082166e-02
4.048295454545455e-01,6.022727272727273e-01,1.178906809759112e-02
4.190340909090909e-01,6.022727272727273e-01,1.002950569496559e-02
4.332386363636364e-01,6.022727272727273e-01,8.269943292340045e-03
4.474431818181818e-01,6.022727272727273e-01,6.510380889714502e-03
4.616477272727273e-01,6.022727272727273e-01,4.750818487088959e-03
4.758522727272727e-01,6.022727272727273e-01,2.991256084463423e-03
4.900568181818182e-01,6.022727272727273e-01,1.231693681837880e-03
5.042613636363636e-01,6.022727272727273e-01,4.301205235943807e-06
5.184659090909091e-01,6.022727272727273e-01,1.863855602242309e-05
5.326704545454546e-01,6.022727272727273e-01,3.863219356161595e-05
5.468750000000000e-01,6.022727272727273e-01,6.104995399482870e-05
5.610795454545454e-01,6.022727272727273e-01,8.346771442804143e-05
5.752840909090909e-01,6.022727272727273e-01,1.058854748612543e-04
5.894886363636364e-01,6.022727272727273e-01,1.283032352944671e-04
6.036931818181818e-01,6.022727272727273e-01,1.507209957276798e-04
6.178977272727273e-01,6.022727272727273e-01,1.731387561608928e-04
7.102272727272727e-03,6.250000000000000e-01,3.554080682516528e-02
2.130681818181818e-02,6.250000000000000e-01,3.528723113442023e-02
3.551136363636364e-02,6.250000000000000e-01,3.503365544367516e-02
4.971590909090909e-02,6.250000000000000e-01,3.478007975293011e-02
6.392045454545454e-02,6.250000000000000e-01,3.452650406218505e-02
7.812500000000000e-02,6.250000000000000e-01,3.427292837143999e-02
9.232954545454546e-02,6.250000000000000e-01,3.401935268069493e-02
1.065340909090909e-01,6.250000000000000e-01,3.376577698994988e-02
1.207386363636364e-01,6.250000000000000e-01,3.351220129920482e-02
1.349431818181818e-01,6.250000000000000e-01,3.290192122263549e-02
1.491477272727273e-01,6.250000000000000e-01,3.213876783785578e-02
1.633522727272727e-01,6.250000000000000e-01,3.137561445307607e-02
1.775568181818182e-01,6.250000000000000e-01,3.061246106829636e-02
1.917613636363636e-01,6.250000000000000e-01,2.984930768351664e-02
2.059659090909091e-01,6.250000000000000e-01,2.908615429873692e-02
2.201704545454546e-01,6.250000000000000e-01,2.832300091395721e-02
2.343750000000000e-01,6.250000000000000e-01,2.755984752917749e-02
2.485795454545454e-01,6.250000000000000e-01,2.679669414439778e-02
2.627840909090909e-01,6.250000000000000e-01,2.557121895404100e-02
2.769886363636364e-01,6.250000000000000e-01,2.429437467417565e-02
2.911931818181818e-01,6.250000000000000e-01,2.301753039431030e-02
3.053977272727273e-01,6.250000000000000e-01,2.174068611444496e-02
3.196022727272727e-01,6.250000000000000e-01,2.046384183457961e-02
3.338068181818182e-01,6.250000000000000e-01,1.918699755471426e-02
3.480113636363636e-01,6.250000000000000e-01,1.791015327484892e-02
3.622159090909091e-01,6.250000000000000e-01,1.663330899498357e-02
3.764204545454545e-01,6.250000000000000e-01,1.530819290284221e-02
3.906250000000000e-01,6.250000000000000e-01,1.354863050021667e-02
4.048295454545455e-01,6.250000000000000e-01,1.178906809759112e-02
4.190340909090909e-01,6.250000000000000e-01,1.002950569496559e-02
4.332386363636364e-01,6.250000000000000e-01,8.269943292340045e-03
4.474431818181818e-01,6.250000000000000e-01,6.510380889714502e-03
4.616477272727273e-01,6.250000000000000e-01,4.750818487088959e-03
4.758522727272727e-01,6.250000000000000e-01,2.991256084463423e-03
4.900568181818182e-01,6.250000000000000e-01,1.231693681837880e-03
5.042613636363636e-01,6.250000000000000e-01,6.725328129963857e-06
5.184659090909091e-01,6.250000000000000e-01,2.914308856317660e-05
5.326704545454546e-01,6.250000000000000e-01,5.156084899638951e-05
5.468750000000000e-01,6.250000000000000e-01,7.397860942960226e-05
5.610795454545454e-01,6.250000000000000e-01,9.639636986281499e-05
5.752840909090909e-01,6.250000000000000e-01,1.188141302960279e-04
5.894886363636364e-01,6.250000000000000e-01,1.412318907292407e-04
6.036931818181818e-01,6.250000000000000e-01,1.636496511624534e-04
6.178977272727273e-01,6.250000000000000e-01,1.860674115956663e-04
7.102272727272727e-03,6.477272727272727e-01,3.455196886704202e-02
2.130681818181818e-02,6.477272727272727e-01,3.429839317629696e-02
3.551136363636364e-02,6.477272727272727e-01,3.404481748555190e-02
4.971590909090909e-02,6.477272727272727e-01,3.379124179480684e-02
6.392045454545454e-02,6.477272727272727e-01,3.353766610406179e-02
7.812500000000000e-02,6.477272727272727e-01,3.328409041331673e-02
9.232954545454546e-02,6.477272727272727e-01,3.303051472257167e-02
1.065340909090909e-01,6.477272727272727e-01,3.279683945765204e-02
1.207386363636364e-01,6.477272727272727e-01,3.260959851965840e-02
1.349431818181818e-01,6.477272727272727e-01,3.201921886891450e-02
1.491477272727273e-01,6.477272727272727e-01,3.125606548413479e-02
1.633522727272727e-01,6.477272727272727e-01,3.049291209935507e-02
1.775568181818182e-01,6.477272727272727e-01,2.972975871457535e-02
1.917613636363636e-01,6.477272727272727e-01,2.896660532979564e-02
2.059659090909091e-01,6.477272727272727e-01,2.820345194501592e-02
2.201704545454546e-01,6.477272727272727e-01,2.744029856023621e-02
2.343750000000000e-01,6.477272727272727e-01,2.676762834450003e-02
2.485795454545454e-01,6.477272727272727e-01,2.618544129780738e-02
2.627840909090909e-01,6.477272727272727e-01,2.497806274125930e-02
2.769886363636364e-01,6.477272727272727e-01,2.370121846139395e-02
2.911931818181818e-01,6.477272727272727e-01,2.242437418152861e-02
3.053977272727273e-01,6.477272727272727e-01,2.114752990166326e-02
3.196022727272727e-01,6.477272727272727e-01,1.987068562179792e-02
3.338068181818182e-01,6.477272727272727e-01,1.859384134193257e-02
3.480113636363636e-01,6.477272727272727e-01,1.731699706206722e-02
3.622159090909091e-01,6.477272727272727e-01,1.618709991847418e-02
3.764204545454545e-01,6.477272727272727e-01,1.505091585868293e-02
3.906250000000000e-01,6.477272727272727e-01,1.329135345605739e-02
4.048295454545455e-01,6.477272727272727e-01,1.153179105343185e-02
4.190340909090909e-01,6.477272727272727e-01,9.772228650806309e-03
4.332386363636364e-01,6.477272727272727e-01,8.012666248180766e-03
4.474431818181818e-01,6.477272727272727e-01,6.253103845555223e-03
4.616477272727273e-01,6.477272727272727e-01,4.493541442929679e-03
4.758522727272727e-01,6.477272727272727e-01,2.733979040304143e-03
4.900568181818182e-01,6.477272727272727e-01,1.119134975018195e-03
5.042613636363636e-01,6.477272727272727e-01,6.725328129963857e-06
5.184659090909091e-01,6.477272727272727e-01,2.914308856317660e-05
5.326704545454546e-01,6.477272727272727e-01,5.156084899638951e-05
5.468750000000000e-01,6.477272727272727e-01,7.397860942960226e-05
5.610795454545454e-01,6.477272727272727e-01,9.639636986281499e-05
5.752840909090909e-01,6.477272727272727e-01,1.188141302960279e-04
5.894886363636364e-01,6.477272727272727e-01,1.412318907292407e-04
6.036931818181818e-01,6.477272727272727e-01,1.639468048689151e-04
6.178977272727273e-01,6.477272727272727e-01,1.893361023667452e-04
7.102272727272727e-03,6.704545454545454e-01,3.356313090891876e-02
2.130681818181818e-02,6.704545454545454e-01,3.330955521817370e-02
3.551136363636364e-02,6.704545454545454e-01,3.305597952742864e-02
4.971590909090909e-02,6.704545454545454e-01,3.280240383668358e-02
6.392045454545454e-02,6.704545454545454e-01,3.254882814593853e-02
7.812500000000000e-02,6.704545454545454e-01,3.229525245519347e-02
9.232954545454546e-02,6.704545454545454e-01,3.210137804192469e-02
1.065340909090909e-01,6.704545454545454e-01,3.191413710393104e-02
1.207386363636364e-01,6.704545454545454e-01,3.172689616593739e-02
1.349431818181818e-01,6.704545454545454e-01,3.113651651519350e-02
1.491477272727273e-01,6.704545454545454e-01,3.037336313041378e-02
1.633522727272727e-01,6.704545454545454e-01,2.961020974563407e-02
1.775568181818182e-01,6.704545454545454e-01,2.884705636085435e-02
1.917613636363636e-01,6.704545454545454e-01,2.808390297607464e-02
2.059659090909091e-01,6.704545454545454e-01,2.733884622510363e-02
2.201704545454546e-01,6.704545454545454e-01,2.675665917841098e-02
2.343750000000000e-01,6.704545454545454e-01,2.617447213171833e-02
2.485795454545454e-01,6.704545454545454e-01,2.559228508502568e-02
2.627840909090909e-01,6.704545454545454e-01,2.438490652847761e-02
2.769886363636364e-01,6.704545454545454e-01,2.310806224861225e-02
2.911931818181818e-01,6.704545454545454e-01,2.183121796874691e-02
3.053977272727273e-01,6.704545454545454e-01,2.055437368888156e-02
3.196022727272727e-01,6.704545454545454e-01,1.927752940901622e-02
3.338068181818182e-01,6.704545454545454e-01,1.806366247326758e-02
3.480113636363636e-01,6.704545454545454e-01,1.699674267379124e-02
3.622159090909091e-01,6.704545454545454e-01,1.592982287431490e-02
3.764204545454545e-01,6.704545454545454e-01,1.479363881452365e-02
3.906250000000000e-01,6.704545454545454e-01,1.303407641189811e-02
4.048295454545455e-01,6.704545454545454e-01,1.127451400927256e-02
4.190340909090909e-01,6.704545454545454e-01,9.514951606647028e-03
4.332386363636364e-01,6.704545454545454e-01,7.755389204021486e-03
4.474431818181818e-01,6.704545454545454e-01,5.995826801395943e-03
4.616477272727273e-01,6.704545454545454e-01,4.316663475070174e-03
4.758522727272727e-01,6.704545454545454e-01,2.717899225044187e-03
4.900568181818182e-01,6.704545454545454e-01,1.119134975018195e-03
5.042613636363636e-01,6.704545454545454e-01,6.725328129963857e-06
5.184659090909091e-01,6.704545454545454e-01,2.914308856317660e-05
5.326704545454546e-01,6.704545454545454e-01,5.156084899638951e-05
5.468750000000000e-01,6.704545454545454e-01,7.397860942960226e-05
5.610795454545454e-01,6.704545454545454e-01,9.639636986281499e-05
5.752840909090909e-01,6.704545454545454e-01,1.188141302960279e-04
5.894886363636364e-01,6.704545454545454e-01,1.433119666744726e-04
6.036931818181818e-01,6.704545454545454e-01,1.687012641723026e-04
6.178977272727273e-01,6.704545454545454e-01,1.940905616701327e-04
7.102272727272727e-03,6.931818181818182e-01,3.257429295079549e-02
2.130681818181818e-02,6.931818181818182e-01,3.232071726005043e-02
3.551136363636364e-02,6.931818181818182e-01,3.206714156930537e-02
4.971590909090909e-02,6.931818181818182e-01,3.181356587856032e-02
6.392045454545454e-02,6.931818181818182e-01,3.159315756419097e-02
7.812500000000000e-02,6.931818181818182e-01,3.140591662619732e-02
9.232954545454546e-02,6.931818181818182e-01,3.121867568820368e-02
1.065340909090909e-01,6.931818181818182e-01,3.103143475021003e-02
1.207386363636364e-01,6.931818181818182e-01,3.084419381221639e-02
1.349431818181818e-01,6.931818181818182e-01,3.025381416147249e-02
1.491477272727273e-01,6.931818181818182e-01,2.949066077669278e-02
1.633522727272727e-01,6.931818181818182e-01,2.872750739191306e-02
1.775568181818182e-01,6.931818181818182e-01,2.796435400713335e-02
1.917613636363636e-01,6.931818181818182e-01,2.732787705901458e-02
2.059659090909091e-01,6.931818181818182e-01,2.674569001232193e-02
2.201704545454546e-01,6.931818181818182e-01,2.616350296562928e-02
2.343750000000000e-01,6.931818181818182e-01,2.558131591893663e-02
2.485795454545454e-01,6.931818181818182e-01,2.499912887224398e-02
2.627840909090909e-01,6.931818181818182e-01,2.379175031569590e-02
2.769886363636364e-01,6.931818181818182e-01,2.251490603583055e-02
2.911931818181818e-01,6.931818181818182e-01,2.123806175596521e-02
3.053977272727273e-01,6.931818181818182e-01,1.996121747609986e-02
3.196022727272727e-01,6.931818181818182e-01,1.887330522858463e-02
3.338068181818182e-01,6.931818181818182e-01,1.780638542910829e-02
3.480113636363636e-01,6.931818181818182e-01,1.673946562963196e-02
3.622159090909091e-01,6.931818181818182e-01,1.567254583015562e-02
3.764204545454545e-01,6.931818181818182e-01,1.453636177036437e-02
3.906250000000000e-01,6.931818181818182e-01,1.277679936773883e-02
4.048295454545455e-01,6.931818181818182e-01,1.101723696511328e-02
4.190340909090909e-01,6.931818181818182e-01,9.257674562487748e-03
4.332386363636364e-01,6.931818181818182e-01,7.514191975122160e-03
4.474431818181818e-01,6.931818181818182e-01,5.915427725096167e-03
4.616477272727273e-01,6.931818181818182e-01,4.316663475070174e-03
4.758522727272727e-01,6.931818181818182e-01,2.717899225044187e-03
4.900568181818182e-01,6.931818181818182e-01,1.119134975018195e-03
5.042613636363636e-01,6.931818181818182e-01,6.725328129963857e-06
5.184659090909091e-01,6.931818181818182e-01,2.914308856317660e-05
5.326704545454546e-01,6.931818181818182e-01,5.156084899638951e-05
5.468750000000000e-01,6.931818181818182e-01,7.397860942960226e-05
5.610795454545454e-01,6.931818181818182e-01,9.728783098220014e-05
5.752840909090909e-01,6.931818181818182e-01,1.226771284800303e-04
5.894886363636364e-01,6.931818181818182e-01,1.480664259778602e-04
6.036931818181818e-01,6.931818181818182e-01,1.734557234756901e-04
6.178977272727273e-01,6.931818181818182e-01,1.988450209735202e-04
7.102272727272727e-03,7.159090909090909e-01,3.158545499267223e-02
2.130681818181818e-02,7.159090909090909e-01,3.133187930192717e-02
3.551136363636364e-02,7.159090909090909e-01,3.108493708645725e-02
4.971590909090909e-02,7.159090909090909e-01,3.089769614846361e-02
6.392045454545454e-02,7.159090909090909e-01,3.071045521046997e-02
7.812500000000000e-02,7.159090909090909e-01,3.052321427247632e-02
9.232954545454546e-02,7.159090909090909e-01,3.033597333448268e-02
1.065340909090909e-01,7.159090909090909e-01,3.014873239648903e-02
1.207386363636364e-01,7.159090909090909e-01,2.996149145849539e-02
1.349431818181818e-01,7.159090909090909e-01,2.937111180775149e-02
1.491477272727273e-01,7.159090909090909e-01,2.860795842297178e-02
1.633522727272727e-01,7.159090909090909e-01,2.789909493961818e-02
1.775568181818182e-01,7.159090909090909e-01,2.731690789292553e-02
1.917613636363636e-01,7.159090909090909e-01,2.673472084623288e-02
2.059659090909091e-01,7.159090909090909e-01,2.615253379954023e-02
2.201704545454546e-01,7.159090909090909e-01,2.557034675284758e-02
2.343750000000000e-01,7.159090909090909e-01,2.498815970615493e-02
2.485795454545454e-01,7.159090909090909e-01,2.440597265946228e-02
2.627840909090909e-01,7.159090909090909e-01,2.319859410291421e-02
2.769886363636364e-01,7.159090909090909e-01,2.192174982304886e-02
2.911931818181818e-01,7.159090909090909e-01,2.074986778337802e-02
3.053977272727273e-01,7.159090909090909e-01,1.968294798390168e-02
3.196022727272727e-01,7.159090909090909e-01,1.861602818442535e-02
3.338068181818182e-01,7.159090909090909e-01,1.754910838494901e-02
3.480113636363636e-01,7.159090909090909e-01,1.648218858547268e-02
3.622159090909091e-01,7.159090909090909e-01,1.541526878599634e-02
3.764204545454545e-01,7.159090909090909e-01,1.427908472620509e-02
3.906250000000000e-01,7.159090909090909e-01,1.251952232357955e-02
4.048295454545455e-01,7.159090909090909e-01,1.075995992095400e-02
4.190340909090909e-01,7.159090909090909e-01,9.112956225148154e-03
4.332386363636364e-01,7.159090909090909e-01,7.514191975122160e-03
4.474431818181818e-01,7.159090909090909e-01,5.915427725096167e-03
4.616477272727273e-01,7.159090909090909e-01,4.316663475070174e-03
4.758522727272727e-01,7.159090909090909e-01,2.717899225044187e-03
4.900568181818182e-01,7.159090909090909e-01,1.119134975018195e-03
5.042613636363636e-01,7.159090909090909e-01,6.725328129963857e-06
5.184659090909091e-01,7.159090909090909e-01,2.914308856317660e-05
5.326704545454546e-01,7.159090909090909e-01,5.156084899638951e-05
5.468750000000000e-01,7.159090909090909e-01,7.665299278775772e-05
5.610795454545454e-01,7.159090909090909e-01,1.020422902855876e-04
5.752840909090909e-01,7.159090909090909e-01,1.274315877834178e-04
5.894886363636364e-01,7.159090909090909e-01,1.528208852812477e-04
6.036931818181818e-01,7.159090909090909e-01,1.782101827790776e-04
6.178977272727273e-01,7.159090909090909e-01,2.035994802769077e-04
7.102272727272727e-03,7.386363636363636e-01,3.059661703454896e-02
2.130681818181818e-02,7.386363636363636e-01,3.038947567072990e-02
3.551136363636364e-02,7.386363636363636e-01,3.020223473273625e-02
4.971590909090909e-02,7.386363636363636e-01,3.001499379474261e-02
6.392045454545454e-02,7.386363636363636e-01,2.982775285674897e-02
7.812500000000000e-02,7.386363636363636e-01,2.964051191875532e-02
9.232954545454546e-02,7.386363636363636e-01,2.945327098076167e-02
1.065340909090909e-01,7.386363636363636e-01,2.926603004276803e-02
1.207386363636364e-01,7.386363636363636e-01,2.907878910477438e-02
1.349431818181818e-01,7.386363636363636e-01,2.848840945403049e-02
1.491477272727273e-01,7.386363636363636e-01,2.788812577352914e-02
1.633522727272727e-01,7.386363636363636e-01,2.730593872683649e-02
1.775568181818182e-01,7.386363636363636e-01,2.672375168014384e-02
1.917613636363636e-01,7.386363636363636e-01,2.614156463345119e-02
2.059659090909091e-01,7.386363636363636e-01,2.555937758675853e-02
2.201704545454546e-01,7.386363636363636e-01,2.497719054006588e-02
2.343750000000000e-01,7.386363636363636e-01,2.439500349337324e-02
2.485795454545454e-01,7.386363636363636e-01,2.381281644668059e-02
2.627840909090909e-01,7.386363636363636e-01,2.262643033817141e-02
2.769886363636364e-01,7.386363636363636e-01,2.155951053869508e-02
2.911931818181818e-01,7.386363636363636e-01,2.049259073921874e-02
3.053977272727273e-01,7.386363636363636e-01,1.942567093974240e-02
3.196022727272727e-01,7.386363636363636e-01,1.835875114026607e-02
3.338068181818182e-01,7.386363636363636e-01,1.729183134078973e-02
3.480113636363636e-01,7.386363636363636e-01,1.622491154131340e-02
3.622159090909091e-01,7.386363636363636e-01,1.515799174183706e-02
3.764204545454545e-01,7.386363636363636e-01,1.402180768204581e-02
3.906250000000000e-01,7.386363636363636e-01,1.231048472520013e-02
4.048295454545455e-01,7.386363636363636e-01,1.071172047517414e-02
4.190340909090909e-01,7.386363636363636e-01,9.112956225148154e-03
4.332386363636364e-01,7.386363636363636e-01,7.514191975122160e-03
4.474431818181818e-01,7.386363636363636e-01,5.915427725096167e-03
4.616477272727273e-01,7.386363636363636e-01,4.316663475070174e-03
4.758522727272727e-01,7.386363636363636e-01,2.717899225044187e-03
4.900568181818182e-01,7.386363636363636e-01,1.119134975018195e-03
5.042613636363636e-01,7.386363636363636e-01,6.725328129963857e-06
5.184659090909091e-01,7.386363636363636e-01,3.062885709548518e-05
5.326704545454546e-01,7.386363636363636e-01,5.601815459331530e-05
5.468750000000000e-01,7.386363636363636e-01,8.140745209114522e-05
5.610795454545454e-01,7.386363636363636e-01,1.067967495889751e-04
5.752840909090909e-01,7.386363636363636e-01,1.321860470868053e-04
5.894886363636364e-01,7.386363636363636e-01,1.575753445846352e-04
6.036931818181818e-01,7.386363636363636e-01,1.829646420824651e-04
6.178977272727273e-01,7.386363636363636e-01,2.083539395802952e-04
7.102272727272727e-03,7.613636363636364e-01,2.903535176424662e-02
2.130681818181818e-02,7.613636363636364e-01,2.884811082625298e-02
3.551136363636364e-02,7.613636363636364e-01,2.866086988825933e-02
4.971590909090909e-02,7.613636363636364e-01,2.847362895026569e-02
6.392045454545454e-02,7.613636363636364e-01,2.828638801227205e-02
7.812500000000000e-02,7.613636363636364e-01,2.809914707427841e-02
9.232954545454546e-02,7.613636363636364e-01,2.791190613628476e-02
1.065340909090909e-01,7.613636363636364e-01,2.772466519829112e-02
1.207386363636364e-01,7.613636363636364e-01,2.758527054049393e-02
1.349431818181818e-01,7.613636363636364e-01,2.715027509452887e-02
1.491477272727273e-01,7.613636363636364e-01,2.656808804783622e-02
1.633522727272727e-01,7.613636363636364e-01,2.598590100114357e-02
1.775568181818182e-01,7.613636363636364e-01,2.540371395445092e-02
1.917613636363636e-01,7.613636363636364e-01,2.482152690775826e-02
2.059659090909091e-01,7.613636363636364e-01,2.423933986106561e-02
2.201704545454546e-01,7.613636363636364e-01,2.365715281437297e-02
2.343750000000000e-01,7.613636363636364e-01,2.307496576768031e-02
2.485795454545454e-01,7.613636363636364e-01,2.269279437643816e-02
2.627840909090909e-01,7.613636363636364e-01,2.170292151730455e-02
2.769886363636364e-01,7.613636363636364e-01,2.063600171782821e-02
2.911931818181818e-01,7.613636363636364e-01,1.956908191835188e-02
3.053977272727273e-01,7.613636363636364e-01,1.850216211887554e-02
3.196022727272727e-01,7.613636363636364e-01,1.743524231939921e-02
3.338068181818182e-01,7.613636363636364e-01,1.636832251992288e-02
3.480113636363636e-01,7.613636363636364e-01,1.530140272044654e-02
3.622159090909091e-01,7.613636363636364e-01,1.423448292097020e-02
3.764204545454545e-01,7.613636363636364e-01,1.346665105527918e-02
3.906250000000000e-01,7.613636363636364e-01,1.186788680525319e-02
4.048295454545455e-01,7.613636363636364e-01,1.026912255522720e-02
4.190340909090909e-01,7.613636363636364e-01,8.670358305201211e-03
4.332386363636364e-01,7.613636363636364e-01,7.071594055175217e-03
4.474431818181818e-01,7.613636363636364e-01,5.472829805149224e-03
4.616477272727273e-01,7.613636363636364e-01,3.874065555123231e-03
4.758522727272727e-01,7.613636363636364e-01,2.275301305097245e-03
4.900568181818182e-01,7.613636363636364e-01,7.318617950646190e-04
5.042613636363636e-01,7.613636363636364e-01,7.616789249349015e-06
5.184659090909091e-01,7.613636363636364e-01,3.300608674717893e-05
5.326704545454546e-01,7.613636363636364e-01,5.839538424500905e-05
5.468750000000000e-01,7.613636363636364e-01,8.378468174283896e-05
5.610795454545454e-01,7.613636363636364e-01,1.091739792406689e-04
5.752840909090909e-01,7.613636363636364e-01,1.345632767384990e-04
5.894886363636364e-01,7.613636363636364e-01,1.599525742363289e-04
6.036931818181818e-01,7.613636363636364e-01,1.853418717341588e-04
6.178977272727273e-01,7.613636363636364e-01,2.089431157979637e-04
7.102272727272727e-03,7.840909090909091e-01,2.683532442901379e-02
2.130681818181818e-02,7.840909090909091e-01,2.664808349102014e-02
3.551136363636364e-02,7.840909090909091e-01,2.646084255302650e-02
4.971590909090909e-02,7.840909090909091e-01,2.627360161503285e-02
6.392045454545454e-02,7.840909090909091e-01,2.608636067703921e-02
7.812500000000000e-02,7.840909090909091e-01,2.589911973904557e-02
9.232954545454546e-02,7.840909090909091e-01,2.572144805709121e-02
1.065340909090909e-01,7.840909090909091e-01,2.562989967949050e-02
1.207386363636364e-01,7.840909090909091e-01,2.553835130188979e-02
1.349431818181818e-01,7.840909090909091e-01,2.510335585592472e-02
1.491477272727273e-01,7.840909090909091e-01,2.452116880923207e-02
1.633522727272727e-01,7.840909090909091e-01,2.393898176253942e-02
1.775568181818182e-01,7.840909090909091e-01,2.335679471584677e-02
1.917613636363636e-01,7.840909090909091e-01,2.277460766915412e-02
2.059659090909091e-01,7.840909090909091e-01,2.219242062246147e-02
2.201704545454546e-01,7.840909090909091e-01,2.169595457096189e-02
2.343750000000000e-01,7.840909090909091e-01,2.139950417491281e-02
2.485795454545454e-01,7.840909090909091e-01,2.110305377886372e-02
2.627840909090909e-01,7.840909090909091e-01,2.011318091973012e-02
2.769886363636364e-01,7.840909090909091e-01,1.904626112025378e-02
2.911931818181818e-01,7.840909090909091e-01,1.797934132077745e-02
3.053977272727273e-01,7.840909090909091e-01,1.691242152130111e-02
3.196022727272727e-01,7.840909090909091e-01,1.584550172182477e-02
3.338068181818182e-01,7.840909090909091e-01,1.477858192234844e-02
3.480113636363636e-01,7.840909090909091e-01,1.393183235964728e-02
3.622159090909091e-01,7.840909090909091e-01,1.330525303372129e-02
3.764204545454545e-01,7.840909090909091e-01,1.258145521538530e-02
3.906250000000000e-01,7.840909090909091e-01,1.098269096535930e-02
4.048295454545455e-01,7.840909090909091e-01,9.383926715333312e-03
4.190340909090909e-01,7.840909090909091e-01,7.785162465307326e-03
4.332386363636364e-01,7.840909090909091e-01,6.186398215281332e-03
4.474431818181818e-01,7.840909090909091e-01,4.587633965255339e-03
4.616477272727273e-01,7.840909090909091e-01,2.988869715229346e-03
4.758522727272727e-01,7.840909090909091e-01,1.777378645156932e-03
4.900568181818182e-01,7.840909090909091e-01,7.318617950646190e-04
5.042613636363636e-01,7.840909090909091e-01,7.616789249349015e-06
5.184659090909091e-01,7.840909090909091e-01,3.300608674717893e-05
5.326704545454546e-01,7.840909090909091e-01,5.839538424500905e-05
5.468750000000000e-01,7.840909090909091e-01,8.378468174283896e-05
5.610795454545454e-01,7.840909090909091e-01,1.091739792406689e-04
5.752840909090909e-01,7.840909090909091e-01,1.345632767384990e-04
5.894886363636364e-01,7.840909090909091e-01,1.599525742363289e-04
6.036931818181818e-01,7.840909090909091e-01,1.799777114320831e-04
6.178977272727273e-01,7.840909090909091e-01,1.994068308164957e-04
7.102272727272727e-03,8.068181818181818e-01,2.463529709378095e-02
2.130681818181818e-02,8.068181818181818e-01,2.444805615578731e-02
3.551136363636364e-02,8.068181818181818e-01,2.426081521779366e-02
4.971590909090909e-02,8.068181818181818e-01,2.407357427980002e-02
6.392045454545454e-02,8.068181818181818e-01,2.388633334180638e-02
7.812500000000000e-02,8.068181818181818e-01,2.376607719608778e-02
9.232954545454546e-02,8.068181818181818e-01,2.367452881848707e-02
1.065340909090909e-01,8.068181818181818e-01,2.358298044088636e-02
1.207386363636364e-01,8.068181818181818e-01,2.349143206328565e-02
1.349431818181818e-01,8.068181818181818e-01,2.305643661732058e-02
1.491477272727273e-01,8.068181818181818e-01,2.247424957062793e-02
1.633522727272727e-01,8.068181818181818e-01,2.189206252393528e-02
1.775568181818182e-01,8.068181818181818e-01,2.130987547724263e-02
1.917613636363636e-01,8.068181818181818e-01,2.072768843054998e-02
2.059659090909091e-01,8.068181818181818e-01,2.040266436943653e-02
2.201704545454546e-01,8.068181818181818e-01,2.010621397338745e-02
2.343750000000000e-01,8.068181818181818e-01,1.980976357733837e-02
2.485795454545454e-01,8.068181818181818e-01,1.951331318128929e-02
2.627840909090909e-01,8.068181818181818e-01,1.852344032215568e-02
2.769886363636364e-01,8.068181818181818e-01,1.745652052267935e-02
2.911931818181818e-01,8.068181818181818e-01,1.638960072320301e-02
3.053977272727273e-01,8.068181818181818e-01,1.532268092372667e-02
3.196022727272727e-01,8.068181818181818e-01,1.429979517160537e-02
3.338068181818182e-01,8.068181818181818e-01,1.367321584567938e-02
3.480113636363636e-01,8.068181818181818e-01,1.304663651975339e-02
3.622159090909091e-01,8.068181818181818e-01,1.242005719382740e-02
3.764204545454545e-01,8.068181818181818e-01,1.169625937549141e-02
3.906250000000000e-01,8.068181818181818e-01,1.009749512546542e-02
4.048295454545455e-01,8.068181818181818e-01,8.498730875439425e-03
4.190340909090909e-01,8.068181818181818e-01,6.899966625413439e-03
4.332386363636364e-01,8.068181818181818e-01,5.301202375387446e-03
4.474431818181818e-01,8.068181818181818e-01,3.868412345341555e-03
4.616477272727273e-01,8.068181818181818e-01,2.822895495249242e-03
4.758522727272727e-01,8.068181818181818e-01,1.777378645156932e-03
4.900568181818182e-01,8.068181818181818e-01,7.318617950646190e-04
5.042613636363636e-01,8.068181818181818e-01,7.616789249349015e-06
5.184659090909091e-01,8.068181818181818e-01,3.300608674717893e-05
5.326704545454546e-01,8.068181818181818e-01,5.839538424500905e-05
5.468750000000000e-01,8.068181818181818e-01,8.378468174283896e-05
5.610795454545454e-01,8.068181818181818e-01,1.091739792406689e-04
5.752840909090909e-01,8.068181818181818e-01,1.315831876817903e-04
5.894886363636364e-01,8.068181818181818e-01,1.510123070662027e-04
6.036931818181818e-01,8.068181818181818e-01,1.704414264506151e-04
6.178977272727273e-01,8.068181818181818e-01,1.898705458350276e-04
7.102272727272727e-03,8.295454545454546e-01,2.243526975854811e-02
2.130681818181818e-02,8.295454545454546e-01,2.224802882055446e-02
3.551136363636364e-02,8.295454545454546e-01,2.206078788256082e-02
4.971590909090909e-02,8.295454545454546e-01,2.190225471268505e-02
6.392045454545454e-02,8.295454545454546e-01,2.181070633508434e-02
7.812500000000000e-02,8.295454545454546e-01,2.171915795748363e-02
9.232954545454546e-02,8.295454545454546e-01,2.162760957988292e-02
1.065340909090909e-01,8.295454545454546e-01,2.153606120228221e-02
1.207386363636364e-01,8.295454545454546e-01,2.144451282468149e-02
1.349431818181818e-01,8.295454545454546e-01,2.100951737871642e-02
1.491477272727273e-01,8.295454545454546e-01,2.042733033202377e-02
1.633522727272727e-01,8.295454545454546e-01,1.984514328533112e-02
1.775568181818182e-01,8.295454545454546e-01,1.940582456396026e-02
1.917613636363636e-01,8.295454545454546e-01,1.910937416791118e-02
2.059659090909091e-01,8.295454545454546e-01,1.881292377186209e-02
2.201704545454546e-01,8.295454545454546e-01,1.851647337581301e-02
2.343750000000000e-01,8.295454545454546e-01,1.822002297976393e-02
2.485795454545454e-01,8.295454545454546e-01,1.792357258371485e-02
2.627840909090909e-01,8.295454545454546e-01,1.693369972458124e-02
2.769886363636364e-01,8.295454545454546e-01,1.586677992510490e-02
2.911931818181818e-01,8.295454545454546e-01,1.479986012562857e-02
3.053977272727273e-01,8.295454545454546e-01,1.404117865763747e-02
3.196022727272727e-01,8.295454545454546e-01,1.341459933171148e-02
3.338068181818182e-01,8.295454545454546e-01,1.278802000578549e-02
3.480113636363636e-01,8.295454545454546e-01,1.216144067985950e-02
3.622159090909091e-01,8.295454545454546e-01,1.153486135393351e-02
3.764204545454545e-01,8.295454545454546e-01,1.081106353559752e-02
3.906250000000000e-01,8.295454545454546e-01,9.212299285571528e-03
4.048295454545455e-01,8.295454545454546e-01,7.613535035545536e-03
4.190340909090909e-01,8.295454545454546e-01,6.014770785519549e-03
4.332386363636364e-01,8.295454545454546e-01,4.913929195433869e-03
4.474431818181818e-01,8.295454545454546e-01,3.868412345341555e-03
4.616477272727273e-01,8.295454545454546e-01,2.822895495249242e-03
4.758522727272727e-01,8.295454545454546e-01,1.777378645156932e-03
4.900568181818182e-01,8.295454545454546e-01,7.318617950646190e-04
5.042613636363636e-01,8.295454545454546e-01,7.616789249349015e-06
5.184659090909091e-01,8.295454545454546e-01,3.300608674717893e-05
5.326704545454546e-01,8.295454545454546e-01,5.839538424500905e-05
5.468750000000000e-01,8.295454545454546e-01,8.318866393149720e-05
5.610795454545454e-01,8.295454545454546e-01,1.026177833159096e-04
5.752840909090909e-01,8.295454545454546e-01,1.220469027003222e-04
5.894886363636364e-01,8.295454545454546e-01,1.414760220847346e-04
6.036931818181818e-01,8.295454545454546e-01,1.609051414691470e-04
6.178977272727273e-01,8.295454545454546e-01,1.803342608535596e-04
7.102272727272727e-03,8.522727272727273e-01,2.023524242331527e-02
2.130681818181818e-02,8.522727272727273e-01,2.004800148532163e-02
3.551136363636364e-02,8.522727272727273e-01,1.994688385168162e-02
4.971590909090909e-02,8.522727272727273e-01,1.985533547408091e-02
6.392045454545454e-02,8.522727272727273e-01,1.976378709648020e-02
7.812500000000000e-02,8.522727272727273e-01,1.967223871887949e-02
9.232954545454546e-02,8.522727272727273e-01,1.958069034127877e-02
1.065340909090909e-01,8.522727272727273e-01,1.948914196367806e-02
1.207386363636364e-01,8.522727272727273e-01,1.939759358607735e-02
1.349431818181818e-01,8.522727272727273e-01,1.896259814011228e-02
1.491477272727273e-01,8.522727272727273e-01,1.840898475848399e-02
1.633522727272727e-01,8.522727272727273e-01,1.811253436243490e-02
1.775568181818182e-01,8.522727272727273e-01,1.781608396638582e-02
1.917613636363636e-01,8.522727272727273e-01,1.751963357033674e-02
2.059659090909091e-01,8.522727272727273e-01,1.722318317428766e-02
2.201704545454546e-01,8.522727272727273e-01,1.692673277823858e-02
2.343750000000000e-01,8.522727272727273e-01,1.663028238218950e-02
2.485795454545454e-01,8.522727272727273e-01,1.633383198614041e-02
2.627840909090909e-01,8.522727272727273e-01,1.534395912700681e-02
2.769886363636364e-01,8.522727272727273e-01,1.440914146959557e-02
2.911931818181818e-01,8.522727272727273e-01,1.378256214366958e-02
3.053977272727273e-01,8.522727272727273e-01,1.315598281774359e-02
3.196022727272727e-01,8.522727272727273e-01,1.252940349181760e-02
3.338068181818182e-01,8.522727272727273e-01,1.190282416589161e-02
3.480113636363636e-01,8.522727272727273e-01,1.127624483996562e-02
3.622159090909091e-01,8.522727272727273e-01,1.064966551403962e-02
3.764204545454545e-01,8.522727272727273e-01,9.925867695703637e-03
3.906250000000000e-01,8.522727272727273e-01,8.327103445677643e-03
4.048295454545455e-01,8.522727272727273e-01,7.004962895618492e-03
4.190340909090909e-01,8.522727272727273e-01,5.959446045526182e-03
4.332386363636364e-01,8.522727272727273e-01,4.913929195433869e-03
4.474431818181818e-01,8.522727272727273e-01,3.868412345341555e-03
4.616477272727273e-01,8.522727272727273e-01,2.822895495249242e-03
4.758522727272727e-01,8.522727272727273e-01,1.777378645156932e-03
4.900568181818182e-01,8.522727272727273e-01,7.318617950646190e-04
5.042613636363636e-01,8.522727272727273e-01,7.616789249349015e-06
5.184659090909091e-01,8.522727272727273e-01,3.300608674717893e-05
5.326704545454546e-01,8.522727272727273e-01,5.422325956561676e-05
5.468750000000000e-01,8.522727272727273e-01,7.365237895002919e-05
5.610795454545454e-01,8.522727272727273e-01,9.308149833444160e-05
5.752840909090909e-01,8.522727272727273e-01,1.125106177188542e-04
5.894886363636364e-01,8.522727272727273e-01,1.319397371032666e-04
6.036931818181818e-01,8.522727272727273e-01,1.513688564876790e-04
6.178977272727273e-01,8.522727272727273e-01,1.707979758720916e-04
7.102272727272727e-03,8.750000000000000e-01,1.808306136827890e-02
2.130681818181818e-02,8.750000000000000e-01,1.799151299067819e-02
3.551136363636364e-02,8.750000000000000e-01,1.789996461307748e-02
4.971590909090909e-02,8.750000000000000e-01,1.780841623547677e-02
6.392045454545454e-02,8.750000000000000e-01,1.771686785787605e-02
7.812500000000000e-02,8.750000000000000e-01,1.762531948027534e-02
9.232954545454546e-02,8.750000000000000e-01,1.753377110267463e-02
1.065340909090909e-01,8.750000000000000e-01,1.744222272507392e-02
1.207386363636364e-01,8.750000000000000e-01,1.735067434747321e-02
1.349431818181818e-01,8.750000000000000e-01,1.711569455695863e-02
1.491477272727273e-01,8.750000000000000e-01,1.681924416090955e-02
1.633522727272727e-01,8.750000000000000e-01,1.652279376486047e-02
1.775568181818182e-01,8.750000000000000e-01,1.622634336881139e-02
1.917613636363636e-01,8.750000000000000e-01,1.592989297276230e-02
2.059659090909091e-01,8.750000000000000e-01,1.563344257671322e-02
2.201704545454546e-01,8.750000000000000e-01,1.533699218066414e-02
2.343750000000000e-01,8.750000000000000e-01,1.504054178461506e-02
2.485795454545454e-01,8.750000000000000e-01,1.474409138856598e-02
2.627840909090909e-01,8.750000000000000e-01,1.415052495562768e-02
2.769886363636364e-01,8.750000000000000e-01,1.352394562970169e-02
2.911931818181818e-01,8.750000000000000e-01,1.289736630377569e-02
3.053977272727273e-01,8.750000000000000e-01,1.227078697784970e-02
3.196022727272727e-01,8.750000000000000e-01,1.164420765192371e-02
3.338068181818182e-01,8.750000000000000e-01,1.101762832599772e-02
3.480113636363636e-01,8.750000000000000e-01,1.039104900007173e-02
3.622159090909091e-01,8.750000000000000e-01,9.764469674145739e-03
3.764204545454545e-01,8.750000000000000e-01,9.095996595803119e-03
3.906250000000000e-01,8.750000000000000e-01,8.050479745710805e-03
4.048295454545455e-01,8.750000000000000e-01,7.004962895618492e-03
4.190340909090909e-01,8.750000000000000e-01,5.959446045526182e-03
4.332386363636364e-01,8.750000000000000e-01,4.913929195433869e-03
4.474431818181818e-01,8.750000000000000e-01,3.868412345341555e-03
4.616477272727273e-01,8.750000000000000e-01,2.822895495249242e-03
4.758522727272727e-01,8.750000000000000e-01,1.777378645156932e-03
4.900568181818182e-01,8.750000000000000e-01,7.318617950646190e-04
5.042613636363636e-01,8.750000000000000e-01,5.828735815323756e-06
5.184659090909091e-01,8.750000000000000e-01,2.525785519973618e-05
5.326704545454546e-01,8.750000000000000e-01,4.468697458414875e-05
5.468750000000000e-01,8.750000000000000e-01,6.411609396856117e-05
5.610795454545454e-01,8.750000000000000e-01,8.354521335297358e-05
5.752840909090909e-01,8.750000000000000e-01,1.029743327373862e-04
5.894886363636364e-01,8.750000000000000e-01,1.224034521217986e-04
6.036931818181818e-01,8.750000000000000e-01,1.418325715062110e-04
6.178977272727273e-01,8.750000000000000e-01,1.612616908906236e-04
7.102272727272727e-03,8.977272727272727e-01,1.478690944880995e-02
2.130681818181818e-02,8.977272727272727e-01,1.469536107120924e-02
3.551136363636364e-02,8.977272727272727e-01,1.460381269360852e-02
4.971590909090909e-02,8.977272727272727e-01,1.451226431600781e-02
6.392045454545454e-02,8.977272727272727e-01,1.442071593840710e-02
7.812500000000000e-02,8.977272727272727e-01,1.432916756080639e-02
9.232954545454546e-02,8.977272727272727e-01,1.423761918320568e-02
1.065340909090909e-01,8.977272727272727e-01,1.417353531888518e-02
1.207386363636364e-01,8.977272727272727e-01,1.417353531888518e-02
1.349431818181818e-01,8.977272727272727e-01,1.396602004165082e-02
1.491477272727273e-01,8.977272727272727e-01,1.366956964560174e-02
1.633522727272727e-01,8.977272727272727e-01,1.337311924955266e-02
1.775568181818182e-01,8.977272727272727e-01,1.307666885350357e-02
1.917613636363636e-01,8.977272727272727e-01,1.278021845745449e-02
2.059659090909091e-01,8.977272727272727e-01,1.248376806140541e-02
2.201704545454546e-01,8.977272727272727e-01,1.218731766535633e-02
2.343750000000000e-01,8.977272727272727e-01,1.203909246733179e-02
2.485795454545454e-01,8.977272727272727e-01,1.203909246733179e-02
2.627840909090909e-01,8.977272727272727e-01,1.147517107399839e-02
2.769886363636364e-01,8.977272727272727e-01,1.084859174807240e-02
2.911931818181818e-01,8.977272727272727e-01,1.022201242214641e-02
3.053977272727273e-01,8.977272727272727e-01,9.595433096220421e-03
3.196022727272727e-01,8.977272727272727e-01,8.968853770294431e-03
3.338068181818182e-01,8.977272727272727e-01,8.342274444368440e-03
3.480113636363636e-01,8.977272727272727e-01,7.715695118442448e-03
3.622159090909091e-01,8.977272727272727e-01,7.527721320664650e-03
3.764204545454545e-01,8.977272727272727e-01,7.423169635655420e-03
3.906250000000000e-01,8.977272727272727e-01,6.377652785563107e-03
4.048295454545455e-01,8.977272727272727e-01,5.332135935470793e-03
4.190340909090909e-01,8.977272727272727e-01,4.286619085378484e-03
4.332386363636364e-01,8.977272727272727e-01,3.241102235286170e-03
4.474431818181818e-01,8.977272727272727e-01,2.195585385193857e-03
4.616477272727273e-01,8.977272727272727e-01,1.150068535101544e-03
4.758522727272727e-01,8.977272727272727e-01,1.045516850092342e-04
4.900568181818182e-01,8.977272727272727e-01,0.000000000000000e+00
5.042613636363636e-01,8.977272727272727e-01,5.828735815323756e-06
5.184659090909091e-01,8.977272727272727e-01,2.525785519973618e-05
5.326704545454546e-01,8.977272727272727e-01,4.468697458414875e-05
5.468750000000000e-01,8.977272727272727e-01,6.411609396856117e-05
5.610795454545454e-01,8.977272727272727e-01,8.354521335297358e-05
5.752840909090909e-01,8.977272727272727e-01,1.029743327373862e-04
5.894886363636364e-01,8.977272727272727e-01,1.224034521217986e-04
6.036931818181818e-01,8.977272727272727e-01,1.455590768411806e-04
6.178977272727273e-01,8.977272727272727e-01,2.022532495752915e-04
7.102272727272727e-03,9.204545454545454e-01,1.149075752934100e-02
2.130681818181818e-02,9.204545454545454e-01,1.139920915174028e-02
3.551136363636364e-02,9.204545454545454e-01,1.130766077413957e-02
4.971590909090909e-02,9.204545454545454e-01,1.121611239653886e-02
6.392045454545454e-02,9.204545454545454e-01,1.112456401893815e-02
7.812500000000000e-02,9.204545454545454e-01,1.103301564133744e-02
9.232954545454546e-02,9.204545454545454e-01,1.102386080357736e-02
1.065340909090909e-01,9.204545454545454e-01,1.102386080357736e-02
1.207386363636364e-01,9.204545454545454e-01,1.102386080357736e-02
1.349431818181818e-01,9.204545454545454e-01,1.081634552634301e-02
1.491477272727273e-01,9.204545454545454e-01,1.051989513029392e-02
1.633522727272727e-01,9.204545454545454e-01,1.022344473424484e-02
1.775568181818182e-01,9.204545454545454e-01,9.926994338195759e-03
1.917613636363636e-01,9.204545454545454e-01,9.630543942146677e-03
2.059659090909091e-01,9.204545454545454e-01,9.363738585702502e-03
2.201704545454546e-01,9.204545454545454e-01,9.363738585702502e-03
2.343750000000000e-01,9.204545454545454e-01,9.363738585702502e-03
2.485795454545454e-01,9.204545454545454e-01,9.363738585702502e-03
2.627840909090909e-01,9.204545454545454e-01,8.799817192369112e-03
2.769886363636364e-01,9.204545454545454e-01,8.173237866443120e-03
2.911931818181818e-01,9.204545454545454e-01,7.546658540517129e-03
3.053977272727273e-01,9.204545454545454e-01,6.920079214591137e-03
3.196022727272727e-01,9.204545454545454e-01,6.293499888665148e-03
3.338068181818182e-01,9.204545454545454e-01,5.854894360516952e-03
3.480113636363636e-01,9.204545454545454e-01,5.854894360516952e-03
3.622159090909091e-01,9.204545454545454e-01,5.854894360516952e-03
3.764204545454545e-01,9.204545454545454e-01,5.750342675507722e-03
3.906250000000000e-01,9.204545454545454e-01,4.704825825415408e-03
4.048295454545455e-01,9.204545454545454e-01,3.659308975323095e-03
4.190340909090909e-01,9.204545454545454e-01,2.613792125230786e-03
4.332386363636364e-01,9.204545454545454e-01,1.568275275138472e-03
4.474431818181818e-01,9.204545454545454e-01,5.227584250461588e-04
4.616477272727273e-01,9.204545454545454e-01,0.000000000000000e+00
4.758522727272727e-01,9.204545454545454e-01,0.000000000000000e+00
4.900568181818182e-01,9.204545454545454e-01,0.000000000000000e+00
5.042613636363636e-01,9.204545454545454e-01,5.828735815323756e-06
5.184659090909091e-01,9.204545454545454e-01,2.525785519973618e-05
5.326704545454546e-01,9.204545454545454e-01,4.468697458414875e-05
5.468750000000000e-01,9.204545454545454e-01,6.411609396856117e-05
5.610795454545454e-01,9.204545454545454e-01,8.354521335297358e-05
5.752840909090909e-01,9.204545454545454e-01,1.029743327373862e-04
5.894886363636364e-01,9.204545454545454e-01,1.484889894665871e-04
6.036931818181818e-01,9.204545454545454e-01,2.051831622006975e-04
6.178977272727273e-01,9.204545454545454e-01,2.618773349348083e-04
7.102272727272727e-03,9.431818181818182e-01,8.194605609872027e-03
2.130681818181818e-02,9.431818181818182e-01,8.103057232271314e-03
3.551136363636364e-02,9.431818181818182e-01,8.011508854670602e-03
4.971590909090909e-02,9.431818181818182e-01,7.919960477069891e-03
6.392045454545454e-02,9.431818181818182e-01,7.874186288269535e-03
7.812500000000000e-02,9.431818181818182e-01,7.874186288269535e-03
9.232954545454546e-02,9.431818181818182e-01,7.874186288269535e-03
1.065340909090909e-01,9.431818181818182e-01,7.874186288269535e-03
1.207386363636364e-01,9.431818181818182e-01,7.874186288269535e-03
1.349431818181818e-01,9.431818181818182e-01,7.666671011035177e-03
1.491477272727273e-01,9.431818181818182e-01,7.370220614986095e-03
1.633522727272727e-01,9.431818181818182e-01,7.073770218937013e-03
1.775568181818182e-01,9.431818181818182e-01,6.777319822887930e-03
1.917613636363636e-01,9.431818181818182e-01,6.688384704073206e-03
2.059659090909091e-01,9.431818181818182e-01,6.688384704073206e-03
2.201704545454546e-01,9.431818181818182e-01,6.688384704073206e-03
2.343750000000000e-01,9.431818181818182e-01,6.688384704073206e-03
2.485795454545454e-01,9.431818181818182e-01,6.688384704073206e-03
2.627840909090909e-01,9.431818181818182e-01,6.124463310739816e-03
2.769886363636364e-01,9.431818181818182e-01,5.497883984813825e-03
2.911931818181818e-01,9.431818181818182e-01,4.871304658887833e-03
3.053977272727273e-01,9.431818181818182e-01,4.244725332961842e-03
3.196022727272727e-01,9.431818181818182e-01,4.182067400369246e-03
3.338068181818182e-01,9.431818181818182e-01,4.182067400369246e-03
3.480113636363636e-01,9.431818181818182e-01,4.182067400369246e-03
3.622159090909091e-01,9.431818181818182e-01,4.182067400369246e-03
3.764204545454545e-01,9.431818181818182e-01,4.077515715360015e-03
3.906250000000000e-01,9.431818181818182e-01,3.031998865267702e-03
4.048295454545455e-01,9.431818181818182e-01,1.986482015175389e-03
4.190340909090909e-01,9.431818181818182e-01,9.409651650830792e-04
4.332386363636364e-01,9.431818181818182e-01,0.000000000000000e+00
4.474431818181818e-01,9.431818181818182e-01,0.000000000000000e+00
4.616477272727273e-01,9.431818181818182e-01,0.000000000000000e+00
4.758522727272727e-01,9.431818181818182e-01,0.000000000000000e+00
4.900568181818182e-01,9.431818181818182e-01,0.000000000000000e+00
5.042613636363636e-01,9.431818181818182e-01,5.828735815323756e-06
5.184659090909091e-01,9.431818181818182e-01,2.525785519973618e-05
5.326704545454546e-01,9.431818181818182e-01,4.468697458414875e-05
5.468750000000000e-01,9.431818181818182e-01,6.411609396856117e-05
5.610795454545454e-01,9.431818181818182e-01,9.472472935788303e-05
5.752840909090909e-01,9.431818181818182e-01,1.514189020919939e-04
5.894886363636364e-01,9.431818181818182e-01,2.081130748261043e-04
6.036931818181818e-01,9.431818181818182e-01,2.648072475602147e-04
6.178977272727273e-01,9.431818181818182e-01,3.215014202943255e-04
7.102272727272727e-03,9.659090909090909e-01,4.898453690403074e-03
2.130681818181818e-02,9.659090909090909e-01,4.806905312802361e-03
3.551136363636364e-02,9.659090909090909e-01,4.724511772961720e-03
4.971590909090909e-02,9.659090909090909e-01,4.724511772961720e-03
6.392045454545454e-02,9.659090909090909e-01,4.724511772961720e-03
7.812500000000000e-02,9.659090909090909e-01,4.724511772961720e-03
9.232954545454546e-02,9.659090909090909e-01,4.724511772961720e-03
1.065340909090909e-01,9.659090909090909e-01,4.724511772961720e-03
1.207386363636364e-01,9.659090909090909e-01,4.724511772961720e-03
1.349431818181818e-01,9.659090909090909e-01,4.516996495727363e-03
1.491477272727273e-01,9.659090909090909e-01,4.220546099678282e-03
1.633522727272727e-01,9.659090909090909e-01,4.013030822443924e-03
1.775568181818182e-01,9.659090909090909e-01,4.013030822443924e-03
1.917613636363636e-01,9.659090909090909e-01,4.013030822443924e-03
2.059659090909091e-01,9.659090909090909e-01,4.013030822443924e-03
2.201704545454546e-01,9.659090909090909e-01,4.013030822443924e-03
2.343750000000000e-01,9.659090909090909e-01,4.013030822443924e-03
2.485795454545454e-01,9.659090909090909e-01,4.013030822443924e-03
2.627840909090909e-01,9.659090909090909e-01,3.449109429110533e-03
2.769886363636364e-01,9.659090909090909e-01,2.822530103184542e-03
2.911931818181818e-01,9.659090909090909e-01,2.509240440221547e-03
3.053977272727273e-01,9.659090909090909e-01,2.509240440221547e-03
3.196022727272727e-01,9.659090909090909e-01,2.509240440221547e-03
3.338068181818182e-01,9.659090909090909e-01,2.509240440221547e-03
3.480113636363636e-01,9.659090909090909e-01,2.509240440221547e-03
3.622159090909091e-01,9.659090909090909e-01,2.509240440221547e-03
3.764204545454545e-01,9.659090909090909e-01,2.404688755212317e-03
3.906250000000000e-01,9.659090909090909e-01,1.359171905120004e-03
4.048295454545455e-01,9.659090909090909e-01,3.136550550276903e-04
4.190340909090909e-01,9.659090909090909e-01,0.000000000000000e+00
4.332386363636364e-01,9.659090909090909e-01,0.000000000000000e+00
4.474431818181818e-01,9.659090909090909e-01,0.000000000000000e+00
4.616477272727273e-01,9.659090909090909e-01,0.000000000000000e+00
4.758522727272727e-01,9.659090909090909e-01,0.000000000000000e+00
4.900568181818182e-01,9.659090909090909e-01,0.000000000000000e+00
5.042613636363636e-01,9.659090909090909e-01,5.828735815323756e-06
5.184659090909091e-01,9.659090909090909e-01,2.525785519973618e-05
5.326704545454546e-01,9.659090909090909e-01,4.468697458414875e-05
5.468750000000000e-01,9.659090909090909e-01,9.765464198328952e-05
5.610795454545454e-01,9.659090909090909e-01,1.543488147173999e-04
5.752840909090909e-01,9.659090909090909e-01,2.110429874515107e-04
5.894886363636364e-01,9.659090909090909e-01,2.677371601856212e-04
6.036931818181818e-01,9.659090909090909e-01,3.244313329197315e-04
6.178977272727273e-01,9.659090909090909e-01,3.811255056538424e-04
7.102272727272727e-03,9.886363636363636e-01,1.602301770934121e-03
2.130681818181818e-02,9.886363636363636e-01,1.574837257653907e-03
3.551136363636364e-02,9.886363636363636e-01,1.574837257653907e-03
4.971590909090909e-02,9.886363636363636e-01,1.574837257653907e-03
6.392045454545454e-02,9.886363636363636e-01,1.574837257653907e-03
7.812500000000000e-02,9.886363636363636e-01,1.574837257653907e-03
9.232954545454546e-02,9.886363636363636e-01,1.574837257653907e-03
1.065340909090909e-01,9.886363636363636e-01,1.574837257653907e-03
1.207386363636364e-01,9.886363636363636e-01,1.574837257653907e-03
1.349431818181818e-01,9.886363636363636e-01,1.367321980419549e-03
1.491477272727273e-01,9.886363636363636e-01,1.337676940814641e-03
1.633522727272727e-01,9.886363636363636e-01,1.337676940814641e-03
1.775568181818182e-01,9.886363636363636e-01,1.337676940814641e-03
1.917613636363636e-01,9.886363636363636e-01,1.337676940814641e-03
2.059659090909091e-01,9.886363636363636e-01,1.337676940814641e-03
2.201704545454546e-01,9.886363636363636e-01,1.337676940814641e-03
2.343750000000000e-01,9.886363636363636e-01,1.337676940814641e-03
2.485795454545454e-01,9.886363636363636e-01,1.337676940814641e-03
2.627840909090909e-01,9.886363636363636e-01,8.364134800738491e-04
2.769886363636364e-01,9.886363636363636e-01,8.364134800738491e-04
2.911931818181818e-01,9.886363636363636e-01,8.364134800738491e-04
3.053977272727273e-01,9.886363636363636e-01,8.364134800738491e-04
3.196022727272727e-01,9.886363636363636e-01,8.364134800738491e-04
3.338068181818182e-01,9.886363636363636e-01,8.364134800738491e-04
3.480113636363636e-01,9.886363636363636e-01,8.364134800738491e-04
3.622159090909091e-01,9.886363636363636e-01,8.364134800738491e-04
3.764204545454545e-01,9.886363636363636e-01,7.318617950646190e-04
3.906250000000000e-01,9.886363636363636e-01,0.000000000000000e+00
4.048295454545455e-01,9.886363636363636e-01,0.000000000000000e+00
4.190340909090909e-01,9.886363636363636e-01,0.000000000000000e+00
4.332386363636364e-01,9.886363636363636e-01,0.000000000000000e+00
4.474431818181818e-01,9.886363636363636e-01,0.000000000000000e+00
4.616477272727273e-01,9.886363636363636e-01,0.000000000000000e+00
4.758522727272727e-01,9.886363636363636e-01,0.000000000000000e+00
4.900568181818182e-01,9.886363636363636e-01,0.000000000000000e+00
5.042613636363636e-01,9.886363636363636e-01,5.828735815323756e-06
5.184659090909091e-01,9.886363636363636e-01,4.389038187458516e-05
5.326704545454546e-01,9.886363636363636e-01,1.005845546086960e-04
5.468750000000000e-01,9.886363636363636e-01,1.572787273428064e-04
5.610795454545454e-01,9.886363636363636e-01,2.139729000769168e-04
5.752840909090909e-01,9.886363636363636e-01,2.706670728110276e-04
5.894886363636364e-01,9.886363636363636e-01,3.273612455451381e-04
6.036931818181818e-01,9.886363636363636e-01,3.840554182792484e-04
6.178977272727273e-01,9.886363636363636e-01,4.407495910133593e-04
