x, y, u
1.136363636363636e-02, 1.136363636363636e-02, 1.409041228890407e-04
1.136363636363636e-02, 3.409090909090909e-02, 4.383471586993375e-04
1.136363636363636e-02, 5.681818181818182e-02, 7.426162601394879e-04
1.136363636363636e-02, 7.954545454545454e-02, 1.025293790448784e-03
1.136363636363636e-02, 1.022727272727273e-01, 1.254148507976933e-03
1.136363636363636e-02, 1.250000000000000e-01, 1.483778589262043e-03
1.136363636363636e-02, 1.477272727272727e-01, 1.672056606754015e-03
1.136363636363636e-02, 1.704545454545454e-01, 1.857052401402478e-03
1.136363636363636e-02, 1.931818181818182e-01, 2.016983328036646e-03
1.136363636363636e-02, 2.159090909090909e-01, 2.150717059728030e-03
1.136363636363636e-02, 2.386363636363636e-01, 2.276021671902326e-03
1.136363636363636e-02, 2.613636363636364e-01, 2.370557906500222e-03
1.136363636363636e-02, 2.840909090909091e-01, 2.458461793622232e-03
1.136363636363636e-02, 3.068181818181818e-01, 2.521613890624889e-03
1.136363636363636e-02, 3.295454545454545e-01, 2.575027317659363e-03
1.136363636363636e-02, 3.522727272727273e-01, 2.609120308426488e-03
1.136363636363636e-02, 3.750000000000000e-01, 2.630823568669936e-03
1.136363636363636e-02, 3.977272727272727e-01, 2.638372901503511e-03
1.136363636363636e-02, 4.204545454545455e-01, 2.631131325310188e-03
1.136363636363636e-02, 4.431818181818182e-01, 2.612368637926704e-03
1.136363636363636e-02, 4.659090909090909e-01, 2.581169143586287e-03
1.136363636363636e-02, 4.886363636363636e-01, 2.536904817767624e-03
1.136363636363636e-02, 5.113636363636364e-01, 2.486034592540922e-03
1.136363636363636e-02, 5.340909090909091e-01, 2.419829243952197e-03
1.136363636363636e-02, 5.568181818181818e-01, 2.351155451496254e-03
1.136363636363636e-02, 5.795454545454546e-01, 2.265738770946763e-03
1.136363636363636e-02, 6.022727272727273e-01, 2.181386414660697e-03
1.136363636363636e-02, 6.250000000000000e-01, 2.079776721386125e-03
1.136363636363636e-02, 6.477272727272727e-01, 1.982420075322246e-03
1.136363636363636e-02, 6.704545454545454e-01, 1.867111273313114e-03
1.136363636363636e-02, 6.931818181818182e-01, 1.750780711034905e-03
1.136363636363636e-02, 7.159090909090909e-01, 1.633096014168216e-03
1.136363636363636e-02, 7.386363636363636e-01, 1.503239457103402e-03
1.136363636363636e-02, 7.613636363636364e-01, 1.382683744525159e-03
1.136363636363636e-02, 7.840909090909091e-01, 1.246335718785028e-03
1.136363636363636e-02, 8.068181818181818e-01, 1.121468678675289e-03
1.136363636363636e-02, 8.295454545454546e-01, 9.812638076202372e-04
1.136363636363636e-02, 8.522727272727273e-01, 8.540562383615917e-04
1.136363636363636e-02, 8.750000000000000e-01, 7.129971763898629e-04
1.136363636363636e-02, 8.977272727272727e-01, 5.864338694314177e-04
1.136363636363636e-02, 9.204545454545454e-01, 4.472615827247642e-04
1.136363636363636e-02, 9.431818181818182e-01, 3.175234935504436e-04
1.136363636363636e-02, 9.659090909090909e-01, 1.906887662429677e-04
1.136363636363636e-02, 9.886363636363636e-01, 6.684189960031967e-05
3.409090909090909e-02, 1.136363636363636e-02, 4.756239828370468e-04
3.409090909090909e-02, 3.409090909090909e-02, 1.355692685223280e-03
3.409090909090909e-02, 5.681818181818182e-02, 2.148153362311000e-03
3.409090909090909e-02, 7.954545454545454e-02, 2.935474025067490e-03
3.409090909090909e-02, 1.022727272727273e-01, 3.584754051005480e-03
3.409090909090909e-02, 1.250000000000000e-01, 4.232051349961459e-03
3.409090909090909e-02, 1.477272727272727e-01, 4.754617403808036e-03
3.409090909090909e-02, 1.704545454545454e-01, 5.268719065353212e-03
3.409090909090909e-02, 1.931818181818182e-01, 5.683901213075926e-03
3.409090909090909e-02, 2.159090909090909e-01, 6.072181403076383e-03
3.409090909090909e-02, 2.386363636363636e-01, 6.388545646599258e-03
3.409090909090909e-02, 2.613636363636364e-01, 6.660504845905055e-03
3.409090909090909e-02, 2.840909090909091e-01, 6.880635410215289e-03
3.409090909090909e-02, 3.068181818181818e-01, 7.049375382076293e-03
3.409090909090909e-02, 3.295454545454545e-01, 7.177239531798018e-03
3.409090909090909e-02, 3.522727272727273e-01, 7.255262421303643e-03
3.409090909090909e-02, 3.750000000000000e-01, 7.295094567391886e-03
3.409090909090909e-02, 3.977272727272727e-01, 7.295309962715644e-03
3.409090909090909e-02, 4.204545454545455e-01, 7.253173637809454e-03
3.409090909090909e-02, 4.431818181818182e-01, 7.183217759156605e-03
3.409090909090909e-02, 4.659090909090909e-01, 7.070185228938696e-03
3.409090909090909e-02, 4.886363636363636e-01, 6.934996110692248e-03
3.409090909090909e-02, 5.113636363636364e-01, 6.762554519461719e-03
3.409090909090909e-02, 5.340909090909091e-01, 6.566557648013299e-03
3.409090909090909e-02, 5.568181818181818e-01, 6.347386997320350e-03
3.409090909090909e-02, 5.795454545454546e-01, 6.097362058340879e-03
3.409090909090909e-02, 6.022727272727273e-01, 5.839822910726042e-03
3.409090909090909e-02, 6.250000000000000e-01, 5.542643739283557e-03
3.409090909090909e-02, 6.477272727272727e-01, 5.258279020789099e-03
3.409090909090909e-02, 6.704545454545454e-01, 4.927588233032034e-03
3.409090909090909e-02, 6.931818181818182e-01, 4.613481921369355e-03
3.409090909090909e-02, 7.159090909090909e-01, 4.262958245758599e-03
3.409090909090909e-02, 7.386363636363636e-01, 3.923397985494160e-03
3.409090909090909e-02, 7.613636363636364e-01, 3.564667606103386e-03
3.409090909090909e-02, 7.840909090909091e-01, 3.206637809833103e-03
3.409090909090909e-02, 8.068181818181818e-01, 2.850272188690336e-03
3.409090909090909e-02, 8.295454545454546e-01, 2.483109223598571e-03
3.409090909090909e-02, 8.522727272727273e-01, 2.134105974909495e-03
3.409090909090909e-02, 8.750000000000000e-01, 1.768040722713016e-03
3.409090909090909e-02, 8.977272727272727e-01, 1.435181674421758e-03
3.409090909090909e-02, 9.204545454545454e-01, 1.083081968026962e-03
3.409090909090909e-02, 9.431818181818182e-01, 7.698232590193671e-04
3.409090909090909e-02, 9.659090909090909e-01, 4.504734194637098e-04
3.409090909090909e-02, 9.886363636363636e-01, 1.451919947342897e-04
5.681818181818182e-02, 1.136363636363636e-02, 7.353697188190206e-04
5.681818181818182e-02, 3.409090909090909e-02, 2.126364507546139e-03
5.681818181818182e-02, 5.681818181818182e-02, 3.424717575140569e-03
5.681818181818182e-02, 7.954545454545454e-02, 4.618333607939430e-03
5.681818181818182e-02, 1.022727272727273e-01, 5.675864492022063e-03
5.681818181818182e-02, 1.250000000000000e-01, 6.648182764772012e-03
5.681818181818182e-02, 1.477272727272727e-01, 7.491483052237875e-03
5.681818181818182e-02, 1.704545454545454e-01, 8.262309705385844e-03
5.681818181818182e-02, 1.931818181818182e-01, 8.911770620475542e-03
5.681818181818182e-02, 2.159090909090909e-01, 9.492044124761985e-03
5.681818181818182e-02, 2.386363636363636e-01, 9.963328480641775e-03
5.681818181818182e-02, 2.613636363636364e-01, 1.036556324390539e-02
5.681818181818182e-02, 2.840909090909091e-01, 1.067452550108448e-02
5.681818181818182e-02, 3.068181818181818e-01, 1.091332880767872e-02
5.681818181818182e-02, 3.295454545454545e-01, 1.107469172462963e-02
5.681818181818182e-02, 3.522727272727273e-01, 1.116889757834865e-02
5.681818181818182e-02, 3.750000000000000e-01, 1.119342292320530e-02
5.681818181818182e-02, 3.977272727272727e-01, 1.116126887939152e-02
5.681818181818182e-02, 4.204545454545455e-01, 1.106013487941166e-02
5.681818181818182e-02, 4.431818181818182e-01, 1.091444545081353e-02
5.681818181818182e-02, 4.659090909090909e-01, 1.070451106926051e-02
5.681818181818182e-02, 4.886363636363636e-01, 1.045959012321426e-02
5.681818181818182e-02, 5.113636363636364e-01, 1.015718706886071e-02
5.681818181818182e-02, 5.340909090909091e-01, 9.826329737117412e-03
5.681818181818182e-02, 5.568181818181818e-01, 9.450665149669538e-03
5.681818181818182e-02, 5.795454545454546e-01, 9.044145606883073e-03
5.681818181818182e-02, 6.022727272727273e-01, 8.610809734836336e-03
5.681818181818182e-02, 6.250000000000000e-01, 8.142609713063565e-03
5.681818181818182e-02, 6.477272727272727e-01, 7.667439907788214e-03
5.681818181818182e-02, 6.704545454545454e-01, 7.151053073014571e-03
5.681818181818182e-02, 6.931818181818182e-01, 6.641979878402537e-03
5.681818181818182e-02, 7.159090909090909e-01, 6.099169561313306e-03
5.681818181818182e-02, 7.386363636363636e-01, 5.570315741084075e-03
5.681818181818182e-02, 7.613636363636364e-01, 5.018280661609511e-03
5.681818181818182e-02, 7.840909090909091e-01, 4.482395268139067e-03
5.681818181818182e-02, 8.068181818181818e-01, 3.939637221351971e-03
5.681818181818182e-02, 8.295454545454546e-01, 3.407742816074343e-03
5.681818181818182e-02, 8.522727272727273e-01, 2.885124579450319e-03
5.681818181818182e-02, 8.750000000000000e-01, 2.375805854101381e-03
5.681818181818182e-02, 8.977272727272727e-01, 1.890963678378459e-03
5.681818181818182e-02, 9.204545454545454e-01, 1.419034909759134e-03
5.681818181818182e-02, 9.431818181818182e-01, 9.767365790655136e-04
5.681818181818182e-02, 9.659090909090909e-01, 5.637558299557247e-04
5.681818181818182e-02, 9.886363636363636e-01, 1.799826611988193e-04
7.954545454545454e-02, 1.136363636363636e-02, 9.952375585265112e-04
7.954545454545454e-02, 3.409090909090909e-02, 2.868434786931687e-03
7.954545454545454e-02, 5.681818181818182e-02, 4.577006876935977e-03
7.954545454545454e-02, 7.954545454545454e-02, 6.115719262461508e-03
7.954545454545454e-02, 1.022727272727273e-01, 7.535100709273674e-03
7.954545454545454e-02, 1.250000000000000e-01, 8.773138179914399e-03
7.954545454545454e-02, 1.477272727272727e-01, 9.891644080512055e-03
7.954545454545454e-02, 1.704545454545454e-01, 1.086355741762111e-02
7.954545454545454e-02, 1.931818181818182e-01, 1.170736519651878e-02
7.954545454545454e-02, 2.159090909090909e-01, 1.242479062555312e-02
7.954545454545454e-02, 2.386363636363636e-01, 1.302080090605618e-02
7.954545454545454e-02, 2.613636363636364e-01, 1.350467674966685e-02
7.954545454545454e-02, 2.840909090909091e-01, 1.387360864819124e-02
7.954545454545454e-02, 3.068181818181818e-01, 1.414511680539926e-02
7.954545454545454e-02, 3.295454545454545e-01, 1.430902388570708e-02
7.954545454545454e-02, 3.522727272727273e-01, 1.438834695273265e-02
7.954545454545454e-02, 3.750000000000000e-01, 1.436987365699176e-02
7.954545454545454e-02, 3.977272727272727e-01, 1.427572659517174e-02
7.954545454545454e-02, 4.204545454545455e-01, 1.409903066799612e-02
7.954545454545454e-02, 4.431818181818182e-01, 1.385329346819013e-02
7.954545454545454e-02, 4.659090909090909e-01, 1.353900817046250e-02
7.954545454545454e-02, 4.886363636363636e-01, 1.316350019862951e-02
7.954545454545454e-02, 5.113636363636364e-01, 1.273279739472226e-02
7.954545454545454e-02, 5.340909090909091e-01, 1.224923679656344e-02
7.954545454545454e-02, 5.568181818181818e-01, 1.172270552312797e-02
7.954545454545454e-02, 5.795454545454546e-01, 1.115311470832400e-02
7.954545454545454e-02, 6.022727272727273e-01, 1.055207156471660e-02
7.954545454545454e-02, 6.250000000000000e-01, 9.917880731601617e-03
7.954545454545454e-02, 6.477272727272727e-01, 9.262215021986960e-03
7.954545454545454e-02, 6.704545454545454e-01, 8.586329511987399e-03
7.954545454545454e-02, 6.931818181818182e-01, 7.897984470923484e-03
7.954545454545454e-02, 7.159090909090909e-01, 7.200958579467069e-03
7.954545454545454e-02, 7.386363636363636e-01, 6.501712514157401e-03
7.954545454545454e-02, 7.613636363636364e-01, 5.804875458182868e-03
7.954545454545454e-02, 7.840909090909091e-01, 5.116769848077472e-03
7.954545454545454e-02, 8.068181818181818e-01, 4.440974041624939e-03
7.954545454545454e-02, 8.295454545454546e-01, 3.785687239374901e-03
7.954545454545454e-02, 8.522727272727273e-01, 3.150147329307499e-03
7.954545454545454e-02, 8.750000000000000e-01, 2.542652987888204e-03
7.954545454545454e-02, 8.977272727272727e-01, 1.976335218294446e-03
7.954545454545454e-02, 9.204545454545454e-01, 1.449650333980926e-03
7.954545454545454e-02, 9.431818181818182e-01, 9.697196686038941e-04
7.954545454545454e-02, 9.659090909090909e-01, 5.378851417229496e-04
7.954545454545454e-02, 9.886363636363636e-01, 1.634729982616068e-04
1.022727272727273e-01, 1.136363636363636e-02, 1.207101848995844e-03
1.022727272727273e-01, 3.409090909090909e-02, 3.484223138684310e-03
1.022727272727273e-01, 5.681818181818182e-02, 5.562800750620858e-03
1.022727272727273e-01, 7.954545454545454e-02, 7.438308626919655e-03
1.022727272727273e-01, 1.022727272727273e-01, 9.124395789716791e-03
1.022727272727273e-01, 1.250000000000000e-01, 1.060470275826867e-02
1.022727272727273e-01, 1.477272727272727e-01, 1.193059799909693e-02
1.022727272727273e-01, 1.704545454545454e-01, 1.306481884937679e-02
1.022727272727273e-01, 1.931818181818182e-01, 1.405008020826008e-02
1.022727272727273e-01, 2.159090909090909e-01, 1.486460926131244e-02
1.022727272727273e-01, 2.386363636363636e-01, 1.553687919949515e-02
1.022727272727273e-01, 2.613636363636364e-01, 1.606393527493933e-02
1.022727272727273e-01, 2.840909090909091e-01, 1.645150069396913e-02
1.022727272727273e-01, 3.068181818181818e-01, 1.671631654239464e-02
1.022727272727273e-01, 3.295454545454545e-01, 1.685201703848220e-02
1.022727272727273e-01, 3.522727272727273e-01, 1.687938840444908e-02
1.022727272727273e-01, 3.750000000000000e-01, 1.679550985107582e-02
1.022727272727273e-01, 3.977272727272727e-01, 1.661117073691951e-02
1.022727272727273e-01, 4.204545454545455e-01, 1.633873967512360e-02
1.022727272727273e-01, 4.431818181818182e-01, 1.597094282395646e-02
1.022727272727273e-01, 4.659090909090909e-01, 1.553866487890397e-02
1.022727272727273e-01, 4.886363636363636e-01, 1.501765507341864e-02
1.022727272727273e-01, 5.113636363636364e-01, 1.445188085488719e-02
1.022727272727273e-01, 5.340909090909091e-01, 1.380737366406689e-02
1.022727272727273e-01, 5.568181818181818e-01, 1.312903941509864e-02
1.022727272727273e-01, 5.795454545454546e-01, 1.239686163801377e-02
1.022727272727273e-01, 6.022727272727273e-01, 1.163348722045274e-02
1.022727272727273e-01, 6.250000000000000e-01, 1.084309579487443e-02
1.022727272727273e-01, 6.477272727272727e-01, 1.002348251241506e-02
1.022727272727273e-01, 6.704545454545454e-01, 9.202739722430577e-03
1.022727272727273e-01, 6.931818181818182e-01, 8.359310553034778e-03
1.022727272727273e-01, 7.159090909090909e-01, 7.532702373621485e-03
1.022727272727273e-01, 7.386363636363636e-01, 6.697231309056709e-03
1.022727272727273e-01, 7.613636363636364e-01, 5.889659573643327e-03
1.022727272727273e-01, 7.840909090909091e-01, 5.091950967185668e-03
1.022727272727273e-01, 8.068181818181818e-01, 4.329436466450009e-03
1.022727272727273e-01, 8.295454545454546e-01, 3.600624386022262e-03
1.022727272727273e-01, 8.522727272727273e-01, 2.914228079452136e-03
1.022727272727273e-01, 8.750000000000000e-01, 2.286810026678868e-03
1.022727272727273e-01, 8.977272727272727e-01, 1.702855539269308e-03
1.022727272727273e-01, 9.204545454545454e-01, 1.183470084757079e-03
1.022727272727273e-01, 9.431818181818182e-01, 7.478514904190168e-04
1.022727272727273e-01, 9.659090909090909e-01, 3.882820002947161e-04
1.022727272727273e-01, 9.886363636363636e-01, 1.099248496433906e-04
1.250000000000000e-01, 1.136363636363636e-02, 1.408372157831123e-03
1.250000000000000e-01, 3.409090909090909e-02, 4.042018990979596e-03
1.250000000000000e-01, 5.681818181818182e-02, 6.436438739341608e-03
1.250000000000000e-01, 7.954545454545454e-02, 8.588572742156386e-03
1.250000000000000e-01, 1.022727272727273e-01, 1.050108692053105e-02
1.250000000000000e-01, 1.250000000000000e-01, 1.217857173745756e-02
1.250000000000000e-01, 1.477272727272727e-01, 1.365626449856733e-02
1.250000000000000e-01, 1.704545454545454e-01, 1.491923812738520e-02
1.250000000000000e-01, 1.931818181818182e-01, 1.599747716127550e-02
1.250000000000000e-01, 2.159090909090909e-01, 1.687867531029319e-02
1.250000000000000e-01, 2.386363636363636e-01, 1.758742179480171e-02
1.250000000000000e-01, 2.613636363636364e-01, 1.812218861080836e-02
1.250000000000000e-01, 2.840909090909091e-01, 1.849837152740752e-02
1.250000000000000e-01, 3.068181818181818e-01, 1.872297561007339e-02
1.250000000000000e-01, 3.295454545454545e-01, 1.880613472333411e-02
1.250000000000000e-01, 3.522727272727273e-01, 1.875407783383429e-02
1.250000000000000e-01, 3.750000000000000e-01, 1.858332541570542e-02
1.250000000000000e-01, 3.977272727272727e-01, 1.828813166132658e-02
1.250000000000000e-01, 4.204545454545455e-01, 1.790153220658578e-02
1.250000000000000e-01, 4.431818181818182e-01, 1.739764482757556e-02
1.250000000000000e-01, 4.659090909090909e-01, 1.682728015233228e-02
1.250000000000000e-01, 4.886363636363636e-01, 1.615511023154967e-02
1.250000000000000e-01, 5.113636363636364e-01, 1.543519697209683e-02
1.250000000000000e-01, 5.340909090909091e-01, 1.463681789559433e-02
1.250000000000000e-01, 5.568181818181818e-01, 1.380001866103831e-02
1.250000000000000e-01, 5.795454545454546e-01, 1.291302126064944e-02
1.250000000000000e-01, 6.022727272727273e-01, 1.199432227896347e-02
1.250000000000000e-01, 6.250000000000000e-01, 1.105446899085578e-02
1.250000000000000e-01, 6.477272727272727e-01, 1.009068929835972e-02
1.250000000000000e-01, 6.704545454545454e-01, 9.132759748563830e-03
1.250000000000000e-01, 6.931818181818182e-01, 8.161592348926548e-03
1.250000000000000e-01, 7.159090909090909e-01, 7.217260285369415e-03
1.250000000000000e-01, 7.386363636363636e-01, 6.279328753298209e-03
1.250000000000000e-01, 7.613636363636364e-01, 5.383625530197042e-03
1.250000000000000e-01, 7.840909090909091e-01, 4.518601702871387e-03
1.250000000000000e-01, 8.068181818181818e-01, 3.707334329358331e-03
1.250000000000000e-01, 8.295454545454546e-01, 2.949539027735605e-03
1.250000000000000e-01, 8.522727272727273e-01, 2.263258559972008e-03
1.250000000000000e-01, 8.750000000000000e-01, 1.646065467899313e-03
1.250000000000000e-01, 8.977272727272727e-01, 1.121089017262204e-03
1.250000000000000e-01, 9.204545454545454e-01, 6.811679592022623e-04
1.250000000000000e-01, 9.431818181818182e-01, 3.438470396171930e-04
1.250000000000000e-01, 9.659090909090909e-01, 1.155035167133796e-04
1.250000000000000e-01, 9.886363636363636e-01, 6.856837011428516e-06
1.477272727272727e-01, 1.136363636363636e-02, 1.584066747313320e-03
1.477272727272727e-01, 3.409090909090909e-02, 4.521517574597105e-03
1.477272727272727e-01, 5.681818181818182e-02, 7.175566711883008e-03
1.477272727272727e-01, 7.954545454545454e-02, 9.547282035959457e-03
1.477272727272727e-01, 1.022727272727273e-01, 1.164255366005854e-02
1.477272727272727e-01, 1.250000000000000e-01, 1.348213571163290e-02
1.477272727272727e-01, 1.477272727272727e-01, 1.508248654353796e-02
1.477272727272727e-01, 1.704545454545454e-01, 1.643894716365346e-02
1.477272727272727e-01, 1.931818181818182e-01, 1.757228792334146e-02
1.477272727272727e-01, 2.159090909090909e-01, 1.848555187334532e-02
1.477272727272727e-01, 2.386363636363636e-01, 1.919488833165803e-02
1.477272727272727e-01, 2.613636363636364e-01, 1.970678038384981e-02
1.477272727272727e-01, 2.840909090909091e-01, 2.004300797497300e-02
1.477272727272727e-01, 3.068181818181818e-01, 2.019854273089712e-02
1.477272727272727e-01, 3.295454545454545e-01, 2.020522643404835e-02
1.477272727272727e-01, 3.522727272727273e-01, 2.004885868772226e-02
1.477272727272727e-01, 3.750000000000000e-01, 1.976771035326495e-02
1.477272727272727e-01, 3.977272727272727e-01, 1.934532909558014e-02
1.477272727272727e-01, 4.204545454545455e-01, 1.881713523463764e-02
1.477272727272727e-01, 4.431818181818182e-01, 1.817580572604410e-02
1.477272727272727e-01, 4.659090909090909e-01, 1.744538606932282e-02
1.477272727272727e-01, 4.886363636363636e-01, 1.662818232147146e-02
1.477272727272727e-01, 5.113636363636364e-01, 1.574038755218070e-02
1.477272727272727e-01, 5.340909090909091e-01, 1.479041163757534e-02
1.477272727272727e-01, 5.568181818181818e-01, 1.379011508603470e-02
1.477272727272727e-01, 5.795454545454546e-01, 1.275058745871486e-02
1.477272727272727e-01, 6.022727272727273e-01, 1.168258900257082e-02
1.477272727272727e-01, 6.250000000000000e-01, 1.059899464411153e-02
1.477272727272727e-01, 6.477272727272727e-01, 9.505832445206254e-03
1.477272727272727e-01, 6.704545454545454e-01, 8.419617763030716e-03
1.477272727272727e-01, 6.931818181818182e-01, 7.347716414772528e-03
1.477272727272727e-01, 7.159090909090909e-01, 6.303581456155731e-03
1.477272727272727e-01, 7.386363636363636e-01, 5.295782785334864e-03
1.477272727272727e-01, 7.613636363636364e-01, 4.337817504369693e-03
1.477272727272727e-01, 7.840909090909091e-01, 3.437925111902424e-03
1.477272727272727e-01, 8.068181818181818e-01, 2.618459595319553e-03
1.477272727272727e-01, 8.295454545454546e-01, 1.862777839874094e-03
1.477272727272727e-01, 8.522727272727273e-01, 1.218745308664469e-03
1.477272727272727e-01, 8.750000000000000e-01, 6.699552075588053e-04
1.477272727272727e-01, 8.977272727272727e-01, 2.325558222675367e-04
1.477272727272727e-01, 9.204545454545454e-01, -8.189063601236370e-05
1.477272727272727e-01, 9.431818181818182e-01, -2.482629834685434e-04
1.477272727272727e-01, 9.659090909090909e-01, -2.654695292297162e-04
1.477272727272727e-01, 9.886363636363636e-01, -1.321638700941892e-04
1.704545454545454e-01, 1.136363636363636e-02, 1.721503196257182e-03
1.704545454545454e-01, 3.409090909090909e-02, 4.919024072377842e-03
1.704545454545454e-01, 5.681818181818182e-02, 7.797652155121443e-03
1.704545454545454e-01, 7.954545454545454e-02, 1.036070273323495e-02
1.704545454545454e-01, 1.022727272727273e-01, 1.260112047914055e-02
1.704545454545454e-01, 1.250000000000000e-01, 1.455147091011478e-02
1.704545454545454e-01, 1.477272727272727e-01, 1.621521095253569e-02
1.704545454545454e-01, 1.704545454545454e-01, 1.762587327988884e-02
1.704545454545454e-01, 1.931818181818182e-01, 1.876623142468502e-02
1.704545454545454e-01, 2.159090909090909e-01, 1.967225224280792e-02
1.704545454545454e-01, 2.386363636363636e-01, 2.035270601295402e-02
1.704545454545454e-01, 2.613636363636364e-01, 2.080759667888186e-02
1.704545454545454e-01, 2.840909090909091e-01, 2.107472922805483e-02
1.704545454545454e-01, 3.068181818181818e-01, 2.113317663968436e-02
1.704545454545454e-01, 3.295454545454545e-01, 2.103069312509584e-02
1.704545454545454e-01, 3.522727272727273e-01, 2.075312094670009e-02
1.704545454545454e-01, 3.750000000000000e-01, 2.033091230382121e-02
1.704545454545454e-01, 3.977272727272727e-01, 1.977165370412832e-02
1.704545454545454e-01, 4.204545454545455e-01, 1.908143276767380e-02
1.704545454545454e-01, 4.431818181818182e-01, 1.829262826185695e-02
1.704545454545454e-01, 4.659090909090909e-01, 1.738975954481713e-02
1.704545454545454e-01, 4.886363636363636e-01, 1.641986041589619e-02
1.704545454545454e-01, 5.113636363636364e-01, 1.535795463128233e-02
1.704545454545454e-01, 5.340909090909091e-01, 1.425574918091764e-02
1.704545454545454e-01, 5.568181818181818e-01, 1.308993757715667e-02
1.704545454545454e-01, 5.795454545454546e-01, 1.190169352601975e-02
1.704545454545454e-01, 6.022727272727273e-01, 1.068969213848867e-02
1.704545454545454e-01, 6.250000000000000e-01, 9.468752024023483e-03
1.704545454545454e-01, 6.477272727272727e-01, 8.261210446060180e-03
1.704545454545454e-01, 6.704545454545454e-01, 7.062831719931148e-03
1.704545454545454e-01, 6.931818181818182e-01, 5.908062299386671e-03
1.704545454545454e-01, 7.159090909090909e-01, 4.788830829900778e-03
1.704545454545454e-01, 7.386363636363636e-01, 3.733961540725155e-03
1.704545454545454e-01, 7.613636363636364e-01, 2.747974126957474e-03
1.704545454545454e-01, 7.840909090909091e-01, 1.846017760053499e-03
1.704545454545454e-01, 8.068181818181818e-01, 1.042262968708292e-03
1.704545454545454e-01, 8.295454545454546e-01, 3.599937061573154e-04
1.704545454545454e-01, 8.522727272727273e-01, -2.159278462739623e-04
1.704545454545454e-01, 8.750000000000000e-01, -6.493610225149182e-04
1.704545454545454e-01, 8.977272727272727e-01, -9.270100121231829e-04
1.704545454545454e-01, 9.204545454545454e-01, -1.050244974984085e-03
1.704545454545454e-01, 9.431818181818182e-01, -9.799167354529190e-04
1.704545454545454e-01, 9.659090909090909e-01, -7.366179916169872e-04
1.704545454545454e-01, 9.886363636363636e-01, -2.970317269586409e-04
1.931818181818182e-01, 1.136363636363636e-02, 1.851216810886223e-03
1.931818181818182e-01, 3.409090909090909e-02, 5.265326721895241e-03
1.931818181818182e-01, 5.681818181818182e-02, 8.314778477199594e-03
1.931818181818182e-01, 7.954545454545454e-02, 1.100761366629152e-02
1.931818181818182e-01, 1.022727272727273e-01, 1.335040013725393e-02
1.931818181818182e-01, 1.250000000000000e-01, 1.537566932187361e-02
1.931818181818182e-01, 1.477272727272727e-01, 1.709911497210634e-02
1.931818181818182e-01, 1.704545454545454e-01, 1.850048982935330e-02
1.931818181818182e-01, 1.931818181818182e-01, 1.964146692721682e-02
1.931818181818182e-01, 2.159090909090909e-01, 2.049964532600735e-02
1.931818181818182e-01, 2.386363636363636e-01, 2.111545651932335e-02
1.931818181818182e-01, 2.613636363636364e-01, 2.148997970436182e-02
1.931818181818182e-01, 2.840909090909091e-01, 2.164981555155814e-02
1.931818181818182e-01, 3.068181818181818e-01, 2.159859191367464e-02
1.931818181818182e-01, 3.295454545454545e-01, 2.136011331026570e-02
1.931818181818182e-01, 3.522727272727273e-01, 2.094699614946930e-02
1.931818181818182e-01, 3.750000000000000e-01, 2.036755181194150e-02
1.931818181818182e-01, 3.977272727272727e-01, 1.965486505222780e-02
1.931818181818182e-01, 4.204545454545455e-01, 1.879365238132495e-02
1.931818181818182e-01, 4.431818181818182e-01, 1.784215801977585e-02
1.931818181818182e-01, 4.659090909090909e-01, 1.675944571607449e-02
1.931818181818182e-01, 4.886363636363636e-01, 1.562128122553292e-02
1.931818181818182e-01, 5.113636363636364e-01, 1.438861980714336e-02
1.931818181818182e-01, 5.340909090909091e-01, 1.312223983066708e-02
1.931818181818182e-01, 5.568181818181818e-01, 1.180249915307341e-02
1.931818181818182e-01, 5.795454545454546e-01, 1.046647209866822e-02
1.931818181818182e-01, 6.022727272727273e-01, 9.119042740497671e-03
1.931818181818182e-01, 6.250000000000000e-01, 7.775364669475248e-03
1.931818181818182e-01, 6.477272727272727e-01, 6.458642060474526e-03
1.931818181818182e-01, 6.704545454545454e-01, 5.170020033644785e-03
1.931818181818182e-01, 6.931818181818182e-01, 3.940887058953913e-03
1.931818181818182e-01, 7.159090909090909e-01, 2.771198488516565e-03
1.931818181818182e-01, 7.386363636363636e-01, 1.688179508296870e-03
1.931818181818182e-01, 7.613636363636364e-01, 7.001091747268756e-04
1.931818181818182e-01, 7.840909090909091e-01, -1.797560771216176e-04
1.931818181818182e-01, 8.068181818181818e-01, -9.081782090012208e-04
1.931818181818182e-01, 8.295454545454546e-01, -1.516748112666169e-03
1.931818181818182e-01, 8.522727272727273e-01, -1.968852421480004e-03
1.931818181818182e-01, 8.750000000000000e-01, -2.230545821706736e-03
1.931818181818182e-01, 8.977272727272727e-01, -2.320492641405050e-03
1.931818181818182e-01, 9.204545454545454e-01, -2.217594865421699e-03
1.931818181818182e-01, 9.431818181818182e-01, -1.885777382372380e-03
1.931818181818182e-01, 9.659090909090909e-01, -1.319759293659018e-03
1.931818181818182e-01, 9.886363636363636e-01, -5.090920098105352e-04
2.159090909090909e-01, 1.136363636363636e-02, 1.943069039805428e-03
2.159090909090909e-01, 3.409090909090909e-02, 5.526549843029853e-03
2.159090909090909e-01, 5.681818181818182e-02, 8.719583865926167e-03
2.159090909090909e-01, 7.954545454545454e-02, 1.151735123080197e-02
2.159090909090909e-01, 1.022727272727273e-01, 1.392675327518677e-02
2.159090909090909e-01, 1.250000000000000e-01, 1.598384190174099e-02
2.159090909090909e-01, 1.477272727272727e-01, 1.770451437531281e-02
2.159090909090909e-01, 1.704545454545454e-01, 1.909197428174146e-02
2.159090909090909e-01, 1.931818181818182e-01, 2.018524135085254e-02
2.159090909090909e-01, 2.159090909090909e-01, 2.098646573688233e-02
2.159090909090909e-01, 2.386363636363636e-01, 2.151075842992777e-02
2.159090909090909e-01, 2.613636363636364e-01, 2.179012946688134e-02
2.159090909090909e-01, 2.840909090909091e-01, 2.181505106077450e-02
2.159090909090909e-01, 3.068181818181818e-01, 2.163352437925023e-02
2.159090909090909e-01, 3.295454545454545e-01, 2.123809150017611e-02
2.159090909090909e-01, 3.522727272727273e-01, 2.067339977146033e-02
2.159090909090909e-01, 3.750000000000000e-01, 1.992111946475963e-02
2.159090909090909e-01, 3.977272727272727e-01, 1.903509175610106e-02
2.159090909090909e-01, 4.204545454545455e-01, 1.799983211934514e-02
2.159090909090909e-01, 4.431818181818182e-01, 1.685989987518585e-02
2.159090909090909e-01, 4.659090909090909e-01, 1.561177211490463e-02
2.159090909090909e-01, 4.886363636363636e-01, 1.428818431526486e-02
2.159090909090909e-01, 5.113636363636364e-01, 1.289473037067175e-02
2.159090909090909e-01, 5.340909090909091e-01, 1.145772282579776e-02
2.159090909090909e-01, 5.568181818181818e-01, 9.986476228082393e-03
2.159090909090909e-01, 5.795454545454546e-01, 8.506327484011190e-03
2.159090909090909e-01, 6.022727272727273e-01, 7.028525114093120e-03
2.159090909090909e-01, 6.250000000000000e-01, 5.572306592923581e-03
2.159090909090909e-01, 6.477272727272727e-01, 4.154643535094109e-03
2.159090909090909e-01, 6.704545454545454e-01, 2.794051666532395e-03
2.159090909090909e-01, 6.931818181818182e-01, 1.504290083406908e-03
2.159090909090909e-01, 7.159090909090909e-01, 3.065021195416089e-04
2.159090909090909e-01, 7.386363636363636e-01, -7.780556311867992e-04
2.159090909090909e-01, 7.613636363636364e-01, -1.750587570449300e-03
2.159090909090909e-01, 7.840909090909091e-01, -2.583508275048386e-03
2.159090909090909e-01, 8.068181818181818e-01, -3.233701240210773e-03
2.159090909090909e-01, 8.295454545454546e-01, -3.715015443308007e-03
2.159090909090909e-01, 8.522727272727273e-01, -4.023103763511641e-03
2.159090909090909e-01, 8.750000000000000e-01, -4.103169888035361e-03
2.159090909090909e-01, 8.977272727272727e-01, -3.956160599327624e-03
2.159090909090909e-01, 9.204545454545454e-01, -3.564390937129690e-03
2.159090909090909e-01, 9.431818181818182e-01, -2.889632863461767e-03
2.159090909090909e-01, 9.659090909090909e-01, -1.941595814876573e-03
2.159090909090909e-01, 9.886363636363636e-01, -7.218818897594257e-04
2.386363636363636e-01, 1.136363636363636e-02, 2.026934186796957e-03
2.386363636363636e-01, 3.409090909090909e-02, 5.746410669971955e-03
2.386363636363636e-01, 5.681818181818182e-02, 9.028478349652071e-03
2.386363636363636e-01, 7.954545454545454e-02, 1.188357947052904e-02
2.386363636363636e-01, 1.022727272727273e-01, 1.432352804891231e-02
2.386363636363636e-01, 1.250000000000000e-01, 1.638662321604394e-02
2.386363636363636e-01, 1.477272727272727e-01, 1.808107543478323e-02
2.386363636363636e-01, 1.704545454545454e-01, 1.941548868886041e-02
2.386363636363636e-01, 1.931818181818182e-01, 2.042637611553087e-02
2.386363636363636e-01, 2.159090909090909e-01, 2.113145850202166e-02
2.386363636363636e-01, 2.386363636363636e-01, 2.153590679186737e-02
2.386363636363636e-01, 2.613636363636364e-01, 2.168557349038627e-02
2.386363636363636e-01, 2.840909090909091e-01, 2.156870817659020e-02
2.386363636363636e-01, 3.068181818181818e-01, 2.123561207324089e-02
2.386363636363636e-01, 3.295454545454545e-01, 2.067041020160593e-02
2.386363636363636e-01, 3.522727272727273e-01, 1.992487012397439e-02
2.386363636363636e-01, 3.750000000000000e-01, 1.899783116328584e-02
2.386363636363636e-01, 3.977272727272727e-01, 1.791527008612879e-02
2.386363636363636e-01, 4.204545454545455e-01, 1.670606319140534e-02
2.386363636363636e-01, 4.431818181818182e-01, 1.536826353482149e-02
2.386363636363636e-01, 4.659090909090909e-01, 1.394926921711536e-02
2.386363636363636e-01, 4.886363636363636e-01, 1.243576745593309e-02
2.386363636363636e-01, 5.113636363636364e-01, 1.088195287718954e-02
2.386363636363636e-01, 5.340909090909091e-01, 9.272162719632909e-03
2.386363636363636e-01, 5.568181818181818e-01, 7.655967254772810e-03
2.386363636363636e-01, 5.795454545454546e-01, 6.031906045415672e-03
2.386363636363636e-01, 6.022727272727273e-01, 4.428916493320374e-03
2.386363636363636e-01, 6.250000000000000e-01, 2.869461165194695e-03
2.386363636363636e-01, 6.477272727272727e-01, 1.359474813291470e-03
2.386363636363636e-01, 6.704545454545454e-01, -6.111213878529327e-05
2.386363636363636e-01, 6.931818181818182e-01, -1.394677755165811e-03
2.386363636363636e-01, 7.159090909090909e-01, -2.605203081012782e-03
2.386363636363636e-01, 7.386363636363636e-01, -3.683330986297847e-03
2.386363636363636e-01, 7.613636363636364e-01, -4.589094386876394e-03
2.386363636363636e-01, 7.840909090909091e-01, -5.345387327114461e-03
2.386363636363636e-01, 8.068181818181818e-01, -5.891782874814585e-03
2.386363636363636e-01, 8.295454545454546e-01, -6.229730304069053e-03
2.386363636363636e-01, 8.522727272727273e-01, -6.340017739770924e-03
2.386363636363636e-01, 8.750000000000000e-01, -6.176175158690857e-03
2.386363636363636e-01, 8.977272727272727e-01, -5.745885502473780e-03
2.386363636363636e-01, 9.204545454545454e-01, -5.053553249336483e-03
2.386363636363636e-01, 9.431818181818182e-01, -4.039373441386434e-03
2.386363636363636e-01, 9.659090909090909e-01, -2.695088829033190e-03
2.386363636363636e-01, 9.886363636363636e-01, -9.884794309402967e-04
2.613636363636364e-01, 1.136363636363636e-02, 2.081894318412690e-03
2.613636363636364e-01, 3.409090909090909e-02, 5.890748541648259e-03
2.613636363636364e-01, 5.681818181818182e-02, 9.238728289433404e-03
2.613636363636364e-01, 7.954545454545454e-02, 1.212300043859113e-02
2.613636363636364e-01, 1.022727272727273e-01, 1.455785299389543e-02
2.613636363636364e-01, 1.250000000000000e-01, 1.659075255542275e-02
2.613636363636364e-01, 1.477272727272727e-01, 1.823341058823155e-02
2.613636363636364e-01, 1.704545454545454e-01, 1.949369871466938e-02
2.613636363636364e-01, 1.931818181818182e-01, 2.040458847810299e-02
2.613636363636364e-01, 2.159090909090909e-01, 2.098841334608628e-02
2.613636363636364e-01, 2.386363636363636e-01, 2.125567662887479e-02
2.613636363636364e-01, 2.613636363636364e-01, 2.124789921349205e-02
2.613636363636364e-01, 2.840909090909091e-01, 2.097469994213251e-02
2.613636363636364e-01, 3.068181818181818e-01, 2.045212773423008e-02
2.613636363636364e-01, 3.295454545454545e-01, 1.971386471185381e-02
2.613636363636364e-01, 3.522727272727273e-01, 1.877287204255624e-02
2.613636363636364e-01, 3.750000000000000e-01, 1.766086810142509e-02
2.613636363636364e-01, 3.977272727272727e-01, 1.637854299575629e-02
2.613636363636364e-01, 4.204545454545455e-01, 1.498101164898402e-02
2.613636363636364e-01, 4.431818181818182e-01, 1.344273245045130e-02
2.613636363636364e-01, 4.659090909090909e-01, 1.184283481064923e-02
2.613636363636364e-01, 4.886363636363636e-01, 1.013915134380889e-02
2.613636363636364e-01, 5.113636363636364e-01, 8.415703192729451e-03
2.613636363636364e-01, 5.340909090909091e-01, 6.643271504608371e-03
2.613636363636364e-01, 5.568181818181818e-01, 4.879075912931960e-03
2.613636363636364e-01, 5.795454545454546e-01, 3.122054576988671e-03
2.613636363636364e-01, 6.022727272727273e-01, 1.405188585349177e-03
2.613636363636364e-01, 6.250000000000000e-01, -2.527493988426236e-04
2.613636363636364e-01, 6.477272727272727e-01, -1.832587507390705e-03
2.613636363636364e-01, 6.704545454545454e-01, -3.307043942412419e-03
2.613636363636364e-01, 6.931818181818182e-01, -4.660022127299450e-03
2.613636363636364e-01, 7.159090909090909e-01, -5.877511244960444e-03
2.613636363636364e-01, 7.386363636363636e-01, -6.902221010536763e-03
2.613636363636364e-01, 7.613636363636364e-01, -7.761802992081372e-03
2.613636363636364e-01, 7.840909090909091e-01, -8.417517999837452e-03
2.613636363636364e-01, 8.068181818181818e-01, -8.818656505716005e-03
2.613636363636364e-01, 8.295454545454546e-01, -8.970067165819088e-03
2.613636363636364e-01, 8.522727272727273e-01, -8.878551059819268e-03
2.613636363636364e-01, 8.750000000000000e-01, -8.474946304471910e-03
2.613636363636364e-01, 8.977272727272727e-01, -7.753134041452687e-03
2.613636363636364e-01, 9.204545454545454e-01, -6.692402750580030e-03
2.613636363636364e-01, 9.431818181818182e-01, -5.253373669177712e-03
2.613636363636364e-01, 9.659090909090909e-01, -3.425628331774377e-03
2.613636363636364e-01, 9.886363636363636e-01, -1.241178967475475e-03
2.840909090909091e-01, 1.136363636363636e-02, 2.124614582595663e-03
2.840909090909091e-01, 3.409090909090909e-02, 5.990751480304875e-03
2.840909090909091e-01, 5.681818181818182e-02, 9.362162824459229e-03
2.840909090909091e-01, 7.954545454545454e-02, 1.224247733736697e-02
2.840909090909091e-01, 1.022727272727273e-01, 1.464590619365971e-02
2.840909090909091e-01, 1.250000000000000e-01, 1.661742036375514e-02
2.840909090909091e-01, 1.477272727272727e-01, 1.817323021893096e-02
2.840909090909091e-01, 1.704545454545454e-01, 1.932145188664737e-02
2.840909090909091e-01, 1.931818181818182e-01, 2.011278783502866e-02
2.840909090909091e-01, 2.159090909090909e-01, 2.056780609458345e-02
2.840909090909091e-01, 2.386363636363636e-01, 2.069179094682009e-02
2.840909090909091e-01, 2.613636363636364e-01, 2.049534017918759e-02
2.840909090909091e-01, 2.840909090909091e-01, 2.005530712045969e-02
2.840909090909091e-01, 3.068181818181818e-01, 1.933402323553637e-02
2.840909090909091e-01, 3.295454545454545e-01, 1.841189235305841e-02
2.840909090909091e-01, 3.522727272727273e-01, 1.726391122562958e-02
2.840909090909091e-01, 3.750000000000000e-01, 1.595768401154737e-02
2.840909090909091e-01, 3.977272727272727e-01, 1.446910370558314e-02
2.840909090909091e-01, 4.204545454545455e-01, 1.286734648758726e-02
2.840909090909091e-01, 4.431818181818182e-01, 1.114020358524818e-02
2.840909090909091e-01, 4.659090909090909e-01, 9.339156285726079e-03
2.840909090909091e-01, 4.886363636363636e-01, 7.465808379804094e-03
2.840909090909091e-01, 5.113636363636364e-01, 5.561982521661871e-03
2.840909090909091e-01, 5.340909090909091e-01, 3.635014701691806e-03
2.840909090909091e-01, 5.568181818181818e-01, 1.724841752844456e-03
2.840909090909091e-01, 5.795454545454546e-01, -1.616032878493308e-04
2.840909090909091e-01, 6.022727272727273e-01, -1.983369711421454e-03
2.840909090909091e-01, 6.250000000000000e-01, -3.733566102845408e-03
2.840909090909091e-01, 6.477272727272727e-01, -5.367361892163362e-03
2.840909090909091e-01, 6.704545454545454e-01, -6.893993409128113e-03
2.840909090909091e-01, 6.931818181818182e-01, -8.259149055705114e-03
2.840909090909091e-01, 7.159090909090909e-01, -9.453809849011126e-03
2.840909090909091e-01, 7.386363636363636e-01, -1.043824428209834e-02
2.840909090909091e-01, 7.613636363636364e-01, -1.120099669255936e-02
2.840909090909091e-01, 7.840909090909091e-01, -1.174498363514252e-02
2.840909090909091e-01, 8.068181818181818e-01, -1.200046378653416e-02
2.840909090909091e-01, 8.295454545454546e-01, -1.196549113373133e-02
2.840909090909091e-01, 8.522727272727273e-01, -1.162198599676895e-02
2.840909090909091e-01, 8.750000000000000e-01, -1.091562490611626e-02
2.840909090909091e-01, 8.977272727272727e-01, -9.844155751851351e-03
2.840909090909091e-01, 9.204545454545454e-01, -8.421747835004569e-03
2.840909090909091e-01, 9.431818181818182e-01, -6.583607570231237e-03
2.840909090909091e-01, 9.659090909090909e-01, -4.295689854291895e-03
2.840909090909091e-01, 9.886363636363636e-01, -1.547739836715135e-03
3.068181818181818e-01, 1.136363636363636e-02, 2.146524457084925e-03
3.068181818181818e-01, 3.409090909090909e-02, 6.035721692421208e-03
3.068181818181818e-01, 5.681818181818182e-02, 9.400305730594560e-03
3.068181818181818e-01, 7.954545454545454e-02, 1.224336397383329e-02
3.068181818181818e-01, 1.022727272727273e-01, 1.458174862824779e-02
3.068181818181818e-01, 1.250000000000000e-01, 1.647285727391542e-02
3.068181818181818e-01, 1.477272727272727e-01, 1.793074550200079e-02
3.068181818181818e-01, 1.704545454545454e-01, 1.895572540409002e-02
3.068181818181818e-01, 1.931818181818182e-01, 1.959657398440476e-02
3.068181818181818e-01, 2.159090909090909e-01, 1.988306196744374e-02
3.068181818181818e-01, 2.386363636363636e-01, 1.982272689937719e-02
3.068181818181818e-01, 2.613636363636364e-01, 1.946351226365631e-02
3.068181818181818e-01, 2.840909090909091e-01, 1.881127856336969e-02
3.068181818181818e-01, 3.068181818181818e-01, 1.790432533084444e-02
3.068181818181818e-01, 3.295454545454545e-01, 1.677385870309481e-02
3.068181818181818e-01, 3.522727272727273e-01, 1.542036493837770e-02
3.068181818181818e-01, 3.750000000000000e-01, 1.389180204154227e-02
3.068181818181818e-01, 3.977272727272727e-01, 1.220946429393577e-02
3.068181818181818e-01, 4.204545454545455e-01, 1.039014344674012e-02
3.068181818181818e-01, 4.431818181818182e-01, 8.478253064525284e-03
3.068181818181818e-01, 4.659090909090909e-01, 6.474411258434285e-03
3.068181818181818e-01, 4.886363636363636e-01, 4.432399885673355e-03
3.068181818181818e-01, 5.113636363636364e-01, 2.349104803964346e-03
3.068181818181818e-01, 5.340909090909091e-01, 2.767446981043836e-04
3.068181818181818e-01, 5.568181818181818e-01, -1.780975576472251e-03
3.068181818181818e-01, 5.795454545454546e-01, -3.783359658286372e-03
3.068181818181818e-01, 6.022727272727273e-01, -5.711590177486998e-03
3.068181818181818e-01, 6.250000000000000e-01, -7.538423555697009e-03
3.068181818181818e-01, 6.477272727272727e-01, -9.239289325643349e-03
3.068181818181818e-01, 6.704545454545454e-01, -1.078166991273422e-02
3.068181818181818e-01, 6.931818181818182e-01, -1.213289758396490e-02
3.068181818181818e-01, 7.159090909090909e-01, -1.330668668599664e-02
3.068181818181818e-01, 7.386363636363636e-01, -1.422490808647029e-02
3.068181818181818e-01, 7.613636363636364e-01, -1.489987519962129e-02
3.068181818181818e-01, 7.840909090909091e-01, -1.530136210911525e-02
3.068181818181818e-01, 8.068181818181818e-01, -1.536844357815506e-02
3.068181818181818e-01, 8.295454545454546e-01, -1.510537970508674e-02
3.068181818181818e-01, 8.522727272727273e-01, -1.450965450595179e-02
3.068181818181818e-01, 8.750000000000000e-01, -1.352003125678389e-02
3.068181818181818e-01, 8.977272727272727e-01, -1.210590550664379e-02
3.068181818181818e-01, 9.204545454545454e-01, -1.026619505531202e-02
3.068181818181818e-01, 9.431818181818182e-01, -7.944526209909026e-03
3.068181818181818e-01, 9.659090909090909e-01, -5.127837420588670e-03
3.068181818181818e-01, 9.886363636363636e-01, -1.828401325205370e-03
3.295454545454545e-01, 1.136363636363636e-02, 2.152729638258017e-03
3.295454545454545e-01, 3.409090909090909e-02, 6.031317528200849e-03
3.295454545454545e-01, 5.681818181818182e-02, 9.361024336633307e-03
3.295454545454545e-01, 7.954545454545454e-02, 1.214759234966593e-02
3.295454545454545e-01, 1.022727272727273e-01, 1.439809177031650e-02
3.295454545454545e-01, 1.250000000000000e-01, 1.617646523216316e-02
3.295454545454545e-01, 1.477272727272727e-01, 1.749822335358288e-02
3.295454545454545e-01, 1.704545454545454e-01, 1.837299261761097e-02
3.295454545454545e-01, 1.931818181818182e-01, 1.885969564108431e-02
3.295454545454545e-01, 2.159090909090909e-01, 1.898277253382757e-02
3.295454545454545e-01, 2.386363636363636e-01, 1.873280270188047e-02
3.295454545454545e-01, 2.613636363636364e-01, 1.816154479896162e-02
3.295454545454545e-01, 2.840909090909091e-01, 1.732051667447296e-02
3.295454545454545e-01, 3.068181818181818e-01, 1.618687972037077e-02
3.295454545454545e-01, 3.295454545454545e-01, 1.484317726854081e-02
3.295454545454545e-01, 3.522727272727273e-01, 1.328155869988844e-02
3.295454545454545e-01, 3.750000000000000e-01, 1.153185364041729e-02
3.295454545454545e-01, 3.977272727272727e-01, 9.648786554290689e-03
3.295454545454545e-01, 4.204545454545455e-01, 7.614619215252634e-03
3.295454545454545e-01, 4.431818181818182e-01, 5.512450058971389e-03
3.295454545454545e-01, 4.659090909090909e-01, 3.307026742254008e-03
3.295454545454545e-01, 4.886363636363636e-01, 1.093304621422911e-03
3.295454545454545e-01, 5.113636363636364e-01, -1.162565289902863e-03
3.295454545454545e-01, 5.340909090909091e-01, -3.382987155273603e-03
3.295454545454545e-01, 5.568181818181818e-01, -5.577001209512165e-03
3.295454545454545e-01, 5.795454545454546e-01, -7.689703616004117e-03
3.295454545454545e-01, 6.022727272727273e-01, -9.715416114052250e-03
3.295454545454545e-01, 6.250000000000000e-01, -1.160761029703450e-02
3.295454545454545e-01, 6.477272727272727e-01, -1.334748626572968e-02
3.295454545454545e-01, 6.704545454545454e-01, -1.490155063814383e-02
3.295454545454545e-01, 6.931818181818182e-01, -1.625040884485024e-02
3.295454545454545e-01, 7.159090909090909e-01, -1.737608029645716e-02
3.295454545454545e-01, 7.386363636363636e-01, -1.821793278455592e-02
3.295454545454545e-01, 7.613636363636364e-01, -1.876843310044721e-02
3.295454545454545e-01, 7.840909090909091e-01, -1.901959550007423e-02
3.295454545454545e-01, 8.068181818181818e-01, -1.890703543559864e-02
3.295454545454545e-01, 8.295454545454546e-01, -1.841826772607830e-02
3.295454545454545e-01, 8.522727272727273e-01, -1.753932945211274e-02
3.295454545454545e-01, 8.750000000000000e-01, -1.620474630403972e-02
3.295454545454545e-01, 8.977272727272727e-01, -1.441133727911707e-02
3.295454545454545e-01, 9.204545454545454e-01, -1.215411197229733e-02
3.295454545454545e-01, 9.431818181818182e-01, -9.391038278495089e-03
3.295454545454545e-01, 9.659090909090909e-01, -6.051728902952882e-03
3.295454545454545e-01, 9.886363636363636e-01, -2.160362373659594e-03
3.522727272727273e-01, 1.136363636363636e-02, 2.144803253679889e-03
3.522727272727273e-01, 3.409090909090909e-02, 5.985299468494267e-03
3.522727272727273e-01, 5.681818181818182e-02, 9.249773926462328e-03
3.522727272727273e-01, 7.954545454545454e-02, 1.194295846602440e-02
3.522727272727273e-01, 1.022727272727273e-01, 1.408417708214383e-02
3.522727272727273e-01, 1.250000000000000e-01, 1.573812826825222e-02
3.522727272727273e-01, 1.477272727272727e-01, 1.692217056605081e-02
3.522727272727273e-01, 1.704545454545454e-01, 1.762899051870150e-02
3.522727272727273e-01, 1.931818181818182e-01, 1.793261894946079e-02
3.522727272727273e-01, 2.159090909090909e-01, 1.785849468660133e-02
3.522727272727273e-01, 2.386363636363636e-01, 1.740937680208543e-02
3.522727272727273e-01, 2.613636363636364e-01, 1.664529496729743e-02
3.522727272727273e-01, 2.840909090909091e-01, 1.559060392243557e-02
3.522727272727273e-01, 3.068181818181818e-01, 1.424451652710235e-02
3.522727272727273e-01, 3.295454545454545e-01, 1.266680446423729e-02
3.522727272727273e-01, 3.522727272727273e-01, 1.089557995667831e-02
3.522727272727273e-01, 3.750000000000000e-01, 8.926544000720805e-03
3.522727272727273e-01, 3.977272727272727e-01, 6.834058035279015e-03
3.522727272727273e-01, 4.204545454545455e-01, 4.596874624278508e-03
3.522727272727273e-01, 4.431818181818182e-01, 2.286902778376831e-03
3.522727272727273e-01, 4.659090909090909e-01, -9.542553627649731e-05
3.522727272727273e-01, 4.886363636363636e-01, -2.496026889244597e-03
3.522727272727273e-01, 5.113636363636364e-01, -4.906947655604329e-03
3.522727272727273e-01, 5.340909090909091e-01, -7.276425705910371e-03
3.522727272727273e-01, 5.568181818181818e-01, -9.596492874018101e-03
3.522727272727273e-01, 5.795454545454546e-01, -1.181534972747224e-02
3.522727272727273e-01, 6.022727272727273e-01, -1.392162586125617e-02
3.522727272727273e-01, 6.250000000000000e-01, -1.587049334084509e-02
3.522727272727273e-01, 6.477272727272727e-01, -1.765674113636034e-02
3.522727272727273e-01, 6.704545454545454e-01, -1.921968909609525e-02
3.522727272727273e-01, 6.931818181818182e-01, -2.054158784847289e-02
3.522727272727273e-01, 7.159090909090909e-01, -2.160896160116771e-02
3.522727272727273e-01, 7.386363636363636e-01, -2.236544638998051e-02
3.522727272727273e-01, 7.613636363636364e-01, -2.279590203454441e-02
3.522727272727273e-01, 7.840909090909091e-01, -2.288216809132496e-02
3.522727272727273e-01, 8.068181818181818e-01, -2.255319169657454e-02
3.522727272727273e-01, 8.295454545454546e-01, -2.181281064136468e-02
3.522727272727273e-01, 8.522727272727273e-01, -2.064196128753691e-02
3.522727272727273e-01, 8.750000000000000e-01, -1.898469221764655e-02
3.522727272727273e-01, 8.977272727272727e-01, -1.681047975829829e-02
3.522727272727273e-01, 9.204545454545454e-01, -1.411765187152262e-02
3.522727272727273e-01, 9.431818181818182e-01, -1.083732086464472e-02
3.522727272727273e-01, 9.659090909090909e-01, -6.954038095918453e-03
3.522727272727273e-01, 9.886363636363636e-01, -2.466196532290157e-03
3.750000000000000e-01, 1.136363636363636e-02, 2.119745577828236e-03
3.750000000000000e-01, 3.409090909090909e-02, 5.894791867193628e-03
3.750000000000000e-01, 5.681818181818182e-02, 9.073634299523228e-03
3.750000000000000e-01, 7.954545454545454e-02, 1.165892740931247e-02
3.750000000000000e-01, 1.022727272727273e-01, 1.366715850767674e-02
3.750000000000000e-01, 1.250000000000000e-01, 1.516949503931689e-02
3.750000000000000e-01, 1.477272727272727e-01, 1.618181966682922e-02
3.750000000000000e-01, 1.704545454545454e-01, 1.671524638400421e-02
3.750000000000000e-01, 1.931818181818182e-01, 1.683620294062618e-02
3.750000000000000e-01, 2.159090909090909e-01, 1.656591375813434e-02
3.750000000000000e-01, 2.386363636363636e-01, 1.590091632113887e-02
3.750000000000000e-01, 2.613636363636364e-01, 1.491525940361849e-02
3.750000000000000e-01, 2.840909090909091e-01, 1.363787154131185e-02
3.750000000000000e-01, 3.068181818181818e-01, 1.207896169037088e-02
3.750000000000000e-01, 3.295454545454545e-01, 1.029832635930044e-02
3.750000000000000e-01, 3.522727272727273e-01, 8.290002465688928e-03
3.750000000000000e-01, 3.750000000000000e-01, 6.108244818013882e-03
3.750000000000000e-01, 3.977272727272727e-01, 3.791917502270269e-03
3.750000000000000e-01, 4.204545454545455e-01, 1.357576290233836e-03
3.750000000000000e-01, 4.431818181818182e-01, -1.159658300097102e-03
3.750000000000000e-01, 4.659090909090909e-01, -3.711093285723022e-03
3.750000000000000e-01, 4.886363636363636e-01, -6.292878615175481e-03
3.750000000000000e-01, 5.113636363636364e-01, -8.848471898443894e-03
3.750000000000000e-01, 5.340909090909091e-01, -1.136609531959698e-02
3.750000000000000e-01, 5.568181818181818e-01, -1.379860578138156e-02
3.750000000000000e-01, 5.795454545454546e-01, -1.613009651666920e-02
3.750000000000000e-01, 6.022727272727273e-01, -1.830423551773512e-02
3.750000000000000e-01, 6.250000000000000e-01, -2.030969508740319e-02
3.750000000000000e-01, 6.477272727272727e-01, -2.211911812261427e-02
3.750000000000000e-01, 6.704545454545454e-01, -2.367132601168509e-02
3.750000000000000e-01, 6.931818181818182e-01, -2.496626936861220e-02
3.750000000000000e-01, 7.159090909090909e-01, -2.597231526671121e-02
3.750000000000000e-01, 7.386363636363636e-01, -2.661934268962084e-02
3.750000000000000e-01, 7.613636363636364e-01, -2.691083386679339e-02
3.750000000000000e-01, 7.840909090909091e-01, -2.682191739349847e-02
3.750000000000000e-01, 8.068181818181818e-01, -2.627973498629877e-02
3.750000000000000e-01, 8.295454545454546e-01, -2.528525029269939e-02
3.750000000000000e-01, 8.522727272727273e-01, -2.381717293627164e-02
3.750000000000000e-01, 8.750000000000000e-01, -2.180002516963156e-02
3.750000000000000e-01, 8.977272727272727e-01, -1.923001032194829e-02
3.750000000000000e-01, 9.204545454545454e-01, -1.609467724102567e-02
3.750000000000000e-01, 9.431818181818182e-01, -1.231995700008525e-02
3.750000000000000e-01, 9.659090909090909e-01, -7.888788297828696e-03
3.750000000000000e-01, 9.886363636363636e-01, -2.799829171946028e-03
3.977272727272727e-01, 1.136363636363636e-02, 2.082087438861810e-03
3.977272727272727e-01, 3.409090909090909e-02, 5.766630911604612e-03
3.977272727272727e-01, 5.681818181818182e-02, 8.832698736972787e-03
3.977272727272727e-01, 7.954545454545454e-02, 1.128636716100855e-02
3.977272727272727e-01, 1.022727272727273e-01, 1.314939425656069e-02
3.977272727272727e-01, 1.250000000000000e-01, 1.449299406830224e-02
3.977272727272727e-01, 1.477272727272727e-01, 1.532464239311739e-02
3.977272727272727e-01, 1.704545454545454e-01, 1.566385032689284e-02
3.977272727272727e-01, 1.931818181818182e-01, 1.558015499023314e-02
3.977272727272727e-01, 2.159090909090909e-01, 1.509851286291027e-02
3.977272727272727e-01, 2.386363636363636e-01, 1.422614534238037e-02
3.977272727272727e-01, 2.613636363636364e-01, 1.302899443131804e-02
3.977272727272727e-01, 2.840909090909091e-01, 1.152831953982641e-02
3.977272727272727e-01, 3.068181818181818e-01, 9.733019922744123e-03
3.977272727272727e-01, 3.295454545454545e-01, 7.716405579444625e-03
3.977272727272727e-01, 3.522727272727273e-01, 5.504008591583299e-03
3.977272727272727e-01, 3.750000000000000e-01, 3.110258583741854e-03
3.977272727272727e-01, 3.977272727272727e-01, 5.842872970896936e-04
3.977272727272727e-01, 4.204545454545455e-01, -2.050051953529140e-03
3.977272727272727e-01, 4.431818181818182e-01, -4.760247594389006e-03
3.977272727272727e-01, 4.659090909090909e-01, -7.488290178527536e-03
3.977272727272727e-01, 4.886363636363636e-01, -1.024539745169543e-02
3.977272727272727e-01, 5.113636363636364e-01, -1.294152376025209e-02
3.977272727272727e-01, 5.340909090909091e-01, -1.559873015470876e-02
3.977272727272727e-01, 5.568181818181818e-01, -1.813642838820382e-02
3.977272727272727e-01, 5.795454545454546e-01, -2.055560921436555e-02
3.977272727272727e-01, 6.022727272727273e-01, -2.280119033074439e-02
3.977272727272727e-01, 6.250000000000000e-01, -2.485237263460241e-02
3.977272727272727e-01, 6.477272727272727e-01, -2.667496172627068e-02
3.977272727272727e-01, 6.704545454545454e-01, -2.821604586456435e-02
3.977272727272727e-01, 6.931818181818182e-01, -2.946678827608521e-02
3.977272727272727e-01, 7.159090909090909e-01, -3.039647796377637e-02
3.977272727272727e-01, 7.386363636363636e-01, -3.093114344644817e-02
3.977272727272727e-01, 7.613636363636364e-01, -3.107882495025730e-02
3.977272727272727e-01, 7.840909090909091e-01, -3.080913424228659e-02
3.977272727272727e-01, 8.068181818181818e-01, -3.004307285833272e-02
3.977272727272727e-01, 8.295454545454546e-01, -2.878493174531528e-02
3.977272727272727e-01, 8.522727272727273e-01, -2.701185542445673e-02
3.977272727272727e-01, 8.750000000000000e-01, -2.462997892960086e-02
3.977272727272727e-01, 8.977272727272727e-01, -2.166036006440137e-02
3.977272727272727e-01, 9.204545454545454e-01, -1.807873146702391e-02
3.977272727272727e-01, 9.431818181818182e-01, -1.380601847621465e-02
3.977272727272727e-01, 9.659090909090909e-01, -8.824623671376208e-03
3.977272727272727e-01, 9.886363636363636e-01, -3.133540241856930e-03
4.204545454545455e-01, 1.136363636363636e-02, 2.034151586811398e-03
4.204545454545455e-01, 3.409090909090909e-02, 5.607259738185876e-03
4.204545454545455e-01, 5.681818181818182e-02, 8.545707708770008e-03
4.204545454545455e-01, 7.954545454545454e-02, 1.084317365584776e-02
4.204545454545455e-01, 1.022727272727273e-01, 1.253845139280626e-02
4.204545454545455e-01, 1.250000000000000e-01, 1.370175127968845e-02
4.204545454545455e-01, 1.477272727272727e-01, 1.434949169494048e-02
4.204545454545455e-01, 1.704545454545454e-01, 1.449437391798580e-02
4.204545454545455e-01, 1.931818181818182e-01, 1.420894073447779e-02
4.204545454545455e-01, 2.159090909090909e-01, 1.350559678935578e-02
4.204545454545455e-01, 2.386363636363636e-01, 1.240557407994505e-02
4.204545454545455e-01, 2.613636363636364e-01, 1.098213373867768e-02
4.204545454545455e-01, 2.840909090909091e-01, 9.261891569756328e-03
4.204545454545455e-01, 3.068181818181818e-01, 7.254512767841962e-03
4.204545454545455e-01, 3.295454545454545e-01, 5.022691954453646e-03
4.204545454545455e-01, 3.522727272727273e-01, 2.582680949015571e-03
4.204545454545455e-01, 3.750000000000000e-01, -3.318770192291629e-05
4.204545454545455e-01, 3.977272727272727e-01, -2.764450184859812e-03
4.204545454545455e-01, 4.204545454545455e-01, -5.581038723520030e-03
4.204545454545455e-01, 4.431818181818182e-01, -8.472090460424549e-03
4.204545454545455e-01, 4.659090909090909e-01, -1.138272648393952e-02
4.204545454545455e-01, 4.886363636363636e-01, -1.428554761257219e-02
4.204545454545455e-01, 5.113636363636364e-01, -1.713181792886848e-02
4.204545454545455e-01, 5.340909090909091e-01, -1.990330207007526e-02
4.204545454545455e-01, 5.568181818181818e-01, -2.255181531563269e-02
4.204545454545455e-01, 5.795454545454546e-01, -2.505015490826815e-02
4.204545454545455e-01, 6.022727272727273e-01, -2.735492352664109e-02
4.204545454545455e-01, 6.250000000000000e-01, -2.944131955807818e-02
4.204545454545455e-01, 6.477272727272727e-01, -3.127272664245047e-02
4.204545454545455e-01, 6.704545454545454e-01, -3.279141732651450e-02
4.204545454545455e-01, 6.931818181818182e-01, -3.399056173250665e-02
4.204545454545455e-01, 7.159090909090909e-01, -3.483959189594520e-02
4.204545454545455e-01, 7.386363636363636e-01, -3.525946994641076e-02
4.204545454545455e-01, 7.613636363636364e-01, -3.525765076650510e-02
4.204545454545455e-01, 7.840909090909091e-01, -3.479682441412531e-02
4.204545454545455e-01, 8.068181818181818e-01, -3.379192667755700e-02
4.204545454545455e-01, 8.295454545454546e-01, -3.226365174354814e-02
4.204545454545455e-01, 8.522727272727273e-01, -3.018060807373931e-02
4.204545454545455e-01, 8.750000000000000e-01, -2.745794483802865e-02
4.204545454545455e-01, 8.977272727272727e-01, -2.409144272488304e-02
4.204545454545455e-01, 9.204545454545454e-01, -2.006130071840607e-02
4.204545454545455e-01, 9.431818181818182e-01, -1.526147200870072e-02
4.204545454545455e-01, 9.659090909090909e-01, -9.730188283976033e-03
4.204545454545455e-01, 9.886363636363636e-01, -3.439623411816560e-03
4.431818181818182e-01, 1.136363636363636e-02, 1.970340114467763e-03
4.431818181818182e-01, 3.409090909090909e-02, 5.406897395311232e-03
4.431818181818182e-01, 5.681818181818182e-02, 8.194638807490908e-03
4.431818181818182e-01, 7.954545454545454e-02, 1.033816305668762e-02
4.431818181818182e-01, 1.022727272727273e-01, 1.186151360488254e-02
4.431818181818182e-01, 1.250000000000000e-01, 1.283962938968136e-02
4.431818181818182e-01, 1.477272727272727e-01, 1.327779001829129e-02
4.431818181818182e-01, 1.704545454545454e-01, 1.320763597418415e-02
4.431818181818182e-01, 1.931818181818182e-01, 1.270676252651673e-02
4.431818181818182e-01, 2.159090909090909e-01, 1.179619798820886e-02
4.431818181818182e-01, 2.386363636363636e-01, 1.048503672777827e-02
4.431818181818182e-01, 2.613636363636364e-01, 8.844328427925624e-03
4.431818181818182e-01, 2.840909090909091e-01, 6.890566538988541e-03
4.431818181818182e-01, 3.068181818181818e-01, 4.649888515900918e-03
4.431818181818182e-01, 3.295454545454545e-01, 2.197160889793736e-03
4.431818181818182e-01, 3.522727272727273e-01, -4.443706932228487e-04
4.431818181818182e-01, 3.750000000000000e-01, -3.254519702276345e-03
4.431818181818182e-01, 3.977272727272727e-01, -6.180407451546068e-03
4.431818181818182e-01, 4.204545454545455e-01, -9.202426531772325e-03
4.431818181818182e-01, 4.431818181818182e-01, -1.226049761599516e-02
4.431818181818182e-01, 4.659090909090909e-01, -1.534325361102220e-02
4.431818181818182e-01, 4.886363636363636e-01, -1.838474937408413e-02
4.431818181818182e-01, 5.113636363636364e-01, -2.137056477457575e-02
4.431818181818182e-01, 5.340909090909091e-01, -2.424894764947037e-02
4.431818181818182e-01, 5.568181818181818e-01, -2.699905884406309e-02
4.431818181818182e-01, 5.795454545454546e-01, -2.957243442901344e-02
4.431818181818182e-01, 6.022727272727273e-01, -3.192168846704944e-02
4.431818181818182e-01, 6.250000000000000e-01, -3.402967369280071e-02
4.431818181818182e-01, 6.477272727272727e-01, -3.586050230711751e-02
4.431818181818182e-01, 6.704545454545454e-01, -3.735203178603831e-02
4.431818181818182e-01, 6.931818181818182e-01, -3.849671663774107e-02
4.431818181818182e-01, 7.159090909090909e-01, -3.925338428992618e-02
4.431818181818182e-01, 7.386363636363636e-01, -3.954303371461313e-02
4.431818181818182e-01, 7.613636363636364e-01, -3.938077835501452e-02
4.431818181818182e-01, 7.840909090909091e-01, -3.873192820553743e-02
4.431818181818182e-01, 8.068181818181818e-01, -3.750927437744010e-02
4.431818181818182e-01, 8.295454545454546e-01, -3.571736430273707e-02
4.431818181818182e-01, 8.522727272727273e-01, -3.331670053053470e-02
4.431818181818182e-01, 8.750000000000000e-01, -3.021857521798488e-02
4.431818181818182e-01, 8.977272727272727e-01, -2.644904278519815e-02
4.431818181818182e-01, 9.204545454545454e-01, -2.198140157741842e-02
4.431818181818182e-01, 9.431818181818182e-01, -1.672488652072167e-02
4.431818181818182e-01, 9.659090909090909e-01, -1.065999007257189e-02
4.431818181818182e-01, 9.886363636363636e-01, -3.772020184883736e-03
4.659090909090909e-01, 1.136363636363636e-02, 1.904441350519040e-03
4.659090909090909e-01, 3.409090909090909e-02, 5.194807809153368e-03
4.659090909090909e-01, 5.681818181818182e-02, 7.814831314512421e-03
4.659090909090909e-01, 7.954545454545454e-02, 9.771017425963327e-03
4.659090909090909e-01, 1.022727272727273e-01, 1.109727977827685e-02
4.659090909090909e-01, 1.250000000000000e-01, 1.187853864657797e-02
4.659090909090909e-01, 1.477272727272727e-01, 1.212687057753599e-02
4.659090909090909e-01, 1.704545454545454e-01, 1.185654321825345e-02
4.659090909090909e-01, 1.931818181818182e-01, 1.114050600004217e-02
4.659090909090909e-01, 2.159090909090909e-01, 9.999055942816384e-03
4.659090909090909e-01, 2.386363636363636e-01, 8.454635378005766e-03
4.659090909090909e-01, 2.613636363636364e-01, 6.592672478297040e-03
4.659090909090909e-01, 2.840909090909091e-01, 4.434771403599326e-03
4.659090909090909e-01, 3.068181818181818e-01, 1.991946769628921e-03
4.659090909090909e-01, 3.295454545454545e-01, -6.701335682820626e-04
4.659090909090909e-01, 3.522727272727273e-01, -3.529960717629345e-03
4.659090909090909e-01, 3.750000000000000e-01, -6.550071486497287e-03
4.659090909090909e-01, 3.977272727272727e-01, -9.666091850635061e-03
4.659090909090909e-01, 4.204545454545455e-01, -1.285129707006107e-02
4.659090909090909e-01, 4.431818181818182e-01, -1.607782789512795e-02
4.659090909090909e-01, 4.659090909090909e-01, -1.930680700863438e-02
4.659090909090909e-01, 4.886363636363636e-01, -2.248762107799407e-02
4.659090909090909e-01, 5.113636363636364e-01, -2.560132328722819e-02
4.659090909090909e-01, 5.340909090909091e-01, -2.858404158641224e-02
4.659090909090909e-01, 5.568181818181818e-01, -3.141210686462877e-02
4.659090909090909e-01, 5.795454545454546e-01, -3.404613456399409e-02
4.659090909090909e-01, 6.022727272727273e-01, -3.643712930099071e-02
4.659090909090909e-01, 6.250000000000000e-01, -3.856539240648034e-02
4.659090909090909e-01, 6.477272727272727e-01, -4.038885371457883e-02
4.659090909090909e-01, 6.704545454545454e-01, -4.184051836369745e-02
4.659090909090909e-01, 6.931818181818182e-01, -4.291471233455443e-02
4.659090909090909e-01, 7.159090909090909e-01, -4.358087920369388e-02
4.659090909090909e-01, 7.386363636363636e-01, -4.375315792503696e-02
4.659090909090909e-01, 7.613636363636364e-01, -4.343929931187288e-02
4.659090909090909e-01, 7.840909090909091e-01, -4.258680997671536e-02
4.659090909090909e-01, 8.068181818181818e-01, -4.111924465356204e-02
4.659090909090909e-01, 8.295454545454546e-01, -3.905074648334116e-02
4.659090909090909e-01, 8.522727272727273e-01, -3.635473143778296e-02
4.659090909090909e-01, 8.750000000000000e-01, -3.293496668821022e-02
4.659090909090909e-01, 8.977272727272727e-01, -2.878689067104693e-02
4.659090909090909e-01, 9.204545454545454e-01, -2.387112606623085e-02
4.659090909090909e-01, 9.431818181818182e-01, -1.810760195385075e-02
4.659090909090909e-01, 9.659090909090909e-01, -1.149924887963005e-02
4.659090909090909e-01, 9.886363636363636e-01, -4.053228077496137e-03
4.886363636363636e-01, 1.136363636363636e-02, 1.820259805075363e-03
4.886363636363636e-01, 3.409090909090909e-02, 4.933273265059475e-03
4.886363636363636e-01, 5.681818181818182e-02, 7.381134408323086e-03
4.886363636363636e-01, 7.954545454545454e-02, 9.162898058790751e-03
4.886363636363636e-01, 1.022727272727273e-01, 1.030464732697448e-02
4.886363636363636e-01, 1.250000000000000e-01, 1.087684725306295e-02
4.886363636363636e-01, 1.477272727272727e-01, 1.090502943665402e-02
4.886363636363636e-01, 1.704545454545454e-01, 1.040955653007696e-02
4.886363636363636e-01, 1.931818181818182e-01, 9.480370846240795e-03
4.886363636363636e-01, 2.159090909090909e-01, 8.138819346173885e-03
4.886363636363636e-01, 2.386363636363636e-01, 6.393276928889385e-03
4.886363636363636e-01, 2.613636363636364e-01, 4.312618361389655e-03
4.886363636363636e-01, 2.840909090909091e-01, 1.930216905392189e-03
4.886363636363636e-01, 3.068181818181818e-01, -7.331086732614797e-04
4.886363636363636e-01, 3.295454545454545e-01, -3.601224852924184e-03
4.886363636363636e-01, 3.522727272727273e-01, -6.641514033145076e-03
4.886363636363636e-01, 3.750000000000000e-01, -9.835204321741953e-03
4.886363636363636e-01, 3.977272727272727e-01, -1.313116737456964e-02
4.886363636363636e-01, 4.204545454545455e-01, -1.649494420214036e-02
4.886363636363636e-01, 4.431818181818182e-01, -1.988280929703371e-02
4.886363636363636e-01, 4.659090909090909e-01, -2.324482871375138e-02
4.886363636363636e-01, 4.886363636363636e-01, -2.655470860465929e-02
4.886363636363636e-01, 5.113636363636364e-01, -2.977101015196908e-02
4.886363636363636e-01, 5.340909090909091e-01, -3.284648664559544e-02
4.886363636363636e-01, 5.568181818181818e-01, -3.574658232730455e-02
4.886363636363636e-01, 5.795454545454546e-01, -3.843881175359703e-02
4.886363636363636e-01, 6.022727272727273e-01, -4.086076406720578e-02
4.886363636363636e-01, 6.250000000000000e-01, -4.299173965372732e-02
4.886363636363636e-01, 6.477272727272727e-01, -4.479844726208748e-02
4.886363636363636e-01, 6.704545454545454e-01, -4.621103875645893e-02
4.886363636363636e-01, 6.931818181818182e-01, -4.721930835275980e-02
4.886363636363636e-01, 7.159090909090909e-01, -4.778201197006871e-02
4.886363636363636e-01, 7.386363636363636e-01, -4.781666529247220e-02
4.886363636363636e-01, 7.613636363636364e-01, -4.733311344949104e-02
4.886363636363636e-01, 7.840909090909091e-01, -4.630029350297838e-02
4.886363636363636e-01, 8.068181818181818e-01, -4.462292695119615e-02
4.886363636363636e-01, 8.295454545454546e-01, -4.230182011791189e-02
4.886363636363636e-01, 8.522727272727273e-01, -3.929141715693601e-02
4.886363636363636e-01, 8.750000000000000e-01, -3.551367920412640e-02
4.886363636363636e-01, 8.977272727272727e-01, -3.097001078266795e-02
4.886363636363636e-01, 9.204545454545454e-01, -2.565762381990937e-02
4.886363636363636e-01, 9.431818181818182e-01, -1.946818952508724e-02
4.886363636363636e-01, 9.659090909090909e-01, -1.238053156233191e-02
4.886363636363636e-01, 9.886363636363636e-01, -4.360578688052279e-03
5.113636363636364e-01, 1.136363636363636e-02, 1.739106636588957e-03
5.113636363636364e-01, 3.409090909090909e-02, 4.682443539859039e-03
5.113636363636364e-01, 5.681818181818182e-02, 6.930701054595234e-03
5.113636363636364e-01, 7.954545454545454e-02, 8.505066793541807e-03
5.113636363636364e-01, 1.022727272727273e-01, 9.432874295445540e-03
5.113636363636364e-01, 1.250000000000000e-01, 9.805156423569140e-03
5.113636363636364e-01, 1.477272727272727e-01, 9.639511577697431e-03
5.113636363636364e-01, 1.704545454545454e-01, 8.947754745125290e-03
5.113636363636364e-01, 1.931818181818182e-01, 7.798838106140858e-03
5.113636363636364e-01, 2.159090909090909e-01, 6.233542973827198e-03
5.113636363636364e-01, 2.386363636363636e-01, 4.265618647587240e-03
5.113636363636364e-01, 2.613636363636364e-01, 1.977850651119321e-03
5.113636363636364e-01, 2.840909090909091e-01, -5.922808384905893e-04
5.113636363636364e-01, 3.068181818181818e-01, -3.440072443948608e-03
5.113636363636364e-01, 3.295454545454545e-01, -6.501418218109806e-03
5.113636363636364e-01, 3.522727272727273e-01, -9.736593877857998e-03
5.113636363636364e-01, 3.750000000000000e-01, -1.311560279653342e-02
5.113636363636364e-01, 3.977272727272727e-01, -1.657943701301381e-02
5.113636363636364e-01, 4.204545454545455e-01, -2.008490521934648e-02
5.113636363636364e-01, 4.431818181818182e-01, -2.360675168915773e-02
5.113636363636364e-01, 4.659090909090909e-01, -2.710060335183447e-02
5.113636363636364e-01, 4.886363636363636e-01, -3.052680522597469e-02
5.113636363636364e-01, 5.113636363636364e-01, -3.383330820453819e-02
5.113636363636364e-01, 5.340909090909091e-01, -3.699208205527780e-02
5.113636363636364e-01, 5.568181818181818e-01, -3.995204812444650e-02
5.113636363636364e-01, 5.795454545454546e-01, -4.268631155266182e-02
5.113636363636364e-01, 6.022727272727273e-01, -4.512973670065097e-02
5.113636363636364e-01, 6.250000000000000e-01, -4.726035836210073e-02
5.113636363636364e-01, 6.477272727272727e-01, -4.904197450988108e-02
5.113636363636364e-01, 6.704545454545454e-01, -5.040148325106929e-02
5.113636363636364e-01, 6.931818181818182e-01, -5.133207413698573e-02
5.113636363636364e-01, 7.159090909090909e-01, -5.179951444222141e-02
5.113636363636364e-01, 7.386363636363636e-01, -5.171492607927444e-02
5.113636363636364e-01, 7.613636363636364e-01, -5.107481585042629e-02
5.113636363636364e-01, 7.840909090909091e-01, -4.984313362690979e-02
5.113636363636364e-01, 8.068181818181818e-01, -4.793088210285375e-02
5.113636363636364e-01, 8.295454545454546e-01, -4.534374232944351e-02
5.113636363636364e-01, 8.522727272727273e-01, -4.206460964139118e-02
5.113636363636364e-01, 8.750000000000000e-01, -3.798753388922678e-02
5.113636363636364e-01, 8.977272727272727e-01, -3.309801930402371e-02
5.113636363636364e-01, 9.204545454545454e-01, -2.736802094842112e-02
5.113636363636364e-01, 9.431818181818182e-01, -2.071667583595209e-02
5.113636363636364e-01, 9.659090909090909e-01, -1.312166379523948e-02
5.113636363636364e-01, 9.886363636363636e-01, -4.614125325407517e-03
5.340909090909091e-01, 1.136363636363636e-02, 1.639217341885734e-03
5.340909090909091e-01, 3.409090909090909e-02, 4.379025436728371e-03
5.340909090909091e-01, 5.681818181818182e-02, 6.437716891833358e-03
5.340909090909091e-01, 7.954545454545454e-02, 7.825115525820991e-03
5.340909090909091e-01, 1.022727272727273e-01, 8.559383832441914e-03
5.340909090909091e-01, 1.250000000000000e-01, 8.717131339517127e-03
5.340909090909091e-01, 1.477272727272727e-01, 8.331893757608080e-03
5.340909090909091e-01, 1.704545454545454e-01, 7.420392888285443e-03
5.340909090909091e-01, 1.931818181818182e-01, 6.068820845265157e-03
5.340909090909091e-01, 2.159090909090909e-01, 4.314378234968230e-03
5.340909090909091e-01, 2.386363636363636e-01, 2.159102393979630e-03
5.340909090909091e-01, 2.613636363636364e-01, -3.296529468172769e-04
5.340909090909091e-01, 2.840909090909091e-01, -3.102494984047543e-03
5.340909090909091e-01, 3.068181818181818e-01, -6.146438375926828e-03
5.340909090909091e-01, 3.295454545454545e-01, -9.388975582867189e-03
5.340909090909091e-01, 3.522727272727273e-01, -1.278117635505276e-02
5.340909090909091e-01, 3.750000000000000e-01, -1.630976439808194e-02
5.340909090909091e-01, 3.977272727272727e-01, -1.992130672157126e-02
5.340909090909091e-01, 4.204545454545455e-01, -2.357414089004057e-02
5.340909090909091e-01, 4.431818181818182e-01, -2.722820032944430e-02
5.340909090909091e-01, 4.659090909090909e-01, -3.083730088976723e-02
5.340909090909091e-01, 4.886363636363636e-01, -3.435973840129408e-02
5.340909090909091e-01, 5.113636363636364e-01, -3.774355362774140e-02
5.340909090909091e-01, 5.340909090909091e-01, -4.096793310247378e-02
5.340909090909091e-01, 5.568181818181818e-01, -4.397648146636837e-02
5.340909090909091e-01, 5.795454545454546e-01, -4.673475235715969e-02
5.340909090909091e-01, 6.022727272727273e-01, -4.919210578160164e-02
5.340909090909091e-01, 6.250000000000000e-01, -5.131647808785633e-02
5.340909090909091e-01, 6.477272727272727e-01, -5.306731163667244e-02
5.340909090909091e-01, 6.704545454545454e-01, -5.437747878411649e-02
5.340909090909091e-01, 6.931818181818182e-01, -5.522566437885087e-02
5.340909090909091e-01, 7.159090909090909e-01, -5.558485904686942e-02
5.340909090909091e-01, 7.386363636363636e-01, -5.536291889082177e-02
5.340909090909091e-01, 7.613636363636364e-01, -5.456701173519456e-02
5.340909090909091e-01, 7.840909090909091e-01, -5.316375151210194e-02
5.340909090909091e-01, 8.068181818181818e-01, -5.105506395103658e-02
5.340909090909091e-01, 8.295454545454546e-01, -4.822710397856449e-02
5.340909090909091e-01, 8.522727272727273e-01, -4.466106496517862e-02
5.340909090909091e-01, 8.750000000000000e-01, -4.026075899909033e-02
5.340909090909091e-01, 8.977272727272727e-01, -3.502059729997278e-02
5.340909090909091e-01, 9.204545454545454e-01, -2.893935298971955e-02
5.340909090909091e-01, 9.431818181818182e-01, -2.191018710514234e-02
5.340909090909091e-01, 9.659090909090909e-01, -1.389139530825381e-02
5.340909090909091e-01, 9.886363636363636e-01, -4.881867387927274e-03
5.568181818181818e-01, 1.136363636363636e-02, 1.546637344640827e-03
5.568181818181818e-01, 3.409090909090909e-02, 4.090403163247171e-03
5.568181818181818e-01, 5.681818181818182e-02, 5.939481859208675e-03
5.568181818181818e-01, 7.954545454545454e-02, 7.109859482254814e-03
5.568181818181818e-01, 1.022727272727273e-01, 7.630203480793219e-03
5.568181818181818e-01, 1.250000000000000e-01, 7.586871065688994e-03
5.568181818181818e-01, 1.477272727272727e-01, 7.012947235515612e-03
5.568181818181818e-01, 1.704545454545454e-01, 5.908911150245267e-03
5.568181818181818e-01, 1.931818181818182e-01, 4.357109708356938e-03
5.568181818181818e-01, 2.159090909090909e-01, 2.397323797240151e-03
5.568181818181818e-01, 2.386363636363636e-01, 4.175896260438982e-05
5.568181818181818e-01, 2.613636363636364e-01, -2.630130740928783e-03
5.568181818181818e-01, 2.840909090909091e-01, -5.569529108069545e-03
5.568181818181818e-01, 3.068181818181818e-01, -8.773945970509456e-03
5.568181818181818e-01, 3.295454545454545e-01, -1.217529766239954e-02
5.568181818181818e-01, 3.522727272727273e-01, -1.573094819967943e-02
5.568181818181818e-01, 3.750000000000000e-01, -1.941271323448801e-02
5.568181818181818e-01, 3.977272727272727e-01, -2.315945562599236e-02
5.568181818181818e-01, 4.204545454545455e-01, -2.692559590166274e-02
5.568181818181818e-01, 4.431818181818182e-01, -3.068364223795635e-02
5.568181818181818e-01, 4.659090909090909e-01, -3.438457639458491e-02
5.568181818181818e-01, 4.886363636363636e-01, -3.798662411555971e-02
5.568181818181818e-01, 5.113636363636364e-01, -4.144641167566594e-02
5.568181818181818e-01, 5.340909090909091e-01, -4.472353237085758e-02
5.568181818181818e-01, 5.568181818181818e-01, -4.776669000605330e-02
5.568181818181818e-01, 5.795454545454546e-01, -5.054790549902269e-02
5.568181818181818e-01, 6.022727272727273e-01, -5.300438044975117e-02
5.568181818181818e-01, 6.250000000000000e-01, -5.510140133222510e-02
5.568181818181818e-01, 6.477272727272727e-01, -5.681174538542426e-02
5.568181818181818e-01, 6.704545454545454e-01, -5.805826858465870e-02
5.568181818181818e-01, 6.931818181818182e-01, -5.883436964215498e-02
5.568181818181818e-01, 7.159090909090909e-01, -5.909767276307942e-02
5.568181818181818e-01, 7.386363636363636e-01, -5.875724134961950e-02
5.568181818181818e-01, 7.613636363636364e-01, -5.780273035047713e-02
5.568181818181818e-01, 7.840909090909091e-01, -5.621533860486100e-02
5.568181818181818e-01, 8.068181818181818e-01, -5.389360924402398e-02
5.568181818181818e-01, 8.295454545454546e-01, -5.084170529891095e-02
5.568181818181818e-01, 8.522727272727273e-01, -4.703530328279421e-02
5.568181818181818e-01, 8.750000000000000e-01, -4.237208255715588e-02
5.568181818181818e-01, 8.977272727272727e-01, -3.682007359444928e-02
5.568181818181818e-01, 9.204545454545454e-01, -3.038393595546452e-02
5.568181818181818e-01, 9.431818181818182e-01, -2.296120248802930e-02
5.568181818181818e-01, 9.659090909090909e-01, -1.452842788239208e-02
5.568181818181818e-01, 9.886363636363636e-01, -5.095796377765987e-03
5.795454545454546e-01, 1.136363636363636e-02, 1.435701854370943e-03
5.795454545454546e-01, 3.409090909090909e-02, 3.767251039952353e-03
5.795454545454546e-01, 5.681818181818182e-02, 5.410619598114288e-03
5.795454545454546e-01, 7.954545454545454e-02, 6.389348532126839e-03
5.795454545454546e-01, 1.022727272727273e-01, 6.709687805678237e-03
5.795454545454546e-01, 1.250000000000000e-01, 6.465739041814769e-03
5.795454545454546e-01, 1.477272727272727e-01, 5.683909321202625e-03
5.795454545454546e-01, 1.704545454545454e-01, 4.381853068416164e-03
5.795454545454546e-01, 1.931818181818182e-01, 2.643790851616536e-03
5.795454545454546e-01, 2.159090909090909e-01, 5.112111550983401e-04
5.795454545454546e-01, 2.386363636363636e-01, -2.013233306449333e-03
5.795454545454546e-01, 2.613636363636364e-01, -4.850027374801406e-03
5.795454545454546e-01, 2.840909090909091e-01, -7.958051665747038e-03
5.795454545454546e-01, 3.068181818181818e-01, -1.132277727215276e-02
5.795454545454546e-01, 3.295454545454545e-01, -1.487175380791055e-02
5.795454545454546e-01, 3.522727272727273e-01, -1.855402242319628e-02
5.795454545454546e-01, 3.750000000000000e-01, -2.235205848002698e-02
5.795454545454546e-01, 3.977272727272727e-01, -2.621310829020177e-02
5.795454545454546e-01, 4.204545454545455e-01, -3.008765919276873e-02
5.795454545454546e-01, 4.431818181818182e-01, -3.393587975861431e-02
5.795454545454546e-01, 4.659090909090909e-01, -3.771638876167881e-02
5.795454545454546e-01, 4.886363636363636e-01, -4.138350542809823e-02
5.795454545454546e-01, 5.113636363636364e-01, -4.490021239142983e-02
5.795454545454546e-01, 5.340909090909091e-01, -4.821500041858542e-02
5.795454545454546e-01, 5.568181818181818e-01, -5.127057955000666e-02
5.795454545454546e-01, 5.795454545454546e-01, -5.406272121616438e-02
5.795454545454546e-01, 6.022727272727273e-01, -5.649647659483410e-02
5.795454545454546e-01, 6.250000000000000e-01, -5.857692055050673e-02
5.795454545454546e-01, 6.477272727272727e-01, -6.024600581046232e-02
5.795454545454546e-01, 6.704545454545454e-01, -6.142764630282571e-02
5.795454545454546e-01, 6.931818181818182e-01, -6.210924194131756e-02
5.795454545454546e-01, 7.159090909090909e-01, -6.226409951597909e-02
5.795454545454546e-01, 7.386363636363636e-01, -6.179599101518467e-02
5.795454545454546e-01, 7.613636363636364e-01, -6.071128976696882e-02
5.795454545454546e-01, 7.840909090909091e-01, -5.897175959701646e-02
5.795454545454546e-01, 8.068181818181818e-01, -5.646935056157330e-02
5.795454545454546e-01, 8.295454545454546e-01, -5.319947398657775e-02
5.795454545454546e-01, 8.522727272727273e-01, -4.915071117647447e-02
5.795454545454546e-01, 8.750000000000000e-01, -4.421624622189527e-02
5.795454545454546e-01, 8.977272727272727e-01, -3.839022918850243e-02
5.795454545454546e-01, 9.204545454545454e-01, -3.165853506342639e-02
5.795454545454546e-01, 9.431818181818182e-01, -2.392373162300209e-02
5.795454545454546e-01, 9.659090909090909e-01, -1.513173159714172e-02
5.795454545454546e-01, 9.886363636363636e-01, -5.309367181158889e-03
6.022727272727273e-01, 1.136363636363636e-02, 1.332393320349470e-03
6.022727272727273e-01, 3.409090909090909e-02, 3.451577399060592e-03
6.022727272727273e-01, 5.681818181818182e-02, 4.886695827282917e-03
6.022727272727273e-01, 7.954545454545454e-02, 5.649925205401157e-03
6.022727272727273e-01, 1.022727272727273e-01, 5.770744146575948e-03
6.022727272727273e-01, 1.250000000000000e-01, 5.334770161144672e-03
6.022727272727273e-01, 1.477272727272727e-01, 4.372701230640296e-03
6.022727272727273e-01, 1.704545454545454e-01, 2.892129858110283e-03
6.022727272727273e-01, 1.931818181818182e-01, 9.830972984642965e-04
6.022727272727273e-01, 2.159090909090909e-01, -1.321325715841847e-03
6.022727272727273e-01, 2.386363636363636e-01, -4.008323552828970e-03
6.022727272727273e-01, 2.613636363636364e-01, -6.996973828820042e-03
6.022727272727273e-01, 2.840909090909091e-01, -1.024788330000804e-02
6.022727272727273e-01, 3.068181818181818e-01, -1.373912998398365e-02
6.022727272727273e-01, 3.295454545454545e-01, -1.740042711445781e-02
6.022727272727273e-01, 3.522727272727273e-01, -2.120842017916952e-02
6.022727272727273e-01, 3.750000000000000e-01, -2.511244241244583e-02
6.022727272727273e-01, 3.977272727272727e-01, -2.906118756176997e-02
6.022727272727273e-01, 4.204545454545455e-01, -3.301198577584858e-02
6.022727272727273e-01, 4.431818181818182e-01, -3.693332337636068e-02
6.022727272727273e-01, 4.659090909090909e-01, -4.076915713851055e-02
6.022727272727273e-01, 4.886363636363636e-01, -4.448339237069461e-02
6.022727272727273e-01, 5.113636363636364e-01, -4.802705842842778e-02
6.022727272727273e-01, 5.340909090909091e-01, -5.136034755906008e-02
6.022727272727273e-01, 5.568181818181818e-01, -5.442876059417272e-02
6.022727272727273e-01, 5.795454545454546e-01, -5.720389128503002e-02
6.022727272727273e-01, 6.022727272727273e-01, -5.963293560196269e-02
6.022727272727273e-01, 6.250000000000000e-01, -6.166893759892259e-02
6.022727272727273e-01, 6.477272727272727e-01, -6.327864819909146e-02
6.022727272727273e-01, 6.704545454545454e-01, -6.439540001476997e-02
6.022727272727273e-01, 6.931818181818182e-01, -6.500959610749125e-02
6.022727272727273e-01, 7.159090909090909e-01, -6.507790873117225e-02
6.022727272727273e-01, 7.386363636363636e-01, -6.448633619564766e-02
6.022727272727273e-01, 7.613636363636364e-01, -6.325431077675428e-02
6.022727272727273e-01, 7.840909090909091e-01, -6.135301094229202e-02
6.022727272727273e-01, 8.068181818181818e-01, -5.867850509842847e-02
6.022727272727273e-01, 8.295454545454546e-01, -5.523470367215526e-02
6.022727272727273e-01, 8.522727272727273e-01, -5.099187538659244e-02
6.022727272727273e-01, 8.750000000000000e-01, -4.583352095718344e-02
6.022727272727273e-01, 8.977272727272727e-01, -3.975385284980962e-02
6.022727272727273e-01, 9.204545454545454e-01, -3.275081160879045e-02
6.022727272727273e-01, 9.431818181818182e-01, -2.471543309409592e-02
6.022727272727273e-01, 9.659090909090909e-01, -1.562342670411200e-02
6.022727272727273e-01, 9.886363636363636e-01, -5.475826472850283e-03
6.250000000000000e-01, 1.136363636363636e-02, 1.218201604176058e-03
6.250000000000000e-01, 3.409090909090909e-02, 3.123130856626087e-03
6.250000000000000e-01, 5.681818181818182e-02, 4.351443571892606e-03
6.250000000000000e-01, 7.954545454545454e-02, 4.915435585444718e-03
6.250000000000000e-01, 1.022727272727273e-01, 4.845687746520769e-03
6.250000000000000e-01, 1.250000000000000e-01, 4.227922909464921e-03
6.250000000000000e-01, 1.477272727272727e-01, 3.086599789120556e-03
6.250000000000000e-01, 1.704545454545454e-01, 1.439914825793434e-03
6.250000000000000e-01, 1.931818181818182e-01, -6.279754323629749e-04
6.250000000000000e-01, 2.159090909090909e-01, -3.083124307270879e-03
6.250000000000000e-01, 2.386363636363636e-01, -5.905383948823620e-03
6.250000000000000e-01, 2.613636363636364e-01, -9.018649446774009e-03
6.250000000000000e-01, 2.840909090909091e-01, -1.238695771603067e-02
6.250000000000000e-01, 3.068181818181818e-01, -1.599226277842770e-02
6.250000000000000e-01, 3.295454545454545e-01, -1.976007642977350e-02
6.250000000000000e-01, 3.522727272727273e-01, -2.365745565114400e-02
6.250000000000000e-01, 3.750000000000000e-01, -2.763119148702653e-02
6.250000000000000e-01, 3.977272727272727e-01, -3.164559267280379e-02
6.250000000000000e-01, 4.204545454545455e-01, -3.566628296990146e-02
6.250000000000000e-01, 4.431818181818182e-01, -3.963230935590049e-02
6.250000000000000e-01, 4.659090909090909e-01, -4.351258683281280e-02
6.250000000000000e-01, 4.886363636363636e-01, -4.724888338179161e-02
6.250000000000000e-01, 5.113636363636364e-01, -5.081117997380581e-02
6.250000000000000e-01, 5.340909090909091e-01, -5.414173021407831e-02
6.250000000000000e-01, 5.568181818181818e-01, -5.721192644028409e-02
6.250000000000000e-01, 5.795454545454546e-01, -5.995731957589521e-02
6.250000000000000e-01, 6.022727272727273e-01, -6.236820460433080e-02
6.250000000000000e-01, 6.250000000000000e-01, -6.434422482941850e-02
6.250000000000000e-01, 6.477272727272727e-01, -6.591367389923750e-02
6.250000000000000e-01, 6.704545454545454e-01, -6.694823573741703e-02
6.250000000000000e-01, 6.931818181818182e-01, -6.746196629510315e-02
6.250000000000000e-01, 7.159090909090909e-01, -6.742260355094498e-02
6.250000000000000e-01, 7.386363636363636e-01, -6.673042335909377e-02
6.250000000000000e-01, 7.613636363636364e-01, -6.539329605226611e-02
6.250000000000000e-01, 7.840909090909091e-01, -6.337293860408684e-02
6.250000000000000e-01, 8.068181818181818e-01, -6.053737714070350e-02
6.250000000000000e-01, 8.295454545454546e-01, -5.691626429310571e-02
6.250000000000000e-01, 8.522727272727273e-01, -5.248547921213183e-02
6.250000000000000e-01, 8.750000000000000e-01, -4.713654168064107e-02
6.250000000000000e-01, 8.977272727272727e-01, -4.086330155875957e-02
6.250000000000000e-01, 9.204545454545454e-01, -3.364884927953216e-02
6.250000000000000e-01, 9.431818181818182e-01, -2.537476335052198e-02
6.250000000000000e-01, 9.659090909090909e-01, -1.602772913287108e-02
6.250000000000000e-01, 9.886363636363636e-01, -5.616559495354319e-03
6.477272727272727e-01, 1.136363636363636e-02, 1.102693461765635e-03
6.477272727272727e-01, 3.409090909090909e-02, 2.793127582903973e-03
6.477272727272727e-01, 5.681818181818182e-02, 3.817864972762954e-03
6.477272727272727e-01, 7.954545454545454e-02, 4.189794749476717e-03
6.477272727272727e-01, 1.022727272727273e-01, 3.938579859521224e-03
6.477272727272727e-01, 1.250000000000000e-01, 3.148773472259110e-03
6.477272727272727e-01, 1.477272727272727e-01, 1.840658451679160e-03
6.477272727272727e-01, 1.704545454545454e-01, 4.705571089768115e-05
6.477272727272727e-01, 1.931818181818182e-01, -2.155497276884316e-03
6.477272727272727e-01, 2.159090909090909e-01, -4.734169413499136e-03
6.477272727272727e-01, 2.386363636363636e-01, -7.676434268325329e-03
6.477272727272727e-01, 2.613636363636364e-01, -1.090193933875751e-02
6.477272727272727e-01, 2.840909090909091e-01, -1.437038673575225e-02
6.477272727272727e-01, 3.068181818181818e-01, -1.806315187626524e-02
6.477272727272727e-01, 3.295454545454545e-01, -2.189204970046768e-02
6.477272727272727e-01, 3.522727272727273e-01, -2.585118920395818e-02
6.477272727272727e-01, 3.750000000000000e-01, -2.988711774760531e-02
6.477272727272727e-01, 3.977272727272727e-01, -3.395948748330982e-02
6.477272727272727e-01, 4.204545454545455e-01, -3.801132253449116e-02
6.477272727272727e-01, 4.431818181818182e-01, -4.200047341447391e-02
6.477272727272727e-01, 4.659090909090909e-01, -4.588895343934707e-02
6.477272727272727e-01, 4.886363636363636e-01, -4.963040938670320e-02
6.477272727272727e-01, 5.113636363636364e-01, -5.318320854974725e-02
6.477272727272727e-01, 5.340909090909091e-01, -5.649979454152864e-02
6.477272727272727e-01, 5.568181818181818e-01, -5.954169900895863e-02
6.477272727272727e-01, 5.795454545454546e-01, -6.225001508435335e-02
6.477272727272727e-01, 6.022727272727273e-01, -6.460237456110682e-02
6.477272727272727e-01, 6.250000000000000e-01, -6.653802598953519e-02
6.477272727272727e-01, 6.477272727272727e-01, -6.803577311319128e-02
6.477272727272727e-01, 6.704545454545454e-01, -6.899671658387448e-02
6.477272727272727e-01, 6.931818181818182e-01, -6.945583218792127e-02
6.477272727272727e-01, 7.159090909090909e-01, -6.933145282966040e-02
6.477272727272727e-01, 7.386363636363636e-01, -6.852329321877729e-02
6.477272727272727e-01, 7.613636363636364e-01, -6.706153280676938e-02
6.477272727272727e-01, 7.840909090909091e-01, -6.490654856111977e-02
6.477272727272727e-01, 8.068181818181818e-01, -6.195677259166390e-02
6.477272727272727e-01, 8.295454545454546e-01, -5.821663166544644e-02
6.477272727272727e-01, 8.522727272727273e-01, -5.365550833682640e-02
6.477272727272727e-01, 8.750000000000000e-01, -4.814019188654171e-02
6.477272727272727e-01, 8.977272727272727e-01, -4.169280715690124e-02
6.477272727272727e-01, 9.204545454545454e-01, -3.430059238215960e-02
6.477272727272727e-01, 9.431818181818182e-01, -2.585361948566451e-02
6.477272727272727e-01, 9.659090909090909e-01, -1.632705051764624e-02
6.477272727272727e-01, 9.886363636363636e-01, -5.722127186610796e-03
6.704545454545454e-01, 1.136363636363636e-02, 9.952050856589071e-04
6.704545454545454e-01, 3.409090909090909e-02, 2.472736212057574e-03
6.704545454545454e-01, 5.681818181818182e-02, 3.298148432980767e-03
6.704545454545454e-01, 7.954545454545454e-02, 3.474466555935191e-03
6.704545454545454e-01, 1.022727272727273e-01, 3.052676441203171e-03
6.704545454545454e-01, 1.250000000000000e-01, 2.108954556198662e-03
6.704545454545454e-01, 1.477272727272727e-01, 6.655331046963765e-04
6.704545454545454e-01, 1.704545454545454e-01, -1.259373454336640e-03
6.704545454545454e-01, 1.931818181818182e-01, -3.583551765663528e-03
6.704545454545454e-01, 2.159090909090909e-01, -6.273813324407434e-03
6.704545454545454e-01, 2.386363636363636e-01, -9.306453821205627e-03
6.704545454545454e-01, 2.613636363636364e-01, -1.260686882039337e-02
6.704545454545454e-01, 2.840909090909091e-01, -1.614349062004520e-02
6.704545454545454e-01, 3.068181818181818e-01, -1.989479771166081e-02
6.704545454545454e-01, 3.295454545454545e-01, -2.377573316582482e-02
6.704545454545454e-01, 3.522727272727273e-01, -2.777818866820666e-02
6.704545454545454e-01, 3.750000000000000e-01, -3.183183485973278e-02
6.704545454545454e-01, 3.977272727272727e-01, -3.590786167298474e-02
6.704545454545454e-01, 4.204545454545455e-01, -3.996568304930497e-02
6.704545454545454e-01, 4.431818181818182e-01, -4.395531956518330e-02
6.704545454545454e-01, 4.659090909090909e-01, -4.783559469504976e-02
6.704545454545454e-01, 4.886363636363636e-01, -5.155845265416091e-02
6.704545454545454e-01, 5.113636363636364e-01, -5.508720437734491e-02
6.704545454545454e-01, 5.340909090909091e-01, -5.836685558729780e-02
6.704545454545454e-01, 5.568181818181818e-01, -6.136851217344781e-02
6.704545454545454e-01, 5.795454545454546e-01, -6.402944969287916e-02
6.704545454545454e-01, 6.022727272727273e-01, -6.632584515712317e-02
6.704545454545454e-01, 6.250000000000000e-01, -6.820122263582330e-02
6.704545454545454e-01, 6.477272727272727e-01, -6.960806963262804e-02
6.704545454545454e-01, 6.704545454545454e-01, -7.052488550265744e-02
6.704545454545454e-01, 6.931818181818182e-01, -7.089040895351567e-02
6.704545454545454e-01, 7.159090909090909e-01, -7.065281337823069e-02
6.704545454545454e-01, 7.386363636363636e-01, -6.978092218398135e-02
6.704545454545454e-01, 7.613636363636364e-01, -6.824513664758353e-02
6.704545454545454e-01, 7.840909090909091e-01, -6.600434760923173e-02
6.704545454545454e-01, 8.068181818181818e-01, -6.293792327598735e-02
6.704545454545454e-01, 8.295454545454546e-01, -5.907440655329562e-02
6.704545454545454e-01, 8.522727272727273e-01, -5.439047677296189e-02
6.704545454545454e-01, 8.750000000000000e-01, -4.877795122903622e-02
6.704545454545454e-01, 8.977272727272727e-01, -4.223104421555746e-02
6.704545454545454e-01, 9.204545454545454e-01, -3.472920009379201e-02
6.704545454545454e-01, 9.431818181818182e-01, -2.615582712153993e-02
6.704545454545454e-01, 9.659090909090909e-01, -1.650270763106781e-02
6.704545454545454e-01, 9.886363636363636e-01, -5.776928465567724e-03
6.931818181818182e-01, 1.136363636363636e-02, 8.769551931141999e-04
6.931818181818182e-01, 3.409090909090909e-02, 2.142219462421580e-03
6.931818181818182e-01, 5.681818181818182e-02, 2.778520438317944e-03
6.931818181818182e-01, 7.954545454545454e-02, 2.794014038340589e-03
6.931818181818182e-01, 1.022727272727273e-01, 2.217818199166829e-03
6.931818181818182e-01, 1.250000000000000e-01, 1.130995555336153e-03
6.931818181818182e-01, 1.477272727272727e-01, -4.440991706417879e-04
6.931818181818182e-01, 1.704545454545454e-01, -2.478827920760184e-03
6.931818181818182e-01, 1.931818181818182e-01, -4.890501700653515e-03
6.931818181818182e-01, 2.159090909090909e-01, -7.652480787239688e-03
6.931818181818182e-01, 2.386363636363636e-01, -1.075242752391683e-02
6.931818181818182e-01, 2.613636363636364e-01, -1.411280770229973e-02
6.931818181818182e-01, 2.840909090909091e-01, -1.768922916208912e-02
6.931818181818182e-01, 3.068181818181818e-01, -2.145678608780830e-02
6.931818181818182e-01, 3.295454545454545e-01, -2.535686266648316e-02
6.931818181818182e-01, 3.522727272727273e-01, -2.936256099312035e-02
6.931818181818182e-01, 3.750000000000000e-01, -3.342086039171647e-02
6.931818181818182e-01, 3.977272727272727e-01, -3.748997398830647e-02
6.931818181818182e-01, 4.204545454545455e-01, -4.153169796533464e-02
6.931818181818182e-01, 4.431818181818182e-01, -4.548892856827537e-02
6.931818181818182e-01, 4.659090909090909e-01, -4.933783611094336e-02
6.931818181818182e-01, 4.886363636363636e-01, -5.301235278248494e-02
6.931818181818182e-01, 5.113636363636364e-01, -5.649329284686163e-02
6.931818181818182e-01, 5.340909090909091e-01, -5.971687173037444e-02
6.931818181818182e-01, 5.568181818181818e-01, -6.265500037177123e-02
6.931818181818182e-01, 5.795454545454546e-01, -6.525870642570268e-02
6.931818181818182e-01, 6.022727272727273e-01, -6.748079560901703e-02
6.931818181818182e-01, 6.250000000000000e-01, -6.929137431640901e-02
6.931818181818182e-01, 6.477272727272727e-01, -7.063122604639617e-02
6.931818181818182e-01, 6.704545454545454e-01, -7.145656618224855e-02
6.931818181818182e-01, 6.931818181818182e-01, -7.173638059662055e-02
6.931818181818182e-01, 7.159090909090909e-01, -7.143186028889995e-02
6.931818181818182e-01, 7.386363636363636e-01, -7.048871217669912e-02
6.931818181818182e-01, 7.613636363636364e-01, -6.885361926576940e-02
6.931818181818182e-01, 7.840909090909091e-01, -6.652313437774005e-02
6.931818181818182e-01, 8.068181818181818e-01, -6.339818549265366e-02
6.931818181818182e-01, 8.295454545454546e-01, -5.948205478509982e-02
6.931818181818182e-01, 8.522727272727273e-01, -5.473676379900302e-02
6.931818181818182e-01, 8.750000000000000e-01, -4.905257854445402e-02
6.931818181818182e-01, 8.977272727272727e-01, -4.243037392703496e-02
6.931818181818182e-01, 9.204545454545454e-01, -3.486525749175490e-02
6.931818181818182e-01, 9.431818181818182e-01, -2.625002598053667e-02
6.931818181818182e-01, 9.659090909090909e-01, -1.655970172921797e-02
6.931818181818182e-01, 9.886363636363636e-01, -5.795096984473804e-03
7.159090909090909e-01, 1.136363636363636e-02, 7.752027229882649e-04
7.159090909090909e-01, 3.409090909090909e-02, 1.842145571301947e-03
7.159090909090909e-01, 5.681818181818182e-02, 2.290264579051642e-03
7.159090909090909e-01, 7.954545454545454e-02, 2.136061517193124e-03
7.159090909090909e-01, 1.022727272727273e-01, 1.415979828999960e-03
7.159090909090909e-01, 1.250000000000000e-01, 2.141615073606448e-04
7.159090909090909e-01, 1.477272727272727e-01, -1.453681311270610e-03
7.159090909090909e-01, 1.704545454545454e-01, -3.569819945578545e-03
7.159090909090909e-01, 1.931818181818182e-01, -6.054734850163963e-03
7.159090909090909e-01, 2.159090909090909e-01, -8.874090943313855e-03
7.159090909090909e-01, 2.386363636363636e-01, -1.200693739939497e-02
7.159090909090909e-01, 2.613636363636364e-01, -1.537857896002284e-02
7.159090909090909e-01, 2.840909090909091e-01, -1.896838806145042e-02
7.159090909090909e-01, 3.068181818181818e-01, -2.273221092700232e-02
7.159090909090909e-01, 3.295454545454545e-01, -2.662869466862217e-02
7.159090909090909e-01, 3.522727272727273e-01, -3.061291698523689e-02
7.159090909090909e-01, 3.750000000000000e-01, -3.463496682562375e-02
7.159090909090909e-01, 3.977272727272727e-01, -3.865691470623971e-02
7.159090909090909e-01, 4.204545454545455e-01, -4.264255449846909e-02
7.159090909090909e-01, 4.431818181818182e-01, -4.654148228167806e-02
7.159090909090909e-01, 4.659090909090909e-01, -5.032251392234407e-02
7.159090909090909e-01, 4.886363636363636e-01, -5.393077640777196e-02
7.159090909090909e-01, 5.113636363636364e-01, -5.733442513795273e-02
7.159090909090909e-01, 5.340909090909091e-01, -6.048619010236149e-02
7.159090909090909e-01, 5.568181818181818e-01, -6.334018942949472e-02
7.159090909090909e-01, 5.795454545454546e-01, -6.586951746023786e-02
7.159090909090909e-01, 6.022727272727273e-01, -6.800274693139220e-02
7.159090909090909e-01, 6.250000000000000e-01, -6.974002676371061e-02
7.159090909090909e-01, 6.477272727272727e-01, -7.098696103273247e-02
7.159090909090909e-01, 6.704545454545454e-01, -7.175591869495777e-02
7.159090909090909e-01, 6.931818181818182e-01, -7.196505199814829e-02
7.159090909090909e-01, 7.159090909090909e-01, -7.159357984662723e-02
7.159090909090909e-01, 7.386363636363636e-01, -7.055744794140321e-02
7.159090909090909e-01, 7.613636363636364e-01, -6.888821925232541e-02
7.159090909090909e-01, 7.840909090909091e-01, -6.652626327250274e-02
7.159090909090909e-01, 8.068181818181818e-01, -6.333996349825227e-02
7.159090909090909e-01, 8.295454545454546e-01, -5.936895903400354e-02
7.159090909090909e-01, 8.522727272727273e-01, -5.458983751365614e-02
7.159090909090909e-01, 8.750000000000000e-01, -4.889680644944391e-02
7.159090909090909e-01, 8.977272727272727e-01, -4.228477763597387e-02
7.159090909090909e-01, 9.204545454545454e-01, -3.472974460071811e-02
7.159090909090909e-01, 9.431818181818182e-01, -2.613697608742825e-02
7.159090909090909e-01, 9.659090909090909e-01, -1.648000417344029e-02
7.159090909090909e-01, 9.886363636363636e-01, -5.763964119785619e-03
7.386363636363636e-01, 1.136363636363636e-02, 6.620580294658934e-04
7.386363636363636e-01, 3.409090909090909e-02, 1.526029811701333e-03
7.386363636363636e-01, 5.681818181818182e-02, 1.814215678954974e-03
7.386363636363636e-01, 7.954545454545454e-02, 1.527161884526530e-03
7.386363636363636e-01, 1.022727272727273e-01, 6.926059506342406e-04
7.386363636363636e-01, 1.250000000000000e-01, -6.133883013195956e-04
7.386363636363636e-01, 1.477272727272727e-01, -2.362911768004629e-03
7.386363636363636e-01, 1.704545454545454e-01, -4.538068936317829e-03
7.386363636363636e-01, 1.931818181818182e-01, -7.053379013564010e-03
7.386363636363636e-01, 2.159090909090909e-01, -9.888179401351921e-03
7.386363636363636e-01, 2.386363636363636e-01, -1.302688161624732e-02
7.386363636363636e-01, 2.613636363636364e-01, -1.639174941052637e-02
7.386363636363636e-01, 2.840909090909091e-01, -1.995253813903120e-02
7.386363636363636e-01, 3.068181818181818e-01, -2.367307966748517e-02
7.386363636363636e-01, 3.295454545454545e-01, -2.751612073829244e-02
7.386363636363636e-01, 3.522727272727273e-01, -3.143262979390599e-02
7.386363636363636e-01, 3.750000000000000e-01, -3.538760701013934e-02
7.386363636363636e-01, 3.977272727272727e-01, -3.933323178396541e-02
7.386363636363636e-01, 4.204545454545455e-01, -4.323383420661267e-02
7.386363636363636e-01, 4.431818181818182e-01, -4.704803866578586e-02
7.386363636363636e-01, 4.659090909090909e-01, -5.072932677613416e-02
7.386363636363636e-01, 4.886363636363636e-01, -5.424951000574744e-02
7.386363636363636e-01, 5.113636363636364e-01, -5.754755167193264e-02
7.386363636363636e-01, 5.340909090909091e-01, -6.060992484555013e-02
7.386363636363636e-01, 5.568181818181818e-01, -6.335903755768896e-02
7.386363636363636e-01, 5.795454545454546e-01, -6.579334224958783e-02
7.386363636363636e-01, 6.022727272727273e-01, -6.783524054101718e-02
7.386363636363636e-01, 6.250000000000000e-01, -6.947644612420655e-02
7.386363636363636e-01, 6.477272727272727e-01, -7.064924372094185e-02
7.386363636363636e-01, 6.704545454545454e-01, -7.133563335731996e-02
7.386363636363636e-01, 6.931818181818182e-01, -7.147353832123873e-02
7.386363636363636e-01, 7.159090909090909e-01, -7.104699719781409e-02
7.386363636363636e-01, 7.386363636363636e-01, -6.997837840164813e-02
7.386363636363636e-01, 7.613636363636364e-01, -6.826740229160846e-02
7.386363636363636e-01, 7.840909090909091e-01, -6.584539574673454e-02
7.386363636363636e-01, 8.068181818181818e-01, -6.267203131784353e-02
7.386363636363636e-01, 8.295454545454546e-01, -5.872773044644797e-02
7.386363636363636e-01, 8.522727272727273e-01, -5.397833032989744e-02
7.386363636363636e-01, 8.750000000000000e-01, -4.831976430669373e-02
7.386363636363636e-01, 8.977272727272727e-01, -4.175892026176665e-02
7.386363636363636e-01, 9.204545454545454e-01, -3.427666388997317e-02
7.386363636363636e-01, 9.431818181818182e-01, -2.577899869644123e-02
7.386363636363636e-01, 9.659090909090909e-01, -1.624181533497998e-02
7.386363636363636e-01, 9.886363636363636e-01, -5.677518732609393e-03
7.613636363636364e-01, 1.136363636363636e-02, 5.666884791329558e-04
7.613636363636364e-01, 3.409090909090909e-02, 1.256647851028700e-03
7.613636363636364e-01, 5.681818181818182e-02, 1.379644023293525e-03
7.613636363636364e-01, 7.954545454545454e-02, 9.598749329255941e-04
7.613636363636364e-01, 1.022727272727273e-01, 2.343950576996608e-05
7.613636363636364e-01, 1.250000000000000e-01, -1.350996506468638e-03
7.613636363636364e-01, 1.477272727272727e-01, -3.145748556190949e-03
7.613636363636364e-01, 1.704545454545454e-01, -5.344965927221382e-03
7.613636363636364e-01, 1.931818181818182e-01, -7.871948453488943e-03
7.613636363636364e-01, 2.159090909090909e-01, -1.069456841667578e-02
7.613636363636364e-01, 2.386363636363636e-01, -1.379445125604512e-02
7.613636363636364e-01, 2.613636363636364e-01, -1.710929970427421e-02
7.613636363636364e-01, 2.840909090909091e-01, -2.061921364657108e-02
7.613636363636364e-01, 3.068181818181818e-01, -2.425900744372277e-02
7.613636363636364e-01, 3.295454545454545e-01, -2.802001969705283e-02
7.613636363636364e-01, 3.522727272727273e-01, -3.183437619331900e-02
7.613636363636364e-01, 3.750000000000000e-01, -3.568645447749041e-02
7.613636363636364e-01, 3.977272727272727e-01, -3.952064729713820e-02
7.613636363636364e-01, 4.204545454545455e-01, -4.330182161165787e-02
7.613636363636364e-01, 4.431818181818182e-01, -4.700032840883379e-02
7.613636363636364e-01, 4.659090909090909e-01, -5.055137217517026e-02
7.613636363636364e-01, 4.886363636363636e-01, -5.395205466035530e-02
7.613636363636364e-01, 5.113636363636364e-01, -5.712049716146427e-02
7.613636363636364e-01, 5.340909090909091e-01, -6.005805286380884e-02
7.613636363636364e-01, 5.568181818181818e-01, -6.269450116527973e-02
7.613636363636364e-01, 5.795454545454546e-01, -6.500787671201376e-02
7.613636363636364e-01, 6.022727272727273e-01, -6.695881627840641e-02
7.613636363636364e-01, 6.250000000000000e-01, -6.848744760668336e-02
7.613636363636364e-01, 6.477272727272727e-01, -6.959220001516316e-02
7.613636363636364e-01, 6.704545454545454e-01, -7.018250444582252e-02
7.613636363636364e-01, 6.931818181818182e-01, -7.027972935490315e-02
7.613636363636364e-01, 7.159090909090909e-01, -6.977600615952539e-02
7.613636363636364e-01, 7.386363636363636e-01, -6.870608765367155e-02
7.613636363636364e-01, 7.613636363636364e-01, -6.695565126195602e-02
7.613636363636364e-01, 7.840909090909091e-01, -6.456585784537508e-02
7.613636363636364e-01, 8.068181818181818e-01, -6.140384548737302e-02
7.613636363636364e-01, 8.295454545454546e-01, -5.749201611761182e-02
7.613636363636364e-01, 8.522727272727273e-01, -5.280452372495460e-02
7.613636363636364e-01, 8.750000000000000e-01, -4.724906958378399e-02
7.613636363636364e-01, 8.977272727272727e-01, -4.081626928591692e-02
7.613636363636364e-01, 9.204545454545454e-01, -3.349088075270712e-02
7.613636363636364e-01, 9.431818181818182e-01, -2.518754716420988e-02
7.613636363636364e-01, 9.659090909090909e-01, -1.588096453135918e-02
7.613636363636364e-01, 9.886363636363636e-01, -5.551138043521344e-03
7.840909090909091e-01, 1.136363636363636e-02, 4.633149311088035e-04
7.840909090909091e-01, 3.409090909090909e-02, 9.767332864196716e-04
7.840909090909091e-01, 5.681818181818182e-02, 9.705222827942593e-04
7.840909090909091e-01, 7.954545454545454e-02, 4.538153458664723e-04
7.840909090909091e-01, 1.022727272727273e-01, -5.526774104389346e-04
7.840909090909091e-01, 1.250000000000000e-01, -1.974280785928126e-03
7.840909090909091e-01, 1.477272727272727e-01, -3.791878335035970e-03
7.840909090909091e-01, 1.704545454545454e-01, -5.984149985719217e-03
7.840909090909091e-01, 1.931818181818182e-01, -8.476523970005206e-03
7.840909090909091e-01, 2.159090909090909e-01, -1.125482351821908e-02
7.840909090909091e-01, 2.386363636363636e-01, -1.428300802066499e-02
7.840909090909091e-01, 2.613636363636364e-01, -1.751746978467671e-02
7.840909090909091e-01, 2.840909090909091e-01, -2.092034285556844e-02
7.840909090909091e-01, 3.068181818181818e-01, -2.445657949982420e-02
7.840909090909091e-01, 3.295454545454545e-01, -2.808444023802375e-02
7.840909090909091e-01, 3.522727272727273e-01, -3.177201490186736e-02
7.840909090909091e-01, 3.750000000000000e-01, -3.547380115442693e-02
7.840909090909091e-01, 3.977272727272727e-01, -3.916295433305741e-02
7.840909090909091e-01, 4.204545454545455e-01, -4.278756406618290e-02
7.840909090909091e-01, 4.431818181818182e-01, -4.632528964008355e-02
7.840909090909091e-01, 4.659090909090909e-01, -4.972658182641885e-02
7.840909090909091e-01, 4.886363636363636e-01, -5.296358495561301e-02
7.840909090909091e-01, 5.113636363636364e-01, -5.599117227293979e-02
7.840909090909091e-01, 5.340909090909091e-01, -5.877430073787061e-02
7.840909090909091e-01, 5.568181818181818e-01, -6.128137423671729e-02
7.840909090909091e-01, 5.795454545454546e-01, -6.345752490052968e-02
7.840909090909091e-01, 6.022727272727273e-01, -6.529735059683285e-02
7.840909090909091e-01, 6.250000000000000e-01, -6.671364044281886e-02
7.840909090909091e-01, 6.477272727272727e-01, -6.773645979629576e-02
7.840909090909091e-01, 6.704545454545454e-01, -6.824388504331867e-02
7.840909090909091e-01, 6.931818181818182e-01, -6.829143086255475e-02
7.840909090909091e-01, 7.159090909090909e-01, -6.774797993954154e-02
7.840909090909091e-01, 7.386363636363636e-01, -6.666342064081782e-02
7.840909090909091e-01, 7.613636363636364e-01, -6.491648171403855e-02
7.840909090909091e-01, 7.840909090909091e-01, -6.255687730085524e-02
7.840909090909091e-01, 8.068181818181818e-01, -5.945851197305795e-02
7.840909090909091e-01, 8.295454545454546e-01, -5.565546558791760e-02
7.840909090909091e-01, 8.522727272727273e-01, -5.110548662874874e-02
7.840909090909091e-01, 8.750000000000000e-01, -4.570523239616913e-02
7.840909090909091e-01, 8.977272727272727e-01, -3.946665321682459e-02
7.840909090909091e-01, 9.204545454545454e-01, -3.236561210862995e-02
7.840909090909091e-01, 9.431818181818182e-01, -2.431530073485039e-02
7.840909090909091e-01, 9.659090909090909e-01, -1.530300207607827e-02
7.840909090909091e-01, 9.886363636363636e-01, -5.345441751906840e-03
8.068181818181818e-01, 1.136363636363636e-02, 3.781583805743610e-04
8.068181818181818e-01, 3.409090909090909e-02, 7.400697337729176e-04
8.068181818181818e-01, 5.681818181818182e-02, 6.124356444961983e-04
8.068181818181818e-01, 7.954545454545454e-02, 1.030898542371802e-05
8.068181818181818e-01, 1.022727272727273e-01, -1.043168987345749e-03
8.068181818181818e-01, 1.250000000000000e-01, -2.479529820500898e-03
8.068181818181818e-01, 1.477272727272727e-01, -4.287563623875976e-03
8.068181818181818e-01, 1.704545454545454e-01, -6.436383340269348e-03
8.068181818181818e-01, 1.931818181818182e-01, -8.851669602519093e-03
8.068181818181818e-01, 2.159090909090909e-01, -1.155030424366468e-02
8.068181818181818e-01, 2.386363636363636e-01, -1.445250432288965e-02
8.068181818181818e-01, 2.613636363636364e-01, -1.757052102236164e-02
8.068181818181818e-01, 2.840909090909091e-01, -2.081683041492222e-02
8.068181818181818e-01, 3.068181818181818e-01, -2.420640755697777e-02
8.068181818181818e-01, 3.295454545454545e-01, -2.765383626681329e-02
8.068181818181818e-01, 3.522727272727273e-01, -3.117014696384307e-02
8.068181818181818e-01, 3.750000000000000e-01, -3.468076406998956e-02
8.068181818181818e-01, 3.977272727272727e-01, -3.817939911699748e-02
8.068181818181818e-01, 4.204545454545455e-01, -4.161445541721118e-02
8.068181818181818e-01, 4.431818181818182e-01, -4.495348777678611e-02
8.068181818181818e-01, 4.659090909090909e-01, -4.817245178836382e-02
8.068181818181818e-01, 4.886363636363636e-01, -5.121146155047353e-02
8.068181818181818e-01, 5.113636363636364e-01, -5.407240960450101e-02
8.068181818181818e-01, 5.340909090909091e-01, -5.667249062781993e-02
8.068181818181818e-01, 5.568181818181818e-01, -5.903169641634128e-02
8.068181818181818e-01, 5.795454545454546e-01, -6.105130943605247e-02
8.068181818181818e-01, 6.022727272727273e-01, -6.275576431271182e-02
8.068181818181818e-01, 6.250000000000000e-01, -6.406430689874318e-02
8.068181818181818e-01, 6.477272727272727e-01, -6.497556899389549e-02
8.068181818181818e-01, 6.704545454545454e-01, -6.542943633192000e-02
8.068181818181818e-01, 6.931818181818182e-01, -6.540978681578906e-02
8.068181818181818e-01, 7.159090909090909e-01, -6.486343255319237e-02
8.068181818181818e-01, 7.386363636363636e-01, -6.377431514731642e-02
8.068181818181818e-01, 7.613636363636364e-01, -6.208328844130748e-02
8.068181818181818e-01, 7.840909090909091e-01, -5.978717453440732e-02
8.068181818181818e-01, 8.068181818181818e-01, -5.680541054322825e-02
8.068181818181818e-01, 8.295454545454546e-01, -5.313666041620939e-02
8.068181818181818e-01, 8.522727272727273e-01, -4.875584691066094e-02
8.068181818181818e-01, 8.750000000000000e-01, -4.358705052937401e-02
8.068181818181818e-01, 8.977272727272727e-01, -3.762121068734891e-02
8.068181818181818e-01, 9.204545454545454e-01, -3.084419932124920e-02
8.068181818181818e-01, 9.431818181818182e-01, -2.318228647264418e-02
8.068181818181818e-01, 9.659090909090909e-01, -1.460858457432544e-02
8.068181818181818e-01, 9.886363636363636e-01, -5.111851079949474e-03
8.295454545454546e-01, 1.136363636363636e-02, 2.892264009959879e-04
8.295454545454546e-01, 3.409090909090909e-02, 5.147599027951723e-04
8.295454545454546e-01, 5.681818181818182e-02, 2.931340704646252e-04
8.295454545454546e-01, 7.954545454545454e-02, -3.614775007936734e-04
8.295454545454546e-01, 1.022727272727273e-01, -1.430613322598722e-03
8.295454545454546e-01, 1.250000000000000e-01, -2.844729219407539e-03
8.295454545454546e-01, 1.477272727272727e-01, -4.607921747032387e-03
8.295454545454546e-01, 1.704545454545454e-01, -6.659353501218455e-03
8.295454545454546e-01, 1.931818181818182e-01, -8.996451868304663e-03
8.295454545454546e-01, 2.159090909090909e-01, -1.155371759612382e-02
8.295454545454546e-01, 2.386363636363636e-01, -1.431269834701221e-02
8.295454545454546e-01, 2.613636363636364e-01, -1.725524296021377e-02
8.295454545454546e-01, 2.840909090909091e-01, -2.031370477775406e-02
8.295454545454546e-01, 3.068181818181818e-01, -2.350056901317357e-02
8.295454545454546e-01, 3.295454545454545e-01, -2.673167354771258e-02
8.295454545454546e-01, 3.522727272727273e-01, -3.002956527693051e-02
8.295454545454546e-01, 3.750000000000000e-01, -3.331231262923393e-02
8.295454545454546e-01, 3.977272727272727e-01, -3.658080029147116e-02
8.295454545454546e-01, 4.204545454545455e-01, -3.978842774933514e-02
8.295454545454546e-01, 4.431818181818182e-01, -4.289367055146751e-02
8.295454545454546e-01, 4.659090909090909e-01, -4.589524987317914e-02
8.295454545454546e-01, 4.886363636363636e-01, -4.870742924696763e-02
8.295454545454546e-01, 5.113636363636364e-01, -5.136043090828304e-02
8.295454545454546e-01, 5.340909090909091e-01, -5.376132145227144e-02
8.295454545454546e-01, 5.568181818181818e-01, -5.592907443708300e-02
8.295454545454546e-01, 5.795454545454546e-01, -5.779464155486010e-02
8.295454545454546e-01, 6.022727272727273e-01, -5.934323920287052e-02
8.295454545454546e-01, 6.250000000000000e-01, -6.054370165623625e-02
8.295454545454546e-01, 6.477272727272727e-01, -6.134234263415394e-02
8.295454545454546e-01, 6.704545454545454e-01, -6.174304462456223e-02
8.295454545454546e-01, 6.931818181818182e-01, -6.166538072677841e-02
8.295454545454546e-01, 7.159090909090909e-01, -6.113025781800281e-02
8.295454545454546e-01, 7.386363636363636e-01, -6.005045538301321e-02
8.295454545454546e-01, 7.613636363636364e-01, -5.843700417260559e-02
8.295454545454546e-01, 7.840909090909091e-01, -5.623611258120353e-02
8.295454545454546e-01, 8.068181818181818e-01, -5.341627733768108e-02
8.295454545454546e-01, 8.295454545454546e-01, -4.993856981870536e-02
8.295454545454546e-01, 8.522727272727273e-01, -4.582365790302969e-02
8.295454545454546e-01, 8.750000000000000e-01, -4.094677772655398e-02
8.295454545454546e-01, 8.977272727272727e-01, -3.534915541752208e-02
8.295454545454546e-01, 9.204545454545454e-01, -2.896520844319475e-02
8.295454545454546e-01, 9.431818181818182e-01, -2.173301577211353e-02
8.295454545454546e-01, 9.659090909090909e-01, -1.367113182175831e-02
8.295454545454546e-01, 9.886363636363636e-01, -4.772253877870211e-03
8.522727272727273e-01, 1.136363636363636e-02, 2.162142014238126e-04
8.522727272727273e-01, 3.409090909090909e-02, 3.254132674500877e-04
8.522727272727273e-01, 5.681818181818182e-02, 3.431980830553931e-05
8.522727272727273e-01, 7.954545454545454e-02, -6.479178365252350e-04
8.522727272727273e-01, 1.022727272727273e-01, -1.701562397750070e-03
8.522727272727273e-01, 1.250000000000000e-01, -3.067949444007409e-03
8.522727272727273e-01, 1.477272727272727e-01, -4.752163218315426e-03
8.522727272727273e-01, 1.704545454545454e-01, -6.667721915501858e-03
8.522727272727273e-01, 1.931818181818182e-01, -8.870232357577314e-03
8.522727272727273e-01, 2.159090909090909e-01, -1.124802027991699e-02
8.522727272727273e-01, 2.386363636363636e-01, -1.382285382218834e-02
8.522727272727273e-01, 2.613636363636364e-01, -1.653562213454818e-02
8.522727272727273e-01, 2.840909090909091e-01, -1.937647873870809e-02
8.522727272727273e-01, 3.068181818181818e-01, -2.230210125301404e-02
8.522727272727273e-01, 3.295454545454545e-01, -2.529231296269455e-02
8.522727272727273e-01, 3.522727272727273e-01, -2.830852889313825e-02
8.522727272727273e-01, 3.750000000000000e-01, -3.133149578052050e-02
8.522727272727273e-01, 3.977272727272727e-01, -3.431706487539055e-02
8.522727272727273e-01, 4.204545454545455e-01, -3.724996201124384e-02
8.522727272727273e-01, 4.431818181818182e-01, -4.009054227628218e-02
8.522727272727273e-01, 4.659090909090909e-01, -4.281703265220940e-02
8.522727272727273e-01, 4.886363636363636e-01, -4.539157298924154e-02
8.522727272727273e-01, 5.113636363636364e-01, -4.779061302441397e-02
8.522727272727273e-01, 5.340909090909091e-01, -4.998270986904275e-02
8.522727272727273e-01, 5.568181818181818e-01, -5.193309575278313e-02
8.522727272727273e-01, 5.795454545454546e-01, -5.362654155621233e-02
8.522727272727273e-01, 6.022727272727273e-01, -5.500709800918187e-02
8.522727272727273e-01, 6.250000000000000e-01, -5.608569609359097e-02
8.522727272727273e-01, 6.477272727272727e-01, -5.677518779827094e-02
8.522727272727273e-01, 6.704545454545454e-01, -5.711669710407309e-02
8.522727272727273e-01, 6.931818181818182e-01, -5.699954129641730e-02
8.522727272727273e-01, 7.159090909090909e-01, -5.647414342155090e-02
8.522727272727273e-01, 7.386363636363636e-01, -5.544217762603312e-02
8.522727272727273e-01, 7.613636363636364e-01, -5.392886393859173e-02
8.522727272727273e-01, 7.840909090909091e-01, -5.186304538506355e-02
8.522727272727273e-01, 8.068181818181818e-01, -4.924705600566538e-02
8.522727272727273e-01, 8.295454545454546e-01, -4.601670480252083e-02
8.522727272727273e-01, 8.522727272727273e-01, -4.219520781821327e-02
8.522727272727273e-01, 8.750000000000000e-01, -3.767432376836032e-02
8.522727272727273e-01, 8.977272727272727e-01, -3.249533704646988e-02
8.522727272727273e-01, 9.204545454545454e-01, -2.661816657144420e-02
8.522727272727273e-01, 9.431818181818182e-01, -1.999271955373699e-02
8.522727272727273e-01, 9.659090909090909e-01, -1.258792015860507e-02
8.522727272727273e-01, 9.886363636363636e-01, -4.406678692511796e-03
8.750000000000000e-01, 1.136363636363636e-02, 1.483051408685202e-04
8.750000000000000e-01, 3.409090909090909e-02, 1.651787651818245e-04
8.750000000000000e-01, 5.681818181818182e-02, -1.712929813240625e-04
8.750000000000000e-01, 7.954545454545454e-02, -8.526216741419302e-04
8.750000000000000e-01, 1.022727272727273e-01, -1.853738968426461e-03
8.750000000000000e-01, 1.250000000000000e-01, -3.123223598144530e-03
8.750000000000000e-01, 1.477272727272727e-01, -4.667505721727607e-03
8.750000000000000e-01, 1.704545454545454e-01, -6.445476779744800e-03
8.750000000000000e-01, 1.931818181818182e-01, -8.433233024542727e-03
8.750000000000000e-01, 2.159090909090909e-01, -1.058863234810048e-02
8.750000000000000e-01, 2.386363636363636e-01, -1.292417348072108e-02
8.750000000000000e-01, 2.613636363636364e-01, -1.535202750721037e-02
8.750000000000000e-01, 2.840909090909091e-01, -1.793003125364375e-02
8.750000000000000e-01, 3.068181818181818e-01, -2.053650375493184e-02
8.750000000000000e-01, 3.295454545454545e-01, -2.323757758929080e-02
8.750000000000000e-01, 3.522727272727273e-01, -2.591953911611921e-02
8.750000000000000e-01, 3.750000000000000e-01, -2.862927421744187e-02
8.750000000000000e-01, 3.977272727272727e-01, -3.128988676134419e-02
8.750000000000000e-01, 4.204545454545455e-01, -3.390225581395923e-02
8.750000000000000e-01, 4.431818181818182e-01, -3.643657700217505e-02
8.750000000000000e-01, 4.659090909090909e-01, -3.884737904671714e-02
8.750000000000000e-01, 4.886363636363636e-01, -4.114871454679419e-02
8.750000000000000e-01, 5.113636363636364e-01, -4.325682412224765e-02
8.750000000000000e-01, 5.340909090909091e-01, -4.521538562303827e-02
8.750000000000000e-01, 5.568181818181818e-01, -4.692110579345292e-02
8.750000000000000e-01, 5.795454545454546e-01, -4.842173180474048e-02
8.750000000000000e-01, 6.022727272727273e-01, -4.962249150563056e-02
8.750000000000000e-01, 6.250000000000000e-01, -5.055383364467883e-02
8.750000000000000e-01, 6.477272727272727e-01, -5.114999574292537e-02
8.750000000000000e-01, 6.704545454545454e-01, -5.141206554660232e-02
8.750000000000000e-01, 6.931818181818182e-01, -5.129240078080977e-02
8.750000000000000e-01, 7.159090909090909e-01, -5.078677151499673e-02
8.750000000000000e-01, 7.386363636363636e-01, -4.983837157110611e-02
8.750000000000000e-01, 7.613636363636364e-01, -4.846511260349706e-02
8.750000000000000e-01, 7.840909090909091e-01, -4.657710748480605e-02
8.750000000000000e-01, 8.068181818181818e-01, -4.422572081126472e-02
8.750000000000000e-01, 8.295454545454546e-01, -4.129882576748478e-02
8.750000000000000e-01, 8.522727272727273e-01, -3.787357962927427e-02
8.750000000000000e-01, 8.750000000000000e-01, -3.380834531791407e-02
8.750000000000000e-01, 8.977272727272727e-01, -2.914034468090402e-02
8.750000000000000e-01, 9.204545454545454e-01, -2.389342951346943e-02
8.750000000000000e-01, 9.431818181818182e-01, -1.792770196635803e-02
8.750000000000000e-01, 9.659090909090909e-01, -1.127051985795840e-02
8.750000000000000e-01, 9.886363636363636e-01, -3.931385887761899e-03
8.977272727272727e-01, 1.136363636363636e-02, 9.074302350306269e-05
8.977272727272727e-01, 3.409090909090909e-02, 3.980566904533841e-05
8.977272727272727e-01, 5.681818181818182e-02, -3.092183608454983e-04
8.977272727272727e-01, 7.954545454545454e-02, -9.515040733083074e-04
8.977272727272727e-01, 1.022727272727273e-01, -1.866906028672046e-03
8.977272727272727e-01, 1.250000000000000e-01, -3.015763597491857e-03
8.977272727272727e-01, 1.477272727272727e-01, -4.383744342765622e-03
8.977272727272727e-01, 1.704545454545454e-01, -5.955724112357382e-03
8.977272727272727e-01, 1.931818181818182e-01, -7.700729505052331e-03
8.977272727272727e-01, 2.159090909090909e-01, -9.589665947988504e-03
8.977272727272727e-01, 2.386363636363636e-01, -1.163052552556229e-02
8.977272727272727e-01, 2.613636363636364e-01, -1.374044637272597e-02
8.977272727272727e-01, 2.840909090909091e-01, -1.597773432356579e-02
8.977272727272727e-01, 3.068181818181818e-01, -1.822968456871727e-02
8.977272727272727e-01, 3.295454545454545e-01, -2.057051537572785e-02
8.977272727272727e-01, 3.522727272727273e-01, -2.288417181503351e-02
8.977272727272727e-01, 3.750000000000000e-01, -2.522869683827687e-02
8.977272727272727e-01, 3.977272727272727e-01, -2.752386240143551e-02
8.977272727272727e-01, 4.204545454545455e-01, -2.977283561562968e-02
8.977272727272727e-01, 4.431818181818182e-01, -3.195890084945994e-02
8.977272727272727e-01, 4.659090909090909e-01, -3.402343582956124e-02
8.977272727272727e-01, 4.886363636363636e-01, -3.600727305219465e-02
8.977272727272727e-01, 5.113636363636364e-01, -3.780112900991451e-02
8.977272727272727e-01, 5.340909090909091e-01, -3.947463841349340e-02
8.977272727272727e-01, 5.568181818181818e-01, -4.092648939516660e-02
8.977272727272727e-01, 5.795454545454546e-01, -4.219689034817675e-02
8.977272727272727e-01, 6.022727272727273e-01, -4.322049371089802e-02
8.977272727272727e-01, 6.250000000000000e-01, -4.399441652048917e-02
8.977272727272727e-01, 6.477272727272727e-01, -4.449709376731748e-02
8.977272727272727e-01, 6.704545454545454e-01, -4.468771260988250e-02
8.977272727272727e-01, 6.931818181818182e-01, -4.457190374348403e-02
8.977272727272727e-01, 7.159090909090909e-01, -4.409701216543013e-02
8.977272727272727e-01, 7.386363636363636e-01, -4.326326673557264e-02
8.977272727272727e-01, 7.613636363636364e-01, -4.204264496373204e-02
8.977272727272727e-01, 7.840909090909091e-01, -4.039307820499645e-02
8.977272727272727e-01, 8.068181818181818e-01, -3.834432607436874e-02
8.977272727272727e-01, 8.295454545454546e-01, -3.578740085518756e-02
8.977272727272727e-01, 8.522727272727273e-01, -3.282277489127944e-02
8.977272727272727e-01, 8.750000000000000e-01, -2.925659769465586e-02
8.977272727272727e-01, 8.977272727272727e-01, -2.525737044572422e-02
8.977272727272727e-01, 9.204545454545454e-01, -2.066474038671704e-02
8.977272727272727e-01, 9.431818181818182e-01, -1.549271373848557e-02
8.977272727272727e-01, 9.659090909090909e-01, -9.735456253188637e-03
8.977272727272727e-01, 9.886363636363636e-01, -3.384912770076641e-03
9.204545454545454e-01, 1.136363636363636e-02, 4.912588518461973e-05
9.204545454545454e-01, 3.409090909090909e-02, -4.549390532518572e-05
9.204545454545454e-01, 5.681818181818182e-02, -3.820026468531909e-04
9.204545454545454e-01, 7.954545454545454e-02, -9.470528373046075e-04
9.204545454545454e-01, 1.022727272727273e-01, -1.729061131435350e-03
9.204545454545454e-01, 1.250000000000000e-01, -2.719706412239123e-03
9.204545454545454e-01, 1.477272727272727e-01, -3.869669636844826e-03
9.204545454545454e-01, 1.704545454545454e-01, -5.192663616960923e-03
9.204545454545454e-01, 1.931818181818182e-01, -6.640937974451523e-03
9.204545454545454e-01, 2.159090909090909e-01, -8.221366283086173e-03
9.204545454545454e-01, 2.386363636363636e-01, -9.896295668794663e-03
9.204545454545454e-01, 2.613636363636364e-01, -1.166039161236879e-02
9.204545454545454e-01, 2.840909090909091e-01, -1.348797742911270e-02
9.204545454545454e-01, 3.068181818181818e-01, -1.536465110804216e-02
9.204545454545454e-01, 3.295454545454545e-01, -1.727029176642867e-02
9.204545454545454e-01, 3.522727272727273e-01, -1.918772896136187e-02
9.204545454545454e-01, 3.750000000000000e-01, -2.109617459630433e-02
9.204545454545454e-01, 3.977272727272727e-01, -2.298264858411088e-02
9.204545454545454e-01, 4.204545454545455e-01, -2.481931076132702e-02
9.204545454545454e-01, 4.431818181818182e-01, -2.659942558768958e-02
9.204545454545454e-01, 4.659090909090909e-01, -2.829294606092595e-02
9.204545454545454e-01, 4.886363636363636e-01, -2.989285819491697e-02
9.204545454545454e-01, 5.113636363636364e-01, -3.137091124752110e-02
9.204545454545454e-01, 5.340909090909091e-01, -3.271544177046595e-02
9.204545454545454e-01, 5.568181818181818e-01, -3.390643135596492e-02
9.204545454545454e-01, 5.795454545454546e-01, -3.492108401988845e-02
9.204545454545454e-01, 6.022727272727273e-01, -3.575328236592875e-02
9.204545454545454e-01, 6.250000000000000e-01, -3.636286396559543e-02
9.204545454545454e-01, 6.477272727272727e-01, -3.676466970455448e-02
9.204545454545454e-01, 6.704545454545454e-01, -3.689452009668675e-02
9.204545454545454e-01, 6.931818181818182e-01, -3.678556116527512e-02
9.204545454545454e-01, 7.159090909090909e-01, -3.636906239418840e-02
9.204545454545454e-01, 7.386363636363636e-01, -3.567188600844715e-02
9.204545454545454e-01, 7.613636363636364e-01, -3.464020908886729e-02
9.204545454545454e-01, 7.840909090909091e-01, -3.327984657610816e-02
9.204545454545454e-01, 8.068181818181818e-01, -3.156152009692095e-02
9.204545454545454e-01, 8.295454545454546e-01, -2.946470825652438e-02
9.204545454545454e-01, 8.522727272727273e-01, -2.698858070172452e-02
9.204545454545454e-01, 8.750000000000000e-01, -2.407416613240547e-02
9.204545454545454e-01, 8.977272727272727e-01, -2.076862941800987e-02
9.204545454545454e-01, 9.204545454545454e-01, -1.698991601075729e-02
9.204545454545454e-01, 9.431818181818182e-01, -1.272194628170857e-02
9.204545454545454e-01, 9.659090909090909e-01, -8.012161961982156e-03
9.204545454545454e-01, 9.886363636363636e-01, -2.794571948488293e-03
9.431818181818182e-01, 1.136363636363636e-02, 1.576041156857122e-05
9.431818181818182e-01, 3.409090909090909e-02, -9.005198679995869e-05
9.431818181818182e-01, 5.681818181818182e-02, -3.734025331921667e-04
9.431818181818182e-01, 7.954545454545454e-02, -8.274728373404026e-04
9.431818181818182e-01, 1.022727272727273e-01, -1.457164207604622e-03
9.431818181818182e-01, 1.250000000000000e-01, -2.207777208497915e-03
9.431818181818182e-01, 1.477272727272727e-01, -3.102437298234617e-03
9.431818181818182e-01, 1.704545454545454e-01, -4.105125795060565e-03
9.431818181818182e-01, 1.931818181818182e-01, -5.208338439769971e-03
9.431818181818182e-01, 2.159090909090909e-01, -6.413206625627096e-03
9.431818181818182e-01, 2.386363636363636e-01, -7.663377850478902e-03
9.431818181818182e-01, 2.613636363636364e-01, -9.022278329717475e-03
9.431818181818182e-01, 2.840909090909091e-01, -1.037440559866187e-02
9.431818181818182e-01, 3.068181818181818e-01, -1.182145430798123e-02
9.431818181818182e-01, 3.295454545454545e-01, -1.322754164734423e-02
9.431818181818182e-01, 3.522727272727273e-01, -1.470141365286140e-02
9.431818181818182e-01, 3.750000000000000e-01, -1.610679184368443e-02
9.431818181818182e-01, 3.977272727272727e-01, -1.753350732988397e-02
9.431818181818182e-01, 4.204545454545455e-01, -1.890261939589891e-02
9.431818181818182e-01, 4.431818181818182e-01, -2.023007807697901e-02
9.431818181818182e-01, 4.659090909090909e-01, -2.150447995584999e-02
9.431818181818182e-01, 4.886363636363636e-01, -2.267985669112630e-02
9.431818181818182e-01, 5.113636363636364e-01, -2.380361831068011e-02
9.431818181818182e-01, 5.340909090909091e-01, -2.478457617667296e-02
9.431818181818182e-01, 5.568181818181818e-01, -2.568878631295282e-02
9.431818181818182e-01, 5.795454545454546e-01, -2.642540645796882e-02
9.431818181818182e-01, 6.022727272727273e-01, -2.705108083594945e-02
9.431818181818182e-01, 6.250000000000000e-01, -2.748860996119757e-02
9.431818181818182e-01, 6.477272727272727e-01, -2.777384088168154e-02
9.431818181818182e-01, 6.704545454545454e-01, -2.786399222854012e-02
9.431818181818182e-01, 6.931818181818182e-01, -2.776396724482901e-02
9.431818181818182e-01, 7.159090909090909e-01, -2.744166856160258e-02
9.431818181818182e-01, 7.386363636363636e-01, -2.691267803445851e-02
9.431818181818182e-01, 7.613636363636364e-01, -2.611190726061267e-02
9.431818181818182e-01, 7.840909090909091e-01, -2.509987173176442e-02
9.431818181818182e-01, 8.068181818181818e-01, -2.376547818615739e-02
9.431818181818182e-01, 8.295454545454546e-01, -2.221049911545623e-02
9.431818181818182e-01, 8.522727272727273e-01, -2.029209097631447e-02
9.431818181818182e-01, 8.750000000000000e-01, -1.813962005121950e-02
9.431818181818182e-01, 8.977272727272727e-01, -1.561073311174914e-02
9.431818181818182e-01, 9.204545454545454e-01, -1.277836803864102e-02
9.431818181818182e-01, 9.431818181818182e-01, -9.550373117048783e-03
9.431818181818182e-01, 9.659090909090909e-01, -5.991163915684396e-03
9.431818181818182e-01, 9.886363636363636e-01, -2.050283573670902e-03
9.659090909090909e-01, 1.136363636363636e-02, 1.397945499781122e-06
9.659090909090909e-01, 3.409090909090909e-02, -9.145260056679035e-05
9.659090909090909e-01, 5.681818181818182e-02, -2.933935458772694e-04
9.659090909090909e-01, 7.954545454545454e-02, -5.894276756368739e-04
9.659090909090909e-01, 1.022727272727273e-01, -1.011514312565667e-03
9.659090909090909e-01, 1.250000000000000e-01, -1.479034105509518e-03
9.659090909090909e-01, 1.477272727272727e-01, -2.077827587291648e-03
9.659090909090909e-01, 1.704545454545454e-01, -2.701934366820070e-03
9.659090909090909e-01, 1.931818181818182e-01, -3.426602971782245e-03
9.659090909090909e-01, 2.159090909090909e-01, -4.179817068368083e-03
9.659090909090909e-01, 2.386363636363636e-01, -4.988672709114570e-03
9.659090909090909e-01, 2.613636363636364e-01, -5.845029530890819e-03
9.659090909090909e-01, 2.840909090909091e-01, -6.699317372234951e-03
9.659090909090909e-01, 3.068181818181818e-01, -7.623939847096227e-03
9.659090909090909e-01, 3.295454545454545e-01, -8.489093535053449e-03
9.659090909090909e-01, 3.522727272727273e-01, -9.439227462627877e-03
9.659090909090909e-01, 3.750000000000000e-01, -1.029258625376330e-02
9.659090909090909e-01, 3.977272727272727e-01, -1.122051661702587e-02
9.659090909090909e-01, 4.204545454545455e-01, -1.206012484749572e-02
9.659090909090909e-01, 4.431818181818182e-01, -1.291304304210625e-02
9.659090909090909e-01, 4.659090909090909e-01, -1.370024577565145e-02
9.659090909090909e-01, 4.886363636363636e-01, -1.444605458252703e-02
9.659090909090909e-01, 5.113636363636364e-01, -1.514663607503635e-02
9.659090909090909e-01, 5.340909090909091e-01, -1.575501041891879e-02
9.659090909090909e-01, 5.568181818181818e-01, -1.632516871521820e-02
9.659090909090909e-01, 5.795454545454546e-01, -1.677092298028557e-02
9.659090909090909e-01, 6.022727272727273e-01, -1.716483791032172e-02
9.659090909090909e-01, 6.250000000000000e-01, -1.742718389981503e-02
9.659090909090909e-01, 6.477272727272727e-01, -1.760133166244728e-02
9.659090909090909e-01, 6.704545454545454e-01, -1.765363016267707e-02
9.659090909090909e-01, 6.931818181818182e-01, -1.757538701504861e-02
9.659090909090909e-01, 7.159090909090909e-01, -1.737187367495137e-02
9.659090909090909e-01, 7.386363636363636e-01, -1.701859856601715e-02
9.659090909090909e-01, 7.613636363636364e-01, -1.651295004433230e-02
9.659090909090909e-01, 7.840909090909091e-01, -1.586367438977414e-02
9.659090909090909e-01, 8.068181818181818e-01, -1.500735161024948e-02
9.659090909090909e-01, 8.295454545454546e-01, -1.404491617819350e-02
9.659090909090909e-01, 8.522727272727273e-01, -1.279844472444615e-02
9.659090909090909e-01, 8.750000000000000e-01, -1.149265071936118e-02
9.659090909090909e-01, 8.977272727272727e-01, -9.828876070449123e-03
9.659090909090909e-01, 9.204545454545454e-01, -8.099885785614526e-03
9.659090909090909e-01, 9.431818181818182e-01, -6.018156167883310e-03
9.659090909090909e-01, 9.659090909090909e-01, -3.749434069036569e-03
9.659090909090909e-01, 9.886363636363636e-01, -1.341308316335698e-03
9.886363636363636e-01, 1.136363636363636e-02, -3.490763150376299e-06
9.886363636363636e-01, 3.409090909090909e-02, -4.354850487871596e-05
9.886363636363636e-01, 5.681818181818182e-02, -1.185210815422030e-04
9.886363636363636e-01, 7.954545454545454e-02, -2.339032537365408e-04
9.886363636363636e-01, 1.022727272727273e-01, -3.864898067154559e-04
9.886363636363636e-01, 1.250000000000000e-01, -5.565779165006189e-04
9.886363636363636e-01, 1.477272727272727e-01, -7.702940936588747e-04
9.886363636363636e-01, 1.704545454545454e-01, -9.872743325189952e-04
9.886363636363636e-01, 1.931818181818182e-01, -1.249863734148423e-03
9.886363636363636e-01, 2.159090909090909e-01, -1.503601649133796e-03
9.886363636363636e-01, 2.386363636363636e-01, -1.801804497678487e-03
9.886363636363636e-01, 2.613636363636364e-01, -2.081839944122399e-03
9.886363636363636e-01, 2.840909090909091e-01, -2.403438908723888e-03
9.886363636363636e-01, 3.068181818181818e-01, -2.709906667332661e-03
9.886363636363636e-01, 3.295454545454545e-01, -3.030750717514684e-03
9.886363636363636e-01, 3.522727272727273e-01, -3.363739504067287e-03
9.886363636363636e-01, 3.750000000000000e-01, -3.660990633631928e-03
9.886363636363636e-01, 3.977272727272727e-01, -3.985673373763439e-03
9.886363636363636e-01, 4.204545454545455e-01, -4.270344374666194e-03
9.886363636363636e-01, 4.431818181818182e-01, -4.574902908211612e-03
9.886363636363636e-01, 4.659090909090909e-01, -4.835785277320812e-03
9.886363636363636e-01, 4.886363636363636e-01, -5.106971484252030e-03
9.886363636363636e-01, 5.113636363636364e-01, -5.333843916508454e-03
9.886363636363636e-01, 5.340909090909091e-01, -5.559459298427123e-03
9.886363636363636e-01, 5.568181818181818e-01, -5.747057357120125e-03
9.886363636363636e-01, 5.795454545454546e-01, -5.908336587799140e-03
9.886363636363636e-01, 6.022727272727273e-01, -6.044698557967247e-03
9.886363636363636e-01, 6.250000000000000e-01, -6.130718486513191e-03
9.886363636363636e-01, 6.477272727272727e-01, -6.190020816054111e-03
9.886363636363636e-01, 6.704545454545454e-01, -6.202995896576754e-03
9.886363636363636e-01, 6.931818181818182e-01, -6.172945814059200e-03
9.886363636363636e-01, 7.159090909090909e-01, -6.101901836381918e-03
9.886363636363636e-01, 7.386363636363636e-01, -5.969785295401867e-03
9.886363636363636e-01, 7.613636363636364e-01, -5.804180870416204e-03
9.886363636363636e-01, 7.840909090909091e-01, -5.557315854175476e-03
9.886363636363636e-01, 8.068181818181818e-01, -5.274241900777132e-03
9.886363636363636e-01, 8.295454545454546e-01, -4.912345180572653e-03
9.886363636363636e-01, 8.522727272727273e-01, -4.475308985804788e-03
9.886363636363636e-01, 8.750000000000000e-01, -4.011203765574297e-03
9.886363636363636e-01, 8.977272727272727e-01, -3.428664860907177e-03
9.886363636363636e-01, 9.204545454545454e-01, -2.830298459798543e-03
9.886363636363636e-01, 9.431818181818182e-01, -2.081440543878316e-03
9.886363636363636e-01, 9.659090909090909e-01, -1.352521123831980e-03
9.886363636363636e-01, 9.886363636363636e-01, -3.727632838560164e-04
