x, y, u
1.136363636363636e-02, 1.136363636363636e-02, 1.409041228890406e-04
3.409090909090909e-02, 1.136363636363636e-02, 4.756239828370464e-04
5.681818181818182e-02, 1.136363636363636e-02, 7.353697188190200e-04
7.954545454545454e-02, 1.136363636363636e-02, 9.952375585265101e-04
1.022727272727273e-01, 1.136363636363636e-02, 1.207101848995843e-03
1.250000000000000e-01, 1.136363636363636e-02, 1.408372157831121e-03
1.477272727272727e-01, 1.136363636363636e-02, 1.584066747313318e-03
1.704545454545454e-01, 1.136363636363636e-02, 1.721503196257180e-03
1.931818181818182e-01, 1.136363636363636e-02, 1.851216810886221e-03
2.159090909090909e-01, 1.136363636363636e-02, 1.943069039805424e-03
2.386363636363636e-01, 1.136363636363636e-02, 2.026934186796953e-03
2.613636363636364e-01, 1.136363636363636e-02, 2.081894318412686e-03
2.840909090909091e-01, 1.136363636363636e-02, 2.124614582595659e-03
3.068181818181818e-01, 1.136363636363636e-02, 2.146524457084919e-03
3.295454545454545e-01, 1.136363636363636e-02, 2.152729638258012e-03
3.522727272727273e-01, 1.136363636363636e-02, 2.144803253679885e-03
3.750000000000000e-01, 1.136363636363636e-02, 2.119745577828232e-03
3.977272727272727e-01, 1.136363636363636e-02, 2.082087438861807e-03
4.204545454545455e-01, 1.136363636363636e-02, 2.034151586811395e-03
4.431818181818182e-01, 1.136363636363636e-02, 1.970340114467760e-03
4.659090909090909e-01, 1.136363636363636e-02, 1.904441350519037e-03
4.886363636363636e-01, 1.136363636363636e-02, 1.820259805075361e-03
5.113636363636364e-01, 1.136363636363636e-02, 1.739106636588955e-03
5.340909090909091e-01, 1.136363636363636e-02, 1.639217341885733e-03
5.568181818181818e-01, 1.136363636363636e-02, 1.546637344640827e-03
5.795454545454546e-01, 1.136363636363636e-02, 1.435701854370942e-03
6.022727272727273e-01, 1.136363636363636e-02, 1.332393320349469e-03
6.250000000000000e-01, 1.136363636363636e-02, 1.218201604176058e-03
6.477272727272727e-01, 1.136363636363636e-02, 1.102693461765635e-03
6.704545454545454e-01, 1.136363636363636e-02, 9.952050856589065e-04
6.931818181818182e-01, 1.136363636363636e-02, 8.769551931141993e-04
7.159090909090909e-01, 1.136363636363636e-02, 7.752027229882645e-04
7.386363636363636e-01, 1.136363636363636e-02, 6.620580294658934e-04
7.613636363636364e-01, 1.136363636363636e-02, 5.666884791329564e-04
7.840909090909091e-01, 1.136363636363636e-02, 4.633149311088041e-04
8.068181818181818e-01, 1.136363636363636e-02, 3.781583805743619e-04
8.295454545454546e-01, 1.136363636363636e-02, 2.892264009959888e-04
8.522727272727273e-01, 1.136363636363636e-02, 2.162142014238136e-04
8.750000000000000e-01, 1.136363636363636e-02, 1.483051408685212e-04
8.977272727272727e-01, 1.136363636363636e-02, 9.074302350306359e-05
9.204545454545454e-01, 1.136363636363636e-02, 4.912588518462054e-05
9.431818181818182e-01, 1.136363636363636e-02, 1.576041156857191e-05
9.659090909090909e-01, 1.136363636363636e-02, 1.397945499781639e-06
9.886363636363636e-01, 1.136363636363636e-02, -3.490763150376049e-06
1.136363636363636e-02, 3.409090909090909e-02, 4.383471586993372e-04
3.409090909090909e-02, 3.409090909090909e-02, 1.355692685223278e-03
5.681818181818182e-02, 3.409090909090909e-02, 2.126364507546136e-03
7.954545454545454e-02, 3.409090909090909e-02, 2.868434786931682e-03
1.022727272727273e-01, 3.409090909090909e-02, 3.484223138684303e-03
1.250000000000000e-01, 3.409090909090909e-02, 4.042018990979589e-03
1.477272727272727e-01, 3.409090909090909e-02, 4.521517574597097e-03
1.704545454545454e-01, 3.409090909090909e-02, 4.919024072377833e-03
1.931818181818182e-01, 3.409090909090909e-02, 5.265326721895234e-03
2.159090909090909e-01, 3.409090909090909e-02, 5.526549843029843e-03
2.386363636363636e-01, 3.409090909090909e-02, 5.746410669971943e-03
2.613636363636364e-01, 3.409090909090909e-02, 5.890748541648245e-03
2.840909090909091e-01, 3.409090909090909e-02, 5.990751480304861e-03
3.068181818181818e-01, 3.409090909090909e-02, 6.035721692421194e-03
3.295454545454545e-01, 3.409090909090909e-02, 6.031317528200837e-03
3.522727272727273e-01, 3.409090909090909e-02, 5.985299468494255e-03
3.750000000000000e-01, 3.409090909090909e-02, 5.894791867193620e-03
3.977272727272727e-01, 3.409090909090909e-02, 5.766630911604603e-03
4.204545454545455e-01, 3.409090909090909e-02, 5.607259738185867e-03
4.431818181818182e-01, 3.409090909090909e-02, 5.406897395311225e-03
4.659090909090909e-01, 3.409090909090909e-02, 5.194807809153361e-03
4.886363636363636e-01, 3.409090909090909e-02, 4.933273265059470e-03
5.113636363636364e-01, 3.409090909090909e-02, 4.682443539859036e-03
5.340909090909091e-01, 3.409090909090909e-02, 4.379025436728368e-03
5.568181818181818e-01, 3.409090909090909e-02, 4.090403163247170e-03
5.795454545454546e-01, 3.409090909090909e-02, 3.767251039952351e-03
6.022727272727273e-01, 3.409090909090909e-02, 3.451577399060590e-03
6.250000000000000e-01, 3.409090909090909e-02, 3.123130856626085e-03
6.477272727272727e-01, 3.409090909090909e-02, 2.793127582903971e-03
6.704545454545454e-01, 3.409090909090909e-02, 2.472736212057572e-03
6.931818181818182e-01, 3.409090909090909e-02, 2.142219462421577e-03
7.159090909090909e-01, 3.409090909090909e-02, 1.842145571301947e-03
7.386363636363636e-01, 3.409090909090909e-02, 1.526029811701334e-03
7.613636363636364e-01, 3.409090909090909e-02, 1.256647851028701e-03
7.840909090909091e-01, 3.409090909090909e-02, 9.767332864196738e-04
8.068181818181818e-01, 3.409090909090909e-02, 7.400697337729203e-04
8.295454545454546e-01, 3.409090909090909e-02, 5.147599027951750e-04
8.522727272727273e-01, 3.409090909090909e-02, 3.254132674500906e-04
8.750000000000000e-01, 3.409090909090909e-02, 1.651787651818274e-04
8.977272727272727e-01, 3.409090909090909e-02, 3.980566904534104e-05
9.204545454545454e-01, 3.409090909090909e-02, -4.549390532518336e-05
9.431818181818182e-01, 3.409090909090909e-02, -9.005198679995674e-05
9.659090909090909e-01, 3.409090909090909e-02, -9.145260056678900e-05
9.886363636363636e-01, 3.409090909090909e-02, -4.354850487871543e-05
1.136363636363636e-02, 5.681818181818182e-02, 7.426162601394870e-04
3.409090909090909e-02, 5.681818181818182e-02, 2.148153362310996e-03
5.681818181818182e-02, 5.681818181818182e-02, 3.424717575140563e-03
7.954545454545454e-02, 5.681818181818182e-02, 4.577006876935968e-03
1.022727272727273e-01, 5.681818181818182e-02, 5.562800750620846e-03
1.250000000000000e-01, 5.681818181818182e-02, 6.436438739341595e-03
1.477272727272727e-01, 5.681818181818182e-02, 7.175566711882991e-03
1.704545454545454e-01, 5.681818181818182e-02, 7.797652155121425e-03
1.931818181818182e-01, 5.681818181818182e-02, 8.314778477199577e-03
2.159090909090909e-01, 5.681818181818182e-02, 8.719583865926150e-03
2.386363636363636e-01, 5.681818181818182e-02, 9.028478349652048e-03
2.613636363636364e-01, 5.681818181818182e-02, 9.238728289433376e-03
2.840909090909091e-01, 5.681818181818182e-02, 9.362162824459203e-03
3.068181818181818e-01, 5.681818181818182e-02, 9.400305730594537e-03
3.295454545454545e-01, 5.681818181818182e-02, 9.361024336633290e-03
3.522727272727273e-01, 5.681818181818182e-02, 9.249773926462311e-03
3.750000000000000e-01, 5.681818181818182e-02, 9.073634299523212e-03
3.977272727272727e-01, 5.681818181818182e-02, 8.832698736972773e-03
4.204545454545455e-01, 5.681818181818182e-02, 8.545707708769994e-03
4.431818181818182e-01, 5.681818181818182e-02, 8.194638807490899e-03
4.659090909090909e-01, 5.681818181818182e-02, 7.814831314512410e-03
4.886363636363636e-01, 5.681818181818182e-02, 7.381134408323079e-03
5.113636363636364e-01, 5.681818181818182e-02, 6.930701054595228e-03
5.340909090909091e-01, 5.681818181818182e-02, 6.437716891833355e-03
5.568181818181818e-01, 5.681818181818182e-02, 5.939481859208672e-03
5.795454545454546e-01, 5.681818181818182e-02, 5.410619598114287e-03
6.022727272727273e-01, 5.681818181818182e-02, 4.886695827282915e-03
6.250000000000000e-01, 5.681818181818182e-02, 4.351443571892603e-03
6.477272727272727e-01, 5.681818181818182e-02, 3.817864972762952e-03
6.704545454545454e-01, 5.681818181818182e-02, 3.298148432980765e-03
6.931818181818182e-01, 5.681818181818182e-02, 2.778520438317943e-03
7.159090909090909e-01, 5.681818181818182e-02, 2.290264579051644e-03
7.386363636363636e-01, 5.681818181818182e-02, 1.814215678954976e-03
7.613636363636364e-01, 5.681818181818182e-02, 1.379644023293529e-03
7.840909090909091e-01, 5.681818181818182e-02, 9.705222827942635e-04
8.068181818181818e-01, 5.681818181818182e-02, 6.124356444962031e-04
8.295454545454546e-01, 5.681818181818182e-02, 2.931340704646302e-04
8.522727272727273e-01, 5.681818181818182e-02, 3.431980830554430e-05
8.750000000000000e-01, 5.681818181818182e-02, -1.712929813240576e-04
8.977272727272727e-01, 5.681818181818182e-02, -3.092183608454940e-04
9.204545454545454e-01, 5.681818181818182e-02, -3.820026468531871e-04
9.431818181818182e-01, 5.681818181818182e-02, -3.734025331921636e-04
9.659090909090909e-01, 5.681818181818182e-02, -2.933935458772674e-04
9.886363636363636e-01, 5.681818181818182e-02, -1.185210815422023e-04
1.136363636363636e-02, 7.954545454545454e-02, 1.025293790448783e-03
3.409090909090909e-02, 7.954545454545454e-02, 2.935474025067485e-03
5.681818181818182e-02, 7.954545454545454e-02, 4.618333607939421e-03
7.954545454545454e-02, 7.954545454545454e-02, 6.115719262461496e-03
1.022727272727273e-01, 7.954545454545454e-02, 7.438308626919639e-03
1.250000000000000e-01, 7.954545454545454e-02, 8.588572742156369e-03
1.477272727272727e-01, 7.954545454545454e-02, 9.547282035959432e-03
1.704545454545454e-01, 7.954545454545454e-02, 1.036070273323492e-02
1.931818181818182e-01, 7.954545454545454e-02, 1.100761366629149e-02
2.159090909090909e-01, 7.954545454545454e-02, 1.151735123080194e-02
2.386363636363636e-01, 7.954545454545454e-02, 1.188357947052901e-02
2.613636363636364e-01, 7.954545454545454e-02, 1.212300043859109e-02
2.840909090909091e-01, 7.954545454545454e-02, 1.224247733736694e-02
3.068181818181818e-01, 7.954545454545454e-02, 1.224336397383326e-02
3.295454545454545e-01, 7.954545454545454e-02, 1.214759234966590e-02
3.522727272727273e-01, 7.954545454545454e-02, 1.194295846602437e-02
3.750000000000000e-01, 7.954545454545454e-02, 1.165892740931245e-02
3.977272727272727e-01, 7.954545454545454e-02, 1.128636716100854e-02
4.204545454545455e-01, 7.954545454545454e-02, 1.084317365584774e-02
4.431818181818182e-01, 7.954545454545454e-02, 1.033816305668761e-02
4.659090909090909e-01, 7.954545454545454e-02, 9.771017425963311e-03
4.886363636363636e-01, 7.954545454545454e-02, 9.162898058790741e-03
5.113636363636364e-01, 7.954545454545454e-02, 8.505066793541800e-03
5.340909090909091e-01, 7.954545454545454e-02, 7.825115525820986e-03
5.568181818181818e-01, 7.954545454545454e-02, 7.109859482254809e-03
5.795454545454546e-01, 7.954545454545454e-02, 6.389348532126834e-03
6.022727272727273e-01, 7.954545454545454e-02, 5.649925205401152e-03
6.250000000000000e-01, 7.954545454545454e-02, 4.915435585444714e-03
6.477272727272727e-01, 7.954545454545454e-02, 4.189794749476714e-03
6.704545454545454e-01, 7.954545454545454e-02, 3.474466555935190e-03
6.931818181818182e-01, 7.954545454545454e-02, 2.794014038340591e-03
7.159090909090909e-01, 7.954545454545454e-02, 2.136061517193127e-03
7.386363636363636e-01, 7.954545454545454e-02, 1.527161884526534e-03
7.613636363636364e-01, 7.954545454545454e-02, 9.598749329256000e-04
7.840909090909091e-01, 7.954545454545454e-02, 4.538153458664791e-04
8.068181818181818e-01, 7.954545454545454e-02, 1.030898542372524e-05
8.295454545454546e-01, 7.954545454545454e-02, -3.614775007936658e-04
8.522727272727273e-01, 7.954545454545454e-02, -6.479178365252277e-04
8.750000000000000e-01, 7.954545454545454e-02, -8.526216741419234e-04
8.977272727272727e-01, 7.954545454545454e-02, -9.515040733083014e-04
9.204545454545454e-01, 7.954545454545454e-02, -9.470528373046024e-04
9.431818181818182e-01, 7.954545454545454e-02, -8.274728373403985e-04
9.659090909090909e-01, 7.954545454545454e-02, -5.894276756368714e-04
9.886363636363636e-01, 7.954545454545454e-02, -2.339032537365399e-04
1.136363636363636e-02, 1.022727272727273e-01, 1.254148507976932e-03
3.409090909090909e-02, 1.022727272727273e-01, 3.584754051005475e-03
5.681818181818182e-02, 1.022727272727273e-01, 5.675864492022053e-03
7.954545454545454e-02, 1.022727272727273e-01, 7.535100709273661e-03
1.022727272727273e-01, 1.022727272727273e-01, 9.124395789716775e-03
1.250000000000000e-01, 1.022727272727273e-01, 1.050108692053103e-02
1.477272727272727e-01, 1.022727272727273e-01, 1.164255366005851e-02
1.704545454545454e-01, 1.022727272727273e-01, 1.260112047914051e-02
1.931818181818182e-01, 1.022727272727273e-01, 1.335040013725389e-02
2.159090909090909e-01, 1.022727272727273e-01, 1.392675327518673e-02
2.386363636363636e-01, 1.022727272727273e-01, 1.432352804891227e-02
2.613636363636364e-01, 1.022727272727273e-01, 1.455785299389538e-02
2.840909090909091e-01, 1.022727272727273e-01, 1.464590619365967e-02
3.068181818181818e-01, 1.022727272727273e-01, 1.458174862824776e-02
3.295454545454545e-01, 1.022727272727273e-01, 1.439809177031647e-02
3.522727272727273e-01, 1.022727272727273e-01, 1.408417708214381e-02
3.750000000000000e-01, 1.022727272727273e-01, 1.366715850767672e-02
3.977272727272727e-01, 1.022727272727273e-01, 1.314939425656067e-02
4.204545454545455e-01, 1.022727272727273e-01, 1.253845139280625e-02
4.431818181818182e-01, 1.022727272727273e-01, 1.186151360488252e-02
4.659090909090909e-01, 1.022727272727273e-01, 1.109727977827684e-02
4.886363636363636e-01, 1.022727272727273e-01, 1.030464732697447e-02
5.113636363636364e-01, 1.022727272727273e-01, 9.432874295445533e-03
5.340909090909091e-01, 1.022727272727273e-01, 8.559383832441909e-03
5.568181818181818e-01, 1.022727272727273e-01, 7.630203480793213e-03
5.795454545454546e-01, 1.022727272727273e-01, 6.709687805678231e-03
6.022727272727273e-01, 1.022727272727273e-01, 5.770744146575940e-03
6.250000000000000e-01, 1.022727272727273e-01, 4.845687746520766e-03
6.477272727272727e-01, 1.022727272727273e-01, 3.938579859521225e-03
6.704545454545454e-01, 1.022727272727273e-01, 3.052676441203173e-03
6.931818181818182e-01, 1.022727272727273e-01, 2.217818199166834e-03
7.159090909090909e-01, 1.022727272727273e-01, 1.415979828999966e-03
7.386363636363636e-01, 1.022727272727273e-01, 6.926059506342482e-04
7.613636363636364e-01, 1.022727272727273e-01, 2.343950576997477e-05
7.840909090909091e-01, 1.022727272727273e-01, -5.526774104389249e-04
8.068181818181818e-01, 1.022727272727273e-01, -1.043168987345739e-03
8.295454545454546e-01, 1.022727272727273e-01, -1.430613322598711e-03
8.522727272727273e-01, 1.022727272727273e-01, -1.701562397750061e-03
8.750000000000000e-01, 1.022727272727273e-01, -1.853738968426452e-03
8.977272727272727e-01, 1.022727272727273e-01, -1.866906028672038e-03
9.204545454545454e-01, 1.022727272727273e-01, -1.729061131435344e-03
9.431818181818182e-01, 1.022727272727273e-01, -1.457164207604617e-03
9.659090909090909e-01, 1.022727272727273e-01, -1.011514312565663e-03
9.886363636363636e-01, 1.022727272727273e-01, -3.864898067154548e-04
1.136363636363636e-02, 1.250000000000000e-01, 1.483778589262041e-03
3.409090909090909e-02, 1.250000000000000e-01, 4.232051349961453e-03
5.681818181818182e-02, 1.250000000000000e-01, 6.648182764772001e-03
7.954545454545454e-02, 1.250000000000000e-01, 8.773138179914384e-03
1.022727272727273e-01, 1.250000000000000e-01, 1.060470275826865e-02
1.250000000000000e-01, 1.250000000000000e-01, 1.217857173745754e-02
1.477272727272727e-01, 1.250000000000000e-01, 1.348213571163287e-02
1.704545454545454e-01, 1.250000000000000e-01, 1.455147091011474e-02
1.931818181818182e-01, 1.250000000000000e-01, 1.537566932187357e-02
2.159090909090909e-01, 1.250000000000000e-01, 1.598384190174094e-02
2.386363636363636e-01, 1.250000000000000e-01, 1.638662321604389e-02
2.613636363636364e-01, 1.250000000000000e-01, 1.659075255542271e-02
2.840909090909091e-01, 1.250000000000000e-01, 1.661742036375510e-02
3.068181818181818e-01, 1.250000000000000e-01, 1.647285727391538e-02
3.295454545454545e-01, 1.250000000000000e-01, 1.617646523216313e-02
3.522727272727273e-01, 1.250000000000000e-01, 1.573812826825219e-02
3.750000000000000e-01, 1.250000000000000e-01, 1.516949503931687e-02
3.977272727272727e-01, 1.250000000000000e-01, 1.449299406830222e-02
4.204545454545455e-01, 1.250000000000000e-01, 1.370175127968843e-02
4.431818181818182e-01, 1.250000000000000e-01, 1.283962938968134e-02
4.659090909090909e-01, 1.250000000000000e-01, 1.187853864657796e-02
4.886363636363636e-01, 1.250000000000000e-01, 1.087684725306294e-02
5.113636363636364e-01, 1.250000000000000e-01, 9.805156423569127e-03
5.340909090909091e-01, 1.250000000000000e-01, 8.717131339517117e-03
5.568181818181818e-01, 1.250000000000000e-01, 7.586871065688986e-03
5.795454545454546e-01, 1.250000000000000e-01, 6.465739041814762e-03
6.022727272727273e-01, 1.250000000000000e-01, 5.334770161144667e-03
6.250000000000000e-01, 1.250000000000000e-01, 4.227922909464920e-03
6.477272727272727e-01, 1.250000000000000e-01, 3.148773472259112e-03
6.704545454545454e-01, 1.250000000000000e-01, 2.108954556198667e-03
6.931818181818182e-01, 1.250000000000000e-01, 1.130995555336160e-03
7.159090909090909e-01, 1.250000000000000e-01, 2.141615073606540e-04
7.386363636363636e-01, 1.250000000000000e-01, -6.133883013195848e-04
7.613636363636364e-01, 1.250000000000000e-01, -1.350996506468626e-03
7.840909090909091e-01, 1.250000000000000e-01, -1.974280785928112e-03
8.068181818181818e-01, 1.250000000000000e-01, -2.479529820500885e-03
8.295454545454546e-01, 1.250000000000000e-01, -2.844729219407525e-03
8.522727272727273e-01, 1.250000000000000e-01, -3.067949444007397e-03
8.750000000000000e-01, 1.250000000000000e-01, -3.123223598144519e-03
8.977272727272727e-01, 1.250000000000000e-01, -3.015763597491848e-03
9.204545454545454e-01, 1.250000000000000e-01, -2.719706412239116e-03
9.431818181818182e-01, 1.250000000000000e-01, -2.207777208497910e-03
9.659090909090909e-01, 1.250000000000000e-01, -1.479034105509514e-03
9.886363636363636e-01, 1.250000000000000e-01, -5.565779165006176e-04
1.136363636363636e-02, 1.477272727272727e-01, 1.672056606754012e-03
3.409090909090909e-02, 1.477272727272727e-01, 4.754617403808030e-03
5.681818181818182e-02, 1.477272727272727e-01, 7.491483052237864e-03
7.954545454545454e-02, 1.477272727272727e-01, 9.891644080512043e-03
1.022727272727273e-01, 1.477272727272727e-01, 1.193059799909691e-02
1.250000000000000e-01, 1.477272727272727e-01, 1.365626449856730e-02
1.477272727272727e-01, 1.477272727272727e-01, 1.508248654353792e-02
1.704545454545454e-01, 1.477272727272727e-01, 1.621521095253564e-02
1.931818181818182e-01, 1.477272727272727e-01, 1.709911497210628e-02
2.159090909090909e-01, 1.477272727272727e-01, 1.770451437531275e-02
2.386363636363636e-01, 1.477272727272727e-01, 1.808107543478319e-02
2.613636363636364e-01, 1.477272727272727e-01, 1.823341058823151e-02
2.840909090909091e-01, 1.477272727272727e-01, 1.817323021893090e-02
3.068181818181818e-01, 1.477272727272727e-01, 1.793074550200074e-02
3.295454545454545e-01, 1.477272727272727e-01, 1.749822335358284e-02
3.522727272727273e-01, 1.477272727272727e-01, 1.692217056605078e-02
3.750000000000000e-01, 1.477272727272727e-01, 1.618181966682920e-02
3.977272727272727e-01, 1.477272727272727e-01, 1.532464239311737e-02
4.204545454545455e-01, 1.477272727272727e-01, 1.434949169494046e-02
4.431818181818182e-01, 1.477272727272727e-01, 1.327779001829127e-02
4.659090909090909e-01, 1.477272727272727e-01, 1.212687057753598e-02
4.886363636363636e-01, 1.477272727272727e-01, 1.090502943665400e-02
5.113636363636364e-01, 1.477272727272727e-01, 9.639511577697425e-03
5.340909090909091e-01, 1.477272727272727e-01, 8.331893757608073e-03
5.568181818181818e-01, 1.477272727272727e-01, 7.012947235515607e-03
5.795454545454546e-01, 1.477272727272727e-01, 5.683909321202620e-03
6.022727272727273e-01, 1.477272727272727e-01, 4.372701230640296e-03
6.250000000000000e-01, 1.477272727272727e-01, 3.086599789120559e-03
6.477272727272727e-01, 1.477272727272727e-01, 1.840658451679166e-03
6.704545454545454e-01, 1.477272727272727e-01, 6.655331046963851e-04
6.931818181818182e-01, 1.477272727272727e-01, -4.440991706417769e-04
7.159090909090909e-01, 1.477272727272727e-01, -1.453681311270597e-03
7.386363636363636e-01, 1.477272727272727e-01, -2.362911768004614e-03
7.613636363636364e-01, 1.477272727272727e-01, -3.145748556190933e-03
7.840909090909091e-01, 1.477272727272727e-01, -3.791878335035953e-03
8.068181818181818e-01, 1.477272727272727e-01, -4.287563623875961e-03
8.295454545454546e-01, 1.477272727272727e-01, -4.607921747032370e-03
8.522727272727273e-01, 1.477272727272727e-01, -4.752163218315411e-03
8.750000000000000e-01, 1.477272727272727e-01, -4.667505721727594e-03
8.977272727272727e-01, 1.477272727272727e-01, -4.383744342765610e-03
9.204545454545454e-01, 1.477272727272727e-01, -3.869669636844817e-03
9.431818181818182e-01, 1.477272727272727e-01, -3.102437298234610e-03
9.659090909090909e-01, 1.477272727272727e-01, -2.077827587291644e-03
9.886363636363636e-01, 1.477272727272727e-01, -7.702940936588731e-04
1.136363636363636e-02, 1.704545454545454e-01, 1.857052401402476e-03
3.409090909090909e-02, 1.704545454545454e-01, 5.268719065353207e-03
5.681818181818182e-02, 1.704545454545454e-01, 8.262309705385834e-03
7.954545454545454e-02, 1.704545454545454e-01, 1.086355741762110e-02
1.022727272727273e-01, 1.704545454545454e-01, 1.306481884937677e-02
1.250000000000000e-01, 1.704545454545454e-01, 1.491923812738517e-02
1.477272727272727e-01, 1.704545454545454e-01, 1.643894716365343e-02
1.704545454545454e-01, 1.704545454545454e-01, 1.762587327988879e-02
1.931818181818182e-01, 1.704545454545454e-01, 1.850048982935325e-02
2.159090909090909e-01, 1.704545454545454e-01, 1.909197428174142e-02
2.386363636363636e-01, 1.704545454545454e-01, 1.941548868886036e-02
2.613636363636364e-01, 1.704545454545454e-01, 1.949369871466933e-02
2.840909090909091e-01, 1.704545454545454e-01, 1.932145188664732e-02
3.068181818181818e-01, 1.704545454545454e-01, 1.895572540408997e-02
3.295454545454545e-01, 1.704545454545454e-01, 1.837299261761093e-02
3.522727272727273e-01, 1.704545454545454e-01, 1.762899051870148e-02
3.750000000000000e-01, 1.704545454545454e-01, 1.671524638400419e-02
3.977272727272727e-01, 1.704545454545454e-01, 1.566385032689282e-02
4.204545454545455e-01, 1.704545454545454e-01, 1.449437391798577e-02
4.431818181818182e-01, 1.704545454545454e-01, 1.320763597418413e-02
4.659090909090909e-01, 1.704545454545454e-01, 1.185654321825344e-02
4.886363636363636e-01, 1.704545454545454e-01, 1.040955653007695e-02
5.113636363636364e-01, 1.704545454545454e-01, 8.947754745125283e-03
5.340909090909091e-01, 1.704545454545454e-01, 7.420392888285440e-03
5.568181818181818e-01, 1.704545454545454e-01, 5.908911150245269e-03
5.795454545454546e-01, 1.704545454545454e-01, 4.381853068416166e-03
6.022727272727273e-01, 1.704545454545454e-01, 2.892129858110287e-03
6.250000000000000e-01, 1.704545454545454e-01, 1.439914825793442e-03
6.477272727272727e-01, 1.704545454545454e-01, 4.705571089769277e-05
6.704545454545454e-01, 1.704545454545454e-01, -1.259373454336627e-03
6.931818181818182e-01, 1.704545454545454e-01, -2.478827920760168e-03
7.159090909090909e-01, 1.704545454545454e-01, -3.569819945578527e-03
7.386363636363636e-01, 1.704545454545454e-01, -4.538068936317810e-03
7.613636363636364e-01, 1.704545454545454e-01, -5.344965927221361e-03
7.840909090909091e-01, 1.704545454545454e-01, -5.984149985719193e-03
8.068181818181818e-01, 1.704545454545454e-01, -6.436383340269327e-03
8.295454545454546e-01, 1.704545454545454e-01, -6.659353501218435e-03
8.522727272727273e-01, 1.704545454545454e-01, -6.667721915501841e-03
8.750000000000000e-01, 1.704545454545454e-01, -6.445476779744784e-03
8.977272727272727e-01, 1.704545454545454e-01, -5.955724112357370e-03
9.204545454545454e-01, 1.704545454545454e-01, -5.192663616960912e-03
9.431818181818182e-01, 1.704545454545454e-01, -4.105125795060558e-03
9.659090909090909e-01, 1.704545454545454e-01, -2.701934366820065e-03
9.886363636363636e-01, 1.704545454545454e-01, -9.872743325189935e-04
1.136363636363636e-02, 1.931818181818182e-01, 2.016983328036643e-03
3.409090909090909e-02, 1.931818181818182e-01, 5.683901213075921e-03
5.681818181818182e-02, 1.931818181818182e-01, 8.911770620475535e-03
7.954545454545454e-02, 1.931818181818182e-01, 1.170736519651877e-02
1.022727272727273e-01, 1.931818181818182e-01, 1.405008020826006e-02
1.250000000000000e-01, 1.931818181818182e-01, 1.599747716127548e-02
1.477272727272727e-01, 1.931818181818182e-01, 1.757228792334143e-02
1.704545454545454e-01, 1.931818181818182e-01, 1.876623142468499e-02
1.931818181818182e-01, 1.931818181818182e-01, 1.964146692721679e-02
2.159090909090909e-01, 1.931818181818182e-01, 2.018524135085251e-02
2.386363636363636e-01, 1.931818181818182e-01, 2.042637611553083e-02
2.613636363636364e-01, 1.931818181818182e-01, 2.040458847810294e-02
2.840909090909091e-01, 1.931818181818182e-01, 2.011278783502862e-02
3.068181818181818e-01, 1.931818181818182e-01, 1.959657398440472e-02
3.295454545454545e-01, 1.931818181818182e-01, 1.885969564108429e-02
3.522727272727273e-01, 1.931818181818182e-01, 1.793261894946075e-02
3.750000000000000e-01, 1.931818181818182e-01, 1.683620294062616e-02
3.977272727272727e-01, 1.931818181818182e-01, 1.558015499023311e-02
4.204545454545455e-01, 1.931818181818182e-01, 1.420894073447776e-02
4.431818181818182e-01, 1.931818181818182e-01, 1.270676252651672e-02
4.659090909090909e-01, 1.931818181818182e-01, 1.114050600004217e-02
4.886363636363636e-01, 1.931818181818182e-01, 9.480370846240791e-03
5.113636363636364e-01, 1.931818181818182e-01, 7.798838106140855e-03
5.340909090909091e-01, 1.931818181818182e-01, 6.068820845265160e-03
5.568181818181818e-01, 1.931818181818182e-01, 4.357109708356943e-03
5.795454545454546e-01, 1.931818181818182e-01, 2.643790851616544e-03
6.022727272727273e-01, 1.931818181818182e-01, 9.830972984643082e-04
6.250000000000000e-01, 1.931818181818182e-01, -6.279754323629595e-04
6.477272727272727e-01, 1.931818181818182e-01, -2.155497276884299e-03
6.704545454545454e-01, 1.931818181818182e-01, -3.583551765663508e-03
6.931818181818182e-01, 1.931818181818182e-01, -4.890501700653495e-03
7.159090909090909e-01, 1.931818181818182e-01, -6.054734850163940e-03
7.386363636363636e-01, 1.931818181818182e-01, -7.053379013563987e-03
7.613636363636364e-01, 1.931818181818182e-01, -7.871948453488918e-03
7.840909090909091e-01, 1.931818181818182e-01, -8.476523970005184e-03
8.068181818181818e-01, 1.931818181818182e-01, -8.851669602519069e-03
8.295454545454546e-01, 1.931818181818182e-01, -8.996451868304641e-03
8.522727272727273e-01, 1.931818181818182e-01, -8.870232357577295e-03
8.750000000000000e-01, 1.931818181818182e-01, -8.433233024542710e-03
8.977272727272727e-01, 1.931818181818182e-01, -7.700729505052318e-03
9.204545454545454e-01, 1.931818181818182e-01, -6.640937974451513e-03
9.431818181818182e-01, 1.931818181818182e-01, -5.208338439769962e-03
9.659090909090909e-01, 1.931818181818182e-01, -3.426602971782239e-03
9.886363636363636e-01, 1.931818181818182e-01, -1.249863734148421e-03
1.136363636363636e-02, 2.159090909090909e-01, 2.150717059728028e-03
3.409090909090909e-02, 2.159090909090909e-01, 6.072181403076379e-03
5.681818181818182e-02, 2.159090909090909e-01, 9.492044124761978e-03
7.954545454545454e-02, 2.159090909090909e-01, 1.242479062555311e-02
1.022727272727273e-01, 2.159090909090909e-01, 1.486460926131242e-02
1.250000000000000e-01, 2.159090909090909e-01, 1.687867531029317e-02
1.477272727272727e-01, 2.159090909090909e-01, 1.848555187334529e-02
1.704545454545454e-01, 2.159090909090909e-01, 1.967225224280789e-02
1.931818181818182e-01, 2.159090909090909e-01, 2.049964532600732e-02
2.159090909090909e-01, 2.159090909090909e-01, 2.098646573688229e-02
2.386363636363636e-01, 2.159090909090909e-01, 2.113145850202161e-02
2.613636363636364e-01, 2.159090909090909e-01, 2.098841334608624e-02
2.840909090909091e-01, 2.159090909090909e-01, 2.056780609458341e-02
3.068181818181818e-01, 2.159090909090909e-01, 1.988306196744371e-02
3.295454545454545e-01, 2.159090909090909e-01, 1.898277253382754e-02
3.522727272727273e-01, 2.159090909090909e-01, 1.785849468660131e-02
3.750000000000000e-01, 2.159090909090909e-01, 1.656591375813431e-02
3.977272727272727e-01, 2.159090909090909e-01, 1.509851286291025e-02
4.204545454545455e-01, 2.159090909090909e-01, 1.350559678935576e-02
4.431818181818182e-01, 2.159090909090909e-01, 1.179619798820885e-02
4.659090909090909e-01, 2.159090909090909e-01, 9.999055942816379e-03
4.886363636363636e-01, 2.159090909090909e-01, 8.138819346173885e-03
5.113636363636364e-01, 2.159090909090909e-01, 6.233542973827203e-03
5.340909090909091e-01, 2.159090909090909e-01, 4.314378234968237e-03
5.568181818181818e-01, 2.159090909090909e-01, 2.397323797240163e-03
5.795454545454546e-01, 2.159090909090909e-01, 5.112111550983552e-04
6.022727272727273e-01, 2.159090909090909e-01, -1.321325715841828e-03
6.250000000000000e-01, 2.159090909090909e-01, -3.083124307270858e-03
6.477272727272727e-01, 2.159090909090909e-01, -4.734169413499113e-03
6.704545454545454e-01, 2.159090909090909e-01, -6.273813324407409e-03
6.931818181818182e-01, 2.159090909090909e-01, -7.652480787239661e-03
7.159090909090909e-01, 2.159090909090909e-01, -8.874090943313829e-03
7.386363636363636e-01, 2.159090909090909e-01, -9.888179401351895e-03
7.613636363636364e-01, 2.159090909090909e-01, -1.069456841667575e-02
7.840909090909091e-01, 2.159090909090909e-01, -1.125482351821906e-02
8.068181818181818e-01, 2.159090909090909e-01, -1.155030424366466e-02
8.295454545454546e-01, 2.159090909090909e-01, -1.155371759612380e-02
8.522727272727273e-01, 2.159090909090909e-01, -1.124802027991697e-02
8.750000000000000e-01, 2.159090909090909e-01, -1.058863234810046e-02
8.977272727272727e-01, 2.159090909090909e-01, -9.589665947988487e-03
9.204545454545454e-01, 2.159090909090909e-01, -8.221366283086161e-03
9.431818181818182e-01, 2.159090909090909e-01, -6.413206625627084e-03
9.659090909090909e-01, 2.159090909090909e-01, -4.179817068368076e-03
9.886363636363636e-01, 2.159090909090909e-01, -1.503601649133793e-03
1.136363636363636e-02, 2.386363636363636e-01, 2.276021671902325e-03
3.409090909090909e-02, 2.386363636363636e-01, 6.388545646599252e-03
5.681818181818182e-02, 2.386363636363636e-01, 9.963328480641765e-03
7.954545454545454e-02, 2.386363636363636e-01, 1.302080090605617e-02
1.022727272727273e-01, 2.386363636363636e-01, 1.553687919949513e-02
1.250000000000000e-01, 2.386363636363636e-01, 1.758742179480170e-02
1.477272727272727e-01, 2.386363636363636e-01, 1.919488833165801e-02
1.704545454545454e-01, 2.386363636363636e-01, 2.035270601295400e-02
1.931818181818182e-01, 2.386363636363636e-01, 2.111545651932332e-02
2.159090909090909e-01, 2.386363636363636e-01, 2.151075842992773e-02
2.386363636363636e-01, 2.386363636363636e-01, 2.153590679186733e-02
2.613636363636364e-01, 2.386363636363636e-01, 2.125567662887474e-02
2.840909090909091e-01, 2.386363636363636e-01, 2.069179094682005e-02
3.068181818181818e-01, 2.386363636363636e-01, 1.982272689937715e-02
3.295454545454545e-01, 2.386363636363636e-01, 1.873280270188044e-02
3.522727272727273e-01, 2.386363636363636e-01, 1.740937680208541e-02
3.750000000000000e-01, 2.386363636363636e-01, 1.590091632113885e-02
3.977272727272727e-01, 2.386363636363636e-01, 1.422614534238035e-02
4.204545454545455e-01, 2.386363636363636e-01, 1.240557407994504e-02
4.431818181818182e-01, 2.386363636363636e-01, 1.048503672777827e-02
4.659090909090909e-01, 2.386363636363636e-01, 8.454635378005768e-03
4.886363636363636e-01, 2.386363636363636e-01, 6.393276928889391e-03
5.113636363636364e-01, 2.386363636363636e-01, 4.265618647587250e-03
5.340909090909091e-01, 2.386363636363636e-01, 2.159102393979645e-03
5.568181818181818e-01, 2.386363636363636e-01, 4.175896260440863e-05
5.795454545454546e-01, 2.386363636363636e-01, -2.013233306449310e-03
6.022727272727273e-01, 2.386363636363636e-01, -4.008323552828943e-03
6.250000000000000e-01, 2.386363636363636e-01, -5.905383948823591e-03
6.477272727272727e-01, 2.386363636363636e-01, -7.676434268325300e-03
6.704545454545454e-01, 2.386363636363636e-01, -9.306453821205596e-03
6.931818181818182e-01, 2.386363636363636e-01, -1.075242752391680e-02
7.159090909090909e-01, 2.386363636363636e-01, -1.200693739939493e-02
7.386363636363636e-01, 2.386363636363636e-01, -1.302688161624729e-02
7.613636363636364e-01, 2.386363636363636e-01, -1.379445125604509e-02
7.840909090909091e-01, 2.386363636363636e-01, -1.428300802066497e-02
8.068181818181818e-01, 2.386363636363636e-01, -1.445250432288963e-02
8.295454545454546e-01, 2.386363636363636e-01, -1.431269834701219e-02
8.522727272727273e-01, 2.386363636363636e-01, -1.382285382218832e-02
8.750000000000000e-01, 2.386363636363636e-01, -1.292417348072106e-02
8.977272727272727e-01, 2.386363636363636e-01, -1.163052552556228e-02
9.204545454545454e-01, 2.386363636363636e-01, -9.896295668794648e-03
9.431818181818182e-01, 2.386363636363636e-01, -7.663377850478889e-03
9.659090909090909e-01, 2.386363636363636e-01, -4.988672709114562e-03
9.886363636363636e-01, 2.386363636363636e-01, -1.801804497678484e-03
1.136363636363636e-02, 2.613636363636364e-01, 2.370557906500221e-03
3.409090909090909e-02, 2.613636363636364e-01, 6.660504845905050e-03
5.681818181818182e-02, 2.613636363636364e-01, 1.036556324390538e-02
7.954545454545454e-02, 2.613636363636364e-01, 1.350467674966683e-02
1.022727272727273e-01, 2.613636363636364e-01, 1.606393527493931e-02
1.250000000000000e-01, 2.613636363636364e-01, 1.812218861080834e-02
1.477272727272727e-01, 2.613636363636364e-01, 1.970678038384979e-02
1.704545454545454e-01, 2.613636363636364e-01, 2.080759667888183e-02
1.931818181818182e-01, 2.613636363636364e-01, 2.148997970436179e-02
2.159090909090909e-01, 2.613636363636364e-01, 2.179012946688131e-02
2.386363636363636e-01, 2.613636363636364e-01, 2.168557349038624e-02
2.613636363636364e-01, 2.613636363636364e-01, 2.124789921349202e-02
2.840909090909091e-01, 2.613636363636364e-01, 2.049534017918756e-02
3.068181818181818e-01, 2.613636363636364e-01, 1.946351226365628e-02
3.295454545454545e-01, 2.613636363636364e-01, 1.816154479896160e-02
3.522727272727273e-01, 2.613636363636364e-01, 1.664529496729741e-02
3.750000000000000e-01, 2.613636363636364e-01, 1.491525940361848e-02
3.977272727272727e-01, 2.613636363636364e-01, 1.302899443131803e-02
4.204545454545455e-01, 2.613636363636364e-01, 1.098213373867767e-02
4.431818181818182e-01, 2.613636363636364e-01, 8.844328427925624e-03
4.659090909090909e-01, 2.613636363636364e-01, 6.592672478297047e-03
4.886363636363636e-01, 2.613636363636364e-01, 4.312618361389668e-03
5.113636363636364e-01, 2.613636363636364e-01, 1.977850651119339e-03
5.340909090909091e-01, 2.613636363636364e-01, -3.296529468172543e-04
5.568181818181818e-01, 2.613636363636364e-01, -2.630130740928756e-03
5.795454545454546e-01, 2.613636363636364e-01, -4.850027374801375e-03
6.022727272727273e-01, 2.613636363636364e-01, -6.996973828820007e-03
6.250000000000000e-01, 2.613636363636364e-01, -9.018649446773970e-03
6.477272727272727e-01, 2.613636363636364e-01, -1.090193933875748e-02
6.704545454545454e-01, 2.613636363636364e-01, -1.260686882039333e-02
6.931818181818182e-01, 2.613636363636364e-01, -1.411280770229969e-02
7.159090909090909e-01, 2.613636363636364e-01, -1.537857896002281e-02
7.386363636363636e-01, 2.613636363636364e-01, -1.639174941052634e-02
7.613636363636364e-01, 2.613636363636364e-01, -1.710929970427419e-02
7.840909090909091e-01, 2.613636363636364e-01, -1.751746978467669e-02
8.068181818181818e-01, 2.613636363636364e-01, -1.757052102236163e-02
8.295454545454546e-01, 2.613636363636364e-01, -1.725524296021374e-02
8.522727272727273e-01, 2.613636363636364e-01, -1.653562213454815e-02
8.750000000000000e-01, 2.613636363636364e-01, -1.535202750721035e-02
8.977272727272727e-01, 2.613636363636364e-01, -1.374044637272594e-02
9.204545454545454e-01, 2.613636363636364e-01, -1.166039161236877e-02
9.431818181818182e-01, 2.613636363636364e-01, -9.022278329717460e-03
9.659090909090909e-01, 2.613636363636364e-01, -5.845029530890809e-03
9.886363636363636e-01, 2.613636363636364e-01, -2.081839944122396e-03
1.136363636363636e-02, 2.840909090909091e-01, 2.458461793622231e-03
3.409090909090909e-02, 2.840909090909091e-01, 6.880635410215285e-03
5.681818181818182e-02, 2.840909090909091e-01, 1.067452550108447e-02
7.954545454545454e-02, 2.840909090909091e-01, 1.387360864819123e-02
1.022727272727273e-01, 2.840909090909091e-01, 1.645150069396912e-02
1.250000000000000e-01, 2.840909090909091e-01, 1.849837152740751e-02
1.477272727272727e-01, 2.840909090909091e-01, 2.004300797497299e-02
1.704545454545454e-01, 2.840909090909091e-01, 2.107472922805481e-02
1.931818181818182e-01, 2.840909090909091e-01, 2.164981555155811e-02
2.159090909090909e-01, 2.840909090909091e-01, 2.181505106077447e-02
2.386363636363636e-01, 2.840909090909091e-01, 2.156870817659017e-02
2.613636363636364e-01, 2.840909090909091e-01, 2.097469994213248e-02
2.840909090909091e-01, 2.840909090909091e-01, 2.005530712045966e-02
3.068181818181818e-01, 2.840909090909091e-01, 1.881127856336966e-02
3.295454545454545e-01, 2.840909090909091e-01, 1.732051667447293e-02
3.522727272727273e-01, 2.840909090909091e-01, 1.559060392243556e-02
3.750000000000000e-01, 2.840909090909091e-01, 1.363787154131184e-02
3.977272727272727e-01, 2.840909090909091e-01, 1.152831953982641e-02
4.204545454545455e-01, 2.840909090909091e-01, 9.261891569756330e-03
4.431818181818182e-01, 2.840909090909091e-01, 6.890566538988551e-03
4.659090909090909e-01, 2.840909090909091e-01, 4.434771403599341e-03
4.886363636363636e-01, 2.840909090909091e-01, 1.930216905392210e-03
5.113636363636364e-01, 2.840909090909091e-01, -5.922808384905627e-04
5.340909090909091e-01, 2.840909090909091e-01, -3.102494984047511e-03
5.568181818181818e-01, 2.840909090909091e-01, -5.569529108069509e-03
5.795454545454546e-01, 2.840909090909091e-01, -7.958051665746998e-03
6.022727272727273e-01, 2.840909090909091e-01, -1.024788330000800e-02
6.250000000000000e-01, 2.840909090909091e-01, -1.238695771603062e-02
6.477272727272727e-01, 2.840909090909091e-01, -1.437038673575220e-02
6.704545454545454e-01, 2.840909090909091e-01, -1.614349062004515e-02
6.931818181818182e-01, 2.840909090909091e-01, -1.768922916208908e-02
7.159090909090909e-01, 2.840909090909091e-01, -1.896838806145038e-02
7.386363636363636e-01, 2.840909090909091e-01, -1.995253813903116e-02
7.613636363636364e-01, 2.840909090909091e-01, -2.061921364657105e-02
7.840909090909091e-01, 2.840909090909091e-01, -2.092034285556842e-02
8.068181818181818e-01, 2.840909090909091e-01, -2.081683041492220e-02
8.295454545454546e-01, 2.840909090909091e-01, -2.031370477775403e-02
8.522727272727273e-01, 2.840909090909091e-01, -1.937647873870806e-02
8.750000000000000e-01, 2.840909090909091e-01, -1.793003125364372e-02
8.977272727272727e-01, 2.840909090909091e-01, -1.597773432356576e-02
9.204545454545454e-01, 2.840909090909091e-01, -1.348797742911267e-02
9.431818181818182e-01, 2.840909090909091e-01, -1.037440559866186e-02
9.659090909090909e-01, 2.840909090909091e-01, -6.699317372234941e-03
9.886363636363636e-01, 2.840909090909091e-01, -2.403438908723885e-03
1.136363636363636e-02, 3.068181818181818e-01, 2.521613890624887e-03
3.409090909090909e-02, 3.068181818181818e-01, 7.049375382076289e-03
5.681818181818182e-02, 3.068181818181818e-01, 1.091332880767872e-02
7.954545454545454e-02, 3.068181818181818e-01, 1.414511680539925e-02
1.022727272727273e-01, 3.068181818181818e-01, 1.671631654239463e-02
1.250000000000000e-01, 3.068181818181818e-01, 1.872297561007338e-02
1.477272727272727e-01, 3.068181818181818e-01, 2.019854273089711e-02
1.704545454545454e-01, 3.068181818181818e-01, 2.113317663968434e-02
1.931818181818182e-01, 3.068181818181818e-01, 2.159859191367463e-02
2.159090909090909e-01, 3.068181818181818e-01, 2.163352437925020e-02
2.386363636363636e-01, 3.068181818181818e-01, 2.123561207324087e-02
2.613636363636364e-01, 3.068181818181818e-01, 2.045212773423006e-02
2.840909090909091e-01, 3.068181818181818e-01, 1.933402323553636e-02
3.068181818181818e-01, 3.068181818181818e-01, 1.790432533084442e-02
3.295454545454545e-01, 3.068181818181818e-01, 1.618687972037075e-02
3.522727272727273e-01, 3.068181818181818e-01, 1.424451652710234e-02
3.750000000000000e-01, 3.068181818181818e-01, 1.207896169037088e-02
3.977272727272727e-01, 3.068181818181818e-01, 9.733019922744128e-03
4.204545454545455e-01, 3.068181818181818e-01, 7.254512767841973e-03
4.431818181818182e-01, 3.068181818181818e-01, 4.649888515900934e-03
4.659090909090909e-01, 3.068181818181818e-01, 1.991946769628945e-03
4.886363636363636e-01, 3.068181818181818e-01, -7.331086732614496e-04
5.113636363636364e-01, 3.068181818181818e-01, -3.440072443948572e-03
5.340909090909091e-01, 3.068181818181818e-01, -6.146438375926786e-03
5.568181818181818e-01, 3.068181818181818e-01, -8.773945970509412e-03
5.795454545454546e-01, 3.068181818181818e-01, -1.132277727215271e-02
6.022727272727273e-01, 3.068181818181818e-01, -1.373912998398360e-02
6.250000000000000e-01, 3.068181818181818e-01, -1.599226277842765e-02
6.477272727272727e-01, 3.068181818181818e-01, -1.806315187626520e-02
6.704545454545454e-01, 3.068181818181818e-01, -1.989479771166076e-02
6.931818181818182e-01, 3.068181818181818e-01, -2.145678608780825e-02
7.159090909090909e-01, 3.068181818181818e-01, -2.273221092700229e-02
7.386363636363636e-01, 3.068181818181818e-01, -2.367307966748514e-02
7.613636363636364e-01, 3.068181818181818e-01, -2.425900744372275e-02
7.840909090909091e-01, 3.068181818181818e-01, -2.445657949982417e-02
8.068181818181818e-01, 3.068181818181818e-01, -2.420640755697774e-02
8.295454545454546e-01, 3.068181818181818e-01, -2.350056901317353e-02
8.522727272727273e-01, 3.068181818181818e-01, -2.230210125301399e-02
8.750000000000000e-01, 3.068181818181818e-01, -2.053650375493181e-02
8.977272727272727e-01, 3.068181818181818e-01, -1.822968456871724e-02
9.204545454545454e-01, 3.068181818181818e-01, -1.536465110804213e-02
9.431818181818182e-01, 3.068181818181818e-01, -1.182145430798121e-02
9.659090909090909e-01, 3.068181818181818e-01, -7.623939847096218e-03
9.886363636363636e-01, 3.068181818181818e-01, -2.709906667332656e-03
1.136363636363636e-02, 3.295454545454545e-01, 2.575027317659362e-03
3.409090909090909e-02, 3.295454545454545e-01, 7.177239531798014e-03
5.681818181818182e-02, 3.295454545454545e-01, 1.107469172462962e-02
7.954545454545454e-02, 3.295454545454545e-01, 1.430902388570707e-02
1.022727272727273e-01, 3.295454545454545e-01, 1.685201703848219e-02
1.250000000000000e-01, 3.295454545454545e-01, 1.880613472333410e-02
1.477272727272727e-01, 3.295454545454545e-01, 2.020522643404833e-02
1.704545454545454e-01, 3.295454545454545e-01, 2.103069312509582e-02
1.931818181818182e-01, 3.295454545454545e-01, 2.136011331026568e-02
2.159090909090909e-01, 3.295454545454545e-01, 2.123809150017608e-02
2.386363636363636e-01, 3.295454545454545e-01, 2.067041020160590e-02
2.613636363636364e-01, 3.295454545454545e-01, 1.971386471185379e-02
2.840909090909091e-01, 3.295454545454545e-01, 1.841189235305839e-02
3.068181818181818e-01, 3.295454545454545e-01, 1.677385870309480e-02
3.295454545454545e-01, 3.295454545454545e-01, 1.484317726854080e-02
3.522727272727273e-01, 3.295454545454545e-01, 1.266680446423729e-02
3.750000000000000e-01, 3.295454545454545e-01, 1.029832635930045e-02
3.977272727272727e-01, 3.295454545454545e-01, 7.716405579444639e-03
4.204545454545455e-01, 3.295454545454545e-01, 5.022691954453665e-03
4.431818181818182e-01, 3.295454545454545e-01, 2.197160889793761e-03
4.659090909090909e-01, 3.295454545454545e-01, -6.701335682820305e-04
4.886363636363636e-01, 3.295454545454545e-01, -3.601224852924145e-03
5.113636363636364e-01, 3.295454545454545e-01, -6.501418218109760e-03
5.340909090909091e-01, 3.295454545454545e-01, -9.388975582867134e-03
5.568181818181818e-01, 3.295454545454545e-01, -1.217529766239948e-02
5.795454545454546e-01, 3.295454545454545e-01, -1.487175380791049e-02
6.022727272727273e-01, 3.295454545454545e-01, -1.740042711445776e-02
6.250000000000000e-01, 3.295454545454545e-01, -1.976007642977345e-02
6.477272727272727e-01, 3.295454545454545e-01, -2.189204970046763e-02
6.704545454545454e-01, 3.295454545454545e-01, -2.377573316582477e-02
6.931818181818182e-01, 3.295454545454545e-01, -2.535686266648312e-02
7.159090909090909e-01, 3.295454545454545e-01, -2.662869466862214e-02
7.386363636363636e-01, 3.295454545454545e-01, -2.751612073829241e-02
7.613636363636364e-01, 3.295454545454545e-01, -2.802001969705281e-02
7.840909090909091e-01, 3.295454545454545e-01, -2.808444023802372e-02
8.068181818181818e-01, 3.295454545454545e-01, -2.765383626681325e-02
8.295454545454546e-01, 3.295454545454545e-01, -2.673167354771254e-02
8.522727272727273e-01, 3.295454545454545e-01, -2.529231296269450e-02
8.750000000000000e-01, 3.295454545454545e-01, -2.323757758929076e-02
8.977272727272727e-01, 3.295454545454545e-01, -2.057051537572782e-02
9.204545454545454e-01, 3.295454545454545e-01, -1.727029176642864e-02
9.431818181818182e-01, 3.295454545454545e-01, -1.322754164734421e-02
9.659090909090909e-01, 3.295454545454545e-01, -8.489093535053435e-03
9.886363636363636e-01, 3.295454545454545e-01, -3.030750717514680e-03
1.136363636363636e-02, 3.522727272727273e-01, 2.609120308426487e-03
3.409090909090909e-02, 3.522727272727273e-01, 7.255262421303639e-03
5.681818181818182e-02, 3.522727272727273e-01, 1.116889757834865e-02
7.954545454545454e-02, 3.522727272727273e-01, 1.438834695273265e-02
1.022727272727273e-01, 3.522727272727273e-01, 1.687938840444906e-02
1.250000000000000e-01, 3.522727272727273e-01, 1.875407783383427e-02
1.477272727272727e-01, 3.522727272727273e-01, 2.004885868772225e-02
1.704545454545454e-01, 3.522727272727273e-01, 2.075312094670007e-02
1.931818181818182e-01, 3.522727272727273e-01, 2.094699614946928e-02
2.159090909090909e-01, 3.522727272727273e-01, 2.067339977146031e-02
2.386363636363636e-01, 3.522727272727273e-01, 1.992487012397437e-02
2.613636363636364e-01, 3.522727272727273e-01, 1.877287204255623e-02
2.840909090909091e-01, 3.522727272727273e-01, 1.726391122562958e-02
3.068181818181818e-01, 3.522727272727273e-01, 1.542036493837770e-02
3.295454545454545e-01, 3.522727272727273e-01, 1.328155869988844e-02
3.522727272727273e-01, 3.522727272727273e-01, 1.089557995667832e-02
3.750000000000000e-01, 3.522727272727273e-01, 8.290002465688940e-03
3.977272727272727e-01, 3.522727272727273e-01, 5.504008591583319e-03
4.204545454545455e-01, 3.522727272727273e-01, 2.582680949015599e-03
4.431818181818182e-01, 3.522727272727273e-01, -4.443706932228143e-04
4.659090909090909e-01, 3.522727272727273e-01, -3.529960717629305e-03
4.886363636363636e-01, 3.522727272727273e-01, -6.641514033145028e-03
5.113636363636364e-01, 3.522727272727273e-01, -9.736593877857943e-03
5.340909090909091e-01, 3.522727272727273e-01, -1.278117635505270e-02
5.568181818181818e-01, 3.522727272727273e-01, -1.573094819967936e-02
5.795454545454546e-01, 3.522727272727273e-01, -1.855402242319622e-02
6.022727272727273e-01, 3.522727272727273e-01, -2.120842017916946e-02
6.250000000000000e-01, 3.522727272727273e-01, -2.365745565114395e-02
6.477272727272727e-01, 3.522727272727273e-01, -2.585118920395813e-02
6.704545454545454e-01, 3.522727272727273e-01, -2.777818866820661e-02
6.931818181818182e-01, 3.522727272727273e-01, -2.936256099312031e-02
7.159090909090909e-01, 3.522727272727273e-01, -3.061291698523685e-02
7.386363636363636e-01, 3.522727272727273e-01, -3.143262979390597e-02
7.613636363636364e-01, 3.522727272727273e-01, -3.183437619331898e-02
7.840909090909091e-01, 3.522727272727273e-01, -3.177201490186732e-02
8.068181818181818e-01, 3.522727272727273e-01, -3.117014696384301e-02
8.295454545454546e-01, 3.522727272727273e-01, -3.002956527693045e-02
8.522727272727273e-01, 3.522727272727273e-01, -2.830852889313820e-02
8.750000000000000e-01, 3.522727272727273e-01, -2.591953911611917e-02
8.977272727272727e-01, 3.522727272727273e-01, -2.288417181503348e-02
9.204545454545454e-01, 3.522727272727273e-01, -1.918772896136184e-02
9.431818181818182e-01, 3.522727272727273e-01, -1.470141365286137e-02
9.659090909090909e-01, 3.522727272727273e-01, -9.439227462627865e-03
9.886363636363636e-01, 3.522727272727273e-01, -3.363739504067283e-03
1.136363636363636e-02, 3.750000000000000e-01, 2.630823568669935e-03
3.409090909090909e-02, 3.750000000000000e-01, 7.295094567391885e-03
5.681818181818182e-02, 3.750000000000000e-01, 1.119342292320530e-02
7.954545454545454e-02, 3.750000000000000e-01, 1.436987365699175e-02
1.022727272727273e-01, 3.750000000000000e-01, 1.679550985107581e-02
1.250000000000000e-01, 3.750000000000000e-01, 1.858332541570540e-02
1.477272727272727e-01, 3.750000000000000e-01, 1.976771035326493e-02
1.704545454545454e-01, 3.750000000000000e-01, 2.033091230382120e-02
1.931818181818182e-01, 3.750000000000000e-01, 2.036755181194149e-02
2.159090909090909e-01, 3.750000000000000e-01, 1.992111946475962e-02
2.386363636363636e-01, 3.750000000000000e-01, 1.899783116328584e-02
2.613636363636364e-01, 3.750000000000000e-01, 1.766086810142509e-02
2.840909090909091e-01, 3.750000000000000e-01, 1.595768401154737e-02
3.068181818181818e-01, 3.750000000000000e-01, 1.389180204154228e-02
3.295454545454545e-01, 3.750000000000000e-01, 1.153185364041730e-02
3.522727272727273e-01, 3.750000000000000e-01, 8.926544000720819e-03
3.750000000000000e-01, 3.750000000000000e-01, 6.108244818013902e-03
3.977272727272727e-01, 3.750000000000000e-01, 3.110258583741883e-03
4.204545454545455e-01, 3.750000000000000e-01, -3.318770192288078e-05
4.431818181818182e-01, 3.750000000000000e-01, -3.254519702276301e-03
4.659090909090909e-01, 3.750000000000000e-01, -6.550071486497237e-03
4.886363636363636e-01, 3.750000000000000e-01, -9.835204321741895e-03
5.113636363636364e-01, 3.750000000000000e-01, -1.311560279653335e-02
5.340909090909091e-01, 3.750000000000000e-01, -1.630976439808186e-02
5.568181818181818e-01, 3.750000000000000e-01, -1.941271323448793e-02
5.795454545454546e-01, 3.750000000000000e-01, -2.235205848002691e-02
6.022727272727273e-01, 3.750000000000000e-01, -2.511244241244576e-02
6.250000000000000e-01, 3.750000000000000e-01, -2.763119148702646e-02
6.477272727272727e-01, 3.750000000000000e-01, -2.988711774760524e-02
6.704545454545454e-01, 3.750000000000000e-01, -3.183183485973272e-02
6.931818181818182e-01, 3.750000000000000e-01, -3.342086039171641e-02
7.159090909090909e-01, 3.750000000000000e-01, -3.463496682562370e-02
7.386363636363636e-01, 3.750000000000000e-01, -3.538760701013929e-02
7.613636363636364e-01, 3.750000000000000e-01, -3.568645447749036e-02
7.840909090909091e-01, 3.750000000000000e-01, -3.547380115442686e-02
8.068181818181818e-01, 3.750000000000000e-01, -3.468076406998948e-02
8.295454545454546e-01, 3.750000000000000e-01, -3.331231262923386e-02
8.522727272727273e-01, 3.750000000000000e-01, -3.133149578052045e-02
8.750000000000000e-01, 3.750000000000000e-01, -2.862927421744182e-02
8.977272727272727e-01, 3.750000000000000e-01, -2.522869683827683e-02
9.204545454545454e-01, 3.750000000000000e-01, -2.109617459630430e-02
9.431818181818182e-01, 3.750000000000000e-01, -1.610679184368441e-02
9.659090909090909e-01, 3.750000000000000e-01, -1.029258625376329e-02
9.886363636363636e-01, 3.750000000000000e-01, -3.660990633631926e-03
1.136363636363636e-02, 3.977272727272727e-01, 2.638372901503510e-03
3.409090909090909e-02, 3.977272727272727e-01, 7.295309962715642e-03
5.681818181818182e-02, 3.977272727272727e-01, 1.116126887939152e-02
7.954545454545454e-02, 3.977272727272727e-01, 1.427572659517173e-02
1.022727272727273e-01, 3.977272727272727e-01, 1.661117073691950e-02
1.250000000000000e-01, 3.977272727272727e-01, 1.828813166132657e-02
1.477272727272727e-01, 3.977272727272727e-01, 1.934532909558014e-02
1.704545454545454e-01, 3.977272727272727e-01, 1.977165370412831e-02
1.931818181818182e-01, 3.977272727272727e-01, 1.965486505222779e-02
2.159090909090909e-01, 3.977272727272727e-01, 1.903509175610105e-02
2.386363636363636e-01, 3.977272727272727e-01, 1.791527008612879e-02
2.613636363636364e-01, 3.977272727272727e-01, 1.637854299575630e-02
2.840909090909091e-01, 3.977272727272727e-01, 1.446910370558314e-02
3.068181818181818e-01, 3.977272727272727e-01, 1.220946429393578e-02
3.295454545454545e-01, 3.977272727272727e-01, 9.648786554290707e-03
3.522727272727273e-01, 3.977272727272727e-01, 6.834058035279038e-03
3.750000000000000e-01, 3.977272727272727e-01, 3.791917502270300e-03
3.977272727272727e-01, 3.977272727272727e-01, 5.842872970897303e-04
4.204545454545455e-01, 3.977272727272727e-01, -2.764450184859768e-03
4.431818181818182e-01, 3.977272727272727e-01, -6.180407451546016e-03
4.659090909090909e-01, 3.977272727272727e-01, -9.666091850635002e-03
4.886363636363636e-01, 3.977272727272727e-01, -1.313116737456957e-02
5.113636363636364e-01, 3.977272727272727e-01, -1.657943701301374e-02
5.340909090909091e-01, 3.977272727272727e-01, -1.992130672157117e-02
5.568181818181818e-01, 3.977272727272727e-01, -2.315945562599228e-02
5.795454545454546e-01, 3.977272727272727e-01, -2.621310829020169e-02
6.022727272727273e-01, 3.977272727272727e-01, -2.906118756176989e-02
6.250000000000000e-01, 3.977272727272727e-01, -3.164559267280372e-02
6.477272727272727e-01, 3.977272727272727e-01, -3.395948748330974e-02
6.704545454545454e-01, 3.977272727272727e-01, -3.590786167298467e-02
6.931818181818182e-01, 3.977272727272727e-01, -3.748997398830641e-02
7.159090909090909e-01, 3.977272727272727e-01, -3.865691470623963e-02
7.386363636363636e-01, 3.977272727272727e-01, -3.933323178396535e-02
7.613636363636364e-01, 3.977272727272727e-01, -3.952064729713813e-02
7.840909090909091e-01, 3.977272727272727e-01, -3.916295433305734e-02
8.068181818181818e-01, 3.977272727272727e-01, -3.817939911699741e-02
8.295454545454546e-01, 3.977272727272727e-01, -3.658080029147108e-02
8.522727272727273e-01, 3.977272727272727e-01, -3.431706487539049e-02
8.750000000000000e-01, 3.977272727272727e-01, -3.128988676134414e-02
8.977272727272727e-01, 3.977272727272727e-01, -2.752386240143547e-02
9.204545454545454e-01, 3.977272727272727e-01, -2.298264858411085e-02
9.431818181818182e-01, 3.977272727272727e-01, -1.753350732988395e-02
9.659090909090909e-01, 3.977272727272727e-01, -1.122051661702587e-02
9.886363636363636e-01, 3.977272727272727e-01, -3.985673373763436e-03
1.136363636363636e-02, 4.204545454545455e-01, 2.631131325310187e-03
3.409090909090909e-02, 4.204545454545455e-01, 7.253173637809452e-03
5.681818181818182e-02, 4.204545454545455e-01, 1.106013487941166e-02
7.954545454545454e-02, 4.204545454545455e-01, 1.409903066799611e-02
1.022727272727273e-01, 4.204545454545455e-01, 1.633873967512360e-02
1.250000000000000e-01, 4.204545454545455e-01, 1.790153220658578e-02
1.477272727272727e-01, 4.204545454545455e-01, 1.881713523463764e-02
1.704545454545454e-01, 4.204545454545455e-01, 1.908143276767380e-02
1.931818181818182e-01, 4.204545454545455e-01, 1.879365238132495e-02
2.159090909090909e-01, 4.204545454545455e-01, 1.799983211934515e-02
2.386363636363636e-01, 4.204545454545455e-01, 1.670606319140534e-02
2.613636363636364e-01, 4.204545454545455e-01, 1.498101164898403e-02
2.840909090909091e-01, 4.204545454545455e-01, 1.286734648758727e-02
3.068181818181818e-01, 4.204545454545455e-01, 1.039014344674013e-02
3.295454545454545e-01, 4.204545454545455e-01, 7.614619215252657e-03
3.522727272727273e-01, 4.204545454545455e-01, 4.596874624278539e-03
3.750000000000000e-01, 4.204545454545455e-01, 1.357576290233872e-03
3.977272727272727e-01, 4.204545454545455e-01, -2.050051953529096e-03
4.204545454545455e-01, 4.204545454545455e-01, -5.581038723519980e-03
4.431818181818182e-01, 4.204545454545455e-01, -9.202426531772263e-03
4.659090909090909e-01, 4.204545454545455e-01, -1.285129707006101e-02
4.886363636363636e-01, 4.204545454545455e-01, -1.649494420214028e-02
5.113636363636364e-01, 4.204545454545455e-01, -2.008490521934641e-02
5.340909090909091e-01, 4.204545454545455e-01, -2.357414089004048e-02
5.568181818181818e-01, 4.204545454545455e-01, -2.692559590166265e-02
5.795454545454546e-01, 4.204545454545455e-01, -3.008765919276864e-02
6.022727272727273e-01, 4.204545454545455e-01, -3.301198577584849e-02
6.250000000000000e-01, 4.204545454545455e-01, -3.566628296990136e-02
6.477272727272727e-01, 4.204545454545455e-01, -3.801132253449106e-02
6.704545454545454e-01, 4.204545454545455e-01, -3.996568304930490e-02
6.931818181818182e-01, 4.204545454545455e-01, -4.153169796533455e-02
7.159090909090909e-01, 4.204545454545455e-01, -4.264255449846899e-02
7.386363636363636e-01, 4.204545454545455e-01, -4.323383420661259e-02
7.613636363636364e-01, 4.204545454545455e-01, -4.330182161165780e-02
7.840909090909091e-01, 4.204545454545455e-01, -4.278756406618282e-02
8.068181818181818e-01, 4.204545454545455e-01, -4.161445541721111e-02
8.295454545454546e-01, 4.204545454545455e-01, -3.978842774933507e-02
8.522727272727273e-01, 4.204545454545455e-01, -3.724996201124380e-02
8.750000000000000e-01, 4.204545454545455e-01, -3.390225581395918e-02
8.977272727272727e-01, 4.204545454545455e-01, -2.977283561562965e-02
9.204545454545454e-01, 4.204545454545455e-01, -2.481931076132700e-02
9.431818181818182e-01, 4.204545454545455e-01, -1.890261939589890e-02
9.659090909090909e-01, 4.204545454545455e-01, -1.206012484749572e-02
9.886363636363636e-01, 4.204545454545455e-01, -4.270344374666192e-03
1.136363636363636e-02, 4.431818181818182e-01, 2.612368637926703e-03
3.409090909090909e-02, 4.431818181818182e-01, 7.183217759156603e-03
5.681818181818182e-02, 4.431818181818182e-01, 1.091444545081353e-02
7.954545454545454e-02, 4.431818181818182e-01, 1.385329346819013e-02
1.022727272727273e-01, 4.431818181818182e-01, 1.597094282395646e-02
1.250000000000000e-01, 4.431818181818182e-01, 1.739764482757556e-02
1.477272727272727e-01, 4.431818181818182e-01, 1.817580572604410e-02
1.704545454545454e-01, 4.431818181818182e-01, 1.829262826185695e-02
1.931818181818182e-01, 4.431818181818182e-01, 1.784215801977585e-02
2.159090909090909e-01, 4.431818181818182e-01, 1.685989987518586e-02
2.386363636363636e-01, 4.431818181818182e-01, 1.536826353482150e-02
2.613636363636364e-01, 4.431818181818182e-01, 1.344273245045132e-02
2.840909090909091e-01, 4.431818181818182e-01, 1.114020358524820e-02
3.068181818181818e-01, 4.431818181818182e-01, 8.478253064525310e-03
3.295454545454545e-01, 4.431818181818182e-01, 5.512450058971420e-03
3.522727272727273e-01, 4.431818181818182e-01, 2.286902778376868e-03
3.750000000000000e-01, 4.431818181818182e-01, -1.159658300097059e-03
3.977272727272727e-01, 4.431818181818182e-01, -4.760247594388957e-03
4.204545454545455e-01, 4.431818181818182e-01, -8.472090460424492e-03
4.431818181818182e-01, 4.431818181818182e-01, -1.226049761599510e-02
4.659090909090909e-01, 4.431818181818182e-01, -1.607782789512788e-02
4.886363636363636e-01, 4.431818181818182e-01, -1.988280929703363e-02
5.113636363636364e-01, 4.431818181818182e-01, -2.360675168915765e-02
5.340909090909091e-01, 4.431818181818182e-01, -2.722820032944421e-02
5.568181818181818e-01, 4.431818181818182e-01, -3.068364223795625e-02
5.795454545454546e-01, 4.431818181818182e-01, -3.393587975861421e-02
6.022727272727273e-01, 4.431818181818182e-01, -3.693332337636057e-02
6.250000000000000e-01, 4.431818181818182e-01, -3.963230935590038e-02
6.477272727272727e-01, 4.431818181818182e-01, -4.200047341447381e-02
6.704545454545454e-01, 4.431818181818182e-01, -4.395531956518321e-02
6.931818181818182e-01, 4.431818181818182e-01, -4.548892856827528e-02
7.159090909090909e-01, 4.431818181818182e-01, -4.654148228167797e-02
7.386363636363636e-01, 4.431818181818182e-01, -4.704803866578578e-02
7.613636363636364e-01, 4.431818181818182e-01, -4.700032840883372e-02
7.840909090909091e-01, 4.431818181818182e-01, -4.632528964008348e-02
8.068181818181818e-01, 4.431818181818182e-01, -4.495348777678603e-02
8.295454545454546e-01, 4.431818181818182e-01, -4.289367055146744e-02
8.522727272727273e-01, 4.431818181818182e-01, -4.009054227628212e-02
8.750000000000000e-01, 4.431818181818182e-01, -3.643657700217501e-02
8.977272727272727e-01, 4.431818181818182e-01, -3.195890084945991e-02
9.204545454545454e-01, 4.431818181818182e-01, -2.659942558768956e-02
9.431818181818182e-01, 4.431818181818182e-01, -2.023007807697900e-02
9.659090909090909e-01, 4.431818181818182e-01, -1.291304304210624e-02
9.886363636363636e-01, 4.431818181818182e-01, -4.574902908211611e-03
1.136363636363636e-02, 4.659090909090909e-01, 2.581169143586286e-03
3.409090909090909e-02, 4.659090909090909e-01, 7.070185228938697e-03
5.681818181818182e-02, 4.659090909090909e-01, 1.070451106926051e-02
7.954545454545454e-02, 4.659090909090909e-01, 1.353900817046250e-02
1.022727272727273e-01, 4.659090909090909e-01, 1.553866487890397e-02
1.250000000000000e-01, 4.659090909090909e-01, 1.682728015233229e-02
1.477272727272727e-01, 4.659090909090909e-01, 1.744538606932282e-02
1.704545454545454e-01, 4.659090909090909e-01, 1.738975954481714e-02
1.931818181818182e-01, 4.659090909090909e-01, 1.675944571607449e-02
2.159090909090909e-01, 4.659090909090909e-01, 1.561177211490464e-02
2.386363636363636e-01, 4.659090909090909e-01, 1.394926921711537e-02
2.613636363636364e-01, 4.659090909090909e-01, 1.184283481064925e-02
2.840909090909091e-01, 4.659090909090909e-01, 9.339156285726107e-03
3.068181818181818e-01, 4.659090909090909e-01, 6.474411258434313e-03
3.295454545454545e-01, 4.659090909090909e-01, 3.307026742254044e-03
3.522727272727273e-01, 4.659090909090909e-01, -9.542553627645478e-05
3.750000000000000e-01, 4.659090909090909e-01, -3.711093285722972e-03
3.977272727272727e-01, 4.659090909090909e-01, -7.488290178527479e-03
4.204545454545455e-01, 4.659090909090909e-01, -1.138272648393946e-02
4.431818181818182e-01, 4.659090909090909e-01, -1.534325361102213e-02
4.659090909090909e-01, 4.659090909090909e-01, -1.930680700863430e-02
4.886363636363636e-01, 4.659090909090909e-01, -2.324482871375129e-02
5.113636363636364e-01, 4.659090909090909e-01, -2.710060335183438e-02
5.340909090909091e-01, 4.659090909090909e-01, -3.083730088976713e-02
5.568181818181818e-01, 4.659090909090909e-01, -3.438457639458479e-02
5.795454545454546e-01, 4.659090909090909e-01, -3.771638876167868e-02
6.022727272727273e-01, 4.659090909090909e-01, -4.076915713851042e-02
6.250000000000000e-01, 4.659090909090909e-01, -4.351258683281268e-02
6.477272727272727e-01, 4.659090909090909e-01, -4.588895343934697e-02
6.704545454545454e-01, 4.659090909090909e-01, -4.783559469504967e-02
6.931818181818182e-01, 4.659090909090909e-01, -4.933783611094329e-02
7.159090909090909e-01, 4.659090909090909e-01, -5.032251392234399e-02
7.386363636363636e-01, 4.659090909090909e-01, -5.072932677613408e-02
7.613636363636364e-01, 4.659090909090909e-01, -5.055137217517019e-02
7.840909090909091e-01, 4.659090909090909e-01, -4.972658182641877e-02
8.068181818181818e-01, 4.659090909090909e-01, -4.817245178836373e-02
8.295454545454546e-01, 4.659090909090909e-01, -4.589524987317906e-02
8.522727272727273e-01, 4.659090909090909e-01, -4.281703265220934e-02
8.750000000000000e-01, 4.659090909090909e-01, -3.884737904671710e-02
8.977272727272727e-01, 4.659090909090909e-01, -3.402343582956121e-02
9.204545454545454e-01, 4.659090909090909e-01, -2.829294606092593e-02
9.431818181818182e-01, 4.659090909090909e-01, -2.150447995584998e-02
9.659090909090909e-01, 4.659090909090909e-01, -1.370024577565145e-02
9.886363636363636e-01, 4.659090909090909e-01, -4.835785277320812e-03
1.136363636363636e-02, 4.886363636363636e-01, 2.536904817767624e-03
3.409090909090909e-02, 4.886363636363636e-01, 6.934996110692248e-03
5.681818181818182e-02, 4.886363636363636e-01, 1.045959012321426e-02
7.954545454545454e-02, 4.886363636363636e-01, 1.316350019862952e-02
1.022727272727273e-01, 4.886363636363636e-01, 1.501765507341864e-02
1.250000000000000e-01, 4.886363636363636e-01, 1.615511023154967e-02
1.477272727272727e-01, 4.886363636363636e-01, 1.662818232147146e-02
1.704545454545454e-01, 4.886363636363636e-01, 1.641986041589619e-02
1.931818181818182e-01, 4.886363636363636e-01, 1.562128122553294e-02
2.159090909090909e-01, 4.886363636363636e-01, 1.428818431526487e-02
2.386363636363636e-01, 4.886363636363636e-01, 1.243576745593311e-02
2.613636363636364e-01, 4.886363636363636e-01, 1.013915134380891e-02
2.840909090909091e-01, 4.886363636363636e-01, 7.465808379804123e-03
3.068181818181818e-01, 4.886363636363636e-01, 4.432399885673389e-03
3.295454545454545e-01, 4.886363636363636e-01, 1.093304621422952e-03
3.522727272727273e-01, 4.886363636363636e-01, -2.496026889244548e-03
3.750000000000000e-01, 4.886363636363636e-01, -6.292878615175425e-03
3.977272727272727e-01, 4.886363636363636e-01, -1.024539745169536e-02
4.204545454545455e-01, 4.886363636363636e-01, -1.428554761257211e-02
4.431818181818182e-01, 4.886363636363636e-01, -1.838474937408405e-02
4.659090909090909e-01, 4.886363636363636e-01, -2.248762107799398e-02
4.886363636363636e-01, 4.886363636363636e-01, -2.655470860465920e-02
5.113636363636364e-01, 4.886363636363636e-01, -3.052680522597459e-02
5.340909090909091e-01, 4.886363636363636e-01, -3.435973840129396e-02
5.568181818181818e-01, 4.886363636363636e-01, -3.798662411555959e-02
5.795454545454546e-01, 4.886363636363636e-01, -4.138350542809811e-02
6.022727272727273e-01, 4.886363636363636e-01, -4.448339237069449e-02
6.250000000000000e-01, 4.886363636363636e-01, -4.724888338179151e-02
6.477272727272727e-01, 4.886363636363636e-01, -4.963040938670311e-02
6.704545454545454e-01, 4.886363636363636e-01, -5.155845265416081e-02
6.931818181818182e-01, 4.886363636363636e-01, -5.301235278248485e-02
7.159090909090909e-01, 4.886363636363636e-01, -5.393077640777186e-02
7.386363636363636e-01, 4.886363636363636e-01, -5.424951000574734e-02
7.613636363636364e-01, 4.886363636363636e-01, -5.395205466035521e-02
7.840909090909091e-01, 4.886363636363636e-01, -5.296358495561292e-02
8.068181818181818e-01, 4.886363636363636e-01, -5.121146155047344e-02
8.295454545454546e-01, 4.886363636363636e-01, -4.870742924696756e-02
8.522727272727273e-01, 4.886363636363636e-01, -4.539157298924150e-02
8.750000000000000e-01, 4.886363636363636e-01, -4.114871454679413e-02
8.977272727272727e-01, 4.886363636363636e-01, -3.600727305219461e-02
9.204545454545454e-01, 4.886363636363636e-01, -2.989285819491695e-02
9.431818181818182e-01, 4.886363636363636e-01, -2.267985669112630e-02
9.659090909090909e-01, 4.886363636363636e-01, -1.444605458252703e-02
9.886363636363636e-01, 4.886363636363636e-01, -5.106971484252028e-03
1.136363636363636e-02, 5.113636363636364e-01, 2.486034592540922e-03
3.409090909090909e-02, 5.113636363636364e-01, 6.762554519461720e-03
5.681818181818182e-02, 5.113636363636364e-01, 1.015718706886071e-02
7.954545454545454e-02, 5.113636363636364e-01, 1.273279739472226e-02
1.022727272727273e-01, 5.113636363636364e-01, 1.445188085488720e-02
1.250000000000000e-01, 5.113636363636364e-01, 1.543519697209683e-02
1.477272727272727e-01, 5.113636363636364e-01, 1.574038755218070e-02
1.704545454545454e-01, 5.113636363636364e-01, 1.535795463128234e-02
1.931818181818182e-01, 5.113636363636364e-01, 1.438861980714337e-02
2.159090909090909e-01, 5.113636363636364e-01, 1.289473037067177e-02
2.386363636363636e-01, 5.113636363636364e-01, 1.088195287718956e-02
2.613636363636364e-01, 5.113636363636364e-01, 8.415703192729477e-03
2.840909090909091e-01, 5.113636363636364e-01, 5.561982521661903e-03
3.068181818181818e-01, 5.113636363636364e-01, 2.349104803964384e-03
3.295454545454545e-01, 5.113636363636364e-01, -1.162565289902818e-03
3.522727272727273e-01, 5.113636363636364e-01, -4.906947655604276e-03
3.750000000000000e-01, 5.113636363636364e-01, -8.848471898443832e-03
3.977272727272727e-01, 5.113636363636364e-01, -1.294152376025202e-02
4.204545454545455e-01, 5.113636363636364e-01, -1.713181792886840e-02
4.431818181818182e-01, 5.113636363636364e-01, -2.137056477457566e-02
4.659090909090909e-01, 5.113636363636364e-01, -2.560132328722810e-02
4.886363636363636e-01, 5.113636363636364e-01, -2.977101015196898e-02
5.113636363636364e-01, 5.113636363636364e-01, -3.383330820453808e-02
5.340909090909091e-01, 5.113636363636364e-01, -3.774355362774129e-02
5.568181818181818e-01, 5.113636363636364e-01, -4.144641167566584e-02
5.795454545454546e-01, 5.113636363636364e-01, -4.490021239142971e-02
6.022727272727273e-01, 5.113636363636364e-01, -4.802705842842768e-02
6.250000000000000e-01, 5.113636363636364e-01, -5.081117997380571e-02
6.477272727272727e-01, 5.113636363636364e-01, -5.318320854974716e-02
6.704545454545454e-01, 5.113636363636364e-01, -5.508720437734480e-02
6.931818181818182e-01, 5.113636363636364e-01, -5.649329284686153e-02
7.159090909090909e-01, 5.113636363636364e-01, -5.733442513795262e-02
7.386363636363636e-01, 5.113636363636364e-01, -5.754755167193255e-02
7.613636363636364e-01, 5.113636363636364e-01, -5.712049716146418e-02
7.840909090909091e-01, 5.113636363636364e-01, -5.599117227293968e-02
8.068181818181818e-01, 5.113636363636364e-01, -5.407240960450091e-02
8.295454545454546e-01, 5.113636363636364e-01, -5.136043090828296e-02
8.522727272727273e-01, 5.113636363636364e-01, -4.779061302441390e-02
8.750000000000000e-01, 5.113636363636364e-01, -4.325682412224760e-02
8.977272727272727e-01, 5.113636363636364e-01, -3.780112900991447e-02
9.204545454545454e-01, 5.113636363636364e-01, -3.137091124752108e-02
9.431818181818182e-01, 5.113636363636364e-01, -2.380361831068009e-02
9.659090909090909e-01, 5.113636363636364e-01, -1.514663607503634e-02
9.886363636363636e-01, 5.113636363636364e-01, -5.333843916508450e-03
1.136363636363636e-02, 5.340909090909091e-01, 2.419829243952198e-03
3.409090909090909e-02, 5.340909090909091e-01, 6.566557648013300e-03
5.681818181818182e-02, 5.340909090909091e-01, 9.826329737117416e-03
7.954545454545454e-02, 5.340909090909091e-01, 1.224923679656345e-02
1.022727272727273e-01, 5.340909090909091e-01, 1.380737366406690e-02
1.250000000000000e-01, 5.340909090909091e-01, 1.463681789559434e-02
1.477272727272727e-01, 5.340909090909091e-01, 1.479041163757535e-02
1.704545454545454e-01, 5.340909090909091e-01, 1.425574918091765e-02
1.931818181818182e-01, 5.340909090909091e-01, 1.312223983066710e-02
2.159090909090909e-01, 5.340909090909091e-01, 1.145772282579778e-02
2.386363636363636e-01, 5.340909090909091e-01, 9.272162719632934e-03
2.613636363636364e-01, 5.340909090909091e-01, 6.643271504608400e-03
2.840909090909091e-01, 5.340909090909091e-01, 3.635014701691842e-03
3.068181818181818e-01, 5.340909090909091e-01, 2.767446981044259e-04
3.295454545454545e-01, 5.340909090909091e-01, -3.382987155273554e-03
3.522727272727273e-01, 5.340909090909091e-01, -7.276425705910315e-03
3.750000000000000e-01, 5.340909090909091e-01, -1.136609531959692e-02
3.977272727272727e-01, 5.340909090909091e-01, -1.559873015470869e-02
4.204545454545455e-01, 5.340909090909091e-01, -1.990330207007518e-02
4.431818181818182e-01, 5.340909090909091e-01, -2.424894764947028e-02
4.659090909090909e-01, 5.340909090909091e-01, -2.858404158641214e-02
4.886363636363636e-01, 5.340909090909091e-01, -3.284648664559533e-02
5.113636363636364e-01, 5.340909090909091e-01, -3.699208205527767e-02
5.340909090909091e-01, 5.340909090909091e-01, -4.096793310247367e-02
5.568181818181818e-01, 5.340909090909091e-01, -4.472353237085747e-02
5.795454545454546e-01, 5.340909090909091e-01, -4.821500041858533e-02
6.022727272727273e-01, 5.340909090909091e-01, -5.136034755906002e-02
6.250000000000000e-01, 5.340909090909091e-01, -5.414173021407821e-02
6.477272727272727e-01, 5.340909090909091e-01, -5.649979454152855e-02
6.704545454545454e-01, 5.340909090909091e-01, -5.836685558729771e-02
6.931818181818182e-01, 5.340909090909091e-01, -5.971687173037436e-02
7.159090909090909e-01, 5.340909090909091e-01, -6.048619010236141e-02
7.386363636363636e-01, 5.340909090909091e-01, -6.060992484555004e-02
7.613636363636364e-01, 5.340909090909091e-01, -6.005805286380874e-02
7.840909090909091e-01, 5.340909090909091e-01, -5.877430073787050e-02
8.068181818181818e-01, 5.340909090909091e-01, -5.667249062781983e-02
8.295454545454546e-01, 5.340909090909091e-01, -5.376132145227135e-02
8.522727272727273e-01, 5.340909090909091e-01, -4.998270986904269e-02
8.750000000000000e-01, 5.340909090909091e-01, -4.521538562303821e-02
8.977272727272727e-01, 5.340909090909091e-01, -3.947463841349336e-02
9.204545454545454e-01, 5.340909090909091e-01, -3.271544177046591e-02
9.431818181818182e-01, 5.340909090909091e-01, -2.478457617667294e-02
9.659090909090909e-01, 5.340909090909091e-01, -1.575501041891878e-02
9.886363636363636e-01, 5.340909090909091e-01, -5.559459298427119e-03
1.136363636363636e-02, 5.568181818181818e-01, 2.351155451496255e-03
3.409090909090909e-02, 5.568181818181818e-01, 6.347386997320353e-03
5.681818181818182e-02, 5.568181818181818e-01, 9.450665149669543e-03
7.954545454545454e-02, 5.568181818181818e-01, 1.172270552312798e-02
1.022727272727273e-01, 5.568181818181818e-01, 1.312903941509865e-02
1.250000000000000e-01, 5.568181818181818e-01, 1.380001866103832e-02
1.477272727272727e-01, 5.568181818181818e-01, 1.379011508603470e-02
1.704545454545454e-01, 5.568181818181818e-01, 1.308993757715669e-02
1.931818181818182e-01, 5.568181818181818e-01, 1.180249915307342e-02
2.159090909090909e-01, 5.568181818181818e-01, 9.986476228082417e-03
2.386363636363636e-01, 5.568181818181818e-01, 7.655967254772839e-03
2.613636363636364e-01, 5.568181818181818e-01, 4.879075912931993e-03
2.840909090909091e-01, 5.568181818181818e-01, 1.724841752844495e-03
3.068181818181818e-01, 5.568181818181818e-01, -1.780975576472207e-03
3.295454545454545e-01, 5.568181818181818e-01, -5.577001209512114e-03
3.522727272727273e-01, 5.568181818181818e-01, -9.596492874018042e-03
3.750000000000000e-01, 5.568181818181818e-01, -1.379860578138150e-02
3.977272727272727e-01, 5.568181818181818e-01, -1.813642838820374e-02
4.204545454545455e-01, 5.568181818181818e-01, -2.255181531563261e-02
4.431818181818182e-01, 5.568181818181818e-01, -2.699905884406300e-02
4.659090909090909e-01, 5.568181818181818e-01, -3.141210686462866e-02
4.886363636363636e-01, 5.568181818181818e-01, -3.574658232730443e-02
5.113636363636364e-01, 5.568181818181818e-01, -3.995204812444638e-02
5.340909090909091e-01, 5.568181818181818e-01, -4.397648146636825e-02
5.568181818181818e-01, 5.568181818181818e-01, -4.776669000605320e-02
5.795454545454546e-01, 5.568181818181818e-01, -5.127057955000657e-02
6.022727272727273e-01, 5.568181818181818e-01, -5.442876059417262e-02
6.250000000000000e-01, 5.568181818181818e-01, -5.721192644028399e-02
6.477272727272727e-01, 5.568181818181818e-01, -5.954169900895852e-02
6.704545454545454e-01, 5.568181818181818e-01, -6.136851217344773e-02
6.931818181818182e-01, 5.568181818181818e-01, -6.265500037177117e-02
7.159090909090909e-01, 5.568181818181818e-01, -6.334018942949465e-02
7.386363636363636e-01, 5.568181818181818e-01, -6.335903755768886e-02
7.613636363636364e-01, 5.568181818181818e-01, -6.269450116527964e-02
7.840909090909091e-01, 5.568181818181818e-01, -6.128137423671720e-02
8.068181818181818e-01, 5.568181818181818e-01, -5.903169641634119e-02
8.295454545454546e-01, 5.568181818181818e-01, -5.592907443708292e-02
8.522727272727273e-01, 5.568181818181818e-01, -5.193309575278306e-02
8.750000000000000e-01, 5.568181818181818e-01, -4.692110579345285e-02
8.977272727272727e-01, 5.568181818181818e-01, -4.092648939516655e-02
9.204545454545454e-01, 5.568181818181818e-01, -3.390643135596489e-02
9.431818181818182e-01, 5.568181818181818e-01, -2.568878631295280e-02
9.659090909090909e-01, 5.568181818181818e-01, -1.632516871521819e-02
9.886363636363636e-01, 5.568181818181818e-01, -5.747057357120121e-03
1.136363636363636e-02, 5.795454545454546e-01, 2.265738770946765e-03
3.409090909090909e-02, 5.795454545454546e-01, 6.097362058340884e-03
5.681818181818182e-02, 5.795454545454546e-01, 9.044145606883078e-03
7.954545454545454e-02, 5.795454545454546e-01, 1.115311470832401e-02
1.022727272727273e-01, 5.795454545454546e-01, 1.239686163801377e-02
1.250000000000000e-01, 5.795454545454546e-01, 1.291302126064945e-02
1.477272727272727e-01, 5.795454545454546e-01, 1.275058745871487e-02
1.704545454545454e-01, 5.795454545454546e-01, 1.190169352601976e-02
1.931818181818182e-01, 5.795454545454546e-01, 1.046647209866824e-02
2.159090909090909e-01, 5.795454545454546e-01, 8.506327484011212e-03
2.386363636363636e-01, 5.795454545454546e-01, 6.031906045415701e-03
2.613636363636364e-01, 5.795454545454546e-01, 3.122054576988705e-03
2.840909090909091e-01, 5.795454545454546e-01, -1.616032878492907e-04
3.068181818181818e-01, 5.795454545454546e-01, -3.783359658286325e-03
3.295454545454545e-01, 5.795454545454546e-01, -7.689703616004065e-03
3.522727272727273e-01, 5.795454545454546e-01, -1.181534972747218e-02
3.750000000000000e-01, 5.795454545454546e-01, -1.613009651666913e-02
3.977272727272727e-01, 5.795454545454546e-01, -2.055560921436548e-02
4.204545454545455e-01, 5.795454545454546e-01, -2.505015490826807e-02
4.431818181818182e-01, 5.795454545454546e-01, -2.957243442901334e-02
4.659090909090909e-01, 5.795454545454546e-01, -3.404613456399398e-02
4.886363636363636e-01, 5.795454545454546e-01, -3.843881175359692e-02
5.113636363636364e-01, 5.795454545454546e-01, -4.268631155266173e-02
5.340909090909091e-01, 5.795454545454546e-01, -4.673475235715958e-02
5.568181818181818e-01, 5.795454545454546e-01, -5.054790549902258e-02
5.795454545454546e-01, 5.795454545454546e-01, -5.406272121616428e-02
6.022727272727273e-01, 5.795454545454546e-01, -5.720389128502990e-02
6.250000000000000e-01, 5.795454545454546e-01, -5.995731957589510e-02
6.477272727272727e-01, 5.795454545454546e-01, -6.225001508435326e-02
6.704545454545454e-01, 5.795454545454546e-01, -6.402944969287910e-02
6.931818181818182e-01, 5.795454545454546e-01, -6.525870642570263e-02
7.159090909090909e-01, 5.795454545454546e-01, -6.586951746023778e-02
7.386363636363636e-01, 5.795454545454546e-01, -6.579334224958773e-02
7.613636363636364e-01, 5.795454545454546e-01, -6.500787671201365e-02
7.840909090909091e-01, 5.795454545454546e-01, -6.345752490052958e-02
8.068181818181818e-01, 5.795454545454546e-01, -6.105130943605237e-02
8.295454545454546e-01, 5.795454545454546e-01, -5.779464155486002e-02
8.522727272727273e-01, 5.795454545454546e-01, -5.362654155621227e-02
8.750000000000000e-01, 5.795454545454546e-01, -4.842173180474043e-02
8.977272727272727e-01, 5.795454545454546e-01, -4.219689034817670e-02
9.204545454545454e-01, 5.795454545454546e-01, -3.492108401988842e-02
9.431818181818182e-01, 5.795454545454546e-01, -2.642540645796880e-02
9.659090909090909e-01, 5.795454545454546e-01, -1.677092298028555e-02
9.886363636363636e-01, 5.795454545454546e-01, -5.908336587799135e-03
1.136363636363636e-02, 6.022727272727273e-01, 2.181386414660699e-03
3.409090909090909e-02, 6.022727272727273e-01, 5.839822910726045e-03
5.681818181818182e-02, 6.022727272727273e-01, 8.610809734836340e-03
7.954545454545454e-02, 6.022727272727273e-01, 1.055207156471660e-02
1.022727272727273e-01, 6.022727272727273e-01, 1.163348722045274e-02
1.250000000000000e-01, 6.022727272727273e-01, 1.199432227896347e-02
1.477272727272727e-01, 6.022727272727273e-01, 1.168258900257083e-02
1.704545454545454e-01, 6.022727272727273e-01, 1.068969213848868e-02
1.931818181818182e-01, 6.022727272727273e-01, 9.119042740497692e-03
2.159090909090909e-01, 6.022727272727273e-01, 7.028525114093145e-03
2.386363636363636e-01, 6.022727272727273e-01, 4.428916493320403e-03
2.613636363636364e-01, 6.022727272727273e-01, 1.405188585349212e-03
2.840909090909091e-01, 6.022727272727273e-01, -1.983369711421414e-03
3.068181818181818e-01, 6.022727272727273e-01, -5.711590177486953e-03
3.295454545454545e-01, 6.022727272727273e-01, -9.715416114052196e-03
3.522727272727273e-01, 6.022727272727273e-01, -1.392162586125611e-02
3.750000000000000e-01, 6.022727272727273e-01, -1.830423551773505e-02
3.977272727272727e-01, 6.022727272727273e-01, -2.280119033074431e-02
4.204545454545455e-01, 6.022727272727273e-01, -2.735492352664101e-02
4.431818181818182e-01, 6.022727272727273e-01, -3.192168846704935e-02
4.659090909090909e-01, 6.022727272727273e-01, -3.643712930099061e-02
4.886363636363636e-01, 6.022727272727273e-01, -4.086076406720569e-02
5.113636363636364e-01, 6.022727272727273e-01, -4.512973670065087e-02
5.340909090909091e-01, 6.022727272727273e-01, -4.919210578160155e-02
5.568181818181818e-01, 6.022727272727273e-01, -5.300438044975106e-02
5.795454545454546e-01, 6.022727272727273e-01, -5.649647659483400e-02
6.022727272727273e-01, 6.022727272727273e-01, -5.963293560196259e-02
6.250000000000000e-01, 6.022727272727273e-01, -6.236820460433070e-02
6.477272727272727e-01, 6.022727272727273e-01, -6.460237456110673e-02
6.704545454545454e-01, 6.022727272727273e-01, -6.632584515712309e-02
6.931818181818182e-01, 6.022727272727273e-01, -6.748079560901693e-02
7.159090909090909e-01, 6.022727272727273e-01, -6.800274693139211e-02
7.386363636363636e-01, 6.022727272727273e-01, -6.783524054101708e-02
7.613636363636364e-01, 6.022727272727273e-01, -6.695881627840630e-02
7.840909090909091e-01, 6.022727272727273e-01, -6.529735059683275e-02
8.068181818181818e-01, 6.022727272727273e-01, -6.275576431271172e-02
8.295454545454546e-01, 6.022727272727273e-01, -5.934323920287044e-02
8.522727272727273e-01, 6.022727272727273e-01, -5.500709800918180e-02
8.750000000000000e-01, 6.022727272727273e-01, -4.962249150563051e-02
8.977272727272727e-01, 6.022727272727273e-01, -4.322049371089798e-02
9.204545454545454e-01, 6.022727272727273e-01, -3.575328236592872e-02
9.431818181818182e-01, 6.022727272727273e-01, -2.705108083594942e-02
9.659090909090909e-01, 6.022727272727273e-01, -1.716483791032171e-02
9.886363636363636e-01, 6.022727272727273e-01, -6.044698557967244e-03
1.136363636363636e-02, 6.250000000000000e-01, 2.079776721386126e-03
3.409090909090909e-02, 6.250000000000000e-01, 5.542643739283560e-03
5.681818181818182e-02, 6.250000000000000e-01, 8.142609713063572e-03
7.954545454545454e-02, 6.250000000000000e-01, 9.917880731601625e-03
1.022727272727273e-01, 6.250000000000000e-01, 1.084309579487444e-02
1.250000000000000e-01, 6.250000000000000e-01, 1.105446899085579e-02
1.477272727272727e-01, 6.250000000000000e-01, 1.059899464411154e-02
1.704545454545454e-01, 6.250000000000000e-01, 9.468752024023499e-03
1.931818181818182e-01, 6.250000000000000e-01, 7.775364669475269e-03
2.159090909090909e-01, 6.250000000000000e-01, 5.572306592923606e-03
2.386363636363636e-01, 6.250000000000000e-01, 2.869461165194724e-03
2.613636363636364e-01, 6.250000000000000e-01, -2.527493988425890e-04
2.840909090909091e-01, 6.250000000000000e-01, -3.733566102845370e-03
3.068181818181818e-01, 6.250000000000000e-01, -7.538423555696966e-03
3.295454545454545e-01, 6.250000000000000e-01, -1.160761029703444e-02
3.522727272727273e-01, 6.250000000000000e-01, -1.587049334084503e-02
3.750000000000000e-01, 6.250000000000000e-01, -2.030969508740313e-02
3.977272727272727e-01, 6.250000000000000e-01, -2.485237263460234e-02
4.204545454545455e-01, 6.250000000000000e-01, -2.944131955807811e-02
4.431818181818182e-01, 6.250000000000000e-01, -3.402967369280062e-02
4.659090909090909e-01, 6.250000000000000e-01, -3.856539240648026e-02
4.886363636363636e-01, 6.250000000000000e-01, -4.299173965372723e-02
5.113636363636364e-01, 6.250000000000000e-01, -4.726035836210063e-02
5.340909090909091e-01, 6.250000000000000e-01, -5.131647808785624e-02
5.568181818181818e-01, 6.250000000000000e-01, -5.510140133222501e-02
5.795454545454546e-01, 6.250000000000000e-01, -5.857692055050664e-02
6.022727272727273e-01, 6.250000000000000e-01, -6.166893759892249e-02
6.250000000000000e-01, 6.250000000000000e-01, -6.434422482941841e-02
6.477272727272727e-01, 6.250000000000000e-01, -6.653802598953508e-02
6.704545454545454e-01, 6.250000000000000e-01, -6.820122263582319e-02
6.931818181818182e-01, 6.250000000000000e-01, -6.929137431640892e-02
7.159090909090909e-01, 6.250000000000000e-01, -6.974002676371045e-02
7.386363636363636e-01, 6.250000000000000e-01, -6.947644612420643e-02
7.613636363636364e-01, 6.250000000000000e-01, -6.848744760668324e-02
7.840909090909091e-01, 6.250000000000000e-01, -6.671364044281874e-02
8.068181818181818e-01, 6.250000000000000e-01, -6.406430689874310e-02
8.295454545454546e-01, 6.250000000000000e-01, -6.054370165623617e-02
8.522727272727273e-01, 6.250000000000000e-01, -5.608569609359090e-02
8.750000000000000e-01, 6.250000000000000e-01, -5.055383364467878e-02
8.977272727272727e-01, 6.250000000000000e-01, -4.399441652048913e-02
9.204545454545454e-01, 6.250000000000000e-01, -3.636286396559540e-02
9.431818181818182e-01, 6.250000000000000e-01, -2.748860996119754e-02
9.659090909090909e-01, 6.250000000000000e-01, -1.742718389981502e-02
9.886363636363636e-01, 6.250000000000000e-01, -6.130718486513189e-03
1.136363636363636e-02, 6.477272727272727e-01, 1.982420075322247e-03
3.409090909090909e-02, 6.477272727272727e-01, 5.258279020789102e-03
5.681818181818182e-02, 6.477272727272727e-01, 7.667439907788219e-03
7.954545454545454e-02, 6.477272727272727e-01, 9.262215021986963e-03
1.022727272727273e-01, 6.477272727272727e-01, 1.002348251241507e-02
1.250000000000000e-01, 6.477272727272727e-01, 1.009068929835973e-02
1.477272727272727e-01, 6.477272727272727e-01, 9.505832445206266e-03
1.704545454545454e-01, 6.477272727272727e-01, 8.261210446060197e-03
1.931818181818182e-01, 6.477272727272727e-01, 6.458642060474547e-03
2.159090909090909e-01, 6.477272727272727e-01, 4.154643535094134e-03
2.386363636363636e-01, 6.477272727272727e-01, 1.359474813291500e-03
2.613636363636364e-01, 6.477272727272727e-01, -1.832587507390671e-03
2.840909090909091e-01, 6.477272727272727e-01, -5.367361892163325e-03
3.068181818181818e-01, 6.477272727272727e-01, -9.239289325643303e-03
3.295454545454545e-01, 6.477272727272727e-01, -1.334748626572963e-02
3.522727272727273e-01, 6.477272727272727e-01, -1.765674113636028e-02
3.750000000000000e-01, 6.477272727272727e-01, -2.211911812261422e-02
3.977272727272727e-01, 6.477272727272727e-01, -2.667496172627061e-02
4.204545454545455e-01, 6.477272727272727e-01, -3.127272664245040e-02
4.431818181818182e-01, 6.477272727272727e-01, -3.586050230711745e-02
4.659090909090909e-01, 6.477272727272727e-01, -4.038885371457875e-02
4.886363636363636e-01, 6.477272727272727e-01, -4.479844726208740e-02
5.113636363636364e-01, 6.477272727272727e-01, -4.904197450988099e-02
5.340909090909091e-01, 6.477272727272727e-01, -5.306731163667235e-02
5.568181818181818e-01, 6.477272727272727e-01, -5.681174538542420e-02
5.795454545454546e-01, 6.477272727272727e-01, -6.024600581046224e-02
6.022727272727273e-01, 6.477272727272727e-01, -6.327864819909136e-02
6.250000000000000e-01, 6.477272727272727e-01, -6.591367389923743e-02
6.477272727272727e-01, 6.477272727272727e-01, -6.803577311319120e-02
6.704545454545454e-01, 6.477272727272727e-01, -6.960806963262794e-02
6.931818181818182e-01, 6.477272727272727e-01, -7.063122604639606e-02
7.159090909090909e-01, 6.477272727272727e-01, -7.098696103273233e-02
7.386363636363636e-01, 6.477272727272727e-01, -7.064924372094171e-02
7.613636363636364e-01, 6.477272727272727e-01, -6.959220001516304e-02
7.840909090909091e-01, 6.477272727272727e-01, -6.773645979629565e-02
8.068181818181818e-01, 6.477272727272727e-01, -6.497556899389542e-02
8.295454545454546e-01, 6.477272727272727e-01, -6.134234263415388e-02
8.522727272727273e-01, 6.477272727272727e-01, -5.677518779827088e-02
8.750000000000000e-01, 6.477272727272727e-01, -5.114999574292532e-02
8.977272727272727e-01, 6.477272727272727e-01, -4.449709376731745e-02
9.204545454545454e-01, 6.477272727272727e-01, -3.676466970455446e-02
9.431818181818182e-01, 6.477272727272727e-01, -2.777384088168152e-02
9.659090909090909e-01, 6.477272727272727e-01, -1.760133166244728e-02
9.886363636363636e-01, 6.477272727272727e-01, -6.190020816054109e-03
1.136363636363636e-02, 6.704545454545454e-01, 1.867111273313115e-03
3.409090909090909e-02, 6.704545454545454e-01, 4.927588233032036e-03
5.681818181818182e-02, 6.704545454545454e-01, 7.151053073014572e-03
7.954545454545454e-02, 6.704545454545454e-01, 8.586329511987402e-03
1.022727272727273e-01, 6.704545454545454e-01, 9.202739722430584e-03
1.250000000000000e-01, 6.704545454545454e-01, 9.132759748563838e-03
1.477272727272727e-01, 6.704545454545454e-01, 8.419617763030730e-03
1.704545454545454e-01, 6.704545454545454e-01, 7.062831719931166e-03
1.931818181818182e-01, 6.704545454545454e-01, 5.170020033644807e-03
2.159090909090909e-01, 6.704545454545454e-01, 2.794051666532420e-03
2.386363636363636e-01, 6.704545454545454e-01, -6.111213878526375e-05
2.613636363636364e-01, 6.704545454545454e-01, -3.307043942412386e-03
2.840909090909091e-01, 6.704545454545454e-01, -6.893993409128075e-03
3.068181818181818e-01, 6.704545454545454e-01, -1.078166991273418e-02
3.295454545454545e-01, 6.704545454545454e-01, -1.490155063814378e-02
3.522727272727273e-01, 6.704545454545454e-01, -1.921968909609521e-02
3.750000000000000e-01, 6.704545454545454e-01, -2.367132601168504e-02
3.977272727272727e-01, 6.704545454545454e-01, -2.821604586456429e-02
4.204545454545455e-01, 6.704545454545454e-01, -3.279141732651444e-02
4.431818181818182e-01, 6.704545454545454e-01, -3.735203178603824e-02
4.659090909090909e-01, 6.704545454545454e-01, -4.184051836369738e-02
4.886363636363636e-01, 6.704545454545454e-01, -4.621103875645885e-02
5.113636363636364e-01, 6.704545454545454e-01, -5.040148325106919e-02
5.340909090909091e-01, 6.704545454545454e-01, -5.437747878411641e-02
5.568181818181818e-01, 6.704545454545454e-01, -5.805826858465860e-02
5.795454545454546e-01, 6.704545454545454e-01, -6.142764630282561e-02
6.022727272727273e-01, 6.704545454545454e-01, -6.439540001476986e-02
6.250000000000000e-01, 6.704545454545454e-01, -6.694823573741693e-02
6.477272727272727e-01, 6.704545454545454e-01, -6.899671658387439e-02
6.704545454545454e-01, 6.704545454545454e-01, -7.052488550265734e-02
6.931818181818182e-01, 6.704545454545454e-01, -7.145656618224845e-02
7.159090909090909e-01, 6.704545454545454e-01, -7.175591869495768e-02
7.386363636363636e-01, 6.704545454545454e-01, -7.133563335731988e-02
7.613636363636364e-01, 6.704545454545454e-01, -7.018250444582241e-02
7.840909090909091e-01, 6.704545454545454e-01, -6.824388504331860e-02
8.068181818181818e-01, 6.704545454545454e-01, -6.542943633191993e-02
8.295454545454546e-01, 6.704545454545454e-01, -6.174304462456215e-02
8.522727272727273e-01, 6.704545454545454e-01, -5.711669710407304e-02
8.750000000000000e-01, 6.704545454545454e-01, -5.141206554660230e-02
8.977272727272727e-01, 6.704545454545454e-01, -4.468771260988249e-02
9.204545454545454e-01, 6.704545454545454e-01, -3.689452009668674e-02
9.431818181818182e-01, 6.704545454545454e-01, -2.786399222854011e-02
9.659090909090909e-01, 6.704545454545454e-01, -1.765363016267707e-02
9.886363636363636e-01, 6.704545454545454e-01, -6.202995896576752e-03
1.136363636363636e-02, 6.931818181818182e-01, 1.750780711034905e-03
3.409090909090909e-02, 6.931818181818182e-01, 4.613481921369356e-03
5.681818181818182e-02, 6.931818181818182e-01, 6.641979878402539e-03
7.954545454545454e-02, 6.931818181818182e-01, 7.897984470923488e-03
1.022727272727273e-01, 6.931818181818182e-01, 8.359310553034783e-03
1.250000000000000e-01, 6.931818181818182e-01, 8.161592348926558e-03
1.477272727272727e-01, 6.931818181818182e-01, 7.347716414772542e-03
1.704545454545454e-01, 6.931818181818182e-01, 5.908062299386689e-03
1.931818181818182e-01, 6.931818181818182e-01, 3.940887058953934e-03
2.159090909090909e-01, 6.931818181818182e-01, 1.504290083406933e-03
2.386363636363636e-01, 6.931818181818182e-01, -1.394677755165783e-03
2.613636363636364e-01, 6.931818181818182e-01, -4.660022127299418e-03
2.840909090909091e-01, 6.931818181818182e-01, -8.259149055705078e-03
3.068181818181818e-01, 6.931818181818182e-01, -1.213289758396486e-02
3.295454545454545e-01, 6.931818181818182e-01, -1.625040884485020e-02
3.522727272727273e-01, 6.931818181818182e-01, -2.054158784847284e-02
3.750000000000000e-01, 6.931818181818182e-01, -2.496626936861215e-02
3.977272727272727e-01, 6.931818181818182e-01, -2.946678827608516e-02
4.204545454545455e-01, 6.931818181818182e-01, -3.399056173250659e-02
4.431818181818182e-01, 6.931818181818182e-01, -3.849671663774101e-02
4.659090909090909e-01, 6.931818181818182e-01, -4.291471233455436e-02
4.886363636363636e-01, 6.931818181818182e-01, -4.721930835275972e-02
5.113636363636364e-01, 6.931818181818182e-01, -5.133207413698564e-02
5.340909090909091e-01, 6.931818181818182e-01, -5.522566437885077e-02
5.568181818181818e-01, 6.931818181818182e-01, -5.883436964215488e-02
5.795454545454546e-01, 6.931818181818182e-01, -6.210924194131746e-02
6.022727272727273e-01, 6.931818181818182e-01, -6.500959610749116e-02
6.250000000000000e-01, 6.931818181818182e-01, -6.746196629510305e-02
6.477272727272727e-01, 6.931818181818182e-01, -6.945583218792119e-02
6.704545454545454e-01, 6.931818181818182e-01, -7.089040895351560e-02
6.931818181818182e-01, 6.931818181818182e-01, -7.173638059662048e-02
7.159090909090909e-01, 6.931818181818182e-01, -7.196505199814821e-02
7.386363636363636e-01, 6.931818181818182e-01, -7.147353832123869e-02
7.613636363636364e-01, 6.931818181818182e-01, -7.027972935490309e-02
7.840909090909091e-01, 6.931818181818182e-01, -6.829143086255469e-02
8.068181818181818e-01, 6.931818181818182e-01, -6.540978681578899e-02
8.295454545454546e-01, 6.931818181818182e-01, -6.166538072677835e-02
8.522727272727273e-01, 6.931818181818182e-01, -5.699954129641725e-02
8.750000000000000e-01, 6.931818181818182e-01, -5.129240078080975e-02
8.977272727272727e-01, 6.931818181818182e-01, -4.457190374348401e-02
9.204545454545454e-01, 6.931818181818182e-01, -3.678556116527512e-02
9.431818181818182e-01, 6.931818181818182e-01, -2.776396724482900e-02
9.659090909090909e-01, 6.931818181818182e-01, -1.757538701504861e-02
9.886363636363636e-01, 6.931818181818182e-01, -6.172945814059200e-03
1.136363636363636e-02, 7.159090909090909e-01, 1.633096014168217e-03
3.409090909090909e-02, 7.159090909090909e-01, 4.262958245758603e-03
5.681818181818182e-02, 7.159090909090909e-01, 6.099169561313312e-03
7.954545454545454e-02, 7.159090909090909e-01, 7.200958579467075e-03
1.022727272727273e-01, 7.159090909090909e-01, 7.532702373621493e-03
1.250000000000000e-01, 7.159090909090909e-01, 7.217260285369426e-03
1.477272727272727e-01, 7.159090909090909e-01, 6.303581456155744e-03
1.704545454545454e-01, 7.159090909090909e-01, 4.788830829900794e-03
1.931818181818182e-01, 7.159090909090909e-01, 2.771198488516584e-03
2.159090909090909e-01, 7.159090909090909e-01, 3.065021195416321e-04
2.386363636363636e-01, 7.159090909090909e-01, -2.605203081012756e-03
2.613636363636364e-01, 7.159090909090909e-01, -5.877511244960417e-03
2.840909090909091e-01, 7.159090909090909e-01, -9.453809849011100e-03
3.068181818181818e-01, 7.159090909090909e-01, -1.330668668599662e-02
3.295454545454545e-01, 7.159090909090909e-01, -1.737608029645714e-02
3.522727272727273e-01, 7.159090909090909e-01, -2.160896160116768e-02
3.750000000000000e-01, 7.159090909090909e-01, -2.597231526671118e-02
3.977272727272727e-01, 7.159090909090909e-01, -3.039647796377633e-02
4.204545454545455e-01, 7.159090909090909e-01, -3.483959189594516e-02
4.431818181818182e-01, 7.159090909090909e-01, -3.925338428992613e-02
4.659090909090909e-01, 7.159090909090909e-01, -4.358087920369384e-02
4.886363636363636e-01, 7.159090909090909e-01, -4.778201197006863e-02
5.113636363636364e-01, 7.159090909090909e-01, -5.179951444222133e-02
5.340909090909091e-01, 7.159090909090909e-01, -5.558485904686934e-02
5.568181818181818e-01, 7.159090909090909e-01, -5.909767276307935e-02
5.795454545454546e-01, 7.159090909090909e-01, -6.226409951597899e-02
6.022727272727273e-01, 7.159090909090909e-01, -6.507790873117214e-02
6.250000000000000e-01, 7.159090909090909e-01, -6.742260355094488e-02
6.477272727272727e-01, 7.159090909090909e-01, -6.933145282966031e-02
6.704545454545454e-01, 7.159090909090909e-01, -7.065281337823062e-02
6.931818181818182e-01, 7.159090909090909e-01, -7.143186028889988e-02
7.159090909090909e-01, 7.159090909090909e-01, -7.159357984662719e-02
7.386363636363636e-01, 7.159090909090909e-01, -7.104699719781404e-02
7.613636363636364e-01, 7.159090909090909e-01, -6.977600615952534e-02
7.840909090909091e-01, 7.159090909090909e-01, -6.774797993954149e-02
8.068181818181818e-01, 7.159090909090909e-01, -6.486343255319231e-02
8.295454545454546e-01, 7.159090909090909e-01, -6.113025781800277e-02
8.522727272727273e-01, 7.159090909090909e-01, -5.647414342155088e-02
8.750000000000000e-01, 7.159090909090909e-01, -5.078677151499671e-02
8.977272727272727e-01, 7.159090909090909e-01, -4.409701216543013e-02
9.204545454545454e-01, 7.159090909090909e-01, -3.636906239418840e-02
9.431818181818182e-01, 7.159090909090909e-01, -2.744166856160257e-02
9.659090909090909e-01, 7.159090909090909e-01, -1.737187367495137e-02
9.886363636363636e-01, 7.159090909090909e-01, -6.101901836381918e-03
1.136363636363636e-02, 7.386363636363636e-01, 1.503239457103403e-03
3.409090909090909e-02, 7.386363636363636e-01, 3.923397985494164e-03
5.681818181818182e-02, 7.386363636363636e-01, 5.570315741084081e-03
7.954545454545454e-02, 7.386363636363636e-01, 6.501712514157407e-03
1.022727272727273e-01, 7.386363636363636e-01, 6.697231309056716e-03
1.250000000000000e-01, 7.386363636363636e-01, 6.279328753298218e-03
1.477272727272727e-01, 7.386363636363636e-01, 5.295782785334876e-03
1.704545454545454e-01, 7.386363636363636e-01, 3.733961540725170e-03
1.931818181818182e-01, 7.386363636363636e-01, 1.688179508296888e-03
2.159090909090909e-01, 7.386363636363636e-01, -7.780556311867783e-04
2.386363636363636e-01, 7.386363636363636e-01, -3.683330986297825e-03
2.613636363636364e-01, 7.386363636363636e-01, -6.902221010536743e-03
2.840909090909091e-01, 7.386363636363636e-01, -1.043824428209832e-02
3.068181818181818e-01, 7.386363636363636e-01, -1.422490808647026e-02
3.295454545454545e-01, 7.386363636363636e-01, -1.821793278455591e-02
3.522727272727273e-01, 7.386363636363636e-01, -2.236544638998049e-02
3.750000000000000e-01, 7.386363636363636e-01, -2.661934268962081e-02
3.977272727272727e-01, 7.386363636363636e-01, -3.093114344644814e-02
4.204545454545455e-01, 7.386363636363636e-01, -3.525946994641072e-02
4.431818181818182e-01, 7.386363636363636e-01, -3.954303371461309e-02
4.659090909090909e-01, 7.386363636363636e-01, -4.375315792503691e-02
4.886363636363636e-01, 7.386363636363636e-01, -4.781666529247214e-02
5.113636363636364e-01, 7.386363636363636e-01, -5.171492607927437e-02
5.340909090909091e-01, 7.386363636363636e-01, -5.536291889082168e-02
5.568181818181818e-01, 7.386363636363636e-01, -5.875724134961942e-02
5.795454545454546e-01, 7.386363636363636e-01, -6.179599101518458e-02
6.022727272727273e-01, 7.386363636363636e-01, -6.448633619564755e-02
6.250000000000000e-01, 7.386363636363636e-01, -6.673042335909367e-02
6.477272727272727e-01, 7.386363636363636e-01, -6.852329321877719e-02
6.704545454545454e-01, 7.386363636363636e-01, -6.978092218398127e-02
6.931818181818182e-01, 7.386363636363636e-01, -7.048871217669905e-02
7.159090909090909e-01, 7.386363636363636e-01, -7.055744794140317e-02
7.386363636363636e-01, 7.386363636363636e-01, -6.997837840164808e-02
7.613636363636364e-01, 7.386363636363636e-01, -6.870608765367150e-02
7.840909090909091e-01, 7.386363636363636e-01, -6.666342064081776e-02
8.068181818181818e-01, 7.386363636363636e-01, -6.377431514731638e-02
8.295454545454546e-01, 7.386363636363636e-01, -6.005045538301318e-02
8.522727272727273e-01, 7.386363636363636e-01, -5.544217762603312e-02
8.750000000000000e-01, 7.386363636363636e-01, -4.983837157110611e-02
8.977272727272727e-01, 7.386363636363636e-01, -4.326326673557263e-02
9.204545454545454e-01, 7.386363636363636e-01, -3.567188600844713e-02
9.431818181818182e-01, 7.386363636363636e-01, -2.691267803445850e-02
9.659090909090909e-01, 7.386363636363636e-01, -1.701859856601715e-02
9.886363636363636e-01, 7.386363636363636e-01, -5.969785295401864e-03
1.136363636363636e-02, 7.613636363636364e-01, 1.382683744525160e-03
3.409090909090909e-02, 7.613636363636364e-01, 3.564667606103390e-03
5.681818181818182e-02, 7.613636363636364e-01, 5.018280661609516e-03
7.954545454545454e-02, 7.613636363636364e-01, 5.804875458182872e-03
1.022727272727273e-01, 7.613636363636364e-01, 5.889659573643334e-03
1.250000000000000e-01, 7.613636363636364e-01, 5.383625530197051e-03
1.477272727272727e-01, 7.613636363636364e-01, 4.337817504369704e-03
1.704545454545454e-01, 7.613636363636364e-01, 2.747974126957489e-03
1.931818181818182e-01, 7.613636363636364e-01, 7.001091747268928e-04
2.159090909090909e-01, 7.613636363636364e-01, -1.750587570449282e-03
2.386363636363636e-01, 7.613636363636364e-01, -4.589094386876375e-03
2.613636363636364e-01, 7.613636363636364e-01, -7.761802992081355e-03
2.840909090909091e-01, 7.613636363636364e-01, -1.120099669255934e-02
3.068181818181818e-01, 7.613636363636364e-01, -1.489987519962128e-02
3.295454545454545e-01, 7.613636363636364e-01, -1.876843310044720e-02
3.522727272727273e-01, 7.613636363636364e-01, -2.279590203454439e-02
3.750000000000000e-01, 7.613636363636364e-01, -2.691083386679337e-02
3.977272727272727e-01, 7.613636363636364e-01, -3.107882495025728e-02
4.204545454545455e-01, 7.613636363636364e-01, -3.525765076650507e-02
4.431818181818182e-01, 7.613636363636364e-01, -3.938077835501449e-02
4.659090909090909e-01, 7.613636363636364e-01, -4.343929931187283e-02
4.886363636363636e-01, 7.613636363636364e-01, -4.733311344949099e-02
5.113636363636364e-01, 7.613636363636364e-01, -5.107481585042621e-02
5.340909090909091e-01, 7.613636363636364e-01, -5.456701173519447e-02
5.568181818181818e-01, 7.613636363636364e-01, -5.780273035047705e-02
5.795454545454546e-01, 7.613636363636364e-01, -6.071128976696875e-02
6.022727272727273e-01, 7.613636363636364e-01, -6.325431077675420e-02
6.250000000000000e-01, 7.613636363636364e-01, -6.539329605226603e-02
6.477272727272727e-01, 7.613636363636364e-01, -6.706153280676930e-02
6.704545454545454e-01, 7.613636363636364e-01, -6.824513664758344e-02
6.931818181818182e-01, 7.613636363636364e-01, -6.885361926576933e-02
7.159090909090909e-01, 7.613636363636364e-01, -6.888821925232534e-02
7.386363636363636e-01, 7.613636363636364e-01, -6.826740229160842e-02
7.613636363636364e-01, 7.613636363636364e-01, -6.695565126195598e-02
7.840909090909091e-01, 7.613636363636364e-01, -6.491648171403851e-02
8.068181818181818e-01, 7.613636363636364e-01, -6.208328844130746e-02
8.295454545454546e-01, 7.613636363636364e-01, -5.843700417260561e-02
8.522727272727273e-01, 7.613636363636364e-01, -5.392886393859172e-02
8.750000000000000e-01, 7.613636363636364e-01, -4.846511260349705e-02
8.977272727272727e-01, 7.613636363636364e-01, -4.204264496373203e-02
9.204545454545454e-01, 7.613636363636364e-01, -3.464020908886728e-02
9.431818181818182e-01, 7.613636363636364e-01, -2.611190726061266e-02
9.659090909090909e-01, 7.613636363636364e-01, -1.651295004433229e-02
9.886363636363636e-01, 7.613636363636364e-01, -5.804180870416203e-03
1.136363636363636e-02, 7.840909090909091e-01, 1.246335718785029e-03
3.409090909090909e-02, 7.840909090909091e-01, 3.206637809833106e-03
5.681818181818182e-02, 7.840909090909091e-01, 4.482395268139071e-03
7.954545454545454e-02, 7.840909090909091e-01, 5.116769848077476e-03
1.022727272727273e-01, 7.840909090909091e-01, 5.091950967185675e-03
1.250000000000000e-01, 7.840909090909091e-01, 4.518601702871395e-03
1.477272727272727e-01, 7.840909090909091e-01, 3.437925111902434e-03
1.704545454545454e-01, 7.840909090909091e-01, 1.846017760053513e-03
1.931818181818182e-01, 7.840909090909091e-01, -1.797560771216030e-04
2.159090909090909e-01, 7.840909090909091e-01, -2.583508275048372e-03
2.386363636363636e-01, 7.840909090909091e-01, -5.345387327114447e-03
2.613636363636364e-01, 7.840909090909091e-01, -8.417517999837436e-03
2.840909090909091e-01, 7.840909090909091e-01, -1.174498363514251e-02
3.068181818181818e-01, 7.840909090909091e-01, -1.530136210911523e-02
3.295454545454545e-01, 7.840909090909091e-01, -1.901959550007421e-02
3.522727272727273e-01, 7.840909090909091e-01, -2.288216809132494e-02
3.750000000000000e-01, 7.840909090909091e-01, -2.682191739349844e-02
3.977272727272727e-01, 7.840909090909091e-01, -3.080913424228655e-02
4.204545454545455e-01, 7.840909090909091e-01, -3.479682441412528e-02
4.431818181818182e-01, 7.840909090909091e-01, -3.873192820553740e-02
4.659090909090909e-01, 7.840909090909091e-01, -4.258680997671532e-02
4.886363636363636e-01, 7.840909090909091e-01, -4.630029350297833e-02
5.113636363636364e-01, 7.840909090909091e-01, -4.984313362690970e-02
5.340909090909091e-01, 7.840909090909091e-01, -5.316375151210186e-02
5.568181818181818e-01, 7.840909090909091e-01, -5.621533860486094e-02
5.795454545454546e-01, 7.840909090909091e-01, -5.897175959701640e-02
6.022727272727273e-01, 7.840909090909091e-01, -6.135301094229196e-02
6.250000000000000e-01, 7.840909090909091e-01, -6.337293860408678e-02
6.477272727272727e-01, 7.840909090909091e-01, -6.490654856111973e-02
6.704545454545454e-01, 7.840909090909091e-01, -6.600434760923168e-02
6.931818181818182e-01, 7.840909090909091e-01, -6.652313437774000e-02
7.159090909090909e-01, 7.840909090909091e-01, -6.652626327250273e-02
7.386363636363636e-01, 7.840909090909091e-01, -6.584539574673449e-02
7.613636363636364e-01, 7.840909090909091e-01, -6.456585784537505e-02
7.840909090909091e-01, 7.840909090909091e-01, -6.255687730085523e-02
8.068181818181818e-01, 7.840909090909091e-01, -5.978717453440733e-02
8.295454545454546e-01, 7.840909090909091e-01, -5.623611258120353e-02
8.522727272727273e-01, 7.840909090909091e-01, -5.186304538506353e-02
8.750000000000000e-01, 7.840909090909091e-01, -4.657710748480605e-02
8.977272727272727e-01, 7.840909090909091e-01, -4.039307820499645e-02
9.204545454545454e-01, 7.840909090909091e-01, -3.327984657610815e-02
9.431818181818182e-01, 7.840909090909091e-01, -2.509987173176441e-02
9.659090909090909e-01, 7.840909090909091e-01, -1.586367438977414e-02
9.886363636363636e-01, 7.840909090909091e-01, -5.557315854175475e-03
1.136363636363636e-02, 8.068181818181818e-01, 1.121468678675289e-03
3.409090909090909e-02, 8.068181818181818e-01, 2.850272188690338e-03
5.681818181818182e-02, 8.068181818181818e-01, 3.939637221351974e-03
7.954545454545454e-02, 8.068181818181818e-01, 4.440974041624943e-03
1.022727272727273e-01, 8.068181818181818e-01, 4.329436466450015e-03
1.250000000000000e-01, 8.068181818181818e-01, 3.707334329358340e-03
1.477272727272727e-01, 8.068181818181818e-01, 2.618459595319563e-03
1.704545454545454e-01, 8.068181818181818e-01, 1.042262968708304e-03
1.931818181818182e-01, 8.068181818181818e-01, -9.081782090012078e-04
2.159090909090909e-01, 8.068181818181818e-01, -3.233701240210760e-03
2.386363636363636e-01, 8.068181818181818e-01, -5.891782874814570e-03
2.613636363636364e-01, 8.068181818181818e-01, -8.818656505715988e-03
2.840909090909091e-01, 8.068181818181818e-01, -1.200046378653414e-02
3.068181818181818e-01, 8.068181818181818e-01, -1.536844357815503e-02
3.295454545454545e-01, 8.068181818181818e-01, -1.890703543559862e-02
3.522727272727273e-01, 8.068181818181818e-01, -2.255319169657451e-02
3.750000000000000e-01, 8.068181818181818e-01, -2.627973498629874e-02
3.977272727272727e-01, 8.068181818181818e-01, -3.004307285833269e-02
4.204545454545455e-01, 8.068181818181818e-01, -3.379192667755698e-02
4.431818181818182e-01, 8.068181818181818e-01, -3.750927437744007e-02
4.659090909090909e-01, 8.068181818181818e-01, -4.111924465356201e-02
4.886363636363636e-01, 8.068181818181818e-01, -4.462292695119609e-02
5.113636363636364e-01, 8.068181818181818e-01, -4.793088210285369e-02
5.340909090909091e-01, 8.068181818181818e-01, -5.105506395103654e-02
5.568181818181818e-01, 8.068181818181818e-01, -5.389360924402394e-02
5.795454545454546e-01, 8.068181818181818e-01, -5.646935056157326e-02
6.022727272727273e-01, 8.068181818181818e-01, -5.867850509842842e-02
6.250000000000000e-01, 8.068181818181818e-01, -6.053737714070346e-02
6.477272727272727e-01, 8.068181818181818e-01, -6.195677259166386e-02
6.704545454545454e-01, 8.068181818181818e-01, -6.293792327598734e-02
6.931818181818182e-01, 8.068181818181818e-01, -6.339818549265365e-02
7.159090909090909e-01, 8.068181818181818e-01, -6.333996349825227e-02
7.386363636363636e-01, 8.068181818181818e-01, -6.267203131784353e-02
7.613636363636364e-01, 8.068181818181818e-01, -6.140384548737302e-02
7.840909090909091e-01, 8.068181818181818e-01, -5.945851197305796e-02
8.068181818181818e-01, 8.068181818181818e-01, -5.680541054322827e-02
8.295454545454546e-01, 8.068181818181818e-01, -5.341627733768108e-02
8.522727272727273e-01, 8.068181818181818e-01, -4.924705600566538e-02
8.750000000000000e-01, 8.068181818181818e-01, -4.422572081126473e-02
8.977272727272727e-01, 8.068181818181818e-01, -3.834432607436874e-02
9.204545454545454e-01, 8.068181818181818e-01, -3.156152009692095e-02
9.431818181818182e-01, 8.068181818181818e-01, -2.376547818615739e-02
9.659090909090909e-01, 8.068181818181818e-01, -1.500735161024948e-02
9.886363636363636e-01, 8.068181818181818e-01, -5.274241900777133e-03
1.136363636363636e-02, 8.295454545454546e-01, 9.812638076202381e-04
3.409090909090909e-02, 8.295454545454546e-01, 2.483109223598573e-03
5.681818181818182e-02, 8.295454545454546e-01, 3.407742816074346e-03
7.954545454545454e-02, 8.295454545454546e-01, 3.785687239374906e-03
1.022727272727273e-01, 8.295454545454546e-01, 3.600624386022267e-03
1.250000000000000e-01, 8.295454545454546e-01, 2.949539027735612e-03
1.477272727272727e-01, 8.295454545454546e-01, 1.862777839874104e-03
1.704545454545454e-01, 8.295454545454546e-01, 3.599937061573265e-04
1.931818181818182e-01, 8.295454545454546e-01, -1.516748112666157e-03
2.159090909090909e-01, 8.295454545454546e-01, -3.715015443307992e-03
2.386363636363636e-01, 8.295454545454546e-01, -6.229730304069037e-03
2.613636363636364e-01, 8.295454545454546e-01, -8.970067165819072e-03
2.840909090909091e-01, 8.295454545454546e-01, -1.196549113373131e-02
3.068181818181818e-01, 8.295454545454546e-01, -1.510537970508671e-02
3.295454545454545e-01, 8.295454545454546e-01, -1.841826772607827e-02
3.522727272727273e-01, 8.295454545454546e-01, -2.181281064136465e-02
3.750000000000000e-01, 8.295454545454546e-01, -2.528525029269936e-02
3.977272727272727e-01, 8.295454545454546e-01, -2.878493174531525e-02
4.204545454545455e-01, 8.295454545454546e-01, -3.226365174354811e-02
4.431818181818182e-01, 8.295454545454546e-01, -3.571736430273702e-02
4.659090909090909e-01, 8.295454545454546e-01, -3.905074648334112e-02
4.886363636363636e-01, 8.295454545454546e-01, -4.230182011791186e-02
5.113636363636364e-01, 8.295454545454546e-01, -4.534374232944346e-02
5.340909090909091e-01, 8.295454545454546e-01, -4.822710397856446e-02
5.568181818181818e-01, 8.295454545454546e-01, -5.084170529891092e-02
5.795454545454546e-01, 8.295454545454546e-01, -5.319947398657771e-02
6.022727272727273e-01, 8.295454545454546e-01, -5.523470367215522e-02
6.250000000000000e-01, 8.295454545454546e-01, -5.691626429310569e-02
6.477272727272727e-01, 8.295454545454546e-01, -5.821663166544642e-02
6.704545454545454e-01, 8.295454545454546e-01, -5.907440655329560e-02
6.931818181818182e-01, 8.295454545454546e-01, -5.948205478509982e-02
7.159090909090909e-01, 8.295454545454546e-01, -5.936895903400353e-02
7.386363636363636e-01, 8.295454545454546e-01, -5.872773044644797e-02
7.613636363636364e-01, 8.295454545454546e-01, -5.749201611761184e-02
7.840909090909091e-01, 8.295454545454546e-01, -5.565546558791763e-02
8.068181818181818e-01, 8.295454545454546e-01, -5.313666041620941e-02
8.295454545454546e-01, 8.295454545454546e-01, -4.993856981870538e-02
8.522727272727273e-01, 8.295454545454546e-01, -4.601670480252085e-02
8.750000000000000e-01, 8.295454545454546e-01, -4.129882576748479e-02
8.977272727272727e-01, 8.295454545454546e-01, -3.578740085518757e-02
9.204545454545454e-01, 8.295454545454546e-01, -2.946470825652439e-02
9.431818181818182e-01, 8.295454545454546e-01, -2.221049911545624e-02
9.659090909090909e-01, 8.295454545454546e-01, -1.404491617819350e-02
9.886363636363636e-01, 8.295454545454546e-01, -4.912345180572655e-03
1.136363636363636e-02, 8.522727272727273e-01, 8.540562383615921e-04
3.409090909090909e-02, 8.522727272727273e-01, 2.134105974909497e-03
5.681818181818182e-02, 8.522727272727273e-01, 2.885124579450321e-03
7.954545454545454e-02, 8.522727272727273e-01, 3.150147329307503e-03
1.022727272727273e-01, 8.522727272727273e-01, 2.914228079452142e-03
1.250000000000000e-01, 8.522727272727273e-01, 2.263258559972016e-03
1.477272727272727e-01, 8.522727272727273e-01, 1.218745308664478e-03
1.704545454545454e-01, 8.522727272727273e-01, -2.159278462739518e-04
1.931818181818182e-01, 8.522727272727273e-01, -1.968852421479992e-03
2.159090909090909e-01, 8.522727272727273e-01, -4.023103763511628e-03
2.386363636363636e-01, 8.522727272727273e-01, -6.340017739770908e-03
2.613636363636364e-01, 8.522727272727273e-01, -8.878551059819252e-03
2.840909090909091e-01, 8.522727272727273e-01, -1.162198599676893e-02
3.068181818181818e-01, 8.522727272727273e-01, -1.450965450595177e-02
3.295454545454545e-01, 8.522727272727273e-01, -1.753932945211271e-02
3.522727272727273e-01, 8.522727272727273e-01, -2.064196128753688e-02
3.750000000000000e-01, 8.522727272727273e-01, -2.381717293627162e-02
3.977272727272727e-01, 8.522727272727273e-01, -2.701185542445670e-02
4.204545454545455e-01, 8.522727272727273e-01, -3.018060807373928e-02
4.431818181818182e-01, 8.522727272727273e-01, -3.331670053053468e-02
4.659090909090909e-01, 8.522727272727273e-01, -3.635473143778294e-02
4.886363636363636e-01, 8.522727272727273e-01, -3.929141715693600e-02
5.113636363636364e-01, 8.522727272727273e-01, -4.206460964139118e-02
5.340909090909091e-01, 8.522727272727273e-01, -4.466106496517860e-02
5.568181818181818e-01, 8.522727272727273e-01, -4.703530328279418e-02
5.795454545454546e-01, 8.522727272727273e-01, -4.915071117647444e-02
6.022727272727273e-01, 8.522727272727273e-01, -5.099187538659242e-02
6.250000000000000e-01, 8.522727272727273e-01, -5.248547921213181e-02
6.477272727272727e-01, 8.522727272727273e-01, -5.365550833682639e-02
6.704545454545454e-01, 8.522727272727273e-01, -5.439047677296189e-02
6.931818181818182e-01, 8.522727272727273e-01, -5.473676379900302e-02
7.159090909090909e-01, 8.522727272727273e-01, -5.458983751365616e-02
7.386363636363636e-01, 8.522727272727273e-01, -5.397833032989748e-02
7.613636363636364e-01, 8.522727272727273e-01, -5.280452372495464e-02
7.840909090909091e-01, 8.522727272727273e-01, -5.110548662874878e-02
8.068181818181818e-01, 8.522727272727273e-01, -4.875584691066098e-02
8.295454545454546e-01, 8.522727272727273e-01, -4.582365790302972e-02
8.522727272727273e-01, 8.522727272727273e-01, -4.219520781821328e-02
8.750000000000000e-01, 8.522727272727273e-01, -3.787357962927428e-02
8.977272727272727e-01, 8.522727272727273e-01, -3.282277489127945e-02
9.204545454545454e-01, 8.522727272727273e-01, -2.698858070172453e-02
9.431818181818182e-01, 8.522727272727273e-01, -2.029209097631448e-02
9.659090909090909e-01, 8.522727272727273e-01, -1.279844472444616e-02
9.886363636363636e-01, 8.522727272727273e-01, -4.475308985804791e-03
1.136363636363636e-02, 8.750000000000000e-01, 7.129971763898636e-04
3.409090909090909e-02, 8.750000000000000e-01, 1.768040722713017e-03
5.681818181818182e-02, 8.750000000000000e-01, 2.375805854101384e-03
7.954545454545454e-02, 8.750000000000000e-01, 2.542652987888208e-03
1.022727272727273e-01, 8.750000000000000e-01, 2.286810026678873e-03
1.250000000000000e-01, 8.750000000000000e-01, 1.646065467899321e-03
1.477272727272727e-01, 8.750000000000000e-01, 6.699552075588136e-04
1.704545454545454e-01, 8.750000000000000e-01, -6.493610225149089e-04
1.931818181818182e-01, 8.750000000000000e-01, -2.230545821706725e-03
2.159090909090909e-01, 8.750000000000000e-01, -4.103169888035348e-03
2.386363636363636e-01, 8.750000000000000e-01, -6.176175158690841e-03
2.613636363636364e-01, 8.750000000000000e-01, -8.474946304471893e-03
2.840909090909091e-01, 8.750000000000000e-01, -1.091562490611623e-02
3.068181818181818e-01, 8.750000000000000e-01, -1.352003125678386e-02
3.295454545454545e-01, 8.750000000000000e-01, -1.620474630403969e-02
3.522727272727273e-01, 8.750000000000000e-01, -1.898469221764652e-02
3.750000000000000e-01, 8.750000000000000e-01, -2.180002516963154e-02
3.977272727272727e-01, 8.750000000000000e-01, -2.462997892960083e-02
4.204545454545455e-01, 8.750000000000000e-01, -2.745794483802861e-02
4.431818181818182e-01, 8.750000000000000e-01, -3.021857521798485e-02
4.659090909090909e-01, 8.750000000000000e-01, -3.293496668821020e-02
4.886363636363636e-01, 8.750000000000000e-01, -3.551367920412639e-02
5.113636363636364e-01, 8.750000000000000e-01, -3.798753388922677e-02
5.340909090909091e-01, 8.750000000000000e-01, -4.026075899909031e-02
5.568181818181818e-01, 8.750000000000000e-01, -4.237208255715587e-02
5.795454545454546e-01, 8.750000000000000e-01, -4.421624622189523e-02
6.022727272727273e-01, 8.750000000000000e-01, -4.583352095718340e-02
6.250000000000000e-01, 8.750000000000000e-01, -4.713654168064106e-02
6.477272727272727e-01, 8.750000000000000e-01, -4.814019188654169e-02
6.704545454545454e-01, 8.750000000000000e-01, -4.877795122903623e-02
6.931818181818182e-01, 8.750000000000000e-01, -4.905257854445404e-02
7.159090909090909e-01, 8.750000000000000e-01, -4.889680644944395e-02
7.386363636363636e-01, 8.750000000000000e-01, -4.831976430669378e-02
7.613636363636364e-01, 8.750000000000000e-01, -4.724906958378405e-02
7.840909090909091e-01, 8.750000000000000e-01, -4.570523239616918e-02
8.068181818181818e-01, 8.750000000000000e-01, -4.358705052937404e-02
8.295454545454546e-01, 8.750000000000000e-01, -4.094677772655399e-02
8.522727272727273e-01, 8.750000000000000e-01, -3.767432376836034e-02
8.750000000000000e-01, 8.750000000000000e-01, -3.380834531791409e-02
8.977272727272727e-01, 8.750000000000000e-01, -2.925659769465585e-02
9.204545454545454e-01, 8.750000000000000e-01, -2.407416613240547e-02
9.431818181818182e-01, 8.750000000000000e-01, -1.813962005121951e-02
9.659090909090909e-01, 8.750000000000000e-01, -1.149265071936119e-02
9.886363636363636e-01, 8.750000000000000e-01, -4.011203765574298e-03
1.136363636363636e-02, 8.977272727272727e-01, 5.864338694314184e-04
3.409090909090909e-02, 8.977272727272727e-01, 1.435181674421760e-03
5.681818181818182e-02, 8.977272727272727e-01, 1.890963678378462e-03
7.954545454545454e-02, 8.977272727272727e-01, 1.976335218294449e-03
1.022727272727273e-01, 8.977272727272727e-01, 1.702855539269313e-03
1.250000000000000e-01, 8.977272727272727e-01, 1.121089017262210e-03
1.477272727272727e-01, 8.977272727272727e-01, 2.325558222675442e-04
1.704545454545454e-01, 8.977272727272727e-01, -9.270100121231741e-04
1.931818181818182e-01, 8.977272727272727e-01, -2.320492641405039e-03
2.159090909090909e-01, 8.977272727272727e-01, -3.956160599327609e-03
2.386363636363636e-01, 8.977272727272727e-01, -5.745885502473761e-03
2.613636363636364e-01, 8.977272727272727e-01, -7.753134041452664e-03
2.840909090909091e-01, 8.977272727272727e-01, -9.844155751851326e-03
3.068181818181818e-01, 8.977272727272727e-01, -1.210590550664376e-02
3.295454545454545e-01, 8.977272727272727e-01, -1.441133727911705e-02
3.522727272727273e-01, 8.977272727272727e-01, -1.681047975829827e-02
3.750000000000000e-01, 8.977272727272727e-01, -1.923001032194828e-02
3.977272727272727e-01, 8.977272727272727e-01, -2.166036006440135e-02
4.204545454545455e-01, 8.977272727272727e-01, -2.409144272488302e-02
4.431818181818182e-01, 8.977272727272727e-01, -2.644904278519812e-02
4.659090909090909e-01, 8.977272727272727e-01, -2.878689067104692e-02
4.886363636363636e-01, 8.977272727272727e-01, -3.097001078266794e-02
5.113636363636364e-01, 8.977272727272727e-01, -3.309801930402369e-02
5.340909090909091e-01, 8.977272727272727e-01, -3.502059729997276e-02
5.568181818181818e-01, 8.977272727272727e-01, -3.682007359444926e-02
5.795454545454546e-01, 8.977272727272727e-01, -3.839022918850241e-02
6.022727272727273e-01, 8.977272727272727e-01, -3.975385284980961e-02
6.250000000000000e-01, 8.977272727272727e-01, -4.086330155875956e-02
6.477272727272727e-01, 8.977272727272727e-01, -4.169280715690124e-02
6.704545454545454e-01, 8.977272727272727e-01, -4.223104421555748e-02
6.931818181818182e-01, 8.977272727272727e-01, -4.243037392703499e-02
7.159090909090909e-01, 8.977272727272727e-01, -4.228477763597390e-02
7.386363636363636e-01, 8.977272727272727e-01, -4.175892026176670e-02
7.613636363636364e-01, 8.977272727272727e-01, -4.081626928591699e-02
7.840909090909091e-01, 8.977272727272727e-01, -3.946665321682466e-02
8.068181818181818e-01, 8.977272727272727e-01, -3.762121068734894e-02
8.295454545454546e-01, 8.977272727272727e-01, -3.534915541752210e-02
8.522727272727273e-01, 8.977272727272727e-01, -3.249533704646989e-02
8.750000000000000e-01, 8.977272727272727e-01, -2.914034468090403e-02
8.977272727272727e-01, 8.977272727272727e-01, -2.525737044572423e-02
9.204545454545454e-01, 8.977272727272727e-01, -2.076862941800987e-02
9.431818181818182e-01, 8.977272727272727e-01, -1.561073311174914e-02
9.659090909090909e-01, 8.977272727272727e-01, -9.828876070449123e-03
9.886363636363636e-01, 8.977272727272727e-01, -3.428664860907178e-03
1.136363636363636e-02, 9.204545454545454e-01, 4.472615827247648e-04
3.409090909090909e-02, 9.204545454545454e-01, 1.083081968026964e-03
5.681818181818182e-02, 9.204545454545454e-01, 1.419034909759137e-03
7.954545454545454e-02, 9.204545454545454e-01, 1.449650333980929e-03
1.022727272727273e-01, 9.204545454545454e-01, 1.183470084757084e-03
1.250000000000000e-01, 9.204545454545454e-01, 6.811679592022681e-04
1.477272727272727e-01, 9.204545454545454e-01, -8.189063601235669e-05
1.704545454545454e-01, 9.204545454545454e-01, -1.050244974984076e-03
1.931818181818182e-01, 9.204545454545454e-01, -2.217594865421687e-03
2.159090909090909e-01, 9.204545454545454e-01, -3.564390937129675e-03
2.386363636363636e-01, 9.204545454545454e-01, -5.053553249336464e-03
2.613636363636364e-01, 9.204545454545454e-01, -6.692402750580009e-03
2.840909090909091e-01, 9.204545454545454e-01, -8.421747835004552e-03
3.068181818181818e-01, 9.204545454545454e-01, -1.026619505531200e-02
3.295454545454545e-01, 9.204545454545454e-01, -1.215411197229732e-02
3.522727272727273e-01, 9.204545454545454e-01, -1.411765187152261e-02
3.750000000000000e-01, 9.204545454545454e-01, -1.609467724102566e-02
3.977272727272727e-01, 9.204545454545454e-01, -1.807873146702389e-02
4.204545454545455e-01, 9.204545454545454e-01, -2.006130071840606e-02
4.431818181818182e-01, 9.204545454545454e-01, -2.198140157741842e-02
4.659090909090909e-01, 9.204545454545454e-01, -2.387112606623085e-02
4.886363636363636e-01, 9.204545454545454e-01, -2.565762381990936e-02
5.113636363636364e-01, 9.204545454545454e-01, -2.736802094842111e-02
5.340909090909091e-01, 9.204545454545454e-01, -2.893935298971955e-02
5.568181818181818e-01, 9.204545454545454e-01, -3.038393595546452e-02
5.795454545454546e-01, 9.204545454545454e-01, -3.165853506342640e-02
6.022727272727273e-01, 9.204545454545454e-01, -3.275081160879046e-02
6.250000000000000e-01, 9.204545454545454e-01, -3.364884927953218e-02
6.477272727272727e-01, 9.204545454545454e-01, -3.430059238215962e-02
6.704545454545454e-01, 9.204545454545454e-01, -3.472920009379204e-02
6.931818181818182e-01, 9.204545454545454e-01, -3.486525749175493e-02
7.159090909090909e-01, 9.204545454545454e-01, -3.472974460071813e-02
7.386363636363636e-01, 9.204545454545454e-01, -3.427666388997322e-02
7.613636363636364e-01, 9.204545454545454e-01, -3.349088075270717e-02
7.840909090909091e-01, 9.204545454545454e-01, -3.236561210863000e-02
8.068181818181818e-01, 9.204545454545454e-01, -3.084419932124923e-02
8.295454545454546e-01, 9.204545454545454e-01, -2.896520844319477e-02
8.522727272727273e-01, 9.204545454545454e-01, -2.661816657144421e-02
8.750000000000000e-01, 9.204545454545454e-01, -2.389342951346944e-02
8.977272727272727e-01, 9.204545454545454e-01, -2.066474038671705e-02
9.204545454545454e-01, 9.204545454545454e-01, -1.698991601075729e-02
9.431818181818182e-01, 9.204545454545454e-01, -1.277836803864102e-02
9.659090909090909e-01, 9.204545454545454e-01, -8.099885785614526e-03
9.886363636363636e-01, 9.204545454545454e-01, -2.830298459798543e-03
1.136363636363636e-02, 9.431818181818182e-01, 3.175234935504442e-04
3.409090909090909e-02, 9.431818181818182e-01, 7.698232590193689e-04
5.681818181818182e-02, 9.431818181818182e-01, 9.767365790655160e-04
7.954545454545454e-02, 9.431818181818182e-01, 9.697196686038970e-04
1.022727272727273e-01, 9.431818181818182e-01, 7.478514904190205e-04
1.250000000000000e-01, 9.431818181818182e-01, 3.438470396171977e-04
1.477272727272727e-01, 9.431818181818182e-01, -2.482629834685374e-04
1.704545454545454e-01, 9.431818181818182e-01, -9.799167354529112e-04
1.931818181818182e-01, 9.431818181818182e-01, -1.885777382372370e-03
2.159090909090909e-01, 9.431818181818182e-01, -2.889632863461756e-03
2.386363636363636e-01, 9.431818181818182e-01, -4.039373441386420e-03
2.613636363636364e-01, 9.431818181818182e-01, -5.253373669177697e-03
2.840909090909091e-01, 9.431818181818182e-01, -6.583607570231223e-03
3.068181818181818e-01, 9.431818181818182e-01, -7.944526209909009e-03
3.295454545454545e-01, 9.431818181818182e-01, -9.391038278495075e-03
3.522727272727273e-01, 9.431818181818182e-01, -1.083732086464472e-02
3.750000000000000e-01, 9.431818181818182e-01, -1.231995700008525e-02
3.977272727272727e-01, 9.431818181818182e-01, -1.380601847621465e-02
4.204545454545455e-01, 9.431818181818182e-01, -1.526147200870071e-02
4.431818181818182e-01, 9.431818181818182e-01, -1.672488652072167e-02
4.659090909090909e-01, 9.431818181818182e-01, -1.810760195385074e-02
4.886363636363636e-01, 9.431818181818182e-01, -1.946818952508725e-02
5.113636363636364e-01, 9.431818181818182e-01, -2.071667583595209e-02
5.340909090909091e-01, 9.431818181818182e-01, -2.191018710514235e-02
5.568181818181818e-01, 9.431818181818182e-01, -2.296120248802931e-02
5.795454545454546e-01, 9.431818181818182e-01, -2.392373162300210e-02
6.022727272727273e-01, 9.431818181818182e-01, -2.471543309409594e-02
6.250000000000000e-01, 9.431818181818182e-01, -2.537476335052201e-02
6.477272727272727e-01, 9.431818181818182e-01, -2.585361948566452e-02
6.704545454545454e-01, 9.431818181818182e-01, -2.615582712153995e-02
6.931818181818182e-01, 9.431818181818182e-01, -2.625002598053669e-02
7.159090909090909e-01, 9.431818181818182e-01, -2.613697608742828e-02
7.386363636363636e-01, 9.431818181818182e-01, -2.577899869644126e-02
7.613636363636364e-01, 9.431818181818182e-01, -2.518754716420991e-02
7.840909090909091e-01, 9.431818181818182e-01, -2.431530073485043e-02
8.068181818181818e-01, 9.431818181818182e-01, -2.318228647264420e-02
8.295454545454546e-01, 9.431818181818182e-01, -2.173301577211353e-02
8.522727272727273e-01, 9.431818181818182e-01, -1.999271955373699e-02
8.750000000000000e-01, 9.431818181818182e-01, -1.792770196635803e-02
8.977272727272727e-01, 9.431818181818182e-01, -1.549271373848557e-02
9.204545454545454e-01, 9.431818181818182e-01, -1.272194628170857e-02
9.431818181818182e-01, 9.431818181818182e-01, -9.550373117048783e-03
9.659090909090909e-01, 9.431818181818182e-01, -6.018156167883310e-03
9.886363636363636e-01, 9.431818181818182e-01, -2.081440543878316e-03
1.136363636363636e-02, 9.659090909090909e-01, 1.906887662429681e-04
3.409090909090909e-02, 9.659090909090909e-01, 4.504734194637108e-04
5.681818181818182e-02, 9.659090909090909e-01, 5.637558299557262e-04
7.954545454545454e-02, 9.659090909090909e-01, 5.378851417229516e-04
1.022727272727273e-01, 9.659090909090909e-01, 3.882820002947185e-04
1.250000000000000e-01, 9.659090909090909e-01, 1.155035167133829e-04
1.477272727272727e-01, 9.659090909090909e-01, -2.654695292297119e-04
1.704545454545454e-01, 9.659090909090909e-01, -7.366179916169816e-04
1.931818181818182e-01, 9.659090909090909e-01, -1.319759293659011e-03
2.159090909090909e-01, 9.659090909090909e-01, -1.941595814876565e-03
2.386363636363636e-01, 9.659090909090909e-01, -2.695088829033182e-03
2.613636363636364e-01, 9.659090909090909e-01, -3.425628331774368e-03
2.840909090909091e-01, 9.659090909090909e-01, -4.295689854291886e-03
3.068181818181818e-01, 9.659090909090909e-01, -5.127837420588661e-03
3.295454545454545e-01, 9.659090909090909e-01, -6.051728902952872e-03
3.522727272727273e-01, 9.659090909090909e-01, -6.954038095918444e-03
3.750000000000000e-01, 9.659090909090909e-01, -7.888788297828691e-03
3.977272727272727e-01, 9.659090909090909e-01, -8.824623671376205e-03
4.204545454545455e-01, 9.659090909090909e-01, -9.730188283976029e-03
4.431818181818182e-01, 9.659090909090909e-01, -1.065999007257189e-02
4.659090909090909e-01, 9.659090909090909e-01, -1.149924887963005e-02
4.886363636363636e-01, 9.659090909090909e-01, -1.238053156233191e-02
5.113636363636364e-01, 9.659090909090909e-01, -1.312166379523948e-02
5.340909090909091e-01, 9.659090909090909e-01, -1.389139530825382e-02
5.568181818181818e-01, 9.659090909090909e-01, -1.452842788239209e-02
5.795454545454546e-01, 9.659090909090909e-01, -1.513173159714172e-02
6.022727272727273e-01, 9.659090909090909e-01, -1.562342670411201e-02
6.250000000000000e-01, 9.659090909090909e-01, -1.602772913287109e-02
6.477272727272727e-01, 9.659090909090909e-01, -1.632705051764625e-02
6.704545454545454e-01, 9.659090909090909e-01, -1.650270763106782e-02
6.931818181818182e-01, 9.659090909090909e-01, -1.655970172921798e-02
7.159090909090909e-01, 9.659090909090909e-01, -1.648000417344030e-02
7.386363636363636e-01, 9.659090909090909e-01, -1.624181533497999e-02
7.613636363636364e-01, 9.659090909090909e-01, -1.588096453135919e-02
7.840909090909091e-01, 9.659090909090909e-01, -1.530300207607828e-02
8.068181818181818e-01, 9.659090909090909e-01, -1.460858457432545e-02
8.295454545454546e-01, 9.659090909090909e-01, -1.367113182175831e-02
8.522727272727273e-01, 9.659090909090909e-01, -1.258792015860507e-02
8.750000000000000e-01, 9.659090909090909e-01, -1.127051985795840e-02
8.977272727272727e-01, 9.659090909090909e-01, -9.735456253188637e-03
9.204545454545454e-01, 9.659090909090909e-01, -8.012161961982156e-03
9.431818181818182e-01, 9.659090909090909e-01, -5.991163915684395e-03
9.659090909090909e-01, 9.659090909090909e-01, -3.749434069036569e-03
9.886363636363636e-01, 9.659090909090909e-01, -1.352521123831980e-03
1.136363636363636e-02, 9.886363636363636e-01, 6.684189960031986e-05
3.409090909090909e-02, 9.886363636363636e-01, 1.451919947342901e-04
5.681818181818182e-02, 9.886363636363636e-01, 1.799826611988198e-04
7.954545454545454e-02, 9.886363636363636e-01, 1.634729982616076e-04
1.022727272727273e-01, 9.886363636363636e-01, 1.099248496433915e-04
1.250000000000000e-01, 9.886363636363636e-01, 6.856837011429761e-06
1.477272727272727e-01, 9.886363636363636e-01, -1.321638700941876e-04
1.704545454545454e-01, 9.886363636363636e-01, -2.970317269586388e-04
1.931818181818182e-01, 9.886363636363636e-01, -5.090920098105329e-04
2.159090909090909e-01, 9.886363636363636e-01, -7.218818897594231e-04
2.386363636363636e-01, 9.886363636363636e-01, -9.884794309402939e-04
2.613636363636364e-01, 9.886363636363636e-01, -1.241178967475472e-03
2.840909090909091e-01, 9.886363636363636e-01, -1.547739836715132e-03
3.068181818181818e-01, 9.886363636363636e-01, -1.828401325205367e-03
3.295454545454545e-01, 9.886363636363636e-01, -2.160362373659591e-03
3.522727272727273e-01, 9.886363636363636e-01, -2.466196532290155e-03
3.750000000000000e-01, 9.886363636363636e-01, -2.799829171946026e-03
3.977272727272727e-01, 9.886363636363636e-01, -3.133540241856929e-03
4.204545454545455e-01, 9.886363636363636e-01, -3.439623411816558e-03
4.431818181818182e-01, 9.886363636363636e-01, -3.772020184883734e-03
4.659090909090909e-01, 9.886363636363636e-01, -4.053228077496136e-03
4.886363636363636e-01, 9.886363636363636e-01, -4.360578688052279e-03
5.113636363636364e-01, 9.886363636363636e-01, -4.614125325407519e-03
5.340909090909091e-01, 9.886363636363636e-01, -4.881867387927277e-03
5.568181818181818e-01, 9.886363636363636e-01, -5.095796377765988e-03
5.795454545454546e-01, 9.886363636363636e-01, -5.309367181158891e-03
6.022727272727273e-01, 9.886363636363636e-01, -5.475826472850285e-03
6.250000000000000e-01, 9.886363636363636e-01, -5.616559495354322e-03
6.477272727272727e-01, 9.886363636363636e-01, -5.722127186610800e-03
6.704545454545454e-01, 9.886363636363636e-01, -5.776928465567727e-03
6.931818181818182e-01, 9.886363636363636e-01, -5.795096984473808e-03
7.159090909090909e-01, 9.886363636363636e-01, -5.763964119785622e-03
7.386363636363636e-01, 9.886363636363636e-01, -5.677518732609397e-03
7.613636363636364e-01, 9.886363636363636e-01, -5.551138043521349e-03
7.840909090909091e-01, 9.886363636363636e-01, -5.345441751906842e-03
8.068181818181818e-01, 9.886363636363636e-01, -5.111851079949475e-03
8.295454545454546e-01, 9.886363636363636e-01, -4.772253877870211e-03
8.522727272727273e-01, 9.886363636363636e-01, -4.406678692511796e-03
8.750000000000000e-01, 9.886363636363636e-01, -3.931385887761899e-03
8.977272727272727e-01, 9.886363636363636e-01, -3.384912770076641e-03
9.204545454545454e-01, 9.886363636363636e-01, -2.794571948488293e-03
9.431818181818182e-01, 9.886363636363636e-01, -2.050283573670902e-03
9.659090909090909e-01, 9.886363636363636e-01, -1.341308316335698e-03
9.886363636363636e-01, 9.886363636363636e-01, -3.727632838560164e-04
