x, y, u
1.136363636363636e-02, 1.136363636363636e-02, 0.000000000000000e+00
3.409090909090909e-02, 1.136363636363636e-02, 0.000000000000000e+00
5.681818181818182e-02, 1.136363636363636e-02, 0.000000000000000e+00
7.954545454545454e-02, 1.136363636363636e-02, 0.000000000000000e+00
1.022727272727273e-01, 1.136363636363636e-02, 0.000000000000000e+00
1.250000000000000e-01, 1.136363636363636e-02, 9.706795219013238e-04
1.477272727272727e-01, 1.136363636363636e-02, 1.339192028427687e-03
1.704545454545454e-01, 1.136363636363636e-02, 1.339192028427687e-03
1.931818181818182e-01, 1.136363636363636e-02, 1.339192028427687e-03
2.159090909090909e-01, 1.136363636363636e-02, 1.339192028427687e-03
2.386363636363636e-01, 1.136363636363636e-02, 1.339192028427687e-03
2.613636363636364e-01, 1.136363636363636e-02, 1.498804878424030e-03
2.840909090909091e-01, 1.136363636363636e-02, 1.498804878424030e-03
3.068181818181818e-01, 1.136363636363636e-02, 1.498804878424029e-03
3.295454545454545e-01, 1.136363636363636e-02, 1.498804878424030e-03
3.522727272727273e-01, 1.136363636363636e-02, 1.498804878424030e-03
3.750000000000000e-01, 1.136363636363636e-02, 1.352366974409099e-03
3.977272727272727e-01, 1.136363636363636e-02, 1.196767170662198e-03
4.204545454545455e-01, 1.136363636363636e-02, 1.196767170662197e-03
4.431818181818182e-01, 1.136363636363636e-02, 1.196767170662196e-03
4.659090909090909e-01, 1.136363636363636e-02, 1.196767170662198e-03
4.886363636363636e-01, 1.136363636363636e-02, 1.196767170662198e-03
5.113636363636364e-01, 1.136363636363636e-02, 7.281265098583293e-04
5.340909090909091e-01, 1.136363636363636e-02, 7.281265098583286e-04
5.568181818181818e-01, 1.136363636363636e-02, 7.281265098583286e-04
5.795454545454546e-01, 1.136363636363636e-02, 7.281265098583290e-04
6.022727272727273e-01, 1.136363636363636e-02, 7.281265098583290e-04
6.250000000000000e-01, 1.136363636363636e-02, 4.938477765966012e-04
6.477272727272727e-01, 1.136363636363636e-02, 2.522386622069495e-04
6.704545454545454e-01, 1.136363636363636e-02, 2.522386622069499e-04
6.931818181818182e-01, 1.136363636363636e-02, 2.522386622069499e-04
7.159090909090909e-01, 1.136363636363636e-02, 2.522386622069495e-04
7.386363636363636e-01, 1.136363636363636e-02, 2.522386622069495e-04
7.613636363636364e-01, 1.136363636363636e-02, -1.601419733838506e-04
7.840909090909091e-01, 1.136363636363636e-02, -1.601419733838506e-04
8.068181818181818e-01, 1.136363636363636e-02, -1.601419733838507e-04
8.295454545454546e-01, 1.136363636363636e-02, -1.601419733838505e-04
8.522727272727273e-01, 1.136363636363636e-02, -1.601419733838505e-04
8.750000000000000e-01, 1.136363636363636e-02, -1.034147446156225e-04
8.977272727272727e-01, 1.136363636363636e-02, 0.000000000000000e+00
9.204545454545454e-01, 1.136363636363636e-02, 0.000000000000000e+00
9.431818181818182e-01, 1.136363636363636e-02, 0.000000000000000e+00
9.659090909090909e-01, 1.136363636363636e-02, 0.000000000000000e+00
9.886363636363636e-01, 1.136363636363636e-02, 0.000000000000000e+00
1.136363636363636e-02, 3.409090909090909e-02, 0.000000000000000e+00
3.409090909090909e-02, 3.409090909090909e-02, 0.000000000000000e+00
5.681818181818182e-02, 3.409090909090909e-02, 0.000000000000000e+00
7.954545454545454e-02, 3.409090909090909e-02, 0.000000000000000e+00
1.022727272727273e-01, 3.409090909090909e-02, 9.706795219013242e-04
1.250000000000000e-01, 3.409090909090909e-02, 2.912038565703971e-03
1.477272727272727e-01, 3.409090909090909e-02, 4.017576085283065e-03
1.704545454545454e-01, 3.409090909090909e-02, 4.017576085283063e-03
1.931818181818182e-01, 3.409090909090909e-02, 4.017576085283063e-03
2.159090909090909e-01, 3.409090909090909e-02, 4.017576085283064e-03
2.386363636363636e-01, 3.409090909090909e-02, 4.131685338271337e-03
2.613636363636364e-01, 3.409090909090909e-02, 4.424230560980015e-03
2.840909090909091e-01, 3.409090909090909e-02, 4.496414635272089e-03
3.068181818181818e-01, 3.409090909090909e-02, 4.496414635272089e-03
3.295454545454545e-01, 3.409090909090909e-02, 4.496414635272089e-03
3.522727272727273e-01, 3.409090909090909e-02, 4.496414635272089e-03
3.750000000000000e-01, 3.409090909090909e-02, 4.057100923227294e-03
3.977272727272727e-01, 3.409090909090909e-02, 3.590301511986591e-03
4.204545454545455e-01, 3.409090909090909e-02, 3.590301511986591e-03
4.431818181818182e-01, 3.409090909090909e-02, 3.590301511986591e-03
4.659090909090909e-01, 3.409090909090909e-02, 3.590301511986591e-03
4.886363636363636e-01, 3.409090909090909e-02, 3.375361357340326e-03
5.113636363636364e-01, 3.409090909090909e-02, 2.489860288083683e-03
5.340909090909091e-01, 3.409090909090909e-02, 2.184379529574987e-03
5.568181818181818e-01, 3.409090909090909e-02, 2.184379529574987e-03
5.795454545454546e-01, 3.409090909090909e-02, 2.184379529574987e-03
6.022727272727273e-01, 3.409090909090909e-02, 2.184379529574987e-03
6.250000000000000e-01, 3.409090909090909e-02, 1.481543329789804e-03
6.477272727272727e-01, 3.409090909090909e-02, 7.567159866208489e-04
6.704545454545454e-01, 3.409090909090909e-02, 7.567159866208490e-04
6.931818181818182e-01, 3.409090909090909e-02, 7.567159866208489e-04
7.159090909090909e-01, 3.409090909090909e-02, 7.567159866208490e-04
7.386363636363636e-01, 3.409090909090909e-02, 4.497679708500056e-04
7.613636363636364e-01, 3.409090909090909e-02, -1.807507495230128e-04
7.840909090909091e-01, 3.409090909090909e-02, -4.804259201515515e-04
8.068181818181818e-01, 3.409090909090909e-02, -4.804259201515515e-04
8.295454545454546e-01, 3.409090909090909e-02, -4.804259201515515e-04
8.522727272727273e-01, 3.409090909090909e-02, -4.804259201515516e-04
8.750000000000000e-01, 3.409090909090909e-02, -3.102442338468676e-04
8.977272727272727e-01, 3.409090909090909e-02, -1.034147446156227e-04
9.204545454545454e-01, 3.409090909090909e-02, 0.000000000000000e+00
9.431818181818182e-01, 3.409090909090909e-02, 0.000000000000000e+00
9.659090909090909e-01, 3.409090909090909e-02, 0.000000000000000e+00
9.886363636363636e-01, 3.409090909090909e-02, 0.000000000000000e+00
1.136363636363636e-02, 5.681818181818182e-02, 0.000000000000000e+00
3.409090909090909e-02, 5.681818181818182e-02, 0.000000000000000e+00
5.681818181818182e-02, 5.681818181818182e-02, 0.000000000000000e+00
7.954545454545454e-02, 5.681818181818182e-02, 9.706795219013234e-04
1.022727272727273e-01, 5.681818181818182e-02, 2.912038565703972e-03
1.250000000000000e-01, 5.681818181818182e-02, 4.853397609506619e-03
1.477272727272727e-01, 5.681818181818182e-02, 6.695960142138440e-03
1.704545454545454e-01, 5.681818181818182e-02, 6.695960142138440e-03
1.931818181818182e-01, 5.681818181818182e-02, 6.695960142138440e-03
2.159090909090909e-01, 5.681818181818182e-02, 6.695960142138440e-03
2.386363636363636e-01, 5.681818181818182e-02, 6.983657304688454e-03
2.613636363636364e-01, 5.681818181818182e-02, 7.276202527397131e-03
2.840909090909091e-01, 5.681818181818182e-02, 7.494024392120150e-03
3.068181818181818e-01, 5.681818181818182e-02, 7.494024392120150e-03
3.295454545454545e-01, 5.681818181818182e-02, 7.494024392120150e-03
3.522727272727273e-01, 5.681818181818182e-02, 7.338325664369288e-03
3.750000000000000e-01, 5.681818181818182e-02, 6.761834872045487e-03
3.977272727272727e-01, 5.681818181818182e-02, 6.185344079721687e-03
4.204545454545455e-01, 5.681818181818182e-02, 5.983835853310985e-03
4.431818181818182e-01, 5.681818181818182e-02, 5.983835853310985e-03
4.659090909090909e-01, 5.681818181818182e-02, 5.983835853310985e-03
4.886363636363636e-01, 5.681818181818182e-02, 5.330435239148329e-03
5.113636363636364e-01, 5.681818181818182e-02, 4.444934169891683e-03
5.340909090909091e-01, 5.681818181818182e-02, 3.640632549291644e-03
5.568181818181818e-01, 5.681818181818182e-02, 3.640632549291644e-03
5.795454545454546e-01, 5.681818181818182e-02, 3.640632549291644e-03
6.022727272727273e-01, 5.681818181818182e-02, 3.333882522690536e-03
6.250000000000000e-01, 5.681818181818182e-02, 2.469238882983007e-03
6.477272727272727e-01, 5.681818181818182e-02, 1.604595243275478e-03
6.704545454545454e-01, 5.681818181818182e-02, 1.261193311034748e-03
6.931818181818182e-01, 5.681818181818182e-02, 1.261193311034748e-03
7.159090909090909e-01, 5.681818181818182e-02, 1.169959098332021e-03
7.386363636363636e-01, 5.681818181818182e-02, 5.394403779590029e-04
7.613636363636364e-01, 5.681818181818182e-02, -9.107834241401511e-05
7.840909090909091e-01, 5.681818181818182e-02, -7.215970627870336e-04
8.068181818181818e-01, 5.681818181818182e-02, -8.007098669192527e-04
8.295454545454546e-01, 5.681818181818182e-02, -8.007098669192529e-04
8.522727272727273e-01, 5.681818181818182e-02, -7.239032123093577e-04
8.750000000000000e-01, 5.681818181818182e-02, -5.170737230781127e-04
8.977272727272727e-01, 5.681818181818182e-02, -3.102442338468679e-04
9.204545454545454e-01, 5.681818181818182e-02, -1.034147446156228e-04
9.431818181818182e-01, 5.681818181818182e-02, 0.000000000000000e+00
9.659090909090909e-01, 5.681818181818182e-02, 0.000000000000000e+00
9.886363636363636e-01, 5.681818181818182e-02, 0.000000000000000e+00
1.136363636363636e-02, 7.954545454545454e-02, 0.000000000000000e+00
3.409090909090909e-02, 7.954545454545454e-02, 0.000000000000000e+00
5.681818181818182e-02, 7.954545454545454e-02, 9.706795219013234e-04
7.954545454545454e-02, 7.954545454545454e-02, 2.912038565703971e-03
1.022727272727273e-01, 7.954545454545454e-02, 4.853397609506620e-03
1.250000000000000e-01, 7.954545454545454e-02, 6.794756653309267e-03
1.477272727272727e-01, 7.954545454545454e-02, 8.736115697111916e-03
1.704545454545454e-01, 7.954545454545454e-02, 9.374344198993816e-03
1.931818181818182e-01, 7.954545454545454e-02, 9.374344198993818e-03
2.159090909090909e-01, 7.954545454545454e-02, 9.543084048396896e-03
2.386363636363636e-01, 7.954545454545454e-02, 9.835629271105572e-03
2.613636363636364e-01, 7.954545454545454e-02, 1.012817449381425e-02
2.840909090909091e-01, 7.954545454545454e-02, 1.042071971652292e-02
3.068181818181818e-01, 7.954545454545454e-02, 1.049163414896821e-02
3.295454545454545e-01, 7.954545454545454e-02, 1.049163414896821e-02
3.522727272727273e-01, 7.954545454545454e-02, 1.004305961318749e-02
3.750000000000000e-01, 7.954545454545454e-02, 9.466568820863684e-03
3.977272727272727e-01, 7.954545454545454e-02, 8.890078028539881e-03
4.204545454545455e-01, 7.954545454545454e-02, 8.377370194635379e-03
4.431818181818182e-01, 7.954545454545454e-02, 8.377370194635379e-03
4.659090909090909e-01, 7.954545454545454e-02, 8.171010190212980e-03
4.886363636363636e-01, 7.954545454545454e-02, 7.285509120956333e-03
5.113636363636364e-01, 7.954545454545454e-02, 6.400008051699687e-03
5.340909090909091e-01, 7.954545454545454e-02, 5.514506982443042e-03
5.568181818181818e-01, 7.954545454545454e-02, 5.096885569008302e-03
5.795454545454546e-01, 7.954545454545454e-02, 5.096885569008302e-03
6.022727272727273e-01, 7.954545454545454e-02, 4.321578075883737e-03
6.250000000000000e-01, 7.954545454545454e-02, 3.456934436176209e-03
6.477272727272727e-01, 7.954545454545454e-02, 2.592290796468680e-03
6.704545454545454e-01, 7.954545454545454e-02, 1.765670635448648e-03
6.931818181818182e-01, 7.954545454545454e-02, 1.765670635448648e-03
7.159090909090909e-01, 7.954545454545454e-02, 1.259631505441019e-03
7.386363636363636e-01, 7.954545454545454e-02, 6.291127850680011e-04
7.613636363636364e-01, 7.954545454545454e-02, -1.405935305017797e-06
7.840909090909091e-01, 7.954545454545454e-02, -6.319246556780362e-04
8.068181818181818e-01, 7.954545454545454e-02, -1.120993813686954e-03
8.295454545454546e-01, 7.954545454545454e-02, -1.120993813686954e-03
8.522727272727273e-01, 7.954545454545454e-02, -9.307327015406027e-04
8.750000000000000e-01, 7.954545454545454e-02, -7.239032123093579e-04
8.977272727272727e-01, 7.954545454545454e-02, -5.170737230781131e-04
9.204545454545454e-01, 7.954545454545454e-02, -3.102442338468681e-04
9.431818181818182e-01, 7.954545454545454e-02, -1.034147446156222e-04
9.659090909090909e-01, 7.954545454545454e-02, 0.000000000000000e+00
9.886363636363636e-01, 7.954545454545454e-02, 0.000000000000000e+00
1.136363636363636e-02, 1.022727272727273e-01, 0.000000000000000e+00
3.409090909090909e-02, 1.022727272727273e-01, 9.706795219013251e-04
5.681818181818182e-02, 1.022727272727273e-01, 2.912038565703972e-03
7.954545454545454e-02, 1.022727272727273e-01, 4.853397609506619e-03
1.022727272727273e-01, 1.022727272727273e-01, 6.794756653309268e-03
1.250000000000000e-01, 1.022727272727273e-01, 8.736115697111916e-03
1.477272727272727e-01, 1.022727272727273e-01, 1.067747474091456e-02
1.704545454545454e-01, 1.022727272727273e-01, 1.205272825584919e-02
1.931818181818182e-01, 1.022727272727273e-01, 1.210251079210534e-02
2.159090909090909e-01, 1.022727272727273e-01, 1.239505601481401e-02
2.386363636363636e-01, 1.022727272727273e-01, 1.268760123752269e-02
2.613636363636364e-01, 1.022727272727273e-01, 1.298014646023137e-02
2.840909090909091e-01, 1.022727272727273e-01, 1.327269168294004e-02
3.068181818181818e-01, 1.022727272727273e-01, 1.348924390581627e-02
3.295454545454545e-01, 1.022727272727273e-01, 1.332428435432948e-02
3.522727272727273e-01, 1.022727272727273e-01, 1.274779356200568e-02
3.750000000000000e-01, 1.022727272727273e-01, 1.217130276968188e-02
3.977272727272727e-01, 1.022727272727273e-01, 1.159481197735808e-02
4.204545454545455e-01, 1.022727272727273e-01, 1.101832118503428e-02
4.431818181818182e-01, 1.022727272727273e-01, 1.077090453595977e-02
4.659090909090909e-01, 1.022727272727273e-01, 1.012608407202098e-02
4.886363636363636e-01, 1.022727272727273e-01, 9.240583002764336e-03
5.113636363636364e-01, 1.022727272727273e-01, 8.355081933507692e-03
5.340909090909091e-01, 1.022727272727273e-01, 7.469580864251046e-03
5.568181818181818e-01, 1.022727272727273e-01, 6.584079794994402e-03
5.795454545454546e-01, 1.022727272727273e-01, 6.173917268784470e-03
6.022727272727273e-01, 1.022727272727273e-01, 5.309273629076940e-03
6.250000000000000e-01, 1.022727272727273e-01, 4.444629989369412e-03
6.477272727272727e-01, 1.022727272727273e-01, 3.579986349661883e-03
6.704545454545454e-01, 1.022727272727273e-01, 2.715342709954354e-03
6.931818181818182e-01, 1.022727272727273e-01, 1.979822632923035e-03
7.159090909090909e-01, 1.022727272727273e-01, 1.349303912550016e-03
7.386363636363636e-01, 1.022727272727273e-01, 7.187851921769982e-04
7.613636363636364e-01, 1.022727272727273e-01, 8.826647180397954e-05
7.840909090909091e-01, 1.022727272727273e-01, -5.422522485690386e-04
8.068181818181818e-01, 1.022727272727273e-01, -1.172770968942057e-03
8.295454545454546e-01, 1.022727272727273e-01, -1.344391680003093e-03
8.522727272727273e-01, 1.022727272727273e-01, -1.137562190771848e-03
8.750000000000000e-01, 1.022727272727273e-01, -9.307327015406030e-04
8.977272727272727e-01, 1.022727272727273e-01, -7.239032123093582e-04
9.204545454545454e-01, 1.022727272727273e-01, -5.170737230781131e-04
9.431818181818182e-01, 1.022727272727273e-01, -3.102442338468673e-04
9.659090909090909e-01, 1.022727272727273e-01, -1.034147446156223e-04
9.886363636363636e-01, 1.022727272727273e-01, 0.000000000000000e+00
1.136363636363636e-02, 1.250000000000000e-01, 9.706795219013251e-04
3.409090909090909e-02, 1.250000000000000e-01, 2.912038565703972e-03
5.681818181818182e-02, 1.250000000000000e-01, 4.853397609506620e-03
7.954545454545454e-02, 1.250000000000000e-01, 6.794756653309267e-03
1.022727272727273e-01, 1.250000000000000e-01, 8.736115697111916e-03
1.250000000000000e-01, 1.250000000000000e-01, 1.067747474091456e-02
1.477272727272727e-01, 1.250000000000000e-01, 1.261883378471721e-02
1.704545454545454e-01, 1.250000000000000e-01, 1.456019282851985e-02
1.931818181818182e-01, 1.250000000000000e-01, 1.495448275852245e-02
2.159090909090909e-01, 1.250000000000000e-01, 1.524702798123113e-02
2.386363636363636e-01, 1.250000000000000e-01, 1.553957320393981e-02
2.613636363636364e-01, 1.250000000000000e-01, 1.583211842664848e-02
2.840909090909091e-01, 1.250000000000000e-01, 1.612466364935716e-02
3.068181818181818e-01, 1.250000000000000e-01, 1.637130542709743e-02
3.295454545454545e-01, 1.250000000000000e-01, 1.588756380891411e-02
3.522727272727273e-01, 1.250000000000000e-01, 1.523870791916441e-02
3.750000000000000e-01, 1.250000000000000e-01, 1.458985202941472e-02
3.977272727272727e-01, 1.250000000000000e-01, 1.394099613966502e-02
4.204545454545455e-01, 1.250000000000000e-01, 1.329214024991532e-02
4.431818181818182e-01, 1.250000000000000e-01, 1.238919311487346e-02
4.659090909090909e-01, 1.250000000000000e-01, 1.131868095903867e-02
4.886363636363636e-01, 1.250000000000000e-01, 1.024816880320388e-02
5.113636363636364e-01, 1.250000000000000e-01, 9.177656647369093e-03
5.340909090909091e-01, 1.250000000000000e-01, 8.107144491534308e-03
5.568181818181818e-01, 1.250000000000000e-01, 7.036632335699520e-03
5.795454545454546e-01, 1.250000000000000e-01, 5.561083141122683e-03
6.022727272727273e-01, 1.250000000000000e-01, 4.457322138012369e-03
6.250000000000000e-01, 1.250000000000000e-01, 3.353561134902055e-03
6.477272727272727e-01, 1.250000000000000e-01, 2.249800131791740e-03
6.704545454545454e-01, 1.250000000000000e-01, 1.146039128681427e-03
6.931818181818182e-01, 1.250000000000000e-01, 1.064183350685738e-04
7.159090909090909e-01, 1.250000000000000e-01, -5.631633301950756e-04
7.386363636363636e-01, 1.250000000000000e-01, -1.169973896719566e-03
7.613636363636364e-01, 1.250000000000000e-01, -1.776784463244056e-03
7.840909090909091e-01, 1.250000000000000e-01, -2.383595029768546e-03
8.068181818181818e-01, 1.250000000000000e-01, -2.911905632586890e-03
8.295454545454546e-01, 1.250000000000000e-01, -3.135798240261519e-03
8.522727272727273e-01, 1.250000000000000e-01, -2.717691808226650e-03
8.750000000000000e-01, 1.250000000000000e-01, -2.299585376191782e-03
8.977272727272727e-01, 1.250000000000000e-01, -1.881478944156912e-03
9.204545454545454e-01, 1.250000000000000e-01, -1.463372512122043e-03
9.431818181818182e-01, 1.250000000000000e-01, -1.045266080087172e-03
9.659090909090909e-01, 1.250000000000000e-01, -6.271596480523034e-04
9.886363636363636e-01, 1.250000000000000e-01, -2.090532160174343e-04
1.136363636363636e-02, 1.477272727272727e-01, 1.727181367313542e-03
3.409090909090909e-02, 1.477272727272727e-01, 4.140744622413086e-03
5.681818181818182e-02, 1.477272727272727e-01, 6.096759344342712e-03
7.954545454545454e-02, 1.477272727272727e-01, 8.052774066272337e-03
1.022727272727273e-01, 1.477272727272727e-01, 1.000878878820196e-02
1.250000000000000e-01, 1.477272727272727e-01, 1.196480351013159e-02
1.477272727272727e-01, 1.477272727272727e-01, 1.392081823206121e-02
1.704545454545454e-01, 1.477272727272727e-01, 1.561078067637064e-02
1.931818181818182e-01, 1.477272727272727e-01, 1.622214964853847e-02
2.159090909090909e-01, 1.477272727272727e-01, 1.645958980890114e-02
2.386363636363636e-01, 1.477272727272727e-01, 1.669702996926382e-02
2.613636363636364e-01, 1.477272727272727e-01, 1.693447012962649e-02
2.840909090909091e-01, 1.477272727272727e-01, 1.717191028998917e-02
3.068181818181818e-01, 1.477272727272727e-01, 1.704447042175830e-02
3.295454545454545e-01, 1.477272727272727e-01, 1.593541952975589e-02
3.522727272727273e-01, 1.477272727272727e-01, 1.528656364000619e-02
3.750000000000000e-01, 1.477272727272727e-01, 1.463770775025649e-02
3.977272727272727e-01, 1.477272727272727e-01, 1.398885186050679e-02
4.204545454545455e-01, 1.477272727272727e-01, 1.333999597075709e-02
4.431818181818182e-01, 1.477272727272727e-01, 1.188956944600572e-02
4.659090909090909e-01, 1.477272727272727e-01, 1.029730334944181e-02
4.886363636363636e-01, 1.477272727272727e-01, 9.226791193607019e-03
5.113636363636364e-01, 1.477272727272727e-01, 8.156279037772234e-03
5.340909090909091e-01, 1.477272727272727e-01, 7.085766881937446e-03
5.568181818181818e-01, 1.477272727272727e-01, 5.795169755046496e-03
5.795454545454546e-01, 1.477272727272727e-01, 4.023050252482430e-03
6.022727272727273e-01, 1.477272727272727e-01, 2.706700135416370e-03
6.250000000000000e-01, 1.477272727272727e-01, 1.602939132306055e-03
6.477272727272727e-01, 1.477272727272727e-01, 4.991781291957411e-04
6.704545454545454e-01, 1.477272727272727e-01, -5.833330288572441e-04
6.931818181818182e-01, 1.477272727272727e-01, -1.614056658600091e-03
7.159090909090909e-01, 1.477272727272727e-01, -2.552706363095980e-03
7.386363636363636e-01, 1.477272727272727e-01, -3.159516929620471e-03
7.613636363636364e-01, 1.477272727272727e-01, -3.766327496144961e-03
7.840909090909091e-01, 1.477272727272727e-01, -4.327656335906566e-03
8.068181818181818e-01, 1.477272727272727e-01, -4.681081286037178e-03
8.295454545454546e-01, 1.477272727272727e-01, -5.034506236167792e-03
8.522727272727273e-01, 1.477272727272727e-01, -4.782107019607201e-03
8.750000000000000e-01, 1.477272727272727e-01, -4.364000587572331e-03
8.977272727272727e-01, 1.477272727272727e-01, -3.945894155537462e-03
9.204545454545454e-01, 1.477272727272727e-01, -3.527787723502593e-03
9.431818181818182e-01, 1.477272727272727e-01, -3.109681291467722e-03
9.659090909090909e-01, 1.477272727272727e-01, -2.671780027221738e-03
9.886363636363636e-01, 1.477272727272727e-01, -8.905933424072454e-04
1.136363636363636e-02, 1.704545454545454e-01, 1.727181367313542e-03
3.409090909090909e-02, 1.704545454545454e-01, 5.181544101940629e-03
5.681818181818182e-02, 1.704545454545454e-01, 7.303481883861357e-03
7.954545454545454e-02, 1.704545454545454e-01, 9.259496605790981e-03
1.022727272727273e-01, 1.704545454545454e-01, 1.121551132772061e-02
1.250000000000000e-01, 1.704545454545454e-01, 1.317152604965023e-02
1.477272727272727e-01, 1.704545454545454e-01, 1.512754077157986e-02
1.704545454545454e-01, 1.704545454545454e-01, 1.629714383794657e-02
1.931818181818182e-01, 1.704545454545454e-01, 1.705455950460708e-02
2.159090909090909e-01, 1.704545454545454e-01, 1.749763483215555e-02
2.386363636363636e-01, 1.704545454545454e-01, 1.773507499251823e-02
2.613636363636364e-01, 1.704545454545454e-01, 1.797251515288090e-02
2.840909090909091e-01, 1.704545454545454e-01, 1.820995531324358e-02
3.068181818181818e-01, 1.704545454545454e-01, 1.741968831504403e-02
3.295454545454545e-01, 1.704545454545454e-01, 1.622002016126403e-02
3.522727272727273e-01, 1.704545454545454e-01, 1.533441936084797e-02
3.750000000000000e-01, 1.704545454545454e-01, 1.468556347109827e-02
3.977272727272727e-01, 1.704545454545454e-01, 1.403670758134857e-02
4.204545454545455e-01, 1.704545454545454e-01, 1.330581906976510e-02
4.431818181818182e-01, 1.704545454545454e-01, 1.140061561359687e-02
4.659090909090909e-01, 1.704545454545454e-01, 9.495412157428633e-03
4.886363636363636e-01, 1.704545454545454e-01, 8.205413584010160e-03
5.113636363636364e-01, 1.704545454545454e-01, 7.134901428175373e-03
5.340909090909091e-01, 1.704545454545454e-01, 6.064389272340587e-03
5.568181818181818e-01, 1.704545454545454e-01, 4.489694438161322e-03
5.795454545454546e-01, 1.704545454545454e-01, 2.717574935597254e-03
6.022727272727273e-01, 1.704545454545454e-01, 9.560781328203724e-04
6.250000000000000e-01, 1.704545454545454e-01, -1.476828702899415e-04
6.477272727272727e-01, 1.704545454545454e-01, -1.251443873400255e-03
6.704545454545454e-01, 1.704545454545454e-01, -2.303808022525907e-03
6.931818181818182e-01, 1.704545454545454e-01, -3.334531652268754e-03
7.159090909090909e-01, 1.704545454545454e-01, -4.365255282011595e-03
7.386363636363636e-01, 1.704545454545454e-01, -5.149059962521374e-03
7.613636363636364e-01, 1.704545454545454e-01, -5.743407039226241e-03
7.840909090909091e-01, 1.704545454545454e-01, -6.096831989356853e-03
8.068181818181818e-01, 1.704545454545454e-01, -6.450256939487466e-03
8.295454545454546e-01, 1.704545454545454e-01, -6.803681889618079e-03
8.522727272727273e-01, 1.704545454545454e-01, -6.846522230987747e-03
8.750000000000000e-01, 1.704545454545454e-01, -6.428415798952879e-03
8.977272727272727e-01, 1.704545454545454e-01, -6.010309366918009e-03
9.204545454545454e-01, 1.704545454545454e-01, -5.592202934883141e-03
9.431818181818182e-01, 1.704545454545454e-01, -4.452966712036231e-03
9.659090909090909e-01, 1.704545454545454e-01, -2.671780027221738e-03
9.886363636363636e-01, 1.704545454545454e-01, -8.905933424072451e-04
1.136363636363636e-02, 1.931818181818182e-01, 1.727181367313543e-03
3.409090909090909e-02, 1.931818181818182e-01, 5.181544101940629e-03
5.681818181818182e-02, 1.931818181818182e-01, 8.510204423380003e-03
7.954545454545454e-02, 1.931818181818182e-01, 1.046621914530963e-02
1.022727272727273e-01, 1.931818181818182e-01, 1.242223386723926e-02
1.250000000000000e-01, 1.931818181818182e-01, 1.437824858916888e-02
1.477272727272727e-01, 1.931818181818182e-01, 1.622609133286199e-02
1.704545454545454e-01, 1.931818181818182e-01, 1.698350699952250e-02
1.931818181818182e-01, 1.931818181818182e-01, 1.774092266618301e-02
2.159090909090909e-01, 1.931818181818182e-01, 1.849833833284352e-02
2.386363636363636e-01, 1.931818181818182e-01, 1.877312001577264e-02
2.613636363636364e-01, 1.931818181818182e-01, 1.901056017613532e-02
2.840909090909091e-01, 1.931818181818182e-01, 1.899457436210976e-02
3.068181818181818e-01, 1.931818181818182e-01, 1.779490620832976e-02
3.295454545454545e-01, 1.931818181818182e-01, 1.659523805454977e-02
3.522727272727273e-01, 1.931818181818182e-01, 1.539556990076976e-02
3.750000000000000e-01, 1.931818181818182e-01, 1.473341919194005e-02
3.977272727272727e-01, 1.931818181818182e-01, 1.408456330219035e-02
4.204545454545455e-01, 1.931818181818182e-01, 1.281686523735624e-02
4.431818181818182e-01, 1.931818181818182e-01, 1.091166178118801e-02
4.659090909090909e-01, 1.931818181818182e-01, 9.006458325019775e-03
4.886363636363636e-01, 1.931818181818182e-01, 7.184035974413298e-03
5.113636363636364e-01, 1.931818181818182e-01, 6.113523818578511e-03
5.340909090909091e-01, 1.931818181818182e-01, 4.956338623840205e-03
5.568181818181818e-01, 1.931818181818182e-01, 3.184219121276146e-03
5.795454545454546e-01, 1.931818181818182e-01, 1.412099618712079e-03
6.022727272727273e-01, 1.931818181818182e-01, -3.600198838519796e-04
6.250000000000000e-01, 1.931818181818182e-01, -1.898304872885941e-03
6.477272727272727e-01, 1.931818181818182e-01, -2.993559386451730e-03
6.704545454545454e-01, 1.931818181818182e-01, -4.024283016194572e-03
6.931818181818182e-01, 1.931818181818182e-01, -5.055006645937418e-03
7.159090909090909e-01, 1.931818181818182e-01, -6.085730275680261e-03
7.386363636363636e-01, 1.931818181818182e-01, -7.116453905423100e-03
7.613636363636364e-01, 1.931818181818182e-01, -7.512582692676529e-03
7.840909090909091e-01, 1.931818181818182e-01, -7.866007642807142e-03
8.068181818181818e-01, 1.931818181818182e-01, -8.219432592937753e-03
8.295454545454546e-01, 1.931818181818182e-01, -8.572857543068366e-03
8.522727272727273e-01, 1.931818181818182e-01, -8.910937442368297e-03
8.750000000000000e-01, 1.931818181818182e-01, -8.492831010333430e-03
8.977272727272727e-01, 1.931818181818182e-01, -8.015340081665226e-03
9.204545454545454e-01, 1.931818181818182e-01, -6.234153396850732e-03
9.431818181818182e-01, 1.931818181818182e-01, -4.452966712036231e-03
9.659090909090909e-01, 1.931818181818182e-01, -2.671780027221738e-03
9.886363636363636e-01, 1.931818181818182e-01, -8.905933424072451e-04
1.136363636363636e-02, 2.159090909090909e-01, 1.727181367313543e-03
3.409090909090909e-02, 2.159090909090909e-01, 5.181544101940629e-03
5.681818181818182e-02, 2.159090909090909e-01, 8.635906836567717e-03
7.954545454545454e-02, 2.159090909090909e-01, 1.167294168482828e-02
1.022727272727273e-01, 2.159090909090909e-01, 1.362895640675790e-02
1.250000000000000e-01, 2.159090909090909e-01, 1.558497112868753e-02
1.477272727272727e-01, 2.159090909090909e-01, 1.691245449443793e-02
1.704545454545454e-01, 2.159090909090909e-01, 1.766987016109843e-02
1.931818181818182e-01, 2.159090909090909e-01, 1.842728582775894e-02
2.159090909090909e-01, 2.159090909090909e-01, 1.918470149441946e-02
2.386363636363636e-01, 2.159090909090909e-01, 1.981116503902705e-02
2.613636363636364e-01, 2.159090909090909e-01, 2.004860519938972e-02
2.840909090909091e-01, 2.159090909090909e-01, 1.936979225539549e-02
3.068181818181818e-01, 2.159090909090909e-01, 1.817012410161549e-02
3.295454545454545e-01, 2.159090909090909e-01, 1.697045594783550e-02
3.522727272727273e-01, 2.159090909090909e-01, 1.577078779405550e-02
3.750000000000000e-01, 2.159090909090909e-01, 1.478127491278182e-02
3.977272727272727e-01, 2.159090909090909e-01, 1.413241902303213e-02
4.204545454545455e-01, 2.159090909090909e-01, 1.232791140494739e-02
4.431818181818182e-01, 2.159090909090909e-01, 1.042270794877915e-02
4.659090909090909e-01, 2.159090909090909e-01, 8.517504492610918e-03
4.886363636363636e-01, 2.159090909090909e-01, 6.612301036442679e-03
5.113636363636364e-01, 2.159090909090909e-01, 5.092146208981650e-03
5.340909090909091e-01, 2.159090909090909e-01, 3.650863306955029e-03
5.568181818181818e-01, 2.159090909090909e-01, 1.878743804390970e-03
5.795454545454546e-01, 2.159090909090909e-01, 1.066243018269021e-04
6.022727272727273e-01, 2.159090909090909e-01, -1.665495200737156e-03
6.250000000000000e-01, 2.159090909090909e-01, -3.437614703301216e-03
6.477272727272727e-01, 2.159090909090909e-01, -4.714034380120396e-03
6.704545454545454e-01, 2.159090909090909e-01, -6.143251313497537e-03
6.931818181818182e-01, 2.159090909090909e-01, -7.574389994265658e-03
7.159090909090909e-01, 2.159090909090909e-01, -9.005528675033776e-03
7.386363636363636e-01, 2.159090909090909e-01, -1.043666735580189e-02
7.613636363636364e-01, 2.159090909090909e-01, -1.057349815604188e-02
7.840909090909091e-01, 2.159090909090909e-01, -1.061655467715229e-02
8.068181818181818e-01, 2.159090909090909e-01, -1.065961119826269e-02
8.295454545454546e-01, 2.159090909090909e-01, -1.070266771937310e-02
8.522727272727273e-01, 2.159090909090909e-01, -1.074572424048351e-02
8.750000000000000e-01, 2.159090909090909e-01, -9.796526766479718e-03
8.977272727272727e-01, 2.159090909090909e-01, -8.015340081665226e-03
9.204545454545454e-01, 2.159090909090909e-01, -6.234153396850732e-03
9.431818181818182e-01, 2.159090909090909e-01, -4.452966712036231e-03
9.659090909090909e-01, 2.159090909090909e-01, -2.671780027221738e-03
9.886363636363636e-01, 2.159090909090909e-01, -8.905933424072456e-04
1.136363636363636e-02, 2.386363636363636e-01, 1.727181367313543e-03
3.409090909090909e-02, 2.386363636363636e-01, 5.181544101940629e-03
5.681818181818182e-02, 2.386363636363636e-01, 8.635906836567717e-03
7.954545454545454e-02, 2.386363636363636e-01, 1.209026957119480e-02
1.022727272727273e-01, 2.386363636363636e-01, 1.483567894627655e-02
1.250000000000000e-01, 2.386363636363636e-01, 1.679169366820617e-02
1.477272727272727e-01, 2.386363636363636e-01, 1.759881765601386e-02
1.704545454545454e-01, 2.386363636363636e-01, 1.835623332267437e-02
1.931818181818182e-01, 2.386363636363636e-01, 1.911364898933487e-02
2.159090909090909e-01, 2.386363636363636e-01, 1.987106465599539e-02
2.386363636363636e-01, 2.386363636363636e-01, 2.062848032265589e-02
2.613636363636364e-01, 2.386363636363636e-01, 2.094467830246123e-02
2.840909090909091e-01, 2.386363636363636e-01, 1.974501014868122e-02
3.068181818181818e-01, 2.386363636363636e-01, 1.854534199490123e-02
3.295454545454545e-01, 2.386363636363636e-01, 1.734567384112123e-02
3.522727272727273e-01, 2.386363636363636e-01, 1.614600568734123e-02
3.750000000000000e-01, 2.386363636363636e-01, 1.494633753356123e-02
3.977272727272727e-01, 2.386363636363636e-01, 1.374416102870676e-02
4.204545454545455e-01, 2.386363636363636e-01, 1.183895757253853e-02
4.431818181818182e-01, 2.386363636363636e-01, 9.933754116370291e-03
4.659090909090909e-01, 2.386363636363636e-01, 8.028550660202059e-03
4.886363636363636e-01, 2.386363636363636e-01, 6.123347204033820e-03
5.113636363636364e-01, 2.386363636363636e-01, 4.027751571843686e-03
5.340909090909091e-01, 2.386363636363636e-01, 1.868598828044579e-03
5.568181818181818e-01, 2.386363636363636e-01, -1.951639839219264e-04
5.795454545454546e-01, 2.386363636363636e-01, -2.258926795888441e-03
6.022727272727273e-01, 2.386363636363636e-01, -4.322689607854947e-03
6.250000000000000e-01, 2.386363636363636e-01, -6.386452419821453e-03
6.477272727272727e-01, 2.386363636363636e-01, -8.036446763292241e-03
6.704545454545454e-01, 2.386363636363636e-01, -9.521069675078439e-03
6.931818181818182e-01, 2.386363636363636e-01, -1.095220835584656e-02
7.159090909090909e-01, 2.386363636363636e-01, -1.238334703661468e-02
7.386363636363636e-01, 2.386363636363636e-01, -1.381448571738280e-02
7.613636363636364e-01, 2.386363636363636e-01, -1.395574137878642e-02
7.840909090909091e-01, 2.386363636363636e-01, -1.399879789989683e-02
8.068181818181818e-01, 2.386363636363636e-01, -1.404185442100724e-02
8.295454545454546e-01, 2.386363636363636e-01, -1.408491094211765e-02
8.522727272727273e-01, 2.386363636363636e-01, -1.352115133979407e-02
8.750000000000000e-01, 2.386363636363636e-01, -1.205406623003411e-02
8.977272727272727e-01, 2.386363636363636e-01, -9.609135179653226e-03
9.204545454545454e-01, 2.386363636363636e-01, -7.164204129272344e-03
9.431818181818182e-01, 2.386363636363636e-01, -4.719273078891453e-03
9.659090909090909e-01, 2.386363636363636e-01, -2.671780027221738e-03
9.886363636363636e-01, 2.386363636363636e-01, -8.905933424072456e-04
1.136363636363636e-02, 2.613636363636364e-01, 1.727181367313542e-03
3.409090909090909e-02, 2.613636363636364e-01, 5.181544101940629e-03
5.681818181818182e-02, 2.613636363636364e-01, 8.635906836567715e-03
7.954545454545454e-02, 2.613636363636364e-01, 1.209026957119480e-02
1.022727272727273e-01, 2.613636363636364e-01, 1.554463230582189e-02
1.250000000000000e-01, 2.613636363636364e-01, 1.752776515092928e-02
1.477272727272727e-01, 2.613636363636364e-01, 1.828518081758979e-02
1.704545454545454e-01, 2.613636363636364e-01, 1.897628019360859e-02
1.931818181818182e-01, 2.613636363636364e-01, 1.964822509749844e-02
2.159090909090909e-01, 2.613636363636364e-01, 2.032017000138829e-02
2.386363636363636e-01, 2.613636363636364e-01, 2.099211490527815e-02
2.613636363636364e-01, 2.613636363636364e-01, 2.044565503626606e-02
2.840909090909091e-01, 2.613636363636364e-01, 1.924488597212195e-02
3.068181818181818e-01, 2.613636363636364e-01, 1.804829577931968e-02
3.295454545454545e-01, 2.613636363636364e-01, 1.685170558651741e-02
3.522727272727273e-01, 2.613636363636364e-01, 1.565511539371514e-02
3.750000000000000e-01, 2.613636363636364e-01, 1.445852520091287e-02
3.977272727272727e-01, 2.613636363636364e-01, 1.201375956397666e-02
4.204545454545455e-01, 2.613636363636364e-01, 9.918119984330388e-03
4.431818181818182e-01, 2.613636363636364e-01, 7.822480404684126e-03
4.659090909090909e-01, 2.613636363636364e-01, 5.726840825037864e-03
4.886363636363636e-01, 2.613636363636364e-01, 3.631201245391596e-03
5.113636363636364e-01, 2.613636363636364e-01, 1.352502385129592e-03
5.340909090909091e-01, 2.613636363636364e-01, -1.477902849142024e-03
5.568181818181818e-01, 2.613636363636364e-01, -3.559043556118943e-03
5.795454545454546e-01, 2.613636363636364e-01, -5.622806368085457e-03
6.022727272727273e-01, 2.613636363636364e-01, -7.686569180051964e-03
6.250000000000000e-01, 2.613636363636364e-01, -9.707552710889526e-03
6.477272727272727e-01, 2.613636363636364e-01, -1.126504938324373e-02
6.704545454545454e-01, 2.613636363636364e-01, -1.282254605559793e-02
6.931818181818182e-01, 2.613636363636364e-01, -1.433002671742746e-02
7.159090909090909e-01, 2.613636363636364e-01, -1.576116539819558e-02
7.386363636363636e-01, 2.613636363636364e-01, -1.719230407896370e-02
7.613636363636364e-01, 2.613636363636364e-01, -1.733798460153096e-02
7.840909090909091e-01, 2.613636363636364e-01, -1.738104112264136e-02
8.068181818181818e-01, 2.613636363636364e-01, -1.729925102712560e-02
8.295454545454546e-01, 2.613636363636364e-01, -1.664738280747040e-02
8.522727272727273e-01, 2.613636363636364e-01, -1.599551458781521e-02
8.750000000000000e-01, 2.613636363636364e-01, -1.484017532415561e-02
8.977272727272727e-01, 2.613636363636364e-01, -1.239524427377473e-02
9.204545454545454e-01, 2.613636363636364e-01, -9.950313223393847e-03
9.431818181818182e-01, 2.613636363636364e-01, -7.505382173012955e-03
9.659090909090909e-01, 2.613636363636364e-01, -5.060451122632073e-03
9.886363636363636e-01, 2.613636363636364e-01, -2.194587877488381e-03
1.136363636363636e-02, 2.840909090909091e-01, 1.727181367313544e-03
3.409090909090909e-02, 2.840909090909091e-01, 5.181544101940629e-03
5.681818181818182e-02, 2.840909090909091e-01, 8.635906836567715e-03
7.954545454545454e-02, 2.840909090909091e-01, 1.209026957119480e-02
1.022727272727273e-01, 2.840909090909091e-01, 1.556163514718586e-02
1.250000000000000e-01, 2.840909090909091e-01, 1.762126593998077e-02
1.477272727272727e-01, 2.840909090909091e-01, 1.833101477209726e-02
1.704545454545454e-01, 2.840909090909091e-01, 1.900295967598711e-02
1.931818181818182e-01, 2.840909090909091e-01, 1.967490457987696e-02
2.159090909090909e-01, 2.840909090909091e-01, 2.034684948376681e-02
2.386363636363636e-01, 2.840909090909091e-01, 2.097750523380877e-02
2.613636363636364e-01, 2.840909090909091e-01, 1.947050800827106e-02
2.840909090909091e-01, 2.840909090909091e-01, 1.810648658230381e-02
3.068181818181818e-01, 2.840909090909091e-01, 1.690989638950154e-02
3.295454545454545e-01, 2.840909090909091e-01, 1.571330619669926e-02
3.522727272727273e-01, 2.840909090909091e-01, 1.451671600389699e-02
3.750000000000000e-01, 2.840909090909091e-01, 1.309154981431355e-02
3.977272727272727e-01, 2.840909090909091e-01, 1.007091612428916e-02
4.204545454545455e-01, 2.840909090909091e-01, 7.425930078232027e-03
4.431818181818182e-01, 2.840909090909091e-01, 5.330290498585768e-03
4.659090909090909e-01, 2.840909090909091e-01, 3.234650918939506e-03
4.886363636363636e-01, 2.840909090909091e-01, 1.139011339293236e-03
5.113636363636364e-01, 2.840909090909091e-01, -1.377943480821278e-03
5.340909090909091e-01, 2.840909090909091e-01, -4.208348715092894e-03
5.568181818181818e-01, 2.840909090909091e-01, -6.922923128315969e-03
5.795454545454546e-01, 2.840909090909091e-01, -8.986685940282485e-03
6.022727272727273e-01, 2.840909090909091e-01, -1.105044875224899e-02
6.250000000000000e-01, 2.840909090909091e-01, -1.293615533084102e-02
6.477272727272727e-01, 2.840909090909091e-01, -1.449365200319522e-02
6.704545454545454e-01, 2.840909090909091e-01, -1.605114867554942e-02
6.931818181818182e-01, 2.840909090909091e-01, -1.760864534790363e-02
7.159090909090909e-01, 2.840909090909091e-01, -1.913898375977649e-02
7.386363636363636e-01, 2.840909090909091e-01, -2.057012244054460e-02
7.613636363636364e-01, 2.840909090909091e-01, -2.072022782427550e-02
7.840909090909091e-01, 2.840909090909091e-01, -2.042548249480193e-02
8.068181818181818e-01, 2.840909090909091e-01, -1.977361427514674e-02
8.295454545454546e-01, 2.840909090909091e-01, -1.912174605549154e-02
8.522727272727273e-01, 2.840909090909091e-01, -1.846987783583635e-02
8.750000000000000e-01, 2.840909090909091e-01, -1.762628441827712e-02
8.977272727272727e-01, 2.840909090909091e-01, -1.518135336789624e-02
9.204545454545454e-01, 2.840909090909091e-01, -1.273642231751536e-02
9.431818181818182e-01, 2.840909090909091e-01, -1.029149126713446e-02
9.659090909090909e-01, 2.840909090909091e-01, -6.583763632465147e-03
9.886363636363636e-01, 2.840909090909091e-01, -2.194587877488381e-03
1.136363636363636e-02, 3.068181818181818e-01, 1.727181367313544e-03
3.409090909090909e-02, 3.068181818181818e-01, 5.181544101940629e-03
5.681818181818182e-02, 3.068181818181818e-01, 8.635906836567715e-03
7.954545454545454e-02, 3.068181818181818e-01, 1.210999009576669e-02
1.022727272727273e-01, 3.068181818181818e-01, 1.562009997878505e-02
1.250000000000000e-01, 3.068181818181818e-01, 1.751702961622663e-02
1.477272727272727e-01, 3.068181818181818e-01, 1.831995633397744e-02
1.704545454545454e-01, 3.068181818181818e-01, 1.902963915836563e-02
1.931818181818182e-01, 3.068181818181818e-01, 1.970158406225548e-02
2.159090909090909e-01, 3.068181818181818e-01, 2.037352896614534e-02
2.386363636363636e-01, 3.068181818181818e-01, 2.000235820581377e-02
2.613636363636364e-01, 3.068181818181818e-01, 1.849536098027606e-02
2.840909090909091e-01, 3.068181818181818e-01, 1.698836375473835e-02
3.068181818181818e-01, 3.068181818181818e-01, 1.577149699968340e-02
3.295454545454545e-01, 3.068181818181818e-01, 1.457490680688112e-02
3.522727272727273e-01, 3.068181818181818e-01, 1.337831661407885e-02
3.750000000000000e-01, 3.068181818181818e-01, 1.126254978430697e-02
3.977272727272727e-01, 3.068181818181818e-01, 8.241916094282580e-03
4.204545454545455e-01, 3.068181818181818e-01, 5.221282404258182e-03
4.431818181818182e-01, 3.068181818181818e-01, 2.838100592487416e-03
4.659090909090909e-01, 3.068181818181818e-01, 7.424610128411517e-04
4.886363636363636e-01, 3.068181818181818e-01, -1.353178566805115e-03
5.113636363636364e-01, 3.068181818181818e-01, -4.108389346772140e-03
5.340909090909091e-01, 3.068181818181818e-01, -6.938794581043756e-03
5.568181818181818e-01, 3.068181818181818e-01, -9.769199815315372e-03
5.795454545454546e-01, 3.068181818181818e-01, -1.235056551247950e-02
6.022727272727273e-01, 3.068181818181818e-01, -1.441432832444601e-02
6.250000000000000e-01, 3.068181818181818e-01, -1.616475795079250e-02
6.477272727272727e-01, 3.068181818181818e-01, -1.772225462314670e-02
6.704545454545454e-01, 3.068181818181818e-01, -1.927975129550090e-02
6.931818181818182e-01, 3.068181818181818e-01, -2.083724796785511e-02
7.159090909090909e-01, 3.068181818181818e-01, -2.239474464020931e-02
7.386363636363636e-01, 3.068181818181818e-01, -2.394794080212551e-02
7.613636363636364e-01, 3.068181818181818e-01, -2.355171396247826e-02
7.840909090909091e-01, 3.068181818181818e-01, -2.289984574282307e-02
8.068181818181818e-01, 3.068181818181818e-01, -2.224797752316788e-02
8.295454545454546e-01, 3.068181818181818e-01, -2.159610930351269e-02
8.522727272727273e-01, 3.068181818181818e-01, -2.094424108385749e-02
8.750000000000000e-01, 3.068181818181818e-01, -2.029237286420230e-02
8.977272727272727e-01, 3.068181818181818e-01, -1.796746246201774e-02
9.204545454545454e-01, 3.068181818181818e-01, -1.536211514241869e-02
9.431818181818182e-01, 3.068181818181818e-01, -1.097293938744191e-02
9.659090909090909e-01, 3.068181818181818e-01, -6.583763632465147e-03
9.886363636363636e-01, 3.068181818181818e-01, -2.194587877488381e-03
1.136363636363636e-02, 3.295454545454545e-01, 1.727181367313542e-03
3.409090909090909e-02, 3.295454545454545e-01, 5.181544101940629e-03
5.681818181818182e-02, 3.295454545454545e-01, 8.658345044347520e-03
7.954545454545454e-02, 3.295454545454545e-01, 1.216845492736588e-02
1.022727272727273e-01, 3.295454545454545e-01, 1.567856481038424e-02
1.250000000000000e-01, 3.295454545454545e-01, 1.741279329247249e-02
1.477272727272727e-01, 3.295454545454545e-01, 1.821572001022329e-02
1.704545454545454e-01, 3.295454545454545e-01, 1.901864672797410e-02
1.931818181818182e-01, 3.295454545454545e-01, 1.972826354463400e-02
2.159090909090909e-01, 3.295454545454545e-01, 2.040020844852386e-02
2.386363636363636e-01, 3.295454545454545e-01, 1.902721117781878e-02
2.613636363636364e-01, 3.295454545454545e-01, 1.752021395228107e-02
2.840909090909091e-01, 3.295454545454545e-01, 1.601321672674335e-02
3.068181818181818e-01, 3.295454545454545e-01, 1.463309760986525e-02
3.295454545454545e-01, 3.295454545454545e-01, 1.343650741706298e-02
3.522727272727273e-01, 3.295454545454545e-01, 1.223991722426071e-02
3.750000000000000e-01, 3.295454545454545e-01, 9.433549754300394e-03
3.977272727272727e-01, 3.295454545454545e-01, 6.412916064276002e-03
4.204545454545455e-01, 3.295454545454545e-01, 3.392282374251602e-03
4.431818181818182e-01, 3.295454545454545e-01, 3.716486842272112e-04
4.659090909090909e-01, 3.295454545454545e-01, -1.749728893257201e-03
4.886363636363636e-01, 3.295454545454545e-01, -4.008429978451388e-03
5.113636363636364e-01, 3.295454545454545e-01, -6.838835212723004e-03
5.340909090909091e-01, 3.295454545454545e-01, -9.669240446994619e-03
5.568181818181818e-01, 3.295454545454545e-01, -1.249964568126623e-02
5.795454545454546e-01, 3.295454545454545e-01, -1.533005091553786e-02
6.022727272727273e-01, 3.295454545454545e-01, -1.777820789664302e-02
6.250000000000000e-01, 3.295454545454545e-01, -1.939336057074398e-02
6.477272727272727e-01, 3.295454545454545e-01, -2.095085724309819e-02
6.704545454545454e-01, 3.295454545454545e-01, -2.267388996929470e-02
6.931818181818182e-01, 3.295454545454545e-01, -2.446988517268289e-02
7.159090909090909e-01, 3.295454545454545e-01, -2.626588037607106e-02
7.386363636363636e-01, 3.295454545454545e-01, -2.756154440192205e-02
7.613636363636364e-01, 3.295454545454545e-01, -2.718558235983004e-02
7.840909090909091e-01, 3.295454545454545e-01, -2.626883502428469e-02
8.068181818181818e-01, 3.295454545454545e-01, -2.535208768873934e-02
8.295454545454546e-01, 3.295454545454545e-01, -2.443534035319398e-02
8.522727272727273e-01, 3.295454545454545e-01, -2.351859301764863e-02
8.750000000000000e-01, 3.295454545454545e-01, -2.276673611222344e-02
8.977272727272727e-01, 3.295454545454545e-01, -1.975129089739545e-02
9.204545454545454e-01, 3.295454545454545e-01, -1.536211514241869e-02
9.431818181818182e-01, 3.295454545454545e-01, -1.097293938744191e-02
9.659090909090909e-01, 3.295454545454545e-01, -6.583763632465147e-03
9.886363636363636e-01, 3.295454545454545e-01, -2.194587877488381e-03
1.136363636363636e-02, 3.522727272727273e-01, 1.727181367313542e-03
3.409090909090909e-02, 3.522727272727273e-01, 5.206699992928350e-03
5.681818181818182e-02, 3.522727272727273e-01, 8.716809875946712e-03
7.954545454545454e-02, 3.522727272727273e-01, 1.222691975896507e-02
1.022727272727273e-01, 3.522727272727273e-01, 1.573702964198344e-02
1.250000000000000e-01, 3.522727272727273e-01, 1.730855696871835e-02
1.477272727272727e-01, 3.522727272727273e-01, 1.811148368646915e-02
1.704545454545454e-01, 3.522727272727273e-01, 1.891441040421996e-02
1.931818181818182e-01, 3.522727272727273e-01, 1.971733712197076e-02
2.159090909090909e-01, 3.522727272727273e-01, 1.955906137536150e-02
2.386363636363636e-01, 3.522727272727273e-01, 1.805206414982378e-02
2.613636363636364e-01, 3.522727272727273e-01, 1.654506692428607e-02
2.840909090909091e-01, 3.522727272727273e-01, 1.503806969874836e-02
3.068181818181818e-01, 3.522727272727273e-01, 1.353107247321064e-02
3.295454545454545e-01, 3.522727272727273e-01, 1.229810802724484e-02
3.522727272727273e-01, 3.522727272727273e-01, 1.062518341431820e-02
3.750000000000000e-01, 3.522727272727273e-01, 7.604549724293809e-03
3.977272727272727e-01, 3.522727272727273e-01, 4.583916034269418e-03
4.204545454545455e-01, 3.522727272727273e-01, 1.563282344245019e-03
4.431818181818182e-01, 3.522727272727273e-01, -1.457351345779373e-03
4.659090909090909e-01, 3.522727272727273e-01, -4.241918799355560e-03
4.886363636363636e-01, 3.522727272727273e-01, -6.738875844402256e-03
5.113636363636364e-01, 3.522727272727273e-01, -9.569281078673872e-03
5.340909090909091e-01, 3.522727272727273e-01, -1.239968631294549e-02
5.568181818181818e-01, 3.522727272727273e-01, -1.529248872566673e-02
5.795454545454546e-01, 3.522727272727273e-01, -1.834184163519497e-02
6.022727272727273e-01, 3.522727272727273e-01, -2.129586177278831e-02
6.250000000000000e-01, 3.522727272727273e-01, -2.330756423137799e-02
6.477272727272727e-01, 3.522727272727273e-01, -2.510355943476617e-02
6.704545454545454e-01, 3.522727272727273e-01, -2.689955463815434e-02
6.931818181818182e-01, 3.522727272727273e-01, -2.869554984154253e-02
7.159090909090909e-01, 3.522727272727273e-01, -3.049154504493071e-02
7.386363636363636e-01, 3.522727272727273e-01, -3.107432812587040e-02
7.613636363636364e-01, 3.522727272727273e-01, -3.109232622173799e-02
7.840909090909091e-01, 3.522727272727273e-01, -3.029709423156791e-02
8.068181818181818e-01, 3.522727272727273e-01, -2.938034689602256e-02
8.295454545454546e-01, 3.522727272727273e-01, -2.846359956047721e-02
8.522727272727273e-01, 3.522727272727273e-01, -2.754685222493186e-02
8.750000000000000e-01, 3.522727272727273e-01, -2.555645215874542e-02
8.977272727272727e-01, 3.522727272727273e-01, -2.125318133863928e-02
9.204545454545454e-01, 3.522727272727273e-01, -1.596408112612247e-02
9.431818181818182e-01, 3.522727272727273e-01, -1.097293938744191e-02
9.659090909090909e-01, 3.522727272727273e-01, -6.583763632465145e-03
9.886363636363636e-01, 3.522727272727273e-01, -2.194587877488381e-03
1.136363636363636e-02, 3.750000000000000e-01, 1.755054941509181e-03
3.409090909090909e-02, 3.750000000000000e-01, 5.265164824527542e-03
5.681818181818182e-02, 3.750000000000000e-01, 8.775274707545903e-03
7.954545454545454e-02, 3.750000000000000e-01, 1.228538459056427e-02
1.022727272727273e-01, 3.750000000000000e-01, 1.579549447358263e-02
1.250000000000000e-01, 3.750000000000000e-01, 1.720432064496420e-02
1.477272727272727e-01, 3.750000000000000e-01, 1.800724736271501e-02
1.704545454545454e-01, 3.750000000000000e-01, 1.881017408046581e-02
1.931818181818182e-01, 3.750000000000000e-01, 1.922884324280004e-02
2.159090909090909e-01, 3.750000000000000e-01, 1.870153320804495e-02
2.386363636363636e-01, 3.750000000000000e-01, 1.714264178376261e-02
2.613636363636364e-01, 3.750000000000000e-01, 1.558375035948027e-02
2.840909090909091e-01, 3.750000000000000e-01, 1.406292267075336e-02
3.068181818181818e-01, 3.750000000000000e-01, 1.255592544521565e-02
3.295454545454545e-01, 3.750000000000000e-01, 1.115970863742669e-02
3.522727272727273e-01, 3.750000000000000e-01, 8.796183384311623e-03
3.750000000000000e-01, 3.750000000000000e-01, 5.775549694287231e-03
3.977272727272727e-01, 3.750000000000000e-01, 2.754916004262839e-03
4.204545454545455e-01, 3.750000000000000e-01, -2.657176857615562e-04
4.431818181818182e-01, 3.750000000000000e-01, -3.398600458050642e-03
4.659090909090909e-01, 3.750000000000000e-01, -6.627755963842972e-03
4.886363636363636e-01, 3.750000000000000e-01, -9.994453628262163e-03
5.113636363636364e-01, 3.750000000000000e-01, -1.304380653779038e-02
5.340909090909091e-01, 3.750000000000000e-01, -1.609315944731861e-02
5.568181818181818e-01, 3.750000000000000e-01, -1.914251235684682e-02
5.795454545454546e-01, 3.750000000000000e-01, -2.219186526637506e-02
6.022727272727273e-01, 3.750000000000000e-01, -2.498139424147064e-02
6.250000000000000e-01, 3.750000000000000e-01, -2.738863338376878e-02
6.477272727272727e-01, 3.750000000000000e-01, -2.932922410362580e-02
6.704545454545454e-01, 3.750000000000000e-01, -3.112521930701398e-02
6.931818181818182e-01, 3.750000000000000e-01, -3.292121451040217e-02
7.159090909090909e-01, 3.750000000000000e-01, -3.456911375395114e-02
7.386363636363636e-01, 3.750000000000000e-01, -3.458711184981873e-02
7.613636363636364e-01, 3.750000000000000e-01, -3.460510994568634e-02
7.840909090909091e-01, 3.750000000000000e-01, -3.432535343885112e-02
8.068181818181818e-01, 3.750000000000000e-01, -3.340860610330577e-02
8.295454545454546e-01, 3.750000000000000e-01, -3.249185876776042e-02
8.522727272727273e-01, 3.750000000000000e-01, -3.037148376543562e-02
8.750000000000000e-01, 3.750000000000000e-01, -2.779708997576538e-02
8.977272727272727e-01, 3.750000000000000e-01, -2.380095095632567e-02
9.204545454545454e-01, 3.750000000000000e-01, -1.851185074380886e-02
9.431818181818182e-01, 3.750000000000000e-01, -1.322275053129203e-02
9.659090909090909e-01, 3.750000000000000e-01, -7.933650318775215e-03
9.886363636363636e-01, 3.750000000000000e-01, -2.644550106258405e-03
1.136363636363636e-02, 3.977272727272727e-01, 1.767861872130562e-03
3.409090909090909e-02, 3.977272727272727e-01, 5.303585616391688e-03
5.681818181818182e-02, 3.977272727272727e-01, 8.833739539145097e-03
7.954545454545454e-02, 3.977272727272727e-01, 1.234384942216346e-02
1.022727272727273e-01, 3.977272727272727e-01, 1.585395930518182e-02
1.250000000000000e-01, 3.977272727272727e-01, 1.710008432121006e-02
1.477272727272727e-01, 3.977272727272727e-01, 1.774470594409827e-02
1.704545454545454e-01, 3.977272727272727e-01, 1.802100650903188e-02
1.931818181818182e-01, 3.977272727272727e-01, 1.829730707396550e-02
2.159090909090909e-01, 3.977272727272727e-01, 1.790924001971403e-02
2.386363636363636e-01, 3.977272727272727e-01, 1.635034859543169e-02
2.613636363636364e-01, 3.977272727272727e-01, 1.479145717114935e-02
2.840909090909091e-01, 3.977272727272727e-01, 1.323256574686701e-02
3.068181818181818e-01, 3.977272727272727e-01, 1.167367432258468e-02
3.295454545454545e-01, 3.977272727272727e-01, 9.890808160127702e-03
3.522727272727273e-01, 3.977272727272727e-01, 6.531339001318293e-03
3.750000000000000e-01, 3.977272727272727e-01, 3.302183495525956e-03
3.977272727272727e-01, 3.977272727272727e-01, 7.302798973362896e-05
4.204545454545455e-01, 3.977272727272727e-01, -3.156127516058710e-03
4.431818181818182e-01, 3.977272727272727e-01, -6.385283021851041e-03
4.659090909090909e-01, 3.977272727272727e-01, -9.645252000213914e-03
4.886363636363636e-01, 3.977272727272727e-01, -1.351217269950230e-02
5.113636363636364e-01, 3.977272727272727e-01, -1.689383016897048e-02
5.340909090909091e-01, 3.977272727272727e-01, -1.994318307849870e-02
5.568181818181818e-01, 3.977272727272727e-01, -2.299253598802692e-02
5.795454545454546e-01, 3.977272727272727e-01, -2.604188889755515e-02
6.022727272727273e-01, 3.977272727272727e-01, -2.866692671015297e-02
6.250000000000000e-01, 3.977272727272727e-01, -3.107416585245111e-02
6.477272727272727e-01, 3.977272727272727e-01, -3.348140499474924e-02
6.704545454545454e-01, 3.977272727272727e-01, -3.535088397587362e-02
6.931818181818182e-01, 3.977272727272727e-01, -3.714687917926181e-02
7.159090909090909e-01, 3.977272727272727e-01, -3.808189747789947e-02
7.386363636363636e-01, 3.977272727272727e-01, -3.809989557376708e-02
7.613636363636364e-01, 3.977272727272727e-01, -3.811789366963467e-02
7.840909090909091e-01, 3.977272727272727e-01, -3.813589176550227e-02
8.068181818181818e-01, 3.977272727272727e-01, -3.743686531058899e-02
8.295454545454546e-01, 3.977272727272727e-01, -3.518651537212580e-02
8.522727272727273e-01, 3.977272727272727e-01, -3.261212158245558e-02
8.750000000000000e-01, 3.977272727272727e-01, -3.003772779278534e-02
8.977272727272727e-01, 3.977272727272727e-01, -2.634872057401207e-02
9.204545454545454e-01, 3.977272727272727e-01, -2.105962036149526e-02
9.431818181818182e-01, 3.977272727272727e-01, -1.577052014897842e-02
9.659090909090909e-01, 3.977272727272727e-01, -1.048141993646161e-02
9.886363636363636e-01, 3.977272727272727e-01, -3.604992132805272e-03
1.136363636363636e-02, 4.204545454545455e-01, 1.767861872130562e-03
3.409090909090909e-02, 4.204545454545455e-01, 5.303585616391687e-03
5.681818181818182e-02, 4.204545454545455e-01, 8.839309360652811e-03
7.954545454545454e-02, 4.204545454545455e-01, 1.237503310491394e-02
1.022727272727273e-01, 4.204545454545455e-01, 1.591075684917506e-02
1.250000000000000e-01, 4.204545454545455e-01, 1.653686921033011e-02
1.477272727272727e-01, 4.204545454545455e-01, 1.681316977526372e-02
1.704545454545454e-01, 4.204545454545455e-01, 1.708947034019733e-02
1.931818181818182e-01, 4.204545454545455e-01, 1.736577090513095e-02
2.159090909090909e-01, 4.204545454545455e-01, 1.711694683138312e-02
2.386363636363636e-01, 4.204545454545455e-01, 1.555805540710077e-02
2.613636363636364e-01, 4.204545454545455e-01, 1.399916398281844e-02
2.840909090909091e-01, 4.204545454545455e-01, 1.244027255853609e-02
3.068181818181818e-01, 4.204545454545455e-01, 1.027975625749167e-02
3.295454545454545e-01, 4.204545454545455e-01, 7.693506491094879e-03
3.522727272727273e-01, 4.204545454545455e-01, 3.720122786944914e-03
3.750000000000000e-01, 4.204545454545455e-01, 3.155009317255536e-04
3.977272727272727e-01, 4.204545454545455e-01, -2.913654574066778e-03
4.204545454545455e-01, 4.204545454545455e-01, -6.142810079859114e-03
4.431818181818182e-01, 4.204545454545455e-01, -9.371965585651447e-03
4.659090909090909e-01, 4.204545454545455e-01, -1.276795607951513e-02
4.886363636363636e-01, 4.204545454545455e-01, -1.663487677880352e-02
5.113636363636364e-01, 4.204545454545455e-01, -2.050179747809190e-02
5.340909090909091e-01, 4.204545454545455e-01, -2.379320670967880e-02
5.568181818181818e-01, 4.204545454545455e-01, -2.684255961920702e-02
5.795454545454546e-01, 4.204545454545455e-01, -2.989191252873525e-02
6.022727272727273e-01, 4.204545454545455e-01, -3.235245917883530e-02
6.250000000000000e-01, 4.204545454545455e-01, -3.475969832113344e-02
6.477272727272727e-01, 4.204545454545455e-01, -3.716693746343157e-02
6.704545454545454e-01, 4.204545454545455e-01, -3.957417660572972e-02
6.931818181818182e-01, 4.204545454545455e-01, -4.137254384812145e-02
7.159090909090909e-01, 4.204545454545455e-01, -4.159468120184782e-02
7.386363636363636e-01, 4.204545454545455e-01, -4.161267929771542e-02
7.613636363636364e-01, 4.204545454545455e-01, -4.163067739358301e-02
7.840909090909091e-01, 4.204545454545455e-01, -4.165168850757661e-02
8.068181818181818e-01, 4.204545454545455e-01, -4.020595517400936e-02
8.295454545454546e-01, 4.204545454545455e-01, -3.742715318914578e-02
8.522727272727273e-01, 4.204545454545455e-01, -3.485275939947553e-02
8.750000000000000e-01, 4.204545454545455e-01, -3.227836560980530e-02
8.977272727272727e-01, 4.204545454545455e-01, -2.889649019169847e-02
9.204545454545454e-01, 4.204545454545455e-01, -2.360738997918166e-02
9.431818181818182e-01, 4.204545454545455e-01, -1.802496066402637e-02
9.659090909090909e-01, 4.204545454545455e-01, -1.081497639841582e-02
9.886363636363636e-01, 4.204545454545455e-01, -3.604992132805273e-03
1.136363636363636e-02, 4.431818181818182e-01, 1.767861872130563e-03
3.409090909090909e-02, 4.431818181818182e-01, 5.303585616391687e-03
5.681818181818182e-02, 4.431818181818182e-01, 8.839309360652811e-03
7.954545454545454e-02, 4.431818181818182e-01, 1.230682039619957e-02
1.022727272727273e-01, 4.431818181818182e-01, 1.549610015399008e-02
1.250000000000000e-01, 4.431818181818182e-01, 1.583590317100524e-02
1.477272727272727e-01, 4.431818181818182e-01, 1.588163360642918e-02
1.704545454545454e-01, 4.431818181818182e-01, 1.615793417136279e-02
1.931818181818182e-01, 4.431818181818182e-01, 1.643423473629640e-02
2.159090909090909e-01, 4.431818181818182e-01, 1.632465364305220e-02
2.386363636363636e-01, 4.431818181818182e-01, 1.476576221876986e-02
2.613636363636364e-01, 4.431818181818182e-01, 1.320687079448752e-02
2.840909090909091e-01, 4.431818181818182e-01, 1.066870435485565e-02
3.068181818181818e-01, 4.431818181818182e-01, 8.119122573136260e-03
3.295454545454545e-01, 4.431818181818182e-01, 5.431637675252933e-03
3.522727272727273e-01, 4.431818181818182e-01, 1.458253971102970e-03
3.750000000000000e-01, 4.431818181818182e-01, -2.515129733046985e-03
3.977272727272727e-01, 4.431818181818182e-01, -5.900337137867175e-03
4.204545454545455e-01, 4.431818181818182e-01, -9.129492643659511e-03
4.431818181818182e-01, 4.431818181818182e-01, -1.235864814945184e-02
4.659090909090909e-01, 4.431818181818182e-01, -1.589066015881635e-02
4.886363636363636e-01, 4.431818181818182e-01, -1.975758085810474e-02
5.113636363636364e-01, 4.431818181818182e-01, -2.362450155739312e-02
5.340909090909091e-01, 4.431818181818182e-01, -2.749142225668150e-02
5.568181818181818e-01, 4.431818181818182e-01, -3.069258325038712e-02
5.795454545454546e-01, 4.431818181818182e-01, -3.363075250521950e-02
6.022727272727273e-01, 4.431818181818182e-01, -3.603799164751764e-02
6.250000000000000e-01, 4.431818181818182e-01, -3.844523078981577e-02
6.477272727272727e-01, 4.431818181818182e-01, -4.085246993211390e-02
6.704545454545454e-01, 4.431818181818182e-01, -4.325970907441205e-02
6.931818181818182e-01, 4.431818181818182e-01, -4.509174108346661e-02
7.159090909090909e-01, 4.431818181818182e-01, -4.511281166025956e-02
7.386363636363636e-01, 4.431818181818182e-01, -4.513388223705250e-02
7.613636363636364e-01, 4.431818181818182e-01, -4.515495281384544e-02
7.840909090909091e-01, 4.431818181818182e-01, -4.517602339063839e-02
8.068181818181818e-01, 4.431818181818182e-01, -4.339725060337708e-02
8.295454545454546e-01, 4.431818181818182e-01, -4.040416017753417e-02
8.522727272727273e-01, 4.431818181818182e-01, -3.741106975169128e-02
8.750000000000000e-01, 4.431818181818182e-01, -3.451900342682526e-02
8.977272727272727e-01, 4.431818181818182e-01, -3.144425980938487e-02
9.204545454545454e-01, 4.431818181818182e-01, -2.523494492963695e-02
9.431818181818182e-01, 4.431818181818182e-01, -1.802496066402637e-02
9.659090909090909e-01, 4.431818181818182e-01, -1.081497639841582e-02
9.886363636363636e-01, 4.431818181818182e-01, -3.604992132805273e-03
1.136363636363636e-02, 4.659090909090909e-01, 1.767861872130563e-03
3.409090909090909e-02, 4.659090909090909e-01, 5.303585616391687e-03
5.681818181818182e-02, 4.659090909090909e-01, 8.659804140835947e-03
7.954545454545454e-02, 4.659090909090909e-01, 1.184908389862645e-02
1.022727272727273e-01, 4.659090909090909e-01, 1.503836365641696e-02
1.250000000000000e-01, 4.659090909090909e-01, 1.535218077272615e-02
1.477272727272727e-01, 4.659090909090909e-01, 1.539459893757926e-02
1.704545454545454e-01, 4.659090909090909e-01, 1.543701710243236e-02
1.931818181818182e-01, 4.659090909090909e-01, 1.550269856746186e-02
2.159090909090909e-01, 4.659090909090909e-01, 1.553236045472128e-02
2.386363636363636e-01, 4.659090909090909e-01, 1.360723423393904e-02
2.613636363636364e-01, 4.659090909090909e-01, 1.105765245221964e-02
2.840909090909091e-01, 4.659090909090909e-01, 8.508070670500238e-03
3.068181818181818e-01, 4.659090909090909e-01, 5.958488888780842e-03
3.295454545454545e-01, 4.659090909090909e-01, 3.169768859410988e-03
3.522727272727273e-01, 4.659090909090909e-01, -8.036148447389753e-04
3.750000000000000e-01, 4.659090909090909e-01, -4.776998548888930e-03
3.977272727272727e-01, 4.659090909090909e-01, -8.750382253038884e-03
4.204545454545455e-01, 4.659090909090909e-01, -1.211617520745991e-02
4.431818181818182e-01, 4.659090909090909e-01, -1.534533071325224e-02
4.659090909090909e-01, 4.659090909090909e-01, -1.901336423811756e-02
4.886363636363636e-01, 4.659090909090909e-01, -2.288028493740595e-02
5.113636363636364e-01, 4.659090909090909e-01, -2.674720563669433e-02
5.340909090909091e-01, 4.659090909090909e-01, -3.061412633598271e-02
5.568181818181818e-01, 4.659090909090909e-01, -3.448104703527109e-02
5.795454545454546e-01, 4.659090909090909e-01, -3.731628497390183e-02
6.022727272727273e-01, 4.659090909090909e-01, -3.972109310212759e-02
6.250000000000000e-01, 4.659090909090909e-01, -4.209635400366694e-02
6.477272727272727e-01, 4.659090909090909e-01, -4.447161490520630e-02
6.704545454545454e-01, 4.659090909090909e-01, -4.684687580674565e-02
6.931818181818182e-01, 4.659090909090909e-01, -4.833930277689375e-02
7.159090909090909e-01, 4.659090909090909e-01, -4.861235037375867e-02
7.386363636363636e-01, 4.659090909090909e-01, -4.865821712011427e-02
7.613636363636364e-01, 4.659090909090909e-01, -4.867928769690721e-02
7.840909090909091e-01, 4.659090909090909e-01, -4.870035827370016e-02
8.068181818181818e-01, 4.659090909090909e-01, -4.658854603274479e-02
8.295454545454546e-01, 4.659090909090909e-01, -4.359545560690187e-02
8.522727272727273e-01, 4.659090909090909e-01, -4.060236518105899e-02
8.750000000000000e-01, 4.659090909090909e-01, -3.760927475521610e-02
8.977272727272727e-01, 4.659090909090909e-01, -3.324169778937960e-02
9.204545454545454e-01, 4.659090909090909e-01, -2.526978491837770e-02
9.431818181818182e-01, 4.659090909090909e-01, -1.802496066402637e-02
9.659090909090909e-01, 4.659090909090909e-01, -1.081497639841582e-02
9.886363636363636e-01, 4.659090909090909e-01, -3.604992132805273e-03
1.136363636363636e-02, 4.886363636363636e-01, 1.767861872130561e-03
3.409090909090909e-02, 4.886363636363636e-01, 5.012787885472318e-03
5.681818181818182e-02, 4.886363636363636e-01, 8.202067643262822e-03
7.954545454545454e-02, 4.886363636363636e-01, 1.139134740105333e-02
1.022727272727273e-01, 4.886363636363636e-01, 1.458062715884383e-02
1.250000000000000e-01, 4.886363636363636e-01, 1.486845837444707e-02
1.477272727272727e-01, 4.886363636363636e-01, 1.491087653930017e-02
1.704545454545454e-01, 4.886363636363636e-01, 1.495329470415328e-02
1.931818181818182e-01, 4.886363636363636e-01, 1.499571286900638e-02
2.159090909090909e-01, 4.886363636363636e-01, 1.425753850777647e-02
2.386363636363636e-01, 4.886363636363636e-01, 1.144660054958361e-02
2.613636363636364e-01, 4.886363636363636e-01, 8.897018767864221e-03
2.840909090909091e-01, 4.886363636363636e-01, 6.347436986144817e-03
3.068181818181818e-01, 4.886363636363636e-01, 3.797855204425422e-03
3.295454545454545e-01, 4.886363636363636e-01, 9.079000435690399e-04
3.522727272727273e-01, 4.886363636363636e-01, -3.065483660580925e-03
3.750000000000000e-01, 4.886363636363636e-01, -7.038867364730882e-03
3.977272727272727e-01, 4.886363636363636e-01, -1.101225106888084e-02
4.204545454545455e-01, 4.886363636363636e-01, -1.498563477303080e-02
4.431818181818182e-01, 4.886363636363636e-01, -1.833201327705265e-02
4.659090909090909e-01, 4.886363636363636e-01, -2.213606831741878e-02
4.886363636363636e-01, 4.886363636363636e-01, -2.600298901670717e-02
5.113636363636364e-01, 4.886363636363636e-01, -2.986990971599555e-02
5.340909090909091e-01, 4.886363636363636e-01, -3.372533679516540e-02
5.568181818181818e-01, 4.886363636363636e-01, -3.757870142482200e-02
5.795454545454546e-01, 4.886363636363636e-01, -4.090595074977760e-02
6.022727272727273e-01, 4.886363636363636e-01, -4.329833815523459e-02
6.250000000000000e-01, 4.886363636363636e-01, -4.567359905677394e-02
6.477272727272727e-01, 4.886363636363636e-01, -4.804885995831330e-02
6.704545454545454e-01, 4.886363636363636e-01, -5.042412085985264e-02
6.931818181818182e-01, 4.886363636363636e-01, -5.156834657308924e-02
7.159090909090909e-01, 4.886363636363636e-01, -5.184139416995416e-02
7.386363636363636e-01, 4.886363636363636e-01, -5.211444176681907e-02
7.613636363636364e-01, 4.886363636363636e-01, -5.220362257996899e-02
7.840909090909091e-01, 4.886363636363636e-01, -5.222469315676193e-02
8.068181818181818e-01, 4.886363636363636e-01, -4.977984146211251e-02
8.295454545454546e-01, 4.886363636363636e-01, -4.678675103626959e-02
8.522727272727273e-01, 4.886363636363636e-01, -4.333692480507025e-02
8.750000000000000e-01, 4.886363636363636e-01, -3.954472828982349e-02
8.977272727272727e-01, 4.886363636363636e-01, -3.499630454279893e-02
9.204545454545454e-01, 4.886363636363636e-01, -2.702439167179703e-02
9.431818181818182e-01, 4.886363636363636e-01, -1.905247880079509e-02
9.659090909090909e-01, 4.886363636363636e-01, -1.108056592979319e-02
9.886363636363636e-01, 4.886363636363636e-01, -3.604992132805273e-03
1.136363636363636e-02, 5.113636363636364e-01, 1.490417957504099e-03
3.409090909090909e-02, 5.113636363636364e-01, 4.555051387899193e-03
5.681818181818182e-02, 5.113636363636364e-01, 7.744331145689697e-03
7.954545454545454e-02, 5.113636363636364e-01, 1.093361090348020e-02
1.022727272727273e-01, 5.113636363636364e-01, 1.412289066127070e-02
1.250000000000000e-01, 5.113636363636364e-01, 1.438473597616798e-02
1.477272727272727e-01, 5.113636363636364e-01, 1.442715414102109e-02
1.704545454545454e-01, 5.113636363636364e-01, 1.423161492024598e-02
1.931818181818182e-01, 5.113636363636364e-01, 1.373266360809659e-02
2.159090909090909e-01, 5.113636363636364e-01, 1.273210427709169e-02
2.386363636363636e-01, 5.113636363636364e-01, 9.754592290996726e-03
2.613636363636364e-01, 5.113636363636364e-01, 6.777080304901764e-03
2.840909090909091e-01, 5.113636363636364e-01, 4.186803301789400e-03
3.068181818181818e-01, 5.113636363636364e-01, 1.637221520070005e-03
3.295454545454545e-01, 5.113636363636364e-01, -1.353968772272907e-03
3.522727272727273e-01, 5.113636363636364e-01, -5.327352476422870e-03
3.750000000000000e-01, 5.113636363636364e-01, -9.300736180572828e-03
3.977272727272727e-01, 5.113636363636364e-01, -1.327411988472278e-02
4.204545454545455e-01, 5.113636363636364e-01, -1.724750358887275e-02
4.431818181818182e-01, 5.113636363636364e-01, -2.130140225796709e-02
4.659090909090909e-01, 5.113636363636364e-01, -2.523283488969136e-02
4.886363636363636e-01, 5.113636363636364e-01, -2.908619951934796e-02
5.113636363636364e-01, 5.113636363636364e-01, -3.293956414900456e-02
5.340909090909091e-01, 5.113636363636364e-01, -3.679292877866117e-02
5.568181818181818e-01, 5.113636363636364e-01, -4.064629340831775e-02
5.795454545454546e-01, 5.113636363636364e-01, -4.382258149516056e-02
6.022727272727273e-01, 5.113636363636364e-01, -4.686046975792065e-02
6.250000000000000e-01, 5.113636363636364e-01, -4.925084410988092e-02
6.477272727272727e-01, 5.113636363636364e-01, -5.162610501142027e-02
6.704545454545454e-01, 5.113636363636364e-01, -5.400136591295962e-02
6.931818181818182e-01, 5.113636363636364e-01, -5.479739036928474e-02
7.159090909090909e-01, 5.113636363636364e-01, -5.507043796614965e-02
7.386363636363636e-01, 5.113636363636364e-01, -5.534348556301456e-02
7.613636363636364e-01, 5.113636363636364e-01, -5.561653315987947e-02
7.840909090909091e-01, 5.113636363636364e-01, -5.574902803982371e-02
8.068181818181818e-01, 5.113636363636364e-01, -5.281998339381084e-02
8.295454545454546e-01, 5.113636363636364e-01, -4.902778687856406e-02
8.522727272727273e-01, 5.113636363636364e-01, -4.523559036331729e-02
8.750000000000000e-01, 5.113636363636364e-01, -4.144339384807053e-02
8.977272727272727e-01, 5.113636363636364e-01, -3.675091129621825e-02
9.204545454545454e-01, 5.113636363636364e-01, -2.877899842521636e-02
9.431818181818182e-01, 5.113636363636364e-01, -2.080708555421441e-02
9.659090909090909e-01, 5.113636363636364e-01, -1.283517268321251e-02
9.886363636363636e-01, 5.113636363636364e-01, -4.608234322668204e-03
1.136363636363636e-02, 5.340909090909091e-01, 1.490417957504099e-03
3.409090909090909e-02, 5.340909090909091e-01, 4.471253872512296e-03
5.681818181818182e-02, 5.340909090909091e-01, 7.452089787520493e-03
7.954545454545454e-02, 5.340909090909091e-01, 1.047587440590707e-02
1.022727272727273e-01, 5.340909090909091e-01, 1.366515416369758e-02
1.250000000000000e-01, 5.340909090909091e-01, 1.388521728296658e-02
1.477272727272727e-01, 5.340909090909091e-01, 1.338626597081719e-02
1.704545454545454e-01, 5.340909090909091e-01, 1.288731465866780e-02
1.931818181818182e-01, 5.340909090909091e-01, 1.238836334651841e-02
2.159090909090909e-01, 5.340909090909091e-01, 1.120667004640693e-02
2.386363636363636e-01, 5.340909090909091e-01, 8.229158060311959e-03
2.613636363636364e-01, 5.340909090909091e-01, 5.251646074216996e-03
2.840909090909091e-01, 5.340909090909091e-01, 2.274134088122022e-03
3.068181818181818e-01, 5.340909090909091e-01, -5.234121642854105e-04
3.295454545454545e-01, 5.340909090909091e-01, -3.615837588114854e-03
3.522727272727273e-01, 5.340909090909091e-01, -7.589221292264817e-03
3.750000000000000e-01, 5.340909090909091e-01, -1.158397906098471e-02
3.977272727272727e-01, 5.340909090909091e-01, -1.559847985922365e-02
4.204545454545455e-01, 5.340909090909091e-01, -1.961298065746261e-02
4.431818181818182e-01, 5.340909090909091e-01, -2.377076536859541e-02
4.659090909090909e-01, 5.340909090909091e-01, -2.827610177949423e-02
4.886363636363636e-01, 5.340909090909091e-01, -3.215379150284373e-02
5.113636363636364e-01, 5.340909090909091e-01, -3.600715613250032e-02
5.340909090909091e-01, 5.340909090909091e-01, -3.986052076215692e-02
5.568181818181818e-01, 5.340909090909091e-01, -4.370132397778342e-02
5.795454545454546e-01, 5.340909090909091e-01, -4.673921224054353e-02
6.022727272727273e-01, 5.340909090909091e-01, -4.977710050330362e-02
6.250000000000000e-01, 5.340909090909091e-01, -5.281498876606371e-02
6.477272727272727e-01, 5.340909090909091e-01, -5.520335006452726e-02
6.704545454545454e-01, 5.340909090909091e-01, -5.757861096606660e-02
6.931818181818182e-01, 5.340909090909091e-01, -5.802643416548021e-02
7.159090909090909e-01, 5.340909090909091e-01, -5.829948176234513e-02
7.386363636363636e-01, 5.340909090909091e-01, -5.857252935921006e-02
7.613636363636364e-01, 5.340909090909091e-01, -5.876852029958014e-02
7.840909090909091e-01, 5.340909090909091e-01, -5.844763409048467e-02
8.068181818181818e-01, 5.340909090909091e-01, -5.471864895205788e-02
8.295454545454546e-01, 5.340909090909091e-01, -5.092645243681111e-02
8.522727272727273e-01, 5.340909090909091e-01, -4.713425592156433e-02
8.750000000000000e-01, 5.340909090909091e-01, -4.334205940631757e-02
8.977272727272727e-01, 5.340909090909091e-01, -3.850551804963757e-02
9.204545454545454e-01, 5.340909090909091e-01, -3.053360517863567e-02
9.431818181818182e-01, 5.340909090909091e-01, -2.256169230763373e-02
9.659090909090909e-01, 5.340909090909091e-01, -1.382470296800462e-02
9.886363636363636e-01, 5.340909090909091e-01, -4.608234322668213e-03
1.136363636363636e-02, 5.568181818181818e-01, 1.490417957504100e-03
3.409090909090909e-02, 5.568181818181818e-01, 4.471253872512296e-03
5.681818181818182e-02, 5.568181818181818e-01, 7.452089787520493e-03
7.954545454545454e-02, 5.568181818181818e-01, 1.043292570252869e-02
1.022727272727273e-01, 5.568181818181818e-01, 1.315311997037688e-02
1.250000000000000e-01, 5.568181818181818e-01, 1.254091702138839e-02
1.477272727272727e-01, 5.568181818181818e-01, 1.204196570923900e-02
1.704545454545454e-01, 5.568181818181818e-01, 1.154301439708961e-02
1.931818181818182e-01, 5.568181818181818e-01, 1.104406308494022e-02
2.159090909090909e-01, 5.568181818181818e-01, 9.681235815722153e-03
2.386363636363636e-01, 5.568181818181818e-01, 6.703723829627187e-03
2.613636363636364e-01, 5.568181818181818e-01, 3.726211843532224e-03
2.840909090909091e-01, 5.568181818181818e-01, 7.486998574372516e-04
3.068181818181818e-01, 5.568181818181818e-01, -2.238668457102151e-03
3.295454545454545e-01, 5.568181818181818e-01, -5.934318817538036e-03
3.522727272727273e-01, 5.568181818181818e-01, -9.948819615776988e-03
3.750000000000000e-01, 5.568181818181818e-01, -1.396332041401593e-02
3.977272727272727e-01, 5.568181818181818e-01, -1.797782121225487e-02
4.204545454545455e-01, 5.568181818181818e-01, -2.199232201049383e-02
4.431818181818182e-01, 5.568181818181818e-01, -2.624012847922374e-02
4.659090909090909e-01, 5.568181818181818e-01, -3.074546489012256e-02
4.886363636363636e-01, 5.568181818181818e-01, -3.522138348633948e-02
5.113636363636364e-01, 5.568181818181818e-01, -3.907474811599609e-02
5.340909090909091e-01, 5.568181818181818e-01, -4.292811274565268e-02
5.568181818181818e-01, 5.568181818181818e-01, -4.661795472316638e-02
5.795454545454546e-01, 5.568181818181818e-01, -4.965584298592648e-02
6.022727272727273e-01, 5.568181818181818e-01, -5.269373124868659e-02
6.250000000000000e-01, 5.568181818181818e-01, -5.573161951144667e-02
6.477272727272727e-01, 5.568181818181818e-01, -5.876950777420677e-02
6.704545454545454e-01, 5.568181818181818e-01, -6.098243036481080e-02
6.931818181818182e-01, 5.568181818181818e-01, -6.125547796167570e-02
7.159090909090909e-01, 5.568181818181818e-01, -6.130174216024586e-02
7.386363636363636e-01, 5.568181818181818e-01, -6.105638930986760e-02
7.613636363636364e-01, 5.568181818181818e-01, -6.081103645948933e-02
7.840909090909091e-01, 5.568181818181818e-01, -6.022433742835158e-02
8.068181818181818e-01, 5.568181818181818e-01, -5.649552229934113e-02
8.295454545454546e-01, 5.568181818181818e-01, -5.276670717033067e-02
8.522727272727273e-01, 5.568181818181818e-01, -4.903292147981138e-02
8.750000000000000e-01, 5.568181818181818e-01, -4.524072496456461e-02
8.977272727272727e-01, 5.568181818181818e-01, -4.026012480305690e-02
9.204545454545454e-01, 5.568181818181818e-01, -3.225764025867750e-02
9.431818181818182e-01, 5.568181818181818e-01, -2.304117161334104e-02
9.659090909090909e-01, 5.568181818181818e-01, -1.382470296800462e-02
9.886363636363636e-01, 5.568181818181818e-01, -4.608234322668213e-03
1.136363636363636e-02, 5.795454545454546e-01, 1.490417957504100e-03
3.409090909090909e-02, 5.795454545454546e-01, 4.471253872512296e-03
5.681818181818182e-02, 5.795454545454546e-01, 7.452089787520493e-03
7.954545454545454e-02, 5.795454545454546e-01, 1.000296313374829e-02
1.022727272727273e-01, 5.795454545454546e-01, 1.239790126587336e-02
1.250000000000000e-01, 5.795454545454546e-01, 1.163287678644853e-02
1.477272727272727e-01, 5.795454545454546e-01, 1.086785230702370e-02
1.704545454545454e-01, 5.795454545454546e-01, 1.019871413551142e-02
1.931818181818182e-01, 5.795454545454546e-01, 9.699762823362029e-03
2.159090909090909e-01, 5.795454545454546e-01, 8.155801585037379e-03
2.386363636363636e-01, 5.795454545454546e-01, 5.178289598942411e-03
2.613636363636364e-01, 5.795454545454546e-01, 2.180641818578946e-03
2.840909090909091e-01, 5.795454545454546e-01, -8.665778810082148e-04
3.068181818181818e-01, 5.795454545454546e-01, -3.913797580595371e-03
3.295454545454545e-01, 5.795454545454546e-01, -7.888317151554239e-03
3.522727272727273e-01, 5.795454545454546e-01, -1.232816096880822e-02
3.750000000000000e-01, 5.795454545454546e-01, -1.634266176704716e-02
3.977272727272727e-01, 5.795454545454546e-01, -2.035716256528610e-02
4.204545454545455e-01, 5.795454545454546e-01, -2.437166336352506e-02
4.431818181818182e-01, 5.795454545454546e-01, -2.870949158985208e-02
4.659090909090909e-01, 5.795454545454546e-01, -3.321482800075089e-02
4.886363636363636e-01, 5.795454545454546e-01, -3.772016441164972e-02
5.113636363636364e-01, 5.795454545454546e-01, -4.214234009949187e-02
5.340909090909091e-01, 5.795454545454546e-01, -4.599570472914846e-02
5.568181818181818e-01, 5.795454545454546e-01, -4.953458546854936e-02
5.795454545454546e-01, 5.795454545454546e-01, -5.257247373130947e-02
6.022727272727273e-01, 5.795454545454546e-01, -5.561036199406957e-02
6.250000000000000e-01, 5.795454545454546e-01, -5.864825025682965e-02
6.477272727272727e-01, 5.795454545454546e-01, -6.168613851958975e-02
6.704545454545454e-01, 5.795454545454546e-01, -6.375474068251487e-02
6.931818181818182e-01, 5.795454545454546e-01, -6.358961117053333e-02
7.159090909090909e-01, 5.795454545454546e-01, -6.334425832015506e-02
7.386363636363636e-01, 5.795454545454546e-01, -6.309890546977680e-02
7.613636363636364e-01, 5.795454545454546e-01, -6.285355261939853e-02
7.840909090909091e-01, 5.795454545454546e-01, -6.200104076621849e-02
8.068181818181818e-01, 5.795454545454546e-01, -5.827222563720805e-02
8.295454545454546e-01, 5.795454545454546e-01, -5.454341050819758e-02
8.522727272727273e-01, 5.795454545454546e-01, -5.081459537918714e-02
8.750000000000000e-01, 5.795454545454546e-01, -4.708578025017669e-02
8.977272727272727e-01, 5.795454545454546e-01, -4.147410890401391e-02
9.204545454545454e-01, 5.795454545454546e-01, -3.225764025867750e-02
9.431818181818182e-01, 5.795454545454546e-01, -2.304117161334104e-02
9.659090909090909e-01, 5.795454545454546e-01, -1.382470296800462e-02
9.886363636363636e-01, 5.795454545454546e-01, -4.608234322668206e-03
1.136363636363636e-02, 6.022727272727273e-01, 1.490417957504099e-03
3.409090909090909e-02, 6.022727272727273e-01, 4.384373323458957e-03
5.681818181818182e-02, 6.022727272727273e-01, 6.852806297119709e-03
7.954545454545454e-02, 6.022727272727273e-01, 9.321239270780463e-03
1.022727272727273e-01, 6.022727272727273e-01, 1.153588823703095e-02
1.250000000000000e-01, 6.022727272727273e-01, 1.077086375760612e-02
1.477272727272727e-01, 6.022727272727273e-01, 1.000583927818128e-02
1.704545454545454e-01, 6.022727272727273e-01, 9.240814798756452e-03
1.931818181818182e-01, 6.022727272727273e-01, 8.475790319331621e-03
2.159090909090909e-01, 6.022727272727273e-01, 6.599952094260054e-03
2.386363636363636e-01, 6.022727272727273e-01, 3.552732394672893e-03
2.613636363636364e-01, 6.022727272727273e-01, 5.055126950857358e-04
2.840909090909091e-01, 6.022727272727273e-01, -2.541707004501428e-03
3.068181818181818e-01, 6.022727272727273e-01, -5.588926704088583e-03
3.295454545454545e-01, 6.022727272727273e-01, -9.797621988852829e-03
3.522727272727273e-01, 6.022727272727273e-01, -1.428014110493781e-02
3.750000000000000e-01, 6.022727272727273e-01, -1.872200312007838e-02
3.977272727272727e-01, 6.022727272727273e-01, -2.273650391831732e-02
4.204545454545455e-01, 6.022727272727273e-01, -2.675100471655627e-02
4.431818181818182e-01, 6.022727272727273e-01, -3.117885470048040e-02
4.659090909090909e-01, 6.022727272727273e-01, -3.568419111137922e-02
4.886363636363636e-01, 6.022727272727273e-01, -4.018952752227805e-02
5.113636363636364e-01, 6.022727272727273e-01, -4.469486393317687e-02
5.340909090909091e-01, 6.022727272727273e-01, -4.906329671264423e-02
5.568181818181818e-01, 6.022727272727273e-01, -5.245121621393233e-02
5.795454545454546e-01, 6.022727272727273e-01, -5.548910447669243e-02
6.022727272727273e-01, 6.022727272727273e-01, -5.802010985509706e-02
6.250000000000000e-01, 6.022727272727273e-01, -6.050830866081658e-02
6.477272727272727e-01, 6.022727272727273e-01, -6.299650746653611e-02
6.704545454545454e-01, 6.022727272727273e-01, -6.475657852517720e-02
6.931818181818182e-01, 6.022727272727273e-01, -6.524236581993120e-02
7.159090909090909e-01, 6.022727272727273e-01, -6.538677448006425e-02
7.386363636363636e-01, 6.022727272727273e-01, -6.514142162968599e-02
7.613636363636364e-01, 6.022727272727273e-01, -6.489606877930770e-02
7.840909090909091e-01, 6.022727272727273e-01, -6.377774410408539e-02
8.068181818181818e-01, 6.022727272727273e-01, -6.004892897507495e-02
8.295454545454546e-01, 6.022727272727273e-01, -5.632011384606449e-02
8.522727272727273e-01, 6.022727272727273e-01, -5.256789379388720e-02
8.750000000000000e-01, 6.022727272727273e-01, -4.799346812238822e-02
8.977272727272727e-01, 6.022727272727273e-01, -4.184179449232723e-02
9.204545454545454e-01, 6.022727272727273e-01, -3.245736875401503e-02
9.431818181818182e-01, 6.022727272727273e-01, -2.307294301570278e-02
9.659090909090909e-01, 6.022727272727273e-01, -1.382470296800462e-02
9.886363636363636e-01, 6.022727272727273e-01, -4.608234322668206e-03
1.136363636363636e-02, 6.250000000000000e-01, 1.234216486830376e-03
3.409090909090909e-02, 6.250000000000000e-01, 3.702649460491130e-03
5.681818181818182e-02, 6.250000000000000e-01, 6.171082434151882e-03
7.954545454545454e-02, 6.250000000000000e-01, 8.639515407812635e-03
1.022727272727273e-01, 6.250000000000000e-01, 1.067387520818853e-02
1.250000000000000e-01, 6.250000000000000e-01, 9.908850728763701e-03
1.477272727272727e-01, 6.250000000000000e-01, 9.143826249338870e-03
1.704545454545454e-01, 6.250000000000000e-01, 8.365479782858931e-03
1.931818181818182e-01, 6.250000000000000e-01, 7.427950063802017e-03
2.159090909090909e-01, 6.250000000000000e-01, 5.052493860968303e-03
2.386363636363636e-01, 6.250000000000000e-01, 1.877603271179682e-03
2.613636363636364e-01, 6.250000000000000e-01, -1.169616428407475e-03
2.840909090909091e-01, 6.250000000000000e-01, -4.216836127994639e-03
3.068181818181818e-01, 6.250000000000000e-01, -7.264055827581798e-03
3.295454545454545e-01, 6.250000000000000e-01, -1.170692682615142e-02
3.522727272727273e-01, 6.250000000000000e-01, -1.618944594223640e-02
3.750000000000000e-01, 6.250000000000000e-01, -2.067196505832137e-02
3.977272727272727e-01, 6.250000000000000e-01, -2.511584527134854e-02
4.204545454545455e-01, 6.250000000000000e-01, -2.914288140020991e-02
4.431818181818182e-01, 6.250000000000000e-01, -3.364821781110873e-02
4.659090909090909e-01, 6.250000000000000e-01, -3.815355422200754e-02
4.886363636363636e-01, 6.250000000000000e-01, -4.265889063290638e-02
5.113636363636364e-01, 6.250000000000000e-01, -4.699417150121399e-02
5.340909090909091e-01, 6.250000000000000e-01, -5.111804535027697e-02
5.568181818181818e-01, 6.250000000000000e-01, -5.429527075690563e-02
5.795454545454546e-01, 6.250000000000000e-01, -5.678346956262517e-02
6.022727272727273e-01, 6.250000000000000e-01, -5.927166836834468e-02
6.250000000000000e-01, 6.250000000000000e-01, -6.175986717406421e-02
6.477272727272727e-01, 6.250000000000000e-01, -6.424806597978373e-02
6.704545454545454e-01, 6.250000000000000e-01, -6.575841636783955e-02
6.931818181818182e-01, 6.250000000000000e-01, -6.624420366259354e-02
7.159090909090909e-01, 6.250000000000000e-01, -6.672999095734752e-02
7.386363636363636e-01, 6.250000000000000e-01, -6.718393778959517e-02
7.613636363636364e-01, 6.250000000000000e-01, -6.693858493921689e-02
7.840909090909091e-01, 6.250000000000000e-01, -6.555444744195231e-02
8.068181818181818e-01, 6.250000000000000e-01, -6.182563231294186e-02
8.295454545454546e-01, 6.250000000000000e-01, -5.758374980629574e-02
8.522727272727273e-01, 6.250000000000000e-01, -5.300932413479677e-02
8.750000000000000e-01, 6.250000000000000e-01, -4.843489846329778e-02
8.977272727272727e-01, 6.250000000000000e-01, -4.222991582240496e-02
9.204545454545454e-01, 6.250000000000000e-01, -3.284549008409276e-02
9.431818181818182e-01, 6.250000000000000e-01, -2.346106434578051e-02
9.659090909090909e-01, 6.250000000000000e-01, -1.407663860746830e-02
9.886363636363636e-01, 6.250000000000000e-01, -4.692212869156101e-03
1.136363636363636e-02, 6.477272727272727e-01, 1.078362102295361e-03
3.409090909090909e-02, 6.477272727272727e-01, 3.235086306886083e-03
5.681818181818182e-02, 6.477272727272727e-01, 5.489358571184054e-03
7.954545454545454e-02, 6.477272727272727e-01, 7.957791544844807e-03
1.022727272727273e-01, 6.477272727272727e-01, 9.811862179346119e-03
1.250000000000000e-01, 6.477272727272727e-01, 9.046837699921286e-03
1.477272727272727e-01, 6.477272727272727e-01, 8.160462725837382e-03
1.704545454545454e-01, 6.477272727272727e-01, 7.222933006780470e-03
1.931818181818182e-01, 6.477272727272727e-01, 6.285403287723555e-03
2.159090909090909e-01, 6.477272727272727e-01, 3.601596518770381e-03
2.386363636363636e-01, 6.477272727272727e-01, 3.726964931782998e-04
2.613636363636364e-01, 6.477272727272727e-01, -2.844745551900686e-03
2.840909090909091e-01, 6.477272727272727e-01, -5.891965251487850e-03
3.068181818181818e-01, 6.477272727272727e-01, -9.133712547365037e-03
3.295454545454545e-01, 6.477272727272727e-01, -1.361623166345001e-02
3.522727272727273e-01, 6.477272727272727e-01, -1.809875077953499e-02
3.750000000000000e-01, 6.477272727272727e-01, -2.258126989561996e-02
3.977272727272727e-01, 6.477272727272727e-01, -2.706378901170493e-02
4.204545454545455e-01, 6.477272727272727e-01, -3.136369542603643e-02
4.431818181818182e-01, 6.477272727272727e-01, -3.548756927509939e-02
4.659090909090909e-01, 6.477272727272727e-01, -3.961144312416237e-02
4.886363636363636e-01, 6.477272727272727e-01, -4.373531697322536e-02
5.113636363636364e-01, 6.477272727272727e-01, -4.785919082228833e-02
5.340909090909091e-01, 6.477272727272727e-01, -5.191782041147265e-02
5.568181818181818e-01, 6.477272727272727e-01, -5.512712546326709e-02
5.795454545454546e-01, 6.477272727272727e-01, -5.803502807587280e-02
6.022727272727273e-01, 6.477272727272727e-01, -6.052322688159233e-02
6.250000000000000e-01, 6.477272727272727e-01, -6.301142568731184e-02
6.477272727272727e-01, 6.477272727272727e-01, -6.549962449303137e-02
6.704545454545454e-01, 6.477272727272727e-01, -6.676025421050188e-02
6.931818181818182e-01, 6.477272727272727e-01, -6.724604150525587e-02
7.159090909090909e-01, 6.477272727272727e-01, -6.773182880000987e-02
7.386363636363636e-01, 6.477272727272727e-01, -6.821761609476384e-02
7.613636363636364e-01, 6.477272727272727e-01, -6.870340338951783e-02
7.840909090909091e-01, 6.477272727272727e-01, -6.717403149020328e-02
8.068181818181818e-01, 6.477272727272727e-01, -6.259960581870430e-02
8.295454545454546e-01, 6.477272727272727e-01, -5.802518014720530e-02
8.522727272727273e-01, 6.477272727272727e-01, -5.345075447570632e-02
8.750000000000000e-01, 6.477272727272727e-01, -4.887632880420734e-02
8.977272727272727e-01, 6.477272727272727e-01, -4.261803715248269e-02
9.204545454545454e-01, 6.477272727272727e-01, -3.323361141417049e-02
9.431818181818182e-01, 6.477272727272727e-01, -2.384918567585824e-02
9.659090909090909e-01, 6.477272727272727e-01, -1.446475993754604e-02
9.886363636363636e-01, 6.477272727272727e-01, -4.829471082366856e-03
1.136363636363636e-02, 6.704545454545454e-01, 1.078362102295361e-03
3.409090909090909e-02, 6.704545454545454e-01, 3.235086306886083e-03
5.681818181818182e-02, 6.704545454545454e-01, 5.391810511476806e-03
7.954545454545454e-02, 6.704545454545454e-01, 7.548534716067528e-03
1.022727272727273e-01, 6.704545454545454e-01, 8.892975387872749e-03
1.250000000000000e-01, 6.704545454545454e-01, 7.955445668815836e-03
1.477272727272727e-01, 6.704545454545454e-01, 7.017915949758922e-03
1.704545454545454e-01, 6.704545454545454e-01, 6.080386230702008e-03
1.931818181818182e-01, 6.704545454545454e-01, 5.142856511645096e-03
2.159090909090909e-01, 6.704545454545454e-01, 2.150699176572459e-03
2.386363636363636e-01, 6.704545454545454e-01, -1.078200849019623e-03
2.613636363636364e-01, 6.704545454545454e-01, -4.307100874611700e-03
2.840909090909091e-01, 6.704545454545454e-01, -7.536000900203785e-03
3.068181818181818e-01, 6.704545454545454e-01, -1.104301738466363e-02
3.295454545454545e-01, 6.704545454545454e-01, -1.551100341669434e-02
3.522727272727273e-01, 6.704545454545454e-01, -1.965685971092709e-02
3.750000000000000e-01, 6.704545454545454e-01, -2.380271600515982e-02
3.977272727272727e-01, 6.704545454545454e-01, -2.794857229939256e-02
4.204545454545455e-01, 6.704545454545454e-01, -3.214437149923911e-02
4.431818181818182e-01, 6.704545454545454e-01, -3.635258859617375e-02
4.659090909090909e-01, 6.704545454545454e-01, -4.047646244523672e-02
4.886363636363636e-01, 6.704545454545454e-01, -4.460033629429970e-02
5.113636363636364e-01, 6.704545454545454e-01, -4.872421014336267e-02
5.340909090909091e-01, 6.704545454545454e-01, -5.252960979269489e-02
5.568181818181818e-01, 6.704545454545454e-01, -5.573891484448934e-02
5.795454545454546e-01, 6.704545454545454e-01, -5.894821989628379e-02
6.022727272727273e-01, 6.704545454545454e-01, -6.177478539483995e-02
6.250000000000000e-01, 6.704545454545454e-01, -6.426298420055947e-02
6.477272727272727e-01, 6.704545454545454e-01, -6.675118300627900e-02
6.704545454545454e-01, 6.704545454545454e-01, -6.776209205316422e-02
6.931818181818182e-01, 6.704545454545454e-01, -6.824787934791822e-02
7.159090909090909e-01, 6.704545454545454e-01, -6.873366664267221e-02
7.386363636363636e-01, 6.704545454545454e-01, -6.921945393742619e-02
7.613636363636364e-01, 6.704545454545454e-01, -6.872292412757657e-02
7.840909090909091e-01, 6.704545454545454e-01, -6.670882455504425e-02
8.068181818181818e-01, 6.704545454545454e-01, -6.275756873820333e-02
8.295454545454546e-01, 6.704545454545454e-01, -5.846661048811486e-02
8.522727272727273e-01, 6.704545454545454e-01, -5.389218481661588e-02
8.750000000000000e-01, 6.704545454545454e-01, -4.931775914511689e-02
8.977272727272727e-01, 6.704545454545454e-01, -4.300615848256043e-02
9.204545454545454e-01, 6.704545454545454e-01, -3.362173274424821e-02
9.431818181818182e-01, 6.704545454545454e-01, -2.414735541183428e-02
9.659090909090909e-01, 6.704545454545454e-01, -1.448841324710056e-02
9.886363636363636e-01, 6.704545454545454e-01, -4.829471082366856e-03
1.136363636363636e-02, 6.931818181818182e-01, 1.078362102295362e-03
3.409090909090909e-02, 6.931818181818182e-01, 3.235086306886083e-03
5.681818181818182e-02, 6.931818181818182e-01, 5.391810511476806e-03
7.954545454545454e-02, 6.931818181818182e-01, 7.243310074906490e-03
1.022727272727273e-01, 6.931818181818182e-01, 7.963227661975859e-03
1.250000000000000e-01, 6.931818181818182e-01, 6.895194445818150e-03
1.477272727272727e-01, 6.931818181818182e-01, 5.875369173680456e-03
1.704545454545454e-01, 6.931818181818182e-01, 4.937839454623543e-03
1.931818181818182e-01, 6.931818181818182e-01, 3.928701859966609e-03
2.159090909090909e-01, 6.931818181818182e-01, 6.998018343745278e-04
2.386363636363636e-01, 6.931818181818182e-01, -2.529098191217554e-03
2.613636363636364e-01, 6.931818181818182e-01, -5.757998216809629e-03
2.840909090909091e-01, 6.931818181818182e-01, -8.708298116445336e-03
3.068181818181818e-01, 6.931818181818182e-01, -1.214766229840144e-02
3.295454545454545e-01, 6.931818181818182e-01, -1.625131058371317e-02
3.522727272727273e-01, 6.931818181818182e-01, -2.039716687794591e-02
3.750000000000000e-01, 6.931818181818182e-01, -2.454302317217865e-02
3.977272727272727e-01, 6.931818181818182e-01, -2.868887946641138e-02
4.204545454545455e-01, 6.931818181818182e-01, -3.291288850364154e-02
4.431818181818182e-01, 6.931818181818182e-01, -3.715743442621845e-02
4.659090909090909e-01, 6.931818181818182e-01, -4.134148176631107e-02
4.886363636363636e-01, 6.931818181818182e-01, -4.546535561537406e-02
5.113636363636364e-01, 6.931818181818182e-01, -4.958922946443703e-02
5.340909090909091e-01, 6.931818181818182e-01, -5.314139917391713e-02
5.568181818181818e-01, 6.931818181818182e-01, -5.635070422571158e-02
5.795454545454546e-01, 6.931818181818182e-01, -5.956000927750604e-02
6.022727272727273e-01, 6.931818181818182e-01, -6.276931432930048e-02
6.250000000000000e-01, 6.931818181818182e-01, -6.551454271380712e-02
6.477272727272727e-01, 6.931818181818182e-01, -6.800274151952664e-02
6.704545454545454e-01, 6.931818181818182e-01, -6.876392989582658e-02
6.931818181818182e-01, 6.931818181818182e-01, -6.924971719058055e-02
7.159090909090909e-01, 6.931818181818182e-01, -6.931565540144667e-02
7.386363636363636e-01, 6.931818181818182e-01, -6.850052598207582e-02
7.613636363636364e-01, 6.931818181818182e-01, -6.768539656270497e-02
7.840909090909091e-01, 6.931818181818182e-01, -6.578844234112627e-02
8.068181818181818e-01, 6.931818181818182e-01, -6.183718652428534e-02
8.295454545454546e-01, 6.931818181818182e-01, -5.788593070744440e-02
8.522727272727273e-01, 6.931818181818182e-01, -5.393467489060346e-02
8.750000000000000e-01, 6.931818181818182e-01, -4.975918948602646e-02
8.977272727272727e-01, 6.931818181818182e-01, -4.339427981263816e-02
9.204545454545454e-01, 6.931818181818182e-01, -3.380629757656805e-02
9.431818181818182e-01, 6.931818181818182e-01, -2.414735541183428e-02
9.659090909090909e-01, 6.931818181818182e-01, -1.448841324710056e-02
9.886363636363636e-01, 6.931818181818182e-01, -4.829471082366856e-03
1.136363636363636e-02, 7.159090909090909e-01, 1.078362102295361e-03
3.409090909090909e-02, 7.159090909090909e-01, 3.235086306886083e-03
5.681818181818182e-02, 7.159090909090909e-01, 4.966848305033878e-03
7.954545454545454e-02, 7.159090909090909e-01, 6.519003955258838e-03
1.022727272727273e-01, 7.159090909090909e-01, 7.052760020361098e-03
1.250000000000000e-01, 7.159090909090909e-01, 5.984726804203390e-03
1.477272727272727e-01, 7.159090909090909e-01, 4.916693588045680e-03
1.704545454545454e-01, 7.159090909090909e-01, 3.848660371887972e-03
1.931818181818182e-01, 7.159090909090909e-01, 2.477804517768685e-03
2.159090909090909e-01, 7.159090909090909e-01, -5.785259672407653e-04
2.386363636363636e-01, 7.159090909090909e-01, -3.525675709717397e-03
2.613636363636364e-01, 7.159090909090909e-01, -6.472825452194024e-03
2.840909090909091e-01, 7.159090909090909e-01, -9.419975194670659e-03
3.068181818181818e-01, 7.159090909090909e-01, -1.310501010294026e-02
3.295454545454545e-01, 7.159090909090909e-01, -1.699437999323456e-02
3.522727272727273e-01, 7.159090909090909e-01, -2.113747404496474e-02
3.750000000000000e-01, 7.159090909090909e-01, -2.528333033919747e-02
3.977272727272727e-01, 7.159090909090909e-01, -2.943685958546704e-02
4.204545454545455e-01, 7.159090909090909e-01, -3.368140550804397e-02
4.431818181818182e-01, 7.159090909090909e-01, -3.792595143062088e-02
4.659090909090909e-01, 7.159090909090909e-01, -4.217049735319780e-02
4.886363636363636e-01, 7.159090909090909e-01, -4.633037493644840e-02
5.113636363636364e-01, 7.159090909090909e-01, -5.045424878551137e-02
5.340909090909091e-01, 7.159090909090909e-01, -5.375318855513938e-02
5.568181818181818e-01, 7.159090909090909e-01, -5.696249360693383e-02
5.795454545454546e-01, 7.159090909090909e-01, -6.017179865872829e-02
6.022727272727273e-01, 7.159090909090909e-01, -6.338110371052273e-02
6.250000000000000e-01, 7.159090909090909e-01, -6.659040876231717e-02
6.477272727272727e-01, 7.159090909090909e-01, -6.925430003277426e-02
6.704545454545454e-01, 7.159090909090909e-01, -6.976576773848892e-02
6.931818181818182e-01, 7.159090909090909e-01, -6.909325725594594e-02
7.159090909090909e-01, 7.159090909090909e-01, -6.827812783657508e-02
7.386363636363636e-01, 7.159090909090909e-01, -6.746299841720424e-02
7.613636363636364e-01, 7.159090909090909e-01, -6.664786899783338e-02
7.840909090909091e-01, 7.159090909090909e-01, -6.486806012720830e-02
8.068181818181818e-01, 7.159090909090909e-01, -6.091680431036738e-02
8.295454545454546e-01, 7.159090909090909e-01, -5.696554849352643e-02
8.522727272727273e-01, 7.159090909090909e-01, -5.301429267668550e-02
8.750000000000000e-01, 7.159090909090909e-01, -4.896632101535247e-02
8.977272727272727e-01, 7.159090909090909e-01, -4.284365018975422e-02
9.204545454545454e-01, 7.159090909090909e-01, -3.380629757656805e-02
9.431818181818182e-01, 7.159090909090909e-01, -2.414735541183428e-02
9.659090909090909e-01, 7.159090909090909e-01, -1.448841324710057e-02
9.886363636363636e-01, 7.159090909090909e-01, -4.829471082366856e-03
1.136363636363636e-02, 7.386363636363636e-01, 1.078362102295360e-03
3.409090909090909e-02, 7.386363636363636e-01, 2.690386535161266e-03
5.681818181818182e-02, 7.386363636363636e-01, 4.242542185386227e-03
7.954545454545454e-02, 7.386363636363636e-01, 5.794697835611187e-03
1.022727272727273e-01, 7.386363636363636e-01, 6.142292378746336e-03
1.250000000000000e-01, 7.386363636363636e-01, 5.074259162588628e-03
1.477272727272727e-01, 7.386363636363636e-01, 4.006225946430919e-03
1.704545454545454e-01, 7.386363636363636e-01, 2.978542117062293e-03
1.931818181818182e-01, 7.386363636363636e-01, 1.459048741966397e-03
2.159090909090909e-01, 7.386363636363636e-01, -1.290203045466089e-03
2.386363636363636e-01, 7.386363636363636e-01, -4.237352787942720e-03
2.613636363636364e-01, 7.386363636363636e-01, -7.184502530419346e-03
2.840909090909091e-01, 7.386363636363636e-01, -1.017298801718476e-02
3.068181818181818e-01, 7.386363636363636e-01, -1.406235790747907e-02
3.295454545454545e-01, 7.386363636363636e-01, -1.795172779777338e-02
3.522727272727273e-01, 7.386363636363636e-01, -2.187778121198357e-02
3.750000000000000e-01, 7.386363636363636e-01, -2.602363750621630e-02
3.977272727272727e-01, 7.386363636363636e-01, -3.020537658986946e-02
4.204545454545455e-01, 7.386363636363636e-01, -3.444992251244638e-02
4.431818181818182e-01, 7.386363636363636e-01, -3.869446843502330e-02
4.659090909090909e-01, 7.386363636363636e-01, -4.293901435760022e-02
4.886363636363636e-01, 7.386363636363636e-01, -4.718356028017715e-02
5.113636363636364e-01, 7.386363636363636e-01, -5.115567288456718e-02
5.340909090909091e-01, 7.386363636363636e-01, -5.436497793636162e-02
5.568181818181818e-01, 7.386363636363636e-01, -5.757428298815606e-02
5.795454545454546e-01, 7.386363636363636e-01, -6.078358803995053e-02
6.022727272727273e-01, 7.386363636363636e-01, -6.399289309174497e-02
6.250000000000000e-01, 7.386363636363636e-01, -6.684596323613970e-02
6.477272727272727e-01, 7.386363636363636e-01, -6.916105282364687e-02
6.704545454545454e-01, 7.386363636363636e-01, -6.887085911044522e-02
6.931818181818182e-01, 7.386363636363636e-01, -6.805572969107436e-02
7.159090909090909e-01, 7.386363636363636e-01, -6.724060027170350e-02
7.386363636363636e-01, 7.386363636363636e-01, -6.642547085233264e-02
7.613636363636364e-01, 7.386363636363636e-01, -6.561034143296179e-02
7.840909090909091e-01, 7.386363636363636e-01, -6.394767791329033e-02
8.068181818181818e-01, 7.386363636363636e-01, -5.999642209644940e-02
8.295454545454546e-01, 7.386363636363636e-01, -5.604516627960844e-02
8.522727272727273e-01, 7.386363636363636e-01, -5.174214108894985e-02
8.750000000000000e-01, 7.386363636363636e-01, -4.718801995889977e-02
8.977272727272727e-01, 7.386363636363636e-01, -4.125706160222094e-02
9.204545454545454e-01, 7.386363636363636e-01, -3.226511331145333e-02
9.431818181818182e-01, 7.386363636363636e-01, -2.327316502068567e-02
9.659090909090909e-01, 7.386363636363636e-01, -1.428121672991805e-02
9.886363636363636e-01, 7.386363636363636e-01, -4.829471082366856e-03
1.136363636363636e-02, 7.613636363636364e-01, 6.297157230574196e-04
3.409090909090909e-02, 7.613636363636364e-01, 1.966080415513616e-03
5.681818181818182e-02, 7.613636363636364e-01, 3.518236065738576e-03
7.954545454545454e-02, 7.613636363636364e-01, 5.070391715963536e-03
1.022727272727273e-01, 7.613636363636364e-01, 5.231824737131575e-03
1.250000000000000e-01, 7.613636363636364e-01, 4.163791520973866e-03
1.477272727272727e-01, 7.613636363636364e-01, 3.191444623874693e-03
1.704545454545454e-01, 7.613636363636364e-01, 2.224526212680937e-03
1.931818181818182e-01, 7.613636363636364e-01, 4.113254435741935e-04
2.159090909090909e-01, 7.613636363636364e-01, -2.211691017982528e-03
2.386363636363636e-01, 7.613636363636364e-01, -4.949029866168042e-03
2.613636363636364e-01, 7.613636363636364e-01, -7.896179608644669e-03
2.840909090909091e-01, 7.613636363636364e-01, -1.113033582172358e-02
3.068181818181818e-01, 7.613636363636364e-01, -1.501970571201788e-02
3.295454545454545e-01, 7.613636363636364e-01, -1.890907560231219e-02
3.522727272727273e-01, 7.613636363636364e-01, -2.279844549260651e-02
3.750000000000000e-01, 7.613636363636364e-01, -2.676394467323512e-02
3.977272727272727e-01, 7.613636363636364e-01, -3.097389359427189e-02
4.204545454545455e-01, 7.613636363636364e-01, -3.521843951684880e-02
4.431818181818182e-01, 7.613636363636364e-01, -3.946298543942573e-02
4.659090909090909e-01, 7.613636363636364e-01, -4.354889995516160e-02
4.886363636363636e-01, 7.613636363636364e-01, -4.734295533419183e-02
5.113636363636364e-01, 7.613636363636364e-01, -5.049428511959786e-02
5.340909090909091e-01, 7.613636363636364e-01, -5.321919315356666e-02
5.568181818181818e-01, 7.613636363636364e-01, -5.594410118753547e-02
5.795454545454546e-01, 7.613636363636364e-01, -5.866900922150428e-02
6.022727272727273e-01, 7.613636363636364e-01, -6.139391725547309e-02
6.250000000000000e-01, 7.613636363636364e-01, -6.411882528944189e-02
6.477272727272727e-01, 7.613636363636364e-01, -6.540658292679766e-02
6.704545454545454e-01, 7.613636363636364e-01, -6.569949857438971e-02
6.931818181818182e-01, 7.613636363636364e-01, -6.576465441846925e-02
7.159090909090909e-01, 7.613636363636364e-01, -6.582981026254879e-02
7.386363636363636e-01, 7.613636363636364e-01, -6.538794328746106e-02
7.613636363636364e-01, 7.613636363636364e-01, -6.457281386809020e-02
7.840909090909091e-01, 7.613636363636364e-01, -6.302729569937235e-02
8.068181818181818e-01, 7.613636363636364e-01, -5.907208229259731e-02
8.295454545454546e-01, 7.613636363636364e-01, -5.451796116254722e-02
8.522727272727273e-01, 7.613636363636364e-01, -4.996384003249713e-02
8.750000000000000e-01, 7.613636363636364e-01, -4.540971890244706e-02
8.977272727272727e-01, 7.613636363636364e-01, -3.967047301468767e-02
9.204545454545454e-01, 7.613636363636364e-01, -3.067852472392006e-02
9.431818181818182e-01, 7.613636363636364e-01, -2.168657643315240e-02
9.659090909090909e-01, 7.613636363636364e-01, -1.269462814238479e-02
9.886363636363636e-01, 7.613636363636364e-01, -3.873742836524654e-03
1.136363636363636e-02, 7.840909090909091e-01, 6.297157230574196e-04
3.409090909090909e-02, 7.840909090909091e-01, 1.889147169172259e-03
5.681818181818182e-02, 7.840909090909091e-01, 3.148578615287099e-03
7.954545454545454e-02, 7.840909090909091e-01, 4.408010061401938e-03
1.022727272727273e-01, 7.840909090909091e-01, 4.371265541880850e-03
1.250000000000000e-01, 7.840909090909091e-01, 3.404347130687094e-03
1.477272727272727e-01, 7.840909090909091e-01, 2.437428719493337e-03
1.704545454545454e-01, 7.840909090909091e-01, 1.470510308299582e-03
1.931818181818182e-01, 7.840909090909091e-01, -6.363978548180095e-04
2.159090909090909e-01, 7.840909090909091e-01, -3.259414316374731e-03
2.386363636363636e-01, 7.840909090909091e-01, -5.882430777931453e-03
2.613636363636364e-01, 7.840909090909091e-01, -8.607856686869992e-03
2.840909090909091e-01, 7.840909090909091e-01, -1.208768362626239e-02
3.068181818181818e-01, 7.840909090909091e-01, -1.597705351655670e-02
3.295454545454545e-01, 7.840909090909091e-01, -1.986642340685101e-02
3.522727272727273e-01, 7.840909090909091e-01, -2.339874544015650e-02
3.750000000000000e-01, 7.840909090909091e-01, -2.688352797394317e-02
3.977272727272727e-01, 7.840909090909091e-01, -3.020900300421451e-02
4.204545454545455e-01, 7.840909090909091e-01, -3.400305838324474e-02
4.431818181818182e-01, 7.840909090909091e-01, -3.779711376227496e-02
4.659090909090909e-01, 7.840909090909091e-01, -4.159116914130518e-02
4.886363636363636e-01, 7.840909090909091e-01, -4.538522452033542e-02
5.113636363636364e-01, 7.840909090909091e-01, -4.786465689964576e-02
5.340909090909091e-01, 7.840909090909091e-01, -5.049205520686886e-02
5.568181818181818e-01, 7.840909090909091e-01, -5.321696324083766e-02
5.795454545454546e-01, 7.840909090909091e-01, -5.594187127480648e-02
6.022727272727273e-01, 7.840909090909091e-01, -5.866677930877528e-02
6.250000000000000e-01, 7.840909090909091e-01, -6.079806167088290e-02
6.477272727272727e-01, 7.840909090909091e-01, -6.164452351692865e-02
6.704545454545454e-01, 7.840909090909091e-01, -6.217278848105300e-02
6.931818181818182e-01, 7.840909090909091e-01, -6.223794432513255e-02
7.159090909090909e-01, 7.840909090909091e-01, -6.230310016921209e-02
7.386363636363636e-01, 7.840909090909091e-01, -6.236825601329163e-02
7.613636363636364e-01, 7.840909090909091e-01, -6.243341185737118e-02
7.840909090909091e-01, 7.840909090909091e-01, -6.164399638019439e-02
8.068181818181818e-01, 7.840909090909091e-01, -5.729378123614461e-02
8.295454545454546e-01, 7.840909090909091e-01, -5.273966010609452e-02
8.522727272727273e-01, 7.840909090909091e-01, -4.818553897604443e-02
8.750000000000000e-01, 7.840909090909091e-01, -4.363141784599435e-02
8.977272727272727e-01, 7.840909090909091e-01, -3.808388442715440e-02
9.204545454545454e-01, 7.840909090909091e-01, -2.909193613638678e-02
9.431818181818182e-01, 7.840909090909091e-01, -2.009998784561913e-02
9.659090909090909e-01, 7.840909090909091e-01, -1.162122850957395e-02
9.886363636363636e-01, 7.840909090909091e-01, -3.873742836524654e-03
1.136363636363636e-02, 8.068181818181818e-01, 6.297157230574199e-04
3.409090909090909e-02, 8.068181818181818e-01, 1.889147169172259e-03
5.681818181818182e-02, 8.068181818181818e-01, 3.148578615287099e-03
7.954545454545454e-02, 8.068181818181818e-01, 4.038808017146750e-03
1.022727272727273e-01, 8.068181818181818e-01, 3.744840397180589e-03
1.250000000000000e-01, 8.068181818181818e-01, 2.697456977958487e-03
1.477272727272727e-01, 8.068181818181818e-01, 1.683412815111982e-03
1.704545454545454e-01, 8.068181818181818e-01, 7.164944039182262e-04
1.931818181818182e-01, 8.068181818181818e-01, -1.684121153210215e-03
2.159090909090909e-01, 8.068181818181818e-01, -4.307137614766935e-03
2.386363636363636e-01, 8.068181818181818e-01, -6.802784927550079e-03
2.613636363636364e-01, 8.068181818181818e-01, -9.147611427435658e-03
2.840909090909091e-01, 8.068181818181818e-01, -1.194435953586183e-02
3.068181818181818e-01, 8.068181818181818e-01, -1.543626646984446e-02
3.295454545454545e-01, 8.068181818181818e-01, -1.892817340382709e-02
3.522727272727273e-01, 8.068181818181818e-01, -2.242008033780973e-02
3.750000000000000e-01, 8.068181818181818e-01, -2.555587370370831e-02
3.977272727272727e-01, 8.068181818181818e-01, -2.828727549282973e-02
4.204545454545455e-01, 8.068181818181818e-01, -3.204532756938832e-02
4.431818181818182e-01, 8.068181818181818e-01, -3.583938294841854e-02
4.659090909090909e-01, 8.068181818181818e-01, -3.963343832744877e-02
4.886363636363636e-01, 8.068181818181818e-01, -4.284182803645717e-02
5.113636363636364e-01, 8.068181818181818e-01, -4.528759028907518e-02
5.340909090909091e-01, 8.068181818181818e-01, -4.776491726017106e-02
5.568181818181818e-01, 8.068181818181818e-01, -5.048982529413985e-02
5.795454545454546e-01, 8.068181818181818e-01, -5.321473332810867e-02
6.022727272727273e-01, 8.068181818181818e-01, -5.593964136207748e-02
6.250000000000000e-01, 8.068181818181818e-01, -5.703600226101389e-02
6.477272727272727e-01, 8.068181818181818e-01, -5.788246410705965e-02
6.704545454545454e-01, 8.068181818181818e-01, -5.864607838771629e-02
6.931818181818182e-01, 8.068181818181818e-01, -5.871123423179583e-02
7.159090909090909e-01, 8.068181818181818e-01, -5.877639007587538e-02
7.386363636363636e-01, 8.068181818181818e-01, -5.884154591995492e-02
7.613636363636364e-01, 8.068181818181818e-01, -5.850868339202611e-02
7.840909090909091e-01, 8.068181818181818e-01, -5.691620883686858e-02
8.068181818181818e-01, 8.068181818181818e-01, -5.369623073256839e-02
8.295454545454546e-01, 8.068181818181818e-01, -5.047625262826818e-02
8.522727272727273e-01, 8.068181818181818e-01, -4.640723791959173e-02
8.750000000000000e-01, 8.068181818181818e-01, -4.185311678954165e-02
8.977272727272727e-01, 8.068181818181818e-01, -3.649729583962113e-02
9.204545454545454e-01, 8.068181818181818e-01, -2.750534754885351e-02
9.431818181818182e-01, 8.068181818181818e-01, -1.936871418262325e-02
9.659090909090909e-01, 8.068181818181818e-01, -1.162122850957395e-02
9.886363636363636e-01, 8.068181818181818e-01, -3.873742836524654e-03
1.136363636363636e-02, 8.295454545454546e-01, 6.297157230574199e-04
3.409090909090909e-02, 8.295454545454546e-01, 1.889147169172259e-03
5.681818181818182e-02, 8.295454545454546e-01, 2.785404903430892e-03
7.954545454545454e-02, 8.295454545454546e-01, 3.342602255429256e-03
1.022727272727273e-01, 8.295454545454546e-01, 3.181220055894364e-03
1.250000000000000e-01, 8.295454545454546e-01, 2.133836636672263e-03
1.477272727272727e-01, 8.295454545454546e-01, 1.086453217450161e-03
1.704545454545454e-01, 8.295454545454546e-01, 5.830382312769381e-05
1.931818181818182e-01, 8.295454545454546e-01, -2.011335790133029e-03
2.159090909090909e-01, 8.295454545454546e-01, -4.356162290018611e-03
2.386363636363636e-01, 8.295454545454546e-01, -6.700988789904192e-03
2.613636363636364e-01, 8.295454545454546e-01, -8.953873563596506e-03
2.840909090909091e-01, 8.295454545454546e-01, -1.110547715533580e-02
3.068181818181818e-01, 8.295454545454546e-01, -1.445760136749769e-02
3.295454545454545e-01, 8.295454545454546e-01, -1.794950830148032e-02
3.522727272727273e-01, 8.295454545454546e-01, -2.144141523546295e-02
3.750000000000000e-01, 8.295454545454546e-01, -2.422821943347344e-02
3.977272727272727e-01, 8.295454545454546e-01, -2.695962122259486e-02
4.204545454545455e-01, 8.295454545454546e-01, -3.008759675553190e-02
4.431818181818182e-01, 8.295454545454546e-01, -3.388165213456212e-02
4.659090909090909e-01, 8.295454545454546e-01, -3.767570751359235e-02
4.886363636363636e-01, 8.295454545454546e-01, -4.026476142588657e-02
5.113636363636364e-01, 8.295454545454546e-01, -4.271052367850458e-02
5.340909090909091e-01, 8.295454545454546e-01, -4.515628593112259e-02
5.568181818181818e-01, 8.295454545454546e-01, -4.776268734744204e-02
5.795454545454546e-01, 8.295454545454546e-01, -5.048759538141086e-02
6.022727272727273e-01, 8.295454545454546e-01, -5.242748100509911e-02
6.250000000000000e-01, 8.295454545454546e-01, -5.327394285114487e-02
6.477272727272727e-01, 8.295454545454546e-01, -5.412040469719062e-02
6.704545454545454e-01, 8.295454545454546e-01, -5.496686654323638e-02
6.931818181818182e-01, 8.295454545454546e-01, -5.518452413845910e-02
7.159090909090909e-01, 8.295454545454546e-01, -5.524967998253864e-02
7.386363636363636e-01, 8.295454545454546e-01, -5.509020332414131e-02
7.613636363636364e-01, 8.295454545454546e-01, -5.349929520248698e-02
7.840909090909091e-01, 8.295454545454546e-01, -5.190838708083265e-02
8.068181818181818e-01, 8.295454545454546e-01, -4.896844318924257e-02
8.295454545454546e-01, 8.295454545454546e-01, -4.574846508494235e-02
8.522727272727273e-01, 8.295454545454546e-01, -4.252848698064216e-02
8.750000000000000e-01, 8.295454545454546e-01, -3.930850887634196e-02
8.977272727272727e-01, 8.295454545454546e-01, -3.491070725208785e-02
9.204545454545454e-01, 8.295454545454546e-01, -2.711619985567259e-02
9.431818181818182e-01, 8.295454545454546e-01, -1.936871418262325e-02
9.659090909090909e-01, 8.295454545454546e-01, -1.162122850957395e-02
9.886363636363636e-01, 8.295454545454546e-01, -3.873742836524648e-03
1.136363636363636e-02, 8.522727272727273e-01, 6.297157230574199e-04
3.409090909090909e-02, 8.522727272727273e-01, 1.532001789715037e-03
5.681818181818182e-02, 8.522727272727273e-01, 2.089199141713400e-03
7.954545454545454e-02, 8.522727272727273e-01, 2.646396493711764e-03
1.022727272727273e-01, 8.522727272727273e-01, 2.617599714608143e-03
1.250000000000000e-01, 8.522727272727273e-01, 1.570216295386042e-03
1.477272727272727e-01, 8.522727272727273e-01, 5.377504546106560e-04
1.704545454545454e-01, 8.522727272727273e-01, -4.522861305211018e-04
1.931818181818182e-01, 8.522727272727273e-01, -1.909539652487141e-03
2.159090909090909e-01, 8.522727272727273e-01, -4.254366152372722e-03
2.386363636363636e-01, 8.522727272727273e-01, -6.597214666765801e-03
2.613636363636364e-01, 8.522727272727273e-01, -8.748818258505087e-03
2.840909090909091e-01, 8.522727272727273e-01, -1.090042185024438e-02
3.068181818181818e-01, 8.522727272727273e-01, -1.347893626515092e-02
3.295454545454545e-01, 8.522727272727273e-01, -1.697084319913355e-02
3.522727272727273e-01, 8.522727272727273e-01, -2.016916337411715e-02
3.750000000000000e-01, 8.522727272727273e-01, -2.290056516323858e-02
3.977272727272727e-01, 8.522727272727273e-01, -2.563196695236001e-02
4.204545454545455e-01, 8.522727272727273e-01, -2.836336874148144e-02
4.431818181818182e-01, 8.522727272727273e-01, -3.192392132070571e-02
4.659090909090909e-01, 8.522727272727273e-01, -3.524193256269798e-02
4.886363636363636e-01, 8.522727272727273e-01, -3.768769481531599e-02
5.113636363636364e-01, 8.522727272727273e-01, -4.013345706793400e-02
5.340909090909091e-01, 8.522727272727273e-01, -4.257921932055200e-02
5.568181818181818e-01, 8.522727272727273e-01, -4.503554940074423e-02
5.795454545454546e-01, 8.522727272727273e-01, -4.776045743471305e-02
6.022727272727273e-01, 8.522727272727273e-01, -4.866542159523010e-02
6.250000000000000e-01, 8.522727272727273e-01, -4.951188344127586e-02
6.477272727272727e-01, 8.522727272727273e-01, -5.035834528732162e-02
6.704545454545454e-01, 8.522727272727273e-01, -5.120480713336737e-02
6.931818181818182e-01, 8.522727272727273e-01, -5.165781404512239e-02
7.159090909090909e-01, 8.522727272727273e-01, -5.167172325625653e-02
7.386363636363636e-01, 8.522727272727273e-01, -5.008081513460221e-02
7.613636363636364e-01, 8.522727272727273e-01, -4.848990701294788e-02
7.840909090909091e-01, 8.522727272727273e-01, -4.689899889129355e-02
8.068181818181818e-01, 8.522727272727273e-01, -4.424065564591677e-02
8.295454545454546e-01, 8.522727272727273e-01, -4.102067754161655e-02
8.522727272727273e-01, 8.522727272727273e-01, -3.780069943731636e-02
8.750000000000000e-01, 8.522727272727273e-01, -3.443390338482576e-02
8.977272727272727e-01, 8.522727272727273e-01, -3.036924029528279e-02
9.204545454545454e-01, 8.522727272727273e-01, -2.484756024159502e-02
9.431818181818182e-01, 8.522727272727273e-01, -1.932588018790721e-02
9.659090909090909e-01, 8.522727272727273e-01, -1.162122850957395e-02
9.886363636363636e-01, 8.522727272727273e-01, -3.873742836524648e-03
1.136363636363636e-02, 8.750000000000000e-01, 2.785986759991819e-04
3.409090909090909e-02, 8.750000000000000e-01, 8.357960279975459e-04
5.681818181818182e-02, 8.750000000000000e-01, 1.392993379995909e-03
7.954545454545454e-02, 8.750000000000000e-01, 1.950190731994273e-03
1.022727272727273e-01, 8.750000000000000e-01, 2.053979373321922e-03
1.250000000000000e-01, 8.750000000000000e-01, 1.017197086093620e-03
1.477272727272727e-01, 8.750000000000000e-01, 2.716050096186088e-05
1.704545454545454e-01, 8.750000000000000e-01, -9.628760841698973e-04
1.931818181818182e-01, 8.750000000000000e-01, -1.952912669301657e-03
2.159090909090909e-01, 8.750000000000000e-01, -4.152570014726835e-03
2.386363636363636e-01, 8.750000000000000e-01, -6.392159361674383e-03
2.613636363636364e-01, 8.750000000000000e-01, -8.543762953413671e-03
2.840909090909091e-01, 8.750000000000000e-01, -1.069536654515296e-02
3.068181818181818e-01, 8.750000000000000e-01, -1.284697013689225e-02
3.295454545454545e-01, 8.750000000000000e-01, -1.599217809678678e-02
3.522727272727273e-01, 8.750000000000000e-01, -1.884150910388229e-02
3.750000000000000e-01, 8.750000000000000e-01, -2.157291089300372e-02
3.977272727272727e-01, 8.750000000000000e-01, -2.430431268212515e-02
4.204545454545455e-01, 8.750000000000000e-01, -2.703571447124658e-02
4.431818181818182e-01, 8.750000000000000e-01, -2.996619050684930e-02
4.659090909090909e-01, 8.750000000000000e-01, -3.266486595212740e-02
4.886363636363636e-01, 8.750000000000000e-01, -3.511062820474541e-02
5.113636363636364e-01, 8.750000000000000e-01, -3.755639045736341e-02
5.340909090909091e-01, 8.750000000000000e-01, -4.000215270998141e-02
5.568181818181818e-01, 8.750000000000000e-01, -4.244791496259941e-02
5.795454545454546e-01, 8.750000000000000e-01, -4.405690033931535e-02
6.022727272727273e-01, 8.750000000000000e-01, -4.490336218536110e-02
6.250000000000000e-01, 8.750000000000000e-01, -4.574982403140685e-02
6.477272727272727e-01, 8.750000000000000e-01, -4.659628587745260e-02
6.704545454545454e-01, 8.750000000000000e-01, -4.744274772349837e-02
6.931818181818182e-01, 8.750000000000000e-01, -4.813110395178567e-02
7.159090909090909e-01, 8.750000000000000e-01, -4.666233506671742e-02
7.386363636363636e-01, 8.750000000000000e-01, -4.507142694506311e-02
7.613636363636364e-01, 8.750000000000000e-01, -4.348051882340877e-02
7.840909090909091e-01, 8.750000000000000e-01, -4.188961070175445e-02
8.068181818181818e-01, 8.750000000000000e-01, -3.951286810259097e-02
8.295454545454546e-01, 8.750000000000000e-01, -3.629288999829075e-02
8.522727272727273e-01, 8.750000000000000e-01, -3.275619469208477e-02
8.750000000000000e-01, 8.750000000000000e-01, -2.913637978716026e-02
8.977272727272727e-01, 8.750000000000000e-01, -2.484756024159502e-02
9.204545454545454e-01, 8.750000000000000e-01, -1.932588018790724e-02
9.431818181818182e-01, 8.750000000000000e-01, -1.380420013421944e-02
9.659090909090909e-01, 8.750000000000000e-01, -8.282520080531661e-03
9.886363636363636e-01, 8.750000000000000e-01, -2.760840026843887e-03
1.136363636363636e-02, 8.977272727272727e-01, 1.905366053808119e-04
3.409090909090909e-02, 8.977272727272727e-01, 5.716098161424356e-04
5.681818181818182e-02, 8.977272727272727e-01, 9.526830269040590e-04
7.954545454545454e-02, 8.977272727272727e-01, 1.333756237665683e-03
1.022727272727273e-01, 8.977272727272727e-01, 1.496643717576583e-03
1.250000000000000e-01, 8.977272727272727e-01, 5.066071324448248e-04
1.477272727272727e-01, 8.977272727272727e-01, -4.834294526869347e-04
1.704545454545454e-01, 8.977272727272727e-01, -1.473466037818693e-03
1.931818181818182e-01, 8.977272727272727e-01, -2.463502622950452e-03
2.159090909090909e-01, 8.977272727272727e-01, -4.035500464843677e-03
2.386363636363636e-01, 8.977272727272727e-01, -6.187104056582966e-03
2.613636363636364e-01, 8.977272727272727e-01, -8.338707648322254e-03
2.840909090909091e-01, 8.977272727272727e-01, -1.049031124006155e-02
3.068181818181818e-01, 8.977272727272727e-01, -1.255471970611523e-02
3.295454545454545e-01, 8.977272727272727e-01, -1.431708978487309e-02
3.522727272727273e-01, 8.977272727272727e-01, -1.676422575533566e-02
3.750000000000000e-01, 8.977272727272727e-01, -1.921136172579823e-02
3.977272727272727e-01, 8.977272727272727e-01, -2.165849769626080e-02
4.204545454545455e-01, 8.977272727272727e-01, -2.410563366672338e-02
4.431818181818182e-01, 8.977272727272727e-01, -2.568523733185652e-02
4.659090909090909e-01, 8.977272727272727e-01, -2.712439699875272e-02
4.886363636363636e-01, 8.977272727272727e-01, -2.928460646343367e-02
5.113636363636364e-01, 8.977272727272727e-01, -3.144481592811462e-02
5.340909090909091e-01, 8.977272727272727e-01, -3.360502539279556e-02
5.568181818181818e-01, 8.977272727272727e-01, -3.563233315410332e-02
5.795454545454546e-01, 8.977272727272727e-01, -3.568206835369582e-02
6.022727272727273e-01, 8.977272727272727e-01, -3.674310834575691e-02
6.250000000000000e-01, 8.977272727272727e-01, -3.780414833781800e-02
6.477272727272727e-01, 8.977272727272727e-01, -3.886518832987908e-02
6.704545454545454e-01, 8.977272727272727e-01, -3.992622832194017e-02
6.931818181818182e-01, 8.977272727272727e-01, -4.040219531760814e-02
7.159090909090909e-01, 8.977272727272727e-01, -3.965597649544633e-02
7.386363636363636e-01, 8.977272727272727e-01, -3.865900906547941e-02
7.613636363636364e-01, 8.977272727272727e-01, -3.766204163551248e-02
7.840909090909091e-01, 8.977272727272727e-01, -3.666507420554554e-02
8.068181818181818e-01, 8.977272727272727e-01, -3.469830090426832e-02
8.295454545454546e-01, 8.977272727272727e-01, -3.107848599934379e-02
8.522727272727273e-01, 8.977272727272727e-01, -2.745867109441928e-02
8.750000000000000e-01, 8.977272727272727e-01, -2.383885618949477e-02
8.977272727272727e-01, 8.977272727272727e-01, -1.932588018790724e-02
9.204545454545454e-01, 8.977272727272727e-01, -1.380420013421947e-02
9.431818181818182e-01, 8.977272727272727e-01, -8.282520080531661e-03
9.659090909090909e-01, 8.977272727272727e-01, -2.760840026843887e-03
9.886363636363636e-01, 8.977272727272727e-01, 0.000000000000000e+00
1.136363636363636e-02, 9.204545454545454e-01, 1.905366053808119e-04
3.409090909090909e-02, 9.204545454545454e-01, 5.716098161424356e-04
5.681818181818182e-02, 9.204545454545454e-01, 9.526830269040590e-04
7.954545454545454e-02, 9.204545454545454e-01, 1.302655636029646e-03
1.022727272727273e-01, 9.204545454545454e-01, 1.302655636029646e-03
1.250000000000000e-01, 9.204545454545454e-01, 3.437077156809256e-04
1.477272727272727e-01, 9.204545454545454e-01, -6.695648846902812e-04
1.704545454545454e-01, 9.204545454545454e-01, -1.682837485061486e-03
1.931818181818182e-01, 9.204545454545454e-01, -2.696110085432693e-03
2.159090909090909e-01, 9.204545454545454e-01, -2.858645379516438e-03
2.386363636363636e-01, 9.204545454545454e-01, -4.863652783618333e-03
2.613636363636364e-01, 9.204545454545454e-01, -6.868660187720223e-03
2.840909090909091e-01, 9.204545454545454e-01, -8.873667591822119e-03
3.068181818181818e-01, 9.204545454545454e-01, -1.079912063286735e-02
3.295454545454545e-01, 9.204545454545454e-01, -1.079912063286735e-02
3.522727272727273e-01, 9.204545454545454e-01, -1.249503426071384e-02
3.750000000000000e-01, 9.204545454545454e-01, -1.494217023117641e-02
3.977272727272727e-01, 9.204545454545454e-01, -1.738930620163898e-02
4.204545454545455e-01, 9.204545454545454e-01, -1.983644217210155e-02
4.431818181818182e-01, 9.204545454545454e-01, -1.997740681366619e-02
4.659090909090909e-01, 9.204545454545454e-01, -2.037668339969180e-02
4.886363636363636e-01, 9.204545454545454e-01, -2.253689286437276e-02
5.113636363636364e-01, 9.204545454545454e-01, -2.469710232905371e-02
5.340909090909091e-01, 9.204545454545454e-01, -2.685731179373465e-02
5.568181818181818e-01, 9.204545454545454e-01, -2.771403689763591e-02
5.795454545454546e-01, 9.204545454545454e-01, -2.771403689763591e-02
6.022727272727273e-01, 9.204545454545454e-01, -2.834218649290848e-02
6.250000000000000e-01, 9.204545454545454e-01, -2.940322648496956e-02
6.477272727272727e-01, 9.204545454545454e-01, -3.046426647703065e-02
6.704545454545454e-01, 9.204545454545454e-01, -3.142392969147301e-02
6.931818181818182e-01, 9.204545454545454e-01, -3.142392969147301e-02
7.159090909090909e-01, 9.204545454545454e-01, -3.117585975089169e-02
7.386363636363636e-01, 9.204545454545454e-01, -3.017889232092476e-02
7.613636363636364e-01, 9.204545454545454e-01, -2.918192489095783e-02
7.840909090909091e-01, 9.204545454545454e-01, -2.818495746099091e-02
8.068181818181818e-01, 9.204545454545454e-01, -2.795187788597421e-02
8.295454545454546e-01, 9.204545454545454e-01, -2.578096240167830e-02
8.522727272727273e-01, 9.204545454545454e-01, -2.216114749675378e-02
8.750000000000000e-01, 9.204545454545454e-01, -1.854133259182927e-02
8.977272727272727e-01, 9.204545454545454e-01, -1.380420013421947e-02
9.204545454545454e-01, 9.204545454545454e-01, -8.282520080531692e-03
9.431818181818182e-01, 9.204545454545454e-01, -2.760840026843888e-03
9.659090909090909e-01, 9.204545454545454e-01, 0.000000000000000e+00
9.886363636363636e-01, 9.204545454545454e-01, 0.000000000000000e+00
1.136363636363636e-02, 9.431818181818182e-01, 1.905366053808118e-04
3.409090909090909e-02, 9.431818181818182e-01, 5.716098161424356e-04
5.681818181818182e-02, 9.431818181818182e-01, 9.304683114497461e-04
7.954545454545454e-02, 9.431818181818182e-01, 9.304683114497461e-04
1.022727272727273e-01, 9.431818181818182e-01, 9.304683114497461e-04
1.250000000000000e-01, 9.431818181818182e-01, 2.455055112006607e-04
1.477272727272727e-01, 9.431818181818182e-01, -7.677670891705459e-04
1.704545454545454e-01, 9.431818181818182e-01, -1.781039689541751e-03
1.931818181818182e-01, 9.431818181818182e-01, -2.037448537121772e-03
2.159090909090909e-01, 9.431818181818182e-01, -2.037448537121772e-03
2.386363636363636e-01, 9.431818181818182e-01, -3.187608073427103e-03
2.613636363636364e-01, 9.431818181818182e-01, -5.192615477528997e-03
2.840909090909091e-01, 9.431818181818182e-01, -7.197622881630892e-03
3.068181818181818e-01, 9.431818181818182e-01, -7.713657594905242e-03
3.295454545454545e-01, 9.431818181818182e-01, -7.713657594905242e-03
3.522727272727273e-01, 9.431818181818182e-01, -8.225842766091991e-03
3.750000000000000e-01, 9.431818181818182e-01, -1.067297873655456e-02
3.977272727272727e-01, 9.431818181818182e-01, -1.312011470701713e-02
4.204545454545455e-01, 9.431818181818182e-01, -1.426957629547583e-02
4.431818181818182e-01, 9.431818181818182e-01, -1.426957629547583e-02
4.659090909090909e-01, 9.431818181818182e-01, -1.426957629547583e-02
4.886363636363636e-01, 9.431818181818182e-01, -1.578917926531181e-02
5.113636363636364e-01, 9.431818181818182e-01, -1.794938872999276e-02
5.340909090909091e-01, 9.431818181818182e-01, -1.979574064116849e-02
5.568181818181818e-01, 9.431818181818182e-01, -1.979574064116849e-02
5.795454545454546e-01, 9.431818181818182e-01, -1.979574064116849e-02
6.022727272727273e-01, 9.431818181818182e-01, -1.994126464006000e-02
6.250000000000000e-01, 9.431818181818182e-01, -2.100230463212108e-02
6.477272727272727e-01, 9.431818181818182e-01, -2.206334462418217e-02
6.704545454545454e-01, 9.431818181818182e-01, -2.244566406533783e-02
6.931818181818182e-01, 9.431818181818182e-01, -2.244566406533783e-02
7.159090909090909e-01, 9.431818181818182e-01, -2.244566406533783e-02
7.386363636363636e-01, 9.431818181818182e-01, -2.169877557637008e-02
7.613636363636364e-01, 9.431818181818182e-01, -2.070180814640315e-02
7.840909090909091e-01, 9.431818181818182e-01, -1.996562706141013e-02
8.068181818181818e-01, 9.431818181818182e-01, -1.996562706141013e-02
8.295454545454546e-01, 9.431818181818182e-01, -1.996562706141013e-02
8.522727272727273e-01, 9.431818181818182e-01, -1.686362389908826e-02
8.750000000000000e-01, 9.431818181818182e-01, -1.324380899416374e-02
8.977272727272727e-01, 9.431818181818182e-01, -8.282520080531661e-03
9.204545454545454e-01, 9.431818181818182e-01, -2.760840026843886e-03
9.431818181818182e-01, 9.431818181818182e-01, 0.000000000000000e+00
9.659090909090909e-01, 9.431818181818182e-01, 0.000000000000000e+00
9.886363636363636e-01, 9.431818181818182e-01, 0.000000000000000e+00
1.136363636363636e-02, 9.659090909090909e-01, 1.905366053808118e-04
3.409090909090909e-02, 9.659090909090909e-01, 5.582809868698476e-04
5.681818181818182e-02, 9.659090909090909e-01, 5.582809868698476e-04
7.954545454545454e-02, 9.659090909090909e-01, 5.582809868698476e-04
1.022727272727273e-01, 9.659090909090909e-01, 5.582809868698476e-04
1.250000000000000e-01, 9.659090909090909e-01, 1.473033067203963e-04
1.477272727272727e-01, 9.659090909090909e-01, -8.659692936508106e-04
1.704545454545454e-01, 9.659090909090909e-01, -1.222469122273063e-03
1.931818181818182e-01, 9.659090909090909e-01, -1.222469122273063e-03
2.159090909090909e-01, 9.659090909090909e-01, -1.222469122273063e-03
2.386363636363636e-01, 9.659090909090909e-01, -1.511563363235885e-03
2.613636363636364e-01, 9.659090909090909e-01, -3.516570767337775e-03
2.840909090909091e-01, 9.659090909090909e-01, -4.628194556943145e-03
3.068181818181818e-01, 9.659090909090909e-01, -4.628194556943145e-03
3.295454545454545e-01, 9.659090909090909e-01, -4.628194556943145e-03
3.522727272727273e-01, 9.659090909090909e-01, -4.628194556943145e-03
3.750000000000000e-01, 9.659090909090909e-01, -6.403787241932738e-03
3.977272727272727e-01, 9.659090909090909e-01, -8.561745777285499e-03
4.204545454545455e-01, 9.659090909090909e-01, -8.561745777285499e-03
4.431818181818182e-01, 9.659090909090909e-01, -8.561745777285497e-03
4.659090909090909e-01, 9.659090909090909e-01, -8.561745777285497e-03
4.886363636363636e-01, 9.659090909090909e-01, -9.041465666250902e-03
5.113636363636364e-01, 9.659090909090909e-01, -1.120167513093184e-02
5.340909090909091e-01, 9.659090909090909e-01, -1.187744438470109e-02
5.568181818181818e-01, 9.659090909090909e-01, -1.187744438470109e-02
5.795454545454546e-01, 9.659090909090909e-01, -1.187744438470109e-02
6.022727272727273e-01, 9.659090909090909e-01, -1.187744438470109e-02
6.250000000000000e-01, 9.659090909090909e-01, -1.260138277927265e-02
6.477272727272727e-01, 9.659090909090909e-01, -1.346739843920270e-02
6.704545454545454e-01, 9.659090909090909e-01, -1.346739843920270e-02
6.931818181818182e-01, 9.659090909090909e-01, -1.346739843920270e-02
7.159090909090909e-01, 9.659090909090909e-01, -1.346739843920270e-02
7.386363636363636e-01, 9.659090909090909e-01, -1.321865883181543e-02
7.613636363636364e-01, 9.659090909090909e-01, -1.222169140184850e-02
7.840909090909091e-01, 9.659090909090909e-01, -1.197937623684608e-02
8.068181818181818e-01, 9.659090909090909e-01, -1.197937623684608e-02
8.295454545454546e-01, 9.659090909090909e-01, -1.197937623684608e-02
8.522727272727273e-01, 9.659090909090909e-01, -1.156610030142276e-02
8.750000000000000e-01, 9.659090909090909e-01, -7.946285396498245e-03
8.977272727272727e-01, 9.659090909090909e-01, -2.760840026843886e-03
9.204545454545454e-01, 9.659090909090909e-01, 0.000000000000000e+00
9.431818181818182e-01, 9.659090909090909e-01, 0.000000000000000e+00
9.659090909090909e-01, 9.659090909090909e-01, 0.000000000000000e+00
9.886363636363636e-01, 9.659090909090909e-01, 0.000000000000000e+00
1.136363636363636e-02, 9.886363636363636e-01, 1.860936622899493e-04
3.409090909090909e-02, 9.886363636363636e-01, 1.860936622899493e-04
5.681818181818182e-02, 9.886363636363636e-01, 1.860936622899493e-04
7.954545454545454e-02, 9.886363636363636e-01, 1.860936622899493e-04
1.022727272727273e-01, 9.886363636363636e-01, 1.860936622899493e-04
1.250000000000000e-01, 9.886363636363636e-01, 4.910110224013207e-05
1.477272727272727e-01, 9.886363636363636e-01, -4.074897074243543e-04
1.704545454545454e-01, 9.886363636363636e-01, -4.074897074243547e-04
1.931818181818182e-01, 9.886363636363636e-01, -4.074897074243547e-04
2.159090909090909e-01, 9.886363636363636e-01, -4.074897074243543e-04
2.386363636363636e-01, 9.886363636363636e-01, -4.074897074243543e-04
2.613636363636364e-01, 9.886363636363636e-01, -1.542731518981048e-03
2.840909090909091e-01, 9.886363636363636e-01, -1.542731518981048e-03
3.068181818181818e-01, 9.886363636363636e-01, -1.542731518981048e-03
3.295454545454545e-01, 9.886363636363636e-01, -1.542731518981047e-03
3.522727272727273e-01, 9.886363636363636e-01, -1.542731518981047e-03
3.750000000000000e-01, 9.886363636363636e-01, -2.134595747310913e-03
3.977272727272727e-01, 9.886363636363636e-01, -2.853915259095165e-03
4.204545454545455e-01, 9.886363636363636e-01, -2.853915259095165e-03
4.431818181818182e-01, 9.886363636363636e-01, -2.853915259095167e-03
4.659090909090909e-01, 9.886363636363636e-01, -2.853915259095167e-03
4.886363636363636e-01, 9.886363636363636e-01, -2.853915259095167e-03
5.113636363636364e-01, 9.886363636363636e-01, -3.959148128233698e-03
5.340909090909091e-01, 9.886363636363636e-01, -3.959148128233698e-03
5.568181818181818e-01, 9.886363636363636e-01, -3.959148128233698e-03
5.795454545454546e-01, 9.886363636363636e-01, -3.959148128233698e-03
6.022727272727273e-01, 9.886363636363636e-01, -3.959148128233699e-03
6.250000000000000e-01, 9.886363636363636e-01, -4.200460926424218e-03
6.477272727272727e-01, 9.886363636363636e-01, -4.489132813067567e-03
6.704545454545454e-01, 9.886363636363636e-01, -4.489132813067567e-03
6.931818181818182e-01, 9.886363636363636e-01, -4.489132813067570e-03
7.159090909090909e-01, 9.886363636363636e-01, -4.489132813067565e-03
7.386363636363636e-01, 9.886363636363636e-01, -4.489132813067565e-03
7.613636363636364e-01, 9.886363636363636e-01, -3.993125412282024e-03
7.840909090909091e-01, 9.886363636363636e-01, -3.993125412282024e-03
8.068181818181818e-01, 9.886363636363636e-01, -3.993125412282024e-03
8.295454545454546e-01, 9.886363636363636e-01, -3.993125412282024e-03
8.522727272727273e-01, 9.886363636363636e-01, -3.993125412282023e-03
8.750000000000000e-01, 9.886363636363636e-01, -2.648761798832749e-03
8.977272727272727e-01, 9.886363636363636e-01, 0.000000000000000e+00
9.204545454545454e-01, 9.886363636363636e-01, 0.000000000000000e+00
9.431818181818182e-01, 9.886363636363636e-01, 0.000000000000000e+00
9.659090909090909e-01, 9.886363636363636e-01, 0.000000000000000e+00
9.886363636363636e-01, 9.886363636363636e-01, 0.000000000000000e+00
