x, y, u
7.102272727272727e-03, 1.136363636363636e-02, 0.000000000000000e+00
7.102272727272727e-03, 3.409090909090909e-02, 0.000000000000000e+00
7.102272727272727e-03, 5.681818181818182e-02, 1.550301804342282e-05
7.102272727272727e-03, 7.954545454545454e-02, 7.751509021711418e-05
7.102272727272727e-03, 1.022727272727273e-01, 7.751509021711418e-05
7.102272727272727e-03, 1.250000000000000e-01, 1.722640407665263e-04
7.102272727272727e-03, 1.477272727272727e-01, 1.722640407665261e-04
7.102272727272727e-03, 1.704545454545454e-01, 1.722640407665261e-04
7.102272727272727e-03, 1.931818181818182e-01, 2.783474148841243e-04
7.102272727272727e-03, 2.159090909090909e-01, 2.783474148841243e-04
7.102272727272727e-03, 2.386363636363636e-01, 2.783474148841243e-04
7.102272727272727e-03, 2.613636363636364e-01, 3.898570322178224e-04
7.102272727272727e-03, 2.840909090909091e-01, 3.898570322178224e-04
7.102272727272727e-03, 3.068181818181818e-01, 4.120620902284875e-04
7.102272727272727e-03, 3.295454545454545e-01, 5.008823222711541e-04
7.102272727272727e-03, 3.522727272727273e-01, 5.008823222711541e-04
7.102272727272727e-03, 3.750000000000000e-01, 6.055118986281335e-04
7.102272727272727e-03, 3.977272727272727e-01, 6.055118986281352e-04
7.102272727272727e-03, 4.204545454545455e-01, 6.055118986281352e-04
7.102272727272727e-03, 4.431818181818182e-01, 6.978329531502690e-04
7.102272727272727e-03, 4.659090909090909e-01, 6.978329531502690e-04
7.102272727272727e-03, 4.886363636363636e-01, 6.978329531502690e-04
7.102272727272727e-03, 5.113636363636364e-01, 7.719295451701650e-04
7.102272727272727e-03, 5.340909090909091e-01, 7.719295451701650e-04
7.102272727272727e-03, 5.568181818181818e-01, 7.819197727032842e-04
7.102272727272727e-03, 5.795454545454546e-01, 8.218806828357742e-04
7.102272727272727e-03, 6.022727272727273e-01, 8.218806828357742e-04
7.102272727272727e-03, 6.250000000000000e-01, 8.417593710148608e-04
7.102272727272727e-03, 6.477272727272727e-01, 8.417593710148631e-04
7.102272727272727e-03, 6.704545454545454e-01, 8.417593710148631e-04
7.102272727272727e-03, 6.931818181818182e-01, 8.256344463043839e-04
7.102272727272727e-03, 7.159090909090909e-01, 8.256344463043839e-04
7.102272727272727e-03, 7.386363636363636e-01, 8.256344463043839e-04
7.102272727272727e-03, 7.613636363636364e-01, 7.675784045862161e-04
7.102272727272727e-03, 7.840909090909091e-01, 7.675784045862161e-04
7.102272727272727e-03, 8.068181818181818e-01, 7.464002776225108e-04
7.102272727272727e-03, 8.295454545454546e-01, 6.616877697676953e-04
7.102272727272727e-03, 8.522727272727273e-01, 6.616877697676953e-04
7.102272727272727e-03, 8.750000000000000e-01, 5.021317185237658e-04
7.102272727272727e-03, 8.977272727272727e-01, 5.021317185237672e-04
7.102272727272727e-03, 9.204545454545454e-01, 5.021317185237672e-04
7.102272727272727e-03, 9.431818181818182e-01, 2.832728724872559e-04
7.102272727272727e-03, 9.659090909090909e-01, 2.832728724872559e-04
7.102272727272727e-03, 9.886363636363636e-01, 2.832728724872559e-04
2.130681818181818e-02, 1.136363636363636e-02, 0.000000000000000e+00
2.130681818181818e-02, 3.409090909090909e-02, 0.000000000000000e+00
2.130681818181818e-02, 5.681818181818182e-02, 1.705331984776512e-04
2.130681818181818e-02, 7.954545454545454e-02, 2.325452706513425e-04
2.130681818181818e-02, 1.022727272727273e-01, 2.325452706513425e-04
2.130681818181818e-02, 1.250000000000000e-01, 5.167921222995781e-04
2.130681818181818e-02, 1.477272727272727e-01, 5.167921222995782e-04
2.130681818181818e-02, 1.704545454545454e-01, 5.804421467701368e-04
2.130681818181818e-02, 1.931818181818182e-01, 8.350422446523728e-04
2.130681818181818e-02, 2.159090909090909e-01, 8.350422446523728e-04
2.130681818181818e-02, 2.386363636363636e-01, 9.911557089195503e-04
2.130681818181818e-02, 2.613636363636364e-01, 1.169571096653467e-03
2.130681818181818e-02, 2.840909090909091e-01, 1.169571096653467e-03
2.130681818181818e-02, 3.068181818181818e-01, 1.413826734770797e-03
2.130681818181818e-02, 3.295454545454545e-01, 1.502646966813462e-03
2.130681818181818e-02, 3.522727272727273e-01, 1.502646966813462e-03
2.130681818181818e-02, 3.750000000000000e-01, 1.816535695884405e-03
2.130681818181818e-02, 3.977272727272727e-01, 1.816535695884406e-03
2.130681818181818e-02, 4.204545454545455e-01, 1.871928328597686e-03
2.130681818181818e-02, 4.431818181818182e-01, 2.093498859450807e-03
2.130681818181818e-02, 4.659090909090909e-01, 2.093498859450807e-03
2.130681818181818e-02, 4.886363636363636e-01, 2.197234088278667e-03
2.130681818181818e-02, 5.113636363636364e-01, 2.315788635510495e-03
2.130681818181818e-02, 5.340909090909091e-01, 2.315788635510495e-03
2.130681818181818e-02, 5.568181818181818e-01, 2.425681138374841e-03
2.130681818181818e-02, 5.795454545454546e-01, 2.465642048507322e-03
2.130681818181818e-02, 6.022727272727273e-01, 2.465642048507322e-03
2.130681818181818e-02, 6.250000000000000e-01, 2.525278113044596e-03
2.130681818181818e-02, 6.477272727272727e-01, 2.525278113044589e-03
2.130681818181818e-02, 6.704545454545454e-01, 2.515603158218308e-03
2.130681818181818e-02, 6.931818181818182e-01, 2.476903338913151e-03
2.130681818181818e-02, 7.159090909090909e-01, 2.476903338913151e-03
2.130681818181818e-02, 7.386363636363636e-01, 2.395624880507722e-03
2.130681818181818e-02, 7.613636363636364e-01, 2.302735213758648e-03
2.130681818181818e-02, 7.840909090909091e-01, 2.302735213758648e-03
2.130681818181818e-02, 8.068181818181818e-01, 2.069775817157908e-03
2.130681818181818e-02, 8.295454545454546e-01, 1.985063309303086e-03
2.130681818181818e-02, 8.522727272727273e-01, 1.985063309303086e-03
2.130681818181818e-02, 8.750000000000000e-01, 1.506395155571305e-03
2.130681818181818e-02, 8.977272727272727e-01, 1.506395155571302e-03
2.130681818181818e-02, 9.204545454545454e-01, 1.375079847949398e-03
2.130681818181818e-02, 9.431818181818182e-01, 8.498186174617676e-04
2.130681818181818e-02, 9.659090909090909e-01, 8.498186174617676e-04
2.130681818181818e-02, 9.886363636363636e-01, 4.532365959796090e-04
3.551136363636364e-02, 1.136363636363636e-02, 0.000000000000000e+00
3.551136363636364e-02, 3.409090909090909e-02, 7.751509021711426e-05
3.551136363636364e-02, 5.681818181818182e-02, 3.255633789118796e-04
3.551136363636364e-02, 7.954545454545454e-02, 3.875754510855709e-04
3.551136363636364e-02, 1.022727272727273e-01, 5.581235620745124e-04
3.551136363636364e-02, 1.250000000000000e-01, 8.613202038326306e-04
3.551136363636364e-02, 1.477272727272727e-01, 8.613202038326304e-04
3.551136363636364e-02, 1.704545454545454e-01, 1.137136976538386e-03
3.551136363636364e-02, 1.931818181818182e-01, 1.391737074420622e-03
3.551136363636364e-02, 2.159090909090909e-01, 1.414038997887360e-03
3.551136363636364e-02, 2.386363636363636e-01, 1.770869773355196e-03
3.551136363636364e-02, 2.613636363636364e-01, 1.949285161089112e-03
3.551136363636364e-02, 2.840909090909091e-01, 2.060310451142445e-03
3.551136363636364e-02, 3.068181818181818e-01, 2.415591379313106e-03
3.551136363636364e-02, 3.295454545454545e-01, 2.504411611355771e-03
3.551136363636364e-02, 3.522727272727273e-01, 2.692744848798338e-03
3.551136363636364e-02, 3.750000000000000e-01, 3.027559493140677e-03
3.551136363636364e-02, 3.977272727272727e-01, 3.027559493140677e-03
3.551136363636364e-02, 4.204545454545455e-01, 3.267594234898225e-03
3.551136363636364e-02, 4.431818181818182e-01, 3.489164765751345e-03
3.551136363636364e-02, 4.659090909090909e-01, 3.503984084155319e-03
3.551136363636364e-02, 4.886363636363636e-01, 3.741093178618993e-03
3.551136363636364e-02, 5.113636363636364e-01, 3.859647725850826e-03
3.551136363636364e-02, 5.340909090909091e-01, 3.909598863516436e-03
3.551136363636364e-02, 5.568181818181818e-01, 4.069442504046385e-03
3.551136363636364e-02, 5.795454545454546e-01, 4.109403414178872e-03
3.551136363636364e-02, 6.022727272727273e-01, 4.145185052901233e-03
3.551136363636364e-02, 6.250000000000000e-01, 4.208796855074317e-03
3.551136363636364e-02, 6.477272727272727e-01, 4.208796855074316e-03
3.551136363636364e-02, 6.704545454545454e-01, 4.166872050827070e-03
3.551136363636364e-02, 6.931818181818182e-01, 4.128172231521920e-03
3.551136363636364e-02, 7.159090909090909e-01, 4.116561023178287e-03
3.551136363636364e-02, 7.386363636363636e-01, 3.930781689680150e-03
3.551136363636364e-02, 7.613636363636364e-01, 3.837892022931081e-03
3.551136363636364e-02, 7.840909090909091e-01, 3.732001388112561e-03
3.551136363636364e-02, 8.068181818181818e-01, 3.393151356693295e-03
3.551136363636364e-02, 8.295454545454546e-01, 3.308438848838477e-03
3.551136363636364e-02, 8.522727272727273e-01, 3.021237956599406e-03
3.551136363636364e-02, 8.750000000000000e-01, 2.510658592618837e-03
3.551136363636364e-02, 8.977272727272727e-01, 2.510658592618837e-03
3.551136363636364e-02, 9.204545454545454e-01, 1.941625592923909e-03
3.551136363636364e-02, 9.431818181818182e-01, 1.416364362436280e-03
3.551136363636364e-02, 9.659090909090909e-01, 1.359709787938827e-03
3.551136363636364e-02, 9.886363636363636e-01, 4.532365959796090e-04
4.971590909090909e-02, 1.136363636363636e-02, 0.000000000000000e+00
4.971590909090909e-02, 3.409090909090909e-02, 2.325452706513425e-04
4.971590909090909e-02, 5.681818181818182e-02, 4.805935593461080e-04
4.971590909090909e-02, 7.954545454545454e-02, 5.994550018494466e-04
4.971590909090909e-02, 1.022727272727273e-01, 9.026516436075641e-04
4.971590909090909e-02, 1.250000000000000e-01, 1.205848285365683e-03
4.971590909090909e-02, 1.477272727272727e-01, 1.354365009130320e-03
4.971590909090909e-02, 1.704545454545454e-01, 1.693831806306634e-03
4.971590909090909e-02, 1.931818181818182e-01, 1.948431904188870e-03
4.971590909090909e-02, 2.159090909090909e-01, 2.193753062323006e-03
4.971590909090909e-02, 2.386363636363636e-01, 2.550583837790839e-03
4.971590909090909e-02, 2.613636363636364e-01, 2.728999225524757e-03
4.971590909090909e-02, 2.840909090909091e-01, 3.062075095684754e-03
4.971590909090909e-02, 3.068181818181818e-01, 3.417356023855415e-03
4.971590909090909e-02, 3.295454545454545e-01, 3.568954001712270e-03
4.971590909090909e-02, 3.522727272727273e-01, 3.903768646054605e-03
4.971590909090909e-02, 3.750000000000000e-01, 4.238583290396944e-03
4.971590909090909e-02, 3.977272727272727e-01, 4.367832766727931e-03
4.971590909090909e-02, 4.204545454545455e-01, 4.663260141198765e-03
4.971590909090909e-02, 4.431818181818182e-01, 4.884830672051883e-03
4.971590909090909e-02, 4.659090909090909e-01, 5.047843174495657e-03
4.971590909090909e-02, 4.886363636363636e-01, 5.284952268959318e-03
4.971590909090909e-02, 5.113636363636364e-01, 5.403506816191154e-03
4.971590909090909e-02, 5.340909090909091e-01, 5.553360229187980e-03
4.971590909090909e-02, 5.568181818181818e-01, 5.713203869717929e-03
4.971590909090909e-02, 5.795454545454546e-01, 5.765091992757870e-03
4.971590909090909e-02, 6.022727272727273e-01, 5.828703794930954e-03
4.971590909090909e-02, 6.250000000000000e-01, 5.892315597104038e-03
4.971590909090909e-02, 6.477272727272727e-01, 5.869740702509368e-03
4.971590909090909e-02, 6.704545454545454e-01, 5.818140943435834e-03
4.971590909090909e-02, 6.931818181818182e-01, 5.779441124130686e-03
4.971590909090909e-02, 7.159090909090909e-01, 5.651717832350715e-03
4.971590909090909e-02, 7.386363636363636e-01, 5.465938498852578e-03
4.971590909090909e-02, 7.613636363636364e-01, 5.373048832103513e-03
4.971590909090909e-02, 7.840909090909091e-01, 5.055376927647948e-03
4.971590909090909e-02, 8.068181818181818e-01, 4.716526896228682e-03
4.971590909090909e-02, 8.295454545454546e-01, 4.536080757627507e-03
4.971590909090909e-02, 8.522727272727273e-01, 4.025501393646938e-03
4.971590909090909e-02, 8.750000000000000e-01, 3.514922029666369e-03
4.971590909090909e-02, 8.977272727272727e-01, 3.208519645215254e-03
4.971590909090909e-02, 9.204545454545454e-01, 2.508171337898418e-03
4.971590909090909e-02, 9.431818181818182e-01, 1.982910107410791e-03
4.971590909090909e-02, 9.659090909090909e-01, 1.359709787938827e-03
4.971590909090909e-02, 9.886363636363636e-01, 4.532365959796090e-04
6.392045454545454e-02, 1.136363636363636e-02, 1.240241443473827e-04
6.392045454545454e-02, 3.409090909090909e-02, 3.720724330421480e-04
6.392045454545454e-02, 5.681818181818182e-02, 6.201207217369133e-04
6.392045454545454e-02, 7.954545454545454e-02, 9.164849696942829e-04
6.392045454545454e-02, 1.022727272727273e-01, 1.219681611452401e-03
6.392045454545454e-02, 1.250000000000000e-01, 1.533430836970850e-03
6.392045454545454e-02, 1.477272727272727e-01, 1.872897634147164e-03
6.392045454545454e-02, 1.704545454545454e-01, 2.212364431323478e-03
6.392045454545454e-02, 1.931818181818182e-01, 2.569352874334244e-03
6.392045454545454e-02, 2.159090909090909e-01, 2.926183649802079e-03
6.392045454545454e-02, 2.386363636363636e-01, 3.283014425269913e-03
6.392045454545454e-02, 2.613636363636364e-01, 3.653910210651287e-03
6.392045454545454e-02, 2.840909090909091e-01, 4.009191138821948e-03
6.392045454545454e-02, 3.068181818181818e-01, 4.364472066992611e-03
6.392045454545454e-02, 3.295454545454545e-01, 4.719934190768894e-03
6.392045454545454e-02, 3.522727272727273e-01, 5.054748835111235e-03
6.392045454545454e-02, 3.750000000000000e-01, 5.404817328281028e-03
6.392045454545454e-02, 3.977272727272727e-01, 5.700244702751857e-03
6.392045454545454e-02, 4.204545454545455e-01, 5.995672077222685e-03
6.392045454545454e-02, 4.431818181818182e-01, 6.290528572961794e-03
6.392045454545454e-02, 4.659090909090909e-01, 6.527637667425461e-03
6.392045454545454e-02, 4.886363636363636e-01, 6.764746761889129e-03
6.392045454545454e-02, 5.113636363636364e-01, 6.975017980254750e-03
6.392045454545454e-02, 5.340909090909091e-01, 7.134861620784699e-03
6.392045454545454e-02, 5.568181818181818e-01, 7.294705261314649e-03
6.392045454545454e-02, 5.795454545454546e-01, 7.390986147151647e-03
6.392045454545454e-02, 6.022727272727273e-01, 7.454597949324732e-03
6.392045454545454e-02, 6.250000000000000e-01, 7.522665504308533e-03
6.392045454545454e-02, 6.477272727272727e-01, 7.471065745234995e-03
6.392045454545454e-02, 6.704545454545454e-01, 7.419465986161461e-03
6.392045454545454e-02, 6.931818181818182e-01, 7.333648038395194e-03
6.392045454545454e-02, 7.159090909090909e-01, 7.147868704897057e-03
6.392045454545454e-02, 7.386363636363636e-01, 6.962089371398921e-03
6.392045454545454e-02, 7.613636363636364e-01, 6.692996892943063e-03
6.392045454545454e-02, 7.840909090909091e-01, 6.354146861523796e-03
6.392045454545454e-02, 8.068181818181818e-01, 6.015296830104530e-03
6.392045454545454e-02, 8.295454545454546e-01, 5.533791203748040e-03
6.392045454545454e-02, 8.522727272727273e-01, 5.023211839767470e-03
6.392045454545454e-02, 8.750000000000000e-01, 4.490716879206956e-03
6.392045454545454e-02, 8.977272727272727e-01, 3.790368571890117e-03
6.392045454545454e-02, 9.204545454545454e-01, 3.090020264573281e-03
6.392045454545454e-02, 9.431818181818182e-01, 2.307188243986985e-03
6.392045454545454e-02, 9.659090909090909e-01, 1.400715052027767e-03
6.392045454545454e-02, 9.886363636363636e-01, 4.942418600685484e-04
7.812500000000000e-02, 1.136363636363636e-02, 1.240241443473827e-04
7.812500000000000e-02, 3.409090909090909e-02, 3.720724330421480e-04
7.812500000000000e-02, 5.681818181818182e-02, 6.688035829925407e-04
7.812500000000000e-02, 7.954545454545454e-02, 9.860319143451786e-04
7.812500000000000e-02, 1.022727272727273e-01, 1.289228556103297e-03
7.812500000000000e-02, 1.250000000000000e-01, 1.708503619225051e-03
7.812500000000000e-02, 1.477272727272727e-01, 2.047970416401366e-03
7.812500000000000e-02, 1.704545454545454e-01, 2.387437213577680e-03
7.812500000000000e-02, 1.931818181818182e-01, 2.876232169204166e-03
7.812500000000000e-02, 2.159090909090909e-01, 3.233062944672000e-03
7.812500000000000e-02, 2.386363636363636e-01, 3.634413520826215e-03
7.812500000000000e-02, 2.613636363636364e-01, 4.109188841142476e-03
7.812500000000000e-02, 2.840909090909091e-01, 4.464469769313138e-03
7.812500000000000e-02, 3.068181818181818e-01, 4.928467056821853e-03
7.812500000000000e-02, 3.295454545454545e-01, 5.330521906028733e-03
7.812500000000000e-02, 3.522727272727273e-01, 5.665336550371073e-03
7.812500000000000e-02, 3.750000000000000e-01, 6.167943531815420e-03
7.812500000000000e-02, 3.977272727272727e-01, 6.463370906286247e-03
7.812500000000000e-02, 4.204545454545455e-01, 6.758798280757075e-03
7.812500000000000e-02, 4.431818181818182e-01, 7.193741689196898e-03
7.812500000000000e-02, 4.659090909090909e-01, 7.430850783660566e-03
7.812500000000000e-02, 4.886363636363636e-01, 7.703344430730672e-03
7.812500000000000e-02, 5.113636363636364e-01, 7.996179605177976e-03
7.812500000000000e-02, 5.340909090909091e-01, 8.156023245707925e-03
7.812500000000000e-02, 5.568181818181818e-01, 8.376144754760759e-03
7.812500000000000e-02, 5.795454545454546e-01, 8.498259012821854e-03
7.812500000000000e-02, 6.022727272727273e-01, 8.561870814994939e-03
7.812500000000000e-02, 6.250000000000000e-01, 8.674495898085856e-03
7.812500000000000e-02, 6.477272727272727e-01, 8.622896139012324e-03
7.812500000000000e-02, 6.704545454545454e-01, 8.571296379938790e-03
7.812500000000000e-02, 6.931818181818182e-01, 8.478745481306702e-03
7.812500000000000e-02, 7.159090909090909e-01, 8.292966147808566e-03
7.812500000000000e-02, 7.386363636363636e-01, 8.086853426318961e-03
7.812500000000000e-02, 7.613636363636364e-01, 7.770316375883012e-03
7.812500000000000e-02, 7.840909090909091e-01, 7.431466344463745e-03
7.812500000000000e-02, 8.068181818181818e-01, 6.995606144430766e-03
7.812500000000000e-02, 8.295454545454546e-01, 6.472524731525540e-03
7.812500000000000e-02, 8.522727272727273e-01, 5.961945367544970e-03
7.812500000000000e-02, 8.750000000000000e-01, 5.210294441184969e-03
7.812500000000000e-02, 8.977272727272727e-01, 4.509946133868134e-03
7.812500000000000e-02, 9.204545454545454e-01, 3.809597826551298e-03
7.812500000000000e-02, 9.431818181818182e-01, 2.717240884876343e-03
7.812500000000000e-02, 9.659090909090909e-01, 1.810767692917134e-03
7.812500000000000e-02, 9.886363636363636e-01, 7.812787086911016e-04
9.232954545454546e-02, 1.136363636363636e-02, 1.240241443473827e-04
9.232954545454546e-02, 3.409090909090909e-02, 3.790271275072376e-04
9.232954545454546e-02, 5.681818181818182e-02, 7.383505276434366e-04
9.232954545454546e-02, 7.954545454545454e-02, 1.055578858996075e-03
9.232954545454546e-02, 1.022727272727273e-01, 1.411538419555846e-03
9.232954545454546e-02, 1.250000000000000e-01, 1.883576401479253e-03
9.232954545454546e-02, 1.477272727272727e-01, 2.223043198655567e-03
9.232954545454546e-02, 1.704545454545454e-01, 2.681135857186029e-03
9.232954545454546e-02, 1.931818181818182e-01, 3.183111464074087e-03
9.232954545454546e-02, 2.159090909090909e-01, 3.539942239541921e-03
9.232954545454546e-02, 2.386363636363636e-01, 4.089692151317404e-03
9.232954545454546e-02, 2.613636363636364e-01, 4.564467471633664e-03
9.232954545454546e-02, 2.840909090909091e-01, 4.935279308281192e-03
9.232954545454546e-02, 3.068181818181818e-01, 5.539054772081693e-03
9.232954545454546e-02, 3.295454545454545e-01, 5.941109621288573e-03
9.232954545454546e-02, 3.522727272727273e-01, 6.352193509768189e-03
9.232954545454546e-02, 3.750000000000000e-01, 6.931069735349810e-03
9.232954545454546e-02, 3.977272727272727e-01, 7.226497109820639e-03
9.232954545454546e-02, 4.204545454545455e-01, 7.648002705722111e-03
9.232954545454546e-02, 4.431818181818182e-01, 8.096954805432006e-03
9.232954545454546e-02, 4.659090909090909e-01, 8.334063899895673e-03
9.232954545454546e-02, 4.886363636363636e-01, 8.724506055653895e-03
9.232954545454546e-02, 5.113636363636364e-01, 9.017341230101204e-03
9.232954545454546e-02, 5.340909090909091e-01, 9.185795994705849e-03
9.232954545454546e-02, 5.568181818181818e-01, 9.483417620430964e-03
9.232954545454546e-02, 5.795454545454546e-01, 9.605531878492061e-03
9.232954545454546e-02, 6.022727272727273e-01, 9.691422444718703e-03
9.232954545454546e-02, 6.250000000000000e-01, 9.826326291863183e-03
9.232954545454546e-02, 6.477272727272727e-01, 9.774726532789652e-03
9.232954545454546e-02, 6.704545454545454e-01, 9.717067117936875e-03
9.232954545454546e-02, 6.931818181818182e-01, 9.623842924218211e-03
9.232954545454546e-02, 7.159090909090909e-01, 9.438063590720074e-03
9.232954545454546e-02, 7.386363636363636e-01, 9.164172909258906e-03
9.232954545454546e-02, 7.613636363636364e-01, 8.847635858822960e-03
9.232954545454546e-02, 7.840909090909091e-01, 8.494927231887446e-03
9.232954545454546e-02, 8.068181818181818e-01, 7.934339672208262e-03
9.232954545454546e-02, 8.295454545454546e-01, 7.411258259303040e-03
9.232954545454546e-02, 8.522727272727273e-01, 6.791100912422725e-03
9.232954545454546e-02, 8.750000000000000e-01, 5.929872003162985e-03
9.232954545454546e-02, 8.977272727272727e-01, 5.229523695846152e-03
9.232954545454546e-02, 9.204545454545454e-01, 4.250602959549529e-03
9.232954545454546e-02, 9.431818181818182e-01, 3.127293525765711e-03
9.232954545454546e-02, 9.659090909090909e-01, 2.220820333806493e-03
9.232954545454546e-02, 9.886363636363636e-01, 7.812787086911016e-04
1.065340909090909e-01, 1.136363636363636e-02, 1.240241443473827e-04
1.065340909090909e-01, 3.409090909090909e-02, 4.485740721581336e-04
1.065340909090909e-01, 5.681818181818182e-02, 8.078974722943325e-04
1.065340909090909e-01, 7.954545454545454e-02, 1.125125803646971e-03
1.065340909090909e-01, 1.022727272727273e-01, 1.586611201810047e-03
1.065340909090909e-01, 1.250000000000000e-01, 2.058649183733454e-03
1.065340909090909e-01, 1.477272727272727e-01, 2.437657934694485e-03
1.065340909090909e-01, 1.704545454545454e-01, 2.988015152055950e-03
1.065340909090909e-01, 1.931818181818182e-01, 3.489990758944008e-03
1.065340909090909e-01, 2.159090909090909e-01, 3.950701069346731e-03
1.065340909090909e-01, 2.386363636363636e-01, 4.544970781808592e-03
1.065340909090909e-01, 2.613636363636364e-01, 5.019746102124854e-03
1.065340909090909e-01, 2.840909090909091e-01, 5.545867023541029e-03
1.065340909090909e-01, 3.068181818181818e-01, 6.149642487341529e-03
1.065340909090909e-01, 3.295454545454545e-01, 6.551697336548410e-03
1.065340909090909e-01, 3.522727272727273e-01, 7.115319713302580e-03
1.065340909090909e-01, 3.750000000000000e-01, 7.694195938884202e-03
1.065340909090909e-01, 3.977272727272727e-01, 8.031649387165243e-03
1.065340909090909e-01, 4.204545454545455e-01, 8.551215821957213e-03
1.065340909090909e-01, 4.431818181818182e-01, 9.000167921667111e-03
1.065340909090909e-01, 4.659090909090909e-01, 9.319840972212461e-03
1.065340909090909e-01, 4.886363636363636e-01, 9.745667680577129e-03
1.065340909090909e-01, 5.113636363636364e-01, 1.003850285502443e-02
1.065340909090909e-01, 5.340909090909091e-01, 1.029306886037606e-02
1.065340909090909e-01, 5.568181818181818e-01, 1.059069048610117e-02
1.065340909090909e-01, 5.795454545454546e-01, 1.071280474416227e-02
1.065340909090909e-01, 6.022727272727273e-01, 1.084325283849604e-02
1.065340909090909e-01, 6.250000000000000e-01, 1.097815668564052e-02
1.065340909090909e-01, 6.477272727272727e-01, 1.092453704130724e-02
1.065340909090909e-01, 6.704545454545454e-01, 1.086216456084839e-02
1.065340909090909e-01, 6.931818181818182e-01, 1.076894036712972e-02
1.065340909090909e-01, 7.159090909090909e-01, 1.053571646165149e-02
1.065340909090909e-01, 7.386363636363636e-01, 1.024149239219886e-02
1.065340909090909e-01, 7.613636363636364e-01, 9.924955341762907e-03
1.065340909090909e-01, 7.840909090909091e-01, 9.433660759664951e-03
1.065340909090909e-01, 8.068181818181818e-01, 8.873073199985766e-03
1.065340909090909e-01, 8.295454545454546e-01, 8.349991787080537e-03
1.065340909090909e-01, 8.522727272727273e-01, 7.510678474400746e-03
1.065340909090909e-01, 8.750000000000000e-01, 6.649449565141004e-03
1.065340909090909e-01, 8.977272727272727e-01, 5.856243781497569e-03
1.065340909090909e-01, 9.204545454545454e-01, 4.660655600438894e-03
1.065340909090909e-01, 9.431818181818182e-01, 3.537346166655079e-03
1.065340909090909e-01, 9.659090909090909e-01, 2.343836126073305e-03
1.065340909090909e-01, 9.886363636363636e-01, 7.812787086911016e-04
1.207386363636364e-01, 1.136363636363636e-02, 1.587976166728307e-04
1.207386363636364e-01, 3.409090909090909e-02, 5.181210168090296e-04
1.207386363636364e-01, 5.681818181818182e-02, 8.774444169452284e-04
1.207386363636364e-01, 7.954545454545454e-02, 1.289646002140842e-03
1.207386363636364e-01, 1.022727272727273e-01, 1.761683984064249e-03
1.207386363636364e-01, 1.250000000000000e-01, 2.233721965987656e-03
1.207386363636364e-01, 1.477272727272727e-01, 2.744537229564407e-03
1.207386363636364e-01, 1.704545454545454e-01, 3.294894446925872e-03
1.207386363636364e-01, 1.931818181818182e-01, 3.811709987376057e-03
1.207386363636364e-01, 2.159090909090909e-01, 4.405979699837919e-03
1.207386363636364e-01, 2.386363636363636e-01, 5.000249412299780e-03
1.207386363636364e-01, 2.613636363636364e-01, 5.552679275000365e-03
1.207386363636364e-01, 2.840909090909091e-01, 6.156454738800867e-03
1.207386363636364e-01, 3.068181818181818e-01, 6.760230202601368e-03
1.207386363636364e-01, 3.295454545454545e-01, 7.299569691255344e-03
1.207386363636364e-01, 3.522727272727273e-01, 7.878445916836969e-03
1.207386363636364e-01, 3.750000000000000e-01, 8.457322142418591e-03
1.207386363636364e-01, 3.977272727272727e-01, 8.934862503400346e-03
1.207386363636364e-01, 4.204545454545455e-01, 9.454428938192323e-03
1.207386363636364e-01, 4.431818181818182e-01, 9.915175888771031e-03
1.207386363636364e-01, 4.659090909090909e-01, 1.034100259713569e-02
1.207386363636364e-01, 4.886363636363636e-01, 1.076682930550035e-02
1.207386363636364e-01, 5.113636363636364e-01, 1.110272010032115e-02
1.207386363636364e-01, 5.340909090909091e-01, 1.140034172604626e-02
1.207386363636364e-01, 5.568181818181818e-01, 1.169796335177138e-02
1.207386363636364e-01, 5.795454545454546e-01, 1.186017938512888e-02
1.207386363636364e-01, 6.022727272727273e-01, 1.199508323227336e-02
1.207386363636364e-01, 6.250000000000000e-01, 1.212998707941784e-02
1.207386363636364e-01, 6.477272727272727e-01, 1.206963448421874e-02
1.207386363636364e-01, 6.704545454545454e-01, 1.200726200375989e-02
1.207386363636364e-01, 6.931818181818182e-01, 1.190726001404407e-02
1.207386363636364e-01, 7.159090909090909e-01, 1.161303594459144e-02
1.207386363636364e-01, 7.386363636363636e-01, 1.131881187513881e-02
1.207386363636364e-01, 7.613636363636364e-01, 1.093298184712163e-02
1.207386363636364e-01, 7.840909090909091e-01, 1.037239428744245e-02
1.207386363636364e-01, 8.068181818181818e-01, 9.811806727763264e-03
1.207386363636364e-01, 8.295454545454546e-01, 9.091484945638500e-03
1.207386363636364e-01, 8.522727272727273e-01, 8.230256036378759e-03
1.207386363636364e-01, 8.750000000000000e-01, 7.369027127119019e-03
1.207386363636364e-01, 8.977272727272727e-01, 6.266296422386942e-03
1.207386363636364e-01, 9.204545454545454e-01, 5.070708241328266e-03
1.207386363636364e-01, 9.431818181818182e-01, 3.906393543455508e-03
1.207386363636364e-01, 9.659090909090909e-01, 2.343836126073305e-03
1.207386363636364e-01, 9.886363636363636e-01, 7.812787086911016e-04
1.349431818181818e-01, 1.136363636363636e-02, 1.796617000680993e-04
1.349431818181818e-01, 3.409090909090909e-02, 5.389851002042983e-04
1.349431818181818e-01, 5.681818181818182e-02, 8.991836674917800e-04
1.349431818181818e-01, 7.954545454545454e-02, 1.344209893503429e-03
1.349431818181818e-01, 1.022727272727273e-01, 1.816247875426836e-03
1.349431818181818e-01, 1.250000000000000e-01, 2.314129526102733e-03
1.349431818181818e-01, 1.477272727272727e-01, 2.864486743464200e-03
1.349431818181818e-01, 1.704545454545454e-01, 3.414843960825666e-03
1.349431818181818e-01, 1.931818181818182e-01, 4.020664652873843e-03
1.349431818181818e-01, 2.159090909090909e-01, 4.614934365335704e-03
1.349431818181818e-01, 2.386363636363636e-01, 5.209204077797566e-03
1.349431818181818e-01, 2.613636363636364e-01, 5.866202618954466e-03
1.349431818181818e-01, 2.840909090909091e-01, 6.469978082754967e-03
1.349431818181818e-01, 3.068181818181818e-01, 7.102177704073370e-03
1.349431818181818e-01, 3.295454545454545e-01, 7.725177615900247e-03
1.349431818181818e-01, 3.522727272727273e-01, 8.304053841481869e-03
1.349431818181818e-01, 3.750000000000000e-01, 8.952462541519986e-03
1.349431818181818e-01, 3.977272727272727e-01, 9.472028976311959e-03
1.349431818181818e-01, 4.204545454545455e-01, 9.991595411103928e-03
1.349431818181818e-01, 4.431818181818182e-01, 1.055533358964299e-02
1.349431818181818e-01, 4.659090909090909e-01, 1.098116029800765e-02
1.349431818181818e-01, 4.886363636363636e-01, 1.140698700637232e-02
1.349431818181818e-01, 5.113636363636364e-01, 1.182925368590276e-02
1.349431818181818e-01, 5.340909090909091e-01, 1.212687531162788e-02
1.349431818181818e-01, 5.568181818181818e-01, 1.244520969130824e-02
1.349431818181818e-01, 5.795454545454546e-01, 1.264840998837155e-02
1.349431818181818e-01, 6.022727272727273e-01, 1.278331383551603e-02
1.349431818181818e-01, 6.250000000000000e-01, 1.294916792666725e-02
1.349431818181818e-01, 6.477272727272727e-01, 1.288679544620840e-02
1.349431818181818e-01, 6.704545454545454e-01, 1.282442296574956e-02
1.349431818181818e-01, 6.931818181818182e-01, 1.271246523106309e-02
1.349431818181818e-01, 7.159090909090909e-01, 1.241824116161045e-02
1.349431818181818e-01, 7.386363636363636e-01, 1.212401709215782e-02
1.349431818181818e-01, 7.613636363636364e-01, 1.167718851653568e-02
1.349431818181818e-01, 7.840909090909091e-01, 1.111660095685650e-02
1.349431818181818e-01, 8.068181818181818e-01, 1.053351488478555e-02
1.349431818181818e-01, 8.295454545454546e-01, 9.717448296398590e-03
1.349431818181818e-01, 8.522727272727273e-01, 8.856219387138847e-03
1.349431818181818e-01, 8.750000000000000e-01, 7.904079590851636e-03
1.349431818181818e-01, 8.977272727272727e-01, 6.708491409792956e-03
1.349431818181818e-01, 9.204545454545454e-01, 5.512903228734281e-03
1.349431818181818e-01, 9.431818181818182e-01, 4.090783872934934e-03
1.349431818181818e-01, 9.659090909090909e-01, 2.528226455552730e-03
1.349431818181818e-01, 9.886363636363636e-01, 9.656690381705271e-04
1.491477272727273e-01, 1.136363636363636e-02, 1.796617000680993e-04
1.491477272727273e-01, 3.409090909090909e-02, 5.389851002042983e-04
1.491477272727273e-01, 5.681818181818182e-02, 9.021008913293895e-04
1.491477272727273e-01, 7.954545454545454e-02, 1.347127117341039e-03
1.491477272727273e-01, 1.022727272727273e-01, 1.822857051943373e-03
1.491477272727273e-01, 1.250000000000000e-01, 2.353966276729614e-03
1.491477272727273e-01, 1.477272727272727e-01, 2.904323494091080e-03
1.491477272727273e-01, 1.704545454545454e-01, 3.486455962103698e-03
1.491477272727273e-01, 1.931818181818182e-01, 4.124051904803029e-03
1.491477272727273e-01, 2.159090909090909e-01, 4.718321617264891e-03
1.491477272727273e-01, 2.386363636363636e-01, 5.387131840759819e-03
1.491477272727273e-01, 2.613636363636364e-01, 6.052412660920391e-03
1.491477272727273e-01, 2.840909090909091e-01, 6.656188124720893e-03
1.491477272727273e-01, 3.068181818181818e-01, 7.383134937765632e-03
1.491477272727273e-01, 3.295454545454545e-01, 8.006134849592509e-03
1.491477272727273e-01, 3.522727272727273e-01, 8.594944285810776e-03
1.491477272727273e-01, 3.750000000000000e-01, 9.332751881578666e-03
1.491477272727273e-01, 3.977272727272727e-01, 9.852318316370637e-03
1.491477272727273e-01, 4.204545454545455e-01, 1.042017523355826e-02
1.491477272727273e-01, 4.431818181818182e-01, 1.103220389449298e-02
1.491477272727273e-01, 4.659090909090909e-01, 1.145803060285764e-02
1.491477272727273e-01, 4.886363636363636e-01, 1.196169768441802e-02
1.491477272727273e-01, 5.113636363636364e-01, 1.239261329430354e-02
1.491477272727273e-01, 5.340909090909091e-01, 1.269023492002866e-02
1.491477272727273e-01, 5.568181818181818e-01, 1.307761181289320e-02
1.491477272727273e-01, 5.795454545454546e-01, 1.328081210995651e-02
1.491477272727273e-01, 6.022727272727273e-01, 1.342013742053053e-02
1.491477272727273e-01, 6.250000000000000e-01, 1.362578468254756e-02
1.491477272727273e-01, 6.477272727272727e-01, 1.356341220208871e-02
1.491477272727273e-01, 6.704545454545454e-01, 1.350702375235902e-02
1.491477272727273e-01, 6.931818181818182e-01, 1.340105004840170e-02
1.491477272727273e-01, 7.159090909090909e-01, 1.310682597894907e-02
1.491477272727273e-01, 7.386363636363636e-01, 1.278762978813843e-02
1.491477272727273e-01, 7.613636363636364e-01, 1.233802653236540e-02
1.491477272727273e-01, 7.840909090909091e-01, 1.177743897268621e-02
1.491477272727273e-01, 8.068181818181818e-01, 1.111935785930938e-02
1.491477272727273e-01, 8.295454545454546e-01, 1.030329127092242e-02
1.491477272727273e-01, 8.522727272727273e-01, 9.429075092087329e-03
1.491477272727273e-01, 8.750000000000000e-01, 8.360049869621937e-03
1.491477272727273e-01, 8.977272727272727e-01, 7.164461688563258e-03
1.491477272727273e-01, 9.204545454545454e-01, 5.872595746319022e-03
1.491477272727273e-01, 9.431818181818182e-01, 4.354198629334109e-03
1.491477272727273e-01, 9.659090909090909e-01, 2.791641211951906e-03
1.491477272727273e-01, 9.886363636363636e-01, 9.920105138104404e-04
1.633522727272727e-01, 1.136363636363636e-02, 1.796617000680993e-04
1.633522727272727e-01, 3.409090909090909e-02, 5.410271568906250e-04
1.633522727272727e-01, 5.681818181818182e-02, 9.050181151669988e-04
1.633522727272727e-01, 7.954545454545454e-02, 1.350044341178648e-03
1.633522727272727e-01, 1.022727272727273e-01, 1.862693802570254e-03
1.633522727272727e-01, 1.250000000000000e-01, 2.393803027356495e-03
1.633522727272727e-01, 1.477272727272727e-01, 2.944160244717962e-03
1.633522727272727e-01, 1.704545454545454e-01, 3.589843214032884e-03
1.633522727272727e-01, 1.931818181818182e-01, 4.227439156732216e-03
1.633522727272727e-01, 2.159090909090909e-01, 4.846555706205099e-03
1.633522727272727e-01, 2.386363636363636e-01, 5.573341882725744e-03
1.633522727272727e-01, 2.613636363636364e-01, 6.238622702886317e-03
1.633522727272727e-01, 2.840909090909091e-01, 6.908721200895257e-03
1.633522727272727e-01, 3.068181818181818e-01, 7.664092171457897e-03
1.633522727272727e-01, 3.295454545454545e-01, 8.287092083284774e-03
1.633522727272727e-01, 3.522727272727273e-01, 8.975233625869456e-03
1.633522727272727e-01, 3.750000000000000e-01, 9.713041221637346e-03
1.633522727272727e-01, 3.977272727272727e-01, 1.023260765642932e-02
1.633522727272727e-01, 4.204545454545455e-01, 1.089704553840826e-02
1.633522727272727e-01, 4.431818181818182e-01, 1.150907419934298e-02
1.633522727272727e-01, 4.659090909090909e-01, 1.196084769877288e-02
1.633522727272727e-01, 4.886363636363636e-01, 1.252505729281881e-02
1.633522727272727e-01, 5.113636363636364e-01, 1.295597290270433e-02
1.633522727272727e-01, 5.340909090909091e-01, 1.330192428765837e-02
1.633522727272727e-01, 5.568181818181818e-01, 1.371001393447816e-02
1.633522727272727e-01, 5.795454545454546e-01, 1.391321423154147e-02
1.633522727272727e-01, 6.022727272727273e-01, 1.409675417641082e-02
1.633522727272727e-01, 6.250000000000000e-01, 1.430240143842785e-02
1.633522727272727e-01, 6.477272727272727e-01, 1.424002895796901e-02
1.633522727272727e-01, 6.704545454545454e-01, 1.419560856969763e-02
1.633522727272727e-01, 6.931818181818182e-01, 1.408963486574031e-02
1.633522727272727e-01, 7.159090909090909e-01, 1.378708675583501e-02
1.633522727272727e-01, 7.386363636363636e-01, 1.344846780396814e-02
1.633522727272727e-01, 7.613636363636364e-01, 1.299886454819512e-02
1.633522727272727e-01, 7.840909090909091e-01, 1.238578045960181e-02
1.633522727272727e-01, 8.068181818181818e-01, 1.170520083383322e-02
1.633522727272727e-01, 8.295454545454546e-01, 1.088913424544626e-02
1.633522727272727e-01, 8.522727272727273e-01, 9.885045370857630e-03
1.633522727272727e-01, 8.750000000000000e-01, 8.816020148392237e-03
1.633522727272727e-01, 8.977272727272727e-01, 7.620431967333563e-03
1.633522727272727e-01, 9.204545454545454e-01, 6.136010502718194e-03
1.633522727272727e-01, 9.431818181818182e-01, 4.617613385733271e-03
1.633522727272727e-01, 9.659090909090909e-01, 2.976031541431321e-03
1.633522727272727e-01, 9.886363636363636e-01, 9.920105138104404e-04
1.775568181818182e-01, 1.136363636363636e-02, 1.799534224518604e-04
1.775568181818182e-01, 3.409090909090909e-02, 5.439443807282344e-04
1.775568181818182e-01, 5.681818181818182e-02, 9.079353390046085e-04
1.775568181818182e-01, 7.954545454545454e-02, 1.371421328410893e-03
1.775568181818182e-01, 1.022727272727273e-01, 1.902530553197135e-03
1.775568181818182e-01, 1.250000000000000e-01, 2.433639777983376e-03
1.775568181818182e-01, 1.477272727272727e-01, 3.041192446516917e-03
1.775568181818182e-01, 1.704545454545454e-01, 3.693230465962071e-03
1.775568181818182e-01, 1.931818181818182e-01, 4.330826408661401e-03
1.775568181818182e-01, 2.159090909090909e-01, 5.032765748171025e-03
1.775568181818182e-01, 2.386363636363636e-01, 5.759551924691669e-03
1.775568181818182e-01, 2.613636363636364e-01, 6.434307464024876e-03
1.775568181818182e-01, 2.840909090909091e-01, 7.189678434587518e-03
1.775568181818182e-01, 3.068181818181818e-01, 7.945049405150161e-03
1.775568181818182e-01, 3.295454545454545e-01, 8.617715370160246e-03
1.775568181818182e-01, 3.522727272727273e-01, 9.355522965928136e-03
1.775568181818182e-01, 3.750000000000000e-01, 1.009333056169603e-02
1.775568181818182e-01, 3.977272727272727e-01, 1.069981986480018e-02
1.775568181818182e-01, 4.204545454545455e-01, 1.137391584325825e-02
1.775568181818182e-01, 4.431818181818182e-01, 1.198594450419297e-02
1.775568181818182e-01, 4.659090909090909e-01, 1.252420730717366e-02
1.775568181818182e-01, 4.886363636363636e-01, 1.308841690121960e-02
1.775568181818182e-01, 5.113636363636364e-01, 1.352623676242354e-02
1.775568181818182e-01, 5.340909090909091e-01, 1.393432640924333e-02
1.775568181818182e-01, 5.568181818181818e-01, 1.434241605606312e-02
1.775568181818182e-01, 5.795454545454546e-01, 1.456772367027409e-02
1.775568181818182e-01, 6.022727272727273e-01, 1.477337093229112e-02
1.775568181818182e-01, 6.250000000000000e-01, 1.497901819430815e-02
1.775568181818182e-01, 6.477272727272727e-01, 1.492741696916179e-02
1.775568181818182e-01, 6.704545454545454e-01, 1.488419338703624e-02
1.775568181818182e-01, 6.931818181818182e-01, 1.477821968307893e-02
1.775568181818182e-01, 7.159090909090909e-01, 1.444792477166473e-02
1.775568181818182e-01, 7.386363636363636e-01, 1.410930581979786e-02
1.775568181818182e-01, 7.613636363636364e-01, 1.365220305989425e-02
1.775568181818182e-01, 7.840909090909091e-01, 1.297162343412565e-02
1.775568181818182e-01, 8.068181818181818e-01, 1.229104380835705e-02
1.775568181818182e-01, 8.295454545454546e-01, 1.141004087209332e-02
1.775568181818182e-01, 8.522727272727273e-01, 1.034101564962793e-02
1.775568181818182e-01, 8.750000000000000e-01, 9.271990427162535e-03
1.775568181818182e-01, 8.977272727272727e-01, 7.903102275969846e-03
1.775568181818182e-01, 9.204545454545454e-01, 6.399425259117368e-03
1.775568181818182e-01, 9.431818181818182e-01, 4.881028142132446e-03
1.775568181818182e-01, 9.659090909090909e-01, 2.976031541431321e-03
1.775568181818182e-01, 9.886363636363636e-01, 9.920105138104404e-04
1.917613636363636e-01, 1.136363636363636e-02, 1.819954791381868e-04
1.917613636363636e-01, 3.409090909090909e-02, 5.459864374145610e-04
1.917613636363636e-01, 5.681818181818182e-02, 9.099773956909351e-04
1.917613636363636e-01, 7.954545454545454e-02, 1.385844404126274e-03
1.917613636363636e-01, 1.022727272727273e-01, 1.916953628912516e-03
1.917613636363636e-01, 1.250000000000000e-01, 2.443169363044673e-03
1.917613636363636e-01, 1.477272727272727e-01, 3.095207382489827e-03
1.917613636363636e-01, 1.704545454545454e-01, 3.747245401934981e-03
1.917613636363636e-01, 1.931818181818182e-01, 4.420192210668323e-03
1.917613636363636e-01, 2.159090909090909e-01, 5.146978387188969e-03
1.917613636363636e-01, 2.386363636363636e-01, 5.873764563709614e-03
1.917613636363636e-01, 2.613636363636364e-01, 6.622730346180712e-03
1.917613636363636e-01, 2.840909090909091e-01, 7.378101316743355e-03
1.917613636363636e-01, 3.068181818181818e-01, 8.133472287305996e-03
1.917613636363636e-01, 3.295454545454545e-01, 8.887778825088210e-03
1.917613636363636e-01, 3.522727272727273e-01, 9.625586420856104e-03
1.917613636363636e-01, 3.750000000000000e-01, 1.037828342746081e-02
1.917613636363636e-01, 3.977272727272727e-01, 1.105237940591888e-02
1.917613636363636e-01, 4.204545454545455e-01, 1.172647538437695e-02
1.917613636363636e-01, 4.431818181818182e-01, 1.238933403929411e-02
1.917613636363636e-01, 4.659090909090909e-01, 1.295354363334004e-02
1.917613636363636e-01, 4.886363636363636e-01, 1.351775322738597e-02
1.917613636363636e-01, 5.113636363636364e-01, 1.402004528356575e-02
1.917613636363636e-01, 5.340909090909091e-01, 1.442813493038554e-02
1.917613636363636e-01, 5.568181818181818e-01, 1.483622457720533e-02
1.917613636363636e-01, 5.795454545454546e-01, 1.510709154196225e-02
1.917613636363636e-01, 6.022727272727273e-01, 1.531273880397928e-02
1.917613636363636e-01, 6.250000000000000e-01, 1.553001013835701e-02
1.917613636363636e-01, 6.477272727272727e-01, 1.548678655623146e-02
1.917613636363636e-01, 6.704545454545454e-01, 1.544356297410591e-02
1.917613636363636e-01, 6.931818181818182e-01, 1.533366151940899e-02
1.917613636363636e-01, 7.159090909090909e-01, 1.499504256754213e-02
1.917613636363636e-01, 7.386363636363636e-01, 1.465642361567526e-02
1.917613636363636e-01, 7.613636363636364e-01, 1.414805074726572e-02
1.917613636363636e-01, 7.840909090909091e-01, 1.346747112149712e-02
1.917613636363636e-01, 8.068181818181818e-01, 1.278689149572853e-02
1.917613636363636e-01, 8.295454545454546e-01, 1.180873621937778e-02
1.917613636363636e-01, 8.522727272727273e-01, 1.073971099691240e-02
1.917613636363636e-01, 8.750000000000000e-01, 9.655409840596650e-03
1.917613636363636e-01, 8.977272727272727e-01, 8.151732823744177e-03
1.917613636363636e-01, 9.204545454545454e-01, 6.648055806891684e-03
1.917613636363636e-01, 9.431818181818182e-01, 4.998356117039948e-03
1.917613636363636e-01, 9.659090909090909e-01, 3.014335089419067e-03
1.917613636363636e-01, 9.886363636363636e-01, 1.030314061798186e-03
2.059659090909091e-01, 1.136363636363636e-02, 1.819954791381868e-04
2.059659090909091e-01, 3.409090909090909e-02, 5.459864374145610e-04
2.059659090909091e-01, 5.681818181818182e-02, 8.695894465206289e-04
2.059659090909091e-01, 7.954545454545454e-02, 1.340968905048157e-03
2.059659090909091e-01, 1.022727272727273e-01, 1.872078129834398e-03
2.059659090909091e-01, 1.250000000000000e-01, 2.381982228452942e-03
2.059659090909091e-01, 1.477272727272727e-01, 3.034020247898096e-03
2.059659090909091e-01, 1.704545454545454e-01, 3.686798850683021e-03
2.059659090909091e-01, 1.931818181818182e-01, 4.366410909474308e-03
2.059659090909091e-01, 2.159090909090909e-01, 5.093197085994952e-03
2.059659090909091e-01, 2.386363636363636e-01, 5.833128610731358e-03
2.059659090909091e-01, 2.613636363636364e-01, 6.595239741418215e-03
2.059659090909091e-01, 2.840909090909091e-01, 7.350610711980860e-03
2.059659090909091e-01, 3.068181818181818e-01, 8.142305977490414e-03
2.059659090909091e-01, 3.295454545454545e-01, 8.900648548044510e-03
2.059659090909091e-01, 3.522727272727273e-01, 9.638456143812400e-03
2.059659090909091e-01, 3.750000000000000e-01, 1.044078451987315e-02
2.059659090909091e-01, 3.977272727272727e-01, 1.111488049833122e-02
2.059659090909091e-01, 4.204545454545455e-01, 1.179438790097666e-02
2.059659090909091e-01, 4.431818181818182e-01, 1.250594937358019e-02
2.059659090909091e-01, 4.659090909090909e-01, 1.307015896762612e-02
2.059659090909091e-01, 4.886363636363636e-01, 1.366127262125025e-02
2.059659090909091e-01, 5.113636363636364e-01, 1.419046873700822e-02
2.059659090909091e-01, 5.340909090909091e-01, 1.459855838382802e-02
2.059659090909091e-01, 5.568181818181818e-01, 1.505047535026540e-02
2.059659090909091e-01, 5.795454545454546e-01, 1.532621201720205e-02
2.059659090909091e-01, 6.022727272727273e-01, 1.553185927921908e-02
2.059659090909091e-01, 6.250000000000000e-01, 1.578787752146580e-02
2.059659090909091e-01, 6.477272727272727e-01, 1.574465393934025e-02
2.059659090909091e-01, 6.704545454545454e-01, 1.570382068050269e-02
2.059659090909091e-01, 6.931818181818182e-01, 1.561543213539764e-02
2.059659090909091e-01, 7.159090909090909e-01, 1.527681318353077e-02
2.059659090909091e-01, 7.386363636363636e-01, 1.494023826567756e-02
2.059659090909091e-01, 7.613636363636364e-01, 1.443390943128169e-02
2.059659090909091e-01, 7.840909090909091e-01, 1.375332980551309e-02
2.059659090909091e-01, 8.068181818181818e-01, 1.305402582056587e-02
2.059659090909091e-01, 8.295454545454546e-01, 1.207379005986194e-02
2.059659090909091e-01, 8.522727272727273e-01, 1.100476483739655e-02
2.059659090909091e-01, 8.750000000000000e-01, 9.869543901579653e-03
2.059659090909091e-01, 8.977272727272727e-01, 8.365866884727166e-03
2.059659090909091e-01, 9.204545454545454e-01, 6.853544311105643e-03
2.059659090909091e-01, 9.431818181818182e-01, 5.126034610332435e-03
2.059659090909091e-01, 9.659090909090909e-01, 3.142013582711554e-03
2.059659090909091e-01, 9.886363636363636e-01, 1.094153308444429e-03
2.201704545454546e-01, 1.136363636363636e-02, 1.819954791381868e-04
2.201704545454546e-01, 3.409090909090909e-02, 5.325237876911256e-04
2.201704545454546e-01, 5.681818181818182e-02, 8.247139474425109e-04
2.201704545454546e-01, 7.954545454545454e-02, 1.296093405970039e-03
2.201704545454546e-01, 1.022727272727273e-01, 1.815784485896751e-03
2.201704545454546e-01, 1.250000000000000e-01, 2.320795093861210e-03
2.201704545454546e-01, 1.477272727272727e-01, 2.972833113306365e-03
2.201704545454546e-01, 1.704545454545454e-01, 3.633017549489005e-03
2.201704545454546e-01, 1.931818181818182e-01, 4.312629608280290e-03
2.201704545454546e-01, 2.159090909090909e-01, 5.039415784800936e-03
2.201704545454546e-01, 2.386363636363636e-01, 5.805638005968861e-03
2.201704545454546e-01, 2.613636363636364e-01, 6.567749136655720e-03
2.201704545454546e-01, 2.840909090909091e-01, 7.335228205534000e-03
2.201704545454546e-01, 3.068181818181818e-01, 8.155175700446710e-03
2.201704545454546e-01, 3.295454545454545e-01, 8.913518271000804e-03
2.201704545454546e-01, 3.522727272727273e-01, 9.686067825387928e-03
2.201704545454546e-01, 3.750000000000000e-01, 1.050328561228549e-02
2.201704545454546e-01, 3.977272727272727e-01, 1.117738159074356e-02
2.201704545454546e-01, 4.204545454545455e-01, 1.191100323526275e-02
2.201704545454546e-01, 4.431818181818182e-01, 1.262256470786628e-02
2.201704545454546e-01, 4.659090909090909e-01, 1.318677430191221e-02
2.201704545454546e-01, 4.886363636363636e-01, 1.383169607469273e-02
2.201704545454546e-01, 5.113636363636364e-01, 1.436089219045070e-02
2.201704545454546e-01, 5.340909090909091e-01, 1.478359094380969e-02
2.201704545454546e-01, 5.568181818181818e-01, 1.526959582550520e-02
2.201704545454546e-01, 5.795454545454546e-01, 1.554533249244185e-02
2.201704545454546e-01, 6.022727272727273e-01, 1.577810258996717e-02
2.201704545454546e-01, 6.250000000000000e-01, 1.604574490457459e-02
2.201704545454546e-01, 6.477272727272727e-01, 1.600252132244904e-02
2.201704545454546e-01, 6.704545454545454e-01, 1.598559129649134e-02
2.201704545454546e-01, 6.931818181818182e-01, 1.589720275138629e-02
2.201704545454546e-01, 7.159090909090909e-01, 1.555858379951942e-02
2.201704545454546e-01, 7.386363636363636e-01, 1.522609694969353e-02
2.201704545454546e-01, 7.613636363636364e-01, 1.471976811529765e-02
2.201704545454546e-01, 7.840909090909091e-01, 1.403294703646952e-02
2.201704545454546e-01, 8.068181818181818e-01, 1.331907966105003e-02
2.201704545454546e-01, 8.295454545454546e-01, 1.233884390034611e-02
2.201704545454546e-01, 8.522727272727273e-01, 1.123417483222991e-02
2.201704545454546e-01, 8.750000000000000e-01, 1.008367796256265e-02
2.201704545454546e-01, 8.977272727272727e-01, 8.580000945710172e-03
2.201704545454546e-01, 9.204545454545454e-01, 6.981222804398128e-03
2.201704545454546e-01, 9.431818181818182e-01, 5.253713103624926e-03
2.201704545454546e-01, 9.659090909090909e-01, 3.269692076004045e-03
2.201704545454546e-01, 9.886363636363636e-01, 1.094153308444429e-03
2.343750000000000e-01, 1.136363636363636e-02, 1.819954791381868e-04
2.343750000000000e-01, 3.409090909090909e-02, 4.876482886130077e-04
2.343750000000000e-01, 5.681818181818182e-02, 7.798384483643929e-04
2.343750000000000e-01, 7.954545454545454e-02, 1.249586743340559e-03
2.343750000000000e-01, 1.022727272727273e-01, 1.754597351305019e-03
2.343750000000000e-01, 1.250000000000000e-01, 2.259607959269479e-03
2.343750000000000e-01, 1.477272727272727e-01, 2.915348895413492e-03
2.343750000000000e-01, 1.704545454545454e-01, 3.579236248294990e-03
2.343750000000000e-01, 1.931818181818182e-01, 4.258848307086275e-03
2.343750000000000e-01, 2.159090909090909e-01, 5.009296110395288e-03
2.343750000000000e-01, 2.386363636363636e-01, 5.778147401206365e-03
2.343750000000000e-01, 2.613636363636364e-01, 6.540258531893223e-03
2.343750000000000e-01, 2.840909090909091e-01, 7.348097928490296e-03
2.343750000000000e-01, 3.068181818181818e-01, 8.168045423403006e-03
2.343750000000000e-01, 3.295454545454545e-01, 8.931351130902706e-03
2.343750000000000e-01, 3.522727272727273e-01, 9.748568917800269e-03
2.343750000000000e-01, 3.750000000000000e-01, 1.056578670469783e-02
2.343750000000000e-01, 3.977272727272727e-01, 1.126693980409277e-02
2.343750000000000e-01, 4.204545454545455e-01, 1.202761856954884e-02
2.343750000000000e-01, 4.431818181818182e-01, 1.273918004215236e-02
2.343750000000000e-01, 4.659090909090909e-01, 1.335181694343905e-02
2.343750000000000e-01, 4.886363636363636e-01, 1.400211952813521e-02
2.343750000000000e-01, 5.113636363636364e-01, 1.453131564389318e-02
2.343750000000000e-01, 5.340909090909091e-01, 1.500271141904949e-02
2.343750000000000e-01, 5.568181818181818e-01, 1.548871630074500e-02
2.343750000000000e-01, 5.795454545454546e-01, 1.576832765846855e-02
2.343750000000000e-01, 6.022727272727273e-01, 1.603596997307596e-02
2.343750000000000e-01, 6.250000000000000e-01, 1.630361228768338e-02
2.343750000000000e-01, 6.477272727272727e-01, 1.627234032199776e-02
2.343750000000000e-01, 6.704545454545454e-01, 1.626736191247998e-02
2.343750000000000e-01, 6.931818181818182e-01, 1.617897336737494e-02
2.343750000000000e-01, 7.159090909090909e-01, 1.584403367673266e-02
2.343750000000000e-01, 7.386363636363636e-01, 1.551195563370950e-02
2.343750000000000e-01, 7.613636363636364e-01, 1.500562679931362e-02
2.343750000000000e-01, 7.840909090909091e-01, 1.429800087695368e-02
2.343750000000000e-01, 8.068181818181818e-01, 1.358413350153419e-02
2.343750000000000e-01, 8.295454545454546e-01, 1.259880576288016e-02
2.343750000000000e-01, 8.522727272727273e-01, 1.144830889321291e-02
2.343750000000000e-01, 8.750000000000000e-01, 1.029781202354565e-02
2.343750000000000e-01, 8.977272727272727e-01, 8.750907222847918e-03
2.343750000000000e-01, 9.204545454545454e-01, 7.108901297690613e-03
2.343750000000000e-01, 9.431818181818182e-01, 5.381391596917394e-03
2.343750000000000e-01, 9.659090909090909e-01, 3.282459925333286e-03
2.343750000000000e-01, 9.886363636363636e-01, 1.094153308444429e-03
2.485795454545454e-01, 1.136363636363636e-02, 1.505826297835044e-04
2.485795454545454e-01, 3.409090909090909e-02, 4.427727895348896e-04
2.485795454545454e-01, 5.681818181818182e-02, 7.349629492862749e-04
2.485795454545454e-01, 7.954545454545454e-02, 1.188399608748828e-03
2.485795454545454e-01, 1.022727272727273e-01, 1.693410216713288e-03
2.485795454545454e-01, 1.250000000000000e-01, 2.198420824677748e-03
2.485795454545454e-01, 1.477272727272727e-01, 2.861567594219475e-03
2.485795454545454e-01, 1.704545454545454e-01, 3.525454947100974e-03
2.485795454545454e-01, 1.931818181818182e-01, 4.212954214821715e-03
2.485795454545454e-01, 2.159090909090909e-01, 4.981805505632791e-03
2.485795454545454e-01, 2.386363636363636e-01, 5.750656796443869e-03
2.485795454545454e-01, 2.613636363636364e-01, 6.541020156533883e-03
2.485795454545454e-01, 2.840909090909091e-01, 7.360967651446593e-03
2.485795454545454e-01, 3.068181818181818e-01, 8.180915146359304e-03
2.485795454545454e-01, 3.295454545454545e-01, 8.993852223315045e-03
2.485795454545454e-01, 3.522727272727273e-01, 9.811070010212610e-03
2.485795454545454e-01, 3.750000000000000e-01, 1.062828779711017e-02
2.485795454545454e-01, 3.977272727272727e-01, 1.138355513837886e-02
2.485795454545454e-01, 4.204545454545455e-01, 1.214423390383492e-02
2.485795454545454e-01, 4.431818181818182e-01, 1.287193781218537e-02
2.485795454545454e-01, 4.659090909090909e-01, 1.352224039688153e-02
2.485795454545454e-01, 4.886363636363636e-01, 1.417254298157768e-02
2.485795454545454e-01, 5.113636363636364e-01, 1.473582701259378e-02
2.485795454545454e-01, 5.340909090909091e-01, 1.522183189428929e-02
2.485795454545454e-01, 5.568181818181818e-01, 1.570783677598480e-02
2.485795454545454e-01, 5.795454545454546e-01, 1.602619504157734e-02
2.485795454545454e-01, 6.022727272727273e-01, 1.629383735618475e-02
2.485795454545454e-01, 6.250000000000000e-01, 1.656147967079217e-02
2.485795454545454e-01, 6.477272727272727e-01, 1.655411093798641e-02
2.485795454545454e-01, 6.704545454545454e-01, 1.654913252846863e-02
2.485795454545454e-01, 6.931818181818182e-01, 1.646197040377178e-02
2.485795454545454e-01, 7.159090909090909e-01, 1.612989236074863e-02
2.485795454545454e-01, 7.386363636363636e-01, 1.579781431772546e-02
2.485795454545454e-01, 7.613636363636364e-01, 1.527692209285733e-02
2.485795454545454e-01, 7.840909090909091e-01, 1.456305471743784e-02
2.485795454545454e-01, 8.068181818181818e-01, 1.384918734201836e-02
2.485795454545454e-01, 8.295454545454546e-01, 1.281293982386316e-02
2.485795454545454e-01, 8.522727272727273e-01, 1.166244295419591e-02
2.485795454545454e-01, 8.750000000000000e-01, 1.051194608452866e-02
2.485795454545454e-01, 8.977272727272727e-01, 8.878585716140404e-03
2.485795454545454e-01, 9.204545454545454e-01, 7.236579790983097e-03
2.485795454545454e-01, 9.431818181818182e-01, 5.470766542222143e-03
2.485795454545454e-01, 9.659090909090909e-01, 3.282459925333286e-03
2.485795454545454e-01, 9.886363636363636e-01, 1.094153308444429e-03
2.627840909090909e-01, 1.136363636363636e-02, 1.460950798756925e-04
2.627840909090909e-01, 3.409090909090909e-02, 4.382852396270781e-04
2.627840909090909e-01, 5.681818181818182e-02, 6.935593373928652e-04
2.627840909090909e-01, 7.954545454545454e-02, 1.115831983715578e-03
2.627840909090909e-01, 1.022727272727273e-01, 1.620842591680039e-03
2.627840909090909e-01, 1.250000000000000e-01, 2.077108094432590e-03
2.627840909090909e-01, 1.477272727272727e-01, 2.740995447314091e-03
2.627840909090909e-01, 1.704545454545454e-01, 3.404882800195589e-03
2.627840909090909e-01, 1.931818181818182e-01, 4.062051143230085e-03
2.627840909090909e-01, 2.159090909090909e-01, 4.830902434041160e-03
2.627840909090909e-01, 2.386363636363636e-01, 5.597633900310725e-03
2.627840909090909e-01, 2.613636363636364e-01, 6.375074696840516e-03
2.627840909090909e-01, 2.840909090909091e-01, 7.195022191753225e-03
2.627840909090909e-01, 3.068181818181818e-01, 8.011039161827983e-03
2.627840909090909e-01, 3.295454545454545e-01, 8.825794955858968e-03
2.627840909090909e-01, 3.522727272727273e-01, 9.643012742756529e-03
2.627840909090909e-01, 3.750000000000000e-01, 1.046330830080692e-02
2.627840909090909e-01, 3.977272727272727e-01, 1.122398706626298e-02
2.627840909090909e-01, 4.204545454545455e-01, 1.198466583171904e-02
2.627840909090909e-01, 4.431818181818182e-01, 1.272915046903084e-02
2.627840909090909e-01, 4.659090909090909e-01, 1.337945305372699e-02
2.627840909090909e-01, 4.886363636363636e-01, 1.403174425403296e-02
2.627840909090909e-01, 5.113636363636364e-01, 1.461580691210726e-02
2.627840909090909e-01, 5.340909090909091e-01, 1.510181179380277e-02
2.627840909090909e-01, 5.568181818181818e-01, 1.560034870035381e-02
2.627840909090909e-01, 5.795454545454546e-01, 1.593260727661768e-02
2.627840909090909e-01, 6.022727272727273e-01, 1.620024959122509e-02
2.627840909090909e-01, 6.250000000000000e-01, 1.649323641974891e-02
2.627840909090909e-01, 6.477272727272727e-01, 1.648825801023114e-02
2.627840909090909e-01, 6.704545454545454e-01, 1.648327960071336e-02
2.627840909090909e-01, 6.931818181818182e-01, 1.642272268920789e-02
2.627840909090909e-01, 7.159090909090909e-01, 1.609064464618473e-02
2.627840909090909e-01, 7.386363636363636e-01, 1.576134684052072e-02
2.627840909090909e-01, 7.613636363636364e-01, 1.526061603017257e-02
2.627840909090909e-01, 7.840909090909091e-01, 1.454674865475308e-02
2.627840909090909e-01, 8.068181818181818e-01, 1.384493558083208e-02
2.627840909090909e-01, 8.295454545454546e-01, 1.281323952592554e-02
2.627840909090909e-01, 8.522727272727273e-01, 1.166274265625829e-02
2.627840909090909e-01, 8.750000000000000e-01, 1.052831062286776e-02
2.627840909090909e-01, 8.977272727272727e-01, 8.886304697710460e-03
2.627840909090909e-01, 9.204545454545454e-01, 7.244298772553155e-03
2.627840909090909e-01, 9.431818181818182e-01, 5.473652999692563e-03
2.627840909090909e-01, 9.659090909090909e-01, 3.285346382803706e-03
2.627840909090909e-01, 9.886363636363636e-01, 1.096719048418140e-03
2.769886363636364e-01, 1.136363636363636e-02, 1.460950798756925e-04
2.769886363636364e-01, 3.409090909090909e-02, 4.382852396270774e-04
2.769886363636364e-01, 5.681818181818182e-02, 6.197272134216696e-04
2.769886363636364e-01, 7.954545454545454e-02, 1.041999859744383e-03
2.769886363636364e-01, 1.022727272727273e-01, 1.530762099304874e-03
2.769886363636364e-01, 1.250000000000000e-01, 1.949114742448164e-03
2.769886363636364e-01, 1.477272727272727e-01, 2.613002095329662e-03
2.769886363636364e-01, 1.704545454545454e-01, 3.251253897066075e-03
2.769886363636364e-01, 1.931818181818182e-01, 3.897435575324105e-03
2.769886363636364e-01, 2.159090909090909e-01, 4.666286866135183e-03
2.769886363636364e-01, 2.386363636363636e-01, 5.411820086989616e-03
2.769886363636364e-01, 2.613636363636364e-01, 6.189260883519404e-03
2.769886363636364e-01, 2.840909090909091e-01, 7.009208378432113e-03
2.769886363636364e-01, 3.068181818181818e-01, 7.817364298830969e-03
2.769886363636364e-01, 3.295454545454545e-01, 8.632120092861951e-03
2.769886363636364e-01, 3.522727272727273e-01, 9.450363803477125e-03
2.769886363636364e-01, 3.750000000000000e-01, 1.027305318353526e-02
2.769886363636364e-01, 3.977272727272727e-01, 1.103373194899132e-02
2.769886363636364e-01, 4.204545454545455e-01, 1.180327731659405e-02
2.769886363636364e-01, 4.431818181818182e-01, 1.255156192625442e-02
2.769886363636364e-01, 4.659090909090909e-01, 1.320186451095057e-02
2.769886363636364e-01, 4.886363636363636e-01, 1.387404186735463e-02
2.769886363636364e-01, 5.113636363636364e-01, 1.445810452542893e-02
2.769886363636364e-01, 5.340909090909091e-01, 1.494410940712444e-02
2.769886363636364e-01, 5.568181818181818e-01, 1.546771036338655e-02
2.769886363636364e-01, 5.795454545454546e-01, 1.579996893965041e-02
2.769886363636364e-01, 6.022727272727273e-01, 1.607605942556330e-02
2.769886363636364e-01, 6.250000000000000e-01, 1.638875865379987e-02
2.769886363636364e-01, 6.477272727272727e-01, 1.638378024428210e-02
2.769886363636364e-01, 6.704545454545454e-01, 1.639917681751105e-02
2.769886363636364e-01, 6.931818181818182e-01, 1.634735204146846e-02
2.769886363636364e-01, 7.159090909090909e-01, 1.601527399844530e-02
2.769886363636364e-01, 7.386363636363636e-01, 1.571377856637275e-02
2.769886363636364e-01, 7.613636363636364e-01, 1.521304775602460e-02
2.769886363636364e-01, 7.840909090909091e-01, 1.449918038060512e-02
2.769886363636364e-01, 8.068181818181818e-01, 1.382147590968105e-02
2.769886363636364e-01, 8.295454545454546e-01, 1.278977985477452e-02
2.769886363636364e-01, 8.522727272727273e-01, 1.164463793053284e-02
2.769886363636364e-01, 8.750000000000000e-01, 1.052270076980199e-02
2.769886363636364e-01, 8.977272727272727e-01, 8.880694844644675e-03
2.769886363636364e-01, 9.204545454545454e-01, 7.244860839110416e-03
2.769886363636364e-01, 9.431818181818182e-01, 5.476860174659707e-03
2.769886363636364e-01, 9.659090909090909e-01, 3.288553557770850e-03
2.769886363636364e-01, 9.886363636363636e-01, 1.096719048418140e-03
2.911931818181818e-01, 1.136363636363636e-02, 1.460950798756925e-04
2.911931818181818e-01, 3.409090909090909e-02, 3.718363280530015e-04
2.911931818181818e-01, 5.681818181818182e-02, 5.458950894504740e-04
2.911931818181818e-01, 7.954545454545454e-02, 9.681677357731868e-04
2.911931818181818e-01, 1.022727272727273e-01, 1.402768747320447e-03
2.911931818181818e-01, 1.250000000000000e-01, 1.821121390463737e-03
2.911931818181818e-01, 1.477272727272727e-01, 2.481346521753081e-03
2.911931818181818e-01, 1.704545454545454e-01, 3.086638329160095e-03
2.911931818181818e-01, 1.931818181818182e-01, 3.732820007418126e-03
2.911931818181818e-01, 2.159090909090909e-01, 4.491072175521638e-03
2.911931818181818e-01, 2.386363636363636e-01, 5.226006273668506e-03
2.911931818181818e-01, 2.613636363636364e-01, 6.003447070198292e-03
2.911931818181818e-01, 2.840909090909091e-01, 6.816319620402691e-03
2.911931818181818e-01, 3.068181818181818e-01, 7.623689435833953e-03
2.911931818181818e-01, 3.295454545454545e-01, 8.438445229864939e-03
2.911931818181818e-01, 3.522727272727273e-01, 9.260108686205467e-03
2.911931818181818e-01, 3.750000000000000e-01, 1.008279806626360e-02
2.911931818181818e-01, 3.977272727272727e-01, 1.084474348916919e-02
2.911931818181818e-01, 4.204545454545455e-01, 1.162568877381763e-02
2.911931818181818e-01, 4.431818181818182e-01, 1.237397338347799e-02
2.911931818181818e-01, 4.659090909090909e-01, 1.303421904622319e-02
2.911931818181818e-01, 4.886363636363636e-01, 1.371633948067629e-02
2.911931818181818e-01, 5.113636363636364e-01, 1.430040213875059e-02
2.911931818181818e-01, 5.340909090909091e-01, 1.480896466518607e-02
2.911931818181818e-01, 5.568181818181818e-01, 1.533507202641928e-02
2.911931818181818e-01, 5.795454545454546e-01, 1.566733060268315e-02
2.911931818181818e-01, 6.022727272727273e-01, 1.597158165961426e-02
2.911931818181818e-01, 6.250000000000000e-01, 1.628428088785083e-02
2.911931818181818e-01, 6.477272727272727e-01, 1.628221319015402e-02
2.911931818181818e-01, 6.704545454545454e-01, 1.632380616977162e-02
2.911931818181818e-01, 6.931818181818182e-01, 1.627198139372903e-02
2.911931818181818e-01, 7.159090909090909e-01, 1.595380453750160e-02
2.911931818181818e-01, 7.386363636363636e-01, 1.566621029222478e-02
2.911931818181818e-01, 7.613636363636364e-01, 1.516547948187663e-02
2.911931818181818e-01, 7.840909090909091e-01, 1.447330984915440e-02
2.911931818181818e-01, 8.068181818181818e-01, 1.379801623853003e-02
2.911931818181818e-01, 8.295454545454546e-01, 1.276632018362349e-02
2.911931818181818e-01, 8.522727272727273e-01, 1.163902807746706e-02
2.911931818181818e-01, 8.750000000000000e-01, 1.051709091673622e-02
2.911931818181818e-01, 8.977272727272727e-01, 8.875966694382204e-03
2.911931818181818e-01, 9.204545454545454e-01, 7.248068014077556e-03
2.911931818181818e-01, 9.431818181818182e-01, 5.480067349626853e-03
2.911931818181818e-01, 9.659090909090909e-01, 3.290157145254420e-03
2.911931818181818e-01, 9.886363636363636e-01, 1.096719048418140e-03
3.053977272727273e-01, 1.136363636363636e-02, 1.239454426843339e-04
3.053977272727273e-01, 3.409090909090909e-02, 2.980042040818062e-04
3.053977272727273e-01, 5.681818181818182e-02, 4.720629654792783e-04
3.053977272727273e-01, 7.954545454545454e-02, 8.564227521927297e-04
3.053977272727273e-01, 1.022727272727273e-01, 1.274775395336020e-03
3.053977272727273e-01, 1.250000000000000e-01, 1.693128038479310e-03
3.053977272727273e-01, 1.477272727272727e-01, 2.316730953847101e-03
3.053977272727273e-01, 1.704545454545454e-01, 2.922022761254116e-03
3.053977272727273e-01, 1.931818181818182e-01, 3.568204439512146e-03
3.053977272727273e-01, 2.159090909090909e-01, 4.305258362200527e-03
3.053977272727273e-01, 2.386363636363636e-01, 5.040192460347396e-03
3.053977272727273e-01, 2.613636363636364e-01, 5.815274941974414e-03
3.053977272727273e-01, 2.840909090909091e-01, 6.622644757405677e-03
3.053977272727273e-01, 3.068181818181818e-01, 7.430014572836938e-03
3.053977272727273e-01, 3.295454545454545e-01, 8.247164188875675e-03
3.053977272727273e-01, 3.522727272727273e-01, 9.069853568933811e-03
3.053977272727273e-01, 3.750000000000000e-01, 9.892542948991943e-03
3.053977272727273e-01, 3.977272727272727e-01, 1.066715494639277e-02
3.053977272727273e-01, 4.204545454545455e-01, 1.144810023104120e-02
3.053977272727273e-01, 4.431818181818182e-01, 1.219638484070157e-02
3.053977272727273e-01, 4.659090909090909e-01, 1.287651665954486e-02
3.053977272727273e-01, 4.886363636363636e-01, 1.355863709399796e-02
3.053977272727273e-01, 5.113636363636364e-01, 1.415021896698558e-02
3.053977272727273e-01, 5.340909090909091e-01, 1.467632632821880e-02
3.053977272727273e-01, 5.568181818181818e-01, 1.520243368945202e-02
3.053977272727273e-01, 5.795454545454546e-01, 1.555440466542864e-02
3.053977272727273e-01, 6.022727272727273e-01, 1.586710389366522e-02
3.053977272727273e-01, 6.250000000000000e-01, 1.617980312190179e-02
3.053977272727273e-01, 6.477272727272727e-01, 1.620684254241459e-02
3.053977272727273e-01, 6.704545454545454e-01, 1.624843552203219e-02
3.053977272727273e-01, 6.931818181818182e-01, 1.619661074598961e-02
3.053977272727273e-01, 7.159090909090909e-01, 1.590623626335364e-02
3.053977272727273e-01, 7.386363636363636e-01, 1.561864201807681e-02
3.053977272727273e-01, 7.613636363636364e-01, 1.512514378862774e-02
3.053977272727273e-01, 7.840909090909091e-01, 1.444985017800337e-02
3.053977272727273e-01, 8.068181818181818e-01, 1.377455656737900e-02
3.053977272727273e-01, 8.295454545454546e-01, 1.275535538513214e-02
3.053977272727273e-01, 8.522727272727273e-01, 1.163341822440129e-02
3.053977272727273e-01, 8.750000000000000e-01, 1.051148106367044e-02
3.053977272727273e-01, 8.977272727272727e-01, 8.879173869349341e-03
3.053977272727273e-01, 9.204545454545454e-01, 7.251275189044695e-03
3.053977272727273e-01, 9.431818181818182e-01, 5.483274524593997e-03
3.053977272727273e-01, 9.659090909090909e-01, 3.290157145254420e-03
3.053977272727273e-01, 9.886363636363636e-01, 1.096719048418140e-03
3.196022727272727e-01, 1.136363636363636e-02, 8.702938069873605e-05
3.196022727272727e-01, 3.409090909090909e-02, 2.610881420962082e-04
3.196022727272727e-01, 5.681818181818182e-02, 4.267523780250826e-04
3.196022727272727e-01, 7.954545454545454e-02, 7.504534488575257e-04
3.196022727272727e-01, 1.022727272727273e-01, 1.168806092000817e-03
3.196022727272727e-01, 1.250000000000000e-01, 1.548850066807924e-03
3.196022727272727e-01, 1.477272727272727e-01, 2.154141874214938e-03
3.196022727272727e-01, 1.704545454545454e-01, 2.759433681621953e-03
3.196022727272727e-01, 1.931818181818182e-01, 3.362873668652100e-03
3.196022727272727e-01, 2.159090909090909e-01, 4.097807766798972e-03
3.196022727272727e-01, 2.386363636363636e-01, 4.832741864945840e-03
3.196022727272727e-01, 2.613636363636364e-01, 5.574070787905687e-03
3.196022727272727e-01, 2.840909090909091e-01, 6.381440603336954e-03
3.196022727272727e-01, 3.068181818181818e-01, 7.183817148283641e-03
3.196022727272727e-01, 3.295454545454545e-01, 7.982703555246775e-03
3.196022727272727e-01, 3.522727272727273e-01, 8.805392935304909e-03
3.196022727272727e-01, 3.750000000000000e-01, 9.608417044018193e-03
3.196022727272727e-01, 3.977272727272727e-01, 1.038936232866663e-02
3.196022727272727e-01, 4.204545454545455e-01, 1.117030761331507e-02
3.196022727272727e-01, 4.431818181818182e-01, 1.191264800517060e-02
3.196022727272727e-01, 4.659090909090909e-01, 1.259476843962370e-02
3.196022727272727e-01, 4.886363636363636e-01, 1.327688887407680e-02
3.196022727272727e-01, 5.113636363636364e-01, 1.387334604819403e-02
3.196022727272727e-01, 5.340909090909091e-01, 1.439945340942725e-02
3.196022727272727e-01, 5.568181818181818e-01, 1.492537200840908e-02
3.196022727272727e-01, 5.795454545454546e-01, 1.529066822088924e-02
3.196022727272727e-01, 6.022727272727273e-01, 1.560336744912582e-02
3.196022727272727e-01, 6.250000000000000e-01, 1.592228590817345e-02
3.196022727272727e-01, 6.477272727272727e-01, 1.596387888779106e-02
3.196022727272727e-01, 6.704545454545454e-01, 1.600547186740866e-02
3.196022727272727e-01, 6.931818181818182e-01, 1.597856101291156e-02
3.196022727272727e-01, 7.159090909090909e-01, 1.569096676763473e-02
3.196022727272727e-01, 7.386363636363636e-01, 1.540337252235791e-02
3.196022727272727e-01, 7.613636363636364e-01, 1.494364550404602e-02
3.196022727272727e-01, 7.840909090909091e-01, 1.426835189342166e-02
3.196022727272727e-01, 8.068181818181818e-01, 1.359903975409842e-02
3.196022727272727e-01, 8.295454545454546e-01, 1.261268936609875e-02
3.196022727272727e-01, 8.522727272727273e-01, 1.149075220536790e-02
3.196022727272727e-01, 8.750000000000000e-01, 1.040707288201229e-02
3.196022727272727e-01, 8.977272727272727e-01, 8.779174201707644e-03
3.196022727272727e-01, 9.204545454545454e-01, 7.151275521402998e-03
3.196022727272727e-01, 9.431818181818182e-01, 5.428638469544624e-03
3.196022727272727e-01, 9.659090909090909e-01, 3.235200372708324e-03
3.196022727272727e-01, 9.886363636363636e-01, 1.041762275872065e-03
3.338068181818182e-01, 1.136363636363636e-02, 8.702938069873605e-05
3.338068181818182e-01, 3.409090909090909e-02, 2.610881420962086e-04
3.338068181818182e-01, 5.681818181818182e-02, 3.428071233391012e-04
3.338068181818182e-01, 7.954545454545454e-02, 6.665081941715443e-04
3.338068181818182e-01, 1.022727272727273e-01, 1.084860837314835e-03
3.338068181818182e-01, 1.250000000000000e-01, 1.388287475449578e-03
3.338068181818182e-01, 1.477272727272727e-01, 1.993579282856594e-03
3.338068181818182e-01, 1.704545454545454e-01, 2.578313654426509e-03
3.338068181818182e-01, 1.931818181818182e-01, 3.133786291170096e-03
3.338068181818182e-01, 2.159090909090909e-01, 3.868720389316964e-03
3.338068181818182e-01, 2.386363636363636e-01, 4.561902240102928e-03
3.338068181818182e-01, 2.613636363636364e-01, 5.285337342765250e-03
3.338068181818182e-01, 2.840909090909091e-01, 6.092707158196512e-03
3.338068181818182e-01, 3.068181818181818e-01, 6.845150998297491e-03
3.338068181818182e-01, 3.295454545454545e-01, 7.644037405260623e-03
3.338068181818182e-01, 3.522727272727273e-01, 8.466726785318755e-03
3.338068181818182e-01, 3.750000000000000e-01, 9.230420351342347e-03
3.338068181818182e-01, 3.977272727272727e-01, 1.001136563599078e-02
3.338068181818182e-01, 4.204545454545455e-01, 1.078397171249278e-02
3.338068181818182e-01, 4.431818181818182e-01, 1.150685395200661e-02
3.338068181818182e-01, 4.659090909090909e-01, 1.218897438645971e-02
3.338068181818182e-01, 4.886363636363636e-01, 1.286037540769652e-02
3.338068181818182e-01, 5.113636363636364e-01, 1.345223854757820e-02
3.338068181818182e-01, 5.340909090909091e-01, 1.397834590881142e-02
3.338068181818182e-01, 5.568181818181818e-01, 1.450237688527931e-02
3.338068181818182e-01, 5.795454545454546e-01, 1.486767309775947e-02
3.338068181818182e-01, 6.022727272727273e-01, 1.518037232599605e-02
3.338068181818182e-01, 6.250000000000000e-01, 1.551172924666582e-02
3.338068181818182e-01, 6.477272727272727e-01, 1.555332222628342e-02
3.338068181818182e-01, 6.704545454545454e-01, 1.560319098916637e-02
3.338068181818182e-01, 6.931818181818182e-01, 1.559559029562173e-02
3.338068181818182e-01, 7.159090909090909e-01, 1.530799605034491e-02
3.338068181818182e-01, 7.386363636363636e-01, 1.505080547856228e-02
3.338068181818182e-01, 7.613636363636364e-01, 1.460410860603361e-02
3.338068181818182e-01, 7.840909090909091e-01, 1.392881499540925e-02
3.338068181818182e-01, 8.068181818181818e-01, 1.331931756909742e-02
3.338068181818182e-01, 8.295454545454546e-01, 1.233296718109775e-02
3.338068181818182e-01, 8.522727272727273e-01, 1.121103002036690e-02
3.338068181818182e-01, 8.750000000000000e-01, 1.020386637176176e-02
3.338068181818182e-01, 8.977272727272727e-01, 8.575967691457114e-03
3.338068181818182e-01, 9.204545454545454e-01, 6.976056900699973e-03
3.338068181818182e-01, 9.431818181818182e-01, 5.318724924452436e-03
3.338068181818182e-01, 9.659090909090909e-01, 3.125286827616156e-03
3.338068181818182e-01, 9.886363636363636e-01, 1.008788212344402e-03
3.480113636363636e-01, 1.136363636363636e-02, 8.702938069873605e-05
3.480113636363636e-01, 3.409090909090909e-02, 2.191155147532179e-04
3.480113636363636e-01, 5.681818181818182e-02, 2.588618686531199e-04
3.480113636363636e-01, 7.954545454545454e-02, 5.825629394855629e-04
3.480113636363636e-01, 1.022727272727273e-01, 9.319599796237252e-04
3.480113636363636e-01, 1.250000000000000e-01, 1.227724884091232e-03
3.480113636363636e-01, 1.477272727272727e-01, 1.833016691498246e-03
3.480113636363636e-01, 1.704545454545454e-01, 2.349226276944504e-03
3.480113636363636e-01, 1.931818181818182e-01, 2.904698913688091e-03
3.480113636363636e-01, 2.159090909090909e-01, 3.633668405069114e-03
3.480113636363636e-01, 2.386363636363636e-01, 4.273168794962491e-03
3.480113636363636e-01, 2.613636363636364e-01, 4.996603897624810e-03
3.480113636363636e-01, 2.840909090909091e-01, 5.779007360633219e-03
3.480113636363636e-01, 3.068181818181818e-01, 6.506484848311343e-03
3.480113636363636e-01, 3.295454545454545e-01, 7.305371255274470e-03
3.480113636363636e-01, 3.522727272727273e-01, 8.092663146911880e-03
3.480113636363636e-01, 3.750000000000000e-01, 8.852423658666500e-03
3.480113636363636e-01, 3.977272727272727e-01, 9.633368943314938e-03
3.480113636363636e-01, 4.204545454545455e-01, 1.037817765932879e-02
3.480113636363636e-01, 4.431818181818182e-01, 1.110105989884262e-02
3.480113636363636e-01, 4.659090909090909e-01, 1.178164898855053e-02
3.480113636363636e-01, 4.886363636363636e-01, 1.243926790708068e-02
3.480113636363636e-01, 5.113636363636364e-01, 1.303113104696236e-02
3.480113636363636e-01, 5.340909090909091e-01, 1.355629459693861e-02
3.480113636363636e-01, 5.568181818181818e-01, 1.407938176214955e-02
3.480113636363636e-01, 5.795454545454546e-01, 1.444467797462971e-02
3.480113636363636e-01, 6.022727272727273e-01, 1.476857181832620e-02
3.480113636363636e-01, 6.250000000000000e-01, 1.510117258515819e-02
3.480113636363636e-01, 6.477272727272727e-01, 1.514276556477579e-02
3.480113636363636e-01, 6.704545454545454e-01, 1.522022027187653e-02
3.480113636363636e-01, 6.931818181818182e-01, 1.521261957833190e-02
3.480113636363636e-01, 7.159090909090909e-01, 1.492936871498282e-02
3.480113636363636e-01, 7.386363636363636e-01, 1.471126858054987e-02
3.480113636363636e-01, 7.613636363636364e-01, 1.426457170802121e-02
3.480113636363636e-01, 7.840909090909091e-01, 1.361918545390254e-02
3.480113636363636e-01, 8.068181818181818e-01, 1.303959538409641e-02
3.480113636363636e-01, 8.295454545454546e-01, 1.205324499609673e-02
3.480113636363636e-01, 8.522727272727273e-01, 1.100017194264132e-02
3.480113636363636e-01, 8.750000000000000e-01, 1.000065986151122e-02
3.480113636363636e-01, 8.977272727272727e-01, 8.372761181206586e-03
3.480113636363636e-01, 9.204545454545454e-01, 6.866143355607799e-03
3.480113636363636e-01, 9.431818181818182e-01, 5.208811379360270e-03
3.480113636363636e-01, 9.659090909090909e-01, 3.026364637033207e-03
3.480113636363636e-01, 9.886363636363636e-01, 1.008788212344402e-03
3.622159090909091e-01, 1.136363636363636e-02, 8.702938069873605e-05
3.622159090909091e-01, 3.409090909090909e-02, 1.351702600672362e-04
3.622159090909091e-01, 5.681818181818182e-02, 1.749166139671385e-04
3.622159090909091e-01, 7.954545454545454e-02, 4.756324837978725e-04
3.622159090909091e-01, 1.022727272727273e-01, 7.713973882653792e-04
3.622159090909091e-01, 1.250000000000000e-01, 1.067162292732886e-03
3.622159090909091e-01, 1.477272727272727e-01, 1.624486749853339e-03
3.622159090909091e-01, 1.704545454545454e-01, 2.120138899462497e-03
3.622159090909091e-01, 1.931818181818182e-01, 2.675611536206083e-03
3.622159090909091e-01, 2.159090909090909e-01, 3.344934959928677e-03
3.622159090909091e-01, 2.386363636363636e-01, 3.984435349822053e-03
3.622159090909091e-01, 2.613636363636364e-01, 4.707870452484369e-03
3.622159090909091e-01, 2.840909090909091e-01, 5.440341210647067e-03
3.622159090909091e-01, 3.068181818181818e-01, 6.167818698325190e-03
3.622159090909091e-01, 3.295454545454545e-01, 6.954905942481411e-03
3.622159090909091e-01, 3.522727272727273e-01, 7.714666454236033e-03
3.622159090909091e-01, 3.750000000000000e-01, 8.474426965990652e-03
3.622159090909091e-01, 3.977272727272727e-01, 9.235914098297389e-03
3.622159090909091e-01, 4.204545454545455e-01, 9.972383606164800e-03
3.622159090909091e-01, 4.431818181818182e-01, 1.069526584567863e-02
3.622159090909091e-01, 4.659090909090909e-01, 1.136054148793470e-02
3.622159090909091e-01, 4.886363636363636e-01, 1.201816040646485e-02
3.622159090909091e-01, 5.113636363636364e-01, 1.261002354634653e-02
3.622159090909091e-01, 5.340909090909091e-01, 1.313329947380885e-02
3.622159090909091e-01, 5.568181818181818e-01, 1.365638663901978e-02
3.622159090909091e-01, 5.795454545454546e-01, 1.402541438998658e-02
3.622159090909091e-01, 6.022727272727273e-01, 1.435801515681857e-02
3.622159090909091e-01, 6.250000000000000e-01, 1.469061592365055e-02
3.622159090909091e-01, 6.477272727272727e-01, 1.475151906422062e-02
3.622159090909091e-01, 6.704545454545454e-01, 1.483724955458671e-02
3.622159090909091e-01, 6.931818181818182e-01, 1.482964886104207e-02
3.622159090909091e-01, 7.159090909090909e-01, 1.458983181697041e-02
3.622159090909091e-01, 7.386363636363636e-01, 1.437173168253746e-02
3.622159090909091e-01, 7.613636363636364e-01, 1.392503481000880e-02
3.622159090909091e-01, 7.840909090909091e-01, 1.333946326890153e-02
3.622159090909091e-01, 8.068181818181818e-01, 1.275987319909540e-02
3.622159090909091e-01, 8.295454545454546e-01, 1.179647751352087e-02
3.622159090909091e-01, 8.522727272727273e-01, 1.079696543239078e-02
3.622159090909091e-01, 8.750000000000000e-01, 9.797453351260690e-03
3.622159090909091e-01, 8.977272727272727e-01, 8.234859746566896e-03
3.622159090909091e-01, 9.204545454545454e-01, 6.756229810515628e-03
3.622159090909091e-01, 9.431818181818182e-01, 5.098897834268102e-03
3.622159090909091e-01, 9.659090909090909e-01, 3.026364637033207e-03
3.622159090909091e-01, 9.886363636363636e-01, 1.008788212344402e-03
3.764204545454545e-01, 1.136363636363636e-02, 1.987317694995110e-05
3.764204545454545e-01, 3.409090909090909e-02, 5.961953084985339e-05
3.764204545454545e-01, 5.681818181818182e-02, 9.936588474975559e-05
3.764204545454545e-01, 7.954545454545454e-02, 3.236057798835755e-04
3.764204545454545e-01, 1.022727272727273e-01, 6.193706843510829e-04
3.764204545454545e-01, 1.250000000000000e-01, 9.067700904864149e-04
3.764204545454545e-01, 1.477272727272727e-01, 1.402422240095575e-03
3.764204545454545e-01, 1.704545454545454e-01, 1.898074389704733e-03
3.764204545454545e-01, 1.931818181818182e-01, 2.420860440170972e-03
3.764204545454545e-01, 2.159090909090909e-01, 3.060360830064348e-03
3.764204545454545e-01, 2.386363636363636e-01, 3.699861219957723e-03
3.764204545454545e-01, 2.613636363636364e-01, 4.374444889259229e-03
3.764204545454545e-01, 2.840909090909091e-01, 5.101922376937356e-03
3.764204545454545e-01, 3.068181818181818e-01, 5.829399864615479e-03
3.764204545454545e-01, 3.295454545454545e-01, 6.572501786060850e-03
3.764204545454545e-01, 3.522727272727273e-01, 7.332262297815474e-03
3.764204545454545e-01, 3.750000000000000e-01, 8.084156510780550e-03
3.764204545454545e-01, 3.977272727272727e-01, 8.820626018647961e-03
3.764204545454545e-01, 4.204545454545455e-01, 9.557095526515371e-03
3.764204545454545e-01, 4.431818181818182e-01, 1.026711898239771e-02
3.764204545454545e-01, 4.659090909090909e-01, 1.092473790092786e-02
3.764204545454545e-01, 4.886363636363636e-01, 1.158235681945800e-02
3.764204545454545e-01, 5.113636363636364e-01, 1.216752458164711e-02
3.764204545454545e-01, 5.340909090909091e-01, 1.269061174685805e-02
3.764204545454545e-01, 5.568181818181818e-01, 1.321369891206898e-02
3.764204545454545e-01, 5.795454545454546e-01, 1.359069946531460e-02
3.764204545454545e-01, 6.022727272727273e-01, 1.392330023214658e-02
3.764204545454545e-01, 6.250000000000000e-01, 1.425505406914616e-02
3.764204545454545e-01, 6.477272727272727e-01, 1.434078455951225e-02
3.764204545454545e-01, 6.704545454545454e-01, 1.442651504987834e-02
3.764204545454545e-01, 6.931818181818182e-01, 1.443821883616483e-02
3.764204545454545e-01, 7.159090909090909e-01, 1.422011870173188e-02
3.764204545454545e-01, 7.386363636363636e-01, 1.400201856729893e-02
3.764204545454545e-01, 7.613636363636364e-01, 1.360827165067991e-02
3.764204545454545e-01, 7.840909090909091e-01, 1.302868158087378e-02
3.764204545454545e-01, 8.068181818181818e-01, 1.244909151106765e-02
3.764204545454545e-01, 8.295454545454546e-01, 1.156319492264454e-02
3.764204545454545e-01, 8.522727272727273e-01, 1.056368284151445e-02
3.764204545454545e-01, 8.750000000000000e-01, 9.576685655509924e-03
3.764204545454545e-01, 8.977272727272727e-01, 8.098055719458652e-03
3.764204545454545e-01, 9.204545454545454e-01, 6.619425783407384e-03
3.764204545454545e-01, 9.431818181818182e-01, 5.022765128775016e-03
3.764204545454545e-01, 9.659090909090909e-01, 3.005188704086211e-03
3.764204545454545e-01, 9.886363636363636e-01, 9.876122793974070e-04
3.906250000000000e-01, 1.136363636363636e-02, 1.987317694995110e-05
3.906250000000000e-01, 3.409090909090909e-02, 5.961953084985329e-05
3.906250000000000e-01, 5.681818181818182e-02, 4.672328290725558e-05
3.906250000000000e-01, 7.954545454545454e-02, 2.484020629657183e-04
3.906250000000000e-01, 1.022727272727273e-01, 5.441669674332258e-04
3.906250000000000e-01, 1.250000000000000e-01, 7.479113902468166e-04
3.906250000000000e-01, 1.477272727272727e-01, 1.243563539855975e-03
3.906250000000000e-01, 1.704545454545454e-01, 1.739215689465133e-03
3.906250000000000e-01, 1.931818181818182e-01, 2.173720147791632e-03
3.906250000000000e-01, 2.159090909090909e-01, 2.813220537685011e-03
3.906250000000000e-01, 2.386363636363636e-01, 3.426005119125656e-03
3.906250000000000e-01, 2.613636363636364e-01, 4.038251902037457e-03
3.906250000000000e-01, 2.840909090909091e-01, 4.765729389715584e-03
3.906250000000000e-01, 3.068181818181818e-01, 5.433092037362836e-03
3.906250000000000e-01, 3.295454545454545e-01, 6.150430455937840e-03
3.906250000000000e-01, 3.522727272727273e-01, 6.910190967692459e-03
3.906250000000000e-01, 3.750000000000000e-01, 7.583422192762146e-03
3.906250000000000e-01, 3.977272727272727e-01, 8.319891700629556e-03
3.906250000000000e-01, 4.204545454545455e-01, 9.056361208496963e-03
3.906250000000000e-01, 4.431818181818182e-01, 9.699050617871782e-03
3.906250000000000e-01, 4.659090909090909e-01, 1.035666953640193e-02
3.906250000000000e-01, 4.886363636363636e-01, 1.099873261588780e-02
3.906250000000000e-01, 5.113636363636364e-01, 1.154760342030694e-02
3.906250000000000e-01, 5.340909090909091e-01, 1.207069058551787e-02
3.906250000000000e-01, 5.568181818181818e-01, 1.257122505846110e-02
3.906250000000000e-01, 5.795454545454546e-01, 1.293856017216342e-02
3.906250000000000e-01, 6.022727272727273e-01, 1.327116093899541e-02
3.906250000000000e-01, 6.250000000000000e-01, 1.359444547767096e-02
3.906250000000000e-01, 6.477272727272727e-01, 1.368017596803705e-02
3.906250000000000e-01, 6.704545454545454e-01, 1.376590645840314e-02
3.906250000000000e-01, 6.931818181818182e-01, 1.379691976589124e-02
3.906250000000000e-01, 7.159090909090909e-01, 1.357881963145829e-02
3.906250000000000e-01, 7.386363636363636e-01, 1.337601405352687e-02
3.906250000000000e-01, 7.613636363636364e-01, 1.301795443541143e-02
3.906250000000000e-01, 7.840909090909091e-01, 1.243836436560530e-02
3.906250000000000e-01, 8.068181818181818e-01, 1.191921922493114e-02
3.906250000000000e-01, 8.295454545454546e-01, 1.105922760613602e-02
3.906250000000000e-01, 8.522727272727273e-01, 1.005971552500592e-02
3.906250000000000e-01, 8.750000000000000e-01, 9.197867290257074e-03
3.906250000000000e-01, 8.977272727272727e-01, 7.719237354205806e-03
3.906250000000000e-01, 9.204545454545454e-01, 6.240607418154537e-03
3.906250000000000e-01, 9.431818181818182e-01, 4.811005799304996e-03
3.906250000000000e-01, 9.659090909090909e-01, 2.793429374616212e-03
3.906250000000000e-01, 9.886363636363636e-01, 8.393807487683989e-04
4.048295454545455e-01, 1.136363636363636e-02, 1.987317694995110e-05
4.048295454545455e-01, 3.409090909090909e-02, 5.209915915806742e-05
4.048295454545455e-01, 5.681818181818182e-02, -2.848043401060160e-05
4.048295454545455e-01, 7.954545454545454e-02, 1.731983460478611e-04
4.048295454545455e-01, 1.022727272727273e-01, 4.271357588544979e-04
4.048295454545455e-01, 1.250000000000000e-01, 5.890526900072184e-04
4.048295454545455e-01, 1.477272727272727e-01, 1.084704839616377e-03
4.048295454545455e-01, 1.704545454545454e-01, 1.500903556299769e-03
4.048295454545455e-01, 1.931818181818182e-01, 1.926579855412295e-03
4.048295454545455e-01, 2.159090909090909e-01, 2.566080245305670e-03
4.048295454545455e-01, 2.386363636363636e-01, 3.089812131903881e-03
4.048295454545455e-01, 2.613636363636364e-01, 3.702058914815686e-03
4.048295454545455e-01, 2.840909090909091e-01, 4.420948568203685e-03
4.048295454545455e-01, 3.068181818181818e-01, 5.011020707239825e-03
4.048295454545455e-01, 3.295454545454545e-01, 5.728359125814824e-03
4.048295454545455e-01, 3.522727272727273e-01, 6.448788143621752e-03
4.048295454545455e-01, 3.750000000000000e-01, 7.082687874743743e-03
4.048295454545455e-01, 3.977272727272727e-01, 7.819157382611148e-03
4.048295454545455e-01, 4.204545454545455e-01, 8.495026248621789e-03
4.048295454545455e-01, 4.431818181818182e-01, 9.130982253345856e-03
4.048295454545455e-01, 4.659090909090909e-01, 9.788601171876000e-03
4.048295454545455e-01, 4.886363636363636e-01, 1.037881145454763e-02
4.048295454545455e-01, 5.113636363636364e-01, 1.092768225896677e-02
4.048295454545455e-01, 5.340909090909091e-01, 1.144754761099660e-02
4.048295454545455e-01, 5.568181818181818e-01, 1.191908576530993e-02
4.048295454545455e-01, 5.795454545454546e-01, 1.228642087901225e-02
4.048295454545455e-01, 6.022727272727273e-01, 1.261478699668223e-02
4.048295454545455e-01, 6.250000000000000e-01, 1.293383688619576e-02
4.048295454545455e-01, 6.477272727272727e-01, 1.301956737656185e-02
4.048295454545455e-01, 6.704545454545454e-01, 1.312267643600939e-02
4.048295454545455e-01, 6.931818181818182e-01, 1.315562069561764e-02
4.048295454545455e-01, 7.159090909090909e-01, 1.293752056118470e-02
4.048295454545455e-01, 7.386363636363636e-01, 1.278569683825839e-02
4.048295454545455e-01, 7.613636363636364e-01, 1.242763722014294e-02
4.048295454545455e-01, 7.840909090909091e-01, 1.185668214021281e-02
4.048295454545455e-01, 8.068181818181818e-01, 1.141525190842261e-02
4.048295454545455e-01, 8.295454545454546e-01, 1.055526028962750e-02
4.048295454545455e-01, 8.522727272727273e-01, 9.618322684125238e-03
4.048295454545455e-01, 8.750000000000000e-01, 8.819048925004224e-03
4.048295454545455e-01, 8.977272727272727e-01, 7.340418988952957e-03
4.048295454545455e-01, 9.204545454545454e-01, 6.012142185106248e-03
4.048295454545455e-01, 9.431818181818182e-01, 4.599246469834997e-03
4.048295454545455e-01, 9.659090909090909e-01, 2.581670045146192e-03
4.048295454545455e-01, 9.886363636363636e-01, 8.393807487683989e-04
4.190340909090909e-01, 1.136363636363636e-02, 1.987317694995110e-05
4.190340909090909e-01, 3.409090909090909e-02, -2.310455775978947e-05
4.190340909090909e-01, 5.681818181818182e-02, -1.036841509284585e-04
4.190340909090909e-01, 7.954545454545454e-02, 9.799462913000426e-05
4.190340909090909e-01, 1.022727272727273e-01, 2.682770586148997e-04
4.190340909090909e-01, 1.250000000000000e-01, 4.301939897676201e-04
4.190340909090909e-01, 1.477272727272727e-01, 8.993616617348561e-04
4.190340909090909e-01, 1.704545454545454e-01, 1.253763263920431e-03
4.190340909090909e-01, 1.931818181818182e-01, 1.679439563032958e-03
4.190340909090909e-01, 2.159090909090909e-01, 2.256603066536630e-03
4.190340909090909e-01, 2.386363636363636e-01, 2.753619144682109e-03
4.190340909090909e-01, 2.613636363636364e-01, 3.365865927593914e-03
4.190340909090909e-01, 2.840909090909091e-01, 3.998877238080674e-03
4.190340909090909e-01, 3.068181818181818e-01, 4.588949377116814e-03
4.190340909090909e-01, 3.295454545454545e-01, 5.306287795691813e-03
4.190340909090909e-01, 3.522727272727273e-01, 5.948053825603348e-03
4.190340909090909e-01, 3.750000000000000e-01, 6.581953556725339e-03
4.190340909090909e-01, 3.977272727272727e-01, 7.298222850640491e-03
4.190340909090909e-01, 4.204545454545455e-01, 7.926957884095864e-03
4.190340909090909e-01, 4.431818181818182e-01, 8.562913888819931e-03
4.190340909090909e-01, 4.659090909090909e-01, 9.184235849580105e-03
4.190340909090909e-01, 4.886363636363636e-01, 9.758890293207458e-03
4.190340909090909e-01, 5.113636363636364e-01, 1.030776109762660e-02
4.190340909090909e-01, 5.340909090909091e-01, 1.079540831784543e-02
4.190340909090909e-01, 5.568181818181818e-01, 1.126694647215876e-02
4.190340909090909e-01, 5.795454545454546e-01, 1.163428158586108e-02
4.190340909090909e-01, 6.022727272727273e-01, 1.195417840520703e-02
4.190340909090909e-01, 6.250000000000000e-01, 1.227322829472057e-02
4.190340909090909e-01, 6.477272727272727e-01, 1.236475164144714e-02
4.190340909090909e-01, 6.704545454545454e-01, 1.248137736573580e-02
4.190340909090909e-01, 6.931818181818182e-01, 1.251432162534405e-02
4.190340909090909e-01, 7.159090909090909e-01, 1.233190878941468e-02
4.190340909090909e-01, 7.386363636363636e-01, 1.219537962298991e-02
4.190340909090909e-01, 7.613636363636364e-01, 1.183732000487447e-02
4.190340909090909e-01, 7.840909090909091e-01, 1.135271482370429e-02
4.190340909090909e-01, 8.068181818181818e-01, 1.091128459191409e-02
4.190340909090909e-01, 8.295454545454546e-01, 1.005129297311897e-02
4.190340909090909e-01, 8.522727272727273e-01, 9.239504318872389e-03
4.190340909090909e-01, 8.750000000000000e-01, 8.440230559751374e-03
4.190340909090909e-01, 8.977272727272727e-01, 7.011718334434957e-03
4.190340909090909e-01, 9.204545454545454e-01, 5.800382855636244e-03
4.190340909090909e-01, 9.431818181818182e-01, 4.387487140364993e-03
4.190340909090909e-01, 9.659090909090909e-01, 2.518142246305196e-03
4.190340909090909e-01, 9.886363636363636e-01, 8.393807487683989e-04
4.332386363636364e-01, 1.136363636363636e-02, -1.772868150897732e-05
4.332386363636364e-01, 3.409090909090909e-02, -9.830827467764635e-05
4.332386363636364e-01, 5.681818181818182e-02, -1.788878678463157e-04
4.332386363636364e-01, 7.954545454545454e-02, -5.249857277742054e-05
4.332386363636364e-01, 1.022727272727273e-01, 1.094183583753002e-04
4.332386363636364e-01, 1.250000000000000e-01, 2.713352895280207e-04
4.332386363636364e-01, 1.477272727272727e-01, 6.522213693555187e-04
4.332386363636364e-01, 1.704545454545454e-01, 1.006622971541094e-03
4.332386363636364e-01, 1.931818181818182e-01, 1.423394001169374e-03
4.332386363636364e-01, 2.159090909090909e-01, 1.920410079314855e-03
4.332386363636364e-01, 2.386363636363636e-01, 2.417426157460337e-03
4.332386363636364e-01, 2.613636363636364e-01, 2.986733768921519e-03
4.332386363636364e-01, 2.840909090909091e-01, 3.576805907957663e-03
4.332386363636364e-01, 3.068181818181818e-01, 4.166878046993803e-03
4.332386363636364e-01, 3.295454545454545e-01, 4.813419776462949e-03
4.332386363636364e-01, 3.522727272727273e-01, 5.447319507584940e-03
4.332386363636364e-01, 3.750000000000000e-01, 6.081219238706931e-03
4.332386363636364e-01, 3.977272727272727e-01, 6.730154486114561e-03
4.332386363636364e-01, 4.204545454545455e-01, 7.358889519569934e-03
4.332386363636364e-01, 4.431818181818182e-01, 7.989660244612576e-03
4.332386363636364e-01, 4.659090909090909e-01, 8.564314688239930e-03
4.332386363636364e-01, 4.886363636363636e-01, 9.138969131867286e-03
4.332386363636364e-01, 5.113636363636364e-01, 9.671730870380929e-03
4.332386363636364e-01, 5.340909090909091e-01, 1.014326902469426e-02
4.332386363636364e-01, 5.568181818181818e-01, 1.061480717900759e-02
4.332386363636364e-01, 5.795454545454546e-01, 1.097451992421829e-02
4.332386363636364e-01, 6.022727272727273e-01, 1.129356981373182e-02
4.332386363636364e-01, 6.250000000000000e-01, 1.161261970324537e-02
4.332386363636364e-01, 6.477272727272727e-01, 1.172345257117354e-02
4.332386363636364e-01, 6.704545454545454e-01, 1.184007829546221e-02
4.332386363636364e-01, 6.931818181818182e-01, 1.187812074057098e-02
4.332386363636364e-01, 7.159090909090909e-01, 1.174159157414621e-02
4.332386363636364e-01, 7.386363636363636e-01, 1.160506240772144e-02
4.332386363636364e-01, 7.613636363636364e-01, 1.129017773898597e-02
4.332386363636364e-01, 7.840909090909091e-01, 1.084874750719577e-02
4.332386363636364e-01, 8.068181818181818e-01, 1.040731727540557e-02
4.332386363636364e-01, 8.295454545454546e-01, 9.659959712740553e-03
4.332386363636364e-01, 8.522727272727273e-01, 8.860685953619532e-03
4.332386363636364e-01, 8.750000000000000e-01, 8.061412194498525e-03
4.332386363636364e-01, 8.977272727272727e-01, 6.799959004964951e-03
4.332386363636364e-01, 9.204545454545454e-01, 5.588623526166240e-03
4.332386363636364e-01, 9.431818181818182e-01, 4.196903743841994e-03
4.332386363636364e-01, 9.659090909090909e-01, 2.518142246305196e-03
4.332386363636364e-01, 9.886363636363636e-01, 8.393807487683989e-04
4.474431818181818e-01, 1.136363636363636e-02, -4.028979658433453e-05
4.474431818181818e-01, 3.409090909090909e-02, -1.208693897530038e-04
4.474431818181818e-01, 5.681818181818182e-02, -2.157308915450379e-04
4.474431818181818e-01, 7.954545454545454e-02, -1.334806363038183e-04
4.474431818181818e-01, 1.022727272727273e-01, 2.843629484890195e-05
4.474431818181818e-01, 1.250000000000000e-01, 1.377008859151375e-04
4.474431818181818e-01, 1.477272727272727e-01, 4.921024881007139e-04
4.474431818181818e-01, 1.704545454545454e-01, 8.465040902862891e-04
4.474431818181818e-01, 1.931818181818182e-01, 1.169467525965869e-03
4.474431818181818e-01, 2.159090909090909e-01, 1.666483604111348e-03
4.474431818181818e-01, 2.386363636363636e-01, 2.163499682256828e-03
4.474431818181818e-01, 2.613636363636364e-01, 2.630455129785192e-03
4.474431818181818e-01, 2.840909090909091e-01, 3.220527268821336e-03
4.474431818181818e-01, 3.068181818181818e-01, 3.775879326883478e-03
4.474431818181818e-01, 3.295454545454545e-01, 4.352528718685343e-03
4.474431818181818e-01, 3.522727272727273e-01, 4.986428449807337e-03
4.474431818181818e-01, 3.750000000000000e-01, 5.540077666591599e-03
4.474431818181818e-01, 3.977272727272727e-01, 6.168812700046977e-03
4.474431818181818e-01, 4.204545454545455e-01, 6.797547733502350e-03
4.474431818181818e-01, 4.431818181818182e-01, 7.338542671799260e-03
4.474431818181818e-01, 4.659090909090909e-01, 7.913197115426613e-03
4.474431818181818e-01, 4.886363636363636e-01, 8.487851559053966e-03
4.474431818181818e-01, 5.113636363636364e-01, 8.948069076268106e-03
4.474431818181818e-01, 5.340909090909091e-01, 9.419607230581436e-03
4.474431818181818e-01, 5.568181818181818e-01, 9.871337937950208e-03
4.474431818181818e-01, 5.795454545454546e-01, 1.020209996440428e-02
4.474431818181818e-01, 6.022727272727273e-01, 1.052114985391782e-02
4.474431818181818e-01, 6.250000000000000e-01, 1.081594143097387e-02
4.474431818181818e-01, 6.477272727272727e-01, 1.093256715526254e-02
4.474431818181818e-01, 6.704545454545454e-01, 1.104919287955120e-02
4.474431818181818e-01, 6.931818181818182e-01, 1.110547078532649e-02
4.474431818181818e-01, 7.159090909090909e-01, 1.096894161890172e-02
4.474431818181818e-01, 7.386363636363636e-01, 1.083241245247696e-02
4.474431818181818e-01, 7.613636363636364e-01, 1.057871300103980e-02
4.474431818181818e-01, 7.840909090909091e-01, 1.013728276924960e-02
4.474431818181818e-01, 8.068181818181818e-01, 9.726968472606599e-03
4.474431818181818e-01, 8.295454545454546e-01, 9.058643508847877e-03
4.474431818181818e-01, 8.522727272727273e-01, 8.259369749726861e-03
4.474431818181818e-01, 8.750000000000000e-01, 7.574778046594628e-03
4.474431818181818e-01, 8.977272727272727e-01, 6.363442567795912e-03
4.474431818181818e-01, 9.204545454545454e-01, 5.152107088997198e-03
4.474431818181818e-01, 9.431818181818182e-01, 3.985114524726606e-03
4.474431818181818e-01, 9.659090909090909e-01, 2.306353027189808e-03
4.474431818181818e-01, 9.886363636363636e-01, 6.275915296530105e-04
4.616477272727273e-01, 1.136363636363636e-02, -4.028979658433453e-05
4.616477272727273e-01, 3.409090909090909e-02, -1.208693897530036e-04
4.616477272727273e-01, 5.681818181818182e-02, -2.633372536229211e-04
4.616477272727273e-01, 7.954545454545454e-02, -1.810869983817013e-04
4.616477272727273e-01, 1.022727272727273e-01, -2.669183009847926e-05
4.616477272727273e-01, 1.250000000000000e-01, 1.487689514227642e-05
4.616477272727273e-01, 1.477272727272727e-01, 3.692784973278515e-04
4.616477272727273e-01, 1.704545454545454e-01, 6.757573955877333e-04
4.616477272727273e-01, 1.931818181818182e-01, 9.507981273416169e-04
4.616477272727273e-01, 2.159090909090909e-01, 1.447814205487099e-03
4.616477272727273e-01, 2.386363636363636e-01, 1.846359147980863e-03
4.616477272727273e-01, 2.613636363636364e-01, 2.302373358214593e-03
4.616477272727273e-01, 2.840909090909091e-01, 2.892445497250736e-03
4.616477272727273e-01, 3.068181818181818e-01, 3.332063952066215e-03
4.616477272727273e-01, 3.295454545454545e-01, 3.908713343868083e-03
4.616477272727273e-01, 3.522727272727273e-01, 4.531148715798970e-03
4.616477272727273e-01, 3.750000000000000e-01, 4.981618699863305e-03
4.616477272727273e-01, 3.977272727272727e-01, 5.610353733318679e-03
4.616477272727273e-01, 4.204545454545455e-01, 6.186074518415871e-03
4.616477272727273e-01, 4.431818181818182e-01, 6.674055208354592e-03
4.616477272727273e-01, 4.659090909090909e-01, 7.248709651981945e-03
4.616477272727273e-01, 4.886363636363636e-01, 7.742519947637041e-03
4.616477272727273e-01, 5.113636363636364e-01, 8.193754781743152e-03
4.616477272727273e-01, 5.340909090909091e-01, 8.665292936056480e-03
4.616477272727273e-01, 5.568181818181818e-01, 9.050998820276702e-03
4.616477272727273e-01, 5.795454545454546e-01, 9.381760846730782e-03
4.616477272727273e-01, 6.022727272727273e-01, 9.697345263036112e-03
4.616477272727273e-01, 6.250000000000000e-01, 9.960947581218266e-03
4.616477272727273e-01, 6.477272727272727e-01, 1.007757330550693e-02
4.616477272727273e-01, 6.704545454545454e-01, 1.019629967562772e-02
4.616477272727273e-01, 6.931818181818182e-01, 1.025467822723516e-02
4.616477272727273e-01, 7.159090909090909e-01, 1.011814906081039e-02
4.616477272727273e-01, 7.386363636363636e-01, 1.002698021281890e-02
4.616477272727273e-01, 7.613636363636364e-01, 9.778320796763208e-03
4.616477272727273e-01, 7.840909090909091e-01, 9.336890564973012e-03
4.616477272727273e-01, 8.068181818181818e-01, 9.030296052153995e-03
4.616477272727273e-01, 8.295454545454546e-01, 8.361971088395283e-03
4.616477272727273e-01, 8.522727272727273e-01, 7.579080480129809e-03
4.616477272727273e-01, 8.750000000000000e-01, 7.041937134697437e-03
4.616477272727273e-01, 8.977272727272727e-01, 5.830601655898722e-03
4.616477272727273e-01, 9.204545454545454e-01, 4.734408619394752e-03
4.616477272727273e-01, 9.431818181818182e-01, 3.682558497418906e-03
4.616477272727273e-01, 9.659090909090909e-01, 2.003796999882092e-03
4.616477272727273e-01, 9.886363636363636e-01, 5.973359269222363e-04
4.758522727272727e-01, 1.136363636363636e-02, -4.028979658433453e-05
4.758522727272727e-01, 3.409090909090909e-02, -1.541938432075219e-04
4.758522727272727e-01, 5.681818181818182e-02, -3.109436157008044e-04
4.758522727272727e-01, 7.954545454545454e-02, -2.286933604595846e-04
4.758522727272727e-01, 1.022727272727273e-01, -1.495158208713403e-04
4.758522727272727e-01, 1.250000000000000e-01, -1.079470956305846e-04
4.758522727272727e-01, 1.477272727272727e-01, 2.464545065549905e-04
4.758522727272727e-01, 1.704545454545454e-01, 4.570879969634837e-04
4.758522727272727e-01, 1.931818181818182e-01, 7.321287287173673e-04
4.758522727272727e-01, 2.159090909090909e-01, 1.196321094978944e-03
4.758522727272727e-01, 2.386363636363636e-01, 1.518277376410263e-03
4.758522727272727e-01, 2.613636363636364e-01, 1.974291586643992e-03
4.758522727272727e-01, 2.840909090909091e-01, 2.483350203407471e-03
4.758522727272727e-01, 3.068181818181818e-01, 2.888248577248956e-03
4.758522727272727e-01, 3.295454545454545e-01, 3.464897969050823e-03
4.758522727272727e-01, 3.522727272727273e-01, 3.972689749070675e-03
4.758522727272727e-01, 3.750000000000000e-01, 4.423159733135010e-03
4.758522727272727e-01, 3.977272727272727e-01, 5.051894766590384e-03
4.758522727272727e-01, 4.204545454545455e-01, 5.521587054971206e-03
4.758522727272727e-01, 4.431818181818182e-01, 6.009567744909928e-03
4.758522727272727e-01, 4.659090909090909e-01, 6.557274139213198e-03
4.758522727272727e-01, 4.886363636363636e-01, 6.988205653112090e-03
4.758522727272727e-01, 5.113636363636364e-01, 7.439440487218200e-03
4.758522727272727e-01, 5.340909090909091e-01, 7.864761265327556e-03
4.758522727272727e-01, 5.568181818181818e-01, 8.230659702603210e-03
4.758522727272727e-01, 5.795454545454546e-01, 8.561421729057290e-03
4.758522727272727e-01, 6.022727272727273e-01, 8.842351413280502e-03
4.758522727272727e-01, 6.250000000000000e-01, 9.105953731462658e-03
4.758522727272727e-01, 6.477272727272727e-01, 9.222579455751318e-03
4.758522727272727e-01, 6.704545454545454e-01, 9.345507117536388e-03
4.758522727272727e-01, 6.931818181818182e-01, 9.403885669143821e-03
4.758522727272727e-01, 7.159090909090909e-01, 9.282476608863470e-03
4.758522727272727e-01, 7.386363636363636e-01, 9.226588008542315e-03
4.758522727272727e-01, 7.613636363636364e-01, 8.977928592486622e-03
4.758522727272727e-01, 7.840909090909091e-01, 8.609102209373224e-03
4.758522727272727e-01, 8.068181818181818e-01, 8.333623631701401e-03
4.758522727272727e-01, 8.295454545454546e-01, 7.665298667942690e-03
4.758522727272727e-01, 8.522727272727273e-01, 7.046239568232617e-03
4.758522727272727e-01, 8.750000000000000e-01, 6.509096222800245e-03
4.758522727272727e-01, 8.977272727272727e-01, 5.297760744001531e-03
4.758522727272727e-01, 9.204545454545454e-01, 4.431852592087050e-03
4.758522727272727e-01, 9.431818181818182e-01, 3.380002470111203e-03
4.758522727272727e-01, 9.659090909090909e-01, 1.792007780766709e-03
4.758522727272727e-01, 9.886363636363636e-01, 5.973359269222363e-04
4.900568181818182e-01, 1.136363636363636e-02, -4.505043279212305e-05
4.900568181818182e-01, 3.409090909090909e-02, -2.018002052854055e-04
4.900568181818182e-01, 5.681818181818182e-02, -3.585499777786880e-04
4.900568181818182e-01, 7.954545454545454e-02, -3.139085368849572e-04
4.900568181818182e-01, 1.022727272727273e-01, -2.723398116442014e-04
4.900568181818182e-01, 1.250000000000000e-01, -2.307710864034457e-04
4.900568181818182e-01, 1.477272727272727e-01, 3.736964871587921e-05
4.900568181818182e-01, 1.704545454545454e-01, 2.384185983392326e-04
4.900568181818182e-01, 1.931818181818182e-01, 5.134593300931184e-04
4.900568181818182e-01, 2.159090909090909e-01, 8.682393234083433e-04
4.900568181818182e-01, 2.386363636363636e-01, 1.190195604839660e-03
4.900568181818182e-01, 2.613636363636364e-01, 1.634636454748724e-03
4.900568181818182e-01, 2.840909090909091e-01, 2.039534828590211e-03
4.900568181818182e-01, 3.068181818181818e-01, 2.444433202431696e-03
4.900568181818182e-01, 3.295454545454545e-01, 2.963760798278043e-03
4.900568181818182e-01, 3.522727272727273e-01, 3.414230782342381e-03
4.900568181818182e-01, 3.750000000000000e-01, 3.864700766406715e-03
4.900568181818182e-01, 3.977272727272727e-01, 4.398010152817357e-03
4.900568181818182e-01, 4.204545454545455e-01, 4.857099591526537e-03
4.900568181818182e-01, 4.431818181818182e-01, 5.345080281465262e-03
4.900568181818182e-01, 4.659090909090909e-01, 5.802959844688240e-03
4.900568181818182e-01, 4.886363636363636e-01, 6.233891358587131e-03
4.900568181818182e-01, 5.113636363636364e-01, 6.678523710378388e-03
4.900568181818182e-01, 5.340909090909091e-01, 7.044422147654053e-03
4.900568181818182e-01, 5.568181818181818e-01, 7.410320584929718e-03
4.900568181818182e-01, 5.795454545454546e-01, 7.723755245342739e-03
4.900568181818182e-01, 6.022727272727273e-01, 7.987357563524894e-03
4.900568181818182e-01, 6.250000000000000e-01, 8.250959881707048e-03
4.900568181818182e-01, 6.477272727272727e-01, 8.371366768493555e-03
4.900568181818182e-01, 6.704545454545454e-01, 8.494714559445053e-03
4.900568181818182e-01, 6.931818181818182e-01, 8.553093111052481e-03
4.900568181818182e-01, 7.159090909090909e-01, 8.482084404586886e-03
4.900568181818182e-01, 7.386363636363636e-01, 8.426195804265717e-03
4.900568181818182e-01, 7.613636363636364e-01, 8.187908366592434e-03
4.900568181818182e-01, 7.840909090909091e-01, 7.912429788920620e-03
4.900568181818182e-01, 8.068181818181818e-01, 7.636951211248810e-03
4.900568181818182e-01, 8.295454545454546e-01, 7.050542001767799e-03
4.900568181818182e-01, 8.522727272727273e-01, 6.513398656335427e-03
4.900568181818182e-01, 8.750000000000000e-01, 5.976255310903054e-03
4.900568181818182e-01, 8.977272727272727e-01, 4.972176228234879e-03
4.900568181818182e-01, 9.204545454545454e-01, 4.129296564779348e-03
4.900568181818182e-01, 9.431818181818182e-01, 3.077446442803488e-03
4.900568181818182e-01, 9.659090909090909e-01, 1.792007780766709e-03
4.900568181818182e-01, 9.886363636363636e-01, 5.973359269222363e-04
5.042613636363636e-01, 1.136363636363636e-02, -7.837488624664121e-05
5.042613636363636e-01, 3.409090909090909e-02, -2.351246587399236e-04
5.042613636363636e-01, 5.681818181818182e-02, -3.918744312332060e-04
5.042613636363636e-01, 7.954545454545454e-02, -4.002505678170332e-04
5.042613636363636e-01, 1.022727272727273e-01, -3.586818425762776e-04
5.042613636363636e-01, 1.250000000000000e-01, -3.324588579164672e-04
5.042613636363636e-01, 1.477272727272727e-01, -1.314099082931138e-04
5.042613636363636e-01, 1.704545454545454e-01, 6.963904133023958e-05
5.042613636363636e-01, 1.931818181818182e-01, 2.735818517632759e-04
5.042613636363636e-01, 2.159090909090909e-01, 5.955381331945945e-04
5.042613636363636e-01, 2.386363636363636e-01, 9.174944146259131e-04
5.042613636363636e-01, 2.613636363636364e-01, 1.244707617845148e-03
5.042613636363636e-01, 2.840909090909091e-01, 1.649605991686632e-03
5.042613636363636e-01, 3.068181818181818e-01, 2.054504365528117e-03
5.042613636363636e-01, 3.295454545454545e-01, 2.451714319919879e-03
5.042613636363636e-01, 3.522727272727273e-01, 2.902184303984215e-03
5.042613636363636e-01, 3.750000000000000e-01, 3.308442622603574e-03
5.042613636363636e-01, 3.977272727272727e-01, 3.767532061312756e-03
5.042613636363636e-01, 4.204545454545455e-01, 4.226621500021940e-03
5.042613636363636e-01, 4.431818181818182e-01, 4.635470455772455e-03
5.042613636363636e-01, 4.659090909090909e-01, 5.066401969671347e-03
5.042613636363636e-01, 4.886363636363636e-01, 5.497333483570239e-03
5.042613636363636e-01, 5.113636363636364e-01, 5.856937206205934e-03
5.042613636363636e-01, 5.340909090909091e-01, 6.222835643481598e-03
5.042613636363636e-01, 5.568181818181818e-01, 6.588734080757263e-03
5.042613636363636e-01, 5.795454545454546e-01, 6.846875435578666e-03
5.042613636363636e-01, 6.022727272727273e-01, 7.110477753760817e-03
5.042613636363636e-01, 6.250000000000000e-01, 7.354201426274050e-03
5.042613636363636e-01, 6.477272727272727e-01, 7.477549217225555e-03
5.042613636363636e-01, 6.704545454545454e-01, 7.600897008177055e-03
5.042613636363636e-01, 6.931818181818182e-01, 7.674072710973378e-03
5.042613636363636e-01, 7.159090909090909e-01, 7.618184110652210e-03
5.042613636363636e-01, 7.386363636363636e-01, 7.562295510331042e-03
5.042613636363636e-01, 7.613636363636364e-01, 7.409084808893339e-03
5.042613636363636e-01, 7.840909090909091e-01, 7.133606231221527e-03
5.042613636363636e-01, 8.068181818181818e-01, 6.858127653549715e-03
5.042613636363636e-01, 8.295454545454546e-01, 6.419962914943262e-03
5.042613636363636e-01, 8.522727272727273e-01, 5.882819569510894e-03
5.042613636363636e-01, 8.750000000000000e-01, 5.403469532511162e-03
5.042613636363636e-01, 8.977272727272727e-01, 4.560589869055640e-03
5.042613636363636e-01, 9.204545454545454e-01, 3.717710205600100e-03
5.042613636363636e-01, 9.431818181818182e-01, 2.871858870982693e-03
5.042613636363636e-01, 9.659090909090909e-01, 1.677187017138220e-03
5.042613636363636e-01, 9.886363636363636e-01, 4.825151632937474e-04
5.184659090909091e-01, 1.136363636363636e-02, -7.837488624664121e-05
5.184659090909091e-01, 3.409090909090909e-02, -2.351246587399236e-04
5.184659090909091e-01, 5.681818181818182e-02, -3.929701434064252e-04
5.184659090909091e-01, 7.954545454545454e-02, -4.014680257872764e-04
5.184659090909091e-01, 1.022727272727273e-01, -3.598993005465208e-04
5.184659090909091e-01, 1.250000000000000e-01, -3.848287844898606e-04
5.184659090909091e-01, 1.477272727272727e-01, -1.837798348665072e-04
5.184659090909091e-01, 1.704545454545454e-01, 8.158124042743822e-06
5.184659090909091e-01, 1.931818181818182e-01, 1.301020180488508e-04
5.184659090909091e-01, 2.159090909090909e-01, 4.520582994801694e-04
5.184659090909091e-01, 2.386363636363636e-01, 7.136577068828763e-04
5.184659090909091e-01, 2.613636363636364e-01, 9.805140360734990e-04
5.184659090909091e-01, 2.840909090909091e-01, 1.385412409914984e-03
5.184659090909091e-01, 3.068181818181818e-01, 1.664709402405890e-03
5.184659090909091e-01, 3.295454545454545e-01, 2.047963647758696e-03
5.184659090909091e-01, 3.522727272727273e-01, 2.498433631823033e-03
5.184659090909091e-01, 3.750000000000000e-01, 2.757319732292470e-03
5.184659090909091e-01, 3.977272727272727e-01, 3.216409171001652e-03
5.184659090909091e-01, 4.204545454545455e-01, 3.661098275792135e-03
5.184659090909091e-01, 4.431818181818182e-01, 3.940344226274372e-03
5.184659090909091e-01, 4.659090909090909e-01, 4.371275740173264e-03
5.184659090909091e-01, 4.886363636363636e-01, 4.737521832486182e-03
5.184659090909091e-01, 5.113636363636364e-01, 5.032440133535901e-03
5.184659090909091e-01, 5.340909090909091e-01, 5.398338570811566e-03
5.184659090909091e-01, 5.568181818181818e-01, 5.671132028684833e-03
5.184659090909091e-01, 5.795454545454546e-01, 5.918928385794857e-03
5.184659090909091e-01, 6.022727272727273e-01, 6.182530703977009e-03
5.184659090909091e-01, 6.250000000000000e-01, 6.359992224260523e-03
5.184659090909091e-01, 6.477272727272727e-01, 6.483340015212028e-03
5.184659090909091e-01, 6.704545454545454e-01, 6.604900142717850e-03
5.184659090909091e-01, 6.931818181818182e-01, 6.661986874503159e-03
5.184659090909091e-01, 7.159090909090909e-01, 6.606098274181990e-03
5.184659090909091e-01, 7.386363636363636e-01, 6.570997819792135e-03
5.184659090909091e-01, 7.613636363636364e-01, 6.438575264285743e-03
5.184659090909091e-01, 7.840909090909091e-01, 6.163096686613931e-03
5.184659090909091e-01, 8.068181818181818e-01, 5.988305353599470e-03
5.184659090909091e-01, 8.295454545454546e-01, 5.561328086621611e-03
5.184659090909091e-01, 8.522727272727273e-01, 5.024184741189244e-03
5.184659090909091e-01, 8.750000000000000e-01, 4.737479065631669e-03
5.184659090909091e-01, 8.977272727272727e-01, 3.894599402176146e-03
5.184659090909091e-01, 9.204545454545454e-01, 3.080045197532393e-03
5.184659090909091e-01, 9.431818181818182e-01, 2.489122992221065e-03
5.184659090909091e-01, 9.659090909090909e-01, 1.294451138376592e-03
5.184659090909091e-01, 9.886363636363636e-01, 2.911472239129336e-04
5.326704545454546e-01, 1.136363636363636e-02, -7.837488624664121e-05
5.326704545454546e-01, 3.409090909090909e-02, -2.354898961309967e-04
5.326704545454546e-01, 5.681818181818182e-02, -3.941876013766684e-04
5.326704545454546e-01, 7.954545454545454e-02, -4.026854837575196e-04
5.326704545454546e-01, 1.022727272727273e-01, -3.969234865389694e-04
5.326704545454546e-01, 1.250000000000000e-01, -4.371987110632544e-04
5.326704545454546e-01, 1.477272727272727e-01, -2.361497614399009e-04
5.326704545454546e-01, 1.704545454545454e-01, -1.353217096716824e-04
5.326704545454546e-01, 1.931818181818182e-01, -1.337781566557704e-05
5.326704545454546e-01, 2.159090909090909e-01, 3.085784657657431e-04
5.326704545454546e-01, 2.386363636363636e-01, 4.494641251112258e-04
5.326704545454546e-01, 2.613636363636364e-01, 7.163204543018485e-04
5.326704545454546e-01, 2.840909090909091e-01, 1.079351701026472e-03
5.326704545454546e-01, 3.068181818181818e-01, 1.260958730244701e-03
5.326704545454546e-01, 3.295454545454545e-01, 1.644212975597512e-03
5.326704545454546e-01, 3.522727272727273e-01, 1.991522406956901e-03
5.326704545454546e-01, 3.750000000000000e-01, 2.206196841981362e-03
5.326704545454546e-01, 3.977272727272727e-01, 2.665286280690544e-03
5.326704545454546e-01, 4.204545454545455e-01, 2.965972046294051e-03
5.326704545454546e-01, 4.431818181818182e-01, 3.245217996776281e-03
5.326704545454546e-01, 4.659090909090909e-01, 3.676149510675172e-03
5.326704545454546e-01, 4.886363636363636e-01, 3.913024759816136e-03
5.326704545454546e-01, 5.113636363636364e-01, 4.207943060865861e-03
5.326704545454546e-01, 5.340909090909091e-01, 4.542806505007387e-03
5.326704545454546e-01, 5.568181818181818e-01, 4.743184978901025e-03
5.326704545454546e-01, 5.795454545454546e-01, 4.990981336011040e-03
5.326704545454546e-01, 6.022727272727273e-01, 5.208200147632392e-03
5.326704545454546e-01, 6.250000000000000e-01, 5.365783022246996e-03
5.326704545454546e-01, 6.477272727272727e-01, 5.489130813198494e-03
5.326704545454546e-01, 6.704545454545454e-01, 5.592814306247629e-03
5.326704545454546e-01, 6.931818181818182e-01, 5.649901038032930e-03
5.326704545454546e-01, 7.159090909090909e-01, 5.594012437711762e-03
5.326704545454546e-01, 7.386363636363636e-01, 5.600488275184523e-03
5.326704545454546e-01, 7.613636363636364e-01, 5.468065719678142e-03
5.326704545454546e-01, 7.840909090909091e-01, 5.226149556892106e-03
5.326704545454546e-01, 8.068181818181818e-01, 5.129670525277819e-03
5.326704545454546e-01, 8.295454545454546e-01, 4.702693258299956e-03
5.326704545454546e-01, 8.522727272727273e-01, 4.300400965877095e-03
5.326704545454546e-01, 8.750000000000000e-01, 4.071488598752174e-03
5.326704545454546e-01, 8.977272727272727e-01, 3.228608935296643e-03
5.326704545454546e-01, 9.204545454545454e-01, 2.697309318770765e-03
5.326704545454546e-01, 9.431818181818182e-01, 2.106387113459428e-03
5.326704545454546e-01, 9.659090909090909e-01, 9.117152596149676e-04
5.326704545454546e-01, 9.886363636363636e-01, 2.911472239129336e-04
5.468750000000000e-01, 1.136363636363636e-02, -7.837488624664121e-05
5.468750000000000e-01, 3.409090909090909e-02, -2.367073541012399e-04
5.468750000000000e-01, 5.681818181818182e-02, -3.954050593469115e-04
5.468750000000000e-01, 7.954545454545454e-02, -4.090181885880779e-04
5.468750000000000e-01, 1.022727272727273e-01, -4.492934131123628e-04
5.468750000000000e-01, 1.250000000000000e-01, -4.895686376366477e-04
5.468750000000000e-01, 1.477272727272727e-01, -3.340746415838099e-04
5.468750000000000e-01, 1.704545454545454e-01, -2.788015433861076e-04
5.468750000000000e-01, 1.931818181818182e-01, -1.568576493800022e-04
5.468750000000000e-01, 2.159090909090909e-01, 5.645625879981578e-05
5.468750000000000e-01, 2.386363636363636e-01, 1.852705433395773e-04
5.468750000000000e-01, 2.613636363636364e-01, 4.521268725302001e-04
5.468750000000000e-01, 2.840909090909091e-01, 6.756010288652889e-04
5.468750000000000e-01, 3.068181818181818e-01, 8.572080580835184e-04
5.468750000000000e-01, 3.295454545454545e-01, 1.225725081621334e-03
5.468750000000000e-01, 3.522727272727273e-01, 1.440399516645798e-03
5.468750000000000e-01, 3.750000000000000e-01, 1.655073951670258e-03
5.468750000000000e-01, 3.977272727272727e-01, 2.042161720785950e-03
5.468750000000000e-01, 4.204545454545455e-01, 2.270845816795967e-03
5.468750000000000e-01, 4.431818181818182e-01, 2.550091767278197e-03
5.468750000000000e-01, 4.659090909090909e-01, 2.864589522322340e-03
5.468750000000000e-01, 4.886363636363636e-01, 3.088527687146105e-03
5.468750000000000e-01, 5.113636363636364e-01, 3.383445988195828e-03
5.468750000000000e-01, 5.340909090909091e-01, 3.614859455223579e-03
5.468750000000000e-01, 5.568181818181818e-01, 3.815237929117216e-03
5.468750000000000e-01, 5.795454545454546e-01, 4.056408071004261e-03
5.468750000000000e-01, 6.022727272727273e-01, 4.213990945618865e-03
5.468750000000000e-01, 6.250000000000000e-01, 4.371573820233470e-03
5.468750000000000e-01, 6.477272727272727e-01, 4.485983293956621e-03
5.468750000000000e-01, 6.704545454545454e-01, 4.580728469777411e-03
5.468750000000000e-01, 6.931818181818182e-01, 4.637815201562711e-03
5.468750000000000e-01, 7.159090909090909e-01, 4.619345263917912e-03
5.468750000000000e-01, 7.386363636363636e-01, 4.629978730576929e-03
5.468750000000000e-01, 7.613636363636364e-01, 4.497556175070546e-03
5.468750000000000e-01, 7.840909090909091e-01, 4.367514728570454e-03
5.468750000000000e-01, 8.068181818181818e-01, 4.271035696956168e-03
5.468750000000000e-01, 8.295454545454546e-01, 3.863322866122522e-03
5.468750000000000e-01, 8.522727272727273e-01, 3.634410498997601e-03
5.468750000000000e-01, 8.750000000000000e-01, 3.405498131872680e-03
5.468750000000000e-01, 8.977272727272727e-01, 2.704245762476082e-03
5.468750000000000e-01, 9.204545454545454e-01, 2.314573440009137e-03
5.468750000000000e-01, 9.431818181818182e-01, 1.723651234697801e-03
5.468750000000000e-01, 9.659090909090909e-01, 8.734416717388006e-04
5.468750000000000e-01, 9.886363636363636e-01, 2.911472239129336e-04
5.610795454545454e-01, 1.136363636363636e-02, -7.922710682581151e-05
5.610795454545454e-01, 3.409090909090909e-02, -2.379248120714831e-04
5.610795454545454e-01, 5.681818181818182e-02, -3.966225173171547e-04
5.610795454545454e-01, 7.954545454545454e-02, -4.613881151614713e-04
5.610795454545454e-01, 1.022727272727273e-01, -5.016633396857562e-04
5.610795454545454e-01, 1.250000000000000e-01, -5.419385642100410e-04
5.610795454545454e-01, 1.477272727272727e-01, -4.775544752982349e-04
5.610795454545454e-01, 1.704545454545454e-01, -4.222813771005326e-04
5.610795454545454e-01, 1.931818181818182e-01, -3.365516075115921e-04
5.610795454545454e-01, 2.159090909090909e-01, -2.077373229718327e-04
5.610795454545454e-01, 2.386363636363636e-01, -7.892303843207115e-05
5.610795454545454e-01, 2.613636363636364e-01, 9.024332748587788e-05
5.610795454545454e-01, 2.840909090909091e-01, 2.718503567041063e-04
5.610795454545454e-01, 3.068181818181818e-01, 4.534573859223357e-04
5.610795454545454e-01, 3.295454545454545e-01, 6.746021913102306e-04
5.610795454545454e-01, 3.522727272727273e-01, 8.892766263346940e-04
5.610795454545454e-01, 3.750000000000000e-01, 1.103951061359155e-03
5.610795454545454e-01, 3.977272727272727e-01, 1.347035491287867e-03
5.610795454545454e-01, 4.204545454545455e-01, 1.575719587297884e-03
5.610795454545454e-01, 4.431818181818182e-01, 1.816154284828534e-03
5.610795454545454e-01, 4.659090909090909e-01, 2.040092449652307e-03
5.610795454545454e-01, 4.886363636363636e-01, 2.264030614476073e-03
5.610795454545454e-01, 5.113636363636364e-01, 2.486533931546163e-03
5.610795454545454e-01, 5.340909090909091e-01, 2.686912405439771e-03
5.610795454545454e-01, 5.568181818181818e-01, 2.887290879333408e-03
5.610795454545454e-01, 5.795454545454546e-01, 3.062198868990734e-03
5.610795454545454e-01, 6.022727272727273e-01, 3.219781743605338e-03
5.610795454545454e-01, 6.250000000000000e-01, 3.377364618219943e-03
5.610795454545454e-01, 6.477272727272727e-01, 3.473897457486402e-03
5.610795454545454e-01, 6.704545454545454e-01, 3.568642633307191e-03
5.610795454545454e-01, 6.931818181818182e-01, 3.638202252651271e-03
5.610795454545454e-01, 7.159090909090909e-01, 3.648835719310317e-03
5.610795454545454e-01, 7.386363636363636e-01, 3.659469185969333e-03
5.610795454545454e-01, 7.613636363636364e-01, 3.605358931863117e-03
5.610795454545454e-01, 7.840909090909091e-01, 3.508879900248804e-03
5.610795454545454e-01, 8.068181818181818e-01, 3.412400868634517e-03
5.610795454545454e-01, 8.295454545454546e-01, 3.197332399243028e-03
5.610795454545454e-01, 8.522727272727273e-01, 2.968420032118107e-03
5.610795454545454e-01, 8.750000000000000e-01, 2.739507664993186e-03
5.610795454545454e-01, 8.977272727272727e-01, 2.321509883714454e-03
5.610795454545454e-01, 9.204545454545454e-01, 1.931837561247509e-03
5.610795454545454e-01, 9.431818181818182e-01, 1.455736119564668e-03
5.610795454545454e-01, 9.659090909090909e-01, 8.734416717388006e-04
5.610795454545454e-01, 9.886363636363636e-01, 2.911472239129336e-04
5.752840909090909e-01, 1.136363636363636e-02, -7.934885262283572e-05
5.752840909090909e-01, 3.409090909090909e-02, -2.380465578685072e-04
5.752840909090909e-01, 5.681818181818182e-02, -3.649361435068535e-04
5.752840909090909e-01, 7.954545454545454e-02, -4.093704925256245e-04
5.752840909090909e-01, 1.022727272727273e-01, -4.496457170499094e-04
5.752840909090909e-01, 1.250000000000000e-01, -4.997731370575020e-04
5.752840909090909e-01, 1.477272727272727e-01, -4.445000388597996e-04
5.752840909090909e-01, 1.704545454545454e-01, -3.892269406620974e-04
5.752840909090909e-01, 1.931818181818182e-01, -3.820435986616681e-04
5.752840909090909e-01, 2.159090909090909e-01, -2.532293141219072e-04
5.752840909090909e-01, 2.386363636363636e-01, -1.367115175975488e-04
5.752840909090909e-01, 2.613636363636364e-01, -7.987276484177044e-05
5.752840909090909e-01, 2.840909090909091e-01, 1.017342643764591e-04
5.752840909090909e-01, 3.068181818181818e-01, 2.046117568668919e-04
5.752840909090909e-01, 3.295454545454545e-01, 3.480357110575549e-04
5.752840909090909e-01, 3.522727272727273e-01, 5.627101460820165e-04
5.752840909090909e-01, 3.750000000000000e-01, 6.180836040070051e-04
5.752840909090909e-01, 3.977272727272727e-01, 8.467677000170190e-04
5.752840909090909e-01, 4.204545454545455e-01, 1.075451796027034e-03
5.752840909090909e-01, 4.431818181818182e-01, 1.139663384192695e-03
5.752840909090909e-01, 4.659090909090909e-01, 1.363601549016469e-03
5.752840909090909e-01, 4.886363636363636e-01, 1.570473098137598e-03
5.752840909090909e-01, 5.113636363636364e-01, 1.646098491875142e-03
5.752840909090909e-01, 5.340909090909091e-01, 1.846476965768765e-03
5.752840909090909e-01, 5.568181818181818e-01, 1.974512556868559e-03
5.752840909090909e-01, 5.795454545454546e-01, 2.084920025067854e-03
5.752840909090909e-01, 6.022727272727273e-01, 2.242502899682460e-03
5.752840909090909e-01, 6.250000000000000e-01, 2.306938820648047e-03
5.752840909090909e-01, 6.477272727272727e-01, 2.401683996468829e-03
5.752840909090909e-01, 6.704545454545454e-01, 2.496429172289618e-03
5.752840909090909e-01, 6.931818181818182e-01, 2.527718689676057e-03
5.752840909090909e-01, 7.159090909090909e-01, 2.538352156335088e-03
5.752840909090909e-01, 7.386363636363636e-01, 2.551414747265494e-03
5.752840909090909e-01, 7.613636363636364e-01, 2.527924958958864e-03
5.752840909090909e-01, 7.840909090909091e-01, 2.431445927344564e-03
5.752840909090909e-01, 8.068181818181818e-01, 2.390288132702938e-03
5.752840909090909e-01, 8.295454545454546e-01, 2.238741089033812e-03
5.752840909090909e-01, 8.522727272727273e-01, 2.009828721908889e-03
5.752840909090909e-01, 8.750000000000000e-01, 1.971352109942416e-03
5.752840909090909e-01, 8.977272727272727e-01, 1.581679787475463e-03
5.752840909090909e-01, 9.204545454545454e-01, 1.192007465008522e-03
5.752840909090909e-01, 9.431818181818182e-01, 1.047959008806724e-03
5.752840909090909e-01, 9.659090909090909e-01, 4.656645609808572e-04
5.752840909090909e-01, 9.886363636363636e-01, -7.132131898301503e-05
5.894886363636364e-01, 1.136363636363636e-02, -7.934885262283572e-05
5.894886363636364e-01, 3.409090909090909e-02, -2.380465578685072e-04
5.894886363636364e-01, 5.681818181818182e-02, -3.013199042922024e-04
5.894886363636364e-01, 7.954545454545454e-02, -3.457542533109734e-04
5.894886363636364e-01, 1.022727272727273e-01, -3.893135429963608e-04
5.894886363636364e-01, 1.250000000000000e-01, -4.471037817131927e-04
5.894886363636364e-01, 1.477272727272727e-01, -3.918306835154904e-04
5.894886363636364e-01, 1.704545454545454e-01, -3.882604041488452e-04
5.894886363636364e-01, 1.931818181818182e-01, -4.032354130760119e-04
5.894886363636364e-01, 2.159090909090909e-01, -2.744211285362510e-04
5.894886363636364e-01, 2.386363636363636e-01, -2.808682121659133e-04
5.894886363636364e-01, 2.613636363636364e-01, -2.240294594101350e-04
5.894886363636364e-01, 2.840909090909091e-01, -4.242243019190550e-05
5.894886363636364e-01, 3.068181818181818e-01, -9.700401115706798e-05
5.894886363636364e-01, 3.295454545454545e-01, 4.641994303359497e-05
5.894886363636364e-01, 3.522727272727273e-01, 2.079940523582326e-04
5.894886363636364e-01, 3.750000000000000e-01, 1.394667503169660e-04
5.894886363636364e-01, 3.977272727272727e-01, 3.681508463269799e-04
5.894886363636364e-01, 4.204545454545455e-01, 4.698347006331531e-04
5.894886363636364e-01, 4.431818181818182e-01, 4.796176137828874e-04
5.894886363636364e-01, 4.659090909090909e-01, 7.035557786066615e-04
5.894886363636364e-01, 4.886363636363636e-01, 7.397611707013471e-04
5.894886363636364e-01, 5.113636363636364e-01, 8.153865644388908e-04
5.894886363636364e-01, 5.340909090909091e-01, 1.015765038332514e-03
5.894886363636364e-01, 5.568181818181818e-01, 9.991148638446498e-04
5.894886363636364e-01, 5.795454545454546e-01, 1.109522332043945e-03
5.894886363636364e-01, 6.022727272727273e-01, 1.236056222108867e-03
5.894886363636364e-01, 6.250000000000000e-01, 1.228044512458556e-03
5.894886363636364e-01, 6.477272727272727e-01, 1.322789688279337e-03
5.894886363636364e-01, 6.704545454545454e-01, 1.384535517654871e-03
5.894886363636364e-01, 6.931818181818182e-01, 1.401682457993331e-03
5.894886363636364e-01, 7.159090909090909e-01, 1.412315924652362e-03
5.894886363636364e-01, 7.386363636363636e-01, 1.449669758296524e-03
5.894886363636364e-01, 7.613636363636364e-01, 1.426179969989894e-03
5.894886363636364e-01, 7.840909090909091e-01, 1.329700938375594e-03
5.894886363636364e-01, 8.068181818181818e-01, 1.399185617679315e-03
5.894886363636364e-01, 8.295454545454546e-01, 1.247638574010190e-03
5.894886363636364e-01, 8.522727272727273e-01, 1.082204791938075e-03
5.894886363636364e-01, 8.750000000000000e-01, 1.191844878428169e-03
5.894886363636364e-01, 8.977272727272727e-01, 8.021725559612167e-04
5.894886363636364e-01, 9.204545454545454e-01, 6.409953205202949e-04
5.894886363636364e-01, 9.431818181818182e-01, 5.948733301867895e-04
5.894886363636364e-01, 9.659090909090909e-01, 1.257888236092232e-05
5.894886363636364e-01, 9.886363636363636e-01, -7.132131898301503e-05
6.036931818181818e-01, 1.136363636363636e-02, -7.934885262283572e-05
6.036931818181818e-01, 3.409090909090909e-02, -1.807919425753216e-04
6.036931818181818e-01, 5.681818181818182e-02, -2.377036650775514e-04
6.036931818181818e-01, 7.954545454545454e-02, -2.821380140963223e-04
6.036931818181818e-01, 1.022727272727273e-01, -3.366441876520515e-04
6.036931818181818e-01, 1.250000000000000e-01, -3.944344263688835e-04
6.036931818181818e-01, 1.477272727272727e-01, -3.465474451470462e-04
6.036931818181818e-01, 1.704545454545454e-01, -4.094522185631890e-04
6.036931818181818e-01, 1.931818181818182e-01, -4.244272274903556e-04
6.036931818181818e-01, 2.159090909090909e-01, -3.570953830276054e-04
6.036931818181818e-01, 2.386363636363636e-01, -4.250249067342779e-04
6.036931818181818e-01, 2.613636363636364e-01, -3.681861539784996e-04
6.036931818181818e-01, 2.840909090909091e-01, -3.282922908703043e-04
6.036931818181818e-01, 3.068181818181818e-01, -3.986197791810279e-04
6.036931818181818e-01, 3.295454545454545e-01, -2.551958249903649e-04
6.036931818181818e-01, 3.522727272727273e-01, -2.706228013318063e-04
6.036931818181818e-01, 3.750000000000000e-01, -3.391501033730730e-04
6.036931818181818e-01, 3.977272727272727e-01, -1.286088990350403e-04
6.036931818181818e-01, 4.204545454545455e-01, -1.902110697766545e-04
6.036931818181818e-01, 4.431818181818182e-01, -1.804281566269204e-04
6.036931818181818e-01, 4.659090909090909e-01, -4.182307031637108e-05
6.036931818181818e-01, 4.886363636363636e-01, -9.095075673490381e-05
6.036931818181818e-01, 5.113636363636364e-01, -1.532536299736020e-05
6.036931818181818e-01, 5.340909090909091e-01, 5.483592186737122e-05
6.036931818181818e-01, 5.568181818181818e-01, 2.371717082074105e-05
6.036931818181818e-01, 5.795454545454546e-01, 1.341246390200364e-04
6.036931818181818e-01, 6.022727272727273e-01, 1.571619139193754e-04
6.036931818181818e-01, 6.250000000000000e-01, 1.491502042690640e-04
6.036931818181818e-01, 6.477272727272727e-01, 2.391811877405130e-04
6.036931818181818e-01, 6.704545454545454e-01, 2.584992859721450e-04
6.036931818181818e-01, 6.931818181818182e-01, 2.756462263106050e-04
6.036931818181818e-01, 7.159090909090909e-01, 2.984253143265136e-04
6.036931818181818e-01, 7.386363636363636e-01, 3.479247693275532e-04
6.036931818181818e-01, 7.613636363636364e-01, 3.244349810209229e-04
6.036931818181818e-01, 7.840909090909091e-01, 3.275341759574357e-04
6.036931818181818e-01, 8.068181818181818e-01, 4.080831026556923e-04
6.036931818181818e-01, 8.295454545454546e-01, 2.565360589865667e-04
6.036931818181818e-01, 8.522727272727273e-01, 3.026975604238285e-04
6.036931818181818e-01, 8.750000000000000e-01, 4.123376469139231e-04
6.036931818181818e-01, 8.977272727272727e-01, 5.530747973639838e-05
6.036931818181818e-01, 9.204545454545454e-01, 1.879096419003601e-04
6.036931818181818e-01, 9.431818181818182e-01, 1.417876515668546e-04
6.036931818181818e-01, 9.659090909090909e-01, -2.139639569490451e-04
6.036931818181818e-01, 9.886363636363636e-01, -7.132131898301503e-05
6.178977272727273e-01, 1.136363636363636e-02, -6.026398085844041e-05
6.178977272727273e-01, 3.409090909090909e-02, -1.171757033606701e-04
6.178977272727273e-01, 5.681818181818182e-02, -1.740874258628998e-04
6.178977272727273e-01, 7.954545454545454e-02, -2.261845935909099e-04
6.178977272727273e-01, 1.022727272727273e-01, -2.839748323077419e-04
6.178977272727273e-01, 1.250000000000000e-01, -3.417650710245739e-04
6.178977272727273e-01, 1.477272727272727e-01, -3.677392595613901e-04
6.178977272727273e-01, 1.704545454545454e-01, -4.306440329775329e-04
6.178977272727273e-01, 1.931818181818182e-01, -4.456190419047003e-04
6.178977272727273e-01, 2.159090909090909e-01, -5.012520775959710e-04
6.178977272727273e-01, 2.386363636363636e-01, -5.691816013026436e-04
6.178977272727273e-01, 2.613636363636364e-01, -5.595805705835441e-04
6.178977272727273e-01, 2.840909090909091e-01, -6.299080588942690e-04
6.178977272727273e-01, 3.068181818181818e-01, -7.002355472049925e-04
6.178977272727273e-01, 3.295454545454545e-01, -6.807123529805843e-04
6.178977272727273e-01, 3.522727272727273e-01, -7.492396550218491e-04
6.178977272727273e-01, 3.750000000000000e-01, -8.177669570631158e-04
6.178977272727273e-01, 3.977272727272727e-01, -7.886546694448479e-04
6.178977272727273e-01, 4.204545454545455e-01, -8.502568401864623e-04
6.178977272727273e-01, 4.431818181818182e-01, -8.404739270367342e-04
6.178977272727273e-01, 4.659090909090909e-01, -8.725349977526222e-04
6.178977272727273e-01, 4.886363636363636e-01, -9.216626841711547e-04
6.178977272727273e-01, 5.113636363636364e-01, -8.894430201099230e-04
6.178977272727273e-01, 5.340909090909091e-01, -9.205617711565378e-04
6.178977272727273e-01, 5.568181818181818e-01, -9.516805222031834e-04
6.178977272727273e-01, 5.795454545454546e-01, -9.137206846197880e-04
6.178977272727273e-01, 6.022727272727273e-01, -9.217323942701163e-04
6.178977272727273e-01, 6.250000000000000e-01, -9.297441039204447e-04
6.178977272727273e-01, 6.477272727272727e-01, -8.868550439422130e-04
6.178977272727273e-01, 6.704545454545454e-01, -8.675369457105984e-04
6.178977272727273e-01, 6.931818181818182e-01, -8.503900053721296e-04
6.178977272727273e-01, 7.159090909090909e-01, -8.033196746424743e-04
6.178977272727273e-01, 7.386363636363636e-01, -7.538202196414176e-04
6.178977272727273e-01, 7.613636363636364e-01, -7.441172657644595e-04
6.178977272727273e-01, 7.840909090909091e-01, -6.635683390661873e-04
6.178977272727273e-01, 8.068181818181818e-01, -5.830194123679460e-04
6.178977272727273e-01, 8.295454545454546e-01, -5.864497575805002e-04
6.178977272727273e-01, 8.522727272727273e-01, -4.768096710904177e-04
6.178977272727273e-01, 8.750000000000000e-01, -3.671695846003355e-04
6.178977272727273e-01, 8.977272727272727e-01, -3.977781988835365e-04
6.178977272727273e-01, 9.204545454545454e-01, -2.651760367195819e-04
6.178977272727273e-01, 9.431818181818182e-01, -3.112980270530809e-04
6.178977272727273e-01, 9.659090909090909e-01, -2.139639569490451e-04
6.178977272727273e-01, 9.886363636363636e-01, -7.132131898301503e-05
