x, y, u
6.349431818181818e-01, 1.136363636363636e-02, -1.889537962188208e-05
6.349431818181818e-01, 3.409090909090909e-02, -5.668613886564623e-05
6.349431818181818e-01, 5.681818181818182e-02, -9.447689810941038e-05
6.349431818181818e-01, 7.954545454545454e-02, -1.322676573531747e-04
6.349431818181818e-01, 1.022727272727273e-01, -1.700584165969389e-04
6.349431818181818e-01, 1.250000000000000e-01, -2.053925782060365e-04
6.349431818181818e-01, 1.477272727272727e-01, -2.349701461686232e-04
6.349431818181818e-01, 1.704545454545454e-01, -2.645477141312099e-04
6.349431818181818e-01, 1.931818181818182e-01, -2.941252820937968e-04
6.349431818181818e-01, 2.159090909090909e-01, -3.237028500563835e-04
6.349431818181818e-01, 2.386363636363636e-01, -3.532804180189702e-04
6.349431818181818e-01, 2.613636363636364e-01, -3.753467734455059e-04
6.349431818181818e-01, 2.840909090909091e-01, -3.986517765619752e-04
6.349431818181818e-01, 3.068181818181818e-01, -4.219567796784446e-04
6.349431818181818e-01, 3.295454545454545e-01, -4.452617827949139e-04
6.349431818181818e-01, 3.522727272727273e-01, -4.685667859113833e-04
6.349431818181818e-01, 3.750000000000000e-01, -4.861450667878404e-04
6.349431818181818e-01, 3.977272727272727e-01, -4.993872856290467e-04
6.349431818181818e-01, 4.204545454545455e-01, -5.126295044702530e-04
6.349431818181818e-01, 4.431818181818182e-01, -5.258717233114593e-04
6.349431818181818e-01, 4.659090909090909e-01, -5.391139421526656e-04
6.349431818181818e-01, 4.886363636363636e-01, -5.523561609938719e-04
6.349431818181818e-01, 5.113636363636364e-01, -5.525473921706475e-04
6.349431818181818e-01, 5.340909090909091e-01, -5.504337503021127e-04
6.349431818181818e-01, 5.568181818181818e-01, -5.483201084335776e-04
6.349431818181818e-01, 5.795454545454546e-01, -5.462064665650425e-04
6.349431818181818e-01, 6.022727272727273e-01, -5.440928246965074e-04
6.349431818181818e-01, 6.250000000000000e-01, -5.389697904127912e-04
6.349431818181818e-01, 6.477272727272727e-01, -5.179631463460599e-04
6.349431818181818e-01, 6.704545454545454e-01, -4.969565022793292e-04
6.349431818181818e-01, 6.931818181818182e-01, -4.759498582125981e-04
6.349431818181818e-01, 7.159090909090909e-01, -4.549432141458672e-04
6.349431818181818e-01, 7.386363636363636e-01, -4.339365700791362e-04
6.349431818181818e-01, 7.613636363636364e-01, -4.056696951390825e-04
6.349431818181818e-01, 7.840909090909091e-01, -3.675506469611459e-04
6.349431818181818e-01, 8.068181818181818e-01, -3.294315987832091e-04
6.349431818181818e-01, 8.295454545454546e-01, -2.913125506052725e-04
6.349431818181818e-01, 8.522727272727273e-01, -2.531935024273355e-04
6.349431818181818e-01, 8.750000000000000e-01, -2.221189276825542e-04
6.349431818181818e-01, 8.977272727272727e-01, -1.794427126317299e-04
6.349431818181818e-01, 9.204545454545454e-01, -1.367664975809063e-04
6.349431818181818e-01, 9.431818181818182e-01, -9.409028253008197e-05
6.349431818181818e-01, 9.659090909090909e-01, -5.141406747925801e-05
6.349431818181818e-01, 9.886363636363636e-01, -8.737852428434049e-06
6.548295454545454e-01, 1.136363636363636e-02, -1.889537962188208e-05
6.548295454545454e-01, 3.409090909090909e-02, -5.668613886564623e-05
6.548295454545454e-01, 5.681818181818182e-02, -9.447689810941038e-05
6.548295454545454e-01, 7.954545454545454e-02, -1.322676573531747e-04
6.548295454545454e-01, 1.022727272727273e-01, -1.683037040007484e-04
6.548295454545454e-01, 1.250000000000000e-01, -2.004793829367033e-04
6.548295454545454e-01, 1.477272727272727e-01, -2.300569508992900e-04
6.548295454545454e-01, 1.704545454545454e-01, -2.596345188618767e-04
6.548295454545454e-01, 1.931818181818182e-01, -2.892120868244634e-04
6.548295454545454e-01, 2.159090909090909e-01, -3.187896547870503e-04
6.548295454545454e-01, 2.386363636363636e-01, -3.402423525397940e-04
6.548295454545454e-01, 2.613636363636364e-01, -3.616837179501879e-04
6.548295454545454e-01, 2.840909090909091e-01, -3.849887210666573e-04
6.548295454545454e-01, 3.068181818181818e-01, -4.082937241831267e-04
6.548295454545454e-01, 3.295454545454545e-01, -4.315987272995959e-04
6.548295454545454e-01, 3.522727272727273e-01, -4.508132145303422e-04
6.548295454545454e-01, 3.750000000000000e-01, -4.610285668124973e-04
6.548295454545454e-01, 3.977272727272727e-01, -4.742707856537037e-04
6.548295454545454e-01, 4.204545454545455e-01, -4.875130044949099e-04
6.548295454545454e-01, 4.431818181818182e-01, -5.007552233361163e-04
6.548295454545454e-01, 4.659090909090909e-01, -5.139974421773226e-04
6.548295454545454e-01, 4.886363636363636e-01, -5.172611260150602e-04
6.548295454545454e-01, 5.113636363636364e-01, -5.166847775761846e-04
6.548295454545454e-01, 5.340909090909091e-01, -5.145711357076497e-04
6.548295454545454e-01, 5.568181818181818e-01, -5.124574938391146e-04
6.548295454545454e-01, 5.795454545454546e-01, -5.103438519705796e-04
6.548295454545454e-01, 6.022727272727273e-01, -5.060806440912006e-04
6.548295454545454e-01, 6.250000000000000e-01, -4.970883909879652e-04
6.548295454545454e-01, 6.477272727272727e-01, -4.760817469212343e-04
6.548295454545454e-01, 6.704545454545454e-01, -4.550751028545033e-04
6.548295454545454e-01, 6.931818181818182e-01, -4.340684587877722e-04
6.548295454545454e-01, 7.159090909090909e-01, -4.130618147210414e-04
6.548295454545454e-01, 7.386363636363636e-01, -3.944619742785444e-04
6.548295454545454e-01, 7.613636363636364e-01, -3.663802380788167e-04
6.548295454545454e-01, 7.840909090909091e-01, -3.282611899008797e-04
6.548295454545454e-01, 8.068181818181818e-01, -2.901421417229435e-04
6.548295454545454e-01, 8.295454545454546e-01, -2.520230935450065e-04
6.548295454545454e-01, 8.522727272727273e-01, -2.189358121050376e-04
6.548295454545454e-01, 8.750000000000000e-01, -1.969184174885980e-04
6.548295454545454e-01, 8.977272727272727e-01, -1.542422024377741e-04
6.548295454545454e-01, 9.204545454545454e-01, -1.115659873869501e-04
6.548295454545454e-01, 9.431818181818182e-01, -6.888977233612576e-05
6.548295454545454e-01, 9.659090909090909e-01, -2.621355728530222e-05
6.548295454545454e-01, 9.886363636363636e-01, -6.937815986008570e-06
6.747159090909091e-01, 1.136363636363636e-02, -1.889537962188208e-05
6.747159090909091e-01, 3.409090909090909e-02, -5.668613886564623e-05
6.747159090909091e-01, 5.681818181818182e-02, -9.447689810941038e-05
6.747159090909091e-01, 7.954545454545454e-02, -1.312148297954604e-04
6.747159090909091e-01, 1.022727272727273e-01, -1.633905087314152e-04
6.747159090909091e-01, 1.250000000000000e-01, -1.955661876673701e-04
6.747159090909091e-01, 1.477272727272727e-01, -2.251437556299568e-04
6.747159090909091e-01, 1.704545454545454e-01, -2.547213235925435e-04
6.747159090909091e-01, 1.931818181818182e-01, -2.842988915551304e-04
6.747159090909091e-01, 2.159090909090909e-01, -3.070015693401576e-04
6.747159090909091e-01, 2.386363636363636e-01, -3.265792970444761e-04
6.747159090909091e-01, 2.613636363636364e-01, -3.480206624548698e-04
6.747159090909091e-01, 2.840909090909091e-01, -3.713256655713392e-04
6.747159090909091e-01, 3.068181818181818e-01, -3.946306686878086e-04
6.747159090909091e-01, 3.295454545454545e-01, -4.154813622728441e-04
6.747159090909091e-01, 3.522727272727273e-01, -4.256967145549994e-04
6.747159090909091e-01, 3.750000000000000e-01, -4.359120668371543e-04
6.747159090909091e-01, 3.977272727272727e-01, -4.491542856783607e-04
6.747159090909091e-01, 4.204545454545455e-01, -4.623965045195672e-04
6.747159090909091e-01, 4.431818181818182e-01, -4.756387233607735e-04
6.747159090909091e-01, 4.659090909090909e-01, -4.804375664298140e-04
6.747159090909091e-01, 4.886363636363636e-01, -4.813985114205975e-04
6.747159090909091e-01, 5.113636363636364e-01, -4.808221629817217e-04
6.747159090909091e-01, 5.340909090909091e-01, -4.787085211131867e-04
6.747159090909091e-01, 5.568181818181818e-01, -4.765948792446516e-04
6.747159090909091e-01, 5.795454545454546e-01, -4.731914977696100e-04
6.747159090909091e-01, 6.022727272727273e-01, -4.641992446663750e-04
6.747159090909091e-01, 6.250000000000000e-01, -4.552069915631392e-04
6.747159090909091e-01, 6.477272727272727e-01, -4.342003474964085e-04
6.747159090909091e-01, 6.704545454545454e-01, -4.131937034296774e-04
6.747159090909091e-01, 6.931818181818182e-01, -3.921870593629465e-04
6.747159090909091e-01, 7.159090909090909e-01, -3.732169414397983e-04
6.747159090909091e-01, 7.386363636363636e-01, -3.551725172182787e-04
6.747159090909091e-01, 7.613636363636364e-01, -3.270907810185506e-04
6.747159090909091e-01, 7.840909090909091e-01, -2.889717328406140e-04
6.747159090909091e-01, 8.068181818181818e-01, -2.508526846626773e-04
6.747159090909091e-01, 8.295454545454546e-01, -2.157526965275211e-04
6.747159090909091e-01, 8.522727272727273e-01, -1.937353019110818e-04
6.747159090909091e-01, 8.750000000000000e-01, -1.717179072946419e-04
6.747159090909091e-01, 8.977272727272727e-01, -1.290416922438183e-04
6.747159090909091e-01, 9.204545454545454e-01, -8.636547719299392e-05
6.747159090909091e-01, 9.431818181818182e-01, -4.368926214216997e-05
6.747159090909091e-01, 9.659090909090909e-01, -2.081344795802571e-05
6.747159090909091e-01, 9.886363636363636e-01, -6.937815986008570e-06
6.946022727272727e-01, 1.136363636363636e-02, -1.889537962188208e-05
6.946022727272727e-01, 3.409090909090909e-02, -5.668613886564623e-05
6.946022727272727e-01, 5.681818181818182e-02, -9.412595559017240e-05
6.946022727272727e-01, 7.954545454545454e-02, -1.263016345261272e-04
6.946022727272727e-01, 1.022727272727273e-01, -1.584773134620821e-04
6.946022727272727e-01, 1.250000000000000e-01, -1.906529923980369e-04
6.946022727272727e-01, 1.477272727272727e-01, -2.202305603606236e-04
6.946022727272727e-01, 1.704545454545454e-01, -2.498081283232103e-04
6.946022727272727e-01, 1.931818181818182e-01, -2.737607861405212e-04
6.946022727272727e-01, 2.159090909090909e-01, -2.933385138448396e-04
6.946022727272727e-01, 2.386363636363636e-01, -3.129162415491580e-04
6.946022727272727e-01, 2.613636363636364e-01, -3.343576069595518e-04
6.946022727272727e-01, 2.840909090909091e-01, -3.576626100760213e-04
6.946022727272727e-01, 3.068181818181818e-01, -3.801495100153459e-04
6.946022727272727e-01, 3.295454545454545e-01, -3.903648622975011e-04
6.946022727272727e-01, 3.522727272727273e-01, -4.005802145796563e-04
6.946022727272727e-01, 3.750000000000000e-01, -4.107955668618115e-04
6.946022727272727e-01, 3.977272727272727e-01, -4.240377857030178e-04
6.946022727272727e-01, 4.204545454545455e-01, -4.372800045442242e-04
6.946022727272727e-01, 4.431818181818182e-01, -4.436140068445678e-04
6.946022727272727e-01, 4.659090909090909e-01, -4.445749518353512e-04
6.946022727272727e-01, 4.886363636363636e-01, -4.455358968261347e-04
6.946022727272727e-01, 5.113636363636364e-01, -4.449595483872588e-04
6.946022727272727e-01, 5.340909090909091e-01, -4.428459065187237e-04
6.946022727272727e-01, 5.568181818181818e-01, -4.403023514480197e-04
6.946022727272727e-01, 5.795454545454546e-01, -4.313100983447844e-04
6.946022727272727e-01, 6.022727272727273e-01, -4.223178452415490e-04
6.946022727272727e-01, 6.250000000000000e-01, -4.133255921383135e-04
6.946022727272727e-01, 6.477272727272727e-01, -3.923189480715826e-04
6.946022727272727e-01, 6.704545454545454e-01, -3.713123040048517e-04
6.946022727272727e-01, 6.931818181818182e-01, -3.519719086010522e-04
6.946022727272727e-01, 7.159090909090909e-01, -3.339274843795322e-04
6.946022727272727e-01, 7.386363636363636e-01, -3.158830601580130e-04
6.946022727272727e-01, 7.613636363636364e-01, -2.878013239582845e-04
6.946022727272727e-01, 7.840909090909091e-01, -2.496822757803483e-04
6.946022727272727e-01, 8.068181818181818e-01, -2.125695809500048e-04
6.946022727272727e-01, 8.295454545454546e-01, -1.905521863335653e-04
6.946022727272727e-01, 8.522727272727273e-01, -1.685347917171256e-04
6.946022727272727e-01, 8.750000000000000e-01, -1.465173971006860e-04
6.946022727272727e-01, 8.977272727272727e-01, -1.038411820498621e-04
6.946022727272727e-01, 9.204545454545454e-01, -6.116496699903813e-05
6.946022727272727e-01, 9.431818181818182e-01, -3.468907993004285e-05
6.946022727272727e-01, 9.659090909090909e-01, -2.081344795802571e-05
6.946022727272727e-01, 9.886363636363636e-01, -6.937815986008570e-06
7.144886363636364e-01, 1.136363636363636e-02, -1.889537962188208e-05
7.144886363636364e-01, 3.409090909090909e-02, -5.668613886564623e-05
7.144886363636364e-01, 5.681818181818182e-02, -8.921276032083922e-05
7.144886363636364e-01, 7.954545454545454e-02, -1.213884392567940e-04
7.144886363636364e-01, 1.022727272727273e-01, -1.535641181927489e-04
7.144886363636364e-01, 1.250000000000000e-01, -1.857397971287037e-04
7.144886363636364e-01, 1.477272727272727e-01, -2.153173650912904e-04
7.144886363636364e-01, 1.704545454545454e-01, -2.405200029408848e-04
7.144886363636364e-01, 1.931818181818182e-01, -2.600977306452031e-04
7.144886363636364e-01, 2.159090909090909e-01, -2.796754583495216e-04
7.144886363636364e-01, 2.386363636363636e-01, -2.992531860538400e-04
7.144886363636364e-01, 2.613636363636364e-01, -3.206945514642338e-04
7.144886363636364e-01, 2.840909090909091e-01, -3.439995545807032e-04
7.144886363636364e-01, 3.068181818181818e-01, -3.550330100400031e-04
7.144886363636364e-01, 3.295454545454545e-01, -3.652483623221583e-04
7.144886363636364e-01, 3.522727272727273e-01, -3.754637146043133e-04
7.144886363636364e-01, 3.750000000000000e-01, -3.856790668864688e-04
7.144886363636364e-01, 3.977272727272727e-01, -3.989212857276750e-04
7.144886363636364e-01, 4.204545454545455e-01, -4.067904472593212e-04
7.144886363636364e-01, 4.431818181818182e-01, -4.077513922501046e-04
7.144886363636364e-01, 4.659090909090909e-01, -4.087123372408881e-04
7.144886363636364e-01, 4.886363636363636e-01, -4.096732822316716e-04
7.144886363636364e-01, 5.113636363636364e-01, -4.090969337927958e-04
7.144886363636364e-01, 5.340909090909091e-01, -4.069832919242608e-04
7.144886363636364e-01, 5.568181818181818e-01, -3.984209520231941e-04
7.144886363636364e-01, 5.795454545454546e-01, -3.894286989199588e-04
7.144886363636364e-01, 6.022727272727273e-01, -3.804364458167229e-04
7.144886363636364e-01, 6.250000000000000e-01, -3.714441927134879e-04
7.144886363636364e-01, 6.477272727272727e-01, -3.504375486467567e-04
7.144886363636364e-01, 6.704545454545454e-01, -3.307268757623060e-04
7.144886363636364e-01, 6.931818181818182e-01, -3.126824515407861e-04
7.144886363636364e-01, 7.159090909090909e-01, -2.946380273192665e-04
7.144886363636364e-01, 7.386363636363636e-01, -2.765936030977469e-04
7.144886363636364e-01, 7.613636363636364e-01, -2.485118668980188e-04
7.144886363636364e-01, 7.840909090909091e-01, -2.103928187200821e-04
7.144886363636364e-01, 8.068181818181818e-01, -1.873690707560489e-04
7.144886363636364e-01, 8.295454545454546e-01, -1.653516761396094e-04
7.144886363636364e-01, 8.522727272727273e-01, -1.433342815231695e-04
7.144886363636364e-01, 8.750000000000000e-01, -1.213168869067302e-04
7.144886363636364e-01, 8.977272727272727e-01, -7.864067185590588e-05
7.144886363636364e-01, 9.204545454545454e-01, -4.856471190206006e-05
7.144886363636364e-01, 9.431818181818182e-01, -3.468907993004285e-05
7.144886363636364e-01, 9.659090909090909e-01, -2.081344795802571e-05
7.144886363636364e-01, 9.886363636363636e-01, -6.937815986008570e-06
7.343750000000000e-01, 1.136363636363636e-02, -1.889537962188208e-05
7.343750000000000e-01, 3.409090909090909e-02, -5.212388611555118e-05
7.343750000000000e-01, 5.681818181818182e-02, -8.429956505150602e-05
7.343750000000000e-01, 7.954545454545454e-02, -1.164752439874608e-04
7.343750000000000e-01, 1.022727272727273e-01, -1.486509229234157e-04
7.343750000000000e-01, 1.250000000000000e-01, -1.808266018593705e-04
7.343750000000000e-01, 1.477272727272727e-01, -2.072792197412484e-04
7.343750000000000e-01, 1.704545454545454e-01, -2.268569474455668e-04
7.343750000000000e-01, 1.931818181818182e-01, -2.464346751498852e-04
7.343750000000000e-01, 2.159090909090909e-01, -2.660124028542036e-04
7.343750000000000e-01, 2.386363636363636e-01, -2.855901305585220e-04
7.343750000000000e-01, 2.613636363636364e-01, -3.070314959689158e-04
7.343750000000000e-01, 2.840909090909091e-01, -3.197011577825049e-04
7.343750000000000e-01, 3.068181818181818e-01, -3.299165100646601e-04
7.343750000000000e-01, 3.295454545454545e-01, -3.401318623468153e-04
7.343750000000000e-01, 3.522727272727273e-01, -3.503472146289706e-04
7.343750000000000e-01, 3.750000000000000e-01, -3.605625669111257e-04
7.343750000000000e-01, 3.977272727272727e-01, -3.699668876740749e-04
7.343750000000000e-01, 4.204545454545455e-01, -3.709278326648585e-04
7.343750000000000e-01, 4.431818181818182e-01, -3.718887776556419e-04
7.343750000000000e-01, 4.659090909090909e-01, -3.728497226464254e-04
7.343750000000000e-01, 4.886363636363636e-01, -3.738106676372085e-04
7.343750000000000e-01, 5.113636363636364e-01, -3.732343191983329e-04
7.343750000000000e-01, 5.340909090909091e-01, -3.655318057016035e-04
7.343750000000000e-01, 5.568181818181818e-01, -3.565395525983685e-04
7.343750000000000e-01, 5.795454545454546e-01, -3.475472994951328e-04
7.343750000000000e-01, 6.022727272727273e-01, -3.385550463918973e-04
7.343750000000000e-01, 6.250000000000000e-01, -3.295627932886619e-04
7.343750000000000e-01, 6.477272727272727e-01, -3.094818429235595e-04
7.343750000000000e-01, 6.704545454545454e-01, -2.914374187020399e-04
7.343750000000000e-01, 6.931818181818182e-01, -2.733929944805200e-04
7.343750000000000e-01, 7.159090909090909e-01, -2.553485702590008e-04
7.343750000000000e-01, 7.386363636363636e-01, -2.373041460374807e-04
7.343750000000000e-01, 7.613636363636364e-01, -2.092224098377530e-04
7.343750000000000e-01, 7.840909090909091e-01, -1.841859551785324e-04
7.343750000000000e-01, 8.068181818181818e-01, -1.621685605620931e-04
7.343750000000000e-01, 8.295454545454546e-01, -1.401511659456532e-04
7.343750000000000e-01, 8.522727272727273e-01, -1.181337713292136e-04
7.343750000000000e-01, 8.750000000000000e-01, -9.611637671277404e-05
7.343750000000000e-01, 8.977272727272727e-01, -6.244034387407719e-05
7.343750000000000e-01, 9.204545454545454e-01, -4.856471190206006e-05
7.343750000000000e-01, 9.431818181818182e-01, -3.468907993004285e-05
7.343750000000000e-01, 9.659090909090909e-01, -2.081344795802571e-05
7.343750000000000e-01, 9.886363636363636e-01, -6.937815986008570e-06
7.542613636363636e-01, 1.136363636363636e-02, -1.608783946797740e-05
7.542613636363636e-01, 3.409090909090909e-02, -4.826351840393220e-05
7.542613636363636e-01, 5.681818181818182e-02, -8.043919733988701e-05
7.542613636363636e-01, 7.954545454545454e-02, -1.126148762758420e-04
7.542613636363636e-01, 1.022727272727273e-01, -1.447905552117968e-04
7.542613636363636e-01, 1.250000000000000e-01, -1.756117029614511e-04
7.542613636363636e-01, 1.477272727272727e-01, -1.951894306657695e-04
7.542613636363636e-01, 1.704545454545454e-01, -2.147671583700879e-04
7.542613636363636e-01, 1.931818181818182e-01, -2.343448860744064e-04
7.542613636363636e-01, 2.159090909090909e-01, -2.539226137787247e-04
7.542613636363636e-01, 2.386363636363636e-01, -2.735003414830431e-04
7.542613636363636e-01, 2.613636363636364e-01, -2.870863834506708e-04
7.542613636363636e-01, 2.840909090909091e-01, -2.973017357328260e-04
7.542613636363636e-01, 3.068181818181818e-01, -3.075170880149811e-04
7.542613636363636e-01, 3.295454545454545e-01, -3.177324402971364e-04
7.542613636363636e-01, 3.522727272727273e-01, -3.279477925792915e-04
7.542613636363636e-01, 3.750000000000000e-01, -3.368608065808203e-04
7.542613636363636e-01, 3.977272727272727e-01, -3.378217515716039e-04
7.542613636363636e-01, 4.204545454545455e-01, -3.387826965623873e-04
7.542613636363636e-01, 4.431818181818182e-01, -3.397436415531707e-04
7.542613636363636e-01, 4.659090909090909e-01, -3.407045865439542e-04
7.542613636363636e-01, 4.886363636363636e-01, -3.416655315347377e-04
7.542613636363636e-01, 5.113636363636364e-01, -3.366509821153431e-04
7.542613636363636e-01, 5.340909090909091e-01, -3.276587290121076e-04
7.542613636363636e-01, 5.568181818181818e-01, -3.186664759088722e-04
7.542613636363636e-01, 5.795454545454546e-01, -3.096742228056366e-04
7.542613636363636e-01, 6.022727272727273e-01, -3.006819697024012e-04
7.542613636363636e-01, 6.250000000000000e-01, -2.914039917206767e-04
7.542613636363636e-01, 6.477272727272727e-01, -2.733595674991574e-04
7.542613636363636e-01, 6.704545454545454e-01, -2.553151432776376e-04
7.542613636363636e-01, 6.931818181818182e-01, -2.372707190561180e-04
7.542613636363636e-01, 7.159090909090909e-01, -2.192262948345984e-04
7.542613636363636e-01, 7.386363636363636e-01, -2.011818706130788e-04
7.542613636363636e-01, 7.613636363636364e-01, -1.819266537878115e-04
7.542613636363636e-01, 7.840909090909091e-01, -1.599092591713719e-04
7.542613636363636e-01, 8.068181818181818e-01, -1.378918645549323e-04
7.542613636363636e-01, 8.295454545454546e-01, -1.158744699384925e-04
7.542613636363636e-01, 8.522727272727273e-01, -9.385707532205307e-05
7.542613636363636e-01, 8.750000000000000e-01, -7.375905617900142e-05
7.542613636363636e-01, 8.977272727272727e-01, -5.988342420698440e-05
7.542613636363636e-01, 9.204545454545454e-01, -4.600779223496713e-05
7.542613636363636e-01, 9.431818181818182e-01, -3.213216026294999e-05
7.542613636363636e-01, 9.659090909090909e-01, -1.825652829093285e-05
7.542613636363636e-01, 9.886363636363636e-01, -4.380896318915710e-06
7.741477272727273e-01, 1.136363636363636e-02, -1.608783946797740e-05
7.741477272727273e-01, 3.409090909090909e-02, -4.826351840393220e-05
7.741477272727273e-01, 5.681818181818182e-02, -8.043919733988701e-05
7.741477272727273e-01, 7.954545454545454e-02, -1.126148762758420e-04
7.741477272727273e-01, 1.022727272727273e-01, -1.443390448163632e-04
7.741477272727273e-01, 1.250000000000000e-01, -1.692905574253823e-04
7.741477272727273e-01, 1.477272727272727e-01, -1.888682851297007e-04
7.741477272727273e-01, 1.704545454545454e-01, -2.084460128340191e-04
7.741477272727273e-01, 1.931818181818182e-01, -2.280237405383375e-04
7.741477272727273e-01, 2.159090909090909e-01, -2.476014682426559e-04
7.741477272727273e-01, 2.386363636363636e-01, -2.632477018701471e-04
7.741477272727273e-01, 2.613636363636364e-01, -2.746495804617596e-04
7.741477272727273e-01, 2.840909090909091e-01, -2.848649327439148e-04
7.741477272727273e-01, 3.068181818181818e-01, -2.950802850260700e-04
7.741477272727273e-01, 3.295454545454545e-01, -3.052956373082252e-04
7.741477272727273e-01, 3.522727272727273e-01, -3.150768768301715e-04
7.741477272727273e-01, 3.750000000000000e-01, -3.183464249489863e-04
7.741477272727273e-01, 3.977272727272727e-01, -3.193073699397698e-04
7.741477272727273e-01, 4.204545454545455e-01, -3.202683149305532e-04
7.741477272727273e-01, 4.431818181818182e-01, -3.212292599213366e-04
7.741477272727273e-01, 4.659090909090909e-01, -3.221902049121201e-04
7.741477272727273e-01, 4.886363636363636e-01, -3.201544638133980e-04
7.741477272727273e-01, 5.113636363636364e-01, -3.134750887887224e-04
7.741477272727273e-01, 5.340909090909091e-01, -3.044828356854870e-04
7.741477272727273e-01, 5.568181818181818e-01, -2.954905825822515e-04
7.741477272727273e-01, 5.795454545454546e-01, -2.864983294790161e-04
7.741477272727273e-01, 6.022727272727273e-01, -2.774108347496176e-04
7.741477272727273e-01, 6.250000000000000e-01, -2.668947156277749e-04
7.741477272727273e-01, 6.477272727272727e-01, -2.488502914062553e-04
7.741477272727273e-01, 6.704545454545454e-01, -2.308058671847357e-04
7.741477272727273e-01, 6.931818181818182e-01, -2.127614429632161e-04
7.741477272727273e-01, 7.159090909090909e-01, -1.947170187416963e-04
7.741477272727273e-01, 7.386363636363636e-01, -1.789996723013139e-04
7.741477272727273e-01, 7.613636363636364e-01, -1.610372764655669e-04
7.741477272727273e-01, 7.840909090909091e-01, -1.390198818491275e-04
7.741477272727273e-01, 8.068181818181818e-01, -1.170024872326877e-04
7.741477272727273e-01, 8.295454545454546e-01, -9.498509261624808e-05
7.741477272727273e-01, 8.522727272727273e-01, -7.360748982427121e-05
7.741477272727273e-01, 8.750000000000000e-01, -6.182676439923481e-05
7.741477272727273e-01, 8.977272727272727e-01, -4.795113242721768e-05
7.741477272727273e-01, 9.204545454545454e-01, -3.407550045520054e-05
7.741477272727273e-01, 9.431818181818182e-01, -2.019986848318340e-05
7.741477272727273e-01, 9.659090909090909e-01, -6.324236511166123e-06
7.741477272727273e-01, 9.886363636363636e-01, -1.193635404276316e-07
7.940340909090909e-01, 1.136363636363636e-02, -1.608783946797740e-05
7.940340909090909e-01, 3.409090909090909e-02, -4.826351840393220e-05
7.940340909090909e-01, 5.681818181818182e-02, -8.043919733988701e-05
7.940340909090909e-01, 7.954545454545454e-02, -1.126148762758420e-04
7.940340909090909e-01, 1.022727272727273e-01, -1.380178992802945e-04
7.940340909090909e-01, 1.250000000000000e-01, -1.629694118893135e-04
7.940340909090909e-01, 1.477272727272727e-01, -1.825471395936319e-04
7.940340909090909e-01, 1.704545454545454e-01, -2.021248672979503e-04
7.940340909090909e-01, 1.931818181818182e-01, -2.217025950022688e-04
7.940340909090909e-01, 2.159090909090909e-01, -2.382224939801659e-04
7.940340909090909e-01, 2.386363636363636e-01, -2.508108988812358e-04
7.940340909090909e-01, 2.613636363636364e-01, -2.622127774728483e-04
7.940340909090909e-01, 2.840909090909091e-01, -2.724281297550035e-04
7.940340909090909e-01, 3.068181818181818e-01, -2.826434820371587e-04
7.940340909090909e-01, 3.295454545454545e-01, -2.928588343193138e-04
7.940340909090909e-01, 3.522727272727273e-01, -2.965624951983374e-04
7.940340909090909e-01, 3.750000000000000e-01, -2.998320433171524e-04
7.940340909090909e-01, 3.977272727272727e-01, -3.007929883079357e-04
7.940340909090909e-01, 4.204545454545455e-01, -3.017539332987191e-04
7.940340909090909e-01, 4.431818181818182e-01, -3.027148782895026e-04
7.940340909090909e-01, 4.659090909090909e-01, -3.013450674328927e-04
7.940340909090909e-01, 4.886363636363636e-01, -2.969785704867773e-04
7.940340909090909e-01, 5.113636363636364e-01, -2.902991954621018e-04
7.940340909090909e-01, 5.340909090909091e-01, -2.813069423588663e-04
7.940340909090909e-01, 5.568181818181818e-01, -2.723146892556309e-04
7.940340909090909e-01, 5.795454545454546e-01, -2.633224361523955e-04
7.940340909090909e-01, 6.022727272727273e-01, -2.529015586567155e-04
7.940340909090909e-01, 6.250000000000000e-01, -2.423854395348731e-04
7.940340909090909e-01, 6.477272727272727e-01, -2.243410153133533e-04
7.940340909090909e-01, 6.704545454545454e-01, -2.062965910918338e-04
7.940340909090909e-01, 6.931818181818182e-01, -1.882521668703140e-04
7.940340909090909e-01, 7.159090909090909e-01, -1.720176920341232e-04
7.940340909090909e-01, 7.386363636363636e-01, -1.581102949790693e-04
7.940340909090909e-01, 7.613636363636364e-01, -1.401478991433225e-04
7.940340909090909e-01, 7.840909090909091e-01, -1.181305045268829e-04
7.940340909090909e-01, 8.068181818181818e-01, -9.611310991044332e-05
7.940340909090909e-01, 8.295454545454546e-01, -7.409571529400370e-05
7.940340909090909e-01, 8.522727272727273e-01, -6.167519804450447e-05
7.940340909090909e-01, 8.750000000000000e-01, -4.989447261946822e-05
7.940340909090909e-01, 8.977272727272727e-01, -3.601884064745096e-05
7.940340909090909e-01, 9.204545454545454e-01, -2.214320867543395e-05
7.940340909090909e-01, 9.431818181818182e-01, -8.267576703416673e-06
7.940340909090909e-01, 9.659090909090909e-01, -3.580906212828949e-07
7.940340909090909e-01, 9.886363636363636e-01, -1.193635404276316e-07
8.139204545454546e-01, 1.136363636363636e-02, -1.608783946797740e-05
8.139204545454546e-01, 3.409090909090909e-02, -4.826351840393220e-05
8.139204545454546e-01, 5.681818181818182e-02, -8.043919733988701e-05
8.139204545454546e-01, 7.954545454545454e-02, -1.067452411352066e-04
8.139204545454546e-01, 1.022727272727273e-01, -1.316967537442257e-04
8.139204545454546e-01, 1.250000000000000e-01, -1.566482663532448e-04
8.139204545454546e-01, 1.477272727272727e-01, -1.762259940575632e-04
8.139204545454546e-01, 1.704545454545454e-01, -1.958037217618815e-04
8.139204545454546e-01, 1.931818181818182e-01, -2.131972860901848e-04
8.139204545454546e-01, 2.159090909090909e-01, -2.257856909912547e-04
8.139204545454546e-01, 2.386363636363636e-01, -2.383740958923245e-04
8.139204545454546e-01, 2.613636363636364e-01, -2.497759744839371e-04
8.139204545454546e-01, 2.840909090909091e-01, -2.599913267660923e-04
8.139204545454546e-01, 3.068181818181818e-01, -2.702066790482475e-04
8.139204545454546e-01, 3.295454545454545e-01, -2.747785654476885e-04
8.139204545454546e-01, 3.522727272727273e-01, -2.780481135665033e-04
8.139204545454546e-01, 3.750000000000000e-01, -2.813176616853182e-04
8.139204545454546e-01, 3.977272727272727e-01, -2.822786066761016e-04
8.139204545454546e-01, 4.204545454545455e-01, -2.832395516668850e-04
8.139204545454546e-01, 4.431818181818182e-01, -2.825356710523876e-04
8.139204545454546e-01, 4.659090909090909e-01, -2.781691741062721e-04
8.139204545454546e-01, 4.886363636363636e-01, -2.738026771601565e-04
8.139204545454546e-01, 5.113636363636364e-01, -2.671233021354812e-04
8.139204545454546e-01, 5.340909090909091e-01, -2.581310490322457e-04
8.139204545454546e-01, 5.568181818181818e-01, -2.491387959290103e-04
8.139204545454546e-01, 5.795454545454546e-01, -2.389084016856564e-04
8.139204545454546e-01, 6.022727272727273e-01, -2.283922825638137e-04
8.139204545454546e-01, 6.250000000000000e-01, -2.178761634419710e-04
8.139204545454546e-01, 6.477272727272727e-01, -1.998317392204514e-04
8.139204545454546e-01, 6.704545454545454e-01, -1.817873149989317e-04
8.139204545454546e-01, 6.931818181818182e-01, -1.650357117669325e-04
8.139204545454546e-01, 7.159090909090909e-01, -1.511283147118788e-04
8.139204545454546e-01, 7.386363636363636e-01, -1.372209176568247e-04
8.139204545454546e-01, 7.613636363636364e-01, -1.192585218210781e-04
8.139204545454546e-01, 7.840909090909091e-01, -9.724112720463830e-05
8.139204545454546e-01, 8.068181818181818e-01, -7.522373258819892e-05
8.139204545454546e-01, 8.295454545454546e-01, -6.152363168977426e-05
8.139204545454546e-01, 8.522727272727273e-01, -4.974290626473788e-05
8.139204545454546e-01, 8.750000000000000e-01, -3.796218083970150e-05
8.139204545454546e-01, 8.977272727272727e-01, -2.408654886768436e-05
8.139204545454546e-01, 9.204545454545454e-01, -1.021091689566722e-05
8.139204545454546e-01, 9.431818181818182e-01, -5.968177021381582e-07
8.139204545454546e-01, 9.659090909090909e-01, -3.580906212828949e-07
8.139204545454546e-01, 9.886363636363636e-01, -1.193635404276316e-07
8.338068181818181e-01, 1.136363636363636e-02, -1.608783946797740e-05
8.338068181818181e-01, 3.409090909090909e-02, -4.826351840393220e-05
8.338068181818181e-01, 5.681818181818182e-02, -7.547258299011878e-05
8.338068181818181e-01, 7.954545454545454e-02, -1.004240955991378e-04
8.338068181818181e-01, 1.022727272727273e-01, -1.253756082081570e-04
8.338068181818181e-01, 1.250000000000000e-01, -1.503271208171760e-04
8.338068181818181e-01, 1.477272727272727e-01, -1.699048485214944e-04
8.338068181818181e-01, 1.704545454545454e-01, -1.881720782002038e-04
8.338068181818181e-01, 1.931818181818182e-01, -2.007604831012737e-04
8.338068181818181e-01, 2.159090909090909e-01, -2.133488880023436e-04
8.338068181818181e-01, 2.386363636363636e-01, -2.259372929034134e-04
8.338068181818181e-01, 2.613636363636364e-01, -2.373391714950260e-04
8.338068181818181e-01, 2.840909090909091e-01, -2.475545237771811e-04
8.338068181818181e-01, 3.068181818181818e-01, -2.529946356970397e-04
8.338068181818181e-01, 3.295454545454545e-01, -2.562641838158545e-04
8.338068181818181e-01, 3.522727272727273e-01, -2.595337319346694e-04
8.338068181818181e-01, 3.750000000000000e-01, -2.628032800534842e-04
8.338068181818181e-01, 3.977272727272727e-01, -2.637642250442676e-04
8.338068181818181e-01, 4.204545454545455e-01, -2.637262746718826e-04
8.338068181818181e-01, 4.431818181818182e-01, -2.593597777257672e-04
8.338068181818181e-01, 4.659090909090909e-01, -2.549932807796517e-04
8.338068181818181e-01, 4.886363636363636e-01, -2.506267838335363e-04
8.338068181818181e-01, 5.113636363636364e-01, -2.439474088088606e-04
8.338068181818181e-01, 5.340909090909091e-01, -2.349551557056253e-04
8.338068181818181e-01, 5.568181818181818e-01, -2.249152447145971e-04
8.338068181818181e-01, 5.795454545454546e-01, -2.143991255927546e-04
8.338068181818181e-01, 6.022727272727273e-01, -2.038830064709118e-04
8.338068181818181e-01, 6.250000000000000e-01, -1.933668873490691e-04
8.338068181818181e-01, 6.477272727272727e-01, -1.753224631275495e-04
8.338068181818181e-01, 6.704545454545454e-01, -1.580537314997422e-04
8.338068181818181e-01, 6.931818181818182e-01, -1.441463344446884e-04
8.338068181818181e-01, 7.159090909090909e-01, -1.302389373896342e-04
8.338068181818181e-01, 7.386363636363636e-01, -1.163315403345805e-04
8.338068181818181e-01, 7.613636363636364e-01, -9.836914449883355e-05
8.338068181818181e-01, 7.840909090909091e-01, -7.635174988239415e-05
8.338068181818181e-01, 8.068181818181818e-01, -6.137206533504404e-05
8.338068181818181e-01, 8.295454545454546e-01, -4.959133991000767e-05
8.338068181818181e-01, 8.522727272727273e-01, -3.781061448497129e-05
8.338068181818181e-01, 8.750000000000000e-01, -2.602988905993491e-05
8.338068181818181e-01, 8.977272727272727e-01, -1.215425708791777e-05
8.338068181818181e-01, 9.204545454545454e-01, -8.355447829934226e-07
8.338068181818181e-01, 9.431818181818182e-01, -5.968177021381582e-07
8.338068181818181e-01, 9.659090909090909e-01, -3.580906212828949e-07
8.338068181818181e-01, 9.886363636363636e-01, -1.193635404276316e-07
8.536931818181819e-01, 1.136363636363636e-02, -1.608783946797740e-05
8.536931818181819e-01, 3.409090909090909e-02, -4.419992484503088e-05
8.536931818181819e-01, 5.681818181818182e-02, -6.915143745404998e-05
8.536931818181819e-01, 7.954545454545454e-02, -9.410295006306903e-05
8.536931818181819e-01, 1.022727272727273e-01, -1.190544626720881e-04
8.536931818181819e-01, 1.250000000000000e-01, -1.440059752811072e-04
8.536931818181819e-01, 1.477272727272727e-01, -1.631468703102226e-04
8.536931818181819e-01, 1.704545454545454e-01, -1.757352752112924e-04
8.536931818181819e-01, 1.931818181818182e-01, -1.883236801123624e-04
8.536931818181819e-01, 2.159090909090909e-01, -2.009120850134323e-04
8.536931818181819e-01, 2.386363636363636e-01, -2.135004899145022e-04
8.536931818181819e-01, 2.613636363636364e-01, -2.249023685061146e-04
8.536931818181819e-01, 2.840909090909091e-01, -2.312107059463908e-04
8.536931818181819e-01, 3.068181818181818e-01, -2.344802540652056e-04
8.536931818181819e-01, 3.295454545454545e-01, -2.377498021840203e-04
8.536931818181819e-01, 3.522727272727273e-01, -2.410193503028352e-04
8.536931818181819e-01, 3.750000000000000e-01, -2.442888984216500e-04
8.536931818181819e-01, 3.977272727272727e-01, -2.449168782913772e-04
8.536931818181819e-01, 4.204545454545455e-01, -2.405503813452618e-04
8.536931818181819e-01, 4.431818181818182e-01, -2.361838843991464e-04
8.536931818181819e-01, 4.659090909090909e-01, -2.318173874530309e-04
8.536931818181819e-01, 4.886363636363636e-01, -2.274508905069155e-04
8.536931818181819e-01, 5.113636363636364e-01, -2.207715154822399e-04
8.536931818181819e-01, 5.340909090909091e-01, -2.109220877435380e-04
8.536931818181819e-01, 5.568181818181818e-01, -2.004059686216950e-04
8.536931818181819e-01, 5.795454545454546e-01, -1.898898494998524e-04
8.536931818181819e-01, 6.022727272727273e-01, -1.793737303780097e-04
8.536931818181819e-01, 6.250000000000000e-01, -1.688576112561670e-04
8.536931818181819e-01, 6.477272727272727e-01, -1.510717512325515e-04
8.536931818181819e-01, 6.704545454545454e-01, -1.371643541774976e-04
8.536931818181819e-01, 6.931818181818182e-01, -1.232569571224437e-04
8.536931818181819e-01, 7.159090909090909e-01, -1.093495600673896e-04
8.536931818181819e-01, 7.386363636363636e-01, -9.544216301233591e-05
8.536931818181819e-01, 7.613636363636364e-01, -7.747976717658893e-05
8.536931818181819e-01, 7.840909090909091e-01, -6.122049898031384e-05
8.536931818181819e-01, 8.068181818181818e-01, -4.943977355527732e-05
8.536931818181819e-01, 8.295454545454546e-01, -3.765904813024095e-05
8.536931818181819e-01, 8.522727272727273e-01, -2.587832270520456e-05
8.536931818181819e-01, 8.750000000000000e-01, -1.409759728016818e-05
8.536931818181819e-01, 8.977272727272727e-01, -1.074271863848686e-06
8.536931818181819e-01, 9.204545454545454e-01, -8.355447829934226e-07
8.536931818181819e-01, 9.431818181818182e-01, -5.968177021381582e-07
8.536931818181819e-01, 9.659090909090909e-01, -3.580906212828949e-07
8.536931818181819e-01, 9.886363636363636e-01, -1.193635404276316e-07
8.735795454545454e-01, 1.136363636363636e-02, -1.292726669994305e-05
8.735795454545454e-01, 3.409090909090909e-02, -3.787877930896214e-05
8.735795454545454e-01, 5.681818181818182e-02, -6.283029191798124e-05
8.735795454545454e-01, 7.954545454545454e-02, -8.778180452700028e-05
8.735795454545454e-01, 1.022727272727273e-01, -1.127333171360194e-04
8.735795454545454e-01, 1.250000000000000e-01, -1.376848297450385e-04
8.735795454545454e-01, 1.477272727272727e-01, -1.507100673213114e-04
8.735795454545454e-01, 1.704545454545454e-01, -1.632984722223813e-04
8.735795454545454e-01, 1.931818181818182e-01, -1.758868771234512e-04
8.735795454545454e-01, 2.159090909090909e-01, -1.884752820245211e-04
8.735795454545454e-01, 2.386363636363636e-01, -2.010636869255909e-04
8.735795454545454e-01, 2.613636363636364e-01, -2.094267761957421e-04
8.735795454545454e-01, 2.840909090909091e-01, -2.126963243145567e-04
8.735795454545454e-01, 3.068181818181818e-01, -2.159658724333715e-04
8.735795454545454e-01, 3.295454545454545e-01, -2.192354205521864e-04
8.735795454545454e-01, 3.522727272727273e-01, -2.225049686710012e-04
8.735795454545454e-01, 3.750000000000000e-01, -2.257745167898160e-04
8.735795454545454e-01, 3.977272727272727e-01, -2.217409849647567e-04
8.735795454545454e-01, 4.204545454545455e-01, -2.173744880186413e-04
8.735795454545454e-01, 4.431818181818182e-01, -2.130079910725259e-04
8.735795454545454e-01, 4.659090909090909e-01, -2.086414941264104e-04
8.735795454545454e-01, 4.886363636363636e-01, -2.042749971802947e-04
8.735795454545454e-01, 5.113636363636364e-01, -1.969289307724789e-04
8.735795454545454e-01, 5.340909090909091e-01, -1.864128116506359e-04
8.735795454545454e-01, 5.568181818181818e-01, -1.758966925287935e-04
8.735795454545454e-01, 5.795454545454546e-01, -1.653805734069506e-04
8.735795454545454e-01, 6.022727272727273e-01, -1.548644542851079e-04
8.735795454545454e-01, 6.250000000000000e-01, -1.443483351632652e-04
8.735795454545454e-01, 6.477272727272727e-01, -1.301823739103072e-04
8.735795454545454e-01, 6.704545454545454e-01, -1.162749768552532e-04
8.735795454545454e-01, 6.931818181818182e-01, -1.023675798001991e-04
8.735795454545454e-01, 7.159090909090909e-01, -8.846018274514546e-05
8.735795454545454e-01, 7.386363636363636e-01, -7.455278569009130e-05
8.735795454545454e-01, 7.613636363636364e-01, -6.106893262558363e-05
8.735795454545454e-01, 7.840909090909091e-01, -4.928820720054711e-05
8.735795454545454e-01, 8.068181818181818e-01, -3.750748177551087e-05
8.735795454545454e-01, 8.295454545454546e-01, -2.572675635047435e-05
8.735795454545454e-01, 8.522727272727273e-01, -1.394603092543797e-05
8.735795454545454e-01, 8.750000000000000e-01, -2.165305500401591e-06
8.735795454545454e-01, 8.977272727272727e-01, -1.074271863848686e-06
8.735795454545454e-01, 9.204545454545454e-01, -8.355447829934226e-07
8.735795454545454e-01, 9.431818181818182e-01, -5.968177021381582e-07
8.735795454545454e-01, 9.659090909090909e-01, -3.580906212828949e-07
8.735795454545454e-01, 9.886363636363636e-01, -1.193635404276316e-07
8.934659090909092e-01, 1.136363636363636e-02, -1.247575630450953e-05
8.934659090909092e-01, 3.409090909090909e-02, -3.742726891352860e-05
8.934659090909092e-01, 5.681818181818182e-02, -6.237878152254766e-05
8.934659090909092e-01, 7.954545454545454e-02, -8.733029413156685e-05
8.934659090909092e-01, 1.022727272727273e-01, -1.122818067405859e-04
8.934659090909092e-01, 1.250000000000000e-01, -1.317871047787609e-04
8.934659090909092e-01, 1.477272727272727e-01, -1.443755096798307e-04
8.934659090909092e-01, 1.704545454545454e-01, -1.569639145809006e-04
8.934659090909092e-01, 1.931818181818182e-01, -1.695523194819705e-04
8.934659090909092e-01, 2.159090909090909e-01, -1.821407243830403e-04
8.934659090909092e-01, 2.386363636363636e-01, -1.932219813794107e-04
8.934659090909092e-01, 2.613636363636364e-01, -1.987395212418341e-04
8.934659090909092e-01, 2.840909090909091e-01, -2.020090693606489e-04
8.934659090909092e-01, 3.068181818181818e-01, -2.052786174794636e-04
8.934659090909092e-01, 3.295454545454545e-01, -2.085481655982784e-04
8.934659090909092e-01, 3.522727272727273e-01, -2.118177137170932e-04
8.934659090909092e-01, 3.750000000000000e-01, -2.123148617231081e-04
8.934659090909092e-01, 3.977272727272727e-01, -2.079483647769927e-04
8.934659090909092e-01, 4.204545454545455e-01, -2.035818678308772e-04
8.934659090909092e-01, 4.431818181818182e-01, -1.992153708847618e-04
8.934659090909092e-01, 4.659090909090909e-01, -1.948488739386463e-04
8.934659090909092e-01, 4.886363636363636e-01, -1.899841896538704e-04
8.934659090909092e-01, 5.113636363636364e-01, -1.817457818780349e-04
8.934659090909092e-01, 5.340909090909091e-01, -1.712296627561921e-04
8.934659090909092e-01, 5.568181818181818e-01, -1.607135436343494e-04
8.934659090909092e-01, 5.795454545454546e-01, -1.501974245125067e-04
8.934659090909092e-01, 6.022727272727273e-01, -1.396813053906640e-04
8.934659090909092e-01, 6.250000000000000e-01, -1.299274679355565e-04
8.934659090909092e-01, 6.477272727272727e-01, -1.160200708805026e-04
8.934659090909092e-01, 6.704545454545454e-01, -1.021126738254487e-04
8.934659090909092e-01, 6.931818181818182e-01, -8.820527677039462e-05
8.934659090909092e-01, 7.159090909090909e-01, -7.429787971534085e-05
8.934659090909092e-01, 7.386363636363636e-01, -6.158977076893758e-05
8.934659090909092e-01, 7.613636363636364e-01, -5.066457050273373e-05
8.934659090909092e-01, 7.840909090909091e-01, -3.888384507769723e-05
8.934659090909092e-01, 8.068181818181818e-01, -2.710311965266096e-05
8.934659090909092e-01, 8.295454545454546e-01, -1.532239422762446e-05
8.934659090909092e-01, 8.522727272727273e-01, -3.541668802588083e-06
8.934659090909092e-01, 8.750000000000000e-01, 3.335024691108285e-06
8.934659090909092e-01, 8.977272727272727e-01, 3.573751771963548e-06
8.934659090909092e-01, 9.204545454545454e-01, 3.812478852818812e-06
8.934659090909092e-01, 9.431818181818182e-01, 4.051205933674077e-06
8.934659090909092e-01, 9.659090909090909e-01, 4.289933014529338e-06
8.934659090909092e-01, 9.886363636363636e-01, 2.740958696995267e-06
9.133522727272727e-01, 1.136363636363636e-02, -1.247575630450953e-05
9.133522727272727e-01, 3.409090909090909e-02, -3.742726891352860e-05
9.133522727272727e-01, 5.681818181818182e-02, -6.237878152254766e-05
9.133522727272727e-01, 7.954545454545454e-02, -8.733029413156685e-05
9.133522727272727e-01, 1.022727272727273e-01, -1.076734713344871e-04
9.133522727272727e-01, 1.250000000000000e-01, -1.259219506255442e-04
9.133522727272727e-01, 1.477272727272727e-01, -1.385103555266140e-04
9.133522727272727e-01, 1.704545454545454e-01, -1.510987604276839e-04
9.133522727272727e-01, 1.931818181818182e-01, -1.636871653287538e-04
9.133522727272727e-01, 2.159090909090909e-01, -1.753712814870041e-04
9.133522727272727e-01, 2.386363636363636e-01, -1.831368130930358e-04
9.133522727272727e-01, 2.613636363636364e-01, -1.886543529554590e-04
9.133522727272727e-01, 2.840909090909091e-01, -1.919239010742738e-04
9.133522727272727e-01, 3.068181818181818e-01, -1.951934491930886e-04
9.133522727272727e-01, 3.295454545454545e-01, -1.984629973119034e-04
9.133522727272727e-01, 3.522727272727273e-01, -1.993866684121952e-04
9.133522727272727e-01, 3.750000000000000e-01, -1.992440317767948e-04
9.133522727272727e-01, 3.977272727272727e-01, -1.948775348306793e-04
9.133522727272727e-01, 4.204545454545455e-01, -1.905110378845639e-04
9.133522727272727e-01, 4.431818181818182e-01, -1.861445409384485e-04
9.133522727272727e-01, 4.659090909090909e-01, -1.814791315891368e-04
9.133522727272727e-01, 4.886363636363636e-01, -1.755184351593082e-04
9.133522727272727e-01, 5.113636363636364e-01, -1.672800273834724e-04
9.133522727272727e-01, 5.340909090909091e-01, -1.567639082616298e-04
9.133522727272727e-01, 5.568181818181818e-01, -1.462477891397870e-04
9.133522727272727e-01, 5.795454545454546e-01, -1.357316700179443e-04
9.133522727272727e-01, 6.022727272727273e-01, -1.258605584602622e-04
9.133522727272727e-01, 6.250000000000000e-01, -1.162826321590167e-04
9.133522727272727e-01, 6.477272727272727e-01, -1.023752351039628e-04
9.133522727272727e-01, 6.704545454545454e-01, -8.846783804890891e-05
9.133522727272727e-01, 6.931818181818182e-01, -7.456044099385499e-05
9.133522727272727e-01, 7.159090909090909e-01, -6.137261680399139e-05
9.133522727272727e-01, 7.386363636363636e-01, -5.130294169661998e-05
9.133522727272727e-01, 7.613636363636364e-01, -4.037774143041590e-05
9.133522727272727e-01, 7.840909090909091e-01, -2.859701600537963e-05
9.133522727272727e-01, 8.068181818181818e-01, -1.681629058034314e-05
9.133522727272727e-01, 8.295454545454546e-01, -5.035565155306756e-06
9.133522727272727e-01, 8.522727272727273e-01, 2.595594789365017e-06
9.133522727272727e-01, 8.750000000000000e-01, 8.340588606598337e-06
9.133522727272727e-01, 8.977272727272727e-01, 8.579315687453601e-06
9.133522727272727e-01, 9.204545454545454e-01, 8.818042768308862e-06
9.133522727272727e-01, 9.431818181818182e-01, 9.056769849164126e-06
9.133522727272727e-01, 9.659090909090909e-01, 8.222876090985801e-06
9.133522727272727e-01, 9.886363636363636e-01, 2.740958696995267e-06
9.332386363636364e-01, 1.136363636363636e-02, -1.247575630450953e-05
9.332386363636364e-01, 3.409090909090909e-02, -3.742726891352860e-05
9.332386363636364e-01, 5.681818181818182e-02, -6.237878152254766e-05
9.332386363636364e-01, 7.954545454545454e-02, -8.355983789021322e-05
9.332386363636364e-01, 1.022727272727273e-01, -1.018083171812704e-04
9.332386363636364e-01, 1.250000000000000e-01, -1.200567964723275e-04
9.332386363636364e-01, 1.477272727272727e-01, -1.326452013733974e-04
9.332386363636364e-01, 1.704545454545454e-01, -1.452336062744672e-04
9.332386363636364e-01, 1.931818181818182e-01, -1.575205815945972e-04
9.332386363636364e-01, 2.159090909090909e-01, -1.652861132006289e-04
9.332386363636364e-01, 2.386363636363636e-01, -1.730516448066606e-04
9.332386363636364e-01, 2.613636363636364e-01, -1.785691846690839e-04
9.332386363636364e-01, 2.840909090909091e-01, -1.818387327878987e-04
9.332386363636364e-01, 3.068181818181818e-01, -1.851082809067135e-04
9.332386363636364e-01, 3.295454545454545e-01, -1.864584751012822e-04
9.332386363636364e-01, 3.522727272727273e-01, -1.863158384658817e-04
9.332386363636364e-01, 3.750000000000000e-01, -1.861732018304815e-04
9.332386363636364e-01, 3.977272727272727e-01, -1.818067048843659e-04
9.332386363636364e-01, 4.204545454545455e-01, -1.774402079382504e-04
9.332386363636364e-01, 4.431818181818182e-01, -1.729740735244029e-04
9.332386363636364e-01, 4.659090909090909e-01, -1.670133770945743e-04
9.332386363636364e-01, 4.886363636363636e-01, -1.610526806647457e-04
9.332386363636364e-01, 5.113636363636364e-01, -1.528142728889100e-04
9.332386363636364e-01, 5.340909090909091e-01, -1.422981537670673e-04
9.332386363636364e-01, 5.568181818181818e-01, -1.317820346452246e-04
9.332386363636364e-01, 5.795454545454546e-01, -1.217936489849679e-04
9.332386363636364e-01, 6.022727272727273e-01, -1.122157226837223e-04
9.332386363636364e-01, 6.250000000000000e-01, -1.026377963824770e-04
9.332386363636364e-01, 6.477272727272727e-01, -8.873039932742289e-05
9.332386363636364e-01, 6.704545454545454e-01, -7.482300227236913e-05
9.332386363636364e-01, 6.931818181818182e-01, -6.115546283904523e-05
9.332386363636364e-01, 7.159090909090909e-01, -5.108578773167369e-05
9.332386363636364e-01, 7.386363636363636e-01, -4.101611262430215e-05
9.332386363636364e-01, 7.613636363636364e-01, -3.009091235809819e-05
9.332386363636364e-01, 7.840909090909091e-01, -1.831018693306181e-05
9.332386363636364e-01, 8.068181818181818e-01, -6.529461508025429e-06
9.332386363636364e-01, 8.295454545454546e-01, 1.856164887621749e-06
9.332386363636364e-01, 8.522727272727273e-01, 7.601158704855124e-06
9.332386363636364e-01, 8.750000000000000e-01, 1.334615252208839e-05
9.332386363636364e-01, 8.977272727272727e-01, 1.358487960294368e-05
9.332386363636364e-01, 9.204545454545454e-01, 1.382360668379894e-05
9.332386363636364e-01, 9.431818181818182e-01, 1.370479348497633e-05
9.332386363636364e-01, 9.659090909090909e-01, 8.222876090985801e-06
9.332386363636364e-01, 9.886363636363636e-01, 2.740958696995267e-06
9.531250000000000e-01, 1.136363636363636e-02, -1.247575630450953e-05
9.531250000000000e-01, 3.409090909090909e-02, -3.742726891352860e-05
9.531250000000000e-01, 5.681818181818182e-02, -5.944620444593934e-05
9.531250000000000e-01, 7.954545454545454e-02, -7.769468373699647e-05
9.531250000000000e-01, 1.022727272727273e-01, -9.594316302805361e-05
9.531250000000000e-01, 1.250000000000000e-01, -1.141916423191107e-04
9.531250000000000e-01, 1.477272727272727e-01, -1.267800472201806e-04
9.531250000000000e-01, 1.704545454545454e-01, -1.393684521212504e-04
9.531250000000000e-01, 1.931818181818182e-01, -1.474354133082221e-04
9.531250000000000e-01, 2.159090909090909e-01, -1.552009449142539e-04
9.531250000000000e-01, 2.386363636363636e-01, -1.629664765202855e-04
9.531250000000000e-01, 2.613636363636364e-01, -1.684840163827088e-04
9.531250000000000e-01, 2.840909090909091e-01, -1.717535645015236e-04
9.531250000000000e-01, 3.068181818181818e-01, -1.735302817903692e-04
9.531250000000000e-01, 3.295454545454545e-01, -1.733876451549687e-04
9.531250000000000e-01, 3.522727272727273e-01, -1.732450085195684e-04
9.531250000000000e-01, 3.750000000000000e-01, -1.731023718841679e-04
9.531250000000000e-01, 3.977272727272727e-01, -1.687358749380525e-04
9.531250000000000e-01, 4.204545454545455e-01, -1.643693779919371e-04
9.531250000000000e-01, 4.431818181818182e-01, -1.585083190298405e-04
9.531250000000000e-01, 4.659090909090909e-01, -1.525476226000119e-04
9.531250000000000e-01, 4.886363636363636e-01, -1.465869261701832e-04
9.531250000000000e-01, 5.113636363636364e-01, -1.383485183943477e-04
9.531250000000000e-01, 5.340909090909091e-01, -1.278323992725048e-04
9.531250000000000e-01, 5.568181818181818e-01, -1.177267395096735e-04
9.531250000000000e-01, 5.795454545454546e-01, -1.081488132084280e-04
9.531250000000000e-01, 6.022727272727273e-01, -9.857088690718249e-05
9.531250000000000e-01, 6.250000000000000e-01, -8.899296060593703e-05
9.531250000000000e-01, 6.477272727272727e-01, -7.508556355088311e-05
9.531250000000000e-01, 6.704545454545454e-01, -6.117816649582920e-05
9.531250000000000e-01, 6.931818181818182e-01, -5.086863376672740e-05
9.531250000000000e-01, 7.159090909090909e-01, -4.079895865935598e-05
9.531250000000000e-01, 7.386363636363636e-01, -3.072928355198433e-05
9.531250000000000e-01, 7.613636363636364e-01, -1.980408328578049e-05
9.531250000000000e-01, 7.840909090909091e-01, -8.023357860743989e-06
9.531250000000000e-01, 8.068181818181818e-01, 1.116734985878480e-06
9.531250000000000e-01, 8.295454545454546e-01, 6.861728803111855e-06
9.531250000000000e-01, 8.522727272727273e-01, 1.260672262034517e-05
9.531250000000000e-01, 8.750000000000000e-01, 1.835171643757849e-05
9.531250000000000e-01, 8.977272727272727e-01, 1.859044351843376e-05
9.531250000000000e-01, 9.204545454545454e-01, 1.882917059928902e-05
9.531250000000000e-01, 9.431818181818182e-01, 1.370479348497633e-05
9.531250000000000e-01, 9.659090909090909e-01, 8.222876090985801e-06
9.531250000000000e-01, 9.886363636363636e-01, 2.740958696995267e-06
9.730113636363636e-01, 1.136363636363636e-02, -1.247575630450953e-05
9.730113636363636e-01, 3.409090909090909e-02, -3.533257100166552e-05
9.730113636363636e-01, 5.681818181818182e-02, -5.358105029272266e-05
9.730113636363636e-01, 7.954545454545454e-02, -7.182952958377978e-05
9.730113636363636e-01, 1.022727272727273e-01, -9.007800887483691e-05
9.730113636363636e-01, 1.250000000000000e-01, -1.083264881658940e-04
9.730113636363636e-01, 1.477272727272727e-01, -1.209148930669639e-04
9.730113636363636e-01, 1.704545454545454e-01, -1.295847134158152e-04
9.730113636363636e-01, 1.931818181818182e-01, -1.373502450218469e-04
9.730113636363636e-01, 2.159090909090909e-01, -1.451157766278787e-04
9.730113636363636e-01, 2.386363636363636e-01, -1.528813082339104e-04
9.730113636363636e-01, 2.613636363636364e-01, -1.583988480963337e-04
9.730113636363636e-01, 2.840909090909091e-01, -1.606020884794562e-04
9.730113636363636e-01, 3.068181818181818e-01, -1.604594518440558e-04
9.730113636363636e-01, 3.295454545454545e-01, -1.603168152086554e-04
9.730113636363636e-01, 3.522727272727273e-01, -1.601741785732550e-04
9.730113636363636e-01, 3.750000000000000e-01, -1.600315419378544e-04
9.730113636363636e-01, 3.977272727272727e-01, -1.556650449917391e-04
9.730113636363636e-01, 4.204545454545455e-01, -1.500032609651066e-04
9.730113636363636e-01, 4.431818181818182e-01, -1.440425645352780e-04
9.730113636363636e-01, 4.659090909090909e-01, -1.380818681054494e-04
9.730113636363636e-01, 4.886363636363636e-01, -1.321211716756208e-04
9.730113636363636e-01, 5.113636363636364e-01, -1.238827638997852e-04
9.730113636363636e-01, 5.340909090909091e-01, -1.136598300343791e-04
9.730113636363636e-01, 5.568181818181818e-01, -1.040819037331336e-04
9.730113636363636e-01, 5.795454545454546e-01, -9.450397743188803e-05
9.730113636363636e-01, 6.022727272727273e-01, -8.492605113064272e-05
9.730113636363636e-01, 6.250000000000000e-01, -7.534812482939710e-05
9.730113636363636e-01, 6.477272727272727e-01, -6.144072777434333e-05
9.730113636363636e-01, 6.704545454545454e-01, -5.065147980178123e-05
9.730113636363636e-01, 6.931818181818182e-01, -4.058180469440969e-05
9.730113636363636e-01, 7.159090909090909e-01, -3.051212958703816e-05
9.730113636363636e-01, 7.386363636363636e-01, -2.044245447966662e-05
9.730113636363636e-01, 7.613636363636364e-01, -9.517254213462661e-06
9.730113636363636e-01, 7.840909090909091e-01, 3.773050841352677e-07
9.730113636363636e-01, 8.068181818181818e-01, 6.122298901368586e-06
9.730113636363636e-01, 8.295454545454546e-01, 1.186729271860196e-05
9.730113636363636e-01, 8.522727272727273e-01, 1.761228653583523e-05
9.730113636363636e-01, 8.750000000000000e-01, 2.335728035306860e-05
9.730113636363636e-01, 8.977272727272727e-01, 2.359600743392384e-05
9.730113636363636e-01, 9.204545454545454e-01, 1.918671087896689e-05
9.730113636363636e-01, 9.431818181818182e-01, 1.370479348497633e-05
9.730113636363636e-01, 9.659090909090909e-01, 8.222876090985801e-06
9.730113636363636e-01, 9.886363636363636e-01, 2.740958696995267e-06
9.928977272727273e-01, 1.136363636363636e-02, -1.121893755739164e-05
9.928977272727273e-01, 3.409090909090909e-02, -2.946741684844877e-05
9.928977272727273e-01, 5.681818181818182e-02, -4.771589613950590e-05
9.928977272727273e-01, 7.954545454545454e-02, -6.596437543056303e-05
9.928977272727273e-01, 1.022727272727273e-01, -8.421285472162015e-05
9.928977272727273e-01, 1.250000000000000e-01, -1.024613340126773e-04
9.928977272727273e-01, 1.477272727272727e-01, -1.117340135234085e-04
9.928977272727273e-01, 1.704545454545454e-01, -1.194995451294402e-04
9.928977272727273e-01, 1.931818181818182e-01, -1.272650767354719e-04
9.928977272727273e-01, 2.159090909090909e-01, -1.350306083415036e-04
9.928977272727273e-01, 2.386363636363636e-01, -1.427961399475354e-04
9.928977272727273e-01, 2.613636363636364e-01, -1.476738951685431e-04
9.928977272727273e-01, 2.840909090909091e-01, -1.475312585331427e-04
9.928977272727273e-01, 3.068181818181818e-01, -1.473886218977423e-04
9.928977272727273e-01, 3.295454545454545e-01, -1.472459852623419e-04
9.928977272727273e-01, 3.522727272727273e-01, -1.471033486269415e-04
9.928977272727273e-01, 3.750000000000000e-01, -1.469607119915411e-04
9.928977272727273e-01, 3.977272727272727e-01, -1.414982029003729e-04
9.928977272727273e-01, 4.204545454545455e-01, -1.355375064705443e-04
9.928977272727273e-01, 4.431818181818182e-01, -1.295768100407157e-04
9.928977272727273e-01, 4.659090909090909e-01, -1.236161136108870e-04
9.928977272727273e-01, 4.886363636363636e-01, -1.176554171810585e-04
9.928977272727273e-01, 5.113636363636364e-01, -1.095929205590846e-04
9.928977272727273e-01, 5.340909090909091e-01, -1.000149942578393e-04
9.928977272727273e-01, 5.568181818181818e-01, -9.043706795659370e-05
9.928977272727273e-01, 5.795454545454546e-01, -8.085914165534826e-05
9.928977272727273e-01, 6.022727272727273e-01, -7.128121535410279e-05
9.928977272727273e-01, 6.250000000000000e-01, -6.170328905285734e-05
9.928977272727273e-01, 6.477272727272727e-01, -5.043432583683505e-05
9.928977272727273e-01, 6.704545454545454e-01, -4.036465072946352e-05
9.928977272727273e-01, 6.931818181818182e-01, -3.029497562209199e-05
9.928977272727273e-01, 7.159090909090909e-01, -2.022530051472033e-05
9.928977272727273e-01, 7.386363636363636e-01, -1.015562540734891e-05
9.928977272727273e-01, 7.613636363636364e-01, -3.621248176079449e-07
9.928977272727273e-01, 7.840909090909091e-01, 5.382868999625319e-06
9.928977272727273e-01, 8.068181818181818e-01, 1.112786281685870e-05
9.928977272727273e-01, 8.295454545454546e-01, 1.687285663409201e-05
9.928977272727273e-01, 8.522727272727273e-01, 2.261785045132533e-05
9.928977272727273e-01, 8.750000000000000e-01, 2.836284426855865e-05
9.928977272727273e-01, 8.977272727272727e-01, 2.466862827295743e-05
9.928977272727273e-01, 9.204545454545454e-01, 1.918671087896689e-05
9.928977272727273e-01, 9.431818181818182e-01, 1.370479348497633e-05
9.928977272727273e-01, 9.659090909090909e-01, 8.222876090985801e-06
9.928977272727273e-01, 9.886363636363636e-01, 2.740958696995267e-06
1.012784090909091e+00, 1.136363636363636e-02, -9.124239645528642e-06
1.012784090909091e+00, 3.409090909090909e-02, -2.737271893658575e-05
1.012784090909091e+00, 5.681818181818182e-02, -4.562119822764285e-05
1.012784090909091e+00, 7.954545454545454e-02, -6.386967751869996e-05
1.012784090909091e+00, 1.022727272727273e-01, -8.211815680975706e-05
1.012784090909091e+00, 1.250000000000000e-01, -9.716670263214238e-05
1.012784090909091e+00, 1.477272727272727e-01, -1.049322342381741e-04
1.012784090909091e+00, 1.704545454545454e-01, -1.126977658442058e-04
1.012784090909091e+00, 1.931818181818182e-01, -1.204632974502375e-04
1.012784090909091e+00, 2.159090909090909e-01, -1.282288290562692e-04
1.012784090909091e+00, 2.386363636363636e-01, -1.357928080615558e-04
1.012784090909091e+00, 2.613636363636364e-01, -1.379918347409103e-04
1.012784090909091e+00, 2.840909090909091e-01, -1.378491981055099e-04
1.012784090909091e+00, 3.068181818181818e-01, -1.377065614701094e-04
1.012784090909091e+00, 3.295454545454545e-01, -1.375639248347090e-04
1.012784090909091e+00, 3.522727272727273e-01, -1.374212881993086e-04
1.012784090909091e+00, 3.750000000000000e-01, -1.365340465613944e-04
1.012784090909091e+00, 3.977272727272727e-01, -1.305733501315658e-04
1.012784090909091e+00, 4.204545454545455e-01, -1.246126537017372e-04
1.012784090909091e+00, 4.431818181818182e-01, -1.186519572719086e-04
1.012784090909091e+00, 4.659090909090909e-01, -1.126912608420799e-04
1.012784090909091e+00, 4.886363636363636e-01, -1.067547371429118e-04
1.012784090909091e+00, 5.113636363636364e-01, -9.917880762265951e-05
1.012784090909091e+00, 5.340909090909091e-01, -8.960088132141396e-05
1.012784090909091e+00, 5.568181818181818e-01, -8.002295502016859e-05
1.012784090909091e+00, 5.795454545454546e-01, -7.044502871892303e-05
1.012784090909091e+00, 6.022727272727273e-01, -6.086710241767757e-05
1.012784090909091e+00, 6.250000000000000e-01, -5.241150381973297e-05
1.012784090909091e+00, 6.477272727272727e-01, -4.234182871236143e-05
1.012784090909091e+00, 6.704545454545454e-01, -3.227215360498989e-05
1.012784090909091e+00, 6.931818181818182e-01, -2.220247849761825e-05
1.012784090909091e+00, 7.159090909090909e-01, -1.213280339024682e-05
1.012784090909091e+00, 7.386363636363636e-01, -2.263258034067914e-06
1.012784090909091e+00, 7.613636363636364e-01, 4.043038418692711e-06
1.012784090909091e+00, 7.840909090909091e-01, 9.788032235926089e-06
1.012784090909091e+00, 8.068181818181818e-01, 1.553302605315935e-05
1.012784090909091e+00, 8.295454545454546e-01, 2.127801987039273e-05
1.012784090909091e+00, 8.522727272727273e-01, 2.702301368762605e-05
1.012784090909091e+00, 8.750000000000000e-01, 3.090611292874068e-05
1.012784090909091e+00, 8.977272727272727e-01, 2.542419553475014e-05
1.012784090909091e+00, 9.204545454545454e-01, 1.994227814075961e-05
1.012784090909091e+00, 9.431818181818182e-01, 1.446036074676903e-05
1.012784090909091e+00, 9.659090909090909e-01, 8.978443352778546e-06
1.012784090909091e+00, 9.886363636363636e-01, 3.412574040811021e-06
1.032670454545455e+00, 1.136363636363636e-02, -9.124239645528642e-06
1.032670454545455e+00, 3.409090909090909e-02, -2.737271893658575e-05
1.032670454545455e+00, 5.681818181818182e-02, -4.562119822764285e-05
1.032670454545455e+00, 7.954545454545454e-02, -6.386967751869996e-05
1.032670454545455e+00, 1.022727272727273e-01, -7.962931966745674e-05
1.032670454545455e+00, 1.250000000000000e-01, -9.218902834754174e-05
1.032670454545455e+00, 1.477272727272727e-01, -9.995455995357347e-05
1.032670454545455e+00, 1.704545454545454e-01, -1.077200915596052e-04
1.032670454545455e+00, 1.931818181818182e-01, -1.154856231656369e-04
1.032670454545455e+00, 2.159090909090909e-01, -1.232511547716686e-04
1.032670454545455e+00, 2.386363636363636e-01, -1.279933973665230e-04
1.032670454545455e+00, 2.613636363636364e-01, -1.301924240458775e-04
1.032670454545455e+00, 2.840909090909091e-01, -1.300497874104771e-04
1.032670454545455e+00, 3.068181818181818e-01, -1.299071507750766e-04
1.032670454545455e+00, 3.295454545454545e-01, -1.297645141396762e-04
1.032670454545455e+00, 3.522727272727273e-01, -1.290427402800984e-04
1.032670454545455e+00, 3.750000000000000e-01, -1.275763614180068e-04
1.032670454545455e+00, 3.977272727272727e-01, -1.216156649881782e-04
1.032670454545455e+00, 4.204545454545455e-01, -1.156549685583496e-04
1.032670454545455e+00, 4.431818181818182e-01, -1.096942721285210e-04
1.032670454545455e+00, 4.659090909090909e-01, -1.037335756986924e-04
1.032670454545455e+00, 4.886363636363636e-01, -9.813547022877236e-05
1.032670454545455e+00, 5.113636363636364e-01, -9.055954070852004e-05
1.032670454545455e+00, 5.340909090909091e-01, -8.098161440727449e-05
1.032670454545455e+00, 5.568181818181818e-01, -7.140368810602913e-05
1.032670454545455e+00, 5.795454545454546e-01, -6.182576180478356e-05
1.032670454545455e+00, 6.022727272727273e-01, -5.312075705054990e-05
1.032670454545455e+00, 6.250000000000000e-01, -4.553807999961709e-05
1.032670454545455e+00, 6.477272727272727e-01, -3.546840489224555e-05
1.032670454545455e+00, 6.704545454545454e-01, -2.539872978487401e-05
1.032670454545455e+00, 6.931818181818182e-01, -1.532905467750238e-05
1.032670454545455e+00, 7.159090909090909e-01, -5.259379570130938e-06
1.032670454545455e+00, 7.386363636363636e-01, 1.808349269349877e-06
1.032670454545455e+00, 7.613636363636364e-01, 8.114645722110504e-06
1.032670454545455e+00, 7.840909090909091e-01, 1.385963953934388e-05
1.032670454545455e+00, 8.068181818181818e-01, 1.960463335657714e-05
1.032670454545455e+00, 8.295454545454546e-01, 2.534962717381052e-05
1.032670454545455e+00, 8.522727272727273e-01, 2.964648076517373e-05
1.032670454545455e+00, 8.750000000000000e-01, 3.208143978041826e-05
1.032670454545455e+00, 8.977272727272727e-01, 2.659952238642772e-05
1.032670454545455e+00, 9.204545454545454e-01, 2.111760499243719e-05
1.032670454545455e+00, 9.431818181818182e-01, 1.563568759844660e-05
1.032670454545455e+00, 9.659090909090909e-01, 1.015377020445612e-05
1.032670454545455e+00, 9.886363636363636e-01, 3.412574040811021e-06
1.052556818181818e+00, 1.136363636363636e-02, -9.124239645528642e-06
1.052556818181818e+00, 3.409090909090909e-02, -2.737271893658575e-05
1.052556818181818e+00, 5.681818181818182e-02, -4.562119822764285e-05
1.052556818181818e+00, 7.954545454545454e-02, -6.209193670277115e-05
1.052556818181818e+00, 1.022727272727273e-01, -7.465164538285617e-05
1.052556818181818e+00, 1.250000000000000e-01, -8.721135406294117e-05
1.052556818181818e+00, 1.477272727272727e-01, -9.497688566897287e-05
1.052556818181818e+00, 1.704545454545454e-01, -1.027424172750046e-04
1.052556818181818e+00, 1.931818181818182e-01, -1.105079488810363e-04
1.052556818181818e+00, 2.159090909090909e-01, -1.156532966773811e-04
1.052556818181818e+00, 2.386363636363636e-01, -1.201939866714904e-04
1.052556818181818e+00, 2.613636363636364e-01, -1.223930133508448e-04
1.052556818181818e+00, 2.840909090909091e-01, -1.222503767154443e-04
1.052556818181818e+00, 3.068181818181818e-01, -1.221077400800439e-04
1.052556818181818e+00, 3.295454545454545e-01, -1.215514339988025e-04
1.052556818181818e+00, 3.522727272727273e-01, -1.200850551367110e-04
1.052556818181818e+00, 3.750000000000000e-01, -1.186186762746194e-04
1.052556818181818e+00, 3.977272727272727e-01, -1.126579798447908e-04
1.052556818181818e+00, 4.204545454545455e-01, -1.066972834149622e-04
1.052556818181818e+00, 4.431818181818182e-01, -1.007365869851335e-04
1.052556818181818e+00, 4.659090909090909e-01, -9.509013605389245e-05
1.052556818181818e+00, 4.886363636363636e-01, -8.951620331463310e-05
1.052556818181818e+00, 5.113636363636364e-01, -8.194027379438059e-05
1.052556818181818e+00, 5.340909090909091e-01, -7.236234749313521e-05
1.052556818181818e+00, 5.568181818181818e-01, -6.278442119188966e-05
1.052556818181818e+00, 5.795454545454546e-01, -5.383001028136690e-05
1.052556818181818e+00, 6.022727272727273e-01, -4.624733323043410e-05
1.052556818181818e+00, 6.250000000000000e-01, -3.866465617950129e-05
1.052556818181818e+00, 6.477272727272727e-01, -2.859498107212975e-05
1.052556818181818e+00, 6.704545454545454e-01, -1.852530596475821e-05
1.052556818181818e+00, 6.931818181818182e-01, -8.455630857386676e-06
1.052556818181818e+00, 7.159090909090909e-01, -9.876425155204109e-07
1.052556818181818e+00, 7.386363636363636e-01, 5.879956572767578e-06
1.052556818181818e+00, 7.613636363636364e-01, 1.218625302552831e-05
1.052556818181818e+00, 7.840909090909091e-01, 1.793124684276157e-05
1.052556818181818e+00, 8.068181818181818e-01, 2.367624065999495e-05
1.052556818181818e+00, 8.295454545454546e-01, 2.838684860160677e-05
1.052556818181818e+00, 8.522727272727273e-01, 3.082180761685129e-05
1.052556818181818e+00, 8.750000000000000e-01, 3.325676663209582e-05
1.052556818181818e+00, 8.977272727272727e-01, 2.777484923810529e-05
1.052556818181818e+00, 9.204545454545454e-01, 2.229293184411475e-05
1.052556818181818e+00, 9.431818181818182e-01, 1.681101445012422e-05
1.052556818181818e+00, 9.659090909090909e-01, 1.023772212243306e-05
1.052556818181818e+00, 9.886363636363636e-01, 3.412574040811021e-06
1.072443181818182e+00, 1.136363636363636e-02, -9.124239645528642e-06
1.072443181818182e+00, 3.409090909090909e-02, -2.737271893658575e-05
1.072443181818182e+00, 5.681818181818182e-02, -4.455455373808551e-05
1.072443181818182e+00, 7.954545454545454e-02, -5.711426241817052e-05
1.072443181818182e+00, 1.022727272727273e-01, -6.967397109825553e-05
1.072443181818182e+00, 1.250000000000000e-01, -8.223367977834055e-05
1.072443181818182e+00, 1.477272727272727e-01, -8.999921138437225e-05
1.072443181818182e+00, 1.704545454545454e-01, -9.776474299040396e-05
1.072443181818182e+00, 1.931818181818182e-01, -1.033131959882390e-04
1.072443181818182e+00, 2.159090909090909e-01, -1.078538859823483e-04
1.072443181818182e+00, 2.386363636363636e-01, -1.123945759764576e-04
1.072443181818182e+00, 2.613636363636364e-01, -1.145936026558120e-04
1.072443181818182e+00, 2.840909090909091e-01, -1.144509660204116e-04
1.072443181818182e+00, 3.068181818181818e-01, -1.140601277175065e-04
1.072443181818182e+00, 3.295454545454545e-01, -1.125937488554150e-04
1.072443181818182e+00, 3.522727272727273e-01, -1.111273699933234e-04
1.072443181818182e+00, 3.750000000000000e-01, -1.096609911312318e-04
1.072443181818182e+00, 3.977272727272727e-01, -1.037002947014032e-04
1.072443181818182e+00, 4.204545454545455e-01, -9.773959827157457e-05
1.072443181818182e+00, 4.431818181818182e-01, -9.204480187901233e-05
1.072443181818182e+00, 4.659090909090909e-01, -8.647086913975298e-05
1.072443181818182e+00, 4.886363636363636e-01, -8.089693640049364e-05
1.072443181818182e+00, 5.113636363636364e-01, -7.332100688024113e-05
1.072443181818182e+00, 5.340909090909091e-01, -6.374308057899576e-05
1.072443181818182e+00, 5.568181818181818e-01, -5.453926351218384e-05
1.072443181818182e+00, 5.795454545454546e-01, -4.695658646125102e-05
1.072443181818182e+00, 6.022727272727273e-01, -3.937390941031822e-05
1.072443181818182e+00, 6.250000000000000e-01, -3.179123235938542e-05
1.072443181818182e+00, 6.477272727272727e-01, -2.172155725201388e-05
1.072443181818182e+00, 6.704545454545454e-01, -1.165188214464234e-05
1.072443181818182e+00, 6.931818181818182e-01, -3.783634300390699e-06
1.072443181818182e+00, 7.159090909090909e-01, 3.083964787897380e-06
1.072443181818182e+00, 7.386363636363636e-01, 9.951563876185367e-06
1.072443181818182e+00, 7.613636363636364e-01, 1.625786032894610e-05
1.072443181818182e+00, 7.840909090909091e-01, 2.200285414617936e-05
1.072443181818182e+00, 8.068181818181818e-01, 2.712721643803981e-05
1.072443181818182e+00, 8.295454545454546e-01, 2.956217545328435e-05
1.072443181818182e+00, 8.522727272727273e-01, 3.199713446852887e-05
1.072443181818182e+00, 8.750000000000000e-01, 3.443209348377340e-05
1.072443181818182e+00, 8.977272727272727e-01, 2.895017608978287e-05
1.072443181818182e+00, 9.204545454545454e-01, 2.346825869579233e-05
1.072443181818182e+00, 9.431818181818182e-01, 1.706287020405510e-05
1.072443181818182e+00, 9.659090909090909e-01, 1.023772212243306e-05
1.072443181818182e+00, 9.886363636363636e-01, 3.412574040811021e-06
1.092329545454545e+00, 1.136363636363636e-02, -9.124239645528642e-06
1.092329545454545e+00, 3.409090909090909e-02, -2.701717077339991e-05
1.092329545454545e+00, 5.681818181818182e-02, -3.957687945348493e-05
1.092329545454545e+00, 7.954545454545454e-02, -5.213658813356994e-05
1.092329545454545e+00, 1.022727272727273e-01, -6.469629681365496e-05
1.092329545454545e+00, 1.250000000000000e-01, -7.725600549373996e-05
1.092329545454545e+00, 1.477272727272727e-01, -8.502153709977168e-05
1.092329545454545e+00, 1.704545454545454e-01, -9.097309529909704e-05
1.092329545454545e+00, 1.931818181818182e-01, -9.551378529320634e-05
1.092329545454545e+00, 2.159090909090909e-01, -1.000544752873156e-04
1.092329545454545e+00, 2.386363636363636e-01, -1.045951652814248e-04
1.092329545454545e+00, 2.613636363636364e-01, -1.067941919607793e-04
1.092329545454545e+00, 2.840909090909091e-01, -1.065688214362107e-04
1.092329545454545e+00, 3.068181818181818e-01, -1.051024425741191e-04
1.092329545454545e+00, 3.295454545454545e-01, -1.036360637120275e-04
1.092329545454545e+00, 3.522727272727273e-01, -1.021696848499359e-04
1.092329545454545e+00, 3.750000000000000e-01, -1.007033059878443e-04
1.092329545454545e+00, 3.977272727272727e-01, -9.474260955801574e-05
1.092329545454545e+00, 4.204545454545455e-01, -8.899946770413233e-05
1.092329545454545e+00, 4.431818181818182e-01, -8.342553496487297e-05
1.092329545454545e+00, 4.659090909090909e-01, -7.785160222561361e-05
1.092329545454545e+00, 4.886363636363636e-01, -7.227766948635417e-05
1.092329545454545e+00, 5.113636363636364e-01, -6.470173996610185e-05
1.092329545454545e+00, 5.340909090909091e-01, -5.524851674300084e-05
1.092329545454545e+00, 5.568181818181818e-01, -4.766583969206811e-05
1.092329545454545e+00, 5.795454545454546e-01, -4.008316264113522e-05
1.092329545454545e+00, 6.022727272727273e-01, -3.250048559020242e-05
1.092329545454545e+00, 6.250000000000000e-01, -2.491780853926961e-05
1.092329545454545e+00, 6.477272727272727e-01, -1.484813343189807e-05
1.092329545454545e+00, 6.704545454545454e-01, -6.579626085260997e-06
1.092329545454545e+00, 6.931818181818182e-01, 2.879730030270926e-07
1.092329545454545e+00, 7.159090909090909e-01, 7.155572091315080e-06
1.092329545454545e+00, 7.386363636363636e-01, 1.402317117960316e-05
1.092329545454545e+00, 7.613636363636364e-01, 2.032946763236379e-05
1.092329545454545e+00, 7.840909090909091e-01, 2.586758427447285e-05
1.092329545454545e+00, 8.068181818181818e-01, 2.830254328971736e-05
1.092329545454545e+00, 8.295454545454546e-01, 3.073750230496191e-05
1.092329545454545e+00, 8.522727272727273e-01, 3.317246132020643e-05
1.092329545454545e+00, 8.750000000000000e-01, 3.560742033545096e-05
1.092329545454545e+00, 8.977272727272727e-01, 3.012550294146043e-05
1.092329545454545e+00, 9.204545454545454e-01, 2.388801828567718e-05
1.092329545454545e+00, 9.431818181818182e-01, 1.706287020405510e-05
1.092329545454545e+00, 9.659090909090909e-01, 1.023772212243306e-05
1.092329545454545e+00, 9.886363636363636e-01, 3.412574040811021e-06
1.112215909090909e+00, 1.136363636363636e-02, -9.124239645528642e-06
1.112215909090909e+00, 3.409090909090909e-02, -2.203949648879928e-05
1.112215909090909e+00, 5.681818181818182e-02, -3.459920516888430e-05
1.112215909090909e+00, 7.954545454545454e-02, -4.715891384896931e-05
1.112215909090909e+00, 1.022727272727273e-01, -5.971862252905432e-05
1.112215909090909e+00, 1.250000000000000e-01, -7.227833120913933e-05
1.112215909090909e+00, 1.477272727272727e-01, -7.863299460995497e-05
1.112215909090909e+00, 1.704545454545454e-01, -8.317368460406425e-05
1.112215909090909e+00, 1.931818181818182e-01, -8.771437459817355e-05
1.112215909090909e+00, 2.159090909090909e-01, -9.225506459228283e-05
1.112215909090909e+00, 2.386363636363636e-01, -9.679575458639205e-05
1.112215909090909e+00, 2.613636363636364e-01, -9.899478126574651e-05
1.112215909090909e+00, 2.840909090909091e-01, -9.761113629282309e-05
1.112215909090909e+00, 3.068181818181818e-01, -9.614475743073152e-05
1.112215909090909e+00, 3.295454545454545e-01, -9.467837856863993e-05
1.112215909090909e+00, 3.522727272727273e-01, -9.321199970654835e-05
1.112215909090909e+00, 3.750000000000000e-01, -9.174562084445677e-05
1.112215909090909e+00, 3.977272727272727e-01, -8.595413352925221e-05
1.112215909090909e+00, 4.204545454545455e-01, -8.038020078999287e-05
1.112215909090909e+00, 4.431818181818182e-01, -7.480626805073351e-05
1.112215909090909e+00, 4.659090909090909e-01, -6.923233531147415e-05
1.112215909090909e+00, 4.886363636363636e-01, -6.365840257221471e-05
1.112215909090909e+00, 5.113636363636364e-01, -5.608247305196238e-05
1.112215909090909e+00, 5.340909090909091e-01, -4.837509292288497e-05
1.112215909090909e+00, 5.568181818181818e-01, -4.079241587195223e-05
1.112215909090909e+00, 5.795454545454546e-01, -3.320973882101934e-05
1.112215909090909e+00, 6.022727272727273e-01, -2.562706177008654e-05
1.112215909090909e+00, 6.250000000000000e-01, -1.804438471915374e-05
1.112215909090909e+00, 6.477272727272727e-01, -9.375617870131241e-06
1.112215909090909e+00, 6.704545454545454e-01, -2.508018781843206e-06
1.112215909090909e+00, 6.931818181818182e-01, 4.359580306444884e-06
1.112215909090909e+00, 7.159090909090909e-01, 1.122717939473287e-05
1.112215909090909e+00, 7.386363636363636e-01, 1.809477848302095e-05
1.112215909090909e+00, 7.613636363636364e-01, 2.440107493578158e-05
1.112215909090909e+00, 7.840909090909091e-01, 2.704291112615043e-05
1.112215909090909e+00, 8.068181818181818e-01, 2.947787014139494e-05
1.112215909090909e+00, 8.295454545454546e-01, 3.191282915663949e-05
1.112215909090909e+00, 8.522727272727273e-01, 3.434778817188402e-05
1.112215909090909e+00, 8.750000000000000e-01, 3.678274718712854e-05
1.112215909090909e+00, 8.977272727272727e-01, 3.071316636729922e-05
1.112215909090909e+00, 9.204545454545454e-01, 2.388801828567718e-05
1.112215909090909e+00, 9.431818181818182e-01, 1.706287020405510e-05
1.112215909090909e+00, 9.659090909090909e-01, 1.023772212243306e-05
1.112215909090909e+00, 9.886363636363636e-01, 3.412574040811021e-06
1.132102272727273e+00, 1.136363636363636e-02, -6.279854340042559e-06
1.132102272727273e+00, 3.409090909090909e-02, -1.883956302012755e-05
1.132102272727273e+00, 5.681818181818182e-02, -3.139927170021255e-05
1.132102272727273e+00, 7.954545454545454e-02, -4.395898038029754e-05
1.132102272727273e+00, 1.022727272727273e-01, -5.651868906038254e-05
1.132102272727273e+00, 1.250000000000000e-01, -6.759186348758635e-05
1.132102272727273e+00, 1.477272727272727e-01, -7.213255348169562e-05
1.132102272727273e+00, 1.704545454545454e-01, -7.667324347580490e-05
1.132102272727273e+00, 1.931818181818182e-01, -8.121393346991417e-05
1.132102272727273e+00, 2.159090909090909e-01, -8.575462346402344e-05
1.132102272727273e+00, 2.386363636363636e-01, -9.029531345813272e-05
1.132102272727273e+00, 2.613636363636364e-01, -9.117485422812998e-05
1.132102272727273e+00, 2.840909090909091e-01, -8.970847536603841e-05
1.132102272727273e+00, 3.068181818181818e-01, -8.824209650394683e-05
1.132102272727273e+00, 3.295454545454545e-01, -8.677571764185524e-05
1.132102272727273e+00, 3.522727272727273e-01, -8.530933877976365e-05
1.132102272727273e+00, 3.750000000000000e-01, -8.381637113386845e-05
1.132102272727273e+00, 3.977272727272727e-01, -7.824243839460909e-05
1.132102272727273e+00, 4.204545454545455e-01, -7.266850565534973e-05
1.132102272727273e+00, 4.431818181818182e-01, -6.709457291609037e-05
1.132102272727273e+00, 4.659090909090909e-01, -6.152064017683101e-05
1.132102272727273e+00, 4.886363636363636e-01, -5.594670743757166e-05
1.132102272727273e+00, 5.113636363636364e-01, -4.981508293379439e-05
1.132102272727273e+00, 5.340909090909091e-01, -4.223240588286166e-05
1.132102272727273e+00, 5.568181818181818e-01, -3.464972883192878e-05
1.132102272727273e+00, 5.795454545454546e-01, -2.706705178099597e-05
1.132102272727273e+00, 6.022727272727273e-01, -1.948437473006316e-05
1.132102272727273e+00, 6.250000000000000e-01, -1.265594804139069e-05
1.132102272727273e+00, 6.477272727272727e-01, -5.788348953102656e-06
1.132102272727273e+00, 6.704545454545454e-01, 1.079250135185377e-06
1.132102272727273e+00, 6.931818181818182e-01, 7.946849223473413e-06
1.132102272727273e+00, 7.159090909090909e-01, 1.481444831176151e-05
1.132102272727273e+00, 7.386363636363636e-01, 2.168204740004948e-05
1.132102272727273e+00, 7.613636363636364e-01, 2.551303264727927e-05
1.132102272727273e+00, 7.840909090909091e-01, 2.794799166252378e-05
1.132102272727273e+00, 8.068181818181818e-01, 3.038295067776833e-05
1.132102272727273e+00, 8.295454545454546e-01, 3.281790969301285e-05
1.132102272727273e+00, 8.522727272727273e-01, 3.525286870825738e-05
1.132102272727273e+00, 8.750000000000000e-01, 3.718196923816075e-05
1.132102272727273e+00, 8.977272727272727e-01, 3.035682115653870e-05
1.132102272727273e+00, 9.204545454545454e-01, 2.353167307491659e-05
1.132102272727273e+00, 9.431818181818182e-01, 1.670652499329461e-05
1.132102272727273e+00, 9.659090909090909e-01, 9.881376911672506e-06
1.132102272727273e+00, 9.886363636363636e-01, 3.056228830050531e-06
1.151988636363636e+00, 1.136363636363636e-02, -6.279854340042559e-06
1.151988636363636e+00, 3.409090909090909e-02, -1.883956302012755e-05
1.151988636363636e+00, 5.681818181818182e-02, -3.139927170021255e-05
1.151988636363636e+00, 7.954545454545454e-02, -4.395898038029754e-05
1.151988636363636e+00, 1.022727272727273e-01, -5.562676850865384e-05
1.151988636363636e+00, 1.250000000000000e-01, -6.342956757951903e-05
1.151988636363636e+00, 1.477272727272727e-01, -6.797025757362831e-05
1.151988636363636e+00, 1.704545454545454e-01, -7.251094756773759e-05
1.151988636363636e+00, 1.931818181818182e-01, -7.705163756184685e-05
1.151988636363636e+00, 2.159090909090909e-01, -8.159232755595613e-05
1.151988636363636e+00, 2.386363636363636e-01, -8.468626499883991e-05
1.151988636363636e+00, 2.613636363636364e-01, -8.517123689123027e-05
1.151988636363636e+00, 2.840909090909091e-01, -8.370485802913868e-05
1.151988636363636e+00, 3.068181818181818e-01, -8.223847916704709e-05
1.151988636363636e+00, 3.295454545454545e-01, -8.077210030495551e-05
1.151988636363636e+00, 3.522727272727273e-01, -7.928976817258174e-05
1.151988636363636e+00, 3.750000000000000e-01, -7.773830520231858e-05
1.151988636363636e+00, 3.977272727272727e-01, -7.216437246305922e-05
1.151988636363636e+00, 4.204545454545455e-01, -6.659043972379985e-05
1.151988636363636e+00, 4.431818181818182e-01, -6.101650698454050e-05
1.151988636363636e+00, 4.659090909090909e-01, -5.544257424528114e-05
1.151988636363636e+00, 4.886363636363636e-01, -5.085133836692325e-05
1.151988636363636e+00, 5.113636363636364e-01, -4.498772209793744e-05
1.151988636363636e+00, 5.340909090909091e-01, -3.740504504700456e-05
1.151988636363636e+00, 5.568181818181818e-01, -2.982236799607183e-05
1.151988636363636e+00, 5.795454545454546e-01, -2.223969094513894e-05
1.151988636363636e+00, 6.022727272727273e-01, -1.510956411156233e-05
1.151988636363636e+00, 6.250000000000000e-01, -9.940488219862590e-06
1.151988636363636e+00, 6.477272727272727e-01, -3.072889131574557e-06
1.151988636363636e+00, 6.704545454545454e-01, 3.794709956713476e-06
1.151988636363636e+00, 6.931818181818182e-01, 1.066230904500158e-05
1.151988636363636e+00, 7.159090909090909e-01, 1.752990813328954e-05
1.151988636363636e+00, 7.386363636363636e-01, 2.259286085159725e-05
1.151988636363636e+00, 7.613636363636364e-01, 2.593166981610506e-05
1.151988636363636e+00, 7.840909090909091e-01, 2.836662883134961e-05
1.151988636363636e+00, 8.068181818181818e-01, 3.080158784659411e-05
1.151988636363636e+00, 8.295454545454546e-01, 3.323654686183867e-05
1.151988636363636e+00, 8.522727272727273e-01, 3.536799078587851e-05
1.151988636363636e+00, 8.750000000000000e-01, 3.618420264803127e-05
1.151988636363636e+00, 8.977272727272727e-01, 2.935905456640917e-05
1.151988636363636e+00, 9.204545454545454e-01, 2.253390648478719e-05
1.151988636363636e+00, 9.431818181818182e-01, 1.570875840316509e-05
1.151988636363636e+00, 9.659090909090909e-01, 8.883610321543110e-06
1.151988636363636e+00, 9.886363636363636e-01, 2.842421703594183e-06
1.171875000000000e+00, 1.136363636363636e-02, -6.279854340042559e-06
1.171875000000000e+00, 3.409090909090909e-02, -1.883956302012755e-05
1.171875000000000e+00, 5.681818181818182e-02, -3.139927170021255e-05
1.171875000000000e+00, 7.954545454545454e-02, -4.366167352972127e-05
1.171875000000000e+00, 1.022727272727273e-01, -5.146447260058648e-05
1.171875000000000e+00, 1.250000000000000e-01, -5.926727167145168e-05
1.171875000000000e+00, 1.477272727272727e-01, -6.380796166556095e-05
1.171875000000000e+00, 1.704545454545454e-01, -6.834865165967023e-05
1.171875000000000e+00, 1.931818181818182e-01, -7.288934165377950e-05
1.171875000000000e+00, 2.159090909090909e-01, -7.624632501506796e-05
1.171875000000000e+00, 2.386363636363636e-01, -7.868264766194011e-05
1.171875000000000e+00, 2.613636363636364e-01, -7.916761955433046e-05
1.171875000000000e+00, 2.840909090909091e-01, -7.770124069223885e-05
1.171875000000000e+00, 3.068181818181818e-01, -7.623486183014728e-05
1.171875000000000e+00, 3.295454545454545e-01, -7.476316521129496e-05
1.171875000000000e+00, 3.522727272727273e-01, -7.321170224103181e-05
1.171875000000000e+00, 3.750000000000000e-01, -7.166023927076865e-05
1.171875000000000e+00, 3.977272727272727e-01, -6.608630653150927e-05
1.171875000000000e+00, 4.204545454545455e-01, -6.051237379224992e-05
1.171875000000000e+00, 4.431818181818182e-01, -5.493844105299056e-05
1.171875000000000e+00, 4.659090909090909e-01, -5.016853301810518e-05
1.171875000000000e+00, 4.886363636363636e-01, -4.602397753106617e-05
1.171875000000000e+00, 5.113636363636364e-01, -4.016036126208035e-05
1.171875000000000e+00, 5.340909090909091e-01, -3.257768421114747e-05
1.171875000000000e+00, 5.568181818181818e-01, -2.499500716021474e-05
1.171875000000000e+00, 5.795454545454546e-01, -1.756318018173393e-05
1.171875000000000e+00, 6.022727272727273e-01, -1.239410429003420e-05
1.171875000000000e+00, 6.250000000000000e-01, -7.225028398334461e-06
1.171875000000000e+00, 6.477272727272727e-01, -3.574293100464284e-07
1.171875000000000e+00, 6.704545454545454e-01, 6.510169778241605e-06
1.171875000000000e+00, 6.931818181818182e-01, 1.337776886652971e-05
1.171875000000000e+00, 7.159090909090909e-01, 1.876883910665194e-05
1.171875000000000e+00, 7.386363636363636e-01, 2.301149802042306e-05
1.171875000000000e+00, 7.613636363636364e-01, 2.635030698493088e-05
1.171875000000000e+00, 7.840909090909091e-01, 2.878526600017543e-05
1.171875000000000e+00, 8.068181818181818e-01, 3.122022501541993e-05
1.171875000000000e+00, 8.295454545454546e-01, 3.355401233359625e-05
1.171875000000000e+00, 8.522727272727273e-01, 3.437022419574901e-05
1.171875000000000e+00, 8.750000000000000e-01, 3.518643605790181e-05
1.171875000000000e+00, 8.977272727272727e-01, 2.836128797627983e-05
1.171875000000000e+00, 9.204545454545454e-01, 2.153613989465772e-05
1.171875000000000e+00, 9.431818181818182e-01, 1.471099181303561e-05
1.171875000000000e+00, 9.659090909090909e-01, 8.527265110782550e-06
1.171875000000000e+00, 9.886363636363636e-01, 2.842421703594183e-06
1.191761363636364e+00, 1.136363636363636e-02, -6.279854340042559e-06
1.191761363636364e+00, 3.409090909090909e-02, -1.883956302012755e-05
1.191761363636364e+00, 5.681818181818182e-02, -3.139927170021255e-05
1.191761363636364e+00, 7.954545454545454e-02, -3.949937762165391e-05
1.191761363636364e+00, 1.022727272727273e-01, -4.730217669251912e-05
1.191761363636364e+00, 1.250000000000000e-01, -5.510497576338431e-05
1.191761363636364e+00, 1.477272727272727e-01, -5.964566575749358e-05
1.191761363636364e+00, 1.704545454545454e-01, -6.418635575160286e-05
1.191761363636364e+00, 1.931818181818182e-01, -6.780638503129594e-05
1.191761363636364e+00, 2.159090909090909e-01, -7.024270767816815e-05
1.191761363636364e+00, 2.386363636363636e-01, -7.267903032504030e-05
1.191761363636364e+00, 2.613636363636364e-01, -7.316400221743066e-05
1.191761363636364e+00, 2.840909090909091e-01, -7.169762335533905e-05
1.191761363636364e+00, 3.068181818181818e-01, -7.023124449324748e-05
1.191761363636364e+00, 3.295454545454545e-01, -6.868509927974501e-05
1.191761363636364e+00, 3.522727272727273e-01, -6.713363630948185e-05
1.191761363636364e+00, 3.750000000000000e-01, -6.558217333921869e-05
1.191761363636364e+00, 3.977272727272727e-01, -6.000824059995933e-05
1.191761363636364e+00, 4.204545454545455e-01, -5.443430786069997e-05
1.191761363636364e+00, 4.431818181818182e-01, -4.948572766928705e-05
1.191761363636364e+00, 4.659090909090909e-01, -4.534117218224810e-05
1.191761363636364e+00, 4.886363636363636e-01, -4.119661669520909e-05
1.191761363636364e+00, 5.113636363636364e-01, -3.533300042622327e-05
1.191761363636364e+00, 5.340909090909091e-01, -2.775032337529040e-05
1.191761363636364e+00, 5.568181818181818e-01, -2.016764632435766e-05
1.191761363636364e+00, 5.795454545454546e-01, -1.484772036020581e-05
1.191761363636364e+00, 6.022727272727273e-01, -9.678644468506069e-06
1.191761363636364e+00, 6.250000000000000e-01, -4.509568576806334e-06
1.191761363636364e+00, 6.477272727272727e-01, 2.358030511481700e-06
1.191761363636364e+00, 6.704545454545454e-01, 9.225629599769733e-06
1.191761363636364e+00, 6.931818181818182e-01, 1.494481736170664e-05
1.191761363636364e+00, 7.159090909090909e-01, 1.918747627547775e-05
1.191761363636364e+00, 7.386363636363636e-01, 2.343013518924888e-05
1.191761363636364e+00, 7.613636363636364e-01, 2.676894415375669e-05
1.191761363636364e+00, 7.840909090909091e-01, 2.920390316900124e-05
1.191761363636364e+00, 8.068181818181818e-01, 3.163886218424575e-05
1.191761363636364e+00, 8.295454545454546e-01, 3.255624574346677e-05
1.191761363636364e+00, 8.522727272727273e-01, 3.337245760561956e-05
1.191761363636364e+00, 8.750000000000000e-01, 3.418866946777233e-05
1.191761363636364e+00, 8.977272727272727e-01, 2.736352138615023e-05
1.191761363636364e+00, 9.204545454545454e-01, 2.053837330452825e-05
1.191761363636364e+00, 9.431818181818182e-01, 1.421210851797092e-05
1.191761363636364e+00, 9.659090909090909e-01, 8.527265110782550e-06
1.191761363636364e+00, 9.886363636363636e-01, 2.842421703594183e-06
1.211647727272727e+00, 1.136363636363636e-02, -6.279854340042559e-06
1.211647727272727e+00, 3.409090909090909e-02, -1.883956302012755e-05
1.211647727272727e+00, 5.681818181818182e-02, -2.753428264272141e-05
1.211647727272727e+00, 7.954545454545454e-02, -3.533708171358660e-05
1.211647727272727e+00, 1.022727272727273e-01, -4.313988078445181e-05
1.211647727272727e+00, 1.250000000000000e-01, -5.094267985531700e-05
1.211647727272727e+00, 1.477272727272727e-01, -5.548336984942628e-05
1.211647727272727e+00, 1.704545454545454e-01, -5.936644504752398e-05
1.211647727272727e+00, 1.931818181818182e-01, -6.180276769439619e-05
1.211647727272727e+00, 2.159090909090909e-01, -6.423909034126841e-05
1.211647727272727e+00, 2.386363636363636e-01, -6.667541298814063e-05
1.211647727272727e+00, 2.613636363636364e-01, -6.716038488053090e-05
1.211647727272727e+00, 2.840909090909091e-01, -6.569400601843931e-05
1.211647727272727e+00, 3.068181818181818e-01, -6.415849631845830e-05
1.211647727272727e+00, 3.295454545454545e-01, -6.260703334819514e-05
1.211647727272727e+00, 3.522727272727273e-01, -6.105557037793198e-05
1.211647727272727e+00, 3.750000000000000e-01, -5.950410740766882e-05
1.211647727272727e+00, 3.977272727272727e-01, -5.393017466840946e-05
1.211647727272727e+00, 4.204545454545455e-01, -4.880292232046898e-05
1.211647727272727e+00, 4.431818181818182e-01, -4.465836683343002e-05
1.211647727272727e+00, 4.659090909090909e-01, -4.051381134639107e-05
1.211647727272727e+00, 4.886363636363636e-01, -3.636925585935211e-05
1.211647727272727e+00, 5.113636363636364e-01, -3.050563959036618e-05
1.211647727272727e+00, 5.340909090909091e-01, -2.292296253943344e-05
1.211647727272727e+00, 5.568181818181818e-01, -1.730133643037745e-05
1.211647727272727e+00, 5.795454545454546e-01, -1.213226053867771e-05
1.211647727272727e+00, 6.022727272727273e-01, -6.963184646977971e-06
1.211647727272727e+00, 6.250000000000000e-01, -1.794108755278235e-06
1.211647727272727e+00, 6.477272727272727e-01, 5.073490333009799e-06
1.211647727272727e+00, 6.704545454545454e-01, 1.112079561676130e-05
1.211647727272727e+00, 6.931818181818182e-01, 1.536345453053244e-05
1.211647727272727e+00, 7.159090909090909e-01, 1.960611344430357e-05
1.211647727272727e+00, 7.386363636363636e-01, 2.384877235807469e-05
1.211647727272727e+00, 7.613636363636364e-01, 2.718758132258253e-05
1.211647727272727e+00, 7.840909090909091e-01, 2.962254033782703e-05
1.211647727272727e+00, 8.068181818181818e-01, 3.074226729118452e-05
1.211647727272727e+00, 8.295454545454546e-01, 3.155847915333732e-05
1.211647727272727e+00, 8.522727272727273e-01, 3.237469101549009e-05
1.211647727272727e+00, 8.750000000000000e-01, 3.319090287764286e-05
1.211647727272727e+00, 8.977272727272727e-01, 2.636575479602083e-05
1.211647727272727e+00, 9.204545454545454e-01, 1.989695192515931e-05
1.211647727272727e+00, 9.431818181818182e-01, 1.421210851797092e-05
1.211647727272727e+00, 9.659090909090909e-01, 8.527265110782550e-06
1.211647727272727e+00, 9.886363636363636e-01, 2.842421703594183e-06
1.231534090909091e+00, 1.136363636363636e-02, -6.279854340042559e-06
1.231534090909091e+00, 3.409090909090909e-02, -1.556918766378889e-05
1.231534090909091e+00, 5.681818181818182e-02, -2.337198673465409e-05
1.231534090909091e+00, 7.954545454545454e-02, -3.117478580551929e-05
1.231534090909091e+00, 1.022727272727273e-01, -3.897758487638450e-05
1.231534090909091e+00, 1.250000000000000e-01, -4.678038394724969e-05
1.231534090909091e+00, 1.477272727272727e-01, -5.092650506375204e-05
1.231534090909091e+00, 1.704545454545454e-01, -5.336282771062424e-05
1.231534090909091e+00, 1.931818181818182e-01, -5.579915035749646e-05
1.231534090909091e+00, 2.159090909090909e-01, -5.823547300436867e-05
1.231534090909091e+00, 2.386363636363636e-01, -6.067179565124081e-05
1.231534090909091e+00, 2.613636363636364e-01, -6.115676754363117e-05
1.231534090909091e+00, 2.840909090909091e-01, -5.963189335717159e-05
1.231534090909091e+00, 3.068181818181818e-01, -5.808043038690842e-05
1.231534090909091e+00, 3.295454545454545e-01, -5.652896741664526e-05
1.231534090909091e+00, 3.522727272727273e-01, -5.497750444638211e-05
1.231534090909091e+00, 3.750000000000000e-01, -5.342604147611894e-05
1.231534090909091e+00, 3.977272727272727e-01, -4.812011697165090e-05
1.231534090909091e+00, 4.204545454545455e-01, -4.397556148461195e-05
1.231534090909091e+00, 4.431818181818182e-01, -3.983100599757299e-05
1.231534090909091e+00, 4.659090909090909e-01, -3.568645051053404e-05
1.231534090909091e+00, 4.886363636363636e-01, -3.154189502349504e-05
1.231534090909091e+00, 5.113636363636364e-01, -2.567827875450923e-05
1.231534090909091e+00, 5.340909090909091e-01, -1.975495250054909e-05
1.231534090909091e+00, 5.568181818181818e-01, -1.458587660884938e-05
1.231534090909091e+00, 5.795454545454546e-01, -9.416800717149607e-06
1.231534090909091e+00, 6.022727272727273e-01, -4.247724825449872e-06
1.231534090909091e+00, 6.250000000000000e-01, 9.213510662498632e-07
1.231534090909091e+00, 6.477272727272727e-01, 7.296773871815988e-06
1.231534090909091e+00, 6.704545454545454e-01, 1.153943278558711e-05
1.231534090909091e+00, 6.931818181818182e-01, 1.578209169935826e-05
1.231534090909091e+00, 7.159090909090909e-01, 2.002475061312937e-05
1.231534090909091e+00, 7.386363636363636e-01, 2.426740952690051e-05
1.231534090909091e+00, 7.613636363636364e-01, 2.760621849140831e-05
1.231534090909091e+00, 7.840909090909091e-01, 2.892828883890228e-05
1.231534090909091e+00, 8.068181818181818e-01, 2.974450070105507e-05
1.231534090909091e+00, 8.295454545454546e-01, 3.056071256320785e-05
1.231534090909091e+00, 8.522727272727273e-01, 3.137692442536062e-05
1.231534090909091e+00, 8.750000000000000e-01, 3.219313628751341e-05
1.231534090909091e+00, 8.977272727272727e-01, 2.558179533234768e-05
1.231534090909091e+00, 9.204545454545454e-01, 1.989695192515931e-05
1.231534090909091e+00, 9.431818181818182e-01, 1.421210851797092e-05
1.231534090909091e+00, 9.659090909090909e-01, 8.527265110782550e-06
1.231534090909091e+00, 9.886363636363636e-01, 2.842421703594183e-06
1.251420454545455e+00, 1.136363636363636e-02, -3.901399535432632e-06
1.251420454545455e+00, 3.409090909090909e-02, -1.170419860629782e-05
1.251420454545455e+00, 5.681818181818182e-02, -1.950699767716301e-05
1.251420454545455e+00, 7.954545454545454e-02, -2.730979674802820e-05
1.251420454545455e+00, 1.022727272727273e-01, -3.511259581889339e-05
1.251420454545455e+00, 1.250000000000000e-01, -4.265990641481820e-05
1.251420454545455e+00, 1.477272727272727e-01, -4.509622906169040e-05
1.251420454545455e+00, 1.704545454545454e-01, -4.753255170856260e-05
1.251420454545455e+00, 1.931818181818182e-01, -4.996887435543481e-05
1.251420454545455e+00, 2.159090909090909e-01, -5.240519700230701e-05
1.251420454545455e+00, 2.386363636363636e-01, -5.484151964917924e-05
1.251420454545455e+00, 2.613636363636364e-01, -5.519685448339732e-05
1.251420454545455e+00, 2.840909090909091e-01, -5.364539151313414e-05
1.251420454545455e+00, 3.068181818181818e-01, -5.209392854287097e-05
1.251420454545455e+00, 3.295454545454545e-01, -5.054246557260781e-05
1.251420454545455e+00, 3.522727272727273e-01, -4.899100260234464e-05
1.251420454545455e+00, 3.750000000000000e-01, -4.747800957199063e-05
1.251420454545455e+00, 3.977272727272727e-01, -4.333345408495167e-05
1.251420454545455e+00, 4.204545454545455e-01, -3.918889859791273e-05
1.251420454545455e+00, 4.431818181818182e-01, -3.504434311087377e-05
1.251420454545455e+00, 4.659090909090909e-01, -3.089978762383482e-05
1.251420454545455e+00, 4.886363636363636e-01, -2.675523213679582e-05
1.251420454545455e+00, 5.113636363636364e-01, -2.222087640515171e-05
1.251420454545455e+00, 5.340909090909091e-01, -1.705180051345192e-05
1.251420454545455e+00, 5.568181818181818e-01, -1.188272462175224e-05
1.251420454545455e+00, 5.795454545454546e-01, -6.713648730052457e-06
1.251420454545455e+00, 6.022727272727273e-01, -1.544572838352721e-06
1.251420454545455e+00, 6.250000000000000e-01, 3.464379573683566e-06
1.251420454545455e+00, 6.477272727272727e-01, 7.707038487454689e-06
1.251420454545455e+00, 6.704545454545454e-01, 1.194969740122581e-05
1.251420454545455e+00, 6.931818181818182e-01, 1.619235631499698e-05
1.251420454545455e+00, 7.159090909090909e-01, 2.043501522876806e-05
1.251420454545455e+00, 7.386363636363636e-01, 2.467767414253922e-05
1.251420454545455e+00, 7.613636363636364e-01, 2.706820456229324e-05
1.251420454545455e+00, 7.840909090909091e-01, 2.788441642444604e-05
1.251420454545455e+00, 8.068181818181818e-01, 2.870062828659881e-05
1.251420454545455e+00, 8.295454545454546e-01, 2.951684014875159e-05
1.251420454545455e+00, 8.522727272727273e-01, 3.033305201090437e-05
1.251420454545455e+00, 8.750000000000000e-01, 3.110942227327903e-05
1.251420454545455e+00, 8.977272727272727e-01, 2.542457886609061e-05
1.251420454545455e+00, 9.204545454545454e-01, 1.973973545890230e-05
1.251420454545455e+00, 9.431818181818182e-01, 1.405489205171388e-05
1.251420454545455e+00, 9.659090909090909e-01, 8.370048644525566e-06
1.251420454545455e+00, 9.886363636363636e-01, 2.685205237337144e-06
1.271306818181818e+00, 1.136363636363636e-02, -3.901399535432632e-06
1.271306818181818e+00, 3.409090909090909e-02, -1.170419860629782e-05
1.271306818181818e+00, 5.681818181818182e-02, -1.950699767716301e-05
1.271306818181818e+00, 7.954545454545454e-02, -2.730979674802820e-05
1.271306818181818e+00, 1.022727272727273e-01, -3.511259581889339e-05
1.271306818181818e+00, 1.250000000000000e-01, -3.908306776565292e-05
1.271306818181818e+00, 1.477272727272727e-01, -4.151939041252512e-05
1.271306818181818e+00, 1.704545454545454e-01, -4.395571305939733e-05
1.271306818181818e+00, 1.931818181818182e-01, -4.639203570626952e-05
1.271306818181818e+00, 2.159090909090909e-01, -4.882835835314173e-05
1.271306818181818e+00, 2.386363636363636e-01, -5.065501597140891e-05
1.271306818181818e+00, 2.613636363636364e-01, -5.040068577702203e-05
1.271306818181818e+00, 2.840909090909091e-01, -4.884922280675885e-05
1.271306818181818e+00, 3.068181818181818e-01, -4.729775983649568e-05
1.271306818181818e+00, 3.295454545454545e-01, -4.574629686623252e-05
1.271306818181818e+00, 3.522727272727273e-01, -4.419483389596935e-05
1.271306818181818e+00, 3.750000000000000e-01, -4.322042002434356e-05
1.271306818181818e+00, 3.977272727272727e-01, -3.907586453730461e-05
1.271306818181818e+00, 4.204545454545455e-01, -3.493130905026567e-05
1.271306818181818e+00, 4.431818181818182e-01, -3.078675356322670e-05
1.271306818181818e+00, 4.659090909090909e-01, -2.664219807618775e-05
1.271306818181818e+00, 4.886363636363636e-01, -2.335486229322508e-05
1.271306818181818e+00, 5.113636363636364e-01, -1.967772626565727e-05
1.271306818181818e+00, 5.340909090909091e-01, -1.450865037395748e-05
1.271306818181818e+00, 5.568181818181818e-01, -9.339574482257800e-06
1.271306818181818e+00, 5.795454545454546e-01, -4.170498590558015e-06
1.271306818181818e+00, 6.022727272727273e-01, 9.985773011417211e-07
1.271306818181818e+00, 6.250000000000000e-01, 3.765800997889791e-06
1.271306818181818e+00, 6.477272727272727e-01, 8.008459911660915e-06
1.271306818181818e+00, 6.704545454545454e-01, 1.225111882543204e-05
1.271306818181818e+00, 6.931818181818182e-01, 1.649377773920320e-05
1.271306818181818e+00, 7.159090909090909e-01, 2.073643665297428e-05
1.271306818181818e+00, 7.386363636363636e-01, 2.400676078929010e-05
1.271306818181818e+00, 7.613636363636364e-01, 2.542495643158885e-05
1.271306818181818e+00, 7.840909090909091e-01, 2.624116829374164e-05
1.271306818181818e+00, 8.068181818181818e-01, 2.705738015589442e-05
1.271306818181818e+00, 8.295454545454546e-01, 2.787359201804720e-05
1.271306818181818e+00, 8.522727272727273e-01, 2.868980388019999e-05
1.271306818181818e+00, 8.750000000000000e-01, 2.890839174568091e-05
1.271306818181818e+00, 8.977272727272727e-01, 2.322354833849260e-05
1.271306818181818e+00, 9.204545454545454e-01, 1.753870493130418e-05
1.271306818181818e+00, 9.431818181818182e-01, 1.185386152411576e-05
1.271306818181818e+00, 9.659090909090909e-01, 6.169018116927448e-06
1.271306818181818e+00, 9.886363636363636e-01, 1.584689973538124e-06
1.291193181818182e+00, 1.136363636363636e-02, -3.901399535432632e-06
1.291193181818182e+00, 3.409090909090909e-02, -1.170419860629782e-05
1.291193181818182e+00, 5.681818181818182e-02, -1.950699767716301e-05
1.291193181818182e+00, 7.954545454545454e-02, -2.730979674802820e-05
1.291193181818182e+00, 1.022727272727273e-01, -3.179124564466853e-05
1.291193181818182e+00, 1.250000000000000e-01, -3.550622911648773e-05
1.291193181818182e+00, 1.477272727272727e-01, -3.794255176335993e-05
1.291193181818182e+00, 1.704545454545454e-01, -4.037887441023213e-05
1.291193181818182e+00, 1.931818181818182e-01, -4.281519705710433e-05
1.291193181818182e+00, 2.159090909090909e-01, -4.481604468354443e-05
1.291193181818182e+00, 2.386363636363636e-01, -4.585884726503373e-05
1.291193181818182e+00, 2.613636363636364e-01, -4.560451707064684e-05
1.291193181818182e+00, 2.840909090909091e-01, -4.405305410038367e-05
1.291193181818182e+00, 3.068181818181818e-01, -4.250159113012050e-05
1.291193181818182e+00, 3.295454545454545e-01, -4.095012815985733e-05
1.291193181818182e+00, 3.522727272727273e-01, -3.989877440841323e-05
1.291193181818182e+00, 3.750000000000000e-01, -3.896283047669660e-05
1.291193181818182e+00, 3.977272727272727e-01, -3.481827498965764e-05
1.291193181818182e+00, 4.204545454545455e-01, -3.067371950261869e-05
1.291193181818182e+00, 4.431818181818182e-01, -2.652916401557973e-05
1.291193181818182e+00, 4.659090909090909e-01, -2.299690831716669e-05
1.291193181818182e+00, 4.886363636363636e-01, -2.081171215373070e-05
1.291193181818182e+00, 5.113636363636364e-01, -1.713457612616289e-05
1.291193181818182e+00, 5.340909090909091e-01, -1.196550023446310e-05
1.291193181818182e+00, 5.568181818181818e-01, -6.796424342763414e-06
1.291193181818182e+00, 5.795454545454546e-01, -1.627348451063628e-06
1.291193181818182e+00, 6.022727272727273e-01, 1.460122205011361e-06
1.291193181818182e+00, 6.250000000000000e-01, 4.067222422096009e-06
1.291193181818182e+00, 6.477272727272727e-01, 8.309881335867132e-06
1.291193181818182e+00, 6.704545454545454e-01, 1.255254024963825e-05
1.291193181818182e+00, 6.931818181818182e-01, 1.679519916340942e-05
1.291193181818182e+00, 7.159090909090909e-01, 2.034333323614104e-05
1.291193181818182e+00, 7.386363636363636e-01, 2.236351265858574e-05
1.291193181818182e+00, 7.613636363636364e-01, 2.378170830088449e-05
1.291193181818182e+00, 7.840909090909091e-01, 2.459792016303728e-05
1.291193181818182e+00, 8.068181818181818e-01, 2.541413202519005e-05
1.291193181818182e+00, 8.295454545454546e-01, 2.623034388734284e-05
1.291193181818182e+00, 8.522727272727273e-01, 2.652861495238000e-05
1.291193181818182e+00, 8.750000000000000e-01, 2.670736121808285e-05
1.291193181818182e+00, 8.977272727272727e-01, 2.102251781089453e-05
1.291193181818182e+00, 9.204545454545454e-01, 1.533767440370611e-05
1.291193181818182e+00, 9.431818181818182e-01, 9.652830996517690e-06
1.291193181818182e+00, 9.659090909090909e-01, 4.754069920614373e-06
1.291193181818182e+00, 9.886363636363636e-01, 1.584689973538124e-06
1.311079545454545e+00, 1.136363636363636e-02, -3.901399535432632e-06
1.311079545454545e+00, 3.409090909090909e-02, -1.170419860629782e-05
1.311079545454545e+00, 5.681818181818182e-02, -1.950699767716301e-05
1.311079545454545e+00, 7.954545454545454e-02, -2.449942352368406e-05
1.311079545454545e+00, 1.022727272727273e-01, -2.821440699550326e-05
1.311079545454545e+00, 1.250000000000000e-01, -3.192939046732245e-05
1.311079545454545e+00, 1.477272727272727e-01, -3.436571311419465e-05
1.311079545454545e+00, 1.704545454545454e-01, -3.680203576106686e-05
1.311079545454545e+00, 1.931818181818182e-01, -3.897707339567980e-05
1.311079545454545e+00, 2.159090909090909e-01, -4.001987597716914e-05
1.311079545454545e+00, 2.386363636363636e-01, -4.106267855865844e-05
1.311079545454545e+00, 2.613636363636364e-01, -4.080834836427156e-05
1.311079545454545e+00, 2.840909090909091e-01, -3.925688539400838e-05
1.311079545454545e+00, 3.068181818181818e-01, -3.770542242374521e-05
1.311079545454545e+00, 3.295454545454545e-01, -3.657712879248278e-05
1.311079545454545e+00, 3.522727272727273e-01, -3.564118486076616e-05
1.311079545454545e+00, 3.750000000000000e-01, -3.470524092904953e-05
1.311079545454545e+00, 3.977272727272727e-01, -3.056068544201058e-05
1.311079545454545e+00, 4.204545454545455e-01, -2.641612995497162e-05
1.311079545454545e+00, 4.431818181818182e-01, -2.263895434110822e-05
1.311079545454545e+00, 4.659090909090909e-01, -2.045375817767225e-05
1.311079545454545e+00, 4.886363636363636e-01, -1.826856201423626e-05
1.311079545454545e+00, 5.113636363636364e-01, -1.459142598666844e-05
1.311079545454545e+00, 5.340909090909091e-01, -9.422350094968658e-06
1.311079545454545e+00, 5.568181818181818e-01, -4.253274203268972e-06
1.311079545454545e+00, 5.795454545454546e-01, -8.455565878670614e-07
1.311079545454545e+00, 6.022727272727273e-01, 1.761543629217586e-06
1.311079545454545e+00, 6.250000000000000e-01, 4.368643846302233e-06
1.311079545454545e+00, 6.477272727272727e-01, 8.611302760073355e-06
1.311079545454545e+00, 6.704545454545454e-01, 1.285396167384448e-05
1.311079545454545e+00, 6.931818181818182e-01, 1.667990568299191e-05
1.311079545454545e+00, 7.159090909090909e-01, 1.870008510543665e-05
1.311079545454545e+00, 7.386363636363636e-01, 2.072026452788135e-05
1.311079545454545e+00, 7.613636363636364e-01, 2.213846017018010e-05
1.311079545454545e+00, 7.840909090909091e-01, 2.295467203233289e-05
1.311079545454545e+00, 8.068181818181818e-01, 2.377088389448566e-05
1.311079545454545e+00, 8.295454545454546e-01, 2.414883815907910e-05
1.311079545454545e+00, 8.522727272727273e-01, 2.432758442478194e-05
1.311079545454545e+00, 8.750000000000000e-01, 2.450633069048473e-05
1.311079545454545e+00, 8.977272727272727e-01, 1.882148728329630e-05
1.311079545454545e+00, 9.204545454545454e-01, 1.313664387610799e-05
1.311079545454545e+00, 9.431818181818182e-01, 7.923449867690622e-06
1.311079545454545e+00, 9.659090909090909e-01, 4.754069920614373e-06
1.311079545454545e+00, 9.886363636363636e-01, 1.584689973538124e-06
1.330965909090909e+00, 1.136363636363636e-02, -3.901399535432632e-06
1.330965909090909e+00, 3.409090909090909e-02, -1.170419860629782e-05
1.330965909090909e+00, 5.681818181818182e-02, -1.720760140269959e-05
1.330965909090909e+00, 7.954545454545454e-02, -2.092258487451878e-05
1.330965909090909e+00, 1.022727272727273e-01, -2.463756834633798e-05
1.330965909090909e+00, 1.250000000000000e-01, -2.835255181815717e-05
1.330965909090909e+00, 1.477272727272727e-01, -3.078887446502938e-05
1.330965909090909e+00, 1.704545454545454e-01, -3.313810210781516e-05
1.330965909090909e+00, 1.931818181818182e-01, -3.418090468930450e-05
1.330965909090909e+00, 2.159090909090909e-01, -3.522370727079385e-05
1.330965909090909e+00, 2.386363636363636e-01, -3.626650985228315e-05
1.330965909090909e+00, 2.613636363636364e-01, -3.601217965789627e-05
1.330965909090909e+00, 2.840909090909091e-01, -3.446071668763309e-05
1.330965909090909e+00, 3.068181818181818e-01, -3.325548317655234e-05
1.330965909090909e+00, 3.295454545454545e-01, -3.231953924483571e-05
1.330965909090909e+00, 3.522727272727273e-01, -3.138359531311909e-05
1.330965909090909e+00, 3.750000000000000e-01, -3.044765138140247e-05
1.330965909090909e+00, 3.977272727272727e-01, -2.630309589436351e-05
1.330965909090909e+00, 4.204545454545455e-01, -2.228100036504975e-05
1.330965909090909e+00, 4.431818181818182e-01, -2.009580420161378e-05
1.330965909090909e+00, 4.659090909090909e-01, -1.791060803817781e-05
1.330965909090909e+00, 4.886363636363636e-01, -1.572541187474181e-05
1.330965909090909e+00, 5.113636363636364e-01, -1.204827584717400e-05
1.330965909090909e+00, 5.340909090909091e-01, -6.879199955474216e-06
1.330965909090909e+00, 5.568181818181818e-01, -3.151235380745498e-06
1.330965909090909e+00, 5.795454545454546e-01, -5.441351636608369e-07
1.330965909090909e+00, 6.022727272727273e-01, 2.062965053423810e-06
1.330965909090909e+00, 6.250000000000000e-01, 4.670065270508458e-06
1.330965909090909e+00, 6.477272727272727e-01, 8.912724184279581e-06
1.330965909090909e+00, 6.704545454545454e-01, 1.301647812984280e-05
1.330965909090909e+00, 6.931818181818182e-01, 1.503665755228752e-05
1.330965909090909e+00, 7.159090909090909e-01, 1.705683697473226e-05
1.330965909090909e+00, 7.386363636363636e-01, 1.907701639717695e-05
1.330965909090909e+00, 7.613636363636364e-01, 2.049521203947571e-05
1.330965909090909e+00, 7.840909090909091e-01, 2.131142390162850e-05
1.330965909090909e+00, 8.068181818181818e-01, 2.176906136577818e-05
1.330965909090909e+00, 8.295454545454546e-01, 2.194780763148098e-05
1.330965909090909e+00, 8.522727272727273e-01, 2.212655389718377e-05
1.330965909090909e+00, 8.750000000000000e-01, 2.230530016288661e-05
1.330965909090909e+00, 8.977272727272727e-01, 1.662045675569830e-05
1.330965909090909e+00, 9.204545454545454e-01, 1.109282981476689e-05
1.330965909090909e+00, 9.431818181818182e-01, 7.923449867690622e-06
1.330965909090909e+00, 9.659090909090909e-01, 4.754069920614373e-06
1.330965909090909e+00, 9.886363636363636e-01, 1.584689973538124e-06
1.350852272727273e+00, 1.136363636363636e-02, -3.901399535432632e-06
1.350852272727273e+00, 3.409090909090909e-02, -9.915779281715156e-06
1.350852272727273e+00, 5.681818181818182e-02, -1.363076275353435e-05
1.350852272727273e+00, 7.954545454545454e-02, -1.734574622535355e-05
1.350852272727273e+00, 1.022727272727273e-01, -2.106072969717274e-05
1.350852272727273e+00, 1.250000000000000e-01, -2.477571316899194e-05
1.350852272727273e+00, 1.477272727272727e-01, -2.721203581586414e-05
1.350852272727273e+00, 1.704545454545454e-01, -2.834193340143992e-05
1.350852272727273e+00, 1.931818181818182e-01, -2.938473598292927e-05
1.350852272727273e+00, 2.159090909090909e-01, -3.042753856441862e-05
1.350852272727273e+00, 2.386363636363636e-01, -3.147034114590797e-05
1.350852272727273e+00, 2.613636363636364e-01, -3.121601095152102e-05
1.350852272727273e+00, 2.840909090909091e-01, -2.993383756062195e-05
1.350852272727273e+00, 3.068181818181818e-01, -2.899789362890532e-05
1.350852272727273e+00, 3.295454545454545e-01, -2.806194969718870e-05
1.350852272727273e+00, 3.522727272727273e-01, -2.712600576547208e-05
1.350852272727273e+00, 3.750000000000000e-01, -2.619006183375545e-05
1.350852272727273e+00, 3.977272727272727e-01, -2.204550634671649e-05
1.350852272727273e+00, 4.204545454545455e-01, -1.973785022555534e-05
1.350852272727273e+00, 4.431818181818182e-01, -1.755265406211937e-05
1.350852272727273e+00, 4.659090909090909e-01, -1.536745789868340e-05
1.350852272727273e+00, 4.886363636363636e-01, -1.318226173524743e-05
1.350852272727273e+00, 5.113636363636364e-01, -9.505125707679536e-06
1.350852272727273e+00, 5.340909090909091e-01, -5.456914173623924e-06
1.350852272727273e+00, 5.568181818181818e-01, -2.849813956539274e-06
1.350852272727273e+00, 5.795454545454546e-01, -2.427137394546161e-07
1.350852272727273e+00, 6.022727272727273e-01, 2.364386477630031e-06
1.350852272727273e+00, 6.250000000000000e-01, 4.971486694714678e-06
1.350852272727273e+00, 6.477272727272727e-01, 9.214145608485801e-06
1.350852272727273e+00, 6.704545454545454e-01, 1.137322999913841e-05
1.350852272727273e+00, 6.931818181818182e-01, 1.339340942158316e-05
1.350852272727273e+00, 7.159090909090909e-01, 1.541358884402786e-05
1.350852272727273e+00, 7.386363636363636e-01, 1.743376826647260e-05
1.350852272727273e+00, 7.613636363636364e-01, 1.885196390877134e-05
1.350852272727273e+00, 7.840909090909091e-01, 1.938928457247727e-05
1.350852272727273e+00, 8.068181818181818e-01, 1.956803083818006e-05
1.350852272727273e+00, 8.295454545454546e-01, 1.974677710388286e-05
1.350852272727273e+00, 8.522727272727273e-01, 1.992552336958570e-05
1.350852272727273e+00, 8.750000000000000e-01, 2.010426963528854e-05
1.350852272727273e+00, 8.977272727272727e-01, 1.441942622810015e-05
1.350852272727273e+00, 9.204545454545454e-01, 1.109282981476689e-05
1.350852272727273e+00, 9.431818181818182e-01, 7.923449867690622e-06
1.350852272727273e+00, 9.659090909090909e-01, 4.754069920614373e-06
1.350852272727273e+00, 9.886363636363636e-01, 1.584689973538124e-06
1.370738636363636e+00, 1.136363636363636e-02, -2.623957160730727e-06
1.370738636363636e+00, 3.409090909090909e-02, -6.338940632549920e-06
1.370738636363636e+00, 5.681818181818182e-02, -1.005392410436912e-05
1.370738636363636e+00, 7.954545454545454e-02, -1.376890757618831e-05
1.370738636363636e+00, 1.022727272727273e-01, -1.748389104800751e-05
1.370738636363636e+00, 1.250000000000000e-01, -2.119887451982670e-05
1.370738636363636e+00, 1.477272727272727e-01, -2.250296211357534e-05
1.370738636363636e+00, 1.704545454545454e-01, -2.354576469506468e-05
1.370738636363636e+00, 1.931818181818182e-01, -2.458856727655403e-05
1.370738636363636e+00, 2.159090909090909e-01, -2.563136985804338e-05
1.370738636363636e+00, 2.386363636363636e-01, -2.667417243953268e-05
1.370738636363636e+00, 2.613636363636364e-01, -2.661219194469161e-05
1.370738636363636e+00, 2.840909090909091e-01, -2.567624801297494e-05
1.370738636363636e+00, 3.068181818181818e-01, -2.474030408125831e-05
1.370738636363636e+00, 3.295454545454545e-01, -2.380436014954168e-05
1.370738636363636e+00, 3.522727272727273e-01, -2.286841621782506e-05
1.370738636363636e+00, 3.750000000000000e-01, -2.193247228610843e-05
1.370738636363636e+00, 3.977272727272727e-01, -1.937989624949689e-05
1.370738636363636e+00, 4.204545454545455e-01, -1.719470008606092e-05
1.370738636363636e+00, 4.431818181818182e-01, -1.500950392262495e-05
1.370738636363636e+00, 4.659090909090909e-01, -1.282430775918898e-05
1.370738636363636e+00, 4.886363636363636e-01, -1.063911159575299e-05
1.370738636363636e+00, 5.113636363636364e-01, -7.762592966502352e-06
1.370738636363636e+00, 5.340909090909091e-01, -5.155492749417700e-06
1.370738636363636e+00, 5.568181818181818e-01, -2.548392532333056e-06
1.370738636363636e+00, 5.795454545454546e-01, 5.870768475160472e-08
1.370738636363636e+00, 6.022727272727273e-01, 2.665807901836252e-06
1.370738636363636e+00, 6.250000000000000e-01, 5.272908118920899e-06
1.370738636363636e+00, 6.477272727272727e-01, 7.709802445989312e-06
1.370738636363636e+00, 6.704545454545454e-01, 9.729981868434048e-06
1.370738636363636e+00, 6.931818181818182e-01, 1.175016129087876e-05
1.370738636363636e+00, 7.159090909090909e-01, 1.377034071332350e-05
1.370738636363636e+00, 7.386363636363636e-01, 1.579052013576820e-05
1.370738636363636e+00, 7.613636363636364e-01, 1.700950777917636e-05
1.370738636363636e+00, 7.840909090909091e-01, 1.718825404487915e-05
1.370738636363636e+00, 8.068181818181818e-01, 1.736700031058199e-05
1.370738636363636e+00, 8.295454545454546e-01, 1.754574657628479e-05
1.370738636363636e+00, 8.522727272727273e-01, 1.772449284198763e-05
1.370738636363636e+00, 8.750000000000000e-01, 1.790323910769042e-05
1.370738636363636e+00, 8.977272727272727e-01, 1.426220976184314e-05
1.370738636363636e+00, 9.204545454545454e-01, 1.109282981476689e-05
1.370738636363636e+00, 9.431818181818182e-01, 7.923449867690622e-06
1.370738636363636e+00, 9.659090909090909e-01, 4.754069920614373e-06
1.370738636363636e+00, 9.886363636363636e-01, 1.584689973538124e-06
1.390625000000000e+00, 1.136363636363636e-02, -1.857491735909612e-06
1.390625000000000e+00, 3.409090909090909e-02, -5.572475207728800e-06
1.390625000000000e+00, 5.681818181818182e-02, -9.287458679547988e-06
1.390625000000000e+00, 7.954545454545454e-02, -1.300244215136718e-05
1.390625000000000e+00, 1.022727272727273e-01, -1.671742562318636e-05
1.390625000000000e+00, 1.250000000000000e-01, -1.787835795812986e-05
1.390625000000000e+00, 1.477272727272727e-01, -1.892116053961920e-05
1.390625000000000e+00, 1.704545454545454e-01, -1.996396312110854e-05
1.390625000000000e+00, 1.931818181818182e-01, -2.100676570259788e-05
1.390625000000000e+00, 2.159090909090909e-01, -2.204956828408722e-05
1.390625000000000e+00, 2.386363636363636e-01, -2.289684538154729e-05
1.390625000000000e+00, 2.613636363636364e-01, -2.242887341568901e-05
1.390625000000000e+00, 2.840909090909091e-01, -2.149292948397236e-05
1.390625000000000e+00, 3.068181818181818e-01, -2.055698555225574e-05
1.390625000000000e+00, 3.295454545454545e-01, -1.962104162053911e-05
1.390625000000000e+00, 3.522727272727273e-01, -1.868509768882248e-05
1.390625000000000e+00, 3.750000000000000e-01, -1.839261521016103e-05
1.390625000000000e+00, 3.977272727272727e-01, -1.620741904672506e-05
1.390625000000000e+00, 4.204545454545455e-01, -1.402222288328909e-05
1.390625000000000e+00, 4.431818181818182e-01, -1.183702671985313e-05
1.390625000000000e+00, 4.659090909090909e-01, -9.651830556417156e-06
1.390625000000000e+00, 4.886363636363636e-01, -7.876358673625413e-06
1.390625000000000e+00, 5.113636363636364e-01, -6.572808565083109e-06
1.390625000000000e+00, 5.340909090909091e-01, -3.965708347998437e-06
1.390625000000000e+00, 5.568181818181818e-01, -1.358608130913815e-06
1.390625000000000e+00, 5.795454545454546e-01, 1.248492086170857e-06
1.390625000000000e+00, 6.022727272727273e-01, 3.855592303255505e-06
1.390625000000000e+00, 6.250000000000000e-01, 4.670311121094455e-06
1.390625000000000e+00, 6.477272727272727e-01, 6.690490543539153e-06
1.390625000000000e+00, 6.704545454545454e-01, 8.710669965983891e-06
1.390625000000000e+00, 6.931818181818182e-01, 1.073084938842863e-05
1.390625000000000e+00, 7.159090909090909e-01, 1.275102881087333e-05
1.390625000000000e+00, 7.386363636363636e-01, 1.439242459160965e-05
1.390625000000000e+00, 7.613636363636364e-01, 1.448179772446107e-05
1.390625000000000e+00, 7.840909090909091e-01, 1.466054399016389e-05
1.390625000000000e+00, 8.068181818181818e-01, 1.483929025586670e-05
1.390625000000000e+00, 8.295454545454546e-01, 1.501803652156952e-05
1.390625000000000e+00, 8.522727272727273e-01, 1.519678278727233e-05
1.390625000000000e+00, 8.750000000000000e-01, 1.525264099530446e-05
1.390625000000000e+00, 8.977272727272727e-01, 1.208326104822824e-05
1.390625000000000e+00, 9.204545454545454e-01, 8.913881101151964e-06
1.390625000000000e+00, 9.431818181818182e-01, 5.744501154075684e-06
1.390625000000000e+00, 9.659090909090909e-01, 2.575121206999466e-06
1.390625000000000e+00, 9.886363636363636e-01, 0.000000000000000e+00
1.410511363636364e+00, 1.136363636363636e-02, -1.857491735909612e-06
1.410511363636364e+00, 3.409090909090909e-02, -5.572475207728800e-06
1.410511363636364e+00, 5.681818181818182e-02, -9.287458679547988e-06
1.410511363636364e+00, 7.954545454545454e-02, -1.300244215136718e-05
1.410511363636364e+00, 1.022727272727273e-01, -1.462774742028804e-05
1.410511363636364e+00, 1.250000000000000e-01, -1.462774742028805e-05
1.410511363636364e+00, 1.477272727272727e-01, -1.567055000177739e-05
1.410511363636364e+00, 1.704545454545454e-01, -1.671335258326673e-05
1.410511363636364e+00, 1.931818181818182e-01, -1.775615516475607e-05
1.410511363636364e+00, 2.159090909090909e-01, -1.873378258490234e-05
1.410511363636364e+00, 2.386363636363636e-01, -1.873378258490230e-05
1.410511363636364e+00, 2.613636363636364e-01, -1.826581061904401e-05
1.410511363636364e+00, 2.840909090909091e-01, -1.732986668732738e-05
1.410511363636364e+00, 3.068181818181818e-01, -1.639392275561075e-05
1.410511363636364e+00, 3.295454545454545e-01, -1.545797882389411e-05
1.410511363636364e+00, 3.522727272727273e-01, -1.504850335376810e-05
1.410511363636364e+00, 3.750000000000000e-01, -1.504850335376810e-05
1.410511363636364e+00, 3.977272727272727e-01, -1.286330719033213e-05
1.410511363636364e+00, 4.204545454545455e-01, -1.067811102689616e-05
1.410511363636364e+00, 4.431818181818182e-01, -8.492914863460189e-06
1.410511363636364e+00, 4.659090909090909e-01, -6.444293460238975e-06
1.410511363636364e+00, 4.886363636363636e-01, -6.444293460238963e-06
1.410511363636364e+00, 5.113636363636364e-01, -5.140743351696660e-06
1.410511363636364e+00, 5.340909090909091e-01, -2.533643134611988e-06
1.410511363636364e+00, 5.568181818181818e-01, 7.345708247263356e-08
1.410511363636364e+00, 5.795454545454546e-01, 2.680557299557306e-06
1.410511363636364e+00, 6.022727272727273e-01, 3.821163644531831e-06
1.410511363636364e+00, 6.250000000000000e-01, 3.821163644531822e-06
1.410511363636364e+00, 6.477272727272727e-01, 5.841343066976559e-06
1.410511363636364e+00, 6.704545454545454e-01, 7.861522489421257e-06
1.410511363636364e+00, 6.931818181818182e-01, 9.881701911865996e-06
1.410511363636364e+00, 7.159090909090909e-01, 1.177562012040791e-05
1.410511363636364e+00, 7.386363636363636e-01, 1.177562012040788e-05
1.410511363636364e+00, 7.613636363636364e-01, 1.186499325325930e-05
1.410511363636364e+00, 7.840909090909091e-01, 1.204373951896212e-05
1.410511363636364e+00, 8.068181818181818e-01, 1.222248578466493e-05
1.410511363636364e+00, 8.295454545454546e-01, 1.240123205036774e-05
1.410511363636364e+00, 8.522727272727273e-01, 1.247943354161275e-05
1.410511363636364e+00, 8.750000000000000e-01, 1.247943354161272e-05
1.410511363636364e+00, 8.977272727272727e-01, 9.310053594536445e-06
1.410511363636364e+00, 9.204545454545454e-01, 6.140673647460226e-06
1.410511363636364e+00, 9.431818181818182e-01, 2.971293700383947e-06
1.410511363636364e+00, 9.659090909090909e-01, 0.000000000000000e+00
1.410511363636364e+00, 9.886363636363636e-01, 0.000000000000000e+00
1.430397727272727e+00, 1.136363636363636e-02, -1.857491735909612e-06
1.430397727272727e+00, 3.409090909090909e-02, -5.572475207728800e-06
1.430397727272727e+00, 5.681818181818182e-02, -9.287458679547988e-06
1.430397727272727e+00, 7.954545454545454e-02, -1.137713688244626e-05
1.430397727272727e+00, 1.022727272727273e-01, -1.137713688244627e-05
1.430397727272727e+00, 1.250000000000000e-01, -1.137713688244627e-05
1.430397727272727e+00, 1.477272727272727e-01, -1.241993946393561e-05
1.430397727272727e+00, 1.704545454545454e-01, -1.346274204542495e-05
1.430397727272727e+00, 1.931818181818182e-01, -1.450554462691429e-05
1.430397727272727e+00, 2.159090909090909e-01, -1.457071978825739e-05
1.430397727272727e+00, 2.386363636363636e-01, -1.457071978825740e-05
1.430397727272727e+00, 2.613636363636364e-01, -1.410274782239906e-05
1.430397727272727e+00, 2.840909090909091e-01, -1.316680389068243e-05
1.430397727272727e+00, 3.068181818181818e-01, -1.223085995896580e-05
1.430397727272727e+00, 3.295454545454545e-01, -1.170439149737519e-05
1.430397727272727e+00, 3.522727272727273e-01, -1.170439149737520e-05
1.430397727272727e+00, 3.750000000000000e-01, -1.170439149737520e-05
1.430397727272727e+00, 3.977272727272727e-01, -9.519195333939229e-06
1.430397727272727e+00, 4.204545454545455e-01, -7.333999170503260e-06
1.430397727272727e+00, 4.431818181818182e-01, -5.148803007067291e-06
1.430397727272727e+00, 4.659090909090909e-01, -5.012228246852542e-06
1.430397727272727e+00, 4.886363636363636e-01, -5.012228246852547e-06
1.430397727272727e+00, 5.113636363636364e-01, -3.708678138310202e-06
1.430397727272727e+00, 5.340909090909091e-01, -1.101577921225581e-06
1.430397727272727e+00, 5.568181818181818e-01, 1.505522295859092e-06
1.430397727272727e+00, 5.795454545454546e-01, 2.972016167969207e-06
1.430397727272727e+00, 6.022727272727273e-01, 2.972016167969198e-06
1.430397727272727e+00, 6.250000000000000e-01, 2.972016167969188e-06
1.430397727272727e+00, 6.477272727272727e-01, 4.992195590413915e-06
1.430397727272727e+00, 6.704545454545454e-01, 7.012375012858614e-06
1.430397727272727e+00, 6.931818181818182e-01, 9.032554435303350e-06
1.430397727272727e+00, 7.159090909090909e-01, 9.158815649206135e-06
1.430397727272727e+00, 7.386363636363636e-01, 9.158815649206163e-06
1.430397727272727e+00, 7.613636363636364e-01, 9.248188782057558e-06
1.430397727272727e+00, 7.840909090909091e-01, 9.426935047760370e-06
1.430397727272727e+00, 8.068181818181818e-01, 9.605681313463185e-06
1.430397727272727e+00, 8.295454545454546e-01, 9.706226087921049e-06
1.430397727272727e+00, 8.522727272727273e-01, 9.706226087921019e-06
1.430397727272727e+00, 8.750000000000000e-01, 9.706226087920986e-06
1.430397727272727e+00, 8.977272727272727e-01, 6.536846140844770e-06
1.430397727272727e+00, 9.204545454545454e-01, 3.367466193768551e-06
1.430397727272727e+00, 9.431818181818182e-01, 1.980862466922714e-07
1.430397727272727e+00, 9.659090909090909e-01, 0.000000000000000e+00
1.430397727272727e+00, 9.886363636363636e-01, 0.000000000000000e+00
1.450284090909091e+00, 1.136363636363636e-02, -1.857491735909612e-06
1.450284090909091e+00, 3.409090909090909e-02, -5.572475207728800e-06
1.450284090909091e+00, 5.681818181818182e-02, -8.126526344604486e-06
1.450284090909091e+00, 7.954545454545454e-02, -8.126526344604487e-06
1.450284090909091e+00, 1.022727272727273e-01, -8.126526344604493e-06
1.450284090909091e+00, 1.250000000000000e-01, -8.126526344604494e-06
1.450284090909091e+00, 1.477272727272727e-01, -9.169328926093834e-06
1.450284090909091e+00, 1.704545454545454e-01, -1.021213150758318e-05
1.450284090909091e+00, 1.931818181818182e-01, -1.040765699161244e-05
1.450284090909091e+00, 2.159090909090909e-01, -1.040765699161245e-05
1.450284090909091e+00, 2.386363636363636e-01, -1.040765699161241e-05
1.450284090909091e+00, 2.613636363636364e-01, -9.939685025754123e-06
1.450284090909091e+00, 2.840909090909091e-01, -9.003741094037485e-06
1.450284090909091e+00, 3.068181818181818e-01, -8.360279640982292e-06
1.450284090909091e+00, 3.295454545454545e-01, -8.360279640982292e-06
1.450284090909091e+00, 3.522727272727273e-01, -8.360279640982301e-06
1.450284090909091e+00, 3.750000000000000e-01, -8.360279640982301e-06
1.450284090909091e+00, 3.977272727272727e-01, -6.175083477546332e-06
1.450284090909091e+00, 4.204545454545455e-01, -3.989887314110363e-06
1.450284090909091e+00, 4.431818181818182e-01, -3.580163033466110e-06
1.450284090909091e+00, 4.659090909090909e-01, -3.580163033466110e-06
1.450284090909091e+00, 4.886363636363636e-01, -3.580163033466098e-06
1.450284090909091e+00, 5.113636363636364e-01, -2.276612924923795e-06
1.450284090909091e+00, 5.340909090909091e-01, 3.304872921608775e-07
1.450284090909091e+00, 5.568181818181818e-01, 2.122868691406579e-06
1.450284090909091e+00, 5.795454545454546e-01, 2.122868691406574e-06
1.450284090909091e+00, 6.022727272727273e-01, 2.122868691406564e-06
1.450284090909091e+00, 6.250000000000000e-01, 2.122868691406574e-06
1.450284090909091e+00, 6.477272727272727e-01, 4.143048113851272e-06
1.450284090909091e+00, 6.704545454545454e-01, 6.163227536296009e-06
1.450284090909091e+00, 6.931818181818182e-01, 6.542011178004390e-06
1.450284090909091e+00, 7.159090909090909e-01, 6.542011178004420e-06
1.450284090909091e+00, 7.386363636363636e-01, 6.542011178004390e-06
1.450284090909091e+00, 7.613636363636364e-01, 6.631384310855811e-06
1.450284090909091e+00, 7.840909090909091e-01, 6.810130576558627e-06
1.450284090909091e+00, 8.068181818181818e-01, 6.933018634229327e-06
1.450284090909091e+00, 8.295454545454546e-01, 6.933018634229312e-06
1.450284090909091e+00, 8.522727272727273e-01, 6.933018634229281e-06
1.450284090909091e+00, 8.750000000000000e-01, 6.933018634229312e-06
1.450284090909091e+00, 8.977272727272727e-01, 3.763638687153094e-06
1.450284090909091e+00, 9.204545454545454e-01, 5.942587400768140e-07
1.450284090909091e+00, 9.431818181818182e-01, 0.000000000000000e+00
1.450284090909091e+00, 9.659090909090909e-01, 0.000000000000000e+00
1.450284090909091e+00, 9.886363636363636e-01, 0.000000000000000e+00
1.470170454545455e+00, 1.136363636363636e-02, -1.857491735909612e-06
1.470170454545455e+00, 3.409090909090909e-02, -4.875915806762669e-06
1.470170454545455e+00, 5.681818181818182e-02, -4.875915806762673e-06
1.470170454545455e+00, 7.954545454545454e-02, -4.875915806762675e-06
1.470170454545455e+00, 1.022727272727273e-01, -4.875915806762680e-06
1.470170454545455e+00, 1.250000000000000e-01, -4.875915806762682e-06
1.470170454545455e+00, 1.477272727272727e-01, -5.918718388252023e-06
1.470170454545455e+00, 1.704545454545454e-01, -6.244594194967447e-06
1.470170454545455e+00, 1.931818181818182e-01, -6.244594194967452e-06
1.470170454545455e+00, 2.159090909090909e-01, -6.244594194967458e-06
1.470170454545455e+00, 2.386363636363636e-01, -6.244594194967418e-06
1.470170454545455e+00, 2.613636363636364e-01, -5.776622229109131e-06
1.470170454545455e+00, 2.840909090909091e-01, -5.016167784589357e-06
1.470170454545455e+00, 3.068181818181818e-01, -5.016167784589357e-06
1.470170454545455e+00, 3.295454545454545e-01, -5.016167784589357e-06
1.470170454545455e+00, 3.522727272727273e-01, -5.016167784589366e-06
1.470170454545455e+00, 3.750000000000000e-01, -5.016167784589366e-06
1.470170454545455e+00, 3.977272727272727e-01, -2.830971621153396e-06
1.470170454545455e+00, 4.204545454545455e-01, -2.148097820079661e-06
1.470170454545455e+00, 4.431818181818182e-01, -2.148097820079661e-06
1.470170454545455e+00, 4.659090909090909e-01, -2.148097820079661e-06
1.470170454545455e+00, 4.886363636363636e-01, -2.148097820079649e-06
1.470170454545455e+00, 5.113636363636364e-01, -8.445477115373463e-07
1.470170454545455e+00, 5.340909090909091e-01, 1.273721214843936e-06
1.470170454545455e+00, 5.568181818181818e-01, 1.273721214843945e-06
1.470170454545455e+00, 5.795454545454546e-01, 1.273721214843940e-06
1.470170454545455e+00, 6.022727272727273e-01, 1.273721214843950e-06
1.470170454545455e+00, 6.250000000000000e-01, 1.273721214843940e-06
1.470170454545455e+00, 6.477272727272727e-01, 3.293900637288678e-06
1.470170454545455e+00, 6.704545454545454e-01, 3.925206706802631e-06
1.470170454545455e+00, 6.931818181818182e-01, 3.925206706802617e-06
1.470170454545455e+00, 7.159090909090909e-01, 3.925206706802646e-06
1.470170454545455e+00, 7.386363636363636e-01, 3.925206706802617e-06
1.470170454545455e+00, 7.613636363636364e-01, 4.014579839654037e-06
1.470170454545455e+00, 7.840909090909091e-01, 4.159811180537559e-06
1.470170454545455e+00, 8.068181818181818e-01, 4.159811180537590e-06
1.470170454545455e+00, 8.295454545454546e-01, 4.159811180537574e-06
1.470170454545455e+00, 8.522727272727273e-01, 4.159811180537606e-06
1.470170454545455e+00, 8.750000000000000e-01, 4.159811180537574e-06
1.470170454545455e+00, 8.977272727272727e-01, 9.904312334612950e-07
1.470170454545455e+00, 9.204545454545454e-01, 0.000000000000000e+00
1.470170454545455e+00, 9.431818181818182e-01, 0.000000000000000e+00
1.470170454545455e+00, 9.659090909090909e-01, 0.000000000000000e+00
1.470170454545455e+00, 9.886363636363636e-01, 0.000000000000000e+00
1.490056818181818e+00, 1.136363636363636e-02, -1.625305268920854e-06
1.490056818181818e+00, 3.409090909090909e-02, -1.625305268920856e-06
1.490056818181818e+00, 5.681818181818182e-02, -1.625305268920861e-06
1.490056818181818e+00, 7.954545454545454e-02, -1.625305268920863e-06
1.490056818181818e+00, 1.022727272727273e-01, -1.625305268920868e-06
1.490056818181818e+00, 1.250000000000000e-01, -1.625305268920870e-06
1.490056818181818e+00, 1.477272727272727e-01, -2.081531398322455e-06
1.490056818181818e+00, 1.704545454545454e-01, -2.081531398322455e-06
1.490056818181818e+00, 1.931818181818182e-01, -2.081531398322461e-06
1.490056818181818e+00, 2.159090909090909e-01, -2.081531398322467e-06
1.490056818181818e+00, 2.386363636363636e-01, -2.081531398322426e-06
1.490056818181818e+00, 2.613636363636364e-01, -1.672055928196449e-06
1.490056818181818e+00, 2.840909090909091e-01, -1.672055928196421e-06
1.490056818181818e+00, 3.068181818181818e-01, -1.672055928196421e-06
1.490056818181818e+00, 3.295454545454545e-01, -1.672055928196421e-06
1.490056818181818e+00, 3.522727272727273e-01, -1.672055928196430e-06
1.490056818181818e+00, 3.750000000000000e-01, -1.672055928196430e-06
1.490056818181818e+00, 3.977272727272727e-01, -7.160326066932084e-07
1.490056818181818e+00, 4.204545454545455e-01, -7.160326066932124e-07
1.490056818181818e+00, 4.431818181818182e-01, -7.160326066932124e-07
1.490056818181818e+00, 4.659090909090909e-01, -7.160326066932124e-07
1.490056818181818e+00, 4.886363636363636e-01, -7.160326066932003e-07
1.490056818181818e+00, 5.113636363636364e-01, 4.245737382813119e-07
1.490056818181818e+00, 5.340909090909091e-01, 4.245737382813025e-07
1.490056818181818e+00, 5.568181818181818e-01, 4.245737382813119e-07
1.490056818181818e+00, 5.795454545454546e-01, 4.245737382813072e-07
1.490056818181818e+00, 6.022727272727273e-01, 4.245737382812977e-07
1.490056818181818e+00, 6.250000000000000e-01, 4.245737382813072e-07
1.490056818181818e+00, 6.477272727272727e-01, 1.308402235600887e-06
1.490056818181818e+00, 6.704545454545454e-01, 1.308402235600858e-06
1.490056818181818e+00, 6.931818181818182e-01, 1.308402235600843e-06
1.490056818181818e+00, 7.159090909090909e-01, 1.308402235600872e-06
1.490056818181818e+00, 7.386363636363636e-01, 1.308402235600843e-06
1.490056818181818e+00, 7.613636363636364e-01, 1.386603726845853e-06
1.490056818181818e+00, 7.840909090909091e-01, 1.386603726845822e-06
1.490056818181818e+00, 8.068181818181818e-01, 1.386603726845853e-06
1.490056818181818e+00, 8.295454545454546e-01, 1.386603726845838e-06
1.490056818181818e+00, 8.522727272727273e-01, 1.386603726845807e-06
1.490056818181818e+00, 8.750000000000000e-01, 1.386603726845838e-06
1.490056818181818e+00, 8.977272727272727e-01, 0.000000000000000e+00
1.490056818181818e+00, 9.204545454545454e-01, 0.000000000000000e+00
1.490056818181818e+00, 9.431818181818182e-01, 0.000000000000000e+00
1.490056818181818e+00, 9.659090909090909e-01, 0.000000000000000e+00
1.490056818181818e+00, 9.886363636363636e-01, 0.000000000000000e+00
