x,y,u
7.102272727272727e-03,1.136363636363636e-02,-2.518600921439638e-04
2.130681818181818e-02,1.136363636363636e-02,-7.555802764318910e-04
3.551136363636364e-02,1.136363636363636e-02,-1.259300460719819e-03
4.971590909090909e-02,1.136363636363636e-02,-1.763020645007746e-03
6.392045454545454e-02,1.136363636363636e-02,-2.256163863690755e-03
7.812500000000000e-02,1.136363636363636e-02,-2.654114391929501e-03
9.232954545454546e-02,1.136363636363636e-02,-3.052064920168246e-03
1.065340909090909e-01,1.136363636363636e-02,-3.450015448406992e-03
1.207386363636364e-01,1.136363636363636e-02,-3.847965976645738e-03
1.349431818181818e-01,1.136363636363636e-02,-4.170023670111109e-03
1.491477272727273e-01,1.136363636363636e-02,-4.459555862959320e-03
1.633522727272727e-01,1.136363636363636e-02,-4.749088055807532e-03
1.775568181818182e-01,1.136363636363636e-02,-5.038620248655742e-03
1.917613636363636e-01,1.136363636363636e-02,-5.294942351018715e-03
2.059659090909091e-01,1.136363636363636e-02,-5.473774242249468e-03
2.201704545454546e-01,1.136363636363636e-02,-5.652606133480219e-03
2.343750000000000e-01,1.136363636363636e-02,-5.831438024710971e-03
2.485795454545454e-01,1.136363636363636e-02,-6.010269915941722e-03
2.627840909090909e-01,1.136363636363636e-02,-6.087545352390862e-03
2.769886363636364e-01,1.136363636363636e-02,-6.153536738308710e-03
2.911931818181818e-01,1.136363636363636e-02,-6.219528124226560e-03
3.053977272727273e-01,1.136363636363636e-02,-6.285519510144410e-03
3.196022727272727e-01,1.136363636363636e-02,-6.294048906611638e-03
3.338068181818182e-01,1.136363636363636e-02,-6.245116313628244e-03
3.480113636363636e-01,1.136363636363636e-02,-6.196183720644852e-03
3.622159090909091e-01,1.136363636363636e-02,-6.147251127661458e-03
3.764204545454545e-01,1.136363636363636e-02,-6.086619219409737e-03
3.906250000000000e-01,1.136363636363636e-02,-5.920693473743068e-03
4.048295454545455e-01,1.136363636363636e-02,-5.754767728076399e-03
4.190340909090909e-01,1.136363636363636e-02,-5.588841982409729e-03
4.332386363636364e-01,1.136363636363636e-02,-5.422916236743059e-03
4.474431818181818e-01,1.136363636363636e-02,-5.173632016596244e-03
4.616477272727273e-01,1.136363636363636e-02,-4.888622735957939e-03
4.758522727272727e-01,1.136363636363636e-02,-4.603613455319634e-03
4.900568181818182e-01,1.136363636363636e-02,-4.318604174681329e-03
5.042613636363636e-01,1.136363636363636e-02,-3.997219377615251e-03
5.184659090909091e-01,1.136363636363636e-02,-3.590958375551046e-03
5.326704545454546e-01,1.136363636363636e-02,-3.184697373486836e-03
5.468750000000000e-01,1.136363636363636e-02,-2.778436371422630e-03
5.610795454545454e-01,1.136363636363636e-02,-2.372175369358423e-03
5.752840909090909e-01,1.136363636363636e-02,-1.873287303384417e-03
5.894886363636364e-01,1.136363636363636e-02,-1.364107341420437e-03
6.036931818181818e-01,1.136363636363636e-02,-8.549273794564566e-04
6.178977272727273e-01,1.136363636363636e-02,-3.457474174924724e-04
7.102272727272727e-03,3.409090909090909e-02,-7.555802764318911e-04
2.130681818181818e-02,3.409090909090909e-02,-2.266740829295673e-03
3.551136363636364e-02,3.409090909090909e-02,-3.777901382159455e-03
4.971590909090909e-02,3.409090909090909e-02,-5.289061935023236e-03
6.392045454545454e-02,3.409090909090909e-02,-6.768491591072265e-03
7.812500000000000e-02,3.409090909090909e-02,-7.962343175788502e-03
9.232954545454546e-02,3.409090909090909e-02,-9.156194760504738e-03
1.065340909090909e-01,3.409090909090909e-02,-1.035004634522097e-02
1.207386363636364e-01,3.409090909090909e-02,-1.154389792993721e-02
1.349431818181818e-01,3.409090909090909e-02,-1.251007101033333e-02
1.491477272727273e-01,3.409090909090909e-02,-1.337866758887796e-02
1.633522727272727e-01,3.409090909090909e-02,-1.424726416742259e-02
1.775568181818182e-01,3.409090909090909e-02,-1.511586074596722e-02
1.917613636363636e-01,3.409090909090909e-02,-1.588482705305614e-02
2.059659090909091e-01,3.409090909090909e-02,-1.642132272674840e-02
2.201704545454546e-01,3.409090909090909e-02,-1.695781840044066e-02
2.343750000000000e-01,3.409090909090909e-02,-1.749431407413291e-02
2.485795454545454e-01,3.409090909090909e-02,-1.803080974782516e-02
2.627840909090909e-01,3.409090909090909e-02,-1.826263605717258e-02
2.769886363636364e-01,3.409090909090909e-02,-1.846061021492613e-02
2.911931818181818e-01,3.409090909090909e-02,-1.865858437267968e-02
3.053977272727273e-01,3.409090909090909e-02,-1.885655853043323e-02
3.196022727272727e-01,3.409090909090909e-02,-1.888214671983491e-02
3.338068181818182e-01,3.409090909090909e-02,-1.873534894088473e-02
3.480113636363636e-01,3.409090909090909e-02,-1.858855116193455e-02
3.622159090909091e-01,3.409090909090909e-02,-1.844175338298437e-02
3.764204545454545e-01,3.409090909090909e-02,-1.825985765822921e-02
3.906250000000000e-01,3.409090909090909e-02,-1.776208042122920e-02
4.048295454545455e-01,3.409090909090909e-02,-1.726430318422920e-02
4.190340909090909e-01,3.409090909090909e-02,-1.676652594722919e-02
4.332386363636364e-01,3.409090909090909e-02,-1.626874871022918e-02
4.474431818181818e-01,3.409090909090909e-02,-1.552089604978873e-02
4.616477272727273e-01,3.409090909090909e-02,-1.466586820787381e-02
4.758522727272727e-01,3.409090909090909e-02,-1.381084036595890e-02
4.900568181818182e-01,3.409090909090909e-02,-1.295581252404398e-02
5.042613636363636e-01,3.409090909090909e-02,-1.199165813284575e-02
5.184659090909091e-01,3.409090909090909e-02,-1.077287512665314e-02
5.326704545454546e-01,3.409090909090909e-02,-9.554092120460508e-03
5.468750000000000e-01,3.409090909090909e-02,-8.335309114267889e-03
5.610795454545454e-01,3.409090909090909e-02,-7.116526108075270e-03
5.752840909090909e-01,3.409090909090909e-02,-5.619861910153252e-03
5.894886363636364e-01,3.409090909090909e-02,-4.092322024261311e-03
6.036931818181818e-01,3.409090909090909e-02,-2.564782138369370e-03
6.178977272727273e-01,3.409090909090909e-02,-1.037242252477417e-03
7.102272727272727e-03,5.681818181818182e-02,-1.259300460719819e-03
2.130681818181818e-02,5.681818181818182e-02,-3.777901382159455e-03
3.551136363636364e-02,5.681818181818182e-02,-6.296502303599093e-03
4.971590909090909e-02,5.681818181818182e-02,-8.815103225038728e-03
6.392045454545454e-02,5.681818181818182e-02,-1.128081931845377e-02
7.812500000000000e-02,5.681818181818182e-02,-1.327057195964750e-02
9.232954545454546e-02,5.681818181818182e-02,-1.526032460084123e-02
1.065340909090909e-01,5.681818181818182e-02,-1.725007724203496e-02
1.207386363636364e-01,5.681818181818182e-02,-1.923982988322869e-02
1.349431818181818e-01,5.681818181818182e-02,-2.085011835055554e-02
1.491477272727273e-01,5.681818181818182e-02,-2.229777931479660e-02
1.633522727272727e-01,5.681818181818182e-02,-2.374544027903766e-02
1.775568181818182e-01,5.681818181818182e-02,-2.519310124327871e-02
1.917613636363636e-01,5.681818181818182e-02,-2.647471175509358e-02
2.059659090909091e-01,5.681818181818182e-02,-2.736887121124733e-02
2.201704545454546e-01,5.681818181818182e-02,-2.826303066740109e-02
2.343750000000000e-01,5.681818181818182e-02,-2.915719012355485e-02
2.485795454545454e-01,5.681818181818182e-02,-3.005134957970861e-02
2.627840909090909e-01,5.681818181818182e-02,-3.043772676195431e-02
2.769886363636364e-01,5.681818181818182e-02,-3.076768369154356e-02
2.911931818181818e-01,5.681818181818182e-02,-3.109764062113280e-02
3.053977272727273e-01,5.681818181818182e-02,-3.142759755072205e-02
3.196022727272727e-01,5.681818181818182e-02,-3.147024453305819e-02
3.338068181818182e-01,5.681818181818182e-02,-3.122558156814122e-02
3.480113636363636e-01,5.681818181818182e-02,-3.098091860322426e-02
3.622159090909091e-01,5.681818181818182e-02,-3.073625563830729e-02
3.764204545454545e-01,5.681818181818182e-02,-3.043309609704869e-02
3.906250000000000e-01,5.681818181818182e-02,-2.960346736871534e-02
4.048295454545455e-01,5.681818181818182e-02,-2.877383864038199e-02
4.190340909090909e-01,5.681818181818182e-02,-2.794420991204864e-02
4.332386363636364e-01,5.681818181818182e-02,-2.711458118371530e-02
4.474431818181818e-01,5.681818181818182e-02,-2.586816008298122e-02
4.616477272727273e-01,5.681818181818182e-02,-2.444311367978969e-02
4.758522727272727e-01,5.681818181818182e-02,-2.301806727659817e-02
4.900568181818182e-01,5.681818181818182e-02,-2.159302087340664e-02
5.042613636363636e-01,5.681818181818182e-02,-1.998609688807626e-02
5.184659090909091e-01,5.681818181818182e-02,-1.795479187775523e-02
5.326704545454546e-01,5.681818181818182e-02,-1.592348686743418e-02
5.468750000000000e-01,5.681818181818182e-02,-1.389218185711315e-02
5.610795454545454e-01,5.681818181818182e-02,-1.186087684679212e-02
5.752840909090909e-01,5.681818181818182e-02,-9.366436516922087e-03
5.894886363636364e-01,5.681818181818182e-02,-6.820536707102185e-03
6.036931818181818e-01,5.681818181818182e-02,-4.274636897282283e-03
6.178977272727273e-01,5.681818181818182e-02,-1.728737087462362e-03
7.102272727272727e-03,7.954545454545454e-02,-1.702969774834903e-03
2.130681818181818e-02,7.954545454545454e-02,-5.108909324504706e-03
3.551136363636364e-02,7.954545454545454e-02,-8.514848874174512e-03
4.971590909090909e-02,7.954545454545454e-02,-1.192078842384432e-02
6.392045454545454e-02,7.954545454545454e-02,-1.525497251175072e-02
7.812500000000000e-02,7.954545454545454e-02,-1.794335744378649e-02
9.232954545454546e-02,7.954545454545454e-02,-2.063174237582226e-02
1.065340909090909e-01,7.954545454545454e-02,-2.332012730785804e-02
1.207386363636364e-01,7.954545454545454e-02,-2.600851223989381e-02
1.349431818181818e-01,7.954545454545454e-02,-2.818306898412512e-02
1.491477272727273e-01,7.954545454545454e-02,-3.013741364786880e-02
1.633522727272727e-01,7.954545454545454e-02,-3.209175831161250e-02
1.775568181818182e-01,7.954545454545454e-02,-3.404610297535618e-02
1.917613636363636e-01,7.954545454545454e-02,-3.577584524204383e-02
2.059659090909091e-01,7.954545454545454e-02,-3.698151524893405e-02
2.201704545454546e-01,7.954545454545454e-02,-3.818718525582427e-02
2.343750000000000e-01,7.954545454545454e-02,-3.939285526271449e-02
2.485795454545454e-01,7.954545454545454e-02,-4.059852526960471e-02
2.627840909090909e-01,7.954545454545454e-02,-4.111792135005583e-02
2.769886363636364e-01,7.954545454545454e-02,-4.156106477201373e-02
2.911931818181818e-01,7.954545454545454e-02,-4.200420819397161e-02
3.053977272727273e-01,7.954545454545454e-02,-4.244735161592951e-02
3.196022727272727e-01,7.954545454545454e-02,-4.250247238516398e-02
3.338068181818182e-01,7.954545454545454e-02,-4.216957050167502e-02
3.480113636363636e-01,7.954545454545454e-02,-4.183666861818608e-02
3.622159090909091e-01,7.954545454545454e-02,-4.150376673469713e-02
3.764204545454545e-01,7.954545454545454e-02,-4.109191742017823e-02
3.906250000000000e-01,7.954545454545454e-02,-3.996954122638981e-02
4.048295454545455e-01,7.954545454545454e-02,-3.884716503260140e-02
4.190340909090909e-01,7.954545454545454e-02,-3.772478883881298e-02
4.332386363636364e-01,7.954545454545454e-02,-3.660241264502456e-02
4.474431818181818e-01,7.954545454545454e-02,-3.491792235066299e-02
4.616477272727273e-01,7.954545454545454e-02,-3.299252601319864e-02
4.758522727272727e-01,7.954545454545454e-02,-3.106712967573429e-02
4.900568181818182e-01,7.954545454545454e-02,-2.914173333826994e-02
5.042613636363636e-01,7.954545454545454e-02,-2.697124083207192e-02
5.184659090909091e-01,7.954545454545454e-02,-2.422885726549539e-02
5.326704545454546e-01,7.954545454545454e-02,-2.148647369891883e-02
5.468750000000000e-01,7.954545454545454e-02,-1.874409013234229e-02
5.610795454545454e-01,7.954545454545454e-02,-1.600170656576576e-02
5.752840909090909e-01,7.954545454545454e-02,-1.262982382481316e-02
5.894886363636364e-01,7.954545454545454e-02,-9.187996731152144e-03
6.036931818181818e-01,7.954545454545454e-02,-5.746169637491125e-03
6.178977272727273e-01,7.954545454545454e-02,-2.304342543830078e-03
7.102272727272727e-03,1.022727272727273e-01,-2.126622132225706e-03
2.130681818181818e-02,1.022727272727273e-01,-6.379866396677115e-03
3.551136363636364e-02,1.022727272727273e-01,-1.063311066112852e-02
4.971590909090909e-02,1.022727272727273e-01,-1.488635492557993e-02
6.392045454545454e-02,1.022727272727273e-01,-1.904973419368614e-02
7.812500000000000e-02,1.022727272727273e-01,-2.240432849468547e-02
9.232954545454546e-02,1.022727272727273e-01,-2.575892279568481e-02
1.065340909090909e-01,1.022727272727273e-01,-2.911351709668415e-02
1.207386363636364e-01,1.022727272727273e-01,-3.246811139768347e-02
1.349431818181818e-01,1.022727272727273e-01,-3.518032071547715e-02
1.491477272727273e-01,1.022727272727273e-01,-3.761722218332553e-02
1.633522727272727e-01,1.022727272727273e-01,-4.005412365117393e-02
1.775568181818182e-01,1.022727272727273e-01,-4.249102511902231e-02
1.917613636363636e-01,1.022727272727273e-01,-4.464739499063169e-02
2.059659090909091e-01,1.022727272727273e-01,-4.614919113768336e-02
2.201704545454546e-01,1.022727272727273e-01,-4.765098728473503e-02
2.343750000000000e-01,1.022727272727273e-01,-4.915278343178670e-02
2.485795454545454e-01,1.022727272727273e-01,-5.065457957883837e-02
2.627840909090909e-01,1.022727272727273e-01,-5.129981723259731e-02
2.769886363636364e-01,1.022727272727273e-01,-5.184988172043482e-02
2.911931818181818e-01,1.022727272727273e-01,-5.239994620827233e-02
3.053977272727273e-01,1.022727272727273e-01,-5.295001069610985e-02
3.196022727272727e-01,1.022727272727273e-01,-5.301607691689728e-02
3.338068181818182e-01,1.022727272727273e-01,-5.259814487063461e-02
3.480113636363636e-01,1.022727272727273e-01,-5.218021282437194e-02
3.622159090909091e-01,1.022727272727273e-01,-5.176228077810927e-02
3.764204545454545e-01,1.022727272727273e-01,-5.124593303807780e-02
3.906250000000000e-01,1.022727272727273e-01,-4.984384405412707e-02
4.048295454545455e-01,1.022727272727273e-01,-4.844175507017634e-02
4.190340909090909e-01,1.022727272727273e-01,-4.703966608622562e-02
4.332386363636364e-01,1.022727272727273e-01,-4.563757710227489e-02
4.474431818181818e-01,1.022727272727273e-01,-4.353518402984119e-02
4.616477272727273e-01,1.022727272727273e-01,-4.113266063377194e-02
4.758522727272727e-01,1.022727272727273e-01,-3.873013723770270e-02
4.900568181818182e-01,1.022727272727273e-01,-3.632761384163345e-02
5.042613636363636e-01,1.022727272727273e-01,-3.361995317232264e-02
5.184659090909091e-01,1.022727272727273e-01,-3.020030553211491e-02
5.326704545454546e-01,1.022727272727273e-01,-2.678065789190714e-02
5.468750000000000e-01,1.022727272727273e-01,-2.336101025169941e-02
5.610795454545454e-01,1.022727272727273e-01,-1.994136261149167e-02
5.752840909090909e-01,1.022727272727273e-01,-1.573214869974500e-02
5.894886363636364e-01,1.022727272727273e-01,-1.143520520227180e-02
6.036931818181818e-01,1.022727272727273e-01,-7.138261704798610e-03
6.178977272727273e-01,1.022727272727273e-01,-2.841318207325384e-03
7.102272727272727e-03,1.250000000000000e-01,-2.550274489616508e-03
2.130681818181818e-02,1.250000000000000e-01,-7.650823468849523e-03
3.551136363636364e-02,1.250000000000000e-01,-1.275137244808254e-02
4.971590909090909e-02,1.250000000000000e-01,-1.785192142731555e-02
6.392045454545454e-02,1.250000000000000e-01,-2.284449587562156e-02
7.812500000000000e-02,1.250000000000000e-01,-2.686529954558445e-02
9.232954545454546e-02,1.250000000000000e-01,-3.088610321554735e-02
1.065340909090909e-01,1.250000000000000e-01,-3.490690688551024e-02
1.207386363636364e-01,1.250000000000000e-01,-3.892771055547314e-02
1.349431818181818e-01,1.250000000000000e-01,-4.217757244682917e-02
1.491477272727273e-01,1.250000000000000e-01,-4.509703071878226e-02
1.633522727272727e-01,1.250000000000000e-01,-4.801648899073536e-02
1.775568181818182e-01,1.250000000000000e-01,-5.093594726268844e-02
1.917613636363636e-01,1.250000000000000e-01,-5.351894473921954e-02
2.059659090909091e-01,1.250000000000000e-01,-5.531686702643266e-02
2.201704545454546e-01,1.250000000000000e-01,-5.711478931364579e-02
2.343750000000000e-01,1.250000000000000e-01,-5.891271160085890e-02
2.485795454545454e-01,1.250000000000000e-01,-6.071063388807202e-02
2.627840909090909e-01,1.250000000000000e-01,-6.148171311513877e-02
2.769886363636364e-01,1.250000000000000e-01,-6.213869866885591e-02
2.911931818181818e-01,1.250000000000000e-01,-6.279568422257305e-02
3.053977272727273e-01,1.250000000000000e-01,-6.345266977629019e-02
3.196022727272727e-01,1.250000000000000e-01,-6.352968144863057e-02
3.338068181818182e-01,1.250000000000000e-01,-6.302671923959419e-02
3.480113636363636e-01,1.250000000000000e-01,-6.252375703055781e-02
3.622159090909091e-01,1.250000000000000e-01,-6.202079482152141e-02
3.764204545454545e-01,1.250000000000000e-01,-6.139994865597737e-02
3.906250000000000e-01,1.250000000000000e-01,-5.971814688186432e-02
4.048295454545455e-01,1.250000000000000e-01,-5.803634510775128e-02
4.190340909090909e-01,1.250000000000000e-01,-5.635454333363825e-02
4.332386363636364e-01,1.250000000000000e-01,-5.467274155952520e-02
4.474431818181818e-01,1.250000000000000e-01,-5.215244570901938e-02
4.616477272727273e-01,1.250000000000000e-01,-4.927279525434523e-02
4.758522727272727e-01,1.250000000000000e-01,-4.639314479967110e-02
4.900568181818182e-01,1.250000000000000e-01,-4.351349434499695e-02
5.042613636363636e-01,1.250000000000000e-01,-4.026866551257335e-02
5.184659090909091e-01,1.250000000000000e-01,-3.617175379873442e-02
5.326704545454546e-01,1.250000000000000e-01,-3.207484208489545e-02
5.468750000000000e-01,1.250000000000000e-01,-2.797793037105652e-02
5.610795454545454e-01,1.250000000000000e-01,-2.388101865721758e-02
5.752840909090909e-01,1.250000000000000e-01,-1.883447357467682e-02
5.894886363636364e-01,1.250000000000000e-01,-1.368241367339146e-02
6.036931818181818e-01,1.250000000000000e-01,-8.530353772106094e-03
6.178977272727273e-01,1.250000000000000e-01,-3.378293870820690e-03
7.102272727272727e-03,1.477272727272727e-01,-2.896171700952518e-03
2.130681818181818e-02,1.477272727272727e-01,-8.688515102857551e-03
3.551136363636364e-02,1.477272727272727e-01,-1.448085850476259e-02
4.971590909090909e-02,1.477272727272727e-01,-2.027320190666762e-02
6.392045454545454e-02,1.477272727272727e-01,-2.594256158831687e-02
7.812500000000000e-02,1.477272727272727e-01,-3.050506778766411e-02
9.232954545454546e-02,1.477272727272727e-01,-3.506757398701135e-02
1.065340909090909e-01,1.477272727272727e-01,-3.963008018635858e-02
1.207386363636364e-01,1.477272727272727e-01,-4.419258638570582e-02
1.349431818181818e-01,1.477272727272727e-01,-4.787826317157243e-02
1.491477272727273e-01,1.477272727272727e-01,-5.118815592309019e-02
1.633522727272727e-01,1.477272727272727e-01,-5.449804867460797e-02
1.775568181818182e-01,1.477272727272727e-01,-5.780794142612575e-02
1.917613636363636e-01,1.477272727272727e-01,-6.073557471608436e-02
2.059659090909091e-01,1.477272727272727e-01,-6.277126926240496e-02
2.201704545454546e-01,1.477272727272727e-01,-6.480696380872557e-02
2.343750000000000e-01,1.477272727272727e-01,-6.684265835504616e-02
2.485795454545454e-01,1.477272727272727e-01,-6.887835290136675e-02
2.627840909090909e-01,1.477272727272727e-01,-6.974848510415285e-02
2.769886363636364e-01,1.477272727272727e-01,-7.048911037987957e-02
2.911931818181818e-01,1.477272727272727e-01,-7.122973565560627e-02
3.053977272727273e-01,1.477272727272727e-01,-7.197036093133297e-02
3.196022727272727e-01,1.477272727272727e-01,-7.205320145844955e-02
3.338068181818182e-01,1.477272727272727e-01,-7.147825723695603e-02
3.480113636363636e-01,1.477272727272727e-01,-7.090331301546250e-02
3.622159090909091e-01,1.477272727272727e-01,-7.032836879396898e-02
3.764204545454545e-01,1.477272727272727e-01,-6.961982976371266e-02
3.906250000000000e-01,1.477272727272727e-01,-6.770893745459113e-02
4.048295454545455e-01,1.477272727272727e-01,-6.579804514546959e-02
4.190340909090909e-01,1.477272727272727e-01,-6.388715283634806e-02
4.332386363636364e-01,1.477272727272727e-01,-6.197626052722653e-02
4.474431818181818e-01,1.477272727272727e-01,-5.911586988260886e-02
4.616477272727273e-01,1.477272727272727e-01,-5.584855137992139e-02
4.758522727272727e-01,1.477272727272727e-01,-5.258123287723394e-02
4.900568181818182e-01,1.477272727272727e-01,-4.931391437454648e-02
5.042613636363636e-01,1.477272727272727e-01,-4.563341902367483e-02
5.184659090909091e-01,1.477272727272727e-01,-4.098884436037348e-02
5.326704545454546e-01,1.477272727272727e-01,-3.634426969707209e-02
5.468750000000000e-01,1.477272727272727e-01,-3.169969503377073e-02
5.610795454545454e-01,1.477272727272727e-01,-2.705512037046938e-02
5.752840909090909e-01,1.477272727272727e-01,-2.133038406603283e-02
5.894886363636364e-01,1.477272727272727e-01,-1.548562980147020e-02
6.036931818181818e-01,1.477272727272727e-01,-9.640875536907567e-03
6.178977272727273e-01,1.477272727272727e-01,-3.796121272344892e-03
7.102272727272727e-03,1.704545454545454e-01,-3.242068912288527e-03
2.130681818181818e-02,1.704545454545454e-01,-9.726206736865578e-03
3.551136363636364e-02,1.704545454545454e-01,-1.621034456144263e-02
4.971590909090909e-02,1.704545454545454e-01,-2.269448238601969e-02
6.392045454545454e-02,1.704545454545454e-01,-2.904062730101219e-02
7.812500000000000e-02,1.704545454545454e-01,-3.414483602974376e-02
9.232954545454546e-02,1.704545454545454e-01,-3.924904475847534e-02
1.065340909090909e-01,1.704545454545454e-01,-4.435325348720692e-02
1.207386363636364e-01,1.704545454545454e-01,-4.945746221593849e-02
1.349431818181818e-01,1.704545454545454e-01,-5.357895389631567e-02
1.491477272727273e-01,1.704545454545454e-01,-5.727928112739813e-02
1.633522727272727e-01,1.704545454545454e-01,-6.097960835848058e-02
1.775568181818182e-01,1.704545454545454e-01,-6.467993558956303e-02
1.917613636363636e-01,1.704545454545454e-01,-6.795220469294919e-02
2.059659090909091e-01,1.704545454545454e-01,-7.022567149837725e-02
2.201704545454546e-01,1.704545454545454e-01,-7.249913830380533e-02
2.343750000000000e-01,1.704545454545454e-01,-7.477260510923341e-02
2.485795454545454e-01,1.704545454545454e-01,-7.704607191466148e-02
2.627840909090909e-01,1.704545454545454e-01,-7.801525709316694e-02
2.769886363636364e-01,1.704545454545454e-01,-7.883952209090320e-02
2.911931818181818e-01,1.704545454545454e-01,-7.966378708863946e-02
3.053977272727273e-01,1.704545454545454e-01,-8.048805208637573e-02
3.196022727272727e-01,1.704545454545454e-01,-8.057672146826853e-02
3.338068181818182e-01,1.704545454545454e-01,-7.992979523431787e-02
3.480113636363636e-01,1.704545454545454e-01,-7.928286900036720e-02
3.622159090909091e-01,1.704545454545454e-01,-7.863594276641654e-02
3.764204545454545e-01,1.704545454545454e-01,-7.783971087144793e-02
3.906250000000000e-01,1.704545454545454e-01,-7.569972802731792e-02
4.048295454545455e-01,1.704545454545454e-01,-7.355974518318789e-02
4.190340909090909e-01,1.704545454545454e-01,-7.141976233905788e-02
4.332386363636364e-01,1.704545454545454e-01,-6.927977949492786e-02
4.474431818181818e-01,1.704545454545454e-01,-6.607929405619831e-02
4.616477272727273e-01,1.704545454545454e-01,-6.242430750549753e-02
4.758522727272727e-01,1.704545454545454e-01,-5.876932095479677e-02
4.900568181818182e-01,1.704545454545454e-01,-5.511433440409598e-02
5.042613636363636e-01,1.704545454545454e-01,-5.099817253477631e-02
5.184659090909091e-01,1.704545454545454e-01,-4.580593492201253e-02
5.326704545454546e-01,1.704545454545454e-01,-4.061369730924871e-02
5.468750000000000e-01,1.704545454545454e-01,-3.542145969648494e-02
5.610795454545454e-01,1.704545454545454e-01,-3.022922208372117e-02
5.752840909090909e-01,1.704545454545454e-01,-2.382629455738884e-02
5.894886363636364e-01,1.704545454545454e-01,-1.728884592954894e-02
6.036931818181818e-01,1.704545454545454e-01,-1.075139730170904e-02
6.178977272727273e-01,1.704545454545454e-01,-4.213948673869095e-03
7.102272727272727e-03,1.931818181818182e-01,-3.569197383899392e-03
2.130681818181818e-02,1.931818181818182e-01,-1.070759215169818e-02
3.551136363636364e-02,1.931818181818182e-01,-1.784598691949696e-02
4.971590909090909e-02,1.931818181818182e-01,-2.498438168729574e-02
6.392045454545454e-02,1.931818181818182e-01,-3.197053949267416e-02
7.812500000000000e-02,1.931818181818182e-01,-3.758656463626932e-02
9.232954545454546e-02,1.931818181818182e-01,-4.320258977986449e-02
1.065340909090909e-01,1.931818181818182e-01,-4.881861492345965e-02
1.207386363636364e-01,1.931818181818182e-01,-5.443464006705482e-02
1.349431818181818e-01,1.931818181818182e-01,-5.896758738761002e-02
1.491477272727273e-01,1.931818181818182e-01,-6.303635849829095e-02
1.633522727272727e-01,1.931818181818182e-01,-6.710512960897187e-02
1.775568181818182e-01,1.931818181818182e-01,-7.117390071965279e-02
1.917613636363636e-01,1.931818181818182e-01,-7.477126354518247e-02
2.059659090909091e-01,1.931818181818182e-01,-7.726867370535917e-02
2.201704545454546e-01,1.931818181818182e-01,-7.976608386553588e-02
2.343750000000000e-01,1.931818181818182e-01,-8.226349402571256e-02
2.485795454545454e-01,1.931818181818182e-01,-8.476090418588927e-02
2.627840909090909e-01,1.931818181818182e-01,-8.582289959756699e-02
2.769886363636364e-01,1.931818181818182e-01,-8.672540448163371e-02
2.911931818181818e-01,1.931818181818182e-01,-8.762790936570043e-02
3.053977272727273e-01,1.931818181818182e-01,-8.853041424976715e-02
3.196022727272727e-01,1.931818181818182e-01,-8.862385947645408e-02
3.338068181818182e-01,1.931818181818182e-01,-8.790824504576122e-02
3.480113636363636e-01,1.931818181818182e-01,-8.719263061506838e-02
3.622159090909091e-01,1.931818181818182e-01,-8.647701618437553e-02
3.764204545454545e-01,1.931818181818182e-01,-8.559728090270327e-02
3.906250000000000e-01,1.931818181818182e-01,-8.324045796221639e-02
4.048295454545455e-01,1.931818181818182e-01,-8.088363502172950e-02
4.190340909090909e-01,1.931818181818182e-01,-7.852681208124260e-02
4.332386363636364e-01,1.931818181818182e-01,-7.616998914075572e-02
4.474431818181818e-01,1.931818181818182e-01,-7.264811299688720e-02
4.616477272727273e-01,1.931818181818182e-01,-6.862692833728369e-02
4.758522727272727e-01,1.931818181818182e-01,-6.460574367768020e-02
4.900568181818182e-01,1.931818181818182e-01,-6.058455901807668e-02
5.042613636363636e-01,1.931818181818182e-01,-5.605704473849146e-02
5.184659090909091e-01,1.931818181818182e-01,-5.034809467894891e-02
5.326704545454546e-01,1.931818181818182e-01,-4.463914461940632e-02
5.468750000000000e-01,1.931818181818182e-01,-3.893019455986377e-02
5.610795454545454e-01,1.931818181818182e-01,-3.322124450032123e-02
5.752840909090909e-01,1.931818181818182e-01,-2.617838039544436e-02
5.894886363636364e-01,1.931818181818182e-01,-1.898730361886373e-02
6.036931818181818e-01,1.931818181818182e-01,-1.179622684228311e-02
6.178977272727273e-01,1.931818181818182e-01,-4.605150065702429e-03
7.102272727272727e-03,2.159090909090909e-01,-3.840019636334826e-03
2.130681818181818e-02,2.159090909090909e-01,-1.152005890900448e-02
3.551136363636364e-02,2.159090909090909e-01,-1.920009818167413e-02
4.971590909090909e-02,2.159090909090909e-01,-2.688013745434378e-02
6.392045454545454e-02,2.159090909090909e-01,-3.439599112123612e-02
7.812500000000000e-02,2.159090909090909e-01,-4.043417433613261e-02
9.232954545454546e-02,2.159090909090909e-01,-4.647235755102910e-02
1.065340909090909e-01,2.159090909090909e-01,-5.251054076592560e-02
1.207386363636364e-01,2.159090909090909e-01,-5.854872398082210e-02
1.349431818181818e-01,2.159090909090909e-01,-6.342004917855759e-02
1.491477272727273e-01,2.159090909090909e-01,-6.779129236893838e-02
1.633522727272727e-01,2.159090909090909e-01,-7.216253555931919e-02
1.775568181818182e-01,2.159090909090909e-01,-7.653377874969997e-02
1.917613636363636e-01,2.159090909090909e-01,-8.039760902352115e-02
2.059659090909091e-01,2.159090909090909e-01,-8.307747582536992e-02
2.201704545454546e-01,2.159090909090909e-01,-8.575734262721868e-02
2.343750000000000e-01,2.159090909090909e-01,-8.843720942906745e-02
2.485795454545454e-01,2.159090909090909e-01,-9.111707623091622e-02
2.627840909090909e-01,2.159090909090909e-01,-9.225315364812495e-02
2.769886363636364e-01,2.159090909090909e-01,-9.321769891148479e-02
2.911931818181818e-01,2.159090909090909e-01,-9.418224417484462e-02
3.053977272727273e-01,2.159090909090909e-01,-9.514678943820447e-02
3.196022727272727e-01,2.159090909090909e-01,-9.524185147973929e-02
3.338068181818182e-01,2.159090909090909e-01,-9.446743029944914e-02
3.480113636363636e-01,2.159090909090909e-01,-9.369300911915898e-02
3.622159090909091e-01,2.159090909090909e-01,-9.291858793886881e-02
3.764204545454545e-01,2.159090909090909e-01,-9.196791770451879e-02
3.906250000000000e-01,2.159090909090909e-01,-8.943100598362985e-02
4.048295454545455e-01,2.159090909090909e-01,-8.689409426274095e-02
4.190340909090909e-01,2.159090909090909e-01,-8.435718254185204e-02
4.332386363636364e-01,2.159090909090909e-01,-8.182027082096310e-02
4.474431818181818e-01,2.159090909090909e-01,-7.803311623887429e-02
4.616477272727273e-01,2.159090909090909e-01,-7.371014328769983e-02
4.758522727272727e-01,2.159090909090909e-01,-6.938717033652538e-02
4.900568181818182e-01,2.159090909090909e-01,-6.506419738535089e-02
5.042613636363636e-01,2.159090909090909e-01,-6.019827302004764e-02
5.184659090909091e-01,2.159090909090909e-01,-5.406546202177726e-02
5.326704545454546e-01,2.159090909090909e-01,-4.793265102350684e-02
5.468750000000000e-01,2.159090909090909e-01,-4.179984002523645e-02
5.610795454545454e-01,2.159090909090909e-01,-3.566702902696607e-02
5.752840909090909e-01,2.159090909090909e-01,-2.809899227359842e-02
5.894886363636364e-01,2.159090909090909e-01,-2.037148599188669e-02
6.036931818181818e-01,2.159090909090909e-01,-1.264397971017495e-02
6.178977272727273e-01,2.159090909090909e-01,-4.916473428463161e-03
7.102272727272727e-03,2.386363636363636e-01,-4.110841888770260e-03
2.130681818181818e-02,2.386363636363636e-01,-1.233252566631078e-02
3.551136363636364e-02,2.386363636363636e-01,-2.055420944385130e-02
4.971590909090909e-02,2.386363636363636e-01,-2.877589322139182e-02
6.392045454545454e-02,2.386363636363636e-01,-3.682144274979807e-02
7.812500000000000e-02,2.386363636363636e-01,-4.328178403599589e-02
9.232954545454546e-02,2.386363636363636e-01,-4.974212532219371e-02
1.065340909090909e-01,2.386363636363636e-01,-5.620246660839155e-02
1.207386363636364e-01,2.386363636363636e-01,-6.266280789458938e-02
1.349431818181818e-01,2.386363636363636e-01,-6.787251096950518e-02
1.491477272727273e-01,2.386363636363636e-01,-7.254622623958581e-02
1.633522727272727e-01,2.386363636363636e-01,-7.721994150966649e-02
1.775568181818182e-01,2.386363636363636e-01,-8.189365677974715e-02
1.917613636363636e-01,2.386363636363636e-01,-8.602395450185986e-02
2.059659090909091e-01,2.386363636363636e-01,-8.888627794538068e-02
2.201704545454546e-01,2.386363636363636e-01,-9.174860138890151e-02
2.343750000000000e-01,2.386363636363636e-01,-9.461092483242234e-02
2.485795454545454e-01,2.386363636363636e-01,-9.747324827594317e-02
2.627840909090909e-01,2.386363636363636e-01,-9.868340769868292e-02
2.769886363636364e-01,2.386363636363636e-01,-9.970999334133587e-02
2.911931818181818e-01,2.386363636363636e-01,-1.007365789839888e-01
3.053977272727273e-01,2.386363636363636e-01,-1.017631646266418e-01
3.196022727272727e-01,2.386363636363636e-01,-1.018598434830245e-01
3.338068181818182e-01,2.386363636363636e-01,-1.010266155531371e-01
3.480113636363636e-01,2.386363636363636e-01,-1.001933876232496e-01
3.622159090909091e-01,2.386363636363636e-01,-9.936015969336211e-02
3.764204545454545e-01,2.386363636363636e-01,-9.833855450633430e-02
3.906250000000000e-01,2.386363636363636e-01,-9.562155400504335e-02
4.048295454545455e-01,2.386363636363636e-01,-9.290455350375240e-02
4.190340909090909e-01,2.386363636363636e-01,-9.018755300246144e-02
4.332386363636364e-01,2.386363636363636e-01,-8.747055250117050e-02
4.474431818181818e-01,2.386363636363636e-01,-8.341811948086141e-02
4.616477272727273e-01,2.386363636363636e-01,-7.879335823811597e-02
4.758522727272727e-01,2.386363636363636e-01,-7.416859699537054e-02
4.900568181818182e-01,2.386363636363636e-01,-6.954383575262511e-02
5.042613636363636e-01,2.386363636363636e-01,-6.433950130160382e-02
5.184659090909091e-01,2.386363636363636e-01,-5.778282936460560e-02
5.326704545454546e-01,2.386363636363636e-01,-5.122615742760734e-02
5.468750000000000e-01,2.386363636363636e-01,-4.466948549060912e-02
5.610795454545454e-01,2.386363636363636e-01,-3.811281355361091e-02
5.752840909090909e-01,2.386363636363636e-01,-3.001960415175248e-02
5.894886363636364e-01,2.386363636363636e-01,-2.175566836490964e-02
6.036931818181818e-01,2.386363636363636e-01,-1.349173257806680e-02
6.178977272727273e-01,2.386363636363636e-01,-5.227796791223894e-03
7.102272727272727e-03,2.613636363636364e-01,-4.345539222993171e-03
2.130681818181818e-02,2.613636363636364e-01,-1.303661766897951e-02
3.551136363636364e-02,2.613636363636364e-01,-2.172769611496585e-02
4.971590909090909e-02,2.613636363636364e-01,-3.041877456095220e-02
6.392045454545454e-02,2.613636363636364e-01,-3.892326622733233e-02
7.812500000000000e-02,2.613636363636364e-01,-4.574847687725664e-02
9.232954545454546e-02,2.613636363636364e-01,-5.257368752718095e-02
1.065340909090909e-01,2.613636363636364e-01,-5.939889817710525e-02
1.207386363636364e-01,2.613636363636364e-01,-6.622410882702956e-02
1.349431818181818e-01,2.613636363636364e-01,-7.172564308804091e-02
1.491477272727273e-01,2.613636363636364e-01,-7.665988746808955e-02
1.633522727272727e-01,2.613636363636364e-01,-8.159413184813821e-02
1.775568181818182e-01,2.613636363636364e-01,-8.652837622818689e-02
1.917613636363636e-01,2.613636363636364e-01,-9.088792648185343e-02
2.059659090909091e-01,2.613636363636364e-01,-9.390652377396168e-02
2.201704545454546e-01,2.613636363636364e-01,-9.692512106606993e-02
2.343750000000000e-01,2.613636363636364e-01,-9.994371835817818e-02
2.485795454545454e-01,2.613636363636364e-01,-1.029623156502864e-01
2.627840909090909e-01,2.613636363636364e-01,-1.042349413136314e-01
2.769886363636364e-01,2.613636363636364e-01,-1.053135701293360e-01
2.911931818181818e-01,2.613636363636364e-01,-1.063921989450405e-01
3.053977272727273e-01,2.613636363636364e-01,-1.074708277607451e-01
3.196022727272727e-01,2.613636363636364e-01,-1.075674327661475e-01
3.338068181818182e-01,2.613636363636364e-01,-1.066820139612476e-01
3.480113636363636e-01,2.613636363636364e-01,-1.057965951563478e-01
3.622159090909091e-01,2.613636363636364e-01,-1.049111763514479e-01
3.764204545454545e-01,2.613636363636364e-01,-1.038269560490641e-01
3.906250000000000e-01,2.613636363636364e-01,-1.009535222693246e-01
4.048295454545455e-01,2.613636363636364e-01,-9.808008848958508e-02
4.190340909090909e-01,2.613636363636364e-01,-9.520665470984559e-02
4.332386363636364e-01,2.613636363636364e-01,-9.233322093010610e-02
4.474431818181818e-01,2.613636363636364e-01,-8.805138925058363e-02
4.616477272727273e-01,2.613636363636364e-01,-8.316595847115416e-02
4.758522727272727e-01,2.613636363636364e-01,-7.828052769172474e-02
4.900568181818182e-01,2.613636363636364e-01,-7.339509691229529e-02
5.042613636363636e-01,2.613636363636364e-01,-6.789883482462784e-02
5.184659090909091e-01,2.613636363636364e-01,-6.097729968440516e-02
5.326704545454546e-01,2.613636363636364e-01,-5.405576454418241e-02
5.468750000000000e-01,2.613636363636364e-01,-4.713422940395972e-02
5.610795454545454e-01,2.613636363636364e-01,-4.021269426373703e-02
5.752840909090909e-01,2.613636363636364e-01,-3.166756334490136e-02
5.894886363636364e-01,2.613636363636364e-01,-2.294203289510875e-02
6.036931818181818e-01,2.613636363636364e-01,-1.421650244531614e-02
6.178977272727273e-01,2.613636363636364e-01,-5.490971995523460e-03
7.102272727272727e-03,2.840909090909091e-01,-4.544111639003561e-03
2.130681818181818e-02,2.840909090909091e-01,-1.363233491701068e-02
3.551136363636364e-02,2.840909090909091e-01,-2.272055819501780e-02
4.971590909090909e-02,2.840909090909091e-01,-3.180878147302492e-02
6.392045454545454e-02,2.840909090909091e-01,-4.070146155383893e-02
7.812500000000000e-02,2.840909090909091e-01,-4.783425285991486e-02
9.232954545454546e-02,2.840909090909091e-01,-5.496704416599078e-02
1.065340909090909e-01,2.840909090909091e-01,-6.209983547206670e-02
1.207386363636364e-01,2.840909090909091e-01,-6.923262677814263e-02
1.349431818181818e-01,2.840909090909091e-01,-7.497944553416479e-02
1.491477272727273e-01,2.840909090909091e-01,-8.013227605444959e-02
1.633522727272727e-01,2.840909090909091e-01,-8.528510657473440e-02
1.775568181818182e-01,2.840909090909091e-01,-9.043793709501921e-02
1.917613636363636e-01,2.840909090909091e-01,-9.498952496350190e-02
2.059659090909091e-01,2.840909090909091e-01,-9.813821331111292e-02
2.201704545454546e-01,2.840909090909091e-01,-1.012869016587239e-01
2.343750000000000e-01,2.840909090909091e-01,-1.044355900063350e-01
2.485795454545454e-01,2.840909090909091e-01,-1.075842783539460e-01
2.627840909090909e-01,2.840909090909091e-01,-1.089077544929704e-01
2.769886363636364e-01,2.840909090909091e-01,-1.100284292754851e-01
2.911931818181818e-01,2.840909090909091e-01,-1.111491040579998e-01
3.053977272727273e-01,2.840909090909091e-01,-1.122697788405145e-01
3.196022727272727e-01,2.840909090909091e-01,-1.123646193291082e-01
3.338068181818182e-01,2.840909090909091e-01,-1.114336255237809e-01
3.480113636363636e-01,2.840909090909091e-01,-1.105026317184536e-01
3.622159090909091e-01,2.840909090909091e-01,-1.095716379131262e-01
3.764204545454545e-01,2.840909090909091e-01,-1.084331223327082e-01
3.906250000000000e-01,2.840909090909091e-01,-1.054269107764736e-01
4.048295454545455e-01,2.840909090909091e-01,-1.024206992202391e-01
4.190340909090909e-01,2.840909090909091e-01,-9.941448766400449e-02
4.332386363636364e-01,2.840909090909091e-01,-9.640827610776991e-02
4.474431818181818e-01,2.840909090909091e-01,-9.193292554804097e-02
4.616477272727273e-01,2.840909090909091e-01,-8.682794398681445e-02
4.758522727272727e-01,2.840909090909091e-01,-8.172296242558795e-02
4.900568181818182e-01,2.840909090909091e-01,-7.661798086436143e-02
5.042613636363636e-01,2.840909090909091e-01,-7.087627358911971e-02
5.184659090909091e-01,2.840909090909091e-01,-6.364887298117591e-02
5.326704545454546e-01,2.840909090909091e-01,-5.642147237323206e-02
5.468750000000000e-01,2.840909090909091e-01,-4.919407176528826e-02
5.610795454545454e-01,2.840909090909091e-01,-4.196667115734445e-02
5.752840909090909e-01,2.840909090909091e-01,-3.304286985304507e-02
5.894886363636364e-01,2.840909090909091e-01,-2.393057958248402e-02
6.036931818181818e-01,2.840909090909091e-01,-1.481828931192298e-02
6.178977272727273e-01,2.840909090909091e-01,-5.705999041361863e-03
7.102272727272727e-03,3.068181818181818e-01,-4.742684055013950e-03
2.130681818181818e-02,3.068181818181818e-01,-1.422805216504185e-02
3.551136363636364e-02,3.068181818181818e-01,-2.371342027506975e-02
4.971590909090909e-02,3.068181818181818e-01,-3.319878838509764e-02
6.392045454545454e-02,3.068181818181818e-01,-4.247965688034551e-02
7.812500000000000e-02,3.068181818181818e-01,-4.992002884257306e-02
9.232954545454546e-02,3.068181818181818e-01,-5.736040080480061e-02
1.065340909090909e-01,3.068181818181818e-01,-6.480077276702816e-02
1.207386363636364e-01,3.068181818181818e-01,-7.224114472925572e-02
1.349431818181818e-01,3.068181818181818e-01,-7.823324798028865e-02
1.491477272727273e-01,3.068181818181818e-01,-8.360466464080961e-02
1.633522727272727e-01,3.068181818181818e-01,-8.897608130133057e-02
1.775568181818182e-01,3.068181818181818e-01,-9.434749796185153e-02
1.917613636363636e-01,3.068181818181818e-01,-9.909112344515036e-02
2.059659090909091e-01,3.068181818181818e-01,-1.023699028482642e-01
2.201704545454546e-01,3.068181818181818e-01,-1.056486822513780e-01
2.343750000000000e-01,3.068181818181818e-01,-1.089274616544918e-01
2.485795454545454e-01,3.068181818181818e-01,-1.122062410576056e-01
2.627840909090909e-01,3.068181818181818e-01,-1.135805676723093e-01
2.769886363636364e-01,3.068181818181818e-01,-1.147432884216342e-01
2.911931818181818e-01,3.068181818181818e-01,-1.159060091709591e-01
3.053977272727273e-01,3.068181818181818e-01,-1.170687299202839e-01
3.196022727272727e-01,3.068181818181818e-01,-1.171618058920689e-01
3.338068181818182e-01,3.068181818181818e-01,-1.161852370863141e-01
3.480113636363636e-01,3.068181818181818e-01,-1.152086682805593e-01
3.622159090909091e-01,3.068181818181818e-01,-1.142320994748046e-01
3.764204545454545e-01,3.068181818181818e-01,-1.130392886163523e-01
3.906250000000000e-01,3.068181818181818e-01,-1.099002992836226e-01
4.048295454545455e-01,3.068181818181818e-01,-1.067613099508930e-01
4.190340909090909e-01,3.068181818181818e-01,-1.036223206181633e-01
4.332386363636364e-01,3.068181818181818e-01,-1.004833312854337e-01
4.474431818181818e-01,3.068181818181818e-01,-9.581446184549830e-02
4.616477272727273e-01,3.068181818181818e-01,-9.048992950247473e-02
4.758522727272727e-01,3.068181818181818e-01,-8.516539715945116e-02
4.900568181818182e-01,3.068181818181818e-01,-7.984086481642758e-02
5.042613636363636e-01,3.068181818181818e-01,-7.385371235361159e-02
5.184659090909091e-01,3.068181818181818e-01,-6.632044627794667e-02
5.326704545454546e-01,3.068181818181818e-01,-5.878718020228169e-02
5.468750000000000e-01,3.068181818181818e-01,-5.125391412661678e-02
5.610795454545454e-01,3.068181818181818e-01,-4.372064805095186e-02
5.752840909090909e-01,3.068181818181818e-01,-3.441817636118877e-02
5.894886363636364e-01,3.068181818181818e-01,-2.491912626985929e-02
6.036931818181818e-01,3.068181818181818e-01,-1.542007617852982e-02
6.178977272727273e-01,3.068181818181818e-01,-5.921026087200265e-03
7.102272727272727e-03,3.295454545454545e-01,-4.889236662262335e-03
2.130681818181818e-02,3.295454545454545e-01,-1.466770998678700e-02
3.551136363636364e-02,3.295454545454545e-01,-2.444618331131168e-02
4.971590909090909e-02,3.295454545454545e-01,-3.422465663583635e-02
6.392045454545454e-02,3.295454545454545e-01,-4.379185971476661e-02
7.812500000000000e-02,3.295454545454545e-01,-5.145763058334720e-02
9.232954545454546e-02,3.295454545454545e-01,-5.912340145192779e-02
1.065340909090909e-01,3.295454545454545e-01,-6.678917232050839e-02
1.207386363636364e-01,3.295454545454545e-01,-7.445494318908899e-02
1.349431818181818e-01,3.295454545454545e-01,-8.062576333293789e-02
1.491477272727273e-01,3.295454545454545e-01,-8.615589030904466e-02
1.633522727272727e-01,3.295454545454545e-01,-9.168601728515144e-02
1.775568181818182e-01,3.295454545454545e-01,-9.721614426125820e-02
1.917613636363636e-01,3.295454545454545e-01,-1.020987652305324e-01
2.059659090909091e-01,3.295454545454545e-01,-1.054705388505306e-01
2.201704545454546e-01,3.295454545454545e-01,-1.088423124705289e-01
2.343750000000000e-01,3.295454545454545e-01,-1.122140860905272e-01
2.485795454545454e-01,3.295454545454545e-01,-1.155858597105254e-01
2.627840909090909e-01,3.295454545454545e-01,-1.169948797482185e-01
2.769886363636364e-01,3.295454545454545e-01,-1.181858160545444e-01
2.911931818181818e-01,3.295454545454545e-01,-1.193767523608703e-01
3.053977272727273e-01,3.295454545454545e-01,-1.205676886671961e-01
3.196022727272727e-01,3.295454545454545e-01,-1.206570495670928e-01
3.338068181818182e-01,3.295454545454545e-01,-1.196448350605601e-01
3.480113636363636e-01,3.295454545454545e-01,-1.186326205540275e-01
3.622159090909091e-01,3.295454545454545e-01,-1.176204060474948e-01
3.764204545454545e-01,3.295454545454545e-01,-1.163856545501341e-01
3.906250000000000e-01,3.295454545454545e-01,-1.131480701353206e-01
4.048295454545455e-01,3.295454545454545e-01,-1.099104857205070e-01
4.190340909090909e-01,3.295454545454545e-01,-1.066729013056935e-01
4.332386363636364e-01,3.295454545454545e-01,-1.034353168908799e-01
4.474431818181818e-01,3.295454545454545e-01,-9.862443143812172e-02
4.616477272727273e-01,3.295454545454545e-01,-9.313927411195869e-02
4.758522727272727e-01,3.295454545454545e-01,-8.765411678579567e-02
4.900568181818182e-01,3.295454545454545e-01,-8.216895945963265e-02
5.042613636363636e-01,3.295454545454545e-01,-7.600285464219209e-02
5.184659090909091e-01,3.295454545454545e-01,-6.824787234510403e-02
5.326704545454546e-01,3.295454545454545e-01,-6.049289004801592e-02
5.468750000000000e-01,3.295454545454545e-01,-5.273790775092785e-02
5.610795454545454e-01,3.295454545454545e-01,-4.498292545383979e-02
5.752840909090909e-01,3.295454545454545e-01,-3.540654961499811e-02
5.894886363636364e-01,3.295454545454545e-01,-2.562779671596166e-02
6.036931818181818e-01,3.295454545454545e-01,-1.584904381692521e-02
6.178977272727273e-01,3.295454545454545e-01,-6.070290917888678e-03
7.102272727272727e-03,3.522727272727273e-01,-5.018449333256720e-03
2.130681818181818e-02,3.522727272727273e-01,-1.505534799977016e-02
3.551136363636364e-02,3.522727272727273e-01,-2.509224666628360e-02
4.971590909090909e-02,3.522727272727273e-01,-3.512914533279704e-02
6.392045454545454e-02,3.522727272727273e-01,-4.494873171849255e-02
7.812500000000000e-02,3.522727272727273e-01,-5.281250757682666e-02
9.232954545454546e-02,3.522727272727273e-01,-6.067628343516077e-02
1.065340909090909e-01,3.522727272727273e-01,-6.854005929349488e-02
1.207386363636364e-01,3.522727272727273e-01,-7.640383515182898e-02
1.349431818181818e-01,3.522727272727273e-01,-8.273118298776229e-02
1.491477272727273e-01,3.522727272727273e-01,-8.840006167123807e-02
1.633522727272727e-01,3.522727272727273e-01,-9.406894035471386e-02
1.775568181818182e-01,3.522727272727273e-01,-9.973781903818964e-02
1.917613636363636e-01,3.522727272727273e-01,-1.047417547838257e-01
2.059659090909091e-01,3.522727272727273e-01,-1.081941570078356e-01
2.201704545454546e-01,3.522727272727273e-01,-1.116465592318455e-01
2.343750000000000e-01,3.522727272727273e-01,-1.150989614558554e-01
2.485795454545454e-01,3.522727272727273e-01,-1.185513636798653e-01
2.627840909090909e-01,3.522727272727273e-01,-1.199896914563178e-01
2.769886363636364e-01,3.522727272727273e-01,-1.212042331830416e-01
2.911931818181818e-01,3.522727272727273e-01,-1.224187749097655e-01
3.053977272727273e-01,3.522727272727273e-01,-1.236333166364894e-01
3.196022727272727e-01,3.522727272727273e-01,-1.237183122794710e-01
3.338068181818182e-01,3.522727272727273e-01,-1.226737618387104e-01
3.480113636363636e-01,3.522727272727273e-01,-1.216292113979497e-01
3.622159090909091e-01,3.522727272727273e-01,-1.205846609571891e-01
3.764204545454545e-01,3.522727272727273e-01,-1.193120870339619e-01
3.906250000000000e-01,3.522727272727273e-01,-1.159873017685348e-01
4.048295454545455e-01,3.522727272727273e-01,-1.126625165031077e-01
4.190340909090909e-01,3.522727272727273e-01,-1.093377312376806e-01
4.332386363636364e-01,3.522727272727273e-01,-1.060129459722536e-01
4.474431818181818e-01,3.522727272727273e-01,-1.010772121291338e-01
4.616477272727273e-01,3.522727272727273e-01,-9.545107175271719e-02
4.758522727272727e-01,3.522727272727273e-01,-8.982493137630061e-02
4.900568181818182e-01,3.522727272727273e-01,-8.419879099988402e-02
5.042613636363636e-01,3.522727272727273e-01,-7.787589810546881e-02
5.184659090909091e-01,3.522727272727273e-01,-6.992724933572360e-02
5.326704545454546e-01,3.522727272727273e-01,-6.197860056597833e-02
5.468750000000000e-01,3.522727272727273e-01,-5.402995179623311e-02
5.610795454545454e-01,3.522727272727273e-01,-4.608130302648791e-02
5.752840909090909e-01,3.522727272727273e-01,-3.626594511736267e-02
5.894886363636364e-01,3.522727272727273e-01,-2.624317508163972e-02
6.036931818181818e-01,3.522727272727273e-01,-1.622040504591678e-02
6.178977272727273e-01,3.522727272727273e-01,-6.197635010193763e-03
7.102272727272727e-03,3.750000000000000e-01,-5.147662004251105e-03
2.130681818181818e-02,3.750000000000000e-01,-1.544298601275331e-02
3.551136363636364e-02,3.750000000000000e-01,-2.573831002125553e-02
4.971590909090909e-02,3.750000000000000e-01,-3.603363402975773e-02
6.392045454545454e-02,3.750000000000000e-01,-4.610560372221849e-02
7.812500000000000e-02,3.750000000000000e-01,-5.416738457030611e-02
9.232954545454546e-02,3.750000000000000e-01,-6.222916541839375e-02
1.065340909090909e-01,3.750000000000000e-01,-7.029094626648137e-02
1.207386363636364e-01,3.750000000000000e-01,-7.835272711456900e-02
1.349431818181818e-01,3.750000000000000e-01,-8.483660264258665e-02
1.491477272727273e-01,3.750000000000000e-01,-9.064423303343146e-02
1.633522727272727e-01,3.750000000000000e-01,-9.645186342427627e-02
1.775568181818182e-01,3.750000000000000e-01,-1.022594938151211e-01
1.917613636363636e-01,3.750000000000000e-01,-1.073847443371189e-01
2.059659090909091e-01,3.750000000000000e-01,-1.109177751651405e-01
2.201704545454546e-01,3.750000000000000e-01,-1.144508059931621e-01
2.343750000000000e-01,3.750000000000000e-01,-1.179838368211836e-01
2.485795454545454e-01,3.750000000000000e-01,-1.215168676492052e-01
2.627840909090909e-01,3.750000000000000e-01,-1.229845031644170e-01
2.769886363636364e-01,3.750000000000000e-01,-1.242226503115389e-01
2.911931818181818e-01,3.750000000000000e-01,-1.254607974586607e-01
3.053977272727273e-01,3.750000000000000e-01,-1.266989446057826e-01
3.196022727272727e-01,3.750000000000000e-01,-1.267795749918492e-01
3.338068181818182e-01,3.750000000000000e-01,-1.257026886168606e-01
3.480113636363636e-01,3.750000000000000e-01,-1.246258022418720e-01
3.622159090909091e-01,3.750000000000000e-01,-1.235489158668834e-01
3.764204545454545e-01,3.750000000000000e-01,-1.222385195177896e-01
3.906250000000000e-01,3.750000000000000e-01,-1.188265334017490e-01
4.048295454545455e-01,3.750000000000000e-01,-1.154145472857084e-01
4.190340909090909e-01,3.750000000000000e-01,-1.120025611696678e-01
4.332386363636364e-01,3.750000000000000e-01,-1.085905750536272e-01
4.474431818181818e-01,3.750000000000000e-01,-1.035299928201459e-01
4.616477272727273e-01,3.750000000000000e-01,-9.776286939347573e-02
4.758522727272727e-01,3.750000000000000e-01,-9.199574596680557e-02
4.900568181818182e-01,3.750000000000000e-01,-8.622862254013539e-02
5.042613636363636e-01,3.750000000000000e-01,-7.974894156874554e-02
5.184659090909091e-01,3.750000000000000e-01,-7.160662632634317e-02
5.326704545454546e-01,3.750000000000000e-01,-6.346431108394074e-02
5.468750000000000e-01,3.750000000000000e-01,-5.532199584153838e-02
5.610795454545454e-01,3.750000000000000e-01,-4.717968059913601e-02
5.752840909090909e-01,3.750000000000000e-01,-3.712534061972722e-02
5.894886363636364e-01,3.750000000000000e-01,-2.685855344731779e-02
6.036931818181818e-01,3.750000000000000e-01,-1.659176627490836e-02
6.178977272727273e-01,3.750000000000000e-01,-6.324979102498848e-03
7.102272727272727e-03,3.977272727272727e-01,-5.210437640208596e-03
2.130681818181818e-02,3.977272727272727e-01,-1.563131292062579e-02
3.551136363636364e-02,3.977272727272727e-01,-2.605218820104298e-02
4.971590909090909e-02,3.977272727272727e-01,-3.647306348146017e-02
6.392045454545454e-02,3.977272727272727e-01,-4.666737534363247e-02
7.812500000000000e-02,3.977272727272727e-01,-5.482261644160072e-02
9.232954545454546e-02,3.977272727272727e-01,-6.297785753956897e-02
1.065340909090909e-01,3.977272727272727e-01,-7.113309863753722e-02
1.207386363636364e-01,3.977272727272727e-01,-7.928833973550546e-02
1.349431818181818e-01,3.977272727272727e-01,-8.584432857313423e-02
1.491477272727273e-01,3.977272727272727e-01,-9.171492358490317e-02
1.633522727272727e-01,3.977272727272727e-01,-9.758551859667214e-02
1.775568181818182e-01,3.977272727272727e-01,-1.034561136084411e-01
1.917613636363636e-01,3.977272727272727e-01,-1.086356531504358e-01
2.059659090909091e-01,3.977272727272727e-01,-1.122027299296238e-01
2.201704545454546e-01,3.977272727272727e-01,-1.157698067088119e-01
2.343750000000000e-01,3.977272727272727e-01,-1.193368834879999e-01
2.485795454545454e-01,3.977272727272727e-01,-1.229039602671879e-01
2.627840909090909e-01,3.977272727272727e-01,-1.243810192356916e-01
2.769886363636364e-01,3.977272727272727e-01,-1.256258540030081e-01
2.911931818181818e-01,3.977272727272727e-01,-1.268706887703246e-01
3.053977272727273e-01,3.977272727272727e-01,-1.281155235376412e-01
3.196022727272727e-01,3.977272727272727e-01,-1.281899371286059e-01
3.338068181818182e-01,3.977272727272727e-01,-1.270939295432187e-01
3.480113636363636e-01,3.977272727272727e-01,-1.259979219578315e-01
3.622159090909091e-01,3.977272727272727e-01,-1.249019143724444e-01
3.764204545454545e-01,3.977272727272727e-01,-1.235699704978852e-01
3.906250000000000e-01,3.977272727272727e-01,-1.201146000207781e-01
4.048295454545455e-01,3.977272727272727e-01,-1.166592295436709e-01
4.190340909090909e-01,3.977272727272727e-01,-1.132038590665637e-01
4.332386363636364e-01,3.977272727272727e-01,-1.097484885894565e-01
4.474431818181818e-01,3.977272727272727e-01,-1.046286217706654e-01
4.616477272727273e-01,3.977272727272727e-01,-9.879539937686688e-02
4.758522727272727e-01,3.977272727272727e-01,-9.296217698306840e-02
4.900568181818182e-01,3.977272727272727e-01,-8.712895458926989e-02
5.042613636363636e-01,3.977272727272727e-01,-8.057682724815235e-02
5.184659090909091e-01,3.977272727272727e-01,-7.234725502995713e-02
5.326704545454546e-01,3.977272727272727e-01,-6.411768281176186e-02
5.468750000000000e-01,3.977272727272727e-01,-5.588811059356663e-02
5.610795454545454e-01,3.977272727272727e-01,-4.765853837537142e-02
5.752840909090909e-01,3.977272727272727e-01,-3.749785061965606e-02
5.894886363636364e-01,3.977272727272727e-01,-2.712259447088299e-02
6.036931818181818e-01,3.977272727272727e-01,-1.674733832210993e-02
6.178977272727273e-01,3.977272727272727e-01,-6.372082173336778e-03
7.102272727272727e-03,4.204545454545455e-01,-5.273213276166087e-03
2.130681818181818e-02,4.204545454545455e-01,-1.581963982849826e-02
3.551136363636364e-02,4.204545454545455e-01,-2.636606638083044e-02
4.971590909090909e-02,4.204545454545455e-01,-3.691249293316261e-02
6.392045454545454e-02,4.204545454545455e-01,-4.722914696504645e-02
7.812500000000000e-02,4.204545454545455e-01,-5.547784831289532e-02
9.232954545454546e-02,4.204545454545455e-01,-6.372654966074419e-02
1.065340909090909e-01,4.204545454545455e-01,-7.197525100859306e-02
1.207386363636364e-01,4.204545454545455e-01,-8.022395235644195e-02
1.349431818181818e-01,4.204545454545455e-01,-8.685205450368177e-02
1.491477272727273e-01,4.204545454545455e-01,-9.278561413637490e-02
1.633522727272727e-01,4.204545454545455e-01,-9.871917376906801e-02
1.775568181818182e-01,4.204545454545455e-01,-1.046527334017611e-01
1.917613636363636e-01,4.204545454545455e-01,-1.098865619637527e-01
2.059659090909091e-01,4.204545454545455e-01,-1.134876846941072e-01
2.201704545454546e-01,4.204545454545455e-01,-1.170888074244616e-01
2.343750000000000e-01,4.204545454545455e-01,-1.206899301548161e-01
2.485795454545454e-01,4.204545454545455e-01,-1.242910528851706e-01
2.627840909090909e-01,4.204545454545455e-01,-1.257775353069662e-01
2.769886363636364e-01,4.204545454545455e-01,-1.270290576944774e-01
2.911931818181818e-01,4.204545454545455e-01,-1.282805800819886e-01
3.053977272727273e-01,4.204545454545455e-01,-1.295321024694998e-01
3.196022727272727e-01,4.204545454545455e-01,-1.296002992653625e-01
3.338068181818182e-01,4.204545454545455e-01,-1.284851704695768e-01
3.480113636363636e-01,4.204545454545455e-01,-1.273700416737911e-01
3.622159090909091e-01,4.204545454545455e-01,-1.262549128780054e-01
3.764204545454545e-01,4.204545454545455e-01,-1.249014214779809e-01
3.906250000000000e-01,4.204545454545455e-01,-1.214026666398071e-01
4.048295454545455e-01,4.204545454545455e-01,-1.179039118016333e-01
4.190340909090909e-01,4.204545454545455e-01,-1.144051569634596e-01
4.332386363636364e-01,4.204545454545455e-01,-1.109064021252858e-01
4.474431818181818e-01,4.204545454545455e-01,-1.057272507211849e-01
4.616477272727273e-01,4.204545454545455e-01,-9.982792936025804e-02
4.758522727272727e-01,4.204545454545455e-01,-9.392860799933123e-02
4.900568181818182e-01,4.204545454545455e-01,-8.802928663840438e-02
5.042613636363636e-01,4.204545454545455e-01,-8.140471292755917e-02
5.184659090909091e-01,4.204545454545455e-01,-7.308788373357111e-02
5.326704545454546e-01,4.204545454545455e-01,-6.477105453958297e-02
5.468750000000000e-01,4.204545454545455e-01,-5.645422534559489e-02
5.610795454545454e-01,4.204545454545455e-01,-4.813739615160683e-02
5.752840909090909e-01,4.204545454545455e-01,-3.787036061958491e-02
5.894886363636364e-01,4.204545454545455e-01,-2.738663549444820e-02
6.036931818181818e-01,4.204545454545455e-01,-1.690291036931150e-02
6.178977272727273e-01,4.204545454545455e-01,-6.419185244174709e-03
7.102272727272727e-03,4.431818181818182e-01,-5.320114905331603e-03
2.130681818181818e-02,4.431818181818182e-01,-1.596034471599481e-02
3.551136363636364e-02,4.431818181818182e-01,-2.660057452665801e-02
4.971590909090909e-02,4.431818181818182e-01,-3.724080433732121e-02
6.392045454545454e-02,4.431818181818182e-01,-4.764874000456511e-02
7.812500000000000e-02,4.431818181818182e-01,-5.596602838103527e-02
9.232954545454546e-02,4.431818181818182e-01,-6.428331675750543e-02
1.065340909090909e-01,4.431818181818182e-01,-7.260060513397559e-02
1.207386363636364e-01,4.431818181818182e-01,-8.091789351044577e-02
1.349431818181818e-01,4.431818181818182e-01,-8.759809297890396e-02
1.491477272727273e-01,4.431818181818182e-01,-9.357668291535703e-02
1.633522727272727e-01,4.431818181818182e-01,-9.955527285181014e-02
1.775568181818182e-01,4.431818181818182e-01,-1.055338627882632e-01
1.917613636363636e-01,4.431818181818182e-01,-1.108061477966088e-01
2.059659090909091e-01,4.431818181818182e-01,-1.144303879727038e-01
2.201704545454546e-01,4.431818181818182e-01,-1.180546281487987e-01
2.343750000000000e-01,4.431818181818182e-01,-1.216788683248936e-01
2.485795454545454e-01,4.431818181818182e-01,-1.253031085009886e-01
2.627840909090909e-01,4.431818181818182e-01,-1.267944534939176e-01
2.769886363636364e-01,4.431818181818182e-01,-1.280488101331616e-01
2.911931818181818e-01,4.431818181818182e-01,-1.293031667724055e-01
3.053977272727273e-01,4.431818181818182e-01,-1.305575234116494e-01
3.196022727272727e-01,4.431818181818182e-01,-1.306192230270933e-01
3.338068181818182e-01,4.431818181818182e-01,-1.294882656187370e-01
3.480113636363636e-01,4.431818181818182e-01,-1.283573082103807e-01
3.622159090909091e-01,4.431818181818182e-01,-1.272263508020245e-01
3.764204545454545e-01,4.431818181818182e-01,-1.258553262015020e-01
3.906250000000000e-01,4.431818181818182e-01,-1.223236968714839e-01
4.048295454545455e-01,4.431818181818182e-01,-1.187920675414658e-01
4.190340909090909e-01,4.431818181818182e-01,-1.152604382114477e-01
4.332386363636364e-01,4.431818181818182e-01,-1.117288088814297e-01
4.474431818181818e-01,4.431818181818182e-01,-1.065059844293503e-01
4.616477272727273e-01,4.431818181818182e-01,-1.005583620678160e-01
4.758522727272727e-01,4.431818181818182e-01,-9.461073970628182e-02
4.900568181818182e-01,4.431818181818182e-01,-8.866311734474761e-02
5.042613636363636e-01,4.431818181818182e-01,-8.198610253609420e-02
5.184659090909091e-01,4.431818181818182e-01,-7.360717201749611e-02
5.326704545454546e-01,4.431818181818182e-01,-6.522824149889794e-02
5.468750000000000e-01,4.431818181818182e-01,-5.684931098029986e-02
5.610795454545454e-01,4.431818181818182e-01,-4.847038046170177e-02
5.752840909090909e-01,4.431818181818182e-01,-3.812834176239984e-02
5.894886363636364e-01,4.431818181818182e-01,-2.756817993190869e-02
6.036931818181818e-01,4.431818181818182e-01,-1.700801810141754e-02
6.178977272727273e-01,4.431818181818182e-01,-6.447856270926308e-03
7.102272727272727e-03,4.659090909090909e-01,-5.319394514121192e-03
2.130681818181818e-02,4.659090909090909e-01,-1.595818354236357e-02
3.551136363636364e-02,4.659090909090909e-01,-2.659697257060595e-02
4.971590909090909e-02,4.659090909090909e-01,-3.723576159884834e-02
6.392045454545454e-02,4.659090909090909e-01,-4.764179729839783e-02
7.812500000000000e-02,4.659090909090909e-01,-5.595305303971128e-02
9.232954545454546e-02,4.659090909090909e-01,-6.426430878102472e-02
1.065340909090909e-01,4.659090909090909e-01,-7.257556452233817e-02
1.207386363636364e-01,4.659090909090909e-01,-8.088682026365161e-02
1.349431818181818e-01,4.659090909090909e-01,-8.755906908814998e-02
1.491477272727273e-01,4.659090909090909e-01,-9.352888637687046e-02
1.633522727272727e-01,4.659090909090909e-01,-9.949870366559094e-02
1.775568181818182e-01,4.659090909090909e-01,-1.054685209543114e-01
1.917613636363636e-01,4.659090909090909e-01,-1.107317646880829e-01
2.059659090909091e-01,4.659090909090909e-01,-1.143463367936403e-01
2.201704545454546e-01,4.659090909090909e-01,-1.179609088991976e-01
2.343750000000000e-01,4.659090909090909e-01,-1.215754810047549e-01
2.485795454545454e-01,4.659090909090909e-01,-1.251900531103122e-01
2.627840909090909e-01,4.659090909090909e-01,-1.266725780278997e-01
2.769886363636364e-01,4.659090909090909e-01,-1.279182088134906e-01
2.911931818181818e-01,4.659090909090909e-01,-1.291638395990814e-01
3.053977272727273e-01,4.659090909090909e-01,-1.304094703846722e-01
3.196022727272727e-01,4.659090909090909e-01,-1.304638316637463e-01
3.338068181818182e-01,4.659090909090909e-01,-1.293269234363035e-01
3.480113636363636e-01,4.659090909090909e-01,-1.281900152088607e-01
3.622159090909091e-01,4.659090909090909e-01,-1.270531069814179e-01
3.764204545454545e-01,4.659090909090909e-01,-1.256765921552998e-01
3.906250000000000e-01,4.659090909090909e-01,-1.221436179411041e-01
4.048295454545455e-01,4.659090909090909e-01,-1.186106437269085e-01
4.190340909090909e-01,4.659090909090909e-01,-1.150776695127129e-01
4.332386363636364e-01,4.659090909090909e-01,-1.115446952985172e-01
4.474431818181818e-01,4.659090909090909e-01,-1.063250324104534e-01
4.616477272727273e-01,4.659090909090909e-01,-1.003825029478745e-01
4.758522727272727e-01,4.659090909090909e-01,-9.443997348529576e-02
4.900568181818182e-01,4.659090909090909e-01,-8.849744402271693e-02
5.042613636363636e-01,4.659090909090909e-01,-8.182800393201387e-02
5.184659090909091e-01,4.659090909090909e-01,-7.346243904235424e-02
5.326704545454546e-01,4.659090909090909e-01,-6.509687415269455e-02
5.468750000000000e-01,4.659090909090909e-01,-5.673130926303492e-02
5.610795454545454e-01,4.659090909090909e-01,-4.836574437337530e-02
5.752840909090909e-01,4.659090909090909e-01,-3.804273633387304e-02
5.894886363636364e-01,4.659090909090909e-01,-2.750223461105503e-02
6.036931818181818e-01,4.659090909090909e-01,-1.696173288823700e-02
6.178977272727273e-01,4.659090909090909e-01,-6.421231165418906e-03
7.102272727272727e-03,4.886363636363636e-01,-5.318674122910780e-03
2.130681818181818e-02,4.886363636363636e-01,-1.595602236873234e-02
3.551136363636364e-02,4.886363636363636e-01,-2.659337061455390e-02
4.971590909090909e-02,4.886363636363636e-01,-3.723071886037545e-02
6.392045454545454e-02,4.886363636363636e-01,-4.763485459223053e-02
7.812500000000000e-02,4.886363636363636e-01,-5.594007769838727e-02
9.232954545454546e-02,4.886363636363636e-01,-6.424530080454401e-02
1.065340909090909e-01,4.886363636363636e-01,-7.255052391070074e-02
1.207386363636364e-01,4.886363636363636e-01,-8.085574701685748e-02
1.349431818181818e-01,4.886363636363636e-01,-8.752004519739601e-02
1.491477272727273e-01,4.886363636363636e-01,-9.348108983838388e-02
1.633522727272727e-01,4.886363636363636e-01,-9.944213447937175e-02
1.775568181818182e-01,4.886363636363636e-01,-1.054031791203596e-01
1.917613636363636e-01,4.886363636363636e-01,-1.106573815795570e-01
2.059659090909091e-01,4.886363636363636e-01,-1.142622856145767e-01
2.201704545454546e-01,4.886363636363636e-01,-1.178671896495964e-01
2.343750000000000e-01,4.886363636363636e-01,-1.214720936846161e-01
2.485795454545454e-01,4.886363636363636e-01,-1.250769977196358e-01
2.627840909090909e-01,4.886363636363636e-01,-1.265507025618818e-01
2.769886363636364e-01,4.886363636363636e-01,-1.277876074938196e-01
2.911931818181818e-01,4.886363636363636e-01,-1.290245124257573e-01
3.053977272727273e-01,4.886363636363636e-01,-1.302614173576951e-01
3.196022727272727e-01,4.886363636363636e-01,-1.303084403003993e-01
3.338068181818182e-01,4.886363636363636e-01,-1.291655812538700e-01
3.480113636363636e-01,4.886363636363636e-01,-1.280227222073406e-01
3.622159090909091e-01,4.886363636363636e-01,-1.268798631608112e-01
3.764204545454545e-01,4.886363636363636e-01,-1.254978581090975e-01
3.906250000000000e-01,4.886363636363636e-01,-1.219635390107243e-01
4.048295454545455e-01,4.886363636363636e-01,-1.184292199123512e-01
4.190340909090909e-01,4.886363636363636e-01,-1.148949008139780e-01
4.332386363636364e-01,4.886363636363636e-01,-1.113605817156048e-01
4.474431818181818e-01,4.886363636363636e-01,-1.061440803915565e-01
4.616477272727273e-01,4.886363636363636e-01,-1.002066438279331e-01
4.758522727272727e-01,4.886363636363636e-01,-9.426920726430968e-02
4.900568181818182e-01,4.886363636363636e-01,-8.833177070068626e-02
5.042613636363636e-01,4.886363636363636e-01,-8.166990532793353e-02
5.184659090909091e-01,4.886363636363636e-01,-7.331770606721236e-02
5.326704545454546e-01,4.886363636363636e-01,-6.496550680649114e-02
5.468750000000000e-01,4.886363636363636e-01,-5.661330754576999e-02
5.610795454545454e-01,4.886363636363636e-01,-4.826110828504883e-02
5.752840909090909e-01,4.886363636363636e-01,-3.795713090534624e-02
5.894886363636364e-01,4.886363636363636e-01,-2.743628929020136e-02
6.036931818181818e-01,4.886363636363636e-01,-1.691544767505647e-02
6.178977272727273e-01,4.886363636363636e-01,-6.394606059911506e-03
7.102272727272727e-03,5.113636363636364e-01,-5.287682127523121e-03
2.130681818181818e-02,5.113636363636364e-01,-1.586304638256936e-02
3.551136363636364e-02,5.113636363636364e-01,-2.643841063761560e-02
4.971590909090909e-02,5.113636363636364e-01,-3.701377489266184e-02
6.392045454545454e-02,5.113636363636364e-01,-4.735680049120947e-02
7.812500000000000e-02,5.113636363636364e-01,-5.560877818126971e-02
9.232954545454546e-02,5.113636363636364e-01,-6.386075587132993e-02
1.065340909090909e-01,5.113636363636364e-01,-7.211273356139015e-02
1.207386363636364e-01,5.113636363636364e-01,-8.036471125145037e-02
1.349431818181818e-01,5.113636363636364e-01,-8.698320584563435e-02
1.491477272727273e-01,5.113636363636364e-01,-9.290163625587133e-02
1.633522727272727e-01,5.113636363636364e-01,-9.882006666610835e-02
1.775568181818182e-01,5.113636363636364e-01,-1.047384970763453e-01
1.917613636363636e-01,5.113636363636364e-01,-1.099538415364466e-01
2.059659090909091e-01,5.113636363636364e-01,-1.135286521128975e-01
2.201704545454546e-01,5.113636363636364e-01,-1.171034626893485e-01
2.343750000000000e-01,5.113636363636364e-01,-1.206782732657994e-01
2.485795454545454e-01,5.113636363636364e-01,-1.242530838422504e-01
2.627840909090909e-01,5.113636363636364e-01,-1.257096618231255e-01
2.769886363636364e-01,5.113636363636364e-01,-1.269308806267144e-01
2.911931818181818e-01,5.113636363636364e-01,-1.281520994303034e-01
3.053977272727273e-01,5.113636363636364e-01,-1.293733182338923e-01
3.196022727272727e-01,5.113636363636364e-01,-1.294128008913243e-01
3.338068181818182e-01,5.113636363636364e-01,-1.282705474025992e-01
3.480113636363636e-01,5.113636363636364e-01,-1.271282939138741e-01
3.622159090909091e-01,5.113636363636364e-01,-1.259860404251491e-01
3.764204545454545e-01,5.113636363636364e-01,-1.246064584408423e-01
3.906250000000000e-01,5.113636363636364e-01,-1.210909199963005e-01
4.048295454545455e-01,5.113636363636364e-01,-1.175753815517586e-01
4.190340909090909e-01,5.113636363636364e-01,-1.140598431072167e-01
4.332386363636364e-01,5.113636363636364e-01,-1.105443046626749e-01
4.474431818181818e-01,5.113636363636364e-01,-1.053606251892925e-01
4.616477272727273e-01,5.113636363636364e-01,-9.946202813212129e-02
4.758522727272727e-01,5.113636363636364e-01,-9.356343107495010e-02
4.900568181818182e-01,5.113636363636364e-01,-8.766483401777893e-02
5.042613636363636e-01,5.113636363636364e-01,-8.104839132924666e-02
5.184659090909091e-01,5.113636363636364e-01,-7.275697550087190e-02
5.326704545454546e-01,5.113636363636364e-01,-6.446555967249709e-02
5.468750000000000e-01,5.113636363636364e-01,-5.617414384412234e-02
5.610795454545454e-01,5.113636363636364e-01,-4.788272801574760e-02
5.752840909090909e-01,5.113636363636364e-01,-3.765675523417629e-02
5.894886363636364e-01,5.113636363636364e-01,-2.721583168002767e-02
6.036931818181818e-01,5.113636363636364e-01,-1.677490812587905e-02
6.178977272727273e-01,5.113636363636364e-01,-6.333984571730355e-03
7.102272727272727e-03,5.340909090909091e-01,-5.226418527958214e-03
2.130681818181818e-02,5.340909090909091e-01,-1.567925558387464e-02
3.551136363636364e-02,5.340909090909091e-01,-2.613209263979107e-02
4.971590909090909e-02,5.340909090909091e-01,-3.658492969570749e-02
6.392045454545454e-02,5.340909090909091e-01,-4.680763499533466e-02
7.812500000000000e-02,5.340909090909091e-01,-5.495915448835857e-02
9.232954545454546e-02,5.340909090909091e-01,-6.311067398138248e-02
1.065340909090909e-01,5.340909090909091e-01,-7.126219347440639e-02
1.207386363636364e-01,5.340909090909091e-01,-7.941371296743030e-02
1.349431818181818e-01,5.340909090909091e-01,-8.594855103286497e-02
1.491477272727273e-01,5.340909090909091e-01,-9.179052562933285e-02
1.633522727272727e-01,5.340909090909091e-01,-9.763250022580074e-02
1.775568181818182e-01,5.340909090909091e-01,-1.034744748222686e-01
1.917613636363636e-01,5.340909090909091e-01,-1.086211445587515e-01
2.059659090909091e-01,5.340909090909091e-01,-1.121454362886025e-01
2.201704545454546e-01,5.340909090909091e-01,-1.156697280184536e-01
2.343750000000000e-01,5.340909090909091e-01,-1.191940197483047e-01
2.485795454545454e-01,5.340909090909091e-01,-1.227183114781558e-01
2.627840909090909e-01,5.340909090909091e-01,-1.241494558116308e-01
2.769886363636364e-01,5.340909090909091e-01,-1.253480282121752e-01
2.911931818181818e-01,5.340909090909091e-01,-1.265466006127196e-01
3.053977272727273e-01,5.340909090909091e-01,-1.277451730132639e-01
3.196022727272727e-01,5.340909090909091e-01,-1.277769134365211e-01
3.338068181818182e-01,5.340909090909091e-01,-1.266418218824912e-01
3.480113636363636e-01,5.340909090909091e-01,-1.255067303284613e-01
3.622159090909091e-01,5.340909090909091e-01,-1.243716387744313e-01
3.764204545454545e-01,5.340909090909091e-01,-1.230023931505342e-01
3.906250000000000e-01,5.340909090909091e-01,-1.195257608978325e-01
4.048295454545455e-01,5.340909090909091e-01,-1.160491286451308e-01
4.190340909090909e-01,5.340909090909091e-01,-1.125724963924291e-01
4.332386363636364e-01,5.340909090909091e-01,-1.090958641397274e-01
4.474431818181818e-01,5.340909090909091e-01,-1.039746668036614e-01
4.616477272727273e-01,5.340909090909091e-01,-9.814865586043924e-02
4.758522727272727e-01,5.340909090909091e-01,-9.232264491721709e-02
4.900568181818182e-01,5.340909090909091e-01,-8.649663397399492e-02
5.042613636363636e-01,5.340909090909091e-01,-7.996346193595326e-02
5.184659090909091e-01,5.340909090909091e-01,-7.178024734333285e-02
5.326704545454546e-01,5.340909090909091e-01,-6.359703275071241e-02
5.468750000000000e-01,5.340909090909091e-01,-5.541381815809200e-02
5.610795454545454e-01,5.340909090909091e-01,-4.723060356547160e-02
5.752840909090909e-01,5.340909090909091e-01,-3.714160932036319e-02
5.894886363636364e-01,5.340909090909091e-01,-2.684086178053397e-02
6.036931818181818e-01,5.340909090909091e-01,-1.654011424070475e-02
6.178977272727273e-01,5.340909090909091e-01,-6.239366700875452e-03
7.102272727272727e-03,5.568181818181818e-01,-5.165154928393306e-03
2.130681818181818e-02,5.568181818181818e-01,-1.549546478517991e-02
3.551136363636364e-02,5.568181818181818e-01,-2.582577464196653e-02
4.971590909090909e-02,5.568181818181818e-01,-3.615608449875313e-02
6.392045454545454e-02,5.568181818181818e-01,-4.625846949945984e-02
7.812500000000000e-02,5.568181818181818e-01,-5.430953079544744e-02
9.232954545454546e-02,5.568181818181818e-01,-6.236059209143503e-02
1.065340909090909e-01,5.568181818181818e-01,-7.041165338742263e-02
1.207386363636364e-01,5.568181818181818e-01,-7.846271468341022e-02
1.349431818181818e-01,5.568181818181818e-01,-8.491389622009562e-02
1.491477272727273e-01,5.568181818181818e-01,-9.067941500279436e-02
1.633522727272727e-01,5.568181818181818e-01,-9.644493378549313e-02
1.775568181818182e-01,5.568181818181818e-01,-1.022104525681919e-01
1.917613636363636e-01,5.568181818181818e-01,-1.072884475810564e-01
2.059659090909091e-01,5.568181818181818e-01,-1.107622204643076e-01
2.201704545454546e-01,5.568181818181818e-01,-1.142359933475588e-01
2.343750000000000e-01,5.568181818181818e-01,-1.177097662308100e-01
2.485795454545454e-01,5.568181818181818e-01,-1.211835391140612e-01
2.627840909090909e-01,5.568181818181818e-01,-1.225892498001362e-01
2.769886363636364e-01,5.568181818181818e-01,-1.237651757976360e-01
2.911931818181818e-01,5.568181818181818e-01,-1.249411017951357e-01
3.053977272727273e-01,5.568181818181818e-01,-1.261170277926355e-01
3.196022727272727e-01,5.568181818181818e-01,-1.261410259817180e-01
3.338068181818182e-01,5.568181818181818e-01,-1.250130963623832e-01
3.480113636363636e-01,5.568181818181818e-01,-1.238851667430484e-01
3.622159090909091e-01,5.568181818181818e-01,-1.227572371237136e-01
3.764204545454545e-01,5.568181818181818e-01,-1.213983278602261e-01
3.906250000000000e-01,5.568181818181818e-01,-1.179606017993646e-01
4.048295454545455e-01,5.568181818181818e-01,-1.145228757385030e-01
4.190340909090909e-01,5.568181818181818e-01,-1.110851496776415e-01
4.332386363636364e-01,5.568181818181818e-01,-1.076474236167800e-01
4.474431818181818e-01,5.568181818181818e-01,-1.025887084180303e-01
4.616477272727273e-01,5.568181818181818e-01,-9.683528358875719e-02
4.758522727272727e-01,5.568181818181818e-01,-9.108185875948406e-02
4.900568181818182e-01,5.568181818181818e-01,-8.532843393021090e-02
5.042613636363636e-01,5.568181818181818e-01,-7.887853254265986e-02
5.184659090909091e-01,5.568181818181818e-01,-7.080351918579382e-02
5.326704545454546e-01,5.568181818181818e-01,-6.272850582892771e-02
5.468750000000000e-01,5.568181818181818e-01,-5.465349247206166e-02
5.610795454545454e-01,5.568181818181818e-01,-4.657847911519560e-02
5.752840909090909e-01,5.568181818181818e-01,-3.662646340655009e-02
5.894886363636364e-01,5.568181818181818e-01,-2.646589188104027e-02
6.036931818181818e-01,5.568181818181818e-01,-1.630532035553045e-02
6.178977272727273e-01,5.568181818181818e-01,-6.144748830020549e-03
7.102272727272727e-03,5.795454545454546e-01,-5.060705587259283e-03
2.130681818181818e-02,5.795454545454546e-01,-1.518211676177785e-02
3.551136363636364e-02,5.795454545454546e-01,-2.530352793629641e-02
4.971590909090909e-02,5.795454545454546e-01,-3.542493911081497e-02
6.392045454545454e-02,5.795454545454546e-01,-4.532256858774197e-02
7.812500000000000e-02,5.795454545454546e-01,-5.320616278634486e-02
9.232954545454546e-02,5.795454545454546e-01,-6.108975698494775e-02
1.065340909090909e-01,5.795454545454546e-01,-6.897335118355064e-02
1.207386363636364e-01,5.795454545454546e-01,-7.685694538215351e-02
1.349431818181818e-01,5.795454545454546e-01,-8.317096486889002e-02
1.491477272727273e-01,5.795454545454546e-01,-8.881230947911233e-02
1.633522727272727e-01,5.795454545454546e-01,-9.445365408933465e-02
1.775568181818182e-01,5.795454545454546e-01,-1.000949986995570e-01
1.917613636363636e-01,5.795454545454546e-01,-1.050623682104427e-01
2.059659090909091e-01,5.795454545454546e-01,-1.084571291562096e-01
2.201704545454546e-01,5.795454545454546e-01,-1.118518901019765e-01
2.343750000000000e-01,5.795454545454546e-01,-1.152466510477434e-01
2.485795454545454e-01,5.795454545454546e-01,-1.186414119935103e-01
2.627840909090909e-01,5.795454545454546e-01,-1.200104453406343e-01
2.769886363636364e-01,5.795454545454546e-01,-1.211543978434646e-01
2.911931818181818e-01,5.795454545454546e-01,-1.222983503462950e-01
3.053977272727273e-01,5.795454545454546e-01,-1.234423028491253e-01
3.196022727272727e-01,5.795454545454546e-01,-1.234587870118929e-01
3.338068181818182e-01,5.795454545454546e-01,-1.223478028345978e-01
3.480113636363636e-01,5.795454545454546e-01,-1.212368186573027e-01
3.622159090909091e-01,5.795454545454546e-01,-1.201258344800075e-01
3.764204545454545e-01,5.795454545454546e-01,-1.187889507413656e-01
3.906250000000000e-01,5.795454545454546e-01,-1.154189709506025e-01
4.048295454545455e-01,5.795454545454546e-01,-1.120489911598393e-01
4.190340909090909e-01,5.795454545454546e-01,-1.086790113690762e-01
4.332386363636364e-01,5.795454545454546e-01,-1.053090315783131e-01
4.474431818181818e-01,5.795454545454546e-01,-1.003549397077795e-01
4.616477272727273e-01,5.795454545454546e-01,-9.472194266020148e-02
4.758522727272727e-01,5.795454545454546e-01,-8.908894561262348e-02
4.900568181818182e-01,5.795454545454546e-01,-8.345594856504547e-02
5.042613636363636e-01,5.795454545454546e-01,-7.714284265328375e-02
5.184659090909091e-01,5.795454545454546e-01,-6.924281605842680e-02
5.326704545454546e-01,5.795454545454546e-01,-6.134278946356980e-02
5.468750000000000e-01,5.795454545454546e-01,-5.344276286871285e-02
5.610795454545454e-01,5.795454545454546e-01,-4.554273627385590e-02
5.752840909090909e-01,5.795454545454546e-01,-3.581047094428562e-02
5.894886363636364e-01,5.795454545454546e-01,-2.587462353308059e-02
6.036931818181818e-01,5.795454545454546e-01,-1.593877612187557e-02
6.178977272727273e-01,5.795454545454546e-01,-6.002928710670473e-03
7.102272727272727e-03,6.022727272727273e-01,-4.941860998935556e-03
2.130681818181818e-02,6.022727272727273e-01,-1.482558299680667e-02
3.551136363636364e-02,6.022727272727273e-01,-2.470930499467778e-02
4.971590909090909e-02,6.022727272727273e-01,-3.459302699254889e-02
6.392045454545454e-02,6.022727272727273e-01,-4.425775587074310e-02
7.812500000000000e-02,6.022727272727273e-01,-5.195154667184514e-02
9.232954545454546e-02,6.022727272727273e-01,-5.964533747294719e-02
1.065340909090909e-01,6.022727272727273e-01,-6.733912827404923e-02
1.207386363636364e-01,6.022727272727273e-01,-7.503291907515128e-02
1.349431818181818e-01,6.022727272727273e-01,-8.119194133820565e-02
1.491477272727273e-01,6.022727272727273e-01,-8.669320565638243e-02
1.633522727272727e-01,6.022727272727273e-01,-9.219446997455921e-02
1.775568181818182e-01,6.022727272727273e-01,-9.769573429273602e-02
1.917613636363636e-01,6.022727272727273e-01,-1.025384947088561e-01
2.059659090909091e-01,6.022727272727273e-01,-1.058447460201772e-01
2.201704545454546e-01,6.022727272727273e-01,-1.091509973314984e-01
2.343750000000000e-01,6.022727272727273e-01,-1.124572486428195e-01
2.485795454545454e-01,6.022727272727273e-01,-1.157634999541406e-01
2.627840909090909e-01,6.022727272727273e-01,-1.170921080651301e-01
2.769886363636364e-01,6.022727272727273e-01,-1.182009780427493e-01
2.911931818181818e-01,6.022727272727273e-01,-1.193098480203685e-01
3.053977272727273e-01,6.022727272727273e-01,-1.204187179979878e-01
3.196022727272727e-01,6.022727272727273e-01,-1.204277642037271e-01
3.338068181818182e-01,6.022727272727273e-01,-1.193369866375866e-01
3.480113636363636e-01,6.022727272727273e-01,-1.182462090714460e-01
3.622159090909091e-01,6.022727272727273e-01,-1.171554315053054e-01
3.764204545454545e-01,6.022727272727273e-01,-1.158444696796544e-01
3.906250000000000e-01,6.022727272727273e-01,-1.125518495184090e-01
4.048295454545455e-01,6.022727272727273e-01,-1.092592293571637e-01
4.190340909090909e-01,6.022727272727273e-01,-1.059666091959183e-01
4.332386363636364e-01,6.022727272727273e-01,-1.026739890346730e-01
4.474431818181818e-01,6.022727272727273e-01,-9.783856755598880e-02
4.616477272727273e-01,6.022727272727273e-01,-9.234194551268791e-02
4.758522727272727e-01,6.022727272727273e-01,-8.684532346938709e-02
4.900568181818182e-01,6.022727272727273e-01,-8.134870142608623e-02
5.042613636363636e-01,6.022727272727273e-01,-7.519023259854672e-02
5.184659090909091e-01,6.022727272727273e-01,-6.748745460778380e-02
5.326704545454546e-01,6.022727272727273e-01,-5.978467661702082e-02
5.468750000000000e-01,6.022727272727273e-01,-5.208189862625789e-02
5.610795454545454e-01,6.022727272727273e-01,-4.437912063549496e-02
5.752840909090909e-01,6.022727272727273e-01,-3.489419629920402e-02
5.894886363636364e-01,6.022727272727273e-01,-2.521125570229893e-02
6.036931818181818e-01,6.022727272727273e-01,-1.552831510539384e-02
6.178977272727273e-01,6.022727272727273e-01,-5.845374508488673e-03
7.102272727272727e-03,6.250000000000000e-01,-4.823016410611829e-03
2.130681818181818e-02,6.250000000000000e-01,-1.446904923183548e-02
3.551136363636364e-02,6.250000000000000e-01,-2.411508205305914e-02
4.971590909090909e-02,6.250000000000000e-01,-3.376111487428279e-02
6.392045454545454e-02,6.250000000000000e-01,-4.319294315374421e-02
7.812500000000000e-02,6.250000000000000e-01,-5.069693055734542e-02
9.232954545454546e-02,6.250000000000000e-01,-5.820091796094662e-02
1.065340909090909e-01,6.250000000000000e-01,-6.570490536454783e-02
1.207386363636364e-01,6.250000000000000e-01,-7.320889276814904e-02
1.349431818181818e-01,6.250000000000000e-01,-7.921291780752128e-02
1.491477272727273e-01,6.250000000000000e-01,-8.457410183365253e-02
1.633522727272727e-01,6.250000000000000e-01,-8.993528585978380e-02
1.775568181818182e-01,6.250000000000000e-01,-9.529646988591506e-02
1.917613636363636e-01,6.250000000000000e-01,-1.000146212072695e-01
2.059659090909091e-01,6.250000000000000e-01,-1.032323628841449e-01
2.201704545454546e-01,6.250000000000000e-01,-1.064501045610202e-01
2.343750000000000e-01,6.250000000000000e-01,-1.096678462378956e-01
2.485795454545454e-01,6.250000000000000e-01,-1.128855879147709e-01
2.627840909090909e-01,6.250000000000000e-01,-1.141737707896258e-01
2.769886363636364e-01,6.250000000000000e-01,-1.152475582420340e-01
2.911931818181818e-01,6.250000000000000e-01,-1.163213456944421e-01
3.053977272727273e-01,6.250000000000000e-01,-1.173951331468503e-01
3.196022727272727e-01,6.250000000000000e-01,-1.173967413955613e-01
3.338068181818182e-01,6.250000000000000e-01,-1.163261704405753e-01
3.480113636363636e-01,6.250000000000000e-01,-1.152555994855893e-01
3.622159090909091e-01,6.250000000000000e-01,-1.141850285306033e-01
3.764204545454545e-01,6.250000000000000e-01,-1.128999886179432e-01
3.906250000000000e-01,6.250000000000000e-01,-1.096847280862156e-01
4.048295454545455e-01,6.250000000000000e-01,-1.064694675544880e-01
4.190340909090909e-01,6.250000000000000e-01,-1.032542070227605e-01
4.332386363636364e-01,6.250000000000000e-01,-1.000389464910329e-01
4.474431818181818e-01,6.250000000000000e-01,-9.532219540419805e-02
4.616477272727273e-01,6.250000000000000e-01,-8.996194836517436e-02
4.758522727272727e-01,6.250000000000000e-01,-8.460170132615068e-02
4.900568181818182e-01,6.250000000000000e-01,-7.924145428712698e-02
5.042613636363636e-01,6.250000000000000e-01,-7.323762254380971e-02
5.184659090909091e-01,6.250000000000000e-01,-6.573209315714081e-02
5.326704545454546e-01,6.250000000000000e-01,-5.822656377047184e-02
5.468750000000000e-01,6.250000000000000e-01,-5.072103438380293e-02
5.610795454545454e-01,6.250000000000000e-01,-4.321550499713402e-02
5.752840909090909e-01,6.250000000000000e-01,-3.397792165412242e-02
5.894886363636364e-01,6.250000000000000e-01,-2.454788787151727e-02
6.036931818181818e-01,6.250000000000000e-01,-1.511785408891211e-02
6.178977272727273e-01,6.250000000000000e-01,-5.687820306306875e-03
7.102272727272727e-03,6.477272727272727e-01,-4.649562925398680e-03
2.130681818181818e-02,6.477272727272727e-01,-1.394868877619604e-02
3.551136363636364e-02,6.477272727272727e-01,-2.324781462699340e-02
4.971590909090909e-02,6.477272727272727e-01,-3.254694047779075e-02
6.392045454545454e-02,6.477272727272727e-01,-4.163914699001375e-02
7.812500000000000e-02,6.477272727272727e-01,-4.886907945506751e-02
9.232954545454546e-02,6.477272727272727e-01,-5.609901192012126e-02
1.065340909090909e-01,6.477272727272727e-01,-6.332894438517502e-02
1.207386363636364e-01,6.477272727272727e-01,-7.055887685022875e-02
1.349431818181818e-01,6.477272727272727e-01,-7.634093614267032e-02
1.491477272727273e-01,6.477272727272727e-01,-8.150247836113522e-02
1.633522727272727e-01,6.477272727272727e-01,-8.666402057960013e-02
1.775568181818182e-01,6.477272727272727e-01,-9.182556279806506e-02
1.917613636363636e-01,6.477272727272727e-01,-9.636687160419716e-02
2.059659090909091e-01,6.477272727272727e-01,-9.946096911488608e-02
2.201704545454546e-01,6.477272727272727e-01,-1.025550666255750e-01
2.343750000000000e-01,6.477272727272727e-01,-1.056491641362639e-01
2.485795454545454e-01,6.477272727272727e-01,-1.087432616469528e-01
2.627840909090909e-01,6.477272727272727e-01,-1.099776413062238e-01
2.769886363636364e-01,6.477272727272727e-01,-1.110053856486706e-01
2.911931818181818e-01,6.477272727272727e-01,-1.120331299911174e-01
3.053977272727273e-01,6.477272727272727e-01,-1.130608743335642e-01
3.196022727272727e-01,6.477272727272727e-01,-1.130560472727133e-01
3.338068181818182e-01,6.477272727272727e-01,-1.120186488085647e-01
3.480113636363636e-01,6.477272727272727e-01,-1.109812503444161e-01
3.622159090909091e-01,6.477272727272727e-01,-1.099438518802674e-01
3.764204545454545e-01,6.477272727272727e-01,-1.087000678074170e-01
3.906250000000000e-01,6.477272727272727e-01,-1.055988132562502e-01
4.048295454545455e-01,6.477272727272727e-01,-1.024975587050834e-01
4.190340909090909e-01,6.477272727272727e-01,-9.939630415391661e-02
4.332386363636364e-01,6.477272727272727e-01,-9.629504960274980e-02
4.474431818181818e-01,6.477272727272727e-01,-9.175001796148485e-02
4.616477272727273e-01,6.477272727272727e-01,-8.658622471017782e-02
4.758522727272727e-01,6.477272727272727e-01,-8.142243145887083e-02
4.900568181818182e-01,6.477272727272727e-01,-7.625863820756383e-02
5.042613636363636e-01,6.477272727272727e-01,-7.047647610464235e-02
5.184659090909091e-01,6.477272727272727e-01,-6.325145334795382e-02
5.326704545454546e-01,6.477272727272727e-01,-5.602643059126524e-02
5.468750000000000e-01,6.477272727272727e-01,-4.880140783457673e-02
5.610795454545454e-01,6.477272727272727e-01,-4.157638507788820e-02
5.752840909090909e-01,6.477272727272727e-01,-3.268877947868064e-02
5.894886363636364e-01,6.477272727272727e-01,-2.361644245252658e-02
6.036931818181818e-01,6.477272727272727e-01,-1.454410542637253e-02
6.178977272727273e-01,6.477272727272727e-01,-5.471768400218400e-03
7.102272727272727e-03,6.704545454545454e-01,-4.476109440185531e-03
2.130681818181818e-02,6.704545454545454e-01,-1.342832832055659e-02
3.551136363636364e-02,6.704545454545454e-01,-2.238054720092766e-02
4.971590909090909e-02,6.704545454545454e-01,-3.133276608129872e-02
6.392045454545454e-02,6.704545454545454e-01,-4.008535082628330e-02
7.812500000000000e-02,6.704545454545454e-01,-4.704122835278959e-02
9.232954545454546e-02,6.704545454545454e-01,-5.399710587929589e-02
1.065340909090909e-01,6.704545454545454e-01,-6.095298340580219e-02
1.207386363636364e-01,6.704545454545454e-01,-6.790886093230847e-02
1.349431818181818e-01,6.704545454545454e-01,-7.346895447781936e-02
1.491477272727273e-01,6.704545454545454e-01,-7.843085488861791e-02
1.633522727272727e-01,6.704545454545454e-01,-8.339275529941648e-02
1.775568181818182e-01,6.704545454545454e-01,-8.835465571021503e-02
1.917613636363636e-01,6.704545454545454e-01,-9.271912200112477e-02
2.059659090909091e-01,6.704545454545454e-01,-9.568957534562725e-02
2.201704545454546e-01,6.704545454545454e-01,-9.866002869012971e-02
2.343750000000000e-01,6.704545454545454e-01,-1.016304820346322e-01
2.485795454545454e-01,6.704545454545454e-01,-1.046009353791347e-01
2.627840909090909e-01,6.704545454545454e-01,-1.057815118228218e-01
2.769886363636364e-01,6.704545454545454e-01,-1.067632130553073e-01
2.911931818181818e-01,6.704545454545454e-01,-1.077449142877927e-01
3.053977272727273e-01,6.704545454545454e-01,-1.087266155202782e-01
3.196022727272727e-01,6.704545454545454e-01,-1.087153531498653e-01
3.338068181818182e-01,6.704545454545454e-01,-1.077111271765540e-01
3.480113636363636e-01,6.704545454545454e-01,-1.067069012032428e-01
3.622159090909091e-01,6.704545454545454e-01,-1.057026752299315e-01
3.764204545454545e-01,6.704545454545454e-01,-1.045001469968908e-01
3.906250000000000e-01,6.704545454545454e-01,-1.015128984262848e-01
4.048295454545455e-01,6.704545454545454e-01,-9.852564985567874e-02
4.190340909090909e-01,6.704545454545454e-01,-9.553840128507272e-02
4.332386363636364e-01,6.704545454545454e-01,-9.255115271446669e-02
4.474431818181818e-01,6.704545454545454e-01,-8.817784051877164e-02
4.616477272727273e-01,6.704545454545454e-01,-8.321050105518131e-02
4.758522727272727e-01,6.704545454545454e-01,-7.824316159159100e-02
4.900568181818182e-01,6.704545454545454e-01,-7.327582212800066e-02
5.042613636363636e-01,6.704545454545454e-01,-6.771532966547497e-02
5.184659090909091e-01,6.704545454545454e-01,-6.077081353876684e-02
5.326704545454546e-01,6.704545454545454e-01,-5.382629741205865e-02
5.468750000000000e-01,6.704545454545454e-01,-4.688178128535050e-02
5.610795454545454e-01,6.704545454545454e-01,-3.993726515864237e-02
5.752840909090909e-01,6.704545454545454e-01,-3.139963730323884e-02
5.894886363636364e-01,6.704545454545454e-01,-2.268499703353589e-02
6.036931818181818e-01,6.704545454545454e-01,-1.397035676383294e-02
6.178977272727273e-01,6.704545454545454e-01,-5.255716494129926e-03
7.102272727272727e-03,6.931818181818182e-01,-4.289750145476747e-03
2.130681818181818e-02,6.931818181818182e-01,-1.286925043643024e-02
3.551136363636364e-02,6.931818181818182e-01,-2.144875072738374e-02
4.971590909090909e-02,6.931818181818182e-01,-3.002825101833723e-02
6.392045454545454e-02,6.931818181818182e-01,-3.841600499530830e-02
7.812500000000000e-02,6.931818181818182e-01,-4.507804214643773e-02
9.232954545454546e-02,6.931818181818182e-01,-5.174007929756715e-02
1.065340909090909e-01,6.931818181818182e-01,-5.840211644869656e-02
1.207386363636364e-01,6.931818181818182e-01,-6.506415359982598e-02
1.349431818181818e-01,6.931818181818182e-01,-7.038663403658472e-02
1.491477272727273e-01,6.931818181818182e-01,-7.513501873861318e-02
1.633522727272727e-01,6.931818181818182e-01,-7.988340344064164e-02
1.775568181818182e-01,6.931818181818182e-01,-8.463178814267010e-02
1.917613636363636e-01,6.931818181818182e-01,-8.880727878770427e-02
2.059659090909091e-01,6.931818181818182e-01,-9.164601663308505e-02
2.201704545454546e-01,6.931818181818182e-01,-9.448475447846587e-02
2.343750000000000e-01,6.931818181818182e-01,-9.732349232384666e-02
2.485795454545454e-01,6.931818181818182e-01,-1.001622301692275e-01
2.627840909090909e-01,6.931818181818182e-01,-1.012860592910385e-01
2.769886363636364e-01,6.931818181818182e-01,-1.022193429991196e-01
2.911931818181818e-01,6.931818181818182e-01,-1.031526267072006e-01
3.053977272727273e-01,6.931818181818182e-01,-1.040859104152817e-01
3.196022727272727e-01,6.931818181818182e-01,-1.040686346509583e-01
3.338068181818182e-01,6.931818181818182e-01,-1.031007994142304e-01
3.480113636363636e-01,6.931818181818182e-01,-1.021329641775024e-01
3.622159090909091e-01,6.931818181818182e-01,-1.011651289407745e-01
3.764204545454545e-01,6.931818181818182e-01,-1.000076236489743e-01
3.906250000000000e-01,6.931818181818182e-01,-9.714308786152313e-02
4.048295454545455e-01,6.931818181818182e-01,-9.427855207407201e-02
4.190340909090909e-01,6.931818181818182e-01,-9.141401628662091e-02
4.332386363636364e-01,6.931818181818182e-01,-8.854948049916977e-02
4.474431818181818e-01,6.931818181818182e-01,-8.436036310018631e-02
4.616477272727273e-01,6.931818181818182e-01,-7.960356786768895e-02
4.758522727272727e-01,6.931818181818182e-01,-7.484677263519163e-02
4.900568181818182e-01,6.931818181818182e-01,-7.008997740269425e-02
5.042613636363636e-01,6.931818181818182e-01,-6.476682806081918e-02
5.184659090909091e-01,6.931818181818182e-01,-5.812218579706277e-02
5.326704545454546e-01,6.931818181818182e-01,-5.147754353330631e-02
5.468750000000000e-01,6.931818181818182e-01,-4.483290126954990e-02
5.610795454545454e-01,6.931818181818182e-01,-3.818825900579349e-02
5.752840909090909e-01,6.931818181818182e-01,-3.002430423039244e-02
5.894886363636364e-01,6.931818181818182e-01,-2.169153695369761e-02
6.036931818181818e-01,6.931818181818182e-01,-1.335876967700278e-02
6.178977272727273e-01,6.931818181818182e-01,-5.026002400307884e-03
7.102272727272727e-03,7.159090909090909e-01,-4.064673422281059e-03
2.130681818181818e-02,7.159090909090909e-01,-1.219402026684317e-02
3.551136363636364e-02,7.159090909090909e-01,-2.032336711140529e-02
4.971590909090909e-02,7.159090909090909e-01,-2.845271395596741e-02
6.392045454545454e-02,7.159090909090909e-01,-3.640001016259974e-02
7.812500000000000e-02,7.159090909090909e-01,-4.270885062786403e-02
9.232954545454546e-02,7.159090909090909e-01,-4.901769109312832e-02
1.065340909090909e-01,7.159090909090909e-01,-5.532653155839261e-02
1.207386363636364e-01,7.159090909090909e-01,-6.163537202365690e-02
1.349431818181818e-01,7.159090909090909e-01,-6.667329726619917e-02
1.491477272727273e-01,7.159090909090909e-01,-7.116654455614628e-02
1.633522727272727e-01,7.159090909090909e-01,-7.565979184609339e-02
1.775568181818182e-01,7.159090909090909e-01,-8.015303913604051e-02
1.917613636363636e-01,7.159090909090909e-01,-8.410315474323951e-02
2.059659090909091e-01,7.159090909090909e-01,-8.678596309069289e-02
2.201704545454546e-01,7.159090909090909e-01,-8.946877143814629e-02
2.343750000000000e-01,7.159090909090909e-01,-9.215157978559967e-02
2.485795454545454e-01,7.159090909090909e-01,-9.483438813305305e-02
2.627840909090909e-01,7.159090909090909e-01,-9.589263761411124e-02
2.769886363636364e-01,7.159090909090909e-01,-9.677038055445886e-02
2.911931818181818e-01,7.159090909090909e-01,-9.764812349480645e-02
3.053977272727273e-01,7.159090909090909e-01,-9.852586643515406e-02
3.196022727272727e-01,7.159090909090909e-01,-9.850384302387448e-02
3.338068181818182e-01,7.159090909090909e-01,-9.758205326096769e-02
3.480113636363636e-01,7.159090909090909e-01,-9.666026349806091e-02
3.622159090909091e-01,7.159090909090909e-01,-9.573847373515412e-02
3.764204545454545e-01,7.159090909090909e-01,-9.463729268888665e-02
3.906250000000000e-01,7.159090909090909e-01,-9.192159009237287e-02
4.048295454545455e-01,7.159090909090909e-01,-8.920588749585912e-02
4.190340909090909e-01,7.159090909090909e-01,-8.649018489934535e-02
4.332386363636364e-01,7.159090909090909e-01,-8.377448230283156e-02
4.474431818181818e-01,7.159090909090909e-01,-7.980698575398459e-02
4.616477272727273e-01,7.159090909090909e-01,-7.530300608270914e-02
4.758522727272727e-01,7.159090909090909e-01,-7.079902641143368e-02
4.900568181818182e-01,7.159090909090909e-01,-6.629504674015822e-02
5.042613636363636e-01,7.159090909090909e-01,-6.125626095969817e-02
5.184659090909091e-01,7.159090909090909e-01,-5.496959425780751e-02
5.326704545454546e-01,7.159090909090909e-01,-4.868292755591679e-02
5.468750000000000e-01,7.159090909090909e-01,-4.239626085402613e-02
5.610795454545454e-01,7.159090909090909e-01,-3.610959415213546e-02
5.752840909090909e-01,7.159090909090909e-01,-2.839039846533223e-02
5.894886363636364e-01,7.159090909090909e-01,-2.051203289131655e-02
6.036931818181818e-01,7.159090909090909e-01,-1.263366731730088e-02
6.178977272727273e-01,7.159090909090909e-01,-4.755301743285146e-03
7.102272727272727e-03,7.386363636363636e-01,-3.839596699085369e-03
2.130681818181818e-02,7.386363636363636e-01,-1.151879009725611e-02
3.551136363636364e-02,7.386363636363636e-01,-1.919798349542685e-02
4.971590909090909e-02,7.386363636363636e-01,-2.687717689359758e-02
6.392045454545454e-02,7.386363636363636e-01,-3.438401532989116e-02
7.812500000000000e-02,7.386363636363636e-01,-4.033965910929033e-02
9.232954545454546e-02,7.386363636363636e-01,-4.629530288868949e-02
1.065340909090909e-01,7.386363636363636e-01,-5.225094666808865e-02
1.207386363636364e-01,7.386363636363636e-01,-5.820659044748781e-02
1.349431818181818e-01,7.386363636363636e-01,-6.295996049581361e-02
1.491477272727273e-01,7.386363636363636e-01,-6.719807037367938e-02
1.633522727272727e-01,7.386363636363636e-01,-7.143618025154515e-02
1.775568181818182e-01,7.386363636363636e-01,-7.567429012941092e-02
1.917613636363636e-01,7.386363636363636e-01,-7.939903069877477e-02
2.059659090909091e-01,7.386363636363636e-01,-8.192590954830073e-02
2.201704545454546e-01,7.386363636363636e-01,-8.445278839782670e-02
2.343750000000000e-01,7.386363636363636e-01,-8.697966724735268e-02
2.485795454545454e-01,7.386363636363636e-01,-8.950654609687865e-02
2.627840909090909e-01,7.386363636363636e-01,-9.049921593718398e-02
2.769886363636364e-01,7.386363636363636e-01,-9.132141810979813e-02
2.911931818181818e-01,7.386363636363636e-01,-9.214362028241227e-02
3.053977272727273e-01,7.386363636363636e-01,-9.296582245502642e-02
3.196022727272727e-01,7.386363636363636e-01,-9.293905139679068e-02
3.338068181818182e-01,7.386363636363636e-01,-9.206330710770504e-02
3.480113636363636e-01,7.386363636363636e-01,-9.118756281861939e-02
3.622159090909091e-01,7.386363636363636e-01,-9.031181852953377e-02
3.764204545454545e-01,7.386363636363636e-01,-8.926696172879903e-02
3.906250000000000e-01,7.386363636363636e-01,-8.670009232322262e-02
4.048295454545455e-01,7.386363636363636e-01,-8.413322291764619e-02
4.190340909090909e-01,7.386363636363636e-01,-8.156635351206978e-02
4.332386363636364e-01,7.386363636363636e-01,-7.899948410649335e-02
4.474431818181818e-01,7.386363636363636e-01,-7.525360840778292e-02
4.616477272727273e-01,7.386363636363636e-01,-7.100244429772933e-02
4.758522727272727e-01,7.386363636363636e-01,-6.675128018767576e-02
4.900568181818182e-01,7.386363636363636e-01,-6.250011607762217e-02
5.042613636363636e-01,7.386363636363636e-01,-5.774569385857718e-02
5.184659090909091e-01,7.386363636363636e-01,-5.181700271855225e-02
5.326704545454546e-01,7.386363636363636e-01,-4.588831157852728e-02
5.468750000000000e-01,7.386363636363636e-01,-3.995962043850236e-02
5.610795454545454e-01,7.386363636363636e-01,-3.403092929847744e-02
5.752840909090909e-01,7.386363636363636e-01,-2.675649270027202e-02
5.894886363636364e-01,7.386363636363636e-01,-1.933252882893551e-02
6.036931818181818e-01,7.386363636363636e-01,-1.190856495759899e-02
6.178977272727273e-01,7.386363636363636e-01,-4.484601086262408e-03
7.102272727272727e-03,7.613636363636364e-01,-3.590212567193456e-03
2.130681818181818e-02,7.613636363636364e-01,-1.077063770158037e-02
3.551136363636364e-02,7.613636363636364e-01,-1.795106283596728e-02
4.971590909090909e-02,7.613636363636364e-01,-2.513148797035419e-02
6.392045454545454e-02,7.613636363636364e-01,-3.215041476080718e-02
7.812500000000000e-02,7.613636363636364e-01,-3.771585645585493e-02
9.232954545454546e-02,7.613636363636364e-01,-4.328129815090267e-02
1.065340909090909e-01,7.613636363636364e-01,-4.884673984595041e-02
1.207386363636364e-01,7.613636363636364e-01,-5.441218154099815e-02
1.349431818181818e-01,7.613636363636364e-01,-5.885189383732339e-02
1.491477272727273e-01,7.613636363636364e-01,-6.280915067705327e-02
1.633522727272727e-01,7.613636363636364e-01,-6.676640751678314e-02
1.775568181818182e-01,7.613636363636364e-01,-7.072366435651302e-02
1.917613636363636e-01,7.613636363636364e-01,-7.420061130547878e-02
2.059659090909091e-01,7.613636363636364e-01,-7.655683517599494e-02
2.201704545454546e-01,7.613636363636364e-01,-7.891305904651114e-02
2.343750000000000e-01,7.613636363636364e-01,-8.126928291702731e-02
2.485795454545454e-01,7.613636363636364e-01,-8.362550678754349e-02
2.627840909090909e-01,7.613636363636364e-01,-8.454749963196843e-02
2.769886363636364e-01,7.613636363636364e-01,-8.531013347349435e-02
2.911931818181818e-01,7.613636363636364e-01,-8.607276731502027e-02
3.053977272727273e-01,7.613636363636364e-01,-8.683540115654619e-02
3.196022727272727e-01,7.613636363636364e-01,-8.680505843730667e-02
3.338068181818182e-01,7.613636363636364e-01,-8.598173915730176e-02
3.480113636363636e-01,7.613636363636364e-01,-8.515841987729682e-02
3.622159090909091e-01,7.613636363636364e-01,-8.433510059729189e-02
3.764204545454545e-01,7.613636363636364e-01,-8.335395913906583e-02
3.906250000000000e-01,7.613636363636364e-01,-8.095241807684966e-02
4.048295454545455e-01,7.613636363636364e-01,-7.855087701463348e-02
4.190340909090909e-01,7.613636363636364e-01,-7.614933595241732e-02
4.332386363636364e-01,7.613636363636364e-01,-7.374779489020115e-02
4.474431818181818e-01,7.613636363636364e-01,-7.024691074607085e-02
4.616477272727273e-01,7.613636363636364e-01,-6.627487956683452e-02
4.758522727272727e-01,7.613636363636364e-01,-6.230284838759820e-02
4.900568181818182e-01,7.613636363636364e-01,-5.833081720836186e-02
5.042613636363636e-01,7.613636363636364e-01,-5.388993309653287e-02
5.184659090909091e-01,7.613636363636364e-01,-4.835505880865437e-02
5.326704545454546e-01,7.613636363636364e-01,-4.282018452077583e-02
5.468750000000000e-01,7.613636363636364e-01,-3.728531023289733e-02
5.610795454545454e-01,7.613636363636364e-01,-3.175043594501883e-02
5.752840909090909e-01,7.613636363636364e-01,-2.496416039894158e-02
5.894886363636364e-01,7.613636363636364e-01,-1.803884026862007e-02
6.036931818181818e-01,7.613636363636364e-01,-1.111352013829857e-02
6.178977272727273e-01,7.613636363636364e-01,-4.188200007977014e-03
7.102272727272727e-03,7.840909090909091e-01,-3.316521026605317e-03
2.130681818181818e-02,7.840909090909091e-01,-9.949563079815951e-03
3.551136363636364e-02,7.840909090909091e-01,-1.658260513302659e-02
4.971590909090909e-02,7.840909090909091e-01,-2.321564718623722e-02
6.392045454545454e-02,7.840909090909091e-01,-2.969920845534780e-02
7.812500000000000e-02,7.840909090909091e-01,-3.483744266755782e-02
9.232954545454546e-02,7.840909090909091e-01,-3.997567687976786e-02
1.065340909090909e-01,7.840909090909091e-01,-4.511391109197788e-02
1.207386363636364e-01,7.840909090909091e-01,-5.025214530418792e-02
1.349431818181818e-01,7.840909090909091e-01,-5.434909729072852e-02
1.491477272727273e-01,7.840909090909091e-01,-5.799978546626794e-02
1.633522727272727e-01,7.840909090909091e-01,-6.165047364180736e-02
1.775568181818182e-01,7.840909090909091e-01,-6.530116181734678e-02
1.917613636363636e-01,7.840909090909091e-01,-6.850789656335157e-02
2.059659090909091e-01,7.840909090909091e-01,-7.067873997377558e-02
2.201704545454546e-01,7.840909090909091e-01,-7.284958338419958e-02
2.343750000000000e-01,7.840909090909091e-01,-7.502042679462358e-02
2.485795454545454e-01,7.840909090909091e-01,-7.719127020504758e-02
2.627840909090909e-01,7.840909090909091e-01,-7.803748869846461e-02
2.769886363636364e-01,7.840909090909091e-01,-7.873652664554752e-02
2.911931818181818e-01,7.840909090909091e-01,-7.943556459263044e-02
3.053977272727273e-01,7.840909090909091e-01,-8.013460253971336e-02
3.196022727272727e-01,7.840909090909091e-01,-8.010186414542250e-02
3.338068181818182e-01,7.840909090909091e-01,-7.933734940975784e-02
3.480113636363636e-01,7.840909090909091e-01,-7.857283467409318e-02
3.622159090909091e-01,7.840909090909091e-01,-7.780831993842854e-02
3.764204545454545e-01,7.840909090909091e-01,-7.689828491968705e-02
3.906250000000000e-01,7.840909090909091e-01,-7.467856735325401e-02
4.048295454545455e-01,7.840909090909091e-01,-7.245884978682098e-02
4.190340909090909e-01,7.840909090909091e-01,-7.023913222038797e-02
4.332386363636364e-01,7.840909090909091e-01,-6.801941465395492e-02
4.474431818181818e-01,7.840909090909091e-01,-6.478689276884841e-02
4.616477272727273e-01,7.840909090909091e-01,-6.112031189002470e-02
4.758522727272727e-01,7.840909090909091e-01,-5.745373101120101e-02
4.900568181818182e-01,7.840909090909091e-01,-5.378715013237730e-02
5.042613636363636e-01,7.840909090909091e-01,-4.968897867356527e-02
5.184659090909091e-01,7.840909090909091e-01,-4.458376252811388e-02
5.326704545454546e-01,7.840909090909091e-01,-3.947854638266245e-02
5.468750000000000e-01,7.840909090909091e-01,-3.437333023721105e-02
5.610795454545454e-01,7.840909090909091e-01,-2.926811409175966e-02
5.752840909090909e-01,7.840909090909091e-01,-2.301340156134090e-02
5.894886363636364e-01,7.840909090909091e-01,-1.663096721037027e-02
6.036931818181818e-01,7.840909090909091e-01,-1.024853285939964e-02
6.178977272727273e-01,7.840909090909091e-01,-3.866098508428961e-03
7.102272727272727e-03,8.068181818181818e-01,-3.042829486017179e-03
2.130681818181818e-02,8.068181818181818e-01,-9.128488458051535e-03
3.551136363636364e-02,8.068181818181818e-01,-1.521414743008590e-02
4.971590909090909e-02,8.068181818181818e-01,-2.129980640212025e-02
6.392045454545454e-02,8.068181818181818e-01,-2.724800214988840e-02
7.812500000000000e-02,8.068181818181818e-01,-3.195902887926072e-02
9.232954545454546e-02,8.068181818181818e-01,-3.667005560863304e-02
1.065340909090909e-01,8.068181818181818e-01,-4.138108233800536e-02
1.207386363636364e-01,8.068181818181818e-01,-4.609210906737768e-02
1.349431818181818e-01,8.068181818181818e-01,-4.984630074413365e-02
1.491477272727273e-01,8.068181818181818e-01,-5.319042025548261e-02
1.633522727272727e-01,8.068181818181818e-01,-5.653453976683158e-02
1.775568181818182e-01,8.068181818181818e-01,-5.987865927818054e-02
1.917613636363636e-01,8.068181818181818e-01,-6.281518182122436e-02
2.059659090909091e-01,8.068181818181818e-01,-6.480064477155620e-02
2.201704545454546e-01,8.068181818181818e-01,-6.678610772188802e-02
2.343750000000000e-01,8.068181818181818e-01,-6.877157067221984e-02
2.485795454545454e-01,8.068181818181818e-01,-7.075703362255167e-02
2.627840909090909e-01,8.068181818181818e-01,-7.152747776496078e-02
2.769886363636364e-01,8.068181818181818e-01,-7.216291981760070e-02
2.911931818181818e-01,8.068181818181818e-01,-7.279836187024061e-02
3.053977272727273e-01,8.068181818181818e-01,-7.343380392288053e-02
3.196022727272727e-01,8.068181818181818e-01,-7.339866985353830e-02
3.338068181818182e-01,8.068181818181818e-01,-7.269295966221392e-02
3.480113636363636e-01,8.068181818181818e-01,-7.198724947088955e-02
3.622159090909091e-01,8.068181818181818e-01,-7.128153927956518e-02
3.764204545454545e-01,8.068181818181818e-01,-7.044261070030826e-02
3.906250000000000e-01,8.068181818181818e-01,-6.840471662965839e-02
4.048295454545455e-01,8.068181818181818e-01,-6.636682255900848e-02
4.190340909090909e-01,8.068181818181818e-01,-6.432892848835861e-02
4.332386363636364e-01,8.068181818181818e-01,-6.229103441770872e-02
4.474431818181818e-01,8.068181818181818e-01,-5.932687479162599e-02
4.616477272727273e-01,8.068181818181818e-01,-5.596574421321490e-02
4.758522727272727e-01,8.068181818181818e-01,-5.260461363480382e-02
4.900568181818182e-01,8.068181818181818e-01,-4.924348305639274e-02
5.042613636363636e-01,8.068181818181818e-01,-4.548802425059768e-02
5.184659090909091e-01,8.068181818181818e-01,-4.081246624757338e-02
5.326704545454546e-01,8.068181818181818e-01,-3.613690824454906e-02
5.468750000000000e-01,8.068181818181818e-01,-3.146135024152476e-02
5.610795454545454e-01,8.068181818181818e-01,-2.678579223850048e-02
5.752840909090909e-01,8.068181818181818e-01,-2.106264272374022e-02
5.894886363636364e-01,8.068181818181818e-01,-1.522309415212047e-02
6.036931818181818e-01,8.068181818181818e-01,-9.383545580500712e-03
6.178977272727273e-01,8.068181818181818e-01,-3.543997008880909e-03
7.102272727272727e-03,8.295454545454546e-01,-2.734966252605320e-03
2.130681818181818e-02,8.295454545454546e-01,-8.204898757815961e-03
3.551136363636364e-02,8.295454545454546e-01,-1.367483126302660e-02
4.971590909090909e-02,8.295454545454546e-01,-1.914476376823724e-02
6.392045454545454e-02,8.295454545454546e-01,-2.449092079865975e-02
7.812500000000000e-02,8.295454545454546e-01,-2.872309855598899e-02
9.232954545454546e-02,8.295454545454546e-01,-3.295527631331824e-02
1.065340909090909e-01,8.295454545454546e-01,-3.718745407064749e-02
1.207386363636364e-01,8.295454545454546e-01,-4.141963182797674e-02
1.349431818181818e-01,8.295454545454546e-01,-4.479069498285987e-02
1.491477272727273e-01,8.295454545454546e-01,-4.779270902240893e-02
1.633522727272727e-01,8.295454545454546e-01,-5.079472306195802e-02
1.775568181818182e-01,8.295454545454546e-01,-5.379673710150709e-02
1.917613636363636e-01,8.295454545454546e-01,-5.643217612300706e-02
2.059659090909091e-01,8.295454545454546e-01,-5.821227343572577e-02
2.201704545454546e-01,8.295454545454546e-01,-5.999237074844449e-02
2.343750000000000e-01,8.295454545454546e-01,-6.177246806116320e-02
2.485795454545454e-01,8.295454545454546e-01,-6.355256537388192e-02
2.627840909090909e-01,8.295454545454546e-01,-6.424075078472050e-02
2.769886363636364e-01,8.295454545454546e-01,-6.480761265090573e-02
2.911931818181818e-01,8.295454545454546e-01,-6.537447451709096e-02
3.053977272727273e-01,8.295454545454546e-01,-6.594133638327619e-02
3.196022727272727e-01,8.295454545454546e-01,-6.590604450126228e-02
3.338068181818182e-01,8.295454545454546e-01,-6.526859887104923e-02
3.480113636363636e-01,8.295454545454546e-01,-6.463115324083618e-02
3.622159090909091e-01,8.295454545454546e-01,-6.399370761062313e-02
3.764204545454545e-01,8.295454545454546e-01,-6.323673389349732e-02
3.906250000000000e-01,8.295454545454546e-01,-6.140400739415677e-02
4.048295454545455e-01,8.295454545454546e-01,-5.957128089481619e-02
4.190340909090909e-01,8.295454545454546e-01,-5.773855439547564e-02
4.332386363636364e-01,8.295454545454546e-01,-5.590582789613507e-02
4.474431818181818e-01,8.295454545454546e-01,-5.324270075634309e-02
4.616477272727273e-01,8.295454545454546e-01,-5.022368762778622e-02
4.758522727272727e-01,8.295454545454546e-01,-4.720467449922936e-02
4.900568181818182e-01,8.295454545454546e-01,-4.418566137067249e-02
5.042613636363636e-01,8.295454545454546e-01,-4.081340990436734e-02
5.184659090909091e-01,8.295454545454546e-01,-3.661693564998289e-02
5.326704545454546e-01,8.295454545454546e-01,-3.242046139559842e-02
5.468750000000000e-01,8.295454545454546e-01,-2.822398714121397e-02
5.610795454545454e-01,8.295454545454546e-01,-2.402751288682952e-02
5.752840909090909e-01,8.295454545454546e-01,-1.889495950057817e-02
5.894886363636364e-01,8.295454545454546e-01,-1.365839732189720e-02
6.036931818181818e-01,8.295454545454546e-01,-8.421835143216228e-03
6.178977272727273e-01,8.295454545454546e-01,-3.185272964535216e-03
7.102272727272727e-03,8.522727272727273e-01,-2.415712454918891e-03
2.130681818181818e-02,8.522727272727273e-01,-7.247137364756672e-03
3.551136363636364e-02,8.522727272727273e-01,-1.207856227459446e-02
4.971590909090909e-02,8.522727272727273e-01,-1.690998718443223e-02
6.392045454545454e-02,8.522727272727273e-01,-2.163188109884134e-02
7.812500000000000e-02,8.522727272727273e-01,-2.536799605439240e-02
9.232954545454546e-02,8.522727272727273e-01,-2.910411100994347e-02
1.065340909090909e-01,8.522727272727273e-01,-3.284022596549453e-02
1.207386363636364e-01,8.522727272727273e-01,-3.657634092104559e-02
1.349431818181818e-01,8.522727272727273e-01,-3.955081948335981e-02
1.491477272727273e-01,8.522727272727273e-01,-4.219888244857251e-02
1.633522727272727e-01,8.522727272727273e-01,-4.484694541378522e-02
1.775568181818182e-01,8.522727272727273e-01,-4.749500837899794e-02
1.917613636363636e-01,8.522727272727273e-01,-4.981907343942642e-02
2.059659090909091e-01,8.522727272727273e-01,-5.138714338869170e-02
2.201704545454546e-01,8.522727272727273e-01,-5.295521333795700e-02
2.343750000000000e-01,8.522727272727273e-01,-5.452328328722229e-02
2.485795454545454e-01,8.522727272727273e-01,-5.609135323648758e-02
2.627840909090909e-01,8.522727272727273e-01,-5.669511845556810e-02
2.769886363636364e-01,8.522727272727273e-01,-5.719173870462810e-02
2.911931818181818e-01,8.522727272727273e-01,-5.768835895368809e-02
3.053977272727273e-01,8.522727272727273e-01,-5.818497920274807e-02
3.196022727272727e-01,8.522727272727273e-01,-5.815027546218904e-02
3.338068181818182e-01,8.522727272727273e-01,-5.758424773201099e-02
3.480113636363636e-01,8.522727272727273e-01,-5.701822000183294e-02
3.622159090909091e-01,8.522727272727273e-01,-5.645219227165489e-02
3.764204545454545e-01,8.522727272727273e-01,-5.578078955754240e-02
3.906250000000000e-01,8.522727272727273e-01,-5.416101198801988e-02
4.048295454545455e-01,8.522727272727273e-01,-5.254123441849735e-02
4.190340909090909e-01,8.522727272727273e-01,-5.092145684897484e-02
4.332386363636364e-01,8.522727272727273e-01,-4.930167927945232e-02
4.474431818181818e-01,8.522727272727273e-01,-4.695047470170674e-02
4.616477272727273e-01,8.522727272727273e-01,-4.428580140615129e-02
4.758522727272727e-01,8.522727272727273e-01,-4.162112811059584e-02
4.900568181818182e-01,8.522727272727273e-01,-3.895645481504038e-02
5.042613636363636e-01,8.522727272727273e-01,-3.598090891704946e-02
5.184659090909091e-01,8.522727272727273e-01,-3.227999361337576e-02
5.326704545454546e-01,8.522727272727273e-01,-2.857907830970204e-02
5.468750000000000e-01,8.522727272727273e-01,-2.487816300602835e-02
5.610795454545454e-01,8.522727272727273e-01,-2.117724770235466e-02
5.752840909090909e-01,8.522727272727273e-01,-1.665496814889567e-02
5.894886363636364e-01,8.522727272727273e-01,-1.204142590101611e-02
6.036931818181818e-01,8.522727272727273e-01,-7.427883653136564e-03
6.178977272727273e-01,8.522727272727273e-01,-2.814341405256978e-03
7.102272727272727e-03,8.750000000000000e-01,-2.096458657232461e-03
2.130681818181818e-02,8.750000000000000e-01,-6.289375971697383e-03
3.551136363636364e-02,8.750000000000000e-01,-1.048229328616231e-02
4.971590909090909e-02,8.750000000000000e-01,-1.467521060062723e-02
6.392045454545454e-02,8.750000000000000e-01,-1.877284139902295e-02
7.812500000000000e-02,8.750000000000000e-01,-2.201289355279582e-02
9.232954545454546e-02,8.750000000000000e-01,-2.525294570656870e-02
1.065340909090909e-01,8.750000000000000e-01,-2.849299786034157e-02
1.207386363636364e-01,8.750000000000000e-01,-3.173305001411444e-02
1.349431818181818e-01,8.750000000000000e-01,-3.431094398385975e-02
1.491477272727273e-01,8.750000000000000e-01,-3.660505587473609e-02
1.633522727272727e-01,8.750000000000000e-01,-3.889916776561243e-02
1.775568181818182e-01,8.750000000000000e-01,-4.119327965648877e-02
1.917613636363636e-01,8.750000000000000e-01,-4.320597075584577e-02
2.059659090909091e-01,8.750000000000000e-01,-4.456201334165764e-02
2.201704545454546e-01,8.750000000000000e-01,-4.591805592746950e-02
2.343750000000000e-01,8.750000000000000e-01,-4.727409851328138e-02
2.485795454545454e-01,8.750000000000000e-01,-4.863014109909324e-02
2.627840909090909e-01,8.750000000000000e-01,-4.914948612641570e-02
2.769886363636364e-01,8.750000000000000e-01,-4.957586475835046e-02
2.911931818181818e-01,8.750000000000000e-01,-5.000224339028521e-02
3.053977272727273e-01,8.750000000000000e-01,-5.042862202221995e-02
3.196022727272727e-01,8.750000000000000e-01,-5.039450642311580e-02
3.338068181818182e-01,8.750000000000000e-01,-4.989989659297276e-02
3.480113636363636e-01,8.750000000000000e-01,-4.940528676282971e-02
3.622159090909091e-01,8.750000000000000e-01,-4.891067693268665e-02
3.764204545454545e-01,8.750000000000000e-01,-4.832484522158746e-02
3.906250000000000e-01,8.750000000000000e-01,-4.691801658188299e-02
4.048295454545455e-01,8.750000000000000e-01,-4.551118794217851e-02
4.190340909090909e-01,8.750000000000000e-01,-4.410435930247404e-02
4.332386363636364e-01,8.750000000000000e-01,-4.269753066276957e-02
4.474431818181818e-01,8.750000000000000e-01,-4.065824864707040e-02
4.616477272727273e-01,8.750000000000000e-01,-3.834791518451636e-02
4.758522727272727e-01,8.750000000000000e-01,-3.603758172196232e-02
4.900568181818182e-01,8.750000000000000e-01,-3.372724825940828e-02
5.042613636363636e-01,8.750000000000000e-01,-3.114840792973157e-02
5.184659090909091e-01,8.750000000000000e-01,-2.794305157676863e-02
5.326704545454546e-01,8.750000000000000e-01,-2.473769522380567e-02
5.468750000000000e-01,8.750000000000000e-01,-2.153233887084274e-02
5.610795454545454e-01,8.750000000000000e-01,-1.832698251787980e-02
5.752840909090909e-01,8.750000000000000e-01,-1.441497679721316e-02
5.894886363636364e-01,8.750000000000000e-01,-1.042445448013503e-02
6.036931818181818e-01,8.750000000000000e-01,-6.433932163056901e-03
6.178977272727273e-01,8.750000000000000e-01,-2.443409845978740e-03
7.102272727272727e-03,8.977272727272727e-01,-1.734792556327391e-03
2.130681818181818e-02,8.977272727272727e-01,-5.204377668982172e-03
3.551136363636364e-02,8.977272727272727e-01,-8.673962781636957e-03
4.971590909090909e-02,8.977272727272727e-01,-1.214354789429174e-02
6.392045454545454e-02,8.977272727272727e-01,-1.553420386529632e-02
7.812500000000000e-02,8.977272727272727e-01,-1.821449756144916e-02
9.232954545454546e-02,8.977272727272727e-01,-2.089479125760199e-02
1.065340909090909e-01,8.977272727272727e-01,-2.357508495375482e-02
1.207386363636364e-01,8.977272727272727e-01,-2.625537864990766e-02
1.349431818181818e-01,8.977272727272727e-01,-2.838720754303400e-02
1.491477272727273e-01,8.977272727272727e-01,-3.028398009200613e-02
1.633522727272727e-01,8.977272727272727e-01,-3.218075264097825e-02
1.775568181818182e-01,8.977272727272727e-01,-3.407752518995038e-02
1.917613636363636e-01,8.977272727272727e-01,-3.574130035498426e-02
2.059659090909091e-01,8.977272727272727e-01,-3.686141495749561e-02
2.201704545454546e-01,8.977272727272727e-01,-3.798152956000695e-02
2.343750000000000e-01,8.977272727272727e-01,-3.910164416251830e-02
2.485795454545454e-01,8.977272727272727e-01,-4.022175876502963e-02
2.627840909090909e-01,8.977272727272727e-01,-4.064953585263619e-02
2.769886363636364e-01,8.977272727272727e-01,-4.100038654969778e-02
2.911931818181818e-01,8.977272727272727e-01,-4.135123724675936e-02
3.053977272727273e-01,8.977272727272727e-01,-4.170208794382094e-02
3.196022727272727e-01,8.977272727272727e-01,-4.167212859705374e-02
3.338068181818182e-01,8.977272727272727e-01,-4.126135920645774e-02
3.480113636363636e-01,8.977272727272727e-01,-4.085058981586175e-02
3.622159090909091e-01,8.977272727272727e-01,-4.043982042526575e-02
3.764204545454545e-01,8.977272727272727e-01,-3.995366164690224e-02
3.906250000000000e-01,8.977272727272727e-01,-3.878899837863108e-02
4.048295454545455e-01,8.977272727272727e-01,-3.762433511035991e-02
4.190340909090909e-01,8.977272727272727e-01,-3.645967184208875e-02
4.332386363636364e-01,8.977272727272727e-01,-3.529500857381757e-02
4.474431818181818e-01,8.977272727272727e-01,-3.360798758586499e-02
4.616477272727273e-01,8.977272727272727e-01,-3.169709900376320e-02
4.758522727272727e-01,8.977272727272727e-01,-2.978621042166143e-02
4.900568181818182e-01,8.977272727272727e-01,-2.787532183955965e-02
5.042613636363636e-01,8.977272727272727e-01,-2.574279459537225e-02
5.184659090909091e-01,8.977272727272727e-01,-2.309311047298511e-02
5.326704545454546e-01,8.977272727272727e-01,-2.044342635059794e-02
5.468750000000000e-01,8.977272727272727e-01,-1.779374222821080e-02
5.610795454545454e-01,8.977272727272727e-01,-1.514405810582365e-02
5.752840909090909e-01,8.977272727272727e-01,-1.191283678771274e-02
5.894886363636364e-01,8.977272727272727e-01,-8.617000225632544e-03
6.036931818181818e-01,8.977272727272727e-01,-5.321163663552349e-03
6.178977272727273e-01,8.977272727272727e-01,-2.025327101472128e-03
7.102272727272727e-03,9.204545454545454e-01,-1.373126455422321e-03
2.130681818181818e-02,9.204545454545454e-01,-4.119379366266962e-03
3.551136363636364e-02,9.204545454545454e-01,-6.865632277111606e-03
4.971590909090909e-02,9.204545454545454e-01,-9.611885187956245e-03
6.392045454545454e-02,9.204545454545454e-01,-1.229556633156970e-02
7.812500000000000e-02,9.204545454545454e-01,-1.441610157010250e-02
9.232954545454546e-02,9.204545454545454e-01,-1.653663680863529e-02
1.065340909090909e-01,9.204545454545454e-01,-1.865717204716809e-02
1.207386363636364e-01,9.204545454545454e-01,-2.077770728570088e-02
1.349431818181818e-01,9.204545454545454e-01,-2.246347110220825e-02
1.491477272727273e-01,9.204545454545454e-01,-2.396290430927616e-02
1.633522727272727e-01,9.204545454545454e-01,-2.546233751634407e-02
1.775568181818182e-01,9.204545454545454e-01,-2.696177072341198e-02
1.917613636363636e-01,9.204545454545454e-01,-2.827662995412276e-02
2.059659090909091e-01,9.204545454545454e-01,-2.916081657333358e-02
2.201704545454546e-01,9.204545454545454e-01,-3.004500319254439e-02
2.343750000000000e-01,9.204545454545454e-01,-3.092918981175521e-02
2.485795454545454e-01,9.204545454545454e-01,-3.181337643096602e-02
2.627840909090909e-01,9.204545454545454e-01,-3.214958557885669e-02
2.769886363636364e-01,9.204545454545454e-01,-3.242490834104510e-02
2.911931818181818e-01,9.204545454545454e-01,-3.270023110323352e-02
3.053977272727273e-01,9.204545454545454e-01,-3.297555386542194e-02
3.196022727272727e-01,9.204545454545454e-01,-3.294975077099167e-02
3.338068181818182e-01,9.204545454545454e-01,-3.262282181994273e-02
3.480113636363636e-01,9.204545454545454e-01,-3.229589286889379e-02
3.622159090909091e-01,9.204545454545454e-01,-3.196896391784484e-02
3.764204545454545e-01,9.204545454545454e-01,-3.158247807221701e-02
3.906250000000000e-01,9.204545454545454e-01,-3.065998017537916e-02
4.048295454545455e-01,9.204545454545454e-01,-2.973748227854130e-02
4.190340909090909e-01,9.204545454545454e-01,-2.881498438170345e-02
4.332386363636364e-01,9.204545454545454e-01,-2.789248648486559e-02
4.474431818181818e-01,9.204545454545454e-01,-2.655772652465957e-02
4.616477272727273e-01,9.204545454545454e-01,-2.504628282301005e-02
4.758522727272727e-01,9.204545454545454e-01,-2.353483912136053e-02
4.900568181818182e-01,9.204545454545454e-01,-2.202339541971101e-02
5.042613636363636e-01,9.204545454545454e-01,-2.033718126101294e-02
5.184659090909091e-01,9.204545454545454e-01,-1.824316936920158e-02
5.326704545454546e-01,9.204545454545454e-01,-1.614915747739021e-02
5.468750000000000e-01,9.204545454545454e-01,-1.405514558557885e-02
5.610795454545454e-01,9.204545454545454e-01,-1.196113369376750e-02
5.752840909090909e-01,9.204545454545454e-01,-9.410696778212312e-03
5.894886363636364e-01,9.204545454545454e-01,-6.809545971130052e-03
6.036931818181818e-01,9.204545454545454e-01,-4.208395164047795e-03
6.178977272727273e-01,9.204545454545454e-01,-1.607244356965517e-03
7.102272727272727e-03,9.431818181818182e-01,-1.001706254312288e-03
2.130681818181818e-02,9.431818181818182e-01,-3.005118762936863e-03
3.551136363636364e-02,9.431818181818182e-01,-5.008531271561440e-03
4.971590909090909e-02,9.431818181818182e-01,-7.011943780186015e-03
6.392045454545454e-02,9.431818181818182e-01,-8.969625619340657e-03
7.812500000000000e-02,9.431818181818182e-01,-1.051573143326589e-02
9.232954545454546e-02,9.431818181818182e-01,-1.206183724719113e-02
1.065340909090909e-01,9.431818181818182e-01,-1.360794306111637e-02
1.207386363636364e-01,9.431818181818182e-01,-1.515404887504160e-02
1.349431818181818e-01,9.431818181818182e-01,-1.638242615598992e-02
1.491477272727273e-01,9.431818181818182e-01,-1.747463406566242e-02
1.633522727272727e-01,9.431818181818182e-01,-1.856684197533491e-02
1.775568181818182e-01,9.431818181818182e-01,-1.965904988500740e-02
1.917613636363636e-01,9.431818181818182e-01,-2.061647923043327e-02
2.059659090909091e-01,9.431818181818182e-01,-2.125942525928365e-02
2.201704545454546e-01,9.431818181818182e-01,-2.190237128813403e-02
2.343750000000000e-01,9.431818181818182e-01,-2.254531731698441e-02
2.485795454545454e-01,9.431818181818182e-01,-2.318826334583480e-02
2.627840909090909e-01,9.431818181818182e-01,-2.343147533956546e-02
2.769886363636364e-01,9.431818181818182e-01,-2.363027244050505e-02
2.911931818181818e-01,9.431818181818182e-01,-2.382906954144463e-02
3.053977272727273e-01,9.431818181818182e-01,-2.402786664238421e-02
3.196022727272727e-01,9.431818181818182e-01,-2.400724309222280e-02
3.338068181818182e-01,9.431818181818182e-01,-2.376719889096039e-02
3.480113636363636e-01,9.431818181818182e-01,-2.352715468969798e-02
3.622159090909091e-01,9.431818181818182e-01,-2.328711048843557e-02
3.764204545454545e-01,9.431818181818182e-01,-2.300371853745732e-02
3.906250000000000e-01,9.431818181818182e-01,-2.233019683903653e-02
4.048295454545455e-01,9.431818181818182e-01,-2.165667514061573e-02
4.190340909090909e-01,9.431818181818182e-01,-2.098315344219494e-02
4.332386363636364e-01,9.431818181818182e-01,-2.030963174377415e-02
4.474431818181818e-01,9.431818181818182e-01,-1.933639157159588e-02
4.616477272727273e-01,9.431818181818182e-01,-1.823470062495014e-02
4.758522727272727e-01,9.431818181818182e-01,-1.713300967830439e-02
4.900568181818182e-01,9.431818181818182e-01,-1.603131873165864e-02
5.042613636363636e-01,9.431818181818182e-01,-1.480270114567584e-02
5.184659090909091e-01,9.431818181818182e-01,-1.327792140123992e-02
5.326704545454546e-01,9.431818181818182e-01,-1.175314165680399e-02
5.468750000000000e-01,9.431818181818182e-01,-1.022836191236807e-02
5.610795454545454e-01,9.431818181818182e-01,-8.703582167932150e-03
5.752840909090909e-01,9.431818181818182e-01,-6.849174337351799e-03
5.894886363636364e-01,9.431818181818182e-01,-4.958141163866525e-03
6.036931818181818e-01,9.431818181818182e-01,-3.067107990381249e-03
6.178977272727273e-01,9.431818181818182e-01,-1.176074816895960e-03
7.102272727272727e-03,9.659090909090909e-01,-6.010237525873727e-04
2.130681818181818e-02,9.659090909090909e-01,-1.803071257762118e-03
3.551136363636364e-02,9.659090909090909e-01,-3.005118762936864e-03
4.971590909090909e-02,9.659090909090909e-01,-4.207166268111608e-03
6.392045454545454e-02,9.659090909090909e-01,-5.381775371604394e-03
7.812500000000000e-02,9.659090909090909e-01,-6.309438859959536e-03
9.232954545454546e-02,9.659090909090909e-01,-7.237102348314678e-03
1.065340909090909e-01,9.659090909090909e-01,-8.164765836669821e-03
1.207386363636364e-01,9.659090909090909e-01,-9.092429325024961e-03
1.349431818181818e-01,9.659090909090909e-01,-9.829455693593952e-03
1.491477272727273e-01,9.659090909090909e-01,-1.048478043939745e-02
1.633522727272727e-01,9.659090909090909e-01,-1.114010518520095e-02
1.775568181818182e-01,9.659090909090909e-01,-1.179542993100444e-02
1.917613636363636e-01,9.659090909090909e-01,-1.236988753825996e-02
2.059659090909091e-01,9.659090909090909e-01,-1.275565515557019e-02
2.201704545454546e-01,9.659090909090909e-01,-1.314142277288042e-02
2.343750000000000e-01,9.659090909090909e-01,-1.352719039019065e-02
2.485795454545454e-01,9.659090909090909e-01,-1.391295800750088e-02
2.627840909090909e-01,9.659090909090909e-01,-1.405888520373928e-02
2.769886363636364e-01,9.659090909090909e-01,-1.417816346430303e-02
2.911931818181818e-01,9.659090909090909e-01,-1.429744172486678e-02
3.053977272727273e-01,9.659090909090909e-01,-1.441671998543053e-02
3.196022727272727e-01,9.659090909090909e-01,-1.440434585533368e-02
3.338068181818182e-01,9.659090909090909e-01,-1.426031933457624e-02
3.480113636363636e-01,9.659090909090909e-01,-1.411629281381879e-02
3.622159090909091e-01,9.659090909090909e-01,-1.397226629306134e-02
3.764204545454545e-01,9.659090909090909e-01,-1.380223112247439e-02
3.906250000000000e-01,9.659090909090909e-01,-1.339811810342192e-02
4.048295454545455e-01,9.659090909090909e-01,-1.299400508436944e-02
4.190340909090909e-01,9.659090909090909e-01,-1.258989206531697e-02
4.332386363636364e-01,9.659090909090909e-01,-1.218577904626449e-02
4.474431818181818e-01,9.659090909090909e-01,-1.160183494295753e-02
4.616477272727273e-01,9.659090909090909e-01,-1.094082037497008e-02
4.758522727272727e-01,9.659090909090909e-01,-1.027980580698263e-02
4.900568181818182e-01,9.659090909090909e-01,-9.618791238995183e-03
5.042613636363636e-01,9.659090909090909e-01,-8.881620687405502e-03
5.184659090909091e-01,9.659090909090909e-01,-7.966752840743952e-03
5.326704545454546e-01,9.659090909090909e-01,-7.051884994082392e-03
5.468750000000000e-01,9.659090909090909e-01,-6.137017147420843e-03
5.610795454545454e-01,9.659090909090909e-01,-5.222149300759292e-03
5.752840909090909e-01,9.659090909090909e-01,-4.109504602411079e-03
5.894886363636364e-01,9.659090909090909e-01,-2.974884698319915e-03
6.036931818181818e-01,9.659090909090909e-01,-1.840264794228749e-03
6.178977272727273e-01,9.659090909090909e-01,-7.056448901375759e-04
7.102272727272727e-03,9.886363636363636e-01,-2.003412508624576e-04
2.130681818181818e-02,9.886363636363636e-01,-6.010237525873726e-04
3.551136363636364e-02,9.886363636363636e-01,-1.001706254312288e-03
4.971590909090909e-02,9.886363636363636e-01,-1.402388756037203e-03
6.392045454545454e-02,9.886363636363636e-01,-1.793925123868131e-03
7.812500000000000e-02,9.886363636363636e-01,-2.103146286653179e-03
9.232954545454546e-02,9.886363636363636e-01,-2.412367449438226e-03
1.065340909090909e-01,9.886363636363636e-01,-2.721588612223273e-03
1.207386363636364e-01,9.886363636363636e-01,-3.030809775008321e-03
1.349431818181818e-01,9.886363636363636e-01,-3.276485231197984e-03
1.491477272727273e-01,9.886363636363636e-01,-3.494926813132483e-03
1.633522727272727e-01,9.886363636363636e-01,-3.713368395066982e-03
1.775568181818182e-01,9.886363636363636e-01,-3.931809977001481e-03
1.917613636363636e-01,9.886363636363636e-01,-4.123295846086653e-03
2.059659090909091e-01,9.886363636363636e-01,-4.251885051856730e-03
2.201704545454546e-01,9.886363636363636e-01,-4.380474257626806e-03
2.343750000000000e-01,9.886363636363636e-01,-4.509063463396883e-03
2.485795454545454e-01,9.886363636363636e-01,-4.637652669166959e-03
2.627840909090909e-01,9.886363636363636e-01,-4.686295067913092e-03
2.769886363636364e-01,9.886363636363636e-01,-4.726054488101010e-03
2.911931818181818e-01,9.886363636363636e-01,-4.765813908288927e-03
3.053977272727273e-01,9.886363636363636e-01,-4.805573328476843e-03
3.196022727272727e-01,9.886363636363636e-01,-4.801448618444561e-03
3.338068181818182e-01,9.886363636363636e-01,-4.753439778192078e-03
3.480113636363636e-01,9.886363636363636e-01,-4.705430937939596e-03
3.622159090909091e-01,9.886363636363636e-01,-4.657422097687114e-03
3.764204545454545e-01,9.886363636363636e-01,-4.600743707491464e-03
3.906250000000000e-01,9.886363636363636e-01,-4.466039367807306e-03
4.048295454545455e-01,9.886363636363636e-01,-4.331335028123147e-03
4.190340909090909e-01,9.886363636363636e-01,-4.196630688438989e-03
4.332386363636364e-01,9.886363636363636e-01,-4.061926348754830e-03
4.474431818181818e-01,9.886363636363636e-01,-3.867278314319177e-03
4.616477272727273e-01,9.886363636363636e-01,-3.646940124990027e-03
4.758522727272727e-01,9.886363636363636e-01,-3.426601935660878e-03
4.900568181818182e-01,9.886363636363636e-01,-3.206263746331728e-03
5.042613636363636e-01,9.886363636363636e-01,-2.960540229135167e-03
5.184659090909091e-01,9.886363636363636e-01,-2.655584280247984e-03
5.326704545454546e-01,9.886363636363636e-01,-2.350628331360798e-03
5.468750000000000e-01,9.886363636363636e-01,-2.045672382473614e-03
5.610795454545454e-01,9.886363636363636e-01,-1.740716433586430e-03
5.752840909090909e-01,9.886363636363636e-01,-1.369834867470360e-03
5.894886363636364e-01,9.886363636363636e-01,-9.916282327733048e-04
6.036931818181818e-01,9.886363636363636e-01,-6.134215980762499e-04
6.178977272727273e-01,9.886363636363636e-01,-2.352149633791920e-04
