x,y,ux,uy
0.011363636363636364,0.007102272727272727,0.0,0.0
0.03409090909090909,0.007102272727272727,1.9167753245739307e-09,3.009219083510695e-11
0.056818181818181816,0.007102272727272727,1.9167753245739307e-09,3.009219083510694e-11
0.07954545454545454,0.007102272727272727,3.500662221169289e-09,4.2978498196631425e-11
0.10227272727272728,0.007102272727272727,4.687206792766947e-09,1.0560499727778834e-10
0.125,0.007102272727272727,5.1625549224292505e-09,1.2869417445179358e-10
0.14772727272727273,0.007102272727272727,5.587731035778311e-09,1.4934633651719518e-10
0.17045454545454544,0.007102272727272727,6.234295679112985e-09,1.8672414359346533e-10
0.19318181818181818,0.007102272727272727,6.647842182440226e-09,2.1813900234254605e-10
0.2159090909090909,0.007102272727272727,6.6791399051845445e-09,2.2255433582792724e-10
0.23863636363636365,0.007102272727272727,6.838213697624732e-09,2.4499570794134096e-10
0.26136363636363635,0.007102272727272727,6.815273804337457e-09,2.6854639329549714e-10
0.2840909090909091,0.007102272727272727,6.624168805836232e-09,2.853330693237317e-10
0.3068181818181818,0.007102272727272727,6.59059658080657e-09,2.8828205584705545e-10
0.32954545454545453,0.007102272727272727,6.176889308915836e-09,3.0454514230799486e-10
0.3522727272727273,0.007102272727272727,5.5889900678217186e-09,3.177419769484659e-10
0.375,0.007102272727272727,5.215596921857027e-09,3.229005274716851e-10
0.3977272727272727,0.007102272727272727,4.842747168188165e-09,3.2805157084957444e-10
0.42045454545454547,0.007102272727272727,3.956657612559693e-09,3.357382438295489e-10
0.4431818181818182,0.007102272727272727,2.9507592316428654e-09,3.4095890579057064e-10
0.4659090909090909,0.007102272727272727,2.781296402669522e-09,3.413954374821538e-10
0.48863636363636365,0.007102272727272727,1.847543352331335e-09,3.438007602367341e-10
0.5113636363636364,0.007102272727272727,6.715925231486231e-10,3.4429847266200354e-10
0.5340909090909091,0.007102272727272727,-3.6250300547491617e-10,3.427369075055053e-10
0.5568181818181818,0.007102272727272727,-5.501596438270917e-10,3.4245353129922167e-10
0.5795454545454546,0.007102272727272727,-1.7885116695657108e-09,3.3819923731459325e-10
0.6022727272727273,0.007102272727272727,-3.011866279584988e-09,3.3134063547565217e-10
0.625,0.007102272727272727,-3.599050988159437e-09,3.264249504436403e-10
0.6477272727272727,0.007102272727272727,-4.186152711569733e-09,3.215099601315748e-10
0.6704545454545454,0.007102272727272727,-5.274508890875076e-09,3.0829972869781107e-10
0.6931818181818182,0.007102272727272727,-6.2375281035194156e-09,2.912992926794118e-10
0.7159090909090909,0.007102272727272727,-6.360079438274798e-09,2.8809952586016053e-10
0.7386363636363636,0.007102272727272727,-7.0325634907822465e-09,2.705412335577213e-10
0.7613636363636364,0.007102272727272727,-7.615811718252642e-09,2.46140004457285e-10
0.7840909090909091,0.007102272727272727,-7.893511494667905e-09,2.2255130513325042e-10
0.8068181818181818,0.007102272727272727,-7.940778910174295e-09,2.1853626102123386e-10
0.8295454545454546,0.007102272727272727,-7.961213741046379e-09,1.8668776035152925e-10
0.8522727272727273,0.007102272727272727,-7.629180119650216e-09,1.500527586276552e-10
0.875,0.007102272727272727,-7.232607375622764e-09,1.3374640267855234e-10
0.8977272727272727,0.007102272727272727,-6.894464366914546e-09,1.1984257205797126e-10
0.9204545454545454,0.007102272727272727,-5.7222157833382755e-09,1.0405350204670472e-10
0.9431818181818182,0.007102272727272727,-4.116513527631091e-09,5.514741567988485e-11
0.9659090909090909,0.007102272727272727,-3.266871457290746e-09,4.328342125622477e-11
0.9886363636363636,0.007102272727272727,-2.1618760933362044e-09,2.785379589542368e-11
0.011363636363636364,0.02130681818181818,3.321260033411414e-10,5.2141734848681825e-12
0.03409090909090909,0.02130681818181818,5.646142056799661e-09,8.864094924276314e-11
0.056818181818181816,0.02130681818181818,7.581368984905744e-09,1.0517371136353549e-10
0.07954545454545454,0.02130681818181818,1.0501986663507865e-08,1.2893549458989426e-10
0.10227272727272728,0.02130681818181818,1.3606793995404847e-08,2.928089959927127e-10
0.125,0.02130681818181818,1.548766476728775e-08,3.8608252335538074e-10
0.14772727272727273,0.02130681818181818,1.7115632634995578e-08,4.684134868861474e-10
0.17045454545454544,0.02130681818181818,1.8702887037338955e-08,5.60172430780396e-10
0.19318181818181818,0.02130681818181818,1.9626271337468968e-08,6.303168694984502e-10
0.2159090909090909,0.02130681818181818,2.0169159423808582e-08,6.862482173396004e-10
0.23863636363636365,0.02130681818181818,2.051158622213754e-08,7.381233328122598e-10
0.26136363636363635,0.02130681818181818,2.0448003452559443e-08,8.03399041880617e-10
0.2840909090909091,0.02130681818181818,2.002846380368786e-08,8.422999005928838e-10
0.3068181818181818,0.02130681818181818,1.9435965630653558e-08,8.780476192351636e-10
0.32954545454545453,0.02130681818181818,1.8530667926747498e-08,9.13635426923984e-10
0.3522727272727273,0.02130681818181818,1.7035752564839002e-08,9.471924541381907e-10
0.375,0.02130681818181818,1.564679076557108e-08,9.687015824150553e-10
0.3977272727272727,0.02130681818181818,1.4119740622853804e-08,9.876983867403394e-10
0.42045454545454547,0.02130681818181818,1.186997283767908e-08,1.0072147314886468e-09
0.4431818181818182,0.02130681818181818,9.664075082822409e-09,1.0186634490899087e-09
0.4659090909090909,0.02130681818181818,7.579572463117153e-09,1.0261551718333502e-09
0.48863636363636365,0.02130681818181818,5.40807892947506e-09,1.03145922847225e-09
0.5113636363636364,0.02130681818181818,2.1492998853163302e-09,1.0328384824182782e-09
0.5340909090909091,0.02130681818181818,-2.4107846675486837e-10,1.0294888988717697e-09
0.5568181818181818,0.02130681818181818,-2.6501129917049627e-09,1.0239264030691702e-09
0.5795454545454546,0.02130681818181818,-5.365535008697132e-09,1.0145977119437799e-09
0.6022727272727273,0.02130681818181818,-8.471934007447529e-09,9.971820307415987e-10
0.625,0.02130681818181818,-1.079715296447831e-08,9.792748513309207e-10
0.6477272727272727,0.02130681818181818,-1.3060220081746714e-08,9.584396026243973e-10
0.6704545454545454,0.02130681818181818,-1.5823526672625225e-08,9.24899186093433e-10
0.6931818181818182,0.02130681818181818,-1.79363358911737e-08,8.876011992335565e-10
0.7159090909090909,0.02130681818181818,-1.9631862768562474e-08,8.498958815406385e-10
0.7386363636363636,0.02130681818181818,-2.1167333465308114e-08,8.087100619401995e-10
0.7613636363636364,0.02130681818181818,-2.2787397592345038e-08,7.409317917983787e-10
0.7840909090909091,0.02130681818181818,-2.34542721423619e-08,6.868733559561585e-10
0.8068181818181818,0.02130681818181818,-2.3839545867746358e-08,6.287876548724535e-10
0.8295454545454546,0.02130681818181818,-2.3883641223139146e-08,5.600632810545879e-10
0.8522727272727273,0.02130681818181818,-2.301402911483812e-08,4.64114440233139e-10
0.875,0.02130681818181818,-2.1697822126868287e-08,4.012392080356569e-10
0.8977272727272727,0.02130681818181818,-1.9944009945815745e-08,3.4956893050177216e-10
0.9204545454545454,0.02130681818181818,-1.7166647350014817e-08,3.12160506140114e-10
0.9431818181818182,0.02130681818181818,-1.295423890745152e-08,1.838600006310215e-10
0.9659090909090909,0.02130681818181818,-8.450590727471632e-09,1.1099918100324324e-10
0.9886363636363636,0.02130681818181818,-3.546978012237857e-09,4.569956710422093e-11
0.011363636363636364,0.03551136363636364,2.982931357790534e-09,4.6830183233191576e-11
0.03409090909090909,0.03551136363636364,8.948794073371602e-09,1.4049054969957471e-10
0.056818181818181816,0.03551136363636364,1.3421828885596987e-08,2.1553188475245765e-10
0.07954545454545454,0.03551136363636364,1.856937872799927e-08,3.2586907054203463e-10
0.10227272727272728,0.03551136363636364,2.185380849950431e-08,4.969787956593381e-10
0.125,0.03551136363636364,2.564850515678843e-08,6.640953113048301e-10
0.14772727272727273,0.03551136363636364,2.8750856208383e-08,8.295713563621081e-10
0.17045454545454544,0.03551136363636364,3.072314212235936e-08,9.496377091523622e-10
0.19318181818181818,0.03551136363636364,3.230085008337343e-08,1.0645761530749584e-09
0.2159090909090909,0.03551136363636364,3.343758327274794e-08,1.1831798220864194e-09
0.23863636363636365,0.03551136363636364,3.3938502787906346e-08,1.289807673436757e-09
0.26136363636363635,0.03551136363636364,3.3860069713083024e-08,1.3580401212707925e-09
0.2840909090909091,0.03551136363636364,3.321628715258252e-08,1.4413178005483592e-09
0.3068181818181818,0.03551136363636364,3.1995981279586936e-08,1.515289768006764e-09
0.32954545454545453,0.03551136363636364,3.0405947010024715e-08,1.5719070544210575e-09
0.3522727272727273,0.03551136363636364,2.8610363701756767e-08,1.6159606321216488e-09
0.375,0.03551136363636364,2.5910262387615074e-08,1.6622514656218567e-09
0.3977272727272727,0.03551136363636364,2.2779080628352387e-08,1.700307289852237e-09
0.42045454545454547,0.03551136363636364,1.991047789171302e-08,1.7240971854989142e-09
0.4431818181818182,0.03551136363636364,1.6464124597466876e-08,1.7449373840414077e-09
0.4659090909090909,0.03551136363636364,1.23068745005817e-08,1.761027380541057e-09
0.48863636363636365,0.03551136363636364,7.97562874803226e-09,1.7696994482908743e-09
0.5113636363636364,0.03551136363636364,4.547082563512901e-09,1.7711711108346616e-09
0.5340909090909091,0.03551136363636364,-1.1103592987867114e-10,1.7666150060332208e-09
0.5568181818181818,0.03551136363636364,-4.938895955616517e-09,1.7547625927930645e-09
0.5795454545454546,0.03551136363636364,-9.283938963000963e-09,1.7375031691680072e-09
0.6022727272727273,0.03551136363636364,-1.3181673452686037e-08,1.7165942960247092e-09
0.625,0.03551136363636364,-1.786552766578234e-08,1.6814825895405376e-09
0.6477272727272727,0.03551136363636364,-2.2355575939650268e-08,1.6367575633056076e-09
0.6704545454545454,0.03551136363636364,-2.5767630213874877e-08,1.5924532439874924e-09
0.6931818181818182,0.03551136363636364,-2.9252119254211546e-08,1.534257087893664e-09
0.7159090909090909,0.03551136363636364,-3.268152958540558e-08,1.456602623948603e-09
0.7386363636363636,0.03551136363636364,-3.552764949438792e-08,1.3685629741712583e-09
0.7613636363636364,0.03551136363636364,-3.722690233886721e-08,1.2965498678548091e-09
0.7840909090909091,0.03551136363636364,-3.8764406971669385e-08,1.1900055529834406e-09
0.8068181818181818,0.03551136363636364,-3.949700645965936e-08,1.0700050436270509e-09
0.8295454545454546,0.03551136363636364,-3.9290923229346124e-08,9.481693032948753e-10
0.8522727272727273,0.03551136363636364,-3.83764828979426e-08,8.339178042945297e-10
0.875,0.03551136363636364,-3.603137976278006e-08,6.861814987257259e-10
0.8977272727272727,0.03551136363636364,-3.2408397863810703e-08,5.635860486332244e-10
0.9204545454545454,0.03551136363636364,-2.7678069360422528e-08,4.776495954663374e-10
0.9431818181818182,0.03551136363636364,-2.2198891307611335e-08,3.216314928086829e-10
0.9659090909090909,0.03551136363636364,-1.5110978339581727e-08,1.7485650119216152e-10
0.9886363636363636,0.03551136363636364,-5.503588411994272e-09,7.048418268653433e-11
0.011363636363636364,0.04971590909090909,2.982931357790534e-09,4.6830183233191576e-11
0.03409090909090909,0.04971590909090909,1.1792841797700384e-08,1.305705853604435e-10
0.056818181818181816,0.04971590909090909,1.9445648446914486e-08,4.1920764968036533e-10
0.07954545454545454,0.04971590909090909,2.5260251129766205e-08,5.593868447134044e-10
0.10227272727272728,0.04971590909090909,3.0849503082941584e-08,7.476557316925075e-10
0.125,0.04971590909090909,3.5719869644357524e-08,9.53342021479453e-10
0.14772727272727273,0.04971590909090909,3.972254261160524e-08,1.1750395163979062e-09
0.17045454545454544,0.04971590909090909,4.2657215063388136e-08,1.3629151174115172e-09
0.19318181818181818,0.04971590909090909,4.492106817441038e-08,1.5332328579002885e-09
0.2159090909090909,0.04971590909090909,4.6553203135286026e-08,1.7030309027257884e-09
0.23863636363636365,0.04971590909090909,4.7029341702337495e-08,1.8385918838536929e-09
0.26136363636363635,0.04971590909090909,4.691420685574656e-08,1.960523567768152e-09
0.2840909090909091,0.04971590909090909,4.6233887112373925e-08,2.0706266346450034e-09
0.3068181818181818,0.04971590909090909,4.448933779317111e-08,2.1757262868680697e-09
0.32954545454545453,0.04971590909090909,4.224802643608407e-08,2.2548532045690302e-09
0.3522727272727273,0.04971590909090909,3.952380171246451e-08,2.324979763055159e-09
0.375,0.04971590909090909,3.605872058671197e-08,2.3885445126480154e-09
0.3977272727272727,0.04971590909090909,3.186800527990719e-08,2.438170758552075e-09
0.42045454545454547,0.04971590909090909,2.7496059754525315e-08,2.4758853356203563e-09
0.4431818181818182,0.04971590909090909,2.278083901221506e-08,2.506266325376659e-09
0.4659090909090909,0.04971590909090909,1.7020802017518558e-08,2.5298449272691706e-09
0.48863636363636365,0.04971590909090909,1.1511407649753076e-08,2.539430429263242e-09
0.5113636363636364,0.04971590909090909,5.824781455807211e-09,2.542113772868133e-09
0.5340909090909091,0.04971590909090909,-1.8489063745889423e-11,2.5378974186238918e-09
0.5568181818181818,0.04971590909090909,-6.739804756386557e-09,2.520549936064477e-09
0.5795454545454546,0.04971590909090909,-1.2727851769744247e-08,2.4954006442424343e-09
0.6022727272727273,0.04971590909090909,-1.8661853252772067e-08,2.4624892608066407e-09
0.625,0.04971590909090909,-2.48455556131395e-08,2.417303958413148e-09
0.6477272727272727,0.04971590909090909,-3.070457375360094e-08,2.355793762243613e-09
0.6704545454545454,0.04971590909090909,-3.588748783206299e-08,2.28560074668513e-09
0.6931818181818182,0.04971590909090909,-4.0731248615298076e-08,2.2043293989468425e-09
0.7159090909090909,0.04971590909090909,-4.555027155927581e-08,2.0945352846782343e-09
0.7386363636363636,0.04971590909090909,-4.899616379439624e-08,1.9787799076533253e-09
0.7613636363636364,0.04971590909090909,-5.1795280788295664e-08,1.8528632471305683e-09
0.7840909090909091,0.04971590909090909,-5.3907067549610807e-08,1.7168283103057519e-09
0.8068181818181818,0.04971590909090909,-5.488911032926452e-08,1.5450102574727115e-09
0.8295454545454546,0.04971590909090909,-5.446704653998171e-08,1.3740824879149494e-09
0.8522727272727273,0.04971590909090909,-5.298148038644447e-08,1.1862157875968967e-09
0.875,0.04971590909090909,-5.0275340258588506e-08,9.829987570401774e-10
0.8977272727272727,0.04971590909090909,-4.5139236605223385e-08,7.931934256615859e-10
0.9204545454545454,0.04971590909090909,-3.865479683135375e-08,6.430122933409897e-10
0.9431818181818182,0.04971590909090909,-3.0328109411267964e-08,4.3372382704598426e-10
0.9659090909090909,0.04971590909090909,-1.9287262499041154e-08,2.268355257356769e-10
0.9886363636363636,0.04971590909090909,-7.550013594057932e-09,9.640649274975785e-11
0.011363636363636364,0.06392045454545454,5.278175898933491e-09,3.845092515150186e-11
0.03409090909090909,0.06392045454545454,1.5003308570342694e-08,1.512264955846801e-10
0.056818181818181816,0.06392045454545454,2.4272688437740815e-08,5.286778451861714e-10
0.07954545454545454,0.06392045454545454,3.23535206143676e-08,7.793030303946202e-10
0.10227272727272728,0.06392045454545454,3.9818012532525184e-08,1.0433487575624919e-09
0.125,0.06392045454545454,4.561407652280487e-08,1.295218731097316e-09
0.14772727272727273,0.06392045454545454,5.0247786198860975e-08,1.5355902173766738e-09
0.17045454545454544,0.06392045454545454,5.438850200821329e-08,1.812240235695808e-09
0.19318181818181818,0.06392045454545454,5.745188656059503e-08,2.056210305289998e-09
0.2159090909090909,0.06392045454545454,5.9095506250263484e-08,2.242566983413861e-09
0.23863636363636365,0.06392045454545454,5.992996002890919e-08,2.432404123652737e-09
0.26136363636363635,0.06392045454545454,5.977763071474215e-08,2.6115942184542503e-09
0.2840909090909091,0.06392045454545454,5.86811003847743e-08,2.760370506954767e-09
0.3068181818181818,0.06392045454545454,5.692888544201356e-08,2.873870242213858e-09
0.32954545454545453,0.06392045454545454,5.3912495822115755e-08,2.991862232965494e-09
0.3522727272727273,0.06392045454545454,5.008029581324499e-08,3.0928938106480876e-09
0.375,0.06392045454545454,4.585149727418739e-08,3.167540885344945e-09
0.3977272727272727,0.06392045454545454,4.1016697966624426e-08,3.2301848938621404e-09
0.42045454545454547,0.06392045454545454,3.497343653219132e-08,3.2857345905295556e-09
0.4431818181818182,0.06392045454545454,2.8360375972066608e-08,3.328434308716882e-09
0.4659090909090909,0.06392045454545454,2.221712607081532e-08,3.3523880053505405e-09
0.48863636363636365,0.06392045454545454,1.500905292272788e-08,3.3684509478987815e-09
0.5113636363636364,0.06392045454545454,7.102937123764937e-09,3.3724276473059904e-09
0.5340909090909091,0.06392045454545454,-6.643823917197789e-10,3.3639673756498346e-09
0.5568181818181818,0.06392045454545454,-7.767694821394859e-09,3.3467400631295384e-09
0.5795454545454546,0.06392045454545454,-1.609316851939139e-08,3.3122033532853894e-09
0.6022727272727273,0.06392045454545454,-2.4336180938312266e-08,3.26427187379256e-09
0.625,0.06392045454545454,-3.160420306075456e-08,3.206994684115014e-09
0.6477272727272727,0.06392045454545454,-3.8595505818610076e-08,3.1359267929605137e-09
0.6704545454545454,0.06392045454545454,-4.5832737729461515e-08,3.035985082819757e-09
0.6931818181818182,0.06392045454545454,-5.249455929813703e-08,2.9157338187812522e-09
0.7159090909090909,0.06392045454545454,-5.750968583969984e-08,2.7956816231042076e-09
0.7386363636363636,0.06392045454545454,-6.22596289201523e-08,2.6410771699026273e-09
0.7613636363636364,0.06392045454545454,-6.615855228747285e-08,2.456418196115188e-09
0.7840909090909091,0.06392045454545454,-6.871802234887888e-08,2.263848804593723e-09
0.8068181818181818,0.06392045454545454,-6.98349688507057e-08,2.079924263678453e-09
0.8295454545454546,0.06392045454545454,-6.948769634630314e-08,1.8435855907641032e-09
0.8522727272727273,0.06392045454545454,-6.740508205585848e-08,1.5763699528476205e-09
0.875,0.06392045454545454,-6.352968364181746e-08,1.2838290785869976e-09
0.8977272727272727,0.06392045454545454,-5.821444881434785e-08,1.0613183258001973e-09
0.9204545454545454,0.06392045454545454,-4.943497690870174e-08,8.083021286633344e-10
0.9431818181818182,0.06392045454545454,-3.8001175546979927e-08,5.649652715308388e-10
0.9659090909090909,0.06392045454545454,-2.5938304968267027e-08,3.550019699379497e-10
0.9886363636363636,0.06392045454545454,-9.114277153547564e-09,1.178573774723156e-10
0.011363636363636364,0.078125,5.956854330041276e-09,3.597327119054459e-11
0.03409090909090909,0.078125,1.8931219515310688e-08,2.1387349892037571e-10
0.056818181818181816,0.078125,2.957268880788358e-08,6.34085264459362e-10
0.07954545454545454,0.078125,3.950733813386424e-08,9.893741474030679e-10
0.10227272727272728,0.078125,4.800561648587084e-08,1.3207448156875002e-09
0.125,0.078125,5.5173091225110454e-08,1.6354948562404755e-09
0.14772727272727273,0.078125,6.114963228749307e-08,1.951263231577691e-09
0.17045454545454544,0.078125,6.604433705042646e-08,2.2749778595629346e-09
0.19318181818181818,0.078125,6.94124462277481e-08,2.5619365785386887e-09
0.2159090909090909,0.078125,7.15160936594143e-08,2.8185773132713163e-09
0.23863636363636365,0.078125,7.265168260393227e-08,3.0578878588894894e-09
0.26136363636363635,0.078125,7.251100826348389e-08,3.279357090306928e-09
0.2840909090909091,0.078125,7.104745894995206e-08,3.4552825521582003e-09
0.3068181818181818,0.078125,6.87148270373221e-08,3.6129576400920955e-09
0.32954545454545453,0.078125,6.549406319223599e-08,3.754105879810761e-09
0.3522727272727273,0.078125,6.080561152839903e-08,3.874554367582535e-09
0.375,0.078125,5.548902436781435e-08,3.9704634373555036e-09
0.3977272727272727,0.078125,4.948123915659959e-08,4.0522639968223735e-09
0.42045454545454547,0.078125,4.240195932376703e-08,4.121798107012996e-09
0.4431818181818182,0.078125,3.473732139080311e-08,4.168336877451647e-09
0.4659090909090909,0.078125,2.6646374808921255e-08,4.202102170215487e-09
0.48863636363636365,0.078125,1.8136857973182576e-08,4.223617369983e-09
0.5113636363636364,0.078125,8.698300802242557e-09,4.228517790699866e-09
0.5340909090909091,0.078125,-5.61204167198799e-10,4.2164375011589975e-09
0.5568181818181818,0.078125,-9.935334957279189e-09,4.192267060650318e-09
0.5795454545454546,0.078125,-1.9423117886864217e-08,4.1555127854236825e-09
0.6022727272727273,0.078125,-2.919367460413384e-08,4.0954974663623135e-09
0.625,0.078125,-3.8262139870283734e-08,4.02092241115029e-09
0.6477272727272727,0.078125,-4.7018940313844216e-08,3.929902184086592e-09
0.6704545454545454,0.078125,-5.569939155568321e-08,3.812133401293809e-09
0.6931818181818182,0.078125,-6.313131263219335e-08,3.6677293508457813e-09
0.7159090909090909,0.078125,-6.975153142545474e-08,3.5025605466846313e-09
0.7386363636363636,0.078125,-7.553280351050752e-08,3.3162618788875926e-09
0.7613636363636364,0.078125,-8.022684704439532e-08,3.088443611469033e-09
0.7840909090909091,0.078125,-8.303165166218421e-08,2.8515404547967306e-09
0.8068181818181818,0.078125,-8.44421006677552e-08,2.59770954468979e-09
0.8295454545454546,0.078125,-8.432272606981741e-08,2.3235923584365447e-09
0.8522727272727273,0.078125,-8.175563014948418e-08,1.9984411817042574e-09
0.875,0.078125,-7.676761273728327e-08,1.6262849991332864e-09
0.8977272727272727,0.078125,-6.964743081679365e-08,1.2842796917119542e-09
0.9204545454545454,0.078125,-6.016099124257815e-08,9.735718840739337e-10
0.9431818181818182,0.078125,-4.714791592786532e-08,7.057135284923871e-10
0.9659090909090909,0.078125,-2.9932651991577365e-08,4.079565011285968e-10
0.9886363636363636,0.078125,-1.1406141413621746e-08,1.4928591503835177e-10
0.011363636363636364,0.09232954545454546,7.205025101972642e-09,8.093397682454638e-11
0.03409090909090909,0.09232954545454546,2.163516515156108e-08,3.229990046479139e-10
0.056818181818181816,0.09232954545454546,3.4945313251515737e-08,7.571837609998324e-10
0.07954545454545454,0.09232954545454546,4.6498753076189134e-08,1.2149013080308772e-09
0.10227272727272728,0.09232954545454546,5.588385883583992e-08,1.592458508321649e-09
0.125,0.09232954545454546,6.44307947530713e-08,1.962303366935114e-09
0.14772727272727273,0.09232954545454546,7.180266935298138e-08,2.4017504021777416e-09
0.17045454545454544,0.09232954545454546,7.720344873181887e-08,2.7778019073424785e-09
0.19318181818181818,0.09232954545454546,8.111990230422638e-08,3.098768796161228e-09
0.2159090909090909,0.09232954545454546,8.3795087103284e-08,3.448880434922838e-09
0.23863636363636365,0.09232954545454546,8.506525193109062e-08,3.752956535436757e-09
0.26136363636363635,0.09232954545454546,8.481964417058551e-08,3.984022370359824e-09
0.2840909090909091,0.09232954545454546,8.326967399206781e-08,4.208068254455371e-09
0.3068181818181818,0.09232954545454546,8.035802306874312e-08,4.4134468077748655e-09
0.32954545454545453,0.09232954545454546,7.636651313322487e-08,4.578129513802194e-09
0.3522727272727273,0.09232954545454546,7.153571497397843e-08,4.713300060638047e-09
0.375,0.09232954545454546,6.500444170146167e-08,4.838507004820391e-09
0.3977272727272727,0.09232954545454546,5.7512147782364843e-08,4.942412127051665e-09
0.42045454545454547,0.09232954545454546,4.977251780728446e-08,5.01520157329392e-09
0.4431818181818182,0.09232954545454546,4.104778386133707e-08,5.074937135639965e-09
0.4659090909090909,0.09232954545454546,3.103892573246952e-08,5.119294434669723e-09
0.48863636363636365,0.09232954545454546,2.0701462720269755e-08,5.143640236421949e-09
0.5113636363636364,0.09232954545454546,1.0712098657693014e-08,5.148916793861683e-09
0.5340909090909091,0.09232954545454546,-4.2391343986097964e-10,5.1363588256995726e-09
0.5568181818181818,0.09232954545454546,-1.2037585096965673e-08,5.104838342706012e-09
0.5795454545454546,0.09232954545454546,-2.3025625455772028e-08,5.057199970974505e-09
0.6022727272727273,0.09232954545454546,-3.353763004152579e-08,4.9954022025905595e-09
0.625,0.09232954545454546,-4.479104928764071e-08,4.902178734848977e-09
0.6477272727272727,0.09232954545454546,-5.561144741193101e-08,4.784618403222197e-09
0.6704545454545454,0.09232954545454546,-6.480672031006885e-08,4.651213003423511e-09
0.6931818181818182,0.09232954545454546,-7.359845740429616e-08,4.486230744946118e-09
0.7159090909090909,0.09232954545454546,-8.182821132652446e-08,4.273969568935756e-09
0.7386363636363636,0.09232954545454546,-8.865356002534229e-08,4.0337368092742824e-09
0.7613636363636364,0.09232954545454546,-9.35883752160308e-08,3.787748499773078e-09
0.7840909090909091,0.09232954545454546,-9.721362860858165e-08,3.4911719940463194e-09
0.8068181818181818,0.09232954545454546,-9.895817828762158e-08,3.1624268929315788e-09
0.8295454545454546,0.09232954545454546,-9.846995729403637e-08,2.824594095501665e-09
0.8522727272727273,0.09232954545454546,-9.572141907200168e-08,2.471139838749306e-09
0.875,0.09232954545454546,-9.022317191788073e-08,2.036488022751488e-09
0.8977272727272727,0.09232954545454546,-8.150182950573922e-08,1.5717739524408121e-09
0.9204545454545454,0.09232954545454546,-7.038024194430171e-08,1.1499538486253275e-09
0.9431818181818182,0.09232954545454546,-5.4550028369332283e-08,8.297607857238521e-10
0.9659090909090909,0.09232954545454546,-3.646513356640013e-08,5.14138313439503e-10
0.9886363636363636,0.09232954545454546,-1.2333464069720016e-08,1.5850254390138463e-10
0.011363636363636364,0.10653409090909091,8.495334154332783e-09,1.274125571475618e-10
0.03409090909090909,0.10653409090909091,2.5005510566127406e-08,4.496802718868812e-10
0.056818181818181816,0.10653409090909091,3.978360267561905e-08,9.241421484787708e-10
0.07954545454545454,0.10653409090909091,5.261911372789302e-08,1.4169944531631774e-09
0.10227272727272728,0.10653409090909091,6.409875816927824e-08,1.9049447829902902e-09
0.125,0.10653409090909091,7.401861037787229e-08,2.357514297886294e-09
0.14772727272727273,0.10653409090909091,8.19865049254714e-08,2.8322756991665915e-09
0.17045454545454544,0.10653409090909091,8.811037436033542e-08,3.27692065896612e-09
0.19318181818181818,0.10653409090909091,9.275555566615324e-08,3.6895036178467936e-09
0.2159090909090909,0.10653409090909091,9.603005227325294e-08,4.0960657584619925e-09
0.23863636363636365,0.10653409090909091,9.706972824582742e-08,4.428529361945522e-09
0.26136363636363635,0.10653409090909091,9.680312149697562e-08,4.722204854256222e-09
0.2840909090909091,0.10653409090909091,9.529680086195315e-08,4.984866548724348e-09
0.3068181818181818,0.10653409090909091,9.195973448889962e-08,5.219319445222723e-09
0.32954545454545453,0.10653409090909091,8.725526956938539e-08,5.411707301510283e-09
0.3522727272727273,0.10653409090909091,8.146090881382652e-08,5.5799200963839604e-09
0.375,0.10653409090909091,7.448460967033783e-08,5.725349024009373e-09
0.3977272727272727,0.10653409090909091,6.600382457246577e-08,5.837193048071847e-09
0.42045454545454547,0.10653409090909091,5.6747502180646716e-08,5.928092359325876e-09
0.4431818181818182,0.10653409090909091,4.671364138822794e-08,6.000828669171853e-09
0.4659090909090909,0.10653409090909091,3.5604647887524686e-08,6.052982653453686e-09
0.48863636363636365,0.10653409090909091,2.3946895001103468e-08,6.077761268357175e-09
0.5113636363636364,0.10653409090909091,1.1878386702378434e-08,6.084430290676064e-09
0.5340909090909091,0.10653409090909091,-5.346125247014129e-10,6.073102373265724e-09
0.5568181818181818,0.10653409090909091,-1.349752711683762e-08,6.035777293742473e-09
0.5795454545454546,0.10653409090909091,-2.6203788349110608e-08,5.977730000907152e-09
0.6022727272727273,0.10653409090909091,-3.879021696941922e-08,5.9007571692661214e-09
0.625,0.10653409090909091,-5.128458813864462e-08,5.801891996688079e-09
0.6477272727272727,0.10653409090909091,-6.31065454925516e-08,5.664747808821984e-09
0.6704545454545454,0.10653409090909091,-7.411313471735949e-08,5.499805820341278e-09
0.6931818181818182,0.10653409090909091,-8.434668196968605e-08,5.305454448261601e-09
0.7159090909090909,0.10653409090909091,-9.363789483759095e-08,5.067017734495359e-09
0.7386363636363636,0.10653409090909091,-1.0101629587650998e-07,4.786383546028194e-09
0.7613636363636364,0.10653409090909091,-1.06947569316035e-07,4.474327593507391e-09
0.7840909090909091,0.10653409090909091,-1.1128784447652975e-07,4.133374671427974e-09
0.8068181818181818,0.10653409090909091,-1.1320843941921113e-07,3.75345501650284e-09
0.8295454545454546,0.10653409090909091,-1.123867974208378e-07,3.3559010297842756e-09
0.8522727272727273,0.10653409090909091,-1.0904817489122888e-07,2.9186075817814125e-09
0.875,0.10653409090909091,-1.0281796637992548e-07,2.4280814925883763e-09
0.8977272727272727,0.10653409090909091,-9.357091213415789e-08,1.889193355175227e-09
0.9204545454545454,0.10653409090909091,-8.007535023748607e-08,1.3285980718044712e-09
0.9431818181818182,0.10653409090909091,-6.32485195607149e-08,9.72501670561015e-10
0.9659090909090909,0.10653409090909091,-4.042893216975572e-08,5.516118478727776e-10
0.9886363636363636,0.10653409090909091,-1.520469834222077e-08,1.8703964530231834e-10
0.011363636363636364,0.12073863636363637,9.11217972247706e-09,1.520940499092363e-10
0.03409090909090909,0.12073863636363637,2.7972564945214682e-08,5.656436474376626e-10
0.056818181818181816,0.12073863636363637,4.493053097501752e-08,1.1023529420681992e-09
0.07954545454545454,0.12073863636363637,5.92739969728574e-08,1.650182512424671e-09
0.10227272727272728,0.12073863636363637,7.235587365704819e-08,2.2813705985930983e-09
0.125,0.12073863636363637,8.319918205817339e-08,2.7916914276306336e-09
0.14772727272727273,0.12073863636363637,9.179479453628676e-08,3.317621798437558e-09
0.17045454545454544,0.12073863636363637,9.881382702022586e-08,3.817591436352701e-09
0.19318181818181818,0.12073863636363637,1.0432263995815592e-07,4.349330713664797e-09
0.2159090909090909,0.12073863636363637,1.0744901061022585e-07,4.783643036522637e-09
0.23863636363636365,0.12073863636363637,1.0898995055776277e-07,5.168907976643405e-09
0.26136363636363635,0.12073863636363637,1.0870682480097015e-07,5.523132917958306e-09
0.2840909090909091,0.12073863636363637,1.0674614508310361e-07,5.83124587574613e-09
0.3068181818181818,0.12073863636363637,1.0333389092299952e-07,6.083083780017031e-09
0.32954545454545453,0.12073863636363637,9.804946025219597e-08,6.318886910724494e-09
0.3522727272727273,0.12073863636363637,9.12270630888129e-08,6.52127160256315e-09
0.375,0.12073863636363637,8.338674276606864e-08,6.675347522513781e-09
0.3977272727272727,0.12073863636363637,7.446978060258073e-08,6.804572363414372e-09
0.42045454545454547,0.12073863636363637,6.367110979727946e-08,6.9151485566095565e-09
0.4431818181818182,0.12073863636363637,5.20099951177463e-08,7.000017111349392e-09
0.4659090909090909,0.12073863636363637,4.0181439650066406e-08,7.0538417366744155e-09
0.48863636363636365,0.12073863636363637,2.7198262538336687e-08,7.087498370788567e-09
0.5113636363636364,0.12073863636363637,1.3080617645814148e-08,7.095124796091033e-09
0.5340909090909091,0.12073863636363637,-9.282447576687707e-10,7.076928297424659e-09
0.5568181818181818,0.12073863636363637,-1.4627423562061762e-08,7.0388611655166375e-09
0.5795454545454546,0.12073863636363637,-2.928978018356514e-08,6.9720991331983575e-09
0.6022727272727273,0.12073863636363637,-4.4010479691386705e-08,6.879783897510864e-09
0.625,0.12073863636363637,-5.744073551373281e-08,6.764349872783964e-09
0.6477272727272727,0.12073863636363637,-7.037668449310993e-08,6.621745928400882e-09
0.6704545454545454,0.12073863636363637,-8.328719396749602e-08,6.425183340056967e-09
0.6931818181818182,0.12073863636363637,-9.5011010400381e-08,6.190048097783169e-09
0.7159090909090909,0.12073863636363637,-1.0468866026948294e-07,5.929021450460794e-09
0.7386363636363636,0.12073863636363637,-1.1327893073975877e-07,5.613899353772076e-09
0.7613636363636364,0.12073863636363637,-1.202437444099022e-07,5.231685431335939e-09
0.7840909090909091,0.12073863636363637,-1.2481889213512805e-07,4.817254381332601e-09
0.8068181818181818,0.12073863636363637,-1.2693280084672588e-07,4.405896727665018e-09
0.8295454545454546,0.12073863636363637,-1.2634713687174942e-07,3.940832003154896e-09
0.8522727272727273,0.12073863636363637,-1.2257877112781536e-07,3.4147222931547147e-09
0.875,0.12073863636363637,-1.1548830515792889e-07,2.8263201889275132e-09
0.8977272727272727,0.12073863636363637,-1.0487541010132242e-07,2.1953762495498144e-09
0.9204545454545454,0.12073863636363637,-8.998238316538041e-08,1.5235637896793682e-09
0.9431818181818182,0.12073863636363637,-7.021881342096498e-08,1.0546517129174706e-09
0.9659090909090909,0.12073863636363637,-4.670823516435699e-08,6.231564152893113e-10
0.9886363636363636,0.12073863636363637,-1.5390507724833096e-08,1.8872899441281186e-10
0.011363636363636364,0.13494318181818182,1.0783951262096925e-08,2.189856987840648e-10
0.03409090909090909,0.13494318181818182,3.0763103802155195e-08,6.789665624261094e-10
0.056818181818181816,0.13494318181818182,4.9440074587418807e-08,1.274107965428724e-09
0.07954545454545454,0.13494318181818182,6.593348293943838e-08,1.8863494772754982e-09
0.10227272727272728,0.13494318181818182,7.993469681543395e-08,2.6247591069899265e-09
0.125,0.13494318181818182,9.160009097866487e-08,3.198519407112151e-09
0.14772727272727273,0.13494318181818182,1.0173022397880537e-07,3.824591686833188e-09
0.17045454545454544,0.13494318181818182,1.094787611567007e-07,4.392598056460777e-09
0.19318181818181818,0.13494318181818182,1.1521001136505185e-07,4.973166906361216e-09
0.2159090909090909,0.13494318181818182,1.1876717681578268e-07,5.486769384655468e-09
0.23863636363636365,0.13494318181818182,1.2061392264090963e-07,5.937702962370139e-09
0.26136363636363635,0.13494318181818182,1.205212436786935e-07,6.331322950303661e-09
0.2840909090909091,0.13494318181818182,1.1805388315646647e-07,6.669097727050881e-09
0.3068181818181818,0.13494318181818182,1.1411897233048157e-07,6.972682602752842e-09
0.32954545454545453,0.13494318181818182,1.0871174424546962e-07,7.240626496149413e-09
0.3522727272727273,0.13494318181818182,1.0113457023871338e-07,7.455917530684123e-09
0.375,0.13494318181818182,9.220993534387877e-08,7.634790082481277e-09
0.3977272727272727,0.13494318181818182,8.208652887585725e-08,7.786212549923332e-09
0.42045454545454547,0.13494318181818182,7.0660611315668e-08,7.910649581929114e-09
0.4431818181818182,0.13494318181818182,5.784905097388593e-08,7.999412794111e-09
0.4659090909090909,0.13494318181818182,4.423161039682262e-08,8.064393665902957e-09
0.48863636363636365,0.13494318181818182,2.9888424434008286e-08,8.105122724491038e-09
0.5113636363636364,0.13494318181818182,1.4737781373629544e-08,8.113196950536362e-09
0.5340909090909091,0.13494318181818182,-8.44537637977394e-10,8.089813458140007e-09
0.5568181818181818,0.13494318181818182,-1.6626807437082238e-08,8.043475566093927e-09
0.5795454545454546,0.13494318181818182,-3.2515149804734784e-08,7.974569538121201e-09
0.6022727272727273,0.13494318181818182,-4.8275954204725766e-08,7.870478726957637e-09
0.625,0.13494318181818182,-6.354456004666816e-08,7.735434569465148e-09
0.6477272727272727,0.13494318181818182,-7.827097103065492e-08,7.56846617125364e-09
0.6704545454545454,0.13494318181818182,-9.228457072830305e-08,7.362027229989658e-09
0.6931818181818182,0.13494318181818182,-1.0474021816076609e-07,7.0949231264801825e-09
0.7159090909090909,0.13494318181818182,-1.1588228699070688e-07,6.784722160605642e-09
0.7386363636363636,0.13494318181818182,-1.2556840343733178e-07,6.430328592300572e-09
0.7613636363636364,0.13494318181818182,-1.3311267094609332e-07,6.011562478628073e-09
0.7840909090909091,0.13494318181818182,-1.3788238833380006e-07,5.5339764890174495e-09
0.8068181818181818,0.13494318181818182,-1.4028001753962205e-07,5.034473432195664e-09
0.8295454545454546,0.13494318181818182,-1.3997813557878486e-07,4.509358733102584e-09
0.8522727272727273,0.13494318181818182,-1.3595282478685258e-07,3.934481994168065e-09
0.875,0.13494318181818182,-1.279267069781922e-07,3.248981711559521e-09
0.8977272727272727,0.13494318181818182,-1.1590563871526003e-07,2.4922133318650125e-09
0.9204545454545454,0.13494318181818182,-9.947183346383589e-08,1.7724182848367967e-09
0.9431818181818182,0.13494318181818182,-7.793141621771339e-08,1.18923785398638e-09
0.9659090909090909,0.13494318181818182,-5.050495177341244e-08,6.57617340085986e-10
0.9886363636363636,0.13494318181818182,-1.892183247563002e-08,2.2083523276714312e-10
0.011363636363636364,0.14914772727272727,1.0938812581287356e-08,2.2568891524480578e-10
0.03409090909090909,0.14914772727272727,3.3999711479436e-08,8.08719640365133e-10
0.056818181818181816,0.14914772727272727,5.4027380370142625e-08,1.4553830794936965e-09
0.07954545454545454,0.14914772727272727,7.206467134804008e-08,2.184952846817219e-09
0.10227272727272728,0.14914772727272727,8.74828179102069e-08,2.9802503562642707e-09
0.125,0.14914772727272727,1.0050918256183704e-07,3.6980314341652356e-09
0.14772727272727273,0.14914772727272727,1.1084809933519722e-07,4.330360812796786e-09
0.17045454545454544,0.14914772727272727,1.20022525619192e-07,5.037384761477743e-09
0.19318181818181818,0.14914772727272727,1.2607269575069115e-07,5.6650614451827e-09
0.2159090909090909,0.14914772727272727,1.300835523584604e-07,6.26842782604275e-09
0.23863636363636365,0.14914772727272727,1.3210460595033587e-07,6.779753514281117e-09
0.26136363636363635,0.14914772727272727,1.3167516451561617e-07,7.19029757594284e-09
0.2840909090909091,0.14914772727272727,1.2934569696466582e-07,7.587775757920938e-09
0.3068181818181818,0.14914772727272727,1.2487195549679613e-07,7.9445313245702e-09
0.32954545454545453,0.14914772727272727,1.1862994461158082e-07,8.231442875391726e-09
0.3522727272727273,0.14914772727272727,1.1097629005903835e-07,8.469192790589934e-09
0.375,0.14914772727272727,1.0099506552643633e-07,8.676423084088076e-09
0.3977272727272727,0.14914772727272727,8.953534632831234e-08,8.847489379947036e-09
0.42045454545454547,0.14914772727272727,7.723971394383415e-08,8.975450698444757e-09
0.4431818181818182,0.14914772727272727,6.368348855701074e-08,9.080197969301406e-09
0.4659090909090909,0.14914772727272727,4.830267626429773e-08,9.157532799622663e-09
0.48863636363636365,0.14914772727272727,3.2411183549664455e-08,9.198533479061338e-09
0.5113636363636364,0.14914772727272727,1.639263248649596e-08,9.20687992451896e-09
0.5340909090909091,0.14914772727272727,-6.899676050387539e-10,9.183675608907207e-09
0.5568181818181818,0.14914772727272727,-1.853535223317373e-08,9.127640321145319e-09
0.5795454545454546,0.14914772727272727,-3.564437340451417e-08,9.045544942393212e-09
0.6022727272727273,0.14914772727272727,-5.235651121310523e-08,8.939753037669102e-09
0.625,0.14914772727272727,-6.953721478678085e-08,8.789706047802602e-09
0.6477272727272727,0.14914772727272727,-8.606104245811098e-08,8.59783438550838e-09
0.6704545454545454,0.14914772727272727,-1.0066118662940816e-07,8.366063191450798e-09
0.6931818181818182,0.14914772727272727,-1.1437652465332845e-07,8.086138043007805e-09
0.7159090909090909,0.14914772727272727,-1.2701771161593464e-07,7.726757976536083e-09
0.7386363636363636,0.14914772727272727,-1.3744428276270165e-07,7.320641756982471e-09
0.7613636363636364,0.14914772727272727,-1.4535069879154846e-07,6.8700129224272045e-09
0.7840909090909091,0.14914772727272727,-1.5101806113471775e-07,6.3358172376722396e-09
0.8068181818181818,0.14914772727272727,-1.5374266502193742e-07,5.707846541149651e-09
0.8295454545454546,0.14914772727272727,-1.5281424151788903e-07,5.115196733431091e-09
0.8522727272727273,0.14914772727272727,-1.485674499541358e-07,4.466839662708061e-09
0.875,0.14914772727272727,-1.4037132189568012e-07,3.6633902663172296e-09
0.8977272727272727,0.14914772727272727,-1.270413351364983e-07,2.8385877252677186e-09
0.9204545454545454,0.14914772727272727,-1.086109998884289e-07,2.011949455381581e-09
0.9431818181818182,0.14914772727272727,-8.515222675118854e-08,1.3441532834386604e-09
0.9659090909090909,0.14914772727272727,-5.593438700876358e-08,7.475457444090624e-10
0.9886363636363636,0.14914772727272727,-1.892183247563002e-08,2.2083523276714312e-10
0.011363636363636364,0.16335227272727273,1.2949210514480313e-08,3.127095643576244e-10
0.03409090909090909,0.16335227272727273,3.630402282274678e-08,9.105475431007306e-10
0.056818181818181816,0.16335227272727273,5.868247681364824e-08,1.6816375437795836e-09
0.07954545454545454,0.16335227272727273,7.819281344389198e-08,2.4834339111322835e-09
0.10227272727272728,0.16335227272727273,9.479676020132803e-08,3.371118804328505e-09
0.125,0.16335227272727273,1.0872116688262349e-07,4.150084851918926e-09
0.14772727272727273,0.16335227272727273,1.2069421540048088e-07,4.919595976702548e-09
0.17045454545454544,0.16335227272727273,1.2978708418564692e-07,5.631625555594228e-09
0.19318181818181818,0.16335227272727273,1.3667391382054652e-07,6.388543942935538e-09
0.2159090909090909,0.16335227272727273,1.413420650462329e-07,7.05869557793169e-09
0.23863636363636365,0.16335227272727273,1.4308921481105938e-07,7.59253031448179e-09
0.26136363636363635,0.16335227272727273,1.4256524790293387e-07,8.074537781578786e-09
0.2840909090909091,0.16335227272727273,1.4030273410831362e-07,8.525083490898244e-09
0.3068181818181818,0.16335227272727273,1.3551540644108968e-07,8.905588272304881e-09
0.32954545454545453,0.16335227272727273,1.2854947585120088e-07,9.220737231140914e-09
0.3522727272727273,0.16335227272727273,1.1995906088535058e-07,9.49262828358778e-09
0.375,0.16335227272727273,1.0976924384140207e-07,9.724185051631164e-09
0.3977272727272727,0.16335227272727273,9.731971223851359e-08,9.899856469052197e-09
0.42045454545454547,0.16335227272727273,8.35953518630016e-08,1.0047882898434952e-08
0.4431818181818182,0.16335227272727273,6.869045876889025e-08,1.0167992121163995e-08
0.4659090909090909,0.16335227272727273,5.265353143382925e-08,1.0253314849924112e-08
0.48863636363636365,0.16335227272727273,3.5366159292639376e-08,1.0294967340415036e-08
0.5113636363636364,0.16335227272727273,1.7451108101696172e-08,1.0303736253764918e-08
0.5340909090909091,0.16335227272727273,-9.75807113946619e-10,1.028041419973512e-08
0.5568181818181818,0.16335227272727273,-1.9687632081643133e-08,1.0217954694068863e-08
0.5795454545454546,0.16335227272727273,-3.8544791752851647e-08,1.0123838697173982e-08
0.6022727272727273,0.16335227272727273,-5.721980295725709e-08,1.0001872286747197e-08
0.625,0.16335227272727273,-7.552886658004269e-08,9.850064492920245e-09
0.6477272727272727,0.16335227272727273,-9.280232486074593e-08,9.637721853788049e-09
0.6704545454545454,0.16335227272727273,-1.091381410540559e-07,9.373144610401618e-09
0.6931818181818182,0.16335227272727273,-1.2429883651164467e-07,9.056746694140812e-09
0.7159090909090909,0.16335227272727273,-1.3771635522995182e-07,8.68191794069223e-09
0.7386363636363636,0.16335227272727273,-1.4869294248936987e-07,8.227999714424557e-09
0.7613636363636364,0.16335227272727273,-1.574861441810656e-07,7.708186423783483e-09
0.7840909090909091,0.16335227272727273,-1.6396709266842233e-07,7.121341196464207e-09
0.8068181818181818,0.16335227272727273,-1.6658917593286701e-07,6.430794723664068e-09
0.8295454545454546,0.16335227272727273,-1.6545099363182535e-07,5.741562763423297e-09
0.8522727272727273,0.16335227272727273,-1.6085698473663326e-07,4.972291013858998e-09
0.875,0.16335227272727273,-1.5188456299713993e-07,4.095686074397076e-09
0.8977272727272727,0.16335227272727273,-1.3790900220144762e-07,3.1869233758246683e-09
0.9204545454545454,0.16335227272727273,-1.1806734011127265e-07,2.3118413499587458e-09
0.9431818181818182,0.16335227272727273,-9.198842759465136e-08,1.4884911533273955e-09
0.9659090909090909,0.16335227272727273,-6.01593229713882e-08,8.171755734246521e-10
0.9886363636363636,0.16335227272727273,-2.200885600293944e-08,2.677680542989256e-10
0.011363636363636364,0.17755681818181818,1.2949210514480314e-08,3.1270956435762443e-10
0.03409090909090909,0.17755681818181818,3.9747480306115986e-08,1.079276326078458e-09
0.056818181818181816,0.17755681818181818,6.288917476313151e-08,1.8861465998453866e-09
0.07954545454545454,0.17755681818181818,8.408819360790455e-08,2.8172070789643524e-09
0.10227272727272728,0.17755681818181818,1.0200149388306544e-07,3.7624349607238115e-09
0.125,0.17755681818181818,1.1713274545631824e-07,4.668963224952827e-09
0.14772727272727273,0.17755681818181818,1.2955542735966603e-07,5.469992608617297e-09
0.17045454545454544,0.17755681818181818,1.398414268921369e-07,6.307744311977964e-09
0.19318181818181818,0.17755681818181818,1.4717010703315436e-07,7.116505455660109e-09
0.2159090909090909,0.17755681818181818,1.519478865550812e-07,7.9021273271213e-09
0.23863636363636365,0.17755681818181818,1.5397979609276526e-07,8.464202872352179e-09
0.26136363636363635,0.17755681818181818,1.5353690257503383e-07,9.053411217828218e-09
0.2840909090909091,0.17755681818181818,1.5077681316361088e-07,9.544654553795666e-09
0.3068181818181818,0.17755681818181818,1.4584856967015494e-07,9.946352852131515e-09
0.32954545454545453,0.17755681818181818,1.3848721811094905e-07,1.0304916568666496e-08
0.3522727272727273,0.17755681818181818,1.289441823747965e-07,1.0606527164846392e-08
0.375,0.17755681818181818,1.1776705476812694e-07,1.0837950903122928e-08
0.3977272727272727,0.17755681818181818,1.0510858583218232e-07,1.103379887282276e-08
0.42045454545454547,0.17755681818181818,8.997396015491431e-08,1.1198054404228965e-08
0.4431818181818182,0.17755681818181818,7.36629463593973e-08,1.1327314304738127e-08
0.4659090909090909,0.17755681818181818,5.663162755516712e-08,1.1415163029273464e-08
0.48863636363636365,0.17755681818181818,3.8382267543047786e-08,1.1469149074776814e-08
0.5113636363636364,0.17755681818181818,1.8586292572952063e-08,1.1476643805043507e-08
0.5340909090909091,0.17755681818181818,-1.161184715965031e-09,1.1441296652313231e-08
0.5568181818181818,0.17755681818181818,-2.0894090928278204e-08,1.1376108458440701e-08
0.5795454545454546,0.17755681818181818,-4.1352859103582155e-08,1.12747153903358e-08
0.6022727272727273,0.17755681818181818,-6.199143855376367e-08,1.113972573912265e-08
0.625,0.17755681818181818,-8.107034231124739e-08,1.096796388915054e-08
0.6477272727272727,0.17755681818181818,-9.950920127408758e-08,1.0756351083480009e-08
0.6704545454545454,0.17755681818181818,-1.175623113379503e-07,1.0464034371999127e-08
0.6931818181818182,0.17755681818181818,-1.3388331703677943e-07,1.0104050751207776e-08
0.7159090909090909,0.17755681818181818,-1.4781627332214872e-07,9.69484404330609e-09
0.7386363636363636,0.17755681818181818,-1.5997937040916686e-07,9.220251802459263e-09
0.7613636363636364,0.17755681818181818,-1.6977019919976062e-07,8.651060471872139e-09
0.7840909090909091,0.17755681818181818,-1.7608641579013608e-07,7.990448676908611e-09
0.8068181818181818,0.17755681818181818,-1.7929424108725492e-07,7.269036150549151e-09
0.8295454545454546,0.17755681818181818,-1.7830526341094725e-07,6.413371243254877e-09
0.8522727272727273,0.17755681818181818,-1.7281233926958024e-07,5.524743358461793e-09
0.875,0.17755681818181818,-1.63258731269866e-07,4.560210385738257e-09
0.8977272727272727,0.17755681818181818,-1.4837212493101147e-07,3.5811035506727554e-09
0.9204545454545454,0.17755681818181818,-1.2696868608328894e-07,2.5942904708739783e-09
0.9431818181818182,0.17755681818181818,-9.937585637939304e-08,1.7145409015370236e-09
0.9659090909090909,0.17755681818181818,-6.472466948949626e-08,9.168938127707861e-10
0.9886363636363636,0.17755681818181818,-2.2491959257056315e-08,2.751127987125364e-10
0.011363636363636364,0.19176136363636365,1.4841932275377118e-08,4.0823254238602754e-10
0.03409090909090909,0.19176136363636365,4.1897307395185726e-08,1.188401135671334e-09
0.056818181818181816,0.19176136363636365,6.751217432421782e-08,2.15373858249783e-09
0.07954545454545454,0.19176136363636365,8.991883108789135e-08,3.150147827927149e-09
0.10227272727272728,0.19176136363636365,1.0892096647274553e-07,4.2011708104441194e-09
0.125,0.19176136363636365,1.251200413432811e-07,5.1751946257166085e-09
0.14772727272727273,0.19176136363636365,1.386814837748087e-07,6.129211501154545e-09
0.17045454545454544,0.19176136363636365,1.4925082655659059e-07,7.014436884544061e-09
0.19318181818181818,0.19176136363636365,1.574397221883847e-07,7.904626746536689e-09
0.2159090909090909,0.19176136363636365,1.623042815467912e-07,8.723794943964143e-09
0.23863636363636365,0.19176136363636365,1.6426104229443586e-07,9.39654390894425e-09
0.26136363636363635,0.19176136363636365,1.645088376907612e-07,1.0047105950675668e-08
0.2840909090909091,0.19176136363636365,1.609979695806114e-07,1.0545742390092131e-08
0.3068181818181818,0.19176136363636365,1.5561793971559196e-07,1.0996005572103172e-08
0.32954545454545453,0.19176136363636365,1.4822882609212225e-07,1.1394927435669278e-08
0.3522727272727273,0.19176136363636365,1.3796534962802893e-07,1.170126133487773e-08
0.375,0.19176136363636365,1.2576935688887798e-07,1.195927821896121e-08
0.3977272727272727,0.19176136363636365,1.1190705066661385e-07,1.217622145190225e-08
0.42045454545454547,0.19176136363636365,9.64797913346517e-08,1.2353575790257695e-08
0.4431818181818182,0.19176136363636365,7.896742804203357e-08,1.2489012228975191e-08
0.4659090909090909,0.19176136363636365,6.031515845579069e-08,1.25896548813408e-08
0.48863636363636365,0.19176136363636365,4.064772526584024e-08,1.2651113524286752e-08
0.5113636363636364,0.19176136363636365,2.0275025755981907e-08,1.2658014777118035e-08
0.5340909090909091,0.19176136363636365,-1.0794417587742905e-09,1.2614107531276924e-08
0.5568181818181818,0.19176136363636365,-2.2702612507546195e-08,1.253761556732811e-08
0.5795454545454546,0.19176136363636365,-4.4462736218239284e-08,1.2431960886768483e-08
0.6022727272727273,0.19176136363636365,-6.568782131416174e-08,1.2287573754467041e-08
0.625,0.19176136363636365,-8.660168321597103e-08,1.2099481324711858e-08
0.6477272727272727,0.19176136363636365,-1.0677072761890809e-07,1.1863393634527435e-08
0.6704545454545454,0.19176136363636365,-1.2564715427458557e-07,1.1569154151081141e-08
0.6931818181818182,0.19176136363636365,-1.4270463451264308e-07,1.1171961176383792e-08
0.7159090909090909,0.19176136363636365,-1.579642760091584e-07,1.0710949437709216e-08
0.7386363636363636,0.19176136363636365,-1.7119083090443013e-07,1.0193253166776238e-08
0.7613636363636364,0.19176136363636365,-1.813928238298956e-07,9.610475906091041e-09
0.7840909090909091,0.19176136363636365,-1.8788349202718968e-07,8.87725959236256e-09
0.8068181818181818,0.19176136363636365,-1.9111727616810922e-07,8.038732704745149e-09
0.8295454545454546,0.19176136363636365,-1.909104816172268e-07,7.108820489755704e-09
0.8522727272727273,0.19176136363636365,-1.8456965925724176e-07,6.132283836247324e-09
0.875,0.19176136363636365,-1.7412029194749825e-07,5.057410219624172e-09
0.8977272727272727,0.19176136363636365,-1.5850825205168713e-07,4.01904277962142e-09
0.9204545454545454,0.19176136363636365,-1.3591436454146208e-07,2.934057675914666e-09
0.9431818181818182,0.19176136363636365,-1.0582615787545511e-07,1.8975507550184388e-09
0.9659090909090909,0.19176136363636365,-6.92944335199746e-08,1.0408781325884574e-09
0.9886363636363636,0.19176136363636365,-2.471854985682457e-08,3.3219127443166153e-10
0.011363636363636364,0.2059659090909091,1.4978543019483754e-08,4.1512709253985415e-10
0.03409090909090909,0.2059659090909091,4.521217477391905e-08,1.3826610940911507e-09
0.056818181818181816,0.2059659090909091,7.150164282365803e-08,2.389686651756801e-09
0.07954545454545454,0.2059659090909091,9.552976531410109e-08,3.5244316573354936e-09
0.10227272727272728,0.2059659090909091,1.1595201582768218e-07,4.6553368589756185e-09
0.125,0.2059659090909091,1.3299026259317897e-07,5.749729732588182e-09
0.14772727272727273,0.2059659090909091,1.472703192364713e-07,6.779718102230584e-09
0.17045454545454544,0.2059659090909091,1.5884953423658022e-07,7.794052321544828e-09
0.19318181818181818,0.2059659090909091,1.6726959905904388e-07,8.756281995931715e-09
0.2159090909090909,0.2059659090909091,1.7230352764609535e-07,9.59402384784473e-09
0.23863636363636365,0.2059659090909091,1.7475627303418285e-07,1.0416659984333496e-08
0.26136363636363635,0.2059659090909091,1.7449372585016933e-07,1.1080084345939819e-08
0.2840909090909091,0.2059659090909091,1.713546504964393e-07,1.1640863121018746e-08
0.3068181818181818,0.2059659090909091,1.6548085806214912e-07,1.214426474701043e-08
0.32954545454545453,0.2059659090909091,1.5719021705618466e-07,1.2547845331037075e-08
0.3522727272727273,0.2059659090909091,1.4693044733611087e-07,1.288394712887751e-08
0.375,0.2059659090909091,1.3382088724268416e-07,1.3163487175387405e-08
0.3977272727272727,0.2059659090909091,1.1876388229520729e-07,1.338805031682319e-08
0.42045454545454547,0.2059659090909091,1.0229412940126988e-07,1.3567824830806802e-08
0.4431818181818182,0.2059659090909091,8.431932867447106e-08,1.3718154320710283e-08
0.4659090909090909,0.2059659090909091,6.406376122049729e-08,1.3832339139681116e-08
0.48863636363636365,0.2059659090909091,4.308955849987374e-08,1.3888093325939919e-08
0.5113636363636364,0.2059659090909091,2.1569619603326052e-08,1.38937401323019e-08
0.5340909090909091,0.2059659090909091,-9.027113089170539e-10,1.3850912511018229e-08
0.5568181818181818,0.2059659090909091,-2.4418101483726457e-08,1.3761224987687333e-08
0.5795454545454546,0.2059659090909091,-4.714229050909207e-08,1.3641503650930319e-08
0.6022727272727273,0.2059659090909091,-6.95619475180201e-08,1.3493357676681951e-08
0.625,0.2059659090909091,-9.208208248341373e-08,1.329944839987698e-08
0.6477272727272727,0.2059659090909091,-1.137061134628828e-07,1.3043740368529737e-08
0.6704545454545454,0.2059659090909091,-1.3330166875738e-07,1.2713124325415966e-08
0.6931818181818182,0.2059659090909091,-1.5154299045617336e-07,1.231518093704455e-08
0.7159090909090909,0.2059659090909091,-1.6816882085330587e-07,1.1796632118262543e-08
0.7386363636363636,0.2059659090909091,-1.8187177910981398e-07,1.1234439329557308e-08
0.7613636363636364,0.2059659090909091,-1.92421935832973e-07,1.0609371527840072e-08
0.7840909090909091,0.2059659090909091,-1.9999778785523917e-07,9.873272219009697e-09
0.8068181818181818,0.2059659090909091,-2.035454273588323e-07,8.909568670085898e-09
0.8295454545454546,0.2059659090909091,-2.0269228587525325e-07,7.905601609574315e-09
0.8522727272727273,0.2059659090909091,-1.9599436560300247e-07,6.762639340157205e-09
0.875,0.2059659090909091,-1.8522107326823097e-07,5.68194045765464e-09
0.8977272727272727,0.2059659090909091,-1.681610461871947e-07,4.457199754638915e-09
0.9204545454545454,0.2059659090909091,-1.444597700723858e-07,3.2751013153291837e-09
0.9431818181818182,0.2059659090909091,-1.1295359468197745e-07,2.16760802976491e-09
0.9659090909090909,0.2059659090909091,-7.317207791469532e-08,1.1480344034307444e-09
0.9886363636363636,0.2059659090909091,-2.5820616870625555e-08,3.6044267605647557e-10
0.011363636363636364,0.22017045454545456,1.6391748223008566e-08,5.02441324621539e-10
0.03409090909090909,0.22017045454545456,4.725886529675347e-08,1.5087291174085205e-09
0.056818181818181816,0.22017045454545456,7.593018870241594e-08,2.692554094172755e-09
0.07954545454545454,0.22017045454545456,1.0106583245791884e-07,3.905163651081014e-09
0.10227272727272728,0.22017045454545456,1.2240375406311017e-07,5.147965057802585e-09
0.125,0.22017045454545456,1.4077485214386768e-07,6.34550116958333e-09
0.14772727272727273,0.22017045454545456,1.55802050848708e-07,7.487571766159326e-09
0.17045454545454544,0.22017045454545456,1.6780159826287422e-07,8.58609145961193e-09
0.19318181818181818,0.22017045454545456,1.7707844365315702e-07,9.633588659379723e-09
0.2159090909090909,0.22017045454545456,1.8236859401691852e-07,1.054921208946923e-08
0.23863636363636365,0.22017045454545456,1.848165636417063e-07,1.1412869361866189e-08
0.26136363636363635,0.22017045454545456,1.8427603712277137e-07,1.2126548707149069e-08
0.2840909090909091,0.22017045454545456,1.813631235214694e-07,1.2743741611366822e-08
0.3068181818181818,0.22017045454545456,1.7509454906089847e-07,1.3265862012858318e-08
0.32954545454545453,0.22017045454545456,1.6614219263399076e-07,1.3703790797189559e-08
0.3522727272727273,0.22017045454545456,1.5503852156447255e-07,1.407416996311176e-08
0.375,0.22017045454545456,1.41856068990585e-07,1.4374536779009057e-08
0.3977272727272727,0.22017045454545456,1.257980653438191e-07,1.4602006877928544e-08
0.42045454545454547,0.22017045454545456,1.0804346244458018e-07,1.4798020492979038e-08
0.4431818181818182,0.22017045454545456,8.870914379023916e-08,1.4962766878035893e-08
0.4659090909090909,0.22017045454545456,6.816964395197237e-08,1.5085645512862743e-08
0.48863636363636365,0.22017045454545456,4.578071215594657e-08,1.5144602118587114e-08
0.5113636363636364,0.22017045454545456,2.2547447209841666e-08,1.5145934131052518e-08
0.5340909090909091,0.22017045454545456,-1.3327935279331829e-09,1.5096657973801946e-08
0.5568181818181818,0.22017045454545456,-2.530565289358749e-08,1.5000159813595494e-08
0.5795454545454546,0.22017045454545456,-4.975061731383325e-08,1.4867429901799101e-08
0.6022727272727273,0.22017045454545456,-7.394672896087556e-08,1.4705369125750955e-08
0.625,0.22017045454545456,-9.753047475129575e-08,1.4511699046998291e-08
0.6477272727272727,0.22017045454545456,-1.1979731121744528e-07,1.4243421325401712e-08
0.6704545454545454,0.22017045454545456,-1.409688893997144e-07,1.388407972040374e-08
0.6931818181818182,0.22017045454545456,-1.605901409589504e-07,1.3438393800184477e-08
0.7159090909090909,0.22017045454545456,-1.7779430869697332e-07,1.2911431721248623e-08
0.7386363636363636,0.22017045454545456,-1.920464683758319e-07,1.2298463388003318e-08
0.7613636363636364,0.22017045454545456,-2.0343036127243007e-07,1.1623491791452522e-08
0.7840909090909091,0.22017045454545456,-2.1155468840849482e-07,1.0806760809344074e-08
0.8068181818181818,0.22017045454545456,-2.153669469121436e-07,9.796809192986084e-09
0.8295454545454546,0.22017045454545456,-2.1389526417077566e-07,8.65087715090896e-09
0.8522727272727273,0.22017045454545456,-2.076705434942437e-07,7.50305964503064e-09
0.875,0.22017045454545456,-1.9546293416302682e-07,6.2264283899778945e-09
0.8977272727272727,0.22017045454545456,-1.778865870916626e-07,4.966419160052445e-09
0.9204545454545454,0.22017045454545456,-1.529149355826576e-07,3.6505070855054787e-09
0.9431818181818182,0.22017045454545456,-1.1909921930312002e-07,2.391684479597003e-09
0.9659090909090909,0.22017045454545456,-7.798797608394796e-08,1.3196096904225022e-09
0.9886363636363636,0.22017045454545456,-2.72916601245238e-08,4.084709814895435e-10
0.011363636363636364,0.234375,1.6920886048130874e-08,5.351338612402069e-10
0.03409090909090909,0.234375,5.043744234632339e-08,1.7304889546216247e-09
0.056818181818181816,0.234375,7.971495843569674e-08,2.963905695100891e-09
0.07954545454545454,0.234375,1.064164769947089e-07,4.326621915909658e-09
0.10227272727272728,0.234375,1.2917851738544117e-07,5.680067344761988e-09
0.125,0.234375,1.4807878247880204e-07,6.9762618808704944e-09
0.14772727272727273,0.234375,1.6411307658475874e-07,8.235305685757625e-09
0.17045454545454544,0.234375,1.7677318256133558e-07,9.41440620487468e-09
0.19318181818181818,0.234375,1.8619924141468185e-07,1.0542894332646283e-08
0.2159090909090909,0.234375,1.9228007377221593e-07,1.1504380826134949e-08
0.23863636363636365,0.234375,1.946181252540948e-07,1.2453647280195081e-08
0.26136363636363635,0.234375,1.9424265005748765e-07,1.3259475409863888e-08
0.2840909090909091,0.234375,1.9073832491047517e-07,1.391809778656357e-08
0.3068181818181818,0.234375,1.8450934232397356e-07,1.4476461894690872e-08
0.32954545454545453,0.234375,1.7521961119208489e-07,1.4952679169565903e-08
0.3522727272727273,0.234375,1.6323125028294272e-07,1.5347983736330798e-08
0.375,0.234375,1.4902199037970927e-07,1.5642875191396173e-08
0.3977272727272727,0.234375,1.328982132251263e-07,1.5887765506015042e-08
0.42045454545454547,0.234375,1.138464666126129e-07,1.609202924648424e-08
0.4431818181818182,0.234375,9.33127971359305e-08,1.6256763513271045e-08
0.4659090909090909,0.234375,7.155857131651622e-08,1.638060821481002e-08
0.48863636363636365,0.234375,4.8554891437843806e-08,1.6459401777499838e-08
0.5113636363636364,0.234375,2.362829757002549e-08,1.6452306176203177e-08
0.5340909090909091,0.234375,-1.3833591540514475e-09,1.6385162987597796e-08
0.5568181818181818,0.234375,-2.657799440445618e-08,1.6283088792554388e-08
0.5795454545454546,0.234375,-5.2278781559993765e-08,1.6146182983884467e-08
0.6022727272727273,0.234375,-7.816755522763407e-08,1.5970738454650014e-08
0.625,0.234375,-1.025023272117578e-07,1.576106388502382e-08
0.6477272727272727,0.234375,-1.260323087113318e-07,1.5494407909612807e-08
0.6704545454545454,0.234375,-1.4866830874675435e-07,1.512341841787475e-08
0.6931818181818182,0.234375,-1.691091228531698e-07,1.462975353293341e-08
0.7159090909090909,0.234375,-1.8688806763666957e-07,1.4054410063973225e-08
0.7386363636363636,0.234375,-2.0235518550383833e-07,1.3421352144657934e-08
0.7613636363636364,0.234375,-2.1463830951183054e-07,1.2710703614719779e-08
0.7840909090909091,0.234375,-2.2261149361765528e-07,1.1794077494926939e-08
0.8068181818181818,0.234375,-2.2650129485331847e-07,1.0700103468365432e-08
0.8295454545454546,0.234375,-2.2520334091160203e-07,9.465592603690285e-09
0.8522727272727273,0.234375,-2.1841260259448388e-07,8.188757231068284e-09
0.875,0.234375,-2.0605302079137679e-07,6.8982976261683266e-09
0.8977272727272727,0.234375,-1.8707531854371692e-07,5.449996177395113e-09
0.9204545454545454,0.234375,-1.6096840746388073e-07,4.046054021659958e-09
0.9431818181818182,0.234375,-1.258419636334198e-07,2.6951847124401872e-09
0.9659090909090909,0.234375,-8.131363234217976e-08,1.425982050401099e-09
0.9886363636363636,0.234375,-2.8985821854226905e-08,4.6378391453319933e-10
0.011363636363636364,0.24857954545454544,1.7875432145767073e-08,6.072394880733239e-10
0.03409090909090909,0.24857954545454544,5.236475916166838e-08,1.8764438802748697e-09
0.056818181818181816,0.24857954545454544,8.39440082719015e-08,3.305377090704065e-09
0.07954545454545454,0.24857954545454544,1.1164819884687638e-07,4.761551124417209e-09
0.10227272727272728,0.24857954545454544,1.3524228394090567e-07,6.2283255381569904e-09
0.125,0.24857954545454544,1.5567447219268526e-07,7.67451589428011e-09
0.14772727272727273,0.24857954545454544,1.720566161836001e-07,9.006156234715877e-09
0.17045454545454544,0.24857954545454544,1.8541280551551037e-07,1.0303675763044388e-08
0.19318181818181818,0.24857954545454544,1.953516990000518e-07,1.146840960710156e-08
0.2159090909090909,0.24857954545454544,2.0166798028411702e-07,1.25504442507647e-08
0.23863636363636365,0.24857954545454544,2.0452005916002375e-07,1.3554251818689057e-08
0.26136363636363635,0.24857954545454544,2.0385764754893904e-07,1.4364316402427332e-08
0.2840909090909091,0.24857954545454544,1.9993456377976413e-07,1.5078532439752704e-08
0.3068181818181818,0.24857954545454544,1.9329066456210605e-07,1.569639334219684e-08
0.32954545454545453,0.24857954545454544,1.840958216758252e-07,1.6211726210626444e-08
0.3522727272727273,0.24857954545454544,1.7133752037862288e-07,1.6605772376896068e-08
0.375,0.24857954545454544,1.5621356733380503e-07,1.6926133644555894e-08
0.3977272727272727,0.24857954545454544,1.3900399258939728e-07,1.718346381662522e-08
0.42045454545454547,0.24857954545454544,1.1980531585793766e-07,1.739911470744298e-08
0.4431818181818182,0.24857954545454544,9.809144983834852e-08,1.7570939382661496e-08
0.4659090909090909,0.24857954545454544,7.489086718203696e-08,1.77050707345716e-08
0.48863636363636365,0.24857954545454544,5.0402177872527035e-08,1.7791809230759648e-08
0.5113636363636364,0.24857954545454544,2.534406584341272e-08,1.7782563619666617e-08
0.5340909090909091,0.24857954545454544,-1.2662757488190452e-09,1.7695462449666193e-08
0.5568181818181818,0.24857954545454544,-2.8175688889899445e-08,1.7583003668620264e-08
0.5795454545454546,0.24857954545454544,-5.5206139263550575e-08,1.7436115169006047e-08
0.6022727272727273,0.24857954545454544,-8.148191905824856e-08,1.725485170451777e-08
0.625,0.24857954545454544,-1.0748997844522555e-07,1.7034710459610056e-08
0.6477272727272727,0.24857954545454544,-1.3259165981512832e-07,1.6761802782139696e-08
0.6704545454545454,0.24857954545454544,-1.5590643587542902e-07,1.637875017636266e-08
0.6931818181818182,0.24857954545454544,-1.7707226409365944e-07,1.585413637172168e-08
0.7159090909090909,0.24857954545454544,-1.9604757375560815e-07,1.5236579741094034e-08
0.7386363636363636,0.24857954545454544,-2.124830378526508e-07,1.4538278004967183e-08
0.7613636363636364,0.24857954545454544,-2.2517419900018654e-07,1.3833324162028332e-08
0.7840909090909091,0.24857954545454544,-2.3351074009846286e-07,1.2798284420466812e-08
0.8068181818181818,0.24857954545454544,-2.3746402575740863e-07,1.1598146818814146e-08
0.8295454545454546,0.24857954545454544,-2.361517801044534e-07,1.0335420329097821e-08
0.8522727272727273,0.24857954545454544,-2.2918544898207454e-07,8.988054418763821e-09
0.875,0.24857954545454544,-2.1603466178169288e-07,7.532629018505554e-09
0.8977272727272727,0.24857954545454544,-1.9633421830839857e-07,6.038811226472982e-09
0.9204545454545454,0.24857954545454544,-1.689549280052166e-07,4.468018314865219e-09
0.9431818181818182,0.24857954545454544,-1.316629365094902e-07,2.9681749519731624e-09
0.9659090909090909,0.24857954545454544,-8.621145290158801e-08,1.652536347208109e-09
0.9886363636363636,0.24857954545454544,-2.9752281227464416e-08,4.978448418516202e-10
0.011363636363636364,0.2627840909090909,1.8746683666724942e-08,6.730531111173483e-10
0.03409090909090909,0.2627840909090909,5.5111652165112694e-08,2.1065186424780805e-09
0.056818181818181816,0.2627840909090909,8.751330132545731e-08,3.6210736996998324e-09
0.07954545454545454,0.2627840909090909,1.1675651702907094e-07,5.237308224602995e-09
0.10227272727272728,0.2627840909090909,1.4164477223135423e-07,6.8415212424829074e-09
0.125,0.2627840909090909,1.6242618217305214e-07,8.366107581372028e-09
0.14772727272727273,0.2627840909090909,1.8012869881789155e-07,9.86353727285898e-09
0.17045454545454544,0.2627840909090909,1.9378599956062001e-07,1.1204755290623075e-08
0.19318181818181818,0.2627840909090909,2.0417925612664637e-07,1.2498081007991089e-08
0.2159090909090909,0.2627840909090909,2.110288681231746e-07,1.3595910255516681e-08
0.23863636363636365,0.2627840909090909,2.1359341777679772e-07,1.468124200888525e-08
0.26136363636363635,0.2627840909090909,2.1305423380689404e-07,1.5560430131931807e-08
0.2840909090909091,0.2627840909090909,2.0939196042899576e-07,1.6374595621120276e-08
0.3068181818181818,0.2627840909090909,2.0230014616376435e-07,1.700428654307448e-08
0.32954545454545453,0.2627840909090909,1.9207051975156715e-07,1.7515356543117482e-08
0.3522727272727273,0.2627840909090909,1.7945217150445656e-07,1.7946210925235984e-08
0.375,0.2627840909090909,1.6355518160770978e-07,1.8296646575699374e-08
0.3977272727272727,0.2627840909090909,1.4518748902552967e-07,1.854343819173419e-08
0.42045454545454547,0.2627840909090909,1.2502013352954985e-07,1.875467401253308e-08
0.4431818181818182,0.2627840909090909,1.0289575020646387e-07,1.893553724363148e-08
0.4659090909090909,0.2627840909090909,7.828171387543386e-08,1.9073296393750786e-08
0.48863636363636365,0.2627840909090909,5.2747924038365774e-08,1.9144792252098095e-08
0.5113636363636364,0.2627840909090909,2.6197137911586132e-08,1.913089889437875e-08
0.5340909090909091,0.2627840909090909,-1.0100463831586575e-09,1.9044383815973994e-08
0.5568181818181818,0.2627840909090909,-2.9662069446234026e-08,1.8930750153685998e-08
0.5795454545454546,0.2627840909090909,-5.7560454601623686e-08,1.876634320179457e-08
0.6022727272727273,0.2627840909090909,-8.508339340723639e-08,1.857655891927198e-08
0.625,0.2627840909090909,-1.1250584574049347e-07,1.8351723375314438e-08
0.6477272727272727,0.2627840909090909,-1.3863996459223814e-07,1.807399475028155e-08
0.6704545454545454,0.2627840909090909,-1.6275895599346017e-07,1.7648763881663018e-08
0.6931818181818182,0.2627840909090909,-1.8512925307201155e-07,1.7119119613675308e-08
0.7159090909090909,0.2627840909090909,-2.0534667020959532e-07,1.650275623077019e-08
0.7386363636363636,0.2627840909090909,-2.2194049211647134e-07,1.574649584885375e-08
0.7613636363636364,0.2627840909090909,-2.3500527574191655e-07,1.4938567684080765e-08
0.7840909090909091,0.2627840909090909,-2.446039637825875e-07,1.381306709815983e-08
0.8068181818181818,0.2627840909090909,-2.481654172576921e-07,1.2613742013558081e-08
0.8295454545454546,0.2627840909090909,-2.4685001959466105e-07,1.1245894341949204e-08
0.8522727272727273,0.2627840909090909,-2.396527556188797e-07,9.81195473153424e-09
0.875,0.2627840909090909,-2.2587506300059858e-07,8.270938107985076e-09
0.8977272727272727,0.2627840909090909,-2.0524899212444922e-07,6.604172031572578e-09
0.9204545454545454,0.2627840909090909,-1.765262945994174e-07,4.941817873657214e-09
0.9431818181818182,0.2627840909090909,-1.380787400550766e-07,3.321291252477273e-09
0.9659090909090909,0.2627840909090909,-8.936772498918875e-08,1.7906841686601629e-09
0.9886363636363636,0.2627840909090909,-3.19574831505497e-08,5.958424984102201e-10
0.011363636363636364,0.27698863636363635,1.9301510605011658e-08,7.255392201684235e-10
0.03409090909090909,0.27698863636363635,5.721466344240886e-08,2.3016837197381253e-09
0.056818181818181816,0.27698863636363635,9.155554485665229e-08,4.011314251357366e-09
0.07954545454545454,0.27698863636363635,1.2169256541167203e-07,5.743241883815646e-09
0.10227272727272728,0.27698863636363635,1.4745587584958304e-07,7.46362011990159e-09
0.125,0.27698863636363635,1.697104827863408e-07,9.169548975683615e-09
0.14772727272727273,0.27698863636363635,1.8751192469701238e-07,1.0705561170245866e-08
0.17045454545454544,0.27698863636363635,2.021520822220529e-07,1.2214452821290424e-08
0.19318181818181818,0.27698863636363635,2.128460819308133e-07,1.3523050500174875e-08
0.2159090909090909,0.27698863636363635,2.1994990333536575e-07,1.4770167163942341e-08
0.23863636363636365,0.27698863636363635,2.2259095733367615e-07,1.58257626952237e-08
0.26136363636363635,0.27698863636363635,2.2178108931180212e-07,1.678819430986047e-08
0.2840909090909091,0.27698863636363635,2.1842826267954076e-07,1.7676418539551567e-08
0.3068181818181818,0.27698863636363635,2.1090981533500623e-07,1.829566091256912e-08
0.32954545454545453,0.27698863636363635,2.0011016768997277e-07,1.883697554500047e-08
0.3522727272727273,0.27698863636363635,1.8670111891019585e-07,1.9296440860687185e-08
0.375,0.27698863636363635,1.7089936516225647e-07,1.966914612033483e-08
0.3977272727272727,0.27698863636363635,1.5146638847761318e-07,1.99145186230876e-08
0.42045454545454547,0.27698863636363635,1.3014488578885124e-07,2.013636605594303e-08
0.4431818181818182,0.27698863636363635,1.0684806193611674e-07,2.0310408957199322e-08
0.4659090909090909,0.27698863636363635,8.207896450465238e-08,2.045192298135413e-08
0.48863636363636365,0.27698863636363635,5.520479821007846e-08,2.0555486070917242e-08
0.5113636363636364,0.27698863636363635,2.7210045589260907e-08,2.049584753184207e-08
0.5340909090909091,0.27698863636363635,-1.6013837128484468e-09,2.0416240187390203e-08
0.5568181818181818,0.27698863636363635,-3.03698785373781e-08,2.0297694961653872e-08
0.5795454545454546,0.27698863636363635,-5.986695308532268e-08,2.012074119248326e-08
0.6022727272727273,0.27698863636363635,-8.904509790815304e-08,1.9916654455582333e-08
0.625,0.27698863636363635,-1.173271199851158e-07,1.9683431730721513e-08
0.6477272727272727,0.27698863636363635,-1.4420650750109802e-07,1.93952461475822e-08
0.6704545454545454,0.27698863636363635,-1.6967907573789678e-07,1.8979482189014203e-08
0.6931818181818182,0.27698863636363635,-1.9322939991516688e-07,1.8387950239817444e-08
0.7159090909090909,0.27698863636363635,-2.1405999514865829e-07,1.7770407607373356e-08
0.7386363636363636,0.27698863636363635,-2.3098477389178633e-07,1.6982868588653277e-08
0.7613636363636364,0.27698863636363635,-2.448976575999874e-07,1.605787779207045e-08
0.7840909090909091,0.27698863636363635,-2.548420425495934e-07,1.4975809899900767e-08
0.8068181818181818,0.27698863636363635,-2.589375307016615e-07,1.364767319320507e-08
0.8295454545454546,0.27698863636363635,-2.5726748802711434e-07,1.2252635915294658e-08
0.8522727272727273,0.27698863636363635,-2.496867168892049e-07,1.0679917038450356e-08
0.875,0.27698863636363635,-2.3560240962720426e-07,9.029559293200963e-09
0.8977272727272727,0.27698863636363635,-2.138701164222674e-07,7.267379817036351e-09
0.9204545454545454,0.27698863636363635,-1.8413001602769623e-07,5.427166452840771e-09
0.9431818181818182,0.27698863636363635,-1.435352520686542e-07,3.650773274931183e-09
0.9659090909090909,0.27698863636363635,-9.404074525602983e-08,2.058730595176803e-09
0.9886363636363636,0.27698863636363635,-3.2105729379047435e-08,6.042386692211735e-10
0.011363636363636364,0.2911931818181818,2.0491481398391467e-08,8.3810934342486e-10
0.03409090909090909,0.2911931818181818,5.951316884966729e-08,2.5345090484670104e-09
0.056818181818181816,0.2911931818181818,9.492646727146004e-08,4.381070524944493e-09
0.07954545454545454,0.2911931818181818,1.265768628617788e-07,6.285178202209176e-09
0.10227272727272728,0.2911931818181818,1.5349187467535785e-07,8.171254103730747e-09
0.125,0.2911931818181818,1.760603292791502e-07,9.938018644968399e-09
0.14772727272727273,0.2911931818181818,1.9533781203391865e-07,1.168597415220533e-08
0.17045454545454544,0.2911931818181818,2.099794908859723e-07,1.3198432240166902e-08
0.19318181818181818,0.2911931818181818,2.2130332475572676e-07,1.4682167497476228e-08
0.2159090909090909,0.2911931818181818,2.28812195555146e-07,1.5966171469315876e-08
0.23863636363636365,0.2911931818181818,2.3141091169128932e-07,1.7078997701250493e-08
0.26136363636363635,0.2911931818181818,2.3098431635226722e-07,1.8147444487479544e-08
0.2840909090909091,0.2911931818181818,2.2675566785082597e-07,1.8992312472612372e-08
0.3068181818181818,0.2911931818181818,2.1919542278916047e-07,1.9657645897138214e-08
0.32954545454545453,0.2911931818181818,2.0844106589400162e-07,2.0239259917428512e-08
0.3522727272727273,0.2911931818181818,1.942595818256145e-07,2.072499975505939e-08
0.375,0.2911931818181818,1.7714940278001273e-07,2.1080907551502274e-08
0.3977272727272727,0.2911931818181818,1.5791475172547132e-07,2.1359094321170614e-08
0.42045454545454547,0.2911931818181818,1.352688547171389e-07,2.159090398917606e-08
0.4431818181818182,0.2911931818181818,1.1109838941317927e-07,2.1733586307112248e-08
0.4659090909090909,0.2911931818181818,8.517643503050425e-08,2.185218680780916e-08
0.48863636363636365,0.2911931818181818,5.726489825098844e-08,2.19744294080305e-08
0.5113636363636364,0.2911931818181818,2.8380918622602834e-08,2.187464424446071e-08
0.5340909090909091,0.2911931818181818,-1.6627866682976173e-09,2.1812791776100927e-08
0.5568181818181818,0.2911931818181818,-3.175402092061946e-08,2.169173795959057e-08
0.5795454545454546,0.2911931818181818,-6.208281810900238e-08,2.1520951626120927e-08
0.6022727272727273,0.2911931818181818,-9.279308422516995e-08,2.1302415579349e-08
0.625,0.2911931818181818,-1.2173975038548678e-07,2.10381363273762e-08
0.6477272727272727,0.2911931818181818,-1.4992526368424633e-07,2.072478020772417e-08
0.6704545454545454,0.2911931818181818,-1.7665746100162288e-07,2.034579330769896e-08
0.6931818181818182,0.2911931818181818,-2.0110209061477808e-07,1.9679349032113718e-08
0.7159090909090909,0.2911931818181818,-2.2222279642269124e-07,1.9043095778988906e-08
0.7386363636363636,0.2911931818181818,-2.4015565293583133e-07,1.828632871195332e-08
0.7613636363636364,0.2911931818181818,-2.54570975212426e-07,1.7316867218862454e-08
0.7840909090909091,0.2911931818181818,-2.6510098248710046e-07,1.616226539530254e-08
0.8068181818181818,0.2911931818181818,-2.689872128161892e-07,1.4805799238187517e-08
0.8295454545454546,0.2911931818181818,-2.674530893232749e-07,1.3252279255027097e-08
0.8522727272727273,0.2911931818181818,-2.596636674225144e-07,1.1643133469042632e-08
0.875,0.2911931818181818,-2.446720014266227e-07,9.838432245710723e-09
0.8977272727272727,0.2911931818181818,-2.225973734936608e-07,7.949737183746699e-09
0.9204545454545454,0.2911931818181818,-1.9124777845616682e-07,5.984426991945871e-09
0.9431818181818182,0.2911931818181818,-1.494589070508578e-07,4.044511747473968e-09
0.9659090909090909,0.2911931818181818,-9.699412227399864e-08,2.2263229815193855e-09
0.9886363636363636,0.2911931818181818,-3.478683513423924e-08,7.560875365477681e-10
0.011363636363636364,0.3053977272727273,2.0668220093246043e-08,8.592251498595719e-10
0.03409090909090909,0.3053977272727273,6.182208405390287e-08,2.799050952300824e-09
0.056818181818181816,0.3053977272727273,9.865588029772805e-08,4.811582905532102e-09
0.07954545454545454,0.3053977272727273,1.3122259160191433e-07,6.872292541128933e-09
0.10227272727272728,0.3053977272727273,1.5904829206702795e-07,8.872334254721175e-09
0.125,0.3053977272727273,1.8292170004188512e-07,1.0851422051708163e-08
0.14772727272727273,0.3053977272727273,2.021955523950874e-07,1.261150392697483e-08
0.17045454545454544,0.3053977272727273,2.180220274268481e-07,1.4339558712623181e-08
0.19318181818181818,0.3053977272727273,2.2947070489235658e-07,1.5829917414739356e-08
0.2159090909090909,0.3053977272727273,2.3719355815080142e-07,1.722492582071937e-08
0.23863636363636365,0.3053977272727273,2.402037848657006e-07,1.836793099999029e-08
0.26136363636363635,0.3053977272727273,2.3943169629960506e-07,1.945744741101088e-08
0.2840909090909091,0.3053977272727273,2.3515979171648021e-07,2.0339233339549184e-08
0.3068181818181818,0.3053977272727273,2.2716159270849746e-07,2.1055321582724683e-08
0.32954545454545453,0.3053977272727273,2.1617376629524833e-07,2.1663363592684696e-08
0.3522727272727273,0.3053977272727273,2.0156091927820452e-07,2.2142006579411934e-08
0.375,0.3053977272727273,1.8344991948879997e-07,2.2500941351122148e-08
0.3977272727272727,0.3053977272727273,1.6364473515464288e-07,2.2803250987950764e-08
0.42045454545454547,0.3053977272727273,1.4056446905009943e-07,2.3046529509434003e-08
0.4431818181818182,0.3053977272727273,1.1518659641373167e-07,2.3196998601834166e-08
0.4659090909090909,0.3053977272727273,8.783488543367171e-08,2.3260660990179828e-08
0.48863636363636365,0.3053977272727273,5.958484418178053e-08,2.3369312984663495e-08
0.5113636363636364,0.3053977272727273,2.938704610184394e-08,2.330691572000696e-08
0.5340909090909091,0.3053977272727273,-1.3209682770151415e-09,2.324998969533175e-08
0.5568181818181818,0.3053977272727273,-3.30695943551333e-08,2.311824417937972e-08
0.5795454545454546,0.3053977272727273,-6.486606555547413e-08,2.2932759630828492e-08
0.6022727272727273,0.3053977272727273,-9.577541149237507e-08,2.2711994468437572e-08
0.625,0.3053977272727273,-1.2638945325466417e-07,2.2432589842304165e-08
0.6477272727272727,0.3053977272727273,-1.5578077710416382e-07,2.2067133036576267e-08
0.6704545454545454,0.3053977272727273,-1.8321905562731277e-07,2.1670150707155924e-08
0.6931818181818182,0.3053977272727273,-2.0808796902239457e-07,2.1016541207483908e-08
0.7159090909090909,0.3053977272727273,-2.3027457962698316e-07,2.036989611758876e-08
0.7386363636363636,0.3053977272727273,-2.491232907129965e-07,1.9562626941694273e-08
0.7613636363636364,0.3053977272727273,-2.6397263609942656e-07,1.8608516321117664e-08
0.7840909090909091,0.3053977272727273,-2.7470495155428577e-07,1.7398383455983628e-08
0.8068181818181818,0.3053977272727273,-2.790395358397396e-07,1.595262719080041e-08
0.8295454545454546,0.3053977272727273,-2.772766878373864e-07,1.438627397798142e-08
0.8522727272727273,0.3053977272727273,-2.690744563864427e-07,1.2597944154949855e-08
0.875,0.3053977272727273,-2.540140505497413e-07,1.0742555237335106e-08
0.8977272727272727,0.3053977272727273,-2.304924677969427e-07,8.687117144706582e-09
0.9204545454545454,0.3053977272727273,-1.9836554088463741e-07,6.54168753105097e-09
0.9431818181818182,0.3053977272727273,-1.5476780355181454e-07,4.460904991397757e-09
0.9659090909090909,0.3053977272727273,-1.011487651506368e-07,2.5244868671644515e-09
0.9886363636363636,0.3053977272727273,-3.478683513423924e-08,7.560875365477681e-10
0.011363636363636364,0.3196022727272727,2.212571710146987e-08,1.033359199735579e-09
0.03409090909090909,0.3196022727272727,6.370494378933802e-08,3.031184542746677e-09
0.056818181818181816,0.3196022727272727,1.0195169024389431e-07,5.26077920509395e-09
0.07954545454545454,0.3196022727272727,1.3588105996700222e-07,7.484573513953035e-09
0.10227272727272728,0.3196022727272727,1.647244752087344e-07,9.685025354257452e-09
0.125,0.3196022727272727,1.889994777878792e-07,1.1715852553644499e-08
0.14772727272727273,0.3196022727272727,2.0961478545626804e-07,1.372005978844417e-08
0.17045454545454544,0.3196022727272727,2.2539385795020105e-07,1.5445465246404852e-08
0.19318181818181818,0.3196022727272727,2.3752971025029632e-07,1.7088794659871276e-08
0.2159090909090909,0.3196022727272727,2.45367486562167e-07,1.8510921648391122e-08
0.23863636363636365,0.3196022727272727,2.4856795910575695e-07,1.9735871799898718e-08
0.26136363636363635,0.3196022727272727,2.476896874109998e-07,2.082670860126185e-08
0.2840909090909091,0.3196022727272727,2.433790892025604e-07,2.175559256699131e-08
0.3068181818181818,0.3196022727272727,2.3546974389270298e-07,2.253236416380385e-08
0.32954545454545453,0.3196022727272727,2.2350249320838718e-07,2.314009089527128e-08
0.3522727272727273,0.3196022727272727,2.0842629049161314e-07,2.363304094408556e-08
0.375,0.3196022727272727,1.90340178295548e-07,2.4017620391902225e-08
0.3977272727272727,0.3196022727272727,1.6906511367054667e-07,2.434232201423152e-08
0.42045454545454547,0.3196022727272727,1.4563682380042233e-07,2.4538089645979274e-08
0.4431818181818182,0.3196022727272727,1.1914526690342743e-07,2.4702371135005605e-08
0.4659090909090909,0.3196022727272727,9.111542526849927e-08,2.4754939580794633e-08
0.48863636363636365,0.3196022727272727,6.17352135455214e-08,2.477321462828084e-08
0.5113636363636364,0.3196022727272727,3.0225109190225156e-08,2.477121843039924e-08
0.5340909090909091,0.3196022727272727,-1.5340316777832351e-09,2.471425277452634e-08
0.5568181818181818,0.3196022727272727,-3.417046907828397e-08,2.4593152813292825e-08
0.5795454545454546,0.3196022727272727,-6.70650543230611e-08,2.438299181848159e-08
0.6022727272727273,0.3196022727272727,-9.89347451187337e-08,2.4154939739869433e-08
0.625,0.3196022727272727,-1.311172965077416e-07,2.3870181861098342e-08
0.6477272727272727,0.3196022727272727,-1.6069279273586719e-07,2.346696104964237e-08
0.6704545454545454,0.3196022727272727,-1.8978065025300265e-07,2.2994508106612884e-08
0.6931818181818182,0.3196022727272727,-2.1516572310885851e-07,2.2393994156829778e-08
0.7159090909090909,0.3196022727272727,-2.38178294845221e-07,2.173800778633593e-08
0.7386363636363636,0.3196022727272727,-2.5770228139013623e-07,2.093377306588485e-08
0.7613636363636364,0.3196022727272727,-2.7308741966961583e-07,1.992082590049186e-08
0.7840909090909091,0.3196022727272727,-2.841305770472592e-07,1.8660852270016485e-08
0.8068181818181818,0.3196022727272727,-2.885941381583527e-07,1.7193639997884703e-08
0.8295454545454546,0.3196022727272727,-2.8685367552124147e-07,1.5500304525059945e-08
0.8522727272727273,0.3196022727272727,-2.7856095213731244e-07,1.3707080991605483e-08
0.875,0.3196022727272727,-2.6242121793458525e-07,1.1642322209969624e-08
0.8977272727272727,0.3196022727272727,-2.386799653389967e-07,9.497546671558638e-09
0.9204545454545454,0.3196022727272727,-2.0515783259998516e-07,7.212290134556779e-09
0.9431818181818182,0.3196022727272727,-1.600666726741855e-07,4.891486105556518e-09
0.9659090909090909,0.3196022727272727,-1.0419218266719326e-07,2.761383822529003e-09
0.9886363636363636,0.3196022727272727,-3.714657694794516e-08,9.405860290064844e-10
0.011363636363636364,0.3338068181818182,2.2125717101469873e-08,1.0333591997355793e-09
0.03409090909090909,0.3338068181818182,6.618003390890732e-08,3.381367690741412e-09
0.056818181818181816,0.3338068181818182,1.0524845668570712e-07,5.723050101668743e-09
0.07954545454545454,0.3338068181818182,1.4026144212586116e-07,8.16952683710794e-09
0.10227272727272728,0.3338068181818182,1.7003137887153035e-07,1.047689631000285e-08
0.125,0.3338068181818182,1.9544736232239425e-07,1.2755732383681918e-08
0.14772727272727273,0.3338068181818182,2.1614519725218676e-07,1.4766135440713138e-08
0.17045454545454544,0.3338068181818182,2.3305135717826204e-07,1.6702214204332592e-08
0.19318181818181818,0.3338068181818182,2.4520599285031343e-07,1.8361420568218133e-08
0.2159090909090909,0.3338068181818182,2.533551060078648e-07,1.987636252504339e-08
0.23863636363636365,0.3338068181818182,2.56835871464561e-07,2.1197588529599257e-08
0.26136363636363635,0.3338068181818182,2.557966758937526e-07,2.2278857334763476e-08
0.2840909090909091,0.3338068181818182,2.512718863196746e-07,2.324422661209052e-08
0.3068181818181818,0.3338068181818182,2.4326787150112146e-07,2.4033002548019727e-08
0.32954545454545453,0.3338068181818182,2.308585680052497e-07,2.46464258710159e-08
0.3522727272727273,0.3338068181818182,2.1506656561994832e-07,2.5150384416585514e-08
0.375,0.3338068181818182,1.9634180077197544e-07,2.5572544358104295e-08
0.3977272727272727,0.3338068181818182,1.7466865112249424e-07,2.5906397206535013e-08
0.42045454545454547,0.3338068181818182,1.5028856362116834e-07,2.605010609797169e-08
0.4431818181818182,0.3338068181818182,1.234370743852868e-07,2.622005756817523e-08
0.4659090909090909,0.3338068181818182,9.41346001680144e-08,2.627344354178121e-08
0.48863636363636365,0.3338068181818182,6.33970899928155e-08,2.6285967799650633e-08
0.5113636363636364,0.3338068181818182,3.1608757171787825e-08,2.6275327740650295e-08
0.5340909090909091,0.3338068181818182,-1.783562090933985e-09,2.6196009650977756e-08
0.5568181818181818,0.3338068181818182,-3.540765153995914e-08,2.6065098170586143e-08
0.5795454545454546,0.3338068181818182,-6.901526943471452e-08,2.5842199333365743e-08
0.6022727272727273,0.3338068181818182,-1.0258468015260575e-07,2.559586550677813e-08
0.625,0.3338068181818182,-1.3493168406001832e-07,2.5320638892931958e-08
0.6477272727272727,0.3338068181818182,-1.6620518793728326e-07,2.4918607158963805e-08
0.6704545454545454,0.3338068181818182,-1.9563386410646328e-07,2.442176957964912e-08
0.6931818181818182,0.3338068181818182,-2.2222212944839365e-07,2.3820814672139102e-08
0.7159090909090909,0.3338068181818182,-2.4624359797693983e-07,2.3109613457057654e-08
0.7386363636363636,0.3338068181818182,-2.661723994700762e-07,2.2304636326554782e-08
0.7613636363636364,0.3338068181818182,-2.8176864728241394e-07,2.1286578307950787e-08
0.7840909090909091,0.3338068181818182,-2.932938886125288e-07,1.9969991058631257e-08
0.8068181818181818,0.3338068181818182,-2.9801108125524894e-07,1.8463647007231963e-08
0.8295454545454546,0.3338068181818182,-2.961582278111152e-07,1.675237376860738e-08
0.8522727272727273,0.3338068181818182,-2.8734551884830576e-07,1.4767246448715932e-08
0.875,0.3338068181818182,-2.711919615316163e-07,1.2694167676561134e-08
0.8977272727272727,0.3338068181818182,-2.461622140885579e-07,1.0343558192396238e-08
0.9204545454545454,0.3338068181818182,-2.1184397276781242e-07,7.891016760349621e-09
0.9431818181818182,0.3338068181818182,-1.6537716074864402e-07,5.437085133517577e-09
0.9659090909090909,0.3338068181818182,-1.0772059387792734e-07,3.079852313376376e-09
0.9886363636363636,0.3338068181818182,-3.742817303320974e-08,9.626028669977555e-10
0.011363636363636364,0.34801136363636365,2.3601283378350256e-08,1.2575703149860288e-09
0.03409090909090909,0.34801136363636365,6.780745939171664e-08,3.6278887607819184e-09
0.056818181818181816,0.34801136363636365,1.0861597078546386e-07,6.284570760744742e-09
0.07954545454545454,0.34801136363636365,1.44666149287499e-07,8.86093038902079e-09
0.10227272727272728,0.34801136363636365,1.7535825631792665e-07,1.141283053451324e-08
0.125,0.34801136363636365,2.012742185859246e-07,1.3737788739240574e-08
0.14772727272727273,0.34801136363636365,2.2310685888187705e-07,1.6004331579496163e-08
0.17045454545454544,0.34801136363636365,2.3999366147284075e-07,1.7947980698969037e-08
0.19318181818181818,0.34801136363636365,2.528723512493304e-07,1.9733367444203357e-08
0.2159090909090909,0.34801136363636365,2.6111180047038006e-07,2.1285470687564962e-08
0.23863636363636365,0.34801136363636365,2.6476795646048814e-07,2.267776785138072e-08
0.26136363636363635,0.34801136363636365,2.6397579318405946e-07,2.3778916357059394e-08
0.2840909090909091,0.34801136363636365,2.592955141248403e-07,2.4783374116071507e-08
0.3068181818181818,0.34801136363636365,2.503135920727343e-07,2.556888568657065e-08
0.32954545454545453,0.34801136363636365,2.3800891684808333e-07,2.6220347571565995e-08
0.3522727272727273,0.34801136363636365,2.2211221061735765e-07,2.6749949088794535e-08
0.375,0.34801136363636365,2.0258364209426683e-07,2.71893907977348e-08
0.3977272727272727,0.34801136363636365,1.798791539699168e-07,2.7477943530731923e-08
0.42045454545454547,0.34801136363636365,1.5467419850142977e-07,2.7629352159840975e-08
0.4431818181818182,0.34801136363636365,1.2722236886115032e-07,2.776252976655057e-08
0.4659090909090909,0.34801136363636365,9.70661410592617e-08,2.7801155826903012e-08
0.48863636363636365,0.34801136363636365,6.529505906057807e-08,2.7803860511072526e-08
0.5113636363636364,0.34801136363636365,3.2434958718059574e-08,2.7776284455988816e-08
0.5340909090909091,0.34801136363636365,-1.7804870079013053e-09,2.7695847882232794e-08
0.5568181818181818,0.34801136363636365,-3.6515211611508055e-08,2.753406287117009e-08
0.5795454545454546,0.34801136363636365,-7.087445059207066e-08,2.7342001139085514e-08
0.6022727272727273,0.34801136363636365,-1.0578660560609917e-07,2.7118273758958414e-08
0.625,0.34801136363636365,-1.3914675176086062e-07,2.678853475375869e-08
0.6477272727272727,0.34801136363636365,-1.7157522122754117e-07,2.6385050734183205e-08
0.6704545454545454,0.34801136363636365,-2.0126838764968952e-07,2.585713070282286e-08
0.6931818181818182,0.34801136363636365,-2.2918052161199377e-07,2.525151740304424e-08
0.7159090909090909,0.34801136363636365,-2.53769285381599e-07,2.4500485811947552e-08
0.7386363636363636,0.34801136363636365,-2.7368446140409383e-07,2.366052741089654e-08
0.7613636363636364,0.34801136363636365,-2.905887791522086e-07,2.265876312349688e-08
0.7840909090909091,0.34801136363636365,-3.0213655985040005e-07,2.1335610532723923e-08
0.8068181818181818,0.34801136363636365,-3.070934289502441e-07,1.97974074390247e-08
0.8295454545454546,0.34801136363636365,-3.051148800990845e-07,1.8014734833370138e-08
0.8522727272727273,0.34801136363636365,-2.9627128485178813e-07,1.6028344416581107e-08
0.875,0.34801136363636365,-2.7913930113290794e-07,1.3709787638976627e-08
0.8977272727272727,0.34801136363636365,-2.5381105774750953e-07,1.1297551215875524e-08
0.9204545454545454,0.34801136363636365,-2.183018484298613e-07,8.668315152471383e-09
0.9431818181818182,0.34801136363636365,-1.7018765704477868e-07,5.934547974564611e-09
0.9659090909090909,0.34801136363636365,-1.1099475683644551e-07,3.418358038172095e-09
0.9886363636363636,0.34801136363636365,-3.912851402147066e-08,1.1383393727262735e-09
0.011363636363636364,0.3622159090909091,2.3677824146296876e-08,1.26920062343935e-09
0.03409090909090909,0.3622159090909091,7.031349501293096e-08,4.0671355629498205e-09
0.056818181818181816,0.3622159090909091,1.1161676499861813e-07,6.801658794876166e-09
0.07954545454545454,0.3622159090909091,1.4884616944352176e-07,9.667672660037233e-09
0.10227272727272728,0.3622159090909091,1.8045760060207228e-07,1.2323133449912591e-08
0.125,0.3622159090909091,2.0728612971093951e-07,1.4910697463692665e-08
0.14772727272727273,0.3622159090909091,2.29376476614595e-07,1.7202752993188356e-08
0.17045454545454544,0.3622159090909091,2.472610683805403e-07,1.9334266091002932e-08
0.19318181818181818,0.3622159090909091,2.6016433740883615e-07,2.1149916217486738e-08
0.2159090909090909,0.3622159090909091,2.6877620360958276e-07,2.275587192977679e-08
0.23863636363636365,0.3622159090909091,2.724599180617945e-07,2.4198784704396478e-08
0.26136363636363635,0.3622159090909091,2.716188569217402e-07,2.5326254746852428e-08
0.2840909090909091,0.3622159090909091,2.669578265307643e-07,2.6344323304421224e-08
0.3068181818181818,0.3622159090909091,2.5767370176292785e-07,2.716669644562399e-08
0.32954545454545453,0.3622159090909091,2.448250993406789e-07,2.7836894515541037e-08
0.3522727272727273,0.3622159090909091,2.286026218154338e-07,2.837812493150544e-08
0.375,0.3622159090909091,2.0867039756567294e-07,2.881157550894492e-08
0.3977272727272727,0.3622159090909091,1.851647548888468e-07,2.9062042930893612e-08
0.42045454545454547,0.3622159090909091,1.5913181588558358e-07,2.923090315443105e-08
0.4431818181818182,0.3622159090909091,1.3059437242492896e-07,2.9333089577544876e-08
0.4659090909090909,0.3622159090909091,1.0018492410194957e-07,2.937734237904308e-08
0.48863636363636365,0.3622159090909091,6.74017372863259e-08,2.9366421835493468e-08
0.5113636363636364,0.3622159090909091,3.311821493577715e-08,2.931827547507098e-08
0.5340909090909091,0.3622159090909091,-1.7664413990588874e-09,2.9220953542563105e-08
0.5568181818181818,0.3622159090909091,-3.7365842258741726e-08,2.904542763878141e-08
0.5795454545454546,0.3622159090909091,-7.336900315944209e-08,2.88876883500321e-08
0.6022727272727273,0.3622159090909091,-1.0866030033930027e-07,2.8663428106639576e-08
0.625,0.3622159090909091,-1.4350949826206254e-07,2.8277846113748522e-08
0.6477272727272727,0.3622159090909091,-1.7623235522937735e-07,2.7885951636617e-08
0.6704545454545454,0.3622159090909091,-2.0732150299999188e-07,2.7356930094492324e-08
0.6931818181818182,0.3622159090909091,-2.3606490727695828e-07,2.6744550591214298e-08
0.7159090909090909,0.3622159090909091,-2.6103710311417717e-07,2.6000992582105354e-08
0.7386363636363636,0.3622159090909091,-2.8231248860095396e-07,2.5138585856146798e-08
0.7613636363636364,0.3622159090909091,-2.984201260152191e-07,2.4066647280788004e-08
0.7840909090909091,0.3622159090909091,-3.1090832680270585e-07,2.2734519749001735e-08
0.8068181818181818,0.3622159090909091,-3.158950780862334e-07,2.120639509227704e-08
0.8295454545454546,0.3622159090909091,-3.139674660785063e-07,1.938235569856263e-08
0.8522727272727273,0.3622159090909091,-3.0456686933073847e-07,1.724793035222175e-08
0.875,0.3622159090909091,-2.873182301809541e-07,1.49224784177729e-08
0.8977272727272727,0.3622159090909091,-2.609089873688069e-07,1.2266557207998062e-08
0.9204545454545454,0.3622159090909091,-2.2456770962902367e-07,9.48309882807624e-09
0.9431818181818182,0.3622159090909091,-1.7536816032423578e-07,6.611059416502774e-09
0.9659090909090909,0.3622159090909091,-1.1388824784693074e-07,3.741810294720726e-09
0.9886363636363636,0.3622159090909091,-3.9924115493312135e-08,1.2205677160875e-09
0.011363636363636364,0.37642045454545453,2.4760834272385235e-08,1.4798952641037865e-09
0.03409090909090909,0.37642045454545453,7.184353394733519e-08,4.364881429406732e-09
0.056818181818181816,0.37642045454545453,1.1492934249029018e-07,7.476318034324577e-09
0.07954545454545454,0.37642045454545453,1.529914639399588e-07,1.0470503131533455e-08
0.10227272727272728,0.37642045454545453,1.853899626358166e-07,1.3379145738910907e-08
0.125,0.37642045454545453,2.129176181802286e-07,1.6050274121372413e-08
0.14772727272727273,0.37642045454545453,2.3584582915294347e-07,1.85631128576279e-08
0.17045454545454544,0.37642045454545453,2.53799619049237e-07,2.0725334828904013e-08
0.19318181818181818,0.37642045454545453,2.674841175496164e-07,2.265689758173243e-08
0.2159090909090909,0.37642045454545453,2.7624233280659245e-07,2.4316422460132566e-08
0.23863636363636365,0.37642045454545453,2.799051333301935e-07,2.5755040380035623e-08
0.26136363636363635,0.37642045454545453,2.7881166943807825e-07,2.691773339811147e-08
0.2840909090909091,0.37642045454545453,2.7384930748479667e-07,2.7945313906292312e-08
0.3068181818181818,0.37642045454545453,2.6511665432170075e-07,2.8819305839577978e-08
0.32954545454545453,0.37642045454545453,2.5196742620525364e-07,2.9515876959920484e-08
0.3522727272727273,0.37642045454545453,2.3456866668141365e-07,3.00356036061918e-08
0.375,0.37642045454545453,2.140958268233256e-07,3.044782925627637e-08
0.3977272727272727,0.37642045454545453,1.9071611352576967e-07,3.0722137967070323e-08
0.42045454545454547,0.37642045454545453,1.6370292070056731e-07,3.086762004868338e-08
0.4431818181818182,0.37642045454545453,1.3413539236773435e-07,3.094183313323148e-08
0.4659090909090909,0.37642045454545453,1.0261963800799393e-07,3.096225972234248e-08
0.48863636363636365,0.37642045454545453,6.942536363572922e-08,3.094136659047402e-08
0.5113636363636364,0.37642045454545453,3.408471131435921e-08,3.0877664660783206e-08
0.5340909090909091,0.37642045454545453,-1.947071319518947e-09,3.075972240838711e-08
0.5568181818181818,0.37642045454545453,-3.839911573553305e-08,3.0599362940416594e-08
0.5795454545454546,0.37642045454545453,-7.532176283608477e-08,3.0433303961182025e-08
0.6022727272727273,0.37642045454545453,-1.1196448823388595e-07,3.01937697551489e-08
0.625,0.37642045454545453,-1.4714947856883792e-07,2.981120749695514e-08
0.6477272727272727,0.37642045454545453,-1.810632621361057e-07,2.938591015810697e-08
0.6704545454545454,0.37642045454545453,-2.1347993526669698e-07,2.8878745839641038e-08
0.6931818181818182,0.37642045454545453,-2.419789189061988e-07,2.8243831193251636e-08
0.7159090909090909,0.37642045454545453,-2.6778363521911634e-07,2.7508151961353502e-08
0.7386363636363636,0.37642045454545453,-2.898646449937464e-07,2.6628830984973992e-08
0.7613636363636364,0.37642045454545453,-3.0644254646762736e-07,2.553513492403242e-08
0.7840909090909091,0.37642045454545453,-3.192952813118979e-07,2.4287588276209374e-08
0.8068181818181818,0.37642045454545453,-3.245212576323063e-07,2.26699232880893e-08
0.8295454545454546,0.37642045454545453,-3.223038103032162e-07,2.0807934652332358e-08
0.8522727272727273,0.37642045454545453,-3.129202870094652e-07,1.864611669433151e-08
0.875,0.37642045454545453,-2.948776560471229e-07,1.608597422342832e-08
0.8977272727272727,0.37642045454545453,-2.6804863206071467e-07,1.3399845335044881e-08
0.9204545454545454,0.37642045454545453,-2.3069169367555648e-07,1.0393376174172346e-08
0.9431818181818182,0.37642045454545453,-1.7991009638336765e-07,7.231862276145743e-09
0.9659090909090909,0.37642045454545453,-1.1737579565022007e-07,4.2277124019913406e-09
0.9886363636363636,0.37642045454545453,-4.1020524590485733e-08,1.3778020388173628e-09
0.011363636363636364,0.390625,2.512939989415877e-08,1.5515980112621307e-09
0.03409090909090909,0.390625,7.421708826889696e-08,4.8763934041870325e-09
0.056818181818181816,0.390625,1.1776457294000298e-07,8.09419199295399e-09
0.07954545454545454,0.390625,1.5700763758826015e-07,1.1397964402946243e-08
0.10227272727272728,0.390625,1.9033873368499963e-07,1.4449919590836216e-08
0.125,0.390625,2.1843578643722915e-07,1.7340633266927834e-08
0.14772727272727273,0.390625,2.418964245764274e-07,1.9930179550231856e-08
0.17045454545454544,0.390625,2.6063922121451873e-07,2.223243636509911e-08
0.19318181818181818,0.390625,2.740560234177251e-07,2.417146901808826e-08
0.2159090909090909,0.390625,2.8364055970779834e-07,2.5885094102873958e-08
0.23863636363636365,0.390625,2.867935509397629e-07,2.7384685197595246e-08
0.26136363636363635,0.390625,2.863954642724239e-07,2.8616312364183933e-08
0.2840909090909091,0.390625,2.8125171602926296e-07,2.9658829249715437e-08
0.3068181818181818,0.390625,2.720575595867939e-07,3.054458400116813e-08
0.32954545454545453,0.390625,2.585158641841675e-07,3.122210493808939e-08
0.3522727272727273,0.390625,2.408591798748261e-07,3.1748557934991135e-08
0.375,0.390625,2.196496103667551e-07,3.2132068436899926e-08
0.3977272727272727,0.390625,1.9542890623245718e-07,3.23973767892801e-08
0.42045454545454547,0.390625,1.6821287405568338e-07,3.254189061971426e-08
0.4431818181818182,0.390625,1.3791055234716732e-07,3.260207532001444e-08
0.4659090909090909,0.390625,1.0526148423494289e-07,3.259949765537999e-08
0.48863636363636365,0.390625,7.088023145865877e-08,3.2553540602704646e-08
0.5113636363636364,0.390625,3.5389185721768e-08,3.248458587635375e-08
0.5340909090909091,0.390625,-1.9262807009211693e-09,3.234293995966581e-08
0.5568181818181818,0.390625,-3.97385863105591e-08,3.217238364960984e-08
0.5795454545454546,0.390625,-7.739783687965947e-08,3.198155395872472e-08
0.6022727272727273,0.390625,-1.1457329827181107e-07,3.1723112434788485e-08
0.625,0.390625,-1.5101963517107065e-07,3.1360204570890846e-08
0.6477272727272727,0.390625,-1.8624097067799027e-07,3.092900571273813e-08
0.6704545454545454,0.390625,-2.1861430459667745e-07,3.04181128017402e-08
0.6931818181818182,0.390625,-2.4840097479832084e-07,2.980798476965458e-08
0.7159090909090909,0.390625,-2.753489427105775e-07,2.909338854913258e-08
0.7386363636363636,0.390625,-2.9739120682960823e-07,2.8213625930692985e-08
0.7613636363636364,0.390625,-3.146121908711285e-07,2.710594869594884e-08
0.7840909090909091,0.390625,-3.276560130197672e-07,2.5838880355603634e-08
0.8068181818181818,0.390625,-3.3260640779457615e-07,2.4202546262376763e-08
0.8295454545454546,0.390625,-3.306374003821627e-07,2.229976447011688e-08
0.8522727272727273,0.390625,-3.2081150475699263e-07,2.0054908892665018e-08
0.875,0.390625,-3.024952530760617e-07,1.7477772004183085e-08
0.8977272727272727,0.390625,-2.7475820158657555e-07,1.451427614480087e-08
0.9204545454545454,0.390625,-2.365932290570823e-07,1.1396003579517863e-08
0.9431818181818182,0.390625,-1.8481002040853865e-07,8.039475310515038e-09
0.9659090909090909,0.390625,-1.1984461070271946e-07,4.577277487068858e-09
0.9886363636363636,0.390625,-4.224064728475949e-08,1.5527779360221734e-09
0.011363636363636364,0.40482954545454547,2.5874200033233845e-08,1.7364575014416168e-09
0.03409090909090909,0.40482954545454547,7.567309097769331e-08,5.236107539222017e-09
0.056818181818181816,0.40482954545454547,1.2091672481957693e-07,8.872928039659611e-09
0.07954545454545454,0.40482954545454547,1.6095617844730482e-07,1.234672078701217e-08
0.10227272727272728,0.40482954545454547,1.9488303890935468e-07,1.5623179273936273e-08
0.125,0.40482954545454547,2.2384473060336317e-07,1.865720881143373e-08
0.14772727272727273,0.40482954545454547,2.4786779870716665e-07,2.138368886286601e-08
0.17045454545454544,0.40482954545454547,2.6718053882571967e-07,2.3767574041081245e-08
0.19318181818181818,0.40482954545454547,2.812792871123046e-07,2.580359735068388e-08
0.2159090909090909,0.40482954545454547,2.904071276775882e-07,2.761089672106567e-08
0.23863636363636365,0.40482954545454547,2.9407196133626843e-07,2.910113065044329e-08
0.26136363636363635,0.40482954545454547,2.931503737914969e-07,3.0345548926664375e-08
0.2840909090909091,0.40482954545454547,2.8873954363840483e-07,3.140928391480191e-08
0.3068181818181818,0.40482954545454547,2.785615536609492e-07,3.227816597351788e-08
0.32954545454545453,0.40482954545454547,2.6445537446460353e-07,3.295898037059198e-08
0.3522727272727273,0.40482954545454547,2.469896684665877e-07,3.3498859497181036e-08
0.375,0.40482954545454547,2.2553573024855715e-07,3.387826002488583e-08
0.3977272727272727,0.40482954545454547,2.0012712909655373e-07,3.4103553072015924e-08
0.42045454545454547,0.40482954545454547,1.7202524003916858e-07,3.423103691636702e-08
0.4431818181818182,0.40482954545454547,1.4147198305477977e-07,3.428343679676895e-08
0.4659090909090909,0.40482954545454547,1.0800980691128139e-07,3.425922633622386e-08
0.48863636363636365,0.40482954545454547,7.258856110356751e-08,3.4188842532535303e-08
0.5113636363636364,0.40482954545454547,3.588878148146955e-08,3.408599829425992e-08
0.5340909090909091,0.40482954545454547,-1.8308524364045578e-09,3.39472239564868e-08
0.5568181818181818,0.40482954545454547,-4.073591928671473e-08,3.3758939414886685e-08
0.5795454545454546,0.40482954545454547,-7.930207332203072e-08,3.354215962664824e-08
0.6022727272727273,0.40482954545454547,-1.1746354811655324e-07,3.327172354656231e-08
0.625,0.40482954545454547,-1.550512123859204e-07,3.292016681728779e-08
0.6477272727272727,0.40482954545454547,-1.9056458987789124e-07,3.247656827560966e-08
0.6704545454545454,0.40482954545454547,-2.2378110081421971e-07,3.1965176682385696e-08
0.6931818181818182,0.40482954545454547,-2.5486720203348726e-07,3.138528003711749e-08
0.7159090909090909,0.40482954545454547,-2.8181285115598035e-07,3.065898980499939e-08
0.7386363636363636,0.40482954545454547,-3.042452936511207e-07,2.9758107119333878e-08
0.7613636363636364,0.40482954545454547,-3.2269976897436815e-07,2.8695586478250096e-08
0.7840909090909091,0.40482954545454547,-3.354256134498558e-07,2.7438336784132286e-08
0.8068181818181818,0.40482954545454547,-3.407180095000885e-07,2.5765485506736834e-08
0.8295454545454546,0.40482954545454547,-3.3851654907517975e-07,2.390310627494554e-08
0.8522727272727273,0.40482954545454547,-3.285336457157159e-07,2.160073686274777e-08
0.875,0.40482954545454547,-3.0976300603010497e-07,1.8853614741429466e-08
0.8977272727272727,0.40482954545454547,-2.8143114651941826e-07,1.5857448352407953e-08
0.9204545454545454,0.40482954545454547,-2.4241525103021467e-07,1.2458795013118319e-08
0.9431818181818182,0.40482954545454547,-1.8904660069839673e-07,8.814221047135236e-09
0.9659090909090909,0.40482954545454547,-1.2341155835374653e-07,5.233388245382037e-09
0.9886363636363636,0.40482954545454547,-4.281526973678984e-08,1.6634284284699305e-09
0.011363636363636364,0.4190340909090909,2.6510780786959982e-08,1.8944569262779564e-09
0.03409090909090909,0.4190340909090909,7.77797336854459e-08,5.7988007499308755e-09
0.056818181818181816,0.4190340909090909,1.2359495046229266e-07,9.611802598577324e-09
0.07954545454545454,0.4190340909090909,1.6473335158737973e-07,1.340844443868632e-08
0.10227272727272728,0.4190340909090909,1.996433745258085e-07,1.6877846202151693e-08
0.125,0.4190340909090909,2.2901064317472825e-07,2.007463815312667e-08
0.14772727272727273,0.4190340909090909,2.5380784403501034e-07,2.294327332301561e-08
0.17045454545454544,0.4190340909090909,2.735174993168627e-07,2.5378855245961614e-08
0.19318181818181818,0.4190340909090909,2.8837872807382176e-07,2.7459354477314727e-08
0.2159090909090909,0.4190340909090909,2.967819585507449e-07,2.930699185979261e-08
0.23863636363636365,0.4190340909090909,3.0086972520418563e-07,3.0892989933648145e-08
0.26136363636363635,0.4190340909090909,3.0062455653570393e-07,3.2205605958903805e-08
0.2840909090909091,0.4190340909090909,2.95262714833341e-07,3.325234694916067e-08
0.3068181818181818,0.4190340909090909,2.855757978893809e-07,3.413295558818991e-08
0.32954545454545453,0.4190340909090909,2.709705132743039e-07,3.4791046006071325e-08
0.3522727272727273,0.4190340909090909,2.52848669206201e-07,3.5301572827209885e-08
0.375,0.4190340909090909,2.3086957220907694e-07,3.5659979318749926e-08
0.3977272727272727,0.4190340909090909,2.0520022191710742e-07,3.587875305095191e-08
0.42045454545454547,0.4190340909090909,1.7619479428064654e-07,3.598364368034147e-08
0.4431818181818182,0.4190340909090909,1.4459312775257566e-07,3.600737817926655e-08
0.4659090909090909,0.4190340909090909,1.1078828836372563e-07,3.597647658235493e-08
0.48863636363636365,0.4190340909090909,7.456068729182175e-08,3.588366563621944e-08
0.5113636363636364,0.4190340909090909,3.659726947948943e-08,3.574538243162816e-08
0.5340909090909091,0.4190340909090909,-2.2184987536590286e-09,3.558098624264124e-08
0.5568181818181818,0.4190340909090909,-4.134129773600772e-08,3.538743330668808e-08
0.5795454545454546,0.4190340909090909,-8.120938412754879e-08,3.514160565332421e-08
0.6022727272727273,0.4190340909090909,-1.2063231421856305e-07,3.485122086394841e-08
0.625,0.4190340909090909,-1.5863407793986678e-07,3.4494807493595487e-08
0.6477272727272727,0.4190340909090909,-1.9500053575205453e-07,3.406288733621676e-08
0.6704545454545454,0.4190340909090909,-2.294050798768118e-07,3.356181859833146e-08
0.6931818181818182,0.4190340909090909,-2.60993622472721e-07,3.29838050898939e-08
0.7159090909090909,0.4190340909090909,-2.884705546077476e-07,3.227216621027331e-08
0.7386363636363636,0.4190340909090909,-3.1159561579428353e-07,3.1372377518615174e-08
0.7613636363636364,0.4190340909090909,-3.305103821033237e-07,3.035353675843676e-08
0.7840909090909091,0.4190340909090909,-3.427434441020228e-07,2.9013307289433807e-08
0.8068181818181818,0.4190340909090909,-3.4827092503071146e-07,2.735384309408314e-08
0.8295454545454546,0.4190340909090909,-3.4630637269379437e-07,2.5508587688265476e-08
0.8522727272727273,0.4190340909090909,-3.361622662479228e-07,2.321031953093067e-08
0.875,0.4190340909090909,-3.167921629864262e-07,2.0380244907213258e-08
0.8977272727272727,0.4190340909090909,-2.878602037425382e-07,1.7174058198224206e-08
0.9204545454545454,0.4190340909090909,-2.4795690307797065e-07,1.3678813301834685e-08
0.9431818181818182,0.4190340909090909,-1.9366380756688516e-07,9.767666644096649e-09
0.9659090909090909,0.4190340909090909,-1.2569834172842394e-07,5.6735058284985986e-09
0.9886363636363636,0.4190340909090909,-4.4421193959233145e-08,1.9726685311134416e-09
0.011363636363636364,0.43323863636363635,2.6939934595052746e-08,2.031351302369561e-09
0.03409090909090909,0.43323863636363635,7.929877599865991e-08,6.2714348732435825e-09
0.056818181818181816,0.43323863636363635,1.2659567740129906e-07,1.0510668831810164e-08
0.07954545454545454,0.43323863636363635,1.6840663913698767e-07,1.4530561183679882e-08
0.10227272727272728,0.43323863636363635,2.0389648934018158e-07,1.820480138693062e-08
0.125,0.43323863636363635,2.3424291051223865e-07,2.160226263095579e-08
0.14772727272727273,0.43323863636363635,2.5955064985050747e-07,2.4552121088410754e-08
0.17045454545454544,0.43323863636363635,2.8030567901447065e-07,2.7154673359987298e-08
0.19318181818181818,0.43323863636363635,2.942426412769987e-07,2.9282400230626838e-08
0.2159090909090909,0.43323863636363635,3.037109476032443e-07,3.12121974758554e-08
0.23863636363636365,0.43323863636363635,3.0765648283351434e-07,3.2792785759217656e-08
0.26136363636363635,0.43323863636363635,3.0790121671029437e-07,3.4063206813334004e-08
0.2840909090909091,0.43323863636363635,3.0135392771457053e-07,3.5095206858585905e-08
0.3068181818181818,0.43323863636363635,2.9145240421146047e-07,3.596920367839288e-08
0.32954545454545453,0.43323863636363635,2.7774521379741647e-07,3.6666034691623064e-08
0.3522727272727273,0.43323863636363635,2.584438702059899e-07,3.712740054689299e-08
0.375,0.43323863636363635,2.3569539836441714e-07,3.745692606046936e-08
0.3977272727272727,0.43323863636363635,2.0986926693733775e-07,3.7672391473006243e-08
0.42045454545454547,0.43323863636363635,1.8052281334223026e-07,3.7766247466908924e-08
0.4431818181818182,0.43323863636363635,1.477790755473806e-07,3.775686124171667e-08
0.4659090909090909,0.43323863636363635,1.1296409570738998e-07,3.769466989931878e-08
0.48863636363636365,0.43323863636363635,7.62791963280113e-08,3.758603712966804e-08
0.5113636363636364,0.43323863636363635,3.7490650725763944e-08,3.742487627974451e-08
0.5340909090909091,0.43323863636363635,-2.3064392730555403e-09,3.7232151262067134e-08
0.5568181818181818,0.43323863636363635,-4.258480538782132e-08,3.701075038247048e-08
0.5795454545454546,0.43323863636363635,-8.311822118015951e-08,3.6760333717219943e-08
0.6022727272727273,0.43323863636363635,-1.2330091323455438e-07,3.6444711207335875e-08
0.625,0.43323863636363635,-1.6209458627891776e-07,3.60756555701039e-08
0.6477272727272727,0.43323863636363635,-1.9950029739956312e-07,3.565263539616358e-08
0.6704545454545454,0.43323863636363635,-2.349317740388868e-07,3.51665525268219e-08
0.6931818181818182,0.43323863636363635,-2.663868127361288e-07,3.4570838496850806e-08
0.7159090909090909,0.43323863636363635,-2.9460303623464994e-07,3.386220809915746e-08
0.7386363636363636,0.43323863636363635,-3.1916722765242053e-07,3.30177695125454e-08
0.7613636363636364,0.43323863636363635,-3.3764819482882346e-07,3.204951304038819e-08
0.7840909090909091,0.43323863636363635,-3.4995905330344426e-07,3.075850981103219e-08
0.8068181818181818,0.43323863636363635,-3.5601224181838587e-07,2.9058967507510483e-08
0.8295454545454546,0.43323863636363635,-3.5442736721810083e-07,2.7254311444541218e-08
0.8522727272727273,0.43323863636363635,-3.4344229688979744e-07,2.4845785180496888e-08
0.875,0.43323863636363635,-3.237214365117366e-07,2.1974818770491802e-08
0.8977272727272727,0.43323863636363635,-2.9406043917154104e-07,1.873764749175195e-08
0.9204545454545454,0.43323863636363635,-2.533715906375356e-07,1.491482166574702e-08
0.9431818181818182,0.43323863636363635,-1.9764881254474873e-07,1.0742267457405916e-08
0.9659090909090909,0.43323863636363635,-1.2903265173588342e-07,6.4717853824579305e-09
0.9886363636363636,0.43323863636363635,-4.452378211161911e-08,2.000358216934192e-09
0.011363636363636364,0.4474431818181818,2.7808095350509093e-08,2.308283075370917e-09
0.03409090909090909,0.4474431818181818,8.106736500100165e-08,6.862605520570716e-09
0.056818181818181816,0.4474431818181818,1.2910305933797858e-07,1.138949006688495e-08
0.07954545454545454,0.4474431818181818,1.7199707999485001e-07,1.5740775218264727e-08
0.10227272727272728,0.4474431818181818,2.0849002545857847e-07,1.9702466584051885e-08
0.125,0.4474431818181818,2.3888063793054845e-07,2.3138780107252227e-08
0.14772727272727273,0.4474431818181818,2.655537781765977e-07,2.635237114877878e-08
0.17045454545454544,0.4474431818181818,2.860336263154275e-07,2.8916231520145033e-08
0.19318181818181818,0.4474431818181818,3.003969741728157e-07,3.117484098634084e-08
0.2159090909090909,0.4474431818181818,3.1009824028215956e-07,3.3150163900603815e-08
0.23863636363636365,0.4474431818181818,3.146927863411468e-07,3.477820313713001e-08
0.26136363636363635,0.4474431818181818,3.1417210023337897e-07,3.603526378763384e-08
0.2840909090909091,0.4474431818181818,3.085387345778101e-07,3.70988964157339e-08
0.3068181818181818,0.4474431818181818,2.9820529925056623e-07,3.793602973448469e-08
0.32954545454545453,0.4474431818181818,2.8343711962824506e-07,3.85792742590881e-08
0.3522727272727273,0.4474431818181818,2.646004869404519e-07,3.905459769530437e-08
0.375,0.4474431818181818,2.411491790085398e-07,3.935156558023798e-08
0.3977272727272727,0.4474431818181818,2.1447427924869734e-07,3.9535052198454975e-08
0.42045454545454547,0.4474431818181818,1.8445637186975084e-07,3.960853370347178e-08
0.4431818181818182,0.4474431818181818,1.5141947599293577e-07,3.9589716383269354e-08
0.4659090909090909,0.4474431818181818,1.155026314403089e-07,3.949164869873844e-08
0.48863636363636365,0.4474431818181818,7.768550998253854e-08,3.93473997516655e-08
0.5113636363636364,0.4474431818181818,3.8550431923176835e-08,3.917356387194338e-08
0.5340909090909091,0.4474431818181818,-2.235030188914025e-09,3.894891601578253e-08
0.5568181818181818,0.4474431818181818,-4.380585344238479e-08,3.868967783382882e-08
0.5795454545454546,0.4474431818181818,-8.511722219920684e-08,3.8410463234136784e-08
0.6022727272727273,0.4474431818181818,-1.2580353937962905e-07,3.8091668522072636e-08
0.625,0.4474431818181818,-1.6584691740232488e-07,3.770831909015151e-08
0.6477272727272727,0.4474431818181818,-2.043960800693913e-07,3.7287365618781234e-08
0.6704545454545454,0.4474431818181818,-2.3974320832938876e-07,3.679474156258269e-08
0.6931818181818182,0.4474431818181818,-2.7237557340511774e-07,3.622090973967329e-08
0.7159090909090909,0.4474431818181818,-3.0143262989377643e-07,3.5533432649765006e-08
0.7386363636363636,0.4474431818181818,-3.259774252218902e-07,3.470427396832259e-08
0.7613636363636364,0.4474431818181818,-3.4484720785830494e-07,3.3744377845244125e-08
0.7840909090909091,0.4474431818181818,-3.568838592402191e-07,3.250910040721838e-08
0.8068181818181818,0.4474431818181818,-3.629217032650235e-07,3.091824562995711e-08
0.8295454545454546,0.4474431818181818,-3.6266931930670933e-07,2.9063008574103837e-08
0.8522727272727273,0.4474431818181818,-3.503895516932008e-07,2.6610601773010822e-08
0.875,0.4474431818181818,-3.3033929787469045e-07,2.3739899229549463e-08
0.8977272727272727,0.4474431818181818,-3.002929463753093e-07,2.0345822278674665e-08
0.9204545454545454,0.4474431818181818,-2.5853007644989846e-07,1.6417585810820494e-08
0.9431818181818182,0.4474431818181818,-2.0197591296804855e-07,1.187083948603552e-08
0.9659090909090909,0.4474431818181818,-1.3120244391019715e-07,7.046810636260045e-09
0.9886363636363636,0.4474431818181818,-4.643762893417087e-08,2.516926806902714e-09
0.011363636363636364,0.4616477272727273,2.7965793296195316e-08,2.372671056422097e-09
0.03409090909090909,0.4616477272727273,8.275491794822666e-08,7.503153265323489e-09
0.056818181818181816,0.4616477272727273,1.3196601987725627e-07,1.2421131639520299e-08
0.07954545454545454,0.4616477272727273,1.754458625934786e-07,1.703678964111415e-08
0.10227272727272728,0.4616477272727273,2.1262113315996396e-07,2.1196301658697534e-08
0.125,0.4616477272727273,2.44448176785485e-07,2.4862547213410378e-08
0.14772727272727273,0.4616477272727273,2.707842795640546e-07,2.8096268827334642e-08
0.17045454545454544,0.4616477272727273,2.912370657903101e-07,3.0801802696273977e-08
0.19318181818181818,0.4616477272727273,3.070466457526463e-07,3.318567473782678e-08
0.2159090909090909,0.4616477272727273,3.17142135580854e-07,3.521037885962966e-08
0.23863636363636365,0.4616477272727273,3.2100160350231814e-07,3.673350992356107e-08
0.26136363636363635,0.4616477272727273,3.202487843401746e-07,3.7998740560059784e-08
0.2840909090909091,0.4616477272727273,3.15121410459522e-07,3.9081418762125285e-08
0.3068181818181818,0.4616477272727273,3.045285324931736e-07,3.990099398479853e-08
0.32954545454545453,0.4616477272727273,2.8894381692024356e-07,4.0504844630199105e-08
0.3522727272727273,0.4616477272727273,2.6973511979044104e-07,4.096200772238499e-08
0.375,0.4616477272727273,2.467846407796136e-07,4.127446978212611e-08
0.3977272727272727,0.4616477272727273,2.1880915761052478e-07,4.141091471999652e-08
0.42045454545454547,0.4616477272727273,1.8797988666716895e-07,4.1456375259795316e-08
0.4431818181818182,0.4616477272727273,1.545084762083896e-07,4.142156099190449e-08
0.4659090909090909,0.4616477272727273,1.1810751557874384e-07,4.13053118954545e-08
0.48863636363636365,0.4616477272727273,7.925593602996873e-08,4.112798561061431e-08
0.5113636363636364,0.4616477272727273,3.902440995564546e-08,4.091525292742615e-08
0.5340909090909091,0.4616477272727273,-2.3369977289728097e-09,4.0671436075447356e-08
0.5568181818181818,0.4616477272727273,-4.46764905245193e-08,4.038801734381657e-08
0.5795454545454546,0.4616477272727273,-8.688943426591198e-08,4.007508502752124e-08
0.6022727272727273,0.4616477272727273,-1.2863669603522423e-07,3.973105252496469e-08
0.625,0.4616477272727273,-1.6966120410830126e-07,3.9351983313922916e-08
0.6477272727272727,0.4616477272727273,-2.082709477038484e-07,3.891492497522887e-08
0.6704545454545454,0.4616477272727273,-2.445310827526586e-07,3.842460791327733e-08
0.6931818181818182,0.4616477272727273,-2.781722862282355e-07,3.786882461462303e-08
0.7159090909090909,0.4616477272727273,-3.0792537247788866e-07,3.720442624006273e-08
0.7386363636363636,0.4616477272727273,-3.321538881247601e-07,3.6383023684436304e-08
0.7613636363636364,0.4616477272727273,-3.5148498287139847e-07,3.545507582850518e-08
0.7840909090909091,0.4616477272727273,-3.648502388427175e-07,3.4313771756484584e-08
0.8068181818181818,0.4616477272727273,-3.7049788063808673e-07,3.280570417821225e-08
0.8295454545454546,0.4616477272727273,-3.69744398904631e-07,3.094892047925927e-08
0.8522727272727273,0.4616477272727273,-3.573328184906678e-07,2.8541099814603678e-08
0.875,0.4616477272727273,-3.370753885988616e-07,2.5661544378976754e-08
0.8977272727272727,0.4616477272727273,-3.0601022103788385e-07,2.2135120341866006e-08
0.9204545454545454,0.4616477272727273,-2.6368856226226133e-07,1.7920349955893975e-08
0.9431818181818182,0.4616477272727273,-2.0572366168853062e-07,1.310875761570945e-08
0.9659090909090909,0.4616477272727273,-1.3421671080763088e-07,7.985191820648527e-09
0.9886363636363636,0.4616477272727273,-4.643762893417087e-08,2.516926806902714e-09
0.011363636363636364,0.4758522727272727,2.906077180208692e-08,2.8197501542632342e-09
0.03409090909090909,0.4758522727272727,8.423304190919147e-08,8.117050654909773e-09
0.056818181818181816,0.4758522727272727,1.3438256328877084e-07,1.3487725979317156e-08
0.07954545454545454,0.4758522727272727,1.7890395857701195e-07,1.8416914668719477e-08
0.10227272727272728,0.4758522727272727,2.1687707349698887e-07,2.2802515951324448e-08
0.125,0.4758522727272727,2.491217883749381e-07,2.660690713578646e-08
0.14772727272727273,0.4758522727272727,2.761480387817551e-07,2.9980068448663495e-08
0.17045454545454544,0.4758522727272727,2.972653989818793e-07,3.284675436315525e-08
0.19318181818181818,0.4758522727272727,3.134375917386433e-07,3.5271356452700226e-08
0.2159090909090909,0.4758522727272727,3.233272118645565e-07,3.7267624027069644e-08
0.23863636363636365,0.4758522727272727,3.277218551182883e-07,3.8810984771217044e-08
0.26136363636363635,0.4758522727272727,3.2716922787164845e-07,4.008857677246286e-08
0.2840909090909091,0.4758522727272727,3.2151866974248846e-07,4.1151766344286125e-08
0.3068181818181818,0.4758522727272727,3.1099013063314035e-07,4.1972847993194003e-08
0.32954545454545453,0.4758522727272727,2.954295124851665e-07,4.2567636740913587e-08
0.3522727272727273,0.4758522727272727,2.7560758057748094e-07,4.299254081088545e-08
0.375,0.4758522727272727,2.515076244579193e-07,4.3261319239586444e-08
0.3977272727272727,0.4758522727272727,2.2390019194739507e-07,4.3408100992323846e-08
0.42045454545454547,0.4758522727272727,1.921521621468093e-07,4.341965972648465e-08
0.4431818181818182,0.4758522727272727,1.575915763112436e-07,4.3347613631736427e-08
0.4659090909090909,0.4758522727272727,1.2060597849381392e-07,4.32123304582693e-08
0.48863636363636365,0.4758522727272727,8.122121637028641e-08,4.3011941832675824e-08
0.5113636363636364,0.4758522727272727,3.974786045169344e-08,4.275257670870275e-08
0.5340909090909091,0.4758522727272727,-2.6305065313302416e-09,4.2470342605105494e-08
0.5568181818181818,0.4758522727272727,-4.538991439765939e-08,4.216972045687433e-08
0.5795454545454546,0.4758522727272727,-8.875083576671073e-08,4.181935220460666e-08
0.6022727272727273,0.4758522727272727,-1.3177004590647798e-07,4.1441222003617246e-08
0.625,0.4758522727272727,-1.7300026136076874e-07,4.104475152752819e-08
0.6477272727272727,0.4758522727272727,-2.1262010913799186e-07,4.060838750326549e-08
0.6704545454545454,0.4758522727272727,-2.499869534681042e-07,4.0120060926240153e-08
0.6931818181818182,0.4758522727272727,-2.8418065481124653e-07,3.9580185460534563e-08
0.7159090909090909,0.4758522727272727,-3.1391242166666017e-07,3.892277130036224e-08
0.7386363636363636,0.4758522727272727,-3.3921451913148764e-07,3.815156508845088e-08
0.7613636363636364,0.4758522727272727,-3.589959204192501e-07,3.7244154019783224e-08
0.7840909090909091,0.4758522727272727,-3.7180841119700726e-07,3.6134650361153964e-08
0.8068181818181818,0.4758522727272727,-3.785224741437076e-07,3.470099471390455e-08
0.8295454545454546,0.4758522727272727,-3.761414771706361e-07,3.289031805430064e-08
0.8522727272727273,0.4758522727272727,-3.6474842971770425e-07,3.054442360819502e-08
0.875,0.4758522727272727,-3.4315495098518504e-07,2.763834316271944e-08
0.8977272727272727,0.4758522727272727,-3.120106292198039e-07,2.4064087913442307e-08
0.9204545454545454,0.4758522727272727,-2.6850641015786647e-07,1.9709541960738566e-08
0.9431818181818182,0.4758522727272727,-2.095009023978321e-07,1.4384032751488567e-08
0.9659090909090909,0.4758522727272727,-1.3640898866883717e-07,8.776607277306193e-09
0.9886363636363636,0.4758522727272727,-4.81339775882076e-08,3.154108213476406e-09
0.011363636363636364,0.4900568181818182,2.9060771802086915e-08,2.819750154263234e-09
0.03409090909090909,0.4900568181818182,8.608761496563369e-08,8.98834143536403e-09
0.056818181818181816,0.4900568181818182,1.369162698279256e-07,1.4620031716531826e-08
0.07954545454545454,0.4900568181818182,1.8223878800174523e-07,1.9980192180283216e-08
0.10227272727272728,0.4900568181818182,2.2084187147082286e-07,2.4480904783468516e-08
0.125,0.4900568181818182,2.5370567687532803e-07,2.8472046788981673e-08
0.14772727272727273,0.4900568181818182,2.811051448043476e-07,3.193965906182007e-08
0.17045454545454544,0.4900568181818182,3.0374772743466514e-07,3.4979423982141384e-08
0.19318181818181818,0.4900568181818182,3.1875838022286144e-07,3.732844009369776e-08
0.2159090909090909,0.4900568181818182,3.289424674448763e-07,3.931165153234399e-08
0.23863636363636365,0.4900568181818182,3.343751655614712e-07,4.093605808553926e-08
0.26136363636363635,0.4900568181818182,3.337863581418043e-07,4.219244743404659e-08
0.2840909090909091,0.4900568181818182,3.2736256764689254e-07,4.320084466531883e-08
0.3068181818181818,0.4900568181818182,3.1662466674753386e-07,4.401405997690903e-08
0.32954545454545453,0.4900568181818182,3.0170276929642833e-07,4.46320688850728e-08
0.3522727272727273,0.4900568181818182,2.8091105307546153e-07,4.501554473778029e-08
0.375,0.4900568181818182,2.561259647689645e-07,4.5256588932915266e-08
0.3977272727272727,0.4900568181818182,2.2798151249750055e-07,4.5382777742374035e-08
0.42045454545454547,0.4900568181818182,1.9632847404019937e-07,4.5394850527118055e-08
0.4431818181818182,0.4900568181818182,1.6062446622430755e-07,4.5286522690434754e-08
0.4659090909090909,0.4900568181818182,1.22672868504773e-07,4.511553129324322e-08
0.48863636363636365,0.4900568181818182,8.269215241399272e-08,4.488896071153256e-08
0.5113636363636364,0.4900568181818182,4.064393853618263e-08,4.4607990455260815e-08
0.5340909090909091,0.4900568181818182,-2.719151678285685e-09,4.428582701698083e-08
0.5568181818181818,0.4900568181818182,-4.659466900082368e-08,4.3938200248968e-08
0.5795454545454546,0.4900568181818182,-9.070562048451009e-08,4.3567746307635394e-08
0.6022727272727273,0.4900568181818182,-1.3416445401989994e-07,4.316727688720338e-08
0.625,0.4900568181818182,-1.7633850708168837e-07,4.2743350538868e-08
0.6477272727272727,0.4900568181818182,-2.169213367178875e-07,4.229577337866215e-08
0.6704545454545454,0.4900568181818182,-2.552301804128242e-07,4.1818217829650035e-08
0.6931818181818182,0.4900568181818182,-2.8927257183288533e-07,4.1270102184663364e-08
0.7159090909090909,0.4900568181818182,-3.196265204495256e-07,4.064840468726416e-08
0.7386363636363636,0.4900568181818182,-3.4589237739618545e-07,3.993124583327682e-08
0.7613636363636364,0.4900568181818182,-3.660588545218504e-07,3.904072071933845e-08
0.7840909090909091,0.4900568181818182,-3.7844550287253943e-07,3.7956750939563495e-08
0.8068181818181818,0.4900568181818182,-3.8597030292318035e-07,3.668287452175409e-08
0.8295454545454546,0.4900568181818182,-3.8290053093919065e-07,3.485546572826254e-08
0.8522727272727273,0.4900568181818182,-3.7075063563315483e-07,3.2605102062213504e-08
0.875,0.4900568181818182,-3.4998481593431335e-07,2.9772185185355912e-08
0.8977272727272727,0.4900568181818182,-3.174391385135155e-07,2.612584799872478e-08
0.9204545454545454,0.4900568181818182,-2.7324872534309453e-07,2.153590485883711e-08
0.9431818181818182,0.4900568181818182,-2.1342766073663457e-07,1.6019454452497506e-08
0.9659090909090909,0.4900568181818182,-1.3891830824037697e-07,9.799121568278591e-09
0.9886363636363636,0.4900568181818182,-4.8337442732460663e-08,3.230533662039335e-09
0.011363636363636364,0.5042613636363636,3.0241938878559646e-08,3.4279868362703322e-09
0.03409090909090909,0.5042613636363636,8.735625920144464e-08,9.650676540517891e-09
0.056818181818181816,0.5042613636363636,1.3950143167692562e-07,1.599432319613397e-08
0.07954545454545454,0.5042613636363636,1.8558709749076058e-07,2.1550047178140928e-08
0.10227272727272728,0.5042613636363636,2.2496628664770601e-07,2.642945415679882e-08
0.125,0.5042613636363636,2.580766741102257e-07,3.045503533596141e-08
0.14772727272727273,0.5042613636363636,2.8682317119079034e-07,3.410887695034829e-08
0.17045454545454544,0.5042613636363636,3.088950084052059e-07,3.7106272044816793e-08
0.19318181818181818,0.5042613636363636,3.2514046545476686e-07,3.956371584799208e-08
0.2159090909090909,0.5042613636363636,3.3572401591625835e-07,4.1538396620466925e-08
0.23863636363636365,0.5042613636363636,3.4083939141809243e-07,4.313459157745262e-08
0.26136363636363635,0.5042613636363636,3.402595404995535e-07,4.439935768494491e-08
0.2840909090909091,0.5042613636363636,3.344312589456176e-07,4.542057061919238e-08
0.3068181818181818,0.5042613636363636,3.234151781086235e-07,4.620832495686543e-08
0.32954545454545453,0.5042613636363636,3.072613128412993e-07,4.6775336261422546e-08
0.3522727272727273,0.5042613636363636,2.869849951375634e-07,4.717915616415402e-08
0.375,0.5042613636363636,2.6174492415563646e-07,4.740404948456476e-08
0.3977272727272727,0.5042613636363636,2.3266179885197293e-07,4.749953116128316e-08
0.42045454545454547,0.5042613636363636,2.000160599386557e-07,4.748070060409751e-08
0.4431818181818182,0.5042613636363636,1.6437310851408074e-07,4.7371921517988864e-08
0.4659090909090909,0.5042613636363636,1.252883446413148e-07,4.7159962020642274e-08
0.48863636363636365,0.5042613636363636,8.415627550621926e-08,4.68910138192829e-08
0.5113636363636364,0.5042613636363636,4.156331574403409e-08,4.6585810125274926e-08
0.5340909090909091,0.5042613636363636,-2.622208118027529e-09,4.62274369257351e-08
0.5568181818181818,0.5042613636363636,-4.782045167762252e-08,4.58230631941837e-08
0.5795454545454546,0.5042613636363636,-9.258815670455379e-08,4.541687372748825e-08
0.6022727272727273,0.5042613636363636,-1.3675200722346003e-07,4.499476068020217e-08
0.625,0.5042613636363636,-1.801522425185054e-07,4.453244067341939e-08
0.6477272727272727,0.5042613636363636,-2.2171564570244282e-07,4.406148590541982e-08
0.6704545454545454,0.5042613636363636,-2.599719633448185e-07,4.357313808631067e-08
0.6931818181818182,0.5042613636363636,-2.953190332334156e-07,4.3038334079536584e-08
0.7159090909090909,0.5042613636363636,-3.265492341162331e-07,4.2456879165187894e-08
0.7386363636363636,0.5042613636363636,-3.5262054006391667e-07,4.178613875065793e-08
0.7613636363636364,0.5042613636363636,-3.7293023075083524e-07,4.094645036204812e-08
0.7840909090909091,0.5042613636363636,-3.866386451977069e-07,4.001023242762422e-08
0.8068181818181818,0.5042613636363636,-3.927969488451018e-07,3.8669362976747794e-08
0.8295454545454546,0.5042613636363636,-3.900093129793743e-07,3.6915326461317544e-08
0.8522727272727273,0.5042613636363636,-3.7814436780915303e-07,3.476951231176465e-08
0.875,0.5042613636363636,-3.5590512448704353e-07,3.198544747828555e-08
0.8977272727272727,0.5042613636363636,-3.2314753786512334e-07,2.8362774517168765e-08
0.9204545454545454,0.5042613636363636,-2.7780971343276437e-07,2.364247736154916e-08
0.9431818181818182,0.5042613636363636,-2.1707162147962052e-07,1.759080016268741e-08
0.9659090909090909,0.5042613636363636,-1.414107286046288e-07,1.0984834633661022e-08
0.9886363636363636,0.5042613636363636,-4.95754685561923e-08,3.888489202858999e-09
0.011363636363636364,0.5184659090909091,3.0283449261976075e-08,3.449362421808535e-09
0.03409090909090909,0.5184659090909091,8.93277566444458e-08,1.0800549318625486e-08
0.056818181818181816,0.5184659090909091,1.418722235989444e-07,1.73130716922148e-08
0.07954545454545454,0.5184659090909091,1.8891155320473343e-07,2.3460525509787343e-08
0.10227272727272728,0.5184659090909091,2.2879452941661214e-07,2.8374064620870035e-08
0.125,0.5184659090909091,2.630308955587736e-07,3.2567885697189924e-08
0.14772727272727273,0.5184659090909091,2.9143229636205764e-07,3.620254491975143e-08
0.17045454545454544,0.5184659090909091,3.137875830663396e-07,3.924043936434571e-08
0.19318181818181818,0.5184659090909091,3.310240828737503e-07,4.1771536539057336e-08
0.2159090909090909,0.5184659090909091,3.42194973031671e-07,4.377141300295354e-08
0.23863636363636365,0.5184659090909091,3.466022877467669e-07,4.531444239877824e-08
0.26136363636363635,0.5184659090909091,3.46191369155629e-07,4.658992201458825e-08
0.2840909090909091,0.5184659090909091,3.4101005092469224e-07,4.7625227298104095e-08
0.3068181818181818,0.5184659090909091,3.295255534723419e-07,4.83876123533175e-08
0.32954545454545453,0.5184659090909091,3.1282584407534675e-07,4.8933551073456443e-08
0.3522727272727273,0.5184659090909091,2.920452795534199e-07,4.9322677285087206e-08
0.375,0.5184659090909091,2.6725486998141207e-07,4.956428867830534e-08
0.3977272727272727,0.5184659090909091,2.3704873399761556e-07,4.9623862511246664e-08
0.42045454545454547,0.5184659090909091,2.0358933319654643e-07,4.9581256642190544e-08
0.4431818181818182,0.5184659090909091,1.6724724569998853e-07,4.944883551789179e-08
0.4659090909090909,0.5184659090909091,1.2796066160541768e-07,4.92280225997218e-08
0.48863636363636365,0.5184659090909091,8.575729933665436e-08,4.892087783377894e-08
0.5113636363636364,0.5184659090909091,4.205914162569807e-08,4.856705500774189e-08
0.5340909090909091,0.5184659090909091,-2.865422215120251e-09,4.817274259322717e-08
0.5568181818181818,0.5184659090909091,-4.8573266836464146e-08,4.7745396687630924e-08
0.5795454545454546,0.5184659090909091,-9.437210088990554e-08,4.728742974054543e-08
0.6022727272727273,0.5184659090909091,-1.3963763508592257e-07,4.681535202246943e-08
0.625,0.5184659090909091,-1.8391592742311743e-07,4.63361955827606e-08
0.6477272727272727,0.5184659090909091,-2.2562702649856545e-07,4.584441611390283e-08
0.6704545454545454,0.5184659090909091,-2.647853568904683e-07,4.533758086521206e-08
0.6931818181818182,0.5184659090909091,-3.009994737799668e-07,4.481420660348863e-08
0.7159090909090909,0.5184659090909091,-3.32900895699875e-07,4.425440316734468e-08
0.7386363636363636,0.5184659090909091,-3.586643298533694e-07,4.3608229360579834e-08
0.7613636363636364,0.5184659090909091,-3.7922870698742956e-07,4.288037672199435e-08
0.7840909090909091,0.5184659090909091,-3.94412607639953e-07,4.2051700444749004e-08
0.8068181818181818,0.5184659090909091,-3.994246471844303e-07,4.0662191268855446e-08
0.8295454545454546,0.5184659090909091,-3.963111321858674e-07,3.901381053757076e-08
0.8522727272727273,0.5184659090909091,-3.8480403031587067e-07,3.6948603207778523e-08
0.875,0.5184659090909091,-3.626122472354991e-07,3.425564701357225e-08
0.8977272727272727,0.5184659090909091,-3.283643339616743e-07,3.0669726669135846e-08
0.9204545454545454,0.5184659090909091,-2.8221696885983596e-07,2.5858886158519093e-08
0.9431818181818182,0.5184659090909091,-2.2106593354224545e-07,1.964818577908054e-08
0.9659090909090909,0.5184659090909091,-1.4364969160800267e-07,1.2119774654512362e-08
0.9886363636363636,0.5184659090909091,-5.015534001770185e-08,4.196665037118574e-09
0.011363636363636364,0.5326704545454546,3.1215452143013927e-08,4.062585095616276e-09
0.03409090909090909,0.5326704545454546,9.043061265493782e-08,1.1621370054227922e-08
0.056818181818181816,0.5326704545454546,1.4432924878875808e-07,1.9002297178115073e-08
0.07954545454545454,0.5326704545454546,1.921497902798961e-07,2.535593888757669e-08
0.10227272727272728,0.5326704545454546,2.3223043653335772e-07,3.0465877698864816e-08
0.125,0.5326704545454546,2.674897274078552e-07,3.481814168817975e-08
0.14772727272727273,0.5326704545454546,2.968717980681468e-07,3.854622445558896e-08
0.17045454545454544,0.5326704545454546,3.201255653383824e-07,4.1624645104040964e-08
0.19318181818181818,0.5326704545454546,3.3728885942802546e-07,4.4098697325025735e-08
0.2159090909090909,0.5326704545454546,3.482987051237278e-07,4.607482819980499e-08
0.23863636363636365,0.5326704545454546,3.538314007702422e-07,4.7666413372851185e-08
0.26136363636363635,0.5326704545454546,3.534716869836077e-07,4.89246415011981e-08
0.2840909090909091,0.5326704545454546,3.4719658909087594e-07,4.990695260707476e-08
0.3068181818181818,0.5326704545454546,3.360085632156584e-07,5.068092110677882e-08
0.32954545454545453,0.5326704545454546,3.195468206887672e-07,5.124018427433577e-08
0.3522727272727273,0.5326704545454546,2.981096725808238e-07,5.161724298079622e-08
0.375,0.5326704545454546,2.7196600193996815e-07,5.1820850994722336e-08
0.3977272727272727,0.5326704545454546,2.4228332163239453e-07,5.190542625211441e-08
0.42045454545454547,0.5326704545454546,2.0797598275309548e-07,5.184555145325394e-08
0.4431818181818182,0.5326704545454546,1.7045440211300126e-07,5.167968767316542e-08
0.4659090909090909,0.5326704545454546,1.3034122784891547e-07,5.1432563586068374e-08
0.48863636363636365,0.5326704545454546,8.783368695457986e-08,5.111230619047241e-08
0.5113636363636364,0.5326704545454546,4.2838517890560513e-08,5.070447695646086e-08
0.5340909090909091,0.5326704545454546,-3.0637797549993496e-09,5.026481571428317e-08
0.5568181818181818,0.5326704545454546,-4.94259187745397e-08,4.98026118801048e-08
0.5795454545454546,0.5326704545454546,-9.630459342347019e-08,4.929343287921587e-08
0.6022727272727273,0.5326704545454546,-1.4283515564069175e-07,4.875774491680297e-08
0.625,0.5326704545454546,-1.8733930080258718e-07,4.824609490459527e-08
0.6477272727272727,0.5326704545454546,-2.3015854429142132e-07,4.772730076869102e-08
0.6704545454545454,0.5326704545454546,-2.7049324721389007e-07,4.7187538701728386e-08
0.6931818181818182,0.5326704545454546,-3.070624628826482e-07,4.6658909850550584e-08
0.7159090909090909,0.5326704545454546,-3.3894784170552816e-07,4.6104570678478404e-08
0.7386363636363636,0.5326704545454546,-3.662123548374355e-07,4.550070333273741e-08
0.7613636363636364,0.5326704545454546,-3.87368165912019e-07,4.486626931373705e-08
0.7840909090909091,0.5326704545454546,-4.0070967963919456e-07,4.40117567927605e-08
0.8068181818181818,0.5326704545454546,-4.0716576960609264e-07,4.28052173311533e-08
0.8295454545454546,0.5326704545454546,-4.0454748713609675e-07,4.133727181188279e-08
0.8522727272727273,0.5326704545454546,-3.923331235958697e-07,3.940607549941613e-08
0.875,0.5326704545454546,-3.683010834808902e-07,3.665561946077736e-08
0.8977272727272727,0.5326704545454546,-3.3347314384443923e-07,3.304917559029727e-08
0.9204545454545454,0.5326704545454546,-2.865221576518997e-07,2.822803948071184e-08
0.9431818181818182,0.5326704545454546,-2.24944024843793e-07,2.1759136332886688e-08
0.9659090909090909,0.5326704545454546,-1.4630973961234762e-07,1.3869298183206208e-08
0.9886363636363636,0.5326704545454546,-5.096404015383056e-08,4.806105669568003e-09
0.011363636363636364,0.546875,3.150368850698101e-08,4.2522337301823885e-09
0.03409090909090909,0.546875,9.243991658925397e-08,1.3108118873188125e-08
0.056818181818181816,0.546875,1.4617916215909032e-07,2.060349256354146e-08
0.07954545454545454,0.546875,1.9506605074209936e-07,2.7370370147232758e-08
0.10227272727272728,0.546875,2.3590269823985266e-07,3.2688676126548785e-08
0.125,0.546875,2.71658971241362e-07,3.7138508168898715e-08
0.14772727272727273,0.546875,3.020307623030619e-07,4.086981173096119e-08
0.17045454545454544,0.546875,3.2588675820057354e-07,4.397919922522268e-08
0.19318181818181818,0.546875,3.4275281753966187e-07,4.638450637285057e-08
0.2159090909090909,0.546875,3.5421896826587064e-07,4.8367030648666356e-08
0.23863636363636365,0.546875,3.604691411120753e-07,4.9992312296131045e-08
0.26136363636363635,0.546875,3.600718110982586e-07,5.124353930802963e-08
0.2840909090909091,0.546875,3.534236457850129e-07,5.22094864625555e-08
0.3068181818181818,0.546875,3.42029972467754e-07,5.298047604024571e-08
0.32954545454545453,0.546875,3.2597860146017195e-07,5.3568707091318116e-08
0.3522727272727273,0.546875,3.0371380505871267e-07,5.3919667806250745e-08
0.375,0.546875,2.76960520453912e-07,5.4122771517893266e-08
0.3977272727272727,0.546875,2.465029983070362e-07,5.419993151336517e-08
0.42045454545454547,0.546875,2.1239299975302964e-07,5.414962679466819e-08
0.4431818181818182,0.546875,1.7375677465854764e-07,5.395680575477477e-08
0.4659090909090909,0.546875,1.3260863928524253e-07,5.3679736431052595e-08
0.48863636363636365,0.546875,8.925356842179616e-08,5.3326364146988024e-08
0.5113636363636364,0.546875,4.391320128328847e-08,5.2904204056209206e-08
0.5340909090909091,0.546875,-3.1034446109012925e-09,5.2412118865594375e-08
0.5568181818181818,0.546875,-5.0670446445794366e-08,5.1884393107892356e-08
0.5795454545454546,0.546875,-9.844304380486969e-08,5.132998771480086e-08
0.6022727272727273,0.546875,-1.4526941326400716e-07,5.077052452349675e-08
0.625,0.546875,-1.9090830087817976e-07,5.019373469394149e-08
0.6477272727272727,0.546875,-2.3476334231055414e-07,4.962210320294774e-08
0.6704545454545454,0.546875,-2.7588801847557975e-07,4.9073298184158655e-08
0.6931818181818182,0.546875,-3.1255666635639384e-07,4.8524091479927416e-08
0.7159090909090909,0.546875,-3.4513900600653166e-07,4.7975049759593237e-08
0.7386363636363636,0.546875,-3.7330181837443257e-07,4.7420041581793176e-08
0.7613636363636364,0.546875,-3.9436097399541795e-07,4.680394059481093e-08
0.7840909090909091,0.546875,-4.07653531605304e-07,4.600479411968652e-08
0.8068181818181818,0.546875,-4.1402152294752654e-07,4.500129676275416e-08
0.8295454545454546,0.546875,-4.1237572597010514e-07,4.3674072872218785e-08
0.8522727272727273,0.546875,-3.9840083479652805e-07,4.173072113421991e-08
0.875,0.546875,-3.7396227811584896e-07,3.915897753503694e-08
0.8977272727272727,0.546875,-3.390966168954132e-07,3.577696149909756e-08
0.9204545454545454,0.546875,-2.908219805128964e-07,3.091032758068603e-08
0.9431818181818182,0.546875,-2.2866503003995488e-07,2.4204741616841775e-08
0.9659090909090909,0.546875,-1.482401658102654e-07,1.5301186433680133e-08
0.9886363636363636,0.546875,-5.193507561332172e-08,5.537883046774891e-09
0.011363636363636364,0.5610795454545454,3.2160391322536296e-08,4.877459886317962e-09
0.03409090909090909,0.5610795454545454,9.323241274539594e-08,1.4117506610892696e-08
0.056818181818181816,0.5610795454545454,1.4913885805159845e-07,2.2745419223095224e-08
0.07954545454545454,0.5610795454545454,1.9743932952080152e-07,2.952522030608919e-08
0.10227272727272728,0.5610795454545454,2.402022649136377e-07,3.5259120692983016e-08
0.125,0.5610795454545454,2.770397282466401e-07,3.973502544943978e-08
0.14772727272727273,0.5610795454545454,3.073127354750323e-07,4.3340035919471666e-08
0.17045454545454544,0.5610795454545454,3.31287218382145e-07,4.637218285036164e-08
0.19318181818181818,0.5610795454545454,3.496886020416071e-07,4.8849090115985365e-08
0.2159090909090909,0.5610795454545454,3.616143960440501e-07,5.080277371836876e-08
0.23863636363636365,0.5610795454545454,3.6699099274219476e-07,5.236497635628509e-08
0.26136363636363635,0.5610795454545454,3.6672380551339046e-07,5.362881652250503e-08
0.2840909090909091,0.5610795454545454,3.6096792447369695e-07,5.463961817441025e-08
0.3068181818181818,0.5610795454545454,3.492837195372649e-07,5.542109976470908e-08
0.32954545454545453,0.5610795454545454,3.31748079426521e-07,5.597078248487324e-08
0.3522727272727273,0.5610795454545454,3.099366400912376e-07,5.636331957482093e-08
0.375,0.5610795454545454,2.829891667644842e-07,5.659021218137321e-08
0.3977272727272727,0.5610795454545454,2.514358870280803e-07,5.665890582634278e-08
0.42045454545454547,0.5610795454545454,2.1612986053709574e-07,5.6588289696674474e-08
0.4431818181818182,0.5610795454545454,1.7780567846433864e-07,5.641812199783786e-08
0.4659090909090909,0.5610795454545454,1.3545312497919723e-07,5.611491765165871e-08
0.48863636363636365,0.5610795454545454,9.0890999023444e-08,5.57206865441807e-08
0.5113636363636364,0.5610795454545454,4.474844957767197e-08,5.526517034143591e-08
0.5340909090909091,0.5610795454545454,-2.9607609255531612e-09,5.4741820785532655e-08
0.5568181818181818,0.5610795454545454,-5.1953740686343504e-08,5.41386786820154e-08
0.5795454545454546,0.5610795454545454,-1.0030549614698655e-07,5.353832016123252e-08
0.6022727272727273,0.5610795454545454,-1.4809197421147693e-07,5.292582518652711e-08
0.625,0.5610795454545454,-1.9500902662142991e-07,5.2279175970374736e-08
0.6477272727272727,0.5610795454545454,-2.397137440127039e-07,5.1646307898319747e-08
0.6704545454545454,0.5610795454545454,-2.809631268901743e-07,5.1059076019466675e-08
0.6931818181818182,0.5610795454545454,-3.1913032032038176e-07,5.048183204020038e-08
0.7159090909090909,0.5610795454545454,-3.527058625112388e-07,4.991739233893041e-08
0.7386363636363636,0.5610795454545454,-3.8019766880821024e-07,4.937586865018721e-08
0.7613636363636364,0.5610795454545454,-4.0164580147366544e-07,4.878544978897522e-08
0.7840909090909091,0.5610795454545454,-4.163932531381205e-07,4.80894074683617e-08
0.8068181818181818,0.5610795454545454,-4.2253722080095155e-07,4.7263983037492573e-08
0.8295454545454546,0.5610795454545454,-4.186441022498568e-07,4.599599089163738e-08
0.8522727272727273,0.5610795454545454,-4.062267017501608e-07,4.430805367200926e-08
0.875,0.5610795454545454,-3.818484397392605e-07,4.208864166629122e-08
0.8977272727272727,0.5610795454545454,-3.433218897425236e-07,3.842107616727946e-08
0.9204545454545454,0.5610795454545454,-2.9492590413110516e-07,3.36184291114817e-08
0.9431818181818182,0.5610795454545454,-2.3181907547022333e-07,2.7038007566571745e-08
0.9659090909090909,0.5610795454545454,-1.5080904721442678e-07,1.7733832556007446e-08
0.9886363636363636,0.5610795454545454,-5.227730310704446e-08,5.993682727827294e-09
0.011363636363636364,0.5752840909090909,3.260242879253877e-08,5.298309898973765e-09
0.03409090909090909,0.5752840909090909,9.505868882025968e-08,1.588324503672066e-08
0.056818181818181816,0.5752840909090909,1.504294490294929e-07,2.446980167266635e-08
0.07954545454545454,0.5752840909090909,2.000757894180767e-07,3.182156596573094e-08
0.10227272727272728,0.5752840909090909,2.4423118951715166e-07,3.776174760629826e-08
0.125,0.5752840909090909,2.817467338852079e-07,4.2297596204241444e-08
0.14772727272727273,0.5752840909090909,3.1213552439443815e-07,4.580950725545896e-08
0.17045454545454544,0.5752840909090909,3.3691062386989675e-07,4.876953992098927e-08
0.19318181818181818,0.5752840909090909,3.560845659338445e-07,5.1246570711395296e-08
0.2159090909090909,0.5752840909090909,3.684302386553696e-07,5.3217037186192e-08
0.23863636363636365,0.5752840909090909,3.736191185142667e-07,5.475526632125935e-08
0.26136363636363635,0.5752840909090909,3.7348326933955775e-07,5.6039838728146274e-08
0.2840909090909091,0.5752840909090909,3.681386344437715e-07,5.709454133511041e-08
0.3068181818181818,0.5752840909090909,3.5594127267374706e-07,5.785978700161414e-08
0.32954545454545453,0.5752840909090909,3.380622361052959e-07,5.843886108186175e-08
0.3522727272727273,0.5752840909090909,3.156978676633264e-07,5.8860696525486994e-08
0.375,0.5752840909090909,2.8879800667911646e-07,5.9112860995804295e-08
0.3977272727272727,0.5752840909090909,2.5645472467220003e-07,5.917791888180158e-08
0.42045454545454547,0.5752840909090909,2.2024183132091372e-07,5.9116202968231235e-08
0.4431818181818182,0.5752840909090909,1.8087050013826645e-07,5.893795015625658e-08
0.4659090909090909,0.5752840909090909,1.3854603027259323e-07,5.8637971877490074e-08
0.48863636363636365,0.5752840909090909,9.279585080088563e-08,5.821301913402826e-08
0.5113636363636364,0.5752840909090909,4.541091904045177e-08,5.770976956520519e-08
0.5340909090909091,0.5752840909090909,-3.3127468252933182e-09,5.713591581152691e-08
0.5568181818181818,0.5752840909090909,-5.2582595464196047e-08,5.651704130621427e-08
0.5795454545454546,0.5752840909090909,-1.022378775292678e-07,5.5836074499721694e-08
0.6022727272727273,0.5752840909090909,-1.5130035095837904e-07,5.513507659252947e-08
0.625,0.5752840909090909,-1.9902130759183682e-07,5.444324605168835e-08
0.6477272727272727,0.5752840909090909,-2.4412695814855553e-07,5.376760884790569e-08
0.6704545454545454,0.5752840909090909,-2.864640198425127e-07,5.310418604198358e-08
0.6931818181818182,0.5752840909090909,-3.255558973830613e-07,5.24756993344321e-08
0.7159090909090909,0.5752840909090909,-3.596784504317896e-07,5.190990480331248e-08
0.7386363636363636,0.5752840909090909,-3.8733364118726886e-07,5.1358602241307903e-08
0.7613636363636364,0.5752840909090909,-4.0921946807472714e-07,5.079993099428934e-08
0.7840909090909091,0.5752840909090909,-4.2478524684629343e-07,5.0213297854944076e-08
0.8068181818181818,0.5752840909090909,-4.302008723614729e-07,4.940254722189265e-08
0.8295454545454546,0.5752840909090909,-4.259452231102036e-07,4.835417749941547e-08
0.8522727272727273,0.5752840909090909,-4.1273993652903667e-07,4.695565760592948e-08
0.875,0.5752840909090909,-3.891295171326988e-07,4.4903403227741326e-08
0.8977272727272727,0.5752840909090909,-3.4988692759931127e-07,4.153802871231798e-08
0.9204545454545454,0.5752840909090909,-2.999991779610595e-07,3.692608832917005e-08
0.9431818181818182,0.5752840909090909,-2.356694241107186e-07,3.005052826115842e-08
0.9659090909090909,0.5752840909090909,-1.5200997605252818e-07,1.9845914027788286e-08
0.9886363636363636,0.5752840909090909,-5.3503863776795394e-08,7.627291868876605e-09
0.011363636363636364,0.5894886363636364,3.293975730606394e-08,5.989996518548876e-09
0.03409090909090909,0.5894886363636364,9.605849207021556e-08,1.7391356461287417e-08
0.056818181818181816,0.5894886363636364,1.527052618416599e-07,2.7197137418677658e-08
0.07954545454545454,0.5894886363636364,2.036898473705219e-07,3.4643503001885693e-08
0.10227272727272728,0.5894886363636364,2.4799488142593175e-07,4.033113680331906e-08
0.125,0.5894886363636364,2.858548228159173e-07,4.477294466899308e-08
0.14772727272727273,0.5894886363636364,3.1818744575649075e-07,4.841880167748829e-08
0.17045454545454544,0.5894886363636364,3.4396718832676233e-07,5.1303229816442534e-08
0.19318181818181818,0.5894886363636364,3.6256341050292303e-07,5.3672469170237376e-08
0.2159090909090909,0.5894886363636364,3.7491673738058545e-07,5.562635839601729e-08
0.23863636363636365,0.5894886363636364,3.816691543638587e-07,5.7246487179749346e-08
0.26136363636363635,0.5894886363636364,3.8161555124306543e-07,5.855978976437024e-08
0.2840909090909091,0.5894886363636364,3.748044262410778e-07,5.958237549506905e-08
0.3068181818181818,0.5894886363636364,3.6293727246867e-07,6.040928932799082e-08
0.32954545454545453,0.5894886363636364,3.455826946735914e-07,6.105311720919927e-08
0.3522727272727273,0.5894886363636364,3.223167739396421e-07,6.150559825747379e-08
0.375,0.5894886363636364,2.9412207124068445e-07,6.175787242527854e-08
0.3977272727272727,0.5894886363636364,2.620480926387608e-07,6.187490400363296e-08
0.42045454545454547,0.5894886363636364,2.2518845468877474e-07,6.184270612441212e-08
0.4431818181818182,0.5894886363636364,1.8448634384503173e-07,6.164819223052868e-08
0.4659090909090909,0.5894886363636364,1.4103871633212953e-07,6.13329262517876e-08
0.48863636363636365,0.5894886363636364,9.519192214499717e-08,6.092013572628928e-08
0.5113636363636364,0.5894886363636364,4.636628775127664e-08,6.036960542022099e-08
0.5340909090909091,0.5894886363636364,-3.339610165555876e-09,5.974539084517176e-08
0.5568181818181818,0.5894886363636364,-5.3595007284193335e-08,5.9072110405544774e-08
0.5795454545454546,0.5894886363636364,-1.0432577000719653e-07,5.83326889451999e-08
0.6022727272727273,0.5894886363636364,-1.5463367519162974e-07,5.7539718336894074e-08
0.625,0.5894886363636364,-2.0283751656588733e-07,5.6782194854734105e-08
0.6477272727272727,0.5894886363636364,-2.4917578761573655e-07,5.603612187313706e-08
0.6704545454545454,0.5894886363636364,-2.929131967411733e-07,5.528143745443557e-08
0.6931818181818182,0.5894886363636364,-3.321480900916265e-07,5.460300247679188e-08
0.7159090909090909,0.5894886363636364,-3.6647080391205927e-07,5.399215487234619e-08
0.7386363636363636,0.5894886363636364,-3.959853292567569e-07,5.341390148880881e-08
0.7613636363636364,0.5894886363636364,-4.185751876584017e-07,5.2877400251311975e-08
0.7840909090909091,0.5894886363636364,-4.322761102764219e-07,5.231209009636507e-08
0.8068181818181818,0.5894886363636364,-4.3853839940788323e-07,5.1624444507093415e-08
0.8295454545454546,0.5894886363636364,-4.3560792250516706e-07,5.079529954094929e-08
0.8522727272727273,0.5894886363636364,-4.208854761398701e-07,4.967330502354263e-08
0.875,0.5894886363636364,-3.9436848347656785e-07,4.772590168338851e-08
0.8977272727272727,0.5894886363636364,-3.574724211503424e-07,4.491309851947559e-08
0.9204545454545454,0.5894886363636364,-3.0559151507344884e-07,4.038226334939228e-08
0.9431818181818182,0.5894886363636364,-2.3786761214762412e-07,3.314201739738685e-08
0.9659090909090909,0.5894886363636364,-1.548557544467696e-07,2.2802838589930516e-08
0.9886363636363636,0.5894886363636364,-5.3506651452237814e-08,7.64006790900588e-09
0.011363636363636364,0.6036931818181818,3.326128952936934e-08,6.649293102458854e-09
0.03409090909090909,0.6036931818181818,9.674074003434749e-08,1.982748131969111e-08
0.056818181818181816,0.6036931818181818,1.5480135329040376e-07,2.992764929568855e-08
0.07954545454545454,0.6036931818181818,2.063938163272496e-07,3.740370178112617e-08
0.10227272727272728,0.6036931818181818,2.5152432787578457e-07,4.2937881824942654e-08
0.125,0.6036931818181818,2.907266175101727e-07,4.731363012177677e-08
0.14772727272727273,0.6036931818181818,3.241281346041161e-07,5.08899032779762e-08
0.17045454545454544,0.6036931818181818,3.5046088578930957e-07,5.3790279339237285e-08
0.19318181818181818,0.6036931818181818,3.693116590380602e-07,5.6103450155008936e-08
0.2159090909090909,0.6036931818181818,3.8219175603325274e-07,5.807076001016407e-08
0.23863636363636365,0.6036931818181818,3.893451958445525e-07,5.974383511259047e-08
0.26136363636363635,0.6036931818181818,3.8925830501209767e-07,6.105783751771791e-08
0.2840909090909091,0.6036931818181818,3.823216444940024e-07,6.214007264519852e-08
0.3068181818181818,0.6036931818181818,3.701849910490506e-07,6.304067032519507e-08
0.32954545454545453,0.6036931818181818,3.527426541340206e-07,6.374344788205884e-08
0.3522727272727273,0.6036931818181818,3.290614110027657e-07,6.421050242399711e-08
0.375,0.6036931818181818,3.001501190139314e-07,6.452845601407623e-08
0.3977272727272727,0.6036931818181818,2.6717029644761423e-07,6.469581636902132e-08
0.42045454545454547,0.6036931818181818,2.301396596097553e-07,6.467953546507277e-08
0.4431818181818182,0.6036931818181818,1.8853764643199586e-07,6.44980259866824e-08
0.4659090909090909,0.6036931818181818,1.4388057352216553e-07,6.41860207206991e-08
0.48863636363636365,0.6036931818181818,9.68008254867367e-08,6.37515633435435e-08
0.5113636363636364,0.6036931818181818,4.786663768778604e-08,6.319747300507214e-08
0.5340909090909091,0.6036931818181818,-3.2140694923092867e-09,6.252028505914584e-08
0.5568181818181818,0.6036931818181818,-5.4909712658066e-08,6.176749927905085e-08
0.5795454545454546,0.6036931818181818,-1.0664802742601188e-07,6.096141883743278e-08
0.6022727272727273,0.6036931818181818,-1.5739352284142723e-07,6.013414797429509e-08
0.625,0.6036931818181818,-2.0700546752817014e-07,5.926144763676839e-08
0.6477272727272727,0.6036931818181818,-2.5466893765347464e-07,5.839604395092004e-08
0.6704545454545454,0.6036931818181818,-2.9897374389680085e-07,5.7603651057521606e-08
0.6931818181818182,0.6036931818181818,-3.3883378897811955e-07,5.685240951621597e-08
0.7159090909090909,0.6036931818181818,-3.7416038326184634e-07,5.6155053130690615e-08
0.7386363636363636,0.6036931818181818,-4.045520650992159e-07,5.553005489529148e-08
0.7613636363636364,0.6036931818181818,-4.270900293942194e-07,5.4994720329942984e-08
0.7840909090909091,0.6036931818181818,-4.411540598346865e-07,5.445248431648607e-08
0.8068181818181818,0.6036931818181818,-4.474290103608666e-07,5.389126799045201e-08
0.8295454545454546,0.6036931818181818,-4.4472015803844886e-07,5.3233437390534196e-08
0.8522727272727273,0.6036931818181818,-4.29331954130948e-07,5.2195992630203415e-08
0.875,0.6036931818181818,-4.0189371004408067e-07,5.063707967485317e-08
0.8977272727272727,0.6036931818181818,-3.6350283145186687e-07,4.829389991946036e-08
0.9204545454545454,0.6036931818181818,-3.107031236709024e-07,4.373627151275659e-08
0.9431818181818182,0.6036931818181818,-2.4106661678877945e-07,3.6665276385334736e-08
0.9659090909090909,0.6036931818181818,-1.570800770836957e-07,2.6594181142591718e-08
0.9886363636363636,0.6036931818181818,-5.422254839812476e-08,1.0921055347459355e-08
0.011363636363636364,0.6178977272727273,3.299918887138325e-08,7.3690801950068496e-09
0.03409090909090909,0.6178977272727273,9.689980586317043e-08,2.3072331340825073e-08
0.056818181818181816,0.6178977272727273,1.5630009340679436e-07,3.286477529754215e-08
0.07954545454545454,0.6178977272727273,2.0867972367763445e-07,3.999613250685551e-08
0.10227272727272728,0.6178977272727273,2.557286351315316e-07,4.56208125155686e-08
0.125,0.6178977272727273,2.968272138392186e-07,4.995944270799116e-08
0.14772727272727273,0.6178977272727273,3.3017320512716943e-07,5.335120949614259e-08
0.17045454545454544,0.6178977272727273,3.566111519074807e-07,5.617965883276011e-08
0.19318181818181818,0.6178977272727273,3.772766439910335e-07,5.858203882629989e-08
0.2159090909090909,0.6178977272727273,3.9090998093099845e-07,6.058421987177807e-08
0.23863636363636365,0.6178977272727273,3.9676803361964625e-07,6.222673474524475e-08
0.26136363636363635,0.6178977272727273,3.9681689106759966e-07,6.362129083929953e-08
0.2840909090909091,0.6178977272727273,3.911683302293507e-07,6.48053632986814e-08
0.3068181818181818,0.6178977272727273,3.7843491684360916e-07,6.578634241125987e-08
0.32954545454545453,0.6178977272727273,3.595956058362626e-07,6.651237936053087e-08
0.3522727272727273,0.6178977272727273,3.3607086373531976e-07,6.707659207184969e-08
0.375,0.6178977272727273,3.072107412414728e-07,6.748322383019196e-08
0.3977272727272727,0.6178977272727273,2.728899381354945e-07,6.768120584062465e-08
0.42045454545454547,0.6178977272727273,2.3462980482132378e-07,6.769191681548671e-08
0.4431818181818182,0.6178977272727273,1.930625977537417e-07,6.756508346706373e-08
0.4659090909090909,0.6178977272727273,1.4730439172166545e-07,6.727326305802023e-08
0.48863636363636365,0.6178977272727273,9.890202025038013e-08,6.680369662314778e-08
0.5113636363636364,0.6178977272727273,4.878353761865993e-08,6.622328751045445e-08
0.5340909090909091,0.6178977272727273,-2.8936791444638646e-09,6.553691922646707e-08
0.5568181818181818,0.6178977272727273,-5.610867856255588e-08,6.47043413878454e-08
0.5795454545454546,0.6178977272727273,-1.0868044577882134e-07,6.38281352921919e-08
0.6022727272727273,0.6178977272727273,-1.606403047223693e-07,6.291669221621358e-08
0.625,0.6178977272727273,-2.1168999962548286e-07,6.194675596843828e-08
0.6477272727272727,0.6178977272727273,-2.6014379430848315e-07,6.098017311042059e-08
0.6704545454545454,0.6178977272727273,-3.050010217876011e-07,6.008851990348812e-08
0.6931818181818182,0.6178977272727273,-3.4646907727592537e-07,5.924496677372827e-08
0.7159090909090909,0.6178977272727273,-3.8321910246569325e-07,5.843594298114827e-08
0.7386363636363636,0.6178977272727273,-4.1272150366169277e-07,5.777994414585976e-08
0.7613636363636364,0.6178977272727273,-4.3581050093946107e-07,5.719564846268254e-08
0.7840909090909091,0.6178977272727273,-4.5199296153526877e-07,5.6651692108166674e-08
0.8068181818181818,0.6178977272727273,-4.580842505526503e-07,5.6177094006743875e-08
0.8295454545454546,0.6178977272727273,-4.531183424767662e-07,5.5593127420672327e-08
0.8522727272727273,0.6178977272727273,-4.385950272561994e-07,5.47810650627615e-08
0.875,0.6178977272727273,-4.119355384931179e-07,5.364587170184323e-08
0.8977272727272727,0.6178977272727273,-3.6992918804322425e-07,5.142218081538671e-08
0.9204545454545454,0.6178977272727273,-3.1417901452043805e-07,4.730655288867908e-08
0.9431818181818182,0.6178977272727273,-2.455091907003194e-07,4.102435350790851e-08
0.9659090909090909,0.6178977272727273,-1.5929020485358746e-07,3.038861534376771e-08
0.9886363636363636,0.6178977272727273,-5.429413809271345e-08,1.1249154091304714e-08