x, y, u
1.136363636363636e-02, 1.136363636363636e-02, 1.409041228890406e-04
1.136363636363636e-02, 3.409090909090909e-02, 4.383471586993374e-04
1.136363636363636e-02, 5.681818181818182e-02, 7.426162601394873e-04
1.136363636363636e-02, 7.954545454545454e-02, 1.025293790448784e-03
1.136363636363636e-02, 1.022727272727273e-01, 1.254148507976933e-03
1.136363636363636e-02, 1.250000000000000e-01, 1.483778589262042e-03
1.136363636363636e-02, 1.477272727272727e-01, 1.672056606754013e-03
1.136363636363636e-02, 1.704545454545454e-01, 1.857052401402477e-03
1.136363636363636e-02, 1.931818181818182e-01, 2.016983328036643e-03
1.136363636363636e-02, 2.159090909090909e-01, 2.150717059728029e-03
1.136363636363636e-02, 2.386363636363636e-01, 2.276021671902326e-03
1.136363636363636e-02, 2.613636363636364e-01, 2.370557906500221e-03
1.136363636363636e-02, 2.840909090909091e-01, 2.458461793622232e-03
1.136363636363636e-02, 3.068181818181818e-01, 2.521613890624888e-03
1.136363636363636e-02, 3.295454545454545e-01, 2.575027317659363e-03
1.136363636363636e-02, 3.522727272727273e-01, 2.609120308426488e-03
1.136363636363636e-02, 3.750000000000000e-01, 2.630823568669936e-03
1.136363636363636e-02, 3.977272727272727e-01, 2.638372901503510e-03
1.136363636363636e-02, 4.204545454545455e-01, 2.631131325310188e-03
1.136363636363636e-02, 4.431818181818182e-01, 2.612368637926704e-03
1.136363636363636e-02, 4.659090909090909e-01, 2.581169143586287e-03
1.136363636363636e-02, 4.886363636363636e-01, 2.536904817767625e-03
1.136363636363636e-02, 5.113636363636364e-01, 2.486034592540922e-03
1.136363636363636e-02, 5.340909090909091e-01, 2.419829243952198e-03
1.136363636363636e-02, 5.568181818181818e-01, 2.351155451496255e-03
1.136363636363636e-02, 5.795454545454546e-01, 2.265738770946765e-03
1.136363636363636e-02, 6.022727272727273e-01, 2.181386414660699e-03
1.136363636363636e-02, 6.250000000000000e-01, 2.079776721386127e-03
1.136363636363636e-02, 6.477272727272727e-01, 1.982420075322247e-03
1.136363636363636e-02, 6.704545454545454e-01, 1.867111273313115e-03
1.136363636363636e-02, 6.931818181818182e-01, 1.750780711034906e-03
1.136363636363636e-02, 7.159090909090909e-01, 1.633096014168217e-03
1.136363636363636e-02, 7.386363636363636e-01, 1.503239457103402e-03
1.136363636363636e-02, 7.613636363636364e-01, 1.382683744525160e-03
1.136363636363636e-02, 7.840909090909091e-01, 1.246335718785029e-03
1.136363636363636e-02, 8.068181818181818e-01, 1.121468678675289e-03
1.136363636363636e-02, 8.295454545454546e-01, 9.812638076202376e-04
1.136363636363636e-02, 8.522727272727273e-01, 8.540562383615918e-04
1.136363636363636e-02, 8.750000000000000e-01, 7.129971763898632e-04
1.136363636363636e-02, 8.977272727272727e-01, 5.864338694314181e-04
1.136363636363636e-02, 9.204545454545454e-01, 4.472615827247646e-04
1.136363636363636e-02, 9.431818181818182e-01, 3.175234935504439e-04
1.136363636363636e-02, 9.659090909090909e-01, 1.906887662429679e-04
1.136363636363636e-02, 9.886363636363636e-01, 6.684189960031977e-05
3.409090909090909e-02, 1.136363636363636e-02, 4.756239828370466e-04
3.409090909090909e-02, 3.409090909090909e-02, 1.355692685223279e-03
3.409090909090909e-02, 5.681818181818182e-02, 2.148153362310998e-03
3.409090909090909e-02, 7.954545454545454e-02, 2.935474025067488e-03
3.409090909090909e-02, 1.022727272727273e-01, 3.584754051005477e-03
3.409090909090909e-02, 1.250000000000000e-01, 4.232051349961454e-03
3.409090909090909e-02, 1.477272727272727e-01, 4.754617403808031e-03
3.409090909090909e-02, 1.704545454545454e-01, 5.268719065353207e-03
3.409090909090909e-02, 1.931818181818182e-01, 5.683901213075921e-03
3.409090909090909e-02, 2.159090909090909e-01, 6.072181403076382e-03
3.409090909090909e-02, 2.386363636363636e-01, 6.388545646599256e-03
3.409090909090909e-02, 2.613636363636364e-01, 6.660504845905053e-03
3.409090909090909e-02, 2.840909090909091e-01, 6.880635410215288e-03
3.409090909090909e-02, 3.068181818181818e-01, 7.049375382076293e-03
3.409090909090909e-02, 3.295454545454545e-01, 7.177239531798018e-03
3.409090909090909e-02, 3.522727272727273e-01, 7.255262421303642e-03
3.409090909090909e-02, 3.750000000000000e-01, 7.295094567391885e-03
3.409090909090909e-02, 3.977272727272727e-01, 7.295309962715641e-03
3.409090909090909e-02, 4.204545454545455e-01, 7.253173637809454e-03
3.409090909090909e-02, 4.431818181818182e-01, 7.183217759156605e-03
3.409090909090909e-02, 4.659090909090909e-01, 7.070185228938697e-03
3.409090909090909e-02, 4.886363636363636e-01, 6.934996110692249e-03
3.409090909090909e-02, 5.113636363636364e-01, 6.762554519461722e-03
3.409090909090909e-02, 5.340909090909091e-01, 6.566557648013302e-03
3.409090909090909e-02, 5.568181818181818e-01, 6.347386997320353e-03
3.409090909090909e-02, 5.795454545454546e-01, 6.097362058340884e-03
3.409090909090909e-02, 6.022727272727273e-01, 5.839822910726045e-03
3.409090909090909e-02, 6.250000000000000e-01, 5.542643739283560e-03
3.409090909090909e-02, 6.477272727272727e-01, 5.258279020789103e-03
3.409090909090909e-02, 6.704545454545454e-01, 4.927588233032038e-03
3.409090909090909e-02, 6.931818181818182e-01, 4.613481921369357e-03
3.409090909090909e-02, 7.159090909090909e-01, 4.262958245758602e-03
3.409090909090909e-02, 7.386363636363636e-01, 3.923397985494163e-03
3.409090909090909e-02, 7.613636363636364e-01, 3.564667606103388e-03
3.409090909090909e-02, 7.840909090909091e-01, 3.206637809833105e-03
3.409090909090909e-02, 8.068181818181818e-01, 2.850272188690337e-03
3.409090909090909e-02, 8.295454545454546e-01, 2.483109223598572e-03
3.409090909090909e-02, 8.522727272727273e-01, 2.134105974909496e-03
3.409090909090909e-02, 8.750000000000000e-01, 1.768040722713016e-03
3.409090909090909e-02, 8.977272727272727e-01, 1.435181674421759e-03
3.409090909090909e-02, 9.204545454545454e-01, 1.083081968026963e-03
3.409090909090909e-02, 9.431818181818182e-01, 7.698232590193680e-04
3.409090909090909e-02, 9.659090909090909e-01, 4.504734194637104e-04
3.409090909090909e-02, 9.886363636363636e-01, 1.451919947342899e-04
5.681818181818182e-02, 1.136363636363636e-02, 7.353697188190204e-04
5.681818181818182e-02, 3.409090909090909e-02, 2.126364507546137e-03
5.681818181818182e-02, 5.681818181818182e-02, 3.424717575140565e-03
5.681818181818182e-02, 7.954545454545454e-02, 4.618333607939424e-03
5.681818181818182e-02, 1.022727272727273e-01, 5.675864492022058e-03
5.681818181818182e-02, 1.250000000000000e-01, 6.648182764772004e-03
5.681818181818182e-02, 1.477272727272727e-01, 7.491483052237867e-03
5.681818181818182e-02, 1.704545454545454e-01, 8.262309705385837e-03
5.681818181818182e-02, 1.931818181818182e-01, 8.911770620475535e-03
5.681818181818182e-02, 2.159090909090909e-01, 9.492044124761982e-03
5.681818181818182e-02, 2.386363636363636e-01, 9.963328480641772e-03
5.681818181818182e-02, 2.613636363636364e-01, 1.036556324390538e-02
5.681818181818182e-02, 2.840909090909091e-01, 1.067452550108447e-02
5.681818181818182e-02, 3.068181818181818e-01, 1.091332880767873e-02
5.681818181818182e-02, 3.295454545454545e-01, 1.107469172462963e-02
5.681818181818182e-02, 3.522727272727273e-01, 1.116889757834865e-02
5.681818181818182e-02, 3.750000000000000e-01, 1.119342292320530e-02
5.681818181818182e-02, 3.977272727272727e-01, 1.116126887939152e-02
5.681818181818182e-02, 4.204545454545455e-01, 1.106013487941166e-02
5.681818181818182e-02, 4.431818181818182e-01, 1.091444545081353e-02
5.681818181818182e-02, 4.659090909090909e-01, 1.070451106926051e-02
5.681818181818182e-02, 4.886363636363636e-01, 1.045959012321426e-02
5.681818181818182e-02, 5.113636363636364e-01, 1.015718706886072e-02
5.681818181818182e-02, 5.340909090909091e-01, 9.826329737117417e-03
5.681818181818182e-02, 5.568181818181818e-01, 9.450665149669545e-03
5.681818181818182e-02, 5.795454545454546e-01, 9.044145606883078e-03
5.681818181818182e-02, 6.022727272727273e-01, 8.610809734836340e-03
5.681818181818182e-02, 6.250000000000000e-01, 8.142609713063572e-03
5.681818181818182e-02, 6.477272727272727e-01, 7.667439907788219e-03
5.681818181818182e-02, 6.704545454545454e-01, 7.151053073014574e-03
5.681818181818182e-02, 6.931818181818182e-01, 6.641979878402541e-03
5.681818181818182e-02, 7.159090909090909e-01, 6.099169561313311e-03
5.681818181818182e-02, 7.386363636363636e-01, 5.570315741084079e-03
5.681818181818182e-02, 7.613636363636364e-01, 5.018280661609514e-03
5.681818181818182e-02, 7.840909090909091e-01, 4.482395268139069e-03
5.681818181818182e-02, 8.068181818181818e-01, 3.939637221351973e-03
5.681818181818182e-02, 8.295454545454546e-01, 3.407742816074344e-03
5.681818181818182e-02, 8.522727272727273e-01, 2.885124579450320e-03
5.681818181818182e-02, 8.750000000000000e-01, 2.375805854101382e-03
5.681818181818182e-02, 8.977272727272727e-01, 1.890963678378461e-03
5.681818181818182e-02, 9.204545454545454e-01, 1.419034909759135e-03
5.681818181818182e-02, 9.431818181818182e-01, 9.767365790655149e-04
5.681818181818182e-02, 9.659090909090909e-01, 5.637558299557255e-04
5.681818181818182e-02, 9.886363636363636e-01, 1.799826611988197e-04
7.954545454545454e-02, 1.136363636363636e-02, 9.952375585265112e-04
7.954545454545454e-02, 3.409090909090909e-02, 2.868434786931685e-03
7.954545454545454e-02, 5.681818181818182e-02, 4.577006876935972e-03
7.954545454545454e-02, 7.954545454545454e-02, 6.115719262461502e-03
7.954545454545454e-02, 1.022727272727273e-01, 7.535100709273668e-03
7.954545454545454e-02, 1.250000000000000e-01, 8.773138179914389e-03
7.954545454545454e-02, 1.477272727272727e-01, 9.891644080512046e-03
7.954545454545454e-02, 1.704545454545454e-01, 1.086355741762110e-02
7.954545454545454e-02, 1.931818181818182e-01, 1.170736519651878e-02
7.954545454545454e-02, 2.159090909090909e-01, 1.242479062555311e-02
7.954545454545454e-02, 2.386363636363636e-01, 1.302080090605618e-02
7.954545454545454e-02, 2.613636363636364e-01, 1.350467674966684e-02
7.954545454545454e-02, 2.840909090909091e-01, 1.387360864819124e-02
7.954545454545454e-02, 3.068181818181818e-01, 1.414511680539926e-02
7.954545454545454e-02, 3.295454545454545e-01, 1.430902388570708e-02
7.954545454545454e-02, 3.522727272727273e-01, 1.438834695273265e-02
7.954545454545454e-02, 3.750000000000000e-01, 1.436987365699175e-02
7.954545454545454e-02, 3.977272727272727e-01, 1.427572659517174e-02
7.954545454545454e-02, 4.204545454545455e-01, 1.409903066799612e-02
7.954545454545454e-02, 4.431818181818182e-01, 1.385329346819014e-02
7.954545454545454e-02, 4.659090909090909e-01, 1.353900817046250e-02
7.954545454545454e-02, 4.886363636363636e-01, 1.316350019862952e-02
7.954545454545454e-02, 5.113636363636364e-01, 1.273279739472227e-02
7.954545454545454e-02, 5.340909090909091e-01, 1.224923679656345e-02
7.954545454545454e-02, 5.568181818181818e-01, 1.172270552312798e-02
7.954545454545454e-02, 5.795454545454546e-01, 1.115311470832401e-02
7.954545454545454e-02, 6.022727272727273e-01, 1.055207156471660e-02
7.954545454545454e-02, 6.250000000000000e-01, 9.917880731601625e-03
7.954545454545454e-02, 6.477272727272727e-01, 9.262215021986967e-03
7.954545454545454e-02, 6.704545454545454e-01, 8.586329511987404e-03
7.954545454545454e-02, 6.931818181818182e-01, 7.897984470923490e-03
7.954545454545454e-02, 7.159090909090909e-01, 7.200958579467075e-03
7.954545454545454e-02, 7.386363636363636e-01, 6.501712514157405e-03
7.954545454545454e-02, 7.613636363636364e-01, 5.804875458182870e-03
7.954545454545454e-02, 7.840909090909091e-01, 5.116769848077473e-03
7.954545454545454e-02, 8.068181818181818e-01, 4.440974041624941e-03
7.954545454545454e-02, 8.295454545454546e-01, 3.785687239374903e-03
7.954545454545454e-02, 8.522727272727273e-01, 3.150147329307500e-03
7.954545454545454e-02, 8.750000000000000e-01, 2.542652987888206e-03
7.954545454545454e-02, 8.977272727272727e-01, 1.976335218294448e-03
7.954545454545454e-02, 9.204545454545454e-01, 1.449650333980928e-03
7.954545454545454e-02, 9.431818181818182e-01, 9.697196686038960e-04
7.954545454545454e-02, 9.659090909090909e-01, 5.378851417229510e-04
7.954545454545454e-02, 9.886363636363636e-01, 1.634729982616073e-04
1.022727272727273e-01, 1.136363636363636e-02, 1.207101848995844e-03
1.022727272727273e-01, 3.409090909090909e-02, 3.484223138684307e-03
1.022727272727273e-01, 5.681818181818182e-02, 5.562800750620854e-03
1.022727272727273e-01, 7.954545454545454e-02, 7.438308626919650e-03
1.022727272727273e-01, 1.022727272727273e-01, 9.124395789716785e-03
1.022727272727273e-01, 1.250000000000000e-01, 1.060470275826866e-02
1.022727272727273e-01, 1.477272727272727e-01, 1.193059799909692e-02
1.022727272727273e-01, 1.704545454545454e-01, 1.306481884937678e-02
1.022727272727273e-01, 1.931818181818182e-01, 1.405008020826007e-02
1.022727272727273e-01, 2.159090909090909e-01, 1.486460926131243e-02
1.022727272727273e-01, 2.386363636363636e-01, 1.553687919949514e-02
1.022727272727273e-01, 2.613636363636364e-01, 1.606393527493932e-02
1.022727272727273e-01, 2.840909090909091e-01, 1.645150069396913e-02
1.022727272727273e-01, 3.068181818181818e-01, 1.671631654239464e-02
1.022727272727273e-01, 3.295454545454545e-01, 1.685201703848220e-02
1.022727272727273e-01, 3.522727272727273e-01, 1.687938840444907e-02
1.022727272727273e-01, 3.750000000000000e-01, 1.679550985107582e-02
1.022727272727273e-01, 3.977272727272727e-01, 1.661117073691951e-02
1.022727272727273e-01, 4.204545454545455e-01, 1.633873967512361e-02
1.022727272727273e-01, 4.431818181818182e-01, 1.597094282395647e-02
1.022727272727273e-01, 4.659090909090909e-01, 1.553866487890398e-02
1.022727272727273e-01, 4.886363636363636e-01, 1.501765507341865e-02
1.022727272727273e-01, 5.113636363636364e-01, 1.445188085488720e-02
1.022727272727273e-01, 5.340909090909091e-01, 1.380737366406690e-02
1.022727272727273e-01, 5.568181818181818e-01, 1.312903941509864e-02
1.022727272727273e-01, 5.795454545454546e-01, 1.239686163801377e-02
1.022727272727273e-01, 6.022727272727273e-01, 1.163348722045274e-02
1.022727272727273e-01, 6.250000000000000e-01, 1.084309579487443e-02
1.022727272727273e-01, 6.477272727272727e-01, 1.002348251241507e-02
1.022727272727273e-01, 6.704545454545454e-01, 9.202739722430584e-03
1.022727272727273e-01, 6.931818181818182e-01, 8.359310553034785e-03
1.022727272727273e-01, 7.159090909090909e-01, 7.532702373621493e-03
1.022727272727273e-01, 7.386363636363636e-01, 6.697231309056713e-03
1.022727272727273e-01, 7.613636363636364e-01, 5.889659573643329e-03
1.022727272727273e-01, 7.840909090909091e-01, 5.091950967185671e-03
1.022727272727273e-01, 8.068181818181818e-01, 4.329436466450013e-03
1.022727272727273e-01, 8.295454545454546e-01, 3.600624386022264e-03
1.022727272727273e-01, 8.522727272727273e-01, 2.914228079452139e-03
1.022727272727273e-01, 8.750000000000000e-01, 2.286810026678871e-03
1.022727272727273e-01, 8.977272727272727e-01, 1.702855539269310e-03
1.022727272727273e-01, 9.204545454545454e-01, 1.183470084757082e-03
1.022727272727273e-01, 9.431818181818182e-01, 7.478514904190193e-04
1.022727272727273e-01, 9.659090909090909e-01, 3.882820002947177e-04
1.022727272727273e-01, 9.886363636363636e-01, 1.099248496433913e-04
1.250000000000000e-01, 1.136363636363636e-02, 1.408372157831123e-03
1.250000000000000e-01, 3.409090909090909e-02, 4.042018990979594e-03
1.250000000000000e-01, 5.681818181818182e-02, 6.436438739341604e-03
1.250000000000000e-01, 7.954545454545454e-02, 8.588572742156381e-03
1.250000000000000e-01, 1.022727272727273e-01, 1.050108692053104e-02
1.250000000000000e-01, 1.250000000000000e-01, 1.217857173745755e-02
1.250000000000000e-01, 1.477272727272727e-01, 1.365626449856731e-02
1.250000000000000e-01, 1.704545454545454e-01, 1.491923812738519e-02
1.250000000000000e-01, 1.931818181818182e-01, 1.599747716127550e-02
1.250000000000000e-01, 2.159090909090909e-01, 1.687867531029318e-02
1.250000000000000e-01, 2.386363636363636e-01, 1.758742179480171e-02
1.250000000000000e-01, 2.613636363636364e-01, 1.812218861080835e-02
1.250000000000000e-01, 2.840909090909091e-01, 1.849837152740752e-02
1.250000000000000e-01, 3.068181818181818e-01, 1.872297561007339e-02
1.250000000000000e-01, 3.295454545454545e-01, 1.880613472333411e-02
1.250000000000000e-01, 3.522727272727273e-01, 1.875407783383428e-02
1.250000000000000e-01, 3.750000000000000e-01, 1.858332541570542e-02
1.250000000000000e-01, 3.977272727272727e-01, 1.828813166132658e-02
1.250000000000000e-01, 4.204545454545455e-01, 1.790153220658579e-02
1.250000000000000e-01, 4.431818181818182e-01, 1.739764482757557e-02
1.250000000000000e-01, 4.659090909090909e-01, 1.682728015233230e-02
1.250000000000000e-01, 4.886363636363636e-01, 1.615511023154968e-02
1.250000000000000e-01, 5.113636363636364e-01, 1.543519697209684e-02
1.250000000000000e-01, 5.340909090909091e-01, 1.463681789559434e-02
1.250000000000000e-01, 5.568181818181818e-01, 1.380001866103831e-02
1.250000000000000e-01, 5.795454545454546e-01, 1.291302126064944e-02
1.250000000000000e-01, 6.022727272727273e-01, 1.199432227896347e-02
1.250000000000000e-01, 6.250000000000000e-01, 1.105446899085578e-02
1.250000000000000e-01, 6.477272727272727e-01, 1.009068929835973e-02
1.250000000000000e-01, 6.704545454545454e-01, 9.132759748563838e-03
1.250000000000000e-01, 6.931818181818182e-01, 8.161592348926557e-03
1.250000000000000e-01, 7.159090909090909e-01, 7.217260285369424e-03
1.250000000000000e-01, 7.386363636363636e-01, 6.279328753298214e-03
1.250000000000000e-01, 7.613636363636364e-01, 5.383625530197046e-03
1.250000000000000e-01, 7.840909090909091e-01, 4.518601702871390e-03
1.250000000000000e-01, 8.068181818181818e-01, 3.707334329358336e-03
1.250000000000000e-01, 8.295454545454546e-01, 2.949539027735609e-03
1.250000000000000e-01, 8.522727272727273e-01, 2.263258559972012e-03
1.250000000000000e-01, 8.750000000000000e-01, 1.646065467899318e-03
1.250000000000000e-01, 8.977272727272727e-01, 1.121089017262208e-03
1.250000000000000e-01, 9.204545454545454e-01, 6.811679592022662e-04
1.250000000000000e-01, 9.431818181818182e-01, 3.438470396171963e-04
1.250000000000000e-01, 9.659090909090909e-01, 1.155035167133821e-04
1.250000000000000e-01, 9.886363636363636e-01, 6.856837011429471e-06
1.477272727272727e-01, 1.136363636363636e-02, 1.584066747313319e-03
1.477272727272727e-01, 3.409090909090909e-02, 4.521517574597103e-03
1.477272727272727e-01, 5.681818181818182e-02, 7.175566711883003e-03
1.477272727272727e-01, 7.954545454545454e-02, 9.547282035959450e-03
1.477272727272727e-01, 1.022727272727273e-01, 1.164255366005853e-02
1.477272727272727e-01, 1.250000000000000e-01, 1.348213571163289e-02
1.477272727272727e-01, 1.477272727272727e-01, 1.508248654353795e-02
1.477272727272727e-01, 1.704545454545454e-01, 1.643894716365345e-02
1.477272727272727e-01, 1.931818181818182e-01, 1.757228792334145e-02
1.477272727272727e-01, 2.159090909090909e-01, 1.848555187334531e-02
1.477272727272727e-01, 2.386363636363636e-01, 1.919488833165803e-02
1.477272727272727e-01, 2.613636363636364e-01, 1.970678038384981e-02
1.477272727272727e-01, 2.840909090909091e-01, 2.004300797497300e-02
1.477272727272727e-01, 3.068181818181818e-01, 2.019854273089712e-02
1.477272727272727e-01, 3.295454545454545e-01, 2.020522643404836e-02
1.477272727272727e-01, 3.522727272727273e-01, 2.004885868772226e-02
1.477272727272727e-01, 3.750000000000000e-01, 1.976771035326494e-02
1.477272727272727e-01, 3.977272727272727e-01, 1.934532909558015e-02
1.477272727272727e-01, 4.204545454545455e-01, 1.881713523463766e-02
1.477272727272727e-01, 4.431818181818182e-01, 1.817580572604411e-02
1.477272727272727e-01, 4.659090909090909e-01, 1.744538606932283e-02
1.477272727272727e-01, 4.886363636363636e-01, 1.662818232147147e-02
1.477272727272727e-01, 5.113636363636364e-01, 1.574038755218070e-02
1.477272727272727e-01, 5.340909090909091e-01, 1.479041163757535e-02
1.477272727272727e-01, 5.568181818181818e-01, 1.379011508603470e-02
1.477272727272727e-01, 5.795454545454546e-01, 1.275058745871486e-02
1.477272727272727e-01, 6.022727272727273e-01, 1.168258900257082e-02
1.477272727272727e-01, 6.250000000000000e-01, 1.059899464411154e-02
1.477272727272727e-01, 6.477272727272727e-01, 9.505832445206265e-03
1.477272727272727e-01, 6.704545454545454e-01, 8.419617763030728e-03
1.477272727272727e-01, 6.931818181818182e-01, 7.347716414772537e-03
1.477272727272727e-01, 7.159090909090909e-01, 6.303581456155740e-03
1.477272727272727e-01, 7.386363636363636e-01, 5.295782785334870e-03
1.477272727272727e-01, 7.613636363636364e-01, 4.337817504369699e-03
1.477272727272727e-01, 7.840909090909091e-01, 3.437925111902430e-03
1.477272727272727e-01, 8.068181818181818e-01, 2.618459595319558e-03
1.477272727272727e-01, 8.295454545454546e-01, 1.862777839874100e-03
1.477272727272727e-01, 8.522727272727273e-01, 1.218745308664475e-03
1.477272727272727e-01, 8.750000000000000e-01, 6.699552075588110e-04
1.477272727272727e-01, 8.977272727272727e-01, 2.325558222675420e-04
1.477272727272727e-01, 9.204545454545454e-01, -8.189063601235875e-05
1.477272727272727e-01, 9.431818181818182e-01, -2.482629834685390e-04
1.477272727272727e-01, 9.659090909090909e-01, -2.654695292297129e-04
1.477272727272727e-01, 9.886363636363636e-01, -1.321638700941879e-04
1.704545454545454e-01, 1.136363636363636e-02, 1.721503196257181e-03
1.704545454545454e-01, 3.409090909090909e-02, 4.919024072377839e-03
1.704545454545454e-01, 5.681818181818182e-02, 7.797652155121438e-03
1.704545454545454e-01, 7.954545454545454e-02, 1.036070273323494e-02
1.704545454545454e-01, 1.022727272727273e-01, 1.260112047914053e-02
1.704545454545454e-01, 1.250000000000000e-01, 1.455147091011476e-02
1.704545454545454e-01, 1.477272727272727e-01, 1.621521095253567e-02
1.704545454545454e-01, 1.704545454545454e-01, 1.762587327988883e-02
1.704545454545454e-01, 1.931818181818182e-01, 1.876623142468501e-02
1.704545454545454e-01, 2.159090909090909e-01, 1.967225224280792e-02
1.704545454545454e-01, 2.386363636363636e-01, 2.035270601295402e-02
1.704545454545454e-01, 2.613636363636364e-01, 2.080759667888185e-02
1.704545454545454e-01, 2.840909090909091e-01, 2.107472922805483e-02
1.704545454545454e-01, 3.068181818181818e-01, 2.113317663968436e-02
1.704545454545454e-01, 3.295454545454545e-01, 2.103069312509585e-02
1.704545454545454e-01, 3.522727272727273e-01, 2.075312094670009e-02
1.704545454545454e-01, 3.750000000000000e-01, 2.033091230382121e-02
1.704545454545454e-01, 3.977272727272727e-01, 1.977165370412833e-02
1.704545454545454e-01, 4.204545454545455e-01, 1.908143276767382e-02
1.704545454545454e-01, 4.431818181818182e-01, 1.829262826185696e-02
1.704545454545454e-01, 4.659090909090909e-01, 1.738975954481714e-02
1.704545454545454e-01, 4.886363636363636e-01, 1.641986041589620e-02
1.704545454545454e-01, 5.113636363636364e-01, 1.535795463128234e-02
1.704545454545454e-01, 5.340909090909091e-01, 1.425574918091765e-02
1.704545454545454e-01, 5.568181818181818e-01, 1.308993757715668e-02
1.704545454545454e-01, 5.795454545454546e-01, 1.190169352601976e-02
1.704545454545454e-01, 6.022727272727273e-01, 1.068969213848868e-02
1.704545454545454e-01, 6.250000000000000e-01, 9.468752024023494e-03
1.704545454545454e-01, 6.477272727272727e-01, 8.261210446060190e-03
1.704545454545454e-01, 6.704545454545454e-01, 7.062831719931159e-03
1.704545454545454e-01, 6.931818181818182e-01, 5.908062299386682e-03
1.704545454545454e-01, 7.159090909090909e-01, 4.788830829900787e-03
1.704545454545454e-01, 7.386363636363636e-01, 3.733961540725163e-03
1.704545454545454e-01, 7.613636363636364e-01, 2.747974126957483e-03
1.704545454545454e-01, 7.840909090909091e-01, 1.846017760053508e-03
1.704545454545454e-01, 8.068181818181818e-01, 1.042262968708300e-03
1.704545454545454e-01, 8.295454545454546e-01, 3.599937061573230e-04
1.704545454545454e-01, 8.522727272727273e-01, -2.159278462739550e-04
1.704545454545454e-01, 8.750000000000000e-01, -6.493610225149115e-04
1.704545454545454e-01, 8.977272727272727e-01, -9.270100121231765e-04
1.704545454545454e-01, 9.204545454545454e-01, -1.050244974984079e-03
1.704545454545454e-01, 9.431818181818182e-01, -9.799167354529131e-04
1.704545454545454e-01, 9.659090909090909e-01, -7.366179916169827e-04
1.704545454545454e-01, 9.886363636363636e-01, -2.970317269586391e-04
1.931818181818182e-01, 1.136363636363636e-02, 1.851216810886223e-03
1.931818181818182e-01, 3.409090909090909e-02, 5.265326721895240e-03
1.931818181818182e-01, 5.681818181818182e-02, 8.314778477199589e-03
1.931818181818182e-01, 7.954545454545454e-02, 1.100761366629151e-02
1.931818181818182e-01, 1.022727272727273e-01, 1.335040013725392e-02
1.931818181818182e-01, 1.250000000000000e-01, 1.537566932187360e-02
1.931818181818182e-01, 1.477272727272727e-01, 1.709911497210632e-02
1.931818181818182e-01, 1.704545454545454e-01, 1.850048982935329e-02
1.931818181818182e-01, 1.931818181818182e-01, 1.964146692721682e-02
1.931818181818182e-01, 2.159090909090909e-01, 2.049964532600735e-02
1.931818181818182e-01, 2.386363636363636e-01, 2.111545651932335e-02
1.931818181818182e-01, 2.613636363636364e-01, 2.148997970436182e-02
1.931818181818182e-01, 2.840909090909091e-01, 2.164981555155814e-02
1.931818181818182e-01, 3.068181818181818e-01, 2.159859191367465e-02
1.931818181818182e-01, 3.295454545454545e-01, 2.136011331026571e-02
1.931818181818182e-01, 3.522727272727273e-01, 2.094699614946930e-02
1.931818181818182e-01, 3.750000000000000e-01, 2.036755181194150e-02
1.931818181818182e-01, 3.977272727272727e-01, 1.965486505222781e-02
1.931818181818182e-01, 4.204545454545455e-01, 1.879365238132497e-02
1.931818181818182e-01, 4.431818181818182e-01, 1.784215801977587e-02
1.931818181818182e-01, 4.659090909090909e-01, 1.675944571607450e-02
1.931818181818182e-01, 4.886363636363636e-01, 1.562128122553294e-02
1.931818181818182e-01, 5.113636363636364e-01, 1.438861980714337e-02
1.931818181818182e-01, 5.340909090909091e-01, 1.312223983066710e-02
1.931818181818182e-01, 5.568181818181818e-01, 1.180249915307342e-02
1.931818181818182e-01, 5.795454545454546e-01, 1.046647209866824e-02
1.931818181818182e-01, 6.022727272727273e-01, 9.119042740497685e-03
1.931818181818182e-01, 6.250000000000000e-01, 7.775364669475263e-03
1.931818181818182e-01, 6.477272727272727e-01, 6.458642060474541e-03
1.931818181818182e-01, 6.704545454545454e-01, 5.170020033644798e-03
1.931818181818182e-01, 6.931818181818182e-01, 3.940887058953926e-03
1.931818181818182e-01, 7.159090909090909e-01, 2.771198488516576e-03
1.931818181818182e-01, 7.386363636363636e-01, 1.688179508296881e-03
1.931818181818182e-01, 7.613636363636364e-01, 7.001091747268868e-04
1.931818181818182e-01, 7.840909090909091e-01, -1.797560771216073e-04
1.931818181818182e-01, 8.068181818181818e-01, -9.081782090012110e-04
1.931818181818182e-01, 8.295454545454546e-01, -1.516748112666161e-03
1.931818181818182e-01, 8.522727272727273e-01, -1.968852421479996e-03
1.931818181818182e-01, 8.750000000000000e-01, -2.230545821706728e-03
1.931818181818182e-01, 8.977272727272727e-01, -2.320492641405042e-03
1.931818181818182e-01, 9.204545454545454e-01, -2.217594865421691e-03
1.931818181818182e-01, 9.431818181818182e-01, -1.885777382372372e-03
1.931818181818182e-01, 9.659090909090909e-01, -1.319759293659011e-03
1.931818181818182e-01, 9.886363636363636e-01, -5.090920098105331e-04
2.159090909090909e-01, 1.136363636363636e-02, 1.943069039805427e-03
2.159090909090909e-01, 3.409090909090909e-02, 5.526549843029849e-03
2.159090909090909e-01, 5.681818181818182e-02, 8.719583865926160e-03
2.159090909090909e-01, 7.954545454545454e-02, 1.151735123080196e-02
2.159090909090909e-01, 1.022727272727273e-01, 1.392675327518675e-02
2.159090909090909e-01, 1.250000000000000e-01, 1.598384190174098e-02
2.159090909090909e-01, 1.477272727272727e-01, 1.770451437531279e-02
2.159090909090909e-01, 1.704545454545454e-01, 1.909197428174145e-02
2.159090909090909e-01, 1.931818181818182e-01, 2.018524135085254e-02
2.159090909090909e-01, 2.159090909090909e-01, 2.098646573688233e-02
2.159090909090909e-01, 2.386363636363636e-01, 2.151075842992777e-02
2.159090909090909e-01, 2.613636363636364e-01, 2.179012946688134e-02
2.159090909090909e-01, 2.840909090909091e-01, 2.181505106077451e-02
2.159090909090909e-01, 3.068181818181818e-01, 2.163352437925024e-02
2.159090909090909e-01, 3.295454545454545e-01, 2.123809150017611e-02
2.159090909090909e-01, 3.522727272727273e-01, 2.067339977146034e-02
2.159090909090909e-01, 3.750000000000000e-01, 1.992111946475964e-02
2.159090909090909e-01, 3.977272727272727e-01, 1.903509175610107e-02
2.159090909090909e-01, 4.204545454545455e-01, 1.799983211934517e-02
2.159090909090909e-01, 4.431818181818182e-01, 1.685989987518587e-02
2.159090909090909e-01, 4.659090909090909e-01, 1.561177211490465e-02
2.159090909090909e-01, 4.886363636363636e-01, 1.428818431526488e-02
2.159090909090909e-01, 5.113636363636364e-01, 1.289473037067177e-02
2.159090909090909e-01, 5.340909090909091e-01, 1.145772282579778e-02
2.159090909090909e-01, 5.568181818181818e-01, 9.986476228082412e-03
2.159090909090909e-01, 5.795454545454546e-01, 8.506327484011207e-03
2.159090909090909e-01, 6.022727272727273e-01, 7.028525114093135e-03
2.159090909090909e-01, 6.250000000000000e-01, 5.572306592923597e-03
2.159090909090909e-01, 6.477272727272727e-01, 4.154643535094125e-03
2.159090909090909e-01, 6.704545454545454e-01, 2.794051666532410e-03
2.159090909090909e-01, 6.931818181818182e-01, 1.504290083406922e-03
2.159090909090909e-01, 7.159090909090909e-01, 3.065021195416222e-04
2.159090909090909e-01, 7.386363636363636e-01, -7.780556311867862e-04
2.159090909090909e-01, 7.613636363636364e-01, -1.750587570449288e-03
2.159090909090909e-01, 7.840909090909091e-01, -2.583508275048375e-03
2.159090909090909e-01, 8.068181818181818e-01, -3.233701240210763e-03
2.159090909090909e-01, 8.295454545454546e-01, -3.715015443307996e-03
2.159090909090909e-01, 8.522727272727273e-01, -4.023103763511632e-03
2.159090909090909e-01, 8.750000000000000e-01, -4.103169888035350e-03
2.159090909090909e-01, 8.977272727272727e-01, -3.956160599327614e-03
2.159090909090909e-01, 9.204545454545454e-01, -3.564390937129678e-03
2.159090909090909e-01, 9.431818181818182e-01, -2.889632863461757e-03
2.159090909090909e-01, 9.659090909090909e-01, -1.941595814876566e-03
2.159090909090909e-01, 9.886363636363636e-01, -7.218818897594232e-04
2.386363636363636e-01, 1.136363636363636e-02, 2.026934186796956e-03
2.386363636363636e-01, 3.409090909090909e-02, 5.746410669971950e-03
2.386363636363636e-01, 5.681818181818182e-02, 9.028478349652060e-03
2.386363636363636e-01, 7.954545454545454e-02, 1.188357947052903e-02
2.386363636363636e-01, 1.022727272727273e-01, 1.432352804891230e-02
2.386363636363636e-01, 1.250000000000000e-01, 1.638662321604393e-02
2.386363636363636e-01, 1.477272727272727e-01, 1.808107543478321e-02
2.386363636363636e-01, 1.704545454545454e-01, 1.941548868886040e-02
2.386363636363636e-01, 1.931818181818182e-01, 2.042637611553086e-02
2.386363636363636e-01, 2.159090909090909e-01, 2.113145850202166e-02
2.386363636363636e-01, 2.386363636363636e-01, 2.153590679186737e-02
2.386363636363636e-01, 2.613636363636364e-01, 2.168557349038628e-02
2.386363636363636e-01, 2.840909090909091e-01, 2.156870817659021e-02
2.386363636363636e-01, 3.068181818181818e-01, 2.123561207324089e-02
2.386363636363636e-01, 3.295454545454545e-01, 2.067041020160593e-02
2.386363636363636e-01, 3.522727272727273e-01, 1.992487012397440e-02
2.386363636363636e-01, 3.750000000000000e-01, 1.899783116328586e-02
2.386363636363636e-01, 3.977272727272727e-01, 1.791527008612880e-02
2.386363636363636e-01, 4.204545454545455e-01, 1.670606319140535e-02
2.386363636363636e-01, 4.431818181818182e-01, 1.536826353482151e-02
2.386363636363636e-01, 4.659090909090909e-01, 1.394926921711537e-02
2.386363636363636e-01, 4.886363636363636e-01, 1.243576745593311e-02
2.386363636363636e-01, 5.113636363636364e-01, 1.088195287718956e-02
2.386363636363636e-01, 5.340909090909091e-01, 9.272162719632928e-03
2.386363636363636e-01, 5.568181818181818e-01, 7.655967254772830e-03
2.386363636363636e-01, 5.795454545454546e-01, 6.031906045415691e-03
2.386363636363636e-01, 6.022727272727273e-01, 4.428916493320393e-03
2.386363636363636e-01, 6.250000000000000e-01, 2.869461165194713e-03
2.386363636363636e-01, 6.477272727272727e-01, 1.359474813291488e-03
2.386363636363636e-01, 6.704545454545454e-01, -6.111213878527710e-05
2.386363636363636e-01, 6.931818181818182e-01, -1.394677755165796e-03
2.386363636363636e-01, 7.159090909090909e-01, -2.605203081012768e-03
2.386363636363636e-01, 7.386363636363636e-01, -3.683330986297834e-03
2.386363636363636e-01, 7.613636363636364e-01, -4.589094386876381e-03
2.386363636363636e-01, 7.840909090909091e-01, -5.345387327114449e-03
2.386363636363636e-01, 8.068181818181818e-01, -5.891782874814572e-03
2.386363636363636e-01, 8.295454545454546e-01, -6.229730304069041e-03
2.386363636363636e-01, 8.522727272727273e-01, -6.340017739770912e-03
2.386363636363636e-01, 8.750000000000000e-01, -6.176175158690844e-03
2.386363636363636e-01, 8.977272727272727e-01, -5.745885502473765e-03
2.386363636363636e-01, 9.204545454545454e-01, -5.053553249336467e-03
2.386363636363636e-01, 9.431818181818182e-01, -4.039373441386421e-03
2.386363636363636e-01, 9.659090909090909e-01, -2.695088829033182e-03
2.386363636363636e-01, 9.886363636363636e-01, -9.884794309402943e-04
2.613636363636364e-01, 1.136363636363636e-02, 2.081894318412689e-03
2.613636363636364e-01, 3.409090909090909e-02, 5.890748541648253e-03
2.613636363636364e-01, 5.681818181818182e-02, 9.238728289433390e-03
2.613636363636364e-01, 7.954545454545454e-02, 1.212300043859111e-02
2.613636363636364e-01, 1.022727272727273e-01, 1.455785299389542e-02
2.613636363636364e-01, 1.250000000000000e-01, 1.659075255542274e-02
2.613636363636364e-01, 1.477272727272727e-01, 1.823341058823154e-02
2.613636363636364e-01, 1.704545454545454e-01, 1.949369871466938e-02
2.613636363636364e-01, 1.931818181818182e-01, 2.040458847810299e-02
2.613636363636364e-01, 2.159090909090909e-01, 2.098841334608628e-02
2.613636363636364e-01, 2.386363636363636e-01, 2.125567662887479e-02
2.613636363636364e-01, 2.613636363636364e-01, 2.124789921349205e-02
2.613636363636364e-01, 2.840909090909091e-01, 2.097469994213251e-02
2.613636363636364e-01, 3.068181818181818e-01, 2.045212773423009e-02
2.613636363636364e-01, 3.295454545454545e-01, 1.971386471185381e-02
2.613636363636364e-01, 3.522727272727273e-01, 1.877287204255625e-02
2.613636363636364e-01, 3.750000000000000e-01, 1.766086810142511e-02
2.613636363636364e-01, 3.977272727272727e-01, 1.637854299575631e-02
2.613636363636364e-01, 4.204545454545455e-01, 1.498101164898405e-02
2.613636363636364e-01, 4.431818181818182e-01, 1.344273245045133e-02
2.613636363636364e-01, 4.659090909090909e-01, 1.184283481064925e-02
2.613636363636364e-01, 4.886363636363636e-01, 1.013915134380891e-02
2.613636363636364e-01, 5.113636363636364e-01, 8.415703192729471e-03
2.613636363636364e-01, 5.340909090909091e-01, 6.643271504608393e-03
2.613636363636364e-01, 5.568181818181818e-01, 4.879075912931984e-03
2.613636363636364e-01, 5.795454545454546e-01, 3.122054576988693e-03
2.613636363636364e-01, 6.022727272727273e-01, 1.405188585349198e-03
2.613636363636364e-01, 6.250000000000000e-01, -2.527493988426044e-04
2.613636363636364e-01, 6.477272727272727e-01, -1.832587507390687e-03
2.613636363636364e-01, 6.704545454545454e-01, -3.307043942412402e-03
2.613636363636364e-01, 6.931818181818182e-01, -4.660022127299433e-03
2.613636363636364e-01, 7.159090909090909e-01, -5.877511244960428e-03
2.613636363636364e-01, 7.386363636363636e-01, -6.902221010536749e-03
2.613636363636364e-01, 7.613636363636364e-01, -7.761802992081361e-03
2.613636363636364e-01, 7.840909090909091e-01, -8.417517999837438e-03
2.613636363636364e-01, 8.068181818181818e-01, -8.818656505715989e-03
2.613636363636364e-01, 8.295454545454546e-01, -8.970067165819075e-03
2.613636363636364e-01, 8.522727272727273e-01, -8.878551059819254e-03
2.613636363636364e-01, 8.750000000000000e-01, -8.474946304471894e-03
2.613636363636364e-01, 8.977272727272727e-01, -7.753134041452667e-03
2.613636363636364e-01, 9.204545454545454e-01, -6.692402750580009e-03
2.613636363636364e-01, 9.431818181818182e-01, -5.253373669177697e-03
2.613636363636364e-01, 9.659090909090909e-01, -3.425628331774368e-03
2.613636363636364e-01, 9.886363636363636e-01, -1.241178967475472e-03
2.840909090909091e-01, 1.136363636363636e-02, 2.124614582595662e-03
2.840909090909091e-01, 3.409090909090909e-02, 5.990751480304870e-03
2.840909090909091e-01, 5.681818181818182e-02, 9.362162824459218e-03
2.840909090909091e-01, 7.954545454545454e-02, 1.224247733736696e-02
2.840909090909091e-01, 1.022727272727273e-01, 1.464590619365970e-02
2.840909090909091e-01, 1.250000000000000e-01, 1.661742036375513e-02
2.840909090909091e-01, 1.477272727272727e-01, 1.817323021893094e-02
2.840909090909091e-01, 1.704545454545454e-01, 1.932145188664736e-02
2.840909090909091e-01, 1.931818181818182e-01, 2.011278783502866e-02
2.840909090909091e-01, 2.159090909090909e-01, 2.056780609458345e-02
2.840909090909091e-01, 2.386363636363636e-01, 2.069179094682009e-02
2.840909090909091e-01, 2.613636363636364e-01, 2.049534017918759e-02
2.840909090909091e-01, 2.840909090909091e-01, 2.005530712045970e-02
2.840909090909091e-01, 3.068181818181818e-01, 1.933402323553638e-02
2.840909090909091e-01, 3.295454545454545e-01, 1.841189235305842e-02
2.840909090909091e-01, 3.522727272727273e-01, 1.726391122562960e-02
2.840909090909091e-01, 3.750000000000000e-01, 1.595768401154738e-02
2.840909090909091e-01, 3.977272727272727e-01, 1.446910370558315e-02
2.840909090909091e-01, 4.204545454545455e-01, 1.286734648758728e-02
2.840909090909091e-01, 4.431818181818182e-01, 1.114020358524820e-02
2.840909090909091e-01, 4.659090909090909e-01, 9.339156285726104e-03
2.840909090909091e-01, 4.886363636363636e-01, 7.465808379804118e-03
2.840909090909091e-01, 5.113636363636364e-01, 5.561982521661896e-03
2.840909090909091e-01, 5.340909090909091e-01, 3.635014701691831e-03
2.840909090909091e-01, 5.568181818181818e-01, 1.724841752844483e-03
2.840909090909091e-01, 5.795454545454546e-01, -1.616032878493059e-04
2.840909090909091e-01, 6.022727272727273e-01, -1.983369711421430e-03
2.840909090909091e-01, 6.250000000000000e-01, -3.733566102845387e-03
2.840909090909091e-01, 6.477272727272727e-01, -5.367361892163345e-03
2.840909090909091e-01, 6.704545454545454e-01, -6.893993409128094e-03
2.840909090909091e-01, 6.931818181818182e-01, -8.259149055705095e-03
2.840909090909091e-01, 7.159090909090909e-01, -9.453809849011110e-03
2.840909090909091e-01, 7.386363636363636e-01, -1.043824428209833e-02
2.840909090909091e-01, 7.613636363636364e-01, -1.120099669255935e-02
2.840909090909091e-01, 7.840909090909091e-01, -1.174498363514251e-02
2.840909090909091e-01, 8.068181818181818e-01, -1.200046378653414e-02
2.840909090909091e-01, 8.295454545454546e-01, -1.196549113373132e-02
2.840909090909091e-01, 8.522727272727273e-01, -1.162198599676893e-02
2.840909090909091e-01, 8.750000000000000e-01, -1.091562490611624e-02
2.840909090909091e-01, 8.977272727272727e-01, -9.844155751851330e-03
2.840909090909091e-01, 9.204545454545454e-01, -8.421747835004550e-03
2.840909090909091e-01, 9.431818181818182e-01, -6.583607570231223e-03
2.840909090909091e-01, 9.659090909090909e-01, -4.295689854291887e-03
2.840909090909091e-01, 9.886363636363636e-01, -1.547739836715132e-03
3.068181818181818e-01, 1.136363636363636e-02, 2.146524457084924e-03
3.068181818181818e-01, 3.409090909090909e-02, 6.035721692421205e-03
3.068181818181818e-01, 5.681818181818182e-02, 9.400305730594555e-03
3.068181818181818e-01, 7.954545454545454e-02, 1.224336397383329e-02
3.068181818181818e-01, 1.022727272727273e-01, 1.458174862824779e-02
3.068181818181818e-01, 1.250000000000000e-01, 1.647285727391542e-02
3.068181818181818e-01, 1.477272727272727e-01, 1.793074550200078e-02
3.068181818181818e-01, 1.704545454545454e-01, 1.895572540409001e-02
3.068181818181818e-01, 1.931818181818182e-01, 1.959657398440476e-02
3.068181818181818e-01, 2.159090909090909e-01, 1.988306196744374e-02
3.068181818181818e-01, 2.386363636363636e-01, 1.982272689937719e-02
3.068181818181818e-01, 2.613636363636364e-01, 1.946351226365632e-02
3.068181818181818e-01, 2.840909090909091e-01, 1.881127856336970e-02
3.068181818181818e-01, 3.068181818181818e-01, 1.790432533084444e-02
3.068181818181818e-01, 3.295454545454545e-01, 1.677385870309482e-02
3.068181818181818e-01, 3.522727272727273e-01, 1.542036493837771e-02
3.068181818181818e-01, 3.750000000000000e-01, 1.389180204154229e-02
3.068181818181818e-01, 3.977272727272727e-01, 1.220946429393579e-02
3.068181818181818e-01, 4.204545454545455e-01, 1.039014344674014e-02
3.068181818181818e-01, 4.431818181818182e-01, 8.478253064525309e-03
3.068181818181818e-01, 4.659090909090909e-01, 6.474411258434309e-03
3.068181818181818e-01, 4.886363636363636e-01, 4.432399885673380e-03
3.068181818181818e-01, 5.113636363636364e-01, 2.349104803964372e-03
3.068181818181818e-01, 5.340909090909091e-01, 2.767446981044110e-04
3.068181818181818e-01, 5.568181818181818e-01, -1.780975576472224e-03
3.068181818181818e-01, 5.795454545454546e-01, -3.783359658286344e-03
3.068181818181818e-01, 6.022727272727273e-01, -5.711590177486972e-03
3.068181818181818e-01, 6.250000000000000e-01, -7.538423555696985e-03
3.068181818181818e-01, 6.477272727272727e-01, -9.239289325643328e-03
3.068181818181818e-01, 6.704545454545454e-01, -1.078166991273420e-02
3.068181818181818e-01, 6.931818181818182e-01, -1.213289758396488e-02
3.068181818181818e-01, 7.159090909090909e-01, -1.330668668599663e-02
3.068181818181818e-01, 7.386363636363636e-01, -1.422490808647027e-02
3.068181818181818e-01, 7.613636363636364e-01, -1.489987519962128e-02
3.068181818181818e-01, 7.840909090909091e-01, -1.530136210911523e-02
3.068181818181818e-01, 8.068181818181818e-01, -1.536844357815504e-02
3.068181818181818e-01, 8.295454545454546e-01, -1.510537970508672e-02
3.068181818181818e-01, 8.522727272727273e-01, -1.450965450595177e-02
3.068181818181818e-01, 8.750000000000000e-01, -1.352003125678387e-02
3.068181818181818e-01, 8.977272727272727e-01, -1.210590550664377e-02
3.068181818181818e-01, 9.204545454545454e-01, -1.026619505531200e-02
3.068181818181818e-01, 9.431818181818182e-01, -7.944526209909011e-03
3.068181818181818e-01, 9.659090909090909e-01, -5.127837420588663e-03
3.068181818181818e-01, 9.886363636363636e-01, -1.828401325205368e-03
3.295454545454545e-01, 1.136363636363636e-02, 2.152729638258016e-03
3.295454545454545e-01, 3.409090909090909e-02, 6.031317528200849e-03
3.295454545454545e-01, 5.681818181818182e-02, 9.361024336633307e-03
3.295454545454545e-01, 7.954545454545454e-02, 1.214759234966592e-02
3.295454545454545e-01, 1.022727272727273e-01, 1.439809177031650e-02
3.295454545454545e-01, 1.250000000000000e-01, 1.617646523216315e-02
3.295454545454545e-01, 1.477272727272727e-01, 1.749822335358287e-02
3.295454545454545e-01, 1.704545454545454e-01, 1.837299261761097e-02
3.295454545454545e-01, 1.931818181818182e-01, 1.885969564108432e-02
3.295454545454545e-01, 2.159090909090909e-01, 1.898277253382757e-02
3.295454545454545e-01, 2.386363636363636e-01, 1.873280270188048e-02
3.295454545454545e-01, 2.613636363636364e-01, 1.816154479896163e-02
3.295454545454545e-01, 2.840909090909091e-01, 1.732051667447296e-02
3.295454545454545e-01, 3.068181818181818e-01, 1.618687972037078e-02
3.295454545454545e-01, 3.295454545454545e-01, 1.484317726854082e-02
3.295454545454545e-01, 3.522727272727273e-01, 1.328155869988846e-02
3.295454545454545e-01, 3.750000000000000e-01, 1.153185364041731e-02
3.295454545454545e-01, 3.977272727272727e-01, 9.648786554290710e-03
3.295454545454545e-01, 4.204545454545455e-01, 7.614619215252656e-03
3.295454545454545e-01, 4.431818181818182e-01, 5.512450058971413e-03
3.295454545454545e-01, 4.659090909090909e-01, 3.307026742254034e-03
3.295454545454545e-01, 4.886363636363636e-01, 1.093304621422938e-03
3.295454545454545e-01, 5.113636363636364e-01, -1.162565289902835e-03
3.295454545454545e-01, 5.340909090909091e-01, -3.382987155273574e-03
3.295454545454545e-01, 5.568181818181818e-01, -5.577001209512135e-03
3.295454545454545e-01, 5.795454545454546e-01, -7.689703616004088e-03
3.295454545454545e-01, 6.022727272727273e-01, -9.715416114052220e-03
3.295454545454545e-01, 6.250000000000000e-01, -1.160761029703447e-02
3.295454545454545e-01, 6.477272727272727e-01, -1.334748626572966e-02
3.295454545454545e-01, 6.704545454545454e-01, -1.490155063814380e-02
3.295454545454545e-01, 6.931818181818182e-01, -1.625040884485022e-02
3.295454545454545e-01, 7.159090909090909e-01, -1.737608029645715e-02
3.295454545454545e-01, 7.386363636363636e-01, -1.821793278455591e-02
3.295454545454545e-01, 7.613636363636364e-01, -1.876843310044720e-02
3.295454545454545e-01, 7.840909090909091e-01, -1.901959550007421e-02
3.295454545454545e-01, 8.068181818181818e-01, -1.890703543559862e-02
3.295454545454545e-01, 8.295454545454546e-01, -1.841826772607828e-02
3.295454545454545e-01, 8.522727272727273e-01, -1.753932945211272e-02
3.295454545454545e-01, 8.750000000000000e-01, -1.620474630403970e-02
3.295454545454545e-01, 8.977272727272727e-01, -1.441133727911706e-02
3.295454545454545e-01, 9.204545454545454e-01, -1.215411197229732e-02
3.295454545454545e-01, 9.431818181818182e-01, -9.391038278495079e-03
3.295454545454545e-01, 9.659090909090909e-01, -6.051728902952876e-03
3.295454545454545e-01, 9.886363636363636e-01, -2.160362373659592e-03
3.522727272727273e-01, 1.136363636363636e-02, 2.144803253679889e-03
3.522727272727273e-01, 3.409090909090909e-02, 5.985299468494267e-03
3.522727272727273e-01, 5.681818181818182e-02, 9.249773926462332e-03
3.522727272727273e-01, 7.954545454545454e-02, 1.194295846602440e-02
3.522727272727273e-01, 1.022727272727273e-01, 1.408417708214383e-02
3.522727272727273e-01, 1.250000000000000e-01, 1.573812826825222e-02
3.522727272727273e-01, 1.477272727272727e-01, 1.692217056605080e-02
3.522727272727273e-01, 1.704545454545454e-01, 1.762899051870151e-02
3.522727272727273e-01, 1.931818181818182e-01, 1.793261894946079e-02
3.522727272727273e-01, 2.159090909090909e-01, 1.785849468660134e-02
3.522727272727273e-01, 2.386363636363636e-01, 1.740937680208544e-02
3.522727272727273e-01, 2.613636363636364e-01, 1.664529496729744e-02
3.522727272727273e-01, 2.840909090909091e-01, 1.559060392243558e-02
3.522727272727273e-01, 3.068181818181818e-01, 1.424451652710236e-02
3.522727272727273e-01, 3.295454545454545e-01, 1.266680446423730e-02
3.522727272727273e-01, 3.522727272727273e-01, 1.089557995667833e-02
3.522727272727273e-01, 3.750000000000000e-01, 8.926544000720826e-03
3.522727272727273e-01, 3.977272727272727e-01, 6.834058035279036e-03
3.522727272727273e-01, 4.204545454545455e-01, 4.596874624278531e-03
3.522727272727273e-01, 4.431818181818182e-01, 2.286902778376856e-03
3.522727272727273e-01, 4.659090909090909e-01, -9.542553627647067e-05
3.522727272727273e-01, 4.886363636363636e-01, -2.496026889244567e-03
3.522727272727273e-01, 5.113636363636364e-01, -4.906947655604297e-03
3.522727272727273e-01, 5.340909090909091e-01, -7.276425705910340e-03
3.522727272727273e-01, 5.568181818181818e-01, -9.596492874018066e-03
3.522727272727273e-01, 5.795454545454546e-01, -1.181534972747221e-02
3.522727272727273e-01, 6.022727272727273e-01, -1.392162586125614e-02
3.522727272727273e-01, 6.250000000000000e-01, -1.587049334084506e-02
3.522727272727273e-01, 6.477272727272727e-01, -1.765674113636031e-02
3.522727272727273e-01, 6.704545454545454e-01, -1.921968909609522e-02
3.522727272727273e-01, 6.931818181818182e-01, -2.054158784847286e-02
3.522727272727273e-01, 7.159090909090909e-01, -2.160896160116769e-02
3.522727272727273e-01, 7.386363636363636e-01, -2.236544638998049e-02
3.522727272727273e-01, 7.613636363636364e-01, -2.279590203454439e-02
3.522727272727273e-01, 7.840909090909091e-01, -2.288216809132495e-02
3.522727272727273e-01, 8.068181818181818e-01, -2.255319169657452e-02
3.522727272727273e-01, 8.295454545454546e-01, -2.181281064136465e-02
3.522727272727273e-01, 8.522727272727273e-01, -2.064196128753688e-02
3.522727272727273e-01, 8.750000000000000e-01, -1.898469221764653e-02
3.522727272727273e-01, 8.977272727272727e-01, -1.681047975829827e-02
3.522727272727273e-01, 9.204545454545454e-01, -1.411765187152261e-02
3.522727272727273e-01, 9.431818181818182e-01, -1.083732086464472e-02
3.522727272727273e-01, 9.659090909090909e-01, -6.954038095918445e-03
3.522727272727273e-01, 9.886363636363636e-01, -2.466196532290155e-03
3.750000000000000e-01, 1.136363636363636e-02, 2.119745577828236e-03
3.750000000000000e-01, 3.409090909090909e-02, 5.894791867193631e-03
3.750000000000000e-01, 5.681818181818182e-02, 9.073634299523228e-03
3.750000000000000e-01, 7.954545454545454e-02, 1.165892740931247e-02
3.750000000000000e-01, 1.022727272727273e-01, 1.366715850767674e-02
3.750000000000000e-01, 1.250000000000000e-01, 1.516949503931689e-02
3.750000000000000e-01, 1.477272727272727e-01, 1.618181966682922e-02
3.750000000000000e-01, 1.704545454545454e-01, 1.671524638400422e-02
3.750000000000000e-01, 1.931818181818182e-01, 1.683620294062619e-02
3.750000000000000e-01, 2.159090909090909e-01, 1.656591375813435e-02
3.750000000000000e-01, 2.386363636363636e-01, 1.590091632113888e-02
3.750000000000000e-01, 2.613636363636364e-01, 1.491525940361850e-02
3.750000000000000e-01, 2.840909090909091e-01, 1.363787154131186e-02
3.750000000000000e-01, 3.068181818181818e-01, 1.207896169037090e-02
3.750000000000000e-01, 3.295454545454545e-01, 1.029832635930045e-02
3.750000000000000e-01, 3.522727272727273e-01, 8.290002465688949e-03
3.750000000000000e-01, 3.750000000000000e-01, 6.108244818013900e-03
3.750000000000000e-01, 3.977272727272727e-01, 3.791917502270291e-03
3.750000000000000e-01, 4.204545454545455e-01, 1.357576290233858e-03
3.750000000000000e-01, 4.431818181818182e-01, -1.159658300097077e-03
3.750000000000000e-01, 4.659090909090909e-01, -3.711093285722993e-03
3.750000000000000e-01, 4.886363636363636e-01, -6.292878615175451e-03
3.750000000000000e-01, 5.113636363636364e-01, -8.848471898443858e-03
3.750000000000000e-01, 5.340909090909091e-01, -1.136609531959695e-02
3.750000000000000e-01, 5.568181818181818e-01, -1.379860578138152e-02
3.750000000000000e-01, 5.795454545454546e-01, -1.613009651666916e-02
3.750000000000000e-01, 6.022727272727273e-01, -1.830423551773509e-02
3.750000000000000e-01, 6.250000000000000e-01, -2.030969508740316e-02
3.750000000000000e-01, 6.477272727272727e-01, -2.211911812261424e-02
3.750000000000000e-01, 6.704545454545454e-01, -2.367132601168506e-02
3.750000000000000e-01, 6.931818181818182e-01, -2.496626936861216e-02
3.750000000000000e-01, 7.159090909090909e-01, -2.597231526671119e-02
3.750000000000000e-01, 7.386363636363636e-01, -2.661934268962082e-02
3.750000000000000e-01, 7.613636363636364e-01, -2.691083386679338e-02
3.750000000000000e-01, 7.840909090909091e-01, -2.682191739349844e-02
3.750000000000000e-01, 8.068181818181818e-01, -2.627973498629875e-02
3.750000000000000e-01, 8.295454545454546e-01, -2.528525029269937e-02
3.750000000000000e-01, 8.522727272727273e-01, -2.381717293627162e-02
3.750000000000000e-01, 8.750000000000000e-01, -2.180002516963155e-02
3.750000000000000e-01, 8.977272727272727e-01, -1.923001032194828e-02
3.750000000000000e-01, 9.204545454545454e-01, -1.609467724102566e-02
3.750000000000000e-01, 9.431818181818182e-01, -1.231995700008525e-02
3.750000000000000e-01, 9.659090909090909e-01, -7.888788297828691e-03
3.750000000000000e-01, 9.886363636363636e-01, -2.799829171946025e-03
3.977272727272727e-01, 1.136363636363636e-02, 2.082087438861810e-03
3.977272727272727e-01, 3.409090909090909e-02, 5.766630911604614e-03
3.977272727272727e-01, 5.681818181818182e-02, 8.832698736972787e-03
3.977272727272727e-01, 7.954545454545454e-02, 1.128636716100855e-02
3.977272727272727e-01, 1.022727272727273e-01, 1.314939425656069e-02
3.977272727272727e-01, 1.250000000000000e-01, 1.449299406830224e-02
3.977272727272727e-01, 1.477272727272727e-01, 1.532464239311739e-02
3.977272727272727e-01, 1.704545454545454e-01, 1.566385032689284e-02
3.977272727272727e-01, 1.931818181818182e-01, 1.558015499023314e-02
3.977272727272727e-01, 2.159090909090909e-01, 1.509851286291028e-02
3.977272727272727e-01, 2.386363636363636e-01, 1.422614534238037e-02
3.977272727272727e-01, 2.613636363636364e-01, 1.302899443131806e-02
3.977272727272727e-01, 2.840909090909091e-01, 1.152831953982643e-02
3.977272727272727e-01, 3.068181818181818e-01, 9.733019922744139e-03
3.977272727272727e-01, 3.295454545454545e-01, 7.716405579444642e-03
3.977272727272727e-01, 3.522727272727273e-01, 5.504008591583318e-03
3.977272727272727e-01, 3.750000000000000e-01, 3.110258583741874e-03
3.977272727272727e-01, 3.977272727272727e-01, 5.842872970897150e-04
3.977272727272727e-01, 4.204545454545455e-01, -2.050051953529117e-03
3.977272727272727e-01, 4.431818181818182e-01, -4.760247594388980e-03
3.977272727272727e-01, 4.659090909090909e-01, -7.488290178527506e-03
3.977272727272727e-01, 4.886363636363636e-01, -1.024539745169539e-02
3.977272727272727e-01, 5.113636363636364e-01, -1.294152376025205e-02
3.977272727272727e-01, 5.340909090909091e-01, -1.559873015470872e-02
3.977272727272727e-01, 5.568181818181818e-01, -1.813642838820378e-02
3.977272727272727e-01, 5.795454545454546e-01, -2.055560921436551e-02
3.977272727272727e-01, 6.022727272727273e-01, -2.280119033074435e-02
3.977272727272727e-01, 6.250000000000000e-01, -2.485237263460237e-02
3.977272727272727e-01, 6.477272727272727e-01, -2.667496172627063e-02
3.977272727272727e-01, 6.704545454545454e-01, -2.821604586456432e-02
3.977272727272727e-01, 6.931818181818182e-01, -2.946678827608518e-02
3.977272727272727e-01, 7.159090909090909e-01, -3.039647796377635e-02
3.977272727272727e-01, 7.386363636363636e-01, -3.093114344644814e-02
3.977272727272727e-01, 7.613636363636364e-01, -3.107882495025728e-02
3.977272727272727e-01, 7.840909090909091e-01, -3.080913424228655e-02
3.977272727272727e-01, 8.068181818181818e-01, -3.004307285833270e-02
3.977272727272727e-01, 8.295454545454546e-01, -2.878493174531526e-02
3.977272727272727e-01, 8.522727272727273e-01, -2.701185542445671e-02
3.977272727272727e-01, 8.750000000000000e-01, -2.462997892960084e-02
3.977272727272727e-01, 8.977272727272727e-01, -2.166036006440135e-02
3.977272727272727e-01, 9.204545454545454e-01, -1.807873146702390e-02
3.977272727272727e-01, 9.431818181818182e-01, -1.380601847621465e-02
3.977272727272727e-01, 9.659090909090909e-01, -8.824623671376205e-03
3.977272727272727e-01, 9.886363636363636e-01, -3.133540241856928e-03
4.204545454545455e-01, 1.136363636363636e-02, 2.034151586811399e-03
4.204545454545455e-01, 3.409090909090909e-02, 5.607259738185878e-03
4.204545454545455e-01, 5.681818181818182e-02, 8.545707708770008e-03
4.204545454545455e-01, 7.954545454545454e-02, 1.084317365584776e-02
4.204545454545455e-01, 1.022727272727273e-01, 1.253845139280627e-02
4.204545454545455e-01, 1.250000000000000e-01, 1.370175127968845e-02
4.204545454545455e-01, 1.477272727272727e-01, 1.434949169494048e-02
4.204545454545455e-01, 1.704545454545454e-01, 1.449437391798580e-02
4.204545454545455e-01, 1.931818181818182e-01, 1.420894073447779e-02
4.204545454545455e-01, 2.159090909090909e-01, 1.350559678935579e-02
4.204545454545455e-01, 2.386363636363636e-01, 1.240557407994506e-02
4.204545454545455e-01, 2.613636363636364e-01, 1.098213373867769e-02
4.204545454545455e-01, 2.840909090909091e-01, 9.261891569756342e-03
4.204545454545455e-01, 3.068181818181818e-01, 7.254512767841978e-03
4.204545454545455e-01, 3.295454545454545e-01, 5.022691954453663e-03
4.204545454545455e-01, 3.522727272727273e-01, 2.582680949015591e-03
4.204545454545455e-01, 3.750000000000000e-01, -3.318770192289448e-05
4.204545454545455e-01, 3.977272727272727e-01, -2.764450184859789e-03
4.204545454545455e-01, 4.204545454545455e-01, -5.581038723520009e-03
4.204545454545455e-01, 4.431818181818182e-01, -8.472090460424521e-03
4.204545454545455e-01, 4.659090909090909e-01, -1.138272648393950e-02
4.204545454545455e-01, 4.886363636363636e-01, -1.428554761257215e-02
4.204545454545455e-01, 5.113636363636364e-01, -1.713181792886844e-02
4.204545454545455e-01, 5.340909090909091e-01, -1.990330207007521e-02
4.204545454545455e-01, 5.568181818181818e-01, -2.255181531563264e-02
4.204545454545455e-01, 5.795454545454546e-01, -2.505015490826811e-02
4.204545454545455e-01, 6.022727272727273e-01, -2.735492352664105e-02
4.204545454545455e-01, 6.250000000000000e-01, -2.944131955807814e-02
4.204545454545455e-01, 6.477272727272727e-01, -3.127272664245043e-02
4.204545454545455e-01, 6.704545454545454e-01, -3.279141732651447e-02
4.204545454545455e-01, 6.931818181818182e-01, -3.399056173250660e-02
4.204545454545455e-01, 7.159090909090909e-01, -3.483959189594517e-02
4.204545454545455e-01, 7.386363636363636e-01, -3.525946994641073e-02
4.204545454545455e-01, 7.613636363636364e-01, -3.525765076650505e-02
4.204545454545455e-01, 7.840909090909091e-01, -3.479682441412528e-02
4.204545454545455e-01, 8.068181818181818e-01, -3.379192667755698e-02
4.204545454545455e-01, 8.295454545454546e-01, -3.226365174354812e-02
4.204545454545455e-01, 8.522727272727273e-01, -3.018060807373929e-02
4.204545454545455e-01, 8.750000000000000e-01, -2.745794483802862e-02
4.204545454545455e-01, 8.977272727272727e-01, -2.409144272488302e-02
4.204545454545455e-01, 9.204545454545454e-01, -2.006130071840606e-02
4.204545454545455e-01, 9.431818181818182e-01, -1.526147200870071e-02
4.204545454545455e-01, 9.659090909090909e-01, -9.730188283976027e-03
4.204545454545455e-01, 9.886363636363636e-01, -3.439623411816558e-03
4.431818181818182e-01, 1.136363636363636e-02, 1.970340114467764e-03
4.431818181818182e-01, 3.409090909090909e-02, 5.406897395311234e-03
4.431818181818182e-01, 5.681818181818182e-02, 8.194638807490913e-03
4.431818181818182e-01, 7.954545454545454e-02, 1.033816305668763e-02
4.431818181818182e-01, 1.022727272727273e-01, 1.186151360488254e-02
4.431818181818182e-01, 1.250000000000000e-01, 1.283962938968137e-02
4.431818181818182e-01, 1.477272727272727e-01, 1.327779001829129e-02
4.431818181818182e-01, 1.704545454545454e-01, 1.320763597418416e-02
4.431818181818182e-01, 1.931818181818182e-01, 1.270676252651674e-02
4.431818181818182e-01, 2.159090909090909e-01, 1.179619798820887e-02
4.431818181818182e-01, 2.386363636363636e-01, 1.048503672777829e-02
4.431818181818182e-01, 2.613636363636364e-01, 8.844328427925638e-03
4.431818181818182e-01, 2.840909090909091e-01, 6.890566538988557e-03
4.431818181818182e-01, 3.068181818181818e-01, 4.649888515900934e-03
4.431818181818182e-01, 3.295454545454545e-01, 2.197160889793754e-03
4.431818181818182e-01, 3.522727272727273e-01, -4.443706932228276e-04
4.431818181818182e-01, 3.750000000000000e-01, -3.254519702276321e-03
4.431818181818182e-01, 3.977272727272727e-01, -6.180407451546042e-03
4.431818181818182e-01, 4.204545454545455e-01, -9.202426531772299e-03
4.431818181818182e-01, 4.431818181818182e-01, -1.226049761599514e-02
4.431818181818182e-01, 4.659090909090909e-01, -1.534325361102217e-02
4.431818181818182e-01, 4.886363636363636e-01, -1.838474937408410e-02
4.431818181818182e-01, 5.113636363636364e-01, -2.137056477457571e-02
4.431818181818182e-01, 5.340909090909091e-01, -2.424894764947032e-02
4.431818181818182e-01, 5.568181818181818e-01, -2.699905884406305e-02
4.431818181818182e-01, 5.795454545454546e-01, -2.957243442901339e-02
4.431818181818182e-01, 6.022727272727273e-01, -3.192168846704940e-02
4.431818181818182e-01, 6.250000000000000e-01, -3.402967369280065e-02
4.431818181818182e-01, 6.477272727272727e-01, -3.586050230711747e-02
4.431818181818182e-01, 6.704545454545454e-01, -3.735203178603826e-02
4.431818181818182e-01, 6.931818181818182e-01, -3.849671663774103e-02
4.431818181818182e-01, 7.159090909090909e-01, -3.925338428992615e-02
4.431818181818182e-01, 7.386363636363636e-01, -3.954303371461310e-02
4.431818181818182e-01, 7.613636363636364e-01, -3.938077835501450e-02
4.431818181818182e-01, 7.840909090909091e-01, -3.873192820553742e-02
4.431818181818182e-01, 8.068181818181818e-01, -3.750927437744008e-02
4.431818181818182e-01, 8.295454545454546e-01, -3.571736430273705e-02
4.431818181818182e-01, 8.522727272727273e-01, -3.331670053053468e-02
4.431818181818182e-01, 8.750000000000000e-01, -3.021857521798485e-02
4.431818181818182e-01, 8.977272727272727e-01, -2.644904278519813e-02
4.431818181818182e-01, 9.204545454545454e-01, -2.198140157741842e-02
4.431818181818182e-01, 9.431818181818182e-01, -1.672488652072167e-02
4.431818181818182e-01, 9.659090909090909e-01, -1.065999007257188e-02
4.431818181818182e-01, 9.886363636363636e-01, -3.772020184883733e-03
4.659090909090909e-01, 1.136363636363636e-02, 1.904441350519041e-03
4.659090909090909e-01, 3.409090909090909e-02, 5.194807809153372e-03
4.659090909090909e-01, 5.681818181818182e-02, 7.814831314512431e-03
4.659090909090909e-01, 7.954545454545454e-02, 9.771017425963336e-03
4.659090909090909e-01, 1.022727272727273e-01, 1.109727977827686e-02
4.659090909090909e-01, 1.250000000000000e-01, 1.187853864657798e-02
4.659090909090909e-01, 1.477272727272727e-01, 1.212687057753600e-02
4.659090909090909e-01, 1.704545454545454e-01, 1.185654321825345e-02
4.659090909090909e-01, 1.931818181818182e-01, 1.114050600004218e-02
4.659090909090909e-01, 2.159090909090909e-01, 9.999055942816391e-03
4.659090909090909e-01, 2.386363636363636e-01, 8.454635378005778e-03
4.659090909090909e-01, 2.613636363636364e-01, 6.592672478297053e-03
4.659090909090909e-01, 2.840909090909091e-01, 4.434771403599341e-03
4.659090909090909e-01, 3.068181818181818e-01, 1.991946769628940e-03
4.659090909090909e-01, 3.295454545454545e-01, -6.701335682820427e-04
4.659090909090909e-01, 3.522727272727273e-01, -3.529960717629323e-03
4.659090909090909e-01, 3.750000000000000e-01, -6.550071486497263e-03
4.659090909090909e-01, 3.977272727272727e-01, -9.666091850635035e-03
4.659090909090909e-01, 4.204545454545455e-01, -1.285129707006105e-02
4.659090909090909e-01, 4.431818181818182e-01, -1.607782789512793e-02
4.659090909090909e-01, 4.659090909090909e-01, -1.930680700863435e-02
4.659090909090909e-01, 4.886363636363636e-01, -2.248762107799403e-02
4.659090909090909e-01, 5.113636363636364e-01, -2.560132328722814e-02
4.659090909090909e-01, 5.340909090909091e-01, -2.858404158641219e-02
4.659090909090909e-01, 5.568181818181818e-01, -3.141210686462872e-02
4.659090909090909e-01, 5.795454545454546e-01, -3.404613456399404e-02
4.659090909090909e-01, 6.022727272727273e-01, -3.643712930099065e-02
4.659090909090909e-01, 6.250000000000000e-01, -3.856539240648028e-02
4.659090909090909e-01, 6.477272727272727e-01, -4.038885371457877e-02
4.659090909090909e-01, 6.704545454545454e-01, -4.184051836369739e-02
4.659090909090909e-01, 6.931818181818182e-01, -4.291471233455438e-02
4.659090909090909e-01, 7.159090909090909e-01, -4.358087920369384e-02
4.659090909090909e-01, 7.386363636363636e-01, -4.375315792503692e-02
4.659090909090909e-01, 7.613636363636364e-01, -4.343929931187285e-02
4.659090909090909e-01, 7.840909090909091e-01, -4.258680997671533e-02
4.659090909090909e-01, 8.068181818181818e-01, -4.111924465356202e-02
4.659090909090909e-01, 8.295454545454546e-01, -3.905074648334114e-02
4.659090909090909e-01, 8.522727272727273e-01, -3.635473143778294e-02
4.659090909090909e-01, 8.750000000000000e-01, -3.293496668821019e-02
4.659090909090909e-01, 8.977272727272727e-01, -2.878689067104691e-02
4.659090909090909e-01, 9.204545454545454e-01, -2.387112606623084e-02
4.659090909090909e-01, 9.431818181818182e-01, -1.810760195385073e-02
4.659090909090909e-01, 9.659090909090909e-01, -1.149924887963004e-02
4.659090909090909e-01, 9.886363636363636e-01, -4.053228077496135e-03
4.886363636363636e-01, 1.136363636363636e-02, 1.820259805075365e-03
4.886363636363636e-01, 3.409090909090909e-02, 4.933273265059482e-03
4.886363636363636e-01, 5.681818181818182e-02, 7.381134408323096e-03
4.886363636363636e-01, 7.954545454545454e-02, 9.162898058790763e-03
4.886363636363636e-01, 1.022727272727273e-01, 1.030464732697449e-02
4.886363636363636e-01, 1.250000000000000e-01, 1.087684725306296e-02
4.886363636363636e-01, 1.477272727272727e-01, 1.090502943665402e-02
4.886363636363636e-01, 1.704545454545454e-01, 1.040955653007696e-02
4.886363636363636e-01, 1.931818181818182e-01, 9.480370846240802e-03
4.886363636363636e-01, 2.159090909090909e-01, 8.138819346173894e-03
4.886363636363636e-01, 2.386363636363636e-01, 6.393276928889398e-03
4.886363636363636e-01, 2.613636363636364e-01, 4.312618361389669e-03
4.886363636363636e-01, 2.840909090909091e-01, 1.930216905392206e-03
4.886363636363636e-01, 3.068181818181818e-01, -7.331086732614595e-04
4.886363636363636e-01, 3.295454545454545e-01, -3.601224852924162e-03
4.886363636363636e-01, 3.522727272727273e-01, -6.641514033145050e-03
4.886363636363636e-01, 3.750000000000000e-01, -9.835204321741927e-03
4.886363636363636e-01, 3.977272727272727e-01, -1.313116737456961e-02
4.886363636363636e-01, 4.204545454545455e-01, -1.649494420214033e-02
4.886363636363636e-01, 4.431818181818182e-01, -1.988280929703368e-02
4.886363636363636e-01, 4.659090909090909e-01, -2.324482871375134e-02
4.886363636363636e-01, 4.886363636363636e-01, -2.655470860465925e-02
4.886363636363636e-01, 5.113636363636364e-01, -2.977101015196904e-02
4.886363636363636e-01, 5.340909090909091e-01, -3.284648664559538e-02
4.886363636363636e-01, 5.568181818181818e-01, -3.574658232730449e-02
4.886363636363636e-01, 5.795454545454546e-01, -3.843881175359697e-02
4.886363636363636e-01, 6.022727272727273e-01, -4.086076406720573e-02
4.886363636363636e-01, 6.250000000000000e-01, -4.299173965372726e-02
4.886363636363636e-01, 6.477272727272727e-01, -4.479844726208741e-02
4.886363636363636e-01, 6.704545454545454e-01, -4.621103875645886e-02
4.886363636363636e-01, 6.931818181818182e-01, -4.721930835275972e-02
4.886363636363636e-01, 7.159090909090909e-01, -4.778201197006864e-02
4.886363636363636e-01, 7.386363636363636e-01, -4.781666529247215e-02
4.886363636363636e-01, 7.613636363636364e-01, -4.733311344949101e-02
4.886363636363636e-01, 7.840909090909091e-01, -4.630029350297834e-02
4.886363636363636e-01, 8.068181818181818e-01, -4.462292695119611e-02
4.886363636363636e-01, 8.295454545454546e-01, -4.230182011791187e-02
4.886363636363636e-01, 8.522727272727273e-01, -3.929141715693600e-02
4.886363636363636e-01, 8.750000000000000e-01, -3.551367920412638e-02
4.886363636363636e-01, 8.977272727272727e-01, -3.097001078266792e-02
4.886363636363636e-01, 9.204545454545454e-01, -2.565762381990935e-02
4.886363636363636e-01, 9.431818181818182e-01, -1.946818952508724e-02
4.886363636363636e-01, 9.659090909090909e-01, -1.238053156233190e-02
4.886363636363636e-01, 9.886363636363636e-01, -4.360578688052277e-03
5.113636363636364e-01, 1.136363636363636e-02, 1.739106636588959e-03
5.113636363636364e-01, 3.409090909090909e-02, 4.682443539859047e-03
5.113636363636364e-01, 5.681818181818182e-02, 6.930701054595243e-03
5.113636363636364e-01, 7.954545454545454e-02, 8.505066793541818e-03
5.113636363636364e-01, 1.022727272727273e-01, 9.432874295445551e-03
5.113636363636364e-01, 1.250000000000000e-01, 9.805156423569144e-03
5.113636363636364e-01, 1.477272727272727e-01, 9.639511577697437e-03
5.113636363636364e-01, 1.704545454545454e-01, 8.947754745125294e-03
5.113636363636364e-01, 1.931818181818182e-01, 7.798838106140863e-03
5.113636363636364e-01, 2.159090909090909e-01, 6.233542973827208e-03
5.113636363636364e-01, 2.386363636363636e-01, 4.265618647587253e-03
5.113636363636364e-01, 2.613636363636364e-01, 1.977850651119337e-03
5.113636363636364e-01, 2.840909090909091e-01, -5.922808384905702e-04
5.113636363636364e-01, 3.068181818181818e-01, -3.440072443948586e-03
5.113636363636364e-01, 3.295454545454545e-01, -6.501418218109780e-03
5.113636363636364e-01, 3.522727272727273e-01, -9.736593877857969e-03
5.113636363636364e-01, 3.750000000000000e-01, -1.311560279653339e-02
5.113636363636364e-01, 3.977272727272727e-01, -1.657943701301379e-02
5.113636363636364e-01, 4.204545454545455e-01, -2.008490521934646e-02
5.113636363636364e-01, 4.431818181818182e-01, -2.360675168915771e-02
5.113636363636364e-01, 4.659090909090909e-01, -2.710060335183444e-02
5.113636363636364e-01, 4.886363636363636e-01, -3.052680522597466e-02
5.113636363636364e-01, 5.113636363636364e-01, -3.383330820453815e-02
5.113636363636364e-01, 5.340909090909091e-01, -3.699208205527774e-02
5.113636363636364e-01, 5.568181818181818e-01, -3.995204812444644e-02
5.113636363636364e-01, 5.795454545454546e-01, -4.268631155266178e-02
5.113636363636364e-01, 6.022727272727273e-01, -4.512973670065091e-02
5.113636363636364e-01, 6.250000000000000e-01, -4.726035836210066e-02
5.113636363636364e-01, 6.477272727272727e-01, -4.904197450988100e-02
5.113636363636364e-01, 6.704545454545454e-01, -5.040148325106920e-02
5.113636363636364e-01, 6.931818181818182e-01, -5.133207413698563e-02
5.113636363636364e-01, 7.159090909090909e-01, -5.179951444222132e-02
5.113636363636364e-01, 7.386363636363636e-01, -5.171492607927437e-02
5.113636363636364e-01, 7.613636363636364e-01, -5.107481585042623e-02
5.113636363636364e-01, 7.840909090909091e-01, -4.984313362690972e-02
5.113636363636364e-01, 8.068181818181818e-01, -4.793088210285370e-02
5.113636363636364e-01, 8.295454545454546e-01, -4.534374232944346e-02
5.113636363636364e-01, 8.522727272727273e-01, -4.206460964139118e-02
5.113636363636364e-01, 8.750000000000000e-01, -3.798753388922677e-02
5.113636363636364e-01, 8.977272727272727e-01, -3.309801930402369e-02
5.113636363636364e-01, 9.204545454545454e-01, -2.736802094842110e-02
5.113636363636364e-01, 9.431818181818182e-01, -2.071667583595208e-02
5.113636363636364e-01, 9.659090909090909e-01, -1.312166379523948e-02
5.113636363636364e-01, 9.886363636363636e-01, -4.614125325407516e-03
5.340909090909091e-01, 1.136363636363636e-02, 1.639217341885736e-03
5.340909090909091e-01, 3.409090909090909e-02, 4.379025436728376e-03
5.340909090909091e-01, 5.681818181818182e-02, 6.437716891833367e-03
5.340909090909091e-01, 7.954545454545454e-02, 7.825115525821000e-03
5.340909090909091e-01, 1.022727272727273e-01, 8.559383832441926e-03
5.340909090909091e-01, 1.250000000000000e-01, 8.717131339517133e-03
5.340909090909091e-01, 1.477272727272727e-01, 8.331893757608084e-03
5.340909090909091e-01, 1.704545454545454e-01, 7.420392888285447e-03
5.340909090909091e-01, 1.931818181818182e-01, 6.068820845265162e-03
5.340909090909091e-01, 2.159090909090909e-01, 4.314378234968239e-03
5.340909090909091e-01, 2.386363636363636e-01, 2.159102393979643e-03
5.340909090909091e-01, 2.613636363636364e-01, -3.296529468172603e-04
5.340909090909091e-01, 2.840909090909091e-01, -3.102494984047523e-03
5.340909090909091e-01, 3.068181818181818e-01, -6.146438375926805e-03
5.340909090909091e-01, 3.295454545454545e-01, -9.388975582867158e-03
5.340909090909091e-01, 3.522727272727273e-01, -1.278117635505273e-02
5.340909090909091e-01, 3.750000000000000e-01, -1.630976439808191e-02
5.340909090909091e-01, 3.977272727272727e-01, -1.992130672157123e-02
5.340909090909091e-01, 4.204545454545455e-01, -2.357414089004054e-02
5.340909090909091e-01, 4.431818181818182e-01, -2.722820032944427e-02
5.340909090909091e-01, 4.659090909090909e-01, -3.083730088976720e-02
5.340909090909091e-01, 4.886363636363636e-01, -3.435973840129405e-02
5.340909090909091e-01, 5.113636363636364e-01, -3.774355362774135e-02
5.340909090909091e-01, 5.340909090909091e-01, -4.096793310247372e-02
5.340909090909091e-01, 5.568181818181818e-01, -4.397648146636832e-02
5.340909090909091e-01, 5.795454545454546e-01, -4.673475235715963e-02
5.340909090909091e-01, 6.022727272727273e-01, -4.919210578160158e-02
5.340909090909091e-01, 6.250000000000000e-01, -5.131647808785627e-02
5.340909090909091e-01, 6.477272727272727e-01, -5.306731163667237e-02
5.340909090909091e-01, 6.704545454545454e-01, -5.437747878411640e-02
5.340909090909091e-01, 6.931818181818182e-01, -5.522566437885076e-02
5.340909090909091e-01, 7.159090909090909e-01, -5.558485904686933e-02
5.340909090909091e-01, 7.386363636363636e-01, -5.536291889082170e-02
5.340909090909091e-01, 7.613636363636364e-01, -5.456701173519449e-02
5.340909090909091e-01, 7.840909090909091e-01, -5.316375151210187e-02
5.340909090909091e-01, 8.068181818181818e-01, -5.105506395103654e-02
5.340909090909091e-01, 8.295454545454546e-01, -4.822710397856445e-02
5.340909090909091e-01, 8.522727272727273e-01, -4.466106496517860e-02
5.340909090909091e-01, 8.750000000000000e-01, -4.026075899909030e-02
5.340909090909091e-01, 8.977272727272727e-01, -3.502059729997275e-02
5.340909090909091e-01, 9.204545454545454e-01, -2.893935298971953e-02
5.340909090909091e-01, 9.431818181818182e-01, -2.191018710514233e-02
5.340909090909091e-01, 9.659090909090909e-01, -1.389139530825381e-02
5.340909090909091e-01, 9.886363636363636e-01, -4.881867387927273e-03
5.568181818181818e-01, 1.136363636363636e-02, 1.546637344640829e-03
5.568181818181818e-01, 3.409090909090909e-02, 4.090403163247176e-03
5.568181818181818e-01, 5.681818181818182e-02, 5.939481859208682e-03
5.568181818181818e-01, 7.954545454545454e-02, 7.109859482254823e-03
5.568181818181818e-01, 1.022727272727273e-01, 7.630203480793228e-03
5.568181818181818e-01, 1.250000000000000e-01, 7.586871065689000e-03
5.568181818181818e-01, 1.477272727272727e-01, 7.012947235515618e-03
5.568181818181818e-01, 1.704545454545454e-01, 5.908911150245273e-03
5.568181818181818e-01, 1.931818181818182e-01, 4.357109708356944e-03
5.568181818181818e-01, 2.159090909090909e-01, 2.397323797240161e-03
5.568181818181818e-01, 2.386363636363636e-01, 4.175896260440329e-05
5.568181818181818e-01, 2.613636363636364e-01, -2.630130740928766e-03
5.568181818181818e-01, 2.840909090909091e-01, -5.569529108069524e-03
5.568181818181818e-01, 3.068181818181818e-01, -8.773945970509432e-03
5.568181818181818e-01, 3.295454545454545e-01, -1.217529766239951e-02
5.568181818181818e-01, 3.522727272727273e-01, -1.573094819967939e-02
5.568181818181818e-01, 3.750000000000000e-01, -1.941271323448799e-02
5.568181818181818e-01, 3.977272727272727e-01, -2.315945562599234e-02
5.568181818181818e-01, 4.204545454545455e-01, -2.692559590166272e-02
5.568181818181818e-01, 4.431818181818182e-01, -3.068364223795633e-02
5.568181818181818e-01, 4.659090909090909e-01, -3.438457639458487e-02
5.568181818181818e-01, 4.886363636363636e-01, -3.798662411555968e-02
5.568181818181818e-01, 5.113636363636364e-01, -4.144641167566590e-02
5.568181818181818e-01, 5.340909090909091e-01, -4.472353237085752e-02
5.568181818181818e-01, 5.568181818181818e-01, -4.776669000605324e-02
5.568181818181818e-01, 5.795454545454546e-01, -5.054790549902262e-02
5.568181818181818e-01, 6.022727272727273e-01, -5.300438044975110e-02
5.568181818181818e-01, 6.250000000000000e-01, -5.510140133222504e-02
5.568181818181818e-01, 6.477272727272727e-01, -5.681174538542420e-02
5.568181818181818e-01, 6.704545454545454e-01, -5.805826858465859e-02
5.568181818181818e-01, 6.931818181818182e-01, -5.883436964215488e-02
5.568181818181818e-01, 7.159090909090909e-01, -5.909767276307935e-02
5.568181818181818e-01, 7.386363636363636e-01, -5.875724134961945e-02
5.568181818181818e-01, 7.613636363636364e-01, -5.780273035047709e-02
5.568181818181818e-01, 7.840909090909091e-01, -5.621533860486095e-02
5.568181818181818e-01, 8.068181818181818e-01, -5.389360924402393e-02
5.568181818181818e-01, 8.295454545454546e-01, -5.084170529891090e-02
5.568181818181818e-01, 8.522727272727273e-01, -4.703530328279417e-02
5.568181818181818e-01, 8.750000000000000e-01, -4.237208255715585e-02
5.568181818181818e-01, 8.977272727272727e-01, -3.682007359444923e-02
5.568181818181818e-01, 9.204545454545454e-01, -3.038393595546450e-02
5.568181818181818e-01, 9.431818181818182e-01, -2.296120248802929e-02
5.568181818181818e-01, 9.659090909090909e-01, -1.452842788239208e-02
5.568181818181818e-01, 9.886363636363636e-01, -5.095796377765985e-03
5.795454545454546e-01, 1.136363636363636e-02, 1.435701854370945e-03
5.795454545454546e-01, 3.409090909090909e-02, 3.767251039952358e-03
5.795454545454546e-01, 5.681818181818182e-02, 5.410619598114297e-03
5.795454545454546e-01, 7.954545454545454e-02, 6.389348532126845e-03
5.795454545454546e-01, 1.022727272727273e-01, 6.709687805678244e-03
5.795454545454546e-01, 1.250000000000000e-01, 6.465739041814773e-03
5.795454545454546e-01, 1.477272727272727e-01, 5.683909321202630e-03
5.795454545454546e-01, 1.704545454545454e-01, 4.381853068416168e-03
5.795454545454546e-01, 1.931818181818182e-01, 2.643790851616544e-03
5.795454545454546e-01, 2.159090909090909e-01, 5.112111550983511e-04
5.795454545454546e-01, 2.386363636363636e-01, -2.013233306449318e-03
5.795454545454546e-01, 2.613636363636364e-01, -4.850027374801389e-03
5.795454545454546e-01, 2.840909090909091e-01, -7.958051665747019e-03
5.795454545454546e-01, 3.068181818181818e-01, -1.132277727215274e-02
5.795454545454546e-01, 3.295454545454545e-01, -1.487175380791052e-02
5.795454545454546e-01, 3.522727272727273e-01, -1.855402242319626e-02
5.795454545454546e-01, 3.750000000000000e-01, -2.235205848002697e-02
5.795454545454546e-01, 3.977272727272727e-01, -2.621310829020175e-02
5.795454545454546e-01, 4.204545454545455e-01, -3.008765919276872e-02
5.795454545454546e-01, 4.431818181818182e-01, -3.393587975861429e-02
5.795454545454546e-01, 4.659090909090909e-01, -3.771638876167878e-02
5.795454545454546e-01, 4.886363636363636e-01, -4.138350542809819e-02
5.795454545454546e-01, 5.113636363636364e-01, -4.490021239142978e-02
5.795454545454546e-01, 5.340909090909091e-01, -4.821500041858537e-02
5.795454545454546e-01, 5.568181818181818e-01, -5.127057955000661e-02
5.795454545454546e-01, 5.795454545454546e-01, -5.406272121616432e-02
5.795454545454546e-01, 6.022727272727273e-01, -5.649647659483404e-02
5.795454545454546e-01, 6.250000000000000e-01, -5.857692055050667e-02
5.795454545454546e-01, 6.477272727272727e-01, -6.024600581046226e-02
5.795454545454546e-01, 6.704545454545454e-01, -6.142764630282561e-02
5.795454545454546e-01, 6.931818181818182e-01, -6.210924194131749e-02
5.795454545454546e-01, 7.159090909090909e-01, -6.226409951597902e-02
5.795454545454546e-01, 7.386363636363636e-01, -6.179599101518463e-02
5.795454545454546e-01, 7.613636363636364e-01, -6.071128976696879e-02
5.795454545454546e-01, 7.840909090909091e-01, -5.897175959701641e-02
5.795454545454546e-01, 8.068181818181818e-01, -5.646935056157324e-02
5.795454545454546e-01, 8.295454545454546e-01, -5.319947398657770e-02
5.795454545454546e-01, 8.522727272727273e-01, -4.915071117647442e-02
5.795454545454546e-01, 8.750000000000000e-01, -4.421624622189520e-02
5.795454545454546e-01, 8.977272727272727e-01, -3.839022918850238e-02
5.795454545454546e-01, 9.204545454545454e-01, -3.165853506342637e-02
5.795454545454546e-01, 9.431818181818182e-01, -2.392373162300208e-02
5.795454545454546e-01, 9.659090909090909e-01, -1.513173159714171e-02
5.795454545454546e-01, 9.886363636363636e-01, -5.309367181158886e-03
6.022727272727273e-01, 1.136363636363636e-02, 1.332393320349472e-03
6.022727272727273e-01, 3.409090909090909e-02, 3.451577399060596e-03
6.022727272727273e-01, 5.681818181818182e-02, 4.886695827282924e-03
6.022727272727273e-01, 7.954545454545454e-02, 5.649925205401162e-03
6.022727272727273e-01, 1.022727272727273e-01, 5.770744146575951e-03
6.022727272727273e-01, 1.250000000000000e-01, 5.334770161144675e-03
6.022727272727273e-01, 1.477272727272727e-01, 4.372701230640301e-03
6.022727272727273e-01, 1.704545454545454e-01, 2.892129858110289e-03
6.022727272727273e-01, 1.931818181818182e-01, 9.830972984643054e-04
6.022727272727273e-01, 2.159090909090909e-01, -1.321325715841835e-03
6.022727272727273e-01, 2.386363636363636e-01, -4.008323552828953e-03
6.022727272727273e-01, 2.613636363636364e-01, -6.996973828820022e-03
6.022727272727273e-01, 2.840909090909091e-01, -1.024788330000802e-02
6.022727272727273e-01, 3.068181818181818e-01, -1.373912998398363e-02
6.022727272727273e-01, 3.295454545454545e-01, -1.740042711445779e-02
6.022727272727273e-01, 3.522727272727273e-01, -2.120842017916950e-02
6.022727272727273e-01, 3.750000000000000e-01, -2.511244241244582e-02
6.022727272727273e-01, 3.977272727272727e-01, -2.906118756176996e-02
6.022727272727273e-01, 4.204545454545455e-01, -3.301198577584857e-02
6.022727272727273e-01, 4.431818181818182e-01, -3.693332337636066e-02
6.022727272727273e-01, 4.659090909090909e-01, -4.076915713851052e-02
6.022727272727273e-01, 4.886363636363636e-01, -4.448339237069457e-02
6.022727272727273e-01, 5.113636363636364e-01, -4.802705842842774e-02
6.022727272727273e-01, 5.340909090909091e-01, -5.136034755906002e-02
6.022727272727273e-01, 5.568181818181818e-01, -5.442876059417266e-02
6.022727272727273e-01, 5.795454545454546e-01, -5.720389128502995e-02
6.022727272727273e-01, 6.022727272727273e-01, -5.963293560196262e-02
6.022727272727273e-01, 6.250000000000000e-01, -6.166893759892250e-02
6.022727272727273e-01, 6.477272727272727e-01, -6.327864819909135e-02
6.022727272727273e-01, 6.704545454545454e-01, -6.439540001476987e-02
6.022727272727273e-01, 6.931818181818182e-01, -6.500959610749119e-02
6.022727272727273e-01, 7.159090909090909e-01, -6.507790873117221e-02
6.022727272727273e-01, 7.386363636363636e-01, -6.448633619564761e-02
6.022727272727273e-01, 7.613636363636364e-01, -6.325431077675424e-02
6.022727272727273e-01, 7.840909090909091e-01, -6.135301094229197e-02
6.022727272727273e-01, 8.068181818181818e-01, -5.867850509842842e-02
6.022727272727273e-01, 8.295454545454546e-01, -5.523470367215520e-02
6.022727272727273e-01, 8.522727272727273e-01, -5.099187538659239e-02
6.022727272727273e-01, 8.750000000000000e-01, -4.583352095718339e-02
6.022727272727273e-01, 8.977272727272727e-01, -3.975385284980958e-02
6.022727272727273e-01, 9.204545454545454e-01, -3.275081160879042e-02
6.022727272727273e-01, 9.431818181818182e-01, -2.471543309409592e-02
6.022727272727273e-01, 9.659090909090909e-01, -1.562342670411199e-02
6.022727272727273e-01, 9.886363636363636e-01, -5.475826472850279e-03
6.250000000000000e-01, 1.136363636363636e-02, 1.218201604176060e-03
6.250000000000000e-01, 3.409090909090909e-02, 3.123130856626091e-03
6.250000000000000e-01, 5.681818181818182e-02, 4.351443571892611e-03
6.250000000000000e-01, 7.954545454545454e-02, 4.915435585444722e-03
6.250000000000000e-01, 1.022727272727273e-01, 4.845687746520773e-03
6.250000000000000e-01, 1.250000000000000e-01, 4.227922909464926e-03
6.250000000000000e-01, 1.477272727272727e-01, 3.086599789120562e-03
6.250000000000000e-01, 1.704545454545454e-01, 1.439914825793441e-03
6.250000000000000e-01, 1.931818181818182e-01, -6.279754323629648e-04
6.250000000000000e-01, 2.159090909090909e-01, -3.083124307270866e-03
6.250000000000000e-01, 2.386363636363636e-01, -5.905383948823603e-03
6.250000000000000e-01, 2.613636363636364e-01, -9.018649446773989e-03
6.250000000000000e-01, 2.840909090909091e-01, -1.238695771603064e-02
6.250000000000000e-01, 3.068181818181818e-01, -1.599226277842768e-02
6.250000000000000e-01, 3.295454545454545e-01, -1.976007642977349e-02
6.250000000000000e-01, 3.522727272727273e-01, -2.365745565114399e-02
6.250000000000000e-01, 3.750000000000000e-01, -2.763119148702652e-02
6.250000000000000e-01, 3.977272727272727e-01, -3.164559267280379e-02
6.250000000000000e-01, 4.204545454545455e-01, -3.566628296990144e-02
6.250000000000000e-01, 4.431818181818182e-01, -3.963230935590047e-02
6.250000000000000e-01, 4.659090909090909e-01, -4.351258683281278e-02
6.250000000000000e-01, 4.886363636363636e-01, -4.724888338179158e-02
6.250000000000000e-01, 5.113636363636364e-01, -5.081117997380577e-02
6.250000000000000e-01, 5.340909090909091e-01, -5.414173021407825e-02
6.250000000000000e-01, 5.568181818181818e-01, -5.721192644028403e-02
6.250000000000000e-01, 5.795454545454546e-01, -5.995731957589515e-02
6.250000000000000e-01, 6.022727272727273e-01, -6.236820460433073e-02
6.250000000000000e-01, 6.250000000000000e-01, -6.434422482941840e-02
6.250000000000000e-01, 6.477272727272727e-01, -6.591367389923738e-02
6.250000000000000e-01, 6.704545454545454e-01, -6.694823573741696e-02
6.250000000000000e-01, 6.931818181818182e-01, -6.746196629510309e-02
6.250000000000000e-01, 7.159090909090909e-01, -6.742260355094497e-02
6.250000000000000e-01, 7.386363636363636e-01, -6.673042335909372e-02
6.250000000000000e-01, 7.613636363636364e-01, -6.539329605226607e-02
6.250000000000000e-01, 7.840909090909091e-01, -6.337293860408680e-02
6.250000000000000e-01, 8.068181818181818e-01, -6.053737714070345e-02
6.250000000000000e-01, 8.295454545454546e-01, -5.691626429310568e-02
6.250000000000000e-01, 8.522727272727273e-01, -5.248547921213179e-02
6.250000000000000e-01, 8.750000000000000e-01, -4.713654168064103e-02
6.250000000000000e-01, 8.977272727272727e-01, -4.086330155875954e-02
6.250000000000000e-01, 9.204545454545454e-01, -3.364884927953216e-02
6.250000000000000e-01, 9.431818181818182e-01, -2.537476335052198e-02
6.250000000000000e-01, 9.659090909090909e-01, -1.602772913287108e-02
6.250000000000000e-01, 9.886363636363636e-01, -5.616559495354315e-03
6.477272727272727e-01, 1.136363636363636e-02, 1.102693461765636e-03
6.477272727272727e-01, 3.409090909090909e-02, 2.793127582903976e-03
6.477272727272727e-01, 5.681818181818182e-02, 3.817864972762958e-03
6.477272727272727e-01, 7.954545454545454e-02, 4.189794749476721e-03
6.477272727272727e-01, 1.022727272727273e-01, 3.938579859521230e-03
6.477272727272727e-01, 1.250000000000000e-01, 3.148773472259116e-03
6.477272727272727e-01, 1.477272727272727e-01, 1.840658451679166e-03
6.477272727272727e-01, 1.704545454545454e-01, 4.705571089768968e-05
6.477272727272727e-01, 1.931818181818182e-01, -2.155497276884305e-03
6.477272727272727e-01, 2.159090909090909e-01, -4.734169413499122e-03
6.477272727272727e-01, 2.386363636363636e-01, -7.676434268325312e-03
6.477272727272727e-01, 2.613636363636364e-01, -1.090193933875749e-02
6.477272727272727e-01, 2.840909090909091e-01, -1.437038673575222e-02
6.477272727272727e-01, 3.068181818181818e-01, -1.806315187626523e-02
6.477272727272727e-01, 3.295454545454545e-01, -2.189204970046766e-02
6.477272727272727e-01, 3.522727272727273e-01, -2.585118920395817e-02
6.477272727272727e-01, 3.750000000000000e-01, -2.988711774760529e-02
6.477272727272727e-01, 3.977272727272727e-01, -3.395948748330981e-02
6.477272727272727e-01, 4.204545454545455e-01, -3.801132253449113e-02
6.477272727272727e-01, 4.431818181818182e-01, -4.200047341447388e-02
6.477272727272727e-01, 4.659090909090909e-01, -4.588895343934705e-02
6.477272727272727e-01, 4.886363636363636e-01, -4.963040938670316e-02
6.477272727272727e-01, 5.113636363636364e-01, -5.318320854974722e-02
6.477272727272727e-01, 5.340909090909091e-01, -5.649979454152861e-02
6.477272727272727e-01, 5.568181818181818e-01, -5.954169900895857e-02
6.477272727272727e-01, 5.795454545454546e-01, -6.225001508435328e-02
6.477272727272727e-01, 6.022727272727273e-01, -6.460237456110675e-02
6.477272727272727e-01, 6.250000000000000e-01, -6.653802598953509e-02
6.477272727272727e-01, 6.477272727272727e-01, -6.803577311319120e-02
6.477272727272727e-01, 6.704545454545454e-01, -6.899671658387441e-02
6.477272727272727e-01, 6.931818181818182e-01, -6.945583218792124e-02
6.477272727272727e-01, 7.159090909090909e-01, -6.933145282966037e-02
6.477272727272727e-01, 7.386363636363636e-01, -6.852329321877725e-02
6.477272727272727e-01, 7.613636363636364e-01, -6.706153280676934e-02
6.477272727272727e-01, 7.840909090909091e-01, -6.490654856111973e-02
6.477272727272727e-01, 8.068181818181818e-01, -6.195677259166386e-02
6.477272727272727e-01, 8.295454545454546e-01, -5.821663166544642e-02
6.477272727272727e-01, 8.522727272727273e-01, -5.365550833682637e-02
6.477272727272727e-01, 8.750000000000000e-01, -4.814019188654168e-02
6.477272727272727e-01, 8.977272727272727e-01, -4.169280715690121e-02
6.477272727272727e-01, 9.204545454545454e-01, -3.430059238215960e-02
6.477272727272727e-01, 9.431818181818182e-01, -2.585361948566450e-02
6.477272727272727e-01, 9.659090909090909e-01, -1.632705051764622e-02
6.477272727272727e-01, 9.886363636363636e-01, -5.722127186610792e-03
6.704545454545454e-01, 1.136363636363636e-02, 9.952050856589080e-04
6.704545454545454e-01, 3.409090909090909e-02, 2.472736212057576e-03
6.704545454545454e-01, 5.681818181818182e-02, 3.298148432980771e-03
6.704545454545454e-01, 7.954545454545454e-02, 3.474466555935196e-03
6.704545454545454e-01, 1.022727272727273e-01, 3.052676441203176e-03
6.704545454545454e-01, 1.250000000000000e-01, 2.108954556198668e-03
6.704545454545454e-01, 1.477272727272727e-01, 6.655331046963837e-04
6.704545454545454e-01, 1.704545454545454e-01, -1.259373454336631e-03
6.704545454545454e-01, 1.931818181818182e-01, -3.583551765663516e-03
6.704545454545454e-01, 2.159090909090909e-01, -6.273813324407418e-03
6.704545454545454e-01, 2.386363636363636e-01, -9.306453821205610e-03
6.704545454545454e-01, 2.613636363636364e-01, -1.260686882039335e-02
6.704545454545454e-01, 2.840909090909091e-01, -1.614349062004518e-02
6.704545454545454e-01, 3.068181818181818e-01, -1.989479771166080e-02
6.704545454545454e-01, 3.295454545454545e-01, -2.377573316582481e-02
6.704545454545454e-01, 3.522727272727273e-01, -2.777818866820665e-02
6.704545454545454e-01, 3.750000000000000e-01, -3.183183485973277e-02
6.704545454545454e-01, 3.977272727272727e-01, -3.590786167298471e-02
6.704545454545454e-01, 4.204545454545455e-01, -3.996568304930494e-02
6.704545454545454e-01, 4.431818181818182e-01, -4.395531956518326e-02
6.704545454545454e-01, 4.659090909090909e-01, -4.783559469504974e-02
6.704545454545454e-01, 4.886363636363636e-01, -5.155845265416088e-02
6.704545454545454e-01, 5.113636363636364e-01, -5.508720437734487e-02
6.704545454545454e-01, 5.340909090909091e-01, -5.836685558729775e-02
6.704545454545454e-01, 5.568181818181818e-01, -6.136851217344776e-02
6.704545454545454e-01, 5.795454545454546e-01, -6.402944969287913e-02
6.704545454545454e-01, 6.022727272727273e-01, -6.632584515712311e-02
6.704545454545454e-01, 6.250000000000000e-01, -6.820122263582321e-02
6.704545454545454e-01, 6.477272727272727e-01, -6.960806963262796e-02
6.704545454545454e-01, 6.704545454545454e-01, -7.052488550265737e-02
6.704545454545454e-01, 6.931818181818182e-01, -7.089040895351564e-02
6.704545454545454e-01, 7.159090909090909e-01, -7.065281337823066e-02
6.704545454545454e-01, 7.386363636363636e-01, -6.978092218398131e-02
6.704545454545454e-01, 7.613636363636364e-01, -6.824513664758347e-02
6.704545454545454e-01, 7.840909090909091e-01, -6.600434760923170e-02
6.704545454545454e-01, 8.068181818181818e-01, -6.293792327598734e-02
6.704545454545454e-01, 8.295454545454546e-01, -5.907440655329561e-02
6.704545454545454e-01, 8.522727272727273e-01, -5.439047677296188e-02
6.704545454545454e-01, 8.750000000000000e-01, -4.877795122903620e-02
6.704545454545454e-01, 8.977272727272727e-01, -4.223104421555746e-02
6.704545454545454e-01, 9.204545454545454e-01, -3.472920009379201e-02
6.704545454545454e-01, 9.431818181818182e-01, -2.615582712153992e-02
6.704545454545454e-01, 9.659090909090909e-01, -1.650270763106780e-02
6.704545454545454e-01, 9.886363636363636e-01, -5.776928465567721e-03
6.931818181818182e-01, 1.136363636363636e-02, 8.769551931142006e-04
6.931818181818182e-01, 3.409090909090909e-02, 2.142219462421581e-03
6.931818181818182e-01, 5.681818181818182e-02, 2.778520438317948e-03
6.931818181818182e-01, 7.954545454545454e-02, 2.794014038340594e-03
6.931818181818182e-01, 1.022727272727273e-01, 2.217818199166835e-03
6.931818181818182e-01, 1.250000000000000e-01, 1.130995555336159e-03
6.931818181818182e-01, 1.477272727272727e-01, -4.440991706417803e-04
6.931818181818182e-01, 1.704545454545454e-01, -2.478827920760173e-03
6.931818181818182e-01, 1.931818181818182e-01, -4.890501700653502e-03
6.931818181818182e-01, 2.159090909090909e-01, -7.652480787239672e-03
6.931818181818182e-01, 2.386363636363636e-01, -1.075242752391681e-02
6.931818181818182e-01, 2.613636363636364e-01, -1.411280770229972e-02
6.931818181818182e-01, 2.840909090909091e-01, -1.768922916208912e-02
6.931818181818182e-01, 3.068181818181818e-01, -2.145678608780828e-02
6.931818181818182e-01, 3.295454545454545e-01, -2.535686266648315e-02
6.931818181818182e-01, 3.522727272727273e-01, -2.936256099312034e-02
6.931818181818182e-01, 3.750000000000000e-01, -3.342086039171645e-02
6.931818181818182e-01, 3.977272727272727e-01, -3.748997398830644e-02
6.931818181818182e-01, 4.204545454545455e-01, -4.153169796533459e-02
6.931818181818182e-01, 4.431818181818182e-01, -4.548892856827532e-02
6.931818181818182e-01, 4.659090909090909e-01, -4.933783611094333e-02
6.931818181818182e-01, 4.886363636363636e-01, -5.301235278248491e-02
6.931818181818182e-01, 5.113636363636364e-01, -5.649329284686159e-02
6.931818181818182e-01, 5.340909090909091e-01, -5.971687173037439e-02
6.931818181818182e-01, 5.568181818181818e-01, -6.265500037177119e-02
6.931818181818182e-01, 5.795454545454546e-01, -6.525870642570265e-02
6.931818181818182e-01, 6.022727272727273e-01, -6.748079560901696e-02
6.931818181818182e-01, 6.250000000000000e-01, -6.929137431640893e-02
6.931818181818182e-01, 6.477272727272727e-01, -7.063122604639609e-02
6.931818181818182e-01, 6.704545454545454e-01, -7.145656618224848e-02
6.931818181818182e-01, 6.931818181818182e-01, -7.173638059662052e-02
6.931818181818182e-01, 7.159090909090909e-01, -7.143186028889990e-02
6.931818181818182e-01, 7.386363636363636e-01, -7.048871217669908e-02
6.931818181818182e-01, 7.613636363636364e-01, -6.885361926576936e-02
6.931818181818182e-01, 7.840909090909091e-01, -6.652313437774002e-02
6.931818181818182e-01, 8.068181818181818e-01, -6.339818549265366e-02
6.931818181818182e-01, 8.295454545454546e-01, -5.948205478509983e-02
6.931818181818182e-01, 8.522727272727273e-01, -5.473676379900300e-02
6.931818181818182e-01, 8.750000000000000e-01, -4.905257854445401e-02
6.931818181818182e-01, 8.977272727272727e-01, -4.243037392703496e-02
6.931818181818182e-01, 9.204545454545454e-01, -3.486525749175490e-02
6.931818181818182e-01, 9.431818181818182e-01, -2.625002598053667e-02
6.931818181818182e-01, 9.659090909090909e-01, -1.655970172921796e-02
6.931818181818182e-01, 9.886363636363636e-01, -5.795096984473803e-03
7.159090909090909e-01, 1.136363636363636e-02, 7.752027229882656e-04
7.159090909090909e-01, 3.409090909090909e-02, 1.842145571301949e-03
7.159090909090909e-01, 5.681818181818182e-02, 2.290264579051646e-03
7.159090909090909e-01, 7.954545454545454e-02, 2.136061517193129e-03
7.159090909090909e-01, 1.022727272727273e-01, 1.415979828999965e-03
7.159090909090909e-01, 1.250000000000000e-01, 2.141615073606517e-04
7.159090909090909e-01, 1.477272727272727e-01, -1.453681311270602e-03
7.159090909090909e-01, 1.704545454545454e-01, -3.569819945578534e-03
7.159090909090909e-01, 1.931818181818182e-01, -6.054734850163950e-03
7.159090909090909e-01, 2.159090909090909e-01, -8.874090943313843e-03
7.159090909090909e-01, 2.386363636363636e-01, -1.200693739939495e-02
7.159090909090909e-01, 2.613636363636364e-01, -1.537857896002283e-02
7.159090909090909e-01, 2.840909090909091e-01, -1.896838806145041e-02
7.159090909090909e-01, 3.068181818181818e-01, -2.273221092700231e-02
7.159090909090909e-01, 3.295454545454545e-01, -2.662869466862216e-02
7.159090909090909e-01, 3.522727272727273e-01, -3.061291698523687e-02
7.159090909090909e-01, 3.750000000000000e-01, -3.463496682562373e-02
7.159090909090909e-01, 3.977272727272727e-01, -3.865691470623966e-02
7.159090909090909e-01, 4.204545454545455e-01, -4.264255449846903e-02
7.159090909090909e-01, 4.431818181818182e-01, -4.654148228167801e-02
7.159090909090909e-01, 4.659090909090909e-01, -5.032251392234403e-02
7.159090909090909e-01, 4.886363636363636e-01, -5.393077640777192e-02
7.159090909090909e-01, 5.113636363636364e-01, -5.733442513795269e-02
7.159090909090909e-01, 5.340909090909091e-01, -6.048619010236144e-02
7.159090909090909e-01, 5.568181818181818e-01, -6.334018942949469e-02
7.159090909090909e-01, 5.795454545454546e-01, -6.586951746023781e-02
7.159090909090909e-01, 6.022727272727273e-01, -6.800274693139213e-02
7.159090909090909e-01, 6.250000000000000e-01, -6.974002676371051e-02
7.159090909090909e-01, 6.477272727272727e-01, -7.098696103273239e-02
7.159090909090909e-01, 6.704545454545454e-01, -7.175591869495772e-02
7.159090909090909e-01, 6.931818181818182e-01, -7.196505199814826e-02
7.159090909090909e-01, 7.159090909090909e-01, -7.159357984662723e-02
7.159090909090909e-01, 7.386363636363636e-01, -7.055744794140320e-02
7.159090909090909e-01, 7.613636363636364e-01, -6.888821925232538e-02
7.159090909090909e-01, 7.840909090909091e-01, -6.652626327250274e-02
7.159090909090909e-01, 8.068181818181818e-01, -6.333996349825227e-02
7.159090909090909e-01, 8.295454545454546e-01, -5.936895903400354e-02
7.159090909090909e-01, 8.522727272727273e-01, -5.458983751365614e-02
7.159090909090909e-01, 8.750000000000000e-01, -4.889680644944391e-02
7.159090909090909e-01, 8.977272727272727e-01, -4.228477763597385e-02
7.159090909090909e-01, 9.204545454545454e-01, -3.472974460071811e-02
7.159090909090909e-01, 9.431818181818182e-01, -2.613697608742825e-02
7.159090909090909e-01, 9.659090909090909e-01, -1.648000417344029e-02
7.159090909090909e-01, 9.886363636363636e-01, -5.763964119785618e-03
7.386363636363636e-01, 1.136363636363636e-02, 6.620580294658939e-04
7.386363636363636e-01, 3.409090909090909e-02, 1.526029811701335e-03
7.386363636363636e-01, 5.681818181818182e-02, 1.814215678954977e-03
7.386363636363636e-01, 7.954545454545454e-02, 1.527161884526534e-03
7.386363636363636e-01, 1.022727272727273e-01, 6.926059506342465e-04
7.386363636363636e-01, 1.250000000000000e-01, -6.133883013195884e-04
7.386363636363636e-01, 1.477272727272727e-01, -2.362911768004620e-03
7.386363636363636e-01, 1.704545454545454e-01, -4.538068936317818e-03
7.386363636363636e-01, 1.931818181818182e-01, -7.053379013563997e-03
7.386363636363636e-01, 2.159090909090909e-01, -9.888179401351909e-03
7.386363636363636e-01, 2.386363636363636e-01, -1.302688161624731e-02
7.386363636363636e-01, 2.613636363636364e-01, -1.639174941052636e-02
7.386363636363636e-01, 2.840909090909091e-01, -1.995253813903118e-02
7.386363636363636e-01, 3.068181818181818e-01, -2.367307966748516e-02
7.386363636363636e-01, 3.295454545454545e-01, -2.751612073829242e-02
7.386363636363636e-01, 3.522727272727273e-01, -3.143262979390598e-02
7.386363636363636e-01, 3.750000000000000e-01, -3.538760701013931e-02
7.386363636363636e-01, 3.977272727272727e-01, -3.933323178396538e-02
7.386363636363636e-01, 4.204545454545455e-01, -4.323383420661262e-02
7.386363636363636e-01, 4.431818181818182e-01, -4.704803866578582e-02
7.386363636363636e-01, 4.659090909090909e-01, -5.072932677613411e-02
7.386363636363636e-01, 4.886363636363636e-01, -5.424951000574739e-02
7.386363636363636e-01, 5.113636363636364e-01, -5.754755167193258e-02
7.386363636363636e-01, 5.340909090909091e-01, -6.060992484555007e-02
7.386363636363636e-01, 5.568181818181818e-01, -6.335903755768889e-02
7.386363636363636e-01, 5.795454545454546e-01, -6.579334224958774e-02
7.386363636363636e-01, 6.022727272727273e-01, -6.783524054101710e-02
7.386363636363636e-01, 6.250000000000000e-01, -6.947644612420650e-02
7.386363636363636e-01, 6.477272727272727e-01, -7.064924372094178e-02
7.386363636363636e-01, 6.704545454545454e-01, -7.133563335731992e-02
7.386363636363636e-01, 6.931818181818182e-01, -7.147353832123873e-02
7.386363636363636e-01, 7.159090909090909e-01, -7.104699719781407e-02
7.386363636363636e-01, 7.386363636363636e-01, -6.997837840164811e-02
7.386363636363636e-01, 7.613636363636364e-01, -6.826740229160845e-02
7.386363636363636e-01, 7.840909090909091e-01, -6.584539574673454e-02
7.386363636363636e-01, 8.068181818181818e-01, -6.267203131784355e-02
7.386363636363636e-01, 8.295454545454546e-01, -5.872773044644799e-02
7.386363636363636e-01, 8.522727272727273e-01, -5.397833032989745e-02
7.386363636363636e-01, 8.750000000000000e-01, -4.831976430669373e-02
7.386363636363636e-01, 8.977272727272727e-01, -4.175892026176663e-02
7.386363636363636e-01, 9.204545454545454e-01, -3.427666388997318e-02
7.386363636363636e-01, 9.431818181818182e-01, -2.577899869644123e-02
7.386363636363636e-01, 9.659090909090909e-01, -1.624181533497998e-02
7.386363636363636e-01, 9.886363636363636e-01, -5.677518732609393e-03
7.613636363636364e-01, 1.136363636363636e-02, 5.666884791329566e-04
7.613636363636364e-01, 3.409090909090909e-02, 1.256647851028702e-03
7.613636363636364e-01, 5.681818181818182e-02, 1.379644023293529e-03
7.613636363636364e-01, 7.954545454545454e-02, 9.598749329255989e-04
7.613636363636364e-01, 1.022727272727273e-01, 2.343950576997206e-05
7.613636363636364e-01, 1.250000000000000e-01, -1.350996506468630e-03
7.613636363636364e-01, 1.477272727272727e-01, -3.145748556190940e-03
7.613636363636364e-01, 1.704545454545454e-01, -5.344965927221372e-03
7.613636363636364e-01, 1.931818181818182e-01, -7.871948453488934e-03
7.613636363636364e-01, 2.159090909090909e-01, -1.069456841667576e-02
7.613636363636364e-01, 2.386363636363636e-01, -1.379445125604510e-02
7.613636363636364e-01, 2.613636363636364e-01, -1.710929970427420e-02
7.613636363636364e-01, 2.840909090909091e-01, -2.061921364657107e-02
7.613636363636364e-01, 3.068181818181818e-01, -2.425900744372276e-02
7.613636363636364e-01, 3.295454545454545e-01, -2.802001969705281e-02
7.613636363636364e-01, 3.522727272727273e-01, -3.183437619331898e-02
7.613636363636364e-01, 3.750000000000000e-01, -3.568645447749037e-02
7.613636363636364e-01, 3.977272727272727e-01, -3.952064729713816e-02
7.613636363636364e-01, 4.204545454545455e-01, -4.330182161165784e-02
7.613636363636364e-01, 4.431818181818182e-01, -4.700032840883375e-02
7.613636363636364e-01, 4.659090909090909e-01, -5.055137217517021e-02
7.613636363636364e-01, 4.886363636363636e-01, -5.395205466035526e-02
7.613636363636364e-01, 5.113636363636364e-01, -5.712049716146422e-02
7.613636363636364e-01, 5.340909090909091e-01, -6.005805286380877e-02
7.613636363636364e-01, 5.568181818181818e-01, -6.269450116527966e-02
7.613636363636364e-01, 5.795454545454546e-01, -6.500787671201368e-02
7.613636363636364e-01, 6.022727272727273e-01, -6.695881627840636e-02
7.613636363636364e-01, 6.250000000000000e-01, -6.848744760668331e-02
7.613636363636364e-01, 6.477272727272727e-01, -6.959220001516311e-02
7.613636363636364e-01, 6.704545454545454e-01, -7.018250444582248e-02
7.613636363636364e-01, 6.931818181818182e-01, -7.027972935490313e-02
7.613636363636364e-01, 7.159090909090909e-01, -6.977600615952537e-02
7.613636363636364e-01, 7.386363636363636e-01, -6.870608765367153e-02
7.613636363636364e-01, 7.613636363636364e-01, -6.695565126195602e-02
7.613636363636364e-01, 7.840909090909091e-01, -6.456585784537509e-02
7.613636363636364e-01, 8.068181818181818e-01, -6.140384548737304e-02
7.613636363636364e-01, 8.295454545454546e-01, -5.749201611761183e-02
7.613636363636364e-01, 8.522727272727273e-01, -5.280452372495460e-02
7.613636363636364e-01, 8.750000000000000e-01, -4.724906958378399e-02
7.613636363636364e-01, 8.977272727272727e-01, -4.081626928591695e-02
7.613636363636364e-01, 9.204545454545454e-01, -3.349088075270713e-02
7.613636363636364e-01, 9.431818181818182e-01, -2.518754716420988e-02
7.613636363636364e-01, 9.659090909090909e-01, -1.588096453135918e-02
7.613636363636364e-01, 9.886363636363636e-01, -5.551138043521345e-03
7.840909090909091e-01, 1.136363636363636e-02, 4.633149311088041e-04
7.840909090909091e-01, 3.409090909090909e-02, 9.767332864196736e-04
7.840909090909091e-01, 5.681818181818182e-02, 9.705222827942625e-04
7.840909090909091e-01, 7.954545454545454e-02, 4.538153458664767e-04
7.840909090909091e-01, 1.022727272727273e-01, -5.526774104389285e-04
7.840909090909091e-01, 1.250000000000000e-01, -1.974280785928118e-03
7.840909090909091e-01, 1.477272727272727e-01, -3.791878335035961e-03
7.840909090909091e-01, 1.704545454545454e-01, -5.984149985719204e-03
7.840909090909091e-01, 1.931818181818182e-01, -8.476523970005194e-03
7.840909090909091e-01, 2.159090909090909e-01, -1.125482351821907e-02
7.840909090909091e-01, 2.386363636363636e-01, -1.428300802066498e-02
7.840909090909091e-01, 2.613636363636364e-01, -1.751746978467669e-02
7.840909090909091e-01, 2.840909090909091e-01, -2.092034285556842e-02
7.840909090909091e-01, 3.068181818181818e-01, -2.445657949982418e-02
7.840909090909091e-01, 3.295454545454545e-01, -2.808444023802373e-02
7.840909090909091e-01, 3.522727272727273e-01, -3.177201490186733e-02
7.840909090909091e-01, 3.750000000000000e-01, -3.547380115442687e-02
7.840909090909091e-01, 3.977272727272727e-01, -3.916295433305737e-02
7.840909090909091e-01, 4.204545454545455e-01, -4.278756406618285e-02
7.840909090909091e-01, 4.431818181818182e-01, -4.632528964008350e-02
7.840909090909091e-01, 4.659090909090909e-01, -4.972658182641879e-02
7.840909090909091e-01, 4.886363636363636e-01, -5.296358495561294e-02
7.840909090909091e-01, 5.113636363636364e-01, -5.599117227293974e-02
7.840909090909091e-01, 5.340909090909091e-01, -5.877430073787053e-02
7.840909090909091e-01, 5.568181818181818e-01, -6.128137423671723e-02
7.840909090909091e-01, 5.795454545454546e-01, -6.345752490052961e-02
7.840909090909091e-01, 6.022727272727273e-01, -6.529735059683280e-02
7.840909090909091e-01, 6.250000000000000e-01, -6.671364044281881e-02
7.840909090909091e-01, 6.477272727272727e-01, -6.773645979629574e-02
7.840909090909091e-01, 6.704545454545454e-01, -6.824388504331864e-02
7.840909090909091e-01, 6.931818181818182e-01, -6.829143086255474e-02
7.840909090909091e-01, 7.159090909090909e-01, -6.774797993954150e-02
7.840909090909091e-01, 7.386363636363636e-01, -6.666342064081780e-02
7.840909090909091e-01, 7.613636363636364e-01, -6.491648171403855e-02
7.840909090909091e-01, 7.840909090909091e-01, -6.255687730085524e-02
7.840909090909091e-01, 8.068181818181818e-01, -5.945851197305795e-02
7.840909090909091e-01, 8.295454545454546e-01, -5.565546558791760e-02
7.840909090909091e-01, 8.522727272727273e-01, -5.110548662874874e-02
7.840909090909091e-01, 8.750000000000000e-01, -4.570523239616915e-02
7.840909090909091e-01, 8.977272727272727e-01, -3.946665321682463e-02
7.840909090909091e-01, 9.204545454545454e-01, -3.236561210862997e-02
7.840909090909091e-01, 9.431818181818182e-01, -2.431530073485041e-02
7.840909090909091e-01, 9.659090909090909e-01, -1.530300207607828e-02
7.840909090909091e-01, 9.886363636363636e-01, -5.345441751906841e-03
8.068181818181818e-01, 1.136363636363636e-02, 3.781583805743617e-04
8.068181818181818e-01, 3.409090909090909e-02, 7.400697337729195e-04
8.068181818181818e-01, 5.681818181818182e-02, 6.124356444962012e-04
8.068181818181818e-01, 7.954545454545454e-02, 1.030898542372234e-05
8.068181818181818e-01, 1.022727272727273e-01, -1.043168987345743e-03
8.068181818181818e-01, 1.250000000000000e-01, -2.479529820500891e-03
8.068181818181818e-01, 1.477272727272727e-01, -4.287563623875968e-03
8.068181818181818e-01, 1.704545454545454e-01, -6.436383340269337e-03
8.068181818181818e-01, 1.931818181818182e-01, -8.851669602519078e-03
8.068181818181818e-01, 2.159090909090909e-01, -1.155030424366466e-02
8.068181818181818e-01, 2.386363636363636e-01, -1.445250432288964e-02
8.068181818181818e-01, 2.613636363636364e-01, -1.757052102236163e-02
8.068181818181818e-01, 2.840909090909091e-01, -2.081683041492220e-02
8.068181818181818e-01, 3.068181818181818e-01, -2.420640755697774e-02
8.068181818181818e-01, 3.295454545454545e-01, -2.765383626681325e-02
8.068181818181818e-01, 3.522727272727273e-01, -3.117014696384302e-02
8.068181818181818e-01, 3.750000000000000e-01, -3.468076406998950e-02
8.068181818181818e-01, 3.977272727272727e-01, -3.817939911699743e-02
8.068181818181818e-01, 4.204545454545455e-01, -4.161445541721112e-02
8.068181818181818e-01, 4.431818181818182e-01, -4.495348777678605e-02
8.068181818181818e-01, 4.659090909090909e-01, -4.817245178836375e-02
8.068181818181818e-01, 4.886363636363636e-01, -5.121146155047347e-02
8.068181818181818e-01, 5.113636363636364e-01, -5.407240960450095e-02
8.068181818181818e-01, 5.340909090909091e-01, -5.667249062781987e-02
8.068181818181818e-01, 5.568181818181818e-01, -5.903169641634123e-02
8.068181818181818e-01, 5.795454545454546e-01, -6.105130943605241e-02
8.068181818181818e-01, 6.022727272727273e-01, -6.275576431271179e-02
8.068181818181818e-01, 6.250000000000000e-01, -6.406430689874315e-02
8.068181818181818e-01, 6.477272727272727e-01, -6.497556899389548e-02
8.068181818181818e-01, 6.704545454545454e-01, -6.542943633191997e-02
8.068181818181818e-01, 6.931818181818182e-01, -6.540978681578903e-02
8.068181818181818e-01, 7.159090909090909e-01, -6.486343255319232e-02
8.068181818181818e-01, 7.386363636363636e-01, -6.377431514731641e-02
8.068181818181818e-01, 7.613636363636364e-01, -6.208328844130748e-02
8.068181818181818e-01, 7.840909090909091e-01, -5.978717453440732e-02
8.068181818181818e-01, 8.068181818181818e-01, -5.680541054322827e-02
8.068181818181818e-01, 8.295454545454546e-01, -5.313666041620940e-02
8.068181818181818e-01, 8.522727272727273e-01, -4.875584691066095e-02
8.068181818181818e-01, 8.750000000000000e-01, -4.358705052937403e-02
8.068181818181818e-01, 8.977272727272727e-01, -3.762121068734894e-02
8.068181818181818e-01, 9.204545454545454e-01, -3.084419932124922e-02
8.068181818181818e-01, 9.431818181818182e-01, -2.318228647264419e-02
8.068181818181818e-01, 9.659090909090909e-01, -1.460858457432545e-02
8.068181818181818e-01, 9.886363636363636e-01, -5.111851079949476e-03
8.295454545454546e-01, 1.136363636363636e-02, 2.892264009959885e-04
8.295454545454546e-01, 3.409090909090909e-02, 5.147599027951740e-04
8.295454545454546e-01, 5.681818181818182e-02, 2.931340704646282e-04
8.295454545454546e-01, 7.954545454545454e-02, -3.614775007936689e-04
8.295454545454546e-01, 1.022727272727273e-01, -1.430613322598716e-03
8.295454545454546e-01, 1.250000000000000e-01, -2.844729219407532e-03
8.295454545454546e-01, 1.477272727272727e-01, -4.607921747032378e-03
8.295454545454546e-01, 1.704545454545454e-01, -6.659353501218445e-03
8.295454545454546e-01, 1.931818181818182e-01, -8.996451868304649e-03
8.295454545454546e-01, 2.159090909090909e-01, -1.155371759612380e-02
8.295454545454546e-01, 2.386363636363636e-01, -1.431269834701219e-02
8.295454545454546e-01, 2.613636363636364e-01, -1.725524296021374e-02
8.295454545454546e-01, 2.840909090909091e-01, -2.031370477775403e-02
8.295454545454546e-01, 3.068181818181818e-01, -2.350056901317353e-02
8.295454545454546e-01, 3.295454545454545e-01, -2.673167354771255e-02
8.295454545454546e-01, 3.522727272727273e-01, -3.002956527693046e-02
8.295454545454546e-01, 3.750000000000000e-01, -3.331231262923387e-02
8.295454545454546e-01, 3.977272727272727e-01, -3.658080029147109e-02
8.295454545454546e-01, 4.204545454545455e-01, -3.978842774933509e-02
8.295454545454546e-01, 4.431818181818182e-01, -4.289367055146746e-02
8.295454545454546e-01, 4.659090909090909e-01, -4.589524987317908e-02
8.295454545454546e-01, 4.886363636363636e-01, -4.870742924696759e-02
8.295454545454546e-01, 5.113636363636364e-01, -5.136043090828300e-02
8.295454545454546e-01, 5.340909090909091e-01, -5.376132145227138e-02
8.295454545454546e-01, 5.568181818181818e-01, -5.592907443708296e-02
8.295454545454546e-01, 5.795454545454546e-01, -5.779464155486008e-02
8.295454545454546e-01, 6.022727272727273e-01, -5.934323920287050e-02
8.295454545454546e-01, 6.250000000000000e-01, -6.054370165623622e-02
8.295454545454546e-01, 6.477272727272727e-01, -6.134234263415391e-02
8.295454545454546e-01, 6.704545454545454e-01, -6.174304462456220e-02
8.295454545454546e-01, 6.931818181818182e-01, -6.166538072677838e-02
8.295454545454546e-01, 7.159090909090909e-01, -6.113025781800278e-02
8.295454545454546e-01, 7.386363636363636e-01, -6.005045538301320e-02
8.295454545454546e-01, 7.613636363636364e-01, -5.843700417260561e-02
8.295454545454546e-01, 7.840909090909091e-01, -5.623611258120354e-02
8.295454545454546e-01, 8.068181818181818e-01, -5.341627733768108e-02
8.295454545454546e-01, 8.295454545454546e-01, -4.993856981870538e-02
8.295454545454546e-01, 8.522727272727273e-01, -4.582365790302970e-02
8.295454545454546e-01, 8.750000000000000e-01, -4.094677772655399e-02
8.295454545454546e-01, 8.977272727272727e-01, -3.534915541752210e-02
8.295454545454546e-01, 9.204545454545454e-01, -2.896520844319476e-02
8.295454545454546e-01, 9.431818181818182e-01, -2.173301577211353e-02
8.295454545454546e-01, 9.659090909090909e-01, -1.367113182175831e-02
8.295454545454546e-01, 9.886363636363636e-01, -4.772253877870212e-03
8.522727272727273e-01, 1.136363636363636e-02, 2.162142014238131e-04
8.522727272727273e-01, 3.409090909090909e-02, 3.254132674500895e-04
8.522727272727273e-01, 5.681818181818182e-02, 3.431980830554243e-05
8.522727272727273e-01, 7.954545454545454e-02, -6.479178365252306e-04
8.522727272727273e-01, 1.022727272727273e-01, -1.701562397750065e-03
8.522727272727273e-01, 1.250000000000000e-01, -3.067949444007402e-03
8.522727272727273e-01, 1.477272727272727e-01, -4.752163218315417e-03
8.522727272727273e-01, 1.704545454545454e-01, -6.667721915501848e-03
8.522727272727273e-01, 1.931818181818182e-01, -8.870232357577298e-03
8.522727272727273e-01, 2.159090909090909e-01, -1.124802027991697e-02
8.522727272727273e-01, 2.386363636363636e-01, -1.382285382218832e-02
8.522727272727273e-01, 2.613636363636364e-01, -1.653562213454815e-02
8.522727272727273e-01, 2.840909090909091e-01, -1.937647873870807e-02
8.522727272727273e-01, 3.068181818181818e-01, -2.230210125301400e-02
8.522727272727273e-01, 3.295454545454545e-01, -2.529231296269450e-02
8.522727272727273e-01, 3.522727272727273e-01, -2.830852889313820e-02
8.522727272727273e-01, 3.750000000000000e-01, -3.133149578052045e-02
8.522727272727273e-01, 3.977272727272727e-01, -3.431706487539049e-02
8.522727272727273e-01, 4.204545454545455e-01, -3.724996201124380e-02
8.522727272727273e-01, 4.431818181818182e-01, -4.009054227628213e-02
8.522727272727273e-01, 4.659090909090909e-01, -4.281703265220936e-02
8.522727272727273e-01, 4.886363636363636e-01, -4.539157298924153e-02
8.522727272727273e-01, 5.113636363636364e-01, -4.779061302441393e-02
8.522727272727273e-01, 5.340909090909091e-01, -4.998270986904271e-02
8.522727272727273e-01, 5.568181818181818e-01, -5.193309575278311e-02
8.522727272727273e-01, 5.795454545454546e-01, -5.362654155621232e-02
8.522727272727273e-01, 6.022727272727273e-01, -5.500709800918184e-02
8.522727272727273e-01, 6.250000000000000e-01, -5.608569609359095e-02
8.522727272727273e-01, 6.477272727272727e-01, -5.677518779827091e-02
8.522727272727273e-01, 6.704545454545454e-01, -5.711669710407308e-02
8.522727272727273e-01, 6.931818181818182e-01, -5.699954129641729e-02
8.522727272727273e-01, 7.159090909090909e-01, -5.647414342155089e-02
8.522727272727273e-01, 7.386363636363636e-01, -5.544217762603314e-02
8.522727272727273e-01, 7.613636363636364e-01, -5.392886393859174e-02
8.522727272727273e-01, 7.840909090909091e-01, -5.186304538506355e-02
8.522727272727273e-01, 8.068181818181818e-01, -4.924705600566539e-02
8.522727272727273e-01, 8.295454545454546e-01, -4.601670480252085e-02
8.522727272727273e-01, 8.522727272727273e-01, -4.219520781821329e-02
8.522727272727273e-01, 8.750000000000000e-01, -3.767432376836034e-02
8.522727272727273e-01, 8.977272727272727e-01, -3.249533704646989e-02
8.522727272727273e-01, 9.204545454545454e-01, -2.661816657144420e-02
8.522727272727273e-01, 9.431818181818182e-01, -1.999271955373699e-02
8.522727272727273e-01, 9.659090909090909e-01, -1.258792015860507e-02
8.522727272727273e-01, 9.886363636363636e-01, -4.406678692511796e-03
8.750000000000000e-01, 1.136363636363636e-02, 1.483051408685208e-04
8.750000000000000e-01, 3.409090909090909e-02, 1.651787651818263e-04
8.750000000000000e-01, 5.681818181818182e-02, -1.712929813240596e-04
8.750000000000000e-01, 7.954545454545454e-02, -8.526216741419263e-04
8.750000000000000e-01, 1.022727272727273e-01, -1.853738968426456e-03
8.750000000000000e-01, 1.250000000000000e-01, -3.123223598144523e-03
8.750000000000000e-01, 1.477272727272727e-01, -4.667505721727599e-03
8.750000000000000e-01, 1.704545454545454e-01, -6.445476779744790e-03
8.750000000000000e-01, 1.931818181818182e-01, -8.433233024542715e-03
8.750000000000000e-01, 2.159090909090909e-01, -1.058863234810046e-02
8.750000000000000e-01, 2.386363636363636e-01, -1.292417348072106e-02
8.750000000000000e-01, 2.613636363636364e-01, -1.535202750721035e-02
8.750000000000000e-01, 2.840909090909091e-01, -1.793003125364372e-02
8.750000000000000e-01, 3.068181818181818e-01, -2.053650375493181e-02
8.750000000000000e-01, 3.295454545454545e-01, -2.323757758929077e-02
8.750000000000000e-01, 3.522727272727273e-01, -2.591953911611917e-02
8.750000000000000e-01, 3.750000000000000e-01, -2.862927421744182e-02
8.750000000000000e-01, 3.977272727272727e-01, -3.128988676134414e-02
8.750000000000000e-01, 4.204545454545455e-01, -3.390225581395918e-02
8.750000000000000e-01, 4.431818181818182e-01, -3.643657700217502e-02
8.750000000000000e-01, 4.659090909090909e-01, -3.884737904671712e-02
8.750000000000000e-01, 4.886363636363636e-01, -4.114871454679415e-02
8.750000000000000e-01, 5.113636363636364e-01, -4.325682412224762e-02
8.750000000000000e-01, 5.340909090909091e-01, -4.521538562303823e-02
8.750000000000000e-01, 5.568181818181818e-01, -4.692110579345289e-02
8.750000000000000e-01, 5.795454545454546e-01, -4.842173180474048e-02
8.750000000000000e-01, 6.022727272727273e-01, -4.962249150563056e-02
8.750000000000000e-01, 6.250000000000000e-01, -5.055383364467882e-02
8.750000000000000e-01, 6.477272727272727e-01, -5.114999574292536e-02
8.750000000000000e-01, 6.704545454545454e-01, -5.141206554660232e-02
8.750000000000000e-01, 6.931818181818182e-01, -5.129240078080978e-02
8.750000000000000e-01, 7.159090909090909e-01, -5.078677151499673e-02
8.750000000000000e-01, 7.386363636363636e-01, -4.983837157110611e-02
8.750000000000000e-01, 7.613636363636364e-01, -4.846511260349706e-02
8.750000000000000e-01, 7.840909090909091e-01, -4.657710748480606e-02
8.750000000000000e-01, 8.068181818181818e-01, -4.422572081126473e-02
8.750000000000000e-01, 8.295454545454546e-01, -4.129882576748480e-02
8.750000000000000e-01, 8.522727272727273e-01, -3.787357962927429e-02
8.750000000000000e-01, 8.750000000000000e-01, -3.380834531791408e-02
8.750000000000000e-01, 8.977272727272727e-01, -2.914034468090401e-02
8.750000000000000e-01, 9.204545454545454e-01, -2.389342951346943e-02
8.750000000000000e-01, 9.431818181818182e-01, -1.792770196635803e-02
8.750000000000000e-01, 9.659090909090909e-01, -1.127051985795840e-02
8.750000000000000e-01, 9.886363636363636e-01, -3.931385887761899e-03
8.977272727272727e-01, 1.136363636363636e-02, 9.074302350306322e-05
8.977272727272727e-01, 3.409090909090909e-02, 3.980566904533997e-05
8.977272727272727e-01, 5.681818181818182e-02, -3.092183608454958e-04
8.977272727272727e-01, 7.954545454545454e-02, -9.515040733083039e-04
8.977272727272727e-01, 1.022727272727273e-01, -1.866906028672041e-03
8.977272727272727e-01, 1.250000000000000e-01, -3.015763597491851e-03
8.977272727272727e-01, 1.477272727272727e-01, -4.383744342765615e-03
8.977272727272727e-01, 1.704545454545454e-01, -5.955724112357372e-03
8.977272727272727e-01, 1.931818181818182e-01, -7.700729505052320e-03
8.977272727272727e-01, 2.159090909090909e-01, -9.589665947988489e-03
8.977272727272727e-01, 2.386363636363636e-01, -1.163052552556228e-02
8.977272727272727e-01, 2.613636363636364e-01, -1.374044637272595e-02
8.977272727272727e-01, 2.840909090909091e-01, -1.597773432356576e-02
8.977272727272727e-01, 3.068181818181818e-01, -1.822968456871724e-02
8.977272727272727e-01, 3.295454545454545e-01, -2.057051537572782e-02
8.977272727272727e-01, 3.522727272727273e-01, -2.288417181503347e-02
8.977272727272727e-01, 3.750000000000000e-01, -2.522869683827682e-02
8.977272727272727e-01, 3.977272727272727e-01, -2.752386240143546e-02
8.977272727272727e-01, 4.204545454545455e-01, -2.977283561562966e-02
8.977272727272727e-01, 4.431818181818182e-01, -3.195890084945992e-02
8.977272727272727e-01, 4.659090909090909e-01, -3.402343582956122e-02
8.977272727272727e-01, 4.886363636363636e-01, -3.600727305219462e-02
8.977272727272727e-01, 5.113636363636364e-01, -3.780112900991447e-02
8.977272727272727e-01, 5.340909090909091e-01, -3.947463841349336e-02
8.977272727272727e-01, 5.568181818181818e-01, -4.092648939516658e-02
8.977272727272727e-01, 5.795454545454546e-01, -4.219689034817674e-02
8.977272727272727e-01, 6.022727272727273e-01, -4.322049371089801e-02
8.977272727272727e-01, 6.250000000000000e-01, -4.399441652048917e-02
8.977272727272727e-01, 6.477272727272727e-01, -4.449709376731748e-02
8.977272727272727e-01, 6.704545454545454e-01, -4.468771260988250e-02
8.977272727272727e-01, 6.931818181818182e-01, -4.457190374348403e-02
8.977272727272727e-01, 7.159090909090909e-01, -4.409701216543013e-02
8.977272727272727e-01, 7.386363636363636e-01, -4.326326673557264e-02
8.977272727272727e-01, 7.613636363636364e-01, -4.204264496373204e-02
8.977272727272727e-01, 7.840909090909091e-01, -4.039307820499646e-02
8.977272727272727e-01, 8.068181818181818e-01, -3.834432607436875e-02
8.977272727272727e-01, 8.295454545454546e-01, -3.578740085518757e-02
8.977272727272727e-01, 8.522727272727273e-01, -3.282277489127944e-02
8.977272727272727e-01, 8.750000000000000e-01, -2.925659769465584e-02
8.977272727272727e-01, 8.977272727272727e-01, -2.525737044572421e-02
8.977272727272727e-01, 9.204545454545454e-01, -2.066474038671704e-02
8.977272727272727e-01, 9.431818181818182e-01, -1.549271373848557e-02
8.977272727272727e-01, 9.659090909090909e-01, -9.735456253188637e-03
8.977272727272727e-01, 9.886363636363636e-01, -3.384912770076641e-03
9.204545454545454e-01, 1.136363636363636e-02, 4.912588518462021e-05
9.204545454545454e-01, 3.409090909090909e-02, -4.549390532518437e-05
9.204545454545454e-01, 5.681818181818182e-02, -3.820026468531887e-04
9.204545454545454e-01, 7.954545454545454e-02, -9.470528373046045e-04
9.204545454545454e-01, 1.022727272727273e-01, -1.729061131435346e-03
9.204545454545454e-01, 1.250000000000000e-01, -2.719706412239118e-03
9.204545454545454e-01, 1.477272727272727e-01, -3.869669636844819e-03
9.204545454545454e-01, 1.704545454545454e-01, -5.192663616960913e-03
9.204545454545454e-01, 1.931818181818182e-01, -6.640937974451514e-03
9.204545454545454e-01, 2.159090909090909e-01, -8.221366283086161e-03
9.204545454545454e-01, 2.386363636363636e-01, -9.896295668794648e-03
9.204545454545454e-01, 2.613636363636364e-01, -1.166039161236877e-02
9.204545454545454e-01, 2.840909090909091e-01, -1.348797742911267e-02
9.204545454545454e-01, 3.068181818181818e-01, -1.536465110804213e-02
9.204545454545454e-01, 3.295454545454545e-01, -1.727029176642864e-02
9.204545454545454e-01, 3.522727272727273e-01, -1.918772896136185e-02
9.204545454545454e-01, 3.750000000000000e-01, -2.109617459630430e-02
9.204545454545454e-01, 3.977272727272727e-01, -2.298264858411084e-02
9.204545454545454e-01, 4.204545454545455e-01, -2.481931076132700e-02
9.204545454545454e-01, 4.431818181818182e-01, -2.659942558768957e-02
9.204545454545454e-01, 4.659090909090909e-01, -2.829294606092594e-02
9.204545454545454e-01, 4.886363636363636e-01, -2.989285819491695e-02
9.204545454545454e-01, 5.113636363636364e-01, -3.137091124752108e-02
9.204545454545454e-01, 5.340909090909091e-01, -3.271544177046593e-02
9.204545454545454e-01, 5.568181818181818e-01, -3.390643135596490e-02
9.204545454545454e-01, 5.795454545454546e-01, -3.492108401988844e-02
9.204545454545454e-01, 6.022727272727273e-01, -3.575328236592874e-02
9.204545454545454e-01, 6.250000000000000e-01, -3.636286396559543e-02
9.204545454545454e-01, 6.477272727272727e-01, -3.676466970455448e-02
9.204545454545454e-01, 6.704545454545454e-01, -3.689452009668675e-02
9.204545454545454e-01, 6.931818181818182e-01, -3.678556116527512e-02
9.204545454545454e-01, 7.159090909090909e-01, -3.636906239418840e-02
9.204545454545454e-01, 7.386363636363636e-01, -3.567188600844715e-02
9.204545454545454e-01, 7.613636363636364e-01, -3.464020908886729e-02
9.204545454545454e-01, 7.840909090909091e-01, -3.327984657610816e-02
9.204545454545454e-01, 8.068181818181818e-01, -3.156152009692096e-02
9.204545454545454e-01, 8.295454545454546e-01, -2.946470825652438e-02
9.204545454545454e-01, 8.522727272727273e-01, -2.698858070172451e-02
9.204545454545454e-01, 8.750000000000000e-01, -2.407416613240546e-02
9.204545454545454e-01, 8.977272727272727e-01, -2.076862941800987e-02
9.204545454545454e-01, 9.204545454545454e-01, -1.698991601075729e-02
9.204545454545454e-01, 9.431818181818182e-01, -1.272194628170857e-02
9.204545454545454e-01, 9.659090909090909e-01, -8.012161961982156e-03
9.204545454545454e-01, 9.886363636363636e-01, -2.794571948488293e-03
9.431818181818182e-01, 1.136363636363636e-02, 1.576041156857162e-05
9.431818181818182e-01, 3.409090909090909e-02, -9.005198679995757e-05
9.431818181818182e-01, 5.681818181818182e-02, -3.734025331921648e-04
9.431818181818182e-01, 7.954545454545454e-02, -8.274728373404001e-04
9.431818181818182e-01, 1.022727272727273e-01, -1.457164207604619e-03
9.431818181818182e-01, 1.250000000000000e-01, -2.207777208497911e-03
9.431818181818182e-01, 1.477272727272727e-01, -3.102437298234611e-03
9.431818181818182e-01, 1.704545454545454e-01, -4.105125795060558e-03
9.431818181818182e-01, 1.931818181818182e-01, -5.208338439769962e-03
9.431818181818182e-01, 2.159090909090909e-01, -6.413206625627084e-03
9.431818181818182e-01, 2.386363636363636e-01, -7.663377850478891e-03
9.431818181818182e-01, 2.613636363636364e-01, -9.022278329717462e-03
9.431818181818182e-01, 2.840909090909091e-01, -1.037440559866185e-02
9.431818181818182e-01, 3.068181818181818e-01, -1.182145430798121e-02
9.431818181818182e-01, 3.295454545454545e-01, -1.322754164734421e-02
9.431818181818182e-01, 3.522727272727273e-01, -1.470141365286138e-02
9.431818181818182e-01, 3.750000000000000e-01, -1.610679184368441e-02
9.431818181818182e-01, 3.977272727272727e-01, -1.753350732988395e-02
9.431818181818182e-01, 4.204545454545455e-01, -1.890261939589890e-02
9.431818181818182e-01, 4.431818181818182e-01, -2.023007807697900e-02
9.431818181818182e-01, 4.659090909090909e-01, -2.150447995584998e-02
9.431818181818182e-01, 4.886363636363636e-01, -2.267985669112629e-02
9.431818181818182e-01, 5.113636363636364e-01, -2.380361831068010e-02
9.431818181818182e-01, 5.340909090909091e-01, -2.478457617667296e-02
9.431818181818182e-01, 5.568181818181818e-01, -2.568878631295282e-02
9.431818181818182e-01, 5.795454545454546e-01, -2.642540645796881e-02
9.431818181818182e-01, 6.022727272727273e-01, -2.705108083594944e-02
9.431818181818182e-01, 6.250000000000000e-01, -2.748860996119756e-02
9.431818181818182e-01, 6.477272727272727e-01, -2.777384088168154e-02
9.431818181818182e-01, 6.704545454545454e-01, -2.786399222854012e-02
9.431818181818182e-01, 6.931818181818182e-01, -2.776396724482901e-02
9.431818181818182e-01, 7.159090909090909e-01, -2.744166856160258e-02
9.431818181818182e-01, 7.386363636363636e-01, -2.691267803445850e-02
9.431818181818182e-01, 7.613636363636364e-01, -2.611190726061267e-02
9.431818181818182e-01, 7.840909090909091e-01, -2.509987173176442e-02
9.431818181818182e-01, 8.068181818181818e-01, -2.376547818615740e-02
9.431818181818182e-01, 8.295454545454546e-01, -2.221049911545623e-02
9.431818181818182e-01, 8.522727272727273e-01, -2.029209097631447e-02
9.431818181818182e-01, 8.750000000000000e-01, -1.813962005121950e-02
9.431818181818182e-01, 8.977272727272727e-01, -1.561073311174914e-02
9.431818181818182e-01, 9.204545454545454e-01, -1.277836803864102e-02
9.431818181818182e-01, 9.431818181818182e-01, -9.550373117048783e-03
9.431818181818182e-01, 9.659090909090909e-01, -5.991163915684396e-03
9.431818181818182e-01, 9.886363636363636e-01, -2.050283573670902e-03
9.659090909090909e-01, 1.136363636363636e-02, 1.397945499781424e-06
9.659090909090909e-01, 3.409090909090909e-02, -9.145260056678955e-05
9.659090909090909e-01, 5.681818181818182e-02, -2.933935458772682e-04
9.659090909090909e-01, 7.954545454545454e-02, -5.894276756368724e-04
9.659090909090909e-01, 1.022727272727273e-01, -1.011514312565665e-03
9.659090909090909e-01, 1.250000000000000e-01, -1.479034105509515e-03
9.659090909090909e-01, 1.477272727272727e-01, -2.077827587291644e-03
9.659090909090909e-01, 1.704545454545454e-01, -2.701934366820065e-03
9.659090909090909e-01, 1.931818181818182e-01, -3.426602971782239e-03
9.659090909090909e-01, 2.159090909090909e-01, -4.179817068368076e-03
9.659090909090909e-01, 2.386363636363636e-01, -4.988672709114563e-03
9.659090909090909e-01, 2.613636363636364e-01, -5.845029530890810e-03
9.659090909090909e-01, 2.840909090909091e-01, -6.699317372234941e-03
9.659090909090909e-01, 3.068181818181818e-01, -7.623939847096218e-03
9.659090909090909e-01, 3.295454545454545e-01, -8.489093535053440e-03
9.659090909090909e-01, 3.522727272727273e-01, -9.439227462627870e-03
9.659090909090909e-01, 3.750000000000000e-01, -1.029258625376329e-02
9.659090909090909e-01, 3.977272727272727e-01, -1.122051661702587e-02
9.659090909090909e-01, 4.204545454545455e-01, -1.206012484749572e-02
9.659090909090909e-01, 4.431818181818182e-01, -1.291304304210625e-02
9.659090909090909e-01, 4.659090909090909e-01, -1.370024577565145e-02
9.659090909090909e-01, 4.886363636363636e-01, -1.444605458252703e-02
9.659090909090909e-01, 5.113636363636364e-01, -1.514663607503635e-02
9.659090909090909e-01, 5.340909090909091e-01, -1.575501041891878e-02
9.659090909090909e-01, 5.568181818181818e-01, -1.632516871521820e-02
9.659090909090909e-01, 5.795454545454546e-01, -1.677092298028557e-02
9.659090909090909e-01, 6.022727272727273e-01, -1.716483791032172e-02
9.659090909090909e-01, 6.250000000000000e-01, -1.742718389981503e-02
9.659090909090909e-01, 6.477272727272727e-01, -1.760133166244728e-02
9.659090909090909e-01, 6.704545454545454e-01, -1.765363016267707e-02
9.659090909090909e-01, 6.931818181818182e-01, -1.757538701504861e-02
9.659090909090909e-01, 7.159090909090909e-01, -1.737187367495137e-02
9.659090909090909e-01, 7.386363636363636e-01, -1.701859856601715e-02
9.659090909090909e-01, 7.613636363636364e-01, -1.651295004433230e-02
9.659090909090909e-01, 7.840909090909091e-01, -1.586367438977414e-02
9.659090909090909e-01, 8.068181818181818e-01, -1.500735161024948e-02
9.659090909090909e-01, 8.295454545454546e-01, -1.404491617819350e-02
9.659090909090909e-01, 8.522727272727273e-01, -1.279844472444615e-02
9.659090909090909e-01, 8.750000000000000e-01, -1.149265071936118e-02
9.659090909090909e-01, 8.977272727272727e-01, -9.828876070449123e-03
9.659090909090909e-01, 9.204545454545454e-01, -8.099885785614526e-03
9.659090909090909e-01, 9.431818181818182e-01, -6.018156167883310e-03
9.659090909090909e-01, 9.659090909090909e-01, -3.749434069036569e-03
9.659090909090909e-01, 9.886363636363636e-01, -1.341308316335698e-03
9.886363636363636e-01, 1.136363636363636e-02, -3.490763150376150e-06
9.886363636363636e-01, 3.409090909090909e-02, -4.354850487871563e-05
9.886363636363636e-01, 5.681818181818182e-02, -1.185210815422025e-04
9.886363636363636e-01, 7.954545454545454e-02, -2.339032537365403e-04
9.886363636363636e-01, 1.022727272727273e-01, -3.864898067154551e-04
9.886363636363636e-01, 1.250000000000000e-01, -5.565779165006180e-04
9.886363636363636e-01, 1.477272727272727e-01, -7.702940936588732e-04
9.886363636363636e-01, 1.704545454545454e-01, -9.872743325189935e-04
9.886363636363636e-01, 1.931818181818182e-01, -1.249863734148421e-03
9.886363636363636e-01, 2.159090909090909e-01, -1.503601649133794e-03
9.886363636363636e-01, 2.386363636363636e-01, -1.801804497678485e-03
9.886363636363636e-01, 2.613636363636364e-01, -2.081839944122396e-03
9.886363636363636e-01, 2.840909090909091e-01, -2.403438908723885e-03
9.886363636363636e-01, 3.068181818181818e-01, -2.709906667332657e-03
9.886363636363636e-01, 3.295454545454545e-01, -3.030750717514682e-03
9.886363636363636e-01, 3.522727272727273e-01, -3.363739504067285e-03
9.886363636363636e-01, 3.750000000000000e-01, -3.660990633631926e-03
9.886363636363636e-01, 3.977272727272727e-01, -3.985673373763435e-03
9.886363636363636e-01, 4.204545454545455e-01, -4.270344374666192e-03
9.886363636363636e-01, 4.431818181818182e-01, -4.574902908211611e-03
9.886363636363636e-01, 4.659090909090909e-01, -4.835785277320812e-03
9.886363636363636e-01, 4.886363636363636e-01, -5.106971484252030e-03
9.886363636363636e-01, 5.113636363636364e-01, -5.333843916508453e-03
9.886363636363636e-01, 5.340909090909091e-01, -5.559459298427122e-03
9.886363636363636e-01, 5.568181818181818e-01, -5.747057357120123e-03
9.886363636363636e-01, 5.795454545454546e-01, -5.908336587799138e-03
9.886363636363636e-01, 6.022727272727273e-01, -6.044698557967246e-03
9.886363636363636e-01, 6.250000000000000e-01, -6.130718486513190e-03
9.886363636363636e-01, 6.477272727272727e-01, -6.190020816054110e-03
9.886363636363636e-01, 6.704545454545454e-01, -6.202995896576753e-03
9.886363636363636e-01, 6.931818181818182e-01, -6.172945814059200e-03
9.886363636363636e-01, 7.159090909090909e-01, -6.101901836381918e-03
9.886363636363636e-01, 7.386363636363636e-01, -5.969785295401867e-03
9.886363636363636e-01, 7.613636363636364e-01, -5.804180870416204e-03
9.886363636363636e-01, 7.840909090909091e-01, -5.557315854175476e-03
9.886363636363636e-01, 8.068181818181818e-01, -5.274241900777133e-03
9.886363636363636e-01, 8.295454545454546e-01, -4.912345180572653e-03
9.886363636363636e-01, 8.522727272727273e-01, -4.475308985804789e-03
9.886363636363636e-01, 8.750000000000000e-01, -4.011203765574296e-03
9.886363636363636e-01, 8.977272727272727e-01, -3.428664860907177e-03
9.886363636363636e-01, 9.204545454545454e-01, -2.830298459798543e-03
9.886363636363636e-01, 9.431818181818182e-01, -2.081440543878316e-03
9.886363636363636e-01, 9.659090909090909e-01, -1.352521123831980e-03
9.886363636363636e-01, 9.886363636363636e-01, -3.727632838560164e-04
