x,y,u
7.102272727272727e-03,1.136363636363636e-02,1.723828216201719e-04
7.102272727272727e-03,3.409090909090909e-02,5.056775378223006e-04
7.102272727272727e-03,5.681818181818182e-02,7.586757647569248e-04
7.102272727272727e-03,7.954545454545454e-02,9.752699776873171e-04
7.102272727272727e-03,1.022727272727273e-01,1.167162399161553e-03
7.102272727272727e-03,1.250000000000000e-01,1.338109620433434e-03
7.102272727272727e-03,1.477272727272727e-01,1.483460702143773e-03
7.102272727272727e-03,1.704545454545454e-01,1.615822177526446e-03
7.102272727272727e-03,1.931818181818182e-01,1.735995774493890e-03
7.102272727272727e-03,2.159090909090909e-01,1.842987027605447e-03
7.102272727272727e-03,2.386363636363636e-01,1.936580330854962e-03
7.102272727272727e-03,2.613636363636364e-01,2.021434454500541e-03
7.102272727272727e-03,2.840909090909091e-01,2.097913243784344e-03
7.102272727272727e-03,3.068181818181818e-01,2.163540999901223e-03
7.102272727272727e-03,3.295454545454545e-01,2.220581344251587e-03
7.102272727272727e-03,3.522727272727273e-01,2.270737614032048e-03
7.102272727272727e-03,3.750000000000000e-01,2.314191210510734e-03
7.102272727272727e-03,3.977272727272727e-01,2.347467500389221e-03
7.102272727272727e-03,4.204545454545455e-01,2.374632677519245e-03
7.102272727272727e-03,4.431818181818182e-01,2.395754906552082e-03
7.102272727272727e-03,4.659090909090909e-01,2.409748294240589e-03
7.102272727272727e-03,4.886363636363636e-01,2.415563657293119e-03
7.102272727272727e-03,5.113636363636364e-01,2.415563657293119e-03
7.102272727272727e-03,5.340909090909091e-01,2.409748294240589e-03
7.102272727272727e-03,5.568181818181818e-01,2.395754906552082e-03
7.102272727272727e-03,5.795454545454546e-01,2.374632677519245e-03
7.102272727272727e-03,6.022727272727273e-01,2.347467500389222e-03
7.102272727272727e-03,6.250000000000000e-01,2.314191210510736e-03
7.102272727272727e-03,6.477272727272727e-01,2.270737614032048e-03
7.102272727272727e-03,6.704545454545454e-01,2.220581344251587e-03
7.102272727272727e-03,6.931818181818182e-01,2.163540999901224e-03
7.102272727272727e-03,7.159090909090909e-01,2.097913243784345e-03
7.102272727272727e-03,7.386363636363636e-01,2.021434454500541e-03
7.102272727272727e-03,7.613636363636364e-01,1.936580330854962e-03
7.102272727272727e-03,7.840909090909091e-01,1.842987027605446e-03
7.102272727272727e-03,8.068181818181818e-01,1.735995774493890e-03
7.102272727272727e-03,8.295454545454546e-01,1.615822177526445e-03
7.102272727272727e-03,8.522727272727273e-01,1.483460702143773e-03
7.102272727272727e-03,8.750000000000000e-01,1.338109620433433e-03
7.102272727272727e-03,8.977272727272727e-01,1.167162399161552e-03
7.102272727272727e-03,9.204545454545454e-01,9.752699776873169e-04
7.102272727272727e-03,9.431818181818182e-01,7.586757647569252e-04
7.102272727272727e-03,9.659090909090909e-01,5.056775378223001e-04
7.102272727272727e-03,9.886363636363636e-01,1.723828216201716e-04
2.130681818181818e-02,1.136363636363636e-02,5.171484648605156e-04
2.130681818181818e-02,3.409090909090909e-02,1.517032613466902e-03
2.130681818181818e-02,5.681818181818182e-02,2.276027294270774e-03
2.130681818181818e-02,7.954545454545454e-02,2.925809933061951e-03
2.130681818181818e-02,1.022727272727273e-01,3.501487197484658e-03
2.130681818181818e-02,1.250000000000000e-01,4.014328861300301e-03
2.130681818181818e-02,1.477272727272727e-01,4.450382106431320e-03
2.130681818181818e-02,1.704545454545454e-01,4.847466532579338e-03
2.130681818181818e-02,1.931818181818182e-01,5.207987323481669e-03
2.130681818181818e-02,2.159090909090909e-01,5.528961082816340e-03
2.130681818181818e-02,2.386363636363636e-01,5.809740992564887e-03
2.130681818181818e-02,2.613636363636364e-01,6.064303363501624e-03
2.130681818181818e-02,2.840909090909091e-01,6.293739731353032e-03
2.130681818181818e-02,3.068181818181818e-01,6.490622999703668e-03
2.130681818181818e-02,3.295454545454545e-01,6.661744032754760e-03
2.130681818181818e-02,3.522727272727273e-01,6.812212842096142e-03
2.130681818181818e-02,3.750000000000000e-01,6.942573631532204e-03
2.130681818181818e-02,3.977272727272727e-01,7.042402501167663e-03
2.130681818181818e-02,4.204545454545455e-01,7.123898032557736e-03
2.130681818181818e-02,4.431818181818182e-01,7.187264719656245e-03
2.130681818181818e-02,4.659090909090909e-01,7.229244882721766e-03
2.130681818181818e-02,4.886363636363636e-01,7.246690971879357e-03
2.130681818181818e-02,5.113636363636364e-01,7.246690971879357e-03
2.130681818181818e-02,5.340909090909091e-01,7.229244882721766e-03
2.130681818181818e-02,5.568181818181818e-01,7.187264719656247e-03
2.130681818181818e-02,5.795454545454546e-01,7.123898032557736e-03
2.130681818181818e-02,6.022727272727273e-01,7.042402501167665e-03
2.130681818181818e-02,6.250000000000000e-01,6.942573631532207e-03
2.130681818181818e-02,6.477272727272727e-01,6.812212842096144e-03
2.130681818181818e-02,6.704545454545454e-01,6.661744032754761e-03
2.130681818181818e-02,6.931818181818182e-01,6.490622999703671e-03
2.130681818181818e-02,7.159090909090909e-01,6.293739731353033e-03
2.130681818181818e-02,7.386363636363636e-01,6.064303363501623e-03
2.130681818181818e-02,7.613636363636364e-01,5.809740992564885e-03
2.130681818181818e-02,7.840909090909091e-01,5.528961082816339e-03
2.130681818181818e-02,8.068181818181818e-01,5.207987323481667e-03
2.130681818181818e-02,8.295454545454546e-01,4.847466532579336e-03
2.130681818181818e-02,8.522727272727273e-01,4.450382106431319e-03
2.130681818181818e-02,8.750000000000000e-01,4.014328861300300e-03
2.130681818181818e-02,8.977272727272727e-01,3.501487197484656e-03
2.130681818181818e-02,9.204545454545454e-01,2.925809933061954e-03
2.130681818181818e-02,9.431818181818182e-01,2.276027294270772e-03
2.130681818181818e-02,9.659090909090909e-01,1.517032613466900e-03
2.130681818181818e-02,9.886363636363636e-01,5.171484648605098e-04
3.551136363636364e-02,1.136363636363636e-02,8.344369037277845e-04
3.551136363636364e-02,3.409090909090909e-02,2.450893207858228e-03
3.551136363636364e-02,5.681818181818182e-02,3.700426988712784e-03
3.551136363636364e-02,7.954545454545454e-02,4.773983750028537e-03
3.551136363636364e-02,1.022727272727273e-01,5.727249580402554e-03
3.551136363636364e-02,1.250000000000000e-01,6.577795536728570e-03
3.551136363636364e-02,1.477272727272727e-01,7.301891923117076e-03
3.551136363636364e-02,1.704545454545454e-01,7.961568533725172e-03
3.551136363636364e-02,1.931818181818182e-01,8.560751257465546e-03
3.551136363636364e-02,2.159090909090909e-01,9.094407917007483e-03
3.551136363636364e-02,2.386363636363636e-01,9.561369611612958e-03
3.551136363636364e-02,2.613636363636364e-01,9.984794620598951e-03
3.551136363636364e-02,2.840909090909091e-01,1.036648145567181e-02
3.551136363636364e-02,3.068181818181818e-01,1.069406290775255e-02
3.551136363636364e-02,3.295454545454545e-01,1.097880542257827e-02
3.551136363636364e-02,3.522727272727273e-01,1.122919936131210e-02
3.551136363636364e-02,3.750000000000000e-01,1.144614508281223e-02
3.551136363636364e-02,3.977272727272727e-01,1.161229074560281e-02
3.551136363636364e-02,4.204545454545455e-01,1.174792752398371e-02
3.551136363636364e-02,4.431818181818182e-01,1.185339436959125e-02
3.551136363636364e-02,4.659090909090909e-01,1.192326740881609e-02
3.551136363636364e-02,4.886363636363636e-01,1.195230548822460e-02
3.551136363636364e-02,5.113636363636364e-01,1.195230548822460e-02
3.551136363636364e-02,5.340909090909091e-01,1.192326740881609e-02
3.551136363636364e-02,5.568181818181818e-01,1.185339436959125e-02
3.551136363636364e-02,5.795454545454546e-01,1.174792752398371e-02
3.551136363636364e-02,6.022727272727273e-01,1.161229074560281e-02
3.551136363636364e-02,6.250000000000000e-01,1.144614508281224e-02
3.551136363636364e-02,6.477272727272727e-01,1.122919936131210e-02
3.551136363636364e-02,6.704545454545454e-01,1.097880542257828e-02
3.551136363636364e-02,6.931818181818182e-01,1.069406290775256e-02
3.551136363636364e-02,7.159090909090909e-01,1.036648145567181e-02
3.551136363636364e-02,7.386363636363636e-01,9.984794620598949e-03
3.551136363636364e-02,7.613636363636364e-01,9.561369611612953e-03
3.551136363636364e-02,7.840909090909091e-01,9.094407917007479e-03
3.551136363636364e-02,8.068181818181818e-01,8.560751257465544e-03
3.551136363636364e-02,8.295454545454546e-01,7.961568533725170e-03
3.551136363636364e-02,8.522727272727273e-01,7.301891923117074e-03
3.551136363636364e-02,8.750000000000000e-01,6.577795536728570e-03
3.551136363636364e-02,8.977272727272727e-01,5.727249580402553e-03
3.551136363636364e-02,9.204545454545454e-01,4.773983750028537e-03
3.551136363636364e-02,9.431818181818182e-01,3.700426988712780e-03
3.551136363636364e-02,9.659090909090909e-01,2.450893207858225e-03
3.551136363636364e-02,9.886363636363636e-01,8.344369037277754e-04
4.971590909090909e-02,1.136363636363636e-02,1.087611865724545e-03
4.971590909090909e-02,3.409090909090909e-02,3.203933345991906e-03
4.971590909090909e-02,5.681818181818182e-02,4.907939067987165e-03
4.971590909090909e-02,7.954545454545454e-02,6.383303244043009e-03
4.971590909090909e-02,1.022727272727273e-01,7.699699660708295e-03
4.971590909090909e-02,1.250000000000000e-01,8.878172892800108e-03
4.971590909090909e-02,1.477272727272727e-01,9.884108035398650e-03
4.971590909090909e-02,1.704545454545454e-01,1.080140504242120e-02
4.971590909090909e-02,1.931818181818182e-01,1.163531742310698e-02
4.971590909090909e-02,2.159090909090909e-01,1.237862456881920e-02
4.971590909090909e-02,2.386363636363636e-01,1.302942346445003e-02
4.971590909090909e-02,2.613636363636364e-01,1.361973802325418e-02
4.971590909090909e-02,2.840909090909091e-01,1.415202539907409e-02
4.971590909090909e-02,3.068181818181818e-01,1.460900460170979e-02
4.971590909090909e-02,3.295454545454545e-01,1.500629711548257e-02
4.971590909090909e-02,3.522727272727273e-01,1.535571222654906e-02
4.971590909090909e-02,3.750000000000000e-01,1.565849093802891e-02
4.971590909090909e-02,3.977272727272727e-01,1.589040322523691e-02
4.971590909090909e-02,4.204545454545455e-01,1.607974000031381e-02
4.971590909090909e-02,4.431818181818182e-01,1.622697030546487e-02
4.971590909090909e-02,4.659090909090909e-01,1.632451712267443e-02
4.971590909090909e-02,4.886363636363636e-01,1.636505680867420e-02
4.971590909090909e-02,5.113636363636364e-01,1.636505680867420e-02
4.971590909090909e-02,5.340909090909091e-01,1.632451712267443e-02
4.971590909090909e-02,5.568181818181818e-01,1.622697030546487e-02
4.971590909090909e-02,5.795454545454546e-01,1.607974000031381e-02
4.971590909090909e-02,6.022727272727273e-01,1.589040322523692e-02
4.971590909090909e-02,6.250000000000000e-01,1.565849093802892e-02
4.971590909090909e-02,6.477272727272727e-01,1.535571222654906e-02
4.971590909090909e-02,6.704545454545454e-01,1.500629711548257e-02
4.971590909090909e-02,6.931818181818182e-01,1.460900460170979e-02
4.971590909090909e-02,7.159090909090909e-01,1.415202539907410e-02
4.971590909090909e-02,7.386363636363636e-01,1.361973802325418e-02
4.971590909090909e-02,7.613636363636364e-01,1.302942346445003e-02
4.971590909090909e-02,7.840909090909091e-01,1.237862456881920e-02
4.971590909090909e-02,8.068181818181818e-01,1.163531742310698e-02
4.971590909090909e-02,8.295454545454546e-01,1.080140504242120e-02
4.971590909090909e-02,8.522727272727273e-01,9.884108035398648e-03
4.971590909090909e-02,8.750000000000000e-01,8.878172892800107e-03
4.971590909090909e-02,8.977272727272727e-01,7.699699660708294e-03
4.971590909090909e-02,9.204545454545454e-01,6.383303244043009e-03
4.971590909090909e-02,9.431818181818182e-01,4.907939067987160e-03
4.971590909090909e-02,9.659090909090909e-01,3.203933345991911e-03
4.971590909090909e-02,9.886363636363636e-01,1.087611865724533e-03
6.392045454545454e-02,1.136363636363636e-02,1.335968307171256e-03
6.392045454545454e-02,3.409090909090909e-02,3.942853646773668e-03
6.392045454545454e-02,5.681818181818182e-02,6.094380063195388e-03
6.392045454545454e-02,7.954545454545454e-02,7.966928941016783e-03
6.392045454545454e-02,1.022727272727273e-01,9.643157012531928e-03
6.392045454545454e-02,1.250000000000000e-01,1.114717126164794e-02
6.392045454545454e-02,1.477272727272727e-01,1.243335721261658e-02
6.392045454545454e-02,1.704545454545454e-01,1.360698213671007e-02
6.392045454545454e-02,1.931818181818182e-01,1.467458423933296e-02
6.392045454545454e-02,2.159090909090909e-01,1.562672772591940e-02
6.392045454545454e-02,2.386363636363636e-01,1.646072763500290e-02
6.392045454545454e-02,2.613636363636364e-01,1.721739322264011e-02
6.392045454545454e-02,2.840909090909091e-01,1.789982827576229e-02
6.392045454545454e-02,3.068181818181818e-01,1.848584625990031e-02
6.392045454545454e-02,3.295454545454545e-01,1.899539205999339e-02
6.392045454545454e-02,3.522727272727273e-01,1.944357741560711e-02
6.392045454545454e-02,3.750000000000000e-01,1.983197991044684e-02
6.392045454545454e-02,3.977272727272727e-01,2.012950538890659e-02
6.392045454545454e-02,4.204545454545455e-01,2.037241899555581e-02
6.392045454545454e-02,4.431818181818182e-01,2.056131869043112e-02
6.392045454545454e-02,4.659090909090909e-01,2.068647801924372e-02
6.392045454545454e-02,4.886363636363636e-01,2.073849402909518e-02
6.392045454545454e-02,5.113636363636364e-01,2.073849402909518e-02
6.392045454545454e-02,5.340909090909091e-01,2.068647801924372e-02
6.392045454545454e-02,5.568181818181818e-01,2.056131869043112e-02
6.392045454545454e-02,5.795454545454546e-01,2.037241899555580e-02
6.392045454545454e-02,6.022727272727273e-01,2.012950538890660e-02
6.392045454545454e-02,6.250000000000000e-01,1.983197991044686e-02
6.392045454545454e-02,6.477272727272727e-01,1.944357741560712e-02
6.392045454545454e-02,6.704545454545454e-01,1.899539205999341e-02
6.392045454545454e-02,6.931818181818182e-01,1.848584625990032e-02
6.392045454545454e-02,7.159090909090909e-01,1.789982827576230e-02
6.392045454545454e-02,7.386363636363636e-01,1.721739322264011e-02
6.392045454545454e-02,7.613636363636364e-01,1.646072763500290e-02
6.392045454545454e-02,7.840909090909091e-01,1.562672772591940e-02
6.392045454545454e-02,8.068181818181818e-01,1.467458423933296e-02
6.392045454545454e-02,8.295454545454546e-01,1.360698213671006e-02
6.392045454545454e-02,8.522727272727273e-01,1.243335721261658e-02
6.392045454545454e-02,8.750000000000000e-01,1.114717126164794e-02
6.392045454545454e-02,8.977272727272727e-01,9.643157012531925e-03
6.392045454545454e-02,9.204545454545454e-01,7.966928941016783e-03
6.392045454545454e-02,9.431818181818182e-01,6.094380063195381e-03
6.392045454545454e-02,9.659090909090909e-01,3.942853646773666e-03
6.392045454545454e-02,9.886363636363636e-01,1.335968307171255e-03
7.812500000000000e-02,1.136363636363636e-02,1.540958063667520e-03
7.812500000000000e-02,3.409090909090909e-02,4.554695411388179e-03
7.812500000000000e-02,5.681818181818182e-02,7.091181301808168e-03
7.812500000000000e-02,7.954545454545454e-02,9.319310464624265e-03
7.812500000000000e-02,1.022727272727273e-01,1.132567980801654e-02
7.812500000000000e-02,1.250000000000000e-01,1.313375874548239e-02
7.812500000000000e-02,1.477272727272727e-01,1.468590397426173e-02
7.812500000000000e-02,1.704545454545454e-01,1.610422450133438e-02
7.812500000000000e-02,1.931818181818182e-01,1.739615691081990e-02
7.812500000000000e-02,2.159090909090909e-01,1.854980943061600e-02
7.812500000000000e-02,2.386363636363636e-01,1.956128466499796e-02
7.812500000000000e-02,2.613636363636364e-01,2.047945459260241e-02
7.812500000000000e-02,2.840909090909091e-01,2.130796155202362e-02
7.812500000000000e-02,3.068181818181818e-01,2.201978759619042e-02
7.812500000000000e-02,3.295454545454545e-01,2.263891626896299e-02
7.812500000000000e-02,3.522727272727273e-01,2.318361351905499e-02
7.812500000000000e-02,3.750000000000000e-01,2.365575693767617e-02
7.812500000000000e-02,3.977272727272727e-01,2.401751470889651e-02
7.812500000000000e-02,4.204545454545455e-01,2.431289666100492e-02
7.812500000000000e-02,4.431818181818182e-01,2.454261911723100e-02
7.812500000000000e-02,4.659090909090909e-01,2.469483956021166e-02
7.812500000000000e-02,4.886363636363636e-01,2.475810434925864e-02
7.812500000000000e-02,5.113636363636364e-01,2.475810434925864e-02
7.812500000000000e-02,5.340909090909091e-01,2.469483956021166e-02
7.812500000000000e-02,5.568181818181818e-01,2.454261911723100e-02
7.812500000000000e-02,5.795454545454546e-01,2.431289666100492e-02
7.812500000000000e-02,6.022727272727273e-01,2.401751470889653e-02
7.812500000000000e-02,6.250000000000000e-01,2.365575693767618e-02
7.812500000000000e-02,6.477272727272727e-01,2.318361351905500e-02
7.812500000000000e-02,6.704545454545454e-01,2.263891626896300e-02
7.812500000000000e-02,6.931818181818182e-01,2.201978759619042e-02
7.812500000000000e-02,7.159090909090909e-01,2.130796155202362e-02
7.812500000000000e-02,7.386363636363636e-01,2.047945459260241e-02
7.812500000000000e-02,7.613636363636364e-01,1.956128466499795e-02
7.812500000000000e-02,7.840909090909091e-01,1.854980943061599e-02
7.812500000000000e-02,8.068181818181818e-01,1.739615691081989e-02
7.812500000000000e-02,8.295454545454546e-01,1.610422450133438e-02
7.812500000000000e-02,8.522727272727273e-01,1.468590397426173e-02
7.812500000000000e-02,8.750000000000000e-01,1.313375874548239e-02
7.812500000000000e-02,8.977272727272727e-01,1.132567980801654e-02
7.812500000000000e-02,9.204545454545454e-01,9.319310464624265e-03
7.812500000000000e-02,9.431818181818182e-01,7.091181301808149e-03
7.812500000000000e-02,9.659090909090909e-01,4.554695411388188e-03
7.812500000000000e-02,9.886363636363636e-01,1.540958063667519e-03
9.232954545454546e-02,1.136363636363636e-02,1.745947820163784e-03
9.232954545454546e-02,3.409090909090909e-02,5.166537176002690e-03
9.232954545454546e-02,5.681818181818182e-02,8.087982540420948e-03
9.232954545454546e-02,7.954545454545454e-02,1.067169198823175e-02
9.232954545454546e-02,1.022727272727273e-01,1.300820260350116e-02
9.232954545454546e-02,1.250000000000000e-01,1.512034622931685e-02
9.232954545454546e-02,1.477272727272727e-01,1.693845073590688e-02
9.232954545454546e-02,1.704545454545454e-01,1.860146686595871e-02
9.232954545454546e-02,1.931818181818182e-01,2.011772958230683e-02
9.232954545454546e-02,2.159090909090909e-01,2.147289113531260e-02
9.232954545454546e-02,2.386363636363636e-01,2.266184169499301e-02
9.232954545454546e-02,2.613636363636364e-01,2.374151596256472e-02
9.232954545454546e-02,2.840909090909091e-01,2.471609482828495e-02
9.232954545454546e-02,3.068181818181818e-01,2.555372893248052e-02
9.232954545454546e-02,3.295454545454545e-01,2.628244047793258e-02
9.232954545454546e-02,3.522727272727273e-01,2.692364962250287e-02
9.232954545454546e-02,3.750000000000000e-01,2.747953396490550e-02
9.232954545454546e-02,3.977272727272727e-01,2.790552402888643e-02
9.232954545454546e-02,4.204545454545455e-01,2.825337432645402e-02
9.232954545454546e-02,4.431818181818182e-01,2.852391954403089e-02
9.232954545454546e-02,4.659090909090909e-01,2.870320110117960e-02
9.232954545454546e-02,4.886363636363636e-01,2.877771466942209e-02
9.232954545454546e-02,5.113636363636364e-01,2.877771466942209e-02
9.232954545454546e-02,5.340909090909091e-01,2.870320110117960e-02
9.232954545454546e-02,5.568181818181818e-01,2.852391954403089e-02
9.232954545454546e-02,5.795454545454546e-01,2.825337432645403e-02
9.232954545454546e-02,6.022727272727273e-01,2.790552402888645e-02
9.232954545454546e-02,6.250000000000000e-01,2.747953396490551e-02
9.232954545454546e-02,6.477272727272727e-01,2.692364962250289e-02
9.232954545454546e-02,6.704545454545454e-01,2.628244047793260e-02
9.232954545454546e-02,6.931818181818182e-01,2.555372893248053e-02
9.232954545454546e-02,7.159090909090909e-01,2.471609482828496e-02
9.232954545454546e-02,7.386363636363636e-01,2.374151596256471e-02
9.232954545454546e-02,7.613636363636364e-01,2.266184169499300e-02
9.232954545454546e-02,7.840909090909091e-01,2.147289113531259e-02
9.232954545454546e-02,8.068181818181818e-01,2.011772958230683e-02
9.232954545454546e-02,8.295454545454546e-01,1.860146686595869e-02
9.232954545454546e-02,8.522727272727273e-01,1.693845073590687e-02
9.232954545454546e-02,8.750000000000000e-01,1.512034622931684e-02
9.232954545454546e-02,8.977272727272727e-01,1.300820260350116e-02
9.232954545454546e-02,9.204545454545454e-01,1.067169198823175e-02
9.232954545454546e-02,9.431818181818182e-01,8.087982540420941e-03
9.232954545454546e-02,9.659090909090909e-01,5.166537176002685e-03
9.232954545454546e-02,9.886363636363636e-01,1.745947820163783e-03
1.065340909090909e-01,1.136363636363636e-02,1.921253734247351e-03
1.065340909090909e-01,3.409090909090909e-02,5.690531063320444e-03
1.065340909090909e-01,5.681818181818182e-02,8.947197416442287e-03
1.065340909090909e-01,7.954545454545454e-02,1.184660533244982e-02
1.065340909090909e-01,1.022727272727273e-01,1.448084610983782e-02
1.065340909090909e-01,1.250000000000000e-01,1.687161856570120e-02
1.065340909090909e-01,1.477272727272727e-01,1.893756156186873e-02
1.065340909090909e-01,1.704545454545454e-01,2.083018204300410e-02
1.065340909090909e-01,1.931818181818182e-01,2.255832897008741e-02
1.065340909090909e-01,2.159090909090909e-01,2.410503576207243e-02
1.065340909090909e-01,2.386363636363636e-01,2.546354947582164e-02
1.065340909090909e-01,2.613636363636364e-01,2.669797057577179e-02
1.065340909090909e-01,2.840909090909091e-01,2.781288944696946e-02
1.065340909090909e-01,3.068181818181818e-01,2.877174793525743e-02
1.065340909090909e-01,3.295454545454545e-01,2.960623467332047e-02
1.065340909090909e-01,3.522727272727273e-01,3.034072334722703e-02
1.065340909090909e-01,3.750000000000000e-01,3.097764399766438e-02
1.065340909090909e-01,3.977272727272727e-01,3.146587529284495e-02
1.065340909090909e-01,4.204545454545455e-01,3.186459343099734e-02
1.065340909090909e-01,4.431818181818182e-01,3.217473717560981e-02
1.065340909090909e-01,4.659090909090909e-01,3.238028142225326e-02
1.065340909090909e-01,4.886363636363636e-01,3.246571410191826e-02
1.065340909090909e-01,5.113636363636364e-01,3.246571410191826e-02
1.065340909090909e-01,5.340909090909091e-01,3.238028142225326e-02
1.065340909090909e-01,5.568181818181818e-01,3.217473717560981e-02
1.065340909090909e-01,5.795454545454546e-01,3.186459343099735e-02
1.065340909090909e-01,6.022727272727273e-01,3.146587529284497e-02
1.065340909090909e-01,6.250000000000000e-01,3.097764399766441e-02
1.065340909090909e-01,6.477272727272727e-01,3.034072334722705e-02
1.065340909090909e-01,6.704545454545454e-01,2.960623467332049e-02
1.065340909090909e-01,6.931818181818182e-01,2.877174793525742e-02
1.065340909090909e-01,7.159090909090909e-01,2.781288944696946e-02
1.065340909090909e-01,7.386363636363636e-01,2.669797057577179e-02
1.065340909090909e-01,7.613636363636364e-01,2.546354947582163e-02
1.065340909090909e-01,7.840909090909091e-01,2.410503576207242e-02
1.065340909090909e-01,8.068181818181818e-01,2.255832897008740e-02
1.065340909090909e-01,8.295454545454546e-01,2.083018204300409e-02
1.065340909090909e-01,8.522727272727273e-01,1.893756156186872e-02
1.065340909090909e-01,8.750000000000000e-01,1.687161856570120e-02
1.065340909090909e-01,8.977272727272727e-01,1.448084610983781e-02
1.065340909090909e-01,9.204545454545454e-01,1.184660533244982e-02
1.065340909090909e-01,9.431818181818182e-01,8.947197416442280e-03
1.065340909090909e-01,9.659090909090909e-01,5.690531063320459e-03
1.065340909090909e-01,9.886363636363636e-01,1.921253734247369e-03
1.207386363636364e-01,1.136363636363636e-02,2.093261443618396e-03
1.207386363636364e-01,3.409090909090909e-02,6.204764075383007e-03
1.207386363636364e-01,5.681818181818182e-02,9.791124918842355e-03
1.207386363636364e-01,7.954545454545454e-02,1.300179999006907e-02
1.207386363636364e-01,1.022727272727273e-01,1.593016969515804e-02
1.207386363636364e-01,1.250000000000000e-01,1.859674477459109e-02
1.207386363636364e-01,1.477272727272727e-01,2.090851283942132e-02
1.207386363636364e-01,1.704545454545454e-01,2.302906086587405e-02
1.207386363636364e-01,1.931818181818182e-01,2.496770910412283e-02
1.207386363636364e-01,2.159090909090909e-01,2.670485404683928e-02
1.207386363636364e-01,2.386363636363636e-01,2.823205178452067e-02
1.207386363636364e-01,2.613636363636364e-01,2.962046888267272e-02
1.207386363636364e-01,2.840909090909091e-01,3.087509088147876e-02
1.207386363636364e-01,3.068181818181818e-01,3.195466445653287e-02
1.207386363636364e-01,3.295454545454545e-01,3.289450331164374e-02
1.207386363636364e-01,3.522727272727273e-01,3.372191236320411e-02
1.207386363636364e-01,3.750000000000000e-01,3.443956880881544e-02
1.207386363636364e-01,3.977272727272727e-01,3.498982010613332e-02
1.207386363636364e-01,4.204545454545455e-01,3.543922825099556e-02
1.207386363636364e-01,4.431818181818182e-01,3.578883449660861e-02
1.207386363636364e-01,4.659090909090909e-01,3.602055271889421e-02
1.207386363636364e-01,4.886363636363636e-01,3.611686788022918e-02
1.207386363636364e-01,5.113636363636364e-01,3.611686788022917e-02
1.207386363636364e-01,5.340909090909091e-01,3.602055271889420e-02
1.207386363636364e-01,5.568181818181818e-01,3.578883449660862e-02
1.207386363636364e-01,5.795454545454546e-01,3.543922825099557e-02
1.207386363636364e-01,6.022727272727273e-01,3.498982010613333e-02
1.207386363636364e-01,6.250000000000000e-01,3.443956880881547e-02
1.207386363636364e-01,6.477272727272727e-01,3.372191236320413e-02
1.207386363636364e-01,6.704545454545454e-01,3.289450331164374e-02
1.207386363636364e-01,6.931818181818182e-01,3.195466445653285e-02
1.207386363636364e-01,7.159090909090909e-01,3.087509088147875e-02
1.207386363636364e-01,7.386363636363636e-01,2.962046888267272e-02
1.207386363636364e-01,7.613636363636364e-01,2.823205178452066e-02
1.207386363636364e-01,7.840909090909091e-01,2.670485404683928e-02
1.207386363636364e-01,8.068181818181818e-01,2.496770910412283e-02
1.207386363636364e-01,8.295454545454546e-01,2.302906086587404e-02
1.207386363636364e-01,8.522727272727273e-01,2.090851283942132e-02
1.207386363636364e-01,8.750000000000000e-01,1.859674477459109e-02
1.207386363636364e-01,8.977272727272727e-01,1.593016969515804e-02
1.207386363636364e-01,9.204545454545454e-01,1.300179999006906e-02
1.207386363636364e-01,9.431818181818182e-01,9.791124918842344e-03
1.207386363636364e-01,9.659090909090909e-01,6.204764075383004e-03
1.207386363636364e-01,9.886363636363636e-01,2.093261443618395e-03
1.349431818181818e-01,1.136363636363636e-02,2.247846903975431e-03
1.349431818181818e-01,3.409090909090909e-02,6.667176868306108e-03
1.349431818181818e-01,5.681818181818182e-02,1.055195992729547e-02
1.349431818181818e-01,7.954545454545454e-02,1.404682052157179e-02
1.349431818181818e-01,1.022727272727273e-01,1.724576775135630e-02
1.349431818181818e-01,1.250000000000000e-01,2.016814963182838e-02
1.349431818181818e-01,1.477272727272727e-01,2.271045867254640e-02
1.349431818181818e-01,1.704545454545454e-01,2.504586613449618e-02
1.349431818181818e-01,1.931818181818182e-01,2.718393588455478e-02
1.349431818181818e-01,2.159090909090909e-01,2.910241534072264e-02
1.349431818181818e-01,2.386363636363636e-01,3.079092545964868e-02
1.349431818181818e-01,2.613636363636364e-01,3.232697339037420e-02
1.349431818181818e-01,2.840909090909091e-01,3.371584161965826e-02
1.349431818181818e-01,3.068181818181818e-01,3.491171791901384e-02
1.349431818181818e-01,3.295454545454545e-01,3.595322005876974e-02
1.349431818181818e-01,3.522727272727273e-01,3.687040278464818e-02
1.349431818181818e-01,3.750000000000000e-01,3.766614990939732e-02
1.349431818181818e-01,3.977272727272727e-01,3.827646441055914e-02
1.349431818181818e-01,4.204545454545455e-01,3.877498673951481e-02
1.349431818181818e-01,4.431818181818182e-01,3.916284779425303e-02
1.349431818181818e-01,4.659090909090909e-01,3.941995093630996e-02
1.349431818181818e-01,4.886363636363636e-01,3.952682254282610e-02
1.349431818181818e-01,5.113636363636364e-01,3.952682254282610e-02
1.349431818181818e-01,5.340909090909091e-01,3.941995093630996e-02
1.349431818181818e-01,5.568181818181818e-01,3.916284779425303e-02
1.349431818181818e-01,5.795454545454546e-01,3.877498673951481e-02
1.349431818181818e-01,6.022727272727273e-01,3.827646441055915e-02
1.349431818181818e-01,6.250000000000000e-01,3.766614990939735e-02
1.349431818181818e-01,6.477272727272727e-01,3.687040278464820e-02
1.349431818181818e-01,6.704545454545454e-01,3.595322005876975e-02
1.349431818181818e-01,6.931818181818182e-01,3.491171791901383e-02
1.349431818181818e-01,7.159090909090909e-01,3.371584161965825e-02
1.349431818181818e-01,7.386363636363636e-01,3.232697339037419e-02
1.349431818181818e-01,7.613636363636364e-01,3.079092545964867e-02
1.349431818181818e-01,7.840909090909091e-01,2.910241534072263e-02
1.349431818181818e-01,8.068181818181818e-01,2.718393588455477e-02
1.349431818181818e-01,8.295454545454546e-01,2.504586613449616e-02
1.349431818181818e-01,8.522727272727273e-01,2.271045867254638e-02
1.349431818181818e-01,8.750000000000000e-01,2.016814963182838e-02
1.349431818181818e-01,8.977272727272727e-01,1.724576775135629e-02
1.349431818181818e-01,9.204545454545454e-01,1.404682052157179e-02
1.349431818181818e-01,9.431818181818182e-01,1.055195992729548e-02
1.349431818181818e-01,9.659090909090909e-01,6.667176868306103e-03
1.349431818181818e-01,9.886363636363636e-01,2.247846903975430e-03
1.491477272727273e-01,1.136363636363636e-02,2.394965686183606e-03
1.491477272727273e-01,3.409090909090909e-02,7.107380995883724e-03
1.491477272727273e-01,5.681818181818182e-02,1.127718386691418e-02
1.491477272727273e-01,7.954545454545454e-02,1.504462357045312e-02
1.491477272727273e-01,1.022727272727273e-01,1.850405486650228e-02
1.491477272727273e-01,1.250000000000000e-01,2.167367390978598e-02
1.491477272727273e-01,1.477272727272727e-01,2.443997360091680e-02
1.491477272727273e-01,1.704545454545454e-01,2.698463987986922e-02
1.491477272727273e-01,1.931818181818182e-01,2.931738265629951e-02
1.491477272727273e-01,2.159090909090909e-01,3.141329506708449e-02
1.491477272727273e-01,2.386363636363636e-01,3.325995829181767e-02
1.491477272727273e-01,2.613636363636364e-01,3.494090912699020e-02
1.491477272727273e-01,2.840909090909091e-01,3.646168491655356e-02
1.491477272727273e-01,3.068181818181818e-01,3.777197292772575e-02
1.491477272727273e-01,3.295454545454545e-01,3.891355742395406e-02
1.491477272727273e-01,3.522727272727273e-01,3.991916523700668e-02
1.491477272727273e-01,3.750000000000000e-01,4.079186941973527e-02
1.491477272727273e-01,3.977272727272727e-01,4.146140849690100e-02
1.491477272727273e-01,4.204545454545455e-01,4.200836965740019e-02
1.491477272727273e-01,4.431818181818182e-01,4.243396793903125e-02
1.491477272727273e-01,4.659090909090909e-01,4.271611783405777e-02
1.491477272727273e-01,4.886363636363636e-01,4.283340615583131e-02
1.491477272727273e-01,5.113636363636364e-01,4.283340615583130e-02
1.491477272727273e-01,5.340909090909091e-01,4.271611783405777e-02
1.491477272727273e-01,5.568181818181818e-01,4.243396793903126e-02
1.491477272727273e-01,5.795454545454546e-01,4.200836965740019e-02
1.491477272727273e-01,6.022727272727273e-01,4.146140849690103e-02
1.491477272727273e-01,6.250000000000000e-01,4.079186941973530e-02
1.491477272727273e-01,6.477272727272727e-01,3.991916523700670e-02
1.491477272727273e-01,6.704545454545454e-01,3.891355742395407e-02
1.491477272727273e-01,6.931818181818182e-01,3.777197292772574e-02
1.491477272727273e-01,7.159090909090909e-01,3.646168491655355e-02
1.491477272727273e-01,7.386363636363636e-01,3.494090912699017e-02
1.491477272727273e-01,7.613636363636364e-01,3.325995829181766e-02
1.491477272727273e-01,7.840909090909091e-01,3.141329506708449e-02
1.491477272727273e-01,8.068181818181818e-01,2.931738265629949e-02
1.491477272727273e-01,8.295454545454546e-01,2.698463987986920e-02
1.491477272727273e-01,8.522727272727273e-01,2.443997360091677e-02
1.491477272727273e-01,8.750000000000000e-01,2.167367390978597e-02
1.491477272727273e-01,8.977272727272727e-01,1.850405486650227e-02
1.491477272727273e-01,9.204545454545454e-01,1.504462357045310e-02
1.491477272727273e-01,9.431818181818182e-01,1.127718386691417e-02
1.491477272727273e-01,9.659090909090909e-01,7.107380995883720e-03
1.491477272727273e-01,9.886363636363636e-01,2.394965686183628e-03
1.633522727272727e-01,1.136363636363636e-02,2.532135024619997e-03
1.633522727272727e-01,3.409090909090909e-02,7.517912804360945e-03
1.633522727272727e-01,5.681818181818182e-02,1.195424469760857e-02
1.633522727272727e-01,7.954545454545454e-02,1.597754476580078e-02
1.633522727272727e-01,1.022727272727273e-01,1.968234147443631e-02
1.633522727272727e-01,1.250000000000000e-01,2.308576137550818e-02
1.633522727272727e-01,1.477272727272727e-01,2.606514709483175e-02
1.633522727272727e-01,1.704545454545454e-01,2.880950980879737e-02
1.633522727272727e-01,1.931818181818182e-01,3.132860306797029e-02
1.633522727272727e-01,2.159090909090909e-01,3.359492937240934e-02
1.633522727272727e-01,2.386363636363636e-01,3.559394307180104e-02
1.633522727272727e-01,2.613636363636364e-01,3.741472681716842e-02
1.633522727272727e-01,2.840909090909091e-01,3.906301296042564e-02
1.633522727272727e-01,3.068181818181818e-01,4.048411296203463e-02
1.633522727272727e-01,3.295454545454545e-01,4.172274839526398e-02
1.633522727272727e-01,3.522727272727273e-01,4.281418102916329e-02
1.633522727272727e-01,3.750000000000000e-01,4.376164486883455e-02
1.633522727272727e-01,3.977272727272727e-01,4.448877366854954e-02
1.633522727272727e-01,4.204545454545455e-01,4.508285429321931e-02
1.633522727272727e-01,4.431818181818182e-01,4.554517635835634e-02
1.633522727272727e-01,4.659090909090909e-01,4.585170945997653e-02
1.633522727272727e-01,4.886363636363636e-01,4.597914008528541e-02
1.633522727272727e-01,5.113636363636364e-01,4.597914008528541e-02
1.633522727272727e-01,5.340909090909091e-01,4.585170945997653e-02
1.633522727272727e-01,5.568181818181818e-01,4.554517635835635e-02
1.633522727272727e-01,5.795454545454546e-01,4.508285429321932e-02
1.633522727272727e-01,6.022727272727273e-01,4.448877366854956e-02
1.633522727272727e-01,6.250000000000000e-01,4.376164486883458e-02
1.633522727272727e-01,6.477272727272727e-01,4.281418102916332e-02
1.633522727272727e-01,6.704545454545454e-01,4.172274839526399e-02
1.633522727272727e-01,6.931818181818182e-01,4.048411296203462e-02
1.633522727272727e-01,7.159090909090909e-01,3.906301296042563e-02
1.633522727272727e-01,7.386363636363636e-01,3.741472681716840e-02
1.633522727272727e-01,7.613636363636364e-01,3.559394307180103e-02
1.633522727272727e-01,7.840909090909091e-01,3.359492937240934e-02
1.633522727272727e-01,8.068181818181818e-01,3.132860306797028e-02
1.633522727272727e-01,8.295454545454546e-01,2.880950980879735e-02
1.633522727272727e-01,8.522727272727273e-01,2.606514709483173e-02
1.633522727272727e-01,8.750000000000000e-01,2.308576137550817e-02
1.633522727272727e-01,8.977272727272727e-01,1.968234147443630e-02
1.633522727272727e-01,9.204545454545454e-01,1.597754476580078e-02
1.633522727272727e-01,9.431818181818182e-01,1.195424469760856e-02
1.633522727272727e-01,9.659090909090909e-01,7.517912804360941e-03
1.633522727272727e-01,9.886363636363636e-01,2.532135024619996e-03
1.775568181818182e-01,1.136363636363636e-02,2.659354919284605e-03
1.775568181818182e-01,3.409090909090909e-02,7.898772293737772e-03
1.775568181818182e-01,5.681818181818182e-02,1.258314241937864e-02
1.775568181818182e-01,7.954545454545454e-02,1.684558410761475e-02
1.775568181818182e-01,1.022727272727273e-01,2.078062757515839e-02
1.775568181818182e-01,1.250000000000000e-01,2.440441202899499e-02
1.775568181818182e-01,1.477272727272727e-01,2.758597915429123e-02
1.775568181818182e-01,1.704545454545454e-01,3.052047592128062e-02
1.775568181818182e-01,1.931818181818182e-01,3.321759711956710e-02
1.775568181818182e-01,2.159090909090909e-01,3.564731825669717e-02
1.775568181818182e-01,2.386363636363636e-01,3.779287979959875e-02
1.775568181818182e-01,2.613636363636364e-01,3.974842646090886e-02
1.775568181818182e-01,2.840909090909091e-01,4.151982575127451e-02
1.775568181818182e-01,3.068181818181818e-01,4.304813802194046e-02
1.775568181818182e-01,3.295454545454545e-01,4.438079297269949e-02
1.775568181818182e-01,3.522727272727273e-01,4.555545016111804e-02
1.775568181818182e-01,3.750000000000000e-01,4.657547625669516e-02
1.775568181818182e-01,3.977272727272727e-01,4.735855992550473e-02
1.775568181818182e-01,4.204545454545455e-01,4.799844064697215e-02
1.775568181818182e-01,4.431818181818182e-01,4.849647305222825e-02
1.775568181818182e-01,4.659090909090909e-01,4.882672581406624e-02
1.775568181818182e-01,4.886363636363636e-01,4.896402433118837e-02
1.775568181818182e-01,5.113636363636364e-01,4.896402433118837e-02
1.775568181818182e-01,5.340909090909091e-01,4.882672581406624e-02
1.775568181818182e-01,5.568181818181818e-01,4.849647305222826e-02
1.775568181818182e-01,5.795454545454546e-01,4.799844064697217e-02
1.775568181818182e-01,6.022727272727273e-01,4.735855992550475e-02
1.775568181818182e-01,6.250000000000000e-01,4.657547625669518e-02
1.775568181818182e-01,6.477272727272727e-01,4.555545016111805e-02
1.775568181818182e-01,6.704545454545454e-01,4.438079297269951e-02
1.775568181818182e-01,6.931818181818182e-01,4.304813802194044e-02
1.775568181818182e-01,7.159090909090909e-01,4.151982575127448e-02
1.775568181818182e-01,7.386363636363636e-01,3.974842646090884e-02
1.775568181818182e-01,7.613636363636364e-01,3.779287979959873e-02
1.775568181818182e-01,7.840909090909091e-01,3.564731825669715e-02
1.775568181818182e-01,8.068181818181818e-01,3.321759711956709e-02
1.775568181818182e-01,8.295454545454546e-01,3.052047592128060e-02
1.775568181818182e-01,8.522727272727273e-01,2.758597915429120e-02
1.775568181818182e-01,8.750000000000000e-01,2.440441202899497e-02
1.775568181818182e-01,8.977272727272727e-01,2.078062757515838e-02
1.775568181818182e-01,9.204545454545454e-01,1.684558410761475e-02
1.775568181818182e-01,9.431818181818182e-01,1.258314241937865e-02
1.775568181818182e-01,9.659090909090909e-01,7.898772293737765e-03
1.775568181818182e-01,9.886363636363636e-01,2.659354919284602e-03
1.917613636363636e-01,1.136363636363636e-02,2.781620592494948e-03
1.917613636363636e-01,3.409090909090909e-02,8.264833317629471e-03
1.917613636363636e-01,5.681818181818182e-02,1.318784682377638e-02
1.917613636363636e-01,7.954545454545454e-02,1.768071180725662e-02
1.917613636363636e-01,1.022727272727273e-01,2.183792240449696e-02
1.917613636363636e-01,1.250000000000000e-01,2.567468042615227e-02
1.917613636363636e-01,1.477272727272727e-01,2.905216581933539e-02
1.917613636363636e-01,1.704545454545454e-01,3.217118465013427e-02
1.917613636363636e-01,1.931818181818182e-01,3.504133969882012e-02
1.917613636363636e-01,2.159090909090909e-01,3.763014321345851e-02
1.917613636363636e-01,2.386363636363636e-01,3.991861550618692e-02
1.917613636363636e-01,2.613636363636364e-01,4.200570982367063e-02
1.917613636363636e-01,2.840909090909091e-01,4.389740123030543e-02
1.917613636363636e-01,3.068181818181818e-01,4.553058686580050e-02
1.917613636363636e-01,3.295454545454545e-01,4.695527652252382e-02
1.917613636363636e-01,3.522727272727273e-01,4.821144576315984e-02
1.917613636363636e-01,3.750000000000000e-01,4.930257874296802e-02
1.917613636363636e-01,3.977272727272727e-01,5.014052782735581e-02
1.917613636363636e-01,4.204545454545455e-01,5.082532738245188e-02
1.917613636363636e-01,4.431818181818182e-01,5.135839153133616e-02
1.917613636363636e-01,4.659090909090909e-01,5.171191861431017e-02
1.917613636363636e-01,4.886363636363636e-01,5.185890067790770e-02
1.917613636363636e-01,5.113636363636364e-01,5.185890067790770e-02
1.917613636363636e-01,5.340909090909091e-01,5.171191861431017e-02
1.917613636363636e-01,5.568181818181818e-01,5.135839153133617e-02
1.917613636363636e-01,5.795454545454546e-01,5.082532738245190e-02
1.917613636363636e-01,6.022727272727273e-01,5.014052782735584e-02
1.917613636363636e-01,6.250000000000000e-01,4.930257874296804e-02
1.917613636363636e-01,6.477272727272727e-01,4.821144576315986e-02
1.917613636363636e-01,6.704545454545454e-01,4.695527652252383e-02
1.917613636363636e-01,6.931818181818182e-01,4.553058686580048e-02
1.917613636363636e-01,7.159090909090909e-01,4.389740123030539e-02
1.917613636363636e-01,7.386363636363636e-01,4.200570982367061e-02
1.917613636363636e-01,7.613636363636364e-01,3.991861550618689e-02
1.917613636363636e-01,7.840909090909091e-01,3.763014321345850e-02
1.917613636363636e-01,8.068181818181818e-01,3.504133969882010e-02
1.917613636363636e-01,8.295454545454546e-01,3.217118465013425e-02
1.917613636363636e-01,8.522727272727273e-01,2.905216581933536e-02
1.917613636363636e-01,8.750000000000000e-01,2.567468042615225e-02
1.917613636363636e-01,8.977272727272727e-01,2.183792240449695e-02
1.917613636363636e-01,9.204545454545454e-01,1.768071180725662e-02
1.917613636363636e-01,9.431818181818182e-01,1.318784682377634e-02
1.917613636363636e-01,9.659090909090909e-01,8.264833317629464e-03
1.917613636363636e-01,9.886363636363636e-01,2.781620592494946e-03
2.059659090909091e-01,1.136363636363636e-02,2.892326415645343e-03
2.059659090909091e-01,3.409090909090909e-02,8.596364588722542e-03
2.059659090909091e-01,5.681818181818182e-02,1.373610015430532e-02
2.059659090909091e-01,7.954545454545454e-02,1.843904567516354e-02
2.059659090909091e-01,1.022727272727273e-01,2.279957093394066e-02
2.059659090909091e-01,1.250000000000000e-01,2.683205689187399e-02
2.059659090909091e-01,1.477272727272727e-01,3.039084656407714e-02
2.059659090909091e-01,1.704545454545454e-01,3.368129281718554e-02
2.059659090909091e-01,1.931818181818182e-01,3.671282884260430e-02
2.059659090909091e-01,2.159090909090909e-01,3.945065233932469e-02
2.059659090909091e-01,2.386363636363636e-01,4.187354882995278e-02
2.059659090909091e-01,2.613636363636364e-01,4.408468853081546e-02
2.059659090909091e-01,2.840909090909091e-01,4.609008964842784e-02
2.059659090909091e-01,3.068181818181818e-01,4.782269120555371e-02
2.059659090909091e-01,3.295454545454545e-01,4.933478434125538e-02
2.059659090909091e-01,3.522727272727273e-01,5.066846979540479e-02
2.059659090909091e-01,3.750000000000000e-01,5.182731379220275e-02
2.059659090909091e-01,3.977272727272727e-01,5.271758623396394e-02
2.059659090909091e-01,4.204545454545455e-01,5.344524834196096e-02
2.059659090909091e-01,4.431818181818182e-01,5.401176084266135e-02
2.059659090909091e-01,4.659090909090909e-01,5.438752312224727e-02
2.059659090909091e-01,4.886363636363636e-01,5.454375859319852e-02
2.059659090909091e-01,5.113636363636364e-01,5.454375859319852e-02
2.059659090909091e-01,5.340909090909091e-01,5.438752312224729e-02
2.059659090909091e-01,5.568181818181818e-01,5.401176084266138e-02
2.059659090909091e-01,5.795454545454546e-01,5.344524834196097e-02
2.059659090909091e-01,6.022727272727273e-01,5.271758623396394e-02
2.059659090909091e-01,6.250000000000000e-01,5.182731379220278e-02
2.059659090909091e-01,6.477272727272727e-01,5.066846979540480e-02
2.059659090909091e-01,6.704545454545454e-01,4.933478434125538e-02
2.059659090909091e-01,6.931818181818182e-01,4.782269120555370e-02
2.059659090909091e-01,7.159090909090909e-01,4.609008964842784e-02
2.059659090909091e-01,7.386363636363636e-01,4.408468853081544e-02
2.059659090909091e-01,7.613636363636364e-01,4.187354882995276e-02
2.059659090909091e-01,7.840909090909091e-01,3.945065233932469e-02
2.059659090909091e-01,8.068181818181818e-01,3.671282884260429e-02
2.059659090909091e-01,8.295454545454546e-01,3.368129281718552e-02
2.059659090909091e-01,8.522727272727273e-01,3.039084656407712e-02
2.059659090909091e-01,8.750000000000000e-01,2.683205689187398e-02
2.059659090909091e-01,8.977272727272727e-01,2.279957093394064e-02
2.059659090909091e-01,9.204545454545454e-01,1.843904567516354e-02
2.059659090909091e-01,9.431818181818182e-01,1.373610015430531e-02
2.059659090909091e-01,9.659090909090909e-01,8.596364588722559e-03
2.059659090909091e-01,9.886363636363636e-01,2.892326415645312e-03
2.201704545454546e-01,1.136363636363636e-02,3.001625182373881e-03
2.201704545454546e-01,3.409090909090909e-02,8.923688686636190e-03
2.201704545454546e-01,5.681818181818182e-02,1.427744416750034e-02
2.201704545454546e-01,7.954545454545454e-02,1.918792015437776e-02
2.201704545454546e-01,1.022727272727273e-01,2.374935808430527e-02
2.201704545454546e-01,1.250000000000000e-01,2.797533230486443e-02
2.201704545454546e-01,1.477272727272727e-01,3.171346846628574e-02
2.201704545454546e-01,1.704545454545454e-01,3.517355762668836e-02
2.201704545454546e-01,1.931818181818182e-01,3.836485827011533e-02
2.201704545454546e-01,2.159090909090909e-01,4.125027796444897e-02
2.201704545454546e-01,2.386363636363636e-01,4.380637600233896e-02
2.201704545454546e-01,2.613636363636364e-01,4.614046845934530e-02
2.201704545454546e-01,2.840909090909091e-01,4.825861019528951e-02
2.201704545454546e-01,3.068181818181818e-01,5.008981429354060e-02
2.201704545454546e-01,3.295454545454545e-01,5.168861539062122e-02
2.201704545454546e-01,3.522727272727273e-01,5.309921345538639e-02
2.201704545454546e-01,3.750000000000000e-01,5.432525257805388e-02
2.201704545454546e-01,3.977272727272727e-01,5.526745976653666e-02
2.201704545454546e-01,4.204545454545455e-01,5.603766932259646e-02
2.201704545454546e-01,4.431818181818182e-01,5.663738691762138e-02
2.201704545454546e-01,4.659090909090909e-01,5.703522436790305e-02
2.201704545454546e-01,4.886363636363636e-01,5.720064693928584e-02
2.201704545454546e-01,5.113636363636364e-01,5.720064693928584e-02
2.201704545454546e-01,5.340909090909091e-01,5.703522436790307e-02
2.201704545454546e-01,5.568181818181818e-01,5.663738691762141e-02
2.201704545454546e-01,5.795454545454546e-01,5.603766932259648e-02
2.201704545454546e-01,6.022727272727273e-01,5.526745976653667e-02
2.201704545454546e-01,6.250000000000000e-01,5.432525257805390e-02
2.201704545454546e-01,6.477272727272727e-01,5.309921345538639e-02
2.201704545454546e-01,6.704545454545454e-01,5.168861539062122e-02
2.201704545454546e-01,6.931818181818182e-01,5.008981429354061e-02
2.201704545454546e-01,7.159090909090909e-01,4.825861019528949e-02
2.201704545454546e-01,7.386363636363636e-01,4.614046845934528e-02
2.201704545454546e-01,7.613636363636364e-01,4.380637600233893e-02
2.201704545454546e-01,7.840909090909091e-01,4.125027796444895e-02
2.201704545454546e-01,8.068181818181818e-01,3.836485827011533e-02
2.201704545454546e-01,8.295454545454546e-01,3.517355762668834e-02
2.201704545454546e-01,8.522727272727273e-01,3.171346846628574e-02
2.201704545454546e-01,8.750000000000000e-01,2.797533230486442e-02
2.201704545454546e-01,8.977272727272727e-01,2.374935808430525e-02
2.201704545454546e-01,9.204545454545454e-01,1.918792015437775e-02
2.201704545454546e-01,9.431818181818182e-01,1.427744416750032e-02
2.201704545454546e-01,9.659090909090909e-01,8.923688686636184e-03
2.201704545454546e-01,9.886363636363636e-01,3.001625182373908e-03
2.343750000000000e-01,1.136363636363636e-02,3.098260441305711e-03
2.343750000000000e-01,3.409090909090909e-02,9.213148225935055e-03
2.343750000000000e-01,5.681818181818182e-02,1.475660432468986e-02
2.343750000000000e-01,7.954545454545454e-02,1.985166013535745e-02
2.343750000000000e-01,1.022727272727273e-01,2.459239282295806e-02
2.343750000000000e-01,1.250000000000000e-01,2.899169824327328e-02
2.343750000000000e-01,1.477272727272727e-01,3.289156078569591e-02
2.343750000000000e-01,1.704545454545454e-01,3.650523221825516e-02
2.343750000000000e-01,1.931818181818182e-01,3.984175025116807e-02
2.343750000000000e-01,2.159090909090909e-01,4.286195208289605e-02
2.343750000000000e-01,2.386363636363636e-01,4.554024781230774e-02
2.343750000000000e-01,2.613636363636364e-01,4.798745938034010e-02
2.343750000000000e-01,2.840909090909091e-01,5.020961990080434e-02
2.343750000000000e-01,3.068181818181818e-01,5.213210611563075e-02
2.343750000000000e-01,3.295454545454545e-01,5.381135551569551e-02
2.343750000000000e-01,3.522727272727273e-01,5.529343376499778e-02
2.343750000000000e-01,3.750000000000000e-01,5.658202499345247e-02
2.343750000000000e-01,3.977272727272727e-01,5.757266943279076e-02
2.343750000000000e-01,4.204545454545455e-01,5.838259049336959e-02
2.343750000000000e-01,4.431818181818182e-01,5.901332386529491e-02
2.343750000000000e-01,4.659090909090909e-01,5.943179625302682e-02
2.343750000000000e-01,4.886363636363636e-01,5.960580916254166e-02
2.343750000000000e-01,5.113636363636364e-01,5.960580916254166e-02
2.343750000000000e-01,5.340909090909091e-01,5.943179625302684e-02
2.343750000000000e-01,5.568181818181818e-01,5.901332386529493e-02
2.343750000000000e-01,5.795454545454546e-01,5.838259049336959e-02
2.343750000000000e-01,6.022727272727273e-01,5.757266943279078e-02
2.343750000000000e-01,6.250000000000000e-01,5.658202499345248e-02
2.343750000000000e-01,6.477272727272727e-01,5.529343376499780e-02
2.343750000000000e-01,6.704545454545454e-01,5.381135551569551e-02
2.343750000000000e-01,6.931818181818182e-01,5.213210611563074e-02
2.343750000000000e-01,7.159090909090909e-01,5.020961990080432e-02
2.343750000000000e-01,7.386363636363636e-01,4.798745938034008e-02
2.343750000000000e-01,7.613636363636364e-01,4.554024781230771e-02
2.343750000000000e-01,7.840909090909091e-01,4.286195208289603e-02
2.343750000000000e-01,8.068181818181818e-01,3.984175025116806e-02
2.343750000000000e-01,8.295454545454546e-01,3.650523221825513e-02
2.343750000000000e-01,8.522727272727273e-01,3.289156078569589e-02
2.343750000000000e-01,8.750000000000000e-01,2.899169824327327e-02
2.343750000000000e-01,8.977272727272727e-01,2.459239282295805e-02
2.343750000000000e-01,9.204545454545454e-01,1.985166013535745e-02
2.343750000000000e-01,9.431818181818182e-01,1.475660432468982e-02
2.343750000000000e-01,9.659090909090909e-01,9.213148225935074e-03
2.343750000000000e-01,9.886363636363636e-01,3.098260441305708e-03
2.485795454545454e-01,1.136363636363636e-02,3.194895700237539e-03
2.485795454545454e-01,3.409090909090909e-02,9.502607765233916e-03
2.485795454545454e-01,5.681818181818182e-02,1.523576448187939e-02
2.485795454545454e-01,7.954545454545454e-02,2.051540011633715e-02
2.485795454545454e-01,1.022727272727273e-01,2.543542756161087e-02
2.485795454545454e-01,1.250000000000000e-01,3.000806418168213e-02
2.485795454545454e-01,1.477272727272727e-01,3.406965310510608e-02
2.485795454545454e-01,1.704545454545454e-01,3.783690680982195e-02
2.485795454545454e-01,1.931818181818182e-01,4.131864223222081e-02
2.485795454545454e-01,2.159090909090909e-01,4.447362620134312e-02
2.485795454545454e-01,2.386363636363636e-01,4.727411962227654e-02
2.485795454545454e-01,2.613636363636364e-01,4.983445030133492e-02
2.485795454545454e-01,2.840909090909091e-01,5.216062960631917e-02
2.485795454545454e-01,3.068181818181818e-01,5.417439793772089e-02
2.485795454545454e-01,3.295454545454545e-01,5.593409564076979e-02
2.485795454545454e-01,3.522727272727273e-01,5.748765407460921e-02
2.485795454545454e-01,3.750000000000000e-01,5.883879740885105e-02
2.485795454545454e-01,3.977272727272727e-01,5.987787909904486e-02
2.485795454545454e-01,4.204545454545455e-01,6.072751166414272e-02
2.485795454545454e-01,4.431818181818182e-01,6.138926081296844e-02
2.485795454545454e-01,4.659090909090909e-01,6.182836813815059e-02
2.485795454545454e-01,4.886363636363636e-01,6.201097138579748e-02
2.485795454545454e-01,5.113636363636364e-01,6.201097138579748e-02
2.485795454545454e-01,5.340909090909091e-01,6.182836813815060e-02
2.485795454545454e-01,5.568181818181818e-01,6.138926081296845e-02
2.485795454545454e-01,5.795454545454546e-01,6.072751166414271e-02
2.485795454545454e-01,6.022727272727273e-01,5.987787909904488e-02
2.485795454545454e-01,6.250000000000000e-01,5.883879740885106e-02
2.485795454545454e-01,6.477272727272727e-01,5.748765407460922e-02
2.485795454545454e-01,6.704545454545454e-01,5.593409564076980e-02
2.485795454545454e-01,6.931818181818182e-01,5.417439793772087e-02
2.485795454545454e-01,7.159090909090909e-01,5.216062960631914e-02
2.485795454545454e-01,7.386363636363636e-01,4.983445030133490e-02
2.485795454545454e-01,7.613636363636364e-01,4.727411962227652e-02
2.485795454545454e-01,7.840909090909091e-01,4.447362620134310e-02
2.485795454545454e-01,8.068181818181818e-01,4.131864223222081e-02
2.485795454545454e-01,8.295454545454546e-01,3.783690680982192e-02
2.485795454545454e-01,8.522727272727273e-01,3.406965310510607e-02
2.485795454545454e-01,8.750000000000000e-01,3.000806418168212e-02
2.485795454545454e-01,8.977272727272727e-01,2.543542756161086e-02
2.485795454545454e-01,9.204545454545454e-01,2.051540011633717e-02
2.485795454545454e-01,9.431818181818182e-01,1.523576448187937e-02
2.485795454545454e-01,9.659090909090909e-01,9.502607765233909e-03
2.485795454545454e-01,9.886363636363636e-01,3.194895700237536e-03
2.627840909090909e-01,1.136363636363636e-02,3.280525507767935e-03
2.627840909090909e-01,3.409090909090909e-02,9.759138214048248e-03
2.627840909090909e-01,5.681818181818182e-02,1.566068275553966e-02
2.627840909090909e-01,7.954545454545454e-02,2.110455433141868e-02
2.627840909090909e-01,1.022727272727273e-01,2.618449745147298e-02
2.627840909090909e-01,1.250000000000000e-01,3.091215590382630e-02
2.627840909090909e-01,1.477272727272727e-01,3.511910033337685e-02
2.627840909090909e-01,1.704545454545454e-01,3.902481451938591e-02
2.627840909090909e-01,1.931818181818182e-01,4.263788018915977e-02
2.627840909090909e-01,2.159090909090909e-01,4.591521474860270e-02
2.627840909090909e-01,2.386363636363636e-01,4.882706354574711e-02
2.627840909090909e-01,2.613636363636364e-01,5.149073059872530e-02
2.627840909090909e-01,2.840909090909091e-01,5.391216766323044e-02
2.627840909090909e-01,3.068181818181818e-01,5.600978125528898e-02
2.627840909090909e-01,3.295454545454545e-01,5.784352194429241e-02
2.627840909090909e-01,3.522727272727273e-01,5.946297078731616e-02
2.627840909090909e-01,3.750000000000000e-01,6.087186261095995e-02
2.627840909090909e-01,3.977272727272727e-01,6.195574086161859e-02
2.627840909090909e-01,4.204545454545455e-01,6.284212585642358e-02
2.627840909090909e-01,4.431818181818182e-01,6.353260066616133e-02
2.627840909090909e-01,4.659090909090909e-01,6.399083278123399e-02
2.627840909090909e-01,4.886363636363636e-01,6.418140002099015e-02
2.627840909090909e-01,5.113636363636364e-01,6.418140002099015e-02
2.627840909090909e-01,5.340909090909091e-01,6.399083278123401e-02
2.627840909090909e-01,5.568181818181818e-01,6.353260066616133e-02
2.627840909090909e-01,5.795454545454546e-01,6.284212585642358e-02
2.627840909090909e-01,6.022727272727273e-01,6.195574086161861e-02
2.627840909090909e-01,6.250000000000000e-01,6.087186261095996e-02
2.627840909090909e-01,6.477272727272727e-01,5.946297078731617e-02
2.627840909090909e-01,6.704545454545454e-01,5.784352194429241e-02
2.627840909090909e-01,6.931818181818182e-01,5.600978125528896e-02
2.627840909090909e-01,7.159090909090909e-01,5.391216766323043e-02
2.627840909090909e-01,7.386363636363636e-01,5.149073059872528e-02
2.627840909090909e-01,7.613636363636364e-01,4.882706354574709e-02
2.627840909090909e-01,7.840909090909091e-01,4.591521474860269e-02
2.627840909090909e-01,8.068181818181818e-01,4.263788018915977e-02
2.627840909090909e-01,8.295454545454546e-01,3.902481451938589e-02
2.627840909090909e-01,8.522727272727273e-01,3.511910033337683e-02
2.627840909090909e-01,8.750000000000000e-01,3.091215590382629e-02
2.627840909090909e-01,8.977272727272727e-01,2.618449745147297e-02
2.627840909090909e-01,9.204545454545454e-01,2.110455433141868e-02
2.627840909090909e-01,9.431818181818182e-01,1.566068275553965e-02
2.627840909090909e-01,9.659090909090909e-01,9.759138214048269e-03
2.627840909090909e-01,9.886363636363636e-01,3.280525507767901e-03
2.769886363636364e-01,1.136363636363636e-02,3.364932487364837e-03
2.769886363636364e-01,3.409090909090909e-02,1.001200987503096e-02
2.769886363636364e-01,5.681818181818182e-02,1.607957415325224e-02
2.769886363636364e-01,7.954545454545454e-02,2.168542123917820e-02
2.769886363636364e-01,1.022727272727273e-01,2.692312680258057e-02
2.769886363636364e-01,1.250000000000000e-01,3.180377271305216e-02
2.769886363636364e-01,1.477272727272727e-01,3.615425366263213e-02
2.769886363636364e-01,1.704545454545454e-01,4.019674813094956e-02
2.769886363636364e-01,1.931818181818182e-01,4.393960103230833e-02
2.769886363636364e-01,2.159090909090909e-01,4.733790489906366e-02
2.769886363636364e-01,2.386363636363636e-01,5.035990437071789e-02
2.769886363636364e-01,2.613636363636364e-01,5.312582082682633e-02
2.769886363636364e-01,2.840909090909091e-01,5.564154220363021e-02
2.769886363636364e-01,3.068181818181818e-01,5.782217473902126e-02
2.769886363636364e-01,3.295454545454545e-01,5.972924671208706e-02
2.769886363636364e-01,3.522727272727273e-01,6.141396487814486e-02
2.769886363636364e-01,3.750000000000000e-01,6.288007145603668e-02
2.769886363636364e-01,3.977272727272727e-01,6.400834174600561e-02
2.769886363636364e-01,4.204545454545455e-01,6.493115038442754e-02
2.769886363636364e-01,4.431818181818182e-01,6.565009639774526e-02
2.769886363636364e-01,4.659090909090909e-01,6.612728550853515e-02
2.769886363636364e-01,4.886363636363636e-01,6.632574714639804e-02
2.769886363636364e-01,5.113636363636364e-01,6.632574714639804e-02
2.769886363636364e-01,5.340909090909091e-01,6.612728550853515e-02
2.769886363636364e-01,5.568181818181818e-01,6.565009639774526e-02
2.769886363636364e-01,5.795454545454546e-01,6.493115038442754e-02
2.769886363636364e-01,6.022727272727273e-01,6.400834174600563e-02
2.769886363636364e-01,6.250000000000000e-01,6.288007145603669e-02
2.769886363636364e-01,6.477272727272727e-01,6.141396487814487e-02
2.769886363636364e-01,6.704545454545454e-01,5.972924671208708e-02
2.769886363636364e-01,6.931818181818182e-01,5.782217473902126e-02
2.769886363636364e-01,7.159090909090909e-01,5.564154220363019e-02
2.769886363636364e-01,7.386363636363636e-01,5.312582082682631e-02
2.769886363636364e-01,7.613636363636364e-01,5.035990437071786e-02
2.769886363636364e-01,7.840909090909091e-01,4.733790489906366e-02
2.769886363636364e-01,8.068181818181818e-01,4.393960103230832e-02
2.769886363636364e-01,8.295454545454546e-01,4.019674813094955e-02
2.769886363636364e-01,8.522727272727273e-01,3.615425366263211e-02
2.769886363636364e-01,8.750000000000000e-01,3.180377271305216e-02
2.769886363636364e-01,8.977272727272727e-01,2.692312680258060e-02
2.769886363636364e-01,9.204545454545454e-01,2.168542123917818e-02
2.769886363636364e-01,9.431818181818182e-01,1.607957415325220e-02
2.769886363636364e-01,9.659090909090909e-01,1.001200987503096e-02
2.769886363636364e-01,9.886363636363636e-01,3.364932487364837e-03
2.911931818181818e-01,1.136363636363636e-02,3.441782416445299e-03
2.911931818181818e-01,3.409090909090909e-02,1.024225968087968e-02
2.911931818181818e-01,5.681818181818182e-02,1.646112396612052e-02
2.911931818181818e-01,7.954545454545454e-02,2.221478295704845e-02
2.911931818181818e-01,1.022727272727273e-01,2.759665045208043e-02
2.911931818181818e-01,1.250000000000000e-01,3.261731283968189e-02
2.911931818181818e-01,1.477272727272727e-01,3.709953719766768e-02
2.911931818181818e-01,1.704545454545454e-01,4.126780582675933e-02
2.911931818181818e-01,1.931818181818182e-01,4.513022948848385e-02
2.911931818181818e-01,2.159090909090909e-01,4.864023856011640e-02
2.911931818181818e-01,2.386363636363636e-01,5.176420336022465e-02
2.911931818181818e-01,2.613636363636364e-01,5.462492270531838e-02
2.911931818181818e-01,2.840909090909091e-01,5.722820357059023e-02
2.911931818181818e-01,3.068181818181818e-01,5.948608899068607e-02
2.911931818181818e-01,3.295454545454545e-01,6.146149307095274e-02
2.911931818181818e-01,3.522727272727273e-01,6.320709559234601e-02
2.911931818181818e-01,3.750000000000000e-01,6.472662959329981e-02
2.911931818181818e-01,3.977272727272727e-01,6.589640488222334e-02
2.911931818181818e-01,4.204545454545455e-01,6.685328531799242e-02
2.911931818181818e-01,4.431818181818182e-01,6.759887801752743e-02
2.911931818181818e-01,4.659090909090909e-01,6.809381824403830e-02
2.911931818181818e-01,4.886363636363636e-01,6.829967365844558e-02
2.911931818181818e-01,5.113636363636364e-01,6.829967365844558e-02
2.911931818181818e-01,5.340909090909091e-01,6.809381824403829e-02
2.911931818181818e-01,5.568181818181818e-01,6.759887801752744e-02
2.911931818181818e-01,5.795454545454546e-01,6.685328531799242e-02
2.911931818181818e-01,6.022727272727273e-01,6.589640488222336e-02
2.911931818181818e-01,6.250000000000000e-01,6.472662959329982e-02
2.911931818181818e-01,6.477272727272727e-01,6.320709559234601e-02
2.911931818181818e-01,6.704545454545454e-01,6.146149307095274e-02
2.911931818181818e-01,6.931818181818182e-01,5.948608899068607e-02
2.911931818181818e-01,7.159090909090909e-01,5.722820357059021e-02
2.911931818181818e-01,7.386363636363636e-01,5.462492270531837e-02
2.911931818181818e-01,7.613636363636364e-01,5.176420336022463e-02
2.911931818181818e-01,7.840909090909091e-01,4.864023856011639e-02
2.911931818181818e-01,8.068181818181818e-01,4.513022948848384e-02
2.911931818181818e-01,8.295454545454546e-01,4.126780582675932e-02
2.911931818181818e-01,8.522727272727273e-01,3.709953719766767e-02
2.911931818181818e-01,8.750000000000000e-01,3.261731283968188e-02
2.911931818181818e-01,8.977272727272727e-01,2.759665045208043e-02
2.911931818181818e-01,9.204545454545454e-01,2.221478295704846e-02
2.911931818181818e-01,9.431818181818182e-01,1.646112396612054e-02
2.911931818181818e-01,9.659090909090909e-01,1.024225968087967e-02
2.911931818181818e-01,9.886363636363636e-01,3.441782416445296e-03
3.053977272727273e-01,1.136363636363636e-02,3.515393609590142e-03
3.053977272727273e-01,3.409090909090909e-02,1.046281440595668e-02
3.053977272727273e-01,5.681818181818182e-02,1.682667024262696e-02
3.053977272727273e-01,7.954545454545454e-02,2.272207102210902e-02
3.053977272727273e-01,1.022727272727273e-01,2.824227165803412e-02
3.053977272727273e-01,1.250000000000000e-01,3.339739153091326e-02
3.053977272727273e-01,1.477272727272727e-01,3.800630510660907e-02
3.053977272727273e-01,1.704545454545454e-01,4.229563098724601e-02
3.053977272727273e-01,1.931818181818182e-01,4.627324692167092e-02
3.053977272727273e-01,2.159090909090909e-01,4.989099086856560e-02
3.053977272727273e-01,2.386363636363636e-01,5.311341299167541e-02
3.053977272727273e-01,2.613636363636364e-01,5.606574386254944e-02
3.053977272727273e-01,2.840909090909091e-01,5.875370214893318e-02
3.053977272727273e-01,3.068181818181818e-01,6.108636928575051e-02
3.053977272727273e-01,3.295454545454545e-01,6.312796296884886e-02
3.053977272727273e-01,3.522727272727273e-01,6.493257057370679e-02
3.053977272727273e-01,3.750000000000000e-01,6.650390885578569e-02
3.053977272727273e-01,3.977272727272727e-01,6.771395184065424e-02
3.053977272727273e-01,4.204545454545455e-01,6.870389613965487e-02
3.053977272727273e-01,4.431818181818182e-01,6.947535358939459e-02
3.053977272727273e-01,4.659090909090909e-01,6.998752812591370e-02
3.053977272727273e-01,4.886363636363636e-01,7.020056276476724e-02
3.053977272727273e-01,5.113636363636364e-01,7.020056276476724e-02
3.053977272727273e-01,5.340909090909091e-01,6.998752812591372e-02
3.053977272727273e-01,5.568181818181818e-01,6.947535358939461e-02
3.053977272727273e-01,5.795454545454546e-01,6.870389613965489e-02
3.053977272727273e-01,6.022727272727273e-01,6.771395184065424e-02
3.053977272727273e-01,6.250000000000000e-01,6.650390885578569e-02
3.053977272727273e-01,6.477272727272727e-01,6.493257057370677e-02
3.053977272727273e-01,6.704545454545454e-01,6.312796296884884e-02
3.053977272727273e-01,6.931818181818182e-01,6.108636928575050e-02
3.053977272727273e-01,7.159090909090909e-01,5.875370214893316e-02
3.053977272727273e-01,7.386363636363636e-01,5.606574386254942e-02
3.053977272727273e-01,7.613636363636364e-01,5.311341299167538e-02
3.053977272727273e-01,7.840909090909091e-01,4.989099086856556e-02
3.053977272727273e-01,8.068181818181818e-01,4.627324692167091e-02
3.053977272727273e-01,8.295454545454546e-01,4.229563098724599e-02
3.053977272727273e-01,8.522727272727273e-01,3.800630510660905e-02
3.053977272727273e-01,8.750000000000000e-01,3.339739153091326e-02
3.053977272727273e-01,8.977272727272727e-01,2.824227165803412e-02
3.053977272727273e-01,9.204545454545454e-01,2.272207102210902e-02
3.053977272727273e-01,9.431818181818182e-01,1.682667024262691e-02
3.053977272727273e-01,9.659090909090909e-01,1.046281440595666e-02
3.053977272727273e-01,9.886363636363636e-01,3.515393609590102e-03
3.196022727272727e-01,1.136363636363636e-02,3.584176065864361e-03
3.196022727272727e-01,3.409090909090909e-02,1.066890954641677e-02
3.196022727272727e-01,5.681818181818182e-02,1.716831246873502e-02
3.196022727272727e-01,7.954545454545454e-02,2.319631458315251e-02
3.196022727272727e-01,1.022727272727273e-01,2.884601970003503e-02
3.196022727272727e-01,1.250000000000000e-01,3.412711915874853e-02
3.196022727272727e-01,1.477272727272727e-01,3.885491670801155e-02
3.196022727272727e-01,1.704545454545454e-01,4.325795699209978e-02
3.196022727272727e-01,1.931818181818182e-01,4.734389204877383e-02
3.196022727272727e-01,2.159090909090909e-01,5.106307450051993e-02
3.196022727272727e-01,2.386363636363636e-01,5.437833104902159e-02
3.196022727272727e-01,2.613636363636364e-01,5.741712254546075e-02
3.196022727272727e-01,2.840909090909091e-01,6.018507353846399e-02
3.196022727272727e-01,3.068181818181818e-01,6.258847046860914e-02
3.196022727272727e-01,3.295454545454545e-01,6.469272006713317e-02
3.196022727272727e-01,3.522727272727273e-01,6.655321909055281e-02
3.196022727272727e-01,3.750000000000000e-01,6.817366011747691e-02
3.196022727272727e-01,3.977272727272727e-01,6.942190057083968e-02
3.196022727272727e-01,4.204545454545455e-01,7.044321874460907e-02
3.196022727272727e-01,4.431818181818182e-01,7.123922699039235e-02
3.196022727272727e-01,4.659090909090909e-01,7.176776555548536e-02
3.196022727272727e-01,4.886363636363636e-01,7.198761780218904e-02
3.196022727272727e-01,5.113636363636364e-01,7.198761780218904e-02
3.196022727272727e-01,5.340909090909091e-01,7.176776555548539e-02
3.196022727272727e-01,5.568181818181818e-01,7.123922699039235e-02
3.196022727272727e-01,5.795454545454546e-01,7.044321874460907e-02
3.196022727272727e-01,6.022727272727273e-01,6.942190057083968e-02
3.196022727272727e-01,6.250000000000000e-01,6.817366011747691e-02
3.196022727272727e-01,6.477272727272727e-01,6.655321909055281e-02
3.196022727272727e-01,6.704545454545454e-01,6.469272006713316e-02
3.196022727272727e-01,6.931818181818182e-01,6.258847046860913e-02
3.196022727272727e-01,7.159090909090909e-01,6.018507353846395e-02
3.196022727272727e-01,7.386363636363636e-01,5.741712254546071e-02
3.196022727272727e-01,7.613636363636364e-01,5.437833104902157e-02
3.196022727272727e-01,7.840909090909091e-01,5.106307450051990e-02
3.196022727272727e-01,8.068181818181818e-01,4.734389204877380e-02
3.196022727272727e-01,8.295454545454546e-01,4.325795699209975e-02
3.196022727272727e-01,8.522727272727273e-01,3.885491670801153e-02
3.196022727272727e-01,8.750000000000000e-01,3.412711915874853e-02
3.196022727272727e-01,8.977272727272727e-01,2.884601970003504e-02
3.196022727272727e-01,9.204545454545454e-01,2.319631458315251e-02
3.196022727272727e-01,9.431818181818182e-01,1.716831246873496e-02
3.196022727272727e-01,9.659090909090909e-01,1.066890954641676e-02
3.196022727272727e-01,9.886363636363636e-01,3.584176065864321e-03
3.338068181818182e-01,1.136363636363636e-02,3.648129785267959e-03
3.338068181818182e-01,3.409090909090909e-02,1.086054510225998e-02
3.338068181818182e-01,5.681818181818182e-02,1.748605064444470e-02
3.338068181818182e-01,7.954545454545454e-02,2.363751364017893e-02
3.338068181818182e-01,1.022727272727273e-01,2.940789457808318e-02
3.338068181818182e-01,1.250000000000000e-01,3.480649572318770e-02
3.338068181818182e-01,1.477272727272727e-01,3.964537200187515e-02
3.338068181818182e-01,1.704545454545454e-01,4.415478384132063e-02
3.338068181818182e-01,1.931818181818182e-01,4.834216486979259e-02
3.338068181818182e-01,2.159090909090909e-01,5.215648945597941e-02
3.338068181818182e-01,2.386363636363636e-01,5.555895753226323e-02
3.338068181818182e-01,2.613636363636364e-01,5.867905875405230e-02
3.338068181818182e-01,2.840909090909091e-01,6.152231773918266e-02
3.338068181818182e-01,3.068181818181818e-01,6.399239253926198e-02
3.338068181818182e-01,3.295454545454545e-01,6.615576436580570e-02
3.338068181818182e-01,3.522727272727273e-01,6.806904114288412e-02
3.338068181818182e-01,3.750000000000000e-01,6.973588337837350e-02
3.338068181818182e-01,3.977272727272727e-01,7.102025107277971e-02
3.338068181818182e-01,4.204545454545455e-01,7.207125313285501e-02
3.338068181818182e-01,4.431818181818182e-01,7.289049822052072e-02
3.338068181818182e-01,4.659090909090909e-01,7.343453053275328e-02
3.338068181818182e-01,4.886363636363636e-01,7.366083877071097e-02
3.338068181818182e-01,5.113636363636364e-01,7.366083877071097e-02
3.338068181818182e-01,5.340909090909091e-01,7.343453053275331e-02
3.338068181818182e-01,5.568181818181818e-01,7.289049822052075e-02
3.338068181818182e-01,5.795454545454546e-01,7.207125313285503e-02
3.338068181818182e-01,6.022727272727273e-01,7.102025107277971e-02
3.338068181818182e-01,6.250000000000000e-01,6.973588337837348e-02
3.338068181818182e-01,6.477272727272727e-01,6.806904114288412e-02
3.338068181818182e-01,6.704545454545454e-01,6.615576436580567e-02
3.338068181818182e-01,6.931818181818182e-01,6.399239253926195e-02
3.338068181818182e-01,7.159090909090909e-01,6.152231773918262e-02
3.338068181818182e-01,7.386363636363636e-01,5.867905875405227e-02
3.338068181818182e-01,7.613636363636364e-01,5.555895753226320e-02
3.338068181818182e-01,7.840909090909091e-01,5.215648945597938e-02
3.338068181818182e-01,8.068181818181818e-01,4.834216486979256e-02
3.338068181818182e-01,8.295454545454546e-01,4.415478384132061e-02
3.338068181818182e-01,8.522727272727273e-01,3.964537200187512e-02
3.338068181818182e-01,8.750000000000000e-01,3.480649572318768e-02
3.338068181818182e-01,8.977272727272727e-01,2.940789457808317e-02
3.338068181818182e-01,9.204545454545454e-01,2.363751364017893e-02
3.338068181818182e-01,9.431818181818182e-01,1.748605064444471e-02
3.338068181818182e-01,9.659090909090909e-01,1.086054510225997e-02
3.338068181818182e-01,9.886363636363636e-01,3.648129785267954e-03
3.480113636363636e-01,1.136363636363636e-02,3.709461599785292e-03
3.480113636363636e-01,3.409090909090909e-02,1.104432745824512e-02
3.480113636363636e-01,5.681818181818182e-02,1.779079192892964e-02
3.480113636363636e-01,7.954545454545454e-02,2.406071634581391e-02
3.480113636363636e-01,1.022727272727273e-01,2.994692306025300e-02
3.480113636363636e-01,1.250000000000000e-01,3.545834474495026e-02
3.480113636363636e-01,1.477272727272727e-01,4.040394883447181e-02
3.480113636363636e-01,1.704545454545454e-01,4.501561351126873e-02
3.480113636363636e-01,1.931818181818182e-01,4.930056005714882e-02
3.480113636363636e-01,2.159090909090909e-01,5.320644315318276e-02
3.480113636363636e-01,2.386363636363636e-01,5.669289451966524e-02
3.480113636363636e-01,2.613636363636364e-01,5.989133120290007e-02
3.480113636363636e-01,2.840909090909091e-01,6.280717713347247e-02
3.480113636363636e-01,3.068181818181818e-01,6.534155884858969e-02
3.480113636363636e-01,3.295454545454545e-01,6.756197463992698e-02
3.480113636363636e-01,3.522727272727273e-01,6.952619065901142e-02
3.480113636363636e-01,3.750000000000000e-01,7.123783257088549e-02
3.480113636363636e-01,3.977272727272727e-01,7.255709446020231e-02
3.480113636363636e-01,4.204545454545455e-01,7.363677193496210e-02
3.480113636363636e-01,4.431818181818182e-01,7.447846823021023e-02
3.480113636363636e-01,4.659090909090909e-01,7.503747293312613e-02
3.480113636363636e-01,4.886363636363636e-01,7.527002035628226e-02
3.480113636363636e-01,5.113636363636364e-01,7.527002035628226e-02
3.480113636363636e-01,5.340909090909091e-01,7.503747293312614e-02
3.480113636363636e-01,5.568181818181818e-01,7.447846823021026e-02
3.480113636363636e-01,5.795454545454546e-01,7.363677193496210e-02
3.480113636363636e-01,6.022727272727273e-01,7.255709446020231e-02
3.480113636363636e-01,6.250000000000000e-01,7.123783257088548e-02
3.480113636363636e-01,6.477272727272727e-01,6.952619065901142e-02
3.480113636363636e-01,6.704545454545454e-01,6.756197463992697e-02
3.480113636363636e-01,6.931818181818182e-01,6.534155884858966e-02
3.480113636363636e-01,7.159090909090909e-01,6.280717713347243e-02
3.480113636363636e-01,7.386363636363636e-01,5.989133120290005e-02
3.480113636363636e-01,7.613636363636364e-01,5.669289451966521e-02
3.480113636363636e-01,7.840909090909091e-01,5.320644315318276e-02
3.480113636363636e-01,8.068181818181818e-01,4.930056005714879e-02
3.480113636363636e-01,8.295454545454546e-01,4.501561351126871e-02
3.480113636363636e-01,8.522727272727273e-01,4.040394883447179e-02
3.480113636363636e-01,8.750000000000000e-01,3.545834474495024e-02
3.480113636363636e-01,8.977272727272727e-01,2.994692306025298e-02
3.480113636363636e-01,9.204545454545454e-01,2.406071634581390e-02
3.480113636363636e-01,9.431818181818182e-01,1.779079192892959e-02
3.480113636363636e-01,9.659090909090909e-01,1.104432745824510e-02
3.480113636363636e-01,9.886363636363636e-01,3.709461599785287e-03
3.622159090909091e-01,1.136363636363636e-02,3.764675636234672e-03
3.622159090909091e-01,3.409090909090909e-02,1.120978568122811e-02
3.622159090909091e-01,5.681818181818182e-02,1.806520713389019e-02
3.622159090909091e-01,7.954545454545454e-02,2.444192756486885e-02
3.622159090909091e-01,1.022727272727273e-01,3.043264328537338e-02
3.622159090909091e-01,1.250000000000000e-01,3.604596283380072e-02
3.622159090909091e-01,1.477272727272727e-01,4.108814259077897e-02
3.622159090909091e-01,1.704545454545454e-01,4.579244976291375e-02
3.622159090909091e-01,1.931818181818182e-01,5.016590743262589e-02
3.622159090909091e-01,2.159090909090909e-01,5.415498724778850e-02
3.622159090909091e-01,2.386363636363636e-01,5.771788935010811e-02
3.622159090909091e-01,2.613636363636364e-01,6.098772154567898e-02
3.622159090909091e-01,2.840909090909091e-01,6.396980531276171e-02
3.622159090909091e-01,3.068181818181818e-01,6.656296171482545e-02
3.622159090909091e-01,3.295454545454545e-01,6.883557219009537e-02
3.622159090909091e-01,3.522727272727273e-01,7.084643759066273e-02
3.622159090909091e-01,3.750000000000000e-01,7.259914227050013e-02
3.622159090909091e-01,3.977272727272727e-01,7.395042124708429e-02
3.622159090909091e-01,4.204545454545455e-01,7.505642103607851e-02
3.622159090909091e-01,4.431818181818182e-01,7.591873539220904e-02
3.622159090909091e-01,4.659090909090909e-01,7.649149598741040e-02
3.622159090909091e-01,4.886363636363636e-01,7.672977671496871e-02
3.622159090909091e-01,5.113636363636364e-01,7.672977671496871e-02
3.622159090909091e-01,5.340909090909091e-01,7.649149598741041e-02
3.622159090909091e-01,5.568181818181818e-01,7.591873539220906e-02
3.622159090909091e-01,5.795454545454546e-01,7.505642103607851e-02
3.622159090909091e-01,6.022727272727273e-01,7.395042124708427e-02
3.622159090909091e-01,6.250000000000000e-01,7.259914227050013e-02
3.622159090909091e-01,6.477272727272727e-01,7.084643759066274e-02
3.622159090909091e-01,6.704545454545454e-01,6.883557219009537e-02
3.622159090909091e-01,6.931818181818182e-01,6.656296171482541e-02
3.622159090909091e-01,7.159090909090909e-01,6.396980531276167e-02
3.622159090909091e-01,7.386363636363636e-01,6.098772154567894e-02
3.622159090909091e-01,7.613636363636364e-01,5.771788935010808e-02
3.622159090909091e-01,7.840909090909091e-01,5.415498724778848e-02
3.622159090909091e-01,8.068181818181818e-01,5.016590743262590e-02
3.622159090909091e-01,8.295454545454546e-01,4.579244976291370e-02
3.622159090909091e-01,8.522727272727273e-01,4.108814259077895e-02
3.622159090909091e-01,8.750000000000000e-01,3.604596283380070e-02
3.622159090909091e-01,8.977272727272727e-01,3.043264328537337e-02
3.622159090909091e-01,9.204545454545454e-01,2.444192756486884e-02
3.622159090909091e-01,9.431818181818182e-01,1.806520713389017e-02
3.622159090909091e-01,9.659090909090909e-01,1.120978568122813e-02
3.622159090909091e-01,9.886363636363636e-01,3.764675636234705e-03
3.764204545454545e-01,1.136363636363636e-02,3.819090323107508e-03
3.764204545454545e-01,3.409090909090909e-02,1.137284922895210e-02
3.764204545454545e-01,5.681818181818182e-02,1.833565595220371e-02
3.764204545454545e-01,7.954545454545454e-02,2.481763985118345e-02
3.764204545454545e-01,1.022727272727273e-01,3.091137292955494e-02
3.764204545454545e-01,1.250000000000000e-01,3.662514509817481e-02
3.764204545454545e-01,1.477272727272727e-01,4.176254741820717e-02
3.764204545454545e-01,1.704545454545454e-01,4.655820995735836e-02
3.764204545454545e-01,1.931818181818182e-01,5.101895988707966e-02
3.764204545454545e-01,2.159090909090909e-01,5.509010359409755e-02
3.764204545454545e-01,2.386363636363636e-01,5.872842876289696e-02
3.764204545454545e-01,2.613636363636364e-01,6.206870519157572e-02
3.764204545454545e-01,2.840909090909091e-01,6.511615228305886e-02
3.764204545454545e-01,3.068181818181818e-01,6.776731665679865e-02
3.764204545454545e-01,3.295454545454545e-01,7.009144683417477e-02
3.764204545454545e-01,3.522727272727273e-01,7.214836247512837e-02
3.764204545454545e-01,3.750000000000000e-01,7.394160622002423e-02
3.764204545454545e-01,3.977272727272727e-01,7.532449742796191e-02
3.764204545454545e-01,4.204545454545455e-01,7.645648786267475e-02
3.764204545454545e-01,4.431818181818182e-01,7.733916144893138e-02
3.764204545454545e-01,4.659090909090909e-01,7.792550588162413e-02
3.764204545454545e-01,4.886363636363636e-01,7.816944831378765e-02
3.764204545454545e-01,5.113636363636364e-01,7.816944831378764e-02
3.764204545454545e-01,5.340909090909091e-01,7.792550588162413e-02
3.764204545454545e-01,5.568181818181818e-01,7.733916144893138e-02
3.764204545454545e-01,5.795454545454546e-01,7.645648786267473e-02
3.764204545454545e-01,6.022727272727273e-01,7.532449742796189e-02
3.764204545454545e-01,6.250000000000000e-01,7.394160622002423e-02
3.764204545454545e-01,6.477272727272727e-01,7.214836247512836e-02
3.764204545454545e-01,6.704545454545454e-01,7.009144683417476e-02
3.764204545454545e-01,6.931818181818182e-01,6.776731665679861e-02
3.764204545454545e-01,7.159090909090909e-01,6.511615228305884e-02
3.764204545454545e-01,7.386363636363636e-01,6.206870519157569e-02
3.764204545454545e-01,7.613636363636364e-01,5.872842876289690e-02
3.764204545454545e-01,7.840909090909091e-01,5.509010359409751e-02
3.764204545454545e-01,8.068181818181818e-01,5.101895988707967e-02
3.764204545454545e-01,8.295454545454546e-01,4.655820995735832e-02
3.764204545454545e-01,8.522727272727273e-01,4.176254741820715e-02
3.764204545454545e-01,8.750000000000000e-01,3.662514509817479e-02
3.764204545454545e-01,8.977272727272727e-01,3.091137292955492e-02
3.764204545454545e-01,9.204545454545454e-01,2.481763985118345e-02
3.764204545454545e-01,9.431818181818182e-01,1.833565595220372e-02
3.764204545454545e-01,9.659090909090909e-01,1.137284922895208e-02
3.764204545454545e-01,9.886363636363636e-01,3.819090323107466e-03
3.906250000000000e-01,1.136363636363636e-02,3.866310863791429e-03
3.906250000000000e-01,3.409090909090909e-02,1.151436069934503e-02
3.906250000000000e-01,5.681818181818182e-02,1.857040729069386e-02
3.906250000000000e-01,7.954545454545454e-02,2.514386174283504e-02
3.906250000000000e-01,1.022727272727273e-01,3.132718734528710e-02
3.906250000000000e-01,1.250000000000000e-01,3.712840494226156e-02
3.906250000000000e-01,1.477272727272727e-01,4.234885188572486e-02
3.906250000000000e-01,1.704545454545454e-01,4.722428563699953e-02
3.906250000000000e-01,1.931818181818182e-01,5.176135805232382e-02
3.906250000000000e-01,2.159090909090909e-01,5.590437020573645e-02
3.906250000000000e-01,2.386363636363636e-01,5.960886941679953e-02
3.906250000000000e-01,2.613636363636364e-01,6.301102856553287e-02
3.906250000000000e-01,2.840909090909091e-01,6.611596837242738e-02
3.906250000000000e-01,3.068181818181818e-01,6.881824028040885e-02
3.906250000000000e-01,3.295454545454545e-01,7.118781532345315e-02
3.906250000000000e-01,3.522727272727273e-01,7.328538893492287e-02
3.906250000000000e-01,3.750000000000000e-01,7.511445841873340e-02
3.906250000000000e-01,3.977272727272727e-01,7.652531815480038e-02
3.906250000000000e-01,4.204545454545455e-01,7.768031421858949e-02
3.906250000000000e-01,4.431818181818182e-01,7.858101755816563e-02
3.906250000000000e-01,4.659090909090909e-01,7.917939733520298e-02
3.906250000000000e-01,4.886363636363636e-01,7.942835707379904e-02
3.906250000000000e-01,5.113636363636364e-01,7.942835707379904e-02
3.906250000000000e-01,5.340909090909091e-01,7.917939733520296e-02
3.906250000000000e-01,5.568181818181818e-01,7.858101755816560e-02
3.906250000000000e-01,5.795454545454546e-01,7.768031421858948e-02
3.906250000000000e-01,6.022727272727273e-01,7.652531815480036e-02
3.906250000000000e-01,6.250000000000000e-01,7.511445841873338e-02
3.906250000000000e-01,6.477272727272727e-01,7.328538893492285e-02
3.906250000000000e-01,6.704545454545454e-01,7.118781532345314e-02
3.906250000000000e-01,6.931818181818182e-01,6.881824028040882e-02
3.906250000000000e-01,7.159090909090909e-01,6.611596837242734e-02
3.906250000000000e-01,7.386363636363636e-01,6.301102856553283e-02
3.906250000000000e-01,7.613636363636364e-01,5.960886941679949e-02
3.906250000000000e-01,7.840909090909091e-01,5.590437020573644e-02
3.906250000000000e-01,8.068181818181818e-01,5.176135805232381e-02
3.906250000000000e-01,8.295454545454546e-01,4.722428563699951e-02
3.906250000000000e-01,8.522727272727273e-01,4.234885188572484e-02
3.906250000000000e-01,8.750000000000000e-01,3.712840494226154e-02
3.906250000000000e-01,8.977272727272727e-01,3.132718734528708e-02
3.906250000000000e-01,9.204545454545454e-01,2.514386174283504e-02
3.906250000000000e-01,9.431818181818182e-01,1.857040729069381e-02
3.906250000000000e-01,9.659090909090909e-01,1.151436069934506e-02
3.906250000000000e-01,9.886363636363636e-01,3.866310863791425e-03
4.048295454545455e-01,1.136363636363636e-02,3.913531404475350e-03
4.048295454545455e-01,3.409090909090909e-02,1.165587216973797e-02
4.048295454545455e-01,5.681818181818182e-02,1.880515862918402e-02
4.048295454545455e-01,7.954545454545454e-02,2.547008363448663e-02
4.048295454545455e-01,1.022727272727273e-01,3.174300176101928e-02
4.048295454545455e-01,1.250000000000000e-01,3.763166478634831e-02
4.048295454545455e-01,1.477272727272727e-01,4.293515635324255e-02
4.048295454545455e-01,1.704545454545454e-01,4.789036131664072e-02
4.048295454545455e-01,1.931818181818182e-01,5.250375621756797e-02
4.048295454545455e-01,2.159090909090909e-01,5.671863681737535e-02
4.048295454545455e-01,2.386363636363636e-01,6.048931007070212e-02
4.048295454545455e-01,2.613636363636364e-01,6.395335193949001e-02
4.048295454545455e-01,2.840909090909091e-01,6.711578446179586e-02
4.048295454545455e-01,3.068181818181818e-01,6.986916390401908e-02
4.048295454545455e-01,3.295454545454545e-01,7.228418381273152e-02
4.048295454545455e-01,3.522727272727273e-01,7.442241539471738e-02
4.048295454545455e-01,3.750000000000000e-01,7.628731061744257e-02
4.048295454545455e-01,3.977272727272727e-01,7.772613888163886e-02
4.048295454545455e-01,4.204545454545455e-01,7.890414057450425e-02
4.048295454545455e-01,4.431818181818182e-01,7.982287366739986e-02
4.048295454545455e-01,4.659090909090909e-01,8.043328878878181e-02
4.048295454545455e-01,4.886363636363636e-01,8.068726583381043e-02
4.048295454545455e-01,5.113636363636364e-01,8.068726583381043e-02
4.048295454545455e-01,5.340909090909091e-01,8.043328878878178e-02
4.048295454545455e-01,5.568181818181818e-01,7.982287366739985e-02
4.048295454545455e-01,5.795454545454546e-01,7.890414057450422e-02
4.048295454545455e-01,6.022727272727273e-01,7.772613888163885e-02
4.048295454545455e-01,6.250000000000000e-01,7.628731061744254e-02
4.048295454545455e-01,6.477272727272727e-01,7.442241539471736e-02
4.048295454545455e-01,6.704545454545454e-01,7.228418381273152e-02
4.048295454545455e-01,6.931818181818182e-01,6.986916390401905e-02
4.048295454545455e-01,7.159090909090909e-01,6.711578446179584e-02
4.048295454545455e-01,7.386363636363636e-01,6.395335193948996e-02
4.048295454545455e-01,7.613636363636364e-01,6.048931007070209e-02
4.048295454545455e-01,7.840909090909091e-01,5.671863681737532e-02
4.048295454545455e-01,8.068181818181818e-01,5.250375621756796e-02
4.048295454545455e-01,8.295454545454546e-01,4.789036131664069e-02
4.048295454545455e-01,8.522727272727273e-01,4.293515635324253e-02
4.048295454545455e-01,8.750000000000000e-01,3.763166478634829e-02
4.048295454545455e-01,8.977272727272727e-01,3.174300176101925e-02
4.048295454545455e-01,9.204545454545454e-01,2.547008363448660e-02
4.048295454545455e-01,9.431818181818182e-01,1.880515862918400e-02
4.048295454545455e-01,9.659090909090909e-01,1.165587216973796e-02
4.048295454545455e-01,9.886363636363636e-01,3.913531404475347e-03
4.190340909090909e-01,1.136363636363636e-02,3.954105120066652e-03
4.190340909090909e-01,3.409090909090909e-02,1.177746844474535e-02
4.190340909090909e-01,5.681818181818182e-02,1.900690336124183e-02
4.190340909090909e-01,7.954545454545454e-02,2.575050272095263e-02
4.190340909090909e-01,1.022727272727273e-01,3.210052741697520e-02
4.190340909090909e-01,1.250000000000000e-01,3.806450298284278e-02
4.190340909090909e-01,1.477272727272727e-01,4.343961602498039e-02
4.190340909090909e-01,1.704545454545454e-01,4.846368475995798e-02
4.190340909090909e-01,1.931818181818182e-01,5.314303195934685e-02
4.190340909090909e-01,2.159090909090909e-01,5.742009430485756e-02
4.190340909090909e-01,2.386363636363636e-01,6.124810455071841e-02
4.190340909090909e-01,2.613636363636364e-01,6.476581775897762e-02
4.190340909090909e-01,2.840909090909091e-01,6.797816452137891e-02
4.190340909090909e-01,3.068181818181818e-01,7.077597332633617e-02
4.190340909090909e-01,3.295454545454545e-01,7.323053761681518e-02
4.190340909090909e-01,3.522727272727273e-01,7.540417475769609e-02
4.190340909090909e-01,3.750000000000000e-01,7.730029137951260e-02
4.190340909090909e-01,3.977272727272727e-01,7.876351632948950e-02
4.190340909090909e-01,4.204545454545455e-01,7.996159333736258e-02
4.190340909090909e-01,4.431818181818182e-01,8.089606598244869e-02
4.190340909090909e-01,4.659090909090909e-01,8.151699183496068e-02
4.190340909090909e-01,4.886363636363636e-01,8.177535133574797e-02
4.190340909090909e-01,5.113636363636364e-01,8.177535133574797e-02
4.190340909090909e-01,5.340909090909091e-01,8.151699183496065e-02
4.190340909090909e-01,5.568181818181818e-01,8.089606598244867e-02
4.190340909090909e-01,5.795454545454546e-01,7.996159333736255e-02
4.190340909090909e-01,6.022727272727273e-01,7.876351632948944e-02
4.190340909090909e-01,6.250000000000000e-01,7.730029137951255e-02
4.190340909090909e-01,6.477272727272727e-01,7.540417475769606e-02
4.190340909090909e-01,6.704545454545454e-01,7.323053761681515e-02
4.190340909090909e-01,6.931818181818182e-01,7.077597332633614e-02
4.190340909090909e-01,7.159090909090909e-01,6.797816452137886e-02
4.190340909090909e-01,7.386363636363636e-01,6.476581775897758e-02
4.190340909090909e-01,7.613636363636364e-01,6.124810455071837e-02
4.190340909090909e-01,7.840909090909091e-01,5.742009430485754e-02
4.190340909090909e-01,8.068181818181818e-01,5.314303195934683e-02
4.190340909090909e-01,8.295454545454546e-01,4.846368475995796e-02
4.190340909090909e-01,8.522727272727273e-01,4.343961602498037e-02
4.190340909090909e-01,8.750000000000000e-01,3.806450298284275e-02
4.190340909090909e-01,8.977272727272727e-01,3.210052741697518e-02
4.190340909090909e-01,9.204545454545454e-01,2.575050272095262e-02
4.190340909090909e-01,9.431818181818182e-01,1.900690336124181e-02
4.190340909090909e-01,9.659090909090909e-01,1.177746844474538e-02
4.190340909090909e-01,9.886363636363636e-01,3.954105120066610e-03
4.332386363636364e-01,1.136363636363636e-02,3.993940299536550e-03
4.332386363636364e-01,3.409090909090909e-02,1.189685192026545e-02
4.332386363636364e-01,5.681818181818182e-02,1.920498069258493e-02
4.332386363636364e-01,7.954545454545454e-02,2.602583260684245e-02
4.332386363636364e-01,1.022727272727273e-01,3.245157654406711e-02
4.332386363636364e-01,1.250000000000000e-01,3.848951655182699e-02
4.332386363636364e-01,1.477272727272727e-01,4.393498183052046e-02
4.332386363636364e-01,1.704545454545454e-01,4.902670239923923e-02
4.332386363636364e-01,1.931818181818182e-01,5.377084965407401e-02
4.332386363636364e-01,2.159090909090909e-01,5.810901744521124e-02
4.332386363636364e-01,2.386363636363636e-01,6.199338278919177e-02
4.332386363636364e-01,2.613636363636364e-01,6.556385496130196e-02
4.332386363636364e-01,2.840909090909091e-01,6.882527391098579e-02
4.332386363636364e-01,3.068181818181818e-01,7.166677005962070e-02
4.332386363636364e-01,3.295454545454545e-01,7.416022312254383e-02
4.332386363636364e-01,3.522727272727273e-01,7.636868222102863e-02
4.332386363636364e-01,3.750000000000000e-01,7.829550864862271e-02
4.332386363636364e-01,3.977272727272727e-01,7.978273341300815e-02
4.332386363636364e-01,4.204545454545455e-01,8.100056014543688e-02
4.332386363636364e-01,4.431818181818182e-01,8.195051787592136e-02
4.332386363636364e-01,4.659090909090909e-01,8.258178505809510e-02
4.332386363636364e-01,4.886363636363636e-01,8.284445647567730e-02
4.332386363636364e-01,5.113636363636364e-01,8.284445647567729e-02
4.332386363636364e-01,5.340909090909091e-01,8.258178505809508e-02
4.332386363636364e-01,5.568181818181818e-01,8.195051787592134e-02
4.332386363636364e-01,5.795454545454546e-01,8.100056014543683e-02
4.332386363636364e-01,6.022727272727273e-01,7.978273341300809e-02
4.332386363636364e-01,6.250000000000000e-01,7.829550864862267e-02
4.332386363636364e-01,6.477272727272727e-01,7.636868222102859e-02
4.332386363636364e-01,6.704545454545454e-01,7.416022312254383e-02
4.332386363636364e-01,6.931818181818182e-01,7.166677005962066e-02
4.332386363636364e-01,7.159090909090909e-01,6.882527391098574e-02
4.332386363636364e-01,7.386363636363636e-01,6.556385496130192e-02
4.332386363636364e-01,7.613636363636364e-01,6.199338278919173e-02
4.332386363636364e-01,7.840909090909091e-01,5.810901744521120e-02
4.332386363636364e-01,8.068181818181818e-01,5.377084965407398e-02
4.332386363636364e-01,8.295454545454546e-01,4.902670239923922e-02
4.332386363636364e-01,8.522727272727273e-01,4.393498183052045e-02
4.332386363636364e-01,8.750000000000000e-01,3.848951655182697e-02
4.332386363636364e-01,8.977272727272727e-01,3.245157654406711e-02
4.332386363636364e-01,9.204545454545454e-01,2.602583260684240e-02
4.332386363636364e-01,9.431818181818182e-01,1.920498069258487e-02
4.332386363636364e-01,9.659090909090909e-01,1.189685192026544e-02
4.332386363636364e-01,9.886363636363636e-01,3.993940299536547e-03
4.474431818181818e-01,1.136363636363636e-02,4.028951286075163e-03
4.474431818181818e-01,3.409090909090909e-02,1.200177964125941e-02
4.474431818181818e-01,5.681818181818182e-02,1.937908847768110e-02
4.474431818181818e-01,7.954545454545454e-02,2.626787653941291e-02
4.474431818181818e-01,1.022727272727273e-01,3.276023180686829e-02
4.474431818181818e-01,1.250000000000000e-01,3.886326618091287e-02
4.474431818181818e-01,1.477272727272727e-01,4.437069646563920e-02
4.474431818181818e-01,1.704545454545454e-01,4.952203663524343e-02
4.474431818181818e-01,1.931818181818182e-01,5.432332360637368e-02
4.474431818181818e-01,2.159090909090909e-01,5.871541318930180e-02
4.474431818181818e-01,2.386363636363636e-01,6.264955076251678e-02
4.474431818181818e-01,2.613636363636364e-01,6.626664640648842e-02
4.474431818181818e-01,2.840909090909091e-01,6.957145705226969e-02
4.474431818181818e-01,3.068181818181818e-01,7.245161420570871e-02
4.474431818181818e-01,3.295454545454545e-01,7.497950181321157e-02
4.474431818181818e-01,3.522727272727273e-01,7.721880857840945e-02
4.474431818181818e-01,3.750000000000000e-01,7.917285257639690e-02
4.474431818181818e-01,3.977272727272727e-01,8.068136017116390e-02
4.474431818181818e-01,4.204545454545455e-01,8.191670496747624e-02
4.474431818181818e-01,4.431818181818182e-01,8.288040143377981e-02
4.474431818181818e-01,4.659090909090909e-01,8.352084594727530e-02
4.474431818181818e-01,4.886363636363636e-01,8.378734433960708e-02
4.474431818181818e-01,5.113636363636364e-01,8.378734433960708e-02
4.474431818181818e-01,5.340909090909091e-01,8.352084594727527e-02
4.474431818181818e-01,5.568181818181818e-01,8.288040143377977e-02
4.474431818181818e-01,5.795454545454546e-01,8.191670496747619e-02
4.474431818181818e-01,6.022727272727273e-01,8.068136017116383e-02
4.474431818181818e-01,6.250000000000000e-01,7.917285257639685e-02
4.474431818181818e-01,6.477272727272727e-01,7.721880857840940e-02
4.474431818181818e-01,6.704545454545454e-01,7.497950181321153e-02
4.474431818181818e-01,6.931818181818182e-01,7.245161420570866e-02
4.474431818181818e-01,7.159090909090909e-01,6.957145705226964e-02
4.474431818181818e-01,7.386363636363636e-01,6.626664640648837e-02
4.474431818181818e-01,7.613636363636364e-01,6.264955076251674e-02
4.474431818181818e-01,7.840909090909091e-01,5.871541318930176e-02
4.474431818181818e-01,8.068181818181818e-01,5.432332360637368e-02
4.474431818181818e-01,8.295454545454546e-01,4.952203663524340e-02
4.474431818181818e-01,8.522727272727273e-01,4.437069646563918e-02
4.474431818181818e-01,8.750000000000000e-01,3.886326618091284e-02
4.474431818181818e-01,8.977272727272727e-01,3.276023180686827e-02
4.474431818181818e-01,9.204545454545454e-01,2.626787653941290e-02
4.474431818181818e-01,9.431818181818182e-01,1.937908847768110e-02
4.474431818181818e-01,9.659090909090909e-01,1.200177964125939e-02
4.474431818181818e-01,9.886363636363636e-01,4.028951286075157e-03
4.616477272727273e-01,1.136363636363636e-02,4.061894761357509e-03
4.616477272727273e-01,3.409090909090909e-02,1.210051203888502e-02
4.616477272727273e-01,5.681818181818182e-02,1.954292360010000e-02
4.616477272727273e-01,7.954545454545454e-02,2.649565506341795e-02
4.616477272727273e-01,1.022727272727273e-01,3.305071827068774e-02
4.616477272727273e-01,1.250000000000000e-01,3.921504555004232e-02
4.616477272727273e-01,1.477272727272727e-01,4.478084631343449e-02
4.616477272727273e-01,1.704545454545454e-01,4.998836369841458e-02
4.616477272727273e-01,1.931818181818182e-01,5.484350738334728e-02
4.616477272727273e-01,2.159090909090909e-01,5.928644004927958e-02
4.616477272727273e-01,2.386363636363636e-01,6.326752862220679e-02
4.616477272727273e-01,2.613636363636364e-01,6.692861824147293e-02
4.616477272727273e-01,2.840909090909091e-01,7.027438608712944e-02
4.616477272727273e-01,3.068181818181818e-01,7.319105010014106e-02
4.616477272727273e-01,3.295454545454545e-01,7.575146329742460e-02
4.616477272727273e-01,3.522727272727273e-01,7.801991446181096e-02
4.616477272727273e-01,3.750000000000000e-01,7.999967935788427e-02
4.616477272727273e-01,3.977272727272727e-01,8.152830536130697e-02
4.616477272727273e-01,4.204545454545455e-01,8.278021179550063e-02
4.616477272727273e-01,4.431818181818182e-01,8.375689856208929e-02
4.616477272727273e-01,4.659090909090909e-01,8.440602155047505e-02
4.616477272727273e-01,4.886363636363636e-01,8.467613908525132e-02
4.616477272727273e-01,5.113636363636364e-01,8.467613908525132e-02
4.616477272727273e-01,5.340909090909091e-01,8.440602155047505e-02
4.616477272727273e-01,5.568181818181818e-01,8.375689856208926e-02
4.616477272727273e-01,5.795454545454546e-01,8.278021179550059e-02
4.616477272727273e-01,6.022727272727273e-01,8.152830536130687e-02
4.616477272727273e-01,6.250000000000000e-01,7.999967935788418e-02
4.616477272727273e-01,6.477272727272727e-01,7.801991446181090e-02
4.616477272727273e-01,6.704545454545454e-01,7.575146329742455e-02
4.616477272727273e-01,6.931818181818182e-01,7.319105010014100e-02
4.616477272727273e-01,7.159090909090909e-01,7.027438608712937e-02
4.616477272727273e-01,7.386363636363636e-01,6.692861824147286e-02
4.616477272727273e-01,7.613636363636364e-01,6.326752862220673e-02
4.616477272727273e-01,7.840909090909091e-01,5.928644004927953e-02
4.616477272727273e-01,8.068181818181818e-01,5.484350738334727e-02
4.616477272727273e-01,8.295454545454546e-01,4.998836369841456e-02
4.616477272727273e-01,8.522727272727273e-01,4.478084631343447e-02
4.616477272727273e-01,8.750000000000000e-01,3.921504555004228e-02
4.616477272727273e-01,8.977272727272727e-01,3.305071827068774e-02
4.616477272727273e-01,9.204545454545454e-01,2.649565506341793e-02
4.616477272727273e-01,9.431818181818182e-01,1.954292360009992e-02
4.616477272727273e-01,9.659090909090909e-01,1.210051203888500e-02
4.616477272727273e-01,9.886363636363636e-01,4.061894761357461e-03
4.758522727272727e-01,1.136363636363636e-02,4.091590394399970e-03
4.758522727272727e-01,3.409090909090909e-02,1.218951146206679e-02
4.758522727272727e-01,5.681818181818182e-02,1.969061448180173e-02
4.758522727272727e-01,7.954545454545454e-02,2.670100233664182e-02
4.758522727272727e-01,1.022727272727273e-01,3.331261825666722e-02
4.758522727272727e-01,1.250000000000000e-01,3.953223382138748e-02
4.758522727272727e-01,1.477272727272727e-01,4.515070860450136e-02
4.758522727272727e-01,1.704545454545454e-01,5.040893544291374e-02
4.758522727272727e-01,1.931818181818182e-01,5.531270873504310e-02
4.758522727272727e-01,2.159090909090909e-01,5.980156768878608e-02
4.758522727272727e-01,2.386363636363636e-01,6.382508589804017e-02
4.758522727272727e-01,2.613636363636364e-01,6.752594525264896e-02
4.758522727272727e-01,2.840909090909091e-01,7.090874956306899e-02
4.758522727272727e-01,3.068181818181818e-01,7.385843980219578e-02
4.758522727272727e-01,3.295454545454545e-01,7.644828675434304e-02
4.758522727272727e-01,3.522727272727273e-01,7.874311841889076e-02
4.758522727272727e-01,3.750000000000000e-01,8.074617087465011e-02
4.758522727272727e-01,3.977272727272727e-01,8.229301766088362e-02
4.758522727272727e-01,4.204545454545455e-01,8.355992554553064e-02
4.758522727272727e-01,4.431818181818182e-01,8.454838046244051e-02
4.758522727272727e-01,4.659090909090909e-01,8.520536649899463e-02
4.758522727272727e-01,4.886363636363636e-01,8.547876330993887e-02
4.758522727272727e-01,5.113636363636364e-01,8.547876330993887e-02
4.758522727272727e-01,5.340909090909091e-01,8.520536649899460e-02
4.758522727272727e-01,5.568181818181818e-01,8.454838046244047e-02
4.758522727272727e-01,5.795454545454546e-01,8.355992554553060e-02
4.758522727272727e-01,6.022727272727273e-01,8.229301766088357e-02
4.758522727272727e-01,6.250000000000000e-01,8.074617087465003e-02
4.758522727272727e-01,6.477272727272727e-01,7.874311841889069e-02
4.758522727272727e-01,6.704545454545454e-01,7.644828675434298e-02
4.758522727272727e-01,6.931818181818182e-01,7.385843980219571e-02
4.758522727272727e-01,7.159090909090909e-01,7.090874956306890e-02
4.758522727272727e-01,7.386363636363636e-01,6.752594525264888e-02
4.758522727272727e-01,7.613636363636364e-01,6.382508589804012e-02
4.758522727272727e-01,7.840909090909091e-01,5.980156768878602e-02
4.758522727272727e-01,8.068181818181818e-01,5.531270873504307e-02
4.758522727272727e-01,8.295454545454546e-01,5.040893544291371e-02
4.758522727272727e-01,8.522727272727273e-01,4.515070860450134e-02
4.758522727272727e-01,8.750000000000000e-01,3.953223382138744e-02
4.758522727272727e-01,8.977272727272727e-01,3.331261825666722e-02
4.758522727272727e-01,9.204545454545454e-01,2.670100233664180e-02
4.758522727272727e-01,9.431818181818182e-01,1.969061448180165e-02
4.758522727272727e-01,9.659090909090909e-01,1.218951146206676e-02
4.758522727272727e-01,9.886363636363636e-01,4.091590394399921e-03
4.900568181818182e-01,1.136363636363636e-02,4.118038185202547e-03
4.900568181818182e-01,3.409090909090909e-02,1.226877791080470e-02
4.900568181818182e-01,5.681818181818182e-02,1.982216112278627e-02
4.900568181818182e-01,7.954545454545454e-02,2.688391835908453e-02
4.900568181818182e-01,1.022727272727273e-01,3.354593176480670e-02
4.900568181818182e-01,1.250000000000000e-01,3.981483099494835e-02
4.900568181818182e-01,1.477272727272727e-01,4.548028333883980e-02
4.900568181818182e-01,1.704545454545454e-01,5.078375186874089e-02
4.900568181818182e-01,1.931818181818182e-01,5.573092766146112e-02
4.900568181818182e-01,2.159090909090909e-01,6.026079610782131e-02
4.900568181818182e-01,2.386363636363636e-01,6.432222259001695e-02
4.900568181818182e-01,2.613636363636364e-01,6.805862744001656e-02
4.900568181818182e-01,2.840909090909091e-01,7.147454748008832e-02
4.900568181818182e-01,3.068181818181818e-01,7.445378331187287e-02
4.900568181818182e-01,3.295454545454545e-01,7.706997218396686e-02
4.900568181818182e-01,3.522727272727273e-01,7.938842044964885e-02
4.900568181818182e-01,3.750000000000000e-01,8.141232712669445e-02
4.900568181818182e-01,3.977272727272727e-01,8.297549706989389e-02
4.900568181818182e-01,4.204545454545455e-01,8.425584621756627e-02
4.900568181818182e-01,4.431818181818182e-01,8.525484713483347e-02
4.900568181818182e-01,4.659090909090909e-01,8.591888079283398e-02
4.900568181818182e-01,4.886363636363636e-01,8.619521701366972e-02
4.900568181818182e-01,5.113636363636364e-01,8.619521701366972e-02
4.900568181818182e-01,5.340909090909091e-01,8.591888079283395e-02
4.900568181818182e-01,5.568181818181818e-01,8.525484713483344e-02
4.900568181818182e-01,5.795454545454546e-01,8.425584621756621e-02
4.900568181818182e-01,6.022727272727273e-01,8.297549706989385e-02
4.900568181818182e-01,6.250000000000000e-01,8.141232712669438e-02
4.900568181818182e-01,6.477272727272727e-01,7.938842044964876e-02
4.900568181818182e-01,6.704545454545454e-01,7.706997218396680e-02
4.900568181818182e-01,6.931818181818182e-01,7.445378331187283e-02
4.900568181818182e-01,7.159090909090909e-01,7.147454748008826e-02
4.900568181818182e-01,7.386363636363636e-01,6.805862744001649e-02
4.900568181818182e-01,7.613636363636364e-01,6.432222259001688e-02
4.900568181818182e-01,7.840909090909091e-01,6.026079610782125e-02
4.900568181818182e-01,8.068181818181818e-01,5.573092766146109e-02
4.900568181818182e-01,8.295454545454546e-01,5.078375186874085e-02
4.900568181818182e-01,8.522727272727273e-01,4.548028333883976e-02
4.900568181818182e-01,8.750000000000000e-01,3.981483099494831e-02
4.900568181818182e-01,8.977272727272727e-01,3.354593176480667e-02
4.900568181818182e-01,9.204545454545454e-01,2.688391835908451e-02
4.900568181818182e-01,9.431818181818182e-01,1.982216112278627e-02
4.900568181818182e-01,9.659090909090909e-01,1.226877791080468e-02
4.900568181818182e-01,9.886363636363636e-01,4.118038185202540e-03
5.042613636363636e-01,1.136363636363636e-02,4.142630421972601e-03
5.042613636363636e-01,3.409090909090909e-02,1.234248339662981e-02
5.042613636363636e-01,5.681818181818182e-02,1.994448128627106e-02
5.042613636363636e-01,7.954545454545454e-02,2.705400969032608e-02
5.042613636363636e-01,1.022727272727273e-01,3.376289397034315e-02
5.042613636363636e-01,1.250000000000000e-01,4.007763220228932e-02
5.042613636363636e-01,1.477272727272727e-01,4.578678614150136e-02
5.042613636363636e-01,1.704545454545454e-01,5.113234650902690e-02
5.042613636363636e-01,1.931818181818182e-01,5.611990812001388e-02
5.042613636363636e-01,2.159090909090909e-01,6.068794189042085e-02
5.042613636363636e-01,2.386363636363636e-01,6.478465421353326e-02
5.042613636363636e-01,2.613636363636364e-01,6.855414991925529e-02
5.042613636363636e-01,2.840909090909091e-01,7.200090303165324e-02
5.042613636363636e-01,3.068181818181818e-01,7.500765286522049e-02
5.042613636363636e-01,3.295454545454545e-01,7.764837563139172e-02
5.042613636363636e-01,3.522727272727273e-01,7.998882185450015e-02
5.042613636363636e-01,3.750000000000000e-01,8.203215554327949e-02
5.042613636363636e-01,3.977272727272727e-01,8.361053356831664e-02
5.042613636363636e-01,4.204545454545455e-01,8.490340647639966e-02
5.042613636363636e-01,4.431818181818182e-01,8.591223409856592e-02
5.042613636363636e-01,4.659090909090909e-01,8.658283507349951e-02
5.042613636363636e-01,4.886363636363636e-01,8.686191044728378e-02
5.042613636363636e-01,5.113636363636364e-01,8.686191044728377e-02
5.042613636363636e-01,5.340909090909091e-01,8.658283507349950e-02
5.042613636363636e-01,5.568181818181818e-01,8.591223409856588e-02
5.042613636363636e-01,5.795454545454546e-01,8.490340647639960e-02
5.042613636363636e-01,6.022727272727273e-01,8.361053356831659e-02
5.042613636363636e-01,6.250000000000000e-01,8.203215554327942e-02
5.042613636363636e-01,6.477272727272727e-01,7.998882185450008e-02
5.042613636363636e-01,6.704545454545454e-01,7.764837563139167e-02
5.042613636363636e-01,6.931818181818182e-01,7.500765286522044e-02
5.042613636363636e-01,7.159090909090909e-01,7.200090303165319e-02
5.042613636363636e-01,7.386363636363636e-01,6.855414991925524e-02
5.042613636363636e-01,7.613636363636364e-01,6.478465421353319e-02
5.042613636363636e-01,7.840909090909091e-01,6.068794189042082e-02
5.042613636363636e-01,8.068181818181818e-01,5.611990812001381e-02
5.042613636363636e-01,8.295454545454546e-01,5.113234650902684e-02
5.042613636363636e-01,8.522727272727273e-01,4.578678614150132e-02
5.042613636363636e-01,8.750000000000000e-01,4.007763220228928e-02
5.042613636363636e-01,8.977272727272727e-01,3.376289397034313e-02
5.042613636363636e-01,9.204545454545454e-01,2.705400969032607e-02
5.042613636363636e-01,9.431818181818182e-01,1.994448128627099e-02
5.042613636363636e-01,9.659090909090909e-01,1.234248339662979e-02
5.042613636363636e-01,9.886363636363636e-01,4.142630421972595e-03
5.184659090909091e-01,1.136363636363636e-02,4.162893032666770e-03
5.184659090909091e-01,3.409090909090909e-02,1.240321330232504e-02
5.184659090909091e-01,5.681818181818182e-02,2.004527300225638e-02
5.184659090909091e-01,7.954545454545454e-02,2.719417674209825e-02
5.184659090909091e-01,1.022727272727273e-01,3.394170313647252e-02
5.184659090909091e-01,1.250000000000000e-01,4.029424282178384e-02
5.184659090909091e-01,1.477272727272727e-01,4.603945443691691e-02
5.184659090909091e-01,1.704545454545454e-01,5.141975698305019e-02
5.184659090909091e-01,1.931818181818182e-01,5.644066548688097e-02
5.184659090909091e-01,2.159090909090909e-01,6.104022818800380e-02
5.184659090909091e-01,2.386363636363636e-01,6.516610734397514e-02
5.184659090909091e-01,2.613636363636364e-01,6.896296641286007e-02
5.184659090909091e-01,2.840909090909091e-01,7.243522639715787e-02
5.184659090909091e-01,3.068181818181818e-01,7.546474985379932e-02
5.184659090909091e-01,3.295454545454545e-01,7.812578778701901e-02
5.184659090909091e-01,3.522727272727273e-01,8.048445513223568e-02
5.184659090909091e-01,3.750000000000000e-01,8.254388567712614e-02
5.184659090909091e-01,3.977272727272727e-01,8.413486994203515e-02
5.184659090909091e-01,4.204545454545455e-01,8.543812577109446e-02
5.184659090909091e-01,4.431818181818182e-01,8.645510174209045e-02
5.184659090909091e-01,4.659090909090909e-01,8.713114932342611e-02
5.184659090909091e-01,4.886363636363636e-01,8.741249658395858e-02
5.184659090909091e-01,5.113636363636364e-01,8.741249658395857e-02
5.184659090909091e-01,5.340909090909091e-01,8.713114932342610e-02
5.184659090909091e-01,5.568181818181818e-01,8.645510174209045e-02
5.184659090909091e-01,5.795454545454546e-01,8.543812577109441e-02
5.184659090909091e-01,6.022727272727273e-01,8.413486994203510e-02
5.184659090909091e-01,6.250000000000000e-01,8.254388567712609e-02
5.184659090909091e-01,6.477272727272727e-01,8.048445513223562e-02
5.184659090909091e-01,6.704545454545454e-01,7.812578778701894e-02
5.184659090909091e-01,6.931818181818182e-01,7.546474985379924e-02
5.184659090909091e-01,7.159090909090909e-01,7.243522639715780e-02
5.184659090909091e-01,7.386363636363636e-01,6.896296641286001e-02
5.184659090909091e-01,7.613636363636364e-01,6.516610734397509e-02
5.184659090909091e-01,7.840909090909091e-01,6.104022818800371e-02
5.184659090909091e-01,8.068181818181818e-01,5.644066548688093e-02
5.184659090909091e-01,8.295454545454546e-01,5.141975698305017e-02
5.184659090909091e-01,8.522727272727273e-01,4.603945443691686e-02
5.184659090909091e-01,8.750000000000000e-01,4.029424282178380e-02
5.184659090909091e-01,8.977272727272727e-01,3.394170313647248e-02
5.184659090909091e-01,9.204545454545454e-01,2.719417674209820e-02
5.184659090909091e-01,9.431818181818182e-01,2.004527300225635e-02
5.184659090909091e-01,9.659090909090909e-01,1.240321330232498e-02
5.184659090909091e-01,9.886363636363636e-01,4.162893032666806e-03
5.326704545454546e-01,1.136363636363636e-02,4.182560493305778e-03
5.326704545454546e-01,3.409090909090909e-02,1.246215950953246e-02
5.326704545454546e-01,5.681818181818182e-02,2.014310473306501e-02
5.326704545454546e-01,7.954545454545454e-02,2.733022825129356e-02
5.326704545454546e-01,1.022727272727273e-01,3.411526330864253e-02
5.326704545454546e-01,1.250000000000000e-01,4.050449632302779e-02
5.326704545454546e-01,1.477272727272727e-01,4.628470986558517e-02
5.326704545454546e-01,1.704545454545454e-01,5.169873820939257e-02
5.326704545454546e-01,1.931818181818182e-01,5.675201890611732e-02
5.326704545454546e-01,2.159090909090909e-01,6.138219001934394e-02
5.326704545454546e-01,2.386363636363636e-01,6.553638558109263e-02
5.326704545454546e-01,2.613636363636364e-01,6.935981090821094e-02
5.326704545454546e-01,2.840909090909091e-01,7.285683545354346e-02
5.326704545454546e-01,3.068181818181818e-01,7.590847061731018e-02
5.326704545454546e-01,3.295454545454545e-01,7.858923381907872e-02
5.326704545454546e-01,3.522727272727273e-01,8.096559359311076e-02
5.326704545454546e-01,3.750000000000000e-01,8.304065429980324e-02
5.326704545454546e-01,3.977272727272727e-01,8.464387966580894e-02
5.326704545454546e-01,4.204545454545455e-01,8.595721779714960e-02
5.326704545454546e-01,4.431818181818182e-01,8.698210629609206e-02
5.326704545454546e-01,4.659090909090909e-01,8.766344292023691e-02
5.326704545454546e-01,4.886363636363636e-01,8.794699635639255e-02
5.326704545454546e-01,5.113636363636364e-01,8.794699635639254e-02
5.326704545454546e-01,5.340909090909091e-01,8.766344292023688e-02
5.326704545454546e-01,5.568181818181818e-01,8.698210629609206e-02
5.326704545454546e-01,5.795454545454546e-01,8.595721779714958e-02
5.326704545454546e-01,6.022727272727273e-01,8.464387966580891e-02
5.326704545454546e-01,6.250000000000000e-01,8.304065429980322e-02
5.326704545454546e-01,6.477272727272727e-01,8.096559359311072e-02
5.326704545454546e-01,6.704545454545454e-01,7.858923381907865e-02
5.326704545454546e-01,6.931818181818182e-01,7.590847061731010e-02
5.326704545454546e-01,7.159090909090909e-01,7.285683545354341e-02
5.326704545454546e-01,7.386363636363636e-01,6.935981090821092e-02
5.326704545454546e-01,7.613636363636364e-01,6.553638558109261e-02
5.326704545454546e-01,7.840909090909091e-01,6.138219001934389e-02
5.326704545454546e-01,8.068181818181818e-01,5.675201890611727e-02
5.326704545454546e-01,8.295454545454546e-01,5.169873820939253e-02
5.326704545454546e-01,8.522727272727273e-01,4.628470986558512e-02
5.326704545454546e-01,8.750000000000000e-01,4.050449632302775e-02
5.326704545454546e-01,8.977272727272727e-01,3.411526330864250e-02
5.326704545454546e-01,9.204545454545454e-01,2.733022825129353e-02
5.326704545454546e-01,9.431818181818182e-01,2.014310473306498e-02
5.326704545454546e-01,9.659090909090909e-01,1.246215950953244e-02
5.326704545454546e-01,9.886363636363636e-01,4.182560493305814e-03
5.468750000000000e-01,1.136363636363636e-02,4.196871603448331e-03
5.468750000000000e-01,3.409090909090909e-02,1.250505243034962e-02
5.468750000000000e-01,5.681818181818182e-02,2.021429659728329e-02
5.468750000000000e-01,7.954545454545454e-02,2.742923987729715e-02
5.468750000000000e-01,1.022727272727273e-01,3.424158253517849e-02
5.468750000000000e-01,1.250000000000000e-01,4.065753576001664e-02
5.468750000000000e-01,1.477272727272727e-01,4.646324949352795e-02
5.468750000000000e-01,1.704545454545454e-01,5.190185620660684e-02
5.468750000000000e-01,1.931818181818182e-01,5.697873679667691e-02
5.468750000000000e-01,2.159090909090909e-01,6.163123165449889e-02
5.468750000000000e-01,2.386363636363636e-01,6.580608977829050e-02
5.468750000000000e-01,2.613636363636364e-01,6.964890741927676e-02
5.468750000000000e-01,2.840909090909091e-01,7.316401572785786e-02
5.468750000000000e-01,3.068181818181818e-01,7.623180535520943e-02
5.468750000000000e-01,3.295454545454545e-01,7.892698473903041e-02
5.468750000000000e-01,3.522727272727273e-01,8.131627870224187e-02
5.468750000000000e-01,3.750000000000000e-01,8.340276932195440e-02
5.468750000000000e-01,3.977272727272727e-01,8.501494954008040e-02
5.468750000000000e-01,4.204545454545455e-01,8.633566440544813e-02
5.468750000000000e-01,4.431818181818182e-01,8.736634304438719e-02
5.468750000000000e-01,4.659090909090909e-01,8.805155063900522e-02
5.468750000000000e-01,4.886363636363636e-01,8.833671885065900e-02
5.468750000000000e-01,5.113636363636364e-01,8.833671885065901e-02
5.468750000000000e-01,5.340909090909091e-01,8.805155063900522e-02
5.468750000000000e-01,5.568181818181818e-01,8.736634304438717e-02
5.468750000000000e-01,5.795454545454546e-01,8.633566440544810e-02
5.468750000000000e-01,6.022727272727273e-01,8.501494954008038e-02
5.468750000000000e-01,6.250000000000000e-01,8.340276932195437e-02
5.468750000000000e-01,6.477272727272727e-01,8.131627870224181e-02
5.468750000000000e-01,6.704545454545454e-01,7.892698473903036e-02
5.468750000000000e-01,6.931818181818182e-01,7.623180535520933e-02
5.468750000000000e-01,7.159090909090909e-01,7.316401572785780e-02
5.468750000000000e-01,7.386363636363636e-01,6.964890741927672e-02
5.468750000000000e-01,7.613636363636364e-01,6.580608977829042e-02
5.468750000000000e-01,7.840909090909091e-01,6.163123165449884e-02
5.468750000000000e-01,8.068181818181818e-01,5.697873679667686e-02
5.468750000000000e-01,8.295454545454546e-01,5.190185620660678e-02
5.468750000000000e-01,8.522727272727273e-01,4.646324949352790e-02
5.468750000000000e-01,8.750000000000000e-01,4.065753576001659e-02
5.468750000000000e-01,8.977272727272727e-01,3.424158253517844e-02
5.468750000000000e-01,9.204545454545454e-01,2.742923987729712e-02
5.468750000000000e-01,9.431818181818182e-01,2.021429659728321e-02
5.468750000000000e-01,9.659090909090909e-01,1.250505243034964e-02
5.468750000000000e-01,9.886363636363636e-01,4.196871603448324e-03
5.610795454545454e-01,1.136363636363636e-02,4.211182713590883e-03
5.610795454545454e-01,3.409090909090909e-02,1.254794535116678e-02
5.610795454545454e-01,5.681818181818182e-02,2.028548846150157e-02
5.610795454545454e-01,7.954545454545454e-02,2.752825150330073e-02
5.610795454545454e-01,1.022727272727273e-01,3.436790176171444e-02
5.610795454545454e-01,1.250000000000000e-01,4.081057519700548e-02
5.610795454545454e-01,1.477272727272727e-01,4.664178912147075e-02
5.610795454545454e-01,1.704545454545454e-01,5.210497420382109e-02
5.610795454545454e-01,1.931818181818182e-01,5.720545468723651e-02
5.610795454545454e-01,2.159090909090909e-01,6.188027328965385e-02
5.610795454545454e-01,2.386363636363636e-01,6.607579397548835e-02
5.610795454545454e-01,2.613636363636364e-01,6.993800393034258e-02
5.610795454545454e-01,2.840909090909091e-01,7.347119600217225e-02
5.610795454545454e-01,3.068181818181818e-01,7.655514009310865e-02
5.610795454545454e-01,3.295454545454545e-01,7.926473565898211e-02
5.610795454545454e-01,3.522727272727273e-01,8.166696381137295e-02
5.610795454545454e-01,3.750000000000000e-01,8.376488434410555e-02
5.610795454545454e-01,3.977272727272727e-01,8.538601941435189e-02
5.610795454545454e-01,4.204545454545455e-01,8.671411101374664e-02
5.610795454545454e-01,4.431818181818182e-01,8.775057979268230e-02
5.610795454545454e-01,4.659090909090909e-01,8.843965835777354e-02
5.610795454545454e-01,4.886363636363636e-01,8.872644134492547e-02
5.610795454545454e-01,5.113636363636364e-01,8.872644134492547e-02
5.610795454545454e-01,5.340909090909091e-01,8.843965835777354e-02
5.610795454545454e-01,5.568181818181818e-01,8.775057979268230e-02
5.610795454545454e-01,5.795454545454546e-01,8.671411101374663e-02
5.610795454545454e-01,6.022727272727273e-01,8.538601941435185e-02
5.610795454545454e-01,6.250000000000000e-01,8.376488434410551e-02
5.610795454545454e-01,6.477272727272727e-01,8.166696381137292e-02
5.610795454545454e-01,6.704545454545454e-01,7.926473565898208e-02
5.610795454545454e-01,6.931818181818182e-01,7.655514009310861e-02
5.610795454545454e-01,7.159090909090909e-01,7.347119600217218e-02
5.610795454545454e-01,7.386363636363636e-01,6.993800393034257e-02
5.610795454545454e-01,7.613636363636364e-01,6.607579397548831e-02
5.610795454545454e-01,7.840909090909091e-01,6.188027328965379e-02
5.610795454545454e-01,8.068181818181818e-01,5.720545468723646e-02
5.610795454545454e-01,8.295454545454546e-01,5.210497420382100e-02
5.610795454545454e-01,8.522727272727273e-01,4.664178912147067e-02
5.610795454545454e-01,8.750000000000000e-01,4.081057519700543e-02
5.610795454545454e-01,8.977272727272727e-01,3.436790176171441e-02
5.610795454545454e-01,9.204545454545454e-01,2.752825150330070e-02
5.610795454545454e-01,9.431818181818182e-01,2.028548846150153e-02
5.610795454545454e-01,9.659090909090909e-01,1.254794535116675e-02
5.610795454545454e-01,9.886363636363636e-01,4.211182713590876e-03
5.752840909090909e-01,1.136363636363636e-02,4.220284124639922e-03
5.752840909090909e-01,3.409090909090909e-02,1.257522405719864e-02
5.752840909090909e-01,5.681818181818182e-02,2.033076577270946e-02
5.752840909090909e-01,7.954545454545454e-02,2.759122461627327e-02
5.752840909090909e-01,1.022727272727273e-01,3.444824691414606e-02
5.752840909090909e-01,1.250000000000000e-01,4.090792100917102e-02
5.752840909090909e-01,1.477272727272727e-01,4.675536368627242e-02
5.752840909090909e-01,1.704545454545454e-01,5.223419379065283e-02
5.752840909090909e-01,1.931818181818182e-01,5.734969943526795e-02
5.752840909090909e-01,2.159090909090909e-01,6.203873433148487e-02
5.752840909090909e-01,2.386363636363636e-01,6.624741734032689e-02
5.752840909090909e-01,2.613636363636364e-01,7.012198301719140e-02
5.752840909090909e-01,2.840909090909091e-01,7.366669955701910e-02
5.752840909090909e-01,3.068181818181818e-01,7.676094157405694e-02
5.752840909090909e-01,3.295454545454545e-01,7.947972893684924e-02
5.752840909090909e-01,3.522727272727273e-01,8.189020536293772e-02
5.752840909090909e-01,3.750000000000000e-01,8.399541614687842e-02
5.752840909090909e-01,3.977272727272727e-01,8.562226405825496e-02
5.752840909090909e-01,4.204545454545455e-01,8.695506215065316e-02
5.752840909090909e-01,4.431818181818182e-01,8.799522549755809e-02
5.752840909090909e-01,4.659090909090909e-01,8.868677428214408e-02
5.752840909090909e-01,4.886363636363636e-01,8.897458776290462e-02
5.752840909090909e-01,5.113636363636364e-01,8.897458776290462e-02
5.752840909090909e-01,5.340909090909091e-01,8.868677428214408e-02
5.752840909090909e-01,5.568181818181818e-01,8.799522549755807e-02
5.752840909090909e-01,5.795454545454546e-01,8.695506215065316e-02
5.752840909090909e-01,6.022727272727273e-01,8.562226405825493e-02
5.752840909090909e-01,6.250000000000000e-01,8.399541614687837e-02
5.752840909090909e-01,6.477272727272727e-01,8.189020536293769e-02
5.752840909090909e-01,6.704545454545454e-01,7.947972893684921e-02
5.752840909090909e-01,6.931818181818182e-01,7.676094157405687e-02
5.752840909090909e-01,7.159090909090909e-01,7.366669955701904e-02
5.752840909090909e-01,7.386363636363636e-01,7.012198301719134e-02
5.752840909090909e-01,7.613636363636364e-01,6.624741734032684e-02
5.752840909090909e-01,7.840909090909091e-01,6.203873433148478e-02
5.752840909090909e-01,8.068181818181818e-01,5.734969943526790e-02
5.752840909090909e-01,8.295454545454546e-01,5.223419379065276e-02
5.752840909090909e-01,8.522727272727273e-01,4.675536368627235e-02
5.752840909090909e-01,8.750000000000000e-01,4.090792100917096e-02
5.752840909090909e-01,8.977272727272727e-01,3.444824691414599e-02
5.752840909090909e-01,9.204545454545454e-01,2.759122461627322e-02
5.752840909090909e-01,9.431818181818182e-01,2.033076577270941e-02
5.752840909090909e-01,9.659090909090909e-01,1.257522405719858e-02
5.752840909090909e-01,9.886363636363636e-01,4.220284124639873e-03
5.894886363636364e-01,1.136363636363636e-02,4.228806680234126e-03
5.894886363636364e-01,3.409090909090909e-02,1.260076785047657e-02
5.894886363636364e-01,5.681818181818182e-02,2.037316368913841e-02
5.894886363636364e-01,7.954545454545454e-02,2.765019345002012e-02
5.894886363636364e-01,1.022727272727273e-01,3.452348383612162e-02
5.894886363636364e-01,1.250000000000000e-01,4.099907864080064e-02
5.894886363636364e-01,1.477272727272727e-01,4.686171991072507e-02
5.894886363636364e-01,1.704545454545454e-01,5.235520244299764e-02
5.894886363636364e-01,1.931818181818182e-01,5.748478050079628e-02
5.894886363636364e-01,2.159090909090909e-01,6.218713086294658e-02
5.894886363636364e-01,2.386363636363636e-01,6.640814283490330e-02
5.894886363636364e-01,2.613636363636364e-01,7.029428239023831e-02
5.894886363636364e-01,2.840909090909091e-01,7.384979458748069e-02
5.894886363636364e-01,3.068181818181818e-01,7.695368380423288e-02
5.894886363636364e-01,3.295454545454545e-01,7.968108247670698e-02
5.894886363636364e-01,3.522727272727273e-01,8.209928651921732e-02
5.894886363636364e-01,3.750000000000000e-01,8.421132759194257e-02
5.894886363636364e-01,3.977272727272727e-01,8.584352812100599e-02
5.894886363636364e-01,4.204545454545455e-01,8.718073601296060e-02
5.894886363636364e-01,4.431818181818182e-01,8.822436108649837e-02
5.894886363636364e-01,4.659090909090909e-01,8.891822445158155e-02
5.894886363636364e-01,4.886363636363636e-01,8.920700350574073e-02
5.894886363636364e-01,5.113636363636364e-01,8.920700350574073e-02
5.894886363636364e-01,5.340909090909091e-01,8.891822445158155e-02
5.894886363636364e-01,5.568181818181818e-01,8.822436108649835e-02
5.894886363636364e-01,5.795454545454546e-01,8.718073601296057e-02
5.894886363636364e-01,6.022727272727273e-01,8.584352812100597e-02
5.894886363636364e-01,6.250000000000000e-01,8.421132759194254e-02
5.894886363636364e-01,6.477272727272727e-01,8.209928651921730e-02
5.894886363636364e-01,6.704545454545454e-01,7.968108247670695e-02
5.894886363636364e-01,6.931818181818182e-01,7.695368380423284e-02
5.894886363636364e-01,7.159090909090909e-01,7.384979458748059e-02
5.894886363636364e-01,7.386363636363636e-01,7.029428239023824e-02
5.894886363636364e-01,7.613636363636364e-01,6.640814283490323e-02
5.894886363636364e-01,7.840909090909091e-01,6.218713086294648e-02
5.894886363636364e-01,8.068181818181818e-01,5.748478050079620e-02
5.894886363636364e-01,8.295454545454546e-01,5.235520244299756e-02
5.894886363636364e-01,8.522727272727273e-01,4.686171991072501e-02
5.894886363636364e-01,8.750000000000000e-01,4.099907864080057e-02
5.894886363636364e-01,8.977272727272727e-01,3.452348383612160e-02
5.894886363636364e-01,9.204545454545454e-01,2.765019345002005e-02
5.894886363636364e-01,9.431818181818182e-01,2.037316368913833e-02
5.894886363636364e-01,9.659090909090909e-01,1.260076785047656e-02
5.894886363636364e-01,9.886363636363636e-01,4.228806680234120e-03
6.036931818181818e-01,1.136363636363636e-02,4.233344615905138e-03
6.036931818181818e-01,3.409090909090909e-02,1.261436896742334e-02
6.036931818181818e-01,5.681818181818182e-02,2.039573915689705e-02
6.036931818181818e-01,7.954545454545454e-02,2.768159271675118e-02
6.036931818181818e-01,1.022727272727273e-01,3.456354590343396e-02
6.036931818181818e-01,1.250000000000000e-01,4.104761881795312e-02
6.036931818181818e-01,1.477272727272727e-01,4.691835420150087e-02
6.036931818181818e-01,1.704545454545454e-01,5.241964035412546e-02
6.036931818181818e-01,1.931818181818182e-01,5.755671350294735e-02
6.036931818181818e-01,2.159090909090909e-01,6.226615625602269e-02
6.036931818181818e-01,2.386363636363636e-01,6.649373566069701e-02
6.036931818181818e-01,2.613636363636364e-01,7.038604075322157e-02
6.036931818181818e-01,2.840909090909091e-01,7.394730423577825e-02
6.036931818181818e-01,3.068181818181818e-01,7.705633328520736e-02
6.036931818181818e-01,3.295454545454545e-01,7.978832013969767e-02
6.036931818181818e-01,3.522727272727273e-01,8.221064170305345e-02
6.036931818181818e-01,3.750000000000000e-01,8.432632233392884e-02
6.036931818181818e-01,3.977272727272727e-01,8.596137519392105e-02
6.036931818181818e-01,4.204545454545455e-01,8.730093305776801e-02
6.036931818181818e-01,4.431818181818182e-01,8.834640292228184e-02
6.036931818181818e-01,4.659090909090909e-01,8.904149978185771e-02
6.036931818181818e-01,4.886363636363636e-01,8.933079341814104e-02
6.036931818181818e-01,5.113636363636364e-01,8.933079341814104e-02
6.036931818181818e-01,5.340909090909091e-01,8.904149978185774e-02
6.036931818181818e-01,5.568181818181818e-01,8.834640292228182e-02
6.036931818181818e-01,5.795454545454546e-01,8.730093305776800e-02
6.036931818181818e-01,6.022727272727273e-01,8.596137519392104e-02
6.036931818181818e-01,6.250000000000000e-01,8.432632233392882e-02
6.036931818181818e-01,6.477272727272727e-01,8.221064170305342e-02
6.036931818181818e-01,6.704545454545454e-01,7.978832013969764e-02
6.036931818181818e-01,6.931818181818182e-01,7.705633328520731e-02
6.036931818181818e-01,7.159090909090909e-01,7.394730423577818e-02
6.036931818181818e-01,7.386363636363636e-01,7.038604075322148e-02
6.036931818181818e-01,7.613636363636364e-01,6.649373566069694e-02
6.036931818181818e-01,7.840909090909091e-01,6.226615625602260e-02
6.036931818181818e-01,8.068181818181818e-01,5.755671350294730e-02
6.036931818181818e-01,8.295454545454546e-01,5.241964035412539e-02
6.036931818181818e-01,8.522727272727273e-01,4.691835420150078e-02
6.036931818181818e-01,8.750000000000000e-01,4.104761881795305e-02
6.036931818181818e-01,8.977272727272727e-01,3.456354590343389e-02
6.036931818181818e-01,9.204545454545454e-01,2.768159271675114e-02
6.036931818181818e-01,9.431818181818182e-01,2.039573915689699e-02
6.036931818181818e-01,9.659090909090909e-01,1.261436896742335e-02
6.036931818181818e-01,9.886363636363636e-01,4.233344615905170e-03
6.178977272727273e-01,1.136363636363636e-02,4.236174857323354e-03
6.178977272727273e-01,3.409090909090909e-02,1.262285179451389e-02
6.178977272727273e-01,5.681818181818182e-02,2.040981928951126e-02
6.178977272727273e-01,7.954545454545454e-02,2.770117645476119e-02
6.178977272727273e-01,1.022727272727273e-01,3.458853303303348e-02
6.178977272727273e-01,1.250000000000000e-01,4.107789437175827e-02
6.178977272727273e-01,1.477272727272727e-01,4.695367909212941e-02
6.178977272727273e-01,1.704545454545454e-01,5.245983366187461e-02
6.178977272727273e-01,1.931818181818182e-01,5.760158304936531e-02
6.178977272727273e-01,2.159090909090909e-01,6.231545116121926e-02
6.178977272727273e-01,2.386363636363636e-01,6.654712877129815e-02
6.178977272727273e-01,2.613636363636364e-01,7.044328154046323e-02
6.178977272727273e-01,2.840909090909091e-01,7.400813443457699e-02
6.178977272727273e-01,3.068181818181818e-01,7.712037158795265e-02
6.178977272727273e-01,3.295454545454545e-01,7.985522242688818e-02
6.178977272727273e-01,3.522727272727273e-01,8.228011432727096e-02
6.178977272727273e-01,3.750000000000000e-01,8.439806706031032e-02
6.178977272727273e-01,3.977272727272727e-01,8.603490069976358e-02
6.178977272727273e-01,4.204545454545455e-01,8.737592575221831e-02
6.178977272727273e-01,4.431818181818182e-01,8.842254743528380e-02
6.178977272727273e-01,4.659090909090909e-01,8.911841446677905e-02
6.178977272727273e-01,4.886363636363636e-01,8.940802940321174e-02
6.178977272727273e-01,5.113636363636364e-01,8.940802940321174e-02
6.178977272727273e-01,5.340909090909091e-01,8.911841446677904e-02
6.178977272727273e-01,5.568181818181818e-01,8.842254743528380e-02
6.178977272727273e-01,5.795454545454546e-01,8.737592575221829e-02
6.178977272727273e-01,6.022727272727273e-01,8.603490069976356e-02
6.178977272727273e-01,6.250000000000000e-01,8.439806706031029e-02
6.178977272727273e-01,6.477272727272727e-01,8.228011432727095e-02
6.178977272727273e-01,6.704545454545454e-01,7.985522242688815e-02
6.178977272727273e-01,6.931818181818182e-01,7.712037158795258e-02
6.178977272727273e-01,7.159090909090909e-01,7.400813443457688e-02
6.178977272727273e-01,7.386363636363636e-01,7.044328154046316e-02
6.178977272727273e-01,7.613636363636364e-01,6.654712877129805e-02
6.178977272727273e-01,7.840909090909091e-01,6.231545116121916e-02
6.178977272727273e-01,8.068181818181818e-01,5.760158304936523e-02
6.178977272727273e-01,8.295454545454546e-01,5.245983366187450e-02
6.178977272727273e-01,8.522727272727273e-01,4.695367909212932e-02
6.178977272727273e-01,8.750000000000000e-01,4.107789437175817e-02
6.178977272727273e-01,8.977272727272727e-01,3.458853303303343e-02
6.178977272727273e-01,9.204545454545454e-01,2.770117645476113e-02
6.178977272727273e-01,9.431818181818182e-01,2.040981928951115e-02
6.178977272727273e-01,9.659090909090909e-01,1.262285179451385e-02
6.178977272727273e-01,9.886363636363636e-01,4.236174857323297e-03
