x,y,u
0.007102272727272727,0.011363636363636364,0.0
0.02130681818181818,0.011363636363636364,0.0
0.03551136363636364,0.011363636363636364,0.0
0.04971590909090909,0.011363636363636364,0.0
0.06392045454545454,0.011363636363636364,0.0
0.078125,0.011363636363636364,0.0
0.09232954545454546,0.011363636363636364,0.0
0.10653409090909091,0.011363636363636364,0.0
0.12073863636363637,0.011363636363636364,8.02696601197195e-05
0.13494318181818182,0.011363636363636364,0.00018729587361267908
0.14914772727272727,0.011363636363636364,0.0004548614073450774
0.16335227272727273,0.011363636363636364,0.0007224269410774762
0.17755681818181818,0.011363636363636364,0.0009899924748098747
0.19176136363636365,0.011363636363636364,0.0012575580085422734
0.2059659090909091,0.011363636363636364,0.0015251235422746718
0.22017045454545456,0.011363636363636364,0.0017926890760070707
0.234375,0.011363636363636364,0.002060254609739469
0.24857954545454544,0.011363636363636364,0.00021434312603931508
0.2627840909090909,0.011363636363636364,0.00024342527183972436
0.27698863636363635,0.011363636363636364,0.0005138977961060856
0.2911931818181818,0.011363636363636364,0.0007843703203724468
0.3053977272727273,0.011363636363636364,0.001054842844638808
0.3196022727272727,0.011363636363636364,0.0013253153689051682
0.3338068181818182,0.011363636363636364,0.0015957878931715293
0.34801136363636365,0.011363636363636364,0.0018662604174378907
0.3622159090909091,0.011363636363636364,0.002136732941704252
0.37642045454545453,0.011363636363636364,1.4135443745984918e-05
0.390625,0.011363636363636364,0.00015548988120583576
0.40482954545454547,0.011363636363636364,0.0002968443186656866
0.4190340909090909,0.011363636363636364,0.0004381987561255369
0.43323863636363635,0.011363636363636364,0.0005795531935853877
0.4474431818181818,0.011363636363636364,0.0007209076310452385
0.4616477272727273,0.011363636363636364,0.0008622620685050894
0.4758522727272727,0.011363636363636364,0.0010036165059649398
0.4900568181818182,0.011363636363636364,2.075827486163125e-05
0.5042613636363636,0.011363636363636364,2.8383561924198176e-06
0.5184659090909091,0.011363636363636364,1.2299543500485826e-05
0.5326704545454546,0.011363636363636364,2.176073080855191e-05
0.546875,0.011363636363636364,3.122191811661792e-05
0.5610795454545454,0.011363636363636364,4.0683105424683926e-05
0.5752840909090909,0.011363636363636364,5.0144292732750014e-05
0.5894886363636364,0.011363636363636364,5.960548004081602e-05
0.6036931818181818,0.011363636363636364,6.906666734888203e-05
0.6178977272727273,0.011363636363636364,3.083570597295347e-07
0.007102272727272727,0.03409090909090909,0.0
0.02130681818181818,0.03409090909090909,0.0
0.03551136363636364,0.03409090909090909,0.0
0.04971590909090909,0.03409090909090909,0.0
0.06392045454545454,0.03409090909090909,0.0
0.078125,0.03409090909090909,0.0
0.09232954545454546,0.03409090909090909,0.0006154007275845167
0.10653409090909091,0.03409090909090909,0.00034783519385211807
0.12073863636363637,0.03409090909090909,8.02696601197195e-05
0.13494318181818182,0.03409090909090909,0.00018729587361267908
0.14914772727272727,0.03409090909090909,0.0004548614073450774
0.16335227272727273,0.03409090909090909,0.0007224269410774762
0.17755681818181818,0.03409090909090909,0.0009899924748098747
0.19176136363636365,0.03409090909090909,0.0012575580085422734
0.2059659090909091,0.03409090909090909,0.0015251235422746718
0.22017045454545456,0.03409090909090909,0.0006482619610790775
0.234375,0.03409090909090909,0.0006453549705451151
0.24857954545454544,0.03409090909090909,0.0006424479800111527
0.2627840909090909,0.03409090909090909,0.00024342527183972436
0.27698863636363635,0.03409090909090909,0.0005138977961060856
0.2911931818181818,0.03409090909090909,0.0007843703203724468
0.3053977272727273,0.03409090909090909,0.001054842844638808
0.3196022727272727,0.03409090909090909,0.0013253153689051682
0.3338068181818182,0.03409090909090909,0.0015957878931715293
0.34801136363636365,0.03409090909090909,0.00040380969330689685
0.3622159090909091,0.03409090909090909,0.0005329277801134072
0.37642045454545453,0.03409090909090909,1.4135443745984918e-05
0.390625,0.03409090909090909,0.00015548988120583576
0.40482954545454547,0.03409090909090909,0.0002968443186656866
0.4190340909090909,0.03409090909090909,0.0004381987561255369
0.43323863636363635,0.03409090909090909,0.0005795531935853877
0.4474431818181818,0.03409090909090909,0.0007209076310452385
0.4616477272727273,0.03409090909090909,0.0008622620685050894
0.4758522727272727,0.03409090909090909,0.00011503212464560753
0.4900568181818182,0.03409090909090909,0.00024692537479739234
0.5042613636363636,0.03409090909090909,2.8383561924198176e-06
0.5184659090909091,0.03409090909090909,1.2299543500485826e-05
0.5326704545454546,0.03409090909090909,2.176073080855191e-05
0.546875,0.03409090909090909,3.122191811661792e-05
0.5610795454545454,0.03409090909090909,4.0683105424683926e-05
0.5752840909090909,0.03409090909090909,5.0144292732750014e-05
0.5894886363636364,0.03409090909090909,5.960548004081602e-05
0.6036931818181818,0.03409090909090909,9.25071179188489e-07
0.6178977272727273,0.03409090909090909,1.5446256752635192e-05
0.007102272727272727,0.056818181818181816,0.0
0.02130681818181818,0.056818181818181816,0.0
0.03551136363636364,0.056818181818181816,0.0
0.04971590909090909,0.056818181818181816,0.0
0.06392045454545454,0.056818181818181816,0.0
0.078125,0.056818181818181816,0.0008829662613169153
0.09232954545454546,0.056818181818181816,0.0006154007275845167
0.10653409090909091,0.056818181818181816,0.00034783519385211807
0.12073863636363637,0.056818181818181816,8.02696601197195e-05
0.13494318181818182,0.056818181818181816,0.00018729587361267908
0.14914772727272727,0.056818181818181816,0.0004548614073450774
0.16335227272727273,0.056818181818181816,0.0007224269410774762
0.17755681818181818,0.056818181818181816,0.0009899924748098747
0.19176136363636365,0.056818181818181816,0.0012575580085422734
0.2059659090909091,0.056818181818181816,0.0010792738055848776
0.22017045454545456,0.056818181818181816,0.0010763668150509153
0.234375,0.056818181818181816,0.0010734598245169527
0.24857954545454544,0.056818181818181816,0.0010705528339829905
0.2627840909090909,0.056818181818181816,0.00024342527183972436
0.27698863636363635,0.056818181818181816,0.0005138977961060856
0.2911931818181818,0.056818181818181816,0.0007843703203724468
0.3053977272727273,0.056818181818181816,0.001054842844638808
0.3196022727272727,0.056818181818181816,0.0005783295585200536
0.3338068181818182,0.056818181818181816,0.000707447645326564
0.34801136363636365,0.056818181818181816,0.0008365657321330744
0.3622159090909091,0.056818181818181816,0.0009656838189395846
0.37642045454545453,0.056818181818181816,1.4135443745984918e-05
0.390625,0.056818181818181816,0.00015548988120583576
0.40482954545454547,0.056818181818181816,0.0002968443186656866
0.4190340909090909,0.056818181818181816,0.0004381987561255369
0.43323863636363635,0.056818181818181816,0.0005795531935853877
0.4474431818181818,0.056818181818181816,7.741272427779957e-05
0.4616477272727273,0.056818181818181816,0.00020930597442958437
0.4758522727272727,0.056818181818181816,0.0003411992245813687
0.4900568181818182,0.056818181818181816,0.00047309247473315344
0.5042613636363636,0.056818181818181816,2.8383561924198176e-06
0.5184659090909091,0.056818181818181816,1.2299543500485826e-05
0.5326704545454546,0.056818181818181816,2.176073080855191e-05
0.546875,0.056818181818181816,3.122191811661792e-05
0.5610795454545454,0.056818181818181816,4.0683105424683926e-05
0.5752840909090909,0.056818181818181816,-1.2979400274799033e-05
0.5894886363636364,0.056818181818181816,1.5417852986475576e-06
0.6036931818181818,0.056818181818181816,1.6062970872094148e-05
0.6178977272727273,0.056818181818181816,3.058415644554085e-05
0.007102272727272727,0.07954545454545454,0.0
0.02130681818181818,0.07954545454545454,0.0
0.03551136363636364,0.07954545454545454,0.0
0.04971590909090909,0.07954545454545454,0.0014180973287817125
0.06392045454545454,0.07954545454545454,0.001150531795049314
0.078125,0.07954545454545454,0.0008829662613169153
0.09232954545454546,0.07954545454545454,0.0006154007275845167
0.10653409090909091,0.07954545454545454,0.00034783519385211807
0.12073863636363637,0.07954545454545454,8.02696601197195e-05
0.13494318181818182,0.07954545454545454,0.00018729587361267908
0.14914772727272727,0.07954545454545454,0.0004548614073450774
0.16335227272727273,0.07954545454545454,0.0007224269410774762
0.17755681818181818,0.07954545454545454,0.0015131926406246402
0.19176136363636365,0.07954545454545454,0.0015102856500906776
0.2059659090909091,0.07954545454545454,0.0015073786595567154
0.22017045454545456,0.07954545454545454,0.0015044716690227528
0.234375,0.07954545454545454,0.0015015646784887905
0.24857954545454544,0.07954545454545454,0.0014986576879548281
0.2627840909090909,0.07954545454545454,0.00024342527183972436
0.27698863636363635,0.07954545454545454,0.0005138977961060856
0.2911931818181818,0.07954545454545454,0.0007843703203724468
0.3053977272727273,0.07954545454545454,0.0008819675105397212
0.3196022727272727,0.07954545454545454,0.0010110855973462312
0.3338068181818182,0.07954545454545454,0.0011402036841527414
0.34801136363636365,0.07954545454545454,0.0012693217709592516
0.3622159090909091,0.07954545454545454,0.0013984398577657623
0.37642045454545453,0.07954545454545454,1.4135443745984918e-05
0.390625,0.07954545454545454,0.00015548988120583576
0.40482954545454547,0.07954545454545454,0.0002968443186656866
0.4190340909090909,0.07954545454545454,0.0004381987561255369
0.43323863636363635,0.07954545454545454,0.0001716865740617759
0.4474431818181818,0.07954545454545454,0.0003035798242135607
0.4616477272727273,0.07954545454545454,0.00043547307436534545
0.4758522727272727,0.07954545454545454,0.0005673663245171298
0.4900568181818182,0.07954545454545454,0.0006992595746689145
0.5042613636363636,0.07954545454545454,2.8383561924198176e-06
0.5184659090909091,0.07954545454545454,1.2299543500485826e-05
0.5326704545454546,0.07954545454545454,2.176073080855191e-05
0.546875,0.07954545454545454,-2.6883871728786666e-05
0.5610795454545454,0.07954545454545454,-1.2362686155340074e-05
0.5752840909090909,0.07954545454545454,2.158499418106627e-06
0.5894886363636364,0.07954545454545454,1.667968499155322e-05
0.6036931818181818,0.07954545454545454,3.12008705649998e-05
0.6178977272727273,0.07954545454545454,4.572205613844651e-05
0.007102272727272727,0.10227272727272728,0.0
0.02130681818181818,0.10227272727272728,0.0
0.03551136363636364,0.10227272727272728,0.0016856628625141108
0.04971590909090909,0.10227272727272728,0.0014180973287817125
0.06392045454545454,0.10227272727272728,0.001150531795049314
0.078125,0.10227272727272728,0.0008829662613169153
0.09232954545454546,0.10227272727272728,0.0006154007275845167
0.10653409090909091,0.10227272727272728,0.00034783519385211807
0.12073863636363637,0.10227272727272728,8.02696601197195e-05
0.13494318181818182,0.10227272727272728,0.00018729587361267908
0.14914772727272727,0.10227272727272728,0.0019471114756644025
0.16335227272727273,0.10227272727272728,0.0019442044851304403
0.17755681818181818,0.10227272727272728,0.0019412974945964777
0.19176136363636365,0.10227272727272728,0.0019383905040625154
0.2059659090909091,0.10227272727272728,0.001935483513528553
0.22017045454545456,0.10227272727272728,0.0019325765229945909
0.234375,0.10227272727272728,0.0019296695324606285
0.24857954545454544,0.10227272727272728,0.001926762541926666
0.2627840909090909,0.10227272727272728,0.00024342527183972436
0.27698863636363635,0.10227272727272728,0.001056487375752878
0.2911931818181818,0.10227272727272728,0.0011856054625593885
0.3053977272727273,0.10227272727272728,0.0013147235493658988
0.3196022727272727,0.10227272727272728,0.0014438416361724088
0.3338068181818182,0.10227272727272728,0.001572959722978919
0.34801136363636365,0.10227272727272728,0.0017020778097854294
0.3622159090909091,0.10227272727272728,0.0018311958965919399
0.37642045454545453,0.10227272727272728,1.4135443745984918e-05
0.390625,0.10227272727272728,0.00015548988120583576
0.40482954545454547,0.10227272727272728,0.00013406717369396798
0.4190340909090909,0.10227272727272728,0.0002659604238457523
0.43323863636363635,0.10227272727272728,0.0003978536739975371
0.4474431818181818,0.10227272727272728,0.0005297469241493218
0.4616477272727273,0.10227272727272728,0.0006616401743011067
0.4758522727272727,0.10227272727272728,0.0007935334244528909
0.4900568181818182,0.10227272727272728,0.0009254266746046757
0.5042613636363636,0.10227272727272728,2.8383561924198176e-06
0.5184659090909091,0.10227272727272728,1.2299543500485826e-05
0.5326704545454546,0.10227272727272728,-2.6267157609327588e-05
0.546875,0.10227272727272728,-1.1745972035881003e-05
0.5610795454545454,0.10227272727272728,2.7752135375655897e-06
0.5752840909090909,0.10227272727272728,1.729639911101229e-05
0.5894886363636364,0.10227272727272728,3.181758468445888e-05
0.6036931818181818,0.10227272727272728,4.633877025790547e-05
0.6178977272727273,0.10227272727272728,6.085995583135218e-05
0.007102272727272727,0.125,0.0
0.02130681818181818,0.125,0.0
0.03551136363636364,0.125,0.0
0.04971590909090909,0.125,0.0
0.06392045454545454,0.125,0.0
0.078125,0.125,0.0
0.09232954545454546,0.125,0.0
0.10653409090909091,0.125,0.0
0.12073863636363637,0.125,0.0
0.13494318181818182,0.125,0.002604241588369152
0.14914772727272727,0.125,0.002960905719117787
0.16335227272727273,0.125,0.0033175698498664223
0.17755681818181818,0.125,0.0036742339806150577
0.19176136363636365,0.125,0.004030898111363692
0.2059659090909091,0.125,0.004387562242112328
0.22017045454545456,0.125,0.004744226372860963
0.234375,0.125,0.005100890503609598
0.24857954545454544,0.125,0.0054575546343582325
0.2627840909090909,0.125,0.0027873625512577337
0.27698863636363635,0.125,0.0032398118153841317
0.2911931818181818,0.125,0.0036922610795105297
0.3053977272727273,0.125,0.004144710343636928
0.3196022727272727,0.125,0.004597159607763325
0.3338068181818182,0.125,0.005049608871889723
0.34801136363636365,0.125,0.005502058136016122
0.3622159090909091,0.125,0.00595450740014252
0.37642045454545453,0.125,0.0012808990009488218
0.390625,0.125,0.0016506985139701853
0.40482954545454547,0.125,0.0020204980269915487
0.4190340909090909,0.125,0.0023902975400129107
0.43323863636363635,0.125,0.0027600970530342736
0.4474431818181818,0.125,0.0031298965660556373
0.4616477272727273,0.125,0.003499696079077
0.4758522727272727,0.125,0.0038694955920983622
0.4900568181818182,0.125,0.004239295105119726
0.5042613636363636,0.125,0.0001407580462792348
0.5184659090909091,0.125,0.00033242337284007943
0.5326704545454546,0.125,0.0005240886994009255
0.546875,0.125,0.0007157540259617701
0.5610795454545454,0.125,0.0009074193525226147
0.5752840909090909,0.125,0.0010990846790834609
0.5894886363636364,0.125,0.0012907500056443056
0.6036931818181818,0.125,0.00148241533220515
0.6178977272727273,0.125,0.001674080658765996
0.007102272727272727,0.14772727272727273,0.00042810485397183786
0.02130681818181818,0.14772727272727273,0.00042810485397183786
0.03551136363636364,0.14772727272727273,0.00042810485397183786
0.04971590909090909,0.14772727272727273,0.00042810485397183786
0.06392045454545454,0.14772727272727273,0.00042810485397183786
0.078125,0.14772727272727273,0.00042810485397183786
0.09232954545454546,0.14772727272727273,0.00042810485397183786
0.10653409090909091,0.14772727272727273,0.0027379704066986133
0.12073863636363637,0.14772727272727273,0.0021137407422175793
0.13494318181818182,0.14772727272727273,0.002608892773223492
0.14914772727272727,0.14772727272727273,0.0029655569039721266
0.16335227272727273,0.14772727272727273,0.003322221034720762
0.17755681818181818,0.14772727272727273,0.0036788851654693975
0.19176136363636365,0.14772727272727273,0.004035549296218032
0.2059659090909091,0.14772727272727273,0.004392213426966668
0.22017045454545456,0.14772727272727273,0.004748877557715303
0.234375,0.14772727272727273,0.00305473097419035
0.24857954545454544,0.14772727272727273,0.0029560388502786255
0.2627840909090909,0.14772727272727273,0.002580773612367317
0.27698863636363635,0.14772727272727273,0.003033222876493715
0.2911931818181818,0.14772727272727273,0.003485672140620113
0.3053977272727273,0.14772727272727273,0.003938121404746512
0.3196022727272727,0.14772727272727273,0.004390570668872908
0.3338068181818182,0.14772727272727273,0.004843019932999307
0.34801136363636365,0.14772727272727273,0.005295469197125705
0.3622159090909091,0.14772727272727273,0.001983835757018949
0.37642045454545453,0.14772727272727273,0.0010698698007059664
0.390625,0.14772727272727273,0.00143966931372733
0.40482954545454547,0.14772727272727273,0.0018094688267486932
0.4190340909090909,0.14772727272727273,0.002179268339770055
0.43323863636363635,0.14772727272727273,0.002549067852791418
0.4474431818181818,0.14772727272727273,0.0029188673658127814
0.4616477272727273,0.14772727272727273,0.0032886668788341448
0.4758522727272727,0.14772727272727273,0.003658466391855507
0.4900568181818182,0.14772727272727273,0.0006689476637594058
0.5042613636363636,0.14772727272727273,0.00011752414936172018
0.5184659090909091,0.14772727272727273,0.00030918947592256484
0.5326704545454546,0.14772727272727273,0.0005008548024834109
0.546875,0.14772727272727273,0.0006925201290442555
0.5610795454545454,0.14772727272727273,0.0008841854556051002
0.5752840909090909,0.14772727272727273,0.001075850782165946
0.5894886363636364,0.14772727272727273,0.001267516108726791
0.6036931818181818,0.14772727272727273,-1.7445480807894963e-05
0.6178977272727273,0.14772727272727273,0.00018443179618371402
0.007102272727272727,0.17045454545454544,0.0008562097079436752
0.02130681818181818,0.17045454545454544,0.0008562097079436752
0.03551136363636364,0.17045454545454544,0.0008562097079436752
0.04971590909090909,0.17045454545454544,0.0008562097079436752
0.06392045454545454,0.17045454545454544,0.0008562097079436752
0.078125,0.17045454545454544,0.0008562097079436752
0.09232954545454546,0.17045454545454544,0.0029340952172078097
0.10653409090909091,0.17045454545454544,0.002309865552726776
0.12073863636363637,0.17045454545454544,0.0016856358882457421
0.13494318181818182,0.17045454545454544,0.0026135439580778318
0.14914772727272727,0.17045454545454544,0.0029702080888264664
0.16335227272727273,0.17045454545454544,0.003326872219575102
0.17755681818181818,0.17045454545454544,0.0036835363503237373
0.19176136363636365,0.17045454545454544,0.004040200481072372
0.2059659090909091,0.17045454545454544,0.0038181266463572765
0.22017045454545456,0.17045454545454544,0.003719434522445551
0.234375,0.17045454545454544,0.0036207423985338263
0.24857954545454544,0.17045454545454544,0.0035220502746221016
0.2627840909090909,0.17045454545454544,0.0023741846734769007
0.27698863636363635,0.17045454545454544,0.002826633937603299
0.2911931818181818,0.17045454545454544,0.003279083201729697
0.3053977272727273,0.17045454545454544,0.0037315324658560955
0.3196022727272727,0.17045454545454544,0.004183981729982493
0.3338068181818182,0.17045454545454544,0.0024908078426885104
0.34801136363636365,0.17045454545454544,0.002702575680600056
0.3622159090909091,0.17045454545454544,0.002914343518511601
0.37642045454545453,0.17045454545454544,0.0008588406004631112
0.390625,0.17045454545454544,0.0012286401134844744
0.40482954545454547,0.17045454545454544,0.0015984396265058378
0.4190340909090909,0.17045454545454544,0.0019682391395272
0.43323863636363635,0.17045454545454544,0.0023380386525485627
0.4474431818181818,0.17045454545454544,0.0027078381655699264
0.4616477272727273,0.17045454545454544,0.0008516012116118368
0.4758522727272727,0.17045454545454544,0.0011616286482241385
0.4900568181818182,0.17045454545454544,0.0014716560848364413
0.5042613636363636,0.17045454545454544,9.42902524442056e-05
0.5184659090909091,0.17045454545454544,0.00028595557900505024
0.5326704545454546,0.17045454545454544,0.0004776209055658963
0.546875,0.17045454545454544,0.000669286232126741
0.5610795454545454,0.17045454545454544,0.0008609515586875856
0.5752840909090909,0.17045454545454544,0.0010526168852484316
0.5894886363636364,0.17045454545454544,0.00011057566161536421
0.6036931818181818,0.17045454545454544,0.0003124529386069716
0.6178977272727273,0.17045454545454544,0.0005143302155985806
0.007102272727272727,0.19318181818181818,0.001284314561915513
0.02130681818181818,0.19318181818181818,0.001284314561915513
0.03551136363636364,0.19318181818181818,0.001284314561915513
0.04971590909090909,0.19318181818181818,0.001284314561915513
0.06392045454545454,0.19318181818181818,0.0037544496921980393
0.078125,0.19318181818181818,0.0031302200277170053
0.09232954545454546,0.19318181818181818,0.002505990363235972
0.10653409090909091,0.19318181818181818,0.0018817606987549381
0.12073863636363637,0.19318181818181818,0.0012575310342739043
0.13494318181818182,0.19318181818181818,0.0026181951429321716
0.14914772727272727,0.19318181818181818,0.002974859273680806
0.16335227272727273,0.19318181818181818,0.0033315234044294416
0.17755681818181818,0.19318181818181818,0.003688187535178077
0.19176136363636365,0.19318181818181818,0.004482830194612478
0.2059659090909091,0.19318181818181818,0.0043841380707007535
0.22017045454545456,0.19318181818181818,0.004285445946789028
0.234375,0.19318181818181818,0.004186753822877303
0.24857954545454544,0.19318181818181818,0.004088061698965579
0.2627840909090909,0.19318181818181818,0.0021675957345864845
0.27698863636363635,0.19318181818181818,0.0026200449987128826
0.2911931818181818,0.19318181818181818,0.0030724942628392806
0.3053977272727273,0.19318181818181818,0.003524943526965679
0.3196022727272727,0.19318181818181818,0.003209547766269618
0.3338068181818182,0.19318181818181818,0.0034213156041811637
0.34801136363636365,0.19318181818181818,0.003633083442092709
0.3622159090909091,0.19318181818181818,0.003844851280004254
0.37642045454545453,0.19318181818181818,0.0006478114002202558
0.390625,0.19318181818181818,0.001017610913241619
0.40482954545454547,0.19318181818181818,0.0013874104262629823
0.4190340909090909,0.19318181818181818,0.0017572099392843441
0.43323863636363635,0.19318181818181818,0.0010342547594642676
0.4474431818181818,0.19318181818181818,0.0013442821960765704
0.4616477272727273,0.19318181818181818,0.0016543096326888732
0.4758522727272727,0.19318181818181818,0.0019643370693011746
0.4900568181818182,0.19318181818181818,0.0022743645059134774
0.5042613636363636,0.19318181818181818,7.105635552669099e-05
0.5184659090909091,0.19318181818181818,0.00026272168208753564
0.5326704545454546,0.19318181818181818,0.0004543870086483817
0.546875,0.19318181818181818,0.0006460523352092263
0.5610795454545454,0.19318181818181818,3.671952704701475e-05
0.5752840909090909,0.19318181818181818,0.00023859680403862376
0.5894886363636364,0.19318181818181818,0.0004404740810302312
0.6036931818181818,0.19318181818181818,0.0006423513580218386
0.6178977272727273,0.19318181818181818,0.0008442286350134476
0.007102272727272727,0.2159090909090909,0.0017124194158873508
0.02130681818181818,0.2159090909090909,0.0017124194158873508
0.03551136363636364,0.2159090909090909,0.0045748041671882685
0.04971590909090909,0.2159090909090909,0.003950574502707235
0.06392045454545454,0.2159090909090909,0.0033263448382262017
0.078125,0.2159090909090909,0.0027021151737451677
0.09232954545454546,0.2159090909090909,0.002077885509264134
0.10653409090909091,0.2159090909090909,0.0014536558447831001
0.12073863636363637,0.2159090909090909,0.0008294261803020664
0.13494318181818182,0.2159090909090909,0.0026228463277865113
0.14914772727272727,0.2159090909090909,0.002979510458535146
0.16335227272727273,0.2159090909090909,0.0052462258667794045
0.17755681818181818,0.2159090909090909,0.00514753374286768
0.19176136363636365,0.2159090909090909,0.005048841618955955
0.2059659090909091,0.2159090909090909,0.00495014949504423
0.22017045454545456,0.2159090909090909,0.004851457371132505
0.234375,0.2159090909090909,0.004752765247220779
0.24857954545454544,0.2159090909090909,0.004654073123309055
0.2627840909090909,0.2159090909090909,0.001961006795696068
0.27698863636363635,0.2159090909090909,0.002413456059822466
0.2911931818181818,0.2159090909090909,0.0037165198519391813
0.3053977272727273,0.2159090909090909,0.003928287689850727
0.3196022727272727,0.2159090909090909,0.0041400555277622715
0.3338068181818182,0.2159090909090909,0.004351823365673817
0.34801136363636365,0.2159090909090909,0.004563591203585363
0.3622159090909091,0.2159090909090909,0.004775359041496907
0.37642045454545453,0.2159090909090909,0.0004367821999774001
0.390625,0.2159090909090909,0.0008065817129987634
0.40482954545454547,0.2159090909090909,0.0011763812260201269
0.4190340909090909,0.2159090909090909,0.0015269357439290014
0.43323863636363635,0.2159090909090909,0.0018369631805413042
0.4474431818181818,0.2159090909090909,0.002146990617153607
0.4616477272727273,0.2159090909090909,0.0024570180537659097
0.4758522727272727,0.2159090909090909,0.0027670454903782112
0.4900568181818182,0.2159090909090909,0.003077072926990514
0.5042613636363636,0.2159090909090909,4.782245860917637e-05
0.5184659090909091,0.2159090909090909,0.00023948778517002102
0.5326704545454546,0.2159090909090909,0.00043115311173086705
0.546875,0.2159090909090909,0.0001647406694702743
0.5610795454545454,0.2159090909090909,0.0003666179464618817
0.5752840909090909,0.2159090909090909,0.0005684952234534908
0.5894886363636364,0.2159090909090909,0.0007703725004450981
0.6036931818181818,0.2159090909090909,0.0009722497774367055
0.6178977272727273,0.2159090909090909,0.0011741270544283146
0.007102272727272727,0.23863636363636365,0.002140524269859189
0.02130681818181818,0.23863636363636365,0.004770928977697465
0.03551136363636364,0.23863636363636365,0.004146699313216431
0.04971590909090909,0.23863636363636365,0.0035224696487353973
0.06392045454545454,0.23863636363636365,0.0028982399842543637
0.078125,0.23863636363636365,0.0022740103197733297
0.09232954545454546,0.23863636363636365,0.0016497806552922961
0.10653409090909091,0.23863636363636365,0.0010255509908112623
0.12073863636363637,0.23863636363636365,0.00040132132633022863
0.13494318181818182,0.23863636363636365,0.002627497512640851
0.14914772727272727,0.23863636363636365,0.005910929415034607
0.16335227272727273,0.23863636363636365,0.0058122372911228815
0.17755681818181818,0.23863636363636365,0.005713545167211156
0.19176136363636365,0.23863636363636365,0.005614853043299431
0.2059659090909091,0.23863636363636365,0.005516160919387706
0.22017045454545456,0.23863636363636365,0.005417468795475981
0.234375,0.23863636363636365,0.005318776671564256
0.24857954545454544,0.23863636363636365,0.005220084547652531
0.2627840909090909,0.23863636363636365,0.0042234919376087435
0.27698863636363635,0.23863636363636365,0.00443525977552029
0.2911931818181818,0.23863636363636365,0.004647027613431835
0.3053977272727273,0.23863636363636365,0.00485879545134338
0.3196022727272727,0.23863636363636365,0.005070563289254925
0.3338068181818182,0.23863636363636365,0.0052823311271664695
0.34801136363636365,0.23863636363636365,0.005494098965078015
0.3622159090909091,0.23863636363636365,0.005705866802989561
0.37642045454545453,0.23863636363636365,0.00022575299973454462
0.390625,0.23863636363636365,0.0017095892917814335
0.40482954545454547,0.23863636363636365,0.002019616728393736
0.4190340909090909,0.23863636363636365,0.002329644165006038
0.43323863636363635,0.23863636363636365,0.0026396716016183403
0.4474431818181818,0.23863636363636365,0.002949699038230643
0.4616477272727273,0.23863636363636365,0.0032597264748429463
0.4758522727272727,0.23863636363636365,0.0035697539114552474
0.4900568181818182,0.23863636363636365,0.00387978134806755
0.5042613636363636,0.23863636363636365,2.458856169166175e-05
0.5184659090909091,0.23863636363636365,9.088453490192486e-05
0.5326704545454546,0.23863636363636365,0.00029276181189353385
0.546875,0.23863636363636365,0.0004946390888851413
0.5610795454545454,0.23863636363636365,0.0006965163658767487
0.5752840909090909,0.23863636363636365,0.0008983936428683577
0.5894886363636364,0.23863636363636365,0.001100270919859965
0.6036931818181818,0.23863636363636365,0.0013021481968515725
0.6178977272727273,0.23863636363636365,0.0015040254738431815
0.007102272727272727,0.26136363636363635,0.0004993837315848265
0.02130681818181818,0.26136363636363635,0.0004993837315848265
0.03551136363636364,0.26136363636363635,0.0004993837315848265
0.04971590909090909,0.26136363636363635,0.0004993837315848265
0.06392045454545454,0.26136363636363635,0.0004993837315848265
0.078125,0.26136363636363635,0.0004993837315848265
0.09232954545454546,0.26136363636363635,0.0004993837315848265
0.10653409090909091,0.26136363636363635,0.0004993837315848265
0.12073863636363637,0.26136363636363635,0.005290085607400384
0.13494318181818182,0.26136363636363635,0.005826459995047353
0.14914772727272727,0.26136363636363635,0.006189724635740033
0.16335227272727273,0.26136363636363635,0.006552989276432714
0.17755681818181818,0.26136363636363635,0.0069162539171253945
0.19176136363636365,0.26136363636363635,0.007279518557818075
0.2059659090909091,0.26136363636363635,0.007642783198510756
0.22017045454545456,0.26136363636363635,0.008006047839203436
0.234375,0.26136363636363635,0.008369312479896116
0.24857954545454544,0.26136363636363635,0.006597557148260623
0.2627840909090909,0.26136363636363635,0.0066480993054461365
0.27698863636363635,0.26136363636363635,0.00715454579202291
0.2911931818181818,0.26136363636363635,0.007660992278599683
0.3053977272727273,0.26136363636363635,0.008167438765176458
0.3196022727272727,0.26136363636363635,0.008673885251753229
0.3338068181818182,0.26136363636363635,0.009180331738330003
0.34801136363636365,0.26136363636363635,0.009686778224906777
0.3622159090909091,0.26136363636363635,0.010193224711483552
0.37642045454545453,0.26136363636363635,0.00429692282512306
0.390625,0.26136363636363635,0.004764822926905287
0.40482954545454547,0.26136363636363635,0.005232723028687513
0.4190340909090909,0.26136363636363635,0.005700623130469738
0.43323863636363635,0.26136363636363635,0.006168523232251965
0.4474431818181818,0.26136363636363635,0.006636423334034191
0.4616477272727273,0.26136363636363635,0.007104323435816418
0.4758522727272727,0.26136363636363635,0.007572223537598642
0.4900568181818182,0.26136363636363635,0.0020491051460843463
0.5042613636363636,0.26136363636363635,0.0016947253876810505
0.5184659090909091,0.26136363636363635,0.001982438345107443
0.5326704545454546,0.26136363636363635,0.002270151302533838
0.546875,0.26136363636363635,0.0025578642599602304
0.5610795454545454,0.26136363636363635,0.002845577217386623
0.5752840909090909,0.26136363636363635,0.0031332901748130177
0.5894886363636364,0.26136363636363635,0.0034210031322394105
0.6036931818181818,0.26136363636363635,0.003708716089665803
0.6178977272727273,0.26136363636363635,0.00014498352204624497
0.007102272727272727,0.2840909090909091,0.0014981511947544822
0.02130681818181818,0.2840909090909091,0.0014981511947544822
0.03551136363636364,0.2840909090909091,0.0014981511947544822
0.04971590909090909,0.2840909090909091,0.0014981511947544822
0.06392045454545454,0.2840909090909091,0.0014981511947544822
0.078125,0.2840909090909091,0.0014981511947544822
0.09232954545454546,0.2840909090909091,0.006266306754578158
0.10653409090909091,0.2840909090909091,0.005278812449404443
0.12073863636363637,0.2840909090909091,0.004291318144230729
0.13494318181818182,0.2840909090909091,0.005984367393306114
0.14914772727272727,0.2840909090909091,0.006347632033998794
0.16335227272727273,0.2840909090909091,0.0067108966746914755
0.17755681818181818,0.2840909090909091,0.007074161315384155
0.19176136363636365,0.2840909090909091,0.007437425956076836
0.2059659090909091,0.2840909090909091,0.0078006905967695165
0.22017045454545456,0.2840909090909091,0.0075046211147017875
0.234375,0.2840909090909091,0.00726274714490597
0.24857954545454544,0.2840909090909091,0.0070208731751101525
0.2627840909090909,0.2840909090909091,0.0063092707647876625
0.27698863636363635,0.2840909090909091,0.006815717251364438
0.2911931818181818,0.2840909090909091,0.007322163737941211
0.3053977272727273,0.2840909090909091,0.007828610224517986
0.3196022727272727,0.2840909090909091,0.008335056711094756
0.3338068181818182,0.2840909090909091,0.00884150319767153
0.34801136363636365,0.2840909090909091,0.0057462721198650694
0.3622159090909091,0.2840909090909091,0.005996586342571162
0.37642045454545453,0.2840909090909091,0.0038008789265433756
0.390625,0.2840909090909091,0.004268779028325603
0.40482954545454547,0.2840909090909091,0.004736679130107829
0.4190340909090909,0.2840909090909091,0.005204579231890053
0.43323863636363635,0.2840909090909091,0.00567247933367228
0.4474431818181818,0.2840909090909091,0.006140379435454506
0.4616477272727273,0.2840909090909091,0.006608279537236733
0.4758522727272727,0.2840909090909091,0.0028035746265474577
0.4900568181818182,0.2840909090909091,0.0032937892075155938
0.5042613636363636,0.2840909090909091,0.0013717217444944771
0.5184659090909091,0.2840909090909091,0.00165943470192087
0.5326704545454546,0.2840909090909091,0.001947147659347265
0.546875,0.2840909090909091,0.0022348606167736573
0.5610795454545454,0.2840909090909091,0.0025225735742000497
0.5752840909090909,0.2840909090909091,0.0028102865316264446
0.5894886363636364,0.2840909090909091,0.003097999489052837
0.6036931818181818,0.2840909090909091,0.0004481639970981967
0.6178977272727273,0.2840909090909091,0.0009283278971150484
0.007102272727272727,0.3068181818181818,0.002496918657924135
0.02130681818181818,0.3068181818181818,0.002496918657924135
0.03551136363636364,0.3068181818181818,0.002496918657924135
0.04971590909090909,0.3068181818181818,0.002496918657924135
0.06392045454545454,0.3068181818181818,0.002496918657924135
0.078125,0.3068181818181818,0.006255033596582219
0.09232954545454546,0.3068181818181818,0.005267539291408505
0.10653409090909091,0.3068181818181818,0.00428004498623479
0.12073863636363637,0.3068181818181818,0.0032925506810610756
0.13494318181818182,0.3068181818181818,0.006142274791564874
0.14914772727272727,0.3068181818181818,0.006505539432257554
0.16335227272727273,0.3068181818181818,0.0068688040729502345
0.17755681818181818,0.3068181818181818,0.007232068713642915
0.19176136363636365,0.3068181818181818,0.007595333354335596
0.2059659090909091,0.3068181818181818,0.008169811111347134
0.22017045454545456,0.3068181818181818,0.007927937141551317
0.234375,0.3068181818181818,0.007686063171755499
0.24857954545454544,0.3068181818181818,0.007444189201959681
0.2627840909090909,0.3068181818181818,0.00597044222412919
0.27698863636363635,0.3068181818181818,0.0064768887107059655
0.2911931818181818,0.3068181818181818,0.006983335197282739
0.3053977272727273,0.3068181818181818,0.007489781683859513
0.3196022727272727,0.3068181818181818,0.006394786593634193
0.3338068181818182,0.3068181818181818,0.006645100816340285
0.34801136363636365,0.3068181818181818,0.006895415039046378
0.3622159090909091,0.3068181818181818,0.00714572926175247
0.37642045454545453,0.3068181818181818,0.0033048350279636925
0.390625,0.3068181818181818,0.0037727351297459186
0.40482954545454547,0.3068181818181818,0.004240635231528145
0.4190340909090909,0.3068181818181818,0.00470853533331037
0.43323863636363635,0.3068181818181818,0.005176435435092597
0.4474431818181818,0.3068181818181818,0.0030678295260424334
0.4616477272727273,0.3068181818181818,0.0035580441070105686
0.4758522727272727,0.3068181818181818,0.0040482586879787025
0.4900568181818182,0.3068181818181818,0.004538473268946838
0.5042613636363636,0.3068181818181818,0.0010487181013079047
0.5184659090909091,0.3068181818181818,0.0013364310587342973
0.5326704545454546,0.3068181818181818,0.0016241440161606923
0.546875,0.3068181818181818,0.0019118569735870848
0.5610795454545454,0.3068181818181818,0.0021995699310134774
0.5752840909090909,0.3068181818181818,0.00027118057213330226
0.5894886363636364,0.3068181818181818,0.0007513444721501503
0.6036931818181818,0.3068181818181818,0.0012315083721669983
0.6178977272727273,0.3068181818181818,0.0017116722721838501
0.007102272727272727,0.32954545454545453,0.0034956861210937882
0.02130681818181818,0.32954545454545453,0.0034956861210937882
0.03551136363636364,0.32954545454545453,0.0034956861210937882
0.04971590909090909,0.32954545454545453,0.007231254743759995
0.06392045454545454,0.32954545454545453,0.00624376043858628
0.078125,0.32954545454545453,0.005256266133412566
0.09232954545454546,0.32954545454545453,0.004268771828238852
0.10653409090909091,0.32954545454545453,0.003281277523065137
0.12073863636363637,0.32954545454545453,0.0022937832178914225
0.13494318181818182,0.32954545454545453,0.006300182189823634
0.14914772727272727,0.32954545454545453,0.006663446830516314
0.16335227272727273,0.32954545454545453,0.007026711471208995
0.17755681818181818,0.32954545454545453,0.009076875077788298
0.19176136363636365,0.32954545454545453,0.008835001107992482
0.2059659090909091,0.32954545454545453,0.008593127138196663
0.22017045454545456,0.32954545454545453,0.008351253168400845
0.234375,0.32954545454545453,0.008109379198605028
0.24857954545454544,0.32954545454545453,0.00786750522880921
0.2627840909090909,0.32954545454545453,0.00563161368347072
0.27698863636363635,0.32954545454545453,0.006138060170047493
0.2911931818181818,0.32954545454545453,0.006644506656624267
0.3053977272727273,0.32954545454545453,0.007293615290109409
0.3196022727272727,0.32954545454545453,0.0075439295128155014
0.3338068181818182,0.32954545454545453,0.007794243735521594
0.34801136363636365,0.32954545454545453,0.008044557958227687
0.3622159090909091,0.32954545454545453,0.00829487218093378
0.37642045454545453,0.32954545454545453,0.002808791129384009
0.390625,0.32954545454545453,0.0032766912311662354
0.40482954545454547,0.32954545454545453,0.0037445913329484616
0.4190340909090909,0.32954545454545453,0.004212491434730687
0.43323863636363635,0.32954545454545453,0.003822299006505542
0.4474431818181818,0.32954545454545453,0.004312513587473678
0.4616477272727273,0.32954545454545453,0.0048027281684418135
0.4758522727272727,0.32954545454545453,0.005292942749409947
0.4900568181818182,0.32954545454545453,0.005783157330378082
0.5042613636363636,0.32954545454545453,0.0007257144581213322
0.5184659090909091,0.32954545454545453,0.0010134274155477248
0.5326704545454546,0.32954545454545453,0.0013011403729741198
0.546875,0.32954545454545453,9.41971471684041e-05
0.5610795454545454,0.32954545454545453,0.000574361047185252
0.5752840909090909,0.32954545454545453,0.001054524947202104
0.5894886363636364,0.32954545454545453,0.0015346888472189517
0.6036931818181818,0.32954545454545453,0.0020148527472358
0.6178977272727273,0.32954545454545453,0.0024950166472526517
0.007102272727272727,0.3522727272727273,0.004494453584263444
0.02130681818181818,0.3522727272727273,0.004494453584263444
0.03551136363636364,0.3522727272727273,0.007219981585764052
0.04971590909090909,0.3522727272727273,0.006232487280590339
0.06392045454545454,0.3522727272727273,0.005244992975416625
0.078125,0.3522727272727273,0.00425749867024291
0.09232954545454546,0.3522727272727273,0.0032700043650691958
0.10653409090909091,0.3522727272727273,0.0022825100598954816
0.12073863636363637,0.3522727272727273,0.0012950157547217671
0.13494318181818182,0.3522727272727273,0.006458089588082394
0.14914772727272727,0.3522727272727273,0.009983939044229463
0.16335227272727273,0.3522727272727273,0.009742065074433644
0.17755681818181818,0.3522727272727273,0.009500191104637828
0.19176136363636365,0.3522727272727273,0.00925831713484201
0.2059659090909091,0.3522727272727273,0.009016443165046191
0.22017045454545456,0.3522727272727273,0.008774569195250374
0.234375,0.3522727272727273,0.008532695225454556
0.24857954545454544,0.3522727272727273,0.00829082125565874
0.2627840909090909,0.3522727272727273,0.005292785142812246
0.27698863636363635,0.3522727272727273,0.007942129763878536
0.2911931818181818,0.3522727272727273,0.008192443986584629
0.3053977272727273,0.3522727272727273,0.00844275820929072
0.3196022727272727,0.3522727272727273,0.008693072431996813
0.3338068181818182,0.3522727272727273,0.008943386654702906
0.34801136363636365,0.3522727272727273,0.009193700877408999
0.3622159090909091,0.3522727272727273,0.00944401510011509
0.37642045454545453,0.3522727272727273,0.002312747230804324
0.390625,0.3522727272727273,0.0027806473325865506
0.40482954545454547,0.3522727272727273,0.00408655390600052
0.4190340909090909,0.3522727272727273,0.004576768486968654
0.43323863636363635,0.3522727272727273,0.00506698306793679
0.4474431818181818,0.3522727272727273,0.005557197648904924
0.4616477272727273,0.3522727272727273,0.006047412229873061
0.4758522727272727,0.3522727272727273,0.006537626810841194
0.4900568181818182,0.3522727272727273,0.00702784139180933
0.5042613636363636,0.3522727272727273,0.0004027108149347589
0.5184659090909091,0.3522727272727273,0.0006904237723611515
0.5326704545454546,0.3522727272727273,0.0003973776222203596
0.546875,0.3522727272727273,0.0008775415222372076
0.5610795454545454,0.3522727272727273,0.0013577054222540556
0.5752840909090909,0.3522727272727273,0.0018378693222709072
0.5894886363636364,0.3522727272727273,0.0023180332222877556
0.6036931818181818,0.3522727272727273,0.002798197122304603
0.6178977272727273,0.3522727272727273,0.003278361022321455
0.007102272727272727,0.375,0.0
0.02130681818181818,0.375,0.0
0.03551136363636364,0.375,0.0
0.04971590909090909,0.375,0.0
0.06392045454545454,0.375,0.0
0.078125,0.375,0.0
0.09232954545454546,0.375,0.0
0.10653409090909091,0.375,0.0
0.12073863636363637,0.375,0.0
0.13494318181818182,0.375,0.008890273551987956
0.14914772727272727,0.375,0.00917645021835834
0.16335227272727273,0.375,0.009462626884728724
0.17755681818181818,0.375,0.00974880355109911
0.19176136363636365,0.375,0.010034980217469494
0.2059659090909091,0.375,0.010321156883839878
0.22017045454545456,0.375,0.010607333550210265
0.234375,0.375,0.010893510216580648
0.24857954545454544,0.375,0.011179686882951033
0.2627840909090909,0.375,0.011205069098126446
0.27698863636363635,0.375,0.01163465607412041
0.2911931818181818,0.375,0.01206424305011437
0.3053977272727273,0.375,0.012493830026108332
0.3196022727272727,0.375,0.012923417002102294
0.3338068181818182,0.375,0.013353003978096255
0.34801136363636365,0.375,0.013782590954090217
0.3622159090909091,0.375,0.014212177930084178
0.37642045454545453,0.375,0.008658662219812407
0.390625,0.375,0.009088527818753784
0.40482954545454547,0.375,0.009518393417695161
0.4190340909090909,0.375,0.009948259016636539
0.43323863636363635,0.375,0.010378124615577916
0.4474431818181818,0.375,0.010807990214519295
0.4616477272727273,0.375,0.011237855813460672
0.4758522727272727,0.375,0.011667721412402049
0.4900568181818182,0.375,0.012097587011343428
0.5042613636363636,0.375,0.004388414854625313
0.5184659090909091,0.375,0.004677173212047424
0.5326704545454546,0.375,0.004965931569469536
0.546875,0.375,0.005254689926891645
0.5610795454545454,0.375,0.005543448284313755
0.5752840909090909,0.375,0.005832206641735867
0.5894886363636364,0.375,0.006120964999157976
0.6036931818181818,0.375,0.006409723356580086
0.6178977272727273,0.375,0.0066984817140021986
0.007102272727272727,0.3977272727272727,0.0015799908882779415
0.02130681818181818,0.3977272727272727,0.0015799908882779415
0.03551136363636364,0.3977272727272727,0.0015799908882779415
0.04971590909090909,0.3977272727272727,0.0015799908882779415
0.06392045454545454,0.3977272727272727,0.0015799908882779415
0.078125,0.3977272727272727,0.0015799908882779415
0.09232954545454546,0.3977272727272727,0.0015799908882779415
0.10653409090909091,0.3977272727272727,0.008765731260258073
0.12073863636363637,0.3977272727272727,0.007492060288713974
0.13494318181818182,0.3977272727272727,0.009277271903661264
0.14914772727272727,0.3977272727272727,0.009563448570031647
0.16335227272727273,0.3977272727272727,0.009849625236402032
0.17755681818181818,0.3977272727272727,0.010135801902772417
0.19176136363636365,0.3977272727272727,0.010421978569142802
0.2059659090909091,0.3977272727272727,0.010708155235513186
0.22017045454545456,0.3977272727272727,0.010994331901883573
0.234375,0.3977272727272727,0.011313137841612524
0.24857954545454544,0.3977272727272727,0.01092785356219313
0.2627840909090909,0.3977272727272727,0.0108045663417967
0.27698863636363635,0.3977272727272727,0.01123415331779066
0.2911931818181818,0.3977272727272727,0.011663740293784624
0.3053977272727273,0.3977272727272727,0.012093327269778586
0.3196022727272727,0.3977272727272727,0.012522914245772546
0.3338068181818182,0.3977272727272727,0.012952501221766508
0.34801136363636365,0.3977272727272727,0.013382088197760468
0.3622159090909091,0.3977272727272727,0.009478485538055546
0.37642045454545453,0.3977272727272727,0.00787431889026339
0.390625,0.3977272727272727,0.00830418448920477
0.40482954545454547,0.3977272727272727,0.008734050088146147
0.4190340909090909,0.3977272727272727,0.009163915687087524
0.43323863636363635,0.3977272727272727,0.009593781286028901
0.4474431818181818,0.3977272727272727,0.010023646884970278
0.4616477272727273,0.3977272727272727,0.010453512483911657
0.4758522727272727,0.3977272727272727,0.010883378082853033
0.4900568181818182,0.3977272727272727,0.005331990359512718
0.5042613636363636,0.3977272727272727,0.003620152614598356
0.5184659090909091,0.3977272727272727,0.003908910972020466
0.5326704545454546,0.3977272727272727,0.004197669329442578
0.546875,0.3977272727272727,0.004486427686864687
0.5610795454545454,0.3977272727272727,0.004775186044286797
0.5752840909090909,0.3977272727272727,0.005063944401708909
0.5894886363636364,0.3977272727272727,0.005352702759131018
0.6036931818181818,0.3977272727272727,0.0001693181192087677
0.6178977272727273,0.3977272727272727,0.0009275197991714185
0.007102272727272727,0.42045454545454547,0.003159981776555887
0.02130681818181818,0.42045454545454547,0.003159981776555887
0.03551136363636364,0.42045454545454547,0.003159981776555887
0.04971590909090909,0.42045454545454547,0.003159981776555887
0.06392045454545454,0.42045454545454547,0.003159981776555887
0.078125,0.42045454545454547,0.003159981776555887
0.09232954545454546,0.42045454545454547,0.008459411343524226
0.10653409090909091,0.42045454545454547,0.007185740371980128
0.12073863636363637,0.42045454545454547,0.005912069400436029
0.13494318181818182,0.42045454545454547,0.009664270255334572
0.14914772727272727,0.42045454545454547,0.009950446921704957
0.16335227272727273,0.42045454545454547,0.010236623588075342
0.17755681818181818,0.42045454545454547,0.010522800254445725
0.19176136363636365,0.42045454545454547,0.01080897692081611
0.2059659090909091,0.42045454545454547,0.012154590714970619
0.22017045454545456,0.42045454545454547,0.011769306435551224
0.234375,0.42045454545454547,0.01138402215613183
0.24857954545454544,0.42045454545454547,0.010998737876712437
0.2627840909090909,0.42045454545454547,0.01040406358546695
0.27698863636363635,0.42045454545454547,0.010833650561460913
0.2911931818181818,0.42045454545454547,0.011263237537454875
0.3053977272727273,0.42045454545454547,0.011692824513448836
0.3196022727272727,0.42045454545454547,0.012122411489442798
0.3338068181818182,0.42045454545454547,0.01006625625645828
0.34801136363636365,0.42045454545454547,0.010316291856216957
0.3622159090909091,0.42045454545454547,0.010566327455975634
0.37642045454545453,0.42045454545454547,0.0070899755607143735
0.390625,0.42045454545454547,0.0075198411596557515
0.40482954545454547,0.42045454545454547,0.007949706758597129
0.4190340909090909,0.42045454545454547,0.008379572357538506
0.43323863636363635,0.42045454545454547,0.008809437956479883
0.4474431818181818,0.42045454545454547,0.009239303555421262
0.4616477272727273,0.42045454545454547,0.005541475002393137
0.4758522727272727,0.42045454545454547,0.0061727968248805375
0.4900568181818182,0.42045454545454547,0.00680411864736794
0.5042613636363636,0.42045454545454547,0.0028518903745713958
0.5184659090909091,0.42045454545454547,0.0031406487319935055
0.5326704545454546,0.42045454545454547,0.003429407089415617
0.546875,0.42045454545454547,0.003718165446837727
0.5610795454545454,0.42045454545454547,0.004006923804259837
0.5752840909090909,0.42045454545454547,0.004295682161681949
0.5894886363636364,0.42045454545454547,0.0006413920511484605
0.6036931818181818,0.42045454545454547,0.0013995937311111054
0.6178977272727273,0.42045454545454547,0.0021577954110737563
0.007102272727272727,0.4431818181818182,0.004739972664833828
0.02130681818181818,0.4431818181818182,0.004739972664833828
0.03551136363636364,0.4431818181818182,0.004739972664833828
0.04971590909090909,0.4431818181818182,0.004739972664833828
0.06392045454545454,0.4431818181818182,0.009426762398334483
0.078125,0.4431818181818182,0.008153091426790385
0.09232954545454546,0.4431818181818182,0.006879420455246286
0.10653409090909091,0.4431818181818182,0.005605749483702186
0.12073863636363637,0.4431818181818182,0.004332078512158087
0.13494318181818182,0.4431818181818182,0.01005126860700788
0.14914772727272727,0.4431818181818182,0.010337445273378265
0.16335227272727273,0.4431818181818182,0.01062362193974865
0.17755681818181818,0.4431818181818182,0.010909798606119034
0.19176136363636365,0.4431818181818182,0.012610759308909323
0.2059659090909091,0.4431818181818182,0.012225475029489927
0.22017045454545456,0.4431818181818182,0.011840190750070532
0.234375,0.4431818181818182,0.011454906470651137
0.24857954545454544,0.4431818181818182,0.011069622191231743
0.2627840909090909,0.4431818181818182,0.010003560829137205
0.27698863636363635,0.4431818181818182,0.010433147805131165
0.2911931818181818,0.4431818181818182,0.010862734781125127
0.3053977272727273,0.4431818181818182,0.011292321757119089
0.3196022727272727,0.4431818181818182,0.010904062574619688
0.3338068181818182,0.4431818181818182,0.011154098174378365
0.34801136363636365,0.4431818181818182,0.011404133774137043
0.3622159090909091,0.4431818181818182,0.011654169373895719
0.37642045454545453,0.4431818181818182,0.006305632231165358
0.390625,0.4431818181818182,0.006735497830106736
0.40482954545454547,0.4431818181818182,0.007165363429048114
0.4190340909090909,0.4431818181818182,0.007595229027989491
0.43323863636363635,0.4431818181818182,0.005750959645273551
0.4474431818181818,0.4431818181818182,0.006382281467760953
0.4616477272727273,0.4431818181818182,0.007013603290248355
0.4758522727272727,0.4431818181818182,0.007644925112735757
0.4900568181818182,0.4431818181818182,0.008276246935223159
0.5042613636363636,0.4431818181818182,0.002083628134544437
0.5184659090909091,0.4431818181818182,0.002372386491966547
0.5326704545454546,0.4431818181818182,0.002661144849388659
0.546875,0.4431818181818182,0.0029499032068107684
0.5610795454545454,0.4431818181818182,0.0003552643031254995
0.5752840909090909,0.4431818181818182,0.0011134659830881503
0.5894886363636364,0.4431818181818182,0.0018716676630507953
0.6036931818181818,0.4431818181818182,0.00262986934301344
0.6178977272727273,0.4431818181818182,0.003388071022976091
0.007102272727272727,0.4659090909090909,0.0063199635531117695
0.02130681818181818,0.4659090909090909,0.0063199635531117695
0.03551136363636364,0.4659090909090909,0.010394113453144739
0.04971590909090909,0.4659090909090909,0.00912044248160064
0.06392045454545454,0.4659090909090909,0.007846771510056541
0.078125,0.4659090909090909,0.006573100538512443
0.09232954545454546,0.4659090909090909,0.005299429566968343
0.10653409090909091,0.4659090909090909,0.004025758595424245
0.12073863636363637,0.4659090909090909,0.0027520876238801457
0.13494318181818182,0.4659090909090909,0.01043826695868119
0.14914772727272727,0.4659090909090909,0.010724443625051573
0.16335227272727273,0.4659090909090909,0.013452212182267418
0.17755681818181818,0.4659090909090909,0.013066927902848023
0.19176136363636365,0.4659090909090909,0.012681643623428628
0.2059659090909091,0.4659090909090909,0.012296359344009234
0.22017045454545456,0.4659090909090909,0.011911075064589839
0.234375,0.4659090909090909,0.011525790785170445
0.24857954545454544,0.4659090909090909,0.01114050650575105
0.2627840909090909,0.4659090909090909,0.009603058072807456
0.27698863636363635,0.4659090909090909,0.010032645048801418
0.2911931818181818,0.4659090909090909,0.011491833293022422
0.3053977272727273,0.4659090909090909,0.0117418688927811
0.3196022727272727,0.4659090909090909,0.011991904492539774
0.3338068181818182,0.4659090909090909,0.012241940092298452
0.34801136363636365,0.4659090909090909,0.012491975692057128
0.3622159090909091,0.4659090909090909,0.012742011291815805
0.37642045454545453,0.4659090909090909,0.005521288901616342
0.390625,0.4659090909090909,0.005951154500557721
0.40482954545454547,0.4659090909090909,0.006381020099499099
0.4190340909090909,0.4659090909090909,0.0065917661106413665
0.43323863636363635,0.4659090909090909,0.007223087933128769
0.4474431818181818,0.4659090909090909,0.007854409755616172
0.4616477272727273,0.4659090909090909,0.008485731578103575
0.4758522727272727,0.4659090909090909,0.009117053400590974
0.4900568181818182,0.4659090909090909,0.009748375223078377
0.5042613636363636,0.4659090909090909,0.001315365894517479
0.5184659090909091,0.4659090909090909,0.0016041242519395887
0.5326704545454546,0.4659090909090909,0.0018928826093617007
0.546875,0.4659090909090909,0.0008273382350651893
0.5610795454545454,0.4659090909090909,0.0015855399150278343
0.5752840909090909,0.4659090909090909,0.002343741594990485
0.5894886363636364,0.4659090909090909,0.00310194327495313
0.6036931818181818,0.4659090909090909,0.0038601449549157747
0.6178977272727273,0.4659090909090909,0.004618346634878426
0.007102272727272727,0.48863636363636365,0.007899954441389715
0.02130681818181818,0.48863636363636365,0.010087793536410894
0.03551136363636364,0.48863636363636365,0.008814122564866793
0.04971590909090909,0.48863636363636365,0.007540451593322697
0.06392045454545454,0.48863636363636365,0.006266780621778597
0.078125,0.48863636363636365,0.004993109650234497
0.09232954545454546,0.48863636363636365,0.0037194386786903984
0.10653409090909091,0.48863636363636365,0.0024457677071462996
0.12073863636363637,0.48863636363636365,0.0011720967356022
0.13494318181818182,0.48863636363636365,0.010825265310354498
0.14914772727272727,0.48863636363636365,0.013908380776206118
0.16335227272727273,0.48863636363636365,0.013523096496786725
0.17755681818181818,0.48863636363636365,0.01313781221736733
0.19176136363636365,0.48863636363636365,0.012752527937947936
0.2059659090909091,0.48863636363636365,0.01236724365852854
0.22017045454545456,0.48863636363636365,0.011981959379109147
0.234375,0.48863636363636365,0.011596675099689754
0.24857954545454544,0.48863636363636365,0.011211390820270358
0.2627840909090909,0.48863636363636365,0.012079604011425157
0.27698863636363635,0.48863636363636365,0.012329639611183833
0.2911931818181818,0.48863636363636365,0.012579675210942512
0.3053977272727273,0.48863636363636365,0.012829710810701188
0.3196022727272727,0.48863636363636365,0.013079746410459864
0.3338068181818182,0.48863636363636365,0.013329782010218538
0.34801136363636365,0.48863636363636365,0.013579817609977216
0.3622159090909091,0.48863636363636365,0.013829853209735891
0.37642045454545453,0.48863636363636365,0.004736945572067325
0.390625,0.48863636363636365,0.006801250753521786
0.40482954545454547,0.48863636363636365,0.007432572576009188
0.4190340909090909,0.48863636363636365,0.008063894398496588
0.43323863636363635,0.48863636363636365,0.008695216220983992
0.4474431818181818,0.48863636363636365,0.009326538043471395
0.4616477272727273,0.48863636363636365,0.009957859865958797
0.4758522727272727,0.48863636363636365,0.010589181688446197
0.4900568181818182,0.48863636363636365,0.011220503510933599
0.5042613636363636,0.48863636363636365,0.0005471036544905188
0.5184659090909091,0.48863636363636365,0.0005412104870422313
0.5326704545454546,0.48863636363636365,0.0012994121670048822
0.546875,0.48863636363636365,0.002057613846967527
0.5610795454545454,0.48863636363636365,0.002815815526930172
0.5752840909090909,0.48863636363636365,0.003574017206892823
0.5894886363636364,0.48863636363636365,0.004332218886855468
0.6036931818181818,0.48863636363636365,0.005090420566818112
0.6178977272727273,0.48863636363636365,0.005848622246780764
0.007102272727272727,0.5113636363636364,0.0010189367772352783
0.02130681818181818,0.5113636363636364,0.0010189367772352783
0.03551136363636364,0.5113636363636364,0.0010189367772352783
0.04971590909090909,0.5113636363636364,0.0010189367772352783
0.06392045454545454,0.5113636363636364,0.0010189367772352783
0.078125,0.5113636363636364,0.0010189367772352783
0.09232954545454546,0.5113636363636364,0.0010189367772352783
0.10653409090909091,0.5113636363636364,0.0010189367772352783
0.12073863636363637,0.5113636363636364,0.01060899010593141
0.13494318181818182,0.5113636363636364,0.011604081071392823
0.14914772727272727,0.5113636363636364,0.011729151211777446
0.16335227272727273,0.5113636363636364,0.011854221352162068
0.17755681818181818,0.5113636363636364,0.01197929149254669
0.19176136363636365,0.5113636363636364,0.012104361632931314
0.2059659090909091,0.5113636363636364,0.012229431773315938
0.22017045454545456,0.5113636363636364,0.01235450191370056
0.234375,0.5113636363636364,0.012479572054085182
0.24857954545454544,0.5113636363636364,0.014438728953528587
0.2627840909090909,0.5113636363636364,0.014597431510039463
0.27698863636363635,0.5113636363636364,0.01481815793378131
0.2911931818181818,0.5113636363636364,0.015038884357523152
0.3053977272727273,0.5113636363636364,0.015259610781265
0.3196022727272727,0.5113636363636364,0.015480337205006845
0.3338068181818182,0.5113636363636364,0.01570106362874869
0.34801136363636365,0.5113636363636364,0.015921790052490534
0.3622159090909091,0.5113636363636364,0.016142516476232383
0.37642045454545453,0.5113636363636364,0.011918771393559699
0.390625,0.5113636363636364,0.012172130603031975
0.40482954545454547,0.5113636363636364,0.012425489812504253
0.4190340909090909,0.5113636363636364,0.01267884902197653
0.43323863636363635,0.5113636363636364,0.012932208231448809
0.4474431818181818,0.5113636363636364,0.013185567440921087
0.4616477272727273,0.5113636363636364,0.013438926650393365
0.4758522727272727,0.5113636363636364,0.013692285859865642
0.4900568181818182,0.5113636363636364,0.007065740581661641
0.5042613636363636,0.5113636363636364,0.006293904514065601
0.5184659090909091,0.5113636363636364,0.006485921065140487
0.5326704545454546,0.5113636363636364,0.006677937616215374
0.546875,0.5113636363636364,0.00686995416729026
0.5610795454545454,0.5113636363636364,0.007061970718365145
0.5752840909090909,0.5113636363636364,0.007253987269440032
0.5894886363636364,0.5113636363636364,0.007446003820514918
0.6036931818181818,0.5113636363636364,0.007638020371589803
0.6178977272727273,0.5113636363636364,0.0004599205445737708
0.007102272727272727,0.5340909090909091,0.003056810331705835
0.02130681818181818,0.5340909090909091,0.003056810331705835
0.03551136363636364,0.5340909090909091,0.003056810331705835
0.04971590909090909,0.5340909090909091,0.003056810331705835
0.06392045454545454,0.5340909090909091,0.003056810331705835
0.078125,0.5340909090909091,0.003056810331705835
0.09232954545454546,0.5340909090909091,0.011368598775318296
0.10653409090909091,0.5340909090909091,0.009969857663389575
0.12073863636363637,0.5340909090909091,0.008571116551460853
0.13494318181818182,0.5340909090909091,0.012220535918463853
0.14914772727272727,0.5340909090909091,0.012345606058848477
0.16335227272727273,0.5340909090909091,0.012470676199233099
0.17755681818181818,0.5340909090909091,0.01259574633961772
0.19176136363636365,0.5340909090909091,0.012720816480002346
0.2059659090909091,0.5340909090909091,0.012845886620386968
0.22017045454545456,0.5340909090909091,0.014984267456626186
0.234375,0.5340909090909091,0.014503326893849571
0.24857954545454544,0.5340909090909091,0.014022386331072953
0.2627840909090909,0.5340909090909091,0.01419737455042558
0.27698863636363635,0.5340909090909091,0.014418100974167427
0.2911931818181818,0.5340909090909091,0.014638827397909272
0.3053977272727273,0.5340909090909091,0.014859553821651116
0.3196022727272727,0.5340909090909091,0.015080280245392963
0.3338068181818182,0.5340909090909091,0.015301006669134809
0.34801136363636365,0.5340909090909091,0.013115256440349981
0.3622159090909091,0.5340909090909091,0.013332659254378224
0.37642045454545453,0.5340909090909091,0.010908656477579855
0.390625,0.5340909090909091,0.011162015687052135
0.40482954545454547,0.5340909090909091,0.011415374896524413
0.4190340909090909,0.5340909090909091,0.011668734105996687
0.43323863636363635,0.5340909090909091,0.011922093315468967
0.4474431818181818,0.5340909090909091,0.012175452524941243
0.4616477272727273,0.5340909090909091,0.012428811734413523
0.4758522727272727,0.5340909090909091,0.007788565751912332
0.4900568181818182,0.5340909090909091,0.008481230232797128
0.5042613636363636,0.5340909090909091,0.005080781826125368
0.5184659090909091,0.5340909090909091,0.005272798377200254
0.5326704545454546,0.5340909090909091,0.00546481492827514
0.546875,0.5340909090909091,0.005656831479350026
0.5610795454545454,0.5340909090909091,0.005848848030424911
0.5752840909090909,0.5340909090909091,0.006040864581499798
0.5894886363636364,0.5340909090909091,0.006232881132574683
0.6036931818181818,0.5340909090909091,0.001038389415637387
0.6178977272727273,0.5340909090909091,0.001980269714233822
0.007102272727272727,0.5568181818181818,0.005094683886176392
0.02130681818181818,0.5568181818181818,0.005094683886176392
0.03551136363636364,0.5568181818181818,0.005094683886176392
0.04971590909090909,0.5568181818181818,0.005094683886176392
0.06392045454545454,0.5568181818181818,0.005094683886176392
0.078125,0.5568181818181818,0.010729466332776463
0.09232954545454546,0.5568181818181818,0.009330725220847741
0.10653409090909091,0.5568181818181818,0.007931984108919017
0.12073863636363637,0.5568181818181818,0.006533242996990296
0.13494318181818182,0.5568181818181818,0.012836990765534885
0.14914772727272727,0.5568181818181818,0.012962060905919507
0.16335227272727273,0.5568181818181818,0.013087131046304129
0.17755681818181818,0.5568181818181818,0.013212201186688751
0.19176136363636365,0.5568181818181818,0.013337271327073377
0.2059659090909091,0.5568181818181818,0.01504886539694717
0.22017045454545456,0.5568181818181818,0.014567924834170552
0.234375,0.5568181818181818,0.014086984271393935
0.24857954545454544,0.5568181818181818,0.01360604370861732
0.2627840909090909,0.5568181818181818,0.0137973175908117
0.27698863636363635,0.5568181818181818,0.014018044014553544
0.2911931818181818,0.5568181818181818,0.01423877043829539
0.3053977272727273,0.5568181818181818,0.014459496862037235
0.3196022727272727,0.5568181818181818,0.013433670049894323
0.3338068181818182,0.5568181818181818,0.013651072863922569
0.34801136363636365,0.5568181818181818,0.013868475677950812
0.3622159090909091,0.5568181818181818,0.014085878491979058
0.37642045454545453,0.5568181818181818,0.009898541561600013
0.390625,0.5568181818181818,0.010151900771072291
0.40482954545454547,0.5568181818181818,0.01040525998054457
0.4190340909090909,0.5568181818181818,0.010658619190016847
0.43323863636363635,0.5568181818181818,0.010911978399489125
0.4474431818181818,0.5568181818181818,0.007818726441278233
0.4616477272727273,0.5568181818181818,0.008511390922163027
0.4758522727272727,0.5568181818181818,0.009204055403047818
0.4900568181818182,0.5568181818181818,0.009896719883932615
0.5042613636363636,0.5568181818181818,0.0038676591381851333
0.5184659090909091,0.5568181818181818,0.004059675689260019
0.5326704545454546,0.5568181818181818,0.004251692240334906
0.546875,0.5568181818181818,0.004443708791409791
0.5610795454545454,0.5568181818181818,0.004635725342484676
0.5752840909090909,0.5568181818181818,0.0006749779881045823
0.5894886363636364,0.5568181818181818,0.0016168582867010103
0.6036931818181818,0.5568181818181818,0.0025587385852974386
0.6178977272727273,0.5568181818181818,0.003500618883893874
0.007102272727272727,0.5795454545454546,0.0071325574406469585
0.02130681818181818,0.5795454545454546,0.0071325574406469585
0.03551136363636364,0.5795454545454546,0.0071325574406469585
0.04971590909090909,0.5795454545454546,0.01148907500216334
0.06392045454545454,0.5795454545454546,0.010090333890234619
0.078125,0.5795454545454546,0.008691592778305895
0.09232954545454546,0.5795454545454546,0.007292851666377173
0.10653409090909091,0.5795454545454546,0.005894110554448452
0.12073863636363637,0.5795454545454546,0.004495369442519729
0.13494318181818182,0.5795454545454546,0.013453445612605919
0.14914772727272727,0.5795454545454546,0.01357851575299054
0.16335227272727273,0.5795454545454546,0.013703585893375163
0.17755681818181818,0.5795454545454546,0.015594403900044768
0.19176136363636365,0.5795454545454546,0.015113463337268151
0.2059659090909091,0.5795454545454546,0.014632522774491534
0.22017045454545456,0.5795454545454546,0.014151582211714916
0.234375,0.5795454545454546,0.0136706416489383
0.24857954545454544,0.5795454545454546,0.013189701086161684
0.2627840909090909,0.5795454545454546,0.013397260631197816
0.27698863636363635,0.5795454545454546,0.01361798705493966
0.2911931818181818,0.5795454545454546,0.013838713478681507
0.3053977272727273,0.5795454545454546,0.013969486473466922
0.3196022727272727,0.5795454545454546,0.014186889287495162
0.3338068181818182,0.5795454545454546,0.014404292101523407
0.34801136363636365,0.5795454545454546,0.014621694915551651
0.3622159090909091,0.5795454545454546,0.014839097729579896
0.37642045454545453,0.5795454545454546,0.008888426645620166
0.390625,0.5795454545454546,0.009141785855092444
0.40482954545454547,0.5795454545454546,0.009395145064564722
0.4190340909090909,0.5795454545454546,0.009648504274036998
0.43323863636363635,0.5795454545454546,0.008541551611528931
0.4474431818181818,0.5795454545454546,0.009234216092413726
0.4616477272727273,0.5795454545454546,0.00992688057329852
0.4758522727272727,0.5795454545454546,0.010619545054183312
0.4900568181818182,0.5795454545454546,0.011312209535068106
0.5042613636363636,0.5795454545454546,0.0026545364502448933
0.5184659090909091,0.5795454545454546,0.002846553001319779
0.5326704545454546,0.5795454545454546,0.0030385695523946657
0.546875,0.5795454545454546,0.00031156656057177774
0.5610795454545454,0.5795454545454546,0.0012534468591682058
0.5752840909090909,0.5795454545454546,0.002195327157764641
0.5894886363636364,0.5795454545454546,0.003137207456361069
0.6036931818181818,0.5795454545454546,0.004079087754957497
0.6178977272727273,0.5795454545454546,0.005020968053553933
0.007102272727272727,0.6022727272727273,0.009170430995117515
0.02130681818181818,0.6022727272727273,0.009170430995117515
0.03551136363636364,0.6022727272727273,0.010849942559621503
0.04971590909090909,0.6022727272727273,0.009451201447692783
0.06392045454545454,0.6022727272727273,0.008052460335764062
0.078125,0.6022727272727273,0.006653719223835338
0.09232954545454546,0.6022727272727273,0.005254978111906616
0.10653409090909091,0.6022727272727273,0.0038562369999778946
0.12073863636363637,0.6022727272727273,0.002457495888049173
0.13494318181818182,0.6022727272727273,0.014069900459676949
0.14914772727272727,0.6022727272727273,0.016139942403142368
0.16335227272727273,0.6022727272727273,0.01565900184036575
0.17755681818181818,0.6022727272727273,0.015178061277589134
0.19176136363636365,0.6022727272727273,0.014697120714812516
0.2059659090909091,0.6022727272727273,0.0142161801520359
0.22017045454545456,0.6022727272727273,0.013735239589259282
0.234375,0.6022727272727273,0.013254299026482664
0.24857954545454544,0.6022727272727273,0.01277335846370605
0.2627840909090909,0.6022727272727273,0.012997203671583935
0.27698863636363635,0.6022727272727273,0.014287900083011264
0.2911931818181818,0.6022727272727273,0.01450530289703951
0.3053977272727273,0.6022727272727273,0.014722705711067754
0.3196022727272727,0.6022727272727273,0.014940108525095998
0.3338068181818182,0.6022727272727273,0.015157511339124241
0.34801136363636365,0.6022727272727273,0.015374914153152485
0.3622159090909091,0.6022727272727273,0.01559231696718073
0.37642045454545453,0.6022727272727273,0.007878311729640323
0.390625,0.6022727272727273,0.0081316709391126
0.40482954545454547,0.6022727272727273,0.00857171230089483
0.4190340909090909,0.6022727272727273,0.009264376781779623
0.43323863636363635,0.6022727272727273,0.009957041262664418
0.4474431818181818,0.6022727272727273,0.010649705743549214
0.4616477272727273,0.6022727272727273,0.011342370224434007
0.4758522727272727,0.6022727272727273,0.0120350347053188
0.4900568181818182,0.6022727272727273,0.012727699186203593
0.5042613636363636,0.6022727272727273,0.0014414137623046594
0.5184659090909091,0.6022727272727273,0.0016334303133795445
0.5326704545454546,0.6022727272727273,0.0008900354316354012
0.546875,0.6022727272727273,0.0018319157302318291
0.5610795454545454,0.6022727272727273,0.0027737960288282573
0.5752840909090909,0.6022727272727273,0.003715676327424693
0.5894886363636364,0.6022727272727273,0.0046575566260211206
0.6036931818181818,0.6022727272727273,0.005599436924617549
0.6178977272727273,0.6022727272727273,0.006541317223213984
0.007102272727272727,0.625,0.0
0.02130681818181818,0.625,0.0
0.03551136363636364,0.625,0.0
0.04971590909090909,0.625,0.0
0.06392045454545454,0.625,0.0
0.078125,0.625,0.0
0.09232954545454546,0.625,0.0
0.10653409090909091,0.625,0.0
0.12073863636363637,0.625,0.0
0.13494318181818182,0.625,0.012225593434256764
0.14914772727272727,0.625,0.012106552933233924
0.16335227272727273,0.625,0.011987512432211083
0.17755681818181818,0.625,0.011868471931188243
0.19176136363636365,0.625,0.011749431430165403
0.2059659090909091,0.625,0.011630390929142562
0.22017045454545456,0.625,0.011511350428119722
0.234375,0.625,0.011392309927096882
0.24857954545454544,0.625,0.011273269426074043
0.2627840909090909,0.625,0.016433947243397806
0.27698863636363635,0.625,0.01631477891672094
0.2911931818181818,0.625,0.016195610590044075
0.3053977272727273,0.625,0.016076442263367213
0.3196022727272727,0.625,0.015957273936690348
0.3338068181818182,0.625,0.015838105610013486
0.34801136363636365,0.625,0.01571893728333662
0.3622159090909091,0.625,0.015599768956659757
0.37642045454545453,0.625,0.014621929338176342
0.390625,0.625,0.014560682980355405
0.40482954545454547,0.625,0.01449943662253447
0.4190340909090909,0.625,0.014438190264713529
0.43323863636363635,0.625,0.014376943906892592
0.4474431818181818,0.625,0.014315697549071655
0.4616477272727273,0.625,0.014254451191250718
0.4758522727272727,0.625,0.014193204833429781
0.4900568181818182,0.625,0.014131958475608844
0.5042613636363636,0.625,0.008531821797950794
0.5184659090909091,0.625,0.008529205983879276
0.5326704545454546,0.625,0.008526590169807759
0.546875,0.625,0.008523974355736243
0.5610795454545454,0.625,0.008521358541664727
0.5752840909090909,0.625,0.008518742727593209
0.5894886363636364,0.625,0.008516126913521691
0.6036931818181818,0.625,0.008513511099450173
0.6178977272727273,0.625,0.008510895285378657
0.007102272727272727,0.6477272727272727,0.002237985779085953
0.02130681818181818,0.6477272727272727,0.002237985779085953
0.03551136363636364,0.6477272727272727,0.002237985779085953
0.04971590909090909,0.6477272727272727,0.002237985779085953
0.06392045454545454,0.6477272727272727,0.002237985779085953
0.078125,0.6477272727272727,0.002237985779085953
0.09232954545454546,0.6477272727272727,0.002237985779085953
0.10653409090909091,0.6477272727272727,0.011734546800064444
0.12073863636363637,0.6477272727272727,0.010454846189158562
0.13494318181818182,0.6477272727272727,0.01299509833469935
0.14914772727272727,0.6477272727272727,0.01287605783367651
0.16335227272727273,0.6477272727272727,0.01275701733265367
0.17755681818181818,0.6477272727272727,0.012637976831630829
0.19176136363636365,0.6477272727272727,0.01251893633060799
0.2059659090909091,0.6477272727272727,0.01239989582958515
0.22017045454545456,0.6477272727272727,0.01228085532856231
0.234375,0.6477272727272727,0.016110123046162706
0.24857954545454544,0.6477272727272727,0.015629310309040113
0.2627840909090909,0.6477272727272727,0.016086102740952617
0.27698863636363635,0.6477272727272727,0.01596693441427575
0.2911931818181818,0.6477272727272727,0.015847766087598886
0.3053977272727273,0.6477272727272727,0.015728597760922024
0.3196022727272727,0.6477272727272727,0.015609429434245158
0.3338068181818182,0.6477272727272727,0.015490261107568295
0.34801136363636365,0.6477272727272727,0.01537109278089143
0.3622159090909091,0.6477272727272727,0.01464169639306556
0.37642045454545453,0.6477272727272727,0.013513666168760673
0.390625,0.6477272727272727,0.013452419810939736
0.40482954545454547,0.6477272727272727,0.013391173453118799
0.4190340909090909,0.6477272727272727,0.013329927095297862
0.43323863636363635,0.6477272727272727,0.013268680737476925
0.4474431818181818,0.6477272727272727,0.013207434379655988
0.4616477272727273,0.6477272727272727,0.013146188021835047
0.4758522727272727,0.6477272727272727,0.013084941664014112
0.4900568181818182,0.6477272727272727,0.009099051783079657
0.5042613636363636,0.6477272727272727,0.007024813320196506
0.5184659090909091,0.6477272727272727,0.00702219750612499
0.5326704545454546,0.6477272727272727,0.007019581692053472
0.546875,0.6477272727272727,0.0070169658779819545
0.5610795454545454,0.6477272727272727,0.007014350063910438
0.5752840909090909,0.6477272727272727,0.007011734249838921
0.5894886363636364,0.6477272727272727,0.007009118435767403
0.6036931818181818,0.6477272727272727,0.00034133888537677965
0.6178977272727273,0.6477272727272727,0.001278368354967942
0.007102272727272727,0.6704545454545454,0.004475971558171906
0.02130681818181818,0.6704545454545454,0.004475971558171906
0.03551136363636364,0.6704545454545454,0.004475971558171906
0.04971590909090909,0.6704545454545454,0.004475971558171906
0.06392045454545454,0.6704545454545454,0.004475971558171906
0.078125,0.6704545454545454,0.004475971558171906
0.09232954545454546,0.6704545454545454,0.010776261631884373
0.10653409090909091,0.6704545454545454,0.00949656102097849
0.12073863636363637,0.6704545454545454,0.008216860410072609
0.13494318181818182,0.6704545454545454,0.013764603235141937
0.14914772727272727,0.6704545454545454,0.013645562734119097
0.16335227272727273,0.6704545454545454,0.013526522233096257
0.17755681818181818,0.6704545454545454,0.013407481732073418
0.19176136363636365,0.6704545454545454,0.013288441231050576
0.2059659090909091,0.6704545454545454,0.01611177881832876
0.22017045454545456,0.6704545454545454,0.015630966081206166
0.234375,0.6704545454545454,0.015150153344083574
0.24857954545454544,0.6704545454545454,0.01466934060696098
0.2627840909090909,0.6704545454545454,0.015738258238507427
0.27698863636363635,0.6704545454545454,0.015619089911830562
0.2911931818181818,0.6704545454545454,0.015499921585153696
0.3053977272727273,0.6704545454545454,0.01538075325847683
0.3196022727272727,0.6704545454545454,0.015261584931799969
0.3338068181818182,0.6704545454545454,0.014479909882483133
0.34801136363636365,0.6704545454545454,0.014639390727655448
0.3622159090909091,0.6704545454545454,0.014798871572827768
0.37642045454545453,0.6704545454545454,0.012405402999345004
0.390625,0.6704545454545454,0.012344156641524067
0.40482954545454547,0.6704545454545454,0.012282910283703128
0.4190340909090909,0.6704545454545454,0.012221663925882191
0.43323863636363635,0.6704545454545454,0.012160417568061254
0.4474431818181818,0.6704545454545454,0.012099171210240317
0.4616477272727273,0.6704545454545454,0.00884125290571108
0.4758522727272727,0.6704545454545454,0.009475286842846452
0.4900568181818182,0.6704545454545454,0.010109320779981827
0.5042613636363636,0.6704545454545454,0.005517804842442218
0.5184659090909091,0.6704545454545454,0.005515189028370702
0.5326704545454546,0.6704545454545454,0.005512573214299184
0.546875,0.6704545454545454,0.005509957400227666
0.5610795454545454,0.6704545454545454,0.00550734158615615
0.5752840909090909,0.6704545454545454,0.005504725772084633
0.5894886363636364,0.6704545454545454,0.0009071325910254847
0.6036931818181818,0.6704545454545454,0.0018441620606166396
0.6178977272727273,0.6704545454545454,0.0027811915302078023
0.007102272727272727,0.6931818181818182,0.00671395733725787
0.02130681818181818,0.6931818181818182,0.00671395733725787
0.03551136363636364,0.6931818181818182,0.00671395733725787
0.04971590909090909,0.6931818181818182,0.00671395733725787
0.06392045454545454,0.6931818181818182,0.011097677074610172
0.078125,0.6931818181818182,0.009817976463704293
0.09232954545454546,0.6931818181818182,0.00853827585279841
0.10653409090909091,0.6931818181818182,0.007258575241892528
0.12073863636363637,0.6931818181818182,0.005978874630986647
0.13494318181818182,0.6931818181818182,0.014534108135584528
0.14914772727272727,0.6931818181818182,0.014415067634561686
0.16335227272727273,0.6931818181818182,0.014296027133538846
0.17755681818181818,0.6931818181818182,0.014176986632516007
0.19176136363636365,0.6931818181818182,0.015632621853372216
0.2059659090909091,0.6931818181818182,0.015151809116249623
0.22017045454545456,0.6931818181818182,0.01467099637912703
0.234375,0.6931818181818182,0.014190183642004438
0.24857954545454544,0.6931818181818182,0.013709370904881845
0.2627840909090909,0.6931818181818182,0.015390413736062234
0.27698863636363635,0.6931818181818182,0.01527124540938537
0.2911931818181818,0.6931818181818182,0.015152077082708505
0.3053977272727273,0.6931818181818182,0.015032908756031641
0.3196022727272727,0.6931818181818182,0.01447760421707302
0.3338068181818182,0.6931818181818182,0.01463708506224534
0.34801136363636365,0.6931818181818182,0.014796565907417656
0.3622159090909091,0.6931818181818182,0.014956046752589974
0.37642045454545453,0.6931818181818182,0.011297139829929328
0.390625,0.6931818181818182,0.011235893472108393
0.40482954545454547,0.6931818181818182,0.011174647114287454
0.4190340909090909,0.6931818181818182,0.011113400756466517
0.43323863636363635,0.6931818181818182,0.008583454028342506
0.4474431818181818,0.6931818181818182,0.00921748796547788
0.4616477272727273,0.6931818181818182,0.009851521902613255
0.4758522727272727,0.6931818181818182,0.010485555839748625
0.4900568181818182,0.6931818181818182,0.011119589776884
0.5042613636363636,0.6931818181818182,0.004010796364687924
0.5184659090909091,0.6931818181818182,0.004008180550616407
0.5326704545454546,0.6931818181818182,0.004005564736544889
0.546875,0.6931818181818182,0.004002948922473372
0.5610795454545454,0.6931818181818182,0.0005358968270830348
0.5752840909090909,0.6931818181818182,0.0014729262966741972
0.5894886363636364,0.6931818181818182,0.002409955766265352
0.6036931818181818,0.6931818181818182,0.0033469852358565073
0.6178977272727273,0.6931818181818182,0.00428401470544767
0.007102272727272727,0.7159090909090909,0.008951943116343822
0.02130681818181818,0.7159090909090909,0.008951943116343822
0.03551136363636364,0.7159090909090909,0.011419092517335984
0.04971590909090909,0.7159090909090909,0.010139391906430102
0.06392045454545454,0.7159090909090909,0.00885969129552422
0.078125,0.7159090909090909,0.0075799906846183394
0.09232954545454546,0.7159090909090909,0.006300290073712457
0.10653409090909091,0.7159090909090909,0.005020589462806575
0.12073863636363637,0.7159090909090909,0.0037408888519006936
0.13494318181818182,0.7159090909090909,0.015303613036027116
0.14914772727272727,0.7159090909090909,0.015184572535004274
0.16335227272727273,0.7159090909090909,0.015634277625538272
0.17755681818181818,0.7159090909090909,0.015153464888415681
0.19176136363636365,0.7159090909090909,0.014672652151293087
0.2059659090909091,0.7159090909090909,0.014191839414170494
0.22017045454545456,0.7159090909090909,0.0137110266770479
0.234375,0.7159090909090909,0.013230213939925305
0.24857954545454544,0.7159090909090909,0.012749401202802714
0.2627840909090909,0.7159090909090909,0.015042569233617045
0.27698863636363635,0.7159090909090909,0.01492340090694018
0.2911931818181818,0.7159090909090909,0.014315817706490595
0.3053977272727273,0.7159090909090909,0.014475298551662914
0.3196022727272727,0.7159090909090909,0.014634779396835228
0.3338068181818182,0.7159090909090909,0.014794260242007546
0.34801136363636365,0.7159090909090909,0.014953741087179864
0.3622159090909091,0.7159090909090909,0.015113221932352181
0.37642045454545453,0.7159090909090909,0.010188876660513659
0.390625,0.7159090909090909,0.010127630302692722
0.40482954545454547,0.7159090909090909,0.010066383944871783
0.4190340909090909,0.7159090909090909,0.008959689088109301
0.43323863636363635,0.7159090909090909,0.009593723025244676
0.4474431818181818,0.7159090909090909,0.01022775696238005
0.4616477272727273,0.7159090909090909,0.010861790899515424
0.4758522727272727,0.7159090909090909,0.011495824836650795
0.4900568181818182,0.7159090909090909,0.01212985877378617
0.5042613636363636,0.7159090909090909,0.002503787886933636
0.5184659090909091,0.7159090909090909,0.0025011720728621185
0.5326704545454546,0.7159090909090909,0.0024985562587906012
0.546875,0.7159090909090909,0.00110169053273174
0.5610795454545454,0.7159090909090909,0.002038720002322895
0.5752840909090909,0.7159090909090909,0.002975749471914057
0.5894886363636364,0.7159090909090909,0.003912778941505213
0.6036931818181818,0.7159090909090909,0.004849808411096368
0.6178977272727273,0.7159090909090909,0.00578683788068753
0.007102272727272727,0.7386363636363636,0.011189928895429775
0.02130681818181818,0.7386363636363636,0.010460807349155913
0.03551136363636364,0.7386363636363636,0.00918110673825003
0.04971590909090909,0.7386363636363636,0.007901406127344149
0.06392045454545454,0.7386363636363636,0.0066217055164382674
0.078125,0.7386363636363636,0.005342004905532386
0.09232954545454546,0.7386363636363636,0.004062304294626504
0.10653409090909091,0.7386363636363636,0.0027826036837206225
0.12073863636363637,0.7386363636363636,0.0015029030728147407
0.13494318181818182,0.7386363636363636,0.016073117936469702
0.14914772727272727,0.7386363636363636,0.015155120660581736
0.16335227272727273,0.7386363636363636,0.014674307923459142
0.17755681818181818,0.7386363636363636,0.014193495186336549
0.19176136363636365,0.7386363636363636,0.013712682449213956
0.2059659090909091,0.7386363636363636,0.013231869712091362
0.22017045454545456,0.7386363636363636,0.012751056974968769
0.234375,0.7386363636363636,0.012270244237846176
0.24857954545454544,0.7386363636363636,0.011789431500723582
0.2627840909090909,0.7386363636363636,0.014154031195908167
0.27698863636363635,0.7386363636363636,0.014313512041080487
0.2911931818181818,0.7386363636363636,0.014472992886252803
0.3053977272727273,0.7386363636363636,0.014632473731425122
0.3196022727272727,0.7386363636363636,0.014791954576597438
0.3338068181818182,0.7386363636363636,0.014951435421769755
0.34801136363636365,0.7386363636363636,0.015110916266942071
0.3622159090909091,0.7386363636363636,0.015270397112114389
0.37642045454545453,0.7386363636363636,0.00908061349109799
0.390625,0.7386363636363636,0.008701890210740724
0.40482954545454547,0.7386363636363636,0.0093359241478761
0.4190340909090909,0.7386363636363636,0.009969958085011471
0.43323863636363635,0.7386363636363636,0.010603992022146846
0.4474431818181818,0.7386363636363636,0.011238025959282218
0.4616477272727273,0.7386363636363636,0.011872059896417594
0.4758522727272727,0.7386363636363636,0.012506093833552966
0.4900568181818182,0.7386363636363636,0.013140127770688341
0.5042613636363636,0.7386363636363636,0.0009967794091793481
0.5184659090909091,0.7386363636363636,0.0007304547687892826
0.5326704545454546,0.7386363636363636,0.001667484238380445
0.546875,0.7386363636363636,0.0026045137079716003
0.5610795454545454,0.7386363636363636,0.003541543177562755
0.5752840909090909,0.7386363636363636,0.004478572647153917
0.5894886363636364,0.7386363636363636,0.005415602116745072
0.6036931818181818,0.7386363636363636,0.006352631586336228
0.6178977272727273,0.7386363636363636,0.0072896610559273906
0.007102272727272727,0.7613636363636364,0.0010237604887247044
0.02130681818181818,0.7613636363636364,0.0010237604887247044
0.03551136363636364,0.7613636363636364,0.0010237604887247044
0.04971590909090909,0.7613636363636364,0.0010237604887247044
0.06392045454545454,0.7613636363636364,0.0010237604887247044
0.078125,0.7613636363636364,0.0010237604887247044
0.09232954545454546,0.7613636363636364,0.0010237604887247044
0.10653409090909091,0.7613636363636364,0.0010237604887247044
0.12073863636363637,0.7613636363636364,0.01048869478382166
0.13494318181818182,0.7613636363636364,0.011336101563376465
0.14914772727272727,0.7613636363636364,0.010893367274385939
0.16335227272727273,0.7613636363636364,0.010450632985395412
0.17755681818181818,0.7613636363636364,0.010007898696404888
0.19176136363636365,0.7613636363636364,0.009565164407414362
0.2059659090909091,0.7613636363636364,0.009122430118423838
0.22017045454545456,0.7613636363636364,0.008679695829433311
0.234375,0.7613636363636364,0.008236961540442785
0.24857954545454544,0.7613636363636364,0.014787387270605287
0.2627840909090909,0.7613636363636364,0.014837107322617739
0.27698863636363635,0.7613636363636364,0.01425063458495664
0.2911931818181818,0.7613636363636364,0.013664161847295544
0.3053977272727273,0.7613636363636364,0.013077689109634447
0.3196022727272727,0.7613636363636364,0.01249121637197335
0.3338068181818182,0.7613636363636364,0.011904743634312253
0.34801136363636365,0.7613636363636364,0.011318270896651154
0.3622159090909091,0.7613636363636364,0.010731798158990058
0.37642045454545453,0.7613636363636364,0.01353076017905172
0.390625,0.7613636363636364,0.013019773215310055
0.40482954545454547,0.7613636363636364,0.012508786251568389
0.4190340909090909,0.7613636363636364,0.011997799287826722
0.43323863636363635,0.7613636363636364,0.011486812324085056
0.4474431818181818,0.7613636363636364,0.010975825360343389
0.4616477272727273,0.7613636363636364,0.01046483839660172
0.4758522727272727,0.7613636363636364,0.009953851432860056
0.4900568181818182,0.7613636363636364,0.008316724527914352
0.5042613636363636,0.7613636363636364,0.0076720348536265795
0.5184659090909091,0.7613636363636364,0.007378938356815271
0.5326704545454546,0.7613636363636364,0.007085841860003959
0.546875,0.7613636363636364,0.006792745363192652
0.5610795454545454,0.7613636363636364,0.006499648866381343
0.5752840909090909,0.7613636363636364,0.006206552369570031
0.5894886363636364,0.7613636363636364,0.005913455872758723
0.6036931818181818,0.7613636363636364,0.005620359375947416
0.6178977272727273,0.7613636363636364,0.000453006225175692
0.007102272727272727,0.7840909090909091,0.003071281466174113
0.02130681818181818,0.7840909090909091,0.003071281466174113
0.03551136363636364,0.7840909090909091,0.003071281466174113
0.04971590909090909,0.7840909090909091,0.003071281466174113
0.06392045454545454,0.7840909090909091,0.003071281466174113
0.078125,0.7840909090909091,0.003071281466174113
0.09232954545454546,0.7840909090909091,0.010115106450202964
0.10653409090909091,0.7840909090909091,0.009278140128287607
0.12073863636363637,0.7840909090909091,0.008441173806372252
0.13494318181818182,0.7840909090909091,0.012105401942772613
0.14914772727272727,0.7840909090909091,0.011662667653782087
0.16335227272727273,0.7840909090909091,0.011219933364791561
0.17755681818181818,0.7840909090909091,0.010777199075801037
0.19176136363636365,0.7840909090909091,0.01033446478681051
0.2059659090909091,0.7840909090909091,0.009891730497819986
0.22017045454545456,0.7840909090909091,0.01398386060572834
0.234375,0.7840909090909091,0.013646786317276319
0.24857954545454544,0.7840909090909091,0.013309712028824298
0.2627840909090909,0.7840909090909091,0.014581937970342032
0.27698863636363635,0.7840909090909091,0.013995465232680934
0.2911931818181818,0.7840909090909091,0.013408992495019836
0.3053977272727273,0.7840909090909091,0.01282251975735874
0.3196022727272727,0.7840909090909091,0.012236047019697643
0.3338068181818182,0.7840909090909091,0.011649574282036546
0.34801136363636365,0.7840909090909091,0.012904714847780632
0.3622159090909091,0.7840909090909091,0.012988709919033517
0.37642045454545453,0.7840909090909091,0.012516305879635125
0.390625,0.7840909090909091,0.012005318915893457
0.40482954545454547,0.7840909090909091,0.011494331952151791
0.4190340909090909,0.7840909090909091,0.010983344988410125
0.43323863636363635,0.7840909090909091,0.01047235802466846
0.4474431818181818,0.7840909090909091,0.009961371060926792
0.4616477272727273,0.7840909090909091,0.009450384097185124
0.4758522727272727,0.7840909090909091,0.008097456215139267
0.4900568181818182,0.7840909090909091,0.008513599685344283
0.5042613636363636,0.7840909090909091,0.006172787702280728
0.5184659090909091,0.7840909090909091,0.0058796912054694195
0.5326704545454546,0.7840909090909091,0.005586594708658108
0.546875,0.7840909090909091,0.005293498211846801
0.5610795454545454,0.7840909090909091,0.005000401715035492
0.5752840909090909,0.7840909090909091,0.004707305218224181
0.5894886363636364,0.7840909090909091,0.004414208721412872
0.6036931818181818,0.7840909090909091,0.0008315625836456514
0.6178977272727273,0.7840909090909091,0.0014832989816234486
0.007102272727272727,0.8068181818181818,0.005118802443623522
0.02130681818181818,0.8068181818181818,0.005118802443623522
0.03551136363636364,0.8068181818181818,0.005118802443623522
0.04971590909090909,0.8068181818181818,0.005118802443623522
0.06392045454545454,0.8068181818181818,0.005118802443623522
0.078125,0.8068181818181818,0.00890455179466891
0.09232954545454546,0.8068181818181818,0.008067585472753555
0.10653409090909091,0.8068181818181818,0.0072306191508381985
0.12073863636363637,0.8068181818181818,0.006393652828922842
0.13494318181818182,0.8068181818181818,0.01287470232216876
0.14914772727272727,0.8068181818181818,0.012431968033178236
0.16335227272727273,0.8068181818181818,0.01198923374418771
0.17755681818181818,0.8068181818181818,0.011546499455197185
0.19176136363636365,0.8068181818181818,0.011103765166206658
0.2059659090909091,0.8068181818181818,0.012843259652399373
0.22017045454545456,0.8068181818181818,0.012506185363947351
0.234375,0.8068181818181818,0.01216911107549533
0.24857954545454544,0.8068181818181818,0.01183203678704331
0.2627840909090909,0.8068181818181818,0.014326768618066324
0.27698863636363635,0.8068181818181818,0.013740295880405226
0.2911931818181818,0.8068181818181818,0.013153823142744128
0.3053977272727273,0.8068181818181818,0.012567350405083031
0.3196022727272727,0.8068181818181818,0.012053537677292812
0.3338068181818182,0.8068181818181818,0.012137532748545697
0.34801136363636365,0.8068181818181818,0.012221527819798584
0.3622159090909091,0.8068181818181818,0.012305522891051471
0.37642045454545453,0.8068181818181818,0.011501851580218528
0.390625,0.8068181818181818,0.01099086461647686
0.40482954545454547,0.8068181818181818,0.010479877652735194
0.4190340909090909,0.8068181818181818,0.009968890688993528
0.43323863636363635,0.8068181818181818,0.009457903725251862
0.4474431818181818,0.8068181818181818,0.007462044432159165
0.4616477272727273,0.8068181818181818,0.007878187902364182
0.4758522727272727,0.8068181818181818,0.008294331372569198
0.4900568181818182,0.8068181818181818,0.008710474842774214
0.5042613636363636,0.8068181818181818,0.004673540550934877
0.5184659090909091,0.8068181818181818,0.004380444054123568
0.5326704545454546,0.8068181818181818,0.004087347557312258
0.546875,0.8068181818181818,0.0037942510605009495
0.5610795454545454,0.8068181818181818,0.0035011545636896408
0.5752840909090909,0.8068181818181818,0.0005583825441378242
0.5894886363636364,0.8068181818181818,0.001210118942115616
0.6036931818181818,0.8068181818181818,0.001861855340093408
0.6178977272727273,0.8068181818181818,0.002513591738071205
0.007102272727272727,0.8295454545454546,0.00716632342107294
0.02130681818181818,0.8295454545454546,0.00716632342107294
0.03551136363636364,0.8295454545454546,0.00716632342107294
0.04971590909090909,0.8295454545454546,0.008530963461050206
0.06392045454545454,0.8295454545454546,0.007693997139134849
0.078125,0.8295454545454546,0.0068570308172194935
0.09232954545454546,0.8295454545454546,0.0060200644953041366
0.10653409090909091,0.8295454545454546,0.0051830981733887805
0.12073863636363637,0.8295454545454546,0.004346131851473424
0.13494318181818182,0.8295454545454546,0.013644002701564914
0.14914772727272727,0.8295454545454546,0.013201268412574388
0.16335227272727273,0.8295454545454546,0.012758534123583862
0.17755681818181818,0.8295454545454546,0.01203973298752242
0.19176136363636365,0.8295454545454546,0.0117026586990704
0.2059659090909091,0.8295454545454546,0.011365584410618378
0.22017045454545456,0.8295454545454546,0.011028510122166355
0.234375,0.8295454545454546,0.010691435833714335
0.24857954545454544,0.8295454545454546,0.010354361545262314
0.2627840909090909,0.8295454545454546,0.014071599265790616
0.27698863636363635,0.8295454545454546,0.013485126528129518
0.2911931818181818,0.8295454545454546,0.01289865379046842
0.3053977272727273,0.8295454545454546,0.011286355578057874
0.3196022727272727,0.8295454545454546,0.01137035064931076
0.3338068181818182,0.8295454545454546,0.011454345720563646
0.34801136363636365,0.8295454545454546,0.011538340791816534
0.3622159090909091,0.8295454545454546,0.01162233586306942
0.37642045454545453,0.8295454545454546,0.010487397280801926
0.390625,0.8295454545454546,0.009976410317060258
0.40482954545454547,0.8295454545454546,0.009465423353318592
0.4190340909090909,0.8295454545454546,0.008954436389576926
0.43323863636363635,0.8295454545454546,0.00724277611938408
0.4474431818181818,0.8295454545454546,0.007658919589589098
0.4616477272727273,0.8295454545454546,0.008075063059794114
0.4758522727272727,0.8295454545454546,0.008491206529999129
0.4900568181818182,0.8295454545454546,0.008907350000204147
0.5042613636363636,0.8295454545454546,0.003174293399589019
0.5184659090909091,0.8295454545454546,0.00288119690277771
0.5326704545454546,0.8295454545454546,0.0025881004059663997
0.546875,0.8295454545454546,0.0002852025046299967
0.5610795454545454,0.8295454545454546,0.0009369389026077886
0.5752840909090909,0.8295454545454546,0.0015886753005855856
0.5894886363636364,0.8295454545454546,0.0022404116985633776
0.6036931818181818,0.8295454545454546,0.00289214809654117
0.6178977272727273,0.8295454545454546,0.0035438844945189663
0.007102272727272727,0.8522727272727273,0.00921384439852235
0.02130681818181818,0.8522727272727273,0.00921384439852235
0.03551136363636364,0.8522727272727273,0.0073204088055161525
0.04971590909090909,0.8522727272727273,0.006483442483600797
0.06392045454545454,0.8522727272727273,0.00564647616168544
0.078125,0.8522727272727273,0.004809509839770084
0.09232954545454546,0.8522727272727273,0.003972543517854728
0.10653409090909091,0.8522727272727273,0.003135577195939372
0.12073863636363637,0.8522727272727273,0.0022986108740240155
0.13494318181818182,0.8522727272727273,0.014413303080961061
0.14914772727272727,0.8522727272727273,0.011236206322645477
0.16335227272727273,0.8522727272727273,0.010899132034193454
0.17755681818181818,0.8522727272727273,0.010562057745741432
0.19176136363636365,0.8522727272727273,0.010224983457289411
0.2059659090909091,0.8522727272727273,0.009887909168837389
0.22017045454545456,0.8522727272727273,0.009550834880385366
0.234375,0.8522727272727273,0.009213760591933347
0.24857954545454544,0.8522727272727273,0.008876686303481325
0.2627840909090909,0.8522727272727273,0.013816429913514908
0.27698863636363635,0.8522727272727273,0.010435178407570052
0.2911931818181818,0.8522727272727273,0.010519173478822941
0.3053977272727273,0.8522727272727273,0.010603168550075827
0.3196022727272727,0.8522727272727273,0.010687163621328714
0.3338068181818182,0.8522727272727273,0.010771158692581601
0.34801136363636365,0.8522727272727273,0.010855153763834488
0.3622159090909091,0.8522727272727273,0.010939148835087373
0.37642045454545453,0.8522727272727273,0.009472942981385329
0.390625,0.8522727272727273,0.008961956017643661
0.40482954545454547,0.8522727272727273,0.00660736433640398
0.4190340909090909,0.8522727272727273,0.007023507806608995
0.43323863636363635,0.8522727272727273,0.007439651276814011
0.4474431818181818,0.8522727272727273,0.00785579474701903
0.4616477272727273,0.8522727272727273,0.008271938217224046
0.4758522727272727,0.8522727272727273,0.008688081687429062
0.4900568181818182,0.8522727272727273,0.009104225157634078
0.5042613636363636,0.8522727272727273,0.0016750462482431677
0.5184659090909091,0.8522727272727273,0.0013819497514318592
0.5326704545454546,0.8522727272727273,0.0006637588630999613
0.546875,0.8522727272727273,0.0013154952610777532
0.5610795454545454,0.8522727272727273,0.0019672316590555452
0.5752840909090909,0.8522727272727273,0.002618968057033342
0.5894886363636364,0.8522727272727273,0.003270704455011134
0.6036931818181818,0.8522727272727273,0.003922440852988926
0.6178977272727273,0.8522727272727273,0.0045741772509667235
0.007102272727272727,0.875,0.0
0.02130681818181818,0.875,0.0
0.03551136363636364,0.875,0.0
0.04971590909090909,0.875,0.0
0.06392045454545454,0.875,0.0
0.078125,0.875,0.0
0.09232954545454546,0.875,0.0
0.10653409090909091,0.875,0.0
0.12073863636363637,0.875,0.0
0.13494318181818182,0.875,0.006779427207514384
0.14914772727272727,0.875,0.005942460885599029
0.16335227272727273,0.875,0.005105494563683672
0.17755681818181818,0.875,0.004268528241768317
0.19176136363636365,0.875,0.0034315619198529595
0.2059659090909091,0.875,0.0025945955979376043
0.22017045454545456,0.875,0.001757629276022247
0.234375,0.875,0.0009206629541068917
0.24857954545454544,0.875,8.369663219153635e-05
0.2627840909090909,0.875,0.009274920821902287
0.27698863636363635,0.875,0.008100880211534907
0.2911931818181818,0.875,0.006926839601167529
0.3053977272727273,0.875,0.005752798990800149
0.3196022727272727,0.875,0.004578758380432775
0.3338068181818182,0.875,0.003404717770065396
0.34801136363636365,0.875,0.002230677159698017
0.3622159090909091,0.875,0.001056636549330638
0.37642045454545453,0.875,0.009483396190296074
0.390625,0.875,0.008393350651181582
0.40482954545454547,0.875,0.007303305112067089
0.4190340909090909,0.875,0.006213259572952601
0.43323863636363635,0.875,0.005123214033838109
0.4474431818181818,0.875,0.004033168494723616
0.4616477272727273,0.875,0.0029431229556091242
0.4758522727272727,0.875,0.0018530774164946364
0.4900568181818182,0.875,0.0007630318773801441
0.5042613636363636,0.875,0.005728167585730533
0.5184659090909091,0.875,0.00505426551682106
0.5326704545454546,0.875,0.004380363447911582
0.546875,0.875,0.0037064613790021095
0.5610795454545454,0.875,0.003032559310092637
0.5752840909090909,0.875,0.0023586572411831595
0.5894886363636364,0.875,0.0016847551722736867
0.6036931818181818,0.875,0.001010853103364214
0.6178977272727273,0.875,0.0003369510344547363
0.007102272727272727,0.8977272727272727,0.0013391461150645686
0.02130681818181818,0.8977272727272727,0.0013391461150645686
0.03551136363636364,0.8977272727272727,0.0013391461150645686
0.04971590909090909,0.8977272727272727,0.0013391461150645686
0.06392045454545454,0.8977272727272727,0.0013391461150645686
0.078125,0.8977272727272727,0.0013391461150645686
0.09232954545454546,0.8977272727272727,0.0013391461150645686
0.10653409090909091,0.8977272727272727,0.0060261575177905655
0.12073863636363637,0.8977272727272727,0.0060261575177905655
0.13494318181818182,0.8977272727272727,0.007318746069037619
0.14914772727272727,0.8977272727272727,0.006481779747122263
0.16335227272727273,0.8977272727272727,0.005644813425206906
0.17755681818181818,0.8977272727272727,0.004807847103291551
0.19176136363636365,0.8977272727272727,0.003970880781376193
0.2059659090909091,0.8977272727272727,0.003133914459460838
0.22017045454545456,0.8977272727272727,0.002296948137545481
0.234375,0.8977272727272727,0.008453092394645121
0.24857954545454544,0.8977272727272727,0.008453092394645121
0.2627840909090909,0.8977272727272727,0.009140528707897668
0.27698863636363635,0.8977272727272727,0.007966488097530288
0.2911931818181818,0.8977272727272727,0.00679244748716291
0.3053977272727273,0.8977272727272727,0.0056184068767955305
0.3196022727272727,0.8977272727272727,0.004444366266428156
0.3338068181818182,0.8977272727272727,0.003270325656060777
0.34801136363636365,0.8977272727272727,0.002096285045693398
0.3622159090909091,0.8977272727272727,0.007848327881624336
0.37642045454545453,0.8977272727272727,0.008817566637968047
0.390625,0.8977272727272727,0.007727521098853555
0.40482954545454547,0.8977272727272727,0.006637475559739063
0.4190340909090909,0.8977272727272727,0.005547430020624575
0.43323863636363635,0.8977272727272727,0.004457384481510083
0.4474431818181818,0.8977272727272727,0.0033673389423955905
0.4616477272727273,0.8977272727272727,0.0022772934032810983
0.4758522727272727,0.8977272727272727,0.0011872478641666104
0.4900568181818182,0.8977272727272727,0.004852094896148218
0.5042613636363636,0.8977272727272727,0.004685389348966064
0.5184659090909091,0.8977272727272727,0.004011487280056591
0.5326704545454546,0.8977272727272727,0.003337585211147113
0.546875,0.8977272727272727,0.0026636831422376405
0.5610795454545454,0.8977272727272727,0.0019897810733281677
0.5752840909090909,0.8977272727272727,0.0013158790044186903
0.5894886363636364,0.8977272727272727,0.0006419769355092176
0.6036931818181818,0.8977272727272727,0.00015959283070810112
0.6178977272727273,0.8977272727272727,0.00015959283070810112
0.007102272727272727,0.9204545454545454,0.002678292230129137
0.02130681818181818,0.9204545454545454,0.002678292230129137
0.03551136363636364,0.9204545454545454,0.002678292230129137
0.04971590909090909,0.9204545454545454,0.002678292230129137
0.06392045454545454,0.9204545454545454,0.002678292230129137
0.078125,0.9204545454545454,0.002678292230129137
0.09232954545454546,0.9204545454545454,0.004687011402725996
0.10653409090909091,0.9204545454545454,0.004687011402725996
0.12073863636363637,0.9204545454545454,0.004687011402725996
0.13494318181818182,0.9204545454545454,0.007858064930560852
0.14914772727272727,0.9204545454545454,0.007021098608645497
0.16335227272727273,0.9204545454545454,0.00618413228673014
0.17755681818181818,0.9204545454545454,0.005347165964814785
0.19176136363636365,0.9204545454545454,0.004510199642899428
0.2059659090909091,0.9204545454545454,0.006574627418057319
0.22017045454545456,0.9204545454545454,0.006574627418057319
0.234375,0.9204545454545454,0.006574627418057319
0.24857954545454544,0.9204545454545454,0.006574627418057319
0.2627840909090909,0.9204545454545454,0.009006136593893049
0.27698863636363635,0.9204545454545454,0.00783209598352567
0.2911931818181818,0.9204545454545454,0.006658055373158291
0.3053977272727273,0.9204545454545454,0.005484014762790913
0.3196022727272727,0.9204545454545454,0.004309974152423538
0.3338068181818182,0.9204545454545454,0.006104255019041153
0.34801136363636365,0.9204545454545454,0.006104255019041153
0.3622159090909091,0.9204545454545454,0.006104255019041153
0.37642045454545453,0.9204545454545454,0.008151737085640022
0.390625,0.9204545454545454,0.00706169154652553
0.40482954545454547,0.9204545454545454,0.005971646007411037
0.4190340909090909,0.9204545454545454,0.004881600468296549
0.43323863636363635,0.9204545454545454,0.0037915549291820567
0.4474431818181818,0.9204545454545454,0.0027015093900675646
0.4616477272727273,0.9204545454545454,0.0037738515858930593
0.4758522727272727,0.9204545454545454,0.0037738515858930593
0.4900568181818182,0.9204545454545454,0.0037738515858930593
0.5042613636363636,0.9204545454545454,0.0036426111122015944
0.5184659090909091,0.9204545454545454,0.002968709043292122
0.5326704545454546,0.9204545454545454,0.0022948069743826444
0.546875,0.9204545454545454,0.0016209049054731713
0.5610795454545454,0.9204545454545454,0.0009470028365636989
0.5752840909090909,0.9204545454545454,0.00027310076765422103
0.5894886363636364,0.9204545454545454,0.00012412775721741204
0.6036931818181818,0.9204545454545454,0.00012412775721741204
0.6178977272727273,0.9204545454545454,0.00012412775721741204
0.007102272727272727,0.9431818181818182,0.004017438345193712
0.02130681818181818,0.9431818181818182,0.004017438345193712
0.03551136363636364,0.9431818181818182,0.004017438345193712
0.04971590909090909,0.9431818181818182,0.004017438345193712
0.06392045454545454,0.9431818181818182,0.0033478652876614214
0.078125,0.9431818181818182,0.0033478652876614214
0.09232954545454546,0.9431818181818182,0.0033478652876614214
0.10653409090909091,0.9431818181818182,0.0033478652876614214
0.12073863636363637,0.9431818181818182,0.0033478652876614214
0.13494318181818182,0.9431818181818182,0.008397383792084089
0.14914772727272727,0.9431818181818182,0.007560417470168734
0.16335227272727273,0.9431818181818182,0.006723451148253377
0.17755681818181818,0.9431818181818182,0.0058864848263380214
0.19176136363636365,0.9431818181818182,0.004696162441469507
0.2059659090909091,0.9431818181818182,0.004696162441469507
0.22017045454545456,0.9431818181818182,0.004696162441469507
0.234375,0.9431818181818182,0.004696162441469507
0.24857954545454544,0.9431818181818182,0.004696162441469507
0.2627840909090909,0.9431818181818182,0.00887174447988843
0.27698863636363635,0.9431818181818182,0.007697703869521051
0.2911931818181818,0.9431818181818182,0.006523663259153672
0.3053977272727273,0.9431818181818182,0.005349622648786293
0.3196022727272727,0.9431818181818182,0.00436018215645796
0.3338068181818182,0.9431818181818182,0.00436018215645796
0.34801136363636365,0.9431818181818182,0.00436018215645796
0.3622159090909091,0.9431818181818182,0.00436018215645796
0.37642045454545453,0.9431818181818182,0.007485907533311993
0.390625,0.9431818181818182,0.0063958619941975
0.40482954545454547,0.9431818181818182,0.005305816455083007
0.4190340909090909,0.9431818181818182,0.00421577091596852
0.43323863636363635,0.9431818181818182,0.0026956082756378957
0.4474431818181818,0.9431818181818182,0.0026956082756378957
0.4616477272727273,0.9431818181818182,0.0026956082756378957
0.4758522727272727,0.9431818181818182,0.0026956082756378957
0.4900568181818182,0.9431818181818182,0.0026956082756378957
0.5042613636363636,0.9431818181818182,0.00259983287543712
0.5184659090909091,0.9431818181818182,0.0019259308065276476
0.5326704545454546,0.9431818181818182,0.0012520287376181698
0.546875,0.9431818181818182,0.0005781266687086972
0.5610795454545454,0.9431818181818182,8.866268372672275e-05
0.5752840909090909,0.9431818181818182,8.866268372672275e-05
0.5894886363636364,0.9431818181818182,8.866268372672275e-05
0.6036931818181818,0.9431818181818182,8.866268372672275e-05
0.6178977272727273,0.9431818181818182,8.866268372672275e-05
0.007102272727272727,0.9659090909090909,0.005356584460258281
0.02130681818181818,0.9659090909090909,0.005356584460258281
0.03551136363636364,0.9659090909090909,0.002008719172596853
0.04971590909090909,0.9659090909090909,0.002008719172596853
0.06392045454545454,0.9659090909090909,0.002008719172596853
0.078125,0.9659090909090909,0.002008719172596853
0.09232954545454546,0.9659090909090909,0.002008719172596853
0.10653409090909091,0.9659090909090909,0.002008719172596853
0.12073863636363637,0.9659090909090909,0.002008719172596853
0.13494318181818182,0.9659090909090909,0.008936702653607324
0.14914772727272727,0.9659090909090909,0.008099736331691969
0.16335227272727273,0.9659090909090909,0.0028176974648817044
0.17755681818181818,0.9659090909090909,0.0028176974648817044
0.19176136363636365,0.9659090909090909,0.0028176974648817044
0.2059659090909091,0.9659090909090909,0.0028176974648817044
0.22017045454545456,0.9659090909090909,0.0028176974648817044
0.234375,0.9659090909090909,0.0028176974648817044
0.24857954545454544,0.9659090909090909,0.0028176974648817044
0.2627840909090909,0.9659090909090909,0.008737352365883811
0.27698863636363635,0.9659090909090909,0.007563311755516432
0.2911931818181818,0.9659090909090909,0.0026161092938747762
0.3053977272727273,0.9659090909090909,0.0026161092938747762
0.3196022727272727,0.9659090909090909,0.0026161092938747762
0.3338068181818182,0.9659090909090909,0.0026161092938747762
0.34801136363636365,0.9659090909090909,0.0026161092938747762
0.3622159090909091,0.9659090909090909,0.0026161092938747762
0.37642045454545453,0.9659090909090909,0.006820077980983966
0.390625,0.9659090909090909,0.005730032441869474
0.40482954545454547,0.9659090909090909,0.0046399869027549815
0.4190340909090909,0.9659090909090909,0.0016173649653827373
0.43323863636363635,0.9659090909090909,0.0016173649653827373
0.4474431818181818,0.9659090909090909,0.0016173649653827373
0.4616477272727273,0.9659090909090909,0.0016173649653827373
0.4758522727272727,0.9659090909090909,0.0016173649653827373
0.4900568181818182,0.9659090909090909,0.0016173649653827373
0.5042613636363636,0.9659090909090909,0.0015570546386726512
0.5184659090909091,0.9659090909090909,0.0008831525697631785
0.5326704545454546,0.9659090909090909,0.00020925050085370065
0.546875,0.9659090909090909,5.3197610236033647e-05
0.5610795454545454,0.9659090909090909,5.3197610236033647e-05
0.5752840909090909,0.9659090909090909,5.3197610236033647e-05
0.5894886363636364,0.9659090909090909,5.3197610236033647e-05
0.6036931818181818,0.9659090909090909,5.3197610236033647e-05
0.6178977272727273,0.9659090909090909,5.3197610236033647e-05
0.007102272727272727,0.9886363636363636,0.00669573057532285
0.02130681818181818,0.9886363636363636,0.0006695730575322843
0.03551136363636364,0.9886363636363636,0.0006695730575322843
0.04971590909090909,0.9886363636363636,0.0006695730575322843
0.06392045454545454,0.9886363636363636,0.0006695730575322843
0.078125,0.9886363636363636,0.0006695730575322843
0.09232954545454546,0.9886363636363636,0.0006695730575322843
0.10653409090909091,0.9886363636363636,0.0006695730575322843
0.12073863636363637,0.9886363636363636,0.0006695730575322843
0.13494318181818182,0.9886363636363636,0.009476021515130557
0.14914772727272727,0.9886363636363636,0.0009392324882939014
0.16335227272727273,0.9886363636363636,0.0009392324882939014
0.17755681818181818,0.9886363636363636,0.0009392324882939014
0.19176136363636365,0.9886363636363636,0.0009392324882939014
0.2059659090909091,0.9886363636363636,0.0009392324882939014
0.22017045454545456,0.9886363636363636,0.0009392324882939014
0.234375,0.9886363636363636,0.0009392324882939014
0.24857954545454544,0.9886363636363636,0.0009392324882939014
0.2627840909090909,0.9886363636363636,0.000872036431291592
0.27698863636363635,0.9886363636363636,0.000872036431291592
0.2911931818181818,0.9886363636363636,0.000872036431291592
0.3053977272727273,0.9886363636363636,0.000872036431291592
0.3196022727272727,0.9886363636363636,0.000872036431291592
0.3338068181818182,0.9886363636363636,0.000872036431291592
0.34801136363636365,0.9886363636363636,0.000872036431291592
0.3622159090909091,0.9886363636363636,0.000872036431291592
0.37642045454545453,0.9886363636363636,0.006154248428655941
0.390625,0.9886363636363636,0.0005391216551275791
0.40482954545454547,0.9886363636363636,0.0005391216551275791
0.4190340909090909,0.9886363636363636,0.0005391216551275791
0.43323863636363635,0.9886363636363636,0.0005391216551275791
0.4474431818181818,0.9886363636363636,0.0005391216551275791
0.4616477272727273,0.9886363636363636,0.0005391216551275791
0.4758522727272727,0.9886363636363636,0.0005391216551275791
0.4900568181818182,0.9886363636363636,0.0005391216551275791
0.5042613636363636,0.9886363636363636,0.000514276401908182
0.5184659090909091,0.9886363636363636,1.773253674534455e-05
0.5326704545454546,0.9886363636363636,1.773253674534455e-05
0.546875,0.9886363636363636,1.773253674534455e-05
0.5610795454545454,0.9886363636363636,1.773253674534455e-05
0.5752840909090909,0.9886363636363636,1.773253674534455e-05
0.5894886363636364,0.9886363636363636,1.773253674534455e-05
0.6036931818181818,0.9886363636363636,1.773253674534455e-05
0.6178977272727273,0.9886363636363636,1.773253674534455e-05
