x,y,u
1.13636363636e-02,6.34943181818e-01,1.14752792852e-06
3.40909090909e-02,6.34943181818e-01,4.20159879873e-06
5.68181818182e-02,6.34943181818e-01,1.25687747611e-05
7.95454545455e-02,6.34943181818e-01,2.21957625073e-05
1.02272727273e-01,6.34943181818e-01,3.09652778951e-05
1.25000000000e-01,6.34943181818e-01,3.76057772500e-05
1.47727272727e-01,6.34943181818e-01,3.75727727030e-05
1.70454545455e-01,6.34943181818e-01,3.34449680780e-05
1.93181818182e-01,6.34943181818e-01,2.60650762329e-05
2.15909090909e-01,6.34943181818e-01,1.62995628688e-05
2.38636363636e-01,6.34943181818e-01,8.00882801221e-06
2.61363636364e-01,6.34943181818e-01,2.71755423987e-06
2.84090909091e-01,6.34943181818e-01,1.03418640381e-06
3.06818181818e-01,6.34943181818e-01,5.08471103977e-06
3.29545454545e-01,6.34943181818e-01,1.22567171074e-05
3.52272727273e-01,6.34943181818e-01,2.03400082396e-05
3.75000000000e-01,6.34943181818e-01,2.82079514619e-05
3.97727272727e-01,6.34943181818e-01,3.14152613921e-05
4.20454545455e-01,6.34943181818e-01,3.05004955174e-05
4.43181818182e-01,6.34943181818e-01,2.58183695576e-05
4.65909090909e-01,6.34943181818e-01,1.72538997916e-05
4.88636363636e-01,6.34943181818e-01,7.69642161789e-06
5.11363636364e-01,6.34943181818e-01,-2.67402686116e-07
5.34090909091e-01,6.34943181818e-01,-5.70844466868e-06
5.56818181818e-01,6.34943181818e-01,-5.63859589656e-06
5.79545454545e-01,6.34943181818e-01,-1.14130372592e-06
6.02272727273e-01,6.34943181818e-01,5.75912059198e-06
6.25000000000e-01,6.34943181818e-01,1.42050743784e-05
6.47727272727e-01,6.34943181818e-01,2.03833330667e-05
6.70454545455e-01,6.34943181818e-01,2.28613266296e-05
6.93181818182e-01,6.34943181818e-01,2.14637303985e-05
7.15909090909e-01,6.34943181818e-01,1.50998420113e-05
7.38636363636e-01,6.34943181818e-01,5.24979884534e-06
7.61363636364e-01,6.34943181818e-01,-4.74834369357e-06
7.84090909091e-01,6.34943181818e-01,-1.37594510741e-05
8.06818181818e-01,6.34943181818e-01,-1.83107715147e-05
8.29545454545e-01,6.34943181818e-01,-1.76151308383e-05
8.52272727273e-01,6.34943181818e-01,-1.31394787738e-05
8.75000000000e-01,6.34943181818e-01,-5.27878612735e-06
8.97727272727e-01,6.34943181818e-01,3.68648069683e-06
9.20454545455e-01,6.34943181818e-01,1.02612185410e-05
9.43181818182e-01,6.34943181818e-01,1.36676423766e-05
9.65909090909e-01,6.34943181818e-01,1.18720763508e-05
9.88636363636e-01,6.34943181818e-01,4.23550203547e-06
1.13636363636e-02,6.54829545455e-01,1.16610825542e-06
3.40909090909e-02,6.54829545455e-01,4.24828686826e-06
5.68181818182e-02,6.54829545455e-01,1.25802001952e-05
7.95454545455e-02,6.54829545455e-01,2.21242641399e-05
1.02272727273e-01,6.54829545455e-01,3.07771753172e-05
1.25000000000e-01,6.54829545455e-01,3.72714148725e-05
1.47727272727e-01,6.54829545455e-01,3.70711745746e-05
1.70454545455e-01,6.54829545455e-01,3.27813994087e-05
1.93181818182e-01,6.54829545455e-01,2.52508832383e-05
2.15909090909e-01,6.54829545455e-01,1.53593068174e-05
2.38636363636e-01,6.54829545455e-01,6.98312653585e-06
2.61363636364e-01,6.54829545455e-01,1.63594152241e-06
2.84090909091e-01,6.54829545455e-01,-7.49402982796e-08
3.06818181818e-01,6.54829545455e-01,3.98072949286e-06
3.29545454545e-01,6.54829545455e-01,1.11728073420e-05
3.52272727273e-01,6.54829545455e-01,1.92812702653e-05
3.75000000000e-01,6.54829545455e-01,2.71745927245e-05
3.97727272727e-01,6.54829545455e-01,3.03911445832e-05
4.20454545455e-01,6.54829545455e-01,2.94699156788e-05
4.43181818182e-01,6.54829545455e-01,2.47658950842e-05
4.65909090909e-01,6.54829545455e-01,1.61615047929e-05
4.88636363636e-01,6.54829545455e-01,6.55290569454e-06
5.11363636364e-01,6.54829545455e-01,-1.46079887638e-06
5.34090909091e-01,6.54829545455e-01,-6.94564125727e-06
5.56818181818e-01,6.54829545455e-01,-6.89691880670e-06
5.79545454545e-01,6.54829545455e-01,-2.38991802417e-06
6.02272727273e-01,6.54829545455e-01,4.54749940878e-06
6.25000000000e-01,6.54829545455e-01,1.30587899636e-05
6.47727272727e-01,6.54829545455e-01,1.93382286580e-05
6.70454545455e-01,6.54829545455e-01,2.19264634924e-05
6.93181818182e-01,6.54829545455e-01,2.06415063724e-05
7.15909090909e-01,6.54829545455e-01,1.43811403370e-05
7.38636363636e-01,6.54829545455e-01,4.60409781269e-06
7.61363636364e-01,6.54829545455e-01,-5.34790399656e-06
7.84090909091e-01,6.54829545455e-01,-1.43400940487e-05
8.06818181818e-01,6.54829545455e-01,-1.89055632960e-05
8.29545454545e-01,6.54829545455e-01,-1.82350611202e-05
8.52272727273e-01,6.54829545455e-01,-1.37818353301e-05
8.75000000000e-01,6.54829545455e-01,-5.93294319545e-06
8.97727272727e-01,6.54829545455e-01,3.06676275962e-06
9.20454545455e-01,6.54829545455e-01,9.71505478079e-06
9.43181818182e-01,6.54829545455e-01,1.32334289426e-05
9.65909090909e-01,6.54829545455e-01,1.15945946072e-05
9.88636363636e-01,6.54829545455e-01,4.14172375103e-06
1.13636363636e-02,6.74715909091e-01,1.22563680284e-06
3.40909090909e-02,6.74715909091e-01,4.40642210300e-06
5.68181818182e-02,6.74715909091e-01,1.26937892644e-05
7.95454545455e-02,6.74715909091e-01,2.20558438891e-05
1.02272727273e-01,6.74715909091e-01,3.04259245929e-05
1.25000000000e-01,6.74715909091e-01,3.65456668380e-05
1.47727272727e-01,6.74715909091e-01,3.59030486970e-05
1.70454545455e-01,6.74715909091e-01,3.11871164584e-05
1.93181818182e-01,6.74715909091e-01,2.32662994817e-05
2.15909090909e-01,6.74715909091e-01,1.30627936661e-05
2.38636363636e-01,6.74715909091e-01,4.50176509907e-06
2.61363636364e-01,6.74715909091e-01,-9.42006638720e-07
2.84090909091e-01,6.74715909091e-01,-2.66726299251e-06
3.06818181818e-01,6.74715909091e-01,1.45876778599e-06
3.29545454545e-01,6.74715909091e-01,8.74632469243e-06
3.52272727273e-01,6.74715909091e-01,1.69482307894e-05
3.75000000000e-01,6.74715909091e-01,2.49176487996e-05
3.97727272727e-01,6.74715909091e-01,2.81419401378e-05
4.20454545455e-01,6.74715909091e-01,2.71795517645e-05
4.43181818182e-01,6.74715909091e-01,2.23906723289e-05
4.65909090909e-01,6.74715909091e-01,1.36583431875e-05
4.88636363636e-01,6.74715909091e-01,3.90894078547e-06
5.11363636364e-01,6.74715909091e-01,-4.22945038528e-06
5.34090909091e-01,6.74715909091e-01,-9.81113537232e-06
5.56818181818e-01,6.74715909091e-01,-9.79002895309e-06
5.79545454545e-01,6.74715909091e-01,-5.23392535863e-06
6.02272727273e-01,6.74715909091e-01,1.81508575779e-06
6.25000000000e-01,6.74715909091e-01,1.04994998690e-05
6.47727272727e-01,6.74715909091e-01,1.70200284279e-05
6.70454545455e-01,6.74715909091e-01,1.98610817109e-05
6.93181818182e-01,6.74715909091e-01,1.88271467457e-05
7.15909090909e-01,6.74715909091e-01,1.27913025330e-05
7.38636363636e-01,6.74715909091e-01,3.17052095636e-06
7.61363636364e-01,6.74715909091e-01,-6.68250465247e-06
7.84090909091e-01,6.74715909091e-01,-1.56331351457e-05
8.06818181818e-01,6.74715909091e-01,-2.02262289679e-05
8.29545454545e-01,6.74715909091e-01,-1.96077375995e-05
8.52272727273e-01,6.74715909091e-01,-1.52026839925e-05
8.75000000000e-01,6.74715909091e-01,-7.38201842742e-06
8.97727272727e-01,6.74715909091e-01,1.68404513104e-06
9.20454545455e-01,6.74715909091e-01,8.48304035765e-06
9.43181818182e-01,6.74715909091e-01,1.22373735177e-05
9.65909090909e-01,6.74715909091e-01,1.09384434754e-05
9.88636363636e-01,6.74715909091e-01,3.91857353460e-06
1.13636363636e-02,6.94602272727e-01,1.30710253965e-06
3.40909090909e-02,6.94602272727e-01,4.62704988580e-06
5.68181818182e-02,6.94602272727e-01,1.28871930998e-05
7.95454545455e-02,6.94602272727e-01,2.20577399376e-05
1.02272727273e-01,6.94602272727e-01,3.01156820337e-05
1.25000000000e-01,6.94602272727e-01,3.58135031025e-05
1.47727272727e-01,6.94602272727e-01,3.46697556466e-05
1.70454545455e-01,6.94602272727e-01,2.94747513906e-05
1.93181818182e-01,6.94602272727e-01,2.11205062124e-05
2.15909090909e-01,6.94602272727e-01,1.05808005078e-05
2.38636363636e-01,6.94602272727e-01,1.83765070449e-06
2.61363636364e-01,6.94602272727e-01,-3.68338044986e-06
2.84090909091e-01,6.94602272727e-01,-5.38941974735e-06
3.06818181818e-01,6.94602272727e-01,-1.14879068815e-06
3.29545454545e-01,6.94602272727e-01,6.27583709688e-06
3.52272727273e-01,6.94602272727e-01,1.46059242028e-05
3.75000000000e-01,6.94602272727e-01,2.26762219957e-05
3.97727272727e-01,6.94602272727e-01,2.59117079078e-05
4.20454545455e-01,6.94602272727e-01,2.48997347904e-05
4.43181818182e-01,6.94602272727e-01,2.00077080987e-05
4.65909090909e-01,6.94602272727e-01,1.11209469374e-05
4.88636363636e-01,6.94602272727e-01,1.20372190355e-06
5.11363636364e-01,6.94602272727e-01,-7.08219612376e-06
5.34090909091e-01,6.94602272727e-01,-1.27775589792e-05
5.56818181818e-01,6.94602272727e-01,-1.27886485500e-05
5.79545454545e-01,6.94602272727e-01,-8.17672810247e-06
6.02272727273e-01,6.94602272727e-01,-1.00108447955e-06
6.25000000000e-01,6.94602272727e-01,7.87909220337e-06
6.47727272727e-01,6.94602272727e-01,1.46699119671e-05
6.70454545455e-01,6.94602272727e-01,1.77928184068e-05
6.93181818182e-01,6.94602272727e-01,1.70371090167e-05
7.15909090909e-01,6.94602272727e-01,1.12477961206e-05
7.38636363636e-01,6.94602272727e-01,1.79467751130e-06
7.61363636364e-01,6.94602272727e-01,-7.95682124421e-06
7.84090909091e-01,6.94602272727e-01,-1.68723821068e-05
8.06818181818e-01,6.94602272727e-01,-2.15115224086e-05
8.29545454545e-01,6.94602272727e-01,-2.09699821269e-05
8.52272727273e-01,6.94602272727e-01,-1.66404163033e-05
8.75000000000e-01,6.94602272727e-01,-8.87563045646e-06
8.97727272727e-01,6.94602272727e-01,2.38035413014e-07
9.20454545455e-01,6.94602272727e-01,7.17947740682e-06
9.43181818182e-01,6.94602272727e-01,1.11728920777e-05
9.65909090909e-01,6.94602272727e-01,1.02322277560e-05
9.88636363636e-01,6.94602272727e-01,3.67805262394e-06
1.13636363636e-02,7.14488636364e-01,1.42238546375e-06
3.40909090909e-02,7.14488636364e-01,4.94473310919e-06
5.68181818182e-02,7.14488636364e-01,1.32101177803e-05
7.95454545455e-02,7.14488636364e-01,2.21857791242e-05
1.02272727273e-01,7.14488636364e-01,2.99018439148e-05
1.25000000000e-01,7.14488636364e-01,3.51239829652e-05
1.47727272727e-01,7.14488636364e-01,3.34114501431e-05
1.70454545455e-01,7.14488636364e-01,2.76787066424e-05
1.93181818182e-01,7.14488636364e-01,1.88465899255e-05
2.15909090909e-01,7.14488636364e-01,7.95273278157e-06
2.38636363636e-01,7.14488636364e-01,-9.53866096524e-07
2.61363636364e-01,7.14488636364e-01,-6.51173552341e-06
2.84090909091e-01,7.14488636364e-01,-8.13991221241e-06
3.06818181818e-01,7.14488636364e-01,-3.71408762893e-06
3.29545454545e-01,7.14488636364e-01,3.91203530558e-06
3.52272727273e-01,7.14488636364e-01,1.24233785631e-05
3.75000000000e-01,7.14488636364e-01,2.06321454974e-05
3.97727272727e-01,7.14488636364e-01,2.38852531845e-05
4.20454545455e-01,7.14488636364e-01,2.28133339498e-05
4.43181818182e-01,7.14488636364e-01,1.77939589756e-05
4.65909090909e-01,7.14488636364e-01,8.71726524142e-06
4.88636363636e-01,7.14488636364e-01,-1.40399965455e-06
5.11363636364e-01,7.14488636364e-01,-9.86819920058e-06
5.34090909091e-01,7.14488636364e-01,-1.57001990908e-05
5.56818181818e-01,7.14488636364e-01,-1.57508300020e-05
5.79545454545e-01,7.14488636364e-01,-1.10764620089e-05
6.02272727273e-01,7.14488636364e-01,-3.75744530752e-06
6.25000000000e-01,7.14488636364e-01,5.34431984998e-06
6.47727272727e-01,7.14488636364e-01,1.24386210971e-05
6.70454545455e-01,7.14488636364e-01,1.58759017130e-05
6.93181818182e-01,7.14488636364e-01,1.54282233250e-05
7.15909090909e-01,7.14488636364e-01,9.90830506199e-06
7.38636363636e-01,7.14488636364e-01,6.31844705198e-07
7.61363636364e-01,7.14488636364e-01,-9.02085170236e-06
7.84090909091e-01,7.14488636364e-01,-1.79161598834e-05
8.06818181818e-01,7.14488636364e-01,-2.26326402174e-05
8.29545454545e-01,7.14488636364e-01,-2.22092227445e-05
8.52272727273e-01,7.14488636364e-01,-1.80007479665e-05
8.75000000000e-01,7.14488636364e-01,-1.03393431283e-05
8.97727272727e-01,7.14488636364e-01,-1.21625395490e-06
9.20454545455e-01,7.14488636364e-01,5.84209104407e-06
9.43181818182e-01,7.14488636364e-01,1.00630373169e-05
9.65909090909e-01,7.14488636364e-01,9.48832692514e-06
9.88636363636e-01,7.14488636364e-01,3.42417750043e-06
1.13636363636e-02,7.34375000000e-01,1.58351911441e-06
3.40909090909e-02,7.34375000000e-01,5.39836744456e-06
5.68181818182e-02,7.34375000000e-01,1.37478864840e-05
7.95454545455e-02,7.34375000000e-01,2.25992138626e-05
1.02272727273e-01,7.34375000000e-01,3.00407919101e-05
1.25000000000e-01,7.34375000000e-01,3.48540053285e-05
1.47727272727e-01,7.34375000000e-01,3.26515122518e-05
1.70454545455e-01,7.34375000000e-01,2.64727850615e-05
1.93181818182e-01,7.34375000000e-01,1.72672200428e-05
2.15909090909e-01,7.34375000000e-01,6.13836294360e-06
2.38636363636e-01,7.34375000000e-01,-2.80516267923e-06
2.61363636364e-01,7.34375000000e-01,-8.27664656111e-06
2.84090909091e-01,7.34375000000e-01,-9.71119808042e-06
3.06818181818e-01,7.34375000000e-01,-5.00618377191e-06
3.29545454545e-01,7.34375000000e-01,2.89005360572e-06
3.52272727273e-01,7.34375000000e-01,1.16305594109e-05
3.75000000000e-01,7.34375000000e-01,2.00052775571e-05
3.97727272727e-01,7.34375000000e-01,2.32804821392e-05
4.20454545455e-01,7.34375000000e-01,2.21469102508e-05
4.43181818182e-01,7.34375000000e-01,1.69949321584e-05
4.65909090909e-01,7.34375000000e-01,7.72353310084e-06
4.88636363636e-01,7.34375000000e-01,-2.60268164316e-06
5.11363636364e-01,7.34375000000e-01,-1.12450938997e-05
5.34090909091e-01,7.34375000000e-01,-1.72141157936e-05
5.56818181818e-01,7.34375000000e-01,-1.73108382480e-05
5.79545454545e-01,7.34375000000e-01,-1.25914097698e-05
6.02272727273e-01,7.34375000000e-01,-5.15645631352e-06
6.25000000000e-01,7.34375000000e-01,4.12873269931e-06
6.47727272727e-01,7.34375000000e-01,1.14746702698e-05
6.70454545455e-01,7.34375000000e-01,1.51708646617e-05
6.93181818182e-01,7.34375000000e-01,1.49741975085e-05
7.15909090909e-01,7.34375000000e-01,9.66848344148e-06
7.38636363636e-01,7.34375000000e-01,5.19350618132e-07
7.61363636364e-01,7.34375000000e-01,-9.08073541293e-06
7.84090909091e-01,7.34375000000e-01,-1.80000794433e-05
8.06818181818e-01,7.34375000000e-01,-2.28409757708e-05
8.29545454545e-01,7.34375000000e-01,-2.25927506182e-05
8.52272727273e-01,7.34375000000e-01,-1.85737906020e-05
8.75000000000e-01,7.34375000000e-01,-1.10975621911e-05
8.97727272727e-01,7.34375000000e-01,-2.07082207095e-06
9.20454545455e-01,7.34375000000e-01,4.98600898824e-06
9.43181818182e-01,7.34375000000e-01,9.30535783435e-06
9.65909090909e-01,7.34375000000e-01,8.95809635081e-06
9.88636363636e-01,7.34375000000e-01,3.24170496922e-06
1.13636363636e-02,7.54261363636e-01,1.76399350734e-06
3.40909090909e-02,7.54261363636e-01,5.91005828587e-06
5.68181818182e-02,7.54261363636e-01,1.43826674113e-05
7.95454545455e-02,7.54261363636e-01,2.31528062450e-05
1.02272727273e-01,7.54261363636e-01,3.03685928380e-05
1.25000000000e-01,7.54261363636e-01,3.48284980808e-05
1.47727272727e-01,7.54261363636e-01,3.22056254637e-05
1.70454545455e-01,7.54261363636e-01,2.56579130305e-05
1.93181818182e-01,7.54261363636e-01,1.61614403266e-05
2.15909090909e-01,7.54261363636e-01,4.88339847887e-06
2.38636363636e-01,7.54261363636e-01,-4.01691987821e-06
2.61363636364e-01,7.54261363636e-01,-9.33115391329e-06
2.84090909091e-01,7.54261363636e-01,-1.05125467673e-05
3.06818181818e-01,7.54261363636e-01,-5.48891811728e-06
3.29545454545e-01,7.54261363636e-01,2.70006825830e-06
3.52272727273e-01,7.54261363636e-01,1.16809507865e-05
3.75000000000e-01,7.54261363636e-01,2.02231281660e-05
3.97727272727e-01,7.54261363636e-01,2.35165342393e-05
4.20454545455e-01,7.54261363636e-01,2.23197092469e-05
4.43181818182e-01,7.54261363636e-01,1.70368838261e-05
4.65909090909e-01,7.54261363636e-01,7.57847303838e-06
4.88636363636e-01,7.54261363636e-01,-2.93998320849e-06
5.11363636364e-01,7.54261363636e-01,-1.17480012078e-05
5.34090909091e-01,7.54261363636e-01,-1.78435892809e-05
5.56818181818e-01,7.54261363636e-01,-1.79852810627e-05
5.79545454545e-01,7.54261363636e-01,-1.32325354131e-05
6.02272727273e-01,7.54261363636e-01,-5.70444472311e-06
6.25000000000e-01,7.54261363636e-01,3.73008912805e-06
6.47727272727e-01,7.54261363636e-01,1.12808121504e-05
6.70454545455e-01,7.54261363636e-01,1.51869164298e-05
6.93181818182e-01,7.54261363636e-01,1.51924828180e-05
7.15909090909e-01,7.54261363636e-01,1.00567492704e-05
7.38636363636e-01,7.54261363636e-01,1.00107701229e-06
7.61363636364e-01,7.54261363636e-01,-8.57305127698e-06
7.84090909091e-01,7.54261363636e-01,-1.75367130086e-05
8.06818181818e-01,7.54261363636e-01,-2.25178553282e-05
8.29545454545e-01,7.54261363636e-01,-2.24642814613e-05
8.52272727273e-01,7.54261363636e-01,-1.86609694248e-05
8.75000000000e-01,7.54261363636e-01,-1.14051583204e-05
8.97727272727e-01,7.54261363636e-01,-2.53064324045e-06
9.20454545455e-01,7.54261363636e-01,4.45559382965e-06
9.43181818182e-01,7.54261363636e-01,8.79225650728e-06
9.65909090909e-01,7.54261363636e-01,8.57909642531e-06
9.88636363636e-01,7.54261363636e-01,3.10998233275e-06
1.13636363636e-02,7.74147727273e-01,1.96953322868e-06
3.40909090909e-02,7.74147727273e-01,6.49867187030e-06
5.68181818182e-02,7.74147727273e-01,1.51583158017e-05
7.95454545455e-02,7.74147727273e-01,2.39349144370e-05
1.02272727273e-01,7.74147727273e-01,3.10360684052e-05
1.25000000000e-01,7.74147727273e-01,3.52798397593e-05
1.47727272727e-01,7.74147727273e-01,3.24128917751e-05
1.70454545455e-01,7.74147727273e-01,2.56867661822e-05
1.93181818182e-01,7.74147727273e-01,1.60976114830e-05
2.15909090909e-01,7.74147727273e-01,4.86588916104e-06
2.38636363636e-01,7.74147727273e-01,-3.82391955519e-06
2.61363636364e-01,7.74147727273e-01,-8.84429178765e-06
2.84090909091e-01,7.74147727273e-01,-9.66999905376e-06
3.06818181818e-01,7.74147727273e-01,-4.27719333593e-06
3.29545454545e-01,7.74147727273e-01,4.21891611169e-06
3.52272727273e-01,7.74147727273e-01,1.34333876098e-05
3.75000000000e-01,7.74147727273e-01,2.21210715643e-05
3.97727272727e-01,7.74147727273e-01,2.54139208614e-05
4.20454545455e-01,7.74147727273e-01,2.41496809838e-05
4.43181818182e-01,7.74147727273e-01,1.87477009656e-05
4.65909090909e-01,7.74147727273e-01,9.13526104030e-06
4.88636363636e-01,7.74147727273e-01,-1.52792945802e-06
5.11363636364e-01,7.74147727273e-01,-1.04553964598e-05
5.34090909091e-01,7.74147727273e-01,-1.66388277197e-05
5.56818181818e-01,7.74147727273e-01,-1.68148238344e-05
5.79545454545e-01,7.74147727273e-01,-1.20544327707e-05
6.02272727273e-01,7.74147727273e-01,-4.48936676787e-06
6.25000000000e-01,7.74147727273e-01,5.00772014532e-06
6.47727272727e-01,7.74147727273e-01,1.26432872507e-05
6.70454545455e-01,7.74147727273e-01,1.66350808927e-05
6.93181818182e-01,7.74147727273e-01,1.67210490478e-05
7.15909090909e-01,7.74147727273e-01,1.16483329756e-05
7.38636363636e-01,7.74147727273e-01,2.61127311857e-06
7.61363636364e-01,7.74147727273e-01,-6.98843178471e-06
7.84090909091e-01,7.74147727273e-01,-1.60264894772e-05
8.06818181818e-01,7.74147727273e-01,-2.11588451552e-05
8.29545454545e-01,7.74147727273e-01,-2.13142026032e-05
8.52272727273e-01,7.74147727273e-01,-1.77539366295e-05
8.75000000000e-01,7.74147727273e-01,-1.07659639698e-05
8.97727272727e-01,7.74147727273e-01,-2.14278019107e-06
9.20454545455e-01,7.74147727273e-01,4.63798632068e-06
9.43181818182e-01,7.74147727273e-01,8.82376647194e-06
9.65909090909e-01,7.74147727273e-01,8.54093862227e-06
9.88636363636e-01,7.74147727273e-01,3.09294005130e-06
1.13636363636e-02,7.94034090909e-01,2.15528229220e-06
3.40909090909e-02,7.94034090909e-01,7.03127869420e-06
5.68181818182e-02,7.94034090909e-01,1.58652978195e-05
7.95454545455e-02,7.94034090909e-01,2.46738468924e-05
1.02272727273e-01,7.94034090909e-01,3.17206147020e-05
1.25000000000e-01,7.94034090909e-01,3.58452304350e-05
1.47727272727e-01,7.94034090909e-01,3.28783080083e-05
1.70454545455e-01,7.94034090909e-01,2.61296131994e-05
1.93181818182e-01,7.94034090909e-01,1.66063039188e-05
2.15909090909e-01,7.94034090909e-01,5.56634151107e-06
2.38636363636e-01,7.94034090909e-01,-2.81090955855e-06
2.61363636364e-01,7.94034090909e-01,-7.47485552853e-06
2.84090909091e-01,7.94034090909e-01,-7.92339231478e-06
3.06818181818e-01,7.94034090909e-01,-2.19448917434e-06
3.29545454545e-01,7.94034090909e-01,6.54684858973e-06
3.52272727273e-01,7.94034090909e-01,1.59221378285e-05
3.75000000000e-01,7.94034090909e-01,2.46804380675e-05
3.97727272727e-01,7.94034090909e-01,2.79278057850e-05
4.20454545455e-01,7.94034090909e-01,2.65821484022e-05
4.43181818182e-01,7.94034090909e-01,2.10775986156e-05
4.65909090909e-01,7.94034090909e-01,1.13638167983e-05
4.88636363636e-01,7.94034090909e-01,6.31999219219e-07
5.11363636364e-01,7.94034090909e-01,-8.33862727019e-06
5.34090909091e-01,7.94034090909e-01,-1.45415903046e-05
5.56818181818e-01,7.94034090909e-01,-1.47172825438e-05
5.79545454545e-01,7.94034090909e-01,-9.95788638452e-06
6.02272727273e-01,7.94034090909e-01,-2.40014164807e-06
6.25000000000e-01,7.94034090909e-01,7.07980160689e-06
6.47727272727e-01,7.94034090909e-01,1.46846273651e-05
6.70454545455e-01,7.94034090909e-01,1.86445987426e-05
6.93181818182e-01,7.94034090909e-01,1.86997739011e-05
7.15909090909e-01,7.94034090909e-01,1.36012982876e-05
7.38636363636e-01,7.94034090909e-01,4.53901162373e-06
7.61363636364e-01,7.94034090909e-01,-5.09667885229e-06
7.84090909091e-01,7.94034090909e-01,-1.41878654814e-05
8.06818181818e-01,7.94034090909e-01,-1.94175095475e-05
8.29545454545e-01,7.94034090909e-01,-1.97223985546e-05
8.52272727273e-01,7.94034090909e-01,-1.63536425305e-05
8.75000000000e-01,7.94034090909e-01,-9.59811982030e-06
8.97727272727e-01,7.94034090909e-01,-1.24221075997e-06
9.20454545455e-01,7.94034090909e-01,5.27877792065e-06
9.43181818182e-01,7.94034090909e-01,9.22302226663e-06
9.65909090909e-01,7.94034090909e-01,8.73989029218e-06
9.88636363636e-01,7.94034090909e-01,3.15618138013e-06
1.13636363636e-02,8.13920454545e-01,2.32265090309e-06
3.40909090909e-02,8.13920454545e-01,7.51108515293e-06
5.68181818182e-02,8.13920454545e-01,1.65014465084e-05
7.95454545455e-02,8.13920454545e-01,2.53502501568e-05
1.02272727273e-01,8.13920454545e-01,3.23748205843e-05
1.25000000000e-01,8.13920454545e-01,3.64376454810e-05
1.47727272727e-01,8.13920454545e-01,3.34600556445e-05
1.70454545455e-01,8.13920454545e-01,2.67857728869e-05
1.93181818182e-01,8.13920454545e-01,1.74267715254e-05
2.15909090909e-01,8.13920454545e-01,6.66766161011e-06
2.38636363636e-01,8.13920454545e-01,-1.33775317161e-06
2.61363636364e-01,8.13920454545e-01,-5.61273551452e-06
2.84090909091e-01,8.13920454545e-01,-5.67920393305e-06
3.06818181818e-01,8.13920454545e-01,3.54593181100e-07
3.29545454545e-01,8.13920454545e-01,9.29179428772e-06
3.52272727273e-01,8.13920454545e-01,1.87725022508e-05
3.75000000000e-01,8.13920454545e-01,2.75460527565e-05
3.97727272727e-01,8.13920454545e-01,3.07153217479e-05
4.20454545455e-01,8.13920454545e-01,2.92779020618e-05
4.43181818182e-01,8.13920454545e-01,2.36823310861e-05
4.65909090909e-01,8.13920454545e-01,1.39043458612e-05
4.88636363636e-01,8.13920454545e-01,3.15764358658e-06
5.11363636364e-01,8.13920454545e-01,-5.80201027812e-06
5.34090909091e-01,8.13920454545e-01,-1.19756100498e-05
5.56818181818e-01,8.13920454545e-01,-1.21248870895e-05
5.79545454545e-01,8.13920454545e-01,-7.36964106990e-06
6.02272727273e-01,8.13920454545e-01,1.53555113181e-07
6.25000000000e-01,8.13920454545e-01,9.56526653576e-06
6.47727272727e-01,8.13920454545e-01,1.70643374459e-05
6.70454545455e-01,8.13920454545e-01,2.09165026779e-05
6.93181818182e-01,8.13920454545e-01,2.08695338735e-05
7.15909090909e-01,8.13920454545e-01,1.56895931801e-05
7.38636363636e-01,8.13920454545e-01,6.57738623447e-06
7.61363636364e-01,8.13920454545e-01,-3.09589949320e-06
7.84090909091e-01,8.13920454545e-01,-1.22199069166e-05
8.06818181818e-01,8.13920454545e-01,-1.75036809887e-05
8.29545454545e-01,8.13920454545e-01,-1.79104870381e-05
8.52272727273e-01,8.13920454545e-01,-1.46902740248e-05
8.75000000000e-01,8.13920454545e-01,-8.13445591965e-06
8.97727272727e-01,8.13920454545e-01,-4.66469078250e-08
9.20454545455e-01,8.13920454545e-01,6.18843885509e-06
9.43181818182e-01,8.13920454545e-01,9.84102238404e-06
9.65909090909e-01,8.13920454545e-01,9.08100105914e-06
9.88636363636e-01,8.13920454545e-01,3.26763577946e-06
1.13636363636e-02,8.33806818182e-01,2.39400615851e-06
3.40909090909e-02,8.33806818182e-01,7.70898013486e-06
5.68181818182e-02,8.33806818182e-01,1.67126857264e-05
7.95454545455e-02,8.33806818182e-01,2.55255987011e-05
1.02272727273e-01,8.33806818182e-01,3.25113124737e-05
1.25000000000e-01,8.33806818182e-01,3.65576901407e-05
1.47727272727e-01,8.33806818182e-01,3.36896954202e-05
1.70454545455e-01,8.33806818182e-01,2.72250415940e-05
1.93181818182e-01,8.33806818182e-01,1.81654404481e-05
2.15909090909e-01,8.33806818182e-01,7.79498373383e-06
2.38636363636e-01,8.33806818182e-01,1.95014202018e-07
2.61363636364e-01,8.33806818182e-01,-3.71987320666e-06
2.84090909091e-01,8.33806818182e-01,-3.49576937926e-06
3.06818181818e-01,8.33806818182e-01,2.67618542125e-06
3.29545454545e-01,8.33806818182e-01,1.16145228892e-05
3.52272727273e-01,8.33806818182e-01,2.10060323529e-05
3.75000000000e-01,8.33806818182e-01,2.96159492165e-05
3.97727272727e-01,8.33806818182e-01,3.26075534882e-05
4.20454545455e-01,8.33806818182e-01,3.10450191570e-05
4.43181818182e-01,8.33806818182e-01,2.53887792044e-05
4.65909090909e-01,8.33806818182e-01,1.56488718728e-05
4.88636363636e-01,8.33806818182e-01,5.03627301004e-06
5.11363636364e-01,8.33806818182e-01,-3.75967060004e-06
5.34090909091e-01,8.33806818182e-01,-9.76163182186e-06
5.56818181818e-01,8.33806818182e-01,-9.79499462606e-06
5.79545454545e-01,8.33806818182e-01,-5.02251450080e-06
6.02272727273e-01,8.33806818182e-01,2.43209813590e-06
6.25000000000e-01,8.33806818182e-01,1.16870188864e-05
6.47727272727e-01,8.33806818182e-01,1.89399430988e-05
6.70454545455e-01,8.33806818182e-01,2.25452068182e-05
6.93181818182e-01,8.33806818182e-01,2.22716047785e-05
7.15909090909e-01,8.33806818182e-01,1.69271943488e-05
7.38636363636e-01,8.33806818182e-01,7.76066844818e-06
7.61363636364e-01,8.33806818182e-01,-1.89596254423e-06
7.84090909091e-01,8.33806818182e-01,-1.09423800877e-05
8.06818181818e-01,8.33806818182e-01,-1.61086833171e-05
8.29545454545e-01,8.33806818182e-01,-1.64274159240e-05
8.52272727273e-01,8.33806818182e-01,-1.31693809810e-05
8.75000000000e-01,8.33806818182e-01,-6.64316157841e-06
8.97727272727e-01,8.33806818182e-01,1.28096499443e-06
9.20454545455e-01,8.33806818182e-01,7.28274090637e-06
9.43181818182e-01,8.33806818182e-01,1.06467565910e-05
9.65909090909e-01,8.33806818182e-01,9.55772278322e-06
9.88636363636e-01,8.33806818182e-01,3.42603402082e-06
1.13636363636e-02,8.53693181818e-01,2.39307176608e-06
3.40909090909e-02,8.53693181818e-01,7.69309622431e-06
5.68181818182e-02,8.53693181818e-01,1.65902871650e-05
7.95454545455e-02,8.53693181818e-01,2.52809298818e-05
1.02272727273e-01,8.53693181818e-01,3.21708545696e-05
1.25000000000e-01,8.53693181818e-01,3.61743315558e-05
1.47727272727e-01,8.53693181818e-01,3.34248155274e-05
1.70454545455e-01,8.53693181818e-01,2.71843278645e-05
1.93181818182e-01,8.53693181818e-01,1.84369314551e-05
2.15909090909e-01,8.53693181818e-01,8.45255774817e-06
2.38636363636e-01,8.53693181818e-01,1.21851788790e-06
2.61363636364e-01,8.53693181818e-01,-2.40490956579e-06
2.84090909091e-01,8.53693181818e-01,-1.98699555026e-06
3.06818181818e-01,8.53693181818e-01,4.19635575041e-06
3.29545454545e-01,8.53693181818e-01,1.30043026012e-05
3.52272727273e-01,8.53693181818e-01,2.21833930457e-05
3.75000000000e-01,8.53693181818e-01,3.05229475074e-05
3.97727272727e-01,8.53693181818e-01,3.32825500927e-05
4.20454545455e-01,8.53693181818e-01,3.15796561892e-05
4.43181818182e-01,8.53693181818e-01,2.58843317420e-05
4.65909090909e-01,8.53693181818e-01,1.62442093439e-05
4.88636363636e-01,8.53693181818e-01,5.85259683646e-06
5.11363636364e-01,8.53693181818e-01,-2.69048293801e-06
5.34090909091e-01,8.53693181818e-01,-8.43669929718e-06
5.56818181818e-01,8.53693181818e-01,-8.29609098926e-06
5.79545454545e-01,8.53693181818e-01,-3.48099597568e-06
6.02272727273e-01,8.53693181818e-01,3.90447757844e-06
6.25000000000e-01,8.53693181818e-01,1.29769783081e-05
6.47727272727e-01,8.53693181818e-01,1.99364608641e-05
6.70454545455e-01,8.53693181818e-01,2.32503917933e-05
6.93181818182e-01,8.53693181818e-01,2.27147770596e-05
7.15909090909e-01,8.53693181818e-01,1.71925182657e-05
7.38636363636e-01,8.53693181818e-01,7.99730124135e-06
7.61363636364e-01,8.53693181818e-01,-1.58839509274e-06
7.84090909091e-01,8.53693181818e-01,-1.04755194174e-05
8.06818181818e-01,8.53693181818e-01,-1.54122427378e-05
8.29545454545e-01,8.53693181818e-01,-1.55194885246e-05
8.52272727273e-01,8.53693181818e-01,-1.20987401940e-05
8.75000000000e-01,8.53693181818e-01,-5.48104474215e-06
8.97727272727e-01,8.53693181818e-01,2.37812385043e-06
9.20454545455e-01,8.53693181818e-01,8.22691851821e-06
9.43181818182e-01,8.53693181818e-01,1.13650947802e-05
9.65909090909e-01,8.53693181818e-01,9.99008888956e-06
9.88636363636e-01,8.53693181818e-01,3.57025932844e-06
1.13636363636e-02,8.73579545455e-01,2.31984772579e-06
3.40909090909e-02,8.73579545455e-01,7.46343342129e-06
5.68181818182e-02,8.73579545455e-01,1.61342508242e-05
7.95454545455e-02,8.73579545455e-01,2.46162436987e-05
1.02272727273e-01,8.73579545455e-01,3.13534468722e-05
1.25000000000e-01,8.73579545455e-01,3.52875697263e-05
1.47727272727e-01,8.73579545455e-01,3.26654159659e-05
1.70454545455e-01,8.73579545455e-01,2.66636316984e-05
1.93181818182e-01,8.73579545455e-01,1.82412445463e-05
2.15909090909e-01,8.73579545455e-01,8.64038365315e-06
2.38636363636e-01,8.73579545455e-01,1.73275788603e-06
2.61363636364e-01,8.73579545455e-01,-1.66784459192e-06
2.84090909091e-01,8.73579545455e-01,-1.15288244604e-06
3.06818181818e-01,8.73579545455e-01,4.91510416858e-06
3.29545454545e-01,8.73579545455e-01,1.34611334238e-05
3.52272727273e-01,8.73579545455e-01,2.23045843293e-05
3.75000000000e-01,8.73579545455e-01,3.02670476294e-05
3.97727272727e-01,8.73579545455e-01,3.27403115614e-05
4.20454545455e-01,8.73579545455e-01,3.08818131583e-05
4.43181818182e-01,8.73579545455e-01,2.51689886991e-05
4.65909090909e-01,8.73579545455e-01,1.56903582744e-05
4.88636363636e-01,8.73579545455e-01,5.60661506583e-06
5.11363636364e-01,8.73579545455e-01,-2.59444729204e-06
5.34090909091e-01,8.73579545455e-01,-8.00081247574e-06
5.56818181818e-01,8.73579545455e-01,-7.62817617912e-06
5.79545454545e-01,8.73579545455e-01,-2.74508549452e-06
6.02272727273e-01,8.73579545455e-01,4.57069344081e-06
6.25000000000e-01,8.73579545455e-01,1.34351448007e-05
6.47727272727e-01,8.73579545455e-01,2.00538907418e-05
6.70454545455e-01,8.73579545455e-01,2.30320576030e-05
6.93181818182e-01,8.73579545455e-01,2.21990507165e-05
7.15909090909e-01,8.73579545455e-01,1.64855649308e-05
7.38636363636e-01,8.73579545455e-01,7.28728461399e-06
7.61363636364e-01,8.73579545455e-01,-2.17319713871e-06
7.84090909091e-01,8.73579545455e-01,-1.08193249055e-05
8.06818181818e-01,8.73579545455e-01,-1.54143592508e-05
8.29545454545e-01,8.73579545455e-01,-1.51867048399e-05
8.52272727273e-01,8.73579545455e-01,-1.14783516640e-05
8.75000000000e-01,8.73579545455e-01,-4.64810541087e-06
8.97727272727e-01,8.73579545455e-01,3.24482966015e-06
9.20454545455e-01,8.73579545455e-01,9.02097169061e-06
9.43181818182e-01,8.73579545455e-01,1.19960369518e-05
9.65909090909e-01,8.73579545455e-01,1.03780993781e-05
9.88636363636e-01,8.73579545455e-01,3.70031170234e-06
1.13636363636e-02,8.93465909091e-01,2.13061006752e-06
3.40909090909e-02,8.93465909091e-01,6.88968941940e-06
5.68181818182e-02,8.93465909091e-01,1.51337832891e-05
7.95454545455e-02,8.93465909091e-01,2.32505503144e-05
1.02272727273e-01,8.93465909091e-01,2.97166142802e-05
1.25000000000e-01,8.93465909091e-01,3.35022436159e-05
1.47727272727e-01,8.93465909091e-01,3.09713163914e-05
1.70454545455e-01,8.93465909091e-01,2.51760852492e-05
1.93181818182e-01,8.93465909091e-01,1.70408102642e-05
2.15909090909e-01,8.93465909091e-01,7.76115080246e-06
2.38636363636e-01,8.93465909091e-01,1.06695893024e-06
2.61363636364e-01,8.93465909091e-01,-2.26037281298e-06
2.84090909091e-01,8.93465909091e-01,-1.83139550404e-06
3.06818181818e-01,8.93465909091e-01,3.90919185636e-06
3.29545454545e-01,8.93465909091e-01,1.19889343876e-05
3.52272727273e-01,8.93465909091e-01,2.03159270745e-05
3.75000000000e-01,8.93465909091e-01,2.77554727041e-05
3.97727272727e-01,8.93465909091e-01,2.98842297473e-05
4.20454545455e-01,8.93465909091e-01,2.78707004611e-05
4.43181818182e-01,8.93465909091e-01,2.21944854430e-05
4.65909090909e-01,8.93465909091e-01,1.29863286227e-05
4.88636363636e-01,8.93465909091e-01,3.34852558267e-06
5.11363636364e-01,8.93465909091e-01,-4.37390417502e-06
5.34090909091e-01,8.93465909091e-01,-9.31503062991e-06
5.56818181818e-01,8.93465909091e-01,-8.62429316124e-06
5.79545454545e-01,8.93465909091e-01,-3.63025873620e-06
6.02272727273e-01,8.93465909091e-01,3.62680881548e-06
6.25000000000e-01,8.93465909091e-01,1.22648777136e-05
6.47727272727e-01,8.93465909091e-01,1.85051074927e-05
6.70454545455e-01,8.93465909091e-01,2.11181382087e-05
6.93181818182e-01,8.93465909091e-01,1.99734190427e-05
7.15909090909e-01,8.93465909091e-01,1.40844085449e-05
7.38636363636e-01,8.93465909091e-01,4.94472630389e-06
7.61363636364e-01,8.93465909091e-01,-4.29763066143e-06
7.84090909091e-01,8.93465909091e-01,-1.25808367017e-05
8.06818181818e-01,8.93465909091e-01,-1.66819349393e-05
8.29545454545e-01,8.93465909091e-01,-1.59554824803e-05
8.52272727273e-01,8.93465909091e-01,-1.17921475455e-05
8.75000000000e-01,8.93465909091e-01,-4.58264776035e-06
8.97727272727e-01,8.93465909091e-01,3.49978772744e-06
9.20454545455e-01,8.93465909091e-01,9.35064485028e-06
9.43181818182e-01,8.93465909091e-01,1.23023986254e-05
9.65909090909e-01,8.93465909091e-01,1.05736834140e-05
9.88636363636e-01,8.93465909091e-01,3.76639782277e-06
1.13636363636e-02,9.13352272727e-01,1.91527256901e-06
3.40909090909e-02,9.13352272727e-01,6.23847520566e-06
5.68181818182e-02,9.13352272727e-01,1.40102803327e-05
7.95454545455e-02,9.13352272727e-01,2.17263211017e-05
1.02272727273e-01,9.13352272727e-01,2.78944279169e-05
1.25000000000e-01,9.13352272727e-01,3.15136250077e-05
1.47727272727e-01,9.13352272727e-01,2.90644260683e-05
1.70454545455e-01,9.13352272727e-01,2.34653257814e-05
1.93181818182e-01,9.13352272727e-01,1.56033998445e-05
2.15909090909e-01,9.13352272727e-01,6.62281938300e-06
2.38636363636e-01,9.13352272727e-01,1.05916802163e-07
2.61363636364e-01,9.13352272727e-01,-3.19301356059e-06
2.84090909091e-01,9.13352272727e-01,-2.90209051385e-06
3.06818181818e-01,9.13352272727e-01,2.45567875346e-06
3.29545454545e-01,9.13352272727e-01,1.00207415850e-05
3.52272727273e-01,9.13352272727e-01,1.77931226117e-05
3.75000000000e-01,9.13352272727e-01,2.46847597615e-05
3.97727272727e-01,9.13352272727e-01,2.64706730807e-05
4.20454545455e-01,9.13352272727e-01,2.43187579607e-05
4.43181818182e-01,9.13352272727e-01,1.87083231661e-05
4.65909090909e-01,9.13352272727e-01,9.81042053861e-06
4.88636363636e-01,9.13352272727e-01,6.59303577436e-07
5.11363636364e-01,9.13352272727e-01,-6.54868567399e-06
5.34090909091e-01,9.13352272727e-01,-1.09957974311e-05
5.56818181818e-01,9.13352272727e-01,-9.97187502992e-06
5.79545454545e-01,9.13352272727e-01,-4.86234918216e-06
6.02272727273e-01,9.13352272727e-01,2.33440630812e-06
6.25000000000e-01,9.13352272727e-01,1.07400981768e-05
6.47727272727e-01,9.13352272727e-01,1.65974828960e-05
6.70454545455e-01,9.13352272727e-01,1.88460813503e-05
6.93181818182e-01,9.13352272727e-01,1.73958001301e-05
7.15909090909e-01,9.13352272727e-01,1.13446951627e-05
7.38636363636e-01,9.13352272727e-01,2.28294297986e-06
7.61363636364e-01,9.13352272727e-01,-6.72034052996e-06
7.84090909091e-01,9.13352272727e-01,-1.46192258383e-05
8.06818181818e-01,9.13352272727e-01,-1.82072516627e-05
8.29545454545e-01,9.13352272727e-01,-1.69652335429e-05
8.52272727273e-01,9.13352272727e-01,-1.23308384200e-05
8.75000000000e-01,9.13352272727e-01,-4.72583937201e-06
8.97727272727e-01,9.13352272727e-01,3.56823051303e-06
9.20454545455e-01,9.13352272727e-01,9.52257072824e-06
9.43181818182e-01,9.13352272727e-01,1.24866789544e-05
9.65909090909e-01,9.13352272727e-01,1.06916046191e-05
9.88636363636e-01,9.13352272727e-01,3.80626193715e-06
1.13636363636e-02,9.33238636364e-01,1.66901878210e-06
3.40909090909e-02,9.33238636364e-01,5.49545662274e-06
5.68181818182e-02,9.33238636364e-01,1.27406963984e-05
7.95454545455e-02,9.33238636364e-01,2.00137899334e-05
1.02272727273e-01,9.33238636364e-01,2.58520635966e-05
1.25000000000e-01,9.33238636364e-01,2.92834964962e-05
1.47727272727e-01,9.33238636364e-01,2.69039323995e-05
1.70454545455e-01,9.33238636364e-01,2.14866544578e-05
1.93181818182e-01,9.33238636364e-01,1.38785512444e-05
2.15909090909e-01,9.33238636364e-01,5.16585713666e-06
2.38636363636e-01,9.33238636364e-01,-1.22317302702e-06
2.61363636364e-01,9.33238636364e-01,-4.55375933671e-06
2.84090909091e-01,9.33238636364e-01,-4.46927249137e-06
3.06818181818e-01,9.33238636364e-01,4.35283405388e-07
3.29545454545e-01,9.33238636364e-01,7.42685644502e-06
3.52272727273e-01,9.33238636364e-01,1.46009860490e-05
3.75000000000e-01,9.33238636364e-01,2.09199226252e-05
3.97727272727e-01,9.33238636364e-01,2.23740399802e-05
4.20454545455e-01,9.33238636364e-01,2.01136206916e-05
4.43181818182e-01,9.33238636364e-01,1.46139814505e-05
4.65909090909e-01,9.33238636364e-01,6.08284831077e-06
4.88636363636e-01,9.33238636364e-01,-2.52735743810e-06
5.11363636364e-01,9.33238636364e-01,-9.17536790084e-06
5.34090909091e-01,9.33238636364e-01,-1.30940295696e-05
5.56818181818e-01,9.33238636364e-01,-1.17216892924e-05
5.79545454545e-01,9.33238636364e-01,-6.49443284959e-06
6.02272727273e-01,9.33238636364e-01,6.37608603686e-07
6.25000000000e-01,9.33238636364e-01,8.80267164906e-06
6.47727272727e-01,9.33238636364e-01,1.42746503063e-05
6.70454545455e-01,9.33238636364e-01,1.61641503928e-05
6.93181818182e-01,9.33238636364e-01,1.44213603103e-05
7.15909090909e-01,9.33238636364e-01,8.23016114806e-06
7.38636363636e-01,9.33238636364e-01,-7.27401136266e-07
7.61363636364e-01,9.33238636364e-01,-9.46676807801e-06
7.84090909091e-01,9.33238636364e-01,-1.69596963912e-05
8.06818181818e-01,9.33238636364e-01,-2.00212848248e-05
8.29545454545e-01,9.33238636364e-01,-1.82562128897e-05
8.52272727273e-01,9.33238636364e-01,-1.31449916708e-05
8.75000000000e-01,9.33238636364e-01,-5.13833296134e-06
8.97727272727e-01,9.33238636364e-01,3.38564932513e-06
9.20454545455e-01,9.33238636364e-01,9.47485027012e-06
9.43181818182e-01,9.33238636364e-01,1.24961547784e-05
9.65909090909e-01,9.33238636364e-01,1.06963763913e-05
9.88636363636e-01,9.33238636364e-01,3.80778330650e-06
1.13636363636e-02,9.53125000000e-01,1.46100895238e-06
3.40909090909e-02,9.53125000000e-01,4.86605103086e-06
5.68181818182e-02,9.53125000000e-01,1.16522623254e-05
7.95454545455e-02,9.53125000000e-01,1.85418149117e-05
1.02272727273e-01,9.53125000000e-01,2.41024086777e-05
1.25000000000e-01,9.53125000000e-01,2.73906592477e-05
1.47727272727e-01,9.53125000000e-01,2.51123967798e-05
1.70454545455e-01,9.53125000000e-01,1.99009989414e-05
1.93181818182e-01,9.53125000000e-01,1.25641201655e-05
2.15909090909e-01,9.53125000000e-01,4.13044224389e-06
2.38636363636e-01,9.53125000000e-01,-2.12031609070e-06
2.61363636364e-01,9.53125000000e-01,-5.46773729930e-06
2.84090909091e-01,9.53125000000e-01,-5.56810956292e-06
3.06818181818e-01,9.53125000000e-01,-1.07957950665e-06
3.29545454545e-01,9.53125000000e-01,5.39157954455e-06
3.52272727273e-01,9.53125000000e-01,1.20318086811e-05
3.75000000000e-01,9.53125000000e-01,1.78523607405e-05
3.97727272727e-01,9.53125000000e-01,1.90511687256e-05
4.20454545455e-01,9.53125000000e-01,1.67486498441e-05
4.43181818182e-01,9.53125000000e-01,1.14121389940e-05
4.65909090909e-01,9.53125000000e-01,3.27604059783e-06
4.88636363636e-01,9.53125000000e-01,-4.79883502307e-06
5.11363636364e-01,9.53125000000e-01,-1.09132695202e-05
5.34090909091e-01,9.53125000000e-01,-1.43475450641e-05
5.56818181818e-01,9.53125000000e-01,-1.26825730274e-05
5.79545454545e-01,9.53125000000e-01,-7.38573856633e-06
6.02272727273e-01,9.53125000000e-01,-3.53188283800e-07
6.25000000000e-01,9.53125000000e-01,7.55452035443e-06
6.47727272727e-01,9.53125000000e-01,1.26583162756e-05
6.70454545455e-01,9.53125000000e-01,1.42195370878e-05
6.93181818182e-01,9.53125000000e-01,1.22221992655e-05
7.15909090909e-01,9.53125000000e-01,5.92582073608e-06
7.38636363636e-01,9.53125000000e-01,-2.92196981032e-06
7.61363636364e-01,9.53125000000e-01,-1.14231100971e-05
7.84090909091e-01,9.53125000000e-01,-1.85698838013e-05
8.06818181818e-01,9.53125000000e-01,-2.12140552627e-05
8.29545454545e-01,9.53125000000e-01,-1.90628496680e-05
8.52272727273e-01,9.53125000000e-01,-1.36222064262e-05
8.75000000000e-01,9.53125000000e-01,-5.36326547079e-06
8.97727272727e-01,9.53125000000e-01,3.27436329233e-06
9.20454545455e-01,9.53125000000e-01,9.41795446540e-06
9.43181818182e-01,9.53125000000e-01,1.24523035816e-05
9.65909090909e-01,9.53125000000e-01,1.06481941891e-05
9.88636363636e-01,9.53125000000e-01,3.79006564182e-06
1.13636363636e-02,9.73011363636e-01,1.28815222382e-06
3.40909090909e-02,9.73011363636e-01,4.34101220467e-06
5.68181818182e-02,9.73011363636e-01,1.07297609179e-05
7.95454545455e-02,9.73011363636e-01,1.72881035059e-05
1.02272727273e-01,9.73011363636e-01,2.26152784760e-05
1.25000000000e-01,9.73011363636e-01,2.57962885970e-05
1.47727272727e-01,9.73011363636e-01,2.36435765461e-05
1.70454545455e-01,9.73011363636e-01,1.86575612000e-05
1.93181818182e-01,9.73011363636e-01,1.16081850314e-05
2.15909090909e-01,9.73011363636e-01,3.46867232665e-06
2.38636363636e-01,9.73011363636e-01,-2.62391343453e-06
2.61363636364e-01,9.73011363636e-01,-5.96192819455e-06
2.84090909091e-01,9.73011363636e-01,-6.21351968663e-06
3.06818181818e-01,9.73011363636e-01,-2.09521836744e-06
3.29545454545e-01,9.73011363636e-01,3.90980068413e-06
3.52272727273e-01,9.73011363636e-01,1.00744115063e-05
3.75000000000e-01,9.73011363636e-01,1.54568320948e-05
3.97727272727e-01,9.73011363636e-01,1.64517462862e-05
4.20454545455e-01,9.73011363636e-01,1.41454304414e-05
4.43181818182e-01,9.73011363636e-01,8.99530303596e-06
4.65909090909e-01,9.73011363636e-01,1.25595501346e-06
4.88636363636e-01,9.73011363636e-01,-6.30672585834e-06
5.11363636364e-01,9.73011363636e-01,-1.19237793826e-05
5.34090909091e-01,9.73011363636e-01,-1.49197601857e-05
5.56818181818e-01,9.73011363636e-01,-1.30109562228e-05
5.79545454545e-01,9.73011363636e-01,-7.68296444582e-06
6.02272727273e-01,9.73011363636e-01,-7.75431661950e-07
6.25000000000e-01,9.73011363636e-01,6.86512068128e-06
6.47727272727e-01,9.73011363636e-01,1.16167240815e-05
6.70454545455e-01,9.73011363636e-01,1.28747270166e-05
6.93181818182e-01,9.73011363636e-01,1.06520588659e-05
7.15909090909e-01,9.73011363636e-01,4.27585829558e-06
7.38636363636e-01,9.73011363636e-01,-4.45949765520e-06
7.61363636364e-01,9.73011363636e-01,-1.27427760311e-05
7.84090909091e-01,9.73011363636e-01,-1.95885548076e-05
8.06818181818e-01,9.73011363636e-01,-2.18955347925e-05
8.29545454545e-01,9.73011363636e-01,-1.94582134185e-05
8.52272727273e-01,9.73011363636e-01,-1.37959218314e-05
8.75000000000e-01,9.73011363636e-01,-5.39440286615e-06
8.97727272727e-01,9.73011363636e-01,3.26837430153e-06
9.20454545455e-01,9.73011363636e-01,9.40108362732e-06
9.43181818182e-01,9.73011363636e-01,1.24067636719e-05
9.65909090909e-01,9.73011363636e-01,1.05854779881e-05
9.88636363636e-01,9.73011363636e-01,3.76647901004e-06
1.13636363636e-02,9.92897727273e-01,1.20594624238e-06
3.40909090909e-02,9.92897727273e-01,4.08503852832e-06
5.68181818182e-02,9.92897727273e-01,1.02345294226e-05
7.95454545455e-02,9.92897727273e-01,1.65941358781e-05
1.02272727273e-01,9.92897727273e-01,2.17980295027e-05
1.25000000000e-01,9.92897727273e-01,2.49590042082e-05
1.47727272727e-01,9.92897727273e-01,2.29890880124e-05
1.70454545455e-01,9.92897727273e-01,1.82759061602e-05
1.93181818182e-01,9.92897727273e-01,1.15563175071e-05
2.15909090909e-01,9.92897727273e-01,3.75538663272e-06
2.38636363636e-01,9.92897727273e-01,-2.11645657108e-06
2.61363636364e-01,9.92897727273e-01,-5.36366765650e-06
2.84090909091e-01,9.92897727273e-01,-5.66470924091e-06
3.06818181818e-01,9.92897727273e-01,-1.78590147639e-06
3.29545454545e-01,9.92897727273e-01,3.89890639774e-06
3.52272727273e-01,9.92897727273e-01,9.73724917796e-06
3.75000000000e-01,9.92897727273e-01,1.48281500741e-05
3.97727272727e-01,9.92897727273e-01,1.57312076567e-05
4.20454545455e-01,9.92897727273e-01,1.34951332477e-05
4.43181818182e-01,9.92897727273e-01,8.56432497948e-06
4.65909090909e-01,9.92897727273e-01,1.19975271894e-06
4.88636363636e-01,9.92897727273e-01,-5.92998204196e-06
5.11363636364e-01,9.92897727273e-01,-1.11559667440e-05
5.34090909091e-01,9.92897727273e-01,-1.38385905837e-05
5.56818181818e-01,9.92897727273e-01,-1.18091013007e-05
5.79545454545e-01,9.92897727273e-01,-6.54267553946e-06
6.02272727273e-01,9.92897727273e-01,1.81020343856e-07
6.25000000000e-01,9.92897727273e-01,7.53520172051e-06
6.47727272727e-01,9.92897727273e-01,1.19760200625e-05
6.70454545455e-01,9.92897727273e-01,1.29918778170e-05
6.93181818182e-01,9.92897727273e-01,1.06130487244e-05
7.15909090909e-01,9.92897727273e-01,4.21508814788e-06
7.38636363636e-01,9.92897727273e-01,-4.40365123520e-06
7.61363636364e-01,9.92897727273e-01,-1.25180485159e-05
7.84090909091e-01,9.92897727273e-01,-1.91686154761e-05
8.06818181818e-01,9.92897727273e-01,-2.13235437165e-05
8.29545454545e-01,9.92897727273e-01,-1.88299186360e-05
8.52272727273e-01,9.92897727273e-01,-1.31937447806e-05
8.75000000000e-01,9.92897727273e-01,-4.90251925645e-06
8.97727272727e-01,9.92897727273e-01,3.57717930966e-06
9.20454545455e-01,9.92897727273e-01,9.54014634684e-06
9.43181818182e-01,9.92897727273e-01,1.24083588359e-05
9.65909090909e-01,9.92897727273e-01,1.05224244327e-05
9.88636363636e-01,9.92897727273e-01,3.74061186629e-06
1.13636363636e-02,1.01278409091e+00,1.20019757971e-06
3.40909090909e-02,1.01278409091e+00,4.05537393948e-06
5.68181818182e-02,1.01278409091e+00,1.00940187016e-05
7.95454545455e-02,1.01278409091e+00,1.63554286330e-05
1.02272727273e-01,1.01278409091e+00,2.15126820817e-05
1.25000000000e-01,1.01278409091e+00,2.47059162986e-05
1.47727272727e-01,1.01278409091e+00,2.29415558797e-05
1.70454545455e-01,1.01278409091e+00,1.85167887596e-05
1.93181818182e-01,1.01278409091e+00,1.21408091696e-05
2.15909090909e-01,1.01278409091e+00,4.69992423198e-06
2.38636363636e-01,1.01278409091e+00,-9.04267135293e-07
2.61363636364e-01,1.01278409091e+00,-3.99069768026e-06
2.84090909091e-01,1.01278409091e+00,-4.24738844544e-06
3.06818181818e-01,1.01278409091e+00,-4.83532937854e-07
3.29545454545e-01,1.01278409091e+00,5.01840725264e-06
3.52272727273e-01,1.01278409091e+00,1.06677513290e-05
3.75000000000e-01,1.01278409091e+00,1.55971659467e-05
3.97727272727e-01,1.01278409091e+00,1.64955017870e-05
4.20454545455e-01,1.01278409091e+00,1.43750564061e-05
4.43181818182e-01,1.01278409091e+00,9.66535702829e-06
4.65909090909e-01,1.01278409091e+00,2.62170185749e-06
4.88636363636e-01,1.01278409091e+00,-4.18190371671e-06
5.11363636364e-01,1.01278409091e+00,-9.14522981077e-06
5.34090909091e-01,1.01278409091e+00,-1.16551931390e-05
5.56818181818e-01,1.01278409091e+00,-9.63352387113e-06
5.79545454545e-01,1.01278409091e+00,-4.51837114030e-06
6.02272727273e-01,1.01278409091e+00,1.97164185029e-06
6.25000000000e-01,1.01278409091e+00,9.03448668331e-06
6.47727272727e-01,1.01278409091e+00,1.32254712634e-05
6.70454545455e-01,1.01278409091e+00,1.40818156009e-05
6.93181818182e-01,1.01278409091e+00,1.16394971429e-05
7.15909090909e-01,1.01278409091e+00,5.30354273503e-06
7.38636363636e-01,1.01278409091e+00,-3.16514637790e-06
7.61363636364e-01,1.01278409091e+00,-1.11271976840e-05
7.84090909091e-01,1.01278409091e+00,-1.76525128733e-05
8.06818181818e-01,1.01278409091e+00,-1.97998745973e-05
8.29545454545e-01,1.01278409091e+00,-1.74363287287e-05
8.52272727273e-01,1.01278409091e+00,-1.20296278238e-05
8.75000000000e-01,1.01278409091e+00,-4.05706163186e-06
8.97727272727e-01,1.01278409091e+00,4.07194643920e-06
9.20454545455e-01,1.01278409091e+00,9.74270305523e-06
9.43181818182e-01,1.01278409091e+00,1.23967257629e-05
9.65909090909e-01,1.01278409091e+00,1.04253993644e-05
9.88636363636e-01,1.01278409091e+00,3.70144856894e-06
1.13636363636e-02,1.03267045455e+00,1.24139856803e-06
3.40909090909e-02,1.03267045455e+00,4.16453470835e-06
5.68181818182e-02,1.03267045455e+00,1.01700438786e-05
7.95454545455e-02,1.03267045455e+00,1.63925917019e-05
1.02272727273e-01,1.03267045455e+00,2.15468187458e-05
1.25000000000e-01,1.03267045455e+00,2.47999341279e-05
1.47727272727e-01,1.03267045455e+00,2.32495186820e-05
1.70454545455e-01,1.03267045455e+00,1.91170734565e-05
1.93181818182e-01,1.03267045455e+00,1.30877345028e-05
2.15909090909e-01,1.03267045455e+00,6.01536796796e-06
2.38636363636e-01,1.03267045455e+00,7.04609008971e-07
2.61363636364e-01,1.03267045455e+00,-2.17967524924e-06
2.84090909091e-01,1.03267045455e+00,-2.33457567036e-06
3.06818181818e-01,1.03267045455e+00,1.39249543853e-06
3.29545454545e-01,1.03267045455e+00,6.79849093546e-06
3.52272727273e-01,1.03267045455e+00,1.23459370724e-05
3.75000000000e-01,1.03267045455e+00,1.71963985050e-05
3.97727272727e-01,1.03267045455e+00,1.81445476036e-05
4.20454545455e-01,1.03267045455e+00,1.61669449973e-05
4.43181818182e-01,1.03267045455e+00,1.16770563529e-05
4.65909090909e-01,1.03267045455e+00,4.91666266265e-06
4.88636363636e-01,1.03267045455e+00,-1.63284850510e-06
5.11363636364e-01,1.03267045455e+00,-6.41931269909e-06
5.34090909091e-01,1.03267045455e+00,-8.84999609074e-06
5.56818181818e-01,1.03267045455e+00,-6.92066015980e-06
5.79545454545e-01,1.03267045455e+00,-2.01493630632e-06
6.02272727273e-01,1.03267045455e+00,4.21017054112e-06
6.25000000000e-01,1.03267045455e+00,1.09807001993e-05
6.47727272727e-01,1.03267045455e+00,1.49653178501e-05
6.70454545455e-01,1.03267045455e+00,1.57204552003e-05
6.93181818182e-01,1.03267045455e+00,1.32800841471e-05
7.15909090909e-01,1.03267045455e+00,7.06625242474e-06
7.38636363636e-01,1.03267045455e+00,-1.22493217334e-06
7.61363636364e-01,1.03267045455e+00,-9.03981566230e-06
7.84090909091e-01,1.03267045455e+00,-1.54799956985e-05
8.06818181818e-01,1.03267045455e+00,-1.77087122052e-05
8.29545454545e-01,1.03267045455e+00,-1.55915645106e-05
8.52272727273e-01,1.03267045455e+00,-1.05416801291e-05
8.75000000000e-01,1.03267045455e+00,-3.01827026995e-06
8.97727272727e-01,1.03267045455e+00,4.65660809954e-06
9.20454545455e-01,1.03267045455e+00,9.96156653309e-06
9.43181818182e-01,1.03267045455e+00,1.23580484906e-05
9.65909090909e-01,1.03267045455e+00,1.02949569046e-05
9.88636363636e-01,1.03267045455e+00,3.64984380232e-06
1.13636363636e-02,1.05255681818e+00,1.34075327221e-06
3.40909090909e-02,1.05255681818e+00,4.44397060660e-06
5.68181818182e-02,1.05255681818e+00,1.04991634707e-05
7.95454545455e-02,1.05255681818e+00,1.67280772007e-05
1.02272727273e-01,1.05255681818e+00,2.18927373036e-05
1.25000000000e-01,1.05255681818e+00,2.51871297695e-05
1.47727272727e-01,1.05255681818e+00,2.37953416322e-05
1.70454545455e-01,1.05255681818e+00,1.98934802487e-05
1.93181818182e-01,1.05255681818e+00,1.41503700952e-05
2.15909090909e-01,1.05255681818e+00,7.40164547505e-06
2.38636363636e-01,1.05255681818e+00,2.38067711866e-06
2.61363636364e-01,1.05255681818e+00,-2.69094626303e-07
2.84090909091e-01,1.05255681818e+00,-2.52941908684e-07
3.06818181818e-01,1.05255681818e+00,3.55406203077e-06
3.29545454545e-01,1.05255681818e+00,9.00218647199e-06
3.52272727273e-01,1.05255681818e+00,1.45886549450e-05
3.75000000000e-01,1.05255681818e+00,1.94939631921e-05
3.97727272727e-01,1.05255681818e+00,2.05715731899e-05
4.20454545455e-01,1.05255681818e+00,1.87627927817e-05
4.43181818182e-01,1.05255681818e+00,1.44629128354e-05
4.65909090909e-01,1.05255681818e+00,7.88523700595e-06
4.88636363636e-01,1.05255681818e+00,1.42482366531e-06
5.11363636364e-01,1.05255681818e+00,-3.37272872733e-06
5.34090909091e-01,1.05255681818e+00,-5.92193861528e-06
5.56818181818e-01,1.05255681818e+00,-4.25551511756e-06
5.79545454545e-01,1.05255681818e+00,3.32637843450e-07
6.02272727273e-01,1.05255681818e+00,6.24693512438e-06
6.25000000000e-01,1.05255681818e+00,1.27482899034e-05
6.47727272727e-01,1.05255681818e+00,1.66514056400e-05
6.70454545455e-01,1.05255681818e+00,1.74665346311e-05
6.93181818182e-01,1.05255681818e+00,1.52094942771e-05
7.15909090909e-01,1.05255681818e+00,9.29432202953e-06
7.38636363636e-01,1.05255681818e+00,1.29608149843e-06
7.61363636364e-01,1.05255681818e+00,-6.31952990327e-06
7.84090909091e-01,1.05255681818e+00,-1.26908238252e-05
8.06818181818e-01,1.05255681818e+00,-1.51133675786e-05
8.29545454545e-01,1.05255681818e+00,-1.34086657084e-05
8.52272727273e-01,1.05255681818e+00,-8.90238771827e-06
8.75000000000e-01,1.05255681818e+00,-2.01973043027e-06
8.97727272727e-01,1.05255681818e+00,5.06683889474e-06
9.20454545455e-01,1.05255681818e+00,9.93385031654e-06
9.43181818182e-01,1.05255681818e+00,1.20633338954e-05
9.65909090909e-01,1.05255681818e+00,9.97543817104e-06
9.88636363636e-01,1.05255681818e+00,3.53252771109e-06
1.13636363636e-02,1.07244318182e+00,1.43156343288e-06
3.40909090909e-02,1.07244318182e+00,4.69624317013e-06
5.68181818182e-02,1.07244318182e+00,1.07717930078e-05
7.95454545455e-02,1.07244318182e+00,1.69648196720e-05
1.02272727273e-01,1.07244318182e+00,2.20870269924e-05
1.25000000000e-01,1.07244318182e+00,2.53592705032e-05
1.47727272727e-01,1.07244318182e+00,2.40514796437e-05
1.70454545455e-01,1.07244318182e+00,2.03045914196e-05
1.93181818182e-01,1.07244318182e+00,1.47739439449e-05
2.15909090909e-01,1.07244318182e+00,8.28239397434e-06
2.38636363636e-01,1.07244318182e+00,3.50204619144e-06
2.61363636364e-01,1.07244318182e+00,1.05286502638e-06
2.84090909091e-01,1.07244318182e+00,1.22202892260e-06
3.06818181818e-01,1.07244318182e+00,5.11264411049e-06
3.29545454545e-01,1.07244318182e+00,1.06192367165e-05
3.52272727273e-01,1.07244318182e+00,1.62664963814e-05
3.75000000000e-01,1.07244318182e+00,2.12504359122e-05
3.97727272727e-01,1.07244318182e+00,2.24688563000e-05
4.20454545455e-01,1.07244318182e+00,2.08246250514e-05
4.43181818182e-01,1.07244318182e+00,1.66937212274e-05
4.65909090909e-01,1.07244318182e+00,1.02555726234e-05
4.88636363636e-01,1.07244318182e+00,3.82073699991e-06
5.11363636364e-01,1.07244318182e+00,-1.05769803267e-06
5.34090909091e-01,1.07244318182e+00,-3.79667123950e-06
5.56818181818e-01,1.07244318182e+00,-2.45090282170e-06
5.79545454545e-01,1.07244318182e+00,1.78898403183e-06
6.02272727273e-01,1.07244318182e+00,7.38868981217e-06
6.25000000000e-01,1.07244318182e+00,1.36469168951e-05
6.47727272727e-01,1.07244318182e+00,1.75401005257e-05
6.70454545455e-01,1.07244318182e+00,1.85050886728e-05
6.93181818182e-01,1.07244318182e+00,1.65332299784e-05
7.15909090909e-01,1.07244318182e+00,1.10215826303e-05
7.38636363636e-01,1.07244318182e+00,3.40229893434e-06
7.61363636364e-01,1.07244318182e+00,-3.94980380342e-06
7.84090909091e-01,1.07244318182e+00,-1.02120073784e-05
8.06818181818e-01,1.07244318182e+00,-1.28228198691e-05
8.29545454545e-01,1.07244318182e+00,-1.15438844454e-05
8.52272727273e-01,1.07244318182e+00,-7.60094143487e-06
8.75000000000e-01,1.07244318182e+00,-1.37895684320e-06
8.97727272727e-01,1.07244318182e+00,5.12481726300e-06
9.20454545455e-01,1.07244318182e+00,9.58562316973e-06
9.43181818182e-01,1.07244318182e+00,1.15062473436e-05
9.65909090909e-01,1.07244318182e+00,9.48366907813e-06
9.88636363636e-01,1.07244318182e+00,3.35667156180e-06
1.13636363636e-02,1.09232954545e+00,1.51382905003e-06
3.40909090909e-02,1.09232954545e+00,4.92135239895e-06
5.68181818182e-02,1.09232954545e+00,1.09879324897e-05
7.95454545455e-02,1.09232954545e+00,1.71028191158e-05
1.02272727273e-01,1.09232954545e+00,2.21296878123e-05
1.25000000000e-01,1.09232954545e+00,2.53163563291e-05
1.47727272727e-01,1.09232954545e+00,2.40179327164e-05
1.70454545455e-01,1.09232954545e+00,2.03504069692e-05
1.93181818182e-01,1.09232954545e+00,1.49584560518e-05
2.15909090909e-01,1.09232954545e+00,8.65761346582e-06
2.38636363636e-01,1.09232954545e+00,4.06871622731e-06
2.61363636364e-01,1.09232954545e+00,1.78620370882e-06
2.84090909091e-01,1.09232954545e+00,2.09033682348e-06
3.06818181818e-01,1.09232954545e+00,6.06824167770e-06
3.29545454545e-01,1.09232954545e+00,1.16496416691e-05
3.52272727273e-01,1.09232954545e+00,1.73794613819e-05
3.75000000000e-01,1.09232954545e+00,2.24658166654e-05
3.97727272727e-01,1.09232954545e+00,2.38363969340e-05
4.20454545455e-01,1.09232954545e+00,2.23524418064e-05
4.43181818182e-01,1.09232954545e+00,1.83694815289e-05
4.65909090909e-01,1.09232954545e+00,1.20276695149e-05
4.88636363636e-01,1.09232954545e+00,5.55489149871e-06
5.11363636364e-01,1.09232954545e+00,5.25779384899e-07
5.34090909091e-01,1.09232954545e+00,-2.47419396340e-06
5.56818181818e-01,1.09232954545e+00,-1.50682327221e-06
5.79545454545e-01,1.09232954545e+00,2.35410225881e-06
6.02272727273e-01,1.09232954545e+00,7.63543460446e-06
6.25000000000e-01,1.09232954545e+00,1.36765811746e-05
6.47727272727e-01,1.09232954545e+00,1.76314025073e-05
6.70454545455e-01,1.09232954545e+00,1.88361173254e-05
6.93181818182e-01,1.09232954545e+00,1.72512912512e-05
7.15909090909e-01,1.09232954545e+00,1.22480342269e-05
7.38636363636e-01,1.09232954545e+00,5.09372013440e-06
7.61363636364e-01,1.09232954545e+00,-1.93063736274e-06
7.84090909091e-01,1.09232954545e+00,-8.04354635808e-06
8.06818181818e-01,1.09232954545e+00,-1.08370690768e-05
8.29545454545e-01,1.09232954545e+00,-9.99722072164e-06
8.52272727273e-01,1.09232954545e+00,-6.63734127885e-06
8.75000000000e-01,1.09232954545e+00,-1.09594950872e-06
8.97727272727e-01,1.09232954545e+00,4.83054320432e-06
9.20454545455e-01,1.09232954545e+00,8.91688509265e-06
9.43181818182e-01,1.09232954545e+00,1.06867888354e-05
9.65909090909e-01,1.09232954545e+00,8.81964962592e-06
9.88636363636e-01,1.09232954545e+00,3.12227535445e-06
1.13636363636e-02,1.11221590909e+00,1.52723225035e-06
3.40909090909e-02,1.11221590909e+00,4.93909841769e-06
5.68181818182e-02,1.11221590909e+00,1.08527762514e-05
7.95454545455e-02,1.11221590909e+00,1.67421334755e-05
1.02272727273e-01,1.11221590909e+00,2.15242812943e-05
1.25000000000e-01,1.11221590909e+00,2.44745915543e-05
1.47727272727e-01,1.11221590909e+00,2.30348146303e-05
1.70454545455e-01,1.11221590909e+00,1.92974772001e-05
1.93181818182e-01,1.11221590909e+00,1.38974495398e-05
2.15909090909e-01,1.11221590909e+00,7.64496010013e-06
2.38636363636e-01,1.11221590909e+00,3.11483394985e-06
2.61363636364e-01,1.11221590909e+00,8.76500292924e-07
2.84090909091e-01,1.11221590909e+00,1.20489161958e-06
3.06818181818e-01,1.11221590909e+00,5.18017366710e-06
3.29545454545e-01,1.11221590909e+00,1.07666122722e-05
3.52272727273e-01,1.11221590909e+00,1.65251931100e-05
3.75000000000e-01,1.11221590909e+00,2.16755906927e-05
3.97727272727e-01,1.11221590909e+00,2.31768879062e-05
4.20454545455e-01,1.11221590909e+00,2.18354649565e-05
4.43181818182e-01,1.11221590909e+00,1.79839354497e-05
4.65909090909e-01,1.11221590909e+00,1.17189825657e-05
4.88636363636e-01,1.11221590909e+00,5.18185881843e-06
5.11363636364e-01,1.11221590909e+00,-2.68596763503e-08
5.34090909091e-01,1.11221590909e+00,-3.31706173083e-06
5.56818181818e-01,1.11221590909e+00,-2.74865633381e-06
5.79545454545e-01,1.11221590909e+00,7.32624249794e-07
6.02272727273e-01,1.11221590909e+00,5.71652699379e-06
6.25000000000e-01,1.11221590909e+00,1.15865360126e-05
6.47727272727e-01,1.11221590909e+00,1.56930308778e-05
6.70454545455e-01,1.11221590909e+00,1.72499490573e-05
6.93181818182e-01,1.11221590909e+00,1.61824855812e-05
7.15909090909e-01,1.11221590909e+00,1.18311151728e-05
7.38636363636e-01,1.11221590909e+00,5.28150029101e-06
7.61363636364e-01,1.11221590909e+00,-1.28643483651e-06
7.84090909091e-01,1.11221590909e+00,-7.13508630568e-06
8.06818181818e-01,1.11221590909e+00,-1.00187549194e-05
8.29545454545e-01,1.11221590909e+00,-9.53725672367e-06
8.52272727273e-01,1.11221590909e+00,-6.68189105780e-06
8.75000000000e-01,1.11221590909e+00,-1.73961672466e-06
8.97727272727e-01,1.11221590909e+00,3.71834038878e-06
9.20454545455e-01,1.11221590909e+00,7.56535151030e-06
9.43181818182e-01,1.11221590909e+00,9.34614116923e-06
9.65909090909e-01,1.11221590909e+00,7.82796922585e-06
9.88636363636e-01,1.11221590909e+00,2.77752644834e-06
1.13636363636e-02,1.13210227273e+00,1.50620560370e-06
3.40909090909e-02,1.13210227273e+00,4.85406837673e-06
5.68181818182e-02,1.13210227273e+00,1.05500921091e-05
7.95454545455e-02,1.13210227273e+00,1.61561896992e-05
1.02272727273e-01,1.13210227273e+00,2.06423297533e-05
1.25000000000e-01,1.13210227273e+00,2.33118328819e-05
1.47727272727e-01,1.13210227273e+00,2.16943881335e-05
1.70454545455e-01,1.13210227273e+00,1.78522564253e-05
1.93181818182e-01,1.13210227273e+00,1.24088655010e-05
2.15909090909e-01,1.13210227273e+00,6.16613345646e-06
2.38636363636e-01,1.13210227273e+00,1.64878496822e-06
2.61363636364e-01,1.13210227273e+00,-5.96350119980e-07
2.84090909091e-01,1.13210227273e+00,-2.98904035396e-07
3.06818181818e-01,1.13210227273e+00,3.61650001479e-06
3.29545454545e-01,1.13210227273e+00,9.15547708355e-06
3.52272727273e-01,1.13210227273e+00,1.48975576320e-05
3.75000000000e-01,1.13210227273e+00,2.00761589698e-05
3.97727272727e-01,1.13210227273e+00,2.16929625778e-05
4.20454545455e-01,1.13210227273e+00,2.04919490870e-05
4.43181818182e-01,1.13210227273e+00,1.67815683380e-05
4.65909090909e-01,1.13210227273e+00,1.06151565918e-05
4.88636363636e-01,1.13210227273e+00,4.04199790688e-06
5.11363636364e-01,1.13210227273e+00,-1.31762638756e-06
5.34090909091e-01,1.13210227273e+00,-4.87080525154e-06
5.56818181818e-01,1.13210227273e+00,-4.68035377477e-06
5.79545454545e-01,1.13210227273e+00,-1.56424937686e-06
6.02272727273e-01,1.13210227273e+00,3.13228434594e-06
6.25000000000e-01,1.13210227273e+00,8.83750420962e-06
6.47727272727e-01,1.13210227273e+00,1.31015871495e-05
6.70454545455e-01,1.13210227273e+00,1.50199784315e-05
6.93181818182e-01,1.13210227273e+00,1.44834922815e-05
7.15909090909e-01,1.13210227273e+00,1.08046188200e-05
7.38636363636e-01,1.13210227273e+00,4.88941370457e-06
7.61363636364e-01,1.13210227273e+00,-1.18664802907e-06
7.84090909091e-01,1.13210227273e+00,-6.73039637145e-06
8.06818181818e-01,1.13210227273e+00,-9.65828630171e-06
8.29545454545e-01,1.13210227273e+00,-9.48669949755e-06
8.52272727273e-01,1.13210227273e+00,-7.08588026514e-06
8.75000000000e-01,1.13210227273e+00,-2.69160517144e-06
8.97727272727e-01,1.13210227273e+00,2.35057394192e-06
9.20454545455e-01,1.13210227273e+00,6.01234525532e-06
9.43181818182e-01,1.13210227273e+00,7.85952063389e-06
9.65909090909e-01,1.13210227273e+00,6.74764224787e-06
9.88636363636e-01,1.13210227273e+00,2.40314816350e-06
1.13636363636e-02,1.15198863636e+00,1.43274002869e-06
3.40909090909e-02,1.15198863636e+00,4.61275325740e-06
5.68181818182e-02,1.15198863636e+00,9.99449868534e-06
7.95454545455e-02,1.15198863636e+00,1.52338299823e-05
1.02272727273e-01,1.15198863636e+00,1.93523295717e-05
1.25000000000e-01,1.15198863636e+00,2.16818952772e-05
1.47727272727e-01,1.15198863636e+00,1.98422855810e-05
1.70454545455e-01,1.15198863636e+00,1.58530458073e-05
1.93181818182e-01,1.15198863636e+00,1.03230983384e-05
2.15909090909e-01,1.15198863636e+00,4.04036192343e-06
2.38636363636e-01,1.15198863636e+00,-5.28626068272e-07
2.61363636364e-01,1.15198863636e+00,-2.85536699082e-06
2.84090909091e-01,1.15198863636e+00,-2.67290314931e-06
3.06818181818e-01,1.15198863636e+00,1.09201297971e-06
3.29545454545e-01,1.15198863636e+00,6.49868853357e-06
3.52272727273e-01,1.15198863636e+00,1.21502473285e-05
3.75000000000e-01,1.15198863636e+00,1.72978562891e-05
3.97727272727e-01,1.15198863636e+00,1.90057563232e-05
4.20454545455e-01,1.15198863636e+00,1.79437882509e-05
4.43181818182e-01,1.15198863636e+00,1.43943350202e-05
4.65909090909e-01,1.15198863636e+00,8.36818890549e-06
4.88636363636e-01,1.15198863636e+00,1.81361055770e-06
5.11363636364e-01,1.15198863636e+00,-3.64125289470e-06
5.34090909091e-01,1.15198863636e+00,-7.40430812211e-06
5.56818181818e-01,1.15198863636e+00,-7.55114227551e-06
5.79545454545e-01,1.15198863636e+00,-4.77407563644e-06
6.02272727273e-01,1.15198863636e+00,-3.49701805328e-07
6.25000000000e-01,1.15198863636e+00,5.19579468339e-06
6.47727272727e-01,1.15198863636e+00,9.61564537407e-06
6.70454545455e-01,1.15198863636e+00,1.18966215967e-05
6.93181818182e-01,1.15198863636e+00,1.18975735942e-05
7.15909090909e-01,1.15198863636e+00,8.90842695837e-06
7.38636363636e-01,1.15198863636e+00,3.66176343281e-06
7.61363636364e-01,1.15198863636e+00,-1.87642989653e-06
7.84090909091e-01,1.15198863636e+00,-7.05803097747e-06
8.06818181818e-01,1.15198863636e+00,-9.96029458308e-06
8.29545454545e-01,1.15198863636e+00,-1.00226083449e-05
8.52272727273e-01,1.15198863636e+00,-7.99727045258e-06
8.75000000000e-01,1.15198863636e+00,-4.07026304984e-06
8.97727272727e-01,1.15198863636e+00,6.36044632727e-07
9.20454545455e-01,1.15198863636e+00,4.19122910574e-06
9.43181818182e-01,1.15198863636e+00,6.18231358668e-06
9.65909090909e-01,1.15198863636e+00,5.55311986858e-06
9.88636363636e-01,1.15198863636e+00,1.99071660139e-06
1.13636363636e-02,1.17187500000e+00,1.32270232599e-06
3.40909090909e-02,1.17187500000e+00,4.26461524870e-06
5.68181818182e-02,1.17187500000e+00,9.28208606641e-06
7.95454545455e-02,1.17187500000e+00,1.41368438422e-05
1.02272727273e-01,1.17187500000e+00,1.78982214504e-05
1.25000000000e-01,1.17187500000e+00,1.99276949138e-05
1.47727272727e-01,1.17187500000e+00,1.79387374846e-05
1.70454545455e-01,1.17187500000e+00,1.38786428913e-05
1.93181818182e-01,1.17187500000e+00,8.33400213447e-06
2.15909090909e-01,1.17187500000e+00,2.06376978279e-06
2.38636363636e-01,1.17187500000e+00,-2.54753667427e-06
2.61363636364e-01,1.17187500000e+00,-4.98068024114e-06
2.84090909091e-01,1.17187500000e+00,-4.97119391629e-06
3.06818181818e-01,1.17187500000e+00,-1.45151268620e-06
3.29545454545e-01,1.17187500000e+00,3.71944825540e-06
3.52272727273e-01,1.17187500000e+00,9.18372195018e-06
3.75000000000e-01,1.17187500000e+00,1.42194726161e-05
3.97727272727e-01,1.17187500000e+00,1.59938818287e-05
4.20454545455e-01,1.17187500000e+00,1.50901723736e-05
4.43181818182e-01,1.17187500000e+00,1.17625483178e-05
4.65909090909e-01,1.17187500000e+00,5.98379406178e-06
4.88636363636e-01,1.17187500000e+00,-4.15957031361e-07
5.11363636364e-01,1.17187500000e+00,-5.82859527886e-06
5.34090909091e-01,1.17187500000e+00,-9.67240598532e-06
5.56818181818e-01,1.17187500000e+00,-1.00652106611e-05
5.79545454545e-01,1.17187500000e+00,-7.58598254331e-06
6.02272727273e-01,1.17187500000e+00,-3.43539316038e-06
6.25000000000e-01,1.17187500000e+00,1.90522455694e-06
6.47727272727e-01,1.17187500000e+00,6.38407283996e-06
6.70454545455e-01,1.17187500000e+00,8.91873963814e-06
6.93181818182e-01,1.17187500000e+00,9.34497938453e-06
7.15909090909e-01,1.17187500000e+00,6.94546464829e-06
7.38636363636e-01,1.17187500000e+00,2.30525949901e-06
7.61363636364e-01,1.17187500000e+00,-2.72439541537e-06
7.84090909091e-01,1.17187500000e+00,-7.53993705632e-06
8.06818181818e-01,1.17187500000e+00,-1.03712278405e-05
8.29545454545e-01,1.17187500000e+00,-1.06030782524e-05
8.52272727273e-01,1.17187500000e+00,-8.88366042071e-06
8.75000000000e-01,1.17187500000e+00,-5.35626238954e-06
8.97727272727e-01,1.17187500000e+00,-9.46171681421e-07
9.20454545455e-01,1.17187500000e+00,2.51620984237e-06
9.43181818182e-01,1.17187500000e+00,4.63963445845e-06
9.65909090909e-01,1.17187500000e+00,4.45206488318e-06
9.88636363636e-01,1.17187500000e+00,1.61040679501e-06
1.13636363636e-02,1.19176136364e+00,1.20209920072e-06
3.40909090909e-02,1.19176136364e+00,3.88661825450e-06
5.68181818182e-02,1.19176136364e+00,8.53338187472e-06
7.95454545455e-02,1.19176136364e+00,1.30173044536e-05
1.02272727273e-01,1.19176136364e+00,1.64530447533e-05
1.25000000000e-01,1.19176136364e+00,1.82322818329e-05
1.47727272727e-01,1.19176136364e+00,1.61646448379e-05
1.70454545455e-01,1.19176136364e+00,1.21066876962e-05
1.93181818182e-01,1.19176136364e+00,6.61771194993e-06
2.15909090909e-01,1.19176136364e+00,4.18256653637e-07
2.38636363636e-01,1.19176136364e+00,-4.20478757809e-06
2.61363636364e-01,1.19176136364e+00,-6.73624562254e-06
2.84090909091e-01,1.19176136364e+00,-6.91392849245e-06
3.06818181818e-01,1.19176136364e+00,-3.67987738680e-06
3.29545454545e-01,1.19176136364e+00,1.20581517191e-06
3.52272727273e-01,1.19176136364e+00,6.43407734097e-06
3.75000000000e-01,1.19176136364e+00,1.13157102756e-05
3.97727272727e-01,1.19176136364e+00,1.31444029165e-05
4.20454545455e-01,1.19176136364e+00,1.24116727718e-05
4.43181818182e-01,1.19176136364e+00,9.34263405798e-06
4.65909090909e-01,1.19176136364e+00,3.87523065084e-06
4.88636363636e-01,1.19176136364e+00,-2.28827744264e-06
5.11363636364e-01,1.19176136364e+00,-7.57671756837e-06
5.34090909091e-01,1.19176136364e+00,-1.14246804774e-05
5.56818181818e-01,1.19176136364e+00,-1.20108833299e-05
5.79545454545e-01,1.19176136364e+00,-9.80929570144e-06
6.02272727273e-01,1.19176136364e+00,-5.94033546477e-06
6.25000000000e-01,1.19176136364e+00,-8.41193370540e-07
6.47727272727e-01,1.19176136364e+00,3.62473094731e-06
6.70454545455e-01,1.19176136364e+00,6.33183210431e-06
6.93181818182e-01,1.19176136364e+00,7.09857342235e-06
7.15909090909e-01,1.19176136364e+00,5.21011691298e-06
7.38636363636e-01,1.19176136364e+00,1.12121167829e-06
7.61363636364e-01,1.19176136364e+00,-3.43433062259e-06
7.84090909091e-01,1.19176136364e+00,-7.89706426536e-06
8.06818181818e-01,1.19176136364e+00,-1.06441265633e-05
8.29545454545e-01,1.19176136364e+00,-1.10206301419e-05
8.52272727273e-01,1.19176136364e+00,-9.57990005390e-06
8.75000000000e-01,1.19176136364e+00,-6.42742425484e-06
8.97727272727e-01,1.19176136364e+00,-2.31039928365e-06
9.20454545455e-01,1.19176136364e+00,1.04298402346e-06
9.43181818182e-01,1.19176136364e+00,3.26362009861e-06
9.65909090909e-01,1.19176136364e+00,3.46056947321e-06
9.88636363636e-01,1.19176136364e+00,1.26734114365e-06
1.13636363636e-02,1.21164772727e+00,1.07932832033e-06
3.40909090909e-02,1.21164772727e+00,3.50596120283e-06
5.68181818182e-02,1.21164772727e+00,7.80842777814e-06
7.95454545455e-02,1.21164772727e+00,1.19896962435e-05
1.02272727273e-01,1.21164772727e+00,1.52047245514e-05
1.25000000000e-01,1.21164772727e+00,1.68766848799e-05
1.47727272727e-01,1.21164772727e+00,1.49166677176e-05
1.70454545455e-01,1.21164772727e+00,1.10522331100e-05
1.93181818182e-01,1.21164772727e+00,5.80503954464e-06
2.15909090909e-01,1.21164772727e+00,-1.62479492417e-07
2.38636363636e-01,1.21164772727e+00,-4.69445333768e-06
2.61363636364e-01,1.21164772727e+00,-7.26977243844e-06
2.84090909091e-01,1.21164772727e+00,-7.62866538260e-06
3.06818181818e-01,1.21164772727e+00,-4.73361325037e-06
3.29545454545e-01,1.21164772727e+00,-2.11473136255e-07
3.52272727273e-01,1.21164772727e+00,4.69887729304e-06
3.75000000000e-01,1.21164772727e+00,9.35230714661e-06
3.97727272727e-01,1.21164772727e+00,1.12150427123e-05
4.20454545455e-01,1.21164772727e+00,1.06807212213e-05
4.43181818182e-01,1.21164772727e+00,7.94413880545e-06
4.65909090909e-01,1.21164772727e+00,2.91547631744e-06
4.88636363636e-01,1.21164772727e+00,-2.84951129549e-06
5.11363636364e-01,1.21164772727e+00,-7.85065030048e-06
5.34090909091e-01,1.21164772727e+00,-1.15510076160e-05
5.56818181818e-01,1.21164772727e+00,-1.22291584857e-05
5.79545454545e-01,1.21164772727e+00,-1.02723511336e-05
6.02272727273e-01,1.21164772727e+00,-6.71215937964e-06
6.25000000000e-01,1.21164772727e+00,-1.94352596819e-06
6.47727272727e-01,1.21164772727e+00,2.34253216528e-06
6.70454545455e-01,1.21164772727e+00,5.03302258513e-06
6.93181818182e-01,1.21164772727e+00,5.94153322316e-06
7.15909090909e-01,1.21164772727e+00,4.37612640022e-06
7.38636363636e-01,1.21164772727e+00,6.98356600843e-07
7.61363636364e-01,1.21164772727e+00,-3.47997103576e-06
7.84090909091e-01,1.21164772727e+00,-7.64239747892e-06
8.06818181818e-01,1.21164772727e+00,-1.03019736838e-05
8.29545454545e-01,1.21164772727e+00,-1.07962549047e-05
8.52272727273e-01,1.21164772727e+00,-9.60392201161e-06
8.75000000000e-01,1.21164772727e+00,-6.80350725270e-06
8.97727272727e-01,1.21164772727e+00,-3.00764793721e-06
9.20454545455e-01,1.21164772727e+00,1.63570614719e-07
9.43181818182e-01,1.21164772727e+00,2.36418197056e-06
9.65909090909e-01,1.21164772727e+00,2.77732511255e-06
9.88636363636e-01,1.21164772727e+00,1.02871563829e-06
1.13636363636e-02,1.23153409091e+00,9.66017031673e-07
3.40909090909e-02,1.23153409091e+00,3.15681363814e-06
5.68181818182e-02,1.23153409091e+00,7.15894804645e-06
7.95454545455e-02,1.23153409091e+00,1.11159218108e-05
1.02272727273e-01,1.23153409091e+00,1.42193011925e-05
1.25000000000e-01,1.23153409091e+00,1.59251125166e-05
1.47727272727e-01,1.23153409091e+00,1.42524631024e-05
1.70454545455e-01,1.23153409091e+00,1.07681691313e-05
1.93181818182e-01,1.23153409091e+00,5.94770341105e-06
2.15909090909e-01,1.23153409091e+00,3.79682645994e-07
2.38636363636e-01,1.23153409091e+00,-3.93987717633e-06
2.61363636364e-01,1.23153409091e+00,-6.47823705785e-06
2.84090909091e-01,1.23153409091e+00,-6.97927356975e-06
3.06818181818e-01,1.23153409091e+00,-4.43898513709e-06
3.29545454545e-01,1.23153409091e+00,-3.24972942415e-07
3.52272727273e-01,1.23153409091e+00,4.21221231897e-06
3.75000000000e-01,1.23153409091e+00,8.58039504596e-06
3.97727272727e-01,1.23153409091e+00,1.04520990528e-05
4.20454545455e-01,1.23153409091e+00,1.01247799996e-05
4.43181818182e-01,1.23153409091e+00,7.76312463479e-06
4.65909090909e-01,1.23153409091e+00,3.25670184260e-06
4.88636363636e-01,1.23153409091e+00,-1.99699336591e-06
5.11363636364e-01,1.23153409091e+00,-6.59546948163e-06
5.34090909091e-01,1.23153409091e+00,-1.00398182148e-05
5.56818181818e-01,1.23153409091e+00,-1.07390813357e-05
5.79545454545e-01,1.23153409091e+00,-9.01030186386e-06
6.02272727273e-01,1.23153409091e+00,-5.79031098590e-06
6.25000000000e-01,1.23153409091e+00,-1.43388031589e-06
6.47727272727e-01,1.23153409091e+00,2.52597776888e-06
6.70454545455e-01,1.23153409091e+00,5.03484468391e-06
6.93181818182e-01,1.23153409091e+00,5.91192695780e-06
7.15909090909e-01,1.23153409091e+00,4.50543941381e-06
7.38636363636e-01,1.23153409091e+00,1.11576191468e-06
7.61363636364e-01,1.23153409091e+00,-2.77111529063e-06
7.84090909091e-01,1.23153409091e+00,-6.68078940768e-06
8.06818181818e-01,1.23153409091e+00,-9.25283391874e-06
8.29545454545e-01,1.23153409091e+00,-9.84615611066e-06
8.52272727273e-01,1.23153409091e+00,-8.88288773025e-06
8.75000000000e-01,1.23153409091e+00,-6.42459190663e-06
8.97727272727e-01,1.23153409091e+00,-2.99114024412e-06
9.20454545455e-01,1.23153409091e+00,-8.74786168777e-08
9.43181818182e-01,1.23153409091e+00,1.96464163898e-06
9.65909090909e-01,1.23153409091e+00,2.41575984416e-06
9.88636363636e-01,1.23153409091e+00,8.98963498113e-07
1.13636363636e-02,1.25142045455e+00,8.57576828524e-07
3.40909090909e-02,1.25142045455e+00,2.82426639585e-06
5.68181818182e-02,1.25142045455e+00,6.55170733509e-06
7.95454545455e-02,1.25142045455e+00,1.03320166788e-05
1.02272727273e-01,1.25142045455e+00,1.33911136733e-05
1.25000000000e-01,1.25142045455e+00,1.52188187501e-05
1.47727272727e-01,1.25142045455e+00,1.39469052853e-05
1.70454545455e-01,1.25142045455e+00,1.09610767639e-05
1.93181818182e-01,1.25142045455e+00,6.68516630883e-06
2.15909090909e-01,1.25142045455e+00,1.62405715430e-06
2.38636363636e-01,1.25142045455e+00,-2.40465508312e-06
2.61363636364e-01,1.25142045455e+00,-4.85339609813e-06
2.84090909091e-01,1.25142045455e+00,-5.47062524428e-06
3.06818181818e-01,1.25142045455e+00,-3.29467294822e-06
3.29545454545e-01,1.25142045455e+00,3.82433271842e-07
3.52272727273e-01,1.25142045455e+00,4.51011935215e-06
3.75000000000e-01,1.25142045455e+00,8.55479746399e-06
3.97727272727e-01,1.25142045455e+00,1.04165992347e-05
4.20454545455e-01,1.25142045455e+00,1.02986025233e-05
4.43181818182e-01,1.25142045455e+00,8.33568211620e-06
4.65909090909e-01,1.25142045455e+00,4.40162789023e-06
4.88636363636e-01,1.25142045455e+00,-2.71326179630e-07
5.11363636364e-01,1.25142045455e+00,-4.39544717860e-06
5.34090909091e-01,1.25142045455e+00,-7.51591753316e-06
5.56818181818e-01,1.25142045455e+00,-8.19156471697e-06
5.79545454545e-01,1.25142045455e+00,-6.68008756934e-06
6.02272727273e-01,1.25142045455e+00,-3.82001258092e-06
6.25000000000e-01,1.25142045455e+00,7.26564024690e-08
6.47727272727e-01,1.25142045455e+00,3.61369798539e-06
6.70454545455e-01,1.25142045455e+00,5.83655695820e-06
6.93181818182e-01,1.25142045455e+00,6.57281522289e-06
7.15909090909e-01,1.25142045455e+00,5.22200006142e-06
7.38636363636e-01,1.25142045455e+00,2.04405485017e-06
7.61363636364e-01,1.25142045455e+00,-1.60340333093e-06
7.84090909091e-01,1.25142045455e+00,-5.28743980468e-06
8.06818181818e-01,1.25142045455e+00,-7.76806358783e-06
8.29545454545e-01,1.25142045455e+00,-8.44443468903e-06
8.52272727273e-01,1.25142045455e+00,-7.69396288866e-06
8.75000000000e-01,1.25142045455e+00,-5.56778218676e-06
8.97727272727e-01,1.25142045455e+00,-2.52045535112e-06
9.20454545455e-01,1.25142045455e+00,6.28850065382e-08
9.43181818182e-01,1.25142045455e+00,1.88541340886e-06
9.65909090909e-01,1.25142045455e+00,2.26068160553e-06
9.88636363636e-01,1.25142045455e+00,8.39123683676e-07
1.13636363636e-02,1.27130681818e+00,7.44141463457e-07
3.40909090909e-02,1.27130681818e+00,2.47995482763e-06
5.68181818182e-02,1.27130681818e+00,5.94848125266e-06
7.95454545455e-02,1.27130681818e+00,9.60539073075e-06
1.02272727273e-01,1.27130681818e+00,1.27082926462e-05
1.25000000000e-01,1.27130681818e+00,1.47831913724e-05
1.47727272727e-01,1.27130681818e+00,1.40876210844e-05
1.70454545455e-01,1.27130681818e+00,1.17906831789e-05
1.93181818182e-01,1.27130681818e+00,8.25536576315e-06
2.15909090909e-01,1.27130681818e+00,3.88737152797e-06
2.38636363636e-01,1.27130681818e+00,2.92772472837e-07
2.61363636364e-01,1.27130681818e+00,-1.96547625100e-06
2.84090909091e-01,1.27130681818e+00,-2.64368288775e-06
3.06818181818e-01,1.27130681818e+00,-8.42652053783e-07
3.29545454545e-01,1.27130681818e+00,2.34536745924e-06
3.52272727273e-01,1.27130681818e+00,5.99026472417e-06
3.75000000000e-01,1.27130681818e+00,9.62607564280e-06
3.97727272727e-01,1.27130681818e+00,1.14137498687e-05
4.20454545455e-01,1.27130681818e+00,1.14731680274e-05
4.43181818182e-01,1.27130681818e+00,9.91175214994e-06
4.65909090909e-01,1.27130681818e+00,6.59869508493e-06
4.88636363636e-01,1.27130681818e+00,2.59485180401e-06
5.11363636364e-01,1.27130681818e+00,-9.56083449369e-07
5.34090909091e-01,1.27130681818e+00,-3.65327855032e-06
5.56818181818e-01,1.27130681818e+00,-4.23543499297e-06
5.79545454545e-01,1.27130681818e+00,-2.92281746608e-06
6.02272727273e-01,1.27130681818e+00,-4.51941814100e-07
6.25000000000e-01,1.27130681818e+00,2.89671184106e-06
6.47727272727e-01,1.27130681818e+00,5.87177871793e-06
6.70454545455e-01,1.27130681818e+00,7.64339094012e-06
6.93181818182e-01,1.27130681818e+00,8.06755397301e-06
7.15909090909e-01,1.27130681818e+00,6.61558781648e-06
7.38636363636e-01,1.27130681818e+00,3.54533959674e-06
7.61363636364e-01,1.27130681818e+00,8.03004972034e-08
7.84090909091e-01,1.27130681818e+00,-3.38713734557e-06
8.06818181818e-01,1.27130681818e+00,-5.72611229562e-06
8.29545454545e-01,1.27130681818e+00,-6.41295590971e-06
8.52272727273e-01,1.27130681818e+00,-5.80342249052e-06
8.75000000000e-01,1.27130681818e+00,-3.95111142471e-06
8.97727272727e-01,1.27130681818e+00,-1.30037380737e-06
9.20454545455e-01,1.27130681818e+00,8.93430021270e-07
9.43181818182e-01,1.27130681818e+00,2.35986952328e-06
9.65909090909e-01,1.27130681818e+00,2.46669686502e-06
9.88636363636e-01,1.27130681818e+00,9.01836466450e-07
1.13636363636e-02,1.29119318182e+00,6.09574586901e-07
3.40909090909e-02,1.29119318182e+00,2.07265685114e-06
5.68181818182e-02,1.29119318182e+00,5.24327074843e-06
7.95454545455e-02,1.29119318182e+00,8.74513346821e-06
1.02272727273e-01,1.29119318182e+00,1.18683860169e-05
1.25000000000e-01,1.29119318182e+00,1.41765944900e-05
1.47727272727e-01,1.29119318182e+00,1.40612383437e-05
1.70454545455e-01,1.29119318182e+00,1.24667484111e-05
1.93181818182e-01,1.29119318182e+00,9.69345844511e-06
2.15909090909e-01,1.29119318182e+00,6.04620919394e-06
2.38636363636e-01,1.29119318182e+00,2.91128021017e-06
2.61363636364e-01,1.29119318182e+00,8.62191895558e-07
2.84090909091e-01,1.29119318182e+00,1.32532678384e-07
3.06818181818e-01,1.29119318182e+00,1.55031272657e-06
3.29545454545e-01,1.29119318182e+00,4.22505588557e-06
3.52272727273e-01,1.29119318182e+00,7.35216708806e-06
3.75000000000e-01,1.29119318182e+00,1.05349121904e-05
3.97727272727e-01,1.29119318182e+00,1.22011235523e-05
4.20454545455e-01,1.29119318182e+00,1.23965544253e-05
4.43181818182e-01,1.29119318182e+00,1.12034170602e-05
4.65909090909e-01,1.29119318182e+00,8.49197986081e-06
4.88636363636e-01,1.29119318182e+00,5.15569623630e-06
5.11363636364e-01,1.29119318182e+00,2.18622555061e-06
5.34090909091e-01,1.29119318182e+00,-7.16889141330e-08
5.56818181818e-01,1.29119318182e+00,-5.41246829094e-07
5.79545454545e-01,1.29119318182e+00,5.85658006595e-07
6.02272727273e-01,1.29119318182e+00,2.67293872578e-06
6.25000000000e-01,1.29119318182e+00,5.47392216709e-06
6.47727272727e-01,1.29119318182e+00,7.86563186076e-06
6.70454545455e-01,1.29119318182e+00,9.16573118957e-06
6.93181818182e-01,1.29119318182e+00,9.25808939179e-06
7.15909090909e-01,1.29119318182e+00,7.69212287105e-06
7.38636363636e-01,1.29119318182e+00,4.73593154076e-06
7.61363636364e-01,1.29119318182e+00,1.47650824707e-06
7.84090909091e-01,1.29119318182e+00,-1.73397754056e-06
8.06818181818e-01,1.29119318182e+00,-3.86950185147e-06
8.29545454545e-01,1.29119318182e+00,-4.49648806891e-06
8.52272727273e-01,1.29119318182e+00,-3.95735330689e-06
8.75000000000e-01,1.29119318182e+00,-2.31276029768e-06
8.97727272727e-01,1.29119318182e+00,-1.66151263769e-08
9.20454545455e-01,1.29119318182e+00,1.80859969047e-06
9.43181818182e-01,1.29119318182e+00,2.91930601172e-06
9.65909090909e-01,1.29119318182e+00,2.73416148418e-06
9.88636363636e-01,1.29119318182e+00,9.85824879360e-07
1.13636363636e-02,1.31107954545e+00,4.53876198855e-07
3.40909090909e-02,1.31107954545e+00,1.60237246636e-06
5.68181818182e-02,1.31107954545e+00,4.43607582241e-06
7.95454545455e-02,1.31107954545e+00,7.75124489118e-06
1.02272727273e-01,1.31107954545e+00,1.08713937852e-05
1.25000000000e-01,1.31107954545e+00,1.33990281030e-05
1.47727272727e-01,1.31107954545e+00,1.38677570631e-05
1.70454545455e-01,1.31107954545e+00,1.29892724605e-05
1.93181818182e-01,1.31107954545e+00,1.09994443547e-05
2.15909090909e-01,1.31107954545e+00,8.10057015221e-06
2.38636363636e-01,1.31107954545e+00,5.45086812887e-06
2.61363636364e-01,1.31107954545e+00,3.62960834155e-06
2.84090909091e-01,1.31107954545e+00,2.85802145411e-06
3.06818181818e-01,1.31107954545e+00,3.88422139284e-06
3.29545454545e-01,1.31107954545e+00,6.02149855083e-06
3.52272727273e-01,1.31107954545e+00,8.59582644384e-06
3.75000000000e-01,1.31107954545e+00,1.12813071067e-05
3.97727272727e-01,1.31107954545e+00,1.27787202855e-05
4.20454545455e-01,1.31107954545e+00,1.30687617170e-05
4.43181818182e-01,1.31107954545e+00,1.22106768470e-05
4.65909090909e-01,1.31107954545e+00,1.00814822179e-05
4.88636363636e-01,1.31107954545e+00,7.41120711724e-06
5.11363636364e-01,1.31107954545e+00,5.03147982134e-06
5.34090909091e-01,1.31107954545e+00,3.22885137540e-06
5.56818181818e-01,1.31107954545e+00,2.89099977466e-06
5.79545454545e-01,1.31107954545e+00,3.84533884868e-06
6.02272727273e-01,1.31107954545e+00,5.55462903871e-06
6.25000000000e-01,1.31107954545e+00,7.80428738056e-06
6.47727272727e-01,1.31107954545e+00,9.59525741388e-06
6.70454545455e-01,1.31107954545e+00,1.04035777065e-05
6.93181818182e-01,1.31107954545e+00,1.01444214792e-05
7.15909090909e-01,1.31107954545e+00,8.45160522513e-06
7.38636363636e-01,1.31107954545e+00,5.61583068223e-06
7.61363636364e-01,1.31107954545e+00,2.58521991868e-06
7.84090909091e-01,1.31107954545e+00,-3.27960389635e-07
8.06818181818e-01,1.31107954545e+00,-2.19823225541e-06
8.29545454545e-01,1.31107954545e+00,-2.69503116664e-06
8.52272727273e-01,1.31107954545e+00,-2.15575533776e-06
8.75000000000e-01,1.31107954545e+00,-6.52728805664e-07
8.97727272727e-01,1.31107954545e+00,1.33082069187e-06
9.20454545455e-01,1.31107954545e+00,2.80839401415e-06
9.43181818182e-01,1.31107954545e+00,3.56372287419e-06
9.65909090909e-01,1.31107954545e+00,3.06307546301e-06
9.88636363636e-01,1.31107954545e+00,1.09108892241e-06
1.13636363636e-02,1.33096590909e+00,2.44583793761e-07
3.40909090909e-02,1.33096590909e+00,9.68855423709e-07
5.68181818182e-02,1.33096590909e+00,3.33885535064e-06
7.95454545455e-02,1.33096590909e+00,6.32251525026e-06
1.02272727273e-01,1.33096590909e+00,9.28309907733e-06
1.25000000000e-01,1.33096590909e+00,1.18643005764e-05
1.47727272727e-01,1.33096590909e+00,1.27556430167e-05
1.70454545455e-01,1.33096590909e+00,1.24482163118e-05
1.93181818182e-01,1.33096590909e+00,1.11172922329e-05
2.15909090909e-01,1.33096590909e+00,8.87366049315e-06
2.38636363636e-01,1.33096590909e+00,6.65464479178e-06
2.61363636364e-01,1.33096590909e+00,5.02807803529e-06
2.84090909091e-01,1.33096590909e+00,4.19851934615e-06
3.06818181818e-01,1.33096590909e+00,4.82549055242e-06
3.29545454545e-01,1.33096590909e+00,6.40727384326e-06
3.52272727273e-01,1.33096590909e+00,8.39627143475e-06
3.75000000000e-01,1.33096590909e+00,1.05335083693e-05
3.97727272727e-01,1.33096590909e+00,1.17795818198e-05
4.20454545455e-01,1.33096590909e+00,1.20694078976e-05
4.43181818182e-01,1.33096590909e+00,1.14445120598e-05
4.65909090909e-01,1.33096590909e+00,9.79669574552e-06
4.88636363636e-01,1.33096590909e+00,7.71208966501e-06
5.11363636364e-01,1.33096590909e+00,5.86423418471e-06
5.34090909091e-01,1.33096590909e+00,4.48403169246e-06
5.56818181818e-01,1.33096590909e+00,4.28335614888e-06
5.79545454545e-01,1.33096590909e+00,5.09907232606e-06
6.02272727273e-01,1.33096590909e+00,6.48350856902e-06
6.25000000000e-01,1.33096590909e+00,8.25114952122e-06
6.47727272727e-01,1.33096590909e+00,9.52428474391e-06
6.70454545455e-01,1.33096590909e+00,9.92755957145e-06
6.93181818182e-01,1.33096590909e+00,9.40724759771e-06
7.15909090909e-01,1.33096590909e+00,7.68192393136e-06
7.38636363636e-01,1.33096590909e+00,5.06912665832e-06
7.61363636364e-01,1.33096590909e+00,2.37817177635e-06
7.84090909091e-01,1.33096590909e+00,-1.17812860282e-07
8.06818181818e-01,1.33096590909e+00,-1.58937612369e-06
8.29545454545e-01,1.33096590909e+00,-1.81426618972e-06
8.52272727273e-01,1.33096590909e+00,-1.12973741684e-06
8.75000000000e-01,1.33096590909e+00,3.77893200107e-07
8.97727272727e-01,1.33096590909e+00,2.18616665156e-06
9.20454545455e-01,1.33096590909e+00,3.44338564182e-06
9.43181818182e-01,1.33096590909e+00,3.96045032638e-06
9.65909090909e-01,1.33096590909e+00,3.24895012402e-06
9.88636363636e-01,1.33096590909e+00,1.14909549045e-06
1.13636363636e-02,1.35085227273e+00,2.26256666124e-08
3.40909090909e-02,1.35085227273e+00,2.94955321941e-07
5.68181818182e-02,1.35085227273e+00,2.15683323200e-06
7.95454545455e-02,1.35085227273e+00,4.74361912241e-06
1.02272727273e-01,1.35085227273e+00,7.46289310691e-06
1.25000000000e-01,1.35085227273e+00,1.00002539258e-05
1.47727272727e-01,1.35085227273e+00,1.12053496791e-05
1.70454545455e-01,1.35085227273e+00,1.13649738479e-05
1.93181818182e-01,1.35085227273e+00,1.05982019000e-05
2.15909090909e-01,1.35085227273e+00,8.93409045408e-06
2.38636363636e-01,1.35085227273e+00,7.10057009480e-06
2.61363636364e-01,1.35085227273e+00,5.64438319813e-06
2.84090909091e-01,1.35085227273e+00,4.75165888031e-06
3.06818181818e-01,1.35085227273e+00,4.99242946269e-06
3.29545454545e-01,1.35085227273e+00,6.03405528915e-06
3.52272727273e-01,1.35085227273e+00,7.44873654460e-06
3.75000000000e-01,1.35085227273e+00,9.04025726830e-06
3.97727272727e-01,1.35085227273e+00,1.00142999510e-05
4.20454545455e-01,1.35085227273e+00,1.02690037502e-05
4.43181818182e-01,1.35085227273e+00,9.83065401197e-06
4.65909090909e-01,1.35085227273e+00,8.60795365218e-06
4.88636363636e-01,1.35085227273e+00,7.05504591378e-06
5.11363636364e-01,1.35085227273e+00,5.69445304852e-06
5.34090909091e-01,1.35085227273e+00,4.70466179268e-06
5.56818181818e-01,1.35085227273e+00,4.63407031224e-06
5.79545454545e-01,1.35085227273e+00,5.32733032942e-06
6.02272727273e-01,1.35085227273e+00,6.42047927367e-06
6.25000000000e-01,1.35085227273e+00,7.75574781991e-06
6.47727272727e-01,1.35085227273e+00,8.57592642410e-06
6.70454545455e-01,1.35085227273e+00,8.64119282159e-06
6.93181818182e-01,1.35085227273e+00,7.92658490198e-06
7.15909090909e-01,1.35085227273e+00,6.23119600309e-06
7.38636363636e-01,1.35085227273e+00,3.89465292707e-06
7.61363636364e-01,1.35085227273e+00,1.59038107276e-06
7.84090909091e-01,1.35085227273e+00,-4.46991474715e-07
8.06818181818e-01,1.35085227273e+00,-1.48312160333e-06
8.29545454545e-01,1.35085227273e+00,-1.39870003718e-06
8.52272727273e-01,1.35085227273e+00,-5.28779673555e-07
8.75000000000e-01,1.35085227273e+00,1.02777663318e-06
8.97727272727e-01,1.35085227273e+00,2.71548529683e-06
9.20454545455e-01,1.35085227273e+00,3.81410375300e-06
9.43181818182e-01,1.35085227273e+00,4.16123557690e-06
9.65909090909e-01,1.35085227273e+00,3.31426987742e-06
9.88636363636e-01,1.35085227273e+00,1.16669060545e-06
1.13636363636e-02,1.37073863636e+00,-2.14710050182e-07
3.40909090909e-02,1.37073863636e+00,-4.29032841307e-07
5.68181818182e-02,1.37073863636e+00,8.62325532235e-07
7.95454545455e-02,1.37073863636e+00,2.95463208078e-06
1.02272727273e-01,1.37073863636e+00,5.30711951437e-06
1.25000000000e-01,1.37073863636e+00,7.64827054801e-06
1.47727272727e-01,1.37073863636e+00,8.99352892366e-06
1.70454545455e-01,1.37073863636e+00,9.45306096721e-06
1.93181818182e-01,1.37073863636e+00,9.09713420671e-06
2.15909090909e-01,1.37073863636e+00,7.88913843181e-06
2.38636363636e-01,1.37073863636e+00,6.36732143160e-06
2.61363636364e-01,1.37073863636e+00,5.04233867874e-06
2.84090909091e-01,1.37073863636e+00,4.07932133882e-06
3.06818181818e-01,1.37073863636e+00,3.95840093281e-06
3.29545454545e-01,1.37073863636e+00,4.48997098600e-06
3.52272727273e-01,1.37073863636e+00,5.35466754981e-06
3.75000000000e-01,1.37073863636e+00,6.41208026511e-06
3.97727272727e-01,1.37073863636e+00,7.08827713835e-06
4.20454545455e-01,1.37073863636e+00,7.25815593522e-06
4.43181818182e-01,1.37073863636e+00,6.93649918998e-06
4.65909090909e-01,1.37073863636e+00,6.05160835585e-06
4.88636363636e-01,1.37073863636e+00,4.94437567045e-06
5.11363636364e-01,1.37073863636e+00,3.99876184642e-06
5.34090909091e-01,1.37073863636e+00,3.34630519107e-06
5.56818181818e-01,1.37073863636e+00,3.39227483550e-06
5.79545454545e-01,1.37073863636e+00,3.98747903774e-06
6.02272727273e-01,1.37073863636e+00,4.84240327740e-06
6.25000000000e-01,1.37073863636e+00,5.82506393620e-06
6.47727272727e-01,1.37073863636e+00,6.29758753469e-06
6.70454545455e-01,1.37073863636e+00,6.13350290159e-06
6.93181818182e-01,1.37073863636e+00,5.33243547484e-06
7.15909090909e-01,1.37073863636e+00,3.76631448396e-06
7.38636363636e-01,1.37073863636e+00,1.78772339168e-06
7.61363636364e-01,1.37073863636e+00,-6.05641130217e-08
7.84090909091e-01,1.37073863636e+00,-1.58137520036e-06
8.06818181818e-01,1.37073863636e+00,-2.13444658067e-06
8.29545454545e-01,1.37073863636e+00,-1.69301134808e-06
8.52272727273e-01,1.37073863636e+00,-5.85542243324e-07
8.75000000000e-01,1.37073863636e+00,1.07947964120e-06
8.97727272727e-01,1.37073863636e+00,2.72609029503e-06
9.20454545455e-01,1.37073863636e+00,3.75964067703e-06
9.43181818182e-01,1.37073863636e+00,4.04362032120e-06
9.65909090909e-01,1.37073863636e+00,3.18239624111e-06
9.88636363636e-01,1.37073863636e+00,1.11808844767e-06
1.13636363636e-02,1.39062500000e+00,-4.09456083885e-07
3.40909090909e-02,1.39062500000e+00,-1.03217997735e-06
5.68181818182e-02,1.39062500000e+00,-2.81585950676e-07
7.95454545455e-02,1.39062500000e+00,1.28136601184e-06
1.02272727273e-01,1.39062500000e+00,3.17868467208e-06
1.25000000000e-01,1.39062500000e+00,5.18197119749e-06
1.47727272727e-01,1.39062500000e+00,6.47240070535e-06
1.70454545455e-01,1.39062500000e+00,7.03539503230e-06
1.93181818182e-01,1.39062500000e+00,6.90534840908e-06
2.15909090909e-01,1.39062500000e+00,6.00556226102e-06
2.38636363636e-01,1.39062500000e+00,4.72085808955e-06
2.61363636364e-01,1.39062500000e+00,3.50770660470e-06
2.84090909091e-01,1.39062500000e+00,2.50798574889e-06
3.06818181818e-01,1.39062500000e+00,2.11649246662e-06
3.29545454545e-01,1.39062500000e+00,2.24576159763e-06
3.52272727273e-01,1.39062500000e+00,2.66436147541e-06
3.75000000000e-01,1.39062500000e+00,3.27586681268e-06
3.97727272727e-01,1.39062500000e+00,3.68290882333e-06
4.20454545455e-01,1.39062500000e+00,3.75301334832e-06
4.43181818182e-01,1.39062500000e+00,3.49346590115e-06
4.65909090909e-01,1.39062500000e+00,2.85145001169e-06
4.88636363636e-01,1.39062500000e+00,2.07884412582e-06
5.11363636364e-01,1.39062500000e+00,1.44642336668e-06
5.34090909091e-01,1.39062500000e+00,1.04812100353e-06
5.56818181818e-01,1.39062500000e+00,1.17676152878e-06
5.79545454545e-01,1.39062500000e+00,1.69282641303e-06
6.02272727273e-01,1.39062500000e+00,2.36916359872e-06
6.25000000000e-01,1.39062500000e+00,3.09738553182e-06
6.47727272727e-01,1.39062500000e+00,3.35455281925e-06
6.70454545455e-01,1.39062500000e+00,3.09202525256e-06
6.93181818182e-01,1.39062500000e+00,2.32574759551e-06
7.15909090909e-01,1.39062500000e+00,9.83670404807e-07
7.38636363636e-01,1.39062500000e+00,-5.90158507678e-07
7.61363636364e-01,1.39062500000e+00,-1.97021451284e-06
7.84090909091e-01,1.39062500000e+00,-2.99466548376e-06
8.06818181818e-01,1.39062500000e+00,-3.11804328798e-06
8.29545454545e-01,1.39062500000e+00,-2.37931640676e-06
8.52272727273e-01,1.39062500000e+00,-1.08734097696e-06
8.75000000000e-01,1.39062500000e+00,6.47768319710e-07
8.97727272727e-01,1.39062500000e+00,2.26318627897e-06
9.20454545455e-01,1.39062500000e+00,3.27835242619e-06
9.43181818182e-01,1.39062500000e+00,3.58101176843e-06
9.65909090909e-01,1.39062500000e+00,2.82660395741e-06
9.88636363636e-01,1.39062500000e+00,9.93564720375e-07
1.13636363636e-02,1.41051136364e+00,-5.63066504036e-07
3.40909090909e-02,1.41051136364e+00,-1.51591010242e-06
5.68181818182e-02,1.41051136364e+00,-1.25572783299e-06
7.95454545455e-02,1.41051136364e+00,-2.09382537092e-07
1.02272727273e-01,1.41051136364e+00,1.21402047521e-06
1.25000000000e-01,1.41051136364e+00,2.82909577790e-06
1.47727272727e-01,1.41051136364e+00,3.98094612642e-06
1.70454545455e-01,1.41051136364e+00,4.56046757333e-06
1.93181818182e-01,1.41051136364e+00,4.57350607119e-06
2.15909090909e-01,1.41051136364e+00,3.91728774478e-06
2.38636363636e-01,1.41051136364e+00,2.84384310086e-06
2.61363636364e-01,1.41051136364e+00,1.74656379820e-06
2.84090909091e-01,1.41051136364e+00,7.43099510654e-07
3.06818181818e-01,1.41051136364e+00,1.45956622700e-07
3.29545454545e-01,1.41051136364e+00,-5.25534089447e-08
3.52272727273e-01,1.41051136364e+00,-7.47289241543e-09
3.75000000000e-01,1.41051136364e+00,2.22129173120e-07
3.97727272727e-01,1.41051136364e+00,3.90286073603e-07
4.20454545455e-01,1.41051136364e+00,3.65430473871e-07
4.43181818182e-01,1.41051136364e+00,1.49270808005e-07
4.65909090909e-01,1.41051136364e+00,-2.93378555877e-07
4.88636363636e-01,1.41051136364e+00,-7.87295885212e-07
5.11363636364e-01,1.41051136364e+00,-1.15991319966e-06
5.34090909091e-01,1.41051136364e+00,-1.34970263428e-06
5.56818181818e-01,1.41051136364e+00,-1.16006497972e-06
5.79545454545e-01,1.41051136364e+00,-7.17995142060e-07
6.02272727273e-01,1.41051136364e+00,-1.94411763179e-07
6.25000000000e-01,1.41051136364e+00,3.24787416025e-07
6.47727272727e-01,1.41051136364e+00,4.28129704233e-07
6.70454545455e-01,1.41051136364e+00,1.25924704764e-07
6.93181818182e-01,1.41051136364e+00,-5.54296053808e-07
7.15909090909e-01,1.41051136364e+00,-1.63857897187e-06
7.38636363636e-01,1.41051136364e+00,-2.80416538007e-06
7.61363636364e-01,1.41051136364e+00,-3.73422348291e-06
7.84090909091e-01,1.41051136364e+00,-4.30095482495e-06
8.06818181818e-01,1.41051136364e+00,-4.05440046897e-06
8.29545454545e-01,1.41051136364e+00,-3.08279587068e-06
8.52272727273e-01,1.41051136364e+00,-1.66724015967e-06
8.75000000000e-01,1.41051136364e+00,8.54283823562e-08
8.97727272727e-01,1.41051136364e+00,1.64601237862e-06
9.20454545455e-01,1.41051136364e+00,2.64144132697e-06
9.43181818182e-01,1.41051136364e+00,2.98277464723e-06
9.65909090909e-01,1.41051136364e+00,2.37910016948e-06
9.88636363636e-01,1.41051136364e+00,8.37687585367e-07
1.13636363636e-02,1.43039772727e+00,-6.08436024258e-07
3.40909090909e-02,1.43039772727e+00,-1.68261888115e-06
5.68181818182e-02,1.43039772727e+00,-1.75797739666e-06
7.95454545455e-02,1.43039772727e+00,-1.14662115200e-06
1.02272727273e-01,1.43039772727e+00,-1.77490105362e-07
1.25000000000e-01,1.43039772727e+00,1.00642407781e-06
1.47727272727e-01,1.43039772727e+00,1.90760235474e-06
1.70454545455e-01,1.43039772727e+00,2.38133424708e-06
1.93181818182e-01,1.43039772727e+00,2.41884119003e-06
2.15909090909e-01,1.43039772727e+00,1.91707677710e-06
2.38636363636e-01,1.43039772727e+00,1.03468675335e-06
2.61363636364e-01,1.43039772727e+00,8.74691939415e-08
2.84090909091e-01,1.43039772727e+00,-8.32474389597e-07
3.06818181818e-01,1.43039772727e+00,-1.48833300325e-06
3.29545454545e-01,1.43039772727e+00,-1.84913059703e-06
3.52272727273e-01,1.43039772727e+00,-2.01534058988e-06
3.75000000000e-01,1.43039772727e+00,-2.02116070331e-06
3.97727272727e-01,1.43039772727e+00,-2.00959076779e-06
4.20454545455e-01,1.43039772727e+00,-2.09680534969e-06
4.43181818182e-01,1.43039772727e+00,-2.28363910079e-06
4.65909090909e-01,1.43039772727e+00,-2.59151822812e-06
4.88636363636e-01,1.43039772727e+00,-2.90080563843e-06
5.11363636364e-01,1.43039772727e+00,-3.10759547256e-06
5.34090909091e-01,1.43039772727e+00,-3.17304333719e-06
5.56818181818e-01,1.43039772727e+00,-2.96798873138e-06
5.79545454545e-01,1.43039772727e+00,-2.59996810883e-06
6.02272727273e-01,1.43039772727e+00,-2.19405428116e-06
6.25000000000e-01,1.43039772727e+00,-1.81552178759e-06
6.47727272727e-01,1.43039772727e+00,-1.77268838321e-06
6.70454545455e-01,1.43039772727e+00,-2.03000540947e-06
6.93181818182e-01,1.43039772727e+00,-2.55743907425e-06
7.15909090909e-01,1.43039772727e+00,-3.35495187945e-06
7.38636363636e-01,1.43039772727e+00,-4.14634478964e-06
7.61363636364e-01,1.43039772727e+00,-4.70550866318e-06
7.84090909091e-01,1.43039772727e+00,-4.93600082023e-06
8.06818181818e-01,1.43039772727e+00,-4.48527432347e-06
8.29545454545e-01,1.43039772727e+00,-3.45725440598e-06
8.52272727273e-01,1.43039772727e+00,-2.08847149184e-06
8.75000000000e-01,1.43039772727e+00,-4.72468817001e-07
8.97727272727e-01,1.43039772727e+00,9.36691250118e-07
9.20454545455e-01,1.43039772727e+00,1.86073829194e-06
9.43181818182e-01,1.43039772727e+00,2.23222607223e-06
9.65909090909e-01,1.43039772727e+00,1.81923951346e-06
9.88636363636e-01,1.43039772727e+00,6.42769524950e-07
1.13636363636e-02,1.45028409091e+00,-5.40831901669e-07
3.40909090909e-02,1.45028409091e+00,-1.51595298891e-06
5.68181818182e-02,1.45028409091e+00,-1.74527506349e-06
7.95454545455e-02,1.45028409091e+00,-1.44035411399e-06
1.02272727273e-01,1.45028409091e+00,-8.42344537635e-07
1.25000000000e-01,1.45028409091e+00,-5.26555965705e-08
1.47727272727e-01,1.45028409091e+00,5.80754621219e-07
1.70454545455e-01,1.45028409091e+00,9.19934157847e-07
1.93181818182e-01,1.45028409091e+00,9.51025719319e-07
2.15909090909e-01,1.45028409091e+00,5.87468581414e-07
2.38636363636e-01,1.45028409091e+00,-7.85955703115e-08
2.61363636364e-01,1.45028409091e+00,-8.16479571903e-07
2.84090909091e-01,1.45028409091e+00,-1.56011217614e-06
3.06818181818e-01,1.45028409091e+00,-2.14375306367e-06
3.29545454545e-01,1.45028409091e+00,-2.52452025388e-06
3.52272727273e-01,1.45028409091e+00,-2.76287503674e-06
3.75000000000e-01,1.45028409091e+00,-2.87658341696e-06
3.97727272727e-01,1.45028409091e+00,-2.93997514003e-06
4.20454545455e-01,1.45028409091e+00,-3.04412204215e-06
4.43181818182e-01,1.45028409091e+00,-3.19080121689e-06
4.65909090909e-01,1.45028409091e+00,-3.39171788721e-06
4.88636363636e-01,1.45028409091e+00,-3.57057744999e-06
5.11363636364e-01,1.45028409091e+00,-3.67068177280e-06
5.34090909091e-01,1.45028409091e+00,-3.66939098446e-06
5.56818181818e-01,1.45028409091e+00,-3.48756399042e-06
5.79545454545e-01,1.45028409091e+00,-3.20721770211e-06
6.02272727273e-01,1.45028409091e+00,-2.91343181896e-06
6.25000000000e-01,1.45028409091e+00,-2.65197955234e-06
6.47727272727e-01,1.45028409091e+00,-2.63599893194e-06
6.70454545455e-01,1.45028409091e+00,-2.82496704300e-06
6.93181818182e-01,1.45028409091e+00,-3.19254362802e-06
7.15909090909e-01,1.45028409091e+00,-3.72703791831e-06
7.38636363636e-01,1.45028409091e+00,-4.21677695465e-06
7.61363636364e-01,1.45028409091e+00,-4.51214131169e-06
7.84090909091e-01,1.45028409091e+00,-4.54596610254e-06
8.06818181818e-01,1.45028409091e+00,-4.06488143120e-06
8.29545454545e-01,1.45028409091e+00,-3.16348775504e-06
8.52272727273e-01,1.45028409091e+00,-2.02108295790e-06
8.75000000000e-01,1.45028409091e+00,-7.10497961782e-07
8.97727272727e-01,1.45028409091e+00,4.19599817940e-07
9.20454545455e-01,1.45028409091e+00,1.17713936034e-06
9.43181818182e-01,1.45028409091e+00,1.51492127287e-06
9.65909090909e-01,1.45028409091e+00,1.26403512298e-06
9.88636363636e-01,1.45028409091e+00,4.48245219725e-07
1.13636363636e-02,1.47017045455e+00,-4.00695837005e-07
3.40909090909e-02,1.47017045455e+00,-1.13515767878e-06
5.68181818182e-02,1.47017045455e+00,-1.40111069490e-06
7.95454545455e-02,1.47017045455e+00,-1.31835990512e-06
1.02272727273e-01,1.47017045455e+00,-1.03553583847e-06
1.25000000000e-01,1.47017045455e+00,-6.12980646963e-07
1.47727272727e-01,1.47017045455e+00,-2.54120152036e-07
1.70454545455e-01,1.47017045455e+00,-6.37836829178e-08
1.93181818182e-01,1.47017045455e+00,-5.49996799999e-08
2.15909090909e-01,1.47017045455e+00,-2.87529829227e-07
2.38636363636e-01,1.47017045455e+00,-7.19130774072e-07
2.61363636364e-01,1.47017045455e+00,-1.20874206187e-06
2.84090909091e-01,1.47017045455e+00,-1.71660536234e-06
3.06818181818e-01,1.47017045455e+00,-2.14523114647e-06
3.29545454545e-01,1.47017045455e+00,-2.45631024478e-06
3.52272727273e-01,1.47017045455e+00,-2.67925851230e-06
3.75000000000e-01,1.47017045455e+00,-2.82062577617e-06
3.97727272727e-01,1.47017045455e+00,-2.90738506592e-06
4.20454545455e-01,1.47017045455e+00,-2.99943702126e-06
4.43181818182e-01,1.47017045455e+00,-3.09852510899e-06
4.65909090909e-01,1.47017045455e+00,-3.20919479583e-06
4.88636363636e-01,1.47017045455e+00,-3.29100829125e-06
5.11363636364e-01,1.47017045455e+00,-3.32112319907e-06
5.34090909091e-01,1.47017045455e+00,-3.28910144059e-06
5.56818181818e-01,1.47017045455e+00,-3.15515694000e-06
5.79545454545e-01,1.47017045455e+00,-2.97197434547e-06
6.02272727273e-01,1.47017045455e+00,-2.78819967727e-06
6.25000000000e-01,1.47017045455e+00,-2.63079271626e-06
6.47727272727e-01,1.47017045455e+00,-2.62276673948e-06
6.70454545455e-01,1.47017045455e+00,-2.73101066133e-06
6.93181818182e-01,1.47017045455e+00,-2.93670628476e-06
7.15909090909e-01,1.47017045455e+00,-3.22547119534e-06
7.38636363636e-01,1.47017045455e+00,-3.46129461133e-06
7.61363636364e-01,1.47017045455e+00,-3.56214704989e-06
7.84090909091e-01,1.47017045455e+00,-3.48884409551e-06
8.06818181818e-01,1.47017045455e+00,-3.08830873784e-06
8.29545454545e-01,1.47017045455e+00,-2.43025849901e-06
8.52272727273e-01,1.47017045455e+00,-1.62887653732e-06
8.75000000000e-01,1.47017045455e+00,-7.31672193761e-07
8.97727272727e-01,1.47017045455e+00,3.68546193702e-08
9.20454545455e-01,1.47017045455e+00,5.65532205523e-07
9.43181818182e-01,1.47017045455e+00,8.26638365716e-07
9.65909090909e-01,1.47017045455e+00,7.16758856589e-07
9.88636363636e-01,1.47017045455e+00,2.55645061072e-07
1.13636363636e-02,1.49005681818e+00,-1.33565279002e-07
3.40909090909e-02,1.49005681818e+00,-3.78385892926e-07
5.68181818182e-02,1.49005681818e+00,-4.67036898299e-07
7.95454545455e-02,1.49005681818e+00,-4.39453301708e-07
1.02272727273e-01,1.49005681818e+00,-3.45178612825e-07
1.25000000000e-01,1.49005681818e+00,-2.04326882321e-07
1.47727272727e-01,1.49005681818e+00,-8.47067173452e-08
1.70454545455e-01,1.49005681818e+00,-2.12612276393e-08
1.93181818182e-01,1.49005681818e+00,-1.83332266666e-08
2.15909090909e-01,1.49005681818e+00,-9.58432764089e-08
2.38636363636e-01,1.49005681818e+00,-2.39710258024e-07
2.61363636364e-01,1.49005681818e+00,-4.02914020623e-07
2.84090909091e-01,1.49005681818e+00,-5.72201787446e-07
3.06818181818e-01,1.49005681818e+00,-7.15077048822e-07
3.29545454545e-01,1.49005681818e+00,-8.18770081593e-07
3.52272727273e-01,1.49005681818e+00,-8.93086170766e-07
3.75000000000e-01,1.49005681818e+00,-9.40208592058e-07
3.97727272727e-01,1.49005681818e+00,-9.69128355306e-07
4.20454545455e-01,1.49005681818e+00,-9.99812340420e-07
4.43181818182e-01,1.49005681818e+00,-1.03284170300e-06
4.65909090909e-01,1.49005681818e+00,-1.06973159861e-06
4.88636363636e-01,1.49005681818e+00,-1.09700276375e-06
5.11363636364e-01,1.49005681818e+00,-1.10704106636e-06
5.34090909091e-01,1.49005681818e+00,-1.09636714686e-06
5.56818181818e-01,1.49005681818e+00,-1.05171898000e-06
5.79545454545e-01,1.49005681818e+00,-9.90658115155e-07
6.02272727273e-01,1.49005681818e+00,-9.29399892423e-07
6.25000000000e-01,1.49005681818e+00,-8.76930905422e-07
6.47727272727e-01,1.49005681818e+00,-8.74255579825e-07
6.70454545455e-01,1.49005681818e+00,-9.10336887110e-07
6.93181818182e-01,1.49005681818e+00,-9.78902094918e-07
7.15909090909e-01,1.49005681818e+00,-1.07515706511e-06
7.38636363636e-01,1.49005681818e+00,-1.15376487044e-06
7.61363636364e-01,1.49005681818e+00,-1.18738234996e-06
7.84090909091e-01,1.49005681818e+00,-1.16294803184e-06
8.06818181818e-01,1.49005681818e+00,-1.02943624595e-06
8.29545454545e-01,1.49005681818e+00,-8.10086166336e-07
8.52272727273e-01,1.49005681818e+00,-5.42958845774e-07
8.75000000000e-01,1.49005681818e+00,-2.43890731254e-07
8.97727272727e-01,1.49005681818e+00,1.22848731234e-08
9.20454545455e-01,1.49005681818e+00,1.88510735174e-07
9.43181818182e-01,1.49005681818e+00,2.75546121905e-07
9.65909090909e-01,1.49005681818e+00,2.38919618863e-07
9.88636363636e-01,1.49005681818e+00,8.52150203573e-08
