x,y,u
1.13636363636e-02,7.10227272727e-03,-5.79510047527e-07
3.40909090909e-02,7.10227272727e-03,-1.73853014258e-06
5.68181818182e-02,7.10227272727e-03,-2.89755023763e-06
7.95454545455e-02,7.10227272727e-03,-3.18377208960e-06
1.02272727273e-01,7.10227272727e-03,-3.17906119388e-06
1.25000000000e-01,7.10227272727e-03,-3.17435029816e-06
1.47727272727e-01,7.10227272727e-03,-2.35680203037e-06
1.70454545455e-01,7.10227272727e-03,-1.53925376259e-06
1.93181818182e-01,7.10227272727e-03,-7.01351413985e-07
2.15909090909e-01,7.10227272727e-03,1.97613177077e-07
2.38636363636e-01,7.10227272727e-03,1.09657776814e-06
2.61363636364e-01,7.10227272727e-03,1.66293028510e-06
2.84090909091e-01,7.10227272727e-03,1.89667072796e-06
3.06818181818e-01,7.10227272727e-03,2.13041117082e-06
3.29545454545e-01,7.10227272727e-03,1.56714106063e-06
3.52272727273e-01,7.10227272727e-03,7.38200766081e-07
3.75000000000e-01,7.10227272727e-03,-9.07395284663e-08
3.97727272727e-01,7.10227272727e-03,-1.83280537520e-06
4.20454545455e-01,7.10227272727e-03,-3.57487122194e-06
4.43181818182e-01,7.10227272727e-03,-5.38616906115e-06
4.65909090909e-01,7.10227272727e-03,-7.40516287779e-06
4.88636363636e-01,7.10227272727e-03,-9.42415669442e-06
5.11363636364e-01,7.10227272727e-03,-1.11658847698e-05
5.34090909091e-01,7.10227272727e-03,-1.26303471038e-05
5.56818181818e-01,7.10227272727e-03,-1.40948094378e-05
5.79545454545e-01,7.10227272727e-03,-1.46640633410e-05
6.02272727273e-01,7.10227272727e-03,-1.49349144339e-05
6.25000000000e-01,7.10227272727e-03,-1.52057655268e-05
6.47727272727e-01,7.10227272727e-03,-1.41398082692e-05
6.70454545455e-01,7.10227272727e-03,-1.30738510117e-05
6.93181818182e-01,7.10227272727e-03,-1.17811263540e-05
7.15909090909e-01,7.10227272727e-03,-9.80809949602e-06
7.38636363636e-01,7.10227272727e-03,-7.83507263802e-06
7.61363636364e-01,7.10227272727e-03,-5.81623087576e-06
7.84090909091e-01,7.10227272727e-03,-3.75157420923e-06
8.06818181818e-01,7.10227272727e-03,-1.68691754270e-06
8.29545454545e-01,7.10227272727e-03,-1.79108435406e-07
8.52272727273e-01,7.10227272727e-03,1.14308481882e-06
8.75000000000e-01,7.10227272727e-03,2.46527807304e-06
8.97727272727e-01,7.10227272727e-03,2.57160193802e-06
9.20454545455e-01,7.10227272727e-03,2.67792580301e-06
9.43181818182e-01,7.10227272727e-03,2.50697154704e-06
9.65909090909e-01,7.10227272727e-03,1.50418292822e-06
9.88636363636e-01,7.10227272727e-03,5.01394309408e-07
1.13636363636e-02,2.13068181818e-02,-1.73853014258e-06
3.40909090909e-02,2.13068181818e-02,-5.21559042774e-06
5.68181818182e-02,2.13068181818e-02,-8.69265071290e-06
7.95454545455e-02,2.13068181818e-02,-9.55131626881e-06
1.02272727273e-01,2.13068181818e-02,-9.53718358165e-06
1.25000000000e-01,2.13068181818e-02,-9.52305089448e-06
1.47727272727e-01,2.13068181818e-02,-7.07040609112e-06
1.70454545455e-01,2.13068181818e-02,-4.61776128777e-06
1.93181818182e-01,2.13068181818e-02,-2.10405424196e-06
2.15909090909e-01,2.13068181818e-02,5.92839531232e-07
2.38636363636e-01,2.13068181818e-02,3.28973330442e-06
2.61363636364e-01,2.13068181818e-02,4.98879085531e-06
2.84090909091e-01,2.13068181818e-02,5.69001218389e-06
3.06818181818e-01,2.13068181818e-02,6.39123351247e-06
3.29545454545e-01,2.13068181818e-02,4.70142318189e-06
3.52272727273e-01,2.13068181818e-02,2.21460229824e-06
3.75000000000e-01,2.13068181818e-02,-2.72218585399e-07
3.97727272727e-01,2.13068181818e-02,-5.49841612561e-06
4.20454545455e-01,2.13068181818e-02,-1.07246136658e-05
4.43181818182e-01,2.13068181818e-02,-1.61585071834e-05
4.65909090909e-01,2.13068181818e-02,-2.22154886334e-05
4.88636363636e-01,2.13068181818e-02,-2.82724700833e-05
5.11363636364e-01,2.13068181818e-02,-3.34976543093e-05
5.34090909091e-01,2.13068181818e-02,-3.78910413114e-05
5.56818181818e-01,2.13068181818e-02,-4.22844283135e-05
5.79545454545e-01,2.13068181818e-02,-4.39921900230e-05
6.02272727273e-01,2.13068181818e-02,-4.48047433017e-05
6.25000000000e-01,2.13068181818e-02,-4.56172965803e-05
6.47727272727e-01,2.13068181818e-02,-4.24194248077e-05
6.70454545455e-01,2.13068181818e-02,-3.92215530350e-05
6.93181818182e-01,2.13068181818e-02,-3.53433790621e-05
7.15909090909e-01,2.13068181818e-02,-2.94242984881e-05
7.38636363636e-01,2.13068181818e-02,-2.35052179141e-05
7.61363636364e-01,2.13068181818e-02,-1.74486926273e-05
7.84090909091e-01,2.13068181818e-02,-1.12547226277e-05
8.06818181818e-01,2.13068181818e-02,-5.06075262811e-06
8.29545454545e-01,2.13068181818e-02,-5.37325306218e-07
8.52272727273e-01,2.13068181818e-02,3.42925445645e-06
8.75000000000e-01,2.13068181818e-02,7.39583421912e-06
8.97727272727e-01,2.13068181818e-02,7.71480581407e-06
9.20454545455e-01,2.13068181818e-02,8.03377740902e-06
9.43181818182e-01,2.13068181818e-02,7.52091464112e-06
9.65909090909e-01,2.13068181818e-02,4.51254878467e-06
9.88636363636e-01,2.13068181818e-02,1.50418292822e-06
1.13636363636e-02,3.55113636364e-02,-2.89755023763e-06
3.40909090909e-02,3.55113636364e-02,-8.69265071290e-06
5.68181818182e-02,3.55113636364e-02,-1.44877511882e-05
7.95454545455e-02,3.55113636364e-02,-1.59188604480e-05
1.02272727273e-01,3.55113636364e-02,-1.58953059694e-05
1.25000000000e-01,3.55113636364e-02,-1.58717514908e-05
1.47727272727e-01,3.55113636364e-02,-1.17840101519e-05
1.70454545455e-01,3.55113636364e-02,-7.69626881295e-06
1.93181818182e-01,3.55113636364e-02,-3.50675706993e-06
2.15909090909e-01,3.55113636364e-02,9.88065885387e-07
2.38636363636e-01,3.55113636364e-02,5.48288884070e-06
2.61363636364e-01,3.55113636364e-02,8.31465142551e-06
2.84090909091e-01,3.55113636364e-02,9.48335363982e-06
3.06818181818e-01,3.55113636364e-02,1.06520558541e-05
3.29545454545e-01,3.55113636364e-02,7.83570530314e-06
3.52272727273e-01,3.55113636364e-02,3.69100383041e-06
3.75000000000e-01,3.55113636364e-02,-4.53697642331e-07
3.97727272727e-01,3.55113636364e-02,-9.16402687601e-06
4.20454545455e-01,3.55113636364e-02,-1.78743561097e-05
4.43181818182e-01,3.55113636364e-02,-2.69308453057e-05
4.65909090909e-01,3.55113636364e-02,-3.70258143889e-05
4.88636363636e-01,3.55113636364e-02,-4.71207834721e-05
5.11363636364e-01,3.55113636364e-02,-5.58294238488e-05
5.34090909091e-01,3.55113636364e-02,-6.31517355190e-05
5.56818181818e-01,3.55113636364e-02,-7.04740471892e-05
5.79545454545e-01,3.55113636364e-02,-7.33203167050e-05
6.02272727273e-01,3.55113636364e-02,-7.46745721695e-05
6.25000000000e-01,3.55113636364e-02,-7.60288276339e-05
6.47727272727e-01,3.55113636364e-02,-7.06990413461e-05
6.70454545455e-01,3.55113636364e-02,-6.53692550584e-05
6.93181818182e-01,3.55113636364e-02,-5.89056317701e-05
7.15909090909e-01,3.55113636364e-02,-4.90404974801e-05
7.38636363636e-01,3.55113636364e-02,-3.91753631901e-05
7.61363636364e-01,3.55113636364e-02,-2.90811543788e-05
7.84090909091e-01,3.55113636364e-02,-1.87578710462e-05
8.06818181818e-01,3.55113636364e-02,-8.43458771352e-06
8.29545454545e-01,3.55113636364e-02,-8.95542177030e-07
8.52272727273e-01,3.55113636364e-02,5.71542409408e-06
8.75000000000e-01,3.55113636364e-02,1.23263903652e-05
8.97727272727e-01,3.55113636364e-02,1.28580096901e-05
9.20454545455e-01,3.55113636364e-02,1.33896290150e-05
9.43181818182e-01,3.55113636364e-02,1.25348577352e-05
9.65909090909e-01,3.55113636364e-02,7.52091464112e-06
9.88636363636e-01,3.55113636364e-02,2.50697154704e-06
1.13636363636e-02,4.97159090909e-02,-4.05657033269e-06
3.40909090909e-02,4.97159090909e-02,-1.21697109981e-05
5.68181818182e-02,4.97159090909e-02,-2.02828516634e-05
7.95454545455e-02,4.97159090909e-02,-2.22864046272e-05
1.02272727273e-01,4.97159090909e-02,-2.22534283572e-05
1.25000000000e-01,4.97159090909e-02,-2.22204520871e-05
1.47727272727e-01,4.97159090909e-02,-1.64976142126e-05
1.70454545455e-01,4.97159090909e-02,-1.07747763381e-05
1.93181818182e-01,4.97159090909e-02,-4.90945989790e-06
2.15909090909e-01,4.97159090909e-02,1.38329223954e-06
2.38636363636e-01,4.97159090909e-02,7.67604437698e-06
2.61363636364e-01,4.97159090909e-02,1.16405119957e-05
2.84090909091e-01,4.97159090909e-02,1.32766950957e-05
3.06818181818e-01,4.97159090909e-02,1.49128781958e-05
3.29545454545e-01,4.97159090909e-02,1.09699874244e-05
3.52272727273e-01,4.97159090909e-02,5.16740536257e-06
3.75000000000e-01,4.97159090909e-02,-6.35176699264e-07
3.97727272727e-01,4.97159090909e-02,-1.28296376264e-05
4.20454545455e-01,4.97159090909e-02,-2.50240985536e-05
4.43181818182e-01,4.97159090909e-02,-3.77031834280e-05
4.65909090909e-01,4.97159090909e-02,-5.18361401445e-05
4.88636363636e-01,4.97159090909e-02,-6.59690968609e-05
5.11363636364e-01,4.97159090909e-02,-7.81611933883e-05
5.34090909091e-01,4.97159090909e-02,-8.84124297266e-05
5.56818181818e-01,4.97159090909e-02,-9.86636660649e-05
5.79545454545e-01,4.97159090909e-02,-1.02648443387e-04
6.02272727273e-01,4.97159090909e-02,-1.04544401037e-04
6.25000000000e-01,4.97159090909e-02,-1.06440358687e-04
6.47727272727e-01,4.97159090909e-02,-9.89786578846e-05
6.70454545455e-01,4.97159090909e-02,-9.15169570818e-05
6.93181818182e-01,4.97159090909e-02,-8.24678844782e-05
7.15909090909e-01,4.97159090909e-02,-6.86566964722e-05
7.38636363636e-01,4.97159090909e-02,-5.48455084661e-05
7.61363636364e-01,4.97159090909e-02,-4.07136161303e-05
7.84090909091e-01,4.97159090909e-02,-2.62610194646e-05
8.06818181818e-01,4.97159090909e-02,-1.18084227989e-05
8.29545454545e-01,4.97159090909e-02,-1.25375904784e-06
8.52272727273e-01,4.97159090909e-02,8.00159373171e-06
8.75000000000e-01,4.97159090909e-02,1.72569465113e-05
8.97727272727e-01,4.97159090909e-02,1.80012135662e-05
9.20454545455e-01,4.97159090909e-02,1.87454806210e-05
9.43181818182e-01,4.97159090909e-02,1.75488008293e-05
9.65909090909e-01,4.97159090909e-02,1.05292804976e-05
9.88636363636e-01,4.97159090909e-02,3.50976016586e-06
1.13636363636e-02,6.39204545455e-02,-5.09674305497e-06
3.40909090909e-02,6.39204545455e-02,-1.52902291649e-05
5.68181818182e-02,6.39204545455e-02,-2.54837152748e-05
7.95454545455e-02,6.39204545455e-02,-2.78573494312e-05
1.02272727273e-01,6.39204545455e-02,-2.76243662697e-05
1.25000000000e-01,6.39204545455e-02,-2.73913831082e-05
1.47727272727e-01,6.39204545455e-02,-1.98912346588e-05
1.70454545455e-01,6.39204545455e-02,-1.23910862094e-05
1.93181818182e-01,6.39204545455e-02,-4.71815937429e-06
2.15909090909e-01,6.39204545455e-02,3.47310261775e-06
2.38636363636e-01,6.39204545455e-02,1.16643646098e-05
2.61363636364e-01,6.39204545455e-02,1.68455353918e-05
2.84090909091e-01,6.39204545455e-02,1.90166149637e-05
3.06818181818e-01,6.39204545455e-02,2.11876945356e-05
3.29545454545e-01,6.39204545455e-02,1.61649603741e-05
3.52272727273e-01,6.39204545455e-02,8.74428830146e-06
3.75000000000e-01,6.39204545455e-02,1.32361622882e-06
3.97727272727e-01,6.39204545455e-02,-1.43422524565e-05
4.20454545455e-01,6.39204545455e-02,-3.00081211418e-05
4.43181818182e-01,6.39204545455e-02,-4.63046974744e-05
4.65909090909e-01,6.39204545455e-02,-6.44933967491e-05
4.88636363636e-01,6.39204545455e-02,-8.26820960238e-05
5.11363636364e-01,6.39204545455e-02,-9.83926340135e-05
5.34090909091e-01,6.39204545455e-02,-1.11625010718e-04
5.56818181818e-01,6.39204545455e-02,-1.24857387423e-04
5.79545454545e-01,6.39204545455e-02,-1.30059038751e-04
6.02272727273e-01,6.39204545455e-02,-1.32583781621e-04
6.25000000000e-01,6.39204545455e-02,-1.35108524491e-04
6.47727272727e-01,6.39204545455e-02,-1.25630759342e-04
6.70454545455e-01,6.39204545455e-02,-1.16152994194e-04
6.93181818182e-01,6.39204545455e-02,-1.04638294353e-04
7.15909090909e-01,6.39204545455e-02,-8.70127904378e-05
7.38636363636e-01,6.39204545455e-02,-6.93872865222e-05
7.61363636364e-01,6.39204545455e-02,-5.13489153738e-05
7.84090909091e-01,6.39204545455e-02,-3.28976769926e-05
8.06818181818e-01,6.39204545455e-02,-1.44464386114e-05
8.29545454545e-01,6.39204545455e-02,-9.93824537623e-07
8.52272727273e-01,6.39204545455e-02,1.07925814336e-05
8.75000000000e-01,6.39204545455e-02,2.25789874049e-05
8.97727272727e-01,6.39204545455e-02,2.34504009839e-05
9.20454545455e-01,6.39204545455e-02,2.43218145629e-05
9.43181818182e-01,6.39204545455e-02,2.27048861338e-05
9.65909090909e-01,6.39204545455e-02,1.36229316803e-05
9.88636363636e-01,6.39204545455e-02,4.54097722676e-06
1.13636363636e-02,7.81250000000e-02,-5.06728942233e-06
3.40909090909e-02,7.81250000000e-02,-1.52018682670e-05
5.68181818182e-02,7.81250000000e-02,-2.53364471116e-05
7.95454545455e-02,7.81250000000e-02,-2.62588998581e-05
1.02272727273e-01,7.81250000000e-02,-2.41106439051e-05
1.25000000000e-01,7.81250000000e-02,-2.19623879522e-05
1.47727272727e-01,7.81250000000e-02,-1.14050025736e-05
1.70454545455e-01,7.81250000000e-02,-8.47617195131e-07
1.93181818182e-01,7.81250000000e-02,9.81917131350e-06
2.15909090909e-01,7.81250000000e-02,2.08141692125e-05
2.38636363636e-01,7.81250000000e-02,3.18091671114e-05
2.61363636364e-01,7.81250000000e-02,3.89630242206e-05
2.84090909091e-01,7.81250000000e-02,4.22757405398e-05
3.06818181818e-01,7.81250000000e-02,4.55884568591e-05
3.29545454545e-01,7.81250000000e-02,3.99061507798e-05
3.52272727273e-01,7.81250000000e-02,3.12255039009e-05
3.75000000000e-01,7.81250000000e-02,2.25448570220e-05
3.97727272727e-01,7.81250000000e-02,3.52209599639e-06
4.20454545455e-01,7.81250000000e-02,-1.55006650292e-05
4.43181818182e-01,7.81250000000e-02,-3.53687948378e-05
4.65909090909e-01,7.81250000000e-02,-5.77730309950e-05
4.88636363636e-01,7.81250000000e-02,-8.01772671523e-05
5.11363636364e-01,7.81250000000e-02,-9.97211144093e-05
5.34090909091e-01,7.81250000000e-02,-1.16404572766e-04
5.56818181818e-01,7.81250000000e-02,-1.33088031123e-04
5.79545454545e-01,7.81250000000e-02,-1.40211852257e-04
6.02272727273e-01,7.81250000000e-02,-1.44149127650e-04
6.25000000000e-01,7.81250000000e-02,-1.48086403043e-04
6.47727272727e-01,7.81250000000e-02,-1.37635225073e-04
6.70454545455e-01,7.81250000000e-02,-1.27184047103e-04
6.93181818182e-01,7.81250000000e-02,-1.14282118734e-04
7.15909090909e-01,7.81250000000e-02,-9.40279391660e-05
7.38636363636e-01,7.81250000000e-02,-7.37737595980e-05
7.61363636364e-01,7.81250000000e-02,-5.30097520446e-05
7.84090909091e-01,7.81250000000e-02,-3.17359165058e-05
8.06818181818e-01,7.81250000000e-02,-1.04620809670e-05
8.29545454545e-01,7.81250000000e-02,4.82947240187e-06
8.52272727273e-01,7.81250000000e-02,1.81269317141e-05
8.75000000000e-01,7.81250000000e-02,3.14243910264e-05
8.97727272727e-01,7.81250000000e-02,3.16534402770e-05
9.20454545455e-01,7.81250000000e-02,3.18824895276e-05
9.43181818182e-01,7.81250000000e-02,2.91402513323e-05
9.65909090909e-01,7.81250000000e-02,1.74841507994e-05
9.88636363636e-01,7.81250000000e-02,5.82805026646e-06
1.13636363636e-02,9.23295454545e-02,-5.03783578968e-06
3.40909090909e-02,9.23295454545e-02,-1.51135073690e-05
5.68181818182e-02,9.23295454545e-02,-2.51891789484e-05
7.95454545455e-02,9.23295454545e-02,-2.46604502849e-05
1.02272727273e-01,9.23295454545e-02,-2.05969215405e-05
1.25000000000e-01,9.23295454545e-02,-1.65333927961e-05
1.47727272727e-01,9.23295454545e-02,-2.91877048851e-06
1.70454545455e-01,9.23295454545e-02,1.06958518191e-05
1.93181818182e-01,9.23295454545e-02,2.43565020013e-05
2.15909090909e-01,9.23295454545e-02,3.81552358072e-05
2.38636363636e-01,9.23295454545e-02,5.19539696131e-05
2.61363636364e-01,9.23295454545e-02,6.10805130493e-05
2.84090909091e-01,9.23295454545e-02,6.55348661160e-05
3.06818181818e-01,9.23295454545e-02,6.99892191826e-05
3.29545454545e-01,9.23295454545e-02,6.36473411854e-05
3.52272727273e-01,9.23295454545e-02,5.37067195003e-05
3.75000000000e-01,9.23295454545e-02,4.37660978152e-05
3.97727272727e-01,9.23295454545e-02,2.13864444493e-05
4.20454545455e-01,9.23295454545e-02,-9.93208916649e-07
4.43181818182e-01,9.23295454545e-02,-2.44328922011e-05
4.65909090909e-01,9.23295454545e-02,-5.10526652410e-05
4.88636363636e-01,9.23295454545e-02,-7.76724382809e-05
5.11363636364e-01,9.23295454545e-02,-1.01049594805e-04
5.34090909091e-01,9.23295454545e-02,-1.21184134814e-04
5.56818181818e-01,9.23295454545e-02,-1.41318674823e-04
5.79545454545e-01,9.23295454545e-02,-1.50364665762e-04
6.02272727273e-01,9.23295454545e-02,-1.55714473679e-04
6.25000000000e-01,9.23295454545e-02,-1.61064281595e-04
6.47727272727e-01,9.23295454545e-02,-1.49639690804e-04
6.70454545455e-01,9.23295454545e-02,-1.38215100013e-04
6.93181818182e-01,9.23295454545e-02,-1.23925943114e-04
7.15909090909e-01,9.23295454545e-02,-1.01043087894e-04
7.38636363636e-01,9.23295454545e-02,-7.81602326738e-05
7.61363636364e-01,9.23295454545e-02,-5.46705887155e-05
7.84090909091e-01,9.23295454545e-02,-3.05741560191e-05
8.06818181818e-01,9.23295454545e-02,-6.47772332267e-06
8.29545454545e-01,9.23295454545e-02,1.06527693414e-05
8.52272727273e-01,9.23295454545e-02,2.54612819946e-05
8.75000000000e-01,9.23295454545e-02,4.02697946478e-05
8.97727272727e-01,9.23295454545e-02,3.98564795700e-05
9.20454545455e-01,9.23295454545e-02,3.94431644922e-05
9.43181818182e-01,9.23295454545e-02,3.55756165308e-05
9.65909090909e-01,9.23295454545e-02,2.13453699185e-05
9.88636363636e-01,9.23295454545e-02,7.11512330615e-06
1.13636363636e-02,1.06534090909e-01,-5.00838215704e-06
3.40909090909e-02,1.06534090909e-01,-1.50251464711e-05
5.68181818182e-02,1.06534090909e-01,-2.50419107852e-05
7.95454545455e-02,1.06534090909e-01,-2.30620007118e-05
1.02272727273e-01,1.06534090909e-01,-1.70831991760e-05
1.25000000000e-01,1.06534090909e-01,-1.11043976401e-05
1.47727272727e-01,1.06534090909e-01,5.56746159662e-06
1.70454545455e-01,1.06534090909e-01,2.22393208333e-05
1.93181818182e-01,1.06534090909e-01,3.88938326891e-05
2.15909090909e-01,1.06534090909e-01,5.54963024019e-05
2.38636363636e-01,1.06534090909e-01,7.20987721147e-05
2.61363636364e-01,1.06534090909e-01,8.31980018781e-05
2.84090909091e-01,1.06534090909e-01,8.87939916921e-05
3.06818181818e-01,1.06534090909e-01,9.43899815061e-05
3.29545454545e-01,1.06534090909e-01,8.73885315911e-05
3.52272727273e-01,1.06534090909e-01,7.61879350997e-05
3.75000000000e-01,1.06534090909e-01,6.49873386084e-05
3.97727272727e-01,1.06534090909e-01,3.92507929022e-05
4.20454545455e-01,1.06534090909e-01,1.35142471959e-05
4.43181818182e-01,1.06534090909e-01,-1.34969895644e-05
4.65909090909e-01,1.06534090909e-01,-4.43322994869e-05
4.88636363636e-01,1.06534090909e-01,-7.51676094094e-05
5.11363636364e-01,1.06534090909e-01,-1.02378075201e-04
5.34090909091e-01,1.06534090909e-01,-1.25963696862e-04
5.56818181818e-01,1.06534090909e-01,-1.49549318522e-04
5.79545454545e-01,1.06534090909e-01,-1.60517479267e-04
6.02272727273e-01,1.06534090909e-01,-1.67279819707e-04
6.25000000000e-01,1.06534090909e-01,-1.74042160147e-04
6.47727272727e-01,1.06534090909e-01,-1.61644156535e-04
6.70454545455e-01,1.06534090909e-01,-1.49246152922e-04
6.93181818182e-01,1.06534090909e-01,-1.33569767495e-04
7.15909090909e-01,1.06534090909e-01,-1.08058236622e-04
7.38636363636e-01,1.06534090909e-01,-8.25467057497e-05
7.61363636364e-01,1.06534090909e-01,-5.63314253864e-05
7.84090909091e-01,1.06534090909e-01,-2.94123955323e-05
8.06818181818e-01,1.06534090909e-01,-2.49336567832e-06
8.29545454545e-01,1.06534090909e-01,1.64760662809e-05
8.52272727273e-01,1.06534090909e-01,3.27956322751e-05
8.75000000000e-01,1.06534090909e-01,4.91151982693e-05
8.97727272727e-01,1.06534090909e-01,4.80595188631e-05
9.20454545455e-01,1.06534090909e-01,4.70038394569e-05
9.43181818182e-01,1.06534090909e-01,4.20109817293e-05
9.65909090909e-01,1.06534090909e-01,2.52065890376e-05
9.88636363636e-01,1.06534090909e-01,8.40219634585e-06
1.13636363636e-02,1.20738636364e-01,-4.97892852439e-06
3.40909090909e-02,1.20738636364e-01,-1.49367855732e-05
5.68181818182e-02,1.20738636364e-01,-2.48946426220e-05
7.95454545455e-02,1.20738636364e-01,-2.14635511387e-05
1.02272727273e-01,1.20738636364e-01,-1.35694768114e-05
1.25000000000e-01,1.20738636364e-01,-5.67540248406e-06
1.47727272727e-01,1.20738636364e-01,1.40536936818e-05
1.70454545455e-01,1.20738636364e-01,3.37827898476e-05
1.93181818182e-01,1.20738636364e-01,5.34311633769e-05
2.15909090909e-01,1.20738636364e-01,7.28373689966e-05
2.38636363636e-01,1.20738636364e-01,9.22435746163e-05
2.61363636364e-01,1.20738636364e-01,1.05315490707e-04
2.84090909091e-01,1.20738636364e-01,1.12053117268e-04
3.06818181818e-01,1.20738636364e-01,1.18790743830e-04
3.29545454545e-01,1.20738636364e-01,1.11129721997e-04
3.52272727273e-01,1.20738636364e-01,9.86691506991e-05
3.75000000000e-01,1.20738636364e-01,8.62085794016e-05
3.97727272727e-01,1.20738636364e-01,5.71151413550e-05
4.20454545455e-01,1.20738636364e-01,2.80217033085e-05
4.43181818182e-01,1.20738636364e-01,-2.56108692768e-06
4.65909090909e-01,1.20738636364e-01,-3.76119337328e-05
4.88636363636e-01,1.20738636364e-01,-7.26627805380e-05
5.11363636364e-01,1.20738636364e-01,-1.03706555597e-04
5.34090909091e-01,1.20738636364e-01,-1.30743258910e-04
5.56818181818e-01,1.20738636364e-01,-1.57779962222e-04
5.79545454545e-01,1.20738636364e-01,-1.70670292773e-04
6.02272727273e-01,1.20738636364e-01,-1.78845165736e-04
6.25000000000e-01,1.20738636364e-01,-1.87020038699e-04
6.47727272727e-01,1.20738636364e-01,-1.73648622266e-04
6.70454545455e-01,1.20738636364e-01,-1.60277205832e-04
6.93181818182e-01,1.20738636364e-01,-1.43213591875e-04
7.15909090909e-01,1.20738636364e-01,-1.15073385350e-04
7.38636363636e-01,1.20738636364e-01,-8.69331788255e-05
7.61363636364e-01,1.20738636364e-01,-5.79922620572e-05
7.84090909091e-01,1.20738636364e-01,-2.82506350456e-05
8.06818181818e-01,1.20738636364e-01,1.49099196603e-06
8.29545454545e-01,1.20738636364e-01,2.22993632204e-05
8.52272727273e-01,1.20738636364e-01,4.01299825556e-05
8.75000000000e-01,1.20738636364e-01,5.79606018908e-05
8.97727272727e-01,1.20738636364e-01,5.62625581562e-05
9.20454545455e-01,1.20738636364e-01,5.45645144215e-05
9.43181818182e-01,1.20738636364e-01,4.84463469277e-05
9.65909090909e-01,1.20738636364e-01,2.90678081566e-05
9.88636363636e-01,1.20738636364e-01,9.68926938555e-06
1.13636363636e-02,1.34943181818e-01,-4.25317869169e-06
3.40909090909e-02,1.34943181818e-01,-1.27595360751e-05
5.68181818182e-02,1.34943181818e-01,-2.12658934585e-05
7.95454545455e-02,1.34943181818e-01,-1.52103928412e-05
1.02272727273e-01,1.34943181818e-01,-4.30093955699e-06
1.25000000000e-01,1.34943181818e-01,6.60851372719e-06
1.47727272727e-01,1.34943181818e-01,3.02169419748e-05
1.70454545455e-01,1.34943181818e-01,5.38253702224e-05
1.93181818182e-01,1.34943181818e-01,7.72414494794e-05
2.15909090909e-01,1.34943181818e-01,1.00080481765e-04
2.38636363636e-01,1.34943181818e-01,1.22919514050e-04
2.61363636364e-01,1.34943181818e-01,1.38541857143e-04
2.84090909091e-01,1.34943181818e-01,1.46947511044e-04
3.06818181818e-01,1.34943181818e-01,1.55353164945e-04
3.29545454545e-01,1.34943181818e-01,1.47512262015e-04
3.52272727273e-01,1.34943181818e-01,1.34255840141e-04
3.75000000000e-01,1.34943181818e-01,1.20999418268e-04
3.97727272727e-01,1.34943181818e-01,8.89174189256e-05
4.20454545455e-01,1.34943181818e-01,5.68354195831e-05
4.43181818182e-01,1.34943181818e-01,2.30024070452e-05
4.65909090909e-01,1.34943181818e-01,-1.60836450789e-05
4.88636363636e-01,1.34943181818e-01,-5.51696972029e-05
5.11363636364e-01,1.34943181818e-01,-9.00125960783e-05
5.34090909091e-01,1.34943181818e-01,-1.20612341705e-04
5.56818181818e-01,1.34943181818e-01,-1.51212087332e-04
5.79545454545e-01,1.34943181818e-01,-1.66400700433e-04
6.02272727273e-01,1.34943181818e-01,-1.76452269360e-04
6.25000000000e-01,1.34943181818e-01,-1.86503838287e-04
6.47727272727e-01,1.34943181818e-01,-1.72950397682e-04
6.70454545455e-01,1.34943181818e-01,-1.59396957078e-04
6.93181818182e-01,1.34943181818e-01,-1.41790491377e-04
7.15909090909e-01,1.34943181818e-01,-1.12024950388e-04
7.38636363636e-01,1.34943181818e-01,-8.22594093986e-05
7.61363636364e-01,1.34943181818e-01,-5.16162969622e-05
7.84090909091e-01,1.34943181818e-01,-2.00956130787e-05
8.06818181818e-01,1.34943181818e-01,1.14250708047e-05
8.29545454545e-01,1.34943181818e-01,3.31245936892e-05
8.52272727273e-01,1.34943181818e-01,5.15503962406e-05
8.75000000000e-01,1.34943181818e-01,6.99761987921e-05
8.97727272727e-01,1.34943181818e-01,6.69485278452e-05
9.20454545455e-01,1.34943181818e-01,6.39208568982e-05
9.43181818182e-01,1.34943181818e-01,5.60455488073e-05
9.65909090909e-01,1.34943181818e-01,3.36273292844e-05
9.88636363636e-01,1.34943181818e-01,1.12091097615e-05
1.13636363636e-02,1.49147727273e-01,-3.22901620183e-06
3.40909090909e-02,1.49147727273e-01,-9.68704860548e-06
5.68181818182e-02,1.49147727273e-01,-1.61450810091e-05
7.95454545455e-02,1.49147727273e-01,-6.96235937609e-06
1.02272727273e-01,1.49147727273e-01,7.43394693587e-06
1.25000000000e-01,1.49147727273e-01,2.18302532478e-05
1.47727272727e-01,1.49147727273e-01,4.96703400712e-05
1.70454545455e-01,1.49147727273e-01,7.75104268946e-05
1.93181818182e-01,1.49147727273e-01,1.05025859331e-04
2.15909090909e-01,1.49147727273e-01,1.31567328607e-04
2.38636363636e-01,1.49147727273e-01,1.58108797883e-04
2.61363636364e-01,1.49147727273e-01,1.76529171125e-04
2.84090909091e-01,1.49147727273e-01,1.86828448334e-04
3.06818181818e-01,1.49147727273e-01,1.97127725542e-04
3.29545454545e-01,1.49147727273e-01,1.89312523295e-04
3.52272727273e-01,1.49147727273e-01,1.75459161231e-04
3.75000000000e-01,1.49147727273e-01,1.61605799166e-04
3.97727272727e-01,1.49147727273e-01,1.26693094689e-04
4.20454545455e-01,1.49147727273e-01,9.17803902128e-05
4.43181818182e-01,1.49147727273e-01,5.48348687336e-05
4.65909090909e-01,1.49147727273e-01,1.17908962465e-05
4.88636363636e-01,1.49147727273e-01,-3.12530762405e-05
5.11363636364e-01,1.49147727273e-01,-6.98804480249e-05
5.34090909091e-01,1.49147727273e-01,-1.04091219107e-04
5.56818181818e-01,1.49147727273e-01,-1.38301990188e-04
5.79545454545e-01,1.49147727273e-01,-1.55950077018e-04
6.02272727273e-01,1.49147727273e-01,-1.68077269096e-04
6.25000000000e-01,1.49147727273e-01,-1.80204461175e-04
6.47727272727e-01,1.49147727273e-01,-1.66808162965e-04
6.70454545455e-01,1.49147727273e-01,-1.53411864754e-04
6.93181818182e-01,1.49147727273e-01,-1.35624423074e-04
7.15909090909e-01,1.49147727273e-01,-1.04663550987e-04
7.38636363636e-01,1.49147727273e-01,-7.37026788991e-05
7.61363636364e-01,1.49147727273e-01,-4.17959882532e-05
7.84090909091e-01,1.49147727273e-01,-8.94347904894e-06
8.06818181818e-01,1.49147727273e-01,2.39090301553e-05
8.29545454545e-01,1.49147727273e-01,4.60935099563e-05
8.52272727273e-01,1.49147727273e-01,6.47219799562e-05
8.75000000000e-01,1.49147727273e-01,8.33504499561e-05
8.97727272727e-01,1.49147727273e-01,7.86986105610e-05
9.20454545455e-01,1.49147727273e-01,7.40467711658e-05
9.43181818182e-01,1.49147727273e-01,6.41435378359e-05
9.65909090909e-01,1.49147727273e-01,3.84861227015e-05
9.88636363636e-01,1.49147727273e-01,1.28287075672e-05
1.13636363636e-02,1.63352272727e-01,-2.20485371196e-06
3.40909090909e-02,1.63352272727e-01,-6.61456113588e-06
5.68181818182e-02,1.63352272727e-01,-1.10242685598e-05
7.95454545455e-02,1.63352272727e-01,1.28567408900e-06
1.02272727273e-01,1.63352272727e-01,1.91688334287e-05
1.25000000000e-01,1.63352272727e-01,3.70519927684e-05
1.47727272727e-01,1.63352272727e-01,6.91237381676e-05
1.70454545455e-01,1.63352272727e-01,1.01195483567e-04
1.93181818182e-01,1.63352272727e-01,1.32810269183e-04
2.15909090909e-01,1.63352272727e-01,1.63054175449e-04
2.38636363636e-01,1.63352272727e-01,1.93298081716e-04
2.61363636364e-01,1.63352272727e-01,2.14516485107e-04
2.84090909091e-01,1.63352272727e-01,2.26709385623e-04
3.06818181818e-01,1.63352272727e-01,2.38902286139e-04
3.29545454545e-01,1.63352272727e-01,2.31112784576e-04
3.52272727273e-01,1.63352272727e-01,2.16662482320e-04
3.75000000000e-01,1.63352272727e-01,2.02212180064e-04
3.97727272727e-01,1.63352272727e-01,1.64468770453e-04
4.20454545455e-01,1.63352272727e-01,1.26725360843e-04
4.43181818182e-01,1.63352272727e-01,8.66673304219e-05
4.65909090909e-01,1.63352272727e-01,3.96654375719e-05
4.88636363636e-01,1.63352272727e-01,-7.33645527818e-06
5.11363636364e-01,1.63352272727e-01,-4.97482999716e-05
5.34090909091e-01,1.63352272727e-01,-8.75700965083e-05
5.56818181818e-01,1.63352272727e-01,-1.25391893045e-04
5.79545454545e-01,1.63352272727e-01,-1.45499453602e-04
6.02272727273e-01,1.63352272727e-01,-1.59702268833e-04
6.25000000000e-01,1.63352272727e-01,-1.73905084063e-04
6.47727272727e-01,1.63352272727e-01,-1.60665928247e-04
6.70454545455e-01,1.63352272727e-01,-1.47426772430e-04
6.93181818182e-01,1.63352272727e-01,-1.29458354771e-04
7.15909090909e-01,1.63352272727e-01,-9.73021515853e-05
7.38636363636e-01,1.63352272727e-01,-6.51459483996e-05
7.61363636364e-01,1.63352272727e-01,-3.19756795442e-05
7.84090909091e-01,1.63352272727e-01,2.20865498085e-06
8.06818181818e-01,1.63352272727e-01,3.63929895059e-05
8.29545454545e-01,1.63352272727e-01,5.90624262234e-05
8.52272727273e-01,1.63352272727e-01,7.78935636718e-05
8.75000000000e-01,1.63352272727e-01,9.67247011202e-05
8.97727272727e-01,1.63352272727e-01,9.04486932768e-05
9.20454545455e-01,1.63352272727e-01,8.41726854335e-05
9.43181818182e-01,1.63352272727e-01,7.22415268645e-05
9.65909090909e-01,1.63352272727e-01,4.33449161187e-05
9.88636363636e-01,1.63352272727e-01,1.44483053729e-05
1.13636363636e-02,1.77556818182e-01,-1.18069122209e-06
3.40909090909e-02,1.77556818182e-01,-3.54207366628e-06
5.68181818182e-02,1.77556818182e-01,-5.90345611047e-06
7.95454545455e-02,1.77556818182e-01,9.53370755410e-06
1.02272727273e-01,1.77556818182e-01,3.09037199216e-05
1.25000000000e-01,1.77556818182e-01,5.22737322891e-05
1.47727272727e-01,1.77556818182e-01,8.85771362640e-05
1.70454545455e-01,1.77556818182e-01,1.24880540239e-04
1.93181818182e-01,1.77556818182e-01,1.60594679034e-04
2.15909090909e-01,1.77556818182e-01,1.94541022292e-04
2.38636363636e-01,1.77556818182e-01,2.28487365549e-04
2.61363636364e-01,1.77556818182e-01,2.52503799090e-04
2.84090909091e-01,1.77556818182e-01,2.66590322913e-04
3.06818181818e-01,1.77556818182e-01,2.80676846736e-04
3.29545454545e-01,1.77556818182e-01,2.72913045857e-04
3.52272727273e-01,1.77556818182e-01,2.57865803409e-04
3.75000000000e-01,1.77556818182e-01,2.42818560962e-04
3.97727272727e-01,1.77556818182e-01,2.02244446217e-04
4.20454545455e-01,1.77556818182e-01,1.61670331472e-04
4.43181818182e-01,1.77556818182e-01,1.18499792110e-04
4.65909090909e-01,1.77556818182e-01,6.75399788973e-05
4.88636363636e-01,1.77556818182e-01,1.65801656842e-05
5.11363636364e-01,1.77556818182e-01,-2.96161519182e-05
5.34090909091e-01,1.77556818182e-01,-7.10489739099e-05
5.56818181818e-01,1.77556818182e-01,-1.12481795902e-04
5.79545454545e-01,1.77556818182e-01,-1.35048830186e-04
6.02272727273e-01,1.77556818182e-01,-1.51327268569e-04
6.25000000000e-01,1.77556818182e-01,-1.67605706952e-04
6.47727272727e-01,1.77556818182e-01,-1.54523693529e-04
6.70454545455e-01,1.77556818182e-01,-1.41441680106e-04
6.93181818182e-01,1.77556818182e-01,-1.23292286468e-04
7.15909090909e-01,1.77556818182e-01,-8.99407521840e-05
7.38636363636e-01,1.77556818182e-01,-5.65892179001e-05
7.61363636364e-01,1.77556818182e-01,-2.21553708352e-05
7.84090909091e-01,1.77556818182e-01,1.33607890106e-05
8.06818181818e-01,1.77556818182e-01,4.88769488565e-05
8.29545454545e-01,1.77556818182e-01,7.20313424906e-05
8.52272727273e-01,1.77556818182e-01,9.10651473874e-05
8.75000000000e-01,1.77556818182e-01,1.10098952284e-04
8.97727272727e-01,1.77556818182e-01,1.02198775993e-04
9.20454545455e-01,1.77556818182e-01,9.42985997011e-05
9.43181818182e-01,1.77556818182e-01,8.03395158931e-05
9.65909090909e-01,1.77556818182e-01,4.82037095359e-05
9.88636363636e-01,1.77556818182e-01,1.60679031786e-05
1.13636363636e-02,1.91761363636e-01,-9.28470386413e-08
3.40909090909e-02,1.91761363636e-01,-2.78541115924e-07
5.68181818182e-02,1.91761363636e-01,-4.64235193207e-07
7.95454545455e-02,1.91761363636e-01,1.81631781730e-05
1.02272727273e-01,1.91761363636e-01,4.30616273537e-05
1.25000000000e-01,1.91761363636e-01,6.79600765344e-05
1.47727272727e-01,1.91761363636e-01,1.08490020631e-04
1.70454545455e-01,1.91761363636e-01,1.49019964727e-04
1.93181818182e-01,1.91761363636e-01,1.88832575406e-04
2.15909090909e-01,1.91761363636e-01,2.26493185830e-04
2.38636363636e-01,1.91761363636e-01,2.64153796255e-04
2.61363636364e-01,1.91761363636e-01,2.91016526812e-04
2.84090909091e-01,1.91761363636e-01,3.07081377502e-04
3.06818181818e-01,1.91761363636e-01,3.23146228192e-04
3.29545454545e-01,1.91761363636e-01,3.15561836550e-04
3.52272727273e-01,1.91761363636e-01,3.00094364130e-04
3.75000000000e-01,1.91761363636e-01,2.84626891710e-04
3.97727272727e-01,1.91761363636e-01,2.41460775194e-04
4.20454545455e-01,1.91761363636e-01,1.98294658679e-04
4.43181818182e-01,1.91761363636e-01,1.52248542848e-04
4.65909090909e-01,1.91761363636e-01,9.75624290692e-05
4.88636363636e-01,1.91761363636e-01,4.28763152905e-05
5.11363636364e-01,1.91761363636e-01,-6.91630587046e-06
5.34090909091e-01,1.91761363636e-01,-5.18154344138e-05
5.56818181818e-01,1.91761363636e-01,-9.67145629571e-05
5.79545454545e-01,1.91761363636e-01,-1.21703768396e-04
6.02272727273e-01,1.91761363636e-01,-1.40056332800e-04
6.25000000000e-01,1.91761363636e-01,-1.58408897205e-04
6.47727272727e-01,1.91761363636e-01,-1.45633535455e-04
6.70454545455e-01,1.91761363636e-01,-1.32858173706e-04
6.93181818182e-01,1.91761363636e-01,-1.14703733202e-04
7.15909090909e-01,1.91761363636e-01,-8.04120564328e-05
7.38636363636e-01,1.91761363636e-01,-4.61203796635e-05
7.61363636364e-01,1.91761363636e-01,-1.06909141288e-05
7.84090909091e-01,1.91761363636e-01,2.58763401715e-05
8.06818181818e-01,1.91761363636e-01,6.24435944718e-05
8.29545454545e-01,1.91761363636e-01,8.58440793051e-05
8.52272727273e-01,1.91761363636e-01,1.04855640983e-04
8.75000000000e-01,1.91761363636e-01,1.23867202660e-04
8.97727272727e-01,1.91761363636e-01,1.14221887532e-04
9.20454545455e-01,1.91761363636e-01,1.04576572404e-04
9.43181818182e-01,1.91761363636e-01,8.84932600520e-05
9.65909090909e-01,1.91761363636e-01,5.30959560312e-05
9.88636363636e-01,1.91761363636e-01,1.76986520104e-05
1.13636363636e-02,2.05965909091e-01,1.14358776318e-06
3.40909090909e-02,2.05965909091e-01,3.43076328954e-06
5.68181818182e-02,2.05965909091e-01,5.71793881590e-06
7.95454545455e-02,2.05965909091e-01,2.76826688175e-05
1.02272727273e-01,2.05965909091e-01,5.62065836442e-05
1.25000000000e-01,2.05965909091e-01,8.47304984709e-05
1.47727272727e-01,2.05965909091e-01,1.29475039629e-04
1.70454545455e-01,2.05965909091e-01,1.74219580786e-04
1.93181818182e-01,2.05965909091e-01,2.18128606989e-04
2.15909090909e-01,2.05965909091e-01,2.59531088326e-04
2.38636363636e-01,2.05965909091e-01,3.00933569663e-04
2.61363636364e-01,2.05965909091e-01,3.30755219929e-04
2.84090909091e-01,2.05965909091e-01,3.48996039124e-04
3.06818181818e-01,2.05965909091e-01,3.67236858319e-04
3.29545454545e-01,2.05965909091e-01,3.60190529206e-04
3.52272727273e-01,2.05965909091e-01,3.44715150657e-04
3.75000000000e-01,2.05965909091e-01,3.29239772107e-04
3.97727272727e-01,2.05965909091e-01,2.84038628337e-04
4.20454545455e-01,2.05965909091e-01,2.38837484566e-04
4.43181818182e-01,2.05965909091e-01,1.90468634700e-04
4.65909090909e-01,2.05965909091e-01,1.32596666550e-04
4.88636363636e-01,2.05965909091e-01,7.47246983995e-05
5.11363636364e-01,2.05965909091e-01,2.17748354974e-05
5.34090909091e-01,2.05965909091e-01,-2.62529221564e-05
5.56818181818e-01,2.05965909091e-01,-7.42806798102e-05
5.79545454545e-01,2.05965909091e-01,-1.01605017065e-04
6.02272727273e-01,2.05965909091e-01,-1.22028214186e-04
6.25000000000e-01,2.05965909091e-01,-1.42451411308e-04
6.47727272727e-01,2.05965909091e-01,-1.30331556219e-04
6.70454545455e-01,2.05965909091e-01,-1.18211701129e-04
6.93181818182e-01,2.05965909091e-01,-1.00462715023e-04
7.15909090909e-01,2.05965909091e-01,-6.58263358650e-05
7.38636363636e-01,2.05965909091e-01,-3.11899567072e-05
7.61363636364e-01,2.05965909091e-01,4.60988790498e-06
7.84090909091e-01,2.05965909091e-01,4.15731979715e-05
8.06818181818e-01,2.05965909091e-01,7.85365080380e-05
8.29545454545e-01,2.05965909091e-01,1.01625730730e-04
8.52272727273e-01,2.05965909091e-01,1.20090257631e-04
8.75000000000e-01,2.05965909091e-01,1.38554784531e-04
8.97727272727e-01,2.05965909091e-01,1.26882066326e-04
9.20454545455e-01,2.05965909091e-01,1.15209348121e-04
9.43181818182e-01,2.05965909091e-01,9.67770995151e-05
9.65909090909e-01,2.05965909091e-01,5.80662597091e-05
9.88636363636e-01,2.05965909091e-01,1.93554199030e-05
1.13636363636e-02,2.20170454545e-01,2.38002256500e-06
3.40909090909e-02,2.20170454545e-01,7.14006769500e-06
5.68181818182e-02,2.20170454545e-01,1.19001128250e-05
7.95454545455e-02,2.20170454545e-01,3.72021594620e-05
1.02272727273e-01,2.20170454545e-01,6.93515399347e-05
1.25000000000e-01,2.20170454545e-01,1.01500920407e-04
1.47727272727e-01,2.20170454545e-01,1.50460058626e-04
1.70454545455e-01,2.20170454545e-01,1.99419196845e-04
1.93181818182e-01,2.20170454545e-01,2.47424638572e-04
2.15909090909e-01,2.20170454545e-01,2.92568990821e-04
2.38636363636e-01,2.20170454545e-01,3.37713343070e-04
2.61363636364e-01,2.20170454545e-01,3.70493913045e-04
2.84090909091e-01,2.20170454545e-01,3.90910700745e-04
3.06818181818e-01,2.20170454545e-01,4.11327488446e-04
3.29545454545e-01,2.20170454545e-01,4.04819221862e-04
3.52272727273e-01,2.20170454545e-01,3.89335937184e-04
3.75000000000e-01,2.20170454545e-01,3.73852652505e-04
3.97727272727e-01,2.20170454545e-01,3.26616481479e-04
4.20454545455e-01,2.20170454545e-01,2.79380310453e-04
4.43181818182e-01,2.20170454545e-01,2.28688726552e-04
4.65909090909e-01,2.20170454545e-01,1.67630904030e-04
4.88636363636e-01,2.20170454545e-01,1.06573081508e-04
5.11363636364e-01,2.20170454545e-01,5.04659768653e-05
5.34090909091e-01,2.20170454545e-01,-6.90409898982e-07
5.56818181818e-01,2.20170454545e-01,-5.18467966633e-05
5.79545454545e-01,2.20170454545e-01,-8.15062657335e-05
6.02272727273e-01,2.20170454545e-01,-1.04000095572e-04
6.25000000000e-01,2.20170454545e-01,-1.26493925411e-04
6.47727272727e-01,2.20170454545e-01,-1.15029576982e-04
6.70454545455e-01,2.20170454545e-01,-1.03565228552e-04
6.93181818182e-01,2.20170454545e-01,-8.62216968435e-05
7.15909090909e-01,2.20170454545e-01,-5.12406152971e-05
7.38636363636e-01,2.20170454545e-01,-1.62595337508e-05
7.61363636364e-01,2.20170454545e-01,1.99106899387e-05
7.84090909091e-01,2.20170454545e-01,5.72700557715e-05
8.06818181818e-01,2.20170454545e-01,9.46294216042e-05
8.29545454545e-01,2.20170454545e-01,1.17407382155e-04
8.52272727273e-01,2.20170454545e-01,1.35324874279e-04
8.75000000000e-01,2.20170454545e-01,1.53242366403e-04
8.97727272727e-01,2.20170454545e-01,1.39542245120e-04
9.20454545455e-01,2.20170454545e-01,1.25842123838e-04
9.43181818182e-01,2.20170454545e-01,1.05060938978e-04
9.65909090909e-01,2.20170454545e-01,6.30365633869e-05
9.88636363636e-01,2.20170454545e-01,2.10121877956e-05
1.13636363636e-02,2.34375000000e-01,3.61645736682e-06
3.40909090909e-02,2.34375000000e-01,1.08493721005e-05
5.68181818182e-02,2.34375000000e-01,1.80822868341e-05
7.95454545455e-02,2.34375000000e-01,4.67216501065e-05
1.02272727273e-01,2.34375000000e-01,8.24964962251e-05
1.25000000000e-01,2.34375000000e-01,1.18271342344e-04
1.47727272727e-01,2.34375000000e-01,1.71445077624e-04
1.70454545455e-01,2.34375000000e-01,2.24618812904e-04
1.93181818182e-01,2.34375000000e-01,2.76720670155e-04
2.15909090909e-01,2.34375000000e-01,3.25606893316e-04
2.38636363636e-01,2.34375000000e-01,3.74493116478e-04
2.61363636364e-01,2.34375000000e-01,4.10232606162e-04
2.84090909091e-01,2.34375000000e-01,4.32825362367e-04
3.06818181818e-01,2.34375000000e-01,4.55418118572e-04
3.29545454545e-01,2.34375000000e-01,4.49447914518e-04
3.52272727273e-01,2.34375000000e-01,4.33956723710e-04
3.75000000000e-01,2.34375000000e-01,4.18465532903e-04
3.97727272727e-01,2.34375000000e-01,3.69194334621e-04
4.20454545455e-01,2.34375000000e-01,3.19923136339e-04
4.43181818182e-01,2.34375000000e-01,2.66908818405e-04
4.65909090909e-01,2.34375000000e-01,2.02665141511e-04
4.88636363636e-01,2.34375000000e-01,1.38421464617e-04
5.11363636364e-01,2.34375000000e-01,7.91571182332e-05
5.34090909091e-01,2.34375000000e-01,2.48721023584e-05
5.56818181818e-01,2.34375000000e-01,-2.94129135164e-05
5.79545454545e-01,2.34375000000e-01,-6.14075144021e-05
6.02272727273e-01,2.34375000000e-01,-8.59719769582e-05
6.25000000000e-01,2.34375000000e-01,-1.10536439514e-04
6.47727272727e-01,2.34375000000e-01,-9.97275977447e-05
6.70454545455e-01,2.34375000000e-01,-8.89187559751e-05
6.93181818182e-01,2.34375000000e-01,-7.19806786642e-05
7.15909090909e-01,2.34375000000e-01,-3.66548947293e-05
7.38636363636e-01,2.34375000000e-01,-1.32911079444e-06
7.61363636364e-01,2.34375000000e-01,3.52114919725e-05
7.84090909091e-01,2.34375000000e-01,7.29669135715e-05
8.06818181818e-01,2.34375000000e-01,1.10722335170e-04
8.29545454545e-01,2.34375000000e-01,1.33189033580e-04
8.52272727273e-01,2.34375000000e-01,1.50559490927e-04
8.75000000000e-01,2.34375000000e-01,1.67929948274e-04
8.97727272727e-01,2.34375000000e-01,1.52202423914e-04
9.20454545455e-01,2.34375000000e-01,1.36474899555e-04
9.43181818182e-01,2.34375000000e-01,1.13344778441e-04
9.65909090909e-01,2.34375000000e-01,6.80068670647e-05
9.88636363636e-01,2.34375000000e-01,2.26689556882e-05
1.13636363636e-02,2.48579545455e-01,4.85289216864e-06
3.40909090909e-02,2.48579545455e-01,1.45586765059e-05
5.68181818182e-02,2.48579545455e-01,2.42644608432e-05
7.95454545455e-02,2.48579545455e-01,5.62411407510e-05
1.02272727273e-01,2.48579545455e-01,9.56414525156e-05
1.25000000000e-01,2.48579545455e-01,1.35041764280e-04
1.47727272727e-01,2.48579545455e-01,1.92430096622e-04
1.70454545455e-01,2.48579545455e-01,2.49818428963e-04
1.93181818182e-01,2.48579545455e-01,3.06016701738e-04
2.15909090909e-01,2.48579545455e-01,3.58644795812e-04
2.38636363636e-01,2.48579545455e-01,4.11272889886e-04
2.61363636364e-01,2.48579545455e-01,4.49971299278e-04
2.84090909091e-01,2.48579545455e-01,4.74740023988e-04
3.06818181818e-01,2.48579545455e-01,4.99508748699e-04
3.29545454545e-01,2.48579545455e-01,4.94076607174e-04
3.52272727273e-01,2.48579545455e-01,4.78577510237e-04
3.75000000000e-01,2.48579545455e-01,4.63078413301e-04
3.97727272727e-01,2.48579545455e-01,4.11772187763e-04
4.20454545455e-01,2.48579545455e-01,3.60465962226e-04
4.43181818182e-01,2.48579545455e-01,3.05128910257e-04
4.65909090909e-01,2.48579545455e-01,2.37699378992e-04
4.88636363636e-01,2.48579545455e-01,1.70269847726e-04
5.11363636364e-01,2.48579545455e-01,1.07848259601e-04
5.34090909091e-01,2.48579545455e-01,5.04346146158e-05
5.56818181818e-01,2.48579545455e-01,-6.97903036948e-06
5.79545454545e-01,2.48579545455e-01,-4.13087630708e-05
6.02272727273e-01,2.48579545455e-01,-6.79438583442e-05
6.25000000000e-01,2.48579545455e-01,-9.45789536175e-05
6.47727272727e-01,2.48579545455e-01,-8.44256185078e-05
6.70454545455e-01,2.48579545455e-01,-7.42722833981e-05
6.93181818182e-01,2.48579545455e-01,-5.77396604849e-05
7.15909090909e-01,2.48579545455e-01,-2.20691741615e-05
7.38636363636e-01,2.48579545455e-01,1.36013121619e-05
7.61363636364e-01,2.48579545455e-01,5.05122940063e-05
7.84090909091e-01,2.48579545455e-01,8.86637713715e-05
8.06818181818e-01,2.48579545455e-01,1.26815248737e-04
8.29545454545e-01,2.48579545455e-01,1.48970685005e-04
8.52272727273e-01,2.48579545455e-01,1.65794107575e-04
8.75000000000e-01,2.48579545455e-01,1.82617530145e-04
8.97727272727e-01,2.48579545455e-01,1.64862602708e-04
9.20454545455e-01,2.48579545455e-01,1.47107675272e-04
9.43181818182e-01,2.48579545455e-01,1.21628617904e-04
9.65909090909e-01,2.48579545455e-01,7.29771707426e-05
9.88636363636e-01,2.48579545455e-01,2.43257235809e-05
1.13636363636e-02,2.62784090909e-01,5.45398766128e-06
3.40909090909e-02,2.62784090909e-01,1.63619629838e-05
5.68181818182e-02,2.62784090909e-01,2.72699383064e-05
7.95454545455e-02,2.62784090909e-01,6.12122880610e-05
1.02272727273e-01,2.62784090909e-01,1.02832762626e-04
1.25000000000e-01,2.62784090909e-01,1.44453237191e-04
1.47727272727e-01,2.62784090909e-01,2.04733821088e-04
1.70454545455e-01,2.62784090909e-01,2.65014404984e-04
1.93181818182e-01,2.62784090909e-01,3.24075595154e-04
2.15909090909e-01,2.62784090909e-01,3.79478604147e-04
2.38636363636e-01,2.62784090909e-01,4.34881613140e-04
2.61363636364e-01,2.62784090909e-01,4.75859974706e-04
2.84090909091e-01,2.62784090909e-01,5.02413688844e-04
3.06818181818e-01,2.62784090909e-01,5.28967402983e-04
3.29545454545e-01,2.62784090909e-01,5.24168334648e-04
3.52272727273e-01,2.62784090909e-01,5.08918338821e-04
3.75000000000e-01,2.62784090909e-01,4.93668342994e-04
3.97727272727e-01,2.62784090909e-01,4.41114788994e-04
4.20454545455e-01,2.62784090909e-01,3.88561234993e-04
4.43181818182e-01,2.62784090909e-01,3.31754409604e-04
4.65909090909e-01,2.62784090909e-01,2.62187770048e-04
4.88636363636e-01,2.62784090909e-01,1.92621130491e-04
5.11363636364e-01,2.62784090909e-01,1.28061321300e-04
5.34090909091e-01,2.62784090909e-01,6.85083424752e-05
5.56818181818e-01,2.62784090909e-01,8.95536365013e-06
5.79545454545e-01,2.62784090909e-01,-2.69506853918e-05
6.02272727273e-01,2.62784090909e-01,-5.49744245061e-05
6.25000000000e-01,2.62784090909e-01,-8.29981636203e-05
6.47727272727e-01,2.62784090909e-01,-7.32085861224e-05
6.70454545455e-01,2.62784090909e-01,-6.34190086244e-05
6.93181818182e-01,2.62784090909e-01,-4.70719234532e-05
7.15909090909e-01,2.62784090909e-01,-1.10523152622e-05
7.38636363636e-01,2.62784090909e-01,2.49672929288e-05
7.61363636364e-01,2.62784090909e-01,6.22241217770e-05
7.84090909091e-01,2.62784090909e-01,1.00718171283e-04
8.06818181818e-01,2.62784090909e-01,1.39212220788e-04
8.29545454545e-01,2.62784090909e-01,1.61141820317e-04
8.52272727273e-01,2.62784090909e-01,1.77549936521e-04
8.75000000000e-01,2.62784090909e-01,1.93958052725e-04
8.97727272727e-01,2.62784090909e-01,1.74634020141e-04
9.20454545455e-01,2.62784090909e-01,1.55309987557e-04
9.43181818182e-01,2.62784090909e-01,1.28015421018e-04
9.65909090909e-01,2.62784090909e-01,7.68092526107e-05
9.88636363636e-01,2.62784090909e-01,2.56030842036e-05
1.13636363636e-02,2.76988636364e-01,5.98448989734e-06
3.40909090909e-02,2.76988636364e-01,1.79534696920e-05
5.68181818182e-02,2.76988636364e-01,2.99224494867e-05
7.95454545455e-02,2.76988636364e-01,6.56780638893e-05
1.02272727273e-01,2.76988636364e-01,1.09362556495e-04
1.25000000000e-01,2.76988636364e-01,1.53047049100e-04
1.47727272727e-01,2.76988636364e-01,2.16072957273e-04
1.70454545455e-01,2.76988636364e-01,2.79098865445e-04
1.93181818182e-01,2.76988636364e-01,3.40885917664e-04
2.15909090909e-01,2.76988636364e-01,3.98956402020e-04
2.38636363636e-01,2.76988636364e-01,4.57026886377e-04
2.61363636364e-01,2.76988636364e-01,5.00209759279e-04
2.84090909091e-01,2.76988636364e-01,5.28505020726e-04
3.06818181818e-01,2.76988636364e-01,5.56800282173e-04
3.29545454545e-01,2.76988636364e-01,5.52644843768e-04
3.52272727273e-01,2.76988636364e-01,5.37672505411e-04
3.75000000000e-01,2.76988636364e-01,5.22700167055e-04
3.97727272727e-01,2.76988636364e-01,4.68986806679e-04
4.20454545455e-01,2.76988636364e-01,4.15273446303e-04
4.43181818182e-01,2.76988636364e-01,3.57091620895e-04
4.65909090909e-01,2.76988636364e-01,2.85504400390e-04
4.88636363636e-01,2.76988636364e-01,2.13917179884e-04
5.11363636364e-01,2.76988636364e-01,1.47332374147e-04
5.34090909091e-01,2.76988636364e-01,8.57499831793e-05
5.56818181818e-01,2.76988636364e-01,2.41675922112e-05
5.79545454545e-01,2.76988636364e-01,-1.32304603409e-05
6.02272727273e-01,2.76988636364e-01,-4.25670667542e-05
6.25000000000e-01,2.76988636364e-01,-7.19036731675e-05
6.47727272727e-01,2.76988636364e-01,-6.24454367204e-05
6.70454545455e-01,2.76988636364e-01,-5.29872002734e-05
6.93181818182e-01,2.76988636364e-01,-3.68012176601e-05
7.15909090909e-01,2.76988636364e-01,-4.31996548281e-07
7.38636363636e-01,2.76988636364e-01,3.59372245635e-05
7.61363636364e-01,2.76988636364e-01,7.35371746297e-05
7.84090909091e-01,2.76988636364e-01,1.12367853650e-04
8.06818181818e-01,2.76988636364e-01,1.51198532671e-04
8.29545454545e-01,2.76988636364e-01,1.72911787172e-04
8.52272727273e-01,2.76988636364e-01,1.88919233500e-04
8.75000000000e-01,2.76988636364e-01,2.04926679829e-04
8.97727272727e-01,2.76988636364e-01,1.84084464090e-04
9.20454545455e-01,2.76988636364e-01,1.63242248351e-04
9.43181818182e-01,2.76988636364e-01,1.34191442315e-04
9.65909090909e-01,2.76988636364e-01,8.05148653889e-05
9.88636363636e-01,2.76988636364e-01,2.68382884630e-05
1.13636363636e-02,2.91193181818e-01,6.51499213340e-06
3.40909090909e-02,2.91193181818e-01,1.95449764002e-05
5.68181818182e-02,2.91193181818e-01,3.25749606670e-05
7.95454545455e-02,2.91193181818e-01,7.01438397177e-05
1.02272727273e-01,2.91193181818e-01,1.15892350363e-04
1.25000000000e-01,2.91193181818e-01,1.61640861008e-04
1.47727272727e-01,2.91193181818e-01,2.27412093457e-04
1.70454545455e-01,2.91193181818e-01,2.93183325906e-04
1.93181818182e-01,2.91193181818e-01,3.57696240173e-04
2.15909090909e-01,2.91193181818e-01,4.18434199893e-04
2.38636363636e-01,2.91193181818e-01,4.79172159614e-04
2.61363636364e-01,2.91193181818e-01,5.24559543852e-04
2.84090909091e-01,2.91193181818e-01,5.54596352608e-04
3.06818181818e-01,2.91193181818e-01,5.84633161364e-04
3.29545454545e-01,2.91193181818e-01,5.81121352888e-04
3.52272727273e-01,2.91193181818e-01,5.66426672001e-04
3.75000000000e-01,2.91193181818e-01,5.51731991115e-04
3.97727272727e-01,2.91193181818e-01,4.96858824364e-04
4.20454545455e-01,2.91193181818e-01,4.41985657613e-04
4.43181818182e-01,2.91193181818e-01,3.82428832186e-04
4.65909090909e-01,2.91193181818e-01,3.08821030732e-04
4.88636363636e-01,2.91193181818e-01,2.35213229277e-04
5.11363636364e-01,2.91193181818e-01,1.66603426995e-04
5.34090909091e-01,2.91193181818e-01,1.02991623883e-04
5.56818181818e-01,2.91193181818e-01,3.93798207722e-05
5.79545454545e-01,2.91193181818e-01,4.89764710087e-07
6.02272727273e-01,2.91193181818e-01,-3.01597090023e-05
6.25000000000e-01,2.91193181818e-01,-6.08091827147e-05
6.47727272727e-01,2.91193181818e-01,-5.16822873185e-05
6.70454545455e-01,2.91193181818e-01,-4.25553919223e-05
6.93181818182e-01,2.91193181818e-01,-2.65305118670e-05
7.15909090909e-01,2.91193181818e-01,1.01883221656e-05
7.38636363636e-01,2.91193181818e-01,4.69071561982e-05
7.61363636364e-01,2.91193181818e-01,8.48502274824e-05
7.84090909091e-01,2.91193181818e-01,1.24017536018e-04
8.06818181818e-01,2.91193181818e-01,1.63184844554e-04
8.29545454545e-01,2.91193181818e-01,1.84681754027e-04
8.52272727273e-01,2.91193181818e-01,2.00288530480e-04
8.75000000000e-01,2.91193181818e-01,2.15895306932e-04
8.97727272727e-01,2.91193181818e-01,1.93534908038e-04
9.20454545455e-01,2.91193181818e-01,1.71174509144e-04
9.43181818182e-01,2.91193181818e-01,1.40367463612e-04
9.65909090909e-01,2.91193181818e-01,8.42204781670e-05
9.88636363636e-01,2.91193181818e-01,2.80734927223e-05
1.13636363636e-02,3.05397727273e-01,7.04549436946e-06
3.40909090909e-02,3.05397727273e-01,2.11364831084e-05
5.68181818182e-02,3.05397727273e-01,3.52274718473e-05
7.95454545455e-02,3.05397727273e-01,7.46096155461e-05
1.02272727273e-01,3.05397727273e-01,1.22422144231e-04
1.25000000000e-01,3.05397727273e-01,1.70234672917e-04
1.47727272727e-01,3.05397727273e-01,2.38751229642e-04
1.70454545455e-01,3.05397727273e-01,3.07267786367e-04
1.93181818182e-01,3.05397727273e-01,3.74506562682e-04
2.15909090909e-01,3.05397727273e-01,4.37911997766e-04
2.38636363636e-01,3.05397727273e-01,5.01317432851e-04
2.61363636364e-01,3.05397727273e-01,5.48909328425e-04
2.84090909091e-01,3.05397727273e-01,5.80687684490e-04
3.06818181818e-01,3.05397727273e-01,6.12466040554e-04
3.29545454545e-01,3.05397727273e-01,6.09597862008e-04
3.52272727273e-01,3.05397727273e-01,5.95180838591e-04
3.75000000000e-01,3.05397727273e-01,5.80763815175e-04
3.97727272727e-01,3.05397727273e-01,5.24730842049e-04
4.20454545455e-01,3.05397727273e-01,4.68697868923e-04
4.43181818182e-01,3.05397727273e-01,4.07766043477e-04
4.65909090909e-01,3.05397727273e-01,3.32137661074e-04
4.88636363636e-01,3.05397727273e-01,2.56509278670e-04
5.11363636364e-01,3.05397727273e-01,1.85874479842e-04
5.34090909091e-01,3.05397727273e-01,1.20233264587e-04
5.56818181818e-01,3.05397727273e-01,5.45920493332e-05
5.79545454545e-01,3.05397727273e-01,1.42099897610e-05
6.02272727273e-01,3.05397727273e-01,-1.77523512504e-05
6.25000000000e-01,3.05397727273e-01,-4.97146922619e-05
6.47727272727e-01,3.05397727273e-01,-4.09191379165e-05
6.70454545455e-01,3.05397727273e-01,-3.21235835712e-05
6.93181818182e-01,3.05397727273e-01,-1.62598060738e-05
7.15909090909e-01,3.05397727273e-01,2.08086408796e-05
7.38636363636e-01,3.05397727273e-01,5.78770878330e-05
7.61363636364e-01,3.05397727273e-01,9.61632803351e-05
7.84090909091e-01,3.05397727273e-01,1.35667218386e-04
8.06818181818e-01,3.05397727273e-01,1.75171156437e-04
8.29545454545e-01,3.05397727273e-01,1.96451720882e-04
8.52272727273e-01,3.05397727273e-01,2.11657827459e-04
8.75000000000e-01,3.05397727273e-01,2.26863934036e-04
8.97727272727e-01,3.05397727273e-01,2.02985351986e-04
9.20454545455e-01,3.05397727273e-01,1.79106769937e-04
9.43181818182e-01,3.05397727273e-01,1.46543484909e-04
9.65909090909e-01,3.05397727273e-01,8.79260909452e-05
9.88636363636e-01,3.05397727273e-01,2.93086969817e-05
1.13636363636e-02,3.19602272727e-01,6.96648067974e-06
3.40909090909e-02,3.19602272727e-01,2.08994420392e-05
5.68181818182e-02,3.19602272727e-01,3.48324033987e-05
7.95454545455e-02,3.19602272727e-01,7.47763790076e-05
1.02272727273e-01,3.19602272727e-01,1.23390692700e-04
1.25000000000e-01,3.19602272727e-01,1.72005006392e-04
1.47727272727e-01,3.19602272727e-01,2.42105880137e-04
1.70454545455e-01,3.19602272727e-01,3.12206753882e-04
1.93181818182e-01,3.19602272727e-01,3.81078952252e-04
2.15909090909e-01,3.19602272727e-01,4.46265124493e-04
2.38636363636e-01,3.19602272727e-01,5.11451296735e-04
2.61363636364e-01,3.19602272727e-01,5.60568427595e-04
2.84090909091e-01,3.19602272727e-01,5.93616517072e-04
3.06818181818e-01,3.19602272727e-01,6.26664606549e-04
3.29545454545e-01,3.19602272727e-01,6.24317906806e-04
3.52272727273e-01,3.19602272727e-01,6.10172943989e-04
3.75000000000e-01,3.19602272727e-01,5.96027981173e-04
3.97727272727e-01,3.19602272727e-01,5.39232294188e-04
4.20454545455e-01,3.19602272727e-01,4.82436607204e-04
4.43181818182e-01,3.19602272727e-01,4.20587959666e-04
4.65909090909e-01,3.19602272727e-01,3.43580430468e-04
4.88636363636e-01,3.19602272727e-01,2.66572901270e-04
5.11363636364e-01,3.19602272727e-01,1.94579541415e-04
5.34090909091e-01,3.19602272727e-01,1.27600350902e-04
5.56818181818e-01,3.19602272727e-01,6.06211603886e-05
5.79545454545e-01,3.19602272727e-01,1.93581135983e-05
6.02272727273e-01,3.19602272727e-01,-1.33328852843e-05
6.25000000000e-01,3.19602272727e-01,-4.60238841670e-05
6.47727272727e-01,3.19602272727e-01,-3.71469423577e-05
6.70454545455e-01,3.19602272727e-01,-2.82700005484e-05
6.93181818182e-01,3.19602272727e-01,-1.21866739419e-05
7.15909090909e-01,3.19602272727e-01,2.55158070564e-05
7.38636363636e-01,3.19602272727e-01,6.32182880548e-05
7.61363636364e-01,3.19602272727e-01,1.02126787353e-04
7.84090909091e-01,3.19602272727e-01,1.42241304951e-04
8.06818181818e-01,3.19602272727e-01,1.82355822549e-04
8.29545454545e-01,3.19602272727e-01,2.03782134430e-04
8.52272727273e-01,3.19602272727e-01,2.18979044407e-04
8.75000000000e-01,3.19602272727e-01,2.34175954383e-04
8.97727272727e-01,3.19602272727e-01,2.09360058380e-04
9.20454545455e-01,3.19602272727e-01,1.84544162378e-04
9.43181818182e-01,3.19602272727e-01,1.50847491251e-04
9.65909090909e-01,3.19602272727e-01,9.05084947504e-05
9.88636363636e-01,3.19602272727e-01,3.01694982501e-05
1.13636363636e-02,3.33806818182e-01,6.27795106423e-06
3.40909090909e-02,3.33806818182e-01,1.88338531927e-05
5.68181818182e-02,3.33806818182e-01,3.13897553211e-05
7.95454545455e-02,3.33806818182e-01,7.06441301021e-05
1.02272727273e-01,3.33806818182e-01,1.18797995767e-04
1.25000000000e-01,3.33806818182e-01,1.66951861432e-04
1.47727272727e-01,3.33806818182e-01,2.37476044942e-04
1.70454545455e-01,3.33806818182e-01,3.08000228451e-04
1.93181818182e-01,3.33806818182e-01,3.77413408882e-04
2.15909090909e-01,3.33806818182e-01,4.43493580074e-04
2.38636363636e-01,3.33806818182e-01,5.09573751267e-04
2.61363636364e-01,3.33806818182e-01,5.59536841360e-04
2.84090909091e-01,3.33806818182e-01,5.93382850353e-04
3.06818181818e-01,3.33806818182e-01,6.27228859347e-04
3.29545454545e-01,3.33806818182e-01,6.25281487281e-04
3.52272727273e-01,3.33806818182e-01,6.11402988195e-04
3.75000000000e-01,3.33806818182e-01,5.97524489108e-04
3.97727272727e-01,3.33806818182e-01,5.40363180782e-04
4.20454545455e-01,3.33806818182e-01,4.83201872456e-04
4.43181818182e-01,3.33806818182e-01,4.20894580752e-04
4.65909090909e-01,3.33806818182e-01,3.43149338914e-04
4.88636363636e-01,3.33806818182e-01,2.65404097076e-04
5.11363636364e-01,3.33806818182e-01,1.92718611714e-04
5.34090909091e-01,3.33806818182e-01,1.25092882826e-04
5.56818181818e-01,3.33806818182e-01,5.74671539383e-05
5.79545454545e-01,3.33806818182e-01,1.59341362219e-05
6.02272727273e-01,3.33806818182e-01,-1.69013111041e-05
6.25000000000e-01,3.33806818182e-01,-4.97367584300e-05
6.47727272727e-01,3.33806818182e-01,-4.03657006420e-05
6.70454545455e-01,3.33806818182e-01,-3.09946428540e-05
6.93181818182e-01,3.33806818182e-01,-1.43111154711e-05
7.15909090909e-01,3.33806818182e-01,2.43098206963e-05
7.38636363636e-01,3.33806818182e-01,6.29307568637e-05
7.61363636364e-01,3.33806818182e-01,1.02740748536e-04
7.84090909091e-01,3.33806818182e-01,1.43739795713e-04
8.06818181818e-01,3.33806818182e-01,1.84738842890e-04
8.29545454545e-01,3.33806818182e-01,2.06672994672e-04
8.52272727273e-01,3.33806818182e-01,2.22252181322e-04
8.75000000000e-01,3.33806818182e-01,2.37831367973e-04
8.97727272727e-01,3.33806818182e-01,2.12659027220e-04
9.20454545455e-01,3.33806818182e-01,1.87486686467e-04
9.43181818182e-01,3.33806818182e-01,1.53279482638e-04
9.65909090909e-01,3.33806818182e-01,9.19676895828e-05
9.88636363636e-01,3.33806818182e-01,3.06558965276e-05
1.13636363636e-02,3.48011363636e-01,5.58942144872e-06
3.40909090909e-02,3.48011363636e-01,1.67682643461e-05
5.68181818182e-02,3.48011363636e-01,2.79471072436e-05
7.95454545455e-02,3.48011363636e-01,6.65118811967e-05
1.02272727273e-01,3.48011363636e-01,1.14205298835e-04
1.25000000000e-01,3.48011363636e-01,1.61898716473e-04
1.47727272727e-01,3.48011363636e-01,2.32846209747e-04
1.70454545455e-01,3.48011363636e-01,3.03793703021e-04
1.93181818182e-01,3.48011363636e-01,3.73747865512e-04
2.15909090909e-01,3.48011363636e-01,4.40722035655e-04
2.38636363636e-01,3.48011363636e-01,5.07696205798e-04
2.61363636364e-01,3.48011363636e-01,5.58505255125e-04
2.84090909091e-01,3.48011363636e-01,5.93149183635e-04
3.06818181818e-01,3.48011363636e-01,6.27793112145e-04
3.29545454545e-01,3.48011363636e-01,6.26245067756e-04
3.52272727273e-01,3.48011363636e-01,6.12633032400e-04
3.75000000000e-01,3.48011363636e-01,5.99020997044e-04
3.97727272727e-01,3.48011363636e-01,5.41494067377e-04
4.20454545455e-01,3.48011363636e-01,4.83967137709e-04
4.43181818182e-01,3.48011363636e-01,4.21201201839e-04
4.65909090909e-01,3.48011363636e-01,3.42718247361e-04
4.88636363636e-01,3.48011363636e-01,2.64235292883e-04
5.11363636364e-01,3.48011363636e-01,1.90857682013e-04
5.34090909091e-01,3.48011363636e-01,1.22585414750e-04
5.56818181818e-01,3.48011363636e-01,5.43131474879e-05
5.79545454545e-01,3.48011363636e-01,1.25101588455e-05
6.02272727273e-01,3.48011363636e-01,-2.04697369238e-05
6.25000000000e-01,3.48011363636e-01,-5.34496326930e-05
6.47727272727e-01,3.48011363636e-01,-4.35844589262e-05
6.70454545455e-01,3.48011363636e-01,-3.37192851595e-05
6.93181818182e-01,3.48011363636e-01,-1.64355570003e-05
7.15909090909e-01,3.48011363636e-01,2.31038343361e-05
7.38636363636e-01,3.48011363636e-01,6.26432256726e-05
7.61363636364e-01,3.48011363636e-01,1.03354709719e-04
7.84090909091e-01,3.48011363636e-01,1.45238286474e-04
8.06818181818e-01,3.48011363636e-01,1.87121863230e-04
8.29545454545e-01,3.48011363636e-01,2.09563854913e-04
8.52272727273e-01,3.48011363636e-01,2.25525318238e-04
8.75000000000e-01,3.48011363636e-01,2.41486781563e-04
8.97727272727e-01,3.48011363636e-01,2.15957996059e-04
9.20454545455e-01,3.48011363636e-01,1.90429210556e-04
9.43181818182e-01,3.48011363636e-01,1.55711474025e-04
9.65909090909e-01,3.48011363636e-01,9.34268844152e-05
9.88636363636e-01,3.48011363636e-01,3.11422948051e-05
1.13636363636e-02,3.62215909091e-01,4.90089183320e-06
3.40909090909e-02,3.62215909091e-01,1.47026754996e-05
5.68181818182e-02,3.62215909091e-01,2.45044591660e-05
7.95454545455e-02,3.62215909091e-01,6.23796322913e-05
1.02272727273e-01,3.62215909091e-01,1.09612601903e-04
1.25000000000e-01,3.62215909091e-01,1.56845571514e-04
1.47727272727e-01,3.62215909091e-01,2.28216374552e-04
1.70454545455e-01,3.62215909091e-01,2.99587177590e-04
1.93181818182e-01,3.62215909091e-01,3.70082322142e-04
2.15909090909e-01,3.62215909091e-01,4.37950491236e-04
2.38636363636e-01,3.62215909091e-01,5.05818660330e-04
2.61363636364e-01,3.62215909091e-01,5.57473668890e-04
2.84090909091e-01,3.62215909091e-01,5.92915516917e-04
3.06818181818e-01,3.62215909091e-01,6.28357364943e-04
3.29545454545e-01,3.62215909091e-01,6.27208648231e-04
3.52272727273e-01,3.62215909091e-01,6.13863076606e-04
3.75000000000e-01,3.62215909091e-01,6.00517504980e-04
3.97727272727e-01,3.62215909091e-01,5.42624953971e-04
4.20454545455e-01,3.62215909091e-01,4.84732402961e-04
4.43181818182e-01,3.62215909091e-01,4.21507822925e-04
4.65909090909e-01,3.62215909091e-01,3.42287155807e-04
4.88636363636e-01,3.62215909091e-01,2.63066488689e-04
5.11363636364e-01,3.62215909091e-01,1.88996752311e-04
5.34090909091e-01,3.62215909091e-01,1.20077946675e-04
5.56818181818e-01,3.62215909091e-01,5.11591410376e-05
5.79545454545e-01,3.62215909091e-01,9.08618146903e-06
6.02272727273e-01,3.62215909091e-01,-2.40381627435e-05
6.25000000000e-01,3.62215909091e-01,-5.71625069560e-05
6.47727272727e-01,3.62215909091e-01,-4.68032172105e-05
6.70454545455e-01,3.62215909091e-01,-3.64439274650e-05
6.93181818182e-01,3.62215909091e-01,-1.85599985295e-05
7.15909090909e-01,3.62215909091e-01,2.18978479760e-05
7.38636363636e-01,3.62215909091e-01,6.23556944814e-05
7.61363636364e-01,3.62215909091e-01,1.03968670902e-04
7.84090909091e-01,3.62215909091e-01,1.46736777236e-04
8.06818181818e-01,3.62215909091e-01,1.89504883571e-04
8.29545454545e-01,3.62215909091e-01,2.12454715154e-04
8.52272727273e-01,3.62215909091e-01,2.28798455154e-04
8.75000000000e-01,3.62215909091e-01,2.45142195153e-04
8.97727272727e-01,3.62215909091e-01,2.19256964899e-04
9.20454545455e-01,3.62215909091e-01,1.93371734645e-04
9.43181818182e-01,3.62215909091e-01,1.58143465413e-04
9.65909090909e-01,3.62215909091e-01,9.48860792476e-05
9.88636363636e-01,3.62215909091e-01,3.16286930825e-05
1.13636363636e-02,3.76420454545e-01,4.11101272545e-06
3.40909090909e-02,3.76420454545e-01,1.23330381763e-05
5.68181818182e-02,3.76420454545e-01,2.05550636272e-05
7.95454545455e-02,3.76420454545e-01,5.75278088529e-05
1.02272727273e-01,3.76420454545e-01,1.04084127337e-04
1.25000000000e-01,3.76420454545e-01,1.50640445821e-04
1.47727272727e-01,3.76420454545e-01,2.22228684352e-04
1.70454545455e-01,3.76420454545e-01,2.93816922883e-04
1.93181818182e-01,3.76420454545e-01,3.64657706128e-04
2.15909090909e-01,3.76420454545e-01,4.33256123512e-04
2.38636363636e-01,3.76420454545e-01,5.01854540896e-04
2.61363636364e-01,3.76420454545e-01,5.54226823413e-04
2.84090909091e-01,3.76420454545e-01,5.90372971063e-04
3.06818181818e-01,3.76420454545e-01,6.26519118712e-04
3.29545454545e-01,3.76420454545e-01,6.25738055936e-04
3.52272727273e-01,3.76420454545e-01,6.12647923019e-04
3.75000000000e-01,3.76420454545e-01,5.99557790101e-04
3.97727272727e-01,3.76420454545e-01,5.41362129235e-04
4.20454545455e-01,3.76420454545e-01,4.83166468369e-04
4.43181818182e-01,3.76420454545e-01,4.19557230097e-04
4.65909090909e-01,3.76420454545e-01,3.39707259612e-04
4.88636363636e-01,3.76420454545e-01,2.59857289126e-04
5.11363636364e-01,3.76420454545e-01,1.85209098009e-04
5.34090909091e-01,3.76420454545e-01,1.15762686259e-04
5.56818181818e-01,3.76420454545e-01,4.63162745101e-05
5.79545454545e-01,3.76420454545e-01,4.07836083324e-06
6.02272727273e-01,3.76420454545e-01,-2.90900534861e-05
6.25000000000e-01,3.76420454545e-01,-6.22584678055e-05
6.47727272727e-01,3.76420454545e-01,-5.13350174850e-05
6.70454545455e-01,3.76420454545e-01,-4.04115671645e-05
6.93181818182e-01,3.76420454545e-01,-2.18628286733e-05
7.15909090909e-01,3.76420454545e-01,1.95617743300e-05
7.38636363636e-01,3.76420454545e-01,6.09863773333e-05
7.61363636364e-01,3.76420454545e-01,1.03549671278e-04
7.84090909091e-01,3.76420454545e-01,1.47251656165e-04
8.06818181818e-01,3.76420454545e-01,1.90953641051e-04
8.29545454545e-01,3.76420454545e-01,2.14479798894e-04
8.52272727273e-01,3.76420454545e-01,2.31280681056e-04
8.75000000000e-01,3.76420454545e-01,2.48081563217e-04
8.97727272727e-01,3.76420454545e-01,2.21953431875e-04
9.20454545455e-01,3.76420454545e-01,1.95825300532e-04
9.43181818182e-01,3.76420454545e-01,1.60208365478e-04
9.65909090909e-01,3.76420454545e-01,9.61250192865e-05
9.88636363636e-01,3.76420454545e-01,3.20416730955e-05
1.13636363636e-02,3.90625000000e-01,2.40898818749e-06
3.40909090909e-02,3.90625000000e-01,7.22696456248e-06
5.68181818182e-02,3.90625000000e-01,1.20449409375e-05
7.95454545455e-02,3.90625000000e-01,4.61998146184e-05
1.02272727273e-01,3.90625000000e-01,9.01336540679e-05
1.25000000000e-01,3.90625000000e-01,1.34067493517e-04
1.47727272727e-01,3.90625000000e-01,2.04020299105e-04
1.70454545455e-01,3.90625000000e-01,2.73973104692e-04
1.93181818182e-01,3.90625000000e-01,3.43401436316e-04
2.15909090909e-01,3.90625000000e-01,4.11256346048e-04
2.38636363636e-01,3.90625000000e-01,4.79111255780e-04
2.61363636364e-01,3.90625000000e-01,5.31042644761e-04
2.84090909091e-01,3.90625000000e-01,5.67050512989e-04
3.06818181818e-01,3.90625000000e-01,6.03058381218e-04
3.29545454545e-01,3.90625000000e-01,6.02359908715e-04
3.52272727273e-01,3.90625000000e-01,5.89425989303e-04
3.75000000000e-01,3.90625000000e-01,5.76492069890e-04
3.97727272727e-01,3.90625000000e-01,5.18555902528e-04
4.20454545455e-01,3.90625000000e-01,4.60619735167e-04
4.43181818182e-01,3.90625000000e-01,3.97291712045e-04
4.65909090909e-01,3.90625000000e-01,3.17788121644e-04
4.88636363636e-01,3.90625000000e-01,2.38284531242e-04
5.11363636364e-01,3.90625000000e-01,1.64080922291e-04
5.34090909091e-01,3.90625000000e-01,9.51772947890e-05
5.56818181818e-01,3.90625000000e-01,2.62736672874e-05
5.79545454545e-01,3.90625000000e-01,-1.51840491368e-05
6.02272727273e-01,3.90625000000e-01,-4.74931285351e-05
6.25000000000e-01,3.90625000000e-01,-7.98022079335e-05
6.47727272727e-01,3.90625000000e-01,-6.76841956715e-05
6.70454545455e-01,3.90625000000e-01,-5.55661834095e-05
6.93181818182e-01,3.90625000000e-01,-3.57711563480e-05
7.15909090909e-01,3.90625000000e-01,7.05491511219e-06
7.38636363636e-01,3.90625000000e-01,4.98809865723e-05
7.61363636364e-01,3.90625000000e-01,9.38340243991e-05
7.84090909091e-01,3.90625000000e-01,1.38914028593e-04
8.06818181818e-01,3.90625000000e-01,1.83994032786e-04
8.29545454545e-01,3.90625000000e-01,2.08712894120e-04
8.52272727273e-01,3.90625000000e-01,2.26644707834e-04
8.75000000000e-01,3.90625000000e-01,2.44576521548e-04
8.97727272727e-01,3.90625000000e-01,2.19227382078e-04
9.20454545455e-01,3.90625000000e-01,1.93878242608e-04
9.43181818182e-01,3.90625000000e-01,1.58969443641e-04
9.65909090909e-01,3.90625000000e-01,9.53816661848e-05
9.88636363636e-01,3.90625000000e-01,3.17938887283e-05
1.13636363636e-02,4.04829545455e-01,7.06963649541e-07
3.40909090909e-02,4.04829545455e-01,2.12089094862e-06
5.68181818182e-02,4.04829545455e-01,3.53481824771e-06
7.95454545455e-02,4.04829545455e-01,3.48718203838e-05
1.02272727273e-01,4.04829545455e-01,7.61831807989e-05
1.25000000000e-01,4.04829545455e-01,1.17494541214e-04
1.47727272727e-01,4.04829545455e-01,1.85811913858e-04
1.70454545455e-01,4.04829545455e-01,2.54129286501e-04
1.93181818182e-01,4.04829545455e-01,3.22145166504e-04
2.15909090909e-01,4.04829545455e-01,3.89256568584e-04
2.38636363636e-01,4.04829545455e-01,4.56367970665e-04
2.61363636364e-01,4.04829545455e-01,5.07858466109e-04
2.84090909091e-01,4.04829545455e-01,5.43728054916e-04
3.06818181818e-01,4.04829545455e-01,5.79597643724e-04
3.29545454545e-01,4.04829545455e-01,5.78981761494e-04
3.52272727273e-01,4.04829545455e-01,5.66204055586e-04
3.75000000000e-01,4.04829545455e-01,5.53426349678e-04
3.97727272727e-01,4.04829545455e-01,4.95749675821e-04
4.20454545455e-01,4.04829545455e-01,4.38073001965e-04
4.43181818182e-01,4.04829545455e-01,3.75026193993e-04
4.65909090909e-01,4.04829545455e-01,2.95868983676e-04
4.88636363636e-01,4.04829545455e-01,2.16711773358e-04
5.11363636364e-01,4.04829545455e-01,1.42952746572e-04
5.34090909091e-01,4.04829545455e-01,7.45919033186e-05
5.56818181818e-01,4.04829545455e-01,6.23106006466e-06
5.79545454545e-01,4.04829545455e-01,-3.44464591068e-05
6.02272727273e-01,4.04829545455e-01,-6.58962035841e-05
6.25000000000e-01,4.04829545455e-01,-9.73459480614e-05
6.47727272727e-01,4.04829545455e-01,-8.40333738580e-05
6.70454545455e-01,4.04829545455e-01,-7.07207996545e-05
6.93181818182e-01,4.04829545455e-01,-4.96794840226e-05
7.15909090909e-01,4.04829545455e-01,-5.45194410566e-06
7.38636363636e-01,4.04829545455e-01,3.87755958113e-05
7.61363636364e-01,4.04829545455e-01,8.41183775200e-05
7.84090909091e-01,4.04829545455e-01,1.30576401020e-04
8.06818181818e-01,4.04829545455e-01,1.77034424521e-04
8.29545454545e-01,4.04829545455e-01,2.02945989346e-04
8.52272727273e-01,4.04829545455e-01,2.22008734612e-04
8.75000000000e-01,4.04829545455e-01,2.41071479879e-04
8.97727272727e-01,4.04829545455e-01,2.16501332281e-04
9.20454545455e-01,4.04829545455e-01,1.91931184684e-04
9.43181818182e-01,4.04829545455e-01,1.57730521805e-04
9.65909090909e-01,4.04829545455e-01,9.46383130831e-05
9.88636363636e-01,4.04829545455e-01,3.15461043610e-05
1.13636363636e-02,4.19034090909e-01,-9.95060888411e-07
3.40909090909e-02,4.19034090909e-01,-2.98518266523e-06
5.68181818182e-02,4.19034090909e-01,-4.97530444206e-06
7.95454545455e-02,4.19034090909e-01,2.35438261493e-05
1.02272727273e-01,4.19034090909e-01,6.22327075299e-05
1.25000000000e-01,4.19034090909e-01,1.00921588911e-04
1.47727272727e-01,4.19034090909e-01,1.67603528611e-04
1.70454545455e-01,4.19034090909e-01,2.34285468310e-04
1.93181818182e-01,4.19034090909e-01,3.00888896692e-04
2.15909090909e-01,4.19034090909e-01,3.67256791121e-04
2.38636363636e-01,4.19034090909e-01,4.33624685549e-04
2.61363636364e-01,4.19034090909e-01,4.84674287456e-04
2.84090909091e-01,4.19034090909e-01,5.20405596843e-04
3.06818181818e-01,4.19034090909e-01,5.56136906230e-04
3.29545454545e-01,4.19034090909e-01,5.55603614273e-04
3.52272727273e-01,4.19034090909e-01,5.42982121870e-04
3.75000000000e-01,4.19034090909e-01,5.30360629466e-04
3.97727272727e-01,4.19034090909e-01,4.72943449115e-04
4.20454545455e-01,4.19034090909e-01,4.15526268763e-04
4.43181818182e-01,4.19034090909e-01,3.52760675941e-04
4.65909090909e-01,4.19034090909e-01,2.73949845708e-04
4.88636363636e-01,4.19034090909e-01,1.95139015474e-04
5.11363636364e-01,4.19034090909e-01,1.21824570854e-04
5.34090909091e-01,4.19034090909e-01,5.40065118481e-05
5.56818181818e-01,4.19034090909e-01,-1.38115471581e-05
5.79545454545e-01,4.19034090909e-01,-5.37088690768e-05
6.02272727273e-01,4.19034090909e-01,-8.42992786331e-05
6.25000000000e-01,4.19034090909e-01,-1.14889688189e-04
6.47727272727e-01,4.19034090909e-01,-1.00382552044e-04
6.70454545455e-01,4.19034090909e-01,-8.58754158995e-05
6.93181818182e-01,4.19034090909e-01,-6.35878116973e-05
7.15909090909e-01,4.19034090909e-01,-1.79588033235e-05
7.38636363636e-01,4.19034090909e-01,2.76702050503e-05
7.61363636364e-01,4.19034090909e-01,7.44027306409e-05
7.84090909091e-01,4.19034090909e-01,1.22238773448e-04
8.06818181818e-01,4.19034090909e-01,1.70074816256e-04
8.29545454545e-01,4.19034090909e-01,1.97179084572e-04
8.52272727273e-01,4.19034090909e-01,2.17372761391e-04
8.75000000000e-01,4.19034090909e-01,2.37566438209e-04
8.97727272727e-01,4.19034090909e-01,2.13775282484e-04
9.20454545455e-01,4.19034090909e-01,1.89984126760e-04
9.43181818182e-01,4.19034090909e-01,1.56491599969e-04
9.65909090909e-01,4.19034090909e-01,9.38949599814e-05
9.88636363636e-01,4.19034090909e-01,3.12983199938e-05
1.13636363636e-02,4.33238636364e-01,-2.69708542636e-06
3.40909090909e-02,4.33238636364e-01,-8.09125627909e-06
5.68181818182e-02,4.33238636364e-01,-1.34854271318e-05
7.95454545455e-02,4.33238636364e-01,1.22158319147e-05
1.02272727273e-01,4.33238636364e-01,4.82822342610e-05
1.25000000000e-01,4.33238636364e-01,8.43486366072e-05
1.47727272727e-01,4.33238636364e-01,1.49395143363e-04
1.70454545455e-01,4.33238636364e-01,2.14441650120e-04
1.93181818182e-01,4.33238636364e-01,2.79632626881e-04
2.15909090909e-01,4.33238636364e-01,3.45257013657e-04
2.38636363636e-01,4.33238636364e-01,4.10881400433e-04
2.61363636364e-01,4.33238636364e-01,4.61490108804e-04
2.84090909091e-01,4.33238636364e-01,4.97083138770e-04
3.06818181818e-01,4.33238636364e-01,5.32676168735e-04
3.29545454545e-01,4.33238636364e-01,5.32225467052e-04
3.52272727273e-01,4.33238636364e-01,5.19760188154e-04
3.75000000000e-01,4.33238636364e-01,5.07294909255e-04
3.97727272727e-01,4.33238636364e-01,4.50137222408e-04
4.20454545455e-01,4.33238636364e-01,3.92979535561e-04
4.43181818182e-01,4.33238636364e-01,3.30495157889e-04
4.65909090909e-01,4.33238636364e-01,2.52030707740e-04
4.88636363636e-01,4.33238636364e-01,1.73566257590e-04
5.11363636364e-01,4.33238636364e-01,1.00696395136e-04
5.34090909091e-01,4.33238636364e-01,3.34211203777e-05
5.56818181818e-01,4.33238636364e-01,-3.38541543808e-05
5.79545454545e-01,4.33238636364e-01,-7.29712790468e-05
6.02272727273e-01,4.33238636364e-01,-1.02702353682e-04
6.25000000000e-01,4.33238636364e-01,-1.32433428317e-04
6.47727272727e-01,4.33238636364e-01,-1.16731730231e-04
6.70454545455e-01,4.33238636364e-01,-1.01030032145e-04
6.93181818182e-01,4.33238636364e-01,-7.74961393720e-05
7.15909090909e-01,4.33238636364e-01,-3.04656625414e-05
7.38636363636e-01,4.33238636364e-01,1.65648142893e-05
7.61363636364e-01,4.33238636364e-01,6.46870837618e-05
7.84090909091e-01,4.33238636364e-01,1.13901145876e-04
8.06818181818e-01,4.33238636364e-01,1.63115207991e-04
8.29545454545e-01,4.33238636364e-01,1.91412179798e-04
8.52272727273e-01,4.33238636364e-01,2.12736788169e-04
8.75000000000e-01,4.33238636364e-01,2.34061396540e-04
8.97727272727e-01,4.33238636364e-01,2.11049232688e-04
9.20454545455e-01,4.33238636364e-01,1.88037068835e-04
9.43181818182e-01,4.33238636364e-01,1.55252678133e-04
9.65909090909e-01,4.33238636364e-01,9.31516068797e-05
9.88636363636e-01,4.33238636364e-01,3.10505356266e-05
1.13636363636e-02,4.47443181818e-01,-4.53152159638e-06
3.40909090909e-02,4.47443181818e-01,-1.35945647892e-05
5.68181818182e-02,4.47443181818e-01,-2.26576079819e-05
7.95454545455e-02,4.47443181818e-01,-1.84212126383e-07
1.02272727273e-01,4.47443181818e-01,3.28013300786e-05
1.25000000000e-01,4.47443181818e-01,6.57868722836e-05
1.47727272727e-01,4.47443181818e-01,1.28621727216e-04
1.70454545455e-01,4.47443181818e-01,1.91456582149e-04
1.93181818182e-01,4.47443181818e-01,2.54670097220e-04
2.15909090909e-01,4.47443181818e-01,3.19019592708e-04
2.38636363636e-01,4.47443181818e-01,3.83369088195e-04
2.61363636364e-01,4.47443181818e-01,4.33114609066e-04
2.84090909091e-01,4.47443181818e-01,4.68256155320e-04
3.06818181818e-01,4.47443181818e-01,5.03397701575e-04
3.29545454545e-01,4.47443181818e-01,5.02955059353e-04
3.52272727273e-01,4.47443181818e-01,4.90651020973e-04
3.75000000000e-01,4.47443181818e-01,4.78346982593e-04
3.97727272727e-01,4.47443181818e-01,4.21749488034e-04
4.20454545455e-01,4.47443181818e-01,3.65151993475e-04
4.43181818182e-01,4.47443181818e-01,3.03289426385e-04
4.65909090909e-01,4.47443181818e-01,2.25631641704e-04
4.88636363636e-01,4.47443181818e-01,1.47973857023e-04
5.11363636364e-01,4.47443181818e-01,7.59949662078e-05
5.34090909091e-01,4.47443181818e-01,9.69496925788e-06
5.56818181818e-01,4.47443181818e-01,-5.66050276920e-05
5.79545454545e-01,4.47443181818e-01,-9.46449222781e-05
6.02272727273e-01,4.47443181818e-01,-1.23264782743e-04
6.25000000000e-01,4.47443181818e-01,-1.51884643208e-04
6.47727272727e-01,4.47443181818e-01,-1.34965960667e-04
6.70454545455e-01,4.47443181818e-01,-1.18047278126e-04
6.93181818182e-01,4.47443181818e-01,-9.32830903153e-05
7.15909090909e-01,4.47443181818e-01,-4.49823866968e-05
7.38636363636e-01,4.47443181818e-01,3.31831692184e-06
7.61363636364e-01,4.47443181818e-01,5.27034224710e-05
7.84090909091e-01,4.47443181818e-01,1.03172929951e-04
8.06818181818e-01,4.47443181818e-01,1.53642437430e-04
8.29545454545e-01,4.47443181818e-01,1.83142708746e-04
8.52272727273e-01,4.47443181818e-01,2.05653234673e-04
8.75000000000e-01,4.47443181818e-01,2.28163760600e-04
8.97727272727e-01,4.47443181818e-01,2.06252247985e-04
9.20454545455e-01,4.47443181818e-01,1.84340735371e-04
9.43181818182e-01,4.47443181818e-01,1.52642819009e-04
9.65909090909e-01,4.47443181818e-01,9.15856914052e-05
9.88636363636e-01,4.47443181818e-01,3.05285638017e-05
1.13636363636e-02,4.61647727273e-01,-6.42270560872e-06
3.40909090909e-02,4.61647727273e-01,-1.92681168262e-05
5.68181818182e-02,4.61647727273e-01,-3.21135280436e-05
7.95454545455e-02,4.61647727273e-01,-1.30437060845e-05
1.02272727273e-01,4.61647727273e-01,1.66645269333e-05
1.25000000000e-01,4.61647727273e-01,4.63727599512e-05
1.47727272727e-01,4.61647727273e-01,1.06749012112e-04
1.70454545455e-01,4.61647727273e-01,1.67125264273e-04
1.93181818182e-01,4.61647727273e-01,2.28119170482e-04
2.15909090909e-01,4.61647727273e-01,2.90966038836e-04
2.38636363636e-01,4.61647727273e-01,3.53812907191e-04
2.61363636364e-01,4.61647727273e-01,4.02514257434e-04
2.84090909091e-01,4.61647727273e-01,4.37070089567e-04
3.06818181818e-01,4.61647727273e-01,4.71625921700e-04
3.29545454545e-01,4.61647727273e-01,4.71159397163e-04
3.52272727273e-01,4.61647727273e-01,4.59018753737e-04
3.75000000000e-01,4.61647727273e-01,4.46878110311e-04
3.97727272727e-01,4.61647727273e-01,3.90969678945e-04
4.20454545455e-01,4.61647727273e-01,3.35061247580e-04
4.43181818182e-01,4.61647727273e-01,2.73966460544e-04
4.65909090909e-01,4.61647727273e-01,1.97312606497e-04
4.88636363636e-01,4.61647727273e-01,1.20658752449e-04
5.11363636364e-01,4.61647727273e-01,4.97621430463e-05
5.34090909091e-01,4.61647727273e-01,-1.53772217117e-05
5.56818181818e-01,4.61647727273e-01,-8.05165864697e-05
5.79545454545e-01,4.61647727273e-01,-1.17351951193e-04
6.02272727273e-01,4.61647727273e-01,-1.44752649238e-04
6.25000000000e-01,4.61647727273e-01,-1.72153347283e-04
6.47727272727e-01,4.61647727273e-01,-1.54008070638e-04
6.70454545455e-01,4.61647727273e-01,-1.35862793994e-04
6.93181818182e-01,4.61647727273e-01,-1.09875165517e-04
7.15909090909e-01,4.61647727273e-01,-6.03604815397e-05
7.38636363636e-01,4.61647727273e-01,-1.08457975627e-05
7.61363636364e-01,4.61647727273e-01,3.97477550037e-05
7.84090909091e-01,4.61647727273e-01,9.14201761594e-05
8.06818181818e-01,4.61647727273e-01,1.43092597315e-04
8.29545454545e-01,4.61647727273e-01,1.73800709289e-04
8.52272727273e-01,4.61647727273e-01,1.97520718202e-04
8.75000000000e-01,4.61647727273e-01,2.21240727115e-04
8.97727272727e-01,4.61647727273e-01,2.00567719752e-04
9.20454545455e-01,4.61647727273e-01,1.79894712389e-04
9.43181818182e-01,4.61647727273e-01,1.49445415333e-04
9.65909090909e-01,4.61647727273e-01,8.96672491996e-05
9.88636363636e-01,4.61647727273e-01,2.98890830665e-05
1.13636363636e-02,4.75852272727e-01,-8.31388962106e-06
3.40909090909e-02,4.75852272727e-01,-2.49416688632e-05
5.68181818182e-02,4.75852272727e-01,-4.15694481053e-05
7.95454545455e-02,4.75852272727e-01,-2.59032000427e-05
1.02272727273e-01,4.75852272727e-01,5.27723788099e-07
1.25000000000e-01,4.75852272727e-01,2.69586476189e-05
1.47727272727e-01,4.75852272727e-01,8.48762970078e-05
1.70454545455e-01,4.75852272727e-01,1.42793946397e-04
1.93181818182e-01,4.75852272727e-01,2.01568243744e-04
2.15909090909e-01,4.75852272727e-01,2.62912484965e-04
2.38636363636e-01,4.75852272727e-01,3.24256726187e-04
2.61363636364e-01,4.75852272727e-01,3.71913905803e-04
2.84090909091e-01,4.75852272727e-01,4.05884023814e-04
3.06818181818e-01,4.75852272727e-01,4.39854141825e-04
3.29545454545e-01,4.75852272727e-01,4.39363734973e-04
3.52272727273e-01,4.75852272727e-01,4.27386486501e-04
3.75000000000e-01,4.75852272727e-01,4.15409238028e-04
3.97727272727e-01,4.75852272727e-01,3.60189869857e-04
4.20454545455e-01,4.75852272727e-01,3.04970501686e-04
4.43181818182e-01,4.75852272727e-01,2.44643494704e-04
4.65909090909e-01,4.75852272727e-01,1.68993571290e-04
4.88636363636e-01,4.75852272727e-01,9.33436478751e-05
5.11363636364e-01,4.75852272727e-01,2.35293198848e-05
5.34090909091e-01,4.75852272727e-01,-4.04494126813e-05
5.56818181818e-01,4.75852272727e-01,-1.04428145247e-04
5.79545454545e-01,4.75852272727e-01,-1.40058980108e-04
6.02272727273e-01,4.75852272727e-01,-1.66240515732e-04
6.25000000000e-01,4.75852272727e-01,-1.92422051357e-04
6.47727272727e-01,4.75852272727e-01,-1.73050180610e-04
6.70454545455e-01,4.75852272727e-01,-1.53678309862e-04
6.93181818182e-01,4.75852272727e-01,-1.26467240718e-04
7.15909090909e-01,4.75852272727e-01,-7.57385763826e-05
7.38636363636e-01,4.75852272727e-01,-2.50099120472e-05
7.61363636364e-01,4.75852272727e-01,2.67920875364e-05
7.84090909091e-01,4.75852272727e-01,7.96674223681e-05
8.06818181818e-01,4.75852272727e-01,1.32542757200e-04
8.29545454545e-01,4.75852272727e-01,1.64458709832e-04
8.52272727273e-01,4.75852272727e-01,1.89388201732e-04
8.75000000000e-01,4.75852272727e-01,2.14317693631e-04
8.97727272727e-01,4.75852272727e-01,1.94883191519e-04
9.20454545455e-01,4.75852272727e-01,1.75448689406e-04
9.43181818182e-01,4.75852272727e-01,1.46248011657e-04
9.65909090909e-01,4.75852272727e-01,8.77488069940e-05
9.88636363636e-01,4.75852272727e-01,2.92496023313e-05
1.13636363636e-02,4.90056818182e-01,-1.02050736334e-05
3.40909090909e-02,4.90056818182e-01,-3.06152209002e-05
5.68181818182e-02,4.90056818182e-01,-5.10253681670e-05
7.95454545455e-02,4.90056818182e-01,-3.87626940009e-05
1.02272727273e-01,4.90056818182e-01,-1.56090793571e-05
1.25000000000e-01,4.90056818182e-01,7.54453528657e-06
1.47727272727e-01,4.90056818182e-01,6.30035819035e-05
1.70454545455e-01,4.90056818182e-01,1.18462628521e-04
1.93181818182e-01,4.90056818182e-01,1.75017317005e-04
2.15909090909e-01,4.90056818182e-01,2.34858931094e-04
2.38636363636e-01,4.90056818182e-01,2.94700545182e-04
2.61363636364e-01,4.90056818182e-01,3.41313554171e-04
2.84090909091e-01,4.90056818182e-01,3.74697958060e-04
3.06818181818e-01,4.90056818182e-01,4.08082361950e-04
3.29545454545e-01,4.90056818182e-01,4.07568072783e-04
3.52272727273e-01,4.90056818182e-01,3.95754219264e-04
3.75000000000e-01,4.90056818182e-01,3.83940365745e-04
3.97727272727e-01,4.90056818182e-01,3.29410060768e-04
4.20454545455e-01,4.90056818182e-01,2.74879755792e-04
4.43181818182e-01,4.90056818182e-01,2.15320528864e-04
4.65909090909e-01,4.90056818182e-01,1.40674536082e-04
4.88636363636e-01,4.90056818182e-01,6.60285433011e-05
5.11363636364e-01,4.90056818182e-01,-2.70350327663e-06
5.34090909091e-01,4.90056818182e-01,-6.55216036509e-05
5.56818181818e-01,4.90056818182e-01,-1.28339704025e-04
5.79545454545e-01,4.90056818182e-01,-1.62766009022e-04
6.02272727273e-01,4.90056818182e-01,-1.87728382227e-04
6.25000000000e-01,4.90056818182e-01,-2.12690755432e-04
6.47727272727e-01,4.90056818182e-01,-1.92092290581e-04
6.70454545455e-01,4.90056818182e-01,-1.71493825731e-04
6.93181818182e-01,4.90056818182e-01,-1.43059315919e-04
7.15909090909e-01,4.90056818182e-01,-9.11166712255e-05
7.38636363636e-01,4.90056818182e-01,-3.91740265317e-05
7.61363636364e-01,4.90056818182e-01,1.38364200691e-05
7.84090909091e-01,4.90056818182e-01,6.79146685768e-05
8.06818181818e-01,4.90056818182e-01,1.21992917085e-04
8.29545454545e-01,4.90056818182e-01,1.55116710376e-04
8.52272727273e-01,4.90056818182e-01,1.81255685261e-04
8.75000000000e-01,4.90056818182e-01,2.07394660146e-04
8.97727272727e-01,4.90056818182e-01,1.89198663285e-04
9.20454545455e-01,4.90056818182e-01,1.71002666424e-04
9.43181818182e-01,4.90056818182e-01,1.43050607981e-04
9.65909090909e-01,4.90056818182e-01,8.58303647883e-05
9.88636363636e-01,4.90056818182e-01,2.86101215961e-05
1.13636363636e-02,5.04261363636e-01,-1.18572249861e-05
3.40909090909e-02,5.04261363636e-01,-3.55716749583e-05
5.68181818182e-02,5.04261363636e-01,-5.92861249305e-05
7.95454545455e-02,5.04261363636e-01,-5.00496429053e-05
1.02272727273e-01,5.04261363636e-01,-2.98295168809e-05
1.25000000000e-01,5.04261363636e-01,-9.60939085660e-06
1.47727272727e-01,5.04261363636e-01,4.35887036939e-05
1.70454545455e-01,5.04261363636e-01,9.67867982444e-05
1.93181818182e-01,5.04261363636e-01,1.51293353570e-04
2.15909090909e-01,5.04261363636e-01,2.09725291221e-04
2.38636363636e-01,5.04261363636e-01,2.68157228873e-04
2.61363636364e-01,5.04261363636e-01,3.13798210032e-04
2.84090909091e-01,5.04261363636e-01,3.46648234701e-04
3.06818181818e-01,5.04261363636e-01,3.79498259369e-04
3.29545454545e-01,5.04261363636e-01,3.79015516611e-04
3.52272727273e-01,5.04261363636e-01,3.67421851377e-04
3.75000000000e-01,5.04261363636e-01,3.55828186144e-04
3.97727272727e-01,5.04261363636e-01,3.02057781405e-04
4.20454545455e-01,5.04261363636e-01,2.48287376666e-04
4.43181818182e-01,5.04261363636e-01,1.89562676025e-04
4.65909090909e-01,5.04261363636e-01,1.15975087676e-04
4.88636363636e-01,5.04261363636e-01,4.23874993275e-05
5.11363636364e-01,5.04261363636e-01,-2.52408443856e-05
5.34090909091e-01,5.04261363636e-01,-8.69099434630e-05
5.56818181818e-01,5.04261363636e-01,-1.48579042540e-04
5.79545454545e-01,5.04261363636e-01,-1.81891732270e-04
6.02272727273e-01,5.04261363636e-01,-2.05752285550e-04
6.25000000000e-01,5.04261363636e-01,-2.29612838831e-04
6.47727272727e-01,5.04261363636e-01,-2.08015450649e-04
6.70454545455e-01,5.04261363636e-01,-1.86418062468e-04
6.93181818182e-01,5.04261363636e-01,-1.57005723415e-04
7.15909090909e-01,5.04261363636e-01,-1.04148531748e-04
7.38636363636e-01,5.04261363636e-01,-5.12913400815e-05
7.61363636364e-01,5.04261363636e-01,2.62673186676e-06
7.84090909091e-01,5.04261363636e-01,5.76056840966e-05
8.06818181818e-01,5.04261363636e-01,1.12584636327e-04
8.29545454545e-01,5.04261363636e-01,1.46665239003e-04
8.52272727273e-01,5.04261363636e-01,1.73779725162e-04
8.75000000000e-01,5.04261363636e-01,2.00894211321e-04
8.97727272727e-01,5.04261363636e-01,1.83812545680e-04
9.20454545455e-01,5.04261363636e-01,1.66730880038e-04
9.43181818182e-01,5.04261363636e-01,1.39926937097e-04
9.65909090909e-01,5.04261363636e-01,8.39561622584e-05
9.88636363636e-01,5.04261363636e-01,2.79853874195e-05
1.13636363636e-02,5.18465909091e-01,-1.29516334663e-05
3.40909090909e-02,5.18465909091e-01,-3.88549003990e-05
5.68181818182e-02,5.18465909091e-01,-6.47581673316e-05
7.95454545455e-02,5.18465909091e-01,-5.76673200176e-05
1.02272727273e-01,5.18465909091e-01,-3.95784346213e-05
1.25000000000e-01,5.18465909091e-01,-2.14895492250e-05
1.47727272727e-01,5.18465909091e-01,2.99087782384e-05
1.70454545455e-01,5.18465909091e-01,8.13071057018e-05
1.93181818182e-01,5.18465909091e-01,1.34165637842e-04
2.15909090909e-01,5.18465909091e-01,1.91404784014e-04
2.38636363636e-01,5.18465909091e-01,2.48643930185e-04
2.61363636364e-01,5.18465909091e-01,2.93481216711e-04
2.84090909091e-01,5.18465909091e-01,3.25916643592e-04
3.06818181818e-01,5.18465909091e-01,3.58352070472e-04
3.29545454545e-01,5.18465909091e-01,3.58030207813e-04
3.52272727273e-01,5.18465909091e-01,3.46789248640e-04
3.75000000000e-01,5.18465909091e-01,3.35548289467e-04
3.97727272727e-01,5.18465909091e-01,2.82703071401e-04
4.20454545455e-01,5.18465909091e-01,2.29857853336e-04
4.43181818182e-01,5.18465909091e-01,1.72123420191e-04
4.65909090909e-01,5.18465909091e-01,9.97213418061e-05
4.88636363636e-01,5.18465909091e-01,2.73192634215e-05
5.11363636364e-01,5.18465909091e-01,-3.91553940386e-05
5.34090909091e-01,5.18465909091e-01,-9.97026305744e-05
5.56818181818e-01,5.18465909091e-01,-1.60249867110e-04
5.79545454545e-01,5.18465909091e-01,-1.92661075628e-04
6.02272727273e-01,5.18465909091e-01,-2.15693608141e-04
6.25000000000e-01,5.18465909091e-01,-2.38726140653e-04
6.47727272727e-01,5.18465909091e-01,-2.16661060942e-04
6.70454545455e-01,5.18465909091e-01,-1.94595981231e-04
6.93181818182e-01,5.18465909091e-01,-1.64778906263e-04
7.15909090909e-01,5.18465909091e-01,-1.11705845523e-04
7.38636363636e-01,5.18465909091e-01,-5.86327847834e-05
7.61363636364e-01,5.18465909091e-01,-4.50900471714e-06
7.84090909091e-01,5.18465909091e-01,5.06654946757e-05
8.06818181818e-01,5.18465909091e-01,1.05839994069e-04
8.29545454545e-01,5.18465909091e-01,1.40291666495e-04
8.52272727273e-01,5.18465909091e-01,1.67835729932e-04
8.75000000000e-01,5.18465909091e-01,1.95379793369e-04
8.97727272727e-01,5.18465909091e-01,1.79122719539e-04
9.20454545455e-01,5.18465909091e-01,1.62865645709e-04
9.43181818182e-01,5.18465909091e-01,1.36975309397e-04
9.65909090909e-01,5.18465909091e-01,8.21851856384e-05
9.88636363636e-01,5.18465909091e-01,2.73950618795e-05
1.13636363636e-02,5.32670454545e-01,-1.40460419466e-05
3.40909090909e-02,5.32670454545e-01,-4.21381258397e-05
5.68181818182e-02,5.32670454545e-01,-7.02302097328e-05
7.95454545455e-02,5.32670454545e-01,-6.52849971299e-05
1.02272727273e-01,5.32670454545e-01,-4.93273523617e-05
1.25000000000e-01,5.32670454545e-01,-3.33697075935e-05
1.47727272727e-01,5.32670454545e-01,1.62288527828e-05
1.70454545455e-01,5.32670454545e-01,6.58274131592e-05
1.93181818182e-01,5.32670454545e-01,1.17037922114e-04
2.15909090909e-01,5.32670454545e-01,1.73084276806e-04
2.38636363636e-01,5.32670454545e-01,2.29130631498e-04
2.61363636364e-01,5.32670454545e-01,2.73164223390e-04
2.84090909091e-01,5.32670454545e-01,3.05185052483e-04
3.06818181818e-01,5.32670454545e-01,3.37205881576e-04
3.29545454545e-01,5.32670454545e-01,3.37044899015e-04
3.52272727273e-01,5.32670454545e-01,3.26156645902e-04
3.75000000000e-01,5.32670454545e-01,3.15268392789e-04
3.97727272727e-01,5.32670454545e-01,2.63348361397e-04
4.20454545455e-01,5.32670454545e-01,2.11428330005e-04
4.43181818182e-01,5.32670454545e-01,1.54684164356e-04
4.65909090909e-01,5.32670454545e-01,8.34675959359e-05
4.88636363636e-01,5.32670454545e-01,1.22510275156e-05
5.11363636364e-01,5.32670454545e-01,-5.30699436917e-05
5.34090909091e-01,5.32670454545e-01,-1.12495317686e-04
5.56818181818e-01,5.32670454545e-01,-1.71920691680e-04
5.79545454545e-01,5.32670454545e-01,-2.03430418987e-04
6.02272727273e-01,5.32670454545e-01,-2.25634930731e-04
6.25000000000e-01,5.32670454545e-01,-2.47839442475e-04
6.47727272727e-01,5.32670454545e-01,-2.25306671235e-04
6.70454545455e-01,5.32670454545e-01,-2.02773899994e-04
6.93181818182e-01,5.32670454545e-01,-1.72552089111e-04
7.15909090909e-01,5.32670454545e-01,-1.19263159298e-04
7.38636363636e-01,5.32670454545e-01,-6.59742294854e-05
7.61363636364e-01,5.32670454545e-01,-1.16447413010e-05
7.84090909091e-01,5.32670454545e-01,4.37253052547e-05
8.06818181818e-01,5.32670454545e-01,9.90953518105e-05
8.29545454545e-01,5.32670454545e-01,1.33918093986e-04
8.52272727273e-01,5.32670454545e-01,1.61891734702e-04
8.75000000000e-01,5.32670454545e-01,1.89865375417e-04
8.97727272727e-01,5.32670454545e-01,1.74432893399e-04
9.20454545455e-01,5.32670454545e-01,1.59000411381e-04
9.43181818182e-01,5.32670454545e-01,1.34023681697e-04
9.65909090909e-01,5.32670454545e-01,8.04142090184e-05
9.88636363636e-01,5.32670454545e-01,2.68047363395e-05
1.13636363636e-02,5.46875000000e-01,-1.51404504268e-05
3.40909090909e-02,5.46875000000e-01,-4.54213512803e-05
5.68181818182e-02,5.46875000000e-01,-7.57022521339e-05
7.95454545455e-02,5.46875000000e-01,-7.29026742422e-05
1.02272727273e-01,5.46875000000e-01,-5.90762701021e-05
1.25000000000e-01,5.46875000000e-01,-4.52498659619e-05
1.47727272727e-01,5.46875000000e-01,2.54892732729e-06
1.70454545455e-01,5.46875000000e-01,5.03477206165e-05
1.93181818182e-01,5.46875000000e-01,9.99102063864e-05
2.15909090909e-01,5.46875000000e-01,1.54763769598e-04
2.38636363636e-01,5.46875000000e-01,2.09617332810e-04
2.61363636364e-01,5.46875000000e-01,2.52847230069e-04
2.84090909091e-01,5.46875000000e-01,2.84453461374e-04
3.06818181818e-01,5.46875000000e-01,3.16059692680e-04
3.29545454545e-01,5.46875000000e-01,3.16059590217e-04
3.52272727273e-01,5.46875000000e-01,3.05524043164e-04
3.75000000000e-01,5.46875000000e-01,2.94988496111e-04
3.97727272727e-01,5.46875000000e-01,2.43993651393e-04
4.20454545455e-01,5.46875000000e-01,1.92998806675e-04
4.43181818182e-01,5.46875000000e-01,1.37244908522e-04
4.65909090909e-01,5.46875000000e-01,6.72138500658e-05
4.88636363636e-01,5.46875000000e-01,-2.81720839036e-06
5.11363636364e-01,5.46875000000e-01,-6.69844933447e-05
5.34090909091e-01,5.46875000000e-01,-1.25288004797e-04
5.56818181818e-01,5.46875000000e-01,-1.83591516250e-04
5.79545454545e-01,5.46875000000e-01,-2.14199762345e-04
6.02272727273e-01,5.46875000000e-01,-2.35576253321e-04
6.25000000000e-01,5.46875000000e-01,-2.56952744297e-04
6.47727272727e-01,5.46875000000e-01,-2.33952281527e-04
6.70454545455e-01,5.46875000000e-01,-2.10951818758e-04
6.93181818182e-01,5.46875000000e-01,-1.80325271959e-04
7.15909090909e-01,5.46875000000e-01,-1.26820473073e-04
7.38636363636e-01,5.46875000000e-01,-7.33156741873e-05
7.61363636364e-01,5.46875000000e-01,-1.87804778850e-05
7.84090909091e-01,5.46875000000e-01,3.67851158338e-05
8.06818181818e-01,5.46875000000e-01,9.23507095525e-05
8.29545454545e-01,5.46875000000e-01,1.27544521478e-04
8.52272727273e-01,5.46875000000e-01,1.55947739471e-04
8.75000000000e-01,5.46875000000e-01,1.84350957465e-04
8.97727272727e-01,5.46875000000e-01,1.69743067259e-04
9.20454545455e-01,5.46875000000e-01,1.55135177052e-04
9.43181818182e-01,5.46875000000e-01,1.31072053997e-04
9.65909090909e-01,5.46875000000e-01,7.86432323984e-05
9.88636363636e-01,5.46875000000e-01,2.62144107995e-05
1.13636363636e-02,5.61079545455e-01,-1.62348589070e-05
3.40909090909e-02,5.61079545455e-01,-4.87045767210e-05
5.68181818182e-02,5.61079545455e-01,-8.11742945351e-05
7.95454545455e-02,5.61079545455e-01,-8.05203513545e-05
1.02272727273e-01,5.61079545455e-01,-6.88251878424e-05
1.25000000000e-01,5.61079545455e-01,-5.71300243304e-05
1.47727272727e-01,5.61079545455e-01,-1.11309981282e-05
1.70454545455e-01,5.61079545455e-01,3.48680280739e-05
1.93181818182e-01,5.61079545455e-01,8.27824906585e-05
2.15909090909e-01,5.61079545455e-01,1.36443262390e-04
2.38636363636e-01,5.61079545455e-01,1.90104034122e-04
2.61363636364e-01,5.61079545455e-01,2.32530236747e-04
2.84090909091e-01,5.61079545455e-01,2.63721870265e-04
3.06818181818e-01,5.61079545455e-01,2.94913503783e-04
3.29545454545e-01,5.61079545455e-01,2.95074281419e-04
3.52272727273e-01,5.61079545455e-01,2.84891440426e-04
3.75000000000e-01,5.61079545455e-01,2.74708599433e-04
3.97727272727e-01,5.61079545455e-01,2.24638941389e-04
4.20454545455e-01,5.61079545455e-01,1.74569283344e-04
4.43181818182e-01,5.61079545455e-01,1.19805652688e-04
4.65909090909e-01,5.61079545455e-01,5.09601041956e-05
4.88636363636e-01,5.61079545455e-01,-1.78854442963e-05
5.11363636364e-01,5.61079545455e-01,-8.08990429978e-05
5.34090909091e-01,5.61079545455e-01,-1.38080691909e-04
5.56818181818e-01,5.61079545455e-01,-1.95262340820e-04
5.79545454545e-01,5.61079545455e-01,-2.24969105703e-04
6.02272727273e-01,5.61079545455e-01,-2.45517575911e-04
6.25000000000e-01,5.61079545455e-01,-2.66066046119e-04
6.47727272727e-01,5.61079545455e-01,-2.42597891820e-04
6.70454545455e-01,5.61079545455e-01,-2.19129737521e-04
6.93181818182e-01,5.61079545455e-01,-1.88098454807e-04
7.15909090909e-01,5.61079545455e-01,-1.34377786848e-04
7.38636363636e-01,5.61079545455e-01,-8.06571188892e-05
7.61363636364e-01,5.61079545455e-01,-2.59162144689e-05
7.84090909091e-01,5.61079545455e-01,2.98449264128e-05
8.06818181818e-01,5.61079545455e-01,8.56060672945e-05
8.29545454545e-01,5.61079545455e-01,1.21170948969e-04
8.52272727273e-01,5.61079545455e-01,1.50003744241e-04
8.75000000000e-01,5.61079545455e-01,1.78836539513e-04
8.97727272727e-01,5.61079545455e-01,1.65053241118e-04
9.20454545455e-01,5.61079545455e-01,1.51269942723e-04
9.43181818182e-01,5.61079545455e-01,1.28120426297e-04
9.65909090909e-01,5.61079545455e-01,7.68722557783e-05
9.88636363636e-01,5.61079545455e-01,2.56240852594e-05
1.13636363636e-02,5.75284090909e-01,-1.60700861713e-05
3.40909090909e-02,5.75284090909e-01,-4.82102585139e-05
5.68181818182e-02,5.75284090909e-01,-8.03504308565e-05
7.95454545455e-02,5.75284090909e-01,-7.97178483648e-05
1.02272727273e-01,5.75284090909e-01,-6.81610142616e-05
1.25000000000e-01,5.75284090909e-01,-5.66041801585e-05
1.47727272727e-01,5.75284090909e-01,-1.10573352817e-05
1.70454545455e-01,5.75284090909e-01,3.44895095950e-05
1.93181818182e-01,5.75284090909e-01,8.19689541917e-05
2.15909090909e-01,5.75284090909e-01,1.35246197948e-04
2.38636363636e-01,5.75284090909e-01,1.88523441705e-04
2.61363636364e-01,5.75284090909e-01,2.30770844613e-04
2.84090909091e-01,5.75284090909e-01,2.61988406673e-04
3.06818181818e-01,5.75284090909e-01,2.93205968733e-04
3.29545454545e-01,5.75284090909e-01,2.93799210763e-04
3.52272727273e-01,5.75284090909e-01,2.84184346117e-04
3.75000000000e-01,5.75284090909e-01,2.74569481470e-04
3.97727272727e-01,5.75284090909e-01,2.25477027226e-04
4.20454545455e-01,5.75284090909e-01,1.76384572982e-04
4.43181818182e-01,5.75284090909e-01,1.22615741868e-04
4.65909090909e-01,5.75284090909e-01,5.48177801400e-05
4.88636363636e-01,5.75284090909e-01,-1.29801815875e-05
5.11363636364e-01,5.75284090909e-01,-7.51111029408e-05
5.34090909091e-01,5.75284090909e-01,-1.31574983920e-04
5.56818181818e-01,5.75284090909e-01,-1.88038864899e-04
5.79545454545e-01,5.75284090909e-01,-2.17494066000e-04
6.02272727273e-01,5.75284090909e-01,-2.37946373809e-04
6.25000000000e-01,5.75284090909e-01,-2.58398681618e-04
6.47727272727e-01,5.75284090909e-01,-2.35511917878e-04
6.70454545455e-01,5.75284090909e-01,-2.12625154138e-04
6.93181818182e-01,5.75284090909e-01,-1.82291117998e-04
7.15909090909e-01,5.75284090909e-01,-1.29615264656e-04
7.38636363636e-01,5.75284090909e-01,-7.69394113139e-05
7.61363636364e-01,5.75284090909e-01,-2.32705053788e-05
7.84090909091e-01,5.75284090909e-01,3.13914531493e-05
8.06818181818e-01,5.75284090909e-01,8.60534116774e-05
8.29545454545e-01,5.75284090909e-01,1.20811392500e-04
8.52272727273e-01,5.75284090909e-01,1.48934714087e-04
8.75000000000e-01,5.75284090909e-01,1.77058035674e-04
8.97727272727e-01,5.75284090909e-01,1.63247374004e-04
9.20454545455e-01,5.75284090909e-01,1.49436712335e-04
9.43181818182e-01,5.75284090909e-01,1.26435196438e-04
9.65909090909e-01,5.75284090909e-01,7.58611178631e-05
9.88636363636e-01,5.75284090909e-01,2.52870392877e-05
1.13636363636e-02,5.89488636364e-01,-1.57654044116e-05
3.40909090909e-02,5.89488636364e-01,-4.72962132348e-05
5.68181818182e-02,5.89488636364e-01,-7.88270220581e-05
7.95454545455e-02,5.89488636364e-01,-7.79797698082e-05
1.02272727273e-01,5.89488636364e-01,-6.63398305340e-05
1.25000000000e-01,5.89488636364e-01,-5.46998912598e-05
1.47727272727e-01,5.89488636364e-01,-9.45549595719e-06
1.70454545455e-01,5.89488636364e-01,3.57888993454e-05
1.93181818182e-01,5.89488636364e-01,8.29681043095e-05
2.15909090909e-01,5.89488636364e-01,1.35951738258e-04
2.38636363636e-01,5.89488636364e-01,1.88935372207e-04
2.61363636364e-01,5.89488636364e-01,2.31073408167e-04
2.84090909091e-01,5.89488636364e-01,2.62365846138e-04
3.06818181818e-01,5.89488636364e-01,2.93658284109e-04
3.29545454545e-01,5.89488636364e-01,2.94714166567e-04
3.52272727273e-01,5.89488636364e-01,2.85691197188e-04
3.75000000000e-01,5.89488636364e-01,2.76668227809e-04
3.97727272727e-01,5.89488636364e-01,2.28558757046e-04
4.20454545455e-01,5.89488636364e-01,1.80449286284e-04
4.43181818182e-01,5.89488636364e-01,1.27675758271e-04
4.65909090909e-01,5.89488636364e-01,6.09100585083e-05
4.88636363636e-01,5.89488636364e-01,-5.85564125493e-06
5.11363636364e-01,5.89488636364e-01,-6.71339973605e-05
5.34090909091e-01,5.89488636364e-01,-1.22925009808e-04
5.56818181818e-01,5.89488636364e-01,-1.78716022256e-04
5.79545454545e-01,5.89488636364e-01,-2.07991872624e-04
6.02272727273e-01,5.89488636364e-01,-2.28429335631e-04
6.25000000000e-01,5.89488636364e-01,-2.48866798638e-04
6.47727272727e-01,5.89488636364e-01,-2.26677990133e-04
6.70454545455e-01,5.89488636364e-01,-2.04489181628e-04
6.93181818182e-01,5.89488636364e-01,-1.74974834560e-04
7.15909090909e-01,5.89488636364e-01,-1.23483871801e-04
7.38636363636e-01,5.89488636364e-01,-7.19929090411e-05
7.61363636364e-01,5.89488636364e-01,-1.95379689917e-05
7.84090909091e-01,5.89488636364e-01,3.38809483477e-05
8.06818181818e-01,5.89488636364e-01,8.72998656872e-05
8.29545454545e-01,5.89488636364e-01,1.21120060035e-04
8.52272727273e-01,5.89488636364e-01,1.48407346719e-04
8.75000000000e-01,5.89488636364e-01,1.75694633403e-04
8.97727272727e-01,5.89488636364e-01,1.61761946782e-04
9.20454545455e-01,5.89488636364e-01,1.47829260162e-04
9.43181818182e-01,5.89488636364e-01,1.24890677451e-04
9.65909090909e-01,5.89488636364e-01,7.49344064706e-05
9.88636363636e-01,5.89488636364e-01,2.49781354902e-05
1.13636363636e-02,6.03693181818e-01,-1.54607226519e-05
3.40909090909e-02,6.03693181818e-01,-4.63821679557e-05
5.68181818182e-02,6.03693181818e-01,-7.73036132596e-05
7.95454545455e-02,6.03693181818e-01,-7.62416912516e-05
1.02272727273e-01,6.03693181818e-01,-6.45186468064e-05
1.25000000000e-01,6.03693181818e-01,-5.27956023612e-05
1.47727272727e-01,6.03693181818e-01,-7.85365663267e-06
1.70454545455e-01,6.03693181818e-01,3.70882890958e-05
1.93181818182e-01,6.03693181818e-01,8.39672544273e-05
2.15909090909e-01,6.03693181818e-01,1.36657278568e-04
2.38636363636e-01,6.03693181818e-01,1.89347302708e-04
2.61363636364e-01,6.03693181818e-01,2.31375971720e-04
2.84090909091e-01,6.03693181818e-01,2.62743285603e-04
3.06818181818e-01,6.03693181818e-01,2.94110599486e-04
3.29545454545e-01,6.03693181818e-01,2.95629122372e-04
3.52272727273e-01,6.03693181818e-01,2.87198048260e-04
3.75000000000e-01,6.03693181818e-01,2.78766974147e-04
3.97727272727e-01,6.03693181818e-01,2.31640486866e-04
4.20454545455e-01,6.03693181818e-01,1.84513999586e-04
4.43181818182e-01,6.03693181818e-01,1.32735774675e-04
4.65909090909e-01,6.03693181818e-01,6.70023368765e-05
4.88636363636e-01,6.03693181818e-01,1.26889907769e-06
5.11363636364e-01,6.03693181818e-01,-5.91568917802e-05
5.34090909091e-01,6.03693181818e-01,-1.14275035697e-04
5.56818181818e-01,6.03693181818e-01,-1.69393179614e-04
5.79545454545e-01,6.03693181818e-01,-1.98489679247e-04
6.02272727273e-01,6.03693181818e-01,-2.18912297452e-04
6.25000000000e-01,6.03693181818e-01,-2.39334915657e-04
6.47727272727e-01,6.03693181818e-01,-2.17844062388e-04
6.70454545455e-01,6.03693181818e-01,-1.96353209118e-04
6.93181818182e-01,6.03693181818e-01,-1.67658551122e-04
7.15909090909e-01,6.03693181818e-01,-1.17352478945e-04
7.38636363636e-01,6.03693181818e-01,-6.70464067683e-05
7.61363636364e-01,6.03693181818e-01,-1.58054326046e-05
7.84090909091e-01,6.03693181818e-01,3.63704435461e-05
8.06818181818e-01,6.03693181818e-01,8.85463196969e-05
8.29545454545e-01,6.03693181818e-01,1.21428727570e-04
8.52272727273e-01,6.03693181818e-01,1.47879979351e-04
8.75000000000e-01,6.03693181818e-01,1.74331231132e-04
8.97727272727e-01,6.03693181818e-01,1.60276519560e-04
9.20454545455e-01,6.03693181818e-01,1.46221807989e-04
9.43181818182e-01,6.03693181818e-01,1.23346158463e-04
9.65909090909e-01,6.03693181818e-01,7.40076950781e-05
9.88636363636e-01,6.03693181818e-01,2.46692316927e-05
1.13636363636e-02,6.17897727273e-01,-1.51560408922e-05
3.40909090909e-02,6.17897727273e-01,-4.54681226767e-05
5.68181818182e-02,6.17897727273e-01,-7.57802044611e-05
7.95454545455e-02,6.17897727273e-01,-7.45036126950e-05
1.02272727273e-01,6.17897727273e-01,-6.26974630788e-05
1.25000000000e-01,6.17897727273e-01,-5.08913134625e-05
1.47727272727e-01,6.17897727273e-01,-6.25181730814e-06
1.70454545455e-01,6.17897727273e-01,3.83876788462e-05
1.93181818182e-01,6.17897727273e-01,8.49664045451e-05
2.15909090909e-01,6.17897727273e-01,1.37362818878e-04
2.38636363636e-01,6.17897727273e-01,1.89759233210e-04
2.61363636364e-01,6.17897727273e-01,2.31678535273e-04
2.84090909091e-01,6.17897727273e-01,2.63120725068e-04
3.06818181818e-01,6.17897727273e-01,2.94562914862e-04
3.29545454545e-01,6.17897727273e-01,2.96544078177e-04
3.52272727273e-01,6.17897727273e-01,2.88704899331e-04
3.75000000000e-01,6.17897727273e-01,2.80865720486e-04
3.97727272727e-01,6.17897727273e-01,2.34722216686e-04
4.20454545455e-01,6.17897727273e-01,1.88578712887e-04
4.43181818182e-01,6.17897727273e-01,1.37795791079e-04
4.65909090909e-01,6.17897727273e-01,7.30946152447e-05
4.88636363636e-01,6.17897727273e-01,8.39343941031e-06
5.11363636364e-01,6.17897727273e-01,-5.11797861999e-05
5.34090909091e-01,6.17897727273e-01,-1.05625061586e-04
5.56818181818e-01,6.17897727273e-01,-1.60070336972e-04
5.79545454545e-01,6.17897727273e-01,-1.88987485871e-04
6.02272727273e-01,6.17897727273e-01,-2.09395259274e-04
6.25000000000e-01,6.17897727273e-01,-2.29803032677e-04
6.47727272727e-01,6.17897727273e-01,-2.09010134642e-04
6.70454545455e-01,6.17897727273e-01,-1.88217236608e-04
6.93181818182e-01,6.17897727273e-01,-1.60342267684e-04
7.15909090909e-01,6.17897727273e-01,-1.11221086090e-04
7.38636363636e-01,6.17897727273e-01,-6.20999044955e-05
7.61363636364e-01,6.17897727273e-01,-1.20728962175e-05
7.84090909091e-01,6.17897727273e-01,3.88599387446e-05
8.06818181818e-01,6.17897727273e-01,8.97927737066e-05
8.29545454545e-01,6.17897727273e-01,1.21737395105e-04
8.52272727273e-01,6.17897727273e-01,1.47352611983e-04
8.75000000000e-01,6.17897727273e-01,1.72967828861e-04
8.97727272727e-01,6.17897727273e-01,1.58791092338e-04
9.20454545455e-01,6.17897727273e-01,1.44614355816e-04
9.43181818182e-01,6.17897727273e-01,1.21801639476e-04
9.65909090909e-01,6.17897727273e-01,7.30809836856e-05
9.88636363636e-01,6.17897727273e-01,2.43603278952e-05
