>>> A/B lean physics: seed 92 = FULL block, seed 93 = LEAN  2026-09-01 08:59:51
2026-09-01 09:00:15,397 [oasis.registry] INFO: Loaded discovered config: 5 backends
2026-09-01 09:00:15,399 [oasis.registry] INFO: Registered backend: 4C Multiphysics (fourc)
2026-09-01 09:00:15,400 [oasis.registry] INFO: Registered backend: FEniCSx (dolfinx) (fenics)
2026-09-01 09:00:15,400 [oasis.registry] INFO: Registered backend: deal.II (dealii)
2026-09-01 09:00:15,403 [oasis.registry] INFO: Registered backend: FEBio (febio)
2026-09-01 09:00:15,406 [oasis.registry] INFO: Registered backend: NGSolve (ngsolve)
2026-09-01 09:00:15,406 [oasis.ngsolve] INFO: NGSolve backend registered
2026-09-01 09:00:15,408 [oasis.registry] INFO: Registered backend: scikit-fem (skfem)
2026-09-01 09:00:15,408 [oasis.skfem] INFO: scikit-fem backend registered
2026-09-01 09:00:15,412 [oasis.registry] INFO: Registered backend: Kratos Multiphysics (kratos)
2026-09-01 09:00:15,412 [oasis.kratos] INFO: Kratos Multiphysics backend registered
2026-09-01 09:00:15,415 [oasis.registry] INFO: Registered backend: DUNE-fem (dune)
2026-09-01 09:00:15,415 [oasis.dune] INFO: DUNE-fem backend registered
2026-09-01 09:00:15,419 [oasis.registry] INFO: Registered backend: SPARTA (DSMC) (sparta)
2026-09-01 09:00:15,420 [oasis.sparta] INFO: SPARTA (DSMC) backend registered
2026-09-01 09:00:15,420 [oasis] INFO: Starting OASiS MCP server
2026-09-01 09:00:15,427 [mcp.server.lowlevel.server] INFO: Processing request of type ListToolsRequest
2026-09-01 09:00:15,433 [oasis.registry] INFO: Loaded discovered config: 5 backends
2026-09-01 09:00:15,435 [oasis.registry] INFO: Registered backend: 4C Multiphysics (fourc)
2026-09-01 09:00:15,436 [oasis.registry] INFO: Registered backend: FEniCSx (dolfinx) (fenics)
2026-09-01 09:00:15,437 [oasis.registry] INFO: Registered backend: deal.II (dealii)
2026-09-01 09:00:15,440 [oasis.registry] INFO: Registered backend: FEBio (febio)
2026-09-01 09:00:15,443 [oasis.registry] INFO: Registered backend: NGSolve (ngsolve)
2026-09-01 09:00:15,443 [oasis.ngsolve] INFO: NGSolve backend registered
2026-09-01 09:00:15,446 [oasis.registry] INFO: Registered backend: scikit-fem (skfem)
2026-09-01 09:00:15,446 [oasis.skfem] INFO: scikit-fem backend registered
2026-09-01 09:00:15,451 [oasis.registry] INFO: Registered backend: Kratos Multiphysics (kratos)
2026-09-01 09:00:15,451 [oasis.kratos] INFO: Kratos Multiphysics backend registered
2026-09-01 09:00:15,454 [oasis.registry] INFO: Registered backend: DUNE-fem (dune)
2026-09-01 09:00:15,454 [oasis.dune] INFO: DUNE-fem backend registered
2026-09-01 09:00:15,461 [oasis.registry] INFO: Registered backend: SPARTA (DSMC) (sparta)
2026-09-01 09:00:15,461 [oasis.sparta] INFO: SPARTA (DSMC) backend registered
2026-09-01 09:00:15,461 [oasis] INFO: Starting OASiS MCP server
2026-09-01 09:00:15,471 [mcp.server.lowlevel.server] INFO: Processing request of type ListToolsRequest
2026-09-01 09:00:15,549 [oasis.registry] INFO: Loaded discovered config: 5 backends
2026-09-01 09:00:15,551 [oasis.registry] INFO: Registered backend: 4C Multiphysics (fourc)
2026-09-01 09:00:15,551 [oasis.registry] INFO: Registered backend: FEniCSx (dolfinx) (fenics)
2026-09-01 09:00:15,552 [oasis.registry] INFO: Registered backend: deal.II (dealii)
2026-09-01 09:00:15,555 [oasis.registry] INFO: Registered backend: FEBio (febio)
2026-09-01 09:00:15,558 [oasis.registry] INFO: Registered backend: NGSolve (ngsolve)
2026-09-01 09:00:15,558 [oasis.ngsolve] INFO: NGSolve backend registered
2026-09-01 09:00:15,561 [oasis.registry] INFO: Registered backend: scikit-fem (skfem)
2026-09-01 09:00:15,561 [oasis.skfem] INFO: scikit-fem backend registered
2026-09-01 09:00:15,566 [oasis.registry] INFO: Registered backend: Kratos Multiphysics (kratos)
2026-09-01 09:00:15,566 [oasis.kratos] INFO: Kratos Multiphysics backend registered
2026-09-01 09:00:15,568 [oasis.registry] INFO: Registered backend: DUNE-fem (dune)
2026-09-01 09:00:15,568 [oasis.dune] INFO: DUNE-fem backend registered
2026-09-01 09:00:15,573 [oasis.registry] INFO: Registered backend: SPARTA (DSMC) (sparta)
2026-09-01 09:00:15,573 [oasis.sparta] INFO: SPARTA (DSMC) backend registered
2026-09-01 09:00:15,573 [oasis] INFO: Starting OASiS MCP server
2026-09-01 09:00:15,581 [mcp.server.lowlevel.server] INFO: Processing request of type ListToolsRequest
2026-09-01 09:00:15,697 [oasis.registry] INFO: Loaded discovered config: 5 backends
2026-09-01 09:00:15,700 [oasis.registry] INFO: Registered backend: 4C Multiphysics (fourc)
2026-09-01 09:00:15,700 [oasis.registry] INFO: Registered backend: FEniCSx (dolfinx) (fenics)
2026-09-01 09:00:15,701 [oasis.registry] INFO: Registered backend: deal.II (dealii)
2026-09-01 09:00:15,704 [oasis.registry] INFO: Registered backend: FEBio (febio)
2026-09-01 09:00:15,707 [oasis.registry] INFO: Registered backend: NGSolve (ngsolve)
2026-09-01 09:00:15,707 [oasis.ngsolve] INFO: NGSolve backend registered
2026-09-01 09:00:15,710 [oasis.registry] INFO: Registered backend: scikit-fem (skfem)
2026-09-01 09:00:15,710 [oasis.skfem] INFO: scikit-fem backend registered
2026-09-01 09:00:15,714 [oasis.registry] INFO: Registered backend: Kratos Multiphysics (kratos)
2026-09-01 09:00:15,714 [oasis.kratos] INFO: Kratos Multiphysics backend registered
2026-09-01 09:00:15,716 [oasis.registry] INFO: Registered backend: DUNE-fem (dune)
2026-09-01 09:00:15,716 [oasis.dune] INFO: DUNE-fem backend registered
2026-09-01 09:00:15,721 [oasis.registry] INFO: Registered backend: SPARTA (DSMC) (sparta)
2026-09-01 09:00:15,722 [oasis.sparta] INFO: SPARTA (DSMC) backend registered
2026-09-01 09:00:15,722 [oasis] INFO: Starting OASiS MCP server
2026-09-01 09:00:15,730 [mcp.server.lowlevel.server] INFO: Processing request of type ListToolsRequest
2026-09-01 09:00:15,888 [oasis.registry] INFO: Loaded discovered config: 5 backends
2026-09-01 09:00:15,891 [oasis.registry] INFO: Registered backend: 4C Multiphysics (fourc)
2026-09-01 09:00:15,892 [oasis.registry] INFO: Registered backend: FEniCSx (dolfinx) (fenics)
2026-09-01 09:00:15,892 [oasis.registry] INFO: Registered backend: deal.II (dealii)
2026-09-01 09:00:15,896 [oasis.registry] INFO: Registered backend: FEBio (febio)
2026-09-01 09:00:15,900 [oasis.registry] INFO: Registered backend: NGSolve (ngsolve)
2026-09-01 09:00:15,900 [oasis.ngsolve] INFO: NGSolve backend registered
2026-09-01 09:00:15,903 [oasis.registry] INFO: Registered backend: scikit-fem (skfem)
2026-09-01 09:00:15,903 [oasis.skfem] INFO: scikit-fem backend registered
2026-09-01 09:00:15,908 [oasis.registry] INFO: Registered backend: Kratos Multiphysics (kratos)
2026-09-01 09:00:15,908 [oasis.kratos] INFO: Kratos Multiphysics backend registered
2026-09-01 09:00:15,912 [oasis.registry] INFO: Registered backend: DUNE-fem (dune)
2026-09-01 09:00:15,912 [oasis.dune] INFO: DUNE-fem backend registered
2026-09-01 09:00:15,919 [oasis.registry] INFO: Registered backend: SPARTA (DSMC) (sparta)
2026-09-01 09:00:15,919 [oasis.sparta] INFO: SPARTA (DSMC) backend registered
2026-09-01 09:00:15,919 [oasis] INFO: Starting OASiS MCP server
2026-09-01 09:00:15,929 [mcp.server.lowlevel.server] INFO: Processing request of type ListToolsRequest
2026-09-01 09:00:15,992 [oasis.registry] INFO: Loaded discovered config: 5 backends
2026-09-01 09:00:15,994 [oasis.registry] INFO: Registered backend: 4C Multiphysics (fourc)
2026-09-01 09:00:15,995 [oasis.registry] INFO: Registered backend: FEniCSx (dolfinx) (fenics)
2026-09-01 09:00:15,995 [oasis.registry] INFO: Registered backend: deal.II (dealii)
2026-09-01 09:00:15,998 [oasis.registry] INFO: Registered backend: FEBio (febio)
2026-09-01 09:00:16,001 [oasis.registry] INFO: Registered backend: NGSolve (ngsolve)
2026-09-01 09:00:16,001 [oasis.ngsolve] INFO: NGSolve backend registered
2026-09-01 09:00:16,004 [oasis.registry] INFO: Registered backend: scikit-fem (skfem)
2026-09-01 09:00:16,004 [oasis.skfem] INFO: scikit-fem backend registered
2026-09-01 09:00:16,009 [oasis.registry] INFO: Registered backend: Kratos Multiphysics (kratos)
2026-09-01 09:00:16,009 [oasis.kratos] INFO: Kratos Multiphysics backend registered
2026-09-01 09:00:16,012 [oasis.registry] INFO: Registered backend: DUNE-fem (dune)
2026-09-01 09:00:16,012 [oasis.dune] INFO: DUNE-fem backend registered
2026-09-01 09:00:16,018 [oasis.registry] INFO: Registered backend: SPARTA (DSMC) (sparta)
2026-09-01 09:00:16,018 [oasis.sparta] INFO: SPARTA (DSMC) backend registered
2026-09-01 09:00:16,018 [oasis] INFO: Starting OASiS MCP server
2026-09-01 09:00:16,026 [mcp.server.lowlevel.server] INFO: Processing request of type ListToolsRequest
2026-09-01 09:00:29,751 [oasis.registry] INFO: Loaded discovered config: 5 backends
2026-09-01 09:00:29,753 [oasis.registry] INFO: Registered backend: 4C Multiphysics (fourc)
2026-09-01 09:00:29,754 [oasis.registry] INFO: Registered backend: FEniCSx (dolfinx) (fenics)
2026-09-01 09:00:29,754 [oasis.registry] INFO: Registered backend: deal.II (dealii)
2026-09-01 09:00:29,757 [oasis.registry] INFO: Registered backend: FEBio (febio)
2026-09-01 09:00:29,760 [oasis.registry] INFO: Registered backend: NGSolve (ngsolve)
2026-09-01 09:00:29,760 [oasis.ngsolve] INFO: NGSolve backend registered
2026-09-01 09:00:29,763 [oasis.registry] INFO: Registered backend: scikit-fem (skfem)
2026-09-01 09:00:29,763 [oasis.skfem] INFO: scikit-fem backend registered
2026-09-01 09:00:29,768 [oasis.registry] INFO: Registered backend: Kratos Multiphysics (kratos)
2026-09-01 09:00:29,768 [oasis.kratos] INFO: Kratos Multiphysics backend registered
2026-09-01 09:00:29,770 [oasis.registry] INFO: Registered backend: DUNE-fem (dune)
2026-09-01 09:00:29,770 [oasis.dune] INFO: DUNE-fem backend registered
2026-09-01 09:00:29,775 [oasis.registry] INFO: Registered backend: SPARTA (DSMC) (sparta)
2026-09-01 09:00:29,775 [oasis.sparta] INFO: SPARTA (DSMC) backend registered
2026-09-01 09:00:29,775 [oasis] INFO: Starting OASiS MCP server
2026-09-01 09:00:29,782 [mcp.server.lowlevel.server] INFO: Processing request of type CallToolRequest
2026-09-01 09:00:30,101 [oasis.registry] INFO: Loaded discovered config: 5 backends
2026-09-01 09:00:30,103 [oasis.registry] INFO: Registered backend: 4C Multiphysics (fourc)
2026-09-01 09:00:30,104 [oasis.registry] INFO: Registered backend: FEniCSx (dolfinx) (fenics)
2026-09-01 09:00:30,104 [oasis.registry] INFO: Registered backend: deal.II (dealii)
2026-09-01 09:00:30,108 [oasis.registry] INFO: Registered backend: FEBio (febio)
2026-09-01 09:00:30,110 [oasis.registry] INFO: Registered backend: NGSolve (ngsolve)
2026-09-01 09:00:30,110 [oasis.ngsolve] INFO: NGSolve backend registered
2026-09-01 09:00:30,113 [oasis.registry] INFO: Registered backend: scikit-fem (skfem)
2026-09-01 09:00:30,113 [oasis.skfem] INFO: scikit-fem backend registered
2026-09-01 09:00:30,116 [oasis.registry] INFO: Registered backend: Kratos Multiphysics (kratos)
2026-09-01 09:00:30,116 [oasis.kratos] INFO: Kratos Multiphysics backend registered
2026-09-01 09:00:30,119 [oasis.registry] INFO: Registered backend: DUNE-fem (dune)
2026-09-01 09:00:30,119 [oasis.dune] INFO: DUNE-fem backend registered
2026-09-01 09:00:30,124 [oasis.registry] INFO: Registered backend: SPARTA (DSMC) (sparta)
2026-09-01 09:00:30,124 [oasis.sparta] INFO: SPARTA (DSMC) backend registered
2026-09-01 09:00:30,124 [oasis] INFO: Starting OASiS MCP server
2026-09-01 09:00:30,132 [mcp.server.lowlevel.server] INFO: Processing request of type CallToolRequest
2026-09-01 09:00:33,210 [mcp.server.lowlevel.server] INFO: Processing request of type ListToolsRequest
2026-09-01 09:00:33,218 [oasis] INFO: Session journal saved: /home/alexander/Schreibtisch/ofa-v2/data/sessions/session_e2b29e8e-e174-47d1-8370-088d75ae0c78.json (1 events)
2026-09-01 09:00:33,668 [mcp.server.lowlevel.server] INFO: Processing request of type ListToolsRequest
2026-09-01 09:00:33,677 [oasis] INFO: Session journal saved: /home/alexander/Schreibtisch/ofa-v2/data/sessions/session_869c6904-b1b7-4a47-8033-cc02a97786ee.json (1 events)
2026-09-01 09:00:35,159 [oasis.registry] INFO: Loaded discovered config: 5 backends
2026-09-01 09:00:35,161 [oasis.registry] INFO: Registered backend: 4C Multiphysics (fourc)
2026-09-01 09:00:35,161 [oasis.registry] INFO: Registered backend: FEniCSx (dolfinx) (fenics)
2026-09-01 09:00:35,162 [oasis.registry] INFO: Registered backend: deal.II (dealii)
2026-09-01 09:00:35,165 [oasis.registry] INFO: Registered backend: FEBio (febio)
2026-09-01 09:00:35,167 [oasis.registry] INFO: Registered backend: NGSolve (ngsolve)
2026-09-01 09:00:35,167 [oasis.ngsolve] INFO: NGSolve backend registered
2026-09-01 09:00:35,170 [oasis.registry] INFO: Registered backend: scikit-fem (skfem)
2026-09-01 09:00:35,170 [oasis.skfem] INFO: scikit-fem backend registered
2026-09-01 09:00:35,174 [oasis.registry] INFO: Registered backend: Kratos Multiphysics (kratos)
2026-09-01 09:00:35,174 [oasis.kratos] INFO: Kratos Multiphysics backend registered
2026-09-01 09:00:35,176 [oasis.registry] INFO: Registered backend: DUNE-fem (dune)
2026-09-01 09:00:35,176 [oasis.dune] INFO: DUNE-fem backend registered
2026-09-01 09:00:35,181 [oasis.registry] INFO: Registered backend: SPARTA (DSMC) (sparta)
2026-09-01 09:00:35,181 [oasis.sparta] INFO: SPARTA (DSMC) backend registered
2026-09-01 09:00:35,181 [oasis] INFO: Starting OASiS MCP server
2026-09-01 09:00:35,189 [mcp.server.lowlevel.server] INFO: Processing request of type CallToolRequest
2026-09-01 09:00:38,539 [mcp.server.lowlevel.server] INFO: Processing request of type ListToolsRequest
2026-09-01 09:00:38,548 [oasis] INFO: Session journal saved: /home/alexander/Schreibtisch/ofa-v2/data/sessions/session_7de89fe9-01d9-49b7-b834-8898e5e12d34.json (1 events)
2026-09-01 09:00:38,602 [oasis.registry] INFO: Loaded discovered config: 5 backends
2026-09-01 09:00:38,604 [oasis.registry] INFO: Registered backend: 4C Multiphysics (fourc)
2026-09-01 09:00:38,605 [oasis.registry] INFO: Registered backend: FEniCSx (dolfinx) (fenics)
2026-09-01 09:00:38,605 [oasis.registry] INFO: Registered backend: deal.II (dealii)
2026-09-01 09:00:38,608 [oasis.registry] INFO: Registered backend: FEBio (febio)
2026-09-01 09:00:38,611 [oasis.registry] INFO: Registered backend: NGSolve (ngsolve)
2026-09-01 09:00:38,611 [oasis.ngsolve] INFO: NGSolve backend registered
2026-09-01 09:00:38,613 [oasis.registry] INFO: Registered backend: scikit-fem (skfem)
2026-09-01 09:00:38,613 [oasis.skfem] INFO: scikit-fem backend registered
2026-09-01 09:00:38,617 [oasis.registry] INFO: Registered backend: Kratos Multiphysics (kratos)
2026-09-01 09:00:38,617 [oasis.kratos] INFO: Kratos Multiphysics backend registered
2026-09-01 09:00:38,619 [oasis.registry] INFO: Registered backend: DUNE-fem (dune)
2026-09-01 09:00:38,619 [oasis.dune] INFO: DUNE-fem backend registered
2026-09-01 09:00:38,625 [oasis.registry] INFO: Registered backend: SPARTA (DSMC) (sparta)
2026-09-01 09:00:38,625 [oasis.sparta] INFO: SPARTA (DSMC) backend registered
2026-09-01 09:00:38,625 [oasis] INFO: Starting OASiS MCP server
2026-09-01 09:00:38,632 [mcp.server.lowlevel.server] INFO: Processing request of type CallToolRequest
2026-09-01 09:00:41,894 [mcp.server.lowlevel.server] INFO: Processing request of type ListToolsRequest
2026-09-01 09:00:41,903 [oasis] INFO: Session journal saved: /home/alexander/Schreibtisch/ofa-v2/data/sessions/session_76a05342-75b2-4337-9e01-79f8d1e26ed7.json (1 events)
2026-09-01 09:00:45,038 [oasis.registry] INFO: Loaded discovered config: 5 backends
2026-09-01 09:00:45,040 [oasis.registry] INFO: Registered backend: 4C Multiphysics (fourc)
2026-09-01 09:00:45,041 [oasis.registry] INFO: Registered backend: FEniCSx (dolfinx) (fenics)
2026-09-01 09:00:45,041 [oasis.registry] INFO: Registered backend: deal.II (dealii)
2026-09-01 09:00:45,044 [oasis.registry] INFO: Registered backend: FEBio (febio)
2026-09-01 09:00:45,047 [oasis.registry] INFO: Registered backend: NGSolve (ngsolve)
2026-09-01 09:00:45,047 [oasis.ngsolve] INFO: NGSolve backend registered
2026-09-01 09:00:45,049 [oasis.registry] INFO: Registered backend: scikit-fem (skfem)
2026-09-01 09:00:45,049 [oasis.skfem] INFO: scikit-fem backend registered
2026-09-01 09:00:45,053 [oasis.registry] INFO: Registered backend: Kratos Multiphysics (kratos)
2026-09-01 09:00:45,053 [oasis.kratos] INFO: Kratos Multiphysics backend registered
2026-09-01 09:00:45,055 [oasis.registry] INFO: Registered backend: DUNE-fem (dune)
2026-09-01 09:00:45,055 [oasis.dune] INFO: DUNE-fem backend registered
2026-09-01 09:00:45,060 [oasis.registry] INFO: Registered backend: SPARTA (DSMC) (sparta)
2026-09-01 09:00:45,060 [oasis.sparta] INFO: SPARTA (DSMC) backend registered
2026-09-01 09:00:45,060 [oasis] INFO: Starting OASiS MCP server
2026-09-01 09:00:45,067 [mcp.server.lowlevel.server] INFO: Processing request of type CallToolRequest
2026-09-01 09:00:46,462 [oasis.registry] INFO: Loaded discovered config: 5 backends
2026-09-01 09:00:46,464 [oasis.registry] INFO: Registered backend: 4C Multiphysics (fourc)
2026-09-01 09:00:46,465 [oasis.registry] INFO: Registered backend: FEniCSx (dolfinx) (fenics)
2026-09-01 09:00:46,465 [oasis.registry] INFO: Registered backend: deal.II (dealii)
2026-09-01 09:00:46,468 [oasis.registry] INFO: Registered backend: FEBio (febio)
2026-09-01 09:00:46,471 [oasis.registry] INFO: Registered backend: NGSolve (ngsolve)
2026-09-01 09:00:46,471 [oasis.ngsolve] INFO: NGSolve backend registered
2026-09-01 09:00:46,474 [oasis.registry] INFO: Registered backend: scikit-fem (skfem)
2026-09-01 09:00:46,474 [oasis.skfem] INFO: scikit-fem backend registered
2026-09-01 09:00:46,477 [oasis.registry] INFO: Registered backend: Kratos Multiphysics (kratos)
2026-09-01 09:00:46,477 [oasis.kratos] INFO: Kratos Multiphysics backend registered
2026-09-01 09:00:46,480 [oasis.registry] INFO: Registered backend: DUNE-fem (dune)
2026-09-01 09:00:46,480 [oasis.dune] INFO: DUNE-fem backend registered
2026-09-01 09:00:46,485 [oasis.registry] INFO: Registered backend: SPARTA (DSMC) (sparta)
2026-09-01 09:00:46,485 [oasis.sparta] INFO: SPARTA (DSMC) backend registered
2026-09-01 09:00:46,485 [oasis] INFO: Starting OASiS MCP server
2026-09-01 09:00:46,492 [mcp.server.lowlevel.server] INFO: Processing request of type CallToolRequest
2026-09-01 09:00:48,533 [mcp.server.lowlevel.server] INFO: Processing request of type ListToolsRequest
2026-09-01 09:00:48,541 [oasis] INFO: Session journal saved: /home/alexander/Schreibtisch/ofa-v2/data/sessions/session_9861e013-6d51-435c-9c41-23b5229b26c3.json (1 events)
2026-09-01 09:00:49,838 [mcp.server.lowlevel.server] INFO: Processing request of type ListToolsRequest
2026-09-01 09:00:49,844 [oasis] INFO: Session journal saved: /home/alexander/Schreibtisch/ofa-v2/data/sessions/session_6fe87e16-f806-4378-a40c-43697d2a887f.json (1 events)
2026-09-01 09:00:53,757 [oasis.registry] INFO: Loaded discovered config: 5 backends
2026-09-01 09:00:53,759 [oasis.registry] INFO: Registered backend: 4C Multiphysics (fourc)
2026-09-01 09:00:53,760 [oasis.registry] INFO: Registered backend: FEniCSx (dolfinx) (fenics)
2026-09-01 09:00:53,760 [oasis.registry] INFO: Registered backend: deal.II (dealii)
2026-09-01 09:00:53,763 [oasis.registry] INFO: Registered backend: FEBio (febio)
2026-09-01 09:00:53,766 [oasis.registry] INFO: Registered backend: NGSolve (ngsolve)
2026-09-01 09:00:53,766 [oasis.ngsolve] INFO: NGSolve backend registered
2026-09-01 09:00:53,768 [oasis.registry] INFO: Registered backend: scikit-fem (skfem)
2026-09-01 09:00:53,768 [oasis.skfem] INFO: scikit-fem backend registered
2026-09-01 09:00:53,772 [oasis.registry] INFO: Registered backend: Kratos Multiphysics (kratos)
2026-09-01 09:00:53,772 [oasis.kratos] INFO: Kratos Multiphysics backend registered
2026-09-01 09:00:53,774 [oasis.registry] INFO: Registered backend: DUNE-fem (dune)
2026-09-01 09:00:53,774 [oasis.dune] INFO: DUNE-fem backend registered
2026-09-01 09:00:53,779 [oasis.registry] INFO: Registered backend: SPARTA (DSMC) (sparta)
2026-09-01 09:00:53,779 [oasis.sparta] INFO: SPARTA (DSMC) backend registered
2026-09-01 09:00:53,779 [oasis] INFO: Starting OASiS MCP server
2026-09-01 09:00:53,786 [mcp.server.lowlevel.server] INFO: Processing request of type CallToolRequest
2026-09-01 09:00:53,790 [mcp.server.lowlevel.server] INFO: Processing request of type ListToolsRequest
2026-09-01 09:00:57,148 [oasis.registry] INFO: Loaded discovered config: 5 backends
2026-09-01 09:00:57,151 [oasis.registry] INFO: Registered backend: 4C Multiphysics (fourc)
2026-09-01 09:00:57,151 [oasis.registry] INFO: Registered backend: FEniCSx (dolfinx) (fenics)
2026-09-01 09:00:57,152 [oasis.registry] INFO: Registered backend: deal.II (dealii)
2026-09-01 09:00:57,156 [oasis.registry] INFO: Registered backend: FEBio (febio)
2026-09-01 09:00:57,159 [oasis.registry] INFO: Registered backend: NGSolve (ngsolve)
2026-09-01 09:00:57,159 [oasis.ngsolve] INFO: NGSolve backend registered
2026-09-01 09:00:57,166 [oasis.registry] INFO: Registered backend: scikit-fem (skfem)
2026-09-01 09:00:57,166 [oasis.skfem] INFO: scikit-fem backend registered
2026-09-01 09:00:57,170 [oasis.registry] INFO: Registered backend: Kratos Multiphysics (kratos)
2026-09-01 09:00:57,170 [oasis.kratos] INFO: Kratos Multiphysics backend registered
2026-09-01 09:00:57,177 [oasis.registry] INFO: Registered backend: DUNE-fem (dune)
2026-09-01 09:00:57,178 [oasis.dune] INFO: DUNE-fem backend registered
2026-09-01 09:00:57,187 [oasis.registry] INFO: Registered backend: SPARTA (DSMC) (sparta)
2026-09-01 09:00:57,187 [oasis.sparta] INFO: SPARTA (DSMC) backend registered
2026-09-01 09:00:57,187 [oasis] INFO: Starting OASiS MCP server
2026-09-01 09:00:57,201 [mcp.server.lowlevel.server] INFO: Processing request of type CallToolRequest
2026-09-01 09:00:57,209 [mcp.server.lowlevel.server] INFO: Processing request of type ListToolsRequest
2026-09-01 09:00:57,253 [oasis.registry] INFO: Loaded discovered config: 5 backends
2026-09-01 09:00:57,255 [oasis.registry] INFO: Registered backend: 4C Multiphysics (fourc)
2026-09-01 09:00:57,256 [oasis.registry] INFO: Registered backend: FEniCSx (dolfinx) (fenics)
2026-09-01 09:00:57,256 [oasis.registry] INFO: Registered backend: deal.II (dealii)
2026-09-01 09:00:57,259 [oasis.registry] INFO: Registered backend: FEBio (febio)
2026-09-01 09:00:57,262 [oasis.registry] INFO: Registered backend: NGSolve (ngsolve)
2026-09-01 09:00:57,262 [oasis.ngsolve] INFO: NGSolve backend registered
2026-09-01 09:00:57,264 [oasis.registry] INFO: Registered backend: scikit-fem (skfem)
2026-09-01 09:00:57,264 [oasis.skfem] INFO: scikit-fem backend registered
2026-09-01 09:00:57,268 [oasis.registry] INFO: Registered backend: Kratos Multiphysics (kratos)
2026-09-01 09:00:57,268 [oasis.kratos] INFO: Kratos Multiphysics backend registered
2026-09-01 09:00:57,270 [oasis.registry] INFO: Registered backend: DUNE-fem (dune)
2026-09-01 09:00:57,270 [oasis.dune] INFO: DUNE-fem backend registered
2026-09-01 09:00:57,275 [oasis.registry] INFO: Registered backend: SPARTA (DSMC) (sparta)
2026-09-01 09:00:57,276 [oasis.sparta] INFO: SPARTA (DSMC) backend registered
2026-09-01 09:00:57,276 [oasis] INFO: Starting OASiS MCP server
2026-09-01 09:00:57,283 [mcp.server.lowlevel.server] INFO: Processing request of type CallToolRequest
2026-09-01 09:00:57,288 [mcp.server.lowlevel.server] INFO: Processing request of type ListToolsRequest
2026-09-01 09:00:57,294 [oasis] INFO: Session journal saved: /home/alexander/Schreibtisch/ofa-v2/data/sessions/session_17e2aa98-5e86-4001-a5ca-f282fcfb294f.json (1 events)
2026-09-01 09:00:57,475 [oasis.registry] INFO: Loaded discovered config: 5 backends
2026-09-01 09:00:57,477 [oasis.registry] INFO: Registered backend: 4C Multiphysics (fourc)
2026-09-01 09:00:57,478 [oasis.registry] INFO: Registered backend: FEniCSx (dolfinx) (fenics)
2026-09-01 09:00:57,478 [oasis.registry] INFO: Registered backend: deal.II (dealii)
2026-09-01 09:00:57,482 [oasis.registry] INFO: Registered backend: FEBio (febio)
2026-09-01 09:00:57,484 [oasis.registry] INFO: Registered backend: NGSolve (ngsolve)
2026-09-01 09:00:57,484 [oasis.ngsolve] INFO: NGSolve backend registered
2026-09-01 09:00:57,487 [oasis.registry] INFO: Registered backend: scikit-fem (skfem)
2026-09-01 09:00:57,487 [oasis.skfem] INFO: scikit-fem backend registered
2026-09-01 09:00:57,490 [oasis.registry] INFO: Registered backend: Kratos Multiphysics (kratos)
2026-09-01 09:00:57,490 [oasis.kratos] INFO: Kratos Multiphysics backend registered
2026-09-01 09:00:57,493 [oasis.registry] INFO: Registered backend: DUNE-fem (dune)
2026-09-01 09:00:57,493 [oasis.dune] INFO: DUNE-fem backend registered
2026-09-01 09:00:57,498 [oasis.registry] INFO: Registered backend: SPARTA (DSMC) (sparta)
2026-09-01 09:00:57,498 [oasis.sparta] INFO: SPARTA (DSMC) backend registered
2026-09-01 09:00:57,498 [oasis] INFO: Starting OASiS MCP server
2026-09-01 09:00:57,505 [mcp.server.lowlevel.server] INFO: Processing request of type CallToolRequest
2026-09-01 09:00:57,544 [mcp.server.lowlevel.server] INFO: Processing request of type ListToolsRequest
2026-09-01 09:00:57,551 [oasis] INFO: Session journal saved: /home/alexander/Schreibtisch/ofa-v2/data/sessions/session_78d064bf-d431-4969-9b89-beb1c90932b8.json (1 events)
2026-09-01 09:01:13,268 [oasis.registry] INFO: Loaded discovered config: 5 backends
2026-09-01 09:01:13,268 [oasis.registry] INFO: Loaded discovered config: 5 backends
2026-09-01 09:01:13,270 [oasis.registry] INFO: Registered backend: 4C Multiphysics (fourc)
2026-09-01 09:01:13,270 [oasis.registry] INFO: Registered backend: 4C Multiphysics (fourc)
2026-09-01 09:01:13,271 [oasis.registry] INFO: Registered backend: FEniCSx (dolfinx) (fenics)
2026-09-01 09:01:13,271 [oasis.registry] INFO: Registered backend: FEniCSx (dolfinx) (fenics)
2026-09-01 09:01:13,271 [oasis.registry] INFO: Registered backend: deal.II (dealii)
2026-09-01 09:01:13,271 [oasis.registry] INFO: Registered backend: deal.II (dealii)
2026-09-01 09:01:13,274 [oasis.registry] INFO: Registered backend: FEBio (febio)
2026-09-01 09:01:13,274 [oasis.registry] INFO: Registered backend: FEBio (febio)
2026-09-01 09:01:13,275 [oasis.registry] INFO: Loaded discovered config: 5 backends
2026-09-01 09:01:13,277 [oasis.registry] INFO: Registered backend: 4C Multiphysics (fourc)
2026-09-01 09:01:13,277 [oasis.registry] INFO: Registered backend: NGSolve (ngsolve)
2026-09-01 09:01:13,277 [oasis.registry] INFO: Registered backend: NGSolve (ngsolve)
2026-09-01 09:01:13,277 [oasis.registry] INFO: Registered backend: FEniCSx (dolfinx) (fenics)
2026-09-01 09:01:13,277 [oasis.ngsolve] INFO: NGSolve backend registered
2026-09-01 09:01:13,277 [oasis.ngsolve] INFO: NGSolve backend registered
2026-09-01 09:01:13,278 [oasis.registry] INFO: Registered backend: deal.II (dealii)
2026-09-01 09:01:13,280 [oasis.registry] INFO: Registered backend: scikit-fem (skfem)
2026-09-01 09:01:13,280 [oasis.registry] INFO: Registered backend: scikit-fem (skfem)
2026-09-01 09:01:13,280 [oasis.skfem] INFO: scikit-fem backend registered
2026-09-01 09:01:13,280 [oasis.skfem] INFO: scikit-fem backend registered
2026-09-01 09:01:13,281 [oasis.registry] INFO: Registered backend: FEBio (febio)
2026-09-01 09:01:13,283 [oasis.registry] INFO: Registered backend: NGSolve (ngsolve)
2026-09-01 09:01:13,283 [oasis.ngsolve] INFO: NGSolve backend registered
2026-09-01 09:01:13,283 [oasis.registry] INFO: Registered backend: Kratos Multiphysics (kratos)
2026-09-01 09:01:13,283 [oasis.registry] INFO: Registered backend: Kratos Multiphysics (kratos)
2026-09-01 09:01:13,283 [oasis.kratos] INFO: Kratos Multiphysics backend registered
2026-09-01 09:01:13,283 [oasis.kratos] INFO: Kratos Multiphysics backend registered
2026-09-01 09:01:13,286 [oasis.registry] INFO: Registered backend: scikit-fem (skfem)
2026-09-01 09:01:13,286 [oasis.skfem] INFO: scikit-fem backend registered
2026-09-01 09:01:13,286 [oasis.registry] INFO: Registered backend: DUNE-fem (dune)
2026-09-01 09:01:13,286 [oasis.registry] INFO: Registered backend: DUNE-fem (dune)
2026-09-01 09:01:13,286 [oasis.dune] INFO: DUNE-fem backend registered
2026-09-01 09:01:13,286 [oasis.dune] INFO: DUNE-fem backend registered
2026-09-01 09:01:13,289 [oasis.registry] INFO: Registered backend: Kratos Multiphysics (kratos)
2026-09-01 09:01:13,289 [oasis.kratos] INFO: Kratos Multiphysics backend registered
2026-09-01 09:01:13,291 [oasis.registry] INFO: Registered backend: SPARTA (DSMC) (sparta)
2026-09-01 09:01:13,291 [oasis.sparta] INFO: SPARTA (DSMC) backend registered
2026-09-01 09:01:13,291 [oasis] INFO: Starting OASiS MCP server
2026-09-01 09:01:13,291 [oasis.registry] INFO: Registered backend: SPARTA (DSMC) (sparta)
2026-09-01 09:01:13,291 [oasis.sparta] INFO: SPARTA (DSMC) backend registered
2026-09-01 09:01:13,291 [oasis] INFO: Starting OASiS MCP server
2026-09-01 09:01:13,292 [oasis.registry] INFO: Registered backend: DUNE-fem (dune)
2026-09-01 09:01:13,292 [oasis.dune] INFO: DUNE-fem backend registered
2026-09-01 09:01:13,297 [oasis.registry] INFO: Registered backend: SPARTA (DSMC) (sparta)
2026-09-01 09:01:13,297 [oasis.sparta] INFO: SPARTA (DSMC) backend registered
2026-09-01 09:01:13,297 [oasis] INFO: Starting OASiS MCP server
2026-09-01 09:01:13,299 [mcp.server.lowlevel.server] INFO: Processing request of type CallToolRequest
2026-09-01 09:01:13,299 [mcp.server.lowlevel.server] INFO: Processing request of type CallToolRequest
2026-09-01 09:01:13,304 [mcp.server.lowlevel.server] INFO: Processing request of type CallToolRequest
2026-09-01 09:01:13,340 [mcp.server.lowlevel.server] INFO: Processing request of type ListToolsRequest
2026-09-01 09:01:13,341 [mcp.server.lowlevel.server] INFO: Processing request of type ListToolsRequest
2026-09-01 09:01:13,356 [oasis] INFO: Session journal saved: /home/alexander/Schreibtisch/ofa-v2/data/sessions/session_05e30cb2-81b7-40cb-9f90-c1203b7e451d.json (1 events)
2026-09-01 09:01:17,129 [mcp.server.lowlevel.server] INFO: Processing request of type ListToolsRequest
2026-09-01 09:01:17,137 [oasis] INFO: Session journal saved: /home/alexander/Schreibtisch/ofa-v2/data/sessions/session_a7c08941-5f5d-45d9-9e3e-689c0aa4fd5e.json (1 events)
/home/alexander/Schreibtisch/ofa-v2/langgraph_eval/agent.py:381: RuntimeWarning: This package (`duckduckgo_search`) has been renamed to `ddgs`! Use `pip install ddgs` instead.
  with DDGS() as ddgs:
2026-09-01 09:01:21,121 [oasis.registry] INFO: Loaded discovered config: 5 backends
2026-09-01 09:01:21,123 [oasis.registry] INFO: Registered backend: 4C Multiphysics (fourc)
2026-09-01 09:01:21,123 [oasis.registry] INFO: Registered backend: FEniCSx (dolfinx) (fenics)
2026-09-01 09:01:21,124 [oasis.registry] INFO: Registered backend: deal.II (dealii)
2026-09-01 09:01:21,127 [oasis.registry] INFO: Registered backend: FEBio (febio)
2026-09-01 09:01:21,129 [oasis.registry] INFO: Registered backend: NGSolve (ngsolve)
2026-09-01 09:01:21,129 [oasis.ngsolve] INFO: NGSolve backend registered
2026-09-01 09:01:21,132 [oasis.registry] INFO: Registered backend: scikit-fem (skfem)
2026-09-01 09:01:21,132 [oasis.skfem] INFO: scikit-fem backend registered
2026-09-01 09:01:21,135 [oasis.registry] INFO: Registered backend: Kratos Multiphysics (kratos)
2026-09-01 09:01:21,135 [oasis.kratos] INFO: Kratos Multiphysics backend registered
2026-09-01 09:01:21,138 [oasis.registry] INFO: Registered backend: DUNE-fem (dune)
2026-09-01 09:01:21,138 [oasis.dune] INFO: DUNE-fem backend registered
2026-09-01 09:01:21,143 [oasis.registry] INFO: Registered backend: SPARTA (DSMC) (sparta)
2026-09-01 09:01:21,143 [oasis.sparta] INFO: SPARTA (DSMC) backend registered
2026-09-01 09:01:21,143 [oasis] INFO: Starting OASiS MCP server
2026-09-01 09:01:21,150 [mcp.server.lowlevel.server] INFO: Processing request of type CallToolRequest
2026-09-01 09:01:21,158 [mcp.server.lowlevel.server] INFO: Processing request of type ListToolsRequest
2026-09-01 09:01:21,163 [oasis] INFO: Session journal saved: /home/alexander/Schreibtisch/ofa-v2/data/sessions/session_bc04e096-6046-4e31-83db-3cf5529af0c3.json (1 events)
/home/alexander/Schreibtisch/ofa-v2/langgraph_eval/agent.py:381: RuntimeWarning: This package (`duckduckgo_search`) has been renamed to `ddgs`! Use `pip install ddgs` instead.
  with DDGS() as ddgs:
2026-09-01 09:01:22,905 [oasis.registry] INFO: Loaded discovered config: 5 backends
2026-09-01 09:01:22,907 [oasis.registry] INFO: Registered backend: 4C Multiphysics (fourc)
2026-09-01 09:01:22,907 [oasis.registry] INFO: Registered backend: FEniCSx (dolfinx) (fenics)
2026-09-01 09:01:22,908 [oasis.registry] INFO: Registered backend: deal.II (dealii)
2026-09-01 09:01:22,911 [oasis.registry] INFO: Registered backend: FEBio (febio)
2026-09-01 09:01:22,913 [oasis.registry] INFO: Registered backend: NGSolve (ngsolve)
2026-09-01 09:01:22,913 [oasis.ngsolve] INFO: NGSolve backend registered
2026-09-01 09:01:22,914 [oasis.registry] INFO: Loaded discovered config: 5 backends
2026-09-01 09:01:22,916 [oasis.registry] INFO: Registered backend: scikit-fem (skfem)
2026-09-01 09:01:22,916 [oasis.skfem] INFO: scikit-fem backend registered
2026-09-01 09:01:22,916 [oasis.registry] INFO: Registered backend: 4C Multiphysics (fourc)
2026-09-01 09:01:22,917 [oasis.registry] INFO: Registered backend: FEniCSx (dolfinx) (fenics)
2026-09-01 09:01:22,917 [oasis.registry] INFO: Registered backend: deal.II (dealii)
2026-09-01 09:01:22,920 [oasis.registry] INFO: Registered backend: Kratos Multiphysics (kratos)
2026-09-01 09:01:22,920 [oasis.kratos] INFO: Kratos Multiphysics backend registered
2026-09-01 09:01:22,920 [oasis.registry] INFO: Registered backend: FEBio (febio)
2026-09-01 09:01:22,922 [oasis.registry] INFO: Registered backend: DUNE-fem (dune)
2026-09-01 09:01:22,922 [oasis.dune] INFO: DUNE-fem backend registered
2026-09-01 09:01:22,923 [oasis.registry] INFO: Registered backend: NGSolve (ngsolve)
2026-09-01 09:01:22,923 [oasis.ngsolve] INFO: NGSolve backend registered
2026-09-01 09:01:22,925 [oasis.registry] INFO: Registered backend: scikit-fem (skfem)
2026-09-01 09:01:22,926 [oasis.skfem] INFO: scikit-fem backend registered
2026-09-01 09:01:22,927 [oasis.registry] INFO: Registered backend: SPARTA (DSMC) (sparta)
2026-09-01 09:01:22,927 [oasis.sparta] INFO: SPARTA (DSMC) backend registered
2026-09-01 09:01:22,928 [oasis] INFO: Starting OASiS MCP server
2026-09-01 09:01:22,929 [oasis.registry] INFO: Registered backend: Kratos Multiphysics (kratos)
2026-09-01 09:01:22,929 [oasis.kratos] INFO: Kratos Multiphysics backend registered
2026-09-01 09:01:22,931 [oasis.registry] INFO: Registered backend: DUNE-fem (dune)
2026-09-01 09:01:22,932 [oasis.dune] INFO: DUNE-fem backend registered
2026-09-01 09:01:22,935 [mcp.server.lowlevel.server] INFO: Processing request of type CallToolRequest
2026-09-01 09:01:22,936 [oasis.registry] INFO: Registered backend: SPARTA (DSMC) (sparta)
2026-09-01 09:01:22,936 [oasis.sparta] INFO: SPARTA (DSMC) backend registered
2026-09-01 09:01:22,937 [oasis] INFO: Starting OASiS MCP server
2026-09-01 09:01:22,944 [mcp.server.lowlevel.server] INFO: Processing request of type CallToolRequest
2026-09-01 09:01:22,944 [mcp.server.lowlevel.server] INFO: Processing request of type ListToolsRequest
2026-09-01 09:01:22,951 [oasis] INFO: Session journal saved: /home/alexander/Schreibtisch/ofa-v2/data/sessions/session_aad3ebf6-f962-4d9d-b8a0-8412341c5620.json (1 events)
2026-09-01 09:01:22,954 [mcp.server.lowlevel.server] INFO: Processing request of type ListToolsRequest
2026-09-01 09:01:22,960 [oasis] INFO: Session journal saved: /home/alexander/Schreibtisch/ofa-v2/data/sessions/session_92a00878-612a-44e8-9686-c9bb36f0a657.json (1 events)
/home/alexander/Schreibtisch/ofa-v2/langgraph_eval/agent.py:381: RuntimeWarning: This package (`duckduckgo_search`) has been renamed to `ddgs`! Use `pip install ddgs` instead.
  with DDGS() as ddgs:
2026-09-01 09:01:42,889 [oasis.registry] INFO: Loaded discovered config: 5 backends
2026-09-01 09:01:42,891 [oasis.registry] INFO: Registered backend: 4C Multiphysics (fourc)
2026-09-01 09:01:42,892 [oasis.registry] INFO: Registered backend: FEniCSx (dolfinx) (fenics)
2026-09-01 09:01:42,892 [oasis.registry] INFO: Registered backend: deal.II (dealii)
2026-09-01 09:01:42,895 [oasis.registry] INFO: Loaded discovered config: 5 backends
2026-09-01 09:01:42,895 [oasis.registry] INFO: Registered backend: FEBio (febio)
2026-09-01 09:01:42,897 [oasis.registry] INFO: Registered backend: 4C Multiphysics (fourc)
2026-09-01 09:01:42,898 [oasis.registry] INFO: Registered backend: FEniCSx (dolfinx) (fenics)
2026-09-01 09:01:42,898 [oasis.registry] INFO: Registered backend: NGSolve (ngsolve)
2026-09-01 09:01:42,898 [oasis.ngsolve] INFO: NGSolve backend registered
2026-09-01 09:01:42,898 [oasis.registry] INFO: Registered backend: deal.II (dealii)
2026-09-01 09:01:42,901 [oasis.registry] INFO: Registered backend: scikit-fem (skfem)
2026-09-01 09:01:42,901 [oasis.skfem] INFO: scikit-fem backend registered
2026-09-01 09:01:42,901 [oasis.registry] INFO: Registered backend: FEBio (febio)
2026-09-01 09:01:42,904 [oasis.registry] INFO: Registered backend: NGSolve (ngsolve)
2026-09-01 09:01:42,904 [oasis.ngsolve] INFO: NGSolve backend registered
2026-09-01 09:01:42,905 [oasis.registry] INFO: Registered backend: Kratos Multiphysics (kratos)
2026-09-01 09:01:42,905 [oasis.kratos] INFO: Kratos Multiphysics backend registered
2026-09-01 09:01:42,906 [oasis.registry] INFO: Registered backend: scikit-fem (skfem)
2026-09-01 09:01:42,906 [oasis.skfem] INFO: scikit-fem backend registered
2026-09-01 09:01:42,908 [oasis.registry] INFO: Registered backend: DUNE-fem (dune)
2026-09-01 09:01:42,908 [oasis.dune] INFO: DUNE-fem backend registered
2026-09-01 09:01:42,910 [oasis.registry] INFO: Registered backend: Kratos Multiphysics (kratos)
2026-09-01 09:01:42,910 [oasis.kratos] INFO: Kratos Multiphysics backend registered
2026-09-01 09:01:42,913 [oasis.registry] INFO: Registered backend: DUNE-fem (dune)
2026-09-01 09:01:42,913 [oasis.dune] INFO: DUNE-fem backend registered
2026-09-01 09:01:42,913 [oasis.registry] INFO: Registered backend: SPARTA (DSMC) (sparta)
2026-09-01 09:01:42,913 [oasis.sparta] INFO: SPARTA (DSMC) backend registered
2026-09-01 09:01:42,913 [oasis] INFO: Starting OASiS MCP server
2026-09-01 09:01:42,918 [oasis.registry] INFO: Registered backend: SPARTA (DSMC) (sparta)
2026-09-01 09:01:42,918 [oasis.sparta] INFO: SPARTA (DSMC) backend registered
2026-09-01 09:01:42,918 [oasis] INFO: Starting OASiS MCP server
2026-09-01 09:01:42,922 [mcp.server.lowlevel.server] INFO: Processing request of type CallToolRequest
2026-09-01 09:01:42,925 [mcp.server.lowlevel.server] INFO: Processing request of type CallToolRequest
2026-09-01 09:01:42,926 [mcp.server.lowlevel.server] INFO: Processing request of type ListToolsRequest
2026-09-01 09:01:42,931 [mcp.server.lowlevel.server] INFO: Processing request of type ListToolsRequest
2026-09-01 09:01:42,938 [oasis] INFO: Session journal saved: /home/alexander/Schreibtisch/ofa-v2/data/sessions/session_428d9c12-70a7-4294-a2dc-9cf018b6f858.json (1 events)
/home/alexander/Schreibtisch/ofa-v2/langgraph_eval/agent.py:381: RuntimeWarning: This package (`duckduckgo_search`) has been renamed to `ddgs`! Use `pip install ddgs` instead.
  with DDGS() as ddgs:
/home/alexander/Schreibtisch/ofa-v2/langgraph_eval/agent.py:381: RuntimeWarning: This package (`duckduckgo_search`) has been renamed to `ddgs`! Use `pip install ddgs` instead.
  with DDGS() as ddgs:
/home/alexander/Schreibtisch/ofa-v2/langgraph_eval/agent.py:381: RuntimeWarning: This package (`duckduckgo_search`) has been renamed to `ddgs`! Use `pip install ddgs` instead.
  with DDGS() as ddgs:
/home/alexander/Schreibtisch/ofa-v2/langgraph_eval/agent.py:381: RuntimeWarning: This package (`duckduckgo_search`) has been renamed to `ddgs`! Use `pip install ddgs` instead.
  with DDGS() as ddgs:
/home/alexander/Schreibtisch/ofa-v2/langgraph_eval/agent.py:381: RuntimeWarning: This package (`duckduckgo_search`) has been renamed to `ddgs`! Use `pip install ddgs` instead.
  with DDGS() as ddgs:
2026-09-01 09:01:50,658 [oasis.registry] INFO: Loaded discovered config: 5 backends
2026-09-01 09:01:50,660 [oasis.registry] INFO: Registered backend: 4C Multiphysics (fourc)
2026-09-01 09:01:50,661 [oasis.registry] INFO: Registered backend: FEniCSx (dolfinx) (fenics)
2026-09-01 09:01:50,661 [oasis.registry] INFO: Registered backend: deal.II (dealii)
2026-09-01 09:01:50,664 [oasis.registry] INFO: Registered backend: FEBio (febio)
2026-09-01 09:01:50,666 [oasis.registry] INFO: Loaded discovered config: 5 backends
2026-09-01 09:01:50,667 [oasis.registry] INFO: Registered backend: NGSolve (ngsolve)
2026-09-01 09:01:50,667 [oasis.ngsolve] INFO: NGSolve backend registered
2026-09-01 09:01:50,668 [oasis.registry] INFO: Registered backend: 4C Multiphysics (fourc)
2026-09-01 09:01:50,669 [oasis.registry] INFO: Registered backend: FEniCSx (dolfinx) (fenics)
2026-09-01 09:01:50,670 [oasis.registry] INFO: Registered backend: deal.II (dealii)
2026-09-01 09:01:50,670 [oasis.registry] INFO: Registered backend: scikit-fem (skfem)
2026-09-01 09:01:50,670 [oasis.skfem] INFO: scikit-fem backend registered
2026-09-01 09:01:50,673 [oasis.registry] INFO: Registered backend: FEBio (febio)
2026-09-01 09:01:50,674 [oasis.registry] INFO: Registered backend: Kratos Multiphysics (kratos)
2026-09-01 09:01:50,674 [oasis.kratos] INFO: Kratos Multiphysics backend registered
2026-09-01 09:01:50,675 [oasis.registry] INFO: Registered backend: NGSolve (ngsolve)
2026-09-01 09:01:50,675 [oasis.ngsolve] INFO: NGSolve backend registered
2026-09-01 09:01:50,676 [oasis.registry] INFO: Registered backend: DUNE-fem (dune)
2026-09-01 09:01:50,676 [oasis.dune] INFO: DUNE-fem backend registered
2026-09-01 09:01:50,678 [oasis.registry] INFO: Registered backend: scikit-fem (skfem)
2026-09-01 09:01:50,678 [oasis.skfem] INFO: scikit-fem backend registered
2026-09-01 09:01:50,681 [oasis.registry] INFO: Registered backend: SPARTA (DSMC) (sparta)
2026-09-01 09:01:50,681 [oasis.sparta] INFO: SPARTA (DSMC) backend registered
2026-09-01 09:01:50,682 [oasis] INFO: Starting OASiS MCP server
2026-09-01 09:01:50,682 [oasis.registry] INFO: Registered backend: Kratos Multiphysics (kratos)
2026-09-01 09:01:50,682 [oasis.kratos] INFO: Kratos Multiphysics backend registered
2026-09-01 09:01:50,684 [oasis.registry] INFO: Registered backend: DUNE-fem (dune)
2026-09-01 09:01:50,684 [oasis.dune] INFO: DUNE-fem backend registered
2026-09-01 09:01:50,690 [oasis.registry] INFO: Registered backend: SPARTA (DSMC) (sparta)
2026-09-01 09:01:50,690 [oasis.sparta] INFO: SPARTA (DSMC) backend registered
2026-09-01 09:01:50,690 [oasis] INFO: Starting OASiS MCP server
2026-09-01 09:01:50,690 [mcp.server.lowlevel.server] INFO: Processing request of type CallToolRequest
2026-09-01 09:01:50,697 [mcp.server.lowlevel.server] INFO: Processing request of type CallToolRequest
2026-09-01 09:01:50,741 [mcp.server.lowlevel.server] INFO: Processing request of type ListToolsRequest
/home/alexander/Schreibtisch/ofa-v2/langgraph_eval/agent.py:381: RuntimeWarning: This package (`duckduckgo_search`) has been renamed to `ddgs`! Use `pip install ddgs` instead.
  with DDGS() as ddgs:
/home/alexander/Schreibtisch/ofa-v2/langgraph_eval/agent.py:381: RuntimeWarning: This package (`duckduckgo_search`) has been renamed to `ddgs`! Use `pip install ddgs` instead.
  with DDGS() as ddgs:
/home/alexander/Schreibtisch/ofa-v2/langgraph_eval/agent.py:381: RuntimeWarning: This package (`duckduckgo_search`) has been renamed to `ddgs`! Use `pip install ddgs` instead.
  with DDGS() as ddgs:
2026-09-01 09:01:51,378 [oasis.registry] INFO: Loaded discovered config: 5 backends
2026-09-01 09:01:51,380 [oasis.registry] INFO: Registered backend: 4C Multiphysics (fourc)
2026-09-01 09:01:51,381 [oasis.registry] INFO: Registered backend: FEniCSx (dolfinx) (fenics)
2026-09-01 09:01:51,381 [oasis.registry] INFO: Registered backend: deal.II (dealii)
2026-09-01 09:01:51,384 [oasis.registry] INFO: Registered backend: FEBio (febio)
2026-09-01 09:01:51,387 [oasis.registry] INFO: Registered backend: NGSolve (ngsolve)
2026-09-01 09:01:51,387 [oasis.ngsolve] INFO: NGSolve backend registered
2026-09-01 09:01:51,389 [oasis.registry] INFO: Registered backend: scikit-fem (skfem)
2026-09-01 09:01:51,389 [oasis.skfem] INFO: scikit-fem backend registered
2026-09-01 09:01:51,393 [oasis.registry] INFO: Registered backend: Kratos Multiphysics (kratos)
2026-09-01 09:01:51,393 [oasis.kratos] INFO: Kratos Multiphysics backend registered
2026-09-01 09:01:51,395 [oasis.registry] INFO: Registered backend: DUNE-fem (dune)
2026-09-01 09:01:51,395 [oasis.dune] INFO: DUNE-fem backend registered
2026-09-01 09:01:51,400 [oasis.registry] INFO: Registered backend: SPARTA (DSMC) (sparta)
2026-09-01 09:01:51,400 [oasis.sparta] INFO: SPARTA (DSMC) backend registered
2026-09-01 09:01:51,400 [oasis] INFO: Starting OASiS MCP server
2026-09-01 09:01:51,408 [mcp.server.lowlevel.server] INFO: Processing request of type CallToolRequest
2026-09-01 09:01:51,416 [mcp.server.lowlevel.server] INFO: Processing request of type ListToolsRequest
2026-09-01 09:01:51,422 [oasis] INFO: Session journal saved: /home/alexander/Schreibtisch/ofa-v2/data/sessions/session_416412ff-a136-4071-ac66-9834ec235089.json (1 events)
/home/alexander/Schreibtisch/ofa-v2/langgraph_eval/agent.py:381: RuntimeWarning: This package (`duckduckgo_search`) has been renamed to `ddgs`! Use `pip install ddgs` instead.
  with DDGS() as ddgs:
/home/alexander/Schreibtisch/ofa-v2/langgraph_eval/agent.py:381: RuntimeWarning: This package (`duckduckgo_search`) has been renamed to `ddgs`! Use `pip install ddgs` instead.
  with DDGS() as ddgs:
2026-09-01 09:01:54,409 [mcp.server.lowlevel.server] INFO: Processing request of type ListToolsRequest
2026-09-01 09:01:54,417 [oasis] INFO: Session journal saved: /home/alexander/Schreibtisch/ofa-v2/data/sessions/session_036f6a20-b96a-4435-8407-d211b8451eb2.json (1 events)
/home/alexander/Schreibtisch/ofa-v2/langgraph_eval/agent.py:381: RuntimeWarning: This package (`duckduckgo_search`) has been renamed to `ddgs`! Use `pip install ddgs` instead.
  with DDGS() as ddgs:
2026-09-01 09:01:55,514 [oasis.registry] INFO: Loaded discovered config: 5 backends
2026-09-01 09:01:55,517 [oasis.registry] INFO: Registered backend: 4C Multiphysics (fourc)
2026-09-01 09:01:55,517 [oasis.registry] INFO: Registered backend: FEniCSx (dolfinx) (fenics)
2026-09-01 09:01:55,518 [oasis.registry] INFO: Registered backend: deal.II (dealii)
2026-09-01 09:01:55,521 [oasis.registry] INFO: Registered backend: FEBio (febio)
2026-09-01 09:01:55,524 [oasis.registry] INFO: Registered backend: NGSolve (ngsolve)
2026-09-01 09:01:55,524 [oasis.ngsolve] INFO: NGSolve backend registered
2026-09-01 09:01:55,526 [oasis.registry] INFO: Registered backend: scikit-fem (skfem)
2026-09-01 09:01:55,526 [oasis.skfem] INFO: scikit-fem backend registered
2026-09-01 09:01:55,531 [oasis.registry] INFO: Registered backend: Kratos Multiphysics (kratos)
2026-09-01 09:01:55,532 [oasis.kratos] INFO: Kratos Multiphysics backend registered
2026-09-01 09:01:55,535 [oasis.registry] INFO: Registered backend: DUNE-fem (dune)
2026-09-01 09:01:55,535 [oasis.dune] INFO: DUNE-fem backend registered
2026-09-01 09:01:55,540 [oasis.registry] INFO: Registered backend: SPARTA (DSMC) (sparta)
2026-09-01 09:01:55,540 [oasis.sparta] INFO: SPARTA (DSMC) backend registered
2026-09-01 09:01:55,540 [oasis] INFO: Starting OASiS MCP server
2026-09-01 09:01:55,549 [mcp.server.lowlevel.server] INFO: Processing request of type CallToolRequest
2026-09-01 09:01:55,554 [mcp.server.lowlevel.server] INFO: Processing request of type ListToolsRequest
2026-09-01 09:01:55,562 [oasis] INFO: Session journal saved: /home/alexander/Schreibtisch/ofa-v2/data/sessions/session_0300d1ff-a7b3-40c4-869d-ec6da0359f36.json (1 events)
2026-09-01 09:01:55,804 [oasis.registry] INFO: Loaded discovered config: 5 backends
2026-09-01 09:01:55,806 [oasis.registry] INFO: Registered backend: 4C Multiphysics (fourc)
2026-09-01 09:01:55,807 [oasis.registry] INFO: Registered backend: FEniCSx (dolfinx) (fenics)
2026-09-01 09:01:55,807 [oasis.registry] INFO: Registered backend: deal.II (dealii)
2026-09-01 09:01:55,811 [oasis.registry] INFO: Registered backend: FEBio (febio)
2026-09-01 09:01:55,813 [oasis.registry] INFO: Registered backend: NGSolve (ngsolve)
2026-09-01 09:01:55,813 [oasis.ngsolve] INFO: NGSolve backend registered
2026-09-01 09:01:55,816 [oasis.registry] INFO: Registered backend: scikit-fem (skfem)
2026-09-01 09:01:55,816 [oasis.skfem] INFO: scikit-fem backend registered
2026-09-01 09:01:55,820 [oasis.registry] INFO: Registered backend: Kratos Multiphysics (kratos)
2026-09-01 09:01:55,820 [oasis.kratos] INFO: Kratos Multiphysics backend registered
2026-09-01 09:01:55,822 [oasis.registry] INFO: Registered backend: DUNE-fem (dune)
2026-09-01 09:01:55,822 [oasis.dune] INFO: DUNE-fem backend registered
2026-09-01 09:01:55,827 [oasis.registry] INFO: Registered backend: SPARTA (DSMC) (sparta)
2026-09-01 09:01:55,827 [oasis.sparta] INFO: SPARTA (DSMC) backend registered
2026-09-01 09:01:55,827 [oasis] INFO: Starting OASiS MCP server
2026-09-01 09:01:55,835 [mcp.server.lowlevel.server] INFO: Processing request of type CallToolRequest
2026-09-01 09:01:55,839 [mcp.server.lowlevel.server] INFO: Processing request of type ListToolsRequest
2026-09-01 09:01:55,846 [oasis] INFO: Session journal saved: /home/alexander/Schreibtisch/ofa-v2/data/sessions/session_a0fad85a-3d00-47db-a1da-453eb343866a.json (1 events)
2026-09-01 09:01:55,851 [oasis.registry] INFO: Loaded discovered config: 5 backends
2026-09-01 09:01:55,853 [oasis.registry] INFO: Registered backend: 4C Multiphysics (fourc)
2026-09-01 09:01:55,854 [oasis.registry] INFO: Registered backend: FEniCSx (dolfinx) (fenics)
2026-09-01 09:01:55,854 [oasis.registry] INFO: Registered backend: deal.II (dealii)
2026-09-01 09:01:55,858 [oasis.registry] INFO: Registered backend: FEBio (febio)
2026-09-01 09:01:55,860 [oasis.registry] INFO: Registered backend: NGSolve (ngsolve)
2026-09-01 09:01:55,860 [oasis.ngsolve] INFO: NGSolve backend registered
2026-09-01 09:01:55,863 [oasis.registry] INFO: Registered backend: scikit-fem (skfem)
2026-09-01 09:01:55,863 [oasis.skfem] INFO: scikit-fem backend registered
2026-09-01 09:01:55,866 [oasis.registry] INFO: Registered backend: Kratos Multiphysics (kratos)
2026-09-01 09:01:55,866 [oasis.kratos] INFO: Kratos Multiphysics backend registered
2026-09-01 09:01:55,869 [oasis.registry] INFO: Registered backend: DUNE-fem (dune)
2026-09-01 09:01:55,869 [oasis.dune] INFO: DUNE-fem backend registered
2026-09-01 09:01:55,874 [oasis.registry] INFO: Registered backend: SPARTA (DSMC) (sparta)
2026-09-01 09:01:55,874 [oasis.sparta] INFO: SPARTA (DSMC) backend registered
2026-09-01 09:01:55,874 [oasis] INFO: Starting OASiS MCP server
2026-09-01 09:01:55,881 [mcp.server.lowlevel.server] INFO: Processing request of type CallToolRequest
2026-09-01 09:01:55,890 [mcp.server.lowlevel.server] INFO: Processing request of type ListToolsRequest
2026-09-01 09:01:55,896 [oasis] INFO: Session journal saved: /home/alexander/Schreibtisch/ofa-v2/data/sessions/session_6bd89a72-5944-4818-83e0-6d65b523d039.json (1 events)
2026-09-01 09:02:10,742 [oasis.registry] INFO: Loaded discovered config: 5 backends
2026-09-01 09:02:10,744 [oasis.registry] INFO: Registered backend: 4C Multiphysics (fourc)
2026-09-01 09:02:10,744 [oasis.registry] INFO: Registered backend: FEniCSx (dolfinx) (fenics)
2026-09-01 09:02:10,745 [oasis.registry] INFO: Registered backend: deal.II (dealii)
2026-09-01 09:02:10,748 [oasis.registry] INFO: Registered backend: FEBio (febio)
2026-09-01 09:02:10,750 [oasis.registry] INFO: Registered backend: NGSolve (ngsolve)
2026-09-01 09:02:10,750 [oasis.ngsolve] INFO: NGSolve backend registered
2026-09-01 09:02:10,753 [oasis.registry] INFO: Registered backend: scikit-fem (skfem)
2026-09-01 09:02:10,753 [oasis.skfem] INFO: scikit-fem backend registered
2026-09-01 09:02:10,756 [oasis.registry] INFO: Registered backend: Kratos Multiphysics (kratos)
2026-09-01 09:02:10,756 [oasis.kratos] INFO: Kratos Multiphysics backend registered
2026-09-01 09:02:10,759 [oasis.registry] INFO: Registered backend: DUNE-fem (dune)
2026-09-01 09:02:10,759 [oasis.dune] INFO: DUNE-fem backend registered
2026-09-01 09:02:10,764 [oasis.registry] INFO: Registered backend: SPARTA (DSMC) (sparta)
2026-09-01 09:02:10,764 [oasis.sparta] INFO: SPARTA (DSMC) backend registered
2026-09-01 09:02:10,764 [oasis] INFO: Starting OASiS MCP server
2026-09-01 09:02:10,771 [mcp.server.lowlevel.server] INFO: Processing request of type CallToolRequest
2026-09-01 09:02:10,817 [mcp.server.lowlevel.server] INFO: Processing request of type ListToolsRequest
2026-09-01 09:02:10,823 [oasis] INFO: Session journal saved: /home/alexander/Schreibtisch/ofa-v2/data/sessions/session_72baac9e-f78c-43b1-a045-86331e9560e7.json (1 events)
2026-09-01 09:02:11,171 [oasis.registry] INFO: Loaded discovered config: 5 backends
2026-09-01 09:02:11,173 [oasis.registry] INFO: Registered backend: 4C Multiphysics (fourc)
2026-09-01 09:02:11,173 [oasis.registry] INFO: Registered backend: FEniCSx (dolfinx) (fenics)
2026-09-01 09:02:11,174 [oasis.registry] INFO: Registered backend: deal.II (dealii)
2026-09-01 09:02:11,177 [oasis.registry] INFO: Registered backend: FEBio (febio)
2026-09-01 09:02:11,179 [oasis.registry] INFO: Registered backend: NGSolve (ngsolve)
2026-09-01 09:02:11,179 [oasis.ngsolve] INFO: NGSolve backend registered
2026-09-01 09:02:11,182 [oasis.registry] INFO: Registered backend: scikit-fem (skfem)
2026-09-01 09:02:11,182 [oasis.skfem] INFO: scikit-fem backend registered
2026-09-01 09:02:11,186 [oasis.registry] INFO: Registered backend: Kratos Multiphysics (kratos)
2026-09-01 09:02:11,186 [oasis.kratos] INFO: Kratos Multiphysics backend registered
2026-09-01 09:02:11,188 [oasis.registry] INFO: Registered backend: DUNE-fem (dune)
2026-09-01 09:02:11,188 [oasis.dune] INFO: DUNE-fem backend registered
2026-09-01 09:02:11,193 [oasis.registry] INFO: Registered backend: SPARTA (DSMC) (sparta)
2026-09-01 09:02:11,193 [oasis.sparta] INFO: SPARTA (DSMC) backend registered
2026-09-01 09:02:11,193 [oasis] INFO: Starting OASiS MCP server
2026-09-01 09:02:11,201 [mcp.server.lowlevel.server] INFO: Processing request of type CallToolRequest
2026-09-01 09:02:11,208 [mcp.server.lowlevel.server] INFO: Processing request of type ListToolsRequest
2026-09-01 09:02:11,676 [oasis.registry] INFO: Loaded discovered config: 5 backends
2026-09-01 09:02:11,678 [oasis.registry] INFO: Registered backend: 4C Multiphysics (fourc)
2026-09-01 09:02:11,678 [oasis.registry] INFO: Registered backend: FEniCSx (dolfinx) (fenics)
2026-09-01 09:02:11,679 [oasis.registry] INFO: Registered backend: deal.II (dealii)
2026-09-01 09:02:11,682 [oasis.registry] INFO: Registered backend: FEBio (febio)
2026-09-01 09:02:11,684 [oasis.registry] INFO: Registered backend: NGSolve (ngsolve)
2026-09-01 09:02:11,684 [oasis.ngsolve] INFO: NGSolve backend registered
2026-09-01 09:02:11,687 [oasis.registry] INFO: Registered backend: scikit-fem (skfem)
2026-09-01 09:02:11,687 [oasis.skfem] INFO: scikit-fem backend registered
2026-09-01 09:02:11,688 [oasis.registry] INFO: Loaded discovered config: 5 backends
2026-09-01 09:02:11,690 [oasis.registry] INFO: Registered backend: 4C Multiphysics (fourc)
2026-09-01 09:02:11,690 [oasis.registry] INFO: Registered backend: Kratos Multiphysics (kratos)
2026-09-01 09:02:11,690 [oasis.kratos] INFO: Kratos Multiphysics backend registered
2026-09-01 09:02:11,691 [oasis.registry] INFO: Registered backend: FEniCSx (dolfinx) (fenics)
2026-09-01 09:02:11,691 [oasis.registry] INFO: Registered backend: deal.II (dealii)
2026-09-01 09:02:11,693 [oasis.registry] INFO: Registered backend: DUNE-fem (dune)
2026-09-01 09:02:11,693 [oasis.dune] INFO: DUNE-fem backend registered
2026-09-01 09:02:11,694 [oasis.registry] INFO: Registered backend: FEBio (febio)
2026-09-01 09:02:11,697 [oasis.registry] INFO: Registered backend: NGSolve (ngsolve)
2026-09-01 09:02:11,697 [oasis.ngsolve] INFO: NGSolve backend registered
2026-09-01 09:02:11,698 [oasis.registry] INFO: Registered backend: SPARTA (DSMC) (sparta)
2026-09-01 09:02:11,698 [oasis.sparta] INFO: SPARTA (DSMC) backend registered
2026-09-01 09:02:11,698 [oasis] INFO: Starting OASiS MCP server
2026-09-01 09:02:11,699 [oasis.registry] INFO: Registered backend: scikit-fem (skfem)
2026-09-01 09:02:11,699 [oasis.skfem] INFO: scikit-fem backend registered
2026-09-01 09:02:11,703 [oasis.registry] INFO: Registered backend: Kratos Multiphysics (kratos)
2026-09-01 09:02:11,703 [oasis.kratos] INFO: Kratos Multiphysics backend registered
2026-09-01 09:02:11,706 [oasis.registry] INFO: Registered backend: DUNE-fem (dune)
2026-09-01 09:02:11,706 [mcp.server.lowlevel.server] INFO: Processing request of type CallToolRequest
2026-09-01 09:02:11,706 [oasis.dune] INFO: DUNE-fem backend registered
2026-09-01 09:02:11,711 [oasis.registry] INFO: Registered backend: SPARTA (DSMC) (sparta)
2026-09-01 09:02:11,711 [oasis.sparta] INFO: SPARTA (DSMC) backend registered
2026-09-01 09:02:11,711 [oasis] INFO: Starting OASiS MCP server
2026-09-01 09:02:11,718 [mcp.server.lowlevel.server] INFO: Processing request of type CallToolRequest
2026-09-01 09:02:11,722 [mcp.server.lowlevel.server] INFO: Processing request of type ListToolsRequest
2026-09-01 09:02:15,015 [mcp.server.lowlevel.server] INFO: Processing request of type ListToolsRequest
2026-09-01 09:02:15,022 [oasis] INFO: Session journal saved: /home/alexander/Schreibtisch/ofa-v2/data/sessions/session_ae67575c-3451-46b3-81e1-d93ede13837b.json (1 events)
2026-09-01 09:02:26,343 [oasis.registry] INFO: Loaded discovered config: 5 backends
2026-09-01 09:02:26,345 [oasis.registry] INFO: Registered backend: 4C Multiphysics (fourc)
2026-09-01 09:02:26,345 [oasis.registry] INFO: Registered backend: FEniCSx (dolfinx) (fenics)
2026-09-01 09:02:26,346 [oasis.registry] INFO: Registered backend: deal.II (dealii)
2026-09-01 09:02:26,349 [oasis.registry] INFO: Registered backend: FEBio (febio)
2026-09-01 09:02:26,351 [oasis.registry] INFO: Registered backend: NGSolve (ngsolve)
2026-09-01 09:02:26,351 [oasis.ngsolve] INFO: NGSolve backend registered
2026-09-01 09:02:26,354 [oasis.registry] INFO: Registered backend: scikit-fem (skfem)
2026-09-01 09:02:26,354 [oasis.skfem] INFO: scikit-fem backend registered
2026-09-01 09:02:26,357 [oasis.registry] INFO: Registered backend: Kratos Multiphysics (kratos)
2026-09-01 09:02:26,357 [oasis.kratos] INFO: Kratos Multiphysics backend registered
2026-09-01 09:02:26,360 [oasis.registry] INFO: Registered backend: DUNE-fem (dune)
2026-09-01 09:02:26,360 [oasis.dune] INFO: DUNE-fem backend registered
2026-09-01 09:02:26,365 [oasis.registry] INFO: Registered backend: SPARTA (DSMC) (sparta)
2026-09-01 09:02:26,365 [oasis.sparta] INFO: SPARTA (DSMC) backend registered
2026-09-01 09:02:26,365 [oasis] INFO: Starting OASiS MCP server
2026-09-01 09:02:26,372 [mcp.server.lowlevel.server] INFO: Processing request of type CallToolRequest
2026-09-01 09:02:26,376 [mcp.server.lowlevel.server] INFO: Processing request of type ListToolsRequest
2026-09-01 09:02:26,382 [oasis] INFO: Session journal saved: /home/alexander/Schreibtisch/ofa-v2/data/sessions/session_611c3223-d3d0-47bb-9e73-c433c5d46ebb.json (1 events)
2026-09-01 09:02:26,695 [oasis.registry] INFO: Loaded discovered config: 5 backends
2026-09-01 09:02:26,697 [oasis.registry] INFO: Registered backend: 4C Multiphysics (fourc)
2026-09-01 09:02:26,698 [oasis.registry] INFO: Registered backend: FEniCSx (dolfinx) (fenics)
2026-09-01 09:02:26,698 [oasis.registry] INFO: Registered backend: deal.II (dealii)
2026-09-01 09:02:26,702 [oasis.registry] INFO: Registered backend: FEBio (febio)
2026-09-01 09:02:26,705 [oasis.registry] INFO: Registered backend: NGSolve (ngsolve)
2026-09-01 09:02:26,705 [oasis.ngsolve] INFO: NGSolve backend registered
2026-09-01 09:02:26,708 [oasis.registry] INFO: Registered backend: scikit-fem (skfem)
2026-09-01 09:02:26,708 [oasis.skfem] INFO: scikit-fem backend registered
2026-09-01 09:02:26,711 [oasis.registry] INFO: Registered backend: Kratos Multiphysics (kratos)
2026-09-01 09:02:26,711 [oasis.kratos] INFO: Kratos Multiphysics backend registered
2026-09-01 09:02:26,714 [oasis.registry] INFO: Registered backend: DUNE-fem (dune)
2026-09-01 09:02:26,714 [oasis.dune] INFO: DUNE-fem backend registered
2026-09-01 09:02:26,719 [oasis.registry] INFO: Registered backend: SPARTA (DSMC) (sparta)
2026-09-01 09:02:26,719 [oasis.sparta] INFO: SPARTA (DSMC) backend registered
2026-09-01 09:02:26,719 [oasis] INFO: Starting OASiS MCP server
2026-09-01 09:02:26,728 [mcp.server.lowlevel.server] INFO: Processing request of type CallToolRequest
2026-09-01 09:02:26,733 [mcp.server.lowlevel.server] INFO: Processing request of type ListToolsRequest
/home/alexander/Schreibtisch/ofa-v2/langgraph_eval/agent.py:381: RuntimeWarning: This package (`duckduckgo_search`) has been renamed to `ddgs`! Use `pip install ddgs` instead.
  with DDGS() as ddgs:
/home/alexander/Schreibtisch/ofa-v2/langgraph_eval/agent.py:381: RuntimeWarning: This package (`duckduckgo_search`) has been renamed to `ddgs`! Use `pip install ddgs` instead.
  with DDGS() as ddgs:
/home/alexander/Schreibtisch/ofa-v2/langgraph_eval/agent.py:381: RuntimeWarning: This package (`duckduckgo_search`) has been renamed to `ddgs`! Use `pip install ddgs` instead.
  with DDGS() as ddgs:
/home/alexander/Schreibtisch/ofa-v2/langgraph_eval/agent.py:381: RuntimeWarning: This package (`duckduckgo_search`) has been renamed to `ddgs`! Use `pip install ddgs` instead.
  with DDGS() as ddgs:
2026-09-01 09:02:33,618 [oasis.registry] INFO: Loaded discovered config: 5 backends
2026-09-01 09:02:33,620 [oasis.registry] INFO: Registered backend: 4C Multiphysics (fourc)
2026-09-01 09:02:33,620 [oasis.registry] INFO: Registered backend: FEniCSx (dolfinx) (fenics)
2026-09-01 09:02:33,621 [oasis.registry] INFO: Registered backend: deal.II (dealii)
2026-09-01 09:02:33,624 [oasis.registry] INFO: Registered backend: FEBio (febio)
2026-09-01 09:02:33,627 [oasis.registry] INFO: Registered backend: NGSolve (ngsolve)
2026-09-01 09:02:33,627 [oasis.ngsolve] INFO: NGSolve backend registered
2026-09-01 09:02:33,629 [oasis.registry] INFO: Registered backend: scikit-fem (skfem)
2026-09-01 09:02:33,629 [oasis.skfem] INFO: scikit-fem backend registered
2026-09-01 09:02:33,633 [oasis.registry] INFO: Registered backend: Kratos Multiphysics (kratos)
2026-09-01 09:02:33,633 [oasis.kratos] INFO: Kratos Multiphysics backend registered
2026-09-01 09:02:33,636 [oasis.registry] INFO: Registered backend: DUNE-fem (dune)
2026-09-01 09:02:33,636 [oasis.dune] INFO: DUNE-fem backend registered
2026-09-01 09:02:33,641 [oasis.registry] INFO: Registered backend: SPARTA (DSMC) (sparta)
2026-09-01 09:02:33,641 [oasis.sparta] INFO: SPARTA (DSMC) backend registered
2026-09-01 09:02:33,641 [oasis] INFO: Starting OASiS MCP server
2026-09-01 09:02:33,649 [mcp.server.lowlevel.server] INFO: Processing request of type CallToolRequest
2026-09-01 09:02:33,653 [mcp.server.lowlevel.server] INFO: Processing request of type ListToolsRequest
2026-09-01 09:02:33,659 [oasis] INFO: Session journal saved: /home/alexander/Schreibtisch/ofa-v2/data/sessions/session_aa2c37ec-710e-4db8-a24d-9ee271da8673.json (1 events)
2026-09-01 09:02:33,776 [oasis.registry] INFO: Loaded discovered config: 5 backends
2026-09-01 09:02:33,778 [oasis.registry] INFO: Registered backend: 4C Multiphysics (fourc)
2026-09-01 09:02:33,778 [oasis.registry] INFO: Registered backend: FEniCSx (dolfinx) (fenics)
2026-09-01 09:02:33,779 [oasis.registry] INFO: Registered backend: deal.II (dealii)
2026-09-01 09:02:33,782 [oasis.registry] INFO: Registered backend: FEBio (febio)
2026-09-01 09:02:33,784 [oasis.registry] INFO: Registered backend: NGSolve (ngsolve)
2026-09-01 09:02:33,784 [oasis.ngsolve] INFO: NGSolve backend registered
2026-09-01 09:02:33,787 [oasis.registry] INFO: Registered backend: scikit-fem (skfem)
2026-09-01 09:02:33,787 [oasis.skfem] INFO: scikit-fem backend registered
2026-09-01 09:02:33,790 [oasis.registry] INFO: Registered backend: Kratos Multiphysics (kratos)
2026-09-01 09:02:33,791 [oasis.kratos] INFO: Kratos Multiphysics backend registered
2026-09-01 09:02:33,793 [oasis.registry] INFO: Registered backend: DUNE-fem (dune)
2026-09-01 09:02:33,793 [oasis.dune] INFO: DUNE-fem backend registered
2026-09-01 09:02:33,798 [oasis.registry] INFO: Registered backend: SPARTA (DSMC) (sparta)
2026-09-01 09:02:33,798 [oasis.sparta] INFO: SPARTA (DSMC) backend registered
2026-09-01 09:02:33,798 [oasis] INFO: Starting OASiS MCP server
2026-09-01 09:02:33,805 [mcp.server.lowlevel.server] INFO: Processing request of type CallToolRequest
2026-09-01 09:02:33,809 [mcp.server.lowlevel.server] INFO: Processing request of type ListToolsRequest
2026-09-01 09:02:38,838 [oasis.registry] INFO: Loaded discovered config: 5 backends
2026-09-01 09:02:38,840 [oasis.registry] INFO: Registered backend: 4C Multiphysics (fourc)
2026-09-01 09:02:38,841 [oasis.registry] INFO: Registered backend: FEniCSx (dolfinx) (fenics)
2026-09-01 09:02:38,841 [oasis.registry] INFO: Registered backend: deal.II (dealii)
2026-09-01 09:02:38,844 [oasis.registry] INFO: Registered backend: FEBio (febio)
2026-09-01 09:02:38,847 [oasis.registry] INFO: Registered backend: NGSolve (ngsolve)
2026-09-01 09:02:38,847 [oasis.ngsolve] INFO: NGSolve backend registered
2026-09-01 09:02:38,849 [oasis.registry] INFO: Registered backend: scikit-fem (skfem)
2026-09-01 09:02:38,850 [oasis.skfem] INFO: scikit-fem backend registered
2026-09-01 09:02:38,853 [oasis.registry] INFO: Registered backend: Kratos Multiphysics (kratos)
2026-09-01 09:02:38,853 [oasis.kratos] INFO: Kratos Multiphysics backend registered
2026-09-01 09:02:38,855 [oasis.registry] INFO: Registered backend: DUNE-fem (dune)
2026-09-01 09:02:38,856 [oasis.dune] INFO: DUNE-fem backend registered
2026-09-01 09:02:38,861 [oasis.registry] INFO: Registered backend: SPARTA (DSMC) (sparta)
2026-09-01 09:02:38,861 [oasis.sparta] INFO: SPARTA (DSMC) backend registered
2026-09-01 09:02:38,861 [oasis] INFO: Starting OASiS MCP server
2026-09-01 09:02:38,867 [mcp.server.lowlevel.server] INFO: Processing request of type CallToolRequest
2026-09-01 09:02:38,872 [mcp.server.lowlevel.server] INFO: Processing request of type ListToolsRequest
2026-09-01 09:02:38,877 [oasis] INFO: Session journal saved: /home/alexander/Schreibtisch/ofa-v2/data/sessions/session_12603eca-50af-45c3-bb58-3d85832db924.json (1 events)
2026-09-01 09:02:44,458 [oasis.registry] INFO: Loaded discovered config: 5 backends
2026-09-01 09:02:44,460 [oasis.registry] INFO: Registered backend: 4C Multiphysics (fourc)
2026-09-01 09:02:44,460 [oasis.registry] INFO: Registered backend: FEniCSx (dolfinx) (fenics)
2026-09-01 09:02:44,461 [oasis.registry] INFO: Registered backend: deal.II (dealii)
2026-09-01 09:02:44,464 [oasis.registry] INFO: Registered backend: FEBio (febio)
2026-09-01 09:02:44,466 [oasis.registry] INFO: Registered backend: NGSolve (ngsolve)
2026-09-01 09:02:44,467 [oasis.ngsolve] INFO: NGSolve backend registered
2026-09-01 09:02:44,469 [oasis.registry] INFO: Registered backend: scikit-fem (skfem)
2026-09-01 09:02:44,469 [oasis.skfem] INFO: scikit-fem backend registered
2026-09-01 09:02:44,473 [oasis.registry] INFO: Registered backend: Kratos Multiphysics (kratos)
2026-09-01 09:02:44,473 [oasis.kratos] INFO: Kratos Multiphysics backend registered
2026-09-01 09:02:44,475 [oasis.registry] INFO: Registered backend: DUNE-fem (dune)
2026-09-01 09:02:44,475 [oasis.dune] INFO: DUNE-fem backend registered
2026-09-01 09:02:44,480 [oasis.registry] INFO: Registered backend: SPARTA (DSMC) (sparta)
2026-09-01 09:02:44,480 [oasis.sparta] INFO: SPARTA (DSMC) backend registered
2026-09-01 09:02:44,480 [oasis] INFO: Starting OASiS MCP server
2026-09-01 09:02:44,488 [mcp.server.lowlevel.server] INFO: Processing request of type CallToolRequest
2026-09-01 09:02:44,493 [mcp.server.lowlevel.server] INFO: Processing request of type ListToolsRequest
2026-09-01 09:02:44,499 [oasis] INFO: Session journal saved: /home/alexander/Schreibtisch/ofa-v2/data/sessions/session_7b31bc94-1a3e-472a-b4e1-2093c3729692.json (1 events)
2026-09-01 09:02:59,987 [oasis.registry] INFO: Loaded discovered config: 5 backends
2026-09-01 09:02:59,989 [oasis.registry] INFO: Registered backend: 4C Multiphysics (fourc)
2026-09-01 09:02:59,989 [oasis.registry] INFO: Registered backend: FEniCSx (dolfinx) (fenics)
2026-09-01 09:02:59,990 [oasis.registry] INFO: Registered backend: deal.II (dealii)
2026-09-01 09:02:59,993 [oasis.registry] INFO: Registered backend: FEBio (febio)
2026-09-01 09:02:59,995 [oasis.registry] INFO: Registered backend: NGSolve (ngsolve)
2026-09-01 09:02:59,995 [oasis.ngsolve] INFO: NGSolve backend registered
2026-09-01 09:02:59,998 [oasis.registry] INFO: Registered backend: scikit-fem (skfem)
2026-09-01 09:02:59,998 [oasis.skfem] INFO: scikit-fem backend registered
2026-09-01 09:03:00,001 [oasis.registry] INFO: Registered backend: Kratos Multiphysics (kratos)
2026-09-01 09:03:00,002 [oasis.kratos] INFO: Kratos Multiphysics backend registered
2026-09-01 09:03:00,004 [oasis.registry] INFO: Registered backend: DUNE-fem (dune)
2026-09-01 09:03:00,004 [oasis.dune] INFO: DUNE-fem backend registered
2026-09-01 09:03:00,009 [oasis.registry] INFO: Registered backend: SPARTA (DSMC) (sparta)
2026-09-01 09:03:00,009 [oasis.sparta] INFO: SPARTA (DSMC) backend registered
2026-09-01 09:03:00,009 [oasis] INFO: Starting OASiS MCP server
2026-09-01 09:03:00,016 [mcp.server.lowlevel.server] INFO: Processing request of type CallToolRequest
2026-09-01 09:03:00,059 [mcp.server.lowlevel.server] INFO: Processing request of type ListToolsRequest
2026-09-01 09:03:18,236 [oasis.registry] INFO: Loaded discovered config: 5 backends
2026-09-01 09:03:18,238 [oasis.registry] INFO: Registered backend: 4C Multiphysics (fourc)
2026-09-01 09:03:18,239 [oasis.registry] INFO: Registered backend: FEniCSx (dolfinx) (fenics)
2026-09-01 09:03:18,239 [oasis.registry] INFO: Registered backend: deal.II (dealii)
2026-09-01 09:03:18,243 [oasis.registry] INFO: Registered backend: FEBio (febio)
2026-09-01 09:03:18,245 [oasis.registry] INFO: Registered backend: NGSolve (ngsolve)
2026-09-01 09:03:18,245 [oasis.ngsolve] INFO: NGSolve backend registered
2026-09-01 09:03:18,248 [oasis.registry] INFO: Registered backend: scikit-fem (skfem)
2026-09-01 09:03:18,248 [oasis.skfem] INFO: scikit-fem backend registered
2026-09-01 09:03:18,251 [oasis.registry] INFO: Registered backend: Kratos Multiphysics (kratos)
2026-09-01 09:03:18,251 [oasis.kratos] INFO: Kratos Multiphysics backend registered
2026-09-01 09:03:18,254 [oasis.registry] INFO: Registered backend: DUNE-fem (dune)
2026-09-01 09:03:18,254 [oasis.dune] INFO: DUNE-fem backend registered
2026-09-01 09:03:18,258 [oasis.registry] INFO: Registered backend: SPARTA (DSMC) (sparta)
2026-09-01 09:03:18,259 [oasis.sparta] INFO: SPARTA (DSMC) backend registered
2026-09-01 09:03:18,259 [oasis] INFO: Starting OASiS MCP server
2026-09-01 09:03:18,265 [mcp.server.lowlevel.server] INFO: Processing request of type CallToolRequest
2026-09-01 09:03:18,272 [mcp.server.lowlevel.server] INFO: Processing request of type ListToolsRequest
2026-09-01 09:03:35,870 [oasis.registry] INFO: Loaded discovered config: 5 backends
2026-09-01 09:03:35,872 [oasis.registry] INFO: Registered backend: 4C Multiphysics (fourc)
2026-09-01 09:03:35,873 [oasis.registry] INFO: Registered backend: FEniCSx (dolfinx) (fenics)
2026-09-01 09:03:35,873 [oasis.registry] INFO: Registered backend: deal.II (dealii)
2026-09-01 09:03:35,876 [oasis.registry] INFO: Registered backend: FEBio (febio)
2026-09-01 09:03:35,879 [oasis.registry] INFO: Registered backend: NGSolve (ngsolve)
2026-09-01 09:03:35,879 [oasis.ngsolve] INFO: NGSolve backend registered
2026-09-01 09:03:35,881 [oasis.registry] INFO: Registered backend: scikit-fem (skfem)
2026-09-01 09:03:35,881 [oasis.skfem] INFO: scikit-fem backend registered
2026-09-01 09:03:35,885 [oasis.registry] INFO: Registered backend: Kratos Multiphysics (kratos)
2026-09-01 09:03:35,885 [oasis.kratos] INFO: Kratos Multiphysics backend registered
2026-09-01 09:03:35,887 [oasis.registry] INFO: Registered backend: DUNE-fem (dune)
2026-09-01 09:03:35,887 [oasis.dune] INFO: DUNE-fem backend registered
2026-09-01 09:03:35,892 [oasis.registry] INFO: Registered backend: SPARTA (DSMC) (sparta)
2026-09-01 09:03:35,892 [oasis.sparta] INFO: SPARTA (DSMC) backend registered
2026-09-01 09:03:35,892 [oasis] INFO: Starting OASiS MCP server
2026-09-01 09:03:35,899 [mcp.server.lowlevel.server] INFO: Processing request of type CallToolRequest
2026-09-01 09:03:35,970 [mcp.server.lowlevel.server] INFO: Processing request of type ListToolsRequest
2026-09-01 09:03:35,975 [oasis] INFO: Session journal saved: /home/alexander/Schreibtisch/ofa-v2/data/sessions/session_67c0659a-d9a7-42fc-b9b2-e3015dd417e3.json (1 events)
/home/alexander/Schreibtisch/ofa-v2/langgraph_eval/agent.py:456: LangGraphDeprecatedSinceV10: create_react_agent has been moved to `langchain.agents`. Please update your import to `from langchain.agents import create_agent`. Deprecated in LangGraph V1.0 to be removed in V2.0.
  sub_agent = create_react_agent(
2026-09-01 09:03:54,071 [oasis.registry] INFO: Loaded discovered config: 5 backends
2026-09-01 09:03:54,073 [oasis.registry] INFO: Registered backend: 4C Multiphysics (fourc)
2026-09-01 09:03:54,074 [oasis.registry] INFO: Registered backend: FEniCSx (dolfinx) (fenics)
2026-09-01 09:03:54,074 [oasis.registry] INFO: Registered backend: deal.II (dealii)
2026-09-01 09:03:54,078 [oasis.registry] INFO: Registered backend: FEBio (febio)
2026-09-01 09:03:54,080 [oasis.registry] INFO: Registered backend: NGSolve (ngsolve)
2026-09-01 09:03:54,080 [oasis.ngsolve] INFO: NGSolve backend registered
2026-09-01 09:03:54,082 [oasis.registry] INFO: Registered backend: scikit-fem (skfem)
2026-09-01 09:03:54,083 [oasis.skfem] INFO: scikit-fem backend registered
2026-09-01 09:03:54,086 [oasis.registry] INFO: Registered backend: Kratos Multiphysics (kratos)
2026-09-01 09:03:54,086 [oasis.kratos] INFO: Kratos Multiphysics backend registered
2026-09-01 09:03:54,088 [oasis.registry] INFO: Registered backend: DUNE-fem (dune)
2026-09-01 09:03:54,089 [oasis.dune] INFO: DUNE-fem backend registered
2026-09-01 09:03:54,093 [oasis.registry] INFO: Registered backend: SPARTA (DSMC) (sparta)
2026-09-01 09:03:54,094 [oasis.sparta] INFO: SPARTA (DSMC) backend registered
2026-09-01 09:03:54,094 [oasis] INFO: Starting OASiS MCP server
2026-09-01 09:03:54,100 [mcp.server.lowlevel.server] INFO: Processing request of type CallToolRequest
2026-09-01 09:03:54,103 [mcp.server.lowlevel.server] INFO: Processing request of type ListToolsRequest
/home/alexander/Schreibtisch/ofa-v2/langgraph_eval/agent.py:381: RuntimeWarning: This package (`duckduckgo_search`) has been renamed to `ddgs`! Use `pip install ddgs` instead.
  with DDGS() as ddgs:
/home/alexander/Schreibtisch/ofa-v2/langgraph_eval/agent.py:381: RuntimeWarning: This package (`duckduckgo_search`) has been renamed to `ddgs`! Use `pip install ddgs` instead.
  with DDGS() as ddgs:
2026-09-01 09:03:58,623 [oasis.registry] INFO: Loaded discovered config: 5 backends
2026-09-01 09:03:58,625 [oasis.registry] INFO: Registered backend: 4C Multiphysics (fourc)
2026-09-01 09:03:58,626 [oasis.registry] INFO: Registered backend: FEniCSx (dolfinx) (fenics)
2026-09-01 09:03:58,626 [oasis.registry] INFO: Registered backend: deal.II (dealii)
2026-09-01 09:03:58,629 [oasis.registry] INFO: Registered backend: FEBio (febio)
2026-09-01 09:03:58,632 [oasis.registry] INFO: Registered backend: NGSolve (ngsolve)
2026-09-01 09:03:58,632 [oasis.ngsolve] INFO: NGSolve backend registered
2026-09-01 09:03:58,634 [oasis.registry] INFO: Registered backend: scikit-fem (skfem)
2026-09-01 09:03:58,634 [oasis.skfem] INFO: scikit-fem backend registered
2026-09-01 09:03:58,638 [oasis.registry] INFO: Registered backend: Kratos Multiphysics (kratos)
2026-09-01 09:03:58,638 [oasis.kratos] INFO: Kratos Multiphysics backend registered
2026-09-01 09:03:58,640 [oasis.registry] INFO: Registered backend: DUNE-fem (dune)
2026-09-01 09:03:58,641 [oasis.dune] INFO: DUNE-fem backend registered
2026-09-01 09:03:58,646 [oasis.registry] INFO: Registered backend: SPARTA (DSMC) (sparta)
2026-09-01 09:03:58,646 [oasis.sparta] INFO: SPARTA (DSMC) backend registered
2026-09-01 09:03:58,646 [oasis] INFO: Starting OASiS MCP server
2026-09-01 09:03:58,653 [mcp.server.lowlevel.server] INFO: Processing request of type CallToolRequest
2026-09-01 09:03:58,660 [mcp.server.lowlevel.server] INFO: Processing request of type ListToolsRequest
2026-09-01 09:03:58,666 [oasis] INFO: Session journal saved: /home/alexander/Schreibtisch/ofa-v2/data/sessions/session_a5d3e64b-6a8e-41ff-8275-f069c4868f58.json (1 events)
/home/alexander/Schreibtisch/ofa-v2/langgraph_eval/agent.py:381: RuntimeWarning: This package (`duckduckgo_search`) has been renamed to `ddgs`! Use `pip install ddgs` instead.
  with DDGS() as ddgs:
2026-09-01 09:04:01,739 [oasis.registry] INFO: Loaded discovered config: 5 backends
2026-09-01 09:04:01,741 [oasis.registry] INFO: Registered backend: 4C Multiphysics (fourc)
2026-09-01 09:04:01,741 [oasis.registry] INFO: Registered backend: FEniCSx (dolfinx) (fenics)
2026-09-01 09:04:01,742 [oasis.registry] INFO: Registered backend: deal.II (dealii)
2026-09-01 09:04:01,745 [oasis.registry] INFO: Registered backend: FEBio (febio)
2026-09-01 09:04:01,747 [oasis.registry] INFO: Registered backend: NGSolve (ngsolve)
2026-09-01 09:04:01,748 [oasis.ngsolve] INFO: NGSolve backend registered
2026-09-01 09:04:01,750 [oasis.registry] INFO: Registered backend: scikit-fem (skfem)
2026-09-01 09:04:01,750 [oasis.skfem] INFO: scikit-fem backend registered
2026-09-01 09:04:01,754 [oasis.registry] INFO: Registered backend: Kratos Multiphysics (kratos)
2026-09-01 09:04:01,754 [oasis.kratos] INFO: Kratos Multiphysics backend registered
2026-09-01 09:04:01,756 [oasis.registry] INFO: Registered backend: DUNE-fem (dune)
2026-09-01 09:04:01,756 [oasis.dune] INFO: DUNE-fem backend registered
2026-09-01 09:04:01,761 [oasis.registry] INFO: Registered backend: SPARTA (DSMC) (sparta)
2026-09-01 09:04:01,761 [oasis.sparta] INFO: SPARTA (DSMC) backend registered
2026-09-01 09:04:01,761 [oasis] INFO: Starting OASiS MCP server
2026-09-01 09:04:01,768 [mcp.server.lowlevel.server] INFO: Processing request of type CallToolRequest
2026-09-01 09:04:01,771 [mcp.server.lowlevel.server] INFO: Processing request of type ListToolsRequest
2026-09-01 09:04:12,331 [oasis.registry] INFO: Loaded discovered config: 5 backends
2026-09-01 09:04:12,333 [oasis.registry] INFO: Registered backend: 4C Multiphysics (fourc)
2026-09-01 09:04:12,334 [oasis.registry] INFO: Registered backend: FEniCSx (dolfinx) (fenics)
2026-09-01 09:04:12,334 [oasis.registry] INFO: Registered backend: deal.II (dealii)
2026-09-01 09:04:12,337 [oasis.registry] INFO: Registered backend: FEBio (febio)
2026-09-01 09:04:12,340 [oasis.registry] INFO: Registered backend: NGSolve (ngsolve)
2026-09-01 09:04:12,340 [oasis.ngsolve] INFO: NGSolve backend registered
2026-09-01 09:04:12,342 [oasis.registry] INFO: Registered backend: scikit-fem (skfem)
2026-09-01 09:04:12,342 [oasis.skfem] INFO: scikit-fem backend registered
2026-09-01 09:04:12,346 [oasis.registry] INFO: Registered backend: Kratos Multiphysics (kratos)
2026-09-01 09:04:12,346 [oasis.kratos] INFO: Kratos Multiphysics backend registered
2026-09-01 09:04:12,348 [oasis.registry] INFO: Registered backend: DUNE-fem (dune)
2026-09-01 09:04:12,348 [oasis.dune] INFO: DUNE-fem backend registered
2026-09-01 09:04:12,353 [oasis.registry] INFO: Registered backend: SPARTA (DSMC) (sparta)
2026-09-01 09:04:12,353 [oasis.sparta] INFO: SPARTA (DSMC) backend registered
2026-09-01 09:04:12,353 [oasis] INFO: Starting OASiS MCP server
2026-09-01 09:04:12,360 [mcp.server.lowlevel.server] INFO: Processing request of type CallToolRequest
2026-09-01 09:04:12,363 [mcp.server.lowlevel.server] INFO: Processing request of type ListToolsRequest
2026-09-01 09:04:18,558 [oasis.registry] INFO: Loaded discovered config: 5 backends
2026-09-01 09:04:18,560 [oasis.registry] INFO: Registered backend: 4C Multiphysics (fourc)
2026-09-01 09:04:18,561 [oasis.registry] INFO: Registered backend: FEniCSx (dolfinx) (fenics)
2026-09-01 09:04:18,561 [oasis.registry] INFO: Registered backend: deal.II (dealii)
2026-09-01 09:04:18,564 [oasis.registry] INFO: Registered backend: FEBio (febio)
2026-09-01 09:04:18,567 [oasis.registry] INFO: Registered backend: NGSolve (ngsolve)
2026-09-01 09:04:18,567 [oasis.ngsolve] INFO: NGSolve backend registered
2026-09-01 09:04:18,569 [oasis.registry] INFO: Registered backend: scikit-fem (skfem)
2026-09-01 09:04:18,569 [oasis.skfem] INFO: scikit-fem backend registered
2026-09-01 09:04:18,573 [oasis.registry] INFO: Registered backend: Kratos Multiphysics (kratos)
2026-09-01 09:04:18,573 [oasis.kratos] INFO: Kratos Multiphysics backend registered
2026-09-01 09:04:18,575 [oasis.registry] INFO: Registered backend: DUNE-fem (dune)
2026-09-01 09:04:18,575 [oasis.dune] INFO: DUNE-fem backend registered
2026-09-01 09:04:18,580 [oasis.registry] INFO: Registered backend: SPARTA (DSMC) (sparta)
2026-09-01 09:04:18,580 [oasis.sparta] INFO: SPARTA (DSMC) backend registered
2026-09-01 09:04:18,581 [oasis] INFO: Starting OASiS MCP server
2026-09-01 09:04:18,587 [mcp.server.lowlevel.server] INFO: Processing request of type CallToolRequest
2026-09-01 09:04:20,310 [mcp.server.lowlevel.server] INFO: Processing request of type ListToolsRequest
2026-09-01 09:04:20,318 [oasis] INFO: Session journal saved: /home/alexander/Schreibtisch/ofa-v2/data/sessions/session_b0a82e3c-7611-474d-8d24-ecc142326aff.json (2 events)
2026-09-01 09:04:24,672 [oasis.registry] INFO: Loaded discovered config: 5 backends
2026-09-01 09:04:24,674 [oasis.registry] INFO: Registered backend: 4C Multiphysics (fourc)
2026-09-01 09:04:24,674 [oasis.registry] INFO: Registered backend: FEniCSx (dolfinx) (fenics)
2026-09-01 09:04:24,675 [oasis.registry] INFO: Registered backend: deal.II (dealii)
2026-09-01 09:04:24,678 [oasis.registry] INFO: Registered backend: FEBio (febio)
2026-09-01 09:04:24,680 [oasis.registry] INFO: Registered backend: NGSolve (ngsolve)
2026-09-01 09:04:24,680 [oasis.ngsolve] INFO: NGSolve backend registered
2026-09-01 09:04:24,683 [oasis.registry] INFO: Registered backend: scikit-fem (skfem)
2026-09-01 09:04:24,683 [oasis.skfem] INFO: scikit-fem backend registered
2026-09-01 09:04:24,687 [oasis.registry] INFO: Registered backend: Kratos Multiphysics (kratos)
2026-09-01 09:04:24,687 [oasis.kratos] INFO: Kratos Multiphysics backend registered
2026-09-01 09:04:24,689 [oasis.registry] INFO: Registered backend: DUNE-fem (dune)
2026-09-01 09:04:24,689 [oasis.dune] INFO: DUNE-fem backend registered
2026-09-01 09:04:24,694 [oasis.registry] INFO: Registered backend: SPARTA (DSMC) (sparta)
2026-09-01 09:04:24,694 [oasis.sparta] INFO: SPARTA (DSMC) backend registered
2026-09-01 09:04:24,694 [oasis] INFO: Starting OASiS MCP server
2026-09-01 09:04:24,701 [mcp.server.lowlevel.server] INFO: Processing request of type CallToolRequest
2026-09-01 09:04:24,742 [mcp.server.lowlevel.server] INFO: Processing request of type ListToolsRequest
2026-09-01 09:04:24,748 [oasis] INFO: Session journal saved: /home/alexander/Schreibtisch/ofa-v2/data/sessions/session_ede951ba-cc47-423c-ae67-0687d4fcd6b6.json (1 events)
2026-09-01 09:05:02,286 [oasis.registry] INFO: Loaded discovered config: 5 backends
2026-09-01 09:05:02,288 [oasis.registry] INFO: Registered backend: 4C Multiphysics (fourc)
2026-09-01 09:05:02,289 [oasis.registry] INFO: Registered backend: FEniCSx (dolfinx) (fenics)
2026-09-01 09:05:02,289 [oasis.registry] INFO: Registered backend: deal.II (dealii)
2026-09-01 09:05:02,292 [oasis.registry] INFO: Registered backend: FEBio (febio)
2026-09-01 09:05:02,295 [oasis.registry] INFO: Registered backend: NGSolve (ngsolve)
2026-09-01 09:05:02,295 [oasis.ngsolve] INFO: NGSolve backend registered
2026-09-01 09:05:02,297 [oasis.registry] INFO: Registered backend: scikit-fem (skfem)
2026-09-01 09:05:02,297 [oasis.skfem] INFO: scikit-fem backend registered
2026-09-01 09:05:02,301 [oasis.registry] INFO: Registered backend: Kratos Multiphysics (kratos)
2026-09-01 09:05:02,301 [oasis.kratos] INFO: Kratos Multiphysics backend registered
2026-09-01 09:05:02,303 [oasis.registry] INFO: Registered backend: DUNE-fem (dune)
2026-09-01 09:05:02,303 [oasis.dune] INFO: DUNE-fem backend registered
2026-09-01 09:05:02,308 [oasis.registry] INFO: Registered backend: SPARTA (DSMC) (sparta)
2026-09-01 09:05:02,308 [oasis.sparta] INFO: SPARTA (DSMC) backend registered
2026-09-01 09:05:02,308 [oasis] INFO: Starting OASiS MCP server
2026-09-01 09:05:02,315 [mcp.server.lowlevel.server] INFO: Processing request of type CallToolRequest
2026-09-01 09:05:02,319 [mcp.server.lowlevel.server] INFO: Processing request of type ListToolsRequest
2026-09-01 09:05:25,634 [oasis.registry] INFO: Loaded discovered config: 5 backends
2026-09-01 09:05:25,636 [oasis.registry] INFO: Registered backend: 4C Multiphysics (fourc)
2026-09-01 09:05:25,637 [oasis.registry] INFO: Registered backend: FEniCSx (dolfinx) (fenics)
2026-09-01 09:05:25,637 [oasis.registry] INFO: Registered backend: deal.II (dealii)
2026-09-01 09:05:25,640 [oasis.registry] INFO: Registered backend: FEBio (febio)
2026-09-01 09:05:25,643 [oasis.registry] INFO: Registered backend: NGSolve (ngsolve)
2026-09-01 09:05:25,643 [oasis.ngsolve] INFO: NGSolve backend registered
2026-09-01 09:05:25,645 [oasis.registry] INFO: Registered backend: scikit-fem (skfem)
2026-09-01 09:05:25,645 [oasis.skfem] INFO: scikit-fem backend registered
2026-09-01 09:05:25,649 [oasis.registry] INFO: Registered backend: Kratos Multiphysics (kratos)
2026-09-01 09:05:25,649 [oasis.kratos] INFO: Kratos Multiphysics backend registered
2026-09-01 09:05:25,651 [oasis.registry] INFO: Registered backend: DUNE-fem (dune)
2026-09-01 09:05:25,651 [oasis.dune] INFO: DUNE-fem backend registered
2026-09-01 09:05:25,657 [oasis.registry] INFO: Registered backend: SPARTA (DSMC) (sparta)
2026-09-01 09:05:25,657 [oasis.sparta] INFO: SPARTA (DSMC) backend registered
2026-09-01 09:05:25,657 [oasis] INFO: Starting OASiS MCP server
2026-09-01 09:05:25,664 [mcp.server.lowlevel.server] INFO: Processing request of type CallToolRequest
2026-09-01 09:05:27,407 [mcp.server.lowlevel.server] INFO: Processing request of type ListToolsRequest
2026-09-01 09:05:27,415 [oasis] INFO: Session journal saved: /home/alexander/Schreibtisch/ofa-v2/data/sessions/session_24f16826-7dfb-4591-ba90-15431008bce6.json (2 events)
/home/alexander/Schreibtisch/ofa-v2/langgraph_eval/agent.py:456: LangGraphDeprecatedSinceV10: create_react_agent has been moved to `langchain.agents`. Please update your import to `from langchain.agents import create_agent`. Deprecated in LangGraph V1.0 to be removed in V2.0.
  sub_agent = create_react_agent(
/home/alexander/Schreibtisch/ofa-v2/langgraph_eval/agent.py:381: RuntimeWarning: This package (`duckduckgo_search`) has been renamed to `ddgs`! Use `pip install ddgs` instead.
  with DDGS() as ddgs:
/home/alexander/Schreibtisch/ofa-v2/langgraph_eval/agent.py:381: RuntimeWarning: This package (`duckduckgo_search`) has been renamed to `ddgs`! Use `pip install ddgs` instead.
  with DDGS() as ddgs:
/home/alexander/Schreibtisch/ofa-v2/langgraph_eval/agent.py:381: RuntimeWarning: This package (`duckduckgo_search`) has been renamed to `ddgs`! Use `pip install ddgs` instead.
  with DDGS() as ddgs:
/home/alexander/Schreibtisch/ofa-v2/langgraph_eval/agent.py:381: RuntimeWarning: This package (`duckduckgo_search`) has been renamed to `ddgs`! Use `pip install ddgs` instead.
  with DDGS() as ddgs:
/home/alexander/Schreibtisch/ofa-v2/langgraph_eval/agent.py:381: RuntimeWarning: This package (`duckduckgo_search`) has been renamed to `ddgs`! Use `pip install ddgs` instead.
  with DDGS() as ddgs:
2026-09-01 09:06:02,666 [oasis.registry] INFO: Loaded discovered config: 5 backends
2026-09-01 09:06:02,668 [oasis.registry] INFO: Registered backend: 4C Multiphysics (fourc)
2026-09-01 09:06:02,669 [oasis.registry] INFO: Registered backend: FEniCSx (dolfinx) (fenics)
2026-09-01 09:06:02,670 [oasis.registry] INFO: Registered backend: deal.II (dealii)
2026-09-01 09:06:02,673 [oasis.registry] INFO: Registered backend: FEBio (febio)
2026-09-01 09:06:02,675 [oasis.registry] INFO: Registered backend: NGSolve (ngsolve)
2026-09-01 09:06:02,675 [oasis.ngsolve] INFO: NGSolve backend registered
2026-09-01 09:06:02,678 [oasis.registry] INFO: Registered backend: scikit-fem (skfem)
2026-09-01 09:06:02,678 [oasis.skfem] INFO: scikit-fem backend registered
2026-09-01 09:06:02,681 [oasis.registry] INFO: Registered backend: Kratos Multiphysics (kratos)
2026-09-01 09:06:02,681 [oasis.kratos] INFO: Kratos Multiphysics backend registered
2026-09-01 09:06:02,684 [oasis.registry] INFO: Registered backend: DUNE-fem (dune)
2026-09-01 09:06:02,684 [oasis.dune] INFO: DUNE-fem backend registered
2026-09-01 09:06:02,689 [oasis.registry] INFO: Registered backend: SPARTA (DSMC) (sparta)
2026-09-01 09:06:02,689 [oasis.sparta] INFO: SPARTA (DSMC) backend registered
2026-09-01 09:06:02,689 [oasis] INFO: Starting OASiS MCP server
2026-09-01 09:06:02,695 [mcp.server.lowlevel.server] INFO: Processing request of type CallToolRequest
2026-09-01 09:06:02,700 [mcp.server.lowlevel.server] INFO: Processing request of type ListToolsRequest
2026-09-01 09:06:02,705 [oasis] INFO: Session journal saved: /home/alexander/Schreibtisch/ofa-v2/data/sessions/session_77372378-f33b-4627-b799-cb9724d40834.json (1 events)
/home/alexander/Schreibtisch/ofa-v2/langgraph_eval/agent.py:381: RuntimeWarning: This package (`duckduckgo_search`) has been renamed to `ddgs`! Use `pip install ddgs` instead.
  with DDGS() as ddgs:
/home/alexander/Schreibtisch/ofa-v2/langgraph_eval/agent.py:381: RuntimeWarning: This package (`duckduckgo_search`) has been renamed to `ddgs`! Use `pip install ddgs` instead.
  with DDGS() as ddgs:
/home/alexander/Schreibtisch/ofa-v2/langgraph_eval/agent.py:381: RuntimeWarning: This package (`duckduckgo_search`) has been renamed to `ddgs`! Use `pip install ddgs` instead.
  with DDGS() as ddgs:
/home/alexander/Schreibtisch/ofa-v2/langgraph_eval/agent.py:381: RuntimeWarning: This package (`duckduckgo_search`) has been renamed to `ddgs`! Use `pip install ddgs` instead.
  with DDGS() as ddgs:
/home/alexander/Schreibtisch/ofa-v2/langgraph_eval/agent.py:381: RuntimeWarning: This package (`duckduckgo_search`) has been renamed to `ddgs`! Use `pip install ddgs` instead.
  with DDGS() as ddgs:
/home/alexander/Schreibtisch/ofa-v2/langgraph_eval/agent.py:381: RuntimeWarning: This package (`duckduckgo_search`) has been renamed to `ddgs`! Use `pip install ddgs` instead.
  with DDGS() as ddgs:
/home/alexander/Schreibtisch/ofa-v2/langgraph_eval/agent.py:456: LangGraphDeprecatedSinceV10: create_react_agent has been moved to `langchain.agents`. Please update your import to `from langchain.agents import create_agent`. Deprecated in LangGraph V1.0 to be removed in V2.0.
  sub_agent = create_react_agent(
2026-09-01 09:08:33,937 [oasis.registry] INFO: Loaded discovered config: 5 backends
2026-09-01 09:08:33,939 [oasis.registry] INFO: Registered backend: 4C Multiphysics (fourc)
2026-09-01 09:08:33,939 [oasis.registry] INFO: Registered backend: FEniCSx (dolfinx) (fenics)
2026-09-01 09:08:33,940 [oasis.registry] INFO: Registered backend: deal.II (dealii)
2026-09-01 09:08:33,943 [oasis.registry] INFO: Registered backend: FEBio (febio)
2026-09-01 09:08:33,946 [oasis.registry] INFO: Registered backend: NGSolve (ngsolve)
2026-09-01 09:08:33,946 [oasis.ngsolve] INFO: NGSolve backend registered
2026-09-01 09:08:33,948 [oasis.registry] INFO: Registered backend: scikit-fem (skfem)
2026-09-01 09:08:33,948 [oasis.skfem] INFO: scikit-fem backend registered
2026-09-01 09:08:33,952 [oasis.registry] INFO: Registered backend: Kratos Multiphysics (kratos)
2026-09-01 09:08:33,952 [oasis.kratos] INFO: Kratos Multiphysics backend registered
2026-09-01 09:08:33,954 [oasis.registry] INFO: Registered backend: DUNE-fem (dune)
2026-09-01 09:08:33,954 [oasis.dune] INFO: DUNE-fem backend registered
2026-09-01 09:08:33,959 [oasis.registry] INFO: Registered backend: SPARTA (DSMC) (sparta)
2026-09-01 09:08:33,959 [oasis.sparta] INFO: SPARTA (DSMC) backend registered
2026-09-01 09:08:33,959 [oasis] INFO: Starting OASiS MCP server
2026-09-01 09:08:33,966 [mcp.server.lowlevel.server] INFO: Processing request of type CallToolRequest
2026-09-01 09:08:34,011 [mcp.server.lowlevel.server] INFO: Processing request of type ListToolsRequest
2026-09-01 09:09:22,747 [oasis.registry] INFO: Loaded discovered config: 5 backends
2026-09-01 09:09:22,750 [oasis.registry] INFO: Registered backend: 4C Multiphysics (fourc)
2026-09-01 09:09:22,750 [oasis.registry] INFO: Registered backend: FEniCSx (dolfinx) (fenics)
2026-09-01 09:09:22,751 [oasis.registry] INFO: Registered backend: deal.II (dealii)
2026-09-01 09:09:22,754 [oasis.registry] INFO: Registered backend: FEBio (febio)
2026-09-01 09:09:22,756 [oasis.registry] INFO: Registered backend: NGSolve (ngsolve)
2026-09-01 09:09:22,756 [oasis.ngsolve] INFO: NGSolve backend registered
2026-09-01 09:09:22,759 [oasis.registry] INFO: Registered backend: scikit-fem (skfem)
2026-09-01 09:09:22,759 [oasis.skfem] INFO: scikit-fem backend registered
2026-09-01 09:09:22,762 [oasis.registry] INFO: Registered backend: Kratos Multiphysics (kratos)
2026-09-01 09:09:22,762 [oasis.kratos] INFO: Kratos Multiphysics backend registered
2026-09-01 09:09:22,765 [oasis.registry] INFO: Registered backend: DUNE-fem (dune)
2026-09-01 09:09:22,765 [oasis.dune] INFO: DUNE-fem backend registered
2026-09-01 09:09:22,770 [oasis.registry] INFO: Registered backend: SPARTA (DSMC) (sparta)
2026-09-01 09:09:22,770 [oasis.sparta] INFO: SPARTA (DSMC) backend registered
2026-09-01 09:09:22,770 [oasis] INFO: Starting OASiS MCP server
2026-09-01 09:09:22,777 [mcp.server.lowlevel.server] INFO: Processing request of type CallToolRequest
2026-09-01 09:09:22,816 [mcp.server.lowlevel.server] INFO: Processing request of type ListToolsRequest
2026-09-01 09:09:41,251 [oasis.registry] INFO: Loaded discovered config: 5 backends
2026-09-01 09:09:41,253 [oasis.registry] INFO: Registered backend: 4C Multiphysics (fourc)
2026-09-01 09:09:41,253 [oasis.registry] INFO: Registered backend: FEniCSx (dolfinx) (fenics)
2026-09-01 09:09:41,254 [oasis.registry] INFO: Registered backend: deal.II (dealii)
2026-09-01 09:09:41,257 [oasis.registry] INFO: Registered backend: FEBio (febio)
2026-09-01 09:09:41,259 [oasis.registry] INFO: Registered backend: NGSolve (ngsolve)
2026-09-01 09:09:41,259 [oasis.ngsolve] INFO: NGSolve backend registered
2026-09-01 09:09:41,262 [oasis.registry] INFO: Registered backend: scikit-fem (skfem)
2026-09-01 09:09:41,262 [oasis.skfem] INFO: scikit-fem backend registered
2026-09-01 09:09:41,265 [oasis.registry] INFO: Registered backend: Kratos Multiphysics (kratos)
2026-09-01 09:09:41,265 [oasis.kratos] INFO: Kratos Multiphysics backend registered
2026-09-01 09:09:41,268 [oasis.registry] INFO: Registered backend: DUNE-fem (dune)
2026-09-01 09:09:41,268 [oasis.dune] INFO: DUNE-fem backend registered
2026-09-01 09:09:41,273 [oasis.registry] INFO: Registered backend: SPARTA (DSMC) (sparta)
2026-09-01 09:09:41,273 [oasis.sparta] INFO: SPARTA (DSMC) backend registered
2026-09-01 09:09:41,273 [oasis] INFO: Starting OASiS MCP server
2026-09-01 09:09:41,280 [mcp.server.lowlevel.server] INFO: Processing request of type CallToolRequest
2026-09-01 09:09:41,300 [mcp.server.lowlevel.server] INFO: Processing request of type ListToolsRequest
[preflight] custody controls verified for 1 problem(s); keys sealed and unreadable by execution
[phase: development] results are for post-mortems and convergence checking, NOT for the paper's evaluation table.
[FC1 27b MCP s93] done  calls=34 tok=3805394/16289 577.9s
/home/alexander/Schreibtisch/ofa-v2/campaign3_blind/run_blind.py:941: ResourceWarning: unclosed file <_io.TextIOWrapper name='/home/alexander/Schreibtisch/ofa-v2/campaign3_blind/runs/FC1_27b_MCP_seed93/work/trajectory_live.txt' mode='a' encoding='utf-8'>
  run_one(pid, a.model, cond, a.seed, a.timeout)
ResourceWarning: Enable tracemalloc to get the object allocation traceback
/home/alexander/.local/share/python/cpython-3.12.13-linux-x86_64-gnu/lib/python3.12/asyncio/selector_events.py:879: ResourceWarning: unclosed transport <_SelectorSocketTransport fd=8>
2026-09-01 09:09:56,390 [oasis.registry] INFO: Loaded discovered config: 5 backends
2026-09-01 09:09:56,393 [oasis.registry] INFO: Registered backend: 4C Multiphysics (fourc)
2026-09-01 09:09:56,393 [oasis.registry] INFO: Registered backend: FEniCSx (dolfinx) (fenics)
2026-09-01 09:09:56,394 [oasis.registry] INFO: Registered backend: deal.II (dealii)
2026-09-01 09:09:56,397 [oasis.registry] INFO: Registered backend: FEBio (febio)
2026-09-01 09:09:56,399 [oasis.registry] INFO: Registered backend: NGSolve (ngsolve)
2026-09-01 09:09:56,399 [oasis.ngsolve] INFO: NGSolve backend registered
2026-09-01 09:09:56,402 [oasis.registry] INFO: Registered backend: scikit-fem (skfem)
2026-09-01 09:09:56,402 [oasis.skfem] INFO: scikit-fem backend registered
2026-09-01 09:09:56,406 [oasis.registry] INFO: Registered backend: Kratos Multiphysics (kratos)
2026-09-01 09:09:56,406 [oasis.kratos] INFO: Kratos Multiphysics backend registered
2026-09-01 09:09:56,408 [oasis.registry] INFO: Registered backend: DUNE-fem (dune)
2026-09-01 09:09:56,408 [oasis.dune] INFO: DUNE-fem backend registered
2026-09-01 09:09:56,413 [oasis.registry] INFO: Registered backend: SPARTA (DSMC) (sparta)
2026-09-01 09:09:56,413 [oasis.sparta] INFO: SPARTA (DSMC) backend registered
2026-09-01 09:09:56,413 [oasis] INFO: Starting OASiS MCP server
2026-09-01 09:09:56,421 [mcp.server.lowlevel.server] INFO: Processing request of type CallToolRequest
2026-09-01 09:09:56,426 [mcp.server.lowlevel.server] INFO: Processing request of type ListToolsRequest
2026-09-01 09:10:27,974 [oasis.registry] INFO: Loaded discovered config: 5 backends
2026-09-01 09:10:27,976 [oasis.registry] INFO: Registered backend: 4C Multiphysics (fourc)
2026-09-01 09:10:27,977 [oasis.registry] INFO: Registered backend: FEniCSx (dolfinx) (fenics)
2026-09-01 09:10:27,978 [oasis.registry] INFO: Registered backend: deal.II (dealii)
2026-09-01 09:10:27,981 [oasis.registry] INFO: Registered backend: FEBio (febio)
2026-09-01 09:10:27,983 [oasis.registry] INFO: Registered backend: NGSolve (ngsolve)
2026-09-01 09:10:27,983 [oasis.ngsolve] INFO: NGSolve backend registered
2026-09-01 09:10:27,986 [oasis.registry] INFO: Registered backend: scikit-fem (skfem)
2026-09-01 09:10:27,986 [oasis.skfem] INFO: scikit-fem backend registered
2026-09-01 09:10:27,990 [oasis.registry] INFO: Registered backend: Kratos Multiphysics (kratos)
2026-09-01 09:10:27,990 [oasis.kratos] INFO: Kratos Multiphysics backend registered
2026-09-01 09:10:27,992 [oasis.registry] INFO: Registered backend: DUNE-fem (dune)
2026-09-01 09:10:27,992 [oasis.dune] INFO: DUNE-fem backend registered
2026-09-01 09:10:27,997 [oasis.registry] INFO: Registered backend: SPARTA (DSMC) (sparta)
2026-09-01 09:10:27,997 [oasis.sparta] INFO: SPARTA (DSMC) backend registered
2026-09-01 09:10:27,997 [oasis] INFO: Starting OASiS MCP server
2026-09-01 09:10:28,004 [mcp.server.lowlevel.server] INFO: Processing request of type CallToolRequest
2026-09-01 09:10:28,039 [mcp.server.lowlevel.server] INFO: Processing request of type ListToolsRequest
/home/alexander/Schreibtisch/ofa-v2/langgraph_eval/agent.py:456: LangGraphDeprecatedSinceV10: create_react_agent has been moved to `langchain.agents`. Please update your import to `from langchain.agents import create_agent`. Deprecated in LangGraph V1.0 to be removed in V2.0.
  sub_agent = create_react_agent(
/home/alexander/Schreibtisch/ofa-v2/langgraph_eval/agent.py:381: RuntimeWarning: This package (`duckduckgo_search`) has been renamed to `ddgs`! Use `pip install ddgs` instead.
  with DDGS() as ddgs:
2026-09-01 09:10:52,082 [oasis.registry] INFO: Loaded discovered config: 5 backends
2026-09-01 09:10:52,084 [oasis.registry] INFO: Registered backend: 4C Multiphysics (fourc)
2026-09-01 09:10:52,085 [oasis.registry] INFO: Registered backend: FEniCSx (dolfinx) (fenics)
2026-09-01 09:10:52,085 [oasis.registry] INFO: Registered backend: deal.II (dealii)
2026-09-01 09:10:52,088 [oasis.registry] INFO: Registered backend: FEBio (febio)
2026-09-01 09:10:52,091 [oasis.registry] INFO: Registered backend: NGSolve (ngsolve)
2026-09-01 09:10:52,091 [oasis.ngsolve] INFO: NGSolve backend registered
2026-09-01 09:10:52,093 [oasis.registry] INFO: Registered backend: scikit-fem (skfem)
2026-09-01 09:10:52,094 [oasis.skfem] INFO: scikit-fem backend registered
2026-09-01 09:10:52,097 [oasis.registry] INFO: Registered backend: Kratos Multiphysics (kratos)
2026-09-01 09:10:52,097 [oasis.kratos] INFO: Kratos Multiphysics backend registered
2026-09-01 09:10:52,100 [oasis.registry] INFO: Registered backend: DUNE-fem (dune)
2026-09-01 09:10:52,100 [oasis.dune] INFO: DUNE-fem backend registered
2026-09-01 09:10:52,105 [oasis.registry] INFO: Registered backend: SPARTA (DSMC) (sparta)
2026-09-01 09:10:52,105 [oasis.sparta] INFO: SPARTA (DSMC) backend registered
2026-09-01 09:10:52,105 [oasis] INFO: Starting OASiS MCP server
2026-09-01 09:10:52,112 [mcp.server.lowlevel.server] INFO: Processing request of type CallToolRequest
2026-09-01 09:10:52,120 [mcp.server.lowlevel.server] INFO: Processing request of type ListToolsRequest
2026-09-01 09:10:52,125 [oasis] INFO: Session journal saved: /home/alexander/Schreibtisch/ofa-v2/data/sessions/session_f82bc480-c384-48b8-b0a1-63df81bfc343.json (1 events)
2026-09-01 09:10:56,869 [oasis.registry] INFO: Loaded discovered config: 5 backends
2026-09-01 09:10:56,871 [oasis.registry] INFO: Registered backend: 4C Multiphysics (fourc)
2026-09-01 09:10:56,872 [oasis.registry] INFO: Registered backend: FEniCSx (dolfinx) (fenics)
2026-09-01 09:10:56,872 [oasis.registry] INFO: Registered backend: deal.II (dealii)
2026-09-01 09:10:56,875 [oasis.registry] INFO: Registered backend: FEBio (febio)
2026-09-01 09:10:56,878 [oasis.registry] INFO: Registered backend: NGSolve (ngsolve)
2026-09-01 09:10:56,878 [oasis.ngsolve] INFO: NGSolve backend registered
2026-09-01 09:10:56,881 [oasis.registry] INFO: Registered backend: scikit-fem (skfem)
2026-09-01 09:10:56,881 [oasis.skfem] INFO: scikit-fem backend registered
2026-09-01 09:10:56,884 [oasis.registry] INFO: Registered backend: Kratos Multiphysics (kratos)
2026-09-01 09:10:56,884 [oasis.kratos] INFO: Kratos Multiphysics backend registered
2026-09-01 09:10:56,887 [oasis.registry] INFO: Registered backend: DUNE-fem (dune)
2026-09-01 09:10:56,887 [oasis.dune] INFO: DUNE-fem backend registered
2026-09-01 09:10:56,892 [oasis.registry] INFO: Registered backend: SPARTA (DSMC) (sparta)
2026-09-01 09:10:56,892 [oasis.sparta] INFO: SPARTA (DSMC) backend registered
2026-09-01 09:10:56,892 [oasis] INFO: Starting OASiS MCP server
2026-09-01 09:10:56,899 [mcp.server.lowlevel.server] INFO: Processing request of type CallToolRequest
2026-09-01 09:10:56,904 [mcp.server.lowlevel.server] INFO: Processing request of type ListToolsRequest
/home/alexander/Schreibtisch/ofa-v2/langgraph_eval/agent.py:381: RuntimeWarning: This package (`duckduckgo_search`) has been renamed to `ddgs`! Use `pip install ddgs` instead.
  with DDGS() as ddgs:
/home/alexander/Schreibtisch/ofa-v2/langgraph_eval/agent.py:381: RuntimeWarning: This package (`duckduckgo_search`) has been renamed to `ddgs`! Use `pip install ddgs` instead.
  with DDGS() as ddgs:
/home/alexander/Schreibtisch/ofa-v2/langgraph_eval/agent.py:381: RuntimeWarning: This package (`duckduckgo_search`) has been renamed to `ddgs`! Use `pip install ddgs` instead.
  with DDGS() as ddgs:
/home/alexander/Schreibtisch/ofa-v2/langgraph_eval/agent.py:381: RuntimeWarning: This package (`duckduckgo_search`) has been renamed to `ddgs`! Use `pip install ddgs` instead.
  with DDGS() as ddgs:
/home/alexander/Schreibtisch/ofa-v2/langgraph_eval/agent.py:381: RuntimeWarning: This package (`duckduckgo_search`) has been renamed to `ddgs`! Use `pip install ddgs` instead.
  with DDGS() as ddgs:
/home/alexander/Schreibtisch/ofa-v2/langgraph_eval/agent.py:381: RuntimeWarning: This package (`duckduckgo_search`) has been renamed to `ddgs`! Use `pip install ddgs` instead.
  with DDGS() as ddgs:
/home/alexander/Schreibtisch/ofa-v2/langgraph_eval/agent.py:381: RuntimeWarning: This package (`duckduckgo_search`) has been renamed to `ddgs`! Use `pip install ddgs` instead.
  with DDGS() as ddgs:
/home/alexander/Schreibtisch/ofa-v2/langgraph_eval/agent.py:381: RuntimeWarning: This package (`duckduckgo_search`) has been renamed to `ddgs`! Use `pip install ddgs` instead.
  with DDGS() as ddgs:
/home/alexander/Schreibtisch/ofa-v2/langgraph_eval/agent.py:381: RuntimeWarning: This package (`duckduckgo_search`) has been renamed to `ddgs`! Use `pip install ddgs` instead.
  with DDGS() as ddgs:
/home/alexander/Schreibtisch/ofa-v2/langgraph_eval/agent.py:381: RuntimeWarning: This package (`duckduckgo_search`) has been renamed to `ddgs`! Use `pip install ddgs` instead.
  with DDGS() as ddgs:
/home/alexander/Schreibtisch/ofa-v2/langgraph_eval/agent.py:381: RuntimeWarning: This package (`duckduckgo_search`) has been renamed to `ddgs`! Use `pip install ddgs` instead.
  with DDGS() as ddgs:
/home/alexander/Schreibtisch/ofa-v2/langgraph_eval/agent.py:381: RuntimeWarning: This package (`duckduckgo_search`) has been renamed to `ddgs`! Use `pip install ddgs` instead.
  with DDGS() as ddgs:
/home/alexander/Schreibtisch/ofa-v2/langgraph_eval/agent.py:381: RuntimeWarning: This package (`duckduckgo_search`) has been renamed to `ddgs`! Use `pip install ddgs` instead.
  with DDGS() as ddgs:
/home/alexander/Schreibtisch/ofa-v2/langgraph_eval/agent.py:381: RuntimeWarning: This package (`duckduckgo_search`) has been renamed to `ddgs`! Use `pip install ddgs` instead.
  with DDGS() as ddgs:
/home/alexander/Schreibtisch/ofa-v2/langgraph_eval/agent.py:381: RuntimeWarning: This package (`duckduckgo_search`) has been renamed to `ddgs`! Use `pip install ddgs` instead.
  with DDGS() as ddgs:
/home/alexander/Schreibtisch/ofa-v2/langgraph_eval/agent.py:381: RuntimeWarning: This package (`duckduckgo_search`) has been renamed to `ddgs`! Use `pip install ddgs` instead.
  with DDGS() as ddgs:
2026-09-01 09:12:45,510 [oasis.registry] INFO: Loaded discovered config: 5 backends
2026-09-01 09:12:45,512 [oasis.registry] INFO: Registered backend: 4C Multiphysics (fourc)
2026-09-01 09:12:45,513 [oasis.registry] INFO: Registered backend: FEniCSx (dolfinx) (fenics)
2026-09-01 09:12:45,513 [oasis.registry] INFO: Registered backend: deal.II (dealii)
2026-09-01 09:12:45,516 [oasis.registry] INFO: Registered backend: FEBio (febio)
2026-09-01 09:12:45,519 [oasis.registry] INFO: Registered backend: NGSolve (ngsolve)
2026-09-01 09:12:45,519 [oasis.ngsolve] INFO: NGSolve backend registered
2026-09-01 09:12:45,521 [oasis.registry] INFO: Registered backend: scikit-fem (skfem)
2026-09-01 09:12:45,521 [oasis.skfem] INFO: scikit-fem backend registered
2026-09-01 09:12:45,525 [oasis.registry] INFO: Registered backend: Kratos Multiphysics (kratos)
2026-09-01 09:12:45,525 [oasis.kratos] INFO: Kratos Multiphysics backend registered
2026-09-01 09:12:45,527 [oasis.registry] INFO: Registered backend: DUNE-fem (dune)
2026-09-01 09:12:45,528 [oasis.dune] INFO: DUNE-fem backend registered
2026-09-01 09:12:45,533 [oasis.registry] INFO: Registered backend: SPARTA (DSMC) (sparta)
2026-09-01 09:12:45,533 [oasis.sparta] INFO: SPARTA (DSMC) backend registered
2026-09-01 09:12:45,533 [oasis] INFO: Starting OASiS MCP server
2026-09-01 09:12:45,541 [mcp.server.lowlevel.server] INFO: Processing request of type CallToolRequest
2026-09-01 09:12:45,581 [mcp.server.lowlevel.server] INFO: Processing request of type ListToolsRequest
2026-09-01 09:13:40,215 [oasis.registry] INFO: Loaded discovered config: 5 backends
2026-09-01 09:13:40,217 [oasis.registry] INFO: Registered backend: 4C Multiphysics (fourc)
2026-09-01 09:13:40,217 [oasis.registry] INFO: Registered backend: FEniCSx (dolfinx) (fenics)
2026-09-01 09:13:40,218 [oasis.registry] INFO: Registered backend: deal.II (dealii)
2026-09-01 09:13:40,221 [oasis.registry] INFO: Registered backend: FEBio (febio)
2026-09-01 09:13:40,223 [oasis.registry] INFO: Registered backend: NGSolve (ngsolve)
2026-09-01 09:13:40,223 [oasis.ngsolve] INFO: NGSolve backend registered
2026-09-01 09:13:40,226 [oasis.registry] INFO: Registered backend: scikit-fem (skfem)
2026-09-01 09:13:40,226 [oasis.skfem] INFO: scikit-fem backend registered
2026-09-01 09:13:40,229 [oasis.registry] INFO: Registered backend: Kratos Multiphysics (kratos)
2026-09-01 09:13:40,229 [oasis.kratos] INFO: Kratos Multiphysics backend registered
2026-09-01 09:13:40,232 [oasis.registry] INFO: Registered backend: DUNE-fem (dune)
2026-09-01 09:13:40,232 [oasis.dune] INFO: DUNE-fem backend registered
2026-09-01 09:13:40,237 [oasis.registry] INFO: Registered backend: SPARTA (DSMC) (sparta)
2026-09-01 09:13:40,237 [oasis.sparta] INFO: SPARTA (DSMC) backend registered
2026-09-01 09:13:40,237 [oasis] INFO: Starting OASiS MCP server
2026-09-01 09:13:40,243 [mcp.server.lowlevel.server] INFO: Processing request of type CallToolRequest
2026-09-01 09:13:40,263 [mcp.server.lowlevel.server] INFO: Processing request of type ListToolsRequest
2026-09-01 09:14:44,674 [oasis.registry] INFO: Loaded discovered config: 5 backends
2026-09-01 09:14:44,676 [oasis.registry] INFO: Registered backend: 4C Multiphysics (fourc)
2026-09-01 09:14:44,677 [oasis.registry] INFO: Registered backend: FEniCSx (dolfinx) (fenics)
2026-09-01 09:14:44,677 [oasis.registry] INFO: Registered backend: deal.II (dealii)
2026-09-01 09:14:44,680 [oasis.registry] INFO: Registered backend: FEBio (febio)
2026-09-01 09:14:44,683 [oasis.registry] INFO: Registered backend: NGSolve (ngsolve)
2026-09-01 09:14:44,683 [oasis.ngsolve] INFO: NGSolve backend registered
2026-09-01 09:14:44,685 [oasis.registry] INFO: Registered backend: scikit-fem (skfem)
2026-09-01 09:14:44,685 [oasis.skfem] INFO: scikit-fem backend registered
2026-09-01 09:14:44,689 [oasis.registry] INFO: Registered backend: Kratos Multiphysics (kratos)
2026-09-01 09:14:44,689 [oasis.kratos] INFO: Kratos Multiphysics backend registered
2026-09-01 09:14:44,691 [oasis.registry] INFO: Registered backend: DUNE-fem (dune)
2026-09-01 09:14:44,691 [oasis.dune] INFO: DUNE-fem backend registered
2026-09-01 09:14:44,697 [oasis.registry] INFO: Registered backend: SPARTA (DSMC) (sparta)
2026-09-01 09:14:44,697 [oasis.sparta] INFO: SPARTA (DSMC) backend registered
2026-09-01 09:14:44,697 [oasis] INFO: Starting OASiS MCP server
2026-09-01 09:14:44,703 [mcp.server.lowlevel.server] INFO: Processing request of type CallToolRequest
2026-09-01 09:14:44,743 [mcp.server.lowlevel.server] INFO: Processing request of type ListToolsRequest
[preflight] custody controls verified for 1 problem(s); keys sealed and unreadable by execution
[phase: development] results are for post-mortems and convergence checking, NOT for the paper's evaluation table.
[FC1 27b MCP s92] done  calls=52 tok=4200541/32641 894.1s
/home/alexander/Schreibtisch/ofa-v2/langgraph_eval/agent.py:456: LangGraphDeprecatedSinceV10: create_react_agent has been moved to `langchain.agents`. Please update your import to `from langchain.agents import create_agent`. Deprecated in LangGraph V1.0 to be removed in V2.0.
  sub_agent = create_react_agent(
2026-09-01 09:17:14,605 [oasis.registry] INFO: Loaded discovered config: 5 backends
2026-09-01 09:17:14,607 [oasis.registry] INFO: Registered backend: 4C Multiphysics (fourc)
2026-09-01 09:17:14,608 [oasis.registry] INFO: Registered backend: FEniCSx (dolfinx) (fenics)
2026-09-01 09:17:14,608 [oasis.registry] INFO: Registered backend: deal.II (dealii)
2026-09-01 09:17:14,612 [oasis.registry] INFO: Registered backend: FEBio (febio)
2026-09-01 09:17:14,614 [oasis.registry] INFO: Registered backend: NGSolve (ngsolve)
2026-09-01 09:17:14,614 [oasis.ngsolve] INFO: NGSolve backend registered
2026-09-01 09:17:14,617 [oasis.registry] INFO: Registered backend: scikit-fem (skfem)
2026-09-01 09:17:14,617 [oasis.skfem] INFO: scikit-fem backend registered
2026-09-01 09:17:14,620 [oasis.registry] INFO: Registered backend: Kratos Multiphysics (kratos)
2026-09-01 09:17:14,620 [oasis.kratos] INFO: Kratos Multiphysics backend registered
2026-09-01 09:17:14,623 [oasis.registry] INFO: Registered backend: DUNE-fem (dune)
2026-09-01 09:17:14,623 [oasis.dune] INFO: DUNE-fem backend registered
2026-09-01 09:17:14,628 [oasis.registry] INFO: Registered backend: SPARTA (DSMC) (sparta)
2026-09-01 09:17:14,628 [oasis.sparta] INFO: SPARTA (DSMC) backend registered
2026-09-01 09:17:14,628 [oasis] INFO: Starting OASiS MCP server
2026-09-01 09:17:14,635 [mcp.server.lowlevel.server] INFO: Processing request of type CallToolRequest
2026-09-01 09:17:14,681 [mcp.server.lowlevel.server] INFO: Processing request of type ListToolsRequest
2026-09-01 09:17:24,146 [oasis.registry] INFO: Loaded discovered config: 5 backends
2026-09-01 09:17:24,148 [oasis.registry] INFO: Registered backend: 4C Multiphysics (fourc)
2026-09-01 09:17:24,148 [oasis.registry] INFO: Registered backend: FEniCSx (dolfinx) (fenics)
2026-09-01 09:17:24,149 [oasis.registry] INFO: Registered backend: deal.II (dealii)
2026-09-01 09:17:24,152 [oasis.registry] INFO: Registered backend: FEBio (febio)
2026-09-01 09:17:24,154 [oasis.registry] INFO: Registered backend: NGSolve (ngsolve)
2026-09-01 09:17:24,155 [oasis.ngsolve] INFO: NGSolve backend registered
2026-09-01 09:17:24,157 [oasis.registry] INFO: Registered backend: scikit-fem (skfem)
2026-09-01 09:17:24,157 [oasis.skfem] INFO: scikit-fem backend registered
2026-09-01 09:17:24,161 [oasis.registry] INFO: Registered backend: Kratos Multiphysics (kratos)
2026-09-01 09:17:24,161 [oasis.kratos] INFO: Kratos Multiphysics backend registered
2026-09-01 09:17:24,163 [oasis.registry] INFO: Registered backend: DUNE-fem (dune)
2026-09-01 09:17:24,163 [oasis.dune] INFO: DUNE-fem backend registered
2026-09-01 09:17:24,168 [oasis.registry] INFO: Registered backend: SPARTA (DSMC) (sparta)
2026-09-01 09:17:24,168 [oasis.sparta] INFO: SPARTA (DSMC) backend registered
2026-09-01 09:17:24,168 [oasis] INFO: Starting OASiS MCP server
2026-09-01 09:17:24,176 [mcp.server.lowlevel.server] INFO: Processing request of type CallToolRequest
2026-09-01 09:17:24,210 [mcp.server.lowlevel.server] INFO: Processing request of type ListToolsRequest
[preflight] custody controls verified for 1 problem(s); keys sealed and unreadable by execution
[phase: development] results are for post-mortems and convergence checking, NOT for the paper's evaluation table.
[NG1 27b MCP s92] done  calls=73 tok=4404818/42861 1074.8s
/home/alexander/Schreibtisch/ofa-v2/campaign3_blind/run_blind.py:941: ResourceWarning: unclosed file <_io.TextIOWrapper name='/home/alexander/Schreibtisch/ofa-v2/campaign3_blind/runs/NG1_27b_MCP_seed92/work/trajectory_live.txt' mode='a' encoding='utf-8'>
  run_one(pid, a.model, cond, a.seed, a.timeout)
ResourceWarning: Enable tracemalloc to get the object allocation traceback
/home/alexander/.local/share/python/cpython-3.12.13-linux-x86_64-gnu/lib/python3.12/asyncio/selector_events.py:879: ResourceWarning: unclosed transport <_SelectorSocketTransport fd=8>
2026-09-01 09:19:15,726 [oasis.registry] INFO: Loaded discovered config: 5 backends
2026-09-01 09:19:15,728 [oasis.registry] INFO: Registered backend: 4C Multiphysics (fourc)
2026-09-01 09:19:15,728 [oasis.registry] INFO: Registered backend: FEniCSx (dolfinx) (fenics)
2026-09-01 09:19:15,729 [oasis.registry] INFO: Registered backend: deal.II (dealii)
2026-09-01 09:19:15,732 [oasis.registry] INFO: Registered backend: FEBio (febio)
2026-09-01 09:19:15,734 [oasis.registry] INFO: Registered backend: NGSolve (ngsolve)
2026-09-01 09:19:15,734 [oasis.ngsolve] INFO: NGSolve backend registered
2026-09-01 09:19:15,737 [oasis.registry] INFO: Registered backend: scikit-fem (skfem)
2026-09-01 09:19:15,737 [oasis.skfem] INFO: scikit-fem backend registered
2026-09-01 09:19:15,741 [oasis.registry] INFO: Registered backend: Kratos Multiphysics (kratos)
2026-09-01 09:19:15,741 [oasis.kratos] INFO: Kratos Multiphysics backend registered
2026-09-01 09:19:15,743 [oasis.registry] INFO: Registered backend: DUNE-fem (dune)
2026-09-01 09:19:15,743 [oasis.dune] INFO: DUNE-fem backend registered
2026-09-01 09:19:15,748 [oasis.registry] INFO: Registered backend: SPARTA (DSMC) (sparta)
2026-09-01 09:19:15,748 [oasis.sparta] INFO: SPARTA (DSMC) backend registered
2026-09-01 09:19:15,748 [oasis] INFO: Starting OASiS MCP server
2026-09-01 09:19:15,755 [mcp.server.lowlevel.server] INFO: Processing request of type CallToolRequest
2026-09-01 09:19:15,800 [mcp.server.lowlevel.server] INFO: Processing request of type ListToolsRequest
2026-09-01 09:19:33,845 [oasis.registry] INFO: Loaded discovered config: 5 backends
2026-09-01 09:19:33,847 [oasis.registry] INFO: Registered backend: 4C Multiphysics (fourc)
2026-09-01 09:19:33,847 [oasis.registry] INFO: Registered backend: FEniCSx (dolfinx) (fenics)
2026-09-01 09:19:33,848 [oasis.registry] INFO: Registered backend: deal.II (dealii)
2026-09-01 09:19:33,851 [oasis.registry] INFO: Registered backend: FEBio (febio)
2026-09-01 09:19:33,853 [oasis.registry] INFO: Registered backend: NGSolve (ngsolve)
2026-09-01 09:19:33,853 [oasis.ngsolve] INFO: NGSolve backend registered
2026-09-01 09:19:33,856 [oasis.registry] INFO: Registered backend: scikit-fem (skfem)
2026-09-01 09:19:33,856 [oasis.skfem] INFO: scikit-fem backend registered
2026-09-01 09:19:33,860 [oasis.registry] INFO: Registered backend: Kratos Multiphysics (kratos)
2026-09-01 09:19:33,860 [oasis.kratos] INFO: Kratos Multiphysics backend registered
2026-09-01 09:19:33,862 [oasis.registry] INFO: Registered backend: DUNE-fem (dune)
2026-09-01 09:19:33,862 [oasis.dune] INFO: DUNE-fem backend registered
2026-09-01 09:19:33,867 [oasis.registry] INFO: Registered backend: SPARTA (DSMC) (sparta)
2026-09-01 09:19:33,867 [oasis.sparta] INFO: SPARTA (DSMC) backend registered
2026-09-01 09:19:33,867 [oasis] INFO: Starting OASiS MCP server
2026-09-01 09:19:33,874 [mcp.server.lowlevel.server] INFO: Processing request of type CallToolRequest
2026-09-01 09:19:33,877 [mcp.server.lowlevel.server] INFO: Processing request of type ListToolsRequest
[preflight] custody controls verified for 1 problem(s); keys sealed and unreadable by execution
[phase: development] results are for post-mortems and convergence checking, NOT for the paper's evaluation table.
[NG1 27b MCP s93] done  calls=60 tok=3359120/48059 1169.6s
/home/alexander/Schreibtisch/ofa-v2/campaign3_blind/run_blind.py:941: ResourceWarning: unclosed file <_io.TextIOWrapper name='/home/alexander/Schreibtisch/ofa-v2/campaign3_blind/runs/NG1_27b_MCP_seed93/work/trajectory_live.txt' mode='a' encoding='utf-8'>
  run_one(pid, a.model, cond, a.seed, a.timeout)
ResourceWarning: Enable tracemalloc to get the object allocation traceback
/home/alexander/.local/share/python/cpython-3.12.13-linux-x86_64-gnu/lib/python3.12/asyncio/selector_events.py:879: ResourceWarning: unclosed transport <_SelectorSocketTransport fd=8>
2026-09-01 09:25:45,382 [oasis.registry] INFO: Loaded discovered config: 5 backends
2026-09-01 09:25:45,384 [oasis.registry] INFO: Registered backend: 4C Multiphysics (fourc)
2026-09-01 09:25:45,386 [oasis.registry] INFO: Registered backend: FEniCSx (dolfinx) (fenics)
2026-09-01 09:25:45,386 [oasis.registry] INFO: Registered backend: deal.II (dealii)
2026-09-01 09:25:45,389 [oasis.registry] INFO: Registered backend: FEBio (febio)
2026-09-01 09:25:45,392 [oasis.registry] INFO: Registered backend: NGSolve (ngsolve)
2026-09-01 09:25:45,392 [oasis.ngsolve] INFO: NGSolve backend registered
2026-09-01 09:25:45,394 [oasis.registry] INFO: Registered backend: scikit-fem (skfem)
2026-09-01 09:25:45,394 [oasis.skfem] INFO: scikit-fem backend registered
2026-09-01 09:25:45,398 [oasis.registry] INFO: Registered backend: Kratos Multiphysics (kratos)
2026-09-01 09:25:45,398 [oasis.kratos] INFO: Kratos Multiphysics backend registered
2026-09-01 09:25:45,401 [oasis.registry] INFO: Registered backend: DUNE-fem (dune)
2026-09-01 09:25:45,401 [oasis.dune] INFO: DUNE-fem backend registered
2026-09-01 09:25:45,406 [oasis.registry] INFO: Registered backend: SPARTA (DSMC) (sparta)
2026-09-01 09:25:45,406 [oasis.sparta] INFO: SPARTA (DSMC) backend registered
2026-09-01 09:25:45,406 [oasis] INFO: Starting OASiS MCP server
2026-09-01 09:25:45,414 [mcp.server.lowlevel.server] INFO: Processing request of type CallToolRequest
2026-09-01 09:25:45,690 [mcp.server.lowlevel.server] INFO: Processing request of type ListToolsRequest
2026-09-01 09:28:20,937 [oasis.registry] INFO: Loaded discovered config: 5 backends
2026-09-01 09:28:20,939 [oasis.registry] INFO: Registered backend: 4C Multiphysics (fourc)
2026-09-01 09:28:20,940 [oasis.registry] INFO: Registered backend: FEniCSx (dolfinx) (fenics)
2026-09-01 09:28:20,940 [oasis.registry] INFO: Registered backend: deal.II (dealii)
2026-09-01 09:28:20,943 [oasis.registry] INFO: Registered backend: FEBio (febio)
2026-09-01 09:28:20,946 [oasis.registry] INFO: Registered backend: NGSolve (ngsolve)
2026-09-01 09:28:20,946 [oasis.ngsolve] INFO: NGSolve backend registered
2026-09-01 09:28:20,948 [oasis.registry] INFO: Registered backend: scikit-fem (skfem)
2026-09-01 09:28:20,948 [oasis.skfem] INFO: scikit-fem backend registered
2026-09-01 09:28:20,952 [oasis.registry] INFO: Registered backend: Kratos Multiphysics (kratos)
2026-09-01 09:28:20,952 [oasis.kratos] INFO: Kratos Multiphysics backend registered
2026-09-01 09:28:20,954 [oasis.registry] INFO: Registered backend: DUNE-fem (dune)
2026-09-01 09:28:20,954 [oasis.dune] INFO: DUNE-fem backend registered
2026-09-01 09:28:20,959 [oasis.registry] INFO: Registered backend: SPARTA (DSMC) (sparta)
2026-09-01 09:28:20,959 [oasis.sparta] INFO: SPARTA (DSMC) backend registered
2026-09-01 09:28:20,960 [oasis] INFO: Starting OASiS MCP server
2026-09-01 09:28:20,967 [mcp.server.lowlevel.server] INFO: Processing request of type CallToolRequest
2026-09-01 09:28:21,127 [mcp.server.lowlevel.server] INFO: Processing request of type ListToolsRequest
2026-09-01 09:28:26,230 [oasis.registry] INFO: Loaded discovered config: 5 backends
2026-09-01 09:28:26,232 [oasis.registry] INFO: Registered backend: 4C Multiphysics (fourc)
2026-09-01 09:28:26,232 [oasis.registry] INFO: Registered backend: FEniCSx (dolfinx) (fenics)
2026-09-01 09:28:26,233 [oasis.registry] INFO: Registered backend: deal.II (dealii)
2026-09-01 09:28:26,236 [oasis.registry] INFO: Registered backend: FEBio (febio)
2026-09-01 09:28:26,238 [oasis.registry] INFO: Registered backend: NGSolve (ngsolve)
2026-09-01 09:28:26,238 [oasis.ngsolve] INFO: NGSolve backend registered
2026-09-01 09:28:26,241 [oasis.registry] INFO: Registered backend: scikit-fem (skfem)
2026-09-01 09:28:26,241 [oasis.skfem] INFO: scikit-fem backend registered
2026-09-01 09:28:26,244 [oasis.registry] INFO: Registered backend: Kratos Multiphysics (kratos)
2026-09-01 09:28:26,244 [oasis.kratos] INFO: Kratos Multiphysics backend registered
2026-09-01 09:28:26,247 [oasis.registry] INFO: Registered backend: DUNE-fem (dune)
2026-09-01 09:28:26,247 [oasis.dune] INFO: DUNE-fem backend registered
2026-09-01 09:28:26,252 [oasis.registry] INFO: Registered backend: SPARTA (DSMC) (sparta)
2026-09-01 09:28:26,252 [oasis.sparta] INFO: SPARTA (DSMC) backend registered
2026-09-01 09:28:26,252 [oasis] INFO: Starting OASiS MCP server
2026-09-01 09:28:26,259 [mcp.server.lowlevel.server] INFO: Processing request of type CallToolRequest
2026-09-01 09:28:26,540 [mcp.server.lowlevel.server] INFO: Processing request of type ListToolsRequest
[preflight] custody controls verified for 1 problem(s); keys sealed and unreadable by execution
[phase: development] results are for post-mortems and convergence checking, NOT for the paper's evaluation table.
[KR1 27b MCP s92] done  calls=36 tok=3748201/86147 1716.4s
/home/alexander/Schreibtisch/ofa-v2/campaign3_blind/run_blind.py:941: ResourceWarning: unclosed file <_io.TextIOWrapper name='/home/alexander/Schreibtisch/ofa-v2/campaign3_blind/runs/KR1_27b_MCP_seed92/work/trajectory_live.txt' mode='a' encoding='utf-8'>
  run_one(pid, a.model, cond, a.seed, a.timeout)
ResourceWarning: Enable tracemalloc to get the object allocation traceback
/home/alexander/.local/share/python/cpython-3.12.13-linux-x86_64-gnu/lib/python3.12/asyncio/selector_events.py:879: ResourceWarning: unclosed transport <_SelectorSocketTransport fd=8>
[preflight] custody controls verified for 1 problem(s); keys sealed and unreadable by execution
[phase: development] results are for post-mortems and convergence checking, NOT for the paper's evaluation table.
[KR1 27b MCP s93] done  calls=48 tok=3517590/97262 2972.1s  ERR TimeoutError: exceeded 2700s
sys:1: ResourceWarning: unclosed file <_io.TextIOWrapper name='/home/alexander/Schreibtisch/ofa-v2/campaign3_blind/runs/KR1_27b_MCP_seed93/work/trajectory_live.txt' mode='a' encoding='utf-8'>
ResourceWarning: Enable tracemalloc to get the object allocation traceback
/home/alexander/.local/share/python/cpython-3.12.13-linux-x86_64-gnu/lib/python3.12/asyncio/selector_events.py:879: ResourceWarning: unclosed transport <_SelectorSocketTransport fd=8>
