2026-09-01 05:17:24,341 [oasis.registry] INFO: Loaded discovered config: 5 backends
2026-09-01 05:17:24,343 [oasis.registry] INFO: Registered backend: 4C Multiphysics (fourc)
2026-09-01 05:17:24,343 [oasis.registry] INFO: Registered backend: FEniCSx (dolfinx) (fenics)
2026-09-01 05:17:24,344 [oasis.registry] INFO: Registered backend: deal.II (dealii)
2026-09-01 05:17:24,347 [oasis.registry] INFO: Registered backend: FEBio (febio)
2026-09-01 05:17:24,350 [oasis.registry] INFO: Registered backend: NGSolve (ngsolve)
2026-09-01 05:17:24,350 [oasis.ngsolve] INFO: NGSolve backend registered
2026-09-01 05:17:24,352 [oasis.registry] INFO: Registered backend: scikit-fem (skfem)
2026-09-01 05:17:24,352 [oasis.skfem] INFO: scikit-fem backend registered
2026-09-01 05:17:24,356 [oasis.registry] INFO: Registered backend: Kratos Multiphysics (kratos)
2026-09-01 05:17:24,356 [oasis.kratos] INFO: Kratos Multiphysics backend registered
2026-09-01 05:17:24,358 [oasis.registry] INFO: Registered backend: DUNE-fem (dune)
2026-09-01 05:17:24,358 [oasis.dune] INFO: DUNE-fem backend registered
2026-09-01 05:17:24,364 [oasis.registry] INFO: Registered backend: SPARTA (DSMC) (sparta)
2026-09-01 05:17:24,364 [oasis.sparta] INFO: SPARTA (DSMC) backend registered
2026-09-01 05:17:24,364 [oasis] INFO: Starting OASiS MCP server
2026-09-01 05:17:24,371 [mcp.server.lowlevel.server] INFO: Processing request of type ListToolsRequest
2026-09-01 05:17:24,631 [oasis.registry] INFO: Loaded discovered config: 5 backends
2026-09-01 05:17:24,633 [oasis.registry] INFO: Registered backend: 4C Multiphysics (fourc)
2026-09-01 05:17:24,634 [oasis.registry] INFO: Registered backend: FEniCSx (dolfinx) (fenics)
2026-09-01 05:17:24,634 [oasis.registry] INFO: Registered backend: deal.II (dealii)
2026-09-01 05:17:24,638 [oasis.registry] INFO: Registered backend: FEBio (febio)
2026-09-01 05:17:24,640 [oasis.registry] INFO: Registered backend: NGSolve (ngsolve)
2026-09-01 05:17:24,640 [oasis.ngsolve] INFO: NGSolve backend registered
2026-09-01 05:17:24,643 [oasis.registry] INFO: Registered backend: scikit-fem (skfem)
2026-09-01 05:17:24,643 [oasis.skfem] INFO: scikit-fem backend registered
2026-09-01 05:17:24,646 [oasis.registry] INFO: Registered backend: Kratos Multiphysics (kratos)
2026-09-01 05:17:24,647 [oasis.kratos] INFO: Kratos Multiphysics backend registered
2026-09-01 05:17:24,650 [oasis.registry] INFO: Registered backend: DUNE-fem (dune)
2026-09-01 05:17:24,650 [oasis.dune] INFO: DUNE-fem backend registered
2026-09-01 05:17:24,656 [oasis.registry] INFO: Registered backend: SPARTA (DSMC) (sparta)
2026-09-01 05:17:24,656 [oasis.sparta] INFO: SPARTA (DSMC) backend registered
2026-09-01 05:17:24,656 [oasis] INFO: Starting OASiS MCP server
2026-09-01 05:17:24,664 [mcp.server.lowlevel.server] INFO: Processing request of type ListToolsRequest
2026-09-01 05:17:24,732 [oasis.registry] INFO: Loaded discovered config: 5 backends
2026-09-01 05:17:24,735 [oasis.registry] INFO: Registered backend: 4C Multiphysics (fourc)
2026-09-01 05:17:24,736 [oasis.registry] INFO: Registered backend: FEniCSx (dolfinx) (fenics)
2026-09-01 05:17:24,736 [oasis.registry] INFO: Registered backend: deal.II (dealii)
2026-09-01 05:17:24,740 [oasis.registry] INFO: Registered backend: FEBio (febio)
2026-09-01 05:17:24,744 [oasis.registry] INFO: Registered backend: NGSolve (ngsolve)
2026-09-01 05:17:24,744 [oasis.ngsolve] INFO: NGSolve backend registered
2026-09-01 05:17:24,747 [oasis.registry] INFO: Registered backend: scikit-fem (skfem)
2026-09-01 05:17:24,748 [oasis.skfem] INFO: scikit-fem backend registered
2026-09-01 05:17:24,752 [oasis.registry] INFO: Registered backend: Kratos Multiphysics (kratos)
2026-09-01 05:17:24,752 [oasis.kratos] INFO: Kratos Multiphysics backend registered
2026-09-01 05:17:24,756 [oasis.registry] INFO: Registered backend: DUNE-fem (dune)
2026-09-01 05:17:24,756 [oasis.dune] INFO: DUNE-fem backend registered
2026-09-01 05:17:24,763 [oasis.registry] INFO: Registered backend: SPARTA (DSMC) (sparta)
2026-09-01 05:17:24,763 [oasis.sparta] INFO: SPARTA (DSMC) backend registered
2026-09-01 05:17:24,763 [oasis] INFO: Starting OASiS MCP server
2026-09-01 05:17:24,773 [mcp.server.lowlevel.server] INFO: Processing request of type ListToolsRequest
2026-09-01 05:17:24,796 [oasis.registry] INFO: Loaded discovered config: 5 backends
2026-09-01 05:17:24,798 [oasis.registry] INFO: Registered backend: 4C Multiphysics (fourc)
2026-09-01 05:17:24,799 [oasis.registry] INFO: Registered backend: FEniCSx (dolfinx) (fenics)
2026-09-01 05:17:24,799 [oasis.registry] INFO: Registered backend: deal.II (dealii)
2026-09-01 05:17:24,803 [oasis.registry] INFO: Registered backend: FEBio (febio)
2026-09-01 05:17:24,805 [oasis.registry] INFO: Registered backend: NGSolve (ngsolve)
2026-09-01 05:17:24,805 [oasis.ngsolve] INFO: NGSolve backend registered
2026-09-01 05:17:24,808 [oasis.registry] INFO: Registered backend: scikit-fem (skfem)
2026-09-01 05:17:24,808 [oasis.skfem] INFO: scikit-fem backend registered
2026-09-01 05:17:24,812 [oasis.registry] INFO: Registered backend: Kratos Multiphysics (kratos)
2026-09-01 05:17:24,812 [oasis.kratos] INFO: Kratos Multiphysics backend registered
2026-09-01 05:17:24,815 [oasis.registry] INFO: Registered backend: DUNE-fem (dune)
2026-09-01 05:17:24,815 [oasis.dune] INFO: DUNE-fem backend registered
2026-09-01 05:17:24,820 [oasis.registry] INFO: Registered backend: SPARTA (DSMC) (sparta)
2026-09-01 05:17:24,820 [oasis.sparta] INFO: SPARTA (DSMC) backend registered
2026-09-01 05:17:24,820 [oasis] INFO: Starting OASiS MCP server
2026-09-01 05:17:24,829 [mcp.server.lowlevel.server] INFO: Processing request of type ListToolsRequest
2026-09-01 05:17:24,983 [oasis.registry] INFO: Loaded discovered config: 5 backends
2026-09-01 05:17:24,985 [oasis.registry] INFO: Registered backend: 4C Multiphysics (fourc)
2026-09-01 05:17:24,986 [oasis.registry] INFO: Registered backend: FEniCSx (dolfinx) (fenics)
2026-09-01 05:17:24,986 [oasis.registry] INFO: Registered backend: deal.II (dealii)
2026-09-01 05:17:24,990 [oasis.registry] INFO: Registered backend: FEBio (febio)
2026-09-01 05:17:24,992 [oasis.registry] INFO: Registered backend: NGSolve (ngsolve)
2026-09-01 05:17:24,992 [oasis.ngsolve] INFO: NGSolve backend registered
2026-09-01 05:17:24,995 [oasis.registry] INFO: Registered backend: scikit-fem (skfem)
2026-09-01 05:17:24,995 [oasis.skfem] INFO: scikit-fem backend registered
2026-09-01 05:17:24,999 [oasis.registry] INFO: Registered backend: Kratos Multiphysics (kratos)
2026-09-01 05:17:24,999 [oasis.kratos] INFO: Kratos Multiphysics backend registered
2026-09-01 05:17:25,002 [oasis.registry] INFO: Registered backend: DUNE-fem (dune)
2026-09-01 05:17:25,002 [oasis.dune] INFO: DUNE-fem backend registered
2026-09-01 05:17:25,007 [oasis.registry] INFO: Registered backend: SPARTA (DSMC) (sparta)
2026-09-01 05:17:25,007 [oasis.sparta] INFO: SPARTA (DSMC) backend registered
2026-09-01 05:17:25,007 [oasis] INFO: Starting OASiS MCP server
2026-09-01 05:17:25,017 [mcp.server.lowlevel.server] INFO: Processing request of type ListToolsRequest
2026-09-01 05:17:33,923 [oasis.registry] INFO: Loaded discovered config: 5 backends
2026-09-01 05:17:33,926 [oasis.registry] INFO: Registered backend: 4C Multiphysics (fourc)
2026-09-01 05:17:33,927 [oasis.registry] INFO: Registered backend: FEniCSx (dolfinx) (fenics)
2026-09-01 05:17:33,927 [oasis.registry] INFO: Registered backend: deal.II (dealii)
2026-09-01 05:17:33,932 [oasis.registry] INFO: Registered backend: FEBio (febio)
2026-09-01 05:17:33,935 [oasis.registry] INFO: Registered backend: NGSolve (ngsolve)
2026-09-01 05:17:33,935 [oasis.ngsolve] INFO: NGSolve backend registered
2026-09-01 05:17:33,938 [oasis.registry] INFO: Registered backend: scikit-fem (skfem)
2026-09-01 05:17:33,938 [oasis.skfem] INFO: scikit-fem backend registered
2026-09-01 05:17:33,942 [oasis.registry] INFO: Registered backend: Kratos Multiphysics (kratos)
2026-09-01 05:17:33,942 [oasis.kratos] INFO: Kratos Multiphysics backend registered
2026-09-01 05:17:33,944 [oasis.registry] INFO: Registered backend: DUNE-fem (dune)
2026-09-01 05:17:33,944 [oasis.dune] INFO: DUNE-fem backend registered
2026-09-01 05:17:33,949 [oasis.registry] INFO: Registered backend: SPARTA (DSMC) (sparta)
2026-09-01 05:17:33,949 [oasis.sparta] INFO: SPARTA (DSMC) backend registered
2026-09-01 05:17:33,949 [oasis] INFO: Starting OASiS MCP server
2026-09-01 05:17:33,957 [mcp.server.lowlevel.server] INFO: Processing request of type CallToolRequest
2026-09-01 05:17:33,982 [oasis.registry] INFO: Loaded discovered config: 5 backends
2026-09-01 05:17:33,984 [oasis.registry] INFO: Registered backend: 4C Multiphysics (fourc)
2026-09-01 05:17:33,984 [oasis.registry] INFO: Registered backend: FEniCSx (dolfinx) (fenics)
2026-09-01 05:17:33,985 [oasis.registry] INFO: Registered backend: deal.II (dealii)
2026-09-01 05:17:33,988 [oasis.registry] INFO: Registered backend: FEBio (febio)
2026-09-01 05:17:33,991 [oasis.registry] INFO: Registered backend: NGSolve (ngsolve)
2026-09-01 05:17:33,991 [oasis.ngsolve] INFO: NGSolve backend registered
2026-09-01 05:17:33,993 [oasis.registry] INFO: Registered backend: scikit-fem (skfem)
2026-09-01 05:17:33,993 [oasis.skfem] INFO: scikit-fem backend registered
2026-09-01 05:17:33,997 [oasis.registry] INFO: Registered backend: Kratos Multiphysics (kratos)
2026-09-01 05:17:33,997 [oasis.kratos] INFO: Kratos Multiphysics backend registered
2026-09-01 05:17:34,000 [oasis.registry] INFO: Registered backend: DUNE-fem (dune)
2026-09-01 05:17:34,000 [oasis.dune] INFO: DUNE-fem backend registered
2026-09-01 05:17:34,005 [oasis.registry] INFO: Registered backend: SPARTA (DSMC) (sparta)
2026-09-01 05:17:34,005 [oasis.sparta] INFO: SPARTA (DSMC) backend registered
2026-09-01 05:17:34,005 [oasis] INFO: Starting OASiS MCP server
2026-09-01 05:17:34,013 [mcp.server.lowlevel.server] INFO: Processing request of type CallToolRequest
2026-09-01 05:17:34,693 [oasis.registry] INFO: Loaded discovered config: 5 backends
2026-09-01 05:17:34,696 [oasis.registry] INFO: Registered backend: 4C Multiphysics (fourc)
2026-09-01 05:17:34,697 [oasis.registry] INFO: Registered backend: FEniCSx (dolfinx) (fenics)
2026-09-01 05:17:34,697 [oasis.registry] INFO: Registered backend: deal.II (dealii)
2026-09-01 05:17:34,698 [oasis.registry] INFO: Loaded discovered config: 5 backends
2026-09-01 05:17:34,702 [oasis.registry] INFO: Registered backend: FEBio (febio)
2026-09-01 05:17:34,706 [oasis.registry] INFO: Registered backend: 4C Multiphysics (fourc)
2026-09-01 05:17:34,706 [oasis.registry] INFO: Registered backend: NGSolve (ngsolve)
2026-09-01 05:17:34,706 [oasis.ngsolve] INFO: NGSolve backend registered
2026-09-01 05:17:34,707 [oasis.registry] INFO: Registered backend: FEniCSx (dolfinx) (fenics)
2026-09-01 05:17:34,708 [oasis.registry] INFO: Registered backend: deal.II (dealii)
2026-09-01 05:17:34,710 [oasis.registry] INFO: Registered backend: scikit-fem (skfem)
2026-09-01 05:17:34,711 [oasis.skfem] INFO: scikit-fem backend registered
2026-09-01 05:17:34,712 [oasis.registry] INFO: Registered backend: FEBio (febio)
2026-09-01 05:17:34,716 [oasis.registry] INFO: Registered backend: Kratos Multiphysics (kratos)
2026-09-01 05:17:34,716 [oasis.kratos] INFO: Kratos Multiphysics backend registered
2026-09-01 05:17:34,720 [oasis.registry] INFO: Registered backend: DUNE-fem (dune)
2026-09-01 05:17:34,720 [oasis.dune] INFO: DUNE-fem backend registered
2026-09-01 05:17:34,721 [oasis.registry] INFO: Registered backend: NGSolve (ngsolve)
2026-09-01 05:17:34,721 [oasis.ngsolve] INFO: NGSolve backend registered
2026-09-01 05:17:34,725 [oasis.registry] INFO: Registered backend: scikit-fem (skfem)
2026-09-01 05:17:34,725 [oasis.skfem] INFO: scikit-fem backend registered
2026-09-01 05:17:34,728 [oasis.registry] INFO: Registered backend: SPARTA (DSMC) (sparta)
2026-09-01 05:17:34,728 [oasis.sparta] INFO: SPARTA (DSMC) backend registered
2026-09-01 05:17:34,728 [oasis] INFO: Starting OASiS MCP server
2026-09-01 05:17:34,729 [oasis.registry] INFO: Loaded discovered config: 5 backends
2026-09-01 05:17:34,731 [oasis.registry] INFO: Registered backend: Kratos Multiphysics (kratos)
2026-09-01 05:17:34,731 [oasis.kratos] INFO: Kratos Multiphysics backend registered
2026-09-01 05:17:34,732 [oasis.registry] INFO: Registered backend: 4C Multiphysics (fourc)
2026-09-01 05:17:34,734 [oasis.registry] INFO: Registered backend: DUNE-fem (dune)
2026-09-01 05:17:34,734 [oasis.dune] INFO: DUNE-fem backend registered
2026-09-01 05:17:34,737 [oasis.registry] INFO: Loaded discovered config: 5 backends
2026-09-01 05:17:34,737 [oasis.registry] INFO: Registered backend: FEniCSx (dolfinx) (fenics)
2026-09-01 05:17:34,738 [oasis.registry] INFO: Registered backend: deal.II (dealii)
2026-09-01 05:17:34,739 [mcp.server.lowlevel.server] INFO: Processing request of type CallToolRequest
2026-09-01 05:17:34,740 [oasis.registry] INFO: Registered backend: 4C Multiphysics (fourc)
2026-09-01 05:17:34,741 [oasis.registry] INFO: Registered backend: FEniCSx (dolfinx) (fenics)
2026-09-01 05:17:34,741 [oasis.registry] INFO: Registered backend: SPARTA (DSMC) (sparta)
2026-09-01 05:17:34,741 [oasis.sparta] INFO: SPARTA (DSMC) backend registered
2026-09-01 05:17:34,741 [oasis] INFO: Starting OASiS MCP server
2026-09-01 05:17:34,741 [oasis.registry] INFO: Registered backend: deal.II (dealii)
2026-09-01 05:17:34,742 [oasis.registry] INFO: Registered backend: FEBio (febio)
2026-09-01 05:17:34,745 [oasis.registry] INFO: Registered backend: FEBio (febio)
2026-09-01 05:17:34,746 [oasis.registry] INFO: Registered backend: NGSolve (ngsolve)
2026-09-01 05:17:34,746 [oasis.ngsolve] INFO: NGSolve backend registered
2026-09-01 05:17:34,749 [oasis.registry] INFO: Registered backend: NGSolve (ngsolve)
2026-09-01 05:17:34,749 [oasis.ngsolve] INFO: NGSolve backend registered
2026-09-01 05:17:34,749 [oasis.registry] INFO: Registered backend: scikit-fem (skfem)
2026-09-01 05:17:34,750 [oasis.skfem] INFO: scikit-fem backend registered
2026-09-01 05:17:34,752 [oasis.registry] INFO: Registered backend: scikit-fem (skfem)
2026-09-01 05:17:34,753 [oasis.skfem] INFO: scikit-fem backend registered
2026-09-01 05:17:34,755 [oasis.registry] INFO: Registered backend: Kratos Multiphysics (kratos)
2026-09-01 05:17:34,755 [mcp.server.lowlevel.server] INFO: Processing request of type CallToolRequest
2026-09-01 05:17:34,756 [oasis.kratos] INFO: Kratos Multiphysics backend registered
2026-09-01 05:17:34,757 [oasis.registry] INFO: Registered backend: Kratos Multiphysics (kratos)
2026-09-01 05:17:34,758 [oasis.kratos] INFO: Kratos Multiphysics backend registered
2026-09-01 05:17:34,759 [oasis.registry] INFO: Registered backend: DUNE-fem (dune)
2026-09-01 05:17:34,759 [oasis.dune] INFO: DUNE-fem backend registered
2026-09-01 05:17:34,761 [oasis.registry] INFO: Registered backend: DUNE-fem (dune)
2026-09-01 05:17:34,761 [oasis.dune] INFO: DUNE-fem backend registered
2026-09-01 05:17:34,766 [oasis.registry] INFO: Registered backend: SPARTA (DSMC) (sparta)
2026-09-01 05:17:34,766 [oasis.sparta] INFO: SPARTA (DSMC) backend registered
2026-09-01 05:17:34,766 [oasis] INFO: Starting OASiS MCP server
2026-09-01 05:17:34,772 [oasis.registry] INFO: Registered backend: SPARTA (DSMC) (sparta)
2026-09-01 05:17:34,773 [oasis.sparta] INFO: SPARTA (DSMC) backend registered
2026-09-01 05:17:34,773 [oasis] INFO: Starting OASiS MCP server
2026-09-01 05:17:34,776 [mcp.server.lowlevel.server] INFO: Processing request of type CallToolRequest
2026-09-01 05:17:34,783 [mcp.server.lowlevel.server] INFO: Processing request of type CallToolRequest
2026-09-01 05:17:34,842 [oasis.registry] INFO: Loaded discovered config: 5 backends
2026-09-01 05:17:34,844 [oasis.registry] INFO: Registered backend: 4C Multiphysics (fourc)
2026-09-01 05:17:34,845 [oasis.registry] INFO: Registered backend: FEniCSx (dolfinx) (fenics)
2026-09-01 05:17:34,845 [oasis.registry] INFO: Registered backend: deal.II (dealii)
2026-09-01 05:17:34,849 [oasis.registry] INFO: Registered backend: FEBio (febio)
2026-09-01 05:17:34,849 [oasis.registry] INFO: Loaded discovered config: 5 backends
2026-09-01 05:17:34,851 [oasis.registry] INFO: Registered backend: NGSolve (ngsolve)
2026-09-01 05:17:34,851 [oasis.ngsolve] INFO: NGSolve backend registered
2026-09-01 05:17:34,853 [oasis.registry] INFO: Registered backend: 4C Multiphysics (fourc)
2026-09-01 05:17:34,853 [oasis.registry] INFO: Registered backend: FEniCSx (dolfinx) (fenics)
2026-09-01 05:17:34,854 [oasis.registry] INFO: Registered backend: deal.II (dealii)
2026-09-01 05:17:34,854 [oasis.registry] INFO: Registered backend: scikit-fem (skfem)
2026-09-01 05:17:34,854 [oasis.skfem] INFO: scikit-fem backend registered
2026-09-01 05:17:34,858 [oasis.registry] INFO: Registered backend: Kratos Multiphysics (kratos)
2026-09-01 05:17:34,858 [oasis.kratos] INFO: Kratos Multiphysics backend registered
2026-09-01 05:17:34,859 [oasis.registry] INFO: Registered backend: FEBio (febio)
2026-09-01 05:17:34,861 [oasis.registry] INFO: Registered backend: DUNE-fem (dune)
2026-09-01 05:17:34,861 [oasis.dune] INFO: DUNE-fem backend registered
2026-09-01 05:17:34,863 [oasis.registry] INFO: Registered backend: NGSolve (ngsolve)
2026-09-01 05:17:34,863 [oasis.ngsolve] INFO: NGSolve backend registered
2026-09-01 05:17:34,864 [oasis.registry] INFO: Loaded discovered config: 5 backends
2026-09-01 05:17:34,866 [oasis.registry] INFO: Registered backend: scikit-fem (skfem)
2026-09-01 05:17:34,867 [oasis.skfem] INFO: scikit-fem backend registered
2026-09-01 05:17:34,867 [oasis.registry] INFO: Registered backend: SPARTA (DSMC) (sparta)
2026-09-01 05:17:34,867 [oasis.sparta] INFO: SPARTA (DSMC) backend registered
2026-09-01 05:17:34,867 [oasis] INFO: Starting OASiS MCP server
2026-09-01 05:17:34,868 [oasis.registry] INFO: Registered backend: 4C Multiphysics (fourc)
2026-09-01 05:17:34,869 [oasis.registry] INFO: Registered backend: FEniCSx (dolfinx) (fenics)
2026-09-01 05:17:34,870 [oasis.registry] INFO: Registered backend: deal.II (dealii)
2026-09-01 05:17:34,872 [oasis.registry] INFO: Registered backend: Kratos Multiphysics (kratos)
2026-09-01 05:17:34,872 [oasis.kratos] INFO: Kratos Multiphysics backend registered
2026-09-01 05:17:34,875 [oasis.registry] INFO: Registered backend: DUNE-fem (dune)
2026-09-01 05:17:34,875 [oasis.dune] INFO: DUNE-fem backend registered
2026-09-01 05:17:34,875 [oasis.registry] INFO: Registered backend: FEBio (febio)
2026-09-01 05:17:34,876 [mcp.server.lowlevel.server] INFO: Processing request of type CallToolRequest
2026-09-01 05:17:34,879 [oasis.registry] INFO: Registered backend: NGSolve (ngsolve)
2026-09-01 05:17:34,879 [oasis.ngsolve] INFO: NGSolve backend registered
2026-09-01 05:17:34,880 [oasis.registry] INFO: Registered backend: SPARTA (DSMC) (sparta)
2026-09-01 05:17:34,880 [oasis.sparta] INFO: SPARTA (DSMC) backend registered
2026-09-01 05:17:34,880 [oasis] INFO: Starting OASiS MCP server
2026-09-01 05:17:34,884 [oasis.registry] INFO: Registered backend: scikit-fem (skfem)
2026-09-01 05:17:34,884 [oasis.skfem] INFO: scikit-fem backend registered
2026-09-01 05:17:34,889 [mcp.server.lowlevel.server] INFO: Processing request of type CallToolRequest
2026-09-01 05:17:34,890 [oasis.registry] INFO: Registered backend: Kratos Multiphysics (kratos)
2026-09-01 05:17:34,890 [oasis.kratos] INFO: Kratos Multiphysics backend registered
2026-09-01 05:17:34,894 [oasis.registry] INFO: Registered backend: DUNE-fem (dune)
2026-09-01 05:17:34,894 [oasis.dune] INFO: DUNE-fem backend registered
2026-09-01 05:17:34,902 [oasis.registry] INFO: Registered backend: SPARTA (DSMC) (sparta)
2026-09-01 05:17:34,902 [oasis.sparta] INFO: SPARTA (DSMC) backend registered
2026-09-01 05:17:34,902 [oasis] INFO: Starting OASiS MCP server
2026-09-01 05:17:34,903 [oasis.registry] INFO: Loaded discovered config: 5 backends
2026-09-01 05:17:34,906 [oasis.registry] INFO: Registered backend: 4C Multiphysics (fourc)
2026-09-01 05:17:34,906 [oasis.registry] INFO: Registered backend: FEniCSx (dolfinx) (fenics)
2026-09-01 05:17:34,907 [oasis.registry] INFO: Registered backend: deal.II (dealii)
2026-09-01 05:17:34,911 [oasis.registry] INFO: Registered backend: FEBio (febio)
2026-09-01 05:17:34,913 [oasis.registry] INFO: Registered backend: NGSolve (ngsolve)
2026-09-01 05:17:34,914 [oasis.ngsolve] INFO: NGSolve backend registered
2026-09-01 05:17:34,914 [mcp.server.lowlevel.server] INFO: Processing request of type CallToolRequest
2026-09-01 05:17:34,916 [oasis.registry] INFO: Registered backend: scikit-fem (skfem)
2026-09-01 05:17:34,916 [oasis.skfem] INFO: scikit-fem backend registered
2026-09-01 05:17:34,920 [oasis.registry] INFO: Registered backend: Kratos Multiphysics (kratos)
2026-09-01 05:17:34,920 [oasis.kratos] INFO: Kratos Multiphysics backend registered
2026-09-01 05:17:34,924 [oasis.registry] INFO: Registered backend: DUNE-fem (dune)
2026-09-01 05:17:34,924 [oasis.dune] INFO: DUNE-fem backend registered
2026-09-01 05:17:34,930 [oasis.registry] INFO: Registered backend: SPARTA (DSMC) (sparta)
2026-09-01 05:17:34,930 [oasis.sparta] INFO: SPARTA (DSMC) backend registered
2026-09-01 05:17:34,931 [oasis] INFO: Starting OASiS MCP server
2026-09-01 05:17:34,940 [mcp.server.lowlevel.server] INFO: Processing request of type CallToolRequest
2026-09-01 05:17:35,315 [oasis.registry] INFO: Loaded discovered config: 5 backends
2026-09-01 05:17:35,318 [oasis.registry] INFO: Registered backend: 4C Multiphysics (fourc)
2026-09-01 05:17:35,318 [oasis.registry] INFO: Registered backend: FEniCSx (dolfinx) (fenics)
2026-09-01 05:17:35,319 [oasis.registry] INFO: Registered backend: deal.II (dealii)
2026-09-01 05:17:35,323 [oasis.registry] INFO: Registered backend: FEBio (febio)
2026-09-01 05:17:35,325 [oasis.registry] INFO: Registered backend: NGSolve (ngsolve)
2026-09-01 05:17:35,325 [oasis.ngsolve] INFO: NGSolve backend registered
2026-09-01 05:17:35,328 [oasis.registry] INFO: Registered backend: scikit-fem (skfem)
2026-09-01 05:17:35,328 [oasis.skfem] INFO: scikit-fem backend registered
2026-09-01 05:17:35,331 [oasis.registry] INFO: Registered backend: Kratos Multiphysics (kratos)
2026-09-01 05:17:35,331 [oasis.kratos] INFO: Kratos Multiphysics backend registered
2026-09-01 05:17:35,334 [oasis.registry] INFO: Registered backend: DUNE-fem (dune)
2026-09-01 05:17:35,334 [oasis.dune] INFO: DUNE-fem backend registered
2026-09-01 05:17:35,339 [oasis.registry] INFO: Registered backend: SPARTA (DSMC) (sparta)
2026-09-01 05:17:35,339 [oasis.sparta] INFO: SPARTA (DSMC) backend registered
2026-09-01 05:17:35,339 [oasis] INFO: Starting OASiS MCP server
2026-09-01 05:17:35,347 [mcp.server.lowlevel.server] INFO: Processing request of type CallToolRequest
2026-09-01 05:17:35,388 [oasis.registry] INFO: Loaded discovered config: 5 backends
2026-09-01 05:17:35,392 [oasis.registry] INFO: Registered backend: 4C Multiphysics (fourc)
2026-09-01 05:17:35,393 [oasis.registry] INFO: Registered backend: FEniCSx (dolfinx) (fenics)
2026-09-01 05:17:35,393 [oasis.registry] INFO: Registered backend: deal.II (dealii)
2026-09-01 05:17:35,398 [oasis.registry] INFO: Registered backend: FEBio (febio)
2026-09-01 05:17:35,401 [oasis.registry] INFO: Registered backend: NGSolve (ngsolve)
2026-09-01 05:17:35,402 [oasis.ngsolve] INFO: NGSolve backend registered
2026-09-01 05:17:35,405 [oasis.registry] INFO: Registered backend: scikit-fem (skfem)
2026-09-01 05:17:35,405 [oasis.skfem] INFO: scikit-fem backend registered
2026-09-01 05:17:35,410 [oasis.registry] INFO: Registered backend: Kratos Multiphysics (kratos)
2026-09-01 05:17:35,410 [oasis.kratos] INFO: Kratos Multiphysics backend registered
2026-09-01 05:17:35,412 [oasis.registry] INFO: Registered backend: DUNE-fem (dune)
2026-09-01 05:17:35,412 [oasis.dune] INFO: DUNE-fem backend registered
2026-09-01 05:17:35,418 [oasis.registry] INFO: Registered backend: SPARTA (DSMC) (sparta)
2026-09-01 05:17:35,418 [oasis.sparta] INFO: SPARTA (DSMC) backend registered
2026-09-01 05:17:35,418 [oasis] INFO: Starting OASiS MCP server
2026-09-01 05:17:35,429 [mcp.server.lowlevel.server] INFO: Processing request of type CallToolRequest
2026-09-01 05:17:36,972 [oasis.registry] INFO: Loaded discovered config: 5 backends
2026-09-01 05:17:36,978 [oasis.registry] INFO: Registered backend: 4C Multiphysics (fourc)
2026-09-01 05:17:36,979 [oasis.registry] INFO: Registered backend: FEniCSx (dolfinx) (fenics)
2026-09-01 05:17:36,979 [oasis.registry] INFO: Registered backend: deal.II (dealii)
2026-09-01 05:17:36,986 [oasis.registry] INFO: Registered backend: FEBio (febio)
2026-09-01 05:17:36,990 [oasis.registry] INFO: Registered backend: NGSolve (ngsolve)
2026-09-01 05:17:36,990 [oasis.ngsolve] INFO: NGSolve backend registered
2026-09-01 05:17:36,995 [oasis.registry] INFO: Registered backend: scikit-fem (skfem)
2026-09-01 05:17:36,995 [oasis.skfem] INFO: scikit-fem backend registered
2026-09-01 05:17:37,002 [oasis.registry] INFO: Registered backend: Kratos Multiphysics (kratos)
2026-09-01 05:17:37,002 [oasis.kratos] INFO: Kratos Multiphysics backend registered
2026-09-01 05:17:37,007 [oasis.registry] INFO: Registered backend: DUNE-fem (dune)
2026-09-01 05:17:37,007 [oasis.dune] INFO: DUNE-fem backend registered
2026-09-01 05:17:37,016 [oasis.registry] INFO: Registered backend: SPARTA (DSMC) (sparta)
2026-09-01 05:17:37,016 [oasis.sparta] INFO: SPARTA (DSMC) backend registered
2026-09-01 05:17:37,016 [oasis] INFO: Starting OASiS MCP server
2026-09-01 05:17:37,020 [oasis.registry] INFO: Loaded discovered config: 5 backends
2026-09-01 05:17:37,023 [oasis.registry] INFO: Registered backend: 4C Multiphysics (fourc)
2026-09-01 05:17:37,024 [oasis.registry] INFO: Registered backend: FEniCSx (dolfinx) (fenics)
2026-09-01 05:17:37,025 [oasis.registry] INFO: Registered backend: deal.II (dealii)
2026-09-01 05:17:37,029 [oasis.registry] INFO: Registered backend: FEBio (febio)
2026-09-01 05:17:37,031 [oasis.registry] INFO: Registered backend: NGSolve (ngsolve)
2026-09-01 05:17:37,032 [oasis.ngsolve] INFO: NGSolve backend registered
2026-09-01 05:17:37,035 [oasis.registry] INFO: Registered backend: scikit-fem (skfem)
2026-09-01 05:17:37,035 [oasis.skfem] INFO: scikit-fem backend registered
2026-09-01 05:17:37,036 [mcp.server.lowlevel.server] INFO: Processing request of type CallToolRequest
2026-09-01 05:17:37,040 [oasis.registry] INFO: Registered backend: Kratos Multiphysics (kratos)
2026-09-01 05:17:37,041 [oasis.kratos] INFO: Kratos Multiphysics backend registered
2026-09-01 05:17:37,044 [oasis.registry] INFO: Registered backend: DUNE-fem (dune)
2026-09-01 05:17:37,044 [oasis.dune] INFO: DUNE-fem backend registered
2026-09-01 05:17:37,051 [oasis.registry] INFO: Registered backend: SPARTA (DSMC) (sparta)
2026-09-01 05:17:37,051 [oasis.sparta] INFO: SPARTA (DSMC) backend registered
2026-09-01 05:17:37,051 [oasis] INFO: Starting OASiS MCP server
2026-09-01 05:17:37,053 [oasis.registry] INFO: Loaded discovered config: 5 backends
2026-09-01 05:17:37,056 [oasis.registry] INFO: Registered backend: 4C Multiphysics (fourc)
2026-09-01 05:17:37,056 [oasis.registry] INFO: Registered backend: FEniCSx (dolfinx) (fenics)
2026-09-01 05:17:37,057 [oasis.registry] INFO: Registered backend: deal.II (dealii)
2026-09-01 05:17:37,060 [mcp.server.lowlevel.server] INFO: Processing request of type CallToolRequest
2026-09-01 05:17:37,061 [oasis.registry] INFO: Registered backend: FEBio (febio)
2026-09-01 05:17:37,064 [oasis.registry] INFO: Registered backend: NGSolve (ngsolve)
2026-09-01 05:17:37,064 [oasis.ngsolve] INFO: NGSolve backend registered
2026-09-01 05:17:37,067 [oasis.registry] INFO: Registered backend: scikit-fem (skfem)
2026-09-01 05:17:37,067 [oasis.skfem] INFO: scikit-fem backend registered
2026-09-01 05:17:37,072 [oasis.registry] INFO: Registered backend: Kratos Multiphysics (kratos)
2026-09-01 05:17:37,072 [oasis.kratos] INFO: Kratos Multiphysics backend registered
2026-09-01 05:17:37,075 [oasis.registry] INFO: Registered backend: DUNE-fem (dune)
2026-09-01 05:17:37,075 [oasis.dune] INFO: DUNE-fem backend registered
2026-09-01 05:17:37,081 [oasis.registry] INFO: Registered backend: SPARTA (DSMC) (sparta)
2026-09-01 05:17:37,081 [oasis.sparta] INFO: SPARTA (DSMC) backend registered
2026-09-01 05:17:37,081 [oasis] INFO: Starting OASiS MCP server
2026-09-01 05:17:37,089 [mcp.server.lowlevel.server] INFO: Processing request of type CallToolRequest
2026-09-01 05:17:37,103 [mcp.server.lowlevel.server] INFO: Processing request of type ListToolsRequest
2026-09-01 05:17:37,112 [oasis] INFO: Session journal saved: /home/alexander/Schreibtisch/ofa-v2/data/sessions/session_2d830690-9036-4da8-930c-33b086867382.json (1 events)
2026-09-01 05:17:38,714 [mcp.server.lowlevel.server] INFO: Processing request of type ListToolsRequest
2026-09-01 05:17:38,723 [oasis] INFO: Session journal saved: /home/alexander/Schreibtisch/ofa-v2/data/sessions/session_2f06e918-3135-4842-b6d7-167a0e633d32.json (1 events)
2026-09-01 05:17:38,810 [mcp.server.lowlevel.server] INFO: Processing request of type ListToolsRequest
2026-09-01 05:17:38,818 [oasis] INFO: Session journal saved: /home/alexander/Schreibtisch/ofa-v2/data/sessions/session_8f8c6f14-4acd-4cd6-aac3-e86b06ae5078.json (1 events)
2026-09-01 05:17:39,492 [mcp.server.lowlevel.server] INFO: Processing request of type ListToolsRequest
2026-09-01 05:17:39,499 [oasis] INFO: Session journal saved: /home/alexander/Schreibtisch/ofa-v2/data/sessions/session_be3f11e3-5b5b-47bd-8191-27b344e33333.json (1 events)
2026-09-01 05:17:39,605 [mcp.server.lowlevel.server] INFO: Processing request of type ListToolsRequest
2026-09-01 05:17:39,614 [oasis] INFO: Session journal saved: /home/alexander/Schreibtisch/ofa-v2/data/sessions/session_c5acbcbd-acf7-454a-b98b-2b83947e84e6.json (1 events)
2026-09-01 05:17:39,762 [mcp.server.lowlevel.server] INFO: Processing request of type ListToolsRequest
2026-09-01 05:17:39,769 [oasis] INFO: Session journal saved: /home/alexander/Schreibtisch/ofa-v2/data/sessions/session_b57a8d0d-f876-4d81-b84b-306b7b7504af.json (1 events)
2026-09-01 05:17:39,897 [mcp.server.lowlevel.server] INFO: Processing request of type ListToolsRequest
2026-09-01 05:17:39,904 [oasis] INFO: Session journal saved: /home/alexander/Schreibtisch/ofa-v2/data/sessions/session_14a7fafc-5bf7-4614-b86c-565be79c3d2f.json (1 events)
2026-09-01 05:17:40,107 [mcp.server.lowlevel.server] INFO: Processing request of type ListToolsRequest
2026-09-01 05:17:40,114 [oasis] INFO: Session journal saved: /home/alexander/Schreibtisch/ofa-v2/data/sessions/session_343fb899-9d44-4893-b740-c2f42181ab5b.json (1 events)
2026-09-01 05:17:40,520 [mcp.server.lowlevel.server] INFO: Processing request of type ListToolsRequest
2026-09-01 05:17:40,526 [oasis] INFO: Session journal saved: /home/alexander/Schreibtisch/ofa-v2/data/sessions/session_5548d156-afc0-44aa-aab4-3a37785a9de7.json (1 events)
2026-09-01 05:17:40,911 [mcp.server.lowlevel.server] INFO: Processing request of type ListToolsRequest
2026-09-01 05:17:40,919 [oasis] INFO: Session journal saved: /home/alexander/Schreibtisch/ofa-v2/data/sessions/session_2e56e888-d6c4-4fa3-8b2c-8484c4d2d01d.json (1 events)
2026-09-01 05:17:40,929 [mcp.server.lowlevel.server] INFO: Processing request of type ListToolsRequest
2026-09-01 05:17:40,936 [oasis] INFO: Session journal saved: /home/alexander/Schreibtisch/ofa-v2/data/sessions/session_f8fa8dfa-0b9d-4f77-84bb-2c2d22058c91.json (1 events)
2026-09-01 05:17:41,113 [mcp.server.lowlevel.server] INFO: Processing request of type ListToolsRequest
2026-09-01 05:17:41,121 [oasis] INFO: Session journal saved: /home/alexander/Schreibtisch/ofa-v2/data/sessions/session_6740ced2-bc7e-4788-abae-b62ed6e29186.json (1 events)
2026-09-01 05:17:41,225 [mcp.server.lowlevel.server] INFO: Processing request of type ListToolsRequest
2026-09-01 05:17:41,231 [oasis] INFO: Session journal saved: /home/alexander/Schreibtisch/ofa-v2/data/sessions/session_4f7a456f-70e8-4bc0-8133-b34c84a83114.json (1 events)
2026-09-01 05:17:41,403 [mcp.server.lowlevel.server] INFO: Processing request of type ListToolsRequest
2026-09-01 05:17:41,410 [oasis] INFO: Session journal saved: /home/alexander/Schreibtisch/ofa-v2/data/sessions/session_92be8bce-3003-4815-9e8f-230d652f300e.json (1 events)
2026-09-01 05:17:41,525 [mcp.server.lowlevel.server] INFO: Processing request of type ListToolsRequest
2026-09-01 05:17:41,534 [oasis] INFO: Session journal saved: /home/alexander/Schreibtisch/ofa-v2/data/sessions/session_09f28c83-2412-48c3-8b7c-56a2cb94e598.json (1 events)
2026-09-01 05:18:04,093 [oasis.registry] INFO: Loaded discovered config: 5 backends
2026-09-01 05:18:04,095 [oasis.registry] INFO: Registered backend: 4C Multiphysics (fourc)
2026-09-01 05:18:04,096 [oasis.registry] INFO: Registered backend: FEniCSx (dolfinx) (fenics)
2026-09-01 05:18:04,096 [oasis.registry] INFO: Registered backend: deal.II (dealii)
2026-09-01 05:18:04,099 [oasis.registry] INFO: Registered backend: FEBio (febio)
2026-09-01 05:18:04,102 [oasis.registry] INFO: Registered backend: NGSolve (ngsolve)
2026-09-01 05:18:04,102 [oasis.ngsolve] INFO: NGSolve backend registered
2026-09-01 05:18:04,104 [oasis.registry] INFO: Registered backend: scikit-fem (skfem)
2026-09-01 05:18:04,105 [oasis.skfem] INFO: scikit-fem backend registered
2026-09-01 05:18:04,108 [oasis.registry] INFO: Registered backend: Kratos Multiphysics (kratos)
2026-09-01 05:18:04,108 [oasis.kratos] INFO: Kratos Multiphysics backend registered
2026-09-01 05:18:04,111 [oasis.registry] INFO: Registered backend: DUNE-fem (dune)
2026-09-01 05:18:04,111 [oasis.dune] INFO: DUNE-fem backend registered
2026-09-01 05:18:04,116 [oasis.registry] INFO: Registered backend: SPARTA (DSMC) (sparta)
2026-09-01 05:18:04,116 [oasis.sparta] INFO: SPARTA (DSMC) backend registered
2026-09-01 05:18:04,116 [oasis] INFO: Starting OASiS MCP server
2026-09-01 05:18:04,123 [mcp.server.lowlevel.server] INFO: Processing request of type CallToolRequest
2026-09-01 05:18:04,140 [mcp.server.lowlevel.server] INFO: Processing request of type ListToolsRequest
2026-09-01 05:18:04,149 [oasis] INFO: Session journal saved: /home/alexander/Schreibtisch/ofa-v2/data/sessions/session_5ff8a376-a4de-4d5e-8ce8-ef956f656d30.json (1 events)
2026-09-01 05:18:04,235 [oasis.registry] INFO: Loaded discovered config: 5 backends
2026-09-01 05:18:04,237 [oasis.registry] INFO: Registered backend: 4C Multiphysics (fourc)
2026-09-01 05:18:04,237 [oasis.registry] INFO: Registered backend: FEniCSx (dolfinx) (fenics)
2026-09-01 05:18:04,238 [oasis.registry] INFO: Registered backend: deal.II (dealii)
2026-09-01 05:18:04,241 [oasis.registry] INFO: Registered backend: FEBio (febio)
2026-09-01 05:18:04,244 [oasis.registry] INFO: Registered backend: NGSolve (ngsolve)
2026-09-01 05:18:04,244 [oasis.ngsolve] INFO: NGSolve backend registered
2026-09-01 05:18:04,246 [oasis.registry] INFO: Registered backend: scikit-fem (skfem)
2026-09-01 05:18:04,246 [oasis.skfem] INFO: scikit-fem backend registered
2026-09-01 05:18:04,250 [oasis.registry] INFO: Registered backend: Kratos Multiphysics (kratos)
2026-09-01 05:18:04,250 [oasis.kratos] INFO: Kratos Multiphysics backend registered
2026-09-01 05:18:04,252 [oasis.registry] INFO: Registered backend: DUNE-fem (dune)
2026-09-01 05:18:04,252 [oasis.dune] INFO: DUNE-fem backend registered
2026-09-01 05:18:04,257 [oasis.registry] INFO: Registered backend: SPARTA (DSMC) (sparta)
2026-09-01 05:18:04,257 [oasis.sparta] INFO: SPARTA (DSMC) backend registered
2026-09-01 05:18:04,257 [oasis] INFO: Starting OASiS MCP server
2026-09-01 05:18:04,265 [mcp.server.lowlevel.server] INFO: Processing request of type CallToolRequest
2026-09-01 05:18:04,279 [mcp.server.lowlevel.server] INFO: Processing request of type ListToolsRequest
2026-09-01 05:18:04,285 [oasis] INFO: Session journal saved: /home/alexander/Schreibtisch/ofa-v2/data/sessions/session_459c88d7-69d0-4e6f-8968-4ec47d40d438.json (1 events)
2026-09-01 05:18:04,286 [oasis.registry] INFO: Loaded discovered config: 5 backends
2026-09-01 05:18:04,288 [oasis.registry] INFO: Registered backend: 4C Multiphysics (fourc)
2026-09-01 05:18:04,288 [oasis.registry] INFO: Registered backend: FEniCSx (dolfinx) (fenics)
2026-09-01 05:18:04,289 [oasis.registry] INFO: Registered backend: deal.II (dealii)
2026-09-01 05:18:04,292 [oasis.registry] INFO: Registered backend: FEBio (febio)
2026-09-01 05:18:04,294 [oasis.registry] INFO: Registered backend: NGSolve (ngsolve)
2026-09-01 05:18:04,294 [oasis.ngsolve] INFO: NGSolve backend registered
2026-09-01 05:18:04,297 [oasis.registry] INFO: Registered backend: scikit-fem (skfem)
2026-09-01 05:18:04,297 [oasis.skfem] INFO: scikit-fem backend registered
2026-09-01 05:18:04,301 [oasis.registry] INFO: Registered backend: Kratos Multiphysics (kratos)
2026-09-01 05:18:04,301 [oasis.kratos] INFO: Kratos Multiphysics backend registered
2026-09-01 05:18:04,303 [oasis.registry] INFO: Registered backend: DUNE-fem (dune)
2026-09-01 05:18:04,303 [oasis.dune] INFO: DUNE-fem backend registered
2026-09-01 05:18:04,308 [oasis.registry] INFO: Registered backend: SPARTA (DSMC) (sparta)
2026-09-01 05:18:04,308 [oasis.sparta] INFO: SPARTA (DSMC) backend registered
2026-09-01 05:18:04,308 [oasis] INFO: Starting OASiS MCP server
2026-09-01 05:18:04,317 [mcp.server.lowlevel.server] INFO: Processing request of type CallToolRequest
2026-09-01 05:18:04,337 [mcp.server.lowlevel.server] INFO: Processing request of type ListToolsRequest
2026-09-01 05:18:04,347 [oasis] INFO: Session journal saved: /home/alexander/Schreibtisch/ofa-v2/data/sessions/session_b61200c1-48bc-4706-9180-2376fe80555b.json (1 events)
/home/alexander/Schreibtisch/ofa-v2/langgraph_eval/agent.py:381: RuntimeWarning: This package (`duckduckgo_search`) has been renamed to `ddgs`! Use `pip install ddgs` instead.
  with DDGS() as ddgs:
/home/alexander/Schreibtisch/ofa-v2/langgraph_eval/agent.py:381: RuntimeWarning: This package (`duckduckgo_search`) has been renamed to `ddgs`! Use `pip install ddgs` instead.
  with DDGS() as ddgs:
/home/alexander/Schreibtisch/ofa-v2/langgraph_eval/agent.py:381: RuntimeWarning: This package (`duckduckgo_search`) has been renamed to `ddgs`! Use `pip install ddgs` instead.
  with DDGS() as ddgs:
2026-09-01 05:18:25,979 [oasis.registry] INFO: Loaded discovered config: 5 backends
2026-09-01 05:18:25,981 [oasis.registry] INFO: Registered backend: 4C Multiphysics (fourc)
2026-09-01 05:18:25,981 [oasis.registry] INFO: Registered backend: FEniCSx (dolfinx) (fenics)
2026-09-01 05:18:25,982 [oasis.registry] INFO: Loaded discovered config: 5 backends
2026-09-01 05:18:25,982 [oasis.registry] INFO: Registered backend: deal.II (dealii)
2026-09-01 05:18:25,984 [oasis.registry] INFO: Registered backend: 4C Multiphysics (fourc)
2026-09-01 05:18:25,985 [oasis.registry] INFO: Registered backend: FEniCSx (dolfinx) (fenics)
2026-09-01 05:18:25,985 [oasis.registry] INFO: Registered backend: FEBio (febio)
2026-09-01 05:18:25,985 [oasis.registry] INFO: Registered backend: deal.II (dealii)
2026-09-01 05:18:25,988 [oasis.registry] INFO: Registered backend: NGSolve (ngsolve)
2026-09-01 05:18:25,988 [oasis.ngsolve] INFO: NGSolve backend registered
2026-09-01 05:18:25,989 [oasis.registry] INFO: Registered backend: FEBio (febio)
2026-09-01 05:18:25,990 [oasis.registry] INFO: Registered backend: scikit-fem (skfem)
2026-09-01 05:18:25,990 [oasis.skfem] INFO: scikit-fem backend registered
2026-09-01 05:18:25,991 [oasis.registry] INFO: Registered backend: NGSolve (ngsolve)
2026-09-01 05:18:25,991 [oasis.ngsolve] INFO: NGSolve backend registered
2026-09-01 05:18:25,994 [oasis.registry] INFO: Registered backend: scikit-fem (skfem)
2026-09-01 05:18:25,994 [oasis.skfem] INFO: scikit-fem backend registered
2026-09-01 05:18:25,994 [oasis.registry] INFO: Registered backend: Kratos Multiphysics (kratos)
2026-09-01 05:18:25,994 [oasis.kratos] INFO: Kratos Multiphysics backend registered
2026-09-01 05:18:25,997 [oasis.registry] INFO: Registered backend: DUNE-fem (dune)
2026-09-01 05:18:25,997 [oasis.dune] INFO: DUNE-fem backend registered
2026-09-01 05:18:25,998 [oasis.registry] INFO: Registered backend: Kratos Multiphysics (kratos)
2026-09-01 05:18:25,998 [oasis.kratos] INFO: Kratos Multiphysics backend registered
2026-09-01 05:18:26,001 [oasis.registry] INFO: Registered backend: DUNE-fem (dune)
2026-09-01 05:18:26,001 [oasis.dune] INFO: DUNE-fem backend registered
2026-09-01 05:18:26,002 [oasis.registry] INFO: Registered backend: SPARTA (DSMC) (sparta)
2026-09-01 05:18:26,002 [oasis.sparta] INFO: SPARTA (DSMC) backend registered
2026-09-01 05:18:26,002 [oasis] INFO: Starting OASiS MCP server
2026-09-01 05:18:26,006 [oasis.registry] INFO: Registered backend: SPARTA (DSMC) (sparta)
2026-09-01 05:18:26,006 [oasis.sparta] INFO: SPARTA (DSMC) backend registered
2026-09-01 05:18:26,006 [oasis] INFO: Starting OASiS MCP server
2026-09-01 05:18:26,010 [mcp.server.lowlevel.server] INFO: Processing request of type CallToolRequest
2026-09-01 05:18:26,014 [mcp.server.lowlevel.server] INFO: Processing request of type CallToolRequest
2026-09-01 05:18:26,023 [mcp.server.lowlevel.server] INFO: Processing request of type ListToolsRequest
2026-09-01 05:18:26,032 [mcp.server.lowlevel.server] INFO: Processing request of type ListToolsRequest
2026-09-01 05:18:26,032 [oasis] INFO: Session journal saved: /home/alexander/Schreibtisch/ofa-v2/data/sessions/session_ad8c3fe8-fe53-42d1-b09f-1b1034564632.json (1 events)
2026-09-01 05:18:26,040 [oasis] INFO: Session journal saved: /home/alexander/Schreibtisch/ofa-v2/data/sessions/session_87885d85-b028-447c-8991-6ac2f44c6c46.json (1 events)
/home/alexander/Schreibtisch/ofa-v2/langgraph_eval/agent.py:381: RuntimeWarning: This package (`duckduckgo_search`) has been renamed to `ddgs`! Use `pip install ddgs` instead.
  with DDGS() as ddgs:
/home/alexander/Schreibtisch/ofa-v2/langgraph_eval/agent.py:381: RuntimeWarning: This package (`duckduckgo_search`) has been renamed to `ddgs`! Use `pip install ddgs` instead.
  with DDGS() as ddgs:
/home/alexander/Schreibtisch/ofa-v2/langgraph_eval/agent.py:381: RuntimeWarning: This package (`duckduckgo_search`) has been renamed to `ddgs`! Use `pip install ddgs` instead.
  with DDGS() as ddgs:
2026-09-01 05:18:29,870 [oasis.registry] INFO: Loaded discovered config: 5 backends
2026-09-01 05:18:29,872 [oasis.registry] INFO: Registered backend: 4C Multiphysics (fourc)
2026-09-01 05:18:29,873 [oasis.registry] INFO: Registered backend: FEniCSx (dolfinx) (fenics)
2026-09-01 05:18:29,873 [oasis.registry] INFO: Registered backend: deal.II (dealii)
2026-09-01 05:18:29,876 [oasis.registry] INFO: Registered backend: FEBio (febio)
2026-09-01 05:18:29,879 [oasis.registry] INFO: Registered backend: NGSolve (ngsolve)
2026-09-01 05:18:29,879 [oasis.ngsolve] INFO: NGSolve backend registered
2026-09-01 05:18:29,881 [oasis.registry] INFO: Registered backend: scikit-fem (skfem)
2026-09-01 05:18:29,881 [oasis.skfem] INFO: scikit-fem backend registered
2026-09-01 05:18:29,885 [oasis.registry] INFO: Registered backend: Kratos Multiphysics (kratos)
2026-09-01 05:18:29,885 [oasis.kratos] INFO: Kratos Multiphysics backend registered
2026-09-01 05:18:29,887 [oasis.registry] INFO: Registered backend: DUNE-fem (dune)
2026-09-01 05:18:29,887 [oasis.dune] INFO: DUNE-fem backend registered
2026-09-01 05:18:29,892 [oasis.registry] INFO: Registered backend: SPARTA (DSMC) (sparta)
2026-09-01 05:18:29,892 [oasis.sparta] INFO: SPARTA (DSMC) backend registered
2026-09-01 05:18:29,892 [oasis] INFO: Starting OASiS MCP server
2026-09-01 05:18:29,899 [mcp.server.lowlevel.server] INFO: Processing request of type CallToolRequest
2026-09-01 05:18:29,915 [mcp.server.lowlevel.server] INFO: Processing request of type ListToolsRequest
2026-09-01 05:18:29,923 [oasis] INFO: Session journal saved: /home/alexander/Schreibtisch/ofa-v2/data/sessions/session_456ab114-74f0-4963-b907-72437c98988b.json (1 events)
/home/alexander/Schreibtisch/ofa-v2/langgraph_eval/agent.py:381: RuntimeWarning: This package (`duckduckgo_search`) has been renamed to `ddgs`! Use `pip install ddgs` instead.
  with DDGS() as ddgs:
2026-09-01 05:18:31,844 [oasis.registry] INFO: Loaded discovered config: 5 backends
2026-09-01 05:18:31,846 [oasis.registry] INFO: Registered backend: 4C Multiphysics (fourc)
2026-09-01 05:18:31,847 [oasis.registry] INFO: Registered backend: FEniCSx (dolfinx) (fenics)
2026-09-01 05:18:31,847 [oasis.registry] INFO: Registered backend: deal.II (dealii)
2026-09-01 05:18:31,850 [oasis.registry] INFO: Registered backend: FEBio (febio)
2026-09-01 05:18:31,852 [oasis.registry] INFO: Loaded discovered config: 5 backends
2026-09-01 05:18:31,853 [oasis.registry] INFO: Registered backend: NGSolve (ngsolve)
2026-09-01 05:18:31,853 [oasis.ngsolve] INFO: NGSolve backend registered
2026-09-01 05:18:31,854 [oasis.registry] INFO: Registered backend: 4C Multiphysics (fourc)
2026-09-01 05:18:31,855 [oasis.registry] INFO: Registered backend: FEniCSx (dolfinx) (fenics)
2026-09-01 05:18:31,855 [oasis.registry] INFO: Registered backend: deal.II (dealii)
2026-09-01 05:18:31,855 [oasis.registry] INFO: Registered backend: scikit-fem (skfem)
2026-09-01 05:18:31,855 [oasis.skfem] INFO: scikit-fem backend registered
2026-09-01 05:18:31,858 [oasis.registry] INFO: Registered backend: FEBio (febio)
2026-09-01 05:18:31,859 [oasis.registry] INFO: Registered backend: Kratos Multiphysics (kratos)
2026-09-01 05:18:31,859 [oasis.kratos] INFO: Kratos Multiphysics backend registered
2026-09-01 05:18:31,861 [oasis.registry] INFO: Registered backend: NGSolve (ngsolve)
2026-09-01 05:18:31,861 [oasis.ngsolve] INFO: NGSolve backend registered
2026-09-01 05:18:31,861 [oasis.registry] INFO: Registered backend: DUNE-fem (dune)
2026-09-01 05:18:31,861 [oasis.dune] INFO: DUNE-fem backend registered
2026-09-01 05:18:31,863 [oasis.registry] INFO: Registered backend: scikit-fem (skfem)
2026-09-01 05:18:31,863 [oasis.skfem] INFO: scikit-fem backend registered
2026-09-01 05:18:31,867 [oasis.registry] INFO: Registered backend: SPARTA (DSMC) (sparta)
2026-09-01 05:18:31,867 [oasis.sparta] INFO: SPARTA (DSMC) backend registered
2026-09-01 05:18:31,867 [oasis] INFO: Starting OASiS MCP server
2026-09-01 05:18:31,867 [oasis.registry] INFO: Registered backend: Kratos Multiphysics (kratos)
2026-09-01 05:18:31,867 [oasis.kratos] INFO: Kratos Multiphysics backend registered
2026-09-01 05:18:31,869 [oasis.registry] INFO: Registered backend: DUNE-fem (dune)
2026-09-01 05:18:31,870 [oasis.dune] INFO: DUNE-fem backend registered
2026-09-01 05:18:31,875 [oasis.registry] INFO: Registered backend: SPARTA (DSMC) (sparta)
2026-09-01 05:18:31,875 [oasis.sparta] INFO: SPARTA (DSMC) backend registered
2026-09-01 05:18:31,875 [oasis] INFO: Starting OASiS MCP server
2026-09-01 05:18:31,875 [mcp.server.lowlevel.server] INFO: Processing request of type CallToolRequest
2026-09-01 05:18:31,881 [mcp.server.lowlevel.server] INFO: Processing request of type CallToolRequest
2026-09-01 05:18:31,890 [mcp.server.lowlevel.server] INFO: Processing request of type ListToolsRequest
2026-09-01 05:18:31,897 [oasis] INFO: Session journal saved: /home/alexander/Schreibtisch/ofa-v2/data/sessions/session_4528988b-ec2d-4330-81ac-90ff5e16c1b5.json (1 events)
/home/alexander/Schreibtisch/ofa-v2/langgraph_eval/agent.py:381: RuntimeWarning: This package (`duckduckgo_search`) has been renamed to `ddgs`! Use `pip install ddgs` instead.
  with DDGS() as ddgs:
/home/alexander/Schreibtisch/ofa-v2/langgraph_eval/agent.py:381: RuntimeWarning: This package (`duckduckgo_search`) has been renamed to `ddgs`! Use `pip install ddgs` instead.
  with DDGS() as ddgs:
/home/alexander/Schreibtisch/ofa-v2/langgraph_eval/agent.py:381: RuntimeWarning: This package (`duckduckgo_search`) has been renamed to `ddgs`! Use `pip install ddgs` instead.
  with DDGS() as ddgs:
/home/alexander/Schreibtisch/ofa-v2/langgraph_eval/agent.py:381: RuntimeWarning: This package (`duckduckgo_search`) has been renamed to `ddgs`! Use `pip install ddgs` instead.
  with DDGS() as ddgs:
/home/alexander/Schreibtisch/ofa-v2/langgraph_eval/agent.py:381: RuntimeWarning: This package (`duckduckgo_search`) has been renamed to `ddgs`! Use `pip install ddgs` instead.
  with DDGS() as ddgs:
/home/alexander/Schreibtisch/ofa-v2/langgraph_eval/agent.py:381: RuntimeWarning: This package (`duckduckgo_search`) has been renamed to `ddgs`! Use `pip install ddgs` instead.
  with DDGS() as ddgs:
2026-09-01 05:18:34,473 [oasis.registry] INFO: Loaded discovered config: 5 backends
2026-09-01 05:18:34,475 [oasis.registry] INFO: Registered backend: 4C Multiphysics (fourc)
2026-09-01 05:18:34,477 [oasis.registry] INFO: Registered backend: FEniCSx (dolfinx) (fenics)
2026-09-01 05:18:34,477 [oasis.registry] INFO: Registered backend: deal.II (dealii)
2026-09-01 05:18:34,480 [oasis.registry] INFO: Registered backend: FEBio (febio)
2026-09-01 05:18:34,483 [oasis.registry] INFO: Registered backend: NGSolve (ngsolve)
2026-09-01 05:18:34,483 [oasis.ngsolve] INFO: NGSolve backend registered
2026-09-01 05:18:34,485 [oasis.registry] INFO: Registered backend: scikit-fem (skfem)
2026-09-01 05:18:34,485 [oasis.skfem] INFO: scikit-fem backend registered
2026-09-01 05:18:34,489 [oasis.registry] INFO: Registered backend: Kratos Multiphysics (kratos)
2026-09-01 05:18:34,489 [oasis.kratos] INFO: Kratos Multiphysics backend registered
2026-09-01 05:18:34,491 [oasis.registry] INFO: Registered backend: DUNE-fem (dune)
2026-09-01 05:18:34,491 [oasis.dune] INFO: DUNE-fem backend registered
2026-09-01 05:18:34,496 [oasis.registry] INFO: Registered backend: SPARTA (DSMC) (sparta)
2026-09-01 05:18:34,496 [oasis.sparta] INFO: SPARTA (DSMC) backend registered
2026-09-01 05:18:34,496 [oasis] INFO: Starting OASiS MCP server
2026-09-01 05:18:34,504 [mcp.server.lowlevel.server] INFO: Processing request of type CallToolRequest
2026-09-01 05:18:34,517 [mcp.server.lowlevel.server] INFO: Processing request of type ListToolsRequest
2026-09-01 05:18:34,524 [oasis] INFO: Session journal saved: /home/alexander/Schreibtisch/ofa-v2/data/sessions/session_203fab63-b706-41f2-99ba-22cde182de19.json (1 events)
2026-09-01 05:18:35,651 [mcp.server.lowlevel.server] INFO: Processing request of type ListToolsRequest
2026-09-01 05:18:35,657 [oasis] INFO: Session journal saved: /home/alexander/Schreibtisch/ofa-v2/data/sessions/session_e0180085-761d-4bd8-aa4c-29f947e459cf.json (1 events)
/home/alexander/Schreibtisch/ofa-v2/langgraph_eval/agent.py:381: RuntimeWarning: This package (`duckduckgo_search`) has been renamed to `ddgs`! Use `pip install ddgs` instead.
  with DDGS() as ddgs:
/home/alexander/Schreibtisch/ofa-v2/langgraph_eval/agent.py:381: RuntimeWarning: This package (`duckduckgo_search`) has been renamed to `ddgs`! Use `pip install ddgs` instead.
  with DDGS() as ddgs:
/home/alexander/Schreibtisch/ofa-v2/langgraph_eval/agent.py:381: RuntimeWarning: This package (`duckduckgo_search`) has been renamed to `ddgs`! Use `pip install ddgs` instead.
  with DDGS() as ddgs:
/home/alexander/Schreibtisch/ofa-v2/langgraph_eval/agent.py:381: RuntimeWarning: This package (`duckduckgo_search`) has been renamed to `ddgs`! Use `pip install ddgs` instead.
  with DDGS() as ddgs:
/home/alexander/Schreibtisch/ofa-v2/langgraph_eval/agent.py:381: RuntimeWarning: This package (`duckduckgo_search`) has been renamed to `ddgs`! Use `pip install ddgs` instead.
  with DDGS() as ddgs:
/home/alexander/Schreibtisch/ofa-v2/langgraph_eval/agent.py:381: RuntimeWarning: This package (`duckduckgo_search`) has been renamed to `ddgs`! Use `pip install ddgs` instead.
  with DDGS() as ddgs:
/home/alexander/Schreibtisch/ofa-v2/langgraph_eval/agent.py:381: RuntimeWarning: This package (`duckduckgo_search`) has been renamed to `ddgs`! Use `pip install ddgs` instead.
  with DDGS() as ddgs:
/home/alexander/Schreibtisch/ofa-v2/langgraph_eval/agent.py:381: RuntimeWarning: This package (`duckduckgo_search`) has been renamed to `ddgs`! Use `pip install ddgs` instead.
  with DDGS() as ddgs:
/home/alexander/Schreibtisch/ofa-v2/langgraph_eval/agent.py:381: RuntimeWarning: This package (`duckduckgo_search`) has been renamed to `ddgs`! Use `pip install ddgs` instead.
  with DDGS() as ddgs:
/home/alexander/Schreibtisch/ofa-v2/langgraph_eval/agent.py:381: RuntimeWarning: This package (`duckduckgo_search`) has been renamed to `ddgs`! Use `pip install ddgs` instead.
  with DDGS() as ddgs:
/home/alexander/Schreibtisch/ofa-v2/langgraph_eval/agent.py:381: RuntimeWarning: This package (`duckduckgo_search`) has been renamed to `ddgs`! Use `pip install ddgs` instead.
  with DDGS() as ddgs:
/home/alexander/Schreibtisch/ofa-v2/langgraph_eval/agent.py:381: RuntimeWarning: This package (`duckduckgo_search`) has been renamed to `ddgs`! Use `pip install ddgs` instead.
  with DDGS() as ddgs:
2026-09-01 05:18:39,139 [oasis.registry] INFO: Loaded discovered config: 5 backends
2026-09-01 05:18:39,140 [oasis.registry] INFO: Loaded discovered config: 5 backends
2026-09-01 05:18:39,141 [oasis.registry] INFO: Registered backend: 4C Multiphysics (fourc)
2026-09-01 05:18:39,142 [oasis.registry] INFO: Registered backend: 4C Multiphysics (fourc)
2026-09-01 05:18:39,142 [oasis.registry] INFO: Registered backend: FEniCSx (dolfinx) (fenics)
2026-09-01 05:18:39,142 [oasis.registry] INFO: Registered backend: FEniCSx (dolfinx) (fenics)
2026-09-01 05:18:39,143 [oasis.registry] INFO: Registered backend: deal.II (dealii)
2026-09-01 05:18:39,143 [oasis.registry] INFO: Registered backend: deal.II (dealii)
2026-09-01 05:18:39,146 [oasis.registry] INFO: Registered backend: FEBio (febio)
2026-09-01 05:18:39,146 [oasis.registry] INFO: Registered backend: FEBio (febio)
2026-09-01 05:18:39,148 [oasis.registry] INFO: Registered backend: NGSolve (ngsolve)
2026-09-01 05:18:39,148 [oasis.ngsolve] INFO: NGSolve backend registered
2026-09-01 05:18:39,149 [oasis.registry] INFO: Registered backend: NGSolve (ngsolve)
2026-09-01 05:18:39,149 [oasis.ngsolve] INFO: NGSolve backend registered
2026-09-01 05:18:39,151 [oasis.registry] INFO: Registered backend: scikit-fem (skfem)
2026-09-01 05:18:39,151 [oasis.registry] INFO: Loaded discovered config: 5 backends
2026-09-01 05:18:39,151 [oasis.skfem] INFO: scikit-fem backend registered
2026-09-01 05:18:39,151 [oasis.registry] INFO: Registered backend: scikit-fem (skfem)
2026-09-01 05:18:39,151 [oasis.skfem] INFO: scikit-fem backend registered
2026-09-01 05:18:39,153 [oasis.registry] INFO: Registered backend: 4C Multiphysics (fourc)
2026-09-01 05:18:39,154 [oasis.registry] INFO: Registered backend: FEniCSx (dolfinx) (fenics)
2026-09-01 05:18:39,154 [oasis.registry] INFO: Registered backend: deal.II (dealii)
2026-09-01 05:18:39,155 [oasis.registry] INFO: Registered backend: Kratos Multiphysics (kratos)
2026-09-01 05:18:39,155 [oasis.kratos] INFO: Kratos Multiphysics backend registered
2026-09-01 05:18:39,155 [oasis.registry] INFO: Registered backend: Kratos Multiphysics (kratos)
2026-09-01 05:18:39,155 [oasis.kratos] INFO: Kratos Multiphysics backend registered
2026-09-01 05:18:39,158 [oasis.registry] INFO: Registered backend: DUNE-fem (dune)
2026-09-01 05:18:39,158 [oasis.dune] INFO: DUNE-fem backend registered
2026-09-01 05:18:39,158 [oasis.registry] INFO: Registered backend: FEBio (febio)
2026-09-01 05:18:39,158 [oasis.registry] INFO: Registered backend: DUNE-fem (dune)
2026-09-01 05:18:39,158 [oasis.dune] INFO: DUNE-fem backend registered
2026-09-01 05:18:39,160 [oasis.registry] INFO: Registered backend: NGSolve (ngsolve)
2026-09-01 05:18:39,160 [oasis.ngsolve] INFO: NGSolve backend registered
2026-09-01 05:18:39,163 [oasis.registry] INFO: Registered backend: SPARTA (DSMC) (sparta)
2026-09-01 05:18:39,163 [oasis.sparta] INFO: SPARTA (DSMC) backend registered
2026-09-01 05:18:39,163 [oasis.registry] INFO: Registered backend: scikit-fem (skfem)
2026-09-01 05:18:39,163 [oasis] INFO: Starting OASiS MCP server
2026-09-01 05:18:39,163 [oasis.skfem] INFO: scikit-fem backend registered
2026-09-01 05:18:39,163 [oasis.registry] INFO: Registered backend: SPARTA (DSMC) (sparta)
2026-09-01 05:18:39,163 [oasis.sparta] INFO: SPARTA (DSMC) backend registered
2026-09-01 05:18:39,163 [oasis] INFO: Starting OASiS MCP server
2026-09-01 05:18:39,167 [oasis.registry] INFO: Registered backend: Kratos Multiphysics (kratos)
2026-09-01 05:18:39,167 [oasis.kratos] INFO: Kratos Multiphysics backend registered
2026-09-01 05:18:39,170 [oasis.registry] INFO: Registered backend: DUNE-fem (dune)
2026-09-01 05:18:39,170 [oasis.dune] INFO: DUNE-fem backend registered
2026-09-01 05:18:39,172 [mcp.server.lowlevel.server] INFO: Processing request of type CallToolRequest
2026-09-01 05:18:39,173 [mcp.server.lowlevel.server] INFO: Processing request of type CallToolRequest
2026-09-01 05:18:39,175 [oasis.registry] INFO: Registered backend: SPARTA (DSMC) (sparta)
2026-09-01 05:18:39,175 [oasis.sparta] INFO: SPARTA (DSMC) backend registered
2026-09-01 05:18:39,175 [oasis] INFO: Starting OASiS MCP server
2026-09-01 05:18:39,181 [mcp.server.lowlevel.server] INFO: Processing request of type ListToolsRequest
2026-09-01 05:18:39,183 [mcp.server.lowlevel.server] INFO: Processing request of type CallToolRequest
2026-09-01 05:18:39,190 [oasis] INFO: Session journal saved: /home/alexander/Schreibtisch/ofa-v2/data/sessions/session_5192ed20-624e-4dd3-9cf2-4f31cbb39da8.json (1 events)
2026-09-01 05:18:39,198 [mcp.server.lowlevel.server] INFO: Processing request of type ListToolsRequest
2026-09-01 05:18:39,204 [oasis] INFO: Session journal saved: /home/alexander/Schreibtisch/ofa-v2/data/sessions/session_c9345022-cc2e-45e6-873d-c322c976c813.json (1 events)
2026-09-01 05:18:39,221 [mcp.server.lowlevel.server] INFO: Processing request of type ListToolsRequest
2026-09-01 05:18:39,227 [oasis] INFO: Session journal saved: /home/alexander/Schreibtisch/ofa-v2/data/sessions/session_79b7771a-d814-44ea-825d-3886c797df05.json (1 events)
/home/alexander/Schreibtisch/ofa-v2/langgraph_eval/agent.py:381: RuntimeWarning: This package (`duckduckgo_search`) has been renamed to `ddgs`! Use `pip install ddgs` instead.
  with DDGS() as ddgs:
/home/alexander/Schreibtisch/ofa-v2/langgraph_eval/agent.py:381: RuntimeWarning: This package (`duckduckgo_search`) has been renamed to `ddgs`! Use `pip install ddgs` instead.
  with DDGS() as ddgs:
/home/alexander/Schreibtisch/ofa-v2/langgraph_eval/agent.py:381: RuntimeWarning: This package (`duckduckgo_search`) has been renamed to `ddgs`! Use `pip install ddgs` instead.
  with DDGS() as ddgs:
/home/alexander/Schreibtisch/ofa-v2/langgraph_eval/agent.py:381: RuntimeWarning: This package (`duckduckgo_search`) has been renamed to `ddgs`! Use `pip install ddgs` instead.
  with DDGS() as ddgs:
2026-09-01 05:18:44,971 [oasis.registry] INFO: Loaded discovered config: 5 backends
2026-09-01 05:18:44,973 [oasis.registry] INFO: Registered backend: 4C Multiphysics (fourc)
2026-09-01 05:18:44,974 [oasis.registry] INFO: Registered backend: FEniCSx (dolfinx) (fenics)
2026-09-01 05:18:44,974 [oasis.registry] INFO: Registered backend: deal.II (dealii)
2026-09-01 05:18:44,977 [oasis.registry] INFO: Registered backend: FEBio (febio)
2026-09-01 05:18:44,980 [oasis.registry] INFO: Registered backend: NGSolve (ngsolve)
2026-09-01 05:18:44,980 [oasis.ngsolve] INFO: NGSolve backend registered
2026-09-01 05:18:44,982 [oasis.registry] INFO: Registered backend: scikit-fem (skfem)
2026-09-01 05:18:44,982 [oasis.skfem] INFO: scikit-fem backend registered
2026-09-01 05:18:44,986 [oasis.registry] INFO: Registered backend: Kratos Multiphysics (kratos)
2026-09-01 05:18:44,986 [oasis.kratos] INFO: Kratos Multiphysics backend registered
2026-09-01 05:18:44,988 [oasis.registry] INFO: Registered backend: DUNE-fem (dune)
2026-09-01 05:18:44,988 [oasis.dune] INFO: DUNE-fem backend registered
2026-09-01 05:18:44,993 [oasis.registry] INFO: Registered backend: SPARTA (DSMC) (sparta)
2026-09-01 05:18:44,993 [oasis.sparta] INFO: SPARTA (DSMC) backend registered
2026-09-01 05:18:44,993 [oasis] INFO: Starting OASiS MCP server
2026-09-01 05:18:45,000 [mcp.server.lowlevel.server] INFO: Processing request of type CallToolRequest
2026-09-01 05:18:45,015 [mcp.server.lowlevel.server] INFO: Processing request of type ListToolsRequest
2026-09-01 05:18:45,023 [oasis] INFO: Session journal saved: /home/alexander/Schreibtisch/ofa-v2/data/sessions/session_033dd035-eb90-4613-9bd6-cd6cf3b98dce.json (1 events)
2026-09-01 05:19:09,770 [oasis.registry] INFO: Loaded discovered config: 5 backends
2026-09-01 05:19:09,772 [oasis.registry] INFO: Registered backend: 4C Multiphysics (fourc)
2026-09-01 05:19:09,773 [oasis.registry] INFO: Registered backend: FEniCSx (dolfinx) (fenics)
2026-09-01 05:19:09,773 [oasis.registry] INFO: Registered backend: deal.II (dealii)
2026-09-01 05:19:09,776 [oasis.registry] INFO: Registered backend: FEBio (febio)
2026-09-01 05:19:09,779 [oasis.registry] INFO: Registered backend: NGSolve (ngsolve)
2026-09-01 05:19:09,779 [oasis.ngsolve] INFO: NGSolve backend registered
2026-09-01 05:19:09,781 [oasis.registry] INFO: Registered backend: scikit-fem (skfem)
2026-09-01 05:19:09,781 [oasis.skfem] INFO: scikit-fem backend registered
2026-09-01 05:19:09,785 [oasis.registry] INFO: Registered backend: Kratos Multiphysics (kratos)
2026-09-01 05:19:09,785 [oasis.kratos] INFO: Kratos Multiphysics backend registered
2026-09-01 05:19:09,787 [oasis.registry] INFO: Registered backend: DUNE-fem (dune)
2026-09-01 05:19:09,787 [oasis.dune] INFO: DUNE-fem backend registered
2026-09-01 05:19:09,792 [oasis.registry] INFO: Registered backend: SPARTA (DSMC) (sparta)
2026-09-01 05:19:09,793 [oasis.sparta] INFO: SPARTA (DSMC) backend registered
2026-09-01 05:19:09,793 [oasis] INFO: Starting OASiS MCP server
2026-09-01 05:19:09,799 [mcp.server.lowlevel.server] INFO: Processing request of type CallToolRequest
2026-09-01 05:19:09,826 [mcp.server.lowlevel.server] INFO: Processing request of type ListToolsRequest
2026-09-01 05:19:09,833 [oasis] INFO: Session journal saved: /home/alexander/Schreibtisch/ofa-v2/data/sessions/session_e76db522-b25a-4aa7-bb27-48329bce65da.json (1 events)
/home/alexander/Schreibtisch/ofa-v2/langgraph_eval/agent.py:456: LangGraphDeprecatedSinceV10: create_react_agent has been moved to `langchain.agents`. Please update your import to `from langchain.agents import create_agent`. Deprecated in LangGraph V1.0 to be removed in V2.0.
  sub_agent = create_react_agent(
2026-09-01 05:22:15,801 [oasis.registry] INFO: Loaded discovered config: 5 backends
2026-09-01 05:22:15,803 [oasis.registry] INFO: Registered backend: 4C Multiphysics (fourc)
2026-09-01 05:22:15,804 [oasis.registry] INFO: Registered backend: FEniCSx (dolfinx) (fenics)
2026-09-01 05:22:15,804 [oasis.registry] INFO: Registered backend: deal.II (dealii)
2026-09-01 05:22:15,807 [oasis.registry] INFO: Registered backend: FEBio (febio)
2026-09-01 05:22:15,810 [oasis.registry] INFO: Registered backend: NGSolve (ngsolve)
2026-09-01 05:22:15,810 [oasis.ngsolve] INFO: NGSolve backend registered
2026-09-01 05:22:15,813 [oasis.registry] INFO: Registered backend: scikit-fem (skfem)
2026-09-01 05:22:15,813 [oasis.skfem] INFO: scikit-fem backend registered
2026-09-01 05:22:15,816 [oasis.registry] INFO: Registered backend: Kratos Multiphysics (kratos)
2026-09-01 05:22:15,816 [oasis.kratos] INFO: Kratos Multiphysics backend registered
2026-09-01 05:22:15,819 [oasis.registry] INFO: Registered backend: DUNE-fem (dune)
2026-09-01 05:22:15,819 [oasis.dune] INFO: DUNE-fem backend registered
2026-09-01 05:22:15,824 [oasis.registry] INFO: Registered backend: SPARTA (DSMC) (sparta)
2026-09-01 05:22:15,824 [oasis.sparta] INFO: SPARTA (DSMC) backend registered
2026-09-01 05:22:15,824 [oasis] INFO: Starting OASiS MCP server
2026-09-01 05:22:15,832 [mcp.server.lowlevel.server] INFO: Processing request of type CallToolRequest
2026-09-01 05:22:15,847 [mcp.server.lowlevel.server] INFO: Processing request of type ListToolsRequest
2026-09-01 05:22:15,854 [oasis] INFO: Session journal saved: /home/alexander/Schreibtisch/ofa-v2/data/sessions/session_b86c4708-f5fe-48cd-ac24-6d37672eb0ab.json (1 events)
/home/alexander/Schreibtisch/ofa-v2/langgraph_eval/agent.py:381: RuntimeWarning: This package (`duckduckgo_search`) has been renamed to `ddgs`! Use `pip install ddgs` instead.
  with DDGS() as ddgs:
2026-09-01 05:22:29,055 [oasis.registry] INFO: Loaded discovered config: 5 backends
2026-09-01 05:22:29,057 [oasis.registry] INFO: Registered backend: 4C Multiphysics (fourc)
2026-09-01 05:22:29,057 [oasis.registry] INFO: Registered backend: FEniCSx (dolfinx) (fenics)
2026-09-01 05:22:29,058 [oasis.registry] INFO: Registered backend: deal.II (dealii)
2026-09-01 05:22:29,061 [oasis.registry] INFO: Registered backend: FEBio (febio)
2026-09-01 05:22:29,063 [oasis.registry] INFO: Registered backend: NGSolve (ngsolve)
2026-09-01 05:22:29,064 [oasis.ngsolve] INFO: NGSolve backend registered
2026-09-01 05:22:29,066 [oasis.registry] INFO: Registered backend: scikit-fem (skfem)
2026-09-01 05:22:29,066 [oasis.skfem] INFO: scikit-fem backend registered
2026-09-01 05:22:29,070 [oasis.registry] INFO: Registered backend: Kratos Multiphysics (kratos)
2026-09-01 05:22:29,070 [oasis.kratos] INFO: Kratos Multiphysics backend registered
2026-09-01 05:22:29,072 [oasis.registry] INFO: Registered backend: DUNE-fem (dune)
2026-09-01 05:22:29,072 [oasis.dune] INFO: DUNE-fem backend registered
2026-09-01 05:22:29,077 [oasis.registry] INFO: Registered backend: SPARTA (DSMC) (sparta)
2026-09-01 05:22:29,077 [oasis.sparta] INFO: SPARTA (DSMC) backend registered
2026-09-01 05:22:29,077 [oasis] INFO: Starting OASiS MCP server
2026-09-01 05:22:29,084 [mcp.server.lowlevel.server] INFO: Processing request of type CallToolRequest
2026-09-01 05:22:29,099 [mcp.server.lowlevel.server] INFO: Processing request of type ListToolsRequest
2026-09-01 05:22:29,107 [oasis] INFO: Session journal saved: /home/alexander/Schreibtisch/ofa-v2/data/sessions/session_65b8252e-768f-4ffd-ae49-94abba1dc998.json (1 events)
/home/alexander/Schreibtisch/ofa-v2/langgraph_eval/agent.py:381: RuntimeWarning: This package (`duckduckgo_search`) has been renamed to `ddgs`! Use `pip install ddgs` instead.
  with DDGS() as ddgs:
2026-09-01 05:23:54,868 [oasis.registry] INFO: Loaded discovered config: 5 backends
2026-09-01 05:23:54,870 [oasis.registry] INFO: Registered backend: 4C Multiphysics (fourc)
2026-09-01 05:23:54,870 [oasis.registry] INFO: Registered backend: FEniCSx (dolfinx) (fenics)
2026-09-01 05:23:54,871 [oasis.registry] INFO: Registered backend: deal.II (dealii)
2026-09-01 05:23:54,874 [oasis.registry] INFO: Registered backend: FEBio (febio)
2026-09-01 05:23:54,876 [oasis.registry] INFO: Registered backend: NGSolve (ngsolve)
2026-09-01 05:23:54,876 [oasis.ngsolve] INFO: NGSolve backend registered
2026-09-01 05:23:54,879 [oasis.registry] INFO: Registered backend: scikit-fem (skfem)
2026-09-01 05:23:54,879 [oasis.skfem] INFO: scikit-fem backend registered
2026-09-01 05:23:54,883 [oasis.registry] INFO: Registered backend: Kratos Multiphysics (kratos)
2026-09-01 05:23:54,883 [oasis.kratos] INFO: Kratos Multiphysics backend registered
2026-09-01 05:23:54,885 [oasis.registry] INFO: Registered backend: DUNE-fem (dune)
2026-09-01 05:23:54,885 [oasis.dune] INFO: DUNE-fem backend registered
2026-09-01 05:23:54,890 [oasis.registry] INFO: Registered backend: SPARTA (DSMC) (sparta)
2026-09-01 05:23:54,890 [oasis.sparta] INFO: SPARTA (DSMC) backend registered
2026-09-01 05:23:54,890 [oasis] INFO: Starting OASiS MCP server
2026-09-01 05:23:54,897 [mcp.server.lowlevel.server] INFO: Processing request of type CallToolRequest
2026-09-01 05:23:58,159 [mcp.server.lowlevel.server] INFO: Processing request of type ListToolsRequest
2026-09-01 05:26:39,606 [oasis.registry] INFO: Loaded discovered config: 5 backends
2026-09-01 05:26:39,608 [oasis.registry] INFO: Registered backend: 4C Multiphysics (fourc)
2026-09-01 05:26:39,609 [oasis.registry] INFO: Registered backend: FEniCSx (dolfinx) (fenics)
2026-09-01 05:26:39,609 [oasis.registry] INFO: Registered backend: deal.II (dealii)
2026-09-01 05:26:39,612 [oasis.registry] INFO: Registered backend: FEBio (febio)
2026-09-01 05:26:39,615 [oasis.registry] INFO: Registered backend: NGSolve (ngsolve)
2026-09-01 05:26:39,615 [oasis.ngsolve] INFO: NGSolve backend registered
2026-09-01 05:26:39,617 [oasis.registry] INFO: Registered backend: scikit-fem (skfem)
2026-09-01 05:26:39,617 [oasis.skfem] INFO: scikit-fem backend registered
2026-09-01 05:26:39,621 [oasis.registry] INFO: Registered backend: Kratos Multiphysics (kratos)
2026-09-01 05:26:39,621 [oasis.kratos] INFO: Kratos Multiphysics backend registered
2026-09-01 05:26:39,623 [oasis.registry] INFO: Registered backend: DUNE-fem (dune)
2026-09-01 05:26:39,623 [oasis.dune] INFO: DUNE-fem backend registered
2026-09-01 05:26:39,628 [oasis.registry] INFO: Registered backend: SPARTA (DSMC) (sparta)
2026-09-01 05:26:39,628 [oasis.sparta] INFO: SPARTA (DSMC) backend registered
2026-09-01 05:26:39,628 [oasis] INFO: Starting OASiS MCP server
2026-09-01 05:26:39,635 [mcp.server.lowlevel.server] INFO: Processing request of type CallToolRequest
2026-09-01 05:26:39,675 [mcp.server.lowlevel.server] INFO: Processing request of type ListToolsRequest
/home/alexander/Schreibtisch/ofa-v2/src/tools/result_audit.py:409: ResourceWarning: unclosed file <_io.TextIOWrapper name='/home/alexander/Schreibtisch/ofa-v2/campaign3_blind/runs/C1_27b_MCP_seed88/work/level_1/residual_level1.csv' mode='r' encoding='UTF-8'>
  body = tuple(r[-1].strip() for r in _csv.reader(q.open()) if r)
ResourceWarning: Enable tracemalloc to get the object allocation traceback
/home/alexander/Schreibtisch/ofa-v2/src/tools/result_audit.py:409: ResourceWarning: unclosed file <_io.TextIOWrapper name='/home/alexander/Schreibtisch/ofa-v2/campaign3_blind/runs/C1_27b_MCP_seed88/work/level_2/residual_level2.csv' mode='r' encoding='UTF-8'>
  body = tuple(r[-1].strip() for r in _csv.reader(q.open()) if r)
ResourceWarning: Enable tracemalloc to get the object allocation traceback
/home/alexander/Schreibtisch/ofa-v2/src/tools/result_audit.py:409: ResourceWarning: unclosed file <_io.TextIOWrapper name='/home/alexander/Schreibtisch/ofa-v2/campaign3_blind/runs/C1_27b_MCP_seed88/work/level_3/residual_level3.csv' mode='r' encoding='UTF-8'>
  body = tuple(r[-1].strip() for r in _csv.reader(q.open()) if r)
ResourceWarning: Enable tracemalloc to get the object allocation traceback
/home/alexander/Schreibtisch/ofa-v2/src/tools/result_audit.py:409: ResourceWarning: unclosed file <_io.TextIOWrapper name='/home/alexander/Schreibtisch/ofa-v2/campaign3_blind/runs/C2_27b_MCP_seed90/work/residual_level1.csv' mode='r' encoding='UTF-8'>
  body = tuple(r[-1].strip() for r in _csv.reader(q.open()) if r)
ResourceWarning: Enable tracemalloc to get the object allocation traceback
/home/alexander/Schreibtisch/ofa-v2/src/tools/result_audit.py:409: ResourceWarning: unclosed file <_io.TextIOWrapper name='/home/alexander/Schreibtisch/ofa-v2/campaign3_blind/runs/C2_27b_MCP_seed90/work/residual_level2.csv' mode='r' encoding='UTF-8'>
  body = tuple(r[-1].strip() for r in _csv.reader(q.open()) if r)
ResourceWarning: Enable tracemalloc to get the object allocation traceback
/home/alexander/Schreibtisch/ofa-v2/src/tools/result_audit.py:409: ResourceWarning: unclosed file <_io.TextIOWrapper name='/home/alexander/Schreibtisch/ofa-v2/campaign3_blind/runs/C2_27b_MCP_seed90/work/residual_level3.csv' mode='r' encoding='UTF-8'>
  body = tuple(r[-1].strip() for r in _csv.reader(q.open()) if r)
ResourceWarning: Enable tracemalloc to get the object allocation traceback
/home/alexander/Schreibtisch/ofa-v2/langgraph_eval/agent.py:607: ResourceWarning: unclosed file <_io.TextIOWrapper name='/home/alexander/Schreibtisch/ofa-v2/campaign3_blind/runs/C1_27b_MCP_seed88/work/level_1/residual_level1.csv' mode='r' encoding='UTF-8'>
  rows = [row for row in _csv.reader(r.open()) if row]
ResourceWarning: Enable tracemalloc to get the object allocation traceback
/home/alexander/Schreibtisch/ofa-v2/langgraph_eval/agent.py:607: ResourceWarning: unclosed file <_io.TextIOWrapper name='/home/alexander/Schreibtisch/ofa-v2/campaign3_blind/runs/C1_27b_MCP_seed88/work/level_2/residual_level2.csv' mode='r' encoding='UTF-8'>
  rows = [row for row in _csv.reader(r.open()) if row]
ResourceWarning: Enable tracemalloc to get the object allocation traceback
/home/alexander/Schreibtisch/ofa-v2/langgraph_eval/agent.py:607: ResourceWarning: unclosed file <_io.TextIOWrapper name='/home/alexander/Schreibtisch/ofa-v2/campaign3_blind/runs/C1_27b_MCP_seed88/work/level_3/residual_level3.csv' mode='r' encoding='UTF-8'>
  rows = [row for row in _csv.reader(r.open()) if row]
ResourceWarning: Enable tracemalloc to get the object allocation traceback
/home/alexander/Schreibtisch/ofa-v2/src/tools/result_audit.py:409: ResourceWarning: unclosed file <_io.TextIOWrapper name='/home/alexander/Schreibtisch/ofa-v2/campaign3_blind/runs/C1_27b_MCP_seed88/work/level_1/residual_level1.csv' mode='r' encoding='UTF-8'>
  body = tuple(r[-1].strip() for r in _csv.reader(q.open()) if r)
ResourceWarning: Enable tracemalloc to get the object allocation traceback
/home/alexander/Schreibtisch/ofa-v2/src/tools/result_audit.py:409: ResourceWarning: unclosed file <_io.TextIOWrapper name='/home/alexander/Schreibtisch/ofa-v2/campaign3_blind/runs/C1_27b_MCP_seed88/work/level_2/residual_level2.csv' mode='r' encoding='UTF-8'>
  body = tuple(r[-1].strip() for r in _csv.reader(q.open()) if r)
ResourceWarning: Enable tracemalloc to get the object allocation traceback
/home/alexander/Schreibtisch/ofa-v2/src/tools/result_audit.py:409: ResourceWarning: unclosed file <_io.TextIOWrapper name='/home/alexander/Schreibtisch/ofa-v2/campaign3_blind/runs/C1_27b_MCP_seed88/work/level_3/residual_level3.csv' mode='r' encoding='UTF-8'>
  body = tuple(r[-1].strip() for r in _csv.reader(q.open()) if r)
ResourceWarning: Enable tracemalloc to get the object allocation traceback
[preflight] custody controls verified for 1 problem(s); keys sealed and unreadable by execution
[phase: development] results are for post-mortems and convergence checking, NOT for the paper's evaluation table.
[C1 27b MCP s89] done  calls=23 tok=2180129/38383 913.5s
/home/alexander/Schreibtisch/ofa-v2/campaign3_blind/run_blind.py:941: ResourceWarning: unclosed file <_io.TextIOWrapper name='/home/alexander/Schreibtisch/ofa-v2/campaign3_blind/runs/C1_27b_MCP_seed89/work/trajectory_live.txt' mode='a' encoding='utf-8'>
  run_one(pid, a.model, cond, a.seed, a.timeout)
ResourceWarning: Enable tracemalloc to get the object allocation traceback
/home/alexander/.local/share/python/cpython-3.12.13-linux-x86_64-gnu/lib/python3.12/asyncio/selector_events.py:879: ResourceWarning: unclosed transport <_SelectorSocketTransport fd=8>
/home/alexander/Schreibtisch/ofa-v2/src/tools/result_audit.py:409: ResourceWarning: unclosed file <_io.TextIOWrapper name='/home/alexander/Schreibtisch/ofa-v2/campaign3_blind/runs/C2_27b_MCP_seed90/work/residual_level1.csv' mode='r' encoding='UTF-8'>
  body = tuple(r[-1].strip() for r in _csv.reader(q.open()) if r)
ResourceWarning: Enable tracemalloc to get the object allocation traceback
/home/alexander/Schreibtisch/ofa-v2/src/tools/result_audit.py:409: ResourceWarning: unclosed file <_io.TextIOWrapper name='/home/alexander/Schreibtisch/ofa-v2/campaign3_blind/runs/C2_27b_MCP_seed90/work/residual_level2.csv' mode='r' encoding='UTF-8'>
  body = tuple(r[-1].strip() for r in _csv.reader(q.open()) if r)
ResourceWarning: Enable tracemalloc to get the object allocation traceback
/home/alexander/Schreibtisch/ofa-v2/src/tools/result_audit.py:409: ResourceWarning: unclosed file <_io.TextIOWrapper name='/home/alexander/Schreibtisch/ofa-v2/campaign3_blind/runs/C2_27b_MCP_seed90/work/residual_level3.csv' mode='r' encoding='UTF-8'>
  body = tuple(r[-1].strip() for r in _csv.reader(q.open()) if r)
ResourceWarning: Enable tracemalloc to get the object allocation traceback
/home/alexander/Schreibtisch/ofa-v2/src/tools/result_audit.py:409: ResourceWarning: unclosed file <_io.TextIOWrapper name='/home/alexander/Schreibtisch/ofa-v2/campaign3_blind/runs/C1_27b_MCP_seed88/work/level_1/residual_level1.csv' mode='r' encoding='UTF-8'>
  body = tuple(r[-1].strip() for r in _csv.reader(q.open()) if r)
ResourceWarning: Enable tracemalloc to get the object allocation traceback
/home/alexander/Schreibtisch/ofa-v2/src/tools/result_audit.py:409: ResourceWarning: unclosed file <_io.TextIOWrapper name='/home/alexander/Schreibtisch/ofa-v2/campaign3_blind/runs/C1_27b_MCP_seed88/work/level_2/residual_level2.csv' mode='r' encoding='UTF-8'>
  body = tuple(r[-1].strip() for r in _csv.reader(q.open()) if r)
ResourceWarning: Enable tracemalloc to get the object allocation traceback
/home/alexander/Schreibtisch/ofa-v2/src/tools/result_audit.py:409: ResourceWarning: unclosed file <_io.TextIOWrapper name='/home/alexander/Schreibtisch/ofa-v2/campaign3_blind/runs/C1_27b_MCP_seed88/work/level_3/residual_level3.csv' mode='r' encoding='UTF-8'>
  body = tuple(r[-1].strip() for r in _csv.reader(q.open()) if r)
ResourceWarning: Enable tracemalloc to get the object allocation traceback
[preflight] custody controls verified for 1 problem(s); keys sealed and unreadable by execution
[phase: development] results are for post-mortems and convergence checking, NOT for the paper's evaluation table.
[C1 27b MCP s88] done  calls=42 tok=4902093/44959 1209.9s
/home/alexander/Schreibtisch/ofa-v2/campaign3_blind/run_blind.py:941: ResourceWarning: unclosed file <_io.TextIOWrapper name='/home/alexander/Schreibtisch/ofa-v2/campaign3_blind/runs/C1_27b_MCP_seed88/work/trajectory_live.txt' mode='a' encoding='utf-8'>
  run_one(pid, a.model, cond, a.seed, a.timeout)
ResourceWarning: Enable tracemalloc to get the object allocation traceback
/home/alexander/.local/share/python/cpython-3.12.13-linux-x86_64-gnu/lib/python3.12/asyncio/selector_events.py:879: ResourceWarning: unclosed transport <_SelectorSocketTransport fd=8>
/home/alexander/Schreibtisch/ofa-v2/src/tools/result_audit.py:409: ResourceWarning: unclosed file <_io.TextIOWrapper name='/home/alexander/Schreibtisch/ofa-v2/campaign3_blind/runs/C2_27b_MCP_seed90/work/residual_level1.csv' mode='r' encoding='UTF-8'>
  body = tuple(r[-1].strip() for r in _csv.reader(q.open()) if r)
ResourceWarning: Enable tracemalloc to get the object allocation traceback
/home/alexander/Schreibtisch/ofa-v2/src/tools/result_audit.py:409: ResourceWarning: unclosed file <_io.TextIOWrapper name='/home/alexander/Schreibtisch/ofa-v2/campaign3_blind/runs/C2_27b_MCP_seed90/work/residual_level2.csv' mode='r' encoding='UTF-8'>
  body = tuple(r[-1].strip() for r in _csv.reader(q.open()) if r)
ResourceWarning: Enable tracemalloc to get the object allocation traceback
/home/alexander/Schreibtisch/ofa-v2/src/tools/result_audit.py:409: ResourceWarning: unclosed file <_io.TextIOWrapper name='/home/alexander/Schreibtisch/ofa-v2/campaign3_blind/runs/C2_27b_MCP_seed90/work/residual_level3.csv' mode='r' encoding='UTF-8'>
  body = tuple(r[-1].strip() for r in _csv.reader(q.open()) if r)
ResourceWarning: Enable tracemalloc to get the object allocation traceback
/home/alexander/Schreibtisch/ofa-v2/src/tools/result_audit.py:409: ResourceWarning: unclosed file <_io.TextIOWrapper name='/home/alexander/Schreibtisch/ofa-v2/campaign3_blind/runs/C2_27b_MCP_seed91/work/residual_level1.csv' mode='r' encoding='UTF-8'>
  body = tuple(r[-1].strip() for r in _csv.reader(q.open()) if r)
ResourceWarning: Enable tracemalloc to get the object allocation traceback
/home/alexander/Schreibtisch/ofa-v2/src/tools/result_audit.py:409: ResourceWarning: unclosed file <_io.TextIOWrapper name='/home/alexander/Schreibtisch/ofa-v2/campaign3_blind/runs/C2_27b_MCP_seed91/work/residual_level2.csv' mode='r' encoding='UTF-8'>
  body = tuple(r[-1].strip() for r in _csv.reader(q.open()) if r)
ResourceWarning: Enable tracemalloc to get the object allocation traceback
/home/alexander/Schreibtisch/ofa-v2/src/tools/result_audit.py:409: ResourceWarning: unclosed file <_io.TextIOWrapper name='/home/alexander/Schreibtisch/ofa-v2/campaign3_blind/runs/C2_27b_MCP_seed91/work/residual_level3.csv' mode='r' encoding='UTF-8'>
  body = tuple(r[-1].strip() for r in _csv.reader(q.open()) if r)
ResourceWarning: Enable tracemalloc to get the object allocation traceback
2026-09-01 05:38:29,408 [oasis.registry] INFO: Loaded discovered config: 5 backends
2026-09-01 05:38:29,410 [oasis.registry] INFO: Registered backend: 4C Multiphysics (fourc)
2026-09-01 05:38:29,411 [oasis.registry] INFO: Registered backend: FEniCSx (dolfinx) (fenics)
2026-09-01 05:38:29,411 [oasis.registry] INFO: Registered backend: deal.II (dealii)
2026-09-01 05:38:29,415 [oasis.registry] INFO: Registered backend: FEBio (febio)
2026-09-01 05:38:29,417 [oasis.registry] INFO: Registered backend: NGSolve (ngsolve)
2026-09-01 05:38:29,417 [oasis.ngsolve] INFO: NGSolve backend registered
2026-09-01 05:38:29,420 [oasis.registry] INFO: Registered backend: scikit-fem (skfem)
2026-09-01 05:38:29,420 [oasis.skfem] INFO: scikit-fem backend registered
2026-09-01 05:38:29,423 [oasis.registry] INFO: Registered backend: Kratos Multiphysics (kratos)
2026-09-01 05:38:29,423 [oasis.kratos] INFO: Kratos Multiphysics backend registered
2026-09-01 05:38:29,426 [oasis.registry] INFO: Registered backend: DUNE-fem (dune)
2026-09-01 05:38:29,426 [oasis.dune] INFO: DUNE-fem backend registered
2026-09-01 05:38:29,431 [oasis.registry] INFO: Registered backend: SPARTA (DSMC) (sparta)
2026-09-01 05:38:29,431 [oasis.sparta] INFO: SPARTA (DSMC) backend registered
2026-09-01 05:38:29,431 [oasis] INFO: Starting OASiS MCP server
2026-09-01 05:38:29,438 [mcp.server.lowlevel.server] INFO: Processing request of type CallToolRequest
2026-09-01 05:38:29,505 [mcp.server.lowlevel.server] INFO: Processing request of type ListToolsRequest
2026-09-01 05:38:44,476 [oasis.registry] INFO: Loaded discovered config: 5 backends
2026-09-01 05:38:44,478 [oasis.registry] INFO: Registered backend: 4C Multiphysics (fourc)
2026-09-01 05:38:44,478 [oasis.registry] INFO: Registered backend: FEniCSx (dolfinx) (fenics)
2026-09-01 05:38:44,479 [oasis.registry] INFO: Registered backend: deal.II (dealii)
2026-09-01 05:38:44,482 [oasis.registry] INFO: Registered backend: FEBio (febio)
2026-09-01 05:38:44,484 [oasis.registry] INFO: Registered backend: NGSolve (ngsolve)
2026-09-01 05:38:44,484 [oasis.ngsolve] INFO: NGSolve backend registered
2026-09-01 05:38:44,487 [oasis.registry] INFO: Registered backend: scikit-fem (skfem)
2026-09-01 05:38:44,487 [oasis.skfem] INFO: scikit-fem backend registered
2026-09-01 05:38:44,491 [oasis.registry] INFO: Registered backend: Kratos Multiphysics (kratos)
2026-09-01 05:38:44,491 [oasis.kratos] INFO: Kratos Multiphysics backend registered
2026-09-01 05:38:44,493 [oasis.registry] INFO: Registered backend: DUNE-fem (dune)
2026-09-01 05:38:44,493 [oasis.dune] INFO: DUNE-fem backend registered
2026-09-01 05:38:44,498 [oasis.registry] INFO: Registered backend: SPARTA (DSMC) (sparta)
2026-09-01 05:38:44,498 [oasis.sparta] INFO: SPARTA (DSMC) backend registered
2026-09-01 05:38:44,498 [oasis] INFO: Starting OASiS MCP server
2026-09-01 05:38:44,505 [mcp.server.lowlevel.server] INFO: Processing request of type CallToolRequest
2026-09-01 05:38:44,533 [mcp.server.lowlevel.server] INFO: Processing request of type ListToolsRequest
/home/alexander/Schreibtisch/ofa-v2/langgraph_eval/agent.py:456: LangGraphDeprecatedSinceV10: create_react_agent has been moved to `langchain.agents`. Please update your import to `from langchain.agents import create_agent`. Deprecated in LangGraph V1.0 to be removed in V2.0.
  sub_agent = create_react_agent(
2026-09-01 05:38:53,117 [oasis.registry] INFO: Loaded discovered config: 5 backends
2026-09-01 05:38:53,119 [oasis.registry] INFO: Registered backend: 4C Multiphysics (fourc)
2026-09-01 05:38:53,120 [oasis.registry] INFO: Registered backend: FEniCSx (dolfinx) (fenics)
2026-09-01 05:38:53,120 [oasis.registry] INFO: Registered backend: deal.II (dealii)
2026-09-01 05:38:53,123 [oasis.registry] INFO: Registered backend: FEBio (febio)
2026-09-01 05:38:53,126 [oasis.registry] INFO: Registered backend: NGSolve (ngsolve)
2026-09-01 05:38:53,126 [oasis.ngsolve] INFO: NGSolve backend registered
2026-09-01 05:38:53,128 [oasis.registry] INFO: Registered backend: scikit-fem (skfem)
2026-09-01 05:38:53,128 [oasis.skfem] INFO: scikit-fem backend registered
2026-09-01 05:38:53,132 [oasis.registry] INFO: Registered backend: Kratos Multiphysics (kratos)
2026-09-01 05:38:53,132 [oasis.kratos] INFO: Kratos Multiphysics backend registered
2026-09-01 05:38:53,135 [oasis.registry] INFO: Registered backend: DUNE-fem (dune)
2026-09-01 05:38:53,135 [oasis.dune] INFO: DUNE-fem backend registered
2026-09-01 05:38:53,140 [oasis.registry] INFO: Registered backend: SPARTA (DSMC) (sparta)
2026-09-01 05:38:53,140 [oasis.sparta] INFO: SPARTA (DSMC) backend registered
2026-09-01 05:38:53,140 [oasis] INFO: Starting OASiS MCP server
2026-09-01 05:38:53,147 [mcp.server.lowlevel.server] INFO: Processing request of type CallToolRequest
2026-09-01 05:38:53,174 [mcp.server.lowlevel.server] INFO: Processing request of type ListToolsRequest
2026-09-01 05:38:59,665 [oasis.registry] INFO: Loaded discovered config: 5 backends
2026-09-01 05:38:59,667 [oasis.registry] INFO: Registered backend: 4C Multiphysics (fourc)
2026-09-01 05:38:59,668 [oasis.registry] INFO: Registered backend: FEniCSx (dolfinx) (fenics)
2026-09-01 05:38:59,668 [oasis.registry] INFO: Registered backend: deal.II (dealii)
2026-09-01 05:38:59,672 [oasis.registry] INFO: Registered backend: FEBio (febio)
2026-09-01 05:38:59,674 [oasis.registry] INFO: Registered backend: NGSolve (ngsolve)
2026-09-01 05:38:59,674 [oasis.ngsolve] INFO: NGSolve backend registered
2026-09-01 05:38:59,677 [oasis.registry] INFO: Registered backend: scikit-fem (skfem)
2026-09-01 05:38:59,677 [oasis.skfem] INFO: scikit-fem backend registered
2026-09-01 05:38:59,680 [oasis.registry] INFO: Registered backend: Kratos Multiphysics (kratos)
2026-09-01 05:38:59,680 [oasis.kratos] INFO: Kratos Multiphysics backend registered
2026-09-01 05:38:59,683 [oasis.registry] INFO: Registered backend: DUNE-fem (dune)
2026-09-01 05:38:59,683 [oasis.dune] INFO: DUNE-fem backend registered
2026-09-01 05:38:59,688 [oasis.registry] INFO: Registered backend: SPARTA (DSMC) (sparta)
2026-09-01 05:38:59,688 [oasis.sparta] INFO: SPARTA (DSMC) backend registered
2026-09-01 05:38:59,688 [oasis] INFO: Starting OASiS MCP server
2026-09-01 05:38:59,696 [mcp.server.lowlevel.server] INFO: Processing request of type CallToolRequest
2026-09-01 05:38:59,700 [oasis.registry] INFO: Loaded discovered config: 5 backends
2026-09-01 05:38:59,702 [oasis.registry] INFO: Registered backend: 4C Multiphysics (fourc)
2026-09-01 05:38:59,702 [oasis.registry] INFO: Registered backend: FEniCSx (dolfinx) (fenics)
2026-09-01 05:38:59,703 [oasis.registry] INFO: Registered backend: deal.II (dealii)
2026-09-01 05:38:59,704 [oasis.registry] INFO: Loaded discovered config: 5 backends
2026-09-01 05:38:59,706 [oasis.registry] INFO: Registered backend: 4C Multiphysics (fourc)
2026-09-01 05:38:59,706 [oasis.registry] INFO: Registered backend: FEBio (febio)
2026-09-01 05:38:59,706 [oasis.registry] INFO: Registered backend: FEniCSx (dolfinx) (fenics)
2026-09-01 05:38:59,707 [oasis.registry] INFO: Registered backend: deal.II (dealii)
2026-09-01 05:38:59,708 [oasis.registry] INFO: Registered backend: NGSolve (ngsolve)
2026-09-01 05:38:59,708 [oasis.ngsolve] INFO: NGSolve backend registered
2026-09-01 05:38:59,710 [oasis.registry] INFO: Registered backend: FEBio (febio)
2026-09-01 05:38:59,711 [oasis.registry] INFO: Registered backend: scikit-fem (skfem)
2026-09-01 05:38:59,711 [oasis.skfem] INFO: scikit-fem backend registered
2026-09-01 05:38:59,712 [oasis.registry] INFO: Registered backend: NGSolve (ngsolve)
2026-09-01 05:38:59,712 [oasis.ngsolve] INFO: NGSolve backend registered
2026-09-01 05:38:59,715 [oasis.registry] INFO: Registered backend: Kratos Multiphysics (kratos)
2026-09-01 05:38:59,715 [oasis.kratos] INFO: Kratos Multiphysics backend registered
2026-09-01 05:38:59,715 [oasis.registry] INFO: Registered backend: scikit-fem (skfem)
2026-09-01 05:38:59,715 [oasis.skfem] INFO: scikit-fem backend registered
2026-09-01 05:38:59,717 [oasis.registry] INFO: Registered backend: DUNE-fem (dune)
2026-09-01 05:38:59,717 [oasis.dune] INFO: DUNE-fem backend registered
2026-09-01 05:38:59,718 [oasis.registry] INFO: Registered backend: Kratos Multiphysics (kratos)
2026-09-01 05:38:59,719 [oasis.kratos] INFO: Kratos Multiphysics backend registered
2026-09-01 05:38:59,721 [oasis.registry] INFO: Registered backend: DUNE-fem (dune)
2026-09-01 05:38:59,721 [oasis.dune] INFO: DUNE-fem backend registered
2026-09-01 05:38:59,722 [oasis.registry] INFO: Registered backend: SPARTA (DSMC) (sparta)
2026-09-01 05:38:59,722 [oasis.sparta] INFO: SPARTA (DSMC) backend registered
2026-09-01 05:38:59,722 [oasis] INFO: Starting OASiS MCP server
2026-09-01 05:38:59,726 [oasis.registry] INFO: Registered backend: SPARTA (DSMC) (sparta)
2026-09-01 05:38:59,726 [oasis.sparta] INFO: SPARTA (DSMC) backend registered
2026-09-01 05:38:59,726 [oasis] INFO: Starting OASiS MCP server
2026-09-01 05:38:59,728 [mcp.server.lowlevel.server] INFO: Processing request of type ListToolsRequest
2026-09-01 05:38:59,730 [mcp.server.lowlevel.server] INFO: Processing request of type CallToolRequest
2026-09-01 05:38:59,832 [mcp.server.lowlevel.server] INFO: Processing request of type CallToolRequest
2026-09-01 05:38:59,832 [oasis] INFO: Session journal saved: /home/alexander/Schreibtisch/ofa-v2/data/sessions/session_9bdb9b9a-1b33-4143-833a-144b186323aa.json (1 events)
2026-09-01 05:38:59,844 [mcp.server.lowlevel.server] INFO: Processing request of type ListToolsRequest
2026-09-01 05:38:59,852 [oasis] INFO: Session journal saved: /home/alexander/Schreibtisch/ofa-v2/data/sessions/session_bde6445b-bced-4fdb-bf80-95bd9c98c8aa.json (1 events)
2026-09-01 05:39:03,493 [mcp.server.lowlevel.server] INFO: Processing request of type ListToolsRequest
2026-09-01 05:39:03,501 [oasis] INFO: Session journal saved: /home/alexander/Schreibtisch/ofa-v2/data/sessions/session_fd8f9e34-19d7-405a-a7a8-5d04dbe4f819.json (1 events)
/home/alexander/Schreibtisch/ofa-v2/langgraph_eval/agent.py:381: RuntimeWarning: This package (`duckduckgo_search`) has been renamed to `ddgs`! Use `pip install ddgs` instead.
  with DDGS() as ddgs:
/home/alexander/Schreibtisch/ofa-v2/langgraph_eval/agent.py:381: RuntimeWarning: This package (`duckduckgo_search`) has been renamed to `ddgs`! Use `pip install ddgs` instead.
  with DDGS() as ddgs:
/home/alexander/Schreibtisch/ofa-v2/langgraph_eval/agent.py:381: RuntimeWarning: This package (`duckduckgo_search`) has been renamed to `ddgs`! Use `pip install ddgs` instead.
  with DDGS() as ddgs:
/home/alexander/Schreibtisch/ofa-v2/langgraph_eval/agent.py:381: RuntimeWarning: This package (`duckduckgo_search`) has been renamed to `ddgs`! Use `pip install ddgs` instead.
  with DDGS() as ddgs:
2026-09-01 05:39:27,013 [oasis.registry] INFO: Loaded discovered config: 5 backends
2026-09-01 05:39:27,016 [oasis.registry] INFO: Registered backend: 4C Multiphysics (fourc)
2026-09-01 05:39:27,016 [oasis.registry] INFO: Registered backend: FEniCSx (dolfinx) (fenics)
2026-09-01 05:39:27,017 [oasis.registry] INFO: Registered backend: deal.II (dealii)
2026-09-01 05:39:27,020 [oasis.registry] INFO: Registered backend: FEBio (febio)
2026-09-01 05:39:27,022 [oasis.registry] INFO: Registered backend: NGSolve (ngsolve)
2026-09-01 05:39:27,022 [oasis.ngsolve] INFO: NGSolve backend registered
2026-09-01 05:39:27,025 [oasis.registry] INFO: Registered backend: scikit-fem (skfem)
2026-09-01 05:39:27,025 [oasis.skfem] INFO: scikit-fem backend registered
2026-09-01 05:39:27,029 [oasis.registry] INFO: Registered backend: Kratos Multiphysics (kratos)
2026-09-01 05:39:27,029 [oasis.kratos] INFO: Kratos Multiphysics backend registered
2026-09-01 05:39:27,031 [oasis.registry] INFO: Registered backend: DUNE-fem (dune)
2026-09-01 05:39:27,031 [oasis.dune] INFO: DUNE-fem backend registered
2026-09-01 05:39:27,036 [oasis.registry] INFO: Registered backend: SPARTA (DSMC) (sparta)
2026-09-01 05:39:27,036 [oasis.sparta] INFO: SPARTA (DSMC) backend registered
2026-09-01 05:39:27,036 [oasis] INFO: Starting OASiS MCP server
2026-09-01 05:39:27,044 [mcp.server.lowlevel.server] INFO: Processing request of type CallToolRequest
2026-09-01 05:39:27,077 [mcp.server.lowlevel.server] INFO: Processing request of type ListToolsRequest
2026-09-01 05:39:27,084 [oasis] INFO: Session journal saved: /home/alexander/Schreibtisch/ofa-v2/data/sessions/session_a3913039-acd0-4169-a740-5ed10d1b9344.json (1 events)
/home/alexander/Schreibtisch/ofa-v2/src/tools/result_audit.py:409: ResourceWarning: unclosed file <_io.TextIOWrapper name='/home/alexander/Schreibtisch/ofa-v2/campaign3_blind/runs/C2_27b_MCP_seed90/work/residual_level1.csv' mode='r' encoding='UTF-8'>
  body = tuple(r[-1].strip() for r in _csv.reader(q.open()) if r)
ResourceWarning: Enable tracemalloc to get the object allocation traceback
/home/alexander/Schreibtisch/ofa-v2/src/tools/result_audit.py:409: ResourceWarning: unclosed file <_io.TextIOWrapper name='/home/alexander/Schreibtisch/ofa-v2/campaign3_blind/runs/C2_27b_MCP_seed90/work/residual_level2.csv' mode='r' encoding='UTF-8'>
  body = tuple(r[-1].strip() for r in _csv.reader(q.open()) if r)
ResourceWarning: Enable tracemalloc to get the object allocation traceback
/home/alexander/Schreibtisch/ofa-v2/src/tools/result_audit.py:409: ResourceWarning: unclosed file <_io.TextIOWrapper name='/home/alexander/Schreibtisch/ofa-v2/campaign3_blind/runs/C2_27b_MCP_seed90/work/residual_level3.csv' mode='r' encoding='UTF-8'>
  body = tuple(r[-1].strip() for r in _csv.reader(q.open()) if r)
ResourceWarning: Enable tracemalloc to get the object allocation traceback
[preflight] custody controls verified for 1 problem(s); keys sealed and unreadable by execution
[phase: development] results are for post-mortems and convergence checking, NOT for the paper's evaluation table.
[C2 27b MCP s90] done  calls=45 tok=4803537/57435 1402.7s
/home/alexander/Schreibtisch/ofa-v2/campaign3_blind/run_blind.py:941: ResourceWarning: unclosed file <_io.TextIOWrapper name='/home/alexander/Schreibtisch/ofa-v2/campaign3_blind/runs/C2_27b_MCP_seed90/work/trajectory_live.txt' mode='a' encoding='utf-8'>
  run_one(pid, a.model, cond, a.seed, a.timeout)
ResourceWarning: Enable tracemalloc to get the object allocation traceback
/home/alexander/.local/share/python/cpython-3.12.13-linux-x86_64-gnu/lib/python3.12/asyncio/selector_events.py:879: ResourceWarning: unclosed transport <_SelectorSocketTransport fd=8>
/home/alexander/Schreibtisch/ofa-v2/src/tools/result_audit.py:409: ResourceWarning: unclosed file <_io.TextIOWrapper name='/home/alexander/Schreibtisch/ofa-v2/campaign3_blind/runs/C2_27b_MCP_seed91/work/residual_level1.csv' mode='r' encoding='UTF-8'>
  body = tuple(r[-1].strip() for r in _csv.reader(q.open()) if r)
ResourceWarning: Enable tracemalloc to get the object allocation traceback
/home/alexander/Schreibtisch/ofa-v2/src/tools/result_audit.py:409: ResourceWarning: unclosed file <_io.TextIOWrapper name='/home/alexander/Schreibtisch/ofa-v2/campaign3_blind/runs/C2_27b_MCP_seed91/work/residual_level2.csv' mode='r' encoding='UTF-8'>
  body = tuple(r[-1].strip() for r in _csv.reader(q.open()) if r)
ResourceWarning: Enable tracemalloc to get the object allocation traceback
/home/alexander/Schreibtisch/ofa-v2/src/tools/result_audit.py:409: ResourceWarning: unclosed file <_io.TextIOWrapper name='/home/alexander/Schreibtisch/ofa-v2/campaign3_blind/runs/C2_27b_MCP_seed91/work/residual_level3.csv' mode='r' encoding='UTF-8'>
  body = tuple(r[-1].strip() for r in _csv.reader(q.open()) if r)
ResourceWarning: Enable tracemalloc to get the object allocation traceback
/home/alexander/Schreibtisch/ofa-v2/src/tools/result_audit.py:409: ResourceWarning: unclosed file <_io.TextIOWrapper name='/home/alexander/Schreibtisch/ofa-v2/campaign3_blind/runs/C2_27b_MCP_seed91/work/residual_level1.csv' mode='r' encoding='UTF-8'>
  body = tuple(r[-1].strip() for r in _csv.reader(q.open()) if r)
ResourceWarning: Enable tracemalloc to get the object allocation traceback
/home/alexander/Schreibtisch/ofa-v2/src/tools/result_audit.py:409: ResourceWarning: unclosed file <_io.TextIOWrapper name='/home/alexander/Schreibtisch/ofa-v2/campaign3_blind/runs/C2_27b_MCP_seed91/work/residual_level2.csv' mode='r' encoding='UTF-8'>
  body = tuple(r[-1].strip() for r in _csv.reader(q.open()) if r)
ResourceWarning: Enable tracemalloc to get the object allocation traceback
/home/alexander/Schreibtisch/ofa-v2/src/tools/result_audit.py:409: ResourceWarning: unclosed file <_io.TextIOWrapper name='/home/alexander/Schreibtisch/ofa-v2/campaign3_blind/runs/C2_27b_MCP_seed91/work/residual_level3.csv' mode='r' encoding='UTF-8'>
  body = tuple(r[-1].strip() for r in _csv.reader(q.open()) if r)
ResourceWarning: Enable tracemalloc to get the object allocation traceback
/home/alexander/Schreibtisch/ofa-v2/langgraph_eval/agent.py:456: LangGraphDeprecatedSinceV10: create_react_agent has been moved to `langchain.agents`. Please update your import to `from langchain.agents import create_agent`. Deprecated in LangGraph V1.0 to be removed in V2.0.
  sub_agent = create_react_agent(
/home/alexander/Schreibtisch/ofa-v2/langgraph_eval/agent.py:381: RuntimeWarning: This package (`duckduckgo_search`) has been renamed to `ddgs`! Use `pip install ddgs` instead.
  with DDGS() as ddgs:
2026-09-01 05:54:44,792 [oasis.registry] INFO: Loaded discovered config: 5 backends
2026-09-01 05:54:44,794 [oasis.registry] INFO: Registered backend: 4C Multiphysics (fourc)
2026-09-01 05:54:44,794 [oasis.registry] INFO: Registered backend: FEniCSx (dolfinx) (fenics)
2026-09-01 05:54:44,795 [oasis.registry] INFO: Registered backend: deal.II (dealii)
2026-09-01 05:54:44,797 [oasis.registry] INFO: Loaded discovered config: 5 backends
2026-09-01 05:54:44,798 [oasis.registry] INFO: Registered backend: FEBio (febio)
2026-09-01 05:54:44,800 [oasis.registry] INFO: Registered backend: 4C Multiphysics (fourc)
2026-09-01 05:54:44,800 [oasis.registry] INFO: Registered backend: NGSolve (ngsolve)
2026-09-01 05:54:44,801 [oasis.ngsolve] INFO: NGSolve backend registered
2026-09-01 05:54:44,801 [oasis.registry] INFO: Registered backend: FEniCSx (dolfinx) (fenics)
2026-09-01 05:54:44,801 [oasis.registry] INFO: Registered backend: deal.II (dealii)
2026-09-01 05:54:44,803 [oasis.registry] INFO: Registered backend: scikit-fem (skfem)
2026-09-01 05:54:44,803 [oasis.skfem] INFO: scikit-fem backend registered
2026-09-01 05:54:44,805 [oasis.registry] INFO: Registered backend: FEBio (febio)
2026-09-01 05:54:44,807 [oasis.registry] INFO: Registered backend: Kratos Multiphysics (kratos)
2026-09-01 05:54:44,807 [oasis.kratos] INFO: Kratos Multiphysics backend registered
2026-09-01 05:54:44,807 [oasis.registry] INFO: Registered backend: NGSolve (ngsolve)
2026-09-01 05:54:44,807 [oasis.ngsolve] INFO: NGSolve backend registered
2026-09-01 05:54:44,809 [oasis.registry] INFO: Registered backend: DUNE-fem (dune)
2026-09-01 05:54:44,809 [oasis.dune] INFO: DUNE-fem backend registered
2026-09-01 05:54:44,810 [oasis.registry] INFO: Registered backend: scikit-fem (skfem)
2026-09-01 05:54:44,810 [oasis.skfem] INFO: scikit-fem backend registered
2026-09-01 05:54:44,814 [oasis.registry] INFO: Registered backend: Kratos Multiphysics (kratos)
2026-09-01 05:54:44,814 [oasis.kratos] INFO: Kratos Multiphysics backend registered
2026-09-01 05:54:44,814 [oasis.registry] INFO: Registered backend: SPARTA (DSMC) (sparta)
2026-09-01 05:54:44,814 [oasis.sparta] INFO: SPARTA (DSMC) backend registered
2026-09-01 05:54:44,814 [oasis] INFO: Starting OASiS MCP server
2026-09-01 05:54:44,817 [oasis.registry] INFO: Registered backend: DUNE-fem (dune)
2026-09-01 05:54:44,817 [oasis.dune] INFO: DUNE-fem backend registered
2026-09-01 05:54:44,821 [mcp.server.lowlevel.server] INFO: Processing request of type CallToolRequest
2026-09-01 05:54:44,825 [oasis.registry] INFO: Registered backend: SPARTA (DSMC) (sparta)
2026-09-01 05:54:44,825 [oasis.sparta] INFO: SPARTA (DSMC) backend registered
2026-09-01 05:54:44,825 [oasis] INFO: Starting OASiS MCP server
2026-09-01 05:54:44,834 [mcp.server.lowlevel.server] INFO: Processing request of type CallToolRequest
2026-09-01 05:54:44,843 [mcp.server.lowlevel.server] INFO: Processing request of type ListToolsRequest
2026-09-01 05:54:44,848 [oasis] INFO: Session journal saved: /home/alexander/Schreibtisch/ofa-v2/data/sessions/session_91bf48ca-4cdd-4e27-953e-d5b04aae3117.json (1 events)
2026-09-01 05:54:44,849 [mcp.server.lowlevel.server] INFO: Processing request of type ListToolsRequest
2026-09-01 05:54:44,855 [oasis] INFO: Session journal saved: /home/alexander/Schreibtisch/ofa-v2/data/sessions/session_ef49e1a7-eee6-4e55-887f-32dc12e2f725.json (1 events)
/home/alexander/Schreibtisch/ofa-v2/langgraph_eval/agent.py:381: RuntimeWarning: This package (`duckduckgo_search`) has been renamed to `ddgs`! Use `pip install ddgs` instead.
  with DDGS() as ddgs:
/home/alexander/Schreibtisch/ofa-v2/langgraph_eval/agent.py:381: RuntimeWarning: This package (`duckduckgo_search`) has been renamed to `ddgs`! Use `pip install ddgs` instead.
  with DDGS() as ddgs:
/home/alexander/Schreibtisch/ofa-v2/langgraph_eval/agent.py:381: RuntimeWarning: This package (`duckduckgo_search`) has been renamed to `ddgs`! Use `pip install ddgs` instead.
  with DDGS() as ddgs:
2026-09-01 05:54:53,302 [oasis.registry] INFO: Loaded discovered config: 5 backends
2026-09-01 05:54:53,304 [oasis.registry] INFO: Registered backend: 4C Multiphysics (fourc)
2026-09-01 05:54:53,304 [oasis.registry] INFO: Registered backend: FEniCSx (dolfinx) (fenics)
2026-09-01 05:54:53,305 [oasis.registry] INFO: Registered backend: deal.II (dealii)
2026-09-01 05:54:53,308 [oasis.registry] INFO: Registered backend: FEBio (febio)
2026-09-01 05:54:53,311 [oasis.registry] INFO: Registered backend: NGSolve (ngsolve)
2026-09-01 05:54:53,311 [oasis.ngsolve] INFO: NGSolve backend registered
2026-09-01 05:54:53,313 [oasis.registry] INFO: Registered backend: scikit-fem (skfem)
2026-09-01 05:54:53,313 [oasis.skfem] INFO: scikit-fem backend registered
2026-09-01 05:54:53,317 [oasis.registry] INFO: Registered backend: Kratos Multiphysics (kratos)
2026-09-01 05:54:53,317 [oasis.kratos] INFO: Kratos Multiphysics backend registered
2026-09-01 05:54:53,319 [oasis.registry] INFO: Registered backend: DUNE-fem (dune)
2026-09-01 05:54:53,319 [oasis.dune] INFO: DUNE-fem backend registered
2026-09-01 05:54:53,325 [oasis.registry] INFO: Registered backend: SPARTA (DSMC) (sparta)
2026-09-01 05:54:53,325 [oasis.sparta] INFO: SPARTA (DSMC) backend registered
2026-09-01 05:54:53,325 [oasis] INFO: Starting OASiS MCP server
2026-09-01 05:54:53,332 [mcp.server.lowlevel.server] INFO: Processing request of type CallToolRequest
2026-09-01 05:54:53,337 [mcp.server.lowlevel.server] INFO: Processing request of type ListToolsRequest
2026-09-01 05:54:53,342 [oasis] INFO: Session journal saved: /home/alexander/Schreibtisch/ofa-v2/data/sessions/session_d08527a0-8845-4323-aae1-7c2dd335dce1.json (1 events)
2026-09-01 05:55:00,747 [oasis.registry] INFO: Loaded discovered config: 5 backends
2026-09-01 05:55:00,749 [oasis.registry] INFO: Registered backend: 4C Multiphysics (fourc)
2026-09-01 05:55:00,750 [oasis.registry] INFO: Registered backend: FEniCSx (dolfinx) (fenics)
2026-09-01 05:55:00,750 [oasis.registry] INFO: Registered backend: deal.II (dealii)
2026-09-01 05:55:00,753 [oasis.registry] INFO: Registered backend: FEBio (febio)
2026-09-01 05:55:00,756 [oasis.registry] INFO: Registered backend: NGSolve (ngsolve)
2026-09-01 05:55:00,756 [oasis.ngsolve] INFO: NGSolve backend registered
2026-09-01 05:55:00,758 [oasis.registry] INFO: Registered backend: scikit-fem (skfem)
2026-09-01 05:55:00,758 [oasis.skfem] INFO: scikit-fem backend registered
2026-09-01 05:55:00,762 [oasis.registry] INFO: Registered backend: Kratos Multiphysics (kratos)
2026-09-01 05:55:00,762 [oasis.kratos] INFO: Kratos Multiphysics backend registered
2026-09-01 05:55:00,764 [oasis.registry] INFO: Registered backend: DUNE-fem (dune)
2026-09-01 05:55:00,764 [oasis.dune] INFO: DUNE-fem backend registered
2026-09-01 05:55:00,770 [oasis.registry] INFO: Registered backend: SPARTA (DSMC) (sparta)
2026-09-01 05:55:00,770 [oasis.sparta] INFO: SPARTA (DSMC) backend registered
2026-09-01 05:55:00,770 [oasis] INFO: Starting OASiS MCP server
2026-09-01 05:55:00,776 [mcp.server.lowlevel.server] INFO: Processing request of type CallToolRequest
2026-09-01 05:55:00,781 [mcp.server.lowlevel.server] INFO: Processing request of type ListToolsRequest
2026-09-01 05:55:04,400 [oasis.registry] INFO: Loaded discovered config: 5 backends
2026-09-01 05:55:04,402 [oasis.registry] INFO: Registered backend: 4C Multiphysics (fourc)
2026-09-01 05:55:04,403 [oasis.registry] INFO: Registered backend: FEniCSx (dolfinx) (fenics)
2026-09-01 05:55:04,403 [oasis.registry] INFO: Registered backend: deal.II (dealii)
2026-09-01 05:55:04,406 [oasis.registry] INFO: Registered backend: FEBio (febio)
2026-09-01 05:55:04,409 [oasis.registry] INFO: Registered backend: NGSolve (ngsolve)
2026-09-01 05:55:04,409 [oasis.ngsolve] INFO: NGSolve backend registered
2026-09-01 05:55:04,411 [oasis.registry] INFO: Registered backend: scikit-fem (skfem)
2026-09-01 05:55:04,411 [oasis.skfem] INFO: scikit-fem backend registered
2026-09-01 05:55:04,415 [oasis.registry] INFO: Registered backend: Kratos Multiphysics (kratos)
2026-09-01 05:55:04,415 [oasis.kratos] INFO: Kratos Multiphysics backend registered
2026-09-01 05:55:04,417 [oasis.registry] INFO: Registered backend: DUNE-fem (dune)
2026-09-01 05:55:04,418 [oasis.dune] INFO: DUNE-fem backend registered
2026-09-01 05:55:04,423 [oasis.registry] INFO: Registered backend: SPARTA (DSMC) (sparta)
2026-09-01 05:55:04,423 [oasis.sparta] INFO: SPARTA (DSMC) backend registered
2026-09-01 05:55:04,423 [oasis] INFO: Starting OASiS MCP server
2026-09-01 05:55:04,430 [mcp.server.lowlevel.server] INFO: Processing request of type CallToolRequest
2026-09-01 05:55:04,469 [mcp.server.lowlevel.server] INFO: Processing request of type ListToolsRequest
2026-09-01 05:55:04,474 [oasis] INFO: Session journal saved: /home/alexander/Schreibtisch/ofa-v2/data/sessions/session_0ad93b1c-b1a9-4991-afa9-0a8591f4886b.json (1 events)
[preflight] custody controls verified for 1 problem(s); keys sealed and unreadable by execution
[phase: development] results are for post-mortems and convergence checking, NOT for the paper's evaluation table.
[C8 27b MCP s88] done  calls=61 tok=7194112/123552 2590.8s
/home/alexander/Schreibtisch/ofa-v2/campaign3_blind/run_blind.py:941: ResourceWarning: unclosed file <_io.TextIOWrapper name='/home/alexander/Schreibtisch/ofa-v2/campaign3_blind/runs/C8_27b_MCP_seed88/work/trajectory_live.txt' mode='a' encoding='utf-8'>
  run_one(pid, a.model, cond, a.seed, a.timeout)
ResourceWarning: Enable tracemalloc to get the object allocation traceback
/home/alexander/.local/share/python/cpython-3.12.13-linux-x86_64-gnu/lib/python3.12/asyncio/selector_events.py:879: ResourceWarning: unclosed transport <_SelectorSocketTransport fd=8>
/home/alexander/Schreibtisch/ofa-v2/src/tools/result_audit.py:409: ResourceWarning: unclosed file <_io.TextIOWrapper name='/home/alexander/Schreibtisch/ofa-v2/campaign3_blind/runs/C2_27b_MCP_seed91/work/residual_level1.csv' mode='r' encoding='UTF-8'>
  body = tuple(r[-1].strip() for r in _csv.reader(q.open()) if r)
ResourceWarning: Enable tracemalloc to get the object allocation traceback
/home/alexander/Schreibtisch/ofa-v2/src/tools/result_audit.py:409: ResourceWarning: unclosed file <_io.TextIOWrapper name='/home/alexander/Schreibtisch/ofa-v2/campaign3_blind/runs/C2_27b_MCP_seed91/work/residual_level2.csv' mode='r' encoding='UTF-8'>
  body = tuple(r[-1].strip() for r in _csv.reader(q.open()) if r)
ResourceWarning: Enable tracemalloc to get the object allocation traceback
/home/alexander/Schreibtisch/ofa-v2/src/tools/result_audit.py:409: ResourceWarning: unclosed file <_io.TextIOWrapper name='/home/alexander/Schreibtisch/ofa-v2/campaign3_blind/runs/C2_27b_MCP_seed91/work/residual_level3.csv' mode='r' encoding='UTF-8'>
  body = tuple(r[-1].strip() for r in _csv.reader(q.open()) if r)
ResourceWarning: Enable tracemalloc to get the object allocation traceback
[preflight] custody controls verified for 1 problem(s); keys sealed and unreadable by execution
[phase: development] results are for post-mortems and convergence checking, NOT for the paper's evaluation table.
[C2 27b MCP s91] done  calls=54 tok=3239077/58262 2700.0s  ERR TimeoutError: exceeded 2700s
sys:1: ResourceWarning: unclosed file <_io.TextIOWrapper name='/home/alexander/Schreibtisch/ofa-v2/campaign3_blind/runs/C2_27b_MCP_seed91/work/trajectory_live.txt' mode='a' encoding='utf-8'>
ResourceWarning: Enable tracemalloc to get the object allocation traceback
