2026-09-01 03:21:56,270 [oasis.registry] INFO: Loaded discovered config: 5 backends
2026-09-01 03:21:56,273 [oasis.registry] INFO: Registered backend: 4C Multiphysics (fourc)
2026-09-01 03:21:56,274 [oasis.registry] INFO: Registered backend: FEniCSx (dolfinx) (fenics)
2026-09-01 03:21:56,274 [oasis.registry] INFO: Registered backend: deal.II (dealii)
2026-09-01 03:21:56,278 [oasis.registry] INFO: Registered backend: FEBio (febio)
2026-09-01 03:21:56,282 [oasis.registry] INFO: Registered backend: NGSolve (ngsolve)
2026-09-01 03:21:56,282 [oasis.ngsolve] INFO: NGSolve backend registered
2026-09-01 03:21:56,285 [oasis.registry] INFO: Registered backend: scikit-fem (skfem)
2026-09-01 03:21:56,285 [oasis.skfem] INFO: scikit-fem backend registered
2026-09-01 03:21:56,290 [oasis.registry] INFO: Registered backend: Kratos Multiphysics (kratos)
2026-09-01 03:21:56,290 [oasis.kratos] INFO: Kratos Multiphysics backend registered
2026-09-01 03:21:56,293 [oasis.registry] INFO: Registered backend: DUNE-fem (dune)
2026-09-01 03:21:56,293 [oasis.dune] INFO: DUNE-fem backend registered
2026-09-01 03:21:56,297 [oasis.registry] INFO: Loaded discovered config: 5 backends
2026-09-01 03:21:56,299 [oasis.registry] INFO: Registered backend: SPARTA (DSMC) (sparta)
2026-09-01 03:21:56,299 [oasis.sparta] INFO: SPARTA (DSMC) backend registered
2026-09-01 03:21:56,300 [oasis] INFO: Starting OASiS MCP server
2026-09-01 03:21:56,300 [oasis.registry] INFO: Registered backend: 4C Multiphysics (fourc)
2026-09-01 03:21:56,300 [oasis.registry] INFO: Registered backend: FEniCSx (dolfinx) (fenics)
2026-09-01 03:21:56,301 [oasis.registry] INFO: Registered backend: deal.II (dealii)
2026-09-01 03:21:56,305 [oasis.registry] INFO: Registered backend: FEBio (febio)
2026-09-01 03:21:56,308 [oasis.registry] INFO: Registered backend: NGSolve (ngsolve)
2026-09-01 03:21:56,308 [oasis.ngsolve] INFO: NGSolve backend registered
2026-09-01 03:21:56,309 [mcp.server.lowlevel.server] INFO: Processing request of type ListToolsRequest
2026-09-01 03:21:56,312 [oasis.registry] INFO: Registered backend: scikit-fem (skfem)
2026-09-01 03:21:56,312 [oasis.skfem] INFO: scikit-fem backend registered
2026-09-01 03:21:56,316 [oasis.registry] INFO: Registered backend: Kratos Multiphysics (kratos)
2026-09-01 03:21:56,317 [oasis.kratos] INFO: Kratos Multiphysics backend registered
2026-09-01 03:21:56,320 [oasis.registry] INFO: Registered backend: DUNE-fem (dune)
2026-09-01 03:21:56,320 [oasis.dune] INFO: DUNE-fem backend registered
2026-09-01 03:21:56,327 [oasis.registry] INFO: Registered backend: SPARTA (DSMC) (sparta)
2026-09-01 03:21:56,327 [oasis.sparta] INFO: SPARTA (DSMC) backend registered
2026-09-01 03:21:56,327 [oasis] INFO: Starting OASiS MCP server
2026-09-01 03:21:56,331 [oasis.registry] INFO: Loaded discovered config: 5 backends
2026-09-01 03:21:56,336 [mcp.server.lowlevel.server] INFO: Processing request of type ListToolsRequest
2026-09-01 03:21:56,336 [oasis.registry] INFO: Registered backend: 4C Multiphysics (fourc)
2026-09-01 03:21:56,337 [oasis.registry] INFO: Registered backend: FEniCSx (dolfinx) (fenics)
2026-09-01 03:21:56,337 [oasis.registry] INFO: Registered backend: deal.II (dealii)
2026-09-01 03:21:56,341 [oasis.registry] INFO: Registered backend: FEBio (febio)
2026-09-01 03:21:56,344 [oasis.registry] INFO: Registered backend: NGSolve (ngsolve)
2026-09-01 03:21:56,344 [oasis.ngsolve] INFO: NGSolve backend registered
2026-09-01 03:21:56,347 [oasis.registry] INFO: Registered backend: scikit-fem (skfem)
2026-09-01 03:21:56,347 [oasis.skfem] INFO: scikit-fem backend registered
2026-09-01 03:21:56,351 [oasis.registry] INFO: Registered backend: Kratos Multiphysics (kratos)
2026-09-01 03:21:56,351 [oasis.kratos] INFO: Kratos Multiphysics backend registered
2026-09-01 03:21:56,353 [oasis.registry] INFO: Registered backend: DUNE-fem (dune)
2026-09-01 03:21:56,353 [oasis.dune] INFO: DUNE-fem backend registered
2026-09-01 03:21:56,358 [oasis.registry] INFO: Registered backend: SPARTA (DSMC) (sparta)
2026-09-01 03:21:56,358 [oasis.sparta] INFO: SPARTA (DSMC) backend registered
2026-09-01 03:21:56,358 [oasis] INFO: Starting OASiS MCP server
2026-09-01 03:21:56,367 [mcp.server.lowlevel.server] INFO: Processing request of type ListToolsRequest
2026-09-01 03:21:56,412 [oasis.registry] INFO: Loaded discovered config: 5 backends
2026-09-01 03:21:56,415 [oasis.registry] INFO: Registered backend: 4C Multiphysics (fourc)
2026-09-01 03:21:56,416 [oasis.registry] INFO: Registered backend: FEniCSx (dolfinx) (fenics)
2026-09-01 03:21:56,417 [oasis.registry] INFO: Registered backend: deal.II (dealii)
2026-09-01 03:21:56,421 [oasis.registry] INFO: Registered backend: FEBio (febio)
2026-09-01 03:21:56,424 [oasis.registry] INFO: Registered backend: NGSolve (ngsolve)
2026-09-01 03:21:56,425 [oasis.ngsolve] INFO: NGSolve backend registered
2026-09-01 03:21:56,428 [oasis.registry] INFO: Loaded discovered config: 5 backends
2026-09-01 03:21:56,428 [oasis.registry] INFO: Registered backend: scikit-fem (skfem)
2026-09-01 03:21:56,428 [oasis.skfem] INFO: scikit-fem backend registered
2026-09-01 03:21:56,431 [oasis.registry] INFO: Registered backend: 4C Multiphysics (fourc)
2026-09-01 03:21:56,432 [oasis.registry] INFO: Registered backend: FEniCSx (dolfinx) (fenics)
2026-09-01 03:21:56,432 [oasis.registry] INFO: Registered backend: deal.II (dealii)
2026-09-01 03:21:56,433 [oasis.registry] INFO: Registered backend: Kratos Multiphysics (kratos)
2026-09-01 03:21:56,433 [oasis.kratos] INFO: Kratos Multiphysics backend registered
2026-09-01 03:21:56,437 [oasis.registry] INFO: Registered backend: DUNE-fem (dune)
2026-09-01 03:21:56,437 [oasis.dune] INFO: DUNE-fem backend registered
2026-09-01 03:21:56,437 [oasis.registry] INFO: Registered backend: FEBio (febio)
2026-09-01 03:21:56,440 [oasis.registry] INFO: Registered backend: NGSolve (ngsolve)
2026-09-01 03:21:56,440 [oasis.ngsolve] INFO: NGSolve backend registered
2026-09-01 03:21:56,444 [oasis.registry] INFO: Registered backend: scikit-fem (skfem)
2026-09-01 03:21:56,444 [oasis.registry] INFO: Registered backend: SPARTA (DSMC) (sparta)
2026-09-01 03:21:56,444 [oasis.skfem] INFO: scikit-fem backend registered
2026-09-01 03:21:56,444 [oasis.sparta] INFO: SPARTA (DSMC) backend registered
2026-09-01 03:21:56,444 [oasis] INFO: Starting OASiS MCP server
2026-09-01 03:21:56,451 [oasis.registry] INFO: Registered backend: Kratos Multiphysics (kratos)
2026-09-01 03:21:56,451 [oasis.kratos] INFO: Kratos Multiphysics backend registered
2026-09-01 03:21:56,454 [oasis.registry] INFO: Registered backend: DUNE-fem (dune)
2026-09-01 03:21:56,455 [oasis.dune] INFO: DUNE-fem backend registered
2026-09-01 03:21:56,454 [mcp.server.lowlevel.server] INFO: Processing request of type ListToolsRequest
2026-09-01 03:21:56,461 [oasis.registry] INFO: Registered backend: SPARTA (DSMC) (sparta)
2026-09-01 03:21:56,462 [oasis.sparta] INFO: SPARTA (DSMC) backend registered
2026-09-01 03:21:56,462 [oasis] INFO: Starting OASiS MCP server
2026-09-01 03:21:56,471 [mcp.server.lowlevel.server] INFO: Processing request of type ListToolsRequest
2026-09-01 03:22:08,682 [oasis.registry] INFO: Loaded discovered config: 5 backends
2026-09-01 03:22:08,686 [oasis.registry] INFO: Registered backend: 4C Multiphysics (fourc)
2026-09-01 03:22:08,687 [oasis.registry] INFO: Registered backend: FEniCSx (dolfinx) (fenics)
2026-09-01 03:22:08,687 [oasis.registry] INFO: Registered backend: deal.II (dealii)
2026-09-01 03:22:08,692 [oasis.registry] INFO: Registered backend: FEBio (febio)
2026-09-01 03:22:08,696 [oasis.registry] INFO: Registered backend: NGSolve (ngsolve)
2026-09-01 03:22:08,696 [oasis.ngsolve] INFO: NGSolve backend registered
2026-09-01 03:22:08,700 [oasis.registry] INFO: Registered backend: scikit-fem (skfem)
2026-09-01 03:22:08,700 [oasis.skfem] INFO: scikit-fem backend registered
2026-09-01 03:22:08,706 [oasis.registry] INFO: Registered backend: Kratos Multiphysics (kratos)
2026-09-01 03:22:08,706 [oasis.kratos] INFO: Kratos Multiphysics backend registered
2026-09-01 03:22:08,710 [oasis.registry] INFO: Registered backend: DUNE-fem (dune)
2026-09-01 03:22:08,710 [oasis.dune] INFO: DUNE-fem backend registered
2026-09-01 03:22:08,719 [oasis.registry] INFO: Registered backend: SPARTA (DSMC) (sparta)
2026-09-01 03:22:08,719 [oasis.sparta] INFO: SPARTA (DSMC) backend registered
2026-09-01 03:22:08,719 [oasis] INFO: Starting OASiS MCP server
2026-09-01 03:22:08,729 [oasis.registry] INFO: Loaded discovered config: 5 backends
2026-09-01 03:22:08,731 [mcp.server.lowlevel.server] INFO: Processing request of type CallToolRequest
2026-09-01 03:22:08,732 [oasis.registry] INFO: Registered backend: 4C Multiphysics (fourc)
2026-09-01 03:22:08,732 [oasis.registry] INFO: Registered backend: FEniCSx (dolfinx) (fenics)
2026-09-01 03:22:08,733 [oasis.registry] INFO: Registered backend: deal.II (dealii)
2026-09-01 03:22:08,736 [oasis.registry] INFO: Registered backend: FEBio (febio)
2026-09-01 03:22:08,739 [oasis.registry] INFO: Registered backend: NGSolve (ngsolve)
2026-09-01 03:22:08,739 [oasis.ngsolve] INFO: NGSolve backend registered
2026-09-01 03:22:08,742 [oasis.registry] INFO: Registered backend: scikit-fem (skfem)
2026-09-01 03:22:08,742 [oasis.skfem] INFO: scikit-fem backend registered
2026-09-01 03:22:08,746 [oasis.registry] INFO: Registered backend: Kratos Multiphysics (kratos)
2026-09-01 03:22:08,746 [oasis.kratos] INFO: Kratos Multiphysics backend registered
2026-09-01 03:22:08,749 [oasis.registry] INFO: Registered backend: DUNE-fem (dune)
2026-09-01 03:22:08,749 [oasis.dune] INFO: DUNE-fem backend registered
2026-09-01 03:22:08,754 [oasis.registry] INFO: Registered backend: SPARTA (DSMC) (sparta)
2026-09-01 03:22:08,754 [oasis.sparta] INFO: SPARTA (DSMC) backend registered
2026-09-01 03:22:08,754 [oasis] INFO: Starting OASiS MCP server
2026-09-01 03:22:08,762 [oasis.registry] INFO: Loaded discovered config: 5 backends
2026-09-01 03:22:08,763 [mcp.server.lowlevel.server] INFO: Processing request of type CallToolRequest
2026-09-01 03:22:08,765 [oasis.registry] INFO: Registered backend: 4C Multiphysics (fourc)
2026-09-01 03:22:08,766 [oasis.registry] INFO: Registered backend: FEniCSx (dolfinx) (fenics)
2026-09-01 03:22:08,767 [oasis.registry] INFO: Registered backend: deal.II (dealii)
2026-09-01 03:22:08,771 [oasis.registry] INFO: Registered backend: FEBio (febio)
2026-09-01 03:22:08,774 [oasis.registry] INFO: Registered backend: NGSolve (ngsolve)
2026-09-01 03:22:08,775 [oasis.ngsolve] INFO: NGSolve backend registered
2026-09-01 03:22:08,778 [oasis.registry] INFO: Registered backend: scikit-fem (skfem)
2026-09-01 03:22:08,778 [oasis.skfem] INFO: scikit-fem backend registered
2026-09-01 03:22:08,783 [oasis.registry] INFO: Registered backend: Kratos Multiphysics (kratos)
2026-09-01 03:22:08,783 [oasis.kratos] INFO: Kratos Multiphysics backend registered
2026-09-01 03:22:08,783 [mcp.server.lowlevel.server] INFO: Processing request of type ListToolsRequest
2026-09-01 03:22:08,787 [oasis.registry] INFO: Registered backend: DUNE-fem (dune)
2026-09-01 03:22:08,787 [oasis.dune] INFO: DUNE-fem backend registered
2026-09-01 03:22:08,794 [oasis.registry] INFO: Registered backend: SPARTA (DSMC) (sparta)
2026-09-01 03:22:08,794 [oasis.sparta] INFO: SPARTA (DSMC) backend registered
2026-09-01 03:22:08,794 [oasis] INFO: Starting OASiS MCP server
2026-09-01 03:22:08,794 [oasis] INFO: Session journal saved: /home/alexander/Schreibtisch/ofa-v2/data/sessions/session_36479061-489d-4645-aaae-6791b7e0c7fc.json (1 events)
2026-09-01 03:22:08,804 [mcp.server.lowlevel.server] INFO: Processing request of type CallToolRequest
2026-09-01 03:22:09,095 [oasis.registry] INFO: Loaded discovered config: 5 backends
2026-09-01 03:22:09,098 [oasis.registry] INFO: Registered backend: 4C Multiphysics (fourc)
2026-09-01 03:22:09,098 [oasis.registry] INFO: Registered backend: FEniCSx (dolfinx) (fenics)
2026-09-01 03:22:09,099 [oasis.registry] INFO: Registered backend: deal.II (dealii)
2026-09-01 03:22:09,104 [oasis.registry] INFO: Registered backend: FEBio (febio)
2026-09-01 03:22:09,107 [oasis.registry] INFO: Registered backend: NGSolve (ngsolve)
2026-09-01 03:22:09,107 [oasis.ngsolve] INFO: NGSolve backend registered
2026-09-01 03:22:09,110 [oasis.registry] INFO: Registered backend: scikit-fem (skfem)
2026-09-01 03:22:09,110 [oasis.skfem] INFO: scikit-fem backend registered
2026-09-01 03:22:09,115 [oasis.registry] INFO: Registered backend: Kratos Multiphysics (kratos)
2026-09-01 03:22:09,115 [oasis.kratos] INFO: Kratos Multiphysics backend registered
2026-09-01 03:22:09,118 [oasis.registry] INFO: Registered backend: DUNE-fem (dune)
2026-09-01 03:22:09,119 [oasis.dune] INFO: DUNE-fem backend registered
2026-09-01 03:22:09,125 [oasis.registry] INFO: Registered backend: SPARTA (DSMC) (sparta)
2026-09-01 03:22:09,125 [oasis.sparta] INFO: SPARTA (DSMC) backend registered
2026-09-01 03:22:09,126 [oasis] INFO: Starting OASiS MCP server
2026-09-01 03:22:09,136 [mcp.server.lowlevel.server] INFO: Processing request of type CallToolRequest
2026-09-01 03:22:09,177 [oasis.registry] INFO: Loaded discovered config: 5 backends
2026-09-01 03:22:09,180 [oasis.registry] INFO: Registered backend: 4C Multiphysics (fourc)
2026-09-01 03:22:09,181 [oasis.registry] INFO: Registered backend: FEniCSx (dolfinx) (fenics)
2026-09-01 03:22:09,182 [oasis.registry] INFO: Registered backend: deal.II (dealii)
2026-09-01 03:22:09,186 [oasis.registry] INFO: Registered backend: FEBio (febio)
2026-09-01 03:22:09,189 [oasis.registry] INFO: Registered backend: NGSolve (ngsolve)
2026-09-01 03:22:09,189 [oasis.ngsolve] INFO: NGSolve backend registered
2026-09-01 03:22:09,193 [oasis.registry] INFO: Registered backend: scikit-fem (skfem)
2026-09-01 03:22:09,193 [oasis.skfem] INFO: scikit-fem backend registered
2026-09-01 03:22:09,198 [oasis.registry] INFO: Registered backend: Kratos Multiphysics (kratos)
2026-09-01 03:22:09,198 [oasis.kratos] INFO: Kratos Multiphysics backend registered
2026-09-01 03:22:09,200 [oasis.registry] INFO: Registered backend: DUNE-fem (dune)
2026-09-01 03:22:09,200 [oasis.dune] INFO: DUNE-fem backend registered
2026-09-01 03:22:09,202 [oasis.registry] INFO: Loaded discovered config: 5 backends
2026-09-01 03:22:09,206 [oasis.registry] INFO: Registered backend: 4C Multiphysics (fourc)
2026-09-01 03:22:09,206 [oasis.registry] INFO: Registered backend: SPARTA (DSMC) (sparta)
2026-09-01 03:22:09,206 [oasis.sparta] INFO: SPARTA (DSMC) backend registered
2026-09-01 03:22:09,206 [oasis] INFO: Starting OASiS MCP server
2026-09-01 03:22:09,207 [oasis.registry] INFO: Registered backend: FEniCSx (dolfinx) (fenics)
2026-09-01 03:22:09,208 [oasis.registry] INFO: Registered backend: deal.II (dealii)
2026-09-01 03:22:09,213 [oasis.registry] INFO: Registered backend: FEBio (febio)
2026-09-01 03:22:09,217 [oasis.registry] INFO: Registered backend: NGSolve (ngsolve)
2026-09-01 03:22:09,217 [oasis.ngsolve] INFO: NGSolve backend registered
2026-09-01 03:22:09,221 [oasis.registry] INFO: Registered backend: scikit-fem (skfem)
2026-09-01 03:22:09,221 [oasis.skfem] INFO: scikit-fem backend registered
2026-09-01 03:22:09,223 [oasis.registry] INFO: Loaded discovered config: 5 backends
2026-09-01 03:22:09,227 [oasis.registry] INFO: Registered backend: 4C Multiphysics (fourc)
2026-09-01 03:22:09,227 [oasis.registry] INFO: Registered backend: Kratos Multiphysics (kratos)
2026-09-01 03:22:09,227 [oasis.registry] INFO: Registered backend: FEniCSx (dolfinx) (fenics)
2026-09-01 03:22:09,228 [oasis.kratos] INFO: Kratos Multiphysics backend registered
2026-09-01 03:22:09,228 [oasis.registry] INFO: Registered backend: deal.II (dealii)
2026-09-01 03:22:09,230 [mcp.server.lowlevel.server] INFO: Processing request of type CallToolRequest
2026-09-01 03:22:09,231 [oasis.registry] INFO: Registered backend: DUNE-fem (dune)
2026-09-01 03:22:09,231 [oasis.dune] INFO: DUNE-fem backend registered
2026-09-01 03:22:09,233 [oasis.registry] INFO: Registered backend: FEBio (febio)
2026-09-01 03:22:09,237 [oasis.registry] INFO: Registered backend: NGSolve (ngsolve)
2026-09-01 03:22:09,237 [oasis.ngsolve] INFO: NGSolve backend registered
2026-09-01 03:22:09,240 [oasis.registry] INFO: Registered backend: SPARTA (DSMC) (sparta)
2026-09-01 03:22:09,240 [oasis.sparta] INFO: SPARTA (DSMC) backend registered
2026-09-01 03:22:09,240 [oasis] INFO: Starting OASiS MCP server
2026-09-01 03:22:09,240 [oasis.registry] INFO: Registered backend: scikit-fem (skfem)
2026-09-01 03:22:09,240 [oasis.skfem] INFO: scikit-fem backend registered
2026-09-01 03:22:09,246 [oasis.registry] INFO: Registered backend: Kratos Multiphysics (kratos)
2026-09-01 03:22:09,246 [oasis.kratos] INFO: Kratos Multiphysics backend registered
2026-09-01 03:22:09,249 [mcp.server.lowlevel.server] INFO: Processing request of type CallToolRequest
2026-09-01 03:22:09,250 [oasis.registry] INFO: Registered backend: DUNE-fem (dune)
2026-09-01 03:22:09,250 [oasis.dune] INFO: DUNE-fem backend registered
2026-09-01 03:22:09,259 [oasis.registry] INFO: Registered backend: SPARTA (DSMC) (sparta)
2026-09-01 03:22:09,259 [oasis.sparta] INFO: SPARTA (DSMC) backend registered
2026-09-01 03:22:09,259 [oasis] INFO: Starting OASiS MCP server
2026-09-01 03:22:09,270 [mcp.server.lowlevel.server] INFO: Processing request of type CallToolRequest
2026-09-01 03:22:09,382 [oasis.registry] INFO: Loaded discovered config: 5 backends
2026-09-01 03:22:09,385 [oasis.registry] INFO: Registered backend: 4C Multiphysics (fourc)
2026-09-01 03:22:09,385 [oasis.registry] INFO: Registered backend: FEniCSx (dolfinx) (fenics)
2026-09-01 03:22:09,386 [oasis.registry] INFO: Registered backend: deal.II (dealii)
2026-09-01 03:22:09,390 [oasis.registry] INFO: Registered backend: FEBio (febio)
2026-09-01 03:22:09,393 [oasis.registry] INFO: Registered backend: NGSolve (ngsolve)
2026-09-01 03:22:09,393 [oasis.ngsolve] INFO: NGSolve backend registered
2026-09-01 03:22:09,397 [oasis.registry] INFO: Loaded discovered config: 5 backends
2026-09-01 03:22:09,397 [oasis.registry] INFO: Registered backend: scikit-fem (skfem)
2026-09-01 03:22:09,397 [oasis.skfem] INFO: scikit-fem backend registered
2026-09-01 03:22:09,397 [oasis.registry] INFO: Loaded discovered config: 5 backends
2026-09-01 03:22:09,400 [oasis.registry] INFO: Registered backend: 4C Multiphysics (fourc)
2026-09-01 03:22:09,400 [oasis.registry] INFO: Registered backend: 4C Multiphysics (fourc)
2026-09-01 03:22:09,401 [oasis.registry] INFO: Registered backend: FEniCSx (dolfinx) (fenics)
2026-09-01 03:22:09,402 [oasis.registry] INFO: Registered backend: Kratos Multiphysics (kratos)
2026-09-01 03:22:09,402 [oasis.kratos] INFO: Kratos Multiphysics backend registered
2026-09-01 03:22:09,402 [oasis.registry] INFO: Registered backend: deal.II (dealii)
2026-09-01 03:22:09,403 [oasis.registry] INFO: Registered backend: FEniCSx (dolfinx) (fenics)
2026-09-01 03:22:09,404 [oasis.registry] INFO: Registered backend: deal.II (dealii)
2026-09-01 03:22:09,405 [oasis.registry] INFO: Registered backend: DUNE-fem (dune)
2026-09-01 03:22:09,405 [oasis.dune] INFO: DUNE-fem backend registered
2026-09-01 03:22:09,407 [oasis.registry] INFO: Registered backend: FEBio (febio)
2026-09-01 03:22:09,408 [oasis.registry] INFO: Registered backend: FEBio (febio)
2026-09-01 03:22:09,411 [oasis.registry] INFO: Registered backend: NGSolve (ngsolve)
2026-09-01 03:22:09,411 [oasis.ngsolve] INFO: NGSolve backend registered
2026-09-01 03:22:09,411 [oasis.registry] INFO: Registered backend: NGSolve (ngsolve)
2026-09-01 03:22:09,411 [oasis.ngsolve] INFO: NGSolve backend registered
2026-09-01 03:22:09,412 [oasis.registry] INFO: Registered backend: SPARTA (DSMC) (sparta)
2026-09-01 03:22:09,412 [oasis.sparta] INFO: SPARTA (DSMC) backend registered
2026-09-01 03:22:09,412 [oasis] INFO: Starting OASiS MCP server
2026-09-01 03:22:09,413 [oasis.registry] INFO: Registered backend: scikit-fem (skfem)
2026-09-01 03:22:09,413 [oasis.skfem] INFO: scikit-fem backend registered
2026-09-01 03:22:09,415 [oasis.registry] INFO: Registered backend: scikit-fem (skfem)
2026-09-01 03:22:09,415 [oasis.skfem] INFO: scikit-fem backend registered
2026-09-01 03:22:09,418 [oasis.registry] INFO: Registered backend: Kratos Multiphysics (kratos)
2026-09-01 03:22:09,418 [oasis.kratos] INFO: Kratos Multiphysics backend registered
2026-09-01 03:22:09,419 [oasis.registry] INFO: Loaded discovered config: 5 backends
2026-09-01 03:22:09,421 [mcp.server.lowlevel.server] INFO: Processing request of type CallToolRequest
2026-09-01 03:22:09,422 [oasis.registry] INFO: Registered backend: Kratos Multiphysics (kratos)
2026-09-01 03:22:09,422 [oasis.kratos] INFO: Kratos Multiphysics backend registered
2026-09-01 03:22:09,422 [oasis.registry] INFO: Registered backend: DUNE-fem (dune)
2026-09-01 03:22:09,422 [oasis.dune] INFO: DUNE-fem backend registered
2026-09-01 03:22:09,423 [oasis.registry] INFO: Registered backend: 4C Multiphysics (fourc)
2026-09-01 03:22:09,423 [oasis.registry] INFO: Registered backend: FEniCSx (dolfinx) (fenics)
2026-09-01 03:22:09,424 [oasis.registry] INFO: Registered backend: deal.II (dealii)
2026-09-01 03:22:09,426 [oasis.registry] INFO: Registered backend: DUNE-fem (dune)
2026-09-01 03:22:09,426 [oasis.dune] INFO: DUNE-fem backend registered
2026-09-01 03:22:09,428 [oasis.registry] INFO: Registered backend: FEBio (febio)
2026-09-01 03:22:09,431 [oasis.registry] INFO: Registered backend: NGSolve (ngsolve)
2026-09-01 03:22:09,431 [oasis.ngsolve] INFO: NGSolve backend registered
2026-09-01 03:22:09,431 [oasis.registry] INFO: Registered backend: SPARTA (DSMC) (sparta)
2026-09-01 03:22:09,431 [oasis.sparta] INFO: SPARTA (DSMC) backend registered
2026-09-01 03:22:09,431 [oasis.registry] INFO: Registered backend: SPARTA (DSMC) (sparta)
2026-09-01 03:22:09,431 [oasis] INFO: Starting OASiS MCP server
2026-09-01 03:22:09,431 [oasis.sparta] INFO: SPARTA (DSMC) backend registered
2026-09-01 03:22:09,431 [oasis] INFO: Starting OASiS MCP server
2026-09-01 03:22:09,433 [oasis.registry] INFO: Registered backend: scikit-fem (skfem)
2026-09-01 03:22:09,434 [oasis.skfem] INFO: scikit-fem backend registered
2026-09-01 03:22:09,438 [oasis.registry] INFO: Registered backend: Kratos Multiphysics (kratos)
2026-09-01 03:22:09,438 [oasis.kratos] INFO: Kratos Multiphysics backend registered
2026-09-01 03:22:09,440 [mcp.server.lowlevel.server] INFO: Processing request of type CallToolRequest
2026-09-01 03:22:09,441 [oasis.registry] INFO: Registered backend: DUNE-fem (dune)
2026-09-01 03:22:09,441 [oasis.dune] INFO: DUNE-fem backend registered
2026-09-01 03:22:09,442 [mcp.server.lowlevel.server] INFO: Processing request of type CallToolRequest
2026-09-01 03:22:09,447 [oasis.registry] INFO: Registered backend: SPARTA (DSMC) (sparta)
2026-09-01 03:22:09,448 [oasis.sparta] INFO: SPARTA (DSMC) backend registered
2026-09-01 03:22:09,448 [oasis] INFO: Starting OASiS MCP server
2026-09-01 03:22:09,457 [mcp.server.lowlevel.server] INFO: Processing request of type CallToolRequest
2026-09-01 03:22:11,357 [oasis.registry] INFO: Loaded discovered config: 5 backends
2026-09-01 03:22:11,361 [oasis.registry] INFO: Registered backend: 4C Multiphysics (fourc)
2026-09-01 03:22:11,362 [oasis.registry] INFO: Registered backend: FEniCSx (dolfinx) (fenics)
2026-09-01 03:22:11,363 [oasis.registry] INFO: Registered backend: deal.II (dealii)
2026-09-01 03:22:11,368 [oasis.registry] INFO: Registered backend: FEBio (febio)
2026-09-01 03:22:11,372 [oasis.registry] INFO: Registered backend: NGSolve (ngsolve)
2026-09-01 03:22:11,372 [oasis.ngsolve] INFO: NGSolve backend registered
2026-09-01 03:22:11,377 [oasis.registry] INFO: Registered backend: scikit-fem (skfem)
2026-09-01 03:22:11,377 [oasis.skfem] INFO: scikit-fem backend registered
2026-09-01 03:22:11,384 [oasis.registry] INFO: Registered backend: Kratos Multiphysics (kratos)
2026-09-01 03:22:11,384 [oasis.kratos] INFO: Kratos Multiphysics backend registered
2026-09-01 03:22:11,388 [oasis.registry] INFO: Registered backend: DUNE-fem (dune)
2026-09-01 03:22:11,389 [oasis.dune] INFO: DUNE-fem backend registered
2026-09-01 03:22:11,397 [oasis.registry] INFO: Registered backend: SPARTA (DSMC) (sparta)
2026-09-01 03:22:11,397 [oasis.sparta] INFO: SPARTA (DSMC) backend registered
2026-09-01 03:22:11,397 [oasis] INFO: Starting OASiS MCP server
2026-09-01 03:22:11,434 [mcp.server.lowlevel.server] INFO: Processing request of type CallToolRequest
2026-09-01 03:22:11,536 [oasis.registry] INFO: Loaded discovered config: 5 backends
2026-09-01 03:22:11,539 [oasis.registry] INFO: Registered backend: 4C Multiphysics (fourc)
2026-09-01 03:22:11,540 [oasis.registry] INFO: Registered backend: FEniCSx (dolfinx) (fenics)
2026-09-01 03:22:11,541 [oasis.registry] INFO: Registered backend: deal.II (dealii)
2026-09-01 03:22:11,545 [oasis.registry] INFO: Registered backend: FEBio (febio)
2026-09-01 03:22:11,548 [oasis.registry] INFO: Registered backend: NGSolve (ngsolve)
2026-09-01 03:22:11,548 [oasis.ngsolve] INFO: NGSolve backend registered
2026-09-01 03:22:11,552 [oasis.registry] INFO: Registered backend: scikit-fem (skfem)
2026-09-01 03:22:11,552 [oasis.skfem] INFO: scikit-fem backend registered
2026-09-01 03:22:11,557 [oasis.registry] INFO: Registered backend: Kratos Multiphysics (kratos)
2026-09-01 03:22:11,557 [oasis.kratos] INFO: Kratos Multiphysics backend registered
2026-09-01 03:22:11,560 [oasis.registry] INFO: Registered backend: DUNE-fem (dune)
2026-09-01 03:22:11,560 [oasis.dune] INFO: DUNE-fem backend registered
2026-09-01 03:22:11,567 [oasis.registry] INFO: Registered backend: SPARTA (DSMC) (sparta)
2026-09-01 03:22:11,567 [oasis.sparta] INFO: SPARTA (DSMC) backend registered
2026-09-01 03:22:11,568 [oasis] INFO: Starting OASiS MCP server
2026-09-01 03:22:11,578 [mcp.server.lowlevel.server] INFO: Processing request of type CallToolRequest
2026-09-01 03:22:12,274 [oasis.registry] INFO: Loaded discovered config: 5 backends
2026-09-01 03:22:12,278 [oasis.registry] INFO: Registered backend: 4C Multiphysics (fourc)
2026-09-01 03:22:12,279 [oasis.registry] INFO: Registered backend: FEniCSx (dolfinx) (fenics)
2026-09-01 03:22:12,280 [oasis.registry] INFO: Registered backend: deal.II (dealii)
2026-09-01 03:22:12,285 [oasis.registry] INFO: Registered backend: FEBio (febio)
2026-09-01 03:22:12,290 [oasis.registry] INFO: Registered backend: NGSolve (ngsolve)
2026-09-01 03:22:12,290 [oasis.ngsolve] INFO: NGSolve backend registered
2026-09-01 03:22:12,294 [oasis.registry] INFO: Registered backend: scikit-fem (skfem)
2026-09-01 03:22:12,294 [oasis.skfem] INFO: scikit-fem backend registered
2026-09-01 03:22:12,301 [oasis.registry] INFO: Registered backend: Kratos Multiphysics (kratos)
2026-09-01 03:22:12,301 [oasis.kratos] INFO: Kratos Multiphysics backend registered
2026-09-01 03:22:12,305 [oasis.registry] INFO: Registered backend: DUNE-fem (dune)
2026-09-01 03:22:12,305 [oasis.dune] INFO: DUNE-fem backend registered
2026-09-01 03:22:12,314 [oasis.registry] INFO: Registered backend: SPARTA (DSMC) (sparta)
2026-09-01 03:22:12,314 [oasis.sparta] INFO: SPARTA (DSMC) backend registered
2026-09-01 03:22:12,314 [oasis] INFO: Starting OASiS MCP server
2026-09-01 03:22:12,315 [oasis.registry] INFO: Loaded discovered config: 5 backends
2026-09-01 03:22:12,319 [oasis.registry] INFO: Registered backend: 4C Multiphysics (fourc)
2026-09-01 03:22:12,320 [oasis.registry] INFO: Registered backend: FEniCSx (dolfinx) (fenics)
2026-09-01 03:22:12,321 [oasis.registry] INFO: Registered backend: deal.II (dealii)
2026-09-01 03:22:12,326 [oasis.registry] INFO: Registered backend: FEBio (febio)
2026-09-01 03:22:12,330 [oasis.registry] INFO: Registered backend: NGSolve (ngsolve)
2026-09-01 03:22:12,330 [oasis.ngsolve] INFO: NGSolve backend registered
2026-09-01 03:22:12,331 [oasis.registry] INFO: Loaded discovered config: 5 backends
2026-09-01 03:22:12,335 [oasis.registry] INFO: Registered backend: scikit-fem (skfem)
2026-09-01 03:22:12,335 [oasis.skfem] INFO: scikit-fem backend registered
2026-09-01 03:22:12,335 [oasis.registry] INFO: Registered backend: 4C Multiphysics (fourc)
2026-09-01 03:22:12,336 [oasis.registry] INFO: Registered backend: FEniCSx (dolfinx) (fenics)
2026-09-01 03:22:12,337 [oasis.registry] INFO: Registered backend: deal.II (dealii)
2026-09-01 03:22:12,337 [mcp.server.lowlevel.server] INFO: Processing request of type CallToolRequest
2026-09-01 03:22:12,340 [oasis.registry] INFO: Registered backend: Kratos Multiphysics (kratos)
2026-09-01 03:22:12,341 [oasis.kratos] INFO: Kratos Multiphysics backend registered
2026-09-01 03:22:12,342 [oasis.registry] INFO: Registered backend: FEBio (febio)
2026-09-01 03:22:12,345 [oasis.registry] INFO: Registered backend: DUNE-fem (dune)
2026-09-01 03:22:12,345 [oasis.dune] INFO: DUNE-fem backend registered
2026-09-01 03:22:12,346 [oasis.registry] INFO: Registered backend: NGSolve (ngsolve)
2026-09-01 03:22:12,346 [oasis.ngsolve] INFO: NGSolve backend registered
2026-09-01 03:22:12,350 [oasis.registry] INFO: Registered backend: scikit-fem (skfem)
2026-09-01 03:22:12,350 [oasis.skfem] INFO: scikit-fem backend registered
2026-09-01 03:22:12,354 [oasis.registry] INFO: Registered backend: SPARTA (DSMC) (sparta)
2026-09-01 03:22:12,354 [oasis.sparta] INFO: SPARTA (DSMC) backend registered
2026-09-01 03:22:12,354 [oasis] INFO: Starting OASiS MCP server
2026-09-01 03:22:12,356 [oasis.registry] INFO: Registered backend: Kratos Multiphysics (kratos)
2026-09-01 03:22:12,357 [oasis.kratos] INFO: Kratos Multiphysics backend registered
2026-09-01 03:22:12,361 [oasis.registry] INFO: Registered backend: DUNE-fem (dune)
2026-09-01 03:22:12,361 [oasis.dune] INFO: DUNE-fem backend registered
2026-09-01 03:22:12,369 [oasis.registry] INFO: Registered backend: SPARTA (DSMC) (sparta)
2026-09-01 03:22:12,369 [oasis.sparta] INFO: SPARTA (DSMC) backend registered
2026-09-01 03:22:12,369 [oasis] INFO: Starting OASiS MCP server
2026-09-01 03:22:12,391 [mcp.server.lowlevel.server] INFO: Processing request of type CallToolRequest
2026-09-01 03:22:12,403 [mcp.server.lowlevel.server] INFO: Processing request of type CallToolRequest
2026-09-01 03:22:12,426 [mcp.server.lowlevel.server] INFO: Processing request of type ListToolsRequest
2026-09-01 03:22:12,435 [oasis] INFO: Session journal saved: /home/alexander/Schreibtisch/ofa-v2/data/sessions/session_7ded01cc-b365-44ca-b924-770cf6859ab0.json (1 events)
2026-09-01 03:22:13,413 [mcp.server.lowlevel.server] INFO: Processing request of type ListToolsRequest
2026-09-01 03:22:13,420 [oasis] INFO: Session journal saved: /home/alexander/Schreibtisch/ofa-v2/data/sessions/session_5bce8e1c-a962-483e-ad3e-b2e8487ed764.json (1 events)
2026-09-01 03:22:13,560 [mcp.server.lowlevel.server] INFO: Processing request of type ListToolsRequest
2026-09-01 03:22:13,569 [oasis] INFO: Session journal saved: /home/alexander/Schreibtisch/ofa-v2/data/sessions/session_de6577b0-bae0-4200-bb5e-62dcec3f236f.json (1 events)
2026-09-01 03:22:14,159 [mcp.server.lowlevel.server] INFO: Processing request of type ListToolsRequest
2026-09-01 03:22:14,167 [oasis] INFO: Session journal saved: /home/alexander/Schreibtisch/ofa-v2/data/sessions/session_55331359-0e30-4fa0-bdde-061de92088f3.json (1 events)
2026-09-01 03:22:14,491 [mcp.server.lowlevel.server] INFO: Processing request of type ListToolsRequest
2026-09-01 03:22:14,498 [oasis] INFO: Session journal saved: /home/alexander/Schreibtisch/ofa-v2/data/sessions/session_bf5a1409-0e3e-4cdd-9b94-fffc58b02e52.json (1 events)
2026-09-01 03:22:14,503 [mcp.server.lowlevel.server] INFO: Processing request of type ListToolsRequest
2026-09-01 03:22:14,513 [oasis] INFO: Session journal saved: /home/alexander/Schreibtisch/ofa-v2/data/sessions/session_06e1b245-f0b1-4189-9cc5-03a3c15a7e07.json (1 events)
2026-09-01 03:22:14,586 [mcp.server.lowlevel.server] INFO: Processing request of type ListToolsRequest
2026-09-01 03:22:14,594 [oasis] INFO: Session journal saved: /home/alexander/Schreibtisch/ofa-v2/data/sessions/session_fb354120-07da-461e-af3f-fde0a053eaa5.json (1 events)
2026-09-01 03:22:15,757 [mcp.server.lowlevel.server] INFO: Processing request of type ListToolsRequest
2026-09-01 03:22:15,765 [oasis] INFO: Session journal saved: /home/alexander/Schreibtisch/ofa-v2/data/sessions/session_cadd8434-bf95-4f9f-b740-8860c03cbb13.json (1 events)
2026-09-01 03:22:15,817 [mcp.server.lowlevel.server] INFO: Processing request of type ListToolsRequest
2026-09-01 03:22:15,831 [oasis] INFO: Session journal saved: /home/alexander/Schreibtisch/ofa-v2/data/sessions/session_7104b23b-277f-489d-8d49-e6c86b7780d0.json (1 events)
2026-09-01 03:22:15,890 [mcp.server.lowlevel.server] INFO: Processing request of type ListToolsRequest
2026-09-01 03:22:15,898 [mcp.server.lowlevel.server] INFO: Processing request of type ListToolsRequest
2026-09-01 03:22:15,899 [oasis] INFO: Session journal saved: /home/alexander/Schreibtisch/ofa-v2/data/sessions/session_0bc98595-10d5-41be-9b08-f685ff65dce6.json (1 events)
2026-09-01 03:22:15,906 [oasis] INFO: Session journal saved: /home/alexander/Schreibtisch/ofa-v2/data/sessions/session_143ee7a8-cbca-4cb3-9f11-4c38b22c7ea3.json (1 events)
2026-09-01 03:22:15,926 [mcp.server.lowlevel.server] INFO: Processing request of type ListToolsRequest
2026-09-01 03:22:15,934 [oasis] INFO: Session journal saved: /home/alexander/Schreibtisch/ofa-v2/data/sessions/session_7f1e7ee3-1266-4107-93fb-a9b0ef1a5b59.json (1 events)
2026-09-01 03:22:16,258 [mcp.server.lowlevel.server] INFO: Processing request of type ListToolsRequest
2026-09-01 03:22:16,265 [oasis] INFO: Session journal saved: /home/alexander/Schreibtisch/ofa-v2/data/sessions/session_9b627936-1b6f-4592-a724-f8ba274d84f3.json (1 events)
2026-09-01 03:22:16,677 [mcp.server.lowlevel.server] INFO: Processing request of type ListToolsRequest
2026-09-01 03:22:16,685 [oasis] INFO: Session journal saved: /home/alexander/Schreibtisch/ofa-v2/data/sessions/session_bfa87bd7-ace3-4215-aba2-22541c947ba6.json (1 events)
2026-09-01 03:22:17,795 [mcp.server.lowlevel.server] INFO: Processing request of type ListToolsRequest
2026-09-01 03:22:17,804 [oasis] INFO: Session journal saved: /home/alexander/Schreibtisch/ofa-v2/data/sessions/session_c4a4bdd7-8d02-491a-95d2-9e32eba77955.json (1 events)
/home/alexander/Schreibtisch/ofa-v2/langgraph_eval/agent.py:331: RuntimeWarning: This package (`duckduckgo_search`) has been renamed to `ddgs`! Use `pip install ddgs` instead.
  with DDGS() as ddgs:
/home/alexander/Schreibtisch/ofa-v2/langgraph_eval/agent.py:331: RuntimeWarning: This package (`duckduckgo_search`) has been renamed to `ddgs`! Use `pip install ddgs` instead.
  with DDGS() as ddgs:
2026-09-01 03:22:58,900 [oasis.registry] INFO: Loaded discovered config: 5 backends
2026-09-01 03:22:58,902 [oasis.registry] INFO: Registered backend: 4C Multiphysics (fourc)
2026-09-01 03:22:58,903 [oasis.registry] INFO: Registered backend: FEniCSx (dolfinx) (fenics)
2026-09-01 03:22:58,903 [oasis.registry] INFO: Registered backend: deal.II (dealii)
2026-09-01 03:22:58,907 [oasis.registry] INFO: Registered backend: FEBio (febio)
2026-09-01 03:22:58,910 [oasis.registry] INFO: Registered backend: NGSolve (ngsolve)
2026-09-01 03:22:58,910 [oasis.ngsolve] INFO: NGSolve backend registered
2026-09-01 03:22:58,914 [oasis.registry] INFO: Registered backend: scikit-fem (skfem)
2026-09-01 03:22:58,914 [oasis.skfem] INFO: scikit-fem backend registered
2026-09-01 03:22:58,918 [oasis.registry] INFO: Registered backend: Kratos Multiphysics (kratos)
2026-09-01 03:22:58,918 [oasis.kratos] INFO: Kratos Multiphysics backend registered
2026-09-01 03:22:58,921 [oasis.registry] INFO: Registered backend: DUNE-fem (dune)
2026-09-01 03:22:58,921 [oasis.dune] INFO: DUNE-fem backend registered
2026-09-01 03:22:58,922 [oasis.registry] INFO: Loaded discovered config: 5 backends
2026-09-01 03:22:58,924 [oasis.registry] INFO: Registered backend: 4C Multiphysics (fourc)
2026-09-01 03:22:58,924 [oasis.registry] INFO: Registered backend: FEniCSx (dolfinx) (fenics)
2026-09-01 03:22:58,925 [oasis.registry] INFO: Registered backend: deal.II (dealii)
2026-09-01 03:22:58,926 [oasis.registry] INFO: Registered backend: SPARTA (DSMC) (sparta)
2026-09-01 03:22:58,926 [oasis.sparta] INFO: SPARTA (DSMC) backend registered
2026-09-01 03:22:58,926 [oasis] INFO: Starting OASiS MCP server
2026-09-01 03:22:58,928 [oasis.registry] INFO: Registered backend: FEBio (febio)
2026-09-01 03:22:58,930 [oasis.registry] INFO: Registered backend: NGSolve (ngsolve)
2026-09-01 03:22:58,930 [oasis.ngsolve] INFO: NGSolve backend registered
2026-09-01 03:22:58,933 [oasis.registry] INFO: Registered backend: scikit-fem (skfem)
2026-09-01 03:22:58,933 [oasis.skfem] INFO: scikit-fem backend registered
2026-09-01 03:22:58,934 [mcp.server.lowlevel.server] INFO: Processing request of type CallToolRequest
2026-09-01 03:22:58,936 [oasis.registry] INFO: Registered backend: Kratos Multiphysics (kratos)
2026-09-01 03:22:58,936 [oasis.kratos] INFO: Kratos Multiphysics backend registered
2026-09-01 03:22:58,939 [oasis.registry] INFO: Registered backend: DUNE-fem (dune)
2026-09-01 03:22:58,939 [oasis.dune] INFO: DUNE-fem backend registered
2026-09-01 03:22:58,944 [oasis.registry] INFO: Registered backend: SPARTA (DSMC) (sparta)
2026-09-01 03:22:58,944 [oasis.sparta] INFO: SPARTA (DSMC) backend registered
2026-09-01 03:22:58,944 [oasis] INFO: Starting OASiS MCP server
2026-09-01 03:22:58,947 [mcp.server.lowlevel.server] INFO: Processing request of type ListToolsRequest
2026-09-01 03:22:58,953 [mcp.server.lowlevel.server] INFO: Processing request of type CallToolRequest
2026-09-01 03:22:58,955 [oasis] INFO: Session journal saved: /home/alexander/Schreibtisch/ofa-v2/data/sessions/session_dc96fd45-4540-4f4c-a67d-9eb07fa8d427.json (1 events)
2026-09-01 03:22:58,968 [mcp.server.lowlevel.server] INFO: Processing request of type ListToolsRequest
2026-09-01 03:22:58,974 [oasis] INFO: Session journal saved: /home/alexander/Schreibtisch/ofa-v2/data/sessions/session_b365970b-a582-4513-a433-1303072d83a2.json (1 events)
/home/alexander/Schreibtisch/ofa-v2/langgraph_eval/agent.py:331: RuntimeWarning: This package (`duckduckgo_search`) has been renamed to `ddgs`! Use `pip install ddgs` instead.
  with DDGS() as ddgs:
/home/alexander/Schreibtisch/ofa-v2/langgraph_eval/agent.py:331: RuntimeWarning: This package (`duckduckgo_search`) has been renamed to `ddgs`! Use `pip install ddgs` instead.
  with DDGS() as ddgs:
/home/alexander/Schreibtisch/ofa-v2/langgraph_eval/agent.py:331: RuntimeWarning: This package (`duckduckgo_search`) has been renamed to `ddgs`! Use `pip install ddgs` instead.
  with DDGS() as ddgs:
/home/alexander/Schreibtisch/ofa-v2/langgraph_eval/agent.py:331: RuntimeWarning: This package (`duckduckgo_search`) has been renamed to `ddgs`! Use `pip install ddgs` instead.
  with DDGS() as ddgs:
/home/alexander/Schreibtisch/ofa-v2/langgraph_eval/agent.py:331: RuntimeWarning: This package (`duckduckgo_search`) has been renamed to `ddgs`! Use `pip install ddgs` instead.
  with DDGS() as ddgs:
/home/alexander/Schreibtisch/ofa-v2/langgraph_eval/agent.py:331: RuntimeWarning: This package (`duckduckgo_search`) has been renamed to `ddgs`! Use `pip install ddgs` instead.
  with DDGS() as ddgs:
2026-09-01 03:23:02,668 [oasis.registry] INFO: Loaded discovered config: 5 backends
2026-09-01 03:23:02,671 [oasis.registry] INFO: Registered backend: 4C Multiphysics (fourc)
2026-09-01 03:23:02,672 [oasis.registry] INFO: Registered backend: FEniCSx (dolfinx) (fenics)
2026-09-01 03:23:02,673 [oasis.registry] INFO: Registered backend: deal.II (dealii)
2026-09-01 03:23:02,674 [oasis.registry] INFO: Loaded discovered config: 5 backends
2026-09-01 03:23:02,676 [oasis.registry] INFO: Registered backend: 4C Multiphysics (fourc)
2026-09-01 03:23:02,677 [oasis.registry] INFO: Registered backend: FEBio (febio)
2026-09-01 03:23:02,677 [oasis.registry] INFO: Registered backend: FEniCSx (dolfinx) (fenics)
2026-09-01 03:23:02,678 [oasis.registry] INFO: Registered backend: deal.II (dealii)
2026-09-01 03:23:02,680 [oasis.registry] INFO: Registered backend: NGSolve (ngsolve)
2026-09-01 03:23:02,680 [oasis.ngsolve] INFO: NGSolve backend registered
2026-09-01 03:23:02,682 [oasis.registry] INFO: Registered backend: FEBio (febio)
2026-09-01 03:23:02,684 [oasis.registry] INFO: Registered backend: scikit-fem (skfem)
2026-09-01 03:23:02,684 [oasis.skfem] INFO: scikit-fem backend registered
2026-09-01 03:23:02,685 [oasis.registry] INFO: Registered backend: NGSolve (ngsolve)
2026-09-01 03:23:02,685 [oasis.ngsolve] INFO: NGSolve backend registered
2026-09-01 03:23:02,687 [oasis.registry] INFO: Registered backend: scikit-fem (skfem)
2026-09-01 03:23:02,687 [oasis.skfem] INFO: scikit-fem backend registered
2026-09-01 03:23:02,688 [oasis.registry] INFO: Registered backend: Kratos Multiphysics (kratos)
2026-09-01 03:23:02,688 [oasis.kratos] INFO: Kratos Multiphysics backend registered
2026-09-01 03:23:02,691 [oasis.registry] INFO: Registered backend: Kratos Multiphysics (kratos)
2026-09-01 03:23:02,691 [oasis.registry] INFO: Registered backend: DUNE-fem (dune)
2026-09-01 03:23:02,691 [oasis.kratos] INFO: Kratos Multiphysics backend registered
2026-09-01 03:23:02,691 [oasis.dune] INFO: DUNE-fem backend registered
2026-09-01 03:23:02,694 [oasis.registry] INFO: Registered backend: DUNE-fem (dune)
2026-09-01 03:23:02,694 [oasis.dune] INFO: DUNE-fem backend registered
2026-09-01 03:23:02,694 [oasis.registry] INFO: Loaded discovered config: 5 backends
2026-09-01 03:23:02,696 [oasis.registry] INFO: Registered backend: 4C Multiphysics (fourc)
2026-09-01 03:23:02,697 [oasis.registry] INFO: Registered backend: FEniCSx (dolfinx) (fenics)
2026-09-01 03:23:02,698 [oasis.registry] INFO: Registered backend: deal.II (dealii)
2026-09-01 03:23:02,698 [oasis.registry] INFO: Registered backend: SPARTA (DSMC) (sparta)
2026-09-01 03:23:02,698 [oasis.sparta] INFO: SPARTA (DSMC) backend registered
2026-09-01 03:23:02,698 [oasis] INFO: Starting OASiS MCP server
2026-09-01 03:23:02,699 [oasis.registry] INFO: Registered backend: SPARTA (DSMC) (sparta)
2026-09-01 03:23:02,699 [oasis.sparta] INFO: SPARTA (DSMC) backend registered
2026-09-01 03:23:02,699 [oasis] INFO: Starting OASiS MCP server
2026-09-01 03:23:02,702 [oasis.registry] INFO: Registered backend: FEBio (febio)
2026-09-01 03:23:02,705 [oasis.registry] INFO: Registered backend: NGSolve (ngsolve)
2026-09-01 03:23:02,705 [oasis.ngsolve] INFO: NGSolve backend registered
2026-09-01 03:23:02,707 [mcp.server.lowlevel.server] INFO: Processing request of type CallToolRequest
2026-09-01 03:23:02,707 [mcp.server.lowlevel.server] INFO: Processing request of type CallToolRequest
2026-09-01 03:23:02,708 [oasis.registry] INFO: Registered backend: scikit-fem (skfem)
2026-09-01 03:23:02,708 [oasis.skfem] INFO: scikit-fem backend registered
2026-09-01 03:23:02,712 [oasis.registry] INFO: Registered backend: Kratos Multiphysics (kratos)
2026-09-01 03:23:02,712 [oasis.kratos] INFO: Kratos Multiphysics backend registered
2026-09-01 03:23:02,715 [oasis.registry] INFO: Registered backend: DUNE-fem (dune)
2026-09-01 03:23:02,715 [oasis.dune] INFO: DUNE-fem backend registered
2026-09-01 03:23:02,717 [oasis.registry] INFO: Loaded discovered config: 5 backends
2026-09-01 03:23:02,719 [mcp.server.lowlevel.server] INFO: Processing request of type ListToolsRequest
2026-09-01 03:23:02,720 [oasis.registry] INFO: Registered backend: SPARTA (DSMC) (sparta)
2026-09-01 03:23:02,720 [oasis.sparta] INFO: SPARTA (DSMC) backend registered
2026-09-01 03:23:02,720 [oasis] INFO: Starting OASiS MCP server
2026-09-01 03:23:02,720 [oasis.registry] INFO: Registered backend: 4C Multiphysics (fourc)
2026-09-01 03:23:02,721 [oasis.registry] INFO: Registered backend: FEniCSx (dolfinx) (fenics)
2026-09-01 03:23:02,722 [oasis.registry] INFO: Registered backend: deal.II (dealii)
2026-09-01 03:23:02,724 [oasis.registry] INFO: Loaded discovered config: 5 backends
2026-09-01 03:23:02,726 [oasis.registry] INFO: Registered backend: FEBio (febio)
2026-09-01 03:23:02,726 [mcp.server.lowlevel.server] INFO: Processing request of type ListToolsRequest
2026-09-01 03:23:02,726 [oasis.registry] INFO: Registered backend: 4C Multiphysics (fourc)
2026-09-01 03:23:02,727 [oasis.registry] INFO: Registered backend: FEniCSx (dolfinx) (fenics)
2026-09-01 03:23:02,727 [oasis] INFO: Session journal saved: /home/alexander/Schreibtisch/ofa-v2/data/sessions/session_19afdc87-d8ef-441d-bf2f-52e20676bd93.json (1 events)
2026-09-01 03:23:02,727 [oasis.registry] INFO: Registered backend: deal.II (dealii)
2026-09-01 03:23:02,728 [oasis.registry] INFO: Registered backend: NGSolve (ngsolve)
2026-09-01 03:23:02,728 [oasis.ngsolve] INFO: NGSolve backend registered
2026-09-01 03:23:02,729 [mcp.server.lowlevel.server] INFO: Processing request of type CallToolRequest
2026-09-01 03:23:02,731 [oasis.registry] INFO: Registered backend: FEBio (febio)
2026-09-01 03:23:02,731 [oasis.registry] INFO: Registered backend: scikit-fem (skfem)
2026-09-01 03:23:02,731 [oasis.skfem] INFO: scikit-fem backend registered
2026-09-01 03:23:02,733 [oasis.registry] INFO: Registered backend: NGSolve (ngsolve)
2026-09-01 03:23:02,733 [oasis.ngsolve] INFO: NGSolve backend registered
2026-09-01 03:23:02,735 [oasis.registry] INFO: Registered backend: Kratos Multiphysics (kratos)
2026-09-01 03:23:02,735 [oasis.kratos] INFO: Kratos Multiphysics backend registered
2026-09-01 03:23:02,735 [oasis] INFO: Session journal saved: /home/alexander/Schreibtisch/ofa-v2/data/sessions/session_716ae046-3fd0-47fc-8694-97115cd1a0f8.json (1 events)
2026-09-01 03:23:02,736 [oasis.registry] INFO: Registered backend: scikit-fem (skfem)
2026-09-01 03:23:02,736 [oasis.skfem] INFO: scikit-fem backend registered
2026-09-01 03:23:02,737 [oasis.registry] INFO: Registered backend: DUNE-fem (dune)
2026-09-01 03:23:02,738 [oasis.dune] INFO: DUNE-fem backend registered
2026-09-01 03:23:02,740 [oasis.registry] INFO: Registered backend: Kratos Multiphysics (kratos)
2026-09-01 03:23:02,740 [oasis.kratos] INFO: Kratos Multiphysics backend registered
2026-09-01 03:23:02,740 [oasis.registry] INFO: Loaded discovered config: 5 backends
2026-09-01 03:23:02,742 [oasis.registry] INFO: Registered backend: DUNE-fem (dune)
2026-09-01 03:23:02,742 [oasis.dune] INFO: DUNE-fem backend registered
2026-09-01 03:23:02,742 [oasis.registry] INFO: Registered backend: 4C Multiphysics (fourc)
2026-09-01 03:23:02,743 [oasis.registry] INFO: Registered backend: SPARTA (DSMC) (sparta)
2026-09-01 03:23:02,743 [oasis.sparta] INFO: SPARTA (DSMC) backend registered
2026-09-01 03:23:02,743 [oasis] INFO: Starting OASiS MCP server
2026-09-01 03:23:02,743 [oasis.registry] INFO: Registered backend: FEniCSx (dolfinx) (fenics)
2026-09-01 03:23:02,743 [oasis.registry] INFO: Registered backend: deal.II (dealii)
2026-09-01 03:23:02,746 [oasis.registry] INFO: Registered backend: FEBio (febio)
2026-09-01 03:23:02,747 [oasis.registry] INFO: Registered backend: SPARTA (DSMC) (sparta)
2026-09-01 03:23:02,747 [oasis.sparta] INFO: SPARTA (DSMC) backend registered
2026-09-01 03:23:02,747 [oasis] INFO: Starting OASiS MCP server
2026-09-01 03:23:02,749 [oasis.registry] INFO: Registered backend: NGSolve (ngsolve)
2026-09-01 03:23:02,749 [oasis.ngsolve] INFO: NGSolve backend registered
2026-09-01 03:23:02,751 [mcp.server.lowlevel.server] INFO: Processing request of type CallToolRequest
2026-09-01 03:23:02,752 [oasis.registry] INFO: Registered backend: scikit-fem (skfem)
2026-09-01 03:23:02,752 [oasis.skfem] INFO: scikit-fem backend registered
2026-09-01 03:23:02,755 [oasis.registry] INFO: Registered backend: Kratos Multiphysics (kratos)
2026-09-01 03:23:02,756 [oasis.kratos] INFO: Kratos Multiphysics backend registered
2026-09-01 03:23:02,756 [mcp.server.lowlevel.server] INFO: Processing request of type CallToolRequest
2026-09-01 03:23:02,758 [oasis.registry] INFO: Registered backend: DUNE-fem (dune)
2026-09-01 03:23:02,758 [oasis.dune] INFO: DUNE-fem backend registered
2026-09-01 03:23:02,763 [oasis.registry] INFO: Registered backend: SPARTA (DSMC) (sparta)
2026-09-01 03:23:02,764 [oasis.sparta] INFO: SPARTA (DSMC) backend registered
2026-09-01 03:23:02,764 [oasis] INFO: Starting OASiS MCP server
2026-09-01 03:23:02,772 [mcp.server.lowlevel.server] INFO: Processing request of type ListToolsRequest
2026-09-01 03:23:02,773 [mcp.server.lowlevel.server] INFO: Processing request of type CallToolRequest
2026-09-01 03:23:02,782 [oasis] INFO: Session journal saved: /home/alexander/Schreibtisch/ofa-v2/data/sessions/session_6a8aee64-d177-4fe1-9b49-3719ebf5a6c4.json (1 events)
2026-09-01 03:23:02,790 [mcp.server.lowlevel.server] INFO: Processing request of type ListToolsRequest
2026-09-01 03:23:02,797 [oasis] INFO: Session journal saved: /home/alexander/Schreibtisch/ofa-v2/data/sessions/session_9ddab05d-3d0b-4143-b295-98f697cd773c.json (1 events)
/home/alexander/Schreibtisch/ofa-v2/langgraph_eval/agent.py:331: RuntimeWarning: This package (`duckduckgo_search`) has been renamed to `ddgs`! Use `pip install ddgs` instead.
  with DDGS() as ddgs:
/home/alexander/Schreibtisch/ofa-v2/langgraph_eval/agent.py:331: RuntimeWarning: This package (`duckduckgo_search`) has been renamed to `ddgs`! Use `pip install ddgs` instead.
  with DDGS() as ddgs:
/home/alexander/Schreibtisch/ofa-v2/langgraph_eval/agent.py:331: RuntimeWarning: This package (`duckduckgo_search`) has been renamed to `ddgs`! Use `pip install ddgs` instead.
  with DDGS() as ddgs:
/home/alexander/Schreibtisch/ofa-v2/langgraph_eval/agent.py:331: RuntimeWarning: This package (`duckduckgo_search`) has been renamed to `ddgs`! Use `pip install ddgs` instead.
  with DDGS() as ddgs:
/home/alexander/Schreibtisch/ofa-v2/langgraph_eval/agent.py:331: RuntimeWarning: This package (`duckduckgo_search`) has been renamed to `ddgs`! Use `pip install ddgs` instead.
  with DDGS() as ddgs:
/home/alexander/Schreibtisch/ofa-v2/langgraph_eval/agent.py:331: RuntimeWarning: This package (`duckduckgo_search`) has been renamed to `ddgs`! Use `pip install ddgs` instead.
  with DDGS() as ddgs:
/home/alexander/Schreibtisch/ofa-v2/langgraph_eval/agent.py:331: RuntimeWarning: This package (`duckduckgo_search`) has been renamed to `ddgs`! Use `pip install ddgs` instead.
  with DDGS() as ddgs:
2026-09-01 03:23:05,327 [oasis.registry] INFO: Loaded discovered config: 5 backends
2026-09-01 03:23:05,329 [oasis.registry] INFO: Registered backend: 4C Multiphysics (fourc)
2026-09-01 03:23:05,330 [oasis.registry] INFO: Registered backend: FEniCSx (dolfinx) (fenics)
2026-09-01 03:23:05,330 [oasis.registry] INFO: Registered backend: deal.II (dealii)
2026-09-01 03:23:05,333 [oasis.registry] INFO: Registered backend: FEBio (febio)
2026-09-01 03:23:05,336 [oasis.registry] INFO: Registered backend: NGSolve (ngsolve)
2026-09-01 03:23:05,336 [oasis.ngsolve] INFO: NGSolve backend registered
2026-09-01 03:23:05,339 [oasis.registry] INFO: Registered backend: scikit-fem (skfem)
2026-09-01 03:23:05,339 [oasis.skfem] INFO: scikit-fem backend registered
2026-09-01 03:23:05,343 [oasis.registry] INFO: Registered backend: Kratos Multiphysics (kratos)
2026-09-01 03:23:05,343 [oasis.kratos] INFO: Kratos Multiphysics backend registered
2026-09-01 03:23:05,345 [oasis.registry] INFO: Registered backend: DUNE-fem (dune)
2026-09-01 03:23:05,345 [oasis.dune] INFO: DUNE-fem backend registered
2026-09-01 03:23:05,350 [oasis.registry] INFO: Registered backend: SPARTA (DSMC) (sparta)
2026-09-01 03:23:05,350 [oasis.sparta] INFO: SPARTA (DSMC) backend registered
2026-09-01 03:23:05,351 [oasis] INFO: Starting OASiS MCP server
2026-09-01 03:23:05,358 [mcp.server.lowlevel.server] INFO: Processing request of type CallToolRequest
2026-09-01 03:23:05,373 [mcp.server.lowlevel.server] INFO: Processing request of type ListToolsRequest
2026-09-01 03:23:05,382 [oasis] INFO: Session journal saved: /home/alexander/Schreibtisch/ofa-v2/data/sessions/session_bf992a68-c7e4-4294-bb6f-246077ece420.json (1 events)
2026-09-01 03:23:06,078 [oasis.registry] INFO: Loaded discovered config: 5 backends
2026-09-01 03:23:06,080 [oasis.registry] INFO: Registered backend: 4C Multiphysics (fourc)
2026-09-01 03:23:06,081 [oasis.registry] INFO: Registered backend: FEniCSx (dolfinx) (fenics)
2026-09-01 03:23:06,081 [oasis.registry] INFO: Registered backend: deal.II (dealii)
2026-09-01 03:23:06,084 [oasis.registry] INFO: Registered backend: FEBio (febio)
2026-09-01 03:23:06,087 [oasis.registry] INFO: Registered backend: NGSolve (ngsolve)
2026-09-01 03:23:06,087 [oasis.ngsolve] INFO: NGSolve backend registered
2026-09-01 03:23:06,089 [oasis.registry] INFO: Registered backend: scikit-fem (skfem)
2026-09-01 03:23:06,089 [oasis.skfem] INFO: scikit-fem backend registered
2026-09-01 03:23:06,093 [oasis.registry] INFO: Registered backend: Kratos Multiphysics (kratos)
2026-09-01 03:23:06,093 [oasis.kratos] INFO: Kratos Multiphysics backend registered
2026-09-01 03:23:06,095 [oasis.registry] INFO: Registered backend: DUNE-fem (dune)
2026-09-01 03:23:06,095 [oasis.dune] INFO: DUNE-fem backend registered
2026-09-01 03:23:06,100 [oasis.registry] INFO: Registered backend: SPARTA (DSMC) (sparta)
2026-09-01 03:23:06,100 [oasis.sparta] INFO: SPARTA (DSMC) backend registered
2026-09-01 03:23:06,100 [oasis] INFO: Starting OASiS MCP server
2026-09-01 03:23:06,108 [mcp.server.lowlevel.server] INFO: Processing request of type CallToolRequest
2026-09-01 03:23:06,123 [mcp.server.lowlevel.server] INFO: Processing request of type ListToolsRequest
2026-09-01 03:23:06,130 [oasis] INFO: Session journal saved: /home/alexander/Schreibtisch/ofa-v2/data/sessions/session_c469abdb-08a7-4f11-a81c-5dd5577d91fc.json (1 events)
2026-09-01 03:23:06,243 [mcp.server.lowlevel.server] INFO: Processing request of type ListToolsRequest
2026-09-01 03:23:06,661 [mcp.server.lowlevel.server] INFO: Processing request of type ListToolsRequest
2026-09-01 03:23:06,668 [oasis] INFO: Session journal saved: /home/alexander/Schreibtisch/ofa-v2/data/sessions/session_f47c7c91-e103-4f38-b151-a9704ecc9b99.json (1 events)
2026-09-01 03:23:09,816 [oasis.registry] INFO: Loaded discovered config: 5 backends
2026-09-01 03:23:09,818 [oasis.registry] INFO: Registered backend: 4C Multiphysics (fourc)
2026-09-01 03:23:09,818 [oasis.registry] INFO: Registered backend: FEniCSx (dolfinx) (fenics)
2026-09-01 03:23:09,819 [oasis.registry] INFO: Registered backend: deal.II (dealii)
2026-09-01 03:23:09,822 [oasis.registry] INFO: Registered backend: FEBio (febio)
2026-09-01 03:23:09,825 [oasis.registry] INFO: Registered backend: NGSolve (ngsolve)
2026-09-01 03:23:09,825 [oasis.ngsolve] INFO: NGSolve backend registered
2026-09-01 03:23:09,827 [oasis.registry] INFO: Registered backend: scikit-fem (skfem)
2026-09-01 03:23:09,827 [oasis.skfem] INFO: scikit-fem backend registered
2026-09-01 03:23:09,831 [oasis.registry] INFO: Registered backend: Kratos Multiphysics (kratos)
2026-09-01 03:23:09,831 [oasis.kratos] INFO: Kratos Multiphysics backend registered
2026-09-01 03:23:09,833 [oasis.registry] INFO: Registered backend: DUNE-fem (dune)
2026-09-01 03:23:09,833 [oasis.dune] INFO: DUNE-fem backend registered
2026-09-01 03:23:09,838 [oasis.registry] INFO: Registered backend: SPARTA (DSMC) (sparta)
2026-09-01 03:23:09,838 [oasis.sparta] INFO: SPARTA (DSMC) backend registered
2026-09-01 03:23:09,838 [oasis] INFO: Starting OASiS MCP server
2026-09-01 03:23:09,846 [mcp.server.lowlevel.server] INFO: Processing request of type CallToolRequest
2026-09-01 03:23:09,876 [mcp.server.lowlevel.server] INFO: Processing request of type ListToolsRequest
2026-09-01 03:23:09,885 [oasis] INFO: Session journal saved: /home/alexander/Schreibtisch/ofa-v2/data/sessions/session_35b17588-f7d6-4b84-b4fa-5d33b278a4b7.json (1 events)
2026-09-01 03:23:12,780 [oasis.registry] INFO: Loaded discovered config: 5 backends
2026-09-01 03:23:12,782 [oasis.registry] INFO: Registered backend: 4C Multiphysics (fourc)
2026-09-01 03:23:12,782 [oasis.registry] INFO: Loaded discovered config: 5 backends
2026-09-01 03:23:12,782 [oasis.registry] INFO: Loaded discovered config: 5 backends
2026-09-01 03:23:12,783 [oasis.registry] INFO: Registered backend: FEniCSx (dolfinx) (fenics)
2026-09-01 03:23:12,783 [oasis.registry] INFO: Registered backend: deal.II (dealii)
2026-09-01 03:23:12,784 [oasis.registry] INFO: Registered backend: 4C Multiphysics (fourc)
2026-09-01 03:23:12,785 [oasis.registry] INFO: Registered backend: 4C Multiphysics (fourc)
2026-09-01 03:23:12,785 [oasis.registry] INFO: Registered backend: FEniCSx (dolfinx) (fenics)
2026-09-01 03:23:12,785 [oasis.registry] INFO: Registered backend: FEniCSx (dolfinx) (fenics)
2026-09-01 03:23:12,785 [oasis.registry] INFO: Registered backend: deal.II (dealii)
2026-09-01 03:23:12,786 [oasis.registry] INFO: Registered backend: deal.II (dealii)
2026-09-01 03:23:12,786 [oasis.registry] INFO: Registered backend: FEBio (febio)
2026-09-01 03:23:12,788 [oasis.registry] INFO: Registered backend: FEBio (febio)
2026-09-01 03:23:12,789 [oasis.registry] INFO: Registered backend: FEBio (febio)
2026-09-01 03:23:12,789 [oasis.registry] INFO: Registered backend: NGSolve (ngsolve)
2026-09-01 03:23:12,789 [oasis.ngsolve] INFO: NGSolve backend registered
2026-09-01 03:23:12,791 [oasis.registry] INFO: Registered backend: NGSolve (ngsolve)
2026-09-01 03:23:12,791 [oasis.ngsolve] INFO: NGSolve backend registered
2026-09-01 03:23:12,791 [oasis.registry] INFO: Registered backend: NGSolve (ngsolve)
2026-09-01 03:23:12,791 [oasis.ngsolve] INFO: NGSolve backend registered
2026-09-01 03:23:12,791 [oasis.registry] INFO: Registered backend: scikit-fem (skfem)
2026-09-01 03:23:12,791 [oasis.skfem] INFO: scikit-fem backend registered
2026-09-01 03:23:12,794 [oasis.registry] INFO: Registered backend: scikit-fem (skfem)
2026-09-01 03:23:12,794 [oasis.skfem] INFO: scikit-fem backend registered
2026-09-01 03:23:12,794 [oasis.registry] INFO: Registered backend: scikit-fem (skfem)
2026-09-01 03:23:12,794 [oasis.skfem] INFO: scikit-fem backend registered
2026-09-01 03:23:12,795 [oasis.registry] INFO: Registered backend: Kratos Multiphysics (kratos)
2026-09-01 03:23:12,795 [oasis.kratos] INFO: Kratos Multiphysics backend registered
2026-09-01 03:23:12,797 [oasis.registry] INFO: Loaded discovered config: 5 backends
2026-09-01 03:23:12,797 [oasis.registry] INFO: Registered backend: Kratos Multiphysics (kratos)
2026-09-01 03:23:12,797 [oasis.kratos] INFO: Kratos Multiphysics backend registered
2026-09-01 03:23:12,798 [oasis.registry] INFO: Registered backend: Kratos Multiphysics (kratos)
2026-09-01 03:23:12,798 [oasis.registry] INFO: Registered backend: DUNE-fem (dune)
2026-09-01 03:23:12,798 [oasis.kratos] INFO: Kratos Multiphysics backend registered
2026-09-01 03:23:12,798 [oasis.dune] INFO: DUNE-fem backend registered
2026-09-01 03:23:12,799 [oasis.registry] INFO: Registered backend: 4C Multiphysics (fourc)
2026-09-01 03:23:12,800 [oasis.registry] INFO: Registered backend: FEniCSx (dolfinx) (fenics)
2026-09-01 03:23:12,800 [oasis.registry] INFO: Registered backend: DUNE-fem (dune)
2026-09-01 03:23:12,800 [oasis.dune] INFO: DUNE-fem backend registered
2026-09-01 03:23:12,800 [oasis.registry] INFO: Registered backend: DUNE-fem (dune)
2026-09-01 03:23:12,800 [oasis.dune] INFO: DUNE-fem backend registered
2026-09-01 03:23:12,800 [oasis.registry] INFO: Registered backend: deal.II (dealii)
2026-09-01 03:23:12,803 [oasis.registry] INFO: Registered backend: SPARTA (DSMC) (sparta)
2026-09-01 03:23:12,803 [oasis.sparta] INFO: SPARTA (DSMC) backend registered
2026-09-01 03:23:12,803 [oasis] INFO: Starting OASiS MCP server
2026-09-01 03:23:12,803 [oasis.registry] INFO: Registered backend: FEBio (febio)
2026-09-01 03:23:12,805 [oasis.registry] INFO: Registered backend: SPARTA (DSMC) (sparta)
2026-09-01 03:23:12,805 [oasis.sparta] INFO: SPARTA (DSMC) backend registered
2026-09-01 03:23:12,805 [oasis] INFO: Starting OASiS MCP server
2026-09-01 03:23:12,805 [oasis.registry] INFO: Registered backend: SPARTA (DSMC) (sparta)
2026-09-01 03:23:12,805 [oasis.sparta] INFO: SPARTA (DSMC) backend registered
2026-09-01 03:23:12,805 [oasis] INFO: Starting OASiS MCP server
2026-09-01 03:23:12,806 [oasis.registry] INFO: Registered backend: NGSolve (ngsolve)
2026-09-01 03:23:12,806 [oasis.ngsolve] INFO: NGSolve backend registered
2026-09-01 03:23:12,809 [oasis.registry] INFO: Registered backend: scikit-fem (skfem)
2026-09-01 03:23:12,809 [oasis.skfem] INFO: scikit-fem backend registered
2026-09-01 03:23:12,810 [mcp.server.lowlevel.server] INFO: Processing request of type CallToolRequest
2026-09-01 03:23:12,812 [mcp.server.lowlevel.server] INFO: Processing request of type CallToolRequest
2026-09-01 03:23:12,813 [oasis.registry] INFO: Registered backend: Kratos Multiphysics (kratos)
2026-09-01 03:23:12,813 [oasis.kratos] INFO: Kratos Multiphysics backend registered
2026-09-01 03:23:12,813 [mcp.server.lowlevel.server] INFO: Processing request of type CallToolRequest
2026-09-01 03:23:12,815 [oasis.registry] INFO: Registered backend: DUNE-fem (dune)
2026-09-01 03:23:12,815 [oasis.dune] INFO: DUNE-fem backend registered
2026-09-01 03:23:12,820 [mcp.server.lowlevel.server] INFO: Processing request of type ListToolsRequest
2026-09-01 03:23:12,821 [oasis.registry] INFO: Registered backend: SPARTA (DSMC) (sparta)
2026-09-01 03:23:12,821 [oasis.sparta] INFO: SPARTA (DSMC) backend registered
2026-09-01 03:23:12,821 [oasis] INFO: Starting OASiS MCP server
2026-09-01 03:23:12,827 [oasis] INFO: Session journal saved: /home/alexander/Schreibtisch/ofa-v2/data/sessions/session_a12a6cfe-9715-4bba-ac21-5be7840cbe26.json (1 events)
2026-09-01 03:23:12,829 [mcp.server.lowlevel.server] INFO: Processing request of type CallToolRequest
2026-09-01 03:23:12,836 [mcp.server.lowlevel.server] INFO: Processing request of type ListToolsRequest
2026-09-01 03:23:12,839 [mcp.server.lowlevel.server] INFO: Processing request of type ListToolsRequest
2026-09-01 03:23:12,841 [oasis] INFO: Session journal saved: /home/alexander/Schreibtisch/ofa-v2/data/sessions/session_373f66da-8e85-468c-b0e8-b1a3e33c51ac.json (1 events)
2026-09-01 03:23:12,845 [oasis] INFO: Session journal saved: /home/alexander/Schreibtisch/ofa-v2/data/sessions/session_86c1f7b1-d5dc-467c-a0ab-5ff414ce81b8.json (1 events)
2026-09-01 03:23:12,905 [mcp.server.lowlevel.server] INFO: Processing request of type ListToolsRequest
2026-09-01 03:23:12,912 [oasis] INFO: Session journal saved: /home/alexander/Schreibtisch/ofa-v2/data/sessions/session_e987e47b-ebcb-46c8-afe1-4f4a8bd3cb05.json (1 events)
2026-09-01 03:33:51,648 [oasis.registry] INFO: Loaded discovered config: 5 backends
2026-09-01 03:33:51,650 [oasis.registry] INFO: Registered backend: 4C Multiphysics (fourc)
2026-09-01 03:33:51,650 [oasis.registry] INFO: Registered backend: FEniCSx (dolfinx) (fenics)
2026-09-01 03:33:51,651 [oasis.registry] INFO: Registered backend: deal.II (dealii)
2026-09-01 03:33:51,654 [oasis.registry] INFO: Registered backend: FEBio (febio)
2026-09-01 03:33:51,657 [oasis.registry] INFO: Registered backend: NGSolve (ngsolve)
2026-09-01 03:33:51,657 [oasis.ngsolve] INFO: NGSolve backend registered
2026-09-01 03:33:51,659 [oasis.registry] INFO: Registered backend: scikit-fem (skfem)
2026-09-01 03:33:51,659 [oasis.skfem] INFO: scikit-fem backend registered
2026-09-01 03:33:51,663 [oasis.registry] INFO: Registered backend: Kratos Multiphysics (kratos)
2026-09-01 03:33:51,663 [oasis.kratos] INFO: Kratos Multiphysics backend registered
2026-09-01 03:33:51,666 [oasis.registry] INFO: Registered backend: DUNE-fem (dune)
2026-09-01 03:33:51,666 [oasis.dune] INFO: DUNE-fem backend registered
2026-09-01 03:33:51,671 [oasis.registry] INFO: Registered backend: SPARTA (DSMC) (sparta)
2026-09-01 03:33:51,671 [oasis.sparta] INFO: SPARTA (DSMC) backend registered
2026-09-01 03:33:51,671 [oasis] INFO: Starting OASiS MCP server
2026-09-01 03:33:51,679 [mcp.server.lowlevel.server] INFO: Processing request of type CallToolRequest
/home/alexander/Schreibtisch/ofa-v2/langgraph_eval/agent.py:406: LangGraphDeprecatedSinceV10: create_react_agent has been moved to `langchain.agents`. Please update your import to `from langchain.agents import create_agent`. Deprecated in LangGraph V1.0 to be removed in V2.0.
  sub_agent = create_react_agent(
2026-09-01 03:34:16,054 [oasis.registry] INFO: Loaded discovered config: 5 backends
2026-09-01 03:34:16,056 [oasis.registry] INFO: Registered backend: 4C Multiphysics (fourc)
2026-09-01 03:34:16,057 [oasis.registry] INFO: Loaded discovered config: 5 backends
2026-09-01 03:34:16,058 [oasis.registry] INFO: Registered backend: FEniCSx (dolfinx) (fenics)
2026-09-01 03:34:16,059 [oasis.registry] INFO: Registered backend: deal.II (dealii)
2026-09-01 03:34:16,060 [oasis.registry] INFO: Registered backend: 4C Multiphysics (fourc)
2026-09-01 03:34:16,060 [oasis.registry] INFO: Registered backend: FEniCSx (dolfinx) (fenics)
2026-09-01 03:34:16,061 [oasis.registry] INFO: Registered backend: deal.II (dealii)
2026-09-01 03:34:16,061 [oasis.registry] INFO: Loaded discovered config: 5 backends
2026-09-01 03:34:16,062 [oasis.registry] INFO: Registered backend: FEBio (febio)
2026-09-01 03:34:16,063 [oasis.registry] INFO: Registered backend: 4C Multiphysics (fourc)
2026-09-01 03:34:16,064 [oasis.registry] INFO: Registered backend: FEniCSx (dolfinx) (fenics)
2026-09-01 03:34:16,064 [oasis.registry] INFO: Registered backend: FEBio (febio)
2026-09-01 03:34:16,064 [oasis.registry] INFO: Registered backend: deal.II (dealii)
2026-09-01 03:34:16,065 [oasis.registry] INFO: Registered backend: NGSolve (ngsolve)
2026-09-01 03:34:16,065 [oasis.ngsolve] INFO: NGSolve backend registered
2026-09-01 03:34:16,066 [oasis.registry] INFO: Registered backend: NGSolve (ngsolve)
2026-09-01 03:34:16,066 [oasis.ngsolve] INFO: NGSolve backend registered
2026-09-01 03:34:16,067 [oasis.registry] INFO: Registered backend: scikit-fem (skfem)
2026-09-01 03:34:16,067 [oasis.skfem] INFO: scikit-fem backend registered
2026-09-01 03:34:16,068 [oasis.registry] INFO: Registered backend: FEBio (febio)
2026-09-01 03:34:16,069 [oasis.registry] INFO: Registered backend: scikit-fem (skfem)
2026-09-01 03:34:16,069 [oasis.skfem] INFO: scikit-fem backend registered
2026-09-01 03:34:16,070 [oasis.registry] INFO: Registered backend: NGSolve (ngsolve)
2026-09-01 03:34:16,070 [oasis.ngsolve] INFO: NGSolve backend registered
2026-09-01 03:34:16,071 [oasis.registry] INFO: Registered backend: Kratos Multiphysics (kratos)
2026-09-01 03:34:16,071 [oasis.kratos] INFO: Kratos Multiphysics backend registered
2026-09-01 03:34:16,073 [oasis.registry] INFO: Registered backend: Kratos Multiphysics (kratos)
2026-09-01 03:34:16,073 [oasis.kratos] INFO: Kratos Multiphysics backend registered
2026-09-01 03:34:16,074 [oasis.registry] INFO: Registered backend: DUNE-fem (dune)
2026-09-01 03:34:16,074 [oasis.dune] INFO: DUNE-fem backend registered
2026-09-01 03:34:16,074 [oasis.registry] INFO: Registered backend: scikit-fem (skfem)
2026-09-01 03:34:16,074 [oasis.skfem] INFO: scikit-fem backend registered
2026-09-01 03:34:16,075 [oasis.registry] INFO: Registered backend: DUNE-fem (dune)
2026-09-01 03:34:16,075 [oasis.dune] INFO: DUNE-fem backend registered
2026-09-01 03:34:16,079 [oasis.registry] INFO: Registered backend: SPARTA (DSMC) (sparta)
2026-09-01 03:34:16,079 [oasis.registry] INFO: Registered backend: Kratos Multiphysics (kratos)
2026-09-01 03:34:16,079 [oasis.sparta] INFO: SPARTA (DSMC) backend registered
2026-09-01 03:34:16,079 [oasis.kratos] INFO: Kratos Multiphysics backend registered
2026-09-01 03:34:16,079 [oasis] INFO: Starting OASiS MCP server
2026-09-01 03:34:16,080 [oasis.registry] INFO: Registered backend: SPARTA (DSMC) (sparta)
2026-09-01 03:34:16,080 [oasis.sparta] INFO: SPARTA (DSMC) backend registered
2026-09-01 03:34:16,081 [oasis] INFO: Starting OASiS MCP server
2026-09-01 03:34:16,082 [oasis.registry] INFO: Registered backend: DUNE-fem (dune)
2026-09-01 03:34:16,082 [oasis.dune] INFO: DUNE-fem backend registered
2026-09-01 03:34:16,085 [oasis.registry] INFO: Loaded discovered config: 5 backends
2026-09-01 03:34:16,087 [oasis.registry] INFO: Registered backend: SPARTA (DSMC) (sparta)
2026-09-01 03:34:16,087 [oasis.registry] INFO: Registered backend: 4C Multiphysics (fourc)
2026-09-01 03:34:16,087 [oasis.sparta] INFO: SPARTA (DSMC) backend registered
2026-09-01 03:34:16,087 [oasis] INFO: Starting OASiS MCP server
2026-09-01 03:34:16,087 [oasis.registry] INFO: Registered backend: FEniCSx (dolfinx) (fenics)
2026-09-01 03:34:16,088 [mcp.server.lowlevel.server] INFO: Processing request of type CallToolRequest
2026-09-01 03:34:16,088 [mcp.server.lowlevel.server] INFO: Processing request of type CallToolRequest
2026-09-01 03:34:16,088 [oasis.registry] INFO: Registered backend: deal.II (dealii)
2026-09-01 03:34:16,091 [oasis.registry] INFO: Registered backend: FEBio (febio)
2026-09-01 03:34:16,094 [oasis.registry] INFO: Registered backend: NGSolve (ngsolve)
2026-09-01 03:34:16,094 [oasis.ngsolve] INFO: NGSolve backend registered
2026-09-01 03:34:16,095 [mcp.server.lowlevel.server] INFO: Processing request of type CallToolRequest
2026-09-01 03:34:16,097 [oasis.registry] INFO: Registered backend: scikit-fem (skfem)
2026-09-01 03:34:16,097 [oasis.skfem] INFO: scikit-fem backend registered
2026-09-01 03:34:16,100 [mcp.server.lowlevel.server] INFO: Processing request of type ListToolsRequest
2026-09-01 03:34:16,101 [oasis.registry] INFO: Registered backend: Kratos Multiphysics (kratos)
2026-09-01 03:34:16,101 [oasis.kratos] INFO: Kratos Multiphysics backend registered
2026-09-01 03:34:16,103 [oasis.registry] INFO: Registered backend: DUNE-fem (dune)
2026-09-01 03:34:16,103 [oasis.dune] INFO: DUNE-fem backend registered
2026-09-01 03:34:16,105 [mcp.server.lowlevel.server] INFO: Processing request of type ListToolsRequest
2026-09-01 03:34:16,108 [oasis.registry] INFO: Registered backend: SPARTA (DSMC) (sparta)
2026-09-01 03:34:16,108 [oasis.sparta] INFO: SPARTA (DSMC) backend registered
2026-09-01 03:34:16,108 [oasis] INFO: Starting OASiS MCP server
2026-09-01 03:34:16,112 [oasis] INFO: Session journal saved: /home/alexander/Schreibtisch/ofa-v2/data/sessions/session_63b9bd22-57af-458e-961e-80001dfdbf63.json (1 events)
2026-09-01 03:34:16,117 [mcp.server.lowlevel.server] INFO: Processing request of type CallToolRequest
2026-09-01 03:34:16,128 [mcp.server.lowlevel.server] INFO: Processing request of type ListToolsRequest
2026-09-01 03:34:16,132 [oasis] INFO: Session journal saved: /home/alexander/Schreibtisch/ofa-v2/data/sessions/session_36982eb3-3e2b-45b3-9d64-a02efe129874.json (1 events)
2026-09-01 03:35:09,846 [oasis.registry] INFO: Loaded discovered config: 5 backends
2026-09-01 03:35:09,848 [oasis.registry] INFO: Registered backend: 4C Multiphysics (fourc)
2026-09-01 03:35:09,849 [oasis.registry] INFO: Registered backend: FEniCSx (dolfinx) (fenics)
2026-09-01 03:35:09,849 [oasis.registry] INFO: Registered backend: deal.II (dealii)
2026-09-01 03:35:09,852 [oasis.registry] INFO: Registered backend: FEBio (febio)
2026-09-01 03:35:09,855 [oasis.registry] INFO: Registered backend: NGSolve (ngsolve)
2026-09-01 03:35:09,855 [oasis.ngsolve] INFO: NGSolve backend registered
2026-09-01 03:35:09,858 [oasis.registry] INFO: Registered backend: scikit-fem (skfem)
2026-09-01 03:35:09,858 [oasis.skfem] INFO: scikit-fem backend registered
2026-09-01 03:35:09,862 [oasis.registry] INFO: Registered backend: Kratos Multiphysics (kratos)
2026-09-01 03:35:09,862 [oasis.kratos] INFO: Kratos Multiphysics backend registered
2026-09-01 03:35:09,864 [oasis.registry] INFO: Registered backend: DUNE-fem (dune)
2026-09-01 03:35:09,864 [oasis.dune] INFO: DUNE-fem backend registered
2026-09-01 03:35:09,869 [oasis.registry] INFO: Registered backend: SPARTA (DSMC) (sparta)
2026-09-01 03:35:09,870 [oasis.sparta] INFO: SPARTA (DSMC) backend registered
2026-09-01 03:35:09,870 [oasis] INFO: Starting OASiS MCP server
2026-09-01 03:35:09,878 [mcp.server.lowlevel.server] INFO: Processing request of type CallToolRequest
2026-09-01 03:35:13,339 [mcp.server.lowlevel.server] INFO: Processing request of type ListToolsRequest
2026-09-01 03:36:04,362 [oasis.registry] INFO: Loaded discovered config: 5 backends
2026-09-01 03:36:04,364 [oasis.registry] INFO: Registered backend: 4C Multiphysics (fourc)
2026-09-01 03:36:04,365 [oasis.registry] INFO: Registered backend: FEniCSx (dolfinx) (fenics)
2026-09-01 03:36:04,365 [oasis.registry] INFO: Registered backend: deal.II (dealii)
2026-09-01 03:36:04,368 [oasis.registry] INFO: Registered backend: FEBio (febio)
2026-09-01 03:36:04,371 [oasis.registry] INFO: Registered backend: NGSolve (ngsolve)
2026-09-01 03:36:04,371 [oasis.ngsolve] INFO: NGSolve backend registered
2026-09-01 03:36:04,373 [oasis.registry] INFO: Registered backend: scikit-fem (skfem)
2026-09-01 03:36:04,373 [oasis.skfem] INFO: scikit-fem backend registered
2026-09-01 03:36:04,377 [oasis.registry] INFO: Registered backend: Kratos Multiphysics (kratos)
2026-09-01 03:36:04,377 [oasis.kratos] INFO: Kratos Multiphysics backend registered
2026-09-01 03:36:04,379 [oasis.registry] INFO: Registered backend: DUNE-fem (dune)
2026-09-01 03:36:04,379 [oasis.dune] INFO: DUNE-fem backend registered
2026-09-01 03:36:04,384 [oasis.registry] INFO: Registered backend: SPARTA (DSMC) (sparta)
2026-09-01 03:36:04,384 [oasis.sparta] INFO: SPARTA (DSMC) backend registered
2026-09-01 03:36:04,385 [oasis] INFO: Starting OASiS MCP server
2026-09-01 03:36:04,392 [mcp.server.lowlevel.server] INFO: Processing request of type CallToolRequest
2026-09-01 03:36:04,418 [mcp.server.lowlevel.server] INFO: Processing request of type ListToolsRequest
2026-09-01 03:36:04,424 [oasis] INFO: Session journal saved: /home/alexander/Schreibtisch/ofa-v2/data/sessions/session_dd003898-522e-45a7-ac98-b0486117a626.json (1 events)
2026-09-01 03:36:12,432 [mcp.server.lowlevel.server] INFO: Processing request of type ListToolsRequest
2026-09-01 03:36:12,439 [oasis] INFO: Session journal saved: /home/alexander/Schreibtisch/ofa-v2/data/sessions/session_4536eb48-e4a4-4662-92d3-fb01a6f38f89.json (1 events)
/home/alexander/Schreibtisch/ofa-v2/langgraph_eval/agent.py:331: RuntimeWarning: This package (`duckduckgo_search`) has been renamed to `ddgs`! Use `pip install ddgs` instead.
  with DDGS() as ddgs:
2026-09-01 03:36:18,267 [oasis.registry] INFO: Loaded discovered config: 5 backends
2026-09-01 03:36:18,269 [oasis.registry] INFO: Loaded discovered config: 5 backends
2026-09-01 03:36:18,270 [oasis.registry] INFO: Registered backend: 4C Multiphysics (fourc)
2026-09-01 03:36:18,270 [oasis.registry] INFO: Registered backend: FEniCSx (dolfinx) (fenics)
2026-09-01 03:36:18,271 [oasis.registry] INFO: Registered backend: deal.II (dealii)
2026-09-01 03:36:18,272 [oasis.registry] INFO: Registered backend: 4C Multiphysics (fourc)
2026-09-01 03:36:18,272 [oasis.registry] INFO: Registered backend: FEniCSx (dolfinx) (fenics)
2026-09-01 03:36:18,273 [oasis.registry] INFO: Registered backend: deal.II (dealii)
2026-09-01 03:36:18,274 [oasis.registry] INFO: Registered backend: FEBio (febio)
2026-09-01 03:36:18,276 [oasis.registry] INFO: Registered backend: FEBio (febio)
2026-09-01 03:36:18,276 [oasis.registry] INFO: Registered backend: NGSolve (ngsolve)
2026-09-01 03:36:18,276 [oasis.ngsolve] INFO: NGSolve backend registered
2026-09-01 03:36:18,279 [oasis.registry] INFO: Registered backend: NGSolve (ngsolve)
2026-09-01 03:36:18,279 [oasis.ngsolve] INFO: NGSolve backend registered
2026-09-01 03:36:18,279 [oasis.registry] INFO: Registered backend: scikit-fem (skfem)
2026-09-01 03:36:18,279 [oasis.skfem] INFO: scikit-fem backend registered
2026-09-01 03:36:18,281 [oasis.registry] INFO: Registered backend: scikit-fem (skfem)
2026-09-01 03:36:18,281 [oasis.skfem] INFO: scikit-fem backend registered
2026-09-01 03:36:18,283 [oasis.registry] INFO: Registered backend: Kratos Multiphysics (kratos)
2026-09-01 03:36:18,283 [oasis.kratos] INFO: Kratos Multiphysics backend registered
2026-09-01 03:36:18,285 [oasis.registry] INFO: Registered backend: DUNE-fem (dune)
2026-09-01 03:36:18,285 [oasis.registry] INFO: Registered backend: Kratos Multiphysics (kratos)
2026-09-01 03:36:18,285 [oasis.dune] INFO: DUNE-fem backend registered
2026-09-01 03:36:18,285 [oasis.kratos] INFO: Kratos Multiphysics backend registered
2026-09-01 03:36:18,288 [oasis.registry] INFO: Registered backend: DUNE-fem (dune)
2026-09-01 03:36:18,288 [oasis.dune] INFO: DUNE-fem backend registered
2026-09-01 03:36:18,290 [oasis.registry] INFO: Registered backend: SPARTA (DSMC) (sparta)
2026-09-01 03:36:18,290 [oasis.sparta] INFO: SPARTA (DSMC) backend registered
2026-09-01 03:36:18,291 [oasis] INFO: Starting OASiS MCP server
2026-09-01 03:36:18,293 [oasis.registry] INFO: Registered backend: SPARTA (DSMC) (sparta)
2026-09-01 03:36:18,293 [oasis.sparta] INFO: SPARTA (DSMC) backend registered
2026-09-01 03:36:18,293 [oasis] INFO: Starting OASiS MCP server
2026-09-01 03:36:18,298 [mcp.server.lowlevel.server] INFO: Processing request of type CallToolRequest
2026-09-01 03:36:18,302 [mcp.server.lowlevel.server] INFO: Processing request of type CallToolRequest
2026-09-01 03:36:18,320 [mcp.server.lowlevel.server] INFO: Processing request of type ListToolsRequest
2026-09-01 03:36:18,328 [oasis] INFO: Session journal saved: /home/alexander/Schreibtisch/ofa-v2/data/sessions/session_68d7944a-e002-45e0-b60e-f3e8e5ddd3e0.json (1 events)
2026-09-01 03:36:18,329 [mcp.server.lowlevel.server] INFO: Processing request of type ListToolsRequest
2026-09-01 03:36:18,334 [oasis] INFO: Session journal saved: /home/alexander/Schreibtisch/ofa-v2/data/sessions/session_f49491a1-1dd7-4621-8ff5-ee766fbde178.json (1 events)
2026-09-01 03:36:22,828 [oasis.registry] INFO: Loaded discovered config: 5 backends
2026-09-01 03:36:22,830 [oasis.registry] INFO: Registered backend: 4C Multiphysics (fourc)
2026-09-01 03:36:22,830 [oasis.registry] INFO: Registered backend: FEniCSx (dolfinx) (fenics)
2026-09-01 03:36:22,831 [oasis.registry] INFO: Registered backend: deal.II (dealii)
2026-09-01 03:36:22,834 [oasis.registry] INFO: Registered backend: FEBio (febio)
2026-09-01 03:36:22,837 [oasis.registry] INFO: Registered backend: NGSolve (ngsolve)
2026-09-01 03:36:22,837 [oasis.ngsolve] INFO: NGSolve backend registered
2026-09-01 03:36:22,839 [oasis.registry] INFO: Registered backend: scikit-fem (skfem)
2026-09-01 03:36:22,839 [oasis.skfem] INFO: scikit-fem backend registered
2026-09-01 03:36:22,843 [oasis.registry] INFO: Registered backend: Kratos Multiphysics (kratos)
2026-09-01 03:36:22,843 [oasis.kratos] INFO: Kratos Multiphysics backend registered
2026-09-01 03:36:22,846 [oasis.registry] INFO: Registered backend: DUNE-fem (dune)
2026-09-01 03:36:22,846 [oasis.dune] INFO: DUNE-fem backend registered
2026-09-01 03:36:22,851 [oasis.registry] INFO: Registered backend: SPARTA (DSMC) (sparta)
2026-09-01 03:36:22,851 [oasis.sparta] INFO: SPARTA (DSMC) backend registered
2026-09-01 03:36:22,851 [oasis] INFO: Starting OASiS MCP server
2026-09-01 03:36:22,859 [mcp.server.lowlevel.server] INFO: Processing request of type CallToolRequest
2026-09-01 03:36:22,899 [mcp.server.lowlevel.server] INFO: Processing request of type ListToolsRequest
2026-09-01 03:36:22,906 [oasis] INFO: Session journal saved: /home/alexander/Schreibtisch/ofa-v2/data/sessions/session_1b463c39-cc6d-442c-b729-db54d0e3d68b.json (1 events)
2026-09-01 03:36:51,445 [oasis.registry] INFO: Loaded discovered config: 5 backends
2026-09-01 03:36:51,448 [oasis.registry] INFO: Registered backend: 4C Multiphysics (fourc)
2026-09-01 03:36:51,449 [oasis.registry] INFO: Registered backend: FEniCSx (dolfinx) (fenics)
2026-09-01 03:36:51,449 [oasis.registry] INFO: Registered backend: deal.II (dealii)
2026-09-01 03:36:51,453 [oasis.registry] INFO: Registered backend: FEBio (febio)
2026-09-01 03:36:51,456 [oasis.registry] INFO: Registered backend: NGSolve (ngsolve)
2026-09-01 03:36:51,456 [oasis.ngsolve] INFO: NGSolve backend registered
2026-09-01 03:36:51,459 [oasis.registry] INFO: Registered backend: scikit-fem (skfem)
2026-09-01 03:36:51,459 [oasis.skfem] INFO: scikit-fem backend registered
2026-09-01 03:36:51,462 [oasis.registry] INFO: Registered backend: Kratos Multiphysics (kratos)
2026-09-01 03:36:51,462 [oasis.kratos] INFO: Kratos Multiphysics backend registered
2026-09-01 03:36:51,465 [oasis.registry] INFO: Registered backend: DUNE-fem (dune)
2026-09-01 03:36:51,465 [oasis.dune] INFO: DUNE-fem backend registered
2026-09-01 03:36:51,470 [oasis.registry] INFO: Registered backend: SPARTA (DSMC) (sparta)
2026-09-01 03:36:51,470 [oasis.sparta] INFO: SPARTA (DSMC) backend registered
2026-09-01 03:36:51,470 [oasis] INFO: Starting OASiS MCP server
2026-09-01 03:36:51,479 [mcp.server.lowlevel.server] INFO: Processing request of type CallToolRequest
2026-09-01 03:36:51,484 [mcp.server.lowlevel.server] INFO: Processing request of type ListToolsRequest
2026-09-01 03:36:59,975 [oasis.registry] INFO: Loaded discovered config: 5 backends
2026-09-01 03:36:59,977 [oasis.registry] INFO: Registered backend: 4C Multiphysics (fourc)
2026-09-01 03:36:59,977 [oasis.registry] INFO: Registered backend: FEniCSx (dolfinx) (fenics)
2026-09-01 03:36:59,978 [oasis.registry] INFO: Registered backend: deal.II (dealii)
2026-09-01 03:36:59,981 [oasis.registry] INFO: Registered backend: FEBio (febio)
2026-09-01 03:36:59,983 [oasis.registry] INFO: Registered backend: NGSolve (ngsolve)
2026-09-01 03:36:59,984 [oasis.ngsolve] INFO: NGSolve backend registered
2026-09-01 03:36:59,986 [oasis.registry] INFO: Registered backend: scikit-fem (skfem)
2026-09-01 03:36:59,986 [oasis.skfem] INFO: scikit-fem backend registered
2026-09-01 03:36:59,990 [oasis.registry] INFO: Registered backend: Kratos Multiphysics (kratos)
2026-09-01 03:36:59,990 [oasis.kratos] INFO: Kratos Multiphysics backend registered
2026-09-01 03:36:59,992 [oasis.registry] INFO: Registered backend: DUNE-fem (dune)
2026-09-01 03:36:59,992 [oasis.dune] INFO: DUNE-fem backend registered
2026-09-01 03:36:59,997 [oasis.registry] INFO: Registered backend: SPARTA (DSMC) (sparta)
2026-09-01 03:36:59,997 [oasis.sparta] INFO: SPARTA (DSMC) backend registered
2026-09-01 03:36:59,997 [oasis] INFO: Starting OASiS MCP server
2026-09-01 03:37:00,005 [mcp.server.lowlevel.server] INFO: Processing request of type CallToolRequest
2026-09-01 03:37:00,031 [mcp.server.lowlevel.server] INFO: Processing request of type ListToolsRequest
2026-09-01 03:37:00,037 [oasis] INFO: Session journal saved: /home/alexander/Schreibtisch/ofa-v2/data/sessions/session_2e4af034-2b0a-4049-8b88-203005b85769.json (1 events)
2026-09-01 03:37:13,095 [oasis.registry] INFO: Loaded discovered config: 5 backends
2026-09-01 03:37:13,097 [oasis.registry] INFO: Registered backend: 4C Multiphysics (fourc)
2026-09-01 03:37:13,097 [oasis.registry] INFO: Registered backend: FEniCSx (dolfinx) (fenics)
2026-09-01 03:37:13,098 [oasis.registry] INFO: Registered backend: deal.II (dealii)
2026-09-01 03:37:13,101 [oasis.registry] INFO: Registered backend: FEBio (febio)
2026-09-01 03:37:13,103 [oasis.registry] INFO: Registered backend: NGSolve (ngsolve)
2026-09-01 03:37:13,103 [oasis.ngsolve] INFO: NGSolve backend registered
2026-09-01 03:37:13,104 [oasis.registry] INFO: Loaded discovered config: 5 backends
2026-09-01 03:37:13,106 [oasis.registry] INFO: Registered backend: scikit-fem (skfem)
2026-09-01 03:37:13,106 [oasis.skfem] INFO: scikit-fem backend registered
2026-09-01 03:37:13,107 [oasis.registry] INFO: Registered backend: 4C Multiphysics (fourc)
2026-09-01 03:37:13,107 [oasis.registry] INFO: Registered backend: FEniCSx (dolfinx) (fenics)
2026-09-01 03:37:13,108 [oasis.registry] INFO: Registered backend: deal.II (dealii)
2026-09-01 03:37:13,109 [oasis.registry] INFO: Registered backend: Kratos Multiphysics (kratos)
2026-09-01 03:37:13,110 [oasis.kratos] INFO: Kratos Multiphysics backend registered
2026-09-01 03:37:13,111 [oasis.registry] INFO: Registered backend: FEBio (febio)
2026-09-01 03:37:13,112 [oasis.registry] INFO: Registered backend: DUNE-fem (dune)
2026-09-01 03:37:13,112 [oasis.dune] INFO: DUNE-fem backend registered
2026-09-01 03:37:13,114 [oasis.registry] INFO: Registered backend: NGSolve (ngsolve)
2026-09-01 03:37:13,114 [oasis.ngsolve] INFO: NGSolve backend registered
2026-09-01 03:37:13,116 [oasis.registry] INFO: Registered backend: scikit-fem (skfem)
2026-09-01 03:37:13,116 [oasis.skfem] INFO: scikit-fem backend registered
2026-09-01 03:37:13,117 [oasis.registry] INFO: Registered backend: SPARTA (DSMC) (sparta)
2026-09-01 03:37:13,117 [oasis.sparta] INFO: SPARTA (DSMC) backend registered
2026-09-01 03:37:13,117 [oasis] INFO: Starting OASiS MCP server
2026-09-01 03:37:13,120 [oasis.registry] INFO: Registered backend: Kratos Multiphysics (kratos)
2026-09-01 03:37:13,120 [oasis.kratos] INFO: Kratos Multiphysics backend registered
2026-09-01 03:37:13,122 [oasis.registry] INFO: Registered backend: DUNE-fem (dune)
2026-09-01 03:37:13,123 [oasis.dune] INFO: DUNE-fem backend registered
2026-09-01 03:37:13,124 [mcp.server.lowlevel.server] INFO: Processing request of type CallToolRequest
2026-09-01 03:37:13,128 [oasis.registry] INFO: Registered backend: SPARTA (DSMC) (sparta)
2026-09-01 03:37:13,128 [oasis.sparta] INFO: SPARTA (DSMC) backend registered
2026-09-01 03:37:13,128 [oasis] INFO: Starting OASiS MCP server
2026-09-01 03:37:13,135 [mcp.server.lowlevel.server] INFO: Processing request of type CallToolRequest
2026-09-01 03:37:13,157 [mcp.server.lowlevel.server] INFO: Processing request of type ListToolsRequest
2026-09-01 03:37:13,157 [mcp.server.lowlevel.server] INFO: Processing request of type ListToolsRequest
2026-09-01 03:37:13,166 [oasis] INFO: Session journal saved: /home/alexander/Schreibtisch/ofa-v2/data/sessions/session_488f32b9-886f-456b-9d82-1cccc6afc097.json (1 events)
2026-09-01 03:37:13,168 [oasis] INFO: Session journal saved: /home/alexander/Schreibtisch/ofa-v2/data/sessions/session_b9628993-6d1a-47d4-8c83-f9b850602e6b.json (1 events)
2026-09-01 03:37:29,901 [oasis.registry] INFO: Loaded discovered config: 5 backends
2026-09-01 03:37:29,903 [oasis.registry] INFO: Registered backend: 4C Multiphysics (fourc)
2026-09-01 03:37:29,904 [oasis.registry] INFO: Registered backend: FEniCSx (dolfinx) (fenics)
2026-09-01 03:37:29,904 [oasis.registry] INFO: Registered backend: deal.II (dealii)
2026-09-01 03:37:29,907 [oasis.registry] INFO: Registered backend: FEBio (febio)
2026-09-01 03:37:29,910 [oasis.registry] INFO: Registered backend: NGSolve (ngsolve)
2026-09-01 03:37:29,910 [oasis.ngsolve] INFO: NGSolve backend registered
2026-09-01 03:37:29,912 [oasis.registry] INFO: Registered backend: scikit-fem (skfem)
2026-09-01 03:37:29,912 [oasis.skfem] INFO: scikit-fem backend registered
2026-09-01 03:37:29,916 [oasis.registry] INFO: Registered backend: Kratos Multiphysics (kratos)
2026-09-01 03:37:29,916 [oasis.kratos] INFO: Kratos Multiphysics backend registered
2026-09-01 03:37:29,918 [oasis.registry] INFO: Registered backend: DUNE-fem (dune)
2026-09-01 03:37:29,919 [oasis.dune] INFO: DUNE-fem backend registered
2026-09-01 03:37:29,924 [oasis.registry] INFO: Registered backend: SPARTA (DSMC) (sparta)
2026-09-01 03:37:29,924 [oasis.sparta] INFO: SPARTA (DSMC) backend registered
2026-09-01 03:37:29,924 [oasis] INFO: Starting OASiS MCP server
2026-09-01 03:37:29,932 [mcp.server.lowlevel.server] INFO: Processing request of type CallToolRequest
2026-09-01 03:37:44,747 [mcp.server.lowlevel.server] INFO: Processing request of type ListToolsRequest
2026-09-01 03:37:44,752 [oasis] INFO: Session journal saved: /home/alexander/Schreibtisch/ofa-v2/data/sessions/session_1aaf1ecc-d4eb-4bd4-a868-223cbec77707.json (1 events)
/home/alexander/Schreibtisch/ofa-v2/langgraph_eval/agent.py:557: ResourceWarning: unclosed file <_io.TextIOWrapper name='/home/alexander/Schreibtisch/ofa-v2/campaign3_blind/runs/C1_27b_MCP_seed85/work/level_1/residual_level1.csv' mode='r' encoding='UTF-8'>
  rows = [row for row in _csv.reader(r.open()) if row]
ResourceWarning: Enable tracemalloc to get the object allocation traceback
/home/alexander/Schreibtisch/ofa-v2/langgraph_eval/agent.py:557: ResourceWarning: unclosed file <_io.TextIOWrapper name='/home/alexander/Schreibtisch/ofa-v2/campaign3_blind/runs/C1_27b_MCP_seed85/work/level_2/residual_level2.csv' mode='r' encoding='UTF-8'>
  rows = [row for row in _csv.reader(r.open()) if row]
ResourceWarning: Enable tracemalloc to get the object allocation traceback
/home/alexander/Schreibtisch/ofa-v2/langgraph_eval/agent.py:557: ResourceWarning: unclosed file <_io.TextIOWrapper name='/home/alexander/Schreibtisch/ofa-v2/campaign3_blind/runs/C1_27b_MCP_seed85/work/level_3/residual_level3.csv' mode='r' encoding='UTF-8'>
  rows = [row for row in _csv.reader(r.open()) if row]
ResourceWarning: Enable tracemalloc to get the object allocation traceback
/home/alexander/Schreibtisch/ofa-v2/src/tools/result_audit.py:409: ResourceWarning: unclosed file <_io.TextIOWrapper name='/home/alexander/Schreibtisch/ofa-v2/campaign3_blind/runs/C1_27b_MCP_seed85/work/level_1/residual_level1.csv' mode='r' encoding='UTF-8'>
  body = tuple(r[-1].strip() for r in _csv.reader(q.open()) if r)
ResourceWarning: Enable tracemalloc to get the object allocation traceback
/home/alexander/Schreibtisch/ofa-v2/src/tools/result_audit.py:409: ResourceWarning: unclosed file <_io.TextIOWrapper name='/home/alexander/Schreibtisch/ofa-v2/campaign3_blind/runs/C1_27b_MCP_seed85/work/level_2/residual_level2.csv' mode='r' encoding='UTF-8'>
  body = tuple(r[-1].strip() for r in _csv.reader(q.open()) if r)
ResourceWarning: Enable tracemalloc to get the object allocation traceback
/home/alexander/Schreibtisch/ofa-v2/src/tools/result_audit.py:409: ResourceWarning: unclosed file <_io.TextIOWrapper name='/home/alexander/Schreibtisch/ofa-v2/campaign3_blind/runs/C1_27b_MCP_seed85/work/level_3/residual_level3.csv' mode='r' encoding='UTF-8'>
  body = tuple(r[-1].strip() for r in _csv.reader(q.open()) if r)
ResourceWarning: Enable tracemalloc to get the object allocation traceback
/home/alexander/Schreibtisch/ofa-v2/langgraph_eval/agent.py:557: ResourceWarning: unclosed file <_io.TextIOWrapper name='/home/alexander/Schreibtisch/ofa-v2/campaign3_blind/runs/C1_27b_MCP_seed85/work/level_1/residual_level1.csv' mode='r' encoding='UTF-8'>
  rows = [row for row in _csv.reader(r.open()) if row]
ResourceWarning: Enable tracemalloc to get the object allocation traceback
/home/alexander/Schreibtisch/ofa-v2/langgraph_eval/agent.py:557: ResourceWarning: unclosed file <_io.TextIOWrapper name='/home/alexander/Schreibtisch/ofa-v2/campaign3_blind/runs/C1_27b_MCP_seed85/work/level_2/residual_level2.csv' mode='r' encoding='UTF-8'>
  rows = [row for row in _csv.reader(r.open()) if row]
ResourceWarning: Enable tracemalloc to get the object allocation traceback
/home/alexander/Schreibtisch/ofa-v2/langgraph_eval/agent.py:557: ResourceWarning: unclosed file <_io.TextIOWrapper name='/home/alexander/Schreibtisch/ofa-v2/campaign3_blind/runs/C1_27b_MCP_seed85/work/level_3/residual_level3.csv' mode='r' encoding='UTF-8'>
  rows = [row for row in _csv.reader(r.open()) if row]
ResourceWarning: Enable tracemalloc to get the object allocation traceback
/home/alexander/Schreibtisch/ofa-v2/src/tools/result_audit.py:409: ResourceWarning: unclosed file <_io.TextIOWrapper name='/home/alexander/Schreibtisch/ofa-v2/campaign3_blind/runs/C1_27b_MCP_seed85/work/level_1/residual_level1.csv' mode='r' encoding='UTF-8'>
  body = tuple(r[-1].strip() for r in _csv.reader(q.open()) if r)
ResourceWarning: Enable tracemalloc to get the object allocation traceback
/home/alexander/Schreibtisch/ofa-v2/src/tools/result_audit.py:409: ResourceWarning: unclosed file <_io.TextIOWrapper name='/home/alexander/Schreibtisch/ofa-v2/campaign3_blind/runs/C1_27b_MCP_seed85/work/level_2/residual_level2.csv' mode='r' encoding='UTF-8'>
  body = tuple(r[-1].strip() for r in _csv.reader(q.open()) if r)
ResourceWarning: Enable tracemalloc to get the object allocation traceback
/home/alexander/Schreibtisch/ofa-v2/src/tools/result_audit.py:409: ResourceWarning: unclosed file <_io.TextIOWrapper name='/home/alexander/Schreibtisch/ofa-v2/campaign3_blind/runs/C1_27b_MCP_seed85/work/level_3/residual_level3.csv' mode='r' encoding='UTF-8'>
  body = tuple(r[-1].strip() for r in _csv.reader(q.open()) if r)
ResourceWarning: Enable tracemalloc to get the object allocation traceback
/home/alexander/Schreibtisch/ofa-v2/langgraph_eval/agent.py:557: ResourceWarning: unclosed file <_io.TextIOWrapper name='/home/alexander/Schreibtisch/ofa-v2/campaign3_blind/runs/C1_27b_MCP_seed84/work/work/residual_level1.csv' mode='r' encoding='UTF-8'>
  rows = [row for row in _csv.reader(r.open()) if row]
ResourceWarning: Enable tracemalloc to get the object allocation traceback
/home/alexander/Schreibtisch/ofa-v2/src/tools/result_audit.py:409: ResourceWarning: unclosed file <_io.TextIOWrapper name='/home/alexander/Schreibtisch/ofa-v2/campaign3_blind/runs/C1_27b_MCP_seed84/work/work/residual_level1.csv' mode='r' encoding='UTF-8'>
  body = tuple(r[-1].strip() for r in _csv.reader(q.open()) if r)
ResourceWarning: Enable tracemalloc to get the object allocation traceback
/home/alexander/Schreibtisch/ofa-v2/langgraph_eval/agent.py:557: ResourceWarning: unclosed file <_io.TextIOWrapper name='/home/alexander/Schreibtisch/ofa-v2/campaign3_blind/runs/C1_27b_MCP_seed84/work/work/residual_level1.csv' mode='r' encoding='UTF-8'>
  rows = [row for row in _csv.reader(r.open()) if row]
ResourceWarning: Enable tracemalloc to get the object allocation traceback
/home/alexander/Schreibtisch/ofa-v2/src/tools/result_audit.py:409: ResourceWarning: unclosed file <_io.TextIOWrapper name='/home/alexander/Schreibtisch/ofa-v2/campaign3_blind/runs/C1_27b_MCP_seed84/work/work/residual_level1.csv' mode='r' encoding='UTF-8'>
  body = tuple(r[-1].strip() for r in _csv.reader(q.open()) if r)
ResourceWarning: Enable tracemalloc to get the object allocation traceback
[preflight] custody controls verified for 1 problem(s); keys sealed and unreadable by execution
[phase: development] results are for post-mortems and convergence checking, NOT for the paper's evaluation table.
[C5 27b MCP s84] done  calls=24 tok=1920270/42884 1468.5s
/home/alexander/Schreibtisch/ofa-v2/campaign3_blind/run_blind.py:941: ResourceWarning: unclosed file <_io.TextIOWrapper name='/home/alexander/Schreibtisch/ofa-v2/campaign3_blind/runs/C5_27b_MCP_seed84/work/trajectory_live.txt' mode='a' encoding='utf-8'>
  run_one(pid, a.model, cond, a.seed, a.timeout)
ResourceWarning: Enable tracemalloc to get the object allocation traceback
/home/alexander/.local/share/python/cpython-3.12.13-linux-x86_64-gnu/lib/python3.12/asyncio/selector_events.py:879: ResourceWarning: unclosed transport <_SelectorSocketTransport fd=8>
/home/alexander/Schreibtisch/ofa-v2/langgraph_eval/agent.py:557: ResourceWarning: unclosed file <_io.TextIOWrapper name='/home/alexander/Schreibtisch/ofa-v2/campaign3_blind/runs/C1_27b_MCP_seed84/work/residual_level1.csv' mode='r' encoding='UTF-8'>
  rows = [row for row in _csv.reader(r.open()) if row]
ResourceWarning: Enable tracemalloc to get the object allocation traceback
/home/alexander/Schreibtisch/ofa-v2/langgraph_eval/agent.py:557: ResourceWarning: unclosed file <_io.TextIOWrapper name='/home/alexander/Schreibtisch/ofa-v2/campaign3_blind/runs/C1_27b_MCP_seed84/work/residual_level2.csv' mode='r' encoding='UTF-8'>
  rows = [row for row in _csv.reader(r.open()) if row]
ResourceWarning: Enable tracemalloc to get the object allocation traceback
/home/alexander/Schreibtisch/ofa-v2/langgraph_eval/agent.py:557: ResourceWarning: unclosed file <_io.TextIOWrapper name='/home/alexander/Schreibtisch/ofa-v2/campaign3_blind/runs/C1_27b_MCP_seed84/work/residual_level3.csv' mode='r' encoding='UTF-8'>
  rows = [row for row in _csv.reader(r.open()) if row]
ResourceWarning: Enable tracemalloc to get the object allocation traceback
/home/alexander/Schreibtisch/ofa-v2/langgraph_eval/agent.py:557: ResourceWarning: unclosed file <_io.TextIOWrapper name='/home/alexander/Schreibtisch/ofa-v2/campaign3_blind/runs/C1_27b_MCP_seed84/work/work/residual_level1.csv' mode='r' encoding='UTF-8'>
  rows = [row for row in _csv.reader(r.open()) if row]
ResourceWarning: Enable tracemalloc to get the object allocation traceback
/home/alexander/Schreibtisch/ofa-v2/src/tools/result_audit.py:409: ResourceWarning: unclosed file <_io.TextIOWrapper name='/home/alexander/Schreibtisch/ofa-v2/campaign3_blind/runs/C1_27b_MCP_seed84/work/work/residual_level1.csv' mode='r' encoding='UTF-8'>
  body = tuple(r[-1].strip() for r in _csv.reader(q.open()) if r)
ResourceWarning: Enable tracemalloc to get the object allocation traceback
[preflight] custody controls verified for 1 problem(s); keys sealed and unreadable by execution
[phase: development] results are for post-mortems and convergence checking, NOT for the paper's evaluation table.
[C1 27b MCP s84] done  calls=37 tok=4587263/51377 1593.5s
/home/alexander/Schreibtisch/ofa-v2/campaign3_blind/run_blind.py:941: ResourceWarning: unclosed file <_io.TextIOWrapper name='/home/alexander/Schreibtisch/ofa-v2/campaign3_blind/runs/C1_27b_MCP_seed84/work/trajectory_live.txt' mode='a' encoding='utf-8'>
  run_one(pid, a.model, cond, a.seed, a.timeout)
ResourceWarning: Enable tracemalloc to get the object allocation traceback
/home/alexander/.local/share/python/cpython-3.12.13-linux-x86_64-gnu/lib/python3.12/asyncio/selector_events.py:879: ResourceWarning: unclosed transport <_SelectorSocketTransport fd=8>
2026-09-01 03:48:50,678 [oasis.registry] INFO: Loaded discovered config: 5 backends
2026-09-01 03:48:50,680 [oasis.registry] INFO: Registered backend: 4C Multiphysics (fourc)
2026-09-01 03:48:50,680 [oasis.registry] INFO: Registered backend: FEniCSx (dolfinx) (fenics)
2026-09-01 03:48:50,681 [oasis.registry] INFO: Registered backend: deal.II (dealii)
2026-09-01 03:48:50,684 [oasis.registry] INFO: Registered backend: FEBio (febio)
2026-09-01 03:48:50,687 [oasis.registry] INFO: Registered backend: NGSolve (ngsolve)
2026-09-01 03:48:50,687 [oasis.ngsolve] INFO: NGSolve backend registered
2026-09-01 03:48:50,689 [oasis.registry] INFO: Registered backend: scikit-fem (skfem)
2026-09-01 03:48:50,690 [oasis.skfem] INFO: scikit-fem backend registered
2026-09-01 03:48:50,693 [oasis.registry] INFO: Registered backend: Kratos Multiphysics (kratos)
2026-09-01 03:48:50,693 [oasis.kratos] INFO: Kratos Multiphysics backend registered
2026-09-01 03:48:50,696 [oasis.registry] INFO: Registered backend: DUNE-fem (dune)
2026-09-01 03:48:50,696 [oasis.dune] INFO: DUNE-fem backend registered
2026-09-01 03:48:50,701 [oasis.registry] INFO: Registered backend: SPARTA (DSMC) (sparta)
2026-09-01 03:48:50,701 [oasis.sparta] INFO: SPARTA (DSMC) backend registered
2026-09-01 03:48:50,701 [oasis] INFO: Starting OASiS MCP server
2026-09-01 03:48:50,709 [mcp.server.lowlevel.server] INFO: Processing request of type CallToolRequest
2026-09-01 03:48:50,781 [mcp.server.lowlevel.server] INFO: Processing request of type ListToolsRequest
/home/alexander/Schreibtisch/ofa-v2/src/tools/result_audit.py:409: ResourceWarning: unclosed file <_io.TextIOWrapper name='/home/alexander/Schreibtisch/ofa-v2/campaign3_blind/runs/C2_27b_MCP_seed87/work/residual_level1.csv' mode='r' encoding='UTF-8'>
  body = tuple(r[-1].strip() for r in _csv.reader(q.open()) if r)
ResourceWarning: Enable tracemalloc to get the object allocation traceback
/home/alexander/Schreibtisch/ofa-v2/src/tools/result_audit.py:409: ResourceWarning: unclosed file <_io.TextIOWrapper name='/home/alexander/Schreibtisch/ofa-v2/campaign3_blind/runs/C2_27b_MCP_seed87/work/residual_level2.csv' mode='r' encoding='UTF-8'>
  body = tuple(r[-1].strip() for r in _csv.reader(q.open()) if r)
ResourceWarning: Enable tracemalloc to get the object allocation traceback
/home/alexander/Schreibtisch/ofa-v2/src/tools/result_audit.py:409: ResourceWarning: unclosed file <_io.TextIOWrapper name='/home/alexander/Schreibtisch/ofa-v2/campaign3_blind/runs/C2_27b_MCP_seed87/work/residual_level3.csv' mode='r' encoding='UTF-8'>
  body = tuple(r[-1].strip() for r in _csv.reader(q.open()) if r)
ResourceWarning: Enable tracemalloc to get the object allocation traceback
2026-09-01 03:50:11,924 [oasis.registry] INFO: Loaded discovered config: 5 backends
2026-09-01 03:50:11,926 [oasis.registry] INFO: Registered backend: 4C Multiphysics (fourc)
2026-09-01 03:50:11,926 [oasis.registry] INFO: Registered backend: FEniCSx (dolfinx) (fenics)
2026-09-01 03:50:11,927 [oasis.registry] INFO: Registered backend: deal.II (dealii)
2026-09-01 03:50:11,930 [oasis.registry] INFO: Registered backend: FEBio (febio)
2026-09-01 03:50:11,932 [oasis.registry] INFO: Registered backend: NGSolve (ngsolve)
2026-09-01 03:50:11,932 [oasis.ngsolve] INFO: NGSolve backend registered
2026-09-01 03:50:11,935 [oasis.registry] INFO: Registered backend: scikit-fem (skfem)
2026-09-01 03:50:11,935 [oasis.skfem] INFO: scikit-fem backend registered
2026-09-01 03:50:11,938 [oasis.registry] INFO: Registered backend: Kratos Multiphysics (kratos)
2026-09-01 03:50:11,939 [oasis.kratos] INFO: Kratos Multiphysics backend registered
2026-09-01 03:50:11,941 [oasis.registry] INFO: Registered backend: DUNE-fem (dune)
2026-09-01 03:50:11,941 [oasis.dune] INFO: DUNE-fem backend registered
2026-09-01 03:50:11,946 [oasis.registry] INFO: Registered backend: SPARTA (DSMC) (sparta)
2026-09-01 03:50:11,946 [oasis.sparta] INFO: SPARTA (DSMC) backend registered
2026-09-01 03:50:11,946 [oasis] INFO: Starting OASiS MCP server
2026-09-01 03:50:11,953 [mcp.server.lowlevel.server] INFO: Processing request of type CallToolRequest
2026-09-01 03:50:12,027 [mcp.server.lowlevel.server] INFO: Processing request of type ListToolsRequest
/home/alexander/Schreibtisch/ofa-v2/langgraph_eval/agent.py:557: ResourceWarning: unclosed file <_io.TextIOWrapper name='/home/alexander/Schreibtisch/ofa-v2/campaign3_blind/runs/C1_27b_MCP_seed85/work/level_1/residual_level1.csv' mode='r' encoding='UTF-8'>
  rows = [row for row in _csv.reader(r.open()) if row]
ResourceWarning: Enable tracemalloc to get the object allocation traceback
/home/alexander/Schreibtisch/ofa-v2/langgraph_eval/agent.py:557: ResourceWarning: unclosed file <_io.TextIOWrapper name='/home/alexander/Schreibtisch/ofa-v2/campaign3_blind/runs/C1_27b_MCP_seed85/work/level_2/residual_level2.csv' mode='r' encoding='UTF-8'>
  rows = [row for row in _csv.reader(r.open()) if row]
ResourceWarning: Enable tracemalloc to get the object allocation traceback
/home/alexander/Schreibtisch/ofa-v2/langgraph_eval/agent.py:557: ResourceWarning: unclosed file <_io.TextIOWrapper name='/home/alexander/Schreibtisch/ofa-v2/campaign3_blind/runs/C1_27b_MCP_seed85/work/level_3/residual_level3.csv' mode='r' encoding='UTF-8'>
  rows = [row for row in _csv.reader(r.open()) if row]
ResourceWarning: Enable tracemalloc to get the object allocation traceback
/home/alexander/Schreibtisch/ofa-v2/src/tools/result_audit.py:409: ResourceWarning: unclosed file <_io.TextIOWrapper name='/home/alexander/Schreibtisch/ofa-v2/campaign3_blind/runs/C1_27b_MCP_seed85/work/level_1/residual_level1.csv' mode='r' encoding='UTF-8'>
  body = tuple(r[-1].strip() for r in _csv.reader(q.open()) if r)
ResourceWarning: Enable tracemalloc to get the object allocation traceback
/home/alexander/Schreibtisch/ofa-v2/src/tools/result_audit.py:409: ResourceWarning: unclosed file <_io.TextIOWrapper name='/home/alexander/Schreibtisch/ofa-v2/campaign3_blind/runs/C1_27b_MCP_seed85/work/level_2/residual_level2.csv' mode='r' encoding='UTF-8'>
  body = tuple(r[-1].strip() for r in _csv.reader(q.open()) if r)
ResourceWarning: Enable tracemalloc to get the object allocation traceback
/home/alexander/Schreibtisch/ofa-v2/src/tools/result_audit.py:409: ResourceWarning: unclosed file <_io.TextIOWrapper name='/home/alexander/Schreibtisch/ofa-v2/campaign3_blind/runs/C1_27b_MCP_seed85/work/level_3/residual_level3.csv' mode='r' encoding='UTF-8'>
  body = tuple(r[-1].strip() for r in _csv.reader(q.open()) if r)
ResourceWarning: Enable tracemalloc to get the object allocation traceback
/home/alexander/Schreibtisch/ofa-v2/src/tools/result_audit.py:409: ResourceWarning: unclosed file <_io.TextIOWrapper name='/home/alexander/Schreibtisch/ofa-v2/campaign3_blind/runs/C2_27b_MCP_seed87/work/residual_level1.csv' mode='r' encoding='UTF-8'>
  body = tuple(r[-1].strip() for r in _csv.reader(q.open()) if r)
ResourceWarning: Enable tracemalloc to get the object allocation traceback
/home/alexander/Schreibtisch/ofa-v2/src/tools/result_audit.py:409: ResourceWarning: unclosed file <_io.TextIOWrapper name='/home/alexander/Schreibtisch/ofa-v2/campaign3_blind/runs/C2_27b_MCP_seed87/work/residual_level2.csv' mode='r' encoding='UTF-8'>
  body = tuple(r[-1].strip() for r in _csv.reader(q.open()) if r)
ResourceWarning: Enable tracemalloc to get the object allocation traceback
/home/alexander/Schreibtisch/ofa-v2/src/tools/result_audit.py:409: ResourceWarning: unclosed file <_io.TextIOWrapper name='/home/alexander/Schreibtisch/ofa-v2/campaign3_blind/runs/C2_27b_MCP_seed87/work/residual_level3.csv' mode='r' encoding='UTF-8'>
  body = tuple(r[-1].strip() for r in _csv.reader(q.open()) if r)
ResourceWarning: Enable tracemalloc to get the object allocation traceback
/home/alexander/Schreibtisch/ofa-v2/langgraph_eval/agent.py:557: ResourceWarning: unclosed file <_io.TextIOWrapper name='/home/alexander/Schreibtisch/ofa-v2/campaign3_blind/runs/C1_27b_MCP_seed85/work/level_1/residual_level1.csv' mode='r' encoding='UTF-8'>
  rows = [row for row in _csv.reader(r.open()) if row]
ResourceWarning: Enable tracemalloc to get the object allocation traceback
/home/alexander/Schreibtisch/ofa-v2/langgraph_eval/agent.py:557: ResourceWarning: unclosed file <_io.TextIOWrapper name='/home/alexander/Schreibtisch/ofa-v2/campaign3_blind/runs/C1_27b_MCP_seed85/work/level_2/residual_level2.csv' mode='r' encoding='UTF-8'>
  rows = [row for row in _csv.reader(r.open()) if row]
ResourceWarning: Enable tracemalloc to get the object allocation traceback
/home/alexander/Schreibtisch/ofa-v2/langgraph_eval/agent.py:557: ResourceWarning: unclosed file <_io.TextIOWrapper name='/home/alexander/Schreibtisch/ofa-v2/campaign3_blind/runs/C1_27b_MCP_seed85/work/level_3/residual_level3.csv' mode='r' encoding='UTF-8'>
  rows = [row for row in _csv.reader(r.open()) if row]
ResourceWarning: Enable tracemalloc to get the object allocation traceback
/home/alexander/Schreibtisch/ofa-v2/src/tools/result_audit.py:409: ResourceWarning: unclosed file <_io.TextIOWrapper name='/home/alexander/Schreibtisch/ofa-v2/campaign3_blind/runs/C1_27b_MCP_seed85/work/level_1/residual_level1.csv' mode='r' encoding='UTF-8'>
  body = tuple(r[-1].strip() for r in _csv.reader(q.open()) if r)
ResourceWarning: Enable tracemalloc to get the object allocation traceback
/home/alexander/Schreibtisch/ofa-v2/src/tools/result_audit.py:409: ResourceWarning: unclosed file <_io.TextIOWrapper name='/home/alexander/Schreibtisch/ofa-v2/campaign3_blind/runs/C1_27b_MCP_seed85/work/level_2/residual_level2.csv' mode='r' encoding='UTF-8'>
  body = tuple(r[-1].strip() for r in _csv.reader(q.open()) if r)
ResourceWarning: Enable tracemalloc to get the object allocation traceback
/home/alexander/Schreibtisch/ofa-v2/src/tools/result_audit.py:409: ResourceWarning: unclosed file <_io.TextIOWrapper name='/home/alexander/Schreibtisch/ofa-v2/campaign3_blind/runs/C1_27b_MCP_seed85/work/level_3/residual_level3.csv' mode='r' encoding='UTF-8'>
  body = tuple(r[-1].strip() for r in _csv.reader(q.open()) if r)
ResourceWarning: Enable tracemalloc to get the object allocation traceback
[preflight] custody controls verified for 1 problem(s); keys sealed and unreadable by execution
[phase: development] results are for post-mortems and convergence checking, NOT for the paper's evaluation table.
[C1 27b MCP s85] done  calls=39 tok=4503390/53515 1712.2s
/home/alexander/Schreibtisch/ofa-v2/campaign3_blind/run_blind.py:941: ResourceWarning: unclosed file <_io.TextIOWrapper name='/home/alexander/Schreibtisch/ofa-v2/campaign3_blind/runs/C1_27b_MCP_seed85/work/trajectory_live.txt' mode='a' encoding='utf-8'>
  run_one(pid, a.model, cond, a.seed, a.timeout)
ResourceWarning: Enable tracemalloc to get the object allocation traceback
/home/alexander/.local/share/python/cpython-3.12.13-linux-x86_64-gnu/lib/python3.12/asyncio/selector_events.py:879: ResourceWarning: unclosed transport <_SelectorSocketTransport fd=8>
/home/alexander/Schreibtisch/ofa-v2/langgraph_eval/agent.py:557: ResourceWarning: unclosed file <_io.TextIOWrapper name='/home/alexander/Schreibtisch/ofa-v2/campaign3_blind/runs/C2_27b_MCP_seed87/work/residual_level1.csv' mode='r' encoding='UTF-8'>
  rows = [row for row in _csv.reader(r.open()) if row]
ResourceWarning: Enable tracemalloc to get the object allocation traceback
/home/alexander/Schreibtisch/ofa-v2/langgraph_eval/agent.py:557: ResourceWarning: unclosed file <_io.TextIOWrapper name='/home/alexander/Schreibtisch/ofa-v2/campaign3_blind/runs/C2_27b_MCP_seed87/work/residual_level2.csv' mode='r' encoding='UTF-8'>
  rows = [row for row in _csv.reader(r.open()) if row]
ResourceWarning: Enable tracemalloc to get the object allocation traceback
/home/alexander/Schreibtisch/ofa-v2/langgraph_eval/agent.py:557: ResourceWarning: unclosed file <_io.TextIOWrapper name='/home/alexander/Schreibtisch/ofa-v2/campaign3_blind/runs/C2_27b_MCP_seed87/work/residual_level3.csv' mode='r' encoding='UTF-8'>
  rows = [row for row in _csv.reader(r.open()) if row]
ResourceWarning: Enable tracemalloc to get the object allocation traceback
/home/alexander/Schreibtisch/ofa-v2/src/tools/result_audit.py:409: ResourceWarning: unclosed file <_io.TextIOWrapper name='/home/alexander/Schreibtisch/ofa-v2/campaign3_blind/runs/C2_27b_MCP_seed87/work/residual_level1.csv' mode='r' encoding='UTF-8'>
  body = tuple(r[-1].strip() for r in _csv.reader(q.open()) if r)
ResourceWarning: Enable tracemalloc to get the object allocation traceback
/home/alexander/Schreibtisch/ofa-v2/src/tools/result_audit.py:409: ResourceWarning: unclosed file <_io.TextIOWrapper name='/home/alexander/Schreibtisch/ofa-v2/campaign3_blind/runs/C2_27b_MCP_seed87/work/residual_level2.csv' mode='r' encoding='UTF-8'>
  body = tuple(r[-1].strip() for r in _csv.reader(q.open()) if r)
ResourceWarning: Enable tracemalloc to get the object allocation traceback
/home/alexander/Schreibtisch/ofa-v2/src/tools/result_audit.py:409: ResourceWarning: unclosed file <_io.TextIOWrapper name='/home/alexander/Schreibtisch/ofa-v2/campaign3_blind/runs/C2_27b_MCP_seed87/work/residual_level3.csv' mode='r' encoding='UTF-8'>
  body = tuple(r[-1].strip() for r in _csv.reader(q.open()) if r)
ResourceWarning: Enable tracemalloc to get the object allocation traceback
2026-09-01 03:54:45,001 [oasis.registry] INFO: Loaded discovered config: 5 backends
2026-09-01 03:54:45,004 [oasis.registry] INFO: Registered backend: 4C Multiphysics (fourc)
2026-09-01 03:54:45,005 [oasis.registry] INFO: Registered backend: FEniCSx (dolfinx) (fenics)
2026-09-01 03:54:45,006 [oasis.registry] INFO: Registered backend: deal.II (dealii)
2026-09-01 03:54:45,009 [oasis.registry] INFO: Registered backend: FEBio (febio)
2026-09-01 03:54:45,012 [oasis.registry] INFO: Registered backend: NGSolve (ngsolve)
2026-09-01 03:54:45,012 [oasis.ngsolve] INFO: NGSolve backend registered
2026-09-01 03:54:45,015 [oasis.registry] INFO: Registered backend: scikit-fem (skfem)
2026-09-01 03:54:45,016 [oasis.skfem] INFO: scikit-fem backend registered
2026-09-01 03:54:45,020 [oasis.registry] INFO: Registered backend: Kratos Multiphysics (kratos)
2026-09-01 03:54:45,020 [oasis.kratos] INFO: Kratos Multiphysics backend registered
2026-09-01 03:54:45,023 [oasis.registry] INFO: Registered backend: DUNE-fem (dune)
2026-09-01 03:54:45,023 [oasis.dune] INFO: DUNE-fem backend registered
2026-09-01 03:54:45,030 [oasis.registry] INFO: Registered backend: SPARTA (DSMC) (sparta)
2026-09-01 03:54:45,030 [oasis.sparta] INFO: SPARTA (DSMC) backend registered
2026-09-01 03:54:45,030 [oasis] INFO: Starting OASiS MCP server
2026-09-01 03:54:45,039 [mcp.server.lowlevel.server] INFO: Processing request of type CallToolRequest
2026-09-01 03:54:45,136 [mcp.server.lowlevel.server] INFO: Processing request of type ListToolsRequest
/home/alexander/Schreibtisch/ofa-v2/src/tools/result_audit.py:409: ResourceWarning: unclosed file <_io.TextIOWrapper name='/home/alexander/Schreibtisch/ofa-v2/campaign3_blind/runs/C2_27b_MCP_seed87/work/residual_level1.csv' mode='r' encoding='UTF-8'>
  body = tuple(r[-1].strip() for r in _csv.reader(q.open()) if r)
ResourceWarning: Enable tracemalloc to get the object allocation traceback
/home/alexander/Schreibtisch/ofa-v2/src/tools/result_audit.py:409: ResourceWarning: unclosed file <_io.TextIOWrapper name='/home/alexander/Schreibtisch/ofa-v2/campaign3_blind/runs/C2_27b_MCP_seed87/work/residual_level2.csv' mode='r' encoding='UTF-8'>
  body = tuple(r[-1].strip() for r in _csv.reader(q.open()) if r)
ResourceWarning: Enable tracemalloc to get the object allocation traceback
/home/alexander/Schreibtisch/ofa-v2/src/tools/result_audit.py:409: ResourceWarning: unclosed file <_io.TextIOWrapper name='/home/alexander/Schreibtisch/ofa-v2/campaign3_blind/runs/C2_27b_MCP_seed87/work/residual_level3.csv' mode='r' encoding='UTF-8'>
  body = tuple(r[-1].strip() for r in _csv.reader(q.open()) if r)
ResourceWarning: Enable tracemalloc to get the object allocation traceback
[preflight] custody controls verified for 1 problem(s); keys sealed and unreadable by execution
[phase: development] results are for post-mortems and convergence checking, NOT for the paper's evaluation table.
[C2 27b MCP s87] done  calls=55 tok=5076829/59017 1995.9s
/home/alexander/Schreibtisch/ofa-v2/campaign3_blind/run_blind.py:941: ResourceWarning: unclosed file <_io.TextIOWrapper name='/home/alexander/Schreibtisch/ofa-v2/campaign3_blind/runs/C2_27b_MCP_seed87/work/trajectory_live.txt' mode='a' encoding='utf-8'>
  run_one(pid, a.model, cond, a.seed, a.timeout)
ResourceWarning: Enable tracemalloc to get the object allocation traceback
/home/alexander/.local/share/python/cpython-3.12.13-linux-x86_64-gnu/lib/python3.12/asyncio/selector_events.py:879: ResourceWarning: unclosed transport <_SelectorSocketTransport fd=8>
2026-09-01 03:59:58,026 [oasis.registry] INFO: Loaded discovered config: 5 backends
2026-09-01 03:59:58,028 [oasis.registry] INFO: Registered backend: 4C Multiphysics (fourc)
2026-09-01 03:59:58,028 [oasis.registry] INFO: Registered backend: FEniCSx (dolfinx) (fenics)
2026-09-01 03:59:58,029 [oasis.registry] INFO: Registered backend: deal.II (dealii)
2026-09-01 03:59:58,032 [oasis.registry] INFO: Registered backend: FEBio (febio)
2026-09-01 03:59:58,034 [oasis.registry] INFO: Registered backend: NGSolve (ngsolve)
2026-09-01 03:59:58,034 [oasis.ngsolve] INFO: NGSolve backend registered
2026-09-01 03:59:58,037 [oasis.registry] INFO: Registered backend: scikit-fem (skfem)
2026-09-01 03:59:58,037 [oasis.skfem] INFO: scikit-fem backend registered
2026-09-01 03:59:58,041 [oasis.registry] INFO: Registered backend: Kratos Multiphysics (kratos)
2026-09-01 03:59:58,041 [oasis.kratos] INFO: Kratos Multiphysics backend registered
2026-09-01 03:59:58,043 [oasis.registry] INFO: Registered backend: DUNE-fem (dune)
2026-09-01 03:59:58,043 [oasis.dune] INFO: DUNE-fem backend registered
2026-09-01 03:59:58,048 [oasis.registry] INFO: Registered backend: SPARTA (DSMC) (sparta)
2026-09-01 03:59:58,048 [oasis.sparta] INFO: SPARTA (DSMC) backend registered
2026-09-01 03:59:58,048 [oasis] INFO: Starting OASiS MCP server
2026-09-01 03:59:58,056 [mcp.server.lowlevel.server] INFO: Processing request of type CallToolRequest
2026-09-01 03:59:58,110 [mcp.server.lowlevel.server] INFO: Processing request of type ListToolsRequest
[preflight] custody controls verified for 1 problem(s); keys sealed and unreadable by execution
[phase: development] results are for post-mortems and convergence checking, NOT for the paper's evaluation table.
[C2 27b MCP s86] done  calls=80 tok=8043197/64172 2301.3s
