>>> C2 round9 start 2026-09-02 23:45:08 build 8acef302
2026-09-02 23:45:36,851 [oasis.registry] INFO: Loaded discovered config: 5 backends
2026-09-02 23:45:36,861 [oasis.registry] INFO: Registered backend: 4C Multiphysics (fourc)
2026-09-02 23:45:36,865 [oasis.registry] INFO: Registered backend: FEniCSx (dolfinx) (fenics)
2026-09-02 23:45:36,870 [oasis.registry] INFO: Registered backend: deal.II (dealii)
2026-09-02 23:45:36,890 [oasis.registry] INFO: Registered backend: FEBio (febio)
2026-09-02 23:45:36,903 [oasis.registry] INFO: Registered backend: NGSolve (ngsolve)
2026-09-02 23:45:36,903 [oasis.ngsolve] INFO: NGSolve backend registered
2026-09-02 23:45:36,917 [oasis.registry] INFO: Registered backend: scikit-fem (skfem)
2026-09-02 23:45:36,917 [oasis.skfem] INFO: scikit-fem backend registered
2026-09-02 23:45:36,940 [oasis.registry] INFO: Registered backend: Kratos Multiphysics (kratos)
2026-09-02 23:45:36,940 [oasis.kratos] INFO: Kratos Multiphysics backend registered
2026-09-02 23:45:36,954 [oasis.registry] INFO: Registered backend: DUNE-fem (dune)
2026-09-02 23:45:36,955 [oasis.dune] INFO: DUNE-fem backend registered
2026-09-02 23:45:36,969 [oasis.registry] INFO: Registered backend: SPARTA (DSMC) (sparta)
2026-09-02 23:45:36,969 [oasis.sparta] INFO: SPARTA (DSMC) backend registered
2026-09-02 23:45:36,969 [oasis] INFO: Starting OASiS MCP server
2026-09-02 23:45:37,002 [mcp.server.lowlevel.server] INFO: Processing request of type ListToolsRequest
2026-09-02 23:45:37,117 [oasis.registry] INFO: Loaded discovered config: 5 backends
2026-09-02 23:45:37,127 [oasis.registry] INFO: Registered backend: 4C Multiphysics (fourc)
2026-09-02 23:45:37,131 [oasis.registry] INFO: Registered backend: FEniCSx (dolfinx) (fenics)
2026-09-02 23:45:37,136 [oasis.registry] INFO: Registered backend: deal.II (dealii)
2026-09-02 23:45:37,155 [oasis.registry] INFO: Registered backend: FEBio (febio)
2026-09-02 23:45:37,171 [oasis.registry] INFO: Registered backend: NGSolve (ngsolve)
2026-09-02 23:45:37,171 [oasis.ngsolve] INFO: NGSolve backend registered
2026-09-02 23:45:37,185 [oasis.registry] INFO: Registered backend: scikit-fem (skfem)
2026-09-02 23:45:37,185 [oasis.skfem] INFO: scikit-fem backend registered
2026-09-02 23:45:37,209 [oasis.registry] INFO: Registered backend: Kratos Multiphysics (kratos)
2026-09-02 23:45:37,209 [oasis.kratos] INFO: Kratos Multiphysics backend registered
2026-09-02 23:45:37,223 [oasis.registry] INFO: Registered backend: DUNE-fem (dune)
2026-09-02 23:45:37,223 [oasis.dune] INFO: DUNE-fem backend registered
2026-09-02 23:45:37,236 [oasis.registry] INFO: Registered backend: SPARTA (DSMC) (sparta)
2026-09-02 23:45:37,236 [oasis.sparta] INFO: SPARTA (DSMC) backend registered
2026-09-02 23:45:37,236 [oasis] INFO: Starting OASiS MCP server
2026-09-02 23:45:37,264 [mcp.server.lowlevel.server] INFO: Processing request of type ListToolsRequest
2026-09-02 23:45:37,330 [oasis.registry] INFO: Loaded discovered config: 5 backends
2026-09-02 23:45:37,340 [oasis.registry] INFO: Registered backend: 4C Multiphysics (fourc)
2026-09-02 23:45:37,344 [oasis.registry] INFO: Registered backend: FEniCSx (dolfinx) (fenics)
2026-09-02 23:45:37,349 [oasis.registry] INFO: Registered backend: deal.II (dealii)
2026-09-02 23:45:37,369 [oasis.registry] INFO: Registered backend: FEBio (febio)
2026-09-02 23:45:37,383 [oasis.registry] INFO: Registered backend: NGSolve (ngsolve)
2026-09-02 23:45:37,383 [oasis.ngsolve] INFO: NGSolve backend registered
2026-09-02 23:45:37,398 [oasis.registry] INFO: Registered backend: scikit-fem (skfem)
2026-09-02 23:45:37,398 [oasis.skfem] INFO: scikit-fem backend registered
2026-09-02 23:45:37,420 [oasis.registry] INFO: Registered backend: Kratos Multiphysics (kratos)
2026-09-02 23:45:37,420 [oasis.kratos] INFO: Kratos Multiphysics backend registered
2026-09-02 23:45:37,436 [oasis.registry] INFO: Registered backend: DUNE-fem (dune)
2026-09-02 23:45:37,436 [oasis.dune] INFO: DUNE-fem backend registered
2026-09-02 23:45:37,450 [oasis.registry] INFO: Registered backend: SPARTA (DSMC) (sparta)
2026-09-02 23:45:37,451 [oasis.sparta] INFO: SPARTA (DSMC) backend registered
2026-09-02 23:45:37,451 [oasis] INFO: Starting OASiS MCP server
2026-09-02 23:45:37,481 [mcp.server.lowlevel.server] INFO: Processing request of type ListToolsRequest
2026-09-02 23:45:51,205 [mcp.server.lowlevel.server] INFO: Processing request of type CallToolRequest
2026-09-02 23:45:51,249 [mcp.server.lowlevel.server] INFO: Processing request of type CallToolRequest
2026-09-02 23:45:53,044 [mcp.server.lowlevel.server] INFO: Processing request of type CallToolRequest
2026-09-02 23:45:56,661 [mcp.server.lowlevel.server] INFO: Processing request of type CallToolRequest
2026-09-02 23:45:56,821 [mcp.server.lowlevel.server] INFO: Processing request of type CallToolRequest
2026-09-02 23:46:29,595 [mcp.server.lowlevel.server] INFO: Processing request of type CallToolRequest
2026-09-02 23:46:55,212 [mcp.server.lowlevel.server] INFO: Processing request of type CallToolRequest
2026-09-02 23:47:06,517 [mcp.server.lowlevel.server] INFO: Processing request of type CallToolRequest
2026-09-02 23:47:06,556 [mcp.server.lowlevel.server] INFO: Processing request of type CallToolRequest
2026-09-02 23:47:10,239 [mcp.server.lowlevel.server] INFO: Processing request of type CallToolRequest
2026-09-02 23:47:30,762 [mcp.server.lowlevel.server] INFO: Processing request of type CallToolRequest
/home/alexander/Schreibtisch/ofa-v2/langgraph_eval/agent.py:692: RuntimeWarning: This package (`duckduckgo_search`) has been renamed to `ddgs`! Use `pip install ddgs` instead.
  with DDGS() as ddgs:
/home/alexander/Schreibtisch/ofa-v2/langgraph_eval/agent.py:692: RuntimeWarning: This package (`duckduckgo_search`) has been renamed to `ddgs`! Use `pip install ddgs` instead.
  with DDGS() as ddgs:
2026-09-02 23:47:33,261 [mcp.server.lowlevel.server] INFO: Processing request of type CallToolRequest
/home/alexander/Schreibtisch/ofa-v2/langgraph_eval/agent.py:692: RuntimeWarning: This package (`duckduckgo_search`) has been renamed to `ddgs`! Use `pip install ddgs` instead.
  with DDGS() as ddgs:
2026-09-02 23:47:33,284 [mcp.server.lowlevel.server] INFO: Processing request of type CallToolRequest
/home/alexander/Schreibtisch/ofa-v2/langgraph_eval/agent.py:692: RuntimeWarning: This package (`duckduckgo_search`) has been renamed to `ddgs`! Use `pip install ddgs` instead.
  with DDGS() as ddgs:
/home/alexander/Schreibtisch/ofa-v2/langgraph_eval/agent.py:692: RuntimeWarning: This package (`duckduckgo_search`) has been renamed to `ddgs`! Use `pip install ddgs` instead.
  with DDGS() as ddgs:
/home/alexander/Schreibtisch/ofa-v2/langgraph_eval/agent.py:692: RuntimeWarning: This package (`duckduckgo_search`) has been renamed to `ddgs`! Use `pip install ddgs` instead.
  with DDGS() as ddgs:
/home/alexander/Schreibtisch/ofa-v2/langgraph_eval/agent.py:692: RuntimeWarning: This package (`duckduckgo_search`) has been renamed to `ddgs`! Use `pip install ddgs` instead.
  with DDGS() as ddgs:
/home/alexander/Schreibtisch/ofa-v2/langgraph_eval/agent.py:692: RuntimeWarning: This package (`duckduckgo_search`) has been renamed to `ddgs`! Use `pip install ddgs` instead.
  with DDGS() as ddgs:
/home/alexander/Schreibtisch/ofa-v2/langgraph_eval/agent.py:692: RuntimeWarning: This package (`duckduckgo_search`) has been renamed to `ddgs`! Use `pip install ddgs` instead.
  with DDGS() as ddgs:
2026-09-02 23:48:35,096 [mcp.server.lowlevel.server] INFO: Processing request of type CallToolRequest
2026-09-02 23:48:35,127 [mcp.server.lowlevel.server] INFO: Processing request of type CallToolRequest
2026-09-02 23:48:50,680 [mcp.server.lowlevel.server] INFO: Processing request of type CallToolRequest
/home/alexander/Schreibtisch/ofa-v2/langgraph_eval/agent.py:767: LangGraphDeprecatedSinceV10: create_react_agent has been moved to `langchain.agents`. Please update your import to `from langchain.agents import create_agent`. Deprecated in LangGraph V1.0 to be removed in V2.0.
  sub_agent = create_react_agent(
2026-09-02 23:50:08,191 [mcp.server.lowlevel.server] INFO: Processing request of type CallToolRequest
2026-09-02 23:50:08,218 [mcp.server.lowlevel.server] INFO: Processing request of type CallToolRequest
2026-09-02 23:50:08,230 [mcp.server.lowlevel.server] INFO: Processing request of type CallToolRequest
2026-09-02 23:52:28,348 [mcp.server.lowlevel.server] INFO: Processing request of type CallToolRequest
2026-09-02 23:52:37,642 [mcp.server.lowlevel.server] INFO: Processing request of type CallToolRequest
2026-09-02 23:53:29,233 [mcp.server.lowlevel.server] INFO: Processing request of type CallToolRequest
2026-09-02 23:53:38,803 [mcp.server.lowlevel.server] INFO: Processing request of type CallToolRequest
2026-09-02 23:55:09,087 [mcp.server.lowlevel.server] INFO: Processing request of type CallToolRequest
/home/alexander/Schreibtisch/ofa-v2/langgraph_eval/agent.py:961: ResourceWarning: unclosed file <_io.TextIOWrapper name='/home/alexander/Schreibtisch/ofa-v2/campaign3_blind/runs/C2_27b_MCP_seed903/work/residual_level1.csv' mode='r' encoding='UTF-8'>
  rows = [row for row in _csv.reader(r.open()) if row]
ResourceWarning: Enable tracemalloc to get the object allocation traceback
/home/alexander/Schreibtisch/ofa-v2/campaign3_blind/.source_snapshots/2232cd8fe8872e8b688abc402a85f5f2e60867206fe88c62189efcf36aa7db43/src/tools/result_audit.py:410: ResourceWarning: unclosed file <_io.TextIOWrapper name='/home/alexander/Schreibtisch/ofa-v2/campaign3_blind/runs/C2_27b_MCP_seed903/work/residual_level1.csv' mode='r' encoding='UTF-8'>
  body = tuple(r[-1].strip() for r in _csv.reader(q.open()) if r)
ResourceWarning: Enable tracemalloc to get the object allocation traceback
/home/alexander/Schreibtisch/ofa-v2/langgraph_eval/agent.py:961: ResourceWarning: unclosed file <_io.TextIOWrapper name='/home/alexander/Schreibtisch/ofa-v2/campaign3_blind/runs/C2_27b_MCP_seed903/work/residual_level1.csv' mode='r' encoding='UTF-8'>
  rows = [row for row in _csv.reader(r.open()) if row]
ResourceWarning: Enable tracemalloc to get the object allocation traceback
/home/alexander/Schreibtisch/ofa-v2/campaign3_blind/.source_snapshots/2232cd8fe8872e8b688abc402a85f5f2e60867206fe88c62189efcf36aa7db43/src/tools/result_audit.py:410: ResourceWarning: unclosed file <_io.TextIOWrapper name='/home/alexander/Schreibtisch/ofa-v2/campaign3_blind/runs/C2_27b_MCP_seed903/work/residual_level1.csv' mode='r' encoding='UTF-8'>
  body = tuple(r[-1].strip() for r in _csv.reader(q.open()) if r)
ResourceWarning: Enable tracemalloc to get the object allocation traceback
/home/alexander/Schreibtisch/ofa-v2/campaign3_blind/.source_snapshots/2232cd8fe8872e8b688abc402a85f5f2e60867206fe88c62189efcf36aa7db43/src/tools/result_audit.py:1010: ResourceWarning: unclosed file <_io.TextIOWrapper name='/home/alexander/Schreibtisch/ofa-v2/campaign3_blind/runs/C2_27b_MCP_seed903/work/solution_level1_A.csv' mode='r' encoding='UTF-8'>
  rows = [r for r in _csv.reader(f.open())
ResourceWarning: Enable tracemalloc to get the object allocation traceback
/home/alexander/Schreibtisch/ofa-v2/campaign3_blind/.source_snapshots/2232cd8fe8872e8b688abc402a85f5f2e60867206fe88c62189efcf36aa7db43/src/tools/result_audit.py:1010: ResourceWarning: unclosed file <_io.TextIOWrapper name='/home/alexander/Schreibtisch/ofa-v2/campaign3_blind/runs/C2_27b_MCP_seed903/work/solution_level1_B.csv' mode='r' encoding='UTF-8'>
  rows = [r for r in _csv.reader(f.open())
ResourceWarning: Enable tracemalloc to get the object allocation traceback
/home/alexander/Schreibtisch/ofa-v2/langgraph_eval/agent.py:961: ResourceWarning: unclosed file <_io.TextIOWrapper name='/home/alexander/Schreibtisch/ofa-v2/campaign3_blind/runs/C2_27b_MCP_seed902/work/residual_level1.csv' mode='r' encoding='UTF-8'>
  rows = [row for row in _csv.reader(r.open()) if row]
ResourceWarning: Enable tracemalloc to get the object allocation traceback
/home/alexander/Schreibtisch/ofa-v2/campaign3_blind/.source_snapshots/2232cd8fe8872e8b688abc402a85f5f2e60867206fe88c62189efcf36aa7db43/src/tools/result_audit.py:410: ResourceWarning: unclosed file <_io.TextIOWrapper name='/home/alexander/Schreibtisch/ofa-v2/campaign3_blind/runs/C2_27b_MCP_seed902/work/residual_level1.csv' mode='r' encoding='UTF-8'>
  body = tuple(r[-1].strip() for r in _csv.reader(q.open()) if r)
ResourceWarning: Enable tracemalloc to get the object allocation traceback
/home/alexander/Schreibtisch/ofa-v2/campaign3_blind/.source_snapshots/2232cd8fe8872e8b688abc402a85f5f2e60867206fe88c62189efcf36aa7db43/src/tools/result_audit.py:410: ResourceWarning: unclosed file <_io.TextIOWrapper name='/home/alexander/Schreibtisch/ofa-v2/campaign3_blind/runs/C2_27b_MCP_seed903/work/residual_level1.csv' mode='r' encoding='UTF-8'>
  body = tuple(r[-1].strip() for r in _csv.reader(q.open()) if r)
ResourceWarning: Enable tracemalloc to get the object allocation traceback
/home/alexander/Schreibtisch/ofa-v2/campaign3_blind/.source_snapshots/2232cd8fe8872e8b688abc402a85f5f2e60867206fe88c62189efcf36aa7db43/src/tools/result_audit.py:525: ResourceWarning: unclosed file <_io.TextIOWrapper name='/home/alexander/Schreibtisch/ofa-v2/campaign3_blind/runs/C2_27b_MCP_seed903/work/solution_level1_A.csv' mode='r' encoding='UTF-8'>
  rows = sum(1 for _ in open(sol0[0], errors="ignore")) - 1
ResourceWarning: Enable tracemalloc to get the object allocation traceback
/home/alexander/Schreibtisch/ofa-v2/campaign3_blind/.source_snapshots/2232cd8fe8872e8b688abc402a85f5f2e60867206fe88c62189efcf36aa7db43/src/tools/result_audit.py:1010: ResourceWarning: unclosed file <_io.TextIOWrapper name='/home/alexander/Schreibtisch/ofa-v2/campaign3_blind/runs/C2_27b_MCP_seed903/work/solution_level1_A.csv' mode='r' encoding='UTF-8'>
  rows = [r for r in _csv.reader(f.open())
ResourceWarning: Enable tracemalloc to get the object allocation traceback
/home/alexander/Schreibtisch/ofa-v2/campaign3_blind/.source_snapshots/2232cd8fe8872e8b688abc402a85f5f2e60867206fe88c62189efcf36aa7db43/src/tools/result_audit.py:1010: ResourceWarning: unclosed file <_io.TextIOWrapper name='/home/alexander/Schreibtisch/ofa-v2/campaign3_blind/runs/C2_27b_MCP_seed903/work/solution_level1_B.csv' mode='r' encoding='UTF-8'>
  rows = [r for r in _csv.reader(f.open())
ResourceWarning: Enable tracemalloc to get the object allocation traceback
/home/alexander/Schreibtisch/ofa-v2/langgraph_eval/agent.py:961: ResourceWarning: unclosed file <_io.TextIOWrapper name='/home/alexander/Schreibtisch/ofa-v2/campaign3_blind/runs/C2_27b_MCP_seed903/work/residual_level1.csv' mode='r' encoding='UTF-8'>
  rows = [row for row in _csv.reader(r.open()) if row]
ResourceWarning: Enable tracemalloc to get the object allocation traceback
/home/alexander/Schreibtisch/ofa-v2/campaign3_blind/.source_snapshots/2232cd8fe8872e8b688abc402a85f5f2e60867206fe88c62189efcf36aa7db43/src/tools/result_audit.py:410: ResourceWarning: unclosed file <_io.TextIOWrapper name='/home/alexander/Schreibtisch/ofa-v2/campaign3_blind/runs/C2_27b_MCP_seed903/work/residual_level1.csv' mode='r' encoding='UTF-8'>
  body = tuple(r[-1].strip() for r in _csv.reader(q.open()) if r)
ResourceWarning: Enable tracemalloc to get the object allocation traceback
/home/alexander/Schreibtisch/ofa-v2/campaign3_blind/.source_snapshots/2232cd8fe8872e8b688abc402a85f5f2e60867206fe88c62189efcf36aa7db43/src/tools/result_audit.py:525: ResourceWarning: unclosed file <_io.TextIOWrapper name='/home/alexander/Schreibtisch/ofa-v2/campaign3_blind/runs/C2_27b_MCP_seed903/work/solution_level1_A.csv' mode='r' encoding='UTF-8'>
  rows = sum(1 for _ in open(sol0[0], errors="ignore")) - 1
ResourceWarning: Enable tracemalloc to get the object allocation traceback
/home/alexander/Schreibtisch/ofa-v2/campaign3_blind/.source_snapshots/2232cd8fe8872e8b688abc402a85f5f2e60867206fe88c62189efcf36aa7db43/src/tools/result_audit.py:1010: ResourceWarning: unclosed file <_io.TextIOWrapper name='/home/alexander/Schreibtisch/ofa-v2/campaign3_blind/runs/C2_27b_MCP_seed903/work/solution_level1_A.csv' mode='r' encoding='UTF-8'>
  rows = [r for r in _csv.reader(f.open())
ResourceWarning: Enable tracemalloc to get the object allocation traceback
/home/alexander/Schreibtisch/ofa-v2/campaign3_blind/.source_snapshots/2232cd8fe8872e8b688abc402a85f5f2e60867206fe88c62189efcf36aa7db43/src/tools/result_audit.py:1010: ResourceWarning: unclosed file <_io.TextIOWrapper name='/home/alexander/Schreibtisch/ofa-v2/campaign3_blind/runs/C2_27b_MCP_seed903/work/solution_level1_B.csv' mode='r' encoding='UTF-8'>
  rows = [r for r in _csv.reader(f.open())
ResourceWarning: Enable tracemalloc to get the object allocation traceback
/home/alexander/Schreibtisch/ofa-v2/campaign3_blind/.source_snapshots/2232cd8fe8872e8b688abc402a85f5f2e60867206fe88c62189efcf36aa7db43/src/tools/result_audit.py:410: ResourceWarning: unclosed file <_io.TextIOWrapper name='/home/alexander/Schreibtisch/ofa-v2/campaign3_blind/runs/C2_27b_MCP_seed903/work/residual_level1.csv' mode='r' encoding='UTF-8'>
  body = tuple(r[-1].strip() for r in _csv.reader(q.open()) if r)
ResourceWarning: Enable tracemalloc to get the object allocation traceback
/home/alexander/Schreibtisch/ofa-v2/campaign3_blind/.source_snapshots/2232cd8fe8872e8b688abc402a85f5f2e60867206fe88c62189efcf36aa7db43/src/tools/result_audit.py:410: ResourceWarning: unclosed file <_io.TextIOWrapper name='/home/alexander/Schreibtisch/ofa-v2/campaign3_blind/runs/C2_27b_MCP_seed903/work/residual_level2.csv' mode='r' encoding='UTF-8'>
  body = tuple(r[-1].strip() for r in _csv.reader(q.open()) if r)
ResourceWarning: Enable tracemalloc to get the object allocation traceback
/home/alexander/Schreibtisch/ofa-v2/campaign3_blind/.source_snapshots/2232cd8fe8872e8b688abc402a85f5f2e60867206fe88c62189efcf36aa7db43/src/tools/result_audit.py:410: ResourceWarning: unclosed file <_io.TextIOWrapper name='/home/alexander/Schreibtisch/ofa-v2/campaign3_blind/runs/C2_27b_MCP_seed903/work/residual_level3.csv' mode='r' encoding='UTF-8'>
  body = tuple(r[-1].strip() for r in _csv.reader(q.open()) if r)
ResourceWarning: Enable tracemalloc to get the object allocation traceback
/home/alexander/Schreibtisch/ofa-v2/campaign3_blind/.source_snapshots/2232cd8fe8872e8b688abc402a85f5f2e60867206fe88c62189efcf36aa7db43/src/tools/result_audit.py:1010: ResourceWarning: unclosed file <_io.TextIOWrapper name='/home/alexander/Schreibtisch/ofa-v2/campaign3_blind/runs/C2_27b_MCP_seed903/work/solution_level1_A.csv' mode='r' encoding='UTF-8'>
  rows = [r for r in _csv.reader(f.open())
ResourceWarning: Enable tracemalloc to get the object allocation traceback
/home/alexander/Schreibtisch/ofa-v2/campaign3_blind/.source_snapshots/2232cd8fe8872e8b688abc402a85f5f2e60867206fe88c62189efcf36aa7db43/src/tools/result_audit.py:1010: ResourceWarning: unclosed file <_io.TextIOWrapper name='/home/alexander/Schreibtisch/ofa-v2/campaign3_blind/runs/C2_27b_MCP_seed903/work/solution_level1_B.csv' mode='r' encoding='UTF-8'>
  rows = [r for r in _csv.reader(f.open())
ResourceWarning: Enable tracemalloc to get the object allocation traceback
/home/alexander/Schreibtisch/ofa-v2/campaign3_blind/.source_snapshots/2232cd8fe8872e8b688abc402a85f5f2e60867206fe88c62189efcf36aa7db43/src/tools/result_audit.py:1010: ResourceWarning: unclosed file <_io.TextIOWrapper name='/home/alexander/Schreibtisch/ofa-v2/campaign3_blind/runs/C2_27b_MCP_seed903/work/solution_level2_A.csv' mode='r' encoding='UTF-8'>
  rows = [r for r in _csv.reader(f.open())
ResourceWarning: Enable tracemalloc to get the object allocation traceback
/home/alexander/Schreibtisch/ofa-v2/campaign3_blind/.source_snapshots/2232cd8fe8872e8b688abc402a85f5f2e60867206fe88c62189efcf36aa7db43/src/tools/result_audit.py:1010: ResourceWarning: unclosed file <_io.TextIOWrapper name='/home/alexander/Schreibtisch/ofa-v2/campaign3_blind/runs/C2_27b_MCP_seed903/work/solution_level2_B.csv' mode='r' encoding='UTF-8'>
  rows = [r for r in _csv.reader(f.open())
ResourceWarning: Enable tracemalloc to get the object allocation traceback
/home/alexander/Schreibtisch/ofa-v2/campaign3_blind/.source_snapshots/2232cd8fe8872e8b688abc402a85f5f2e60867206fe88c62189efcf36aa7db43/src/tools/result_audit.py:1010: ResourceWarning: unclosed file <_io.TextIOWrapper name='/home/alexander/Schreibtisch/ofa-v2/campaign3_blind/runs/C2_27b_MCP_seed903/work/solution_level3_A.csv' mode='r' encoding='UTF-8'>
  rows = [r for r in _csv.reader(f.open())
ResourceWarning: Enable tracemalloc to get the object allocation traceback
/home/alexander/Schreibtisch/ofa-v2/campaign3_blind/.source_snapshots/2232cd8fe8872e8b688abc402a85f5f2e60867206fe88c62189efcf36aa7db43/src/tools/result_audit.py:1010: ResourceWarning: unclosed file <_io.TextIOWrapper name='/home/alexander/Schreibtisch/ofa-v2/campaign3_blind/runs/C2_27b_MCP_seed903/work/solution_level3_B.csv' mode='r' encoding='UTF-8'>
  rows = [r for r in _csv.reader(f.open())
ResourceWarning: Enable tracemalloc to get the object allocation traceback
/home/alexander/Schreibtisch/ofa-v2/campaign3_blind/.source_snapshots/2232cd8fe8872e8b688abc402a85f5f2e60867206fe88c62189efcf36aa7db43/src/tools/result_audit.py:410: ResourceWarning: unclosed file <_io.TextIOWrapper name='/home/alexander/Schreibtisch/ofa-v2/campaign3_blind/runs/C2_27b_MCP_seed903/work/residual_level1.csv' mode='r' encoding='UTF-8'>
  body = tuple(r[-1].strip() for r in _csv.reader(q.open()) if r)
ResourceWarning: Enable tracemalloc to get the object allocation traceback
/home/alexander/Schreibtisch/ofa-v2/campaign3_blind/.source_snapshots/2232cd8fe8872e8b688abc402a85f5f2e60867206fe88c62189efcf36aa7db43/src/tools/result_audit.py:410: ResourceWarning: unclosed file <_io.TextIOWrapper name='/home/alexander/Schreibtisch/ofa-v2/campaign3_blind/runs/C2_27b_MCP_seed903/work/residual_level2.csv' mode='r' encoding='UTF-8'>
  body = tuple(r[-1].strip() for r in _csv.reader(q.open()) if r)
ResourceWarning: Enable tracemalloc to get the object allocation traceback
/home/alexander/Schreibtisch/ofa-v2/campaign3_blind/.source_snapshots/2232cd8fe8872e8b688abc402a85f5f2e60867206fe88c62189efcf36aa7db43/src/tools/result_audit.py:410: ResourceWarning: unclosed file <_io.TextIOWrapper name='/home/alexander/Schreibtisch/ofa-v2/campaign3_blind/runs/C2_27b_MCP_seed903/work/residual_level3.csv' mode='r' encoding='UTF-8'>
  body = tuple(r[-1].strip() for r in _csv.reader(q.open()) if r)
ResourceWarning: Enable tracemalloc to get the object allocation traceback
/home/alexander/Schreibtisch/ofa-v2/campaign3_blind/.source_snapshots/2232cd8fe8872e8b688abc402a85f5f2e60867206fe88c62189efcf36aa7db43/src/tools/result_audit.py:525: ResourceWarning: unclosed file <_io.TextIOWrapper name='/home/alexander/Schreibtisch/ofa-v2/campaign3_blind/runs/C2_27b_MCP_seed903/work/solution_level1_A.csv' mode='r' encoding='UTF-8'>
  rows = sum(1 for _ in open(sol0[0], errors="ignore")) - 1
ResourceWarning: Enable tracemalloc to get the object allocation traceback
/home/alexander/Schreibtisch/ofa-v2/campaign3_blind/.source_snapshots/2232cd8fe8872e8b688abc402a85f5f2e60867206fe88c62189efcf36aa7db43/src/tools/result_audit.py:1010: ResourceWarning: unclosed file <_io.TextIOWrapper name='/home/alexander/Schreibtisch/ofa-v2/campaign3_blind/runs/C2_27b_MCP_seed903/work/solution_level1_A.csv' mode='r' encoding='UTF-8'>
  rows = [r for r in _csv.reader(f.open())
ResourceWarning: Enable tracemalloc to get the object allocation traceback
/home/alexander/Schreibtisch/ofa-v2/campaign3_blind/.source_snapshots/2232cd8fe8872e8b688abc402a85f5f2e60867206fe88c62189efcf36aa7db43/src/tools/result_audit.py:1010: ResourceWarning: unclosed file <_io.TextIOWrapper name='/home/alexander/Schreibtisch/ofa-v2/campaign3_blind/runs/C2_27b_MCP_seed903/work/solution_level1_B.csv' mode='r' encoding='UTF-8'>
  rows = [r for r in _csv.reader(f.open())
ResourceWarning: Enable tracemalloc to get the object allocation traceback
/home/alexander/Schreibtisch/ofa-v2/campaign3_blind/.source_snapshots/2232cd8fe8872e8b688abc402a85f5f2e60867206fe88c62189efcf36aa7db43/src/tools/result_audit.py:1010: ResourceWarning: unclosed file <_io.TextIOWrapper name='/home/alexander/Schreibtisch/ofa-v2/campaign3_blind/runs/C2_27b_MCP_seed903/work/solution_level2_A.csv' mode='r' encoding='UTF-8'>
  rows = [r for r in _csv.reader(f.open())
ResourceWarning: Enable tracemalloc to get the object allocation traceback
/home/alexander/Schreibtisch/ofa-v2/campaign3_blind/.source_snapshots/2232cd8fe8872e8b688abc402a85f5f2e60867206fe88c62189efcf36aa7db43/src/tools/result_audit.py:1010: ResourceWarning: unclosed file <_io.TextIOWrapper name='/home/alexander/Schreibtisch/ofa-v2/campaign3_blind/runs/C2_27b_MCP_seed903/work/solution_level2_B.csv' mode='r' encoding='UTF-8'>
  rows = [r for r in _csv.reader(f.open())
ResourceWarning: Enable tracemalloc to get the object allocation traceback
/home/alexander/Schreibtisch/ofa-v2/campaign3_blind/.source_snapshots/2232cd8fe8872e8b688abc402a85f5f2e60867206fe88c62189efcf36aa7db43/src/tools/result_audit.py:1010: ResourceWarning: unclosed file <_io.TextIOWrapper name='/home/alexander/Schreibtisch/ofa-v2/campaign3_blind/runs/C2_27b_MCP_seed903/work/solution_level3_A.csv' mode='r' encoding='UTF-8'>
  rows = [r for r in _csv.reader(f.open())
ResourceWarning: Enable tracemalloc to get the object allocation traceback
/home/alexander/Schreibtisch/ofa-v2/campaign3_blind/.source_snapshots/2232cd8fe8872e8b688abc402a85f5f2e60867206fe88c62189efcf36aa7db43/src/tools/result_audit.py:1010: ResourceWarning: unclosed file <_io.TextIOWrapper name='/home/alexander/Schreibtisch/ofa-v2/campaign3_blind/runs/C2_27b_MCP_seed903/work/solution_level3_B.csv' mode='r' encoding='UTF-8'>
  rows = [r for r in _csv.reader(f.open())
ResourceWarning: Enable tracemalloc to get the object allocation traceback
2026-09-02 23:58:47,258 [mcp.server.lowlevel.server] INFO: Processing request of type CallToolRequest
/home/alexander/Schreibtisch/ofa-v2/campaign3_blind/.source_snapshots/2232cd8fe8872e8b688abc402a85f5f2e60867206fe88c62189efcf36aa7db43/src/tools/result_audit.py:410: ResourceWarning: unclosed file <_io.TextIOWrapper name='/home/alexander/Schreibtisch/ofa-v2/campaign3_blind/runs/C2_27b_MCP_seed903/work/residual_level1.csv' mode='r' encoding='UTF-8'>
  body = tuple(r[-1].strip() for r in _csv.reader(q.open()) if r)
ResourceWarning: Enable tracemalloc to get the object allocation traceback
/home/alexander/Schreibtisch/ofa-v2/campaign3_blind/.source_snapshots/2232cd8fe8872e8b688abc402a85f5f2e60867206fe88c62189efcf36aa7db43/src/tools/result_audit.py:410: ResourceWarning: unclosed file <_io.TextIOWrapper name='/home/alexander/Schreibtisch/ofa-v2/campaign3_blind/runs/C2_27b_MCP_seed903/work/residual_level2.csv' mode='r' encoding='UTF-8'>
  body = tuple(r[-1].strip() for r in _csv.reader(q.open()) if r)
ResourceWarning: Enable tracemalloc to get the object allocation traceback
/home/alexander/Schreibtisch/ofa-v2/campaign3_blind/.source_snapshots/2232cd8fe8872e8b688abc402a85f5f2e60867206fe88c62189efcf36aa7db43/src/tools/result_audit.py:410: ResourceWarning: unclosed file <_io.TextIOWrapper name='/home/alexander/Schreibtisch/ofa-v2/campaign3_blind/runs/C2_27b_MCP_seed903/work/residual_level3.csv' mode='r' encoding='UTF-8'>
  body = tuple(r[-1].strip() for r in _csv.reader(q.open()) if r)
ResourceWarning: Enable tracemalloc to get the object allocation traceback
/home/alexander/Schreibtisch/ofa-v2/campaign3_blind/.source_snapshots/2232cd8fe8872e8b688abc402a85f5f2e60867206fe88c62189efcf36aa7db43/src/tools/result_audit.py:525: ResourceWarning: unclosed file <_io.TextIOWrapper name='/home/alexander/Schreibtisch/ofa-v2/campaign3_blind/runs/C2_27b_MCP_seed903/work/solution_level1_A.csv' mode='r' encoding='UTF-8'>
  rows = sum(1 for _ in open(sol0[0], errors="ignore")) - 1
ResourceWarning: Enable tracemalloc to get the object allocation traceback
/home/alexander/Schreibtisch/ofa-v2/campaign3_blind/.source_snapshots/2232cd8fe8872e8b688abc402a85f5f2e60867206fe88c62189efcf36aa7db43/src/tools/result_audit.py:1010: ResourceWarning: unclosed file <_io.TextIOWrapper name='/home/alexander/Schreibtisch/ofa-v2/campaign3_blind/runs/C2_27b_MCP_seed903/work/solution_level1_A.csv' mode='r' encoding='UTF-8'>
  rows = [r for r in _csv.reader(f.open())
ResourceWarning: Enable tracemalloc to get the object allocation traceback
/home/alexander/Schreibtisch/ofa-v2/campaign3_blind/.source_snapshots/2232cd8fe8872e8b688abc402a85f5f2e60867206fe88c62189efcf36aa7db43/src/tools/result_audit.py:1010: ResourceWarning: unclosed file <_io.TextIOWrapper name='/home/alexander/Schreibtisch/ofa-v2/campaign3_blind/runs/C2_27b_MCP_seed903/work/solution_level1_B.csv' mode='r' encoding='UTF-8'>
  rows = [r for r in _csv.reader(f.open())
ResourceWarning: Enable tracemalloc to get the object allocation traceback
/home/alexander/Schreibtisch/ofa-v2/campaign3_blind/.source_snapshots/2232cd8fe8872e8b688abc402a85f5f2e60867206fe88c62189efcf36aa7db43/src/tools/result_audit.py:1010: ResourceWarning: unclosed file <_io.TextIOWrapper name='/home/alexander/Schreibtisch/ofa-v2/campaign3_blind/runs/C2_27b_MCP_seed903/work/solution_level2_A.csv' mode='r' encoding='UTF-8'>
  rows = [r for r in _csv.reader(f.open())
ResourceWarning: Enable tracemalloc to get the object allocation traceback
/home/alexander/Schreibtisch/ofa-v2/campaign3_blind/.source_snapshots/2232cd8fe8872e8b688abc402a85f5f2e60867206fe88c62189efcf36aa7db43/src/tools/result_audit.py:1010: ResourceWarning: unclosed file <_io.TextIOWrapper name='/home/alexander/Schreibtisch/ofa-v2/campaign3_blind/runs/C2_27b_MCP_seed903/work/solution_level2_B.csv' mode='r' encoding='UTF-8'>
  rows = [r for r in _csv.reader(f.open())
ResourceWarning: Enable tracemalloc to get the object allocation traceback
/home/alexander/Schreibtisch/ofa-v2/campaign3_blind/.source_snapshots/2232cd8fe8872e8b688abc402a85f5f2e60867206fe88c62189efcf36aa7db43/src/tools/result_audit.py:1010: ResourceWarning: unclosed file <_io.TextIOWrapper name='/home/alexander/Schreibtisch/ofa-v2/campaign3_blind/runs/C2_27b_MCP_seed903/work/solution_level3_A.csv' mode='r' encoding='UTF-8'>
  rows = [r for r in _csv.reader(f.open())
ResourceWarning: Enable tracemalloc to get the object allocation traceback
/home/alexander/Schreibtisch/ofa-v2/campaign3_blind/.source_snapshots/2232cd8fe8872e8b688abc402a85f5f2e60867206fe88c62189efcf36aa7db43/src/tools/result_audit.py:1010: ResourceWarning: unclosed file <_io.TextIOWrapper name='/home/alexander/Schreibtisch/ofa-v2/campaign3_blind/runs/C2_27b_MCP_seed903/work/solution_level3_B.csv' mode='r' encoding='UTF-8'>
  rows = [r for r in _csv.reader(f.open())
ResourceWarning: Enable tracemalloc to get the object allocation traceback
/home/alexander/Schreibtisch/ofa-v2/langgraph_eval/agent.py:961: ResourceWarning: unclosed file <_io.TextIOWrapper name='/home/alexander/Schreibtisch/ofa-v2/campaign3_blind/runs/C2_27b_MCP_seed902/work/residual_level1.csv' mode='r' encoding='UTF-8'>
  rows = [row for row in _csv.reader(r.open()) if row]
ResourceWarning: Enable tracemalloc to get the object allocation traceback
/home/alexander/Schreibtisch/ofa-v2/campaign3_blind/.source_snapshots/2232cd8fe8872e8b688abc402a85f5f2e60867206fe88c62189efcf36aa7db43/src/tools/result_audit.py:410: ResourceWarning: unclosed file <_io.TextIOWrapper name='/home/alexander/Schreibtisch/ofa-v2/campaign3_blind/runs/C2_27b_MCP_seed902/work/residual_level1.csv' mode='r' encoding='UTF-8'>
  body = tuple(r[-1].strip() for r in _csv.reader(q.open()) if r)
ResourceWarning: Enable tracemalloc to get the object allocation traceback
/home/alexander/Schreibtisch/ofa-v2/campaign3_blind/.source_snapshots/2232cd8fe8872e8b688abc402a85f5f2e60867206fe88c62189efcf36aa7db43/src/tools/result_audit.py:410: ResourceWarning: unclosed file <_io.TextIOWrapper name='/home/alexander/Schreibtisch/ofa-v2/campaign3_blind/runs/C2_27b_MCP_seed903/work/residual_level1.csv' mode='r' encoding='UTF-8'>
  body = tuple(r[-1].strip() for r in _csv.reader(q.open()) if r)
ResourceWarning: Enable tracemalloc to get the object allocation traceback
/home/alexander/Schreibtisch/ofa-v2/campaign3_blind/.source_snapshots/2232cd8fe8872e8b688abc402a85f5f2e60867206fe88c62189efcf36aa7db43/src/tools/result_audit.py:410: ResourceWarning: unclosed file <_io.TextIOWrapper name='/home/alexander/Schreibtisch/ofa-v2/campaign3_blind/runs/C2_27b_MCP_seed903/work/residual_level2.csv' mode='r' encoding='UTF-8'>
  body = tuple(r[-1].strip() for r in _csv.reader(q.open()) if r)
ResourceWarning: Enable tracemalloc to get the object allocation traceback
/home/alexander/Schreibtisch/ofa-v2/campaign3_blind/.source_snapshots/2232cd8fe8872e8b688abc402a85f5f2e60867206fe88c62189efcf36aa7db43/src/tools/result_audit.py:410: ResourceWarning: unclosed file <_io.TextIOWrapper name='/home/alexander/Schreibtisch/ofa-v2/campaign3_blind/runs/C2_27b_MCP_seed903/work/residual_level3.csv' mode='r' encoding='UTF-8'>
  body = tuple(r[-1].strip() for r in _csv.reader(q.open()) if r)
ResourceWarning: Enable tracemalloc to get the object allocation traceback
/home/alexander/Schreibtisch/ofa-v2/campaign3_blind/.source_snapshots/2232cd8fe8872e8b688abc402a85f5f2e60867206fe88c62189efcf36aa7db43/src/tools/result_audit.py:525: ResourceWarning: unclosed file <_io.TextIOWrapper name='/home/alexander/Schreibtisch/ofa-v2/campaign3_blind/runs/C2_27b_MCP_seed903/work/solution_level1_A.csv' mode='r' encoding='UTF-8'>
  rows = sum(1 for _ in open(sol0[0], errors="ignore")) - 1
ResourceWarning: Enable tracemalloc to get the object allocation traceback
/home/alexander/Schreibtisch/ofa-v2/campaign3_blind/.source_snapshots/2232cd8fe8872e8b688abc402a85f5f2e60867206fe88c62189efcf36aa7db43/src/tools/result_audit.py:1010: ResourceWarning: unclosed file <_io.TextIOWrapper name='/home/alexander/Schreibtisch/ofa-v2/campaign3_blind/runs/C2_27b_MCP_seed903/work/solution_level1_A.csv' mode='r' encoding='UTF-8'>
  rows = [r for r in _csv.reader(f.open())
ResourceWarning: Enable tracemalloc to get the object allocation traceback
/home/alexander/Schreibtisch/ofa-v2/campaign3_blind/.source_snapshots/2232cd8fe8872e8b688abc402a85f5f2e60867206fe88c62189efcf36aa7db43/src/tools/result_audit.py:1010: ResourceWarning: unclosed file <_io.TextIOWrapper name='/home/alexander/Schreibtisch/ofa-v2/campaign3_blind/runs/C2_27b_MCP_seed903/work/solution_level1_B.csv' mode='r' encoding='UTF-8'>
  rows = [r for r in _csv.reader(f.open())
ResourceWarning: Enable tracemalloc to get the object allocation traceback
/home/alexander/Schreibtisch/ofa-v2/campaign3_blind/.source_snapshots/2232cd8fe8872e8b688abc402a85f5f2e60867206fe88c62189efcf36aa7db43/src/tools/result_audit.py:1010: ResourceWarning: unclosed file <_io.TextIOWrapper name='/home/alexander/Schreibtisch/ofa-v2/campaign3_blind/runs/C2_27b_MCP_seed903/work/solution_level2_A.csv' mode='r' encoding='UTF-8'>
  rows = [r for r in _csv.reader(f.open())
ResourceWarning: Enable tracemalloc to get the object allocation traceback
/home/alexander/Schreibtisch/ofa-v2/campaign3_blind/.source_snapshots/2232cd8fe8872e8b688abc402a85f5f2e60867206fe88c62189efcf36aa7db43/src/tools/result_audit.py:1010: ResourceWarning: unclosed file <_io.TextIOWrapper name='/home/alexander/Schreibtisch/ofa-v2/campaign3_blind/runs/C2_27b_MCP_seed903/work/solution_level2_B.csv' mode='r' encoding='UTF-8'>
  rows = [r for r in _csv.reader(f.open())
ResourceWarning: Enable tracemalloc to get the object allocation traceback
/home/alexander/Schreibtisch/ofa-v2/campaign3_blind/.source_snapshots/2232cd8fe8872e8b688abc402a85f5f2e60867206fe88c62189efcf36aa7db43/src/tools/result_audit.py:1010: ResourceWarning: unclosed file <_io.TextIOWrapper name='/home/alexander/Schreibtisch/ofa-v2/campaign3_blind/runs/C2_27b_MCP_seed903/work/solution_level3_A.csv' mode='r' encoding='UTF-8'>
  rows = [r for r in _csv.reader(f.open())
ResourceWarning: Enable tracemalloc to get the object allocation traceback
/home/alexander/Schreibtisch/ofa-v2/campaign3_blind/.source_snapshots/2232cd8fe8872e8b688abc402a85f5f2e60867206fe88c62189efcf36aa7db43/src/tools/result_audit.py:1010: ResourceWarning: unclosed file <_io.TextIOWrapper name='/home/alexander/Schreibtisch/ofa-v2/campaign3_blind/runs/C2_27b_MCP_seed903/work/solution_level3_B.csv' mode='r' encoding='UTF-8'>
  rows = [r for r in _csv.reader(f.open())
ResourceWarning: Enable tracemalloc to get the object allocation traceback
2026-09-02 23:59:18,361 [mcp.server.lowlevel.server] INFO: Processing request of type CallToolRequest
/home/alexander/Schreibtisch/ofa-v2/campaign3_blind/.source_snapshots/2232cd8fe8872e8b688abc402a85f5f2e60867206fe88c62189efcf36aa7db43/src/tools/result_audit.py:410: ResourceWarning: unclosed file <_io.TextIOWrapper name='/home/alexander/Schreibtisch/ofa-v2/campaign3_blind/runs/C2_27b_MCP_seed903/work/residual_level1.csv' mode='r' encoding='UTF-8'>
  body = tuple(r[-1].strip() for r in _csv.reader(q.open()) if r)
ResourceWarning: Enable tracemalloc to get the object allocation traceback
/home/alexander/Schreibtisch/ofa-v2/campaign3_blind/.source_snapshots/2232cd8fe8872e8b688abc402a85f5f2e60867206fe88c62189efcf36aa7db43/src/tools/result_audit.py:410: ResourceWarning: unclosed file <_io.TextIOWrapper name='/home/alexander/Schreibtisch/ofa-v2/campaign3_blind/runs/C2_27b_MCP_seed903/work/residual_level2.csv' mode='r' encoding='UTF-8'>
  body = tuple(r[-1].strip() for r in _csv.reader(q.open()) if r)
ResourceWarning: Enable tracemalloc to get the object allocation traceback
/home/alexander/Schreibtisch/ofa-v2/campaign3_blind/.source_snapshots/2232cd8fe8872e8b688abc402a85f5f2e60867206fe88c62189efcf36aa7db43/src/tools/result_audit.py:410: ResourceWarning: unclosed file <_io.TextIOWrapper name='/home/alexander/Schreibtisch/ofa-v2/campaign3_blind/runs/C2_27b_MCP_seed903/work/residual_level3.csv' mode='r' encoding='UTF-8'>
  body = tuple(r[-1].strip() for r in _csv.reader(q.open()) if r)
ResourceWarning: Enable tracemalloc to get the object allocation traceback
/home/alexander/Schreibtisch/ofa-v2/campaign3_blind/.source_snapshots/2232cd8fe8872e8b688abc402a85f5f2e60867206fe88c62189efcf36aa7db43/src/tools/result_audit.py:525: ResourceWarning: unclosed file <_io.TextIOWrapper name='/home/alexander/Schreibtisch/ofa-v2/campaign3_blind/runs/C2_27b_MCP_seed903/work/solution_level1_A.csv' mode='r' encoding='UTF-8'>
  rows = sum(1 for _ in open(sol0[0], errors="ignore")) - 1
ResourceWarning: Enable tracemalloc to get the object allocation traceback
/home/alexander/Schreibtisch/ofa-v2/campaign3_blind/.source_snapshots/2232cd8fe8872e8b688abc402a85f5f2e60867206fe88c62189efcf36aa7db43/src/tools/result_audit.py:1010: ResourceWarning: unclosed file <_io.TextIOWrapper name='/home/alexander/Schreibtisch/ofa-v2/campaign3_blind/runs/C2_27b_MCP_seed903/work/solution_level1_A.csv' mode='r' encoding='UTF-8'>
  rows = [r for r in _csv.reader(f.open())
ResourceWarning: Enable tracemalloc to get the object allocation traceback
/home/alexander/Schreibtisch/ofa-v2/campaign3_blind/.source_snapshots/2232cd8fe8872e8b688abc402a85f5f2e60867206fe88c62189efcf36aa7db43/src/tools/result_audit.py:1010: ResourceWarning: unclosed file <_io.TextIOWrapper name='/home/alexander/Schreibtisch/ofa-v2/campaign3_blind/runs/C2_27b_MCP_seed903/work/solution_level1_B.csv' mode='r' encoding='UTF-8'>
  rows = [r for r in _csv.reader(f.open())
ResourceWarning: Enable tracemalloc to get the object allocation traceback
/home/alexander/Schreibtisch/ofa-v2/campaign3_blind/.source_snapshots/2232cd8fe8872e8b688abc402a85f5f2e60867206fe88c62189efcf36aa7db43/src/tools/result_audit.py:1010: ResourceWarning: unclosed file <_io.TextIOWrapper name='/home/alexander/Schreibtisch/ofa-v2/campaign3_blind/runs/C2_27b_MCP_seed903/work/solution_level2_A.csv' mode='r' encoding='UTF-8'>
  rows = [r for r in _csv.reader(f.open())
ResourceWarning: Enable tracemalloc to get the object allocation traceback
/home/alexander/Schreibtisch/ofa-v2/campaign3_blind/.source_snapshots/2232cd8fe8872e8b688abc402a85f5f2e60867206fe88c62189efcf36aa7db43/src/tools/result_audit.py:1010: ResourceWarning: unclosed file <_io.TextIOWrapper name='/home/alexander/Schreibtisch/ofa-v2/campaign3_blind/runs/C2_27b_MCP_seed903/work/solution_level2_B.csv' mode='r' encoding='UTF-8'>
  rows = [r for r in _csv.reader(f.open())
ResourceWarning: Enable tracemalloc to get the object allocation traceback
/home/alexander/Schreibtisch/ofa-v2/campaign3_blind/.source_snapshots/2232cd8fe8872e8b688abc402a85f5f2e60867206fe88c62189efcf36aa7db43/src/tools/result_audit.py:1010: ResourceWarning: unclosed file <_io.TextIOWrapper name='/home/alexander/Schreibtisch/ofa-v2/campaign3_blind/runs/C2_27b_MCP_seed903/work/solution_level3_A.csv' mode='r' encoding='UTF-8'>
  rows = [r for r in _csv.reader(f.open())
ResourceWarning: Enable tracemalloc to get the object allocation traceback
/home/alexander/Schreibtisch/ofa-v2/campaign3_blind/.source_snapshots/2232cd8fe8872e8b688abc402a85f5f2e60867206fe88c62189efcf36aa7db43/src/tools/result_audit.py:1010: ResourceWarning: unclosed file <_io.TextIOWrapper name='/home/alexander/Schreibtisch/ofa-v2/campaign3_blind/runs/C2_27b_MCP_seed903/work/solution_level3_B.csv' mode='r' encoding='UTF-8'>
  rows = [r for r in _csv.reader(f.open())
ResourceWarning: Enable tracemalloc to get the object allocation traceback
/home/alexander/Schreibtisch/ofa-v2/langgraph_eval/agent.py:961: ResourceWarning: unclosed file <_io.TextIOWrapper name='/home/alexander/Schreibtisch/ofa-v2/campaign3_blind/runs/C2_27b_MCP_seed902/work/residual_level1.csv' mode='r' encoding='UTF-8'>
  rows = [row for row in _csv.reader(r.open()) if row]
ResourceWarning: Enable tracemalloc to get the object allocation traceback
/home/alexander/Schreibtisch/ofa-v2/campaign3_blind/.source_snapshots/2232cd8fe8872e8b688abc402a85f5f2e60867206fe88c62189efcf36aa7db43/src/tools/result_audit.py:410: ResourceWarning: unclosed file <_io.TextIOWrapper name='/home/alexander/Schreibtisch/ofa-v2/campaign3_blind/runs/C2_27b_MCP_seed902/work/residual_level1.csv' mode='r' encoding='UTF-8'>
  body = tuple(r[-1].strip() for r in _csv.reader(q.open()) if r)
ResourceWarning: Enable tracemalloc to get the object allocation traceback
2026-09-02 23:59:31,193 [oasis] INFO: Session journal saved: /tmp/oasis-source/data/sessions/session_31f2baee-a5e9-4382-9995-2f30719b53f7.json (8 events)
[source build] 8acef3028d94 sha256=2232cd8fe8872e8b... (immutable)
[preflight] custody controls verified for 1 problem(s); keys sealed and unreadable by execution
[phase: development] results are for post-mortems and convergence checking, NOT for the paper's evaluation table.
[DUNE cache] sha256=dc2d5b8ff2ebf98e... (neutral, private copy per cell)
[C2 27b MCP s903] done  calls=43 tok=4597681/36752 836.7s
/home/alexander/.local/share/python/cpython-3.12.13-linux-x86_64-gnu/lib/python3.12/asyncio/selector_events.py:879: ResourceWarning: unclosed transport <_SelectorSocketTransport fd=9>
<<< C2 MCP seed 903 done 2026-09-02 23:59:32
2026-09-02 23:59:32,353 [mcp.server.lowlevel.server] INFO: Processing request of type CallToolRequest
/home/alexander/Schreibtisch/ofa-v2/langgraph_eval/agent.py:961: ResourceWarning: unclosed file <_io.TextIOWrapper name='/home/alexander/Schreibtisch/ofa-v2/campaign3_blind/runs/C2_27b_MCP_seed902/work/residual_level1.csv' mode='r' encoding='UTF-8'>
  rows = [row for row in _csv.reader(r.open()) if row]
ResourceWarning: Enable tracemalloc to get the object allocation traceback
/home/alexander/Schreibtisch/ofa-v2/campaign3_blind/.source_snapshots/2232cd8fe8872e8b688abc402a85f5f2e60867206fe88c62189efcf36aa7db43/src/tools/result_audit.py:410: ResourceWarning: unclosed file <_io.TextIOWrapper name='/home/alexander/Schreibtisch/ofa-v2/campaign3_blind/runs/C2_27b_MCP_seed902/work/residual_level1.csv' mode='r' encoding='UTF-8'>
  body = tuple(r[-1].strip() for r in _csv.reader(q.open()) if r)
ResourceWarning: Enable tracemalloc to get the object allocation traceback
/home/alexander/Schreibtisch/ofa-v2/langgraph_eval/agent.py:961: ResourceWarning: unclosed file <_io.TextIOWrapper name='/home/alexander/Schreibtisch/ofa-v2/campaign3_blind/runs/C2_27b_MCP_seed901/work/residual_level1.csv' mode='r' encoding='UTF-8'>
  rows = [row for row in _csv.reader(r.open()) if row]
ResourceWarning: Enable tracemalloc to get the object allocation traceback
/home/alexander/Schreibtisch/ofa-v2/campaign3_blind/.source_snapshots/2232cd8fe8872e8b688abc402a85f5f2e60867206fe88c62189efcf36aa7db43/src/tools/result_audit.py:410: ResourceWarning: unclosed file <_io.TextIOWrapper name='/home/alexander/Schreibtisch/ofa-v2/campaign3_blind/runs/C2_27b_MCP_seed901/work/residual_level1.csv' mode='r' encoding='UTF-8'>
  body = tuple(r[-1].strip() for r in _csv.reader(q.open()) if r)
ResourceWarning: Enable tracemalloc to get the object allocation traceback
2026-09-03 00:03:21,917 [mcp.server.lowlevel.server] INFO: Processing request of type CallToolRequest
/home/alexander/Schreibtisch/ofa-v2/langgraph_eval/agent.py:961: ResourceWarning: unclosed file <_io.TextIOWrapper name='/home/alexander/Schreibtisch/ofa-v2/campaign3_blind/runs/C2_27b_MCP_seed901/work/residual_level1.csv' mode='r' encoding='UTF-8'>
  rows = [row for row in _csv.reader(r.open()) if row]
ResourceWarning: Enable tracemalloc to get the object allocation traceback
/home/alexander/Schreibtisch/ofa-v2/campaign3_blind/.source_snapshots/2232cd8fe8872e8b688abc402a85f5f2e60867206fe88c62189efcf36aa7db43/src/tools/result_audit.py:410: ResourceWarning: unclosed file <_io.TextIOWrapper name='/home/alexander/Schreibtisch/ofa-v2/campaign3_blind/runs/C2_27b_MCP_seed901/work/residual_level1.csv' mode='r' encoding='UTF-8'>
  body = tuple(r[-1].strip() for r in _csv.reader(q.open()) if r)
ResourceWarning: Enable tracemalloc to get the object allocation traceback
/home/alexander/Schreibtisch/ofa-v2/campaign3_blind/.source_snapshots/2232cd8fe8872e8b688abc402a85f5f2e60867206fe88c62189efcf36aa7db43/src/tools/result_audit.py:410: ResourceWarning: unclosed file <_io.TextIOWrapper name='/home/alexander/Schreibtisch/ofa-v2/campaign3_blind/runs/C2_27b_MCP_seed901/work/residual_level1.csv' mode='r' encoding='UTF-8'>
  body = tuple(r[-1].strip() for r in _csv.reader(q.open()) if r)
ResourceWarning: Enable tracemalloc to get the object allocation traceback
2026-09-03 00:06:18,628 [mcp.server.lowlevel.server] INFO: Processing request of type CallToolRequest
2026-09-03 00:07:54,889 [mcp.server.lowlevel.server] INFO: Processing request of type CallToolRequest
/home/alexander/Schreibtisch/ofa-v2/langgraph_eval/agent.py:961: ResourceWarning: unclosed file <_io.TextIOWrapper name='/home/alexander/Schreibtisch/ofa-v2/campaign3_blind/runs/C2_27b_MCP_seed901/work/residual_level1.csv' mode='r' encoding='UTF-8'>
  rows = [row for row in _csv.reader(r.open()) if row]
ResourceWarning: Enable tracemalloc to get the object allocation traceback
/home/alexander/Schreibtisch/ofa-v2/campaign3_blind/.source_snapshots/2232cd8fe8872e8b688abc402a85f5f2e60867206fe88c62189efcf36aa7db43/src/tools/result_audit.py:410: ResourceWarning: unclosed file <_io.TextIOWrapper name='/home/alexander/Schreibtisch/ofa-v2/campaign3_blind/runs/C2_27b_MCP_seed901/work/residual_level1.csv' mode='r' encoding='UTF-8'>
  body = tuple(r[-1].strip() for r in _csv.reader(q.open()) if r)
ResourceWarning: Enable tracemalloc to get the object allocation traceback
/home/alexander/Schreibtisch/ofa-v2/langgraph_eval/agent.py:961: ResourceWarning: unclosed file <_io.TextIOWrapper name='/home/alexander/Schreibtisch/ofa-v2/campaign3_blind/runs/C2_27b_MCP_seed901/work/residual_level1.csv' mode='r' encoding='UTF-8'>
  rows = [row for row in _csv.reader(r.open()) if row]
ResourceWarning: Enable tracemalloc to get the object allocation traceback
/home/alexander/Schreibtisch/ofa-v2/campaign3_blind/.source_snapshots/2232cd8fe8872e8b688abc402a85f5f2e60867206fe88c62189efcf36aa7db43/src/tools/result_audit.py:410: ResourceWarning: unclosed file <_io.TextIOWrapper name='/home/alexander/Schreibtisch/ofa-v2/campaign3_blind/runs/C2_27b_MCP_seed901/work/residual_level1.csv' mode='r' encoding='UTF-8'>
  body = tuple(r[-1].strip() for r in _csv.reader(q.open()) if r)
ResourceWarning: Enable tracemalloc to get the object allocation traceback
/home/alexander/Schreibtisch/ofa-v2/langgraph_eval/agent.py:961: ResourceWarning: unclosed file <_io.TextIOWrapper name='/home/alexander/Schreibtisch/ofa-v2/campaign3_blind/runs/C2_27b_MCP_seed901/work/residual_level1.csv' mode='r' encoding='UTF-8'>
  rows = [row for row in _csv.reader(r.open()) if row]
ResourceWarning: Enable tracemalloc to get the object allocation traceback
/home/alexander/Schreibtisch/ofa-v2/campaign3_blind/.source_snapshots/2232cd8fe8872e8b688abc402a85f5f2e60867206fe88c62189efcf36aa7db43/src/tools/result_audit.py:410: ResourceWarning: unclosed file <_io.TextIOWrapper name='/home/alexander/Schreibtisch/ofa-v2/campaign3_blind/runs/C2_27b_MCP_seed901/work/residual_level1.csv' mode='r' encoding='UTF-8'>
  body = tuple(r[-1].strip() for r in _csv.reader(q.open()) if r)
ResourceWarning: Enable tracemalloc to get the object allocation traceback
2026-09-03 00:09:31,532 [mcp.server.lowlevel.server] INFO: Processing request of type CallToolRequest
/home/alexander/Schreibtisch/ofa-v2/campaign3_blind/.source_snapshots/2232cd8fe8872e8b688abc402a85f5f2e60867206fe88c62189efcf36aa7db43/src/tools/result_audit.py:410: ResourceWarning: unclosed file <_io.TextIOWrapper name='/home/alexander/Schreibtisch/ofa-v2/campaign3_blind/runs/C2_27b_MCP_seed901/work/residual_level1.csv' mode='r' encoding='UTF-8'>
  body = tuple(r[-1].strip() for r in _csv.reader(q.open()) if r)
ResourceWarning: Enable tracemalloc to get the object allocation traceback
/home/alexander/Schreibtisch/ofa-v2/campaign3_blind/.source_snapshots/2232cd8fe8872e8b688abc402a85f5f2e60867206fe88c62189efcf36aa7db43/src/tools/result_audit.py:410: ResourceWarning: unclosed file <_io.TextIOWrapper name='/home/alexander/Schreibtisch/ofa-v2/campaign3_blind/runs/C2_27b_MCP_seed901/work/residual_level1.csv' mode='r' encoding='UTF-8'>
  body = tuple(r[-1].strip() for r in _csv.reader(q.open()) if r)
ResourceWarning: Enable tracemalloc to get the object allocation traceback
[source build] 8acef3028d94 sha256=2232cd8fe8872e8b... (immutable)
[preflight] custody controls verified for 1 problem(s); keys sealed and unreadable by execution
[phase: development] results are for post-mortems and convergence checking, NOT for the paper's evaluation table.
[DUNE cache] sha256=dc2d5b8ff2ebf98e... (neutral, private copy per cell)
[C2 27b BARE s902] done  calls=102 tok=4505058/53257 1490.6s
/home/alexander/Schreibtisch/ofa-v2/langgraph_eval/agent.py:961: ResourceWarning: unclosed file <_io.TextIOWrapper name='/home/alexander/Schreibtisch/ofa-v2/campaign3_blind/runs/C2_27b_MCP_seed901/work/residual_level1.csv' mode='r' encoding='UTF-8'>
  rows = [row for row in _csv.reader(r.open()) if row]
ResourceWarning: Enable tracemalloc to get the object allocation traceback
/home/alexander/Schreibtisch/ofa-v2/campaign3_blind/.source_snapshots/2232cd8fe8872e8b688abc402a85f5f2e60867206fe88c62189efcf36aa7db43/src/tools/result_audit.py:410: ResourceWarning: unclosed file <_io.TextIOWrapper name='/home/alexander/Schreibtisch/ofa-v2/campaign3_blind/runs/C2_27b_MCP_seed901/work/residual_level1.csv' mode='r' encoding='UTF-8'>
  body = tuple(r[-1].strip() for r in _csv.reader(q.open()) if r)
ResourceWarning: Enable tracemalloc to get the object allocation traceback
<<< C2 BARE seed 902 done 2026-09-03 00:10:26
/home/alexander/Schreibtisch/ofa-v2/langgraph_eval/agent.py:961: ResourceWarning: unclosed file <_io.TextIOWrapper name='/home/alexander/Schreibtisch/ofa-v2/campaign3_blind/runs/C2_27b_MCP_seed901/work/residual_level1.csv' mode='r' encoding='UTF-8'>
  rows = [row for row in _csv.reader(r.open()) if row]
ResourceWarning: Enable tracemalloc to get the object allocation traceback
/home/alexander/Schreibtisch/ofa-v2/campaign3_blind/.source_snapshots/2232cd8fe8872e8b688abc402a85f5f2e60867206fe88c62189efcf36aa7db43/src/tools/result_audit.py:410: ResourceWarning: unclosed file <_io.TextIOWrapper name='/home/alexander/Schreibtisch/ofa-v2/campaign3_blind/runs/C2_27b_MCP_seed901/work/residual_level1.csv' mode='r' encoding='UTF-8'>
  body = tuple(r[-1].strip() for r in _csv.reader(q.open()) if r)
ResourceWarning: Enable tracemalloc to get the object allocation traceback
/home/alexander/Schreibtisch/ofa-v2/campaign3_blind/.source_snapshots/2232cd8fe8872e8b688abc402a85f5f2e60867206fe88c62189efcf36aa7db43/src/tools/result_audit.py:410: ResourceWarning: unclosed file <_io.TextIOWrapper name='/home/alexander/Schreibtisch/ofa-v2/campaign3_blind/runs/C2_27b_MCP_seed901/work/residual_level1.csv' mode='r' encoding='UTF-8'>
  body = tuple(r[-1].strip() for r in _csv.reader(q.open()) if r)
ResourceWarning: Enable tracemalloc to get the object allocation traceback
/home/alexander/Schreibtisch/ofa-v2/langgraph_eval/agent.py:961: ResourceWarning: unclosed file <_io.TextIOWrapper name='/home/alexander/Schreibtisch/ofa-v2/campaign3_blind/runs/C2_27b_MCP_seed901/work/residual_level1.csv' mode='r' encoding='UTF-8'>
  rows = [row for row in _csv.reader(r.open()) if row]
ResourceWarning: Enable tracemalloc to get the object allocation traceback
/home/alexander/Schreibtisch/ofa-v2/campaign3_blind/.source_snapshots/2232cd8fe8872e8b688abc402a85f5f2e60867206fe88c62189efcf36aa7db43/src/tools/result_audit.py:410: ResourceWarning: unclosed file <_io.TextIOWrapper name='/home/alexander/Schreibtisch/ofa-v2/campaign3_blind/runs/C2_27b_MCP_seed901/work/residual_level1.csv' mode='r' encoding='UTF-8'>
  body = tuple(r[-1].strip() for r in _csv.reader(q.open()) if r)
ResourceWarning: Enable tracemalloc to get the object allocation traceback
[source build] 8acef3028d94 sha256=2232cd8fe8872e8b... (immutable)
[preflight] custody controls verified for 1 problem(s); keys sealed and unreadable by execution
[phase: development] results are for post-mortems and convergence checking, NOT for the paper's evaluation table.
[DUNE cache] sha256=dc2d5b8ff2ebf98e... (neutral, private copy per cell)
[C2 27b BARE s901] done  calls=120 tok=6461125/65212 1586.1s
<<< C2 BARE seed 901 done 2026-09-03 00:12:01
/home/alexander/Schreibtisch/ofa-v2/langgraph_eval/agent.py:961: ResourceWarning: unclosed file <_io.TextIOWrapper name='/home/alexander/Schreibtisch/ofa-v2/campaign3_blind/runs/C2_27b_MCP_seed901/work/residual_level1.csv' mode='r' encoding='UTF-8'>
  rows = [row for row in _csv.reader(r.open()) if row]
ResourceWarning: Enable tracemalloc to get the object allocation traceback
/home/alexander/Schreibtisch/ofa-v2/campaign3_blind/.source_snapshots/2232cd8fe8872e8b688abc402a85f5f2e60867206fe88c62189efcf36aa7db43/src/tools/result_audit.py:410: ResourceWarning: unclosed file <_io.TextIOWrapper name='/home/alexander/Schreibtisch/ofa-v2/campaign3_blind/runs/C2_27b_MCP_seed901/work/residual_level1.csv' mode='r' encoding='UTF-8'>
  body = tuple(r[-1].strip() for r in _csv.reader(q.open()) if r)
ResourceWarning: Enable tracemalloc to get the object allocation traceback
/home/alexander/Schreibtisch/ofa-v2/langgraph_eval/agent.py:961: ResourceWarning: unclosed file <_io.TextIOWrapper name='/home/alexander/Schreibtisch/ofa-v2/campaign3_blind/runs/C2_27b_MCP_seed901/work/residual_level1.csv' mode='r' encoding='UTF-8'>
  rows = [row for row in _csv.reader(r.open()) if row]
ResourceWarning: Enable tracemalloc to get the object allocation traceback
/home/alexander/Schreibtisch/ofa-v2/campaign3_blind/.source_snapshots/2232cd8fe8872e8b688abc402a85f5f2e60867206fe88c62189efcf36aa7db43/src/tools/result_audit.py:410: ResourceWarning: unclosed file <_io.TextIOWrapper name='/home/alexander/Schreibtisch/ofa-v2/campaign3_blind/runs/C2_27b_MCP_seed901/work/residual_level1.csv' mode='r' encoding='UTF-8'>
  body = tuple(r[-1].strip() for r in _csv.reader(q.open()) if r)
ResourceWarning: Enable tracemalloc to get the object allocation traceback
/home/alexander/Schreibtisch/ofa-v2/campaign3_blind/.source_snapshots/2232cd8fe8872e8b688abc402a85f5f2e60867206fe88c62189efcf36aa7db43/src/tools/result_audit.py:410: ResourceWarning: unclosed file <_io.TextIOWrapper name='/home/alexander/Schreibtisch/ofa-v2/campaign3_blind/runs/C2_27b_MCP_seed901/work/residual_level1.csv' mode='r' encoding='UTF-8'>
  body = tuple(r[-1].strip() for r in _csv.reader(q.open()) if r)
ResourceWarning: Enable tracemalloc to get the object allocation traceback
/home/alexander/Schreibtisch/ofa-v2/langgraph_eval/agent.py:961: ResourceWarning: unclosed file <_io.TextIOWrapper name='/home/alexander/Schreibtisch/ofa-v2/campaign3_blind/runs/C2_27b_MCP_seed901/work/residual_level1.csv' mode='r' encoding='UTF-8'>
  rows = [row for row in _csv.reader(r.open()) if row]
ResourceWarning: Enable tracemalloc to get the object allocation traceback
/home/alexander/Schreibtisch/ofa-v2/campaign3_blind/.source_snapshots/2232cd8fe8872e8b688abc402a85f5f2e60867206fe88c62189efcf36aa7db43/src/tools/result_audit.py:410: ResourceWarning: unclosed file <_io.TextIOWrapper name='/home/alexander/Schreibtisch/ofa-v2/campaign3_blind/runs/C2_27b_MCP_seed901/work/residual_level1.csv' mode='r' encoding='UTF-8'>
  body = tuple(r[-1].strip() for r in _csv.reader(q.open()) if r)
ResourceWarning: Enable tracemalloc to get the object allocation traceback
/home/alexander/Schreibtisch/ofa-v2/langgraph_eval/agent.py:961: ResourceWarning: unclosed file <_io.TextIOWrapper name='/home/alexander/Schreibtisch/ofa-v2/campaign3_blind/runs/C2_27b_MCP_seed901/work/residual_level1.csv' mode='r' encoding='UTF-8'>
  rows = [row for row in _csv.reader(r.open()) if row]
ResourceWarning: Enable tracemalloc to get the object allocation traceback
/home/alexander/Schreibtisch/ofa-v2/campaign3_blind/.source_snapshots/2232cd8fe8872e8b688abc402a85f5f2e60867206fe88c62189efcf36aa7db43/src/tools/result_audit.py:410: ResourceWarning: unclosed file <_io.TextIOWrapper name='/home/alexander/Schreibtisch/ofa-v2/campaign3_blind/runs/C2_27b_MCP_seed901/work/residual_level1.csv' mode='r' encoding='UTF-8'>
  body = tuple(r[-1].strip() for r in _csv.reader(q.open()) if r)
ResourceWarning: Enable tracemalloc to get the object allocation traceback
/home/alexander/Schreibtisch/ofa-v2/langgraph_eval/agent.py:961: ResourceWarning: unclosed file <_io.TextIOWrapper name='/home/alexander/Schreibtisch/ofa-v2/campaign3_blind/runs/C2_27b_MCP_seed901/work/residual_level1.csv' mode='r' encoding='UTF-8'>
  rows = [row for row in _csv.reader(r.open()) if row]
ResourceWarning: Enable tracemalloc to get the object allocation traceback
/home/alexander/Schreibtisch/ofa-v2/campaign3_blind/.source_snapshots/2232cd8fe8872e8b688abc402a85f5f2e60867206fe88c62189efcf36aa7db43/src/tools/result_audit.py:410: ResourceWarning: unclosed file <_io.TextIOWrapper name='/home/alexander/Schreibtisch/ofa-v2/campaign3_blind/runs/C2_27b_MCP_seed901/work/residual_level1.csv' mode='r' encoding='UTF-8'>
  body = tuple(r[-1].strip() for r in _csv.reader(q.open()) if r)
ResourceWarning: Enable tracemalloc to get the object allocation traceback
/home/alexander/Schreibtisch/ofa-v2/langgraph_eval/agent.py:961: ResourceWarning: unclosed file <_io.TextIOWrapper name='/home/alexander/Schreibtisch/ofa-v2/campaign3_blind/runs/C2_27b_MCP_seed901/work/residual_level1.csv' mode='r' encoding='UTF-8'>
  rows = [row for row in _csv.reader(r.open()) if row]
ResourceWarning: Enable tracemalloc to get the object allocation traceback
/home/alexander/Schreibtisch/ofa-v2/campaign3_blind/.source_snapshots/2232cd8fe8872e8b688abc402a85f5f2e60867206fe88c62189efcf36aa7db43/src/tools/result_audit.py:410: ResourceWarning: unclosed file <_io.TextIOWrapper name='/home/alexander/Schreibtisch/ofa-v2/campaign3_blind/runs/C2_27b_MCP_seed901/work/residual_level1.csv' mode='r' encoding='UTF-8'>
  body = tuple(r[-1].strip() for r in _csv.reader(q.open()) if r)
ResourceWarning: Enable tracemalloc to get the object allocation traceback
/home/alexander/Schreibtisch/ofa-v2/langgraph_eval/agent.py:961: ResourceWarning: unclosed file <_io.TextIOWrapper name='/home/alexander/Schreibtisch/ofa-v2/campaign3_blind/runs/C2_27b_MCP_seed901/work/residual_level1.csv' mode='r' encoding='UTF-8'>
  rows = [row for row in _csv.reader(r.open()) if row]
ResourceWarning: Enable tracemalloc to get the object allocation traceback
/home/alexander/Schreibtisch/ofa-v2/campaign3_blind/.source_snapshots/2232cd8fe8872e8b688abc402a85f5f2e60867206fe88c62189efcf36aa7db43/src/tools/result_audit.py:410: ResourceWarning: unclosed file <_io.TextIOWrapper name='/home/alexander/Schreibtisch/ofa-v2/campaign3_blind/runs/C2_27b_MCP_seed901/work/residual_level1.csv' mode='r' encoding='UTF-8'>
  body = tuple(r[-1].strip() for r in _csv.reader(q.open()) if r)
ResourceWarning: Enable tracemalloc to get the object allocation traceback
/home/alexander/Schreibtisch/ofa-v2/langgraph_eval/agent.py:961: ResourceWarning: unclosed file <_io.TextIOWrapper name='/home/alexander/Schreibtisch/ofa-v2/campaign3_blind/runs/C2_27b_MCP_seed901/work/residual_level1.csv' mode='r' encoding='UTF-8'>
  rows = [row for row in _csv.reader(r.open()) if row]
ResourceWarning: Enable tracemalloc to get the object allocation traceback
/home/alexander/Schreibtisch/ofa-v2/campaign3_blind/.source_snapshots/2232cd8fe8872e8b688abc402a85f5f2e60867206fe88c62189efcf36aa7db43/src/tools/result_audit.py:410: ResourceWarning: unclosed file <_io.TextIOWrapper name='/home/alexander/Schreibtisch/ofa-v2/campaign3_blind/runs/C2_27b_MCP_seed901/work/residual_level1.csv' mode='r' encoding='UTF-8'>
  body = tuple(r[-1].strip() for r in _csv.reader(q.open()) if r)
ResourceWarning: Enable tracemalloc to get the object allocation traceback
/home/alexander/Schreibtisch/ofa-v2/langgraph_eval/agent.py:961: ResourceWarning: unclosed file <_io.TextIOWrapper name='/home/alexander/Schreibtisch/ofa-v2/campaign3_blind/runs/C2_27b_MCP_seed901/work/residual_level1.csv' mode='r' encoding='UTF-8'>
  rows = [row for row in _csv.reader(r.open()) if row]
ResourceWarning: Enable tracemalloc to get the object allocation traceback
/home/alexander/Schreibtisch/ofa-v2/campaign3_blind/.source_snapshots/2232cd8fe8872e8b688abc402a85f5f2e60867206fe88c62189efcf36aa7db43/src/tools/result_audit.py:410: ResourceWarning: unclosed file <_io.TextIOWrapper name='/home/alexander/Schreibtisch/ofa-v2/campaign3_blind/runs/C2_27b_MCP_seed901/work/residual_level1.csv' mode='r' encoding='UTF-8'>
  body = tuple(r[-1].strip() for r in _csv.reader(q.open()) if r)
ResourceWarning: Enable tracemalloc to get the object allocation traceback
/home/alexander/Schreibtisch/ofa-v2/langgraph_eval/agent.py:961: ResourceWarning: unclosed file <_io.TextIOWrapper name='/home/alexander/Schreibtisch/ofa-v2/campaign3_blind/runs/C2_27b_MCP_seed901/work/residual_level1.csv' mode='r' encoding='UTF-8'>
  rows = [row for row in _csv.reader(r.open()) if row]
ResourceWarning: Enable tracemalloc to get the object allocation traceback
/home/alexander/Schreibtisch/ofa-v2/campaign3_blind/.source_snapshots/2232cd8fe8872e8b688abc402a85f5f2e60867206fe88c62189efcf36aa7db43/src/tools/result_audit.py:410: ResourceWarning: unclosed file <_io.TextIOWrapper name='/home/alexander/Schreibtisch/ofa-v2/campaign3_blind/runs/C2_27b_MCP_seed901/work/residual_level1.csv' mode='r' encoding='UTF-8'>
  body = tuple(r[-1].strip() for r in _csv.reader(q.open()) if r)
ResourceWarning: Enable tracemalloc to get the object allocation traceback
/home/alexander/Schreibtisch/ofa-v2/langgraph_eval/agent.py:961: ResourceWarning: unclosed file <_io.TextIOWrapper name='/home/alexander/Schreibtisch/ofa-v2/campaign3_blind/runs/C2_27b_MCP_seed901/work/residual_level1.csv' mode='r' encoding='UTF-8'>
  rows = [row for row in _csv.reader(r.open()) if row]
ResourceWarning: Enable tracemalloc to get the object allocation traceback
/home/alexander/Schreibtisch/ofa-v2/campaign3_blind/.source_snapshots/2232cd8fe8872e8b688abc402a85f5f2e60867206fe88c62189efcf36aa7db43/src/tools/result_audit.py:410: ResourceWarning: unclosed file <_io.TextIOWrapper name='/home/alexander/Schreibtisch/ofa-v2/campaign3_blind/runs/C2_27b_MCP_seed901/work/residual_level1.csv' mode='r' encoding='UTF-8'>
  body = tuple(r[-1].strip() for r in _csv.reader(q.open()) if r)
ResourceWarning: Enable tracemalloc to get the object allocation traceback
/home/alexander/Schreibtisch/ofa-v2/langgraph_eval/agent.py:961: ResourceWarning: unclosed file <_io.TextIOWrapper name='/home/alexander/Schreibtisch/ofa-v2/campaign3_blind/runs/C2_27b_MCP_seed901/work/residual_level1.csv' mode='r' encoding='UTF-8'>
  rows = [row for row in _csv.reader(r.open()) if row]
ResourceWarning: Enable tracemalloc to get the object allocation traceback
/home/alexander/Schreibtisch/ofa-v2/campaign3_blind/.source_snapshots/2232cd8fe8872e8b688abc402a85f5f2e60867206fe88c62189efcf36aa7db43/src/tools/result_audit.py:410: ResourceWarning: unclosed file <_io.TextIOWrapper name='/home/alexander/Schreibtisch/ofa-v2/campaign3_blind/runs/C2_27b_MCP_seed901/work/residual_level1.csv' mode='r' encoding='UTF-8'>
  body = tuple(r[-1].strip() for r in _csv.reader(q.open()) if r)
ResourceWarning: Enable tracemalloc to get the object allocation traceback
/home/alexander/Schreibtisch/ofa-v2/langgraph_eval/agent.py:961: ResourceWarning: unclosed file <_io.TextIOWrapper name='/home/alexander/Schreibtisch/ofa-v2/campaign3_blind/runs/C2_27b_MCP_seed901/work/residual_level1.csv' mode='r' encoding='UTF-8'>
  rows = [row for row in _csv.reader(r.open()) if row]
ResourceWarning: Enable tracemalloc to get the object allocation traceback
/home/alexander/Schreibtisch/ofa-v2/campaign3_blind/.source_snapshots/2232cd8fe8872e8b688abc402a85f5f2e60867206fe88c62189efcf36aa7db43/src/tools/result_audit.py:410: ResourceWarning: unclosed file <_io.TextIOWrapper name='/home/alexander/Schreibtisch/ofa-v2/campaign3_blind/runs/C2_27b_MCP_seed901/work/residual_level1.csv' mode='r' encoding='UTF-8'>
  body = tuple(r[-1].strip() for r in _csv.reader(q.open()) if r)
ResourceWarning: Enable tracemalloc to get the object allocation traceback
/home/alexander/Schreibtisch/ofa-v2/langgraph_eval/agent.py:961: ResourceWarning: unclosed file <_io.TextIOWrapper name='/home/alexander/Schreibtisch/ofa-v2/campaign3_blind/runs/C2_27b_MCP_seed901/work/residual_level1.csv' mode='r' encoding='UTF-8'>
  rows = [row for row in _csv.reader(r.open()) if row]
ResourceWarning: Enable tracemalloc to get the object allocation traceback
/home/alexander/Schreibtisch/ofa-v2/campaign3_blind/.source_snapshots/2232cd8fe8872e8b688abc402a85f5f2e60867206fe88c62189efcf36aa7db43/src/tools/result_audit.py:410: ResourceWarning: unclosed file <_io.TextIOWrapper name='/home/alexander/Schreibtisch/ofa-v2/campaign3_blind/runs/C2_27b_MCP_seed901/work/residual_level1.csv' mode='r' encoding='UTF-8'>
  body = tuple(r[-1].strip() for r in _csv.reader(q.open()) if r)
ResourceWarning: Enable tracemalloc to get the object allocation traceback
/home/alexander/Schreibtisch/ofa-v2/langgraph_eval/agent.py:961: ResourceWarning: unclosed file <_io.TextIOWrapper name='/home/alexander/Schreibtisch/ofa-v2/campaign3_blind/runs/C2_27b_MCP_seed901/work/residual_level1.csv' mode='r' encoding='UTF-8'>
  rows = [row for row in _csv.reader(r.open()) if row]
ResourceWarning: Enable tracemalloc to get the object allocation traceback
/home/alexander/Schreibtisch/ofa-v2/campaign3_blind/.source_snapshots/2232cd8fe8872e8b688abc402a85f5f2e60867206fe88c62189efcf36aa7db43/src/tools/result_audit.py:410: ResourceWarning: unclosed file <_io.TextIOWrapper name='/home/alexander/Schreibtisch/ofa-v2/campaign3_blind/runs/C2_27b_MCP_seed901/work/residual_level1.csv' mode='r' encoding='UTF-8'>
  body = tuple(r[-1].strip() for r in _csv.reader(q.open()) if r)
ResourceWarning: Enable tracemalloc to get the object allocation traceback
/home/alexander/Schreibtisch/ofa-v2/langgraph_eval/agent.py:961: ResourceWarning: unclosed file <_io.TextIOWrapper name='/home/alexander/Schreibtisch/ofa-v2/campaign3_blind/runs/C2_27b_MCP_seed901/work/residual_level1.csv' mode='r' encoding='UTF-8'>
  rows = [row for row in _csv.reader(r.open()) if row]
ResourceWarning: Enable tracemalloc to get the object allocation traceback
/home/alexander/Schreibtisch/ofa-v2/campaign3_blind/.source_snapshots/2232cd8fe8872e8b688abc402a85f5f2e60867206fe88c62189efcf36aa7db43/src/tools/result_audit.py:410: ResourceWarning: unclosed file <_io.TextIOWrapper name='/home/alexander/Schreibtisch/ofa-v2/campaign3_blind/runs/C2_27b_MCP_seed901/work/residual_level1.csv' mode='r' encoding='UTF-8'>
  body = tuple(r[-1].strip() for r in _csv.reader(q.open()) if r)
ResourceWarning: Enable tracemalloc to get the object allocation traceback
/home/alexander/Schreibtisch/ofa-v2/langgraph_eval/agent.py:961: ResourceWarning: unclosed file <_io.TextIOWrapper name='/home/alexander/Schreibtisch/ofa-v2/campaign3_blind/runs/C2_27b_MCP_seed901/work/residual_level1.csv' mode='r' encoding='UTF-8'>
  rows = [row for row in _csv.reader(r.open()) if row]
ResourceWarning: Enable tracemalloc to get the object allocation traceback
/home/alexander/Schreibtisch/ofa-v2/campaign3_blind/.source_snapshots/2232cd8fe8872e8b688abc402a85f5f2e60867206fe88c62189efcf36aa7db43/src/tools/result_audit.py:410: ResourceWarning: unclosed file <_io.TextIOWrapper name='/home/alexander/Schreibtisch/ofa-v2/campaign3_blind/runs/C2_27b_MCP_seed901/work/residual_level1.csv' mode='r' encoding='UTF-8'>
  body = tuple(r[-1].strip() for r in _csv.reader(q.open()) if r)
ResourceWarning: Enable tracemalloc to get the object allocation traceback
/home/alexander/Schreibtisch/ofa-v2/langgraph_eval/agent.py:961: ResourceWarning: unclosed file <_io.TextIOWrapper name='/home/alexander/Schreibtisch/ofa-v2/campaign3_blind/runs/C2_27b_MCP_seed901/work/residual_level1.csv' mode='r' encoding='UTF-8'>
  rows = [row for row in _csv.reader(r.open()) if row]
ResourceWarning: Enable tracemalloc to get the object allocation traceback
/home/alexander/Schreibtisch/ofa-v2/campaign3_blind/.source_snapshots/2232cd8fe8872e8b688abc402a85f5f2e60867206fe88c62189efcf36aa7db43/src/tools/result_audit.py:410: ResourceWarning: unclosed file <_io.TextIOWrapper name='/home/alexander/Schreibtisch/ofa-v2/campaign3_blind/runs/C2_27b_MCP_seed901/work/residual_level1.csv' mode='r' encoding='UTF-8'>
  body = tuple(r[-1].strip() for r in _csv.reader(q.open()) if r)
ResourceWarning: Enable tracemalloc to get the object allocation traceback
/home/alexander/Schreibtisch/ofa-v2/langgraph_eval/agent.py:961: ResourceWarning: unclosed file <_io.TextIOWrapper name='/home/alexander/Schreibtisch/ofa-v2/campaign3_blind/runs/C2_27b_MCP_seed901/work/residual_level1.csv' mode='r' encoding='UTF-8'>
  rows = [row for row in _csv.reader(r.open()) if row]
ResourceWarning: Enable tracemalloc to get the object allocation traceback
/home/alexander/Schreibtisch/ofa-v2/campaign3_blind/.source_snapshots/2232cd8fe8872e8b688abc402a85f5f2e60867206fe88c62189efcf36aa7db43/src/tools/result_audit.py:410: ResourceWarning: unclosed file <_io.TextIOWrapper name='/home/alexander/Schreibtisch/ofa-v2/campaign3_blind/runs/C2_27b_MCP_seed901/work/residual_level1.csv' mode='r' encoding='UTF-8'>
  body = tuple(r[-1].strip() for r in _csv.reader(q.open()) if r)
ResourceWarning: Enable tracemalloc to get the object allocation traceback
/home/alexander/Schreibtisch/ofa-v2/langgraph_eval/agent.py:961: ResourceWarning: unclosed file <_io.TextIOWrapper name='/home/alexander/Schreibtisch/ofa-v2/campaign3_blind/runs/C2_27b_MCP_seed901/work/residual_level1.csv' mode='r' encoding='UTF-8'>
  rows = [row for row in _csv.reader(r.open()) if row]
ResourceWarning: Enable tracemalloc to get the object allocation traceback
/home/alexander/Schreibtisch/ofa-v2/campaign3_blind/.source_snapshots/2232cd8fe8872e8b688abc402a85f5f2e60867206fe88c62189efcf36aa7db43/src/tools/result_audit.py:410: ResourceWarning: unclosed file <_io.TextIOWrapper name='/home/alexander/Schreibtisch/ofa-v2/campaign3_blind/runs/C2_27b_MCP_seed901/work/residual_level1.csv' mode='r' encoding='UTF-8'>
  body = tuple(r[-1].strip() for r in _csv.reader(q.open()) if r)
ResourceWarning: Enable tracemalloc to get the object allocation traceback
/home/alexander/Schreibtisch/ofa-v2/langgraph_eval/agent.py:961: ResourceWarning: unclosed file <_io.TextIOWrapper name='/home/alexander/Schreibtisch/ofa-v2/campaign3_blind/runs/C2_27b_MCP_seed901/work/residual_level1.csv' mode='r' encoding='UTF-8'>
  rows = [row for row in _csv.reader(r.open()) if row]
ResourceWarning: Enable tracemalloc to get the object allocation traceback
/home/alexander/Schreibtisch/ofa-v2/campaign3_blind/.source_snapshots/2232cd8fe8872e8b688abc402a85f5f2e60867206fe88c62189efcf36aa7db43/src/tools/result_audit.py:410: ResourceWarning: unclosed file <_io.TextIOWrapper name='/home/alexander/Schreibtisch/ofa-v2/campaign3_blind/runs/C2_27b_MCP_seed901/work/residual_level1.csv' mode='r' encoding='UTF-8'>
  body = tuple(r[-1].strip() for r in _csv.reader(q.open()) if r)
ResourceWarning: Enable tracemalloc to get the object allocation traceback
/home/alexander/Schreibtisch/ofa-v2/langgraph_eval/agent.py:961: ResourceWarning: unclosed file <_io.TextIOWrapper name='/home/alexander/Schreibtisch/ofa-v2/campaign3_blind/runs/C2_27b_MCP_seed901/work/residual_level1.csv' mode='r' encoding='UTF-8'>
  rows = [row for row in _csv.reader(r.open()) if row]
ResourceWarning: Enable tracemalloc to get the object allocation traceback
/home/alexander/Schreibtisch/ofa-v2/campaign3_blind/.source_snapshots/2232cd8fe8872e8b688abc402a85f5f2e60867206fe88c62189efcf36aa7db43/src/tools/result_audit.py:410: ResourceWarning: unclosed file <_io.TextIOWrapper name='/home/alexander/Schreibtisch/ofa-v2/campaign3_blind/runs/C2_27b_MCP_seed901/work/residual_level1.csv' mode='r' encoding='UTF-8'>
  body = tuple(r[-1].strip() for r in _csv.reader(q.open()) if r)
ResourceWarning: Enable tracemalloc to get the object allocation traceback
/home/alexander/Schreibtisch/ofa-v2/langgraph_eval/agent.py:961: ResourceWarning: unclosed file <_io.TextIOWrapper name='/home/alexander/Schreibtisch/ofa-v2/campaign3_blind/runs/C2_27b_MCP_seed901/work/residual_level1.csv' mode='r' encoding='UTF-8'>
  rows = [row for row in _csv.reader(r.open()) if row]
ResourceWarning: Enable tracemalloc to get the object allocation traceback
/home/alexander/Schreibtisch/ofa-v2/campaign3_blind/.source_snapshots/2232cd8fe8872e8b688abc402a85f5f2e60867206fe88c62189efcf36aa7db43/src/tools/result_audit.py:410: ResourceWarning: unclosed file <_io.TextIOWrapper name='/home/alexander/Schreibtisch/ofa-v2/campaign3_blind/runs/C2_27b_MCP_seed901/work/residual_level1.csv' mode='r' encoding='UTF-8'>
  body = tuple(r[-1].strip() for r in _csv.reader(q.open()) if r)
ResourceWarning: Enable tracemalloc to get the object allocation traceback
/home/alexander/Schreibtisch/ofa-v2/langgraph_eval/agent.py:961: ResourceWarning: unclosed file <_io.TextIOWrapper name='/home/alexander/Schreibtisch/ofa-v2/campaign3_blind/runs/C2_27b_MCP_seed901/work/residual_level1.csv' mode='r' encoding='UTF-8'>
  rows = [row for row in _csv.reader(r.open()) if row]
ResourceWarning: Enable tracemalloc to get the object allocation traceback
/home/alexander/Schreibtisch/ofa-v2/campaign3_blind/.source_snapshots/2232cd8fe8872e8b688abc402a85f5f2e60867206fe88c62189efcf36aa7db43/src/tools/result_audit.py:410: ResourceWarning: unclosed file <_io.TextIOWrapper name='/home/alexander/Schreibtisch/ofa-v2/campaign3_blind/runs/C2_27b_MCP_seed901/work/residual_level1.csv' mode='r' encoding='UTF-8'>
  body = tuple(r[-1].strip() for r in _csv.reader(q.open()) if r)
ResourceWarning: Enable tracemalloc to get the object allocation traceback
/home/alexander/Schreibtisch/ofa-v2/langgraph_eval/agent.py:961: ResourceWarning: unclosed file <_io.TextIOWrapper name='/home/alexander/Schreibtisch/ofa-v2/campaign3_blind/runs/C2_27b_MCP_seed901/work/residual_level1.csv' mode='r' encoding='UTF-8'>
  rows = [row for row in _csv.reader(r.open()) if row]
ResourceWarning: Enable tracemalloc to get the object allocation traceback
/home/alexander/Schreibtisch/ofa-v2/campaign3_blind/.source_snapshots/2232cd8fe8872e8b688abc402a85f5f2e60867206fe88c62189efcf36aa7db43/src/tools/result_audit.py:410: ResourceWarning: unclosed file <_io.TextIOWrapper name='/home/alexander/Schreibtisch/ofa-v2/campaign3_blind/runs/C2_27b_MCP_seed901/work/residual_level1.csv' mode='r' encoding='UTF-8'>
  body = tuple(r[-1].strip() for r in _csv.reader(q.open()) if r)
ResourceWarning: Enable tracemalloc to get the object allocation traceback
/home/alexander/Schreibtisch/ofa-v2/langgraph_eval/agent.py:961: ResourceWarning: unclosed file <_io.TextIOWrapper name='/home/alexander/Schreibtisch/ofa-v2/campaign3_blind/runs/C2_27b_MCP_seed901/work/residual_level1.csv' mode='r' encoding='UTF-8'>
  rows = [row for row in _csv.reader(r.open()) if row]
ResourceWarning: Enable tracemalloc to get the object allocation traceback
/home/alexander/Schreibtisch/ofa-v2/campaign3_blind/.source_snapshots/2232cd8fe8872e8b688abc402a85f5f2e60867206fe88c62189efcf36aa7db43/src/tools/result_audit.py:410: ResourceWarning: unclosed file <_io.TextIOWrapper name='/home/alexander/Schreibtisch/ofa-v2/campaign3_blind/runs/C2_27b_MCP_seed901/work/residual_level1.csv' mode='r' encoding='UTF-8'>
  body = tuple(r[-1].strip() for r in _csv.reader(q.open()) if r)
ResourceWarning: Enable tracemalloc to get the object allocation traceback
/home/alexander/Schreibtisch/ofa-v2/langgraph_eval/agent.py:961: ResourceWarning: unclosed file <_io.TextIOWrapper name='/home/alexander/Schreibtisch/ofa-v2/campaign3_blind/runs/C2_27b_MCP_seed901/work/residual_level1.csv' mode='r' encoding='UTF-8'>
  rows = [row for row in _csv.reader(r.open()) if row]
ResourceWarning: Enable tracemalloc to get the object allocation traceback
/home/alexander/Schreibtisch/ofa-v2/campaign3_blind/.source_snapshots/2232cd8fe8872e8b688abc402a85f5f2e60867206fe88c62189efcf36aa7db43/src/tools/result_audit.py:410: ResourceWarning: unclosed file <_io.TextIOWrapper name='/home/alexander/Schreibtisch/ofa-v2/campaign3_blind/runs/C2_27b_MCP_seed901/work/residual_level1.csv' mode='r' encoding='UTF-8'>
  body = tuple(r[-1].strip() for r in _csv.reader(q.open()) if r)
ResourceWarning: Enable tracemalloc to get the object allocation traceback
/home/alexander/Schreibtisch/ofa-v2/langgraph_eval/agent.py:961: ResourceWarning: unclosed file <_io.TextIOWrapper name='/home/alexander/Schreibtisch/ofa-v2/campaign3_blind/runs/C2_27b_MCP_seed901/work/residual_level1.csv' mode='r' encoding='UTF-8'>
  rows = [row for row in _csv.reader(r.open()) if row]
ResourceWarning: Enable tracemalloc to get the object allocation traceback
/home/alexander/Schreibtisch/ofa-v2/campaign3_blind/.source_snapshots/2232cd8fe8872e8b688abc402a85f5f2e60867206fe88c62189efcf36aa7db43/src/tools/result_audit.py:410: ResourceWarning: unclosed file <_io.TextIOWrapper name='/home/alexander/Schreibtisch/ofa-v2/campaign3_blind/runs/C2_27b_MCP_seed901/work/residual_level1.csv' mode='r' encoding='UTF-8'>
  body = tuple(r[-1].strip() for r in _csv.reader(q.open()) if r)
ResourceWarning: Enable tracemalloc to get the object allocation traceback
/home/alexander/Schreibtisch/ofa-v2/langgraph_eval/agent.py:961: ResourceWarning: unclosed file <_io.TextIOWrapper name='/home/alexander/Schreibtisch/ofa-v2/campaign3_blind/runs/C2_27b_MCP_seed901/work/residual_level1.csv' mode='r' encoding='UTF-8'>
  rows = [row for row in _csv.reader(r.open()) if row]
ResourceWarning: Enable tracemalloc to get the object allocation traceback
/home/alexander/Schreibtisch/ofa-v2/campaign3_blind/.source_snapshots/2232cd8fe8872e8b688abc402a85f5f2e60867206fe88c62189efcf36aa7db43/src/tools/result_audit.py:410: ResourceWarning: unclosed file <_io.TextIOWrapper name='/home/alexander/Schreibtisch/ofa-v2/campaign3_blind/runs/C2_27b_MCP_seed901/work/residual_level1.csv' mode='r' encoding='UTF-8'>
  body = tuple(r[-1].strip() for r in _csv.reader(q.open()) if r)
ResourceWarning: Enable tracemalloc to get the object allocation traceback
/home/alexander/Schreibtisch/ofa-v2/langgraph_eval/agent.py:961: ResourceWarning: unclosed file <_io.TextIOWrapper name='/home/alexander/Schreibtisch/ofa-v2/campaign3_blind/runs/C2_27b_MCP_seed901/work/residual_level1.csv' mode='r' encoding='UTF-8'>
  rows = [row for row in _csv.reader(r.open()) if row]
ResourceWarning: Enable tracemalloc to get the object allocation traceback
/home/alexander/Schreibtisch/ofa-v2/campaign3_blind/.source_snapshots/2232cd8fe8872e8b688abc402a85f5f2e60867206fe88c62189efcf36aa7db43/src/tools/result_audit.py:410: ResourceWarning: unclosed file <_io.TextIOWrapper name='/home/alexander/Schreibtisch/ofa-v2/campaign3_blind/runs/C2_27b_MCP_seed901/work/residual_level1.csv' mode='r' encoding='UTF-8'>
  body = tuple(r[-1].strip() for r in _csv.reader(q.open()) if r)
ResourceWarning: Enable tracemalloc to get the object allocation traceback
/home/alexander/Schreibtisch/ofa-v2/langgraph_eval/agent.py:961: ResourceWarning: unclosed file <_io.TextIOWrapper name='/home/alexander/Schreibtisch/ofa-v2/campaign3_blind/runs/C2_27b_MCP_seed901/work/residual_level1.csv' mode='r' encoding='UTF-8'>
  rows = [row for row in _csv.reader(r.open()) if row]
ResourceWarning: Enable tracemalloc to get the object allocation traceback
/home/alexander/Schreibtisch/ofa-v2/campaign3_blind/.source_snapshots/2232cd8fe8872e8b688abc402a85f5f2e60867206fe88c62189efcf36aa7db43/src/tools/result_audit.py:410: ResourceWarning: unclosed file <_io.TextIOWrapper name='/home/alexander/Schreibtisch/ofa-v2/campaign3_blind/runs/C2_27b_MCP_seed901/work/residual_level1.csv' mode='r' encoding='UTF-8'>
  body = tuple(r[-1].strip() for r in _csv.reader(q.open()) if r)
ResourceWarning: Enable tracemalloc to get the object allocation traceback
/home/alexander/Schreibtisch/ofa-v2/langgraph_eval/agent.py:961: ResourceWarning: unclosed file <_io.TextIOWrapper name='/home/alexander/Schreibtisch/ofa-v2/campaign3_blind/runs/C2_27b_MCP_seed901/work/residual_level1.csv' mode='r' encoding='UTF-8'>
  rows = [row for row in _csv.reader(r.open()) if row]
ResourceWarning: Enable tracemalloc to get the object allocation traceback
/home/alexander/Schreibtisch/ofa-v2/campaign3_blind/.source_snapshots/2232cd8fe8872e8b688abc402a85f5f2e60867206fe88c62189efcf36aa7db43/src/tools/result_audit.py:410: ResourceWarning: unclosed file <_io.TextIOWrapper name='/home/alexander/Schreibtisch/ofa-v2/campaign3_blind/runs/C2_27b_MCP_seed901/work/residual_level1.csv' mode='r' encoding='UTF-8'>
  body = tuple(r[-1].strip() for r in _csv.reader(q.open()) if r)
ResourceWarning: Enable tracemalloc to get the object allocation traceback
/home/alexander/Schreibtisch/ofa-v2/langgraph_eval/agent.py:961: ResourceWarning: unclosed file <_io.TextIOWrapper name='/home/alexander/Schreibtisch/ofa-v2/campaign3_blind/runs/C2_27b_MCP_seed901/work/residual_level1.csv' mode='r' encoding='UTF-8'>
  rows = [row for row in _csv.reader(r.open()) if row]
ResourceWarning: Enable tracemalloc to get the object allocation traceback
/home/alexander/Schreibtisch/ofa-v2/campaign3_blind/.source_snapshots/2232cd8fe8872e8b688abc402a85f5f2e60867206fe88c62189efcf36aa7db43/src/tools/result_audit.py:410: ResourceWarning: unclosed file <_io.TextIOWrapper name='/home/alexander/Schreibtisch/ofa-v2/campaign3_blind/runs/C2_27b_MCP_seed901/work/residual_level1.csv' mode='r' encoding='UTF-8'>
  body = tuple(r[-1].strip() for r in _csv.reader(q.open()) if r)
ResourceWarning: Enable tracemalloc to get the object allocation traceback
/home/alexander/Schreibtisch/ofa-v2/langgraph_eval/agent.py:961: ResourceWarning: unclosed file <_io.TextIOWrapper name='/home/alexander/Schreibtisch/ofa-v2/campaign3_blind/runs/C2_27b_MCP_seed901/work/residual_level1.csv' mode='r' encoding='UTF-8'>
  rows = [row for row in _csv.reader(r.open()) if row]
ResourceWarning: Enable tracemalloc to get the object allocation traceback
/home/alexander/Schreibtisch/ofa-v2/campaign3_blind/.source_snapshots/2232cd8fe8872e8b688abc402a85f5f2e60867206fe88c62189efcf36aa7db43/src/tools/result_audit.py:410: ResourceWarning: unclosed file <_io.TextIOWrapper name='/home/alexander/Schreibtisch/ofa-v2/campaign3_blind/runs/C2_27b_MCP_seed901/work/residual_level1.csv' mode='r' encoding='UTF-8'>
  body = tuple(r[-1].strip() for r in _csv.reader(q.open()) if r)
ResourceWarning: Enable tracemalloc to get the object allocation traceback
/home/alexander/Schreibtisch/ofa-v2/langgraph_eval/agent.py:961: ResourceWarning: unclosed file <_io.TextIOWrapper name='/home/alexander/Schreibtisch/ofa-v2/campaign3_blind/runs/C2_27b_MCP_seed901/work/residual_level1.csv' mode='r' encoding='UTF-8'>
  rows = [row for row in _csv.reader(r.open()) if row]
ResourceWarning: Enable tracemalloc to get the object allocation traceback
/home/alexander/Schreibtisch/ofa-v2/campaign3_blind/.source_snapshots/2232cd8fe8872e8b688abc402a85f5f2e60867206fe88c62189efcf36aa7db43/src/tools/result_audit.py:410: ResourceWarning: unclosed file <_io.TextIOWrapper name='/home/alexander/Schreibtisch/ofa-v2/campaign3_blind/runs/C2_27b_MCP_seed901/work/residual_level1.csv' mode='r' encoding='UTF-8'>
  body = tuple(r[-1].strip() for r in _csv.reader(q.open()) if r)
ResourceWarning: Enable tracemalloc to get the object allocation traceback
/home/alexander/Schreibtisch/ofa-v2/langgraph_eval/agent.py:961: ResourceWarning: unclosed file <_io.TextIOWrapper name='/home/alexander/Schreibtisch/ofa-v2/campaign3_blind/runs/C2_27b_MCP_seed901/work/residual_level1.csv' mode='r' encoding='UTF-8'>
  rows = [row for row in _csv.reader(r.open()) if row]
ResourceWarning: Enable tracemalloc to get the object allocation traceback
/home/alexander/Schreibtisch/ofa-v2/campaign3_blind/.source_snapshots/2232cd8fe8872e8b688abc402a85f5f2e60867206fe88c62189efcf36aa7db43/src/tools/result_audit.py:410: ResourceWarning: unclosed file <_io.TextIOWrapper name='/home/alexander/Schreibtisch/ofa-v2/campaign3_blind/runs/C2_27b_MCP_seed901/work/residual_level1.csv' mode='r' encoding='UTF-8'>
  body = tuple(r[-1].strip() for r in _csv.reader(q.open()) if r)
ResourceWarning: Enable tracemalloc to get the object allocation traceback
/home/alexander/Schreibtisch/ofa-v2/langgraph_eval/agent.py:961: ResourceWarning: unclosed file <_io.TextIOWrapper name='/home/alexander/Schreibtisch/ofa-v2/campaign3_blind/runs/C2_27b_MCP_seed901/work/residual_level1.csv' mode='r' encoding='UTF-8'>
  rows = [row for row in _csv.reader(r.open()) if row]
ResourceWarning: Enable tracemalloc to get the object allocation traceback
/home/alexander/Schreibtisch/ofa-v2/campaign3_blind/.source_snapshots/2232cd8fe8872e8b688abc402a85f5f2e60867206fe88c62189efcf36aa7db43/src/tools/result_audit.py:410: ResourceWarning: unclosed file <_io.TextIOWrapper name='/home/alexander/Schreibtisch/ofa-v2/campaign3_blind/runs/C2_27b_MCP_seed901/work/residual_level1.csv' mode='r' encoding='UTF-8'>
  body = tuple(r[-1].strip() for r in _csv.reader(q.open()) if r)
ResourceWarning: Enable tracemalloc to get the object allocation traceback
/home/alexander/Schreibtisch/ofa-v2/langgraph_eval/agent.py:961: ResourceWarning: unclosed file <_io.TextIOWrapper name='/home/alexander/Schreibtisch/ofa-v2/campaign3_blind/runs/C2_27b_MCP_seed901/work/residual_level1.csv' mode='r' encoding='UTF-8'>
  rows = [row for row in _csv.reader(r.open()) if row]
ResourceWarning: Enable tracemalloc to get the object allocation traceback
/home/alexander/Schreibtisch/ofa-v2/campaign3_blind/.source_snapshots/2232cd8fe8872e8b688abc402a85f5f2e60867206fe88c62189efcf36aa7db43/src/tools/result_audit.py:410: ResourceWarning: unclosed file <_io.TextIOWrapper name='/home/alexander/Schreibtisch/ofa-v2/campaign3_blind/runs/C2_27b_MCP_seed901/work/residual_level1.csv' mode='r' encoding='UTF-8'>
  body = tuple(r[-1].strip() for r in _csv.reader(q.open()) if r)
ResourceWarning: Enable tracemalloc to get the object allocation traceback
/home/alexander/Schreibtisch/open-fem-agent/.venv-lg/lib/python3.12/site-packages/langchain_core/tools/structured.py:97: ResourceWarning: unclosed file <_io.TextIOWrapper name=19 encoding='UTF-8'>
  return self.func(*args, **kwargs)
ResourceWarning: Enable tracemalloc to get the object allocation traceback
/home/alexander/Schreibtisch/open-fem-agent/.venv-lg/lib/python3.12/site-packages/langchain_core/tools/structured.py:97: ResourceWarning: unclosed file <_io.TextIOWrapper name=21 encoding='UTF-8'>
  return self.func(*args, **kwargs)
ResourceWarning: Enable tracemalloc to get the object allocation traceback
/home/alexander/Schreibtisch/ofa-v2/langgraph_eval/agent.py:961: ResourceWarning: unclosed file <_io.TextIOWrapper name='/home/alexander/Schreibtisch/ofa-v2/campaign3_blind/runs/C2_27b_MCP_seed901/work/residual_level1.csv' mode='r' encoding='UTF-8'>
  rows = [row for row in _csv.reader(r.open()) if row]
ResourceWarning: Enable tracemalloc to get the object allocation traceback
/home/alexander/Schreibtisch/ofa-v2/campaign3_blind/.source_snapshots/2232cd8fe8872e8b688abc402a85f5f2e60867206fe88c62189efcf36aa7db43/src/tools/result_audit.py:410: ResourceWarning: unclosed file <_io.TextIOWrapper name='/home/alexander/Schreibtisch/ofa-v2/campaign3_blind/runs/C2_27b_MCP_seed901/work/residual_level1.csv' mode='r' encoding='UTF-8'>
  body = tuple(r[-1].strip() for r in _csv.reader(q.open()) if r)
ResourceWarning: Enable tracemalloc to get the object allocation traceback
/home/alexander/Schreibtisch/ofa-v2/langgraph_eval/agent.py:961: ResourceWarning: unclosed file <_io.TextIOWrapper name='/home/alexander/Schreibtisch/ofa-v2/campaign3_blind/runs/C2_27b_MCP_seed901/work/residual_level1.csv' mode='r' encoding='UTF-8'>
  rows = [row for row in _csv.reader(r.open()) if row]
ResourceWarning: Enable tracemalloc to get the object allocation traceback
/home/alexander/Schreibtisch/ofa-v2/campaign3_blind/.source_snapshots/2232cd8fe8872e8b688abc402a85f5f2e60867206fe88c62189efcf36aa7db43/src/tools/result_audit.py:410: ResourceWarning: unclosed file <_io.TextIOWrapper name='/home/alexander/Schreibtisch/ofa-v2/campaign3_blind/runs/C2_27b_MCP_seed901/work/residual_level1.csv' mode='r' encoding='UTF-8'>
  body = tuple(r[-1].strip() for r in _csv.reader(q.open()) if r)
ResourceWarning: Enable tracemalloc to get the object allocation traceback
/home/alexander/Schreibtisch/ofa-v2/langgraph_eval/agent.py:961: ResourceWarning: unclosed file <_io.TextIOWrapper name='/home/alexander/Schreibtisch/ofa-v2/campaign3_blind/runs/C2_27b_MCP_seed901/work/residual_level1.csv' mode='r' encoding='UTF-8'>
  rows = [row for row in _csv.reader(r.open()) if row]
ResourceWarning: Enable tracemalloc to get the object allocation traceback
/home/alexander/Schreibtisch/ofa-v2/campaign3_blind/.source_snapshots/2232cd8fe8872e8b688abc402a85f5f2e60867206fe88c62189efcf36aa7db43/src/tools/result_audit.py:410: ResourceWarning: unclosed file <_io.TextIOWrapper name='/home/alexander/Schreibtisch/ofa-v2/campaign3_blind/runs/C2_27b_MCP_seed901/work/residual_level1.csv' mode='r' encoding='UTF-8'>
  body = tuple(r[-1].strip() for r in _csv.reader(q.open()) if r)
ResourceWarning: Enable tracemalloc to get the object allocation traceback
/home/alexander/Schreibtisch/ofa-v2/langgraph_eval/agent.py:961: ResourceWarning: unclosed file <_io.TextIOWrapper name='/home/alexander/Schreibtisch/ofa-v2/campaign3_blind/runs/C2_27b_MCP_seed901/work/residual_level1.csv' mode='r' encoding='UTF-8'>
  rows = [row for row in _csv.reader(r.open()) if row]
ResourceWarning: Enable tracemalloc to get the object allocation traceback
/home/alexander/Schreibtisch/ofa-v2/campaign3_blind/.source_snapshots/2232cd8fe8872e8b688abc402a85f5f2e60867206fe88c62189efcf36aa7db43/src/tools/result_audit.py:410: ResourceWarning: unclosed file <_io.TextIOWrapper name='/home/alexander/Schreibtisch/ofa-v2/campaign3_blind/runs/C2_27b_MCP_seed901/work/residual_level1.csv' mode='r' encoding='UTF-8'>
  body = tuple(r[-1].strip() for r in _csv.reader(q.open()) if r)
ResourceWarning: Enable tracemalloc to get the object allocation traceback
[source build] 8acef3028d94 sha256=2232cd8fe8872e8b... (immutable)
[preflight] custody controls verified for 1 problem(s); keys sealed and unreadable by execution
[phase: development] results are for post-mortems and convergence checking, NOT for the paper's evaluation table.
[DUNE cache] sha256=dc2d5b8ff2ebf98e... (neutral, private copy per cell)
[C2 27b BARE s903] done  calls=112 tok=6780842/89271 2063.6s
<<< C2 BARE seed 903 done 2026-09-03 00:19:59
/home/alexander/Schreibtisch/ofa-v2/langgraph_eval/agent.py:961: ResourceWarning: unclosed file <_io.TextIOWrapper name='/home/alexander/Schreibtisch/ofa-v2/campaign3_blind/runs/C2_27b_MCP_seed901/work/residual_level1.csv' mode='r' encoding='UTF-8'>
  rows = [row for row in _csv.reader(r.open()) if row]
ResourceWarning: Enable tracemalloc to get the object allocation traceback
/home/alexander/Schreibtisch/ofa-v2/campaign3_blind/.source_snapshots/2232cd8fe8872e8b688abc402a85f5f2e60867206fe88c62189efcf36aa7db43/src/tools/result_audit.py:410: ResourceWarning: unclosed file <_io.TextIOWrapper name='/home/alexander/Schreibtisch/ofa-v2/campaign3_blind/runs/C2_27b_MCP_seed901/work/residual_level1.csv' mode='r' encoding='UTF-8'>
  body = tuple(r[-1].strip() for r in _csv.reader(q.open()) if r)
ResourceWarning: Enable tracemalloc to get the object allocation traceback
/home/alexander/Schreibtisch/ofa-v2/langgraph_eval/agent.py:961: ResourceWarning: unclosed file <_io.TextIOWrapper name='/home/alexander/Schreibtisch/ofa-v2/campaign3_blind/runs/C2_27b_MCP_seed901/work/residual_level1.csv' mode='r' encoding='UTF-8'>
  rows = [row for row in _csv.reader(r.open()) if row]
ResourceWarning: Enable tracemalloc to get the object allocation traceback
/home/alexander/Schreibtisch/ofa-v2/campaign3_blind/.source_snapshots/2232cd8fe8872e8b688abc402a85f5f2e60867206fe88c62189efcf36aa7db43/src/tools/result_audit.py:410: ResourceWarning: unclosed file <_io.TextIOWrapper name='/home/alexander/Schreibtisch/ofa-v2/campaign3_blind/runs/C2_27b_MCP_seed901/work/residual_level1.csv' mode='r' encoding='UTF-8'>
  body = tuple(r[-1].strip() for r in _csv.reader(q.open()) if r)
ResourceWarning: Enable tracemalloc to get the object allocation traceback
/home/alexander/Schreibtisch/ofa-v2/langgraph_eval/agent.py:961: ResourceWarning: unclosed file <_io.TextIOWrapper name='/home/alexander/Schreibtisch/ofa-v2/campaign3_blind/runs/C2_27b_MCP_seed901/work/residual_level1.csv' mode='r' encoding='UTF-8'>
  rows = [row for row in _csv.reader(r.open()) if row]
ResourceWarning: Enable tracemalloc to get the object allocation traceback
/home/alexander/Schreibtisch/ofa-v2/campaign3_blind/.source_snapshots/2232cd8fe8872e8b688abc402a85f5f2e60867206fe88c62189efcf36aa7db43/src/tools/result_audit.py:410: ResourceWarning: unclosed file <_io.TextIOWrapper name='/home/alexander/Schreibtisch/ofa-v2/campaign3_blind/runs/C2_27b_MCP_seed901/work/residual_level1.csv' mode='r' encoding='UTF-8'>
  body = tuple(r[-1].strip() for r in _csv.reader(q.open()) if r)
ResourceWarning: Enable tracemalloc to get the object allocation traceback
/home/alexander/Schreibtisch/ofa-v2/langgraph_eval/agent.py:961: ResourceWarning: unclosed file <_io.TextIOWrapper name='/home/alexander/Schreibtisch/ofa-v2/campaign3_blind/runs/C2_27b_MCP_seed901/work/residual_level1.csv' mode='r' encoding='UTF-8'>
  rows = [row for row in _csv.reader(r.open()) if row]
ResourceWarning: Enable tracemalloc to get the object allocation traceback
/home/alexander/Schreibtisch/ofa-v2/campaign3_blind/.source_snapshots/2232cd8fe8872e8b688abc402a85f5f2e60867206fe88c62189efcf36aa7db43/src/tools/result_audit.py:410: ResourceWarning: unclosed file <_io.TextIOWrapper name='/home/alexander/Schreibtisch/ofa-v2/campaign3_blind/runs/C2_27b_MCP_seed901/work/residual_level1.csv' mode='r' encoding='UTF-8'>
  body = tuple(r[-1].strip() for r in _csv.reader(q.open()) if r)
ResourceWarning: Enable tracemalloc to get the object allocation traceback
/home/alexander/Schreibtisch/ofa-v2/langgraph_eval/agent.py:961: ResourceWarning: unclosed file <_io.TextIOWrapper name='/home/alexander/Schreibtisch/ofa-v2/campaign3_blind/runs/C2_27b_MCP_seed901/work/residual_level1.csv' mode='r' encoding='UTF-8'>
  rows = [row for row in _csv.reader(r.open()) if row]
ResourceWarning: Enable tracemalloc to get the object allocation traceback
/home/alexander/Schreibtisch/ofa-v2/campaign3_blind/.source_snapshots/2232cd8fe8872e8b688abc402a85f5f2e60867206fe88c62189efcf36aa7db43/src/tools/result_audit.py:410: ResourceWarning: unclosed file <_io.TextIOWrapper name='/home/alexander/Schreibtisch/ofa-v2/campaign3_blind/runs/C2_27b_MCP_seed901/work/residual_level1.csv' mode='r' encoding='UTF-8'>
  body = tuple(r[-1].strip() for r in _csv.reader(q.open()) if r)
ResourceWarning: Enable tracemalloc to get the object allocation traceback
/home/alexander/Schreibtisch/ofa-v2/langgraph_eval/agent.py:961: ResourceWarning: unclosed file <_io.TextIOWrapper name='/home/alexander/Schreibtisch/ofa-v2/campaign3_blind/runs/C2_27b_MCP_seed901/work/residual_level1.csv' mode='r' encoding='UTF-8'>
  rows = [row for row in _csv.reader(r.open()) if row]
ResourceWarning: Enable tracemalloc to get the object allocation traceback
/home/alexander/Schreibtisch/ofa-v2/campaign3_blind/.source_snapshots/2232cd8fe8872e8b688abc402a85f5f2e60867206fe88c62189efcf36aa7db43/src/tools/result_audit.py:410: ResourceWarning: unclosed file <_io.TextIOWrapper name='/home/alexander/Schreibtisch/ofa-v2/campaign3_blind/runs/C2_27b_MCP_seed901/work/residual_level1.csv' mode='r' encoding='UTF-8'>
  body = tuple(r[-1].strip() for r in _csv.reader(q.open()) if r)
ResourceWarning: Enable tracemalloc to get the object allocation traceback
/home/alexander/Schreibtisch/ofa-v2/langgraph_eval/agent.py:961: ResourceWarning: unclosed file <_io.TextIOWrapper name='/home/alexander/Schreibtisch/ofa-v2/campaign3_blind/runs/C2_27b_MCP_seed901/work/residual_level1.csv' mode='r' encoding='UTF-8'>
  rows = [row for row in _csv.reader(r.open()) if row]
ResourceWarning: Enable tracemalloc to get the object allocation traceback
/home/alexander/Schreibtisch/ofa-v2/campaign3_blind/.source_snapshots/2232cd8fe8872e8b688abc402a85f5f2e60867206fe88c62189efcf36aa7db43/src/tools/result_audit.py:410: ResourceWarning: unclosed file <_io.TextIOWrapper name='/home/alexander/Schreibtisch/ofa-v2/campaign3_blind/runs/C2_27b_MCP_seed901/work/residual_level1.csv' mode='r' encoding='UTF-8'>
  body = tuple(r[-1].strip() for r in _csv.reader(q.open()) if r)
ResourceWarning: Enable tracemalloc to get the object allocation traceback
2026-09-03 00:21:10,333 [mcp.server.lowlevel.server] INFO: Processing request of type CallToolRequest
/home/alexander/Schreibtisch/ofa-v2/langgraph_eval/agent.py:961: ResourceWarning: unclosed file <_io.TextIOWrapper name='/home/alexander/Schreibtisch/ofa-v2/campaign3_blind/runs/C2_27b_MCP_seed901/work/residual_level1.csv' mode='r' encoding='UTF-8'>
  rows = [row for row in _csv.reader(r.open()) if row]
ResourceWarning: Enable tracemalloc to get the object allocation traceback
/home/alexander/Schreibtisch/ofa-v2/campaign3_blind/.source_snapshots/2232cd8fe8872e8b688abc402a85f5f2e60867206fe88c62189efcf36aa7db43/src/tools/result_audit.py:410: ResourceWarning: unclosed file <_io.TextIOWrapper name='/home/alexander/Schreibtisch/ofa-v2/campaign3_blind/runs/C2_27b_MCP_seed901/work/residual_level1.csv' mode='r' encoding='UTF-8'>
  body = tuple(r[-1].strip() for r in _csv.reader(q.open()) if r)
ResourceWarning: Enable tracemalloc to get the object allocation traceback
/home/alexander/Schreibtisch/ofa-v2/langgraph_eval/agent.py:961: ResourceWarning: unclosed file <_io.TextIOWrapper name='/home/alexander/Schreibtisch/ofa-v2/campaign3_blind/runs/C2_27b_MCP_seed901/work/residual_level1.csv' mode='r' encoding='UTF-8'>
  rows = [row for row in _csv.reader(r.open()) if row]
ResourceWarning: Enable tracemalloc to get the object allocation traceback
/home/alexander/Schreibtisch/ofa-v2/campaign3_blind/.source_snapshots/2232cd8fe8872e8b688abc402a85f5f2e60867206fe88c62189efcf36aa7db43/src/tools/result_audit.py:410: ResourceWarning: unclosed file <_io.TextIOWrapper name='/home/alexander/Schreibtisch/ofa-v2/campaign3_blind/runs/C2_27b_MCP_seed901/work/residual_level1.csv' mode='r' encoding='UTF-8'>
  body = tuple(r[-1].strip() for r in _csv.reader(q.open()) if r)
ResourceWarning: Enable tracemalloc to get the object allocation traceback
/home/alexander/Schreibtisch/ofa-v2/campaign3_blind/.source_snapshots/2232cd8fe8872e8b688abc402a85f5f2e60867206fe88c62189efcf36aa7db43/src/tools/result_audit.py:410: ResourceWarning: unclosed file <_io.TextIOWrapper name='/home/alexander/Schreibtisch/ofa-v2/campaign3_blind/runs/C2_27b_MCP_seed902/work/residual_level1.csv' mode='r' encoding='UTF-8'>
  body = tuple(r[-1].strip() for r in _csv.reader(q.open()) if r)
ResourceWarning: Enable tracemalloc to get the object allocation traceback
/home/alexander/Schreibtisch/ofa-v2/langgraph_eval/agent.py:961: ResourceWarning: unclosed file <_io.TextIOWrapper name='/home/alexander/Schreibtisch/ofa-v2/campaign3_blind/runs/C2_27b_MCP_seed901/work/residual_level1.csv' mode='r' encoding='UTF-8'>
  rows = [row for row in _csv.reader(r.open()) if row]
ResourceWarning: Enable tracemalloc to get the object allocation traceback
/home/alexander/Schreibtisch/ofa-v2/campaign3_blind/.source_snapshots/2232cd8fe8872e8b688abc402a85f5f2e60867206fe88c62189efcf36aa7db43/src/tools/result_audit.py:410: ResourceWarning: unclosed file <_io.TextIOWrapper name='/home/alexander/Schreibtisch/ofa-v2/campaign3_blind/runs/C2_27b_MCP_seed901/work/residual_level1.csv' mode='r' encoding='UTF-8'>
  body = tuple(r[-1].strip() for r in _csv.reader(q.open()) if r)
ResourceWarning: Enable tracemalloc to get the object allocation traceback
2026-09-03 00:21:47,993 [oasis] INFO: Session journal saved: /tmp/oasis-source/data/sessions/session_0984cdec-9180-4a22-ace9-4be8e9d71345.json (6 events)
[source build] 8acef3028d94 sha256=2232cd8fe8872e8b... (immutable)
[preflight] custody controls verified for 1 problem(s); keys sealed and unreadable by execution
[phase: development] results are for post-mortems and convergence checking, NOT for the paper's evaluation table.
[DUNE cache] sha256=dc2d5b8ff2ebf98e... (neutral, private copy per cell)
[C2 27b MCP s902] done  calls=55 tok=6248457/60216 2174.0s
/home/alexander/.local/share/python/cpython-3.12.13-linux-x86_64-gnu/lib/python3.12/asyncio/selector_events.py:879: ResourceWarning: unclosed transport <_SelectorSocketTransport fd=9>
<<< C2 MCP seed 902 done 2026-09-03 00:21:48
/home/alexander/Schreibtisch/ofa-v2/langgraph_eval/agent.py:961: ResourceWarning: unclosed file <_io.TextIOWrapper name='/home/alexander/Schreibtisch/ofa-v2/campaign3_blind/runs/C2_27b_MCP_seed901/work/residual_level1.csv' mode='r' encoding='UTF-8'>
  rows = [row for row in _csv.reader(r.open()) if row]
ResourceWarning: Enable tracemalloc to get the object allocation traceback
/home/alexander/Schreibtisch/ofa-v2/campaign3_blind/.source_snapshots/2232cd8fe8872e8b688abc402a85f5f2e60867206fe88c62189efcf36aa7db43/src/tools/result_audit.py:410: ResourceWarning: unclosed file <_io.TextIOWrapper name='/home/alexander/Schreibtisch/ofa-v2/campaign3_blind/runs/C2_27b_MCP_seed901/work/residual_level1.csv' mode='r' encoding='UTF-8'>
  body = tuple(r[-1].strip() for r in _csv.reader(q.open()) if r)
ResourceWarning: Enable tracemalloc to get the object allocation traceback
/home/alexander/Schreibtisch/ofa-v2/langgraph_eval/agent.py:961: ResourceWarning: unclosed file <_io.TextIOWrapper name='/home/alexander/Schreibtisch/ofa-v2/campaign3_blind/runs/C2_27b_MCP_seed901/work/residual_level1.csv' mode='r' encoding='UTF-8'>
  rows = [row for row in _csv.reader(r.open()) if row]
ResourceWarning: Enable tracemalloc to get the object allocation traceback
/home/alexander/Schreibtisch/ofa-v2/campaign3_blind/.source_snapshots/2232cd8fe8872e8b688abc402a85f5f2e60867206fe88c62189efcf36aa7db43/src/tools/result_audit.py:410: ResourceWarning: unclosed file <_io.TextIOWrapper name='/home/alexander/Schreibtisch/ofa-v2/campaign3_blind/runs/C2_27b_MCP_seed901/work/residual_level1.csv' mode='r' encoding='UTF-8'>
  body = tuple(r[-1].strip() for r in _csv.reader(q.open()) if r)
ResourceWarning: Enable tracemalloc to get the object allocation traceback
/home/alexander/Schreibtisch/ofa-v2/langgraph_eval/agent.py:961: ResourceWarning: unclosed file <_io.TextIOWrapper name='/home/alexander/Schreibtisch/ofa-v2/campaign3_blind/runs/C2_27b_MCP_seed901/work/residual_level1.csv' mode='r' encoding='UTF-8'>
  rows = [row for row in _csv.reader(r.open()) if row]
ResourceWarning: Enable tracemalloc to get the object allocation traceback
/home/alexander/Schreibtisch/ofa-v2/campaign3_blind/.source_snapshots/2232cd8fe8872e8b688abc402a85f5f2e60867206fe88c62189efcf36aa7db43/src/tools/result_audit.py:410: ResourceWarning: unclosed file <_io.TextIOWrapper name='/home/alexander/Schreibtisch/ofa-v2/campaign3_blind/runs/C2_27b_MCP_seed901/work/residual_level1.csv' mode='r' encoding='UTF-8'>
  body = tuple(r[-1].strip() for r in _csv.reader(q.open()) if r)
ResourceWarning: Enable tracemalloc to get the object allocation traceback
/home/alexander/Schreibtisch/ofa-v2/langgraph_eval/agent.py:961: ResourceWarning: unclosed file <_io.TextIOWrapper name='/home/alexander/Schreibtisch/ofa-v2/campaign3_blind/runs/C2_27b_MCP_seed901/work/residual_level1.csv' mode='r' encoding='UTF-8'>
  rows = [row for row in _csv.reader(r.open()) if row]
ResourceWarning: Enable tracemalloc to get the object allocation traceback
/home/alexander/Schreibtisch/ofa-v2/campaign3_blind/.source_snapshots/2232cd8fe8872e8b688abc402a85f5f2e60867206fe88c62189efcf36aa7db43/src/tools/result_audit.py:410: ResourceWarning: unclosed file <_io.TextIOWrapper name='/home/alexander/Schreibtisch/ofa-v2/campaign3_blind/runs/C2_27b_MCP_seed901/work/residual_level1.csv' mode='r' encoding='UTF-8'>
  body = tuple(r[-1].strip() for r in _csv.reader(q.open()) if r)
ResourceWarning: Enable tracemalloc to get the object allocation traceback
/home/alexander/Schreibtisch/ofa-v2/langgraph_eval/agent.py:961: ResourceWarning: unclosed file <_io.TextIOWrapper name='/home/alexander/Schreibtisch/ofa-v2/campaign3_blind/runs/C2_27b_MCP_seed901/work/residual_level1.csv' mode='r' encoding='UTF-8'>
  rows = [row for row in _csv.reader(r.open()) if row]
ResourceWarning: Enable tracemalloc to get the object allocation traceback
/home/alexander/Schreibtisch/ofa-v2/campaign3_blind/.source_snapshots/2232cd8fe8872e8b688abc402a85f5f2e60867206fe88c62189efcf36aa7db43/src/tools/result_audit.py:410: ResourceWarning: unclosed file <_io.TextIOWrapper name='/home/alexander/Schreibtisch/ofa-v2/campaign3_blind/runs/C2_27b_MCP_seed901/work/residual_level1.csv' mode='r' encoding='UTF-8'>
  body = tuple(r[-1].strip() for r in _csv.reader(q.open()) if r)
ResourceWarning: Enable tracemalloc to get the object allocation traceback
/home/alexander/Schreibtisch/ofa-v2/langgraph_eval/agent.py:961: ResourceWarning: unclosed file <_io.TextIOWrapper name='/home/alexander/Schreibtisch/ofa-v2/campaign3_blind/runs/C2_27b_MCP_seed901/work/residual_level1.csv' mode='r' encoding='UTF-8'>
  rows = [row for row in _csv.reader(r.open()) if row]
ResourceWarning: Enable tracemalloc to get the object allocation traceback
/home/alexander/Schreibtisch/ofa-v2/campaign3_blind/.source_snapshots/2232cd8fe8872e8b688abc402a85f5f2e60867206fe88c62189efcf36aa7db43/src/tools/result_audit.py:410: ResourceWarning: unclosed file <_io.TextIOWrapper name='/home/alexander/Schreibtisch/ofa-v2/campaign3_blind/runs/C2_27b_MCP_seed901/work/residual_level1.csv' mode='r' encoding='UTF-8'>
  body = tuple(r[-1].strip() for r in _csv.reader(q.open()) if r)
ResourceWarning: Enable tracemalloc to get the object allocation traceback
/home/alexander/Schreibtisch/ofa-v2/langgraph_eval/agent.py:961: ResourceWarning: unclosed file <_io.TextIOWrapper name='/home/alexander/Schreibtisch/ofa-v2/campaign3_blind/runs/C2_27b_MCP_seed901/work/residual_level1.csv' mode='r' encoding='UTF-8'>
  rows = [row for row in _csv.reader(r.open()) if row]
ResourceWarning: Enable tracemalloc to get the object allocation traceback
/home/alexander/Schreibtisch/ofa-v2/campaign3_blind/.source_snapshots/2232cd8fe8872e8b688abc402a85f5f2e60867206fe88c62189efcf36aa7db43/src/tools/result_audit.py:410: ResourceWarning: unclosed file <_io.TextIOWrapper name='/home/alexander/Schreibtisch/ofa-v2/campaign3_blind/runs/C2_27b_MCP_seed901/work/residual_level1.csv' mode='r' encoding='UTF-8'>
  body = tuple(r[-1].strip() for r in _csv.reader(q.open()) if r)
ResourceWarning: Enable tracemalloc to get the object allocation traceback
/home/alexander/Schreibtisch/ofa-v2/langgraph_eval/agent.py:961: ResourceWarning: unclosed file <_io.TextIOWrapper name='/home/alexander/Schreibtisch/ofa-v2/campaign3_blind/runs/C2_27b_MCP_seed901/work/residual_level1.csv' mode='r' encoding='UTF-8'>
  rows = [row for row in _csv.reader(r.open()) if row]
ResourceWarning: Enable tracemalloc to get the object allocation traceback
/home/alexander/Schreibtisch/ofa-v2/campaign3_blind/.source_snapshots/2232cd8fe8872e8b688abc402a85f5f2e60867206fe88c62189efcf36aa7db43/src/tools/result_audit.py:410: ResourceWarning: unclosed file <_io.TextIOWrapper name='/home/alexander/Schreibtisch/ofa-v2/campaign3_blind/runs/C2_27b_MCP_seed901/work/residual_level1.csv' mode='r' encoding='UTF-8'>
  body = tuple(r[-1].strip() for r in _csv.reader(q.open()) if r)
ResourceWarning: Enable tracemalloc to get the object allocation traceback
/home/alexander/Schreibtisch/ofa-v2/langgraph_eval/agent.py:961: ResourceWarning: unclosed file <_io.TextIOWrapper name='/home/alexander/Schreibtisch/ofa-v2/campaign3_blind/runs/C2_27b_MCP_seed901/work/residual_level1.csv' mode='r' encoding='UTF-8'>
  rows = [row for row in _csv.reader(r.open()) if row]
ResourceWarning: Enable tracemalloc to get the object allocation traceback
/home/alexander/Schreibtisch/ofa-v2/campaign3_blind/.source_snapshots/2232cd8fe8872e8b688abc402a85f5f2e60867206fe88c62189efcf36aa7db43/src/tools/result_audit.py:410: ResourceWarning: unclosed file <_io.TextIOWrapper name='/home/alexander/Schreibtisch/ofa-v2/campaign3_blind/runs/C2_27b_MCP_seed901/work/residual_level1.csv' mode='r' encoding='UTF-8'>
  body = tuple(r[-1].strip() for r in _csv.reader(q.open()) if r)
ResourceWarning: Enable tracemalloc to get the object allocation traceback
/home/alexander/Schreibtisch/ofa-v2/langgraph_eval/agent.py:961: ResourceWarning: unclosed file <_io.TextIOWrapper name='/home/alexander/Schreibtisch/ofa-v2/campaign3_blind/runs/C2_27b_MCP_seed901/work/residual_level1.csv' mode='r' encoding='UTF-8'>
  rows = [row for row in _csv.reader(r.open()) if row]
ResourceWarning: Enable tracemalloc to get the object allocation traceback
/home/alexander/Schreibtisch/ofa-v2/campaign3_blind/.source_snapshots/2232cd8fe8872e8b688abc402a85f5f2e60867206fe88c62189efcf36aa7db43/src/tools/result_audit.py:410: ResourceWarning: unclosed file <_io.TextIOWrapper name='/home/alexander/Schreibtisch/ofa-v2/campaign3_blind/runs/C2_27b_MCP_seed901/work/residual_level1.csv' mode='r' encoding='UTF-8'>
  body = tuple(r[-1].strip() for r in _csv.reader(q.open()) if r)
ResourceWarning: Enable tracemalloc to get the object allocation traceback
/home/alexander/Schreibtisch/ofa-v2/langgraph_eval/agent.py:961: ResourceWarning: unclosed file <_io.TextIOWrapper name='/home/alexander/Schreibtisch/ofa-v2/campaign3_blind/runs/C2_27b_MCP_seed901/work/residual_level1.csv' mode='r' encoding='UTF-8'>
  rows = [row for row in _csv.reader(r.open()) if row]
ResourceWarning: Enable tracemalloc to get the object allocation traceback
/home/alexander/Schreibtisch/ofa-v2/campaign3_blind/.source_snapshots/2232cd8fe8872e8b688abc402a85f5f2e60867206fe88c62189efcf36aa7db43/src/tools/result_audit.py:410: ResourceWarning: unclosed file <_io.TextIOWrapper name='/home/alexander/Schreibtisch/ofa-v2/campaign3_blind/runs/C2_27b_MCP_seed901/work/residual_level1.csv' mode='r' encoding='UTF-8'>
  body = tuple(r[-1].strip() for r in _csv.reader(q.open()) if r)
ResourceWarning: Enable tracemalloc to get the object allocation traceback
/home/alexander/Schreibtisch/ofa-v2/langgraph_eval/agent.py:961: ResourceWarning: unclosed file <_io.TextIOWrapper name='/home/alexander/Schreibtisch/ofa-v2/campaign3_blind/runs/C2_27b_MCP_seed901/work/residual_level1.csv' mode='r' encoding='UTF-8'>
  rows = [row for row in _csv.reader(r.open()) if row]
ResourceWarning: Enable tracemalloc to get the object allocation traceback
/home/alexander/Schreibtisch/ofa-v2/campaign3_blind/.source_snapshots/2232cd8fe8872e8b688abc402a85f5f2e60867206fe88c62189efcf36aa7db43/src/tools/result_audit.py:410: ResourceWarning: unclosed file <_io.TextIOWrapper name='/home/alexander/Schreibtisch/ofa-v2/campaign3_blind/runs/C2_27b_MCP_seed901/work/residual_level1.csv' mode='r' encoding='UTF-8'>
  body = tuple(r[-1].strip() for r in _csv.reader(q.open()) if r)
ResourceWarning: Enable tracemalloc to get the object allocation traceback
/home/alexander/Schreibtisch/ofa-v2/langgraph_eval/agent.py:961: ResourceWarning: unclosed file <_io.TextIOWrapper name='/home/alexander/Schreibtisch/ofa-v2/campaign3_blind/runs/C2_27b_MCP_seed901/work/residual_level1.csv' mode='r' encoding='UTF-8'>
  rows = [row for row in _csv.reader(r.open()) if row]
ResourceWarning: Enable tracemalloc to get the object allocation traceback
/home/alexander/Schreibtisch/ofa-v2/campaign3_blind/.source_snapshots/2232cd8fe8872e8b688abc402a85f5f2e60867206fe88c62189efcf36aa7db43/src/tools/result_audit.py:410: ResourceWarning: unclosed file <_io.TextIOWrapper name='/home/alexander/Schreibtisch/ofa-v2/campaign3_blind/runs/C2_27b_MCP_seed901/work/residual_level1.csv' mode='r' encoding='UTF-8'>
  body = tuple(r[-1].strip() for r in _csv.reader(q.open()) if r)
ResourceWarning: Enable tracemalloc to get the object allocation traceback
/home/alexander/Schreibtisch/ofa-v2/langgraph_eval/agent.py:961: ResourceWarning: unclosed file <_io.TextIOWrapper name='/home/alexander/Schreibtisch/ofa-v2/campaign3_blind/runs/C2_27b_MCP_seed901/work/residual_level1.csv' mode='r' encoding='UTF-8'>
  rows = [row for row in _csv.reader(r.open()) if row]
ResourceWarning: Enable tracemalloc to get the object allocation traceback
/home/alexander/Schreibtisch/ofa-v2/campaign3_blind/.source_snapshots/2232cd8fe8872e8b688abc402a85f5f2e60867206fe88c62189efcf36aa7db43/src/tools/result_audit.py:410: ResourceWarning: unclosed file <_io.TextIOWrapper name='/home/alexander/Schreibtisch/ofa-v2/campaign3_blind/runs/C2_27b_MCP_seed901/work/residual_level1.csv' mode='r' encoding='UTF-8'>
  body = tuple(r[-1].strip() for r in _csv.reader(q.open()) if r)
ResourceWarning: Enable tracemalloc to get the object allocation traceback
/home/alexander/Schreibtisch/ofa-v2/langgraph_eval/agent.py:961: ResourceWarning: unclosed file <_io.TextIOWrapper name='/home/alexander/Schreibtisch/ofa-v2/campaign3_blind/runs/C2_27b_MCP_seed901/work/residual_level1.csv' mode='r' encoding='UTF-8'>
  rows = [row for row in _csv.reader(r.open()) if row]
ResourceWarning: Enable tracemalloc to get the object allocation traceback
/home/alexander/Schreibtisch/ofa-v2/campaign3_blind/.source_snapshots/2232cd8fe8872e8b688abc402a85f5f2e60867206fe88c62189efcf36aa7db43/src/tools/result_audit.py:410: ResourceWarning: unclosed file <_io.TextIOWrapper name='/home/alexander/Schreibtisch/ofa-v2/campaign3_blind/runs/C2_27b_MCP_seed901/work/residual_level1.csv' mode='r' encoding='UTF-8'>
  body = tuple(r[-1].strip() for r in _csv.reader(q.open()) if r)
ResourceWarning: Enable tracemalloc to get the object allocation traceback
/home/alexander/Schreibtisch/ofa-v2/langgraph_eval/agent.py:961: ResourceWarning: unclosed file <_io.TextIOWrapper name='/home/alexander/Schreibtisch/ofa-v2/campaign3_blind/runs/C2_27b_MCP_seed901/work/residual_level1.csv' mode='r' encoding='UTF-8'>
  rows = [row for row in _csv.reader(r.open()) if row]
ResourceWarning: Enable tracemalloc to get the object allocation traceback
/home/alexander/Schreibtisch/ofa-v2/campaign3_blind/.source_snapshots/2232cd8fe8872e8b688abc402a85f5f2e60867206fe88c62189efcf36aa7db43/src/tools/result_audit.py:410: ResourceWarning: unclosed file <_io.TextIOWrapper name='/home/alexander/Schreibtisch/ofa-v2/campaign3_blind/runs/C2_27b_MCP_seed901/work/residual_level1.csv' mode='r' encoding='UTF-8'>
  body = tuple(r[-1].strip() for r in _csv.reader(q.open()) if r)
ResourceWarning: Enable tracemalloc to get the object allocation traceback
/home/alexander/Schreibtisch/ofa-v2/langgraph_eval/agent.py:961: ResourceWarning: unclosed file <_io.TextIOWrapper name='/home/alexander/Schreibtisch/ofa-v2/campaign3_blind/runs/C2_27b_MCP_seed901/work/residual_level1.csv' mode='r' encoding='UTF-8'>
  rows = [row for row in _csv.reader(r.open()) if row]
ResourceWarning: Enable tracemalloc to get the object allocation traceback
/home/alexander/Schreibtisch/ofa-v2/campaign3_blind/.source_snapshots/2232cd8fe8872e8b688abc402a85f5f2e60867206fe88c62189efcf36aa7db43/src/tools/result_audit.py:410: ResourceWarning: unclosed file <_io.TextIOWrapper name='/home/alexander/Schreibtisch/ofa-v2/campaign3_blind/runs/C2_27b_MCP_seed901/work/residual_level1.csv' mode='r' encoding='UTF-8'>
  body = tuple(r[-1].strip() for r in _csv.reader(q.open()) if r)
ResourceWarning: Enable tracemalloc to get the object allocation traceback
/home/alexander/Schreibtisch/ofa-v2/langgraph_eval/agent.py:961: ResourceWarning: unclosed file <_io.TextIOWrapper name='/home/alexander/Schreibtisch/ofa-v2/campaign3_blind/runs/C2_27b_MCP_seed901/work/residual_level1.csv' mode='r' encoding='UTF-8'>
  rows = [row for row in _csv.reader(r.open()) if row]
ResourceWarning: Enable tracemalloc to get the object allocation traceback
/home/alexander/Schreibtisch/ofa-v2/campaign3_blind/.source_snapshots/2232cd8fe8872e8b688abc402a85f5f2e60867206fe88c62189efcf36aa7db43/src/tools/result_audit.py:410: ResourceWarning: unclosed file <_io.TextIOWrapper name='/home/alexander/Schreibtisch/ofa-v2/campaign3_blind/runs/C2_27b_MCP_seed901/work/residual_level1.csv' mode='r' encoding='UTF-8'>
  body = tuple(r[-1].strip() for r in _csv.reader(q.open()) if r)
ResourceWarning: Enable tracemalloc to get the object allocation traceback
/home/alexander/Schreibtisch/ofa-v2/langgraph_eval/agent.py:961: ResourceWarning: unclosed file <_io.TextIOWrapper name='/home/alexander/Schreibtisch/ofa-v2/campaign3_blind/runs/C2_27b_MCP_seed901/work/residual_level1.csv' mode='r' encoding='UTF-8'>
  rows = [row for row in _csv.reader(r.open()) if row]
ResourceWarning: Enable tracemalloc to get the object allocation traceback
/home/alexander/Schreibtisch/ofa-v2/campaign3_blind/.source_snapshots/2232cd8fe8872e8b688abc402a85f5f2e60867206fe88c62189efcf36aa7db43/src/tools/result_audit.py:410: ResourceWarning: unclosed file <_io.TextIOWrapper name='/home/alexander/Schreibtisch/ofa-v2/campaign3_blind/runs/C2_27b_MCP_seed901/work/residual_level1.csv' mode='r' encoding='UTF-8'>
  body = tuple(r[-1].strip() for r in _csv.reader(q.open()) if r)
ResourceWarning: Enable tracemalloc to get the object allocation traceback
/home/alexander/Schreibtisch/ofa-v2/langgraph_eval/agent.py:961: ResourceWarning: unclosed file <_io.TextIOWrapper name='/home/alexander/Schreibtisch/ofa-v2/campaign3_blind/runs/C2_27b_MCP_seed901/work/residual_level1.csv' mode='r' encoding='UTF-8'>
  rows = [row for row in _csv.reader(r.open()) if row]
ResourceWarning: Enable tracemalloc to get the object allocation traceback
/home/alexander/Schreibtisch/ofa-v2/campaign3_blind/.source_snapshots/2232cd8fe8872e8b688abc402a85f5f2e60867206fe88c62189efcf36aa7db43/src/tools/result_audit.py:410: ResourceWarning: unclosed file <_io.TextIOWrapper name='/home/alexander/Schreibtisch/ofa-v2/campaign3_blind/runs/C2_27b_MCP_seed901/work/residual_level1.csv' mode='r' encoding='UTF-8'>
  body = tuple(r[-1].strip() for r in _csv.reader(q.open()) if r)
ResourceWarning: Enable tracemalloc to get the object allocation traceback
/home/alexander/Schreibtisch/ofa-v2/langgraph_eval/agent.py:961: ResourceWarning: unclosed file <_io.TextIOWrapper name='/home/alexander/Schreibtisch/ofa-v2/campaign3_blind/runs/C2_27b_MCP_seed901/work/residual_level1.csv' mode='r' encoding='UTF-8'>
  rows = [row for row in _csv.reader(r.open()) if row]
ResourceWarning: Enable tracemalloc to get the object allocation traceback
/home/alexander/Schreibtisch/ofa-v2/campaign3_blind/.source_snapshots/2232cd8fe8872e8b688abc402a85f5f2e60867206fe88c62189efcf36aa7db43/src/tools/result_audit.py:410: ResourceWarning: unclosed file <_io.TextIOWrapper name='/home/alexander/Schreibtisch/ofa-v2/campaign3_blind/runs/C2_27b_MCP_seed901/work/residual_level1.csv' mode='r' encoding='UTF-8'>
  body = tuple(r[-1].strip() for r in _csv.reader(q.open()) if r)
ResourceWarning: Enable tracemalloc to get the object allocation traceback
/home/alexander/Schreibtisch/ofa-v2/langgraph_eval/agent.py:961: ResourceWarning: unclosed file <_io.TextIOWrapper name='/home/alexander/Schreibtisch/ofa-v2/campaign3_blind/runs/C2_27b_MCP_seed901/work/residual_level1.csv' mode='r' encoding='UTF-8'>
  rows = [row for row in _csv.reader(r.open()) if row]
ResourceWarning: Enable tracemalloc to get the object allocation traceback
/home/alexander/Schreibtisch/ofa-v2/campaign3_blind/.source_snapshots/2232cd8fe8872e8b688abc402a85f5f2e60867206fe88c62189efcf36aa7db43/src/tools/result_audit.py:410: ResourceWarning: unclosed file <_io.TextIOWrapper name='/home/alexander/Schreibtisch/ofa-v2/campaign3_blind/runs/C2_27b_MCP_seed901/work/residual_level1.csv' mode='r' encoding='UTF-8'>
  body = tuple(r[-1].strip() for r in _csv.reader(q.open()) if r)
ResourceWarning: Enable tracemalloc to get the object allocation traceback
/home/alexander/Schreibtisch/ofa-v2/langgraph_eval/agent.py:961: ResourceWarning: unclosed file <_io.TextIOWrapper name='/home/alexander/Schreibtisch/ofa-v2/campaign3_blind/runs/C2_27b_MCP_seed901/work/residual_level1.csv' mode='r' encoding='UTF-8'>
  rows = [row for row in _csv.reader(r.open()) if row]
ResourceWarning: Enable tracemalloc to get the object allocation traceback
/home/alexander/Schreibtisch/ofa-v2/campaign3_blind/.source_snapshots/2232cd8fe8872e8b688abc402a85f5f2e60867206fe88c62189efcf36aa7db43/src/tools/result_audit.py:410: ResourceWarning: unclosed file <_io.TextIOWrapper name='/home/alexander/Schreibtisch/ofa-v2/campaign3_blind/runs/C2_27b_MCP_seed901/work/residual_level1.csv' mode='r' encoding='UTF-8'>
  body = tuple(r[-1].strip() for r in _csv.reader(q.open()) if r)
ResourceWarning: Enable tracemalloc to get the object allocation traceback
/home/alexander/Schreibtisch/ofa-v2/langgraph_eval/agent.py:961: ResourceWarning: unclosed file <_io.TextIOWrapper name='/home/alexander/Schreibtisch/ofa-v2/campaign3_blind/runs/C2_27b_MCP_seed901/work/residual_level1.csv' mode='r' encoding='UTF-8'>
  rows = [row for row in _csv.reader(r.open()) if row]
ResourceWarning: Enable tracemalloc to get the object allocation traceback
/home/alexander/Schreibtisch/ofa-v2/campaign3_blind/.source_snapshots/2232cd8fe8872e8b688abc402a85f5f2e60867206fe88c62189efcf36aa7db43/src/tools/result_audit.py:410: ResourceWarning: unclosed file <_io.TextIOWrapper name='/home/alexander/Schreibtisch/ofa-v2/campaign3_blind/runs/C2_27b_MCP_seed901/work/residual_level1.csv' mode='r' encoding='UTF-8'>
  body = tuple(r[-1].strip() for r in _csv.reader(q.open()) if r)
ResourceWarning: Enable tracemalloc to get the object allocation traceback
/home/alexander/Schreibtisch/ofa-v2/langgraph_eval/agent.py:961: ResourceWarning: unclosed file <_io.TextIOWrapper name='/home/alexander/Schreibtisch/ofa-v2/campaign3_blind/runs/C2_27b_MCP_seed901/work/residual_level1.csv' mode='r' encoding='UTF-8'>
  rows = [row for row in _csv.reader(r.open()) if row]
ResourceWarning: Enable tracemalloc to get the object allocation traceback
/home/alexander/Schreibtisch/ofa-v2/campaign3_blind/.source_snapshots/2232cd8fe8872e8b688abc402a85f5f2e60867206fe88c62189efcf36aa7db43/src/tools/result_audit.py:410: ResourceWarning: unclosed file <_io.TextIOWrapper name='/home/alexander/Schreibtisch/ofa-v2/campaign3_blind/runs/C2_27b_MCP_seed901/work/residual_level1.csv' mode='r' encoding='UTF-8'>
  body = tuple(r[-1].strip() for r in _csv.reader(q.open()) if r)
ResourceWarning: Enable tracemalloc to get the object allocation traceback
/home/alexander/Schreibtisch/ofa-v2/langgraph_eval/agent.py:961: ResourceWarning: unclosed file <_io.TextIOWrapper name='/home/alexander/Schreibtisch/ofa-v2/campaign3_blind/runs/C2_27b_MCP_seed901/work/residual_level1.csv' mode='r' encoding='UTF-8'>
  rows = [row for row in _csv.reader(r.open()) if row]
ResourceWarning: Enable tracemalloc to get the object allocation traceback
/home/alexander/Schreibtisch/ofa-v2/campaign3_blind/.source_snapshots/2232cd8fe8872e8b688abc402a85f5f2e60867206fe88c62189efcf36aa7db43/src/tools/result_audit.py:410: ResourceWarning: unclosed file <_io.TextIOWrapper name='/home/alexander/Schreibtisch/ofa-v2/campaign3_blind/runs/C2_27b_MCP_seed901/work/residual_level1.csv' mode='r' encoding='UTF-8'>
  body = tuple(r[-1].strip() for r in _csv.reader(q.open()) if r)
ResourceWarning: Enable tracemalloc to get the object allocation traceback
/home/alexander/Schreibtisch/ofa-v2/langgraph_eval/agent.py:961: ResourceWarning: unclosed file <_io.TextIOWrapper name='/home/alexander/Schreibtisch/ofa-v2/campaign3_blind/runs/C2_27b_MCP_seed901/work/residual_level1.csv' mode='r' encoding='UTF-8'>
  rows = [row for row in _csv.reader(r.open()) if row]
ResourceWarning: Enable tracemalloc to get the object allocation traceback
/home/alexander/Schreibtisch/ofa-v2/campaign3_blind/.source_snapshots/2232cd8fe8872e8b688abc402a85f5f2e60867206fe88c62189efcf36aa7db43/src/tools/result_audit.py:410: ResourceWarning: unclosed file <_io.TextIOWrapper name='/home/alexander/Schreibtisch/ofa-v2/campaign3_blind/runs/C2_27b_MCP_seed901/work/residual_level1.csv' mode='r' encoding='UTF-8'>
  body = tuple(r[-1].strip() for r in _csv.reader(q.open()) if r)
ResourceWarning: Enable tracemalloc to get the object allocation traceback
/home/alexander/Schreibtisch/ofa-v2/langgraph_eval/agent.py:961: ResourceWarning: unclosed file <_io.TextIOWrapper name='/home/alexander/Schreibtisch/ofa-v2/campaign3_blind/runs/C2_27b_MCP_seed901/work/residual_level1.csv' mode='r' encoding='UTF-8'>
  rows = [row for row in _csv.reader(r.open()) if row]
ResourceWarning: Enable tracemalloc to get the object allocation traceback
/home/alexander/Schreibtisch/ofa-v2/campaign3_blind/.source_snapshots/2232cd8fe8872e8b688abc402a85f5f2e60867206fe88c62189efcf36aa7db43/src/tools/result_audit.py:410: ResourceWarning: unclosed file <_io.TextIOWrapper name='/home/alexander/Schreibtisch/ofa-v2/campaign3_blind/runs/C2_27b_MCP_seed901/work/residual_level1.csv' mode='r' encoding='UTF-8'>
  body = tuple(r[-1].strip() for r in _csv.reader(q.open()) if r)
ResourceWarning: Enable tracemalloc to get the object allocation traceback
/home/alexander/Schreibtisch/ofa-v2/langgraph_eval/agent.py:961: ResourceWarning: unclosed file <_io.TextIOWrapper name='/home/alexander/Schreibtisch/ofa-v2/campaign3_blind/runs/C2_27b_MCP_seed901/work/residual_level1.csv' mode='r' encoding='UTF-8'>
  rows = [row for row in _csv.reader(r.open()) if row]
ResourceWarning: Enable tracemalloc to get the object allocation traceback
/home/alexander/Schreibtisch/ofa-v2/campaign3_blind/.source_snapshots/2232cd8fe8872e8b688abc402a85f5f2e60867206fe88c62189efcf36aa7db43/src/tools/result_audit.py:410: ResourceWarning: unclosed file <_io.TextIOWrapper name='/home/alexander/Schreibtisch/ofa-v2/campaign3_blind/runs/C2_27b_MCP_seed901/work/residual_level1.csv' mode='r' encoding='UTF-8'>
  body = tuple(r[-1].strip() for r in _csv.reader(q.open()) if r)
ResourceWarning: Enable tracemalloc to get the object allocation traceback
/home/alexander/Schreibtisch/ofa-v2/langgraph_eval/agent.py:961: ResourceWarning: unclosed file <_io.TextIOWrapper name='/home/alexander/Schreibtisch/ofa-v2/campaign3_blind/runs/C2_27b_MCP_seed901/work/residual_level1.csv' mode='r' encoding='UTF-8'>
  rows = [row for row in _csv.reader(r.open()) if row]
ResourceWarning: Enable tracemalloc to get the object allocation traceback
/home/alexander/Schreibtisch/ofa-v2/campaign3_blind/.source_snapshots/2232cd8fe8872e8b688abc402a85f5f2e60867206fe88c62189efcf36aa7db43/src/tools/result_audit.py:410: ResourceWarning: unclosed file <_io.TextIOWrapper name='/home/alexander/Schreibtisch/ofa-v2/campaign3_blind/runs/C2_27b_MCP_seed901/work/residual_level1.csv' mode='r' encoding='UTF-8'>
  body = tuple(r[-1].strip() for r in _csv.reader(q.open()) if r)
ResourceWarning: Enable tracemalloc to get the object allocation traceback
/home/alexander/Schreibtisch/ofa-v2/langgraph_eval/agent.py:961: ResourceWarning: unclosed file <_io.TextIOWrapper name='/home/alexander/Schreibtisch/ofa-v2/campaign3_blind/runs/C2_27b_MCP_seed901/work/residual_level1.csv' mode='r' encoding='UTF-8'>
  rows = [row for row in _csv.reader(r.open()) if row]
ResourceWarning: Enable tracemalloc to get the object allocation traceback
/home/alexander/Schreibtisch/ofa-v2/campaign3_blind/.source_snapshots/2232cd8fe8872e8b688abc402a85f5f2e60867206fe88c62189efcf36aa7db43/src/tools/result_audit.py:410: ResourceWarning: unclosed file <_io.TextIOWrapper name='/home/alexander/Schreibtisch/ofa-v2/campaign3_blind/runs/C2_27b_MCP_seed901/work/residual_level1.csv' mode='r' encoding='UTF-8'>
  body = tuple(r[-1].strip() for r in _csv.reader(q.open()) if r)
ResourceWarning: Enable tracemalloc to get the object allocation traceback
/home/alexander/Schreibtisch/ofa-v2/langgraph_eval/agent.py:961: ResourceWarning: unclosed file <_io.TextIOWrapper name='/home/alexander/Schreibtisch/ofa-v2/campaign3_blind/runs/C2_27b_MCP_seed901/work/residual_level1.csv' mode='r' encoding='UTF-8'>
  rows = [row for row in _csv.reader(r.open()) if row]
ResourceWarning: Enable tracemalloc to get the object allocation traceback
/home/alexander/Schreibtisch/ofa-v2/campaign3_blind/.source_snapshots/2232cd8fe8872e8b688abc402a85f5f2e60867206fe88c62189efcf36aa7db43/src/tools/result_audit.py:410: ResourceWarning: unclosed file <_io.TextIOWrapper name='/home/alexander/Schreibtisch/ofa-v2/campaign3_blind/runs/C2_27b_MCP_seed901/work/residual_level1.csv' mode='r' encoding='UTF-8'>
  body = tuple(r[-1].strip() for r in _csv.reader(q.open()) if r)
ResourceWarning: Enable tracemalloc to get the object allocation traceback
/home/alexander/Schreibtisch/ofa-v2/langgraph_eval/agent.py:961: ResourceWarning: unclosed file <_io.TextIOWrapper name='/home/alexander/Schreibtisch/ofa-v2/campaign3_blind/runs/C2_27b_MCP_seed901/work/residual_level1.csv' mode='r' encoding='UTF-8'>
  rows = [row for row in _csv.reader(r.open()) if row]
ResourceWarning: Enable tracemalloc to get the object allocation traceback
/home/alexander/Schreibtisch/ofa-v2/campaign3_blind/.source_snapshots/2232cd8fe8872e8b688abc402a85f5f2e60867206fe88c62189efcf36aa7db43/src/tools/result_audit.py:410: ResourceWarning: unclosed file <_io.TextIOWrapper name='/home/alexander/Schreibtisch/ofa-v2/campaign3_blind/runs/C2_27b_MCP_seed901/work/residual_level1.csv' mode='r' encoding='UTF-8'>
  body = tuple(r[-1].strip() for r in _csv.reader(q.open()) if r)
ResourceWarning: Enable tracemalloc to get the object allocation traceback
/home/alexander/Schreibtisch/ofa-v2/langgraph_eval/agent.py:961: ResourceWarning: unclosed file <_io.TextIOWrapper name='/home/alexander/Schreibtisch/ofa-v2/campaign3_blind/runs/C2_27b_MCP_seed901/work/residual_level1.csv' mode='r' encoding='UTF-8'>
  rows = [row for row in _csv.reader(r.open()) if row]
ResourceWarning: Enable tracemalloc to get the object allocation traceback
/home/alexander/Schreibtisch/ofa-v2/campaign3_blind/.source_snapshots/2232cd8fe8872e8b688abc402a85f5f2e60867206fe88c62189efcf36aa7db43/src/tools/result_audit.py:410: ResourceWarning: unclosed file <_io.TextIOWrapper name='/home/alexander/Schreibtisch/ofa-v2/campaign3_blind/runs/C2_27b_MCP_seed901/work/residual_level1.csv' mode='r' encoding='UTF-8'>
  body = tuple(r[-1].strip() for r in _csv.reader(q.open()) if r)
ResourceWarning: Enable tracemalloc to get the object allocation traceback
/home/alexander/Schreibtisch/ofa-v2/langgraph_eval/agent.py:961: ResourceWarning: unclosed file <_io.TextIOWrapper name='/home/alexander/Schreibtisch/ofa-v2/campaign3_blind/runs/C2_27b_MCP_seed901/work/residual_level1.csv' mode='r' encoding='UTF-8'>
  rows = [row for row in _csv.reader(r.open()) if row]
ResourceWarning: Enable tracemalloc to get the object allocation traceback
/home/alexander/Schreibtisch/ofa-v2/campaign3_blind/.source_snapshots/2232cd8fe8872e8b688abc402a85f5f2e60867206fe88c62189efcf36aa7db43/src/tools/result_audit.py:410: ResourceWarning: unclosed file <_io.TextIOWrapper name='/home/alexander/Schreibtisch/ofa-v2/campaign3_blind/runs/C2_27b_MCP_seed901/work/residual_level1.csv' mode='r' encoding='UTF-8'>
  body = tuple(r[-1].strip() for r in _csv.reader(q.open()) if r)
ResourceWarning: Enable tracemalloc to get the object allocation traceback
/home/alexander/Schreibtisch/ofa-v2/langgraph_eval/agent.py:961: ResourceWarning: unclosed file <_io.TextIOWrapper name='/home/alexander/Schreibtisch/ofa-v2/campaign3_blind/runs/C2_27b_MCP_seed901/work/residual_level1.csv' mode='r' encoding='UTF-8'>
  rows = [row for row in _csv.reader(r.open()) if row]
ResourceWarning: Enable tracemalloc to get the object allocation traceback
/home/alexander/Schreibtisch/ofa-v2/campaign3_blind/.source_snapshots/2232cd8fe8872e8b688abc402a85f5f2e60867206fe88c62189efcf36aa7db43/src/tools/result_audit.py:410: ResourceWarning: unclosed file <_io.TextIOWrapper name='/home/alexander/Schreibtisch/ofa-v2/campaign3_blind/runs/C2_27b_MCP_seed901/work/residual_level1.csv' mode='r' encoding='UTF-8'>
  body = tuple(r[-1].strip() for r in _csv.reader(q.open()) if r)
ResourceWarning: Enable tracemalloc to get the object allocation traceback
/home/alexander/Schreibtisch/ofa-v2/langgraph_eval/agent.py:961: ResourceWarning: unclosed file <_io.TextIOWrapper name='/home/alexander/Schreibtisch/ofa-v2/campaign3_blind/runs/C2_27b_MCP_seed901/work/residual_level1.csv' mode='r' encoding='UTF-8'>
  rows = [row for row in _csv.reader(r.open()) if row]
ResourceWarning: Enable tracemalloc to get the object allocation traceback
/home/alexander/Schreibtisch/ofa-v2/campaign3_blind/.source_snapshots/2232cd8fe8872e8b688abc402a85f5f2e60867206fe88c62189efcf36aa7db43/src/tools/result_audit.py:410: ResourceWarning: unclosed file <_io.TextIOWrapper name='/home/alexander/Schreibtisch/ofa-v2/campaign3_blind/runs/C2_27b_MCP_seed901/work/residual_level1.csv' mode='r' encoding='UTF-8'>
  body = tuple(r[-1].strip() for r in _csv.reader(q.open()) if r)
ResourceWarning: Enable tracemalloc to get the object allocation traceback
/home/alexander/Schreibtisch/ofa-v2/langgraph_eval/agent.py:961: ResourceWarning: unclosed file <_io.TextIOWrapper name='/home/alexander/Schreibtisch/ofa-v2/campaign3_blind/runs/C2_27b_MCP_seed901/work/residual_level1.csv' mode='r' encoding='UTF-8'>
  rows = [row for row in _csv.reader(r.open()) if row]
ResourceWarning: Enable tracemalloc to get the object allocation traceback
/home/alexander/Schreibtisch/ofa-v2/campaign3_blind/.source_snapshots/2232cd8fe8872e8b688abc402a85f5f2e60867206fe88c62189efcf36aa7db43/src/tools/result_audit.py:410: ResourceWarning: unclosed file <_io.TextIOWrapper name='/home/alexander/Schreibtisch/ofa-v2/campaign3_blind/runs/C2_27b_MCP_seed901/work/residual_level1.csv' mode='r' encoding='UTF-8'>
  body = tuple(r[-1].strip() for r in _csv.reader(q.open()) if r)
ResourceWarning: Enable tracemalloc to get the object allocation traceback
/home/alexander/Schreibtisch/ofa-v2/langgraph_eval/agent.py:961: ResourceWarning: unclosed file <_io.TextIOWrapper name='/home/alexander/Schreibtisch/ofa-v2/campaign3_blind/runs/C2_27b_MCP_seed901/work/residual_level1.csv' mode='r' encoding='UTF-8'>
  rows = [row for row in _csv.reader(r.open()) if row]
ResourceWarning: Enable tracemalloc to get the object allocation traceback
/home/alexander/Schreibtisch/ofa-v2/campaign3_blind/.source_snapshots/2232cd8fe8872e8b688abc402a85f5f2e60867206fe88c62189efcf36aa7db43/src/tools/result_audit.py:410: ResourceWarning: unclosed file <_io.TextIOWrapper name='/home/alexander/Schreibtisch/ofa-v2/campaign3_blind/runs/C2_27b_MCP_seed901/work/residual_level1.csv' mode='r' encoding='UTF-8'>
  body = tuple(r[-1].strip() for r in _csv.reader(q.open()) if r)
ResourceWarning: Enable tracemalloc to get the object allocation traceback
/home/alexander/Schreibtisch/ofa-v2/langgraph_eval/agent.py:961: ResourceWarning: unclosed file <_io.TextIOWrapper name='/home/alexander/Schreibtisch/ofa-v2/campaign3_blind/runs/C2_27b_MCP_seed901/work/residual_level1.csv' mode='r' encoding='UTF-8'>
  rows = [row for row in _csv.reader(r.open()) if row]
ResourceWarning: Enable tracemalloc to get the object allocation traceback
/home/alexander/Schreibtisch/ofa-v2/campaign3_blind/.source_snapshots/2232cd8fe8872e8b688abc402a85f5f2e60867206fe88c62189efcf36aa7db43/src/tools/result_audit.py:410: ResourceWarning: unclosed file <_io.TextIOWrapper name='/home/alexander/Schreibtisch/ofa-v2/campaign3_blind/runs/C2_27b_MCP_seed901/work/residual_level1.csv' mode='r' encoding='UTF-8'>
  body = tuple(r[-1].strip() for r in _csv.reader(q.open()) if r)
ResourceWarning: Enable tracemalloc to get the object allocation traceback
/home/alexander/Schreibtisch/ofa-v2/langgraph_eval/agent.py:961: ResourceWarning: unclosed file <_io.TextIOWrapper name='/home/alexander/Schreibtisch/ofa-v2/campaign3_blind/runs/C2_27b_MCP_seed901/work/residual_level1.csv' mode='r' encoding='UTF-8'>
  rows = [row for row in _csv.reader(r.open()) if row]
ResourceWarning: Enable tracemalloc to get the object allocation traceback
/home/alexander/Schreibtisch/ofa-v2/campaign3_blind/.source_snapshots/2232cd8fe8872e8b688abc402a85f5f2e60867206fe88c62189efcf36aa7db43/src/tools/result_audit.py:410: ResourceWarning: unclosed file <_io.TextIOWrapper name='/home/alexander/Schreibtisch/ofa-v2/campaign3_blind/runs/C2_27b_MCP_seed901/work/residual_level1.csv' mode='r' encoding='UTF-8'>
  body = tuple(r[-1].strip() for r in _csv.reader(q.open()) if r)
ResourceWarning: Enable tracemalloc to get the object allocation traceback
/home/alexander/Schreibtisch/ofa-v2/langgraph_eval/agent.py:961: ResourceWarning: unclosed file <_io.TextIOWrapper name='/home/alexander/Schreibtisch/ofa-v2/campaign3_blind/runs/C2_27b_MCP_seed901/work/residual_level1.csv' mode='r' encoding='UTF-8'>
  rows = [row for row in _csv.reader(r.open()) if row]
ResourceWarning: Enable tracemalloc to get the object allocation traceback
/home/alexander/Schreibtisch/ofa-v2/campaign3_blind/.source_snapshots/2232cd8fe8872e8b688abc402a85f5f2e60867206fe88c62189efcf36aa7db43/src/tools/result_audit.py:410: ResourceWarning: unclosed file <_io.TextIOWrapper name='/home/alexander/Schreibtisch/ofa-v2/campaign3_blind/runs/C2_27b_MCP_seed901/work/residual_level1.csv' mode='r' encoding='UTF-8'>
  body = tuple(r[-1].strip() for r in _csv.reader(q.open()) if r)
ResourceWarning: Enable tracemalloc to get the object allocation traceback
/home/alexander/Schreibtisch/ofa-v2/langgraph_eval/agent.py:961: ResourceWarning: unclosed file <_io.TextIOWrapper name='/home/alexander/Schreibtisch/ofa-v2/campaign3_blind/runs/C2_27b_MCP_seed901/work/residual_level1.csv' mode='r' encoding='UTF-8'>
  rows = [row for row in _csv.reader(r.open()) if row]
ResourceWarning: Enable tracemalloc to get the object allocation traceback
/home/alexander/Schreibtisch/ofa-v2/campaign3_blind/.source_snapshots/2232cd8fe8872e8b688abc402a85f5f2e60867206fe88c62189efcf36aa7db43/src/tools/result_audit.py:410: ResourceWarning: unclosed file <_io.TextIOWrapper name='/home/alexander/Schreibtisch/ofa-v2/campaign3_blind/runs/C2_27b_MCP_seed901/work/residual_level1.csv' mode='r' encoding='UTF-8'>
  body = tuple(r[-1].strip() for r in _csv.reader(q.open()) if r)
ResourceWarning: Enable tracemalloc to get the object allocation traceback
/home/alexander/Schreibtisch/ofa-v2/langgraph_eval/agent.py:961: ResourceWarning: unclosed file <_io.TextIOWrapper name='/home/alexander/Schreibtisch/ofa-v2/campaign3_blind/runs/C2_27b_MCP_seed901/work/residual_level1.csv' mode='r' encoding='UTF-8'>
  rows = [row for row in _csv.reader(r.open()) if row]
ResourceWarning: Enable tracemalloc to get the object allocation traceback
/home/alexander/Schreibtisch/ofa-v2/campaign3_blind/.source_snapshots/2232cd8fe8872e8b688abc402a85f5f2e60867206fe88c62189efcf36aa7db43/src/tools/result_audit.py:410: ResourceWarning: unclosed file <_io.TextIOWrapper name='/home/alexander/Schreibtisch/ofa-v2/campaign3_blind/runs/C2_27b_MCP_seed901/work/residual_level1.csv' mode='r' encoding='UTF-8'>
  body = tuple(r[-1].strip() for r in _csv.reader(q.open()) if r)
ResourceWarning: Enable tracemalloc to get the object allocation traceback
/home/alexander/Schreibtisch/ofa-v2/langgraph_eval/agent.py:961: ResourceWarning: unclosed file <_io.TextIOWrapper name='/home/alexander/Schreibtisch/ofa-v2/campaign3_blind/runs/C2_27b_MCP_seed901/work/residual_level1.csv' mode='r' encoding='UTF-8'>
  rows = [row for row in _csv.reader(r.open()) if row]
ResourceWarning: Enable tracemalloc to get the object allocation traceback
/home/alexander/Schreibtisch/ofa-v2/campaign3_blind/.source_snapshots/2232cd8fe8872e8b688abc402a85f5f2e60867206fe88c62189efcf36aa7db43/src/tools/result_audit.py:410: ResourceWarning: unclosed file <_io.TextIOWrapper name='/home/alexander/Schreibtisch/ofa-v2/campaign3_blind/runs/C2_27b_MCP_seed901/work/residual_level1.csv' mode='r' encoding='UTF-8'>
  body = tuple(r[-1].strip() for r in _csv.reader(q.open()) if r)
ResourceWarning: Enable tracemalloc to get the object allocation traceback
/home/alexander/Schreibtisch/ofa-v2/langgraph_eval/agent.py:961: ResourceWarning: unclosed file <_io.TextIOWrapper name='/home/alexander/Schreibtisch/ofa-v2/campaign3_blind/runs/C2_27b_MCP_seed901/work/residual_level1.csv' mode='r' encoding='UTF-8'>
  rows = [row for row in _csv.reader(r.open()) if row]
ResourceWarning: Enable tracemalloc to get the object allocation traceback
/home/alexander/Schreibtisch/ofa-v2/campaign3_blind/.source_snapshots/2232cd8fe8872e8b688abc402a85f5f2e60867206fe88c62189efcf36aa7db43/src/tools/result_audit.py:410: ResourceWarning: unclosed file <_io.TextIOWrapper name='/home/alexander/Schreibtisch/ofa-v2/campaign3_blind/runs/C2_27b_MCP_seed901/work/residual_level1.csv' mode='r' encoding='UTF-8'>
  body = tuple(r[-1].strip() for r in _csv.reader(q.open()) if r)
ResourceWarning: Enable tracemalloc to get the object allocation traceback
2026-09-03 00:30:37,694 [oasis] INFO: Session journal saved: /tmp/oasis-source/data/sessions/session_ec173baa-bd8c-49cf-82f8-15a259dfbe40.json (13 events)
[source build] 8acef3028d94 sha256=2232cd8fe8872e8b... (immutable)
[preflight] custody controls verified for 1 problem(s); keys sealed and unreadable by execution
[phase: development] results are for post-mortems and convergence checking, NOT for the paper's evaluation table.
[DUNE cache] sha256=dc2d5b8ff2ebf98e... (neutral, private copy per cell)
[C2 27b MCP s901] done  calls=182 tok=26972562/113375 2703.3s  ERR ExceptionGroup: unhandled errors in a TaskGroup (1 sub-excep
<<< C2 MCP seed 901 done 2026-09-03 00:30:38
>>> C2 round9 complete 2026-09-03 00:30:38
