>>> FB1 MCP seeds 4901 4902 4903  start 2026-09-04 08:42:24
[source build] e27ba0886fce sha256=8617afc561787638... (immutable)
[source build] e27ba0886fce sha256=8617afc561787638... (immutable)
[source build] e27ba0886fce sha256=8617afc561787638... (immutable)
2026-09-04 08:42:55,687 [oasis.registry] INFO: Loaded discovered config: 5 backends
2026-09-04 08:42:55,697 [oasis.registry] INFO: Registered backend: 4C Multiphysics (fourc)
2026-09-04 08:42:55,700 [oasis.registry] INFO: Registered backend: FEniCSx (dolfinx) (fenics)
2026-09-04 08:42:55,705 [oasis.registry] INFO: Registered backend: deal.II (dealii)
2026-09-04 08:42:55,725 [oasis.registry] INFO: Registered backend: FEBio (febio)
2026-09-04 08:42:55,738 [oasis.registry] INFO: Registered backend: NGSolve (ngsolve)
2026-09-04 08:42:55,738 [oasis.ngsolve] INFO: NGSolve backend registered
2026-09-04 08:42:55,752 [oasis.registry] INFO: Registered backend: scikit-fem (skfem)
2026-09-04 08:42:55,752 [oasis.skfem] INFO: scikit-fem backend registered
2026-09-04 08:42:55,773 [oasis.registry] INFO: Registered backend: Kratos Multiphysics (kratos)
2026-09-04 08:42:55,773 [oasis.kratos] INFO: Kratos Multiphysics backend registered
2026-09-04 08:42:55,787 [oasis.registry] INFO: Registered backend: DUNE-fem (dune)
2026-09-04 08:42:55,787 [oasis.dune] INFO: DUNE-fem backend registered
2026-09-04 08:42:55,801 [oasis.registry] INFO: Registered backend: SPARTA (DSMC) (sparta)
2026-09-04 08:42:55,801 [oasis.sparta] INFO: SPARTA (DSMC) backend registered
2026-09-04 08:42:55,801 [oasis] INFO: Starting OASiS MCP server
2026-09-04 08:42:55,828 [mcp.server.lowlevel.server] INFO: Processing request of type ListToolsRequest
2026-09-04 08:42:56,257 [oasis.registry] INFO: Loaded discovered config: 5 backends
2026-09-04 08:42:56,267 [oasis.registry] INFO: Registered backend: 4C Multiphysics (fourc)
2026-09-04 08:42:56,270 [oasis.registry] INFO: Registered backend: FEniCSx (dolfinx) (fenics)
2026-09-04 08:42:56,275 [oasis.registry] INFO: Registered backend: deal.II (dealii)
2026-09-04 08:42:56,294 [oasis.registry] INFO: Registered backend: FEBio (febio)
2026-09-04 08:42:56,307 [oasis.registry] INFO: Registered backend: NGSolve (ngsolve)
2026-09-04 08:42:56,307 [oasis.ngsolve] INFO: NGSolve backend registered
2026-09-04 08:42:56,321 [oasis.registry] INFO: Registered backend: scikit-fem (skfem)
2026-09-04 08:42:56,321 [oasis.skfem] INFO: scikit-fem backend registered
2026-09-04 08:42:56,347 [oasis.registry] INFO: Registered backend: Kratos Multiphysics (kratos)
2026-09-04 08:42:56,347 [oasis.kratos] INFO: Kratos Multiphysics backend registered
2026-09-04 08:42:56,362 [oasis.registry] INFO: Registered backend: DUNE-fem (dune)
2026-09-04 08:42:56,362 [oasis.dune] INFO: DUNE-fem backend registered
2026-09-04 08:42:56,376 [oasis.registry] INFO: Registered backend: SPARTA (DSMC) (sparta)
2026-09-04 08:42:56,376 [oasis.sparta] INFO: SPARTA (DSMC) backend registered
2026-09-04 08:42:56,376 [oasis] INFO: Starting OASiS MCP server
2026-09-04 08:42:56,379 [oasis.registry] INFO: Loaded discovered config: 5 backends
2026-09-04 08:42:56,391 [oasis.registry] INFO: Registered backend: 4C Multiphysics (fourc)
2026-09-04 08:42:56,395 [oasis.registry] INFO: Registered backend: FEniCSx (dolfinx) (fenics)
2026-09-04 08:42:56,400 [oasis.registry] INFO: Registered backend: deal.II (dealii)
2026-09-04 08:42:56,409 [mcp.server.lowlevel.server] INFO: Processing request of type ListToolsRequest
2026-09-04 08:42:56,420 [oasis.registry] INFO: Registered backend: FEBio (febio)
2026-09-04 08:42:56,435 [oasis.registry] INFO: Registered backend: NGSolve (ngsolve)
2026-09-04 08:42:56,435 [oasis.ngsolve] INFO: NGSolve backend registered
2026-09-04 08:42:56,451 [oasis.registry] INFO: Registered backend: scikit-fem (skfem)
2026-09-04 08:42:56,451 [oasis.skfem] INFO: scikit-fem backend registered
2026-09-04 08:42:56,475 [oasis.registry] INFO: Registered backend: Kratos Multiphysics (kratos)
2026-09-04 08:42:56,475 [oasis.kratos] INFO: Kratos Multiphysics backend registered
2026-09-04 08:42:56,491 [oasis.registry] INFO: Registered backend: DUNE-fem (dune)
2026-09-04 08:42:56,492 [oasis.dune] INFO: DUNE-fem backend registered
2026-09-04 08:42:56,506 [oasis.registry] INFO: Registered backend: SPARTA (DSMC) (sparta)
2026-09-04 08:42:56,506 [oasis.sparta] INFO: SPARTA (DSMC) backend registered
2026-09-04 08:42:56,506 [oasis] INFO: Starting OASiS MCP server
2026-09-04 08:42:56,536 [mcp.server.lowlevel.server] INFO: Processing request of type ListToolsRequest
2026-09-04 08:43:08,003 [mcp.server.lowlevel.server] INFO: Processing request of type CallToolRequest
2026-09-04 08:43:08,014 [mcp.server.lowlevel.server] INFO: Processing request of type CallToolRequest
2026-09-04 08:43:08,016 [mcp.server.lowlevel.server] INFO: Processing request of type CallToolRequest
2026-09-04 08:43:08,169 [mcp.server.lowlevel.server] INFO: Processing request of type CallToolRequest
2026-09-04 08:43:08,175 [mcp.server.lowlevel.server] INFO: Processing request of type CallToolRequest
2026-09-04 08:43:08,183 [mcp.server.lowlevel.server] INFO: Processing request of type CallToolRequest
2026-09-04 08:43:35,163 [mcp.server.lowlevel.server] INFO: Processing request of type CallToolRequest
2026-09-04 08:43:35,169 [mcp.server.lowlevel.server] INFO: Processing request of type CallToolRequest
2026-09-04 08:43:35,176 [mcp.server.lowlevel.server] INFO: Processing request of type CallToolRequest
2026-09-04 08:43:53,801 [mcp.server.lowlevel.server] INFO: Processing request of type CallToolRequest
2026-09-04 08:44:02,193 [mcp.server.lowlevel.server] INFO: Processing request of type CallToolRequest
2026-09-04 08:44:02,197 [mcp.server.lowlevel.server] INFO: Processing request of type CallToolRequest
/home/alexander/Schreibtisch/ofa-v2/langgraph_eval/agent.py:820: RuntimeWarning: This package (`duckduckgo_search`) has been renamed to `ddgs`! Use `pip install ddgs` instead.
  with DDGS() as ddgs:
2026-09-04 08:44:34,543 [mcp.server.lowlevel.server] INFO: Processing request of type CallToolRequest
2026-09-04 08:44:34,606 [mcp.server.lowlevel.server] INFO: Processing request of type CallToolRequest
/home/alexander/Schreibtisch/ofa-v2/langgraph_eval/agent.py:820: RuntimeWarning: This package (`duckduckgo_search`) has been renamed to `ddgs`! Use `pip install ddgs` instead.
  with DDGS() as ddgs:
/home/alexander/Schreibtisch/ofa-v2/langgraph_eval/agent.py:820: RuntimeWarning: This package (`duckduckgo_search`) has been renamed to `ddgs`! Use `pip install ddgs` instead.
  with DDGS() as ddgs:
2026-09-04 08:44:36,194 [mcp.server.lowlevel.server] INFO: Processing request of type CallToolRequest
/home/alexander/Schreibtisch/ofa-v2/langgraph_eval/agent.py:820: RuntimeWarning: This package (`duckduckgo_search`) has been renamed to `ddgs`! Use `pip install ddgs` instead.
  with DDGS() as ddgs:
/home/alexander/Schreibtisch/ofa-v2/langgraph_eval/agent.py:820: RuntimeWarning: This package (`duckduckgo_search`) has been renamed to `ddgs`! Use `pip install ddgs` instead.
  with DDGS() as ddgs:
/home/alexander/Schreibtisch/ofa-v2/langgraph_eval/agent.py:820: RuntimeWarning: This package (`duckduckgo_search`) has been renamed to `ddgs`! Use `pip install ddgs` instead.
  with DDGS() as ddgs:
2026-09-04 08:44:50,466 [mcp.server.lowlevel.server] INFO: Processing request of type CallToolRequest
2026-09-04 08:44:51,226 [mcp.server.lowlevel.server] INFO: Processing request of type CallToolRequest
/home/alexander/Schreibtisch/ofa-v2/langgraph_eval/agent.py:820: RuntimeWarning: This package (`duckduckgo_search`) has been renamed to `ddgs`! Use `pip install ddgs` instead.
  with DDGS() as ddgs:
2026-09-04 08:45:04,103 [mcp.server.lowlevel.server] INFO: Processing request of type CallToolRequest
/home/alexander/Schreibtisch/ofa-v2/langgraph_eval/agent.py:820: RuntimeWarning: This package (`duckduckgo_search`) has been renamed to `ddgs`! Use `pip install ddgs` instead.
  with DDGS() as ddgs:
2026-09-04 08:45:20,023 [mcp.server.lowlevel.server] INFO: Processing request of type CallToolRequest
2026-09-04 08:45:27,866 [mcp.server.lowlevel.server] INFO: Processing request of type CallToolRequest
2026-09-04 08:45:30,594 [mcp.server.lowlevel.server] INFO: Processing request of type CallToolRequest
/home/alexander/Schreibtisch/ofa-v2/langgraph_eval/agent.py:820: RuntimeWarning: This package (`duckduckgo_search`) has been renamed to `ddgs`! Use `pip install ddgs` instead.
  with DDGS() as ddgs:
2026-09-04 08:45:34,587 [mcp.server.lowlevel.server] INFO: Processing request of type CallToolRequest
/home/alexander/Schreibtisch/ofa-v2/langgraph_eval/agent.py:820: RuntimeWarning: This package (`duckduckgo_search`) has been renamed to `ddgs`! Use `pip install ddgs` instead.
  with DDGS() as ddgs:
/home/alexander/Schreibtisch/ofa-v2/langgraph_eval/agent.py:820: RuntimeWarning: This package (`duckduckgo_search`) has been renamed to `ddgs`! Use `pip install ddgs` instead.
  with DDGS() as ddgs:
2026-09-04 08:46:12,295 [mcp.server.lowlevel.server] INFO: Processing request of type CallToolRequest
2026-09-04 08:47:20,691 [mcp.server.lowlevel.server] INFO: Processing request of type CallToolRequest
/home/alexander/Schreibtisch/ofa-v2/langgraph_eval/agent.py:895: LangGraphDeprecatedSinceV10: create_react_agent has been moved to `langchain.agents`. Please update your import to `from langchain.agents import create_agent`. Deprecated in LangGraph V1.0 to be removed in V2.0.
  sub_agent = create_react_agent(
/home/alexander/Schreibtisch/ofa-v2/langgraph_eval/agent.py:820: RuntimeWarning: This package (`duckduckgo_search`) has been renamed to `ddgs`! Use `pip install ddgs` instead.
  with DDGS() as ddgs:
/home/alexander/Schreibtisch/ofa-v2/langgraph_eval/agent.py:820: RuntimeWarning: This package (`duckduckgo_search`) has been renamed to `ddgs`! Use `pip install ddgs` instead.
  with DDGS() as ddgs:
/home/alexander/Schreibtisch/ofa-v2/langgraph_eval/agent.py:820: RuntimeWarning: This package (`duckduckgo_search`) has been renamed to `ddgs`! Use `pip install ddgs` instead.
  with DDGS() as ddgs:
/home/alexander/Schreibtisch/ofa-v2/langgraph_eval/agent.py:820: RuntimeWarning: This package (`duckduckgo_search`) has been renamed to `ddgs`! Use `pip install ddgs` instead.
  with DDGS() as ddgs:
/home/alexander/Schreibtisch/ofa-v2/langgraph_eval/agent.py:820: RuntimeWarning: This package (`duckduckgo_search`) has been renamed to `ddgs`! Use `pip install ddgs` instead.
  with DDGS() as ddgs:
/home/alexander/Schreibtisch/ofa-v2/langgraph_eval/agent.py:820: RuntimeWarning: This package (`duckduckgo_search`) has been renamed to `ddgs`! Use `pip install ddgs` instead.
  with DDGS() as ddgs:
2026-09-04 08:49:04,500 [mcp.server.lowlevel.server] INFO: Processing request of type CallToolRequest
/home/alexander/Schreibtisch/ofa-v2/src/tools/result_audit.py:1341: ResourceWarning: unclosed file <_io.TextIOWrapper name='/home/alexander/Schreibtisch/ofa-v2/campaign3_blind/runs/FB1_27b_MCP_seed4901/work/solution_level1.csv' mode='r' encoding='UTF-8'>
  rows = [r for r in _csv.reader(f.open())
ResourceWarning: Enable tracemalloc to get the object allocation traceback
/home/alexander/Schreibtisch/ofa-v2/src/tools/result_audit.py:1341: ResourceWarning: unclosed file <_io.TextIOWrapper name='/home/alexander/Schreibtisch/ofa-v2/campaign3_blind/runs/FB1_27b_MCP_seed4901/work/solution_level2.csv' mode='r' encoding='UTF-8'>
  rows = [r for r in _csv.reader(f.open())
ResourceWarning: Enable tracemalloc to get the object allocation traceback
/home/alexander/Schreibtisch/ofa-v2/src/tools/result_audit.py:1341: ResourceWarning: unclosed file <_io.TextIOWrapper name='/home/alexander/Schreibtisch/ofa-v2/campaign3_blind/runs/FB1_27b_MCP_seed4901/work/solution_level3.csv' mode='r' encoding='UTF-8'>
  rows = [r for r in _csv.reader(f.open())
ResourceWarning: Enable tracemalloc to get the object allocation traceback
2026-09-04 08:52:34,253 [mcp.server.lowlevel.server] INFO: Processing request of type CallToolRequest
2026-09-04 08:52:54,259 [mcp.server.lowlevel.server] INFO: Processing request of type CallToolRequest
/home/alexander/Schreibtisch/ofa-v2/src/tools/result_audit.py:1341: ResourceWarning: unclosed file <_io.TextIOWrapper name='/home/alexander/Schreibtisch/ofa-v2/campaign3_blind/runs/FB1_27b_MCP_seed4901/work/solution_level1.csv' mode='r' encoding='UTF-8'>
  rows = [r for r in _csv.reader(f.open())
ResourceWarning: Enable tracemalloc to get the object allocation traceback
/home/alexander/Schreibtisch/ofa-v2/src/tools/result_audit.py:1341: ResourceWarning: unclosed file <_io.TextIOWrapper name='/home/alexander/Schreibtisch/ofa-v2/campaign3_blind/runs/FB1_27b_MCP_seed4901/work/solution_level2.csv' mode='r' encoding='UTF-8'>
  rows = [r for r in _csv.reader(f.open())
ResourceWarning: Enable tracemalloc to get the object allocation traceback
/home/alexander/Schreibtisch/ofa-v2/src/tools/result_audit.py:1341: ResourceWarning: unclosed file <_io.TextIOWrapper name='/home/alexander/Schreibtisch/ofa-v2/campaign3_blind/runs/FB1_27b_MCP_seed4901/work/solution_level3.csv' mode='r' encoding='UTF-8'>
  rows = [r for r in _csv.reader(f.open())
ResourceWarning: Enable tracemalloc to get the object allocation traceback
2026-09-04 08:55:26,495 [oasis] INFO: Session journal saved: /tmp/oasis-source/data/sessions/session_d48e9554-5ded-48b7-adfa-52f39eff81a3.json (9 events)
[preflight] custody controls verified for 1 problem(s); keys sealed and unreadable by execution
[phase: development] results are for post-mortems and convergence checking, NOT for the paper's evaluation table.
[DUNE cache] sha256=dc2d5b8ff2ebf98e... (neutral, private copy per cell)
[FB1 27b MCP s4902] done  calls=16 tok=1399128/25628 752.8s
/home/alexander/.local/share/python/cpython-3.12.13-linux-x86_64-gnu/lib/python3.12/asyncio/selector_events.py:879: ResourceWarning: unclosed transport <_SelectorSocketTransport fd=9>
<<< FB1 seed 4902 done 2026-09-04 08:55:27
/home/alexander/Schreibtisch/ofa-v2/src/tools/result_audit.py:1341: ResourceWarning: unclosed file <_io.TextIOWrapper name='/home/alexander/Schreibtisch/ofa-v2/campaign3_blind/runs/FB1_27b_MCP_seed4901/work/solution_level1.csv' mode='r' encoding='UTF-8'>
  rows = [r for r in _csv.reader(f.open())
ResourceWarning: Enable tracemalloc to get the object allocation traceback
/home/alexander/Schreibtisch/ofa-v2/src/tools/result_audit.py:1341: ResourceWarning: unclosed file <_io.TextIOWrapper name='/home/alexander/Schreibtisch/ofa-v2/campaign3_blind/runs/FB1_27b_MCP_seed4901/work/solution_level2.csv' mode='r' encoding='UTF-8'>
  rows = [r for r in _csv.reader(f.open())
ResourceWarning: Enable tracemalloc to get the object allocation traceback
/home/alexander/Schreibtisch/ofa-v2/src/tools/result_audit.py:1341: ResourceWarning: unclosed file <_io.TextIOWrapper name='/home/alexander/Schreibtisch/ofa-v2/campaign3_blind/runs/FB1_27b_MCP_seed4901/work/solution_level3.csv' mode='r' encoding='UTF-8'>
  rows = [r for r in _csv.reader(f.open())
ResourceWarning: Enable tracemalloc to get the object allocation traceback
/home/alexander/Schreibtisch/ofa-v2/src/tools/result_audit.py:534: ResourceWarning: unclosed file <_io.TextIOWrapper name='/home/alexander/Schreibtisch/ofa-v2/campaign3_blind/runs/FB1_27b_MCP_seed4901/work/solution_level1.csv' mode='r' encoding='UTF-8'>
  rows = sum(1 for _ in open(sol0[0], errors="ignore")) - 1
ResourceWarning: Enable tracemalloc to get the object allocation traceback
/home/alexander/Schreibtisch/ofa-v2/src/tools/result_audit.py:1341: ResourceWarning: unclosed file <_io.TextIOWrapper name='/home/alexander/Schreibtisch/ofa-v2/campaign3_blind/runs/FB1_27b_MCP_seed4901/work/solution_level1.csv' mode='r' encoding='UTF-8'>
  rows = [r for r in _csv.reader(f.open())
ResourceWarning: Enable tracemalloc to get the object allocation traceback
/home/alexander/Schreibtisch/ofa-v2/src/tools/result_audit.py:1341: ResourceWarning: unclosed file <_io.TextIOWrapper name='/home/alexander/Schreibtisch/ofa-v2/campaign3_blind/runs/FB1_27b_MCP_seed4901/work/solution_level2.csv' mode='r' encoding='UTF-8'>
  rows = [r for r in _csv.reader(f.open())
ResourceWarning: Enable tracemalloc to get the object allocation traceback
/home/alexander/Schreibtisch/ofa-v2/src/tools/result_audit.py:1341: ResourceWarning: unclosed file <_io.TextIOWrapper name='/home/alexander/Schreibtisch/ofa-v2/campaign3_blind/runs/FB1_27b_MCP_seed4901/work/solution_level3.csv' mode='r' encoding='UTF-8'>
  rows = [r for r in _csv.reader(f.open())
ResourceWarning: Enable tracemalloc to get the object allocation traceback
2026-09-04 08:58:00,949 [mcp.server.lowlevel.server] INFO: Processing request of type CallToolRequest
2026-09-04 08:58:40,492 [mcp.server.lowlevel.server] INFO: Processing request of type CallToolRequest
2026-09-04 08:58:51,158 [oasis] INFO: Session journal saved: /tmp/oasis-source/data/sessions/session_461cc43e-77fc-4683-a3a5-d0060b1e8df4.json (7 events)
[preflight] custody controls verified for 1 problem(s); keys sealed and unreadable by execution
[phase: development] results are for post-mortems and convergence checking, NOT for the paper's evaluation table.
[DUNE cache] sha256=dc2d5b8ff2ebf98e... (neutral, private copy per cell)
[FB1 27b MCP s4901] done  calls=45 tok=4324050/34605 957.7s
/home/alexander/.local/share/python/cpython-3.12.13-linux-x86_64-gnu/lib/python3.12/asyncio/selector_events.py:879: ResourceWarning: unclosed transport <_SelectorSocketTransport fd=9>
<<< FB1 seed 4901 done 2026-09-04 08:58:52
/home/alexander/Schreibtisch/ofa-v2/src/tools/result_audit.py:1341: ResourceWarning: unclosed file <_io.TextIOWrapper name='/home/alexander/Schreibtisch/ofa-v2/campaign3_blind/runs/FB1_27b_MCP_seed4903/work/solution_level1.csv' mode='r' encoding='UTF-8'>
  rows = [r for r in _csv.reader(f.open())
ResourceWarning: Enable tracemalloc to get the object allocation traceback
/home/alexander/Schreibtisch/ofa-v2/src/tools/result_audit.py:1341: ResourceWarning: unclosed file <_io.TextIOWrapper name='/home/alexander/Schreibtisch/ofa-v2/campaign3_blind/runs/FB1_27b_MCP_seed4903/work/solution_level2.csv' mode='r' encoding='UTF-8'>
  rows = [r for r in _csv.reader(f.open())
ResourceWarning: Enable tracemalloc to get the object allocation traceback
/home/alexander/Schreibtisch/ofa-v2/src/tools/result_audit.py:1341: ResourceWarning: unclosed file <_io.TextIOWrapper name='/home/alexander/Schreibtisch/ofa-v2/campaign3_blind/runs/FB1_27b_MCP_seed4903/work/solution_level3.csv' mode='r' encoding='UTF-8'>
  rows = [r for r in _csv.reader(f.open())
ResourceWarning: Enable tracemalloc to get the object allocation traceback
/home/alexander/Schreibtisch/ofa-v2/src/tools/result_audit.py:534: ResourceWarning: unclosed file <_io.TextIOWrapper name='/home/alexander/Schreibtisch/ofa-v2/campaign3_blind/runs/FB1_27b_MCP_seed4903/work/solution_level1.csv' mode='r' encoding='UTF-8'>
  rows = sum(1 for _ in open(sol0[0], errors="ignore")) - 1
ResourceWarning: Enable tracemalloc to get the object allocation traceback
/home/alexander/Schreibtisch/ofa-v2/src/tools/result_audit.py:1341: ResourceWarning: unclosed file <_io.TextIOWrapper name='/home/alexander/Schreibtisch/ofa-v2/campaign3_blind/runs/FB1_27b_MCP_seed4903/work/solution_level1.csv' mode='r' encoding='UTF-8'>
  rows = [r for r in _csv.reader(f.open())
ResourceWarning: Enable tracemalloc to get the object allocation traceback
/home/alexander/Schreibtisch/ofa-v2/src/tools/result_audit.py:1341: ResourceWarning: unclosed file <_io.TextIOWrapper name='/home/alexander/Schreibtisch/ofa-v2/campaign3_blind/runs/FB1_27b_MCP_seed4903/work/solution_level2.csv' mode='r' encoding='UTF-8'>
  rows = [r for r in _csv.reader(f.open())
ResourceWarning: Enable tracemalloc to get the object allocation traceback
/home/alexander/Schreibtisch/ofa-v2/src/tools/result_audit.py:1341: ResourceWarning: unclosed file <_io.TextIOWrapper name='/home/alexander/Schreibtisch/ofa-v2/campaign3_blind/runs/FB1_27b_MCP_seed4903/work/solution_level3.csv' mode='r' encoding='UTF-8'>
  rows = [r for r in _csv.reader(f.open())
ResourceWarning: Enable tracemalloc to get the object allocation traceback
/home/alexander/Schreibtisch/ofa-v2/src/tools/result_audit.py:1341: ResourceWarning: unclosed file <_io.TextIOWrapper name='/home/alexander/Schreibtisch/ofa-v2/campaign3_blind/runs/FB1_27b_MCP_seed4903/work/solution_level1.csv' mode='r' encoding='UTF-8'>
  rows = [r for r in _csv.reader(f.open())
ResourceWarning: Enable tracemalloc to get the object allocation traceback
/home/alexander/Schreibtisch/ofa-v2/src/tools/result_audit.py:1341: ResourceWarning: unclosed file <_io.TextIOWrapper name='/home/alexander/Schreibtisch/ofa-v2/campaign3_blind/runs/FB1_27b_MCP_seed4903/work/solution_level2.csv' mode='r' encoding='UTF-8'>
  rows = [r for r in _csv.reader(f.open())
ResourceWarning: Enable tracemalloc to get the object allocation traceback
/home/alexander/Schreibtisch/ofa-v2/src/tools/result_audit.py:1341: ResourceWarning: unclosed file <_io.TextIOWrapper name='/home/alexander/Schreibtisch/ofa-v2/campaign3_blind/runs/FB1_27b_MCP_seed4903/work/solution_level3.csv' mode='r' encoding='UTF-8'>
  rows = [r for r in _csv.reader(f.open())
ResourceWarning: Enable tracemalloc to get the object allocation traceback
/home/alexander/Schreibtisch/ofa-v2/src/tools/result_audit.py:534: ResourceWarning: unclosed file <_io.TextIOWrapper name='/home/alexander/Schreibtisch/ofa-v2/campaign3_blind/runs/FB1_27b_MCP_seed4903/work/solution_level1.csv' mode='r' encoding='UTF-8'>
  rows = sum(1 for _ in open(sol0[0], errors="ignore")) - 1
ResourceWarning: Enable tracemalloc to get the object allocation traceback
/home/alexander/Schreibtisch/ofa-v2/src/tools/result_audit.py:1341: ResourceWarning: unclosed file <_io.TextIOWrapper name='/home/alexander/Schreibtisch/ofa-v2/campaign3_blind/runs/FB1_27b_MCP_seed4903/work/solution_level1.csv' mode='r' encoding='UTF-8'>
  rows = [r for r in _csv.reader(f.open())
ResourceWarning: Enable tracemalloc to get the object allocation traceback
/home/alexander/Schreibtisch/ofa-v2/src/tools/result_audit.py:1341: ResourceWarning: unclosed file <_io.TextIOWrapper name='/home/alexander/Schreibtisch/ofa-v2/campaign3_blind/runs/FB1_27b_MCP_seed4903/work/solution_level2.csv' mode='r' encoding='UTF-8'>
  rows = [r for r in _csv.reader(f.open())
ResourceWarning: Enable tracemalloc to get the object allocation traceback
/home/alexander/Schreibtisch/ofa-v2/src/tools/result_audit.py:1341: ResourceWarning: unclosed file <_io.TextIOWrapper name='/home/alexander/Schreibtisch/ofa-v2/campaign3_blind/runs/FB1_27b_MCP_seed4903/work/solution_level3.csv' mode='r' encoding='UTF-8'>
  rows = [r for r in _csv.reader(f.open())
ResourceWarning: Enable tracemalloc to get the object allocation traceback
/home/alexander/Schreibtisch/ofa-v2/src/tools/result_audit.py:1341: ResourceWarning: unclosed file <_io.TextIOWrapper name='/home/alexander/Schreibtisch/ofa-v2/campaign3_blind/runs/FB1_27b_MCP_seed4903/work/solution_level1.csv' mode='r' encoding='UTF-8'>
  rows = [r for r in _csv.reader(f.open())
ResourceWarning: Enable tracemalloc to get the object allocation traceback
/home/alexander/Schreibtisch/ofa-v2/src/tools/result_audit.py:1341: ResourceWarning: unclosed file <_io.TextIOWrapper name='/home/alexander/Schreibtisch/ofa-v2/campaign3_blind/runs/FB1_27b_MCP_seed4903/work/solution_level2.csv' mode='r' encoding='UTF-8'>
  rows = [r for r in _csv.reader(f.open())
ResourceWarning: Enable tracemalloc to get the object allocation traceback
/home/alexander/Schreibtisch/ofa-v2/src/tools/result_audit.py:1341: ResourceWarning: unclosed file <_io.TextIOWrapper name='/home/alexander/Schreibtisch/ofa-v2/campaign3_blind/runs/FB1_27b_MCP_seed4903/work/solution_level3.csv' mode='r' encoding='UTF-8'>
  rows = [r for r in _csv.reader(f.open())
ResourceWarning: Enable tracemalloc to get the object allocation traceback
/home/alexander/Schreibtisch/ofa-v2/src/tools/result_audit.py:534: ResourceWarning: unclosed file <_io.TextIOWrapper name='/home/alexander/Schreibtisch/ofa-v2/campaign3_blind/runs/FB1_27b_MCP_seed4903/work/solution_level1.csv' mode='r' encoding='UTF-8'>
  rows = sum(1 for _ in open(sol0[0], errors="ignore")) - 1
ResourceWarning: Enable tracemalloc to get the object allocation traceback
/home/alexander/Schreibtisch/ofa-v2/src/tools/result_audit.py:1341: ResourceWarning: unclosed file <_io.TextIOWrapper name='/home/alexander/Schreibtisch/ofa-v2/campaign3_blind/runs/FB1_27b_MCP_seed4903/work/solution_level1.csv' mode='r' encoding='UTF-8'>
  rows = [r for r in _csv.reader(f.open())
ResourceWarning: Enable tracemalloc to get the object allocation traceback
/home/alexander/Schreibtisch/ofa-v2/src/tools/result_audit.py:1341: ResourceWarning: unclosed file <_io.TextIOWrapper name='/home/alexander/Schreibtisch/ofa-v2/campaign3_blind/runs/FB1_27b_MCP_seed4903/work/solution_level2.csv' mode='r' encoding='UTF-8'>
  rows = [r for r in _csv.reader(f.open())
ResourceWarning: Enable tracemalloc to get the object allocation traceback
/home/alexander/Schreibtisch/ofa-v2/src/tools/result_audit.py:1341: ResourceWarning: unclosed file <_io.TextIOWrapper name='/home/alexander/Schreibtisch/ofa-v2/campaign3_blind/runs/FB1_27b_MCP_seed4903/work/solution_level3.csv' mode='r' encoding='UTF-8'>
  rows = [r for r in _csv.reader(f.open())
ResourceWarning: Enable tracemalloc to get the object allocation traceback
2026-09-04 09:11:42,407 [oasis] INFO: Session journal saved: /tmp/oasis-source/data/sessions/session_67953e76-3839-4d9a-acfb-8e1d1be54fd5.json (5 events)
[preflight] custody controls verified for 1 problem(s); keys sealed and unreadable by execution
[phase: development] results are for post-mortems and convergence checking, NOT for the paper's evaluation table.
[DUNE cache] sha256=dc2d5b8ff2ebf98e... (neutral, private copy per cell)
[FB1 27b MCP s4903] done  calls=80 tok=8203424/79659 1729.3s
/home/alexander/.local/share/python/cpython-3.12.13-linux-x86_64-gnu/lib/python3.12/asyncio/selector_events.py:879: ResourceWarning: unclosed transport <_SelectorSocketTransport fd=9>
<<< FB1 seed 4903 done 2026-09-04 09:11:43
>>> FB1 MCP complete 2026-09-04 09:11:43
>>> FB1 MCP seeds 5001 5002 5003  start 2026-09-04 09:12:48
[source build] e27ba0886fce sha256=8617afc561787638... (immutable)
[source build] e27ba0886fce sha256=8617afc561787638... (immutable)
[source build] e27ba0886fce sha256=8617afc561787638... (immutable)
2026-09-04 09:13:19,851 [oasis.registry] INFO: Loaded discovered config: 5 backends
2026-09-04 09:13:19,861 [oasis.registry] INFO: Registered backend: 4C Multiphysics (fourc)
2026-09-04 09:13:19,865 [oasis.registry] INFO: Registered backend: FEniCSx (dolfinx) (fenics)
2026-09-04 09:13:19,869 [oasis.registry] INFO: Registered backend: deal.II (dealii)
2026-09-04 09:13:19,889 [oasis.registry] INFO: Registered backend: FEBio (febio)
2026-09-04 09:13:19,902 [oasis.registry] INFO: Registered backend: NGSolve (ngsolve)
2026-09-04 09:13:19,902 [oasis.ngsolve] INFO: NGSolve backend registered
2026-09-04 09:13:19,916 [oasis.registry] INFO: Registered backend: scikit-fem (skfem)
2026-09-04 09:13:19,916 [oasis.skfem] INFO: scikit-fem backend registered
2026-09-04 09:13:19,945 [oasis.registry] INFO: Registered backend: Kratos Multiphysics (kratos)
2026-09-04 09:13:19,946 [oasis.kratos] INFO: Kratos Multiphysics backend registered
2026-09-04 09:13:19,964 [oasis.registry] INFO: Registered backend: DUNE-fem (dune)
2026-09-04 09:13:19,965 [oasis.dune] INFO: DUNE-fem backend registered
2026-09-04 09:13:19,982 [oasis.registry] INFO: Registered backend: SPARTA (DSMC) (sparta)
2026-09-04 09:13:19,982 [oasis.sparta] INFO: SPARTA (DSMC) backend registered
2026-09-04 09:13:19,982 [oasis] INFO: Starting OASiS MCP server
2026-09-04 09:13:20,014 [mcp.server.lowlevel.server] INFO: Processing request of type ListToolsRequest
2026-09-04 09:13:20,283 [oasis.registry] INFO: Loaded discovered config: 5 backends
2026-09-04 09:13:20,293 [oasis.registry] INFO: Registered backend: 4C Multiphysics (fourc)
2026-09-04 09:13:20,297 [oasis.registry] INFO: Registered backend: FEniCSx (dolfinx) (fenics)
2026-09-04 09:13:20,301 [oasis.registry] INFO: Registered backend: deal.II (dealii)
2026-09-04 09:13:20,321 [oasis.registry] INFO: Registered backend: FEBio (febio)
2026-09-04 09:13:20,334 [oasis.registry] INFO: Registered backend: NGSolve (ngsolve)
2026-09-04 09:13:20,334 [oasis.ngsolve] INFO: NGSolve backend registered
2026-09-04 09:13:20,348 [oasis.registry] INFO: Registered backend: scikit-fem (skfem)
2026-09-04 09:13:20,348 [oasis.skfem] INFO: scikit-fem backend registered
2026-09-04 09:13:20,369 [oasis.registry] INFO: Registered backend: Kratos Multiphysics (kratos)
2026-09-04 09:13:20,369 [oasis.kratos] INFO: Kratos Multiphysics backend registered
2026-09-04 09:13:20,384 [oasis.registry] INFO: Registered backend: DUNE-fem (dune)
2026-09-04 09:13:20,384 [oasis.dune] INFO: DUNE-fem backend registered
2026-09-04 09:13:20,399 [oasis.registry] INFO: Loaded discovered config: 5 backends
2026-09-04 09:13:20,401 [oasis.registry] INFO: Registered backend: SPARTA (DSMC) (sparta)
2026-09-04 09:13:20,401 [oasis.sparta] INFO: SPARTA (DSMC) backend registered
2026-09-04 09:13:20,401 [oasis] INFO: Starting OASiS MCP server
2026-09-04 09:13:20,409 [oasis.registry] INFO: Registered backend: 4C Multiphysics (fourc)
2026-09-04 09:13:20,413 [oasis.registry] INFO: Registered backend: FEniCSx (dolfinx) (fenics)
2026-09-04 09:13:20,417 [oasis.registry] INFO: Registered backend: deal.II (dealii)
2026-09-04 09:13:20,430 [mcp.server.lowlevel.server] INFO: Processing request of type ListToolsRequest
2026-09-04 09:13:20,437 [oasis.registry] INFO: Registered backend: FEBio (febio)
2026-09-04 09:13:20,450 [oasis.registry] INFO: Registered backend: NGSolve (ngsolve)
2026-09-04 09:13:20,450 [oasis.ngsolve] INFO: NGSolve backend registered
2026-09-04 09:13:20,466 [oasis.registry] INFO: Registered backend: scikit-fem (skfem)
2026-09-04 09:13:20,466 [oasis.skfem] INFO: scikit-fem backend registered
2026-09-04 09:13:20,488 [oasis.registry] INFO: Registered backend: Kratos Multiphysics (kratos)
2026-09-04 09:13:20,488 [oasis.kratos] INFO: Kratos Multiphysics backend registered
2026-09-04 09:13:20,503 [oasis.registry] INFO: Registered backend: DUNE-fem (dune)
2026-09-04 09:13:20,503 [oasis.dune] INFO: DUNE-fem backend registered
2026-09-04 09:13:20,517 [oasis.registry] INFO: Registered backend: SPARTA (DSMC) (sparta)
2026-09-04 09:13:20,517 [oasis.sparta] INFO: SPARTA (DSMC) backend registered
2026-09-04 09:13:20,517 [oasis] INFO: Starting OASiS MCP server
2026-09-04 09:13:20,546 [mcp.server.lowlevel.server] INFO: Processing request of type ListToolsRequest
2026-09-04 09:13:31,804 [mcp.server.lowlevel.server] INFO: Processing request of type CallToolRequest
2026-09-04 09:13:32,607 [mcp.server.lowlevel.server] INFO: Processing request of type CallToolRequest
2026-09-04 09:13:32,618 [mcp.server.lowlevel.server] INFO: Processing request of type CallToolRequest
2026-09-04 09:13:32,621 [mcp.server.lowlevel.server] INFO: Processing request of type CallToolRequest
2026-09-04 09:13:32,911 [mcp.server.lowlevel.server] INFO: Processing request of type CallToolRequest
2026-09-04 09:13:32,916 [mcp.server.lowlevel.server] INFO: Processing request of type CallToolRequest
2026-09-04 09:13:32,923 [mcp.server.lowlevel.server] INFO: Processing request of type CallToolRequest
2026-09-04 09:13:37,100 [mcp.server.lowlevel.server] INFO: Processing request of type CallToolRequest
2026-09-04 09:14:21,665 [mcp.server.lowlevel.server] INFO: Processing request of type CallToolRequest
2026-09-04 09:14:50,123 [mcp.server.lowlevel.server] INFO: Processing request of type CallToolRequest
/home/alexander/Schreibtisch/ofa-v2/langgraph_eval/agent.py:820: RuntimeWarning: This package (`duckduckgo_search`) has been renamed to `ddgs`! Use `pip install ddgs` instead.
  with DDGS() as ddgs:
/home/alexander/Schreibtisch/ofa-v2/langgraph_eval/agent.py:820: RuntimeWarning: This package (`duckduckgo_search`) has been renamed to `ddgs`! Use `pip install ddgs` instead.
  with DDGS() as ddgs:
/home/alexander/Schreibtisch/ofa-v2/langgraph_eval/agent.py:820: RuntimeWarning: This package (`duckduckgo_search`) has been renamed to `ddgs`! Use `pip install ddgs` instead.
  with DDGS() as ddgs:
/home/alexander/Schreibtisch/ofa-v2/langgraph_eval/agent.py:820: RuntimeWarning: This package (`duckduckgo_search`) has been renamed to `ddgs`! Use `pip install ddgs` instead.
  with DDGS() as ddgs:
2026-09-04 09:14:57,038 [mcp.server.lowlevel.server] INFO: Processing request of type CallToolRequest
/home/alexander/Schreibtisch/ofa-v2/langgraph_eval/agent.py:820: RuntimeWarning: This package (`duckduckgo_search`) has been renamed to `ddgs`! Use `pip install ddgs` instead.
  with DDGS() as ddgs:
/home/alexander/Schreibtisch/ofa-v2/langgraph_eval/agent.py:820: RuntimeWarning: This package (`duckduckgo_search`) has been renamed to `ddgs`! Use `pip install ddgs` instead.
  with DDGS() as ddgs:
2026-09-04 09:15:03,310 [mcp.server.lowlevel.server] INFO: Processing request of type CallToolRequest
/home/alexander/Schreibtisch/ofa-v2/langgraph_eval/agent.py:820: RuntimeWarning: This package (`duckduckgo_search`) has been renamed to `ddgs`! Use `pip install ddgs` instead.
  with DDGS() as ddgs:
2026-09-04 09:15:03,823 [mcp.server.lowlevel.server] INFO: Processing request of type CallToolRequest
/home/alexander/Schreibtisch/ofa-v2/langgraph_eval/agent.py:820: RuntimeWarning: This package (`duckduckgo_search`) has been renamed to `ddgs`! Use `pip install ddgs` instead.
  with DDGS() as ddgs:
2026-09-04 09:15:19,406 [mcp.server.lowlevel.server] INFO: Processing request of type CallToolRequest
2026-09-04 09:15:21,835 [mcp.server.lowlevel.server] INFO: Processing request of type CallToolRequest
2026-09-04 09:15:24,241 [mcp.server.lowlevel.server] INFO: Processing request of type CallToolRequest
2026-09-04 09:15:24,812 [mcp.server.lowlevel.server] INFO: Processing request of type CallToolRequest
/home/alexander/Schreibtisch/ofa-v2/langgraph_eval/agent.py:820: RuntimeWarning: This package (`duckduckgo_search`) has been renamed to `ddgs`! Use `pip install ddgs` instead.
  with DDGS() as ddgs:
/home/alexander/Schreibtisch/ofa-v2/langgraph_eval/agent.py:820: RuntimeWarning: This package (`duckduckgo_search`) has been renamed to `ddgs`! Use `pip install ddgs` instead.
  with DDGS() as ddgs:
/home/alexander/Schreibtisch/ofa-v2/langgraph_eval/agent.py:820: RuntimeWarning: This package (`duckduckgo_search`) has been renamed to `ddgs`! Use `pip install ddgs` instead.
  with DDGS() as ddgs:
/home/alexander/Schreibtisch/ofa-v2/langgraph_eval/agent.py:820: RuntimeWarning: This package (`duckduckgo_search`) has been renamed to `ddgs`! Use `pip install ddgs` instead.
  with DDGS() as ddgs:
/home/alexander/Schreibtisch/ofa-v2/langgraph_eval/agent.py:820: RuntimeWarning: This package (`duckduckgo_search`) has been renamed to `ddgs`! Use `pip install ddgs` instead.
  with DDGS() as ddgs:
/home/alexander/Schreibtisch/ofa-v2/langgraph_eval/agent.py:820: RuntimeWarning: This package (`duckduckgo_search`) has been renamed to `ddgs`! Use `pip install ddgs` instead.
  with DDGS() as ddgs:
2026-09-04 09:16:11,505 [mcp.server.lowlevel.server] INFO: Processing request of type CallToolRequest
/home/alexander/Schreibtisch/ofa-v2/langgraph_eval/agent.py:895: LangGraphDeprecatedSinceV10: create_react_agent has been moved to `langchain.agents`. Please update your import to `from langchain.agents import create_agent`. Deprecated in LangGraph V1.0 to be removed in V2.0.
  sub_agent = create_react_agent(
/home/alexander/Schreibtisch/ofa-v2/langgraph_eval/agent.py:820: RuntimeWarning: This package (`duckduckgo_search`) has been renamed to `ddgs`! Use `pip install ddgs` instead.
  with DDGS() as ddgs:
2026-09-04 09:17:54,585 [mcp.server.lowlevel.server] INFO: Processing request of type CallToolRequest
/home/alexander/Schreibtisch/ofa-v2/langgraph_eval/agent.py:820: RuntimeWarning: This package (`duckduckgo_search`) has been renamed to `ddgs`! Use `pip install ddgs` instead.
  with DDGS() as ddgs:
/home/alexander/Schreibtisch/ofa-v2/langgraph_eval/agent.py:820: RuntimeWarning: This package (`duckduckgo_search`) has been renamed to `ddgs`! Use `pip install ddgs` instead.
  with DDGS() as ddgs:
/home/alexander/Schreibtisch/ofa-v2/langgraph_eval/agent.py:820: RuntimeWarning: This package (`duckduckgo_search`) has been renamed to `ddgs`! Use `pip install ddgs` instead.
  with DDGS() as ddgs:
/home/alexander/Schreibtisch/ofa-v2/langgraph_eval/agent.py:820: RuntimeWarning: This package (`duckduckgo_search`) has been renamed to `ddgs`! Use `pip install ddgs` instead.
  with DDGS() as ddgs:
/home/alexander/Schreibtisch/ofa-v2/langgraph_eval/agent.py:820: RuntimeWarning: This package (`duckduckgo_search`) has been renamed to `ddgs`! Use `pip install ddgs` instead.
  with DDGS() as ddgs:
/home/alexander/Schreibtisch/ofa-v2/langgraph_eval/agent.py:820: RuntimeWarning: This package (`duckduckgo_search`) has been renamed to `ddgs`! Use `pip install ddgs` instead.
  with DDGS() as ddgs:
2026-09-04 09:18:08,030 [mcp.server.lowlevel.server] INFO: Processing request of type CallToolRequest
/home/alexander/Schreibtisch/ofa-v2/langgraph_eval/agent.py:820: RuntimeWarning: This package (`duckduckgo_search`) has been renamed to `ddgs`! Use `pip install ddgs` instead.
  with DDGS() as ddgs:
/home/alexander/Schreibtisch/ofa-v2/langgraph_eval/agent.py:820: RuntimeWarning: This package (`duckduckgo_search`) has been renamed to `ddgs`! Use `pip install ddgs` instead.
  with DDGS() as ddgs:
/home/alexander/Schreibtisch/ofa-v2/langgraph_eval/agent.py:820: RuntimeWarning: This package (`duckduckgo_search`) has been renamed to `ddgs`! Use `pip install ddgs` instead.
  with DDGS() as ddgs:
/home/alexander/Schreibtisch/ofa-v2/langgraph_eval/agent.py:820: RuntimeWarning: This package (`duckduckgo_search`) has been renamed to `ddgs`! Use `pip install ddgs` instead.
  with DDGS() as ddgs:
/home/alexander/Schreibtisch/ofa-v2/langgraph_eval/agent.py:820: RuntimeWarning: This package (`duckduckgo_search`) has been renamed to `ddgs`! Use `pip install ddgs` instead.
  with DDGS() as ddgs:
/home/alexander/Schreibtisch/ofa-v2/langgraph_eval/agent.py:820: RuntimeWarning: This package (`duckduckgo_search`) has been renamed to `ddgs`! Use `pip install ddgs` instead.
  with DDGS() as ddgs:
/home/alexander/Schreibtisch/ofa-v2/langgraph_eval/agent.py:820: RuntimeWarning: This package (`duckduckgo_search`) has been renamed to `ddgs`! Use `pip install ddgs` instead.
  with DDGS() as ddgs:
/home/alexander/Schreibtisch/ofa-v2/langgraph_eval/agent.py:820: RuntimeWarning: This package (`duckduckgo_search`) has been renamed to `ddgs`! Use `pip install ddgs` instead.
  with DDGS() as ddgs:
/home/alexander/Schreibtisch/ofa-v2/langgraph_eval/agent.py:820: RuntimeWarning: This package (`duckduckgo_search`) has been renamed to `ddgs`! Use `pip install ddgs` instead.
  with DDGS() as ddgs:
/home/alexander/Schreibtisch/ofa-v2/langgraph_eval/agent.py:820: RuntimeWarning: This package (`duckduckgo_search`) has been renamed to `ddgs`! Use `pip install ddgs` instead.
  with DDGS() as ddgs:
/home/alexander/Schreibtisch/ofa-v2/langgraph_eval/agent.py:820: RuntimeWarning: This package (`duckduckgo_search`) has been renamed to `ddgs`! Use `pip install ddgs` instead.
  with DDGS() as ddgs:
/home/alexander/Schreibtisch/ofa-v2/langgraph_eval/agent.py:820: RuntimeWarning: This package (`duckduckgo_search`) has been renamed to `ddgs`! Use `pip install ddgs` instead.
  with DDGS() as ddgs:
2026-09-04 09:20:20,846 [mcp.server.lowlevel.server] INFO: Processing request of type CallToolRequest
/home/alexander/Schreibtisch/ofa-v2/src/tools/result_audit.py:1341: ResourceWarning: unclosed file <_io.TextIOWrapper name='/home/alexander/Schreibtisch/ofa-v2/campaign3_blind/runs/FB1_27b_MCP_seed5002/work/solution_level1.csv' mode='r' encoding='UTF-8'>
  rows = [r for r in _csv.reader(f.open())
ResourceWarning: Enable tracemalloc to get the object allocation traceback
/home/alexander/Schreibtisch/ofa-v2/src/tools/result_audit.py:1341: ResourceWarning: unclosed file <_io.TextIOWrapper name='/home/alexander/Schreibtisch/ofa-v2/campaign3_blind/runs/FB1_27b_MCP_seed5002/work/solution_level2.csv' mode='r' encoding='UTF-8'>
  rows = [r for r in _csv.reader(f.open())
ResourceWarning: Enable tracemalloc to get the object allocation traceback
/home/alexander/Schreibtisch/ofa-v2/src/tools/result_audit.py:1341: ResourceWarning: unclosed file <_io.TextIOWrapper name='/home/alexander/Schreibtisch/ofa-v2/campaign3_blind/runs/FB1_27b_MCP_seed5002/work/solution_level3.csv' mode='r' encoding='UTF-8'>
  rows = [r for r in _csv.reader(f.open())
ResourceWarning: Enable tracemalloc to get the object allocation traceback
/home/alexander/Schreibtisch/ofa-v2/src/tools/result_audit.py:1341: ResourceWarning: unclosed file <_io.TextIOWrapper name='/home/alexander/Schreibtisch/ofa-v2/campaign3_blind/runs/FB1_27b_MCP_seed5002/work/solution_level1.csv' mode='r' encoding='UTF-8'>
  rows = [r for r in _csv.reader(f.open())
ResourceWarning: Enable tracemalloc to get the object allocation traceback
/home/alexander/Schreibtisch/ofa-v2/src/tools/result_audit.py:1341: ResourceWarning: unclosed file <_io.TextIOWrapper name='/home/alexander/Schreibtisch/ofa-v2/campaign3_blind/runs/FB1_27b_MCP_seed5002/work/solution_level2.csv' mode='r' encoding='UTF-8'>
  rows = [r for r in _csv.reader(f.open())
ResourceWarning: Enable tracemalloc to get the object allocation traceback
/home/alexander/Schreibtisch/ofa-v2/src/tools/result_audit.py:1341: ResourceWarning: unclosed file <_io.TextIOWrapper name='/home/alexander/Schreibtisch/ofa-v2/campaign3_blind/runs/FB1_27b_MCP_seed5002/work/solution_level3.csv' mode='r' encoding='UTF-8'>
  rows = [r for r in _csv.reader(f.open())
ResourceWarning: Enable tracemalloc to get the object allocation traceback
/home/alexander/Schreibtisch/ofa-v2/src/tools/result_audit.py:1341: ResourceWarning: unclosed file <_io.TextIOWrapper name='/home/alexander/Schreibtisch/ofa-v2/campaign3_blind/runs/FB1_27b_MCP_seed5002/work/solution_level1.csv' mode='r' encoding='UTF-8'>
  rows = [r for r in _csv.reader(f.open())
ResourceWarning: Enable tracemalloc to get the object allocation traceback
/home/alexander/Schreibtisch/ofa-v2/src/tools/result_audit.py:1341: ResourceWarning: unclosed file <_io.TextIOWrapper name='/home/alexander/Schreibtisch/ofa-v2/campaign3_blind/runs/FB1_27b_MCP_seed5002/work/solution_level2.csv' mode='r' encoding='UTF-8'>
  rows = [r for r in _csv.reader(f.open())
ResourceWarning: Enable tracemalloc to get the object allocation traceback
/home/alexander/Schreibtisch/ofa-v2/src/tools/result_audit.py:1341: ResourceWarning: unclosed file <_io.TextIOWrapper name='/home/alexander/Schreibtisch/ofa-v2/campaign3_blind/runs/FB1_27b_MCP_seed5002/work/solution_level3.csv' mode='r' encoding='UTF-8'>
  rows = [r for r in _csv.reader(f.open())
ResourceWarning: Enable tracemalloc to get the object allocation traceback
/home/alexander/Schreibtisch/ofa-v2/src/tools/result_audit.py:1341: ResourceWarning: unclosed file <_io.TextIOWrapper name='/home/alexander/Schreibtisch/ofa-v2/campaign3_blind/runs/FB1_27b_MCP_seed5002/work/solution_level1.csv' mode='r' encoding='UTF-8'>
  rows = [r for r in _csv.reader(f.open())
ResourceWarning: Enable tracemalloc to get the object allocation traceback
/home/alexander/Schreibtisch/ofa-v2/src/tools/result_audit.py:1341: ResourceWarning: unclosed file <_io.TextIOWrapper name='/home/alexander/Schreibtisch/ofa-v2/campaign3_blind/runs/FB1_27b_MCP_seed5002/work/solution_level2.csv' mode='r' encoding='UTF-8'>
  rows = [r for r in _csv.reader(f.open())
ResourceWarning: Enable tracemalloc to get the object allocation traceback
/home/alexander/Schreibtisch/ofa-v2/src/tools/result_audit.py:1341: ResourceWarning: unclosed file <_io.TextIOWrapper name='/home/alexander/Schreibtisch/ofa-v2/campaign3_blind/runs/FB1_27b_MCP_seed5002/work/solution_level3.csv' mode='r' encoding='UTF-8'>
  rows = [r for r in _csv.reader(f.open())
ResourceWarning: Enable tracemalloc to get the object allocation traceback
/home/alexander/Schreibtisch/ofa-v2/src/tools/result_audit.py:1341: ResourceWarning: unclosed file <_io.TextIOWrapper name='/home/alexander/Schreibtisch/ofa-v2/campaign3_blind/runs/FB1_27b_MCP_seed5001/work/solution_level1.csv' mode='r' encoding='UTF-8'>
  rows = [r for r in _csv.reader(f.open())
ResourceWarning: Enable tracemalloc to get the object allocation traceback
/home/alexander/Schreibtisch/ofa-v2/src/tools/result_audit.py:1341: ResourceWarning: unclosed file <_io.TextIOWrapper name='/home/alexander/Schreibtisch/ofa-v2/campaign3_blind/runs/FB1_27b_MCP_seed5001/work/solution_level2.csv' mode='r' encoding='UTF-8'>
  rows = [r for r in _csv.reader(f.open())
ResourceWarning: Enable tracemalloc to get the object allocation traceback
/home/alexander/Schreibtisch/ofa-v2/src/tools/result_audit.py:1341: ResourceWarning: unclosed file <_io.TextIOWrapper name='/home/alexander/Schreibtisch/ofa-v2/campaign3_blind/runs/FB1_27b_MCP_seed5001/work/solution_level3.csv' mode='r' encoding='UTF-8'>
  rows = [r for r in _csv.reader(f.open())
ResourceWarning: Enable tracemalloc to get the object allocation traceback
/home/alexander/Schreibtisch/ofa-v2/src/tools/result_audit.py:1341: ResourceWarning: unclosed file <_io.TextIOWrapper name='/home/alexander/Schreibtisch/ofa-v2/campaign3_blind/runs/FB1_27b_MCP_seed5001/work/solution_level1.csv' mode='r' encoding='UTF-8'>
  rows = [r for r in _csv.reader(f.open())
ResourceWarning: Enable tracemalloc to get the object allocation traceback
/home/alexander/Schreibtisch/ofa-v2/src/tools/result_audit.py:1341: ResourceWarning: unclosed file <_io.TextIOWrapper name='/home/alexander/Schreibtisch/ofa-v2/campaign3_blind/runs/FB1_27b_MCP_seed5001/work/solution_level2.csv' mode='r' encoding='UTF-8'>
  rows = [r for r in _csv.reader(f.open())
ResourceWarning: Enable tracemalloc to get the object allocation traceback
/home/alexander/Schreibtisch/ofa-v2/src/tools/result_audit.py:1341: ResourceWarning: unclosed file <_io.TextIOWrapper name='/home/alexander/Schreibtisch/ofa-v2/campaign3_blind/runs/FB1_27b_MCP_seed5001/work/solution_level3.csv' mode='r' encoding='UTF-8'>
  rows = [r for r in _csv.reader(f.open())
ResourceWarning: Enable tracemalloc to get the object allocation traceback
/home/alexander/Schreibtisch/ofa-v2/src/tools/result_audit.py:1341: ResourceWarning: unclosed file <_io.TextIOWrapper name='/home/alexander/Schreibtisch/ofa-v2/campaign3_blind/runs/FB1_27b_MCP_seed5001/work/solution_level1.csv' mode='r' encoding='UTF-8'>
  rows = [r for r in _csv.reader(f.open())
ResourceWarning: Enable tracemalloc to get the object allocation traceback
/home/alexander/Schreibtisch/ofa-v2/src/tools/result_audit.py:1341: ResourceWarning: unclosed file <_io.TextIOWrapper name='/home/alexander/Schreibtisch/ofa-v2/campaign3_blind/runs/FB1_27b_MCP_seed5001/work/solution_level2.csv' mode='r' encoding='UTF-8'>
  rows = [r for r in _csv.reader(f.open())
ResourceWarning: Enable tracemalloc to get the object allocation traceback
/home/alexander/Schreibtisch/ofa-v2/src/tools/result_audit.py:1341: ResourceWarning: unclosed file <_io.TextIOWrapper name='/home/alexander/Schreibtisch/ofa-v2/campaign3_blind/runs/FB1_27b_MCP_seed5001/work/solution_level3.csv' mode='r' encoding='UTF-8'>
  rows = [r for r in _csv.reader(f.open())
ResourceWarning: Enable tracemalloc to get the object allocation traceback
/home/alexander/Schreibtisch/ofa-v2/src/tools/result_audit.py:1341: ResourceWarning: unclosed file <_io.TextIOWrapper name='/home/alexander/Schreibtisch/ofa-v2/campaign3_blind/runs/FB1_27b_MCP_seed5001/work/solution_level1.csv' mode='r' encoding='UTF-8'>
  rows = [r for r in _csv.reader(f.open())
ResourceWarning: Enable tracemalloc to get the object allocation traceback
/home/alexander/Schreibtisch/ofa-v2/src/tools/result_audit.py:1341: ResourceWarning: unclosed file <_io.TextIOWrapper name='/home/alexander/Schreibtisch/ofa-v2/campaign3_blind/runs/FB1_27b_MCP_seed5001/work/solution_level2.csv' mode='r' encoding='UTF-8'>
  rows = [r for r in _csv.reader(f.open())
ResourceWarning: Enable tracemalloc to get the object allocation traceback
/home/alexander/Schreibtisch/ofa-v2/src/tools/result_audit.py:1341: ResourceWarning: unclosed file <_io.TextIOWrapper name='/home/alexander/Schreibtisch/ofa-v2/campaign3_blind/runs/FB1_27b_MCP_seed5001/work/solution_level3.csv' mode='r' encoding='UTF-8'>
  rows = [r for r in _csv.reader(f.open())
ResourceWarning: Enable tracemalloc to get the object allocation traceback
/home/alexander/Schreibtisch/ofa-v2/src/tools/result_audit.py:1341: ResourceWarning: unclosed file <_io.TextIOWrapper name='/home/alexander/Schreibtisch/ofa-v2/campaign3_blind/runs/FB1_27b_MCP_seed5001/work/solution_level1.csv' mode='r' encoding='UTF-8'>
  rows = [r for r in _csv.reader(f.open())
ResourceWarning: Enable tracemalloc to get the object allocation traceback
/home/alexander/Schreibtisch/ofa-v2/src/tools/result_audit.py:1341: ResourceWarning: unclosed file <_io.TextIOWrapper name='/home/alexander/Schreibtisch/ofa-v2/campaign3_blind/runs/FB1_27b_MCP_seed5001/work/solution_level2.csv' mode='r' encoding='UTF-8'>
  rows = [r for r in _csv.reader(f.open())
ResourceWarning: Enable tracemalloc to get the object allocation traceback
/home/alexander/Schreibtisch/ofa-v2/src/tools/result_audit.py:1341: ResourceWarning: unclosed file <_io.TextIOWrapper name='/home/alexander/Schreibtisch/ofa-v2/campaign3_blind/runs/FB1_27b_MCP_seed5001/work/solution_level3.csv' mode='r' encoding='UTF-8'>
  rows = [r for r in _csv.reader(f.open())
ResourceWarning: Enable tracemalloc to get the object allocation traceback
/home/alexander/Schreibtisch/ofa-v2/src/tools/result_audit.py:1341: ResourceWarning: unclosed file <_io.TextIOWrapper name='/home/alexander/Schreibtisch/ofa-v2/campaign3_blind/runs/FB1_27b_MCP_seed5001/work/solution_level1.csv' mode='r' encoding='UTF-8'>
  rows = [r for r in _csv.reader(f.open())
ResourceWarning: Enable tracemalloc to get the object allocation traceback
/home/alexander/Schreibtisch/ofa-v2/src/tools/result_audit.py:1341: ResourceWarning: unclosed file <_io.TextIOWrapper name='/home/alexander/Schreibtisch/ofa-v2/campaign3_blind/runs/FB1_27b_MCP_seed5001/work/solution_level2.csv' mode='r' encoding='UTF-8'>
  rows = [r for r in _csv.reader(f.open())
ResourceWarning: Enable tracemalloc to get the object allocation traceback
/home/alexander/Schreibtisch/ofa-v2/src/tools/result_audit.py:1341: ResourceWarning: unclosed file <_io.TextIOWrapper name='/home/alexander/Schreibtisch/ofa-v2/campaign3_blind/runs/FB1_27b_MCP_seed5001/work/solution_level3.csv' mode='r' encoding='UTF-8'>
  rows = [r for r in _csv.reader(f.open())
ResourceWarning: Enable tracemalloc to get the object allocation traceback
2026-09-04 09:39:29,494 [oasis] INFO: Session journal saved: /tmp/oasis-source/data/sessions/session_1c3bfd3b-aa30-4482-b3f6-74bd1054fecd.json (6 events)
[preflight] custody controls verified for 1 problem(s); keys sealed and unreadable by execution
[phase: development] results are for post-mortems and convergence checking, NOT for the paper's evaluation table.
[DUNE cache] sha256=dc2d5b8ff2ebf98e... (neutral, private copy per cell)
[FB1 27b MCP s5002] done  calls=120 tok=13535288/51571 1571.9s
/home/alexander/.local/share/python/cpython-3.12.13-linux-x86_64-gnu/lib/python3.12/asyncio/selector_events.py:879: ResourceWarning: unclosed transport <_SelectorSocketTransport fd=9>
<<< FB1 seed 5002 done 2026-09-04 09:39:30
/home/alexander/Schreibtisch/ofa-v2/src/tools/result_audit.py:1341: ResourceWarning: unclosed file <_io.TextIOWrapper name='/home/alexander/Schreibtisch/ofa-v2/campaign3_blind/runs/FB1_27b_MCP_seed5001/work/solution_level1.csv' mode='r' encoding='UTF-8'>
  rows = [r for r in _csv.reader(f.open())
ResourceWarning: Enable tracemalloc to get the object allocation traceback
/home/alexander/Schreibtisch/ofa-v2/src/tools/result_audit.py:1341: ResourceWarning: unclosed file <_io.TextIOWrapper name='/home/alexander/Schreibtisch/ofa-v2/campaign3_blind/runs/FB1_27b_MCP_seed5001/work/solution_level2.csv' mode='r' encoding='UTF-8'>
  rows = [r for r in _csv.reader(f.open())
ResourceWarning: Enable tracemalloc to get the object allocation traceback
/home/alexander/Schreibtisch/ofa-v2/src/tools/result_audit.py:1341: ResourceWarning: unclosed file <_io.TextIOWrapper name='/home/alexander/Schreibtisch/ofa-v2/campaign3_blind/runs/FB1_27b_MCP_seed5001/work/solution_level3.csv' mode='r' encoding='UTF-8'>
  rows = [r for r in _csv.reader(f.open())
ResourceWarning: Enable tracemalloc to get the object allocation traceback
/home/alexander/Schreibtisch/ofa-v2/src/tools/result_audit.py:1341: ResourceWarning: unclosed file <_io.TextIOWrapper name='/home/alexander/Schreibtisch/ofa-v2/campaign3_blind/runs/FB1_27b_MCP_seed5001/work/solution_level1.csv' mode='r' encoding='UTF-8'>
  rows = [r for r in _csv.reader(f.open())
ResourceWarning: Enable tracemalloc to get the object allocation traceback
/home/alexander/Schreibtisch/ofa-v2/src/tools/result_audit.py:1341: ResourceWarning: unclosed file <_io.TextIOWrapper name='/home/alexander/Schreibtisch/ofa-v2/campaign3_blind/runs/FB1_27b_MCP_seed5001/work/solution_level2.csv' mode='r' encoding='UTF-8'>
  rows = [r for r in _csv.reader(f.open())
ResourceWarning: Enable tracemalloc to get the object allocation traceback
/home/alexander/Schreibtisch/ofa-v2/src/tools/result_audit.py:1341: ResourceWarning: unclosed file <_io.TextIOWrapper name='/home/alexander/Schreibtisch/ofa-v2/campaign3_blind/runs/FB1_27b_MCP_seed5001/work/solution_level3.csv' mode='r' encoding='UTF-8'>
  rows = [r for r in _csv.reader(f.open())
ResourceWarning: Enable tracemalloc to get the object allocation traceback
2026-09-04 09:41:26,184 [oasis] INFO: Session journal saved: /tmp/oasis-source/data/sessions/session_47730f54-466f-4cbf-85f8-1fbfa3da1390.json (4 events)
[preflight] custody controls verified for 1 problem(s); keys sealed and unreadable by execution
[phase: development] results are for post-mortems and convergence checking, NOT for the paper's evaluation table.
[DUNE cache] sha256=dc2d5b8ff2ebf98e... (neutral, private copy per cell)
[FB1 27b MCP s5003] done  calls=69 tok=7095169/61004 1688.5s
/home/alexander/.local/share/python/cpython-3.12.13-linux-x86_64-gnu/lib/python3.12/asyncio/selector_events.py:879: ResourceWarning: unclosed transport <_SelectorSocketTransport fd=9>
<<< FB1 seed 5003 done 2026-09-04 09:41:27
/home/alexander/Schreibtisch/ofa-v2/src/tools/result_audit.py:1341: ResourceWarning: unclosed file <_io.TextIOWrapper name='/home/alexander/Schreibtisch/ofa-v2/campaign3_blind/runs/FB1_27b_MCP_seed5001/work/solution_level1.csv' mode='r' encoding='UTF-8'>
  rows = [r for r in _csv.reader(f.open())
ResourceWarning: Enable tracemalloc to get the object allocation traceback
/home/alexander/Schreibtisch/ofa-v2/src/tools/result_audit.py:1341: ResourceWarning: unclosed file <_io.TextIOWrapper name='/home/alexander/Schreibtisch/ofa-v2/campaign3_blind/runs/FB1_27b_MCP_seed5001/work/solution_level2.csv' mode='r' encoding='UTF-8'>
  rows = [r for r in _csv.reader(f.open())
ResourceWarning: Enable tracemalloc to get the object allocation traceback
/home/alexander/Schreibtisch/ofa-v2/src/tools/result_audit.py:1341: ResourceWarning: unclosed file <_io.TextIOWrapper name='/home/alexander/Schreibtisch/ofa-v2/campaign3_blind/runs/FB1_27b_MCP_seed5001/work/solution_level3.csv' mode='r' encoding='UTF-8'>
  rows = [r for r in _csv.reader(f.open())
ResourceWarning: Enable tracemalloc to get the object allocation traceback
/home/alexander/Schreibtisch/ofa-v2/src/tools/result_audit.py:1341: ResourceWarning: unclosed file <_io.TextIOWrapper name='/home/alexander/Schreibtisch/ofa-v2/campaign3_blind/runs/FB1_27b_MCP_seed5001/work/solution_level1.csv' mode='r' encoding='UTF-8'>
  rows = [r for r in _csv.reader(f.open())
ResourceWarning: Enable tracemalloc to get the object allocation traceback
/home/alexander/Schreibtisch/ofa-v2/src/tools/result_audit.py:1341: ResourceWarning: unclosed file <_io.TextIOWrapper name='/home/alexander/Schreibtisch/ofa-v2/campaign3_blind/runs/FB1_27b_MCP_seed5001/work/solution_level2.csv' mode='r' encoding='UTF-8'>
  rows = [r for r in _csv.reader(f.open())
ResourceWarning: Enable tracemalloc to get the object allocation traceback
/home/alexander/Schreibtisch/ofa-v2/src/tools/result_audit.py:1341: ResourceWarning: unclosed file <_io.TextIOWrapper name='/home/alexander/Schreibtisch/ofa-v2/campaign3_blind/runs/FB1_27b_MCP_seed5001/work/solution_level3.csv' mode='r' encoding='UTF-8'>
  rows = [r for r in _csv.reader(f.open())
ResourceWarning: Enable tracemalloc to get the object allocation traceback
/home/alexander/Schreibtisch/ofa-v2/src/tools/result_audit.py:1341: ResourceWarning: unclosed file <_io.TextIOWrapper name='/home/alexander/Schreibtisch/ofa-v2/campaign3_blind/runs/FB1_27b_MCP_seed5001/work/solution_level1.csv' mode='r' encoding='UTF-8'>
  rows = [r for r in _csv.reader(f.open())
ResourceWarning: Enable tracemalloc to get the object allocation traceback
/home/alexander/Schreibtisch/ofa-v2/src/tools/result_audit.py:1341: ResourceWarning: unclosed file <_io.TextIOWrapper name='/home/alexander/Schreibtisch/ofa-v2/campaign3_blind/runs/FB1_27b_MCP_seed5001/work/solution_level2.csv' mode='r' encoding='UTF-8'>
  rows = [r for r in _csv.reader(f.open())
ResourceWarning: Enable tracemalloc to get the object allocation traceback
/home/alexander/Schreibtisch/ofa-v2/src/tools/result_audit.py:1341: ResourceWarning: unclosed file <_io.TextIOWrapper name='/home/alexander/Schreibtisch/ofa-v2/campaign3_blind/runs/FB1_27b_MCP_seed5001/work/solution_level3.csv' mode='r' encoding='UTF-8'>
  rows = [r for r in _csv.reader(f.open())
ResourceWarning: Enable tracemalloc to get the object allocation traceback
/home/alexander/Schreibtisch/ofa-v2/src/tools/result_audit.py:1341: ResourceWarning: unclosed file <_io.TextIOWrapper name='/home/alexander/Schreibtisch/ofa-v2/campaign3_blind/runs/FB1_27b_MCP_seed5001/work/solution_level1.csv' mode='r' encoding='UTF-8'>
  rows = [r for r in _csv.reader(f.open())
ResourceWarning: Enable tracemalloc to get the object allocation traceback
/home/alexander/Schreibtisch/ofa-v2/src/tools/result_audit.py:1341: ResourceWarning: unclosed file <_io.TextIOWrapper name='/home/alexander/Schreibtisch/ofa-v2/campaign3_blind/runs/FB1_27b_MCP_seed5001/work/solution_level2.csv' mode='r' encoding='UTF-8'>
  rows = [r for r in _csv.reader(f.open())
ResourceWarning: Enable tracemalloc to get the object allocation traceback
/home/alexander/Schreibtisch/ofa-v2/src/tools/result_audit.py:1341: ResourceWarning: unclosed file <_io.TextIOWrapper name='/home/alexander/Schreibtisch/ofa-v2/campaign3_blind/runs/FB1_27b_MCP_seed5001/work/solution_level3.csv' mode='r' encoding='UTF-8'>
  rows = [r for r in _csv.reader(f.open())
ResourceWarning: Enable tracemalloc to get the object allocation traceback
/home/alexander/Schreibtisch/ofa-v2/src/tools/result_audit.py:1341: ResourceWarning: unclosed file <_io.TextIOWrapper name='/home/alexander/Schreibtisch/ofa-v2/campaign3_blind/runs/FB1_27b_MCP_seed5001/work/solution_level1.csv' mode='r' encoding='UTF-8'>
  rows = [r for r in _csv.reader(f.open())
ResourceWarning: Enable tracemalloc to get the object allocation traceback
/home/alexander/Schreibtisch/ofa-v2/src/tools/result_audit.py:1341: ResourceWarning: unclosed file <_io.TextIOWrapper name='/home/alexander/Schreibtisch/ofa-v2/campaign3_blind/runs/FB1_27b_MCP_seed5001/work/solution_level2.csv' mode='r' encoding='UTF-8'>
  rows = [r for r in _csv.reader(f.open())
ResourceWarning: Enable tracemalloc to get the object allocation traceback
/home/alexander/Schreibtisch/ofa-v2/src/tools/result_audit.py:1341: ResourceWarning: unclosed file <_io.TextIOWrapper name='/home/alexander/Schreibtisch/ofa-v2/campaign3_blind/runs/FB1_27b_MCP_seed5001/work/solution_level3.csv' mode='r' encoding='UTF-8'>
  rows = [r for r in _csv.reader(f.open())
ResourceWarning: Enable tracemalloc to get the object allocation traceback
/home/alexander/Schreibtisch/ofa-v2/src/tools/result_audit.py:1341: ResourceWarning: unclosed file <_io.TextIOWrapper name='/home/alexander/Schreibtisch/ofa-v2/campaign3_blind/runs/FB1_27b_MCP_seed5001/work/solution_level1.csv' mode='r' encoding='UTF-8'>
  rows = [r for r in _csv.reader(f.open())
ResourceWarning: Enable tracemalloc to get the object allocation traceback
/home/alexander/Schreibtisch/ofa-v2/src/tools/result_audit.py:1341: ResourceWarning: unclosed file <_io.TextIOWrapper name='/home/alexander/Schreibtisch/ofa-v2/campaign3_blind/runs/FB1_27b_MCP_seed5001/work/solution_level2.csv' mode='r' encoding='UTF-8'>
  rows = [r for r in _csv.reader(f.open())
ResourceWarning: Enable tracemalloc to get the object allocation traceback
/home/alexander/Schreibtisch/ofa-v2/src/tools/result_audit.py:1341: ResourceWarning: unclosed file <_io.TextIOWrapper name='/home/alexander/Schreibtisch/ofa-v2/campaign3_blind/runs/FB1_27b_MCP_seed5001/work/solution_level3.csv' mode='r' encoding='UTF-8'>
  rows = [r for r in _csv.reader(f.open())
ResourceWarning: Enable tracemalloc to get the object allocation traceback
/home/alexander/Schreibtisch/ofa-v2/src/tools/result_audit.py:1341: ResourceWarning: unclosed file <_io.TextIOWrapper name='/home/alexander/Schreibtisch/ofa-v2/campaign3_blind/runs/FB1_27b_MCP_seed5001/work/solution_level1.csv' mode='r' encoding='UTF-8'>
  rows = [r for r in _csv.reader(f.open())
ResourceWarning: Enable tracemalloc to get the object allocation traceback
/home/alexander/Schreibtisch/ofa-v2/src/tools/result_audit.py:1341: ResourceWarning: unclosed file <_io.TextIOWrapper name='/home/alexander/Schreibtisch/ofa-v2/campaign3_blind/runs/FB1_27b_MCP_seed5001/work/solution_level2.csv' mode='r' encoding='UTF-8'>
  rows = [r for r in _csv.reader(f.open())
ResourceWarning: Enable tracemalloc to get the object allocation traceback
/home/alexander/Schreibtisch/ofa-v2/src/tools/result_audit.py:1341: ResourceWarning: unclosed file <_io.TextIOWrapper name='/home/alexander/Schreibtisch/ofa-v2/campaign3_blind/runs/FB1_27b_MCP_seed5001/work/solution_level3.csv' mode='r' encoding='UTF-8'>
  rows = [r for r in _csv.reader(f.open())
ResourceWarning: Enable tracemalloc to get the object allocation traceback
/home/alexander/Schreibtisch/ofa-v2/src/tools/result_audit.py:534: ResourceWarning: unclosed file <_io.TextIOWrapper name='/home/alexander/Schreibtisch/ofa-v2/campaign3_blind/runs/FB1_27b_MCP_seed5001/work/solution_level1.csv' mode='r' encoding='UTF-8'>
  rows = sum(1 for _ in open(sol0[0], errors="ignore")) - 1
ResourceWarning: Enable tracemalloc to get the object allocation traceback
/home/alexander/Schreibtisch/ofa-v2/src/tools/result_audit.py:1341: ResourceWarning: unclosed file <_io.TextIOWrapper name='/home/alexander/Schreibtisch/ofa-v2/campaign3_blind/runs/FB1_27b_MCP_seed5001/work/solution_level1.csv' mode='r' encoding='UTF-8'>
  rows = [r for r in _csv.reader(f.open())
ResourceWarning: Enable tracemalloc to get the object allocation traceback
/home/alexander/Schreibtisch/ofa-v2/src/tools/result_audit.py:1341: ResourceWarning: unclosed file <_io.TextIOWrapper name='/home/alexander/Schreibtisch/ofa-v2/campaign3_blind/runs/FB1_27b_MCP_seed5001/work/solution_level2.csv' mode='r' encoding='UTF-8'>
  rows = [r for r in _csv.reader(f.open())
ResourceWarning: Enable tracemalloc to get the object allocation traceback
/home/alexander/Schreibtisch/ofa-v2/src/tools/result_audit.py:1341: ResourceWarning: unclosed file <_io.TextIOWrapper name='/home/alexander/Schreibtisch/ofa-v2/campaign3_blind/runs/FB1_27b_MCP_seed5001/work/solution_level3.csv' mode='r' encoding='UTF-8'>
  rows = [r for r in _csv.reader(f.open())
ResourceWarning: Enable tracemalloc to get the object allocation traceback
2026-09-04 09:51:21,025 [mcp.server.lowlevel.server] INFO: Processing request of type CallToolRequest
2026-09-04 09:51:26,956 [oasis] INFO: Session journal saved: /tmp/oasis-source/data/sessions/session_5c82a94d-d05c-4d1f-8f88-4adcc77addcf.json (6 events)
[preflight] custody controls verified for 1 problem(s); keys sealed and unreadable by execution
[phase: development] results are for post-mortems and convergence checking, NOT for the paper's evaluation table.
[DUNE cache] sha256=dc2d5b8ff2ebf98e... (neutral, private copy per cell)
[FB1 27b MCP s5001] done  calls=59 tok=6946086/97502 2289.8s
/home/alexander/.local/share/python/cpython-3.12.13-linux-x86_64-gnu/lib/python3.12/asyncio/selector_events.py:879: ResourceWarning: unclosed transport <_SelectorSocketTransport fd=9>
<<< FB1 seed 5001 done 2026-09-04 09:51:27
>>> FB1 MCP complete 2026-09-04 09:51:27
>>> FB1 MCP seeds 5601 5602 5603  start 2026-09-04 12:56:59
[source build] 1501a19a60b4 sha256=57736e9d9461d42b... (immutable)
[source build] 1501a19a60b4 sha256=57736e9d9461d42b... (immutable)
[source build] 1501a19a60b4 sha256=57736e9d9461d42b... (immutable)
2026-09-04 12:57:31,218 [oasis.registry] INFO: Loaded discovered config: 5 backends
2026-09-04 12:57:31,229 [oasis.registry] INFO: Registered backend: 4C Multiphysics (fourc)
2026-09-04 12:57:31,233 [oasis.registry] INFO: Registered backend: FEniCSx (dolfinx) (fenics)
2026-09-04 12:57:31,238 [oasis.registry] INFO: Registered backend: deal.II (dealii)
2026-09-04 12:57:31,257 [oasis.registry] INFO: Registered backend: FEBio (febio)
2026-09-04 12:57:31,271 [oasis.registry] INFO: Registered backend: NGSolve (ngsolve)
2026-09-04 12:57:31,271 [oasis.ngsolve] INFO: NGSolve backend registered
2026-09-04 12:57:31,285 [oasis.registry] INFO: Registered backend: scikit-fem (skfem)
2026-09-04 12:57:31,285 [oasis.skfem] INFO: scikit-fem backend registered
2026-09-04 12:57:31,307 [oasis.registry] INFO: Registered backend: Kratos Multiphysics (kratos)
2026-09-04 12:57:31,307 [oasis.kratos] INFO: Kratos Multiphysics backend registered
2026-09-04 12:57:31,323 [oasis.registry] INFO: Registered backend: DUNE-fem (dune)
2026-09-04 12:57:31,323 [oasis.dune] INFO: DUNE-fem backend registered
2026-09-04 12:57:31,338 [oasis.registry] INFO: Registered backend: SPARTA (DSMC) (sparta)
2026-09-04 12:57:31,338 [oasis.sparta] INFO: SPARTA (DSMC) backend registered
2026-09-04 12:57:31,338 [oasis] INFO: Starting OASiS MCP server
2026-09-04 12:57:31,370 [mcp.server.lowlevel.server] INFO: Processing request of type ListToolsRequest
2026-09-04 12:57:31,440 [oasis.registry] INFO: Loaded discovered config: 5 backends
2026-09-04 12:57:31,450 [oasis.registry] INFO: Registered backend: 4C Multiphysics (fourc)
2026-09-04 12:57:31,454 [oasis.registry] INFO: Registered backend: FEniCSx (dolfinx) (fenics)
2026-09-04 12:57:31,458 [oasis.registry] INFO: Registered backend: deal.II (dealii)
2026-09-04 12:57:31,478 [oasis.registry] INFO: Registered backend: FEBio (febio)
2026-09-04 12:57:31,491 [oasis.registry] INFO: Registered backend: NGSolve (ngsolve)
2026-09-04 12:57:31,491 [oasis.ngsolve] INFO: NGSolve backend registered
2026-09-04 12:57:31,505 [oasis.registry] INFO: Registered backend: scikit-fem (skfem)
2026-09-04 12:57:31,505 [oasis.skfem] INFO: scikit-fem backend registered
2026-09-04 12:57:31,526 [oasis.registry] INFO: Registered backend: Kratos Multiphysics (kratos)
2026-09-04 12:57:31,526 [oasis.kratos] INFO: Kratos Multiphysics backend registered
2026-09-04 12:57:31,541 [oasis.registry] INFO: Registered backend: DUNE-fem (dune)
2026-09-04 12:57:31,541 [oasis.dune] INFO: DUNE-fem backend registered
2026-09-04 12:57:31,554 [oasis.registry] INFO: Registered backend: SPARTA (DSMC) (sparta)
2026-09-04 12:57:31,555 [oasis.sparta] INFO: SPARTA (DSMC) backend registered
2026-09-04 12:57:31,555 [oasis] INFO: Starting OASiS MCP server
2026-09-04 12:57:31,584 [mcp.server.lowlevel.server] INFO: Processing request of type ListToolsRequest
2026-09-04 12:57:31,712 [oasis.registry] INFO: Loaded discovered config: 5 backends
2026-09-04 12:57:31,722 [oasis.registry] INFO: Registered backend: 4C Multiphysics (fourc)
2026-09-04 12:57:31,726 [oasis.registry] INFO: Registered backend: FEniCSx (dolfinx) (fenics)
2026-09-04 12:57:31,730 [oasis.registry] INFO: Registered backend: deal.II (dealii)
2026-09-04 12:57:31,750 [oasis.registry] INFO: Registered backend: FEBio (febio)
2026-09-04 12:57:31,764 [oasis.registry] INFO: Registered backend: NGSolve (ngsolve)
2026-09-04 12:57:31,764 [oasis.ngsolve] INFO: NGSolve backend registered
2026-09-04 12:57:31,778 [oasis.registry] INFO: Registered backend: scikit-fem (skfem)
2026-09-04 12:57:31,778 [oasis.skfem] INFO: scikit-fem backend registered
2026-09-04 12:57:31,799 [oasis.registry] INFO: Registered backend: Kratos Multiphysics (kratos)
2026-09-04 12:57:31,799 [oasis.kratos] INFO: Kratos Multiphysics backend registered
2026-09-04 12:57:31,814 [oasis.registry] INFO: Registered backend: DUNE-fem (dune)
2026-09-04 12:57:31,814 [oasis.dune] INFO: DUNE-fem backend registered
2026-09-04 12:57:31,827 [oasis.registry] INFO: Registered backend: SPARTA (DSMC) (sparta)
2026-09-04 12:57:31,828 [oasis.sparta] INFO: SPARTA (DSMC) backend registered
2026-09-04 12:57:31,828 [oasis] INFO: Starting OASiS MCP server
2026-09-04 12:57:31,855 [mcp.server.lowlevel.server] INFO: Processing request of type ListToolsRequest
2026-09-04 12:57:42,091 [mcp.server.lowlevel.server] INFO: Processing request of type CallToolRequest
2026-09-04 12:57:42,383 [mcp.server.lowlevel.server] INFO: Processing request of type CallToolRequest
2026-09-04 12:57:42,697 [mcp.server.lowlevel.server] INFO: Processing request of type CallToolRequest
2026-09-04 12:57:42,703 [mcp.server.lowlevel.server] INFO: Processing request of type CallToolRequest
2026-09-04 12:57:42,710 [mcp.server.lowlevel.server] INFO: Processing request of type CallToolRequest
2026-09-04 12:58:32,068 [mcp.server.lowlevel.server] INFO: Processing request of type CallToolRequest
2026-09-04 12:58:48,447 [mcp.server.lowlevel.server] INFO: Processing request of type CallToolRequest
/home/alexander/Schreibtisch/ofa-v2/langgraph_eval/agent.py:820: RuntimeWarning: This package (`duckduckgo_search`) has been renamed to `ddgs`! Use `pip install ddgs` instead.
  with DDGS() as ddgs:
/home/alexander/Schreibtisch/ofa-v2/langgraph_eval/agent.py:820: RuntimeWarning: This package (`duckduckgo_search`) has been renamed to `ddgs`! Use `pip install ddgs` instead.
  with DDGS() as ddgs:
/home/alexander/Schreibtisch/ofa-v2/langgraph_eval/agent.py:820: RuntimeWarning: This package (`duckduckgo_search`) has been renamed to `ddgs`! Use `pip install ddgs` instead.
  with DDGS() as ddgs:
/home/alexander/Schreibtisch/ofa-v2/langgraph_eval/agent.py:820: RuntimeWarning: This package (`duckduckgo_search`) has been renamed to `ddgs`! Use `pip install ddgs` instead.
  with DDGS() as ddgs:
/home/alexander/Schreibtisch/ofa-v2/langgraph_eval/agent.py:820: RuntimeWarning: This package (`duckduckgo_search`) has been renamed to `ddgs`! Use `pip install ddgs` instead.
  with DDGS() as ddgs:
2026-09-04 12:58:57,769 [mcp.server.lowlevel.server] INFO: Processing request of type CallToolRequest
/home/alexander/Schreibtisch/ofa-v2/langgraph_eval/agent.py:820: RuntimeWarning: This package (`duckduckgo_search`) has been renamed to `ddgs`! Use `pip install ddgs` instead.
  with DDGS() as ddgs:
/home/alexander/Schreibtisch/ofa-v2/langgraph_eval/agent.py:820: RuntimeWarning: This package (`duckduckgo_search`) has been renamed to `ddgs`! Use `pip install ddgs` instead.
  with DDGS() as ddgs:
/home/alexander/Schreibtisch/ofa-v2/langgraph_eval/agent.py:820: RuntimeWarning: This package (`duckduckgo_search`) has been renamed to `ddgs`! Use `pip install ddgs` instead.
  with DDGS() as ddgs:
2026-09-04 12:58:58,159 [mcp.server.lowlevel.server] INFO: Processing request of type CallToolRequest
2026-09-04 12:58:58,209 [mcp.server.lowlevel.server] INFO: Processing request of type CallToolRequest
/home/alexander/Schreibtisch/ofa-v2/langgraph_eval/agent.py:820: RuntimeWarning: This package (`duckduckgo_search`) has been renamed to `ddgs`! Use `pip install ddgs` instead.
  with DDGS() as ddgs:
/home/alexander/Schreibtisch/ofa-v2/langgraph_eval/agent.py:820: RuntimeWarning: This package (`duckduckgo_search`) has been renamed to `ddgs`! Use `pip install ddgs` instead.
  with DDGS() as ddgs:
/home/alexander/Schreibtisch/ofa-v2/langgraph_eval/agent.py:820: RuntimeWarning: This package (`duckduckgo_search`) has been renamed to `ddgs`! Use `pip install ddgs` instead.
  with DDGS() as ddgs:
2026-09-04 12:59:04,873 [mcp.server.lowlevel.server] INFO: Processing request of type CallToolRequest
2026-09-04 12:59:05,592 [mcp.server.lowlevel.server] INFO: Processing request of type CallToolRequest
/home/alexander/Schreibtisch/ofa-v2/langgraph_eval/agent.py:820: RuntimeWarning: This package (`duckduckgo_search`) has been renamed to `ddgs`! Use `pip install ddgs` instead.
  with DDGS() as ddgs:
/home/alexander/Schreibtisch/ofa-v2/langgraph_eval/agent.py:820: RuntimeWarning: This package (`duckduckgo_search`) has been renamed to `ddgs`! Use `pip install ddgs` instead.
  with DDGS() as ddgs:
/home/alexander/Schreibtisch/ofa-v2/langgraph_eval/agent.py:820: RuntimeWarning: This package (`duckduckgo_search`) has been renamed to `ddgs`! Use `pip install ddgs` instead.
  with DDGS() as ddgs:
2026-09-04 12:59:09,680 [mcp.server.lowlevel.server] INFO: Processing request of type CallToolRequest
/home/alexander/Schreibtisch/ofa-v2/langgraph_eval/agent.py:820: RuntimeWarning: This package (`duckduckgo_search`) has been renamed to `ddgs`! Use `pip install ddgs` instead.
  with DDGS() as ddgs:
/home/alexander/Schreibtisch/ofa-v2/langgraph_eval/agent.py:820: RuntimeWarning: This package (`duckduckgo_search`) has been renamed to `ddgs`! Use `pip install ddgs` instead.
  with DDGS() as ddgs:
/home/alexander/Schreibtisch/ofa-v2/langgraph_eval/agent.py:820: RuntimeWarning: This package (`duckduckgo_search`) has been renamed to `ddgs`! Use `pip install ddgs` instead.
  with DDGS() as ddgs:
/home/alexander/Schreibtisch/ofa-v2/langgraph_eval/agent.py:820: RuntimeWarning: This package (`duckduckgo_search`) has been renamed to `ddgs`! Use `pip install ddgs` instead.
  with DDGS() as ddgs:
/home/alexander/Schreibtisch/ofa-v2/langgraph_eval/agent.py:820: RuntimeWarning: This package (`duckduckgo_search`) has been renamed to `ddgs`! Use `pip install ddgs` instead.
  with DDGS() as ddgs:
/home/alexander/Schreibtisch/ofa-v2/langgraph_eval/agent.py:820: RuntimeWarning: This package (`duckduckgo_search`) has been renamed to `ddgs`! Use `pip install ddgs` instead.
  with DDGS() as ddgs:
2026-09-04 12:59:14,529 [mcp.server.lowlevel.server] INFO: Processing request of type CallToolRequest
2026-09-04 12:59:15,001 [mcp.server.lowlevel.server] INFO: Processing request of type CallToolRequest
2026-09-04 12:59:21,148 [mcp.server.lowlevel.server] INFO: Processing request of type CallToolRequest
/home/alexander/Schreibtisch/ofa-v2/langgraph_eval/agent.py:820: RuntimeWarning: This package (`duckduckgo_search`) has been renamed to `ddgs`! Use `pip install ddgs` instead.
  with DDGS() as ddgs:
/home/alexander/Schreibtisch/ofa-v2/langgraph_eval/agent.py:820: RuntimeWarning: This package (`duckduckgo_search`) has been renamed to `ddgs`! Use `pip install ddgs` instead.
  with DDGS() as ddgs:
/home/alexander/Schreibtisch/ofa-v2/langgraph_eval/agent.py:820: RuntimeWarning: This package (`duckduckgo_search`) has been renamed to `ddgs`! Use `pip install ddgs` instead.
  with DDGS() as ddgs:
/home/alexander/Schreibtisch/ofa-v2/langgraph_eval/agent.py:820: RuntimeWarning: This package (`duckduckgo_search`) has been renamed to `ddgs`! Use `pip install ddgs` instead.
  with DDGS() as ddgs:
/home/alexander/Schreibtisch/ofa-v2/langgraph_eval/agent.py:820: RuntimeWarning: This package (`duckduckgo_search`) has been renamed to `ddgs`! Use `pip install ddgs` instead.
  with DDGS() as ddgs:
2026-09-04 12:59:27,303 [mcp.server.lowlevel.server] INFO: Processing request of type CallToolRequest
/home/alexander/Schreibtisch/ofa-v2/langgraph_eval/agent.py:820: RuntimeWarning: This package (`duckduckgo_search`) has been renamed to `ddgs`! Use `pip install ddgs` instead.
  with DDGS() as ddgs:
/home/alexander/Schreibtisch/ofa-v2/langgraph_eval/agent.py:820: RuntimeWarning: This package (`duckduckgo_search`) has been renamed to `ddgs`! Use `pip install ddgs` instead.
  with DDGS() as ddgs:
/home/alexander/Schreibtisch/ofa-v2/langgraph_eval/agent.py:820: RuntimeWarning: This package (`duckduckgo_search`) has been renamed to `ddgs`! Use `pip install ddgs` instead.
  with DDGS() as ddgs:
2026-09-04 12:59:29,581 [mcp.server.lowlevel.server] INFO: Processing request of type CallToolRequest
/home/alexander/Schreibtisch/ofa-v2/langgraph_eval/agent.py:820: RuntimeWarning: This package (`duckduckgo_search`) has been renamed to `ddgs`! Use `pip install ddgs` instead.
  with DDGS() as ddgs:
/home/alexander/Schreibtisch/ofa-v2/langgraph_eval/agent.py:820: RuntimeWarning: This package (`duckduckgo_search`) has been renamed to `ddgs`! Use `pip install ddgs` instead.
  with DDGS() as ddgs:
/home/alexander/Schreibtisch/ofa-v2/langgraph_eval/agent.py:820: RuntimeWarning: This package (`duckduckgo_search`) has been renamed to `ddgs`! Use `pip install ddgs` instead.
  with DDGS() as ddgs:
2026-09-04 12:59:36,002 [mcp.server.lowlevel.server] INFO: Processing request of type CallToolRequest
2026-09-04 12:59:37,946 [mcp.server.lowlevel.server] INFO: Processing request of type CallToolRequest
2026-09-04 12:59:38,262 [mcp.server.lowlevel.server] INFO: Processing request of type CallToolRequest
2026-09-04 12:59:52,108 [mcp.server.lowlevel.server] INFO: Processing request of type CallToolRequest
/home/alexander/Schreibtisch/ofa-v2/langgraph_eval/agent.py:820: RuntimeWarning: This package (`duckduckgo_search`) has been renamed to `ddgs`! Use `pip install ddgs` instead.
  with DDGS() as ddgs:
/home/alexander/Schreibtisch/ofa-v2/langgraph_eval/agent.py:820: RuntimeWarning: This package (`duckduckgo_search`) has been renamed to `ddgs`! Use `pip install ddgs` instead.
  with DDGS() as ddgs:
/home/alexander/Schreibtisch/ofa-v2/langgraph_eval/agent.py:820: RuntimeWarning: This package (`duckduckgo_search`) has been renamed to `ddgs`! Use `pip install ddgs` instead.
  with DDGS() as ddgs:
/home/alexander/Schreibtisch/ofa-v2/langgraph_eval/agent.py:820: RuntimeWarning: This package (`duckduckgo_search`) has been renamed to `ddgs`! Use `pip install ddgs` instead.
  with DDGS() as ddgs:
/home/alexander/Schreibtisch/ofa-v2/langgraph_eval/agent.py:820: RuntimeWarning: This package (`duckduckgo_search`) has been renamed to `ddgs`! Use `pip install ddgs` instead.
  with DDGS() as ddgs:
/home/alexander/Schreibtisch/ofa-v2/langgraph_eval/agent.py:820: RuntimeWarning: This package (`duckduckgo_search`) has been renamed to `ddgs`! Use `pip install ddgs` instead.
  with DDGS() as ddgs:
/home/alexander/Schreibtisch/ofa-v2/langgraph_eval/agent.py:820: RuntimeWarning: This package (`duckduckgo_search`) has been renamed to `ddgs`! Use `pip install ddgs` instead.
  with DDGS() as ddgs:
/home/alexander/Schreibtisch/ofa-v2/langgraph_eval/agent.py:820: RuntimeWarning: This package (`duckduckgo_search`) has been renamed to `ddgs`! Use `pip install ddgs` instead.
  with DDGS() as ddgs:
/home/alexander/Schreibtisch/ofa-v2/langgraph_eval/agent.py:820: RuntimeWarning: This package (`duckduckgo_search`) has been renamed to `ddgs`! Use `pip install ddgs` instead.
  with DDGS() as ddgs:
/home/alexander/Schreibtisch/ofa-v2/langgraph_eval/agent.py:820: RuntimeWarning: This package (`duckduckgo_search`) has been renamed to `ddgs`! Use `pip install ddgs` instead.
  with DDGS() as ddgs:
/home/alexander/Schreibtisch/ofa-v2/langgraph_eval/agent.py:820: RuntimeWarning: This package (`duckduckgo_search`) has been renamed to `ddgs`! Use `pip install ddgs` instead.
  with DDGS() as ddgs:
/home/alexander/Schreibtisch/ofa-v2/langgraph_eval/agent.py:820: RuntimeWarning: This package (`duckduckgo_search`) has been renamed to `ddgs`! Use `pip install ddgs` instead.
  with DDGS() as ddgs:
/home/alexander/Schreibtisch/ofa-v2/langgraph_eval/agent.py:820: RuntimeWarning: This package (`duckduckgo_search`) has been renamed to `ddgs`! Use `pip install ddgs` instead.
  with DDGS() as ddgs:
/home/alexander/Schreibtisch/ofa-v2/langgraph_eval/agent.py:820: RuntimeWarning: This package (`duckduckgo_search`) has been renamed to `ddgs`! Use `pip install ddgs` instead.
  with DDGS() as ddgs:
/home/alexander/Schreibtisch/ofa-v2/langgraph_eval/agent.py:820: RuntimeWarning: This package (`duckduckgo_search`) has been renamed to `ddgs`! Use `pip install ddgs` instead.
  with DDGS() as ddgs:
/home/alexander/Schreibtisch/ofa-v2/langgraph_eval/agent.py:820: RuntimeWarning: This package (`duckduckgo_search`) has been renamed to `ddgs`! Use `pip install ddgs` instead.
  with DDGS() as ddgs:
/home/alexander/Schreibtisch/ofa-v2/langgraph_eval/agent.py:820: RuntimeWarning: This package (`duckduckgo_search`) has been renamed to `ddgs`! Use `pip install ddgs` instead.
  with DDGS() as ddgs:
/home/alexander/Schreibtisch/ofa-v2/langgraph_eval/agent.py:820: RuntimeWarning: This package (`duckduckgo_search`) has been renamed to `ddgs`! Use `pip install ddgs` instead.
  with DDGS() as ddgs:
/home/alexander/Schreibtisch/ofa-v2/langgraph_eval/agent.py:820: RuntimeWarning: This package (`duckduckgo_search`) has been renamed to `ddgs`! Use `pip install ddgs` instead.
  with DDGS() as ddgs:
/home/alexander/Schreibtisch/ofa-v2/langgraph_eval/agent.py:820: RuntimeWarning: This package (`duckduckgo_search`) has been renamed to `ddgs`! Use `pip install ddgs` instead.
  with DDGS() as ddgs:
2026-09-04 13:01:18,455 [mcp.server.lowlevel.server] INFO: Processing request of type CallToolRequest
2026-09-04 13:01:25,582 [mcp.server.lowlevel.server] INFO: Processing request of type CallToolRequest
2026-09-04 13:02:46,252 [mcp.server.lowlevel.server] INFO: Processing request of type CallToolRequest
/home/alexander/Schreibtisch/ofa-v2/src/tools/result_audit.py:1341: ResourceWarning: unclosed file <_io.TextIOWrapper name='/home/alexander/Schreibtisch/ofa-v2/campaign3_blind/runs/FB1_27b_MCP_seed5601/work/solution_level1.csv' mode='r' encoding='UTF-8'>
  rows = [r for r in _csv.reader(f.open())
ResourceWarning: Enable tracemalloc to get the object allocation traceback
/home/alexander/Schreibtisch/ofa-v2/src/tools/result_audit.py:1341: ResourceWarning: unclosed file <_io.TextIOWrapper name='/home/alexander/Schreibtisch/ofa-v2/campaign3_blind/runs/FB1_27b_MCP_seed5601/work/solution_level1.csv' mode='r' encoding='UTF-8'>
  rows = [r for r in _csv.reader(f.open())
ResourceWarning: Enable tracemalloc to get the object allocation traceback
/home/alexander/Schreibtisch/ofa-v2/src/tools/result_audit.py:1341: ResourceWarning: unclosed file <_io.TextIOWrapper name='/home/alexander/Schreibtisch/ofa-v2/campaign3_blind/runs/FB1_27b_MCP_seed5601/work/solution_level2.csv' mode='r' encoding='UTF-8'>
  rows = [r for r in _csv.reader(f.open())
ResourceWarning: Enable tracemalloc to get the object allocation traceback
/home/alexander/Schreibtisch/ofa-v2/src/tools/result_audit.py:1341: ResourceWarning: unclosed file <_io.TextIOWrapper name='/home/alexander/Schreibtisch/ofa-v2/campaign3_blind/runs/FB1_27b_MCP_seed5601/work/solution_level3.csv' mode='r' encoding='UTF-8'>
  rows = [r for r in _csv.reader(f.open())
ResourceWarning: Enable tracemalloc to get the object allocation traceback
/home/alexander/Schreibtisch/ofa-v2/src/tools/result_audit.py:1341: ResourceWarning: unclosed file <_io.TextIOWrapper name='/home/alexander/Schreibtisch/ofa-v2/campaign3_blind/runs/FB1_27b_MCP_seed5601/work/solution_level1.csv' mode='r' encoding='UTF-8'>
  rows = [r for r in _csv.reader(f.open())
ResourceWarning: Enable tracemalloc to get the object allocation traceback
/home/alexander/Schreibtisch/ofa-v2/src/tools/result_audit.py:1341: ResourceWarning: unclosed file <_io.TextIOWrapper name='/home/alexander/Schreibtisch/ofa-v2/campaign3_blind/runs/FB1_27b_MCP_seed5601/work/solution_level2.csv' mode='r' encoding='UTF-8'>
  rows = [r for r in _csv.reader(f.open())
ResourceWarning: Enable tracemalloc to get the object allocation traceback
/home/alexander/Schreibtisch/ofa-v2/src/tools/result_audit.py:1341: ResourceWarning: unclosed file <_io.TextIOWrapper name='/home/alexander/Schreibtisch/ofa-v2/campaign3_blind/runs/FB1_27b_MCP_seed5601/work/solution_level3.csv' mode='r' encoding='UTF-8'>
  rows = [r for r in _csv.reader(f.open())
ResourceWarning: Enable tracemalloc to get the object allocation traceback
/home/alexander/Schreibtisch/ofa-v2/src/tools/result_audit.py:1341: ResourceWarning: unclosed file <_io.TextIOWrapper name='/home/alexander/Schreibtisch/ofa-v2/campaign3_blind/runs/FB1_27b_MCP_seed5603/work/solution_level1.csv' mode='r' encoding='UTF-8'>
  rows = [r for r in _csv.reader(f.open())
ResourceWarning: Enable tracemalloc to get the object allocation traceback
/home/alexander/Schreibtisch/ofa-v2/src/tools/result_audit.py:1341: ResourceWarning: unclosed file <_io.TextIOWrapper name='/home/alexander/Schreibtisch/ofa-v2/campaign3_blind/runs/FB1_27b_MCP_seed5603/work/solution_level2.csv' mode='r' encoding='UTF-8'>
  rows = [r for r in _csv.reader(f.open())
ResourceWarning: Enable tracemalloc to get the object allocation traceback
/home/alexander/Schreibtisch/ofa-v2/src/tools/result_audit.py:1341: ResourceWarning: unclosed file <_io.TextIOWrapper name='/home/alexander/Schreibtisch/ofa-v2/campaign3_blind/runs/FB1_27b_MCP_seed5603/work/solution_level3.csv' mode='r' encoding='UTF-8'>
  rows = [r for r in _csv.reader(f.open())
ResourceWarning: Enable tracemalloc to get the object allocation traceback
/home/alexander/Schreibtisch/ofa-v2/src/tools/result_audit.py:1341: ResourceWarning: unclosed file <_io.TextIOWrapper name='/home/alexander/Schreibtisch/ofa-v2/campaign3_blind/runs/FB1_27b_MCP_seed5602/work/solution_level1.csv' mode='r' encoding='UTF-8'>
  rows = [r for r in _csv.reader(f.open())
ResourceWarning: Enable tracemalloc to get the object allocation traceback
/home/alexander/Schreibtisch/ofa-v2/src/tools/result_audit.py:1341: ResourceWarning: unclosed file <_io.TextIOWrapper name='/home/alexander/Schreibtisch/ofa-v2/campaign3_blind/runs/FB1_27b_MCP_seed5602/work/solution_level2.csv' mode='r' encoding='UTF-8'>
  rows = [r for r in _csv.reader(f.open())
ResourceWarning: Enable tracemalloc to get the object allocation traceback
/home/alexander/Schreibtisch/ofa-v2/src/tools/result_audit.py:1341: ResourceWarning: unclosed file <_io.TextIOWrapper name='/home/alexander/Schreibtisch/ofa-v2/campaign3_blind/runs/FB1_27b_MCP_seed5602/work/solution_level3.csv' mode='r' encoding='UTF-8'>
  rows = [r for r in _csv.reader(f.open())
ResourceWarning: Enable tracemalloc to get the object allocation traceback
/home/alexander/Schreibtisch/ofa-v2/src/tools/result_audit.py:534: ResourceWarning: unclosed file <_io.TextIOWrapper name='/home/alexander/Schreibtisch/ofa-v2/campaign3_blind/runs/FB1_27b_MCP_seed5603/work/solution_level1.csv' mode='r' encoding='UTF-8'>
  rows = sum(1 for _ in open(sol0[0], errors="ignore")) - 1
ResourceWarning: Enable tracemalloc to get the object allocation traceback
/home/alexander/Schreibtisch/ofa-v2/src/tools/result_audit.py:1341: ResourceWarning: unclosed file <_io.TextIOWrapper name='/home/alexander/Schreibtisch/ofa-v2/campaign3_blind/runs/FB1_27b_MCP_seed5603/work/solution_level1.csv' mode='r' encoding='UTF-8'>
  rows = [r for r in _csv.reader(f.open())
ResourceWarning: Enable tracemalloc to get the object allocation traceback
/home/alexander/Schreibtisch/ofa-v2/src/tools/result_audit.py:1341: ResourceWarning: unclosed file <_io.TextIOWrapper name='/home/alexander/Schreibtisch/ofa-v2/campaign3_blind/runs/FB1_27b_MCP_seed5603/work/solution_level2.csv' mode='r' encoding='UTF-8'>
  rows = [r for r in _csv.reader(f.open())
ResourceWarning: Enable tracemalloc to get the object allocation traceback
/home/alexander/Schreibtisch/ofa-v2/src/tools/result_audit.py:1341: ResourceWarning: unclosed file <_io.TextIOWrapper name='/home/alexander/Schreibtisch/ofa-v2/campaign3_blind/runs/FB1_27b_MCP_seed5603/work/solution_level3.csv' mode='r' encoding='UTF-8'>
  rows = [r for r in _csv.reader(f.open())
ResourceWarning: Enable tracemalloc to get the object allocation traceback
2026-09-04 13:10:25,880 [mcp.server.lowlevel.server] INFO: Processing request of type CallToolRequest
2026-09-04 13:11:14,802 [mcp.server.lowlevel.server] INFO: Processing request of type CallToolRequest
/home/alexander/Schreibtisch/ofa-v2/src/tools/result_audit.py:1341: ResourceWarning: unclosed file <_io.TextIOWrapper name='/home/alexander/Schreibtisch/ofa-v2/campaign3_blind/runs/FB1_27b_MCP_seed5602/work/solution_level1.csv' mode='r' encoding='UTF-8'>
  rows = [r for r in _csv.reader(f.open())
ResourceWarning: Enable tracemalloc to get the object allocation traceback
/home/alexander/Schreibtisch/ofa-v2/src/tools/result_audit.py:1341: ResourceWarning: unclosed file <_io.TextIOWrapper name='/home/alexander/Schreibtisch/ofa-v2/campaign3_blind/runs/FB1_27b_MCP_seed5602/work/solution_level2.csv' mode='r' encoding='UTF-8'>
  rows = [r for r in _csv.reader(f.open())
ResourceWarning: Enable tracemalloc to get the object allocation traceback
/home/alexander/Schreibtisch/ofa-v2/src/tools/result_audit.py:1341: ResourceWarning: unclosed file <_io.TextIOWrapper name='/home/alexander/Schreibtisch/ofa-v2/campaign3_blind/runs/FB1_27b_MCP_seed5602/work/solution_level3.csv' mode='r' encoding='UTF-8'>
  rows = [r for r in _csv.reader(f.open())
ResourceWarning: Enable tracemalloc to get the object allocation traceback
2026-09-04 13:11:51,676 [oasis] INFO: Session journal saved: /tmp/oasis-source/data/sessions/session_cf59f907-12df-4522-bd36-851466beff74.json (7 events)
[preflight] custody controls verified for 1 problem(s); keys sealed and unreadable by execution
[phase: development] results are for post-mortems and convergence checking, NOT for the paper's evaluation table.
[DUNE cache] sha256=dc2d5b8ff2ebf98e... (neutral, private copy per cell)
[FB1 27b MCP s5603] done  calls=42 tok=3423346/31064 862.9s
/home/alexander/.local/share/python/cpython-3.12.13-linux-x86_64-gnu/lib/python3.12/asyncio/selector_events.py:879: ResourceWarning: unclosed transport <_SelectorSocketTransport fd=9>
<<< FB1 seed 5603 done 2026-09-04 13:11:52
/home/alexander/Schreibtisch/ofa-v2/src/tools/result_audit.py:1341: ResourceWarning: unclosed file <_io.TextIOWrapper name='/home/alexander/Schreibtisch/ofa-v2/campaign3_blind/runs/FB1_27b_MCP_seed5601/work/solution_level1.csv' mode='r' encoding='UTF-8'>
  rows = [r for r in _csv.reader(f.open())
ResourceWarning: Enable tracemalloc to get the object allocation traceback
/home/alexander/Schreibtisch/ofa-v2/src/tools/result_audit.py:1341: ResourceWarning: unclosed file <_io.TextIOWrapper name='/home/alexander/Schreibtisch/ofa-v2/campaign3_blind/runs/FB1_27b_MCP_seed5601/work/solution_level2.csv' mode='r' encoding='UTF-8'>
  rows = [r for r in _csv.reader(f.open())
ResourceWarning: Enable tracemalloc to get the object allocation traceback
/home/alexander/Schreibtisch/ofa-v2/src/tools/result_audit.py:1341: ResourceWarning: unclosed file <_io.TextIOWrapper name='/home/alexander/Schreibtisch/ofa-v2/campaign3_blind/runs/FB1_27b_MCP_seed5601/work/solution_level3.csv' mode='r' encoding='UTF-8'>
  rows = [r for r in _csv.reader(f.open())
ResourceWarning: Enable tracemalloc to get the object allocation traceback
/home/alexander/Schreibtisch/ofa-v2/src/tools/result_audit.py:534: ResourceWarning: unclosed file <_io.TextIOWrapper name='/home/alexander/Schreibtisch/ofa-v2/campaign3_blind/runs/FB1_27b_MCP_seed5601/work/solution_level1.csv' mode='r' encoding='UTF-8'>
  rows = sum(1 for _ in open(sol0[0], errors="ignore")) - 1
ResourceWarning: Enable tracemalloc to get the object allocation traceback
/home/alexander/Schreibtisch/ofa-v2/src/tools/result_audit.py:1341: ResourceWarning: unclosed file <_io.TextIOWrapper name='/home/alexander/Schreibtisch/ofa-v2/campaign3_blind/runs/FB1_27b_MCP_seed5601/work/solution_level1.csv' mode='r' encoding='UTF-8'>
  rows = [r for r in _csv.reader(f.open())
ResourceWarning: Enable tracemalloc to get the object allocation traceback
/home/alexander/Schreibtisch/ofa-v2/src/tools/result_audit.py:1341: ResourceWarning: unclosed file <_io.TextIOWrapper name='/home/alexander/Schreibtisch/ofa-v2/campaign3_blind/runs/FB1_27b_MCP_seed5601/work/solution_level2.csv' mode='r' encoding='UTF-8'>
  rows = [r for r in _csv.reader(f.open())
ResourceWarning: Enable tracemalloc to get the object allocation traceback
/home/alexander/Schreibtisch/ofa-v2/src/tools/result_audit.py:1341: ResourceWarning: unclosed file <_io.TextIOWrapper name='/home/alexander/Schreibtisch/ofa-v2/campaign3_blind/runs/FB1_27b_MCP_seed5601/work/solution_level3.csv' mode='r' encoding='UTF-8'>
  rows = [r for r in _csv.reader(f.open())
ResourceWarning: Enable tracemalloc to get the object allocation traceback
2026-09-04 13:13:38,233 [mcp.server.lowlevel.server] INFO: Processing request of type CallToolRequest
/home/alexander/Schreibtisch/ofa-v2/langgraph_eval/agent.py:895: LangGraphDeprecatedSinceV10: create_react_agent has been moved to `langchain.agents`. Please update your import to `from langchain.agents import create_agent`. Deprecated in LangGraph V1.0 to be removed in V2.0.
  sub_agent = create_react_agent(
/home/alexander/Schreibtisch/ofa-v2/langgraph_eval/agent.py:820: RuntimeWarning: This package (`duckduckgo_search`) has been renamed to `ddgs`! Use `pip install ddgs` instead.
  with DDGS() as ddgs:
/home/alexander/Schreibtisch/ofa-v2/langgraph_eval/agent.py:820: RuntimeWarning: This package (`duckduckgo_search`) has been renamed to `ddgs`! Use `pip install ddgs` instead.
  with DDGS() as ddgs:
2026-09-04 13:14:13,216 [mcp.server.lowlevel.server] INFO: Processing request of type CallToolRequest
/home/alexander/Schreibtisch/ofa-v2/langgraph_eval/agent.py:820: RuntimeWarning: This package (`duckduckgo_search`) has been renamed to `ddgs`! Use `pip install ddgs` instead.
  with DDGS() as ddgs:
/home/alexander/Schreibtisch/ofa-v2/langgraph_eval/agent.py:820: RuntimeWarning: This package (`duckduckgo_search`) has been renamed to `ddgs`! Use `pip install ddgs` instead.
  with DDGS() as ddgs:
/home/alexander/Schreibtisch/ofa-v2/langgraph_eval/agent.py:820: RuntimeWarning: This package (`duckduckgo_search`) has been renamed to `ddgs`! Use `pip install ddgs` instead.
  with DDGS() as ddgs:
/home/alexander/Schreibtisch/ofa-v2/langgraph_eval/agent.py:820: RuntimeWarning: This package (`duckduckgo_search`) has been renamed to `ddgs`! Use `pip install ddgs` instead.
  with DDGS() as ddgs:
/home/alexander/Schreibtisch/ofa-v2/langgraph_eval/agent.py:820: RuntimeWarning: This package (`duckduckgo_search`) has been renamed to `ddgs`! Use `pip install ddgs` instead.
  with DDGS() as ddgs:
/home/alexander/Schreibtisch/ofa-v2/langgraph_eval/agent.py:820: RuntimeWarning: This package (`duckduckgo_search`) has been renamed to `ddgs`! Use `pip install ddgs` instead.
  with DDGS() as ddgs:
/home/alexander/Schreibtisch/ofa-v2/langgraph_eval/agent.py:820: RuntimeWarning: This package (`duckduckgo_search`) has been renamed to `ddgs`! Use `pip install ddgs` instead.
  with DDGS() as ddgs:
/home/alexander/Schreibtisch/ofa-v2/langgraph_eval/agent.py:820: RuntimeWarning: This package (`duckduckgo_search`) has been renamed to `ddgs`! Use `pip install ddgs` instead.
  with DDGS() as ddgs:
/home/alexander/Schreibtisch/ofa-v2/langgraph_eval/agent.py:820: RuntimeWarning: This package (`duckduckgo_search`) has been renamed to `ddgs`! Use `pip install ddgs` instead.
  with DDGS() as ddgs:
/home/alexander/Schreibtisch/ofa-v2/langgraph_eval/agent.py:820: RuntimeWarning: This package (`duckduckgo_search`) has been renamed to `ddgs`! Use `pip install ddgs` instead.
  with DDGS() as ddgs:
/home/alexander/Schreibtisch/ofa-v2/langgraph_eval/agent.py:820: RuntimeWarning: This package (`duckduckgo_search`) has been renamed to `ddgs`! Use `pip install ddgs` instead.
  with DDGS() as ddgs:
2026-09-04 13:14:45,225 [mcp.server.lowlevel.server] INFO: Processing request of type CallToolRequest
/home/alexander/Schreibtisch/ofa-v2/src/tools/result_audit.py:1341: ResourceWarning: unclosed file <_io.TextIOWrapper name='/home/alexander/Schreibtisch/ofa-v2/campaign3_blind/runs/FB1_27b_MCP_seed5602/work/solution_level1.csv' mode='r' encoding='UTF-8'>
  rows = [r for r in _csv.reader(f.open())
ResourceWarning: Enable tracemalloc to get the object allocation traceback
/home/alexander/Schreibtisch/ofa-v2/src/tools/result_audit.py:1341: ResourceWarning: unclosed file <_io.TextIOWrapper name='/home/alexander/Schreibtisch/ofa-v2/campaign3_blind/runs/FB1_27b_MCP_seed5602/work/solution_level2.csv' mode='r' encoding='UTF-8'>
  rows = [r for r in _csv.reader(f.open())
ResourceWarning: Enable tracemalloc to get the object allocation traceback
/home/alexander/Schreibtisch/ofa-v2/src/tools/result_audit.py:1341: ResourceWarning: unclosed file <_io.TextIOWrapper name='/home/alexander/Schreibtisch/ofa-v2/campaign3_blind/runs/FB1_27b_MCP_seed5602/work/solution_level3.csv' mode='r' encoding='UTF-8'>
  rows = [r for r in _csv.reader(f.open())
ResourceWarning: Enable tracemalloc to get the object allocation traceback
2026-09-04 13:15:18,649 [oasis] INFO: Session journal saved: /tmp/oasis-source/data/sessions/session_cd8c445d-15a2-4ec4-819f-773ff8dca12b.json (7 events)
[preflight] custody controls verified for 1 problem(s); keys sealed and unreadable by execution
[phase: development] results are for post-mortems and convergence checking, NOT for the paper's evaluation table.
[DUNE cache] sha256=dc2d5b8ff2ebf98e... (neutral, private copy per cell)
[FB1 27b MCP s5601] done  calls=52 tok=4328383/37948 1070.2s
/home/alexander/.local/share/python/cpython-3.12.13-linux-x86_64-gnu/lib/python3.12/asyncio/selector_events.py:879: ResourceWarning: unclosed transport <_SelectorSocketTransport fd=9>
<<< FB1 seed 5601 done 2026-09-04 13:15:19
/home/alexander/Schreibtisch/ofa-v2/src/tools/result_audit.py:1341: ResourceWarning: unclosed file <_io.TextIOWrapper name='/home/alexander/Schreibtisch/ofa-v2/campaign3_blind/runs/FB1_27b_MCP_seed5602/work/solution_level1.csv' mode='r' encoding='UTF-8'>
  rows = [r for r in _csv.reader(f.open())
ResourceWarning: Enable tracemalloc to get the object allocation traceback
/home/alexander/Schreibtisch/ofa-v2/src/tools/result_audit.py:1341: ResourceWarning: unclosed file <_io.TextIOWrapper name='/home/alexander/Schreibtisch/ofa-v2/campaign3_blind/runs/FB1_27b_MCP_seed5602/work/solution_level2.csv' mode='r' encoding='UTF-8'>
  rows = [r for r in _csv.reader(f.open())
ResourceWarning: Enable tracemalloc to get the object allocation traceback
/home/alexander/Schreibtisch/ofa-v2/src/tools/result_audit.py:1341: ResourceWarning: unclosed file <_io.TextIOWrapper name='/home/alexander/Schreibtisch/ofa-v2/campaign3_blind/runs/FB1_27b_MCP_seed5602/work/solution_level3.csv' mode='r' encoding='UTF-8'>
  rows = [r for r in _csv.reader(f.open())
ResourceWarning: Enable tracemalloc to get the object allocation traceback
/home/alexander/Schreibtisch/ofa-v2/src/tools/result_audit.py:1341: ResourceWarning: unclosed file <_io.TextIOWrapper name='/home/alexander/Schreibtisch/ofa-v2/campaign3_blind/runs/FB1_27b_MCP_seed5602/work/solution_level1.csv' mode='r' encoding='UTF-8'>
  rows = [r for r in _csv.reader(f.open())
ResourceWarning: Enable tracemalloc to get the object allocation traceback
/home/alexander/Schreibtisch/ofa-v2/src/tools/result_audit.py:1341: ResourceWarning: unclosed file <_io.TextIOWrapper name='/home/alexander/Schreibtisch/ofa-v2/campaign3_blind/runs/FB1_27b_MCP_seed5602/work/solution_level2.csv' mode='r' encoding='UTF-8'>
  rows = [r for r in _csv.reader(f.open())
ResourceWarning: Enable tracemalloc to get the object allocation traceback
/home/alexander/Schreibtisch/ofa-v2/src/tools/result_audit.py:1341: ResourceWarning: unclosed file <_io.TextIOWrapper name='/home/alexander/Schreibtisch/ofa-v2/campaign3_blind/runs/FB1_27b_MCP_seed5602/work/solution_level3.csv' mode='r' encoding='UTF-8'>
  rows = [r for r in _csv.reader(f.open())
ResourceWarning: Enable tracemalloc to get the object allocation traceback
/home/alexander/Schreibtisch/ofa-v2/src/tools/result_audit.py:1341: ResourceWarning: unclosed file <_io.TextIOWrapper name='/home/alexander/Schreibtisch/ofa-v2/campaign3_blind/runs/FB1_27b_MCP_seed5602/work/solution_level1.csv' mode='r' encoding='UTF-8'>
  rows = [r for r in _csv.reader(f.open())
ResourceWarning: Enable tracemalloc to get the object allocation traceback
/home/alexander/Schreibtisch/ofa-v2/src/tools/result_audit.py:1341: ResourceWarning: unclosed file <_io.TextIOWrapper name='/home/alexander/Schreibtisch/ofa-v2/campaign3_blind/runs/FB1_27b_MCP_seed5602/work/solution_level2.csv' mode='r' encoding='UTF-8'>
  rows = [r for r in _csv.reader(f.open())
ResourceWarning: Enable tracemalloc to get the object allocation traceback
/home/alexander/Schreibtisch/ofa-v2/src/tools/result_audit.py:1341: ResourceWarning: unclosed file <_io.TextIOWrapper name='/home/alexander/Schreibtisch/ofa-v2/campaign3_blind/runs/FB1_27b_MCP_seed5602/work/solution_level3.csv' mode='r' encoding='UTF-8'>
  rows = [r for r in _csv.reader(f.open())
ResourceWarning: Enable tracemalloc to get the object allocation traceback
/home/alexander/Schreibtisch/ofa-v2/src/tools/result_audit.py:1341: ResourceWarning: unclosed file <_io.TextIOWrapper name='/home/alexander/Schreibtisch/ofa-v2/campaign3_blind/runs/FB1_27b_MCP_seed5602/work/solution_level1.csv' mode='r' encoding='UTF-8'>
  rows = [r for r in _csv.reader(f.open())
ResourceWarning: Enable tracemalloc to get the object allocation traceback
/home/alexander/Schreibtisch/ofa-v2/src/tools/result_audit.py:1341: ResourceWarning: unclosed file <_io.TextIOWrapper name='/home/alexander/Schreibtisch/ofa-v2/campaign3_blind/runs/FB1_27b_MCP_seed5602/work/solution_level2.csv' mode='r' encoding='UTF-8'>
  rows = [r for r in _csv.reader(f.open())
ResourceWarning: Enable tracemalloc to get the object allocation traceback
/home/alexander/Schreibtisch/ofa-v2/src/tools/result_audit.py:1341: ResourceWarning: unclosed file <_io.TextIOWrapper name='/home/alexander/Schreibtisch/ofa-v2/campaign3_blind/runs/FB1_27b_MCP_seed5602/work/solution_level3.csv' mode='r' encoding='UTF-8'>
  rows = [r for r in _csv.reader(f.open())
ResourceWarning: Enable tracemalloc to get the object allocation traceback
/home/alexander/Schreibtisch/ofa-v2/src/tools/result_audit.py:1341: ResourceWarning: unclosed file <_io.TextIOWrapper name='/home/alexander/Schreibtisch/ofa-v2/campaign3_blind/runs/FB1_27b_MCP_seed5602/work/solution_level1.csv' mode='r' encoding='UTF-8'>
  rows = [r for r in _csv.reader(f.open())
ResourceWarning: Enable tracemalloc to get the object allocation traceback
/home/alexander/Schreibtisch/ofa-v2/src/tools/result_audit.py:1341: ResourceWarning: unclosed file <_io.TextIOWrapper name='/home/alexander/Schreibtisch/ofa-v2/campaign3_blind/runs/FB1_27b_MCP_seed5602/work/solution_level2.csv' mode='r' encoding='UTF-8'>
  rows = [r for r in _csv.reader(f.open())
ResourceWarning: Enable tracemalloc to get the object allocation traceback
/home/alexander/Schreibtisch/ofa-v2/src/tools/result_audit.py:1341: ResourceWarning: unclosed file <_io.TextIOWrapper name='/home/alexander/Schreibtisch/ofa-v2/campaign3_blind/runs/FB1_27b_MCP_seed5602/work/solution_level3.csv' mode='r' encoding='UTF-8'>
  rows = [r for r in _csv.reader(f.open())
ResourceWarning: Enable tracemalloc to get the object allocation traceback
/home/alexander/Schreibtisch/ofa-v2/src/tools/result_audit.py:534: ResourceWarning: unclosed file <_io.TextIOWrapper name='/home/alexander/Schreibtisch/ofa-v2/campaign3_blind/runs/FB1_27b_MCP_seed5602/work/solution_level1.csv' mode='r' encoding='UTF-8'>
  rows = sum(1 for _ in open(sol0[0], errors="ignore")) - 1
ResourceWarning: Enable tracemalloc to get the object allocation traceback
/home/alexander/Schreibtisch/ofa-v2/src/tools/result_audit.py:1341: ResourceWarning: unclosed file <_io.TextIOWrapper name='/home/alexander/Schreibtisch/ofa-v2/campaign3_blind/runs/FB1_27b_MCP_seed5602/work/solution_level1.csv' mode='r' encoding='UTF-8'>
  rows = [r for r in _csv.reader(f.open())
ResourceWarning: Enable tracemalloc to get the object allocation traceback
/home/alexander/Schreibtisch/ofa-v2/src/tools/result_audit.py:1341: ResourceWarning: unclosed file <_io.TextIOWrapper name='/home/alexander/Schreibtisch/ofa-v2/campaign3_blind/runs/FB1_27b_MCP_seed5602/work/solution_level2.csv' mode='r' encoding='UTF-8'>
  rows = [r for r in _csv.reader(f.open())
ResourceWarning: Enable tracemalloc to get the object allocation traceback
/home/alexander/Schreibtisch/ofa-v2/src/tools/result_audit.py:1341: ResourceWarning: unclosed file <_io.TextIOWrapper name='/home/alexander/Schreibtisch/ofa-v2/campaign3_blind/runs/FB1_27b_MCP_seed5602/work/solution_level3.csv' mode='r' encoding='UTF-8'>
  rows = [r for r in _csv.reader(f.open())
ResourceWarning: Enable tracemalloc to get the object allocation traceback
/home/alexander/Schreibtisch/ofa-v2/src/tools/result_audit.py:1341: ResourceWarning: unclosed file <_io.TextIOWrapper name='/home/alexander/Schreibtisch/ofa-v2/campaign3_blind/runs/FB1_27b_MCP_seed5602/work/solution_level1.csv' mode='r' encoding='UTF-8'>
  rows = [r for r in _csv.reader(f.open())
ResourceWarning: Enable tracemalloc to get the object allocation traceback
/home/alexander/Schreibtisch/ofa-v2/src/tools/result_audit.py:1341: ResourceWarning: unclosed file <_io.TextIOWrapper name='/home/alexander/Schreibtisch/ofa-v2/campaign3_blind/runs/FB1_27b_MCP_seed5602/work/solution_level2.csv' mode='r' encoding='UTF-8'>
  rows = [r for r in _csv.reader(f.open())
ResourceWarning: Enable tracemalloc to get the object allocation traceback
/home/alexander/Schreibtisch/ofa-v2/src/tools/result_audit.py:1341: ResourceWarning: unclosed file <_io.TextIOWrapper name='/home/alexander/Schreibtisch/ofa-v2/campaign3_blind/runs/FB1_27b_MCP_seed5602/work/solution_level3.csv' mode='r' encoding='UTF-8'>
  rows = [r for r in _csv.reader(f.open())
ResourceWarning: Enable tracemalloc to get the object allocation traceback
/home/alexander/Schreibtisch/ofa-v2/src/tools/result_audit.py:534: ResourceWarning: unclosed file <_io.TextIOWrapper name='/home/alexander/Schreibtisch/ofa-v2/campaign3_blind/runs/FB1_27b_MCP_seed5602/work/solution_level1.csv' mode='r' encoding='UTF-8'>
  rows = sum(1 for _ in open(sol0[0], errors="ignore")) - 1
ResourceWarning: Enable tracemalloc to get the object allocation traceback
/home/alexander/Schreibtisch/ofa-v2/src/tools/result_audit.py:1341: ResourceWarning: unclosed file <_io.TextIOWrapper name='/home/alexander/Schreibtisch/ofa-v2/campaign3_blind/runs/FB1_27b_MCP_seed5602/work/solution_level1.csv' mode='r' encoding='UTF-8'>
  rows = [r for r in _csv.reader(f.open())
ResourceWarning: Enable tracemalloc to get the object allocation traceback
/home/alexander/Schreibtisch/ofa-v2/src/tools/result_audit.py:1341: ResourceWarning: unclosed file <_io.TextIOWrapper name='/home/alexander/Schreibtisch/ofa-v2/campaign3_blind/runs/FB1_27b_MCP_seed5602/work/solution_level2.csv' mode='r' encoding='UTF-8'>
  rows = [r for r in _csv.reader(f.open())
ResourceWarning: Enable tracemalloc to get the object allocation traceback
/home/alexander/Schreibtisch/ofa-v2/src/tools/result_audit.py:1341: ResourceWarning: unclosed file <_io.TextIOWrapper name='/home/alexander/Schreibtisch/ofa-v2/campaign3_blind/runs/FB1_27b_MCP_seed5602/work/solution_level3.csv' mode='r' encoding='UTF-8'>
  rows = [r for r in _csv.reader(f.open())
ResourceWarning: Enable tracemalloc to get the object allocation traceback
/home/alexander/Schreibtisch/ofa-v2/src/tools/result_audit.py:534: ResourceWarning: unclosed file <_io.TextIOWrapper name='/home/alexander/Schreibtisch/ofa-v2/campaign3_blind/runs/FB1_27b_MCP_seed5602/work/solution_level1.csv' mode='r' encoding='UTF-8'>
  rows = sum(1 for _ in open(sol0[0], errors="ignore")) - 1
ResourceWarning: Enable tracemalloc to get the object allocation traceback
/home/alexander/Schreibtisch/ofa-v2/src/tools/result_audit.py:1341: ResourceWarning: unclosed file <_io.TextIOWrapper name='/home/alexander/Schreibtisch/ofa-v2/campaign3_blind/runs/FB1_27b_MCP_seed5602/work/solution_level1.csv' mode='r' encoding='UTF-8'>
  rows = [r for r in _csv.reader(f.open())
ResourceWarning: Enable tracemalloc to get the object allocation traceback
/home/alexander/Schreibtisch/ofa-v2/src/tools/result_audit.py:1341: ResourceWarning: unclosed file <_io.TextIOWrapper name='/home/alexander/Schreibtisch/ofa-v2/campaign3_blind/runs/FB1_27b_MCP_seed5602/work/solution_level2.csv' mode='r' encoding='UTF-8'>
  rows = [r for r in _csv.reader(f.open())
ResourceWarning: Enable tracemalloc to get the object allocation traceback
/home/alexander/Schreibtisch/ofa-v2/src/tools/result_audit.py:1341: ResourceWarning: unclosed file <_io.TextIOWrapper name='/home/alexander/Schreibtisch/ofa-v2/campaign3_blind/runs/FB1_27b_MCP_seed5602/work/solution_level3.csv' mode='r' encoding='UTF-8'>
  rows = [r for r in _csv.reader(f.open())
ResourceWarning: Enable tracemalloc to get the object allocation traceback
2026-09-04 13:25:21,025 [oasis] INFO: Session journal saved: /tmp/oasis-source/data/sessions/session_659a7064-d826-429b-8e88-7eef74e971db.json (4 events)
[preflight] custody controls verified for 1 problem(s); keys sealed and unreadable by execution
[phase: development] results are for post-mortems and convergence checking, NOT for the paper's evaluation table.
[DUNE cache] sha256=dc2d5b8ff2ebf98e... (neutral, private copy per cell)
[FB1 27b MCP s5602] done  calls=63 tok=6287544/77752 1672.1s
/home/alexander/.local/share/python/cpython-3.12.13-linux-x86_64-gnu/lib/python3.12/asyncio/selector_events.py:879: ResourceWarning: unclosed transport <_SelectorSocketTransport fd=9>
<<< FB1 seed 5602 done 2026-09-04 13:25:21
>>> FB1 MCP complete 2026-09-04 13:25:21
