>>> FB2 MCP seeds 3501 3502 3503  start 2026-09-03 23:34:39
[source build] 6bfd4d491254 sha256=960afb2fb42bd9e3... (immutable)
[source build] 6bfd4d491254 sha256=960afb2fb42bd9e3... (immutable)
[source build] 6bfd4d491254 sha256=960afb2fb42bd9e3... (immutable)
2026-09-03 23:35:09,481 [oasis.registry] INFO: Loaded discovered config: 5 backends
2026-09-03 23:35:09,495 [oasis.registry] INFO: Registered backend: 4C Multiphysics (fourc)
2026-09-03 23:35:09,500 [oasis.registry] INFO: Registered backend: FEniCSx (dolfinx) (fenics)
2026-09-03 23:35:09,506 [oasis.registry] INFO: Registered backend: deal.II (dealii)
2026-09-03 23:35:09,532 [oasis.registry] INFO: Registered backend: FEBio (febio)
2026-09-03 23:35:09,545 [oasis.registry] INFO: Registered backend: NGSolve (ngsolve)
2026-09-03 23:35:09,546 [oasis.ngsolve] INFO: NGSolve backend registered
2026-09-03 23:35:09,560 [oasis.registry] INFO: Registered backend: scikit-fem (skfem)
2026-09-03 23:35:09,560 [oasis.skfem] INFO: scikit-fem backend registered
2026-09-03 23:35:09,582 [oasis.registry] INFO: Registered backend: Kratos Multiphysics (kratos)
2026-09-03 23:35:09,582 [oasis.kratos] INFO: Kratos Multiphysics backend registered
2026-09-03 23:35:09,596 [oasis.registry] INFO: Registered backend: DUNE-fem (dune)
2026-09-03 23:35:09,596 [oasis.dune] INFO: DUNE-fem backend registered
2026-09-03 23:35:09,611 [oasis.registry] INFO: Registered backend: SPARTA (DSMC) (sparta)
2026-09-03 23:35:09,611 [oasis.sparta] INFO: SPARTA (DSMC) backend registered
2026-09-03 23:35:09,611 [oasis] INFO: Starting OASiS MCP server
2026-09-03 23:35:09,615 [oasis.registry] INFO: Loaded discovered config: 5 backends
2026-09-03 23:35:09,625 [oasis.registry] INFO: Registered backend: 4C Multiphysics (fourc)
2026-09-03 23:35:09,629 [oasis.registry] INFO: Registered backend: FEniCSx (dolfinx) (fenics)
2026-09-03 23:35:09,633 [oasis.registry] INFO: Registered backend: deal.II (dealii)
2026-09-03 23:35:09,643 [mcp.server.lowlevel.server] INFO: Processing request of type ListToolsRequest
2026-09-03 23:35:09,653 [oasis.registry] INFO: Registered backend: FEBio (febio)
2026-09-03 23:35:09,666 [oasis.registry] INFO: Registered backend: NGSolve (ngsolve)
2026-09-03 23:35:09,666 [oasis.ngsolve] INFO: NGSolve backend registered
2026-09-03 23:35:09,680 [oasis.registry] INFO: Registered backend: scikit-fem (skfem)
2026-09-03 23:35:09,680 [oasis.skfem] INFO: scikit-fem backend registered
2026-09-03 23:35:09,702 [oasis.registry] INFO: Registered backend: Kratos Multiphysics (kratos)
2026-09-03 23:35:09,702 [oasis.kratos] INFO: Kratos Multiphysics backend registered
2026-09-03 23:35:09,716 [oasis.registry] INFO: Registered backend: DUNE-fem (dune)
2026-09-03 23:35:09,717 [oasis.dune] INFO: DUNE-fem backend registered
2026-09-03 23:35:09,731 [oasis.registry] INFO: Registered backend: SPARTA (DSMC) (sparta)
2026-09-03 23:35:09,731 [oasis.sparta] INFO: SPARTA (DSMC) backend registered
2026-09-03 23:35:09,731 [oasis] INFO: Starting OASiS MCP server
2026-09-03 23:35:09,761 [mcp.server.lowlevel.server] INFO: Processing request of type ListToolsRequest
2026-09-03 23:35:09,809 [oasis.registry] INFO: Loaded discovered config: 5 backends
2026-09-03 23:35:09,820 [oasis.registry] INFO: Registered backend: 4C Multiphysics (fourc)
2026-09-03 23:35:09,824 [oasis.registry] INFO: Registered backend: FEniCSx (dolfinx) (fenics)
2026-09-03 23:35:09,828 [oasis.registry] INFO: Registered backend: deal.II (dealii)
2026-09-03 23:35:09,848 [oasis.registry] INFO: Registered backend: FEBio (febio)
2026-09-03 23:35:09,862 [oasis.registry] INFO: Registered backend: NGSolve (ngsolve)
2026-09-03 23:35:09,862 [oasis.ngsolve] INFO: NGSolve backend registered
2026-09-03 23:35:09,876 [oasis.registry] INFO: Registered backend: scikit-fem (skfem)
2026-09-03 23:35:09,876 [oasis.skfem] INFO: scikit-fem backend registered
2026-09-03 23:35:09,898 [oasis.registry] INFO: Registered backend: Kratos Multiphysics (kratos)
2026-09-03 23:35:09,898 [oasis.kratos] INFO: Kratos Multiphysics backend registered
2026-09-03 23:35:09,913 [oasis.registry] INFO: Registered backend: DUNE-fem (dune)
2026-09-03 23:35:09,913 [oasis.dune] INFO: DUNE-fem backend registered
2026-09-03 23:35:09,927 [oasis.registry] INFO: Registered backend: SPARTA (DSMC) (sparta)
2026-09-03 23:35:09,927 [oasis.sparta] INFO: SPARTA (DSMC) backend registered
2026-09-03 23:35:09,927 [oasis] INFO: Starting OASiS MCP server
2026-09-03 23:35:09,959 [mcp.server.lowlevel.server] INFO: Processing request of type ListToolsRequest
2026-09-03 23:35:20,226 [mcp.server.lowlevel.server] INFO: Processing request of type CallToolRequest
2026-09-03 23:35:20,633 [mcp.server.lowlevel.server] INFO: Processing request of type CallToolRequest
2026-09-03 23:35:21,297 [mcp.server.lowlevel.server] INFO: Processing request of type CallToolRequest
2026-09-03 23:35:21,302 [mcp.server.lowlevel.server] INFO: Processing request of type CallToolRequest
2026-09-03 23:35:21,312 [mcp.server.lowlevel.server] INFO: Processing request of type CallToolRequest
2026-09-03 23:35:25,841 [mcp.server.lowlevel.server] INFO: Processing request of type CallToolRequest
2026-09-03 23:35:59,328 [mcp.server.lowlevel.server] INFO: Processing request of type CallToolRequest
2026-09-03 23:36:19,801 [mcp.server.lowlevel.server] INFO: Processing request of type CallToolRequest
/home/alexander/Schreibtisch/ofa-v2/langgraph_eval/agent.py:820: RuntimeWarning: This package (`duckduckgo_search`) has been renamed to `ddgs`! Use `pip install ddgs` instead.
  with DDGS() as ddgs:
2026-09-03 23:36:19,812 [mcp.server.lowlevel.server] INFO: Processing request of type CallToolRequest
/home/alexander/Schreibtisch/ofa-v2/langgraph_eval/agent.py:820: RuntimeWarning: This package (`duckduckgo_search`) has been renamed to `ddgs`! Use `pip install ddgs` instead.
  with DDGS() as ddgs:
/home/alexander/Schreibtisch/ofa-v2/langgraph_eval/agent.py:820: RuntimeWarning: This package (`duckduckgo_search`) has been renamed to `ddgs`! Use `pip install ddgs` instead.
  with DDGS() as ddgs:
/home/alexander/Schreibtisch/ofa-v2/langgraph_eval/agent.py:820: RuntimeWarning: This package (`duckduckgo_search`) has been renamed to `ddgs`! Use `pip install ddgs` instead.
  with DDGS() as ddgs:
/home/alexander/Schreibtisch/ofa-v2/langgraph_eval/agent.py:820: RuntimeWarning: This package (`duckduckgo_search`) has been renamed to `ddgs`! Use `pip install ddgs` instead.
  with DDGS() as ddgs:
/home/alexander/Schreibtisch/ofa-v2/langgraph_eval/agent.py:820: RuntimeWarning: This package (`duckduckgo_search`) has been renamed to `ddgs`! Use `pip install ddgs` instead.
  with DDGS() as ddgs:
/home/alexander/Schreibtisch/ofa-v2/langgraph_eval/agent.py:820: RuntimeWarning: This package (`duckduckgo_search`) has been renamed to `ddgs`! Use `pip install ddgs` instead.
  with DDGS() as ddgs:
2026-09-03 23:36:37,912 [mcp.server.lowlevel.server] INFO: Processing request of type CallToolRequest
/home/alexander/Schreibtisch/ofa-v2/langgraph_eval/agent.py:820: RuntimeWarning: This package (`duckduckgo_search`) has been renamed to `ddgs`! Use `pip install ddgs` instead.
  with DDGS() as ddgs:
2026-09-03 23:36:37,960 [mcp.server.lowlevel.server] INFO: Processing request of type CallToolRequest
/home/alexander/Schreibtisch/ofa-v2/langgraph_eval/agent.py:820: RuntimeWarning: This package (`duckduckgo_search`) has been renamed to `ddgs`! Use `pip install ddgs` instead.
  with DDGS() as ddgs:
/home/alexander/Schreibtisch/ofa-v2/langgraph_eval/agent.py:820: RuntimeWarning: This package (`duckduckgo_search`) has been renamed to `ddgs`! Use `pip install ddgs` instead.
  with DDGS() as ddgs:
/home/alexander/Schreibtisch/ofa-v2/langgraph_eval/agent.py:820: RuntimeWarning: This package (`duckduckgo_search`) has been renamed to `ddgs`! Use `pip install ddgs` instead.
  with DDGS() as ddgs:
/home/alexander/Schreibtisch/ofa-v2/langgraph_eval/agent.py:820: RuntimeWarning: This package (`duckduckgo_search`) has been renamed to `ddgs`! Use `pip install ddgs` instead.
  with DDGS() as ddgs:
2026-09-03 23:36:51,777 [mcp.server.lowlevel.server] INFO: Processing request of type CallToolRequest
2026-09-03 23:37:09,495 [mcp.server.lowlevel.server] INFO: Processing request of type CallToolRequest
2026-09-03 23:37:09,504 [mcp.server.lowlevel.server] INFO: Processing request of type CallToolRequest
/home/alexander/Schreibtisch/ofa-v2/langgraph_eval/agent.py:820: RuntimeWarning: This package (`duckduckgo_search`) has been renamed to `ddgs`! Use `pip install ddgs` instead.
  with DDGS() as ddgs:
/home/alexander/Schreibtisch/ofa-v2/langgraph_eval/agent.py:820: RuntimeWarning: This package (`duckduckgo_search`) has been renamed to `ddgs`! Use `pip install ddgs` instead.
  with DDGS() as ddgs:
/home/alexander/Schreibtisch/ofa-v2/langgraph_eval/agent.py:820: RuntimeWarning: This package (`duckduckgo_search`) has been renamed to `ddgs`! Use `pip install ddgs` instead.
  with DDGS() as ddgs:
/home/alexander/Schreibtisch/ofa-v2/langgraph_eval/agent.py:820: RuntimeWarning: This package (`duckduckgo_search`) has been renamed to `ddgs`! Use `pip install ddgs` instead.
  with DDGS() as ddgs:
2026-09-03 23:37:20,541 [mcp.server.lowlevel.server] INFO: Processing request of type CallToolRequest
2026-09-03 23:37:20,925 [mcp.server.lowlevel.server] INFO: Processing request of type CallToolRequest
2026-09-03 23:37:40,383 [mcp.server.lowlevel.server] INFO: Processing request of type CallToolRequest
2026-09-03 23:37:47,872 [mcp.server.lowlevel.server] INFO: Processing request of type CallToolRequest
2026-09-03 23:38:11,761 [mcp.server.lowlevel.server] INFO: Processing request of type CallToolRequest
/home/alexander/Schreibtisch/ofa-v2/langgraph_eval/agent.py:820: RuntimeWarning: This package (`duckduckgo_search`) has been renamed to `ddgs`! Use `pip install ddgs` instead.
  with DDGS() as ddgs:
2026-09-03 23:38:11,772 [mcp.server.lowlevel.server] INFO: Processing request of type CallToolRequest
/home/alexander/Schreibtisch/ofa-v2/langgraph_eval/agent.py:820: RuntimeWarning: This package (`duckduckgo_search`) has been renamed to `ddgs`! Use `pip install ddgs` instead.
  with DDGS() as ddgs:
/home/alexander/Schreibtisch/ofa-v2/langgraph_eval/agent.py:820: RuntimeWarning: This package (`duckduckgo_search`) has been renamed to `ddgs`! Use `pip install ddgs` instead.
  with DDGS() as ddgs:
/home/alexander/Schreibtisch/ofa-v2/langgraph_eval/agent.py:820: RuntimeWarning: This package (`duckduckgo_search`) has been renamed to `ddgs`! Use `pip install ddgs` instead.
  with DDGS() as ddgs:
/home/alexander/Schreibtisch/ofa-v2/langgraph_eval/agent.py:820: RuntimeWarning: This package (`duckduckgo_search`) has been renamed to `ddgs`! Use `pip install ddgs` instead.
  with DDGS() as ddgs:
/home/alexander/Schreibtisch/ofa-v2/langgraph_eval/agent.py:820: RuntimeWarning: This package (`duckduckgo_search`) has been renamed to `ddgs`! Use `pip install ddgs` instead.
  with DDGS() as ddgs:
/home/alexander/Schreibtisch/ofa-v2/langgraph_eval/agent.py:820: RuntimeWarning: This package (`duckduckgo_search`) has been renamed to `ddgs`! Use `pip install ddgs` instead.
  with DDGS() as ddgs:
2026-09-03 23:38:32,660 [mcp.server.lowlevel.server] INFO: Processing request of type CallToolRequest
2026-09-03 23:38:32,664 [mcp.server.lowlevel.server] INFO: Processing request of type CallToolRequest
2026-09-03 23:39:13,037 [mcp.server.lowlevel.server] INFO: Processing request of type CallToolRequest
2026-09-03 23:39:28,105 [mcp.server.lowlevel.server] INFO: Processing request of type CallToolRequest
2026-09-03 23:39:59,297 [mcp.server.lowlevel.server] INFO: Processing request of type CallToolRequest
2026-09-03 23:40:40,427 [mcp.server.lowlevel.server] INFO: Processing request of type CallToolRequest
2026-09-03 23:40:45,954 [oasis] INFO: Session journal saved: /tmp/oasis-source/data/sessions/session_65d8c192-1b41-4f0a-90a1-2a094978cf82.json (6 events)
[preflight] custody controls verified for 1 problem(s); keys sealed and unreadable by execution
[phase: development] results are for post-mortems and convergence checking, NOT for the paper's evaluation table.
[DUNE cache] sha256=dc2d5b8ff2ebf98e... (neutral, private copy per cell)
[FB2 27b MCP s3503] done  calls=17 tok=1118814/9686 339.3s
/home/alexander/.local/share/python/cpython-3.12.13-linux-x86_64-gnu/lib/python3.12/asyncio/selector_events.py:879: ResourceWarning: unclosed transport <_SelectorSocketTransport fd=9>
<<< FB2 seed 3503 done 2026-09-03 23:40:46
2026-09-03 23:41:14,444 [mcp.server.lowlevel.server] INFO: Processing request of type CallToolRequest
/home/alexander/Schreibtisch/ofa-v2/src/tools/result_audit.py:1341: ResourceWarning: unclosed file <_io.TextIOWrapper name='/home/alexander/Schreibtisch/ofa-v2/campaign3_blind/runs/FB2_27b_MCP_seed3501/work/solution_level1.csv' mode='r' encoding='UTF-8'>
  rows = [r for r in _csv.reader(f.open())
ResourceWarning: Enable tracemalloc to get the object allocation traceback
/home/alexander/Schreibtisch/ofa-v2/src/tools/result_audit.py:1341: ResourceWarning: unclosed file <_io.TextIOWrapper name='/home/alexander/Schreibtisch/ofa-v2/campaign3_blind/runs/FB2_27b_MCP_seed3501/work/solution_level2.csv' mode='r' encoding='UTF-8'>
  rows = [r for r in _csv.reader(f.open())
ResourceWarning: Enable tracemalloc to get the object allocation traceback
/home/alexander/Schreibtisch/ofa-v2/src/tools/result_audit.py:1341: ResourceWarning: unclosed file <_io.TextIOWrapper name='/home/alexander/Schreibtisch/ofa-v2/campaign3_blind/runs/FB2_27b_MCP_seed3501/work/solution_level3.csv' mode='r' encoding='UTF-8'>
  rows = [r for r in _csv.reader(f.open())
ResourceWarning: Enable tracemalloc to get the object allocation traceback
/home/alexander/Schreibtisch/ofa-v2/src/tools/result_audit.py:1341: ResourceWarning: unclosed file <_io.TextIOWrapper name='/home/alexander/Schreibtisch/ofa-v2/campaign3_blind/runs/FB2_27b_MCP_seed3501/work/solution_level1.csv' mode='r' encoding='UTF-8'>
  rows = [r for r in _csv.reader(f.open())
ResourceWarning: Enable tracemalloc to get the object allocation traceback
/home/alexander/Schreibtisch/ofa-v2/src/tools/result_audit.py:1341: ResourceWarning: unclosed file <_io.TextIOWrapper name='/home/alexander/Schreibtisch/ofa-v2/campaign3_blind/runs/FB2_27b_MCP_seed3501/work/solution_level2.csv' mode='r' encoding='UTF-8'>
  rows = [r for r in _csv.reader(f.open())
ResourceWarning: Enable tracemalloc to get the object allocation traceback
/home/alexander/Schreibtisch/ofa-v2/src/tools/result_audit.py:1341: ResourceWarning: unclosed file <_io.TextIOWrapper name='/home/alexander/Schreibtisch/ofa-v2/campaign3_blind/runs/FB2_27b_MCP_seed3501/work/solution_level3.csv' mode='r' encoding='UTF-8'>
  rows = [r for r in _csv.reader(f.open())
ResourceWarning: Enable tracemalloc to get the object allocation traceback
/home/alexander/Schreibtisch/ofa-v2/src/tools/result_audit.py:1341: ResourceWarning: unclosed file <_io.TextIOWrapper name='/home/alexander/Schreibtisch/ofa-v2/campaign3_blind/runs/FB2_27b_MCP_seed3502/work/solution_level1.csv' mode='r' encoding='UTF-8'>
  rows = [r for r in _csv.reader(f.open())
ResourceWarning: Enable tracemalloc to get the object allocation traceback
/home/alexander/Schreibtisch/ofa-v2/src/tools/result_audit.py:1341: ResourceWarning: unclosed file <_io.TextIOWrapper name='/home/alexander/Schreibtisch/ofa-v2/campaign3_blind/runs/FB2_27b_MCP_seed3502/work/solution_level2.csv' mode='r' encoding='UTF-8'>
  rows = [r for r in _csv.reader(f.open())
ResourceWarning: Enable tracemalloc to get the object allocation traceback
/home/alexander/Schreibtisch/ofa-v2/src/tools/result_audit.py:1341: ResourceWarning: unclosed file <_io.TextIOWrapper name='/home/alexander/Schreibtisch/ofa-v2/campaign3_blind/runs/FB2_27b_MCP_seed3502/work/solution_level3.csv' mode='r' encoding='UTF-8'>
  rows = [r for r in _csv.reader(f.open())
ResourceWarning: Enable tracemalloc to get the object allocation traceback
/home/alexander/Schreibtisch/ofa-v2/src/tools/result_audit.py:1341: ResourceWarning: unclosed file <_io.TextIOWrapper name='/home/alexander/Schreibtisch/ofa-v2/campaign3_blind/runs/FB2_27b_MCP_seed3502/work/solution_level1.csv' mode='r' encoding='UTF-8'>
  rows = [r for r in _csv.reader(f.open())
ResourceWarning: Enable tracemalloc to get the object allocation traceback
/home/alexander/Schreibtisch/ofa-v2/src/tools/result_audit.py:1341: ResourceWarning: unclosed file <_io.TextIOWrapper name='/home/alexander/Schreibtisch/ofa-v2/campaign3_blind/runs/FB2_27b_MCP_seed3502/work/solution_level2.csv' mode='r' encoding='UTF-8'>
  rows = [r for r in _csv.reader(f.open())
ResourceWarning: Enable tracemalloc to get the object allocation traceback
/home/alexander/Schreibtisch/ofa-v2/src/tools/result_audit.py:1341: ResourceWarning: unclosed file <_io.TextIOWrapper name='/home/alexander/Schreibtisch/ofa-v2/campaign3_blind/runs/FB2_27b_MCP_seed3502/work/solution_level3.csv' mode='r' encoding='UTF-8'>
  rows = [r for r in _csv.reader(f.open())
ResourceWarning: Enable tracemalloc to get the object allocation traceback
/home/alexander/Schreibtisch/ofa-v2/src/tools/result_audit.py:1341: ResourceWarning: unclosed file <_io.TextIOWrapper name='/home/alexander/Schreibtisch/ofa-v2/campaign3_blind/runs/FB2_27b_MCP_seed3502/work/solution_level1.csv' mode='r' encoding='UTF-8'>
  rows = [r for r in _csv.reader(f.open())
ResourceWarning: Enable tracemalloc to get the object allocation traceback
/home/alexander/Schreibtisch/ofa-v2/src/tools/result_audit.py:1341: ResourceWarning: unclosed file <_io.TextIOWrapper name='/home/alexander/Schreibtisch/ofa-v2/campaign3_blind/runs/FB2_27b_MCP_seed3502/work/solution_level2.csv' mode='r' encoding='UTF-8'>
  rows = [r for r in _csv.reader(f.open())
ResourceWarning: Enable tracemalloc to get the object allocation traceback
/home/alexander/Schreibtisch/ofa-v2/src/tools/result_audit.py:1341: ResourceWarning: unclosed file <_io.TextIOWrapper name='/home/alexander/Schreibtisch/ofa-v2/campaign3_blind/runs/FB2_27b_MCP_seed3502/work/solution_level3.csv' mode='r' encoding='UTF-8'>
  rows = [r for r in _csv.reader(f.open())
ResourceWarning: Enable tracemalloc to get the object allocation traceback
/home/alexander/Schreibtisch/ofa-v2/src/tools/result_audit.py:534: ResourceWarning: unclosed file <_io.TextIOWrapper name='/home/alexander/Schreibtisch/ofa-v2/campaign3_blind/runs/FB2_27b_MCP_seed3502/work/solution_level1.csv' mode='r' encoding='UTF-8'>
  rows = sum(1 for _ in open(sol0[0], errors="ignore")) - 1
ResourceWarning: Enable tracemalloc to get the object allocation traceback
/home/alexander/Schreibtisch/ofa-v2/src/tools/result_audit.py:1341: ResourceWarning: unclosed file <_io.TextIOWrapper name='/home/alexander/Schreibtisch/ofa-v2/campaign3_blind/runs/FB2_27b_MCP_seed3502/work/solution_level1.csv' mode='r' encoding='UTF-8'>
  rows = [r for r in _csv.reader(f.open())
ResourceWarning: Enable tracemalloc to get the object allocation traceback
/home/alexander/Schreibtisch/ofa-v2/src/tools/result_audit.py:1341: ResourceWarning: unclosed file <_io.TextIOWrapper name='/home/alexander/Schreibtisch/ofa-v2/campaign3_blind/runs/FB2_27b_MCP_seed3502/work/solution_level2.csv' mode='r' encoding='UTF-8'>
  rows = [r for r in _csv.reader(f.open())
ResourceWarning: Enable tracemalloc to get the object allocation traceback
/home/alexander/Schreibtisch/ofa-v2/src/tools/result_audit.py:1341: ResourceWarning: unclosed file <_io.TextIOWrapper name='/home/alexander/Schreibtisch/ofa-v2/campaign3_blind/runs/FB2_27b_MCP_seed3502/work/solution_level3.csv' mode='r' encoding='UTF-8'>
  rows = [r for r in _csv.reader(f.open())
ResourceWarning: Enable tracemalloc to get the object allocation traceback
/home/alexander/Schreibtisch/ofa-v2/src/tools/result_audit.py:1341: ResourceWarning: unclosed file <_io.TextIOWrapper name='/home/alexander/Schreibtisch/ofa-v2/campaign3_blind/runs/FB2_27b_MCP_seed3501/work/solution_level1.csv' mode='r' encoding='UTF-8'>
  rows = [r for r in _csv.reader(f.open())
ResourceWarning: Enable tracemalloc to get the object allocation traceback
/home/alexander/Schreibtisch/ofa-v2/src/tools/result_audit.py:1341: ResourceWarning: unclosed file <_io.TextIOWrapper name='/home/alexander/Schreibtisch/ofa-v2/campaign3_blind/runs/FB2_27b_MCP_seed3501/work/solution_level2.csv' mode='r' encoding='UTF-8'>
  rows = [r for r in _csv.reader(f.open())
ResourceWarning: Enable tracemalloc to get the object allocation traceback
/home/alexander/Schreibtisch/ofa-v2/src/tools/result_audit.py:1341: ResourceWarning: unclosed file <_io.TextIOWrapper name='/home/alexander/Schreibtisch/ofa-v2/campaign3_blind/runs/FB2_27b_MCP_seed3501/work/solution_level3.csv' mode='r' encoding='UTF-8'>
  rows = [r for r in _csv.reader(f.open())
ResourceWarning: Enable tracemalloc to get the object allocation traceback
/home/alexander/Schreibtisch/ofa-v2/src/tools/result_audit.py:1341: ResourceWarning: unclosed file <_io.TextIOWrapper name='/home/alexander/Schreibtisch/ofa-v2/campaign3_blind/runs/FB2_27b_MCP_seed3501/work/solution_level1.csv' mode='r' encoding='UTF-8'>
  rows = [r for r in _csv.reader(f.open())
ResourceWarning: Enable tracemalloc to get the object allocation traceback
/home/alexander/Schreibtisch/ofa-v2/src/tools/result_audit.py:1341: ResourceWarning: unclosed file <_io.TextIOWrapper name='/home/alexander/Schreibtisch/ofa-v2/campaign3_blind/runs/FB2_27b_MCP_seed3501/work/solution_level2.csv' mode='r' encoding='UTF-8'>
  rows = [r for r in _csv.reader(f.open())
ResourceWarning: Enable tracemalloc to get the object allocation traceback
/home/alexander/Schreibtisch/ofa-v2/src/tools/result_audit.py:1341: ResourceWarning: unclosed file <_io.TextIOWrapper name='/home/alexander/Schreibtisch/ofa-v2/campaign3_blind/runs/FB2_27b_MCP_seed3501/work/solution_level3.csv' mode='r' encoding='UTF-8'>
  rows = [r for r in _csv.reader(f.open())
ResourceWarning: Enable tracemalloc to get the object allocation traceback
/home/alexander/Schreibtisch/ofa-v2/src/tools/result_audit.py:1341: ResourceWarning: unclosed file <_io.TextIOWrapper name='/home/alexander/Schreibtisch/ofa-v2/campaign3_blind/runs/FB2_27b_MCP_seed3502/work/solution_level1.csv' mode='r' encoding='UTF-8'>
  rows = [r for r in _csv.reader(f.open())
ResourceWarning: Enable tracemalloc to get the object allocation traceback
/home/alexander/Schreibtisch/ofa-v2/src/tools/result_audit.py:1341: ResourceWarning: unclosed file <_io.TextIOWrapper name='/home/alexander/Schreibtisch/ofa-v2/campaign3_blind/runs/FB2_27b_MCP_seed3502/work/solution_level2.csv' mode='r' encoding='UTF-8'>
  rows = [r for r in _csv.reader(f.open())
ResourceWarning: Enable tracemalloc to get the object allocation traceback
/home/alexander/Schreibtisch/ofa-v2/src/tools/result_audit.py:1341: ResourceWarning: unclosed file <_io.TextIOWrapper name='/home/alexander/Schreibtisch/ofa-v2/campaign3_blind/runs/FB2_27b_MCP_seed3502/work/solution_level3.csv' mode='r' encoding='UTF-8'>
  rows = [r for r in _csv.reader(f.open())
ResourceWarning: Enable tracemalloc to get the object allocation traceback
/home/alexander/Schreibtisch/ofa-v2/src/tools/result_audit.py:534: ResourceWarning: unclosed file <_io.TextIOWrapper name='/home/alexander/Schreibtisch/ofa-v2/campaign3_blind/runs/FB2_27b_MCP_seed3502/work/solution_level1.csv' mode='r' encoding='UTF-8'>
  rows = sum(1 for _ in open(sol0[0], errors="ignore")) - 1
ResourceWarning: Enable tracemalloc to get the object allocation traceback
/home/alexander/Schreibtisch/ofa-v2/src/tools/result_audit.py:1341: ResourceWarning: unclosed file <_io.TextIOWrapper name='/home/alexander/Schreibtisch/ofa-v2/campaign3_blind/runs/FB2_27b_MCP_seed3502/work/solution_level1.csv' mode='r' encoding='UTF-8'>
  rows = [r for r in _csv.reader(f.open())
ResourceWarning: Enable tracemalloc to get the object allocation traceback
/home/alexander/Schreibtisch/ofa-v2/src/tools/result_audit.py:1341: ResourceWarning: unclosed file <_io.TextIOWrapper name='/home/alexander/Schreibtisch/ofa-v2/campaign3_blind/runs/FB2_27b_MCP_seed3502/work/solution_level2.csv' mode='r' encoding='UTF-8'>
  rows = [r for r in _csv.reader(f.open())
ResourceWarning: Enable tracemalloc to get the object allocation traceback
/home/alexander/Schreibtisch/ofa-v2/src/tools/result_audit.py:1341: ResourceWarning: unclosed file <_io.TextIOWrapper name='/home/alexander/Schreibtisch/ofa-v2/campaign3_blind/runs/FB2_27b_MCP_seed3502/work/solution_level3.csv' mode='r' encoding='UTF-8'>
  rows = [r for r in _csv.reader(f.open())
ResourceWarning: Enable tracemalloc to get the object allocation traceback
/home/alexander/Schreibtisch/ofa-v2/src/tools/result_audit.py:1341: ResourceWarning: unclosed file <_io.TextIOWrapper name='/home/alexander/Schreibtisch/ofa-v2/campaign3_blind/runs/FB2_27b_MCP_seed3502/work/solution_level1.csv' mode='r' encoding='UTF-8'>
  rows = [r for r in _csv.reader(f.open())
ResourceWarning: Enable tracemalloc to get the object allocation traceback
/home/alexander/Schreibtisch/ofa-v2/src/tools/result_audit.py:1341: ResourceWarning: unclosed file <_io.TextIOWrapper name='/home/alexander/Schreibtisch/ofa-v2/campaign3_blind/runs/FB2_27b_MCP_seed3502/work/solution_level2.csv' mode='r' encoding='UTF-8'>
  rows = [r for r in _csv.reader(f.open())
ResourceWarning: Enable tracemalloc to get the object allocation traceback
/home/alexander/Schreibtisch/ofa-v2/src/tools/result_audit.py:1341: ResourceWarning: unclosed file <_io.TextIOWrapper name='/home/alexander/Schreibtisch/ofa-v2/campaign3_blind/runs/FB2_27b_MCP_seed3502/work/solution_level3.csv' mode='r' encoding='UTF-8'>
  rows = [r for r in _csv.reader(f.open())
ResourceWarning: Enable tracemalloc to get the object allocation traceback
/home/alexander/Schreibtisch/ofa-v2/src/tools/result_audit.py:534: ResourceWarning: unclosed file <_io.TextIOWrapper name='/home/alexander/Schreibtisch/ofa-v2/campaign3_blind/runs/FB2_27b_MCP_seed3502/work/solution_level1.csv' mode='r' encoding='UTF-8'>
  rows = sum(1 for _ in open(sol0[0], errors="ignore")) - 1
ResourceWarning: Enable tracemalloc to get the object allocation traceback
/home/alexander/Schreibtisch/ofa-v2/src/tools/result_audit.py:1341: ResourceWarning: unclosed file <_io.TextIOWrapper name='/home/alexander/Schreibtisch/ofa-v2/campaign3_blind/runs/FB2_27b_MCP_seed3502/work/solution_level1.csv' mode='r' encoding='UTF-8'>
  rows = [r for r in _csv.reader(f.open())
ResourceWarning: Enable tracemalloc to get the object allocation traceback
/home/alexander/Schreibtisch/ofa-v2/src/tools/result_audit.py:1341: ResourceWarning: unclosed file <_io.TextIOWrapper name='/home/alexander/Schreibtisch/ofa-v2/campaign3_blind/runs/FB2_27b_MCP_seed3502/work/solution_level2.csv' mode='r' encoding='UTF-8'>
  rows = [r for r in _csv.reader(f.open())
ResourceWarning: Enable tracemalloc to get the object allocation traceback
/home/alexander/Schreibtisch/ofa-v2/src/tools/result_audit.py:1341: ResourceWarning: unclosed file <_io.TextIOWrapper name='/home/alexander/Schreibtisch/ofa-v2/campaign3_blind/runs/FB2_27b_MCP_seed3502/work/solution_level3.csv' mode='r' encoding='UTF-8'>
  rows = [r for r in _csv.reader(f.open())
ResourceWarning: Enable tracemalloc to get the object allocation traceback
/home/alexander/Schreibtisch/ofa-v2/src/tools/result_audit.py:1341: ResourceWarning: unclosed file <_io.TextIOWrapper name='/home/alexander/Schreibtisch/ofa-v2/campaign3_blind/runs/FB2_27b_MCP_seed3501/work/solution_level1.csv' mode='r' encoding='UTF-8'>
  rows = [r for r in _csv.reader(f.open())
ResourceWarning: Enable tracemalloc to get the object allocation traceback
/home/alexander/Schreibtisch/ofa-v2/src/tools/result_audit.py:1341: ResourceWarning: unclosed file <_io.TextIOWrapper name='/home/alexander/Schreibtisch/ofa-v2/campaign3_blind/runs/FB2_27b_MCP_seed3501/work/solution_level2.csv' mode='r' encoding='UTF-8'>
  rows = [r for r in _csv.reader(f.open())
ResourceWarning: Enable tracemalloc to get the object allocation traceback
/home/alexander/Schreibtisch/ofa-v2/src/tools/result_audit.py:1341: ResourceWarning: unclosed file <_io.TextIOWrapper name='/home/alexander/Schreibtisch/ofa-v2/campaign3_blind/runs/FB2_27b_MCP_seed3501/work/solution_level3.csv' mode='r' encoding='UTF-8'>
  rows = [r for r in _csv.reader(f.open())
ResourceWarning: Enable tracemalloc to get the object allocation traceback
/home/alexander/Schreibtisch/ofa-v2/src/tools/result_audit.py:534: ResourceWarning: unclosed file <_io.TextIOWrapper name='/home/alexander/Schreibtisch/ofa-v2/campaign3_blind/runs/FB2_27b_MCP_seed3501/work/solution_level1.csv' mode='r' encoding='UTF-8'>
  rows = sum(1 for _ in open(sol0[0], errors="ignore")) - 1
ResourceWarning: Enable tracemalloc to get the object allocation traceback
/home/alexander/Schreibtisch/ofa-v2/src/tools/result_audit.py:1341: ResourceWarning: unclosed file <_io.TextIOWrapper name='/home/alexander/Schreibtisch/ofa-v2/campaign3_blind/runs/FB2_27b_MCP_seed3501/work/solution_level1.csv' mode='r' encoding='UTF-8'>
  rows = [r for r in _csv.reader(f.open())
ResourceWarning: Enable tracemalloc to get the object allocation traceback
/home/alexander/Schreibtisch/ofa-v2/src/tools/result_audit.py:1341: ResourceWarning: unclosed file <_io.TextIOWrapper name='/home/alexander/Schreibtisch/ofa-v2/campaign3_blind/runs/FB2_27b_MCP_seed3501/work/solution_level2.csv' mode='r' encoding='UTF-8'>
  rows = [r for r in _csv.reader(f.open())
ResourceWarning: Enable tracemalloc to get the object allocation traceback
/home/alexander/Schreibtisch/ofa-v2/src/tools/result_audit.py:1341: ResourceWarning: unclosed file <_io.TextIOWrapper name='/home/alexander/Schreibtisch/ofa-v2/campaign3_blind/runs/FB2_27b_MCP_seed3501/work/solution_level3.csv' mode='r' encoding='UTF-8'>
  rows = [r for r in _csv.reader(f.open())
ResourceWarning: Enable tracemalloc to get the object allocation traceback
/home/alexander/Schreibtisch/ofa-v2/src/tools/result_audit.py:1341: ResourceWarning: unclosed file <_io.TextIOWrapper name='/home/alexander/Schreibtisch/ofa-v2/campaign3_blind/runs/FB2_27b_MCP_seed3502/work/solution_level1.csv' mode='r' encoding='UTF-8'>
  rows = [r for r in _csv.reader(f.open())
ResourceWarning: Enable tracemalloc to get the object allocation traceback
/home/alexander/Schreibtisch/ofa-v2/src/tools/result_audit.py:1341: ResourceWarning: unclosed file <_io.TextIOWrapper name='/home/alexander/Schreibtisch/ofa-v2/campaign3_blind/runs/FB2_27b_MCP_seed3502/work/solution_level2.csv' mode='r' encoding='UTF-8'>
  rows = [r for r in _csv.reader(f.open())
ResourceWarning: Enable tracemalloc to get the object allocation traceback
/home/alexander/Schreibtisch/ofa-v2/src/tools/result_audit.py:1341: ResourceWarning: unclosed file <_io.TextIOWrapper name='/home/alexander/Schreibtisch/ofa-v2/campaign3_blind/runs/FB2_27b_MCP_seed3502/work/solution_level3.csv' mode='r' encoding='UTF-8'>
  rows = [r for r in _csv.reader(f.open())
ResourceWarning: Enable tracemalloc to get the object allocation traceback
/home/alexander/Schreibtisch/ofa-v2/src/tools/result_audit.py:534: ResourceWarning: unclosed file <_io.TextIOWrapper name='/home/alexander/Schreibtisch/ofa-v2/campaign3_blind/runs/FB2_27b_MCP_seed3502/work/solution_level1.csv' mode='r' encoding='UTF-8'>
  rows = sum(1 for _ in open(sol0[0], errors="ignore")) - 1
ResourceWarning: Enable tracemalloc to get the object allocation traceback
/home/alexander/Schreibtisch/ofa-v2/src/tools/result_audit.py:1341: ResourceWarning: unclosed file <_io.TextIOWrapper name='/home/alexander/Schreibtisch/ofa-v2/campaign3_blind/runs/FB2_27b_MCP_seed3502/work/solution_level1.csv' mode='r' encoding='UTF-8'>
  rows = [r for r in _csv.reader(f.open())
ResourceWarning: Enable tracemalloc to get the object allocation traceback
/home/alexander/Schreibtisch/ofa-v2/src/tools/result_audit.py:1341: ResourceWarning: unclosed file <_io.TextIOWrapper name='/home/alexander/Schreibtisch/ofa-v2/campaign3_blind/runs/FB2_27b_MCP_seed3502/work/solution_level2.csv' mode='r' encoding='UTF-8'>
  rows = [r for r in _csv.reader(f.open())
ResourceWarning: Enable tracemalloc to get the object allocation traceback
/home/alexander/Schreibtisch/ofa-v2/src/tools/result_audit.py:1341: ResourceWarning: unclosed file <_io.TextIOWrapper name='/home/alexander/Schreibtisch/ofa-v2/campaign3_blind/runs/FB2_27b_MCP_seed3502/work/solution_level3.csv' mode='r' encoding='UTF-8'>
  rows = [r for r in _csv.reader(f.open())
ResourceWarning: Enable tracemalloc to get the object allocation traceback
/home/alexander/Schreibtisch/ofa-v2/src/tools/result_audit.py:534: ResourceWarning: unclosed file <_io.TextIOWrapper name='/home/alexander/Schreibtisch/ofa-v2/campaign3_blind/runs/FB2_27b_MCP_seed3501/work/solution_level1.csv' mode='r' encoding='UTF-8'>
  rows = sum(1 for _ in open(sol0[0], errors="ignore")) - 1
ResourceWarning: Enable tracemalloc to get the object allocation traceback
/home/alexander/Schreibtisch/ofa-v2/src/tools/result_audit.py:1341: ResourceWarning: unclosed file <_io.TextIOWrapper name='/home/alexander/Schreibtisch/ofa-v2/campaign3_blind/runs/FB2_27b_MCP_seed3501/work/solution_level1.csv' mode='r' encoding='UTF-8'>
  rows = [r for r in _csv.reader(f.open())
ResourceWarning: Enable tracemalloc to get the object allocation traceback
/home/alexander/Schreibtisch/ofa-v2/src/tools/result_audit.py:1341: ResourceWarning: unclosed file <_io.TextIOWrapper name='/home/alexander/Schreibtisch/ofa-v2/campaign3_blind/runs/FB2_27b_MCP_seed3501/work/solution_level2.csv' mode='r' encoding='UTF-8'>
  rows = [r for r in _csv.reader(f.open())
ResourceWarning: Enable tracemalloc to get the object allocation traceback
/home/alexander/Schreibtisch/ofa-v2/src/tools/result_audit.py:1341: ResourceWarning: unclosed file <_io.TextIOWrapper name='/home/alexander/Schreibtisch/ofa-v2/campaign3_blind/runs/FB2_27b_MCP_seed3501/work/solution_level3.csv' mode='r' encoding='UTF-8'>
  rows = [r for r in _csv.reader(f.open())
ResourceWarning: Enable tracemalloc to get the object allocation traceback
2026-09-04 00:03:12,233 [mcp.server.lowlevel.server] INFO: Processing request of type CallToolRequest
2026-09-04 00:03:24,682 [mcp.server.lowlevel.server] INFO: Processing request of type CallToolRequest
/home/alexander/Schreibtisch/ofa-v2/src/tools/result_audit.py:534: ResourceWarning: unclosed file <_io.TextIOWrapper name='/home/alexander/Schreibtisch/ofa-v2/campaign3_blind/runs/FB2_27b_MCP_seed3501/work/solution_level1.csv' mode='r' encoding='UTF-8'>
  rows = sum(1 for _ in open(sol0[0], errors="ignore")) - 1
ResourceWarning: Enable tracemalloc to get the object allocation traceback
/home/alexander/Schreibtisch/ofa-v2/src/tools/result_audit.py:1341: ResourceWarning: unclosed file <_io.TextIOWrapper name='/home/alexander/Schreibtisch/ofa-v2/campaign3_blind/runs/FB2_27b_MCP_seed3501/work/solution_level1.csv' mode='r' encoding='UTF-8'>
  rows = [r for r in _csv.reader(f.open())
ResourceWarning: Enable tracemalloc to get the object allocation traceback
/home/alexander/Schreibtisch/ofa-v2/src/tools/result_audit.py:1341: ResourceWarning: unclosed file <_io.TextIOWrapper name='/home/alexander/Schreibtisch/ofa-v2/campaign3_blind/runs/FB2_27b_MCP_seed3501/work/solution_level2.csv' mode='r' encoding='UTF-8'>
  rows = [r for r in _csv.reader(f.open())
ResourceWarning: Enable tracemalloc to get the object allocation traceback
/home/alexander/Schreibtisch/ofa-v2/src/tools/result_audit.py:1341: ResourceWarning: unclosed file <_io.TextIOWrapper name='/home/alexander/Schreibtisch/ofa-v2/campaign3_blind/runs/FB2_27b_MCP_seed3501/work/solution_level3.csv' mode='r' encoding='UTF-8'>
  rows = [r for r in _csv.reader(f.open())
ResourceWarning: Enable tracemalloc to get the object allocation traceback
/home/alexander/Schreibtisch/ofa-v2/src/tools/result_audit.py:534: ResourceWarning: unclosed file <_io.TextIOWrapper name='/home/alexander/Schreibtisch/ofa-v2/campaign3_blind/runs/FB2_27b_MCP_seed3501/work/solution_level1.csv' mode='r' encoding='UTF-8'>
  rows = sum(1 for _ in open(sol0[0], errors="ignore")) - 1
ResourceWarning: Enable tracemalloc to get the object allocation traceback
/home/alexander/Schreibtisch/ofa-v2/src/tools/result_audit.py:1341: ResourceWarning: unclosed file <_io.TextIOWrapper name='/home/alexander/Schreibtisch/ofa-v2/campaign3_blind/runs/FB2_27b_MCP_seed3501/work/solution_level1.csv' mode='r' encoding='UTF-8'>
  rows = [r for r in _csv.reader(f.open())
ResourceWarning: Enable tracemalloc to get the object allocation traceback
/home/alexander/Schreibtisch/ofa-v2/src/tools/result_audit.py:1341: ResourceWarning: unclosed file <_io.TextIOWrapper name='/home/alexander/Schreibtisch/ofa-v2/campaign3_blind/runs/FB2_27b_MCP_seed3501/work/solution_level2.csv' mode='r' encoding='UTF-8'>
  rows = [r for r in _csv.reader(f.open())
ResourceWarning: Enable tracemalloc to get the object allocation traceback
/home/alexander/Schreibtisch/ofa-v2/src/tools/result_audit.py:1341: ResourceWarning: unclosed file <_io.TextIOWrapper name='/home/alexander/Schreibtisch/ofa-v2/campaign3_blind/runs/FB2_27b_MCP_seed3501/work/solution_level3.csv' mode='r' encoding='UTF-8'>
  rows = [r for r in _csv.reader(f.open())
ResourceWarning: Enable tracemalloc to get the object allocation traceback
2026-09-04 00:04:29,639 [oasis] INFO: Session journal saved: /tmp/oasis-source/data/sessions/session_1b7fd281-14a5-40e5-98bf-ebbf3b9bf4ef.json (8 events)
[preflight] custody controls verified for 1 problem(s); keys sealed and unreadable by execution
[phase: development] results are for post-mortems and convergence checking, NOT for the paper's evaluation table.
[DUNE cache] sha256=dc2d5b8ff2ebf98e... (neutral, private copy per cell)
[FB2 27b MCP s3501] done  calls=70 tok=8768310/66029 1762.7s
/home/alexander/.local/share/python/cpython-3.12.13-linux-x86_64-gnu/lib/python3.12/asyncio/selector_events.py:879: ResourceWarning: unclosed transport <_SelectorSocketTransport fd=9>
<<< FB2 seed 3501 done 2026-09-04 00:04:30
/home/alexander/Schreibtisch/ofa-v2/src/tools/result_audit.py:1341: ResourceWarning: unclosed file <_io.TextIOWrapper name='/home/alexander/Schreibtisch/ofa-v2/campaign3_blind/runs/FB2_27b_MCP_seed3502/work/solution_level1.csv' mode='r' encoding='UTF-8'>
  rows = [r for r in _csv.reader(f.open())
ResourceWarning: Enable tracemalloc to get the object allocation traceback
/home/alexander/Schreibtisch/ofa-v2/src/tools/result_audit.py:1341: ResourceWarning: unclosed file <_io.TextIOWrapper name='/home/alexander/Schreibtisch/ofa-v2/campaign3_blind/runs/FB2_27b_MCP_seed3502/work/solution_level2.csv' mode='r' encoding='UTF-8'>
  rows = [r for r in _csv.reader(f.open())
ResourceWarning: Enable tracemalloc to get the object allocation traceback
/home/alexander/Schreibtisch/ofa-v2/src/tools/result_audit.py:1341: ResourceWarning: unclosed file <_io.TextIOWrapper name='/home/alexander/Schreibtisch/ofa-v2/campaign3_blind/runs/FB2_27b_MCP_seed3502/work/solution_level3.csv' mode='r' encoding='UTF-8'>
  rows = [r for r in _csv.reader(f.open())
ResourceWarning: Enable tracemalloc to get the object allocation traceback
/home/alexander/Schreibtisch/ofa-v2/src/tools/result_audit.py:534: ResourceWarning: unclosed file <_io.TextIOWrapper name='/home/alexander/Schreibtisch/ofa-v2/campaign3_blind/runs/FB2_27b_MCP_seed3502/work/solution_level1.csv' mode='r' encoding='UTF-8'>
  rows = sum(1 for _ in open(sol0[0], errors="ignore")) - 1
ResourceWarning: Enable tracemalloc to get the object allocation traceback
/home/alexander/Schreibtisch/ofa-v2/src/tools/result_audit.py:1341: ResourceWarning: unclosed file <_io.TextIOWrapper name='/home/alexander/Schreibtisch/ofa-v2/campaign3_blind/runs/FB2_27b_MCP_seed3502/work/solution_level1.csv' mode='r' encoding='UTF-8'>
  rows = [r for r in _csv.reader(f.open())
ResourceWarning: Enable tracemalloc to get the object allocation traceback
/home/alexander/Schreibtisch/ofa-v2/src/tools/result_audit.py:1341: ResourceWarning: unclosed file <_io.TextIOWrapper name='/home/alexander/Schreibtisch/ofa-v2/campaign3_blind/runs/FB2_27b_MCP_seed3502/work/solution_level2.csv' mode='r' encoding='UTF-8'>
  rows = [r for r in _csv.reader(f.open())
ResourceWarning: Enable tracemalloc to get the object allocation traceback
/home/alexander/Schreibtisch/ofa-v2/src/tools/result_audit.py:1341: ResourceWarning: unclosed file <_io.TextIOWrapper name='/home/alexander/Schreibtisch/ofa-v2/campaign3_blind/runs/FB2_27b_MCP_seed3502/work/solution_level3.csv' mode='r' encoding='UTF-8'>
  rows = [r for r in _csv.reader(f.open())
ResourceWarning: Enable tracemalloc to get the object allocation traceback
/home/alexander/Schreibtisch/ofa-v2/src/tools/result_audit.py:1341: ResourceWarning: unclosed file <_io.TextIOWrapper name='/home/alexander/Schreibtisch/ofa-v2/campaign3_blind/runs/FB2_27b_MCP_seed3502/work/solution_level1.csv' mode='r' encoding='UTF-8'>
  rows = [r for r in _csv.reader(f.open())
ResourceWarning: Enable tracemalloc to get the object allocation traceback
/home/alexander/Schreibtisch/ofa-v2/src/tools/result_audit.py:1341: ResourceWarning: unclosed file <_io.TextIOWrapper name='/home/alexander/Schreibtisch/ofa-v2/campaign3_blind/runs/FB2_27b_MCP_seed3502/work/solution_level2.csv' mode='r' encoding='UTF-8'>
  rows = [r for r in _csv.reader(f.open())
ResourceWarning: Enable tracemalloc to get the object allocation traceback
/home/alexander/Schreibtisch/ofa-v2/src/tools/result_audit.py:1341: ResourceWarning: unclosed file <_io.TextIOWrapper name='/home/alexander/Schreibtisch/ofa-v2/campaign3_blind/runs/FB2_27b_MCP_seed3502/work/solution_level3.csv' mode='r' encoding='UTF-8'>
  rows = [r for r in _csv.reader(f.open())
ResourceWarning: Enable tracemalloc to get the object allocation traceback
/home/alexander/Schreibtisch/ofa-v2/src/tools/result_audit.py:534: ResourceWarning: unclosed file <_io.TextIOWrapper name='/home/alexander/Schreibtisch/ofa-v2/campaign3_blind/runs/FB2_27b_MCP_seed3502/work/solution_level1.csv' mode='r' encoding='UTF-8'>
  rows = sum(1 for _ in open(sol0[0], errors="ignore")) - 1
ResourceWarning: Enable tracemalloc to get the object allocation traceback
/home/alexander/Schreibtisch/ofa-v2/src/tools/result_audit.py:1341: ResourceWarning: unclosed file <_io.TextIOWrapper name='/home/alexander/Schreibtisch/ofa-v2/campaign3_blind/runs/FB2_27b_MCP_seed3502/work/solution_level1.csv' mode='r' encoding='UTF-8'>
  rows = [r for r in _csv.reader(f.open())
ResourceWarning: Enable tracemalloc to get the object allocation traceback
/home/alexander/Schreibtisch/ofa-v2/src/tools/result_audit.py:1341: ResourceWarning: unclosed file <_io.TextIOWrapper name='/home/alexander/Schreibtisch/ofa-v2/campaign3_blind/runs/FB2_27b_MCP_seed3502/work/solution_level2.csv' mode='r' encoding='UTF-8'>
  rows = [r for r in _csv.reader(f.open())
ResourceWarning: Enable tracemalloc to get the object allocation traceback
/home/alexander/Schreibtisch/ofa-v2/src/tools/result_audit.py:1341: ResourceWarning: unclosed file <_io.TextIOWrapper name='/home/alexander/Schreibtisch/ofa-v2/campaign3_blind/runs/FB2_27b_MCP_seed3502/work/solution_level3.csv' mode='r' encoding='UTF-8'>
  rows = [r for r in _csv.reader(f.open())
ResourceWarning: Enable tracemalloc to get the object allocation traceback
/home/alexander/Schreibtisch/ofa-v2/src/tools/result_audit.py:534: ResourceWarning: unclosed file <_io.TextIOWrapper name='/home/alexander/Schreibtisch/ofa-v2/campaign3_blind/runs/FB2_27b_MCP_seed3502/work/solution_level1.csv' mode='r' encoding='UTF-8'>
  rows = sum(1 for _ in open(sol0[0], errors="ignore")) - 1
ResourceWarning: Enable tracemalloc to get the object allocation traceback
/home/alexander/Schreibtisch/ofa-v2/src/tools/result_audit.py:1341: ResourceWarning: unclosed file <_io.TextIOWrapper name='/home/alexander/Schreibtisch/ofa-v2/campaign3_blind/runs/FB2_27b_MCP_seed3502/work/solution_level1.csv' mode='r' encoding='UTF-8'>
  rows = [r for r in _csv.reader(f.open())
ResourceWarning: Enable tracemalloc to get the object allocation traceback
/home/alexander/Schreibtisch/ofa-v2/src/tools/result_audit.py:1341: ResourceWarning: unclosed file <_io.TextIOWrapper name='/home/alexander/Schreibtisch/ofa-v2/campaign3_blind/runs/FB2_27b_MCP_seed3502/work/solution_level2.csv' mode='r' encoding='UTF-8'>
  rows = [r for r in _csv.reader(f.open())
ResourceWarning: Enable tracemalloc to get the object allocation traceback
/home/alexander/Schreibtisch/ofa-v2/src/tools/result_audit.py:1341: ResourceWarning: unclosed file <_io.TextIOWrapper name='/home/alexander/Schreibtisch/ofa-v2/campaign3_blind/runs/FB2_27b_MCP_seed3502/work/solution_level3.csv' mode='r' encoding='UTF-8'>
  rows = [r for r in _csv.reader(f.open())
ResourceWarning: Enable tracemalloc to get the object allocation traceback
2026-09-04 00:09:59,060 [oasis] INFO: Session journal saved: /tmp/oasis-source/data/sessions/session_cf0be447-bd22-4ea5-8fa6-edd7c089a1ed.json (7 events)
[preflight] custody controls verified for 1 problem(s); keys sealed and unreadable by execution
[phase: development] results are for post-mortems and convergence checking, NOT for the paper's evaluation table.
[DUNE cache] sha256=dc2d5b8ff2ebf98e... (neutral, private copy per cell)
[FB2 27b MCP s3502] done  calls=94 tok=10794112/89805 2092.2s
/home/alexander/.local/share/python/cpython-3.12.13-linux-x86_64-gnu/lib/python3.12/asyncio/selector_events.py:879: ResourceWarning: unclosed transport <_SelectorSocketTransport fd=9>
<<< FB2 seed 3502 done 2026-09-04 00:10:00
>>> FB2 MCP complete 2026-09-04 00:10:00
>>> FB2 MCP seeds 3601 3602 3603  start 2026-09-04 00:15:31
[source build] 6bfd4d491254 sha256=960afb2fb42bd9e3... (immutable)
[source build] 6bfd4d491254 sha256=960afb2fb42bd9e3... (immutable)
[source build] 6bfd4d491254 sha256=960afb2fb42bd9e3... (immutable)
2026-09-04 00:16:01,458 [oasis.registry] INFO: Loaded discovered config: 5 backends
2026-09-04 00:16:01,468 [oasis.registry] INFO: Registered backend: 4C Multiphysics (fourc)
2026-09-04 00:16:01,472 [oasis.registry] INFO: Registered backend: FEniCSx (dolfinx) (fenics)
2026-09-04 00:16:01,476 [oasis.registry] INFO: Registered backend: deal.II (dealii)
2026-09-04 00:16:01,496 [oasis.registry] INFO: Registered backend: FEBio (febio)
2026-09-04 00:16:01,509 [oasis.registry] INFO: Registered backend: NGSolve (ngsolve)
2026-09-04 00:16:01,509 [oasis.ngsolve] INFO: NGSolve backend registered
2026-09-04 00:16:01,509 [oasis.registry] INFO: Loaded discovered config: 5 backends
2026-09-04 00:16:01,516 [oasis.registry] INFO: Loaded discovered config: 5 backends
2026-09-04 00:16:01,519 [oasis.registry] INFO: Registered backend: 4C Multiphysics (fourc)
2026-09-04 00:16:01,522 [oasis.registry] INFO: Registered backend: scikit-fem (skfem)
2026-09-04 00:16:01,523 [oasis.skfem] INFO: scikit-fem backend registered
2026-09-04 00:16:01,523 [oasis.registry] INFO: Registered backend: FEniCSx (dolfinx) (fenics)
2026-09-04 00:16:01,526 [oasis.registry] INFO: Registered backend: 4C Multiphysics (fourc)
2026-09-04 00:16:01,528 [oasis.registry] INFO: Registered backend: deal.II (dealii)
2026-09-04 00:16:01,530 [oasis.registry] INFO: Registered backend: FEniCSx (dolfinx) (fenics)
2026-09-04 00:16:01,535 [oasis.registry] INFO: Registered backend: deal.II (dealii)
2026-09-04 00:16:01,544 [oasis.registry] INFO: Registered backend: Kratos Multiphysics (kratos)
2026-09-04 00:16:01,544 [oasis.kratos] INFO: Kratos Multiphysics backend registered
2026-09-04 00:16:01,547 [oasis.registry] INFO: Registered backend: FEBio (febio)
2026-09-04 00:16:01,554 [oasis.registry] INFO: Registered backend: FEBio (febio)
2026-09-04 00:16:01,558 [oasis.registry] INFO: Registered backend: DUNE-fem (dune)
2026-09-04 00:16:01,558 [oasis.dune] INFO: DUNE-fem backend registered
2026-09-04 00:16:01,561 [oasis.registry] INFO: Registered backend: NGSolve (ngsolve)
2026-09-04 00:16:01,561 [oasis.ngsolve] INFO: NGSolve backend registered
2026-09-04 00:16:01,567 [oasis.registry] INFO: Registered backend: NGSolve (ngsolve)
2026-09-04 00:16:01,567 [oasis.ngsolve] INFO: NGSolve backend registered
2026-09-04 00:16:01,572 [oasis.registry] INFO: Registered backend: SPARTA (DSMC) (sparta)
2026-09-04 00:16:01,572 [oasis.sparta] INFO: SPARTA (DSMC) backend registered
2026-09-04 00:16:01,572 [oasis] INFO: Starting OASiS MCP server
2026-09-04 00:16:01,577 [oasis.registry] INFO: Registered backend: scikit-fem (skfem)
2026-09-04 00:16:01,577 [oasis.skfem] INFO: scikit-fem backend registered
2026-09-04 00:16:01,581 [oasis.registry] INFO: Registered backend: scikit-fem (skfem)
2026-09-04 00:16:01,581 [oasis.skfem] INFO: scikit-fem backend registered
2026-09-04 00:16:01,599 [oasis.registry] INFO: Registered backend: Kratos Multiphysics (kratos)
2026-09-04 00:16:01,599 [oasis.kratos] INFO: Kratos Multiphysics backend registered
2026-09-04 00:16:01,599 [mcp.server.lowlevel.server] INFO: Processing request of type ListToolsRequest
2026-09-04 00:16:01,604 [oasis.registry] INFO: Registered backend: Kratos Multiphysics (kratos)
2026-09-04 00:16:01,604 [oasis.kratos] INFO: Kratos Multiphysics backend registered
2026-09-04 00:16:01,614 [oasis.registry] INFO: Registered backend: DUNE-fem (dune)
2026-09-04 00:16:01,614 [oasis.dune] INFO: DUNE-fem backend registered
2026-09-04 00:16:01,620 [oasis.registry] INFO: Registered backend: DUNE-fem (dune)
2026-09-04 00:16:01,620 [oasis.dune] INFO: DUNE-fem backend registered
2026-09-04 00:16:01,628 [oasis.registry] INFO: Registered backend: SPARTA (DSMC) (sparta)
2026-09-04 00:16:01,628 [oasis.sparta] INFO: SPARTA (DSMC) backend registered
2026-09-04 00:16:01,628 [oasis] INFO: Starting OASiS MCP server
2026-09-04 00:16:01,634 [oasis.registry] INFO: Registered backend: SPARTA (DSMC) (sparta)
2026-09-04 00:16:01,634 [oasis.sparta] INFO: SPARTA (DSMC) backend registered
2026-09-04 00:16:01,634 [oasis] INFO: Starting OASiS MCP server
2026-09-04 00:16:01,660 [mcp.server.lowlevel.server] INFO: Processing request of type ListToolsRequest
2026-09-04 00:16:01,664 [mcp.server.lowlevel.server] INFO: Processing request of type ListToolsRequest
2026-09-04 00:16:14,316 [mcp.server.lowlevel.server] INFO: Processing request of type CallToolRequest
2026-09-04 00:16:14,322 [mcp.server.lowlevel.server] INFO: Processing request of type CallToolRequest
2026-09-04 00:16:14,345 [mcp.server.lowlevel.server] INFO: Processing request of type CallToolRequest
2026-09-04 00:16:15,211 [mcp.server.lowlevel.server] INFO: Processing request of type CallToolRequest
2026-09-04 00:16:16,563 [mcp.server.lowlevel.server] INFO: Processing request of type CallToolRequest
2026-09-04 00:16:45,004 [mcp.server.lowlevel.server] INFO: Processing request of type CallToolRequest
2026-09-04 00:16:57,392 [mcp.server.lowlevel.server] INFO: Processing request of type CallToolRequest
/home/alexander/Schreibtisch/ofa-v2/langgraph_eval/agent.py:820: RuntimeWarning: This package (`duckduckgo_search`) has been renamed to `ddgs`! Use `pip install ddgs` instead.
  with DDGS() as ddgs:
2026-09-04 00:17:15,764 [mcp.server.lowlevel.server] INFO: Processing request of type CallToolRequest
2026-09-04 00:17:15,769 [mcp.server.lowlevel.server] INFO: Processing request of type CallToolRequest
/home/alexander/Schreibtisch/ofa-v2/langgraph_eval/agent.py:820: RuntimeWarning: This package (`duckduckgo_search`) has been renamed to `ddgs`! Use `pip install ddgs` instead.
  with DDGS() as ddgs:
/home/alexander/Schreibtisch/ofa-v2/langgraph_eval/agent.py:820: RuntimeWarning: This package (`duckduckgo_search`) has been renamed to `ddgs`! Use `pip install ddgs` instead.
  with DDGS() as ddgs:
2026-09-04 00:17:39,501 [mcp.server.lowlevel.server] INFO: Processing request of type CallToolRequest
/home/alexander/Schreibtisch/ofa-v2/langgraph_eval/agent.py:820: RuntimeWarning: This package (`duckduckgo_search`) has been renamed to `ddgs`! Use `pip install ddgs` instead.
  with DDGS() as ddgs:
/home/alexander/Schreibtisch/ofa-v2/langgraph_eval/agent.py:820: RuntimeWarning: This package (`duckduckgo_search`) has been renamed to `ddgs`! Use `pip install ddgs` instead.
  with DDGS() as ddgs:
2026-09-04 00:17:40,205 [mcp.server.lowlevel.server] INFO: Processing request of type CallToolRequest
/home/alexander/Schreibtisch/ofa-v2/langgraph_eval/agent.py:820: RuntimeWarning: This package (`duckduckgo_search`) has been renamed to `ddgs`! Use `pip install ddgs` instead.
  with DDGS() as ddgs:
/home/alexander/Schreibtisch/ofa-v2/langgraph_eval/agent.py:820: RuntimeWarning: This package (`duckduckgo_search`) has been renamed to `ddgs`! Use `pip install ddgs` instead.
  with DDGS() as ddgs:
/home/alexander/Schreibtisch/ofa-v2/langgraph_eval/agent.py:820: RuntimeWarning: This package (`duckduckgo_search`) has been renamed to `ddgs`! Use `pip install ddgs` instead.
  with DDGS() as ddgs:
/home/alexander/Schreibtisch/ofa-v2/langgraph_eval/agent.py:820: RuntimeWarning: This package (`duckduckgo_search`) has been renamed to `ddgs`! Use `pip install ddgs` instead.
  with DDGS() as ddgs:
/home/alexander/Schreibtisch/ofa-v2/langgraph_eval/agent.py:820: RuntimeWarning: This package (`duckduckgo_search`) has been renamed to `ddgs`! Use `pip install ddgs` instead.
  with DDGS() as ddgs:
2026-09-04 00:17:55,818 [mcp.server.lowlevel.server] INFO: Processing request of type CallToolRequest
/home/alexander/Schreibtisch/ofa-v2/langgraph_eval/agent.py:820: RuntimeWarning: This package (`duckduckgo_search`) has been renamed to `ddgs`! Use `pip install ddgs` instead.
  with DDGS() as ddgs:
/home/alexander/Schreibtisch/ofa-v2/langgraph_eval/agent.py:820: RuntimeWarning: This package (`duckduckgo_search`) has been renamed to `ddgs`! Use `pip install ddgs` instead.
  with DDGS() as ddgs:
/home/alexander/Schreibtisch/ofa-v2/langgraph_eval/agent.py:820: RuntimeWarning: This package (`duckduckgo_search`) has been renamed to `ddgs`! Use `pip install ddgs` instead.
  with DDGS() as ddgs:
/home/alexander/Schreibtisch/ofa-v2/langgraph_eval/agent.py:820: RuntimeWarning: This package (`duckduckgo_search`) has been renamed to `ddgs`! Use `pip install ddgs` instead.
  with DDGS() as ddgs:
/home/alexander/Schreibtisch/ofa-v2/langgraph_eval/agent.py:820: RuntimeWarning: This package (`duckduckgo_search`) has been renamed to `ddgs`! Use `pip install ddgs` instead.
  with DDGS() as ddgs:
/home/alexander/Schreibtisch/ofa-v2/langgraph_eval/agent.py:820: RuntimeWarning: This package (`duckduckgo_search`) has been renamed to `ddgs`! Use `pip install ddgs` instead.
  with DDGS() as ddgs:
/home/alexander/Schreibtisch/ofa-v2/langgraph_eval/agent.py:820: RuntimeWarning: This package (`duckduckgo_search`) has been renamed to `ddgs`! Use `pip install ddgs` instead.
  with DDGS() as ddgs:
/home/alexander/Schreibtisch/ofa-v2/langgraph_eval/agent.py:820: RuntimeWarning: This package (`duckduckgo_search`) has been renamed to `ddgs`! Use `pip install ddgs` instead.
  with DDGS() as ddgs:
/home/alexander/Schreibtisch/ofa-v2/langgraph_eval/agent.py:820: RuntimeWarning: This package (`duckduckgo_search`) has been renamed to `ddgs`! Use `pip install ddgs` instead.
  with DDGS() as ddgs:
/home/alexander/Schreibtisch/ofa-v2/langgraph_eval/agent.py:820: RuntimeWarning: This package (`duckduckgo_search`) has been renamed to `ddgs`! Use `pip install ddgs` instead.
  with DDGS() as ddgs:
/home/alexander/Schreibtisch/ofa-v2/langgraph_eval/agent.py:820: RuntimeWarning: This package (`duckduckgo_search`) has been renamed to `ddgs`! Use `pip install ddgs` instead.
  with DDGS() as ddgs:
/home/alexander/Schreibtisch/ofa-v2/langgraph_eval/agent.py:820: RuntimeWarning: This package (`duckduckgo_search`) has been renamed to `ddgs`! Use `pip install ddgs` instead.
  with DDGS() as ddgs:
/home/alexander/Schreibtisch/ofa-v2/langgraph_eval/agent.py:820: RuntimeWarning: This package (`duckduckgo_search`) has been renamed to `ddgs`! Use `pip install ddgs` instead.
  with DDGS() as ddgs:
/home/alexander/Schreibtisch/ofa-v2/langgraph_eval/agent.py:820: RuntimeWarning: This package (`duckduckgo_search`) has been renamed to `ddgs`! Use `pip install ddgs` instead.
  with DDGS() as ddgs:
/home/alexander/Schreibtisch/ofa-v2/langgraph_eval/agent.py:820: RuntimeWarning: This package (`duckduckgo_search`) has been renamed to `ddgs`! Use `pip install ddgs` instead.
  with DDGS() as ddgs:
/home/alexander/Schreibtisch/ofa-v2/langgraph_eval/agent.py:820: RuntimeWarning: This package (`duckduckgo_search`) has been renamed to `ddgs`! Use `pip install ddgs` instead.
  with DDGS() as ddgs:
/home/alexander/Schreibtisch/ofa-v2/langgraph_eval/agent.py:820: RuntimeWarning: This package (`duckduckgo_search`) has been renamed to `ddgs`! Use `pip install ddgs` instead.
  with DDGS() as ddgs:
/home/alexander/Schreibtisch/ofa-v2/langgraph_eval/agent.py:820: RuntimeWarning: This package (`duckduckgo_search`) has been renamed to `ddgs`! Use `pip install ddgs` instead.
  with DDGS() as ddgs:
/home/alexander/Schreibtisch/ofa-v2/langgraph_eval/agent.py:820: RuntimeWarning: This package (`duckduckgo_search`) has been renamed to `ddgs`! Use `pip install ddgs` instead.
  with DDGS() as ddgs:
2026-09-04 00:18:27,534 [mcp.server.lowlevel.server] INFO: Processing request of type CallToolRequest
2026-09-04 00:18:27,658 [mcp.server.lowlevel.server] INFO: Processing request of type CallToolRequest
2026-09-04 00:18:42,889 [mcp.server.lowlevel.server] INFO: Processing request of type CallToolRequest
2026-09-04 00:18:49,320 [mcp.server.lowlevel.server] INFO: Processing request of type CallToolRequest
2026-09-04 00:23:42,492 [mcp.server.lowlevel.server] INFO: Processing request of type CallToolRequest
2026-09-04 00:30:56,637 [mcp.server.lowlevel.server] INFO: Processing request of type CallToolRequest
2026-09-04 00:32:34,608 [mcp.server.lowlevel.server] INFO: Processing request of type CallToolRequest
2026-09-04 00:32:46,043 [mcp.server.lowlevel.server] INFO: Processing request of type CallToolRequest
/home/alexander/Schreibtisch/ofa-v2/src/tools/result_audit.py:1341: ResourceWarning: unclosed file <_io.TextIOWrapper name='/home/alexander/Schreibtisch/ofa-v2/campaign3_blind/runs/FB2_27b_MCP_seed3602/work/solution_level1.csv' mode='r' encoding='UTF-8'>
  rows = [r for r in _csv.reader(f.open())
ResourceWarning: Enable tracemalloc to get the object allocation traceback
/home/alexander/Schreibtisch/ofa-v2/src/tools/result_audit.py:1341: ResourceWarning: unclosed file <_io.TextIOWrapper name='/home/alexander/Schreibtisch/ofa-v2/campaign3_blind/runs/FB2_27b_MCP_seed3602/work/solution_level2.csv' mode='r' encoding='UTF-8'>
  rows = [r for r in _csv.reader(f.open())
ResourceWarning: Enable tracemalloc to get the object allocation traceback
/home/alexander/Schreibtisch/ofa-v2/src/tools/result_audit.py:1341: ResourceWarning: unclosed file <_io.TextIOWrapper name='/home/alexander/Schreibtisch/ofa-v2/campaign3_blind/runs/FB2_27b_MCP_seed3602/work/solution_level3.csv' mode='r' encoding='UTF-8'>
  rows = [r for r in _csv.reader(f.open())
ResourceWarning: Enable tracemalloc to get the object allocation traceback
2026-09-04 00:34:22,059 [oasis] INFO: Session journal saved: /tmp/oasis-source/data/sessions/session_ce60fa48-2dd0-4c7d-873e-d79a22fa978a.json (6 events)
[preflight] custody controls verified for 1 problem(s); keys sealed and unreadable by execution
[phase: development] results are for post-mortems and convergence checking, NOT for the paper's evaluation table.
[DUNE cache] sha256=dc2d5b8ff2ebf98e... (neutral, private copy per cell)
[FB2 27b MCP s3601] done  calls=42 tok=3867968/39210 1103.4s
/home/alexander/.local/share/python/cpython-3.12.13-linux-x86_64-gnu/lib/python3.12/asyncio/selector_events.py:879: ResourceWarning: unclosed transport <_SelectorSocketTransport fd=9>
<<< FB2 seed 3601 done 2026-09-04 00:34:22
/home/alexander/Schreibtisch/ofa-v2/src/tools/result_audit.py:534: ResourceWarning: unclosed file <_io.TextIOWrapper name='/home/alexander/Schreibtisch/ofa-v2/campaign3_blind/runs/FB2_27b_MCP_seed3602/work/solution_level1.csv' mode='r' encoding='UTF-8'>
  rows = sum(1 for _ in open(sol0[0], errors="ignore")) - 1
ResourceWarning: Enable tracemalloc to get the object allocation traceback
/home/alexander/Schreibtisch/ofa-v2/src/tools/result_audit.py:1341: ResourceWarning: unclosed file <_io.TextIOWrapper name='/home/alexander/Schreibtisch/ofa-v2/campaign3_blind/runs/FB2_27b_MCP_seed3602/work/solution_level1.csv' mode='r' encoding='UTF-8'>
  rows = [r for r in _csv.reader(f.open())
ResourceWarning: Enable tracemalloc to get the object allocation traceback
/home/alexander/Schreibtisch/ofa-v2/src/tools/result_audit.py:1341: ResourceWarning: unclosed file <_io.TextIOWrapper name='/home/alexander/Schreibtisch/ofa-v2/campaign3_blind/runs/FB2_27b_MCP_seed3602/work/solution_level2.csv' mode='r' encoding='UTF-8'>
  rows = [r for r in _csv.reader(f.open())
ResourceWarning: Enable tracemalloc to get the object allocation traceback
/home/alexander/Schreibtisch/ofa-v2/src/tools/result_audit.py:1341: ResourceWarning: unclosed file <_io.TextIOWrapper name='/home/alexander/Schreibtisch/ofa-v2/campaign3_blind/runs/FB2_27b_MCP_seed3602/work/solution_level3.csv' mode='r' encoding='UTF-8'>
  rows = [r for r in _csv.reader(f.open())
ResourceWarning: Enable tracemalloc to get the object allocation traceback
/home/alexander/Schreibtisch/ofa-v2/src/tools/result_audit.py:1341: ResourceWarning: unclosed file <_io.TextIOWrapper name='/home/alexander/Schreibtisch/ofa-v2/campaign3_blind/runs/FB2_27b_MCP_seed3602/work/solution_level1.csv' mode='r' encoding='UTF-8'>
  rows = [r for r in _csv.reader(f.open())
ResourceWarning: Enable tracemalloc to get the object allocation traceback
/home/alexander/Schreibtisch/ofa-v2/src/tools/result_audit.py:1341: ResourceWarning: unclosed file <_io.TextIOWrapper name='/home/alexander/Schreibtisch/ofa-v2/campaign3_blind/runs/FB2_27b_MCP_seed3602/work/solution_level2.csv' mode='r' encoding='UTF-8'>
  rows = [r for r in _csv.reader(f.open())
ResourceWarning: Enable tracemalloc to get the object allocation traceback
/home/alexander/Schreibtisch/ofa-v2/src/tools/result_audit.py:1341: ResourceWarning: unclosed file <_io.TextIOWrapper name='/home/alexander/Schreibtisch/ofa-v2/campaign3_blind/runs/FB2_27b_MCP_seed3602/work/solution_level3.csv' mode='r' encoding='UTF-8'>
  rows = [r for r in _csv.reader(f.open())
ResourceWarning: Enable tracemalloc to get the object allocation traceback
/home/alexander/Schreibtisch/ofa-v2/src/tools/result_audit.py:534: ResourceWarning: unclosed file <_io.TextIOWrapper name='/home/alexander/Schreibtisch/ofa-v2/campaign3_blind/runs/FB2_27b_MCP_seed3602/work/solution_level1.csv' mode='r' encoding='UTF-8'>
  rows = sum(1 for _ in open(sol0[0], errors="ignore")) - 1
ResourceWarning: Enable tracemalloc to get the object allocation traceback
/home/alexander/Schreibtisch/ofa-v2/src/tools/result_audit.py:1341: ResourceWarning: unclosed file <_io.TextIOWrapper name='/home/alexander/Schreibtisch/ofa-v2/campaign3_blind/runs/FB2_27b_MCP_seed3602/work/solution_level1.csv' mode='r' encoding='UTF-8'>
  rows = [r for r in _csv.reader(f.open())
ResourceWarning: Enable tracemalloc to get the object allocation traceback
/home/alexander/Schreibtisch/ofa-v2/src/tools/result_audit.py:1341: ResourceWarning: unclosed file <_io.TextIOWrapper name='/home/alexander/Schreibtisch/ofa-v2/campaign3_blind/runs/FB2_27b_MCP_seed3602/work/solution_level2.csv' mode='r' encoding='UTF-8'>
  rows = [r for r in _csv.reader(f.open())
ResourceWarning: Enable tracemalloc to get the object allocation traceback
/home/alexander/Schreibtisch/ofa-v2/src/tools/result_audit.py:1341: ResourceWarning: unclosed file <_io.TextIOWrapper name='/home/alexander/Schreibtisch/ofa-v2/campaign3_blind/runs/FB2_27b_MCP_seed3602/work/solution_level3.csv' mode='r' encoding='UTF-8'>
  rows = [r for r in _csv.reader(f.open())
ResourceWarning: Enable tracemalloc to get the object allocation traceback
/home/alexander/Schreibtisch/ofa-v2/src/tools/result_audit.py:1341: ResourceWarning: unclosed file <_io.TextIOWrapper name='/home/alexander/Schreibtisch/ofa-v2/campaign3_blind/runs/FB2_27b_MCP_seed3602/work/solution_level1.csv' mode='r' encoding='UTF-8'>
  rows = [r for r in _csv.reader(f.open())
ResourceWarning: Enable tracemalloc to get the object allocation traceback
/home/alexander/Schreibtisch/ofa-v2/src/tools/result_audit.py:1341: ResourceWarning: unclosed file <_io.TextIOWrapper name='/home/alexander/Schreibtisch/ofa-v2/campaign3_blind/runs/FB2_27b_MCP_seed3602/work/solution_level2.csv' mode='r' encoding='UTF-8'>
  rows = [r for r in _csv.reader(f.open())
ResourceWarning: Enable tracemalloc to get the object allocation traceback
/home/alexander/Schreibtisch/ofa-v2/src/tools/result_audit.py:1341: ResourceWarning: unclosed file <_io.TextIOWrapper name='/home/alexander/Schreibtisch/ofa-v2/campaign3_blind/runs/FB2_27b_MCP_seed3602/work/solution_level3.csv' mode='r' encoding='UTF-8'>
  rows = [r for r in _csv.reader(f.open())
ResourceWarning: Enable tracemalloc to get the object allocation traceback
/home/alexander/Schreibtisch/ofa-v2/src/tools/result_audit.py:534: ResourceWarning: unclosed file <_io.TextIOWrapper name='/home/alexander/Schreibtisch/ofa-v2/campaign3_blind/runs/FB2_27b_MCP_seed3602/work/solution_level1.csv' mode='r' encoding='UTF-8'>
  rows = sum(1 for _ in open(sol0[0], errors="ignore")) - 1
ResourceWarning: Enable tracemalloc to get the object allocation traceback
/home/alexander/Schreibtisch/ofa-v2/src/tools/result_audit.py:1341: ResourceWarning: unclosed file <_io.TextIOWrapper name='/home/alexander/Schreibtisch/ofa-v2/campaign3_blind/runs/FB2_27b_MCP_seed3602/work/solution_level1.csv' mode='r' encoding='UTF-8'>
  rows = [r for r in _csv.reader(f.open())
ResourceWarning: Enable tracemalloc to get the object allocation traceback
/home/alexander/Schreibtisch/ofa-v2/src/tools/result_audit.py:1341: ResourceWarning: unclosed file <_io.TextIOWrapper name='/home/alexander/Schreibtisch/ofa-v2/campaign3_blind/runs/FB2_27b_MCP_seed3602/work/solution_level2.csv' mode='r' encoding='UTF-8'>
  rows = [r for r in _csv.reader(f.open())
ResourceWarning: Enable tracemalloc to get the object allocation traceback
/home/alexander/Schreibtisch/ofa-v2/src/tools/result_audit.py:1341: ResourceWarning: unclosed file <_io.TextIOWrapper name='/home/alexander/Schreibtisch/ofa-v2/campaign3_blind/runs/FB2_27b_MCP_seed3602/work/solution_level3.csv' mode='r' encoding='UTF-8'>
  rows = [r for r in _csv.reader(f.open())
ResourceWarning: Enable tracemalloc to get the object allocation traceback
2026-09-04 00:39:19,043 [oasis] INFO: Session journal saved: /tmp/oasis-source/data/sessions/session_ee18d8e5-60fb-46d5-a78f-175174f431b9.json (7 events)
[preflight] custody controls verified for 1 problem(s); keys sealed and unreadable by execution
[phase: development] results are for post-mortems and convergence checking, NOT for the paper's evaluation table.
[DUNE cache] sha256=dc2d5b8ff2ebf98e... (neutral, private copy per cell)
[FB2 27b MCP s3602] done  calls=59 tok=5991218/43479 1400.3s
/home/alexander/.local/share/python/cpython-3.12.13-linux-x86_64-gnu/lib/python3.12/asyncio/selector_events.py:879: ResourceWarning: unclosed transport <_SelectorSocketTransport fd=9>
<<< FB2 seed 3602 done 2026-09-04 00:39:20
/home/alexander/Schreibtisch/ofa-v2/src/tools/result_audit.py:1341: ResourceWarning: unclosed file <_io.TextIOWrapper name='/home/alexander/Schreibtisch/ofa-v2/campaign3_blind/runs/FB2_27b_MCP_seed3603/work/solution_level1.csv' mode='r' encoding='UTF-8'>
  rows = [r for r in _csv.reader(f.open())
ResourceWarning: Enable tracemalloc to get the object allocation traceback
/home/alexander/Schreibtisch/ofa-v2/src/tools/result_audit.py:1341: ResourceWarning: unclosed file <_io.TextIOWrapper name='/home/alexander/Schreibtisch/ofa-v2/campaign3_blind/runs/FB2_27b_MCP_seed3603/work/solution_level2.csv' mode='r' encoding='UTF-8'>
  rows = [r for r in _csv.reader(f.open())
ResourceWarning: Enable tracemalloc to get the object allocation traceback
/home/alexander/Schreibtisch/ofa-v2/src/tools/result_audit.py:1341: ResourceWarning: unclosed file <_io.TextIOWrapper name='/home/alexander/Schreibtisch/ofa-v2/campaign3_blind/runs/FB2_27b_MCP_seed3603/work/solution_level3.csv' mode='r' encoding='UTF-8'>
  rows = [r for r in _csv.reader(f.open())
ResourceWarning: Enable tracemalloc to get the object allocation traceback
/home/alexander/Schreibtisch/ofa-v2/src/tools/result_audit.py:534: ResourceWarning: unclosed file <_io.TextIOWrapper name='/home/alexander/Schreibtisch/ofa-v2/campaign3_blind/runs/FB2_27b_MCP_seed3603/work/solution_level1.csv' mode='r' encoding='UTF-8'>
  rows = sum(1 for _ in open(sol0[0], errors="ignore")) - 1
ResourceWarning: Enable tracemalloc to get the object allocation traceback
/home/alexander/Schreibtisch/ofa-v2/src/tools/result_audit.py:1341: ResourceWarning: unclosed file <_io.TextIOWrapper name='/home/alexander/Schreibtisch/ofa-v2/campaign3_blind/runs/FB2_27b_MCP_seed3603/work/solution_level1.csv' mode='r' encoding='UTF-8'>
  rows = [r for r in _csv.reader(f.open())
ResourceWarning: Enable tracemalloc to get the object allocation traceback
/home/alexander/Schreibtisch/ofa-v2/src/tools/result_audit.py:1341: ResourceWarning: unclosed file <_io.TextIOWrapper name='/home/alexander/Schreibtisch/ofa-v2/campaign3_blind/runs/FB2_27b_MCP_seed3603/work/solution_level2.csv' mode='r' encoding='UTF-8'>
  rows = [r for r in _csv.reader(f.open())
ResourceWarning: Enable tracemalloc to get the object allocation traceback
/home/alexander/Schreibtisch/ofa-v2/src/tools/result_audit.py:1341: ResourceWarning: unclosed file <_io.TextIOWrapper name='/home/alexander/Schreibtisch/ofa-v2/campaign3_blind/runs/FB2_27b_MCP_seed3603/work/solution_level3.csv' mode='r' encoding='UTF-8'>
  rows = [r for r in _csv.reader(f.open())
ResourceWarning: Enable tracemalloc to get the object allocation traceback
/home/alexander/Schreibtisch/ofa-v2/src/tools/result_audit.py:1341: ResourceWarning: unclosed file <_io.TextIOWrapper name='/home/alexander/Schreibtisch/ofa-v2/campaign3_blind/runs/FB2_27b_MCP_seed3603/work/solution_level1.csv' mode='r' encoding='UTF-8'>
  rows = [r for r in _csv.reader(f.open())
ResourceWarning: Enable tracemalloc to get the object allocation traceback
/home/alexander/Schreibtisch/ofa-v2/src/tools/result_audit.py:1341: ResourceWarning: unclosed file <_io.TextIOWrapper name='/home/alexander/Schreibtisch/ofa-v2/campaign3_blind/runs/FB2_27b_MCP_seed3603/work/solution_level2.csv' mode='r' encoding='UTF-8'>
  rows = [r for r in _csv.reader(f.open())
ResourceWarning: Enable tracemalloc to get the object allocation traceback
/home/alexander/Schreibtisch/ofa-v2/src/tools/result_audit.py:1341: ResourceWarning: unclosed file <_io.TextIOWrapper name='/home/alexander/Schreibtisch/ofa-v2/campaign3_blind/runs/FB2_27b_MCP_seed3603/work/solution_level3.csv' mode='r' encoding='UTF-8'>
  rows = [r for r in _csv.reader(f.open())
ResourceWarning: Enable tracemalloc to get the object allocation traceback
/home/alexander/Schreibtisch/ofa-v2/src/tools/result_audit.py:1341: ResourceWarning: unclosed file <_io.TextIOWrapper name='/home/alexander/Schreibtisch/ofa-v2/campaign3_blind/runs/FB2_27b_MCP_seed3603/work/solution_level1.csv' mode='r' encoding='UTF-8'>
  rows = [r for r in _csv.reader(f.open())
ResourceWarning: Enable tracemalloc to get the object allocation traceback
/home/alexander/Schreibtisch/ofa-v2/src/tools/result_audit.py:1341: ResourceWarning: unclosed file <_io.TextIOWrapper name='/home/alexander/Schreibtisch/ofa-v2/campaign3_blind/runs/FB2_27b_MCP_seed3603/work/solution_level2.csv' mode='r' encoding='UTF-8'>
  rows = [r for r in _csv.reader(f.open())
ResourceWarning: Enable tracemalloc to get the object allocation traceback
/home/alexander/Schreibtisch/ofa-v2/src/tools/result_audit.py:1341: ResourceWarning: unclosed file <_io.TextIOWrapper name='/home/alexander/Schreibtisch/ofa-v2/campaign3_blind/runs/FB2_27b_MCP_seed3603/work/solution_level3.csv' mode='r' encoding='UTF-8'>
  rows = [r for r in _csv.reader(f.open())
ResourceWarning: Enable tracemalloc to get the object allocation traceback
2026-09-04 00:51:59,274 [oasis] INFO: Session journal saved: /tmp/oasis-source/data/sessions/session_665cb791-a758-4b38-8147-f861a32b9208.json (3 events)
[preflight] custody controls verified for 1 problem(s); keys sealed and unreadable by execution
[phase: development] results are for post-mortems and convergence checking, NOT for the paper's evaluation table.
[DUNE cache] sha256=dc2d5b8ff2ebf98e... (neutral, private copy per cell)
[FB2 27b MCP s3603] done  calls=66 tok=5675293/50475 2160.4s
/home/alexander/.local/share/python/cpython-3.12.13-linux-x86_64-gnu/lib/python3.12/asyncio/selector_events.py:879: ResourceWarning: unclosed transport <_SelectorSocketTransport fd=9>
<<< FB2 seed 3603 done 2026-09-04 00:52:00
>>> FB2 MCP complete 2026-09-04 00:52:00
>>> FB2 MCP seeds 3701 3702 3703  start 2026-09-04 00:55:51
[source build] 9e8b7aa0c747 sha256=04867022809cfd1f... (immutable)
[source build] 9e8b7aa0c747 sha256=04867022809cfd1f... (immutable)
[source build] 9e8b7aa0c747 sha256=04867022809cfd1f... (immutable)
2026-09-04 00:56:21,200 [oasis.registry] INFO: Loaded discovered config: 5 backends
2026-09-04 00:56:21,210 [oasis.registry] INFO: Registered backend: 4C Multiphysics (fourc)
2026-09-04 00:56:21,214 [oasis.registry] INFO: Registered backend: FEniCSx (dolfinx) (fenics)
2026-09-04 00:56:21,219 [oasis.registry] INFO: Registered backend: deal.II (dealii)
2026-09-04 00:56:21,238 [oasis.registry] INFO: Registered backend: FEBio (febio)
2026-09-04 00:56:21,251 [oasis.registry] INFO: Registered backend: NGSolve (ngsolve)
2026-09-04 00:56:21,251 [oasis.ngsolve] INFO: NGSolve backend registered
2026-09-04 00:56:21,265 [oasis.registry] INFO: Registered backend: scikit-fem (skfem)
2026-09-04 00:56:21,265 [oasis.skfem] INFO: scikit-fem backend registered
2026-09-04 00:56:21,287 [oasis.registry] INFO: Registered backend: Kratos Multiphysics (kratos)
2026-09-04 00:56:21,287 [oasis.kratos] INFO: Kratos Multiphysics backend registered
2026-09-04 00:56:21,305 [oasis.registry] INFO: Registered backend: DUNE-fem (dune)
2026-09-04 00:56:21,305 [oasis.dune] INFO: DUNE-fem backend registered
2026-09-04 00:56:21,318 [oasis.registry] INFO: Registered backend: SPARTA (DSMC) (sparta)
2026-09-04 00:56:21,318 [oasis.sparta] INFO: SPARTA (DSMC) backend registered
2026-09-04 00:56:21,318 [oasis] INFO: Starting OASiS MCP server
2026-09-04 00:56:21,347 [mcp.server.lowlevel.server] INFO: Processing request of type ListToolsRequest
2026-09-04 00:56:21,349 [oasis.registry] INFO: Loaded discovered config: 5 backends
2026-09-04 00:56:21,359 [oasis.registry] INFO: Registered backend: 4C Multiphysics (fourc)
2026-09-04 00:56:21,363 [oasis.registry] INFO: Registered backend: FEniCSx (dolfinx) (fenics)
2026-09-04 00:56:21,368 [oasis.registry] INFO: Registered backend: deal.II (dealii)
2026-09-04 00:56:21,390 [oasis.registry] INFO: Registered backend: FEBio (febio)
2026-09-04 00:56:21,403 [oasis.registry] INFO: Registered backend: NGSolve (ngsolve)
2026-09-04 00:56:21,403 [oasis.ngsolve] INFO: NGSolve backend registered
2026-09-04 00:56:21,417 [oasis.registry] INFO: Registered backend: scikit-fem (skfem)
2026-09-04 00:56:21,417 [oasis.skfem] INFO: scikit-fem backend registered
2026-09-04 00:56:21,440 [oasis.registry] INFO: Registered backend: Kratos Multiphysics (kratos)
2026-09-04 00:56:21,440 [oasis.kratos] INFO: Kratos Multiphysics backend registered
2026-09-04 00:56:21,454 [oasis.registry] INFO: Registered backend: DUNE-fem (dune)
2026-09-04 00:56:21,454 [oasis.dune] INFO: DUNE-fem backend registered
2026-09-04 00:56:21,468 [oasis.registry] INFO: Registered backend: SPARTA (DSMC) (sparta)
2026-09-04 00:56:21,468 [oasis.sparta] INFO: SPARTA (DSMC) backend registered
2026-09-04 00:56:21,468 [oasis] INFO: Starting OASiS MCP server
2026-09-04 00:56:21,474 [oasis.registry] INFO: Loaded discovered config: 5 backends
2026-09-04 00:56:21,491 [oasis.registry] INFO: Registered backend: 4C Multiphysics (fourc)
2026-09-04 00:56:21,496 [oasis.registry] INFO: Registered backend: FEniCSx (dolfinx) (fenics)
2026-09-04 00:56:21,497 [mcp.server.lowlevel.server] INFO: Processing request of type ListToolsRequest
2026-09-04 00:56:21,501 [oasis.registry] INFO: Registered backend: deal.II (dealii)
2026-09-04 00:56:21,528 [oasis.registry] INFO: Registered backend: FEBio (febio)
2026-09-04 00:56:21,544 [oasis.registry] INFO: Registered backend: NGSolve (ngsolve)
2026-09-04 00:56:21,545 [oasis.ngsolve] INFO: NGSolve backend registered
2026-09-04 00:56:21,562 [oasis.registry] INFO: Registered backend: scikit-fem (skfem)
2026-09-04 00:56:21,562 [oasis.skfem] INFO: scikit-fem backend registered
2026-09-04 00:56:21,586 [oasis.registry] INFO: Registered backend: Kratos Multiphysics (kratos)
2026-09-04 00:56:21,586 [oasis.kratos] INFO: Kratos Multiphysics backend registered
2026-09-04 00:56:21,603 [oasis.registry] INFO: Registered backend: DUNE-fem (dune)
2026-09-04 00:56:21,603 [oasis.dune] INFO: DUNE-fem backend registered
2026-09-04 00:56:21,618 [oasis.registry] INFO: Registered backend: SPARTA (DSMC) (sparta)
2026-09-04 00:56:21,618 [oasis.sparta] INFO: SPARTA (DSMC) backend registered
2026-09-04 00:56:21,618 [oasis] INFO: Starting OASiS MCP server
2026-09-04 00:56:21,648 [mcp.server.lowlevel.server] INFO: Processing request of type ListToolsRequest
2026-09-04 00:56:33,240 [mcp.server.lowlevel.server] INFO: Processing request of type CallToolRequest
2026-09-04 00:56:33,246 [mcp.server.lowlevel.server] INFO: Processing request of type CallToolRequest
2026-09-04 00:56:33,253 [mcp.server.lowlevel.server] INFO: Processing request of type CallToolRequest
2026-09-04 00:56:34,739 [mcp.server.lowlevel.server] INFO: Processing request of type CallToolRequest
2026-09-04 00:57:01,292 [mcp.server.lowlevel.server] INFO: Processing request of type CallToolRequest
2026-09-04 00:57:01,713 [mcp.server.lowlevel.server] INFO: Processing request of type CallToolRequest
2026-09-04 00:57:05,303 [mcp.server.lowlevel.server] INFO: Processing request of type CallToolRequest
2026-09-04 00:57:06,736 [mcp.server.lowlevel.server] INFO: Processing request of type CallToolRequest
2026-09-04 00:57:42,733 [mcp.server.lowlevel.server] INFO: Processing request of type CallToolRequest
/home/alexander/Schreibtisch/ofa-v2/langgraph_eval/agent.py:820: RuntimeWarning: This package (`duckduckgo_search`) has been renamed to `ddgs`! Use `pip install ddgs` instead.
  with DDGS() as ddgs:
/home/alexander/Schreibtisch/ofa-v2/langgraph_eval/agent.py:820: RuntimeWarning: This package (`duckduckgo_search`) has been renamed to `ddgs`! Use `pip install ddgs` instead.
  with DDGS() as ddgs:
2026-09-04 00:57:42,745 [mcp.server.lowlevel.server] INFO: Processing request of type CallToolRequest
/home/alexander/Schreibtisch/ofa-v2/langgraph_eval/agent.py:820: RuntimeWarning: This package (`duckduckgo_search`) has been renamed to `ddgs`! Use `pip install ddgs` instead.
  with DDGS() as ddgs:
/home/alexander/Schreibtisch/ofa-v2/langgraph_eval/agent.py:820: RuntimeWarning: This package (`duckduckgo_search`) has been renamed to `ddgs`! Use `pip install ddgs` instead.
  with DDGS() as ddgs:
2026-09-04 00:57:43,490 [mcp.server.lowlevel.server] INFO: Processing request of type CallToolRequest
/home/alexander/Schreibtisch/ofa-v2/langgraph_eval/agent.py:820: RuntimeWarning: This package (`duckduckgo_search`) has been renamed to `ddgs`! Use `pip install ddgs` instead.
  with DDGS() as ddgs:
2026-09-04 00:57:43,499 [mcp.server.lowlevel.server] INFO: Processing request of type CallToolRequest
/home/alexander/Schreibtisch/ofa-v2/langgraph_eval/agent.py:820: RuntimeWarning: This package (`duckduckgo_search`) has been renamed to `ddgs`! Use `pip install ddgs` instead.
  with DDGS() as ddgs:
/home/alexander/Schreibtisch/ofa-v2/langgraph_eval/agent.py:820: RuntimeWarning: This package (`duckduckgo_search`) has been renamed to `ddgs`! Use `pip install ddgs` instead.
  with DDGS() as ddgs:
/home/alexander/Schreibtisch/ofa-v2/langgraph_eval/agent.py:820: RuntimeWarning: This package (`duckduckgo_search`) has been renamed to `ddgs`! Use `pip install ddgs` instead.
  with DDGS() as ddgs:
/home/alexander/Schreibtisch/ofa-v2/langgraph_eval/agent.py:820: RuntimeWarning: This package (`duckduckgo_search`) has been renamed to `ddgs`! Use `pip install ddgs` instead.
  with DDGS() as ddgs:
/home/alexander/Schreibtisch/ofa-v2/langgraph_eval/agent.py:820: RuntimeWarning: This package (`duckduckgo_search`) has been renamed to `ddgs`! Use `pip install ddgs` instead.
  with DDGS() as ddgs:
/home/alexander/Schreibtisch/ofa-v2/langgraph_eval/agent.py:820: RuntimeWarning: This package (`duckduckgo_search`) has been renamed to `ddgs`! Use `pip install ddgs` instead.
  with DDGS() as ddgs:
/home/alexander/Schreibtisch/ofa-v2/langgraph_eval/agent.py:820: RuntimeWarning: This package (`duckduckgo_search`) has been renamed to `ddgs`! Use `pip install ddgs` instead.
  with DDGS() as ddgs:
/home/alexander/Schreibtisch/ofa-v2/langgraph_eval/agent.py:820: RuntimeWarning: This package (`duckduckgo_search`) has been renamed to `ddgs`! Use `pip install ddgs` instead.
  with DDGS() as ddgs:
/home/alexander/Schreibtisch/ofa-v2/langgraph_eval/agent.py:820: RuntimeWarning: This package (`duckduckgo_search`) has been renamed to `ddgs`! Use `pip install ddgs` instead.
  with DDGS() as ddgs:
/home/alexander/Schreibtisch/ofa-v2/langgraph_eval/agent.py:820: RuntimeWarning: This package (`duckduckgo_search`) has been renamed to `ddgs`! Use `pip install ddgs` instead.
  with DDGS() as ddgs:
/home/alexander/Schreibtisch/ofa-v2/langgraph_eval/agent.py:820: RuntimeWarning: This package (`duckduckgo_search`) has been renamed to `ddgs`! Use `pip install ddgs` instead.
  with DDGS() as ddgs:
/home/alexander/Schreibtisch/ofa-v2/langgraph_eval/agent.py:820: RuntimeWarning: This package (`duckduckgo_search`) has been renamed to `ddgs`! Use `pip install ddgs` instead.
  with DDGS() as ddgs:
/home/alexander/Schreibtisch/ofa-v2/langgraph_eval/agent.py:820: RuntimeWarning: This package (`duckduckgo_search`) has been renamed to `ddgs`! Use `pip install ddgs` instead.
  with DDGS() as ddgs:
/home/alexander/Schreibtisch/ofa-v2/langgraph_eval/agent.py:820: RuntimeWarning: This package (`duckduckgo_search`) has been renamed to `ddgs`! Use `pip install ddgs` instead.
  with DDGS() as ddgs:
2026-09-04 00:58:15,737 [mcp.server.lowlevel.server] INFO: Processing request of type CallToolRequest
/home/alexander/Schreibtisch/ofa-v2/langgraph_eval/agent.py:820: RuntimeWarning: This package (`duckduckgo_search`) has been renamed to `ddgs`! Use `pip install ddgs` instead.
  with DDGS() as ddgs:
/home/alexander/Schreibtisch/ofa-v2/langgraph_eval/agent.py:820: RuntimeWarning: This package (`duckduckgo_search`) has been renamed to `ddgs`! Use `pip install ddgs` instead.
  with DDGS() as ddgs:
2026-09-04 00:58:15,939 [mcp.server.lowlevel.server] INFO: Processing request of type CallToolRequest
/home/alexander/Schreibtisch/ofa-v2/langgraph_eval/agent.py:820: RuntimeWarning: This package (`duckduckgo_search`) has been renamed to `ddgs`! Use `pip install ddgs` instead.
  with DDGS() as ddgs:
/home/alexander/Schreibtisch/ofa-v2/langgraph_eval/agent.py:820: RuntimeWarning: This package (`duckduckgo_search`) has been renamed to `ddgs`! Use `pip install ddgs` instead.
  with DDGS() as ddgs:
/home/alexander/Schreibtisch/ofa-v2/langgraph_eval/agent.py:820: RuntimeWarning: This package (`duckduckgo_search`) has been renamed to `ddgs`! Use `pip install ddgs` instead.
  with DDGS() as ddgs:
/home/alexander/Schreibtisch/ofa-v2/langgraph_eval/agent.py:820: RuntimeWarning: This package (`duckduckgo_search`) has been renamed to `ddgs`! Use `pip install ddgs` instead.
  with DDGS() as ddgs:
/home/alexander/Schreibtisch/ofa-v2/langgraph_eval/agent.py:820: RuntimeWarning: This package (`duckduckgo_search`) has been renamed to `ddgs`! Use `pip install ddgs` instead.
  with DDGS() as ddgs:
/home/alexander/Schreibtisch/ofa-v2/langgraph_eval/agent.py:820: RuntimeWarning: This package (`duckduckgo_search`) has been renamed to `ddgs`! Use `pip install ddgs` instead.
  with DDGS() as ddgs:
/home/alexander/Schreibtisch/ofa-v2/langgraph_eval/agent.py:820: RuntimeWarning: This package (`duckduckgo_search`) has been renamed to `ddgs`! Use `pip install ddgs` instead.
  with DDGS() as ddgs:
/home/alexander/Schreibtisch/ofa-v2/langgraph_eval/agent.py:820: RuntimeWarning: This package (`duckduckgo_search`) has been renamed to `ddgs`! Use `pip install ddgs` instead.
  with DDGS() as ddgs:
/home/alexander/Schreibtisch/ofa-v2/langgraph_eval/agent.py:820: RuntimeWarning: This package (`duckduckgo_search`) has been renamed to `ddgs`! Use `pip install ddgs` instead.
  with DDGS() as ddgs:
/home/alexander/Schreibtisch/ofa-v2/langgraph_eval/agent.py:820: RuntimeWarning: This package (`duckduckgo_search`) has been renamed to `ddgs`! Use `pip install ddgs` instead.
  with DDGS() as ddgs:
/home/alexander/Schreibtisch/ofa-v2/langgraph_eval/agent.py:820: RuntimeWarning: This package (`duckduckgo_search`) has been renamed to `ddgs`! Use `pip install ddgs` instead.
  with DDGS() as ddgs:
/home/alexander/Schreibtisch/ofa-v2/langgraph_eval/agent.py:820: RuntimeWarning: This package (`duckduckgo_search`) has been renamed to `ddgs`! Use `pip install ddgs` instead.
  with DDGS() as ddgs:
/home/alexander/Schreibtisch/ofa-v2/langgraph_eval/agent.py:820: RuntimeWarning: This package (`duckduckgo_search`) has been renamed to `ddgs`! Use `pip install ddgs` instead.
  with DDGS() as ddgs:
/home/alexander/Schreibtisch/ofa-v2/langgraph_eval/agent.py:820: RuntimeWarning: This package (`duckduckgo_search`) has been renamed to `ddgs`! Use `pip install ddgs` instead.
  with DDGS() as ddgs:
/home/alexander/Schreibtisch/ofa-v2/langgraph_eval/agent.py:820: RuntimeWarning: This package (`duckduckgo_search`) has been renamed to `ddgs`! Use `pip install ddgs` instead.
  with DDGS() as ddgs:
2026-09-04 00:58:31,397 [mcp.server.lowlevel.server] INFO: Processing request of type CallToolRequest
/home/alexander/Schreibtisch/ofa-v2/langgraph_eval/agent.py:820: RuntimeWarning: This package (`duckduckgo_search`) has been renamed to `ddgs`! Use `pip install ddgs` instead.
  with DDGS() as ddgs:
/home/alexander/Schreibtisch/ofa-v2/langgraph_eval/agent.py:820: RuntimeWarning: This package (`duckduckgo_search`) has been renamed to `ddgs`! Use `pip install ddgs` instead.
  with DDGS() as ddgs:
/home/alexander/Schreibtisch/ofa-v2/langgraph_eval/agent.py:820: RuntimeWarning: This package (`duckduckgo_search`) has been renamed to `ddgs`! Use `pip install ddgs` instead.
  with DDGS() as ddgs:
/home/alexander/Schreibtisch/ofa-v2/langgraph_eval/agent.py:820: RuntimeWarning: This package (`duckduckgo_search`) has been renamed to `ddgs`! Use `pip install ddgs` instead.
  with DDGS() as ddgs:
/home/alexander/Schreibtisch/ofa-v2/langgraph_eval/agent.py:820: RuntimeWarning: This package (`duckduckgo_search`) has been renamed to `ddgs`! Use `pip install ddgs` instead.
  with DDGS() as ddgs:
/home/alexander/Schreibtisch/ofa-v2/langgraph_eval/agent.py:820: RuntimeWarning: This package (`duckduckgo_search`) has been renamed to `ddgs`! Use `pip install ddgs` instead.
  with DDGS() as ddgs:
/home/alexander/Schreibtisch/ofa-v2/langgraph_eval/agent.py:820: RuntimeWarning: This package (`duckduckgo_search`) has been renamed to `ddgs`! Use `pip install ddgs` instead.
  with DDGS() as ddgs:
/home/alexander/Schreibtisch/ofa-v2/langgraph_eval/agent.py:820: RuntimeWarning: This package (`duckduckgo_search`) has been renamed to `ddgs`! Use `pip install ddgs` instead.
  with DDGS() as ddgs:
/home/alexander/Schreibtisch/ofa-v2/langgraph_eval/agent.py:820: RuntimeWarning: This package (`duckduckgo_search`) has been renamed to `ddgs`! Use `pip install ddgs` instead.
  with DDGS() as ddgs:
/home/alexander/Schreibtisch/ofa-v2/langgraph_eval/agent.py:820: RuntimeWarning: This package (`duckduckgo_search`) has been renamed to `ddgs`! Use `pip install ddgs` instead.
  with DDGS() as ddgs:
/home/alexander/Schreibtisch/ofa-v2/langgraph_eval/agent.py:820: RuntimeWarning: This package (`duckduckgo_search`) has been renamed to `ddgs`! Use `pip install ddgs` instead.
  with DDGS() as ddgs:
/home/alexander/Schreibtisch/ofa-v2/langgraph_eval/agent.py:820: RuntimeWarning: This package (`duckduckgo_search`) has been renamed to `ddgs`! Use `pip install ddgs` instead.
  with DDGS() as ddgs:
/home/alexander/Schreibtisch/ofa-v2/langgraph_eval/agent.py:820: RuntimeWarning: This package (`duckduckgo_search`) has been renamed to `ddgs`! Use `pip install ddgs` instead.
  with DDGS() as ddgs:
/home/alexander/Schreibtisch/ofa-v2/langgraph_eval/agent.py:820: RuntimeWarning: This package (`duckduckgo_search`) has been renamed to `ddgs`! Use `pip install ddgs` instead.
  with DDGS() as ddgs:
/home/alexander/Schreibtisch/ofa-v2/langgraph_eval/agent.py:820: RuntimeWarning: This package (`duckduckgo_search`) has been renamed to `ddgs`! Use `pip install ddgs` instead.
  with DDGS() as ddgs:
/home/alexander/Schreibtisch/ofa-v2/langgraph_eval/agent.py:820: RuntimeWarning: This package (`duckduckgo_search`) has been renamed to `ddgs`! Use `pip install ddgs` instead.
  with DDGS() as ddgs:
/home/alexander/Schreibtisch/ofa-v2/langgraph_eval/agent.py:820: RuntimeWarning: This package (`duckduckgo_search`) has been renamed to `ddgs`! Use `pip install ddgs` instead.
  with DDGS() as ddgs:
/home/alexander/Schreibtisch/ofa-v2/langgraph_eval/agent.py:820: RuntimeWarning: This package (`duckduckgo_search`) has been renamed to `ddgs`! Use `pip install ddgs` instead.
  with DDGS() as ddgs:
/home/alexander/Schreibtisch/ofa-v2/langgraph_eval/agent.py:820: RuntimeWarning: This package (`duckduckgo_search`) has been renamed to `ddgs`! Use `pip install ddgs` instead.
  with DDGS() as ddgs:
/home/alexander/Schreibtisch/ofa-v2/langgraph_eval/agent.py:820: RuntimeWarning: This package (`duckduckgo_search`) has been renamed to `ddgs`! Use `pip install ddgs` instead.
  with DDGS() as ddgs:
/home/alexander/Schreibtisch/ofa-v2/langgraph_eval/agent.py:820: RuntimeWarning: This package (`duckduckgo_search`) has been renamed to `ddgs`! Use `pip install ddgs` instead.
  with DDGS() as ddgs:
/home/alexander/Schreibtisch/ofa-v2/langgraph_eval/agent.py:820: RuntimeWarning: This package (`duckduckgo_search`) has been renamed to `ddgs`! Use `pip install ddgs` instead.
  with DDGS() as ddgs:
/home/alexander/Schreibtisch/ofa-v2/langgraph_eval/agent.py:820: RuntimeWarning: This package (`duckduckgo_search`) has been renamed to `ddgs`! Use `pip install ddgs` instead.
  with DDGS() as ddgs:
/home/alexander/Schreibtisch/ofa-v2/langgraph_eval/agent.py:820: RuntimeWarning: This package (`duckduckgo_search`) has been renamed to `ddgs`! Use `pip install ddgs` instead.
  with DDGS() as ddgs:
2026-09-04 00:59:33,102 [mcp.server.lowlevel.server] INFO: Processing request of type CallToolRequest
/home/alexander/Schreibtisch/ofa-v2/langgraph_eval/agent.py:820: RuntimeWarning: This package (`duckduckgo_search`) has been renamed to `ddgs`! Use `pip install ddgs` instead.
  with DDGS() as ddgs:
2026-09-04 00:59:33,110 [mcp.server.lowlevel.server] INFO: Processing request of type CallToolRequest
/home/alexander/Schreibtisch/ofa-v2/langgraph_eval/agent.py:820: RuntimeWarning: This package (`duckduckgo_search`) has been renamed to `ddgs`! Use `pip install ddgs` instead.
  with DDGS() as ddgs:
/home/alexander/Schreibtisch/ofa-v2/langgraph_eval/agent.py:820: RuntimeWarning: This package (`duckduckgo_search`) has been renamed to `ddgs`! Use `pip install ddgs` instead.
  with DDGS() as ddgs:
/home/alexander/Schreibtisch/ofa-v2/langgraph_eval/agent.py:820: RuntimeWarning: This package (`duckduckgo_search`) has been renamed to `ddgs`! Use `pip install ddgs` instead.
  with DDGS() as ddgs:
/home/alexander/Schreibtisch/ofa-v2/langgraph_eval/agent.py:820: RuntimeWarning: This package (`duckduckgo_search`) has been renamed to `ddgs`! Use `pip install ddgs` instead.
  with DDGS() as ddgs:
/home/alexander/Schreibtisch/ofa-v2/langgraph_eval/agent.py:820: RuntimeWarning: This package (`duckduckgo_search`) has been renamed to `ddgs`! Use `pip install ddgs` instead.
  with DDGS() as ddgs:
/home/alexander/Schreibtisch/ofa-v2/langgraph_eval/agent.py:820: RuntimeWarning: This package (`duckduckgo_search`) has been renamed to `ddgs`! Use `pip install ddgs` instead.
  with DDGS() as ddgs:
/home/alexander/Schreibtisch/ofa-v2/langgraph_eval/agent.py:820: RuntimeWarning: This package (`duckduckgo_search`) has been renamed to `ddgs`! Use `pip install ddgs` instead.
  with DDGS() as ddgs:
/home/alexander/Schreibtisch/ofa-v2/langgraph_eval/agent.py:820: RuntimeWarning: This package (`duckduckgo_search`) has been renamed to `ddgs`! Use `pip install ddgs` instead.
  with DDGS() as ddgs:
2026-09-04 00:59:49,963 [mcp.server.lowlevel.server] INFO: Processing request of type CallToolRequest
/home/alexander/Schreibtisch/ofa-v2/langgraph_eval/agent.py:820: RuntimeWarning: This package (`duckduckgo_search`) has been renamed to `ddgs`! Use `pip install ddgs` instead.
  with DDGS() as ddgs:
/home/alexander/Schreibtisch/ofa-v2/langgraph_eval/agent.py:820: RuntimeWarning: This package (`duckduckgo_search`) has been renamed to `ddgs`! Use `pip install ddgs` instead.
  with DDGS() as ddgs:
/home/alexander/Schreibtisch/ofa-v2/langgraph_eval/agent.py:820: RuntimeWarning: This package (`duckduckgo_search`) has been renamed to `ddgs`! Use `pip install ddgs` instead.
  with DDGS() as ddgs:
/home/alexander/Schreibtisch/ofa-v2/langgraph_eval/agent.py:820: RuntimeWarning: This package (`duckduckgo_search`) has been renamed to `ddgs`! Use `pip install ddgs` instead.
  with DDGS() as ddgs:
/home/alexander/Schreibtisch/ofa-v2/langgraph_eval/agent.py:820: RuntimeWarning: This package (`duckduckgo_search`) has been renamed to `ddgs`! Use `pip install ddgs` instead.
  with DDGS() as ddgs:
/home/alexander/Schreibtisch/ofa-v2/langgraph_eval/agent.py:820: RuntimeWarning: This package (`duckduckgo_search`) has been renamed to `ddgs`! Use `pip install ddgs` instead.
  with DDGS() as ddgs:
2026-09-04 01:00:00,266 [mcp.server.lowlevel.server] INFO: Processing request of type CallToolRequest
2026-09-04 01:03:24,554 [mcp.server.lowlevel.server] INFO: Processing request of type CallToolRequest
2026-09-04 01:07:14,691 [mcp.server.lowlevel.server] INFO: Processing request of type CallToolRequest
/home/alexander/Schreibtisch/ofa-v2/src/tools/result_audit.py:1341: ResourceWarning: unclosed file <_io.TextIOWrapper name='/home/alexander/Schreibtisch/ofa-v2/campaign3_blind/runs/FB2_27b_MCP_seed3703/work/solution_level1.csv' mode='r' encoding='UTF-8'>
  rows = [r for r in _csv.reader(f.open())
ResourceWarning: Enable tracemalloc to get the object allocation traceback
/home/alexander/Schreibtisch/ofa-v2/src/tools/result_audit.py:1341: ResourceWarning: unclosed file <_io.TextIOWrapper name='/home/alexander/Schreibtisch/ofa-v2/campaign3_blind/runs/FB2_27b_MCP_seed3703/work/solution_level2.csv' mode='r' encoding='UTF-8'>
  rows = [r for r in _csv.reader(f.open())
ResourceWarning: Enable tracemalloc to get the object allocation traceback
/home/alexander/Schreibtisch/ofa-v2/src/tools/result_audit.py:1341: ResourceWarning: unclosed file <_io.TextIOWrapper name='/home/alexander/Schreibtisch/ofa-v2/campaign3_blind/runs/FB2_27b_MCP_seed3703/work/solution_level3.csv' mode='r' encoding='UTF-8'>
  rows = [r for r in _csv.reader(f.open())
ResourceWarning: Enable tracemalloc to get the object allocation traceback
2026-09-04 01:11:04,270 [mcp.server.lowlevel.server] INFO: Processing request of type CallToolRequest
2026-09-04 01:11:26,537 [mcp.server.lowlevel.server] INFO: Processing request of type CallToolRequest
2026-09-04 01:12:04,593 [oasis] INFO: Session journal saved: /tmp/oasis-source/data/sessions/session_88e43b54-5797-4dd9-be1a-d01374a59bd9.json (6 events)
[preflight] custody controls verified for 1 problem(s); keys sealed and unreadable by execution
[phase: development] results are for post-mortems and convergence checking, NOT for the paper's evaluation table.
[DUNE cache] sha256=dc2d5b8ff2ebf98e... (neutral, private copy per cell)
[FB2 27b MCP s3701] done  calls=44 tok=3692242/32135 946.1s
/home/alexander/.local/share/python/cpython-3.12.13-linux-x86_64-gnu/lib/python3.12/asyncio/selector_events.py:879: ResourceWarning: unclosed transport <_SelectorSocketTransport fd=9>
<<< FB2 seed 3701 done 2026-09-04 01:12:05
/home/alexander/Schreibtisch/ofa-v2/src/tools/result_audit.py:1341: ResourceWarning: unclosed file <_io.TextIOWrapper name='/home/alexander/Schreibtisch/ofa-v2/campaign3_blind/runs/FB2_27b_MCP_seed3703/work/solution_level1.csv' mode='r' encoding='UTF-8'>
  rows = [r for r in _csv.reader(f.open())
ResourceWarning: Enable tracemalloc to get the object allocation traceback
/home/alexander/Schreibtisch/ofa-v2/src/tools/result_audit.py:1341: ResourceWarning: unclosed file <_io.TextIOWrapper name='/home/alexander/Schreibtisch/ofa-v2/campaign3_blind/runs/FB2_27b_MCP_seed3703/work/solution_level2.csv' mode='r' encoding='UTF-8'>
  rows = [r for r in _csv.reader(f.open())
ResourceWarning: Enable tracemalloc to get the object allocation traceback
/home/alexander/Schreibtisch/ofa-v2/src/tools/result_audit.py:1341: ResourceWarning: unclosed file <_io.TextIOWrapper name='/home/alexander/Schreibtisch/ofa-v2/campaign3_blind/runs/FB2_27b_MCP_seed3703/work/solution_level3.csv' mode='r' encoding='UTF-8'>
  rows = [r for r in _csv.reader(f.open())
ResourceWarning: Enable tracemalloc to get the object allocation traceback
2026-09-04 01:17:05,951 [oasis] INFO: Session journal saved: /tmp/oasis-source/data/sessions/session_778d12f7-9b8e-439c-8d9d-6638ce43a957.json (4 events)
[preflight] custody controls verified for 1 problem(s); keys sealed and unreadable by execution
[phase: development] results are for post-mortems and convergence checking, NOT for the paper's evaluation table.
[DUNE cache] sha256=dc2d5b8ff2ebf98e... (neutral, private copy per cell)
[FB2 27b MCP s3702] done  calls=47 tok=3846302/50613 1247.3s
/home/alexander/.local/share/python/cpython-3.12.13-linux-x86_64-gnu/lib/python3.12/asyncio/selector_events.py:879: ResourceWarning: unclosed transport <_SelectorSocketTransport fd=9>
<<< FB2 seed 3702 done 2026-09-04 01:17:06
/home/alexander/Schreibtisch/ofa-v2/src/tools/result_audit.py:1341: ResourceWarning: unclosed file <_io.TextIOWrapper name='/home/alexander/Schreibtisch/ofa-v2/campaign3_blind/runs/FB2_27b_MCP_seed3703/work/solution_level1.csv' mode='r' encoding='UTF-8'>
  rows = [r for r in _csv.reader(f.open())
ResourceWarning: Enable tracemalloc to get the object allocation traceback
/home/alexander/Schreibtisch/ofa-v2/src/tools/result_audit.py:1341: ResourceWarning: unclosed file <_io.TextIOWrapper name='/home/alexander/Schreibtisch/ofa-v2/campaign3_blind/runs/FB2_27b_MCP_seed3703/work/solution_level2.csv' mode='r' encoding='UTF-8'>
  rows = [r for r in _csv.reader(f.open())
ResourceWarning: Enable tracemalloc to get the object allocation traceback
/home/alexander/Schreibtisch/ofa-v2/src/tools/result_audit.py:1341: ResourceWarning: unclosed file <_io.TextIOWrapper name='/home/alexander/Schreibtisch/ofa-v2/campaign3_blind/runs/FB2_27b_MCP_seed3703/work/solution_level3.csv' mode='r' encoding='UTF-8'>
  rows = [r for r in _csv.reader(f.open())
ResourceWarning: Enable tracemalloc to get the object allocation traceback
/home/alexander/Schreibtisch/ofa-v2/src/tools/result_audit.py:534: ResourceWarning: unclosed file <_io.TextIOWrapper name='/home/alexander/Schreibtisch/ofa-v2/campaign3_blind/runs/FB2_27b_MCP_seed3703/work/solution_level1.csv' mode='r' encoding='UTF-8'>
  rows = sum(1 for _ in open(sol0[0], errors="ignore")) - 1
ResourceWarning: Enable tracemalloc to get the object allocation traceback
/home/alexander/Schreibtisch/ofa-v2/src/tools/result_audit.py:1341: ResourceWarning: unclosed file <_io.TextIOWrapper name='/home/alexander/Schreibtisch/ofa-v2/campaign3_blind/runs/FB2_27b_MCP_seed3703/work/solution_level1.csv' mode='r' encoding='UTF-8'>
  rows = [r for r in _csv.reader(f.open())
ResourceWarning: Enable tracemalloc to get the object allocation traceback
/home/alexander/Schreibtisch/ofa-v2/src/tools/result_audit.py:1341: ResourceWarning: unclosed file <_io.TextIOWrapper name='/home/alexander/Schreibtisch/ofa-v2/campaign3_blind/runs/FB2_27b_MCP_seed3703/work/solution_level2.csv' mode='r' encoding='UTF-8'>
  rows = [r for r in _csv.reader(f.open())
ResourceWarning: Enable tracemalloc to get the object allocation traceback
/home/alexander/Schreibtisch/ofa-v2/src/tools/result_audit.py:1341: ResourceWarning: unclosed file <_io.TextIOWrapper name='/home/alexander/Schreibtisch/ofa-v2/campaign3_blind/runs/FB2_27b_MCP_seed3703/work/solution_level3.csv' mode='r' encoding='UTF-8'>
  rows = [r for r in _csv.reader(f.open())
ResourceWarning: Enable tracemalloc to get the object allocation traceback
/home/alexander/Schreibtisch/ofa-v2/src/tools/result_audit.py:534: ResourceWarning: unclosed file <_io.TextIOWrapper name='/home/alexander/Schreibtisch/ofa-v2/campaign3_blind/runs/FB2_27b_MCP_seed3703/work/solution_level1.csv' mode='r' encoding='UTF-8'>
  rows = sum(1 for _ in open(sol0[0], errors="ignore")) - 1
ResourceWarning: Enable tracemalloc to get the object allocation traceback
/home/alexander/Schreibtisch/ofa-v2/src/tools/result_audit.py:1341: ResourceWarning: unclosed file <_io.TextIOWrapper name='/home/alexander/Schreibtisch/ofa-v2/campaign3_blind/runs/FB2_27b_MCP_seed3703/work/solution_level1.csv' mode='r' encoding='UTF-8'>
  rows = [r for r in _csv.reader(f.open())
ResourceWarning: Enable tracemalloc to get the object allocation traceback
/home/alexander/Schreibtisch/ofa-v2/src/tools/result_audit.py:1341: ResourceWarning: unclosed file <_io.TextIOWrapper name='/home/alexander/Schreibtisch/ofa-v2/campaign3_blind/runs/FB2_27b_MCP_seed3703/work/solution_level2.csv' mode='r' encoding='UTF-8'>
  rows = [r for r in _csv.reader(f.open())
ResourceWarning: Enable tracemalloc to get the object allocation traceback
/home/alexander/Schreibtisch/ofa-v2/src/tools/result_audit.py:1341: ResourceWarning: unclosed file <_io.TextIOWrapper name='/home/alexander/Schreibtisch/ofa-v2/campaign3_blind/runs/FB2_27b_MCP_seed3703/work/solution_level3.csv' mode='r' encoding='UTF-8'>
  rows = [r for r in _csv.reader(f.open())
ResourceWarning: Enable tracemalloc to get the object allocation traceback
2026-09-04 01:23:00,363 [mcp.server.lowlevel.server] INFO: Processing request of type CallToolRequest
2026-09-04 01:23:17,378 [oasis] INFO: Session journal saved: /tmp/oasis-source/data/sessions/session_d548b256-ebb5-4380-a11e-a10689a345e8.json (6 events)
[preflight] custody controls verified for 1 problem(s); keys sealed and unreadable by execution
[phase: development] results are for post-mortems and convergence checking, NOT for the paper's evaluation table.
[DUNE cache] sha256=dc2d5b8ff2ebf98e... (neutral, private copy per cell)
[FB2 27b MCP s3703] done  calls=71 tok=7089123/52771 1618.7s
/home/alexander/.local/share/python/cpython-3.12.13-linux-x86_64-gnu/lib/python3.12/asyncio/selector_events.py:879: ResourceWarning: unclosed transport <_SelectorSocketTransport fd=9>
<<< FB2 seed 3703 done 2026-09-04 01:23:18
>>> FB2 MCP complete 2026-09-04 01:23:18
>>> FB2 MCP seeds 3801 3802 3803  start 2026-09-04 01:26:12
[source build] 77f8ccdaa7e6 sha256=b2ae322b84427b96... (immutable)
[source build] 77f8ccdaa7e6 sha256=b2ae322b84427b96... (immutable)
[source build] 77f8ccdaa7e6 sha256=b2ae322b84427b96... (immutable)
2026-09-04 01:26:42,988 [oasis.registry] INFO: Loaded discovered config: 5 backends
2026-09-04 01:26:42,998 [oasis.registry] INFO: Registered backend: 4C Multiphysics (fourc)
2026-09-04 01:26:43,002 [oasis.registry] INFO: Registered backend: FEniCSx (dolfinx) (fenics)
2026-09-04 01:26:43,007 [oasis.registry] INFO: Registered backend: deal.II (dealii)
2026-09-04 01:26:43,029 [oasis.registry] INFO: Registered backend: FEBio (febio)
2026-09-04 01:26:43,049 [oasis.registry] INFO: Registered backend: NGSolve (ngsolve)
2026-09-04 01:26:43,050 [oasis.ngsolve] INFO: NGSolve backend registered
2026-09-04 01:26:43,065 [oasis.registry] INFO: Registered backend: scikit-fem (skfem)
2026-09-04 01:26:43,065 [oasis.skfem] INFO: scikit-fem backend registered
2026-09-04 01:26:43,086 [oasis.registry] INFO: Registered backend: Kratos Multiphysics (kratos)
2026-09-04 01:26:43,086 [oasis.kratos] INFO: Kratos Multiphysics backend registered
2026-09-04 01:26:43,101 [oasis.registry] INFO: Registered backend: DUNE-fem (dune)
2026-09-04 01:26:43,101 [oasis.dune] INFO: DUNE-fem backend registered
2026-09-04 01:26:43,115 [oasis.registry] INFO: Registered backend: SPARTA (DSMC) (sparta)
2026-09-04 01:26:43,115 [oasis.sparta] INFO: SPARTA (DSMC) backend registered
2026-09-04 01:26:43,115 [oasis] INFO: Starting OASiS MCP server
2026-09-04 01:26:43,145 [mcp.server.lowlevel.server] INFO: Processing request of type ListToolsRequest
2026-09-04 01:26:43,175 [oasis.registry] INFO: Loaded discovered config: 5 backends
2026-09-04 01:26:43,185 [oasis.registry] INFO: Registered backend: 4C Multiphysics (fourc)
2026-09-04 01:26:43,188 [oasis.registry] INFO: Registered backend: FEniCSx (dolfinx) (fenics)
2026-09-04 01:26:43,193 [oasis.registry] INFO: Registered backend: deal.II (dealii)
2026-09-04 01:26:43,194 [oasis.registry] INFO: Loaded discovered config: 5 backends
2026-09-04 01:26:43,205 [oasis.registry] INFO: Registered backend: 4C Multiphysics (fourc)
2026-09-04 01:26:43,208 [oasis.registry] INFO: Registered backend: FEniCSx (dolfinx) (fenics)
2026-09-04 01:26:43,211 [oasis.registry] INFO: Registered backend: FEBio (febio)
2026-09-04 01:26:43,213 [oasis.registry] INFO: Registered backend: deal.II (dealii)
2026-09-04 01:26:43,224 [oasis.registry] INFO: Registered backend: NGSolve (ngsolve)
2026-09-04 01:26:43,224 [oasis.ngsolve] INFO: NGSolve backend registered
2026-09-04 01:26:43,232 [oasis.registry] INFO: Registered backend: FEBio (febio)
2026-09-04 01:26:43,238 [oasis.registry] INFO: Registered backend: scikit-fem (skfem)
2026-09-04 01:26:43,238 [oasis.skfem] INFO: scikit-fem backend registered
2026-09-04 01:26:43,246 [oasis.registry] INFO: Registered backend: NGSolve (ngsolve)
2026-09-04 01:26:43,246 [oasis.ngsolve] INFO: NGSolve backend registered
2026-09-04 01:26:43,260 [oasis.registry] INFO: Registered backend: Kratos Multiphysics (kratos)
2026-09-04 01:26:43,260 [oasis.registry] INFO: Registered backend: scikit-fem (skfem)
2026-09-04 01:26:43,260 [oasis.kratos] INFO: Kratos Multiphysics backend registered
2026-09-04 01:26:43,260 [oasis.skfem] INFO: scikit-fem backend registered
2026-09-04 01:26:43,275 [oasis.registry] INFO: Registered backend: DUNE-fem (dune)
2026-09-04 01:26:43,275 [oasis.dune] INFO: DUNE-fem backend registered
2026-09-04 01:26:43,281 [oasis.registry] INFO: Registered backend: Kratos Multiphysics (kratos)
2026-09-04 01:26:43,281 [oasis.kratos] INFO: Kratos Multiphysics backend registered
2026-09-04 01:26:43,289 [oasis.registry] INFO: Registered backend: SPARTA (DSMC) (sparta)
2026-09-04 01:26:43,290 [oasis.sparta] INFO: SPARTA (DSMC) backend registered
2026-09-04 01:26:43,290 [oasis] INFO: Starting OASiS MCP server
2026-09-04 01:26:43,295 [oasis.registry] INFO: Registered backend: DUNE-fem (dune)
2026-09-04 01:26:43,295 [oasis.dune] INFO: DUNE-fem backend registered
2026-09-04 01:26:43,309 [oasis.registry] INFO: Registered backend: SPARTA (DSMC) (sparta)
2026-09-04 01:26:43,309 [oasis.sparta] INFO: SPARTA (DSMC) backend registered
2026-09-04 01:26:43,309 [oasis] INFO: Starting OASiS MCP server
2026-09-04 01:26:43,318 [mcp.server.lowlevel.server] INFO: Processing request of type ListToolsRequest
2026-09-04 01:26:43,338 [mcp.server.lowlevel.server] INFO: Processing request of type ListToolsRequest
2026-09-04 01:26:55,511 [mcp.server.lowlevel.server] INFO: Processing request of type CallToolRequest
2026-09-04 01:26:59,044 [mcp.server.lowlevel.server] INFO: Processing request of type CallToolRequest
2026-09-04 01:27:02,760 [mcp.server.lowlevel.server] INFO: Processing request of type CallToolRequest
2026-09-04 01:27:26,791 [mcp.server.lowlevel.server] INFO: Processing request of type CallToolRequest
/home/alexander/Schreibtisch/ofa-v2/langgraph_eval/agent.py:820: RuntimeWarning: This package (`duckduckgo_search`) has been renamed to `ddgs`! Use `pip install ddgs` instead.
  with DDGS() as ddgs:
/home/alexander/Schreibtisch/ofa-v2/langgraph_eval/agent.py:820: RuntimeWarning: This package (`duckduckgo_search`) has been renamed to `ddgs`! Use `pip install ddgs` instead.
  with DDGS() as ddgs:
/home/alexander/Schreibtisch/ofa-v2/langgraph_eval/agent.py:820: RuntimeWarning: This package (`duckduckgo_search`) has been renamed to `ddgs`! Use `pip install ddgs` instead.
  with DDGS() as ddgs:
/home/alexander/Schreibtisch/ofa-v2/langgraph_eval/agent.py:820: RuntimeWarning: This package (`duckduckgo_search`) has been renamed to `ddgs`! Use `pip install ddgs` instead.
  with DDGS() as ddgs:
/home/alexander/Schreibtisch/ofa-v2/langgraph_eval/agent.py:820: RuntimeWarning: This package (`duckduckgo_search`) has been renamed to `ddgs`! Use `pip install ddgs` instead.
  with DDGS() as ddgs:
/home/alexander/Schreibtisch/ofa-v2/langgraph_eval/agent.py:820: RuntimeWarning: This package (`duckduckgo_search`) has been renamed to `ddgs`! Use `pip install ddgs` instead.
  with DDGS() as ddgs:
/home/alexander/Schreibtisch/ofa-v2/langgraph_eval/agent.py:820: RuntimeWarning: This package (`duckduckgo_search`) has been renamed to `ddgs`! Use `pip install ddgs` instead.
  with DDGS() as ddgs:
/home/alexander/Schreibtisch/ofa-v2/langgraph_eval/agent.py:820: RuntimeWarning: This package (`duckduckgo_search`) has been renamed to `ddgs`! Use `pip install ddgs` instead.
  with DDGS() as ddgs:
2026-09-04 01:27:38,983 [mcp.server.lowlevel.server] INFO: Processing request of type CallToolRequest
2026-09-04 01:27:41,592 [mcp.server.lowlevel.server] INFO: Processing request of type CallToolRequest
/home/alexander/Schreibtisch/ofa-v2/langgraph_eval/agent.py:820: RuntimeWarning: This package (`duckduckgo_search`) has been renamed to `ddgs`! Use `pip install ddgs` instead.
  with DDGS() as ddgs:
2026-09-04 01:27:41,596 [mcp.server.lowlevel.server] INFO: Processing request of type CallToolRequest
/home/alexander/Schreibtisch/ofa-v2/langgraph_eval/agent.py:820: RuntimeWarning: This package (`duckduckgo_search`) has been renamed to `ddgs`! Use `pip install ddgs` instead.
  with DDGS() as ddgs:
/home/alexander/Schreibtisch/ofa-v2/langgraph_eval/agent.py:820: RuntimeWarning: This package (`duckduckgo_search`) has been renamed to `ddgs`! Use `pip install ddgs` instead.
  with DDGS() as ddgs:
2026-09-04 01:27:49,882 [mcp.server.lowlevel.server] INFO: Processing request of type CallToolRequest
/home/alexander/Schreibtisch/ofa-v2/langgraph_eval/agent.py:820: RuntimeWarning: This package (`duckduckgo_search`) has been renamed to `ddgs`! Use `pip install ddgs` instead.
  with DDGS() as ddgs:
/home/alexander/Schreibtisch/ofa-v2/langgraph_eval/agent.py:820: RuntimeWarning: This package (`duckduckgo_search`) has been renamed to `ddgs`! Use `pip install ddgs` instead.
  with DDGS() as ddgs:
/home/alexander/Schreibtisch/ofa-v2/langgraph_eval/agent.py:820: RuntimeWarning: This package (`duckduckgo_search`) has been renamed to `ddgs`! Use `pip install ddgs` instead.
  with DDGS() as ddgs:
/home/alexander/Schreibtisch/ofa-v2/langgraph_eval/agent.py:820: RuntimeWarning: This package (`duckduckgo_search`) has been renamed to `ddgs`! Use `pip install ddgs` instead.
  with DDGS() as ddgs:
/home/alexander/Schreibtisch/ofa-v2/langgraph_eval/agent.py:820: RuntimeWarning: This package (`duckduckgo_search`) has been renamed to `ddgs`! Use `pip install ddgs` instead.
  with DDGS() as ddgs:
/home/alexander/Schreibtisch/ofa-v2/langgraph_eval/agent.py:820: RuntimeWarning: This package (`duckduckgo_search`) has been renamed to `ddgs`! Use `pip install ddgs` instead.
  with DDGS() as ddgs:
/home/alexander/Schreibtisch/ofa-v2/langgraph_eval/agent.py:820: RuntimeWarning: This package (`duckduckgo_search`) has been renamed to `ddgs`! Use `pip install ddgs` instead.
  with DDGS() as ddgs:
/home/alexander/Schreibtisch/ofa-v2/langgraph_eval/agent.py:820: RuntimeWarning: This package (`duckduckgo_search`) has been renamed to `ddgs`! Use `pip install ddgs` instead.
  with DDGS() as ddgs:
2026-09-04 01:28:20,533 [mcp.server.lowlevel.server] INFO: Processing request of type CallToolRequest
/home/alexander/Schreibtisch/ofa-v2/langgraph_eval/agent.py:820: RuntimeWarning: This package (`duckduckgo_search`) has been renamed to `ddgs`! Use `pip install ddgs` instead.
  with DDGS() as ddgs:
/home/alexander/Schreibtisch/ofa-v2/langgraph_eval/agent.py:820: RuntimeWarning: This package (`duckduckgo_search`) has been renamed to `ddgs`! Use `pip install ddgs` instead.
  with DDGS() as ddgs:
/home/alexander/Schreibtisch/ofa-v2/langgraph_eval/agent.py:820: RuntimeWarning: This package (`duckduckgo_search`) has been renamed to `ddgs`! Use `pip install ddgs` instead.
  with DDGS() as ddgs:
/home/alexander/Schreibtisch/ofa-v2/langgraph_eval/agent.py:820: RuntimeWarning: This package (`duckduckgo_search`) has been renamed to `ddgs`! Use `pip install ddgs` instead.
  with DDGS() as ddgs:
/home/alexander/Schreibtisch/ofa-v2/langgraph_eval/agent.py:820: RuntimeWarning: This package (`duckduckgo_search`) has been renamed to `ddgs`! Use `pip install ddgs` instead.
  with DDGS() as ddgs:
/home/alexander/Schreibtisch/ofa-v2/langgraph_eval/agent.py:820: RuntimeWarning: This package (`duckduckgo_search`) has been renamed to `ddgs`! Use `pip install ddgs` instead.
  with DDGS() as ddgs:
/home/alexander/Schreibtisch/ofa-v2/langgraph_eval/agent.py:820: RuntimeWarning: This package (`duckduckgo_search`) has been renamed to `ddgs`! Use `pip install ddgs` instead.
  with DDGS() as ddgs:
2026-09-04 01:28:35,119 [mcp.server.lowlevel.server] INFO: Processing request of type CallToolRequest
2026-09-04 01:28:39,005 [mcp.server.lowlevel.server] INFO: Processing request of type CallToolRequest
2026-09-04 01:28:46,252 [mcp.server.lowlevel.server] INFO: Processing request of type CallToolRequest
/home/alexander/Schreibtisch/ofa-v2/langgraph_eval/agent.py:895: LangGraphDeprecatedSinceV10: create_react_agent has been moved to `langchain.agents`. Please update your import to `from langchain.agents import create_agent`. Deprecated in LangGraph V1.0 to be removed in V2.0.
  sub_agent = create_react_agent(
2026-09-04 01:29:10,782 [mcp.server.lowlevel.server] INFO: Processing request of type CallToolRequest
/home/alexander/Schreibtisch/ofa-v2/langgraph_eval/agent.py:820: RuntimeWarning: This package (`duckduckgo_search`) has been renamed to `ddgs`! Use `pip install ddgs` instead.
  with DDGS() as ddgs:
/home/alexander/Schreibtisch/ofa-v2/langgraph_eval/agent.py:820: RuntimeWarning: This package (`duckduckgo_search`) has been renamed to `ddgs`! Use `pip install ddgs` instead.
  with DDGS() as ddgs:
/home/alexander/Schreibtisch/ofa-v2/langgraph_eval/agent.py:820: RuntimeWarning: This package (`duckduckgo_search`) has been renamed to `ddgs`! Use `pip install ddgs` instead.
  with DDGS() as ddgs:
/home/alexander/Schreibtisch/ofa-v2/langgraph_eval/agent.py:820: RuntimeWarning: This package (`duckduckgo_search`) has been renamed to `ddgs`! Use `pip install ddgs` instead.
  with DDGS() as ddgs:
/home/alexander/Schreibtisch/ofa-v2/langgraph_eval/agent.py:820: RuntimeWarning: This package (`duckduckgo_search`) has been renamed to `ddgs`! Use `pip install ddgs` instead.
  with DDGS() as ddgs:
/home/alexander/Schreibtisch/ofa-v2/langgraph_eval/agent.py:820: RuntimeWarning: This package (`duckduckgo_search`) has been renamed to `ddgs`! Use `pip install ddgs` instead.
  with DDGS() as ddgs:
/home/alexander/Schreibtisch/ofa-v2/langgraph_eval/agent.py:820: RuntimeWarning: This package (`duckduckgo_search`) has been renamed to `ddgs`! Use `pip install ddgs` instead.
  with DDGS() as ddgs:
/home/alexander/Schreibtisch/ofa-v2/langgraph_eval/agent.py:820: RuntimeWarning: This package (`duckduckgo_search`) has been renamed to `ddgs`! Use `pip install ddgs` instead.
  with DDGS() as ddgs:
/home/alexander/Schreibtisch/ofa-v2/langgraph_eval/agent.py:820: RuntimeWarning: This package (`duckduckgo_search`) has been renamed to `ddgs`! Use `pip install ddgs` instead.
  with DDGS() as ddgs:
2026-09-04 01:29:34,104 [mcp.server.lowlevel.server] INFO: Processing request of type CallToolRequest
/home/alexander/Schreibtisch/ofa-v2/langgraph_eval/agent.py:820: RuntimeWarning: This package (`duckduckgo_search`) has been renamed to `ddgs`! Use `pip install ddgs` instead.
  with DDGS() as ddgs:
/home/alexander/Schreibtisch/ofa-v2/langgraph_eval/agent.py:820: RuntimeWarning: This package (`duckduckgo_search`) has been renamed to `ddgs`! Use `pip install ddgs` instead.
  with DDGS() as ddgs:
/home/alexander/Schreibtisch/ofa-v2/langgraph_eval/agent.py:820: RuntimeWarning: This package (`duckduckgo_search`) has been renamed to `ddgs`! Use `pip install ddgs` instead.
  with DDGS() as ddgs:
/home/alexander/Schreibtisch/ofa-v2/langgraph_eval/agent.py:820: RuntimeWarning: This package (`duckduckgo_search`) has been renamed to `ddgs`! Use `pip install ddgs` instead.
  with DDGS() as ddgs:
/home/alexander/Schreibtisch/ofa-v2/langgraph_eval/agent.py:820: RuntimeWarning: This package (`duckduckgo_search`) has been renamed to `ddgs`! Use `pip install ddgs` instead.
  with DDGS() as ddgs:
/home/alexander/Schreibtisch/ofa-v2/langgraph_eval/agent.py:820: RuntimeWarning: This package (`duckduckgo_search`) has been renamed to `ddgs`! Use `pip install ddgs` instead.
  with DDGS() as ddgs:
/home/alexander/Schreibtisch/ofa-v2/langgraph_eval/agent.py:820: RuntimeWarning: This package (`duckduckgo_search`) has been renamed to `ddgs`! Use `pip install ddgs` instead.
  with DDGS() as ddgs:
2026-09-04 01:38:04,512 [mcp.server.lowlevel.server] INFO: Processing request of type CallToolRequest
2026-09-04 01:41:03,445 [oasis] INFO: Session journal saved: /tmp/oasis-source/data/sessions/session_064646e1-5d4d-4a0a-8cae-844c86ff286e.json (4 events)
[preflight] custody controls verified for 1 problem(s); keys sealed and unreadable by execution
[phase: development] results are for post-mortems and convergence checking, NOT for the paper's evaluation table.
[DUNE cache] sha256=dc2d5b8ff2ebf98e... (neutral, private copy per cell)
[FB2 27b MCP s3801] done  calls=59 tok=4194850/45540 863.0s
/home/alexander/.local/share/python/cpython-3.12.13-linux-x86_64-gnu/lib/python3.12/asyncio/selector_events.py:879: ResourceWarning: unclosed transport <_SelectorSocketTransport fd=9>
<<< FB2 seed 3801 done 2026-09-04 01:41:04
2026-09-04 01:41:20,386 [oasis] INFO: Session journal saved: /tmp/oasis-source/data/sessions/session_7159a5c8-5078-4809-8514-add71370e962.json (3 events)
[preflight] custody controls verified for 1 problem(s); keys sealed and unreadable by execution
[phase: development] results are for post-mortems and convergence checking, NOT for the paper's evaluation table.
[DUNE cache] sha256=dc2d5b8ff2ebf98e... (neutral, private copy per cell)
[FB2 27b MCP s3803] done  calls=68 tok=4893474/45996 880.1s
/home/alexander/.local/share/python/cpython-3.12.13-linux-x86_64-gnu/lib/python3.12/asyncio/selector_events.py:879: ResourceWarning: unclosed transport <_SelectorSocketTransport fd=9>
<<< FB2 seed 3803 done 2026-09-04 01:41:21
/home/alexander/Schreibtisch/ofa-v2/src/tools/result_audit.py:1341: ResourceWarning: unclosed file <_io.TextIOWrapper name='/home/alexander/Schreibtisch/ofa-v2/campaign3_blind/runs/FB2_27b_MCP_seed3802/work/solution_level1.csv' mode='r' encoding='UTF-8'>
  rows = [r for r in _csv.reader(f.open())
ResourceWarning: Enable tracemalloc to get the object allocation traceback
/home/alexander/Schreibtisch/ofa-v2/src/tools/result_audit.py:1341: ResourceWarning: unclosed file <_io.TextIOWrapper name='/home/alexander/Schreibtisch/ofa-v2/campaign3_blind/runs/FB2_27b_MCP_seed3802/work/solution_level2.csv' mode='r' encoding='UTF-8'>
  rows = [r for r in _csv.reader(f.open())
ResourceWarning: Enable tracemalloc to get the object allocation traceback
/home/alexander/Schreibtisch/ofa-v2/src/tools/result_audit.py:1341: ResourceWarning: unclosed file <_io.TextIOWrapper name='/home/alexander/Schreibtisch/ofa-v2/campaign3_blind/runs/FB2_27b_MCP_seed3802/work/solution_level3.csv' mode='r' encoding='UTF-8'>
  rows = [r for r in _csv.reader(f.open())
ResourceWarning: Enable tracemalloc to get the object allocation traceback
/home/alexander/Schreibtisch/ofa-v2/src/tools/result_audit.py:1341: ResourceWarning: unclosed file <_io.TextIOWrapper name='/home/alexander/Schreibtisch/ofa-v2/campaign3_blind/runs/FB2_27b_MCP_seed3802/work/solution_level1.csv' mode='r' encoding='UTF-8'>
  rows = [r for r in _csv.reader(f.open())
ResourceWarning: Enable tracemalloc to get the object allocation traceback
/home/alexander/Schreibtisch/ofa-v2/src/tools/result_audit.py:1341: ResourceWarning: unclosed file <_io.TextIOWrapper name='/home/alexander/Schreibtisch/ofa-v2/campaign3_blind/runs/FB2_27b_MCP_seed3802/work/solution_level2.csv' mode='r' encoding='UTF-8'>
  rows = [r for r in _csv.reader(f.open())
ResourceWarning: Enable tracemalloc to get the object allocation traceback
/home/alexander/Schreibtisch/ofa-v2/src/tools/result_audit.py:1341: ResourceWarning: unclosed file <_io.TextIOWrapper name='/home/alexander/Schreibtisch/ofa-v2/campaign3_blind/runs/FB2_27b_MCP_seed3802/work/solution_level3.csv' mode='r' encoding='UTF-8'>
  rows = [r for r in _csv.reader(f.open())
ResourceWarning: Enable tracemalloc to get the object allocation traceback
/home/alexander/Schreibtisch/ofa-v2/src/tools/result_audit.py:1341: ResourceWarning: unclosed file <_io.TextIOWrapper name='/home/alexander/Schreibtisch/ofa-v2/campaign3_blind/runs/FB2_27b_MCP_seed3802/work/solution_level1.csv' mode='r' encoding='UTF-8'>
  rows = [r for r in _csv.reader(f.open())
ResourceWarning: Enable tracemalloc to get the object allocation traceback
/home/alexander/Schreibtisch/ofa-v2/src/tools/result_audit.py:1341: ResourceWarning: unclosed file <_io.TextIOWrapper name='/home/alexander/Schreibtisch/ofa-v2/campaign3_blind/runs/FB2_27b_MCP_seed3802/work/solution_level2.csv' mode='r' encoding='UTF-8'>
  rows = [r for r in _csv.reader(f.open())
ResourceWarning: Enable tracemalloc to get the object allocation traceback
/home/alexander/Schreibtisch/ofa-v2/src/tools/result_audit.py:1341: ResourceWarning: unclosed file <_io.TextIOWrapper name='/home/alexander/Schreibtisch/ofa-v2/campaign3_blind/runs/FB2_27b_MCP_seed3802/work/solution_level3.csv' mode='r' encoding='UTF-8'>
  rows = [r for r in _csv.reader(f.open())
ResourceWarning: Enable tracemalloc to get the object allocation traceback
/home/alexander/Schreibtisch/ofa-v2/src/tools/result_audit.py:1341: ResourceWarning: unclosed file <_io.TextIOWrapper name='/home/alexander/Schreibtisch/ofa-v2/campaign3_blind/runs/FB2_27b_MCP_seed3802/work/solution_level1.csv' mode='r' encoding='UTF-8'>
  rows = [r for r in _csv.reader(f.open())
ResourceWarning: Enable tracemalloc to get the object allocation traceback
/home/alexander/Schreibtisch/ofa-v2/src/tools/result_audit.py:1341: ResourceWarning: unclosed file <_io.TextIOWrapper name='/home/alexander/Schreibtisch/ofa-v2/campaign3_blind/runs/FB2_27b_MCP_seed3802/work/solution_level2.csv' mode='r' encoding='UTF-8'>
  rows = [r for r in _csv.reader(f.open())
ResourceWarning: Enable tracemalloc to get the object allocation traceback
/home/alexander/Schreibtisch/ofa-v2/src/tools/result_audit.py:1341: ResourceWarning: unclosed file <_io.TextIOWrapper name='/home/alexander/Schreibtisch/ofa-v2/campaign3_blind/runs/FB2_27b_MCP_seed3802/work/solution_level3.csv' mode='r' encoding='UTF-8'>
  rows = [r for r in _csv.reader(f.open())
ResourceWarning: Enable tracemalloc to get the object allocation traceback
2026-09-04 02:04:53,269 [oasis] INFO: Session journal saved: /tmp/oasis-source/data/sessions/session_ac62ebf7-d687-4089-aeeb-f6a7f0120e91.json (4 events)
[preflight] custody controls verified for 1 problem(s); keys sealed and unreadable by execution
[phase: development] results are for post-mortems and convergence checking, NOT for the paper's evaluation table.
[DUNE cache] sha256=dc2d5b8ff2ebf98e... (neutral, private copy per cell)
[FB2 27b MCP s3802] done  calls=144 tok=9958180/42993 2292.9s
/home/alexander/.local/share/python/cpython-3.12.13-linux-x86_64-gnu/lib/python3.12/asyncio/selector_events.py:879: ResourceWarning: unclosed transport <_SelectorSocketTransport fd=9>
<<< FB2 seed 3802 done 2026-09-04 02:04:54
>>> FB2 MCP complete 2026-09-04 02:04:54
>>> FB2 MCP seeds 3901 3902 3903  start 2026-09-04 02:07:27
[source build] 6a6a9d2f6e88 sha256=e924d1fbcdf17101... (immutable)
[source build] 6a6a9d2f6e88 sha256=e924d1fbcdf17101... (immutable)
[source build] 6a6a9d2f6e88 sha256=e924d1fbcdf17101... (immutable)
2026-09-04 02:07:57,758 [oasis.registry] INFO: Loaded discovered config: 5 backends
2026-09-04 02:07:57,772 [oasis.registry] INFO: Registered backend: 4C Multiphysics (fourc)
2026-09-04 02:07:57,776 [oasis.registry] INFO: Registered backend: FEniCSx (dolfinx) (fenics)
2026-09-04 02:07:57,782 [oasis.registry] INFO: Registered backend: deal.II (dealii)
2026-09-04 02:07:57,808 [oasis.registry] INFO: Registered backend: FEBio (febio)
2026-09-04 02:07:57,822 [oasis.registry] INFO: Registered backend: NGSolve (ngsolve)
2026-09-04 02:07:57,822 [oasis.ngsolve] INFO: NGSolve backend registered
2026-09-04 02:07:57,835 [oasis.registry] INFO: Registered backend: scikit-fem (skfem)
2026-09-04 02:07:57,835 [oasis.skfem] INFO: scikit-fem backend registered
2026-09-04 02:07:57,857 [oasis.registry] INFO: Registered backend: Kratos Multiphysics (kratos)
2026-09-04 02:07:57,857 [oasis.kratos] INFO: Kratos Multiphysics backend registered
2026-09-04 02:07:57,867 [oasis.registry] INFO: Loaded discovered config: 5 backends
2026-09-04 02:07:57,871 [oasis.registry] INFO: Registered backend: DUNE-fem (dune)
2026-09-04 02:07:57,871 [oasis.dune] INFO: DUNE-fem backend registered
2026-09-04 02:07:57,877 [oasis.registry] INFO: Registered backend: 4C Multiphysics (fourc)
2026-09-04 02:07:57,881 [oasis.registry] INFO: Registered backend: FEniCSx (dolfinx) (fenics)
2026-09-04 02:07:57,884 [oasis.registry] INFO: Registered backend: SPARTA (DSMC) (sparta)
2026-09-04 02:07:57,884 [oasis.sparta] INFO: SPARTA (DSMC) backend registered
2026-09-04 02:07:57,885 [oasis] INFO: Starting OASiS MCP server
2026-09-04 02:07:57,885 [oasis.registry] INFO: Registered backend: deal.II (dealii)
2026-09-04 02:07:57,905 [oasis.registry] INFO: Registered backend: FEBio (febio)
2026-09-04 02:07:57,912 [mcp.server.lowlevel.server] INFO: Processing request of type ListToolsRequest
2026-09-04 02:07:57,918 [oasis.registry] INFO: Registered backend: NGSolve (ngsolve)
2026-09-04 02:07:57,918 [oasis.ngsolve] INFO: NGSolve backend registered
2026-09-04 02:07:57,932 [oasis.registry] INFO: Registered backend: scikit-fem (skfem)
2026-09-04 02:07:57,932 [oasis.skfem] INFO: scikit-fem backend registered
2026-09-04 02:07:57,953 [oasis.registry] INFO: Registered backend: Kratos Multiphysics (kratos)
2026-09-04 02:07:57,953 [oasis.kratos] INFO: Kratos Multiphysics backend registered
2026-09-04 02:07:57,967 [oasis.registry] INFO: Registered backend: DUNE-fem (dune)
2026-09-04 02:07:57,968 [oasis.dune] INFO: DUNE-fem backend registered
2026-09-04 02:07:57,981 [oasis.registry] INFO: Registered backend: SPARTA (DSMC) (sparta)
2026-09-04 02:07:57,981 [oasis.sparta] INFO: SPARTA (DSMC) backend registered
2026-09-04 02:07:57,981 [oasis] INFO: Starting OASiS MCP server
2026-09-04 02:07:58,010 [mcp.server.lowlevel.server] INFO: Processing request of type ListToolsRequest
2026-09-04 02:07:58,072 [oasis.registry] INFO: Loaded discovered config: 5 backends
2026-09-04 02:07:58,082 [oasis.registry] INFO: Registered backend: 4C Multiphysics (fourc)
2026-09-04 02:07:58,086 [oasis.registry] INFO: Registered backend: FEniCSx (dolfinx) (fenics)
2026-09-04 02:07:58,090 [oasis.registry] INFO: Registered backend: deal.II (dealii)
2026-09-04 02:07:58,113 [oasis.registry] INFO: Registered backend: FEBio (febio)
2026-09-04 02:07:58,126 [oasis.registry] INFO: Registered backend: NGSolve (ngsolve)
2026-09-04 02:07:58,126 [oasis.ngsolve] INFO: NGSolve backend registered
2026-09-04 02:07:58,141 [oasis.registry] INFO: Registered backend: scikit-fem (skfem)
2026-09-04 02:07:58,141 [oasis.skfem] INFO: scikit-fem backend registered
2026-09-04 02:07:58,163 [oasis.registry] INFO: Registered backend: Kratos Multiphysics (kratos)
2026-09-04 02:07:58,163 [oasis.kratos] INFO: Kratos Multiphysics backend registered
2026-09-04 02:07:58,177 [oasis.registry] INFO: Registered backend: DUNE-fem (dune)
2026-09-04 02:07:58,177 [oasis.dune] INFO: DUNE-fem backend registered
2026-09-04 02:07:58,191 [oasis.registry] INFO: Registered backend: SPARTA (DSMC) (sparta)
2026-09-04 02:07:58,191 [oasis.sparta] INFO: SPARTA (DSMC) backend registered
2026-09-04 02:07:58,191 [oasis] INFO: Starting OASiS MCP server
2026-09-04 02:07:58,219 [mcp.server.lowlevel.server] INFO: Processing request of type ListToolsRequest
2026-09-04 02:08:10,126 [mcp.server.lowlevel.server] INFO: Processing request of type CallToolRequest
2026-09-04 02:08:10,861 [mcp.server.lowlevel.server] INFO: Processing request of type CallToolRequest
2026-09-04 02:08:12,381 [mcp.server.lowlevel.server] INFO: Processing request of type CallToolRequest
2026-09-04 02:08:29,683 [mcp.server.lowlevel.server] INFO: Processing request of type CallToolRequest
2026-09-04 02:08:30,912 [mcp.server.lowlevel.server] INFO: Processing request of type CallToolRequest
2026-09-04 02:08:31,041 [mcp.server.lowlevel.server] INFO: Processing request of type CallToolRequest
2026-09-04 02:08:33,086 [mcp.server.lowlevel.server] INFO: Processing request of type CallToolRequest
2026-09-04 02:08:35,351 [mcp.server.lowlevel.server] INFO: Processing request of type CallToolRequest
2026-09-04 02:08:35,441 [mcp.server.lowlevel.server] INFO: Processing request of type CallToolRequest
/home/alexander/Schreibtisch/ofa-v2/langgraph_eval/agent.py:820: RuntimeWarning: This package (`duckduckgo_search`) has been renamed to `ddgs`! Use `pip install ddgs` instead.
  with DDGS() as ddgs:
/home/alexander/Schreibtisch/ofa-v2/langgraph_eval/agent.py:820: RuntimeWarning: This package (`duckduckgo_search`) has been renamed to `ddgs`! Use `pip install ddgs` instead.
  with DDGS() as ddgs:
/home/alexander/Schreibtisch/ofa-v2/langgraph_eval/agent.py:820: RuntimeWarning: This package (`duckduckgo_search`) has been renamed to `ddgs`! Use `pip install ddgs` instead.
  with DDGS() as ddgs:
/home/alexander/Schreibtisch/ofa-v2/langgraph_eval/agent.py:820: RuntimeWarning: This package (`duckduckgo_search`) has been renamed to `ddgs`! Use `pip install ddgs` instead.
  with DDGS() as ddgs:
/home/alexander/Schreibtisch/ofa-v2/langgraph_eval/agent.py:820: RuntimeWarning: This package (`duckduckgo_search`) has been renamed to `ddgs`! Use `pip install ddgs` instead.
  with DDGS() as ddgs:
/home/alexander/Schreibtisch/ofa-v2/langgraph_eval/agent.py:820: RuntimeWarning: This package (`duckduckgo_search`) has been renamed to `ddgs`! Use `pip install ddgs` instead.
  with DDGS() as ddgs:
/home/alexander/Schreibtisch/ofa-v2/langgraph_eval/agent.py:820: RuntimeWarning: This package (`duckduckgo_search`) has been renamed to `ddgs`! Use `pip install ddgs` instead.
  with DDGS() as ddgs:
2026-09-04 02:09:15,652 [mcp.server.lowlevel.server] INFO: Processing request of type CallToolRequest
/home/alexander/Schreibtisch/ofa-v2/langgraph_eval/agent.py:820: RuntimeWarning: This package (`duckduckgo_search`) has been renamed to `ddgs`! Use `pip install ddgs` instead.
  with DDGS() as ddgs:
/home/alexander/Schreibtisch/ofa-v2/langgraph_eval/agent.py:820: RuntimeWarning: This package (`duckduckgo_search`) has been renamed to `ddgs`! Use `pip install ddgs` instead.
  with DDGS() as ddgs:
2026-09-04 02:09:26,332 [mcp.server.lowlevel.server] INFO: Processing request of type CallToolRequest
2026-09-04 02:09:32,375 [mcp.server.lowlevel.server] INFO: Processing request of type CallToolRequest
2026-09-04 02:09:41,402 [mcp.server.lowlevel.server] INFO: Processing request of type CallToolRequest
/home/alexander/Schreibtisch/ofa-v2/src/tools/result_audit.py:1341: ResourceWarning: unclosed file <_io.TextIOWrapper name='/home/alexander/Schreibtisch/ofa-v2/campaign3_blind/runs/FB2_27b_MCP_seed3903/work/solution_level1.csv' mode='r' encoding='UTF-8'>
  rows = [r for r in _csv.reader(f.open())
ResourceWarning: Enable tracemalloc to get the object allocation traceback
/home/alexander/Schreibtisch/ofa-v2/src/tools/result_audit.py:1341: ResourceWarning: unclosed file <_io.TextIOWrapper name='/home/alexander/Schreibtisch/ofa-v2/campaign3_blind/runs/FB2_27b_MCP_seed3903/work/solution_level2.csv' mode='r' encoding='UTF-8'>
  rows = [r for r in _csv.reader(f.open())
ResourceWarning: Enable tracemalloc to get the object allocation traceback
/home/alexander/Schreibtisch/ofa-v2/src/tools/result_audit.py:1341: ResourceWarning: unclosed file <_io.TextIOWrapper name='/home/alexander/Schreibtisch/ofa-v2/campaign3_blind/runs/FB2_27b_MCP_seed3903/work/solution_level3.csv' mode='r' encoding='UTF-8'>
  rows = [r for r in _csv.reader(f.open())
ResourceWarning: Enable tracemalloc to get the object allocation traceback
/home/alexander/Schreibtisch/ofa-v2/src/tools/result_audit.py:534: ResourceWarning: unclosed file <_io.TextIOWrapper name='/home/alexander/Schreibtisch/ofa-v2/campaign3_blind/runs/FB2_27b_MCP_seed3903/work/solution_level1.csv' mode='r' encoding='UTF-8'>
  rows = sum(1 for _ in open(sol0[0], errors="ignore")) - 1
ResourceWarning: Enable tracemalloc to get the object allocation traceback
/home/alexander/Schreibtisch/ofa-v2/src/tools/result_audit.py:1341: ResourceWarning: unclosed file <_io.TextIOWrapper name='/home/alexander/Schreibtisch/ofa-v2/campaign3_blind/runs/FB2_27b_MCP_seed3903/work/solution_level1.csv' mode='r' encoding='UTF-8'>
  rows = [r for r in _csv.reader(f.open())
ResourceWarning: Enable tracemalloc to get the object allocation traceback
/home/alexander/Schreibtisch/ofa-v2/src/tools/result_audit.py:1341: ResourceWarning: unclosed file <_io.TextIOWrapper name='/home/alexander/Schreibtisch/ofa-v2/campaign3_blind/runs/FB2_27b_MCP_seed3903/work/solution_level2.csv' mode='r' encoding='UTF-8'>
  rows = [r for r in _csv.reader(f.open())
ResourceWarning: Enable tracemalloc to get the object allocation traceback
/home/alexander/Schreibtisch/ofa-v2/src/tools/result_audit.py:1341: ResourceWarning: unclosed file <_io.TextIOWrapper name='/home/alexander/Schreibtisch/ofa-v2/campaign3_blind/runs/FB2_27b_MCP_seed3903/work/solution_level3.csv' mode='r' encoding='UTF-8'>
  rows = [r for r in _csv.reader(f.open())
ResourceWarning: Enable tracemalloc to get the object allocation traceback
/home/alexander/Schreibtisch/ofa-v2/src/tools/result_audit.py:1341: ResourceWarning: unclosed file <_io.TextIOWrapper name='/home/alexander/Schreibtisch/ofa-v2/campaign3_blind/runs/FB2_27b_MCP_seed3903/work/solution_level1.csv' mode='r' encoding='UTF-8'>
  rows = [r for r in _csv.reader(f.open())
ResourceWarning: Enable tracemalloc to get the object allocation traceback
/home/alexander/Schreibtisch/ofa-v2/src/tools/result_audit.py:1341: ResourceWarning: unclosed file <_io.TextIOWrapper name='/home/alexander/Schreibtisch/ofa-v2/campaign3_blind/runs/FB2_27b_MCP_seed3903/work/solution_level2.csv' mode='r' encoding='UTF-8'>
  rows = [r for r in _csv.reader(f.open())
ResourceWarning: Enable tracemalloc to get the object allocation traceback
/home/alexander/Schreibtisch/ofa-v2/src/tools/result_audit.py:1341: ResourceWarning: unclosed file <_io.TextIOWrapper name='/home/alexander/Schreibtisch/ofa-v2/campaign3_blind/runs/FB2_27b_MCP_seed3903/work/solution_level3.csv' mode='r' encoding='UTF-8'>
  rows = [r for r in _csv.reader(f.open())
ResourceWarning: Enable tracemalloc to get the object allocation traceback
/home/alexander/Schreibtisch/ofa-v2/src/tools/result_audit.py:534: ResourceWarning: unclosed file <_io.TextIOWrapper name='/home/alexander/Schreibtisch/ofa-v2/campaign3_blind/runs/FB2_27b_MCP_seed3903/work/solution_level1.csv' mode='r' encoding='UTF-8'>
  rows = sum(1 for _ in open(sol0[0], errors="ignore")) - 1
ResourceWarning: Enable tracemalloc to get the object allocation traceback
/home/alexander/Schreibtisch/ofa-v2/src/tools/result_audit.py:1341: ResourceWarning: unclosed file <_io.TextIOWrapper name='/home/alexander/Schreibtisch/ofa-v2/campaign3_blind/runs/FB2_27b_MCP_seed3903/work/solution_level1.csv' mode='r' encoding='UTF-8'>
  rows = [r for r in _csv.reader(f.open())
ResourceWarning: Enable tracemalloc to get the object allocation traceback
/home/alexander/Schreibtisch/ofa-v2/src/tools/result_audit.py:1341: ResourceWarning: unclosed file <_io.TextIOWrapper name='/home/alexander/Schreibtisch/ofa-v2/campaign3_blind/runs/FB2_27b_MCP_seed3903/work/solution_level2.csv' mode='r' encoding='UTF-8'>
  rows = [r for r in _csv.reader(f.open())
ResourceWarning: Enable tracemalloc to get the object allocation traceback
/home/alexander/Schreibtisch/ofa-v2/src/tools/result_audit.py:1341: ResourceWarning: unclosed file <_io.TextIOWrapper name='/home/alexander/Schreibtisch/ofa-v2/campaign3_blind/runs/FB2_27b_MCP_seed3903/work/solution_level3.csv' mode='r' encoding='UTF-8'>
  rows = [r for r in _csv.reader(f.open())
ResourceWarning: Enable tracemalloc to get the object allocation traceback
2026-09-04 02:17:41,686 [mcp.server.lowlevel.server] INFO: Processing request of type CallToolRequest
2026-09-04 02:20:15,287 [mcp.server.lowlevel.server] INFO: Processing request of type CallToolRequest
/home/alexander/Schreibtisch/ofa-v2/src/tools/result_audit.py:1341: ResourceWarning: unclosed file <_io.TextIOWrapper name='/home/alexander/Schreibtisch/ofa-v2/campaign3_blind/runs/FB2_27b_MCP_seed3903/work/solution_level1.csv' mode='r' encoding='UTF-8'>
  rows = [r for r in _csv.reader(f.open())
ResourceWarning: Enable tracemalloc to get the object allocation traceback
/home/alexander/Schreibtisch/ofa-v2/src/tools/result_audit.py:1341: ResourceWarning: unclosed file <_io.TextIOWrapper name='/home/alexander/Schreibtisch/ofa-v2/campaign3_blind/runs/FB2_27b_MCP_seed3903/work/solution_level2.csv' mode='r' encoding='UTF-8'>
  rows = [r for r in _csv.reader(f.open())
ResourceWarning: Enable tracemalloc to get the object allocation traceback
/home/alexander/Schreibtisch/ofa-v2/src/tools/result_audit.py:1341: ResourceWarning: unclosed file <_io.TextIOWrapper name='/home/alexander/Schreibtisch/ofa-v2/campaign3_blind/runs/FB2_27b_MCP_seed3903/work/solution_level3.csv' mode='r' encoding='UTF-8'>
  rows = [r for r in _csv.reader(f.open())
ResourceWarning: Enable tracemalloc to get the object allocation traceback
/home/alexander/Schreibtisch/ofa-v2/src/tools/result_audit.py:534: ResourceWarning: unclosed file <_io.TextIOWrapper name='/home/alexander/Schreibtisch/ofa-v2/campaign3_blind/runs/FB2_27b_MCP_seed3903/work/solution_level1.csv' mode='r' encoding='UTF-8'>
  rows = sum(1 for _ in open(sol0[0], errors="ignore")) - 1
ResourceWarning: Enable tracemalloc to get the object allocation traceback
/home/alexander/Schreibtisch/ofa-v2/src/tools/result_audit.py:1341: ResourceWarning: unclosed file <_io.TextIOWrapper name='/home/alexander/Schreibtisch/ofa-v2/campaign3_blind/runs/FB2_27b_MCP_seed3903/work/solution_level1.csv' mode='r' encoding='UTF-8'>
  rows = [r for r in _csv.reader(f.open())
ResourceWarning: Enable tracemalloc to get the object allocation traceback
/home/alexander/Schreibtisch/ofa-v2/src/tools/result_audit.py:1341: ResourceWarning: unclosed file <_io.TextIOWrapper name='/home/alexander/Schreibtisch/ofa-v2/campaign3_blind/runs/FB2_27b_MCP_seed3903/work/solution_level2.csv' mode='r' encoding='UTF-8'>
  rows = [r for r in _csv.reader(f.open())
ResourceWarning: Enable tracemalloc to get the object allocation traceback
/home/alexander/Schreibtisch/ofa-v2/src/tools/result_audit.py:1341: ResourceWarning: unclosed file <_io.TextIOWrapper name='/home/alexander/Schreibtisch/ofa-v2/campaign3_blind/runs/FB2_27b_MCP_seed3903/work/solution_level3.csv' mode='r' encoding='UTF-8'>
  rows = [r for r in _csv.reader(f.open())
ResourceWarning: Enable tracemalloc to get the object allocation traceback
/home/alexander/Schreibtisch/ofa-v2/src/tools/result_audit.py:1341: ResourceWarning: unclosed file <_io.TextIOWrapper name='/home/alexander/Schreibtisch/ofa-v2/campaign3_blind/runs/FB2_27b_MCP_seed3903/work/solution_level1.csv' mode='r' encoding='UTF-8'>
  rows = [r for r in _csv.reader(f.open())
ResourceWarning: Enable tracemalloc to get the object allocation traceback
/home/alexander/Schreibtisch/ofa-v2/src/tools/result_audit.py:1341: ResourceWarning: unclosed file <_io.TextIOWrapper name='/home/alexander/Schreibtisch/ofa-v2/campaign3_blind/runs/FB2_27b_MCP_seed3903/work/solution_level2.csv' mode='r' encoding='UTF-8'>
  rows = [r for r in _csv.reader(f.open())
ResourceWarning: Enable tracemalloc to get the object allocation traceback
/home/alexander/Schreibtisch/ofa-v2/src/tools/result_audit.py:1341: ResourceWarning: unclosed file <_io.TextIOWrapper name='/home/alexander/Schreibtisch/ofa-v2/campaign3_blind/runs/FB2_27b_MCP_seed3903/work/solution_level3.csv' mode='r' encoding='UTF-8'>
  rows = [r for r in _csv.reader(f.open())
ResourceWarning: Enable tracemalloc to get the object allocation traceback
/home/alexander/Schreibtisch/ofa-v2/src/tools/result_audit.py:534: ResourceWarning: unclosed file <_io.TextIOWrapper name='/home/alexander/Schreibtisch/ofa-v2/campaign3_blind/runs/FB2_27b_MCP_seed3903/work/solution_level1.csv' mode='r' encoding='UTF-8'>
  rows = sum(1 for _ in open(sol0[0], errors="ignore")) - 1
ResourceWarning: Enable tracemalloc to get the object allocation traceback
/home/alexander/Schreibtisch/ofa-v2/src/tools/result_audit.py:1341: ResourceWarning: unclosed file <_io.TextIOWrapper name='/home/alexander/Schreibtisch/ofa-v2/campaign3_blind/runs/FB2_27b_MCP_seed3903/work/solution_level1.csv' mode='r' encoding='UTF-8'>
  rows = [r for r in _csv.reader(f.open())
ResourceWarning: Enable tracemalloc to get the object allocation traceback
/home/alexander/Schreibtisch/ofa-v2/src/tools/result_audit.py:1341: ResourceWarning: unclosed file <_io.TextIOWrapper name='/home/alexander/Schreibtisch/ofa-v2/campaign3_blind/runs/FB2_27b_MCP_seed3903/work/solution_level2.csv' mode='r' encoding='UTF-8'>
  rows = [r for r in _csv.reader(f.open())
ResourceWarning: Enable tracemalloc to get the object allocation traceback
/home/alexander/Schreibtisch/ofa-v2/src/tools/result_audit.py:1341: ResourceWarning: unclosed file <_io.TextIOWrapper name='/home/alexander/Schreibtisch/ofa-v2/campaign3_blind/runs/FB2_27b_MCP_seed3903/work/solution_level3.csv' mode='r' encoding='UTF-8'>
  rows = [r for r in _csv.reader(f.open())
ResourceWarning: Enable tracemalloc to get the object allocation traceback
/home/alexander/Schreibtisch/ofa-v2/src/tools/result_audit.py:534: ResourceWarning: unclosed file <_io.TextIOWrapper name='/home/alexander/Schreibtisch/ofa-v2/campaign3_blind/runs/FB2_27b_MCP_seed3903/work/solution_level1.csv' mode='r' encoding='UTF-8'>
  rows = sum(1 for _ in open(sol0[0], errors="ignore")) - 1
ResourceWarning: Enable tracemalloc to get the object allocation traceback
/home/alexander/Schreibtisch/ofa-v2/src/tools/result_audit.py:1341: ResourceWarning: unclosed file <_io.TextIOWrapper name='/home/alexander/Schreibtisch/ofa-v2/campaign3_blind/runs/FB2_27b_MCP_seed3903/work/solution_level1.csv' mode='r' encoding='UTF-8'>
  rows = [r for r in _csv.reader(f.open())
ResourceWarning: Enable tracemalloc to get the object allocation traceback
/home/alexander/Schreibtisch/ofa-v2/src/tools/result_audit.py:1341: ResourceWarning: unclosed file <_io.TextIOWrapper name='/home/alexander/Schreibtisch/ofa-v2/campaign3_blind/runs/FB2_27b_MCP_seed3903/work/solution_level2.csv' mode='r' encoding='UTF-8'>
  rows = [r for r in _csv.reader(f.open())
ResourceWarning: Enable tracemalloc to get the object allocation traceback
/home/alexander/Schreibtisch/ofa-v2/src/tools/result_audit.py:1341: ResourceWarning: unclosed file <_io.TextIOWrapper name='/home/alexander/Schreibtisch/ofa-v2/campaign3_blind/runs/FB2_27b_MCP_seed3903/work/solution_level3.csv' mode='r' encoding='UTF-8'>
  rows = [r for r in _csv.reader(f.open())
ResourceWarning: Enable tracemalloc to get the object allocation traceback
/home/alexander/Schreibtisch/ofa-v2/src/tools/result_audit.py:534: ResourceWarning: unclosed file <_io.TextIOWrapper name='/home/alexander/Schreibtisch/ofa-v2/campaign3_blind/runs/FB2_27b_MCP_seed3903/work/solution_level1.csv' mode='r' encoding='UTF-8'>
  rows = sum(1 for _ in open(sol0[0], errors="ignore")) - 1
ResourceWarning: Enable tracemalloc to get the object allocation traceback
/home/alexander/Schreibtisch/ofa-v2/src/tools/result_audit.py:1341: ResourceWarning: unclosed file <_io.TextIOWrapper name='/home/alexander/Schreibtisch/ofa-v2/campaign3_blind/runs/FB2_27b_MCP_seed3903/work/solution_level1.csv' mode='r' encoding='UTF-8'>
  rows = [r for r in _csv.reader(f.open())
ResourceWarning: Enable tracemalloc to get the object allocation traceback
/home/alexander/Schreibtisch/ofa-v2/src/tools/result_audit.py:1341: ResourceWarning: unclosed file <_io.TextIOWrapper name='/home/alexander/Schreibtisch/ofa-v2/campaign3_blind/runs/FB2_27b_MCP_seed3903/work/solution_level2.csv' mode='r' encoding='UTF-8'>
  rows = [r for r in _csv.reader(f.open())
ResourceWarning: Enable tracemalloc to get the object allocation traceback
/home/alexander/Schreibtisch/ofa-v2/src/tools/result_audit.py:1341: ResourceWarning: unclosed file <_io.TextIOWrapper name='/home/alexander/Schreibtisch/ofa-v2/campaign3_blind/runs/FB2_27b_MCP_seed3903/work/solution_level3.csv' mode='r' encoding='UTF-8'>
  rows = [r for r in _csv.reader(f.open())
ResourceWarning: Enable tracemalloc to get the object allocation traceback
2026-09-04 02:30:24,786 [oasis] INFO: Session journal saved: /tmp/oasis-source/data/sessions/session_eff1a066-8b74-4950-ad1a-047f2d12ead8.json (6 events)
[preflight] custody controls verified for 1 problem(s); keys sealed and unreadable by execution
[phase: development] results are for post-mortems and convergence checking, NOT for the paper's evaluation table.
[DUNE cache] sha256=dc2d5b8ff2ebf98e... (neutral, private copy per cell)
[FB2 27b MCP s3903] done  calls=66 tok=6487592/55079 1349.6s
/home/alexander/.local/share/python/cpython-3.12.13-linux-x86_64-gnu/lib/python3.12/asyncio/selector_events.py:879: ResourceWarning: unclosed transport <_SelectorSocketTransport fd=9>
<<< FB2 seed 3903 done 2026-09-04 02:30:25
2026-09-04 02:31:45,464 [oasis] INFO: Session journal saved: /tmp/oasis-source/data/sessions/session_f39041fb-90b4-47b3-bbe4-3d62a9bfd8ee.json (3 events)
[preflight] custody controls verified for 1 problem(s); keys sealed and unreadable by execution
[phase: development] results are for post-mortems and convergence checking, NOT for the paper's evaluation table.
[DUNE cache] sha256=dc2d5b8ff2ebf98e... (neutral, private copy per cell)
[FB2 27b MCP s3902] done  calls=54 tok=5485078/68948 1430.4s
<<< FB2 seed 3902 done 2026-09-04 02:31:46
2026-09-04 02:32:55,518 [mcp.server.lowlevel.server] INFO: Processing request of type CallToolRequest
2026-09-04 02:33:00,420 [oasis] INFO: Session journal saved: /tmp/oasis-source/data/sessions/session_d566323c-9ed9-4096-b3ff-8f4c5724443f.json (2 events)
[preflight] custody controls verified for 1 problem(s); keys sealed and unreadable by execution
[phase: development] results are for post-mortems and convergence checking, NOT for the paper's evaluation table.
[DUNE cache] sha256=dc2d5b8ff2ebf98e... (neutral, private copy per cell)
[FB2 27b MCP s3901] done  calls=81 tok=6819685/52541 1505.1s
<<< FB2 seed 3901 done 2026-09-04 02:33:01
>>> FB2 MCP complete 2026-09-04 02:33:01
>>> FB2 MCP seeds 5501 5502 5503  start 2026-09-04 12:34:50
[source build] 1501a19a60b4 sha256=57736e9d9461d42b... (immutable)
[source build] 1501a19a60b4 sha256=57736e9d9461d42b... (immutable)
[source build] 1501a19a60b4 sha256=57736e9d9461d42b... (immutable)
2026-09-04 12:35:22,524 [oasis.registry] INFO: Loaded discovered config: 5 backends
2026-09-04 12:35:22,538 [oasis.registry] INFO: Registered backend: 4C Multiphysics (fourc)
2026-09-04 12:35:22,542 [oasis.registry] INFO: Registered backend: FEniCSx (dolfinx) (fenics)
2026-09-04 12:35:22,549 [oasis.registry] INFO: Registered backend: deal.II (dealii)
2026-09-04 12:35:22,575 [oasis.registry] INFO: Registered backend: FEBio (febio)
2026-09-04 12:35:22,590 [oasis.registry] INFO: Registered backend: NGSolve (ngsolve)
2026-09-04 12:35:22,591 [oasis.ngsolve] INFO: NGSolve backend registered
2026-09-04 12:35:22,605 [oasis.registry] INFO: Registered backend: scikit-fem (skfem)
2026-09-04 12:35:22,605 [oasis.skfem] INFO: scikit-fem backend registered
2026-09-04 12:35:22,627 [oasis.registry] INFO: Registered backend: Kratos Multiphysics (kratos)
2026-09-04 12:35:22,627 [oasis.kratos] INFO: Kratos Multiphysics backend registered
2026-09-04 12:35:22,644 [oasis.registry] INFO: Registered backend: DUNE-fem (dune)
2026-09-04 12:35:22,644 [oasis.dune] INFO: DUNE-fem backend registered
2026-09-04 12:35:22,662 [oasis.registry] INFO: Registered backend: SPARTA (DSMC) (sparta)
2026-09-04 12:35:22,662 [oasis.sparta] INFO: SPARTA (DSMC) backend registered
2026-09-04 12:35:22,662 [oasis] INFO: Starting OASiS MCP server
2026-09-04 12:35:22,699 [mcp.server.lowlevel.server] INFO: Processing request of type ListToolsRequest
2026-09-04 12:35:22,866 [oasis.registry] INFO: Loaded discovered config: 5 backends
2026-09-04 12:35:22,876 [oasis.registry] INFO: Registered backend: 4C Multiphysics (fourc)
2026-09-04 12:35:22,880 [oasis.registry] INFO: Registered backend: FEniCSx (dolfinx) (fenics)
2026-09-04 12:35:22,884 [oasis.registry] INFO: Registered backend: deal.II (dealii)
2026-09-04 12:35:22,904 [oasis.registry] INFO: Registered backend: FEBio (febio)
2026-09-04 12:35:22,917 [oasis.registry] INFO: Registered backend: NGSolve (ngsolve)
2026-09-04 12:35:22,917 [oasis.ngsolve] INFO: NGSolve backend registered
2026-09-04 12:35:22,931 [oasis.registry] INFO: Registered backend: scikit-fem (skfem)
2026-09-04 12:35:22,931 [oasis.skfem] INFO: scikit-fem backend registered
2026-09-04 12:35:22,952 [oasis.registry] INFO: Registered backend: Kratos Multiphysics (kratos)
2026-09-04 12:35:22,952 [oasis.kratos] INFO: Kratos Multiphysics backend registered
2026-09-04 12:35:22,966 [oasis.registry] INFO: Loaded discovered config: 5 backends
2026-09-04 12:35:22,968 [oasis.registry] INFO: Registered backend: DUNE-fem (dune)
2026-09-04 12:35:22,968 [oasis.dune] INFO: DUNE-fem backend registered
2026-09-04 12:35:22,977 [oasis.registry] INFO: Registered backend: 4C Multiphysics (fourc)
2026-09-04 12:35:22,980 [oasis.registry] INFO: Registered backend: FEniCSx (dolfinx) (fenics)
2026-09-04 12:35:22,985 [oasis.registry] INFO: Registered backend: deal.II (dealii)
2026-09-04 12:35:22,986 [oasis.registry] INFO: Registered backend: SPARTA (DSMC) (sparta)
2026-09-04 12:35:22,986 [oasis.sparta] INFO: SPARTA (DSMC) backend registered
2026-09-04 12:35:22,986 [oasis] INFO: Starting OASiS MCP server
2026-09-04 12:35:23,007 [oasis.registry] INFO: Registered backend: FEBio (febio)
2026-09-04 12:35:23,013 [mcp.server.lowlevel.server] INFO: Processing request of type ListToolsRequest
2026-09-04 12:35:23,020 [oasis.registry] INFO: Registered backend: NGSolve (ngsolve)
2026-09-04 12:35:23,020 [oasis.ngsolve] INFO: NGSolve backend registered
2026-09-04 12:35:23,037 [oasis.registry] INFO: Registered backend: scikit-fem (skfem)
2026-09-04 12:35:23,037 [oasis.skfem] INFO: scikit-fem backend registered
2026-09-04 12:35:23,058 [oasis.registry] INFO: Registered backend: Kratos Multiphysics (kratos)
2026-09-04 12:35:23,058 [oasis.kratos] INFO: Kratos Multiphysics backend registered
2026-09-04 12:35:23,074 [oasis.registry] INFO: Registered backend: DUNE-fem (dune)
2026-09-04 12:35:23,074 [oasis.dune] INFO: DUNE-fem backend registered
2026-09-04 12:35:23,089 [oasis.registry] INFO: Registered backend: SPARTA (DSMC) (sparta)
2026-09-04 12:35:23,089 [oasis.sparta] INFO: SPARTA (DSMC) backend registered
2026-09-04 12:35:23,089 [oasis] INFO: Starting OASiS MCP server
2026-09-04 12:35:23,118 [mcp.server.lowlevel.server] INFO: Processing request of type ListToolsRequest
2026-09-04 12:35:32,823 [mcp.server.lowlevel.server] INFO: Processing request of type CallToolRequest
2026-09-04 12:35:33,436 [mcp.server.lowlevel.server] INFO: Processing request of type CallToolRequest
2026-09-04 12:35:35,669 [mcp.server.lowlevel.server] INFO: Processing request of type CallToolRequest
2026-09-04 12:36:07,443 [mcp.server.lowlevel.server] INFO: Processing request of type CallToolRequest
/home/alexander/Schreibtisch/ofa-v2/langgraph_eval/agent.py:820: RuntimeWarning: This package (`duckduckgo_search`) has been renamed to `ddgs`! Use `pip install ddgs` instead.
  with DDGS() as ddgs:
2026-09-04 12:36:07,509 [mcp.server.lowlevel.server] INFO: Processing request of type CallToolRequest
/home/alexander/Schreibtisch/ofa-v2/langgraph_eval/agent.py:820: RuntimeWarning: This package (`duckduckgo_search`) has been renamed to `ddgs`! Use `pip install ddgs` instead.
  with DDGS() as ddgs:
/home/alexander/Schreibtisch/ofa-v2/langgraph_eval/agent.py:820: RuntimeWarning: This package (`duckduckgo_search`) has been renamed to `ddgs`! Use `pip install ddgs` instead.
  with DDGS() as ddgs:
2026-09-04 12:36:19,630 [mcp.server.lowlevel.server] INFO: Processing request of type CallToolRequest
/home/alexander/Schreibtisch/ofa-v2/langgraph_eval/agent.py:820: RuntimeWarning: This package (`duckduckgo_search`) has been renamed to `ddgs`! Use `pip install ddgs` instead.
  with DDGS() as ddgs:
2026-09-04 12:36:30,680 [mcp.server.lowlevel.server] INFO: Processing request of type CallToolRequest
2026-09-04 12:36:30,686 [mcp.server.lowlevel.server] INFO: Processing request of type CallToolRequest
/home/alexander/Schreibtisch/ofa-v2/langgraph_eval/agent.py:820: RuntimeWarning: This package (`duckduckgo_search`) has been renamed to `ddgs`! Use `pip install ddgs` instead.
  with DDGS() as ddgs:
/home/alexander/Schreibtisch/ofa-v2/langgraph_eval/agent.py:820: RuntimeWarning: This package (`duckduckgo_search`) has been renamed to `ddgs`! Use `pip install ddgs` instead.
  with DDGS() as ddgs:
2026-09-04 12:37:17,255 [mcp.server.lowlevel.server] INFO: Processing request of type CallToolRequest
/home/alexander/Schreibtisch/ofa-v2/langgraph_eval/agent.py:820: RuntimeWarning: This package (`duckduckgo_search`) has been renamed to `ddgs`! Use `pip install ddgs` instead.
  with DDGS() as ddgs:
2026-09-04 12:37:17,266 [mcp.server.lowlevel.server] INFO: Processing request of type CallToolRequest
/home/alexander/Schreibtisch/ofa-v2/langgraph_eval/agent.py:820: RuntimeWarning: This package (`duckduckgo_search`) has been renamed to `ddgs`! Use `pip install ddgs` instead.
  with DDGS() as ddgs:
/home/alexander/Schreibtisch/ofa-v2/langgraph_eval/agent.py:820: RuntimeWarning: This package (`duckduckgo_search`) has been renamed to `ddgs`! Use `pip install ddgs` instead.
  with DDGS() as ddgs:
/home/alexander/Schreibtisch/ofa-v2/langgraph_eval/agent.py:820: RuntimeWarning: This package (`duckduckgo_search`) has been renamed to `ddgs`! Use `pip install ddgs` instead.
  with DDGS() as ddgs:
2026-09-04 12:37:38,828 [mcp.server.lowlevel.server] INFO: Processing request of type CallToolRequest
/home/alexander/Schreibtisch/ofa-v2/langgraph_eval/agent.py:820: RuntimeWarning: This package (`duckduckgo_search`) has been renamed to `ddgs`! Use `pip install ddgs` instead.
  with DDGS() as ddgs:
2026-09-04 12:37:38,867 [mcp.server.lowlevel.server] INFO: Processing request of type CallToolRequest
/home/alexander/Schreibtisch/ofa-v2/langgraph_eval/agent.py:820: RuntimeWarning: This package (`duckduckgo_search`) has been renamed to `ddgs`! Use `pip install ddgs` instead.
  with DDGS() as ddgs:
/home/alexander/Schreibtisch/ofa-v2/langgraph_eval/agent.py:820: RuntimeWarning: This package (`duckduckgo_search`) has been renamed to `ddgs`! Use `pip install ddgs` instead.
  with DDGS() as ddgs:
2026-09-04 12:37:39,728 [mcp.server.lowlevel.server] INFO: Processing request of type CallToolRequest
2026-09-04 12:37:52,051 [mcp.server.lowlevel.server] INFO: Processing request of type CallToolRequest
2026-09-04 12:37:52,377 [mcp.server.lowlevel.server] INFO: Processing request of type CallToolRequest
2026-09-04 12:37:57,305 [mcp.server.lowlevel.server] INFO: Processing request of type CallToolRequest
2026-09-04 12:38:14,256 [mcp.server.lowlevel.server] INFO: Processing request of type CallToolRequest
2026-09-04 12:38:28,048 [mcp.server.lowlevel.server] INFO: Processing request of type CallToolRequest
/home/alexander/Schreibtisch/ofa-v2/src/tools/result_audit.py:1341: ResourceWarning: unclosed file <_io.TextIOWrapper name='/home/alexander/Schreibtisch/ofa-v2/campaign3_blind/runs/FB2_27b_MCP_seed5501/work/solution_level1.csv' mode='r' encoding='UTF-8'>
  rows = [r for r in _csv.reader(f.open())
ResourceWarning: Enable tracemalloc to get the object allocation traceback
/home/alexander/Schreibtisch/ofa-v2/src/tools/result_audit.py:1341: ResourceWarning: unclosed file <_io.TextIOWrapper name='/home/alexander/Schreibtisch/ofa-v2/campaign3_blind/runs/FB2_27b_MCP_seed5501/work/solution_level1.csv' mode='r' encoding='UTF-8'>
  rows = [r for r in _csv.reader(f.open())
ResourceWarning: Enable tracemalloc to get the object allocation traceback
/home/alexander/Schreibtisch/ofa-v2/src/tools/result_audit.py:1341: ResourceWarning: unclosed file <_io.TextIOWrapper name='/home/alexander/Schreibtisch/ofa-v2/campaign3_blind/runs/FB2_27b_MCP_seed5501/work/solution_level2.csv' mode='r' encoding='UTF-8'>
  rows = [r for r in _csv.reader(f.open())
ResourceWarning: Enable tracemalloc to get the object allocation traceback
/home/alexander/Schreibtisch/ofa-v2/src/tools/result_audit.py:1341: ResourceWarning: unclosed file <_io.TextIOWrapper name='/home/alexander/Schreibtisch/ofa-v2/campaign3_blind/runs/FB2_27b_MCP_seed5502/work/solution_level1.csv' mode='r' encoding='UTF-8'>
  rows = [r for r in _csv.reader(f.open())
ResourceWarning: Enable tracemalloc to get the object allocation traceback
/home/alexander/Schreibtisch/ofa-v2/src/tools/result_audit.py:1341: ResourceWarning: unclosed file <_io.TextIOWrapper name='/home/alexander/Schreibtisch/ofa-v2/campaign3_blind/runs/FB2_27b_MCP_seed5502/work/solution_level2.csv' mode='r' encoding='UTF-8'>
  rows = [r for r in _csv.reader(f.open())
ResourceWarning: Enable tracemalloc to get the object allocation traceback
/home/alexander/Schreibtisch/ofa-v2/src/tools/result_audit.py:1341: ResourceWarning: unclosed file <_io.TextIOWrapper name='/home/alexander/Schreibtisch/ofa-v2/campaign3_blind/runs/FB2_27b_MCP_seed5502/work/solution_level3.csv' mode='r' encoding='UTF-8'>
  rows = [r for r in _csv.reader(f.open())
ResourceWarning: Enable tracemalloc to get the object allocation traceback
/home/alexander/Schreibtisch/ofa-v2/src/tools/result_audit.py:1341: ResourceWarning: unclosed file <_io.TextIOWrapper name='/home/alexander/Schreibtisch/ofa-v2/campaign3_blind/runs/FB2_27b_MCP_seed5502/work/solution_level1.csv' mode='r' encoding='UTF-8'>
  rows = [r for r in _csv.reader(f.open())
ResourceWarning: Enable tracemalloc to get the object allocation traceback
/home/alexander/Schreibtisch/ofa-v2/src/tools/result_audit.py:1341: ResourceWarning: unclosed file <_io.TextIOWrapper name='/home/alexander/Schreibtisch/ofa-v2/campaign3_blind/runs/FB2_27b_MCP_seed5502/work/solution_level2.csv' mode='r' encoding='UTF-8'>
  rows = [r for r in _csv.reader(f.open())
ResourceWarning: Enable tracemalloc to get the object allocation traceback
/home/alexander/Schreibtisch/ofa-v2/src/tools/result_audit.py:1341: ResourceWarning: unclosed file <_io.TextIOWrapper name='/home/alexander/Schreibtisch/ofa-v2/campaign3_blind/runs/FB2_27b_MCP_seed5502/work/solution_level3.csv' mode='r' encoding='UTF-8'>
  rows = [r for r in _csv.reader(f.open())
ResourceWarning: Enable tracemalloc to get the object allocation traceback
/home/alexander/Schreibtisch/ofa-v2/src/tools/result_audit.py:1341: ResourceWarning: unclosed file <_io.TextIOWrapper name='/home/alexander/Schreibtisch/ofa-v2/campaign3_blind/runs/FB2_27b_MCP_seed5501/work/solution_level1.csv' mode='r' encoding='UTF-8'>
  rows = [r for r in _csv.reader(f.open())
ResourceWarning: Enable tracemalloc to get the object allocation traceback
/home/alexander/Schreibtisch/ofa-v2/src/tools/result_audit.py:1341: ResourceWarning: unclosed file <_io.TextIOWrapper name='/home/alexander/Schreibtisch/ofa-v2/campaign3_blind/runs/FB2_27b_MCP_seed5501/work/solution_level2.csv' mode='r' encoding='UTF-8'>
  rows = [r for r in _csv.reader(f.open())
ResourceWarning: Enable tracemalloc to get the object allocation traceback
/home/alexander/Schreibtisch/ofa-v2/src/tools/result_audit.py:1341: ResourceWarning: unclosed file <_io.TextIOWrapper name='/home/alexander/Schreibtisch/ofa-v2/campaign3_blind/runs/FB2_27b_MCP_seed5501/work/solution_level3.csv' mode='r' encoding='UTF-8'>
  rows = [r for r in _csv.reader(f.open())
ResourceWarning: Enable tracemalloc to get the object allocation traceback
/home/alexander/Schreibtisch/ofa-v2/src/tools/result_audit.py:1341: ResourceWarning: unclosed file <_io.TextIOWrapper name='/home/alexander/Schreibtisch/ofa-v2/campaign3_blind/runs/FB2_27b_MCP_seed5502/work/solution_level1.csv' mode='r' encoding='UTF-8'>
  rows = [r for r in _csv.reader(f.open())
ResourceWarning: Enable tracemalloc to get the object allocation traceback
/home/alexander/Schreibtisch/ofa-v2/src/tools/result_audit.py:1341: ResourceWarning: unclosed file <_io.TextIOWrapper name='/home/alexander/Schreibtisch/ofa-v2/campaign3_blind/runs/FB2_27b_MCP_seed5502/work/solution_level2.csv' mode='r' encoding='UTF-8'>
  rows = [r for r in _csv.reader(f.open())
ResourceWarning: Enable tracemalloc to get the object allocation traceback
/home/alexander/Schreibtisch/ofa-v2/src/tools/result_audit.py:1341: ResourceWarning: unclosed file <_io.TextIOWrapper name='/home/alexander/Schreibtisch/ofa-v2/campaign3_blind/runs/FB2_27b_MCP_seed5502/work/solution_level3.csv' mode='r' encoding='UTF-8'>
  rows = [r for r in _csv.reader(f.open())
ResourceWarning: Enable tracemalloc to get the object allocation traceback
/home/alexander/Schreibtisch/ofa-v2/src/tools/result_audit.py:1341: ResourceWarning: unclosed file <_io.TextIOWrapper name='/home/alexander/Schreibtisch/ofa-v2/campaign3_blind/runs/FB2_27b_MCP_seed5502/work/solution_level1.csv' mode='r' encoding='UTF-8'>
  rows = [r for r in _csv.reader(f.open())
ResourceWarning: Enable tracemalloc to get the object allocation traceback
/home/alexander/Schreibtisch/ofa-v2/src/tools/result_audit.py:1341: ResourceWarning: unclosed file <_io.TextIOWrapper name='/home/alexander/Schreibtisch/ofa-v2/campaign3_blind/runs/FB2_27b_MCP_seed5502/work/solution_level2.csv' mode='r' encoding='UTF-8'>
  rows = [r for r in _csv.reader(f.open())
ResourceWarning: Enable tracemalloc to get the object allocation traceback
/home/alexander/Schreibtisch/ofa-v2/src/tools/result_audit.py:1341: ResourceWarning: unclosed file <_io.TextIOWrapper name='/home/alexander/Schreibtisch/ofa-v2/campaign3_blind/runs/FB2_27b_MCP_seed5502/work/solution_level3.csv' mode='r' encoding='UTF-8'>
  rows = [r for r in _csv.reader(f.open())
ResourceWarning: Enable tracemalloc to get the object allocation traceback
/home/alexander/Schreibtisch/ofa-v2/langgraph_eval/agent.py:895: LangGraphDeprecatedSinceV10: create_react_agent has been moved to `langchain.agents`. Please update your import to `from langchain.agents import create_agent`. Deprecated in LangGraph V1.0 to be removed in V2.0.
  sub_agent = create_react_agent(
/home/alexander/Schreibtisch/ofa-v2/src/tools/result_audit.py:1341: ResourceWarning: unclosed file <_io.TextIOWrapper name='/home/alexander/Schreibtisch/ofa-v2/campaign3_blind/runs/FB2_27b_MCP_seed5501/work/solution_level1.csv' mode='r' encoding='UTF-8'>
  rows = [r for r in _csv.reader(f.open())
ResourceWarning: Enable tracemalloc to get the object allocation traceback
/home/alexander/Schreibtisch/ofa-v2/src/tools/result_audit.py:1341: ResourceWarning: unclosed file <_io.TextIOWrapper name='/home/alexander/Schreibtisch/ofa-v2/campaign3_blind/runs/FB2_27b_MCP_seed5501/work/solution_level2.csv' mode='r' encoding='UTF-8'>
  rows = [r for r in _csv.reader(f.open())
ResourceWarning: Enable tracemalloc to get the object allocation traceback
/home/alexander/Schreibtisch/ofa-v2/src/tools/result_audit.py:1341: ResourceWarning: unclosed file <_io.TextIOWrapper name='/home/alexander/Schreibtisch/ofa-v2/campaign3_blind/runs/FB2_27b_MCP_seed5501/work/solution_level3.csv' mode='r' encoding='UTF-8'>
  rows = [r for r in _csv.reader(f.open())
ResourceWarning: Enable tracemalloc to get the object allocation traceback
/home/alexander/Schreibtisch/ofa-v2/langgraph_eval/agent.py:820: RuntimeWarning: This package (`duckduckgo_search`) has been renamed to `ddgs`! Use `pip install ddgs` instead.
  with DDGS() as ddgs:
/home/alexander/Schreibtisch/ofa-v2/langgraph_eval/agent.py:820: RuntimeWarning: This package (`duckduckgo_search`) has been renamed to `ddgs`! Use `pip install ddgs` instead.
  with DDGS() as ddgs:
/home/alexander/Schreibtisch/ofa-v2/langgraph_eval/agent.py:820: RuntimeWarning: This package (`duckduckgo_search`) has been renamed to `ddgs`! Use `pip install ddgs` instead.
  with DDGS() as ddgs:
/home/alexander/Schreibtisch/ofa-v2/langgraph_eval/agent.py:820: RuntimeWarning: This package (`duckduckgo_search`) has been renamed to `ddgs`! Use `pip install ddgs` instead.
  with DDGS() as ddgs:
/home/alexander/Schreibtisch/ofa-v2/langgraph_eval/agent.py:820: RuntimeWarning: This package (`duckduckgo_search`) has been renamed to `ddgs`! Use `pip install ddgs` instead.
  with DDGS() as ddgs:
2026-09-04 12:46:59,756 [mcp.server.lowlevel.server] INFO: Processing request of type CallToolRequest
2026-09-04 12:47:41,234 [mcp.server.lowlevel.server] INFO: Processing request of type CallToolRequest
/home/alexander/Schreibtisch/ofa-v2/src/tools/result_audit.py:1341: ResourceWarning: unclosed file <_io.TextIOWrapper name='/home/alexander/Schreibtisch/ofa-v2/campaign3_blind/runs/FB2_27b_MCP_seed5501/work/solution_level1.csv' mode='r' encoding='UTF-8'>
  rows = [r for r in _csv.reader(f.open())
ResourceWarning: Enable tracemalloc to get the object allocation traceback
/home/alexander/Schreibtisch/ofa-v2/src/tools/result_audit.py:1341: ResourceWarning: unclosed file <_io.TextIOWrapper name='/home/alexander/Schreibtisch/ofa-v2/campaign3_blind/runs/FB2_27b_MCP_seed5501/work/solution_level2.csv' mode='r' encoding='UTF-8'>
  rows = [r for r in _csv.reader(f.open())
ResourceWarning: Enable tracemalloc to get the object allocation traceback
/home/alexander/Schreibtisch/ofa-v2/src/tools/result_audit.py:1341: ResourceWarning: unclosed file <_io.TextIOWrapper name='/home/alexander/Schreibtisch/ofa-v2/campaign3_blind/runs/FB2_27b_MCP_seed5501/work/solution_level3.csv' mode='r' encoding='UTF-8'>
  rows = [r for r in _csv.reader(f.open())
ResourceWarning: Enable tracemalloc to get the object allocation traceback
/home/alexander/Schreibtisch/ofa-v2/src/tools/result_audit.py:1341: ResourceWarning: unclosed file <_io.TextIOWrapper name='/home/alexander/Schreibtisch/ofa-v2/campaign3_blind/runs/FB2_27b_MCP_seed5501/work/solution_level1.csv' mode='r' encoding='UTF-8'>
  rows = [r for r in _csv.reader(f.open())
ResourceWarning: Enable tracemalloc to get the object allocation traceback
/home/alexander/Schreibtisch/ofa-v2/src/tools/result_audit.py:1341: ResourceWarning: unclosed file <_io.TextIOWrapper name='/home/alexander/Schreibtisch/ofa-v2/campaign3_blind/runs/FB2_27b_MCP_seed5501/work/solution_level2.csv' mode='r' encoding='UTF-8'>
  rows = [r for r in _csv.reader(f.open())
ResourceWarning: Enable tracemalloc to get the object allocation traceback
/home/alexander/Schreibtisch/ofa-v2/src/tools/result_audit.py:1341: ResourceWarning: unclosed file <_io.TextIOWrapper name='/home/alexander/Schreibtisch/ofa-v2/campaign3_blind/runs/FB2_27b_MCP_seed5501/work/solution_level3.csv' mode='r' encoding='UTF-8'>
  rows = [r for r in _csv.reader(f.open())
ResourceWarning: Enable tracemalloc to get the object allocation traceback
2026-09-04 12:51:54,318 [mcp.server.lowlevel.server] INFO: Processing request of type CallToolRequest
/home/alexander/Schreibtisch/ofa-v2/src/tools/result_audit.py:1341: ResourceWarning: unclosed file <_io.TextIOWrapper name='/home/alexander/Schreibtisch/ofa-v2/campaign3_blind/runs/FB2_27b_MCP_seed5502/work/solution_level1.csv' mode='r' encoding='UTF-8'>
  rows = [r for r in _csv.reader(f.open())
ResourceWarning: Enable tracemalloc to get the object allocation traceback
/home/alexander/Schreibtisch/ofa-v2/src/tools/result_audit.py:1341: ResourceWarning: unclosed file <_io.TextIOWrapper name='/home/alexander/Schreibtisch/ofa-v2/campaign3_blind/runs/FB2_27b_MCP_seed5502/work/solution_level2.csv' mode='r' encoding='UTF-8'>
  rows = [r for r in _csv.reader(f.open())
ResourceWarning: Enable tracemalloc to get the object allocation traceback
/home/alexander/Schreibtisch/ofa-v2/src/tools/result_audit.py:1341: ResourceWarning: unclosed file <_io.TextIOWrapper name='/home/alexander/Schreibtisch/ofa-v2/campaign3_blind/runs/FB2_27b_MCP_seed5502/work/solution_level3.csv' mode='r' encoding='UTF-8'>
  rows = [r for r in _csv.reader(f.open())
ResourceWarning: Enable tracemalloc to get the object allocation traceback
/home/alexander/Schreibtisch/ofa-v2/src/tools/result_audit.py:534: ResourceWarning: unclosed file <_io.TextIOWrapper name='/home/alexander/Schreibtisch/ofa-v2/campaign3_blind/runs/FB2_27b_MCP_seed5502/work/solution_level1.csv' mode='r' encoding='UTF-8'>
  rows = sum(1 for _ in open(sol0[0], errors="ignore")) - 1
ResourceWarning: Enable tracemalloc to get the object allocation traceback
/home/alexander/Schreibtisch/ofa-v2/src/tools/result_audit.py:1341: ResourceWarning: unclosed file <_io.TextIOWrapper name='/home/alexander/Schreibtisch/ofa-v2/campaign3_blind/runs/FB2_27b_MCP_seed5502/work/solution_level1.csv' mode='r' encoding='UTF-8'>
  rows = [r for r in _csv.reader(f.open())
ResourceWarning: Enable tracemalloc to get the object allocation traceback
/home/alexander/Schreibtisch/ofa-v2/src/tools/result_audit.py:1341: ResourceWarning: unclosed file <_io.TextIOWrapper name='/home/alexander/Schreibtisch/ofa-v2/campaign3_blind/runs/FB2_27b_MCP_seed5502/work/solution_level2.csv' mode='r' encoding='UTF-8'>
  rows = [r for r in _csv.reader(f.open())
ResourceWarning: Enable tracemalloc to get the object allocation traceback
/home/alexander/Schreibtisch/ofa-v2/src/tools/result_audit.py:1341: ResourceWarning: unclosed file <_io.TextIOWrapper name='/home/alexander/Schreibtisch/ofa-v2/campaign3_blind/runs/FB2_27b_MCP_seed5502/work/solution_level3.csv' mode='r' encoding='UTF-8'>
  rows = [r for r in _csv.reader(f.open())
ResourceWarning: Enable tracemalloc to get the object allocation traceback
/home/alexander/Schreibtisch/ofa-v2/src/tools/result_audit.py:1341: ResourceWarning: unclosed file <_io.TextIOWrapper name='/home/alexander/Schreibtisch/ofa-v2/campaign3_blind/runs/FB2_27b_MCP_seed5501/work/solution_level1.csv' mode='r' encoding='UTF-8'>
  rows = [r for r in _csv.reader(f.open())
ResourceWarning: Enable tracemalloc to get the object allocation traceback
/home/alexander/Schreibtisch/ofa-v2/src/tools/result_audit.py:1341: ResourceWarning: unclosed file <_io.TextIOWrapper name='/home/alexander/Schreibtisch/ofa-v2/campaign3_blind/runs/FB2_27b_MCP_seed5501/work/solution_level2.csv' mode='r' encoding='UTF-8'>
  rows = [r for r in _csv.reader(f.open())
ResourceWarning: Enable tracemalloc to get the object allocation traceback
/home/alexander/Schreibtisch/ofa-v2/src/tools/result_audit.py:1341: ResourceWarning: unclosed file <_io.TextIOWrapper name='/home/alexander/Schreibtisch/ofa-v2/campaign3_blind/runs/FB2_27b_MCP_seed5501/work/solution_level3.csv' mode='r' encoding='UTF-8'>
  rows = [r for r in _csv.reader(f.open())
ResourceWarning: Enable tracemalloc to get the object allocation traceback
/home/alexander/Schreibtisch/ofa-v2/src/tools/result_audit.py:534: ResourceWarning: unclosed file <_io.TextIOWrapper name='/home/alexander/Schreibtisch/ofa-v2/campaign3_blind/runs/FB2_27b_MCP_seed5502/work/solution_level1.csv' mode='r' encoding='UTF-8'>
  rows = sum(1 for _ in open(sol0[0], errors="ignore")) - 1
ResourceWarning: Enable tracemalloc to get the object allocation traceback
/home/alexander/Schreibtisch/ofa-v2/src/tools/result_audit.py:1341: ResourceWarning: unclosed file <_io.TextIOWrapper name='/home/alexander/Schreibtisch/ofa-v2/campaign3_blind/runs/FB2_27b_MCP_seed5502/work/solution_level1.csv' mode='r' encoding='UTF-8'>
  rows = [r for r in _csv.reader(f.open())
ResourceWarning: Enable tracemalloc to get the object allocation traceback
/home/alexander/Schreibtisch/ofa-v2/src/tools/result_audit.py:1341: ResourceWarning: unclosed file <_io.TextIOWrapper name='/home/alexander/Schreibtisch/ofa-v2/campaign3_blind/runs/FB2_27b_MCP_seed5502/work/solution_level2.csv' mode='r' encoding='UTF-8'>
  rows = [r for r in _csv.reader(f.open())
ResourceWarning: Enable tracemalloc to get the object allocation traceback
/home/alexander/Schreibtisch/ofa-v2/src/tools/result_audit.py:1341: ResourceWarning: unclosed file <_io.TextIOWrapper name='/home/alexander/Schreibtisch/ofa-v2/campaign3_blind/runs/FB2_27b_MCP_seed5502/work/solution_level3.csv' mode='r' encoding='UTF-8'>
  rows = [r for r in _csv.reader(f.open())
ResourceWarning: Enable tracemalloc to get the object allocation traceback
2026-09-04 12:54:02,277 [oasis] INFO: Session journal saved: /tmp/oasis-source/data/sessions/session_479a4435-39ba-4970-a0cf-45f7144796bd.json (5 events)
[preflight] custody controls verified for 1 problem(s); keys sealed and unreadable by execution
[phase: development] results are for post-mortems and convergence checking, NOT for the paper's evaluation table.
[DUNE cache] sha256=dc2d5b8ff2ebf98e... (neutral, private copy per cell)
[FB2 27b MCP s5502] done  calls=71 tok=5505860/33127 1122.0s
/home/alexander/.local/share/python/cpython-3.12.13-linux-x86_64-gnu/lib/python3.12/asyncio/selector_events.py:879: ResourceWarning: unclosed transport <_SelectorSocketTransport fd=9>
<<< FB2 seed 5502 done 2026-09-04 12:54:03
/home/alexander/Schreibtisch/ofa-v2/src/tools/result_audit.py:534: ResourceWarning: unclosed file <_io.TextIOWrapper name='/home/alexander/Schreibtisch/ofa-v2/campaign3_blind/runs/FB2_27b_MCP_seed5501/work/solution_level1.csv' mode='r' encoding='UTF-8'>
  rows = sum(1 for _ in open(sol0[0], errors="ignore")) - 1
ResourceWarning: Enable tracemalloc to get the object allocation traceback
/home/alexander/Schreibtisch/ofa-v2/src/tools/result_audit.py:1341: ResourceWarning: unclosed file <_io.TextIOWrapper name='/home/alexander/Schreibtisch/ofa-v2/campaign3_blind/runs/FB2_27b_MCP_seed5501/work/solution_level1.csv' mode='r' encoding='UTF-8'>
  rows = [r for r in _csv.reader(f.open())
ResourceWarning: Enable tracemalloc to get the object allocation traceback
/home/alexander/Schreibtisch/ofa-v2/src/tools/result_audit.py:1341: ResourceWarning: unclosed file <_io.TextIOWrapper name='/home/alexander/Schreibtisch/ofa-v2/campaign3_blind/runs/FB2_27b_MCP_seed5501/work/solution_level2.csv' mode='r' encoding='UTF-8'>
  rows = [r for r in _csv.reader(f.open())
ResourceWarning: Enable tracemalloc to get the object allocation traceback
/home/alexander/Schreibtisch/ofa-v2/src/tools/result_audit.py:1341: ResourceWarning: unclosed file <_io.TextIOWrapper name='/home/alexander/Schreibtisch/ofa-v2/campaign3_blind/runs/FB2_27b_MCP_seed5501/work/solution_level3.csv' mode='r' encoding='UTF-8'>
  rows = [r for r in _csv.reader(f.open())
ResourceWarning: Enable tracemalloc to get the object allocation traceback
2026-09-04 12:54:40,920 [mcp.server.lowlevel.server] INFO: Processing request of type CallToolRequest
2026-09-04 12:55:12,120 [oasis] INFO: Session journal saved: /tmp/oasis-source/data/sessions/session_28b1da91-c614-4fc2-b4b9-efa3b5d34fcd.json (4 events)
[preflight] custody controls verified for 1 problem(s); keys sealed and unreadable by execution
[phase: development] results are for post-mortems and convergence checking, NOT for the paper's evaluation table.
[DUNE cache] sha256=dc2d5b8ff2ebf98e... (neutral, private copy per cell)
[FB2 27b MCP s5501] done  calls=58 tok=4833438/35472 1192.1s
/home/alexander/.local/share/python/cpython-3.12.13-linux-x86_64-gnu/lib/python3.12/asyncio/selector_events.py:879: ResourceWarning: unclosed transport <_SelectorSocketTransport fd=9>
<<< FB2 seed 5501 done 2026-09-04 12:55:13
2026-09-04 12:56:22,196 [oasis] INFO: Session journal saved: /tmp/oasis-source/data/sessions/session_6fa3716e-1d0a-4be0-97ce-942bc99bda53.json (7 events)
[preflight] custody controls verified for 1 problem(s); keys sealed and unreadable by execution
[phase: development] results are for post-mortems and convergence checking, NOT for the paper's evaluation table.
[DUNE cache] sha256=dc2d5b8ff2ebf98e... (neutral, private copy per cell)
[FB2 27b MCP s5503] done  calls=65 tok=5053628/41321 1262.5s
/home/alexander/.local/share/python/cpython-3.12.13-linux-x86_64-gnu/lib/python3.12/asyncio/selector_events.py:879: ResourceWarning: unclosed transport <_SelectorSocketTransport fd=9>
<<< FB2 seed 5503 done 2026-09-04 12:56:23
>>> FB2 MCP complete 2026-09-04 12:56:23
