>>> C1 MCP seeds 2201 2202 2203  start 2026-09-03 14:08:24
[source build] 106ce079031c sha256=ac230f8c6af95619... (immutable)
[source build] 106ce079031c sha256=ac230f8c6af95619... (immutable)
[source build] 106ce079031c sha256=ac230f8c6af95619... (immutable)
2026-09-03 14:08:52,997 [oasis.registry] INFO: Loaded discovered config: 5 backends
2026-09-03 14:08:53,007 [oasis.registry] INFO: Registered backend: 4C Multiphysics (fourc)
2026-09-03 14:08:53,011 [oasis.registry] INFO: Registered backend: FEniCSx (dolfinx) (fenics)
2026-09-03 14:08:53,015 [oasis.registry] INFO: Registered backend: deal.II (dealii)
2026-09-03 14:08:53,038 [oasis.registry] INFO: Registered backend: FEBio (febio)
2026-09-03 14:08:53,054 [oasis.registry] INFO: Registered backend: NGSolve (ngsolve)
2026-09-03 14:08:53,054 [oasis.ngsolve] INFO: NGSolve backend registered
2026-09-03 14:08:53,071 [oasis.registry] INFO: Registered backend: scikit-fem (skfem)
2026-09-03 14:08:53,071 [oasis.skfem] INFO: scikit-fem backend registered
2026-09-03 14:08:53,099 [oasis.registry] INFO: Registered backend: Kratos Multiphysics (kratos)
2026-09-03 14:08:53,099 [oasis.kratos] INFO: Kratos Multiphysics backend registered
2026-09-03 14:08:53,117 [oasis.registry] INFO: Registered backend: DUNE-fem (dune)
2026-09-03 14:08:53,117 [oasis.dune] INFO: DUNE-fem backend registered
2026-09-03 14:08:53,132 [oasis.registry] INFO: Registered backend: SPARTA (DSMC) (sparta)
2026-09-03 14:08:53,132 [oasis.sparta] INFO: SPARTA (DSMC) backend registered
2026-09-03 14:08:53,132 [oasis] INFO: Starting OASiS MCP server
2026-09-03 14:08:53,133 [oasis.registry] INFO: Loaded discovered config: 5 backends
2026-09-03 14:08:53,144 [oasis.registry] INFO: Registered backend: 4C Multiphysics (fourc)
2026-09-03 14:08:53,147 [oasis.registry] INFO: Registered backend: FEniCSx (dolfinx) (fenics)
2026-09-03 14:08:53,152 [oasis.registry] INFO: Registered backend: deal.II (dealii)
2026-09-03 14:08:53,160 [mcp.server.lowlevel.server] INFO: Processing request of type ListToolsRequest
2026-09-03 14:08:53,171 [oasis.registry] INFO: Registered backend: FEBio (febio)
2026-09-03 14:08:53,185 [oasis.registry] INFO: Registered backend: NGSolve (ngsolve)
2026-09-03 14:08:53,185 [oasis.ngsolve] INFO: NGSolve backend registered
2026-09-03 14:08:53,198 [oasis.registry] INFO: Registered backend: scikit-fem (skfem)
2026-09-03 14:08:53,198 [oasis.skfem] INFO: scikit-fem backend registered
2026-09-03 14:08:53,220 [oasis.registry] INFO: Registered backend: Kratos Multiphysics (kratos)
2026-09-03 14:08:53,220 [oasis.kratos] INFO: Kratos Multiphysics backend registered
2026-09-03 14:08:53,234 [oasis.registry] INFO: Registered backend: DUNE-fem (dune)
2026-09-03 14:08:53,234 [oasis.dune] INFO: DUNE-fem backend registered
2026-09-03 14:08:53,249 [oasis.registry] INFO: Registered backend: SPARTA (DSMC) (sparta)
2026-09-03 14:08:53,249 [oasis.sparta] INFO: SPARTA (DSMC) backend registered
2026-09-03 14:08:53,249 [oasis] INFO: Starting OASiS MCP server
2026-09-03 14:08:53,278 [mcp.server.lowlevel.server] INFO: Processing request of type ListToolsRequest
2026-09-03 14:08:53,373 [oasis.registry] INFO: Loaded discovered config: 5 backends
2026-09-03 14:08:53,383 [oasis.registry] INFO: Registered backend: 4C Multiphysics (fourc)
2026-09-03 14:08:53,387 [oasis.registry] INFO: Registered backend: FEniCSx (dolfinx) (fenics)
2026-09-03 14:08:53,391 [oasis.registry] INFO: Registered backend: deal.II (dealii)
2026-09-03 14:08:53,411 [oasis.registry] INFO: Registered backend: FEBio (febio)
2026-09-03 14:08:53,424 [oasis.registry] INFO: Registered backend: NGSolve (ngsolve)
2026-09-03 14:08:53,424 [oasis.ngsolve] INFO: NGSolve backend registered
2026-09-03 14:08:53,438 [oasis.registry] INFO: Registered backend: scikit-fem (skfem)
2026-09-03 14:08:53,438 [oasis.skfem] INFO: scikit-fem backend registered
2026-09-03 14:08:53,459 [oasis.registry] INFO: Registered backend: Kratos Multiphysics (kratos)
2026-09-03 14:08:53,459 [oasis.kratos] INFO: Kratos Multiphysics backend registered
2026-09-03 14:08:53,473 [oasis.registry] INFO: Registered backend: DUNE-fem (dune)
2026-09-03 14:08:53,473 [oasis.dune] INFO: DUNE-fem backend registered
2026-09-03 14:08:53,487 [oasis.registry] INFO: Registered backend: SPARTA (DSMC) (sparta)
2026-09-03 14:08:53,487 [oasis.sparta] INFO: SPARTA (DSMC) backend registered
2026-09-03 14:08:53,487 [oasis] INFO: Starting OASiS MCP server
2026-09-03 14:08:53,516 [mcp.server.lowlevel.server] INFO: Processing request of type ListToolsRequest
2026-09-03 14:09:05,458 [mcp.server.lowlevel.server] INFO: Processing request of type CallToolRequest
2026-09-03 14:09:05,504 [mcp.server.lowlevel.server] INFO: Processing request of type CallToolRequest
2026-09-03 14:09:05,718 [mcp.server.lowlevel.server] INFO: Processing request of type CallToolRequest
2026-09-03 14:09:05,874 [mcp.server.lowlevel.server] INFO: Processing request of type CallToolRequest
2026-09-03 14:09:05,912 [mcp.server.lowlevel.server] INFO: Processing request of type CallToolRequest
2026-09-03 14:09:07,274 [mcp.server.lowlevel.server] INFO: Processing request of type CallToolRequest
2026-09-03 14:09:07,642 [mcp.server.lowlevel.server] INFO: Processing request of type CallToolRequest
2026-09-03 14:09:10,956 [mcp.server.lowlevel.server] INFO: Processing request of type CallToolRequest
2026-09-03 14:09:31,988 [mcp.server.lowlevel.server] INFO: Processing request of type CallToolRequest
2026-09-03 14:09:36,537 [mcp.server.lowlevel.server] INFO: Processing request of type CallToolRequest
2026-09-03 14:09:42,149 [mcp.server.lowlevel.server] INFO: Processing request of type CallToolRequest
2026-09-03 14:09:42,793 [mcp.server.lowlevel.server] INFO: Processing request of type CallToolRequest
2026-09-03 14:09:47,240 [mcp.server.lowlevel.server] INFO: Processing request of type CallToolRequest
2026-09-03 14:10:16,285 [mcp.server.lowlevel.server] INFO: Processing request of type CallToolRequest
/home/alexander/Schreibtisch/ofa-v2/langgraph_eval/agent.py:820: RuntimeWarning: This package (`duckduckgo_search`) has been renamed to `ddgs`! Use `pip install ddgs` instead.
  with DDGS() as ddgs:
2026-09-03 14:10:16,301 [mcp.server.lowlevel.server] INFO: Processing request of type CallToolRequest
/home/alexander/Schreibtisch/ofa-v2/langgraph_eval/agent.py:820: RuntimeWarning: This package (`duckduckgo_search`) has been renamed to `ddgs`! Use `pip install ddgs` instead.
  with DDGS() as ddgs:
/home/alexander/Schreibtisch/ofa-v2/langgraph_eval/agent.py:820: RuntimeWarning: This package (`duckduckgo_search`) has been renamed to `ddgs`! Use `pip install ddgs` instead.
  with DDGS() as ddgs:
/home/alexander/Schreibtisch/ofa-v2/langgraph_eval/agent.py:820: RuntimeWarning: This package (`duckduckgo_search`) has been renamed to `ddgs`! Use `pip install ddgs` instead.
  with DDGS() as ddgs:
2026-09-03 14:10:27,437 [mcp.server.lowlevel.server] INFO: Processing request of type CallToolRequest
/home/alexander/Schreibtisch/ofa-v2/langgraph_eval/agent.py:820: RuntimeWarning: This package (`duckduckgo_search`) has been renamed to `ddgs`! Use `pip install ddgs` instead.
  with DDGS() as ddgs:
/home/alexander/Schreibtisch/ofa-v2/langgraph_eval/agent.py:820: RuntimeWarning: This package (`duckduckgo_search`) has been renamed to `ddgs`! Use `pip install ddgs` instead.
  with DDGS() as ddgs:
/home/alexander/Schreibtisch/ofa-v2/langgraph_eval/agent.py:820: RuntimeWarning: This package (`duckduckgo_search`) has been renamed to `ddgs`! Use `pip install ddgs` instead.
  with DDGS() as ddgs:
2026-09-03 14:10:48,519 [mcp.server.lowlevel.server] INFO: Processing request of type CallToolRequest
2026-09-03 14:10:48,534 [mcp.server.lowlevel.server] INFO: Processing request of type CallToolRequest
/home/alexander/Schreibtisch/ofa-v2/langgraph_eval/agent.py:820: RuntimeWarning: This package (`duckduckgo_search`) has been renamed to `ddgs`! Use `pip install ddgs` instead.
  with DDGS() as ddgs:
/home/alexander/Schreibtisch/ofa-v2/langgraph_eval/agent.py:820: RuntimeWarning: This package (`duckduckgo_search`) has been renamed to `ddgs`! Use `pip install ddgs` instead.
  with DDGS() as ddgs:
2026-09-03 14:10:49,867 [mcp.server.lowlevel.server] INFO: Processing request of type CallToolRequest
2026-09-03 14:10:53,433 [mcp.server.lowlevel.server] INFO: Processing request of type CallToolRequest
2026-09-03 14:10:53,460 [mcp.server.lowlevel.server] INFO: Processing request of type CallToolRequest
/home/alexander/Schreibtisch/ofa-v2/langgraph_eval/agent.py:820: RuntimeWarning: This package (`duckduckgo_search`) has been renamed to `ddgs`! Use `pip install ddgs` instead.
  with DDGS() as ddgs:
2026-09-03 14:11:16,612 [mcp.server.lowlevel.server] INFO: Processing request of type CallToolRequest
/home/alexander/Schreibtisch/ofa-v2/langgraph_eval/agent.py:820: RuntimeWarning: This package (`duckduckgo_search`) has been renamed to `ddgs`! Use `pip install ddgs` instead.
  with DDGS() as ddgs:
/home/alexander/Schreibtisch/ofa-v2/langgraph_eval/agent.py:820: RuntimeWarning: This package (`duckduckgo_search`) has been renamed to `ddgs`! Use `pip install ddgs` instead.
  with DDGS() as ddgs:
2026-09-03 14:11:23,673 [mcp.server.lowlevel.server] INFO: Processing request of type CallToolRequest
2026-09-03 14:11:28,963 [mcp.server.lowlevel.server] INFO: Processing request of type CallToolRequest
2026-09-03 14:11:34,525 [mcp.server.lowlevel.server] INFO: Processing request of type CallToolRequest
2026-09-03 14:12:00,381 [mcp.server.lowlevel.server] INFO: Processing request of type CallToolRequest
/home/alexander/Schreibtisch/ofa-v2/langgraph_eval/agent.py:820: RuntimeWarning: This package (`duckduckgo_search`) has been renamed to `ddgs`! Use `pip install ddgs` instead.
  with DDGS() as ddgs:
/home/alexander/Schreibtisch/ofa-v2/langgraph_eval/agent.py:820: RuntimeWarning: This package (`duckduckgo_search`) has been renamed to `ddgs`! Use `pip install ddgs` instead.
  with DDGS() as ddgs:
2026-09-03 14:12:15,587 [mcp.server.lowlevel.server] INFO: Processing request of type CallToolRequest
2026-09-03 14:12:15,623 [mcp.server.lowlevel.server] INFO: Processing request of type CallToolRequest
2026-09-03 14:13:48,176 [oasis] INFO: Session journal saved: /tmp/oasis-source/data/sessions/session_08fba3e5-8c5c-4e7c-b6a5-a0355a2b1c5c.json (8 events)
[preflight] custody controls verified for 1 problem(s); keys sealed and unreadable by execution
[phase: development] results are for post-mortems and convergence checking, NOT for the paper's evaluation table.
[DUNE cache] sha256=dc2d5b8ff2ebf98e... (neutral, private copy per cell)
[C1 27b MCP s2201] done  calls=13 tok=981777/14801 297.5s
/home/alexander/.local/share/python/cpython-3.12.13-linux-x86_64-gnu/lib/python3.12/asyncio/selector_events.py:879: ResourceWarning: unclosed transport <_SelectorSocketTransport fd=9>
<<< C1 seed 2201 done 2026-09-03 14:13:49
2026-09-03 14:14:17,271 [mcp.server.lowlevel.server] INFO: Processing request of type CallToolRequest
2026-09-03 14:14:43,073 [oasis] INFO: Session journal saved: /tmp/oasis-source/data/sessions/session_36fad17f-b18d-4349-a199-bcc7308af181.json (12 events)
[preflight] custody controls verified for 1 problem(s); keys sealed and unreadable by execution
[phase: development] results are for post-mortems and convergence checking, NOT for the paper's evaluation table.
[DUNE cache] sha256=dc2d5b8ff2ebf98e... (neutral, private copy per cell)
[C1 27b MCP s2203] done  calls=12 tok=1048582/9644 352.6s
/home/alexander/.local/share/python/cpython-3.12.13-linux-x86_64-gnu/lib/python3.12/asyncio/selector_events.py:879: ResourceWarning: unclosed transport <_SelectorSocketTransport fd=9>
<<< C1 seed 2203 done 2026-09-03 14:14:43
2026-09-03 14:19:31,287 [oasis] INFO: Session journal saved: /tmp/oasis-source/data/sessions/session_4d514762-62ca-42e4-8749-7212fd4877f4.json (9 events)
[preflight] custody controls verified for 1 problem(s); keys sealed and unreadable by execution
[phase: development] results are for post-mortems and convergence checking, NOT for the paper's evaluation table.
[DUNE cache] sha256=dc2d5b8ff2ebf98e... (neutral, private copy per cell)
[C1 27b MCP s2202] done  calls=17 tok=1425441/22579 641.0s
/home/alexander/.local/share/python/cpython-3.12.13-linux-x86_64-gnu/lib/python3.12/asyncio/selector_events.py:879: ResourceWarning: unclosed transport <_SelectorSocketTransport fd=9>
<<< C1 seed 2202 done 2026-09-03 14:19:32
>>> C1 MCP complete 2026-09-03 14:19:32
>>> C1 MCP seeds 2301 2302 2303  start 2026-09-03 14:53:21
[source build] 8b8ab5811238 sha256=2b93863b9ea2101a... (immutable)
[source build] 8b8ab5811238 sha256=2b93863b9ea2101a... (immutable)
[source build] 8b8ab5811238 sha256=2b93863b9ea2101a... (immutable)
2026-09-03 14:53:50,290 [oasis.registry] INFO: Loaded discovered config: 5 backends
2026-09-03 14:53:50,300 [oasis.registry] INFO: Registered backend: 4C Multiphysics (fourc)
2026-09-03 14:53:50,304 [oasis.registry] INFO: Registered backend: FEniCSx (dolfinx) (fenics)
2026-09-03 14:53:50,308 [oasis.registry] INFO: Registered backend: deal.II (dealii)
2026-09-03 14:53:50,328 [oasis.registry] INFO: Registered backend: FEBio (febio)
2026-09-03 14:53:50,341 [oasis.registry] INFO: Registered backend: NGSolve (ngsolve)
2026-09-03 14:53:50,341 [oasis.ngsolve] INFO: NGSolve backend registered
2026-09-03 14:53:50,355 [oasis.registry] INFO: Registered backend: scikit-fem (skfem)
2026-09-03 14:53:50,355 [oasis.skfem] INFO: scikit-fem backend registered
2026-09-03 14:53:50,376 [oasis.registry] INFO: Registered backend: Kratos Multiphysics (kratos)
2026-09-03 14:53:50,377 [oasis.kratos] INFO: Kratos Multiphysics backend registered
2026-09-03 14:53:50,392 [oasis.registry] INFO: Registered backend: DUNE-fem (dune)
2026-09-03 14:53:50,392 [oasis.dune] INFO: DUNE-fem backend registered
2026-09-03 14:53:50,406 [oasis.registry] INFO: Registered backend: SPARTA (DSMC) (sparta)
2026-09-03 14:53:50,406 [oasis.sparta] INFO: SPARTA (DSMC) backend registered
2026-09-03 14:53:50,406 [oasis] INFO: Starting OASiS MCP server
2026-09-03 14:53:50,436 [mcp.server.lowlevel.server] INFO: Processing request of type ListToolsRequest
2026-09-03 14:53:50,483 [oasis.registry] INFO: Loaded discovered config: 5 backends
2026-09-03 14:53:50,490 [oasis.registry] INFO: Loaded discovered config: 5 backends
2026-09-03 14:53:50,496 [oasis.registry] INFO: Registered backend: 4C Multiphysics (fourc)
2026-09-03 14:53:50,501 [oasis.registry] INFO: Registered backend: 4C Multiphysics (fourc)
2026-09-03 14:53:50,502 [oasis.registry] INFO: Registered backend: FEniCSx (dolfinx) (fenics)
2026-09-03 14:53:50,505 [oasis.registry] INFO: Registered backend: FEniCSx (dolfinx) (fenics)
2026-09-03 14:53:50,507 [oasis.registry] INFO: Registered backend: deal.II (dealii)
2026-09-03 14:53:50,510 [oasis.registry] INFO: Registered backend: deal.II (dealii)
2026-09-03 14:53:50,526 [oasis.registry] INFO: Registered backend: FEBio (febio)
2026-09-03 14:53:50,529 [oasis.registry] INFO: Registered backend: FEBio (febio)
2026-09-03 14:53:50,540 [oasis.registry] INFO: Registered backend: NGSolve (ngsolve)
2026-09-03 14:53:50,540 [oasis.ngsolve] INFO: NGSolve backend registered
2026-09-03 14:53:50,543 [oasis.registry] INFO: Registered backend: NGSolve (ngsolve)
2026-09-03 14:53:50,543 [oasis.ngsolve] INFO: NGSolve backend registered
2026-09-03 14:53:50,554 [oasis.registry] INFO: Registered backend: scikit-fem (skfem)
2026-09-03 14:53:50,554 [oasis.skfem] INFO: scikit-fem backend registered
2026-09-03 14:53:50,557 [oasis.registry] INFO: Registered backend: scikit-fem (skfem)
2026-09-03 14:53:50,557 [oasis.skfem] INFO: scikit-fem backend registered
2026-09-03 14:53:50,580 [oasis.registry] INFO: Registered backend: Kratos Multiphysics (kratos)
2026-09-03 14:53:50,580 [oasis.kratos] INFO: Kratos Multiphysics backend registered
2026-09-03 14:53:50,580 [oasis.registry] INFO: Registered backend: Kratos Multiphysics (kratos)
2026-09-03 14:53:50,580 [oasis.kratos] INFO: Kratos Multiphysics backend registered
2026-09-03 14:53:50,597 [oasis.registry] INFO: Registered backend: DUNE-fem (dune)
2026-09-03 14:53:50,597 [oasis.dune] INFO: DUNE-fem backend registered
2026-09-03 14:53:50,598 [oasis.registry] INFO: Registered backend: DUNE-fem (dune)
2026-09-03 14:53:50,598 [oasis.dune] INFO: DUNE-fem backend registered
2026-09-03 14:53:50,611 [oasis.registry] INFO: Registered backend: SPARTA (DSMC) (sparta)
2026-09-03 14:53:50,611 [oasis.sparta] INFO: SPARTA (DSMC) backend registered
2026-09-03 14:53:50,611 [oasis] INFO: Starting OASiS MCP server
2026-09-03 14:53:50,613 [oasis.registry] INFO: Registered backend: SPARTA (DSMC) (sparta)
2026-09-03 14:53:50,613 [oasis.sparta] INFO: SPARTA (DSMC) backend registered
2026-09-03 14:53:50,613 [oasis] INFO: Starting OASiS MCP server
2026-09-03 14:53:50,642 [mcp.server.lowlevel.server] INFO: Processing request of type ListToolsRequest
2026-09-03 14:53:50,643 [mcp.server.lowlevel.server] INFO: Processing request of type ListToolsRequest
2026-09-03 14:54:11,085 [mcp.server.lowlevel.server] INFO: Processing request of type CallToolRequest
2026-09-03 14:54:14,544 [mcp.server.lowlevel.server] INFO: Processing request of type CallToolRequest
2026-09-03 14:54:14,553 [mcp.server.lowlevel.server] INFO: Processing request of type CallToolRequest
2026-09-03 14:54:16,060 [mcp.server.lowlevel.server] INFO: Processing request of type CallToolRequest
2026-09-03 14:54:19,952 [mcp.server.lowlevel.server] INFO: Processing request of type CallToolRequest
2026-09-03 14:54:19,986 [mcp.server.lowlevel.server] INFO: Processing request of type CallToolRequest
2026-09-03 14:54:22,399 [mcp.server.lowlevel.server] INFO: Processing request of type CallToolRequest
2026-09-03 14:55:00,150 [mcp.server.lowlevel.server] INFO: Processing request of type CallToolRequest
2026-09-03 14:55:10,331 [mcp.server.lowlevel.server] INFO: Processing request of type CallToolRequest
2026-09-03 14:55:10,366 [mcp.server.lowlevel.server] INFO: Processing request of type CallToolRequest
2026-09-03 14:55:24,931 [mcp.server.lowlevel.server] INFO: Processing request of type CallToolRequest
2026-09-03 14:55:28,502 [mcp.server.lowlevel.server] INFO: Processing request of type CallToolRequest
2026-09-03 14:56:10,988 [mcp.server.lowlevel.server] INFO: Processing request of type CallToolRequest
/home/alexander/Schreibtisch/ofa-v2/langgraph_eval/agent.py:820: RuntimeWarning: This package (`duckduckgo_search`) has been renamed to `ddgs`! Use `pip install ddgs` instead.
  with DDGS() as ddgs:
2026-09-03 14:56:11,005 [mcp.server.lowlevel.server] INFO: Processing request of type CallToolRequest
/home/alexander/Schreibtisch/ofa-v2/langgraph_eval/agent.py:820: RuntimeWarning: This package (`duckduckgo_search`) has been renamed to `ddgs`! Use `pip install ddgs` instead.
  with DDGS() as ddgs:
/home/alexander/Schreibtisch/ofa-v2/langgraph_eval/agent.py:820: RuntimeWarning: This package (`duckduckgo_search`) has been renamed to `ddgs`! Use `pip install ddgs` instead.
  with DDGS() as ddgs:
/home/alexander/Schreibtisch/ofa-v2/langgraph_eval/agent.py:820: RuntimeWarning: This package (`duckduckgo_search`) has been renamed to `ddgs`! Use `pip install ddgs` instead.
  with DDGS() as ddgs:
/home/alexander/Schreibtisch/ofa-v2/langgraph_eval/agent.py:820: RuntimeWarning: This package (`duckduckgo_search`) has been renamed to `ddgs`! Use `pip install ddgs` instead.
  with DDGS() as ddgs:
/home/alexander/Schreibtisch/ofa-v2/langgraph_eval/agent.py:820: RuntimeWarning: This package (`duckduckgo_search`) has been renamed to `ddgs`! Use `pip install ddgs` instead.
  with DDGS() as ddgs:
2026-09-03 14:57:06,771 [mcp.server.lowlevel.server] INFO: Processing request of type CallToolRequest
2026-09-03 14:57:26,232 [mcp.server.lowlevel.server] INFO: Processing request of type CallToolRequest
/home/alexander/Schreibtisch/ofa-v2/langgraph_eval/agent.py:820: RuntimeWarning: This package (`duckduckgo_search`) has been renamed to `ddgs`! Use `pip install ddgs` instead.
  with DDGS() as ddgs:
2026-09-03 14:57:26,263 [mcp.server.lowlevel.server] INFO: Processing request of type CallToolRequest
/home/alexander/Schreibtisch/ofa-v2/langgraph_eval/agent.py:820: RuntimeWarning: This package (`duckduckgo_search`) has been renamed to `ddgs`! Use `pip install ddgs` instead.
  with DDGS() as ddgs:
/home/alexander/Schreibtisch/ofa-v2/langgraph_eval/agent.py:820: RuntimeWarning: This package (`duckduckgo_search`) has been renamed to `ddgs`! Use `pip install ddgs` instead.
  with DDGS() as ddgs:
2026-09-03 14:58:35,814 [mcp.server.lowlevel.server] INFO: Processing request of type CallToolRequest
/home/alexander/Schreibtisch/ofa-v2/langgraph_eval/agent.py:820: RuntimeWarning: This package (`duckduckgo_search`) has been renamed to `ddgs`! Use `pip install ddgs` instead.
  with DDGS() as ddgs:
2026-09-03 14:58:35,848 [mcp.server.lowlevel.server] INFO: Processing request of type CallToolRequest
/home/alexander/Schreibtisch/ofa-v2/langgraph_eval/agent.py:820: RuntimeWarning: This package (`duckduckgo_search`) has been renamed to `ddgs`! Use `pip install ddgs` instead.
  with DDGS() as ddgs:
2026-09-03 15:00:48,137 [mcp.server.lowlevel.server] INFO: Processing request of type CallToolRequest
2026-09-03 15:02:55,520 [mcp.server.lowlevel.server] INFO: Processing request of type CallToolRequest
2026-09-03 15:03:46,822 [mcp.server.lowlevel.server] INFO: Processing request of type CallToolRequest
2026-09-03 15:03:56,893 [mcp.server.lowlevel.server] INFO: Processing request of type CallToolRequest
/home/alexander/Schreibtisch/ofa-v2/src/tools/result_audit.py:419: ResourceWarning: unclosed file <_io.TextIOWrapper name='/home/alexander/Schreibtisch/ofa-v2/campaign3_blind/runs/C1_27b_MCP_seed2303/work/residual_level1.csv' mode='r' encoding='UTF-8'>
  body = tuple(r[-1].strip() for r in _csv.reader(q.open()) if r)
ResourceWarning: Enable tracemalloc to get the object allocation traceback
2026-09-03 15:04:14,111 [mcp.server.lowlevel.server] INFO: Processing request of type CallToolRequest
2026-09-03 15:05:48,053 [oasis] INFO: Session journal saved: /tmp/oasis-source/data/sessions/session_f3e6922d-cb1a-4d79-8632-dd134ce9deb3.json (8 events)
[preflight] custody controls verified for 1 problem(s); keys sealed and unreadable by execution
[phase: development] results are for post-mortems and convergence checking, NOT for the paper's evaluation table.
[DUNE cache] sha256=dc2d5b8ff2ebf98e... (neutral, private copy per cell)
[C1 27b MCP s2301] done  calls=18 tok=1431601/21959 720.5s
/home/alexander/.local/share/python/cpython-3.12.13-linux-x86_64-gnu/lib/python3.12/asyncio/selector_events.py:879: ResourceWarning: unclosed transport <_SelectorSocketTransport fd=9>
<<< C1 seed 2301 done 2026-09-03 15:05:48
2026-09-03 15:06:38,689 [mcp.server.lowlevel.server] INFO: Processing request of type CallToolRequest
2026-09-03 15:06:46,861 [mcp.server.lowlevel.server] INFO: Processing request of type CallToolRequest
/home/alexander/Schreibtisch/ofa-v2/src/tools/result_audit.py:419: ResourceWarning: unclosed file <_io.TextIOWrapper name='/home/alexander/Schreibtisch/ofa-v2/campaign3_blind/runs/C1_27b_MCP_seed2303/work/residual_level1.csv' mode='r' encoding='UTF-8'>
  body = tuple(r[-1].strip() for r in _csv.reader(q.open()) if r)
ResourceWarning: Enable tracemalloc to get the object allocation traceback
/home/alexander/Schreibtisch/ofa-v2/src/tools/result_audit.py:1270: ResourceWarning: unclosed file <_io.TextIOWrapper name='/home/alexander/Schreibtisch/ofa-v2/campaign3_blind/runs/C1_27b_MCP_seed2302/work/solution_level1_A.csv' mode='r' encoding='UTF-8'>
  rows = [r for r in _csv.reader(f.open())
ResourceWarning: Enable tracemalloc to get the object allocation traceback
/home/alexander/Schreibtisch/ofa-v2/src/tools/workspace_advisor.py:80: ResourceWarning: unclosed file <_io.TextIOWrapper name='/home/alexander/Schreibtisch/ofa-v2/campaign3_blind/runs/C1_27b_MCP_seed2303/work/residual_level1.csv' mode='r' encoding='UTF-8'>
  rows = [row for row in _csv.reader(r.open()) if row]
ResourceWarning: Enable tracemalloc to get the object allocation traceback
/home/alexander/Schreibtisch/ofa-v2/src/tools/result_audit.py:419: ResourceWarning: unclosed file <_io.TextIOWrapper name='/home/alexander/Schreibtisch/ofa-v2/campaign3_blind/runs/C1_27b_MCP_seed2303/work/residual_level1.csv' mode='r' encoding='UTF-8'>
  body = tuple(r[-1].strip() for r in _csv.reader(q.open()) if r)
ResourceWarning: Enable tracemalloc to get the object allocation traceback
/home/alexander/Schreibtisch/ofa-v2/src/tools/result_audit.py:419: ResourceWarning: unclosed file <_io.TextIOWrapper name='/home/alexander/Schreibtisch/ofa-v2/campaign3_blind/runs/C1_27b_MCP_seed2302/work/residual_level1.csv' mode='r' encoding='UTF-8'>
  body = tuple(r[-1].strip() for r in _csv.reader(q.open()) if r)
ResourceWarning: Enable tracemalloc to get the object allocation traceback
/home/alexander/Schreibtisch/ofa-v2/src/tools/result_audit.py:419: ResourceWarning: unclosed file <_io.TextIOWrapper name='/home/alexander/Schreibtisch/ofa-v2/campaign3_blind/runs/C1_27b_MCP_seed2302/work/residual_level2.csv' mode='r' encoding='UTF-8'>
  body = tuple(r[-1].strip() for r in _csv.reader(q.open()) if r)
ResourceWarning: Enable tracemalloc to get the object allocation traceback
/home/alexander/Schreibtisch/ofa-v2/src/tools/result_audit.py:419: ResourceWarning: unclosed file <_io.TextIOWrapper name='/home/alexander/Schreibtisch/ofa-v2/campaign3_blind/runs/C1_27b_MCP_seed2302/work/residual_level3.csv' mode='r' encoding='UTF-8'>
  body = tuple(r[-1].strip() for r in _csv.reader(q.open()) if r)
ResourceWarning: Enable tracemalloc to get the object allocation traceback
/home/alexander/Schreibtisch/ofa-v2/src/tools/result_audit.py:1270: ResourceWarning: unclosed file <_io.TextIOWrapper name='/home/alexander/Schreibtisch/ofa-v2/campaign3_blind/runs/C1_27b_MCP_seed2302/work/solution_level1_A.csv' mode='r' encoding='UTF-8'>
  rows = [r for r in _csv.reader(f.open())
ResourceWarning: Enable tracemalloc to get the object allocation traceback
/home/alexander/Schreibtisch/ofa-v2/src/tools/result_audit.py:1270: ResourceWarning: unclosed file <_io.TextIOWrapper name='/home/alexander/Schreibtisch/ofa-v2/campaign3_blind/runs/C1_27b_MCP_seed2302/work/solution_level1_B.csv' mode='r' encoding='UTF-8'>
  rows = [r for r in _csv.reader(f.open())
ResourceWarning: Enable tracemalloc to get the object allocation traceback
/home/alexander/Schreibtisch/ofa-v2/src/tools/result_audit.py:1270: ResourceWarning: unclosed file <_io.TextIOWrapper name='/home/alexander/Schreibtisch/ofa-v2/campaign3_blind/runs/C1_27b_MCP_seed2302/work/solution_level2_A.csv' mode='r' encoding='UTF-8'>
  rows = [r for r in _csv.reader(f.open())
ResourceWarning: Enable tracemalloc to get the object allocation traceback
/home/alexander/Schreibtisch/ofa-v2/src/tools/result_audit.py:1270: ResourceWarning: unclosed file <_io.TextIOWrapper name='/home/alexander/Schreibtisch/ofa-v2/campaign3_blind/runs/C1_27b_MCP_seed2302/work/solution_level2_B.csv' mode='r' encoding='UTF-8'>
  rows = [r for r in _csv.reader(f.open())
ResourceWarning: Enable tracemalloc to get the object allocation traceback
/home/alexander/Schreibtisch/ofa-v2/src/tools/result_audit.py:1270: ResourceWarning: unclosed file <_io.TextIOWrapper name='/home/alexander/Schreibtisch/ofa-v2/campaign3_blind/runs/C1_27b_MCP_seed2302/work/solution_level3_A.csv' mode='r' encoding='UTF-8'>
  rows = [r for r in _csv.reader(f.open())
ResourceWarning: Enable tracemalloc to get the object allocation traceback
/home/alexander/Schreibtisch/ofa-v2/src/tools/result_audit.py:1270: ResourceWarning: unclosed file <_io.TextIOWrapper name='/home/alexander/Schreibtisch/ofa-v2/campaign3_blind/runs/C1_27b_MCP_seed2302/work/solution_level3_B.csv' mode='r' encoding='UTF-8'>
  rows = [r for r in _csv.reader(f.open())
ResourceWarning: Enable tracemalloc to get the object allocation traceback
/home/alexander/Schreibtisch/ofa-v2/src/tools/result_audit.py:419: ResourceWarning: unclosed file <_io.TextIOWrapper name='/home/alexander/Schreibtisch/ofa-v2/campaign3_blind/runs/C1_27b_MCP_seed2302/work/residual_level1.csv' mode='r' encoding='UTF-8'>
  body = tuple(r[-1].strip() for r in _csv.reader(q.open()) if r)
ResourceWarning: Enable tracemalloc to get the object allocation traceback
/home/alexander/Schreibtisch/ofa-v2/src/tools/result_audit.py:419: ResourceWarning: unclosed file <_io.TextIOWrapper name='/home/alexander/Schreibtisch/ofa-v2/campaign3_blind/runs/C1_27b_MCP_seed2302/work/residual_level2.csv' mode='r' encoding='UTF-8'>
  body = tuple(r[-1].strip() for r in _csv.reader(q.open()) if r)
ResourceWarning: Enable tracemalloc to get the object allocation traceback
/home/alexander/Schreibtisch/ofa-v2/src/tools/result_audit.py:419: ResourceWarning: unclosed file <_io.TextIOWrapper name='/home/alexander/Schreibtisch/ofa-v2/campaign3_blind/runs/C1_27b_MCP_seed2302/work/residual_level3.csv' mode='r' encoding='UTF-8'>
  body = tuple(r[-1].strip() for r in _csv.reader(q.open()) if r)
ResourceWarning: Enable tracemalloc to get the object allocation traceback
/home/alexander/Schreibtisch/ofa-v2/src/tools/result_audit.py:534: ResourceWarning: unclosed file <_io.TextIOWrapper name='/home/alexander/Schreibtisch/ofa-v2/campaign3_blind/runs/C1_27b_MCP_seed2302/work/solution_level1_A.csv' mode='r' encoding='UTF-8'>
  rows = sum(1 for _ in open(sol0[0], errors="ignore")) - 1
ResourceWarning: Enable tracemalloc to get the object allocation traceback
/home/alexander/Schreibtisch/ofa-v2/src/tools/result_audit.py:1270: ResourceWarning: unclosed file <_io.TextIOWrapper name='/home/alexander/Schreibtisch/ofa-v2/campaign3_blind/runs/C1_27b_MCP_seed2302/work/solution_level1_A.csv' mode='r' encoding='UTF-8'>
  rows = [r for r in _csv.reader(f.open())
ResourceWarning: Enable tracemalloc to get the object allocation traceback
/home/alexander/Schreibtisch/ofa-v2/src/tools/result_audit.py:1270: ResourceWarning: unclosed file <_io.TextIOWrapper name='/home/alexander/Schreibtisch/ofa-v2/campaign3_blind/runs/C1_27b_MCP_seed2302/work/solution_level1_B.csv' mode='r' encoding='UTF-8'>
  rows = [r for r in _csv.reader(f.open())
ResourceWarning: Enable tracemalloc to get the object allocation traceback
/home/alexander/Schreibtisch/ofa-v2/src/tools/result_audit.py:1270: ResourceWarning: unclosed file <_io.TextIOWrapper name='/home/alexander/Schreibtisch/ofa-v2/campaign3_blind/runs/C1_27b_MCP_seed2302/work/solution_level2_A.csv' mode='r' encoding='UTF-8'>
  rows = [r for r in _csv.reader(f.open())
ResourceWarning: Enable tracemalloc to get the object allocation traceback
/home/alexander/Schreibtisch/ofa-v2/src/tools/result_audit.py:1270: ResourceWarning: unclosed file <_io.TextIOWrapper name='/home/alexander/Schreibtisch/ofa-v2/campaign3_blind/runs/C1_27b_MCP_seed2302/work/solution_level2_B.csv' mode='r' encoding='UTF-8'>
  rows = [r for r in _csv.reader(f.open())
ResourceWarning: Enable tracemalloc to get the object allocation traceback
/home/alexander/Schreibtisch/ofa-v2/src/tools/result_audit.py:1270: ResourceWarning: unclosed file <_io.TextIOWrapper name='/home/alexander/Schreibtisch/ofa-v2/campaign3_blind/runs/C1_27b_MCP_seed2302/work/solution_level3_A.csv' mode='r' encoding='UTF-8'>
  rows = [r for r in _csv.reader(f.open())
ResourceWarning: Enable tracemalloc to get the object allocation traceback
/home/alexander/Schreibtisch/ofa-v2/src/tools/result_audit.py:1270: ResourceWarning: unclosed file <_io.TextIOWrapper name='/home/alexander/Schreibtisch/ofa-v2/campaign3_blind/runs/C1_27b_MCP_seed2302/work/solution_level3_B.csv' mode='r' encoding='UTF-8'>
  rows = [r for r in _csv.reader(f.open())
ResourceWarning: Enable tracemalloc to get the object allocation traceback
/home/alexander/Schreibtisch/ofa-v2/src/tools/workspace_advisor.py:80: ResourceWarning: unclosed file <_io.TextIOWrapper name='/home/alexander/Schreibtisch/ofa-v2/campaign3_blind/runs/C1_27b_MCP_seed2303/work/residual_level1.csv' mode='r' encoding='UTF-8'>
  rows = [row for row in _csv.reader(r.open()) if row]
ResourceWarning: Enable tracemalloc to get the object allocation traceback
/home/alexander/Schreibtisch/ofa-v2/src/tools/result_audit.py:419: ResourceWarning: unclosed file <_io.TextIOWrapper name='/home/alexander/Schreibtisch/ofa-v2/campaign3_blind/runs/C1_27b_MCP_seed2303/work/residual_level1.csv' mode='r' encoding='UTF-8'>
  body = tuple(r[-1].strip() for r in _csv.reader(q.open()) if r)
ResourceWarning: Enable tracemalloc to get the object allocation traceback
/home/alexander/Schreibtisch/ofa-v2/src/tools/workspace_advisor.py:80: ResourceWarning: unclosed file <_io.TextIOWrapper name='/home/alexander/Schreibtisch/ofa-v2/campaign3_blind/runs/C1_27b_MCP_seed2302/work/residual_level1.csv' mode='r' encoding='UTF-8'>
  rows = [row for row in _csv.reader(r.open()) if row]
ResourceWarning: Enable tracemalloc to get the object allocation traceback
/home/alexander/Schreibtisch/ofa-v2/src/tools/workspace_advisor.py:80: ResourceWarning: unclosed file <_io.TextIOWrapper name='/home/alexander/Schreibtisch/ofa-v2/campaign3_blind/runs/C1_27b_MCP_seed2302/work/residual_level2.csv' mode='r' encoding='UTF-8'>
  rows = [row for row in _csv.reader(r.open()) if row]
ResourceWarning: Enable tracemalloc to get the object allocation traceback
/home/alexander/Schreibtisch/ofa-v2/src/tools/workspace_advisor.py:80: ResourceWarning: unclosed file <_io.TextIOWrapper name='/home/alexander/Schreibtisch/ofa-v2/campaign3_blind/runs/C1_27b_MCP_seed2302/work/residual_level3.csv' mode='r' encoding='UTF-8'>
  rows = [row for row in _csv.reader(r.open()) if row]
ResourceWarning: Enable tracemalloc to get the object allocation traceback
/home/alexander/Schreibtisch/ofa-v2/src/tools/result_audit.py:419: ResourceWarning: unclosed file <_io.TextIOWrapper name='/home/alexander/Schreibtisch/ofa-v2/campaign3_blind/runs/C1_27b_MCP_seed2302/work/residual_level1.csv' mode='r' encoding='UTF-8'>
  body = tuple(r[-1].strip() for r in _csv.reader(q.open()) if r)
ResourceWarning: Enable tracemalloc to get the object allocation traceback
/home/alexander/Schreibtisch/ofa-v2/src/tools/result_audit.py:419: ResourceWarning: unclosed file <_io.TextIOWrapper name='/home/alexander/Schreibtisch/ofa-v2/campaign3_blind/runs/C1_27b_MCP_seed2302/work/residual_level2.csv' mode='r' encoding='UTF-8'>
  body = tuple(r[-1].strip() for r in _csv.reader(q.open()) if r)
ResourceWarning: Enable tracemalloc to get the object allocation traceback
/home/alexander/Schreibtisch/ofa-v2/src/tools/result_audit.py:419: ResourceWarning: unclosed file <_io.TextIOWrapper name='/home/alexander/Schreibtisch/ofa-v2/campaign3_blind/runs/C1_27b_MCP_seed2302/work/residual_level3.csv' mode='r' encoding='UTF-8'>
  body = tuple(r[-1].strip() for r in _csv.reader(q.open()) if r)
ResourceWarning: Enable tracemalloc to get the object allocation traceback
/home/alexander/Schreibtisch/ofa-v2/src/tools/result_audit.py:534: ResourceWarning: unclosed file <_io.TextIOWrapper name='/home/alexander/Schreibtisch/ofa-v2/campaign3_blind/runs/C1_27b_MCP_seed2302/work/solution_level1_A.csv' mode='r' encoding='UTF-8'>
  rows = sum(1 for _ in open(sol0[0], errors="ignore")) - 1
ResourceWarning: Enable tracemalloc to get the object allocation traceback
/home/alexander/Schreibtisch/ofa-v2/src/tools/result_audit.py:1270: ResourceWarning: unclosed file <_io.TextIOWrapper name='/home/alexander/Schreibtisch/ofa-v2/campaign3_blind/runs/C1_27b_MCP_seed2302/work/solution_level1_A.csv' mode='r' encoding='UTF-8'>
  rows = [r for r in _csv.reader(f.open())
ResourceWarning: Enable tracemalloc to get the object allocation traceback
/home/alexander/Schreibtisch/ofa-v2/src/tools/result_audit.py:1270: ResourceWarning: unclosed file <_io.TextIOWrapper name='/home/alexander/Schreibtisch/ofa-v2/campaign3_blind/runs/C1_27b_MCP_seed2302/work/solution_level1_B.csv' mode='r' encoding='UTF-8'>
  rows = [r for r in _csv.reader(f.open())
ResourceWarning: Enable tracemalloc to get the object allocation traceback
/home/alexander/Schreibtisch/ofa-v2/src/tools/result_audit.py:1270: ResourceWarning: unclosed file <_io.TextIOWrapper name='/home/alexander/Schreibtisch/ofa-v2/campaign3_blind/runs/C1_27b_MCP_seed2302/work/solution_level2_A.csv' mode='r' encoding='UTF-8'>
  rows = [r for r in _csv.reader(f.open())
ResourceWarning: Enable tracemalloc to get the object allocation traceback
/home/alexander/Schreibtisch/ofa-v2/src/tools/result_audit.py:1270: ResourceWarning: unclosed file <_io.TextIOWrapper name='/home/alexander/Schreibtisch/ofa-v2/campaign3_blind/runs/C1_27b_MCP_seed2302/work/solution_level2_B.csv' mode='r' encoding='UTF-8'>
  rows = [r for r in _csv.reader(f.open())
ResourceWarning: Enable tracemalloc to get the object allocation traceback
/home/alexander/Schreibtisch/ofa-v2/src/tools/result_audit.py:1270: ResourceWarning: unclosed file <_io.TextIOWrapper name='/home/alexander/Schreibtisch/ofa-v2/campaign3_blind/runs/C1_27b_MCP_seed2302/work/solution_level3_A.csv' mode='r' encoding='UTF-8'>
  rows = [r for r in _csv.reader(f.open())
ResourceWarning: Enable tracemalloc to get the object allocation traceback
/home/alexander/Schreibtisch/ofa-v2/src/tools/result_audit.py:1270: ResourceWarning: unclosed file <_io.TextIOWrapper name='/home/alexander/Schreibtisch/ofa-v2/campaign3_blind/runs/C1_27b_MCP_seed2302/work/solution_level3_B.csv' mode='r' encoding='UTF-8'>
  rows = [r for r in _csv.reader(f.open())
ResourceWarning: Enable tracemalloc to get the object allocation traceback
2026-09-03 15:09:49,385 [mcp.server.lowlevel.server] INFO: Processing request of type CallToolRequest
2026-09-03 15:09:57,985 [mcp.server.lowlevel.server] INFO: Processing request of type CallToolRequest
/home/alexander/Schreibtisch/ofa-v2/src/tools/result_audit.py:419: ResourceWarning: unclosed file <_io.TextIOWrapper name='/home/alexander/Schreibtisch/ofa-v2/campaign3_blind/runs/C1_27b_MCP_seed2303/work/residual_level1.csv' mode='r' encoding='UTF-8'>
  body = tuple(r[-1].strip() for r in _csv.reader(q.open()) if r)
ResourceWarning: Enable tracemalloc to get the object allocation traceback
/home/alexander/Schreibtisch/ofa-v2/src/tools/result_audit.py:419: ResourceWarning: unclosed file <_io.TextIOWrapper name='/home/alexander/Schreibtisch/ofa-v2/campaign3_blind/runs/C1_27b_MCP_seed2302/work/residual_level1.csv' mode='r' encoding='UTF-8'>
  body = tuple(r[-1].strip() for r in _csv.reader(q.open()) if r)
ResourceWarning: Enable tracemalloc to get the object allocation traceback
/home/alexander/Schreibtisch/ofa-v2/src/tools/result_audit.py:419: ResourceWarning: unclosed file <_io.TextIOWrapper name='/home/alexander/Schreibtisch/ofa-v2/campaign3_blind/runs/C1_27b_MCP_seed2302/work/residual_level2.csv' mode='r' encoding='UTF-8'>
  body = tuple(r[-1].strip() for r in _csv.reader(q.open()) if r)
ResourceWarning: Enable tracemalloc to get the object allocation traceback
/home/alexander/Schreibtisch/ofa-v2/src/tools/result_audit.py:419: ResourceWarning: unclosed file <_io.TextIOWrapper name='/home/alexander/Schreibtisch/ofa-v2/campaign3_blind/runs/C1_27b_MCP_seed2302/work/residual_level3.csv' mode='r' encoding='UTF-8'>
  body = tuple(r[-1].strip() for r in _csv.reader(q.open()) if r)
ResourceWarning: Enable tracemalloc to get the object allocation traceback
/home/alexander/Schreibtisch/ofa-v2/src/tools/result_audit.py:1270: ResourceWarning: unclosed file <_io.TextIOWrapper name='/home/alexander/Schreibtisch/ofa-v2/campaign3_blind/runs/C1_27b_MCP_seed2302/work/solution_level1_A.csv' mode='r' encoding='UTF-8'>
  rows = [r for r in _csv.reader(f.open())
ResourceWarning: Enable tracemalloc to get the object allocation traceback
/home/alexander/Schreibtisch/ofa-v2/src/tools/result_audit.py:1270: ResourceWarning: unclosed file <_io.TextIOWrapper name='/home/alexander/Schreibtisch/ofa-v2/campaign3_blind/runs/C1_27b_MCP_seed2302/work/solution_level1_B.csv' mode='r' encoding='UTF-8'>
  rows = [r for r in _csv.reader(f.open())
ResourceWarning: Enable tracemalloc to get the object allocation traceback
/home/alexander/Schreibtisch/ofa-v2/src/tools/result_audit.py:1270: ResourceWarning: unclosed file <_io.TextIOWrapper name='/home/alexander/Schreibtisch/ofa-v2/campaign3_blind/runs/C1_27b_MCP_seed2302/work/solution_level2_A.csv' mode='r' encoding='UTF-8'>
  rows = [r for r in _csv.reader(f.open())
ResourceWarning: Enable tracemalloc to get the object allocation traceback
/home/alexander/Schreibtisch/ofa-v2/src/tools/result_audit.py:1270: ResourceWarning: unclosed file <_io.TextIOWrapper name='/home/alexander/Schreibtisch/ofa-v2/campaign3_blind/runs/C1_27b_MCP_seed2302/work/solution_level2_B.csv' mode='r' encoding='UTF-8'>
  rows = [r for r in _csv.reader(f.open())
ResourceWarning: Enable tracemalloc to get the object allocation traceback
/home/alexander/Schreibtisch/ofa-v2/src/tools/result_audit.py:1270: ResourceWarning: unclosed file <_io.TextIOWrapper name='/home/alexander/Schreibtisch/ofa-v2/campaign3_blind/runs/C1_27b_MCP_seed2302/work/solution_level3_A.csv' mode='r' encoding='UTF-8'>
  rows = [r for r in _csv.reader(f.open())
ResourceWarning: Enable tracemalloc to get the object allocation traceback
/home/alexander/Schreibtisch/ofa-v2/src/tools/result_audit.py:1270: ResourceWarning: unclosed file <_io.TextIOWrapper name='/home/alexander/Schreibtisch/ofa-v2/campaign3_blind/runs/C1_27b_MCP_seed2302/work/solution_level3_B.csv' mode='r' encoding='UTF-8'>
  rows = [r for r in _csv.reader(f.open())
ResourceWarning: Enable tracemalloc to get the object allocation traceback
/home/alexander/Schreibtisch/ofa-v2/src/tools/workspace_advisor.py:80: ResourceWarning: unclosed file <_io.TextIOWrapper name='/home/alexander/Schreibtisch/ofa-v2/campaign3_blind/runs/C1_27b_MCP_seed2303/work/residual_level1.csv' mode='r' encoding='UTF-8'>
  rows = [row for row in _csv.reader(r.open()) if row]
ResourceWarning: Enable tracemalloc to get the object allocation traceback
/home/alexander/Schreibtisch/ofa-v2/src/tools/result_audit.py:419: ResourceWarning: unclosed file <_io.TextIOWrapper name='/home/alexander/Schreibtisch/ofa-v2/campaign3_blind/runs/C1_27b_MCP_seed2303/work/residual_level1.csv' mode='r' encoding='UTF-8'>
  body = tuple(r[-1].strip() for r in _csv.reader(q.open()) if r)
ResourceWarning: Enable tracemalloc to get the object allocation traceback
/home/alexander/Schreibtisch/ofa-v2/src/tools/result_audit.py:419: ResourceWarning: unclosed file <_io.TextIOWrapper name='/home/alexander/Schreibtisch/ofa-v2/campaign3_blind/runs/C1_27b_MCP_seed2302/work/residual_level1.csv' mode='r' encoding='UTF-8'>
  body = tuple(r[-1].strip() for r in _csv.reader(q.open()) if r)
ResourceWarning: Enable tracemalloc to get the object allocation traceback
/home/alexander/Schreibtisch/ofa-v2/src/tools/result_audit.py:419: ResourceWarning: unclosed file <_io.TextIOWrapper name='/home/alexander/Schreibtisch/ofa-v2/campaign3_blind/runs/C1_27b_MCP_seed2302/work/residual_level2.csv' mode='r' encoding='UTF-8'>
  body = tuple(r[-1].strip() for r in _csv.reader(q.open()) if r)
ResourceWarning: Enable tracemalloc to get the object allocation traceback
/home/alexander/Schreibtisch/ofa-v2/src/tools/result_audit.py:419: ResourceWarning: unclosed file <_io.TextIOWrapper name='/home/alexander/Schreibtisch/ofa-v2/campaign3_blind/runs/C1_27b_MCP_seed2302/work/residual_level3.csv' mode='r' encoding='UTF-8'>
  body = tuple(r[-1].strip() for r in _csv.reader(q.open()) if r)
ResourceWarning: Enable tracemalloc to get the object allocation traceback
/home/alexander/Schreibtisch/ofa-v2/src/tools/result_audit.py:534: ResourceWarning: unclosed file <_io.TextIOWrapper name='/home/alexander/Schreibtisch/ofa-v2/campaign3_blind/runs/C1_27b_MCP_seed2302/work/solution_level1_A.csv' mode='r' encoding='UTF-8'>
  rows = sum(1 for _ in open(sol0[0], errors="ignore")) - 1
ResourceWarning: Enable tracemalloc to get the object allocation traceback
/home/alexander/Schreibtisch/ofa-v2/src/tools/result_audit.py:1270: ResourceWarning: unclosed file <_io.TextIOWrapper name='/home/alexander/Schreibtisch/ofa-v2/campaign3_blind/runs/C1_27b_MCP_seed2302/work/solution_level1_A.csv' mode='r' encoding='UTF-8'>
  rows = [r for r in _csv.reader(f.open())
ResourceWarning: Enable tracemalloc to get the object allocation traceback
/home/alexander/Schreibtisch/ofa-v2/src/tools/result_audit.py:1270: ResourceWarning: unclosed file <_io.TextIOWrapper name='/home/alexander/Schreibtisch/ofa-v2/campaign3_blind/runs/C1_27b_MCP_seed2302/work/solution_level1_B.csv' mode='r' encoding='UTF-8'>
  rows = [r for r in _csv.reader(f.open())
ResourceWarning: Enable tracemalloc to get the object allocation traceback
/home/alexander/Schreibtisch/ofa-v2/src/tools/result_audit.py:1270: ResourceWarning: unclosed file <_io.TextIOWrapper name='/home/alexander/Schreibtisch/ofa-v2/campaign3_blind/runs/C1_27b_MCP_seed2302/work/solution_level2_A.csv' mode='r' encoding='UTF-8'>
  rows = [r for r in _csv.reader(f.open())
ResourceWarning: Enable tracemalloc to get the object allocation traceback
/home/alexander/Schreibtisch/ofa-v2/src/tools/result_audit.py:1270: ResourceWarning: unclosed file <_io.TextIOWrapper name='/home/alexander/Schreibtisch/ofa-v2/campaign3_blind/runs/C1_27b_MCP_seed2302/work/solution_level2_B.csv' mode='r' encoding='UTF-8'>
  rows = [r for r in _csv.reader(f.open())
ResourceWarning: Enable tracemalloc to get the object allocation traceback
/home/alexander/Schreibtisch/ofa-v2/src/tools/result_audit.py:1270: ResourceWarning: unclosed file <_io.TextIOWrapper name='/home/alexander/Schreibtisch/ofa-v2/campaign3_blind/runs/C1_27b_MCP_seed2302/work/solution_level3_A.csv' mode='r' encoding='UTF-8'>
  rows = [r for r in _csv.reader(f.open())
ResourceWarning: Enable tracemalloc to get the object allocation traceback
/home/alexander/Schreibtisch/ofa-v2/src/tools/result_audit.py:1270: ResourceWarning: unclosed file <_io.TextIOWrapper name='/home/alexander/Schreibtisch/ofa-v2/campaign3_blind/runs/C1_27b_MCP_seed2302/work/solution_level3_B.csv' mode='r' encoding='UTF-8'>
  rows = [r for r in _csv.reader(f.open())
ResourceWarning: Enable tracemalloc to get the object allocation traceback
/home/alexander/Schreibtisch/ofa-v2/src/tools/workspace_advisor.py:80: ResourceWarning: unclosed file <_io.TextIOWrapper name='/home/alexander/Schreibtisch/ofa-v2/campaign3_blind/runs/C1_27b_MCP_seed2302/work/residual_level1.csv' mode='r' encoding='UTF-8'>
  rows = [row for row in _csv.reader(r.open()) if row]
ResourceWarning: Enable tracemalloc to get the object allocation traceback
/home/alexander/Schreibtisch/ofa-v2/src/tools/workspace_advisor.py:80: ResourceWarning: unclosed file <_io.TextIOWrapper name='/home/alexander/Schreibtisch/ofa-v2/campaign3_blind/runs/C1_27b_MCP_seed2302/work/residual_level2.csv' mode='r' encoding='UTF-8'>
  rows = [row for row in _csv.reader(r.open()) if row]
ResourceWarning: Enable tracemalloc to get the object allocation traceback
/home/alexander/Schreibtisch/ofa-v2/src/tools/workspace_advisor.py:80: ResourceWarning: unclosed file <_io.TextIOWrapper name='/home/alexander/Schreibtisch/ofa-v2/campaign3_blind/runs/C1_27b_MCP_seed2302/work/residual_level3.csv' mode='r' encoding='UTF-8'>
  rows = [row for row in _csv.reader(r.open()) if row]
ResourceWarning: Enable tracemalloc to get the object allocation traceback
/home/alexander/Schreibtisch/ofa-v2/src/tools/result_audit.py:419: ResourceWarning: unclosed file <_io.TextIOWrapper name='/home/alexander/Schreibtisch/ofa-v2/campaign3_blind/runs/C1_27b_MCP_seed2302/work/residual_level1.csv' mode='r' encoding='UTF-8'>
  body = tuple(r[-1].strip() for r in _csv.reader(q.open()) if r)
ResourceWarning: Enable tracemalloc to get the object allocation traceback
/home/alexander/Schreibtisch/ofa-v2/src/tools/result_audit.py:419: ResourceWarning: unclosed file <_io.TextIOWrapper name='/home/alexander/Schreibtisch/ofa-v2/campaign3_blind/runs/C1_27b_MCP_seed2302/work/residual_level2.csv' mode='r' encoding='UTF-8'>
  body = tuple(r[-1].strip() for r in _csv.reader(q.open()) if r)
ResourceWarning: Enable tracemalloc to get the object allocation traceback
/home/alexander/Schreibtisch/ofa-v2/src/tools/result_audit.py:419: ResourceWarning: unclosed file <_io.TextIOWrapper name='/home/alexander/Schreibtisch/ofa-v2/campaign3_blind/runs/C1_27b_MCP_seed2302/work/residual_level3.csv' mode='r' encoding='UTF-8'>
  body = tuple(r[-1].strip() for r in _csv.reader(q.open()) if r)
ResourceWarning: Enable tracemalloc to get the object allocation traceback
/home/alexander/Schreibtisch/ofa-v2/src/tools/result_audit.py:534: ResourceWarning: unclosed file <_io.TextIOWrapper name='/home/alexander/Schreibtisch/ofa-v2/campaign3_blind/runs/C1_27b_MCP_seed2302/work/solution_level1_A.csv' mode='r' encoding='UTF-8'>
  rows = sum(1 for _ in open(sol0[0], errors="ignore")) - 1
ResourceWarning: Enable tracemalloc to get the object allocation traceback
/home/alexander/Schreibtisch/ofa-v2/src/tools/result_audit.py:1270: ResourceWarning: unclosed file <_io.TextIOWrapper name='/home/alexander/Schreibtisch/ofa-v2/campaign3_blind/runs/C1_27b_MCP_seed2302/work/solution_level1_A.csv' mode='r' encoding='UTF-8'>
  rows = [r for r in _csv.reader(f.open())
ResourceWarning: Enable tracemalloc to get the object allocation traceback
/home/alexander/Schreibtisch/ofa-v2/src/tools/result_audit.py:1270: ResourceWarning: unclosed file <_io.TextIOWrapper name='/home/alexander/Schreibtisch/ofa-v2/campaign3_blind/runs/C1_27b_MCP_seed2302/work/solution_level1_B.csv' mode='r' encoding='UTF-8'>
  rows = [r for r in _csv.reader(f.open())
ResourceWarning: Enable tracemalloc to get the object allocation traceback
/home/alexander/Schreibtisch/ofa-v2/src/tools/result_audit.py:1270: ResourceWarning: unclosed file <_io.TextIOWrapper name='/home/alexander/Schreibtisch/ofa-v2/campaign3_blind/runs/C1_27b_MCP_seed2302/work/solution_level2_A.csv' mode='r' encoding='UTF-8'>
  rows = [r for r in _csv.reader(f.open())
ResourceWarning: Enable tracemalloc to get the object allocation traceback
/home/alexander/Schreibtisch/ofa-v2/src/tools/result_audit.py:1270: ResourceWarning: unclosed file <_io.TextIOWrapper name='/home/alexander/Schreibtisch/ofa-v2/campaign3_blind/runs/C1_27b_MCP_seed2302/work/solution_level2_B.csv' mode='r' encoding='UTF-8'>
  rows = [r for r in _csv.reader(f.open())
ResourceWarning: Enable tracemalloc to get the object allocation traceback
/home/alexander/Schreibtisch/ofa-v2/src/tools/result_audit.py:1270: ResourceWarning: unclosed file <_io.TextIOWrapper name='/home/alexander/Schreibtisch/ofa-v2/campaign3_blind/runs/C1_27b_MCP_seed2302/work/solution_level3_A.csv' mode='r' encoding='UTF-8'>
  rows = [r for r in _csv.reader(f.open())
ResourceWarning: Enable tracemalloc to get the object allocation traceback
/home/alexander/Schreibtisch/ofa-v2/src/tools/result_audit.py:1270: ResourceWarning: unclosed file <_io.TextIOWrapper name='/home/alexander/Schreibtisch/ofa-v2/campaign3_blind/runs/C1_27b_MCP_seed2302/work/solution_level3_B.csv' mode='r' encoding='UTF-8'>
  rows = [r for r in _csv.reader(f.open())
ResourceWarning: Enable tracemalloc to get the object allocation traceback
/home/alexander/Schreibtisch/ofa-v2/src/tools/result_audit.py:419: ResourceWarning: unclosed file <_io.TextIOWrapper name='/home/alexander/Schreibtisch/ofa-v2/campaign3_blind/runs/C1_27b_MCP_seed2302/work/residual_level1.csv' mode='r' encoding='UTF-8'>
  body = tuple(r[-1].strip() for r in _csv.reader(q.open()) if r)
ResourceWarning: Enable tracemalloc to get the object allocation traceback
/home/alexander/Schreibtisch/ofa-v2/src/tools/result_audit.py:419: ResourceWarning: unclosed file <_io.TextIOWrapper name='/home/alexander/Schreibtisch/ofa-v2/campaign3_blind/runs/C1_27b_MCP_seed2302/work/residual_level2.csv' mode='r' encoding='UTF-8'>
  body = tuple(r[-1].strip() for r in _csv.reader(q.open()) if r)
ResourceWarning: Enable tracemalloc to get the object allocation traceback
/home/alexander/Schreibtisch/ofa-v2/src/tools/result_audit.py:419: ResourceWarning: unclosed file <_io.TextIOWrapper name='/home/alexander/Schreibtisch/ofa-v2/campaign3_blind/runs/C1_27b_MCP_seed2302/work/residual_level3.csv' mode='r' encoding='UTF-8'>
  body = tuple(r[-1].strip() for r in _csv.reader(q.open()) if r)
ResourceWarning: Enable tracemalloc to get the object allocation traceback
/home/alexander/Schreibtisch/ofa-v2/src/tools/result_audit.py:534: ResourceWarning: unclosed file <_io.TextIOWrapper name='/home/alexander/Schreibtisch/ofa-v2/campaign3_blind/runs/C1_27b_MCP_seed2302/work/solution_level1_A.csv' mode='r' encoding='UTF-8'>
  rows = sum(1 for _ in open(sol0[0], errors="ignore")) - 1
ResourceWarning: Enable tracemalloc to get the object allocation traceback
/home/alexander/Schreibtisch/ofa-v2/src/tools/result_audit.py:1270: ResourceWarning: unclosed file <_io.TextIOWrapper name='/home/alexander/Schreibtisch/ofa-v2/campaign3_blind/runs/C1_27b_MCP_seed2302/work/solution_level1_A.csv' mode='r' encoding='UTF-8'>
  rows = [r for r in _csv.reader(f.open())
ResourceWarning: Enable tracemalloc to get the object allocation traceback
/home/alexander/Schreibtisch/ofa-v2/src/tools/result_audit.py:1270: ResourceWarning: unclosed file <_io.TextIOWrapper name='/home/alexander/Schreibtisch/ofa-v2/campaign3_blind/runs/C1_27b_MCP_seed2302/work/solution_level1_B.csv' mode='r' encoding='UTF-8'>
  rows = [r for r in _csv.reader(f.open())
ResourceWarning: Enable tracemalloc to get the object allocation traceback
/home/alexander/Schreibtisch/ofa-v2/src/tools/result_audit.py:1270: ResourceWarning: unclosed file <_io.TextIOWrapper name='/home/alexander/Schreibtisch/ofa-v2/campaign3_blind/runs/C1_27b_MCP_seed2302/work/solution_level2_A.csv' mode='r' encoding='UTF-8'>
  rows = [r for r in _csv.reader(f.open())
ResourceWarning: Enable tracemalloc to get the object allocation traceback
/home/alexander/Schreibtisch/ofa-v2/src/tools/result_audit.py:1270: ResourceWarning: unclosed file <_io.TextIOWrapper name='/home/alexander/Schreibtisch/ofa-v2/campaign3_blind/runs/C1_27b_MCP_seed2302/work/solution_level2_B.csv' mode='r' encoding='UTF-8'>
  rows = [r for r in _csv.reader(f.open())
ResourceWarning: Enable tracemalloc to get the object allocation traceback
/home/alexander/Schreibtisch/ofa-v2/src/tools/result_audit.py:1270: ResourceWarning: unclosed file <_io.TextIOWrapper name='/home/alexander/Schreibtisch/ofa-v2/campaign3_blind/runs/C1_27b_MCP_seed2302/work/solution_level3_A.csv' mode='r' encoding='UTF-8'>
  rows = [r for r in _csv.reader(f.open())
ResourceWarning: Enable tracemalloc to get the object allocation traceback
/home/alexander/Schreibtisch/ofa-v2/src/tools/result_audit.py:1270: ResourceWarning: unclosed file <_io.TextIOWrapper name='/home/alexander/Schreibtisch/ofa-v2/campaign3_blind/runs/C1_27b_MCP_seed2302/work/solution_level3_B.csv' mode='r' encoding='UTF-8'>
  rows = [r for r in _csv.reader(f.open())
ResourceWarning: Enable tracemalloc to get the object allocation traceback
2026-09-03 15:12:28,243 [mcp.server.lowlevel.server] INFO: Processing request of type CallToolRequest
2026-09-03 15:12:37,074 [oasis] INFO: Session journal saved: /tmp/oasis-source/data/sessions/session_17abdae5-cd8c-46cd-b36d-a23271467255.json (8 events)
[preflight] custody controls verified for 1 problem(s); keys sealed and unreadable by execution
[phase: development] results are for post-mortems and convergence checking, NOT for the paper's evaluation table.
[DUNE cache] sha256=dc2d5b8ff2ebf98e... (neutral, private copy per cell)
[C1 27b MCP s2303] done  calls=40 tok=3596494/39627 1129.3s
/home/alexander/.local/share/python/cpython-3.12.13-linux-x86_64-gnu/lib/python3.12/asyncio/selector_events.py:879: ResourceWarning: unclosed transport <_SelectorSocketTransport fd=9>
<<< C1 seed 2303 done 2026-09-03 15:12:37
2026-09-03 15:12:52,299 [oasis] INFO: Session journal saved: /tmp/oasis-source/data/sessions/session_c054b269-ef14-493f-a7b8-c3c8e095bb20.json (6 events)
[preflight] custody controls verified for 1 problem(s); keys sealed and unreadable by execution
[phase: development] results are for post-mortems and convergence checking, NOT for the paper's evaluation table.
[DUNE cache] sha256=dc2d5b8ff2ebf98e... (neutral, private copy per cell)
[C1 27b MCP s2302] done  calls=42 tok=4623121/42441 1144.6s
/home/alexander/.local/share/python/cpython-3.12.13-linux-x86_64-gnu/lib/python3.12/asyncio/selector_events.py:879: ResourceWarning: unclosed transport <_SelectorSocketTransport fd=9>
<<< C1 seed 2302 done 2026-09-03 15:12:53
>>> C1 MCP complete 2026-09-03 15:12:53
>>> C1 MCP seeds 2401 2402 2403  start 2026-09-03 15:33:21
[source build] 0e9ca61011b0 sha256=a082c62dd15642d6... (immutable)
[source build] 0e9ca61011b0 sha256=a082c62dd15642d6... (immutable)
[source build] 0e9ca61011b0 sha256=a082c62dd15642d6... (immutable)
2026-09-03 15:33:50,469 [oasis.registry] INFO: Loaded discovered config: 5 backends
2026-09-03 15:33:50,480 [oasis.registry] INFO: Registered backend: 4C Multiphysics (fourc)
2026-09-03 15:33:50,484 [oasis.registry] INFO: Registered backend: FEniCSx (dolfinx) (fenics)
2026-09-03 15:33:50,488 [oasis.registry] INFO: Registered backend: deal.II (dealii)
2026-09-03 15:33:50,507 [oasis.registry] INFO: Registered backend: FEBio (febio)
2026-09-03 15:33:50,521 [oasis.registry] INFO: Registered backend: NGSolve (ngsolve)
2026-09-03 15:33:50,521 [oasis.ngsolve] INFO: NGSolve backend registered
2026-09-03 15:33:50,535 [oasis.registry] INFO: Registered backend: scikit-fem (skfem)
2026-09-03 15:33:50,535 [oasis.skfem] INFO: scikit-fem backend registered
2026-09-03 15:33:50,557 [oasis.registry] INFO: Registered backend: Kratos Multiphysics (kratos)
2026-09-03 15:33:50,558 [oasis.kratos] INFO: Kratos Multiphysics backend registered
2026-09-03 15:33:50,572 [oasis.registry] INFO: Registered backend: DUNE-fem (dune)
2026-09-03 15:33:50,572 [oasis.dune] INFO: DUNE-fem backend registered
2026-09-03 15:33:50,586 [oasis.registry] INFO: Registered backend: SPARTA (DSMC) (sparta)
2026-09-03 15:33:50,587 [oasis.sparta] INFO: SPARTA (DSMC) backend registered
2026-09-03 15:33:50,587 [oasis] INFO: Starting OASiS MCP server
2026-09-03 15:33:50,620 [mcp.server.lowlevel.server] INFO: Processing request of type ListToolsRequest
2026-09-03 15:33:50,626 [oasis.registry] INFO: Loaded discovered config: 5 backends
2026-09-03 15:33:50,637 [oasis.registry] INFO: Registered backend: 4C Multiphysics (fourc)
2026-09-03 15:33:50,640 [oasis.registry] INFO: Registered backend: FEniCSx (dolfinx) (fenics)
2026-09-03 15:33:50,645 [oasis.registry] INFO: Registered backend: deal.II (dealii)
2026-09-03 15:33:50,665 [oasis.registry] INFO: Registered backend: FEBio (febio)
2026-09-03 15:33:50,679 [oasis.registry] INFO: Registered backend: NGSolve (ngsolve)
2026-09-03 15:33:50,679 [oasis.ngsolve] INFO: NGSolve backend registered
2026-09-03 15:33:50,698 [oasis.registry] INFO: Registered backend: scikit-fem (skfem)
2026-09-03 15:33:50,698 [oasis.skfem] INFO: scikit-fem backend registered
2026-09-03 15:33:50,720 [oasis.registry] INFO: Registered backend: Kratos Multiphysics (kratos)
2026-09-03 15:33:50,720 [oasis.kratos] INFO: Kratos Multiphysics backend registered
2026-09-03 15:33:50,735 [oasis.registry] INFO: Registered backend: DUNE-fem (dune)
2026-09-03 15:33:50,735 [oasis.dune] INFO: DUNE-fem backend registered
2026-09-03 15:33:50,749 [oasis.registry] INFO: Registered backend: SPARTA (DSMC) (sparta)
2026-09-03 15:33:50,749 [oasis.sparta] INFO: SPARTA (DSMC) backend registered
2026-09-03 15:33:50,749 [oasis] INFO: Starting OASiS MCP server
2026-09-03 15:33:50,757 [oasis.registry] INFO: Loaded discovered config: 5 backends
2026-09-03 15:33:50,768 [oasis.registry] INFO: Registered backend: 4C Multiphysics (fourc)
2026-09-03 15:33:50,772 [oasis.registry] INFO: Registered backend: FEniCSx (dolfinx) (fenics)
2026-09-03 15:33:50,777 [oasis.registry] INFO: Registered backend: deal.II (dealii)
2026-09-03 15:33:50,779 [mcp.server.lowlevel.server] INFO: Processing request of type ListToolsRequest
2026-09-03 15:33:50,796 [oasis.registry] INFO: Registered backend: FEBio (febio)
2026-09-03 15:33:50,809 [oasis.registry] INFO: Registered backend: NGSolve (ngsolve)
2026-09-03 15:33:50,809 [oasis.ngsolve] INFO: NGSolve backend registered
2026-09-03 15:33:50,823 [oasis.registry] INFO: Registered backend: scikit-fem (skfem)
2026-09-03 15:33:50,823 [oasis.skfem] INFO: scikit-fem backend registered
2026-09-03 15:33:50,847 [oasis.registry] INFO: Registered backend: Kratos Multiphysics (kratos)
2026-09-03 15:33:50,847 [oasis.kratos] INFO: Kratos Multiphysics backend registered
2026-09-03 15:33:50,861 [oasis.registry] INFO: Registered backend: DUNE-fem (dune)
2026-09-03 15:33:50,861 [oasis.dune] INFO: DUNE-fem backend registered
2026-09-03 15:33:50,875 [oasis.registry] INFO: Registered backend: SPARTA (DSMC) (sparta)
2026-09-03 15:33:50,875 [oasis.sparta] INFO: SPARTA (DSMC) backend registered
2026-09-03 15:33:50,875 [oasis] INFO: Starting OASiS MCP server
2026-09-03 15:33:50,903 [mcp.server.lowlevel.server] INFO: Processing request of type ListToolsRequest
2026-09-03 15:34:02,656 [mcp.server.lowlevel.server] INFO: Processing request of type CallToolRequest
2026-09-03 15:34:03,682 [mcp.server.lowlevel.server] INFO: Processing request of type CallToolRequest
2026-09-03 15:34:03,729 [mcp.server.lowlevel.server] INFO: Processing request of type CallToolRequest
2026-09-03 15:34:04,955 [mcp.server.lowlevel.server] INFO: Processing request of type CallToolRequest
2026-09-03 15:34:05,104 [mcp.server.lowlevel.server] INFO: Processing request of type CallToolRequest
2026-09-03 15:34:07,936 [mcp.server.lowlevel.server] INFO: Processing request of type CallToolRequest
2026-09-03 15:34:07,948 [mcp.server.lowlevel.server] INFO: Processing request of type CallToolRequest
2026-09-03 15:34:09,931 [mcp.server.lowlevel.server] INFO: Processing request of type CallToolRequest
2026-09-03 15:34:19,254 [mcp.server.lowlevel.server] INFO: Processing request of type CallToolRequest
2026-09-03 15:34:19,287 [mcp.server.lowlevel.server] INFO: Processing request of type CallToolRequest
2026-09-03 15:34:20,250 [mcp.server.lowlevel.server] INFO: Processing request of type CallToolRequest
2026-09-03 15:34:51,175 [mcp.server.lowlevel.server] INFO: Processing request of type CallToolRequest
2026-09-03 15:34:51,206 [mcp.server.lowlevel.server] INFO: Processing request of type CallToolRequest
2026-09-03 15:35:09,100 [mcp.server.lowlevel.server] INFO: Processing request of type CallToolRequest
2026-09-03 15:35:13,337 [mcp.server.lowlevel.server] INFO: Processing request of type CallToolRequest
2026-09-03 15:35:26,313 [mcp.server.lowlevel.server] INFO: Processing request of type CallToolRequest
/home/alexander/Schreibtisch/ofa-v2/langgraph_eval/agent.py:820: RuntimeWarning: This package (`duckduckgo_search`) has been renamed to `ddgs`! Use `pip install ddgs` instead.
  with DDGS() as ddgs:
2026-09-03 15:35:26,328 [mcp.server.lowlevel.server] INFO: Processing request of type CallToolRequest
/home/alexander/Schreibtisch/ofa-v2/langgraph_eval/agent.py:820: RuntimeWarning: This package (`duckduckgo_search`) has been renamed to `ddgs`! Use `pip install ddgs` instead.
  with DDGS() as ddgs:
/home/alexander/Schreibtisch/ofa-v2/langgraph_eval/agent.py:820: RuntimeWarning: This package (`duckduckgo_search`) has been renamed to `ddgs`! Use `pip install ddgs` instead.
  with DDGS() as ddgs:
2026-09-03 15:35:55,080 [mcp.server.lowlevel.server] INFO: Processing request of type CallToolRequest
2026-09-03 15:35:55,113 [mcp.server.lowlevel.server] INFO: Processing request of type CallToolRequest
2026-09-03 15:35:58,564 [mcp.server.lowlevel.server] INFO: Processing request of type CallToolRequest
/home/alexander/Schreibtisch/ofa-v2/langgraph_eval/agent.py:820: RuntimeWarning: This package (`duckduckgo_search`) has been renamed to `ddgs`! Use `pip install ddgs` instead.
  with DDGS() as ddgs:
/home/alexander/Schreibtisch/ofa-v2/langgraph_eval/agent.py:820: RuntimeWarning: This package (`duckduckgo_search`) has been renamed to `ddgs`! Use `pip install ddgs` instead.
  with DDGS() as ddgs:
2026-09-03 15:36:07,078 [mcp.server.lowlevel.server] INFO: Processing request of type CallToolRequest
2026-09-03 15:36:13,923 [mcp.server.lowlevel.server] INFO: Processing request of type CallToolRequest
/home/alexander/Schreibtisch/ofa-v2/langgraph_eval/agent.py:820: RuntimeWarning: This package (`duckduckgo_search`) has been renamed to `ddgs`! Use `pip install ddgs` instead.
  with DDGS() as ddgs:
2026-09-03 15:36:13,955 [mcp.server.lowlevel.server] INFO: Processing request of type CallToolRequest
/home/alexander/Schreibtisch/ofa-v2/langgraph_eval/agent.py:820: RuntimeWarning: This package (`duckduckgo_search`) has been renamed to `ddgs`! Use `pip install ddgs` instead.
  with DDGS() as ddgs:
/home/alexander/Schreibtisch/ofa-v2/langgraph_eval/agent.py:820: RuntimeWarning: This package (`duckduckgo_search`) has been renamed to `ddgs`! Use `pip install ddgs` instead.
  with DDGS() as ddgs:
2026-09-03 15:36:17,033 [mcp.server.lowlevel.server] INFO: Processing request of type CallToolRequest
/home/alexander/Schreibtisch/ofa-v2/langgraph_eval/agent.py:820: RuntimeWarning: This package (`duckduckgo_search`) has been renamed to `ddgs`! Use `pip install ddgs` instead.
  with DDGS() as ddgs:
2026-09-03 15:36:19,272 [mcp.server.lowlevel.server] INFO: Processing request of type CallToolRequest
2026-09-03 15:36:19,294 [mcp.server.lowlevel.server] INFO: Processing request of type CallToolRequest
/home/alexander/Schreibtisch/ofa-v2/langgraph_eval/agent.py:820: RuntimeWarning: This package (`duckduckgo_search`) has been renamed to `ddgs`! Use `pip install ddgs` instead.
  with DDGS() as ddgs:
/home/alexander/Schreibtisch/ofa-v2/langgraph_eval/agent.py:820: RuntimeWarning: This package (`duckduckgo_search`) has been renamed to `ddgs`! Use `pip install ddgs` instead.
  with DDGS() as ddgs:
2026-09-03 15:36:45,040 [mcp.server.lowlevel.server] INFO: Processing request of type CallToolRequest
/home/alexander/Schreibtisch/ofa-v2/langgraph_eval/agent.py:820: RuntimeWarning: This package (`duckduckgo_search`) has been renamed to `ddgs`! Use `pip install ddgs` instead.
  with DDGS() as ddgs:
/home/alexander/Schreibtisch/ofa-v2/langgraph_eval/agent.py:820: RuntimeWarning: This package (`duckduckgo_search`) has been renamed to `ddgs`! Use `pip install ddgs` instead.
  with DDGS() as ddgs:
/home/alexander/Schreibtisch/ofa-v2/langgraph_eval/agent.py:820: RuntimeWarning: This package (`duckduckgo_search`) has been renamed to `ddgs`! Use `pip install ddgs` instead.
  with DDGS() as ddgs:
/home/alexander/Schreibtisch/ofa-v2/langgraph_eval/agent.py:820: RuntimeWarning: This package (`duckduckgo_search`) has been renamed to `ddgs`! Use `pip install ddgs` instead.
  with DDGS() as ddgs:
/home/alexander/Schreibtisch/ofa-v2/langgraph_eval/agent.py:820: RuntimeWarning: This package (`duckduckgo_search`) has been renamed to `ddgs`! Use `pip install ddgs` instead.
  with DDGS() as ddgs:
2026-09-03 15:37:40,643 [mcp.server.lowlevel.server] INFO: Processing request of type CallToolRequest
2026-09-03 15:37:40,678 [mcp.server.lowlevel.server] INFO: Processing request of type CallToolRequest
2026-09-03 15:37:52,363 [mcp.server.lowlevel.server] INFO: Processing request of type CallToolRequest
2026-09-03 15:37:52,397 [mcp.server.lowlevel.server] INFO: Processing request of type CallToolRequest
2026-09-03 15:38:33,907 [oasis] INFO: Session journal saved: /tmp/oasis-source/data/sessions/session_ff31554d-f441-4772-a50b-52eb5f41cb85.json (9 events)
[preflight] custody controls verified for 1 problem(s); keys sealed and unreadable by execution
[phase: development] results are for post-mortems and convergence checking, NOT for the paper's evaluation table.
[DUNE cache] sha256=dc2d5b8ff2ebf98e... (neutral, private copy per cell)
[C1 27b MCP s2401] done  calls=12 tok=845773/10276 286.1s
/home/alexander/.local/share/python/cpython-3.12.13-linux-x86_64-gnu/lib/python3.12/asyncio/selector_events.py:879: ResourceWarning: unclosed transport <_SelectorSocketTransport fd=9>
<<< C1 seed 2401 done 2026-09-03 15:38:34
/home/alexander/Schreibtisch/ofa-v2/src/tools/result_audit.py:419: ResourceWarning: unclosed file <_io.TextIOWrapper name='/home/alexander/Schreibtisch/ofa-v2/campaign3_blind/runs/C1_27b_MCP_seed2403/work/residual_level1.csv' mode='r' encoding='UTF-8'>
  body = tuple(r[-1].strip() for r in _csv.reader(q.open()) if r)
ResourceWarning: Enable tracemalloc to get the object allocation traceback
/home/alexander/Schreibtisch/ofa-v2/src/tools/result_audit.py:419: ResourceWarning: unclosed file <_io.TextIOWrapper name='/home/alexander/Schreibtisch/ofa-v2/campaign3_blind/runs/C1_27b_MCP_seed2403/work/residual_level2.csv' mode='r' encoding='UTF-8'>
  body = tuple(r[-1].strip() for r in _csv.reader(q.open()) if r)
ResourceWarning: Enable tracemalloc to get the object allocation traceback
/home/alexander/Schreibtisch/ofa-v2/src/tools/result_audit.py:419: ResourceWarning: unclosed file <_io.TextIOWrapper name='/home/alexander/Schreibtisch/ofa-v2/campaign3_blind/runs/C1_27b_MCP_seed2403/work/residual_level3.csv' mode='r' encoding='UTF-8'>
  body = tuple(r[-1].strip() for r in _csv.reader(q.open()) if r)
ResourceWarning: Enable tracemalloc to get the object allocation traceback
/home/alexander/Schreibtisch/ofa-v2/src/tools/result_audit.py:1341: ResourceWarning: unclosed file <_io.TextIOWrapper name='/home/alexander/Schreibtisch/ofa-v2/campaign3_blind/runs/C1_27b_MCP_seed2403/work/solution_level1_A.csv' mode='r' encoding='UTF-8'>
  rows = [r for r in _csv.reader(f.open())
ResourceWarning: Enable tracemalloc to get the object allocation traceback
/home/alexander/Schreibtisch/ofa-v2/src/tools/result_audit.py:1341: ResourceWarning: unclosed file <_io.TextIOWrapper name='/home/alexander/Schreibtisch/ofa-v2/campaign3_blind/runs/C1_27b_MCP_seed2403/work/solution_level1_B.csv' mode='r' encoding='UTF-8'>
  rows = [r for r in _csv.reader(f.open())
ResourceWarning: Enable tracemalloc to get the object allocation traceback
/home/alexander/Schreibtisch/ofa-v2/src/tools/result_audit.py:1341: ResourceWarning: unclosed file <_io.TextIOWrapper name='/home/alexander/Schreibtisch/ofa-v2/campaign3_blind/runs/C1_27b_MCP_seed2403/work/solution_level2_A.csv' mode='r' encoding='UTF-8'>
  rows = [r for r in _csv.reader(f.open())
ResourceWarning: Enable tracemalloc to get the object allocation traceback
/home/alexander/Schreibtisch/ofa-v2/src/tools/result_audit.py:1341: ResourceWarning: unclosed file <_io.TextIOWrapper name='/home/alexander/Schreibtisch/ofa-v2/campaign3_blind/runs/C1_27b_MCP_seed2403/work/solution_level2_B.csv' mode='r' encoding='UTF-8'>
  rows = [r for r in _csv.reader(f.open())
ResourceWarning: Enable tracemalloc to get the object allocation traceback
/home/alexander/Schreibtisch/ofa-v2/src/tools/result_audit.py:1341: ResourceWarning: unclosed file <_io.TextIOWrapper name='/home/alexander/Schreibtisch/ofa-v2/campaign3_blind/runs/C1_27b_MCP_seed2403/work/solution_level3_A.csv' mode='r' encoding='UTF-8'>
  rows = [r for r in _csv.reader(f.open())
ResourceWarning: Enable tracemalloc to get the object allocation traceback
/home/alexander/Schreibtisch/ofa-v2/src/tools/result_audit.py:1341: ResourceWarning: unclosed file <_io.TextIOWrapper name='/home/alexander/Schreibtisch/ofa-v2/campaign3_blind/runs/C1_27b_MCP_seed2403/work/solution_level3_B.csv' mode='r' encoding='UTF-8'>
  rows = [r for r in _csv.reader(f.open())
ResourceWarning: Enable tracemalloc to get the object allocation traceback
/home/alexander/Schreibtisch/ofa-v2/src/tools/result_audit.py:419: ResourceWarning: unclosed file <_io.TextIOWrapper name='/home/alexander/Schreibtisch/ofa-v2/campaign3_blind/runs/C1_27b_MCP_seed2403/work/residual_level1.csv' mode='r' encoding='UTF-8'>
  body = tuple(r[-1].strip() for r in _csv.reader(q.open()) if r)
ResourceWarning: Enable tracemalloc to get the object allocation traceback
/home/alexander/Schreibtisch/ofa-v2/src/tools/result_audit.py:419: ResourceWarning: unclosed file <_io.TextIOWrapper name='/home/alexander/Schreibtisch/ofa-v2/campaign3_blind/runs/C1_27b_MCP_seed2403/work/residual_level2.csv' mode='r' encoding='UTF-8'>
  body = tuple(r[-1].strip() for r in _csv.reader(q.open()) if r)
ResourceWarning: Enable tracemalloc to get the object allocation traceback
/home/alexander/Schreibtisch/ofa-v2/src/tools/result_audit.py:419: ResourceWarning: unclosed file <_io.TextIOWrapper name='/home/alexander/Schreibtisch/ofa-v2/campaign3_blind/runs/C1_27b_MCP_seed2403/work/residual_level3.csv' mode='r' encoding='UTF-8'>
  body = tuple(r[-1].strip() for r in _csv.reader(q.open()) if r)
ResourceWarning: Enable tracemalloc to get the object allocation traceback
/home/alexander/Schreibtisch/ofa-v2/src/tools/result_audit.py:534: ResourceWarning: unclosed file <_io.TextIOWrapper name='/home/alexander/Schreibtisch/ofa-v2/campaign3_blind/runs/C1_27b_MCP_seed2403/work/solution_level1_A.csv' mode='r' encoding='UTF-8'>
  rows = sum(1 for _ in open(sol0[0], errors="ignore")) - 1
ResourceWarning: Enable tracemalloc to get the object allocation traceback
/home/alexander/Schreibtisch/ofa-v2/src/tools/result_audit.py:1341: ResourceWarning: unclosed file <_io.TextIOWrapper name='/home/alexander/Schreibtisch/ofa-v2/campaign3_blind/runs/C1_27b_MCP_seed2403/work/solution_level1_A.csv' mode='r' encoding='UTF-8'>
  rows = [r for r in _csv.reader(f.open())
ResourceWarning: Enable tracemalloc to get the object allocation traceback
/home/alexander/Schreibtisch/ofa-v2/src/tools/result_audit.py:1341: ResourceWarning: unclosed file <_io.TextIOWrapper name='/home/alexander/Schreibtisch/ofa-v2/campaign3_blind/runs/C1_27b_MCP_seed2403/work/solution_level1_B.csv' mode='r' encoding='UTF-8'>
  rows = [r for r in _csv.reader(f.open())
ResourceWarning: Enable tracemalloc to get the object allocation traceback
/home/alexander/Schreibtisch/ofa-v2/src/tools/result_audit.py:1341: ResourceWarning: unclosed file <_io.TextIOWrapper name='/home/alexander/Schreibtisch/ofa-v2/campaign3_blind/runs/C1_27b_MCP_seed2403/work/solution_level2_A.csv' mode='r' encoding='UTF-8'>
  rows = [r for r in _csv.reader(f.open())
ResourceWarning: Enable tracemalloc to get the object allocation traceback
/home/alexander/Schreibtisch/ofa-v2/src/tools/result_audit.py:1341: ResourceWarning: unclosed file <_io.TextIOWrapper name='/home/alexander/Schreibtisch/ofa-v2/campaign3_blind/runs/C1_27b_MCP_seed2403/work/solution_level2_B.csv' mode='r' encoding='UTF-8'>
  rows = [r for r in _csv.reader(f.open())
ResourceWarning: Enable tracemalloc to get the object allocation traceback
/home/alexander/Schreibtisch/ofa-v2/src/tools/result_audit.py:1341: ResourceWarning: unclosed file <_io.TextIOWrapper name='/home/alexander/Schreibtisch/ofa-v2/campaign3_blind/runs/C1_27b_MCP_seed2403/work/solution_level3_A.csv' mode='r' encoding='UTF-8'>
  rows = [r for r in _csv.reader(f.open())
ResourceWarning: Enable tracemalloc to get the object allocation traceback
/home/alexander/Schreibtisch/ofa-v2/src/tools/result_audit.py:1341: ResourceWarning: unclosed file <_io.TextIOWrapper name='/home/alexander/Schreibtisch/ofa-v2/campaign3_blind/runs/C1_27b_MCP_seed2403/work/solution_level3_B.csv' mode='r' encoding='UTF-8'>
  rows = [r for r in _csv.reader(f.open())
ResourceWarning: Enable tracemalloc to get the object allocation traceback
/home/alexander/Schreibtisch/ofa-v2/src/tools/workspace_advisor.py:80: ResourceWarning: unclosed file <_io.TextIOWrapper name='/home/alexander/Schreibtisch/ofa-v2/campaign3_blind/runs/C1_27b_MCP_seed2403/work/residual_level1.csv' mode='r' encoding='UTF-8'>
  rows = [row for row in _csv.reader(r.open()) if row]
ResourceWarning: Enable tracemalloc to get the object allocation traceback
/home/alexander/Schreibtisch/ofa-v2/src/tools/workspace_advisor.py:80: ResourceWarning: unclosed file <_io.TextIOWrapper name='/home/alexander/Schreibtisch/ofa-v2/campaign3_blind/runs/C1_27b_MCP_seed2403/work/residual_level2.csv' mode='r' encoding='UTF-8'>
  rows = [row for row in _csv.reader(r.open()) if row]
ResourceWarning: Enable tracemalloc to get the object allocation traceback
/home/alexander/Schreibtisch/ofa-v2/src/tools/workspace_advisor.py:80: ResourceWarning: unclosed file <_io.TextIOWrapper name='/home/alexander/Schreibtisch/ofa-v2/campaign3_blind/runs/C1_27b_MCP_seed2403/work/residual_level3.csv' mode='r' encoding='UTF-8'>
  rows = [row for row in _csv.reader(r.open()) if row]
ResourceWarning: Enable tracemalloc to get the object allocation traceback
/home/alexander/Schreibtisch/ofa-v2/src/tools/result_audit.py:419: ResourceWarning: unclosed file <_io.TextIOWrapper name='/home/alexander/Schreibtisch/ofa-v2/campaign3_blind/runs/C1_27b_MCP_seed2403/work/residual_level1.csv' mode='r' encoding='UTF-8'>
  body = tuple(r[-1].strip() for r in _csv.reader(q.open()) if r)
ResourceWarning: Enable tracemalloc to get the object allocation traceback
/home/alexander/Schreibtisch/ofa-v2/src/tools/result_audit.py:419: ResourceWarning: unclosed file <_io.TextIOWrapper name='/home/alexander/Schreibtisch/ofa-v2/campaign3_blind/runs/C1_27b_MCP_seed2403/work/residual_level2.csv' mode='r' encoding='UTF-8'>
  body = tuple(r[-1].strip() for r in _csv.reader(q.open()) if r)
ResourceWarning: Enable tracemalloc to get the object allocation traceback
/home/alexander/Schreibtisch/ofa-v2/src/tools/result_audit.py:419: ResourceWarning: unclosed file <_io.TextIOWrapper name='/home/alexander/Schreibtisch/ofa-v2/campaign3_blind/runs/C1_27b_MCP_seed2403/work/residual_level3.csv' mode='r' encoding='UTF-8'>
  body = tuple(r[-1].strip() for r in _csv.reader(q.open()) if r)
ResourceWarning: Enable tracemalloc to get the object allocation traceback
/home/alexander/Schreibtisch/ofa-v2/src/tools/result_audit.py:534: ResourceWarning: unclosed file <_io.TextIOWrapper name='/home/alexander/Schreibtisch/ofa-v2/campaign3_blind/runs/C1_27b_MCP_seed2403/work/solution_level1_A.csv' mode='r' encoding='UTF-8'>
  rows = sum(1 for _ in open(sol0[0], errors="ignore")) - 1
ResourceWarning: Enable tracemalloc to get the object allocation traceback
/home/alexander/Schreibtisch/ofa-v2/src/tools/result_audit.py:1341: ResourceWarning: unclosed file <_io.TextIOWrapper name='/home/alexander/Schreibtisch/ofa-v2/campaign3_blind/runs/C1_27b_MCP_seed2403/work/solution_level1_A.csv' mode='r' encoding='UTF-8'>
  rows = [r for r in _csv.reader(f.open())
ResourceWarning: Enable tracemalloc to get the object allocation traceback
/home/alexander/Schreibtisch/ofa-v2/src/tools/result_audit.py:1341: ResourceWarning: unclosed file <_io.TextIOWrapper name='/home/alexander/Schreibtisch/ofa-v2/campaign3_blind/runs/C1_27b_MCP_seed2403/work/solution_level1_B.csv' mode='r' encoding='UTF-8'>
  rows = [r for r in _csv.reader(f.open())
ResourceWarning: Enable tracemalloc to get the object allocation traceback
/home/alexander/Schreibtisch/ofa-v2/src/tools/result_audit.py:1341: ResourceWarning: unclosed file <_io.TextIOWrapper name='/home/alexander/Schreibtisch/ofa-v2/campaign3_blind/runs/C1_27b_MCP_seed2403/work/solution_level2_A.csv' mode='r' encoding='UTF-8'>
  rows = [r for r in _csv.reader(f.open())
ResourceWarning: Enable tracemalloc to get the object allocation traceback
/home/alexander/Schreibtisch/ofa-v2/src/tools/result_audit.py:1341: ResourceWarning: unclosed file <_io.TextIOWrapper name='/home/alexander/Schreibtisch/ofa-v2/campaign3_blind/runs/C1_27b_MCP_seed2403/work/solution_level2_B.csv' mode='r' encoding='UTF-8'>
  rows = [r for r in _csv.reader(f.open())
ResourceWarning: Enable tracemalloc to get the object allocation traceback
/home/alexander/Schreibtisch/ofa-v2/src/tools/result_audit.py:1341: ResourceWarning: unclosed file <_io.TextIOWrapper name='/home/alexander/Schreibtisch/ofa-v2/campaign3_blind/runs/C1_27b_MCP_seed2403/work/solution_level3_A.csv' mode='r' encoding='UTF-8'>
  rows = [r for r in _csv.reader(f.open())
ResourceWarning: Enable tracemalloc to get the object allocation traceback
/home/alexander/Schreibtisch/ofa-v2/src/tools/result_audit.py:1341: ResourceWarning: unclosed file <_io.TextIOWrapper name='/home/alexander/Schreibtisch/ofa-v2/campaign3_blind/runs/C1_27b_MCP_seed2403/work/solution_level3_B.csv' mode='r' encoding='UTF-8'>
  rows = [r for r in _csv.reader(f.open())
ResourceWarning: Enable tracemalloc to get the object allocation traceback
2026-09-03 15:43:29,963 [mcp.server.lowlevel.server] INFO: Processing request of type CallToolRequest
2026-09-03 15:43:58,677 [oasis] INFO: Session journal saved: /tmp/oasis-source/data/sessions/session_3f3a5525-28a7-4fe8-862c-9e9be4e7dad7.json (11 events)
[preflight] custody controls verified for 1 problem(s); keys sealed and unreadable by execution
[phase: development] results are for post-mortems and convergence checking, NOT for the paper's evaluation table.
[DUNE cache] sha256=dc2d5b8ff2ebf98e... (neutral, private copy per cell)
[C1 27b MCP s2403] done  calls=32 tok=2513159/26949 610.8s
/home/alexander/.local/share/python/cpython-3.12.13-linux-x86_64-gnu/lib/python3.12/asyncio/selector_events.py:879: ResourceWarning: unclosed transport <_SelectorSocketTransport fd=9>
<<< C1 seed 2403 done 2026-09-03 15:43:59
2026-09-03 15:45:57,264 [mcp.server.lowlevel.server] INFO: Processing request of type CallToolRequest
/home/alexander/Schreibtisch/ofa-v2/src/tools/result_audit.py:419: ResourceWarning: unclosed file <_io.TextIOWrapper name='/home/alexander/Schreibtisch/ofa-v2/campaign3_blind/runs/C1_27b_MCP_seed2402/work/residual_level1.csv' mode='r' encoding='UTF-8'>
  body = tuple(r[-1].strip() for r in _csv.reader(q.open()) if r)
ResourceWarning: Enable tracemalloc to get the object allocation traceback
/home/alexander/Schreibtisch/ofa-v2/src/tools/workspace_advisor.py:80: ResourceWarning: unclosed file <_io.TextIOWrapper name='/home/alexander/Schreibtisch/ofa-v2/campaign3_blind/runs/C1_27b_MCP_seed2402/work/residual_level1.csv' mode='r' encoding='UTF-8'>
  rows = [row for row in _csv.reader(r.open()) if row]
ResourceWarning: Enable tracemalloc to get the object allocation traceback
/home/alexander/Schreibtisch/ofa-v2/src/tools/result_audit.py:419: ResourceWarning: unclosed file <_io.TextIOWrapper name='/home/alexander/Schreibtisch/ofa-v2/campaign3_blind/runs/C1_27b_MCP_seed2402/work/residual_level1.csv' mode='r' encoding='UTF-8'>
  body = tuple(r[-1].strip() for r in _csv.reader(q.open()) if r)
ResourceWarning: Enable tracemalloc to get the object allocation traceback
/home/alexander/Schreibtisch/ofa-v2/src/tools/workspace_advisor.py:80: ResourceWarning: unclosed file <_io.TextIOWrapper name='/home/alexander/Schreibtisch/ofa-v2/campaign3_blind/runs/C1_27b_MCP_seed2402/work/residual_level1.csv' mode='r' encoding='UTF-8'>
  rows = [row for row in _csv.reader(r.open()) if row]
ResourceWarning: Enable tracemalloc to get the object allocation traceback
/home/alexander/Schreibtisch/ofa-v2/src/tools/result_audit.py:419: ResourceWarning: unclosed file <_io.TextIOWrapper name='/home/alexander/Schreibtisch/ofa-v2/campaign3_blind/runs/C1_27b_MCP_seed2402/work/residual_level1.csv' mode='r' encoding='UTF-8'>
  body = tuple(r[-1].strip() for r in _csv.reader(q.open()) if r)
ResourceWarning: Enable tracemalloc to get the object allocation traceback
/home/alexander/Schreibtisch/ofa-v2/src/tools/workspace_advisor.py:80: ResourceWarning: unclosed file <_io.TextIOWrapper name='/home/alexander/Schreibtisch/ofa-v2/campaign3_blind/runs/C1_27b_MCP_seed2402/work/residual_level1.csv' mode='r' encoding='UTF-8'>
  rows = [row for row in _csv.reader(r.open()) if row]
ResourceWarning: Enable tracemalloc to get the object allocation traceback
/home/alexander/Schreibtisch/ofa-v2/src/tools/result_audit.py:419: ResourceWarning: unclosed file <_io.TextIOWrapper name='/home/alexander/Schreibtisch/ofa-v2/campaign3_blind/runs/C1_27b_MCP_seed2402/work/residual_level1.csv' mode='r' encoding='UTF-8'>
  body = tuple(r[-1].strip() for r in _csv.reader(q.open()) if r)
ResourceWarning: Enable tracemalloc to get the object allocation traceback
2026-09-03 15:48:37,224 [mcp.server.lowlevel.server] INFO: Processing request of type CallToolRequest
/home/alexander/Schreibtisch/ofa-v2/src/tools/result_audit.py:419: ResourceWarning: unclosed file <_io.TextIOWrapper name='/home/alexander/Schreibtisch/ofa-v2/campaign3_blind/runs/C1_27b_MCP_seed2402/work/residual_level1.csv' mode='r' encoding='UTF-8'>
  body = tuple(r[-1].strip() for r in _csv.reader(q.open()) if r)
ResourceWarning: Enable tracemalloc to get the object allocation traceback
2026-09-03 15:48:42,473 [mcp.server.lowlevel.server] INFO: Processing request of type CallToolRequest
/home/alexander/Schreibtisch/ofa-v2/src/tools/workspace_advisor.py:80: ResourceWarning: unclosed file <_io.TextIOWrapper name='/home/alexander/Schreibtisch/ofa-v2/campaign3_blind/runs/C1_27b_MCP_seed2402/work/residual_level1.csv' mode='r' encoding='UTF-8'>
  rows = [row for row in _csv.reader(r.open()) if row]
ResourceWarning: Enable tracemalloc to get the object allocation traceback
/home/alexander/Schreibtisch/ofa-v2/src/tools/result_audit.py:419: ResourceWarning: unclosed file <_io.TextIOWrapper name='/home/alexander/Schreibtisch/ofa-v2/campaign3_blind/runs/C1_27b_MCP_seed2402/work/residual_level1.csv' mode='r' encoding='UTF-8'>
  body = tuple(r[-1].strip() for r in _csv.reader(q.open()) if r)
ResourceWarning: Enable tracemalloc to get the object allocation traceback
/home/alexander/Schreibtisch/ofa-v2/src/tools/result_audit.py:419: ResourceWarning: unclosed file <_io.TextIOWrapper name='/home/alexander/Schreibtisch/ofa-v2/campaign3_blind/runs/C1_27b_MCP_seed2402/work/residual_level1.csv' mode='r' encoding='UTF-8'>
  body = tuple(r[-1].strip() for r in _csv.reader(q.open()) if r)
ResourceWarning: Enable tracemalloc to get the object allocation traceback
/home/alexander/Schreibtisch/ofa-v2/src/tools/workspace_advisor.py:80: ResourceWarning: unclosed file <_io.TextIOWrapper name='/home/alexander/Schreibtisch/ofa-v2/campaign3_blind/runs/C1_27b_MCP_seed2402/work/residual_level1.csv' mode='r' encoding='UTF-8'>
  rows = [row for row in _csv.reader(r.open()) if row]
ResourceWarning: Enable tracemalloc to get the object allocation traceback
/home/alexander/Schreibtisch/ofa-v2/src/tools/result_audit.py:419: ResourceWarning: unclosed file <_io.TextIOWrapper name='/home/alexander/Schreibtisch/ofa-v2/campaign3_blind/runs/C1_27b_MCP_seed2402/work/residual_level1.csv' mode='r' encoding='UTF-8'>
  body = tuple(r[-1].strip() for r in _csv.reader(q.open()) if r)
ResourceWarning: Enable tracemalloc to get the object allocation traceback
/home/alexander/Schreibtisch/ofa-v2/src/tools/workspace_advisor.py:80: ResourceWarning: unclosed file <_io.TextIOWrapper name='/home/alexander/Schreibtisch/ofa-v2/campaign3_blind/runs/C1_27b_MCP_seed2402/work/residual_level1.csv' mode='r' encoding='UTF-8'>
  rows = [row for row in _csv.reader(r.open()) if row]
ResourceWarning: Enable tracemalloc to get the object allocation traceback
/home/alexander/Schreibtisch/ofa-v2/src/tools/result_audit.py:419: ResourceWarning: unclosed file <_io.TextIOWrapper name='/home/alexander/Schreibtisch/ofa-v2/campaign3_blind/runs/C1_27b_MCP_seed2402/work/residual_level1.csv' mode='r' encoding='UTF-8'>
  body = tuple(r[-1].strip() for r in _csv.reader(q.open()) if r)
ResourceWarning: Enable tracemalloc to get the object allocation traceback
/home/alexander/Schreibtisch/ofa-v2/src/tools/result_audit.py:419: ResourceWarning: unclosed file <_io.TextIOWrapper name='/home/alexander/Schreibtisch/ofa-v2/campaign3_blind/runs/C1_27b_MCP_seed2402/work/residual_level1.csv' mode='r' encoding='UTF-8'>
  body = tuple(r[-1].strip() for r in _csv.reader(q.open()) if r)
ResourceWarning: Enable tracemalloc to get the object allocation traceback
/home/alexander/Schreibtisch/ofa-v2/src/tools/workspace_advisor.py:80: ResourceWarning: unclosed file <_io.TextIOWrapper name='/home/alexander/Schreibtisch/ofa-v2/campaign3_blind/runs/C1_27b_MCP_seed2402/work/residual_level1.csv' mode='r' encoding='UTF-8'>
  rows = [row for row in _csv.reader(r.open()) if row]
ResourceWarning: Enable tracemalloc to get the object allocation traceback
/home/alexander/Schreibtisch/ofa-v2/src/tools/result_audit.py:419: ResourceWarning: unclosed file <_io.TextIOWrapper name='/home/alexander/Schreibtisch/ofa-v2/campaign3_blind/runs/C1_27b_MCP_seed2402/work/residual_level1.csv' mode='r' encoding='UTF-8'>
  body = tuple(r[-1].strip() for r in _csv.reader(q.open()) if r)
ResourceWarning: Enable tracemalloc to get the object allocation traceback
/home/alexander/Schreibtisch/ofa-v2/src/tools/result_audit.py:419: ResourceWarning: unclosed file <_io.TextIOWrapper name='/home/alexander/Schreibtisch/ofa-v2/campaign3_blind/runs/C1_27b_MCP_seed2402/work/residual_level1.csv' mode='r' encoding='UTF-8'>
  body = tuple(r[-1].strip() for r in _csv.reader(q.open()) if r)
ResourceWarning: Enable tracemalloc to get the object allocation traceback
/home/alexander/Schreibtisch/ofa-v2/src/tools/result_audit.py:1341: ResourceWarning: unclosed file <_io.TextIOWrapper name='/home/alexander/Schreibtisch/ofa-v2/campaign3_blind/runs/C1_27b_MCP_seed2402/work/solution_level1_A.csv' mode='r' encoding='UTF-8'>
  rows = [r for r in _csv.reader(f.open())
ResourceWarning: Enable tracemalloc to get the object allocation traceback
/home/alexander/Schreibtisch/ofa-v2/src/tools/result_audit.py:1341: ResourceWarning: unclosed file <_io.TextIOWrapper name='/home/alexander/Schreibtisch/ofa-v2/campaign3_blind/runs/C1_27b_MCP_seed2402/work/solution_level1_B.csv' mode='r' encoding='UTF-8'>
  rows = [r for r in _csv.reader(f.open())
ResourceWarning: Enable tracemalloc to get the object allocation traceback
/home/alexander/Schreibtisch/ofa-v2/src/tools/result_audit.py:419: ResourceWarning: unclosed file <_io.TextIOWrapper name='/home/alexander/Schreibtisch/ofa-v2/campaign3_blind/runs/C1_27b_MCP_seed2402/work/residual_level1.csv' mode='r' encoding='UTF-8'>
  body = tuple(r[-1].strip() for r in _csv.reader(q.open()) if r)
ResourceWarning: Enable tracemalloc to get the object allocation traceback
/home/alexander/Schreibtisch/ofa-v2/src/tools/result_audit.py:1341: ResourceWarning: unclosed file <_io.TextIOWrapper name='/home/alexander/Schreibtisch/ofa-v2/campaign3_blind/runs/C1_27b_MCP_seed2402/work/solution_level1_A.csv' mode='r' encoding='UTF-8'>
  rows = [r for r in _csv.reader(f.open())
ResourceWarning: Enable tracemalloc to get the object allocation traceback
/home/alexander/Schreibtisch/ofa-v2/src/tools/result_audit.py:1341: ResourceWarning: unclosed file <_io.TextIOWrapper name='/home/alexander/Schreibtisch/ofa-v2/campaign3_blind/runs/C1_27b_MCP_seed2402/work/solution_level1_B.csv' mode='r' encoding='UTF-8'>
  rows = [r for r in _csv.reader(f.open())
ResourceWarning: Enable tracemalloc to get the object allocation traceback
/home/alexander/Schreibtisch/ofa-v2/src/tools/result_audit.py:419: ResourceWarning: unclosed file <_io.TextIOWrapper name='/home/alexander/Schreibtisch/ofa-v2/campaign3_blind/runs/C1_27b_MCP_seed2402/work/residual_level1.csv' mode='r' encoding='UTF-8'>
  body = tuple(r[-1].strip() for r in _csv.reader(q.open()) if r)
ResourceWarning: Enable tracemalloc to get the object allocation traceback
/home/alexander/Schreibtisch/ofa-v2/src/tools/result_audit.py:534: ResourceWarning: unclosed file <_io.TextIOWrapper name='/home/alexander/Schreibtisch/ofa-v2/campaign3_blind/runs/C1_27b_MCP_seed2402/work/solution_level1_A.csv' mode='r' encoding='UTF-8'>
  rows = sum(1 for _ in open(sol0[0], errors="ignore")) - 1
ResourceWarning: Enable tracemalloc to get the object allocation traceback
/home/alexander/Schreibtisch/ofa-v2/src/tools/result_audit.py:1341: ResourceWarning: unclosed file <_io.TextIOWrapper name='/home/alexander/Schreibtisch/ofa-v2/campaign3_blind/runs/C1_27b_MCP_seed2402/work/solution_level1_A.csv' mode='r' encoding='UTF-8'>
  rows = [r for r in _csv.reader(f.open())
ResourceWarning: Enable tracemalloc to get the object allocation traceback
/home/alexander/Schreibtisch/ofa-v2/src/tools/result_audit.py:1341: ResourceWarning: unclosed file <_io.TextIOWrapper name='/home/alexander/Schreibtisch/ofa-v2/campaign3_blind/runs/C1_27b_MCP_seed2402/work/solution_level1_B.csv' mode='r' encoding='UTF-8'>
  rows = [r for r in _csv.reader(f.open())
ResourceWarning: Enable tracemalloc to get the object allocation traceback
/home/alexander/Schreibtisch/ofa-v2/src/tools/result_audit.py:419: ResourceWarning: unclosed file <_io.TextIOWrapper name='/home/alexander/Schreibtisch/ofa-v2/campaign3_blind/runs/C1_27b_MCP_seed2402/work/residual_level1.csv' mode='r' encoding='UTF-8'>
  body = tuple(r[-1].strip() for r in _csv.reader(q.open()) if r)
ResourceWarning: Enable tracemalloc to get the object allocation traceback
/home/alexander/Schreibtisch/ofa-v2/src/tools/result_audit.py:534: ResourceWarning: unclosed file <_io.TextIOWrapper name='/home/alexander/Schreibtisch/ofa-v2/campaign3_blind/runs/C1_27b_MCP_seed2402/work/solution_level1_A.csv' mode='r' encoding='UTF-8'>
  rows = sum(1 for _ in open(sol0[0], errors="ignore")) - 1
ResourceWarning: Enable tracemalloc to get the object allocation traceback
/home/alexander/Schreibtisch/ofa-v2/src/tools/result_audit.py:1341: ResourceWarning: unclosed file <_io.TextIOWrapper name='/home/alexander/Schreibtisch/ofa-v2/campaign3_blind/runs/C1_27b_MCP_seed2402/work/solution_level1_A.csv' mode='r' encoding='UTF-8'>
  rows = [r for r in _csv.reader(f.open())
ResourceWarning: Enable tracemalloc to get the object allocation traceback
/home/alexander/Schreibtisch/ofa-v2/src/tools/result_audit.py:1341: ResourceWarning: unclosed file <_io.TextIOWrapper name='/home/alexander/Schreibtisch/ofa-v2/campaign3_blind/runs/C1_27b_MCP_seed2402/work/solution_level1_B.csv' mode='r' encoding='UTF-8'>
  rows = [r for r in _csv.reader(f.open())
ResourceWarning: Enable tracemalloc to get the object allocation traceback
2026-09-03 15:55:01,103 [oasis] INFO: Session journal saved: /tmp/oasis-source/data/sessions/session_1a9c85c5-df49-4164-bb0d-7b48e2e59501.json (10 events)
[preflight] custody controls verified for 1 problem(s); keys sealed and unreadable by execution
[phase: development] results are for post-mortems and convergence checking, NOT for the paper's evaluation table.
[DUNE cache] sha256=dc2d5b8ff2ebf98e... (neutral, private copy per cell)
[C1 27b MCP s2402] done  calls=57 tok=7819099/61719 1273.3s
/home/alexander/.local/share/python/cpython-3.12.13-linux-x86_64-gnu/lib/python3.12/asyncio/selector_events.py:879: ResourceWarning: unclosed transport <_SelectorSocketTransport fd=9>
<<< C1 seed 2402 done 2026-09-03 15:55:02
>>> C1 MCP complete 2026-09-03 15:55:02
>>> C1 MCP seeds 2501 2502 2503  start 2026-09-03 16:08:09
[source build] 0e9ca61011b0 sha256=a082c62dd15642d6... (immutable)
[source build] 0e9ca61011b0 sha256=a082c62dd15642d6... (immutable)
[source build] 0e9ca61011b0 sha256=a082c62dd15642d6... (immutable)
2026-09-03 16:08:38,419 [oasis.registry] INFO: Loaded discovered config: 5 backends
2026-09-03 16:08:38,429 [oasis.registry] INFO: Registered backend: 4C Multiphysics (fourc)
2026-09-03 16:08:38,432 [oasis.registry] INFO: Registered backend: FEniCSx (dolfinx) (fenics)
2026-09-03 16:08:38,437 [oasis.registry] INFO: Registered backend: deal.II (dealii)
2026-09-03 16:08:38,461 [oasis.registry] INFO: Registered backend: FEBio (febio)
2026-09-03 16:08:38,481 [oasis.registry] INFO: Registered backend: NGSolve (ngsolve)
2026-09-03 16:08:38,481 [oasis.ngsolve] INFO: NGSolve backend registered
2026-09-03 16:08:38,500 [oasis.registry] INFO: Registered backend: scikit-fem (skfem)
2026-09-03 16:08:38,500 [oasis.skfem] INFO: scikit-fem backend registered
2026-09-03 16:08:38,512 [oasis.registry] INFO: Loaded discovered config: 5 backends
2026-09-03 16:08:38,525 [oasis.registry] INFO: Registered backend: 4C Multiphysics (fourc)
2026-09-03 16:08:38,530 [oasis.registry] INFO: Registered backend: FEniCSx (dolfinx) (fenics)
2026-09-03 16:08:38,534 [oasis.registry] INFO: Registered backend: Kratos Multiphysics (kratos)
2026-09-03 16:08:38,534 [oasis.kratos] INFO: Kratos Multiphysics backend registered
2026-09-03 16:08:38,536 [oasis.registry] INFO: Registered backend: deal.II (dealii)
2026-09-03 16:08:38,551 [oasis.registry] INFO: Registered backend: DUNE-fem (dune)
2026-09-03 16:08:38,551 [oasis.dune] INFO: DUNE-fem backend registered
2026-09-03 16:08:38,555 [oasis.registry] INFO: Registered backend: FEBio (febio)
2026-09-03 16:08:38,566 [oasis.registry] INFO: Registered backend: SPARTA (DSMC) (sparta)
2026-09-03 16:08:38,567 [oasis.sparta] INFO: SPARTA (DSMC) backend registered
2026-09-03 16:08:38,567 [oasis] INFO: Starting OASiS MCP server
2026-09-03 16:08:38,568 [oasis.registry] INFO: Registered backend: NGSolve (ngsolve)
2026-09-03 16:08:38,568 [oasis.ngsolve] INFO: NGSolve backend registered
2026-09-03 16:08:38,582 [oasis.registry] INFO: Registered backend: scikit-fem (skfem)
2026-09-03 16:08:38,582 [oasis.skfem] INFO: scikit-fem backend registered
2026-09-03 16:08:38,598 [mcp.server.lowlevel.server] INFO: Processing request of type ListToolsRequest
2026-09-03 16:08:38,604 [oasis.registry] INFO: Registered backend: Kratos Multiphysics (kratos)
2026-09-03 16:08:38,604 [oasis.kratos] INFO: Kratos Multiphysics backend registered
2026-09-03 16:08:38,619 [oasis.registry] INFO: Registered backend: DUNE-fem (dune)
2026-09-03 16:08:38,619 [oasis.dune] INFO: DUNE-fem backend registered
2026-09-03 16:08:38,633 [oasis.registry] INFO: Registered backend: SPARTA (DSMC) (sparta)
2026-09-03 16:08:38,633 [oasis.sparta] INFO: SPARTA (DSMC) backend registered
2026-09-03 16:08:38,633 [oasis] INFO: Starting OASiS MCP server
2026-09-03 16:08:38,662 [mcp.server.lowlevel.server] INFO: Processing request of type ListToolsRequest
2026-09-03 16:08:38,790 [oasis.registry] INFO: Loaded discovered config: 5 backends
2026-09-03 16:08:38,802 [oasis.registry] INFO: Registered backend: 4C Multiphysics (fourc)
2026-09-03 16:08:38,806 [oasis.registry] INFO: Registered backend: FEniCSx (dolfinx) (fenics)
2026-09-03 16:08:38,810 [oasis.registry] INFO: Registered backend: deal.II (dealii)
2026-09-03 16:08:38,830 [oasis.registry] INFO: Registered backend: FEBio (febio)
2026-09-03 16:08:38,843 [oasis.registry] INFO: Registered backend: NGSolve (ngsolve)
2026-09-03 16:08:38,843 [oasis.ngsolve] INFO: NGSolve backend registered
2026-09-03 16:08:38,859 [oasis.registry] INFO: Registered backend: scikit-fem (skfem)
2026-09-03 16:08:38,859 [oasis.skfem] INFO: scikit-fem backend registered
2026-09-03 16:08:38,886 [oasis.registry] INFO: Registered backend: Kratos Multiphysics (kratos)
2026-09-03 16:08:38,886 [oasis.kratos] INFO: Kratos Multiphysics backend registered
2026-09-03 16:08:38,901 [oasis.registry] INFO: Registered backend: DUNE-fem (dune)
2026-09-03 16:08:38,901 [oasis.dune] INFO: DUNE-fem backend registered
2026-09-03 16:08:38,914 [oasis.registry] INFO: Registered backend: SPARTA (DSMC) (sparta)
2026-09-03 16:08:38,914 [oasis.sparta] INFO: SPARTA (DSMC) backend registered
2026-09-03 16:08:38,914 [oasis] INFO: Starting OASiS MCP server
2026-09-03 16:08:38,944 [mcp.server.lowlevel.server] INFO: Processing request of type ListToolsRequest
2026-09-03 16:08:49,129 [mcp.server.lowlevel.server] INFO: Processing request of type CallToolRequest
2026-09-03 16:08:51,241 [mcp.server.lowlevel.server] INFO: Processing request of type CallToolRequest
2026-09-03 16:08:51,293 [mcp.server.lowlevel.server] INFO: Processing request of type CallToolRequest
2026-09-03 16:08:51,669 [mcp.server.lowlevel.server] INFO: Processing request of type CallToolRequest
2026-09-03 16:08:52,595 [mcp.server.lowlevel.server] INFO: Processing request of type CallToolRequest
2026-09-03 16:08:56,863 [mcp.server.lowlevel.server] INFO: Processing request of type CallToolRequest
2026-09-03 16:08:58,937 [mcp.server.lowlevel.server] INFO: Processing request of type CallToolRequest
2026-09-03 16:09:00,222 [mcp.server.lowlevel.server] INFO: Processing request of type CallToolRequest
2026-09-03 16:09:02,140 [mcp.server.lowlevel.server] INFO: Processing request of type CallToolRequest
2026-09-03 16:09:22,825 [mcp.server.lowlevel.server] INFO: Processing request of type CallToolRequest
2026-09-03 16:09:22,859 [mcp.server.lowlevel.server] INFO: Processing request of type CallToolRequest
2026-09-03 16:09:45,414 [mcp.server.lowlevel.server] INFO: Processing request of type CallToolRequest
2026-09-03 16:10:05,502 [mcp.server.lowlevel.server] INFO: Processing request of type CallToolRequest
/home/alexander/Schreibtisch/ofa-v2/langgraph_eval/agent.py:820: RuntimeWarning: This package (`duckduckgo_search`) has been renamed to `ddgs`! Use `pip install ddgs` instead.
  with DDGS() as ddgs:
2026-09-03 16:10:05,516 [mcp.server.lowlevel.server] INFO: Processing request of type CallToolRequest
/home/alexander/Schreibtisch/ofa-v2/langgraph_eval/agent.py:820: RuntimeWarning: This package (`duckduckgo_search`) has been renamed to `ddgs`! Use `pip install ddgs` instead.
  with DDGS() as ddgs:
2026-09-03 16:10:38,408 [mcp.server.lowlevel.server] INFO: Processing request of type CallToolRequest
/home/alexander/Schreibtisch/ofa-v2/langgraph_eval/agent.py:820: RuntimeWarning: This package (`duckduckgo_search`) has been renamed to `ddgs`! Use `pip install ddgs` instead.
  with DDGS() as ddgs:
/home/alexander/Schreibtisch/ofa-v2/langgraph_eval/agent.py:820: RuntimeWarning: This package (`duckduckgo_search`) has been renamed to `ddgs`! Use `pip install ddgs` instead.
  with DDGS() as ddgs:
/home/alexander/Schreibtisch/ofa-v2/langgraph_eval/agent.py:820: RuntimeWarning: This package (`duckduckgo_search`) has been renamed to `ddgs`! Use `pip install ddgs` instead.
  with DDGS() as ddgs:
2026-09-03 16:10:48,665 [mcp.server.lowlevel.server] INFO: Processing request of type CallToolRequest
2026-09-03 16:11:00,125 [mcp.server.lowlevel.server] INFO: Processing request of type CallToolRequest
2026-09-03 16:11:03,352 [mcp.server.lowlevel.server] INFO: Processing request of type CallToolRequest
2026-09-03 16:11:06,007 [mcp.server.lowlevel.server] INFO: Processing request of type CallToolRequest
2026-09-03 16:11:36,637 [mcp.server.lowlevel.server] INFO: Processing request of type CallToolRequest
2026-09-03 16:15:15,253 [mcp.server.lowlevel.server] INFO: Processing request of type CallToolRequest
2026-09-03 16:22:34,735 [oasis] INFO: Session journal saved: /tmp/oasis-source/data/sessions/session_e98cf8a1-3305-4107-a0dd-19d1d02d614d.json (7 events)
[preflight] custody controls verified for 1 problem(s); keys sealed and unreadable by execution
[phase: development] results are for post-mortems and convergence checking, NOT for the paper's evaluation table.
[DUNE cache] sha256=dc2d5b8ff2ebf98e... (neutral, private copy per cell)
[C1 27b MCP s2502] done  calls=29 tok=3088865/42550 838.6s
/home/alexander/.local/share/python/cpython-3.12.13-linux-x86_64-gnu/lib/python3.12/asyncio/selector_events.py:879: ResourceWarning: unclosed transport <_SelectorSocketTransport fd=9>
<<< C1 seed 2502 done 2026-09-03 16:22:35
2026-09-03 16:23:51,261 [oasis] INFO: Session journal saved: /tmp/oasis-source/data/sessions/session_c94cd420-0c14-4894-a4cc-a2aa183eb91c.json (3 events)
[preflight] custody controls verified for 1 problem(s); keys sealed and unreadable by execution
[phase: development] results are for post-mortems and convergence checking, NOT for the paper's evaluation table.
[DUNE cache] sha256=dc2d5b8ff2ebf98e... (neutral, private copy per cell)
[C1 27b MCP s2501] done  calls=46 tok=4365433/38964 915.6s
<<< C1 seed 2501 done 2026-09-03 16:23:52
2026-09-03 16:24:34,462 [oasis] INFO: Session journal saved: /tmp/oasis-source/data/sessions/session_00a33c92-f210-4b5c-b653-128a560f1924.json (8 events)
[preflight] custody controls verified for 1 problem(s); keys sealed and unreadable by execution
[phase: development] results are for post-mortems and convergence checking, NOT for the paper's evaluation table.
[DUNE cache] sha256=dc2d5b8ff2ebf98e... (neutral, private copy per cell)
[C1 27b MCP s2503] done  calls=25 tok=2391410/42470 958.7s
/home/alexander/.local/share/python/cpython-3.12.13-linux-x86_64-gnu/lib/python3.12/asyncio/selector_events.py:879: ResourceWarning: unclosed transport <_SelectorSocketTransport fd=9>
<<< C1 seed 2503 done 2026-09-03 16:24:35
>>> C1 MCP complete 2026-09-03 16:24:35
>>> C1 MCP seeds 6001 6002 6003  start 2026-09-08 21:34:25
[source build] 496bc009f3c4 sha256=bad0dfe2779d79bd... (immutable)
[source build] 496bc009f3c4 sha256=bad0dfe2779d79bd... (immutable)
[source build] 496bc009f3c4 sha256=bad0dfe2779d79bd... (immutable)
[preflight] custody controls verified for 1 problem(s); keys sealed and unreadable by execution
[phase: development] results are for post-mortems and convergence checking, NOT for the paper's evaluation table.
[DUNE cache] sha256=dc2d5b8ff2ebf98e... (neutral, private copy per cell)
REFUSING TO RUN — mixed source population:
population is already locked to 1501a19a60b4ea94f171dd3326f01bc4f5a388be / 57736e9d9461d42b6cc6a67f72897ae143ebc4e4caeaeebadedc1f367362116c; current build is 496bc009f3c4b60d93a713b94691e708f3db58fe / bad0dfe2779d79bd2c826353eff61998e70a587d14e7bcaf0f69b294f039a3a4. Use a new seed or archive and deliberately remove .source_build_development_27b_seed6003.json; never mix the two builds in one population.
<<< C1 seed 6003 done 2026-09-08 21:34:59
[preflight] custody controls verified for 1 problem(s); keys sealed and unreadable by execution
[phase: development] results are for post-mortems and convergence checking, NOT for the paper's evaluation table.
[DUNE cache] sha256=dc2d5b8ff2ebf98e... (neutral, private copy per cell)
REFUSING TO RUN — mixed source population:
population is already locked to 1501a19a60b4ea94f171dd3326f01bc4f5a388be / 57736e9d9461d42b6cc6a67f72897ae143ebc4e4caeaeebadedc1f367362116c; current build is 496bc009f3c4b60d93a713b94691e708f3db58fe / bad0dfe2779d79bd2c826353eff61998e70a587d14e7bcaf0f69b294f039a3a4. Use a new seed or archive and deliberately remove .source_build_development_27b_seed6002.json; never mix the two builds in one population.
[preflight] custody controls verified for 1 problem(s); keys sealed and unreadable by execution
[phase: development] results are for post-mortems and convergence checking, NOT for the paper's evaluation table.
[DUNE cache] sha256=dc2d5b8ff2ebf98e... (neutral, private copy per cell)
REFUSING TO RUN — mixed source population:
population is already locked to 1501a19a60b4ea94f171dd3326f01bc4f5a388be / 57736e9d9461d42b6cc6a67f72897ae143ebc4e4caeaeebadedc1f367362116c; current build is 496bc009f3c4b60d93a713b94691e708f3db58fe / bad0dfe2779d79bd2c826353eff61998e70a587d14e7bcaf0f69b294f039a3a4. Use a new seed or archive and deliberately remove .source_build_development_27b_seed6001.json; never mix the two builds in one population.
<<< C1 seed 6002 done 2026-09-08 21:34:59
<<< C1 seed 6001 done 2026-09-08 21:34:59
>>> C1 MCP complete 2026-09-08 21:34:59
>>> C1 MCP seeds 6201 6202 6203  start 2026-09-08 21:36:30
[source build] 496bc009f3c4 sha256=bad0dfe2779d79bd... (immutable)
[source build] 496bc009f3c4 sha256=bad0dfe2779d79bd... (immutable)
[source build] 496bc009f3c4 sha256=bad0dfe2779d79bd... (immutable)
2026-09-08 21:37:03,939 [oasis.registry] INFO: Loaded discovered config: 5 backends
2026-09-08 21:37:03,952 [oasis.registry] INFO: Registered backend: 4C Multiphysics (fourc)
2026-09-08 21:37:03,957 [oasis.registry] INFO: Registered backend: FEniCSx (dolfinx) (fenics)
2026-09-08 21:37:03,963 [oasis.registry] INFO: Registered backend: deal.II (dealii)
2026-09-08 21:37:03,989 [oasis.registry] INFO: Registered backend: FEBio (febio)
2026-09-08 21:37:04,003 [oasis.registry] INFO: Registered backend: NGSolve (ngsolve)
2026-09-08 21:37:04,003 [oasis.ngsolve] INFO: NGSolve backend registered
2026-09-08 21:37:04,017 [oasis.registry] INFO: Registered backend: scikit-fem (skfem)
2026-09-08 21:37:04,017 [oasis.skfem] INFO: scikit-fem backend registered
2026-09-08 21:37:04,039 [oasis.registry] INFO: Registered backend: Kratos Multiphysics (kratos)
2026-09-08 21:37:04,039 [oasis.kratos] INFO: Kratos Multiphysics backend registered
2026-09-08 21:37:04,053 [oasis.registry] INFO: Registered backend: DUNE-fem (dune)
2026-09-08 21:37:04,054 [oasis.dune] INFO: DUNE-fem backend registered
2026-09-08 21:37:04,069 [oasis.registry] INFO: Registered backend: SPARTA (DSMC) (sparta)
2026-09-08 21:37:04,069 [oasis.sparta] INFO: SPARTA (DSMC) backend registered
2026-09-08 21:37:04,069 [oasis] INFO: Starting OASiS MCP server
2026-09-08 21:37:04,099 [mcp.server.lowlevel.server] INFO: Processing request of type ListToolsRequest
2026-09-08 21:37:04,266 [oasis.registry] INFO: Loaded discovered config: 5 backends
2026-09-08 21:37:04,277 [oasis.registry] INFO: Registered backend: 4C Multiphysics (fourc)
2026-09-08 21:37:04,280 [oasis.registry] INFO: Registered backend: FEniCSx (dolfinx) (fenics)
2026-09-08 21:37:04,286 [oasis.registry] INFO: Registered backend: deal.II (dealii)
2026-09-08 21:37:04,305 [oasis.registry] INFO: Registered backend: FEBio (febio)
2026-09-08 21:37:04,319 [oasis.registry] INFO: Registered backend: NGSolve (ngsolve)
2026-09-08 21:37:04,319 [oasis.ngsolve] INFO: NGSolve backend registered
2026-09-08 21:37:04,334 [oasis.registry] INFO: Registered backend: scikit-fem (skfem)
2026-09-08 21:37:04,334 [oasis.skfem] INFO: scikit-fem backend registered
2026-09-08 21:37:04,356 [oasis.registry] INFO: Registered backend: Kratos Multiphysics (kratos)
2026-09-08 21:37:04,356 [oasis.kratos] INFO: Kratos Multiphysics backend registered
2026-09-08 21:37:04,370 [oasis.registry] INFO: Registered backend: DUNE-fem (dune)
2026-09-08 21:37:04,370 [oasis.dune] INFO: DUNE-fem backend registered
2026-09-08 21:37:04,384 [oasis.registry] INFO: Registered backend: SPARTA (DSMC) (sparta)
2026-09-08 21:37:04,384 [oasis.sparta] INFO: SPARTA (DSMC) backend registered
2026-09-08 21:37:04,384 [oasis] INFO: Starting OASiS MCP server
2026-09-08 21:37:04,415 [mcp.server.lowlevel.server] INFO: Processing request of type ListToolsRequest
2026-09-08 21:37:04,903 [oasis.registry] INFO: Loaded discovered config: 5 backends
2026-09-08 21:37:04,913 [oasis.registry] INFO: Registered backend: 4C Multiphysics (fourc)
2026-09-08 21:37:04,916 [oasis.registry] INFO: Registered backend: FEniCSx (dolfinx) (fenics)
2026-09-08 21:37:04,921 [oasis.registry] INFO: Registered backend: deal.II (dealii)
2026-09-08 21:37:04,942 [oasis.registry] INFO: Registered backend: FEBio (febio)
2026-09-08 21:37:04,956 [oasis.registry] INFO: Registered backend: NGSolve (ngsolve)
2026-09-08 21:37:04,957 [oasis.ngsolve] INFO: NGSolve backend registered
2026-09-08 21:37:04,972 [oasis.registry] INFO: Registered backend: scikit-fem (skfem)
2026-09-08 21:37:04,972 [oasis.skfem] INFO: scikit-fem backend registered
2026-09-08 21:37:04,995 [oasis.registry] INFO: Registered backend: Kratos Multiphysics (kratos)
2026-09-08 21:37:04,995 [oasis.kratos] INFO: Kratos Multiphysics backend registered
2026-09-08 21:37:05,009 [oasis.registry] INFO: Registered backend: DUNE-fem (dune)
2026-09-08 21:37:05,009 [oasis.dune] INFO: DUNE-fem backend registered
2026-09-08 21:37:05,023 [oasis.registry] INFO: Registered backend: SPARTA (DSMC) (sparta)
2026-09-08 21:37:05,023 [oasis.sparta] INFO: SPARTA (DSMC) backend registered
2026-09-08 21:37:05,023 [oasis] INFO: Starting OASiS MCP server
2026-09-08 21:37:05,052 [mcp.server.lowlevel.server] INFO: Processing request of type ListToolsRequest
2026-09-08 21:37:13,937 [mcp.server.lowlevel.server] INFO: Processing request of type CallToolRequest
2026-09-08 21:37:15,773 [mcp.server.lowlevel.server] INFO: Processing request of type CallToolRequest
2026-09-08 21:37:15,814 [mcp.server.lowlevel.server] INFO: Processing request of type CallToolRequest
2026-09-08 21:37:17,549 [mcp.server.lowlevel.server] INFO: Processing request of type CallToolRequest
2026-09-08 21:37:19,198 [mcp.server.lowlevel.server] INFO: Processing request of type CallToolRequest
2026-09-08 21:37:21,434 [mcp.server.lowlevel.server] INFO: Processing request of type CallToolRequest
2026-09-08 21:37:21,502 [mcp.server.lowlevel.server] INFO: Processing request of type CallToolRequest
2026-09-08 21:37:25,181 [mcp.server.lowlevel.server] INFO: Processing request of type CallToolRequest
2026-09-08 21:37:26,551 [mcp.server.lowlevel.server] INFO: Processing request of type CallToolRequest
2026-09-08 21:38:00,751 [mcp.server.lowlevel.server] INFO: Processing request of type CallToolRequest
2026-09-08 21:38:00,772 [mcp.server.lowlevel.server] INFO: Processing request of type CallToolRequest
2026-09-08 21:38:01,645 [mcp.server.lowlevel.server] INFO: Processing request of type CallToolRequest
2026-09-08 21:38:01,667 [mcp.server.lowlevel.server] INFO: Processing request of type CallToolRequest
2026-09-08 21:38:53,519 [mcp.server.lowlevel.server] INFO: Processing request of type CallToolRequest
2026-09-08 21:39:15,241 [mcp.server.lowlevel.server] INFO: Processing request of type CallToolRequest
/home/alexander/Schreibtisch/ofa-v2/langgraph_eval/agent.py:820: RuntimeWarning: This package (`duckduckgo_search`) has been renamed to `ddgs`! Use `pip install ddgs` instead.
  with DDGS() as ddgs:
2026-09-08 21:39:15,259 [mcp.server.lowlevel.server] INFO: Processing request of type CallToolRequest
/home/alexander/Schreibtisch/ofa-v2/langgraph_eval/agent.py:820: RuntimeWarning: This package (`duckduckgo_search`) has been renamed to `ddgs`! Use `pip install ddgs` instead.
  with DDGS() as ddgs:
/home/alexander/Schreibtisch/ofa-v2/langgraph_eval/agent.py:820: RuntimeWarning: This package (`duckduckgo_search`) has been renamed to `ddgs`! Use `pip install ddgs` instead.
  with DDGS() as ddgs:
/home/alexander/Schreibtisch/ofa-v2/langgraph_eval/agent.py:820: RuntimeWarning: This package (`duckduckgo_search`) has been renamed to `ddgs`! Use `pip install ddgs` instead.
  with DDGS() as ddgs:
2026-09-08 21:40:45,380 [mcp.server.lowlevel.server] INFO: Processing request of type CallToolRequest
2026-09-08 21:40:45,396 [mcp.server.lowlevel.server] INFO: Processing request of type CallToolRequest
2026-09-08 21:40:56,039 [mcp.server.lowlevel.server] INFO: Processing request of type CallToolRequest
2026-09-08 21:40:56,063 [mcp.server.lowlevel.server] INFO: Processing request of type CallToolRequest
2026-09-08 21:41:46,078 [oasis] INFO: Session journal saved: /tmp/oasis-source/data/sessions/session_0ad0f992-4f45-4502-ac54-97e4d28cd30c.json (6 events)
[preflight] custody controls verified for 1 problem(s); keys sealed and unreadable by execution
[phase: development] results are for post-mortems and convergence checking, NOT for the paper's evaluation table.
[DUNE cache] sha256=dc2d5b8ff2ebf98e... (neutral, private copy per cell)
[C1 27b MCP s6201] done  calls=9 tok=728997/6035 284.0s
/home/alexander/.local/share/python/cpython-3.12.13-linux-x86_64-gnu/lib/python3.12/asyncio/selector_events.py:879: ResourceWarning: unclosed transport <_SelectorSocketTransport fd=9>
<<< C1 seed 6201 done 2026-09-08 21:41:47
2026-09-08 21:45:13,493 [mcp.server.lowlevel.server] INFO: Processing request of type CallToolRequest
2026-09-08 21:46:12,712 [mcp.server.lowlevel.server] INFO: Processing request of type CallToolRequest
2026-09-08 21:46:52,270 [mcp.server.lowlevel.server] INFO: Processing request of type CallToolRequest
/home/alexander/Schreibtisch/ofa-v2/src/tools/result_audit.py:419: ResourceWarning: unclosed file <_io.TextIOWrapper name='/home/alexander/Schreibtisch/ofa-v2/campaign3_blind/runs/C1_27b_MCP_seed6203/work/residual_level1.csv' mode='r' encoding='UTF-8'>
  body = tuple(r[-1].strip() for r in _csv.reader(q.open()) if r)
ResourceWarning: Enable tracemalloc to get the object allocation traceback
2026-09-08 21:47:03,394 [oasis] INFO: Session journal saved: /tmp/oasis-source/data/sessions/session_0de15d9d-1edc-4351-a4d4-d3a09df95187.json (8 events)
[preflight] custody controls verified for 1 problem(s); keys sealed and unreadable by execution
[phase: development] results are for post-mortems and convergence checking, NOT for the paper's evaluation table.
[DUNE cache] sha256=dc2d5b8ff2ebf98e... (neutral, private copy per cell)
[C1 27b MCP s6203] done  calls=17 tok=1291070/26442 602.1s
/home/alexander/.local/share/python/cpython-3.12.13-linux-x86_64-gnu/lib/python3.12/asyncio/selector_events.py:879: ResourceWarning: unclosed transport <_SelectorSocketTransport fd=9>
<<< C1 seed 6203 done 2026-09-08 21:47:04
2026-09-08 21:47:11,620 [mcp.server.lowlevel.server] INFO: Processing request of type CallToolRequest
2026-09-08 21:48:11,204 [mcp.server.lowlevel.server] INFO: Processing request of type CallToolRequest
2026-09-08 21:49:47,152 [mcp.server.lowlevel.server] INFO: Processing request of type CallToolRequest
2026-09-08 21:52:05,054 [oasis] INFO: Session journal saved: /tmp/oasis-source/data/sessions/session_51f3490a-668f-4bff-84c2-82790713f5f6.json (11 events)
[preflight] custody controls verified for 1 problem(s); keys sealed and unreadable by execution
[phase: development] results are for post-mortems and convergence checking, NOT for the paper's evaluation table.
[DUNE cache] sha256=dc2d5b8ff2ebf98e... (neutral, private copy per cell)
[C1 27b MCP s6202] done  calls=54 tok=6227862/40190 903.5s
<<< C1 seed 6202 done 2026-09-08 21:52:05
>>> C1 MCP complete 2026-09-08 21:52:05
