>>> C3 MCP seeds 2701 2702 2703  start 2026-09-03 17:35:43
[source build] 0e9ca61011b0 sha256=a082c62dd15642d6... (immutable)
[source build] 0e9ca61011b0 sha256=a082c62dd15642d6... (immutable)
[source build] 0e9ca61011b0 sha256=a082c62dd15642d6... (immutable)
2026-09-03 17:36:12,460 [oasis.registry] INFO: Loaded discovered config: 5 backends
2026-09-03 17:36:12,470 [oasis.registry] INFO: Registered backend: 4C Multiphysics (fourc)
2026-09-03 17:36:12,473 [oasis.registry] INFO: Registered backend: FEniCSx (dolfinx) (fenics)
2026-09-03 17:36:12,478 [oasis.registry] INFO: Registered backend: deal.II (dealii)
2026-09-03 17:36:12,497 [oasis.registry] INFO: Registered backend: FEBio (febio)
2026-09-03 17:36:12,510 [oasis.registry] INFO: Registered backend: NGSolve (ngsolve)
2026-09-03 17:36:12,510 [oasis.ngsolve] INFO: NGSolve backend registered
2026-09-03 17:36:12,524 [oasis.registry] INFO: Registered backend: scikit-fem (skfem)
2026-09-03 17:36:12,524 [oasis.skfem] INFO: scikit-fem backend registered
2026-09-03 17:36:12,537 [oasis.registry] INFO: Loaded discovered config: 5 backends
2026-09-03 17:36:12,545 [oasis.registry] INFO: Registered backend: Kratos Multiphysics (kratos)
2026-09-03 17:36:12,545 [oasis.kratos] INFO: Kratos Multiphysics backend registered
2026-09-03 17:36:12,547 [oasis.registry] INFO: Registered backend: 4C Multiphysics (fourc)
2026-09-03 17:36:12,551 [oasis.registry] INFO: Registered backend: FEniCSx (dolfinx) (fenics)
2026-09-03 17:36:12,556 [oasis.registry] INFO: Registered backend: deal.II (dealii)
2026-09-03 17:36:12,559 [oasis.registry] INFO: Registered backend: DUNE-fem (dune)
2026-09-03 17:36:12,559 [oasis.dune] INFO: DUNE-fem backend registered
2026-09-03 17:36:12,572 [oasis.registry] INFO: Registered backend: SPARTA (DSMC) (sparta)
2026-09-03 17:36:12,572 [oasis.sparta] INFO: SPARTA (DSMC) backend registered
2026-09-03 17:36:12,572 [oasis] INFO: Starting OASiS MCP server
2026-09-03 17:36:12,582 [oasis.registry] INFO: Registered backend: FEBio (febio)
2026-09-03 17:36:12,595 [oasis.registry] INFO: Registered backend: NGSolve (ngsolve)
2026-09-03 17:36:12,595 [oasis.ngsolve] INFO: NGSolve backend registered
2026-09-03 17:36:12,601 [mcp.server.lowlevel.server] INFO: Processing request of type ListToolsRequest
2026-09-03 17:36:12,610 [oasis.registry] INFO: Registered backend: scikit-fem (skfem)
2026-09-03 17:36:12,610 [oasis.skfem] INFO: scikit-fem backend registered
2026-09-03 17:36:12,624 [oasis.registry] INFO: Loaded discovered config: 5 backends
2026-09-03 17:36:12,634 [oasis.registry] INFO: Registered backend: 4C Multiphysics (fourc)
2026-09-03 17:36:12,635 [oasis.registry] INFO: Registered backend: Kratos Multiphysics (kratos)
2026-09-03 17:36:12,635 [oasis.kratos] INFO: Kratos Multiphysics backend registered
2026-09-03 17:36:12,638 [oasis.registry] INFO: Registered backend: FEniCSx (dolfinx) (fenics)
2026-09-03 17:36:12,644 [oasis.registry] INFO: Registered backend: deal.II (dealii)
2026-09-03 17:36:12,649 [oasis.registry] INFO: Registered backend: DUNE-fem (dune)
2026-09-03 17:36:12,649 [oasis.dune] INFO: DUNE-fem backend registered
2026-09-03 17:36:12,663 [oasis.registry] INFO: Registered backend: SPARTA (DSMC) (sparta)
2026-09-03 17:36:12,663 [oasis.sparta] INFO: SPARTA (DSMC) backend registered
2026-09-03 17:36:12,663 [oasis] INFO: Starting OASiS MCP server
2026-09-03 17:36:12,665 [oasis.registry] INFO: Registered backend: FEBio (febio)
2026-09-03 17:36:12,679 [oasis.registry] INFO: Registered backend: NGSolve (ngsolve)
2026-09-03 17:36:12,679 [oasis.ngsolve] INFO: NGSolve backend registered
2026-09-03 17:36:12,695 [oasis.registry] INFO: Registered backend: scikit-fem (skfem)
2026-09-03 17:36:12,695 [oasis.skfem] INFO: scikit-fem backend registered
2026-09-03 17:36:12,698 [mcp.server.lowlevel.server] INFO: Processing request of type ListToolsRequest
2026-09-03 17:36:12,717 [oasis.registry] INFO: Registered backend: Kratos Multiphysics (kratos)
2026-09-03 17:36:12,717 [oasis.kratos] INFO: Kratos Multiphysics backend registered
2026-09-03 17:36:12,732 [oasis.registry] INFO: Registered backend: DUNE-fem (dune)
2026-09-03 17:36:12,732 [oasis.dune] INFO: DUNE-fem backend registered
2026-09-03 17:36:12,746 [oasis.registry] INFO: Registered backend: SPARTA (DSMC) (sparta)
2026-09-03 17:36:12,746 [oasis.sparta] INFO: SPARTA (DSMC) backend registered
2026-09-03 17:36:12,746 [oasis] INFO: Starting OASiS MCP server
2026-09-03 17:36:12,775 [mcp.server.lowlevel.server] INFO: Processing request of type ListToolsRequest
2026-09-03 17:36:25,315 [mcp.server.lowlevel.server] INFO: Processing request of type CallToolRequest
2026-09-03 17:36:25,690 [mcp.server.lowlevel.server] INFO: Processing request of type CallToolRequest
2026-09-03 17:36:25,770 [mcp.server.lowlevel.server] INFO: Processing request of type CallToolRequest
2026-09-03 17:36:30,552 [mcp.server.lowlevel.server] INFO: Processing request of type CallToolRequest
2026-09-03 17:36:30,845 [mcp.server.lowlevel.server] INFO: Processing request of type CallToolRequest
2026-09-03 17:36:30,954 [mcp.server.lowlevel.server] INFO: Processing request of type CallToolRequest
2026-09-03 17:37:20,616 [mcp.server.lowlevel.server] INFO: Processing request of type CallToolRequest
2026-09-03 17:37:20,667 [mcp.server.lowlevel.server] INFO: Processing request of type CallToolRequest
2026-09-03 17:37:24,331 [mcp.server.lowlevel.server] INFO: Processing request of type CallToolRequest
2026-09-03 17:37:35,139 [mcp.server.lowlevel.server] INFO: Processing request of type CallToolRequest
/home/alexander/Schreibtisch/ofa-v2/langgraph_eval/agent.py:820: RuntimeWarning: This package (`duckduckgo_search`) has been renamed to `ddgs`! Use `pip install ddgs` instead.
  with DDGS() as ddgs:
/home/alexander/Schreibtisch/ofa-v2/langgraph_eval/agent.py:820: RuntimeWarning: This package (`duckduckgo_search`) has been renamed to `ddgs`! Use `pip install ddgs` instead.
  with DDGS() as ddgs:
/home/alexander/Schreibtisch/ofa-v2/langgraph_eval/agent.py:820: RuntimeWarning: This package (`duckduckgo_search`) has been renamed to `ddgs`! Use `pip install ddgs` instead.
  with DDGS() as ddgs:
2026-09-03 17:37:37,602 [mcp.server.lowlevel.server] INFO: Processing request of type CallToolRequest
/home/alexander/Schreibtisch/ofa-v2/langgraph_eval/agent.py:820: RuntimeWarning: This package (`duckduckgo_search`) has been renamed to `ddgs`! Use `pip install ddgs` instead.
  with DDGS() as ddgs:
/home/alexander/Schreibtisch/ofa-v2/langgraph_eval/agent.py:820: RuntimeWarning: This package (`duckduckgo_search`) has been renamed to `ddgs`! Use `pip install ddgs` instead.
  with DDGS() as ddgs:
/home/alexander/Schreibtisch/ofa-v2/langgraph_eval/agent.py:820: RuntimeWarning: This package (`duckduckgo_search`) has been renamed to `ddgs`! Use `pip install ddgs` instead.
  with DDGS() as ddgs:
/home/alexander/Schreibtisch/ofa-v2/langgraph_eval/agent.py:820: RuntimeWarning: This package (`duckduckgo_search`) has been renamed to `ddgs`! Use `pip install ddgs` instead.
  with DDGS() as ddgs:
/home/alexander/Schreibtisch/ofa-v2/langgraph_eval/agent.py:820: RuntimeWarning: This package (`duckduckgo_search`) has been renamed to `ddgs`! Use `pip install ddgs` instead.
  with DDGS() as ddgs:
/home/alexander/Schreibtisch/ofa-v2/langgraph_eval/agent.py:820: RuntimeWarning: This package (`duckduckgo_search`) has been renamed to `ddgs`! Use `pip install ddgs` instead.
  with DDGS() as ddgs:
/home/alexander/Schreibtisch/ofa-v2/langgraph_eval/agent.py:820: RuntimeWarning: This package (`duckduckgo_search`) has been renamed to `ddgs`! Use `pip install ddgs` instead.
  with DDGS() as ddgs:
/home/alexander/Schreibtisch/ofa-v2/langgraph_eval/agent.py:820: RuntimeWarning: This package (`duckduckgo_search`) has been renamed to `ddgs`! Use `pip install ddgs` instead.
  with DDGS() as ddgs:
/home/alexander/Schreibtisch/ofa-v2/langgraph_eval/agent.py:820: RuntimeWarning: This package (`duckduckgo_search`) has been renamed to `ddgs`! Use `pip install ddgs` instead.
  with DDGS() as ddgs:
2026-09-03 17:38:09,858 [mcp.server.lowlevel.server] INFO: Processing request of type CallToolRequest
/home/alexander/Schreibtisch/ofa-v2/langgraph_eval/agent.py:820: RuntimeWarning: This package (`duckduckgo_search`) has been renamed to `ddgs`! Use `pip install ddgs` instead.
  with DDGS() as ddgs:
/home/alexander/Schreibtisch/ofa-v2/langgraph_eval/agent.py:820: RuntimeWarning: This package (`duckduckgo_search`) has been renamed to `ddgs`! Use `pip install ddgs` instead.
  with DDGS() as ddgs:
/home/alexander/Schreibtisch/ofa-v2/langgraph_eval/agent.py:820: RuntimeWarning: This package (`duckduckgo_search`) has been renamed to `ddgs`! Use `pip install ddgs` instead.
  with DDGS() as ddgs:
/home/alexander/Schreibtisch/ofa-v2/langgraph_eval/agent.py:820: RuntimeWarning: This package (`duckduckgo_search`) has been renamed to `ddgs`! Use `pip install ddgs` instead.
  with DDGS() as ddgs:
2026-09-03 17:39:39,728 [mcp.server.lowlevel.server] INFO: Processing request of type CallToolRequest
2026-09-03 17:46:38,245 [mcp.server.lowlevel.server] INFO: Processing request of type CallToolRequest
2026-09-03 17:46:47,726 [mcp.server.lowlevel.server] INFO: Processing request of type CallToolRequest
/home/alexander/Schreibtisch/ofa-v2/src/tools/result_audit.py:1341: ResourceWarning: unclosed file <_io.TextIOWrapper name='/home/alexander/Schreibtisch/ofa-v2/campaign3_blind/runs/C3_27b_MCP_seed2701/work/coupled_simulation/solution_level1_A.csv' mode='r' encoding='UTF-8'>
  rows = [r for r in _csv.reader(f.open())
ResourceWarning: Enable tracemalloc to get the object allocation traceback
2026-09-03 17:48:43,306 [mcp.server.lowlevel.server] INFO: Processing request of type CallToolRequest
/home/alexander/Schreibtisch/ofa-v2/src/tools/result_audit.py:1341: ResourceWarning: unclosed file <_io.TextIOWrapper name='/home/alexander/Schreibtisch/ofa-v2/campaign3_blind/runs/C3_27b_MCP_seed2702/work/solution_level1_A.csv' mode='r' encoding='UTF-8'>
  rows = [r for r in _csv.reader(f.open())
ResourceWarning: Enable tracemalloc to get the object allocation traceback
2026-09-03 17:50:23,772 [mcp.server.lowlevel.server] INFO: Processing request of type CallToolRequest
/home/alexander/Schreibtisch/ofa-v2/src/tools/result_audit.py:419: ResourceWarning: unclosed file <_io.TextIOWrapper name='/home/alexander/Schreibtisch/ofa-v2/campaign3_blind/runs/C3_27b_MCP_seed2702/work/residual_level1.csv' mode='r' encoding='UTF-8'>
  body = tuple(r[-1].strip() for r in _csv.reader(q.open()) if r)
ResourceWarning: Enable tracemalloc to get the object allocation traceback
/home/alexander/Schreibtisch/ofa-v2/src/tools/result_audit.py:419: ResourceWarning: unclosed file <_io.TextIOWrapper name='/home/alexander/Schreibtisch/ofa-v2/campaign3_blind/runs/C3_27b_MCP_seed2702/work/residual_level2.csv' mode='r' encoding='UTF-8'>
  body = tuple(r[-1].strip() for r in _csv.reader(q.open()) if r)
ResourceWarning: Enable tracemalloc to get the object allocation traceback
/home/alexander/Schreibtisch/ofa-v2/src/tools/result_audit.py:419: ResourceWarning: unclosed file <_io.TextIOWrapper name='/home/alexander/Schreibtisch/ofa-v2/campaign3_blind/runs/C3_27b_MCP_seed2702/work/residual_level3.csv' mode='r' encoding='UTF-8'>
  body = tuple(r[-1].strip() for r in _csv.reader(q.open()) if r)
ResourceWarning: Enable tracemalloc to get the object allocation traceback
/home/alexander/Schreibtisch/ofa-v2/src/tools/result_audit.py:419: ResourceWarning: unclosed file <_io.TextIOWrapper name='/home/alexander/Schreibtisch/ofa-v2/campaign3_blind/runs/C3_27b_MCP_seed2702/work/residual_level1.csv' mode='r' encoding='UTF-8'>
  body = tuple(r[-1].strip() for r in _csv.reader(q.open()) if r)
ResourceWarning: Enable tracemalloc to get the object allocation traceback
/home/alexander/Schreibtisch/ofa-v2/src/tools/result_audit.py:419: ResourceWarning: unclosed file <_io.TextIOWrapper name='/home/alexander/Schreibtisch/ofa-v2/campaign3_blind/runs/C3_27b_MCP_seed2702/work/residual_level2.csv' mode='r' encoding='UTF-8'>
  body = tuple(r[-1].strip() for r in _csv.reader(q.open()) if r)
ResourceWarning: Enable tracemalloc to get the object allocation traceback
/home/alexander/Schreibtisch/ofa-v2/src/tools/result_audit.py:419: ResourceWarning: unclosed file <_io.TextIOWrapper name='/home/alexander/Schreibtisch/ofa-v2/campaign3_blind/runs/C3_27b_MCP_seed2702/work/residual_level3.csv' mode='r' encoding='UTF-8'>
  body = tuple(r[-1].strip() for r in _csv.reader(q.open()) if r)
ResourceWarning: Enable tracemalloc to get the object allocation traceback
/home/alexander/Schreibtisch/ofa-v2/src/tools/result_audit.py:1341: ResourceWarning: unclosed file <_io.TextIOWrapper name='/home/alexander/Schreibtisch/ofa-v2/campaign3_blind/runs/C3_27b_MCP_seed2702/work/solution_level1_A.csv' mode='r' encoding='UTF-8'>
  rows = [r for r in _csv.reader(f.open())
ResourceWarning: Enable tracemalloc to get the object allocation traceback
/home/alexander/Schreibtisch/ofa-v2/src/tools/result_audit.py:1341: ResourceWarning: unclosed file <_io.TextIOWrapper name='/home/alexander/Schreibtisch/ofa-v2/campaign3_blind/runs/C3_27b_MCP_seed2702/work/solution_level2_A.csv' mode='r' encoding='UTF-8'>
  rows = [r for r in _csv.reader(f.open())
ResourceWarning: Enable tracemalloc to get the object allocation traceback
/home/alexander/Schreibtisch/ofa-v2/src/tools/result_audit.py:1341: ResourceWarning: unclosed file <_io.TextIOWrapper name='/home/alexander/Schreibtisch/ofa-v2/campaign3_blind/runs/C3_27b_MCP_seed2702/work/solution_level3_A.csv' mode='r' encoding='UTF-8'>
  rows = [r for r in _csv.reader(f.open())
ResourceWarning: Enable tracemalloc to get the object allocation traceback
/home/alexander/Schreibtisch/ofa-v2/src/tools/result_audit.py:419: ResourceWarning: unclosed file <_io.TextIOWrapper name='/home/alexander/Schreibtisch/ofa-v2/campaign3_blind/runs/C3_27b_MCP_seed2702/work/residual_level1.csv' mode='r' encoding='UTF-8'>
  body = tuple(r[-1].strip() for r in _csv.reader(q.open()) if r)
ResourceWarning: Enable tracemalloc to get the object allocation traceback
/home/alexander/Schreibtisch/ofa-v2/src/tools/result_audit.py:419: ResourceWarning: unclosed file <_io.TextIOWrapper name='/home/alexander/Schreibtisch/ofa-v2/campaign3_blind/runs/C3_27b_MCP_seed2702/work/residual_level2.csv' mode='r' encoding='UTF-8'>
  body = tuple(r[-1].strip() for r in _csv.reader(q.open()) if r)
ResourceWarning: Enable tracemalloc to get the object allocation traceback
/home/alexander/Schreibtisch/ofa-v2/src/tools/result_audit.py:419: ResourceWarning: unclosed file <_io.TextIOWrapper name='/home/alexander/Schreibtisch/ofa-v2/campaign3_blind/runs/C3_27b_MCP_seed2702/work/residual_level3.csv' mode='r' encoding='UTF-8'>
  body = tuple(r[-1].strip() for r in _csv.reader(q.open()) if r)
ResourceWarning: Enable tracemalloc to get the object allocation traceback
/home/alexander/Schreibtisch/ofa-v2/src/tools/result_audit.py:1341: ResourceWarning: unclosed file <_io.TextIOWrapper name='/home/alexander/Schreibtisch/ofa-v2/campaign3_blind/runs/C3_27b_MCP_seed2702/work/solution_level1_A.csv' mode='r' encoding='UTF-8'>
  rows = [r for r in _csv.reader(f.open())
ResourceWarning: Enable tracemalloc to get the object allocation traceback
/home/alexander/Schreibtisch/ofa-v2/src/tools/result_audit.py:1341: ResourceWarning: unclosed file <_io.TextIOWrapper name='/home/alexander/Schreibtisch/ofa-v2/campaign3_blind/runs/C3_27b_MCP_seed2702/work/solution_level2_A.csv' mode='r' encoding='UTF-8'>
  rows = [r for r in _csv.reader(f.open())
ResourceWarning: Enable tracemalloc to get the object allocation traceback
/home/alexander/Schreibtisch/ofa-v2/src/tools/result_audit.py:1341: ResourceWarning: unclosed file <_io.TextIOWrapper name='/home/alexander/Schreibtisch/ofa-v2/campaign3_blind/runs/C3_27b_MCP_seed2702/work/solution_level3_A.csv' mode='r' encoding='UTF-8'>
  rows = [r for r in _csv.reader(f.open())
ResourceWarning: Enable tracemalloc to get the object allocation traceback
/home/alexander/Schreibtisch/ofa-v2/src/tools/result_audit.py:1341: ResourceWarning: unclosed file <_io.TextIOWrapper name='/home/alexander/Schreibtisch/ofa-v2/campaign3_blind/runs/C3_27b_MCP_seed2701/work/coupled_simulation/solution_level1_A.csv' mode='r' encoding='UTF-8'>
  rows = [r for r in _csv.reader(f.open())
ResourceWarning: Enable tracemalloc to get the object allocation traceback
/home/alexander/Schreibtisch/ofa-v2/src/tools/result_audit.py:1341: ResourceWarning: unclosed file <_io.TextIOWrapper name='/home/alexander/Schreibtisch/ofa-v2/campaign3_blind/runs/C3_27b_MCP_seed2701/work/coupled_simulation/solution_level1_B.csv' mode='r' encoding='UTF-8'>
  rows = [r for r in _csv.reader(f.open())
ResourceWarning: Enable tracemalloc to get the object allocation traceback
/home/alexander/Schreibtisch/ofa-v2/src/tools/result_audit.py:1341: ResourceWarning: unclosed file <_io.TextIOWrapper name='/home/alexander/Schreibtisch/ofa-v2/campaign3_blind/runs/C3_27b_MCP_seed2701/work/coupled_simulation/solution_level1_A.csv' mode='r' encoding='UTF-8'>
  rows = [r for r in _csv.reader(f.open())
ResourceWarning: Enable tracemalloc to get the object allocation traceback
/home/alexander/Schreibtisch/ofa-v2/src/tools/result_audit.py:534: ResourceWarning: unclosed file <_io.TextIOWrapper name='/home/alexander/Schreibtisch/ofa-v2/campaign3_blind/runs/C3_27b_MCP_seed2701/work/coupled_simulation/solution_level1_A.csv' mode='r' encoding='UTF-8'>
  rows = sum(1 for _ in open(sol0[0], errors="ignore")) - 1
ResourceWarning: Enable tracemalloc to get the object allocation traceback
/home/alexander/Schreibtisch/ofa-v2/src/tools/result_audit.py:1341: ResourceWarning: unclosed file <_io.TextIOWrapper name='/home/alexander/Schreibtisch/ofa-v2/campaign3_blind/runs/C3_27b_MCP_seed2701/work/coupled_simulation/solution_level1_A.csv' mode='r' encoding='UTF-8'>
  rows = [r for r in _csv.reader(f.open())
ResourceWarning: Enable tracemalloc to get the object allocation traceback
/home/alexander/Schreibtisch/ofa-v2/src/tools/result_audit.py:419: ResourceWarning: unclosed file <_io.TextIOWrapper name='/home/alexander/Schreibtisch/ofa-v2/campaign3_blind/runs/C3_27b_MCP_seed2703/work/coupled_simulation/residual_level1.csv' mode='r' encoding='UTF-8'>
  body = tuple(r[-1].strip() for r in _csv.reader(q.open()) if r)
ResourceWarning: Enable tracemalloc to get the object allocation traceback
/home/alexander/Schreibtisch/ofa-v2/src/tools/result_audit.py:419: ResourceWarning: unclosed file <_io.TextIOWrapper name='/home/alexander/Schreibtisch/ofa-v2/campaign3_blind/runs/C3_27b_MCP_seed2703/work/coupled_simulation/residual_level2.csv' mode='r' encoding='UTF-8'>
  body = tuple(r[-1].strip() for r in _csv.reader(q.open()) if r)
ResourceWarning: Enable tracemalloc to get the object allocation traceback
/home/alexander/Schreibtisch/ofa-v2/src/tools/result_audit.py:419: ResourceWarning: unclosed file <_io.TextIOWrapper name='/home/alexander/Schreibtisch/ofa-v2/campaign3_blind/runs/C3_27b_MCP_seed2703/work/coupled_simulation/residual_level3.csv' mode='r' encoding='UTF-8'>
  body = tuple(r[-1].strip() for r in _csv.reader(q.open()) if r)
ResourceWarning: Enable tracemalloc to get the object allocation traceback
/home/alexander/Schreibtisch/ofa-v2/src/tools/workspace_advisor.py:80: ResourceWarning: unclosed file <_io.TextIOWrapper name='/home/alexander/Schreibtisch/ofa-v2/campaign3_blind/runs/C3_27b_MCP_seed2703/work/coupled_simulation/residual_level1.csv' mode='r' encoding='UTF-8'>
  rows = [row for row in _csv.reader(r.open()) if row]
ResourceWarning: Enable tracemalloc to get the object allocation traceback
/home/alexander/Schreibtisch/ofa-v2/src/tools/workspace_advisor.py:80: ResourceWarning: unclosed file <_io.TextIOWrapper name='/home/alexander/Schreibtisch/ofa-v2/campaign3_blind/runs/C3_27b_MCP_seed2703/work/coupled_simulation/residual_level2.csv' mode='r' encoding='UTF-8'>
  rows = [row for row in _csv.reader(r.open()) if row]
ResourceWarning: Enable tracemalloc to get the object allocation traceback
/home/alexander/Schreibtisch/ofa-v2/src/tools/workspace_advisor.py:80: ResourceWarning: unclosed file <_io.TextIOWrapper name='/home/alexander/Schreibtisch/ofa-v2/campaign3_blind/runs/C3_27b_MCP_seed2703/work/coupled_simulation/residual_level3.csv' mode='r' encoding='UTF-8'>
  rows = [row for row in _csv.reader(r.open()) if row]
ResourceWarning: Enable tracemalloc to get the object allocation traceback
/home/alexander/Schreibtisch/ofa-v2/src/tools/result_audit.py:419: ResourceWarning: unclosed file <_io.TextIOWrapper name='/home/alexander/Schreibtisch/ofa-v2/campaign3_blind/runs/C3_27b_MCP_seed2703/work/coupled_simulation/residual_level1.csv' mode='r' encoding='UTF-8'>
  body = tuple(r[-1].strip() for r in _csv.reader(q.open()) if r)
ResourceWarning: Enable tracemalloc to get the object allocation traceback
/home/alexander/Schreibtisch/ofa-v2/src/tools/result_audit.py:419: ResourceWarning: unclosed file <_io.TextIOWrapper name='/home/alexander/Schreibtisch/ofa-v2/campaign3_blind/runs/C3_27b_MCP_seed2703/work/coupled_simulation/residual_level2.csv' mode='r' encoding='UTF-8'>
  body = tuple(r[-1].strip() for r in _csv.reader(q.open()) if r)
ResourceWarning: Enable tracemalloc to get the object allocation traceback
/home/alexander/Schreibtisch/ofa-v2/src/tools/result_audit.py:419: ResourceWarning: unclosed file <_io.TextIOWrapper name='/home/alexander/Schreibtisch/ofa-v2/campaign3_blind/runs/C3_27b_MCP_seed2703/work/coupled_simulation/residual_level3.csv' mode='r' encoding='UTF-8'>
  body = tuple(r[-1].strip() for r in _csv.reader(q.open()) if r)
ResourceWarning: Enable tracemalloc to get the object allocation traceback
/home/alexander/Schreibtisch/ofa-v2/src/tools/result_audit.py:419: ResourceWarning: unclosed file <_io.TextIOWrapper name='/home/alexander/Schreibtisch/ofa-v2/campaign3_blind/runs/C3_27b_MCP_seed2703/work/coupled_simulation/residual_level1.csv' mode='r' encoding='UTF-8'>
  body = tuple(r[-1].strip() for r in _csv.reader(q.open()) if r)
ResourceWarning: Enable tracemalloc to get the object allocation traceback
/home/alexander/Schreibtisch/ofa-v2/src/tools/result_audit.py:419: ResourceWarning: unclosed file <_io.TextIOWrapper name='/home/alexander/Schreibtisch/ofa-v2/campaign3_blind/runs/C3_27b_MCP_seed2703/work/coupled_simulation/residual_level2.csv' mode='r' encoding='UTF-8'>
  body = tuple(r[-1].strip() for r in _csv.reader(q.open()) if r)
ResourceWarning: Enable tracemalloc to get the object allocation traceback
/home/alexander/Schreibtisch/ofa-v2/src/tools/result_audit.py:419: ResourceWarning: unclosed file <_io.TextIOWrapper name='/home/alexander/Schreibtisch/ofa-v2/campaign3_blind/runs/C3_27b_MCP_seed2703/work/coupled_simulation/residual_level3.csv' mode='r' encoding='UTF-8'>
  body = tuple(r[-1].strip() for r in _csv.reader(q.open()) if r)
ResourceWarning: Enable tracemalloc to get the object allocation traceback
/home/alexander/Schreibtisch/ofa-v2/src/tools/result_audit.py:419: ResourceWarning: unclosed file <_io.TextIOWrapper name='/home/alexander/Schreibtisch/ofa-v2/campaign3_blind/runs/C3_27b_MCP_seed2703/work/coupled_simulation/residual_level1.csv' mode='r' encoding='UTF-8'>
  body = tuple(r[-1].strip() for r in _csv.reader(q.open()) if r)
ResourceWarning: Enable tracemalloc to get the object allocation traceback
/home/alexander/Schreibtisch/ofa-v2/src/tools/result_audit.py:419: ResourceWarning: unclosed file <_io.TextIOWrapper name='/home/alexander/Schreibtisch/ofa-v2/campaign3_blind/runs/C3_27b_MCP_seed2703/work/coupled_simulation/residual_level2.csv' mode='r' encoding='UTF-8'>
  body = tuple(r[-1].strip() for r in _csv.reader(q.open()) if r)
ResourceWarning: Enable tracemalloc to get the object allocation traceback
/home/alexander/Schreibtisch/ofa-v2/src/tools/result_audit.py:419: ResourceWarning: unclosed file <_io.TextIOWrapper name='/home/alexander/Schreibtisch/ofa-v2/campaign3_blind/runs/C3_27b_MCP_seed2703/work/coupled_simulation/residual_level3.csv' mode='r' encoding='UTF-8'>
  body = tuple(r[-1].strip() for r in _csv.reader(q.open()) if r)
ResourceWarning: Enable tracemalloc to get the object allocation traceback
/home/alexander/Schreibtisch/ofa-v2/src/tools/workspace_advisor.py:80: ResourceWarning: unclosed file <_io.TextIOWrapper name='/home/alexander/Schreibtisch/ofa-v2/campaign3_blind/runs/C3_27b_MCP_seed2703/work/coupled_simulation/residual_level1.csv' mode='r' encoding='UTF-8'>
  rows = [row for row in _csv.reader(r.open()) if row]
ResourceWarning: Enable tracemalloc to get the object allocation traceback
/home/alexander/Schreibtisch/ofa-v2/src/tools/workspace_advisor.py:80: ResourceWarning: unclosed file <_io.TextIOWrapper name='/home/alexander/Schreibtisch/ofa-v2/campaign3_blind/runs/C3_27b_MCP_seed2703/work/coupled_simulation/residual_level2.csv' mode='r' encoding='UTF-8'>
  rows = [row for row in _csv.reader(r.open()) if row]
ResourceWarning: Enable tracemalloc to get the object allocation traceback
/home/alexander/Schreibtisch/ofa-v2/src/tools/workspace_advisor.py:80: ResourceWarning: unclosed file <_io.TextIOWrapper name='/home/alexander/Schreibtisch/ofa-v2/campaign3_blind/runs/C3_27b_MCP_seed2703/work/coupled_simulation/residual_level3.csv' mode='r' encoding='UTF-8'>
  rows = [row for row in _csv.reader(r.open()) if row]
ResourceWarning: Enable tracemalloc to get the object allocation traceback
/home/alexander/Schreibtisch/ofa-v2/src/tools/result_audit.py:419: ResourceWarning: unclosed file <_io.TextIOWrapper name='/home/alexander/Schreibtisch/ofa-v2/campaign3_blind/runs/C3_27b_MCP_seed2703/work/coupled_simulation/residual_level1.csv' mode='r' encoding='UTF-8'>
  body = tuple(r[-1].strip() for r in _csv.reader(q.open()) if r)
ResourceWarning: Enable tracemalloc to get the object allocation traceback
/home/alexander/Schreibtisch/ofa-v2/src/tools/result_audit.py:419: ResourceWarning: unclosed file <_io.TextIOWrapper name='/home/alexander/Schreibtisch/ofa-v2/campaign3_blind/runs/C3_27b_MCP_seed2703/work/coupled_simulation/residual_level2.csv' mode='r' encoding='UTF-8'>
  body = tuple(r[-1].strip() for r in _csv.reader(q.open()) if r)
ResourceWarning: Enable tracemalloc to get the object allocation traceback
/home/alexander/Schreibtisch/ofa-v2/src/tools/result_audit.py:419: ResourceWarning: unclosed file <_io.TextIOWrapper name='/home/alexander/Schreibtisch/ofa-v2/campaign3_blind/runs/C3_27b_MCP_seed2703/work/coupled_simulation/residual_level3.csv' mode='r' encoding='UTF-8'>
  body = tuple(r[-1].strip() for r in _csv.reader(q.open()) if r)
ResourceWarning: Enable tracemalloc to get the object allocation traceback
/home/alexander/Schreibtisch/ofa-v2/src/tools/result_audit.py:1341: ResourceWarning: unclosed file <_io.TextIOWrapper name='/home/alexander/Schreibtisch/ofa-v2/campaign3_blind/runs/C3_27b_MCP_seed2702/work/solution_level1_A.csv' mode='r' encoding='UTF-8'>
  rows = [r for r in _csv.reader(f.open())
ResourceWarning: Enable tracemalloc to get the object allocation traceback
/home/alexander/Schreibtisch/ofa-v2/src/tools/result_audit.py:1341: ResourceWarning: unclosed file <_io.TextIOWrapper name='/home/alexander/Schreibtisch/ofa-v2/campaign3_blind/runs/C3_27b_MCP_seed2702/work/solution_level2_A.csv' mode='r' encoding='UTF-8'>
  rows = [r for r in _csv.reader(f.open())
ResourceWarning: Enable tracemalloc to get the object allocation traceback
/home/alexander/Schreibtisch/ofa-v2/src/tools/result_audit.py:1341: ResourceWarning: unclosed file <_io.TextIOWrapper name='/home/alexander/Schreibtisch/ofa-v2/campaign3_blind/runs/C3_27b_MCP_seed2702/work/solution_level3_A.csv' mode='r' encoding='UTF-8'>
  rows = [r for r in _csv.reader(f.open())
ResourceWarning: Enable tracemalloc to get the object allocation traceback
/home/alexander/Schreibtisch/ofa-v2/src/tools/workspace_advisor.py:80: ResourceWarning: unclosed file <_io.TextIOWrapper name='/home/alexander/Schreibtisch/ofa-v2/campaign3_blind/runs/C3_27b_MCP_seed2703/work/coupled_simulation/residual_level1.csv' mode='r' encoding='UTF-8'>
  rows = [row for row in _csv.reader(r.open()) if row]
ResourceWarning: Enable tracemalloc to get the object allocation traceback
/home/alexander/Schreibtisch/ofa-v2/src/tools/workspace_advisor.py:80: ResourceWarning: unclosed file <_io.TextIOWrapper name='/home/alexander/Schreibtisch/ofa-v2/campaign3_blind/runs/C3_27b_MCP_seed2703/work/coupled_simulation/residual_level2.csv' mode='r' encoding='UTF-8'>
  rows = [row for row in _csv.reader(r.open()) if row]
ResourceWarning: Enable tracemalloc to get the object allocation traceback
/home/alexander/Schreibtisch/ofa-v2/src/tools/workspace_advisor.py:80: ResourceWarning: unclosed file <_io.TextIOWrapper name='/home/alexander/Schreibtisch/ofa-v2/campaign3_blind/runs/C3_27b_MCP_seed2703/work/coupled_simulation/residual_level3.csv' mode='r' encoding='UTF-8'>
  rows = [row for row in _csv.reader(r.open()) if row]
ResourceWarning: Enable tracemalloc to get the object allocation traceback
/home/alexander/Schreibtisch/ofa-v2/src/tools/result_audit.py:419: ResourceWarning: unclosed file <_io.TextIOWrapper name='/home/alexander/Schreibtisch/ofa-v2/campaign3_blind/runs/C3_27b_MCP_seed2703/work/coupled_simulation/residual_level1.csv' mode='r' encoding='UTF-8'>
  body = tuple(r[-1].strip() for r in _csv.reader(q.open()) if r)
ResourceWarning: Enable tracemalloc to get the object allocation traceback
/home/alexander/Schreibtisch/ofa-v2/src/tools/result_audit.py:419: ResourceWarning: unclosed file <_io.TextIOWrapper name='/home/alexander/Schreibtisch/ofa-v2/campaign3_blind/runs/C3_27b_MCP_seed2703/work/coupled_simulation/residual_level2.csv' mode='r' encoding='UTF-8'>
  body = tuple(r[-1].strip() for r in _csv.reader(q.open()) if r)
ResourceWarning: Enable tracemalloc to get the object allocation traceback
/home/alexander/Schreibtisch/ofa-v2/src/tools/result_audit.py:419: ResourceWarning: unclosed file <_io.TextIOWrapper name='/home/alexander/Schreibtisch/ofa-v2/campaign3_blind/runs/C3_27b_MCP_seed2703/work/coupled_simulation/residual_level3.csv' mode='r' encoding='UTF-8'>
  body = tuple(r[-1].strip() for r in _csv.reader(q.open()) if r)
ResourceWarning: Enable tracemalloc to get the object allocation traceback
/home/alexander/Schreibtisch/ofa-v2/src/tools/result_audit.py:1341: ResourceWarning: unclosed file <_io.TextIOWrapper name='/home/alexander/Schreibtisch/ofa-v2/campaign3_blind/runs/C3_27b_MCP_seed2702/work/solution_level1_A.csv' mode='r' encoding='UTF-8'>
  rows = [r for r in _csv.reader(f.open())
ResourceWarning: Enable tracemalloc to get the object allocation traceback
/home/alexander/Schreibtisch/ofa-v2/src/tools/result_audit.py:1341: ResourceWarning: unclosed file <_io.TextIOWrapper name='/home/alexander/Schreibtisch/ofa-v2/campaign3_blind/runs/C3_27b_MCP_seed2702/work/solution_level2_A.csv' mode='r' encoding='UTF-8'>
  rows = [r for r in _csv.reader(f.open())
ResourceWarning: Enable tracemalloc to get the object allocation traceback
/home/alexander/Schreibtisch/ofa-v2/src/tools/result_audit.py:1341: ResourceWarning: unclosed file <_io.TextIOWrapper name='/home/alexander/Schreibtisch/ofa-v2/campaign3_blind/runs/C3_27b_MCP_seed2702/work/solution_level3_A.csv' mode='r' encoding='UTF-8'>
  rows = [r for r in _csv.reader(f.open())
ResourceWarning: Enable tracemalloc to get the object allocation traceback
/home/alexander/Schreibtisch/ofa-v2/src/tools/workspace_advisor.py:80: ResourceWarning: unclosed file <_io.TextIOWrapper name='/home/alexander/Schreibtisch/ofa-v2/campaign3_blind/runs/C3_27b_MCP_seed2702/work/residual_level1.csv' mode='r' encoding='UTF-8'>
  rows = [row for row in _csv.reader(r.open()) if row]
ResourceWarning: Enable tracemalloc to get the object allocation traceback
/home/alexander/Schreibtisch/ofa-v2/src/tools/workspace_advisor.py:80: ResourceWarning: unclosed file <_io.TextIOWrapper name='/home/alexander/Schreibtisch/ofa-v2/campaign3_blind/runs/C3_27b_MCP_seed2702/work/residual_level2.csv' mode='r' encoding='UTF-8'>
  rows = [row for row in _csv.reader(r.open()) if row]
ResourceWarning: Enable tracemalloc to get the object allocation traceback
/home/alexander/Schreibtisch/ofa-v2/src/tools/workspace_advisor.py:80: ResourceWarning: unclosed file <_io.TextIOWrapper name='/home/alexander/Schreibtisch/ofa-v2/campaign3_blind/runs/C3_27b_MCP_seed2702/work/residual_level3.csv' mode='r' encoding='UTF-8'>
  rows = [row for row in _csv.reader(r.open()) if row]
ResourceWarning: Enable tracemalloc to get the object allocation traceback
/home/alexander/Schreibtisch/ofa-v2/src/tools/result_audit.py:419: ResourceWarning: unclosed file <_io.TextIOWrapper name='/home/alexander/Schreibtisch/ofa-v2/campaign3_blind/runs/C3_27b_MCP_seed2702/work/residual_level1.csv' mode='r' encoding='UTF-8'>
  body = tuple(r[-1].strip() for r in _csv.reader(q.open()) if r)
ResourceWarning: Enable tracemalloc to get the object allocation traceback
/home/alexander/Schreibtisch/ofa-v2/src/tools/result_audit.py:419: ResourceWarning: unclosed file <_io.TextIOWrapper name='/home/alexander/Schreibtisch/ofa-v2/campaign3_blind/runs/C3_27b_MCP_seed2702/work/residual_level2.csv' mode='r' encoding='UTF-8'>
  body = tuple(r[-1].strip() for r in _csv.reader(q.open()) if r)
ResourceWarning: Enable tracemalloc to get the object allocation traceback
/home/alexander/Schreibtisch/ofa-v2/src/tools/result_audit.py:419: ResourceWarning: unclosed file <_io.TextIOWrapper name='/home/alexander/Schreibtisch/ofa-v2/campaign3_blind/runs/C3_27b_MCP_seed2702/work/residual_level3.csv' mode='r' encoding='UTF-8'>
  body = tuple(r[-1].strip() for r in _csv.reader(q.open()) if r)
ResourceWarning: Enable tracemalloc to get the object allocation traceback
/home/alexander/Schreibtisch/ofa-v2/src/tools/result_audit.py:534: ResourceWarning: unclosed file <_io.TextIOWrapper name='/home/alexander/Schreibtisch/ofa-v2/campaign3_blind/runs/C3_27b_MCP_seed2702/work/solution_level1_A.csv' mode='r' encoding='UTF-8'>
  rows = sum(1 for _ in open(sol0[0], errors="ignore")) - 1
ResourceWarning: Enable tracemalloc to get the object allocation traceback
/home/alexander/Schreibtisch/ofa-v2/src/tools/result_audit.py:1341: ResourceWarning: unclosed file <_io.TextIOWrapper name='/home/alexander/Schreibtisch/ofa-v2/campaign3_blind/runs/C3_27b_MCP_seed2702/work/solution_level1_A.csv' mode='r' encoding='UTF-8'>
  rows = [r for r in _csv.reader(f.open())
ResourceWarning: Enable tracemalloc to get the object allocation traceback
/home/alexander/Schreibtisch/ofa-v2/src/tools/result_audit.py:1341: ResourceWarning: unclosed file <_io.TextIOWrapper name='/home/alexander/Schreibtisch/ofa-v2/campaign3_blind/runs/C3_27b_MCP_seed2702/work/solution_level2_A.csv' mode='r' encoding='UTF-8'>
  rows = [r for r in _csv.reader(f.open())
ResourceWarning: Enable tracemalloc to get the object allocation traceback
/home/alexander/Schreibtisch/ofa-v2/src/tools/result_audit.py:1341: ResourceWarning: unclosed file <_io.TextIOWrapper name='/home/alexander/Schreibtisch/ofa-v2/campaign3_blind/runs/C3_27b_MCP_seed2702/work/solution_level3_A.csv' mode='r' encoding='UTF-8'>
  rows = [r for r in _csv.reader(f.open())
ResourceWarning: Enable tracemalloc to get the object allocation traceback
/home/alexander/Schreibtisch/ofa-v2/src/tools/result_audit.py:419: ResourceWarning: unclosed file <_io.TextIOWrapper name='/home/alexander/Schreibtisch/ofa-v2/campaign3_blind/runs/C3_27b_MCP_seed2702/work/residual_level1.csv' mode='r' encoding='UTF-8'>
  body = tuple(r[-1].strip() for r in _csv.reader(q.open()) if r)
ResourceWarning: Enable tracemalloc to get the object allocation traceback
/home/alexander/Schreibtisch/ofa-v2/src/tools/result_audit.py:419: ResourceWarning: unclosed file <_io.TextIOWrapper name='/home/alexander/Schreibtisch/ofa-v2/campaign3_blind/runs/C3_27b_MCP_seed2702/work/residual_level2.csv' mode='r' encoding='UTF-8'>
  body = tuple(r[-1].strip() for r in _csv.reader(q.open()) if r)
ResourceWarning: Enable tracemalloc to get the object allocation traceback
/home/alexander/Schreibtisch/ofa-v2/src/tools/result_audit.py:419: ResourceWarning: unclosed file <_io.TextIOWrapper name='/home/alexander/Schreibtisch/ofa-v2/campaign3_blind/runs/C3_27b_MCP_seed2702/work/residual_level3.csv' mode='r' encoding='UTF-8'>
  body = tuple(r[-1].strip() for r in _csv.reader(q.open()) if r)
ResourceWarning: Enable tracemalloc to get the object allocation traceback
/home/alexander/Schreibtisch/ofa-v2/src/tools/result_audit.py:419: ResourceWarning: unclosed file <_io.TextIOWrapper name='/home/alexander/Schreibtisch/ofa-v2/campaign3_blind/runs/C3_27b_MCP_seed2702/work/residual_level1.csv' mode='r' encoding='UTF-8'>
  body = tuple(r[-1].strip() for r in _csv.reader(q.open()) if r)
ResourceWarning: Enable tracemalloc to get the object allocation traceback
/home/alexander/Schreibtisch/ofa-v2/src/tools/result_audit.py:419: ResourceWarning: unclosed file <_io.TextIOWrapper name='/home/alexander/Schreibtisch/ofa-v2/campaign3_blind/runs/C3_27b_MCP_seed2702/work/residual_level2.csv' mode='r' encoding='UTF-8'>
  body = tuple(r[-1].strip() for r in _csv.reader(q.open()) if r)
ResourceWarning: Enable tracemalloc to get the object allocation traceback
/home/alexander/Schreibtisch/ofa-v2/src/tools/result_audit.py:419: ResourceWarning: unclosed file <_io.TextIOWrapper name='/home/alexander/Schreibtisch/ofa-v2/campaign3_blind/runs/C3_27b_MCP_seed2702/work/residual_level3.csv' mode='r' encoding='UTF-8'>
  body = tuple(r[-1].strip() for r in _csv.reader(q.open()) if r)
ResourceWarning: Enable tracemalloc to get the object allocation traceback
/home/alexander/Schreibtisch/ofa-v2/src/tools/result_audit.py:534: ResourceWarning: unclosed file <_io.TextIOWrapper name='/home/alexander/Schreibtisch/ofa-v2/campaign3_blind/runs/C3_27b_MCP_seed2702/work/solution_level1_A.csv' mode='r' encoding='UTF-8'>
  rows = sum(1 for _ in open(sol0[0], errors="ignore")) - 1
ResourceWarning: Enable tracemalloc to get the object allocation traceback
/home/alexander/Schreibtisch/ofa-v2/src/tools/result_audit.py:1341: ResourceWarning: unclosed file <_io.TextIOWrapper name='/home/alexander/Schreibtisch/ofa-v2/campaign3_blind/runs/C3_27b_MCP_seed2702/work/solution_level1_A.csv' mode='r' encoding='UTF-8'>
  rows = [r for r in _csv.reader(f.open())
ResourceWarning: Enable tracemalloc to get the object allocation traceback
/home/alexander/Schreibtisch/ofa-v2/src/tools/result_audit.py:1341: ResourceWarning: unclosed file <_io.TextIOWrapper name='/home/alexander/Schreibtisch/ofa-v2/campaign3_blind/runs/C3_27b_MCP_seed2702/work/solution_level2_A.csv' mode='r' encoding='UTF-8'>
  rows = [r for r in _csv.reader(f.open())
ResourceWarning: Enable tracemalloc to get the object allocation traceback
/home/alexander/Schreibtisch/ofa-v2/src/tools/result_audit.py:1341: ResourceWarning: unclosed file <_io.TextIOWrapper name='/home/alexander/Schreibtisch/ofa-v2/campaign3_blind/runs/C3_27b_MCP_seed2702/work/solution_level3_A.csv' mode='r' encoding='UTF-8'>
  rows = [r for r in _csv.reader(f.open())
ResourceWarning: Enable tracemalloc to get the object allocation traceback
/home/alexander/Schreibtisch/ofa-v2/src/tools/workspace_advisor.py:80: ResourceWarning: unclosed file <_io.TextIOWrapper name='/home/alexander/Schreibtisch/ofa-v2/campaign3_blind/runs/C3_27b_MCP_seed2702/work/residual_level1.csv' mode='r' encoding='UTF-8'>
  rows = [row for row in _csv.reader(r.open()) if row]
ResourceWarning: Enable tracemalloc to get the object allocation traceback
/home/alexander/Schreibtisch/ofa-v2/src/tools/workspace_advisor.py:80: ResourceWarning: unclosed file <_io.TextIOWrapper name='/home/alexander/Schreibtisch/ofa-v2/campaign3_blind/runs/C3_27b_MCP_seed2702/work/residual_level2.csv' mode='r' encoding='UTF-8'>
  rows = [row for row in _csv.reader(r.open()) if row]
ResourceWarning: Enable tracemalloc to get the object allocation traceback
/home/alexander/Schreibtisch/ofa-v2/src/tools/workspace_advisor.py:80: ResourceWarning: unclosed file <_io.TextIOWrapper name='/home/alexander/Schreibtisch/ofa-v2/campaign3_blind/runs/C3_27b_MCP_seed2702/work/residual_level3.csv' mode='r' encoding='UTF-8'>
  rows = [row for row in _csv.reader(r.open()) if row]
ResourceWarning: Enable tracemalloc to get the object allocation traceback
/home/alexander/Schreibtisch/ofa-v2/src/tools/result_audit.py:419: ResourceWarning: unclosed file <_io.TextIOWrapper name='/home/alexander/Schreibtisch/ofa-v2/campaign3_blind/runs/C3_27b_MCP_seed2702/work/residual_level1.csv' mode='r' encoding='UTF-8'>
  body = tuple(r[-1].strip() for r in _csv.reader(q.open()) if r)
ResourceWarning: Enable tracemalloc to get the object allocation traceback
/home/alexander/Schreibtisch/ofa-v2/src/tools/result_audit.py:419: ResourceWarning: unclosed file <_io.TextIOWrapper name='/home/alexander/Schreibtisch/ofa-v2/campaign3_blind/runs/C3_27b_MCP_seed2702/work/residual_level2.csv' mode='r' encoding='UTF-8'>
  body = tuple(r[-1].strip() for r in _csv.reader(q.open()) if r)
ResourceWarning: Enable tracemalloc to get the object allocation traceback
/home/alexander/Schreibtisch/ofa-v2/src/tools/result_audit.py:419: ResourceWarning: unclosed file <_io.TextIOWrapper name='/home/alexander/Schreibtisch/ofa-v2/campaign3_blind/runs/C3_27b_MCP_seed2702/work/residual_level3.csv' mode='r' encoding='UTF-8'>
  body = tuple(r[-1].strip() for r in _csv.reader(q.open()) if r)
ResourceWarning: Enable tracemalloc to get the object allocation traceback
/home/alexander/Schreibtisch/ofa-v2/src/tools/result_audit.py:534: ResourceWarning: unclosed file <_io.TextIOWrapper name='/home/alexander/Schreibtisch/ofa-v2/campaign3_blind/runs/C3_27b_MCP_seed2702/work/solution_level1_A.csv' mode='r' encoding='UTF-8'>
  rows = sum(1 for _ in open(sol0[0], errors="ignore")) - 1
ResourceWarning: Enable tracemalloc to get the object allocation traceback
/home/alexander/Schreibtisch/ofa-v2/src/tools/result_audit.py:1341: ResourceWarning: unclosed file <_io.TextIOWrapper name='/home/alexander/Schreibtisch/ofa-v2/campaign3_blind/runs/C3_27b_MCP_seed2702/work/solution_level1_A.csv' mode='r' encoding='UTF-8'>
  rows = [r for r in _csv.reader(f.open())
ResourceWarning: Enable tracemalloc to get the object allocation traceback
/home/alexander/Schreibtisch/ofa-v2/src/tools/result_audit.py:1341: ResourceWarning: unclosed file <_io.TextIOWrapper name='/home/alexander/Schreibtisch/ofa-v2/campaign3_blind/runs/C3_27b_MCP_seed2702/work/solution_level2_A.csv' mode='r' encoding='UTF-8'>
  rows = [r for r in _csv.reader(f.open())
ResourceWarning: Enable tracemalloc to get the object allocation traceback
/home/alexander/Schreibtisch/ofa-v2/src/tools/result_audit.py:1341: ResourceWarning: unclosed file <_io.TextIOWrapper name='/home/alexander/Schreibtisch/ofa-v2/campaign3_blind/runs/C3_27b_MCP_seed2702/work/solution_level3_A.csv' mode='r' encoding='UTF-8'>
  rows = [r for r in _csv.reader(f.open())
ResourceWarning: Enable tracemalloc to get the object allocation traceback
/home/alexander/Schreibtisch/ofa-v2/src/tools/result_audit.py:534: ResourceWarning: unclosed file <_io.TextIOWrapper name='/home/alexander/Schreibtisch/ofa-v2/campaign3_blind/runs/C3_27b_MCP_seed2702/work/solution_level1_A.csv' mode='r' encoding='UTF-8'>
  rows = sum(1 for _ in open(sol0[0], errors="ignore")) - 1
ResourceWarning: Enable tracemalloc to get the object allocation traceback
/home/alexander/Schreibtisch/ofa-v2/src/tools/result_audit.py:1341: ResourceWarning: unclosed file <_io.TextIOWrapper name='/home/alexander/Schreibtisch/ofa-v2/campaign3_blind/runs/C3_27b_MCP_seed2702/work/solution_level1_A.csv' mode='r' encoding='UTF-8'>
  rows = [r for r in _csv.reader(f.open())
ResourceWarning: Enable tracemalloc to get the object allocation traceback
/home/alexander/Schreibtisch/ofa-v2/src/tools/result_audit.py:1341: ResourceWarning: unclosed file <_io.TextIOWrapper name='/home/alexander/Schreibtisch/ofa-v2/campaign3_blind/runs/C3_27b_MCP_seed2702/work/solution_level2_A.csv' mode='r' encoding='UTF-8'>
  rows = [r for r in _csv.reader(f.open())
ResourceWarning: Enable tracemalloc to get the object allocation traceback
/home/alexander/Schreibtisch/ofa-v2/src/tools/result_audit.py:1341: ResourceWarning: unclosed file <_io.TextIOWrapper name='/home/alexander/Schreibtisch/ofa-v2/campaign3_blind/runs/C3_27b_MCP_seed2702/work/solution_level3_A.csv' mode='r' encoding='UTF-8'>
  rows = [r for r in _csv.reader(f.open())
ResourceWarning: Enable tracemalloc to get the object allocation traceback
/home/alexander/Schreibtisch/ofa-v2/src/tools/result_audit.py:419: ResourceWarning: unclosed file <_io.TextIOWrapper name='/home/alexander/Schreibtisch/ofa-v2/campaign3_blind/runs/C3_27b_MCP_seed2702/work/residual_level1.csv' mode='r' encoding='UTF-8'>
  body = tuple(r[-1].strip() for r in _csv.reader(q.open()) if r)
ResourceWarning: Enable tracemalloc to get the object allocation traceback
/home/alexander/Schreibtisch/ofa-v2/src/tools/result_audit.py:419: ResourceWarning: unclosed file <_io.TextIOWrapper name='/home/alexander/Schreibtisch/ofa-v2/campaign3_blind/runs/C3_27b_MCP_seed2702/work/residual_level2.csv' mode='r' encoding='UTF-8'>
  body = tuple(r[-1].strip() for r in _csv.reader(q.open()) if r)
ResourceWarning: Enable tracemalloc to get the object allocation traceback
/home/alexander/Schreibtisch/ofa-v2/src/tools/result_audit.py:419: ResourceWarning: unclosed file <_io.TextIOWrapper name='/home/alexander/Schreibtisch/ofa-v2/campaign3_blind/runs/C3_27b_MCP_seed2702/work/residual_level3.csv' mode='r' encoding='UTF-8'>
  body = tuple(r[-1].strip() for r in _csv.reader(q.open()) if r)
ResourceWarning: Enable tracemalloc to get the object allocation traceback
/home/alexander/Schreibtisch/ofa-v2/src/tools/result_audit.py:1341: ResourceWarning: unclosed file <_io.TextIOWrapper name='/home/alexander/Schreibtisch/ofa-v2/campaign3_blind/runs/C3_27b_MCP_seed2702/work/solution_level1_A.csv' mode='r' encoding='UTF-8'>
  rows = [r for r in _csv.reader(f.open())
ResourceWarning: Enable tracemalloc to get the object allocation traceback
/home/alexander/Schreibtisch/ofa-v2/src/tools/result_audit.py:1341: ResourceWarning: unclosed file <_io.TextIOWrapper name='/home/alexander/Schreibtisch/ofa-v2/campaign3_blind/runs/C3_27b_MCP_seed2702/work/solution_level1_B.csv' mode='r' encoding='UTF-8'>
  rows = [r for r in _csv.reader(f.open())
ResourceWarning: Enable tracemalloc to get the object allocation traceback
/home/alexander/Schreibtisch/ofa-v2/src/tools/result_audit.py:1341: ResourceWarning: unclosed file <_io.TextIOWrapper name='/home/alexander/Schreibtisch/ofa-v2/campaign3_blind/runs/C3_27b_MCP_seed2702/work/solution_level2_A.csv' mode='r' encoding='UTF-8'>
  rows = [r for r in _csv.reader(f.open())
ResourceWarning: Enable tracemalloc to get the object allocation traceback
/home/alexander/Schreibtisch/ofa-v2/src/tools/result_audit.py:1341: ResourceWarning: unclosed file <_io.TextIOWrapper name='/home/alexander/Schreibtisch/ofa-v2/campaign3_blind/runs/C3_27b_MCP_seed2702/work/solution_level2_B.csv' mode='r' encoding='UTF-8'>
  rows = [r for r in _csv.reader(f.open())
ResourceWarning: Enable tracemalloc to get the object allocation traceback
/home/alexander/Schreibtisch/ofa-v2/src/tools/result_audit.py:1341: ResourceWarning: unclosed file <_io.TextIOWrapper name='/home/alexander/Schreibtisch/ofa-v2/campaign3_blind/runs/C3_27b_MCP_seed2702/work/solution_level3_A.csv' mode='r' encoding='UTF-8'>
  rows = [r for r in _csv.reader(f.open())
ResourceWarning: Enable tracemalloc to get the object allocation traceback
/home/alexander/Schreibtisch/ofa-v2/src/tools/result_audit.py:1341: ResourceWarning: unclosed file <_io.TextIOWrapper name='/home/alexander/Schreibtisch/ofa-v2/campaign3_blind/runs/C3_27b_MCP_seed2702/work/solution_level3_B.csv' mode='r' encoding='UTF-8'>
  rows = [r for r in _csv.reader(f.open())
ResourceWarning: Enable tracemalloc to get the object allocation traceback
/home/alexander/Schreibtisch/ofa-v2/src/tools/result_audit.py:419: ResourceWarning: unclosed file <_io.TextIOWrapper name='/home/alexander/Schreibtisch/ofa-v2/campaign3_blind/runs/C3_27b_MCP_seed2702/work/residual_level1.csv' mode='r' encoding='UTF-8'>
  body = tuple(r[-1].strip() for r in _csv.reader(q.open()) if r)
ResourceWarning: Enable tracemalloc to get the object allocation traceback
/home/alexander/Schreibtisch/ofa-v2/src/tools/result_audit.py:419: ResourceWarning: unclosed file <_io.TextIOWrapper name='/home/alexander/Schreibtisch/ofa-v2/campaign3_blind/runs/C3_27b_MCP_seed2702/work/residual_level2.csv' mode='r' encoding='UTF-8'>
  body = tuple(r[-1].strip() for r in _csv.reader(q.open()) if r)
ResourceWarning: Enable tracemalloc to get the object allocation traceback
/home/alexander/Schreibtisch/ofa-v2/src/tools/result_audit.py:419: ResourceWarning: unclosed file <_io.TextIOWrapper name='/home/alexander/Schreibtisch/ofa-v2/campaign3_blind/runs/C3_27b_MCP_seed2702/work/residual_level3.csv' mode='r' encoding='UTF-8'>
  body = tuple(r[-1].strip() for r in _csv.reader(q.open()) if r)
ResourceWarning: Enable tracemalloc to get the object allocation traceback
/home/alexander/Schreibtisch/ofa-v2/src/tools/result_audit.py:534: ResourceWarning: unclosed file <_io.TextIOWrapper name='/home/alexander/Schreibtisch/ofa-v2/campaign3_blind/runs/C3_27b_MCP_seed2702/work/solution_level1_A.csv' mode='r' encoding='UTF-8'>
  rows = sum(1 for _ in open(sol0[0], errors="ignore")) - 1
ResourceWarning: Enable tracemalloc to get the object allocation traceback
/home/alexander/Schreibtisch/ofa-v2/src/tools/result_audit.py:1341: ResourceWarning: unclosed file <_io.TextIOWrapper name='/home/alexander/Schreibtisch/ofa-v2/campaign3_blind/runs/C3_27b_MCP_seed2702/work/solution_level1_A.csv' mode='r' encoding='UTF-8'>
  rows = [r for r in _csv.reader(f.open())
ResourceWarning: Enable tracemalloc to get the object allocation traceback
/home/alexander/Schreibtisch/ofa-v2/src/tools/result_audit.py:1341: ResourceWarning: unclosed file <_io.TextIOWrapper name='/home/alexander/Schreibtisch/ofa-v2/campaign3_blind/runs/C3_27b_MCP_seed2702/work/solution_level1_B.csv' mode='r' encoding='UTF-8'>
  rows = [r for r in _csv.reader(f.open())
ResourceWarning: Enable tracemalloc to get the object allocation traceback
/home/alexander/Schreibtisch/ofa-v2/src/tools/result_audit.py:1341: ResourceWarning: unclosed file <_io.TextIOWrapper name='/home/alexander/Schreibtisch/ofa-v2/campaign3_blind/runs/C3_27b_MCP_seed2702/work/solution_level2_A.csv' mode='r' encoding='UTF-8'>
  rows = [r for r in _csv.reader(f.open())
ResourceWarning: Enable tracemalloc to get the object allocation traceback
/home/alexander/Schreibtisch/ofa-v2/src/tools/result_audit.py:1341: ResourceWarning: unclosed file <_io.TextIOWrapper name='/home/alexander/Schreibtisch/ofa-v2/campaign3_blind/runs/C3_27b_MCP_seed2702/work/solution_level2_B.csv' mode='r' encoding='UTF-8'>
  rows = [r for r in _csv.reader(f.open())
ResourceWarning: Enable tracemalloc to get the object allocation traceback
/home/alexander/Schreibtisch/ofa-v2/src/tools/result_audit.py:1341: ResourceWarning: unclosed file <_io.TextIOWrapper name='/home/alexander/Schreibtisch/ofa-v2/campaign3_blind/runs/C3_27b_MCP_seed2702/work/solution_level3_A.csv' mode='r' encoding='UTF-8'>
  rows = [r for r in _csv.reader(f.open())
ResourceWarning: Enable tracemalloc to get the object allocation traceback
/home/alexander/Schreibtisch/ofa-v2/src/tools/result_audit.py:1341: ResourceWarning: unclosed file <_io.TextIOWrapper name='/home/alexander/Schreibtisch/ofa-v2/campaign3_blind/runs/C3_27b_MCP_seed2702/work/solution_level3_B.csv' mode='r' encoding='UTF-8'>
  rows = [r for r in _csv.reader(f.open())
ResourceWarning: Enable tracemalloc to get the object allocation traceback
/home/alexander/Schreibtisch/ofa-v2/src/tools/workspace_advisor.py:80: ResourceWarning: unclosed file <_io.TextIOWrapper name='/home/alexander/Schreibtisch/ofa-v2/campaign3_blind/runs/C3_27b_MCP_seed2702/work/residual_level1.csv' mode='r' encoding='UTF-8'>
  rows = [row for row in _csv.reader(r.open()) if row]
ResourceWarning: Enable tracemalloc to get the object allocation traceback
/home/alexander/Schreibtisch/ofa-v2/src/tools/workspace_advisor.py:80: ResourceWarning: unclosed file <_io.TextIOWrapper name='/home/alexander/Schreibtisch/ofa-v2/campaign3_blind/runs/C3_27b_MCP_seed2702/work/residual_level2.csv' mode='r' encoding='UTF-8'>
  rows = [row for row in _csv.reader(r.open()) if row]
ResourceWarning: Enable tracemalloc to get the object allocation traceback
/home/alexander/Schreibtisch/ofa-v2/src/tools/workspace_advisor.py:80: ResourceWarning: unclosed file <_io.TextIOWrapper name='/home/alexander/Schreibtisch/ofa-v2/campaign3_blind/runs/C3_27b_MCP_seed2702/work/residual_level3.csv' mode='r' encoding='UTF-8'>
  rows = [row for row in _csv.reader(r.open()) if row]
ResourceWarning: Enable tracemalloc to get the object allocation traceback
/home/alexander/Schreibtisch/ofa-v2/src/tools/result_audit.py:419: ResourceWarning: unclosed file <_io.TextIOWrapper name='/home/alexander/Schreibtisch/ofa-v2/campaign3_blind/runs/C3_27b_MCP_seed2702/work/residual_level1.csv' mode='r' encoding='UTF-8'>
  body = tuple(r[-1].strip() for r in _csv.reader(q.open()) if r)
ResourceWarning: Enable tracemalloc to get the object allocation traceback
/home/alexander/Schreibtisch/ofa-v2/src/tools/result_audit.py:419: ResourceWarning: unclosed file <_io.TextIOWrapper name='/home/alexander/Schreibtisch/ofa-v2/campaign3_blind/runs/C3_27b_MCP_seed2702/work/residual_level2.csv' mode='r' encoding='UTF-8'>
  body = tuple(r[-1].strip() for r in _csv.reader(q.open()) if r)
ResourceWarning: Enable tracemalloc to get the object allocation traceback
/home/alexander/Schreibtisch/ofa-v2/src/tools/result_audit.py:419: ResourceWarning: unclosed file <_io.TextIOWrapper name='/home/alexander/Schreibtisch/ofa-v2/campaign3_blind/runs/C3_27b_MCP_seed2702/work/residual_level3.csv' mode='r' encoding='UTF-8'>
  body = tuple(r[-1].strip() for r in _csv.reader(q.open()) if r)
ResourceWarning: Enable tracemalloc to get the object allocation traceback
/home/alexander/Schreibtisch/ofa-v2/src/tools/result_audit.py:534: ResourceWarning: unclosed file <_io.TextIOWrapper name='/home/alexander/Schreibtisch/ofa-v2/campaign3_blind/runs/C3_27b_MCP_seed2702/work/solution_level1_A.csv' mode='r' encoding='UTF-8'>
  rows = sum(1 for _ in open(sol0[0], errors="ignore")) - 1
ResourceWarning: Enable tracemalloc to get the object allocation traceback
/home/alexander/Schreibtisch/ofa-v2/src/tools/result_audit.py:1341: ResourceWarning: unclosed file <_io.TextIOWrapper name='/home/alexander/Schreibtisch/ofa-v2/campaign3_blind/runs/C3_27b_MCP_seed2702/work/solution_level1_A.csv' mode='r' encoding='UTF-8'>
  rows = [r for r in _csv.reader(f.open())
ResourceWarning: Enable tracemalloc to get the object allocation traceback
/home/alexander/Schreibtisch/ofa-v2/src/tools/result_audit.py:1341: ResourceWarning: unclosed file <_io.TextIOWrapper name='/home/alexander/Schreibtisch/ofa-v2/campaign3_blind/runs/C3_27b_MCP_seed2702/work/solution_level1_B.csv' mode='r' encoding='UTF-8'>
  rows = [r for r in _csv.reader(f.open())
ResourceWarning: Enable tracemalloc to get the object allocation traceback
/home/alexander/Schreibtisch/ofa-v2/src/tools/result_audit.py:1341: ResourceWarning: unclosed file <_io.TextIOWrapper name='/home/alexander/Schreibtisch/ofa-v2/campaign3_blind/runs/C3_27b_MCP_seed2702/work/solution_level2_A.csv' mode='r' encoding='UTF-8'>
  rows = [r for r in _csv.reader(f.open())
ResourceWarning: Enable tracemalloc to get the object allocation traceback
/home/alexander/Schreibtisch/ofa-v2/src/tools/result_audit.py:1341: ResourceWarning: unclosed file <_io.TextIOWrapper name='/home/alexander/Schreibtisch/ofa-v2/campaign3_blind/runs/C3_27b_MCP_seed2702/work/solution_level2_B.csv' mode='r' encoding='UTF-8'>
  rows = [r for r in _csv.reader(f.open())
ResourceWarning: Enable tracemalloc to get the object allocation traceback
/home/alexander/Schreibtisch/ofa-v2/src/tools/result_audit.py:1341: ResourceWarning: unclosed file <_io.TextIOWrapper name='/home/alexander/Schreibtisch/ofa-v2/campaign3_blind/runs/C3_27b_MCP_seed2702/work/solution_level3_A.csv' mode='r' encoding='UTF-8'>
  rows = [r for r in _csv.reader(f.open())
ResourceWarning: Enable tracemalloc to get the object allocation traceback
/home/alexander/Schreibtisch/ofa-v2/src/tools/result_audit.py:1341: ResourceWarning: unclosed file <_io.TextIOWrapper name='/home/alexander/Schreibtisch/ofa-v2/campaign3_blind/runs/C3_27b_MCP_seed2702/work/solution_level3_B.csv' mode='r' encoding='UTF-8'>
  rows = [r for r in _csv.reader(f.open())
ResourceWarning: Enable tracemalloc to get the object allocation traceback
/home/alexander/Schreibtisch/ofa-v2/src/tools/result_audit.py:419: ResourceWarning: unclosed file <_io.TextIOWrapper name='/home/alexander/Schreibtisch/ofa-v2/campaign3_blind/runs/C3_27b_MCP_seed2702/work/residual_level1.csv' mode='r' encoding='UTF-8'>
  body = tuple(r[-1].strip() for r in _csv.reader(q.open()) if r)
ResourceWarning: Enable tracemalloc to get the object allocation traceback
/home/alexander/Schreibtisch/ofa-v2/src/tools/result_audit.py:419: ResourceWarning: unclosed file <_io.TextIOWrapper name='/home/alexander/Schreibtisch/ofa-v2/campaign3_blind/runs/C3_27b_MCP_seed2702/work/residual_level2.csv' mode='r' encoding='UTF-8'>
  body = tuple(r[-1].strip() for r in _csv.reader(q.open()) if r)
ResourceWarning: Enable tracemalloc to get the object allocation traceback
/home/alexander/Schreibtisch/ofa-v2/src/tools/result_audit.py:419: ResourceWarning: unclosed file <_io.TextIOWrapper name='/home/alexander/Schreibtisch/ofa-v2/campaign3_blind/runs/C3_27b_MCP_seed2702/work/residual_level3.csv' mode='r' encoding='UTF-8'>
  body = tuple(r[-1].strip() for r in _csv.reader(q.open()) if r)
ResourceWarning: Enable tracemalloc to get the object allocation traceback
/home/alexander/Schreibtisch/ofa-v2/src/tools/result_audit.py:534: ResourceWarning: unclosed file <_io.TextIOWrapper name='/home/alexander/Schreibtisch/ofa-v2/campaign3_blind/runs/C3_27b_MCP_seed2702/work/solution_level1_A.csv' mode='r' encoding='UTF-8'>
  rows = sum(1 for _ in open(sol0[0], errors="ignore")) - 1
ResourceWarning: Enable tracemalloc to get the object allocation traceback
/home/alexander/Schreibtisch/ofa-v2/src/tools/result_audit.py:1341: ResourceWarning: unclosed file <_io.TextIOWrapper name='/home/alexander/Schreibtisch/ofa-v2/campaign3_blind/runs/C3_27b_MCP_seed2702/work/solution_level1_A.csv' mode='r' encoding='UTF-8'>
  rows = [r for r in _csv.reader(f.open())
ResourceWarning: Enable tracemalloc to get the object allocation traceback
/home/alexander/Schreibtisch/ofa-v2/src/tools/result_audit.py:1341: ResourceWarning: unclosed file <_io.TextIOWrapper name='/home/alexander/Schreibtisch/ofa-v2/campaign3_blind/runs/C3_27b_MCP_seed2702/work/solution_level1_B.csv' mode='r' encoding='UTF-8'>
  rows = [r for r in _csv.reader(f.open())
ResourceWarning: Enable tracemalloc to get the object allocation traceback
/home/alexander/Schreibtisch/ofa-v2/src/tools/result_audit.py:1341: ResourceWarning: unclosed file <_io.TextIOWrapper name='/home/alexander/Schreibtisch/ofa-v2/campaign3_blind/runs/C3_27b_MCP_seed2702/work/solution_level2_A.csv' mode='r' encoding='UTF-8'>
  rows = [r for r in _csv.reader(f.open())
ResourceWarning: Enable tracemalloc to get the object allocation traceback
/home/alexander/Schreibtisch/ofa-v2/src/tools/result_audit.py:1341: ResourceWarning: unclosed file <_io.TextIOWrapper name='/home/alexander/Schreibtisch/ofa-v2/campaign3_blind/runs/C3_27b_MCP_seed2702/work/solution_level2_B.csv' mode='r' encoding='UTF-8'>
  rows = [r for r in _csv.reader(f.open())
ResourceWarning: Enable tracemalloc to get the object allocation traceback
/home/alexander/Schreibtisch/ofa-v2/src/tools/result_audit.py:1341: ResourceWarning: unclosed file <_io.TextIOWrapper name='/home/alexander/Schreibtisch/ofa-v2/campaign3_blind/runs/C3_27b_MCP_seed2702/work/solution_level3_A.csv' mode='r' encoding='UTF-8'>
  rows = [r for r in _csv.reader(f.open())
ResourceWarning: Enable tracemalloc to get the object allocation traceback
/home/alexander/Schreibtisch/ofa-v2/src/tools/result_audit.py:1341: ResourceWarning: unclosed file <_io.TextIOWrapper name='/home/alexander/Schreibtisch/ofa-v2/campaign3_blind/runs/C3_27b_MCP_seed2702/work/solution_level3_B.csv' mode='r' encoding='UTF-8'>
  rows = [r for r in _csv.reader(f.open())
ResourceWarning: Enable tracemalloc to get the object allocation traceback
2026-09-03 18:01:52,957 [oasis] INFO: Session journal saved: /tmp/oasis-source/data/sessions/session_d3a49352-c539-4202-a1b5-06597b9a52fd.json (6 events)
[preflight] custody controls verified for 1 problem(s); keys sealed and unreadable by execution
[phase: development] results are for post-mortems and convergence checking, NOT for the paper's evaluation table.
[DUNE cache] sha256=dc2d5b8ff2ebf98e... (neutral, private copy per cell)
[C3 27b MCP s2702] done  calls=46 tok=3867747/50408 1543.2s
/home/alexander/.local/share/python/cpython-3.12.13-linux-x86_64-gnu/lib/python3.12/asyncio/selector_events.py:879: ResourceWarning: unclosed transport <_SelectorSocketTransport fd=9>
<<< C3 seed 2702 done 2026-09-03 18:01:53
/home/alexander/Schreibtisch/ofa-v2/src/tools/workspace_advisor.py:80: ResourceWarning: unclosed file <_io.TextIOWrapper name='/home/alexander/Schreibtisch/ofa-v2/campaign3_blind/runs/C3_27b_MCP_seed2703/work/coupled_simulation/residual_level1.csv' mode='r' encoding='UTF-8'>
  rows = [row for row in _csv.reader(r.open()) if row]
ResourceWarning: Enable tracemalloc to get the object allocation traceback
/home/alexander/Schreibtisch/ofa-v2/src/tools/workspace_advisor.py:80: ResourceWarning: unclosed file <_io.TextIOWrapper name='/home/alexander/Schreibtisch/ofa-v2/campaign3_blind/runs/C3_27b_MCP_seed2703/work/coupled_simulation/residual_level2.csv' mode='r' encoding='UTF-8'>
  rows = [row for row in _csv.reader(r.open()) if row]
ResourceWarning: Enable tracemalloc to get the object allocation traceback
/home/alexander/Schreibtisch/ofa-v2/src/tools/workspace_advisor.py:80: ResourceWarning: unclosed file <_io.TextIOWrapper name='/home/alexander/Schreibtisch/ofa-v2/campaign3_blind/runs/C3_27b_MCP_seed2703/work/coupled_simulation/residual_level3.csv' mode='r' encoding='UTF-8'>
  rows = [row for row in _csv.reader(r.open()) if row]
ResourceWarning: Enable tracemalloc to get the object allocation traceback
/home/alexander/Schreibtisch/ofa-v2/src/tools/result_audit.py:419: ResourceWarning: unclosed file <_io.TextIOWrapper name='/home/alexander/Schreibtisch/ofa-v2/campaign3_blind/runs/C3_27b_MCP_seed2703/work/coupled_simulation/residual_level1.csv' mode='r' encoding='UTF-8'>
  body = tuple(r[-1].strip() for r in _csv.reader(q.open()) if r)
ResourceWarning: Enable tracemalloc to get the object allocation traceback
/home/alexander/Schreibtisch/ofa-v2/src/tools/result_audit.py:419: ResourceWarning: unclosed file <_io.TextIOWrapper name='/home/alexander/Schreibtisch/ofa-v2/campaign3_blind/runs/C3_27b_MCP_seed2703/work/coupled_simulation/residual_level2.csv' mode='r' encoding='UTF-8'>
  body = tuple(r[-1].strip() for r in _csv.reader(q.open()) if r)
ResourceWarning: Enable tracemalloc to get the object allocation traceback
/home/alexander/Schreibtisch/ofa-v2/src/tools/result_audit.py:419: ResourceWarning: unclosed file <_io.TextIOWrapper name='/home/alexander/Schreibtisch/ofa-v2/campaign3_blind/runs/C3_27b_MCP_seed2703/work/coupled_simulation/residual_level3.csv' mode='r' encoding='UTF-8'>
  body = tuple(r[-1].strip() for r in _csv.reader(q.open()) if r)
ResourceWarning: Enable tracemalloc to get the object allocation traceback
/home/alexander/Schreibtisch/ofa-v2/src/tools/workspace_advisor.py:80: ResourceWarning: unclosed file <_io.TextIOWrapper name='/home/alexander/Schreibtisch/ofa-v2/campaign3_blind/runs/C3_27b_MCP_seed2703/work/coupled_simulation/residual_level1.csv' mode='r' encoding='UTF-8'>
  rows = [row for row in _csv.reader(r.open()) if row]
ResourceWarning: Enable tracemalloc to get the object allocation traceback
/home/alexander/Schreibtisch/ofa-v2/src/tools/workspace_advisor.py:80: ResourceWarning: unclosed file <_io.TextIOWrapper name='/home/alexander/Schreibtisch/ofa-v2/campaign3_blind/runs/C3_27b_MCP_seed2703/work/coupled_simulation/residual_level2.csv' mode='r' encoding='UTF-8'>
  rows = [row for row in _csv.reader(r.open()) if row]
ResourceWarning: Enable tracemalloc to get the object allocation traceback
/home/alexander/Schreibtisch/ofa-v2/src/tools/workspace_advisor.py:80: ResourceWarning: unclosed file <_io.TextIOWrapper name='/home/alexander/Schreibtisch/ofa-v2/campaign3_blind/runs/C3_27b_MCP_seed2703/work/coupled_simulation/residual_level3.csv' mode='r' encoding='UTF-8'>
  rows = [row for row in _csv.reader(r.open()) if row]
ResourceWarning: Enable tracemalloc to get the object allocation traceback
/home/alexander/Schreibtisch/ofa-v2/src/tools/result_audit.py:419: ResourceWarning: unclosed file <_io.TextIOWrapper name='/home/alexander/Schreibtisch/ofa-v2/campaign3_blind/runs/C3_27b_MCP_seed2703/work/coupled_simulation/residual_level1.csv' mode='r' encoding='UTF-8'>
  body = tuple(r[-1].strip() for r in _csv.reader(q.open()) if r)
ResourceWarning: Enable tracemalloc to get the object allocation traceback
/home/alexander/Schreibtisch/ofa-v2/src/tools/result_audit.py:419: ResourceWarning: unclosed file <_io.TextIOWrapper name='/home/alexander/Schreibtisch/ofa-v2/campaign3_blind/runs/C3_27b_MCP_seed2703/work/coupled_simulation/residual_level2.csv' mode='r' encoding='UTF-8'>
  body = tuple(r[-1].strip() for r in _csv.reader(q.open()) if r)
ResourceWarning: Enable tracemalloc to get the object allocation traceback
/home/alexander/Schreibtisch/ofa-v2/src/tools/result_audit.py:419: ResourceWarning: unclosed file <_io.TextIOWrapper name='/home/alexander/Schreibtisch/ofa-v2/campaign3_blind/runs/C3_27b_MCP_seed2703/work/coupled_simulation/residual_level3.csv' mode='r' encoding='UTF-8'>
  body = tuple(r[-1].strip() for r in _csv.reader(q.open()) if r)
ResourceWarning: Enable tracemalloc to get the object allocation traceback
/home/alexander/Schreibtisch/open-fem-agent/.venv-lg/lib/python3.12/site-packages/langchain_core/tools/structured.py:97: ResourceWarning: unclosed file <_io.TextIOWrapper name=19 encoding='UTF-8'>
  return self.func(*args, **kwargs)
ResourceWarning: Enable tracemalloc to get the object allocation traceback
/home/alexander/Schreibtisch/open-fem-agent/.venv-lg/lib/python3.12/site-packages/langchain_core/tools/structured.py:97: ResourceWarning: unclosed file <_io.TextIOWrapper name=21 encoding='UTF-8'>
  return self.func(*args, **kwargs)
ResourceWarning: Enable tracemalloc to get the object allocation traceback
/home/alexander/Schreibtisch/ofa-v2/src/tools/result_audit.py:419: ResourceWarning: unclosed file <_io.TextIOWrapper name='/home/alexander/Schreibtisch/ofa-v2/campaign3_blind/runs/C3_27b_MCP_seed2703/work/coupled_simulation/residual_level1.csv' mode='r' encoding='UTF-8'>
  body = tuple(r[-1].strip() for r in _csv.reader(q.open()) if r)
ResourceWarning: Enable tracemalloc to get the object allocation traceback
/home/alexander/Schreibtisch/ofa-v2/src/tools/result_audit.py:419: ResourceWarning: unclosed file <_io.TextIOWrapper name='/home/alexander/Schreibtisch/ofa-v2/campaign3_blind/runs/C3_27b_MCP_seed2703/work/coupled_simulation/residual_level2.csv' mode='r' encoding='UTF-8'>
  body = tuple(r[-1].strip() for r in _csv.reader(q.open()) if r)
ResourceWarning: Enable tracemalloc to get the object allocation traceback
/home/alexander/Schreibtisch/ofa-v2/src/tools/result_audit.py:419: ResourceWarning: unclosed file <_io.TextIOWrapper name='/home/alexander/Schreibtisch/ofa-v2/campaign3_blind/runs/C3_27b_MCP_seed2703/work/coupled_simulation/residual_level3.csv' mode='r' encoding='UTF-8'>
  body = tuple(r[-1].strip() for r in _csv.reader(q.open()) if r)
ResourceWarning: Enable tracemalloc to get the object allocation traceback
/home/alexander/Schreibtisch/ofa-v2/src/tools/workspace_advisor.py:80: ResourceWarning: unclosed file <_io.TextIOWrapper name='/home/alexander/Schreibtisch/ofa-v2/campaign3_blind/runs/C3_27b_MCP_seed2701/work/coupled_simulation/residual_level1.csv' mode='r' encoding='UTF-8'>
  rows = [row for row in _csv.reader(r.open()) if row]
ResourceWarning: Enable tracemalloc to get the object allocation traceback
/home/alexander/Schreibtisch/ofa-v2/src/tools/result_audit.py:419: ResourceWarning: unclosed file <_io.TextIOWrapper name='/home/alexander/Schreibtisch/ofa-v2/campaign3_blind/runs/C3_27b_MCP_seed2701/work/coupled_simulation/residual_level1.csv' mode='r' encoding='UTF-8'>
  body = tuple(r[-1].strip() for r in _csv.reader(q.open()) if r)
ResourceWarning: Enable tracemalloc to get the object allocation traceback
/home/alexander/Schreibtisch/ofa-v2/src/tools/result_audit.py:534: ResourceWarning: unclosed file <_io.TextIOWrapper name='/home/alexander/Schreibtisch/ofa-v2/campaign3_blind/runs/C3_27b_MCP_seed2701/work/coupled_simulation/solution_level1_A.csv' mode='r' encoding='UTF-8'>
  rows = sum(1 for _ in open(sol0[0], errors="ignore")) - 1
ResourceWarning: Enable tracemalloc to get the object allocation traceback
/home/alexander/Schreibtisch/ofa-v2/src/tools/result_audit.py:1341: ResourceWarning: unclosed file <_io.TextIOWrapper name='/home/alexander/Schreibtisch/ofa-v2/campaign3_blind/runs/C3_27b_MCP_seed2701/work/coupled_simulation/solution_level1_A.csv' mode='r' encoding='UTF-8'>
  rows = [r for r in _csv.reader(f.open())
ResourceWarning: Enable tracemalloc to get the object allocation traceback
/home/alexander/Schreibtisch/ofa-v2/src/tools/result_audit.py:1341: ResourceWarning: unclosed file <_io.TextIOWrapper name='/home/alexander/Schreibtisch/ofa-v2/campaign3_blind/runs/C3_27b_MCP_seed2701/work/coupled_simulation/solution_level1_B.csv' mode='r' encoding='UTF-8'>
  rows = [r for r in _csv.reader(f.open())
ResourceWarning: Enable tracemalloc to get the object allocation traceback
/home/alexander/Schreibtisch/ofa-v2/src/tools/result_audit.py:1341: ResourceWarning: unclosed file <_io.TextIOWrapper name='/home/alexander/Schreibtisch/ofa-v2/campaign3_blind/runs/C3_27b_MCP_seed2701/work/coupled_simulation/solution_level2_A.csv' mode='r' encoding='UTF-8'>
  rows = [r for r in _csv.reader(f.open())
ResourceWarning: Enable tracemalloc to get the object allocation traceback
/home/alexander/Schreibtisch/ofa-v2/src/tools/result_audit.py:1341: ResourceWarning: unclosed file <_io.TextIOWrapper name='/home/alexander/Schreibtisch/ofa-v2/campaign3_blind/runs/C3_27b_MCP_seed2701/work/coupled_simulation/solution_level2_B.csv' mode='r' encoding='UTF-8'>
  rows = [r for r in _csv.reader(f.open())
ResourceWarning: Enable tracemalloc to get the object allocation traceback
/home/alexander/Schreibtisch/ofa-v2/src/tools/workspace_advisor.py:80: ResourceWarning: unclosed file <_io.TextIOWrapper name='/home/alexander/Schreibtisch/ofa-v2/campaign3_blind/runs/C3_27b_MCP_seed2701/work/coupled_simulation/residual_level1.csv' mode='r' encoding='UTF-8'>
  rows = [row for row in _csv.reader(r.open()) if row]
ResourceWarning: Enable tracemalloc to get the object allocation traceback
/home/alexander/Schreibtisch/ofa-v2/src/tools/result_audit.py:419: ResourceWarning: unclosed file <_io.TextIOWrapper name='/home/alexander/Schreibtisch/ofa-v2/campaign3_blind/runs/C3_27b_MCP_seed2701/work/coupled_simulation/residual_level1.csv' mode='r' encoding='UTF-8'>
  body = tuple(r[-1].strip() for r in _csv.reader(q.open()) if r)
ResourceWarning: Enable tracemalloc to get the object allocation traceback
/home/alexander/Schreibtisch/ofa-v2/src/tools/result_audit.py:534: ResourceWarning: unclosed file <_io.TextIOWrapper name='/home/alexander/Schreibtisch/ofa-v2/campaign3_blind/runs/C3_27b_MCP_seed2701/work/coupled_simulation/solution_level1_A.csv' mode='r' encoding='UTF-8'>
  rows = sum(1 for _ in open(sol0[0], errors="ignore")) - 1
ResourceWarning: Enable tracemalloc to get the object allocation traceback
/home/alexander/Schreibtisch/ofa-v2/src/tools/result_audit.py:1341: ResourceWarning: unclosed file <_io.TextIOWrapper name='/home/alexander/Schreibtisch/ofa-v2/campaign3_blind/runs/C3_27b_MCP_seed2701/work/coupled_simulation/solution_level1_A.csv' mode='r' encoding='UTF-8'>
  rows = [r for r in _csv.reader(f.open())
ResourceWarning: Enable tracemalloc to get the object allocation traceback
/home/alexander/Schreibtisch/ofa-v2/src/tools/result_audit.py:1341: ResourceWarning: unclosed file <_io.TextIOWrapper name='/home/alexander/Schreibtisch/ofa-v2/campaign3_blind/runs/C3_27b_MCP_seed2701/work/coupled_simulation/solution_level1_B.csv' mode='r' encoding='UTF-8'>
  rows = [r for r in _csv.reader(f.open())
ResourceWarning: Enable tracemalloc to get the object allocation traceback
/home/alexander/Schreibtisch/ofa-v2/src/tools/result_audit.py:1341: ResourceWarning: unclosed file <_io.TextIOWrapper name='/home/alexander/Schreibtisch/ofa-v2/campaign3_blind/runs/C3_27b_MCP_seed2701/work/coupled_simulation/solution_level2_A.csv' mode='r' encoding='UTF-8'>
  rows = [r for r in _csv.reader(f.open())
ResourceWarning: Enable tracemalloc to get the object allocation traceback
/home/alexander/Schreibtisch/ofa-v2/src/tools/result_audit.py:1341: ResourceWarning: unclosed file <_io.TextIOWrapper name='/home/alexander/Schreibtisch/ofa-v2/campaign3_blind/runs/C3_27b_MCP_seed2701/work/coupled_simulation/solution_level2_B.csv' mode='r' encoding='UTF-8'>
  rows = [r for r in _csv.reader(f.open())
ResourceWarning: Enable tracemalloc to get the object allocation traceback
/home/alexander/Schreibtisch/ofa-v2/src/tools/workspace_advisor.py:80: ResourceWarning: unclosed file <_io.TextIOWrapper name='/home/alexander/Schreibtisch/ofa-v2/campaign3_blind/runs/C3_27b_MCP_seed2701/work/coupled_simulation/residual_level1.csv' mode='r' encoding='UTF-8'>
  rows = [row for row in _csv.reader(r.open()) if row]
ResourceWarning: Enable tracemalloc to get the object allocation traceback
/home/alexander/Schreibtisch/ofa-v2/src/tools/result_audit.py:419: ResourceWarning: unclosed file <_io.TextIOWrapper name='/home/alexander/Schreibtisch/ofa-v2/campaign3_blind/runs/C3_27b_MCP_seed2701/work/coupled_simulation/residual_level1.csv' mode='r' encoding='UTF-8'>
  body = tuple(r[-1].strip() for r in _csv.reader(q.open()) if r)
ResourceWarning: Enable tracemalloc to get the object allocation traceback
/home/alexander/Schreibtisch/ofa-v2/src/tools/result_audit.py:534: ResourceWarning: unclosed file <_io.TextIOWrapper name='/home/alexander/Schreibtisch/ofa-v2/campaign3_blind/runs/C3_27b_MCP_seed2701/work/coupled_simulation/solution_level1_A.csv' mode='r' encoding='UTF-8'>
  rows = sum(1 for _ in open(sol0[0], errors="ignore")) - 1
ResourceWarning: Enable tracemalloc to get the object allocation traceback
/home/alexander/Schreibtisch/ofa-v2/src/tools/result_audit.py:1341: ResourceWarning: unclosed file <_io.TextIOWrapper name='/home/alexander/Schreibtisch/ofa-v2/campaign3_blind/runs/C3_27b_MCP_seed2701/work/coupled_simulation/solution_level1_A.csv' mode='r' encoding='UTF-8'>
  rows = [r for r in _csv.reader(f.open())
ResourceWarning: Enable tracemalloc to get the object allocation traceback
/home/alexander/Schreibtisch/ofa-v2/src/tools/result_audit.py:1341: ResourceWarning: unclosed file <_io.TextIOWrapper name='/home/alexander/Schreibtisch/ofa-v2/campaign3_blind/runs/C3_27b_MCP_seed2701/work/coupled_simulation/solution_level1_B.csv' mode='r' encoding='UTF-8'>
  rows = [r for r in _csv.reader(f.open())
ResourceWarning: Enable tracemalloc to get the object allocation traceback
/home/alexander/Schreibtisch/ofa-v2/src/tools/result_audit.py:1341: ResourceWarning: unclosed file <_io.TextIOWrapper name='/home/alexander/Schreibtisch/ofa-v2/campaign3_blind/runs/C3_27b_MCP_seed2701/work/coupled_simulation/solution_level2_A.csv' mode='r' encoding='UTF-8'>
  rows = [r for r in _csv.reader(f.open())
ResourceWarning: Enable tracemalloc to get the object allocation traceback
/home/alexander/Schreibtisch/ofa-v2/src/tools/result_audit.py:1341: ResourceWarning: unclosed file <_io.TextIOWrapper name='/home/alexander/Schreibtisch/ofa-v2/campaign3_blind/runs/C3_27b_MCP_seed2701/work/coupled_simulation/solution_level2_B.csv' mode='r' encoding='UTF-8'>
  rows = [r for r in _csv.reader(f.open())
ResourceWarning: Enable tracemalloc to get the object allocation traceback
/home/alexander/Schreibtisch/ofa-v2/src/tools/result_audit.py:1341: ResourceWarning: unclosed file <_io.TextIOWrapper name='/home/alexander/Schreibtisch/ofa-v2/campaign3_blind/runs/C3_27b_MCP_seed2703/work/coupled_simulation/solution_level1_A.csv' mode='r' encoding='UTF-8'>
  rows = [r for r in _csv.reader(f.open())
ResourceWarning: Enable tracemalloc to get the object allocation traceback
/home/alexander/Schreibtisch/ofa-v2/src/tools/result_audit.py:1341: ResourceWarning: unclosed file <_io.TextIOWrapper name='/home/alexander/Schreibtisch/ofa-v2/campaign3_blind/runs/C3_27b_MCP_seed2703/work/coupled_simulation/solution_level1_B.csv' mode='r' encoding='UTF-8'>
  rows = [r for r in _csv.reader(f.open())
ResourceWarning: Enable tracemalloc to get the object allocation traceback
/home/alexander/Schreibtisch/ofa-v2/src/tools/result_audit.py:1341: ResourceWarning: unclosed file <_io.TextIOWrapper name='/home/alexander/Schreibtisch/ofa-v2/campaign3_blind/runs/C3_27b_MCP_seed2703/work/coupled_simulation/solution_level2_A.csv' mode='r' encoding='UTF-8'>
  rows = [r for r in _csv.reader(f.open())
ResourceWarning: Enable tracemalloc to get the object allocation traceback
/home/alexander/Schreibtisch/ofa-v2/src/tools/result_audit.py:1341: ResourceWarning: unclosed file <_io.TextIOWrapper name='/home/alexander/Schreibtisch/ofa-v2/campaign3_blind/runs/C3_27b_MCP_seed2703/work/coupled_simulation/solution_level2_B.csv' mode='r' encoding='UTF-8'>
  rows = [r for r in _csv.reader(f.open())
ResourceWarning: Enable tracemalloc to get the object allocation traceback
/home/alexander/Schreibtisch/ofa-v2/src/tools/result_audit.py:1341: ResourceWarning: unclosed file <_io.TextIOWrapper name='/home/alexander/Schreibtisch/ofa-v2/campaign3_blind/runs/C3_27b_MCP_seed2703/work/coupled_simulation/solution_level3_A.csv' mode='r' encoding='UTF-8'>
  rows = [r for r in _csv.reader(f.open())
ResourceWarning: Enable tracemalloc to get the object allocation traceback
/home/alexander/Schreibtisch/ofa-v2/src/tools/result_audit.py:1341: ResourceWarning: unclosed file <_io.TextIOWrapper name='/home/alexander/Schreibtisch/ofa-v2/campaign3_blind/runs/C3_27b_MCP_seed2703/work/coupled_simulation/solution_level3_B.csv' mode='r' encoding='UTF-8'>
  rows = [r for r in _csv.reader(f.open())
ResourceWarning: Enable tracemalloc to get the object allocation traceback
/home/alexander/Schreibtisch/ofa-v2/src/tools/workspace_advisor.py:80: ResourceWarning: unclosed file <_io.TextIOWrapper name='/home/alexander/Schreibtisch/ofa-v2/campaign3_blind/runs/C3_27b_MCP_seed2701/work/coupled_simulation/residual_level1.csv' mode='r' encoding='UTF-8'>
  rows = [row for row in _csv.reader(r.open()) if row]
ResourceWarning: Enable tracemalloc to get the object allocation traceback
/home/alexander/Schreibtisch/ofa-v2/src/tools/result_audit.py:419: ResourceWarning: unclosed file <_io.TextIOWrapper name='/home/alexander/Schreibtisch/ofa-v2/campaign3_blind/runs/C3_27b_MCP_seed2701/work/coupled_simulation/residual_level1.csv' mode='r' encoding='UTF-8'>
  body = tuple(r[-1].strip() for r in _csv.reader(q.open()) if r)
ResourceWarning: Enable tracemalloc to get the object allocation traceback
/home/alexander/Schreibtisch/ofa-v2/src/tools/result_audit.py:534: ResourceWarning: unclosed file <_io.TextIOWrapper name='/home/alexander/Schreibtisch/ofa-v2/campaign3_blind/runs/C3_27b_MCP_seed2701/work/coupled_simulation/solution_level1_A.csv' mode='r' encoding='UTF-8'>
  rows = sum(1 for _ in open(sol0[0], errors="ignore")) - 1
ResourceWarning: Enable tracemalloc to get the object allocation traceback
/home/alexander/Schreibtisch/ofa-v2/src/tools/result_audit.py:1341: ResourceWarning: unclosed file <_io.TextIOWrapper name='/home/alexander/Schreibtisch/ofa-v2/campaign3_blind/runs/C3_27b_MCP_seed2701/work/coupled_simulation/solution_level1_A.csv' mode='r' encoding='UTF-8'>
  rows = [r for r in _csv.reader(f.open())
ResourceWarning: Enable tracemalloc to get the object allocation traceback
/home/alexander/Schreibtisch/ofa-v2/src/tools/result_audit.py:1341: ResourceWarning: unclosed file <_io.TextIOWrapper name='/home/alexander/Schreibtisch/ofa-v2/campaign3_blind/runs/C3_27b_MCP_seed2701/work/coupled_simulation/solution_level1_B.csv' mode='r' encoding='UTF-8'>
  rows = [r for r in _csv.reader(f.open())
ResourceWarning: Enable tracemalloc to get the object allocation traceback
/home/alexander/Schreibtisch/ofa-v2/src/tools/result_audit.py:1341: ResourceWarning: unclosed file <_io.TextIOWrapper name='/home/alexander/Schreibtisch/ofa-v2/campaign3_blind/runs/C3_27b_MCP_seed2701/work/coupled_simulation/solution_level2_A.csv' mode='r' encoding='UTF-8'>
  rows = [r for r in _csv.reader(f.open())
ResourceWarning: Enable tracemalloc to get the object allocation traceback
/home/alexander/Schreibtisch/ofa-v2/src/tools/result_audit.py:1341: ResourceWarning: unclosed file <_io.TextIOWrapper name='/home/alexander/Schreibtisch/ofa-v2/campaign3_blind/runs/C3_27b_MCP_seed2701/work/coupled_simulation/solution_level2_B.csv' mode='r' encoding='UTF-8'>
  rows = [r for r in _csv.reader(f.open())
ResourceWarning: Enable tracemalloc to get the object allocation traceback
/home/alexander/Schreibtisch/ofa-v2/src/tools/workspace_advisor.py:80: ResourceWarning: unclosed file <_io.TextIOWrapper name='/home/alexander/Schreibtisch/ofa-v2/campaign3_blind/runs/C3_27b_MCP_seed2701/work/coupled_simulation/residual_level1.csv' mode='r' encoding='UTF-8'>
  rows = [row for row in _csv.reader(r.open()) if row]
ResourceWarning: Enable tracemalloc to get the object allocation traceback
/home/alexander/Schreibtisch/ofa-v2/src/tools/result_audit.py:419: ResourceWarning: unclosed file <_io.TextIOWrapper name='/home/alexander/Schreibtisch/ofa-v2/campaign3_blind/runs/C3_27b_MCP_seed2701/work/coupled_simulation/residual_level1.csv' mode='r' encoding='UTF-8'>
  body = tuple(r[-1].strip() for r in _csv.reader(q.open()) if r)
ResourceWarning: Enable tracemalloc to get the object allocation traceback
/home/alexander/Schreibtisch/ofa-v2/src/tools/result_audit.py:534: ResourceWarning: unclosed file <_io.TextIOWrapper name='/home/alexander/Schreibtisch/ofa-v2/campaign3_blind/runs/C3_27b_MCP_seed2701/work/coupled_simulation/solution_level1_A.csv' mode='r' encoding='UTF-8'>
  rows = sum(1 for _ in open(sol0[0], errors="ignore")) - 1
ResourceWarning: Enable tracemalloc to get the object allocation traceback
/home/alexander/Schreibtisch/ofa-v2/src/tools/result_audit.py:1341: ResourceWarning: unclosed file <_io.TextIOWrapper name='/home/alexander/Schreibtisch/ofa-v2/campaign3_blind/runs/C3_27b_MCP_seed2701/work/coupled_simulation/solution_level1_A.csv' mode='r' encoding='UTF-8'>
  rows = [r for r in _csv.reader(f.open())
ResourceWarning: Enable tracemalloc to get the object allocation traceback
/home/alexander/Schreibtisch/ofa-v2/src/tools/result_audit.py:1341: ResourceWarning: unclosed file <_io.TextIOWrapper name='/home/alexander/Schreibtisch/ofa-v2/campaign3_blind/runs/C3_27b_MCP_seed2701/work/coupled_simulation/solution_level1_B.csv' mode='r' encoding='UTF-8'>
  rows = [r for r in _csv.reader(f.open())
ResourceWarning: Enable tracemalloc to get the object allocation traceback
/home/alexander/Schreibtisch/ofa-v2/src/tools/result_audit.py:1341: ResourceWarning: unclosed file <_io.TextIOWrapper name='/home/alexander/Schreibtisch/ofa-v2/campaign3_blind/runs/C3_27b_MCP_seed2701/work/coupled_simulation/solution_level2_A.csv' mode='r' encoding='UTF-8'>
  rows = [r for r in _csv.reader(f.open())
ResourceWarning: Enable tracemalloc to get the object allocation traceback
/home/alexander/Schreibtisch/ofa-v2/src/tools/result_audit.py:1341: ResourceWarning: unclosed file <_io.TextIOWrapper name='/home/alexander/Schreibtisch/ofa-v2/campaign3_blind/runs/C3_27b_MCP_seed2701/work/coupled_simulation/solution_level2_B.csv' mode='r' encoding='UTF-8'>
  rows = [r for r in _csv.reader(f.open())
ResourceWarning: Enable tracemalloc to get the object allocation traceback
/home/alexander/Schreibtisch/ofa-v2/src/tools/workspace_advisor.py:80: ResourceWarning: unclosed file <_io.TextIOWrapper name='/home/alexander/Schreibtisch/ofa-v2/campaign3_blind/runs/C3_27b_MCP_seed2701/work/coupled_simulation/residual_level1.csv' mode='r' encoding='UTF-8'>
  rows = [row for row in _csv.reader(r.open()) if row]
ResourceWarning: Enable tracemalloc to get the object allocation traceback
/home/alexander/Schreibtisch/ofa-v2/src/tools/result_audit.py:419: ResourceWarning: unclosed file <_io.TextIOWrapper name='/home/alexander/Schreibtisch/ofa-v2/campaign3_blind/runs/C3_27b_MCP_seed2701/work/coupled_simulation/residual_level1.csv' mode='r' encoding='UTF-8'>
  body = tuple(r[-1].strip() for r in _csv.reader(q.open()) if r)
ResourceWarning: Enable tracemalloc to get the object allocation traceback
/home/alexander/Schreibtisch/ofa-v2/src/tools/result_audit.py:534: ResourceWarning: unclosed file <_io.TextIOWrapper name='/home/alexander/Schreibtisch/ofa-v2/campaign3_blind/runs/C3_27b_MCP_seed2701/work/coupled_simulation/solution_level1_A.csv' mode='r' encoding='UTF-8'>
  rows = sum(1 for _ in open(sol0[0], errors="ignore")) - 1
ResourceWarning: Enable tracemalloc to get the object allocation traceback
/home/alexander/Schreibtisch/ofa-v2/src/tools/result_audit.py:1341: ResourceWarning: unclosed file <_io.TextIOWrapper name='/home/alexander/Schreibtisch/ofa-v2/campaign3_blind/runs/C3_27b_MCP_seed2701/work/coupled_simulation/solution_level1_A.csv' mode='r' encoding='UTF-8'>
  rows = [r for r in _csv.reader(f.open())
ResourceWarning: Enable tracemalloc to get the object allocation traceback
/home/alexander/Schreibtisch/ofa-v2/src/tools/result_audit.py:1341: ResourceWarning: unclosed file <_io.TextIOWrapper name='/home/alexander/Schreibtisch/ofa-v2/campaign3_blind/runs/C3_27b_MCP_seed2701/work/coupled_simulation/solution_level1_B.csv' mode='r' encoding='UTF-8'>
  rows = [r for r in _csv.reader(f.open())
ResourceWarning: Enable tracemalloc to get the object allocation traceback
/home/alexander/Schreibtisch/ofa-v2/src/tools/result_audit.py:1341: ResourceWarning: unclosed file <_io.TextIOWrapper name='/home/alexander/Schreibtisch/ofa-v2/campaign3_blind/runs/C3_27b_MCP_seed2701/work/coupled_simulation/solution_level2_A.csv' mode='r' encoding='UTF-8'>
  rows = [r for r in _csv.reader(f.open())
ResourceWarning: Enable tracemalloc to get the object allocation traceback
/home/alexander/Schreibtisch/ofa-v2/src/tools/result_audit.py:1341: ResourceWarning: unclosed file <_io.TextIOWrapper name='/home/alexander/Schreibtisch/ofa-v2/campaign3_blind/runs/C3_27b_MCP_seed2701/work/coupled_simulation/solution_level2_B.csv' mode='r' encoding='UTF-8'>
  rows = [r for r in _csv.reader(f.open())
ResourceWarning: Enable tracemalloc to get the object allocation traceback
/home/alexander/Schreibtisch/ofa-v2/src/tools/result_audit.py:419: ResourceWarning: unclosed file <_io.TextIOWrapper name='/home/alexander/Schreibtisch/ofa-v2/campaign3_blind/runs/C3_27b_MCP_seed2703/work/coupled_simulation/residual_level1.csv' mode='r' encoding='UTF-8'>
  body = tuple(r[-1].strip() for r in _csv.reader(q.open()) if r)
ResourceWarning: Enable tracemalloc to get the object allocation traceback
/home/alexander/Schreibtisch/ofa-v2/src/tools/result_audit.py:419: ResourceWarning: unclosed file <_io.TextIOWrapper name='/home/alexander/Schreibtisch/ofa-v2/campaign3_blind/runs/C3_27b_MCP_seed2703/work/coupled_simulation/residual_level2.csv' mode='r' encoding='UTF-8'>
  body = tuple(r[-1].strip() for r in _csv.reader(q.open()) if r)
ResourceWarning: Enable tracemalloc to get the object allocation traceback
/home/alexander/Schreibtisch/ofa-v2/src/tools/result_audit.py:419: ResourceWarning: unclosed file <_io.TextIOWrapper name='/home/alexander/Schreibtisch/ofa-v2/campaign3_blind/runs/C3_27b_MCP_seed2703/work/coupled_simulation/residual_level3.csv' mode='r' encoding='UTF-8'>
  body = tuple(r[-1].strip() for r in _csv.reader(q.open()) if r)
ResourceWarning: Enable tracemalloc to get the object allocation traceback
/home/alexander/Schreibtisch/ofa-v2/src/tools/result_audit.py:534: ResourceWarning: unclosed file <_io.TextIOWrapper name='/home/alexander/Schreibtisch/ofa-v2/campaign3_blind/runs/C3_27b_MCP_seed2703/work/coupled_simulation/solution_level1_A.csv' mode='r' encoding='UTF-8'>
  rows = sum(1 for _ in open(sol0[0], errors="ignore")) - 1
ResourceWarning: Enable tracemalloc to get the object allocation traceback
/home/alexander/Schreibtisch/ofa-v2/src/tools/result_audit.py:1341: ResourceWarning: unclosed file <_io.TextIOWrapper name='/home/alexander/Schreibtisch/ofa-v2/campaign3_blind/runs/C3_27b_MCP_seed2703/work/coupled_simulation/solution_level1_A.csv' mode='r' encoding='UTF-8'>
  rows = [r for r in _csv.reader(f.open())
ResourceWarning: Enable tracemalloc to get the object allocation traceback
/home/alexander/Schreibtisch/ofa-v2/src/tools/result_audit.py:1341: ResourceWarning: unclosed file <_io.TextIOWrapper name='/home/alexander/Schreibtisch/ofa-v2/campaign3_blind/runs/C3_27b_MCP_seed2703/work/coupled_simulation/solution_level1_B.csv' mode='r' encoding='UTF-8'>
  rows = [r for r in _csv.reader(f.open())
ResourceWarning: Enable tracemalloc to get the object allocation traceback
/home/alexander/Schreibtisch/ofa-v2/src/tools/result_audit.py:1341: ResourceWarning: unclosed file <_io.TextIOWrapper name='/home/alexander/Schreibtisch/ofa-v2/campaign3_blind/runs/C3_27b_MCP_seed2703/work/coupled_simulation/solution_level2_A.csv' mode='r' encoding='UTF-8'>
  rows = [r for r in _csv.reader(f.open())
ResourceWarning: Enable tracemalloc to get the object allocation traceback
/home/alexander/Schreibtisch/ofa-v2/src/tools/result_audit.py:1341: ResourceWarning: unclosed file <_io.TextIOWrapper name='/home/alexander/Schreibtisch/ofa-v2/campaign3_blind/runs/C3_27b_MCP_seed2703/work/coupled_simulation/solution_level2_B.csv' mode='r' encoding='UTF-8'>
  rows = [r for r in _csv.reader(f.open())
ResourceWarning: Enable tracemalloc to get the object allocation traceback
/home/alexander/Schreibtisch/ofa-v2/src/tools/result_audit.py:1341: ResourceWarning: unclosed file <_io.TextIOWrapper name='/home/alexander/Schreibtisch/ofa-v2/campaign3_blind/runs/C3_27b_MCP_seed2703/work/coupled_simulation/solution_level3_A.csv' mode='r' encoding='UTF-8'>
  rows = [r for r in _csv.reader(f.open())
ResourceWarning: Enable tracemalloc to get the object allocation traceback
/home/alexander/Schreibtisch/ofa-v2/src/tools/result_audit.py:1341: ResourceWarning: unclosed file <_io.TextIOWrapper name='/home/alexander/Schreibtisch/ofa-v2/campaign3_blind/runs/C3_27b_MCP_seed2703/work/coupled_simulation/solution_level3_B.csv' mode='r' encoding='UTF-8'>
  rows = [r for r in _csv.reader(f.open())
ResourceWarning: Enable tracemalloc to get the object allocation traceback
/home/alexander/Schreibtisch/ofa-v2/src/tools/workspace_advisor.py:80: ResourceWarning: unclosed file <_io.TextIOWrapper name='/home/alexander/Schreibtisch/ofa-v2/campaign3_blind/runs/C3_27b_MCP_seed2701/work/coupled_simulation/residual_level1.csv' mode='r' encoding='UTF-8'>
  rows = [row for row in _csv.reader(r.open()) if row]
ResourceWarning: Enable tracemalloc to get the object allocation traceback
/home/alexander/Schreibtisch/ofa-v2/src/tools/result_audit.py:419: ResourceWarning: unclosed file <_io.TextIOWrapper name='/home/alexander/Schreibtisch/ofa-v2/campaign3_blind/runs/C3_27b_MCP_seed2701/work/coupled_simulation/residual_level1.csv' mode='r' encoding='UTF-8'>
  body = tuple(r[-1].strip() for r in _csv.reader(q.open()) if r)
ResourceWarning: Enable tracemalloc to get the object allocation traceback
/home/alexander/Schreibtisch/ofa-v2/src/tools/result_audit.py:534: ResourceWarning: unclosed file <_io.TextIOWrapper name='/home/alexander/Schreibtisch/ofa-v2/campaign3_blind/runs/C3_27b_MCP_seed2701/work/coupled_simulation/solution_level1_A.csv' mode='r' encoding='UTF-8'>
  rows = sum(1 for _ in open(sol0[0], errors="ignore")) - 1
ResourceWarning: Enable tracemalloc to get the object allocation traceback
/home/alexander/Schreibtisch/ofa-v2/src/tools/result_audit.py:1341: ResourceWarning: unclosed file <_io.TextIOWrapper name='/home/alexander/Schreibtisch/ofa-v2/campaign3_blind/runs/C3_27b_MCP_seed2701/work/coupled_simulation/solution_level1_A.csv' mode='r' encoding='UTF-8'>
  rows = [r for r in _csv.reader(f.open())
ResourceWarning: Enable tracemalloc to get the object allocation traceback
/home/alexander/Schreibtisch/ofa-v2/src/tools/result_audit.py:1341: ResourceWarning: unclosed file <_io.TextIOWrapper name='/home/alexander/Schreibtisch/ofa-v2/campaign3_blind/runs/C3_27b_MCP_seed2701/work/coupled_simulation/solution_level1_B.csv' mode='r' encoding='UTF-8'>
  rows = [r for r in _csv.reader(f.open())
ResourceWarning: Enable tracemalloc to get the object allocation traceback
/home/alexander/Schreibtisch/ofa-v2/src/tools/result_audit.py:1341: ResourceWarning: unclosed file <_io.TextIOWrapper name='/home/alexander/Schreibtisch/ofa-v2/campaign3_blind/runs/C3_27b_MCP_seed2701/work/coupled_simulation/solution_level2_A.csv' mode='r' encoding='UTF-8'>
  rows = [r for r in _csv.reader(f.open())
ResourceWarning: Enable tracemalloc to get the object allocation traceback
/home/alexander/Schreibtisch/ofa-v2/src/tools/result_audit.py:1341: ResourceWarning: unclosed file <_io.TextIOWrapper name='/home/alexander/Schreibtisch/ofa-v2/campaign3_blind/runs/C3_27b_MCP_seed2701/work/coupled_simulation/solution_level2_B.csv' mode='r' encoding='UTF-8'>
  rows = [r for r in _csv.reader(f.open())
ResourceWarning: Enable tracemalloc to get the object allocation traceback
/home/alexander/Schreibtisch/ofa-v2/src/tools/workspace_advisor.py:80: ResourceWarning: unclosed file <_io.TextIOWrapper name='/home/alexander/Schreibtisch/ofa-v2/campaign3_blind/runs/C3_27b_MCP_seed2703/work/coupled_simulation/residual_level1.csv' mode='r' encoding='UTF-8'>
  rows = [row for row in _csv.reader(r.open()) if row]
ResourceWarning: Enable tracemalloc to get the object allocation traceback
/home/alexander/Schreibtisch/ofa-v2/src/tools/workspace_advisor.py:80: ResourceWarning: unclosed file <_io.TextIOWrapper name='/home/alexander/Schreibtisch/ofa-v2/campaign3_blind/runs/C3_27b_MCP_seed2703/work/coupled_simulation/residual_level2.csv' mode='r' encoding='UTF-8'>
  rows = [row for row in _csv.reader(r.open()) if row]
ResourceWarning: Enable tracemalloc to get the object allocation traceback
/home/alexander/Schreibtisch/ofa-v2/src/tools/workspace_advisor.py:80: ResourceWarning: unclosed file <_io.TextIOWrapper name='/home/alexander/Schreibtisch/ofa-v2/campaign3_blind/runs/C3_27b_MCP_seed2703/work/coupled_simulation/residual_level3.csv' mode='r' encoding='UTF-8'>
  rows = [row for row in _csv.reader(r.open()) if row]
ResourceWarning: Enable tracemalloc to get the object allocation traceback
/home/alexander/Schreibtisch/ofa-v2/src/tools/result_audit.py:419: ResourceWarning: unclosed file <_io.TextIOWrapper name='/home/alexander/Schreibtisch/ofa-v2/campaign3_blind/runs/C3_27b_MCP_seed2703/work/coupled_simulation/residual_level1.csv' mode='r' encoding='UTF-8'>
  body = tuple(r[-1].strip() for r in _csv.reader(q.open()) if r)
ResourceWarning: Enable tracemalloc to get the object allocation traceback
/home/alexander/Schreibtisch/ofa-v2/src/tools/result_audit.py:419: ResourceWarning: unclosed file <_io.TextIOWrapper name='/home/alexander/Schreibtisch/ofa-v2/campaign3_blind/runs/C3_27b_MCP_seed2703/work/coupled_simulation/residual_level2.csv' mode='r' encoding='UTF-8'>
  body = tuple(r[-1].strip() for r in _csv.reader(q.open()) if r)
ResourceWarning: Enable tracemalloc to get the object allocation traceback
/home/alexander/Schreibtisch/ofa-v2/src/tools/result_audit.py:419: ResourceWarning: unclosed file <_io.TextIOWrapper name='/home/alexander/Schreibtisch/ofa-v2/campaign3_blind/runs/C3_27b_MCP_seed2703/work/coupled_simulation/residual_level3.csv' mode='r' encoding='UTF-8'>
  body = tuple(r[-1].strip() for r in _csv.reader(q.open()) if r)
ResourceWarning: Enable tracemalloc to get the object allocation traceback
/home/alexander/Schreibtisch/ofa-v2/src/tools/result_audit.py:534: ResourceWarning: unclosed file <_io.TextIOWrapper name='/home/alexander/Schreibtisch/ofa-v2/campaign3_blind/runs/C3_27b_MCP_seed2703/work/coupled_simulation/solution_level1_A.csv' mode='r' encoding='UTF-8'>
  rows = sum(1 for _ in open(sol0[0], errors="ignore")) - 1
ResourceWarning: Enable tracemalloc to get the object allocation traceback
/home/alexander/Schreibtisch/ofa-v2/src/tools/result_audit.py:1341: ResourceWarning: unclosed file <_io.TextIOWrapper name='/home/alexander/Schreibtisch/ofa-v2/campaign3_blind/runs/C3_27b_MCP_seed2703/work/coupled_simulation/solution_level1_A.csv' mode='r' encoding='UTF-8'>
  rows = [r for r in _csv.reader(f.open())
ResourceWarning: Enable tracemalloc to get the object allocation traceback
/home/alexander/Schreibtisch/ofa-v2/src/tools/result_audit.py:1341: ResourceWarning: unclosed file <_io.TextIOWrapper name='/home/alexander/Schreibtisch/ofa-v2/campaign3_blind/runs/C3_27b_MCP_seed2703/work/coupled_simulation/solution_level1_B.csv' mode='r' encoding='UTF-8'>
  rows = [r for r in _csv.reader(f.open())
ResourceWarning: Enable tracemalloc to get the object allocation traceback
/home/alexander/Schreibtisch/ofa-v2/src/tools/result_audit.py:1341: ResourceWarning: unclosed file <_io.TextIOWrapper name='/home/alexander/Schreibtisch/ofa-v2/campaign3_blind/runs/C3_27b_MCP_seed2703/work/coupled_simulation/solution_level2_A.csv' mode='r' encoding='UTF-8'>
  rows = [r for r in _csv.reader(f.open())
ResourceWarning: Enable tracemalloc to get the object allocation traceback
/home/alexander/Schreibtisch/ofa-v2/src/tools/result_audit.py:1341: ResourceWarning: unclosed file <_io.TextIOWrapper name='/home/alexander/Schreibtisch/ofa-v2/campaign3_blind/runs/C3_27b_MCP_seed2703/work/coupled_simulation/solution_level2_B.csv' mode='r' encoding='UTF-8'>
  rows = [r for r in _csv.reader(f.open())
ResourceWarning: Enable tracemalloc to get the object allocation traceback
/home/alexander/Schreibtisch/ofa-v2/src/tools/result_audit.py:1341: ResourceWarning: unclosed file <_io.TextIOWrapper name='/home/alexander/Schreibtisch/ofa-v2/campaign3_blind/runs/C3_27b_MCP_seed2703/work/coupled_simulation/solution_level3_A.csv' mode='r' encoding='UTF-8'>
  rows = [r for r in _csv.reader(f.open())
ResourceWarning: Enable tracemalloc to get the object allocation traceback
/home/alexander/Schreibtisch/ofa-v2/src/tools/result_audit.py:1341: ResourceWarning: unclosed file <_io.TextIOWrapper name='/home/alexander/Schreibtisch/ofa-v2/campaign3_blind/runs/C3_27b_MCP_seed2703/work/coupled_simulation/solution_level3_B.csv' mode='r' encoding='UTF-8'>
  rows = [r for r in _csv.reader(f.open())
ResourceWarning: Enable tracemalloc to get the object allocation traceback
/home/alexander/Schreibtisch/ofa-v2/src/tools/workspace_advisor.py:80: ResourceWarning: unclosed file <_io.TextIOWrapper name='/home/alexander/Schreibtisch/ofa-v2/campaign3_blind/runs/C3_27b_MCP_seed2701/work/coupled_simulation/residual_level1.csv' mode='r' encoding='UTF-8'>
  rows = [row for row in _csv.reader(r.open()) if row]
ResourceWarning: Enable tracemalloc to get the object allocation traceback
/home/alexander/Schreibtisch/ofa-v2/src/tools/result_audit.py:419: ResourceWarning: unclosed file <_io.TextIOWrapper name='/home/alexander/Schreibtisch/ofa-v2/campaign3_blind/runs/C3_27b_MCP_seed2701/work/coupled_simulation/residual_level1.csv' mode='r' encoding='UTF-8'>
  body = tuple(r[-1].strip() for r in _csv.reader(q.open()) if r)
ResourceWarning: Enable tracemalloc to get the object allocation traceback
/home/alexander/Schreibtisch/ofa-v2/src/tools/result_audit.py:534: ResourceWarning: unclosed file <_io.TextIOWrapper name='/home/alexander/Schreibtisch/ofa-v2/campaign3_blind/runs/C3_27b_MCP_seed2701/work/coupled_simulation/solution_level1_A.csv' mode='r' encoding='UTF-8'>
  rows = sum(1 for _ in open(sol0[0], errors="ignore")) - 1
ResourceWarning: Enable tracemalloc to get the object allocation traceback
/home/alexander/Schreibtisch/ofa-v2/src/tools/result_audit.py:1341: ResourceWarning: unclosed file <_io.TextIOWrapper name='/home/alexander/Schreibtisch/ofa-v2/campaign3_blind/runs/C3_27b_MCP_seed2701/work/coupled_simulation/solution_level1_A.csv' mode='r' encoding='UTF-8'>
  rows = [r for r in _csv.reader(f.open())
ResourceWarning: Enable tracemalloc to get the object allocation traceback
/home/alexander/Schreibtisch/ofa-v2/src/tools/result_audit.py:1341: ResourceWarning: unclosed file <_io.TextIOWrapper name='/home/alexander/Schreibtisch/ofa-v2/campaign3_blind/runs/C3_27b_MCP_seed2701/work/coupled_simulation/solution_level1_B.csv' mode='r' encoding='UTF-8'>
  rows = [r for r in _csv.reader(f.open())
ResourceWarning: Enable tracemalloc to get the object allocation traceback
/home/alexander/Schreibtisch/ofa-v2/src/tools/result_audit.py:1341: ResourceWarning: unclosed file <_io.TextIOWrapper name='/home/alexander/Schreibtisch/ofa-v2/campaign3_blind/runs/C3_27b_MCP_seed2701/work/coupled_simulation/solution_level2_A.csv' mode='r' encoding='UTF-8'>
  rows = [r for r in _csv.reader(f.open())
ResourceWarning: Enable tracemalloc to get the object allocation traceback
/home/alexander/Schreibtisch/ofa-v2/src/tools/result_audit.py:1341: ResourceWarning: unclosed file <_io.TextIOWrapper name='/home/alexander/Schreibtisch/ofa-v2/campaign3_blind/runs/C3_27b_MCP_seed2701/work/coupled_simulation/solution_level2_B.csv' mode='r' encoding='UTF-8'>
  rows = [r for r in _csv.reader(f.open())
ResourceWarning: Enable tracemalloc to get the object allocation traceback
/home/alexander/Schreibtisch/ofa-v2/src/tools/result_audit.py:1341: ResourceWarning: unclosed file <_io.TextIOWrapper name='/home/alexander/Schreibtisch/ofa-v2/campaign3_blind/runs/C3_27b_MCP_seed2701/work/coupled_simulation/solution_level1_A.csv' mode='r' encoding='UTF-8'>
  rows = [r for r in _csv.reader(f.open())
ResourceWarning: Enable tracemalloc to get the object allocation traceback
/home/alexander/Schreibtisch/ofa-v2/src/tools/result_audit.py:1341: ResourceWarning: unclosed file <_io.TextIOWrapper name='/home/alexander/Schreibtisch/ofa-v2/campaign3_blind/runs/C3_27b_MCP_seed2701/work/coupled_simulation/solution_level1_B.csv' mode='r' encoding='UTF-8'>
  rows = [r for r in _csv.reader(f.open())
ResourceWarning: Enable tracemalloc to get the object allocation traceback
/home/alexander/Schreibtisch/ofa-v2/src/tools/result_audit.py:1341: ResourceWarning: unclosed file <_io.TextIOWrapper name='/home/alexander/Schreibtisch/ofa-v2/campaign3_blind/runs/C3_27b_MCP_seed2701/work/coupled_simulation/solution_level2_A.csv' mode='r' encoding='UTF-8'>
  rows = [r for r in _csv.reader(f.open())
ResourceWarning: Enable tracemalloc to get the object allocation traceback
/home/alexander/Schreibtisch/ofa-v2/src/tools/result_audit.py:1341: ResourceWarning: unclosed file <_io.TextIOWrapper name='/home/alexander/Schreibtisch/ofa-v2/campaign3_blind/runs/C3_27b_MCP_seed2701/work/coupled_simulation/solution_level2_B.csv' mode='r' encoding='UTF-8'>
  rows = [r for r in _csv.reader(f.open())
ResourceWarning: Enable tracemalloc to get the object allocation traceback
/home/alexander/Schreibtisch/ofa-v2/src/tools/result_audit.py:1341: ResourceWarning: unclosed file <_io.TextIOWrapper name='/home/alexander/Schreibtisch/ofa-v2/campaign3_blind/runs/C3_27b_MCP_seed2701/work/coupled_simulation/solution_level3_A.csv' mode='r' encoding='UTF-8'>
  rows = [r for r in _csv.reader(f.open())
ResourceWarning: Enable tracemalloc to get the object allocation traceback
/home/alexander/Schreibtisch/ofa-v2/src/tools/result_audit.py:419: ResourceWarning: unclosed file <_io.TextIOWrapper name='/home/alexander/Schreibtisch/ofa-v2/campaign3_blind/runs/C3_27b_MCP_seed2703/work/coupled_simulation/residual_level1.csv' mode='r' encoding='UTF-8'>
  body = tuple(r[-1].strip() for r in _csv.reader(q.open()) if r)
ResourceWarning: Enable tracemalloc to get the object allocation traceback
/home/alexander/Schreibtisch/ofa-v2/src/tools/result_audit.py:419: ResourceWarning: unclosed file <_io.TextIOWrapper name='/home/alexander/Schreibtisch/ofa-v2/campaign3_blind/runs/C3_27b_MCP_seed2703/work/coupled_simulation/residual_level2.csv' mode='r' encoding='UTF-8'>
  body = tuple(r[-1].strip() for r in _csv.reader(q.open()) if r)
ResourceWarning: Enable tracemalloc to get the object allocation traceback
/home/alexander/Schreibtisch/ofa-v2/src/tools/result_audit.py:419: ResourceWarning: unclosed file <_io.TextIOWrapper name='/home/alexander/Schreibtisch/ofa-v2/campaign3_blind/runs/C3_27b_MCP_seed2703/work/coupled_simulation/residual_level3.csv' mode='r' encoding='UTF-8'>
  body = tuple(r[-1].strip() for r in _csv.reader(q.open()) if r)
ResourceWarning: Enable tracemalloc to get the object allocation traceback
/home/alexander/Schreibtisch/ofa-v2/src/tools/result_audit.py:534: ResourceWarning: unclosed file <_io.TextIOWrapper name='/home/alexander/Schreibtisch/ofa-v2/campaign3_blind/runs/C3_27b_MCP_seed2703/work/coupled_simulation/solution_level1_A.csv' mode='r' encoding='UTF-8'>
  rows = sum(1 for _ in open(sol0[0], errors="ignore")) - 1
ResourceWarning: Enable tracemalloc to get the object allocation traceback
/home/alexander/Schreibtisch/ofa-v2/src/tools/result_audit.py:1341: ResourceWarning: unclosed file <_io.TextIOWrapper name='/home/alexander/Schreibtisch/ofa-v2/campaign3_blind/runs/C3_27b_MCP_seed2703/work/coupled_simulation/solution_level1_A.csv' mode='r' encoding='UTF-8'>
  rows = [r for r in _csv.reader(f.open())
ResourceWarning: Enable tracemalloc to get the object allocation traceback
/home/alexander/Schreibtisch/ofa-v2/src/tools/result_audit.py:1341: ResourceWarning: unclosed file <_io.TextIOWrapper name='/home/alexander/Schreibtisch/ofa-v2/campaign3_blind/runs/C3_27b_MCP_seed2703/work/coupled_simulation/solution_level1_B.csv' mode='r' encoding='UTF-8'>
  rows = [r for r in _csv.reader(f.open())
ResourceWarning: Enable tracemalloc to get the object allocation traceback
/home/alexander/Schreibtisch/ofa-v2/src/tools/result_audit.py:1341: ResourceWarning: unclosed file <_io.TextIOWrapper name='/home/alexander/Schreibtisch/ofa-v2/campaign3_blind/runs/C3_27b_MCP_seed2703/work/coupled_simulation/solution_level2_A.csv' mode='r' encoding='UTF-8'>
  rows = [r for r in _csv.reader(f.open())
ResourceWarning: Enable tracemalloc to get the object allocation traceback
/home/alexander/Schreibtisch/ofa-v2/src/tools/result_audit.py:1341: ResourceWarning: unclosed file <_io.TextIOWrapper name='/home/alexander/Schreibtisch/ofa-v2/campaign3_blind/runs/C3_27b_MCP_seed2703/work/coupled_simulation/solution_level2_B.csv' mode='r' encoding='UTF-8'>
  rows = [r for r in _csv.reader(f.open())
ResourceWarning: Enable tracemalloc to get the object allocation traceback
/home/alexander/Schreibtisch/ofa-v2/src/tools/result_audit.py:1341: ResourceWarning: unclosed file <_io.TextIOWrapper name='/home/alexander/Schreibtisch/ofa-v2/campaign3_blind/runs/C3_27b_MCP_seed2703/work/coupled_simulation/solution_level3_A.csv' mode='r' encoding='UTF-8'>
  rows = [r for r in _csv.reader(f.open())
ResourceWarning: Enable tracemalloc to get the object allocation traceback
/home/alexander/Schreibtisch/ofa-v2/src/tools/result_audit.py:1341: ResourceWarning: unclosed file <_io.TextIOWrapper name='/home/alexander/Schreibtisch/ofa-v2/campaign3_blind/runs/C3_27b_MCP_seed2703/work/coupled_simulation/solution_level3_B.csv' mode='r' encoding='UTF-8'>
  rows = [r for r in _csv.reader(f.open())
ResourceWarning: Enable tracemalloc to get the object allocation traceback
/home/alexander/Schreibtisch/ofa-v2/src/tools/result_audit.py:1341: ResourceWarning: unclosed file <_io.TextIOWrapper name='/home/alexander/Schreibtisch/ofa-v2/campaign3_blind/runs/C3_27b_MCP_seed2701/work/coupled_simulation/solution_level1_A.csv' mode='r' encoding='UTF-8'>
  rows = [r for r in _csv.reader(f.open())
ResourceWarning: Enable tracemalloc to get the object allocation traceback
/home/alexander/Schreibtisch/ofa-v2/src/tools/result_audit.py:1341: ResourceWarning: unclosed file <_io.TextIOWrapper name='/home/alexander/Schreibtisch/ofa-v2/campaign3_blind/runs/C3_27b_MCP_seed2701/work/coupled_simulation/solution_level1_B.csv' mode='r' encoding='UTF-8'>
  rows = [r for r in _csv.reader(f.open())
ResourceWarning: Enable tracemalloc to get the object allocation traceback
/home/alexander/Schreibtisch/ofa-v2/src/tools/result_audit.py:1341: ResourceWarning: unclosed file <_io.TextIOWrapper name='/home/alexander/Schreibtisch/ofa-v2/campaign3_blind/runs/C3_27b_MCP_seed2701/work/coupled_simulation/solution_level2_A.csv' mode='r' encoding='UTF-8'>
  rows = [r for r in _csv.reader(f.open())
ResourceWarning: Enable tracemalloc to get the object allocation traceback
/home/alexander/Schreibtisch/ofa-v2/src/tools/result_audit.py:1341: ResourceWarning: unclosed file <_io.TextIOWrapper name='/home/alexander/Schreibtisch/ofa-v2/campaign3_blind/runs/C3_27b_MCP_seed2701/work/coupled_simulation/solution_level2_B.csv' mode='r' encoding='UTF-8'>
  rows = [r for r in _csv.reader(f.open())
ResourceWarning: Enable tracemalloc to get the object allocation traceback
/home/alexander/Schreibtisch/ofa-v2/src/tools/result_audit.py:1341: ResourceWarning: unclosed file <_io.TextIOWrapper name='/home/alexander/Schreibtisch/ofa-v2/campaign3_blind/runs/C3_27b_MCP_seed2701/work/coupled_simulation/solution_level3_A.csv' mode='r' encoding='UTF-8'>
  rows = [r for r in _csv.reader(f.open())
ResourceWarning: Enable tracemalloc to get the object allocation traceback
/home/alexander/Schreibtisch/ofa-v2/src/tools/result_audit.py:1341: ResourceWarning: unclosed file <_io.TextIOWrapper name='/home/alexander/Schreibtisch/ofa-v2/campaign3_blind/runs/C3_27b_MCP_seed2701/work/coupled_simulation/solution_level3_B.csv' mode='r' encoding='UTF-8'>
  rows = [r for r in _csv.reader(f.open())
ResourceWarning: Enable tracemalloc to get the object allocation traceback
/home/alexander/Schreibtisch/ofa-v2/src/tools/result_audit.py:419: ResourceWarning: unclosed file <_io.TextIOWrapper name='/home/alexander/Schreibtisch/ofa-v2/campaign3_blind/runs/C3_27b_MCP_seed2703/work/coupled_simulation/residual_level1.csv' mode='r' encoding='UTF-8'>
  body = tuple(r[-1].strip() for r in _csv.reader(q.open()) if r)
ResourceWarning: Enable tracemalloc to get the object allocation traceback
/home/alexander/Schreibtisch/ofa-v2/src/tools/result_audit.py:419: ResourceWarning: unclosed file <_io.TextIOWrapper name='/home/alexander/Schreibtisch/ofa-v2/campaign3_blind/runs/C3_27b_MCP_seed2703/work/coupled_simulation/residual_level2.csv' mode='r' encoding='UTF-8'>
  body = tuple(r[-1].strip() for r in _csv.reader(q.open()) if r)
ResourceWarning: Enable tracemalloc to get the object allocation traceback
/home/alexander/Schreibtisch/ofa-v2/src/tools/result_audit.py:419: ResourceWarning: unclosed file <_io.TextIOWrapper name='/home/alexander/Schreibtisch/ofa-v2/campaign3_blind/runs/C3_27b_MCP_seed2703/work/coupled_simulation/residual_level3.csv' mode='r' encoding='UTF-8'>
  body = tuple(r[-1].strip() for r in _csv.reader(q.open()) if r)
ResourceWarning: Enable tracemalloc to get the object allocation traceback
/home/alexander/Schreibtisch/ofa-v2/src/tools/result_audit.py:534: ResourceWarning: unclosed file <_io.TextIOWrapper name='/home/alexander/Schreibtisch/ofa-v2/campaign3_blind/runs/C3_27b_MCP_seed2703/work/coupled_simulation/solution_level1_A.csv' mode='r' encoding='UTF-8'>
  rows = sum(1 for _ in open(sol0[0], errors="ignore")) - 1
ResourceWarning: Enable tracemalloc to get the object allocation traceback
/home/alexander/Schreibtisch/ofa-v2/src/tools/result_audit.py:1341: ResourceWarning: unclosed file <_io.TextIOWrapper name='/home/alexander/Schreibtisch/ofa-v2/campaign3_blind/runs/C3_27b_MCP_seed2703/work/coupled_simulation/solution_level1_A.csv' mode='r' encoding='UTF-8'>
  rows = [r for r in _csv.reader(f.open())
ResourceWarning: Enable tracemalloc to get the object allocation traceback
/home/alexander/Schreibtisch/ofa-v2/src/tools/result_audit.py:1341: ResourceWarning: unclosed file <_io.TextIOWrapper name='/home/alexander/Schreibtisch/ofa-v2/campaign3_blind/runs/C3_27b_MCP_seed2703/work/coupled_simulation/solution_level1_B.csv' mode='r' encoding='UTF-8'>
  rows = [r for r in _csv.reader(f.open())
ResourceWarning: Enable tracemalloc to get the object allocation traceback
/home/alexander/Schreibtisch/ofa-v2/src/tools/result_audit.py:1341: ResourceWarning: unclosed file <_io.TextIOWrapper name='/home/alexander/Schreibtisch/ofa-v2/campaign3_blind/runs/C3_27b_MCP_seed2703/work/coupled_simulation/solution_level2_A.csv' mode='r' encoding='UTF-8'>
  rows = [r for r in _csv.reader(f.open())
ResourceWarning: Enable tracemalloc to get the object allocation traceback
/home/alexander/Schreibtisch/ofa-v2/src/tools/result_audit.py:1341: ResourceWarning: unclosed file <_io.TextIOWrapper name='/home/alexander/Schreibtisch/ofa-v2/campaign3_blind/runs/C3_27b_MCP_seed2703/work/coupled_simulation/solution_level2_B.csv' mode='r' encoding='UTF-8'>
  rows = [r for r in _csv.reader(f.open())
ResourceWarning: Enable tracemalloc to get the object allocation traceback
/home/alexander/Schreibtisch/ofa-v2/src/tools/result_audit.py:1341: ResourceWarning: unclosed file <_io.TextIOWrapper name='/home/alexander/Schreibtisch/ofa-v2/campaign3_blind/runs/C3_27b_MCP_seed2703/work/coupled_simulation/solution_level3_A.csv' mode='r' encoding='UTF-8'>
  rows = [r for r in _csv.reader(f.open())
ResourceWarning: Enable tracemalloc to get the object allocation traceback
/home/alexander/Schreibtisch/ofa-v2/src/tools/result_audit.py:1341: ResourceWarning: unclosed file <_io.TextIOWrapper name='/home/alexander/Schreibtisch/ofa-v2/campaign3_blind/runs/C3_27b_MCP_seed2703/work/coupled_simulation/solution_level3_B.csv' mode='r' encoding='UTF-8'>
  rows = [r for r in _csv.reader(f.open())
ResourceWarning: Enable tracemalloc to get the object allocation traceback
/home/alexander/Schreibtisch/ofa-v2/src/tools/result_audit.py:419: ResourceWarning: unclosed file <_io.TextIOWrapper name='/home/alexander/Schreibtisch/ofa-v2/campaign3_blind/runs/C3_27b_MCP_seed2701/work/coupled_simulation/residual_level1.csv' mode='r' encoding='UTF-8'>
  body = tuple(r[-1].strip() for r in _csv.reader(q.open()) if r)
ResourceWarning: Enable tracemalloc to get the object allocation traceback
/home/alexander/Schreibtisch/ofa-v2/src/tools/result_audit.py:419: ResourceWarning: unclosed file <_io.TextIOWrapper name='/home/alexander/Schreibtisch/ofa-v2/campaign3_blind/runs/C3_27b_MCP_seed2701/work/coupled_simulation/residual_level3.csv' mode='r' encoding='UTF-8'>
  body = tuple(r[-1].strip() for r in _csv.reader(q.open()) if r)
ResourceWarning: Enable tracemalloc to get the object allocation traceback
2026-09-03 18:14:18,335 [oasis] INFO: Session journal saved: /tmp/oasis-source/data/sessions/session_34e56e77-7638-49a9-939a-2e83eef2bde8.json (3 events)
[preflight] custody controls verified for 1 problem(s); keys sealed and unreadable by execution
[phase: development] results are for post-mortems and convergence checking, NOT for the paper's evaluation table.
[DUNE cache] sha256=dc2d5b8ff2ebf98e... (neutral, private copy per cell)
[C3 27b MCP s2703] done  calls=95 tok=10198443/80267 2288.6s
/home/alexander/.local/share/python/cpython-3.12.13-linux-x86_64-gnu/lib/python3.12/asyncio/selector_events.py:879: ResourceWarning: unclosed transport <_SelectorSocketTransport fd=9>
<<< C3 seed 2703 done 2026-09-03 18:14:19
/home/alexander/Schreibtisch/ofa-v2/src/tools/workspace_advisor.py:80: ResourceWarning: unclosed file <_io.TextIOWrapper name='/home/alexander/Schreibtisch/ofa-v2/campaign3_blind/runs/C3_27b_MCP_seed2701/work/coupled_simulation/residual_level1.csv' mode='r' encoding='UTF-8'>
  rows = [row for row in _csv.reader(r.open()) if row]
ResourceWarning: Enable tracemalloc to get the object allocation traceback
/home/alexander/Schreibtisch/ofa-v2/src/tools/workspace_advisor.py:80: ResourceWarning: unclosed file <_io.TextIOWrapper name='/home/alexander/Schreibtisch/ofa-v2/campaign3_blind/runs/C3_27b_MCP_seed2701/work/coupled_simulation/residual_level3.csv' mode='r' encoding='UTF-8'>
  rows = [row for row in _csv.reader(r.open()) if row]
ResourceWarning: Enable tracemalloc to get the object allocation traceback
/home/alexander/Schreibtisch/ofa-v2/src/tools/result_audit.py:419: ResourceWarning: unclosed file <_io.TextIOWrapper name='/home/alexander/Schreibtisch/ofa-v2/campaign3_blind/runs/C3_27b_MCP_seed2701/work/coupled_simulation/residual_level1.csv' mode='r' encoding='UTF-8'>
  body = tuple(r[-1].strip() for r in _csv.reader(q.open()) if r)
ResourceWarning: Enable tracemalloc to get the object allocation traceback
/home/alexander/Schreibtisch/ofa-v2/src/tools/result_audit.py:419: ResourceWarning: unclosed file <_io.TextIOWrapper name='/home/alexander/Schreibtisch/ofa-v2/campaign3_blind/runs/C3_27b_MCP_seed2701/work/coupled_simulation/residual_level3.csv' mode='r' encoding='UTF-8'>
  body = tuple(r[-1].strip() for r in _csv.reader(q.open()) if r)
ResourceWarning: Enable tracemalloc to get the object allocation traceback
/home/alexander/Schreibtisch/ofa-v2/src/tools/result_audit.py:534: ResourceWarning: unclosed file <_io.TextIOWrapper name='/home/alexander/Schreibtisch/ofa-v2/campaign3_blind/runs/C3_27b_MCP_seed2701/work/coupled_simulation/solution_level1_A.csv' mode='r' encoding='UTF-8'>
  rows = sum(1 for _ in open(sol0[0], errors="ignore")) - 1
ResourceWarning: Enable tracemalloc to get the object allocation traceback
/home/alexander/Schreibtisch/ofa-v2/src/tools/result_audit.py:1341: ResourceWarning: unclosed file <_io.TextIOWrapper name='/home/alexander/Schreibtisch/ofa-v2/campaign3_blind/runs/C3_27b_MCP_seed2701/work/coupled_simulation/solution_level1_A.csv' mode='r' encoding='UTF-8'>
  rows = [r for r in _csv.reader(f.open())
ResourceWarning: Enable tracemalloc to get the object allocation traceback
/home/alexander/Schreibtisch/ofa-v2/src/tools/result_audit.py:1341: ResourceWarning: unclosed file <_io.TextIOWrapper name='/home/alexander/Schreibtisch/ofa-v2/campaign3_blind/runs/C3_27b_MCP_seed2701/work/coupled_simulation/solution_level1_B.csv' mode='r' encoding='UTF-8'>
  rows = [r for r in _csv.reader(f.open())
ResourceWarning: Enable tracemalloc to get the object allocation traceback
/home/alexander/Schreibtisch/ofa-v2/src/tools/result_audit.py:1341: ResourceWarning: unclosed file <_io.TextIOWrapper name='/home/alexander/Schreibtisch/ofa-v2/campaign3_blind/runs/C3_27b_MCP_seed2701/work/coupled_simulation/solution_level2_A.csv' mode='r' encoding='UTF-8'>
  rows = [r for r in _csv.reader(f.open())
ResourceWarning: Enable tracemalloc to get the object allocation traceback
/home/alexander/Schreibtisch/ofa-v2/src/tools/result_audit.py:1341: ResourceWarning: unclosed file <_io.TextIOWrapper name='/home/alexander/Schreibtisch/ofa-v2/campaign3_blind/runs/C3_27b_MCP_seed2701/work/coupled_simulation/solution_level2_B.csv' mode='r' encoding='UTF-8'>
  rows = [r for r in _csv.reader(f.open())
ResourceWarning: Enable tracemalloc to get the object allocation traceback
/home/alexander/Schreibtisch/ofa-v2/src/tools/result_audit.py:1341: ResourceWarning: unclosed file <_io.TextIOWrapper name='/home/alexander/Schreibtisch/ofa-v2/campaign3_blind/runs/C3_27b_MCP_seed2701/work/coupled_simulation/solution_level3_A.csv' mode='r' encoding='UTF-8'>
  rows = [r for r in _csv.reader(f.open())
ResourceWarning: Enable tracemalloc to get the object allocation traceback
/home/alexander/Schreibtisch/ofa-v2/src/tools/result_audit.py:1341: ResourceWarning: unclosed file <_io.TextIOWrapper name='/home/alexander/Schreibtisch/ofa-v2/campaign3_blind/runs/C3_27b_MCP_seed2701/work/coupled_simulation/solution_level3_B.csv' mode='r' encoding='UTF-8'>
  rows = [r for r in _csv.reader(f.open())
ResourceWarning: Enable tracemalloc to get the object allocation traceback
/home/alexander/Schreibtisch/ofa-v2/src/tools/workspace_advisor.py:80: ResourceWarning: unclosed file <_io.TextIOWrapper name='/home/alexander/Schreibtisch/ofa-v2/campaign3_blind/runs/C3_27b_MCP_seed2701/work/coupled_simulation/residual_level1.csv' mode='r' encoding='UTF-8'>
  rows = [row for row in _csv.reader(r.open()) if row]
ResourceWarning: Enable tracemalloc to get the object allocation traceback
/home/alexander/Schreibtisch/ofa-v2/src/tools/workspace_advisor.py:80: ResourceWarning: unclosed file <_io.TextIOWrapper name='/home/alexander/Schreibtisch/ofa-v2/campaign3_blind/runs/C3_27b_MCP_seed2701/work/coupled_simulation/residual_level3.csv' mode='r' encoding='UTF-8'>
  rows = [row for row in _csv.reader(r.open()) if row]
ResourceWarning: Enable tracemalloc to get the object allocation traceback
/home/alexander/Schreibtisch/ofa-v2/src/tools/result_audit.py:419: ResourceWarning: unclosed file <_io.TextIOWrapper name='/home/alexander/Schreibtisch/ofa-v2/campaign3_blind/runs/C3_27b_MCP_seed2701/work/coupled_simulation/residual_level1.csv' mode='r' encoding='UTF-8'>
  body = tuple(r[-1].strip() for r in _csv.reader(q.open()) if r)
ResourceWarning: Enable tracemalloc to get the object allocation traceback
/home/alexander/Schreibtisch/ofa-v2/src/tools/result_audit.py:419: ResourceWarning: unclosed file <_io.TextIOWrapper name='/home/alexander/Schreibtisch/ofa-v2/campaign3_blind/runs/C3_27b_MCP_seed2701/work/coupled_simulation/residual_level3.csv' mode='r' encoding='UTF-8'>
  body = tuple(r[-1].strip() for r in _csv.reader(q.open()) if r)
ResourceWarning: Enable tracemalloc to get the object allocation traceback
/home/alexander/Schreibtisch/ofa-v2/src/tools/result_audit.py:534: ResourceWarning: unclosed file <_io.TextIOWrapper name='/home/alexander/Schreibtisch/ofa-v2/campaign3_blind/runs/C3_27b_MCP_seed2701/work/coupled_simulation/solution_level1_A.csv' mode='r' encoding='UTF-8'>
  rows = sum(1 for _ in open(sol0[0], errors="ignore")) - 1
ResourceWarning: Enable tracemalloc to get the object allocation traceback
/home/alexander/Schreibtisch/ofa-v2/src/tools/result_audit.py:1341: ResourceWarning: unclosed file <_io.TextIOWrapper name='/home/alexander/Schreibtisch/ofa-v2/campaign3_blind/runs/C3_27b_MCP_seed2701/work/coupled_simulation/solution_level1_A.csv' mode='r' encoding='UTF-8'>
  rows = [r for r in _csv.reader(f.open())
ResourceWarning: Enable tracemalloc to get the object allocation traceback
/home/alexander/Schreibtisch/ofa-v2/src/tools/result_audit.py:1341: ResourceWarning: unclosed file <_io.TextIOWrapper name='/home/alexander/Schreibtisch/ofa-v2/campaign3_blind/runs/C3_27b_MCP_seed2701/work/coupled_simulation/solution_level1_B.csv' mode='r' encoding='UTF-8'>
  rows = [r for r in _csv.reader(f.open())
ResourceWarning: Enable tracemalloc to get the object allocation traceback
/home/alexander/Schreibtisch/ofa-v2/src/tools/result_audit.py:1341: ResourceWarning: unclosed file <_io.TextIOWrapper name='/home/alexander/Schreibtisch/ofa-v2/campaign3_blind/runs/C3_27b_MCP_seed2701/work/coupled_simulation/solution_level2_A.csv' mode='r' encoding='UTF-8'>
  rows = [r for r in _csv.reader(f.open())
ResourceWarning: Enable tracemalloc to get the object allocation traceback
/home/alexander/Schreibtisch/ofa-v2/src/tools/result_audit.py:1341: ResourceWarning: unclosed file <_io.TextIOWrapper name='/home/alexander/Schreibtisch/ofa-v2/campaign3_blind/runs/C3_27b_MCP_seed2701/work/coupled_simulation/solution_level2_B.csv' mode='r' encoding='UTF-8'>
  rows = [r for r in _csv.reader(f.open())
ResourceWarning: Enable tracemalloc to get the object allocation traceback
/home/alexander/Schreibtisch/ofa-v2/src/tools/result_audit.py:1341: ResourceWarning: unclosed file <_io.TextIOWrapper name='/home/alexander/Schreibtisch/ofa-v2/campaign3_blind/runs/C3_27b_MCP_seed2701/work/coupled_simulation/solution_level3_A.csv' mode='r' encoding='UTF-8'>
  rows = [r for r in _csv.reader(f.open())
ResourceWarning: Enable tracemalloc to get the object allocation traceback
/home/alexander/Schreibtisch/ofa-v2/src/tools/result_audit.py:1341: ResourceWarning: unclosed file <_io.TextIOWrapper name='/home/alexander/Schreibtisch/ofa-v2/campaign3_blind/runs/C3_27b_MCP_seed2701/work/coupled_simulation/solution_level3_B.csv' mode='r' encoding='UTF-8'>
  rows = [r for r in _csv.reader(f.open())
ResourceWarning: Enable tracemalloc to get the object allocation traceback
/home/alexander/Schreibtisch/ofa-v2/src/tools/workspace_advisor.py:80: ResourceWarning: unclosed file <_io.TextIOWrapper name='/home/alexander/Schreibtisch/ofa-v2/campaign3_blind/runs/C3_27b_MCP_seed2701/work/coupled_simulation/residual_level1.csv' mode='r' encoding='UTF-8'>
  rows = [row for row in _csv.reader(r.open()) if row]
ResourceWarning: Enable tracemalloc to get the object allocation traceback
/home/alexander/Schreibtisch/ofa-v2/src/tools/workspace_advisor.py:80: ResourceWarning: unclosed file <_io.TextIOWrapper name='/home/alexander/Schreibtisch/ofa-v2/campaign3_blind/runs/C3_27b_MCP_seed2701/work/coupled_simulation/residual_level3.csv' mode='r' encoding='UTF-8'>
  rows = [row for row in _csv.reader(r.open()) if row]
ResourceWarning: Enable tracemalloc to get the object allocation traceback
/home/alexander/Schreibtisch/ofa-v2/src/tools/result_audit.py:419: ResourceWarning: unclosed file <_io.TextIOWrapper name='/home/alexander/Schreibtisch/ofa-v2/campaign3_blind/runs/C3_27b_MCP_seed2701/work/coupled_simulation/residual_level1.csv' mode='r' encoding='UTF-8'>
  body = tuple(r[-1].strip() for r in _csv.reader(q.open()) if r)
ResourceWarning: Enable tracemalloc to get the object allocation traceback
/home/alexander/Schreibtisch/ofa-v2/src/tools/result_audit.py:419: ResourceWarning: unclosed file <_io.TextIOWrapper name='/home/alexander/Schreibtisch/ofa-v2/campaign3_blind/runs/C3_27b_MCP_seed2701/work/coupled_simulation/residual_level3.csv' mode='r' encoding='UTF-8'>
  body = tuple(r[-1].strip() for r in _csv.reader(q.open()) if r)
ResourceWarning: Enable tracemalloc to get the object allocation traceback
/home/alexander/Schreibtisch/ofa-v2/src/tools/result_audit.py:534: ResourceWarning: unclosed file <_io.TextIOWrapper name='/home/alexander/Schreibtisch/ofa-v2/campaign3_blind/runs/C3_27b_MCP_seed2701/work/coupled_simulation/solution_level1_A.csv' mode='r' encoding='UTF-8'>
  rows = sum(1 for _ in open(sol0[0], errors="ignore")) - 1
ResourceWarning: Enable tracemalloc to get the object allocation traceback
/home/alexander/Schreibtisch/ofa-v2/src/tools/result_audit.py:1341: ResourceWarning: unclosed file <_io.TextIOWrapper name='/home/alexander/Schreibtisch/ofa-v2/campaign3_blind/runs/C3_27b_MCP_seed2701/work/coupled_simulation/solution_level1_A.csv' mode='r' encoding='UTF-8'>
  rows = [r for r in _csv.reader(f.open())
ResourceWarning: Enable tracemalloc to get the object allocation traceback
/home/alexander/Schreibtisch/ofa-v2/src/tools/result_audit.py:1341: ResourceWarning: unclosed file <_io.TextIOWrapper name='/home/alexander/Schreibtisch/ofa-v2/campaign3_blind/runs/C3_27b_MCP_seed2701/work/coupled_simulation/solution_level1_B.csv' mode='r' encoding='UTF-8'>
  rows = [r for r in _csv.reader(f.open())
ResourceWarning: Enable tracemalloc to get the object allocation traceback
/home/alexander/Schreibtisch/ofa-v2/src/tools/result_audit.py:1341: ResourceWarning: unclosed file <_io.TextIOWrapper name='/home/alexander/Schreibtisch/ofa-v2/campaign3_blind/runs/C3_27b_MCP_seed2701/work/coupled_simulation/solution_level2_A.csv' mode='r' encoding='UTF-8'>
  rows = [r for r in _csv.reader(f.open())
ResourceWarning: Enable tracemalloc to get the object allocation traceback
/home/alexander/Schreibtisch/ofa-v2/src/tools/result_audit.py:1341: ResourceWarning: unclosed file <_io.TextIOWrapper name='/home/alexander/Schreibtisch/ofa-v2/campaign3_blind/runs/C3_27b_MCP_seed2701/work/coupled_simulation/solution_level2_B.csv' mode='r' encoding='UTF-8'>
  rows = [r for r in _csv.reader(f.open())
ResourceWarning: Enable tracemalloc to get the object allocation traceback
/home/alexander/Schreibtisch/ofa-v2/src/tools/result_audit.py:1341: ResourceWarning: unclosed file <_io.TextIOWrapper name='/home/alexander/Schreibtisch/ofa-v2/campaign3_blind/runs/C3_27b_MCP_seed2701/work/coupled_simulation/solution_level3_A.csv' mode='r' encoding='UTF-8'>
  rows = [r for r in _csv.reader(f.open())
ResourceWarning: Enable tracemalloc to get the object allocation traceback
/home/alexander/Schreibtisch/ofa-v2/src/tools/result_audit.py:1341: ResourceWarning: unclosed file <_io.TextIOWrapper name='/home/alexander/Schreibtisch/ofa-v2/campaign3_blind/runs/C3_27b_MCP_seed2701/work/coupled_simulation/solution_level3_B.csv' mode='r' encoding='UTF-8'>
  rows = [r for r in _csv.reader(f.open())
ResourceWarning: Enable tracemalloc to get the object allocation traceback
/home/alexander/Schreibtisch/ofa-v2/src/tools/workspace_advisor.py:80: ResourceWarning: unclosed file <_io.TextIOWrapper name='/home/alexander/Schreibtisch/ofa-v2/campaign3_blind/runs/C3_27b_MCP_seed2701/work/coupled_simulation/residual_level1.csv' mode='r' encoding='UTF-8'>
  rows = [row for row in _csv.reader(r.open()) if row]
ResourceWarning: Enable tracemalloc to get the object allocation traceback
/home/alexander/Schreibtisch/ofa-v2/src/tools/workspace_advisor.py:80: ResourceWarning: unclosed file <_io.TextIOWrapper name='/home/alexander/Schreibtisch/ofa-v2/campaign3_blind/runs/C3_27b_MCP_seed2701/work/coupled_simulation/residual_level3.csv' mode='r' encoding='UTF-8'>
  rows = [row for row in _csv.reader(r.open()) if row]
ResourceWarning: Enable tracemalloc to get the object allocation traceback
/home/alexander/Schreibtisch/ofa-v2/src/tools/result_audit.py:419: ResourceWarning: unclosed file <_io.TextIOWrapper name='/home/alexander/Schreibtisch/ofa-v2/campaign3_blind/runs/C3_27b_MCP_seed2701/work/coupled_simulation/residual_level1.csv' mode='r' encoding='UTF-8'>
  body = tuple(r[-1].strip() for r in _csv.reader(q.open()) if r)
ResourceWarning: Enable tracemalloc to get the object allocation traceback
/home/alexander/Schreibtisch/ofa-v2/src/tools/result_audit.py:419: ResourceWarning: unclosed file <_io.TextIOWrapper name='/home/alexander/Schreibtisch/ofa-v2/campaign3_blind/runs/C3_27b_MCP_seed2701/work/coupled_simulation/residual_level3.csv' mode='r' encoding='UTF-8'>
  body = tuple(r[-1].strip() for r in _csv.reader(q.open()) if r)
ResourceWarning: Enable tracemalloc to get the object allocation traceback
/home/alexander/Schreibtisch/ofa-v2/src/tools/result_audit.py:534: ResourceWarning: unclosed file <_io.TextIOWrapper name='/home/alexander/Schreibtisch/ofa-v2/campaign3_blind/runs/C3_27b_MCP_seed2701/work/coupled_simulation/solution_level1_A.csv' mode='r' encoding='UTF-8'>
  rows = sum(1 for _ in open(sol0[0], errors="ignore")) - 1
ResourceWarning: Enable tracemalloc to get the object allocation traceback
/home/alexander/Schreibtisch/ofa-v2/src/tools/result_audit.py:1341: ResourceWarning: unclosed file <_io.TextIOWrapper name='/home/alexander/Schreibtisch/ofa-v2/campaign3_blind/runs/C3_27b_MCP_seed2701/work/coupled_simulation/solution_level1_A.csv' mode='r' encoding='UTF-8'>
  rows = [r for r in _csv.reader(f.open())
ResourceWarning: Enable tracemalloc to get the object allocation traceback
/home/alexander/Schreibtisch/ofa-v2/src/tools/result_audit.py:1341: ResourceWarning: unclosed file <_io.TextIOWrapper name='/home/alexander/Schreibtisch/ofa-v2/campaign3_blind/runs/C3_27b_MCP_seed2701/work/coupled_simulation/solution_level1_B.csv' mode='r' encoding='UTF-8'>
  rows = [r for r in _csv.reader(f.open())
ResourceWarning: Enable tracemalloc to get the object allocation traceback
/home/alexander/Schreibtisch/ofa-v2/src/tools/result_audit.py:1341: ResourceWarning: unclosed file <_io.TextIOWrapper name='/home/alexander/Schreibtisch/ofa-v2/campaign3_blind/runs/C3_27b_MCP_seed2701/work/coupled_simulation/solution_level2_A.csv' mode='r' encoding='UTF-8'>
  rows = [r for r in _csv.reader(f.open())
ResourceWarning: Enable tracemalloc to get the object allocation traceback
/home/alexander/Schreibtisch/ofa-v2/src/tools/result_audit.py:1341: ResourceWarning: unclosed file <_io.TextIOWrapper name='/home/alexander/Schreibtisch/ofa-v2/campaign3_blind/runs/C3_27b_MCP_seed2701/work/coupled_simulation/solution_level2_B.csv' mode='r' encoding='UTF-8'>
  rows = [r for r in _csv.reader(f.open())
ResourceWarning: Enable tracemalloc to get the object allocation traceback
/home/alexander/Schreibtisch/ofa-v2/src/tools/result_audit.py:1341: ResourceWarning: unclosed file <_io.TextIOWrapper name='/home/alexander/Schreibtisch/ofa-v2/campaign3_blind/runs/C3_27b_MCP_seed2701/work/coupled_simulation/solution_level3_A.csv' mode='r' encoding='UTF-8'>
  rows = [r for r in _csv.reader(f.open())
ResourceWarning: Enable tracemalloc to get the object allocation traceback
/home/alexander/Schreibtisch/ofa-v2/src/tools/result_audit.py:1341: ResourceWarning: unclosed file <_io.TextIOWrapper name='/home/alexander/Schreibtisch/ofa-v2/campaign3_blind/runs/C3_27b_MCP_seed2701/work/coupled_simulation/solution_level3_B.csv' mode='r' encoding='UTF-8'>
  rows = [r for r in _csv.reader(f.open())
ResourceWarning: Enable tracemalloc to get the object allocation traceback
/home/alexander/Schreibtisch/ofa-v2/src/tools/result_audit.py:419: ResourceWarning: unclosed file <_io.TextIOWrapper name='/home/alexander/Schreibtisch/ofa-v2/campaign3_blind/runs/C3_27b_MCP_seed2701/work/coupled_simulation/residual_level1.csv' mode='r' encoding='UTF-8'>
  body = tuple(r[-1].strip() for r in _csv.reader(q.open()) if r)
ResourceWarning: Enable tracemalloc to get the object allocation traceback
/home/alexander/Schreibtisch/ofa-v2/src/tools/result_audit.py:419: ResourceWarning: unclosed file <_io.TextIOWrapper name='/home/alexander/Schreibtisch/ofa-v2/campaign3_blind/runs/C3_27b_MCP_seed2701/work/coupled_simulation/residual_level2.csv' mode='r' encoding='UTF-8'>
  body = tuple(r[-1].strip() for r in _csv.reader(q.open()) if r)
ResourceWarning: Enable tracemalloc to get the object allocation traceback
/home/alexander/Schreibtisch/ofa-v2/src/tools/result_audit.py:419: ResourceWarning: unclosed file <_io.TextIOWrapper name='/home/alexander/Schreibtisch/ofa-v2/campaign3_blind/runs/C3_27b_MCP_seed2701/work/coupled_simulation/residual_level3.csv' mode='r' encoding='UTF-8'>
  body = tuple(r[-1].strip() for r in _csv.reader(q.open()) if r)
ResourceWarning: Enable tracemalloc to get the object allocation traceback
/home/alexander/Schreibtisch/ofa-v2/src/tools/workspace_advisor.py:80: ResourceWarning: unclosed file <_io.TextIOWrapper name='/home/alexander/Schreibtisch/ofa-v2/campaign3_blind/runs/C3_27b_MCP_seed2701/work/coupled_simulation/residual_level1.csv' mode='r' encoding='UTF-8'>
  rows = [row for row in _csv.reader(r.open()) if row]
ResourceWarning: Enable tracemalloc to get the object allocation traceback
/home/alexander/Schreibtisch/ofa-v2/src/tools/workspace_advisor.py:80: ResourceWarning: unclosed file <_io.TextIOWrapper name='/home/alexander/Schreibtisch/ofa-v2/campaign3_blind/runs/C3_27b_MCP_seed2701/work/coupled_simulation/residual_level2.csv' mode='r' encoding='UTF-8'>
  rows = [row for row in _csv.reader(r.open()) if row]
ResourceWarning: Enable tracemalloc to get the object allocation traceback
/home/alexander/Schreibtisch/ofa-v2/src/tools/workspace_advisor.py:80: ResourceWarning: unclosed file <_io.TextIOWrapper name='/home/alexander/Schreibtisch/ofa-v2/campaign3_blind/runs/C3_27b_MCP_seed2701/work/coupled_simulation/residual_level3.csv' mode='r' encoding='UTF-8'>
  rows = [row for row in _csv.reader(r.open()) if row]
ResourceWarning: Enable tracemalloc to get the object allocation traceback
/home/alexander/Schreibtisch/ofa-v2/src/tools/result_audit.py:419: ResourceWarning: unclosed file <_io.TextIOWrapper name='/home/alexander/Schreibtisch/ofa-v2/campaign3_blind/runs/C3_27b_MCP_seed2701/work/coupled_simulation/residual_level1.csv' mode='r' encoding='UTF-8'>
  body = tuple(r[-1].strip() for r in _csv.reader(q.open()) if r)
ResourceWarning: Enable tracemalloc to get the object allocation traceback
/home/alexander/Schreibtisch/ofa-v2/src/tools/result_audit.py:419: ResourceWarning: unclosed file <_io.TextIOWrapper name='/home/alexander/Schreibtisch/ofa-v2/campaign3_blind/runs/C3_27b_MCP_seed2701/work/coupled_simulation/residual_level2.csv' mode='r' encoding='UTF-8'>
  body = tuple(r[-1].strip() for r in _csv.reader(q.open()) if r)
ResourceWarning: Enable tracemalloc to get the object allocation traceback
/home/alexander/Schreibtisch/ofa-v2/src/tools/result_audit.py:419: ResourceWarning: unclosed file <_io.TextIOWrapper name='/home/alexander/Schreibtisch/ofa-v2/campaign3_blind/runs/C3_27b_MCP_seed2701/work/coupled_simulation/residual_level3.csv' mode='r' encoding='UTF-8'>
  body = tuple(r[-1].strip() for r in _csv.reader(q.open()) if r)
ResourceWarning: Enable tracemalloc to get the object allocation traceback
/home/alexander/Schreibtisch/ofa-v2/src/tools/result_audit.py:534: ResourceWarning: unclosed file <_io.TextIOWrapper name='/home/alexander/Schreibtisch/ofa-v2/campaign3_blind/runs/C3_27b_MCP_seed2701/work/coupled_simulation/solution_level1_A.csv' mode='r' encoding='UTF-8'>
  rows = sum(1 for _ in open(sol0[0], errors="ignore")) - 1
ResourceWarning: Enable tracemalloc to get the object allocation traceback
/home/alexander/Schreibtisch/ofa-v2/src/tools/result_audit.py:1341: ResourceWarning: unclosed file <_io.TextIOWrapper name='/home/alexander/Schreibtisch/ofa-v2/campaign3_blind/runs/C3_27b_MCP_seed2701/work/coupled_simulation/solution_level1_A.csv' mode='r' encoding='UTF-8'>
  rows = [r for r in _csv.reader(f.open())
ResourceWarning: Enable tracemalloc to get the object allocation traceback
/home/alexander/Schreibtisch/ofa-v2/src/tools/result_audit.py:1341: ResourceWarning: unclosed file <_io.TextIOWrapper name='/home/alexander/Schreibtisch/ofa-v2/campaign3_blind/runs/C3_27b_MCP_seed2701/work/coupled_simulation/solution_level1_B.csv' mode='r' encoding='UTF-8'>
  rows = [r for r in _csv.reader(f.open())
ResourceWarning: Enable tracemalloc to get the object allocation traceback
/home/alexander/Schreibtisch/ofa-v2/src/tools/result_audit.py:1341: ResourceWarning: unclosed file <_io.TextIOWrapper name='/home/alexander/Schreibtisch/ofa-v2/campaign3_blind/runs/C3_27b_MCP_seed2701/work/coupled_simulation/solution_level2_A.csv' mode='r' encoding='UTF-8'>
  rows = [r for r in _csv.reader(f.open())
ResourceWarning: Enable tracemalloc to get the object allocation traceback
/home/alexander/Schreibtisch/ofa-v2/src/tools/result_audit.py:1341: ResourceWarning: unclosed file <_io.TextIOWrapper name='/home/alexander/Schreibtisch/ofa-v2/campaign3_blind/runs/C3_27b_MCP_seed2701/work/coupled_simulation/solution_level2_B.csv' mode='r' encoding='UTF-8'>
  rows = [r for r in _csv.reader(f.open())
ResourceWarning: Enable tracemalloc to get the object allocation traceback
/home/alexander/Schreibtisch/ofa-v2/src/tools/result_audit.py:1341: ResourceWarning: unclosed file <_io.TextIOWrapper name='/home/alexander/Schreibtisch/ofa-v2/campaign3_blind/runs/C3_27b_MCP_seed2701/work/coupled_simulation/solution_level3_A.csv' mode='r' encoding='UTF-8'>
  rows = [r for r in _csv.reader(f.open())
ResourceWarning: Enable tracemalloc to get the object allocation traceback
/home/alexander/Schreibtisch/ofa-v2/src/tools/result_audit.py:1341: ResourceWarning: unclosed file <_io.TextIOWrapper name='/home/alexander/Schreibtisch/ofa-v2/campaign3_blind/runs/C3_27b_MCP_seed2701/work/coupled_simulation/solution_level3_B.csv' mode='r' encoding='UTF-8'>
  rows = [r for r in _csv.reader(f.open())
ResourceWarning: Enable tracemalloc to get the object allocation traceback
/home/alexander/Schreibtisch/ofa-v2/src/tools/workspace_advisor.py:80: ResourceWarning: unclosed file <_io.TextIOWrapper name='/home/alexander/Schreibtisch/ofa-v2/campaign3_blind/runs/C3_27b_MCP_seed2701/work/coupled_simulation/residual_level1.csv' mode='r' encoding='UTF-8'>
  rows = [row for row in _csv.reader(r.open()) if row]
ResourceWarning: Enable tracemalloc to get the object allocation traceback
/home/alexander/Schreibtisch/ofa-v2/src/tools/workspace_advisor.py:80: ResourceWarning: unclosed file <_io.TextIOWrapper name='/home/alexander/Schreibtisch/ofa-v2/campaign3_blind/runs/C3_27b_MCP_seed2701/work/coupled_simulation/residual_level2.csv' mode='r' encoding='UTF-8'>
  rows = [row for row in _csv.reader(r.open()) if row]
ResourceWarning: Enable tracemalloc to get the object allocation traceback
/home/alexander/Schreibtisch/ofa-v2/src/tools/workspace_advisor.py:80: ResourceWarning: unclosed file <_io.TextIOWrapper name='/home/alexander/Schreibtisch/ofa-v2/campaign3_blind/runs/C3_27b_MCP_seed2701/work/coupled_simulation/residual_level3.csv' mode='r' encoding='UTF-8'>
  rows = [row for row in _csv.reader(r.open()) if row]
ResourceWarning: Enable tracemalloc to get the object allocation traceback
/home/alexander/Schreibtisch/ofa-v2/src/tools/result_audit.py:419: ResourceWarning: unclosed file <_io.TextIOWrapper name='/home/alexander/Schreibtisch/ofa-v2/campaign3_blind/runs/C3_27b_MCP_seed2701/work/coupled_simulation/residual_level1.csv' mode='r' encoding='UTF-8'>
  body = tuple(r[-1].strip() for r in _csv.reader(q.open()) if r)
ResourceWarning: Enable tracemalloc to get the object allocation traceback
/home/alexander/Schreibtisch/ofa-v2/src/tools/result_audit.py:419: ResourceWarning: unclosed file <_io.TextIOWrapper name='/home/alexander/Schreibtisch/ofa-v2/campaign3_blind/runs/C3_27b_MCP_seed2701/work/coupled_simulation/residual_level2.csv' mode='r' encoding='UTF-8'>
  body = tuple(r[-1].strip() for r in _csv.reader(q.open()) if r)
ResourceWarning: Enable tracemalloc to get the object allocation traceback
/home/alexander/Schreibtisch/ofa-v2/src/tools/result_audit.py:419: ResourceWarning: unclosed file <_io.TextIOWrapper name='/home/alexander/Schreibtisch/ofa-v2/campaign3_blind/runs/C3_27b_MCP_seed2701/work/coupled_simulation/residual_level3.csv' mode='r' encoding='UTF-8'>
  body = tuple(r[-1].strip() for r in _csv.reader(q.open()) if r)
ResourceWarning: Enable tracemalloc to get the object allocation traceback
/home/alexander/Schreibtisch/ofa-v2/src/tools/result_audit.py:534: ResourceWarning: unclosed file <_io.TextIOWrapper name='/home/alexander/Schreibtisch/ofa-v2/campaign3_blind/runs/C3_27b_MCP_seed2701/work/coupled_simulation/solution_level1_A.csv' mode='r' encoding='UTF-8'>
  rows = sum(1 for _ in open(sol0[0], errors="ignore")) - 1
ResourceWarning: Enable tracemalloc to get the object allocation traceback
/home/alexander/Schreibtisch/ofa-v2/src/tools/result_audit.py:1341: ResourceWarning: unclosed file <_io.TextIOWrapper name='/home/alexander/Schreibtisch/ofa-v2/campaign3_blind/runs/C3_27b_MCP_seed2701/work/coupled_simulation/solution_level1_A.csv' mode='r' encoding='UTF-8'>
  rows = [r for r in _csv.reader(f.open())
ResourceWarning: Enable tracemalloc to get the object allocation traceback
/home/alexander/Schreibtisch/ofa-v2/src/tools/result_audit.py:1341: ResourceWarning: unclosed file <_io.TextIOWrapper name='/home/alexander/Schreibtisch/ofa-v2/campaign3_blind/runs/C3_27b_MCP_seed2701/work/coupled_simulation/solution_level1_B.csv' mode='r' encoding='UTF-8'>
  rows = [r for r in _csv.reader(f.open())
ResourceWarning: Enable tracemalloc to get the object allocation traceback
/home/alexander/Schreibtisch/ofa-v2/src/tools/result_audit.py:1341: ResourceWarning: unclosed file <_io.TextIOWrapper name='/home/alexander/Schreibtisch/ofa-v2/campaign3_blind/runs/C3_27b_MCP_seed2701/work/coupled_simulation/solution_level2_A.csv' mode='r' encoding='UTF-8'>
  rows = [r for r in _csv.reader(f.open())
ResourceWarning: Enable tracemalloc to get the object allocation traceback
/home/alexander/Schreibtisch/ofa-v2/src/tools/result_audit.py:1341: ResourceWarning: unclosed file <_io.TextIOWrapper name='/home/alexander/Schreibtisch/ofa-v2/campaign3_blind/runs/C3_27b_MCP_seed2701/work/coupled_simulation/solution_level2_B.csv' mode='r' encoding='UTF-8'>
  rows = [r for r in _csv.reader(f.open())
ResourceWarning: Enable tracemalloc to get the object allocation traceback
/home/alexander/Schreibtisch/ofa-v2/src/tools/result_audit.py:1341: ResourceWarning: unclosed file <_io.TextIOWrapper name='/home/alexander/Schreibtisch/ofa-v2/campaign3_blind/runs/C3_27b_MCP_seed2701/work/coupled_simulation/solution_level3_A.csv' mode='r' encoding='UTF-8'>
  rows = [r for r in _csv.reader(f.open())
ResourceWarning: Enable tracemalloc to get the object allocation traceback
/home/alexander/Schreibtisch/ofa-v2/src/tools/result_audit.py:1341: ResourceWarning: unclosed file <_io.TextIOWrapper name='/home/alexander/Schreibtisch/ofa-v2/campaign3_blind/runs/C3_27b_MCP_seed2701/work/coupled_simulation/solution_level3_B.csv' mode='r' encoding='UTF-8'>
  rows = [r for r in _csv.reader(f.open())
ResourceWarning: Enable tracemalloc to get the object allocation traceback
/home/alexander/Schreibtisch/ofa-v2/src/tools/workspace_advisor.py:80: ResourceWarning: unclosed file <_io.TextIOWrapper name='/home/alexander/Schreibtisch/ofa-v2/campaign3_blind/runs/C3_27b_MCP_seed2701/work/coupled_simulation/residual_level1.csv' mode='r' encoding='UTF-8'>
  rows = [row for row in _csv.reader(r.open()) if row]
ResourceWarning: Enable tracemalloc to get the object allocation traceback
/home/alexander/Schreibtisch/ofa-v2/src/tools/workspace_advisor.py:80: ResourceWarning: unclosed file <_io.TextIOWrapper name='/home/alexander/Schreibtisch/ofa-v2/campaign3_blind/runs/C3_27b_MCP_seed2701/work/coupled_simulation/residual_level2.csv' mode='r' encoding='UTF-8'>
  rows = [row for row in _csv.reader(r.open()) if row]
ResourceWarning: Enable tracemalloc to get the object allocation traceback
/home/alexander/Schreibtisch/ofa-v2/src/tools/workspace_advisor.py:80: ResourceWarning: unclosed file <_io.TextIOWrapper name='/home/alexander/Schreibtisch/ofa-v2/campaign3_blind/runs/C3_27b_MCP_seed2701/work/coupled_simulation/residual_level3.csv' mode='r' encoding='UTF-8'>
  rows = [row for row in _csv.reader(r.open()) if row]
ResourceWarning: Enable tracemalloc to get the object allocation traceback
/home/alexander/Schreibtisch/ofa-v2/src/tools/result_audit.py:419: ResourceWarning: unclosed file <_io.TextIOWrapper name='/home/alexander/Schreibtisch/ofa-v2/campaign3_blind/runs/C3_27b_MCP_seed2701/work/coupled_simulation/residual_level1.csv' mode='r' encoding='UTF-8'>
  body = tuple(r[-1].strip() for r in _csv.reader(q.open()) if r)
ResourceWarning: Enable tracemalloc to get the object allocation traceback
/home/alexander/Schreibtisch/ofa-v2/src/tools/result_audit.py:419: ResourceWarning: unclosed file <_io.TextIOWrapper name='/home/alexander/Schreibtisch/ofa-v2/campaign3_blind/runs/C3_27b_MCP_seed2701/work/coupled_simulation/residual_level2.csv' mode='r' encoding='UTF-8'>
  body = tuple(r[-1].strip() for r in _csv.reader(q.open()) if r)
ResourceWarning: Enable tracemalloc to get the object allocation traceback
/home/alexander/Schreibtisch/ofa-v2/src/tools/result_audit.py:419: ResourceWarning: unclosed file <_io.TextIOWrapper name='/home/alexander/Schreibtisch/ofa-v2/campaign3_blind/runs/C3_27b_MCP_seed2701/work/coupled_simulation/residual_level3.csv' mode='r' encoding='UTF-8'>
  body = tuple(r[-1].strip() for r in _csv.reader(q.open()) if r)
ResourceWarning: Enable tracemalloc to get the object allocation traceback
/home/alexander/Schreibtisch/ofa-v2/src/tools/result_audit.py:534: ResourceWarning: unclosed file <_io.TextIOWrapper name='/home/alexander/Schreibtisch/ofa-v2/campaign3_blind/runs/C3_27b_MCP_seed2701/work/coupled_simulation/solution_level1_A.csv' mode='r' encoding='UTF-8'>
  rows = sum(1 for _ in open(sol0[0], errors="ignore")) - 1
ResourceWarning: Enable tracemalloc to get the object allocation traceback
/home/alexander/Schreibtisch/ofa-v2/src/tools/result_audit.py:1341: ResourceWarning: unclosed file <_io.TextIOWrapper name='/home/alexander/Schreibtisch/ofa-v2/campaign3_blind/runs/C3_27b_MCP_seed2701/work/coupled_simulation/solution_level1_A.csv' mode='r' encoding='UTF-8'>
  rows = [r for r in _csv.reader(f.open())
ResourceWarning: Enable tracemalloc to get the object allocation traceback
/home/alexander/Schreibtisch/ofa-v2/src/tools/result_audit.py:1341: ResourceWarning: unclosed file <_io.TextIOWrapper name='/home/alexander/Schreibtisch/ofa-v2/campaign3_blind/runs/C3_27b_MCP_seed2701/work/coupled_simulation/solution_level1_B.csv' mode='r' encoding='UTF-8'>
  rows = [r for r in _csv.reader(f.open())
ResourceWarning: Enable tracemalloc to get the object allocation traceback
/home/alexander/Schreibtisch/ofa-v2/src/tools/result_audit.py:1341: ResourceWarning: unclosed file <_io.TextIOWrapper name='/home/alexander/Schreibtisch/ofa-v2/campaign3_blind/runs/C3_27b_MCP_seed2701/work/coupled_simulation/solution_level2_A.csv' mode='r' encoding='UTF-8'>
  rows = [r for r in _csv.reader(f.open())
ResourceWarning: Enable tracemalloc to get the object allocation traceback
/home/alexander/Schreibtisch/ofa-v2/src/tools/result_audit.py:1341: ResourceWarning: unclosed file <_io.TextIOWrapper name='/home/alexander/Schreibtisch/ofa-v2/campaign3_blind/runs/C3_27b_MCP_seed2701/work/coupled_simulation/solution_level2_B.csv' mode='r' encoding='UTF-8'>
  rows = [r for r in _csv.reader(f.open())
ResourceWarning: Enable tracemalloc to get the object allocation traceback
/home/alexander/Schreibtisch/ofa-v2/src/tools/result_audit.py:1341: ResourceWarning: unclosed file <_io.TextIOWrapper name='/home/alexander/Schreibtisch/ofa-v2/campaign3_blind/runs/C3_27b_MCP_seed2701/work/coupled_simulation/solution_level3_A.csv' mode='r' encoding='UTF-8'>
  rows = [r for r in _csv.reader(f.open())
ResourceWarning: Enable tracemalloc to get the object allocation traceback
/home/alexander/Schreibtisch/ofa-v2/src/tools/result_audit.py:1341: ResourceWarning: unclosed file <_io.TextIOWrapper name='/home/alexander/Schreibtisch/ofa-v2/campaign3_blind/runs/C3_27b_MCP_seed2701/work/coupled_simulation/solution_level3_B.csv' mode='r' encoding='UTF-8'>
  rows = [r for r in _csv.reader(f.open())
ResourceWarning: Enable tracemalloc to get the object allocation traceback
/home/alexander/Schreibtisch/ofa-v2/src/tools/workspace_advisor.py:80: ResourceWarning: unclosed file <_io.TextIOWrapper name='/home/alexander/Schreibtisch/ofa-v2/campaign3_blind/runs/C3_27b_MCP_seed2701/work/coupled_simulation/residual_level1.csv' mode='r' encoding='UTF-8'>
  rows = [row for row in _csv.reader(r.open()) if row]
ResourceWarning: Enable tracemalloc to get the object allocation traceback
/home/alexander/Schreibtisch/ofa-v2/src/tools/workspace_advisor.py:80: ResourceWarning: unclosed file <_io.TextIOWrapper name='/home/alexander/Schreibtisch/ofa-v2/campaign3_blind/runs/C3_27b_MCP_seed2701/work/coupled_simulation/residual_level2.csv' mode='r' encoding='UTF-8'>
  rows = [row for row in _csv.reader(r.open()) if row]
ResourceWarning: Enable tracemalloc to get the object allocation traceback
/home/alexander/Schreibtisch/ofa-v2/src/tools/workspace_advisor.py:80: ResourceWarning: unclosed file <_io.TextIOWrapper name='/home/alexander/Schreibtisch/ofa-v2/campaign3_blind/runs/C3_27b_MCP_seed2701/work/coupled_simulation/residual_level3.csv' mode='r' encoding='UTF-8'>
  rows = [row for row in _csv.reader(r.open()) if row]
ResourceWarning: Enable tracemalloc to get the object allocation traceback
/home/alexander/Schreibtisch/ofa-v2/src/tools/result_audit.py:419: ResourceWarning: unclosed file <_io.TextIOWrapper name='/home/alexander/Schreibtisch/ofa-v2/campaign3_blind/runs/C3_27b_MCP_seed2701/work/coupled_simulation/residual_level1.csv' mode='r' encoding='UTF-8'>
  body = tuple(r[-1].strip() for r in _csv.reader(q.open()) if r)
ResourceWarning: Enable tracemalloc to get the object allocation traceback
/home/alexander/Schreibtisch/ofa-v2/src/tools/result_audit.py:419: ResourceWarning: unclosed file <_io.TextIOWrapper name='/home/alexander/Schreibtisch/ofa-v2/campaign3_blind/runs/C3_27b_MCP_seed2701/work/coupled_simulation/residual_level2.csv' mode='r' encoding='UTF-8'>
  body = tuple(r[-1].strip() for r in _csv.reader(q.open()) if r)
ResourceWarning: Enable tracemalloc to get the object allocation traceback
/home/alexander/Schreibtisch/ofa-v2/src/tools/result_audit.py:419: ResourceWarning: unclosed file <_io.TextIOWrapper name='/home/alexander/Schreibtisch/ofa-v2/campaign3_blind/runs/C3_27b_MCP_seed2701/work/coupled_simulation/residual_level3.csv' mode='r' encoding='UTF-8'>
  body = tuple(r[-1].strip() for r in _csv.reader(q.open()) if r)
ResourceWarning: Enable tracemalloc to get the object allocation traceback
/home/alexander/Schreibtisch/ofa-v2/src/tools/result_audit.py:534: ResourceWarning: unclosed file <_io.TextIOWrapper name='/home/alexander/Schreibtisch/ofa-v2/campaign3_blind/runs/C3_27b_MCP_seed2701/work/coupled_simulation/solution_level1_A.csv' mode='r' encoding='UTF-8'>
  rows = sum(1 for _ in open(sol0[0], errors="ignore")) - 1
ResourceWarning: Enable tracemalloc to get the object allocation traceback
/home/alexander/Schreibtisch/ofa-v2/src/tools/result_audit.py:1341: ResourceWarning: unclosed file <_io.TextIOWrapper name='/home/alexander/Schreibtisch/ofa-v2/campaign3_blind/runs/C3_27b_MCP_seed2701/work/coupled_simulation/solution_level1_A.csv' mode='r' encoding='UTF-8'>
  rows = [r for r in _csv.reader(f.open())
ResourceWarning: Enable tracemalloc to get the object allocation traceback
/home/alexander/Schreibtisch/ofa-v2/src/tools/result_audit.py:1341: ResourceWarning: unclosed file <_io.TextIOWrapper name='/home/alexander/Schreibtisch/ofa-v2/campaign3_blind/runs/C3_27b_MCP_seed2701/work/coupled_simulation/solution_level1_B.csv' mode='r' encoding='UTF-8'>
  rows = [r for r in _csv.reader(f.open())
ResourceWarning: Enable tracemalloc to get the object allocation traceback
/home/alexander/Schreibtisch/ofa-v2/src/tools/result_audit.py:1341: ResourceWarning: unclosed file <_io.TextIOWrapper name='/home/alexander/Schreibtisch/ofa-v2/campaign3_blind/runs/C3_27b_MCP_seed2701/work/coupled_simulation/solution_level2_A.csv' mode='r' encoding='UTF-8'>
  rows = [r for r in _csv.reader(f.open())
ResourceWarning: Enable tracemalloc to get the object allocation traceback
/home/alexander/Schreibtisch/ofa-v2/src/tools/result_audit.py:1341: ResourceWarning: unclosed file <_io.TextIOWrapper name='/home/alexander/Schreibtisch/ofa-v2/campaign3_blind/runs/C3_27b_MCP_seed2701/work/coupled_simulation/solution_level2_B.csv' mode='r' encoding='UTF-8'>
  rows = [r for r in _csv.reader(f.open())
ResourceWarning: Enable tracemalloc to get the object allocation traceback
/home/alexander/Schreibtisch/ofa-v2/src/tools/result_audit.py:1341: ResourceWarning: unclosed file <_io.TextIOWrapper name='/home/alexander/Schreibtisch/ofa-v2/campaign3_blind/runs/C3_27b_MCP_seed2701/work/coupled_simulation/solution_level3_A.csv' mode='r' encoding='UTF-8'>
  rows = [r for r in _csv.reader(f.open())
ResourceWarning: Enable tracemalloc to get the object allocation traceback
/home/alexander/Schreibtisch/ofa-v2/src/tools/result_audit.py:1341: ResourceWarning: unclosed file <_io.TextIOWrapper name='/home/alexander/Schreibtisch/ofa-v2/campaign3_blind/runs/C3_27b_MCP_seed2701/work/coupled_simulation/solution_level3_B.csv' mode='r' encoding='UTF-8'>
  rows = [r for r in _csv.reader(f.open())
ResourceWarning: Enable tracemalloc to get the object allocation traceback
2026-09-03 18:17:30,423 [oasis] INFO: Session journal saved: /tmp/oasis-source/data/sessions/session_1a520ea6-53c2-4272-8a30-8de594296511.json (3 events)
[preflight] custody controls verified for 1 problem(s); keys sealed and unreadable by execution
[phase: development] results are for post-mortems and convergence checking, NOT for the paper's evaluation table.
[DUNE cache] sha256=dc2d5b8ff2ebf98e... (neutral, private copy per cell)
[C3 27b MCP s2701] done  calls=73 tok=7223826/53598 2480.8s
/home/alexander/.local/share/python/cpython-3.12.13-linux-x86_64-gnu/lib/python3.12/asyncio/selector_events.py:879: ResourceWarning: unclosed transport <_SelectorSocketTransport fd=9>
<<< C3 seed 2701 done 2026-09-03 18:17:31
>>> C3 MCP complete 2026-09-03 18:17:31
>>> C3 MCP seeds 2801 2802 2803  start 2026-09-03 18:21:36
[source build] 58d4e2f4098b sha256=c184365cd72cf789... (immutable)
[source build] 58d4e2f4098b sha256=c184365cd72cf789... (immutable)
[source build] 58d4e2f4098b sha256=c184365cd72cf789... (immutable)
2026-09-03 18:22:05,925 [oasis.registry] INFO: Loaded discovered config: 5 backends
2026-09-03 18:22:05,935 [oasis.registry] INFO: Registered backend: 4C Multiphysics (fourc)
2026-09-03 18:22:05,939 [oasis.registry] INFO: Registered backend: FEniCSx (dolfinx) (fenics)
2026-09-03 18:22:05,943 [oasis.registry] INFO: Registered backend: deal.II (dealii)
2026-09-03 18:22:05,963 [oasis.registry] INFO: Registered backend: FEBio (febio)
2026-09-03 18:22:05,976 [oasis.registry] INFO: Registered backend: NGSolve (ngsolve)
2026-09-03 18:22:05,976 [oasis.ngsolve] INFO: NGSolve backend registered
2026-09-03 18:22:05,990 [oasis.registry] INFO: Registered backend: scikit-fem (skfem)
2026-09-03 18:22:05,990 [oasis.skfem] INFO: scikit-fem backend registered
2026-09-03 18:22:06,011 [oasis.registry] INFO: Registered backend: Kratos Multiphysics (kratos)
2026-09-03 18:22:06,011 [oasis.kratos] INFO: Kratos Multiphysics backend registered
2026-09-03 18:22:06,026 [oasis.registry] INFO: Registered backend: DUNE-fem (dune)
2026-09-03 18:22:06,026 [oasis.dune] INFO: DUNE-fem backend registered
2026-09-03 18:22:06,040 [oasis.registry] INFO: Registered backend: SPARTA (DSMC) (sparta)
2026-09-03 18:22:06,040 [oasis.sparta] INFO: SPARTA (DSMC) backend registered
2026-09-03 18:22:06,040 [oasis] INFO: Starting OASiS MCP server
2026-09-03 18:22:06,072 [oasis.registry] INFO: Loaded discovered config: 5 backends
2026-09-03 18:22:06,072 [mcp.server.lowlevel.server] INFO: Processing request of type ListToolsRequest
2026-09-03 18:22:06,083 [oasis.registry] INFO: Registered backend: 4C Multiphysics (fourc)
2026-09-03 18:22:06,086 [oasis.registry] INFO: Registered backend: FEniCSx (dolfinx) (fenics)
2026-09-03 18:22:06,093 [oasis.registry] INFO: Registered backend: deal.II (dealii)
2026-09-03 18:22:06,118 [oasis.registry] INFO: Registered backend: FEBio (febio)
2026-09-03 18:22:06,136 [oasis.registry] INFO: Registered backend: NGSolve (ngsolve)
2026-09-03 18:22:06,136 [oasis.ngsolve] INFO: NGSolve backend registered
2026-09-03 18:22:06,155 [oasis.registry] INFO: Registered backend: scikit-fem (skfem)
2026-09-03 18:22:06,155 [oasis.skfem] INFO: scikit-fem backend registered
2026-09-03 18:22:06,179 [oasis.registry] INFO: Registered backend: Kratos Multiphysics (kratos)
2026-09-03 18:22:06,179 [oasis.kratos] INFO: Kratos Multiphysics backend registered
2026-09-03 18:22:06,193 [oasis.registry] INFO: Registered backend: DUNE-fem (dune)
2026-09-03 18:22:06,193 [oasis.dune] INFO: DUNE-fem backend registered
2026-09-03 18:22:06,209 [oasis.registry] INFO: Registered backend: SPARTA (DSMC) (sparta)
2026-09-03 18:22:06,209 [oasis.sparta] INFO: SPARTA (DSMC) backend registered
2026-09-03 18:22:06,209 [oasis] INFO: Starting OASiS MCP server
2026-09-03 18:22:06,240 [mcp.server.lowlevel.server] INFO: Processing request of type ListToolsRequest
2026-09-03 18:22:06,433 [oasis.registry] INFO: Loaded discovered config: 5 backends
2026-09-03 18:22:06,447 [oasis.registry] INFO: Registered backend: 4C Multiphysics (fourc)
2026-09-03 18:22:06,451 [oasis.registry] INFO: Registered backend: FEniCSx (dolfinx) (fenics)
2026-09-03 18:22:06,457 [oasis.registry] INFO: Registered backend: deal.II (dealii)
2026-09-03 18:22:06,476 [oasis.registry] INFO: Registered backend: FEBio (febio)
2026-09-03 18:22:06,490 [oasis.registry] INFO: Registered backend: NGSolve (ngsolve)
2026-09-03 18:22:06,490 [oasis.ngsolve] INFO: NGSolve backend registered
2026-09-03 18:22:06,507 [oasis.registry] INFO: Registered backend: scikit-fem (skfem)
2026-09-03 18:22:06,507 [oasis.skfem] INFO: scikit-fem backend registered
2026-09-03 18:22:06,528 [oasis.registry] INFO: Registered backend: Kratos Multiphysics (kratos)
2026-09-03 18:22:06,528 [oasis.kratos] INFO: Kratos Multiphysics backend registered
2026-09-03 18:22:06,543 [oasis.registry] INFO: Registered backend: DUNE-fem (dune)
2026-09-03 18:22:06,543 [oasis.dune] INFO: DUNE-fem backend registered
2026-09-03 18:22:06,557 [oasis.registry] INFO: Registered backend: SPARTA (DSMC) (sparta)
2026-09-03 18:22:06,557 [oasis.sparta] INFO: SPARTA (DSMC) backend registered
2026-09-03 18:22:06,557 [oasis] INFO: Starting OASiS MCP server
2026-09-03 18:22:06,588 [mcp.server.lowlevel.server] INFO: Processing request of type ListToolsRequest
2026-09-03 18:22:20,262 [mcp.server.lowlevel.server] INFO: Processing request of type CallToolRequest
2026-09-03 18:22:20,314 [mcp.server.lowlevel.server] INFO: Processing request of type CallToolRequest
2026-09-03 18:22:20,322 [mcp.server.lowlevel.server] INFO: Processing request of type CallToolRequest
2026-09-03 18:22:25,599 [mcp.server.lowlevel.server] INFO: Processing request of type CallToolRequest
2026-09-03 18:22:25,703 [mcp.server.lowlevel.server] INFO: Processing request of type CallToolRequest
2026-09-03 18:22:25,831 [mcp.server.lowlevel.server] INFO: Processing request of type CallToolRequest
2026-09-03 18:23:09,773 [mcp.server.lowlevel.server] INFO: Processing request of type CallToolRequest
2026-09-03 18:23:09,796 [mcp.server.lowlevel.server] INFO: Processing request of type CallToolRequest
2026-09-03 18:23:13,198 [mcp.server.lowlevel.server] INFO: Processing request of type CallToolRequest
/home/alexander/Schreibtisch/ofa-v2/langgraph_eval/agent.py:820: RuntimeWarning: This package (`duckduckgo_search`) has been renamed to `ddgs`! Use `pip install ddgs` instead.
  with DDGS() as ddgs:
2026-09-03 18:23:13,286 [mcp.server.lowlevel.server] INFO: Processing request of type CallToolRequest
/home/alexander/Schreibtisch/ofa-v2/langgraph_eval/agent.py:820: RuntimeWarning: This package (`duckduckgo_search`) has been renamed to `ddgs`! Use `pip install ddgs` instead.
  with DDGS() as ddgs:
2026-09-03 18:23:13,386 [mcp.server.lowlevel.server] INFO: Processing request of type CallToolRequest
/home/alexander/Schreibtisch/ofa-v2/langgraph_eval/agent.py:820: RuntimeWarning: This package (`duckduckgo_search`) has been renamed to `ddgs`! Use `pip install ddgs` instead.
  with DDGS() as ddgs:
/home/alexander/Schreibtisch/ofa-v2/langgraph_eval/agent.py:820: RuntimeWarning: This package (`duckduckgo_search`) has been renamed to `ddgs`! Use `pip install ddgs` instead.
  with DDGS() as ddgs:
/home/alexander/Schreibtisch/ofa-v2/langgraph_eval/agent.py:820: RuntimeWarning: This package (`duckduckgo_search`) has been renamed to `ddgs`! Use `pip install ddgs` instead.
  with DDGS() as ddgs:
2026-09-03 18:23:29,683 [mcp.server.lowlevel.server] INFO: Processing request of type CallToolRequest
2026-09-03 18:23:29,796 [mcp.server.lowlevel.server] INFO: Processing request of type CallToolRequest
2026-09-03 18:23:31,029 [mcp.server.lowlevel.server] INFO: Processing request of type CallToolRequest
2026-09-03 18:23:31,035 [mcp.server.lowlevel.server] INFO: Processing request of type CallToolRequest
2026-09-03 18:23:47,429 [mcp.server.lowlevel.server] INFO: Processing request of type CallToolRequest
2026-09-03 18:23:47,432 [mcp.server.lowlevel.server] INFO: Processing request of type CallToolRequest
2026-09-03 18:29:01,061 [mcp.server.lowlevel.server] INFO: Processing request of type CallToolRequest
2026-09-03 18:29:08,548 [mcp.server.lowlevel.server] INFO: Processing request of type CallToolRequest
2026-09-03 18:29:08,578 [mcp.server.lowlevel.server] INFO: Processing request of type CallToolRequest
2026-09-03 18:31:10,671 [mcp.server.lowlevel.server] INFO: Processing request of type CallToolRequest
2026-09-03 18:33:22,178 [oasis] INFO: Session journal saved: /tmp/oasis-source/data/sessions/session_0b9749ec-6bd0-4369-bdde-f54c479cd6d2.json (6 events)
[preflight] custody controls verified for 1 problem(s); keys sealed and unreadable by execution
[phase: development] results are for post-mortems and convergence checking, NOT for the paper's evaluation table.
[DUNE cache] sha256=dc2d5b8ff2ebf98e... (neutral, private copy per cell)
[C3 27b MCP s2802] done  calls=29 tok=2714553/22135 678.6s
/home/alexander/.local/share/python/cpython-3.12.13-linux-x86_64-gnu/lib/python3.12/asyncio/selector_events.py:879: ResourceWarning: unclosed transport <_SelectorSocketTransport fd=9>
<<< C3 seed 2802 done 2026-09-03 18:33:23
2026-09-03 18:33:25,921 [mcp.server.lowlevel.server] INFO: Processing request of type CallToolRequest
/home/alexander/Schreibtisch/ofa-v2/src/tools/result_audit.py:1341: ResourceWarning: unclosed file <_io.TextIOWrapper name='/home/alexander/Schreibtisch/ofa-v2/campaign3_blind/runs/C3_27b_MCP_seed2801/work/solution_level8_A.csv' mode='r' encoding='UTF-8'>
  rows = [r for r in _csv.reader(f.open())
ResourceWarning: Enable tracemalloc to get the object allocation traceback
2026-09-03 18:34:39,256 [mcp.server.lowlevel.server] INFO: Processing request of type CallToolRequest
/home/alexander/Schreibtisch/ofa-v2/src/tools/result_audit.py:1341: ResourceWarning: unclosed file <_io.TextIOWrapper name='/home/alexander/Schreibtisch/ofa-v2/campaign3_blind/runs/C3_27b_MCP_seed2801/work/solution_level1_A.csv' mode='r' encoding='UTF-8'>
  rows = [r for r in _csv.reader(f.open())
ResourceWarning: Enable tracemalloc to get the object allocation traceback
/home/alexander/Schreibtisch/open-fem-agent/.venv-lg/lib/python3.12/site-packages/langchain_core/tools/structured.py:97: ResourceWarning: unclosed file <_io.TextIOWrapper name=19 encoding='UTF-8'>
  return self.func(*args, **kwargs)
ResourceWarning: Enable tracemalloc to get the object allocation traceback
/home/alexander/Schreibtisch/open-fem-agent/.venv-lg/lib/python3.12/site-packages/langchain_core/tools/structured.py:97: ResourceWarning: unclosed file <_io.TextIOWrapper name=21 encoding='UTF-8'>
  return self.func(*args, **kwargs)
ResourceWarning: Enable tracemalloc to get the object allocation traceback
/home/alexander/Schreibtisch/ofa-v2/src/tools/result_audit.py:1341: ResourceWarning: unclosed file <_io.TextIOWrapper name='/home/alexander/Schreibtisch/ofa-v2/campaign3_blind/runs/C3_27b_MCP_seed2801/work/solution_level1_A.csv' mode='r' encoding='UTF-8'>
  rows = [r for r in _csv.reader(f.open())
ResourceWarning: Enable tracemalloc to get the object allocation traceback
/home/alexander/Schreibtisch/ofa-v2/src/tools/result_audit.py:1341: ResourceWarning: unclosed file <_io.TextIOWrapper name='/home/alexander/Schreibtisch/ofa-v2/campaign3_blind/runs/C3_27b_MCP_seed2801/work/solution_level1_A.csv' mode='r' encoding='UTF-8'>
  rows = [r for r in _csv.reader(f.open())
ResourceWarning: Enable tracemalloc to get the object allocation traceback
/home/alexander/Schreibtisch/ofa-v2/src/tools/result_audit.py:1341: ResourceWarning: unclosed file <_io.TextIOWrapper name='/home/alexander/Schreibtisch/ofa-v2/campaign3_blind/runs/C3_27b_MCP_seed2801/work/solution_level1_B.csv' mode='r' encoding='UTF-8'>
  rows = [r for r in _csv.reader(f.open())
ResourceWarning: Enable tracemalloc to get the object allocation traceback
/home/alexander/Schreibtisch/ofa-v2/src/tools/result_audit.py:1341: ResourceWarning: unclosed file <_io.TextIOWrapper name='/home/alexander/Schreibtisch/ofa-v2/campaign3_blind/runs/C3_27b_MCP_seed2801/work/solution_level1_A.csv' mode='r' encoding='UTF-8'>
  rows = [r for r in _csv.reader(f.open())
ResourceWarning: Enable tracemalloc to get the object allocation traceback
/home/alexander/Schreibtisch/ofa-v2/src/tools/result_audit.py:1341: ResourceWarning: unclosed file <_io.TextIOWrapper name='/home/alexander/Schreibtisch/ofa-v2/campaign3_blind/runs/C3_27b_MCP_seed2801/work/solution_level1_B.csv' mode='r' encoding='UTF-8'>
  rows = [r for r in _csv.reader(f.open())
ResourceWarning: Enable tracemalloc to get the object allocation traceback
2026-09-03 19:03:02,785 [oasis] INFO: Session journal saved: /tmp/oasis-source/data/sessions/session_f7ab508a-3239-4d00-afba-0cb729e64382.json (8 events)
[preflight] custody controls verified for 1 problem(s); keys sealed and unreadable by execution
[phase: development] results are for post-mortems and convergence checking, NOT for the paper's evaluation table.
[DUNE cache] sha256=dc2d5b8ff2ebf98e... (neutral, private copy per cell)
[C3 27b MCP s2803] done  calls=113 tok=15459528/77393 2459.5s
<<< C3 seed 2803 done 2026-09-03 19:03:03
2026-09-03 19:07:06,547 [oasis] INFO: Session journal saved: /tmp/oasis-source/data/sessions/session_830af2a1-3f7a-4716-9946-834f391a36f5.json (6 events)
/home/alexander/Schreibtisch/open-fem-agent/.venv-lg/lib/python3.12/site-packages/langchain_core/tools/structured.py:97: ResourceWarning: unclosed file <_io.TextIOWrapper name=19 encoding='UTF-8'>
  return self.func(*args, **kwargs)
ResourceWarning: Enable tracemalloc to get the object allocation traceback
/home/alexander/Schreibtisch/open-fem-agent/.venv-lg/lib/python3.12/site-packages/langchain_core/tools/structured.py:97: ResourceWarning: unclosed file <_io.TextIOWrapper name=21 encoding='UTF-8'>
  return self.func(*args, **kwargs)
ResourceWarning: Enable tracemalloc to get the object allocation traceback
[preflight] custody controls verified for 1 problem(s); keys sealed and unreadable by execution
[phase: development] results are for post-mortems and convergence checking, NOT for the paper's evaluation table.
[DUNE cache] sha256=dc2d5b8ff2ebf98e... (neutral, private copy per cell)
[C3 27b MCP s2801] done  calls=44 tok=2844548/41073 2799.8s  ERR ExceptionGroup: unhandled errors in a TaskGroup (1 sub-excep
/home/alexander/.local/share/python/cpython-3.12.13-linux-x86_64-gnu/lib/python3.12/asyncio/selector_events.py:879: ResourceWarning: unclosed transport <_SelectorSocketTransport fd=9>
<<< C3 seed 2801 done 2026-09-03 19:08:43
>>> C3 MCP complete 2026-09-03 19:08:43
>>> C3 MCP seeds 2901 2902 2903  start 2026-09-03 19:13:52
[source build] 6bfd4d491254 sha256=960afb2fb42bd9e3... (immutable)
[source build] 6bfd4d491254 sha256=960afb2fb42bd9e3... (immutable)
[source build] 6bfd4d491254 sha256=960afb2fb42bd9e3... (immutable)
2026-09-03 19:14:21,472 [oasis.registry] INFO: Loaded discovered config: 5 backends
2026-09-03 19:14:21,482 [oasis.registry] INFO: Registered backend: 4C Multiphysics (fourc)
2026-09-03 19:14:21,486 [oasis.registry] INFO: Registered backend: FEniCSx (dolfinx) (fenics)
2026-09-03 19:14:21,491 [oasis.registry] INFO: Registered backend: deal.II (dealii)
2026-09-03 19:14:21,512 [oasis.registry] INFO: Registered backend: FEBio (febio)
2026-09-03 19:14:21,525 [oasis.registry] INFO: Registered backend: NGSolve (ngsolve)
2026-09-03 19:14:21,525 [oasis.ngsolve] INFO: NGSolve backend registered
2026-09-03 19:14:21,540 [oasis.registry] INFO: Registered backend: scikit-fem (skfem)
2026-09-03 19:14:21,540 [oasis.skfem] INFO: scikit-fem backend registered
2026-09-03 19:14:21,562 [oasis.registry] INFO: Registered backend: Kratos Multiphysics (kratos)
2026-09-03 19:14:21,562 [oasis.kratos] INFO: Kratos Multiphysics backend registered
2026-09-03 19:14:21,576 [oasis.registry] INFO: Registered backend: DUNE-fem (dune)
2026-09-03 19:14:21,576 [oasis.dune] INFO: DUNE-fem backend registered
2026-09-03 19:14:21,591 [oasis.registry] INFO: Registered backend: SPARTA (DSMC) (sparta)
2026-09-03 19:14:21,592 [oasis.sparta] INFO: SPARTA (DSMC) backend registered
2026-09-03 19:14:21,592 [oasis] INFO: Starting OASiS MCP server
2026-09-03 19:14:21,619 [mcp.server.lowlevel.server] INFO: Processing request of type ListToolsRequest
2026-09-03 19:14:21,650 [oasis.registry] INFO: Loaded discovered config: 5 backends
2026-09-03 19:14:21,656 [oasis.registry] INFO: Loaded discovered config: 5 backends
2026-09-03 19:14:21,664 [oasis.registry] INFO: Registered backend: 4C Multiphysics (fourc)
2026-09-03 19:14:21,666 [oasis.registry] INFO: Registered backend: 4C Multiphysics (fourc)
2026-09-03 19:14:21,668 [oasis.registry] INFO: Registered backend: FEniCSx (dolfinx) (fenics)
2026-09-03 19:14:21,670 [oasis.registry] INFO: Registered backend: FEniCSx (dolfinx) (fenics)
2026-09-03 19:14:21,673 [oasis.registry] INFO: Registered backend: deal.II (dealii)
2026-09-03 19:14:21,674 [oasis.registry] INFO: Registered backend: deal.II (dealii)
2026-09-03 19:14:21,694 [oasis.registry] INFO: Registered backend: FEBio (febio)
2026-09-03 19:14:21,694 [oasis.registry] INFO: Registered backend: FEBio (febio)
2026-09-03 19:14:21,707 [oasis.registry] INFO: Registered backend: NGSolve (ngsolve)
2026-09-03 19:14:21,707 [oasis.ngsolve] INFO: NGSolve backend registered
2026-09-03 19:14:21,707 [oasis.registry] INFO: Registered backend: NGSolve (ngsolve)
2026-09-03 19:14:21,707 [oasis.ngsolve] INFO: NGSolve backend registered
2026-09-03 19:14:21,721 [oasis.registry] INFO: Registered backend: scikit-fem (skfem)
2026-09-03 19:14:21,721 [oasis.skfem] INFO: scikit-fem backend registered
2026-09-03 19:14:21,723 [oasis.registry] INFO: Registered backend: scikit-fem (skfem)
2026-09-03 19:14:21,723 [oasis.skfem] INFO: scikit-fem backend registered
2026-09-03 19:14:21,745 [oasis.registry] INFO: Registered backend: Kratos Multiphysics (kratos)
2026-09-03 19:14:21,745 [oasis.kratos] INFO: Kratos Multiphysics backend registered
2026-09-03 19:14:21,746 [oasis.registry] INFO: Registered backend: Kratos Multiphysics (kratos)
2026-09-03 19:14:21,747 [oasis.kratos] INFO: Kratos Multiphysics backend registered
2026-09-03 19:14:21,759 [oasis.registry] INFO: Registered backend: DUNE-fem (dune)
2026-09-03 19:14:21,759 [oasis.dune] INFO: DUNE-fem backend registered
2026-09-03 19:14:21,762 [oasis.registry] INFO: Registered backend: DUNE-fem (dune)
2026-09-03 19:14:21,762 [oasis.dune] INFO: DUNE-fem backend registered
2026-09-03 19:14:21,774 [oasis.registry] INFO: Registered backend: SPARTA (DSMC) (sparta)
2026-09-03 19:14:21,775 [oasis.sparta] INFO: SPARTA (DSMC) backend registered
2026-09-03 19:14:21,775 [oasis] INFO: Starting OASiS MCP server
2026-09-03 19:14:21,776 [oasis.registry] INFO: Registered backend: SPARTA (DSMC) (sparta)
2026-09-03 19:14:21,776 [oasis.sparta] INFO: SPARTA (DSMC) backend registered
2026-09-03 19:14:21,776 [oasis] INFO: Starting OASiS MCP server
2026-09-03 19:14:21,803 [mcp.server.lowlevel.server] INFO: Processing request of type ListToolsRequest
2026-09-03 19:14:21,806 [mcp.server.lowlevel.server] INFO: Processing request of type ListToolsRequest
2026-09-03 19:14:34,519 [mcp.server.lowlevel.server] INFO: Processing request of type CallToolRequest
2026-09-03 19:14:35,662 [mcp.server.lowlevel.server] INFO: Processing request of type CallToolRequest
2026-09-03 19:14:38,373 [mcp.server.lowlevel.server] INFO: Processing request of type CallToolRequest
2026-09-03 19:14:39,622 [mcp.server.lowlevel.server] INFO: Processing request of type CallToolRequest
2026-09-03 19:14:40,925 [mcp.server.lowlevel.server] INFO: Processing request of type CallToolRequest
2026-09-03 19:14:41,136 [mcp.server.lowlevel.server] INFO: Processing request of type CallToolRequest
2026-09-03 19:14:43,774 [mcp.server.lowlevel.server] INFO: Processing request of type CallToolRequest
2026-09-03 19:15:15,194 [mcp.server.lowlevel.server] INFO: Processing request of type CallToolRequest
/home/alexander/Schreibtisch/ofa-v2/langgraph_eval/agent.py:820: RuntimeWarning: This package (`duckduckgo_search`) has been renamed to `ddgs`! Use `pip install ddgs` instead.
  with DDGS() as ddgs:
/home/alexander/Schreibtisch/ofa-v2/langgraph_eval/agent.py:820: RuntimeWarning: This package (`duckduckgo_search`) has been renamed to `ddgs`! Use `pip install ddgs` instead.
  with DDGS() as ddgs:
/home/alexander/Schreibtisch/ofa-v2/langgraph_eval/agent.py:820: RuntimeWarning: This package (`duckduckgo_search`) has been renamed to `ddgs`! Use `pip install ddgs` instead.
  with DDGS() as ddgs:
2026-09-03 19:15:24,851 [mcp.server.lowlevel.server] INFO: Processing request of type CallToolRequest
/home/alexander/Schreibtisch/ofa-v2/langgraph_eval/agent.py:820: RuntimeWarning: This package (`duckduckgo_search`) has been renamed to `ddgs`! Use `pip install ddgs` instead.
  with DDGS() as ddgs:
2026-09-03 19:15:24,880 [mcp.server.lowlevel.server] INFO: Processing request of type CallToolRequest
/home/alexander/Schreibtisch/ofa-v2/langgraph_eval/agent.py:820: RuntimeWarning: This package (`duckduckgo_search`) has been renamed to `ddgs`! Use `pip install ddgs` instead.
  with DDGS() as ddgs:
/home/alexander/Schreibtisch/ofa-v2/langgraph_eval/agent.py:820: RuntimeWarning: This package (`duckduckgo_search`) has been renamed to `ddgs`! Use `pip install ddgs` instead.
  with DDGS() as ddgs:
2026-09-03 19:15:30,460 [mcp.server.lowlevel.server] INFO: Processing request of type CallToolRequest
/home/alexander/Schreibtisch/ofa-v2/langgraph_eval/agent.py:820: RuntimeWarning: This package (`duckduckgo_search`) has been renamed to `ddgs`! Use `pip install ddgs` instead.
  with DDGS() as ddgs:
/home/alexander/Schreibtisch/ofa-v2/langgraph_eval/agent.py:820: RuntimeWarning: This package (`duckduckgo_search`) has been renamed to `ddgs`! Use `pip install ddgs` instead.
  with DDGS() as ddgs:
/home/alexander/Schreibtisch/ofa-v2/langgraph_eval/agent.py:820: RuntimeWarning: This package (`duckduckgo_search`) has been renamed to `ddgs`! Use `pip install ddgs` instead.
  with DDGS() as ddgs:
2026-09-03 19:15:36,026 [mcp.server.lowlevel.server] INFO: Processing request of type CallToolRequest
/home/alexander/Schreibtisch/ofa-v2/langgraph_eval/agent.py:820: RuntimeWarning: This package (`duckduckgo_search`) has been renamed to `ddgs`! Use `pip install ddgs` instead.
  with DDGS() as ddgs:
/home/alexander/Schreibtisch/ofa-v2/langgraph_eval/agent.py:820: RuntimeWarning: This package (`duckduckgo_search`) has been renamed to `ddgs`! Use `pip install ddgs` instead.
  with DDGS() as ddgs:
/home/alexander/Schreibtisch/ofa-v2/langgraph_eval/agent.py:820: RuntimeWarning: This package (`duckduckgo_search`) has been renamed to `ddgs`! Use `pip install ddgs` instead.
  with DDGS() as ddgs:
2026-09-03 19:16:06,936 [mcp.server.lowlevel.server] INFO: Processing request of type CallToolRequest
2026-09-03 19:16:14,981 [mcp.server.lowlevel.server] INFO: Processing request of type CallToolRequest
2026-09-03 19:17:24,797 [mcp.server.lowlevel.server] INFO: Processing request of type CallToolRequest
2026-09-03 19:22:35,177 [mcp.server.lowlevel.server] INFO: Processing request of type CallToolRequest
2026-09-03 19:23:44,428 [mcp.server.lowlevel.server] INFO: Processing request of type CallToolRequest
2026-09-03 19:25:53,204 [oasis] INFO: Session journal saved: /tmp/oasis-source/data/sessions/session_c715c547-27b9-46d8-bf07-83b762e0e12d.json (7 events)
[preflight] custody controls verified for 1 problem(s); keys sealed and unreadable by execution
[phase: development] results are for post-mortems and convergence checking, NOT for the paper's evaluation table.
[DUNE cache] sha256=dc2d5b8ff2ebf98e... (neutral, private copy per cell)
[C3 27b MCP s2903] done  calls=25 tok=1885777/27984 694.3s
/home/alexander/.local/share/python/cpython-3.12.13-linux-x86_64-gnu/lib/python3.12/asyncio/selector_events.py:879: ResourceWarning: unclosed transport <_SelectorSocketTransport fd=9>
<<< C3 seed 2903 done 2026-09-03 19:25:54
/home/alexander/Schreibtisch/ofa-v2/src/tools/result_audit.py:419: ResourceWarning: unclosed file <_io.TextIOWrapper name='/home/alexander/Schreibtisch/ofa-v2/campaign3_blind/runs/C3_27b_MCP_seed2901/work/residual_level3.csv' mode='r' encoding='UTF-8'>
  body = tuple(r[-1].strip() for r in _csv.reader(q.open()) if r)
ResourceWarning: Enable tracemalloc to get the object allocation traceback
/home/alexander/Schreibtisch/ofa-v2/src/tools/result_audit.py:1341: ResourceWarning: unclosed file <_io.TextIOWrapper name='/home/alexander/Schreibtisch/ofa-v2/campaign3_blind/runs/C3_27b_MCP_seed2901/work/solution_level3_A.csv' mode='r' encoding='UTF-8'>
  rows = [r for r in _csv.reader(f.open())
ResourceWarning: Enable tracemalloc to get the object allocation traceback
/home/alexander/Schreibtisch/ofa-v2/src/tools/result_audit.py:1341: ResourceWarning: unclosed file <_io.TextIOWrapper name='/home/alexander/Schreibtisch/ofa-v2/campaign3_blind/runs/C3_27b_MCP_seed2901/work/solution_level3_B.csv' mode='r' encoding='UTF-8'>
  rows = [r for r in _csv.reader(f.open())
ResourceWarning: Enable tracemalloc to get the object allocation traceback
/home/alexander/Schreibtisch/ofa-v2/src/tools/result_audit.py:419: ResourceWarning: unclosed file <_io.TextIOWrapper name='/home/alexander/Schreibtisch/ofa-v2/campaign3_blind/runs/C3_27b_MCP_seed2901/work/residual_level3.csv' mode='r' encoding='UTF-8'>
  body = tuple(r[-1].strip() for r in _csv.reader(q.open()) if r)
ResourceWarning: Enable tracemalloc to get the object allocation traceback
/home/alexander/Schreibtisch/ofa-v2/src/tools/result_audit.py:534: ResourceWarning: unclosed file <_io.TextIOWrapper name='/home/alexander/Schreibtisch/ofa-v2/campaign3_blind/runs/C3_27b_MCP_seed2901/work/solution_level3_A.csv' mode='r' encoding='UTF-8'>
  rows = sum(1 for _ in open(sol0[0], errors="ignore")) - 1
ResourceWarning: Enable tracemalloc to get the object allocation traceback
/home/alexander/Schreibtisch/ofa-v2/src/tools/result_audit.py:1341: ResourceWarning: unclosed file <_io.TextIOWrapper name='/home/alexander/Schreibtisch/ofa-v2/campaign3_blind/runs/C3_27b_MCP_seed2901/work/solution_level3_A.csv' mode='r' encoding='UTF-8'>
  rows = [r for r in _csv.reader(f.open())
ResourceWarning: Enable tracemalloc to get the object allocation traceback
/home/alexander/Schreibtisch/ofa-v2/src/tools/result_audit.py:1341: ResourceWarning: unclosed file <_io.TextIOWrapper name='/home/alexander/Schreibtisch/ofa-v2/campaign3_blind/runs/C3_27b_MCP_seed2901/work/solution_level3_B.csv' mode='r' encoding='UTF-8'>
  rows = [r for r in _csv.reader(f.open())
ResourceWarning: Enable tracemalloc to get the object allocation traceback
/home/alexander/Schreibtisch/ofa-v2/src/tools/result_audit.py:419: ResourceWarning: unclosed file <_io.TextIOWrapper name='/home/alexander/Schreibtisch/ofa-v2/campaign3_blind/runs/C3_27b_MCP_seed2901/work/residual_level1.csv' mode='r' encoding='UTF-8'>
  body = tuple(r[-1].strip() for r in _csv.reader(q.open()) if r)
ResourceWarning: Enable tracemalloc to get the object allocation traceback
/home/alexander/Schreibtisch/ofa-v2/src/tools/result_audit.py:419: ResourceWarning: unclosed file <_io.TextIOWrapper name='/home/alexander/Schreibtisch/ofa-v2/campaign3_blind/runs/C3_27b_MCP_seed2901/work/residual_level2.csv' mode='r' encoding='UTF-8'>
  body = tuple(r[-1].strip() for r in _csv.reader(q.open()) if r)
ResourceWarning: Enable tracemalloc to get the object allocation traceback
/home/alexander/Schreibtisch/ofa-v2/src/tools/result_audit.py:419: ResourceWarning: unclosed file <_io.TextIOWrapper name='/home/alexander/Schreibtisch/ofa-v2/campaign3_blind/runs/C3_27b_MCP_seed2901/work/residual_level3.csv' mode='r' encoding='UTF-8'>
  body = tuple(r[-1].strip() for r in _csv.reader(q.open()) if r)
ResourceWarning: Enable tracemalloc to get the object allocation traceback
/home/alexander/Schreibtisch/ofa-v2/src/tools/result_audit.py:1341: ResourceWarning: unclosed file <_io.TextIOWrapper name='/home/alexander/Schreibtisch/ofa-v2/campaign3_blind/runs/C3_27b_MCP_seed2901/work/solution_level1_A.csv' mode='r' encoding='UTF-8'>
  rows = [r for r in _csv.reader(f.open())
ResourceWarning: Enable tracemalloc to get the object allocation traceback
/home/alexander/Schreibtisch/ofa-v2/src/tools/result_audit.py:1341: ResourceWarning: unclosed file <_io.TextIOWrapper name='/home/alexander/Schreibtisch/ofa-v2/campaign3_blind/runs/C3_27b_MCP_seed2901/work/solution_level1_B.csv' mode='r' encoding='UTF-8'>
  rows = [r for r in _csv.reader(f.open())
ResourceWarning: Enable tracemalloc to get the object allocation traceback
/home/alexander/Schreibtisch/ofa-v2/src/tools/result_audit.py:1341: ResourceWarning: unclosed file <_io.TextIOWrapper name='/home/alexander/Schreibtisch/ofa-v2/campaign3_blind/runs/C3_27b_MCP_seed2901/work/solution_level2_A.csv' mode='r' encoding='UTF-8'>
  rows = [r for r in _csv.reader(f.open())
ResourceWarning: Enable tracemalloc to get the object allocation traceback
/home/alexander/Schreibtisch/ofa-v2/src/tools/result_audit.py:1341: ResourceWarning: unclosed file <_io.TextIOWrapper name='/home/alexander/Schreibtisch/ofa-v2/campaign3_blind/runs/C3_27b_MCP_seed2901/work/solution_level2_B.csv' mode='r' encoding='UTF-8'>
  rows = [r for r in _csv.reader(f.open())
ResourceWarning: Enable tracemalloc to get the object allocation traceback
/home/alexander/Schreibtisch/ofa-v2/src/tools/result_audit.py:1341: ResourceWarning: unclosed file <_io.TextIOWrapper name='/home/alexander/Schreibtisch/ofa-v2/campaign3_blind/runs/C3_27b_MCP_seed2901/work/solution_level3_A.csv' mode='r' encoding='UTF-8'>
  rows = [r for r in _csv.reader(f.open())
ResourceWarning: Enable tracemalloc to get the object allocation traceback
/home/alexander/Schreibtisch/ofa-v2/src/tools/result_audit.py:1341: ResourceWarning: unclosed file <_io.TextIOWrapper name='/home/alexander/Schreibtisch/ofa-v2/campaign3_blind/runs/C3_27b_MCP_seed2901/work/solution_level3_B.csv' mode='r' encoding='UTF-8'>
  rows = [r for r in _csv.reader(f.open())
ResourceWarning: Enable tracemalloc to get the object allocation traceback
/home/alexander/Schreibtisch/ofa-v2/src/tools/result_audit.py:419: ResourceWarning: unclosed file <_io.TextIOWrapper name='/home/alexander/Schreibtisch/ofa-v2/campaign3_blind/runs/C3_27b_MCP_seed2901/work/residual_level1.csv' mode='r' encoding='UTF-8'>
  body = tuple(r[-1].strip() for r in _csv.reader(q.open()) if r)
ResourceWarning: Enable tracemalloc to get the object allocation traceback
/home/alexander/Schreibtisch/ofa-v2/src/tools/result_audit.py:419: ResourceWarning: unclosed file <_io.TextIOWrapper name='/home/alexander/Schreibtisch/ofa-v2/campaign3_blind/runs/C3_27b_MCP_seed2901/work/residual_level2.csv' mode='r' encoding='UTF-8'>
  body = tuple(r[-1].strip() for r in _csv.reader(q.open()) if r)
ResourceWarning: Enable tracemalloc to get the object allocation traceback
/home/alexander/Schreibtisch/ofa-v2/src/tools/result_audit.py:419: ResourceWarning: unclosed file <_io.TextIOWrapper name='/home/alexander/Schreibtisch/ofa-v2/campaign3_blind/runs/C3_27b_MCP_seed2901/work/residual_level3.csv' mode='r' encoding='UTF-8'>
  body = tuple(r[-1].strip() for r in _csv.reader(q.open()) if r)
ResourceWarning: Enable tracemalloc to get the object allocation traceback
/home/alexander/Schreibtisch/ofa-v2/src/tools/result_audit.py:534: ResourceWarning: unclosed file <_io.TextIOWrapper name='/home/alexander/Schreibtisch/ofa-v2/campaign3_blind/runs/C3_27b_MCP_seed2901/work/solution_level1_A.csv' mode='r' encoding='UTF-8'>
  rows = sum(1 for _ in open(sol0[0], errors="ignore")) - 1
ResourceWarning: Enable tracemalloc to get the object allocation traceback
/home/alexander/Schreibtisch/ofa-v2/src/tools/result_audit.py:1341: ResourceWarning: unclosed file <_io.TextIOWrapper name='/home/alexander/Schreibtisch/ofa-v2/campaign3_blind/runs/C3_27b_MCP_seed2901/work/solution_level1_A.csv' mode='r' encoding='UTF-8'>
  rows = [r for r in _csv.reader(f.open())
ResourceWarning: Enable tracemalloc to get the object allocation traceback
/home/alexander/Schreibtisch/ofa-v2/src/tools/result_audit.py:1341: ResourceWarning: unclosed file <_io.TextIOWrapper name='/home/alexander/Schreibtisch/ofa-v2/campaign3_blind/runs/C3_27b_MCP_seed2901/work/solution_level1_B.csv' mode='r' encoding='UTF-8'>
  rows = [r for r in _csv.reader(f.open())
ResourceWarning: Enable tracemalloc to get the object allocation traceback
/home/alexander/Schreibtisch/ofa-v2/src/tools/result_audit.py:1341: ResourceWarning: unclosed file <_io.TextIOWrapper name='/home/alexander/Schreibtisch/ofa-v2/campaign3_blind/runs/C3_27b_MCP_seed2901/work/solution_level2_A.csv' mode='r' encoding='UTF-8'>
  rows = [r for r in _csv.reader(f.open())
ResourceWarning: Enable tracemalloc to get the object allocation traceback
/home/alexander/Schreibtisch/ofa-v2/src/tools/result_audit.py:1341: ResourceWarning: unclosed file <_io.TextIOWrapper name='/home/alexander/Schreibtisch/ofa-v2/campaign3_blind/runs/C3_27b_MCP_seed2901/work/solution_level2_B.csv' mode='r' encoding='UTF-8'>
  rows = [r for r in _csv.reader(f.open())
ResourceWarning: Enable tracemalloc to get the object allocation traceback
/home/alexander/Schreibtisch/ofa-v2/src/tools/result_audit.py:1341: ResourceWarning: unclosed file <_io.TextIOWrapper name='/home/alexander/Schreibtisch/ofa-v2/campaign3_blind/runs/C3_27b_MCP_seed2901/work/solution_level3_A.csv' mode='r' encoding='UTF-8'>
  rows = [r for r in _csv.reader(f.open())
ResourceWarning: Enable tracemalloc to get the object allocation traceback
/home/alexander/Schreibtisch/ofa-v2/src/tools/result_audit.py:1341: ResourceWarning: unclosed file <_io.TextIOWrapper name='/home/alexander/Schreibtisch/ofa-v2/campaign3_blind/runs/C3_27b_MCP_seed2901/work/solution_level3_B.csv' mode='r' encoding='UTF-8'>
  rows = [r for r in _csv.reader(f.open())
ResourceWarning: Enable tracemalloc to get the object allocation traceback
/home/alexander/Schreibtisch/ofa-v2/src/tools/result_audit.py:419: ResourceWarning: unclosed file <_io.TextIOWrapper name='/home/alexander/Schreibtisch/ofa-v2/campaign3_blind/runs/C3_27b_MCP_seed2901/work/residual_level1.csv' mode='r' encoding='UTF-8'>
  body = tuple(r[-1].strip() for r in _csv.reader(q.open()) if r)
ResourceWarning: Enable tracemalloc to get the object allocation traceback
/home/alexander/Schreibtisch/ofa-v2/src/tools/result_audit.py:419: ResourceWarning: unclosed file <_io.TextIOWrapper name='/home/alexander/Schreibtisch/ofa-v2/campaign3_blind/runs/C3_27b_MCP_seed2901/work/residual_level2.csv' mode='r' encoding='UTF-8'>
  body = tuple(r[-1].strip() for r in _csv.reader(q.open()) if r)
ResourceWarning: Enable tracemalloc to get the object allocation traceback
/home/alexander/Schreibtisch/ofa-v2/src/tools/result_audit.py:419: ResourceWarning: unclosed file <_io.TextIOWrapper name='/home/alexander/Schreibtisch/ofa-v2/campaign3_blind/runs/C3_27b_MCP_seed2901/work/residual_level3.csv' mode='r' encoding='UTF-8'>
  body = tuple(r[-1].strip() for r in _csv.reader(q.open()) if r)
ResourceWarning: Enable tracemalloc to get the object allocation traceback
/home/alexander/Schreibtisch/ofa-v2/src/tools/result_audit.py:534: ResourceWarning: unclosed file <_io.TextIOWrapper name='/home/alexander/Schreibtisch/ofa-v2/campaign3_blind/runs/C3_27b_MCP_seed2901/work/solution_level1_A.csv' mode='r' encoding='UTF-8'>
  rows = sum(1 for _ in open(sol0[0], errors="ignore")) - 1
ResourceWarning: Enable tracemalloc to get the object allocation traceback
/home/alexander/Schreibtisch/ofa-v2/src/tools/result_audit.py:1341: ResourceWarning: unclosed file <_io.TextIOWrapper name='/home/alexander/Schreibtisch/ofa-v2/campaign3_blind/runs/C3_27b_MCP_seed2901/work/solution_level1_A.csv' mode='r' encoding='UTF-8'>
  rows = [r for r in _csv.reader(f.open())
ResourceWarning: Enable tracemalloc to get the object allocation traceback
/home/alexander/Schreibtisch/ofa-v2/src/tools/result_audit.py:1341: ResourceWarning: unclosed file <_io.TextIOWrapper name='/home/alexander/Schreibtisch/ofa-v2/campaign3_blind/runs/C3_27b_MCP_seed2901/work/solution_level1_B.csv' mode='r' encoding='UTF-8'>
  rows = [r for r in _csv.reader(f.open())
ResourceWarning: Enable tracemalloc to get the object allocation traceback
/home/alexander/Schreibtisch/ofa-v2/src/tools/result_audit.py:1341: ResourceWarning: unclosed file <_io.TextIOWrapper name='/home/alexander/Schreibtisch/ofa-v2/campaign3_blind/runs/C3_27b_MCP_seed2901/work/solution_level2_A.csv' mode='r' encoding='UTF-8'>
  rows = [r for r in _csv.reader(f.open())
ResourceWarning: Enable tracemalloc to get the object allocation traceback
/home/alexander/Schreibtisch/ofa-v2/src/tools/result_audit.py:1341: ResourceWarning: unclosed file <_io.TextIOWrapper name='/home/alexander/Schreibtisch/ofa-v2/campaign3_blind/runs/C3_27b_MCP_seed2901/work/solution_level2_B.csv' mode='r' encoding='UTF-8'>
  rows = [r for r in _csv.reader(f.open())
ResourceWarning: Enable tracemalloc to get the object allocation traceback
/home/alexander/Schreibtisch/ofa-v2/src/tools/result_audit.py:1341: ResourceWarning: unclosed file <_io.TextIOWrapper name='/home/alexander/Schreibtisch/ofa-v2/campaign3_blind/runs/C3_27b_MCP_seed2901/work/solution_level3_A.csv' mode='r' encoding='UTF-8'>
  rows = [r for r in _csv.reader(f.open())
ResourceWarning: Enable tracemalloc to get the object allocation traceback
/home/alexander/Schreibtisch/ofa-v2/src/tools/result_audit.py:1341: ResourceWarning: unclosed file <_io.TextIOWrapper name='/home/alexander/Schreibtisch/ofa-v2/campaign3_blind/runs/C3_27b_MCP_seed2901/work/solution_level3_B.csv' mode='r' encoding='UTF-8'>
  rows = [r for r in _csv.reader(f.open())
ResourceWarning: Enable tracemalloc to get the object allocation traceback
2026-09-03 19:33:48,037 [oasis] INFO: Session journal saved: /tmp/oasis-source/data/sessions/session_7d9e4703-6c6d-46ea-b4ad-907d117408e6.json (4 events)
[preflight] custody controls verified for 1 problem(s); keys sealed and unreadable by execution
[phase: development] results are for post-mortems and convergence checking, NOT for the paper's evaluation table.
[DUNE cache] sha256=dc2d5b8ff2ebf98e... (neutral, private copy per cell)
[C3 27b MCP s2901] done  calls=41 tok=3352841/55713 1169.3s
/home/alexander/.local/share/python/cpython-3.12.13-linux-x86_64-gnu/lib/python3.12/asyncio/selector_events.py:879: ResourceWarning: unclosed transport <_SelectorSocketTransport fd=9>
<<< C3 seed 2901 done 2026-09-03 19:33:49
2026-09-03 19:38:55,609 [oasis] INFO: Session journal saved: /tmp/oasis-source/data/sessions/session_5659219d-4986-4e4f-bcb9-fda9d86ada72.json (4 events)
[preflight] custody controls verified for 1 problem(s); keys sealed and unreadable by execution
[phase: development] results are for post-mortems and convergence checking, NOT for the paper's evaluation table.
[DUNE cache] sha256=dc2d5b8ff2ebf98e... (neutral, private copy per cell)
[C3 27b MCP s2902] done  calls=40 tok=3325200/55401 1477.0s
/home/alexander/.local/share/python/cpython-3.12.13-linux-x86_64-gnu/lib/python3.12/asyncio/selector_events.py:879: ResourceWarning: unclosed transport <_SelectorSocketTransport fd=9>
<<< C3 seed 2902 done 2026-09-03 19:38:56
>>> C3 MCP complete 2026-09-03 19:38:56
>>> C3 MCP seeds 3001 3002 3003  start 2026-09-03 19:57:12
[source build] 6bfd4d491254 sha256=960afb2fb42bd9e3... (immutable)
[source build] 6bfd4d491254 sha256=960afb2fb42bd9e3... (immutable)
[source build] 6bfd4d491254 sha256=960afb2fb42bd9e3... (immutable)
2026-09-03 19:57:51,519 [oasis.registry] INFO: Loaded discovered config: 5 backends
2026-09-03 19:57:51,529 [oasis.registry] INFO: Registered backend: 4C Multiphysics (fourc)
2026-09-03 19:57:51,533 [oasis.registry] INFO: Registered backend: FEniCSx (dolfinx) (fenics)
2026-09-03 19:57:51,537 [oasis.registry] INFO: Registered backend: deal.II (dealii)
2026-09-03 19:57:51,540 [oasis.registry] INFO: Loaded discovered config: 5 backends
2026-09-03 19:57:51,550 [oasis.registry] INFO: Registered backend: 4C Multiphysics (fourc)
2026-09-03 19:57:51,554 [oasis.registry] INFO: Registered backend: FEniCSx (dolfinx) (fenics)
2026-09-03 19:57:51,556 [oasis.registry] INFO: Registered backend: FEBio (febio)
2026-09-03 19:57:51,558 [oasis.registry] INFO: Registered backend: deal.II (dealii)
2026-09-03 19:57:51,570 [oasis.registry] INFO: Registered backend: NGSolve (ngsolve)
2026-09-03 19:57:51,570 [oasis.ngsolve] INFO: NGSolve backend registered
2026-09-03 19:57:51,579 [oasis.registry] INFO: Registered backend: FEBio (febio)
2026-09-03 19:57:51,583 [oasis.registry] INFO: Registered backend: scikit-fem (skfem)
2026-09-03 19:57:51,583 [oasis.skfem] INFO: scikit-fem backend registered
2026-09-03 19:57:51,592 [oasis.registry] INFO: Registered backend: NGSolve (ngsolve)
2026-09-03 19:57:51,593 [oasis.ngsolve] INFO: NGSolve backend registered
2026-09-03 19:57:51,608 [oasis.registry] INFO: Registered backend: Kratos Multiphysics (kratos)
2026-09-03 19:57:51,609 [oasis.kratos] INFO: Kratos Multiphysics backend registered
2026-09-03 19:57:51,609 [oasis.registry] INFO: Registered backend: scikit-fem (skfem)
2026-09-03 19:57:51,609 [oasis.skfem] INFO: scikit-fem backend registered
2026-09-03 19:57:51,623 [oasis.registry] INFO: Registered backend: DUNE-fem (dune)
2026-09-03 19:57:51,624 [oasis.dune] INFO: DUNE-fem backend registered
2026-09-03 19:57:51,631 [oasis.registry] INFO: Registered backend: Kratos Multiphysics (kratos)
2026-09-03 19:57:51,631 [oasis.kratos] INFO: Kratos Multiphysics backend registered
2026-09-03 19:57:51,637 [oasis.registry] INFO: Registered backend: SPARTA (DSMC) (sparta)
2026-09-03 19:57:51,637 [oasis.sparta] INFO: SPARTA (DSMC) backend registered
2026-09-03 19:57:51,637 [oasis] INFO: Starting OASiS MCP server
2026-09-03 19:57:51,646 [oasis.registry] INFO: Registered backend: DUNE-fem (dune)
2026-09-03 19:57:51,646 [oasis.dune] INFO: DUNE-fem backend registered
2026-09-03 19:57:51,660 [oasis.registry] INFO: Registered backend: SPARTA (DSMC) (sparta)
2026-09-03 19:57:51,660 [oasis.sparta] INFO: SPARTA (DSMC) backend registered
2026-09-03 19:57:51,660 [oasis] INFO: Starting OASiS MCP server
2026-09-03 19:57:51,675 [mcp.server.lowlevel.server] INFO: Processing request of type ListToolsRequest
2026-09-03 19:57:51,688 [mcp.server.lowlevel.server] INFO: Processing request of type ListToolsRequest
2026-09-03 19:57:51,707 [oasis.registry] INFO: Loaded discovered config: 5 backends
2026-09-03 19:57:51,717 [oasis.registry] INFO: Registered backend: 4C Multiphysics (fourc)
2026-09-03 19:57:51,721 [oasis.registry] INFO: Registered backend: FEniCSx (dolfinx) (fenics)
2026-09-03 19:57:51,726 [oasis.registry] INFO: Registered backend: deal.II (dealii)
2026-09-03 19:57:51,745 [oasis.registry] INFO: Registered backend: FEBio (febio)
2026-09-03 19:57:51,759 [oasis.registry] INFO: Registered backend: NGSolve (ngsolve)
2026-09-03 19:57:51,759 [oasis.ngsolve] INFO: NGSolve backend registered
2026-09-03 19:57:51,773 [oasis.registry] INFO: Registered backend: scikit-fem (skfem)
2026-09-03 19:57:51,773 [oasis.skfem] INFO: scikit-fem backend registered
2026-09-03 19:57:51,798 [oasis.registry] INFO: Registered backend: Kratos Multiphysics (kratos)
2026-09-03 19:57:51,798 [oasis.kratos] INFO: Kratos Multiphysics backend registered
2026-09-03 19:57:51,814 [oasis.registry] INFO: Registered backend: DUNE-fem (dune)
2026-09-03 19:57:51,814 [oasis.dune] INFO: DUNE-fem backend registered
2026-09-03 19:57:51,829 [oasis.registry] INFO: Registered backend: SPARTA (DSMC) (sparta)
2026-09-03 19:57:51,829 [oasis.sparta] INFO: SPARTA (DSMC) backend registered
2026-09-03 19:57:51,829 [oasis] INFO: Starting OASiS MCP server
2026-09-03 19:57:51,860 [mcp.server.lowlevel.server] INFO: Processing request of type ListToolsRequest
2026-09-03 19:58:08,459 [mcp.server.lowlevel.server] INFO: Processing request of type CallToolRequest
2026-09-03 19:58:08,522 [mcp.server.lowlevel.server] INFO: Processing request of type CallToolRequest
2026-09-03 19:58:08,759 [mcp.server.lowlevel.server] INFO: Processing request of type CallToolRequest
2026-09-03 19:58:14,045 [mcp.server.lowlevel.server] INFO: Processing request of type CallToolRequest
2026-09-03 19:58:14,045 [mcp.server.lowlevel.server] INFO: Processing request of type CallToolRequest
2026-09-03 19:58:14,047 [mcp.server.lowlevel.server] INFO: Processing request of type CallToolRequest
2026-09-03 19:58:57,486 [mcp.server.lowlevel.server] INFO: Processing request of type CallToolRequest
/home/alexander/Schreibtisch/ofa-v2/langgraph_eval/agent.py:820: RuntimeWarning: This package (`duckduckgo_search`) has been renamed to `ddgs`! Use `pip install ddgs` instead.
  with DDGS() as ddgs:
2026-09-03 19:58:57,514 [mcp.server.lowlevel.server] INFO: Processing request of type CallToolRequest
/home/alexander/Schreibtisch/ofa-v2/langgraph_eval/agent.py:820: RuntimeWarning: This package (`duckduckgo_search`) has been renamed to `ddgs`! Use `pip install ddgs` instead.
  with DDGS() as ddgs:
/home/alexander/Schreibtisch/ofa-v2/langgraph_eval/agent.py:820: RuntimeWarning: This package (`duckduckgo_search`) has been renamed to `ddgs`! Use `pip install ddgs` instead.
  with DDGS() as ddgs:
2026-09-03 19:59:01,035 [mcp.server.lowlevel.server] INFO: Processing request of type CallToolRequest
2026-09-03 19:59:09,793 [mcp.server.lowlevel.server] INFO: Processing request of type CallToolRequest
/home/alexander/Schreibtisch/ofa-v2/langgraph_eval/agent.py:820: RuntimeWarning: This package (`duckduckgo_search`) has been renamed to `ddgs`! Use `pip install ddgs` instead.
  with DDGS() as ddgs:
/home/alexander/Schreibtisch/ofa-v2/langgraph_eval/agent.py:820: RuntimeWarning: This package (`duckduckgo_search`) has been renamed to `ddgs`! Use `pip install ddgs` instead.
  with DDGS() as ddgs:
/home/alexander/Schreibtisch/ofa-v2/langgraph_eval/agent.py:820: RuntimeWarning: This package (`duckduckgo_search`) has been renamed to `ddgs`! Use `pip install ddgs` instead.
  with DDGS() as ddgs:
/home/alexander/Schreibtisch/ofa-v2/langgraph_eval/agent.py:820: RuntimeWarning: This package (`duckduckgo_search`) has been renamed to `ddgs`! Use `pip install ddgs` instead.
  with DDGS() as ddgs:
2026-09-03 19:59:18,394 [mcp.server.lowlevel.server] INFO: Processing request of type CallToolRequest
2026-09-03 19:59:18,419 [mcp.server.lowlevel.server] INFO: Processing request of type CallToolRequest
2026-09-03 19:59:18,442 [mcp.server.lowlevel.server] INFO: Processing request of type CallToolRequest
/home/alexander/Schreibtisch/ofa-v2/langgraph_eval/agent.py:820: RuntimeWarning: This package (`duckduckgo_search`) has been renamed to `ddgs`! Use `pip install ddgs` instead.
  with DDGS() as ddgs:
/home/alexander/Schreibtisch/ofa-v2/langgraph_eval/agent.py:820: RuntimeWarning: This package (`duckduckgo_search`) has been renamed to `ddgs`! Use `pip install ddgs` instead.
  with DDGS() as ddgs:
2026-09-03 19:59:38,262 [mcp.server.lowlevel.server] INFO: Processing request of type CallToolRequest
2026-09-03 19:59:38,291 [mcp.server.lowlevel.server] INFO: Processing request of type CallToolRequest
2026-09-03 19:59:38,317 [mcp.server.lowlevel.server] INFO: Processing request of type CallToolRequest
/home/alexander/Schreibtisch/ofa-v2/langgraph_eval/agent.py:820: RuntimeWarning: This package (`duckduckgo_search`) has been renamed to `ddgs`! Use `pip install ddgs` instead.
  with DDGS() as ddgs:
/home/alexander/Schreibtisch/ofa-v2/langgraph_eval/agent.py:820: RuntimeWarning: This package (`duckduckgo_search`) has been renamed to `ddgs`! Use `pip install ddgs` instead.
  with DDGS() as ddgs:
/home/alexander/Schreibtisch/ofa-v2/langgraph_eval/agent.py:820: RuntimeWarning: This package (`duckduckgo_search`) has been renamed to `ddgs`! Use `pip install ddgs` instead.
  with DDGS() as ddgs:
2026-09-03 20:01:27,305 [mcp.server.lowlevel.server] INFO: Processing request of type CallToolRequest
2026-09-03 20:07:03,528 [mcp.server.lowlevel.server] INFO: Processing request of type CallToolRequest
2026-09-03 20:07:11,689 [mcp.server.lowlevel.server] INFO: Processing request of type CallToolRequest
/home/alexander/Schreibtisch/ofa-v2/src/tools/result_audit.py:1341: ResourceWarning: unclosed file <_io.TextIOWrapper name='/home/alexander/Schreibtisch/ofa-v2/campaign3_blind/runs/C3_27b_MCP_seed3002/work/solution_level1_A.csv' mode='r' encoding='UTF-8'>
  rows = [r for r in _csv.reader(f.open())
ResourceWarning: Enable tracemalloc to get the object allocation traceback
/home/alexander/Schreibtisch/ofa-v2/src/tools/result_audit.py:1341: ResourceWarning: unclosed file <_io.TextIOWrapper name='/home/alexander/Schreibtisch/ofa-v2/campaign3_blind/runs/C3_27b_MCP_seed3002/work/solution_level1_A.csv' mode='r' encoding='UTF-8'>
  rows = [r for r in _csv.reader(f.open())
ResourceWarning: Enable tracemalloc to get the object allocation traceback
2026-09-03 20:10:16,942 [mcp.server.lowlevel.server] INFO: Processing request of type CallToolRequest
2026-09-03 20:10:19,125 [mcp.server.lowlevel.server] INFO: Processing request of type CallToolRequest
2026-09-03 20:11:52,077 [mcp.server.lowlevel.server] INFO: Processing request of type CallToolRequest
/home/alexander/Schreibtisch/ofa-v2/src/tools/result_audit.py:419: ResourceWarning: unclosed file <_io.TextIOWrapper name='/home/alexander/Schreibtisch/ofa-v2/campaign3_blind/runs/C3_27b_MCP_seed3001/work/residual_level1.csv' mode='r' encoding='UTF-8'>
  body = tuple(r[-1].strip() for r in _csv.reader(q.open()) if r)
ResourceWarning: Enable tracemalloc to get the object allocation traceback
/home/alexander/Schreibtisch/ofa-v2/src/tools/result_audit.py:1341: ResourceWarning: unclosed file <_io.TextIOWrapper name='/home/alexander/Schreibtisch/ofa-v2/campaign3_blind/runs/C3_27b_MCP_seed3001/work/solution_level1_A.csv' mode='r' encoding='UTF-8'>
  rows = [r for r in _csv.reader(f.open())
ResourceWarning: Enable tracemalloc to get the object allocation traceback
/home/alexander/Schreibtisch/ofa-v2/src/tools/result_audit.py:1341: ResourceWarning: unclosed file <_io.TextIOWrapper name='/home/alexander/Schreibtisch/ofa-v2/campaign3_blind/runs/C3_27b_MCP_seed3001/work/solution_level1_B.csv' mode='r' encoding='UTF-8'>
  rows = [r for r in _csv.reader(f.open())
ResourceWarning: Enable tracemalloc to get the object allocation traceback
/home/alexander/Schreibtisch/ofa-v2/src/tools/result_audit.py:534: ResourceWarning: unclosed file <_io.TextIOWrapper name='/home/alexander/Schreibtisch/ofa-v2/campaign3_blind/runs/C3_27b_MCP_seed3002/work/solution_level1_A.csv' mode='r' encoding='UTF-8'>
  rows = sum(1 for _ in open(sol0[0], errors="ignore")) - 1
ResourceWarning: Enable tracemalloc to get the object allocation traceback
/home/alexander/Schreibtisch/ofa-v2/src/tools/result_audit.py:1341: ResourceWarning: unclosed file <_io.TextIOWrapper name='/home/alexander/Schreibtisch/ofa-v2/campaign3_blind/runs/C3_27b_MCP_seed3002/work/solution_level1_A.csv' mode='r' encoding='UTF-8'>
  rows = [r for r in _csv.reader(f.open())
ResourceWarning: Enable tracemalloc to get the object allocation traceback
/home/alexander/Schreibtisch/ofa-v2/src/tools/result_audit.py:534: ResourceWarning: unclosed file <_io.TextIOWrapper name='/home/alexander/Schreibtisch/ofa-v2/campaign3_blind/runs/C3_27b_MCP_seed3002/work/solution_level1_A.csv' mode='r' encoding='UTF-8'>
  rows = sum(1 for _ in open(sol0[0], errors="ignore")) - 1
ResourceWarning: Enable tracemalloc to get the object allocation traceback
/home/alexander/Schreibtisch/ofa-v2/src/tools/result_audit.py:1341: ResourceWarning: unclosed file <_io.TextIOWrapper name='/home/alexander/Schreibtisch/ofa-v2/campaign3_blind/runs/C3_27b_MCP_seed3002/work/solution_level1_A.csv' mode='r' encoding='UTF-8'>
  rows = [r for r in _csv.reader(f.open())
ResourceWarning: Enable tracemalloc to get the object allocation traceback
2026-09-03 20:12:58,106 [oasis] INFO: Session journal saved: /tmp/oasis-source/data/sessions/session_0a11b1a6-9911-4dce-8c8c-5c74911946e8.json (7 events)
[preflight] custody controls verified for 1 problem(s); keys sealed and unreadable by execution
[phase: development] results are for post-mortems and convergence checking, NOT for the paper's evaluation table.
[DUNE cache] sha256=dc2d5b8ff2ebf98e... (neutral, private copy per cell)
[C3 27b MCP s3002] done  calls=38 tok=3240180/36973 909.3s
/home/alexander/.local/share/python/cpython-3.12.13-linux-x86_64-gnu/lib/python3.12/asyncio/selector_events.py:879: ResourceWarning: unclosed transport <_SelectorSocketTransport fd=9>
<<< C3 seed 3002 done 2026-09-03 20:12:59
/home/alexander/Schreibtisch/ofa-v2/src/tools/result_audit.py:1341: ResourceWarning: unclosed file <_io.TextIOWrapper name='/home/alexander/Schreibtisch/ofa-v2/campaign3_blind/runs/C3_27b_MCP_seed3003/work/level1/solution_level1_A.csv' mode='r' encoding='UTF-8'>
  rows = [r for r in _csv.reader(f.open())
ResourceWarning: Enable tracemalloc to get the object allocation traceback
/home/alexander/Schreibtisch/ofa-v2/src/tools/result_audit.py:419: ResourceWarning: unclosed file <_io.TextIOWrapper name='/home/alexander/Schreibtisch/ofa-v2/campaign3_blind/runs/C3_27b_MCP_seed3001/work/residual_level1.csv' mode='r' encoding='UTF-8'>
  body = tuple(r[-1].strip() for r in _csv.reader(q.open()) if r)
ResourceWarning: Enable tracemalloc to get the object allocation traceback
/home/alexander/Schreibtisch/ofa-v2/src/tools/result_audit.py:419: ResourceWarning: unclosed file <_io.TextIOWrapper name='/home/alexander/Schreibtisch/ofa-v2/campaign3_blind/runs/C3_27b_MCP_seed3001/work/residual_level2.csv' mode='r' encoding='UTF-8'>
  body = tuple(r[-1].strip() for r in _csv.reader(q.open()) if r)
ResourceWarning: Enable tracemalloc to get the object allocation traceback
/home/alexander/Schreibtisch/ofa-v2/src/tools/result_audit.py:419: ResourceWarning: unclosed file <_io.TextIOWrapper name='/home/alexander/Schreibtisch/ofa-v2/campaign3_blind/runs/C3_27b_MCP_seed3001/work/residual_level3.csv' mode='r' encoding='UTF-8'>
  body = tuple(r[-1].strip() for r in _csv.reader(q.open()) if r)
ResourceWarning: Enable tracemalloc to get the object allocation traceback
/home/alexander/Schreibtisch/ofa-v2/src/tools/result_audit.py:1341: ResourceWarning: unclosed file <_io.TextIOWrapper name='/home/alexander/Schreibtisch/ofa-v2/campaign3_blind/runs/C3_27b_MCP_seed3001/work/solution_level1_A.csv' mode='r' encoding='UTF-8'>
  rows = [r for r in _csv.reader(f.open())
ResourceWarning: Enable tracemalloc to get the object allocation traceback
/home/alexander/Schreibtisch/ofa-v2/src/tools/result_audit.py:1341: ResourceWarning: unclosed file <_io.TextIOWrapper name='/home/alexander/Schreibtisch/ofa-v2/campaign3_blind/runs/C3_27b_MCP_seed3001/work/solution_level1_B.csv' mode='r' encoding='UTF-8'>
  rows = [r for r in _csv.reader(f.open())
ResourceWarning: Enable tracemalloc to get the object allocation traceback
/home/alexander/Schreibtisch/ofa-v2/src/tools/result_audit.py:1341: ResourceWarning: unclosed file <_io.TextIOWrapper name='/home/alexander/Schreibtisch/ofa-v2/campaign3_blind/runs/C3_27b_MCP_seed3001/work/solution_level2_A.csv' mode='r' encoding='UTF-8'>
  rows = [r for r in _csv.reader(f.open())
ResourceWarning: Enable tracemalloc to get the object allocation traceback
/home/alexander/Schreibtisch/ofa-v2/src/tools/result_audit.py:1341: ResourceWarning: unclosed file <_io.TextIOWrapper name='/home/alexander/Schreibtisch/ofa-v2/campaign3_blind/runs/C3_27b_MCP_seed3001/work/solution_level2_B.csv' mode='r' encoding='UTF-8'>
  rows = [r for r in _csv.reader(f.open())
ResourceWarning: Enable tracemalloc to get the object allocation traceback
/home/alexander/Schreibtisch/ofa-v2/src/tools/result_audit.py:1341: ResourceWarning: unclosed file <_io.TextIOWrapper name='/home/alexander/Schreibtisch/ofa-v2/campaign3_blind/runs/C3_27b_MCP_seed3001/work/solution_level3_A.csv' mode='r' encoding='UTF-8'>
  rows = [r for r in _csv.reader(f.open())
ResourceWarning: Enable tracemalloc to get the object allocation traceback
/home/alexander/Schreibtisch/ofa-v2/src/tools/result_audit.py:1341: ResourceWarning: unclosed file <_io.TextIOWrapper name='/home/alexander/Schreibtisch/ofa-v2/campaign3_blind/runs/C3_27b_MCP_seed3001/work/solution_level3_B.csv' mode='r' encoding='UTF-8'>
  rows = [r for r in _csv.reader(f.open())
ResourceWarning: Enable tracemalloc to get the object allocation traceback
/home/alexander/Schreibtisch/ofa-v2/src/tools/result_audit.py:419: ResourceWarning: unclosed file <_io.TextIOWrapper name='/home/alexander/Schreibtisch/ofa-v2/campaign3_blind/runs/C3_27b_MCP_seed3001/work/residual_level1.csv' mode='r' encoding='UTF-8'>
  body = tuple(r[-1].strip() for r in _csv.reader(q.open()) if r)
ResourceWarning: Enable tracemalloc to get the object allocation traceback
/home/alexander/Schreibtisch/ofa-v2/src/tools/result_audit.py:419: ResourceWarning: unclosed file <_io.TextIOWrapper name='/home/alexander/Schreibtisch/ofa-v2/campaign3_blind/runs/C3_27b_MCP_seed3001/work/residual_level2.csv' mode='r' encoding='UTF-8'>
  body = tuple(r[-1].strip() for r in _csv.reader(q.open()) if r)
ResourceWarning: Enable tracemalloc to get the object allocation traceback
/home/alexander/Schreibtisch/ofa-v2/src/tools/result_audit.py:419: ResourceWarning: unclosed file <_io.TextIOWrapper name='/home/alexander/Schreibtisch/ofa-v2/campaign3_blind/runs/C3_27b_MCP_seed3001/work/residual_level3.csv' mode='r' encoding='UTF-8'>
  body = tuple(r[-1].strip() for r in _csv.reader(q.open()) if r)
ResourceWarning: Enable tracemalloc to get the object allocation traceback
/home/alexander/Schreibtisch/ofa-v2/src/tools/result_audit.py:534: ResourceWarning: unclosed file <_io.TextIOWrapper name='/home/alexander/Schreibtisch/ofa-v2/campaign3_blind/runs/C3_27b_MCP_seed3001/work/solution_level1_A.csv' mode='r' encoding='UTF-8'>
  rows = sum(1 for _ in open(sol0[0], errors="ignore")) - 1
ResourceWarning: Enable tracemalloc to get the object allocation traceback
/home/alexander/Schreibtisch/ofa-v2/src/tools/result_audit.py:1341: ResourceWarning: unclosed file <_io.TextIOWrapper name='/home/alexander/Schreibtisch/ofa-v2/campaign3_blind/runs/C3_27b_MCP_seed3001/work/solution_level1_A.csv' mode='r' encoding='UTF-8'>
  rows = [r for r in _csv.reader(f.open())
ResourceWarning: Enable tracemalloc to get the object allocation traceback
/home/alexander/Schreibtisch/ofa-v2/src/tools/result_audit.py:1341: ResourceWarning: unclosed file <_io.TextIOWrapper name='/home/alexander/Schreibtisch/ofa-v2/campaign3_blind/runs/C3_27b_MCP_seed3001/work/solution_level1_B.csv' mode='r' encoding='UTF-8'>
  rows = [r for r in _csv.reader(f.open())
ResourceWarning: Enable tracemalloc to get the object allocation traceback
/home/alexander/Schreibtisch/ofa-v2/src/tools/result_audit.py:1341: ResourceWarning: unclosed file <_io.TextIOWrapper name='/home/alexander/Schreibtisch/ofa-v2/campaign3_blind/runs/C3_27b_MCP_seed3001/work/solution_level2_A.csv' mode='r' encoding='UTF-8'>
  rows = [r for r in _csv.reader(f.open())
ResourceWarning: Enable tracemalloc to get the object allocation traceback
/home/alexander/Schreibtisch/ofa-v2/src/tools/result_audit.py:1341: ResourceWarning: unclosed file <_io.TextIOWrapper name='/home/alexander/Schreibtisch/ofa-v2/campaign3_blind/runs/C3_27b_MCP_seed3001/work/solution_level2_B.csv' mode='r' encoding='UTF-8'>
  rows = [r for r in _csv.reader(f.open())
ResourceWarning: Enable tracemalloc to get the object allocation traceback
/home/alexander/Schreibtisch/ofa-v2/src/tools/result_audit.py:1341: ResourceWarning: unclosed file <_io.TextIOWrapper name='/home/alexander/Schreibtisch/ofa-v2/campaign3_blind/runs/C3_27b_MCP_seed3001/work/solution_level3_A.csv' mode='r' encoding='UTF-8'>
  rows = [r for r in _csv.reader(f.open())
ResourceWarning: Enable tracemalloc to get the object allocation traceback
/home/alexander/Schreibtisch/ofa-v2/src/tools/result_audit.py:1341: ResourceWarning: unclosed file <_io.TextIOWrapper name='/home/alexander/Schreibtisch/ofa-v2/campaign3_blind/runs/C3_27b_MCP_seed3001/work/solution_level3_B.csv' mode='r' encoding='UTF-8'>
  rows = [r for r in _csv.reader(f.open())
ResourceWarning: Enable tracemalloc to get the object allocation traceback
/home/alexander/Schreibtisch/ofa-v2/src/tools/result_audit.py:1341: ResourceWarning: unclosed file <_io.TextIOWrapper name='/home/alexander/Schreibtisch/ofa-v2/campaign3_blind/runs/C3_27b_MCP_seed3003/work/level1/solution_level1_A.csv' mode='r' encoding='UTF-8'>
  rows = [r for r in _csv.reader(f.open())
ResourceWarning: Enable tracemalloc to get the object allocation traceback
/home/alexander/Schreibtisch/ofa-v2/src/tools/result_audit.py:1341: ResourceWarning: unclosed file <_io.TextIOWrapper name='/home/alexander/Schreibtisch/ofa-v2/campaign3_blind/runs/C3_27b_MCP_seed3003/work/level1/solution_level1_A.csv' mode='r' encoding='UTF-8'>
  rows = [r for r in _csv.reader(f.open())
ResourceWarning: Enable tracemalloc to get the object allocation traceback
/home/alexander/Schreibtisch/ofa-v2/src/tools/result_audit.py:419: ResourceWarning: unclosed file <_io.TextIOWrapper name='/home/alexander/Schreibtisch/ofa-v2/campaign3_blind/runs/C3_27b_MCP_seed3001/work/residual_level1.csv' mode='r' encoding='UTF-8'>
  body = tuple(r[-1].strip() for r in _csv.reader(q.open()) if r)
ResourceWarning: Enable tracemalloc to get the object allocation traceback
/home/alexander/Schreibtisch/ofa-v2/src/tools/result_audit.py:419: ResourceWarning: unclosed file <_io.TextIOWrapper name='/home/alexander/Schreibtisch/ofa-v2/campaign3_blind/runs/C3_27b_MCP_seed3001/work/residual_level2.csv' mode='r' encoding='UTF-8'>
  body = tuple(r[-1].strip() for r in _csv.reader(q.open()) if r)
ResourceWarning: Enable tracemalloc to get the object allocation traceback
/home/alexander/Schreibtisch/ofa-v2/src/tools/result_audit.py:419: ResourceWarning: unclosed file <_io.TextIOWrapper name='/home/alexander/Schreibtisch/ofa-v2/campaign3_blind/runs/C3_27b_MCP_seed3001/work/residual_level3.csv' mode='r' encoding='UTF-8'>
  body = tuple(r[-1].strip() for r in _csv.reader(q.open()) if r)
ResourceWarning: Enable tracemalloc to get the object allocation traceback
/home/alexander/Schreibtisch/ofa-v2/src/tools/result_audit.py:1341: ResourceWarning: unclosed file <_io.TextIOWrapper name='/home/alexander/Schreibtisch/ofa-v2/campaign3_blind/runs/C3_27b_MCP_seed3001/work/solution_level1_A.csv' mode='r' encoding='UTF-8'>
  rows = [r for r in _csv.reader(f.open())
ResourceWarning: Enable tracemalloc to get the object allocation traceback
/home/alexander/Schreibtisch/ofa-v2/src/tools/result_audit.py:1341: ResourceWarning: unclosed file <_io.TextIOWrapper name='/home/alexander/Schreibtisch/ofa-v2/campaign3_blind/runs/C3_27b_MCP_seed3001/work/solution_level1_B.csv' mode='r' encoding='UTF-8'>
  rows = [r for r in _csv.reader(f.open())
ResourceWarning: Enable tracemalloc to get the object allocation traceback
/home/alexander/Schreibtisch/ofa-v2/src/tools/result_audit.py:1341: ResourceWarning: unclosed file <_io.TextIOWrapper name='/home/alexander/Schreibtisch/ofa-v2/campaign3_blind/runs/C3_27b_MCP_seed3001/work/solution_level2_A.csv' mode='r' encoding='UTF-8'>
  rows = [r for r in _csv.reader(f.open())
ResourceWarning: Enable tracemalloc to get the object allocation traceback
/home/alexander/Schreibtisch/ofa-v2/src/tools/result_audit.py:1341: ResourceWarning: unclosed file <_io.TextIOWrapper name='/home/alexander/Schreibtisch/ofa-v2/campaign3_blind/runs/C3_27b_MCP_seed3001/work/solution_level2_B.csv' mode='r' encoding='UTF-8'>
  rows = [r for r in _csv.reader(f.open())
ResourceWarning: Enable tracemalloc to get the object allocation traceback
/home/alexander/Schreibtisch/ofa-v2/src/tools/result_audit.py:1341: ResourceWarning: unclosed file <_io.TextIOWrapper name='/home/alexander/Schreibtisch/ofa-v2/campaign3_blind/runs/C3_27b_MCP_seed3001/work/solution_level3_A.csv' mode='r' encoding='UTF-8'>
  rows = [r for r in _csv.reader(f.open())
ResourceWarning: Enable tracemalloc to get the object allocation traceback
/home/alexander/Schreibtisch/ofa-v2/src/tools/result_audit.py:1341: ResourceWarning: unclosed file <_io.TextIOWrapper name='/home/alexander/Schreibtisch/ofa-v2/campaign3_blind/runs/C3_27b_MCP_seed3001/work/solution_level3_B.csv' mode='r' encoding='UTF-8'>
  rows = [r for r in _csv.reader(f.open())
ResourceWarning: Enable tracemalloc to get the object allocation traceback
/home/alexander/Schreibtisch/ofa-v2/src/tools/result_audit.py:419: ResourceWarning: unclosed file <_io.TextIOWrapper name='/home/alexander/Schreibtisch/ofa-v2/campaign3_blind/runs/C3_27b_MCP_seed3001/work/residual_level1.csv' mode='r' encoding='UTF-8'>
  body = tuple(r[-1].strip() for r in _csv.reader(q.open()) if r)
ResourceWarning: Enable tracemalloc to get the object allocation traceback
/home/alexander/Schreibtisch/ofa-v2/src/tools/result_audit.py:419: ResourceWarning: unclosed file <_io.TextIOWrapper name='/home/alexander/Schreibtisch/ofa-v2/campaign3_blind/runs/C3_27b_MCP_seed3001/work/residual_level2.csv' mode='r' encoding='UTF-8'>
  body = tuple(r[-1].strip() for r in _csv.reader(q.open()) if r)
ResourceWarning: Enable tracemalloc to get the object allocation traceback
/home/alexander/Schreibtisch/ofa-v2/src/tools/result_audit.py:419: ResourceWarning: unclosed file <_io.TextIOWrapper name='/home/alexander/Schreibtisch/ofa-v2/campaign3_blind/runs/C3_27b_MCP_seed3001/work/residual_level3.csv' mode='r' encoding='UTF-8'>
  body = tuple(r[-1].strip() for r in _csv.reader(q.open()) if r)
ResourceWarning: Enable tracemalloc to get the object allocation traceback
/home/alexander/Schreibtisch/ofa-v2/src/tools/result_audit.py:534: ResourceWarning: unclosed file <_io.TextIOWrapper name='/home/alexander/Schreibtisch/ofa-v2/campaign3_blind/runs/C3_27b_MCP_seed3001/work/solution_level1_A.csv' mode='r' encoding='UTF-8'>
  rows = sum(1 for _ in open(sol0[0], errors="ignore")) - 1
ResourceWarning: Enable tracemalloc to get the object allocation traceback
/home/alexander/Schreibtisch/ofa-v2/src/tools/result_audit.py:1341: ResourceWarning: unclosed file <_io.TextIOWrapper name='/home/alexander/Schreibtisch/ofa-v2/campaign3_blind/runs/C3_27b_MCP_seed3001/work/solution_level1_A.csv' mode='r' encoding='UTF-8'>
  rows = [r for r in _csv.reader(f.open())
ResourceWarning: Enable tracemalloc to get the object allocation traceback
/home/alexander/Schreibtisch/ofa-v2/src/tools/result_audit.py:1341: ResourceWarning: unclosed file <_io.TextIOWrapper name='/home/alexander/Schreibtisch/ofa-v2/campaign3_blind/runs/C3_27b_MCP_seed3001/work/solution_level1_B.csv' mode='r' encoding='UTF-8'>
  rows = [r for r in _csv.reader(f.open())
ResourceWarning: Enable tracemalloc to get the object allocation traceback
/home/alexander/Schreibtisch/ofa-v2/src/tools/result_audit.py:1341: ResourceWarning: unclosed file <_io.TextIOWrapper name='/home/alexander/Schreibtisch/ofa-v2/campaign3_blind/runs/C3_27b_MCP_seed3001/work/solution_level2_A.csv' mode='r' encoding='UTF-8'>
  rows = [r for r in _csv.reader(f.open())
ResourceWarning: Enable tracemalloc to get the object allocation traceback
/home/alexander/Schreibtisch/ofa-v2/src/tools/result_audit.py:1341: ResourceWarning: unclosed file <_io.TextIOWrapper name='/home/alexander/Schreibtisch/ofa-v2/campaign3_blind/runs/C3_27b_MCP_seed3001/work/solution_level2_B.csv' mode='r' encoding='UTF-8'>
  rows = [r for r in _csv.reader(f.open())
ResourceWarning: Enable tracemalloc to get the object allocation traceback
/home/alexander/Schreibtisch/ofa-v2/src/tools/result_audit.py:1341: ResourceWarning: unclosed file <_io.TextIOWrapper name='/home/alexander/Schreibtisch/ofa-v2/campaign3_blind/runs/C3_27b_MCP_seed3001/work/solution_level3_A.csv' mode='r' encoding='UTF-8'>
  rows = [r for r in _csv.reader(f.open())
ResourceWarning: Enable tracemalloc to get the object allocation traceback
/home/alexander/Schreibtisch/ofa-v2/src/tools/result_audit.py:1341: ResourceWarning: unclosed file <_io.TextIOWrapper name='/home/alexander/Schreibtisch/ofa-v2/campaign3_blind/runs/C3_27b_MCP_seed3001/work/solution_level3_B.csv' mode='r' encoding='UTF-8'>
  rows = [r for r in _csv.reader(f.open())
ResourceWarning: Enable tracemalloc to get the object allocation traceback
/home/alexander/Schreibtisch/ofa-v2/src/tools/result_audit.py:419: ResourceWarning: unclosed file <_io.TextIOWrapper name='/home/alexander/Schreibtisch/ofa-v2/campaign3_blind/runs/C3_27b_MCP_seed3001/work/residual_level1.csv' mode='r' encoding='UTF-8'>
  body = tuple(r[-1].strip() for r in _csv.reader(q.open()) if r)
ResourceWarning: Enable tracemalloc to get the object allocation traceback
/home/alexander/Schreibtisch/ofa-v2/src/tools/result_audit.py:1341: ResourceWarning: unclosed file <_io.TextIOWrapper name='/home/alexander/Schreibtisch/ofa-v2/campaign3_blind/runs/C3_27b_MCP_seed3001/work/solution_level1_A.csv' mode='r' encoding='UTF-8'>
  rows = [r for r in _csv.reader(f.open())
ResourceWarning: Enable tracemalloc to get the object allocation traceback
/home/alexander/Schreibtisch/ofa-v2/src/tools/result_audit.py:1341: ResourceWarning: unclosed file <_io.TextIOWrapper name='/home/alexander/Schreibtisch/ofa-v2/campaign3_blind/runs/C3_27b_MCP_seed3001/work/solution_level1_B.csv' mode='r' encoding='UTF-8'>
  rows = [r for r in _csv.reader(f.open())
ResourceWarning: Enable tracemalloc to get the object allocation traceback
/home/alexander/Schreibtisch/ofa-v2/src/tools/workspace_advisor.py:80: ResourceWarning: unclosed file <_io.TextIOWrapper name='/home/alexander/Schreibtisch/ofa-v2/campaign3_blind/runs/C3_27b_MCP_seed3001/work/residual_level1.csv' mode='r' encoding='UTF-8'>
  rows = [row for row in _csv.reader(r.open()) if row]
ResourceWarning: Enable tracemalloc to get the object allocation traceback
/home/alexander/Schreibtisch/ofa-v2/src/tools/result_audit.py:419: ResourceWarning: unclosed file <_io.TextIOWrapper name='/home/alexander/Schreibtisch/ofa-v2/campaign3_blind/runs/C3_27b_MCP_seed3001/work/residual_level1.csv' mode='r' encoding='UTF-8'>
  body = tuple(r[-1].strip() for r in _csv.reader(q.open()) if r)
ResourceWarning: Enable tracemalloc to get the object allocation traceback
/home/alexander/Schreibtisch/ofa-v2/src/tools/result_audit.py:534: ResourceWarning: unclosed file <_io.TextIOWrapper name='/home/alexander/Schreibtisch/ofa-v2/campaign3_blind/runs/C3_27b_MCP_seed3001/work/solution_level1_A.csv' mode='r' encoding='UTF-8'>
  rows = sum(1 for _ in open(sol0[0], errors="ignore")) - 1
ResourceWarning: Enable tracemalloc to get the object allocation traceback
/home/alexander/Schreibtisch/ofa-v2/src/tools/result_audit.py:1341: ResourceWarning: unclosed file <_io.TextIOWrapper name='/home/alexander/Schreibtisch/ofa-v2/campaign3_blind/runs/C3_27b_MCP_seed3001/work/solution_level1_A.csv' mode='r' encoding='UTF-8'>
  rows = [r for r in _csv.reader(f.open())
ResourceWarning: Enable tracemalloc to get the object allocation traceback
/home/alexander/Schreibtisch/ofa-v2/src/tools/result_audit.py:1341: ResourceWarning: unclosed file <_io.TextIOWrapper name='/home/alexander/Schreibtisch/ofa-v2/campaign3_blind/runs/C3_27b_MCP_seed3001/work/solution_level1_B.csv' mode='r' encoding='UTF-8'>
  rows = [r for r in _csv.reader(f.open())
ResourceWarning: Enable tracemalloc to get the object allocation traceback
/home/alexander/Schreibtisch/ofa-v2/src/tools/result_audit.py:419: ResourceWarning: unclosed file <_io.TextIOWrapper name='/home/alexander/Schreibtisch/ofa-v2/campaign3_blind/runs/C3_27b_MCP_seed3001/work/residual_level1.csv' mode='r' encoding='UTF-8'>
  body = tuple(r[-1].strip() for r in _csv.reader(q.open()) if r)
ResourceWarning: Enable tracemalloc to get the object allocation traceback
/home/alexander/Schreibtisch/ofa-v2/src/tools/result_audit.py:419: ResourceWarning: unclosed file <_io.TextIOWrapper name='/home/alexander/Schreibtisch/ofa-v2/campaign3_blind/runs/C3_27b_MCP_seed3001/work/residual_level2.csv' mode='r' encoding='UTF-8'>
  body = tuple(r[-1].strip() for r in _csv.reader(q.open()) if r)
ResourceWarning: Enable tracemalloc to get the object allocation traceback
/home/alexander/Schreibtisch/ofa-v2/src/tools/result_audit.py:419: ResourceWarning: unclosed file <_io.TextIOWrapper name='/home/alexander/Schreibtisch/ofa-v2/campaign3_blind/runs/C3_27b_MCP_seed3001/work/residual_level3.csv' mode='r' encoding='UTF-8'>
  body = tuple(r[-1].strip() for r in _csv.reader(q.open()) if r)
ResourceWarning: Enable tracemalloc to get the object allocation traceback
/home/alexander/Schreibtisch/ofa-v2/src/tools/result_audit.py:1341: ResourceWarning: unclosed file <_io.TextIOWrapper name='/home/alexander/Schreibtisch/ofa-v2/campaign3_blind/runs/C3_27b_MCP_seed3001/work/solution_level1_A.csv' mode='r' encoding='UTF-8'>
  rows = [r for r in _csv.reader(f.open())
ResourceWarning: Enable tracemalloc to get the object allocation traceback
/home/alexander/Schreibtisch/ofa-v2/src/tools/result_audit.py:1341: ResourceWarning: unclosed file <_io.TextIOWrapper name='/home/alexander/Schreibtisch/ofa-v2/campaign3_blind/runs/C3_27b_MCP_seed3001/work/solution_level1_B.csv' mode='r' encoding='UTF-8'>
  rows = [r for r in _csv.reader(f.open())
ResourceWarning: Enable tracemalloc to get the object allocation traceback
/home/alexander/Schreibtisch/ofa-v2/src/tools/result_audit.py:1341: ResourceWarning: unclosed file <_io.TextIOWrapper name='/home/alexander/Schreibtisch/ofa-v2/campaign3_blind/runs/C3_27b_MCP_seed3001/work/solution_level2_A.csv' mode='r' encoding='UTF-8'>
  rows = [r for r in _csv.reader(f.open())
ResourceWarning: Enable tracemalloc to get the object allocation traceback
/home/alexander/Schreibtisch/ofa-v2/src/tools/result_audit.py:1341: ResourceWarning: unclosed file <_io.TextIOWrapper name='/home/alexander/Schreibtisch/ofa-v2/campaign3_blind/runs/C3_27b_MCP_seed3001/work/solution_level2_B.csv' mode='r' encoding='UTF-8'>
  rows = [r for r in _csv.reader(f.open())
ResourceWarning: Enable tracemalloc to get the object allocation traceback
/home/alexander/Schreibtisch/ofa-v2/src/tools/result_audit.py:1341: ResourceWarning: unclosed file <_io.TextIOWrapper name='/home/alexander/Schreibtisch/ofa-v2/campaign3_blind/runs/C3_27b_MCP_seed3001/work/solution_level3_A.csv' mode='r' encoding='UTF-8'>
  rows = [r for r in _csv.reader(f.open())
ResourceWarning: Enable tracemalloc to get the object allocation traceback
/home/alexander/Schreibtisch/ofa-v2/src/tools/result_audit.py:1341: ResourceWarning: unclosed file <_io.TextIOWrapper name='/home/alexander/Schreibtisch/ofa-v2/campaign3_blind/runs/C3_27b_MCP_seed3001/work/solution_level3_B.csv' mode='r' encoding='UTF-8'>
  rows = [r for r in _csv.reader(f.open())
ResourceWarning: Enable tracemalloc to get the object allocation traceback
/home/alexander/Schreibtisch/ofa-v2/src/tools/result_audit.py:419: ResourceWarning: unclosed file <_io.TextIOWrapper name='/home/alexander/Schreibtisch/ofa-v2/campaign3_blind/runs/C3_27b_MCP_seed3001/work/residual_level1.csv' mode='r' encoding='UTF-8'>
  body = tuple(r[-1].strip() for r in _csv.reader(q.open()) if r)
ResourceWarning: Enable tracemalloc to get the object allocation traceback
/home/alexander/Schreibtisch/ofa-v2/src/tools/result_audit.py:419: ResourceWarning: unclosed file <_io.TextIOWrapper name='/home/alexander/Schreibtisch/ofa-v2/campaign3_blind/runs/C3_27b_MCP_seed3001/work/residual_level2.csv' mode='r' encoding='UTF-8'>
  body = tuple(r[-1].strip() for r in _csv.reader(q.open()) if r)
ResourceWarning: Enable tracemalloc to get the object allocation traceback
/home/alexander/Schreibtisch/ofa-v2/src/tools/result_audit.py:419: ResourceWarning: unclosed file <_io.TextIOWrapper name='/home/alexander/Schreibtisch/ofa-v2/campaign3_blind/runs/C3_27b_MCP_seed3001/work/residual_level3.csv' mode='r' encoding='UTF-8'>
  body = tuple(r[-1].strip() for r in _csv.reader(q.open()) if r)
ResourceWarning: Enable tracemalloc to get the object allocation traceback
/home/alexander/Schreibtisch/ofa-v2/src/tools/result_audit.py:534: ResourceWarning: unclosed file <_io.TextIOWrapper name='/home/alexander/Schreibtisch/ofa-v2/campaign3_blind/runs/C3_27b_MCP_seed3001/work/solution_level1_A.csv' mode='r' encoding='UTF-8'>
  rows = sum(1 for _ in open(sol0[0], errors="ignore")) - 1
ResourceWarning: Enable tracemalloc to get the object allocation traceback
/home/alexander/Schreibtisch/ofa-v2/src/tools/result_audit.py:1341: ResourceWarning: unclosed file <_io.TextIOWrapper name='/home/alexander/Schreibtisch/ofa-v2/campaign3_blind/runs/C3_27b_MCP_seed3001/work/solution_level1_A.csv' mode='r' encoding='UTF-8'>
  rows = [r for r in _csv.reader(f.open())
ResourceWarning: Enable tracemalloc to get the object allocation traceback
/home/alexander/Schreibtisch/ofa-v2/src/tools/result_audit.py:1341: ResourceWarning: unclosed file <_io.TextIOWrapper name='/home/alexander/Schreibtisch/ofa-v2/campaign3_blind/runs/C3_27b_MCP_seed3001/work/solution_level1_B.csv' mode='r' encoding='UTF-8'>
  rows = [r for r in _csv.reader(f.open())
ResourceWarning: Enable tracemalloc to get the object allocation traceback
/home/alexander/Schreibtisch/ofa-v2/src/tools/result_audit.py:1341: ResourceWarning: unclosed file <_io.TextIOWrapper name='/home/alexander/Schreibtisch/ofa-v2/campaign3_blind/runs/C3_27b_MCP_seed3001/work/solution_level2_A.csv' mode='r' encoding='UTF-8'>
  rows = [r for r in _csv.reader(f.open())
ResourceWarning: Enable tracemalloc to get the object allocation traceback
/home/alexander/Schreibtisch/ofa-v2/src/tools/result_audit.py:1341: ResourceWarning: unclosed file <_io.TextIOWrapper name='/home/alexander/Schreibtisch/ofa-v2/campaign3_blind/runs/C3_27b_MCP_seed3001/work/solution_level2_B.csv' mode='r' encoding='UTF-8'>
  rows = [r for r in _csv.reader(f.open())
ResourceWarning: Enable tracemalloc to get the object allocation traceback
/home/alexander/Schreibtisch/ofa-v2/src/tools/result_audit.py:1341: ResourceWarning: unclosed file <_io.TextIOWrapper name='/home/alexander/Schreibtisch/ofa-v2/campaign3_blind/runs/C3_27b_MCP_seed3001/work/solution_level3_A.csv' mode='r' encoding='UTF-8'>
  rows = [r for r in _csv.reader(f.open())
ResourceWarning: Enable tracemalloc to get the object allocation traceback
/home/alexander/Schreibtisch/ofa-v2/src/tools/result_audit.py:1341: ResourceWarning: unclosed file <_io.TextIOWrapper name='/home/alexander/Schreibtisch/ofa-v2/campaign3_blind/runs/C3_27b_MCP_seed3001/work/solution_level3_B.csv' mode='r' encoding='UTF-8'>
  rows = [r for r in _csv.reader(f.open())
ResourceWarning: Enable tracemalloc to get the object allocation traceback
/home/alexander/Schreibtisch/ofa-v2/src/tools/result_audit.py:419: ResourceWarning: unclosed file <_io.TextIOWrapper name='/home/alexander/Schreibtisch/ofa-v2/campaign3_blind/runs/C3_27b_MCP_seed3001/work/residual_level1.csv' mode='r' encoding='UTF-8'>
  body = tuple(r[-1].strip() for r in _csv.reader(q.open()) if r)
ResourceWarning: Enable tracemalloc to get the object allocation traceback
/home/alexander/Schreibtisch/ofa-v2/src/tools/result_audit.py:419: ResourceWarning: unclosed file <_io.TextIOWrapper name='/home/alexander/Schreibtisch/ofa-v2/campaign3_blind/runs/C3_27b_MCP_seed3001/work/residual_level2.csv' mode='r' encoding='UTF-8'>
  body = tuple(r[-1].strip() for r in _csv.reader(q.open()) if r)
ResourceWarning: Enable tracemalloc to get the object allocation traceback
/home/alexander/Schreibtisch/ofa-v2/src/tools/result_audit.py:419: ResourceWarning: unclosed file <_io.TextIOWrapper name='/home/alexander/Schreibtisch/ofa-v2/campaign3_blind/runs/C3_27b_MCP_seed3001/work/residual_level3.csv' mode='r' encoding='UTF-8'>
  body = tuple(r[-1].strip() for r in _csv.reader(q.open()) if r)
ResourceWarning: Enable tracemalloc to get the object allocation traceback
/home/alexander/Schreibtisch/ofa-v2/src/tools/result_audit.py:534: ResourceWarning: unclosed file <_io.TextIOWrapper name='/home/alexander/Schreibtisch/ofa-v2/campaign3_blind/runs/C3_27b_MCP_seed3001/work/solution_level1_A.csv' mode='r' encoding='UTF-8'>
  rows = sum(1 for _ in open(sol0[0], errors="ignore")) - 1
ResourceWarning: Enable tracemalloc to get the object allocation traceback
/home/alexander/Schreibtisch/ofa-v2/src/tools/result_audit.py:1341: ResourceWarning: unclosed file <_io.TextIOWrapper name='/home/alexander/Schreibtisch/ofa-v2/campaign3_blind/runs/C3_27b_MCP_seed3001/work/solution_level1_A.csv' mode='r' encoding='UTF-8'>
  rows = [r for r in _csv.reader(f.open())
ResourceWarning: Enable tracemalloc to get the object allocation traceback
/home/alexander/Schreibtisch/ofa-v2/src/tools/result_audit.py:1341: ResourceWarning: unclosed file <_io.TextIOWrapper name='/home/alexander/Schreibtisch/ofa-v2/campaign3_blind/runs/C3_27b_MCP_seed3001/work/solution_level1_B.csv' mode='r' encoding='UTF-8'>
  rows = [r for r in _csv.reader(f.open())
ResourceWarning: Enable tracemalloc to get the object allocation traceback
/home/alexander/Schreibtisch/ofa-v2/src/tools/result_audit.py:1341: ResourceWarning: unclosed file <_io.TextIOWrapper name='/home/alexander/Schreibtisch/ofa-v2/campaign3_blind/runs/C3_27b_MCP_seed3001/work/solution_level2_A.csv' mode='r' encoding='UTF-8'>
  rows = [r for r in _csv.reader(f.open())
ResourceWarning: Enable tracemalloc to get the object allocation traceback
/home/alexander/Schreibtisch/ofa-v2/src/tools/result_audit.py:1341: ResourceWarning: unclosed file <_io.TextIOWrapper name='/home/alexander/Schreibtisch/ofa-v2/campaign3_blind/runs/C3_27b_MCP_seed3001/work/solution_level2_B.csv' mode='r' encoding='UTF-8'>
  rows = [r for r in _csv.reader(f.open())
ResourceWarning: Enable tracemalloc to get the object allocation traceback
/home/alexander/Schreibtisch/ofa-v2/src/tools/result_audit.py:1341: ResourceWarning: unclosed file <_io.TextIOWrapper name='/home/alexander/Schreibtisch/ofa-v2/campaign3_blind/runs/C3_27b_MCP_seed3001/work/solution_level3_A.csv' mode='r' encoding='UTF-8'>
  rows = [r for r in _csv.reader(f.open())
ResourceWarning: Enable tracemalloc to get the object allocation traceback
/home/alexander/Schreibtisch/ofa-v2/src/tools/result_audit.py:1341: ResourceWarning: unclosed file <_io.TextIOWrapper name='/home/alexander/Schreibtisch/ofa-v2/campaign3_blind/runs/C3_27b_MCP_seed3001/work/solution_level3_B.csv' mode='r' encoding='UTF-8'>
  rows = [r for r in _csv.reader(f.open())
ResourceWarning: Enable tracemalloc to get the object allocation traceback
/home/alexander/Schreibtisch/ofa-v2/src/tools/workspace_advisor.py:80: ResourceWarning: unclosed file <_io.TextIOWrapper name='/home/alexander/Schreibtisch/ofa-v2/campaign3_blind/runs/C3_27b_MCP_seed3001/work/residual_level1.csv' mode='r' encoding='UTF-8'>
  rows = [row for row in _csv.reader(r.open()) if row]
ResourceWarning: Enable tracemalloc to get the object allocation traceback
/home/alexander/Schreibtisch/ofa-v2/src/tools/workspace_advisor.py:80: ResourceWarning: unclosed file <_io.TextIOWrapper name='/home/alexander/Schreibtisch/ofa-v2/campaign3_blind/runs/C3_27b_MCP_seed3001/work/residual_level2.csv' mode='r' encoding='UTF-8'>
  rows = [row for row in _csv.reader(r.open()) if row]
ResourceWarning: Enable tracemalloc to get the object allocation traceback
/home/alexander/Schreibtisch/ofa-v2/src/tools/workspace_advisor.py:80: ResourceWarning: unclosed file <_io.TextIOWrapper name='/home/alexander/Schreibtisch/ofa-v2/campaign3_blind/runs/C3_27b_MCP_seed3001/work/residual_level3.csv' mode='r' encoding='UTF-8'>
  rows = [row for row in _csv.reader(r.open()) if row]
ResourceWarning: Enable tracemalloc to get the object allocation traceback
/home/alexander/Schreibtisch/ofa-v2/src/tools/result_audit.py:419: ResourceWarning: unclosed file <_io.TextIOWrapper name='/home/alexander/Schreibtisch/ofa-v2/campaign3_blind/runs/C3_27b_MCP_seed3001/work/residual_level1.csv' mode='r' encoding='UTF-8'>
  body = tuple(r[-1].strip() for r in _csv.reader(q.open()) if r)
ResourceWarning: Enable tracemalloc to get the object allocation traceback
/home/alexander/Schreibtisch/ofa-v2/src/tools/result_audit.py:419: ResourceWarning: unclosed file <_io.TextIOWrapper name='/home/alexander/Schreibtisch/ofa-v2/campaign3_blind/runs/C3_27b_MCP_seed3001/work/residual_level2.csv' mode='r' encoding='UTF-8'>
  body = tuple(r[-1].strip() for r in _csv.reader(q.open()) if r)
ResourceWarning: Enable tracemalloc to get the object allocation traceback
/home/alexander/Schreibtisch/ofa-v2/src/tools/result_audit.py:419: ResourceWarning: unclosed file <_io.TextIOWrapper name='/home/alexander/Schreibtisch/ofa-v2/campaign3_blind/runs/C3_27b_MCP_seed3001/work/residual_level3.csv' mode='r' encoding='UTF-8'>
  body = tuple(r[-1].strip() for r in _csv.reader(q.open()) if r)
ResourceWarning: Enable tracemalloc to get the object allocation traceback
/home/alexander/Schreibtisch/ofa-v2/src/tools/result_audit.py:534: ResourceWarning: unclosed file <_io.TextIOWrapper name='/home/alexander/Schreibtisch/ofa-v2/campaign3_blind/runs/C3_27b_MCP_seed3001/work/solution_level1_A.csv' mode='r' encoding='UTF-8'>
  rows = sum(1 for _ in open(sol0[0], errors="ignore")) - 1
ResourceWarning: Enable tracemalloc to get the object allocation traceback
/home/alexander/Schreibtisch/ofa-v2/src/tools/result_audit.py:1341: ResourceWarning: unclosed file <_io.TextIOWrapper name='/home/alexander/Schreibtisch/ofa-v2/campaign3_blind/runs/C3_27b_MCP_seed3001/work/solution_level1_A.csv' mode='r' encoding='UTF-8'>
  rows = [r for r in _csv.reader(f.open())
ResourceWarning: Enable tracemalloc to get the object allocation traceback
/home/alexander/Schreibtisch/ofa-v2/src/tools/result_audit.py:1341: ResourceWarning: unclosed file <_io.TextIOWrapper name='/home/alexander/Schreibtisch/ofa-v2/campaign3_blind/runs/C3_27b_MCP_seed3001/work/solution_level1_B.csv' mode='r' encoding='UTF-8'>
  rows = [r for r in _csv.reader(f.open())
ResourceWarning: Enable tracemalloc to get the object allocation traceback
/home/alexander/Schreibtisch/ofa-v2/src/tools/result_audit.py:1341: ResourceWarning: unclosed file <_io.TextIOWrapper name='/home/alexander/Schreibtisch/ofa-v2/campaign3_blind/runs/C3_27b_MCP_seed3001/work/solution_level2_A.csv' mode='r' encoding='UTF-8'>
  rows = [r for r in _csv.reader(f.open())
ResourceWarning: Enable tracemalloc to get the object allocation traceback
/home/alexander/Schreibtisch/ofa-v2/src/tools/result_audit.py:1341: ResourceWarning: unclosed file <_io.TextIOWrapper name='/home/alexander/Schreibtisch/ofa-v2/campaign3_blind/runs/C3_27b_MCP_seed3001/work/solution_level2_B.csv' mode='r' encoding='UTF-8'>
  rows = [r for r in _csv.reader(f.open())
ResourceWarning: Enable tracemalloc to get the object allocation traceback
/home/alexander/Schreibtisch/ofa-v2/src/tools/result_audit.py:1341: ResourceWarning: unclosed file <_io.TextIOWrapper name='/home/alexander/Schreibtisch/ofa-v2/campaign3_blind/runs/C3_27b_MCP_seed3001/work/solution_level3_A.csv' mode='r' encoding='UTF-8'>
  rows = [r for r in _csv.reader(f.open())
ResourceWarning: Enable tracemalloc to get the object allocation traceback
/home/alexander/Schreibtisch/ofa-v2/src/tools/result_audit.py:1341: ResourceWarning: unclosed file <_io.TextIOWrapper name='/home/alexander/Schreibtisch/ofa-v2/campaign3_blind/runs/C3_27b_MCP_seed3001/work/solution_level3_B.csv' mode='r' encoding='UTF-8'>
  rows = [r for r in _csv.reader(f.open())
ResourceWarning: Enable tracemalloc to get the object allocation traceback
/home/alexander/Schreibtisch/ofa-v2/src/tools/result_audit.py:419: ResourceWarning: unclosed file <_io.TextIOWrapper name='/home/alexander/Schreibtisch/ofa-v2/campaign3_blind/runs/C3_27b_MCP_seed3001/work/residual_level1.csv' mode='r' encoding='UTF-8'>
  body = tuple(r[-1].strip() for r in _csv.reader(q.open()) if r)
ResourceWarning: Enable tracemalloc to get the object allocation traceback
/home/alexander/Schreibtisch/ofa-v2/src/tools/result_audit.py:419: ResourceWarning: unclosed file <_io.TextIOWrapper name='/home/alexander/Schreibtisch/ofa-v2/campaign3_blind/runs/C3_27b_MCP_seed3001/work/residual_level2.csv' mode='r' encoding='UTF-8'>
  body = tuple(r[-1].strip() for r in _csv.reader(q.open()) if r)
ResourceWarning: Enable tracemalloc to get the object allocation traceback
/home/alexander/Schreibtisch/ofa-v2/src/tools/result_audit.py:419: ResourceWarning: unclosed file <_io.TextIOWrapper name='/home/alexander/Schreibtisch/ofa-v2/campaign3_blind/runs/C3_27b_MCP_seed3001/work/residual_level3.csv' mode='r' encoding='UTF-8'>
  body = tuple(r[-1].strip() for r in _csv.reader(q.open()) if r)
ResourceWarning: Enable tracemalloc to get the object allocation traceback
/home/alexander/Schreibtisch/ofa-v2/src/tools/result_audit.py:534: ResourceWarning: unclosed file <_io.TextIOWrapper name='/home/alexander/Schreibtisch/ofa-v2/campaign3_blind/runs/C3_27b_MCP_seed3001/work/solution_level1_A.csv' mode='r' encoding='UTF-8'>
  rows = sum(1 for _ in open(sol0[0], errors="ignore")) - 1
ResourceWarning: Enable tracemalloc to get the object allocation traceback
/home/alexander/Schreibtisch/ofa-v2/src/tools/result_audit.py:1341: ResourceWarning: unclosed file <_io.TextIOWrapper name='/home/alexander/Schreibtisch/ofa-v2/campaign3_blind/runs/C3_27b_MCP_seed3001/work/solution_level1_A.csv' mode='r' encoding='UTF-8'>
  rows = [r for r in _csv.reader(f.open())
ResourceWarning: Enable tracemalloc to get the object allocation traceback
/home/alexander/Schreibtisch/ofa-v2/src/tools/result_audit.py:1341: ResourceWarning: unclosed file <_io.TextIOWrapper name='/home/alexander/Schreibtisch/ofa-v2/campaign3_blind/runs/C3_27b_MCP_seed3001/work/solution_level1_B.csv' mode='r' encoding='UTF-8'>
  rows = [r for r in _csv.reader(f.open())
ResourceWarning: Enable tracemalloc to get the object allocation traceback
/home/alexander/Schreibtisch/ofa-v2/src/tools/result_audit.py:1341: ResourceWarning: unclosed file <_io.TextIOWrapper name='/home/alexander/Schreibtisch/ofa-v2/campaign3_blind/runs/C3_27b_MCP_seed3001/work/solution_level2_A.csv' mode='r' encoding='UTF-8'>
  rows = [r for r in _csv.reader(f.open())
ResourceWarning: Enable tracemalloc to get the object allocation traceback
/home/alexander/Schreibtisch/ofa-v2/src/tools/result_audit.py:1341: ResourceWarning: unclosed file <_io.TextIOWrapper name='/home/alexander/Schreibtisch/ofa-v2/campaign3_blind/runs/C3_27b_MCP_seed3001/work/solution_level2_B.csv' mode='r' encoding='UTF-8'>
  rows = [r for r in _csv.reader(f.open())
ResourceWarning: Enable tracemalloc to get the object allocation traceback
/home/alexander/Schreibtisch/ofa-v2/src/tools/result_audit.py:1341: ResourceWarning: unclosed file <_io.TextIOWrapper name='/home/alexander/Schreibtisch/ofa-v2/campaign3_blind/runs/C3_27b_MCP_seed3001/work/solution_level3_A.csv' mode='r' encoding='UTF-8'>
  rows = [r for r in _csv.reader(f.open())
ResourceWarning: Enable tracemalloc to get the object allocation traceback
/home/alexander/Schreibtisch/ofa-v2/src/tools/result_audit.py:1341: ResourceWarning: unclosed file <_io.TextIOWrapper name='/home/alexander/Schreibtisch/ofa-v2/campaign3_blind/runs/C3_27b_MCP_seed3001/work/solution_level3_B.csv' mode='r' encoding='UTF-8'>
  rows = [r for r in _csv.reader(f.open())
ResourceWarning: Enable tracemalloc to get the object allocation traceback
2026-09-03 20:23:39,829 [oasis] INFO: Session journal saved: /tmp/oasis-source/data/sessions/session_18dc0eca-d744-4765-8dd4-29978d4e2747.json (8 events)
[preflight] custody controls verified for 1 problem(s); keys sealed and unreadable by execution
[phase: development] results are for post-mortems and convergence checking, NOT for the paper's evaluation table.
[DUNE cache] sha256=dc2d5b8ff2ebf98e... (neutral, private copy per cell)
[C3 27b MCP s3001] done  calls=57 tok=5254529/66928 1550.8s
/home/alexander/.local/share/python/cpython-3.12.13-linux-x86_64-gnu/lib/python3.12/asyncio/selector_events.py:879: ResourceWarning: unclosed transport <_SelectorSocketTransport fd=9>
<<< C3 seed 3001 done 2026-09-03 20:23:40
/home/alexander/Schreibtisch/ofa-v2/src/tools/result_audit.py:1341: ResourceWarning: unclosed file <_io.TextIOWrapper name='/home/alexander/Schreibtisch/ofa-v2/campaign3_blind/runs/C3_27b_MCP_seed3003/work/level1/solution_level1_A.csv' mode='r' encoding='UTF-8'>
  rows = [r for r in _csv.reader(f.open())
ResourceWarning: Enable tracemalloc to get the object allocation traceback
/home/alexander/Schreibtisch/ofa-v2/src/tools/result_audit.py:1341: ResourceWarning: unclosed file <_io.TextIOWrapper name='/home/alexander/Schreibtisch/ofa-v2/campaign3_blind/runs/C3_27b_MCP_seed3003/work/level1/solution_level1_B.csv' mode='r' encoding='UTF-8'>
  rows = [r for r in _csv.reader(f.open())
ResourceWarning: Enable tracemalloc to get the object allocation traceback
/home/alexander/Schreibtisch/open-fem-agent/.venv-lg/lib/python3.12/site-packages/langchain_core/tools/structured.py:97: ResourceWarning: unclosed file <_io.TextIOWrapper name=19 encoding='UTF-8'>
  return self.func(*args, **kwargs)
ResourceWarning: Enable tracemalloc to get the object allocation traceback
/home/alexander/Schreibtisch/open-fem-agent/.venv-lg/lib/python3.12/site-packages/langchain_core/tools/structured.py:97: ResourceWarning: unclosed file <_io.TextIOWrapper name=21 encoding='UTF-8'>
  return self.func(*args, **kwargs)
ResourceWarning: Enable tracemalloc to get the object allocation traceback
/home/alexander/Schreibtisch/ofa-v2/src/tools/result_audit.py:419: ResourceWarning: unclosed file <_io.TextIOWrapper name='/home/alexander/Schreibtisch/ofa-v2/campaign3_blind/runs/C3_27b_MCP_seed3003/work/level1/residual_level1.csv' mode='r' encoding='UTF-8'>
  body = tuple(r[-1].strip() for r in _csv.reader(q.open()) if r)
ResourceWarning: Enable tracemalloc to get the object allocation traceback
/home/alexander/Schreibtisch/ofa-v2/src/tools/result_audit.py:419: ResourceWarning: unclosed file <_io.TextIOWrapper name='/home/alexander/Schreibtisch/ofa-v2/campaign3_blind/runs/C3_27b_MCP_seed3003/work/level1/residual_level1.csv' mode='r' encoding='UTF-8'>
  body = tuple(r[-1].strip() for r in _csv.reader(q.open()) if r)
ResourceWarning: Enable tracemalloc to get the object allocation traceback
/home/alexander/Schreibtisch/ofa-v2/src/tools/result_audit.py:534: ResourceWarning: unclosed file <_io.TextIOWrapper name='/home/alexander/Schreibtisch/ofa-v2/campaign3_blind/runs/C3_27b_MCP_seed3003/work/level1/solution_level1_A.csv' mode='r' encoding='UTF-8'>
  rows = sum(1 for _ in open(sol0[0], errors="ignore")) - 1
ResourceWarning: Enable tracemalloc to get the object allocation traceback
/home/alexander/Schreibtisch/ofa-v2/src/tools/result_audit.py:1341: ResourceWarning: unclosed file <_io.TextIOWrapper name='/home/alexander/Schreibtisch/ofa-v2/campaign3_blind/runs/C3_27b_MCP_seed3003/work/level1/solution_level1_A.csv' mode='r' encoding='UTF-8'>
  rows = [r for r in _csv.reader(f.open())
ResourceWarning: Enable tracemalloc to get the object allocation traceback
/home/alexander/Schreibtisch/ofa-v2/src/tools/result_audit.py:1341: ResourceWarning: unclosed file <_io.TextIOWrapper name='/home/alexander/Schreibtisch/ofa-v2/campaign3_blind/runs/C3_27b_MCP_seed3003/work/level1/solution_level1_B.csv' mode='r' encoding='UTF-8'>
  rows = [r for r in _csv.reader(f.open())
ResourceWarning: Enable tracemalloc to get the object allocation traceback
/home/alexander/Schreibtisch/ofa-v2/src/tools/workspace_advisor.py:80: ResourceWarning: unclosed file <_io.TextIOWrapper name='/home/alexander/Schreibtisch/ofa-v2/campaign3_blind/runs/C3_27b_MCP_seed3003/work/level1/residual_level1.csv' mode='r' encoding='UTF-8'>
  rows = [row for row in _csv.reader(r.open()) if row]
ResourceWarning: Enable tracemalloc to get the object allocation traceback
/home/alexander/Schreibtisch/ofa-v2/src/tools/result_audit.py:419: ResourceWarning: unclosed file <_io.TextIOWrapper name='/home/alexander/Schreibtisch/ofa-v2/campaign3_blind/runs/C3_27b_MCP_seed3003/work/level1/residual_level1.csv' mode='r' encoding='UTF-8'>
  body = tuple(r[-1].strip() for r in _csv.reader(q.open()) if r)
ResourceWarning: Enable tracemalloc to get the object allocation traceback
/home/alexander/Schreibtisch/ofa-v2/src/tools/result_audit.py:534: ResourceWarning: unclosed file <_io.TextIOWrapper name='/home/alexander/Schreibtisch/ofa-v2/campaign3_blind/runs/C3_27b_MCP_seed3003/work/level1/solution_level1_A.csv' mode='r' encoding='UTF-8'>
  rows = sum(1 for _ in open(sol0[0], errors="ignore")) - 1
ResourceWarning: Enable tracemalloc to get the object allocation traceback
/home/alexander/Schreibtisch/ofa-v2/src/tools/result_audit.py:1341: ResourceWarning: unclosed file <_io.TextIOWrapper name='/home/alexander/Schreibtisch/ofa-v2/campaign3_blind/runs/C3_27b_MCP_seed3003/work/level1/solution_level1_A.csv' mode='r' encoding='UTF-8'>
  rows = [r for r in _csv.reader(f.open())
ResourceWarning: Enable tracemalloc to get the object allocation traceback
/home/alexander/Schreibtisch/ofa-v2/src/tools/result_audit.py:1341: ResourceWarning: unclosed file <_io.TextIOWrapper name='/home/alexander/Schreibtisch/ofa-v2/campaign3_blind/runs/C3_27b_MCP_seed3003/work/level1/solution_level1_B.csv' mode='r' encoding='UTF-8'>
  rows = [r for r in _csv.reader(f.open())
ResourceWarning: Enable tracemalloc to get the object allocation traceback
/home/alexander/Schreibtisch/ofa-v2/src/tools/result_audit.py:419: ResourceWarning: unclosed file <_io.TextIOWrapper name='/home/alexander/Schreibtisch/ofa-v2/campaign3_blind/runs/C3_27b_MCP_seed3003/work/level1/residual_level1.csv' mode='r' encoding='UTF-8'>
  body = tuple(r[-1].strip() for r in _csv.reader(q.open()) if r)
ResourceWarning: Enable tracemalloc to get the object allocation traceback
/home/alexander/Schreibtisch/ofa-v2/src/tools/result_audit.py:534: ResourceWarning: unclosed file <_io.TextIOWrapper name='/home/alexander/Schreibtisch/ofa-v2/campaign3_blind/runs/C3_27b_MCP_seed3003/work/level1/solution_level1_A.csv' mode='r' encoding='UTF-8'>
  rows = sum(1 for _ in open(sol0[0], errors="ignore")) - 1
ResourceWarning: Enable tracemalloc to get the object allocation traceback
/home/alexander/Schreibtisch/ofa-v2/src/tools/result_audit.py:1341: ResourceWarning: unclosed file <_io.TextIOWrapper name='/home/alexander/Schreibtisch/ofa-v2/campaign3_blind/runs/C3_27b_MCP_seed3003/work/level1/solution_level1_A.csv' mode='r' encoding='UTF-8'>
  rows = [r for r in _csv.reader(f.open())
ResourceWarning: Enable tracemalloc to get the object allocation traceback
/home/alexander/Schreibtisch/ofa-v2/src/tools/result_audit.py:1341: ResourceWarning: unclosed file <_io.TextIOWrapper name='/home/alexander/Schreibtisch/ofa-v2/campaign3_blind/runs/C3_27b_MCP_seed3003/work/level1/solution_level1_B.csv' mode='r' encoding='UTF-8'>
  rows = [r for r in _csv.reader(f.open())
ResourceWarning: Enable tracemalloc to get the object allocation traceback
2026-09-03 20:42:30,582 [oasis] INFO: Session journal saved: /tmp/oasis-source/data/sessions/session_35b13eba-a280-4e08-9ad5-96a3d62d644e.json (3 events)
[preflight] custody controls verified for 1 problem(s); keys sealed and unreadable by execution
[phase: development] results are for post-mortems and convergence checking, NOT for the paper's evaluation table.
[DUNE cache] sha256=dc2d5b8ff2ebf98e... (neutral, private copy per cell)
[C3 27b MCP s3003] done  calls=43 tok=3509638/52638 2682.0s
/home/alexander/.local/share/python/cpython-3.12.13-linux-x86_64-gnu/lib/python3.12/asyncio/selector_events.py:879: ResourceWarning: unclosed transport <_SelectorSocketTransport fd=9>
<<< C3 seed 3003 done 2026-09-03 20:42:31
>>> C3 MCP complete 2026-09-03 20:42:31
>>> C3 MCP seeds 5501 5502 5503  start 2026-09-08 13:14:07
[source build] 84b9a1ecc394 sha256=241f72baa80c2ae8... (immutable)
[source build] 84b9a1ecc394 sha256=241f72baa80c2ae8... (immutable)
[source build] 84b9a1ecc394 sha256=241f72baa80c2ae8... (immutable)
REFUSING TO RUN — custody preflight failed:
  - worked coupled answers are readable outside the campaign; an agent greps this machine and WILL find them (measured: one bare coupled run did). Move or seal them, then re-run:
  - /tmp/oasis_probe_snap_cqe0qwrp (2 two-sided levels, 6 native solver artefact(s))
REFUSING TO RUN — custody preflight failed:
  - worked coupled answers are readable outside the campaign; an agent greps this machine and WILL find them (measured: one bare coupled run did). Move or seal them, then re-run:
  - /tmp/oasis_probe_snap_cqe0qwrp (2 two-sided levels, 6 native solver artefact(s))
<<< C3 seed 5501 done 2026-09-08 13:14:39
<<< C3 seed 5502 done 2026-09-08 13:14:39
REFUSING TO RUN — custody preflight failed:
  - worked coupled answers are readable outside the campaign; an agent greps this machine and WILL find them (measured: one bare coupled run did). Move or seal them, then re-run:
  - /tmp/oasis_probe_snap_cqe0qwrp (2 two-sided levels, 6 native solver artefact(s))
<<< C3 seed 5503 done 2026-09-08 13:14:39
>>> C3 MCP complete 2026-09-08 13:14:39
>>> C3 MCP seeds 5501 5502 5503  start 2026-09-08 13:30:10
[source build] 356dd792aa7e sha256=fc37e2d1ee4f4ee2... (immutable)
[source build] 356dd792aa7e sha256=fc37e2d1ee4f4ee2... (immutable)
[source build] 356dd792aa7e sha256=fc37e2d1ee4f4ee2... (immutable)
[preflight] custody controls verified for 1 problem(s); keys sealed and unreadable by execution
[phase: development] results are for post-mortems and convergence checking, NOT for the paper's evaluation table.
[DUNE cache] sha256=dc2d5b8ff2ebf98e... (neutral, private copy per cell)
REFUSING TO RUN — mixed source population:
population is already locked to 1501a19a60b4ea94f171dd3326f01bc4f5a388be / 57736e9d9461d42b6cc6a67f72897ae143ebc4e4caeaeebadedc1f367362116c; current build is 356dd792aa7e4e40872f72cbcf4cccd4c3862446 / fc37e2d1ee4f4ee276d483a6d9805157cc0b518298cdd7a0d3b818239fc61c04. Use a new seed or archive and deliberately remove .source_build_development_27b_seed5503.json; never mix the two builds in one population.
[preflight] custody controls verified for 1 problem(s); keys sealed and unreadable by execution
[phase: development] results are for post-mortems and convergence checking, NOT for the paper's evaluation table.
[DUNE cache] sha256=dc2d5b8ff2ebf98e... (neutral, private copy per cell)
REFUSING TO RUN — mixed source population:
population is already locked to 1501a19a60b4ea94f171dd3326f01bc4f5a388be / 57736e9d9461d42b6cc6a67f72897ae143ebc4e4caeaeebadedc1f367362116c; current build is 356dd792aa7e4e40872f72cbcf4cccd4c3862446 / fc37e2d1ee4f4ee276d483a6d9805157cc0b518298cdd7a0d3b818239fc61c04. Use a new seed or archive and deliberately remove .source_build_development_27b_seed5501.json; never mix the two builds in one population.
<<< C3 seed 5503 done 2026-09-08 13:30:42
<<< C3 seed 5501 done 2026-09-08 13:30:42
[preflight] custody controls verified for 1 problem(s); keys sealed and unreadable by execution
[phase: development] results are for post-mortems and convergence checking, NOT for the paper's evaluation table.
[DUNE cache] sha256=dc2d5b8ff2ebf98e... (neutral, private copy per cell)
REFUSING TO RUN — mixed source population:
population is already locked to 1501a19a60b4ea94f171dd3326f01bc4f5a388be / 57736e9d9461d42b6cc6a67f72897ae143ebc4e4caeaeebadedc1f367362116c; current build is 356dd792aa7e4e40872f72cbcf4cccd4c3862446 / fc37e2d1ee4f4ee276d483a6d9805157cc0b518298cdd7a0d3b818239fc61c04. Use a new seed or archive and deliberately remove .source_build_development_27b_seed5502.json; never mix the two builds in one population.
<<< C3 seed 5502 done 2026-09-08 13:30:43
>>> C3 MCP complete 2026-09-08 13:30:43
>>> C3 MCP seeds 5511 5512 5513  start 2026-09-08 13:58:14
[source build] e1a616161970 sha256=1d37889bde62be47... (immutable)
[source build] e1a616161970 sha256=1d37889bde62be47... (immutable)
[source build] e1a616161970 sha256=1d37889bde62be47... (immutable)
2026-09-08 13:58:48,408 [oasis.registry] INFO: Loaded discovered config: 5 backends
2026-09-08 13:58:48,419 [oasis.registry] INFO: Registered backend: 4C Multiphysics (fourc)
2026-09-08 13:58:48,423 [oasis.registry] INFO: Registered backend: FEniCSx (dolfinx) (fenics)
2026-09-08 13:58:48,427 [oasis.registry] INFO: Registered backend: deal.II (dealii)
2026-09-08 13:58:48,447 [oasis.registry] INFO: Registered backend: FEBio (febio)
2026-09-08 13:58:48,460 [oasis.registry] INFO: Registered backend: NGSolve (ngsolve)
2026-09-08 13:58:48,460 [oasis.ngsolve] INFO: NGSolve backend registered
2026-09-08 13:58:48,474 [oasis.registry] INFO: Registered backend: scikit-fem (skfem)
2026-09-08 13:58:48,474 [oasis.skfem] INFO: scikit-fem backend registered
2026-09-08 13:58:48,497 [oasis.registry] INFO: Registered backend: Kratos Multiphysics (kratos)
2026-09-08 13:58:48,497 [oasis.kratos] INFO: Kratos Multiphysics backend registered
2026-09-08 13:58:48,512 [oasis.registry] INFO: Registered backend: DUNE-fem (dune)
2026-09-08 13:58:48,512 [oasis.dune] INFO: DUNE-fem backend registered
2026-09-08 13:58:48,527 [oasis.registry] INFO: Registered backend: SPARTA (DSMC) (sparta)
2026-09-08 13:58:48,527 [oasis.sparta] INFO: SPARTA (DSMC) backend registered
2026-09-08 13:58:48,527 [oasis] INFO: Starting OASiS MCP server
2026-09-08 13:58:48,558 [mcp.server.lowlevel.server] INFO: Processing request of type ListToolsRequest
2026-09-08 13:58:48,899 [oasis.registry] INFO: Loaded discovered config: 5 backends
2026-09-08 13:58:48,909 [oasis.registry] INFO: Registered backend: 4C Multiphysics (fourc)
2026-09-08 13:58:48,913 [oasis.registry] INFO: Registered backend: FEniCSx (dolfinx) (fenics)
2026-09-08 13:58:48,917 [oasis.registry] INFO: Registered backend: deal.II (dealii)
2026-09-08 13:58:48,936 [oasis.registry] INFO: Registered backend: FEBio (febio)
2026-09-08 13:58:48,950 [oasis.registry] INFO: Registered backend: NGSolve (ngsolve)
2026-09-08 13:58:48,950 [oasis.ngsolve] INFO: NGSolve backend registered
2026-09-08 13:58:48,963 [oasis.registry] INFO: Registered backend: scikit-fem (skfem)
2026-09-08 13:58:48,963 [oasis.skfem] INFO: scikit-fem backend registered
2026-09-08 13:58:48,985 [oasis.registry] INFO: Registered backend: Kratos Multiphysics (kratos)
2026-09-08 13:58:48,985 [oasis.kratos] INFO: Kratos Multiphysics backend registered
2026-09-08 13:58:48,999 [oasis.registry] INFO: Registered backend: DUNE-fem (dune)
2026-09-08 13:58:48,999 [oasis.dune] INFO: DUNE-fem backend registered
2026-09-08 13:58:49,012 [oasis.registry] INFO: Registered backend: SPARTA (DSMC) (sparta)
2026-09-08 13:58:49,012 [oasis.sparta] INFO: SPARTA (DSMC) backend registered
2026-09-08 13:58:49,012 [oasis] INFO: Starting OASiS MCP server
2026-09-08 13:58:49,024 [oasis.registry] INFO: Loaded discovered config: 5 backends
2026-09-08 13:58:49,034 [oasis.registry] INFO: Registered backend: 4C Multiphysics (fourc)
2026-09-08 13:58:49,039 [oasis.registry] INFO: Registered backend: FEniCSx (dolfinx) (fenics)
2026-09-08 13:58:49,041 [mcp.server.lowlevel.server] INFO: Processing request of type ListToolsRequest
2026-09-08 13:58:49,044 [oasis.registry] INFO: Registered backend: deal.II (dealii)
2026-09-08 13:58:49,064 [oasis.registry] INFO: Registered backend: FEBio (febio)
2026-09-08 13:58:49,078 [oasis.registry] INFO: Registered backend: NGSolve (ngsolve)
2026-09-08 13:58:49,078 [oasis.ngsolve] INFO: NGSolve backend registered
2026-09-08 13:58:49,092 [oasis.registry] INFO: Registered backend: scikit-fem (skfem)
2026-09-08 13:58:49,092 [oasis.skfem] INFO: scikit-fem backend registered
2026-09-08 13:58:49,114 [oasis.registry] INFO: Registered backend: Kratos Multiphysics (kratos)
2026-09-08 13:58:49,114 [oasis.kratos] INFO: Kratos Multiphysics backend registered
2026-09-08 13:58:49,128 [oasis.registry] INFO: Registered backend: DUNE-fem (dune)
2026-09-08 13:58:49,128 [oasis.dune] INFO: DUNE-fem backend registered
2026-09-08 13:58:49,142 [oasis.registry] INFO: Registered backend: SPARTA (DSMC) (sparta)
2026-09-08 13:58:49,142 [oasis.sparta] INFO: SPARTA (DSMC) backend registered
2026-09-08 13:58:49,142 [oasis] INFO: Starting OASiS MCP server
2026-09-08 13:58:49,171 [mcp.server.lowlevel.server] INFO: Processing request of type ListToolsRequest
2026-09-08 13:59:02,564 [mcp.server.lowlevel.server] INFO: Processing request of type CallToolRequest
2026-09-08 13:59:02,719 [mcp.server.lowlevel.server] INFO: Processing request of type CallToolRequest
2026-09-08 13:59:02,892 [mcp.server.lowlevel.server] INFO: Processing request of type CallToolRequest
2026-09-08 13:59:08,049 [mcp.server.lowlevel.server] INFO: Processing request of type CallToolRequest
2026-09-08 13:59:08,223 [mcp.server.lowlevel.server] INFO: Processing request of type CallToolRequest
2026-09-08 13:59:08,271 [mcp.server.lowlevel.server] INFO: Processing request of type CallToolRequest
2026-09-08 14:00:39,667 [mcp.server.lowlevel.server] INFO: Processing request of type CallToolRequest
2026-09-08 14:00:39,694 [mcp.server.lowlevel.server] INFO: Processing request of type CallToolRequest
2026-09-08 14:04:05,095 [mcp.server.lowlevel.server] INFO: Processing request of type CallToolRequest
/home/alexander/Schreibtisch/ofa-v2/langgraph_eval/agent.py:820: RuntimeWarning: This package (`duckduckgo_search`) has been renamed to `ddgs`! Use `pip install ddgs` instead.
  with DDGS() as ddgs:
/home/alexander/Schreibtisch/ofa-v2/langgraph_eval/agent.py:820: RuntimeWarning: This package (`duckduckgo_search`) has been renamed to `ddgs`! Use `pip install ddgs` instead.
  with DDGS() as ddgs:
/home/alexander/Schreibtisch/ofa-v2/langgraph_eval/agent.py:820: RuntimeWarning: This package (`duckduckgo_search`) has been renamed to `ddgs`! Use `pip install ddgs` instead.
  with DDGS() as ddgs:
/home/alexander/Schreibtisch/ofa-v2/langgraph_eval/agent.py:820: RuntimeWarning: This package (`duckduckgo_search`) has been renamed to `ddgs`! Use `pip install ddgs` instead.
  with DDGS() as ddgs:
/home/alexander/Schreibtisch/ofa-v2/langgraph_eval/agent.py:820: RuntimeWarning: This package (`duckduckgo_search`) has been renamed to `ddgs`! Use `pip install ddgs` instead.
  with DDGS() as ddgs:
/home/alexander/Schreibtisch/ofa-v2/langgraph_eval/agent.py:820: RuntimeWarning: This package (`duckduckgo_search`) has been renamed to `ddgs`! Use `pip install ddgs` instead.
  with DDGS() as ddgs:
/home/alexander/Schreibtisch/ofa-v2/langgraph_eval/agent.py:820: RuntimeWarning: This package (`duckduckgo_search`) has been renamed to `ddgs`! Use `pip install ddgs` instead.
  with DDGS() as ddgs:
/home/alexander/Schreibtisch/ofa-v2/langgraph_eval/agent.py:820: RuntimeWarning: This package (`duckduckgo_search`) has been renamed to `ddgs`! Use `pip install ddgs` instead.
  with DDGS() as ddgs:
2026-09-08 14:04:25,388 [mcp.server.lowlevel.server] INFO: Processing request of type CallToolRequest
2026-09-08 14:04:25,414 [mcp.server.lowlevel.server] INFO: Processing request of type CallToolRequest
2026-09-08 14:04:25,439 [mcp.server.lowlevel.server] INFO: Processing request of type CallToolRequest
/home/alexander/Schreibtisch/ofa-v2/langgraph_eval/agent.py:820: RuntimeWarning: This package (`duckduckgo_search`) has been renamed to `ddgs`! Use `pip install ddgs` instead.
  with DDGS() as ddgs:
/home/alexander/Schreibtisch/ofa-v2/langgraph_eval/agent.py:820: RuntimeWarning: This package (`duckduckgo_search`) has been renamed to `ddgs`! Use `pip install ddgs` instead.
  with DDGS() as ddgs:
/home/alexander/Schreibtisch/ofa-v2/langgraph_eval/agent.py:820: RuntimeWarning: This package (`duckduckgo_search`) has been renamed to `ddgs`! Use `pip install ddgs` instead.
  with DDGS() as ddgs:
2026-09-08 14:04:25,998 [mcp.server.lowlevel.server] INFO: Processing request of type CallToolRequest
2026-09-08 14:04:28,082 [mcp.server.lowlevel.server] INFO: Processing request of type CallToolRequest
2026-09-08 14:04:37,880 [mcp.server.lowlevel.server] INFO: Processing request of type CallToolRequest
2026-09-08 14:04:37,912 [mcp.server.lowlevel.server] INFO: Processing request of type CallToolRequest
2026-09-08 14:04:54,394 [mcp.server.lowlevel.server] INFO: Processing request of type CallToolRequest
2026-09-08 14:04:55,007 [mcp.server.lowlevel.server] INFO: Processing request of type CallToolRequest
2026-09-08 14:04:55,037 [mcp.server.lowlevel.server] INFO: Processing request of type CallToolRequest
2026-09-08 14:06:22,065 [mcp.server.lowlevel.server] INFO: Processing request of type CallToolRequest
2026-09-08 14:06:31,787 [mcp.server.lowlevel.server] INFO: Processing request of type CallToolRequest
2026-09-08 14:08:50,173 [mcp.server.lowlevel.server] INFO: Processing request of type CallToolRequest
2026-09-08 14:09:02,602 [mcp.server.lowlevel.server] INFO: Processing request of type CallToolRequest
2026-09-08 14:09:06,282 [mcp.server.lowlevel.server] INFO: Processing request of type CallToolRequest
2026-09-08 14:09:17,660 [mcp.server.lowlevel.server] INFO: Processing request of type CallToolRequest
2026-09-08 14:09:53,534 [mcp.server.lowlevel.server] INFO: Processing request of type CallToolRequest
2026-09-08 14:10:05,323 [mcp.server.lowlevel.server] INFO: Processing request of type CallToolRequest
/home/alexander/Schreibtisch/ofa-v2/src/tools/result_audit.py:419: ResourceWarning: unclosed file <_io.TextIOWrapper name='/home/alexander/Schreibtisch/ofa-v2/campaign3_blind/runs/C3_27b_MCP_seed5513/work/residual_level1.csv' mode='r' encoding='UTF-8'>
  body = tuple(r[-1].strip() for r in _csv.reader(q.open()) if r)
ResourceWarning: Enable tracemalloc to get the object allocation traceback
/home/alexander/Schreibtisch/ofa-v2/src/tools/workspace_advisor.py:128: ResourceWarning: unclosed file <_io.TextIOWrapper name='/home/alexander/Schreibtisch/ofa-v2/campaign3_blind/runs/C3_27b_MCP_seed5513/work/residual_level1.csv' mode='r' encoding='UTF-8'>
  rows = [row for row in _csv.reader(r.open()) if row]
ResourceWarning: Enable tracemalloc to get the object allocation traceback
/home/alexander/Schreibtisch/ofa-v2/src/tools/result_audit.py:419: ResourceWarning: unclosed file <_io.TextIOWrapper name='/home/alexander/Schreibtisch/ofa-v2/campaign3_blind/runs/C3_27b_MCP_seed5513/work/residual_level1.csv' mode='r' encoding='UTF-8'>
  body = tuple(r[-1].strip() for r in _csv.reader(q.open()) if r)
ResourceWarning: Enable tracemalloc to get the object allocation traceback
/home/alexander/Schreibtisch/ofa-v2/src/tools/result_audit.py:419: ResourceWarning: unclosed file <_io.TextIOWrapper name='/home/alexander/Schreibtisch/ofa-v2/campaign3_blind/runs/C3_27b_MCP_seed5513/work/residual_level1.csv' mode='r' encoding='UTF-8'>
  body = tuple(r[-1].strip() for r in _csv.reader(q.open()) if r)
ResourceWarning: Enable tracemalloc to get the object allocation traceback
/home/alexander/Schreibtisch/ofa-v2/src/tools/workspace_advisor.py:128: ResourceWarning: unclosed file <_io.TextIOWrapper name='/home/alexander/Schreibtisch/ofa-v2/campaign3_blind/runs/C3_27b_MCP_seed5513/work/residual_level1.csv' mode='r' encoding='UTF-8'>
  rows = [row for row in _csv.reader(r.open()) if row]
ResourceWarning: Enable tracemalloc to get the object allocation traceback
/home/alexander/Schreibtisch/ofa-v2/src/tools/result_audit.py:419: ResourceWarning: unclosed file <_io.TextIOWrapper name='/home/alexander/Schreibtisch/ofa-v2/campaign3_blind/runs/C3_27b_MCP_seed5513/work/residual_level1.csv' mode='r' encoding='UTF-8'>
  body = tuple(r[-1].strip() for r in _csv.reader(q.open()) if r)
ResourceWarning: Enable tracemalloc to get the object allocation traceback
/home/alexander/Schreibtisch/ofa-v2/src/tools/result_audit.py:419: ResourceWarning: unclosed file <_io.TextIOWrapper name='/home/alexander/Schreibtisch/ofa-v2/campaign3_blind/runs/C3_27b_MCP_seed5513/work/residual_level1.csv' mode='r' encoding='UTF-8'>
  body = tuple(r[-1].strip() for r in _csv.reader(q.open()) if r)
ResourceWarning: Enable tracemalloc to get the object allocation traceback
2026-09-08 14:15:03,042 [mcp.server.lowlevel.server] INFO: Processing request of type CallToolRequest
/home/alexander/Schreibtisch/ofa-v2/src/tools/workspace_advisor.py:128: ResourceWarning: unclosed file <_io.TextIOWrapper name='/home/alexander/Schreibtisch/ofa-v2/campaign3_blind/runs/C3_27b_MCP_seed5513/work/residual_level1.csv' mode='r' encoding='UTF-8'>
  rows = [row for row in _csv.reader(r.open()) if row]
ResourceWarning: Enable tracemalloc to get the object allocation traceback
/home/alexander/Schreibtisch/ofa-v2/src/tools/result_audit.py:419: ResourceWarning: unclosed file <_io.TextIOWrapper name='/home/alexander/Schreibtisch/ofa-v2/campaign3_blind/runs/C3_27b_MCP_seed5513/work/residual_level1.csv' mode='r' encoding='UTF-8'>
  body = tuple(r[-1].strip() for r in _csv.reader(q.open()) if r)
ResourceWarning: Enable tracemalloc to get the object allocation traceback
/home/alexander/Schreibtisch/ofa-v2/src/tools/result_audit.py:419: ResourceWarning: unclosed file <_io.TextIOWrapper name='/home/alexander/Schreibtisch/ofa-v2/campaign3_blind/runs/C3_27b_MCP_seed5513/work/residual_level1.csv' mode='r' encoding='UTF-8'>
  body = tuple(r[-1].strip() for r in _csv.reader(q.open()) if r)
ResourceWarning: Enable tracemalloc to get the object allocation traceback
/home/alexander/Schreibtisch/ofa-v2/src/tools/workspace_advisor.py:128: ResourceWarning: unclosed file <_io.TextIOWrapper name='/home/alexander/Schreibtisch/ofa-v2/campaign3_blind/runs/C3_27b_MCP_seed5513/work/residual_level1.csv' mode='r' encoding='UTF-8'>
  rows = [row for row in _csv.reader(r.open()) if row]
ResourceWarning: Enable tracemalloc to get the object allocation traceback
/home/alexander/Schreibtisch/ofa-v2/src/tools/result_audit.py:419: ResourceWarning: unclosed file <_io.TextIOWrapper name='/home/alexander/Schreibtisch/ofa-v2/campaign3_blind/runs/C3_27b_MCP_seed5513/work/residual_level1.csv' mode='r' encoding='UTF-8'>
  body = tuple(r[-1].strip() for r in _csv.reader(q.open()) if r)
ResourceWarning: Enable tracemalloc to get the object allocation traceback
/home/alexander/Schreibtisch/ofa-v2/src/tools/result_audit.py:419: ResourceWarning: unclosed file <_io.TextIOWrapper name='/home/alexander/Schreibtisch/ofa-v2/campaign3_blind/runs/C3_27b_MCP_seed5513/work/residual_level1.csv' mode='r' encoding='UTF-8'>
  body = tuple(r[-1].strip() for r in _csv.reader(q.open()) if r)
ResourceWarning: Enable tracemalloc to get the object allocation traceback
2026-09-08 14:15:41,179 [oasis] INFO: Session journal saved: /tmp/oasis-source/data/sessions/session_be149e21-e0ac-40d1-a388-70017cca84f6.json (9 events)
[preflight] custody controls verified for 1 problem(s); keys sealed and unreadable by execution
[phase: development] results are for post-mortems and convergence checking, NOT for the paper's evaluation table.
[DUNE cache] sha256=dc2d5b8ff2ebf98e... (neutral, private copy per cell)
[C3 27b MCP s5513] done  calls=36 tok=3978627/32624 1015.5s
/home/alexander/.local/share/python/cpython-3.12.13-linux-x86_64-gnu/lib/python3.12/asyncio/selector_events.py:879: ResourceWarning: unclosed transport <_SelectorSocketTransport fd=9>
<<< C3 seed 5513 done 2026-09-08 14:15:42
/home/alexander/Schreibtisch/ofa-v2/src/tools/result_audit.py:419: ResourceWarning: unclosed file <_io.TextIOWrapper name='/home/alexander/Schreibtisch/ofa-v2/campaign3_blind/runs/C3_27b_MCP_seed5511/work/residual_level1.csv' mode='r' encoding='UTF-8'>
  body = tuple(r[-1].strip() for r in _csv.reader(q.open()) if r)
ResourceWarning: Enable tracemalloc to get the object allocation traceback
/home/alexander/Schreibtisch/ofa-v2/src/tools/result_audit.py:419: ResourceWarning: unclosed file <_io.TextIOWrapper name='/home/alexander/Schreibtisch/ofa-v2/campaign3_blind/runs/C3_27b_MCP_seed5511/work/residual_level1.csv' mode='r' encoding='UTF-8'>
  body = tuple(r[-1].strip() for r in _csv.reader(q.open()) if r)
ResourceWarning: Enable tracemalloc to get the object allocation traceback
2026-09-08 14:18:53,011 [mcp.server.lowlevel.server] INFO: Processing request of type CallToolRequest
2026-09-08 14:19:47,542 [mcp.server.lowlevel.server] INFO: Processing request of type CallToolRequest
/home/alexander/Schreibtisch/ofa-v2/src/tools/result_audit.py:419: ResourceWarning: unclosed file <_io.TextIOWrapper name='/home/alexander/Schreibtisch/ofa-v2/campaign3_blind/runs/C3_27b_MCP_seed5511/work/residual_level1.csv' mode='r' encoding='UTF-8'>
  body = tuple(r[-1].strip() for r in _csv.reader(q.open()) if r)
ResourceWarning: Enable tracemalloc to get the object allocation traceback
2026-09-08 14:22:22,312 [mcp.server.lowlevel.server] INFO: Processing request of type CallToolRequest
/home/alexander/Schreibtisch/ofa-v2/src/tools/result_audit.py:1446: ResourceWarning: unclosed file <_io.TextIOWrapper name='/home/alexander/Schreibtisch/ofa-v2/campaign3_blind/runs/C3_27b_MCP_seed5511/work/solution_level1_A.csv' mode='r' encoding='UTF-8'>
  rows = [r for r in _csv.reader(f.open())
ResourceWarning: Enable tracemalloc to get the object allocation traceback
/home/alexander/Schreibtisch/ofa-v2/src/tools/result_audit.py:1446: ResourceWarning: unclosed file <_io.TextIOWrapper name='/home/alexander/Schreibtisch/ofa-v2/campaign3_blind/runs/C3_27b_MCP_seed5511/work/solution_level1_B.csv' mode='r' encoding='UTF-8'>
  rows = [r for r in _csv.reader(f.open())
ResourceWarning: Enable tracemalloc to get the object allocation traceback
2026-09-08 14:24:58,344 [mcp.server.lowlevel.server] INFO: Processing request of type CallToolRequest
2026-09-08 14:25:05,063 [mcp.server.lowlevel.server] INFO: Processing request of type CallToolRequest
/home/alexander/Schreibtisch/ofa-v2/src/tools/result_audit.py:419: ResourceWarning: unclosed file <_io.TextIOWrapper name='/home/alexander/Schreibtisch/ofa-v2/campaign3_blind/runs/C3_27b_MCP_seed5511/work/residual_level1.csv' mode='r' encoding='UTF-8'>
  body = tuple(r[-1].strip() for r in _csv.reader(q.open()) if r)
ResourceWarning: Enable tracemalloc to get the object allocation traceback
/home/alexander/Schreibtisch/ofa-v2/src/tools/result_audit.py:419: ResourceWarning: unclosed file <_io.TextIOWrapper name='/home/alexander/Schreibtisch/ofa-v2/campaign3_blind/runs/C3_27b_MCP_seed5511/work/residual_level2.csv' mode='r' encoding='UTF-8'>
  body = tuple(r[-1].strip() for r in _csv.reader(q.open()) if r)
ResourceWarning: Enable tracemalloc to get the object allocation traceback
2026-09-08 14:27:19,090 [mcp.server.lowlevel.server] INFO: Processing request of type CallToolRequest
/home/alexander/Schreibtisch/ofa-v2/src/tools/result_audit.py:419: ResourceWarning: unclosed file <_io.TextIOWrapper name='/home/alexander/Schreibtisch/ofa-v2/campaign3_blind/runs/C3_27b_MCP_seed5511/work/residual_level1.csv' mode='r' encoding='UTF-8'>
  body = tuple(r[-1].strip() for r in _csv.reader(q.open()) if r)
ResourceWarning: Enable tracemalloc to get the object allocation traceback
/home/alexander/Schreibtisch/ofa-v2/src/tools/result_audit.py:419: ResourceWarning: unclosed file <_io.TextIOWrapper name='/home/alexander/Schreibtisch/ofa-v2/campaign3_blind/runs/C3_27b_MCP_seed5511/work/residual_level2.csv' mode='r' encoding='UTF-8'>
  body = tuple(r[-1].strip() for r in _csv.reader(q.open()) if r)
ResourceWarning: Enable tracemalloc to get the object allocation traceback
/home/alexander/Schreibtisch/ofa-v2/src/tools/result_audit.py:419: ResourceWarning: unclosed file <_io.TextIOWrapper name='/home/alexander/Schreibtisch/ofa-v2/campaign3_blind/runs/C3_27b_MCP_seed5511/work/residual_level3.csv' mode='r' encoding='UTF-8'>
  body = tuple(r[-1].strip() for r in _csv.reader(q.open()) if r)
ResourceWarning: Enable tracemalloc to get the object allocation traceback
/home/alexander/Schreibtisch/ofa-v2/src/tools/result_audit.py:1446: ResourceWarning: unclosed file <_io.TextIOWrapper name='/home/alexander/Schreibtisch/ofa-v2/campaign3_blind/runs/C3_27b_MCP_seed5511/work/solution_level1_A.csv' mode='r' encoding='UTF-8'>
  rows = [r for r in _csv.reader(f.open())
ResourceWarning: Enable tracemalloc to get the object allocation traceback
/home/alexander/Schreibtisch/ofa-v2/src/tools/result_audit.py:1446: ResourceWarning: unclosed file <_io.TextIOWrapper name='/home/alexander/Schreibtisch/ofa-v2/campaign3_blind/runs/C3_27b_MCP_seed5511/work/solution_level1_B.csv' mode='r' encoding='UTF-8'>
  rows = [r for r in _csv.reader(f.open())
ResourceWarning: Enable tracemalloc to get the object allocation traceback
/home/alexander/Schreibtisch/ofa-v2/src/tools/result_audit.py:1446: ResourceWarning: unclosed file <_io.TextIOWrapper name='/home/alexander/Schreibtisch/ofa-v2/campaign3_blind/runs/C3_27b_MCP_seed5511/work/solution_level2_A.csv' mode='r' encoding='UTF-8'>
  rows = [r for r in _csv.reader(f.open())
ResourceWarning: Enable tracemalloc to get the object allocation traceback
/home/alexander/Schreibtisch/ofa-v2/src/tools/result_audit.py:1446: ResourceWarning: unclosed file <_io.TextIOWrapper name='/home/alexander/Schreibtisch/ofa-v2/campaign3_blind/runs/C3_27b_MCP_seed5511/work/solution_level2_B.csv' mode='r' encoding='UTF-8'>
  rows = [r for r in _csv.reader(f.open())
ResourceWarning: Enable tracemalloc to get the object allocation traceback
/home/alexander/Schreibtisch/ofa-v2/src/tools/result_audit.py:1446: ResourceWarning: unclosed file <_io.TextIOWrapper name='/home/alexander/Schreibtisch/ofa-v2/campaign3_blind/runs/C3_27b_MCP_seed5511/work/solution_level3_A.csv' mode='r' encoding='UTF-8'>
  rows = [r for r in _csv.reader(f.open())
ResourceWarning: Enable tracemalloc to get the object allocation traceback
/home/alexander/Schreibtisch/ofa-v2/src/tools/result_audit.py:1446: ResourceWarning: unclosed file <_io.TextIOWrapper name='/home/alexander/Schreibtisch/ofa-v2/campaign3_blind/runs/C3_27b_MCP_seed5511/work/solution_level3_B.csv' mode='r' encoding='UTF-8'>
  rows = [r for r in _csv.reader(f.open())
ResourceWarning: Enable tracemalloc to get the object allocation traceback
/home/alexander/Schreibtisch/ofa-v2/src/tools/result_audit.py:419: ResourceWarning: unclosed file <_io.TextIOWrapper name='/home/alexander/Schreibtisch/ofa-v2/campaign3_blind/runs/C3_27b_MCP_seed5511/work/residual_level1.csv' mode='r' encoding='UTF-8'>
  body = tuple(r[-1].strip() for r in _csv.reader(q.open()) if r)
ResourceWarning: Enable tracemalloc to get the object allocation traceback
/home/alexander/Schreibtisch/ofa-v2/src/tools/result_audit.py:419: ResourceWarning: unclosed file <_io.TextIOWrapper name='/home/alexander/Schreibtisch/ofa-v2/campaign3_blind/runs/C3_27b_MCP_seed5511/work/residual_level2.csv' mode='r' encoding='UTF-8'>
  body = tuple(r[-1].strip() for r in _csv.reader(q.open()) if r)
ResourceWarning: Enable tracemalloc to get the object allocation traceback
/home/alexander/Schreibtisch/ofa-v2/src/tools/result_audit.py:419: ResourceWarning: unclosed file <_io.TextIOWrapper name='/home/alexander/Schreibtisch/ofa-v2/campaign3_blind/runs/C3_27b_MCP_seed5511/work/residual_level3.csv' mode='r' encoding='UTF-8'>
  body = tuple(r[-1].strip() for r in _csv.reader(q.open()) if r)
ResourceWarning: Enable tracemalloc to get the object allocation traceback
/home/alexander/Schreibtisch/ofa-v2/src/tools/result_audit.py:534: ResourceWarning: unclosed file <_io.TextIOWrapper name='/home/alexander/Schreibtisch/ofa-v2/campaign3_blind/runs/C3_27b_MCP_seed5511/work/solution_level1_A.csv' mode='r' encoding='UTF-8'>
  rows = sum(1 for _ in open(sol0[0], errors="ignore")) - 1
ResourceWarning: Enable tracemalloc to get the object allocation traceback
/home/alexander/Schreibtisch/ofa-v2/src/tools/result_audit.py:1446: ResourceWarning: unclosed file <_io.TextIOWrapper name='/home/alexander/Schreibtisch/ofa-v2/campaign3_blind/runs/C3_27b_MCP_seed5511/work/solution_level1_A.csv' mode='r' encoding='UTF-8'>
  rows = [r for r in _csv.reader(f.open())
ResourceWarning: Enable tracemalloc to get the object allocation traceback
/home/alexander/Schreibtisch/ofa-v2/src/tools/result_audit.py:1446: ResourceWarning: unclosed file <_io.TextIOWrapper name='/home/alexander/Schreibtisch/ofa-v2/campaign3_blind/runs/C3_27b_MCP_seed5511/work/solution_level1_B.csv' mode='r' encoding='UTF-8'>
  rows = [r for r in _csv.reader(f.open())
ResourceWarning: Enable tracemalloc to get the object allocation traceback
/home/alexander/Schreibtisch/ofa-v2/src/tools/result_audit.py:1446: ResourceWarning: unclosed file <_io.TextIOWrapper name='/home/alexander/Schreibtisch/ofa-v2/campaign3_blind/runs/C3_27b_MCP_seed5511/work/solution_level2_A.csv' mode='r' encoding='UTF-8'>
  rows = [r for r in _csv.reader(f.open())
ResourceWarning: Enable tracemalloc to get the object allocation traceback
/home/alexander/Schreibtisch/ofa-v2/src/tools/result_audit.py:1446: ResourceWarning: unclosed file <_io.TextIOWrapper name='/home/alexander/Schreibtisch/ofa-v2/campaign3_blind/runs/C3_27b_MCP_seed5511/work/solution_level2_B.csv' mode='r' encoding='UTF-8'>
  rows = [r for r in _csv.reader(f.open())
ResourceWarning: Enable tracemalloc to get the object allocation traceback
/home/alexander/Schreibtisch/ofa-v2/src/tools/result_audit.py:1446: ResourceWarning: unclosed file <_io.TextIOWrapper name='/home/alexander/Schreibtisch/ofa-v2/campaign3_blind/runs/C3_27b_MCP_seed5511/work/solution_level3_A.csv' mode='r' encoding='UTF-8'>
  rows = [r for r in _csv.reader(f.open())
ResourceWarning: Enable tracemalloc to get the object allocation traceback
/home/alexander/Schreibtisch/ofa-v2/src/tools/result_audit.py:1446: ResourceWarning: unclosed file <_io.TextIOWrapper name='/home/alexander/Schreibtisch/ofa-v2/campaign3_blind/runs/C3_27b_MCP_seed5511/work/solution_level3_B.csv' mode='r' encoding='UTF-8'>
  rows = [r for r in _csv.reader(f.open())
ResourceWarning: Enable tracemalloc to get the object allocation traceback
/home/alexander/Schreibtisch/ofa-v2/src/tools/workspace_advisor.py:128: ResourceWarning: unclosed file <_io.TextIOWrapper name='/home/alexander/Schreibtisch/ofa-v2/campaign3_blind/runs/C3_27b_MCP_seed5511/work/residual_level1.csv' mode='r' encoding='UTF-8'>
  rows = [row for row in _csv.reader(r.open()) if row]
ResourceWarning: Enable tracemalloc to get the object allocation traceback
/home/alexander/Schreibtisch/ofa-v2/src/tools/workspace_advisor.py:128: ResourceWarning: unclosed file <_io.TextIOWrapper name='/home/alexander/Schreibtisch/ofa-v2/campaign3_blind/runs/C3_27b_MCP_seed5511/work/residual_level2.csv' mode='r' encoding='UTF-8'>
  rows = [row for row in _csv.reader(r.open()) if row]
ResourceWarning: Enable tracemalloc to get the object allocation traceback
/home/alexander/Schreibtisch/ofa-v2/src/tools/workspace_advisor.py:128: ResourceWarning: unclosed file <_io.TextIOWrapper name='/home/alexander/Schreibtisch/ofa-v2/campaign3_blind/runs/C3_27b_MCP_seed5511/work/residual_level3.csv' mode='r' encoding='UTF-8'>
  rows = [row for row in _csv.reader(r.open()) if row]
ResourceWarning: Enable tracemalloc to get the object allocation traceback
/home/alexander/Schreibtisch/ofa-v2/src/tools/result_audit.py:419: ResourceWarning: unclosed file <_io.TextIOWrapper name='/home/alexander/Schreibtisch/ofa-v2/campaign3_blind/runs/C3_27b_MCP_seed5511/work/residual_level1.csv' mode='r' encoding='UTF-8'>
  body = tuple(r[-1].strip() for r in _csv.reader(q.open()) if r)
ResourceWarning: Enable tracemalloc to get the object allocation traceback
/home/alexander/Schreibtisch/ofa-v2/src/tools/result_audit.py:419: ResourceWarning: unclosed file <_io.TextIOWrapper name='/home/alexander/Schreibtisch/ofa-v2/campaign3_blind/runs/C3_27b_MCP_seed5511/work/residual_level2.csv' mode='r' encoding='UTF-8'>
  body = tuple(r[-1].strip() for r in _csv.reader(q.open()) if r)
ResourceWarning: Enable tracemalloc to get the object allocation traceback
/home/alexander/Schreibtisch/ofa-v2/src/tools/result_audit.py:419: ResourceWarning: unclosed file <_io.TextIOWrapper name='/home/alexander/Schreibtisch/ofa-v2/campaign3_blind/runs/C3_27b_MCP_seed5511/work/residual_level3.csv' mode='r' encoding='UTF-8'>
  body = tuple(r[-1].strip() for r in _csv.reader(q.open()) if r)
ResourceWarning: Enable tracemalloc to get the object allocation traceback
/home/alexander/Schreibtisch/ofa-v2/src/tools/result_audit.py:419: ResourceWarning: unclosed file <_io.TextIOWrapper name='/home/alexander/Schreibtisch/ofa-v2/campaign3_blind/runs/C3_27b_MCP_seed5511/work/residual_level1.csv' mode='r' encoding='UTF-8'>
  body = tuple(r[-1].strip() for r in _csv.reader(q.open()) if r)
ResourceWarning: Enable tracemalloc to get the object allocation traceback
/home/alexander/Schreibtisch/ofa-v2/src/tools/result_audit.py:419: ResourceWarning: unclosed file <_io.TextIOWrapper name='/home/alexander/Schreibtisch/ofa-v2/campaign3_blind/runs/C3_27b_MCP_seed5511/work/residual_level2.csv' mode='r' encoding='UTF-8'>
  body = tuple(r[-1].strip() for r in _csv.reader(q.open()) if r)
ResourceWarning: Enable tracemalloc to get the object allocation traceback
/home/alexander/Schreibtisch/ofa-v2/src/tools/result_audit.py:419: ResourceWarning: unclosed file <_io.TextIOWrapper name='/home/alexander/Schreibtisch/ofa-v2/campaign3_blind/runs/C3_27b_MCP_seed5511/work/residual_level3.csv' mode='r' encoding='UTF-8'>
  body = tuple(r[-1].strip() for r in _csv.reader(q.open()) if r)
ResourceWarning: Enable tracemalloc to get the object allocation traceback
/home/alexander/Schreibtisch/ofa-v2/src/tools/result_audit.py:534: ResourceWarning: unclosed file <_io.TextIOWrapper name='/home/alexander/Schreibtisch/ofa-v2/campaign3_blind/runs/C3_27b_MCP_seed5511/work/solution_level1_A.csv' mode='r' encoding='UTF-8'>
  rows = sum(1 for _ in open(sol0[0], errors="ignore")) - 1
ResourceWarning: Enable tracemalloc to get the object allocation traceback
/home/alexander/Schreibtisch/ofa-v2/src/tools/result_audit.py:1446: ResourceWarning: unclosed file <_io.TextIOWrapper name='/home/alexander/Schreibtisch/ofa-v2/campaign3_blind/runs/C3_27b_MCP_seed5511/work/solution_level1_A.csv' mode='r' encoding='UTF-8'>
  rows = [r for r in _csv.reader(f.open())
ResourceWarning: Enable tracemalloc to get the object allocation traceback
/home/alexander/Schreibtisch/ofa-v2/src/tools/result_audit.py:1446: ResourceWarning: unclosed file <_io.TextIOWrapper name='/home/alexander/Schreibtisch/ofa-v2/campaign3_blind/runs/C3_27b_MCP_seed5511/work/solution_level1_B.csv' mode='r' encoding='UTF-8'>
  rows = [r for r in _csv.reader(f.open())
ResourceWarning: Enable tracemalloc to get the object allocation traceback
/home/alexander/Schreibtisch/ofa-v2/src/tools/result_audit.py:1446: ResourceWarning: unclosed file <_io.TextIOWrapper name='/home/alexander/Schreibtisch/ofa-v2/campaign3_blind/runs/C3_27b_MCP_seed5511/work/solution_level2_A.csv' mode='r' encoding='UTF-8'>
  rows = [r for r in _csv.reader(f.open())
ResourceWarning: Enable tracemalloc to get the object allocation traceback
/home/alexander/Schreibtisch/ofa-v2/src/tools/result_audit.py:1446: ResourceWarning: unclosed file <_io.TextIOWrapper name='/home/alexander/Schreibtisch/ofa-v2/campaign3_blind/runs/C3_27b_MCP_seed5511/work/solution_level2_B.csv' mode='r' encoding='UTF-8'>
  rows = [r for r in _csv.reader(f.open())
ResourceWarning: Enable tracemalloc to get the object allocation traceback
/home/alexander/Schreibtisch/ofa-v2/src/tools/result_audit.py:1446: ResourceWarning: unclosed file <_io.TextIOWrapper name='/home/alexander/Schreibtisch/ofa-v2/campaign3_blind/runs/C3_27b_MCP_seed5511/work/solution_level3_A.csv' mode='r' encoding='UTF-8'>
  rows = [r for r in _csv.reader(f.open())
ResourceWarning: Enable tracemalloc to get the object allocation traceback
/home/alexander/Schreibtisch/ofa-v2/src/tools/result_audit.py:1446: ResourceWarning: unclosed file <_io.TextIOWrapper name='/home/alexander/Schreibtisch/ofa-v2/campaign3_blind/runs/C3_27b_MCP_seed5511/work/solution_level3_B.csv' mode='r' encoding='UTF-8'>
  rows = [r for r in _csv.reader(f.open())
ResourceWarning: Enable tracemalloc to get the object allocation traceback
/home/alexander/Schreibtisch/ofa-v2/src/tools/result_audit.py:419: ResourceWarning: unclosed file <_io.TextIOWrapper name='/home/alexander/Schreibtisch/ofa-v2/campaign3_blind/runs/C3_27b_MCP_seed5511/work/residual_level1.csv' mode='r' encoding='UTF-8'>
  body = tuple(r[-1].strip() for r in _csv.reader(q.open()) if r)
ResourceWarning: Enable tracemalloc to get the object allocation traceback
/home/alexander/Schreibtisch/ofa-v2/src/tools/result_audit.py:419: ResourceWarning: unclosed file <_io.TextIOWrapper name='/home/alexander/Schreibtisch/ofa-v2/campaign3_blind/runs/C3_27b_MCP_seed5511/work/residual_level2.csv' mode='r' encoding='UTF-8'>
  body = tuple(r[-1].strip() for r in _csv.reader(q.open()) if r)
ResourceWarning: Enable tracemalloc to get the object allocation traceback
/home/alexander/Schreibtisch/ofa-v2/src/tools/result_audit.py:419: ResourceWarning: unclosed file <_io.TextIOWrapper name='/home/alexander/Schreibtisch/ofa-v2/campaign3_blind/runs/C3_27b_MCP_seed5511/work/residual_level3.csv' mode='r' encoding='UTF-8'>
  body = tuple(r[-1].strip() for r in _csv.reader(q.open()) if r)
ResourceWarning: Enable tracemalloc to get the object allocation traceback
/home/alexander/Schreibtisch/ofa-v2/src/tools/result_audit.py:534: ResourceWarning: unclosed file <_io.TextIOWrapper name='/home/alexander/Schreibtisch/ofa-v2/campaign3_blind/runs/C3_27b_MCP_seed5511/work/solution_level1_A.csv' mode='r' encoding='UTF-8'>
  rows = sum(1 for _ in open(sol0[0], errors="ignore")) - 1
ResourceWarning: Enable tracemalloc to get the object allocation traceback
/home/alexander/Schreibtisch/ofa-v2/src/tools/result_audit.py:1446: ResourceWarning: unclosed file <_io.TextIOWrapper name='/home/alexander/Schreibtisch/ofa-v2/campaign3_blind/runs/C3_27b_MCP_seed5511/work/solution_level1_A.csv' mode='r' encoding='UTF-8'>
  rows = [r for r in _csv.reader(f.open())
ResourceWarning: Enable tracemalloc to get the object allocation traceback
/home/alexander/Schreibtisch/ofa-v2/src/tools/result_audit.py:1446: ResourceWarning: unclosed file <_io.TextIOWrapper name='/home/alexander/Schreibtisch/ofa-v2/campaign3_blind/runs/C3_27b_MCP_seed5511/work/solution_level1_B.csv' mode='r' encoding='UTF-8'>
  rows = [r for r in _csv.reader(f.open())
ResourceWarning: Enable tracemalloc to get the object allocation traceback
/home/alexander/Schreibtisch/ofa-v2/src/tools/result_audit.py:1446: ResourceWarning: unclosed file <_io.TextIOWrapper name='/home/alexander/Schreibtisch/ofa-v2/campaign3_blind/runs/C3_27b_MCP_seed5511/work/solution_level2_A.csv' mode='r' encoding='UTF-8'>
  rows = [r for r in _csv.reader(f.open())
ResourceWarning: Enable tracemalloc to get the object allocation traceback
/home/alexander/Schreibtisch/ofa-v2/src/tools/result_audit.py:1446: ResourceWarning: unclosed file <_io.TextIOWrapper name='/home/alexander/Schreibtisch/ofa-v2/campaign3_blind/runs/C3_27b_MCP_seed5511/work/solution_level2_B.csv' mode='r' encoding='UTF-8'>
  rows = [r for r in _csv.reader(f.open())
ResourceWarning: Enable tracemalloc to get the object allocation traceback
/home/alexander/Schreibtisch/ofa-v2/src/tools/result_audit.py:1446: ResourceWarning: unclosed file <_io.TextIOWrapper name='/home/alexander/Schreibtisch/ofa-v2/campaign3_blind/runs/C3_27b_MCP_seed5511/work/solution_level3_A.csv' mode='r' encoding='UTF-8'>
  rows = [r for r in _csv.reader(f.open())
ResourceWarning: Enable tracemalloc to get the object allocation traceback
/home/alexander/Schreibtisch/ofa-v2/src/tools/result_audit.py:1446: ResourceWarning: unclosed file <_io.TextIOWrapper name='/home/alexander/Schreibtisch/ofa-v2/campaign3_blind/runs/C3_27b_MCP_seed5511/work/solution_level3_B.csv' mode='r' encoding='UTF-8'>
  rows = [r for r in _csv.reader(f.open())
ResourceWarning: Enable tracemalloc to get the object allocation traceback
/home/alexander/Schreibtisch/ofa-v2/src/tools/result_audit.py:419: ResourceWarning: unclosed file <_io.TextIOWrapper name='/home/alexander/Schreibtisch/ofa-v2/campaign3_blind/runs/C3_27b_MCP_seed5511/work/residual_level1.csv' mode='r' encoding='UTF-8'>
  body = tuple(r[-1].strip() for r in _csv.reader(q.open()) if r)
ResourceWarning: Enable tracemalloc to get the object allocation traceback
/home/alexander/Schreibtisch/ofa-v2/src/tools/result_audit.py:419: ResourceWarning: unclosed file <_io.TextIOWrapper name='/home/alexander/Schreibtisch/ofa-v2/campaign3_blind/runs/C3_27b_MCP_seed5511/work/residual_level2.csv' mode='r' encoding='UTF-8'>
  body = tuple(r[-1].strip() for r in _csv.reader(q.open()) if r)
ResourceWarning: Enable tracemalloc to get the object allocation traceback
/home/alexander/Schreibtisch/ofa-v2/src/tools/result_audit.py:419: ResourceWarning: unclosed file <_io.TextIOWrapper name='/home/alexander/Schreibtisch/ofa-v2/campaign3_blind/runs/C3_27b_MCP_seed5511/work/residual_level3.csv' mode='r' encoding='UTF-8'>
  body = tuple(r[-1].strip() for r in _csv.reader(q.open()) if r)
ResourceWarning: Enable tracemalloc to get the object allocation traceback
/home/alexander/Schreibtisch/ofa-v2/src/tools/result_audit.py:534: ResourceWarning: unclosed file <_io.TextIOWrapper name='/home/alexander/Schreibtisch/ofa-v2/campaign3_blind/runs/C3_27b_MCP_seed5511/work/solution_level1_A.csv' mode='r' encoding='UTF-8'>
  rows = sum(1 for _ in open(sol0[0], errors="ignore")) - 1
ResourceWarning: Enable tracemalloc to get the object allocation traceback
/home/alexander/Schreibtisch/ofa-v2/src/tools/result_audit.py:1446: ResourceWarning: unclosed file <_io.TextIOWrapper name='/home/alexander/Schreibtisch/ofa-v2/campaign3_blind/runs/C3_27b_MCP_seed5511/work/solution_level1_A.csv' mode='r' encoding='UTF-8'>
  rows = [r for r in _csv.reader(f.open())
ResourceWarning: Enable tracemalloc to get the object allocation traceback
/home/alexander/Schreibtisch/ofa-v2/src/tools/result_audit.py:1446: ResourceWarning: unclosed file <_io.TextIOWrapper name='/home/alexander/Schreibtisch/ofa-v2/campaign3_blind/runs/C3_27b_MCP_seed5511/work/solution_level1_B.csv' mode='r' encoding='UTF-8'>
  rows = [r for r in _csv.reader(f.open())
ResourceWarning: Enable tracemalloc to get the object allocation traceback
/home/alexander/Schreibtisch/ofa-v2/src/tools/result_audit.py:1446: ResourceWarning: unclosed file <_io.TextIOWrapper name='/home/alexander/Schreibtisch/ofa-v2/campaign3_blind/runs/C3_27b_MCP_seed5511/work/solution_level2_A.csv' mode='r' encoding='UTF-8'>
  rows = [r for r in _csv.reader(f.open())
ResourceWarning: Enable tracemalloc to get the object allocation traceback
/home/alexander/Schreibtisch/ofa-v2/src/tools/result_audit.py:1446: ResourceWarning: unclosed file <_io.TextIOWrapper name='/home/alexander/Schreibtisch/ofa-v2/campaign3_blind/runs/C3_27b_MCP_seed5511/work/solution_level2_B.csv' mode='r' encoding='UTF-8'>
  rows = [r for r in _csv.reader(f.open())
ResourceWarning: Enable tracemalloc to get the object allocation traceback
/home/alexander/Schreibtisch/ofa-v2/src/tools/result_audit.py:1446: ResourceWarning: unclosed file <_io.TextIOWrapper name='/home/alexander/Schreibtisch/ofa-v2/campaign3_blind/runs/C3_27b_MCP_seed5511/work/solution_level3_A.csv' mode='r' encoding='UTF-8'>
  rows = [r for r in _csv.reader(f.open())
ResourceWarning: Enable tracemalloc to get the object allocation traceback
/home/alexander/Schreibtisch/ofa-v2/src/tools/result_audit.py:1446: ResourceWarning: unclosed file <_io.TextIOWrapper name='/home/alexander/Schreibtisch/ofa-v2/campaign3_blind/runs/C3_27b_MCP_seed5511/work/solution_level3_B.csv' mode='r' encoding='UTF-8'>
  rows = [r for r in _csv.reader(f.open())
ResourceWarning: Enable tracemalloc to get the object allocation traceback
/home/alexander/Schreibtisch/ofa-v2/src/tools/result_audit.py:419: ResourceWarning: unclosed file <_io.TextIOWrapper name='/home/alexander/Schreibtisch/ofa-v2/campaign3_blind/runs/C3_27b_MCP_seed5511/work/residual_level1.csv' mode='r' encoding='UTF-8'>
  body = tuple(r[-1].strip() for r in _csv.reader(q.open()) if r)
ResourceWarning: Enable tracemalloc to get the object allocation traceback
/home/alexander/Schreibtisch/ofa-v2/src/tools/result_audit.py:419: ResourceWarning: unclosed file <_io.TextIOWrapper name='/home/alexander/Schreibtisch/ofa-v2/campaign3_blind/runs/C3_27b_MCP_seed5511/work/residual_level2.csv' mode='r' encoding='UTF-8'>
  body = tuple(r[-1].strip() for r in _csv.reader(q.open()) if r)
ResourceWarning: Enable tracemalloc to get the object allocation traceback
/home/alexander/Schreibtisch/ofa-v2/src/tools/result_audit.py:419: ResourceWarning: unclosed file <_io.TextIOWrapper name='/home/alexander/Schreibtisch/ofa-v2/campaign3_blind/runs/C3_27b_MCP_seed5511/work/residual_level3.csv' mode='r' encoding='UTF-8'>
  body = tuple(r[-1].strip() for r in _csv.reader(q.open()) if r)
ResourceWarning: Enable tracemalloc to get the object allocation traceback
/home/alexander/Schreibtisch/ofa-v2/src/tools/result_audit.py:534: ResourceWarning: unclosed file <_io.TextIOWrapper name='/home/alexander/Schreibtisch/ofa-v2/campaign3_blind/runs/C3_27b_MCP_seed5511/work/solution_level1_A.csv' mode='r' encoding='UTF-8'>
  rows = sum(1 for _ in open(sol0[0], errors="ignore")) - 1
ResourceWarning: Enable tracemalloc to get the object allocation traceback
/home/alexander/Schreibtisch/ofa-v2/src/tools/result_audit.py:1446: ResourceWarning: unclosed file <_io.TextIOWrapper name='/home/alexander/Schreibtisch/ofa-v2/campaign3_blind/runs/C3_27b_MCP_seed5511/work/solution_level1_A.csv' mode='r' encoding='UTF-8'>
  rows = [r for r in _csv.reader(f.open())
ResourceWarning: Enable tracemalloc to get the object allocation traceback
/home/alexander/Schreibtisch/ofa-v2/src/tools/result_audit.py:1446: ResourceWarning: unclosed file <_io.TextIOWrapper name='/home/alexander/Schreibtisch/ofa-v2/campaign3_blind/runs/C3_27b_MCP_seed5511/work/solution_level1_B.csv' mode='r' encoding='UTF-8'>
  rows = [r for r in _csv.reader(f.open())
ResourceWarning: Enable tracemalloc to get the object allocation traceback
/home/alexander/Schreibtisch/ofa-v2/src/tools/result_audit.py:1446: ResourceWarning: unclosed file <_io.TextIOWrapper name='/home/alexander/Schreibtisch/ofa-v2/campaign3_blind/runs/C3_27b_MCP_seed5511/work/solution_level2_A.csv' mode='r' encoding='UTF-8'>
  rows = [r for r in _csv.reader(f.open())
ResourceWarning: Enable tracemalloc to get the object allocation traceback
/home/alexander/Schreibtisch/ofa-v2/src/tools/result_audit.py:1446: ResourceWarning: unclosed file <_io.TextIOWrapper name='/home/alexander/Schreibtisch/ofa-v2/campaign3_blind/runs/C3_27b_MCP_seed5511/work/solution_level2_B.csv' mode='r' encoding='UTF-8'>
  rows = [r for r in _csv.reader(f.open())
ResourceWarning: Enable tracemalloc to get the object allocation traceback
/home/alexander/Schreibtisch/ofa-v2/src/tools/result_audit.py:1446: ResourceWarning: unclosed file <_io.TextIOWrapper name='/home/alexander/Schreibtisch/ofa-v2/campaign3_blind/runs/C3_27b_MCP_seed5511/work/solution_level3_A.csv' mode='r' encoding='UTF-8'>
  rows = [r for r in _csv.reader(f.open())
ResourceWarning: Enable tracemalloc to get the object allocation traceback
/home/alexander/Schreibtisch/ofa-v2/src/tools/result_audit.py:1446: ResourceWarning: unclosed file <_io.TextIOWrapper name='/home/alexander/Schreibtisch/ofa-v2/campaign3_blind/runs/C3_27b_MCP_seed5511/work/solution_level3_B.csv' mode='r' encoding='UTF-8'>
  rows = [r for r in _csv.reader(f.open())
ResourceWarning: Enable tracemalloc to get the object allocation traceback
2026-09-08 14:32:58,243 [oasis] INFO: Session journal saved: /tmp/oasis-source/data/sessions/session_e8d47a39-76f3-48bc-b781-73f73c1fdf68.json (9 events)
[preflight] custody controls verified for 1 problem(s); keys sealed and unreadable by execution
[phase: development] results are for post-mortems and convergence checking, NOT for the paper's evaluation table.
[DUNE cache] sha256=dc2d5b8ff2ebf98e... (neutral, private copy per cell)
[C3 27b MCP s5511] done  calls=56 tok=5637288/45035 2052.2s
/home/alexander/.local/share/python/cpython-3.12.13-linux-x86_64-gnu/lib/python3.12/asyncio/selector_events.py:879: ResourceWarning: unclosed transport <_SelectorSocketTransport fd=9>
<<< C3 seed 5511 done 2026-09-08 14:32:59
2026-09-08 14:33:57,730 [oasis] INFO: Session journal saved: /tmp/oasis-source/data/sessions/session_55a0acca-40b0-4731-ae02-179a38dcf81a.json (11 events)
[preflight] custody controls verified for 1 problem(s); keys sealed and unreadable by execution
[phase: development] results are for post-mortems and convergence checking, NOT for the paper's evaluation table.
[DUNE cache] sha256=dc2d5b8ff2ebf98e... (neutral, private copy per cell)
[C3 27b MCP s5512] done  calls=73 tok=8165165/47868 2111.6s
<<< C3 seed 5512 done 2026-09-08 14:33:58
>>> C3 MCP complete 2026-09-08 14:33:58
>>> C3 MCP seeds 5521 5522 5523  start 2026-09-08 14:38:50
[source build] 0cae7fb81592 sha256=e4fcf0299c9b38e4... (immutable)
[source build] 0cae7fb81592 sha256=e4fcf0299c9b38e4... (immutable)
[source build] 0cae7fb81592 sha256=e4fcf0299c9b38e4... (immutable)
2026-09-08 14:39:25,300 [oasis.registry] INFO: Loaded discovered config: 5 backends
2026-09-08 14:39:25,311 [oasis.registry] INFO: Registered backend: 4C Multiphysics (fourc)
2026-09-08 14:39:25,314 [oasis.registry] INFO: Registered backend: FEniCSx (dolfinx) (fenics)
2026-09-08 14:39:25,319 [oasis.registry] INFO: Registered backend: deal.II (dealii)
2026-09-08 14:39:25,338 [oasis.registry] INFO: Registered backend: FEBio (febio)
2026-09-08 14:39:25,351 [oasis.registry] INFO: Registered backend: NGSolve (ngsolve)
2026-09-08 14:39:25,351 [oasis.ngsolve] INFO: NGSolve backend registered
2026-09-08 14:39:25,365 [oasis.registry] INFO: Registered backend: scikit-fem (skfem)
2026-09-08 14:39:25,365 [oasis.skfem] INFO: scikit-fem backend registered
2026-09-08 14:39:25,386 [oasis.registry] INFO: Registered backend: Kratos Multiphysics (kratos)
2026-09-08 14:39:25,386 [oasis.kratos] INFO: Kratos Multiphysics backend registered
2026-09-08 14:39:25,400 [oasis.registry] INFO: Registered backend: DUNE-fem (dune)
2026-09-08 14:39:25,400 [oasis.dune] INFO: DUNE-fem backend registered
2026-09-08 14:39:25,414 [oasis.registry] INFO: Registered backend: SPARTA (DSMC) (sparta)
2026-09-08 14:39:25,414 [oasis.sparta] INFO: SPARTA (DSMC) backend registered
2026-09-08 14:39:25,414 [oasis] INFO: Starting OASiS MCP server
2026-09-08 14:39:25,444 [mcp.server.lowlevel.server] INFO: Processing request of type ListToolsRequest
2026-09-08 14:39:25,980 [oasis.registry] INFO: Loaded discovered config: 5 backends
2026-09-08 14:39:25,990 [oasis.registry] INFO: Registered backend: 4C Multiphysics (fourc)
2026-09-08 14:39:25,993 [oasis.registry] INFO: Registered backend: FEniCSx (dolfinx) (fenics)
2026-09-08 14:39:25,998 [oasis.registry] INFO: Registered backend: deal.II (dealii)
2026-09-08 14:39:26,015 [oasis.registry] INFO: Loaded discovered config: 5 backends
2026-09-08 14:39:26,018 [oasis.registry] INFO: Registered backend: FEBio (febio)
2026-09-08 14:39:26,025 [oasis.registry] INFO: Registered backend: 4C Multiphysics (fourc)
2026-09-08 14:39:26,029 [oasis.registry] INFO: Registered backend: FEniCSx (dolfinx) (fenics)
2026-09-08 14:39:26,031 [oasis.registry] INFO: Registered backend: NGSolve (ngsolve)
2026-09-08 14:39:26,031 [oasis.ngsolve] INFO: NGSolve backend registered
2026-09-08 14:39:26,036 [oasis.registry] INFO: Registered backend: deal.II (dealii)
2026-09-08 14:39:26,045 [oasis.registry] INFO: Registered backend: scikit-fem (skfem)
2026-09-08 14:39:26,045 [oasis.skfem] INFO: scikit-fem backend registered
2026-09-08 14:39:26,056 [oasis.registry] INFO: Registered backend: FEBio (febio)
2026-09-08 14:39:26,066 [oasis.registry] INFO: Registered backend: Kratos Multiphysics (kratos)
2026-09-08 14:39:26,066 [oasis.kratos] INFO: Kratos Multiphysics backend registered
2026-09-08 14:39:26,071 [oasis.registry] INFO: Registered backend: NGSolve (ngsolve)
2026-09-08 14:39:26,071 [oasis.ngsolve] INFO: NGSolve backend registered
2026-09-08 14:39:26,080 [oasis.registry] INFO: Registered backend: DUNE-fem (dune)
2026-09-08 14:39:26,080 [oasis.dune] INFO: DUNE-fem backend registered
2026-09-08 14:39:26,086 [oasis.registry] INFO: Registered backend: scikit-fem (skfem)
2026-09-08 14:39:26,086 [oasis.skfem] INFO: scikit-fem backend registered
2026-09-08 14:39:26,093 [oasis.registry] INFO: Registered backend: SPARTA (DSMC) (sparta)
2026-09-08 14:39:26,094 [oasis.sparta] INFO: SPARTA (DSMC) backend registered
2026-09-08 14:39:26,094 [oasis] INFO: Starting OASiS MCP server
2026-09-08 14:39:26,108 [oasis.registry] INFO: Registered backend: Kratos Multiphysics (kratos)
2026-09-08 14:39:26,108 [oasis.kratos] INFO: Kratos Multiphysics backend registered
2026-09-08 14:39:26,122 [mcp.server.lowlevel.server] INFO: Processing request of type ListToolsRequest
2026-09-08 14:39:26,123 [oasis.registry] INFO: Registered backend: DUNE-fem (dune)
2026-09-08 14:39:26,123 [oasis.dune] INFO: DUNE-fem backend registered
2026-09-08 14:39:26,137 [oasis.registry] INFO: Registered backend: SPARTA (DSMC) (sparta)
2026-09-08 14:39:26,137 [oasis.sparta] INFO: SPARTA (DSMC) backend registered
2026-09-08 14:39:26,137 [oasis] INFO: Starting OASiS MCP server
2026-09-08 14:39:26,165 [mcp.server.lowlevel.server] INFO: Processing request of type ListToolsRequest
2026-09-08 14:39:38,097 [mcp.server.lowlevel.server] INFO: Processing request of type CallToolRequest
2026-09-08 14:39:38,630 [mcp.server.lowlevel.server] INFO: Processing request of type CallToolRequest
2026-09-08 14:39:38,640 [mcp.server.lowlevel.server] INFO: Processing request of type CallToolRequest
2026-09-08 14:39:43,267 [mcp.server.lowlevel.server] INFO: Processing request of type CallToolRequest
2026-09-08 14:39:44,371 [mcp.server.lowlevel.server] INFO: Processing request of type CallToolRequest
2026-09-08 14:39:44,382 [mcp.server.lowlevel.server] INFO: Processing request of type CallToolRequest
2026-09-08 14:40:18,294 [mcp.server.lowlevel.server] INFO: Processing request of type CallToolRequest
2026-09-08 14:40:18,322 [mcp.server.lowlevel.server] INFO: Processing request of type CallToolRequest
2026-09-08 14:40:59,752 [mcp.server.lowlevel.server] INFO: Processing request of type CallToolRequest
/home/alexander/Schreibtisch/ofa-v2/langgraph_eval/agent.py:820: RuntimeWarning: This package (`duckduckgo_search`) has been renamed to `ddgs`! Use `pip install ddgs` instead.
  with DDGS() as ddgs:
/home/alexander/Schreibtisch/ofa-v2/langgraph_eval/agent.py:820: RuntimeWarning: This package (`duckduckgo_search`) has been renamed to `ddgs`! Use `pip install ddgs` instead.
  with DDGS() as ddgs:
/home/alexander/Schreibtisch/ofa-v2/langgraph_eval/agent.py:820: RuntimeWarning: This package (`duckduckgo_search`) has been renamed to `ddgs`! Use `pip install ddgs` instead.
  with DDGS() as ddgs:
/home/alexander/Schreibtisch/ofa-v2/langgraph_eval/agent.py:820: RuntimeWarning: This package (`duckduckgo_search`) has been renamed to `ddgs`! Use `pip install ddgs` instead.
  with DDGS() as ddgs:
/home/alexander/Schreibtisch/ofa-v2/langgraph_eval/agent.py:820: RuntimeWarning: This package (`duckduckgo_search`) has been renamed to `ddgs`! Use `pip install ddgs` instead.
  with DDGS() as ddgs:
/home/alexander/Schreibtisch/ofa-v2/langgraph_eval/agent.py:820: RuntimeWarning: This package (`duckduckgo_search`) has been renamed to `ddgs`! Use `pip install ddgs` instead.
  with DDGS() as ddgs:
2026-09-08 14:45:22,708 [mcp.server.lowlevel.server] INFO: Processing request of type CallToolRequest
2026-09-08 14:51:36,436 [mcp.server.lowlevel.server] INFO: Processing request of type CallToolRequest
2026-09-08 14:51:48,948 [mcp.server.lowlevel.server] INFO: Processing request of type CallToolRequest
2026-09-08 14:51:55,815 [mcp.server.lowlevel.server] INFO: Processing request of type CallToolRequest
2026-09-08 14:52:53,290 [mcp.server.lowlevel.server] INFO: Processing request of type CallToolRequest
2026-09-08 14:55:21,452 [mcp.server.lowlevel.server] INFO: Processing request of type CallToolRequest
2026-09-08 14:55:28,294 [mcp.server.lowlevel.server] INFO: Processing request of type CallToolRequest
2026-09-08 14:57:24,639 [mcp.server.lowlevel.server] INFO: Processing request of type CallToolRequest
2026-09-08 14:57:31,109 [mcp.server.lowlevel.server] INFO: Processing request of type CallToolRequest
2026-09-08 14:58:44,026 [mcp.server.lowlevel.server] INFO: Processing request of type CallToolRequest
2026-09-08 15:00:29,120 [mcp.server.lowlevel.server] INFO: Processing request of type CallToolRequest
/home/alexander/Schreibtisch/ofa-v2/src/tools/result_audit.py:419: ResourceWarning: unclosed file <_io.TextIOWrapper name='/home/alexander/Schreibtisch/ofa-v2/campaign3_blind/runs/C3_27b_MCP_seed5521/work/residual_level1.csv' mode='r' encoding='UTF-8'>
  body = tuple(r[-1].strip() for r in _csv.reader(q.open()) if r)
ResourceWarning: Enable tracemalloc to get the object allocation traceback
2026-09-08 15:00:35,679 [mcp.server.lowlevel.server] INFO: Processing request of type CallToolRequest
2026-09-08 15:01:57,835 [mcp.server.lowlevel.server] INFO: Processing request of type CallToolRequest
/home/alexander/Schreibtisch/ofa-v2/src/tools/result_audit.py:419: ResourceWarning: unclosed file <_io.TextIOWrapper name='/home/alexander/Schreibtisch/ofa-v2/campaign3_blind/runs/C3_27b_MCP_seed5521/work/residual_level1.csv' mode='r' encoding='UTF-8'>
  body = tuple(r[-1].strip() for r in _csv.reader(q.open()) if r)
ResourceWarning: Enable tracemalloc to get the object allocation traceback
2026-09-08 15:02:41,866 [mcp.server.lowlevel.server] INFO: Processing request of type CallToolRequest
2026-09-08 15:03:08,553 [mcp.server.lowlevel.server] INFO: Processing request of type CallToolRequest
/home/alexander/Schreibtisch/ofa-v2/src/tools/result_audit.py:419: ResourceWarning: unclosed file <_io.TextIOWrapper name='/home/alexander/Schreibtisch/ofa-v2/campaign3_blind/runs/C3_27b_MCP_seed5521/work/residual_level1.csv' mode='r' encoding='UTF-8'>
  body = tuple(r[-1].strip() for r in _csv.reader(q.open()) if r)
ResourceWarning: Enable tracemalloc to get the object allocation traceback
/home/alexander/Schreibtisch/ofa-v2/src/tools/result_audit.py:419: ResourceWarning: unclosed file <_io.TextIOWrapper name='/home/alexander/Schreibtisch/ofa-v2/campaign3_blind/runs/C3_27b_MCP_seed5521/work/residual_level2.csv' mode='r' encoding='UTF-8'>
  body = tuple(r[-1].strip() for r in _csv.reader(q.open()) if r)
ResourceWarning: Enable tracemalloc to get the object allocation traceback
/home/alexander/Schreibtisch/ofa-v2/src/tools/result_audit.py:419: ResourceWarning: unclosed file <_io.TextIOWrapper name='/home/alexander/Schreibtisch/ofa-v2/campaign3_blind/runs/C3_27b_MCP_seed5521/work/residual_level1.csv' mode='r' encoding='UTF-8'>
  body = tuple(r[-1].strip() for r in _csv.reader(q.open()) if r)
ResourceWarning: Enable tracemalloc to get the object allocation traceback
/home/alexander/Schreibtisch/ofa-v2/src/tools/result_audit.py:419: ResourceWarning: unclosed file <_io.TextIOWrapper name='/home/alexander/Schreibtisch/ofa-v2/campaign3_blind/runs/C3_27b_MCP_seed5521/work/residual_level2.csv' mode='r' encoding='UTF-8'>
  body = tuple(r[-1].strip() for r in _csv.reader(q.open()) if r)
ResourceWarning: Enable tracemalloc to get the object allocation traceback
2026-09-08 15:07:31,212 [mcp.server.lowlevel.server] INFO: Processing request of type CallToolRequest
2026-09-08 15:07:38,174 [mcp.server.lowlevel.server] INFO: Processing request of type CallToolRequest
2026-09-08 15:08:58,471 [oasis] INFO: Session journal saved: /tmp/oasis-source/data/sessions/session_c229d4b4-7272-46c4-9d7c-24ce121d44f1.json (5 events)
[preflight] custody controls verified for 1 problem(s); keys sealed and unreadable by execution
[phase: development] results are for post-mortems and convergence checking, NOT for the paper's evaluation table.
[DUNE cache] sha256=dc2d5b8ff2ebf98e... (neutral, private copy per cell)
[C3 27b MCP s5523] done  calls=62 tok=6351067/38882 1776.0s
<<< C3 seed 5523 done 2026-09-08 15:08:59
2026-09-08 15:09:20,544 [oasis] INFO: Session journal saved: /tmp/oasis-source/data/sessions/session_4fd7f129-bf27-49cf-b6f5-5471cfe8412a.json (7 events)
[preflight] custody controls verified for 1 problem(s); keys sealed and unreadable by execution
[phase: development] results are for post-mortems and convergence checking, NOT for the paper's evaluation table.
[DUNE cache] sha256=dc2d5b8ff2ebf98e... (neutral, private copy per cell)
[C3 27b MCP s5522] done  calls=55 tok=6426246/36049 1797.4s
<<< C3 seed 5522 done 2026-09-08 15:09:21
/home/alexander/Schreibtisch/ofa-v2/src/tools/result_audit.py:419: ResourceWarning: unclosed file <_io.TextIOWrapper name='/home/alexander/Schreibtisch/ofa-v2/campaign3_blind/runs/C3_27b_MCP_seed5521/work/residual_level1.csv' mode='r' encoding='UTF-8'>
  body = tuple(r[-1].strip() for r in _csv.reader(q.open()) if r)
ResourceWarning: Enable tracemalloc to get the object allocation traceback
/home/alexander/Schreibtisch/ofa-v2/src/tools/result_audit.py:419: ResourceWarning: unclosed file <_io.TextIOWrapper name='/home/alexander/Schreibtisch/ofa-v2/campaign3_blind/runs/C3_27b_MCP_seed5521/work/residual_level2.csv' mode='r' encoding='UTF-8'>
  body = tuple(r[-1].strip() for r in _csv.reader(q.open()) if r)
ResourceWarning: Enable tracemalloc to get the object allocation traceback
/home/alexander/Schreibtisch/ofa-v2/src/tools/result_audit.py:419: ResourceWarning: unclosed file <_io.TextIOWrapper name='/home/alexander/Schreibtisch/ofa-v2/campaign3_blind/runs/C3_27b_MCP_seed5521/work/residual_level3.csv' mode='r' encoding='UTF-8'>
  body = tuple(r[-1].strip() for r in _csv.reader(q.open()) if r)
ResourceWarning: Enable tracemalloc to get the object allocation traceback
/home/alexander/Schreibtisch/ofa-v2/src/tools/result_audit.py:419: ResourceWarning: unclosed file <_io.TextIOWrapper name='/home/alexander/Schreibtisch/ofa-v2/campaign3_blind/runs/C3_27b_MCP_seed5521/work/residual_level1.csv' mode='r' encoding='UTF-8'>
  body = tuple(r[-1].strip() for r in _csv.reader(q.open()) if r)
ResourceWarning: Enable tracemalloc to get the object allocation traceback
/home/alexander/Schreibtisch/ofa-v2/src/tools/result_audit.py:419: ResourceWarning: unclosed file <_io.TextIOWrapper name='/home/alexander/Schreibtisch/ofa-v2/campaign3_blind/runs/C3_27b_MCP_seed5521/work/residual_level2.csv' mode='r' encoding='UTF-8'>
  body = tuple(r[-1].strip() for r in _csv.reader(q.open()) if r)
ResourceWarning: Enable tracemalloc to get the object allocation traceback
/home/alexander/Schreibtisch/ofa-v2/src/tools/result_audit.py:419: ResourceWarning: unclosed file <_io.TextIOWrapper name='/home/alexander/Schreibtisch/ofa-v2/campaign3_blind/runs/C3_27b_MCP_seed5521/work/residual_level3.csv' mode='r' encoding='UTF-8'>
  body = tuple(r[-1].strip() for r in _csv.reader(q.open()) if r)
ResourceWarning: Enable tracemalloc to get the object allocation traceback
/home/alexander/Schreibtisch/ofa-v2/src/tools/result_audit.py:419: ResourceWarning: unclosed file <_io.TextIOWrapper name='/home/alexander/Schreibtisch/ofa-v2/campaign3_blind/runs/C3_27b_MCP_seed5521/work/residual_level1.csv' mode='r' encoding='UTF-8'>
  body = tuple(r[-1].strip() for r in _csv.reader(q.open()) if r)
ResourceWarning: Enable tracemalloc to get the object allocation traceback
/home/alexander/Schreibtisch/ofa-v2/src/tools/result_audit.py:419: ResourceWarning: unclosed file <_io.TextIOWrapper name='/home/alexander/Schreibtisch/ofa-v2/campaign3_blind/runs/C3_27b_MCP_seed5521/work/residual_level2.csv' mode='r' encoding='UTF-8'>
  body = tuple(r[-1].strip() for r in _csv.reader(q.open()) if r)
ResourceWarning: Enable tracemalloc to get the object allocation traceback
/home/alexander/Schreibtisch/ofa-v2/src/tools/result_audit.py:419: ResourceWarning: unclosed file <_io.TextIOWrapper name='/home/alexander/Schreibtisch/ofa-v2/campaign3_blind/runs/C3_27b_MCP_seed5521/work/residual_level3.csv' mode='r' encoding='UTF-8'>
  body = tuple(r[-1].strip() for r in _csv.reader(q.open()) if r)
ResourceWarning: Enable tracemalloc to get the object allocation traceback
/home/alexander/Schreibtisch/ofa-v2/src/tools/result_audit.py:1446: ResourceWarning: unclosed file <_io.TextIOWrapper name='/home/alexander/Schreibtisch/ofa-v2/campaign3_blind/runs/C3_27b_MCP_seed5521/work/solution_level1_B.csv' mode='r' encoding='UTF-8'>
  rows = [r for r in _csv.reader(f.open())
ResourceWarning: Enable tracemalloc to get the object allocation traceback
/home/alexander/Schreibtisch/ofa-v2/src/tools/result_audit.py:1446: ResourceWarning: unclosed file <_io.TextIOWrapper name='/home/alexander/Schreibtisch/ofa-v2/campaign3_blind/runs/C3_27b_MCP_seed5521/work/solution_level2_B.csv' mode='r' encoding='UTF-8'>
  rows = [r for r in _csv.reader(f.open())
ResourceWarning: Enable tracemalloc to get the object allocation traceback
/home/alexander/Schreibtisch/ofa-v2/src/tools/result_audit.py:1446: ResourceWarning: unclosed file <_io.TextIOWrapper name='/home/alexander/Schreibtisch/ofa-v2/campaign3_blind/runs/C3_27b_MCP_seed5521/work/solution_level3_B.csv' mode='r' encoding='UTF-8'>
  rows = [r for r in _csv.reader(f.open())
ResourceWarning: Enable tracemalloc to get the object allocation traceback
/home/alexander/Schreibtisch/ofa-v2/src/tools/result_audit.py:1446: ResourceWarning: unclosed file <_io.TextIOWrapper name='/home/alexander/Schreibtisch/ofa-v2/campaign3_blind/runs/C3_27b_MCP_seed5521/work/solution_level1_B.csv' mode='r' encoding='UTF-8'>
  rows = [r for r in _csv.reader(f.open())
ResourceWarning: Enable tracemalloc to get the object allocation traceback
/home/alexander/Schreibtisch/ofa-v2/src/tools/result_audit.py:1446: ResourceWarning: unclosed file <_io.TextIOWrapper name='/home/alexander/Schreibtisch/ofa-v2/campaign3_blind/runs/C3_27b_MCP_seed5521/work/solution_level2_B.csv' mode='r' encoding='UTF-8'>
  rows = [r for r in _csv.reader(f.open())
ResourceWarning: Enable tracemalloc to get the object allocation traceback
/home/alexander/Schreibtisch/ofa-v2/src/tools/result_audit.py:1446: ResourceWarning: unclosed file <_io.TextIOWrapper name='/home/alexander/Schreibtisch/ofa-v2/campaign3_blind/runs/C3_27b_MCP_seed5521/work/solution_level3_B.csv' mode='r' encoding='UTF-8'>
  rows = [r for r in _csv.reader(f.open())
ResourceWarning: Enable tracemalloc to get the object allocation traceback
/home/alexander/Schreibtisch/ofa-v2/src/tools/result_audit.py:1446: ResourceWarning: unclosed file <_io.TextIOWrapper name='/home/alexander/Schreibtisch/ofa-v2/campaign3_blind/runs/C3_27b_MCP_seed5521/work/solution_level1_A.csv' mode='r' encoding='UTF-8'>
  rows = [r for r in _csv.reader(f.open())
ResourceWarning: Enable tracemalloc to get the object allocation traceback
/home/alexander/Schreibtisch/ofa-v2/src/tools/result_audit.py:1446: ResourceWarning: unclosed file <_io.TextIOWrapper name='/home/alexander/Schreibtisch/ofa-v2/campaign3_blind/runs/C3_27b_MCP_seed5521/work/solution_level1_B.csv' mode='r' encoding='UTF-8'>
  rows = [r for r in _csv.reader(f.open())
ResourceWarning: Enable tracemalloc to get the object allocation traceback
/home/alexander/Schreibtisch/ofa-v2/src/tools/result_audit.py:1446: ResourceWarning: unclosed file <_io.TextIOWrapper name='/home/alexander/Schreibtisch/ofa-v2/campaign3_blind/runs/C3_27b_MCP_seed5521/work/solution_level2_A.csv' mode='r' encoding='UTF-8'>
  rows = [r for r in _csv.reader(f.open())
ResourceWarning: Enable tracemalloc to get the object allocation traceback
/home/alexander/Schreibtisch/ofa-v2/src/tools/result_audit.py:1446: ResourceWarning: unclosed file <_io.TextIOWrapper name='/home/alexander/Schreibtisch/ofa-v2/campaign3_blind/runs/C3_27b_MCP_seed5521/work/solution_level2_B.csv' mode='r' encoding='UTF-8'>
  rows = [r for r in _csv.reader(f.open())
ResourceWarning: Enable tracemalloc to get the object allocation traceback
/home/alexander/Schreibtisch/ofa-v2/src/tools/result_audit.py:1446: ResourceWarning: unclosed file <_io.TextIOWrapper name='/home/alexander/Schreibtisch/ofa-v2/campaign3_blind/runs/C3_27b_MCP_seed5521/work/solution_level3_A.csv' mode='r' encoding='UTF-8'>
  rows = [r for r in _csv.reader(f.open())
ResourceWarning: Enable tracemalloc to get the object allocation traceback
/home/alexander/Schreibtisch/ofa-v2/src/tools/result_audit.py:1446: ResourceWarning: unclosed file <_io.TextIOWrapper name='/home/alexander/Schreibtisch/ofa-v2/campaign3_blind/runs/C3_27b_MCP_seed5521/work/solution_level3_B.csv' mode='r' encoding='UTF-8'>
  rows = [r for r in _csv.reader(f.open())
ResourceWarning: Enable tracemalloc to get the object allocation traceback
/home/alexander/Schreibtisch/ofa-v2/src/tools/result_audit.py:419: ResourceWarning: unclosed file <_io.TextIOWrapper name='/home/alexander/Schreibtisch/ofa-v2/campaign3_blind/runs/C3_27b_MCP_seed5521/work/residual_level1.csv' mode='r' encoding='UTF-8'>
  body = tuple(r[-1].strip() for r in _csv.reader(q.open()) if r)
ResourceWarning: Enable tracemalloc to get the object allocation traceback
/home/alexander/Schreibtisch/ofa-v2/src/tools/result_audit.py:419: ResourceWarning: unclosed file <_io.TextIOWrapper name='/home/alexander/Schreibtisch/ofa-v2/campaign3_blind/runs/C3_27b_MCP_seed5521/work/residual_level2.csv' mode='r' encoding='UTF-8'>
  body = tuple(r[-1].strip() for r in _csv.reader(q.open()) if r)
ResourceWarning: Enable tracemalloc to get the object allocation traceback
/home/alexander/Schreibtisch/ofa-v2/src/tools/result_audit.py:419: ResourceWarning: unclosed file <_io.TextIOWrapper name='/home/alexander/Schreibtisch/ofa-v2/campaign3_blind/runs/C3_27b_MCP_seed5521/work/residual_level3.csv' mode='r' encoding='UTF-8'>
  body = tuple(r[-1].strip() for r in _csv.reader(q.open()) if r)
ResourceWarning: Enable tracemalloc to get the object allocation traceback
/home/alexander/Schreibtisch/ofa-v2/src/tools/result_audit.py:534: ResourceWarning: unclosed file <_io.TextIOWrapper name='/home/alexander/Schreibtisch/ofa-v2/campaign3_blind/runs/C3_27b_MCP_seed5521/work/solution_level1_A.csv' mode='r' encoding='UTF-8'>
  rows = sum(1 for _ in open(sol0[0], errors="ignore")) - 1
ResourceWarning: Enable tracemalloc to get the object allocation traceback
/home/alexander/Schreibtisch/ofa-v2/src/tools/result_audit.py:1446: ResourceWarning: unclosed file <_io.TextIOWrapper name='/home/alexander/Schreibtisch/ofa-v2/campaign3_blind/runs/C3_27b_MCP_seed5521/work/solution_level1_A.csv' mode='r' encoding='UTF-8'>
  rows = [r for r in _csv.reader(f.open())
ResourceWarning: Enable tracemalloc to get the object allocation traceback
/home/alexander/Schreibtisch/ofa-v2/src/tools/result_audit.py:1446: ResourceWarning: unclosed file <_io.TextIOWrapper name='/home/alexander/Schreibtisch/ofa-v2/campaign3_blind/runs/C3_27b_MCP_seed5521/work/solution_level1_B.csv' mode='r' encoding='UTF-8'>
  rows = [r for r in _csv.reader(f.open())
ResourceWarning: Enable tracemalloc to get the object allocation traceback
/home/alexander/Schreibtisch/ofa-v2/src/tools/result_audit.py:1446: ResourceWarning: unclosed file <_io.TextIOWrapper name='/home/alexander/Schreibtisch/ofa-v2/campaign3_blind/runs/C3_27b_MCP_seed5521/work/solution_level2_A.csv' mode='r' encoding='UTF-8'>
  rows = [r for r in _csv.reader(f.open())
ResourceWarning: Enable tracemalloc to get the object allocation traceback
/home/alexander/Schreibtisch/ofa-v2/src/tools/result_audit.py:1446: ResourceWarning: unclosed file <_io.TextIOWrapper name='/home/alexander/Schreibtisch/ofa-v2/campaign3_blind/runs/C3_27b_MCP_seed5521/work/solution_level2_B.csv' mode='r' encoding='UTF-8'>
  rows = [r for r in _csv.reader(f.open())
ResourceWarning: Enable tracemalloc to get the object allocation traceback
/home/alexander/Schreibtisch/ofa-v2/src/tools/result_audit.py:1446: ResourceWarning: unclosed file <_io.TextIOWrapper name='/home/alexander/Schreibtisch/ofa-v2/campaign3_blind/runs/C3_27b_MCP_seed5521/work/solution_level3_A.csv' mode='r' encoding='UTF-8'>
  rows = [r for r in _csv.reader(f.open())
ResourceWarning: Enable tracemalloc to get the object allocation traceback
/home/alexander/Schreibtisch/ofa-v2/src/tools/result_audit.py:1446: ResourceWarning: unclosed file <_io.TextIOWrapper name='/home/alexander/Schreibtisch/ofa-v2/campaign3_blind/runs/C3_27b_MCP_seed5521/work/solution_level3_B.csv' mode='r' encoding='UTF-8'>
  rows = [r for r in _csv.reader(f.open())
ResourceWarning: Enable tracemalloc to get the object allocation traceback
/home/alexander/Schreibtisch/ofa-v2/src/tools/result_audit.py:419: ResourceWarning: unclosed file <_io.TextIOWrapper name='/home/alexander/Schreibtisch/ofa-v2/campaign3_blind/runs/C3_27b_MCP_seed5521/work/residual_level1.csv' mode='r' encoding='UTF-8'>
  body = tuple(r[-1].strip() for r in _csv.reader(q.open()) if r)
ResourceWarning: Enable tracemalloc to get the object allocation traceback
/home/alexander/Schreibtisch/ofa-v2/src/tools/result_audit.py:419: ResourceWarning: unclosed file <_io.TextIOWrapper name='/home/alexander/Schreibtisch/ofa-v2/campaign3_blind/runs/C3_27b_MCP_seed5521/work/residual_level2.csv' mode='r' encoding='UTF-8'>
  body = tuple(r[-1].strip() for r in _csv.reader(q.open()) if r)
ResourceWarning: Enable tracemalloc to get the object allocation traceback
/home/alexander/Schreibtisch/ofa-v2/src/tools/result_audit.py:419: ResourceWarning: unclosed file <_io.TextIOWrapper name='/home/alexander/Schreibtisch/ofa-v2/campaign3_blind/runs/C3_27b_MCP_seed5521/work/residual_level3.csv' mode='r' encoding='UTF-8'>
  body = tuple(r[-1].strip() for r in _csv.reader(q.open()) if r)
ResourceWarning: Enable tracemalloc to get the object allocation traceback
/home/alexander/Schreibtisch/ofa-v2/src/tools/result_audit.py:534: ResourceWarning: unclosed file <_io.TextIOWrapper name='/home/alexander/Schreibtisch/ofa-v2/campaign3_blind/runs/C3_27b_MCP_seed5521/work/solution_level1_A.csv' mode='r' encoding='UTF-8'>
  rows = sum(1 for _ in open(sol0[0], errors="ignore")) - 1
ResourceWarning: Enable tracemalloc to get the object allocation traceback
/home/alexander/Schreibtisch/ofa-v2/src/tools/result_audit.py:1446: ResourceWarning: unclosed file <_io.TextIOWrapper name='/home/alexander/Schreibtisch/ofa-v2/campaign3_blind/runs/C3_27b_MCP_seed5521/work/solution_level1_A.csv' mode='r' encoding='UTF-8'>
  rows = [r for r in _csv.reader(f.open())
ResourceWarning: Enable tracemalloc to get the object allocation traceback
/home/alexander/Schreibtisch/ofa-v2/src/tools/result_audit.py:1446: ResourceWarning: unclosed file <_io.TextIOWrapper name='/home/alexander/Schreibtisch/ofa-v2/campaign3_blind/runs/C3_27b_MCP_seed5521/work/solution_level1_B.csv' mode='r' encoding='UTF-8'>
  rows = [r for r in _csv.reader(f.open())
ResourceWarning: Enable tracemalloc to get the object allocation traceback
/home/alexander/Schreibtisch/ofa-v2/src/tools/result_audit.py:1446: ResourceWarning: unclosed file <_io.TextIOWrapper name='/home/alexander/Schreibtisch/ofa-v2/campaign3_blind/runs/C3_27b_MCP_seed5521/work/solution_level2_A.csv' mode='r' encoding='UTF-8'>
  rows = [r for r in _csv.reader(f.open())
ResourceWarning: Enable tracemalloc to get the object allocation traceback
/home/alexander/Schreibtisch/ofa-v2/src/tools/result_audit.py:1446: ResourceWarning: unclosed file <_io.TextIOWrapper name='/home/alexander/Schreibtisch/ofa-v2/campaign3_blind/runs/C3_27b_MCP_seed5521/work/solution_level2_B.csv' mode='r' encoding='UTF-8'>
  rows = [r for r in _csv.reader(f.open())
ResourceWarning: Enable tracemalloc to get the object allocation traceback
/home/alexander/Schreibtisch/ofa-v2/src/tools/result_audit.py:1446: ResourceWarning: unclosed file <_io.TextIOWrapper name='/home/alexander/Schreibtisch/ofa-v2/campaign3_blind/runs/C3_27b_MCP_seed5521/work/solution_level3_A.csv' mode='r' encoding='UTF-8'>
  rows = [r for r in _csv.reader(f.open())
ResourceWarning: Enable tracemalloc to get the object allocation traceback
/home/alexander/Schreibtisch/ofa-v2/src/tools/result_audit.py:1446: ResourceWarning: unclosed file <_io.TextIOWrapper name='/home/alexander/Schreibtisch/ofa-v2/campaign3_blind/runs/C3_27b_MCP_seed5521/work/solution_level3_B.csv' mode='r' encoding='UTF-8'>
  rows = [r for r in _csv.reader(f.open())
ResourceWarning: Enable tracemalloc to get the object allocation traceback
/home/alexander/Schreibtisch/ofa-v2/src/tools/result_audit.py:419: ResourceWarning: unclosed file <_io.TextIOWrapper name='/home/alexander/Schreibtisch/ofa-v2/campaign3_blind/runs/C3_27b_MCP_seed5521/work/residual_level1.csv' mode='r' encoding='UTF-8'>
  body = tuple(r[-1].strip() for r in _csv.reader(q.open()) if r)
ResourceWarning: Enable tracemalloc to get the object allocation traceback
/home/alexander/Schreibtisch/ofa-v2/src/tools/result_audit.py:419: ResourceWarning: unclosed file <_io.TextIOWrapper name='/home/alexander/Schreibtisch/ofa-v2/campaign3_blind/runs/C3_27b_MCP_seed5521/work/residual_level2.csv' mode='r' encoding='UTF-8'>
  body = tuple(r[-1].strip() for r in _csv.reader(q.open()) if r)
ResourceWarning: Enable tracemalloc to get the object allocation traceback
/home/alexander/Schreibtisch/ofa-v2/src/tools/result_audit.py:419: ResourceWarning: unclosed file <_io.TextIOWrapper name='/home/alexander/Schreibtisch/ofa-v2/campaign3_blind/runs/C3_27b_MCP_seed5521/work/residual_level3.csv' mode='r' encoding='UTF-8'>
  body = tuple(r[-1].strip() for r in _csv.reader(q.open()) if r)
ResourceWarning: Enable tracemalloc to get the object allocation traceback
/home/alexander/Schreibtisch/ofa-v2/src/tools/result_audit.py:534: ResourceWarning: unclosed file <_io.TextIOWrapper name='/home/alexander/Schreibtisch/ofa-v2/campaign3_blind/runs/C3_27b_MCP_seed5521/work/solution_level1_A.csv' mode='r' encoding='UTF-8'>
  rows = sum(1 for _ in open(sol0[0], errors="ignore")) - 1
ResourceWarning: Enable tracemalloc to get the object allocation traceback
/home/alexander/Schreibtisch/ofa-v2/src/tools/result_audit.py:1446: ResourceWarning: unclosed file <_io.TextIOWrapper name='/home/alexander/Schreibtisch/ofa-v2/campaign3_blind/runs/C3_27b_MCP_seed5521/work/solution_level1_A.csv' mode='r' encoding='UTF-8'>
  rows = [r for r in _csv.reader(f.open())
ResourceWarning: Enable tracemalloc to get the object allocation traceback
/home/alexander/Schreibtisch/ofa-v2/src/tools/result_audit.py:1446: ResourceWarning: unclosed file <_io.TextIOWrapper name='/home/alexander/Schreibtisch/ofa-v2/campaign3_blind/runs/C3_27b_MCP_seed5521/work/solution_level1_B.csv' mode='r' encoding='UTF-8'>
  rows = [r for r in _csv.reader(f.open())
ResourceWarning: Enable tracemalloc to get the object allocation traceback
/home/alexander/Schreibtisch/ofa-v2/src/tools/result_audit.py:1446: ResourceWarning: unclosed file <_io.TextIOWrapper name='/home/alexander/Schreibtisch/ofa-v2/campaign3_blind/runs/C3_27b_MCP_seed5521/work/solution_level2_A.csv' mode='r' encoding='UTF-8'>
  rows = [r for r in _csv.reader(f.open())
ResourceWarning: Enable tracemalloc to get the object allocation traceback
/home/alexander/Schreibtisch/ofa-v2/src/tools/result_audit.py:1446: ResourceWarning: unclosed file <_io.TextIOWrapper name='/home/alexander/Schreibtisch/ofa-v2/campaign3_blind/runs/C3_27b_MCP_seed5521/work/solution_level2_B.csv' mode='r' encoding='UTF-8'>
  rows = [r for r in _csv.reader(f.open())
ResourceWarning: Enable tracemalloc to get the object allocation traceback
/home/alexander/Schreibtisch/ofa-v2/src/tools/result_audit.py:1446: ResourceWarning: unclosed file <_io.TextIOWrapper name='/home/alexander/Schreibtisch/ofa-v2/campaign3_blind/runs/C3_27b_MCP_seed5521/work/solution_level3_A.csv' mode='r' encoding='UTF-8'>
  rows = [r for r in _csv.reader(f.open())
ResourceWarning: Enable tracemalloc to get the object allocation traceback
/home/alexander/Schreibtisch/ofa-v2/src/tools/result_audit.py:1446: ResourceWarning: unclosed file <_io.TextIOWrapper name='/home/alexander/Schreibtisch/ofa-v2/campaign3_blind/runs/C3_27b_MCP_seed5521/work/solution_level3_B.csv' mode='r' encoding='UTF-8'>
  rows = [r for r in _csv.reader(f.open())
ResourceWarning: Enable tracemalloc to get the object allocation traceback
/home/alexander/Schreibtisch/ofa-v2/src/tools/result_audit.py:419: ResourceWarning: unclosed file <_io.TextIOWrapper name='/home/alexander/Schreibtisch/ofa-v2/campaign3_blind/runs/C3_27b_MCP_seed5521/work/residual_level1.csv' mode='r' encoding='UTF-8'>
  body = tuple(r[-1].strip() for r in _csv.reader(q.open()) if r)
ResourceWarning: Enable tracemalloc to get the object allocation traceback
/home/alexander/Schreibtisch/ofa-v2/src/tools/result_audit.py:419: ResourceWarning: unclosed file <_io.TextIOWrapper name='/home/alexander/Schreibtisch/ofa-v2/campaign3_blind/runs/C3_27b_MCP_seed5521/work/residual_level2.csv' mode='r' encoding='UTF-8'>
  body = tuple(r[-1].strip() for r in _csv.reader(q.open()) if r)
ResourceWarning: Enable tracemalloc to get the object allocation traceback
/home/alexander/Schreibtisch/ofa-v2/src/tools/result_audit.py:419: ResourceWarning: unclosed file <_io.TextIOWrapper name='/home/alexander/Schreibtisch/ofa-v2/campaign3_blind/runs/C3_27b_MCP_seed5521/work/residual_level3.csv' mode='r' encoding='UTF-8'>
  body = tuple(r[-1].strip() for r in _csv.reader(q.open()) if r)
ResourceWarning: Enable tracemalloc to get the object allocation traceback
/home/alexander/Schreibtisch/ofa-v2/src/tools/result_audit.py:534: ResourceWarning: unclosed file <_io.TextIOWrapper name='/home/alexander/Schreibtisch/ofa-v2/campaign3_blind/runs/C3_27b_MCP_seed5521/work/solution_level1_A.csv' mode='r' encoding='UTF-8'>
  rows = sum(1 for _ in open(sol0[0], errors="ignore")) - 1
ResourceWarning: Enable tracemalloc to get the object allocation traceback
/home/alexander/Schreibtisch/ofa-v2/src/tools/result_audit.py:1446: ResourceWarning: unclosed file <_io.TextIOWrapper name='/home/alexander/Schreibtisch/ofa-v2/campaign3_blind/runs/C3_27b_MCP_seed5521/work/solution_level1_A.csv' mode='r' encoding='UTF-8'>
  rows = [r for r in _csv.reader(f.open())
ResourceWarning: Enable tracemalloc to get the object allocation traceback
/home/alexander/Schreibtisch/ofa-v2/src/tools/result_audit.py:1446: ResourceWarning: unclosed file <_io.TextIOWrapper name='/home/alexander/Schreibtisch/ofa-v2/campaign3_blind/runs/C3_27b_MCP_seed5521/work/solution_level1_B.csv' mode='r' encoding='UTF-8'>
  rows = [r for r in _csv.reader(f.open())
ResourceWarning: Enable tracemalloc to get the object allocation traceback
/home/alexander/Schreibtisch/ofa-v2/src/tools/result_audit.py:1446: ResourceWarning: unclosed file <_io.TextIOWrapper name='/home/alexander/Schreibtisch/ofa-v2/campaign3_blind/runs/C3_27b_MCP_seed5521/work/solution_level2_A.csv' mode='r' encoding='UTF-8'>
  rows = [r for r in _csv.reader(f.open())
ResourceWarning: Enable tracemalloc to get the object allocation traceback
/home/alexander/Schreibtisch/ofa-v2/src/tools/result_audit.py:1446: ResourceWarning: unclosed file <_io.TextIOWrapper name='/home/alexander/Schreibtisch/ofa-v2/campaign3_blind/runs/C3_27b_MCP_seed5521/work/solution_level2_B.csv' mode='r' encoding='UTF-8'>
  rows = [r for r in _csv.reader(f.open())
ResourceWarning: Enable tracemalloc to get the object allocation traceback
/home/alexander/Schreibtisch/ofa-v2/src/tools/result_audit.py:1446: ResourceWarning: unclosed file <_io.TextIOWrapper name='/home/alexander/Schreibtisch/ofa-v2/campaign3_blind/runs/C3_27b_MCP_seed5521/work/solution_level3_A.csv' mode='r' encoding='UTF-8'>
  rows = [r for r in _csv.reader(f.open())
ResourceWarning: Enable tracemalloc to get the object allocation traceback
/home/alexander/Schreibtisch/ofa-v2/src/tools/result_audit.py:1446: ResourceWarning: unclosed file <_io.TextIOWrapper name='/home/alexander/Schreibtisch/ofa-v2/campaign3_blind/runs/C3_27b_MCP_seed5521/work/solution_level3_B.csv' mode='r' encoding='UTF-8'>
  rows = [r for r in _csv.reader(f.open())
ResourceWarning: Enable tracemalloc to get the object allocation traceback
/home/alexander/Schreibtisch/ofa-v2/src/tools/result_audit.py:419: ResourceWarning: unclosed file <_io.TextIOWrapper name='/home/alexander/Schreibtisch/ofa-v2/campaign3_blind/runs/C3_27b_MCP_seed5521/work/residual_level1.csv' mode='r' encoding='UTF-8'>
  body = tuple(r[-1].strip() for r in _csv.reader(q.open()) if r)
ResourceWarning: Enable tracemalloc to get the object allocation traceback
/home/alexander/Schreibtisch/ofa-v2/src/tools/result_audit.py:419: ResourceWarning: unclosed file <_io.TextIOWrapper name='/home/alexander/Schreibtisch/ofa-v2/campaign3_blind/runs/C3_27b_MCP_seed5521/work/residual_level2.csv' mode='r' encoding='UTF-8'>
  body = tuple(r[-1].strip() for r in _csv.reader(q.open()) if r)
ResourceWarning: Enable tracemalloc to get the object allocation traceback
/home/alexander/Schreibtisch/ofa-v2/src/tools/result_audit.py:419: ResourceWarning: unclosed file <_io.TextIOWrapper name='/home/alexander/Schreibtisch/ofa-v2/campaign3_blind/runs/C3_27b_MCP_seed5521/work/residual_level3.csv' mode='r' encoding='UTF-8'>
  body = tuple(r[-1].strip() for r in _csv.reader(q.open()) if r)
ResourceWarning: Enable tracemalloc to get the object allocation traceback
/home/alexander/Schreibtisch/ofa-v2/src/tools/result_audit.py:534: ResourceWarning: unclosed file <_io.TextIOWrapper name='/home/alexander/Schreibtisch/ofa-v2/campaign3_blind/runs/C3_27b_MCP_seed5521/work/solution_level1_A.csv' mode='r' encoding='UTF-8'>
  rows = sum(1 for _ in open(sol0[0], errors="ignore")) - 1
ResourceWarning: Enable tracemalloc to get the object allocation traceback
/home/alexander/Schreibtisch/ofa-v2/src/tools/result_audit.py:1446: ResourceWarning: unclosed file <_io.TextIOWrapper name='/home/alexander/Schreibtisch/ofa-v2/campaign3_blind/runs/C3_27b_MCP_seed5521/work/solution_level1_A.csv' mode='r' encoding='UTF-8'>
  rows = [r for r in _csv.reader(f.open())
ResourceWarning: Enable tracemalloc to get the object allocation traceback
/home/alexander/Schreibtisch/ofa-v2/src/tools/result_audit.py:1446: ResourceWarning: unclosed file <_io.TextIOWrapper name='/home/alexander/Schreibtisch/ofa-v2/campaign3_blind/runs/C3_27b_MCP_seed5521/work/solution_level1_B.csv' mode='r' encoding='UTF-8'>
  rows = [r for r in _csv.reader(f.open())
ResourceWarning: Enable tracemalloc to get the object allocation traceback
/home/alexander/Schreibtisch/ofa-v2/src/tools/result_audit.py:1446: ResourceWarning: unclosed file <_io.TextIOWrapper name='/home/alexander/Schreibtisch/ofa-v2/campaign3_blind/runs/C3_27b_MCP_seed5521/work/solution_level2_A.csv' mode='r' encoding='UTF-8'>
  rows = [r for r in _csv.reader(f.open())
ResourceWarning: Enable tracemalloc to get the object allocation traceback
/home/alexander/Schreibtisch/ofa-v2/src/tools/result_audit.py:1446: ResourceWarning: unclosed file <_io.TextIOWrapper name='/home/alexander/Schreibtisch/ofa-v2/campaign3_blind/runs/C3_27b_MCP_seed5521/work/solution_level2_B.csv' mode='r' encoding='UTF-8'>
  rows = [r for r in _csv.reader(f.open())
ResourceWarning: Enable tracemalloc to get the object allocation traceback
/home/alexander/Schreibtisch/ofa-v2/src/tools/result_audit.py:1446: ResourceWarning: unclosed file <_io.TextIOWrapper name='/home/alexander/Schreibtisch/ofa-v2/campaign3_blind/runs/C3_27b_MCP_seed5521/work/solution_level3_A.csv' mode='r' encoding='UTF-8'>
  rows = [r for r in _csv.reader(f.open())
ResourceWarning: Enable tracemalloc to get the object allocation traceback
/home/alexander/Schreibtisch/ofa-v2/src/tools/result_audit.py:1446: ResourceWarning: unclosed file <_io.TextIOWrapper name='/home/alexander/Schreibtisch/ofa-v2/campaign3_blind/runs/C3_27b_MCP_seed5521/work/solution_level3_B.csv' mode='r' encoding='UTF-8'>
  rows = [r for r in _csv.reader(f.open())
ResourceWarning: Enable tracemalloc to get the object allocation traceback
/home/alexander/Schreibtisch/ofa-v2/src/tools/result_audit.py:419: ResourceWarning: unclosed file <_io.TextIOWrapper name='/home/alexander/Schreibtisch/ofa-v2/campaign3_blind/runs/C3_27b_MCP_seed5521/work/residual_level1.csv' mode='r' encoding='UTF-8'>
  body = tuple(r[-1].strip() for r in _csv.reader(q.open()) if r)
ResourceWarning: Enable tracemalloc to get the object allocation traceback
/home/alexander/Schreibtisch/ofa-v2/src/tools/result_audit.py:419: ResourceWarning: unclosed file <_io.TextIOWrapper name='/home/alexander/Schreibtisch/ofa-v2/campaign3_blind/runs/C3_27b_MCP_seed5521/work/residual_level2.csv' mode='r' encoding='UTF-8'>
  body = tuple(r[-1].strip() for r in _csv.reader(q.open()) if r)
ResourceWarning: Enable tracemalloc to get the object allocation traceback
/home/alexander/Schreibtisch/ofa-v2/src/tools/result_audit.py:419: ResourceWarning: unclosed file <_io.TextIOWrapper name='/home/alexander/Schreibtisch/ofa-v2/campaign3_blind/runs/C3_27b_MCP_seed5521/work/residual_level3.csv' mode='r' encoding='UTF-8'>
  body = tuple(r[-1].strip() for r in _csv.reader(q.open()) if r)
ResourceWarning: Enable tracemalloc to get the object allocation traceback
/home/alexander/Schreibtisch/ofa-v2/src/tools/result_audit.py:534: ResourceWarning: unclosed file <_io.TextIOWrapper name='/home/alexander/Schreibtisch/ofa-v2/campaign3_blind/runs/C3_27b_MCP_seed5521/work/solution_level1_A.csv' mode='r' encoding='UTF-8'>
  rows = sum(1 for _ in open(sol0[0], errors="ignore")) - 1
ResourceWarning: Enable tracemalloc to get the object allocation traceback
/home/alexander/Schreibtisch/ofa-v2/src/tools/result_audit.py:1446: ResourceWarning: unclosed file <_io.TextIOWrapper name='/home/alexander/Schreibtisch/ofa-v2/campaign3_blind/runs/C3_27b_MCP_seed5521/work/solution_level1_A.csv' mode='r' encoding='UTF-8'>
  rows = [r for r in _csv.reader(f.open())
ResourceWarning: Enable tracemalloc to get the object allocation traceback
/home/alexander/Schreibtisch/ofa-v2/src/tools/result_audit.py:1446: ResourceWarning: unclosed file <_io.TextIOWrapper name='/home/alexander/Schreibtisch/ofa-v2/campaign3_blind/runs/C3_27b_MCP_seed5521/work/solution_level1_B.csv' mode='r' encoding='UTF-8'>
  rows = [r for r in _csv.reader(f.open())
ResourceWarning: Enable tracemalloc to get the object allocation traceback
/home/alexander/Schreibtisch/ofa-v2/src/tools/result_audit.py:1446: ResourceWarning: unclosed file <_io.TextIOWrapper name='/home/alexander/Schreibtisch/ofa-v2/campaign3_blind/runs/C3_27b_MCP_seed5521/work/solution_level2_A.csv' mode='r' encoding='UTF-8'>
  rows = [r for r in _csv.reader(f.open())
ResourceWarning: Enable tracemalloc to get the object allocation traceback
/home/alexander/Schreibtisch/ofa-v2/src/tools/result_audit.py:1446: ResourceWarning: unclosed file <_io.TextIOWrapper name='/home/alexander/Schreibtisch/ofa-v2/campaign3_blind/runs/C3_27b_MCP_seed5521/work/solution_level2_B.csv' mode='r' encoding='UTF-8'>
  rows = [r for r in _csv.reader(f.open())
ResourceWarning: Enable tracemalloc to get the object allocation traceback
/home/alexander/Schreibtisch/ofa-v2/src/tools/result_audit.py:1446: ResourceWarning: unclosed file <_io.TextIOWrapper name='/home/alexander/Schreibtisch/ofa-v2/campaign3_blind/runs/C3_27b_MCP_seed5521/work/solution_level3_A.csv' mode='r' encoding='UTF-8'>
  rows = [r for r in _csv.reader(f.open())
ResourceWarning: Enable tracemalloc to get the object allocation traceback
/home/alexander/Schreibtisch/ofa-v2/src/tools/result_audit.py:1446: ResourceWarning: unclosed file <_io.TextIOWrapper name='/home/alexander/Schreibtisch/ofa-v2/campaign3_blind/runs/C3_27b_MCP_seed5521/work/solution_level3_B.csv' mode='r' encoding='UTF-8'>
  rows = [r for r in _csv.reader(f.open())
ResourceWarning: Enable tracemalloc to get the object allocation traceback
/home/alexander/Schreibtisch/ofa-v2/src/tools/result_audit.py:419: ResourceWarning: unclosed file <_io.TextIOWrapper name='/home/alexander/Schreibtisch/ofa-v2/campaign3_blind/runs/C3_27b_MCP_seed5521/work/residual_level1.csv' mode='r' encoding='UTF-8'>
  body = tuple(r[-1].strip() for r in _csv.reader(q.open()) if r)
ResourceWarning: Enable tracemalloc to get the object allocation traceback
/home/alexander/Schreibtisch/ofa-v2/src/tools/result_audit.py:419: ResourceWarning: unclosed file <_io.TextIOWrapper name='/home/alexander/Schreibtisch/ofa-v2/campaign3_blind/runs/C3_27b_MCP_seed5521/work/residual_level2.csv' mode='r' encoding='UTF-8'>
  body = tuple(r[-1].strip() for r in _csv.reader(q.open()) if r)
ResourceWarning: Enable tracemalloc to get the object allocation traceback
/home/alexander/Schreibtisch/ofa-v2/src/tools/result_audit.py:419: ResourceWarning: unclosed file <_io.TextIOWrapper name='/home/alexander/Schreibtisch/ofa-v2/campaign3_blind/runs/C3_27b_MCP_seed5521/work/residual_level3.csv' mode='r' encoding='UTF-8'>
  body = tuple(r[-1].strip() for r in _csv.reader(q.open()) if r)
ResourceWarning: Enable tracemalloc to get the object allocation traceback
/home/alexander/Schreibtisch/ofa-v2/src/tools/result_audit.py:534: ResourceWarning: unclosed file <_io.TextIOWrapper name='/home/alexander/Schreibtisch/ofa-v2/campaign3_blind/runs/C3_27b_MCP_seed5521/work/solution_level1_A.csv' mode='r' encoding='UTF-8'>
  rows = sum(1 for _ in open(sol0[0], errors="ignore")) - 1
ResourceWarning: Enable tracemalloc to get the object allocation traceback
/home/alexander/Schreibtisch/ofa-v2/src/tools/result_audit.py:1446: ResourceWarning: unclosed file <_io.TextIOWrapper name='/home/alexander/Schreibtisch/ofa-v2/campaign3_blind/runs/C3_27b_MCP_seed5521/work/solution_level1_A.csv' mode='r' encoding='UTF-8'>
  rows = [r for r in _csv.reader(f.open())
ResourceWarning: Enable tracemalloc to get the object allocation traceback
/home/alexander/Schreibtisch/ofa-v2/src/tools/result_audit.py:1446: ResourceWarning: unclosed file <_io.TextIOWrapper name='/home/alexander/Schreibtisch/ofa-v2/campaign3_blind/runs/C3_27b_MCP_seed5521/work/solution_level1_B.csv' mode='r' encoding='UTF-8'>
  rows = [r for r in _csv.reader(f.open())
ResourceWarning: Enable tracemalloc to get the object allocation traceback
/home/alexander/Schreibtisch/ofa-v2/src/tools/result_audit.py:1446: ResourceWarning: unclosed file <_io.TextIOWrapper name='/home/alexander/Schreibtisch/ofa-v2/campaign3_blind/runs/C3_27b_MCP_seed5521/work/solution_level2_A.csv' mode='r' encoding='UTF-8'>
  rows = [r for r in _csv.reader(f.open())
ResourceWarning: Enable tracemalloc to get the object allocation traceback
/home/alexander/Schreibtisch/ofa-v2/src/tools/result_audit.py:1446: ResourceWarning: unclosed file <_io.TextIOWrapper name='/home/alexander/Schreibtisch/ofa-v2/campaign3_blind/runs/C3_27b_MCP_seed5521/work/solution_level2_B.csv' mode='r' encoding='UTF-8'>
  rows = [r for r in _csv.reader(f.open())
ResourceWarning: Enable tracemalloc to get the object allocation traceback
/home/alexander/Schreibtisch/ofa-v2/src/tools/result_audit.py:1446: ResourceWarning: unclosed file <_io.TextIOWrapper name='/home/alexander/Schreibtisch/ofa-v2/campaign3_blind/runs/C3_27b_MCP_seed5521/work/solution_level3_A.csv' mode='r' encoding='UTF-8'>
  rows = [r for r in _csv.reader(f.open())
ResourceWarning: Enable tracemalloc to get the object allocation traceback
/home/alexander/Schreibtisch/ofa-v2/src/tools/result_audit.py:1446: ResourceWarning: unclosed file <_io.TextIOWrapper name='/home/alexander/Schreibtisch/ofa-v2/campaign3_blind/runs/C3_27b_MCP_seed5521/work/solution_level3_B.csv' mode='r' encoding='UTF-8'>
  rows = [r for r in _csv.reader(f.open())
ResourceWarning: Enable tracemalloc to get the object allocation traceback
/home/alexander/Schreibtisch/ofa-v2/src/tools/result_audit.py:419: ResourceWarning: unclosed file <_io.TextIOWrapper name='/home/alexander/Schreibtisch/ofa-v2/campaign3_blind/runs/C3_27b_MCP_seed5521/work/residual_level1.csv' mode='r' encoding='UTF-8'>
  body = tuple(r[-1].strip() for r in _csv.reader(q.open()) if r)
ResourceWarning: Enable tracemalloc to get the object allocation traceback
/home/alexander/Schreibtisch/ofa-v2/src/tools/result_audit.py:419: ResourceWarning: unclosed file <_io.TextIOWrapper name='/home/alexander/Schreibtisch/ofa-v2/campaign3_blind/runs/C3_27b_MCP_seed5521/work/residual_level2.csv' mode='r' encoding='UTF-8'>
  body = tuple(r[-1].strip() for r in _csv.reader(q.open()) if r)
ResourceWarning: Enable tracemalloc to get the object allocation traceback
/home/alexander/Schreibtisch/ofa-v2/src/tools/result_audit.py:419: ResourceWarning: unclosed file <_io.TextIOWrapper name='/home/alexander/Schreibtisch/ofa-v2/campaign3_blind/runs/C3_27b_MCP_seed5521/work/residual_level3.csv' mode='r' encoding='UTF-8'>
  body = tuple(r[-1].strip() for r in _csv.reader(q.open()) if r)
ResourceWarning: Enable tracemalloc to get the object allocation traceback
/home/alexander/Schreibtisch/ofa-v2/src/tools/result_audit.py:534: ResourceWarning: unclosed file <_io.TextIOWrapper name='/home/alexander/Schreibtisch/ofa-v2/campaign3_blind/runs/C3_27b_MCP_seed5521/work/solution_level1_A.csv' mode='r' encoding='UTF-8'>
  rows = sum(1 for _ in open(sol0[0], errors="ignore")) - 1
ResourceWarning: Enable tracemalloc to get the object allocation traceback
/home/alexander/Schreibtisch/ofa-v2/src/tools/result_audit.py:1446: ResourceWarning: unclosed file <_io.TextIOWrapper name='/home/alexander/Schreibtisch/ofa-v2/campaign3_blind/runs/C3_27b_MCP_seed5521/work/solution_level1_A.csv' mode='r' encoding='UTF-8'>
  rows = [r for r in _csv.reader(f.open())
ResourceWarning: Enable tracemalloc to get the object allocation traceback
/home/alexander/Schreibtisch/ofa-v2/src/tools/result_audit.py:1446: ResourceWarning: unclosed file <_io.TextIOWrapper name='/home/alexander/Schreibtisch/ofa-v2/campaign3_blind/runs/C3_27b_MCP_seed5521/work/solution_level1_B.csv' mode='r' encoding='UTF-8'>
  rows = [r for r in _csv.reader(f.open())
ResourceWarning: Enable tracemalloc to get the object allocation traceback
/home/alexander/Schreibtisch/ofa-v2/src/tools/result_audit.py:1446: ResourceWarning: unclosed file <_io.TextIOWrapper name='/home/alexander/Schreibtisch/ofa-v2/campaign3_blind/runs/C3_27b_MCP_seed5521/work/solution_level2_A.csv' mode='r' encoding='UTF-8'>
  rows = [r for r in _csv.reader(f.open())
ResourceWarning: Enable tracemalloc to get the object allocation traceback
/home/alexander/Schreibtisch/ofa-v2/src/tools/result_audit.py:1446: ResourceWarning: unclosed file <_io.TextIOWrapper name='/home/alexander/Schreibtisch/ofa-v2/campaign3_blind/runs/C3_27b_MCP_seed5521/work/solution_level2_B.csv' mode='r' encoding='UTF-8'>
  rows = [r for r in _csv.reader(f.open())
ResourceWarning: Enable tracemalloc to get the object allocation traceback
/home/alexander/Schreibtisch/ofa-v2/src/tools/result_audit.py:1446: ResourceWarning: unclosed file <_io.TextIOWrapper name='/home/alexander/Schreibtisch/ofa-v2/campaign3_blind/runs/C3_27b_MCP_seed5521/work/solution_level3_A.csv' mode='r' encoding='UTF-8'>
  rows = [r for r in _csv.reader(f.open())
ResourceWarning: Enable tracemalloc to get the object allocation traceback
/home/alexander/Schreibtisch/ofa-v2/src/tools/result_audit.py:1446: ResourceWarning: unclosed file <_io.TextIOWrapper name='/home/alexander/Schreibtisch/ofa-v2/campaign3_blind/runs/C3_27b_MCP_seed5521/work/solution_level3_B.csv' mode='r' encoding='UTF-8'>
  rows = [r for r in _csv.reader(f.open())
ResourceWarning: Enable tracemalloc to get the object allocation traceback
/home/alexander/Schreibtisch/ofa-v2/src/tools/result_audit.py:419: ResourceWarning: unclosed file <_io.TextIOWrapper name='/home/alexander/Schreibtisch/ofa-v2/campaign3_blind/runs/C3_27b_MCP_seed5521/work/residual_level1.csv' mode='r' encoding='UTF-8'>
  body = tuple(r[-1].strip() for r in _csv.reader(q.open()) if r)
ResourceWarning: Enable tracemalloc to get the object allocation traceback
/home/alexander/Schreibtisch/ofa-v2/src/tools/result_audit.py:419: ResourceWarning: unclosed file <_io.TextIOWrapper name='/home/alexander/Schreibtisch/ofa-v2/campaign3_blind/runs/C3_27b_MCP_seed5521/work/residual_level2.csv' mode='r' encoding='UTF-8'>
  body = tuple(r[-1].strip() for r in _csv.reader(q.open()) if r)
ResourceWarning: Enable tracemalloc to get the object allocation traceback
/home/alexander/Schreibtisch/ofa-v2/src/tools/result_audit.py:419: ResourceWarning: unclosed file <_io.TextIOWrapper name='/home/alexander/Schreibtisch/ofa-v2/campaign3_blind/runs/C3_27b_MCP_seed5521/work/residual_level3.csv' mode='r' encoding='UTF-8'>
  body = tuple(r[-1].strip() for r in _csv.reader(q.open()) if r)
ResourceWarning: Enable tracemalloc to get the object allocation traceback
/home/alexander/Schreibtisch/ofa-v2/src/tools/result_audit.py:534: ResourceWarning: unclosed file <_io.TextIOWrapper name='/home/alexander/Schreibtisch/ofa-v2/campaign3_blind/runs/C3_27b_MCP_seed5521/work/solution_level1_A.csv' mode='r' encoding='UTF-8'>
  rows = sum(1 for _ in open(sol0[0], errors="ignore")) - 1
ResourceWarning: Enable tracemalloc to get the object allocation traceback
/home/alexander/Schreibtisch/ofa-v2/src/tools/result_audit.py:1446: ResourceWarning: unclosed file <_io.TextIOWrapper name='/home/alexander/Schreibtisch/ofa-v2/campaign3_blind/runs/C3_27b_MCP_seed5521/work/solution_level1_A.csv' mode='r' encoding='UTF-8'>
  rows = [r for r in _csv.reader(f.open())
ResourceWarning: Enable tracemalloc to get the object allocation traceback
/home/alexander/Schreibtisch/ofa-v2/src/tools/result_audit.py:1446: ResourceWarning: unclosed file <_io.TextIOWrapper name='/home/alexander/Schreibtisch/ofa-v2/campaign3_blind/runs/C3_27b_MCP_seed5521/work/solution_level1_B.csv' mode='r' encoding='UTF-8'>
  rows = [r for r in _csv.reader(f.open())
ResourceWarning: Enable tracemalloc to get the object allocation traceback
/home/alexander/Schreibtisch/ofa-v2/src/tools/result_audit.py:1446: ResourceWarning: unclosed file <_io.TextIOWrapper name='/home/alexander/Schreibtisch/ofa-v2/campaign3_blind/runs/C3_27b_MCP_seed5521/work/solution_level2_A.csv' mode='r' encoding='UTF-8'>
  rows = [r for r in _csv.reader(f.open())
ResourceWarning: Enable tracemalloc to get the object allocation traceback
/home/alexander/Schreibtisch/ofa-v2/src/tools/result_audit.py:1446: ResourceWarning: unclosed file <_io.TextIOWrapper name='/home/alexander/Schreibtisch/ofa-v2/campaign3_blind/runs/C3_27b_MCP_seed5521/work/solution_level2_B.csv' mode='r' encoding='UTF-8'>
  rows = [r for r in _csv.reader(f.open())
ResourceWarning: Enable tracemalloc to get the object allocation traceback
/home/alexander/Schreibtisch/ofa-v2/src/tools/result_audit.py:1446: ResourceWarning: unclosed file <_io.TextIOWrapper name='/home/alexander/Schreibtisch/ofa-v2/campaign3_blind/runs/C3_27b_MCP_seed5521/work/solution_level3_A.csv' mode='r' encoding='UTF-8'>
  rows = [r for r in _csv.reader(f.open())
ResourceWarning: Enable tracemalloc to get the object allocation traceback
/home/alexander/Schreibtisch/ofa-v2/src/tools/result_audit.py:1446: ResourceWarning: unclosed file <_io.TextIOWrapper name='/home/alexander/Schreibtisch/ofa-v2/campaign3_blind/runs/C3_27b_MCP_seed5521/work/solution_level3_B.csv' mode='r' encoding='UTF-8'>
  rows = [r for r in _csv.reader(f.open())
ResourceWarning: Enable tracemalloc to get the object allocation traceback
2026-09-08 15:17:42,484 [oasis] INFO: Session journal saved: /tmp/oasis-source/data/sessions/session_0a74be71-72cc-4a13-9b6e-3dea9406557d.json (6 events)
[preflight] custody controls verified for 1 problem(s); keys sealed and unreadable by execution
[phase: development] results are for post-mortems and convergence checking, NOT for the paper's evaluation table.
[DUNE cache] sha256=dc2d5b8ff2ebf98e... (neutral, private copy per cell)
[C3 27b MCP s5521] done  calls=67 tok=7599943/49668 2299.3s
/home/alexander/.local/share/python/cpython-3.12.13-linux-x86_64-gnu/lib/python3.12/asyncio/selector_events.py:879: ResourceWarning: unclosed transport <_SelectorSocketTransport fd=9>
<<< C3 seed 5521 done 2026-09-08 15:17:43
>>> C3 MCP complete 2026-09-08 15:17:43
>>> C3 MCP seeds 5531 5532 5533  start 2026-09-08 16:39:31
[source build] 496bc009f3c4 sha256=bad0dfe2779d79bd... (immutable)
[source build] 496bc009f3c4 sha256=bad0dfe2779d79bd... (immutable)
[source build] 496bc009f3c4 sha256=bad0dfe2779d79bd... (immutable)
2026-09-08 16:40:05,325 [oasis.registry] INFO: Loaded discovered config: 5 backends
2026-09-08 16:40:05,338 [oasis.registry] INFO: Registered backend: 4C Multiphysics (fourc)
2026-09-08 16:40:05,343 [oasis.registry] INFO: Registered backend: FEniCSx (dolfinx) (fenics)
2026-09-08 16:40:05,349 [oasis.registry] INFO: Registered backend: deal.II (dealii)
2026-09-08 16:40:05,373 [oasis.registry] INFO: Registered backend: FEBio (febio)
2026-09-08 16:40:05,386 [oasis.registry] INFO: Registered backend: NGSolve (ngsolve)
2026-09-08 16:40:05,386 [oasis.ngsolve] INFO: NGSolve backend registered
2026-09-08 16:40:05,400 [oasis.registry] INFO: Registered backend: scikit-fem (skfem)
2026-09-08 16:40:05,400 [oasis.skfem] INFO: scikit-fem backend registered
2026-09-08 16:40:05,421 [oasis.registry] INFO: Registered backend: Kratos Multiphysics (kratos)
2026-09-08 16:40:05,421 [oasis.kratos] INFO: Kratos Multiphysics backend registered
2026-09-08 16:40:05,435 [oasis.registry] INFO: Registered backend: DUNE-fem (dune)
2026-09-08 16:40:05,435 [oasis.dune] INFO: DUNE-fem backend registered
2026-09-08 16:40:05,437 [oasis.registry] INFO: Loaded discovered config: 5 backends
2026-09-08 16:40:05,448 [oasis.registry] INFO: Registered backend: 4C Multiphysics (fourc)
2026-09-08 16:40:05,449 [oasis.registry] INFO: Registered backend: SPARTA (DSMC) (sparta)
2026-09-08 16:40:05,449 [oasis.sparta] INFO: SPARTA (DSMC) backend registered
2026-09-08 16:40:05,449 [oasis] INFO: Starting OASiS MCP server
2026-09-08 16:40:05,451 [oasis.registry] INFO: Registered backend: FEniCSx (dolfinx) (fenics)
2026-09-08 16:40:05,456 [oasis.registry] INFO: Registered backend: deal.II (dealii)
2026-09-08 16:40:05,475 [oasis.registry] INFO: Registered backend: FEBio (febio)
2026-09-08 16:40:05,478 [mcp.server.lowlevel.server] INFO: Processing request of type ListToolsRequest
2026-09-08 16:40:05,488 [oasis.registry] INFO: Registered backend: NGSolve (ngsolve)
2026-09-08 16:40:05,488 [oasis.ngsolve] INFO: NGSolve backend registered
2026-09-08 16:40:05,502 [oasis.registry] INFO: Registered backend: scikit-fem (skfem)
2026-09-08 16:40:05,502 [oasis.skfem] INFO: scikit-fem backend registered
2026-09-08 16:40:05,523 [oasis.registry] INFO: Registered backend: Kratos Multiphysics (kratos)
2026-09-08 16:40:05,523 [oasis.kratos] INFO: Kratos Multiphysics backend registered
2026-09-08 16:40:05,537 [oasis.registry] INFO: Registered backend: DUNE-fem (dune)
2026-09-08 16:40:05,537 [oasis.dune] INFO: DUNE-fem backend registered
2026-09-08 16:40:05,551 [oasis.registry] INFO: Registered backend: SPARTA (DSMC) (sparta)
2026-09-08 16:40:05,551 [oasis.sparta] INFO: SPARTA (DSMC) backend registered
2026-09-08 16:40:05,551 [oasis] INFO: Starting OASiS MCP server
2026-09-08 16:40:05,578 [mcp.server.lowlevel.server] INFO: Processing request of type ListToolsRequest
2026-09-08 16:40:05,625 [oasis.registry] INFO: Loaded discovered config: 5 backends
2026-09-08 16:40:05,635 [oasis.registry] INFO: Registered backend: 4C Multiphysics (fourc)
2026-09-08 16:40:05,639 [oasis.registry] INFO: Registered backend: FEniCSx (dolfinx) (fenics)
2026-09-08 16:40:05,643 [oasis.registry] INFO: Registered backend: deal.II (dealii)
2026-09-08 16:40:05,663 [oasis.registry] INFO: Registered backend: FEBio (febio)
2026-09-08 16:40:05,676 [oasis.registry] INFO: Registered backend: NGSolve (ngsolve)
2026-09-08 16:40:05,676 [oasis.ngsolve] INFO: NGSolve backend registered
2026-09-08 16:40:05,691 [oasis.registry] INFO: Registered backend: scikit-fem (skfem)
2026-09-08 16:40:05,691 [oasis.skfem] INFO: scikit-fem backend registered
2026-09-08 16:40:05,712 [oasis.registry] INFO: Registered backend: Kratos Multiphysics (kratos)
2026-09-08 16:40:05,712 [oasis.kratos] INFO: Kratos Multiphysics backend registered
2026-09-08 16:40:05,726 [oasis.registry] INFO: Registered backend: DUNE-fem (dune)
2026-09-08 16:40:05,726 [oasis.dune] INFO: DUNE-fem backend registered
2026-09-08 16:40:05,740 [oasis.registry] INFO: Registered backend: SPARTA (DSMC) (sparta)
2026-09-08 16:40:05,740 [oasis.sparta] INFO: SPARTA (DSMC) backend registered
2026-09-08 16:40:05,740 [oasis] INFO: Starting OASiS MCP server
2026-09-08 16:40:05,770 [mcp.server.lowlevel.server] INFO: Processing request of type ListToolsRequest
2026-09-08 16:40:23,745 [mcp.server.lowlevel.server] INFO: Processing request of type CallToolRequest
2026-09-08 16:40:25,592 [mcp.server.lowlevel.server] INFO: Processing request of type CallToolRequest
2026-09-08 16:40:27,682 [mcp.server.lowlevel.server] INFO: Processing request of type CallToolRequest
2026-09-08 16:40:28,741 [mcp.server.lowlevel.server] INFO: Processing request of type CallToolRequest
2026-09-08 16:40:30,220 [mcp.server.lowlevel.server] INFO: Processing request of type CallToolRequest
2026-09-08 16:40:30,872 [mcp.server.lowlevel.server] INFO: Processing request of type CallToolRequest
2026-09-08 16:40:32,940 [mcp.server.lowlevel.server] INFO: Processing request of type CallToolRequest
2026-09-08 16:40:34,335 [mcp.server.lowlevel.server] INFO: Processing request of type CallToolRequest
2026-09-08 16:41:20,747 [mcp.server.lowlevel.server] INFO: Processing request of type CallToolRequest
/home/alexander/Schreibtisch/ofa-v2/langgraph_eval/agent.py:820: RuntimeWarning: This package (`duckduckgo_search`) has been renamed to `ddgs`! Use `pip install ddgs` instead.
  with DDGS() as ddgs:
2026-09-08 16:41:20,763 [mcp.server.lowlevel.server] INFO: Processing request of type CallToolRequest
/home/alexander/Schreibtisch/ofa-v2/langgraph_eval/agent.py:820: RuntimeWarning: This package (`duckduckgo_search`) has been renamed to `ddgs`! Use `pip install ddgs` instead.
  with DDGS() as ddgs:
2026-09-08 16:41:24,306 [mcp.server.lowlevel.server] INFO: Processing request of type CallToolRequest
2026-09-08 16:41:29,280 [mcp.server.lowlevel.server] INFO: Processing request of type CallToolRequest
/home/alexander/Schreibtisch/ofa-v2/langgraph_eval/agent.py:820: RuntimeWarning: This package (`duckduckgo_search`) has been renamed to `ddgs`! Use `pip install ddgs` instead.
  with DDGS() as ddgs:
2026-09-08 16:41:29,292 [mcp.server.lowlevel.server] INFO: Processing request of type CallToolRequest
2026-09-08 16:41:37,735 [mcp.server.lowlevel.server] INFO: Processing request of type CallToolRequest
/home/alexander/Schreibtisch/ofa-v2/langgraph_eval/agent.py:820: RuntimeWarning: This package (`duckduckgo_search`) has been renamed to `ddgs`! Use `pip install ddgs` instead.
  with DDGS() as ddgs:
2026-09-08 16:41:37,759 [mcp.server.lowlevel.server] INFO: Processing request of type CallToolRequest
/home/alexander/Schreibtisch/ofa-v2/langgraph_eval/agent.py:820: RuntimeWarning: This package (`duckduckgo_search`) has been renamed to `ddgs`! Use `pip install ddgs` instead.
  with DDGS() as ddgs:
2026-09-08 16:41:41,302 [mcp.server.lowlevel.server] INFO: Processing request of type CallToolRequest
/home/alexander/Schreibtisch/ofa-v2/langgraph_eval/agent.py:820: RuntimeWarning: This package (`duckduckgo_search`) has been renamed to `ddgs`! Use `pip install ddgs` instead.
  with DDGS() as ddgs:
2026-09-08 16:41:54,020 [mcp.server.lowlevel.server] INFO: Processing request of type CallToolRequest
2026-09-08 16:41:54,058 [mcp.server.lowlevel.server] INFO: Processing request of type CallToolRequest
2026-09-08 16:41:54,623 [mcp.server.lowlevel.server] INFO: Processing request of type CallToolRequest
2026-09-08 16:41:54,627 [mcp.server.lowlevel.server] INFO: Processing request of type CallToolRequest
2026-09-08 16:41:54,654 [mcp.server.lowlevel.server] INFO: Processing request of type CallToolRequest
2026-09-08 16:58:01,759 [mcp.server.lowlevel.server] INFO: Processing request of type CallToolRequest
2026-09-08 16:58:41,592 [mcp.server.lowlevel.server] INFO: Processing request of type CallToolRequest
2026-09-08 16:58:47,559 [mcp.server.lowlevel.server] INFO: Processing request of type CallToolRequest
2026-09-08 16:59:13,947 [mcp.server.lowlevel.server] INFO: Processing request of type CallToolRequest
2026-09-08 16:59:46,321 [mcp.server.lowlevel.server] INFO: Processing request of type CallToolRequest
/home/alexander/Schreibtisch/ofa-v2/src/tools/result_audit.py:419: ResourceWarning: unclosed file <_io.TextIOWrapper name='/home/alexander/Schreibtisch/ofa-v2/campaign3_blind/runs/C3_27b_MCP_seed5531/work/residual_level1.csv' mode='r' encoding='UTF-8'>
  body = tuple(r[-1].strip() for r in _csv.reader(q.open()) if r)
ResourceWarning: Enable tracemalloc to get the object allocation traceback
/home/alexander/Schreibtisch/ofa-v2/src/tools/result_audit.py:419: ResourceWarning: unclosed file <_io.TextIOWrapper name='/home/alexander/Schreibtisch/ofa-v2/campaign3_blind/runs/C3_27b_MCP_seed5532/work/residual_level1.csv' mode='r' encoding='UTF-8'>
  body = tuple(r[-1].strip() for r in _csv.reader(q.open()) if r)
ResourceWarning: Enable tracemalloc to get the object allocation traceback
2026-09-08 17:01:35,676 [mcp.server.lowlevel.server] INFO: Processing request of type CallToolRequest
/home/alexander/Schreibtisch/ofa-v2/src/tools/result_audit.py:419: ResourceWarning: unclosed file <_io.TextIOWrapper name='/home/alexander/Schreibtisch/ofa-v2/campaign3_blind/runs/C3_27b_MCP_seed5533/work/residual_level1.csv' mode='r' encoding='UTF-8'>
  body = tuple(r[-1].strip() for r in _csv.reader(q.open()) if r)
ResourceWarning: Enable tracemalloc to get the object allocation traceback
/home/alexander/Schreibtisch/ofa-v2/src/tools/result_audit.py:419: ResourceWarning: unclosed file <_io.TextIOWrapper name='/home/alexander/Schreibtisch/ofa-v2/campaign3_blind/runs/C3_27b_MCP_seed5532/work/residual_level1.csv' mode='r' encoding='UTF-8'>
  body = tuple(r[-1].strip() for r in _csv.reader(q.open()) if r)
ResourceWarning: Enable tracemalloc to get the object allocation traceback
2026-09-08 17:05:00,682 [mcp.server.lowlevel.server] INFO: Processing request of type CallToolRequest
2026-09-08 17:05:40,822 [mcp.server.lowlevel.server] INFO: Processing request of type CallToolRequest
2026-09-08 17:05:44,709 [mcp.server.lowlevel.server] INFO: Processing request of type CallToolRequest
2026-09-08 17:06:11,671 [mcp.server.lowlevel.server] INFO: Processing request of type CallToolRequest
/home/alexander/Schreibtisch/ofa-v2/src/tools/result_audit.py:419: ResourceWarning: unclosed file <_io.TextIOWrapper name='/home/alexander/Schreibtisch/ofa-v2/campaign3_blind/runs/C3_27b_MCP_seed5532/work/residual_level1.csv' mode='r' encoding='UTF-8'>
  body = tuple(r[-1].strip() for r in _csv.reader(q.open()) if r)
ResourceWarning: Enable tracemalloc to get the object allocation traceback
/home/alexander/Schreibtisch/ofa-v2/src/tools/result_audit.py:1446: ResourceWarning: unclosed file <_io.TextIOWrapper name='/home/alexander/Schreibtisch/ofa-v2/campaign3_blind/runs/C3_27b_MCP_seed5532/work/side_A/solution_level1_A.csv' mode='r' encoding='UTF-8'>
  rows = [r for r in _csv.reader(f.open())
ResourceWarning: Enable tracemalloc to get the object allocation traceback
2026-09-08 17:07:17,788 [mcp.server.lowlevel.server] INFO: Processing request of type CallToolRequest
/home/alexander/Schreibtisch/ofa-v2/src/tools/result_audit.py:419: ResourceWarning: unclosed file <_io.TextIOWrapper name='/home/alexander/Schreibtisch/ofa-v2/campaign3_blind/runs/C3_27b_MCP_seed5531/work/residual_level1.csv' mode='r' encoding='UTF-8'>
  body = tuple(r[-1].strip() for r in _csv.reader(q.open()) if r)
ResourceWarning: Enable tracemalloc to get the object allocation traceback
/home/alexander/Schreibtisch/ofa-v2/src/tools/result_audit.py:1446: ResourceWarning: unclosed file <_io.TextIOWrapper name='/home/alexander/Schreibtisch/ofa-v2/campaign3_blind/runs/C3_27b_MCP_seed5531/work/solution_level1_A.csv' mode='r' encoding='UTF-8'>
  rows = [r for r in _csv.reader(f.open())
ResourceWarning: Enable tracemalloc to get the object allocation traceback
/home/alexander/Schreibtisch/ofa-v2/src/tools/result_audit.py:1446: ResourceWarning: unclosed file <_io.TextIOWrapper name='/home/alexander/Schreibtisch/ofa-v2/campaign3_blind/runs/C3_27b_MCP_seed5531/work/solution_level1_B.csv' mode='r' encoding='UTF-8'>
  rows = [r for r in _csv.reader(f.open())
ResourceWarning: Enable tracemalloc to get the object allocation traceback
2026-09-08 17:07:26,544 [mcp.server.lowlevel.server] INFO: Processing request of type CallToolRequest
/home/alexander/Schreibtisch/ofa-v2/src/tools/result_audit.py:419: ResourceWarning: unclosed file <_io.TextIOWrapper name='/home/alexander/Schreibtisch/ofa-v2/campaign3_blind/runs/C3_27b_MCP_seed5532/work/residual_level1.csv' mode='r' encoding='UTF-8'>
  body = tuple(r[-1].strip() for r in _csv.reader(q.open()) if r)
ResourceWarning: Enable tracemalloc to get the object allocation traceback
/home/alexander/Schreibtisch/ofa-v2/src/tools/result_audit.py:1446: ResourceWarning: unclosed file <_io.TextIOWrapper name='/home/alexander/Schreibtisch/ofa-v2/campaign3_blind/runs/C3_27b_MCP_seed5532/work/side_A/solution_level1_A.csv' mode='r' encoding='UTF-8'>
  rows = [r for r in _csv.reader(f.open())
ResourceWarning: Enable tracemalloc to get the object allocation traceback
/home/alexander/Schreibtisch/ofa-v2/src/tools/result_audit.py:419: ResourceWarning: unclosed file <_io.TextIOWrapper name='/home/alexander/Schreibtisch/ofa-v2/campaign3_blind/runs/C3_27b_MCP_seed5533/work/residual_level1.csv' mode='r' encoding='UTF-8'>
  body = tuple(r[-1].strip() for r in _csv.reader(q.open()) if r)
ResourceWarning: Enable tracemalloc to get the object allocation traceback
2026-09-08 17:07:51,525 [mcp.server.lowlevel.server] INFO: Processing request of type CallToolRequest
/home/alexander/Schreibtisch/ofa-v2/src/tools/result_audit.py:1446: ResourceWarning: unclosed file <_io.TextIOWrapper name='/home/alexander/Schreibtisch/ofa-v2/campaign3_blind/runs/C3_27b_MCP_seed5533/work/solution_level1_A.csv' mode='r' encoding='UTF-8'>
  rows = [r for r in _csv.reader(f.open())
ResourceWarning: Enable tracemalloc to get the object allocation traceback
2026-09-08 17:08:32,454 [mcp.server.lowlevel.server] INFO: Processing request of type CallToolRequest
2026-09-08 17:08:44,424 [mcp.server.lowlevel.server] INFO: Processing request of type CallToolRequest
2026-09-08 17:08:53,688 [mcp.server.lowlevel.server] INFO: Processing request of type CallToolRequest
/home/alexander/Schreibtisch/ofa-v2/src/tools/result_audit.py:419: ResourceWarning: unclosed file <_io.TextIOWrapper name='/home/alexander/Schreibtisch/ofa-v2/campaign3_blind/runs/C3_27b_MCP_seed5532/work/residual_level1.csv' mode='r' encoding='UTF-8'>
  body = tuple(r[-1].strip() for r in _csv.reader(q.open()) if r)
ResourceWarning: Enable tracemalloc to get the object allocation traceback
/home/alexander/Schreibtisch/ofa-v2/src/tools/result_audit.py:1446: ResourceWarning: unclosed file <_io.TextIOWrapper name='/home/alexander/Schreibtisch/ofa-v2/campaign3_blind/runs/C3_27b_MCP_seed5532/work/side_A/solution_level1_A.csv' mode='r' encoding='UTF-8'>
  rows = [r for r in _csv.reader(f.open())
ResourceWarning: Enable tracemalloc to get the object allocation traceback
/home/alexander/Schreibtisch/ofa-v2/src/tools/result_audit.py:1446: ResourceWarning: unclosed file <_io.TextIOWrapper name='/home/alexander/Schreibtisch/ofa-v2/campaign3_blind/runs/C3_27b_MCP_seed5533/work/solution_level1_A.csv' mode='r' encoding='UTF-8'>
  rows = [r for r in _csv.reader(f.open())
ResourceWarning: Enable tracemalloc to get the object allocation traceback
/home/alexander/Schreibtisch/ofa-v2/src/tools/result_audit.py:1446: ResourceWarning: unclosed file <_io.TextIOWrapper name='/home/alexander/Schreibtisch/ofa-v2/campaign3_blind/runs/C3_27b_MCP_seed5533/work/solution_level1_B.csv' mode='r' encoding='UTF-8'>
  rows = [r for r in _csv.reader(f.open())
ResourceWarning: Enable tracemalloc to get the object allocation traceback
2026-09-08 17:10:16,893 [mcp.server.lowlevel.server] INFO: Processing request of type CallToolRequest
2026-09-08 17:10:27,134 [mcp.server.lowlevel.server] INFO: Processing request of type CallToolRequest
/home/alexander/Schreibtisch/ofa-v2/src/tools/result_audit.py:419: ResourceWarning: unclosed file <_io.TextIOWrapper name='/home/alexander/Schreibtisch/ofa-v2/campaign3_blind/runs/C3_27b_MCP_seed5532/work/residual_level1.csv' mode='r' encoding='UTF-8'>
  body = tuple(r[-1].strip() for r in _csv.reader(q.open()) if r)
ResourceWarning: Enable tracemalloc to get the object allocation traceback
/home/alexander/Schreibtisch/ofa-v2/src/tools/result_audit.py:1446: ResourceWarning: unclosed file <_io.TextIOWrapper name='/home/alexander/Schreibtisch/ofa-v2/campaign3_blind/runs/C3_27b_MCP_seed5532/work/side_A/solution_level1_A.csv' mode='r' encoding='UTF-8'>
  rows = [r for r in _csv.reader(f.open())
ResourceWarning: Enable tracemalloc to get the object allocation traceback
/home/alexander/Schreibtisch/ofa-v2/src/tools/result_audit.py:419: ResourceWarning: unclosed file <_io.TextIOWrapper name='/home/alexander/Schreibtisch/ofa-v2/campaign3_blind/runs/C3_27b_MCP_seed5531/work/residual_level1.csv' mode='r' encoding='UTF-8'>
  body = tuple(r[-1].strip() for r in _csv.reader(q.open()) if r)
ResourceWarning: Enable tracemalloc to get the object allocation traceback
/home/alexander/Schreibtisch/ofa-v2/src/tools/result_audit.py:419: ResourceWarning: unclosed file <_io.TextIOWrapper name='/home/alexander/Schreibtisch/ofa-v2/campaign3_blind/runs/C3_27b_MCP_seed5531/work/residual_level2.csv' mode='r' encoding='UTF-8'>
  body = tuple(r[-1].strip() for r in _csv.reader(q.open()) if r)
ResourceWarning: Enable tracemalloc to get the object allocation traceback
/home/alexander/Schreibtisch/ofa-v2/src/tools/result_audit.py:1446: ResourceWarning: unclosed file <_io.TextIOWrapper name='/home/alexander/Schreibtisch/ofa-v2/campaign3_blind/runs/C3_27b_MCP_seed5531/work/solution_level1_A.csv' mode='r' encoding='UTF-8'>
  rows = [r for r in _csv.reader(f.open())
ResourceWarning: Enable tracemalloc to get the object allocation traceback
/home/alexander/Schreibtisch/ofa-v2/src/tools/result_audit.py:1446: ResourceWarning: unclosed file <_io.TextIOWrapper name='/home/alexander/Schreibtisch/ofa-v2/campaign3_blind/runs/C3_27b_MCP_seed5531/work/solution_level1_B.csv' mode='r' encoding='UTF-8'>
  rows = [r for r in _csv.reader(f.open())
ResourceWarning: Enable tracemalloc to get the object allocation traceback
/home/alexander/Schreibtisch/ofa-v2/src/tools/result_audit.py:1446: ResourceWarning: unclosed file <_io.TextIOWrapper name='/home/alexander/Schreibtisch/ofa-v2/campaign3_blind/runs/C3_27b_MCP_seed5531/work/solution_level2_A.csv' mode='r' encoding='UTF-8'>
  rows = [r for r in _csv.reader(f.open())
ResourceWarning: Enable tracemalloc to get the object allocation traceback
/home/alexander/Schreibtisch/ofa-v2/src/tools/result_audit.py:1446: ResourceWarning: unclosed file <_io.TextIOWrapper name='/home/alexander/Schreibtisch/ofa-v2/campaign3_blind/runs/C3_27b_MCP_seed5531/work/solution_level2_B.csv' mode='r' encoding='UTF-8'>
  rows = [r for r in _csv.reader(f.open())
ResourceWarning: Enable tracemalloc to get the object allocation traceback
2026-09-08 17:11:17,584 [mcp.server.lowlevel.server] INFO: Processing request of type CallToolRequest
2026-09-08 17:11:55,502 [mcp.server.lowlevel.server] INFO: Processing request of type CallToolRequest
2026-09-08 17:11:59,908 [mcp.server.lowlevel.server] INFO: Processing request of type CallToolRequest
2026-09-08 17:12:04,415 [mcp.server.lowlevel.server] INFO: Processing request of type CallToolRequest
/home/alexander/Schreibtisch/ofa-v2/src/tools/result_audit.py:419: ResourceWarning: unclosed file <_io.TextIOWrapper name='/home/alexander/Schreibtisch/ofa-v2/campaign3_blind/runs/C3_27b_MCP_seed5533/work/residual_level1.csv' mode='r' encoding='UTF-8'>
  body = tuple(r[-1].strip() for r in _csv.reader(q.open()) if r)
ResourceWarning: Enable tracemalloc to get the object allocation traceback
/home/alexander/Schreibtisch/ofa-v2/src/tools/result_audit.py:419: ResourceWarning: unclosed file <_io.TextIOWrapper name='/home/alexander/Schreibtisch/ofa-v2/campaign3_blind/runs/C3_27b_MCP_seed5533/work/residual_level2.csv' mode='r' encoding='UTF-8'>
  body = tuple(r[-1].strip() for r in _csv.reader(q.open()) if r)
ResourceWarning: Enable tracemalloc to get the object allocation traceback
2026-09-08 17:13:34,062 [mcp.server.lowlevel.server] INFO: Processing request of type CallToolRequest
/home/alexander/Schreibtisch/ofa-v2/src/tools/result_audit.py:419: ResourceWarning: unclosed file <_io.TextIOWrapper name='/home/alexander/Schreibtisch/ofa-v2/campaign3_blind/runs/C3_27b_MCP_seed5532/work/residual_level1.csv' mode='r' encoding='UTF-8'>
  body = tuple(r[-1].strip() for r in _csv.reader(q.open()) if r)
ResourceWarning: Enable tracemalloc to get the object allocation traceback
/home/alexander/Schreibtisch/ofa-v2/src/tools/result_audit.py:1446: ResourceWarning: unclosed file <_io.TextIOWrapper name='/home/alexander/Schreibtisch/ofa-v2/campaign3_blind/runs/C3_27b_MCP_seed5532/work/side_A/solution_level1_A.csv' mode='r' encoding='UTF-8'>
  rows = [r for r in _csv.reader(f.open())
ResourceWarning: Enable tracemalloc to get the object allocation traceback
/home/alexander/Schreibtisch/ofa-v2/src/tools/result_audit.py:1446: ResourceWarning: unclosed file <_io.TextIOWrapper name='/home/alexander/Schreibtisch/ofa-v2/campaign3_blind/runs/C3_27b_MCP_seed5532/work/side_B/solution_level1_B.csv' mode='r' encoding='UTF-8'>
  rows = [r for r in _csv.reader(f.open())
ResourceWarning: Enable tracemalloc to get the object allocation traceback
/home/alexander/Schreibtisch/ofa-v2/src/tools/result_audit.py:419: ResourceWarning: unclosed file <_io.TextIOWrapper name='/home/alexander/Schreibtisch/ofa-v2/campaign3_blind/runs/C3_27b_MCP_seed5532/work/residual_level1.csv' mode='r' encoding='UTF-8'>
  body = tuple(r[-1].strip() for r in _csv.reader(q.open()) if r)
ResourceWarning: Enable tracemalloc to get the object allocation traceback
/home/alexander/Schreibtisch/ofa-v2/src/tools/result_audit.py:1446: ResourceWarning: unclosed file <_io.TextIOWrapper name='/home/alexander/Schreibtisch/ofa-v2/campaign3_blind/runs/C3_27b_MCP_seed5532/work/side_A/solution_level1_A.csv' mode='r' encoding='UTF-8'>
  rows = [r for r in _csv.reader(f.open())
ResourceWarning: Enable tracemalloc to get the object allocation traceback
/home/alexander/Schreibtisch/ofa-v2/src/tools/result_audit.py:1446: ResourceWarning: unclosed file <_io.TextIOWrapper name='/home/alexander/Schreibtisch/ofa-v2/campaign3_blind/runs/C3_27b_MCP_seed5532/work/side_B/solution_level1_B.csv' mode='r' encoding='UTF-8'>
  rows = [r for r in _csv.reader(f.open())
ResourceWarning: Enable tracemalloc to get the object allocation traceback
/home/alexander/Schreibtisch/ofa-v2/src/tools/result_audit.py:1446: ResourceWarning: unclosed file <_io.TextIOWrapper name='/home/alexander/Schreibtisch/ofa-v2/campaign3_blind/runs/C3_27b_MCP_seed5532/work/solution_level1_A.csv' mode='r' encoding='UTF-8'>
  rows = [r for r in _csv.reader(f.open())
ResourceWarning: Enable tracemalloc to get the object allocation traceback
/home/alexander/Schreibtisch/ofa-v2/src/tools/result_audit.py:1446: ResourceWarning: unclosed file <_io.TextIOWrapper name='/home/alexander/Schreibtisch/ofa-v2/campaign3_blind/runs/C3_27b_MCP_seed5532/work/solution_level1_B.csv' mode='r' encoding='UTF-8'>
  rows = [r for r in _csv.reader(f.open())
ResourceWarning: Enable tracemalloc to get the object allocation traceback
/home/alexander/Schreibtisch/ofa-v2/src/tools/result_audit.py:419: ResourceWarning: unclosed file <_io.TextIOWrapper name='/home/alexander/Schreibtisch/ofa-v2/campaign3_blind/runs/C3_27b_MCP_seed5533/work/residual_level1.csv' mode='r' encoding='UTF-8'>
  body = tuple(r[-1].strip() for r in _csv.reader(q.open()) if r)
ResourceWarning: Enable tracemalloc to get the object allocation traceback
/home/alexander/Schreibtisch/ofa-v2/src/tools/result_audit.py:419: ResourceWarning: unclosed file <_io.TextIOWrapper name='/home/alexander/Schreibtisch/ofa-v2/campaign3_blind/runs/C3_27b_MCP_seed5533/work/residual_level2.csv' mode='r' encoding='UTF-8'>
  body = tuple(r[-1].strip() for r in _csv.reader(q.open()) if r)
ResourceWarning: Enable tracemalloc to get the object allocation traceback
/home/alexander/Schreibtisch/ofa-v2/src/tools/result_audit.py:419: ResourceWarning: unclosed file <_io.TextIOWrapper name='/home/alexander/Schreibtisch/ofa-v2/campaign3_blind/runs/C3_27b_MCP_seed5533/work/residual_level3.csv' mode='r' encoding='UTF-8'>
  body = tuple(r[-1].strip() for r in _csv.reader(q.open()) if r)
ResourceWarning: Enable tracemalloc to get the object allocation traceback
/home/alexander/Schreibtisch/ofa-v2/src/tools/result_audit.py:1446: ResourceWarning: unclosed file <_io.TextIOWrapper name='/home/alexander/Schreibtisch/ofa-v2/campaign3_blind/runs/C3_27b_MCP_seed5533/work/solution_level1_A.csv' mode='r' encoding='UTF-8'>
  rows = [r for r in _csv.reader(f.open())
ResourceWarning: Enable tracemalloc to get the object allocation traceback
/home/alexander/Schreibtisch/ofa-v2/src/tools/result_audit.py:1446: ResourceWarning: unclosed file <_io.TextIOWrapper name='/home/alexander/Schreibtisch/ofa-v2/campaign3_blind/runs/C3_27b_MCP_seed5533/work/solution_level1_B.csv' mode='r' encoding='UTF-8'>
  rows = [r for r in _csv.reader(f.open())
ResourceWarning: Enable tracemalloc to get the object allocation traceback
/home/alexander/Schreibtisch/ofa-v2/src/tools/result_audit.py:1446: ResourceWarning: unclosed file <_io.TextIOWrapper name='/home/alexander/Schreibtisch/ofa-v2/campaign3_blind/runs/C3_27b_MCP_seed5533/work/solution_level2_A.csv' mode='r' encoding='UTF-8'>
  rows = [r for r in _csv.reader(f.open())
ResourceWarning: Enable tracemalloc to get the object allocation traceback
/home/alexander/Schreibtisch/ofa-v2/src/tools/result_audit.py:1446: ResourceWarning: unclosed file <_io.TextIOWrapper name='/home/alexander/Schreibtisch/ofa-v2/campaign3_blind/runs/C3_27b_MCP_seed5533/work/solution_level2_B.csv' mode='r' encoding='UTF-8'>
  rows = [r for r in _csv.reader(f.open())
ResourceWarning: Enable tracemalloc to get the object allocation traceback
/home/alexander/Schreibtisch/ofa-v2/src/tools/result_audit.py:1446: ResourceWarning: unclosed file <_io.TextIOWrapper name='/home/alexander/Schreibtisch/ofa-v2/campaign3_blind/runs/C3_27b_MCP_seed5533/work/solution_level3_A.csv' mode='r' encoding='UTF-8'>
  rows = [r for r in _csv.reader(f.open())
ResourceWarning: Enable tracemalloc to get the object allocation traceback
/home/alexander/Schreibtisch/ofa-v2/src/tools/result_audit.py:1446: ResourceWarning: unclosed file <_io.TextIOWrapper name='/home/alexander/Schreibtisch/ofa-v2/campaign3_blind/runs/C3_27b_MCP_seed5533/work/solution_level3_B.csv' mode='r' encoding='UTF-8'>
  rows = [r for r in _csv.reader(f.open())
ResourceWarning: Enable tracemalloc to get the object allocation traceback
/home/alexander/Schreibtisch/ofa-v2/src/tools/result_audit.py:419: ResourceWarning: unclosed file <_io.TextIOWrapper name='/home/alexander/Schreibtisch/ofa-v2/campaign3_blind/runs/C3_27b_MCP_seed5532/work/residual_level1.csv' mode='r' encoding='UTF-8'>
  body = tuple(r[-1].strip() for r in _csv.reader(q.open()) if r)
ResourceWarning: Enable tracemalloc to get the object allocation traceback
/home/alexander/Schreibtisch/ofa-v2/src/tools/result_audit.py:534: ResourceWarning: unclosed file <_io.TextIOWrapper name='/home/alexander/Schreibtisch/ofa-v2/campaign3_blind/runs/C3_27b_MCP_seed5532/work/side_A/solution_level1_A.csv' mode='r' encoding='UTF-8'>
  rows = sum(1 for _ in open(sol0[0], errors="ignore")) - 1
ResourceWarning: Enable tracemalloc to get the object allocation traceback
/home/alexander/Schreibtisch/ofa-v2/src/tools/result_audit.py:1446: ResourceWarning: unclosed file <_io.TextIOWrapper name='/home/alexander/Schreibtisch/ofa-v2/campaign3_blind/runs/C3_27b_MCP_seed5532/work/side_A/solution_level1_A.csv' mode='r' encoding='UTF-8'>
  rows = [r for r in _csv.reader(f.open())
ResourceWarning: Enable tracemalloc to get the object allocation traceback
/home/alexander/Schreibtisch/ofa-v2/src/tools/result_audit.py:1446: ResourceWarning: unclosed file <_io.TextIOWrapper name='/home/alexander/Schreibtisch/ofa-v2/campaign3_blind/runs/C3_27b_MCP_seed5532/work/side_B/solution_level1_B.csv' mode='r' encoding='UTF-8'>
  rows = [r for r in _csv.reader(f.open())
ResourceWarning: Enable tracemalloc to get the object allocation traceback
/home/alexander/Schreibtisch/ofa-v2/src/tools/result_audit.py:1446: ResourceWarning: unclosed file <_io.TextIOWrapper name='/home/alexander/Schreibtisch/ofa-v2/campaign3_blind/runs/C3_27b_MCP_seed5532/work/solution_level1_A.csv' mode='r' encoding='UTF-8'>
  rows = [r for r in _csv.reader(f.open())
ResourceWarning: Enable tracemalloc to get the object allocation traceback
/home/alexander/Schreibtisch/ofa-v2/src/tools/result_audit.py:1446: ResourceWarning: unclosed file <_io.TextIOWrapper name='/home/alexander/Schreibtisch/ofa-v2/campaign3_blind/runs/C3_27b_MCP_seed5532/work/solution_level1_B.csv' mode='r' encoding='UTF-8'>
  rows = [r for r in _csv.reader(f.open())
ResourceWarning: Enable tracemalloc to get the object allocation traceback
/home/alexander/Schreibtisch/ofa-v2/src/tools/result_audit.py:419: ResourceWarning: unclosed file <_io.TextIOWrapper name='/home/alexander/Schreibtisch/ofa-v2/campaign3_blind/runs/C3_27b_MCP_seed5532/work/residual_level1.csv' mode='r' encoding='UTF-8'>
  body = tuple(r[-1].strip() for r in _csv.reader(q.open()) if r)
ResourceWarning: Enable tracemalloc to get the object allocation traceback
/home/alexander/Schreibtisch/ofa-v2/src/tools/result_audit.py:534: ResourceWarning: unclosed file <_io.TextIOWrapper name='/home/alexander/Schreibtisch/ofa-v2/campaign3_blind/runs/C3_27b_MCP_seed5532/work/side_A/solution_level1_A.csv' mode='r' encoding='UTF-8'>
  rows = sum(1 for _ in open(sol0[0], errors="ignore")) - 1
ResourceWarning: Enable tracemalloc to get the object allocation traceback
/home/alexander/Schreibtisch/ofa-v2/src/tools/result_audit.py:1446: ResourceWarning: unclosed file <_io.TextIOWrapper name='/home/alexander/Schreibtisch/ofa-v2/campaign3_blind/runs/C3_27b_MCP_seed5532/work/side_A/solution_level1_A.csv' mode='r' encoding='UTF-8'>
  rows = [r for r in _csv.reader(f.open())
ResourceWarning: Enable tracemalloc to get the object allocation traceback
/home/alexander/Schreibtisch/ofa-v2/src/tools/result_audit.py:1446: ResourceWarning: unclosed file <_io.TextIOWrapper name='/home/alexander/Schreibtisch/ofa-v2/campaign3_blind/runs/C3_27b_MCP_seed5532/work/side_B/solution_level1_B.csv' mode='r' encoding='UTF-8'>
  rows = [r for r in _csv.reader(f.open())
ResourceWarning: Enable tracemalloc to get the object allocation traceback
/home/alexander/Schreibtisch/ofa-v2/src/tools/result_audit.py:1446: ResourceWarning: unclosed file <_io.TextIOWrapper name='/home/alexander/Schreibtisch/ofa-v2/campaign3_blind/runs/C3_27b_MCP_seed5532/work/solution_level1_A.csv' mode='r' encoding='UTF-8'>
  rows = [r for r in _csv.reader(f.open())
ResourceWarning: Enable tracemalloc to get the object allocation traceback
/home/alexander/Schreibtisch/ofa-v2/src/tools/result_audit.py:1446: ResourceWarning: unclosed file <_io.TextIOWrapper name='/home/alexander/Schreibtisch/ofa-v2/campaign3_blind/runs/C3_27b_MCP_seed5532/work/solution_level1_B.csv' mode='r' encoding='UTF-8'>
  rows = [r for r in _csv.reader(f.open())
ResourceWarning: Enable tracemalloc to get the object allocation traceback
/home/alexander/Schreibtisch/ofa-v2/src/tools/result_audit.py:419: ResourceWarning: unclosed file <_io.TextIOWrapper name='/home/alexander/Schreibtisch/ofa-v2/campaign3_blind/runs/C3_27b_MCP_seed5532/work/residual_level1.csv' mode='r' encoding='UTF-8'>
  body = tuple(r[-1].strip() for r in _csv.reader(q.open()) if r)
ResourceWarning: Enable tracemalloc to get the object allocation traceback
/home/alexander/Schreibtisch/ofa-v2/src/tools/result_audit.py:534: ResourceWarning: unclosed file <_io.TextIOWrapper name='/home/alexander/Schreibtisch/ofa-v2/campaign3_blind/runs/C3_27b_MCP_seed5532/work/side_A/solution_level1_A.csv' mode='r' encoding='UTF-8'>
  rows = sum(1 for _ in open(sol0[0], errors="ignore")) - 1
ResourceWarning: Enable tracemalloc to get the object allocation traceback
/home/alexander/Schreibtisch/ofa-v2/src/tools/result_audit.py:1446: ResourceWarning: unclosed file <_io.TextIOWrapper name='/home/alexander/Schreibtisch/ofa-v2/campaign3_blind/runs/C3_27b_MCP_seed5532/work/side_A/solution_level1_A.csv' mode='r' encoding='UTF-8'>
  rows = [r for r in _csv.reader(f.open())
ResourceWarning: Enable tracemalloc to get the object allocation traceback
/home/alexander/Schreibtisch/ofa-v2/src/tools/result_audit.py:1446: ResourceWarning: unclosed file <_io.TextIOWrapper name='/home/alexander/Schreibtisch/ofa-v2/campaign3_blind/runs/C3_27b_MCP_seed5532/work/side_B/solution_level1_B.csv' mode='r' encoding='UTF-8'>
  rows = [r for r in _csv.reader(f.open())
ResourceWarning: Enable tracemalloc to get the object allocation traceback
/home/alexander/Schreibtisch/ofa-v2/src/tools/result_audit.py:1446: ResourceWarning: unclosed file <_io.TextIOWrapper name='/home/alexander/Schreibtisch/ofa-v2/campaign3_blind/runs/C3_27b_MCP_seed5532/work/solution_level1_A.csv' mode='r' encoding='UTF-8'>
  rows = [r for r in _csv.reader(f.open())
ResourceWarning: Enable tracemalloc to get the object allocation traceback
/home/alexander/Schreibtisch/ofa-v2/src/tools/result_audit.py:1446: ResourceWarning: unclosed file <_io.TextIOWrapper name='/home/alexander/Schreibtisch/ofa-v2/campaign3_blind/runs/C3_27b_MCP_seed5532/work/solution_level1_B.csv' mode='r' encoding='UTF-8'>
  rows = [r for r in _csv.reader(f.open())
ResourceWarning: Enable tracemalloc to get the object allocation traceback
/home/alexander/Schreibtisch/ofa-v2/src/tools/result_audit.py:419: ResourceWarning: unclosed file <_io.TextIOWrapper name='/home/alexander/Schreibtisch/ofa-v2/campaign3_blind/runs/C3_27b_MCP_seed5533/work/residual_level1.csv' mode='r' encoding='UTF-8'>
  body = tuple(r[-1].strip() for r in _csv.reader(q.open()) if r)
ResourceWarning: Enable tracemalloc to get the object allocation traceback
/home/alexander/Schreibtisch/ofa-v2/src/tools/result_audit.py:419: ResourceWarning: unclosed file <_io.TextIOWrapper name='/home/alexander/Schreibtisch/ofa-v2/campaign3_blind/runs/C3_27b_MCP_seed5533/work/residual_level2.csv' mode='r' encoding='UTF-8'>
  body = tuple(r[-1].strip() for r in _csv.reader(q.open()) if r)
ResourceWarning: Enable tracemalloc to get the object allocation traceback
/home/alexander/Schreibtisch/ofa-v2/src/tools/result_audit.py:419: ResourceWarning: unclosed file <_io.TextIOWrapper name='/home/alexander/Schreibtisch/ofa-v2/campaign3_blind/runs/C3_27b_MCP_seed5533/work/residual_level3.csv' mode='r' encoding='UTF-8'>
  body = tuple(r[-1].strip() for r in _csv.reader(q.open()) if r)
ResourceWarning: Enable tracemalloc to get the object allocation traceback
/home/alexander/Schreibtisch/ofa-v2/src/tools/result_audit.py:534: ResourceWarning: unclosed file <_io.TextIOWrapper name='/home/alexander/Schreibtisch/ofa-v2/campaign3_blind/runs/C3_27b_MCP_seed5533/work/solution_level1_A.csv' mode='r' encoding='UTF-8'>
  rows = sum(1 for _ in open(sol0[0], errors="ignore")) - 1
ResourceWarning: Enable tracemalloc to get the object allocation traceback
/home/alexander/Schreibtisch/ofa-v2/src/tools/result_audit.py:1446: ResourceWarning: unclosed file <_io.TextIOWrapper name='/home/alexander/Schreibtisch/ofa-v2/campaign3_blind/runs/C3_27b_MCP_seed5533/work/solution_level1_A.csv' mode='r' encoding='UTF-8'>
  rows = [r for r in _csv.reader(f.open())
ResourceWarning: Enable tracemalloc to get the object allocation traceback
/home/alexander/Schreibtisch/ofa-v2/src/tools/result_audit.py:1446: ResourceWarning: unclosed file <_io.TextIOWrapper name='/home/alexander/Schreibtisch/ofa-v2/campaign3_blind/runs/C3_27b_MCP_seed5533/work/solution_level1_B.csv' mode='r' encoding='UTF-8'>
  rows = [r for r in _csv.reader(f.open())
ResourceWarning: Enable tracemalloc to get the object allocation traceback
/home/alexander/Schreibtisch/ofa-v2/src/tools/result_audit.py:1446: ResourceWarning: unclosed file <_io.TextIOWrapper name='/home/alexander/Schreibtisch/ofa-v2/campaign3_blind/runs/C3_27b_MCP_seed5533/work/solution_level2_A.csv' mode='r' encoding='UTF-8'>
  rows = [r for r in _csv.reader(f.open())
ResourceWarning: Enable tracemalloc to get the object allocation traceback
/home/alexander/Schreibtisch/ofa-v2/src/tools/result_audit.py:1446: ResourceWarning: unclosed file <_io.TextIOWrapper name='/home/alexander/Schreibtisch/ofa-v2/campaign3_blind/runs/C3_27b_MCP_seed5533/work/solution_level2_B.csv' mode='r' encoding='UTF-8'>
  rows = [r for r in _csv.reader(f.open())
ResourceWarning: Enable tracemalloc to get the object allocation traceback
/home/alexander/Schreibtisch/ofa-v2/src/tools/result_audit.py:1446: ResourceWarning: unclosed file <_io.TextIOWrapper name='/home/alexander/Schreibtisch/ofa-v2/campaign3_blind/runs/C3_27b_MCP_seed5533/work/solution_level3_A.csv' mode='r' encoding='UTF-8'>
  rows = [r for r in _csv.reader(f.open())
ResourceWarning: Enable tracemalloc to get the object allocation traceback
/home/alexander/Schreibtisch/ofa-v2/src/tools/result_audit.py:1446: ResourceWarning: unclosed file <_io.TextIOWrapper name='/home/alexander/Schreibtisch/ofa-v2/campaign3_blind/runs/C3_27b_MCP_seed5533/work/solution_level3_B.csv' mode='r' encoding='UTF-8'>
  rows = [r for r in _csv.reader(f.open())
ResourceWarning: Enable tracemalloc to get the object allocation traceback
/home/alexander/Schreibtisch/ofa-v2/src/tools/result_audit.py:419: ResourceWarning: unclosed file <_io.TextIOWrapper name='/home/alexander/Schreibtisch/ofa-v2/campaign3_blind/runs/C3_27b_MCP_seed5532/work/residual_level1.csv' mode='r' encoding='UTF-8'>
  body = tuple(r[-1].strip() for r in _csv.reader(q.open()) if r)
ResourceWarning: Enable tracemalloc to get the object allocation traceback
/home/alexander/Schreibtisch/ofa-v2/src/tools/result_audit.py:534: ResourceWarning: unclosed file <_io.TextIOWrapper name='/home/alexander/Schreibtisch/ofa-v2/campaign3_blind/runs/C3_27b_MCP_seed5532/work/side_A/solution_level1_A.csv' mode='r' encoding='UTF-8'>
  rows = sum(1 for _ in open(sol0[0], errors="ignore")) - 1
ResourceWarning: Enable tracemalloc to get the object allocation traceback
/home/alexander/Schreibtisch/ofa-v2/src/tools/result_audit.py:1446: ResourceWarning: unclosed file <_io.TextIOWrapper name='/home/alexander/Schreibtisch/ofa-v2/campaign3_blind/runs/C3_27b_MCP_seed5532/work/side_A/solution_level1_A.csv' mode='r' encoding='UTF-8'>
  rows = [r for r in _csv.reader(f.open())
ResourceWarning: Enable tracemalloc to get the object allocation traceback
/home/alexander/Schreibtisch/ofa-v2/src/tools/result_audit.py:1446: ResourceWarning: unclosed file <_io.TextIOWrapper name='/home/alexander/Schreibtisch/ofa-v2/campaign3_blind/runs/C3_27b_MCP_seed5532/work/side_B/solution_level1_B.csv' mode='r' encoding='UTF-8'>
  rows = [r for r in _csv.reader(f.open())
ResourceWarning: Enable tracemalloc to get the object allocation traceback
/home/alexander/Schreibtisch/ofa-v2/src/tools/result_audit.py:1446: ResourceWarning: unclosed file <_io.TextIOWrapper name='/home/alexander/Schreibtisch/ofa-v2/campaign3_blind/runs/C3_27b_MCP_seed5532/work/solution_level1_A.csv' mode='r' encoding='UTF-8'>
  rows = [r for r in _csv.reader(f.open())
ResourceWarning: Enable tracemalloc to get the object allocation traceback
/home/alexander/Schreibtisch/ofa-v2/src/tools/result_audit.py:1446: ResourceWarning: unclosed file <_io.TextIOWrapper name='/home/alexander/Schreibtisch/ofa-v2/campaign3_blind/runs/C3_27b_MCP_seed5532/work/solution_level1_B.csv' mode='r' encoding='UTF-8'>
  rows = [r for r in _csv.reader(f.open())
ResourceWarning: Enable tracemalloc to get the object allocation traceback
/home/alexander/Schreibtisch/ofa-v2/src/tools/result_audit.py:419: ResourceWarning: unclosed file <_io.TextIOWrapper name='/home/alexander/Schreibtisch/ofa-v2/campaign3_blind/runs/C3_27b_MCP_seed5532/work/residual_level1.csv' mode='r' encoding='UTF-8'>
  body = tuple(r[-1].strip() for r in _csv.reader(q.open()) if r)
ResourceWarning: Enable tracemalloc to get the object allocation traceback
/home/alexander/Schreibtisch/ofa-v2/src/tools/result_audit.py:534: ResourceWarning: unclosed file <_io.TextIOWrapper name='/home/alexander/Schreibtisch/ofa-v2/campaign3_blind/runs/C3_27b_MCP_seed5532/work/side_A/solution_level1_A.csv' mode='r' encoding='UTF-8'>
  rows = sum(1 for _ in open(sol0[0], errors="ignore")) - 1
ResourceWarning: Enable tracemalloc to get the object allocation traceback
/home/alexander/Schreibtisch/ofa-v2/src/tools/result_audit.py:1446: ResourceWarning: unclosed file <_io.TextIOWrapper name='/home/alexander/Schreibtisch/ofa-v2/campaign3_blind/runs/C3_27b_MCP_seed5532/work/side_A/solution_level1_A.csv' mode='r' encoding='UTF-8'>
  rows = [r for r in _csv.reader(f.open())
ResourceWarning: Enable tracemalloc to get the object allocation traceback
/home/alexander/Schreibtisch/ofa-v2/src/tools/result_audit.py:1446: ResourceWarning: unclosed file <_io.TextIOWrapper name='/home/alexander/Schreibtisch/ofa-v2/campaign3_blind/runs/C3_27b_MCP_seed5532/work/side_B/solution_level1_B.csv' mode='r' encoding='UTF-8'>
  rows = [r for r in _csv.reader(f.open())
ResourceWarning: Enable tracemalloc to get the object allocation traceback
/home/alexander/Schreibtisch/ofa-v2/src/tools/result_audit.py:1446: ResourceWarning: unclosed file <_io.TextIOWrapper name='/home/alexander/Schreibtisch/ofa-v2/campaign3_blind/runs/C3_27b_MCP_seed5532/work/solution_level1_A.csv' mode='r' encoding='UTF-8'>
  rows = [r for r in _csv.reader(f.open())
ResourceWarning: Enable tracemalloc to get the object allocation traceback
/home/alexander/Schreibtisch/ofa-v2/src/tools/result_audit.py:1446: ResourceWarning: unclosed file <_io.TextIOWrapper name='/home/alexander/Schreibtisch/ofa-v2/campaign3_blind/runs/C3_27b_MCP_seed5532/work/solution_level1_B.csv' mode='r' encoding='UTF-8'>
  rows = [r for r in _csv.reader(f.open())
ResourceWarning: Enable tracemalloc to get the object allocation traceback
/home/alexander/Schreibtisch/ofa-v2/src/tools/result_audit.py:419: ResourceWarning: unclosed file <_io.TextIOWrapper name='/home/alexander/Schreibtisch/ofa-v2/campaign3_blind/runs/C3_27b_MCP_seed5532/work/residual_level1.csv' mode='r' encoding='UTF-8'>
  body = tuple(r[-1].strip() for r in _csv.reader(q.open()) if r)
ResourceWarning: Enable tracemalloc to get the object allocation traceback
/home/alexander/Schreibtisch/ofa-v2/src/tools/result_audit.py:534: ResourceWarning: unclosed file <_io.TextIOWrapper name='/home/alexander/Schreibtisch/ofa-v2/campaign3_blind/runs/C3_27b_MCP_seed5532/work/side_A/solution_level1_A.csv' mode='r' encoding='UTF-8'>
  rows = sum(1 for _ in open(sol0[0], errors="ignore")) - 1
ResourceWarning: Enable tracemalloc to get the object allocation traceback
/home/alexander/Schreibtisch/ofa-v2/src/tools/result_audit.py:1446: ResourceWarning: unclosed file <_io.TextIOWrapper name='/home/alexander/Schreibtisch/ofa-v2/campaign3_blind/runs/C3_27b_MCP_seed5532/work/side_A/solution_level1_A.csv' mode='r' encoding='UTF-8'>
  rows = [r for r in _csv.reader(f.open())
ResourceWarning: Enable tracemalloc to get the object allocation traceback
/home/alexander/Schreibtisch/ofa-v2/src/tools/result_audit.py:1446: ResourceWarning: unclosed file <_io.TextIOWrapper name='/home/alexander/Schreibtisch/ofa-v2/campaign3_blind/runs/C3_27b_MCP_seed5532/work/side_B/solution_level1_B.csv' mode='r' encoding='UTF-8'>
  rows = [r for r in _csv.reader(f.open())
ResourceWarning: Enable tracemalloc to get the object allocation traceback
/home/alexander/Schreibtisch/ofa-v2/src/tools/result_audit.py:1446: ResourceWarning: unclosed file <_io.TextIOWrapper name='/home/alexander/Schreibtisch/ofa-v2/campaign3_blind/runs/C3_27b_MCP_seed5532/work/solution_level1_A.csv' mode='r' encoding='UTF-8'>
  rows = [r for r in _csv.reader(f.open())
ResourceWarning: Enable tracemalloc to get the object allocation traceback
/home/alexander/Schreibtisch/ofa-v2/src/tools/result_audit.py:1446: ResourceWarning: unclosed file <_io.TextIOWrapper name='/home/alexander/Schreibtisch/ofa-v2/campaign3_blind/runs/C3_27b_MCP_seed5532/work/solution_level1_B.csv' mode='r' encoding='UTF-8'>
  rows = [r for r in _csv.reader(f.open())
ResourceWarning: Enable tracemalloc to get the object allocation traceback
/home/alexander/Schreibtisch/ofa-v2/src/tools/result_audit.py:419: ResourceWarning: unclosed file <_io.TextIOWrapper name='/home/alexander/Schreibtisch/ofa-v2/campaign3_blind/runs/C3_27b_MCP_seed5532/work/residual_level1.csv' mode='r' encoding='UTF-8'>
  body = tuple(r[-1].strip() for r in _csv.reader(q.open()) if r)
ResourceWarning: Enable tracemalloc to get the object allocation traceback
/home/alexander/Schreibtisch/ofa-v2/src/tools/result_audit.py:534: ResourceWarning: unclosed file <_io.TextIOWrapper name='/home/alexander/Schreibtisch/ofa-v2/campaign3_blind/runs/C3_27b_MCP_seed5532/work/side_A/solution_level1_A.csv' mode='r' encoding='UTF-8'>
  rows = sum(1 for _ in open(sol0[0], errors="ignore")) - 1
ResourceWarning: Enable tracemalloc to get the object allocation traceback
/home/alexander/Schreibtisch/ofa-v2/src/tools/result_audit.py:1446: ResourceWarning: unclosed file <_io.TextIOWrapper name='/home/alexander/Schreibtisch/ofa-v2/campaign3_blind/runs/C3_27b_MCP_seed5532/work/side_A/solution_level1_A.csv' mode='r' encoding='UTF-8'>
  rows = [r for r in _csv.reader(f.open())
ResourceWarning: Enable tracemalloc to get the object allocation traceback
/home/alexander/Schreibtisch/ofa-v2/src/tools/result_audit.py:1446: ResourceWarning: unclosed file <_io.TextIOWrapper name='/home/alexander/Schreibtisch/ofa-v2/campaign3_blind/runs/C3_27b_MCP_seed5532/work/side_B/solution_level1_B.csv' mode='r' encoding='UTF-8'>
  rows = [r for r in _csv.reader(f.open())
ResourceWarning: Enable tracemalloc to get the object allocation traceback
/home/alexander/Schreibtisch/ofa-v2/src/tools/result_audit.py:1446: ResourceWarning: unclosed file <_io.TextIOWrapper name='/home/alexander/Schreibtisch/ofa-v2/campaign3_blind/runs/C3_27b_MCP_seed5532/work/solution_level1_A.csv' mode='r' encoding='UTF-8'>
  rows = [r for r in _csv.reader(f.open())
ResourceWarning: Enable tracemalloc to get the object allocation traceback
/home/alexander/Schreibtisch/ofa-v2/src/tools/result_audit.py:1446: ResourceWarning: unclosed file <_io.TextIOWrapper name='/home/alexander/Schreibtisch/ofa-v2/campaign3_blind/runs/C3_27b_MCP_seed5532/work/solution_level1_B.csv' mode='r' encoding='UTF-8'>
  rows = [r for r in _csv.reader(f.open())
ResourceWarning: Enable tracemalloc to get the object allocation traceback
2026-09-08 17:17:50,528 [oasis] INFO: Session journal saved: /tmp/oasis-source/data/sessions/session_5d97703b-d6fe-489c-acd4-cf8654d22d16.json (11 events)
[preflight] custody controls verified for 1 problem(s); keys sealed and unreadable by execution
[phase: development] results are for post-mortems and convergence checking, NOT for the paper's evaluation table.
[DUNE cache] sha256=dc2d5b8ff2ebf98e... (neutral, private copy per cell)
[C3 27b MCP s5533] done  calls=58 tok=5533108/39488 2267.9s
/home/alexander/.local/share/python/cpython-3.12.13-linux-x86_64-gnu/lib/python3.12/asyncio/selector_events.py:879: ResourceWarning: unclosed transport <_SelectorSocketTransport fd=9>
<<< C3 seed 5533 done 2026-09-08 17:17:51
/home/alexander/Schreibtisch/ofa-v2/src/tools/result_audit.py:419: ResourceWarning: unclosed file <_io.TextIOWrapper name='/home/alexander/Schreibtisch/ofa-v2/campaign3_blind/runs/C3_27b_MCP_seed5532/work/residual_level1.csv' mode='r' encoding='UTF-8'>
  body = tuple(r[-1].strip() for r in _csv.reader(q.open()) if r)
ResourceWarning: Enable tracemalloc to get the object allocation traceback
/home/alexander/Schreibtisch/ofa-v2/src/tools/result_audit.py:534: ResourceWarning: unclosed file <_io.TextIOWrapper name='/home/alexander/Schreibtisch/ofa-v2/campaign3_blind/runs/C3_27b_MCP_seed5532/work/side_A/solution_level1_A.csv' mode='r' encoding='UTF-8'>
  rows = sum(1 for _ in open(sol0[0], errors="ignore")) - 1
ResourceWarning: Enable tracemalloc to get the object allocation traceback
/home/alexander/Schreibtisch/ofa-v2/src/tools/result_audit.py:1446: ResourceWarning: unclosed file <_io.TextIOWrapper name='/home/alexander/Schreibtisch/ofa-v2/campaign3_blind/runs/C3_27b_MCP_seed5532/work/side_A/solution_level1_A.csv' mode='r' encoding='UTF-8'>
  rows = [r for r in _csv.reader(f.open())
ResourceWarning: Enable tracemalloc to get the object allocation traceback
/home/alexander/Schreibtisch/ofa-v2/src/tools/result_audit.py:1446: ResourceWarning: unclosed file <_io.TextIOWrapper name='/home/alexander/Schreibtisch/ofa-v2/campaign3_blind/runs/C3_27b_MCP_seed5532/work/side_B/solution_level1_B.csv' mode='r' encoding='UTF-8'>
  rows = [r for r in _csv.reader(f.open())
ResourceWarning: Enable tracemalloc to get the object allocation traceback
/home/alexander/Schreibtisch/ofa-v2/src/tools/result_audit.py:1446: ResourceWarning: unclosed file <_io.TextIOWrapper name='/home/alexander/Schreibtisch/ofa-v2/campaign3_blind/runs/C3_27b_MCP_seed5532/work/solution_level1_A.csv' mode='r' encoding='UTF-8'>
  rows = [r for r in _csv.reader(f.open())
ResourceWarning: Enable tracemalloc to get the object allocation traceback
/home/alexander/Schreibtisch/ofa-v2/src/tools/result_audit.py:1446: ResourceWarning: unclosed file <_io.TextIOWrapper name='/home/alexander/Schreibtisch/ofa-v2/campaign3_blind/runs/C3_27b_MCP_seed5532/work/solution_level1_B.csv' mode='r' encoding='UTF-8'>
  rows = [r for r in _csv.reader(f.open())
ResourceWarning: Enable tracemalloc to get the object allocation traceback
/home/alexander/Schreibtisch/ofa-v2/src/tools/result_audit.py:419: ResourceWarning: unclosed file <_io.TextIOWrapper name='/home/alexander/Schreibtisch/ofa-v2/campaign3_blind/runs/C3_27b_MCP_seed5532/work/residual_level1.csv' mode='r' encoding='UTF-8'>
  body = tuple(r[-1].strip() for r in _csv.reader(q.open()) if r)
ResourceWarning: Enable tracemalloc to get the object allocation traceback
/home/alexander/Schreibtisch/ofa-v2/src/tools/result_audit.py:534: ResourceWarning: unclosed file <_io.TextIOWrapper name='/home/alexander/Schreibtisch/ofa-v2/campaign3_blind/runs/C3_27b_MCP_seed5532/work/side_A/solution_level1_A.csv' mode='r' encoding='UTF-8'>
  rows = sum(1 for _ in open(sol0[0], errors="ignore")) - 1
ResourceWarning: Enable tracemalloc to get the object allocation traceback
/home/alexander/Schreibtisch/ofa-v2/src/tools/result_audit.py:1446: ResourceWarning: unclosed file <_io.TextIOWrapper name='/home/alexander/Schreibtisch/ofa-v2/campaign3_blind/runs/C3_27b_MCP_seed5532/work/side_A/solution_level1_A.csv' mode='r' encoding='UTF-8'>
  rows = [r for r in _csv.reader(f.open())
ResourceWarning: Enable tracemalloc to get the object allocation traceback
/home/alexander/Schreibtisch/ofa-v2/src/tools/result_audit.py:1446: ResourceWarning: unclosed file <_io.TextIOWrapper name='/home/alexander/Schreibtisch/ofa-v2/campaign3_blind/runs/C3_27b_MCP_seed5532/work/side_B/solution_level1_B.csv' mode='r' encoding='UTF-8'>
  rows = [r for r in _csv.reader(f.open())
ResourceWarning: Enable tracemalloc to get the object allocation traceback
/home/alexander/Schreibtisch/ofa-v2/src/tools/result_audit.py:1446: ResourceWarning: unclosed file <_io.TextIOWrapper name='/home/alexander/Schreibtisch/ofa-v2/campaign3_blind/runs/C3_27b_MCP_seed5532/work/solution_level1_A.csv' mode='r' encoding='UTF-8'>
  rows = [r for r in _csv.reader(f.open())
ResourceWarning: Enable tracemalloc to get the object allocation traceback
/home/alexander/Schreibtisch/ofa-v2/src/tools/result_audit.py:1446: ResourceWarning: unclosed file <_io.TextIOWrapper name='/home/alexander/Schreibtisch/ofa-v2/campaign3_blind/runs/C3_27b_MCP_seed5532/work/solution_level1_B.csv' mode='r' encoding='UTF-8'>
  rows = [r for r in _csv.reader(f.open())
ResourceWarning: Enable tracemalloc to get the object allocation traceback
/home/alexander/Schreibtisch/ofa-v2/src/tools/result_audit.py:419: ResourceWarning: unclosed file <_io.TextIOWrapper name='/home/alexander/Schreibtisch/ofa-v2/campaign3_blind/runs/C3_27b_MCP_seed5532/work/residual_level1.csv' mode='r' encoding='UTF-8'>
  body = tuple(r[-1].strip() for r in _csv.reader(q.open()) if r)
ResourceWarning: Enable tracemalloc to get the object allocation traceback
/home/alexander/Schreibtisch/ofa-v2/src/tools/result_audit.py:534: ResourceWarning: unclosed file <_io.TextIOWrapper name='/home/alexander/Schreibtisch/ofa-v2/campaign3_blind/runs/C3_27b_MCP_seed5532/work/side_A/solution_level1_A.csv' mode='r' encoding='UTF-8'>
  rows = sum(1 for _ in open(sol0[0], errors="ignore")) - 1
ResourceWarning: Enable tracemalloc to get the object allocation traceback
/home/alexander/Schreibtisch/ofa-v2/src/tools/result_audit.py:1446: ResourceWarning: unclosed file <_io.TextIOWrapper name='/home/alexander/Schreibtisch/ofa-v2/campaign3_blind/runs/C3_27b_MCP_seed5532/work/side_A/solution_level1_A.csv' mode='r' encoding='UTF-8'>
  rows = [r for r in _csv.reader(f.open())
ResourceWarning: Enable tracemalloc to get the object allocation traceback
/home/alexander/Schreibtisch/ofa-v2/src/tools/result_audit.py:1446: ResourceWarning: unclosed file <_io.TextIOWrapper name='/home/alexander/Schreibtisch/ofa-v2/campaign3_blind/runs/C3_27b_MCP_seed5532/work/side_B/solution_level1_B.csv' mode='r' encoding='UTF-8'>
  rows = [r for r in _csv.reader(f.open())
ResourceWarning: Enable tracemalloc to get the object allocation traceback
/home/alexander/Schreibtisch/ofa-v2/src/tools/result_audit.py:1446: ResourceWarning: unclosed file <_io.TextIOWrapper name='/home/alexander/Schreibtisch/ofa-v2/campaign3_blind/runs/C3_27b_MCP_seed5532/work/solution_level1_A.csv' mode='r' encoding='UTF-8'>
  rows = [r for r in _csv.reader(f.open())
ResourceWarning: Enable tracemalloc to get the object allocation traceback
/home/alexander/Schreibtisch/ofa-v2/src/tools/result_audit.py:1446: ResourceWarning: unclosed file <_io.TextIOWrapper name='/home/alexander/Schreibtisch/ofa-v2/campaign3_blind/runs/C3_27b_MCP_seed5532/work/solution_level1_B.csv' mode='r' encoding='UTF-8'>
  rows = [r for r in _csv.reader(f.open())
ResourceWarning: Enable tracemalloc to get the object allocation traceback
/home/alexander/Schreibtisch/ofa-v2/src/tools/result_audit.py:419: ResourceWarning: unclosed file <_io.TextIOWrapper name='/home/alexander/Schreibtisch/ofa-v2/campaign3_blind/runs/C3_27b_MCP_seed5532/work/residual_level1.csv' mode='r' encoding='UTF-8'>
  body = tuple(r[-1].strip() for r in _csv.reader(q.open()) if r)
ResourceWarning: Enable tracemalloc to get the object allocation traceback
/home/alexander/Schreibtisch/ofa-v2/src/tools/result_audit.py:534: ResourceWarning: unclosed file <_io.TextIOWrapper name='/home/alexander/Schreibtisch/ofa-v2/campaign3_blind/runs/C3_27b_MCP_seed5532/work/side_A/solution_level1_A.csv' mode='r' encoding='UTF-8'>
  rows = sum(1 for _ in open(sol0[0], errors="ignore")) - 1
ResourceWarning: Enable tracemalloc to get the object allocation traceback
/home/alexander/Schreibtisch/ofa-v2/src/tools/result_audit.py:1446: ResourceWarning: unclosed file <_io.TextIOWrapper name='/home/alexander/Schreibtisch/ofa-v2/campaign3_blind/runs/C3_27b_MCP_seed5532/work/side_A/solution_level1_A.csv' mode='r' encoding='UTF-8'>
  rows = [r for r in _csv.reader(f.open())
ResourceWarning: Enable tracemalloc to get the object allocation traceback
/home/alexander/Schreibtisch/ofa-v2/src/tools/result_audit.py:1446: ResourceWarning: unclosed file <_io.TextIOWrapper name='/home/alexander/Schreibtisch/ofa-v2/campaign3_blind/runs/C3_27b_MCP_seed5532/work/side_B/solution_level1_B.csv' mode='r' encoding='UTF-8'>
  rows = [r for r in _csv.reader(f.open())
ResourceWarning: Enable tracemalloc to get the object allocation traceback
/home/alexander/Schreibtisch/ofa-v2/src/tools/result_audit.py:1446: ResourceWarning: unclosed file <_io.TextIOWrapper name='/home/alexander/Schreibtisch/ofa-v2/campaign3_blind/runs/C3_27b_MCP_seed5532/work/solution_level1_A.csv' mode='r' encoding='UTF-8'>
  rows = [r for r in _csv.reader(f.open())
ResourceWarning: Enable tracemalloc to get the object allocation traceback
/home/alexander/Schreibtisch/ofa-v2/src/tools/result_audit.py:1446: ResourceWarning: unclosed file <_io.TextIOWrapper name='/home/alexander/Schreibtisch/ofa-v2/campaign3_blind/runs/C3_27b_MCP_seed5532/work/solution_level1_B.csv' mode='r' encoding='UTF-8'>
  rows = [r for r in _csv.reader(f.open())
ResourceWarning: Enable tracemalloc to get the object allocation traceback
/home/alexander/Schreibtisch/ofa-v2/src/tools/result_audit.py:419: ResourceWarning: unclosed file <_io.TextIOWrapper name='/home/alexander/Schreibtisch/ofa-v2/campaign3_blind/runs/C3_27b_MCP_seed5532/work/residual_level1.csv' mode='r' encoding='UTF-8'>
  body = tuple(r[-1].strip() for r in _csv.reader(q.open()) if r)
ResourceWarning: Enable tracemalloc to get the object allocation traceback
/home/alexander/Schreibtisch/ofa-v2/src/tools/result_audit.py:534: ResourceWarning: unclosed file <_io.TextIOWrapper name='/home/alexander/Schreibtisch/ofa-v2/campaign3_blind/runs/C3_27b_MCP_seed5532/work/side_A/solution_level1_A.csv' mode='r' encoding='UTF-8'>
  rows = sum(1 for _ in open(sol0[0], errors="ignore")) - 1
ResourceWarning: Enable tracemalloc to get the object allocation traceback
/home/alexander/Schreibtisch/ofa-v2/src/tools/result_audit.py:1446: ResourceWarning: unclosed file <_io.TextIOWrapper name='/home/alexander/Schreibtisch/ofa-v2/campaign3_blind/runs/C3_27b_MCP_seed5532/work/side_A/solution_level1_A.csv' mode='r' encoding='UTF-8'>
  rows = [r for r in _csv.reader(f.open())
ResourceWarning: Enable tracemalloc to get the object allocation traceback
/home/alexander/Schreibtisch/ofa-v2/src/tools/result_audit.py:1446: ResourceWarning: unclosed file <_io.TextIOWrapper name='/home/alexander/Schreibtisch/ofa-v2/campaign3_blind/runs/C3_27b_MCP_seed5532/work/side_B/solution_level1_B.csv' mode='r' encoding='UTF-8'>
  rows = [r for r in _csv.reader(f.open())
ResourceWarning: Enable tracemalloc to get the object allocation traceback
/home/alexander/Schreibtisch/ofa-v2/src/tools/result_audit.py:1446: ResourceWarning: unclosed file <_io.TextIOWrapper name='/home/alexander/Schreibtisch/ofa-v2/campaign3_blind/runs/C3_27b_MCP_seed5532/work/solution_level1_A.csv' mode='r' encoding='UTF-8'>
  rows = [r for r in _csv.reader(f.open())
ResourceWarning: Enable tracemalloc to get the object allocation traceback
/home/alexander/Schreibtisch/ofa-v2/src/tools/result_audit.py:1446: ResourceWarning: unclosed file <_io.TextIOWrapper name='/home/alexander/Schreibtisch/ofa-v2/campaign3_blind/runs/C3_27b_MCP_seed5532/work/solution_level1_B.csv' mode='r' encoding='UTF-8'>
  rows = [r for r in _csv.reader(f.open())
ResourceWarning: Enable tracemalloc to get the object allocation traceback
/home/alexander/Schreibtisch/ofa-v2/src/tools/result_audit.py:419: ResourceWarning: unclosed file <_io.TextIOWrapper name='/home/alexander/Schreibtisch/ofa-v2/campaign3_blind/runs/C3_27b_MCP_seed5532/work/residual_level1.csv' mode='r' encoding='UTF-8'>
  body = tuple(r[-1].strip() for r in _csv.reader(q.open()) if r)
ResourceWarning: Enable tracemalloc to get the object allocation traceback
/home/alexander/Schreibtisch/ofa-v2/src/tools/result_audit.py:534: ResourceWarning: unclosed file <_io.TextIOWrapper name='/home/alexander/Schreibtisch/ofa-v2/campaign3_blind/runs/C3_27b_MCP_seed5532/work/side_A/solution_level1_A.csv' mode='r' encoding='UTF-8'>
  rows = sum(1 for _ in open(sol0[0], errors="ignore")) - 1
ResourceWarning: Enable tracemalloc to get the object allocation traceback
/home/alexander/Schreibtisch/ofa-v2/src/tools/result_audit.py:1446: ResourceWarning: unclosed file <_io.TextIOWrapper name='/home/alexander/Schreibtisch/ofa-v2/campaign3_blind/runs/C3_27b_MCP_seed5532/work/side_A/solution_level1_A.csv' mode='r' encoding='UTF-8'>
  rows = [r for r in _csv.reader(f.open())
ResourceWarning: Enable tracemalloc to get the object allocation traceback
/home/alexander/Schreibtisch/ofa-v2/src/tools/result_audit.py:1446: ResourceWarning: unclosed file <_io.TextIOWrapper name='/home/alexander/Schreibtisch/ofa-v2/campaign3_blind/runs/C3_27b_MCP_seed5532/work/side_B/solution_level1_B.csv' mode='r' encoding='UTF-8'>
  rows = [r for r in _csv.reader(f.open())
ResourceWarning: Enable tracemalloc to get the object allocation traceback
/home/alexander/Schreibtisch/ofa-v2/src/tools/result_audit.py:1446: ResourceWarning: unclosed file <_io.TextIOWrapper name='/home/alexander/Schreibtisch/ofa-v2/campaign3_blind/runs/C3_27b_MCP_seed5532/work/solution_level1_A.csv' mode='r' encoding='UTF-8'>
  rows = [r for r in _csv.reader(f.open())
ResourceWarning: Enable tracemalloc to get the object allocation traceback
/home/alexander/Schreibtisch/ofa-v2/src/tools/result_audit.py:1446: ResourceWarning: unclosed file <_io.TextIOWrapper name='/home/alexander/Schreibtisch/ofa-v2/campaign3_blind/runs/C3_27b_MCP_seed5532/work/solution_level1_B.csv' mode='r' encoding='UTF-8'>
  rows = [r for r in _csv.reader(f.open())
ResourceWarning: Enable tracemalloc to get the object allocation traceback
/home/alexander/Schreibtisch/ofa-v2/src/tools/result_audit.py:419: ResourceWarning: unclosed file <_io.TextIOWrapper name='/home/alexander/Schreibtisch/ofa-v2/campaign3_blind/runs/C3_27b_MCP_seed5532/work/residual_level1.csv' mode='r' encoding='UTF-8'>
  body = tuple(r[-1].strip() for r in _csv.reader(q.open()) if r)
ResourceWarning: Enable tracemalloc to get the object allocation traceback
/home/alexander/Schreibtisch/ofa-v2/src/tools/result_audit.py:534: ResourceWarning: unclosed file <_io.TextIOWrapper name='/home/alexander/Schreibtisch/ofa-v2/campaign3_blind/runs/C3_27b_MCP_seed5532/work/side_A/solution_level1_A.csv' mode='r' encoding='UTF-8'>
  rows = sum(1 for _ in open(sol0[0], errors="ignore")) - 1
ResourceWarning: Enable tracemalloc to get the object allocation traceback
/home/alexander/Schreibtisch/ofa-v2/src/tools/result_audit.py:1446: ResourceWarning: unclosed file <_io.TextIOWrapper name='/home/alexander/Schreibtisch/ofa-v2/campaign3_blind/runs/C3_27b_MCP_seed5532/work/side_A/solution_level1_A.csv' mode='r' encoding='UTF-8'>
  rows = [r for r in _csv.reader(f.open())
ResourceWarning: Enable tracemalloc to get the object allocation traceback
/home/alexander/Schreibtisch/ofa-v2/src/tools/result_audit.py:1446: ResourceWarning: unclosed file <_io.TextIOWrapper name='/home/alexander/Schreibtisch/ofa-v2/campaign3_blind/runs/C3_27b_MCP_seed5532/work/side_B/solution_level1_B.csv' mode='r' encoding='UTF-8'>
  rows = [r for r in _csv.reader(f.open())
ResourceWarning: Enable tracemalloc to get the object allocation traceback
/home/alexander/Schreibtisch/ofa-v2/src/tools/result_audit.py:1446: ResourceWarning: unclosed file <_io.TextIOWrapper name='/home/alexander/Schreibtisch/ofa-v2/campaign3_blind/runs/C3_27b_MCP_seed5532/work/solution_level1_A.csv' mode='r' encoding='UTF-8'>
  rows = [r for r in _csv.reader(f.open())
ResourceWarning: Enable tracemalloc to get the object allocation traceback
/home/alexander/Schreibtisch/ofa-v2/src/tools/result_audit.py:1446: ResourceWarning: unclosed file <_io.TextIOWrapper name='/home/alexander/Schreibtisch/ofa-v2/campaign3_blind/runs/C3_27b_MCP_seed5532/work/solution_level1_B.csv' mode='r' encoding='UTF-8'>
  rows = [r for r in _csv.reader(f.open())
ResourceWarning: Enable tracemalloc to get the object allocation traceback
/home/alexander/Schreibtisch/ofa-v2/src/tools/result_audit.py:419: ResourceWarning: unclosed file <_io.TextIOWrapper name='/home/alexander/Schreibtisch/ofa-v2/campaign3_blind/runs/C3_27b_MCP_seed5532/work/residual_level1.csv' mode='r' encoding='UTF-8'>
  body = tuple(r[-1].strip() for r in _csv.reader(q.open()) if r)
ResourceWarning: Enable tracemalloc to get the object allocation traceback
/home/alexander/Schreibtisch/ofa-v2/src/tools/result_audit.py:534: ResourceWarning: unclosed file <_io.TextIOWrapper name='/home/alexander/Schreibtisch/ofa-v2/campaign3_blind/runs/C3_27b_MCP_seed5532/work/side_A/solution_level1_A.csv' mode='r' encoding='UTF-8'>
  rows = sum(1 for _ in open(sol0[0], errors="ignore")) - 1
ResourceWarning: Enable tracemalloc to get the object allocation traceback
/home/alexander/Schreibtisch/ofa-v2/src/tools/result_audit.py:1446: ResourceWarning: unclosed file <_io.TextIOWrapper name='/home/alexander/Schreibtisch/ofa-v2/campaign3_blind/runs/C3_27b_MCP_seed5532/work/side_A/solution_level1_A.csv' mode='r' encoding='UTF-8'>
  rows = [r for r in _csv.reader(f.open())
ResourceWarning: Enable tracemalloc to get the object allocation traceback
/home/alexander/Schreibtisch/ofa-v2/src/tools/result_audit.py:1446: ResourceWarning: unclosed file <_io.TextIOWrapper name='/home/alexander/Schreibtisch/ofa-v2/campaign3_blind/runs/C3_27b_MCP_seed5532/work/side_B/solution_level1_B.csv' mode='r' encoding='UTF-8'>
  rows = [r for r in _csv.reader(f.open())
ResourceWarning: Enable tracemalloc to get the object allocation traceback
/home/alexander/Schreibtisch/ofa-v2/src/tools/result_audit.py:1446: ResourceWarning: unclosed file <_io.TextIOWrapper name='/home/alexander/Schreibtisch/ofa-v2/campaign3_blind/runs/C3_27b_MCP_seed5532/work/solution_level1_A.csv' mode='r' encoding='UTF-8'>
  rows = [r for r in _csv.reader(f.open())
ResourceWarning: Enable tracemalloc to get the object allocation traceback
/home/alexander/Schreibtisch/ofa-v2/src/tools/result_audit.py:1446: ResourceWarning: unclosed file <_io.TextIOWrapper name='/home/alexander/Schreibtisch/ofa-v2/campaign3_blind/runs/C3_27b_MCP_seed5532/work/solution_level1_B.csv' mode='r' encoding='UTF-8'>
  rows = [r for r in _csv.reader(f.open())
ResourceWarning: Enable tracemalloc to get the object allocation traceback
/home/alexander/Schreibtisch/ofa-v2/src/tools/result_audit.py:419: ResourceWarning: unclosed file <_io.TextIOWrapper name='/home/alexander/Schreibtisch/ofa-v2/campaign3_blind/runs/C3_27b_MCP_seed5532/work/residual_level1.csv' mode='r' encoding='UTF-8'>
  body = tuple(r[-1].strip() for r in _csv.reader(q.open()) if r)
ResourceWarning: Enable tracemalloc to get the object allocation traceback
/home/alexander/Schreibtisch/ofa-v2/src/tools/result_audit.py:534: ResourceWarning: unclosed file <_io.TextIOWrapper name='/home/alexander/Schreibtisch/ofa-v2/campaign3_blind/runs/C3_27b_MCP_seed5532/work/side_A/solution_level1_A.csv' mode='r' encoding='UTF-8'>
  rows = sum(1 for _ in open(sol0[0], errors="ignore")) - 1
ResourceWarning: Enable tracemalloc to get the object allocation traceback
/home/alexander/Schreibtisch/ofa-v2/src/tools/result_audit.py:1446: ResourceWarning: unclosed file <_io.TextIOWrapper name='/home/alexander/Schreibtisch/ofa-v2/campaign3_blind/runs/C3_27b_MCP_seed5532/work/side_A/solution_level1_A.csv' mode='r' encoding='UTF-8'>
  rows = [r for r in _csv.reader(f.open())
ResourceWarning: Enable tracemalloc to get the object allocation traceback
/home/alexander/Schreibtisch/ofa-v2/src/tools/result_audit.py:1446: ResourceWarning: unclosed file <_io.TextIOWrapper name='/home/alexander/Schreibtisch/ofa-v2/campaign3_blind/runs/C3_27b_MCP_seed5532/work/side_B/solution_level1_B.csv' mode='r' encoding='UTF-8'>
  rows = [r for r in _csv.reader(f.open())
ResourceWarning: Enable tracemalloc to get the object allocation traceback
/home/alexander/Schreibtisch/ofa-v2/src/tools/result_audit.py:1446: ResourceWarning: unclosed file <_io.TextIOWrapper name='/home/alexander/Schreibtisch/ofa-v2/campaign3_blind/runs/C3_27b_MCP_seed5532/work/solution_level1_A.csv' mode='r' encoding='UTF-8'>
  rows = [r for r in _csv.reader(f.open())
ResourceWarning: Enable tracemalloc to get the object allocation traceback
/home/alexander/Schreibtisch/ofa-v2/src/tools/result_audit.py:1446: ResourceWarning: unclosed file <_io.TextIOWrapper name='/home/alexander/Schreibtisch/ofa-v2/campaign3_blind/runs/C3_27b_MCP_seed5532/work/solution_level1_B.csv' mode='r' encoding='UTF-8'>
  rows = [r for r in _csv.reader(f.open())
ResourceWarning: Enable tracemalloc to get the object allocation traceback
/home/alexander/Schreibtisch/ofa-v2/src/tools/result_audit.py:419: ResourceWarning: unclosed file <_io.TextIOWrapper name='/home/alexander/Schreibtisch/ofa-v2/campaign3_blind/runs/C3_27b_MCP_seed5532/work/residual_level1.csv' mode='r' encoding='UTF-8'>
  body = tuple(r[-1].strip() for r in _csv.reader(q.open()) if r)
ResourceWarning: Enable tracemalloc to get the object allocation traceback
/home/alexander/Schreibtisch/ofa-v2/src/tools/result_audit.py:534: ResourceWarning: unclosed file <_io.TextIOWrapper name='/home/alexander/Schreibtisch/ofa-v2/campaign3_blind/runs/C3_27b_MCP_seed5532/work/side_A/solution_level1_A.csv' mode='r' encoding='UTF-8'>
  rows = sum(1 for _ in open(sol0[0], errors="ignore")) - 1
ResourceWarning: Enable tracemalloc to get the object allocation traceback
/home/alexander/Schreibtisch/ofa-v2/src/tools/result_audit.py:1446: ResourceWarning: unclosed file <_io.TextIOWrapper name='/home/alexander/Schreibtisch/ofa-v2/campaign3_blind/runs/C3_27b_MCP_seed5532/work/side_A/solution_level1_A.csv' mode='r' encoding='UTF-8'>
  rows = [r for r in _csv.reader(f.open())
ResourceWarning: Enable tracemalloc to get the object allocation traceback
/home/alexander/Schreibtisch/ofa-v2/src/tools/result_audit.py:1446: ResourceWarning: unclosed file <_io.TextIOWrapper name='/home/alexander/Schreibtisch/ofa-v2/campaign3_blind/runs/C3_27b_MCP_seed5532/work/side_B/solution_level1_B.csv' mode='r' encoding='UTF-8'>
  rows = [r for r in _csv.reader(f.open())
ResourceWarning: Enable tracemalloc to get the object allocation traceback
/home/alexander/Schreibtisch/ofa-v2/src/tools/result_audit.py:1446: ResourceWarning: unclosed file <_io.TextIOWrapper name='/home/alexander/Schreibtisch/ofa-v2/campaign3_blind/runs/C3_27b_MCP_seed5532/work/solution_level1_A.csv' mode='r' encoding='UTF-8'>
  rows = [r for r in _csv.reader(f.open())
ResourceWarning: Enable tracemalloc to get the object allocation traceback
/home/alexander/Schreibtisch/ofa-v2/src/tools/result_audit.py:1446: ResourceWarning: unclosed file <_io.TextIOWrapper name='/home/alexander/Schreibtisch/ofa-v2/campaign3_blind/runs/C3_27b_MCP_seed5532/work/solution_level1_B.csv' mode='r' encoding='UTF-8'>
  rows = [r for r in _csv.reader(f.open())
ResourceWarning: Enable tracemalloc to get the object allocation traceback
/home/alexander/Schreibtisch/ofa-v2/src/tools/result_audit.py:419: ResourceWarning: unclosed file <_io.TextIOWrapper name='/home/alexander/Schreibtisch/ofa-v2/campaign3_blind/runs/C3_27b_MCP_seed5532/work/residual_level1.csv' mode='r' encoding='UTF-8'>
  body = tuple(r[-1].strip() for r in _csv.reader(q.open()) if r)
ResourceWarning: Enable tracemalloc to get the object allocation traceback
/home/alexander/Schreibtisch/ofa-v2/src/tools/result_audit.py:534: ResourceWarning: unclosed file <_io.TextIOWrapper name='/home/alexander/Schreibtisch/ofa-v2/campaign3_blind/runs/C3_27b_MCP_seed5532/work/side_A/solution_level1_A.csv' mode='r' encoding='UTF-8'>
  rows = sum(1 for _ in open(sol0[0], errors="ignore")) - 1
ResourceWarning: Enable tracemalloc to get the object allocation traceback
/home/alexander/Schreibtisch/ofa-v2/src/tools/result_audit.py:1446: ResourceWarning: unclosed file <_io.TextIOWrapper name='/home/alexander/Schreibtisch/ofa-v2/campaign3_blind/runs/C3_27b_MCP_seed5532/work/side_A/solution_level1_A.csv' mode='r' encoding='UTF-8'>
  rows = [r for r in _csv.reader(f.open())
ResourceWarning: Enable tracemalloc to get the object allocation traceback
/home/alexander/Schreibtisch/ofa-v2/src/tools/result_audit.py:1446: ResourceWarning: unclosed file <_io.TextIOWrapper name='/home/alexander/Schreibtisch/ofa-v2/campaign3_blind/runs/C3_27b_MCP_seed5532/work/side_B/solution_level1_B.csv' mode='r' encoding='UTF-8'>
  rows = [r for r in _csv.reader(f.open())
ResourceWarning: Enable tracemalloc to get the object allocation traceback
/home/alexander/Schreibtisch/ofa-v2/src/tools/result_audit.py:1446: ResourceWarning: unclosed file <_io.TextIOWrapper name='/home/alexander/Schreibtisch/ofa-v2/campaign3_blind/runs/C3_27b_MCP_seed5532/work/solution_level1_A.csv' mode='r' encoding='UTF-8'>
  rows = [r for r in _csv.reader(f.open())
ResourceWarning: Enable tracemalloc to get the object allocation traceback
/home/alexander/Schreibtisch/ofa-v2/src/tools/result_audit.py:1446: ResourceWarning: unclosed file <_io.TextIOWrapper name='/home/alexander/Schreibtisch/ofa-v2/campaign3_blind/runs/C3_27b_MCP_seed5532/work/solution_level1_B.csv' mode='r' encoding='UTF-8'>
  rows = [r for r in _csv.reader(f.open())
ResourceWarning: Enable tracemalloc to get the object allocation traceback
/home/alexander/Schreibtisch/ofa-v2/src/tools/result_audit.py:419: ResourceWarning: unclosed file <_io.TextIOWrapper name='/home/alexander/Schreibtisch/ofa-v2/campaign3_blind/runs/C3_27b_MCP_seed5532/work/residual_level1.csv' mode='r' encoding='UTF-8'>
  body = tuple(r[-1].strip() for r in _csv.reader(q.open()) if r)
ResourceWarning: Enable tracemalloc to get the object allocation traceback
/home/alexander/Schreibtisch/ofa-v2/src/tools/result_audit.py:534: ResourceWarning: unclosed file <_io.TextIOWrapper name='/home/alexander/Schreibtisch/ofa-v2/campaign3_blind/runs/C3_27b_MCP_seed5532/work/side_A/solution_level1_A.csv' mode='r' encoding='UTF-8'>
  rows = sum(1 for _ in open(sol0[0], errors="ignore")) - 1
ResourceWarning: Enable tracemalloc to get the object allocation traceback
/home/alexander/Schreibtisch/ofa-v2/src/tools/result_audit.py:1446: ResourceWarning: unclosed file <_io.TextIOWrapper name='/home/alexander/Schreibtisch/ofa-v2/campaign3_blind/runs/C3_27b_MCP_seed5532/work/side_A/solution_level1_A.csv' mode='r' encoding='UTF-8'>
  rows = [r for r in _csv.reader(f.open())
ResourceWarning: Enable tracemalloc to get the object allocation traceback
/home/alexander/Schreibtisch/ofa-v2/src/tools/result_audit.py:1446: ResourceWarning: unclosed file <_io.TextIOWrapper name='/home/alexander/Schreibtisch/ofa-v2/campaign3_blind/runs/C3_27b_MCP_seed5532/work/side_B/solution_level1_B.csv' mode='r' encoding='UTF-8'>
  rows = [r for r in _csv.reader(f.open())
ResourceWarning: Enable tracemalloc to get the object allocation traceback
/home/alexander/Schreibtisch/ofa-v2/src/tools/result_audit.py:1446: ResourceWarning: unclosed file <_io.TextIOWrapper name='/home/alexander/Schreibtisch/ofa-v2/campaign3_blind/runs/C3_27b_MCP_seed5532/work/solution_level1_A.csv' mode='r' encoding='UTF-8'>
  rows = [r for r in _csv.reader(f.open())
ResourceWarning: Enable tracemalloc to get the object allocation traceback
/home/alexander/Schreibtisch/ofa-v2/src/tools/result_audit.py:1446: ResourceWarning: unclosed file <_io.TextIOWrapper name='/home/alexander/Schreibtisch/ofa-v2/campaign3_blind/runs/C3_27b_MCP_seed5532/work/solution_level1_B.csv' mode='r' encoding='UTF-8'>
  rows = [r for r in _csv.reader(f.open())
ResourceWarning: Enable tracemalloc to get the object allocation traceback
/home/alexander/Schreibtisch/ofa-v2/src/tools/result_audit.py:419: ResourceWarning: unclosed file <_io.TextIOWrapper name='/home/alexander/Schreibtisch/ofa-v2/campaign3_blind/runs/C3_27b_MCP_seed5532/work/residual_level1.csv' mode='r' encoding='UTF-8'>
  body = tuple(r[-1].strip() for r in _csv.reader(q.open()) if r)
ResourceWarning: Enable tracemalloc to get the object allocation traceback
/home/alexander/Schreibtisch/ofa-v2/src/tools/result_audit.py:534: ResourceWarning: unclosed file <_io.TextIOWrapper name='/home/alexander/Schreibtisch/ofa-v2/campaign3_blind/runs/C3_27b_MCP_seed5532/work/side_A/solution_level1_A.csv' mode='r' encoding='UTF-8'>
  rows = sum(1 for _ in open(sol0[0], errors="ignore")) - 1
ResourceWarning: Enable tracemalloc to get the object allocation traceback
/home/alexander/Schreibtisch/ofa-v2/src/tools/result_audit.py:1446: ResourceWarning: unclosed file <_io.TextIOWrapper name='/home/alexander/Schreibtisch/ofa-v2/campaign3_blind/runs/C3_27b_MCP_seed5532/work/side_A/solution_level1_A.csv' mode='r' encoding='UTF-8'>
  rows = [r for r in _csv.reader(f.open())
ResourceWarning: Enable tracemalloc to get the object allocation traceback
/home/alexander/Schreibtisch/ofa-v2/src/tools/result_audit.py:1446: ResourceWarning: unclosed file <_io.TextIOWrapper name='/home/alexander/Schreibtisch/ofa-v2/campaign3_blind/runs/C3_27b_MCP_seed5532/work/side_B/solution_level1_B.csv' mode='r' encoding='UTF-8'>
  rows = [r for r in _csv.reader(f.open())
ResourceWarning: Enable tracemalloc to get the object allocation traceback
/home/alexander/Schreibtisch/ofa-v2/src/tools/result_audit.py:1446: ResourceWarning: unclosed file <_io.TextIOWrapper name='/home/alexander/Schreibtisch/ofa-v2/campaign3_blind/runs/C3_27b_MCP_seed5532/work/solution_level1_A.csv' mode='r' encoding='UTF-8'>
  rows = [r for r in _csv.reader(f.open())
ResourceWarning: Enable tracemalloc to get the object allocation traceback
/home/alexander/Schreibtisch/ofa-v2/src/tools/result_audit.py:1446: ResourceWarning: unclosed file <_io.TextIOWrapper name='/home/alexander/Schreibtisch/ofa-v2/campaign3_blind/runs/C3_27b_MCP_seed5532/work/solution_level1_B.csv' mode='r' encoding='UTF-8'>
  rows = [r for r in _csv.reader(f.open())
ResourceWarning: Enable tracemalloc to get the object allocation traceback
/home/alexander/Schreibtisch/ofa-v2/src/tools/result_audit.py:419: ResourceWarning: unclosed file <_io.TextIOWrapper name='/home/alexander/Schreibtisch/ofa-v2/campaign3_blind/runs/C3_27b_MCP_seed5532/work/residual_level1.csv' mode='r' encoding='UTF-8'>
  body = tuple(r[-1].strip() for r in _csv.reader(q.open()) if r)
ResourceWarning: Enable tracemalloc to get the object allocation traceback
/home/alexander/Schreibtisch/ofa-v2/src/tools/result_audit.py:534: ResourceWarning: unclosed file <_io.TextIOWrapper name='/home/alexander/Schreibtisch/ofa-v2/campaign3_blind/runs/C3_27b_MCP_seed5532/work/side_A/solution_level1_A.csv' mode='r' encoding='UTF-8'>
  rows = sum(1 for _ in open(sol0[0], errors="ignore")) - 1
ResourceWarning: Enable tracemalloc to get the object allocation traceback
/home/alexander/Schreibtisch/ofa-v2/src/tools/result_audit.py:1446: ResourceWarning: unclosed file <_io.TextIOWrapper name='/home/alexander/Schreibtisch/ofa-v2/campaign3_blind/runs/C3_27b_MCP_seed5532/work/side_A/solution_level1_A.csv' mode='r' encoding='UTF-8'>
  rows = [r for r in _csv.reader(f.open())
ResourceWarning: Enable tracemalloc to get the object allocation traceback
/home/alexander/Schreibtisch/ofa-v2/src/tools/result_audit.py:1446: ResourceWarning: unclosed file <_io.TextIOWrapper name='/home/alexander/Schreibtisch/ofa-v2/campaign3_blind/runs/C3_27b_MCP_seed5532/work/side_B/solution_level1_B.csv' mode='r' encoding='UTF-8'>
  rows = [r for r in _csv.reader(f.open())
ResourceWarning: Enable tracemalloc to get the object allocation traceback
/home/alexander/Schreibtisch/ofa-v2/src/tools/result_audit.py:1446: ResourceWarning: unclosed file <_io.TextIOWrapper name='/home/alexander/Schreibtisch/ofa-v2/campaign3_blind/runs/C3_27b_MCP_seed5532/work/solution_level1_A.csv' mode='r' encoding='UTF-8'>
  rows = [r for r in _csv.reader(f.open())
ResourceWarning: Enable tracemalloc to get the object allocation traceback
/home/alexander/Schreibtisch/ofa-v2/src/tools/result_audit.py:1446: ResourceWarning: unclosed file <_io.TextIOWrapper name='/home/alexander/Schreibtisch/ofa-v2/campaign3_blind/runs/C3_27b_MCP_seed5532/work/solution_level1_B.csv' mode='r' encoding='UTF-8'>
  rows = [r for r in _csv.reader(f.open())
ResourceWarning: Enable tracemalloc to get the object allocation traceback
/home/alexander/Schreibtisch/ofa-v2/src/tools/result_audit.py:419: ResourceWarning: unclosed file <_io.TextIOWrapper name='/home/alexander/Schreibtisch/ofa-v2/campaign3_blind/runs/C3_27b_MCP_seed5532/work/residual_level1.csv' mode='r' encoding='UTF-8'>
  body = tuple(r[-1].strip() for r in _csv.reader(q.open()) if r)
ResourceWarning: Enable tracemalloc to get the object allocation traceback
/home/alexander/Schreibtisch/ofa-v2/src/tools/result_audit.py:534: ResourceWarning: unclosed file <_io.TextIOWrapper name='/home/alexander/Schreibtisch/ofa-v2/campaign3_blind/runs/C3_27b_MCP_seed5532/work/side_A/solution_level1_A.csv' mode='r' encoding='UTF-8'>
  rows = sum(1 for _ in open(sol0[0], errors="ignore")) - 1
ResourceWarning: Enable tracemalloc to get the object allocation traceback
/home/alexander/Schreibtisch/ofa-v2/src/tools/result_audit.py:1446: ResourceWarning: unclosed file <_io.TextIOWrapper name='/home/alexander/Schreibtisch/ofa-v2/campaign3_blind/runs/C3_27b_MCP_seed5532/work/side_A/solution_level1_A.csv' mode='r' encoding='UTF-8'>
  rows = [r for r in _csv.reader(f.open())
ResourceWarning: Enable tracemalloc to get the object allocation traceback
/home/alexander/Schreibtisch/ofa-v2/src/tools/result_audit.py:1446: ResourceWarning: unclosed file <_io.TextIOWrapper name='/home/alexander/Schreibtisch/ofa-v2/campaign3_blind/runs/C3_27b_MCP_seed5532/work/side_B/solution_level1_B.csv' mode='r' encoding='UTF-8'>
  rows = [r for r in _csv.reader(f.open())
ResourceWarning: Enable tracemalloc to get the object allocation traceback
/home/alexander/Schreibtisch/ofa-v2/src/tools/result_audit.py:1446: ResourceWarning: unclosed file <_io.TextIOWrapper name='/home/alexander/Schreibtisch/ofa-v2/campaign3_blind/runs/C3_27b_MCP_seed5532/work/solution_level1_A.csv' mode='r' encoding='UTF-8'>
  rows = [r for r in _csv.reader(f.open())
ResourceWarning: Enable tracemalloc to get the object allocation traceback
/home/alexander/Schreibtisch/ofa-v2/src/tools/result_audit.py:1446: ResourceWarning: unclosed file <_io.TextIOWrapper name='/home/alexander/Schreibtisch/ofa-v2/campaign3_blind/runs/C3_27b_MCP_seed5532/work/solution_level1_B.csv' mode='r' encoding='UTF-8'>
  rows = [r for r in _csv.reader(f.open())
ResourceWarning: Enable tracemalloc to get the object allocation traceback
/home/alexander/Schreibtisch/ofa-v2/src/tools/result_audit.py:419: ResourceWarning: unclosed file <_io.TextIOWrapper name='/home/alexander/Schreibtisch/ofa-v2/campaign3_blind/runs/C3_27b_MCP_seed5531/work/residual_level1.csv' mode='r' encoding='UTF-8'>
  body = tuple(r[-1].strip() for r in _csv.reader(q.open()) if r)
ResourceWarning: Enable tracemalloc to get the object allocation traceback
/home/alexander/Schreibtisch/ofa-v2/src/tools/result_audit.py:419: ResourceWarning: unclosed file <_io.TextIOWrapper name='/home/alexander/Schreibtisch/ofa-v2/campaign3_blind/runs/C3_27b_MCP_seed5531/work/residual_level2.csv' mode='r' encoding='UTF-8'>
  body = tuple(r[-1].strip() for r in _csv.reader(q.open()) if r)
ResourceWarning: Enable tracemalloc to get the object allocation traceback
/home/alexander/Schreibtisch/ofa-v2/src/tools/result_audit.py:419: ResourceWarning: unclosed file <_io.TextIOWrapper name='/home/alexander/Schreibtisch/ofa-v2/campaign3_blind/runs/C3_27b_MCP_seed5531/work/residual_level3.csv' mode='r' encoding='UTF-8'>
  body = tuple(r[-1].strip() for r in _csv.reader(q.open()) if r)
ResourceWarning: Enable tracemalloc to get the object allocation traceback
/home/alexander/Schreibtisch/ofa-v2/src/tools/result_audit.py:1446: ResourceWarning: unclosed file <_io.TextIOWrapper name='/home/alexander/Schreibtisch/ofa-v2/campaign3_blind/runs/C3_27b_MCP_seed5531/work/solution_level1_A.csv' mode='r' encoding='UTF-8'>
  rows = [r for r in _csv.reader(f.open())
ResourceWarning: Enable tracemalloc to get the object allocation traceback
/home/alexander/Schreibtisch/ofa-v2/src/tools/result_audit.py:1446: ResourceWarning: unclosed file <_io.TextIOWrapper name='/home/alexander/Schreibtisch/ofa-v2/campaign3_blind/runs/C3_27b_MCP_seed5531/work/solution_level1_B.csv' mode='r' encoding='UTF-8'>
  rows = [r for r in _csv.reader(f.open())
ResourceWarning: Enable tracemalloc to get the object allocation traceback
/home/alexander/Schreibtisch/ofa-v2/src/tools/result_audit.py:1446: ResourceWarning: unclosed file <_io.TextIOWrapper name='/home/alexander/Schreibtisch/ofa-v2/campaign3_blind/runs/C3_27b_MCP_seed5531/work/solution_level2_A.csv' mode='r' encoding='UTF-8'>
  rows = [r for r in _csv.reader(f.open())
ResourceWarning: Enable tracemalloc to get the object allocation traceback
/home/alexander/Schreibtisch/ofa-v2/src/tools/result_audit.py:1446: ResourceWarning: unclosed file <_io.TextIOWrapper name='/home/alexander/Schreibtisch/ofa-v2/campaign3_blind/runs/C3_27b_MCP_seed5531/work/solution_level2_B.csv' mode='r' encoding='UTF-8'>
  rows = [r for r in _csv.reader(f.open())
ResourceWarning: Enable tracemalloc to get the object allocation traceback
/home/alexander/Schreibtisch/ofa-v2/src/tools/result_audit.py:1446: ResourceWarning: unclosed file <_io.TextIOWrapper name='/home/alexander/Schreibtisch/ofa-v2/campaign3_blind/runs/C3_27b_MCP_seed5531/work/solution_level3_A.csv' mode='r' encoding='UTF-8'>
  rows = [r for r in _csv.reader(f.open())
ResourceWarning: Enable tracemalloc to get the object allocation traceback
/home/alexander/Schreibtisch/ofa-v2/src/tools/result_audit.py:1446: ResourceWarning: unclosed file <_io.TextIOWrapper name='/home/alexander/Schreibtisch/ofa-v2/campaign3_blind/runs/C3_27b_MCP_seed5531/work/solution_level3_B.csv' mode='r' encoding='UTF-8'>
  rows = [r for r in _csv.reader(f.open())
ResourceWarning: Enable tracemalloc to get the object allocation traceback
/home/alexander/Schreibtisch/ofa-v2/src/tools/result_audit.py:419: ResourceWarning: unclosed file <_io.TextIOWrapper name='/home/alexander/Schreibtisch/ofa-v2/campaign3_blind/runs/C3_27b_MCP_seed5532/work/residual_level1.csv' mode='r' encoding='UTF-8'>
  body = tuple(r[-1].strip() for r in _csv.reader(q.open()) if r)
ResourceWarning: Enable tracemalloc to get the object allocation traceback
/home/alexander/Schreibtisch/ofa-v2/src/tools/result_audit.py:534: ResourceWarning: unclosed file <_io.TextIOWrapper name='/home/alexander/Schreibtisch/ofa-v2/campaign3_blind/runs/C3_27b_MCP_seed5532/work/side_A/solution_level1_A.csv' mode='r' encoding='UTF-8'>
  rows = sum(1 for _ in open(sol0[0], errors="ignore")) - 1
ResourceWarning: Enable tracemalloc to get the object allocation traceback
/home/alexander/Schreibtisch/ofa-v2/src/tools/result_audit.py:1446: ResourceWarning: unclosed file <_io.TextIOWrapper name='/home/alexander/Schreibtisch/ofa-v2/campaign3_blind/runs/C3_27b_MCP_seed5532/work/side_A/solution_level1_A.csv' mode='r' encoding='UTF-8'>
  rows = [r for r in _csv.reader(f.open())
ResourceWarning: Enable tracemalloc to get the object allocation traceback
/home/alexander/Schreibtisch/ofa-v2/src/tools/result_audit.py:1446: ResourceWarning: unclosed file <_io.TextIOWrapper name='/home/alexander/Schreibtisch/ofa-v2/campaign3_blind/runs/C3_27b_MCP_seed5532/work/side_B/solution_level1_B.csv' mode='r' encoding='UTF-8'>
  rows = [r for r in _csv.reader(f.open())
ResourceWarning: Enable tracemalloc to get the object allocation traceback
/home/alexander/Schreibtisch/ofa-v2/src/tools/result_audit.py:1446: ResourceWarning: unclosed file <_io.TextIOWrapper name='/home/alexander/Schreibtisch/ofa-v2/campaign3_blind/runs/C3_27b_MCP_seed5532/work/solution_level1_A.csv' mode='r' encoding='UTF-8'>
  rows = [r for r in _csv.reader(f.open())
ResourceWarning: Enable tracemalloc to get the object allocation traceback
/home/alexander/Schreibtisch/ofa-v2/src/tools/result_audit.py:1446: ResourceWarning: unclosed file <_io.TextIOWrapper name='/home/alexander/Schreibtisch/ofa-v2/campaign3_blind/runs/C3_27b_MCP_seed5532/work/solution_level1_B.csv' mode='r' encoding='UTF-8'>
  rows = [r for r in _csv.reader(f.open())
ResourceWarning: Enable tracemalloc to get the object allocation traceback
2026-09-08 17:19:46,066 [oasis] INFO: Session journal saved: /tmp/oasis-source/data/sessions/session_e458e42e-9e3d-424f-a1b2-f34816d89b40.json (14 events)
[preflight] custody controls verified for 1 problem(s); keys sealed and unreadable by execution
[phase: development] results are for post-mortems and convergence checking, NOT for the paper's evaluation table.
[DUNE cache] sha256=dc2d5b8ff2ebf98e... (neutral, private copy per cell)
[C3 27b MCP s5532] done  calls=81 tok=8589864/50525 2383.2s
/home/alexander/.local/share/python/cpython-3.12.13-linux-x86_64-gnu/lib/python3.12/asyncio/selector_events.py:879: ResourceWarning: unclosed transport <_SelectorSocketTransport fd=9>
<<< C3 seed 5532 done 2026-09-08 17:19:47
/home/alexander/Schreibtisch/ofa-v2/src/tools/result_audit.py:419: ResourceWarning: unclosed file <_io.TextIOWrapper name='/home/alexander/Schreibtisch/ofa-v2/campaign3_blind/runs/C3_27b_MCP_seed5531/work/residual_level1.csv' mode='r' encoding='UTF-8'>
  body = tuple(r[-1].strip() for r in _csv.reader(q.open()) if r)
ResourceWarning: Enable tracemalloc to get the object allocation traceback
/home/alexander/Schreibtisch/ofa-v2/src/tools/result_audit.py:419: ResourceWarning: unclosed file <_io.TextIOWrapper name='/home/alexander/Schreibtisch/ofa-v2/campaign3_blind/runs/C3_27b_MCP_seed5531/work/residual_level2.csv' mode='r' encoding='UTF-8'>
  body = tuple(r[-1].strip() for r in _csv.reader(q.open()) if r)
ResourceWarning: Enable tracemalloc to get the object allocation traceback
/home/alexander/Schreibtisch/ofa-v2/src/tools/result_audit.py:419: ResourceWarning: unclosed file <_io.TextIOWrapper name='/home/alexander/Schreibtisch/ofa-v2/campaign3_blind/runs/C3_27b_MCP_seed5531/work/residual_level3.csv' mode='r' encoding='UTF-8'>
  body = tuple(r[-1].strip() for r in _csv.reader(q.open()) if r)
ResourceWarning: Enable tracemalloc to get the object allocation traceback
/home/alexander/Schreibtisch/ofa-v2/src/tools/result_audit.py:534: ResourceWarning: unclosed file <_io.TextIOWrapper name='/home/alexander/Schreibtisch/ofa-v2/campaign3_blind/runs/C3_27b_MCP_seed5531/work/solution_level1_A.csv' mode='r' encoding='UTF-8'>
  rows = sum(1 for _ in open(sol0[0], errors="ignore")) - 1
ResourceWarning: Enable tracemalloc to get the object allocation traceback
/home/alexander/Schreibtisch/ofa-v2/src/tools/result_audit.py:1446: ResourceWarning: unclosed file <_io.TextIOWrapper name='/home/alexander/Schreibtisch/ofa-v2/campaign3_blind/runs/C3_27b_MCP_seed5531/work/solution_level1_A.csv' mode='r' encoding='UTF-8'>
  rows = [r for r in _csv.reader(f.open())
ResourceWarning: Enable tracemalloc to get the object allocation traceback
/home/alexander/Schreibtisch/ofa-v2/src/tools/result_audit.py:1446: ResourceWarning: unclosed file <_io.TextIOWrapper name='/home/alexander/Schreibtisch/ofa-v2/campaign3_blind/runs/C3_27b_MCP_seed5531/work/solution_level1_B.csv' mode='r' encoding='UTF-8'>
  rows = [r for r in _csv.reader(f.open())
ResourceWarning: Enable tracemalloc to get the object allocation traceback
/home/alexander/Schreibtisch/ofa-v2/src/tools/result_audit.py:1446: ResourceWarning: unclosed file <_io.TextIOWrapper name='/home/alexander/Schreibtisch/ofa-v2/campaign3_blind/runs/C3_27b_MCP_seed5531/work/solution_level2_A.csv' mode='r' encoding='UTF-8'>
  rows = [r for r in _csv.reader(f.open())
ResourceWarning: Enable tracemalloc to get the object allocation traceback
/home/alexander/Schreibtisch/ofa-v2/src/tools/result_audit.py:1446: ResourceWarning: unclosed file <_io.TextIOWrapper name='/home/alexander/Schreibtisch/ofa-v2/campaign3_blind/runs/C3_27b_MCP_seed5531/work/solution_level2_B.csv' mode='r' encoding='UTF-8'>
  rows = [r for r in _csv.reader(f.open())
ResourceWarning: Enable tracemalloc to get the object allocation traceback
/home/alexander/Schreibtisch/ofa-v2/src/tools/result_audit.py:1446: ResourceWarning: unclosed file <_io.TextIOWrapper name='/home/alexander/Schreibtisch/ofa-v2/campaign3_blind/runs/C3_27b_MCP_seed5531/work/solution_level3_A.csv' mode='r' encoding='UTF-8'>
  rows = [r for r in _csv.reader(f.open())
ResourceWarning: Enable tracemalloc to get the object allocation traceback
/home/alexander/Schreibtisch/ofa-v2/src/tools/result_audit.py:1446: ResourceWarning: unclosed file <_io.TextIOWrapper name='/home/alexander/Schreibtisch/ofa-v2/campaign3_blind/runs/C3_27b_MCP_seed5531/work/solution_level3_B.csv' mode='r' encoding='UTF-8'>
  rows = [r for r in _csv.reader(f.open())
ResourceWarning: Enable tracemalloc to get the object allocation traceback
/home/alexander/Schreibtisch/ofa-v2/src/tools/result_audit.py:419: ResourceWarning: unclosed file <_io.TextIOWrapper name='/home/alexander/Schreibtisch/ofa-v2/campaign3_blind/runs/C3_27b_MCP_seed5531/work/residual_level1.csv' mode='r' encoding='UTF-8'>
  body = tuple(r[-1].strip() for r in _csv.reader(q.open()) if r)
ResourceWarning: Enable tracemalloc to get the object allocation traceback
/home/alexander/Schreibtisch/ofa-v2/src/tools/result_audit.py:419: ResourceWarning: unclosed file <_io.TextIOWrapper name='/home/alexander/Schreibtisch/ofa-v2/campaign3_blind/runs/C3_27b_MCP_seed5531/work/residual_level2.csv' mode='r' encoding='UTF-8'>
  body = tuple(r[-1].strip() for r in _csv.reader(q.open()) if r)
ResourceWarning: Enable tracemalloc to get the object allocation traceback
/home/alexander/Schreibtisch/ofa-v2/src/tools/result_audit.py:419: ResourceWarning: unclosed file <_io.TextIOWrapper name='/home/alexander/Schreibtisch/ofa-v2/campaign3_blind/runs/C3_27b_MCP_seed5531/work/residual_level3.csv' mode='r' encoding='UTF-8'>
  body = tuple(r[-1].strip() for r in _csv.reader(q.open()) if r)
ResourceWarning: Enable tracemalloc to get the object allocation traceback
/home/alexander/Schreibtisch/ofa-v2/src/tools/result_audit.py:534: ResourceWarning: unclosed file <_io.TextIOWrapper name='/home/alexander/Schreibtisch/ofa-v2/campaign3_blind/runs/C3_27b_MCP_seed5531/work/solution_level1_A.csv' mode='r' encoding='UTF-8'>
  rows = sum(1 for _ in open(sol0[0], errors="ignore")) - 1
ResourceWarning: Enable tracemalloc to get the object allocation traceback
/home/alexander/Schreibtisch/ofa-v2/src/tools/result_audit.py:1446: ResourceWarning: unclosed file <_io.TextIOWrapper name='/home/alexander/Schreibtisch/ofa-v2/campaign3_blind/runs/C3_27b_MCP_seed5531/work/solution_level1_A.csv' mode='r' encoding='UTF-8'>
  rows = [r for r in _csv.reader(f.open())
ResourceWarning: Enable tracemalloc to get the object allocation traceback
/home/alexander/Schreibtisch/ofa-v2/src/tools/result_audit.py:1446: ResourceWarning: unclosed file <_io.TextIOWrapper name='/home/alexander/Schreibtisch/ofa-v2/campaign3_blind/runs/C3_27b_MCP_seed5531/work/solution_level1_B.csv' mode='r' encoding='UTF-8'>
  rows = [r for r in _csv.reader(f.open())
ResourceWarning: Enable tracemalloc to get the object allocation traceback
/home/alexander/Schreibtisch/ofa-v2/src/tools/result_audit.py:1446: ResourceWarning: unclosed file <_io.TextIOWrapper name='/home/alexander/Schreibtisch/ofa-v2/campaign3_blind/runs/C3_27b_MCP_seed5531/work/solution_level2_A.csv' mode='r' encoding='UTF-8'>
  rows = [r for r in _csv.reader(f.open())
ResourceWarning: Enable tracemalloc to get the object allocation traceback
/home/alexander/Schreibtisch/ofa-v2/src/tools/result_audit.py:1446: ResourceWarning: unclosed file <_io.TextIOWrapper name='/home/alexander/Schreibtisch/ofa-v2/campaign3_blind/runs/C3_27b_MCP_seed5531/work/solution_level2_B.csv' mode='r' encoding='UTF-8'>
  rows = [r for r in _csv.reader(f.open())
ResourceWarning: Enable tracemalloc to get the object allocation traceback
/home/alexander/Schreibtisch/ofa-v2/src/tools/result_audit.py:1446: ResourceWarning: unclosed file <_io.TextIOWrapper name='/home/alexander/Schreibtisch/ofa-v2/campaign3_blind/runs/C3_27b_MCP_seed5531/work/solution_level3_A.csv' mode='r' encoding='UTF-8'>
  rows = [r for r in _csv.reader(f.open())
ResourceWarning: Enable tracemalloc to get the object allocation traceback
/home/alexander/Schreibtisch/ofa-v2/src/tools/result_audit.py:1446: ResourceWarning: unclosed file <_io.TextIOWrapper name='/home/alexander/Schreibtisch/ofa-v2/campaign3_blind/runs/C3_27b_MCP_seed5531/work/solution_level3_B.csv' mode='r' encoding='UTF-8'>
  rows = [r for r in _csv.reader(f.open())
ResourceWarning: Enable tracemalloc to get the object allocation traceback
2026-09-08 17:21:28,772 [oasis] INFO: Session journal saved: /tmp/oasis-source/data/sessions/session_c6b4f8b9-2dc4-48d8-8cb6-ebaa6c6d6e26.json (10 events)
[preflight] custody controls verified for 1 problem(s); keys sealed and unreadable by execution
[phase: development] results are for post-mortems and convergence checking, NOT for the paper's evaluation table.
[DUNE cache] sha256=dc2d5b8ff2ebf98e... (neutral, private copy per cell)
[C3 27b MCP s5531] done  calls=40 tok=4229965/29025 2486.0s
/home/alexander/.local/share/python/cpython-3.12.13-linux-x86_64-gnu/lib/python3.12/asyncio/selector_events.py:879: ResourceWarning: unclosed transport <_SelectorSocketTransport fd=9>
<<< C3 seed 5531 done 2026-09-08 17:21:29
>>> C3 MCP complete 2026-09-08 17:21:29
>>> C3 MCP seeds 5534 5535 5536  start 2026-09-08 21:34:25
[source build] 496bc009f3c4 sha256=bad0dfe2779d79bd... (immutable)
[source build] 496bc009f3c4 sha256=bad0dfe2779d79bd... (immutable)
[source build] 496bc009f3c4 sha256=bad0dfe2779d79bd... (immutable)
2026-09-08 21:35:01,621 [oasis.registry] INFO: Loaded discovered config: 5 backends
2026-09-08 21:35:01,635 [oasis.registry] INFO: Registered backend: 4C Multiphysics (fourc)
2026-09-08 21:35:01,639 [oasis.registry] INFO: Registered backend: FEniCSx (dolfinx) (fenics)
2026-09-08 21:35:01,646 [oasis.registry] INFO: Registered backend: deal.II (dealii)
2026-09-08 21:35:01,670 [oasis.registry] INFO: Registered backend: FEBio (febio)
2026-09-08 21:35:01,687 [oasis.registry] INFO: Registered backend: NGSolve (ngsolve)
2026-09-08 21:35:01,687 [oasis.ngsolve] INFO: NGSolve backend registered
2026-09-08 21:35:01,703 [oasis.registry] INFO: Registered backend: scikit-fem (skfem)
2026-09-08 21:35:01,703 [oasis.skfem] INFO: scikit-fem backend registered
2026-09-08 21:35:01,724 [oasis.registry] INFO: Registered backend: Kratos Multiphysics (kratos)
2026-09-08 21:35:01,724 [oasis.kratos] INFO: Kratos Multiphysics backend registered
2026-09-08 21:35:01,738 [oasis.registry] INFO: Registered backend: DUNE-fem (dune)
2026-09-08 21:35:01,738 [oasis.dune] INFO: DUNE-fem backend registered
2026-09-08 21:35:01,752 [oasis.registry] INFO: Registered backend: SPARTA (DSMC) (sparta)
2026-09-08 21:35:01,752 [oasis.sparta] INFO: SPARTA (DSMC) backend registered
2026-09-08 21:35:01,752 [oasis] INFO: Starting OASiS MCP server
2026-09-08 21:35:01,779 [mcp.server.lowlevel.server] INFO: Processing request of type ListToolsRequest
2026-09-08 21:35:01,961 [oasis.registry] INFO: Loaded discovered config: 5 backends
2026-09-08 21:35:01,972 [oasis.registry] INFO: Registered backend: 4C Multiphysics (fourc)
2026-09-08 21:35:01,975 [oasis.registry] INFO: Registered backend: FEniCSx (dolfinx) (fenics)
2026-09-08 21:35:01,980 [oasis.registry] INFO: Registered backend: deal.II (dealii)
2026-09-08 21:35:01,999 [oasis.registry] INFO: Registered backend: FEBio (febio)
2026-09-08 21:35:02,012 [oasis.registry] INFO: Registered backend: NGSolve (ngsolve)
2026-09-08 21:35:02,012 [oasis.ngsolve] INFO: NGSolve backend registered
2026-09-08 21:35:02,026 [oasis.registry] INFO: Registered backend: scikit-fem (skfem)
2026-09-08 21:35:02,026 [oasis.skfem] INFO: scikit-fem backend registered
2026-09-08 21:35:02,047 [oasis.registry] INFO: Registered backend: Kratos Multiphysics (kratos)
2026-09-08 21:35:02,047 [oasis.kratos] INFO: Kratos Multiphysics backend registered
2026-09-08 21:35:02,061 [oasis.registry] INFO: Registered backend: DUNE-fem (dune)
2026-09-08 21:35:02,061 [oasis.dune] INFO: DUNE-fem backend registered
2026-09-08 21:35:02,075 [oasis.registry] INFO: Registered backend: SPARTA (DSMC) (sparta)
2026-09-08 21:35:02,075 [oasis.sparta] INFO: SPARTA (DSMC) backend registered
2026-09-08 21:35:02,075 [oasis] INFO: Starting OASiS MCP server
2026-09-08 21:35:02,103 [mcp.server.lowlevel.server] INFO: Processing request of type ListToolsRequest
2026-09-08 21:35:02,216 [oasis.registry] INFO: Loaded discovered config: 5 backends
2026-09-08 21:35:02,226 [oasis.registry] INFO: Registered backend: 4C Multiphysics (fourc)
2026-09-08 21:35:02,230 [oasis.registry] INFO: Registered backend: FEniCSx (dolfinx) (fenics)
2026-09-08 21:35:02,234 [oasis.registry] INFO: Registered backend: deal.II (dealii)
2026-09-08 21:35:02,257 [oasis.registry] INFO: Registered backend: FEBio (febio)
2026-09-08 21:35:02,272 [oasis.registry] INFO: Registered backend: NGSolve (ngsolve)
2026-09-08 21:35:02,272 [oasis.ngsolve] INFO: NGSolve backend registered
2026-09-08 21:35:02,286 [oasis.registry] INFO: Registered backend: scikit-fem (skfem)
2026-09-08 21:35:02,287 [oasis.skfem] INFO: scikit-fem backend registered
2026-09-08 21:35:02,309 [oasis.registry] INFO: Registered backend: Kratos Multiphysics (kratos)
2026-09-08 21:35:02,309 [oasis.kratos] INFO: Kratos Multiphysics backend registered
2026-09-08 21:35:02,323 [oasis.registry] INFO: Registered backend: DUNE-fem (dune)
2026-09-08 21:35:02,323 [oasis.dune] INFO: DUNE-fem backend registered
2026-09-08 21:35:02,337 [oasis.registry] INFO: Registered backend: SPARTA (DSMC) (sparta)
2026-09-08 21:35:02,337 [oasis.sparta] INFO: SPARTA (DSMC) backend registered
2026-09-08 21:35:02,337 [oasis] INFO: Starting OASiS MCP server
2026-09-08 21:35:02,366 [mcp.server.lowlevel.server] INFO: Processing request of type ListToolsRequest
2026-09-08 21:35:16,017 [mcp.server.lowlevel.server] INFO: Processing request of type CallToolRequest
2026-09-08 21:35:16,064 [mcp.server.lowlevel.server] INFO: Processing request of type CallToolRequest
2026-09-08 21:35:16,656 [mcp.server.lowlevel.server] INFO: Processing request of type CallToolRequest
2026-09-08 21:35:21,460 [mcp.server.lowlevel.server] INFO: Processing request of type CallToolRequest
2026-09-08 21:35:21,463 [mcp.server.lowlevel.server] INFO: Processing request of type CallToolRequest
2026-09-08 21:35:21,845 [mcp.server.lowlevel.server] INFO: Processing request of type CallToolRequest
2026-09-08 21:35:53,064 [mcp.server.lowlevel.server] INFO: Processing request of type CallToolRequest
2026-09-08 21:35:53,091 [mcp.server.lowlevel.server] INFO: Processing request of type CallToolRequest
2026-09-08 21:39:50,489 [mcp.server.lowlevel.server] INFO: Processing request of type CallToolRequest
2026-09-08 21:39:50,506 [mcp.server.lowlevel.server] INFO: Processing request of type CallToolRequest
2026-09-08 21:39:50,507 [mcp.server.lowlevel.server] INFO: Processing request of type CallToolRequest
/home/alexander/Schreibtisch/ofa-v2/langgraph_eval/agent.py:820: RuntimeWarning: This package (`duckduckgo_search`) has been renamed to `ddgs`! Use `pip install ddgs` instead.
  with DDGS() as ddgs:
2026-09-08 21:40:14,926 [mcp.server.lowlevel.server] INFO: Processing request of type CallToolRequest
2026-09-08 21:40:14,955 [mcp.server.lowlevel.server] INFO: Processing request of type CallToolRequest
/home/alexander/Schreibtisch/ofa-v2/langgraph_eval/agent.py:820: RuntimeWarning: This package (`duckduckgo_search`) has been renamed to `ddgs`! Use `pip install ddgs` instead.
  with DDGS() as ddgs:
/home/alexander/Schreibtisch/ofa-v2/langgraph_eval/agent.py:820: RuntimeWarning: This package (`duckduckgo_search`) has been renamed to `ddgs`! Use `pip install ddgs` instead.
  with DDGS() as ddgs:
/home/alexander/Schreibtisch/ofa-v2/langgraph_eval/agent.py:820: RuntimeWarning: This package (`duckduckgo_search`) has been renamed to `ddgs`! Use `pip install ddgs` instead.
  with DDGS() as ddgs:
2026-09-08 21:43:28,759 [mcp.server.lowlevel.server] INFO: Processing request of type CallToolRequest
2026-09-08 21:43:42,570 [mcp.server.lowlevel.server] INFO: Processing request of type CallToolRequest
2026-09-08 21:43:50,336 [mcp.server.lowlevel.server] INFO: Processing request of type CallToolRequest
2026-09-08 21:45:29,725 [mcp.server.lowlevel.server] INFO: Processing request of type CallToolRequest
2026-09-08 21:45:38,853 [mcp.server.lowlevel.server] INFO: Processing request of type CallToolRequest
2026-09-08 21:45:45,470 [mcp.server.lowlevel.server] INFO: Processing request of type CallToolRequest
2026-09-08 21:47:16,719 [mcp.server.lowlevel.server] INFO: Processing request of type CallToolRequest
2026-09-08 21:47:27,681 [mcp.server.lowlevel.server] INFO: Processing request of type CallToolRequest
2026-09-08 21:47:34,828 [mcp.server.lowlevel.server] INFO: Processing request of type CallToolRequest
2026-09-08 21:52:08,237 [mcp.server.lowlevel.server] INFO: Processing request of type CallToolRequest
2026-09-08 21:52:40,519 [mcp.server.lowlevel.server] INFO: Processing request of type CallToolRequest
2026-09-08 21:53:14,829 [oasis] INFO: Session journal saved: /tmp/oasis-source/data/sessions/session_8503ea04-69c4-4661-9210-343e06f44562.json (5 events)
[preflight] custody controls verified for 1 problem(s); keys sealed and unreadable by execution
[phase: development] results are for post-mortems and convergence checking, NOT for the paper's evaluation table.
[DUNE cache] sha256=dc2d5b8ff2ebf98e... (neutral, private copy per cell)
[C3 27b MCP s5536] done  calls=34 tok=3101475/24396 1096.0s
<<< C3 seed 5536 done 2026-09-08 21:53:15
/home/alexander/Schreibtisch/ofa-v2/src/tools/result_audit.py:419: ResourceWarning: unclosed file <_io.TextIOWrapper name='/home/alexander/Schreibtisch/ofa-v2/campaign3_blind/runs/C3_27b_MCP_seed5534/work/residual_level1.csv' mode='r' encoding='UTF-8'>
  body = tuple(r[-1].strip() for r in _csv.reader(q.open()) if r)
ResourceWarning: Enable tracemalloc to get the object allocation traceback
/home/alexander/Schreibtisch/ofa-v2/src/tools/result_audit.py:419: ResourceWarning: unclosed file <_io.TextIOWrapper name='/home/alexander/Schreibtisch/ofa-v2/campaign3_blind/runs/C3_27b_MCP_seed5534/work/residual_level1.csv' mode='r' encoding='UTF-8'>
  body = tuple(r[-1].strip() for r in _csv.reader(q.open()) if r)
ResourceWarning: Enable tracemalloc to get the object allocation traceback
2026-09-08 21:56:23,025 [mcp.server.lowlevel.server] INFO: Processing request of type CallToolRequest
2026-09-08 21:56:42,458 [mcp.server.lowlevel.server] INFO: Processing request of type CallToolRequest
2026-09-08 21:56:56,711 [mcp.server.lowlevel.server] INFO: Processing request of type CallToolRequest
2026-09-08 21:57:24,201 [mcp.server.lowlevel.server] INFO: Processing request of type CallToolRequest
/home/alexander/Schreibtisch/ofa-v2/src/tools/result_audit.py:419: ResourceWarning: unclosed file <_io.TextIOWrapper name='/home/alexander/Schreibtisch/ofa-v2/campaign3_blind/runs/C3_27b_MCP_seed5534/work/residual_level1.csv' mode='r' encoding='UTF-8'>
  body = tuple(r[-1].strip() for r in _csv.reader(q.open()) if r)
ResourceWarning: Enable tracemalloc to get the object allocation traceback
/home/alexander/Schreibtisch/ofa-v2/src/tools/result_audit.py:419: ResourceWarning: unclosed file <_io.TextIOWrapper name='/home/alexander/Schreibtisch/ofa-v2/campaign3_blind/runs/C3_27b_MCP_seed5534/work/residual_level2.csv' mode='r' encoding='UTF-8'>
  body = tuple(r[-1].strip() for r in _csv.reader(q.open()) if r)
ResourceWarning: Enable tracemalloc to get the object allocation traceback
/home/alexander/Schreibtisch/ofa-v2/src/tools/result_audit.py:419: ResourceWarning: unclosed file <_io.TextIOWrapper name='/home/alexander/Schreibtisch/ofa-v2/campaign3_blind/runs/C3_27b_MCP_seed5534/work/residual_level1.csv' mode='r' encoding='UTF-8'>
  body = tuple(r[-1].strip() for r in _csv.reader(q.open()) if r)
ResourceWarning: Enable tracemalloc to get the object allocation traceback
/home/alexander/Schreibtisch/ofa-v2/src/tools/result_audit.py:419: ResourceWarning: unclosed file <_io.TextIOWrapper name='/home/alexander/Schreibtisch/ofa-v2/campaign3_blind/runs/C3_27b_MCP_seed5534/work/residual_level2.csv' mode='r' encoding='UTF-8'>
  body = tuple(r[-1].strip() for r in _csv.reader(q.open()) if r)
ResourceWarning: Enable tracemalloc to get the object allocation traceback
2026-09-08 22:00:16,444 [mcp.server.lowlevel.server] INFO: Processing request of type CallToolRequest
2026-09-08 22:00:30,146 [mcp.server.lowlevel.server] INFO: Processing request of type CallToolRequest
/home/alexander/Schreibtisch/ofa-v2/src/tools/result_audit.py:419: ResourceWarning: unclosed file <_io.TextIOWrapper name='/home/alexander/Schreibtisch/ofa-v2/campaign3_blind/runs/C3_27b_MCP_seed5534/work/residual_level1.csv' mode='r' encoding='UTF-8'>
  body = tuple(r[-1].strip() for r in _csv.reader(q.open()) if r)
ResourceWarning: Enable tracemalloc to get the object allocation traceback
/home/alexander/Schreibtisch/ofa-v2/src/tools/result_audit.py:419: ResourceWarning: unclosed file <_io.TextIOWrapper name='/home/alexander/Schreibtisch/ofa-v2/campaign3_blind/runs/C3_27b_MCP_seed5534/work/residual_level2.csv' mode='r' encoding='UTF-8'>
  body = tuple(r[-1].strip() for r in _csv.reader(q.open()) if r)
ResourceWarning: Enable tracemalloc to get the object allocation traceback
/home/alexander/Schreibtisch/ofa-v2/src/tools/result_audit.py:419: ResourceWarning: unclosed file <_io.TextIOWrapper name='/home/alexander/Schreibtisch/ofa-v2/campaign3_blind/runs/C3_27b_MCP_seed5534/work/residual_level3.csv' mode='r' encoding='UTF-8'>
  body = tuple(r[-1].strip() for r in _csv.reader(q.open()) if r)
ResourceWarning: Enable tracemalloc to get the object allocation traceback
/home/alexander/Schreibtisch/ofa-v2/src/tools/result_audit.py:419: ResourceWarning: unclosed file <_io.TextIOWrapper name='/home/alexander/Schreibtisch/ofa-v2/campaign3_blind/runs/C3_27b_MCP_seed5534/work/residual_level1.csv' mode='r' encoding='UTF-8'>
  body = tuple(r[-1].strip() for r in _csv.reader(q.open()) if r)
ResourceWarning: Enable tracemalloc to get the object allocation traceback
/home/alexander/Schreibtisch/ofa-v2/src/tools/result_audit.py:419: ResourceWarning: unclosed file <_io.TextIOWrapper name='/home/alexander/Schreibtisch/ofa-v2/campaign3_blind/runs/C3_27b_MCP_seed5534/work/residual_level2.csv' mode='r' encoding='UTF-8'>
  body = tuple(r[-1].strip() for r in _csv.reader(q.open()) if r)
ResourceWarning: Enable tracemalloc to get the object allocation traceback
/home/alexander/Schreibtisch/ofa-v2/src/tools/result_audit.py:419: ResourceWarning: unclosed file <_io.TextIOWrapper name='/home/alexander/Schreibtisch/ofa-v2/campaign3_blind/runs/C3_27b_MCP_seed5534/work/residual_level3.csv' mode='r' encoding='UTF-8'>
  body = tuple(r[-1].strip() for r in _csv.reader(q.open()) if r)
ResourceWarning: Enable tracemalloc to get the object allocation traceback
/home/alexander/Schreibtisch/ofa-v2/src/tools/result_audit.py:1446: ResourceWarning: unclosed file <_io.TextIOWrapper name='/home/alexander/Schreibtisch/ofa-v2/campaign3_blind/runs/C3_27b_MCP_seed5534/work/solution_level1_B.csv' mode='r' encoding='UTF-8'>
  rows = [r for r in _csv.reader(f.open())
ResourceWarning: Enable tracemalloc to get the object allocation traceback
/home/alexander/Schreibtisch/ofa-v2/src/tools/result_audit.py:1446: ResourceWarning: unclosed file <_io.TextIOWrapper name='/home/alexander/Schreibtisch/ofa-v2/campaign3_blind/runs/C3_27b_MCP_seed5534/work/solution_level1_B.csv' mode='r' encoding='UTF-8'>
  rows = [r for r in _csv.reader(f.open())
ResourceWarning: Enable tracemalloc to get the object allocation traceback
/home/alexander/Schreibtisch/ofa-v2/src/tools/result_audit.py:1446: ResourceWarning: unclosed file <_io.TextIOWrapper name='/home/alexander/Schreibtisch/ofa-v2/campaign3_blind/runs/C3_27b_MCP_seed5534/work/solution_level2_B.csv' mode='r' encoding='UTF-8'>
  rows = [r for r in _csv.reader(f.open())
ResourceWarning: Enable tracemalloc to get the object allocation traceback
/home/alexander/Schreibtisch/ofa-v2/src/tools/result_audit.py:1446: ResourceWarning: unclosed file <_io.TextIOWrapper name='/home/alexander/Schreibtisch/ofa-v2/campaign3_blind/runs/C3_27b_MCP_seed5534/work/solution_level3_B.csv' mode='r' encoding='UTF-8'>
  rows = [r for r in _csv.reader(f.open())
ResourceWarning: Enable tracemalloc to get the object allocation traceback
/home/alexander/Schreibtisch/ofa-v2/src/tools/result_audit.py:419: ResourceWarning: unclosed file <_io.TextIOWrapper name='/home/alexander/Schreibtisch/ofa-v2/campaign3_blind/runs/C3_27b_MCP_seed5534/work/residual_level1.csv' mode='r' encoding='UTF-8'>
  body = tuple(r[-1].strip() for r in _csv.reader(q.open()) if r)
ResourceWarning: Enable tracemalloc to get the object allocation traceback
/home/alexander/Schreibtisch/ofa-v2/src/tools/result_audit.py:419: ResourceWarning: unclosed file <_io.TextIOWrapper name='/home/alexander/Schreibtisch/ofa-v2/campaign3_blind/runs/C3_27b_MCP_seed5534/work/residual_level2.csv' mode='r' encoding='UTF-8'>
  body = tuple(r[-1].strip() for r in _csv.reader(q.open()) if r)
ResourceWarning: Enable tracemalloc to get the object allocation traceback
/home/alexander/Schreibtisch/ofa-v2/src/tools/result_audit.py:419: ResourceWarning: unclosed file <_io.TextIOWrapper name='/home/alexander/Schreibtisch/ofa-v2/campaign3_blind/runs/C3_27b_MCP_seed5534/work/residual_level3.csv' mode='r' encoding='UTF-8'>
  body = tuple(r[-1].strip() for r in _csv.reader(q.open()) if r)
ResourceWarning: Enable tracemalloc to get the object allocation traceback
/home/alexander/Schreibtisch/ofa-v2/src/tools/result_audit.py:534: ResourceWarning: unclosed file <_io.TextIOWrapper name='/home/alexander/Schreibtisch/ofa-v2/campaign3_blind/runs/C3_27b_MCP_seed5534/work/solution_level1_B.csv' mode='r' encoding='UTF-8'>
  rows = sum(1 for _ in open(sol0[0], errors="ignore")) - 1
ResourceWarning: Enable tracemalloc to get the object allocation traceback
/home/alexander/Schreibtisch/ofa-v2/src/tools/result_audit.py:1446: ResourceWarning: unclosed file <_io.TextIOWrapper name='/home/alexander/Schreibtisch/ofa-v2/campaign3_blind/runs/C3_27b_MCP_seed5534/work/solution_level1_B.csv' mode='r' encoding='UTF-8'>
  rows = [r for r in _csv.reader(f.open())
ResourceWarning: Enable tracemalloc to get the object allocation traceback
/home/alexander/Schreibtisch/ofa-v2/src/tools/result_audit.py:1446: ResourceWarning: unclosed file <_io.TextIOWrapper name='/home/alexander/Schreibtisch/ofa-v2/campaign3_blind/runs/C3_27b_MCP_seed5534/work/solution_level2_B.csv' mode='r' encoding='UTF-8'>
  rows = [r for r in _csv.reader(f.open())
ResourceWarning: Enable tracemalloc to get the object allocation traceback
/home/alexander/Schreibtisch/ofa-v2/src/tools/result_audit.py:1446: ResourceWarning: unclosed file <_io.TextIOWrapper name='/home/alexander/Schreibtisch/ofa-v2/campaign3_blind/runs/C3_27b_MCP_seed5534/work/solution_level3_B.csv' mode='r' encoding='UTF-8'>
  rows = [r for r in _csv.reader(f.open())
ResourceWarning: Enable tracemalloc to get the object allocation traceback
/home/alexander/Schreibtisch/ofa-v2/src/tools/workspace_advisor.py:128: ResourceWarning: unclosed file <_io.TextIOWrapper name='/home/alexander/Schreibtisch/ofa-v2/campaign3_blind/runs/C3_27b_MCP_seed5534/work/residual_level1.csv' mode='r' encoding='UTF-8'>
  rows = [row for row in _csv.reader(r.open()) if row]
ResourceWarning: Enable tracemalloc to get the object allocation traceback
/home/alexander/Schreibtisch/ofa-v2/src/tools/workspace_advisor.py:128: ResourceWarning: unclosed file <_io.TextIOWrapper name='/home/alexander/Schreibtisch/ofa-v2/campaign3_blind/runs/C3_27b_MCP_seed5534/work/residual_level2.csv' mode='r' encoding='UTF-8'>
  rows = [row for row in _csv.reader(r.open()) if row]
ResourceWarning: Enable tracemalloc to get the object allocation traceback
/home/alexander/Schreibtisch/ofa-v2/src/tools/workspace_advisor.py:128: ResourceWarning: unclosed file <_io.TextIOWrapper name='/home/alexander/Schreibtisch/ofa-v2/campaign3_blind/runs/C3_27b_MCP_seed5534/work/residual_level3.csv' mode='r' encoding='UTF-8'>
  rows = [row for row in _csv.reader(r.open()) if row]
ResourceWarning: Enable tracemalloc to get the object allocation traceback
/home/alexander/Schreibtisch/ofa-v2/src/tools/result_audit.py:419: ResourceWarning: unclosed file <_io.TextIOWrapper name='/home/alexander/Schreibtisch/ofa-v2/campaign3_blind/runs/C3_27b_MCP_seed5534/work/residual_level1.csv' mode='r' encoding='UTF-8'>
  body = tuple(r[-1].strip() for r in _csv.reader(q.open()) if r)
ResourceWarning: Enable tracemalloc to get the object allocation traceback
/home/alexander/Schreibtisch/ofa-v2/src/tools/result_audit.py:419: ResourceWarning: unclosed file <_io.TextIOWrapper name='/home/alexander/Schreibtisch/ofa-v2/campaign3_blind/runs/C3_27b_MCP_seed5534/work/residual_level2.csv' mode='r' encoding='UTF-8'>
  body = tuple(r[-1].strip() for r in _csv.reader(q.open()) if r)
ResourceWarning: Enable tracemalloc to get the object allocation traceback
/home/alexander/Schreibtisch/ofa-v2/src/tools/result_audit.py:419: ResourceWarning: unclosed file <_io.TextIOWrapper name='/home/alexander/Schreibtisch/ofa-v2/campaign3_blind/runs/C3_27b_MCP_seed5534/work/residual_level3.csv' mode='r' encoding='UTF-8'>
  body = tuple(r[-1].strip() for r in _csv.reader(q.open()) if r)
ResourceWarning: Enable tracemalloc to get the object allocation traceback
/home/alexander/Schreibtisch/ofa-v2/src/tools/result_audit.py:419: ResourceWarning: unclosed file <_io.TextIOWrapper name='/home/alexander/Schreibtisch/ofa-v2/campaign3_blind/runs/C3_27b_MCP_seed5534/work/residual_level1.csv' mode='r' encoding='UTF-8'>
  body = tuple(r[-1].strip() for r in _csv.reader(q.open()) if r)
ResourceWarning: Enable tracemalloc to get the object allocation traceback
/home/alexander/Schreibtisch/ofa-v2/src/tools/result_audit.py:419: ResourceWarning: unclosed file <_io.TextIOWrapper name='/home/alexander/Schreibtisch/ofa-v2/campaign3_blind/runs/C3_27b_MCP_seed5534/work/residual_level2.csv' mode='r' encoding='UTF-8'>
  body = tuple(r[-1].strip() for r in _csv.reader(q.open()) if r)
ResourceWarning: Enable tracemalloc to get the object allocation traceback
/home/alexander/Schreibtisch/ofa-v2/src/tools/result_audit.py:419: ResourceWarning: unclosed file <_io.TextIOWrapper name='/home/alexander/Schreibtisch/ofa-v2/campaign3_blind/runs/C3_27b_MCP_seed5534/work/residual_level3.csv' mode='r' encoding='UTF-8'>
  body = tuple(r[-1].strip() for r in _csv.reader(q.open()) if r)
ResourceWarning: Enable tracemalloc to get the object allocation traceback
/home/alexander/Schreibtisch/ofa-v2/src/tools/result_audit.py:534: ResourceWarning: unclosed file <_io.TextIOWrapper name='/home/alexander/Schreibtisch/ofa-v2/campaign3_blind/runs/C3_27b_MCP_seed5534/work/solution_level1_B.csv' mode='r' encoding='UTF-8'>
  rows = sum(1 for _ in open(sol0[0], errors="ignore")) - 1
ResourceWarning: Enable tracemalloc to get the object allocation traceback
/home/alexander/Schreibtisch/ofa-v2/src/tools/result_audit.py:1446: ResourceWarning: unclosed file <_io.TextIOWrapper name='/home/alexander/Schreibtisch/ofa-v2/campaign3_blind/runs/C3_27b_MCP_seed5534/work/solution_level1_B.csv' mode='r' encoding='UTF-8'>
  rows = [r for r in _csv.reader(f.open())
ResourceWarning: Enable tracemalloc to get the object allocation traceback
/home/alexander/Schreibtisch/ofa-v2/src/tools/result_audit.py:1446: ResourceWarning: unclosed file <_io.TextIOWrapper name='/home/alexander/Schreibtisch/ofa-v2/campaign3_blind/runs/C3_27b_MCP_seed5534/work/solution_level2_B.csv' mode='r' encoding='UTF-8'>
  rows = [r for r in _csv.reader(f.open())
ResourceWarning: Enable tracemalloc to get the object allocation traceback
/home/alexander/Schreibtisch/ofa-v2/src/tools/result_audit.py:1446: ResourceWarning: unclosed file <_io.TextIOWrapper name='/home/alexander/Schreibtisch/ofa-v2/campaign3_blind/runs/C3_27b_MCP_seed5534/work/solution_level3_B.csv' mode='r' encoding='UTF-8'>
  rows = [r for r in _csv.reader(f.open())
ResourceWarning: Enable tracemalloc to get the object allocation traceback
/home/alexander/Schreibtisch/ofa-v2/src/tools/result_audit.py:1446: ResourceWarning: unclosed file <_io.TextIOWrapper name='/home/alexander/Schreibtisch/ofa-v2/campaign3_blind/runs/C3_27b_MCP_seed5534/work/solution_level1_A.csv' mode='r' encoding='UTF-8'>
  rows = [r for r in _csv.reader(f.open())
ResourceWarning: Enable tracemalloc to get the object allocation traceback
/home/alexander/Schreibtisch/ofa-v2/src/tools/result_audit.py:1446: ResourceWarning: unclosed file <_io.TextIOWrapper name='/home/alexander/Schreibtisch/ofa-v2/campaign3_blind/runs/C3_27b_MCP_seed5534/work/solution_level1_B.csv' mode='r' encoding='UTF-8'>
  rows = [r for r in _csv.reader(f.open())
ResourceWarning: Enable tracemalloc to get the object allocation traceback
/home/alexander/Schreibtisch/ofa-v2/src/tools/result_audit.py:1446: ResourceWarning: unclosed file <_io.TextIOWrapper name='/home/alexander/Schreibtisch/ofa-v2/campaign3_blind/runs/C3_27b_MCP_seed5534/work/solution_level2_A.csv' mode='r' encoding='UTF-8'>
  rows = [r for r in _csv.reader(f.open())
ResourceWarning: Enable tracemalloc to get the object allocation traceback
/home/alexander/Schreibtisch/ofa-v2/src/tools/result_audit.py:1446: ResourceWarning: unclosed file <_io.TextIOWrapper name='/home/alexander/Schreibtisch/ofa-v2/campaign3_blind/runs/C3_27b_MCP_seed5534/work/solution_level2_B.csv' mode='r' encoding='UTF-8'>
  rows = [r for r in _csv.reader(f.open())
ResourceWarning: Enable tracemalloc to get the object allocation traceback
/home/alexander/Schreibtisch/ofa-v2/src/tools/result_audit.py:1446: ResourceWarning: unclosed file <_io.TextIOWrapper name='/home/alexander/Schreibtisch/ofa-v2/campaign3_blind/runs/C3_27b_MCP_seed5534/work/solution_level3_A.csv' mode='r' encoding='UTF-8'>
  rows = [r for r in _csv.reader(f.open())
ResourceWarning: Enable tracemalloc to get the object allocation traceback
/home/alexander/Schreibtisch/ofa-v2/src/tools/result_audit.py:1446: ResourceWarning: unclosed file <_io.TextIOWrapper name='/home/alexander/Schreibtisch/ofa-v2/campaign3_blind/runs/C3_27b_MCP_seed5534/work/solution_level3_B.csv' mode='r' encoding='UTF-8'>
  rows = [r for r in _csv.reader(f.open())
ResourceWarning: Enable tracemalloc to get the object allocation traceback
/home/alexander/Schreibtisch/ofa-v2/src/tools/result_audit.py:419: ResourceWarning: unclosed file <_io.TextIOWrapper name='/home/alexander/Schreibtisch/ofa-v2/campaign3_blind/runs/C3_27b_MCP_seed5534/work/residual_level1.csv' mode='r' encoding='UTF-8'>
  body = tuple(r[-1].strip() for r in _csv.reader(q.open()) if r)
ResourceWarning: Enable tracemalloc to get the object allocation traceback
/home/alexander/Schreibtisch/ofa-v2/src/tools/result_audit.py:419: ResourceWarning: unclosed file <_io.TextIOWrapper name='/home/alexander/Schreibtisch/ofa-v2/campaign3_blind/runs/C3_27b_MCP_seed5534/work/residual_level2.csv' mode='r' encoding='UTF-8'>
  body = tuple(r[-1].strip() for r in _csv.reader(q.open()) if r)
ResourceWarning: Enable tracemalloc to get the object allocation traceback
/home/alexander/Schreibtisch/ofa-v2/src/tools/result_audit.py:419: ResourceWarning: unclosed file <_io.TextIOWrapper name='/home/alexander/Schreibtisch/ofa-v2/campaign3_blind/runs/C3_27b_MCP_seed5534/work/residual_level3.csv' mode='r' encoding='UTF-8'>
  body = tuple(r[-1].strip() for r in _csv.reader(q.open()) if r)
ResourceWarning: Enable tracemalloc to get the object allocation traceback
/home/alexander/Schreibtisch/ofa-v2/src/tools/result_audit.py:534: ResourceWarning: unclosed file <_io.TextIOWrapper name='/home/alexander/Schreibtisch/ofa-v2/campaign3_blind/runs/C3_27b_MCP_seed5534/work/solution_level1_A.csv' mode='r' encoding='UTF-8'>
  rows = sum(1 for _ in open(sol0[0], errors="ignore")) - 1
ResourceWarning: Enable tracemalloc to get the object allocation traceback
/home/alexander/Schreibtisch/ofa-v2/src/tools/result_audit.py:1446: ResourceWarning: unclosed file <_io.TextIOWrapper name='/home/alexander/Schreibtisch/ofa-v2/campaign3_blind/runs/C3_27b_MCP_seed5534/work/solution_level1_A.csv' mode='r' encoding='UTF-8'>
  rows = [r for r in _csv.reader(f.open())
ResourceWarning: Enable tracemalloc to get the object allocation traceback
/home/alexander/Schreibtisch/ofa-v2/src/tools/result_audit.py:1446: ResourceWarning: unclosed file <_io.TextIOWrapper name='/home/alexander/Schreibtisch/ofa-v2/campaign3_blind/runs/C3_27b_MCP_seed5534/work/solution_level1_B.csv' mode='r' encoding='UTF-8'>
  rows = [r for r in _csv.reader(f.open())
ResourceWarning: Enable tracemalloc to get the object allocation traceback
/home/alexander/Schreibtisch/ofa-v2/src/tools/result_audit.py:1446: ResourceWarning: unclosed file <_io.TextIOWrapper name='/home/alexander/Schreibtisch/ofa-v2/campaign3_blind/runs/C3_27b_MCP_seed5534/work/solution_level2_A.csv' mode='r' encoding='UTF-8'>
  rows = [r for r in _csv.reader(f.open())
ResourceWarning: Enable tracemalloc to get the object allocation traceback
/home/alexander/Schreibtisch/ofa-v2/src/tools/result_audit.py:1446: ResourceWarning: unclosed file <_io.TextIOWrapper name='/home/alexander/Schreibtisch/ofa-v2/campaign3_blind/runs/C3_27b_MCP_seed5534/work/solution_level2_B.csv' mode='r' encoding='UTF-8'>
  rows = [r for r in _csv.reader(f.open())
ResourceWarning: Enable tracemalloc to get the object allocation traceback
/home/alexander/Schreibtisch/ofa-v2/src/tools/result_audit.py:1446: ResourceWarning: unclosed file <_io.TextIOWrapper name='/home/alexander/Schreibtisch/ofa-v2/campaign3_blind/runs/C3_27b_MCP_seed5534/work/solution_level3_A.csv' mode='r' encoding='UTF-8'>
  rows = [r for r in _csv.reader(f.open())
ResourceWarning: Enable tracemalloc to get the object allocation traceback
/home/alexander/Schreibtisch/ofa-v2/src/tools/result_audit.py:1446: ResourceWarning: unclosed file <_io.TextIOWrapper name='/home/alexander/Schreibtisch/ofa-v2/campaign3_blind/runs/C3_27b_MCP_seed5534/work/solution_level3_B.csv' mode='r' encoding='UTF-8'>
  rows = [r for r in _csv.reader(f.open())
ResourceWarning: Enable tracemalloc to get the object allocation traceback
/home/alexander/Schreibtisch/ofa-v2/src/tools/result_audit.py:1446: ResourceWarning: unclosed file <_io.TextIOWrapper name='/home/alexander/Schreibtisch/ofa-v2/campaign3_blind/runs/C3_27b_MCP_seed5534/work/solution_level1_A.csv' mode='r' encoding='UTF-8'>
  rows = [r for r in _csv.reader(f.open())
ResourceWarning: Enable tracemalloc to get the object allocation traceback
/home/alexander/Schreibtisch/ofa-v2/src/tools/result_audit.py:1446: ResourceWarning: unclosed file <_io.TextIOWrapper name='/home/alexander/Schreibtisch/ofa-v2/campaign3_blind/runs/C3_27b_MCP_seed5534/work/solution_level1_B.csv' mode='r' encoding='UTF-8'>
  rows = [r for r in _csv.reader(f.open())
ResourceWarning: Enable tracemalloc to get the object allocation traceback
/home/alexander/Schreibtisch/ofa-v2/src/tools/result_audit.py:1446: ResourceWarning: unclosed file <_io.TextIOWrapper name='/home/alexander/Schreibtisch/ofa-v2/campaign3_blind/runs/C3_27b_MCP_seed5534/work/solution_level2_A.csv' mode='r' encoding='UTF-8'>
  rows = [r for r in _csv.reader(f.open())
ResourceWarning: Enable tracemalloc to get the object allocation traceback
/home/alexander/Schreibtisch/ofa-v2/src/tools/result_audit.py:1446: ResourceWarning: unclosed file <_io.TextIOWrapper name='/home/alexander/Schreibtisch/ofa-v2/campaign3_blind/runs/C3_27b_MCP_seed5534/work/solution_level2_B.csv' mode='r' encoding='UTF-8'>
  rows = [r for r in _csv.reader(f.open())
ResourceWarning: Enable tracemalloc to get the object allocation traceback
/home/alexander/Schreibtisch/ofa-v2/src/tools/result_audit.py:1446: ResourceWarning: unclosed file <_io.TextIOWrapper name='/home/alexander/Schreibtisch/ofa-v2/campaign3_blind/runs/C3_27b_MCP_seed5534/work/solution_level3_A.csv' mode='r' encoding='UTF-8'>
  rows = [r for r in _csv.reader(f.open())
ResourceWarning: Enable tracemalloc to get the object allocation traceback
/home/alexander/Schreibtisch/ofa-v2/src/tools/result_audit.py:1446: ResourceWarning: unclosed file <_io.TextIOWrapper name='/home/alexander/Schreibtisch/ofa-v2/campaign3_blind/runs/C3_27b_MCP_seed5534/work/solution_level3_B.csv' mode='r' encoding='UTF-8'>
  rows = [r for r in _csv.reader(f.open())
ResourceWarning: Enable tracemalloc to get the object allocation traceback
/home/alexander/Schreibtisch/ofa-v2/src/tools/result_audit.py:419: ResourceWarning: unclosed file <_io.TextIOWrapper name='/home/alexander/Schreibtisch/ofa-v2/campaign3_blind/runs/C3_27b_MCP_seed5534/work/residual_level1.csv' mode='r' encoding='UTF-8'>
  body = tuple(r[-1].strip() for r in _csv.reader(q.open()) if r)
ResourceWarning: Enable tracemalloc to get the object allocation traceback
/home/alexander/Schreibtisch/ofa-v2/src/tools/result_audit.py:419: ResourceWarning: unclosed file <_io.TextIOWrapper name='/home/alexander/Schreibtisch/ofa-v2/campaign3_blind/runs/C3_27b_MCP_seed5534/work/residual_level2.csv' mode='r' encoding='UTF-8'>
  body = tuple(r[-1].strip() for r in _csv.reader(q.open()) if r)
ResourceWarning: Enable tracemalloc to get the object allocation traceback
/home/alexander/Schreibtisch/ofa-v2/src/tools/result_audit.py:419: ResourceWarning: unclosed file <_io.TextIOWrapper name='/home/alexander/Schreibtisch/ofa-v2/campaign3_blind/runs/C3_27b_MCP_seed5534/work/residual_level3.csv' mode='r' encoding='UTF-8'>
  body = tuple(r[-1].strip() for r in _csv.reader(q.open()) if r)
ResourceWarning: Enable tracemalloc to get the object allocation traceback
/home/alexander/Schreibtisch/ofa-v2/src/tools/result_audit.py:534: ResourceWarning: unclosed file <_io.TextIOWrapper name='/home/alexander/Schreibtisch/ofa-v2/campaign3_blind/runs/C3_27b_MCP_seed5534/work/solution_level1_A.csv' mode='r' encoding='UTF-8'>
  rows = sum(1 for _ in open(sol0[0], errors="ignore")) - 1
ResourceWarning: Enable tracemalloc to get the object allocation traceback
/home/alexander/Schreibtisch/ofa-v2/src/tools/result_audit.py:1446: ResourceWarning: unclosed file <_io.TextIOWrapper name='/home/alexander/Schreibtisch/ofa-v2/campaign3_blind/runs/C3_27b_MCP_seed5534/work/solution_level1_A.csv' mode='r' encoding='UTF-8'>
  rows = [r for r in _csv.reader(f.open())
ResourceWarning: Enable tracemalloc to get the object allocation traceback
/home/alexander/Schreibtisch/ofa-v2/src/tools/result_audit.py:1446: ResourceWarning: unclosed file <_io.TextIOWrapper name='/home/alexander/Schreibtisch/ofa-v2/campaign3_blind/runs/C3_27b_MCP_seed5534/work/solution_level1_B.csv' mode='r' encoding='UTF-8'>
  rows = [r for r in _csv.reader(f.open())
ResourceWarning: Enable tracemalloc to get the object allocation traceback
/home/alexander/Schreibtisch/ofa-v2/src/tools/result_audit.py:1446: ResourceWarning: unclosed file <_io.TextIOWrapper name='/home/alexander/Schreibtisch/ofa-v2/campaign3_blind/runs/C3_27b_MCP_seed5534/work/solution_level2_A.csv' mode='r' encoding='UTF-8'>
  rows = [r for r in _csv.reader(f.open())
ResourceWarning: Enable tracemalloc to get the object allocation traceback
/home/alexander/Schreibtisch/ofa-v2/src/tools/result_audit.py:1446: ResourceWarning: unclosed file <_io.TextIOWrapper name='/home/alexander/Schreibtisch/ofa-v2/campaign3_blind/runs/C3_27b_MCP_seed5534/work/solution_level2_B.csv' mode='r' encoding='UTF-8'>
  rows = [r for r in _csv.reader(f.open())
ResourceWarning: Enable tracemalloc to get the object allocation traceback
/home/alexander/Schreibtisch/ofa-v2/src/tools/result_audit.py:1446: ResourceWarning: unclosed file <_io.TextIOWrapper name='/home/alexander/Schreibtisch/ofa-v2/campaign3_blind/runs/C3_27b_MCP_seed5534/work/solution_level3_A.csv' mode='r' encoding='UTF-8'>
  rows = [r for r in _csv.reader(f.open())
ResourceWarning: Enable tracemalloc to get the object allocation traceback
/home/alexander/Schreibtisch/ofa-v2/src/tools/result_audit.py:1446: ResourceWarning: unclosed file <_io.TextIOWrapper name='/home/alexander/Schreibtisch/ofa-v2/campaign3_blind/runs/C3_27b_MCP_seed5534/work/solution_level3_B.csv' mode='r' encoding='UTF-8'>
  rows = [r for r in _csv.reader(f.open())
ResourceWarning: Enable tracemalloc to get the object allocation traceback
/home/alexander/Schreibtisch/ofa-v2/src/tools/result_audit.py:419: ResourceWarning: unclosed file <_io.TextIOWrapper name='/home/alexander/Schreibtisch/ofa-v2/campaign3_blind/runs/C3_27b_MCP_seed5534/work/residual_level1.csv' mode='r' encoding='UTF-8'>
  body = tuple(r[-1].strip() for r in _csv.reader(q.open()) if r)
ResourceWarning: Enable tracemalloc to get the object allocation traceback
/home/alexander/Schreibtisch/ofa-v2/src/tools/result_audit.py:419: ResourceWarning: unclosed file <_io.TextIOWrapper name='/home/alexander/Schreibtisch/ofa-v2/campaign3_blind/runs/C3_27b_MCP_seed5534/work/residual_level2.csv' mode='r' encoding='UTF-8'>
  body = tuple(r[-1].strip() for r in _csv.reader(q.open()) if r)
ResourceWarning: Enable tracemalloc to get the object allocation traceback
/home/alexander/Schreibtisch/ofa-v2/src/tools/result_audit.py:419: ResourceWarning: unclosed file <_io.TextIOWrapper name='/home/alexander/Schreibtisch/ofa-v2/campaign3_blind/runs/C3_27b_MCP_seed5534/work/residual_level3.csv' mode='r' encoding='UTF-8'>
  body = tuple(r[-1].strip() for r in _csv.reader(q.open()) if r)
ResourceWarning: Enable tracemalloc to get the object allocation traceback
/home/alexander/Schreibtisch/ofa-v2/src/tools/result_audit.py:534: ResourceWarning: unclosed file <_io.TextIOWrapper name='/home/alexander/Schreibtisch/ofa-v2/campaign3_blind/runs/C3_27b_MCP_seed5534/work/solution_level1_A.csv' mode='r' encoding='UTF-8'>
  rows = sum(1 for _ in open(sol0[0], errors="ignore")) - 1
ResourceWarning: Enable tracemalloc to get the object allocation traceback
/home/alexander/Schreibtisch/ofa-v2/src/tools/result_audit.py:1446: ResourceWarning: unclosed file <_io.TextIOWrapper name='/home/alexander/Schreibtisch/ofa-v2/campaign3_blind/runs/C3_27b_MCP_seed5534/work/solution_level1_A.csv' mode='r' encoding='UTF-8'>
  rows = [r for r in _csv.reader(f.open())
ResourceWarning: Enable tracemalloc to get the object allocation traceback
/home/alexander/Schreibtisch/ofa-v2/src/tools/result_audit.py:1446: ResourceWarning: unclosed file <_io.TextIOWrapper name='/home/alexander/Schreibtisch/ofa-v2/campaign3_blind/runs/C3_27b_MCP_seed5534/work/solution_level1_B.csv' mode='r' encoding='UTF-8'>
  rows = [r for r in _csv.reader(f.open())
ResourceWarning: Enable tracemalloc to get the object allocation traceback
/home/alexander/Schreibtisch/ofa-v2/src/tools/result_audit.py:1446: ResourceWarning: unclosed file <_io.TextIOWrapper name='/home/alexander/Schreibtisch/ofa-v2/campaign3_blind/runs/C3_27b_MCP_seed5534/work/solution_level2_A.csv' mode='r' encoding='UTF-8'>
  rows = [r for r in _csv.reader(f.open())
ResourceWarning: Enable tracemalloc to get the object allocation traceback
/home/alexander/Schreibtisch/ofa-v2/src/tools/result_audit.py:1446: ResourceWarning: unclosed file <_io.TextIOWrapper name='/home/alexander/Schreibtisch/ofa-v2/campaign3_blind/runs/C3_27b_MCP_seed5534/work/solution_level2_B.csv' mode='r' encoding='UTF-8'>
  rows = [r for r in _csv.reader(f.open())
ResourceWarning: Enable tracemalloc to get the object allocation traceback
/home/alexander/Schreibtisch/ofa-v2/src/tools/result_audit.py:1446: ResourceWarning: unclosed file <_io.TextIOWrapper name='/home/alexander/Schreibtisch/ofa-v2/campaign3_blind/runs/C3_27b_MCP_seed5534/work/solution_level3_A.csv' mode='r' encoding='UTF-8'>
  rows = [r for r in _csv.reader(f.open())
ResourceWarning: Enable tracemalloc to get the object allocation traceback
/home/alexander/Schreibtisch/ofa-v2/src/tools/result_audit.py:1446: ResourceWarning: unclosed file <_io.TextIOWrapper name='/home/alexander/Schreibtisch/ofa-v2/campaign3_blind/runs/C3_27b_MCP_seed5534/work/solution_level3_B.csv' mode='r' encoding='UTF-8'>
  rows = [r for r in _csv.reader(f.open())
ResourceWarning: Enable tracemalloc to get the object allocation traceback
2026-09-08 22:10:50,881 [oasis] INFO: Session journal saved: /tmp/oasis-source/data/sessions/session_6082993d-086d-4d52-97cb-931641b05dc1.json (9 events)
[preflight] custody controls verified for 1 problem(s); keys sealed and unreadable by execution
[phase: development] results are for post-mortems and convergence checking, NOT for the paper's evaluation table.
[DUNE cache] sha256=dc2d5b8ff2ebf98e... (neutral, private copy per cell)
[C3 27b MCP s5534] done  calls=62 tok=6792541/48607 2151.5s
/home/alexander/.local/share/python/cpython-3.12.13-linux-x86_64-gnu/lib/python3.12/asyncio/selector_events.py:879: ResourceWarning: unclosed transport <_SelectorSocketTransport fd=9>
<<< C3 seed 5534 done 2026-09-08 22:10:51
2026-09-08 22:10:59,398 [oasis] INFO: Session journal saved: /tmp/oasis-source/data/sessions/session_d246fd7f-5cf9-48b2-84b5-dbc4fcf6e8c1.json (5 events)
[preflight] custody controls verified for 1 problem(s); keys sealed and unreadable by execution
[phase: development] results are for post-mortems and convergence checking, NOT for the paper's evaluation table.
[DUNE cache] sha256=dc2d5b8ff2ebf98e... (neutral, private copy per cell)
[C3 27b MCP s5535] done  calls=58 tok=5751886/40572 2160.1s
<<< C3 seed 5535 done 2026-09-08 22:11:00
>>> C3 MCP complete 2026-09-08 22:11:00
>>> C3 MCP seeds 5541 5542 5543  start 2026-09-09 22:21:49
>>> C3 MCP seeds 5544 5545 5546  start 2026-09-09 22:21:49
[source build] 43007c6687ac sha256=a14ba94eddf1415b... (immutable)
[source build] 43007c6687ac sha256=a14ba94eddf1415b... (immutable)
[source build] 43007c6687ac sha256=a14ba94eddf1415b... (immutable)
[source build] 43007c6687ac sha256=a14ba94eddf1415b... (immutable)
[source build] 43007c6687ac sha256=a14ba94eddf1415b... (immutable)
[source build] 43007c6687ac sha256=a14ba94eddf1415b... (immutable)
2026-09-09 22:22:25,666 [oasis.registry] INFO: Loaded discovered config: 5 backends
2026-09-09 22:22:25,680 [oasis.registry] INFO: Registered backend: 4C Multiphysics (fourc)
2026-09-09 22:22:25,685 [oasis.registry] INFO: Registered backend: FEniCSx (dolfinx) (fenics)
2026-09-09 22:22:25,692 [oasis.registry] INFO: Registered backend: deal.II (dealii)
2026-09-09 22:22:25,718 [oasis.registry] INFO: Registered backend: FEBio (febio)
2026-09-09 22:22:25,737 [oasis.registry] INFO: Registered backend: NGSolve (ngsolve)
2026-09-09 22:22:25,737 [oasis.ngsolve] INFO: NGSolve backend registered
2026-09-09 22:22:25,751 [oasis.registry] INFO: Registered backend: scikit-fem (skfem)
2026-09-09 22:22:25,751 [oasis.skfem] INFO: scikit-fem backend registered
2026-09-09 22:22:25,773 [oasis.registry] INFO: Registered backend: Kratos Multiphysics (kratos)
2026-09-09 22:22:25,773 [oasis.kratos] INFO: Kratos Multiphysics backend registered
2026-09-09 22:22:25,788 [oasis.registry] INFO: Registered backend: DUNE-fem (dune)
2026-09-09 22:22:25,788 [oasis.dune] INFO: DUNE-fem backend registered
2026-09-09 22:22:25,802 [oasis.registry] INFO: Registered backend: SPARTA (DSMC) (sparta)
2026-09-09 22:22:25,802 [oasis.sparta] INFO: SPARTA (DSMC) backend registered
2026-09-09 22:22:25,802 [oasis] INFO: Starting OASiS MCP server
2026-09-09 22:22:25,825 [oasis.registry] INFO: Loaded discovered config: 5 backends
2026-09-09 22:22:25,829 [mcp.server.lowlevel.server] INFO: Processing request of type ListToolsRequest
2026-09-09 22:22:25,836 [oasis.registry] INFO: Registered backend: 4C Multiphysics (fourc)
2026-09-09 22:22:25,839 [oasis.registry] INFO: Registered backend: FEniCSx (dolfinx) (fenics)
2026-09-09 22:22:25,844 [oasis.registry] INFO: Registered backend: deal.II (dealii)
2026-09-09 22:22:25,864 [oasis.registry] INFO: Registered backend: FEBio (febio)
2026-09-09 22:22:25,878 [oasis.registry] INFO: Registered backend: NGSolve (ngsolve)
2026-09-09 22:22:25,878 [oasis.ngsolve] INFO: NGSolve backend registered
2026-09-09 22:22:25,892 [oasis.registry] INFO: Registered backend: scikit-fem (skfem)
2026-09-09 22:22:25,893 [oasis.skfem] INFO: scikit-fem backend registered
2026-09-09 22:22:25,914 [oasis.registry] INFO: Loaded discovered config: 5 backends
2026-09-09 22:22:25,914 [oasis.registry] INFO: Registered backend: Kratos Multiphysics (kratos)
2026-09-09 22:22:25,915 [oasis.kratos] INFO: Kratos Multiphysics backend registered
2026-09-09 22:22:25,925 [oasis.registry] INFO: Registered backend: 4C Multiphysics (fourc)
2026-09-09 22:22:25,929 [oasis.registry] INFO: Registered backend: FEniCSx (dolfinx) (fenics)
2026-09-09 22:22:25,929 [oasis.registry] INFO: Registered backend: DUNE-fem (dune)
2026-09-09 22:22:25,929 [oasis.dune] INFO: DUNE-fem backend registered
2026-09-09 22:22:25,934 [oasis.registry] INFO: Registered backend: deal.II (dealii)
2026-09-09 22:22:25,947 [oasis.registry] INFO: Registered backend: SPARTA (DSMC) (sparta)
2026-09-09 22:22:25,947 [oasis.sparta] INFO: SPARTA (DSMC) backend registered
2026-09-09 22:22:25,947 [oasis] INFO: Starting OASiS MCP server
2026-09-09 22:22:25,955 [oasis.registry] INFO: Registered backend: FEBio (febio)
2026-09-09 22:22:25,970 [oasis.registry] INFO: Registered backend: NGSolve (ngsolve)
2026-09-09 22:22:25,970 [oasis.ngsolve] INFO: NGSolve backend registered
2026-09-09 22:22:25,978 [mcp.server.lowlevel.server] INFO: Processing request of type ListToolsRequest
2026-09-09 22:22:25,989 [oasis.registry] INFO: Registered backend: scikit-fem (skfem)
2026-09-09 22:22:25,989 [oasis.skfem] INFO: scikit-fem backend registered
2026-09-09 22:22:26,017 [oasis.registry] INFO: Registered backend: Kratos Multiphysics (kratos)
2026-09-09 22:22:26,017 [oasis.kratos] INFO: Kratos Multiphysics backend registered
2026-09-09 22:22:26,019 [oasis.registry] INFO: Loaded discovered config: 5 backends
2026-09-09 22:22:26,033 [oasis.registry] INFO: Registered backend: 4C Multiphysics (fourc)
2026-09-09 22:22:26,038 [oasis.registry] INFO: Registered backend: DUNE-fem (dune)
2026-09-09 22:22:26,038 [oasis.dune] INFO: DUNE-fem backend registered
2026-09-09 22:22:26,038 [oasis.registry] INFO: Registered backend: FEniCSx (dolfinx) (fenics)
2026-09-09 22:22:26,045 [oasis.registry] INFO: Registered backend: deal.II (dealii)
2026-09-09 22:22:26,055 [oasis.registry] INFO: Registered backend: SPARTA (DSMC) (sparta)
2026-09-09 22:22:26,055 [oasis.sparta] INFO: SPARTA (DSMC) backend registered
2026-09-09 22:22:26,055 [oasis] INFO: Starting OASiS MCP server
2026-09-09 22:22:26,065 [oasis.registry] INFO: Registered backend: FEBio (febio)
2026-09-09 22:22:26,080 [oasis.registry] INFO: Registered backend: NGSolve (ngsolve)
2026-09-09 22:22:26,080 [oasis.ngsolve] INFO: NGSolve backend registered
2026-09-09 22:22:26,085 [mcp.server.lowlevel.server] INFO: Processing request of type ListToolsRequest
2026-09-09 22:22:26,096 [oasis.registry] INFO: Registered backend: scikit-fem (skfem)
2026-09-09 22:22:26,097 [oasis.skfem] INFO: scikit-fem backend registered
2026-09-09 22:22:26,120 [oasis.registry] INFO: Registered backend: Kratos Multiphysics (kratos)
2026-09-09 22:22:26,120 [oasis.kratos] INFO: Kratos Multiphysics backend registered
2026-09-09 22:22:26,134 [oasis.registry] INFO: Registered backend: DUNE-fem (dune)
2026-09-09 22:22:26,134 [oasis.dune] INFO: DUNE-fem backend registered
2026-09-09 22:22:26,152 [oasis.registry] INFO: Registered backend: SPARTA (DSMC) (sparta)
2026-09-09 22:22:26,152 [oasis.sparta] INFO: SPARTA (DSMC) backend registered
2026-09-09 22:22:26,152 [oasis] INFO: Starting OASiS MCP server
2026-09-09 22:22:26,183 [mcp.server.lowlevel.server] INFO: Processing request of type ListToolsRequest
2026-09-09 22:22:26,329 [oasis.registry] INFO: Loaded discovered config: 5 backends
2026-09-09 22:22:26,342 [oasis.registry] INFO: Registered backend: 4C Multiphysics (fourc)
2026-09-09 22:22:26,347 [oasis.registry] INFO: Registered backend: FEniCSx (dolfinx) (fenics)
2026-09-09 22:22:26,353 [oasis.registry] INFO: Registered backend: deal.II (dealii)
2026-09-09 22:22:26,379 [oasis.registry] INFO: Registered backend: FEBio (febio)
2026-09-09 22:22:26,393 [oasis.registry] INFO: Registered backend: NGSolve (ngsolve)
2026-09-09 22:22:26,393 [oasis.ngsolve] INFO: NGSolve backend registered
2026-09-09 22:22:26,407 [oasis.registry] INFO: Registered backend: scikit-fem (skfem)
2026-09-09 22:22:26,407 [oasis.skfem] INFO: scikit-fem backend registered
2026-09-09 22:22:26,429 [oasis.registry] INFO: Registered backend: Kratos Multiphysics (kratos)
2026-09-09 22:22:26,429 [oasis.kratos] INFO: Kratos Multiphysics backend registered
2026-09-09 22:22:26,443 [oasis.registry] INFO: Registered backend: DUNE-fem (dune)
2026-09-09 22:22:26,443 [oasis.dune] INFO: DUNE-fem backend registered
2026-09-09 22:22:26,457 [oasis.registry] INFO: Registered backend: SPARTA (DSMC) (sparta)
2026-09-09 22:22:26,457 [oasis.sparta] INFO: SPARTA (DSMC) backend registered
2026-09-09 22:22:26,457 [oasis] INFO: Starting OASiS MCP server
2026-09-09 22:22:26,486 [mcp.server.lowlevel.server] INFO: Processing request of type ListToolsRequest
2026-09-09 22:22:26,641 [oasis.registry] INFO: Loaded discovered config: 5 backends
2026-09-09 22:22:26,652 [oasis.registry] INFO: Registered backend: 4C Multiphysics (fourc)
2026-09-09 22:22:26,655 [oasis.registry] INFO: Registered backend: FEniCSx (dolfinx) (fenics)
2026-09-09 22:22:26,660 [oasis.registry] INFO: Registered backend: deal.II (dealii)
2026-09-09 22:22:26,679 [oasis.registry] INFO: Registered backend: FEBio (febio)
2026-09-09 22:22:26,692 [oasis.registry] INFO: Registered backend: NGSolve (ngsolve)
2026-09-09 22:22:26,692 [oasis.ngsolve] INFO: NGSolve backend registered
2026-09-09 22:22:26,708 [oasis.registry] INFO: Registered backend: scikit-fem (skfem)
2026-09-09 22:22:26,708 [oasis.skfem] INFO: scikit-fem backend registered
2026-09-09 22:22:26,732 [oasis.registry] INFO: Registered backend: Kratos Multiphysics (kratos)
2026-09-09 22:22:26,732 [oasis.kratos] INFO: Kratos Multiphysics backend registered
2026-09-09 22:22:26,746 [oasis.registry] INFO: Registered backend: DUNE-fem (dune)
2026-09-09 22:22:26,746 [oasis.dune] INFO: DUNE-fem backend registered
2026-09-09 22:22:26,760 [oasis.registry] INFO: Registered backend: SPARTA (DSMC) (sparta)
2026-09-09 22:22:26,760 [oasis.sparta] INFO: SPARTA (DSMC) backend registered
2026-09-09 22:22:26,760 [oasis] INFO: Starting OASiS MCP server
2026-09-09 22:22:26,788 [mcp.server.lowlevel.server] INFO: Processing request of type ListToolsRequest
2026-09-09 22:22:43,523 [mcp.server.lowlevel.server] INFO: Processing request of type CallToolRequest
2026-09-09 22:22:43,660 [mcp.server.lowlevel.server] INFO: Processing request of type CallToolRequest
2026-09-09 22:22:43,692 [mcp.server.lowlevel.server] INFO: Processing request of type CallToolRequest
2026-09-09 22:22:43,798 [mcp.server.lowlevel.server] INFO: Processing request of type CallToolRequest
2026-09-09 22:22:43,833 [mcp.server.lowlevel.server] INFO: Processing request of type CallToolRequest
2026-09-09 22:22:43,894 [mcp.server.lowlevel.server] INFO: Processing request of type CallToolRequest
2026-09-09 22:22:49,160 [mcp.server.lowlevel.server] INFO: Processing request of type CallToolRequest
2026-09-09 22:22:49,282 [mcp.server.lowlevel.server] INFO: Processing request of type CallToolRequest
2026-09-09 22:22:49,501 [mcp.server.lowlevel.server] INFO: Processing request of type CallToolRequest
2026-09-09 22:22:49,615 [mcp.server.lowlevel.server] INFO: Processing request of type CallToolRequest
2026-09-09 22:22:49,626 [mcp.server.lowlevel.server] INFO: Processing request of type CallToolRequest
2026-09-09 22:22:49,626 [mcp.server.lowlevel.server] INFO: Processing request of type CallToolRequest
2026-09-09 22:23:57,855 [mcp.server.lowlevel.server] INFO: Processing request of type CallToolRequest
/home/alexander/Schreibtisch/ofa-v2/langgraph_eval/agent.py:820: RuntimeWarning: This package (`duckduckgo_search`) has been renamed to `ddgs`! Use `pip install ddgs` instead.
  with DDGS() as ddgs:
2026-09-09 22:23:57,873 [mcp.server.lowlevel.server] INFO: Processing request of type CallToolRequest
/home/alexander/Schreibtisch/ofa-v2/langgraph_eval/agent.py:820: RuntimeWarning: This package (`duckduckgo_search`) has been renamed to `ddgs`! Use `pip install ddgs` instead.
  with DDGS() as ddgs:
/home/alexander/Schreibtisch/ofa-v2/langgraph_eval/agent.py:820: RuntimeWarning: This package (`duckduckgo_search`) has been renamed to `ddgs`! Use `pip install ddgs` instead.
  with DDGS() as ddgs:
2026-09-09 22:24:01,449 [mcp.server.lowlevel.server] INFO: Processing request of type CallToolRequest
2026-09-09 22:24:26,593 [mcp.server.lowlevel.server] INFO: Processing request of type CallToolRequest
2026-09-09 22:24:26,597 [mcp.server.lowlevel.server] INFO: Processing request of type CallToolRequest
/home/alexander/Schreibtisch/ofa-v2/langgraph_eval/agent.py:820: RuntimeWarning: This package (`duckduckgo_search`) has been renamed to `ddgs`! Use `pip install ddgs` instead.
  with DDGS() as ddgs:
/home/alexander/Schreibtisch/ofa-v2/langgraph_eval/agent.py:820: RuntimeWarning: This package (`duckduckgo_search`) has been renamed to `ddgs`! Use `pip install ddgs` instead.
  with DDGS() as ddgs:
2026-09-09 22:25:41,276 [mcp.server.lowlevel.server] INFO: Processing request of type CallToolRequest
/home/alexander/Schreibtisch/ofa-v2/langgraph_eval/agent.py:820: RuntimeWarning: This package (`duckduckgo_search`) has been renamed to `ddgs`! Use `pip install ddgs` instead.
  with DDGS() as ddgs:
2026-09-09 22:26:01,807 [mcp.server.lowlevel.server] INFO: Processing request of type CallToolRequest
2026-09-09 22:26:11,773 [mcp.server.lowlevel.server] INFO: Processing request of type CallToolRequest
2026-09-09 22:26:11,802 [mcp.server.lowlevel.server] INFO: Processing request of type CallToolRequest
/home/alexander/Schreibtisch/ofa-v2/langgraph_eval/agent.py:820: RuntimeWarning: This package (`duckduckgo_search`) has been renamed to `ddgs`! Use `pip install ddgs` instead.
  with DDGS() as ddgs:
/home/alexander/Schreibtisch/ofa-v2/langgraph_eval/agent.py:820: RuntimeWarning: This package (`duckduckgo_search`) has been renamed to `ddgs`! Use `pip install ddgs` instead.
  with DDGS() as ddgs:
/home/alexander/Schreibtisch/ofa-v2/langgraph_eval/agent.py:820: RuntimeWarning: This package (`duckduckgo_search`) has been renamed to `ddgs`! Use `pip install ddgs` instead.
  with DDGS() as ddgs:
/home/alexander/Schreibtisch/ofa-v2/langgraph_eval/agent.py:820: RuntimeWarning: This package (`duckduckgo_search`) has been renamed to `ddgs`! Use `pip install ddgs` instead.
  with DDGS() as ddgs:
/home/alexander/Schreibtisch/ofa-v2/langgraph_eval/agent.py:820: RuntimeWarning: This package (`duckduckgo_search`) has been renamed to `ddgs`! Use `pip install ddgs` instead.
  with DDGS() as ddgs:
/home/alexander/Schreibtisch/ofa-v2/langgraph_eval/agent.py:820: RuntimeWarning: This package (`duckduckgo_search`) has been renamed to `ddgs`! Use `pip install ddgs` instead.
  with DDGS() as ddgs:
/home/alexander/Schreibtisch/ofa-v2/langgraph_eval/agent.py:820: RuntimeWarning: This package (`duckduckgo_search`) has been renamed to `ddgs`! Use `pip install ddgs` instead.
  with DDGS() as ddgs:
2026-09-09 22:27:02,917 [mcp.server.lowlevel.server] INFO: Processing request of type CallToolRequest
/home/alexander/Schreibtisch/ofa-v2/langgraph_eval/agent.py:820: RuntimeWarning: This package (`duckduckgo_search`) has been renamed to `ddgs`! Use `pip install ddgs` instead.
  with DDGS() as ddgs:
/home/alexander/Schreibtisch/ofa-v2/langgraph_eval/agent.py:820: RuntimeWarning: This package (`duckduckgo_search`) has been renamed to `ddgs`! Use `pip install ddgs` instead.
  with DDGS() as ddgs:
/home/alexander/Schreibtisch/ofa-v2/langgraph_eval/agent.py:820: RuntimeWarning: This package (`duckduckgo_search`) has been renamed to `ddgs`! Use `pip install ddgs` instead.
  with DDGS() as ddgs:
2026-09-09 22:28:05,496 [mcp.server.lowlevel.server] INFO: Processing request of type CallToolRequest
2026-09-09 22:28:12,920 [mcp.server.lowlevel.server] INFO: Processing request of type CallToolRequest
2026-09-09 22:34:15,737 [mcp.server.lowlevel.server] INFO: Processing request of type CallToolRequest
2026-09-09 22:34:23,846 [mcp.server.lowlevel.server] INFO: Processing request of type CallToolRequest
2026-09-09 22:34:30,517 [mcp.server.lowlevel.server] INFO: Processing request of type CallToolRequest
2026-09-09 22:36:24,475 [mcp.server.lowlevel.server] INFO: Processing request of type CallToolRequest
2026-09-09 22:36:53,234 [mcp.server.lowlevel.server] INFO: Processing request of type CallToolRequest
2026-09-09 22:37:07,133 [mcp.server.lowlevel.server] INFO: Processing request of type CallToolRequest
2026-09-09 22:37:10,484 [mcp.server.lowlevel.server] INFO: Processing request of type CallToolRequest
2026-09-09 22:37:20,208 [mcp.server.lowlevel.server] INFO: Processing request of type CallToolRequest
2026-09-09 22:37:28,912 [mcp.server.lowlevel.server] INFO: Processing request of type CallToolRequest
2026-09-09 22:38:50,527 [mcp.server.lowlevel.server] INFO: Processing request of type CallToolRequest
/home/alexander/Schreibtisch/ofa-v2/src/tools/result_audit.py:419: ResourceWarning: unclosed file <_io.TextIOWrapper name='/home/alexander/Schreibtisch/ofa-v2/campaign3_blind/runs/C3_27b_MCP_seed5543/work/residual_level1.csv' mode='r' encoding='UTF-8'>
  body = tuple(r[-1].strip() for r in _csv.reader(q.open()) if r)
ResourceWarning: Enable tracemalloc to get the object allocation traceback
2026-09-09 22:40:06,234 [mcp.server.lowlevel.server] INFO: Processing request of type CallToolRequest
2026-09-09 22:40:20,342 [mcp.server.lowlevel.server] INFO: Processing request of type CallToolRequest
/home/alexander/Schreibtisch/ofa-v2/src/tools/result_audit.py:419: ResourceWarning: unclosed file <_io.TextIOWrapper name='/home/alexander/Schreibtisch/ofa-v2/campaign3_blind/runs/C3_27b_MCP_seed5545/work/residual_level1.csv' mode='r' encoding='UTF-8'>
  body = tuple(r[-1].strip() for r in _csv.reader(q.open()) if r)
ResourceWarning: Enable tracemalloc to get the object allocation traceback
2026-09-09 22:41:17,634 [mcp.server.lowlevel.server] INFO: Processing request of type CallToolRequest
2026-09-09 22:42:28,508 [mcp.server.lowlevel.server] INFO: Processing request of type CallToolRequest
/home/alexander/Schreibtisch/ofa-v2/src/tools/result_audit.py:1446: ResourceWarning: unclosed file <_io.TextIOWrapper name='/home/alexander/Schreibtisch/ofa-v2/campaign3_blind/runs/C3_27b_MCP_seed5543/work/solution_level1_A.csv' mode='r' encoding='UTF-8'>
  rows = [r for r in _csv.reader(f.open())
ResourceWarning: Enable tracemalloc to get the object allocation traceback
/home/alexander/Schreibtisch/ofa-v2/src/tools/result_audit.py:1446: ResourceWarning: unclosed file <_io.TextIOWrapper name='/home/alexander/Schreibtisch/ofa-v2/campaign3_blind/runs/C3_27b_MCP_seed5543/work/solution_level1_B.csv' mode='r' encoding='UTF-8'>
  rows = [r for r in _csv.reader(f.open())
ResourceWarning: Enable tracemalloc to get the object allocation traceback
2026-09-09 22:43:15,855 [mcp.server.lowlevel.server] INFO: Processing request of type CallToolRequest
2026-09-09 22:44:42,743 [mcp.server.lowlevel.server] INFO: Processing request of type CallToolRequest
2026-09-09 22:44:48,427 [mcp.server.lowlevel.server] INFO: Processing request of type CallToolRequest
/home/alexander/Schreibtisch/ofa-v2/src/tools/result_audit.py:419: ResourceWarning: unclosed file <_io.TextIOWrapper name='/home/alexander/Schreibtisch/ofa-v2/campaign3_blind/runs/C3_27b_MCP_seed5545/work/residual_level1.csv' mode='r' encoding='UTF-8'>
  body = tuple(r[-1].strip() for r in _csv.reader(q.open()) if r)
ResourceWarning: Enable tracemalloc to get the object allocation traceback
/home/alexander/Schreibtisch/ofa-v2/src/tools/result_audit.py:419: ResourceWarning: unclosed file <_io.TextIOWrapper name='/home/alexander/Schreibtisch/ofa-v2/campaign3_blind/runs/C3_27b_MCP_seed5545/work/residual_level2.csv' mode='r' encoding='UTF-8'>
  body = tuple(r[-1].strip() for r in _csv.reader(q.open()) if r)
ResourceWarning: Enable tracemalloc to get the object allocation traceback
/home/alexander/Schreibtisch/ofa-v2/src/tools/result_audit.py:419: ResourceWarning: unclosed file <_io.TextIOWrapper name='/home/alexander/Schreibtisch/ofa-v2/campaign3_blind/runs/C3_27b_MCP_seed5541/work/residual_level1.csv' mode='r' encoding='UTF-8'>
  body = tuple(r[-1].strip() for r in _csv.reader(q.open()) if r)
ResourceWarning: Enable tracemalloc to get the object allocation traceback
2026-09-09 22:45:52,427 [mcp.server.lowlevel.server] INFO: Processing request of type CallToolRequest
2026-09-09 22:46:28,779 [mcp.server.lowlevel.server] INFO: Processing request of type CallToolRequest
2026-09-09 22:46:38,303 [mcp.server.lowlevel.server] INFO: Processing request of type CallToolRequest
/home/alexander/Schreibtisch/ofa-v2/src/tools/result_audit.py:419: ResourceWarning: unclosed file <_io.TextIOWrapper name='/home/alexander/Schreibtisch/ofa-v2/campaign3_blind/runs/C3_27b_MCP_seed5543/work/residual_level1.csv' mode='r' encoding='UTF-8'>
  body = tuple(r[-1].strip() for r in _csv.reader(q.open()) if r)
ResourceWarning: Enable tracemalloc to get the object allocation traceback
/home/alexander/Schreibtisch/ofa-v2/src/tools/result_audit.py:419: ResourceWarning: unclosed file <_io.TextIOWrapper name='/home/alexander/Schreibtisch/ofa-v2/campaign3_blind/runs/C3_27b_MCP_seed5543/work/residual_level2.csv' mode='r' encoding='UTF-8'>
  body = tuple(r[-1].strip() for r in _csv.reader(q.open()) if r)
ResourceWarning: Enable tracemalloc to get the object allocation traceback
2026-09-09 22:47:15,782 [mcp.server.lowlevel.server] INFO: Processing request of type CallToolRequest
/home/alexander/Schreibtisch/ofa-v2/src/tools/result_audit.py:1446: ResourceWarning: unclosed file <_io.TextIOWrapper name='/home/alexander/Schreibtisch/ofa-v2/campaign3_blind/runs/C3_27b_MCP_seed5543/work/solution_level1_A.csv' mode='r' encoding='UTF-8'>
  rows = [r for r in _csv.reader(f.open())
ResourceWarning: Enable tracemalloc to get the object allocation traceback
/home/alexander/Schreibtisch/ofa-v2/src/tools/result_audit.py:1446: ResourceWarning: unclosed file <_io.TextIOWrapper name='/home/alexander/Schreibtisch/ofa-v2/campaign3_blind/runs/C3_27b_MCP_seed5543/work/solution_level1_B.csv' mode='r' encoding='UTF-8'>
  rows = [r for r in _csv.reader(f.open())
ResourceWarning: Enable tracemalloc to get the object allocation traceback
/home/alexander/Schreibtisch/ofa-v2/src/tools/result_audit.py:1446: ResourceWarning: unclosed file <_io.TextIOWrapper name='/home/alexander/Schreibtisch/ofa-v2/campaign3_blind/runs/C3_27b_MCP_seed5543/work/solution_level2_A.csv' mode='r' encoding='UTF-8'>
  rows = [r for r in _csv.reader(f.open())
ResourceWarning: Enable tracemalloc to get the object allocation traceback
/home/alexander/Schreibtisch/ofa-v2/src/tools/result_audit.py:1446: ResourceWarning: unclosed file <_io.TextIOWrapper name='/home/alexander/Schreibtisch/ofa-v2/campaign3_blind/runs/C3_27b_MCP_seed5543/work/solution_level2_B.csv' mode='r' encoding='UTF-8'>
  rows = [r for r in _csv.reader(f.open())
ResourceWarning: Enable tracemalloc to get the object allocation traceback
/home/alexander/Schreibtisch/ofa-v2/src/tools/result_audit.py:419: ResourceWarning: unclosed file <_io.TextIOWrapper name='/home/alexander/Schreibtisch/ofa-v2/campaign3_blind/runs/C3_27b_MCP_seed5545/work/residual_level1.csv' mode='r' encoding='UTF-8'>
  body = tuple(r[-1].strip() for r in _csv.reader(q.open()) if r)
ResourceWarning: Enable tracemalloc to get the object allocation traceback
/home/alexander/Schreibtisch/ofa-v2/src/tools/result_audit.py:419: ResourceWarning: unclosed file <_io.TextIOWrapper name='/home/alexander/Schreibtisch/ofa-v2/campaign3_blind/runs/C3_27b_MCP_seed5545/work/residual_level2.csv' mode='r' encoding='UTF-8'>
  body = tuple(r[-1].strip() for r in _csv.reader(q.open()) if r)
ResourceWarning: Enable tracemalloc to get the object allocation traceback
/home/alexander/Schreibtisch/ofa-v2/src/tools/result_audit.py:419: ResourceWarning: unclosed file <_io.TextIOWrapper name='/home/alexander/Schreibtisch/ofa-v2/campaign3_blind/runs/C3_27b_MCP_seed5545/work/residual_level3.csv' mode='r' encoding='UTF-8'>
  body = tuple(r[-1].strip() for r in _csv.reader(q.open()) if r)
ResourceWarning: Enable tracemalloc to get the object allocation traceback
2026-09-09 22:48:18,761 [mcp.server.lowlevel.server] INFO: Processing request of type CallToolRequest
/home/alexander/Schreibtisch/ofa-v2/src/tools/result_audit.py:1446: ResourceWarning: unclosed file <_io.TextIOWrapper name='/home/alexander/Schreibtisch/ofa-v2/campaign3_blind/runs/C3_27b_MCP_seed5545/work/solution_level1_A.csv' mode='r' encoding='UTF-8'>
  rows = [r for r in _csv.reader(f.open())
ResourceWarning: Enable tracemalloc to get the object allocation traceback
/home/alexander/Schreibtisch/ofa-v2/src/tools/result_audit.py:1446: ResourceWarning: unclosed file <_io.TextIOWrapper name='/home/alexander/Schreibtisch/ofa-v2/campaign3_blind/runs/C3_27b_MCP_seed5545/work/solution_level1_B.csv' mode='r' encoding='UTF-8'>
  rows = [r for r in _csv.reader(f.open())
ResourceWarning: Enable tracemalloc to get the object allocation traceback
/home/alexander/Schreibtisch/ofa-v2/src/tools/result_audit.py:1446: ResourceWarning: unclosed file <_io.TextIOWrapper name='/home/alexander/Schreibtisch/ofa-v2/campaign3_blind/runs/C3_27b_MCP_seed5545/work/solution_level2_A.csv' mode='r' encoding='UTF-8'>
  rows = [r for r in _csv.reader(f.open())
ResourceWarning: Enable tracemalloc to get the object allocation traceback
/home/alexander/Schreibtisch/ofa-v2/src/tools/result_audit.py:1446: ResourceWarning: unclosed file <_io.TextIOWrapper name='/home/alexander/Schreibtisch/ofa-v2/campaign3_blind/runs/C3_27b_MCP_seed5545/work/solution_level2_B.csv' mode='r' encoding='UTF-8'>
  rows = [r for r in _csv.reader(f.open())
ResourceWarning: Enable tracemalloc to get the object allocation traceback
/home/alexander/Schreibtisch/ofa-v2/src/tools/result_audit.py:1446: ResourceWarning: unclosed file <_io.TextIOWrapper name='/home/alexander/Schreibtisch/ofa-v2/campaign3_blind/runs/C3_27b_MCP_seed5545/work/solution_level3_A.csv' mode='r' encoding='UTF-8'>
  rows = [r for r in _csv.reader(f.open())
ResourceWarning: Enable tracemalloc to get the object allocation traceback
/home/alexander/Schreibtisch/ofa-v2/src/tools/result_audit.py:1446: ResourceWarning: unclosed file <_io.TextIOWrapper name='/home/alexander/Schreibtisch/ofa-v2/campaign3_blind/runs/C3_27b_MCP_seed5545/work/solution_level3_B.csv' mode='r' encoding='UTF-8'>
  rows = [r for r in _csv.reader(f.open())
ResourceWarning: Enable tracemalloc to get the object allocation traceback
/home/alexander/Schreibtisch/ofa-v2/src/tools/result_audit.py:419: ResourceWarning: unclosed file <_io.TextIOWrapper name='/home/alexander/Schreibtisch/ofa-v2/campaign3_blind/runs/C3_27b_MCP_seed5546/work/residual_level1.csv' mode='r' encoding='UTF-8'>
  body = tuple(r[-1].strip() for r in _csv.reader(q.open()) if r)
ResourceWarning: Enable tracemalloc to get the object allocation traceback
/home/alexander/Schreibtisch/ofa-v2/src/tools/result_audit.py:419: ResourceWarning: unclosed file <_io.TextIOWrapper name='/home/alexander/Schreibtisch/ofa-v2/campaign3_blind/runs/C3_27b_MCP_seed5541/work/residual_level1.csv' mode='r' encoding='UTF-8'>
  body = tuple(r[-1].strip() for r in _csv.reader(q.open()) if r)
ResourceWarning: Enable tracemalloc to get the object allocation traceback
/home/alexander/Schreibtisch/ofa-v2/src/tools/result_audit.py:419: ResourceWarning: unclosed file <_io.TextIOWrapper name='/home/alexander/Schreibtisch/ofa-v2/campaign3_blind/runs/C3_27b_MCP_seed5541/work/residual_level2.csv' mode='r' encoding='UTF-8'>
  body = tuple(r[-1].strip() for r in _csv.reader(q.open()) if r)
ResourceWarning: Enable tracemalloc to get the object allocation traceback
/home/alexander/Schreibtisch/ofa-v2/src/tools/result_audit.py:419: ResourceWarning: unclosed file <_io.TextIOWrapper name='/home/alexander/Schreibtisch/ofa-v2/campaign3_blind/runs/C3_27b_MCP_seed5543/work/residual_level1.csv' mode='r' encoding='UTF-8'>
  body = tuple(r[-1].strip() for r in _csv.reader(q.open()) if r)
ResourceWarning: Enable tracemalloc to get the object allocation traceback
/home/alexander/Schreibtisch/ofa-v2/src/tools/result_audit.py:419: ResourceWarning: unclosed file <_io.TextIOWrapper name='/home/alexander/Schreibtisch/ofa-v2/campaign3_blind/runs/C3_27b_MCP_seed5543/work/residual_level2.csv' mode='r' encoding='UTF-8'>
  body = tuple(r[-1].strip() for r in _csv.reader(q.open()) if r)
ResourceWarning: Enable tracemalloc to get the object allocation traceback
/home/alexander/Schreibtisch/ofa-v2/src/tools/result_audit.py:419: ResourceWarning: unclosed file <_io.TextIOWrapper name='/home/alexander/Schreibtisch/ofa-v2/campaign3_blind/runs/C3_27b_MCP_seed5543/work/residual_level3.csv' mode='r' encoding='UTF-8'>
  body = tuple(r[-1].strip() for r in _csv.reader(q.open()) if r)
ResourceWarning: Enable tracemalloc to get the object allocation traceback
2026-09-09 22:50:51,648 [mcp.server.lowlevel.server] INFO: Processing request of type CallToolRequest
2026-09-09 22:51:04,464 [mcp.server.lowlevel.server] INFO: Processing request of type CallToolRequest
2026-09-09 22:51:08,749 [mcp.server.lowlevel.server] INFO: Processing request of type CallToolRequest
/home/alexander/Schreibtisch/ofa-v2/src/tools/result_audit.py:419: ResourceWarning: unclosed file <_io.TextIOWrapper name='/home/alexander/Schreibtisch/ofa-v2/campaign3_blind/runs/C3_27b_MCP_seed5545/work/residual_level1.csv' mode='r' encoding='UTF-8'>
  body = tuple(r[-1].strip() for r in _csv.reader(q.open()) if r)
ResourceWarning: Enable tracemalloc to get the object allocation traceback
/home/alexander/Schreibtisch/ofa-v2/src/tools/result_audit.py:419: ResourceWarning: unclosed file <_io.TextIOWrapper name='/home/alexander/Schreibtisch/ofa-v2/campaign3_blind/runs/C3_27b_MCP_seed5545/work/residual_level2.csv' mode='r' encoding='UTF-8'>
  body = tuple(r[-1].strip() for r in _csv.reader(q.open()) if r)
ResourceWarning: Enable tracemalloc to get the object allocation traceback
/home/alexander/Schreibtisch/ofa-v2/src/tools/result_audit.py:419: ResourceWarning: unclosed file <_io.TextIOWrapper name='/home/alexander/Schreibtisch/ofa-v2/campaign3_blind/runs/C3_27b_MCP_seed5545/work/residual_level3.csv' mode='r' encoding='UTF-8'>
  body = tuple(r[-1].strip() for r in _csv.reader(q.open()) if r)
ResourceWarning: Enable tracemalloc to get the object allocation traceback
2026-09-09 22:51:39,393 [oasis] INFO: Session journal saved: /tmp/oasis-source/data/sessions/session_6c204068-5707-4c35-8c41-4a891d6572fe.json (5 events)
[preflight] custody controls verified for 1 problem(s); keys sealed and unreadable by execution
[phase: development] results are for post-mortems and convergence checking, NOT for the paper's evaluation table.
[DUNE cache] sha256=dc2d5b8ff2ebf98e... (neutral, private copy per cell)
[C3 27b MCP s5542] done  calls=53 tok=5040557/27641 1756.3s
<<< C3 seed 5542 done 2026-09-09 22:51:40
2026-09-09 22:51:52,730 [mcp.server.lowlevel.server] INFO: Processing request of type CallToolRequest
/home/alexander/Schreibtisch/ofa-v2/src/tools/result_audit.py:1446: ResourceWarning: unclosed file <_io.TextIOWrapper name='/home/alexander/Schreibtisch/ofa-v2/campaign3_blind/runs/C3_27b_MCP_seed5543/work/solution_level1_A.csv' mode='r' encoding='UTF-8'>
  rows = [r for r in _csv.reader(f.open())
ResourceWarning: Enable tracemalloc to get the object allocation traceback
/home/alexander/Schreibtisch/ofa-v2/src/tools/result_audit.py:1446: ResourceWarning: unclosed file <_io.TextIOWrapper name='/home/alexander/Schreibtisch/ofa-v2/campaign3_blind/runs/C3_27b_MCP_seed5543/work/solution_level1_B.csv' mode='r' encoding='UTF-8'>
  rows = [r for r in _csv.reader(f.open())
ResourceWarning: Enable tracemalloc to get the object allocation traceback
/home/alexander/Schreibtisch/ofa-v2/src/tools/result_audit.py:1446: ResourceWarning: unclosed file <_io.TextIOWrapper name='/home/alexander/Schreibtisch/ofa-v2/campaign3_blind/runs/C3_27b_MCP_seed5543/work/solution_level2_A.csv' mode='r' encoding='UTF-8'>
  rows = [r for r in _csv.reader(f.open())
ResourceWarning: Enable tracemalloc to get the object allocation traceback
/home/alexander/Schreibtisch/ofa-v2/src/tools/result_audit.py:1446: ResourceWarning: unclosed file <_io.TextIOWrapper name='/home/alexander/Schreibtisch/ofa-v2/campaign3_blind/runs/C3_27b_MCP_seed5543/work/solution_level2_B.csv' mode='r' encoding='UTF-8'>
  rows = [r for r in _csv.reader(f.open())
ResourceWarning: Enable tracemalloc to get the object allocation traceback
/home/alexander/Schreibtisch/ofa-v2/src/tools/result_audit.py:1446: ResourceWarning: unclosed file <_io.TextIOWrapper name='/home/alexander/Schreibtisch/ofa-v2/campaign3_blind/runs/C3_27b_MCP_seed5543/work/solution_level3_A.csv' mode='r' encoding='UTF-8'>
  rows = [r for r in _csv.reader(f.open())
ResourceWarning: Enable tracemalloc to get the object allocation traceback
/home/alexander/Schreibtisch/ofa-v2/src/tools/result_audit.py:1446: ResourceWarning: unclosed file <_io.TextIOWrapper name='/home/alexander/Schreibtisch/ofa-v2/campaign3_blind/runs/C3_27b_MCP_seed5543/work/solution_level3_B.csv' mode='r' encoding='UTF-8'>
  rows = [r for r in _csv.reader(f.open())
ResourceWarning: Enable tracemalloc to get the object allocation traceback
/home/alexander/Schreibtisch/ofa-v2/src/tools/workspace_advisor.py:128: ResourceWarning: unclosed file <_io.TextIOWrapper name='/home/alexander/Schreibtisch/ofa-v2/campaign3_blind/runs/C3_27b_MCP_seed5546/work/residual_level1.csv' mode='r' encoding='UTF-8'>
  rows = [row for row in _csv.reader(r.open()) if row]
ResourceWarning: Enable tracemalloc to get the object allocation traceback
/home/alexander/Schreibtisch/ofa-v2/src/tools/result_audit.py:419: ResourceWarning: unclosed file <_io.TextIOWrapper name='/home/alexander/Schreibtisch/ofa-v2/campaign3_blind/runs/C3_27b_MCP_seed5546/work/residual_level1.csv' mode='r' encoding='UTF-8'>
  body = tuple(r[-1].strip() for r in _csv.reader(q.open()) if r)
ResourceWarning: Enable tracemalloc to get the object allocation traceback
/home/alexander/Schreibtisch/ofa-v2/src/tools/result_audit.py:419: ResourceWarning: unclosed file <_io.TextIOWrapper name='/home/alexander/Schreibtisch/ofa-v2/campaign3_blind/runs/C3_27b_MCP_seed5546/work/residual_level1.csv' mode='r' encoding='UTF-8'>
  body = tuple(r[-1].strip() for r in _csv.reader(q.open()) if r)
ResourceWarning: Enable tracemalloc to get the object allocation traceback
/home/alexander/Schreibtisch/ofa-v2/src/tools/workspace_advisor.py:128: ResourceWarning: unclosed file <_io.TextIOWrapper name='/home/alexander/Schreibtisch/ofa-v2/campaign3_blind/runs/C3_27b_MCP_seed5546/work/residual_level1.csv' mode='r' encoding='UTF-8'>
  rows = [row for row in _csv.reader(r.open()) if row]
ResourceWarning: Enable tracemalloc to get the object allocation traceback
/home/alexander/Schreibtisch/ofa-v2/src/tools/result_audit.py:419: ResourceWarning: unclosed file <_io.TextIOWrapper name='/home/alexander/Schreibtisch/ofa-v2/campaign3_blind/runs/C3_27b_MCP_seed5546/work/residual_level1.csv' mode='r' encoding='UTF-8'>
  body = tuple(r[-1].strip() for r in _csv.reader(q.open()) if r)
ResourceWarning: Enable tracemalloc to get the object allocation traceback
/home/alexander/Schreibtisch/ofa-v2/src/tools/result_audit.py:419: ResourceWarning: unclosed file <_io.TextIOWrapper name='/home/alexander/Schreibtisch/ofa-v2/campaign3_blind/runs/C3_27b_MCP_seed5546/work/residual_level1.csv' mode='r' encoding='UTF-8'>
  body = tuple(r[-1].strip() for r in _csv.reader(q.open()) if r)
ResourceWarning: Enable tracemalloc to get the object allocation traceback
/home/alexander/Schreibtisch/ofa-v2/src/tools/result_audit.py:419: ResourceWarning: unclosed file <_io.TextIOWrapper name='/home/alexander/Schreibtisch/ofa-v2/campaign3_blind/runs/C3_27b_MCP_seed5541/work/residual_level1.csv' mode='r' encoding='UTF-8'>
  body = tuple(r[-1].strip() for r in _csv.reader(q.open()) if r)
ResourceWarning: Enable tracemalloc to get the object allocation traceback
/home/alexander/Schreibtisch/ofa-v2/src/tools/result_audit.py:419: ResourceWarning: unclosed file <_io.TextIOWrapper name='/home/alexander/Schreibtisch/ofa-v2/campaign3_blind/runs/C3_27b_MCP_seed5541/work/residual_level2.csv' mode='r' encoding='UTF-8'>
  body = tuple(r[-1].strip() for r in _csv.reader(q.open()) if r)
ResourceWarning: Enable tracemalloc to get the object allocation traceback
/home/alexander/Schreibtisch/ofa-v2/src/tools/result_audit.py:419: ResourceWarning: unclosed file <_io.TextIOWrapper name='/home/alexander/Schreibtisch/ofa-v2/campaign3_blind/runs/C3_27b_MCP_seed5541/work/residual_level3.csv' mode='r' encoding='UTF-8'>
  body = tuple(r[-1].strip() for r in _csv.reader(q.open()) if r)
ResourceWarning: Enable tracemalloc to get the object allocation traceback
/home/alexander/Schreibtisch/ofa-v2/src/tools/workspace_advisor.py:128: ResourceWarning: unclosed file <_io.TextIOWrapper name='/home/alexander/Schreibtisch/ofa-v2/campaign3_blind/runs/C3_27b_MCP_seed5546/work/residual_level1.csv' mode='r' encoding='UTF-8'>
  rows = [row for row in _csv.reader(r.open()) if row]
ResourceWarning: Enable tracemalloc to get the object allocation traceback
/home/alexander/Schreibtisch/ofa-v2/src/tools/result_audit.py:419: ResourceWarning: unclosed file <_io.TextIOWrapper name='/home/alexander/Schreibtisch/ofa-v2/campaign3_blind/runs/C3_27b_MCP_seed5546/work/residual_level1.csv' mode='r' encoding='UTF-8'>
  body = tuple(r[-1].strip() for r in _csv.reader(q.open()) if r)
ResourceWarning: Enable tracemalloc to get the object allocation traceback
/home/alexander/Schreibtisch/ofa-v2/src/tools/result_audit.py:419: ResourceWarning: unclosed file <_io.TextIOWrapper name='/home/alexander/Schreibtisch/ofa-v2/campaign3_blind/runs/C3_27b_MCP_seed5546/work/residual_level1.csv' mode='r' encoding='UTF-8'>
  body = tuple(r[-1].strip() for r in _csv.reader(q.open()) if r)
ResourceWarning: Enable tracemalloc to get the object allocation traceback
/home/alexander/Schreibtisch/ofa-v2/src/tools/result_audit.py:1446: ResourceWarning: unclosed file <_io.TextIOWrapper name='/home/alexander/Schreibtisch/ofa-v2/campaign3_blind/runs/C3_27b_MCP_seed5541/work/solution_level1_A.csv' mode='r' encoding='UTF-8'>
  rows = [r for r in _csv.reader(f.open())
ResourceWarning: Enable tracemalloc to get the object allocation traceback
/home/alexander/Schreibtisch/ofa-v2/src/tools/result_audit.py:1446: ResourceWarning: unclosed file <_io.TextIOWrapper name='/home/alexander/Schreibtisch/ofa-v2/campaign3_blind/runs/C3_27b_MCP_seed5541/work/solution_level1_B.csv' mode='r' encoding='UTF-8'>
  rows = [r for r in _csv.reader(f.open())
ResourceWarning: Enable tracemalloc to get the object allocation traceback
/home/alexander/Schreibtisch/ofa-v2/src/tools/result_audit.py:1446: ResourceWarning: unclosed file <_io.TextIOWrapper name='/home/alexander/Schreibtisch/ofa-v2/campaign3_blind/runs/C3_27b_MCP_seed5541/work/solution_level2_A.csv' mode='r' encoding='UTF-8'>
  rows = [r for r in _csv.reader(f.open())
ResourceWarning: Enable tracemalloc to get the object allocation traceback
/home/alexander/Schreibtisch/ofa-v2/src/tools/result_audit.py:1446: ResourceWarning: unclosed file <_io.TextIOWrapper name='/home/alexander/Schreibtisch/ofa-v2/campaign3_blind/runs/C3_27b_MCP_seed5541/work/solution_level2_B.csv' mode='r' encoding='UTF-8'>
  rows = [r for r in _csv.reader(f.open())
ResourceWarning: Enable tracemalloc to get the object allocation traceback
/home/alexander/Schreibtisch/ofa-v2/src/tools/result_audit.py:1446: ResourceWarning: unclosed file <_io.TextIOWrapper name='/home/alexander/Schreibtisch/ofa-v2/campaign3_blind/runs/C3_27b_MCP_seed5541/work/solution_level3_A.csv' mode='r' encoding='UTF-8'>
  rows = [r for r in _csv.reader(f.open())
ResourceWarning: Enable tracemalloc to get the object allocation traceback
/home/alexander/Schreibtisch/ofa-v2/src/tools/result_audit.py:1446: ResourceWarning: unclosed file <_io.TextIOWrapper name='/home/alexander/Schreibtisch/ofa-v2/campaign3_blind/runs/C3_27b_MCP_seed5541/work/solution_level3_B.csv' mode='r' encoding='UTF-8'>
  rows = [r for r in _csv.reader(f.open())
ResourceWarning: Enable tracemalloc to get the object allocation traceback
/home/alexander/Schreibtisch/ofa-v2/src/tools/result_audit.py:419: ResourceWarning: unclosed file <_io.TextIOWrapper name='/home/alexander/Schreibtisch/ofa-v2/campaign3_blind/runs/C3_27b_MCP_seed5543/work/residual_level1.csv' mode='r' encoding='UTF-8'>
  body = tuple(r[-1].strip() for r in _csv.reader(q.open()) if r)
ResourceWarning: Enable tracemalloc to get the object allocation traceback
/home/alexander/Schreibtisch/ofa-v2/src/tools/result_audit.py:419: ResourceWarning: unclosed file <_io.TextIOWrapper name='/home/alexander/Schreibtisch/ofa-v2/campaign3_blind/runs/C3_27b_MCP_seed5543/work/residual_level2.csv' mode='r' encoding='UTF-8'>
  body = tuple(r[-1].strip() for r in _csv.reader(q.open()) if r)
ResourceWarning: Enable tracemalloc to get the object allocation traceback
/home/alexander/Schreibtisch/ofa-v2/src/tools/result_audit.py:419: ResourceWarning: unclosed file <_io.TextIOWrapper name='/home/alexander/Schreibtisch/ofa-v2/campaign3_blind/runs/C3_27b_MCP_seed5543/work/residual_level3.csv' mode='r' encoding='UTF-8'>
  body = tuple(r[-1].strip() for r in _csv.reader(q.open()) if r)
ResourceWarning: Enable tracemalloc to get the object allocation traceback
/home/alexander/Schreibtisch/ofa-v2/src/tools/workspace_advisor.py:128: ResourceWarning: unclosed file <_io.TextIOWrapper name='/home/alexander/Schreibtisch/ofa-v2/campaign3_blind/runs/C3_27b_MCP_seed5546/work/residual_level1.csv' mode='r' encoding='UTF-8'>
  rows = [row for row in _csv.reader(r.open()) if row]
ResourceWarning: Enable tracemalloc to get the object allocation traceback
/home/alexander/Schreibtisch/ofa-v2/src/tools/result_audit.py:419: ResourceWarning: unclosed file <_io.TextIOWrapper name='/home/alexander/Schreibtisch/ofa-v2/campaign3_blind/runs/C3_27b_MCP_seed5546/work/residual_level1.csv' mode='r' encoding='UTF-8'>
  body = tuple(r[-1].strip() for r in _csv.reader(q.open()) if r)
ResourceWarning: Enable tracemalloc to get the object allocation traceback
/home/alexander/Schreibtisch/ofa-v2/src/tools/result_audit.py:419: ResourceWarning: unclosed file <_io.TextIOWrapper name='/home/alexander/Schreibtisch/ofa-v2/campaign3_blind/runs/C3_27b_MCP_seed5546/work/residual_level1.csv' mode='r' encoding='UTF-8'>
  body = tuple(r[-1].strip() for r in _csv.reader(q.open()) if r)
ResourceWarning: Enable tracemalloc to get the object allocation traceback
/home/alexander/Schreibtisch/ofa-v2/src/tools/workspace_advisor.py:128: ResourceWarning: unclosed file <_io.TextIOWrapper name='/home/alexander/Schreibtisch/ofa-v2/campaign3_blind/runs/C3_27b_MCP_seed5546/work/residual_level1.csv' mode='r' encoding='UTF-8'>
  rows = [row for row in _csv.reader(r.open()) if row]
ResourceWarning: Enable tracemalloc to get the object allocation traceback
/home/alexander/Schreibtisch/ofa-v2/src/tools/result_audit.py:419: ResourceWarning: unclosed file <_io.TextIOWrapper name='/home/alexander/Schreibtisch/ofa-v2/campaign3_blind/runs/C3_27b_MCP_seed5546/work/residual_level1.csv' mode='r' encoding='UTF-8'>
  body = tuple(r[-1].strip() for r in _csv.reader(q.open()) if r)
ResourceWarning: Enable tracemalloc to get the object allocation traceback
/home/alexander/Schreibtisch/ofa-v2/src/tools/result_audit.py:419: ResourceWarning: unclosed file <_io.TextIOWrapper name='/home/alexander/Schreibtisch/ofa-v2/campaign3_blind/runs/C3_27b_MCP_seed5546/work/residual_level1.csv' mode='r' encoding='UTF-8'>
  body = tuple(r[-1].strip() for r in _csv.reader(q.open()) if r)
ResourceWarning: Enable tracemalloc to get the object allocation traceback
/home/alexander/Schreibtisch/ofa-v2/src/tools/workspace_advisor.py:128: ResourceWarning: unclosed file <_io.TextIOWrapper name='/home/alexander/Schreibtisch/ofa-v2/campaign3_blind/runs/C3_27b_MCP_seed5546/work/residual_level1.csv' mode='r' encoding='UTF-8'>
  rows = [row for row in _csv.reader(r.open()) if row]
ResourceWarning: Enable tracemalloc to get the object allocation traceback
/home/alexander/Schreibtisch/ofa-v2/src/tools/result_audit.py:419: ResourceWarning: unclosed file <_io.TextIOWrapper name='/home/alexander/Schreibtisch/ofa-v2/campaign3_blind/runs/C3_27b_MCP_seed5546/work/residual_level1.csv' mode='r' encoding='UTF-8'>
  body = tuple(r[-1].strip() for r in _csv.reader(q.open()) if r)
ResourceWarning: Enable tracemalloc to get the object allocation traceback
/home/alexander/Schreibtisch/ofa-v2/src/tools/result_audit.py:419: ResourceWarning: unclosed file <_io.TextIOWrapper name='/home/alexander/Schreibtisch/ofa-v2/campaign3_blind/runs/C3_27b_MCP_seed5546/work/residual_level1.csv' mode='r' encoding='UTF-8'>
  body = tuple(r[-1].strip() for r in _csv.reader(q.open()) if r)
ResourceWarning: Enable tracemalloc to get the object allocation traceback
/home/alexander/Schreibtisch/ofa-v2/src/tools/workspace_advisor.py:128: ResourceWarning: unclosed file <_io.TextIOWrapper name='/home/alexander/Schreibtisch/ofa-v2/campaign3_blind/runs/C3_27b_MCP_seed5546/work/residual_level1.csv' mode='r' encoding='UTF-8'>
  rows = [row for row in _csv.reader(r.open()) if row]
ResourceWarning: Enable tracemalloc to get the object allocation traceback
/home/alexander/Schreibtisch/ofa-v2/src/tools/result_audit.py:419: ResourceWarning: unclosed file <_io.TextIOWrapper name='/home/alexander/Schreibtisch/ofa-v2/campaign3_blind/runs/C3_27b_MCP_seed5546/work/residual_level1.csv' mode='r' encoding='UTF-8'>
  body = tuple(r[-1].strip() for r in _csv.reader(q.open()) if r)
ResourceWarning: Enable tracemalloc to get the object allocation traceback
/home/alexander/Schreibtisch/ofa-v2/src/tools/result_audit.py:419: ResourceWarning: unclosed file <_io.TextIOWrapper name='/home/alexander/Schreibtisch/ofa-v2/campaign3_blind/runs/C3_27b_MCP_seed5546/work/residual_level1.csv' mode='r' encoding='UTF-8'>
  body = tuple(r[-1].strip() for r in _csv.reader(q.open()) if r)
ResourceWarning: Enable tracemalloc to get the object allocation traceback
/home/alexander/Schreibtisch/ofa-v2/src/tools/result_audit.py:1446: ResourceWarning: unclosed file <_io.TextIOWrapper name='/home/alexander/Schreibtisch/ofa-v2/campaign3_blind/runs/C3_27b_MCP_seed5546/work/solution_level1_A.csv' mode='r' encoding='UTF-8'>
  rows = [r for r in _csv.reader(f.open())
ResourceWarning: Enable tracemalloc to get the object allocation traceback
/home/alexander/Schreibtisch/ofa-v2/src/tools/result_audit.py:1446: ResourceWarning: unclosed file <_io.TextIOWrapper name='/home/alexander/Schreibtisch/ofa-v2/campaign3_blind/runs/C3_27b_MCP_seed5541/work/solution_level1_A.csv' mode='r' encoding='UTF-8'>
  rows = [r for r in _csv.reader(f.open())
ResourceWarning: Enable tracemalloc to get the object allocation traceback
/home/alexander/Schreibtisch/ofa-v2/src/tools/result_audit.py:1446: ResourceWarning: unclosed file <_io.TextIOWrapper name='/home/alexander/Schreibtisch/ofa-v2/campaign3_blind/runs/C3_27b_MCP_seed5541/work/solution_level1_B.csv' mode='r' encoding='UTF-8'>
  rows = [r for r in _csv.reader(f.open())
ResourceWarning: Enable tracemalloc to get the object allocation traceback
/home/alexander/Schreibtisch/ofa-v2/src/tools/result_audit.py:1446: ResourceWarning: unclosed file <_io.TextIOWrapper name='/home/alexander/Schreibtisch/ofa-v2/campaign3_blind/runs/C3_27b_MCP_seed5541/work/solution_level2_A.csv' mode='r' encoding='UTF-8'>
  rows = [r for r in _csv.reader(f.open())
ResourceWarning: Enable tracemalloc to get the object allocation traceback
/home/alexander/Schreibtisch/ofa-v2/src/tools/result_audit.py:1446: ResourceWarning: unclosed file <_io.TextIOWrapper name='/home/alexander/Schreibtisch/ofa-v2/campaign3_blind/runs/C3_27b_MCP_seed5541/work/solution_level2_B.csv' mode='r' encoding='UTF-8'>
  rows = [r for r in _csv.reader(f.open())
ResourceWarning: Enable tracemalloc to get the object allocation traceback
/home/alexander/Schreibtisch/ofa-v2/src/tools/result_audit.py:1446: ResourceWarning: unclosed file <_io.TextIOWrapper name='/home/alexander/Schreibtisch/ofa-v2/campaign3_blind/runs/C3_27b_MCP_seed5541/work/solution_level3_A.csv' mode='r' encoding='UTF-8'>
  rows = [r for r in _csv.reader(f.open())
ResourceWarning: Enable tracemalloc to get the object allocation traceback
/home/alexander/Schreibtisch/ofa-v2/src/tools/result_audit.py:1446: ResourceWarning: unclosed file <_io.TextIOWrapper name='/home/alexander/Schreibtisch/ofa-v2/campaign3_blind/runs/C3_27b_MCP_seed5541/work/solution_level3_B.csv' mode='r' encoding='UTF-8'>
  rows = [r for r in _csv.reader(f.open())
ResourceWarning: Enable tracemalloc to get the object allocation traceback
/home/alexander/Schreibtisch/ofa-v2/src/tools/result_audit.py:419: ResourceWarning: unclosed file <_io.TextIOWrapper name='/home/alexander/Schreibtisch/ofa-v2/campaign3_blind/runs/C3_27b_MCP_seed5545/work/residual_level1.csv' mode='r' encoding='UTF-8'>
  body = tuple(r[-1].strip() for r in _csv.reader(q.open()) if r)
ResourceWarning: Enable tracemalloc to get the object allocation traceback
/home/alexander/Schreibtisch/ofa-v2/src/tools/result_audit.py:419: ResourceWarning: unclosed file <_io.TextIOWrapper name='/home/alexander/Schreibtisch/ofa-v2/campaign3_blind/runs/C3_27b_MCP_seed5545/work/residual_level2.csv' mode='r' encoding='UTF-8'>
  body = tuple(r[-1].strip() for r in _csv.reader(q.open()) if r)
ResourceWarning: Enable tracemalloc to get the object allocation traceback
/home/alexander/Schreibtisch/ofa-v2/src/tools/result_audit.py:419: ResourceWarning: unclosed file <_io.TextIOWrapper name='/home/alexander/Schreibtisch/ofa-v2/campaign3_blind/runs/C3_27b_MCP_seed5545/work/residual_level3.csv' mode='r' encoding='UTF-8'>
  body = tuple(r[-1].strip() for r in _csv.reader(q.open()) if r)
ResourceWarning: Enable tracemalloc to get the object allocation traceback
/home/alexander/Schreibtisch/ofa-v2/src/tools/result_audit.py:534: ResourceWarning: unclosed file <_io.TextIOWrapper name='/home/alexander/Schreibtisch/ofa-v2/campaign3_blind/runs/C3_27b_MCP_seed5545/work/solution_level1_A.csv' mode='r' encoding='UTF-8'>
  rows = sum(1 for _ in open(sol0[0], errors="ignore")) - 1
ResourceWarning: Enable tracemalloc to get the object allocation traceback
/home/alexander/Schreibtisch/ofa-v2/src/tools/result_audit.py:1446: ResourceWarning: unclosed file <_io.TextIOWrapper name='/home/alexander/Schreibtisch/ofa-v2/campaign3_blind/runs/C3_27b_MCP_seed5545/work/solution_level1_A.csv' mode='r' encoding='UTF-8'>
  rows = [r for r in _csv.reader(f.open())
ResourceWarning: Enable tracemalloc to get the object allocation traceback
/home/alexander/Schreibtisch/ofa-v2/src/tools/result_audit.py:1446: ResourceWarning: unclosed file <_io.TextIOWrapper name='/home/alexander/Schreibtisch/ofa-v2/campaign3_blind/runs/C3_27b_MCP_seed5545/work/solution_level1_B.csv' mode='r' encoding='UTF-8'>
  rows = [r for r in _csv.reader(f.open())
ResourceWarning: Enable tracemalloc to get the object allocation traceback
/home/alexander/Schreibtisch/ofa-v2/src/tools/result_audit.py:1446: ResourceWarning: unclosed file <_io.TextIOWrapper name='/home/alexander/Schreibtisch/ofa-v2/campaign3_blind/runs/C3_27b_MCP_seed5545/work/solution_level2_A.csv' mode='r' encoding='UTF-8'>
  rows = [r for r in _csv.reader(f.open())
ResourceWarning: Enable tracemalloc to get the object allocation traceback
/home/alexander/Schreibtisch/ofa-v2/src/tools/result_audit.py:1446: ResourceWarning: unclosed file <_io.TextIOWrapper name='/home/alexander/Schreibtisch/ofa-v2/campaign3_blind/runs/C3_27b_MCP_seed5545/work/solution_level2_B.csv' mode='r' encoding='UTF-8'>
  rows = [r for r in _csv.reader(f.open())
ResourceWarning: Enable tracemalloc to get the object allocation traceback
/home/alexander/Schreibtisch/ofa-v2/src/tools/result_audit.py:1446: ResourceWarning: unclosed file <_io.TextIOWrapper name='/home/alexander/Schreibtisch/ofa-v2/campaign3_blind/runs/C3_27b_MCP_seed5545/work/solution_level3_A.csv' mode='r' encoding='UTF-8'>
  rows = [r for r in _csv.reader(f.open())
ResourceWarning: Enable tracemalloc to get the object allocation traceback
/home/alexander/Schreibtisch/ofa-v2/src/tools/result_audit.py:1446: ResourceWarning: unclosed file <_io.TextIOWrapper name='/home/alexander/Schreibtisch/ofa-v2/campaign3_blind/runs/C3_27b_MCP_seed5545/work/solution_level3_B.csv' mode='r' encoding='UTF-8'>
  rows = [r for r in _csv.reader(f.open())
ResourceWarning: Enable tracemalloc to get the object allocation traceback
/home/alexander/Schreibtisch/ofa-v2/src/tools/result_audit.py:419: ResourceWarning: unclosed file <_io.TextIOWrapper name='/home/alexander/Schreibtisch/ofa-v2/campaign3_blind/runs/C3_27b_MCP_seed5541/work/residual_level1.csv' mode='r' encoding='UTF-8'>
  body = tuple(r[-1].strip() for r in _csv.reader(q.open()) if r)
ResourceWarning: Enable tracemalloc to get the object allocation traceback
/home/alexander/Schreibtisch/ofa-v2/src/tools/result_audit.py:419: ResourceWarning: unclosed file <_io.TextIOWrapper name='/home/alexander/Schreibtisch/ofa-v2/campaign3_blind/runs/C3_27b_MCP_seed5541/work/residual_level2.csv' mode='r' encoding='UTF-8'>
  body = tuple(r[-1].strip() for r in _csv.reader(q.open()) if r)
ResourceWarning: Enable tracemalloc to get the object allocation traceback
/home/alexander/Schreibtisch/ofa-v2/src/tools/result_audit.py:419: ResourceWarning: unclosed file <_io.TextIOWrapper name='/home/alexander/Schreibtisch/ofa-v2/campaign3_blind/runs/C3_27b_MCP_seed5541/work/residual_level3.csv' mode='r' encoding='UTF-8'>
  body = tuple(r[-1].strip() for r in _csv.reader(q.open()) if r)
ResourceWarning: Enable tracemalloc to get the object allocation traceback
2026-09-09 22:57:45,148 [oasis] INFO: Session journal saved: /tmp/oasis-source/data/sessions/session_26e48557-2561-4dbb-b9a1-bce5cf1e86f9.json (10 events)
[preflight] custody controls verified for 1 problem(s); keys sealed and unreadable by execution
[phase: development] results are for post-mortems and convergence checking, NOT for the paper's evaluation table.
[DUNE cache] sha256=dc2d5b8ff2ebf98e... (neutral, private copy per cell)
[C3 27b MCP s5545] done  calls=44 tok=4103252/28829 2122.3s
/home/alexander/.local/share/python/cpython-3.12.13-linux-x86_64-gnu/lib/python3.12/asyncio/selector_events.py:879: ResourceWarning: unclosed transport <_SelectorSocketTransport fd=9>
<<< C3 seed 5545 done 2026-09-09 22:57:46
/home/alexander/Schreibtisch/ofa-v2/src/tools/result_audit.py:1446: ResourceWarning: unclosed file <_io.TextIOWrapper name='/home/alexander/Schreibtisch/ofa-v2/campaign3_blind/runs/C3_27b_MCP_seed5546/work/solution_level1_A.csv' mode='r' encoding='UTF-8'>
  rows = [r for r in _csv.reader(f.open())
ResourceWarning: Enable tracemalloc to get the object allocation traceback
/home/alexander/Schreibtisch/ofa-v2/src/tools/workspace_advisor.py:128: ResourceWarning: unclosed file <_io.TextIOWrapper name='/home/alexander/Schreibtisch/ofa-v2/campaign3_blind/runs/C3_27b_MCP_seed5546/work/residual_level1.csv' mode='r' encoding='UTF-8'>
  rows = [row for row in _csv.reader(r.open()) if row]
ResourceWarning: Enable tracemalloc to get the object allocation traceback
/home/alexander/Schreibtisch/ofa-v2/src/tools/result_audit.py:419: ResourceWarning: unclosed file <_io.TextIOWrapper name='/home/alexander/Schreibtisch/ofa-v2/campaign3_blind/runs/C3_27b_MCP_seed5546/work/residual_level1.csv' mode='r' encoding='UTF-8'>
  body = tuple(r[-1].strip() for r in _csv.reader(q.open()) if r)
ResourceWarning: Enable tracemalloc to get the object allocation traceback
/home/alexander/Schreibtisch/ofa-v2/src/tools/result_audit.py:419: ResourceWarning: unclosed file <_io.TextIOWrapper name='/home/alexander/Schreibtisch/ofa-v2/campaign3_blind/runs/C3_27b_MCP_seed5546/work/residual_level1.csv' mode='r' encoding='UTF-8'>
  body = tuple(r[-1].strip() for r in _csv.reader(q.open()) if r)
ResourceWarning: Enable tracemalloc to get the object allocation traceback
2026-09-09 23:00:17,324 [oasis] INFO: Session journal saved: /tmp/oasis-source/data/sessions/session_dfee97cf-1495-4b7e-a8a8-0626e1d2add5.json (5 events)
[preflight] custody controls verified for 1 problem(s); keys sealed and unreadable by execution
[phase: development] results are for post-mortems and convergence checking, NOT for the paper's evaluation table.
[DUNE cache] sha256=dc2d5b8ff2ebf98e... (neutral, private copy per cell)
[C3 27b MCP s5544] done  calls=51 tok=4802843/30570 2274.3s
<<< C3 seed 5544 done 2026-09-09 23:00:18
/home/alexander/Schreibtisch/ofa-v2/src/tools/workspace_advisor.py:128: ResourceWarning: unclosed file <_io.TextIOWrapper name='/home/alexander/Schreibtisch/ofa-v2/campaign3_blind/runs/C3_27b_MCP_seed5546/work/residual_level1.csv' mode='r' encoding='UTF-8'>
  rows = [row for row in _csv.reader(r.open()) if row]
ResourceWarning: Enable tracemalloc to get the object allocation traceback
/home/alexander/Schreibtisch/ofa-v2/src/tools/result_audit.py:419: ResourceWarning: unclosed file <_io.TextIOWrapper name='/home/alexander/Schreibtisch/ofa-v2/campaign3_blind/runs/C3_27b_MCP_seed5546/work/residual_level1.csv' mode='r' encoding='UTF-8'>
  body = tuple(r[-1].strip() for r in _csv.reader(q.open()) if r)
ResourceWarning: Enable tracemalloc to get the object allocation traceback
/home/alexander/Schreibtisch/ofa-v2/src/tools/result_audit.py:419: ResourceWarning: unclosed file <_io.TextIOWrapper name='/home/alexander/Schreibtisch/ofa-v2/campaign3_blind/runs/C3_27b_MCP_seed5546/work/residual_level1.csv' mode='r' encoding='UTF-8'>
  body = tuple(r[-1].strip() for r in _csv.reader(q.open()) if r)
ResourceWarning: Enable tracemalloc to get the object allocation traceback
/home/alexander/Schreibtisch/ofa-v2/src/tools/workspace_advisor.py:128: ResourceWarning: unclosed file <_io.TextIOWrapper name='/home/alexander/Schreibtisch/ofa-v2/campaign3_blind/runs/C3_27b_MCP_seed5546/work/residual_level1.csv' mode='r' encoding='UTF-8'>
  rows = [row for row in _csv.reader(r.open()) if row]
ResourceWarning: Enable tracemalloc to get the object allocation traceback
/home/alexander/Schreibtisch/ofa-v2/src/tools/result_audit.py:419: ResourceWarning: unclosed file <_io.TextIOWrapper name='/home/alexander/Schreibtisch/ofa-v2/campaign3_blind/runs/C3_27b_MCP_seed5546/work/residual_level1.csv' mode='r' encoding='UTF-8'>
  body = tuple(r[-1].strip() for r in _csv.reader(q.open()) if r)
ResourceWarning: Enable tracemalloc to get the object allocation traceback
/home/alexander/Schreibtisch/ofa-v2/src/tools/result_audit.py:419: ResourceWarning: unclosed file <_io.TextIOWrapper name='/home/alexander/Schreibtisch/ofa-v2/campaign3_blind/runs/C3_27b_MCP_seed5546/work/residual_level1.csv' mode='r' encoding='UTF-8'>
  body = tuple(r[-1].strip() for r in _csv.reader(q.open()) if r)
ResourceWarning: Enable tracemalloc to get the object allocation traceback
/home/alexander/Schreibtisch/ofa-v2/src/tools/workspace_advisor.py:128: ResourceWarning: unclosed file <_io.TextIOWrapper name='/home/alexander/Schreibtisch/ofa-v2/campaign3_blind/runs/C3_27b_MCP_seed5546/work/residual_level1.csv' mode='r' encoding='UTF-8'>
  rows = [row for row in _csv.reader(r.open()) if row]
ResourceWarning: Enable tracemalloc to get the object allocation traceback
/home/alexander/Schreibtisch/ofa-v2/src/tools/result_audit.py:419: ResourceWarning: unclosed file <_io.TextIOWrapper name='/home/alexander/Schreibtisch/ofa-v2/campaign3_blind/runs/C3_27b_MCP_seed5546/work/residual_level1.csv' mode='r' encoding='UTF-8'>
  body = tuple(r[-1].strip() for r in _csv.reader(q.open()) if r)
ResourceWarning: Enable tracemalloc to get the object allocation traceback
/home/alexander/Schreibtisch/ofa-v2/src/tools/result_audit.py:419: ResourceWarning: unclosed file <_io.TextIOWrapper name='/home/alexander/Schreibtisch/ofa-v2/campaign3_blind/runs/C3_27b_MCP_seed5546/work/residual_level1.csv' mode='r' encoding='UTF-8'>
  body = tuple(r[-1].strip() for r in _csv.reader(q.open()) if r)
ResourceWarning: Enable tracemalloc to get the object allocation traceback
/home/alexander/Schreibtisch/ofa-v2/src/tools/workspace_advisor.py:128: ResourceWarning: unclosed file <_io.TextIOWrapper name='/home/alexander/Schreibtisch/ofa-v2/campaign3_blind/runs/C3_27b_MCP_seed5546/work/residual_level1.csv' mode='r' encoding='UTF-8'>
  rows = [row for row in _csv.reader(r.open()) if row]
ResourceWarning: Enable tracemalloc to get the object allocation traceback
/home/alexander/Schreibtisch/ofa-v2/src/tools/result_audit.py:419: ResourceWarning: unclosed file <_io.TextIOWrapper name='/home/alexander/Schreibtisch/ofa-v2/campaign3_blind/runs/C3_27b_MCP_seed5546/work/residual_level1.csv' mode='r' encoding='UTF-8'>
  body = tuple(r[-1].strip() for r in _csv.reader(q.open()) if r)
ResourceWarning: Enable tracemalloc to get the object allocation traceback
/home/alexander/Schreibtisch/ofa-v2/src/tools/result_audit.py:419: ResourceWarning: unclosed file <_io.TextIOWrapper name='/home/alexander/Schreibtisch/ofa-v2/campaign3_blind/runs/C3_27b_MCP_seed5546/work/residual_level1.csv' mode='r' encoding='UTF-8'>
  body = tuple(r[-1].strip() for r in _csv.reader(q.open()) if r)
ResourceWarning: Enable tracemalloc to get the object allocation traceback
/home/alexander/Schreibtisch/ofa-v2/src/tools/result_audit.py:419: ResourceWarning: unclosed file <_io.TextIOWrapper name='/home/alexander/Schreibtisch/ofa-v2/campaign3_blind/runs/C3_27b_MCP_seed5543/work/residual_level1.csv' mode='r' encoding='UTF-8'>
  body = tuple(r[-1].strip() for r in _csv.reader(q.open()) if r)
ResourceWarning: Enable tracemalloc to get the object allocation traceback
/home/alexander/Schreibtisch/ofa-v2/src/tools/result_audit.py:419: ResourceWarning: unclosed file <_io.TextIOWrapper name='/home/alexander/Schreibtisch/ofa-v2/campaign3_blind/runs/C3_27b_MCP_seed5543/work/residual_level2.csv' mode='r' encoding='UTF-8'>
  body = tuple(r[-1].strip() for r in _csv.reader(q.open()) if r)
ResourceWarning: Enable tracemalloc to get the object allocation traceback
/home/alexander/Schreibtisch/ofa-v2/src/tools/result_audit.py:419: ResourceWarning: unclosed file <_io.TextIOWrapper name='/home/alexander/Schreibtisch/ofa-v2/campaign3_blind/runs/C3_27b_MCP_seed5543/work/residual_level3.csv' mode='r' encoding='UTF-8'>
  body = tuple(r[-1].strip() for r in _csv.reader(q.open()) if r)
ResourceWarning: Enable tracemalloc to get the object allocation traceback
/home/alexander/Schreibtisch/ofa-v2/src/tools/result_audit.py:534: ResourceWarning: unclosed file <_io.TextIOWrapper name='/home/alexander/Schreibtisch/ofa-v2/campaign3_blind/runs/C3_27b_MCP_seed5543/work/solution_level1_A.csv' mode='r' encoding='UTF-8'>
  rows = sum(1 for _ in open(sol0[0], errors="ignore")) - 1
ResourceWarning: Enable tracemalloc to get the object allocation traceback
/home/alexander/Schreibtisch/ofa-v2/src/tools/result_audit.py:1446: ResourceWarning: unclosed file <_io.TextIOWrapper name='/home/alexander/Schreibtisch/ofa-v2/campaign3_blind/runs/C3_27b_MCP_seed5543/work/solution_level1_A.csv' mode='r' encoding='UTF-8'>
  rows = [r for r in _csv.reader(f.open())
ResourceWarning: Enable tracemalloc to get the object allocation traceback
/home/alexander/Schreibtisch/ofa-v2/src/tools/result_audit.py:1446: ResourceWarning: unclosed file <_io.TextIOWrapper name='/home/alexander/Schreibtisch/ofa-v2/campaign3_blind/runs/C3_27b_MCP_seed5543/work/solution_level1_B.csv' mode='r' encoding='UTF-8'>
  rows = [r for r in _csv.reader(f.open())
ResourceWarning: Enable tracemalloc to get the object allocation traceback
/home/alexander/Schreibtisch/ofa-v2/src/tools/result_audit.py:1446: ResourceWarning: unclosed file <_io.TextIOWrapper name='/home/alexander/Schreibtisch/ofa-v2/campaign3_blind/runs/C3_27b_MCP_seed5543/work/solution_level2_A.csv' mode='r' encoding='UTF-8'>
  rows = [r for r in _csv.reader(f.open())
ResourceWarning: Enable tracemalloc to get the object allocation traceback
/home/alexander/Schreibtisch/ofa-v2/src/tools/result_audit.py:1446: ResourceWarning: unclosed file <_io.TextIOWrapper name='/home/alexander/Schreibtisch/ofa-v2/campaign3_blind/runs/C3_27b_MCP_seed5543/work/solution_level2_B.csv' mode='r' encoding='UTF-8'>
  rows = [r for r in _csv.reader(f.open())
ResourceWarning: Enable tracemalloc to get the object allocation traceback
/home/alexander/Schreibtisch/ofa-v2/src/tools/result_audit.py:1446: ResourceWarning: unclosed file <_io.TextIOWrapper name='/home/alexander/Schreibtisch/ofa-v2/campaign3_blind/runs/C3_27b_MCP_seed5543/work/solution_level3_A.csv' mode='r' encoding='UTF-8'>
  rows = [r for r in _csv.reader(f.open())
ResourceWarning: Enable tracemalloc to get the object allocation traceback
/home/alexander/Schreibtisch/ofa-v2/src/tools/result_audit.py:1446: ResourceWarning: unclosed file <_io.TextIOWrapper name='/home/alexander/Schreibtisch/ofa-v2/campaign3_blind/runs/C3_27b_MCP_seed5543/work/solution_level3_B.csv' mode='r' encoding='UTF-8'>
  rows = [r for r in _csv.reader(f.open())
ResourceWarning: Enable tracemalloc to get the object allocation traceback
/home/alexander/Schreibtisch/ofa-v2/src/tools/workspace_advisor.py:128: ResourceWarning: unclosed file <_io.TextIOWrapper name='/home/alexander/Schreibtisch/ofa-v2/campaign3_blind/runs/C3_27b_MCP_seed5546/work/residual_level1.csv' mode='r' encoding='UTF-8'>
  rows = [row for row in _csv.reader(r.open()) if row]
ResourceWarning: Enable tracemalloc to get the object allocation traceback
/home/alexander/Schreibtisch/ofa-v2/src/tools/result_audit.py:419: ResourceWarning: unclosed file <_io.TextIOWrapper name='/home/alexander/Schreibtisch/ofa-v2/campaign3_blind/runs/C3_27b_MCP_seed5546/work/residual_level1.csv' mode='r' encoding='UTF-8'>
  body = tuple(r[-1].strip() for r in _csv.reader(q.open()) if r)
ResourceWarning: Enable tracemalloc to get the object allocation traceback
/home/alexander/Schreibtisch/ofa-v2/src/tools/result_audit.py:419: ResourceWarning: unclosed file <_io.TextIOWrapper name='/home/alexander/Schreibtisch/ofa-v2/campaign3_blind/runs/C3_27b_MCP_seed5546/work/residual_level1.csv' mode='r' encoding='UTF-8'>
  body = tuple(r[-1].strip() for r in _csv.reader(q.open()) if r)
ResourceWarning: Enable tracemalloc to get the object allocation traceback
/home/alexander/Schreibtisch/ofa-v2/src/tools/workspace_advisor.py:128: ResourceWarning: unclosed file <_io.TextIOWrapper name='/home/alexander/Schreibtisch/ofa-v2/campaign3_blind/runs/C3_27b_MCP_seed5546/work/residual_level1.csv' mode='r' encoding='UTF-8'>
  rows = [row for row in _csv.reader(r.open()) if row]
ResourceWarning: Enable tracemalloc to get the object allocation traceback
/home/alexander/Schreibtisch/ofa-v2/src/tools/result_audit.py:419: ResourceWarning: unclosed file <_io.TextIOWrapper name='/home/alexander/Schreibtisch/ofa-v2/campaign3_blind/runs/C3_27b_MCP_seed5546/work/residual_level1.csv' mode='r' encoding='UTF-8'>
  body = tuple(r[-1].strip() for r in _csv.reader(q.open()) if r)
ResourceWarning: Enable tracemalloc to get the object allocation traceback
/home/alexander/Schreibtisch/ofa-v2/src/tools/result_audit.py:419: ResourceWarning: unclosed file <_io.TextIOWrapper name='/home/alexander/Schreibtisch/ofa-v2/campaign3_blind/runs/C3_27b_MCP_seed5546/work/residual_level1.csv' mode='r' encoding='UTF-8'>
  body = tuple(r[-1].strip() for r in _csv.reader(q.open()) if r)
ResourceWarning: Enable tracemalloc to get the object allocation traceback
/home/alexander/Schreibtisch/ofa-v2/src/tools/workspace_advisor.py:128: ResourceWarning: unclosed file <_io.TextIOWrapper name='/home/alexander/Schreibtisch/ofa-v2/campaign3_blind/runs/C3_27b_MCP_seed5546/work/residual_level1.csv' mode='r' encoding='UTF-8'>
  rows = [row for row in _csv.reader(r.open()) if row]
ResourceWarning: Enable tracemalloc to get the object allocation traceback
/home/alexander/Schreibtisch/ofa-v2/src/tools/result_audit.py:419: ResourceWarning: unclosed file <_io.TextIOWrapper name='/home/alexander/Schreibtisch/ofa-v2/campaign3_blind/runs/C3_27b_MCP_seed5546/work/residual_level1.csv' mode='r' encoding='UTF-8'>
  body = tuple(r[-1].strip() for r in _csv.reader(q.open()) if r)
ResourceWarning: Enable tracemalloc to get the object allocation traceback
/home/alexander/Schreibtisch/ofa-v2/src/tools/result_audit.py:419: ResourceWarning: unclosed file <_io.TextIOWrapper name='/home/alexander/Schreibtisch/ofa-v2/campaign3_blind/runs/C3_27b_MCP_seed5546/work/residual_level1.csv' mode='r' encoding='UTF-8'>
  body = tuple(r[-1].strip() for r in _csv.reader(q.open()) if r)
ResourceWarning: Enable tracemalloc to get the object allocation traceback
/home/alexander/Schreibtisch/ofa-v2/src/tools/workspace_advisor.py:128: ResourceWarning: unclosed file <_io.TextIOWrapper name='/home/alexander/Schreibtisch/ofa-v2/campaign3_blind/runs/C3_27b_MCP_seed5546/work/residual_level1.csv' mode='r' encoding='UTF-8'>
  rows = [row for row in _csv.reader(r.open()) if row]
ResourceWarning: Enable tracemalloc to get the object allocation traceback
/home/alexander/Schreibtisch/ofa-v2/src/tools/result_audit.py:419: ResourceWarning: unclosed file <_io.TextIOWrapper name='/home/alexander/Schreibtisch/ofa-v2/campaign3_blind/runs/C3_27b_MCP_seed5546/work/residual_level1.csv' mode='r' encoding='UTF-8'>
  body = tuple(r[-1].strip() for r in _csv.reader(q.open()) if r)
ResourceWarning: Enable tracemalloc to get the object allocation traceback
/home/alexander/Schreibtisch/ofa-v2/src/tools/result_audit.py:419: ResourceWarning: unclosed file <_io.TextIOWrapper name='/home/alexander/Schreibtisch/ofa-v2/campaign3_blind/runs/C3_27b_MCP_seed5546/work/residual_level1.csv' mode='r' encoding='UTF-8'>
  body = tuple(r[-1].strip() for r in _csv.reader(q.open()) if r)
ResourceWarning: Enable tracemalloc to get the object allocation traceback
/home/alexander/Schreibtisch/ofa-v2/src/tools/workspace_advisor.py:128: ResourceWarning: unclosed file <_io.TextIOWrapper name='/home/alexander/Schreibtisch/ofa-v2/campaign3_blind/runs/C3_27b_MCP_seed5546/work/residual_level1.csv' mode='r' encoding='UTF-8'>
  rows = [row for row in _csv.reader(r.open()) if row]
ResourceWarning: Enable tracemalloc to get the object allocation traceback
/home/alexander/Schreibtisch/ofa-v2/src/tools/result_audit.py:419: ResourceWarning: unclosed file <_io.TextIOWrapper name='/home/alexander/Schreibtisch/ofa-v2/campaign3_blind/runs/C3_27b_MCP_seed5546/work/residual_level1.csv' mode='r' encoding='UTF-8'>
  body = tuple(r[-1].strip() for r in _csv.reader(q.open()) if r)
ResourceWarning: Enable tracemalloc to get the object allocation traceback
/home/alexander/Schreibtisch/ofa-v2/src/tools/result_audit.py:419: ResourceWarning: unclosed file <_io.TextIOWrapper name='/home/alexander/Schreibtisch/ofa-v2/campaign3_blind/runs/C3_27b_MCP_seed5546/work/residual_level1.csv' mode='r' encoding='UTF-8'>
  body = tuple(r[-1].strip() for r in _csv.reader(q.open()) if r)
ResourceWarning: Enable tracemalloc to get the object allocation traceback
/home/alexander/Schreibtisch/ofa-v2/src/tools/result_audit.py:419: ResourceWarning: unclosed file <_io.TextIOWrapper name='/home/alexander/Schreibtisch/ofa-v2/campaign3_blind/runs/C3_27b_MCP_seed5541/work/residual_level1.csv' mode='r' encoding='UTF-8'>
  body = tuple(r[-1].strip() for r in _csv.reader(q.open()) if r)
ResourceWarning: Enable tracemalloc to get the object allocation traceback
/home/alexander/Schreibtisch/ofa-v2/src/tools/result_audit.py:419: ResourceWarning: unclosed file <_io.TextIOWrapper name='/home/alexander/Schreibtisch/ofa-v2/campaign3_blind/runs/C3_27b_MCP_seed5541/work/residual_level2.csv' mode='r' encoding='UTF-8'>
  body = tuple(r[-1].strip() for r in _csv.reader(q.open()) if r)
ResourceWarning: Enable tracemalloc to get the object allocation traceback
/home/alexander/Schreibtisch/ofa-v2/src/tools/result_audit.py:419: ResourceWarning: unclosed file <_io.TextIOWrapper name='/home/alexander/Schreibtisch/ofa-v2/campaign3_blind/runs/C3_27b_MCP_seed5541/work/residual_level3.csv' mode='r' encoding='UTF-8'>
  body = tuple(r[-1].strip() for r in _csv.reader(q.open()) if r)
ResourceWarning: Enable tracemalloc to get the object allocation traceback
/home/alexander/Schreibtisch/ofa-v2/src/tools/workspace_advisor.py:128: ResourceWarning: unclosed file <_io.TextIOWrapper name='/home/alexander/Schreibtisch/ofa-v2/campaign3_blind/runs/C3_27b_MCP_seed5546/work/residual_level1.csv' mode='r' encoding='UTF-8'>
  rows = [row for row in _csv.reader(r.open()) if row]
ResourceWarning: Enable tracemalloc to get the object allocation traceback
/home/alexander/Schreibtisch/ofa-v2/src/tools/result_audit.py:419: ResourceWarning: unclosed file <_io.TextIOWrapper name='/home/alexander/Schreibtisch/ofa-v2/campaign3_blind/runs/C3_27b_MCP_seed5546/work/residual_level1.csv' mode='r' encoding='UTF-8'>
  body = tuple(r[-1].strip() for r in _csv.reader(q.open()) if r)
ResourceWarning: Enable tracemalloc to get the object allocation traceback
/home/alexander/Schreibtisch/ofa-v2/src/tools/result_audit.py:419: ResourceWarning: unclosed file <_io.TextIOWrapper name='/home/alexander/Schreibtisch/ofa-v2/campaign3_blind/runs/C3_27b_MCP_seed5546/work/residual_level1.csv' mode='r' encoding='UTF-8'>
  body = tuple(r[-1].strip() for r in _csv.reader(q.open()) if r)
ResourceWarning: Enable tracemalloc to get the object allocation traceback
/home/alexander/Schreibtisch/ofa-v2/src/tools/workspace_advisor.py:128: ResourceWarning: unclosed file <_io.TextIOWrapper name='/home/alexander/Schreibtisch/ofa-v2/campaign3_blind/runs/C3_27b_MCP_seed5546/work/residual_level1.csv' mode='r' encoding='UTF-8'>
  rows = [row for row in _csv.reader(r.open()) if row]
ResourceWarning: Enable tracemalloc to get the object allocation traceback
/home/alexander/Schreibtisch/ofa-v2/src/tools/result_audit.py:419: ResourceWarning: unclosed file <_io.TextIOWrapper name='/home/alexander/Schreibtisch/ofa-v2/campaign3_blind/runs/C3_27b_MCP_seed5546/work/residual_level1.csv' mode='r' encoding='UTF-8'>
  body = tuple(r[-1].strip() for r in _csv.reader(q.open()) if r)
ResourceWarning: Enable tracemalloc to get the object allocation traceback
/home/alexander/Schreibtisch/ofa-v2/src/tools/result_audit.py:419: ResourceWarning: unclosed file <_io.TextIOWrapper name='/home/alexander/Schreibtisch/ofa-v2/campaign3_blind/runs/C3_27b_MCP_seed5546/work/residual_level1.csv' mode='r' encoding='UTF-8'>
  body = tuple(r[-1].strip() for r in _csv.reader(q.open()) if r)
ResourceWarning: Enable tracemalloc to get the object allocation traceback
/home/alexander/Schreibtisch/ofa-v2/src/tools/workspace_advisor.py:128: ResourceWarning: unclosed file <_io.TextIOWrapper name='/home/alexander/Schreibtisch/ofa-v2/campaign3_blind/runs/C3_27b_MCP_seed5546/work/residual_level1.csv' mode='r' encoding='UTF-8'>
  rows = [row for row in _csv.reader(r.open()) if row]
ResourceWarning: Enable tracemalloc to get the object allocation traceback
/home/alexander/Schreibtisch/ofa-v2/src/tools/result_audit.py:419: ResourceWarning: unclosed file <_io.TextIOWrapper name='/home/alexander/Schreibtisch/ofa-v2/campaign3_blind/runs/C3_27b_MCP_seed5546/work/residual_level1.csv' mode='r' encoding='UTF-8'>
  body = tuple(r[-1].strip() for r in _csv.reader(q.open()) if r)
ResourceWarning: Enable tracemalloc to get the object allocation traceback
/home/alexander/Schreibtisch/ofa-v2/src/tools/result_audit.py:419: ResourceWarning: unclosed file <_io.TextIOWrapper name='/home/alexander/Schreibtisch/ofa-v2/campaign3_blind/runs/C3_27b_MCP_seed5546/work/residual_level1.csv' mode='r' encoding='UTF-8'>
  body = tuple(r[-1].strip() for r in _csv.reader(q.open()) if r)
ResourceWarning: Enable tracemalloc to get the object allocation traceback
/home/alexander/Schreibtisch/ofa-v2/src/tools/workspace_advisor.py:128: ResourceWarning: unclosed file <_io.TextIOWrapper name='/home/alexander/Schreibtisch/ofa-v2/campaign3_blind/runs/C3_27b_MCP_seed5546/work/residual_level1.csv' mode='r' encoding='UTF-8'>
  rows = [row for row in _csv.reader(r.open()) if row]
ResourceWarning: Enable tracemalloc to get the object allocation traceback
/home/alexander/Schreibtisch/ofa-v2/src/tools/result_audit.py:419: ResourceWarning: unclosed file <_io.TextIOWrapper name='/home/alexander/Schreibtisch/ofa-v2/campaign3_blind/runs/C3_27b_MCP_seed5546/work/residual_level1.csv' mode='r' encoding='UTF-8'>
  body = tuple(r[-1].strip() for r in _csv.reader(q.open()) if r)
ResourceWarning: Enable tracemalloc to get the object allocation traceback
/home/alexander/Schreibtisch/ofa-v2/src/tools/result_audit.py:419: ResourceWarning: unclosed file <_io.TextIOWrapper name='/home/alexander/Schreibtisch/ofa-v2/campaign3_blind/runs/C3_27b_MCP_seed5546/work/residual_level1.csv' mode='r' encoding='UTF-8'>
  body = tuple(r[-1].strip() for r in _csv.reader(q.open()) if r)
ResourceWarning: Enable tracemalloc to get the object allocation traceback
/home/alexander/Schreibtisch/ofa-v2/src/tools/workspace_advisor.py:128: ResourceWarning: unclosed file <_io.TextIOWrapper name='/home/alexander/Schreibtisch/ofa-v2/campaign3_blind/runs/C3_27b_MCP_seed5546/work/residual_level1.csv' mode='r' encoding='UTF-8'>
  rows = [row for row in _csv.reader(r.open()) if row]
ResourceWarning: Enable tracemalloc to get the object allocation traceback
/home/alexander/Schreibtisch/ofa-v2/src/tools/result_audit.py:419: ResourceWarning: unclosed file <_io.TextIOWrapper name='/home/alexander/Schreibtisch/ofa-v2/campaign3_blind/runs/C3_27b_MCP_seed5546/work/residual_level1.csv' mode='r' encoding='UTF-8'>
  body = tuple(r[-1].strip() for r in _csv.reader(q.open()) if r)
ResourceWarning: Enable tracemalloc to get the object allocation traceback
/home/alexander/Schreibtisch/ofa-v2/src/tools/result_audit.py:419: ResourceWarning: unclosed file <_io.TextIOWrapper name='/home/alexander/Schreibtisch/ofa-v2/campaign3_blind/runs/C3_27b_MCP_seed5546/work/residual_level1.csv' mode='r' encoding='UTF-8'>
  body = tuple(r[-1].strip() for r in _csv.reader(q.open()) if r)
ResourceWarning: Enable tracemalloc to get the object allocation traceback
2026-09-09 23:03:40,229 [oasis] INFO: Session journal saved: /tmp/oasis-source/data/sessions/session_36aaf00c-55e8-47bb-b63e-1f89f67502b2.json (5 events)
[preflight] custody controls verified for 1 problem(s); keys sealed and unreadable by execution
[phase: development] results are for post-mortems and convergence checking, NOT for the paper's evaluation table.
[DUNE cache] sha256=dc2d5b8ff2ebf98e... (neutral, private copy per cell)
[C3 27b MCP s5546] done  calls=56 tok=6062315/43363 2476.9s
/home/alexander/.local/share/python/cpython-3.12.13-linux-x86_64-gnu/lib/python3.12/asyncio/selector_events.py:879: ResourceWarning: unclosed transport <_SelectorSocketTransport fd=9>
<<< C3 seed 5546 done 2026-09-09 23:03:41
>>> C3 MCP complete 2026-09-09 23:03:41
/home/alexander/Schreibtisch/ofa-v2/src/tools/result_audit.py:419: ResourceWarning: unclosed file <_io.TextIOWrapper name='/home/alexander/Schreibtisch/ofa-v2/campaign3_blind/runs/C3_27b_MCP_seed5541/work/residual_level1.csv' mode='r' encoding='UTF-8'>
  body = tuple(r[-1].strip() for r in _csv.reader(q.open()) if r)
ResourceWarning: Enable tracemalloc to get the object allocation traceback
/home/alexander/Schreibtisch/ofa-v2/src/tools/result_audit.py:419: ResourceWarning: unclosed file <_io.TextIOWrapper name='/home/alexander/Schreibtisch/ofa-v2/campaign3_blind/runs/C3_27b_MCP_seed5541/work/residual_level2.csv' mode='r' encoding='UTF-8'>
  body = tuple(r[-1].strip() for r in _csv.reader(q.open()) if r)
ResourceWarning: Enable tracemalloc to get the object allocation traceback
/home/alexander/Schreibtisch/ofa-v2/src/tools/result_audit.py:419: ResourceWarning: unclosed file <_io.TextIOWrapper name='/home/alexander/Schreibtisch/ofa-v2/campaign3_blind/runs/C3_27b_MCP_seed5541/work/residual_level3.csv' mode='r' encoding='UTF-8'>
  body = tuple(r[-1].strip() for r in _csv.reader(q.open()) if r)
ResourceWarning: Enable tracemalloc to get the object allocation traceback
2026-09-09 23:06:45,614 [oasis] INFO: Session journal saved: /tmp/oasis-source/data/sessions/session_b28ab41b-8df7-4544-8c22-852729d3099d.json (8 events)
[preflight] custody controls verified for 1 problem(s); keys sealed and unreadable by execution
[phase: development] results are for post-mortems and convergence checking, NOT for the paper's evaluation table.
[DUNE cache] sha256=dc2d5b8ff2ebf98e... (neutral, private copy per cell)
[C3 27b MCP s5543] done  calls=70 tok=7165001/37618 2661.9s
/home/alexander/.local/share/python/cpython-3.12.13-linux-x86_64-gnu/lib/python3.12/asyncio/selector_events.py:879: ResourceWarning: unclosed transport <_SelectorSocketTransport fd=9>
<<< C3 seed 5543 done 2026-09-09 23:06:46
2026-09-09 23:07:26,443 [oasis] INFO: Session journal saved: /tmp/oasis-source/data/sessions/session_d3704ff1-2fce-4551-8fa6-c531421df408.json (6 events)
[preflight] custody controls verified for 1 problem(s); keys sealed and unreadable by execution
[phase: development] results are for post-mortems and convergence checking, NOT for the paper's evaluation table.
[DUNE cache] sha256=dc2d5b8ff2ebf98e... (neutral, private copy per cell)
[C3 27b MCP s5541] done  calls=60 tok=5675533/50508 2703.5s  ERR ExceptionGroup: unhandled errors in a TaskGroup (1 sub-excep
<<< C3 seed 5541 done 2026-09-09 23:07:27
>>> C3 MCP complete 2026-09-09 23:07:27
>>> C3 MCP seeds 5551 5552 5553  start 2026-09-10 00:57:34
[source build] 4518a3e9494e sha256=15980890ddb6f742... (immutable)
[source build] 4518a3e9494e sha256=15980890ddb6f742... (immutable)
[source build] 4518a3e9494e sha256=15980890ddb6f742... (immutable)
2026-09-10 00:58:09,127 [oasis.registry] INFO: Loaded discovered config: 5 backends
2026-09-10 00:58:09,138 [oasis.registry] INFO: Registered backend: 4C Multiphysics (fourc)
2026-09-10 00:58:09,142 [oasis.registry] INFO: Registered backend: FEniCSx (dolfinx) (fenics)
2026-09-10 00:58:09,147 [oasis.registry] INFO: Registered backend: deal.II (dealii)
2026-09-10 00:58:09,167 [oasis.registry] INFO: Registered backend: FEBio (febio)
2026-09-10 00:58:09,174 [oasis.registry] INFO: Loaded discovered config: 5 backends
2026-09-10 00:58:09,180 [oasis.registry] INFO: Registered backend: NGSolve (ngsolve)
2026-09-10 00:58:09,180 [oasis.ngsolve] INFO: NGSolve backend registered
2026-09-10 00:58:09,184 [oasis.registry] INFO: Registered backend: 4C Multiphysics (fourc)
2026-09-10 00:58:09,188 [oasis.registry] INFO: Registered backend: FEniCSx (dolfinx) (fenics)
2026-09-10 00:58:09,193 [oasis.registry] INFO: Registered backend: deal.II (dealii)
2026-09-10 00:58:09,200 [oasis.registry] INFO: Registered backend: scikit-fem (skfem)
2026-09-10 00:58:09,200 [oasis.skfem] INFO: scikit-fem backend registered
2026-09-10 00:58:09,212 [oasis.registry] INFO: Registered backend: FEBio (febio)
2026-09-10 00:58:09,222 [oasis.registry] INFO: Registered backend: Kratos Multiphysics (kratos)
2026-09-10 00:58:09,222 [oasis.kratos] INFO: Kratos Multiphysics backend registered
2026-09-10 00:58:09,225 [oasis.registry] INFO: Registered backend: NGSolve (ngsolve)
2026-09-10 00:58:09,225 [oasis.ngsolve] INFO: NGSolve backend registered
2026-09-10 00:58:09,236 [oasis.registry] INFO: Registered backend: DUNE-fem (dune)
2026-09-10 00:58:09,236 [oasis.dune] INFO: DUNE-fem backend registered
2026-09-10 00:58:09,239 [oasis.registry] INFO: Registered backend: scikit-fem (skfem)
2026-09-10 00:58:09,239 [oasis.skfem] INFO: scikit-fem backend registered
2026-09-10 00:58:09,251 [oasis.registry] INFO: Registered backend: SPARTA (DSMC) (sparta)
2026-09-10 00:58:09,251 [oasis.sparta] INFO: SPARTA (DSMC) backend registered
2026-09-10 00:58:09,251 [oasis] INFO: Starting OASiS MCP server
2026-09-10 00:58:09,260 [oasis.registry] INFO: Registered backend: Kratos Multiphysics (kratos)
2026-09-10 00:58:09,260 [oasis.kratos] INFO: Kratos Multiphysics backend registered
2026-09-10 00:58:09,271 [oasis.registry] INFO: Loaded discovered config: 5 backends
2026-09-10 00:58:09,274 [oasis.registry] INFO: Registered backend: DUNE-fem (dune)
2026-09-10 00:58:09,274 [oasis.dune] INFO: DUNE-fem backend registered
2026-09-10 00:58:09,281 [mcp.server.lowlevel.server] INFO: Processing request of type ListToolsRequest
2026-09-10 00:58:09,281 [oasis.registry] INFO: Registered backend: 4C Multiphysics (fourc)
2026-09-10 00:58:09,285 [oasis.registry] INFO: Registered backend: FEniCSx (dolfinx) (fenics)
2026-09-10 00:58:09,290 [oasis.registry] INFO: Registered backend: deal.II (dealii)
2026-09-10 00:58:09,291 [oasis.registry] INFO: Registered backend: SPARTA (DSMC) (sparta)
2026-09-10 00:58:09,291 [oasis.sparta] INFO: SPARTA (DSMC) backend registered
2026-09-10 00:58:09,291 [oasis] INFO: Starting OASiS MCP server
2026-09-10 00:58:09,309 [oasis.registry] INFO: Registered backend: FEBio (febio)
2026-09-10 00:58:09,321 [mcp.server.lowlevel.server] INFO: Processing request of type ListToolsRequest
2026-09-10 00:58:09,322 [oasis.registry] INFO: Registered backend: NGSolve (ngsolve)
2026-09-10 00:58:09,322 [oasis.ngsolve] INFO: NGSolve backend registered
2026-09-10 00:58:09,336 [oasis.registry] INFO: Registered backend: scikit-fem (skfem)
2026-09-10 00:58:09,336 [oasis.skfem] INFO: scikit-fem backend registered
2026-09-10 00:58:09,356 [oasis.registry] INFO: Registered backend: Kratos Multiphysics (kratos)
2026-09-10 00:58:09,357 [oasis.kratos] INFO: Kratos Multiphysics backend registered
2026-09-10 00:58:09,371 [oasis.registry] INFO: Registered backend: DUNE-fem (dune)
2026-09-10 00:58:09,371 [oasis.dune] INFO: DUNE-fem backend registered
2026-09-10 00:58:09,384 [oasis.registry] INFO: Registered backend: SPARTA (DSMC) (sparta)
2026-09-10 00:58:09,385 [oasis.sparta] INFO: SPARTA (DSMC) backend registered
2026-09-10 00:58:09,385 [oasis] INFO: Starting OASiS MCP server
2026-09-10 00:58:09,413 [mcp.server.lowlevel.server] INFO: Processing request of type ListToolsRequest
2026-09-10 00:58:23,866 [mcp.server.lowlevel.server] INFO: Processing request of type CallToolRequest
2026-09-10 00:58:23,889 [mcp.server.lowlevel.server] INFO: Processing request of type CallToolRequest
2026-09-10 00:58:24,734 [mcp.server.lowlevel.server] INFO: Processing request of type CallToolRequest
2026-09-10 00:58:29,139 [mcp.server.lowlevel.server] INFO: Processing request of type CallToolRequest
2026-09-10 00:58:29,172 [mcp.server.lowlevel.server] INFO: Processing request of type CallToolRequest
2026-09-10 00:58:29,996 [mcp.server.lowlevel.server] INFO: Processing request of type CallToolRequest
/home/alexander/Schreibtisch/ofa-v2/langgraph_eval/agent.py:820: RuntimeWarning: This package (`duckduckgo_search`) has been renamed to `ddgs`! Use `pip install ddgs` instead.
  with DDGS() as ddgs:
/home/alexander/Schreibtisch/ofa-v2/langgraph_eval/agent.py:820: RuntimeWarning: This package (`duckduckgo_search`) has been renamed to `ddgs`! Use `pip install ddgs` instead.
  with DDGS() as ddgs:
/home/alexander/Schreibtisch/ofa-v2/langgraph_eval/agent.py:820: RuntimeWarning: This package (`duckduckgo_search`) has been renamed to `ddgs`! Use `pip install ddgs` instead.
  with DDGS() as ddgs:
/home/alexander/Schreibtisch/ofa-v2/langgraph_eval/agent.py:820: RuntimeWarning: This package (`duckduckgo_search`) has been renamed to `ddgs`! Use `pip install ddgs` instead.
  with DDGS() as ddgs:
/home/alexander/Schreibtisch/ofa-v2/langgraph_eval/agent.py:820: RuntimeWarning: This package (`duckduckgo_search`) has been renamed to `ddgs`! Use `pip install ddgs` instead.
  with DDGS() as ddgs:
/home/alexander/Schreibtisch/ofa-v2/langgraph_eval/agent.py:820: RuntimeWarning: This package (`duckduckgo_search`) has been renamed to `ddgs`! Use `pip install ddgs` instead.
  with DDGS() as ddgs:
/home/alexander/Schreibtisch/ofa-v2/langgraph_eval/agent.py:820: RuntimeWarning: This package (`duckduckgo_search`) has been renamed to `ddgs`! Use `pip install ddgs` instead.
  with DDGS() as ddgs:
2026-09-10 01:00:37,042 [mcp.server.lowlevel.server] INFO: Processing request of type CallToolRequest
2026-09-10 01:00:46,860 [mcp.server.lowlevel.server] INFO: Processing request of type CallToolRequest
2026-09-10 01:05:03,784 [mcp.server.lowlevel.server] INFO: Processing request of type CallToolRequest
/home/alexander/Schreibtisch/ofa-v2/src/tools/result_audit.py:419: ResourceWarning: unclosed file <_io.TextIOWrapper name='/home/alexander/Schreibtisch/ofa-v2/campaign3_blind/runs/C3_27b_MCP_seed5553/work/residual_level1.csv' mode='r' encoding='UTF-8'>
  body = tuple(r[-1].strip() for r in _csv.reader(q.open()) if r)
ResourceWarning: Enable tracemalloc to get the object allocation traceback
2026-09-10 01:06:30,218 [mcp.server.lowlevel.server] INFO: Processing request of type CallToolRequest
2026-09-10 01:12:49,342 [mcp.server.lowlevel.server] INFO: Processing request of type CallToolRequest
2026-09-10 01:12:55,587 [mcp.server.lowlevel.server] INFO: Processing request of type CallToolRequest
/home/alexander/Schreibtisch/ofa-v2/src/tools/workspace_advisor.py:128: ResourceWarning: unclosed file <_io.TextIOWrapper name='/home/alexander/Schreibtisch/ofa-v2/campaign3_blind/runs/C3_27b_MCP_seed5553/work/residual_level1.csv' mode='r' encoding='UTF-8'>
  rows = [row for row in _csv.reader(r.open()) if row]
ResourceWarning: Enable tracemalloc to get the object allocation traceback
/home/alexander/Schreibtisch/ofa-v2/src/tools/result_audit.py:419: ResourceWarning: unclosed file <_io.TextIOWrapper name='/home/alexander/Schreibtisch/ofa-v2/campaign3_blind/runs/C3_27b_MCP_seed5553/work/residual_level1.csv' mode='r' encoding='UTF-8'>
  body = tuple(r[-1].strip() for r in _csv.reader(q.open()) if r)
ResourceWarning: Enable tracemalloc to get the object allocation traceback
/home/alexander/Schreibtisch/ofa-v2/src/tools/result_audit.py:419: ResourceWarning: unclosed file <_io.TextIOWrapper name='/home/alexander/Schreibtisch/ofa-v2/campaign3_blind/runs/C3_27b_MCP_seed5553/work/residual_level1.csv' mode='r' encoding='UTF-8'>
  body = tuple(r[-1].strip() for r in _csv.reader(q.open()) if r)
ResourceWarning: Enable tracemalloc to get the object allocation traceback
2026-09-10 01:17:25,418 [mcp.server.lowlevel.server] INFO: Processing request of type CallToolRequest
2026-09-10 01:17:44,871 [mcp.server.lowlevel.server] INFO: Processing request of type CallToolRequest
2026-09-10 01:18:05,239 [mcp.server.lowlevel.server] INFO: Processing request of type CallToolRequest
2026-09-10 01:21:45,552 [mcp.server.lowlevel.server] INFO: Processing request of type CallToolRequest
2026-09-10 01:22:01,565 [mcp.server.lowlevel.server] INFO: Processing request of type CallToolRequest
2026-09-10 01:24:19,608 [mcp.server.lowlevel.server] INFO: Processing request of type CallToolRequest
2026-09-10 01:24:34,828 [oasis] INFO: Session journal saved: /tmp/oasis-source/data/sessions/session_b431b239-cefb-49cb-9e37-82570b3a12b0.json (3 events)
[preflight] custody controls verified for 1 problem(s); keys sealed and unreadable by execution
[phase: development] results are for post-mortems and convergence checking, NOT for the paper's evaluation table.
[DUNE cache] sha256=dc2d5b8ff2ebf98e... (neutral, private copy per cell)
[C3 27b MCP s5552] done  calls=37 tok=3428038/42616 1588.3s
<<< C3 seed 5552 done 2026-09-10 01:24:35
2026-09-10 01:25:53,161 [mcp.server.lowlevel.server] INFO: Processing request of type CallToolRequest
2026-09-10 01:26:00,598 [mcp.server.lowlevel.server] INFO: Processing request of type CallToolRequest
/home/alexander/Schreibtisch/ofa-v2/src/tools/result_audit.py:419: ResourceWarning: unclosed file <_io.TextIOWrapper name='/home/alexander/Schreibtisch/ofa-v2/campaign3_blind/runs/C3_27b_MCP_seed5553/work/residual_level1.csv' mode='r' encoding='UTF-8'>
  body = tuple(r[-1].strip() for r in _csv.reader(q.open()) if r)
ResourceWarning: Enable tracemalloc to get the object allocation traceback
/home/alexander/Schreibtisch/ofa-v2/src/tools/workspace_advisor.py:128: ResourceWarning: unclosed file <_io.TextIOWrapper name='/home/alexander/Schreibtisch/ofa-v2/campaign3_blind/runs/C3_27b_MCP_seed5553/work/residual_level1.csv' mode='r' encoding='UTF-8'>
  rows = [row for row in _csv.reader(r.open()) if row]
ResourceWarning: Enable tracemalloc to get the object allocation traceback
/home/alexander/Schreibtisch/ofa-v2/src/tools/result_audit.py:419: ResourceWarning: unclosed file <_io.TextIOWrapper name='/home/alexander/Schreibtisch/ofa-v2/campaign3_blind/runs/C3_27b_MCP_seed5553/work/residual_level1.csv' mode='r' encoding='UTF-8'>
  body = tuple(r[-1].strip() for r in _csv.reader(q.open()) if r)
ResourceWarning: Enable tracemalloc to get the object allocation traceback
/home/alexander/Schreibtisch/ofa-v2/src/tools/result_audit.py:419: ResourceWarning: unclosed file <_io.TextIOWrapper name='/home/alexander/Schreibtisch/ofa-v2/campaign3_blind/runs/C3_27b_MCP_seed5553/work/residual_level1.csv' mode='r' encoding='UTF-8'>
  body = tuple(r[-1].strip() for r in _csv.reader(q.open()) if r)
ResourceWarning: Enable tracemalloc to get the object allocation traceback
2026-09-10 01:26:48,280 [mcp.server.lowlevel.server] INFO: Processing request of type CallToolRequest
/home/alexander/Schreibtisch/ofa-v2/src/tools/result_audit.py:419: ResourceWarning: unclosed file <_io.TextIOWrapper name='/home/alexander/Schreibtisch/ofa-v2/campaign3_blind/runs/C3_27b_MCP_seed5553/work/residual_level1.csv' mode='r' encoding='UTF-8'>
  body = tuple(r[-1].strip() for r in _csv.reader(q.open()) if r)
ResourceWarning: Enable tracemalloc to get the object allocation traceback
/home/alexander/Schreibtisch/ofa-v2/src/tools/result_audit.py:419: ResourceWarning: unclosed file <_io.TextIOWrapper name='/home/alexander/Schreibtisch/ofa-v2/campaign3_blind/runs/C3_27b_MCP_seed5553/work/residual_level1.csv' mode='r' encoding='UTF-8'>
  body = tuple(r[-1].strip() for r in _csv.reader(q.open()) if r)
ResourceWarning: Enable tracemalloc to get the object allocation traceback
/home/alexander/Schreibtisch/ofa-v2/src/tools/workspace_advisor.py:128: ResourceWarning: unclosed file <_io.TextIOWrapper name='/home/alexander/Schreibtisch/ofa-v2/campaign3_blind/runs/C3_27b_MCP_seed5553/work/residual_level1.csv' mode='r' encoding='UTF-8'>
  rows = [row for row in _csv.reader(r.open()) if row]
ResourceWarning: Enable tracemalloc to get the object allocation traceback
/home/alexander/Schreibtisch/ofa-v2/src/tools/result_audit.py:419: ResourceWarning: unclosed file <_io.TextIOWrapper name='/home/alexander/Schreibtisch/ofa-v2/campaign3_blind/runs/C3_27b_MCP_seed5553/work/residual_level1.csv' mode='r' encoding='UTF-8'>
  body = tuple(r[-1].strip() for r in _csv.reader(q.open()) if r)
ResourceWarning: Enable tracemalloc to get the object allocation traceback
/home/alexander/Schreibtisch/ofa-v2/src/tools/result_audit.py:419: ResourceWarning: unclosed file <_io.TextIOWrapper name='/home/alexander/Schreibtisch/ofa-v2/campaign3_blind/runs/C3_27b_MCP_seed5553/work/residual_level1.csv' mode='r' encoding='UTF-8'>
  body = tuple(r[-1].strip() for r in _csv.reader(q.open()) if r)
ResourceWarning: Enable tracemalloc to get the object allocation traceback
/home/alexander/Schreibtisch/ofa-v2/src/tools/result_audit.py:1446: ResourceWarning: unclosed file <_io.TextIOWrapper name='/home/alexander/Schreibtisch/ofa-v2/campaign3_blind/runs/C3_27b_MCP_seed5553/work/solution_level1_A.csv' mode='r' encoding='UTF-8'>
  rows = [r for r in _csv.reader(f.open())
ResourceWarning: Enable tracemalloc to get the object allocation traceback
/home/alexander/Schreibtisch/ofa-v2/src/tools/result_audit.py:1446: ResourceWarning: unclosed file <_io.TextIOWrapper name='/home/alexander/Schreibtisch/ofa-v2/campaign3_blind/runs/C3_27b_MCP_seed5553/work/solution_level1_B.csv' mode='r' encoding='UTF-8'>
  rows = [r for r in _csv.reader(f.open())
ResourceWarning: Enable tracemalloc to get the object allocation traceback
/home/alexander/Schreibtisch/ofa-v2/src/tools/result_audit.py:419: ResourceWarning: unclosed file <_io.TextIOWrapper name='/home/alexander/Schreibtisch/ofa-v2/campaign3_blind/runs/C3_27b_MCP_seed5553/work/residual_level1.csv' mode='r' encoding='UTF-8'>
  body = tuple(r[-1].strip() for r in _csv.reader(q.open()) if r)
ResourceWarning: Enable tracemalloc to get the object allocation traceback
/home/alexander/Schreibtisch/ofa-v2/src/tools/result_audit.py:2114: ResourceWarning: unclosed file <_io.TextIOWrapper name='/home/alexander/Schreibtisch/ofa-v2/campaign3_blind/runs/C3_27b_MCP_seed5553/work/solution_level1_A.csv' mode='r' encoding='UTF-8'>
  n = sum(1 for _ in open(q, errors="ignore")) - 1     # minus header
ResourceWarning: Enable tracemalloc to get the object allocation traceback
/home/alexander/Schreibtisch/ofa-v2/src/tools/result_audit.py:2114: ResourceWarning: unclosed file <_io.TextIOWrapper name='/home/alexander/Schreibtisch/ofa-v2/campaign3_blind/runs/C3_27b_MCP_seed5553/work/solution_level1_B.csv' mode='r' encoding='UTF-8'>
  n = sum(1 for _ in open(q, errors="ignore")) - 1     # minus header
ResourceWarning: Enable tracemalloc to get the object allocation traceback
/home/alexander/Schreibtisch/ofa-v2/src/tools/result_audit.py:419: ResourceWarning: unclosed file <_io.TextIOWrapper name='/home/alexander/Schreibtisch/ofa-v2/campaign3_blind/runs/C3_27b_MCP_seed5553/work/residual_level1.csv' mode='r' encoding='UTF-8'>
  body = tuple(r[-1].strip() for r in _csv.reader(q.open()) if r)
ResourceWarning: Enable tracemalloc to get the object allocation traceback
/home/alexander/Schreibtisch/ofa-v2/src/tools/result_audit.py:2114: ResourceWarning: unclosed file <_io.TextIOWrapper name='/home/alexander/Schreibtisch/ofa-v2/campaign3_blind/runs/C3_27b_MCP_seed5553/work/solution_level1_A.csv' mode='r' encoding='UTF-8'>
  n = sum(1 for _ in open(q, errors="ignore")) - 1     # minus header
ResourceWarning: Enable tracemalloc to get the object allocation traceback
/home/alexander/Schreibtisch/ofa-v2/src/tools/result_audit.py:2114: ResourceWarning: unclosed file <_io.TextIOWrapper name='/home/alexander/Schreibtisch/ofa-v2/campaign3_blind/runs/C3_27b_MCP_seed5553/work/solution_level1_B.csv' mode='r' encoding='UTF-8'>
  n = sum(1 for _ in open(q, errors="ignore")) - 1     # minus header
ResourceWarning: Enable tracemalloc to get the object allocation traceback
2026-09-10 01:33:06,176 [oasis] INFO: Session journal saved: /tmp/oasis-source/data/sessions/session_35a80516-d60c-4c54-86fc-47f5566cf697.json (8 events)
[preflight] custody controls verified for 1 problem(s); keys sealed and unreadable by execution
[phase: development] results are for post-mortems and convergence checking, NOT for the paper's evaluation table.
[DUNE cache] sha256=dc2d5b8ff2ebf98e... (neutral, private copy per cell)
[C3 27b MCP s5553] done  calls=64 tok=7029453/50785 2099.9s
/home/alexander/.local/share/python/cpython-3.12.13-linux-x86_64-gnu/lib/python3.12/asyncio/selector_events.py:879: ResourceWarning: unclosed transport <_SelectorSocketTransport fd=9>
<<< C3 seed 5553 done 2026-09-10 01:33:07
2026-09-10 01:37:11,425 [oasis] INFO: Session journal saved: /tmp/oasis-source/data/sessions/session_3d653150-d658-4db1-9ad6-de3515f33568.json (5 events)
[preflight] custody controls verified for 1 problem(s); keys sealed and unreadable by execution
[phase: development] results are for post-mortems and convergence checking, NOT for the paper's evaluation table.
[DUNE cache] sha256=dc2d5b8ff2ebf98e... (neutral, private copy per cell)
[C3 27b MCP s5551] done  calls=69 tok=6470023/45647 2345.0s
<<< C3 seed 5551 done 2026-09-10 01:37:12
>>> C3 MCP complete 2026-09-10 01:37:12
