>>> NG2 MCP seeds 4201 4202 4203  start 2026-09-04 04:20:38
[source build] 6a6a9d2f6e88 sha256=e924d1fbcdf17101... (immutable)
[source build] 6a6a9d2f6e88 sha256=e924d1fbcdf17101... (immutable)
[source build] 6a6a9d2f6e88 sha256=e924d1fbcdf17101... (immutable)
2026-09-04 04:21:09,357 [oasis.registry] INFO: Loaded discovered config: 5 backends
2026-09-04 04:21:09,367 [oasis.registry] INFO: Registered backend: 4C Multiphysics (fourc)
2026-09-04 04:21:09,371 [oasis.registry] INFO: Registered backend: FEniCSx (dolfinx) (fenics)
2026-09-04 04:21:09,376 [oasis.registry] INFO: Registered backend: deal.II (dealii)
2026-09-04 04:21:09,395 [oasis.registry] INFO: Registered backend: FEBio (febio)
2026-09-04 04:21:09,409 [oasis.registry] INFO: Registered backend: NGSolve (ngsolve)
2026-09-04 04:21:09,409 [oasis.ngsolve] INFO: NGSolve backend registered
2026-09-04 04:21:09,424 [oasis.registry] INFO: Registered backend: scikit-fem (skfem)
2026-09-04 04:21:09,425 [oasis.skfem] INFO: scikit-fem backend registered
2026-09-04 04:21:09,449 [oasis.registry] INFO: Registered backend: Kratos Multiphysics (kratos)
2026-09-04 04:21:09,449 [oasis.kratos] INFO: Kratos Multiphysics backend registered
2026-09-04 04:21:09,463 [oasis.registry] INFO: Registered backend: DUNE-fem (dune)
2026-09-04 04:21:09,463 [oasis.dune] INFO: DUNE-fem backend registered
2026-09-04 04:21:09,477 [oasis.registry] INFO: Registered backend: SPARTA (DSMC) (sparta)
2026-09-04 04:21:09,477 [oasis.sparta] INFO: SPARTA (DSMC) backend registered
2026-09-04 04:21:09,477 [oasis] INFO: Starting OASiS MCP server
2026-09-04 04:21:09,500 [oasis.registry] INFO: Loaded discovered config: 5 backends
2026-09-04 04:21:09,506 [mcp.server.lowlevel.server] INFO: Processing request of type ListToolsRequest
2026-09-04 04:21:09,510 [oasis.registry] INFO: Registered backend: 4C Multiphysics (fourc)
2026-09-04 04:21:09,514 [oasis.registry] INFO: Registered backend: FEniCSx (dolfinx) (fenics)
2026-09-04 04:21:09,519 [oasis.registry] INFO: Registered backend: deal.II (dealii)
2026-09-04 04:21:09,539 [oasis.registry] INFO: Registered backend: FEBio (febio)
2026-09-04 04:21:09,553 [oasis.registry] INFO: Registered backend: NGSolve (ngsolve)
2026-09-04 04:21:09,553 [oasis.ngsolve] INFO: NGSolve backend registered
2026-09-04 04:21:09,566 [oasis.registry] INFO: Loaded discovered config: 5 backends
2026-09-04 04:21:09,567 [oasis.registry] INFO: Registered backend: scikit-fem (skfem)
2026-09-04 04:21:09,567 [oasis.skfem] INFO: scikit-fem backend registered
2026-09-04 04:21:09,576 [oasis.registry] INFO: Registered backend: 4C Multiphysics (fourc)
2026-09-04 04:21:09,580 [oasis.registry] INFO: Registered backend: FEniCSx (dolfinx) (fenics)
2026-09-04 04:21:09,585 [oasis.registry] INFO: Registered backend: deal.II (dealii)
2026-09-04 04:21:09,589 [oasis.registry] INFO: Registered backend: Kratos Multiphysics (kratos)
2026-09-04 04:21:09,589 [oasis.kratos] INFO: Kratos Multiphysics backend registered
2026-09-04 04:21:09,605 [oasis.registry] INFO: Registered backend: DUNE-fem (dune)
2026-09-04 04:21:09,605 [oasis.dune] INFO: DUNE-fem backend registered
2026-09-04 04:21:09,605 [oasis.registry] INFO: Registered backend: FEBio (febio)
2026-09-04 04:21:09,619 [oasis.registry] INFO: Registered backend: SPARTA (DSMC) (sparta)
2026-09-04 04:21:09,619 [oasis.sparta] INFO: SPARTA (DSMC) backend registered
2026-09-04 04:21:09,619 [oasis.registry] INFO: Registered backend: NGSolve (ngsolve)
2026-09-04 04:21:09,619 [oasis] INFO: Starting OASiS MCP server
2026-09-04 04:21:09,619 [oasis.ngsolve] INFO: NGSolve backend registered
2026-09-04 04:21:09,634 [oasis.registry] INFO: Registered backend: scikit-fem (skfem)
2026-09-04 04:21:09,634 [oasis.skfem] INFO: scikit-fem backend registered
2026-09-04 04:21:09,650 [mcp.server.lowlevel.server] INFO: Processing request of type ListToolsRequest
2026-09-04 04:21:09,657 [oasis.registry] INFO: Registered backend: Kratos Multiphysics (kratos)
2026-09-04 04:21:09,657 [oasis.kratos] INFO: Kratos Multiphysics backend registered
2026-09-04 04:21:09,674 [oasis.registry] INFO: Registered backend: DUNE-fem (dune)
2026-09-04 04:21:09,674 [oasis.dune] INFO: DUNE-fem backend registered
2026-09-04 04:21:09,690 [oasis.registry] INFO: Registered backend: SPARTA (DSMC) (sparta)
2026-09-04 04:21:09,690 [oasis.sparta] INFO: SPARTA (DSMC) backend registered
2026-09-04 04:21:09,690 [oasis] INFO: Starting OASiS MCP server
2026-09-04 04:21:09,719 [mcp.server.lowlevel.server] INFO: Processing request of type ListToolsRequest
2026-09-04 04:21:20,603 [mcp.server.lowlevel.server] INFO: Processing request of type CallToolRequest
2026-09-04 04:21:21,563 [mcp.server.lowlevel.server] INFO: Processing request of type CallToolRequest
2026-09-04 04:21:22,357 [mcp.server.lowlevel.server] INFO: Processing request of type CallToolRequest
2026-09-04 04:21:49,526 [mcp.server.lowlevel.server] INFO: Processing request of type CallToolRequest
/home/alexander/Schreibtisch/ofa-v2/langgraph_eval/agent.py:820: RuntimeWarning: This package (`duckduckgo_search`) has been renamed to `ddgs`! Use `pip install ddgs` instead.
  with DDGS() as ddgs:
2026-09-04 04:21:49,596 [mcp.server.lowlevel.server] INFO: Processing request of type CallToolRequest
/home/alexander/Schreibtisch/ofa-v2/langgraph_eval/agent.py:820: RuntimeWarning: This package (`duckduckgo_search`) has been renamed to `ddgs`! Use `pip install ddgs` instead.
  with DDGS() as ddgs:
/home/alexander/Schreibtisch/ofa-v2/langgraph_eval/agent.py:820: RuntimeWarning: This package (`duckduckgo_search`) has been renamed to `ddgs`! Use `pip install ddgs` instead.
  with DDGS() as ddgs:
2026-09-04 04:22:01,700 [mcp.server.lowlevel.server] INFO: Processing request of type CallToolRequest
2026-09-04 04:22:01,706 [mcp.server.lowlevel.server] INFO: Processing request of type CallToolRequest
2026-09-04 04:22:01,774 [mcp.server.lowlevel.server] INFO: Processing request of type CallToolRequest
2026-09-04 04:22:11,220 [mcp.server.lowlevel.server] INFO: Processing request of type CallToolRequest
/home/alexander/Schreibtisch/ofa-v2/langgraph_eval/agent.py:820: RuntimeWarning: This package (`duckduckgo_search`) has been renamed to `ddgs`! Use `pip install ddgs` instead.
  with DDGS() as ddgs:
2026-09-04 04:22:11,293 [mcp.server.lowlevel.server] INFO: Processing request of type CallToolRequest
/home/alexander/Schreibtisch/ofa-v2/langgraph_eval/agent.py:820: RuntimeWarning: This package (`duckduckgo_search`) has been renamed to `ddgs`! Use `pip install ddgs` instead.
  with DDGS() as ddgs:
/home/alexander/Schreibtisch/ofa-v2/langgraph_eval/agent.py:820: RuntimeWarning: This package (`duckduckgo_search`) has been renamed to `ddgs`! Use `pip install ddgs` instead.
  with DDGS() as ddgs:
2026-09-04 04:22:12,161 [mcp.server.lowlevel.server] INFO: Processing request of type CallToolRequest
/home/alexander/Schreibtisch/ofa-v2/langgraph_eval/agent.py:820: RuntimeWarning: This package (`duckduckgo_search`) has been renamed to `ddgs`! Use `pip install ddgs` instead.
  with DDGS() as ddgs:
/home/alexander/Schreibtisch/ofa-v2/langgraph_eval/agent.py:820: RuntimeWarning: This package (`duckduckgo_search`) has been renamed to `ddgs`! Use `pip install ddgs` instead.
  with DDGS() as ddgs:
/home/alexander/Schreibtisch/ofa-v2/langgraph_eval/agent.py:820: RuntimeWarning: This package (`duckduckgo_search`) has been renamed to `ddgs`! Use `pip install ddgs` instead.
  with DDGS() as ddgs:
/home/alexander/Schreibtisch/ofa-v2/langgraph_eval/agent.py:820: RuntimeWarning: This package (`duckduckgo_search`) has been renamed to `ddgs`! Use `pip install ddgs` instead.
  with DDGS() as ddgs:
/home/alexander/Schreibtisch/ofa-v2/langgraph_eval/agent.py:820: RuntimeWarning: This package (`duckduckgo_search`) has been renamed to `ddgs`! Use `pip install ddgs` instead.
  with DDGS() as ddgs:
/home/alexander/Schreibtisch/ofa-v2/langgraph_eval/agent.py:820: RuntimeWarning: This package (`duckduckgo_search`) has been renamed to `ddgs`! Use `pip install ddgs` instead.
  with DDGS() as ddgs:
/home/alexander/Schreibtisch/ofa-v2/langgraph_eval/agent.py:820: RuntimeWarning: This package (`duckduckgo_search`) has been renamed to `ddgs`! Use `pip install ddgs` instead.
  with DDGS() as ddgs:
/home/alexander/Schreibtisch/ofa-v2/langgraph_eval/agent.py:820: RuntimeWarning: This package (`duckduckgo_search`) has been renamed to `ddgs`! Use `pip install ddgs` instead.
  with DDGS() as ddgs:
/home/alexander/Schreibtisch/ofa-v2/langgraph_eval/agent.py:820: RuntimeWarning: This package (`duckduckgo_search`) has been renamed to `ddgs`! Use `pip install ddgs` instead.
  with DDGS() as ddgs:
/home/alexander/Schreibtisch/ofa-v2/langgraph_eval/agent.py:820: RuntimeWarning: This package (`duckduckgo_search`) has been renamed to `ddgs`! Use `pip install ddgs` instead.
  with DDGS() as ddgs:
/home/alexander/Schreibtisch/ofa-v2/langgraph_eval/agent.py:820: RuntimeWarning: This package (`duckduckgo_search`) has been renamed to `ddgs`! Use `pip install ddgs` instead.
  with DDGS() as ddgs:
/home/alexander/Schreibtisch/ofa-v2/langgraph_eval/agent.py:820: RuntimeWarning: This package (`duckduckgo_search`) has been renamed to `ddgs`! Use `pip install ddgs` instead.
  with DDGS() as ddgs:
/home/alexander/Schreibtisch/ofa-v2/langgraph_eval/agent.py:820: RuntimeWarning: This package (`duckduckgo_search`) has been renamed to `ddgs`! Use `pip install ddgs` instead.
  with DDGS() as ddgs:
/home/alexander/Schreibtisch/ofa-v2/langgraph_eval/agent.py:820: RuntimeWarning: This package (`duckduckgo_search`) has been renamed to `ddgs`! Use `pip install ddgs` instead.
  with DDGS() as ddgs:
/home/alexander/Schreibtisch/ofa-v2/langgraph_eval/agent.py:820: RuntimeWarning: This package (`duckduckgo_search`) has been renamed to `ddgs`! Use `pip install ddgs` instead.
  with DDGS() as ddgs:
2026-09-04 04:22:24,042 [mcp.server.lowlevel.server] INFO: Processing request of type CallToolRequest
/home/alexander/Schreibtisch/ofa-v2/langgraph_eval/agent.py:820: RuntimeWarning: This package (`duckduckgo_search`) has been renamed to `ddgs`! Use `pip install ddgs` instead.
  with DDGS() as ddgs:
/home/alexander/Schreibtisch/ofa-v2/langgraph_eval/agent.py:820: RuntimeWarning: This package (`duckduckgo_search`) has been renamed to `ddgs`! Use `pip install ddgs` instead.
  with DDGS() as ddgs:
/home/alexander/Schreibtisch/ofa-v2/langgraph_eval/agent.py:820: RuntimeWarning: This package (`duckduckgo_search`) has been renamed to `ddgs`! Use `pip install ddgs` instead.
  with DDGS() as ddgs:
/home/alexander/Schreibtisch/ofa-v2/langgraph_eval/agent.py:820: RuntimeWarning: This package (`duckduckgo_search`) has been renamed to `ddgs`! Use `pip install ddgs` instead.
  with DDGS() as ddgs:
/home/alexander/Schreibtisch/ofa-v2/langgraph_eval/agent.py:820: RuntimeWarning: This package (`duckduckgo_search`) has been renamed to `ddgs`! Use `pip install ddgs` instead.
  with DDGS() as ddgs:
2026-09-04 04:22:28,334 [mcp.server.lowlevel.server] INFO: Processing request of type CallToolRequest
/home/alexander/Schreibtisch/ofa-v2/langgraph_eval/agent.py:820: RuntimeWarning: This package (`duckduckgo_search`) has been renamed to `ddgs`! Use `pip install ddgs` instead.
  with DDGS() as ddgs:
/home/alexander/Schreibtisch/ofa-v2/langgraph_eval/agent.py:820: RuntimeWarning: This package (`duckduckgo_search`) has been renamed to `ddgs`! Use `pip install ddgs` instead.
  with DDGS() as ddgs:
/home/alexander/Schreibtisch/ofa-v2/langgraph_eval/agent.py:820: RuntimeWarning: This package (`duckduckgo_search`) has been renamed to `ddgs`! Use `pip install ddgs` instead.
  with DDGS() as ddgs:
/home/alexander/Schreibtisch/ofa-v2/langgraph_eval/agent.py:820: RuntimeWarning: This package (`duckduckgo_search`) has been renamed to `ddgs`! Use `pip install ddgs` instead.
  with DDGS() as ddgs:
/home/alexander/Schreibtisch/ofa-v2/langgraph_eval/agent.py:820: RuntimeWarning: This package (`duckduckgo_search`) has been renamed to `ddgs`! Use `pip install ddgs` instead.
  with DDGS() as ddgs:
/home/alexander/Schreibtisch/ofa-v2/langgraph_eval/agent.py:820: RuntimeWarning: This package (`duckduckgo_search`) has been renamed to `ddgs`! Use `pip install ddgs` instead.
  with DDGS() as ddgs:
/home/alexander/Schreibtisch/ofa-v2/langgraph_eval/agent.py:820: RuntimeWarning: This package (`duckduckgo_search`) has been renamed to `ddgs`! Use `pip install ddgs` instead.
  with DDGS() as ddgs:
/home/alexander/Schreibtisch/ofa-v2/langgraph_eval/agent.py:820: RuntimeWarning: This package (`duckduckgo_search`) has been renamed to `ddgs`! Use `pip install ddgs` instead.
  with DDGS() as ddgs:
/home/alexander/Schreibtisch/ofa-v2/langgraph_eval/agent.py:820: RuntimeWarning: This package (`duckduckgo_search`) has been renamed to `ddgs`! Use `pip install ddgs` instead.
  with DDGS() as ddgs:
/home/alexander/Schreibtisch/ofa-v2/langgraph_eval/agent.py:820: RuntimeWarning: This package (`duckduckgo_search`) has been renamed to `ddgs`! Use `pip install ddgs` instead.
  with DDGS() as ddgs:
/home/alexander/Schreibtisch/ofa-v2/langgraph_eval/agent.py:820: RuntimeWarning: This package (`duckduckgo_search`) has been renamed to `ddgs`! Use `pip install ddgs` instead.
  with DDGS() as ddgs:
/home/alexander/Schreibtisch/ofa-v2/langgraph_eval/agent.py:820: RuntimeWarning: This package (`duckduckgo_search`) has been renamed to `ddgs`! Use `pip install ddgs` instead.
  with DDGS() as ddgs:
/home/alexander/Schreibtisch/ofa-v2/langgraph_eval/agent.py:820: RuntimeWarning: This package (`duckduckgo_search`) has been renamed to `ddgs`! Use `pip install ddgs` instead.
  with DDGS() as ddgs:
/home/alexander/Schreibtisch/ofa-v2/langgraph_eval/agent.py:820: RuntimeWarning: This package (`duckduckgo_search`) has been renamed to `ddgs`! Use `pip install ddgs` instead.
  with DDGS() as ddgs:
/home/alexander/Schreibtisch/ofa-v2/langgraph_eval/agent.py:820: RuntimeWarning: This package (`duckduckgo_search`) has been renamed to `ddgs`! Use `pip install ddgs` instead.
  with DDGS() as ddgs:
/home/alexander/Schreibtisch/ofa-v2/langgraph_eval/agent.py:820: RuntimeWarning: This package (`duckduckgo_search`) has been renamed to `ddgs`! Use `pip install ddgs` instead.
  with DDGS() as ddgs:
/home/alexander/Schreibtisch/ofa-v2/langgraph_eval/agent.py:820: RuntimeWarning: This package (`duckduckgo_search`) has been renamed to `ddgs`! Use `pip install ddgs` instead.
  with DDGS() as ddgs:
/home/alexander/Schreibtisch/ofa-v2/langgraph_eval/agent.py:820: RuntimeWarning: This package (`duckduckgo_search`) has been renamed to `ddgs`! Use `pip install ddgs` instead.
  with DDGS() as ddgs:
2026-09-04 04:22:52,510 [mcp.server.lowlevel.server] INFO: Processing request of type CallToolRequest
/home/alexander/Schreibtisch/ofa-v2/langgraph_eval/agent.py:895: LangGraphDeprecatedSinceV10: create_react_agent has been moved to `langchain.agents`. Please update your import to `from langchain.agents import create_agent`. Deprecated in LangGraph V1.0 to be removed in V2.0.
  sub_agent = create_react_agent(
/home/alexander/Schreibtisch/ofa-v2/langgraph_eval/agent.py:820: RuntimeWarning: This package (`duckduckgo_search`) has been renamed to `ddgs`! Use `pip install ddgs` instead.
  with DDGS() as ddgs:
/home/alexander/Schreibtisch/ofa-v2/langgraph_eval/agent.py:820: RuntimeWarning: This package (`duckduckgo_search`) has been renamed to `ddgs`! Use `pip install ddgs` instead.
  with DDGS() as ddgs:
/home/alexander/Schreibtisch/ofa-v2/langgraph_eval/agent.py:820: RuntimeWarning: This package (`duckduckgo_search`) has been renamed to `ddgs`! Use `pip install ddgs` instead.
  with DDGS() as ddgs:
2026-09-04 04:23:53,676 [mcp.server.lowlevel.server] INFO: Processing request of type CallToolRequest
2026-09-04 04:24:01,744 [mcp.server.lowlevel.server] INFO: Processing request of type CallToolRequest
2026-09-04 04:24:07,185 [mcp.server.lowlevel.server] INFO: Processing request of type CallToolRequest
2026-09-04 04:24:14,015 [mcp.server.lowlevel.server] INFO: Processing request of type CallToolRequest
2026-09-04 04:24:20,228 [mcp.server.lowlevel.server] INFO: Processing request of type CallToolRequest
2026-09-04 04:25:18,247 [mcp.server.lowlevel.server] INFO: Processing request of type CallToolRequest
2026-09-04 04:25:50,306 [mcp.server.lowlevel.server] INFO: Processing request of type CallToolRequest
2026-09-04 04:26:19,579 [mcp.server.lowlevel.server] INFO: Processing request of type CallToolRequest
2026-09-04 04:27:32,517 [mcp.server.lowlevel.server] INFO: Processing request of type CallToolRequest
2026-09-04 04:28:26,027 [mcp.server.lowlevel.server] INFO: Processing request of type CallToolRequest
2026-09-04 04:28:59,908 [mcp.server.lowlevel.server] INFO: Processing request of type CallToolRequest
2026-09-04 04:29:41,490 [mcp.server.lowlevel.server] INFO: Processing request of type CallToolRequest
2026-09-04 04:30:36,740 [mcp.server.lowlevel.server] INFO: Processing request of type CallToolRequest
2026-09-04 04:31:47,796 [mcp.server.lowlevel.server] INFO: Processing request of type CallToolRequest
2026-09-04 04:32:43,865 [mcp.server.lowlevel.server] INFO: Processing request of type CallToolRequest
/home/alexander/Schreibtisch/ofa-v2/src/tools/result_audit.py:1341: ResourceWarning: unclosed file <_io.TextIOWrapper name='/home/alexander/Schreibtisch/ofa-v2/campaign3_blind/runs/NG2_27b_MCP_seed4201/work/solution_level1.csv' mode='r' encoding='UTF-8'>
  rows = [r for r in _csv.reader(f.open())
ResourceWarning: Enable tracemalloc to get the object allocation traceback
2026-09-04 04:35:03,876 [mcp.server.lowlevel.server] INFO: Processing request of type CallToolRequest
/home/alexander/Schreibtisch/ofa-v2/src/tools/result_audit.py:1341: ResourceWarning: unclosed file <_io.TextIOWrapper name='/home/alexander/Schreibtisch/ofa-v2/campaign3_blind/runs/NG2_27b_MCP_seed4201/work/solution_level1.csv' mode='r' encoding='UTF-8'>
  rows = [r for r in _csv.reader(f.open())
ResourceWarning: Enable tracemalloc to get the object allocation traceback
2026-09-04 04:36:32,967 [mcp.server.lowlevel.server] INFO: Processing request of type CallToolRequest
2026-09-04 04:38:35,233 [mcp.server.lowlevel.server] INFO: Processing request of type CallToolRequest
2026-09-04 04:40:04,992 [mcp.server.lowlevel.server] INFO: Processing request of type CallToolRequest
/home/alexander/Schreibtisch/ofa-v2/src/tools/result_audit.py:1341: ResourceWarning: unclosed file <_io.TextIOWrapper name='/home/alexander/Schreibtisch/ofa-v2/campaign3_blind/runs/NG2_27b_MCP_seed4201/work/solution_level1.csv' mode='r' encoding='UTF-8'>
  rows = [r for r in _csv.reader(f.open())
ResourceWarning: Enable tracemalloc to get the object allocation traceback
2026-09-04 04:40:38,600 [mcp.server.lowlevel.server] INFO: Processing request of type CallToolRequest
/home/alexander/Schreibtisch/ofa-v2/src/tools/result_audit.py:1341: ResourceWarning: unclosed file <_io.TextIOWrapper name='/home/alexander/Schreibtisch/ofa-v2/campaign3_blind/runs/NG2_27b_MCP_seed4201/work/solution_level1.csv' mode='r' encoding='UTF-8'>
  rows = [r for r in _csv.reader(f.open())
ResourceWarning: Enable tracemalloc to get the object allocation traceback
/home/alexander/Schreibtisch/ofa-v2/src/tools/result_audit.py:1341: ResourceWarning: unclosed file <_io.TextIOWrapper name='/home/alexander/Schreibtisch/ofa-v2/campaign3_blind/runs/NG2_27b_MCP_seed4201/work/solution_level2.csv' mode='r' encoding='UTF-8'>
  rows = [r for r in _csv.reader(f.open())
ResourceWarning: Enable tracemalloc to get the object allocation traceback
/home/alexander/Schreibtisch/ofa-v2/src/tools/result_audit.py:1341: ResourceWarning: unclosed file <_io.TextIOWrapper name='/home/alexander/Schreibtisch/ofa-v2/campaign3_blind/runs/NG2_27b_MCP_seed4201/work/solution_level3.csv' mode='r' encoding='UTF-8'>
  rows = [r for r in _csv.reader(f.open())
ResourceWarning: Enable tracemalloc to get the object allocation traceback
2026-09-04 04:42:21,279 [mcp.server.lowlevel.server] INFO: Processing request of type CallToolRequest
/home/alexander/Schreibtisch/ofa-v2/src/tools/result_audit.py:1341: ResourceWarning: unclosed file <_io.TextIOWrapper name='/home/alexander/Schreibtisch/ofa-v2/campaign3_blind/runs/NG2_27b_MCP_seed4201/work/solution_level1.csv' mode='r' encoding='UTF-8'>
  rows = [r for r in _csv.reader(f.open())
ResourceWarning: Enable tracemalloc to get the object allocation traceback
/home/alexander/Schreibtisch/ofa-v2/src/tools/result_audit.py:1341: ResourceWarning: unclosed file <_io.TextIOWrapper name='/home/alexander/Schreibtisch/ofa-v2/campaign3_blind/runs/NG2_27b_MCP_seed4201/work/solution_level2.csv' mode='r' encoding='UTF-8'>
  rows = [r for r in _csv.reader(f.open())
ResourceWarning: Enable tracemalloc to get the object allocation traceback
/home/alexander/Schreibtisch/ofa-v2/src/tools/result_audit.py:1341: ResourceWarning: unclosed file <_io.TextIOWrapper name='/home/alexander/Schreibtisch/ofa-v2/campaign3_blind/runs/NG2_27b_MCP_seed4201/work/solution_level3.csv' mode='r' encoding='UTF-8'>
  rows = [r for r in _csv.reader(f.open())
ResourceWarning: Enable tracemalloc to get the object allocation traceback
2026-09-04 04:43:58,647 [mcp.server.lowlevel.server] INFO: Processing request of type CallToolRequest
2026-09-04 04:45:01,838 [mcp.server.lowlevel.server] INFO: Processing request of type CallToolRequest
2026-09-04 04:46:46,669 [mcp.server.lowlevel.server] INFO: Processing request of type CallToolRequest
/home/alexander/Schreibtisch/ofa-v2/src/tools/result_audit.py:1341: ResourceWarning: unclosed file <_io.TextIOWrapper name='/home/alexander/Schreibtisch/ofa-v2/campaign3_blind/runs/NG2_27b_MCP_seed4202/work/solution_level1.csv' mode='r' encoding='UTF-8'>
  rows = [r for r in _csv.reader(f.open())
ResourceWarning: Enable tracemalloc to get the object allocation traceback
/home/alexander/Schreibtisch/ofa-v2/src/tools/result_audit.py:1341: ResourceWarning: unclosed file <_io.TextIOWrapper name='/home/alexander/Schreibtisch/ofa-v2/campaign3_blind/runs/NG2_27b_MCP_seed4202/work/solution_level1.csv' mode='r' encoding='UTF-8'>
  rows = [r for r in _csv.reader(f.open())
ResourceWarning: Enable tracemalloc to get the object allocation traceback
/home/alexander/Schreibtisch/ofa-v2/src/tools/result_audit.py:1341: ResourceWarning: unclosed file <_io.TextIOWrapper name='/home/alexander/Schreibtisch/ofa-v2/campaign3_blind/runs/NG2_27b_MCP_seed4202/work/solution_level2.csv' mode='r' encoding='UTF-8'>
  rows = [r for r in _csv.reader(f.open())
ResourceWarning: Enable tracemalloc to get the object allocation traceback
/home/alexander/Schreibtisch/ofa-v2/src/tools/result_audit.py:1341: ResourceWarning: unclosed file <_io.TextIOWrapper name='/home/alexander/Schreibtisch/ofa-v2/campaign3_blind/runs/NG2_27b_MCP_seed4202/work/solution_level1.csv' mode='r' encoding='UTF-8'>
  rows = [r for r in _csv.reader(f.open())
ResourceWarning: Enable tracemalloc to get the object allocation traceback
/home/alexander/Schreibtisch/ofa-v2/src/tools/result_audit.py:1341: ResourceWarning: unclosed file <_io.TextIOWrapper name='/home/alexander/Schreibtisch/ofa-v2/campaign3_blind/runs/NG2_27b_MCP_seed4202/work/solution_level2.csv' mode='r' encoding='UTF-8'>
  rows = [r for r in _csv.reader(f.open())
ResourceWarning: Enable tracemalloc to get the object allocation traceback
/home/alexander/Schreibtisch/ofa-v2/src/tools/result_audit.py:1341: ResourceWarning: unclosed file <_io.TextIOWrapper name='/home/alexander/Schreibtisch/ofa-v2/campaign3_blind/runs/NG2_27b_MCP_seed4202/work/solution_level3.csv' mode='r' encoding='UTF-8'>
  rows = [r for r in _csv.reader(f.open())
ResourceWarning: Enable tracemalloc to get the object allocation traceback
2026-09-04 04:48:12,185 [mcp.server.lowlevel.server] INFO: Processing request of type CallToolRequest
2026-09-04 04:48:21,826 [mcp.server.lowlevel.server] INFO: Processing request of type CallToolRequest
/home/alexander/Schreibtisch/ofa-v2/src/tools/result_audit.py:534: ResourceWarning: unclosed file <_io.TextIOWrapper name='/home/alexander/Schreibtisch/ofa-v2/campaign3_blind/runs/NG2_27b_MCP_seed4202/work/solution_level1.csv' mode='r' encoding='UTF-8'>
  rows = sum(1 for _ in open(sol0[0], errors="ignore")) - 1
ResourceWarning: Enable tracemalloc to get the object allocation traceback
/home/alexander/Schreibtisch/ofa-v2/src/tools/result_audit.py:1341: ResourceWarning: unclosed file <_io.TextIOWrapper name='/home/alexander/Schreibtisch/ofa-v2/campaign3_blind/runs/NG2_27b_MCP_seed4202/work/solution_level1.csv' mode='r' encoding='UTF-8'>
  rows = [r for r in _csv.reader(f.open())
ResourceWarning: Enable tracemalloc to get the object allocation traceback
/home/alexander/Schreibtisch/ofa-v2/src/tools/result_audit.py:1341: ResourceWarning: unclosed file <_io.TextIOWrapper name='/home/alexander/Schreibtisch/ofa-v2/campaign3_blind/runs/NG2_27b_MCP_seed4202/work/solution_level2.csv' mode='r' encoding='UTF-8'>
  rows = [r for r in _csv.reader(f.open())
ResourceWarning: Enable tracemalloc to get the object allocation traceback
/home/alexander/Schreibtisch/ofa-v2/src/tools/result_audit.py:1341: ResourceWarning: unclosed file <_io.TextIOWrapper name='/home/alexander/Schreibtisch/ofa-v2/campaign3_blind/runs/NG2_27b_MCP_seed4202/work/solution_level3.csv' mode='r' encoding='UTF-8'>
  rows = [r for r in _csv.reader(f.open())
ResourceWarning: Enable tracemalloc to get the object allocation traceback
2026-09-04 04:48:46,179 [mcp.server.lowlevel.server] INFO: Processing request of type CallToolRequest
/home/alexander/Schreibtisch/ofa-v2/src/tools/result_audit.py:1341: ResourceWarning: unclosed file <_io.TextIOWrapper name='/home/alexander/Schreibtisch/ofa-v2/campaign3_blind/runs/NG2_27b_MCP_seed4201/work/solution_level1.csv' mode='r' encoding='UTF-8'>
  rows = [r for r in _csv.reader(f.open())
ResourceWarning: Enable tracemalloc to get the object allocation traceback
/home/alexander/Schreibtisch/ofa-v2/src/tools/result_audit.py:1341: ResourceWarning: unclosed file <_io.TextIOWrapper name='/home/alexander/Schreibtisch/ofa-v2/campaign3_blind/runs/NG2_27b_MCP_seed4201/work/solution_level2.csv' mode='r' encoding='UTF-8'>
  rows = [r for r in _csv.reader(f.open())
ResourceWarning: Enable tracemalloc to get the object allocation traceback
/home/alexander/Schreibtisch/ofa-v2/src/tools/result_audit.py:1341: ResourceWarning: unclosed file <_io.TextIOWrapper name='/home/alexander/Schreibtisch/ofa-v2/campaign3_blind/runs/NG2_27b_MCP_seed4201/work/solution_level3.csv' mode='r' encoding='UTF-8'>
  rows = [r for r in _csv.reader(f.open())
ResourceWarning: Enable tracemalloc to get the object allocation traceback
2026-09-04 04:49:00,916 [oasis] INFO: Session journal saved: /tmp/oasis-source/data/sessions/session_c234b719-f656-4bc9-b099-78c5d9b9519e.json (4 events)
[preflight] custody controls verified for 1 problem(s); keys sealed and unreadable by execution
[phase: development] results are for post-mortems and convergence checking, NOT for the paper's evaluation table.
[DUNE cache] sha256=dc2d5b8ff2ebf98e... (neutral, private copy per cell)
[NG2 27b MCP s4202] done  calls=64 tok=5437772/72245 1674.3s
/home/alexander/.local/share/python/cpython-3.12.13-linux-x86_64-gnu/lib/python3.12/asyncio/selector_events.py:879: ResourceWarning: unclosed transport <_SelectorSocketTransport fd=9>
<<< NG2 seed 4202 done 2026-09-04 04:49:01
/home/alexander/Schreibtisch/ofa-v2/src/tools/result_audit.py:534: ResourceWarning: unclosed file <_io.TextIOWrapper name='/home/alexander/Schreibtisch/ofa-v2/campaign3_blind/runs/NG2_27b_MCP_seed4201/work/solution_level1.csv' mode='r' encoding='UTF-8'>
  rows = sum(1 for _ in open(sol0[0], errors="ignore")) - 1
ResourceWarning: Enable tracemalloc to get the object allocation traceback
/home/alexander/Schreibtisch/ofa-v2/src/tools/result_audit.py:1341: ResourceWarning: unclosed file <_io.TextIOWrapper name='/home/alexander/Schreibtisch/ofa-v2/campaign3_blind/runs/NG2_27b_MCP_seed4201/work/solution_level1.csv' mode='r' encoding='UTF-8'>
  rows = [r for r in _csv.reader(f.open())
ResourceWarning: Enable tracemalloc to get the object allocation traceback
/home/alexander/Schreibtisch/ofa-v2/src/tools/result_audit.py:1341: ResourceWarning: unclosed file <_io.TextIOWrapper name='/home/alexander/Schreibtisch/ofa-v2/campaign3_blind/runs/NG2_27b_MCP_seed4201/work/solution_level2.csv' mode='r' encoding='UTF-8'>
  rows = [r for r in _csv.reader(f.open())
ResourceWarning: Enable tracemalloc to get the object allocation traceback
/home/alexander/Schreibtisch/ofa-v2/src/tools/result_audit.py:1341: ResourceWarning: unclosed file <_io.TextIOWrapper name='/home/alexander/Schreibtisch/ofa-v2/campaign3_blind/runs/NG2_27b_MCP_seed4201/work/solution_level3.csv' mode='r' encoding='UTF-8'>
  rows = [r for r in _csv.reader(f.open())
ResourceWarning: Enable tracemalloc to get the object allocation traceback
2026-09-04 04:50:32,654 [oasis] INFO: Session journal saved: /tmp/oasis-source/data/sessions/session_1f40f81e-1260-4f0e-94b9-1190dd666128.json (9 events)
[preflight] custody controls verified for 1 problem(s); keys sealed and unreadable by execution
[phase: development] results are for post-mortems and convergence checking, NOT for the paper's evaluation table.
[DUNE cache] sha256=dc2d5b8ff2ebf98e... (neutral, private copy per cell)
[NG2 27b MCP s4201] done  calls=61 tok=4583286/75815 1765.9s
/home/alexander/.local/share/python/cpython-3.12.13-linux-x86_64-gnu/lib/python3.12/asyncio/selector_events.py:879: ResourceWarning: unclosed transport <_SelectorSocketTransport fd=9>
<<< NG2 seed 4201 done 2026-09-04 04:50:33
2026-09-04 04:51:01,170 [mcp.server.lowlevel.server] INFO: Processing request of type CallToolRequest
2026-09-04 04:52:13,037 [mcp.server.lowlevel.server] INFO: Processing request of type CallToolRequest
2026-09-04 04:53:48,724 [mcp.server.lowlevel.server] INFO: Processing request of type CallToolRequest
2026-09-04 04:58:01,943 [mcp.server.lowlevel.server] INFO: Processing request of type CallToolRequest
2026-09-04 04:58:20,686 [oasis] INFO: Session journal saved: /tmp/oasis-source/data/sessions/session_9227d18e-c4f8-4fad-8a02-391db6c95d5c.json (25 events)
[preflight] custody controls verified for 1 problem(s); keys sealed and unreadable by execution
[phase: development] results are for post-mortems and convergence checking, NOT for the paper's evaluation table.
[DUNE cache] sha256=dc2d5b8ff2ebf98e... (neutral, private copy per cell)
[NG2 27b MCP s4203] done  calls=58 tok=5974993/116274 2233.8s
/home/alexander/.local/share/python/cpython-3.12.13-linux-x86_64-gnu/lib/python3.12/asyncio/selector_events.py:879: ResourceWarning: unclosed transport <_SelectorSocketTransport fd=9>
<<< NG2 seed 4203 done 2026-09-04 04:58:21
>>> NG2 MCP complete 2026-09-04 04:58:21
>>> NG2 MCP seeds 4301 4302 4303  start 2026-09-04 05:08:39
[source build] e27ba0886fce sha256=8617afc561787638... (immutable)
[source build] e27ba0886fce sha256=8617afc561787638... (immutable)
[source build] e27ba0886fce sha256=8617afc561787638... (immutable)
2026-09-04 05:09:10,672 [oasis.registry] INFO: Loaded discovered config: 5 backends
2026-09-04 05:09:10,682 [oasis.registry] INFO: Registered backend: 4C Multiphysics (fourc)
2026-09-04 05:09:10,687 [oasis.registry] INFO: Registered backend: FEniCSx (dolfinx) (fenics)
2026-09-04 05:09:10,692 [oasis.registry] INFO: Registered backend: deal.II (dealii)
2026-09-04 05:09:10,712 [oasis.registry] INFO: Registered backend: FEBio (febio)
2026-09-04 05:09:10,727 [oasis.registry] INFO: Registered backend: NGSolve (ngsolve)
2026-09-04 05:09:10,727 [oasis.ngsolve] INFO: NGSolve backend registered
2026-09-04 05:09:10,741 [oasis.registry] INFO: Registered backend: scikit-fem (skfem)
2026-09-04 05:09:10,741 [oasis.skfem] INFO: scikit-fem backend registered
2026-09-04 05:09:10,763 [oasis.registry] INFO: Registered backend: Kratos Multiphysics (kratos)
2026-09-04 05:09:10,763 [oasis.kratos] INFO: Kratos Multiphysics backend registered
2026-09-04 05:09:10,764 [oasis.registry] INFO: Loaded discovered config: 5 backends
2026-09-04 05:09:10,775 [oasis.registry] INFO: Registered backend: 4C Multiphysics (fourc)
2026-09-04 05:09:10,778 [oasis.registry] INFO: Registered backend: DUNE-fem (dune)
2026-09-04 05:09:10,778 [oasis.dune] INFO: DUNE-fem backend registered
2026-09-04 05:09:10,779 [oasis.registry] INFO: Registered backend: FEniCSx (dolfinx) (fenics)
2026-09-04 05:09:10,784 [oasis.registry] INFO: Registered backend: deal.II (dealii)
2026-09-04 05:09:10,793 [oasis.registry] INFO: Registered backend: SPARTA (DSMC) (sparta)
2026-09-04 05:09:10,793 [oasis.sparta] INFO: SPARTA (DSMC) backend registered
2026-09-04 05:09:10,793 [oasis] INFO: Starting OASiS MCP server
2026-09-04 05:09:10,803 [oasis.registry] INFO: Registered backend: FEBio (febio)
2026-09-04 05:09:10,815 [oasis.registry] INFO: Loaded discovered config: 5 backends
2026-09-04 05:09:10,817 [oasis.registry] INFO: Registered backend: NGSolve (ngsolve)
2026-09-04 05:09:10,817 [oasis.ngsolve] INFO: NGSolve backend registered
2026-09-04 05:09:10,821 [mcp.server.lowlevel.server] INFO: Processing request of type ListToolsRequest
2026-09-04 05:09:10,826 [oasis.registry] INFO: Registered backend: 4C Multiphysics (fourc)
2026-09-04 05:09:10,829 [oasis.registry] INFO: Registered backend: FEniCSx (dolfinx) (fenics)
2026-09-04 05:09:10,831 [oasis.registry] INFO: Registered backend: scikit-fem (skfem)
2026-09-04 05:09:10,831 [oasis.skfem] INFO: scikit-fem backend registered
2026-09-04 05:09:10,834 [oasis.registry] INFO: Registered backend: deal.II (dealii)
2026-09-04 05:09:10,853 [oasis.registry] INFO: Registered backend: Kratos Multiphysics (kratos)
2026-09-04 05:09:10,853 [oasis.kratos] INFO: Kratos Multiphysics backend registered
2026-09-04 05:09:10,853 [oasis.registry] INFO: Registered backend: FEBio (febio)
2026-09-04 05:09:10,867 [oasis.registry] INFO: Registered backend: NGSolve (ngsolve)
2026-09-04 05:09:10,867 [oasis.ngsolve] INFO: NGSolve backend registered
2026-09-04 05:09:10,869 [oasis.registry] INFO: Registered backend: DUNE-fem (dune)
2026-09-04 05:09:10,869 [oasis.dune] INFO: DUNE-fem backend registered
2026-09-04 05:09:10,881 [oasis.registry] INFO: Registered backend: scikit-fem (skfem)
2026-09-04 05:09:10,881 [oasis.skfem] INFO: scikit-fem backend registered
2026-09-04 05:09:10,883 [oasis.registry] INFO: Registered backend: SPARTA (DSMC) (sparta)
2026-09-04 05:09:10,883 [oasis.sparta] INFO: SPARTA (DSMC) backend registered
2026-09-04 05:09:10,883 [oasis] INFO: Starting OASiS MCP server
2026-09-04 05:09:10,903 [oasis.registry] INFO: Registered backend: Kratos Multiphysics (kratos)
2026-09-04 05:09:10,903 [oasis.kratos] INFO: Kratos Multiphysics backend registered
2026-09-04 05:09:10,911 [mcp.server.lowlevel.server] INFO: Processing request of type ListToolsRequest
2026-09-04 05:09:10,917 [oasis.registry] INFO: Registered backend: DUNE-fem (dune)
2026-09-04 05:09:10,918 [oasis.dune] INFO: DUNE-fem backend registered
2026-09-04 05:09:10,932 [oasis.registry] INFO: Registered backend: SPARTA (DSMC) (sparta)
2026-09-04 05:09:10,932 [oasis.sparta] INFO: SPARTA (DSMC) backend registered
2026-09-04 05:09:10,932 [oasis] INFO: Starting OASiS MCP server
2026-09-04 05:09:10,963 [mcp.server.lowlevel.server] INFO: Processing request of type ListToolsRequest
2026-09-04 05:09:17,968 [mcp.server.lowlevel.server] INFO: Processing request of type CallToolRequest
2026-09-04 05:09:20,594 [mcp.server.lowlevel.server] INFO: Processing request of type CallToolRequest
2026-09-04 05:09:22,127 [mcp.server.lowlevel.server] INFO: Processing request of type CallToolRequest
2026-09-04 05:09:44,049 [mcp.server.lowlevel.server] INFO: Processing request of type CallToolRequest
/home/alexander/Schreibtisch/ofa-v2/langgraph_eval/agent.py:820: RuntimeWarning: This package (`duckduckgo_search`) has been renamed to `ddgs`! Use `pip install ddgs` instead.
  with DDGS() as ddgs:
2026-09-04 05:09:44,117 [mcp.server.lowlevel.server] INFO: Processing request of type CallToolRequest
/home/alexander/Schreibtisch/ofa-v2/langgraph_eval/agent.py:820: RuntimeWarning: This package (`duckduckgo_search`) has been renamed to `ddgs`! Use `pip install ddgs` instead.
  with DDGS() as ddgs:
2026-09-04 05:09:49,274 [mcp.server.lowlevel.server] INFO: Processing request of type CallToolRequest
2026-09-04 05:09:49,278 [mcp.server.lowlevel.server] INFO: Processing request of type CallToolRequest
/home/alexander/Schreibtisch/ofa-v2/langgraph_eval/agent.py:820: RuntimeWarning: This package (`duckduckgo_search`) has been renamed to `ddgs`! Use `pip install ddgs` instead.
  with DDGS() as ddgs:
2026-09-04 05:09:52,071 [mcp.server.lowlevel.server] INFO: Processing request of type CallToolRequest
2026-09-04 05:09:52,076 [mcp.server.lowlevel.server] INFO: Processing request of type CallToolRequest
2026-09-04 05:09:52,111 [mcp.server.lowlevel.server] INFO: Processing request of type CallToolRequest
/home/alexander/Schreibtisch/ofa-v2/langgraph_eval/agent.py:820: RuntimeWarning: This package (`duckduckgo_search`) has been renamed to `ddgs`! Use `pip install ddgs` instead.
  with DDGS() as ddgs:
2026-09-04 05:10:00,020 [mcp.server.lowlevel.server] INFO: Processing request of type CallToolRequest
/home/alexander/Schreibtisch/ofa-v2/langgraph_eval/agent.py:820: RuntimeWarning: This package (`duckduckgo_search`) has been renamed to `ddgs`! Use `pip install ddgs` instead.
  with DDGS() as ddgs:
/home/alexander/Schreibtisch/ofa-v2/langgraph_eval/agent.py:820: RuntimeWarning: This package (`duckduckgo_search`) has been renamed to `ddgs`! Use `pip install ddgs` instead.
  with DDGS() as ddgs:
/home/alexander/Schreibtisch/ofa-v2/langgraph_eval/agent.py:820: RuntimeWarning: This package (`duckduckgo_search`) has been renamed to `ddgs`! Use `pip install ddgs` instead.
  with DDGS() as ddgs:
2026-09-04 05:10:04,325 [mcp.server.lowlevel.server] INFO: Processing request of type CallToolRequest
/home/alexander/Schreibtisch/ofa-v2/langgraph_eval/agent.py:820: RuntimeWarning: This package (`duckduckgo_search`) has been renamed to `ddgs`! Use `pip install ddgs` instead.
  with DDGS() as ddgs:
/home/alexander/Schreibtisch/ofa-v2/langgraph_eval/agent.py:820: RuntimeWarning: This package (`duckduckgo_search`) has been renamed to `ddgs`! Use `pip install ddgs` instead.
  with DDGS() as ddgs:
2026-09-04 05:10:11,001 [mcp.server.lowlevel.server] INFO: Processing request of type CallToolRequest
/home/alexander/Schreibtisch/ofa-v2/langgraph_eval/agent.py:820: RuntimeWarning: This package (`duckduckgo_search`) has been renamed to `ddgs`! Use `pip install ddgs` instead.
  with DDGS() as ddgs:
/home/alexander/Schreibtisch/ofa-v2/langgraph_eval/agent.py:820: RuntimeWarning: This package (`duckduckgo_search`) has been renamed to `ddgs`! Use `pip install ddgs` instead.
  with DDGS() as ddgs:
/home/alexander/Schreibtisch/ofa-v2/langgraph_eval/agent.py:820: RuntimeWarning: This package (`duckduckgo_search`) has been renamed to `ddgs`! Use `pip install ddgs` instead.
  with DDGS() as ddgs:
/home/alexander/Schreibtisch/ofa-v2/langgraph_eval/agent.py:820: RuntimeWarning: This package (`duckduckgo_search`) has been renamed to `ddgs`! Use `pip install ddgs` instead.
  with DDGS() as ddgs:
/home/alexander/Schreibtisch/ofa-v2/langgraph_eval/agent.py:895: LangGraphDeprecatedSinceV10: create_react_agent has been moved to `langchain.agents`. Please update your import to `from langchain.agents import create_agent`. Deprecated in LangGraph V1.0 to be removed in V2.0.
  sub_agent = create_react_agent(
/home/alexander/Schreibtisch/ofa-v2/langgraph_eval/agent.py:820: RuntimeWarning: This package (`duckduckgo_search`) has been renamed to `ddgs`! Use `pip install ddgs` instead.
  with DDGS() as ddgs:
/home/alexander/Schreibtisch/ofa-v2/langgraph_eval/agent.py:820: RuntimeWarning: This package (`duckduckgo_search`) has been renamed to `ddgs`! Use `pip install ddgs` instead.
  with DDGS() as ddgs:
/home/alexander/Schreibtisch/ofa-v2/langgraph_eval/agent.py:820: RuntimeWarning: This package (`duckduckgo_search`) has been renamed to `ddgs`! Use `pip install ddgs` instead.
  with DDGS() as ddgs:
2026-09-04 05:11:43,967 [mcp.server.lowlevel.server] INFO: Processing request of type CallToolRequest
2026-09-04 05:11:51,048 [mcp.server.lowlevel.server] INFO: Processing request of type CallToolRequest
2026-09-04 05:12:40,943 [mcp.server.lowlevel.server] INFO: Processing request of type CallToolRequest
2026-09-04 05:13:13,841 [mcp.server.lowlevel.server] INFO: Processing request of type CallToolRequest
2026-09-04 05:14:13,143 [mcp.server.lowlevel.server] INFO: Processing request of type CallToolRequest
2026-09-04 05:14:18,748 [mcp.server.lowlevel.server] INFO: Processing request of type CallToolRequest
2026-09-04 05:14:19,087 [mcp.server.lowlevel.server] INFO: Processing request of type CallToolRequest
2026-09-04 05:14:29,100 [mcp.server.lowlevel.server] INFO: Processing request of type CallToolRequest
2026-09-04 05:14:44,009 [mcp.server.lowlevel.server] INFO: Processing request of type CallToolRequest
2026-09-04 05:14:47,424 [mcp.server.lowlevel.server] INFO: Processing request of type CallToolRequest
2026-09-04 05:14:56,724 [mcp.server.lowlevel.server] INFO: Processing request of type CallToolRequest
2026-09-04 05:16:08,038 [mcp.server.lowlevel.server] INFO: Processing request of type CallToolRequest
/home/alexander/Schreibtisch/ofa-v2/src/tools/result_audit.py:1341: ResourceWarning: unclosed file <_io.TextIOWrapper name='/home/alexander/Schreibtisch/ofa-v2/campaign3_blind/runs/NG2_27b_MCP_seed4302/work/solution_level8.csv' mode='r' encoding='UTF-8'>
  rows = [r for r in _csv.reader(f.open())
ResourceWarning: Enable tracemalloc to get the object allocation traceback
/home/alexander/Schreibtisch/ofa-v2/src/tools/result_audit.py:1341: ResourceWarning: unclosed file <_io.TextIOWrapper name='/home/alexander/Schreibtisch/ofa-v2/campaign3_blind/runs/NG2_27b_MCP_seed4302/work/solution_level1.csv' mode='r' encoding='UTF-8'>
  rows = [r for r in _csv.reader(f.open())
ResourceWarning: Enable tracemalloc to get the object allocation traceback
/home/alexander/Schreibtisch/ofa-v2/src/tools/result_audit.py:1341: ResourceWarning: unclosed file <_io.TextIOWrapper name='/home/alexander/Schreibtisch/ofa-v2/campaign3_blind/runs/NG2_27b_MCP_seed4302/work/solution_level8.csv' mode='r' encoding='UTF-8'>
  rows = [r for r in _csv.reader(f.open())
ResourceWarning: Enable tracemalloc to get the object allocation traceback
2026-09-04 05:18:03,916 [mcp.server.lowlevel.server] INFO: Processing request of type CallToolRequest
2026-09-04 05:19:08,338 [mcp.server.lowlevel.server] INFO: Processing request of type CallToolRequest
2026-09-04 05:20:21,799 [mcp.server.lowlevel.server] INFO: Processing request of type CallToolRequest
2026-09-04 05:21:21,871 [mcp.server.lowlevel.server] INFO: Processing request of type CallToolRequest
2026-09-04 05:22:13,560 [mcp.server.lowlevel.server] INFO: Processing request of type CallToolRequest
/home/alexander/Schreibtisch/ofa-v2/src/tools/result_audit.py:1341: ResourceWarning: unclosed file <_io.TextIOWrapper name='/home/alexander/Schreibtisch/ofa-v2/campaign3_blind/runs/NG2_27b_MCP_seed4302/work/solution_level1.csv' mode='r' encoding='UTF-8'>
  rows = [r for r in _csv.reader(f.open())
ResourceWarning: Enable tracemalloc to get the object allocation traceback
/home/alexander/Schreibtisch/ofa-v2/src/tools/result_audit.py:1341: ResourceWarning: unclosed file <_io.TextIOWrapper name='/home/alexander/Schreibtisch/ofa-v2/campaign3_blind/runs/NG2_27b_MCP_seed4302/work/solution_level2.csv' mode='r' encoding='UTF-8'>
  rows = [r for r in _csv.reader(f.open())
ResourceWarning: Enable tracemalloc to get the object allocation traceback
/home/alexander/Schreibtisch/ofa-v2/src/tools/result_audit.py:1341: ResourceWarning: unclosed file <_io.TextIOWrapper name='/home/alexander/Schreibtisch/ofa-v2/campaign3_blind/runs/NG2_27b_MCP_seed4302/work/solution_level3.csv' mode='r' encoding='UTF-8'>
  rows = [r for r in _csv.reader(f.open())
ResourceWarning: Enable tracemalloc to get the object allocation traceback
/home/alexander/Schreibtisch/ofa-v2/src/tools/result_audit.py:1341: ResourceWarning: unclosed file <_io.TextIOWrapper name='/home/alexander/Schreibtisch/ofa-v2/campaign3_blind/runs/NG2_27b_MCP_seed4302/work/solution_level8.csv' mode='r' encoding='UTF-8'>
  rows = [r for r in _csv.reader(f.open())
ResourceWarning: Enable tracemalloc to get the object allocation traceback
/home/alexander/Schreibtisch/ofa-v2/src/tools/result_audit.py:1341: ResourceWarning: unclosed file <_io.TextIOWrapper name='/home/alexander/Schreibtisch/ofa-v2/campaign3_blind/runs/NG2_27b_MCP_seed4302/work/solution_level1.csv' mode='r' encoding='UTF-8'>
  rows = [r for r in _csv.reader(f.open())
ResourceWarning: Enable tracemalloc to get the object allocation traceback
/home/alexander/Schreibtisch/ofa-v2/src/tools/result_audit.py:1341: ResourceWarning: unclosed file <_io.TextIOWrapper name='/home/alexander/Schreibtisch/ofa-v2/campaign3_blind/runs/NG2_27b_MCP_seed4302/work/solution_level2.csv' mode='r' encoding='UTF-8'>
  rows = [r for r in _csv.reader(f.open())
ResourceWarning: Enable tracemalloc to get the object allocation traceback
/home/alexander/Schreibtisch/ofa-v2/src/tools/result_audit.py:1341: ResourceWarning: unclosed file <_io.TextIOWrapper name='/home/alexander/Schreibtisch/ofa-v2/campaign3_blind/runs/NG2_27b_MCP_seed4302/work/solution_level3.csv' mode='r' encoding='UTF-8'>
  rows = [r for r in _csv.reader(f.open())
ResourceWarning: Enable tracemalloc to get the object allocation traceback
/home/alexander/Schreibtisch/ofa-v2/src/tools/result_audit.py:1341: ResourceWarning: unclosed file <_io.TextIOWrapper name='/home/alexander/Schreibtisch/ofa-v2/campaign3_blind/runs/NG2_27b_MCP_seed4302/work/solution_level8.csv' mode='r' encoding='UTF-8'>
  rows = [r for r in _csv.reader(f.open())
ResourceWarning: Enable tracemalloc to get the object allocation traceback
/home/alexander/Schreibtisch/ofa-v2/src/tools/result_audit.py:1341: ResourceWarning: unclosed file <_io.TextIOWrapper name='/home/alexander/Schreibtisch/ofa-v2/campaign3_blind/runs/NG2_27b_MCP_seed4302/work/solution_level1.csv' mode='r' encoding='UTF-8'>
  rows = [r for r in _csv.reader(f.open())
ResourceWarning: Enable tracemalloc to get the object allocation traceback
/home/alexander/Schreibtisch/ofa-v2/src/tools/result_audit.py:1341: ResourceWarning: unclosed file <_io.TextIOWrapper name='/home/alexander/Schreibtisch/ofa-v2/campaign3_blind/runs/NG2_27b_MCP_seed4302/work/solution_level2.csv' mode='r' encoding='UTF-8'>
  rows = [r for r in _csv.reader(f.open())
ResourceWarning: Enable tracemalloc to get the object allocation traceback
/home/alexander/Schreibtisch/ofa-v2/src/tools/result_audit.py:1341: ResourceWarning: unclosed file <_io.TextIOWrapper name='/home/alexander/Schreibtisch/ofa-v2/campaign3_blind/runs/NG2_27b_MCP_seed4302/work/solution_level3.csv' mode='r' encoding='UTF-8'>
  rows = [r for r in _csv.reader(f.open())
ResourceWarning: Enable tracemalloc to get the object allocation traceback
/home/alexander/Schreibtisch/ofa-v2/src/tools/result_audit.py:1341: ResourceWarning: unclosed file <_io.TextIOWrapper name='/home/alexander/Schreibtisch/ofa-v2/campaign3_blind/runs/NG2_27b_MCP_seed4302/work/solution_level8.csv' mode='r' encoding='UTF-8'>
  rows = [r for r in _csv.reader(f.open())
ResourceWarning: Enable tracemalloc to get the object allocation traceback
/home/alexander/Schreibtisch/ofa-v2/src/tools/result_audit.py:534: ResourceWarning: unclosed file <_io.TextIOWrapper name='/home/alexander/Schreibtisch/ofa-v2/campaign3_blind/runs/NG2_27b_MCP_seed4302/work/solution_level1.csv' mode='r' encoding='UTF-8'>
  rows = sum(1 for _ in open(sol0[0], errors="ignore")) - 1
ResourceWarning: Enable tracemalloc to get the object allocation traceback
/home/alexander/Schreibtisch/ofa-v2/src/tools/result_audit.py:1341: ResourceWarning: unclosed file <_io.TextIOWrapper name='/home/alexander/Schreibtisch/ofa-v2/campaign3_blind/runs/NG2_27b_MCP_seed4302/work/solution_level1.csv' mode='r' encoding='UTF-8'>
  rows = [r for r in _csv.reader(f.open())
ResourceWarning: Enable tracemalloc to get the object allocation traceback
/home/alexander/Schreibtisch/ofa-v2/src/tools/result_audit.py:1341: ResourceWarning: unclosed file <_io.TextIOWrapper name='/home/alexander/Schreibtisch/ofa-v2/campaign3_blind/runs/NG2_27b_MCP_seed4302/work/solution_level2.csv' mode='r' encoding='UTF-8'>
  rows = [r for r in _csv.reader(f.open())
ResourceWarning: Enable tracemalloc to get the object allocation traceback
/home/alexander/Schreibtisch/ofa-v2/src/tools/result_audit.py:1341: ResourceWarning: unclosed file <_io.TextIOWrapper name='/home/alexander/Schreibtisch/ofa-v2/campaign3_blind/runs/NG2_27b_MCP_seed4302/work/solution_level3.csv' mode='r' encoding='UTF-8'>
  rows = [r for r in _csv.reader(f.open())
ResourceWarning: Enable tracemalloc to get the object allocation traceback
2026-09-04 05:24:22,127 [mcp.server.lowlevel.server] INFO: Processing request of type CallToolRequest
2026-09-04 05:24:46,243 [oasis] INFO: Session journal saved: /tmp/oasis-source/data/sessions/session_bcf11e51-0935-4cf5-9f60-24d038e919fa.json (3 events)
[preflight] custody controls verified for 1 problem(s); keys sealed and unreadable by execution
[phase: development] results are for post-mortems and convergence checking, NOT for the paper's evaluation table.
[DUNE cache] sha256=dc2d5b8ff2ebf98e... (neutral, private copy per cell)
[NG2 27b MCP s4302] done  calls=61 tok=4309749/60423 938.3s
/home/alexander/.local/share/python/cpython-3.12.13-linux-x86_64-gnu/lib/python3.12/asyncio/selector_events.py:879: ResourceWarning: unclosed transport <_SelectorSocketTransport fd=9>
<<< NG2 seed 4302 done 2026-09-04 05:24:47
2026-09-04 05:25:09,268 [mcp.server.lowlevel.server] INFO: Processing request of type CallToolRequest
2026-09-04 05:26:32,270 [mcp.server.lowlevel.server] INFO: Processing request of type CallToolRequest
/home/alexander/Schreibtisch/ofa-v2/src/tools/result_audit.py:1341: ResourceWarning: unclosed file <_io.TextIOWrapper name='/home/alexander/Schreibtisch/ofa-v2/campaign3_blind/runs/NG2_27b_MCP_seed4301/work/simulation_outputs/ns_level1_h1_8/solution_level1.csv' mode='r' encoding='UTF-8'>
  rows = [r for r in _csv.reader(f.open())
ResourceWarning: Enable tracemalloc to get the object allocation traceback
2026-09-04 05:27:48,025 [mcp.server.lowlevel.server] INFO: Processing request of type CallToolRequest
/home/alexander/Schreibtisch/ofa-v2/src/tools/result_audit.py:1341: ResourceWarning: unclosed file <_io.TextIOWrapper name='/home/alexander/Schreibtisch/ofa-v2/campaign3_blind/runs/NG2_27b_MCP_seed4301/work/simulation_outputs/ns_level1_h1_8/solution_level1.csv' mode='r' encoding='UTF-8'>
  rows = [r for r in _csv.reader(f.open())
ResourceWarning: Enable tracemalloc to get the object allocation traceback
/home/alexander/Schreibtisch/ofa-v2/src/tools/result_audit.py:1341: ResourceWarning: unclosed file <_io.TextIOWrapper name='/home/alexander/Schreibtisch/ofa-v2/campaign3_blind/runs/NG2_27b_MCP_seed4301/work/simulation_outputs/ns_level2_h1_16/solution_level2.csv' mode='r' encoding='UTF-8'>
  rows = [r for r in _csv.reader(f.open())
ResourceWarning: Enable tracemalloc to get the object allocation traceback
2026-09-04 05:28:49,369 [mcp.server.lowlevel.server] INFO: Processing request of type CallToolRequest
/home/alexander/Schreibtisch/ofa-v2/src/tools/result_audit.py:1341: ResourceWarning: unclosed file <_io.TextIOWrapper name='/home/alexander/Schreibtisch/ofa-v2/campaign3_blind/runs/NG2_27b_MCP_seed4301/work/simulation_outputs/ns_level1_h1_8/solution_level1.csv' mode='r' encoding='UTF-8'>
  rows = [r for r in _csv.reader(f.open())
ResourceWarning: Enable tracemalloc to get the object allocation traceback
/home/alexander/Schreibtisch/ofa-v2/src/tools/result_audit.py:1341: ResourceWarning: unclosed file <_io.TextIOWrapper name='/home/alexander/Schreibtisch/ofa-v2/campaign3_blind/runs/NG2_27b_MCP_seed4301/work/simulation_outputs/ns_level2_h1_16/solution_level2.csv' mode='r' encoding='UTF-8'>
  rows = [r for r in _csv.reader(f.open())
ResourceWarning: Enable tracemalloc to get the object allocation traceback
/home/alexander/Schreibtisch/ofa-v2/src/tools/result_audit.py:1341: ResourceWarning: unclosed file <_io.TextIOWrapper name='/home/alexander/Schreibtisch/ofa-v2/campaign3_blind/runs/NG2_27b_MCP_seed4301/work/simulation_outputs/ns_level3_h1_32/solution_level3.csv' mode='r' encoding='UTF-8'>
  rows = [r for r in _csv.reader(f.open())
ResourceWarning: Enable tracemalloc to get the object allocation traceback
/home/alexander/Schreibtisch/ofa-v2/src/tools/result_audit.py:1341: ResourceWarning: unclosed file <_io.TextIOWrapper name='/home/alexander/Schreibtisch/ofa-v2/campaign3_blind/runs/NG2_27b_MCP_seed4301/work/simulation_outputs/ns_level1_h1_8/solution_level1.csv' mode='r' encoding='UTF-8'>
  rows = [r for r in _csv.reader(f.open())
ResourceWarning: Enable tracemalloc to get the object allocation traceback
/home/alexander/Schreibtisch/ofa-v2/src/tools/result_audit.py:1341: ResourceWarning: unclosed file <_io.TextIOWrapper name='/home/alexander/Schreibtisch/ofa-v2/campaign3_blind/runs/NG2_27b_MCP_seed4301/work/simulation_outputs/ns_level2_h1_16/solution_level2.csv' mode='r' encoding='UTF-8'>
  rows = [r for r in _csv.reader(f.open())
ResourceWarning: Enable tracemalloc to get the object allocation traceback
/home/alexander/Schreibtisch/ofa-v2/src/tools/result_audit.py:1341: ResourceWarning: unclosed file <_io.TextIOWrapper name='/home/alexander/Schreibtisch/ofa-v2/campaign3_blind/runs/NG2_27b_MCP_seed4301/work/simulation_outputs/ns_level3_h1_32/solution_level3.csv' mode='r' encoding='UTF-8'>
  rows = [r for r in _csv.reader(f.open())
ResourceWarning: Enable tracemalloc to get the object allocation traceback
/home/alexander/Schreibtisch/ofa-v2/src/tools/result_audit.py:1341: ResourceWarning: unclosed file <_io.TextIOWrapper name='/home/alexander/Schreibtisch/ofa-v2/campaign3_blind/runs/NG2_27b_MCP_seed4301/work/solution_level1.csv' mode='r' encoding='UTF-8'>
  rows = [r for r in _csv.reader(f.open())
ResourceWarning: Enable tracemalloc to get the object allocation traceback
/home/alexander/Schreibtisch/ofa-v2/src/tools/result_audit.py:1341: ResourceWarning: unclosed file <_io.TextIOWrapper name='/home/alexander/Schreibtisch/ofa-v2/campaign3_blind/runs/NG2_27b_MCP_seed4301/work/solution_level2.csv' mode='r' encoding='UTF-8'>
  rows = [r for r in _csv.reader(f.open())
ResourceWarning: Enable tracemalloc to get the object allocation traceback
/home/alexander/Schreibtisch/ofa-v2/src/tools/result_audit.py:1341: ResourceWarning: unclosed file <_io.TextIOWrapper name='/home/alexander/Schreibtisch/ofa-v2/campaign3_blind/runs/NG2_27b_MCP_seed4301/work/solution_level3.csv' mode='r' encoding='UTF-8'>
  rows = [r for r in _csv.reader(f.open())
ResourceWarning: Enable tracemalloc to get the object allocation traceback
/home/alexander/Schreibtisch/ofa-v2/src/tools/result_audit.py:1341: ResourceWarning: unclosed file <_io.TextIOWrapper name='/home/alexander/Schreibtisch/ofa-v2/campaign3_blind/runs/NG2_27b_MCP_seed4303/work/solution_level1.csv' mode='r' encoding='UTF-8'>
  rows = [r for r in _csv.reader(f.open())
ResourceWarning: Enable tracemalloc to get the object allocation traceback
/home/alexander/Schreibtisch/ofa-v2/src/tools/result_audit.py:1341: ResourceWarning: unclosed file <_io.TextIOWrapper name='/home/alexander/Schreibtisch/ofa-v2/campaign3_blind/runs/NG2_27b_MCP_seed4303/work/solution_level2.csv' mode='r' encoding='UTF-8'>
  rows = [r for r in _csv.reader(f.open())
ResourceWarning: Enable tracemalloc to get the object allocation traceback
/home/alexander/Schreibtisch/ofa-v2/src/tools/result_audit.py:1341: ResourceWarning: unclosed file <_io.TextIOWrapper name='/home/alexander/Schreibtisch/ofa-v2/campaign3_blind/runs/NG2_27b_MCP_seed4303/work/solution_level3.csv' mode='r' encoding='UTF-8'>
  rows = [r for r in _csv.reader(f.open())
ResourceWarning: Enable tracemalloc to get the object allocation traceback
/home/alexander/Schreibtisch/ofa-v2/src/tools/result_audit.py:534: ResourceWarning: unclosed file <_io.TextIOWrapper name='/home/alexander/Schreibtisch/ofa-v2/campaign3_blind/runs/NG2_27b_MCP_seed4303/work/solution_level1.csv' mode='r' encoding='UTF-8'>
  rows = sum(1 for _ in open(sol0[0], errors="ignore")) - 1
ResourceWarning: Enable tracemalloc to get the object allocation traceback
/home/alexander/Schreibtisch/ofa-v2/src/tools/result_audit.py:1341: ResourceWarning: unclosed file <_io.TextIOWrapper name='/home/alexander/Schreibtisch/ofa-v2/campaign3_blind/runs/NG2_27b_MCP_seed4303/work/solution_level1.csv' mode='r' encoding='UTF-8'>
  rows = [r for r in _csv.reader(f.open())
ResourceWarning: Enable tracemalloc to get the object allocation traceback
/home/alexander/Schreibtisch/ofa-v2/src/tools/result_audit.py:1341: ResourceWarning: unclosed file <_io.TextIOWrapper name='/home/alexander/Schreibtisch/ofa-v2/campaign3_blind/runs/NG2_27b_MCP_seed4303/work/solution_level2.csv' mode='r' encoding='UTF-8'>
  rows = [r for r in _csv.reader(f.open())
ResourceWarning: Enable tracemalloc to get the object allocation traceback
/home/alexander/Schreibtisch/ofa-v2/src/tools/result_audit.py:1341: ResourceWarning: unclosed file <_io.TextIOWrapper name='/home/alexander/Schreibtisch/ofa-v2/campaign3_blind/runs/NG2_27b_MCP_seed4303/work/solution_level3.csv' mode='r' encoding='UTF-8'>
  rows = [r for r in _csv.reader(f.open())
ResourceWarning: Enable tracemalloc to get the object allocation traceback
/home/alexander/Schreibtisch/ofa-v2/src/tools/result_audit.py:534: ResourceWarning: unclosed file <_io.TextIOWrapper name='/home/alexander/Schreibtisch/ofa-v2/campaign3_blind/runs/NG2_27b_MCP_seed4301/work/simulation_outputs/ns_level1_h1_8/solution_level1.csv' mode='r' encoding='UTF-8'>
  rows = sum(1 for _ in open(sol0[0], errors="ignore")) - 1
ResourceWarning: Enable tracemalloc to get the object allocation traceback
/home/alexander/Schreibtisch/ofa-v2/src/tools/result_audit.py:1341: ResourceWarning: unclosed file <_io.TextIOWrapper name='/home/alexander/Schreibtisch/ofa-v2/campaign3_blind/runs/NG2_27b_MCP_seed4301/work/simulation_outputs/ns_level1_h1_8/solution_level1.csv' mode='r' encoding='UTF-8'>
  rows = [r for r in _csv.reader(f.open())
ResourceWarning: Enable tracemalloc to get the object allocation traceback
/home/alexander/Schreibtisch/ofa-v2/src/tools/result_audit.py:1341: ResourceWarning: unclosed file <_io.TextIOWrapper name='/home/alexander/Schreibtisch/ofa-v2/campaign3_blind/runs/NG2_27b_MCP_seed4301/work/simulation_outputs/ns_level2_h1_16/solution_level2.csv' mode='r' encoding='UTF-8'>
  rows = [r for r in _csv.reader(f.open())
ResourceWarning: Enable tracemalloc to get the object allocation traceback
/home/alexander/Schreibtisch/ofa-v2/src/tools/result_audit.py:1341: ResourceWarning: unclosed file <_io.TextIOWrapper name='/home/alexander/Schreibtisch/ofa-v2/campaign3_blind/runs/NG2_27b_MCP_seed4301/work/simulation_outputs/ns_level3_h1_32/solution_level3.csv' mode='r' encoding='UTF-8'>
  rows = [r for r in _csv.reader(f.open())
ResourceWarning: Enable tracemalloc to get the object allocation traceback
/home/alexander/Schreibtisch/ofa-v2/src/tools/result_audit.py:1341: ResourceWarning: unclosed file <_io.TextIOWrapper name='/home/alexander/Schreibtisch/ofa-v2/campaign3_blind/runs/NG2_27b_MCP_seed4301/work/solution_level1.csv' mode='r' encoding='UTF-8'>
  rows = [r for r in _csv.reader(f.open())
ResourceWarning: Enable tracemalloc to get the object allocation traceback
/home/alexander/Schreibtisch/ofa-v2/src/tools/result_audit.py:1341: ResourceWarning: unclosed file <_io.TextIOWrapper name='/home/alexander/Schreibtisch/ofa-v2/campaign3_blind/runs/NG2_27b_MCP_seed4301/work/solution_level2.csv' mode='r' encoding='UTF-8'>
  rows = [r for r in _csv.reader(f.open())
ResourceWarning: Enable tracemalloc to get the object allocation traceback
/home/alexander/Schreibtisch/ofa-v2/src/tools/result_audit.py:1341: ResourceWarning: unclosed file <_io.TextIOWrapper name='/home/alexander/Schreibtisch/ofa-v2/campaign3_blind/runs/NG2_27b_MCP_seed4301/work/solution_level3.csv' mode='r' encoding='UTF-8'>
  rows = [r for r in _csv.reader(f.open())
ResourceWarning: Enable tracemalloc to get the object allocation traceback
/home/alexander/Schreibtisch/ofa-v2/src/tools/result_audit.py:534: ResourceWarning: unclosed file <_io.TextIOWrapper name='/home/alexander/Schreibtisch/ofa-v2/campaign3_blind/runs/NG2_27b_MCP_seed4301/work/simulation_outputs/ns_level1_h1_8/solution_level1.csv' mode='r' encoding='UTF-8'>
  rows = sum(1 for _ in open(sol0[0], errors="ignore")) - 1
ResourceWarning: Enable tracemalloc to get the object allocation traceback
/home/alexander/Schreibtisch/ofa-v2/src/tools/result_audit.py:1341: ResourceWarning: unclosed file <_io.TextIOWrapper name='/home/alexander/Schreibtisch/ofa-v2/campaign3_blind/runs/NG2_27b_MCP_seed4301/work/simulation_outputs/ns_level1_h1_8/solution_level1.csv' mode='r' encoding='UTF-8'>
  rows = [r for r in _csv.reader(f.open())
ResourceWarning: Enable tracemalloc to get the object allocation traceback
/home/alexander/Schreibtisch/ofa-v2/src/tools/result_audit.py:1341: ResourceWarning: unclosed file <_io.TextIOWrapper name='/home/alexander/Schreibtisch/ofa-v2/campaign3_blind/runs/NG2_27b_MCP_seed4301/work/simulation_outputs/ns_level2_h1_16/solution_level2.csv' mode='r' encoding='UTF-8'>
  rows = [r for r in _csv.reader(f.open())
ResourceWarning: Enable tracemalloc to get the object allocation traceback
/home/alexander/Schreibtisch/ofa-v2/src/tools/result_audit.py:1341: ResourceWarning: unclosed file <_io.TextIOWrapper name='/home/alexander/Schreibtisch/ofa-v2/campaign3_blind/runs/NG2_27b_MCP_seed4301/work/simulation_outputs/ns_level3_h1_32/solution_level3.csv' mode='r' encoding='UTF-8'>
  rows = [r for r in _csv.reader(f.open())
ResourceWarning: Enable tracemalloc to get the object allocation traceback
/home/alexander/Schreibtisch/ofa-v2/src/tools/result_audit.py:1341: ResourceWarning: unclosed file <_io.TextIOWrapper name='/home/alexander/Schreibtisch/ofa-v2/campaign3_blind/runs/NG2_27b_MCP_seed4301/work/solution_level1.csv' mode='r' encoding='UTF-8'>
  rows = [r for r in _csv.reader(f.open())
ResourceWarning: Enable tracemalloc to get the object allocation traceback
/home/alexander/Schreibtisch/ofa-v2/src/tools/result_audit.py:1341: ResourceWarning: unclosed file <_io.TextIOWrapper name='/home/alexander/Schreibtisch/ofa-v2/campaign3_blind/runs/NG2_27b_MCP_seed4301/work/solution_level2.csv' mode='r' encoding='UTF-8'>
  rows = [r for r in _csv.reader(f.open())
ResourceWarning: Enable tracemalloc to get the object allocation traceback
/home/alexander/Schreibtisch/ofa-v2/src/tools/result_audit.py:1341: ResourceWarning: unclosed file <_io.TextIOWrapper name='/home/alexander/Schreibtisch/ofa-v2/campaign3_blind/runs/NG2_27b_MCP_seed4301/work/solution_level3.csv' mode='r' encoding='UTF-8'>
  rows = [r for r in _csv.reader(f.open())
ResourceWarning: Enable tracemalloc to get the object allocation traceback
2026-09-04 05:31:55,453 [mcp.server.lowlevel.server] INFO: Processing request of type CallToolRequest
2026-09-04 05:32:13,077 [oasis] INFO: Session journal saved: /tmp/oasis-source/data/sessions/session_b7e0c6b5-db51-43e7-bd1e-7c1e71351a9a.json (29 events)
[preflight] custody controls verified for 1 problem(s); keys sealed and unreadable by execution
[phase: development] results are for post-mortems and convergence checking, NOT for the paper's evaluation table.
[DUNE cache] sha256=dc2d5b8ff2ebf98e... (neutral, private copy per cell)
[NG2 27b MCP s4301] done  calls=51 tok=4283254/72934 1384.9s
/home/alexander/.local/share/python/cpython-3.12.13-linux-x86_64-gnu/lib/python3.12/asyncio/selector_events.py:879: ResourceWarning: unclosed transport <_SelectorSocketTransport fd=9>
<<< NG2 seed 4301 done 2026-09-04 05:32:13
/home/alexander/Schreibtisch/ofa-v2/src/tools/result_audit.py:534: ResourceWarning: unclosed file <_io.TextIOWrapper name='/home/alexander/Schreibtisch/ofa-v2/campaign3_blind/runs/NG2_27b_MCP_seed4303/work/solution_level1.csv' mode='r' encoding='UTF-8'>
  rows = sum(1 for _ in open(sol0[0], errors="ignore")) - 1
ResourceWarning: Enable tracemalloc to get the object allocation traceback
/home/alexander/Schreibtisch/ofa-v2/src/tools/result_audit.py:1341: ResourceWarning: unclosed file <_io.TextIOWrapper name='/home/alexander/Schreibtisch/ofa-v2/campaign3_blind/runs/NG2_27b_MCP_seed4303/work/solution_level1.csv' mode='r' encoding='UTF-8'>
  rows = [r for r in _csv.reader(f.open())
ResourceWarning: Enable tracemalloc to get the object allocation traceback
/home/alexander/Schreibtisch/ofa-v2/src/tools/result_audit.py:1341: ResourceWarning: unclosed file <_io.TextIOWrapper name='/home/alexander/Schreibtisch/ofa-v2/campaign3_blind/runs/NG2_27b_MCP_seed4303/work/solution_level2.csv' mode='r' encoding='UTF-8'>
  rows = [r for r in _csv.reader(f.open())
ResourceWarning: Enable tracemalloc to get the object allocation traceback
/home/alexander/Schreibtisch/ofa-v2/src/tools/result_audit.py:1341: ResourceWarning: unclosed file <_io.TextIOWrapper name='/home/alexander/Schreibtisch/ofa-v2/campaign3_blind/runs/NG2_27b_MCP_seed4303/work/solution_level3.csv' mode='r' encoding='UTF-8'>
  rows = [r for r in _csv.reader(f.open())
ResourceWarning: Enable tracemalloc to get the object allocation traceback
/home/alexander/Schreibtisch/ofa-v2/src/tools/result_audit.py:534: ResourceWarning: unclosed file <_io.TextIOWrapper name='/home/alexander/Schreibtisch/ofa-v2/campaign3_blind/runs/NG2_27b_MCP_seed4303/work/solution_level1.csv' mode='r' encoding='UTF-8'>
  rows = sum(1 for _ in open(sol0[0], errors="ignore")) - 1
ResourceWarning: Enable tracemalloc to get the object allocation traceback
/home/alexander/Schreibtisch/ofa-v2/src/tools/result_audit.py:1341: ResourceWarning: unclosed file <_io.TextIOWrapper name='/home/alexander/Schreibtisch/ofa-v2/campaign3_blind/runs/NG2_27b_MCP_seed4303/work/solution_level1.csv' mode='r' encoding='UTF-8'>
  rows = [r for r in _csv.reader(f.open())
ResourceWarning: Enable tracemalloc to get the object allocation traceback
/home/alexander/Schreibtisch/ofa-v2/src/tools/result_audit.py:1341: ResourceWarning: unclosed file <_io.TextIOWrapper name='/home/alexander/Schreibtisch/ofa-v2/campaign3_blind/runs/NG2_27b_MCP_seed4303/work/solution_level2.csv' mode='r' encoding='UTF-8'>
  rows = [r for r in _csv.reader(f.open())
ResourceWarning: Enable tracemalloc to get the object allocation traceback
/home/alexander/Schreibtisch/ofa-v2/src/tools/result_audit.py:1341: ResourceWarning: unclosed file <_io.TextIOWrapper name='/home/alexander/Schreibtisch/ofa-v2/campaign3_blind/runs/NG2_27b_MCP_seed4303/work/solution_level3.csv' mode='r' encoding='UTF-8'>
  rows = [r for r in _csv.reader(f.open())
ResourceWarning: Enable tracemalloc to get the object allocation traceback
2026-09-04 05:34:07,489 [oasis] INFO: Session journal saved: /tmp/oasis-source/data/sessions/session_a9143927-ecba-4e7b-a26d-8e742e9bcd87.json (7 events)
[preflight] custody controls verified for 1 problem(s); keys sealed and unreadable by execution
[phase: development] results are for post-mortems and convergence checking, NOT for the paper's evaluation table.
[DUNE cache] sha256=dc2d5b8ff2ebf98e... (neutral, private copy per cell)
[NG2 27b MCP s4303] done  calls=82 tok=6695535/73853 1499.7s
/home/alexander/.local/share/python/cpython-3.12.13-linux-x86_64-gnu/lib/python3.12/asyncio/selector_events.py:879: ResourceWarning: unclosed transport <_SelectorSocketTransport fd=9>
<<< NG2 seed 4303 done 2026-09-04 05:34:08
>>> NG2 MCP complete 2026-09-04 05:34:08
>>> NG2 MCP seeds 4401 4402 4403  start 2026-09-04 05:46:58
[source build] e27ba0886fce sha256=8617afc561787638... (immutable)
[source build] e27ba0886fce sha256=8617afc561787638... (immutable)
[source build] e27ba0886fce sha256=8617afc561787638... (immutable)
2026-09-04 05:47:29,271 [oasis.registry] INFO: Loaded discovered config: 5 backends
2026-09-04 05:47:29,282 [oasis.registry] INFO: Registered backend: 4C Multiphysics (fourc)
2026-09-04 05:47:29,286 [oasis.registry] INFO: Registered backend: FEniCSx (dolfinx) (fenics)
2026-09-04 05:47:29,290 [oasis.registry] INFO: Registered backend: deal.II (dealii)
2026-09-04 05:47:29,310 [oasis.registry] INFO: Registered backend: FEBio (febio)
2026-09-04 05:47:29,323 [oasis.registry] INFO: Registered backend: NGSolve (ngsolve)
2026-09-04 05:47:29,323 [oasis.ngsolve] INFO: NGSolve backend registered
2026-09-04 05:47:29,337 [oasis.registry] INFO: Registered backend: scikit-fem (skfem)
2026-09-04 05:47:29,337 [oasis.skfem] INFO: scikit-fem backend registered
2026-09-04 05:47:29,360 [oasis.registry] INFO: Registered backend: Kratos Multiphysics (kratos)
2026-09-04 05:47:29,360 [oasis.kratos] INFO: Kratos Multiphysics backend registered
2026-09-04 05:47:29,375 [oasis.registry] INFO: Registered backend: DUNE-fem (dune)
2026-09-04 05:47:29,375 [oasis.dune] INFO: DUNE-fem backend registered
2026-09-04 05:47:29,388 [oasis.registry] INFO: Registered backend: SPARTA (DSMC) (sparta)
2026-09-04 05:47:29,388 [oasis.sparta] INFO: SPARTA (DSMC) backend registered
2026-09-04 05:47:29,388 [oasis] INFO: Starting OASiS MCP server
2026-09-04 05:47:29,401 [oasis.registry] INFO: Loaded discovered config: 5 backends
2026-09-04 05:47:29,412 [oasis.registry] INFO: Registered backend: 4C Multiphysics (fourc)
2026-09-04 05:47:29,416 [oasis.registry] INFO: Registered backend: FEniCSx (dolfinx) (fenics)
2026-09-04 05:47:29,417 [mcp.server.lowlevel.server] INFO: Processing request of type ListToolsRequest
2026-09-04 05:47:29,421 [oasis.registry] INFO: Registered backend: deal.II (dealii)
2026-09-04 05:47:29,442 [oasis.registry] INFO: Registered backend: FEBio (febio)
2026-09-04 05:47:29,456 [oasis.registry] INFO: Registered backend: NGSolve (ngsolve)
2026-09-04 05:47:29,456 [oasis.ngsolve] INFO: NGSolve backend registered
2026-09-04 05:47:29,471 [oasis.registry] INFO: Registered backend: scikit-fem (skfem)
2026-09-04 05:47:29,471 [oasis.skfem] INFO: scikit-fem backend registered
2026-09-04 05:47:29,494 [oasis.registry] INFO: Registered backend: Kratos Multiphysics (kratos)
2026-09-04 05:47:29,494 [oasis.kratos] INFO: Kratos Multiphysics backend registered
2026-09-04 05:47:29,508 [oasis.registry] INFO: Registered backend: DUNE-fem (dune)
2026-09-04 05:47:29,509 [oasis.dune] INFO: DUNE-fem backend registered
2026-09-04 05:47:29,525 [oasis.registry] INFO: Registered backend: SPARTA (DSMC) (sparta)
2026-09-04 05:47:29,525 [oasis.sparta] INFO: SPARTA (DSMC) backend registered
2026-09-04 05:47:29,525 [oasis] INFO: Starting OASiS MCP server
2026-09-04 05:47:29,535 [oasis.registry] INFO: Loaded discovered config: 5 backends
2026-09-04 05:47:29,546 [oasis.registry] INFO: Registered backend: 4C Multiphysics (fourc)
2026-09-04 05:47:29,549 [oasis.registry] INFO: Registered backend: FEniCSx (dolfinx) (fenics)
2026-09-04 05:47:29,554 [mcp.server.lowlevel.server] INFO: Processing request of type ListToolsRequest
2026-09-04 05:47:29,554 [oasis.registry] INFO: Registered backend: deal.II (dealii)
2026-09-04 05:47:29,573 [oasis.registry] INFO: Registered backend: FEBio (febio)
2026-09-04 05:47:29,586 [oasis.registry] INFO: Registered backend: NGSolve (ngsolve)
2026-09-04 05:47:29,586 [oasis.ngsolve] INFO: NGSolve backend registered
2026-09-04 05:47:29,600 [oasis.registry] INFO: Registered backend: scikit-fem (skfem)
2026-09-04 05:47:29,600 [oasis.skfem] INFO: scikit-fem backend registered
2026-09-04 05:47:29,622 [oasis.registry] INFO: Registered backend: Kratos Multiphysics (kratos)
2026-09-04 05:47:29,622 [oasis.kratos] INFO: Kratos Multiphysics backend registered
2026-09-04 05:47:29,639 [oasis.registry] INFO: Registered backend: DUNE-fem (dune)
2026-09-04 05:47:29,639 [oasis.dune] INFO: DUNE-fem backend registered
2026-09-04 05:47:29,653 [oasis.registry] INFO: Registered backend: SPARTA (DSMC) (sparta)
2026-09-04 05:47:29,653 [oasis.sparta] INFO: SPARTA (DSMC) backend registered
2026-09-04 05:47:29,653 [oasis] INFO: Starting OASiS MCP server
2026-09-04 05:47:29,682 [mcp.server.lowlevel.server] INFO: Processing request of type ListToolsRequest
2026-09-04 05:47:39,675 [mcp.server.lowlevel.server] INFO: Processing request of type CallToolRequest
2026-09-04 05:47:40,135 [mcp.server.lowlevel.server] INFO: Processing request of type CallToolRequest
2026-09-04 05:47:40,510 [mcp.server.lowlevel.server] INFO: Processing request of type CallToolRequest
2026-09-04 05:48:01,796 [mcp.server.lowlevel.server] INFO: Processing request of type CallToolRequest
2026-09-04 05:48:01,800 [mcp.server.lowlevel.server] INFO: Processing request of type CallToolRequest
/home/alexander/Schreibtisch/ofa-v2/langgraph_eval/agent.py:820: RuntimeWarning: This package (`duckduckgo_search`) has been renamed to `ddgs`! Use `pip install ddgs` instead.
  with DDGS() as ddgs:
/home/alexander/Schreibtisch/ofa-v2/langgraph_eval/agent.py:820: RuntimeWarning: This package (`duckduckgo_search`) has been renamed to `ddgs`! Use `pip install ddgs` instead.
  with DDGS() as ddgs:
2026-09-04 05:48:06,196 [mcp.server.lowlevel.server] INFO: Processing request of type CallToolRequest
2026-09-04 05:48:06,201 [mcp.server.lowlevel.server] INFO: Processing request of type CallToolRequest
2026-09-04 05:48:06,225 [mcp.server.lowlevel.server] INFO: Processing request of type CallToolRequest
2026-09-04 05:48:06,568 [mcp.server.lowlevel.server] INFO: Processing request of type CallToolRequest
2026-09-04 05:48:06,574 [mcp.server.lowlevel.server] INFO: Processing request of type CallToolRequest
2026-09-04 05:48:06,597 [mcp.server.lowlevel.server] INFO: Processing request of type CallToolRequest
/home/alexander/Schreibtisch/ofa-v2/langgraph_eval/agent.py:820: RuntimeWarning: This package (`duckduckgo_search`) has been renamed to `ddgs`! Use `pip install ddgs` instead.
  with DDGS() as ddgs:
/home/alexander/Schreibtisch/ofa-v2/langgraph_eval/agent.py:820: RuntimeWarning: This package (`duckduckgo_search`) has been renamed to `ddgs`! Use `pip install ddgs` instead.
  with DDGS() as ddgs:
/home/alexander/Schreibtisch/ofa-v2/langgraph_eval/agent.py:820: RuntimeWarning: This package (`duckduckgo_search`) has been renamed to `ddgs`! Use `pip install ddgs` instead.
  with DDGS() as ddgs:
/home/alexander/Schreibtisch/ofa-v2/langgraph_eval/agent.py:820: RuntimeWarning: This package (`duckduckgo_search`) has been renamed to `ddgs`! Use `pip install ddgs` instead.
  with DDGS() as ddgs:
/home/alexander/Schreibtisch/ofa-v2/langgraph_eval/agent.py:820: RuntimeWarning: This package (`duckduckgo_search`) has been renamed to `ddgs`! Use `pip install ddgs` instead.
  with DDGS() as ddgs:
/home/alexander/Schreibtisch/ofa-v2/langgraph_eval/agent.py:820: RuntimeWarning: This package (`duckduckgo_search`) has been renamed to `ddgs`! Use `pip install ddgs` instead.
  with DDGS() as ddgs:
/home/alexander/Schreibtisch/ofa-v2/langgraph_eval/agent.py:820: RuntimeWarning: This package (`duckduckgo_search`) has been renamed to `ddgs`! Use `pip install ddgs` instead.
  with DDGS() as ddgs:
/home/alexander/Schreibtisch/ofa-v2/langgraph_eval/agent.py:820: RuntimeWarning: This package (`duckduckgo_search`) has been renamed to `ddgs`! Use `pip install ddgs` instead.
  with DDGS() as ddgs:
/home/alexander/Schreibtisch/ofa-v2/langgraph_eval/agent.py:820: RuntimeWarning: This package (`duckduckgo_search`) has been renamed to `ddgs`! Use `pip install ddgs` instead.
  with DDGS() as ddgs:
/home/alexander/Schreibtisch/ofa-v2/langgraph_eval/agent.py:820: RuntimeWarning: This package (`duckduckgo_search`) has been renamed to `ddgs`! Use `pip install ddgs` instead.
  with DDGS() as ddgs:
/home/alexander/Schreibtisch/ofa-v2/langgraph_eval/agent.py:820: RuntimeWarning: This package (`duckduckgo_search`) has been renamed to `ddgs`! Use `pip install ddgs` instead.
  with DDGS() as ddgs:
/home/alexander/Schreibtisch/ofa-v2/langgraph_eval/agent.py:820: RuntimeWarning: This package (`duckduckgo_search`) has been renamed to `ddgs`! Use `pip install ddgs` instead.
  with DDGS() as ddgs:
/home/alexander/Schreibtisch/ofa-v2/langgraph_eval/agent.py:820: RuntimeWarning: This package (`duckduckgo_search`) has been renamed to `ddgs`! Use `pip install ddgs` instead.
  with DDGS() as ddgs:
/home/alexander/Schreibtisch/ofa-v2/langgraph_eval/agent.py:820: RuntimeWarning: This package (`duckduckgo_search`) has been renamed to `ddgs`! Use `pip install ddgs` instead.
  with DDGS() as ddgs:
/home/alexander/Schreibtisch/ofa-v2/langgraph_eval/agent.py:820: RuntimeWarning: This package (`duckduckgo_search`) has been renamed to `ddgs`! Use `pip install ddgs` instead.
  with DDGS() as ddgs:
/home/alexander/Schreibtisch/ofa-v2/langgraph_eval/agent.py:820: RuntimeWarning: This package (`duckduckgo_search`) has been renamed to `ddgs`! Use `pip install ddgs` instead.
  with DDGS() as ddgs:
/home/alexander/Schreibtisch/ofa-v2/langgraph_eval/agent.py:820: RuntimeWarning: This package (`duckduckgo_search`) has been renamed to `ddgs`! Use `pip install ddgs` instead.
  with DDGS() as ddgs:
/home/alexander/Schreibtisch/ofa-v2/langgraph_eval/agent.py:820: RuntimeWarning: This package (`duckduckgo_search`) has been renamed to `ddgs`! Use `pip install ddgs` instead.
  with DDGS() as ddgs:
/home/alexander/Schreibtisch/ofa-v2/langgraph_eval/agent.py:820: RuntimeWarning: This package (`duckduckgo_search`) has been renamed to `ddgs`! Use `pip install ddgs` instead.
  with DDGS() as ddgs:
/home/alexander/Schreibtisch/ofa-v2/langgraph_eval/agent.py:820: RuntimeWarning: This package (`duckduckgo_search`) has been renamed to `ddgs`! Use `pip install ddgs` instead.
  with DDGS() as ddgs:
/home/alexander/Schreibtisch/ofa-v2/langgraph_eval/agent.py:820: RuntimeWarning: This package (`duckduckgo_search`) has been renamed to `ddgs`! Use `pip install ddgs` instead.
  with DDGS() as ddgs:
/home/alexander/Schreibtisch/ofa-v2/langgraph_eval/agent.py:820: RuntimeWarning: This package (`duckduckgo_search`) has been renamed to `ddgs`! Use `pip install ddgs` instead.
  with DDGS() as ddgs:
/home/alexander/Schreibtisch/ofa-v2/langgraph_eval/agent.py:820: RuntimeWarning: This package (`duckduckgo_search`) has been renamed to `ddgs`! Use `pip install ddgs` instead.
  with DDGS() as ddgs:
/home/alexander/Schreibtisch/ofa-v2/langgraph_eval/agent.py:820: RuntimeWarning: This package (`duckduckgo_search`) has been renamed to `ddgs`! Use `pip install ddgs` instead.
  with DDGS() as ddgs:
/home/alexander/Schreibtisch/ofa-v2/langgraph_eval/agent.py:820: RuntimeWarning: This package (`duckduckgo_search`) has been renamed to `ddgs`! Use `pip install ddgs` instead.
  with DDGS() as ddgs:
2026-09-04 05:49:00,579 [mcp.server.lowlevel.server] INFO: Processing request of type CallToolRequest
/home/alexander/Schreibtisch/ofa-v2/langgraph_eval/agent.py:895: LangGraphDeprecatedSinceV10: create_react_agent has been moved to `langchain.agents`. Please update your import to `from langchain.agents import create_agent`. Deprecated in LangGraph V1.0 to be removed in V2.0.
  sub_agent = create_react_agent(
2026-09-04 05:50:03,399 [mcp.server.lowlevel.server] INFO: Processing request of type CallToolRequest
2026-09-04 05:50:10,534 [mcp.server.lowlevel.server] INFO: Processing request of type CallToolRequest
/home/alexander/Schreibtisch/ofa-v2/langgraph_eval/agent.py:895: LangGraphDeprecatedSinceV10: create_react_agent has been moved to `langchain.agents`. Please update your import to `from langchain.agents import create_agent`. Deprecated in LangGraph V1.0 to be removed in V2.0.
  sub_agent = create_react_agent(
/home/alexander/Schreibtisch/ofa-v2/langgraph_eval/agent.py:820: RuntimeWarning: This package (`duckduckgo_search`) has been renamed to `ddgs`! Use `pip install ddgs` instead.
  with DDGS() as ddgs:
/home/alexander/Schreibtisch/ofa-v2/langgraph_eval/agent.py:820: RuntimeWarning: This package (`duckduckgo_search`) has been renamed to `ddgs`! Use `pip install ddgs` instead.
  with DDGS() as ddgs:
/home/alexander/Schreibtisch/ofa-v2/langgraph_eval/agent.py:820: RuntimeWarning: This package (`duckduckgo_search`) has been renamed to `ddgs`! Use `pip install ddgs` instead.
  with DDGS() as ddgs:
/home/alexander/Schreibtisch/ofa-v2/langgraph_eval/agent.py:820: RuntimeWarning: This package (`duckduckgo_search`) has been renamed to `ddgs`! Use `pip install ddgs` instead.
  with DDGS() as ddgs:
/home/alexander/Schreibtisch/ofa-v2/langgraph_eval/agent.py:820: RuntimeWarning: This package (`duckduckgo_search`) has been renamed to `ddgs`! Use `pip install ddgs` instead.
  with DDGS() as ddgs:
/home/alexander/Schreibtisch/ofa-v2/langgraph_eval/agent.py:820: RuntimeWarning: This package (`duckduckgo_search`) has been renamed to `ddgs`! Use `pip install ddgs` instead.
  with DDGS() as ddgs:
/home/alexander/Schreibtisch/ofa-v2/langgraph_eval/agent.py:820: RuntimeWarning: This package (`duckduckgo_search`) has been renamed to `ddgs`! Use `pip install ddgs` instead.
  with DDGS() as ddgs:
/home/alexander/Schreibtisch/ofa-v2/langgraph_eval/agent.py:820: RuntimeWarning: This package (`duckduckgo_search`) has been renamed to `ddgs`! Use `pip install ddgs` instead.
  with DDGS() as ddgs:
/home/alexander/Schreibtisch/ofa-v2/langgraph_eval/agent.py:820: RuntimeWarning: This package (`duckduckgo_search`) has been renamed to `ddgs`! Use `pip install ddgs` instead.
  with DDGS() as ddgs:
/home/alexander/Schreibtisch/ofa-v2/langgraph_eval/agent.py:820: RuntimeWarning: This package (`duckduckgo_search`) has been renamed to `ddgs`! Use `pip install ddgs` instead.
  with DDGS() as ddgs:
/home/alexander/Schreibtisch/ofa-v2/langgraph_eval/agent.py:820: RuntimeWarning: This package (`duckduckgo_search`) has been renamed to `ddgs`! Use `pip install ddgs` instead.
  with DDGS() as ddgs:
/home/alexander/Schreibtisch/ofa-v2/langgraph_eval/agent.py:820: RuntimeWarning: This package (`duckduckgo_search`) has been renamed to `ddgs`! Use `pip install ddgs` instead.
  with DDGS() as ddgs:
/home/alexander/Schreibtisch/ofa-v2/langgraph_eval/agent.py:820: RuntimeWarning: This package (`duckduckgo_search`) has been renamed to `ddgs`! Use `pip install ddgs` instead.
  with DDGS() as ddgs:
2026-09-04 05:51:09,418 [mcp.server.lowlevel.server] INFO: Processing request of type CallToolRequest
/home/alexander/Schreibtisch/ofa-v2/langgraph_eval/agent.py:820: RuntimeWarning: This package (`duckduckgo_search`) has been renamed to `ddgs`! Use `pip install ddgs` instead.
  with DDGS() as ddgs:
/home/alexander/Schreibtisch/ofa-v2/langgraph_eval/agent.py:820: RuntimeWarning: This package (`duckduckgo_search`) has been renamed to `ddgs`! Use `pip install ddgs` instead.
  with DDGS() as ddgs:
/home/alexander/Schreibtisch/ofa-v2/langgraph_eval/agent.py:820: RuntimeWarning: This package (`duckduckgo_search`) has been renamed to `ddgs`! Use `pip install ddgs` instead.
  with DDGS() as ddgs:
/home/alexander/Schreibtisch/ofa-v2/langgraph_eval/agent.py:820: RuntimeWarning: This package (`duckduckgo_search`) has been renamed to `ddgs`! Use `pip install ddgs` instead.
  with DDGS() as ddgs:
/home/alexander/Schreibtisch/ofa-v2/langgraph_eval/agent.py:820: RuntimeWarning: This package (`duckduckgo_search`) has been renamed to `ddgs`! Use `pip install ddgs` instead.
  with DDGS() as ddgs:
/home/alexander/Schreibtisch/ofa-v2/langgraph_eval/agent.py:820: RuntimeWarning: This package (`duckduckgo_search`) has been renamed to `ddgs`! Use `pip install ddgs` instead.
  with DDGS() as ddgs:
2026-09-04 05:51:19,082 [mcp.server.lowlevel.server] INFO: Processing request of type CallToolRequest
/home/alexander/Schreibtisch/ofa-v2/langgraph_eval/agent.py:820: RuntimeWarning: This package (`duckduckgo_search`) has been renamed to `ddgs`! Use `pip install ddgs` instead.
  with DDGS() as ddgs:
/home/alexander/Schreibtisch/ofa-v2/langgraph_eval/agent.py:820: RuntimeWarning: This package (`duckduckgo_search`) has been renamed to `ddgs`! Use `pip install ddgs` instead.
  with DDGS() as ddgs:
/home/alexander/Schreibtisch/ofa-v2/langgraph_eval/agent.py:820: RuntimeWarning: This package (`duckduckgo_search`) has been renamed to `ddgs`! Use `pip install ddgs` instead.
  with DDGS() as ddgs:
/home/alexander/Schreibtisch/ofa-v2/langgraph_eval/agent.py:820: RuntimeWarning: This package (`duckduckgo_search`) has been renamed to `ddgs`! Use `pip install ddgs` instead.
  with DDGS() as ddgs:
/home/alexander/Schreibtisch/ofa-v2/langgraph_eval/agent.py:820: RuntimeWarning: This package (`duckduckgo_search`) has been renamed to `ddgs`! Use `pip install ddgs` instead.
  with DDGS() as ddgs:
/home/alexander/Schreibtisch/ofa-v2/langgraph_eval/agent.py:820: RuntimeWarning: This package (`duckduckgo_search`) has been renamed to `ddgs`! Use `pip install ddgs` instead.
  with DDGS() as ddgs:
/home/alexander/Schreibtisch/ofa-v2/langgraph_eval/agent.py:820: RuntimeWarning: This package (`duckduckgo_search`) has been renamed to `ddgs`! Use `pip install ddgs` instead.
  with DDGS() as ddgs:
/home/alexander/Schreibtisch/ofa-v2/langgraph_eval/agent.py:820: RuntimeWarning: This package (`duckduckgo_search`) has been renamed to `ddgs`! Use `pip install ddgs` instead.
  with DDGS() as ddgs:
/home/alexander/Schreibtisch/ofa-v2/langgraph_eval/agent.py:820: RuntimeWarning: This package (`duckduckgo_search`) has been renamed to `ddgs`! Use `pip install ddgs` instead.
  with DDGS() as ddgs:
/home/alexander/Schreibtisch/ofa-v2/langgraph_eval/agent.py:820: RuntimeWarning: This package (`duckduckgo_search`) has been renamed to `ddgs`! Use `pip install ddgs` instead.
  with DDGS() as ddgs:
/home/alexander/Schreibtisch/ofa-v2/langgraph_eval/agent.py:820: RuntimeWarning: This package (`duckduckgo_search`) has been renamed to `ddgs`! Use `pip install ddgs` instead.
  with DDGS() as ddgs:
/home/alexander/Schreibtisch/ofa-v2/langgraph_eval/agent.py:820: RuntimeWarning: This package (`duckduckgo_search`) has been renamed to `ddgs`! Use `pip install ddgs` instead.
  with DDGS() as ddgs:
/home/alexander/Schreibtisch/ofa-v2/langgraph_eval/agent.py:820: RuntimeWarning: This package (`duckduckgo_search`) has been renamed to `ddgs`! Use `pip install ddgs` instead.
  with DDGS() as ddgs:
/home/alexander/Schreibtisch/ofa-v2/langgraph_eval/agent.py:820: RuntimeWarning: This package (`duckduckgo_search`) has been renamed to `ddgs`! Use `pip install ddgs` instead.
  with DDGS() as ddgs:
/home/alexander/Schreibtisch/ofa-v2/langgraph_eval/agent.py:820: RuntimeWarning: This package (`duckduckgo_search`) has been renamed to `ddgs`! Use `pip install ddgs` instead.
  with DDGS() as ddgs:
/home/alexander/Schreibtisch/ofa-v2/langgraph_eval/agent.py:820: RuntimeWarning: This package (`duckduckgo_search`) has been renamed to `ddgs`! Use `pip install ddgs` instead.
  with DDGS() as ddgs:
/home/alexander/Schreibtisch/ofa-v2/langgraph_eval/agent.py:820: RuntimeWarning: This package (`duckduckgo_search`) has been renamed to `ddgs`! Use `pip install ddgs` instead.
  with DDGS() as ddgs:
/home/alexander/Schreibtisch/ofa-v2/langgraph_eval/agent.py:820: RuntimeWarning: This package (`duckduckgo_search`) has been renamed to `ddgs`! Use `pip install ddgs` instead.
  with DDGS() as ddgs:
/home/alexander/Schreibtisch/ofa-v2/langgraph_eval/agent.py:820: RuntimeWarning: This package (`duckduckgo_search`) has been renamed to `ddgs`! Use `pip install ddgs` instead.
  with DDGS() as ddgs:
2026-09-04 05:52:19,592 [mcp.server.lowlevel.server] INFO: Processing request of type CallToolRequest
2026-09-04 05:52:33,017 [mcp.server.lowlevel.server] INFO: Processing request of type CallToolRequest
2026-09-04 05:53:03,865 [mcp.server.lowlevel.server] INFO: Processing request of type CallToolRequest
2026-09-04 05:53:07,039 [mcp.server.lowlevel.server] INFO: Processing request of type CallToolRequest
2026-09-04 05:54:19,958 [mcp.server.lowlevel.server] INFO: Processing request of type CallToolRequest
2026-09-04 05:54:36,545 [mcp.server.lowlevel.server] INFO: Processing request of type CallToolRequest
2026-09-04 05:54:58,979 [mcp.server.lowlevel.server] INFO: Processing request of type CallToolRequest
2026-09-04 05:55:28,241 [mcp.server.lowlevel.server] INFO: Processing request of type CallToolRequest
2026-09-04 05:55:40,466 [mcp.server.lowlevel.server] INFO: Processing request of type CallToolRequest
2026-09-04 05:58:14,220 [mcp.server.lowlevel.server] INFO: Processing request of type CallToolRequest
/home/alexander/Schreibtisch/ofa-v2/src/tools/result_audit.py:1341: ResourceWarning: unclosed file <_io.TextIOWrapper name='/home/alexander/Schreibtisch/ofa-v2/campaign3_blind/runs/NG2_27b_MCP_seed4403/work/solution_level1.csv' mode='r' encoding='UTF-8'>
  rows = [r for r in _csv.reader(f.open())
ResourceWarning: Enable tracemalloc to get the object allocation traceback
/home/alexander/Schreibtisch/ofa-v2/src/tools/result_audit.py:1341: ResourceWarning: unclosed file <_io.TextIOWrapper name='/home/alexander/Schreibtisch/ofa-v2/campaign3_blind/runs/NG2_27b_MCP_seed4403/work/solution_level2.csv' mode='r' encoding='UTF-8'>
  rows = [r for r in _csv.reader(f.open())
ResourceWarning: Enable tracemalloc to get the object allocation traceback
/home/alexander/Schreibtisch/ofa-v2/src/tools/result_audit.py:1341: ResourceWarning: unclosed file <_io.TextIOWrapper name='/home/alexander/Schreibtisch/ofa-v2/campaign3_blind/runs/NG2_27b_MCP_seed4403/work/solution_level3.csv' mode='r' encoding='UTF-8'>
  rows = [r for r in _csv.reader(f.open())
ResourceWarning: Enable tracemalloc to get the object allocation traceback
/home/alexander/Schreibtisch/ofa-v2/src/tools/result_audit.py:534: ResourceWarning: unclosed file <_io.TextIOWrapper name='/home/alexander/Schreibtisch/ofa-v2/campaign3_blind/runs/NG2_27b_MCP_seed4403/work/solution_level1.csv' mode='r' encoding='UTF-8'>
  rows = sum(1 for _ in open(sol0[0], errors="ignore")) - 1
ResourceWarning: Enable tracemalloc to get the object allocation traceback
/home/alexander/Schreibtisch/ofa-v2/src/tools/result_audit.py:1341: ResourceWarning: unclosed file <_io.TextIOWrapper name='/home/alexander/Schreibtisch/ofa-v2/campaign3_blind/runs/NG2_27b_MCP_seed4403/work/solution_level1.csv' mode='r' encoding='UTF-8'>
  rows = [r for r in _csv.reader(f.open())
ResourceWarning: Enable tracemalloc to get the object allocation traceback
/home/alexander/Schreibtisch/ofa-v2/src/tools/result_audit.py:1341: ResourceWarning: unclosed file <_io.TextIOWrapper name='/home/alexander/Schreibtisch/ofa-v2/campaign3_blind/runs/NG2_27b_MCP_seed4403/work/solution_level2.csv' mode='r' encoding='UTF-8'>
  rows = [r for r in _csv.reader(f.open())
ResourceWarning: Enable tracemalloc to get the object allocation traceback
/home/alexander/Schreibtisch/ofa-v2/src/tools/result_audit.py:1341: ResourceWarning: unclosed file <_io.TextIOWrapper name='/home/alexander/Schreibtisch/ofa-v2/campaign3_blind/runs/NG2_27b_MCP_seed4403/work/solution_level3.csv' mode='r' encoding='UTF-8'>
  rows = [r for r in _csv.reader(f.open())
ResourceWarning: Enable tracemalloc to get the object allocation traceback
/home/alexander/Schreibtisch/ofa-v2/src/tools/result_audit.py:1341: ResourceWarning: unclosed file <_io.TextIOWrapper name='/home/alexander/Schreibtisch/ofa-v2/campaign3_blind/runs/NG2_27b_MCP_seed4402/work/solution_level1.csv' mode='r' encoding='UTF-8'>
  rows = [r for r in _csv.reader(f.open())
ResourceWarning: Enable tracemalloc to get the object allocation traceback
/home/alexander/Schreibtisch/ofa-v2/src/tools/result_audit.py:1341: ResourceWarning: unclosed file <_io.TextIOWrapper name='/home/alexander/Schreibtisch/ofa-v2/campaign3_blind/runs/NG2_27b_MCP_seed4402/work/solution_level2.csv' mode='r' encoding='UTF-8'>
  rows = [r for r in _csv.reader(f.open())
ResourceWarning: Enable tracemalloc to get the object allocation traceback
/home/alexander/Schreibtisch/ofa-v2/src/tools/result_audit.py:1341: ResourceWarning: unclosed file <_io.TextIOWrapper name='/home/alexander/Schreibtisch/ofa-v2/campaign3_blind/runs/NG2_27b_MCP_seed4402/work/solution_level3.csv' mode='r' encoding='UTF-8'>
  rows = [r for r in _csv.reader(f.open())
ResourceWarning: Enable tracemalloc to get the object allocation traceback
/home/alexander/Schreibtisch/ofa-v2/src/tools/result_audit.py:534: ResourceWarning: unclosed file <_io.TextIOWrapper name='/home/alexander/Schreibtisch/ofa-v2/campaign3_blind/runs/NG2_27b_MCP_seed4402/work/solution_level1.csv' mode='r' encoding='UTF-8'>
  rows = sum(1 for _ in open(sol0[0], errors="ignore")) - 1
ResourceWarning: Enable tracemalloc to get the object allocation traceback
/home/alexander/Schreibtisch/ofa-v2/src/tools/result_audit.py:1341: ResourceWarning: unclosed file <_io.TextIOWrapper name='/home/alexander/Schreibtisch/ofa-v2/campaign3_blind/runs/NG2_27b_MCP_seed4402/work/solution_level1.csv' mode='r' encoding='UTF-8'>
  rows = [r for r in _csv.reader(f.open())
ResourceWarning: Enable tracemalloc to get the object allocation traceback
/home/alexander/Schreibtisch/ofa-v2/src/tools/result_audit.py:1341: ResourceWarning: unclosed file <_io.TextIOWrapper name='/home/alexander/Schreibtisch/ofa-v2/campaign3_blind/runs/NG2_27b_MCP_seed4402/work/solution_level2.csv' mode='r' encoding='UTF-8'>
  rows = [r for r in _csv.reader(f.open())
ResourceWarning: Enable tracemalloc to get the object allocation traceback
/home/alexander/Schreibtisch/ofa-v2/src/tools/result_audit.py:1341: ResourceWarning: unclosed file <_io.TextIOWrapper name='/home/alexander/Schreibtisch/ofa-v2/campaign3_blind/runs/NG2_27b_MCP_seed4402/work/solution_level3.csv' mode='r' encoding='UTF-8'>
  rows = [r for r in _csv.reader(f.open())
ResourceWarning: Enable tracemalloc to get the object allocation traceback
/home/alexander/Schreibtisch/ofa-v2/src/tools/result_audit.py:1341: ResourceWarning: unclosed file <_io.TextIOWrapper name='/home/alexander/Schreibtisch/ofa-v2/campaign3_blind/runs/NG2_27b_MCP_seed4403/work/solution_level1.csv' mode='r' encoding='UTF-8'>
  rows = [r for r in _csv.reader(f.open())
ResourceWarning: Enable tracemalloc to get the object allocation traceback
/home/alexander/Schreibtisch/ofa-v2/src/tools/result_audit.py:1341: ResourceWarning: unclosed file <_io.TextIOWrapper name='/home/alexander/Schreibtisch/ofa-v2/campaign3_blind/runs/NG2_27b_MCP_seed4403/work/solution_level2.csv' mode='r' encoding='UTF-8'>
  rows = [r for r in _csv.reader(f.open())
ResourceWarning: Enable tracemalloc to get the object allocation traceback
/home/alexander/Schreibtisch/ofa-v2/src/tools/result_audit.py:1341: ResourceWarning: unclosed file <_io.TextIOWrapper name='/home/alexander/Schreibtisch/ofa-v2/campaign3_blind/runs/NG2_27b_MCP_seed4403/work/solution_level3.csv' mode='r' encoding='UTF-8'>
  rows = [r for r in _csv.reader(f.open())
ResourceWarning: Enable tracemalloc to get the object allocation traceback
/home/alexander/Schreibtisch/ofa-v2/src/tools/result_audit.py:534: ResourceWarning: unclosed file <_io.TextIOWrapper name='/home/alexander/Schreibtisch/ofa-v2/campaign3_blind/runs/NG2_27b_MCP_seed4403/work/solution_level1.csv' mode='r' encoding='UTF-8'>
  rows = sum(1 for _ in open(sol0[0], errors="ignore")) - 1
ResourceWarning: Enable tracemalloc to get the object allocation traceback
/home/alexander/Schreibtisch/ofa-v2/src/tools/result_audit.py:1341: ResourceWarning: unclosed file <_io.TextIOWrapper name='/home/alexander/Schreibtisch/ofa-v2/campaign3_blind/runs/NG2_27b_MCP_seed4403/work/solution_level1.csv' mode='r' encoding='UTF-8'>
  rows = [r for r in _csv.reader(f.open())
ResourceWarning: Enable tracemalloc to get the object allocation traceback
/home/alexander/Schreibtisch/ofa-v2/src/tools/result_audit.py:1341: ResourceWarning: unclosed file <_io.TextIOWrapper name='/home/alexander/Schreibtisch/ofa-v2/campaign3_blind/runs/NG2_27b_MCP_seed4403/work/solution_level2.csv' mode='r' encoding='UTF-8'>
  rows = [r for r in _csv.reader(f.open())
ResourceWarning: Enable tracemalloc to get the object allocation traceback
/home/alexander/Schreibtisch/ofa-v2/src/tools/result_audit.py:1341: ResourceWarning: unclosed file <_io.TextIOWrapper name='/home/alexander/Schreibtisch/ofa-v2/campaign3_blind/runs/NG2_27b_MCP_seed4403/work/solution_level3.csv' mode='r' encoding='UTF-8'>
  rows = [r for r in _csv.reader(f.open())
ResourceWarning: Enable tracemalloc to get the object allocation traceback
/home/alexander/Schreibtisch/ofa-v2/src/tools/result_audit.py:1341: ResourceWarning: unclosed file <_io.TextIOWrapper name='/home/alexander/Schreibtisch/ofa-v2/campaign3_blind/runs/NG2_27b_MCP_seed4402/work/solution_level1.csv' mode='r' encoding='UTF-8'>
  rows = [r for r in _csv.reader(f.open())
ResourceWarning: Enable tracemalloc to get the object allocation traceback
/home/alexander/Schreibtisch/ofa-v2/src/tools/result_audit.py:1341: ResourceWarning: unclosed file <_io.TextIOWrapper name='/home/alexander/Schreibtisch/ofa-v2/campaign3_blind/runs/NG2_27b_MCP_seed4402/work/solution_level2.csv' mode='r' encoding='UTF-8'>
  rows = [r for r in _csv.reader(f.open())
ResourceWarning: Enable tracemalloc to get the object allocation traceback
/home/alexander/Schreibtisch/ofa-v2/src/tools/result_audit.py:1341: ResourceWarning: unclosed file <_io.TextIOWrapper name='/home/alexander/Schreibtisch/ofa-v2/campaign3_blind/runs/NG2_27b_MCP_seed4402/work/solution_level3.csv' mode='r' encoding='UTF-8'>
  rows = [r for r in _csv.reader(f.open())
ResourceWarning: Enable tracemalloc to get the object allocation traceback
/home/alexander/Schreibtisch/ofa-v2/src/tools/result_audit.py:534: ResourceWarning: unclosed file <_io.TextIOWrapper name='/home/alexander/Schreibtisch/ofa-v2/campaign3_blind/runs/NG2_27b_MCP_seed4402/work/solution_level1.csv' mode='r' encoding='UTF-8'>
  rows = sum(1 for _ in open(sol0[0], errors="ignore")) - 1
ResourceWarning: Enable tracemalloc to get the object allocation traceback
/home/alexander/Schreibtisch/ofa-v2/src/tools/result_audit.py:1341: ResourceWarning: unclosed file <_io.TextIOWrapper name='/home/alexander/Schreibtisch/ofa-v2/campaign3_blind/runs/NG2_27b_MCP_seed4402/work/solution_level1.csv' mode='r' encoding='UTF-8'>
  rows = [r for r in _csv.reader(f.open())
ResourceWarning: Enable tracemalloc to get the object allocation traceback
/home/alexander/Schreibtisch/ofa-v2/src/tools/result_audit.py:1341: ResourceWarning: unclosed file <_io.TextIOWrapper name='/home/alexander/Schreibtisch/ofa-v2/campaign3_blind/runs/NG2_27b_MCP_seed4402/work/solution_level2.csv' mode='r' encoding='UTF-8'>
  rows = [r for r in _csv.reader(f.open())
ResourceWarning: Enable tracemalloc to get the object allocation traceback
/home/alexander/Schreibtisch/ofa-v2/src/tools/result_audit.py:1341: ResourceWarning: unclosed file <_io.TextIOWrapper name='/home/alexander/Schreibtisch/ofa-v2/campaign3_blind/runs/NG2_27b_MCP_seed4402/work/solution_level3.csv' mode='r' encoding='UTF-8'>
  rows = [r for r in _csv.reader(f.open())
ResourceWarning: Enable tracemalloc to get the object allocation traceback
/home/alexander/Schreibtisch/ofa-v2/src/tools/result_audit.py:1341: ResourceWarning: unclosed file <_io.TextIOWrapper name='/home/alexander/Schreibtisch/ofa-v2/campaign3_blind/runs/NG2_27b_MCP_seed4403/work/solution_level1.csv' mode='r' encoding='UTF-8'>
  rows = [r for r in _csv.reader(f.open())
ResourceWarning: Enable tracemalloc to get the object allocation traceback
/home/alexander/Schreibtisch/ofa-v2/src/tools/result_audit.py:1341: ResourceWarning: unclosed file <_io.TextIOWrapper name='/home/alexander/Schreibtisch/ofa-v2/campaign3_blind/runs/NG2_27b_MCP_seed4403/work/solution_level2.csv' mode='r' encoding='UTF-8'>
  rows = [r for r in _csv.reader(f.open())
ResourceWarning: Enable tracemalloc to get the object allocation traceback
/home/alexander/Schreibtisch/ofa-v2/src/tools/result_audit.py:1341: ResourceWarning: unclosed file <_io.TextIOWrapper name='/home/alexander/Schreibtisch/ofa-v2/campaign3_blind/runs/NG2_27b_MCP_seed4403/work/solution_level3.csv' mode='r' encoding='UTF-8'>
  rows = [r for r in _csv.reader(f.open())
ResourceWarning: Enable tracemalloc to get the object allocation traceback
/home/alexander/Schreibtisch/ofa-v2/src/tools/result_audit.py:534: ResourceWarning: unclosed file <_io.TextIOWrapper name='/home/alexander/Schreibtisch/ofa-v2/campaign3_blind/runs/NG2_27b_MCP_seed4403/work/solution_level1.csv' mode='r' encoding='UTF-8'>
  rows = sum(1 for _ in open(sol0[0], errors="ignore")) - 1
ResourceWarning: Enable tracemalloc to get the object allocation traceback
/home/alexander/Schreibtisch/ofa-v2/src/tools/result_audit.py:1341: ResourceWarning: unclosed file <_io.TextIOWrapper name='/home/alexander/Schreibtisch/ofa-v2/campaign3_blind/runs/NG2_27b_MCP_seed4403/work/solution_level1.csv' mode='r' encoding='UTF-8'>
  rows = [r for r in _csv.reader(f.open())
ResourceWarning: Enable tracemalloc to get the object allocation traceback
/home/alexander/Schreibtisch/ofa-v2/src/tools/result_audit.py:1341: ResourceWarning: unclosed file <_io.TextIOWrapper name='/home/alexander/Schreibtisch/ofa-v2/campaign3_blind/runs/NG2_27b_MCP_seed4403/work/solution_level2.csv' mode='r' encoding='UTF-8'>
  rows = [r for r in _csv.reader(f.open())
ResourceWarning: Enable tracemalloc to get the object allocation traceback
/home/alexander/Schreibtisch/ofa-v2/src/tools/result_audit.py:1341: ResourceWarning: unclosed file <_io.TextIOWrapper name='/home/alexander/Schreibtisch/ofa-v2/campaign3_blind/runs/NG2_27b_MCP_seed4403/work/solution_level3.csv' mode='r' encoding='UTF-8'>
  rows = [r for r in _csv.reader(f.open())
ResourceWarning: Enable tracemalloc to get the object allocation traceback
/home/alexander/Schreibtisch/ofa-v2/src/tools/result_audit.py:1341: ResourceWarning: unclosed file <_io.TextIOWrapper name='/home/alexander/Schreibtisch/ofa-v2/campaign3_blind/runs/NG2_27b_MCP_seed4402/work/solution_level1.csv' mode='r' encoding='UTF-8'>
  rows = [r for r in _csv.reader(f.open())
ResourceWarning: Enable tracemalloc to get the object allocation traceback
/home/alexander/Schreibtisch/ofa-v2/src/tools/result_audit.py:1341: ResourceWarning: unclosed file <_io.TextIOWrapper name='/home/alexander/Schreibtisch/ofa-v2/campaign3_blind/runs/NG2_27b_MCP_seed4402/work/solution_level2.csv' mode='r' encoding='UTF-8'>
  rows = [r for r in _csv.reader(f.open())
ResourceWarning: Enable tracemalloc to get the object allocation traceback
/home/alexander/Schreibtisch/ofa-v2/src/tools/result_audit.py:1341: ResourceWarning: unclosed file <_io.TextIOWrapper name='/home/alexander/Schreibtisch/ofa-v2/campaign3_blind/runs/NG2_27b_MCP_seed4402/work/solution_level3.csv' mode='r' encoding='UTF-8'>
  rows = [r for r in _csv.reader(f.open())
ResourceWarning: Enable tracemalloc to get the object allocation traceback
/home/alexander/Schreibtisch/ofa-v2/src/tools/result_audit.py:534: ResourceWarning: unclosed file <_io.TextIOWrapper name='/home/alexander/Schreibtisch/ofa-v2/campaign3_blind/runs/NG2_27b_MCP_seed4402/work/solution_level1.csv' mode='r' encoding='UTF-8'>
  rows = sum(1 for _ in open(sol0[0], errors="ignore")) - 1
ResourceWarning: Enable tracemalloc to get the object allocation traceback
/home/alexander/Schreibtisch/ofa-v2/src/tools/result_audit.py:1341: ResourceWarning: unclosed file <_io.TextIOWrapper name='/home/alexander/Schreibtisch/ofa-v2/campaign3_blind/runs/NG2_27b_MCP_seed4402/work/solution_level1.csv' mode='r' encoding='UTF-8'>
  rows = [r for r in _csv.reader(f.open())
ResourceWarning: Enable tracemalloc to get the object allocation traceback
/home/alexander/Schreibtisch/ofa-v2/src/tools/result_audit.py:1341: ResourceWarning: unclosed file <_io.TextIOWrapper name='/home/alexander/Schreibtisch/ofa-v2/campaign3_blind/runs/NG2_27b_MCP_seed4402/work/solution_level2.csv' mode='r' encoding='UTF-8'>
  rows = [r for r in _csv.reader(f.open())
ResourceWarning: Enable tracemalloc to get the object allocation traceback
/home/alexander/Schreibtisch/ofa-v2/src/tools/result_audit.py:1341: ResourceWarning: unclosed file <_io.TextIOWrapper name='/home/alexander/Schreibtisch/ofa-v2/campaign3_blind/runs/NG2_27b_MCP_seed4402/work/solution_level3.csv' mode='r' encoding='UTF-8'>
  rows = [r for r in _csv.reader(f.open())
ResourceWarning: Enable tracemalloc to get the object allocation traceback
2026-09-04 06:11:20,682 [mcp.server.lowlevel.server] INFO: Processing request of type CallToolRequest
2026-09-04 06:11:25,625 [mcp.server.lowlevel.server] INFO: Processing request of type CallToolRequest
2026-09-04 06:11:29,480 [oasis] INFO: Session journal saved: /tmp/oasis-source/data/sessions/session_4efae9f6-83b5-478f-9edf-418433eade44.json (7 events)
[preflight] custody controls verified for 1 problem(s); keys sealed and unreadable by execution
[phase: development] results are for post-mortems and convergence checking, NOT for the paper's evaluation table.
[DUNE cache] sha256=dc2d5b8ff2ebf98e... (neutral, private copy per cell)
[NG2 27b MCP s4402] done  calls=56 tok=5361217/92279 1442.8s
/home/alexander/.local/share/python/cpython-3.12.13-linux-x86_64-gnu/lib/python3.12/asyncio/selector_events.py:879: ResourceWarning: unclosed transport <_SelectorSocketTransport fd=9>
<<< NG2 seed 4402 done 2026-09-04 06:11:30
2026-09-04 06:12:37,584 [mcp.server.lowlevel.server] INFO: Processing request of type CallToolRequest
/home/alexander/Schreibtisch/ofa-v2/src/tools/result_audit.py:1341: ResourceWarning: unclosed file <_io.TextIOWrapper name='/home/alexander/Schreibtisch/ofa-v2/campaign3_blind/runs/NG2_27b_MCP_seed4403/work/solution_level1.csv' mode='r' encoding='UTF-8'>
  rows = [r for r in _csv.reader(f.open())
ResourceWarning: Enable tracemalloc to get the object allocation traceback
/home/alexander/Schreibtisch/ofa-v2/src/tools/result_audit.py:1341: ResourceWarning: unclosed file <_io.TextIOWrapper name='/home/alexander/Schreibtisch/ofa-v2/campaign3_blind/runs/NG2_27b_MCP_seed4403/work/solution_level2.csv' mode='r' encoding='UTF-8'>
  rows = [r for r in _csv.reader(f.open())
ResourceWarning: Enable tracemalloc to get the object allocation traceback
/home/alexander/Schreibtisch/ofa-v2/src/tools/result_audit.py:1341: ResourceWarning: unclosed file <_io.TextIOWrapper name='/home/alexander/Schreibtisch/ofa-v2/campaign3_blind/runs/NG2_27b_MCP_seed4403/work/solution_level3.csv' mode='r' encoding='UTF-8'>
  rows = [r for r in _csv.reader(f.open())
ResourceWarning: Enable tracemalloc to get the object allocation traceback
/home/alexander/Schreibtisch/ofa-v2/src/tools/result_audit.py:534: ResourceWarning: unclosed file <_io.TextIOWrapper name='/home/alexander/Schreibtisch/ofa-v2/campaign3_blind/runs/NG2_27b_MCP_seed4403/work/solution_level1.csv' mode='r' encoding='UTF-8'>
  rows = sum(1 for _ in open(sol0[0], errors="ignore")) - 1
ResourceWarning: Enable tracemalloc to get the object allocation traceback
/home/alexander/Schreibtisch/ofa-v2/src/tools/result_audit.py:1341: ResourceWarning: unclosed file <_io.TextIOWrapper name='/home/alexander/Schreibtisch/ofa-v2/campaign3_blind/runs/NG2_27b_MCP_seed4403/work/solution_level1.csv' mode='r' encoding='UTF-8'>
  rows = [r for r in _csv.reader(f.open())
ResourceWarning: Enable tracemalloc to get the object allocation traceback
/home/alexander/Schreibtisch/ofa-v2/src/tools/result_audit.py:1341: ResourceWarning: unclosed file <_io.TextIOWrapper name='/home/alexander/Schreibtisch/ofa-v2/campaign3_blind/runs/NG2_27b_MCP_seed4403/work/solution_level2.csv' mode='r' encoding='UTF-8'>
  rows = [r for r in _csv.reader(f.open())
ResourceWarning: Enable tracemalloc to get the object allocation traceback
/home/alexander/Schreibtisch/ofa-v2/src/tools/result_audit.py:1341: ResourceWarning: unclosed file <_io.TextIOWrapper name='/home/alexander/Schreibtisch/ofa-v2/campaign3_blind/runs/NG2_27b_MCP_seed4403/work/solution_level3.csv' mode='r' encoding='UTF-8'>
  rows = [r for r in _csv.reader(f.open())
ResourceWarning: Enable tracemalloc to get the object allocation traceback
2026-09-04 06:19:23,970 [mcp.server.lowlevel.server] INFO: Processing request of type CallToolRequest
/home/alexander/Schreibtisch/ofa-v2/src/tools/result_audit.py:534: ResourceWarning: unclosed file <_io.TextIOWrapper name='/home/alexander/Schreibtisch/ofa-v2/campaign3_blind/runs/NG2_27b_MCP_seed4403/work/solution_level1.csv' mode='r' encoding='UTF-8'>
  rows = sum(1 for _ in open(sol0[0], errors="ignore")) - 1
ResourceWarning: Enable tracemalloc to get the object allocation traceback
/home/alexander/Schreibtisch/ofa-v2/src/tools/result_audit.py:1341: ResourceWarning: unclosed file <_io.TextIOWrapper name='/home/alexander/Schreibtisch/ofa-v2/campaign3_blind/runs/NG2_27b_MCP_seed4403/work/solution_level1.csv' mode='r' encoding='UTF-8'>
  rows = [r for r in _csv.reader(f.open())
ResourceWarning: Enable tracemalloc to get the object allocation traceback
/home/alexander/Schreibtisch/ofa-v2/src/tools/result_audit.py:1341: ResourceWarning: unclosed file <_io.TextIOWrapper name='/home/alexander/Schreibtisch/ofa-v2/campaign3_blind/runs/NG2_27b_MCP_seed4403/work/solution_level2.csv' mode='r' encoding='UTF-8'>
  rows = [r for r in _csv.reader(f.open())
ResourceWarning: Enable tracemalloc to get the object allocation traceback
/home/alexander/Schreibtisch/ofa-v2/src/tools/result_audit.py:1341: ResourceWarning: unclosed file <_io.TextIOWrapper name='/home/alexander/Schreibtisch/ofa-v2/campaign3_blind/runs/NG2_27b_MCP_seed4403/work/solution_level3.csv' mode='r' encoding='UTF-8'>
  rows = [r for r in _csv.reader(f.open())
ResourceWarning: Enable tracemalloc to get the object allocation traceback
2026-09-04 06:19:36,054 [oasis] INFO: Session journal saved: /tmp/oasis-source/data/sessions/session_e112717b-ac06-4bc8-aaa7-cd1682105a26.json (7 events)
[preflight] custody controls verified for 1 problem(s); keys sealed and unreadable by execution
[phase: development] results are for post-mortems and convergence checking, NOT for the paper's evaluation table.
[DUNE cache] sha256=dc2d5b8ff2ebf98e... (neutral, private copy per cell)
[NG2 27b MCP s4403] done  calls=61 tok=5736488/92920 1929.5s
/home/alexander/.local/share/python/cpython-3.12.13-linux-x86_64-gnu/lib/python3.12/asyncio/selector_events.py:879: ResourceWarning: unclosed transport <_SelectorSocketTransport fd=9>
<<< NG2 seed 4403 done 2026-09-04 06:19:36
2026-09-04 06:21:52,991 [oasis] INFO: Session journal saved: /tmp/oasis-source/data/sessions/session_6b514754-363e-4c65-93af-608e0bb5f95f.json (7 events)
[preflight] custody controls verified for 1 problem(s); keys sealed and unreadable by execution
[phase: development] results are for post-mortems and convergence checking, NOT for the paper's evaluation table.
[DUNE cache] sha256=dc2d5b8ff2ebf98e... (neutral, private copy per cell)
[NG2 27b MCP s4401] done  calls=58 tok=6205706/110373 2066.2s
/home/alexander/.local/share/python/cpython-3.12.13-linux-x86_64-gnu/lib/python3.12/asyncio/selector_events.py:879: ResourceWarning: unclosed transport <_SelectorSocketTransport fd=9>
<<< NG2 seed 4401 done 2026-09-04 06:21:53
>>> NG2 MCP complete 2026-09-04 06:21:53
