>>> C9 MCP seeds 21 22 23  start 2026-08-29 11:12:01
2026-08-29 11:12:15,880 [oasis.registry] INFO: Loaded discovered config: 5 backends
2026-08-29 11:12:15,882 [oasis.registry] INFO: Registered backend: 4C Multiphysics (fourc)
2026-08-29 11:12:15,883 [oasis.registry] INFO: Registered backend: FEniCSx (dolfinx) (fenics)
2026-08-29 11:12:15,884 [oasis.registry] INFO: Registered backend: deal.II (dealii)
2026-08-29 11:12:15,887 [oasis.registry] INFO: Registered backend: FEBio (febio)
2026-08-29 11:12:15,890 [oasis.registry] INFO: Registered backend: NGSolve (ngsolve)
2026-08-29 11:12:15,890 [oasis.ngsolve] INFO: NGSolve backend registered
2026-08-29 11:12:15,892 [oasis.registry] INFO: Registered backend: scikit-fem (skfem)
2026-08-29 11:12:15,892 [oasis.skfem] INFO: scikit-fem backend registered
2026-08-29 11:12:15,896 [oasis.registry] INFO: Registered backend: Kratos Multiphysics (kratos)
2026-08-29 11:12:15,896 [oasis.kratos] INFO: Kratos Multiphysics backend registered
2026-08-29 11:12:15,898 [oasis.registry] INFO: Registered backend: DUNE-fem (dune)
2026-08-29 11:12:15,898 [oasis.dune] INFO: DUNE-fem backend registered
2026-08-29 11:12:15,903 [oasis.registry] INFO: Registered backend: SPARTA (DSMC) (sparta)
2026-08-29 11:12:15,903 [oasis.sparta] INFO: SPARTA (DSMC) backend registered
2026-08-29 11:12:15,903 [oasis] INFO: Starting OASiS MCP server
2026-08-29 11:12:15,906 [oasis.registry] INFO: Loaded discovered config: 5 backends
2026-08-29 11:12:15,908 [oasis.registry] INFO: Registered backend: 4C Multiphysics (fourc)
2026-08-29 11:12:15,908 [oasis.registry] INFO: Registered backend: FEniCSx (dolfinx) (fenics)
2026-08-29 11:12:15,909 [oasis.registry] INFO: Registered backend: deal.II (dealii)
2026-08-29 11:12:15,911 [mcp.server.lowlevel.server] INFO: Processing request of type ListToolsRequest
2026-08-29 11:12:15,912 [oasis.registry] INFO: Registered backend: FEBio (febio)
2026-08-29 11:12:15,914 [oasis.registry] INFO: Registered backend: NGSolve (ngsolve)
2026-08-29 11:12:15,914 [oasis.ngsolve] INFO: NGSolve backend registered
2026-08-29 11:12:15,917 [oasis.registry] INFO: Registered backend: scikit-fem (skfem)
2026-08-29 11:12:15,917 [oasis.skfem] INFO: scikit-fem backend registered
2026-08-29 11:12:15,921 [oasis.registry] INFO: Registered backend: Kratos Multiphysics (kratos)
2026-08-29 11:12:15,921 [oasis.kratos] INFO: Kratos Multiphysics backend registered
2026-08-29 11:12:15,923 [oasis.registry] INFO: Registered backend: DUNE-fem (dune)
2026-08-29 11:12:15,923 [oasis.dune] INFO: DUNE-fem backend registered
2026-08-29 11:12:15,929 [oasis.registry] INFO: Registered backend: SPARTA (DSMC) (sparta)
2026-08-29 11:12:15,929 [oasis.sparta] INFO: SPARTA (DSMC) backend registered
2026-08-29 11:12:15,929 [oasis] INFO: Starting OASiS MCP server
2026-08-29 11:12:15,936 [mcp.server.lowlevel.server] INFO: Processing request of type ListToolsRequest
2026-08-29 11:12:16,078 [oasis.registry] INFO: Loaded discovered config: 5 backends
2026-08-29 11:12:16,080 [oasis.registry] INFO: Registered backend: 4C Multiphysics (fourc)
2026-08-29 11:12:16,080 [oasis.registry] INFO: Registered backend: FEniCSx (dolfinx) (fenics)
2026-08-29 11:12:16,081 [oasis.registry] INFO: Registered backend: deal.II (dealii)
2026-08-29 11:12:16,084 [oasis.registry] INFO: Registered backend: FEBio (febio)
2026-08-29 11:12:16,086 [oasis.registry] INFO: Registered backend: NGSolve (ngsolve)
2026-08-29 11:12:16,086 [oasis.ngsolve] INFO: NGSolve backend registered
2026-08-29 11:12:16,089 [oasis.registry] INFO: Registered backend: scikit-fem (skfem)
2026-08-29 11:12:16,089 [oasis.skfem] INFO: scikit-fem backend registered
2026-08-29 11:12:16,093 [oasis.registry] INFO: Registered backend: Kratos Multiphysics (kratos)
2026-08-29 11:12:16,093 [oasis.kratos] INFO: Kratos Multiphysics backend registered
2026-08-29 11:12:16,095 [oasis.registry] INFO: Registered backend: DUNE-fem (dune)
2026-08-29 11:12:16,095 [oasis.dune] INFO: DUNE-fem backend registered
2026-08-29 11:12:16,100 [oasis.registry] INFO: Registered backend: SPARTA (DSMC) (sparta)
2026-08-29 11:12:16,100 [oasis.sparta] INFO: SPARTA (DSMC) backend registered
2026-08-29 11:12:16,100 [oasis] INFO: Starting OASiS MCP server
2026-08-29 11:12:16,110 [mcp.server.lowlevel.server] INFO: Processing request of type ListToolsRequest
2026-08-29 11:12:23,478 [oasis.registry] INFO: Loaded discovered config: 5 backends
2026-08-29 11:12:23,480 [oasis.registry] INFO: Registered backend: 4C Multiphysics (fourc)
2026-08-29 11:12:23,480 [oasis.registry] INFO: Registered backend: FEniCSx (dolfinx) (fenics)
2026-08-29 11:12:23,480 [oasis.registry] INFO: Loaded discovered config: 5 backends
2026-08-29 11:12:23,481 [oasis.registry] INFO: Registered backend: deal.II (dealii)
2026-08-29 11:12:23,482 [oasis.registry] INFO: Registered backend: 4C Multiphysics (fourc)
2026-08-29 11:12:23,482 [oasis.registry] INFO: Registered backend: FEniCSx (dolfinx) (fenics)
2026-08-29 11:12:23,483 [oasis.registry] INFO: Registered backend: deal.II (dealii)
2026-08-29 11:12:23,484 [oasis.registry] INFO: Registered backend: FEBio (febio)
2026-08-29 11:12:23,485 [oasis.registry] INFO: Loaded discovered config: 5 backends
2026-08-29 11:12:23,486 [oasis.registry] INFO: Registered backend: NGSolve (ngsolve)
2026-08-29 11:12:23,486 [oasis.ngsolve] INFO: NGSolve backend registered
2026-08-29 11:12:23,486 [oasis.registry] INFO: Registered backend: FEBio (febio)
2026-08-29 11:12:23,487 [oasis.registry] INFO: Registered backend: 4C Multiphysics (fourc)
2026-08-29 11:12:23,488 [oasis.registry] INFO: Registered backend: FEniCSx (dolfinx) (fenics)
2026-08-29 11:12:23,488 [oasis.registry] INFO: Registered backend: deal.II (dealii)
2026-08-29 11:12:23,488 [oasis.registry] INFO: Registered backend: NGSolve (ngsolve)
2026-08-29 11:12:23,488 [oasis.ngsolve] INFO: NGSolve backend registered
2026-08-29 11:12:23,489 [oasis.registry] INFO: Registered backend: scikit-fem (skfem)
2026-08-29 11:12:23,489 [oasis.skfem] INFO: scikit-fem backend registered
2026-08-29 11:12:23,491 [oasis.registry] INFO: Registered backend: scikit-fem (skfem)
2026-08-29 11:12:23,491 [oasis.skfem] INFO: scikit-fem backend registered
2026-08-29 11:12:23,491 [oasis.registry] INFO: Registered backend: FEBio (febio)
2026-08-29 11:12:23,492 [oasis.registry] INFO: Registered backend: Kratos Multiphysics (kratos)
2026-08-29 11:12:23,492 [oasis.kratos] INFO: Kratos Multiphysics backend registered
2026-08-29 11:12:23,494 [oasis.registry] INFO: Registered backend: NGSolve (ngsolve)
2026-08-29 11:12:23,494 [oasis.ngsolve] INFO: NGSolve backend registered
2026-08-29 11:12:23,495 [oasis.registry] INFO: Registered backend: DUNE-fem (dune)
2026-08-29 11:12:23,495 [oasis.dune] INFO: DUNE-fem backend registered
2026-08-29 11:12:23,495 [oasis.registry] INFO: Registered backend: Kratos Multiphysics (kratos)
2026-08-29 11:12:23,495 [oasis.kratos] INFO: Kratos Multiphysics backend registered
2026-08-29 11:12:23,496 [oasis.registry] INFO: Registered backend: scikit-fem (skfem)
2026-08-29 11:12:23,496 [oasis.skfem] INFO: scikit-fem backend registered
2026-08-29 11:12:23,497 [oasis.registry] INFO: Registered backend: DUNE-fem (dune)
2026-08-29 11:12:23,497 [oasis.dune] INFO: DUNE-fem backend registered
2026-08-29 11:12:23,500 [oasis.registry] INFO: Registered backend: SPARTA (DSMC) (sparta)
2026-08-29 11:12:23,500 [oasis.sparta] INFO: SPARTA (DSMC) backend registered
2026-08-29 11:12:23,500 [oasis] INFO: Starting OASiS MCP server
2026-08-29 11:12:23,500 [oasis.registry] INFO: Registered backend: Kratos Multiphysics (kratos)
2026-08-29 11:12:23,500 [oasis.kratos] INFO: Kratos Multiphysics backend registered
2026-08-29 11:12:23,502 [oasis.registry] INFO: Registered backend: SPARTA (DSMC) (sparta)
2026-08-29 11:12:23,502 [oasis.sparta] INFO: SPARTA (DSMC) backend registered
2026-08-29 11:12:23,502 [oasis] INFO: Starting OASiS MCP server
2026-08-29 11:12:23,502 [oasis.registry] INFO: Registered backend: DUNE-fem (dune)
2026-08-29 11:12:23,502 [oasis.dune] INFO: DUNE-fem backend registered
2026-08-29 11:12:23,507 [oasis.registry] INFO: Registered backend: SPARTA (DSMC) (sparta)
2026-08-29 11:12:23,507 [oasis.sparta] INFO: SPARTA (DSMC) backend registered
2026-08-29 11:12:23,507 [oasis] INFO: Starting OASiS MCP server
2026-08-29 11:12:23,507 [mcp.server.lowlevel.server] INFO: Processing request of type CallToolRequest
2026-08-29 11:12:23,509 [mcp.server.lowlevel.server] INFO: Processing request of type CallToolRequest
2026-08-29 11:12:23,512 [mcp.server.lowlevel.server] INFO: Processing request of type ListToolsRequest
2026-08-29 11:12:23,513 [mcp.server.lowlevel.server] INFO: Processing request of type ListToolsRequest
2026-08-29 11:12:23,518 [oasis] INFO: Session journal saved: /home/alexander/Schreibtisch/ofa-v2/data/sessions/session_3706db34-ee12-41b2-af03-d5dfae6290bc.json (1 events)
2026-08-29 11:12:23,519 [mcp.server.lowlevel.server] INFO: Processing request of type CallToolRequest
2026-08-29 11:12:23,521 [oasis] INFO: Session journal saved: /home/alexander/Schreibtisch/ofa-v2/data/sessions/session_f9e4391d-9830-47c8-addc-47680551680c.json (1 events)
2026-08-29 11:12:23,537 [mcp.server.lowlevel.server] INFO: Processing request of type ListToolsRequest
2026-08-29 11:12:23,545 [oasis] INFO: Session journal saved: /home/alexander/Schreibtisch/ofa-v2/data/sessions/session_f6b0bca7-5797-4ff6-bd2e-02e199b4ed62.json (1 events)
2026-08-29 11:12:29,396 [oasis.registry] INFO: Loaded discovered config: 5 backends
2026-08-29 11:12:29,398 [oasis.registry] INFO: Registered backend: 4C Multiphysics (fourc)
2026-08-29 11:12:29,398 [oasis.registry] INFO: Registered backend: FEniCSx (dolfinx) (fenics)
2026-08-29 11:12:29,399 [oasis.registry] INFO: Registered backend: deal.II (dealii)
2026-08-29 11:12:29,402 [oasis.registry] INFO: Registered backend: FEBio (febio)
2026-08-29 11:12:29,402 [oasis.registry] INFO: Loaded discovered config: 5 backends
2026-08-29 11:12:29,404 [oasis.registry] INFO: Registered backend: 4C Multiphysics (fourc)
2026-08-29 11:12:29,404 [oasis.registry] INFO: Registered backend: FEniCSx (dolfinx) (fenics)
2026-08-29 11:12:29,404 [oasis.registry] INFO: Registered backend: NGSolve (ngsolve)
2026-08-29 11:12:29,404 [oasis.ngsolve] INFO: NGSolve backend registered
2026-08-29 11:12:29,405 [oasis.registry] INFO: Registered backend: deal.II (dealii)
2026-08-29 11:12:29,405 [oasis.registry] INFO: Loaded discovered config: 5 backends
2026-08-29 11:12:29,405 [oasis.registry] INFO: Loaded discovered config: 5 backends
2026-08-29 11:12:29,407 [oasis.registry] INFO: Registered backend: 4C Multiphysics (fourc)
2026-08-29 11:12:29,407 [oasis.registry] INFO: Registered backend: 4C Multiphysics (fourc)
2026-08-29 11:12:29,407 [oasis.registry] INFO: Registered backend: scikit-fem (skfem)
2026-08-29 11:12:29,407 [oasis.skfem] INFO: scikit-fem backend registered
2026-08-29 11:12:29,407 [oasis.registry] INFO: Registered backend: FEniCSx (dolfinx) (fenics)
2026-08-29 11:12:29,408 [oasis.registry] INFO: Registered backend: FEBio (febio)
2026-08-29 11:12:29,408 [oasis.registry] INFO: Registered backend: FEniCSx (dolfinx) (fenics)
2026-08-29 11:12:29,408 [oasis.registry] INFO: Registered backend: deal.II (dealii)
2026-08-29 11:12:29,409 [oasis.registry] INFO: Registered backend: deal.II (dealii)
2026-08-29 11:12:29,410 [oasis.registry] INFO: Registered backend: NGSolve (ngsolve)
2026-08-29 11:12:29,410 [oasis.ngsolve] INFO: NGSolve backend registered
2026-08-29 11:12:29,411 [oasis.registry] INFO: Registered backend: Kratos Multiphysics (kratos)
2026-08-29 11:12:29,411 [oasis.kratos] INFO: Kratos Multiphysics backend registered
2026-08-29 11:12:29,411 [oasis.registry] INFO: Registered backend: FEBio (febio)
2026-08-29 11:12:29,412 [oasis.registry] INFO: Registered backend: FEBio (febio)
2026-08-29 11:12:29,413 [oasis.registry] INFO: Registered backend: scikit-fem (skfem)
2026-08-29 11:12:29,413 [oasis.skfem] INFO: scikit-fem backend registered
2026-08-29 11:12:29,413 [oasis.registry] INFO: Registered backend: DUNE-fem (dune)
2026-08-29 11:12:29,413 [oasis.dune] INFO: DUNE-fem backend registered
2026-08-29 11:12:29,414 [oasis.registry] INFO: Registered backend: NGSolve (ngsolve)
2026-08-29 11:12:29,414 [oasis.ngsolve] INFO: NGSolve backend registered
2026-08-29 11:12:29,415 [oasis.registry] INFO: Registered backend: NGSolve (ngsolve)
2026-08-29 11:12:29,415 [oasis.ngsolve] INFO: NGSolve backend registered
2026-08-29 11:12:29,416 [oasis.registry] INFO: Registered backend: scikit-fem (skfem)
2026-08-29 11:12:29,416 [oasis.registry] INFO: Registered backend: Kratos Multiphysics (kratos)
2026-08-29 11:12:29,416 [oasis.skfem] INFO: scikit-fem backend registered
2026-08-29 11:12:29,416 [oasis.kratos] INFO: Kratos Multiphysics backend registered
2026-08-29 11:12:29,417 [oasis.registry] INFO: Registered backend: scikit-fem (skfem)
2026-08-29 11:12:29,417 [oasis.skfem] INFO: scikit-fem backend registered
2026-08-29 11:12:29,419 [oasis.registry] INFO: Registered backend: SPARTA (DSMC) (sparta)
2026-08-29 11:12:29,419 [oasis.sparta] INFO: SPARTA (DSMC) backend registered
2026-08-29 11:12:29,419 [oasis] INFO: Starting OASiS MCP server
2026-08-29 11:12:29,419 [oasis.registry] INFO: Registered backend: DUNE-fem (dune)
2026-08-29 11:12:29,419 [oasis.dune] INFO: DUNE-fem backend registered
2026-08-29 11:12:29,420 [oasis.registry] INFO: Registered backend: Kratos Multiphysics (kratos)
2026-08-29 11:12:29,420 [oasis.kratos] INFO: Kratos Multiphysics backend registered
2026-08-29 11:12:29,421 [oasis.registry] INFO: Registered backend: Kratos Multiphysics (kratos)
2026-08-29 11:12:29,421 [oasis.kratos] INFO: Kratos Multiphysics backend registered
2026-08-29 11:12:29,423 [oasis.registry] INFO: Registered backend: DUNE-fem (dune)
2026-08-29 11:12:29,423 [oasis.dune] INFO: DUNE-fem backend registered
2026-08-29 11:12:29,424 [oasis.registry] INFO: Registered backend: DUNE-fem (dune)
2026-08-29 11:12:29,424 [oasis.dune] INFO: DUNE-fem backend registered
2026-08-29 11:12:29,424 [oasis.registry] INFO: Registered backend: SPARTA (DSMC) (sparta)
2026-08-29 11:12:29,424 [oasis.sparta] INFO: SPARTA (DSMC) backend registered
2026-08-29 11:12:29,424 [oasis] INFO: Starting OASiS MCP server
2026-08-29 11:12:29,426 [mcp.server.lowlevel.server] INFO: Processing request of type CallToolRequest
2026-08-29 11:12:29,428 [oasis.registry] INFO: Registered backend: SPARTA (DSMC) (sparta)
2026-08-29 11:12:29,428 [oasis.sparta] INFO: SPARTA (DSMC) backend registered
2026-08-29 11:12:29,428 [oasis] INFO: Starting OASiS MCP server
2026-08-29 11:12:29,429 [oasis.registry] INFO: Registered backend: SPARTA (DSMC) (sparta)
2026-08-29 11:12:29,429 [oasis.sparta] INFO: SPARTA (DSMC) backend registered
2026-08-29 11:12:29,429 [oasis] INFO: Starting OASiS MCP server
2026-08-29 11:12:29,431 [mcp.server.lowlevel.server] INFO: Processing request of type CallToolRequest
2026-08-29 11:12:29,435 [mcp.server.lowlevel.server] INFO: Processing request of type CallToolRequest
2026-08-29 11:12:29,436 [mcp.server.lowlevel.server] INFO: Processing request of type CallToolRequest
2026-08-29 11:12:29,446 [mcp.server.lowlevel.server] INFO: Processing request of type ListToolsRequest
2026-08-29 11:12:29,454 [mcp.server.lowlevel.server] INFO: Processing request of type ListToolsRequest
2026-08-29 11:12:29,454 [oasis] INFO: Session journal saved: /home/alexander/Schreibtisch/ofa-v2/data/sessions/session_2b99204b-4f95-450f-a45f-78757b30295e.json (1 events)
2026-08-29 11:12:29,465 [oasis] INFO: Session journal saved: /home/alexander/Schreibtisch/ofa-v2/data/sessions/session_9bb44958-0cfa-4ce4-afbb-2c06514f4c77.json (1 events)
/home/alexander/Schreibtisch/ofa-v2/langgraph_eval/agent.py:270: RuntimeWarning: This package (`duckduckgo_search`) has been renamed to `ddgs`! Use `pip install ddgs` instead.
  with DDGS() as ddgs:
/home/alexander/Schreibtisch/ofa-v2/langgraph_eval/agent.py:270: RuntimeWarning: This package (`duckduckgo_search`) has been renamed to `ddgs`! Use `pip install ddgs` instead.
  with DDGS() as ddgs:
2026-08-29 11:12:32,831 [mcp.server.lowlevel.server] INFO: Processing request of type ListToolsRequest
2026-08-29 11:12:32,839 [oasis] INFO: Session journal saved: /home/alexander/Schreibtisch/ofa-v2/data/sessions/session_cb1cac8f-5c37-40b4-9b67-b60337bd07d6.json (1 events)
2026-08-29 11:12:32,929 [mcp.server.lowlevel.server] INFO: Processing request of type ListToolsRequest
2026-08-29 11:12:32,935 [oasis] INFO: Session journal saved: /home/alexander/Schreibtisch/ofa-v2/data/sessions/session_db785bd1-7195-4797-ba1e-6219c9d9fdea.json (1 events)
2026-08-29 11:12:33,148 [oasis.registry] INFO: Loaded discovered config: 5 backends
2026-08-29 11:12:33,150 [oasis.registry] INFO: Registered backend: 4C Multiphysics (fourc)
2026-08-29 11:12:33,151 [oasis.registry] INFO: Registered backend: FEniCSx (dolfinx) (fenics)
2026-08-29 11:12:33,151 [oasis.registry] INFO: Registered backend: deal.II (dealii)
2026-08-29 11:12:33,155 [oasis.registry] INFO: Registered backend: FEBio (febio)
2026-08-29 11:12:33,155 [oasis.registry] INFO: Loaded discovered config: 5 backends
2026-08-29 11:12:33,157 [oasis.registry] INFO: Registered backend: 4C Multiphysics (fourc)
2026-08-29 11:12:33,157 [oasis.registry] INFO: Registered backend: NGSolve (ngsolve)
2026-08-29 11:12:33,157 [oasis.ngsolve] INFO: NGSolve backend registered
2026-08-29 11:12:33,157 [oasis.registry] INFO: Registered backend: FEniCSx (dolfinx) (fenics)
2026-08-29 11:12:33,158 [oasis.registry] INFO: Registered backend: deal.II (dealii)
2026-08-29 11:12:33,160 [oasis.registry] INFO: Registered backend: scikit-fem (skfem)
2026-08-29 11:12:33,160 [oasis.skfem] INFO: scikit-fem backend registered
2026-08-29 11:12:33,161 [oasis.registry] INFO: Registered backend: FEBio (febio)
2026-08-29 11:12:33,163 [oasis.registry] INFO: Registered backend: NGSolve (ngsolve)
2026-08-29 11:12:33,163 [oasis.ngsolve] INFO: NGSolve backend registered
2026-08-29 11:12:33,164 [oasis.registry] INFO: Registered backend: Kratos Multiphysics (kratos)
2026-08-29 11:12:33,164 [oasis.kratos] INFO: Kratos Multiphysics backend registered
2026-08-29 11:12:33,166 [oasis.registry] INFO: Registered backend: DUNE-fem (dune)
2026-08-29 11:12:33,166 [oasis.dune] INFO: DUNE-fem backend registered
2026-08-29 11:12:33,166 [oasis.registry] INFO: Registered backend: scikit-fem (skfem)
2026-08-29 11:12:33,166 [oasis.skfem] INFO: scikit-fem backend registered
2026-08-29 11:12:33,170 [oasis.registry] INFO: Registered backend: Kratos Multiphysics (kratos)
2026-08-29 11:12:33,170 [oasis.kratos] INFO: Kratos Multiphysics backend registered
2026-08-29 11:12:33,171 [oasis.registry] INFO: Registered backend: SPARTA (DSMC) (sparta)
2026-08-29 11:12:33,171 [oasis.sparta] INFO: SPARTA (DSMC) backend registered
2026-08-29 11:12:33,171 [oasis] INFO: Starting OASiS MCP server
2026-08-29 11:12:33,173 [oasis.registry] INFO: Registered backend: DUNE-fem (dune)
2026-08-29 11:12:33,173 [oasis.dune] INFO: DUNE-fem backend registered
2026-08-29 11:12:33,178 [oasis.registry] INFO: Registered backend: SPARTA (DSMC) (sparta)
2026-08-29 11:12:33,178 [oasis.sparta] INFO: SPARTA (DSMC) backend registered
2026-08-29 11:12:33,178 [oasis] INFO: Starting OASiS MCP server
2026-08-29 11:12:33,180 [mcp.server.lowlevel.server] INFO: Processing request of type CallToolRequest
2026-08-29 11:12:33,186 [mcp.server.lowlevel.server] INFO: Processing request of type CallToolRequest
2026-08-29 11:12:33,201 [mcp.server.lowlevel.server] INFO: Processing request of type ListToolsRequest
2026-08-29 11:12:33,211 [oasis] INFO: Session journal saved: /home/alexander/Schreibtisch/ofa-v2/data/sessions/session_743111e3-6c21-46c2-9a3a-efd11795b994.json (1 events)
/home/alexander/Schreibtisch/ofa-v2/langgraph_eval/agent.py:270: RuntimeWarning: This package (`duckduckgo_search`) has been renamed to `ddgs`! Use `pip install ddgs` instead.
  with DDGS() as ddgs:
/home/alexander/Schreibtisch/ofa-v2/langgraph_eval/agent.py:270: RuntimeWarning: This package (`duckduckgo_search`) has been renamed to `ddgs`! Use `pip install ddgs` instead.
  with DDGS() as ddgs:
2026-08-29 11:12:40,881 [oasis.registry] INFO: Loaded discovered config: 5 backends
2026-08-29 11:12:40,883 [oasis.registry] INFO: Registered backend: 4C Multiphysics (fourc)
2026-08-29 11:12:40,884 [oasis.registry] INFO: Registered backend: FEniCSx (dolfinx) (fenics)
2026-08-29 11:12:40,884 [oasis.registry] INFO: Registered backend: deal.II (dealii)
2026-08-29 11:12:40,888 [oasis.registry] INFO: Registered backend: FEBio (febio)
2026-08-29 11:12:40,891 [oasis.registry] INFO: Registered backend: NGSolve (ngsolve)
2026-08-29 11:12:40,891 [oasis.ngsolve] INFO: NGSolve backend registered
2026-08-29 11:12:40,894 [oasis.registry] INFO: Registered backend: scikit-fem (skfem)
2026-08-29 11:12:40,894 [oasis.skfem] INFO: scikit-fem backend registered
2026-08-29 11:12:40,899 [oasis.registry] INFO: Registered backend: Kratos Multiphysics (kratos)
2026-08-29 11:12:40,899 [oasis.kratos] INFO: Kratos Multiphysics backend registered
2026-08-29 11:12:40,902 [oasis.registry] INFO: Registered backend: DUNE-fem (dune)
2026-08-29 11:12:40,902 [oasis.dune] INFO: DUNE-fem backend registered
2026-08-29 11:12:40,908 [oasis.registry] INFO: Registered backend: SPARTA (DSMC) (sparta)
2026-08-29 11:12:40,908 [oasis.sparta] INFO: SPARTA (DSMC) backend registered
2026-08-29 11:12:40,908 [oasis] INFO: Starting OASiS MCP server
2026-08-29 11:12:40,917 [mcp.server.lowlevel.server] INFO: Processing request of type CallToolRequest
2026-08-29 11:12:40,940 [mcp.server.lowlevel.server] INFO: Processing request of type ListToolsRequest
2026-08-29 11:12:40,947 [oasis] INFO: Session journal saved: /home/alexander/Schreibtisch/ofa-v2/data/sessions/session_c94cde10-c0f3-4193-bb9d-fc2adc5990a4.json (1 events)
/home/alexander/Schreibtisch/ofa-v2/langgraph_eval/agent.py:270: RuntimeWarning: This package (`duckduckgo_search`) has been renamed to `ddgs`! Use `pip install ddgs` instead.
  with DDGS() as ddgs:
/home/alexander/Schreibtisch/ofa-v2/langgraph_eval/agent.py:270: RuntimeWarning: This package (`duckduckgo_search`) has been renamed to `ddgs`! Use `pip install ddgs` instead.
  with DDGS() as ddgs:
/home/alexander/Schreibtisch/ofa-v2/langgraph_eval/agent.py:270: RuntimeWarning: This package (`duckduckgo_search`) has been renamed to `ddgs`! Use `pip install ddgs` instead.
  with DDGS() as ddgs:
/home/alexander/Schreibtisch/ofa-v2/langgraph_eval/agent.py:270: RuntimeWarning: This package (`duckduckgo_search`) has been renamed to `ddgs`! Use `pip install ddgs` instead.
  with DDGS() as ddgs:
/home/alexander/Schreibtisch/ofa-v2/langgraph_eval/agent.py:270: RuntimeWarning: This package (`duckduckgo_search`) has been renamed to `ddgs`! Use `pip install ddgs` instead.
  with DDGS() as ddgs:
2026-08-29 11:12:50,074 [oasis.registry] INFO: Loaded discovered config: 5 backends
2026-08-29 11:12:50,076 [oasis.registry] INFO: Registered backend: 4C Multiphysics (fourc)
2026-08-29 11:12:50,077 [oasis.registry] INFO: Registered backend: FEniCSx (dolfinx) (fenics)
2026-08-29 11:12:50,077 [oasis.registry] INFO: Registered backend: deal.II (dealii)
2026-08-29 11:12:50,080 [oasis.registry] INFO: Registered backend: FEBio (febio)
2026-08-29 11:12:50,083 [oasis.registry] INFO: Registered backend: NGSolve (ngsolve)
2026-08-29 11:12:50,083 [oasis.ngsolve] INFO: NGSolve backend registered
2026-08-29 11:12:50,085 [oasis.registry] INFO: Registered backend: scikit-fem (skfem)
2026-08-29 11:12:50,085 [oasis.skfem] INFO: scikit-fem backend registered
2026-08-29 11:12:50,089 [oasis.registry] INFO: Registered backend: Kratos Multiphysics (kratos)
2026-08-29 11:12:50,089 [oasis.kratos] INFO: Kratos Multiphysics backend registered
2026-08-29 11:12:50,091 [oasis.registry] INFO: Registered backend: DUNE-fem (dune)
2026-08-29 11:12:50,091 [oasis.dune] INFO: DUNE-fem backend registered
2026-08-29 11:12:50,096 [oasis.registry] INFO: Registered backend: SPARTA (DSMC) (sparta)
2026-08-29 11:12:50,096 [oasis.sparta] INFO: SPARTA (DSMC) backend registered
2026-08-29 11:12:50,096 [oasis] INFO: Starting OASiS MCP server
2026-08-29 11:12:50,105 [mcp.server.lowlevel.server] INFO: Processing request of type CallToolRequest
2026-08-29 11:12:50,125 [mcp.server.lowlevel.server] INFO: Processing request of type ListToolsRequest
2026-08-29 11:12:50,134 [oasis] INFO: Session journal saved: /home/alexander/Schreibtisch/ofa-v2/data/sessions/session_99183d78-1a60-4d8c-82d8-4bf17c5269b0.json (1 events)
/home/alexander/Schreibtisch/ofa-v2/langgraph_eval/agent.py:270: RuntimeWarning: This package (`duckduckgo_search`) has been renamed to `ddgs`! Use `pip install ddgs` instead.
  with DDGS() as ddgs:
/home/alexander/Schreibtisch/ofa-v2/langgraph_eval/agent.py:270: RuntimeWarning: This package (`duckduckgo_search`) has been renamed to `ddgs`! Use `pip install ddgs` instead.
  with DDGS() as ddgs:
/home/alexander/Schreibtisch/ofa-v2/langgraph_eval/agent.py:270: RuntimeWarning: This package (`duckduckgo_search`) has been renamed to `ddgs`! Use `pip install ddgs` instead.
  with DDGS() as ddgs:
/home/alexander/Schreibtisch/ofa-v2/langgraph_eval/agent.py:270: RuntimeWarning: This package (`duckduckgo_search`) has been renamed to `ddgs`! Use `pip install ddgs` instead.
  with DDGS() as ddgs:
/home/alexander/Schreibtisch/ofa-v2/langgraph_eval/agent.py:270: RuntimeWarning: This package (`duckduckgo_search`) has been renamed to `ddgs`! Use `pip install ddgs` instead.
  with DDGS() as ddgs:
/home/alexander/Schreibtisch/ofa-v2/langgraph_eval/agent.py:270: RuntimeWarning: This package (`duckduckgo_search`) has been renamed to `ddgs`! Use `pip install ddgs` instead.
  with DDGS() as ddgs:
/home/alexander/Schreibtisch/ofa-v2/langgraph_eval/agent.py:270: RuntimeWarning: This package (`duckduckgo_search`) has been renamed to `ddgs`! Use `pip install ddgs` instead.
  with DDGS() as ddgs:
/home/alexander/Schreibtisch/ofa-v2/langgraph_eval/agent.py:270: RuntimeWarning: This package (`duckduckgo_search`) has been renamed to `ddgs`! Use `pip install ddgs` instead.
  with DDGS() as ddgs:
2026-08-29 11:13:00,989 [oasis.registry] INFO: Loaded discovered config: 5 backends
2026-08-29 11:13:00,991 [oasis.registry] INFO: Registered backend: 4C Multiphysics (fourc)
2026-08-29 11:13:00,991 [oasis.registry] INFO: Registered backend: FEniCSx (dolfinx) (fenics)
2026-08-29 11:13:00,992 [oasis.registry] INFO: Registered backend: deal.II (dealii)
2026-08-29 11:13:00,995 [oasis.registry] INFO: Registered backend: FEBio (febio)
2026-08-29 11:13:00,998 [oasis.registry] INFO: Registered backend: NGSolve (ngsolve)
2026-08-29 11:13:00,998 [oasis.ngsolve] INFO: NGSolve backend registered
2026-08-29 11:13:01,000 [oasis.registry] INFO: Registered backend: scikit-fem (skfem)
2026-08-29 11:13:01,000 [oasis.skfem] INFO: scikit-fem backend registered
2026-08-29 11:13:01,004 [oasis.registry] INFO: Registered backend: Kratos Multiphysics (kratos)
2026-08-29 11:13:01,004 [oasis.kratos] INFO: Kratos Multiphysics backend registered
2026-08-29 11:13:01,006 [oasis.registry] INFO: Registered backend: DUNE-fem (dune)
2026-08-29 11:13:01,006 [oasis.dune] INFO: DUNE-fem backend registered
2026-08-29 11:13:01,012 [oasis.registry] INFO: Registered backend: SPARTA (DSMC) (sparta)
2026-08-29 11:13:01,012 [oasis.sparta] INFO: SPARTA (DSMC) backend registered
2026-08-29 11:13:01,012 [oasis] INFO: Starting OASiS MCP server
2026-08-29 11:13:01,021 [mcp.server.lowlevel.server] INFO: Processing request of type CallToolRequest
2026-08-29 11:13:04,472 [mcp.server.lowlevel.server] INFO: Processing request of type ListToolsRequest
2026-08-29 11:13:04,480 [oasis] INFO: Session journal saved: /home/alexander/Schreibtisch/ofa-v2/data/sessions/session_92929937-c97d-454f-9ec4-be78d650c765.json (1 events)
2026-08-29 11:13:07,461 [oasis.registry] INFO: Loaded discovered config: 5 backends
2026-08-29 11:13:07,463 [oasis.registry] INFO: Registered backend: 4C Multiphysics (fourc)
2026-08-29 11:13:07,464 [oasis.registry] INFO: Registered backend: FEniCSx (dolfinx) (fenics)
2026-08-29 11:13:07,464 [oasis.registry] INFO: Registered backend: deal.II (dealii)
2026-08-29 11:13:07,468 [oasis.registry] INFO: Registered backend: FEBio (febio)
2026-08-29 11:13:07,470 [oasis.registry] INFO: Registered backend: NGSolve (ngsolve)
2026-08-29 11:13:07,470 [oasis.ngsolve] INFO: NGSolve backend registered
2026-08-29 11:13:07,473 [oasis.registry] INFO: Registered backend: scikit-fem (skfem)
2026-08-29 11:13:07,473 [oasis.skfem] INFO: scikit-fem backend registered
2026-08-29 11:13:07,477 [oasis.registry] INFO: Registered backend: Kratos Multiphysics (kratos)
2026-08-29 11:13:07,477 [oasis.kratos] INFO: Kratos Multiphysics backend registered
2026-08-29 11:13:07,480 [oasis.registry] INFO: Registered backend: DUNE-fem (dune)
2026-08-29 11:13:07,480 [oasis.dune] INFO: DUNE-fem backend registered
2026-08-29 11:13:07,485 [oasis.registry] INFO: Registered backend: SPARTA (DSMC) (sparta)
2026-08-29 11:13:07,485 [oasis.sparta] INFO: SPARTA (DSMC) backend registered
2026-08-29 11:13:07,485 [oasis] INFO: Starting OASiS MCP server
2026-08-29 11:13:07,493 [mcp.server.lowlevel.server] INFO: Processing request of type CallToolRequest
2026-08-29 11:13:10,915 [mcp.server.lowlevel.server] INFO: Processing request of type ListToolsRequest
2026-08-29 11:13:10,924 [oasis] INFO: Session journal saved: /home/alexander/Schreibtisch/ofa-v2/data/sessions/session_d64c3d24-0452-4b46-a5ad-f16caed9d041.json (1 events)
2026-08-29 11:13:13,998 [oasis.registry] INFO: Loaded discovered config: 5 backends
2026-08-29 11:13:14,000 [oasis.registry] INFO: Registered backend: 4C Multiphysics (fourc)
2026-08-29 11:13:14,000 [oasis.registry] INFO: Registered backend: FEniCSx (dolfinx) (fenics)
2026-08-29 11:13:14,001 [oasis.registry] INFO: Registered backend: deal.II (dealii)
2026-08-29 11:13:14,004 [oasis.registry] INFO: Registered backend: FEBio (febio)
2026-08-29 11:13:14,007 [oasis.registry] INFO: Registered backend: NGSolve (ngsolve)
2026-08-29 11:13:14,007 [oasis.ngsolve] INFO: NGSolve backend registered
2026-08-29 11:13:14,010 [oasis.registry] INFO: Registered backend: scikit-fem (skfem)
2026-08-29 11:13:14,010 [oasis.skfem] INFO: scikit-fem backend registered
2026-08-29 11:13:14,014 [oasis.registry] INFO: Registered backend: Kratos Multiphysics (kratos)
2026-08-29 11:13:14,015 [oasis.kratos] INFO: Kratos Multiphysics backend registered
2026-08-29 11:13:14,017 [oasis.registry] INFO: Registered backend: DUNE-fem (dune)
2026-08-29 11:13:14,017 [oasis.dune] INFO: DUNE-fem backend registered
2026-08-29 11:13:14,024 [oasis.registry] INFO: Registered backend: SPARTA (DSMC) (sparta)
2026-08-29 11:13:14,024 [oasis.sparta] INFO: SPARTA (DSMC) backend registered
2026-08-29 11:13:14,024 [oasis] INFO: Starting OASiS MCP server
2026-08-29 11:13:14,032 [mcp.server.lowlevel.server] INFO: Processing request of type CallToolRequest
2026-08-29 11:13:14,037 [mcp.server.lowlevel.server] INFO: Processing request of type ListToolsRequest
2026-08-29 11:13:16,722 [oasis.registry] INFO: Loaded discovered config: 5 backends
2026-08-29 11:13:16,724 [oasis.registry] INFO: Registered backend: 4C Multiphysics (fourc)
2026-08-29 11:13:16,724 [oasis.registry] INFO: Registered backend: FEniCSx (dolfinx) (fenics)
2026-08-29 11:13:16,725 [oasis.registry] INFO: Registered backend: deal.II (dealii)
2026-08-29 11:13:16,728 [oasis.registry] INFO: Registered backend: FEBio (febio)
2026-08-29 11:13:16,730 [oasis.registry] INFO: Registered backend: NGSolve (ngsolve)
2026-08-29 11:13:16,730 [oasis.ngsolve] INFO: NGSolve backend registered
2026-08-29 11:13:16,733 [oasis.registry] INFO: Registered backend: scikit-fem (skfem)
2026-08-29 11:13:16,733 [oasis.skfem] INFO: scikit-fem backend registered
2026-08-29 11:13:16,736 [oasis.registry] INFO: Registered backend: Kratos Multiphysics (kratos)
2026-08-29 11:13:16,736 [oasis.kratos] INFO: Kratos Multiphysics backend registered
2026-08-29 11:13:16,739 [oasis.registry] INFO: Registered backend: DUNE-fem (dune)
2026-08-29 11:13:16,739 [oasis.dune] INFO: DUNE-fem backend registered
2026-08-29 11:13:16,744 [oasis.registry] INFO: Registered backend: SPARTA (DSMC) (sparta)
2026-08-29 11:13:16,744 [oasis.sparta] INFO: SPARTA (DSMC) backend registered
2026-08-29 11:13:16,744 [oasis] INFO: Starting OASiS MCP server
2026-08-29 11:13:16,751 [mcp.server.lowlevel.server] INFO: Processing request of type CallToolRequest
2026-08-29 11:13:16,756 [mcp.server.lowlevel.server] INFO: Processing request of type ListToolsRequest
2026-08-29 11:13:18,979 [oasis.registry] INFO: Loaded discovered config: 5 backends
2026-08-29 11:13:18,981 [oasis.registry] INFO: Registered backend: 4C Multiphysics (fourc)
2026-08-29 11:13:18,981 [oasis.registry] INFO: Registered backend: FEniCSx (dolfinx) (fenics)
2026-08-29 11:13:18,982 [oasis.registry] INFO: Registered backend: deal.II (dealii)
2026-08-29 11:13:18,985 [oasis.registry] INFO: Registered backend: FEBio (febio)
2026-08-29 11:13:18,987 [oasis.registry] INFO: Registered backend: NGSolve (ngsolve)
2026-08-29 11:13:18,987 [oasis.ngsolve] INFO: NGSolve backend registered
2026-08-29 11:13:18,990 [oasis.registry] INFO: Registered backend: scikit-fem (skfem)
2026-08-29 11:13:18,990 [oasis.skfem] INFO: scikit-fem backend registered
2026-08-29 11:13:18,993 [oasis.registry] INFO: Registered backend: Kratos Multiphysics (kratos)
2026-08-29 11:13:18,993 [oasis.kratos] INFO: Kratos Multiphysics backend registered
2026-08-29 11:13:18,996 [oasis.registry] INFO: Registered backend: DUNE-fem (dune)
2026-08-29 11:13:18,996 [oasis.dune] INFO: DUNE-fem backend registered
2026-08-29 11:13:19,001 [oasis.registry] INFO: Registered backend: SPARTA (DSMC) (sparta)
2026-08-29 11:13:19,001 [oasis.sparta] INFO: SPARTA (DSMC) backend registered
2026-08-29 11:13:19,001 [oasis] INFO: Starting OASiS MCP server
2026-08-29 11:13:19,009 [mcp.server.lowlevel.server] INFO: Processing request of type CallToolRequest
2026-08-29 11:13:19,024 [mcp.server.lowlevel.server] INFO: Processing request of type ListToolsRequest
2026-08-29 11:13:19,031 [oasis] INFO: Session journal saved: /home/alexander/Schreibtisch/ofa-v2/data/sessions/session_e3413e0b-18db-4c94-a7d9-bcb8662ac079.json (1 events)
2026-08-29 11:13:23,572 [oasis.registry] INFO: Loaded discovered config: 5 backends
2026-08-29 11:13:23,574 [oasis.registry] INFO: Registered backend: 4C Multiphysics (fourc)
2026-08-29 11:13:23,574 [oasis.registry] INFO: Registered backend: FEniCSx (dolfinx) (fenics)
2026-08-29 11:13:23,575 [oasis.registry] INFO: Registered backend: deal.II (dealii)
2026-08-29 11:13:23,578 [oasis.registry] INFO: Registered backend: FEBio (febio)
2026-08-29 11:13:23,580 [oasis.registry] INFO: Registered backend: NGSolve (ngsolve)
2026-08-29 11:13:23,580 [oasis.ngsolve] INFO: NGSolve backend registered
2026-08-29 11:13:23,583 [oasis.registry] INFO: Registered backend: scikit-fem (skfem)
2026-08-29 11:13:23,583 [oasis.skfem] INFO: scikit-fem backend registered
2026-08-29 11:13:23,586 [oasis.registry] INFO: Registered backend: Kratos Multiphysics (kratos)
2026-08-29 11:13:23,586 [oasis.kratos] INFO: Kratos Multiphysics backend registered
2026-08-29 11:13:23,589 [oasis.registry] INFO: Registered backend: DUNE-fem (dune)
2026-08-29 11:13:23,589 [oasis.dune] INFO: DUNE-fem backend registered
2026-08-29 11:13:23,594 [oasis.registry] INFO: Registered backend: SPARTA (DSMC) (sparta)
2026-08-29 11:13:23,594 [oasis.sparta] INFO: SPARTA (DSMC) backend registered
2026-08-29 11:13:23,594 [oasis] INFO: Starting OASiS MCP server
2026-08-29 11:13:23,601 [mcp.server.lowlevel.server] INFO: Processing request of type CallToolRequest
2026-08-29 11:13:23,605 [mcp.server.lowlevel.server] INFO: Processing request of type ListToolsRequest
2026-08-29 11:13:25,847 [oasis.registry] INFO: Loaded discovered config: 5 backends
2026-08-29 11:13:25,849 [oasis.registry] INFO: Registered backend: 4C Multiphysics (fourc)
2026-08-29 11:13:25,850 [oasis.registry] INFO: Registered backend: FEniCSx (dolfinx) (fenics)
2026-08-29 11:13:25,850 [oasis.registry] INFO: Registered backend: deal.II (dealii)
2026-08-29 11:13:25,854 [oasis.registry] INFO: Registered backend: FEBio (febio)
2026-08-29 11:13:25,857 [oasis.registry] INFO: Registered backend: NGSolve (ngsolve)
2026-08-29 11:13:25,857 [oasis.ngsolve] INFO: NGSolve backend registered
2026-08-29 11:13:25,860 [oasis.registry] INFO: Registered backend: scikit-fem (skfem)
2026-08-29 11:13:25,860 [oasis.skfem] INFO: scikit-fem backend registered
2026-08-29 11:13:25,865 [oasis.registry] INFO: Registered backend: Kratos Multiphysics (kratos)
2026-08-29 11:13:25,865 [oasis.kratos] INFO: Kratos Multiphysics backend registered
2026-08-29 11:13:25,868 [oasis.registry] INFO: Registered backend: DUNE-fem (dune)
2026-08-29 11:13:25,868 [oasis.dune] INFO: DUNE-fem backend registered
2026-08-29 11:13:25,874 [oasis.registry] INFO: Registered backend: SPARTA (DSMC) (sparta)
2026-08-29 11:13:25,874 [oasis.sparta] INFO: SPARTA (DSMC) backend registered
2026-08-29 11:13:25,874 [oasis] INFO: Starting OASiS MCP server
2026-08-29 11:13:25,884 [mcp.server.lowlevel.server] INFO: Processing request of type CallToolRequest
2026-08-29 11:13:25,888 [mcp.server.lowlevel.server] INFO: Processing request of type ListToolsRequest
/home/alexander/Schreibtisch/ofa-v2/langgraph_eval/agent.py:345: LangGraphDeprecatedSinceV10: create_react_agent has been moved to `langchain.agents`. Please update your import to `from langchain.agents import create_agent`. Deprecated in LangGraph V1.0 to be removed in V2.0.
  sub_agent = create_react_agent(
2026-08-29 11:13:53,474 [oasis.registry] INFO: Loaded discovered config: 5 backends
2026-08-29 11:13:53,475 [oasis.registry] INFO: Loaded discovered config: 5 backends
2026-08-29 11:13:53,475 [oasis.registry] INFO: Loaded discovered config: 5 backends
2026-08-29 11:13:53,476 [oasis.registry] INFO: Registered backend: 4C Multiphysics (fourc)
2026-08-29 11:13:53,476 [oasis.registry] INFO: Registered backend: 4C Multiphysics (fourc)
2026-08-29 11:13:53,476 [oasis.registry] INFO: Registered backend: 4C Multiphysics (fourc)
2026-08-29 11:13:53,477 [oasis.registry] INFO: Registered backend: FEniCSx (dolfinx) (fenics)
2026-08-29 11:13:53,477 [oasis.registry] INFO: Registered backend: FEniCSx (dolfinx) (fenics)
2026-08-29 11:13:53,477 [oasis.registry] INFO: Registered backend: FEniCSx (dolfinx) (fenics)
2026-08-29 11:13:53,477 [oasis.registry] INFO: Registered backend: deal.II (dealii)
2026-08-29 11:13:53,478 [oasis.registry] INFO: Registered backend: deal.II (dealii)
2026-08-29 11:13:53,478 [oasis.registry] INFO: Registered backend: deal.II (dealii)
2026-08-29 11:13:53,479 [oasis.registry] INFO: Loaded discovered config: 5 backends
2026-08-29 11:13:53,480 [oasis.registry] INFO: Registered backend: 4C Multiphysics (fourc)
2026-08-29 11:13:53,481 [oasis.registry] INFO: Registered backend: FEBio (febio)
2026-08-29 11:13:53,481 [oasis.registry] INFO: Registered backend: FEBio (febio)
2026-08-29 11:13:53,481 [oasis.registry] INFO: Registered backend: FEBio (febio)
2026-08-29 11:13:53,481 [oasis.registry] INFO: Registered backend: FEniCSx (dolfinx) (fenics)
2026-08-29 11:13:53,482 [oasis.registry] INFO: Registered backend: deal.II (dealii)
2026-08-29 11:13:53,483 [oasis.registry] INFO: Registered backend: NGSolve (ngsolve)
2026-08-29 11:13:53,483 [oasis.ngsolve] INFO: NGSolve backend registered
2026-08-29 11:13:53,483 [oasis.registry] INFO: Registered backend: NGSolve (ngsolve)
2026-08-29 11:13:53,483 [oasis.ngsolve] INFO: NGSolve backend registered
2026-08-29 11:13:53,483 [oasis.registry] INFO: Registered backend: NGSolve (ngsolve)
2026-08-29 11:13:53,483 [oasis.ngsolve] INFO: NGSolve backend registered
2026-08-29 11:13:53,485 [oasis.registry] INFO: Registered backend: FEBio (febio)
2026-08-29 11:13:53,486 [oasis.registry] INFO: Registered backend: scikit-fem (skfem)
2026-08-29 11:13:53,486 [oasis.skfem] INFO: scikit-fem backend registered
2026-08-29 11:13:53,486 [oasis.registry] INFO: Registered backend: scikit-fem (skfem)
2026-08-29 11:13:53,486 [oasis.skfem] INFO: scikit-fem backend registered
2026-08-29 11:13:53,486 [oasis.registry] INFO: Registered backend: scikit-fem (skfem)
2026-08-29 11:13:53,486 [oasis.skfem] INFO: scikit-fem backend registered
2026-08-29 11:13:53,487 [oasis.registry] INFO: Registered backend: NGSolve (ngsolve)
2026-08-29 11:13:53,487 [oasis.ngsolve] INFO: NGSolve backend registered
2026-08-29 11:13:53,490 [oasis.registry] INFO: Registered backend: Kratos Multiphysics (kratos)
2026-08-29 11:13:53,490 [oasis.kratos] INFO: Kratos Multiphysics backend registered
2026-08-29 11:13:53,490 [oasis.registry] INFO: Registered backend: Kratos Multiphysics (kratos)
2026-08-29 11:13:53,490 [oasis.kratos] INFO: Kratos Multiphysics backend registered
2026-08-29 11:13:53,490 [oasis.registry] INFO: Registered backend: Kratos Multiphysics (kratos)
2026-08-29 11:13:53,490 [oasis.kratos] INFO: Kratos Multiphysics backend registered
2026-08-29 11:13:53,490 [oasis.registry] INFO: Registered backend: scikit-fem (skfem)
2026-08-29 11:13:53,490 [oasis.skfem] INFO: scikit-fem backend registered
2026-08-29 11:13:53,493 [oasis.registry] INFO: Registered backend: DUNE-fem (dune)
2026-08-29 11:13:53,493 [oasis.dune] INFO: DUNE-fem backend registered
2026-08-29 11:13:53,493 [oasis.registry] INFO: Registered backend: DUNE-fem (dune)
2026-08-29 11:13:53,493 [oasis.dune] INFO: DUNE-fem backend registered
2026-08-29 11:13:53,493 [oasis.registry] INFO: Registered backend: DUNE-fem (dune)
2026-08-29 11:13:53,493 [oasis.dune] INFO: DUNE-fem backend registered
2026-08-29 11:13:53,495 [oasis.registry] INFO: Registered backend: Kratos Multiphysics (kratos)
2026-08-29 11:13:53,495 [oasis.kratos] INFO: Kratos Multiphysics backend registered
2026-08-29 11:13:53,498 [oasis.registry] INFO: Registered backend: DUNE-fem (dune)
2026-08-29 11:13:53,498 [oasis.dune] INFO: DUNE-fem backend registered
2026-08-29 11:13:53,499 [oasis.registry] INFO: Registered backend: SPARTA (DSMC) (sparta)
2026-08-29 11:13:53,499 [oasis.sparta] INFO: SPARTA (DSMC) backend registered
2026-08-29 11:13:53,499 [oasis] INFO: Starting OASiS MCP server
2026-08-29 11:13:53,500 [oasis.registry] INFO: Registered backend: SPARTA (DSMC) (sparta)
2026-08-29 11:13:53,500 [oasis.sparta] INFO: SPARTA (DSMC) backend registered
2026-08-29 11:13:53,500 [oasis] INFO: Starting OASiS MCP server
2026-08-29 11:13:53,500 [oasis.registry] INFO: Registered backend: SPARTA (DSMC) (sparta)
2026-08-29 11:13:53,500 [oasis.sparta] INFO: SPARTA (DSMC) backend registered
2026-08-29 11:13:53,500 [oasis] INFO: Starting OASiS MCP server
2026-08-29 11:13:53,504 [oasis.registry] INFO: Registered backend: SPARTA (DSMC) (sparta)
2026-08-29 11:13:53,504 [oasis.sparta] INFO: SPARTA (DSMC) backend registered
2026-08-29 11:13:53,504 [oasis] INFO: Starting OASiS MCP server
2026-08-29 11:13:53,508 [mcp.server.lowlevel.server] INFO: Processing request of type CallToolRequest
2026-08-29 11:13:53,511 [mcp.server.lowlevel.server] INFO: Processing request of type CallToolRequest
2026-08-29 11:13:53,513 [mcp.server.lowlevel.server] INFO: Processing request of type ListToolsRequest
2026-08-29 11:13:53,513 [mcp.server.lowlevel.server] INFO: Processing request of type CallToolRequest
2026-08-29 11:13:53,519 [mcp.server.lowlevel.server] INFO: Processing request of type ListToolsRequest
2026-08-29 11:13:53,525 [mcp.server.lowlevel.server] INFO: Processing request of type CallToolRequest
2026-08-29 11:13:53,536 [mcp.server.lowlevel.server] INFO: Processing request of type ListToolsRequest
2026-08-29 11:13:53,537 [mcp.server.lowlevel.server] INFO: Processing request of type ListToolsRequest
2026-08-29 11:13:53,544 [oasis] INFO: Session journal saved: /home/alexander/Schreibtisch/ofa-v2/data/sessions/session_bcceb46e-605c-4e32-b1c1-9313b8909592.json (1 events)
2026-08-29 11:13:53,546 [oasis] INFO: Session journal saved: /home/alexander/Schreibtisch/ofa-v2/data/sessions/session_2370e629-9b60-4fca-ba98-b4c495031ccc.json (1 events)
/home/alexander/Schreibtisch/ofa-v2/langgraph_eval/agent.py:270: RuntimeWarning: This package (`duckduckgo_search`) has been renamed to `ddgs`! Use `pip install ddgs` instead.
  with DDGS() as ddgs:
/home/alexander/Schreibtisch/ofa-v2/langgraph_eval/agent.py:270: RuntimeWarning: This package (`duckduckgo_search`) has been renamed to `ddgs`! Use `pip install ddgs` instead.
  with DDGS() as ddgs:
/home/alexander/Schreibtisch/ofa-v2/langgraph_eval/agent.py:270: RuntimeWarning: This package (`duckduckgo_search`) has been renamed to `ddgs`! Use `pip install ddgs` instead.
  with DDGS() as ddgs:
2026-08-29 11:14:10,473 [mcp.server.lowlevel.server] INFO: Processing request of type ListToolsRequest
2026-08-29 11:14:10,480 [oasis] INFO: Session journal saved: /home/alexander/Schreibtisch/ofa-v2/data/sessions/session_1d8d61f3-58ac-44d0-ba27-53a0eb740b83.json (1 events)
/home/alexander/Schreibtisch/ofa-v2/langgraph_eval/agent.py:270: RuntimeWarning: This package (`duckduckgo_search`) has been renamed to `ddgs`! Use `pip install ddgs` instead.
  with DDGS() as ddgs:
/home/alexander/Schreibtisch/ofa-v2/langgraph_eval/agent.py:270: RuntimeWarning: This package (`duckduckgo_search`) has been renamed to `ddgs`! Use `pip install ddgs` instead.
  with DDGS() as ddgs:
2026-08-29 11:14:13,712 [oasis.registry] INFO: Loaded discovered config: 5 backends
2026-08-29 11:14:13,714 [oasis.registry] INFO: Registered backend: 4C Multiphysics (fourc)
2026-08-29 11:14:13,714 [oasis.registry] INFO: Registered backend: FEniCSx (dolfinx) (fenics)
2026-08-29 11:14:13,715 [oasis.registry] INFO: Registered backend: deal.II (dealii)
2026-08-29 11:14:13,718 [oasis.registry] INFO: Registered backend: FEBio (febio)
2026-08-29 11:14:13,720 [oasis.registry] INFO: Registered backend: NGSolve (ngsolve)
2026-08-29 11:14:13,720 [oasis.ngsolve] INFO: NGSolve backend registered
2026-08-29 11:14:13,723 [oasis.registry] INFO: Registered backend: scikit-fem (skfem)
2026-08-29 11:14:13,723 [oasis.skfem] INFO: scikit-fem backend registered
2026-08-29 11:14:13,726 [oasis.registry] INFO: Registered backend: Kratos Multiphysics (kratos)
2026-08-29 11:14:13,726 [oasis.kratos] INFO: Kratos Multiphysics backend registered
2026-08-29 11:14:13,729 [oasis.registry] INFO: Registered backend: DUNE-fem (dune)
2026-08-29 11:14:13,729 [oasis.dune] INFO: DUNE-fem backend registered
2026-08-29 11:14:13,734 [oasis.registry] INFO: Registered backend: SPARTA (DSMC) (sparta)
2026-08-29 11:14:13,734 [oasis.sparta] INFO: SPARTA (DSMC) backend registered
2026-08-29 11:14:13,734 [oasis] INFO: Starting OASiS MCP server
2026-08-29 11:14:13,742 [mcp.server.lowlevel.server] INFO: Processing request of type CallToolRequest
2026-08-29 11:14:13,757 [mcp.server.lowlevel.server] INFO: Processing request of type ListToolsRequest
2026-08-29 11:14:13,764 [oasis] INFO: Session journal saved: /home/alexander/Schreibtisch/ofa-v2/data/sessions/session_50a4a026-46ec-407a-b9ed-75b01cee370f.json (1 events)
/home/alexander/Schreibtisch/ofa-v2/langgraph_eval/agent.py:270: RuntimeWarning: This package (`duckduckgo_search`) has been renamed to `ddgs`! Use `pip install ddgs` instead.
  with DDGS() as ddgs:
/home/alexander/Schreibtisch/ofa-v2/langgraph_eval/agent.py:270: RuntimeWarning: This package (`duckduckgo_search`) has been renamed to `ddgs`! Use `pip install ddgs` instead.
  with DDGS() as ddgs:
/home/alexander/Schreibtisch/ofa-v2/langgraph_eval/agent.py:270: RuntimeWarning: This package (`duckduckgo_search`) has been renamed to `ddgs`! Use `pip install ddgs` instead.
  with DDGS() as ddgs:
/home/alexander/Schreibtisch/ofa-v2/langgraph_eval/agent.py:270: RuntimeWarning: This package (`duckduckgo_search`) has been renamed to `ddgs`! Use `pip install ddgs` instead.
  with DDGS() as ddgs:
/home/alexander/Schreibtisch/ofa-v2/langgraph_eval/agent.py:270: RuntimeWarning: This package (`duckduckgo_search`) has been renamed to `ddgs`! Use `pip install ddgs` instead.
  with DDGS() as ddgs:
/home/alexander/Schreibtisch/ofa-v2/langgraph_eval/agent.py:270: RuntimeWarning: This package (`duckduckgo_search`) has been renamed to `ddgs`! Use `pip install ddgs` instead.
  with DDGS() as ddgs:
/home/alexander/Schreibtisch/ofa-v2/langgraph_eval/agent.py:345: LangGraphDeprecatedSinceV10: create_react_agent has been moved to `langchain.agents`. Please update your import to `from langchain.agents import create_agent`. Deprecated in LangGraph V1.0 to be removed in V2.0.
  sub_agent = create_react_agent(
/home/alexander/Schreibtisch/ofa-v2/langgraph_eval/agent.py:270: RuntimeWarning: This package (`duckduckgo_search`) has been renamed to `ddgs`! Use `pip install ddgs` instead.
  with DDGS() as ddgs:
/home/alexander/Schreibtisch/ofa-v2/langgraph_eval/agent.py:270: RuntimeWarning: This package (`duckduckgo_search`) has been renamed to `ddgs`! Use `pip install ddgs` instead.
  with DDGS() as ddgs:
/home/alexander/Schreibtisch/ofa-v2/langgraph_eval/agent.py:270: RuntimeWarning: This package (`duckduckgo_search`) has been renamed to `ddgs`! Use `pip install ddgs` instead.
  with DDGS() as ddgs:
/home/alexander/Schreibtisch/ofa-v2/langgraph_eval/agent.py:270: RuntimeWarning: This package (`duckduckgo_search`) has been renamed to `ddgs`! Use `pip install ddgs` instead.
  with DDGS() as ddgs:
/home/alexander/Schreibtisch/ofa-v2/langgraph_eval/agent.py:270: RuntimeWarning: This package (`duckduckgo_search`) has been renamed to `ddgs`! Use `pip install ddgs` instead.
  with DDGS() as ddgs:
2026-08-29 11:14:53,624 [oasis.registry] INFO: Loaded discovered config: 5 backends
2026-08-29 11:14:53,625 [oasis.registry] INFO: Registered backend: 4C Multiphysics (fourc)
2026-08-29 11:14:53,626 [oasis.registry] INFO: Registered backend: FEniCSx (dolfinx) (fenics)
2026-08-29 11:14:53,626 [oasis.registry] INFO: Registered backend: deal.II (dealii)
2026-08-29 11:14:53,630 [oasis.registry] INFO: Registered backend: FEBio (febio)
2026-08-29 11:14:53,632 [oasis.registry] INFO: Registered backend: NGSolve (ngsolve)
2026-08-29 11:14:53,632 [oasis.ngsolve] INFO: NGSolve backend registered
2026-08-29 11:14:53,635 [oasis.registry] INFO: Registered backend: scikit-fem (skfem)
2026-08-29 11:14:53,635 [oasis.skfem] INFO: scikit-fem backend registered
2026-08-29 11:14:53,638 [oasis.registry] INFO: Registered backend: Kratos Multiphysics (kratos)
2026-08-29 11:14:53,638 [oasis.kratos] INFO: Kratos Multiphysics backend registered
2026-08-29 11:14:53,641 [oasis.registry] INFO: Registered backend: DUNE-fem (dune)
2026-08-29 11:14:53,641 [oasis.dune] INFO: DUNE-fem backend registered
2026-08-29 11:14:53,646 [oasis.registry] INFO: Registered backend: SPARTA (DSMC) (sparta)
2026-08-29 11:14:53,646 [oasis.sparta] INFO: SPARTA (DSMC) backend registered
2026-08-29 11:14:53,646 [oasis] INFO: Starting OASiS MCP server
2026-08-29 11:14:53,654 [mcp.server.lowlevel.server] INFO: Processing request of type CallToolRequest
2026-08-29 11:14:53,669 [mcp.server.lowlevel.server] INFO: Processing request of type ListToolsRequest
2026-08-29 11:14:53,676 [oasis] INFO: Session journal saved: /home/alexander/Schreibtisch/ofa-v2/data/sessions/session_d1801e66-c69d-4003-ae63-c026b85c328e.json (1 events)
/home/alexander/Schreibtisch/ofa-v2/langgraph_eval/agent.py:270: RuntimeWarning: This package (`duckduckgo_search`) has been renamed to `ddgs`! Use `pip install ddgs` instead.
  with DDGS() as ddgs:
/home/alexander/Schreibtisch/ofa-v2/langgraph_eval/agent.py:270: RuntimeWarning: This package (`duckduckgo_search`) has been renamed to `ddgs`! Use `pip install ddgs` instead.
  with DDGS() as ddgs:
/home/alexander/Schreibtisch/ofa-v2/langgraph_eval/agent.py:270: RuntimeWarning: This package (`duckduckgo_search`) has been renamed to `ddgs`! Use `pip install ddgs` instead.
  with DDGS() as ddgs:
/home/alexander/Schreibtisch/ofa-v2/langgraph_eval/agent.py:270: RuntimeWarning: This package (`duckduckgo_search`) has been renamed to `ddgs`! Use `pip install ddgs` instead.
  with DDGS() as ddgs:
/home/alexander/Schreibtisch/ofa-v2/langgraph_eval/agent.py:270: RuntimeWarning: This package (`duckduckgo_search`) has been renamed to `ddgs`! Use `pip install ddgs` instead.
  with DDGS() as ddgs:
/home/alexander/Schreibtisch/ofa-v2/langgraph_eval/agent.py:270: RuntimeWarning: This package (`duckduckgo_search`) has been renamed to `ddgs`! Use `pip install ddgs` instead.
  with DDGS() as ddgs:
/home/alexander/Schreibtisch/ofa-v2/langgraph_eval/agent.py:270: RuntimeWarning: This package (`duckduckgo_search`) has been renamed to `ddgs`! Use `pip install ddgs` instead.
  with DDGS() as ddgs:
2026-08-29 11:15:01,390 [oasis.registry] INFO: Loaded discovered config: 5 backends
2026-08-29 11:15:01,392 [oasis.registry] INFO: Registered backend: 4C Multiphysics (fourc)
2026-08-29 11:15:01,392 [oasis.registry] INFO: Registered backend: FEniCSx (dolfinx) (fenics)
2026-08-29 11:15:01,393 [oasis.registry] INFO: Registered backend: deal.II (dealii)
2026-08-29 11:15:01,396 [oasis.registry] INFO: Registered backend: FEBio (febio)
2026-08-29 11:15:01,398 [oasis.registry] INFO: Registered backend: NGSolve (ngsolve)
2026-08-29 11:15:01,398 [oasis.ngsolve] INFO: NGSolve backend registered
2026-08-29 11:15:01,401 [oasis.registry] INFO: Registered backend: scikit-fem (skfem)
2026-08-29 11:15:01,401 [oasis.skfem] INFO: scikit-fem backend registered
2026-08-29 11:15:01,405 [oasis.registry] INFO: Registered backend: Kratos Multiphysics (kratos)
2026-08-29 11:15:01,405 [oasis.kratos] INFO: Kratos Multiphysics backend registered
2026-08-29 11:15:01,407 [oasis.registry] INFO: Registered backend: DUNE-fem (dune)
2026-08-29 11:15:01,407 [oasis.dune] INFO: DUNE-fem backend registered
2026-08-29 11:15:01,412 [oasis.registry] INFO: Registered backend: SPARTA (DSMC) (sparta)
2026-08-29 11:15:01,412 [oasis.sparta] INFO: SPARTA (DSMC) backend registered
2026-08-29 11:15:01,412 [oasis] INFO: Starting OASiS MCP server
2026-08-29 11:15:01,420 [mcp.server.lowlevel.server] INFO: Processing request of type CallToolRequest
2026-08-29 11:15:01,446 [mcp.server.lowlevel.server] INFO: Processing request of type ListToolsRequest
2026-08-29 11:15:01,451 [oasis] INFO: Session journal saved: /home/alexander/Schreibtisch/ofa-v2/data/sessions/session_d33c53db-423a-4434-800b-005505ef97a3.json (1 events)
2026-08-29 11:15:20,415 [oasis.registry] INFO: Loaded discovered config: 5 backends
2026-08-29 11:15:20,417 [oasis.registry] INFO: Registered backend: 4C Multiphysics (fourc)
2026-08-29 11:15:20,417 [oasis.registry] INFO: Registered backend: FEniCSx (dolfinx) (fenics)
2026-08-29 11:15:20,418 [oasis.registry] INFO: Registered backend: deal.II (dealii)
2026-08-29 11:15:20,421 [oasis.registry] INFO: Registered backend: FEBio (febio)
2026-08-29 11:15:20,423 [oasis.registry] INFO: Registered backend: NGSolve (ngsolve)
2026-08-29 11:15:20,423 [oasis.ngsolve] INFO: NGSolve backend registered
2026-08-29 11:15:20,426 [oasis.registry] INFO: Registered backend: scikit-fem (skfem)
2026-08-29 11:15:20,426 [oasis.skfem] INFO: scikit-fem backend registered
2026-08-29 11:15:20,430 [oasis.registry] INFO: Registered backend: Kratos Multiphysics (kratos)
2026-08-29 11:15:20,430 [oasis.kratos] INFO: Kratos Multiphysics backend registered
2026-08-29 11:15:20,432 [oasis.registry] INFO: Registered backend: DUNE-fem (dune)
2026-08-29 11:15:20,432 [oasis.dune] INFO: DUNE-fem backend registered
2026-08-29 11:15:20,437 [oasis.registry] INFO: Registered backend: SPARTA (DSMC) (sparta)
2026-08-29 11:15:20,437 [oasis.sparta] INFO: SPARTA (DSMC) backend registered
2026-08-29 11:15:20,437 [oasis] INFO: Starting OASiS MCP server
2026-08-29 11:15:20,445 [mcp.server.lowlevel.server] INFO: Processing request of type CallToolRequest
2026-08-29 11:15:20,460 [mcp.server.lowlevel.server] INFO: Processing request of type ListToolsRequest
2026-08-29 11:15:20,466 [oasis] INFO: Session journal saved: /home/alexander/Schreibtisch/ofa-v2/data/sessions/session_93567324-d7e3-4b48-a7ca-4af9a5ca1844.json (1 events)
2026-08-29 11:15:29,199 [oasis.registry] INFO: Loaded discovered config: 5 backends
2026-08-29 11:15:29,201 [oasis.registry] INFO: Registered backend: 4C Multiphysics (fourc)
2026-08-29 11:15:29,201 [oasis.registry] INFO: Registered backend: FEniCSx (dolfinx) (fenics)
2026-08-29 11:15:29,202 [oasis.registry] INFO: Registered backend: deal.II (dealii)
2026-08-29 11:15:29,205 [oasis.registry] INFO: Registered backend: FEBio (febio)
2026-08-29 11:15:29,207 [oasis.registry] INFO: Registered backend: NGSolve (ngsolve)
2026-08-29 11:15:29,207 [oasis.ngsolve] INFO: NGSolve backend registered
2026-08-29 11:15:29,210 [oasis.registry] INFO: Registered backend: scikit-fem (skfem)
2026-08-29 11:15:29,210 [oasis.skfem] INFO: scikit-fem backend registered
2026-08-29 11:15:29,214 [oasis.registry] INFO: Registered backend: Kratos Multiphysics (kratos)
2026-08-29 11:15:29,214 [oasis.kratos] INFO: Kratos Multiphysics backend registered
2026-08-29 11:15:29,216 [oasis.registry] INFO: Registered backend: DUNE-fem (dune)
2026-08-29 11:15:29,216 [oasis.dune] INFO: DUNE-fem backend registered
2026-08-29 11:15:29,221 [oasis.registry] INFO: Registered backend: SPARTA (DSMC) (sparta)
2026-08-29 11:15:29,221 [oasis.sparta] INFO: SPARTA (DSMC) backend registered
2026-08-29 11:15:29,221 [oasis] INFO: Starting OASiS MCP server
2026-08-29 11:15:29,229 [mcp.server.lowlevel.server] INFO: Processing request of type CallToolRequest
2026-08-29 11:15:29,243 [mcp.server.lowlevel.server] INFO: Processing request of type ListToolsRequest
2026-08-29 11:15:29,250 [oasis] INFO: Session journal saved: /home/alexander/Schreibtisch/ofa-v2/data/sessions/session_ef1a19c0-1035-42ee-b2a9-20bd9ea5d7d6.json (1 events)
2026-08-29 11:15:32,483 [oasis.registry] INFO: Loaded discovered config: 5 backends
2026-08-29 11:15:32,485 [oasis.registry] INFO: Registered backend: 4C Multiphysics (fourc)
2026-08-29 11:15:32,487 [oasis.registry] INFO: Registered backend: FEniCSx (dolfinx) (fenics)
2026-08-29 11:15:32,488 [oasis.registry] INFO: Registered backend: deal.II (dealii)
2026-08-29 11:15:32,491 [oasis.registry] INFO: Registered backend: FEBio (febio)
2026-08-29 11:15:32,493 [oasis.registry] INFO: Registered backend: NGSolve (ngsolve)
2026-08-29 11:15:32,493 [oasis.ngsolve] INFO: NGSolve backend registered
2026-08-29 11:15:32,496 [oasis.registry] INFO: Registered backend: scikit-fem (skfem)
2026-08-29 11:15:32,496 [oasis.skfem] INFO: scikit-fem backend registered
2026-08-29 11:15:32,500 [oasis.registry] INFO: Registered backend: Kratos Multiphysics (kratos)
2026-08-29 11:15:32,500 [oasis.kratos] INFO: Kratos Multiphysics backend registered
2026-08-29 11:15:32,502 [oasis.registry] INFO: Registered backend: DUNE-fem (dune)
2026-08-29 11:15:32,502 [oasis.dune] INFO: DUNE-fem backend registered
2026-08-29 11:15:32,507 [oasis.registry] INFO: Registered backend: SPARTA (DSMC) (sparta)
2026-08-29 11:15:32,507 [oasis.sparta] INFO: SPARTA (DSMC) backend registered
2026-08-29 11:15:32,507 [oasis] INFO: Starting OASiS MCP server
2026-08-29 11:15:32,515 [mcp.server.lowlevel.server] INFO: Processing request of type CallToolRequest
2026-08-29 11:15:32,530 [mcp.server.lowlevel.server] INFO: Processing request of type ListToolsRequest
2026-08-29 11:15:32,536 [oasis] INFO: Session journal saved: /home/alexander/Schreibtisch/ofa-v2/data/sessions/session_76f1f42a-de3a-40b5-8a3b-5532f4f1f80e.json (1 events)
2026-08-29 11:16:52,610 [oasis.registry] INFO: Loaded discovered config: 5 backends
2026-08-29 11:16:52,611 [oasis.registry] INFO: Loaded discovered config: 5 backends
2026-08-29 11:16:52,612 [oasis.registry] INFO: Registered backend: 4C Multiphysics (fourc)
2026-08-29 11:16:52,612 [oasis.registry] INFO: Registered backend: FEniCSx (dolfinx) (fenics)
2026-08-29 11:16:52,613 [oasis.registry] INFO: Registered backend: deal.II (dealii)
2026-08-29 11:16:52,613 [oasis.registry] INFO: Registered backend: 4C Multiphysics (fourc)
2026-08-29 11:16:52,613 [oasis.registry] INFO: Registered backend: FEniCSx (dolfinx) (fenics)
2026-08-29 11:16:52,614 [oasis.registry] INFO: Registered backend: deal.II (dealii)
2026-08-29 11:16:52,616 [oasis.registry] INFO: Registered backend: FEBio (febio)
2026-08-29 11:16:52,617 [oasis.registry] INFO: Registered backend: FEBio (febio)
2026-08-29 11:16:52,618 [oasis.registry] INFO: Registered backend: NGSolve (ngsolve)
2026-08-29 11:16:52,618 [oasis.ngsolve] INFO: NGSolve backend registered
2026-08-29 11:16:52,619 [oasis.registry] INFO: Registered backend: NGSolve (ngsolve)
2026-08-29 11:16:52,619 [oasis.ngsolve] INFO: NGSolve backend registered
2026-08-29 11:16:52,621 [oasis.registry] INFO: Registered backend: scikit-fem (skfem)
2026-08-29 11:16:52,621 [oasis.skfem] INFO: scikit-fem backend registered
2026-08-29 11:16:52,622 [oasis.registry] INFO: Registered backend: scikit-fem (skfem)
2026-08-29 11:16:52,622 [oasis.skfem] INFO: scikit-fem backend registered
2026-08-29 11:16:52,625 [oasis.registry] INFO: Registered backend: Kratos Multiphysics (kratos)
2026-08-29 11:16:52,625 [oasis.kratos] INFO: Kratos Multiphysics backend registered
2026-08-29 11:16:52,626 [oasis.registry] INFO: Registered backend: Kratos Multiphysics (kratos)
2026-08-29 11:16:52,626 [oasis.kratos] INFO: Kratos Multiphysics backend registered
2026-08-29 11:16:52,627 [oasis.registry] INFO: Registered backend: DUNE-fem (dune)
2026-08-29 11:16:52,627 [oasis.dune] INFO: DUNE-fem backend registered
2026-08-29 11:16:52,628 [oasis.registry] INFO: Registered backend: DUNE-fem (dune)
2026-08-29 11:16:52,628 [oasis.dune] INFO: DUNE-fem backend registered
2026-08-29 11:16:52,632 [oasis.registry] INFO: Registered backend: SPARTA (DSMC) (sparta)
2026-08-29 11:16:52,632 [oasis.sparta] INFO: SPARTA (DSMC) backend registered
2026-08-29 11:16:52,632 [oasis] INFO: Starting OASiS MCP server
2026-08-29 11:16:52,633 [oasis.registry] INFO: Registered backend: SPARTA (DSMC) (sparta)
2026-08-29 11:16:52,633 [oasis.sparta] INFO: SPARTA (DSMC) backend registered
2026-08-29 11:16:52,633 [oasis] INFO: Starting OASiS MCP server
2026-08-29 11:16:52,640 [mcp.server.lowlevel.server] INFO: Processing request of type CallToolRequest
2026-08-29 11:16:52,641 [mcp.server.lowlevel.server] INFO: Processing request of type CallToolRequest
2026-08-29 11:16:52,644 [mcp.server.lowlevel.server] INFO: Processing request of type ListToolsRequest
2026-08-29 11:16:52,644 [mcp.server.lowlevel.server] INFO: Processing request of type ListToolsRequest
/home/alexander/Schreibtisch/ofa-v2/langgraph_eval/agent.py:345: LangGraphDeprecatedSinceV10: create_react_agent has been moved to `langchain.agents`. Please update your import to `from langchain.agents import create_agent`. Deprecated in LangGraph V1.0 to be removed in V2.0.
  sub_agent = create_react_agent(
2026-08-29 11:19:08,879 [oasis.registry] INFO: Loaded discovered config: 5 backends
2026-08-29 11:19:08,881 [oasis.registry] INFO: Registered backend: 4C Multiphysics (fourc)
2026-08-29 11:19:08,881 [oasis.registry] INFO: Registered backend: FEniCSx (dolfinx) (fenics)
2026-08-29 11:19:08,882 [oasis.registry] INFO: Registered backend: deal.II (dealii)
2026-08-29 11:19:08,885 [oasis.registry] INFO: Registered backend: FEBio (febio)
2026-08-29 11:19:08,887 [oasis.registry] INFO: Registered backend: NGSolve (ngsolve)
2026-08-29 11:19:08,887 [oasis.ngsolve] INFO: NGSolve backend registered
2026-08-29 11:19:08,890 [oasis.registry] INFO: Registered backend: scikit-fem (skfem)
2026-08-29 11:19:08,890 [oasis.skfem] INFO: scikit-fem backend registered
2026-08-29 11:19:08,894 [oasis.registry] INFO: Registered backend: Kratos Multiphysics (kratos)
2026-08-29 11:19:08,894 [oasis.kratos] INFO: Kratos Multiphysics backend registered
2026-08-29 11:19:08,896 [oasis.registry] INFO: Registered backend: DUNE-fem (dune)
2026-08-29 11:19:08,896 [oasis.dune] INFO: DUNE-fem backend registered
2026-08-29 11:19:08,901 [oasis.registry] INFO: Registered backend: SPARTA (DSMC) (sparta)
2026-08-29 11:19:08,901 [oasis.sparta] INFO: SPARTA (DSMC) backend registered
2026-08-29 11:19:08,901 [oasis] INFO: Starting OASiS MCP server
2026-08-29 11:19:08,909 [mcp.server.lowlevel.server] INFO: Processing request of type CallToolRequest
2026-08-29 11:19:08,912 [mcp.server.lowlevel.server] INFO: Processing request of type ListToolsRequest
2026-08-29 11:19:21,989 [oasis.registry] INFO: Loaded discovered config: 5 backends
2026-08-29 11:19:21,990 [oasis.registry] INFO: Registered backend: 4C Multiphysics (fourc)
2026-08-29 11:19:21,991 [oasis.registry] INFO: Registered backend: FEniCSx (dolfinx) (fenics)
2026-08-29 11:19:21,991 [oasis.registry] INFO: Registered backend: deal.II (dealii)
2026-08-29 11:19:21,994 [oasis.registry] INFO: Registered backend: FEBio (febio)
2026-08-29 11:19:21,997 [oasis.registry] INFO: Registered backend: NGSolve (ngsolve)
2026-08-29 11:19:21,997 [oasis.ngsolve] INFO: NGSolve backend registered
2026-08-29 11:19:21,999 [oasis.registry] INFO: Registered backend: scikit-fem (skfem)
2026-08-29 11:19:21,999 [oasis.skfem] INFO: scikit-fem backend registered
2026-08-29 11:19:22,003 [oasis.registry] INFO: Registered backend: Kratos Multiphysics (kratos)
2026-08-29 11:19:22,003 [oasis.kratos] INFO: Kratos Multiphysics backend registered
2026-08-29 11:19:22,005 [oasis.registry] INFO: Registered backend: DUNE-fem (dune)
2026-08-29 11:19:22,006 [oasis.dune] INFO: DUNE-fem backend registered
2026-08-29 11:19:22,011 [oasis.registry] INFO: Registered backend: SPARTA (DSMC) (sparta)
2026-08-29 11:19:22,011 [oasis.sparta] INFO: SPARTA (DSMC) backend registered
2026-08-29 11:19:22,011 [oasis] INFO: Starting OASiS MCP server
2026-08-29 11:19:22,018 [mcp.server.lowlevel.server] INFO: Processing request of type CallToolRequest
2026-08-29 11:19:22,022 [mcp.server.lowlevel.server] INFO: Processing request of type ListToolsRequest
2026-08-29 11:19:29,444 [oasis.registry] INFO: Loaded discovered config: 5 backends
2026-08-29 11:19:29,446 [oasis.registry] INFO: Registered backend: 4C Multiphysics (fourc)
2026-08-29 11:19:29,446 [oasis.registry] INFO: Registered backend: FEniCSx (dolfinx) (fenics)
2026-08-29 11:19:29,447 [oasis.registry] INFO: Registered backend: deal.II (dealii)
2026-08-29 11:19:29,450 [oasis.registry] INFO: Registered backend: FEBio (febio)
2026-08-29 11:19:29,453 [oasis.registry] INFO: Registered backend: NGSolve (ngsolve)
2026-08-29 11:19:29,453 [oasis.ngsolve] INFO: NGSolve backend registered
2026-08-29 11:19:29,457 [oasis.registry] INFO: Registered backend: scikit-fem (skfem)
2026-08-29 11:19:29,457 [oasis.skfem] INFO: scikit-fem backend registered
2026-08-29 11:19:29,461 [oasis.registry] INFO: Registered backend: Kratos Multiphysics (kratos)
2026-08-29 11:19:29,461 [oasis.kratos] INFO: Kratos Multiphysics backend registered
2026-08-29 11:19:29,464 [oasis.registry] INFO: Registered backend: DUNE-fem (dune)
2026-08-29 11:19:29,464 [oasis.dune] INFO: DUNE-fem backend registered
2026-08-29 11:19:29,469 [oasis.registry] INFO: Registered backend: SPARTA (DSMC) (sparta)
2026-08-29 11:19:29,469 [oasis.sparta] INFO: SPARTA (DSMC) backend registered
2026-08-29 11:19:29,469 [oasis] INFO: Starting OASiS MCP server
2026-08-29 11:19:29,477 [mcp.server.lowlevel.server] INFO: Processing request of type CallToolRequest
2026-08-29 11:19:49,490 [mcp.server.lowlevel.server] INFO: Processing request of type ListToolsRequest
2026-08-29 11:19:49,499 [oasis] INFO: Session journal saved: /home/alexander/Schreibtisch/ofa-v2/data/sessions/session_59bdd324-2a22-4443-a0e3-ad4ecd975fd1.json (1 events)
2026-08-29 11:20:49,526 [oasis.registry] INFO: Loaded discovered config: 5 backends
2026-08-29 11:20:49,528 [oasis.registry] INFO: Registered backend: 4C Multiphysics (fourc)
2026-08-29 11:20:49,528 [oasis.registry] INFO: Registered backend: FEniCSx (dolfinx) (fenics)
2026-08-29 11:20:49,529 [oasis.registry] INFO: Registered backend: deal.II (dealii)
2026-08-29 11:20:49,532 [oasis.registry] INFO: Registered backend: FEBio (febio)
2026-08-29 11:20:49,534 [oasis.registry] INFO: Registered backend: NGSolve (ngsolve)
2026-08-29 11:20:49,534 [oasis.ngsolve] INFO: NGSolve backend registered
2026-08-29 11:20:49,537 [oasis.registry] INFO: Registered backend: scikit-fem (skfem)
2026-08-29 11:20:49,537 [oasis.skfem] INFO: scikit-fem backend registered
2026-08-29 11:20:49,541 [oasis.registry] INFO: Registered backend: Kratos Multiphysics (kratos)
2026-08-29 11:20:49,541 [oasis.kratos] INFO: Kratos Multiphysics backend registered
2026-08-29 11:20:49,543 [oasis.registry] INFO: Registered backend: DUNE-fem (dune)
2026-08-29 11:20:49,543 [oasis.dune] INFO: DUNE-fem backend registered
2026-08-29 11:20:49,549 [oasis.registry] INFO: Registered backend: SPARTA (DSMC) (sparta)
2026-08-29 11:20:49,549 [oasis.sparta] INFO: SPARTA (DSMC) backend registered
2026-08-29 11:20:49,549 [oasis] INFO: Starting OASiS MCP server
2026-08-29 11:20:49,556 [mcp.server.lowlevel.server] INFO: Processing request of type CallToolRequest
2026-08-29 11:20:49,560 [mcp.server.lowlevel.server] INFO: Processing request of type ListToolsRequest
2026-08-29 11:21:56,244 [oasis.registry] INFO: Loaded discovered config: 5 backends
2026-08-29 11:21:56,246 [oasis.registry] INFO: Registered backend: 4C Multiphysics (fourc)
2026-08-29 11:21:56,249 [oasis.registry] INFO: Registered backend: FEniCSx (dolfinx) (fenics)
2026-08-29 11:21:56,249 [oasis.registry] INFO: Registered backend: deal.II (dealii)
2026-08-29 11:21:56,252 [oasis.registry] INFO: Registered backend: FEBio (febio)
2026-08-29 11:21:56,255 [oasis.registry] INFO: Registered backend: NGSolve (ngsolve)
2026-08-29 11:21:56,255 [oasis.ngsolve] INFO: NGSolve backend registered
2026-08-29 11:21:56,257 [oasis.registry] INFO: Registered backend: scikit-fem (skfem)
2026-08-29 11:21:56,257 [oasis.skfem] INFO: scikit-fem backend registered
2026-08-29 11:21:56,261 [oasis.registry] INFO: Registered backend: Kratos Multiphysics (kratos)
2026-08-29 11:21:56,261 [oasis.kratos] INFO: Kratos Multiphysics backend registered
2026-08-29 11:21:56,263 [oasis.registry] INFO: Registered backend: DUNE-fem (dune)
2026-08-29 11:21:56,263 [oasis.dune] INFO: DUNE-fem backend registered
2026-08-29 11:21:56,269 [oasis.registry] INFO: Registered backend: SPARTA (DSMC) (sparta)
2026-08-29 11:21:56,269 [oasis.sparta] INFO: SPARTA (DSMC) backend registered
2026-08-29 11:21:56,269 [oasis] INFO: Starting OASiS MCP server
2026-08-29 11:21:56,277 [mcp.server.lowlevel.server] INFO: Processing request of type CallToolRequest
2026-08-29 11:21:56,280 [mcp.server.lowlevel.server] INFO: Processing request of type ListToolsRequest
2026-08-29 11:22:03,682 [oasis.registry] INFO: Loaded discovered config: 5 backends
2026-08-29 11:22:03,684 [oasis.registry] INFO: Registered backend: 4C Multiphysics (fourc)
2026-08-29 11:22:03,685 [oasis.registry] INFO: Registered backend: FEniCSx (dolfinx) (fenics)
2026-08-29 11:22:03,685 [oasis.registry] INFO: Registered backend: deal.II (dealii)
2026-08-29 11:22:03,688 [oasis.registry] INFO: Registered backend: FEBio (febio)
2026-08-29 11:22:03,691 [oasis.registry] INFO: Registered backend: NGSolve (ngsolve)
2026-08-29 11:22:03,691 [oasis.ngsolve] INFO: NGSolve backend registered
2026-08-29 11:22:03,693 [oasis.registry] INFO: Registered backend: scikit-fem (skfem)
2026-08-29 11:22:03,693 [oasis.skfem] INFO: scikit-fem backend registered
2026-08-29 11:22:03,697 [oasis.registry] INFO: Registered backend: Kratos Multiphysics (kratos)
2026-08-29 11:22:03,697 [oasis.kratos] INFO: Kratos Multiphysics backend registered
2026-08-29 11:22:03,700 [oasis.registry] INFO: Registered backend: DUNE-fem (dune)
2026-08-29 11:22:03,700 [oasis.dune] INFO: DUNE-fem backend registered
2026-08-29 11:22:03,705 [oasis.registry] INFO: Registered backend: SPARTA (DSMC) (sparta)
2026-08-29 11:22:03,705 [oasis.sparta] INFO: SPARTA (DSMC) backend registered
2026-08-29 11:22:03,705 [oasis] INFO: Starting OASiS MCP server
2026-08-29 11:22:03,713 [mcp.server.lowlevel.server] INFO: Processing request of type CallToolRequest
2026-08-29 11:22:04,623 [oasis.registry] INFO: Loaded discovered config: 5 backends
2026-08-29 11:22:04,624 [oasis.registry] INFO: Registered backend: 4C Multiphysics (fourc)
2026-08-29 11:22:04,625 [oasis.registry] INFO: Registered backend: FEniCSx (dolfinx) (fenics)
2026-08-29 11:22:04,625 [oasis.registry] INFO: Registered backend: deal.II (dealii)
2026-08-29 11:22:04,629 [oasis.registry] INFO: Registered backend: FEBio (febio)
2026-08-29 11:22:04,631 [oasis.registry] INFO: Registered backend: NGSolve (ngsolve)
2026-08-29 11:22:04,631 [oasis.ngsolve] INFO: NGSolve backend registered
2026-08-29 11:22:04,634 [oasis.registry] INFO: Registered backend: scikit-fem (skfem)
2026-08-29 11:22:04,634 [oasis.skfem] INFO: scikit-fem backend registered
2026-08-29 11:22:04,637 [oasis.registry] INFO: Registered backend: Kratos Multiphysics (kratos)
2026-08-29 11:22:04,637 [oasis.kratos] INFO: Kratos Multiphysics backend registered
2026-08-29 11:22:04,640 [oasis.registry] INFO: Registered backend: DUNE-fem (dune)
2026-08-29 11:22:04,640 [oasis.dune] INFO: DUNE-fem backend registered
2026-08-29 11:22:04,645 [oasis.registry] INFO: Registered backend: SPARTA (DSMC) (sparta)
2026-08-29 11:22:04,645 [oasis.sparta] INFO: SPARTA (DSMC) backend registered
2026-08-29 11:22:04,645 [oasis] INFO: Starting OASiS MCP server
2026-08-29 11:22:04,653 [mcp.server.lowlevel.server] INFO: Processing request of type CallToolRequest
2026-08-29 11:22:04,657 [mcp.server.lowlevel.server] INFO: Processing request of type ListToolsRequest
2026-08-29 11:22:26,108 [mcp.server.lowlevel.server] INFO: Processing request of type ListToolsRequest
2026-08-29 11:22:26,116 [oasis] INFO: Session journal saved: /home/alexander/Schreibtisch/ofa-v2/data/sessions/session_a5911e89-fb2d-4c2d-8e4e-177de857e5a8.json (1 events)
2026-08-29 11:22:37,462 [oasis.registry] INFO: Loaded discovered config: 5 backends
2026-08-29 11:22:37,464 [oasis.registry] INFO: Registered backend: 4C Multiphysics (fourc)
2026-08-29 11:22:37,464 [oasis.registry] INFO: Registered backend: FEniCSx (dolfinx) (fenics)
2026-08-29 11:22:37,464 [oasis.registry] INFO: Registered backend: deal.II (dealii)
2026-08-29 11:22:37,468 [oasis.registry] INFO: Registered backend: FEBio (febio)
2026-08-29 11:22:37,470 [oasis.registry] INFO: Registered backend: NGSolve (ngsolve)
2026-08-29 11:22:37,470 [oasis.ngsolve] INFO: NGSolve backend registered
2026-08-29 11:22:37,473 [oasis.registry] INFO: Registered backend: scikit-fem (skfem)
2026-08-29 11:22:37,473 [oasis.skfem] INFO: scikit-fem backend registered
2026-08-29 11:22:37,476 [oasis.registry] INFO: Registered backend: Kratos Multiphysics (kratos)
2026-08-29 11:22:37,476 [oasis.kratos] INFO: Kratos Multiphysics backend registered
2026-08-29 11:22:37,479 [oasis.registry] INFO: Registered backend: DUNE-fem (dune)
2026-08-29 11:22:37,479 [oasis.dune] INFO: DUNE-fem backend registered
2026-08-29 11:22:37,484 [oasis.registry] INFO: Registered backend: SPARTA (DSMC) (sparta)
2026-08-29 11:22:37,484 [oasis.sparta] INFO: SPARTA (DSMC) backend registered
2026-08-29 11:22:37,484 [oasis] INFO: Starting OASiS MCP server
2026-08-29 11:22:37,492 [mcp.server.lowlevel.server] INFO: Processing request of type CallToolRequest
2026-08-29 11:22:37,495 [mcp.server.lowlevel.server] INFO: Processing request of type ListToolsRequest
2026-08-29 11:22:48,922 [oasis.registry] INFO: Loaded discovered config: 5 backends
2026-08-29 11:22:48,923 [oasis.registry] INFO: Registered backend: 4C Multiphysics (fourc)
2026-08-29 11:22:48,924 [oasis.registry] INFO: Registered backend: FEniCSx (dolfinx) (fenics)
2026-08-29 11:22:48,924 [oasis.registry] INFO: Registered backend: deal.II (dealii)
2026-08-29 11:22:48,928 [oasis.registry] INFO: Registered backend: FEBio (febio)
2026-08-29 11:22:48,930 [oasis.registry] INFO: Registered backend: NGSolve (ngsolve)
2026-08-29 11:22:48,930 [oasis.ngsolve] INFO: NGSolve backend registered
2026-08-29 11:22:48,933 [oasis.registry] INFO: Registered backend: scikit-fem (skfem)
2026-08-29 11:22:48,933 [oasis.skfem] INFO: scikit-fem backend registered
2026-08-29 11:22:48,936 [oasis.registry] INFO: Registered backend: Kratos Multiphysics (kratos)
2026-08-29 11:22:48,936 [oasis.kratos] INFO: Kratos Multiphysics backend registered
2026-08-29 11:22:48,939 [oasis.registry] INFO: Registered backend: DUNE-fem (dune)
2026-08-29 11:22:48,939 [oasis.dune] INFO: DUNE-fem backend registered
2026-08-29 11:22:48,944 [oasis.registry] INFO: Registered backend: SPARTA (DSMC) (sparta)
2026-08-29 11:22:48,944 [oasis.sparta] INFO: SPARTA (DSMC) backend registered
2026-08-29 11:22:48,944 [oasis] INFO: Starting OASiS MCP server
2026-08-29 11:22:48,952 [mcp.server.lowlevel.server] INFO: Processing request of type CallToolRequest
2026-08-29 11:23:04,680 [oasis.registry] INFO: Loaded discovered config: 5 backends
2026-08-29 11:23:04,682 [oasis.registry] INFO: Registered backend: 4C Multiphysics (fourc)
2026-08-29 11:23:04,682 [oasis.registry] INFO: Registered backend: FEniCSx (dolfinx) (fenics)
2026-08-29 11:23:04,683 [oasis.registry] INFO: Registered backend: deal.II (dealii)
2026-08-29 11:23:04,687 [oasis.registry] INFO: Registered backend: FEBio (febio)
2026-08-29 11:23:04,690 [oasis.registry] INFO: Registered backend: NGSolve (ngsolve)
2026-08-29 11:23:04,690 [oasis.ngsolve] INFO: NGSolve backend registered
2026-08-29 11:23:04,693 [oasis.registry] INFO: Registered backend: scikit-fem (skfem)
2026-08-29 11:23:04,693 [oasis.skfem] INFO: scikit-fem backend registered
2026-08-29 11:23:04,697 [oasis.registry] INFO: Registered backend: Kratos Multiphysics (kratos)
2026-08-29 11:23:04,697 [oasis.kratos] INFO: Kratos Multiphysics backend registered
2026-08-29 11:23:04,700 [oasis.registry] INFO: Registered backend: DUNE-fem (dune)
2026-08-29 11:23:04,700 [oasis.dune] INFO: DUNE-fem backend registered
2026-08-29 11:23:04,707 [oasis.registry] INFO: Registered backend: SPARTA (DSMC) (sparta)
2026-08-29 11:23:04,707 [oasis.sparta] INFO: SPARTA (DSMC) backend registered
2026-08-29 11:23:04,707 [oasis] INFO: Starting OASiS MCP server
2026-08-29 11:23:04,716 [mcp.server.lowlevel.server] INFO: Processing request of type CallToolRequest
2026-08-29 11:23:08,405 [mcp.server.lowlevel.server] INFO: Processing request of type ListToolsRequest
2026-08-29 11:23:14,168 [mcp.server.lowlevel.server] INFO: Processing request of type ListToolsRequest
2026-08-29 11:23:14,176 [oasis] INFO: Session journal saved: /home/alexander/Schreibtisch/ofa-v2/data/sessions/session_18ce805a-72ff-4314-9706-cde9db18c089.json (1 events)
2026-08-29 11:24:22,979 [oasis.registry] INFO: Loaded discovered config: 5 backends
2026-08-29 11:24:22,981 [oasis.registry] INFO: Registered backend: 4C Multiphysics (fourc)
2026-08-29 11:24:22,981 [oasis.registry] INFO: Registered backend: FEniCSx (dolfinx) (fenics)
2026-08-29 11:24:22,982 [oasis.registry] INFO: Registered backend: deal.II (dealii)
2026-08-29 11:24:22,985 [oasis.registry] INFO: Registered backend: FEBio (febio)
2026-08-29 11:24:22,987 [oasis.registry] INFO: Registered backend: NGSolve (ngsolve)
2026-08-29 11:24:22,987 [oasis.ngsolve] INFO: NGSolve backend registered
2026-08-29 11:24:22,990 [oasis.registry] INFO: Registered backend: scikit-fem (skfem)
2026-08-29 11:24:22,990 [oasis.skfem] INFO: scikit-fem backend registered
2026-08-29 11:24:22,994 [oasis.registry] INFO: Registered backend: Kratos Multiphysics (kratos)
2026-08-29 11:24:22,994 [oasis.kratos] INFO: Kratos Multiphysics backend registered
2026-08-29 11:24:22,996 [oasis.registry] INFO: Registered backend: DUNE-fem (dune)
2026-08-29 11:24:22,996 [oasis.dune] INFO: DUNE-fem backend registered
2026-08-29 11:24:23,001 [oasis.registry] INFO: Registered backend: SPARTA (DSMC) (sparta)
2026-08-29 11:24:23,001 [oasis.sparta] INFO: SPARTA (DSMC) backend registered
2026-08-29 11:24:23,001 [oasis] INFO: Starting OASiS MCP server
2026-08-29 11:24:23,009 [mcp.server.lowlevel.server] INFO: Processing request of type CallToolRequest
2026-08-29 11:24:23,012 [mcp.server.lowlevel.server] INFO: Processing request of type ListToolsRequest
2026-08-29 11:24:31,010 [oasis.registry] INFO: Loaded discovered config: 5 backends
2026-08-29 11:24:31,012 [oasis.registry] INFO: Registered backend: 4C Multiphysics (fourc)
2026-08-29 11:24:31,013 [oasis.registry] INFO: Registered backend: FEniCSx (dolfinx) (fenics)
2026-08-29 11:24:31,013 [oasis.registry] INFO: Registered backend: deal.II (dealii)
2026-08-29 11:24:31,016 [oasis.registry] INFO: Registered backend: FEBio (febio)
2026-08-29 11:24:31,019 [oasis.registry] INFO: Registered backend: NGSolve (ngsolve)
2026-08-29 11:24:31,019 [oasis.ngsolve] INFO: NGSolve backend registered
2026-08-29 11:24:31,021 [oasis.registry] INFO: Registered backend: scikit-fem (skfem)
2026-08-29 11:24:31,021 [oasis.skfem] INFO: scikit-fem backend registered
2026-08-29 11:24:31,025 [oasis.registry] INFO: Registered backend: Kratos Multiphysics (kratos)
2026-08-29 11:24:31,025 [oasis.kratos] INFO: Kratos Multiphysics backend registered
2026-08-29 11:24:31,027 [oasis.registry] INFO: Registered backend: DUNE-fem (dune)
2026-08-29 11:24:31,028 [oasis.dune] INFO: DUNE-fem backend registered
2026-08-29 11:24:31,033 [oasis.registry] INFO: Registered backend: SPARTA (DSMC) (sparta)
2026-08-29 11:24:31,033 [oasis.sparta] INFO: SPARTA (DSMC) backend registered
2026-08-29 11:24:31,033 [oasis] INFO: Starting OASiS MCP server
2026-08-29 11:24:31,041 [mcp.server.lowlevel.server] INFO: Processing request of type CallToolRequest
2026-08-29 11:24:50,953 [mcp.server.lowlevel.server] INFO: Processing request of type ListToolsRequest
2026-08-29 11:24:50,961 [oasis] INFO: Session journal saved: /home/alexander/Schreibtisch/ofa-v2/data/sessions/session_c372ea94-2709-494c-90c0-7e2f5e43e214.json (1 events)
/home/alexander/Schreibtisch/ofa-v2/langgraph_eval/agent.py:270: RuntimeWarning: This package (`duckduckgo_search`) has been renamed to `ddgs`! Use `pip install ddgs` instead.
  with DDGS() as ddgs:
/home/alexander/Schreibtisch/ofa-v2/langgraph_eval/agent.py:270: RuntimeWarning: This package (`duckduckgo_search`) has been renamed to `ddgs`! Use `pip install ddgs` instead.
  with DDGS() as ddgs:
/home/alexander/Schreibtisch/ofa-v2/langgraph_eval/agent.py:270: RuntimeWarning: This package (`duckduckgo_search`) has been renamed to `ddgs`! Use `pip install ddgs` instead.
  with DDGS() as ddgs:
/home/alexander/Schreibtisch/ofa-v2/langgraph_eval/agent.py:270: RuntimeWarning: This package (`duckduckgo_search`) has been renamed to `ddgs`! Use `pip install ddgs` instead.
  with DDGS() as ddgs:
/home/alexander/Schreibtisch/ofa-v2/langgraph_eval/agent.py:270: RuntimeWarning: This package (`duckduckgo_search`) has been renamed to `ddgs`! Use `pip install ddgs` instead.
  with DDGS() as ddgs:
/home/alexander/Schreibtisch/ofa-v2/langgraph_eval/agent.py:270: RuntimeWarning: This package (`duckduckgo_search`) has been renamed to `ddgs`! Use `pip install ddgs` instead.
  with DDGS() as ddgs:
2026-08-29 11:25:22,665 [oasis.registry] INFO: Loaded discovered config: 5 backends
2026-08-29 11:25:22,667 [oasis.registry] INFO: Registered backend: 4C Multiphysics (fourc)
2026-08-29 11:25:22,667 [oasis.registry] INFO: Registered backend: FEniCSx (dolfinx) (fenics)
2026-08-29 11:25:22,668 [oasis.registry] INFO: Registered backend: deal.II (dealii)
2026-08-29 11:25:22,671 [oasis.registry] INFO: Registered backend: FEBio (febio)
2026-08-29 11:25:22,673 [oasis.registry] INFO: Registered backend: NGSolve (ngsolve)
2026-08-29 11:25:22,673 [oasis.ngsolve] INFO: NGSolve backend registered
2026-08-29 11:25:22,676 [oasis.registry] INFO: Registered backend: scikit-fem (skfem)
2026-08-29 11:25:22,676 [oasis.skfem] INFO: scikit-fem backend registered
2026-08-29 11:25:22,679 [oasis.registry] INFO: Registered backend: Kratos Multiphysics (kratos)
2026-08-29 11:25:22,679 [oasis.kratos] INFO: Kratos Multiphysics backend registered
2026-08-29 11:25:22,682 [oasis.registry] INFO: Registered backend: DUNE-fem (dune)
2026-08-29 11:25:22,682 [oasis.dune] INFO: DUNE-fem backend registered
2026-08-29 11:25:22,687 [oasis.registry] INFO: Registered backend: SPARTA (DSMC) (sparta)
2026-08-29 11:25:22,687 [oasis.sparta] INFO: SPARTA (DSMC) backend registered
2026-08-29 11:25:22,687 [oasis] INFO: Starting OASiS MCP server
2026-08-29 11:25:22,695 [mcp.server.lowlevel.server] INFO: Processing request of type CallToolRequest
2026-08-29 11:25:22,710 [mcp.server.lowlevel.server] INFO: Processing request of type ListToolsRequest
2026-08-29 11:25:22,717 [oasis] INFO: Session journal saved: /home/alexander/Schreibtisch/ofa-v2/data/sessions/session_1343f735-c7d3-4b3a-99e7-3119934c7852.json (1 events)
[preflight] custody controls verified for 1 problem(s); keys sealed and unreadable by execution
[phase: development] results are for post-mortems and convergence checking, NOT for the paper's evaluation table.
[C9 27b MCP s21] done  calls=71 tok=6197282/43043 915.6s
/home/alexander/Schreibtisch/ofa-v2/campaign3_blind/run_blind.py:768: ResourceWarning: unclosed file <_io.TextIOWrapper name='/home/alexander/Schreibtisch/ofa-v2/campaign3_blind/runs/C9_27b_MCP_seed21/work/trajectory_live.txt' mode='a' encoding='utf-8'>
  run_one(pid, a.model, cond, a.seed, a.timeout)
ResourceWarning: Enable tracemalloc to get the object allocation traceback
/home/alexander/.local/share/python/cpython-3.12.13-linux-x86_64-gnu/lib/python3.12/asyncio/selector_events.py:879: ResourceWarning: unclosed transport <_SelectorSocketTransport fd=8>
<<< C9 seed 21 done 2026-08-29 11:27:32
2026-08-29 11:29:35,874 [oasis.registry] INFO: Loaded discovered config: 5 backends
2026-08-29 11:29:35,876 [oasis.registry] INFO: Registered backend: 4C Multiphysics (fourc)
2026-08-29 11:29:35,877 [oasis.registry] INFO: Registered backend: FEniCSx (dolfinx) (fenics)
2026-08-29 11:29:35,877 [oasis.registry] INFO: Registered backend: deal.II (dealii)
2026-08-29 11:29:35,880 [oasis.registry] INFO: Registered backend: FEBio (febio)
2026-08-29 11:29:35,883 [oasis.registry] INFO: Registered backend: NGSolve (ngsolve)
2026-08-29 11:29:35,883 [oasis.ngsolve] INFO: NGSolve backend registered
2026-08-29 11:29:35,885 [oasis.registry] INFO: Registered backend: scikit-fem (skfem)
2026-08-29 11:29:35,885 [oasis.skfem] INFO: scikit-fem backend registered
2026-08-29 11:29:35,889 [oasis.registry] INFO: Registered backend: Kratos Multiphysics (kratos)
2026-08-29 11:29:35,889 [oasis.kratos] INFO: Kratos Multiphysics backend registered
2026-08-29 11:29:35,891 [oasis.registry] INFO: Registered backend: DUNE-fem (dune)
2026-08-29 11:29:35,891 [oasis.dune] INFO: DUNE-fem backend registered
2026-08-29 11:29:35,897 [oasis.registry] INFO: Registered backend: SPARTA (DSMC) (sparta)
2026-08-29 11:29:35,897 [oasis.sparta] INFO: SPARTA (DSMC) backend registered
2026-08-29 11:29:35,897 [oasis] INFO: Starting OASiS MCP server
2026-08-29 11:29:35,905 [mcp.server.lowlevel.server] INFO: Processing request of type CallToolRequest
2026-08-29 11:29:35,910 [mcp.server.lowlevel.server] INFO: Processing request of type ListToolsRequest
2026-08-29 11:29:51,751 [oasis.registry] INFO: Loaded discovered config: 5 backends
2026-08-29 11:29:51,753 [oasis.registry] INFO: Registered backend: 4C Multiphysics (fourc)
2026-08-29 11:29:51,754 [oasis.registry] INFO: Registered backend: FEniCSx (dolfinx) (fenics)
2026-08-29 11:29:51,754 [oasis.registry] INFO: Registered backend: deal.II (dealii)
2026-08-29 11:29:51,757 [oasis.registry] INFO: Registered backend: FEBio (febio)
2026-08-29 11:29:51,760 [oasis.registry] INFO: Registered backend: NGSolve (ngsolve)
2026-08-29 11:29:51,760 [oasis.ngsolve] INFO: NGSolve backend registered
2026-08-29 11:29:51,762 [oasis.registry] INFO: Registered backend: scikit-fem (skfem)
2026-08-29 11:29:51,762 [oasis.skfem] INFO: scikit-fem backend registered
2026-08-29 11:29:51,766 [oasis.registry] INFO: Registered backend: Kratos Multiphysics (kratos)
2026-08-29 11:29:51,766 [oasis.kratos] INFO: Kratos Multiphysics backend registered
2026-08-29 11:29:51,768 [oasis.registry] INFO: Registered backend: DUNE-fem (dune)
2026-08-29 11:29:51,768 [oasis.dune] INFO: DUNE-fem backend registered
2026-08-29 11:29:51,774 [oasis.registry] INFO: Registered backend: SPARTA (DSMC) (sparta)
2026-08-29 11:29:51,774 [oasis.sparta] INFO: SPARTA (DSMC) backend registered
2026-08-29 11:29:51,774 [oasis] INFO: Starting OASiS MCP server
2026-08-29 11:29:51,782 [mcp.server.lowlevel.server] INFO: Processing request of type CallToolRequest
2026-08-29 11:29:51,785 [mcp.server.lowlevel.server] INFO: Processing request of type ListToolsRequest
2026-08-29 11:29:57,344 [oasis.registry] INFO: Loaded discovered config: 5 backends
2026-08-29 11:29:57,346 [oasis.registry] INFO: Registered backend: 4C Multiphysics (fourc)
2026-08-29 11:29:57,346 [oasis.registry] INFO: Registered backend: FEniCSx (dolfinx) (fenics)
2026-08-29 11:29:57,347 [oasis.registry] INFO: Registered backend: deal.II (dealii)
2026-08-29 11:29:57,350 [oasis.registry] INFO: Registered backend: FEBio (febio)
2026-08-29 11:29:57,352 [oasis.registry] INFO: Registered backend: NGSolve (ngsolve)
2026-08-29 11:29:57,352 [oasis.ngsolve] INFO: NGSolve backend registered
2026-08-29 11:29:57,355 [oasis.registry] INFO: Registered backend: scikit-fem (skfem)
2026-08-29 11:29:57,355 [oasis.skfem] INFO: scikit-fem backend registered
2026-08-29 11:29:57,358 [oasis.registry] INFO: Registered backend: Kratos Multiphysics (kratos)
2026-08-29 11:29:57,358 [oasis.kratos] INFO: Kratos Multiphysics backend registered
2026-08-29 11:29:57,361 [oasis.registry] INFO: Registered backend: DUNE-fem (dune)
2026-08-29 11:29:57,361 [oasis.dune] INFO: DUNE-fem backend registered
2026-08-29 11:29:57,366 [oasis.registry] INFO: Registered backend: SPARTA (DSMC) (sparta)
2026-08-29 11:29:57,366 [oasis.sparta] INFO: SPARTA (DSMC) backend registered
2026-08-29 11:29:57,366 [oasis] INFO: Starting OASiS MCP server
2026-08-29 11:29:57,374 [mcp.server.lowlevel.server] INFO: Processing request of type CallToolRequest
2026-08-29 11:29:57,377 [mcp.server.lowlevel.server] INFO: Processing request of type ListToolsRequest
2026-08-29 11:30:00,049 [oasis.registry] INFO: Loaded discovered config: 5 backends
2026-08-29 11:30:00,050 [oasis.registry] INFO: Registered backend: 4C Multiphysics (fourc)
2026-08-29 11:30:00,051 [oasis.registry] INFO: Registered backend: FEniCSx (dolfinx) (fenics)
2026-08-29 11:30:00,051 [oasis.registry] INFO: Registered backend: deal.II (dealii)
2026-08-29 11:30:00,055 [oasis.registry] INFO: Registered backend: FEBio (febio)
2026-08-29 11:30:00,057 [oasis.registry] INFO: Registered backend: NGSolve (ngsolve)
2026-08-29 11:30:00,057 [oasis.ngsolve] INFO: NGSolve backend registered
2026-08-29 11:30:00,060 [oasis.registry] INFO: Registered backend: scikit-fem (skfem)
2026-08-29 11:30:00,060 [oasis.skfem] INFO: scikit-fem backend registered
2026-08-29 11:30:00,063 [oasis.registry] INFO: Registered backend: Kratos Multiphysics (kratos)
2026-08-29 11:30:00,063 [oasis.kratos] INFO: Kratos Multiphysics backend registered
2026-08-29 11:30:00,066 [oasis.registry] INFO: Registered backend: DUNE-fem (dune)
2026-08-29 11:30:00,066 [oasis.dune] INFO: DUNE-fem backend registered
2026-08-29 11:30:00,071 [oasis.registry] INFO: Registered backend: SPARTA (DSMC) (sparta)
2026-08-29 11:30:00,071 [oasis.sparta] INFO: SPARTA (DSMC) backend registered
2026-08-29 11:30:00,071 [oasis] INFO: Starting OASiS MCP server
2026-08-29 11:30:00,079 [mcp.server.lowlevel.server] INFO: Processing request of type CallToolRequest
2026-08-29 11:30:07,099 [oasis.registry] INFO: Loaded discovered config: 5 backends
2026-08-29 11:30:07,100 [oasis.registry] INFO: Registered backend: 4C Multiphysics (fourc)
2026-08-29 11:30:07,101 [oasis.registry] INFO: Registered backend: FEniCSx (dolfinx) (fenics)
2026-08-29 11:30:07,101 [oasis.registry] INFO: Registered backend: deal.II (dealii)
2026-08-29 11:30:07,105 [oasis.registry] INFO: Registered backend: FEBio (febio)
2026-08-29 11:30:07,107 [oasis.registry] INFO: Registered backend: NGSolve (ngsolve)
2026-08-29 11:30:07,107 [oasis.ngsolve] INFO: NGSolve backend registered
2026-08-29 11:30:07,110 [oasis.registry] INFO: Registered backend: scikit-fem (skfem)
2026-08-29 11:30:07,110 [oasis.skfem] INFO: scikit-fem backend registered
2026-08-29 11:30:07,115 [oasis.registry] INFO: Registered backend: Kratos Multiphysics (kratos)
2026-08-29 11:30:07,115 [oasis.kratos] INFO: Kratos Multiphysics backend registered
2026-08-29 11:30:07,117 [oasis.registry] INFO: Registered backend: DUNE-fem (dune)
2026-08-29 11:30:07,117 [oasis.dune] INFO: DUNE-fem backend registered
2026-08-29 11:30:07,123 [oasis.registry] INFO: Registered backend: SPARTA (DSMC) (sparta)
2026-08-29 11:30:07,123 [oasis.sparta] INFO: SPARTA (DSMC) backend registered
2026-08-29 11:30:07,123 [oasis] INFO: Starting OASiS MCP server
2026-08-29 11:30:07,132 [mcp.server.lowlevel.server] INFO: Processing request of type CallToolRequest
2026-08-29 11:30:07,137 [mcp.server.lowlevel.server] INFO: Processing request of type ListToolsRequest
2026-08-29 11:30:14,358 [oasis.registry] INFO: Loaded discovered config: 5 backends
2026-08-29 11:30:14,360 [oasis.registry] INFO: Registered backend: 4C Multiphysics (fourc)
2026-08-29 11:30:14,365 [oasis.registry] INFO: Registered backend: FEniCSx (dolfinx) (fenics)
2026-08-29 11:30:14,366 [oasis.registry] INFO: Registered backend: deal.II (dealii)
2026-08-29 11:30:14,369 [oasis.registry] INFO: Registered backend: FEBio (febio)
2026-08-29 11:30:14,372 [oasis.registry] INFO: Registered backend: NGSolve (ngsolve)
2026-08-29 11:30:14,372 [oasis.ngsolve] INFO: NGSolve backend registered
2026-08-29 11:30:14,379 [oasis.registry] INFO: Registered backend: scikit-fem (skfem)
2026-08-29 11:30:14,379 [oasis.skfem] INFO: scikit-fem backend registered
2026-08-29 11:30:14,388 [oasis.registry] INFO: Registered backend: Kratos Multiphysics (kratos)
2026-08-29 11:30:14,388 [oasis.kratos] INFO: Kratos Multiphysics backend registered
2026-08-29 11:30:14,391 [oasis.registry] INFO: Registered backend: DUNE-fem (dune)
2026-08-29 11:30:14,391 [oasis.dune] INFO: DUNE-fem backend registered
2026-08-29 11:30:14,397 [oasis.registry] INFO: Registered backend: SPARTA (DSMC) (sparta)
2026-08-29 11:30:14,397 [oasis.sparta] INFO: SPARTA (DSMC) backend registered
2026-08-29 11:30:14,397 [oasis] INFO: Starting OASiS MCP server
2026-08-29 11:30:14,408 [mcp.server.lowlevel.server] INFO: Processing request of type CallToolRequest
2026-08-29 11:30:14,879 [mcp.server.lowlevel.server] INFO: Processing request of type ListToolsRequest
2026-08-29 11:30:14,884 [oasis] INFO: Session journal saved: /home/alexander/Schreibtisch/ofa-v2/data/sessions/session_c4526cb2-5ad0-428d-bd42-3dbeac9d52e6.json (1 events)
2026-08-29 11:30:20,814 [mcp.server.lowlevel.server] INFO: Processing request of type ListToolsRequest
2026-08-29 11:30:20,822 [oasis] INFO: Session journal saved: /home/alexander/Schreibtisch/ofa-v2/data/sessions/session_d4b13da2-dbb6-4d76-a555-898d814af694.json (1 events)
[preflight] custody controls verified for 1 problem(s); keys sealed and unreadable by execution
[phase: development] results are for post-mortems and convergence checking, NOT for the paper's evaluation table.
[C9 27b MCP s22] done  calls=57 tok=5272370/60203 1321.0s
/home/alexander/Schreibtisch/ofa-v2/campaign3_blind/run_blind.py:768: ResourceWarning: unclosed file <_io.TextIOWrapper name='/home/alexander/Schreibtisch/ofa-v2/campaign3_blind/runs/C9_27b_MCP_seed22/work/trajectory_live.txt' mode='a' encoding='utf-8'>
  run_one(pid, a.model, cond, a.seed, a.timeout)
ResourceWarning: Enable tracemalloc to get the object allocation traceback
/home/alexander/.local/share/python/cpython-3.12.13-linux-x86_64-gnu/lib/python3.12/asyncio/selector_events.py:879: ResourceWarning: unclosed transport <_SelectorSocketTransport fd=8>
<<< C9 seed 22 done 2026-08-29 11:34:18
2026-08-29 11:34:48,355 [oasis.registry] INFO: Loaded discovered config: 5 backends
2026-08-29 11:34:48,356 [oasis.registry] INFO: Registered backend: 4C Multiphysics (fourc)
2026-08-29 11:34:48,357 [oasis.registry] INFO: Registered backend: FEniCSx (dolfinx) (fenics)
2026-08-29 11:34:48,357 [oasis.registry] INFO: Registered backend: deal.II (dealii)
2026-08-29 11:34:48,360 [oasis.registry] INFO: Registered backend: FEBio (febio)
2026-08-29 11:34:48,363 [oasis.registry] INFO: Registered backend: NGSolve (ngsolve)
2026-08-29 11:34:48,363 [oasis.ngsolve] INFO: NGSolve backend registered
2026-08-29 11:34:48,365 [oasis.registry] INFO: Registered backend: scikit-fem (skfem)
2026-08-29 11:34:48,365 [oasis.skfem] INFO: scikit-fem backend registered
2026-08-29 11:34:48,369 [oasis.registry] INFO: Registered backend: Kratos Multiphysics (kratos)
2026-08-29 11:34:48,369 [oasis.kratos] INFO: Kratos Multiphysics backend registered
2026-08-29 11:34:48,371 [oasis.registry] INFO: Registered backend: DUNE-fem (dune)
2026-08-29 11:34:48,372 [oasis.dune] INFO: DUNE-fem backend registered
2026-08-29 11:34:48,376 [oasis.registry] INFO: Registered backend: SPARTA (DSMC) (sparta)
2026-08-29 11:34:48,377 [oasis.sparta] INFO: SPARTA (DSMC) backend registered
2026-08-29 11:34:48,377 [oasis] INFO: Starting OASiS MCP server
2026-08-29 11:34:48,384 [mcp.server.lowlevel.server] INFO: Processing request of type CallToolRequest
2026-08-29 11:34:48,387 [mcp.server.lowlevel.server] INFO: Processing request of type ListToolsRequest
2026-08-29 11:35:09,244 [oasis.registry] INFO: Loaded discovered config: 5 backends
2026-08-29 11:35:09,246 [oasis.registry] INFO: Registered backend: 4C Multiphysics (fourc)
2026-08-29 11:35:09,247 [oasis.registry] INFO: Registered backend: FEniCSx (dolfinx) (fenics)
2026-08-29 11:35:09,247 [oasis.registry] INFO: Registered backend: deal.II (dealii)
2026-08-29 11:35:09,250 [oasis.registry] INFO: Registered backend: FEBio (febio)
2026-08-29 11:35:09,253 [oasis.registry] INFO: Registered backend: NGSolve (ngsolve)
2026-08-29 11:35:09,253 [oasis.ngsolve] INFO: NGSolve backend registered
2026-08-29 11:35:09,255 [oasis.registry] INFO: Registered backend: scikit-fem (skfem)
2026-08-29 11:35:09,255 [oasis.skfem] INFO: scikit-fem backend registered
2026-08-29 11:35:09,259 [oasis.registry] INFO: Registered backend: Kratos Multiphysics (kratos)
2026-08-29 11:35:09,259 [oasis.kratos] INFO: Kratos Multiphysics backend registered
2026-08-29 11:35:09,262 [oasis.registry] INFO: Registered backend: DUNE-fem (dune)
2026-08-29 11:35:09,262 [oasis.dune] INFO: DUNE-fem backend registered
2026-08-29 11:35:09,267 [oasis.registry] INFO: Registered backend: SPARTA (DSMC) (sparta)
2026-08-29 11:35:09,267 [oasis.sparta] INFO: SPARTA (DSMC) backend registered
2026-08-29 11:35:09,267 [oasis] INFO: Starting OASiS MCP server
2026-08-29 11:35:09,275 [mcp.server.lowlevel.server] INFO: Processing request of type CallToolRequest
2026-08-29 11:35:09,278 [mcp.server.lowlevel.server] INFO: Processing request of type ListToolsRequest
2026-08-29 11:35:17,125 [oasis.registry] INFO: Loaded discovered config: 5 backends
2026-08-29 11:35:17,127 [oasis.registry] INFO: Registered backend: 4C Multiphysics (fourc)
2026-08-29 11:35:17,127 [oasis.registry] INFO: Registered backend: FEniCSx (dolfinx) (fenics)
2026-08-29 11:35:17,128 [oasis.registry] INFO: Registered backend: deal.II (dealii)
2026-08-29 11:35:17,131 [oasis.registry] INFO: Registered backend: FEBio (febio)
2026-08-29 11:35:17,133 [oasis.registry] INFO: Registered backend: NGSolve (ngsolve)
2026-08-29 11:35:17,133 [oasis.ngsolve] INFO: NGSolve backend registered
2026-08-29 11:35:17,136 [oasis.registry] INFO: Registered backend: scikit-fem (skfem)
2026-08-29 11:35:17,136 [oasis.skfem] INFO: scikit-fem backend registered
2026-08-29 11:35:17,140 [oasis.registry] INFO: Registered backend: Kratos Multiphysics (kratos)
2026-08-29 11:35:17,140 [oasis.kratos] INFO: Kratos Multiphysics backend registered
2026-08-29 11:35:17,142 [oasis.registry] INFO: Registered backend: DUNE-fem (dune)
2026-08-29 11:35:17,142 [oasis.dune] INFO: DUNE-fem backend registered
2026-08-29 11:35:17,147 [oasis.registry] INFO: Registered backend: SPARTA (DSMC) (sparta)
2026-08-29 11:35:17,147 [oasis.sparta] INFO: SPARTA (DSMC) backend registered
2026-08-29 11:35:17,147 [oasis] INFO: Starting OASiS MCP server
2026-08-29 11:35:17,155 [mcp.server.lowlevel.server] INFO: Processing request of type CallToolRequest
2026-08-29 11:35:38,045 [mcp.server.lowlevel.server] INFO: Processing request of type ListToolsRequest
2026-08-29 11:35:38,052 [oasis] INFO: Session journal saved: /home/alexander/Schreibtisch/ofa-v2/data/sessions/session_41acbe83-eda1-46a4-94cf-8b2e454fa8f6.json (1 events)
2026-08-29 11:35:52,447 [oasis.registry] INFO: Loaded discovered config: 5 backends
2026-08-29 11:35:52,448 [oasis.registry] INFO: Registered backend: 4C Multiphysics (fourc)
2026-08-29 11:35:52,449 [oasis.registry] INFO: Registered backend: FEniCSx (dolfinx) (fenics)
2026-08-29 11:35:52,449 [oasis.registry] INFO: Registered backend: deal.II (dealii)
2026-08-29 11:35:52,452 [oasis.registry] INFO: Registered backend: FEBio (febio)
2026-08-29 11:35:52,455 [oasis.registry] INFO: Registered backend: NGSolve (ngsolve)
2026-08-29 11:35:52,455 [oasis.ngsolve] INFO: NGSolve backend registered
2026-08-29 11:35:52,458 [oasis.registry] INFO: Registered backend: scikit-fem (skfem)
2026-08-29 11:35:52,458 [oasis.skfem] INFO: scikit-fem backend registered
2026-08-29 11:35:52,461 [oasis.registry] INFO: Registered backend: Kratos Multiphysics (kratos)
2026-08-29 11:35:52,461 [oasis.kratos] INFO: Kratos Multiphysics backend registered
2026-08-29 11:35:52,464 [oasis.registry] INFO: Registered backend: DUNE-fem (dune)
2026-08-29 11:35:52,464 [oasis.dune] INFO: DUNE-fem backend registered
2026-08-29 11:35:52,469 [oasis.registry] INFO: Registered backend: SPARTA (DSMC) (sparta)
2026-08-29 11:35:52,469 [oasis.sparta] INFO: SPARTA (DSMC) backend registered
2026-08-29 11:35:52,469 [oasis] INFO: Starting OASiS MCP server
2026-08-29 11:35:52,477 [mcp.server.lowlevel.server] INFO: Processing request of type CallToolRequest
2026-08-29 11:35:52,481 [mcp.server.lowlevel.server] INFO: Processing request of type ListToolsRequest
2026-08-29 11:36:00,708 [oasis.registry] INFO: Loaded discovered config: 5 backends
2026-08-29 11:36:00,710 [oasis.registry] INFO: Registered backend: 4C Multiphysics (fourc)
2026-08-29 11:36:00,710 [oasis.registry] INFO: Registered backend: FEniCSx (dolfinx) (fenics)
2026-08-29 11:36:00,711 [oasis.registry] INFO: Registered backend: deal.II (dealii)
2026-08-29 11:36:00,714 [oasis.registry] INFO: Registered backend: FEBio (febio)
2026-08-29 11:36:00,716 [oasis.registry] INFO: Registered backend: NGSolve (ngsolve)
2026-08-29 11:36:00,716 [oasis.ngsolve] INFO: NGSolve backend registered
2026-08-29 11:36:00,719 [oasis.registry] INFO: Registered backend: scikit-fem (skfem)
2026-08-29 11:36:00,719 [oasis.skfem] INFO: scikit-fem backend registered
2026-08-29 11:36:00,722 [oasis.registry] INFO: Registered backend: Kratos Multiphysics (kratos)
2026-08-29 11:36:00,722 [oasis.kratos] INFO: Kratos Multiphysics backend registered
2026-08-29 11:36:00,725 [oasis.registry] INFO: Registered backend: DUNE-fem (dune)
2026-08-29 11:36:00,725 [oasis.dune] INFO: DUNE-fem backend registered
2026-08-29 11:36:00,730 [oasis.registry] INFO: Registered backend: SPARTA (DSMC) (sparta)
2026-08-29 11:36:00,730 [oasis.sparta] INFO: SPARTA (DSMC) backend registered
2026-08-29 11:36:00,730 [oasis] INFO: Starting OASiS MCP server
2026-08-29 11:36:00,738 [mcp.server.lowlevel.server] INFO: Processing request of type CallToolRequest
2026-08-29 11:36:23,831 [mcp.server.lowlevel.server] INFO: Processing request of type ListToolsRequest
2026-08-29 11:36:23,840 [oasis] INFO: Session journal saved: /home/alexander/Schreibtisch/ofa-v2/data/sessions/session_93bddd9f-00c3-47f1-90ff-d51a79f4211f.json (1 events)
2026-08-29 11:40:06,098 [oasis.registry] INFO: Loaded discovered config: 5 backends
2026-08-29 11:40:06,100 [oasis.registry] INFO: Registered backend: 4C Multiphysics (fourc)
2026-08-29 11:40:06,101 [oasis.registry] INFO: Registered backend: FEniCSx (dolfinx) (fenics)
2026-08-29 11:40:06,101 [oasis.registry] INFO: Registered backend: deal.II (dealii)
2026-08-29 11:40:06,104 [oasis.registry] INFO: Registered backend: FEBio (febio)
2026-08-29 11:40:06,107 [oasis.registry] INFO: Registered backend: NGSolve (ngsolve)
2026-08-29 11:40:06,107 [oasis.ngsolve] INFO: NGSolve backend registered
2026-08-29 11:40:06,109 [oasis.registry] INFO: Registered backend: scikit-fem (skfem)
2026-08-29 11:40:06,109 [oasis.skfem] INFO: scikit-fem backend registered
2026-08-29 11:40:06,113 [oasis.registry] INFO: Registered backend: Kratos Multiphysics (kratos)
2026-08-29 11:40:06,113 [oasis.kratos] INFO: Kratos Multiphysics backend registered
2026-08-29 11:40:06,115 [oasis.registry] INFO: Registered backend: DUNE-fem (dune)
2026-08-29 11:40:06,115 [oasis.dune] INFO: DUNE-fem backend registered
2026-08-29 11:40:06,121 [oasis.registry] INFO: Registered backend: SPARTA (DSMC) (sparta)
2026-08-29 11:40:06,121 [oasis.sparta] INFO: SPARTA (DSMC) backend registered
2026-08-29 11:40:06,121 [oasis] INFO: Starting OASiS MCP server
2026-08-29 11:40:06,128 [mcp.server.lowlevel.server] INFO: Processing request of type CallToolRequest
2026-08-29 11:40:06,132 [mcp.server.lowlevel.server] INFO: Processing request of type ListToolsRequest
[preflight] quarantined 2 directory(ies) of prior agent scratch so this run cannot read them:
             /tmp/coupled_elasticity -> runs_quarantine/stray_scratch/coupled_elasticity__39
             /tmp/coupled_sim -> runs_quarantine/stray_scratch/coupled_sim__26
[preflight] custody controls verified for 1 problem(s); keys sealed and unreadable by execution
[phase: development] results are for post-mortems and convergence checking, NOT for the paper's evaluation table.
[C9 27b MCP s23] done  calls=59 tok=5465676/58994 1728.4s
/home/alexander/Schreibtisch/ofa-v2/campaign3_blind/run_blind.py:768: ResourceWarning: unclosed file <_io.TextIOWrapper name='/home/alexander/Schreibtisch/ofa-v2/campaign3_blind/runs/C9_27b_MCP_seed23/work/trajectory_live.txt' mode='a' encoding='utf-8'>
  run_one(pid, a.model, cond, a.seed, a.timeout)
ResourceWarning: Enable tracemalloc to get the object allocation traceback
/home/alexander/.local/share/python/cpython-3.12.13-linux-x86_64-gnu/lib/python3.12/asyncio/selector_events.py:879: ResourceWarning: unclosed transport <_SelectorSocketTransport fd=8>
<<< C9 seed 23 done 2026-08-29 11:41:05
>>> C9 MCP complete 2026-08-29 11:41:05
>>> C9 MCP seeds 21 22 23  start 2026-08-29 12:54:35
2026-08-29 12:54:49,076 [oasis.registry] INFO: Loaded discovered config: 5 backends
2026-08-29 12:54:49,077 [oasis.registry] INFO: Registered backend: 4C Multiphysics (fourc)
2026-08-29 12:54:49,077 [oasis.registry] INFO: Registered backend: FEniCSx (dolfinx) (fenics)
2026-08-29 12:54:49,079 [oasis.registry] INFO: Registered backend: deal.II (dealii)
2026-08-29 12:54:49,082 [oasis.registry] INFO: Registered backend: FEBio (febio)
2026-08-29 12:54:49,085 [oasis.registry] INFO: Registered backend: NGSolve (ngsolve)
2026-08-29 12:54:49,085 [oasis.ngsolve] INFO: NGSolve backend registered
2026-08-29 12:54:49,089 [oasis.registry] INFO: Registered backend: scikit-fem (skfem)
2026-08-29 12:54:49,089 [oasis.skfem] INFO: scikit-fem backend registered
2026-08-29 12:54:49,093 [oasis.registry] INFO: Registered backend: Kratos Multiphysics (kratos)
2026-08-29 12:54:49,093 [oasis.kratos] INFO: Kratos Multiphysics backend registered
2026-08-29 12:54:49,096 [oasis.registry] INFO: Registered backend: DUNE-fem (dune)
2026-08-29 12:54:49,096 [oasis.dune] INFO: DUNE-fem backend registered
2026-08-29 12:54:49,103 [oasis.registry] INFO: Registered backend: SPARTA (DSMC) (sparta)
2026-08-29 12:54:49,103 [oasis.sparta] INFO: SPARTA (DSMC) backend registered
2026-08-29 12:54:49,103 [oasis] INFO: Starting OASiS MCP server
2026-08-29 12:54:49,112 [mcp.server.lowlevel.server] INFO: Processing request of type ListToolsRequest
2026-08-29 12:54:49,176 [oasis.registry] INFO: Loaded discovered config: 5 backends
2026-08-29 12:54:49,178 [oasis.registry] INFO: Registered backend: 4C Multiphysics (fourc)
2026-08-29 12:54:49,178 [oasis.registry] INFO: Registered backend: FEniCSx (dolfinx) (fenics)
2026-08-29 12:54:49,179 [oasis.registry] INFO: Registered backend: deal.II (dealii)
2026-08-29 12:54:49,183 [oasis.registry] INFO: Registered backend: FEBio (febio)
2026-08-29 12:54:49,186 [oasis.registry] INFO: Registered backend: NGSolve (ngsolve)
2026-08-29 12:54:49,186 [oasis.ngsolve] INFO: NGSolve backend registered
2026-08-29 12:54:49,189 [oasis.registry] INFO: Registered backend: scikit-fem (skfem)
2026-08-29 12:54:49,189 [oasis.skfem] INFO: scikit-fem backend registered
2026-08-29 12:54:49,193 [oasis.registry] INFO: Registered backend: Kratos Multiphysics (kratos)
2026-08-29 12:54:49,193 [oasis.kratos] INFO: Kratos Multiphysics backend registered
2026-08-29 12:54:49,195 [oasis.registry] INFO: Registered backend: DUNE-fem (dune)
2026-08-29 12:54:49,195 [oasis.dune] INFO: DUNE-fem backend registered
2026-08-29 12:54:49,200 [oasis.registry] INFO: Registered backend: SPARTA (DSMC) (sparta)
2026-08-29 12:54:49,200 [oasis.sparta] INFO: SPARTA (DSMC) backend registered
2026-08-29 12:54:49,200 [oasis] INFO: Starting OASiS MCP server
2026-08-29 12:54:49,209 [mcp.server.lowlevel.server] INFO: Processing request of type ListToolsRequest
2026-08-29 12:54:49,401 [oasis.registry] INFO: Loaded discovered config: 5 backends
2026-08-29 12:54:49,402 [oasis.registry] INFO: Registered backend: 4C Multiphysics (fourc)
2026-08-29 12:54:49,402 [oasis.registry] INFO: Registered backend: FEniCSx (dolfinx) (fenics)
2026-08-29 12:54:49,404 [oasis.registry] INFO: Registered backend: deal.II (dealii)
2026-08-29 12:54:49,407 [oasis.registry] INFO: Registered backend: FEBio (febio)
2026-08-29 12:54:49,410 [oasis.registry] INFO: Registered backend: NGSolve (ngsolve)
2026-08-29 12:54:49,410 [oasis.ngsolve] INFO: NGSolve backend registered
2026-08-29 12:54:49,412 [oasis.registry] INFO: Registered backend: scikit-fem (skfem)
2026-08-29 12:54:49,412 [oasis.skfem] INFO: scikit-fem backend registered
2026-08-29 12:54:49,416 [oasis.registry] INFO: Registered backend: Kratos Multiphysics (kratos)
2026-08-29 12:54:49,417 [oasis.kratos] INFO: Kratos Multiphysics backend registered
2026-08-29 12:54:49,419 [oasis.registry] INFO: Registered backend: DUNE-fem (dune)
2026-08-29 12:54:49,419 [oasis.dune] INFO: DUNE-fem backend registered
2026-08-29 12:54:49,425 [oasis.registry] INFO: Registered backend: SPARTA (DSMC) (sparta)
2026-08-29 12:54:49,425 [oasis.sparta] INFO: SPARTA (DSMC) backend registered
2026-08-29 12:54:49,425 [oasis] INFO: Starting OASiS MCP server
2026-08-29 12:54:49,434 [mcp.server.lowlevel.server] INFO: Processing request of type ListToolsRequest
2026-08-29 12:54:58,390 [oasis.registry] INFO: Loaded discovered config: 5 backends
2026-08-29 12:54:58,391 [oasis.registry] INFO: Registered backend: 4C Multiphysics (fourc)
2026-08-29 12:54:58,391 [oasis.registry] INFO: Registered backend: FEniCSx (dolfinx) (fenics)
2026-08-29 12:54:58,395 [oasis.registry] INFO: Registered backend: deal.II (dealii)
2026-08-29 12:54:58,399 [oasis.registry] INFO: Registered backend: FEBio (febio)
2026-08-29 12:54:58,402 [oasis.registry] INFO: Loaded discovered config: 5 backends
2026-08-29 12:54:58,403 [oasis.registry] INFO: Registered backend: 4C Multiphysics (fourc)
2026-08-29 12:54:58,404 [oasis.registry] INFO: Registered backend: NGSolve (ngsolve)
2026-08-29 12:54:58,404 [oasis.ngsolve] INFO: NGSolve backend registered
2026-08-29 12:54:58,404 [oasis.registry] INFO: Registered backend: FEniCSx (dolfinx) (fenics)
2026-08-29 12:54:58,407 [oasis.registry] INFO: Registered backend: scikit-fem (skfem)
2026-08-29 12:54:58,407 [oasis.skfem] INFO: scikit-fem backend registered
2026-08-29 12:54:58,407 [oasis.registry] INFO: Registered backend: deal.II (dealii)
2026-08-29 12:54:58,411 [oasis.registry] INFO: Registered backend: FEBio (febio)
2026-08-29 12:54:58,411 [oasis.registry] INFO: Registered backend: Kratos Multiphysics (kratos)
2026-08-29 12:54:58,411 [oasis.kratos] INFO: Kratos Multiphysics backend registered
2026-08-29 12:54:58,414 [oasis.registry] INFO: Registered backend: DUNE-fem (dune)
2026-08-29 12:54:58,414 [oasis.dune] INFO: DUNE-fem backend registered
2026-08-29 12:54:58,416 [oasis.registry] INFO: Registered backend: NGSolve (ngsolve)
2026-08-29 12:54:58,416 [oasis.ngsolve] INFO: NGSolve backend registered
2026-08-29 12:54:58,417 [oasis.registry] INFO: Loaded discovered config: 5 backends
2026-08-29 12:54:58,419 [oasis.registry] INFO: Registered backend: scikit-fem (skfem)
2026-08-29 12:54:58,419 [oasis.skfem] INFO: scikit-fem backend registered
2026-08-29 12:54:58,420 [oasis.registry] INFO: Registered backend: SPARTA (DSMC) (sparta)
2026-08-29 12:54:58,420 [oasis.sparta] INFO: SPARTA (DSMC) backend registered
2026-08-29 12:54:58,421 [oasis] INFO: Starting OASiS MCP server
2026-08-29 12:54:58,421 [oasis.registry] INFO: Registered backend: 4C Multiphysics (fourc)
2026-08-29 12:54:58,422 [oasis.registry] INFO: Registered backend: FEniCSx (dolfinx) (fenics)
2026-08-29 12:54:58,424 [oasis.registry] INFO: Registered backend: deal.II (dealii)
2026-08-29 12:54:58,425 [oasis.registry] INFO: Registered backend: Kratos Multiphysics (kratos)
2026-08-29 12:54:58,425 [oasis.kratos] INFO: Kratos Multiphysics backend registered
2026-08-29 12:54:58,428 [oasis.registry] INFO: Registered backend: DUNE-fem (dune)
2026-08-29 12:54:58,428 [oasis.dune] INFO: DUNE-fem backend registered
2026-08-29 12:54:58,429 [mcp.server.lowlevel.server] INFO: Processing request of type CallToolRequest
2026-08-29 12:54:58,432 [oasis.registry] INFO: Registered backend: FEBio (febio)
2026-08-29 12:54:58,434 [mcp.server.lowlevel.server] INFO: Processing request of type ListToolsRequest
2026-08-29 12:54:58,436 [oasis.registry] INFO: Registered backend: SPARTA (DSMC) (sparta)
2026-08-29 12:54:58,436 [oasis.sparta] INFO: SPARTA (DSMC) backend registered
2026-08-29 12:54:58,436 [oasis] INFO: Starting OASiS MCP server
2026-08-29 12:54:58,439 [oasis.registry] INFO: Registered backend: NGSolve (ngsolve)
2026-08-29 12:54:58,440 [oasis.ngsolve] INFO: NGSolve backend registered
2026-08-29 12:54:58,441 [oasis] INFO: Session journal saved: /home/alexander/Schreibtisch/ofa-v2/data/sessions/session_9f5dbc66-2a78-4a18-89a6-46fab0565152.json (1 events)
2026-08-29 12:54:58,445 [mcp.server.lowlevel.server] INFO: Processing request of type CallToolRequest
2026-08-29 12:54:58,445 [oasis.registry] INFO: Registered backend: scikit-fem (skfem)
2026-08-29 12:54:58,445 [oasis.skfem] INFO: scikit-fem backend registered
2026-08-29 12:54:58,450 [mcp.server.lowlevel.server] INFO: Processing request of type ListToolsRequest
2026-08-29 12:54:58,454 [oasis.registry] INFO: Registered backend: Kratos Multiphysics (kratos)
2026-08-29 12:54:58,454 [oasis.kratos] INFO: Kratos Multiphysics backend registered
2026-08-29 12:54:58,457 [oasis] INFO: Session journal saved: /home/alexander/Schreibtisch/ofa-v2/data/sessions/session_a87eb811-9d0d-4b43-b263-129967cd41dd.json (1 events)
2026-08-29 12:54:58,457 [oasis.registry] INFO: Registered backend: DUNE-fem (dune)
2026-08-29 12:54:58,460 [oasis.dune] INFO: DUNE-fem backend registered
2026-08-29 12:54:58,467 [oasis.registry] INFO: Registered backend: SPARTA (DSMC) (sparta)
2026-08-29 12:54:58,467 [oasis.sparta] INFO: SPARTA (DSMC) backend registered
2026-08-29 12:54:58,467 [oasis] INFO: Starting OASiS MCP server
2026-08-29 12:54:58,476 [mcp.server.lowlevel.server] INFO: Processing request of type CallToolRequest
2026-08-29 12:54:58,495 [mcp.server.lowlevel.server] INFO: Processing request of type ListToolsRequest
2026-08-29 12:54:58,500 [oasis] INFO: Session journal saved: /home/alexander/Schreibtisch/ofa-v2/data/sessions/session_d339d727-f7ff-4a6b-8b21-f0470fcd5bc4.json (1 events)
2026-08-29 12:54:58,505 [oasis.registry] INFO: Loaded discovered config: 5 backends
2026-08-29 12:54:58,506 [oasis.registry] INFO: Registered backend: 4C Multiphysics (fourc)
2026-08-29 12:54:58,506 [oasis.registry] INFO: Registered backend: FEniCSx (dolfinx) (fenics)
2026-08-29 12:54:58,508 [oasis.registry] INFO: Registered backend: deal.II (dealii)
2026-08-29 12:54:58,511 [oasis.registry] INFO: Registered backend: FEBio (febio)
2026-08-29 12:54:58,513 [oasis.registry] INFO: Registered backend: NGSolve (ngsolve)
2026-08-29 12:54:58,513 [oasis.ngsolve] INFO: NGSolve backend registered
2026-08-29 12:54:58,513 [oasis.registry] INFO: Loaded discovered config: 5 backends
2026-08-29 12:54:58,515 [oasis.registry] INFO: Registered backend: 4C Multiphysics (fourc)
2026-08-29 12:54:58,515 [oasis.registry] INFO: Registered backend: FEniCSx (dolfinx) (fenics)
2026-08-29 12:54:58,516 [oasis.registry] INFO: Registered backend: scikit-fem (skfem)
2026-08-29 12:54:58,516 [oasis.skfem] INFO: scikit-fem backend registered
2026-08-29 12:54:58,517 [oasis.registry] INFO: Registered backend: deal.II (dealii)
2026-08-29 12:54:58,520 [oasis.registry] INFO: Registered backend: Kratos Multiphysics (kratos)
2026-08-29 12:54:58,520 [oasis.kratos] INFO: Kratos Multiphysics backend registered
2026-08-29 12:54:58,520 [oasis.registry] INFO: Registered backend: FEBio (febio)
2026-08-29 12:54:58,522 [oasis.registry] INFO: Registered backend: DUNE-fem (dune)
2026-08-29 12:54:58,522 [oasis.dune] INFO: DUNE-fem backend registered
2026-08-29 12:54:58,523 [oasis.registry] INFO: Registered backend: NGSolve (ngsolve)
2026-08-29 12:54:58,523 [oasis.ngsolve] INFO: NGSolve backend registered
2026-08-29 12:54:58,526 [oasis.registry] INFO: Registered backend: scikit-fem (skfem)
2026-08-29 12:54:58,526 [oasis.skfem] INFO: scikit-fem backend registered
2026-08-29 12:54:58,527 [oasis.registry] INFO: Registered backend: SPARTA (DSMC) (sparta)
2026-08-29 12:54:58,527 [oasis.sparta] INFO: SPARTA (DSMC) backend registered
2026-08-29 12:54:58,527 [oasis] INFO: Starting OASiS MCP server
2026-08-29 12:54:58,530 [oasis.registry] INFO: Registered backend: Kratos Multiphysics (kratos)
2026-08-29 12:54:58,531 [oasis.kratos] INFO: Kratos Multiphysics backend registered
2026-08-29 12:54:58,533 [oasis.registry] INFO: Registered backend: DUNE-fem (dune)
2026-08-29 12:54:58,533 [oasis.dune] INFO: DUNE-fem backend registered
2026-08-29 12:54:58,534 [mcp.server.lowlevel.server] INFO: Processing request of type CallToolRequest
2026-08-29 12:54:58,539 [oasis.registry] INFO: Registered backend: SPARTA (DSMC) (sparta)
2026-08-29 12:54:58,539 [oasis.sparta] INFO: SPARTA (DSMC) backend registered
2026-08-29 12:54:58,539 [mcp.server.lowlevel.server] INFO: Processing request of type ListToolsRequest
2026-08-29 12:54:58,539 [oasis] INFO: Starting OASiS MCP server
2026-08-29 12:54:58,539 [oasis.registry] INFO: Loaded discovered config: 5 backends
2026-08-29 12:54:58,540 [oasis.registry] INFO: Registered backend: 4C Multiphysics (fourc)
2026-08-29 12:54:58,540 [oasis.registry] INFO: Registered backend: FEniCSx (dolfinx) (fenics)
2026-08-29 12:54:58,542 [oasis.registry] INFO: Registered backend: deal.II (dealii)
2026-08-29 12:54:58,544 [oasis] INFO: Session journal saved: /home/alexander/Schreibtisch/ofa-v2/data/sessions/session_e4a41f8e-93a5-4bee-8761-f38854c909b8.json (1 events)
2026-08-29 12:54:58,545 [oasis.registry] INFO: Registered backend: FEBio (febio)
2026-08-29 12:54:58,547 [oasis.registry] INFO: Registered backend: NGSolve (ngsolve)
2026-08-29 12:54:58,547 [oasis.ngsolve] INFO: NGSolve backend registered
2026-08-29 12:54:58,548 [mcp.server.lowlevel.server] INFO: Processing request of type CallToolRequest
2026-08-29 12:54:58,550 [oasis.registry] INFO: Registered backend: scikit-fem (skfem)
2026-08-29 12:54:58,550 [oasis.skfem] INFO: scikit-fem backend registered
2026-08-29 12:54:58,553 [mcp.server.lowlevel.server] INFO: Processing request of type ListToolsRequest
2026-08-29 12:54:58,554 [oasis.registry] INFO: Registered backend: Kratos Multiphysics (kratos)
2026-08-29 12:54:58,554 [oasis.kratos] INFO: Kratos Multiphysics backend registered
2026-08-29 12:54:58,556 [oasis.registry] INFO: Registered backend: DUNE-fem (dune)
2026-08-29 12:54:58,556 [oasis.dune] INFO: DUNE-fem backend registered
2026-08-29 12:54:58,561 [oasis] INFO: Session journal saved: /home/alexander/Schreibtisch/ofa-v2/data/sessions/session_94610e9e-61c5-4103-9f4a-e8b214912d17.json (1 events)
2026-08-29 12:54:58,561 [oasis.registry] INFO: Registered backend: SPARTA (DSMC) (sparta)
2026-08-29 12:54:58,561 [oasis.sparta] INFO: SPARTA (DSMC) backend registered
2026-08-29 12:54:58,561 [oasis] INFO: Starting OASiS MCP server
2026-08-29 12:54:58,568 [mcp.server.lowlevel.server] INFO: Processing request of type CallToolRequest
2026-08-29 12:54:58,593 [mcp.server.lowlevel.server] INFO: Processing request of type ListToolsRequest
2026-08-29 12:54:58,601 [oasis] INFO: Session journal saved: /home/alexander/Schreibtisch/ofa-v2/data/sessions/session_6c879863-8f15-4e23-a620-1a30b01ee728.json (1 events)
2026-08-29 12:55:03,501 [oasis.registry] INFO: Loaded discovered config: 5 backends
2026-08-29 12:55:03,502 [oasis.registry] INFO: Registered backend: 4C Multiphysics (fourc)
2026-08-29 12:55:03,503 [oasis.registry] INFO: Registered backend: FEniCSx (dolfinx) (fenics)
2026-08-29 12:55:03,504 [oasis.registry] INFO: Registered backend: deal.II (dealii)
2026-08-29 12:55:03,507 [oasis.registry] INFO: Registered backend: FEBio (febio)
2026-08-29 12:55:03,509 [oasis.registry] INFO: Registered backend: NGSolve (ngsolve)
2026-08-29 12:55:03,509 [oasis.ngsolve] INFO: NGSolve backend registered
2026-08-29 12:55:03,509 [oasis.registry] INFO: Loaded discovered config: 5 backends
2026-08-29 12:55:03,510 [oasis.registry] INFO: Registered backend: 4C Multiphysics (fourc)
2026-08-29 12:55:03,511 [oasis.registry] INFO: Registered backend: FEniCSx (dolfinx) (fenics)
2026-08-29 12:55:03,512 [oasis.registry] INFO: Registered backend: scikit-fem (skfem)
2026-08-29 12:55:03,512 [oasis.skfem] INFO: scikit-fem backend registered
2026-08-29 12:55:03,512 [oasis.registry] INFO: Registered backend: deal.II (dealii)
2026-08-29 12:55:03,515 [oasis.registry] INFO: Loaded discovered config: 5 backends
2026-08-29 12:55:03,515 [oasis.registry] INFO: Registered backend: FEBio (febio)
2026-08-29 12:55:03,516 [oasis.registry] INFO: Registered backend: Kratos Multiphysics (kratos)
2026-08-29 12:55:03,516 [oasis.kratos] INFO: Kratos Multiphysics backend registered
2026-08-29 12:55:03,516 [oasis.registry] INFO: Registered backend: 4C Multiphysics (fourc)
2026-08-29 12:55:03,516 [oasis.registry] INFO: Registered backend: FEniCSx (dolfinx) (fenics)
2026-08-29 12:55:03,517 [oasis.registry] INFO: Registered backend: deal.II (dealii)
2026-08-29 12:55:03,517 [oasis.registry] INFO: Loaded discovered config: 5 backends
2026-08-29 12:55:03,518 [oasis.registry] INFO: Registered backend: NGSolve (ngsolve)
2026-08-29 12:55:03,518 [oasis.ngsolve] INFO: NGSolve backend registered
2026-08-29 12:55:03,518 [oasis.registry] INFO: Registered backend: DUNE-fem (dune)
2026-08-29 12:55:03,518 [oasis.dune] INFO: DUNE-fem backend registered
2026-08-29 12:55:03,518 [oasis.registry] INFO: Registered backend: 4C Multiphysics (fourc)
2026-08-29 12:55:03,519 [oasis.registry] INFO: Registered backend: FEniCSx (dolfinx) (fenics)
2026-08-29 12:55:03,520 [oasis.registry] INFO: Registered backend: deal.II (dealii)
2026-08-29 12:55:03,520 [oasis.registry] INFO: Registered backend: FEBio (febio)
2026-08-29 12:55:03,520 [oasis.registry] INFO: Registered backend: scikit-fem (skfem)
2026-08-29 12:55:03,520 [oasis.skfem] INFO: scikit-fem backend registered
2026-08-29 12:55:03,523 [oasis.registry] INFO: Registered backend: NGSolve (ngsolve)
2026-08-29 12:55:03,523 [oasis.ngsolve] INFO: NGSolve backend registered
2026-08-29 12:55:03,523 [oasis.registry] INFO: Registered backend: SPARTA (DSMC) (sparta)
2026-08-29 12:55:03,523 [oasis.sparta] INFO: SPARTA (DSMC) backend registered
2026-08-29 12:55:03,523 [oasis] INFO: Starting OASiS MCP server
2026-08-29 12:55:03,523 [oasis.registry] INFO: Registered backend: FEBio (febio)
2026-08-29 12:55:03,524 [oasis.registry] INFO: Registered backend: Kratos Multiphysics (kratos)
2026-08-29 12:55:03,524 [oasis.kratos] INFO: Kratos Multiphysics backend registered
2026-08-29 12:55:03,525 [oasis.registry] INFO: Registered backend: scikit-fem (skfem)
2026-08-29 12:55:03,525 [oasis.skfem] INFO: scikit-fem backend registered
2026-08-29 12:55:03,526 [oasis.registry] INFO: Registered backend: NGSolve (ngsolve)
2026-08-29 12:55:03,526 [oasis.ngsolve] INFO: NGSolve backend registered
2026-08-29 12:55:03,526 [oasis.registry] INFO: Registered backend: DUNE-fem (dune)
2026-08-29 12:55:03,527 [oasis.dune] INFO: DUNE-fem backend registered
2026-08-29 12:55:03,528 [oasis.registry] INFO: Registered backend: scikit-fem (skfem)
2026-08-29 12:55:03,528 [oasis.skfem] INFO: scikit-fem backend registered
2026-08-29 12:55:03,529 [oasis.registry] INFO: Registered backend: Kratos Multiphysics (kratos)
2026-08-29 12:55:03,529 [oasis.kratos] INFO: Kratos Multiphysics backend registered
2026-08-29 12:55:03,530 [mcp.server.lowlevel.server] INFO: Processing request of type CallToolRequest
2026-08-29 12:55:03,531 [oasis.registry] INFO: Registered backend: DUNE-fem (dune)
2026-08-29 12:55:03,531 [oasis.registry] INFO: Registered backend: SPARTA (DSMC) (sparta)
2026-08-29 12:55:03,531 [oasis.dune] INFO: DUNE-fem backend registered
2026-08-29 12:55:03,531 [oasis.sparta] INFO: SPARTA (DSMC) backend registered
2026-08-29 12:55:03,532 [oasis] INFO: Starting OASiS MCP server
2026-08-29 12:55:03,532 [oasis.registry] INFO: Registered backend: Kratos Multiphysics (kratos)
2026-08-29 12:55:03,532 [oasis.kratos] INFO: Kratos Multiphysics backend registered
2026-08-29 12:55:03,534 [oasis.registry] INFO: Registered backend: DUNE-fem (dune)
2026-08-29 12:55:03,534 [oasis.dune] INFO: DUNE-fem backend registered
2026-08-29 12:55:03,536 [oasis.registry] INFO: Registered backend: SPARTA (DSMC) (sparta)
2026-08-29 12:55:03,536 [oasis.sparta] INFO: SPARTA (DSMC) backend registered
2026-08-29 12:55:03,536 [oasis] INFO: Starting OASiS MCP server
2026-08-29 12:55:03,539 [mcp.server.lowlevel.server] INFO: Processing request of type CallToolRequest
2026-08-29 12:55:03,540 [oasis.registry] INFO: Registered backend: SPARTA (DSMC) (sparta)
2026-08-29 12:55:03,540 [oasis.sparta] INFO: SPARTA (DSMC) backend registered
2026-08-29 12:55:03,540 [oasis] INFO: Starting OASiS MCP server
2026-08-29 12:55:03,543 [mcp.server.lowlevel.server] INFO: Processing request of type CallToolRequest
2026-08-29 12:55:03,545 [mcp.server.lowlevel.server] INFO: Processing request of type ListToolsRequest
2026-08-29 12:55:03,547 [mcp.server.lowlevel.server] INFO: Processing request of type CallToolRequest
2026-08-29 12:55:03,551 [oasis] INFO: Session journal saved: /home/alexander/Schreibtisch/ofa-v2/data/sessions/session_dcec1e93-c430-40c9-a67a-b857b140e48c.json (1 events)
2026-08-29 12:55:03,554 [mcp.server.lowlevel.server] INFO: Processing request of type ListToolsRequest
2026-08-29 12:55:03,558 [mcp.server.lowlevel.server] INFO: Processing request of type ListToolsRequest
2026-08-29 12:55:03,559 [oasis] INFO: Session journal saved: /home/alexander/Schreibtisch/ofa-v2/data/sessions/session_6a849045-50c3-4338-a0ce-f06916daa001.json (1 events)
2026-08-29 12:55:03,563 [mcp.server.lowlevel.server] INFO: Processing request of type ListToolsRequest
2026-08-29 12:55:03,564 [oasis] INFO: Session journal saved: /home/alexander/Schreibtisch/ofa-v2/data/sessions/session_033af2aa-0154-434e-8b47-2c99b73840ca.json (1 events)
2026-08-29 12:55:03,570 [oasis] INFO: Session journal saved: /home/alexander/Schreibtisch/ofa-v2/data/sessions/session_18834cec-8230-4e08-9c7d-ebb122d078ca.json (1 events)
/home/alexander/Schreibtisch/ofa-v2/langgraph_eval/agent.py:270: RuntimeWarning: This package (`duckduckgo_search`) has been renamed to `ddgs`! Use `pip install ddgs` instead.
  with DDGS() as ddgs:
/home/alexander/Schreibtisch/ofa-v2/langgraph_eval/agent.py:270: RuntimeWarning: This package (`duckduckgo_search`) has been renamed to `ddgs`! Use `pip install ddgs` instead.
  with DDGS() as ddgs:
2026-08-29 12:55:24,290 [oasis.registry] INFO: Loaded discovered config: 5 backends
2026-08-29 12:55:24,291 [oasis.registry] INFO: Registered backend: 4C Multiphysics (fourc)
2026-08-29 12:55:24,291 [oasis.registry] INFO: Registered backend: FEniCSx (dolfinx) (fenics)
2026-08-29 12:55:24,293 [oasis.registry] INFO: Registered backend: deal.II (dealii)
2026-08-29 12:55:24,296 [oasis.registry] INFO: Registered backend: FEBio (febio)
2026-08-29 12:55:24,298 [oasis.registry] INFO: Registered backend: NGSolve (ngsolve)
2026-08-29 12:55:24,298 [oasis.ngsolve] INFO: NGSolve backend registered
2026-08-29 12:55:24,301 [oasis.registry] INFO: Registered backend: scikit-fem (skfem)
2026-08-29 12:55:24,301 [oasis.skfem] INFO: scikit-fem backend registered
2026-08-29 12:55:24,304 [oasis.registry] INFO: Registered backend: Kratos Multiphysics (kratos)
2026-08-29 12:55:24,304 [oasis.kratos] INFO: Kratos Multiphysics backend registered
2026-08-29 12:55:24,307 [oasis.registry] INFO: Registered backend: DUNE-fem (dune)
2026-08-29 12:55:24,307 [oasis.dune] INFO: DUNE-fem backend registered
2026-08-29 12:55:24,312 [oasis.registry] INFO: Registered backend: SPARTA (DSMC) (sparta)
2026-08-29 12:55:24,312 [oasis.sparta] INFO: SPARTA (DSMC) backend registered
2026-08-29 12:55:24,312 [oasis] INFO: Starting OASiS MCP server
2026-08-29 12:55:24,320 [mcp.server.lowlevel.server] INFO: Processing request of type CallToolRequest
2026-08-29 12:55:24,335 [mcp.server.lowlevel.server] INFO: Processing request of type ListToolsRequest
2026-08-29 12:55:24,341 [oasis] INFO: Session journal saved: /home/alexander/Schreibtisch/ofa-v2/data/sessions/session_f9e3e696-04ae-438f-85ae-7d94fc27306a.json (1 events)
/home/alexander/Schreibtisch/ofa-v2/langgraph_eval/agent.py:270: RuntimeWarning: This package (`duckduckgo_search`) has been renamed to `ddgs`! Use `pip install ddgs` instead.
  with DDGS() as ddgs:
/home/alexander/Schreibtisch/ofa-v2/langgraph_eval/agent.py:270: RuntimeWarning: This package (`duckduckgo_search`) has been renamed to `ddgs`! Use `pip install ddgs` instead.
  with DDGS() as ddgs:
2026-08-29 12:55:31,572 [oasis.registry] INFO: Loaded discovered config: 5 backends
2026-08-29 12:55:31,573 [oasis.registry] INFO: Registered backend: 4C Multiphysics (fourc)
2026-08-29 12:55:31,573 [oasis.registry] INFO: Registered backend: FEniCSx (dolfinx) (fenics)
2026-08-29 12:55:31,575 [oasis.registry] INFO: Registered backend: deal.II (dealii)
2026-08-29 12:55:31,578 [oasis.registry] INFO: Registered backend: FEBio (febio)
2026-08-29 12:55:31,580 [oasis.registry] INFO: Registered backend: NGSolve (ngsolve)
2026-08-29 12:55:31,580 [oasis.ngsolve] INFO: NGSolve backend registered
2026-08-29 12:55:31,583 [oasis.registry] INFO: Registered backend: scikit-fem (skfem)
2026-08-29 12:55:31,583 [oasis.skfem] INFO: scikit-fem backend registered
2026-08-29 12:55:31,586 [oasis.registry] INFO: Registered backend: Kratos Multiphysics (kratos)
2026-08-29 12:55:31,586 [oasis.kratos] INFO: Kratos Multiphysics backend registered
2026-08-29 12:55:31,589 [oasis.registry] INFO: Registered backend: DUNE-fem (dune)
2026-08-29 12:55:31,589 [oasis.dune] INFO: DUNE-fem backend registered
2026-08-29 12:55:31,594 [oasis.registry] INFO: Registered backend: SPARTA (DSMC) (sparta)
2026-08-29 12:55:31,594 [oasis.sparta] INFO: SPARTA (DSMC) backend registered
2026-08-29 12:55:31,594 [oasis] INFO: Starting OASiS MCP server
2026-08-29 12:55:31,602 [mcp.server.lowlevel.server] INFO: Processing request of type CallToolRequest
2026-08-29 12:55:31,617 [mcp.server.lowlevel.server] INFO: Processing request of type ListToolsRequest
2026-08-29 12:55:31,624 [oasis] INFO: Session journal saved: /home/alexander/Schreibtisch/ofa-v2/data/sessions/session_cc362b09-4de0-4e61-b8d3-08935c4934ba.json (1 events)
/home/alexander/Schreibtisch/ofa-v2/langgraph_eval/agent.py:270: RuntimeWarning: This package (`duckduckgo_search`) has been renamed to `ddgs`! Use `pip install ddgs` instead.
  with DDGS() as ddgs:
/home/alexander/Schreibtisch/ofa-v2/langgraph_eval/agent.py:270: RuntimeWarning: This package (`duckduckgo_search`) has been renamed to `ddgs`! Use `pip install ddgs` instead.
  with DDGS() as ddgs:
2026-08-29 12:55:40,386 [oasis.registry] INFO: Loaded discovered config: 5 backends
2026-08-29 12:55:40,387 [oasis.registry] INFO: Registered backend: 4C Multiphysics (fourc)
2026-08-29 12:55:40,387 [oasis.registry] INFO: Registered backend: FEniCSx (dolfinx) (fenics)
2026-08-29 12:55:40,388 [oasis.registry] INFO: Registered backend: deal.II (dealii)
2026-08-29 12:55:40,391 [oasis.registry] INFO: Registered backend: FEBio (febio)
2026-08-29 12:55:40,394 [oasis.registry] INFO: Registered backend: NGSolve (ngsolve)
2026-08-29 12:55:40,394 [oasis.ngsolve] INFO: NGSolve backend registered
2026-08-29 12:55:40,396 [oasis.registry] INFO: Registered backend: scikit-fem (skfem)
2026-08-29 12:55:40,396 [oasis.skfem] INFO: scikit-fem backend registered
2026-08-29 12:55:40,398 [oasis.registry] INFO: Loaded discovered config: 5 backends
2026-08-29 12:55:40,399 [oasis.registry] INFO: Registered backend: 4C Multiphysics (fourc)
2026-08-29 12:55:40,400 [oasis.registry] INFO: Registered backend: FEniCSx (dolfinx) (fenics)
2026-08-29 12:55:40,400 [oasis.registry] INFO: Registered backend: Kratos Multiphysics (kratos)
2026-08-29 12:55:40,400 [oasis.kratos] INFO: Kratos Multiphysics backend registered
2026-08-29 12:55:40,401 [oasis.registry] INFO: Registered backend: deal.II (dealii)
2026-08-29 12:55:40,402 [oasis.registry] INFO: Registered backend: DUNE-fem (dune)
2026-08-29 12:55:40,402 [oasis.dune] INFO: DUNE-fem backend registered
2026-08-29 12:55:40,404 [oasis.registry] INFO: Registered backend: FEBio (febio)
2026-08-29 12:55:40,406 [oasis.registry] INFO: Registered backend: NGSolve (ngsolve)
2026-08-29 12:55:40,406 [oasis.ngsolve] INFO: NGSolve backend registered
2026-08-29 12:55:40,407 [oasis.registry] INFO: Registered backend: SPARTA (DSMC) (sparta)
2026-08-29 12:55:40,407 [oasis.sparta] INFO: SPARTA (DSMC) backend registered
2026-08-29 12:55:40,407 [oasis] INFO: Starting OASiS MCP server
2026-08-29 12:55:40,409 [oasis.registry] INFO: Registered backend: scikit-fem (skfem)
2026-08-29 12:55:40,409 [oasis.skfem] INFO: scikit-fem backend registered
2026-08-29 12:55:40,413 [oasis.registry] INFO: Registered backend: Kratos Multiphysics (kratos)
2026-08-29 12:55:40,413 [oasis.kratos] INFO: Kratos Multiphysics backend registered
2026-08-29 12:55:40,415 [oasis.registry] INFO: Registered backend: DUNE-fem (dune)
2026-08-29 12:55:40,415 [oasis.dune] INFO: DUNE-fem backend registered
2026-08-29 12:55:40,416 [mcp.server.lowlevel.server] INFO: Processing request of type CallToolRequest
2026-08-29 12:55:40,420 [oasis.registry] INFO: Registered backend: SPARTA (DSMC) (sparta)
2026-08-29 12:55:40,420 [oasis.sparta] INFO: SPARTA (DSMC) backend registered
2026-08-29 12:55:40,420 [oasis] INFO: Starting OASiS MCP server
2026-08-29 12:55:40,428 [mcp.server.lowlevel.server] INFO: Processing request of type CallToolRequest
2026-08-29 12:55:40,430 [mcp.server.lowlevel.server] INFO: Processing request of type ListToolsRequest
2026-08-29 12:55:40,431 [mcp.server.lowlevel.server] INFO: Processing request of type ListToolsRequest
/home/alexander/Schreibtisch/ofa-v2/langgraph_eval/agent.py:270: RuntimeWarning: This package (`duckduckgo_search`) has been renamed to `ddgs`! Use `pip install ddgs` instead.
  with DDGS() as ddgs:
2026-08-29 12:55:40,438 [oasis] INFO: Session journal saved: /home/alexander/Schreibtisch/ofa-v2/data/sessions/session_253967b7-2265-464b-8978-5aa1a88e6255.json (1 events)
2026-08-29 12:55:40,439 [oasis] INFO: Session journal saved: /home/alexander/Schreibtisch/ofa-v2/data/sessions/session_da97eecc-4dbb-49c4-a938-c64f689c7e81.json (1 events)
/home/alexander/Schreibtisch/ofa-v2/langgraph_eval/agent.py:270: RuntimeWarning: This package (`duckduckgo_search`) has been renamed to `ddgs`! Use `pip install ddgs` instead.
  with DDGS() as ddgs:
2026-08-29 12:55:43,928 [oasis.registry] INFO: Loaded discovered config: 5 backends
2026-08-29 12:55:43,929 [oasis.registry] INFO: Registered backend: 4C Multiphysics (fourc)
2026-08-29 12:55:43,929 [oasis.registry] INFO: Registered backend: FEniCSx (dolfinx) (fenics)
2026-08-29 12:55:43,930 [oasis.registry] INFO: Registered backend: deal.II (dealii)
2026-08-29 12:55:43,933 [oasis.registry] INFO: Registered backend: FEBio (febio)
2026-08-29 12:55:43,936 [oasis.registry] INFO: Registered backend: NGSolve (ngsolve)
2026-08-29 12:55:43,936 [oasis.ngsolve] INFO: NGSolve backend registered
2026-08-29 12:55:43,938 [oasis.registry] INFO: Loaded discovered config: 5 backends
2026-08-29 12:55:43,938 [oasis.registry] INFO: Registered backend: scikit-fem (skfem)
2026-08-29 12:55:43,938 [oasis.skfem] INFO: scikit-fem backend registered
2026-08-29 12:55:43,939 [oasis.registry] INFO: Registered backend: 4C Multiphysics (fourc)
2026-08-29 12:55:43,939 [oasis.registry] INFO: Registered backend: FEniCSx (dolfinx) (fenics)
2026-08-29 12:55:43,941 [oasis.registry] INFO: Registered backend: deal.II (dealii)
2026-08-29 12:55:43,942 [oasis.registry] INFO: Registered backend: Kratos Multiphysics (kratos)
2026-08-29 12:55:43,942 [oasis.kratos] INFO: Kratos Multiphysics backend registered
2026-08-29 12:55:43,944 [oasis.registry] INFO: Registered backend: FEBio (febio)
2026-08-29 12:55:43,944 [oasis.registry] INFO: Registered backend: DUNE-fem (dune)
2026-08-29 12:55:43,944 [oasis.dune] INFO: DUNE-fem backend registered
2026-08-29 12:55:43,946 [oasis.registry] INFO: Registered backend: NGSolve (ngsolve)
2026-08-29 12:55:43,946 [oasis.ngsolve] INFO: NGSolve backend registered
2026-08-29 12:55:43,949 [oasis.registry] INFO: Registered backend: scikit-fem (skfem)
2026-08-29 12:55:43,949 [oasis.skfem] INFO: scikit-fem backend registered
2026-08-29 12:55:43,949 [oasis.registry] INFO: Registered backend: SPARTA (DSMC) (sparta)
2026-08-29 12:55:43,949 [oasis.sparta] INFO: SPARTA (DSMC) backend registered
2026-08-29 12:55:43,949 [oasis] INFO: Starting OASiS MCP server
2026-08-29 12:55:43,953 [oasis.registry] INFO: Registered backend: Kratos Multiphysics (kratos)
2026-08-29 12:55:43,953 [oasis.kratos] INFO: Kratos Multiphysics backend registered
2026-08-29 12:55:43,955 [oasis.registry] INFO: Registered backend: DUNE-fem (dune)
2026-08-29 12:55:43,955 [oasis.dune] INFO: DUNE-fem backend registered
2026-08-29 12:55:43,957 [mcp.server.lowlevel.server] INFO: Processing request of type CallToolRequest
2026-08-29 12:55:43,960 [oasis.registry] INFO: Registered backend: SPARTA (DSMC) (sparta)
2026-08-29 12:55:43,960 [oasis.sparta] INFO: SPARTA (DSMC) backend registered
2026-08-29 12:55:43,960 [oasis] INFO: Starting OASiS MCP server
2026-08-29 12:55:43,968 [mcp.server.lowlevel.server] INFO: Processing request of type CallToolRequest
2026-08-29 12:55:43,973 [mcp.server.lowlevel.server] INFO: Processing request of type ListToolsRequest
2026-08-29 12:55:43,981 [oasis] INFO: Session journal saved: /home/alexander/Schreibtisch/ofa-v2/data/sessions/session_aaf67e9b-bd90-4077-8da9-19647160c4f2.json (1 events)
2026-08-29 12:55:44,412 [mcp.server.lowlevel.server] INFO: Processing request of type ListToolsRequest
2026-08-29 12:55:44,419 [oasis] INFO: Session journal saved: /home/alexander/Schreibtisch/ofa-v2/data/sessions/session_bf930402-2657-4a95-97a9-b62355feb5db.json (1 events)
/home/alexander/Schreibtisch/ofa-v2/langgraph_eval/agent.py:270: RuntimeWarning: This package (`duckduckgo_search`) has been renamed to `ddgs`! Use `pip install ddgs` instead.
  with DDGS() as ddgs:
/home/alexander/Schreibtisch/ofa-v2/langgraph_eval/agent.py:270: RuntimeWarning: This package (`duckduckgo_search`) has been renamed to `ddgs`! Use `pip install ddgs` instead.
  with DDGS() as ddgs:
/home/alexander/Schreibtisch/ofa-v2/langgraph_eval/agent.py:270: RuntimeWarning: This package (`duckduckgo_search`) has been renamed to `ddgs`! Use `pip install ddgs` instead.
  with DDGS() as ddgs:
/home/alexander/Schreibtisch/ofa-v2/langgraph_eval/agent.py:270: RuntimeWarning: This package (`duckduckgo_search`) has been renamed to `ddgs`! Use `pip install ddgs` instead.
  with DDGS() as ddgs:
/home/alexander/Schreibtisch/ofa-v2/langgraph_eval/agent.py:270: RuntimeWarning: This package (`duckduckgo_search`) has been renamed to `ddgs`! Use `pip install ddgs` instead.
  with DDGS() as ddgs:
/home/alexander/Schreibtisch/ofa-v2/langgraph_eval/agent.py:270: RuntimeWarning: This package (`duckduckgo_search`) has been renamed to `ddgs`! Use `pip install ddgs` instead.
  with DDGS() as ddgs:
/home/alexander/Schreibtisch/ofa-v2/langgraph_eval/agent.py:270: RuntimeWarning: This package (`duckduckgo_search`) has been renamed to `ddgs`! Use `pip install ddgs` instead.
  with DDGS() as ddgs:
/home/alexander/Schreibtisch/ofa-v2/langgraph_eval/agent.py:270: RuntimeWarning: This package (`duckduckgo_search`) has been renamed to `ddgs`! Use `pip install ddgs` instead.
  with DDGS() as ddgs:
/home/alexander/Schreibtisch/ofa-v2/langgraph_eval/agent.py:270: RuntimeWarning: This package (`duckduckgo_search`) has been renamed to `ddgs`! Use `pip install ddgs` instead.
  with DDGS() as ddgs:
/home/alexander/Schreibtisch/ofa-v2/langgraph_eval/agent.py:270: RuntimeWarning: This package (`duckduckgo_search`) has been renamed to `ddgs`! Use `pip install ddgs` instead.
  with DDGS() as ddgs:
/home/alexander/Schreibtisch/ofa-v2/langgraph_eval/agent.py:270: RuntimeWarning: This package (`duckduckgo_search`) has been renamed to `ddgs`! Use `pip install ddgs` instead.
  with DDGS() as ddgs:
/home/alexander/Schreibtisch/ofa-v2/langgraph_eval/agent.py:270: RuntimeWarning: This package (`duckduckgo_search`) has been renamed to `ddgs`! Use `pip install ddgs` instead.
  with DDGS() as ddgs:
/home/alexander/Schreibtisch/ofa-v2/langgraph_eval/agent.py:270: RuntimeWarning: This package (`duckduckgo_search`) has been renamed to `ddgs`! Use `pip install ddgs` instead.
  with DDGS() as ddgs:
/home/alexander/Schreibtisch/ofa-v2/langgraph_eval/agent.py:270: RuntimeWarning: This package (`duckduckgo_search`) has been renamed to `ddgs`! Use `pip install ddgs` instead.
  with DDGS() as ddgs:
/home/alexander/Schreibtisch/ofa-v2/langgraph_eval/agent.py:270: RuntimeWarning: This package (`duckduckgo_search`) has been renamed to `ddgs`! Use `pip install ddgs` instead.
  with DDGS() as ddgs:
/home/alexander/Schreibtisch/ofa-v2/langgraph_eval/agent.py:270: RuntimeWarning: This package (`duckduckgo_search`) has been renamed to `ddgs`! Use `pip install ddgs` instead.
  with DDGS() as ddgs:
/home/alexander/Schreibtisch/ofa-v2/langgraph_eval/agent.py:270: RuntimeWarning: This package (`duckduckgo_search`) has been renamed to `ddgs`! Use `pip install ddgs` instead.
  with DDGS() as ddgs:
2026-08-29 12:56:12,740 [oasis.registry] INFO: Loaded discovered config: 5 backends
2026-08-29 12:56:12,741 [oasis.registry] INFO: Registered backend: 4C Multiphysics (fourc)
2026-08-29 12:56:12,741 [oasis.registry] INFO: Registered backend: FEniCSx (dolfinx) (fenics)
2026-08-29 12:56:12,742 [oasis.registry] INFO: Registered backend: deal.II (dealii)
2026-08-29 12:56:12,745 [oasis.registry] INFO: Registered backend: FEBio (febio)
2026-08-29 12:56:12,748 [oasis.registry] INFO: Registered backend: NGSolve (ngsolve)
2026-08-29 12:56:12,748 [oasis.ngsolve] INFO: NGSolve backend registered
2026-08-29 12:56:12,750 [oasis.registry] INFO: Registered backend: scikit-fem (skfem)
2026-08-29 12:56:12,750 [oasis.skfem] INFO: scikit-fem backend registered
2026-08-29 12:56:12,754 [oasis.registry] INFO: Registered backend: Kratos Multiphysics (kratos)
2026-08-29 12:56:12,754 [oasis.kratos] INFO: Kratos Multiphysics backend registered
2026-08-29 12:56:12,756 [oasis.registry] INFO: Registered backend: DUNE-fem (dune)
2026-08-29 12:56:12,756 [oasis.dune] INFO: DUNE-fem backend registered
2026-08-29 12:56:12,762 [oasis.registry] INFO: Registered backend: SPARTA (DSMC) (sparta)
2026-08-29 12:56:12,762 [oasis.sparta] INFO: SPARTA (DSMC) backend registered
2026-08-29 12:56:12,762 [oasis] INFO: Starting OASiS MCP server
2026-08-29 12:56:12,769 [mcp.server.lowlevel.server] INFO: Processing request of type CallToolRequest
2026-08-29 12:56:12,774 [mcp.server.lowlevel.server] INFO: Processing request of type ListToolsRequest
2026-08-29 12:56:12,780 [oasis] INFO: Session journal saved: /home/alexander/Schreibtisch/ofa-v2/data/sessions/session_ac336551-8034-448a-9ddd-ef24e5ee0b24.json (1 events)
/home/alexander/Schreibtisch/ofa-v2/langgraph_eval/agent.py:270: RuntimeWarning: This package (`duckduckgo_search`) has been renamed to `ddgs`! Use `pip install ddgs` instead.
  with DDGS() as ddgs:
/home/alexander/Schreibtisch/ofa-v2/langgraph_eval/agent.py:270: RuntimeWarning: This package (`duckduckgo_search`) has been renamed to `ddgs`! Use `pip install ddgs` instead.
  with DDGS() as ddgs:
/home/alexander/Schreibtisch/ofa-v2/langgraph_eval/agent.py:270: RuntimeWarning: This package (`duckduckgo_search`) has been renamed to `ddgs`! Use `pip install ddgs` instead.
  with DDGS() as ddgs:
/home/alexander/Schreibtisch/ofa-v2/langgraph_eval/agent.py:270: RuntimeWarning: This package (`duckduckgo_search`) has been renamed to `ddgs`! Use `pip install ddgs` instead.
  with DDGS() as ddgs:
/home/alexander/Schreibtisch/ofa-v2/langgraph_eval/agent.py:270: RuntimeWarning: This package (`duckduckgo_search`) has been renamed to `ddgs`! Use `pip install ddgs` instead.
  with DDGS() as ddgs:
/home/alexander/Schreibtisch/ofa-v2/langgraph_eval/agent.py:270: RuntimeWarning: This package (`duckduckgo_search`) has been renamed to `ddgs`! Use `pip install ddgs` instead.
  with DDGS() as ddgs:
/home/alexander/Schreibtisch/ofa-v2/langgraph_eval/agent.py:270: RuntimeWarning: This package (`duckduckgo_search`) has been renamed to `ddgs`! Use `pip install ddgs` instead.
  with DDGS() as ddgs:
/home/alexander/Schreibtisch/ofa-v2/langgraph_eval/agent.py:270: RuntimeWarning: This package (`duckduckgo_search`) has been renamed to `ddgs`! Use `pip install ddgs` instead.
  with DDGS() as ddgs:
/home/alexander/Schreibtisch/ofa-v2/langgraph_eval/agent.py:270: RuntimeWarning: This package (`duckduckgo_search`) has been renamed to `ddgs`! Use `pip install ddgs` instead.
  with DDGS() as ddgs:
2026-08-29 12:56:55,297 [oasis.registry] INFO: Loaded discovered config: 5 backends
2026-08-29 12:56:55,298 [oasis.registry] INFO: Registered backend: 4C Multiphysics (fourc)
2026-08-29 12:56:55,298 [oasis.registry] INFO: Registered backend: FEniCSx (dolfinx) (fenics)
2026-08-29 12:56:55,300 [oasis.registry] INFO: Registered backend: deal.II (dealii)
2026-08-29 12:56:55,303 [oasis.registry] INFO: Registered backend: FEBio (febio)
2026-08-29 12:56:55,305 [oasis.registry] INFO: Registered backend: NGSolve (ngsolve)
2026-08-29 12:56:55,305 [oasis.ngsolve] INFO: NGSolve backend registered
2026-08-29 12:56:55,308 [oasis.registry] INFO: Registered backend: scikit-fem (skfem)
2026-08-29 12:56:55,308 [oasis.skfem] INFO: scikit-fem backend registered
2026-08-29 12:56:55,311 [oasis.registry] INFO: Registered backend: Kratos Multiphysics (kratos)
2026-08-29 12:56:55,311 [oasis.kratos] INFO: Kratos Multiphysics backend registered
2026-08-29 12:56:55,314 [oasis.registry] INFO: Registered backend: DUNE-fem (dune)
2026-08-29 12:56:55,314 [oasis.dune] INFO: DUNE-fem backend registered
2026-08-29 12:56:55,319 [oasis.registry] INFO: Registered backend: SPARTA (DSMC) (sparta)
2026-08-29 12:56:55,319 [oasis.sparta] INFO: SPARTA (DSMC) backend registered
2026-08-29 12:56:55,319 [oasis] INFO: Starting OASiS MCP server
2026-08-29 12:56:55,326 [mcp.server.lowlevel.server] INFO: Processing request of type CallToolRequest
2026-08-29 12:56:58,583 [mcp.server.lowlevel.server] INFO: Processing request of type ListToolsRequest
2026-08-29 12:56:58,590 [oasis] INFO: Session journal saved: /home/alexander/Schreibtisch/ofa-v2/data/sessions/session_c3ad1fa2-738a-47b5-85c2-aedae6cdc538.json (1 events)
2026-08-29 12:57:01,112 [oasis.registry] INFO: Loaded discovered config: 5 backends
2026-08-29 12:57:01,113 [oasis.registry] INFO: Registered backend: 4C Multiphysics (fourc)
2026-08-29 12:57:01,114 [oasis.registry] INFO: Registered backend: FEniCSx (dolfinx) (fenics)
2026-08-29 12:57:01,115 [oasis.registry] INFO: Registered backend: deal.II (dealii)
2026-08-29 12:57:01,118 [oasis.registry] INFO: Registered backend: FEBio (febio)
2026-08-29 12:57:01,121 [oasis.registry] INFO: Registered backend: NGSolve (ngsolve)
2026-08-29 12:57:01,121 [oasis.ngsolve] INFO: NGSolve backend registered
2026-08-29 12:57:01,123 [oasis.registry] INFO: Registered backend: scikit-fem (skfem)
2026-08-29 12:57:01,123 [oasis.skfem] INFO: scikit-fem backend registered
2026-08-29 12:57:01,127 [oasis.registry] INFO: Registered backend: Kratos Multiphysics (kratos)
2026-08-29 12:57:01,127 [oasis.kratos] INFO: Kratos Multiphysics backend registered
2026-08-29 12:57:01,129 [oasis.registry] INFO: Registered backend: DUNE-fem (dune)
2026-08-29 12:57:01,129 [oasis.dune] INFO: DUNE-fem backend registered
2026-08-29 12:57:01,134 [oasis.registry] INFO: Registered backend: SPARTA (DSMC) (sparta)
2026-08-29 12:57:01,134 [oasis.sparta] INFO: SPARTA (DSMC) backend registered
2026-08-29 12:57:01,134 [oasis] INFO: Starting OASiS MCP server
2026-08-29 12:57:01,142 [mcp.server.lowlevel.server] INFO: Processing request of type CallToolRequest
2026-08-29 12:57:04,375 [mcp.server.lowlevel.server] INFO: Processing request of type ListToolsRequest
2026-08-29 12:57:04,383 [oasis] INFO: Session journal saved: /home/alexander/Schreibtisch/ofa-v2/data/sessions/session_19d4ded0-c1f2-46b4-a820-6d0b6c405283.json (1 events)
2026-08-29 12:57:06,797 [oasis.registry] INFO: Loaded discovered config: 5 backends
2026-08-29 12:57:06,798 [oasis.registry] INFO: Registered backend: 4C Multiphysics (fourc)
2026-08-29 12:57:06,799 [oasis.registry] INFO: Registered backend: FEniCSx (dolfinx) (fenics)
2026-08-29 12:57:06,800 [oasis.registry] INFO: Registered backend: deal.II (dealii)
2026-08-29 12:57:06,803 [oasis.registry] INFO: Registered backend: FEBio (febio)
2026-08-29 12:57:06,806 [oasis.registry] INFO: Registered backend: NGSolve (ngsolve)
2026-08-29 12:57:06,806 [oasis.ngsolve] INFO: NGSolve backend registered
2026-08-29 12:57:06,809 [oasis.registry] INFO: Registered backend: scikit-fem (skfem)
2026-08-29 12:57:06,809 [oasis.skfem] INFO: scikit-fem backend registered
2026-08-29 12:57:06,812 [oasis.registry] INFO: Registered backend: Kratos Multiphysics (kratos)
2026-08-29 12:57:06,812 [oasis.kratos] INFO: Kratos Multiphysics backend registered
2026-08-29 12:57:06,815 [oasis.registry] INFO: Registered backend: DUNE-fem (dune)
2026-08-29 12:57:06,815 [oasis.dune] INFO: DUNE-fem backend registered
2026-08-29 12:57:06,820 [oasis.registry] INFO: Registered backend: SPARTA (DSMC) (sparta)
2026-08-29 12:57:06,820 [oasis.sparta] INFO: SPARTA (DSMC) backend registered
2026-08-29 12:57:06,820 [oasis] INFO: Starting OASiS MCP server
2026-08-29 12:57:06,827 [mcp.server.lowlevel.server] INFO: Processing request of type CallToolRequest
2026-08-29 12:57:06,842 [mcp.server.lowlevel.server] INFO: Processing request of type ListToolsRequest
2026-08-29 12:57:06,848 [oasis] INFO: Session journal saved: /home/alexander/Schreibtisch/ofa-v2/data/sessions/session_3b4b858a-0972-46c6-9ce9-d92058b2f09c.json (1 events)
2026-08-29 12:57:10,878 [oasis.registry] INFO: Loaded discovered config: 5 backends
2026-08-29 12:57:10,879 [oasis.registry] INFO: Registered backend: 4C Multiphysics (fourc)
2026-08-29 12:57:10,879 [oasis.registry] INFO: Registered backend: FEniCSx (dolfinx) (fenics)
2026-08-29 12:57:10,880 [oasis.registry] INFO: Registered backend: deal.II (dealii)
2026-08-29 12:57:10,883 [oasis.registry] INFO: Registered backend: FEBio (febio)
2026-08-29 12:57:10,886 [oasis.registry] INFO: Registered backend: NGSolve (ngsolve)
2026-08-29 12:57:10,886 [oasis.ngsolve] INFO: NGSolve backend registered
2026-08-29 12:57:10,888 [oasis.registry] INFO: Registered backend: scikit-fem (skfem)
2026-08-29 12:57:10,888 [oasis.skfem] INFO: scikit-fem backend registered
2026-08-29 12:57:10,892 [oasis.registry] INFO: Registered backend: Kratos Multiphysics (kratos)
2026-08-29 12:57:10,892 [oasis.kratos] INFO: Kratos Multiphysics backend registered
2026-08-29 12:57:10,894 [oasis.registry] INFO: Registered backend: DUNE-fem (dune)
2026-08-29 12:57:10,895 [oasis.dune] INFO: DUNE-fem backend registered
2026-08-29 12:57:10,900 [oasis.registry] INFO: Registered backend: SPARTA (DSMC) (sparta)
2026-08-29 12:57:10,900 [oasis.sparta] INFO: SPARTA (DSMC) backend registered
2026-08-29 12:57:10,900 [oasis] INFO: Starting OASiS MCP server
2026-08-29 12:57:10,907 [mcp.server.lowlevel.server] INFO: Processing request of type CallToolRequest
2026-08-29 12:57:10,923 [mcp.server.lowlevel.server] INFO: Processing request of type ListToolsRequest
2026-08-29 12:57:10,929 [oasis] INFO: Session journal saved: /home/alexander/Schreibtisch/ofa-v2/data/sessions/session_236c8e9f-c7c6-4bf2-ba19-f469fc2e6f26.json (1 events)
2026-08-29 12:57:14,938 [oasis.registry] INFO: Loaded discovered config: 5 backends
2026-08-29 12:57:14,939 [oasis.registry] INFO: Registered backend: 4C Multiphysics (fourc)
2026-08-29 12:57:14,940 [oasis.registry] INFO: Registered backend: FEniCSx (dolfinx) (fenics)
2026-08-29 12:57:14,941 [oasis.registry] INFO: Registered backend: deal.II (dealii)
2026-08-29 12:57:14,944 [oasis.registry] INFO: Registered backend: FEBio (febio)
2026-08-29 12:57:14,946 [oasis.registry] INFO: Registered backend: NGSolve (ngsolve)
2026-08-29 12:57:14,946 [oasis.ngsolve] INFO: NGSolve backend registered
2026-08-29 12:57:14,949 [oasis.registry] INFO: Registered backend: scikit-fem (skfem)
2026-08-29 12:57:14,949 [oasis.skfem] INFO: scikit-fem backend registered
2026-08-29 12:57:14,953 [oasis.registry] INFO: Registered backend: Kratos Multiphysics (kratos)
2026-08-29 12:57:14,953 [oasis.kratos] INFO: Kratos Multiphysics backend registered
2026-08-29 12:57:14,955 [oasis.registry] INFO: Registered backend: DUNE-fem (dune)
2026-08-29 12:57:14,955 [oasis.dune] INFO: DUNE-fem backend registered
2026-08-29 12:57:14,960 [oasis.registry] INFO: Registered backend: SPARTA (DSMC) (sparta)
2026-08-29 12:57:14,960 [oasis.sparta] INFO: SPARTA (DSMC) backend registered
2026-08-29 12:57:14,960 [oasis] INFO: Starting OASiS MCP server
2026-08-29 12:57:14,968 [mcp.server.lowlevel.server] INFO: Processing request of type CallToolRequest
2026-08-29 12:57:14,983 [mcp.server.lowlevel.server] INFO: Processing request of type ListToolsRequest
2026-08-29 12:57:14,990 [oasis] INFO: Session journal saved: /home/alexander/Schreibtisch/ofa-v2/data/sessions/session_5c173a96-e1d5-46b4-8665-285ed34dda31.json (1 events)
2026-08-29 12:58:22,113 [oasis.registry] INFO: Loaded discovered config: 5 backends
2026-08-29 12:58:22,114 [oasis.registry] INFO: Registered backend: 4C Multiphysics (fourc)
2026-08-29 12:58:22,115 [oasis.registry] INFO: Registered backend: FEniCSx (dolfinx) (fenics)
2026-08-29 12:58:22,116 [oasis.registry] INFO: Registered backend: deal.II (dealii)
2026-08-29 12:58:22,119 [oasis.registry] INFO: Registered backend: FEBio (febio)
2026-08-29 12:58:22,121 [oasis.registry] INFO: Registered backend: NGSolve (ngsolve)
2026-08-29 12:58:22,121 [oasis.ngsolve] INFO: NGSolve backend registered
2026-08-29 12:58:22,124 [oasis.registry] INFO: Registered backend: scikit-fem (skfem)
2026-08-29 12:58:22,124 [oasis.skfem] INFO: scikit-fem backend registered
2026-08-29 12:58:22,127 [oasis.registry] INFO: Registered backend: Kratos Multiphysics (kratos)
2026-08-29 12:58:22,127 [oasis.kratos] INFO: Kratos Multiphysics backend registered
2026-08-29 12:58:22,130 [oasis.registry] INFO: Registered backend: DUNE-fem (dune)
2026-08-29 12:58:22,130 [oasis.dune] INFO: DUNE-fem backend registered
2026-08-29 12:58:22,135 [oasis.registry] INFO: Registered backend: SPARTA (DSMC) (sparta)
2026-08-29 12:58:22,135 [oasis.sparta] INFO: SPARTA (DSMC) backend registered
2026-08-29 12:58:22,135 [oasis] INFO: Starting OASiS MCP server
2026-08-29 12:58:22,143 [mcp.server.lowlevel.server] INFO: Processing request of type CallToolRequest
2026-08-29 12:58:25,375 [mcp.server.lowlevel.server] INFO: Processing request of type ListToolsRequest
/home/alexander/Schreibtisch/ofa-v2/langgraph_eval/agent.py:345: LangGraphDeprecatedSinceV10: create_react_agent has been moved to `langchain.agents`. Please update your import to `from langchain.agents import create_agent`. Deprecated in LangGraph V1.0 to be removed in V2.0.
  sub_agent = create_react_agent(
/home/alexander/Schreibtisch/ofa-v2/langgraph_eval/agent.py:270: RuntimeWarning: This package (`duckduckgo_search`) has been renamed to `ddgs`! Use `pip install ddgs` instead.
  with DDGS() as ddgs:
/home/alexander/Schreibtisch/ofa-v2/langgraph_eval/agent.py:270: RuntimeWarning: This package (`duckduckgo_search`) has been renamed to `ddgs`! Use `pip install ddgs` instead.
  with DDGS() as ddgs:
2026-08-29 13:01:15,563 [oasis.registry] INFO: Loaded discovered config: 5 backends
2026-08-29 13:01:15,564 [oasis.registry] INFO: Registered backend: 4C Multiphysics (fourc)
2026-08-29 13:01:15,565 [oasis.registry] INFO: Registered backend: FEniCSx (dolfinx) (fenics)
2026-08-29 13:01:15,566 [oasis.registry] INFO: Registered backend: deal.II (dealii)
2026-08-29 13:01:15,569 [oasis.registry] INFO: Registered backend: FEBio (febio)
2026-08-29 13:01:15,571 [oasis.registry] INFO: Registered backend: NGSolve (ngsolve)
2026-08-29 13:01:15,571 [oasis.ngsolve] INFO: NGSolve backend registered
2026-08-29 13:01:15,574 [oasis.registry] INFO: Registered backend: scikit-fem (skfem)
2026-08-29 13:01:15,574 [oasis.skfem] INFO: scikit-fem backend registered
2026-08-29 13:01:15,578 [oasis.registry] INFO: Registered backend: Kratos Multiphysics (kratos)
2026-08-29 13:01:15,578 [oasis.kratos] INFO: Kratos Multiphysics backend registered
2026-08-29 13:01:15,580 [oasis.registry] INFO: Registered backend: DUNE-fem (dune)
2026-08-29 13:01:15,580 [oasis.dune] INFO: DUNE-fem backend registered
2026-08-29 13:01:15,585 [oasis.registry] INFO: Registered backend: SPARTA (DSMC) (sparta)
2026-08-29 13:01:15,585 [oasis.sparta] INFO: SPARTA (DSMC) backend registered
2026-08-29 13:01:15,585 [oasis] INFO: Starting OASiS MCP server
2026-08-29 13:01:15,593 [mcp.server.lowlevel.server] INFO: Processing request of type CallToolRequest
2026-08-29 13:01:15,596 [oasis.registry] INFO: Loaded discovered config: 5 backends
2026-08-29 13:01:15,597 [oasis.registry] INFO: Registered backend: 4C Multiphysics (fourc)
2026-08-29 13:01:15,597 [oasis.registry] INFO: Registered backend: FEniCSx (dolfinx) (fenics)
2026-08-29 13:01:15,599 [oasis.registry] INFO: Registered backend: deal.II (dealii)
2026-08-29 13:01:15,602 [oasis.registry] INFO: Registered backend: FEBio (febio)
2026-08-29 13:01:15,604 [oasis.registry] INFO: Registered backend: NGSolve (ngsolve)
2026-08-29 13:01:15,604 [oasis.ngsolve] INFO: NGSolve backend registered
2026-08-29 13:01:15,607 [oasis.registry] INFO: Registered backend: scikit-fem (skfem)
2026-08-29 13:01:15,607 [oasis.skfem] INFO: scikit-fem backend registered
2026-08-29 13:01:15,608 [mcp.server.lowlevel.server] INFO: Processing request of type ListToolsRequest
2026-08-29 13:01:15,610 [oasis.registry] INFO: Registered backend: Kratos Multiphysics (kratos)
2026-08-29 13:01:15,610 [oasis.kratos] INFO: Kratos Multiphysics backend registered
2026-08-29 13:01:15,613 [oasis.registry] INFO: Registered backend: DUNE-fem (dune)
2026-08-29 13:01:15,613 [oasis.dune] INFO: DUNE-fem backend registered
2026-08-29 13:01:15,614 [oasis] INFO: Session journal saved: /home/alexander/Schreibtisch/ofa-v2/data/sessions/session_31ccc865-92c7-498b-ba0a-55f1a0c3f958.json (1 events)
2026-08-29 13:01:15,618 [oasis.registry] INFO: Registered backend: SPARTA (DSMC) (sparta)
2026-08-29 13:01:15,618 [oasis.sparta] INFO: SPARTA (DSMC) backend registered
2026-08-29 13:01:15,618 [oasis] INFO: Starting OASiS MCP server
2026-08-29 13:01:15,626 [mcp.server.lowlevel.server] INFO: Processing request of type CallToolRequest
2026-08-29 13:01:15,629 [mcp.server.lowlevel.server] INFO: Processing request of type ListToolsRequest
2026-08-29 13:01:15,634 [oasis] INFO: Session journal saved: /home/alexander/Schreibtisch/ofa-v2/data/sessions/session_10116e68-f947-457a-ad2b-f6c3bf0cb2d4.json (1 events)
/home/alexander/Schreibtisch/ofa-v2/langgraph_eval/agent.py:270: RuntimeWarning: This package (`duckduckgo_search`) has been renamed to `ddgs`! Use `pip install ddgs` instead.
  with DDGS() as ddgs:
2026-08-29 13:01:21,639 [oasis.registry] INFO: Loaded discovered config: 5 backends
2026-08-29 13:01:21,640 [oasis.registry] INFO: Registered backend: 4C Multiphysics (fourc)
2026-08-29 13:01:21,640 [oasis.registry] INFO: Registered backend: FEniCSx (dolfinx) (fenics)
2026-08-29 13:01:21,641 [oasis.registry] INFO: Registered backend: deal.II (dealii)
2026-08-29 13:01:21,644 [oasis.registry] INFO: Registered backend: FEBio (febio)
2026-08-29 13:01:21,647 [oasis.registry] INFO: Registered backend: NGSolve (ngsolve)
2026-08-29 13:01:21,647 [oasis.ngsolve] INFO: NGSolve backend registered
2026-08-29 13:01:21,649 [oasis.registry] INFO: Registered backend: scikit-fem (skfem)
2026-08-29 13:01:21,649 [oasis.skfem] INFO: scikit-fem backend registered
2026-08-29 13:01:21,650 [oasis.registry] INFO: Loaded discovered config: 5 backends
2026-08-29 13:01:21,651 [oasis.registry] INFO: Registered backend: 4C Multiphysics (fourc)
2026-08-29 13:01:21,652 [oasis.registry] INFO: Registered backend: FEniCSx (dolfinx) (fenics)
2026-08-29 13:01:21,653 [oasis.registry] INFO: Registered backend: deal.II (dealii)
2026-08-29 13:01:21,653 [oasis.registry] INFO: Registered backend: Kratos Multiphysics (kratos)
2026-08-29 13:01:21,653 [oasis.kratos] INFO: Kratos Multiphysics backend registered
2026-08-29 13:01:21,655 [oasis.registry] INFO: Registered backend: DUNE-fem (dune)
2026-08-29 13:01:21,655 [oasis.dune] INFO: DUNE-fem backend registered
2026-08-29 13:01:21,656 [oasis.registry] INFO: Registered backend: FEBio (febio)
2026-08-29 13:01:21,658 [oasis.registry] INFO: Registered backend: NGSolve (ngsolve)
2026-08-29 13:01:21,658 [oasis.ngsolve] INFO: NGSolve backend registered
2026-08-29 13:01:21,660 [oasis.registry] INFO: Registered backend: SPARTA (DSMC) (sparta)
2026-08-29 13:01:21,660 [oasis.sparta] INFO: SPARTA (DSMC) backend registered
2026-08-29 13:01:21,660 [oasis] INFO: Starting OASiS MCP server
2026-08-29 13:01:21,661 [oasis.registry] INFO: Registered backend: scikit-fem (skfem)
2026-08-29 13:01:21,661 [oasis.skfem] INFO: scikit-fem backend registered
2026-08-29 13:01:21,665 [oasis.registry] INFO: Registered backend: Kratos Multiphysics (kratos)
2026-08-29 13:01:21,665 [oasis.kratos] INFO: Kratos Multiphysics backend registered
2026-08-29 13:01:21,667 [oasis.registry] INFO: Registered backend: DUNE-fem (dune)
2026-08-29 13:01:21,667 [oasis.dune] INFO: DUNE-fem backend registered
2026-08-29 13:01:21,668 [mcp.server.lowlevel.server] INFO: Processing request of type CallToolRequest
2026-08-29 13:01:21,672 [oasis.registry] INFO: Registered backend: SPARTA (DSMC) (sparta)
2026-08-29 13:01:21,672 [oasis.sparta] INFO: SPARTA (DSMC) backend registered
2026-08-29 13:01:21,672 [oasis] INFO: Starting OASiS MCP server
2026-08-29 13:01:21,680 [mcp.server.lowlevel.server] INFO: Processing request of type CallToolRequest
2026-08-29 13:01:21,682 [mcp.server.lowlevel.server] INFO: Processing request of type ListToolsRequest
2026-08-29 13:01:21,688 [oasis] INFO: Session journal saved: /home/alexander/Schreibtisch/ofa-v2/data/sessions/session_7976f3e9-df12-4e9d-9f8a-b591b06ebe7e.json (1 events)
2026-08-29 13:01:21,695 [mcp.server.lowlevel.server] INFO: Processing request of type ListToolsRequest
2026-08-29 13:01:21,702 [oasis] INFO: Session journal saved: /home/alexander/Schreibtisch/ofa-v2/data/sessions/session_d9288307-f33a-4361-9f1a-04579da3b93c.json (1 events)
/home/alexander/Schreibtisch/ofa-v2/langgraph_eval/agent.py:270: RuntimeWarning: This package (`duckduckgo_search`) has been renamed to `ddgs`! Use `pip install ddgs` instead.
  with DDGS() as ddgs:
/home/alexander/Schreibtisch/ofa-v2/langgraph_eval/agent.py:270: RuntimeWarning: This package (`duckduckgo_search`) has been renamed to `ddgs`! Use `pip install ddgs` instead.
  with DDGS() as ddgs:
/home/alexander/Schreibtisch/ofa-v2/langgraph_eval/agent.py:270: RuntimeWarning: This package (`duckduckgo_search`) has been renamed to `ddgs`! Use `pip install ddgs` instead.
  with DDGS() as ddgs:
/home/alexander/Schreibtisch/ofa-v2/langgraph_eval/agent.py:270: RuntimeWarning: This package (`duckduckgo_search`) has been renamed to `ddgs`! Use `pip install ddgs` instead.
  with DDGS() as ddgs:
/home/alexander/Schreibtisch/ofa-v2/langgraph_eval/agent.py:270: RuntimeWarning: This package (`duckduckgo_search`) has been renamed to `ddgs`! Use `pip install ddgs` instead.
  with DDGS() as ddgs:
/home/alexander/Schreibtisch/ofa-v2/langgraph_eval/agent.py:270: RuntimeWarning: This package (`duckduckgo_search`) has been renamed to `ddgs`! Use `pip install ddgs` instead.
  with DDGS() as ddgs:
/home/alexander/Schreibtisch/ofa-v2/langgraph_eval/agent.py:270: RuntimeWarning: This package (`duckduckgo_search`) has been renamed to `ddgs`! Use `pip install ddgs` instead.
  with DDGS() as ddgs:
2026-08-29 13:03:27,672 [oasis.registry] INFO: Loaded discovered config: 5 backends
2026-08-29 13:03:27,673 [oasis.registry] INFO: Registered backend: 4C Multiphysics (fourc)
2026-08-29 13:03:27,673 [oasis.registry] INFO: Registered backend: FEniCSx (dolfinx) (fenics)
2026-08-29 13:03:27,674 [oasis.registry] INFO: Registered backend: deal.II (dealii)
2026-08-29 13:03:27,677 [oasis.registry] INFO: Registered backend: FEBio (febio)
2026-08-29 13:03:27,680 [oasis.registry] INFO: Registered backend: NGSolve (ngsolve)
2026-08-29 13:03:27,680 [oasis.ngsolve] INFO: NGSolve backend registered
2026-08-29 13:03:27,683 [oasis.registry] INFO: Registered backend: scikit-fem (skfem)
2026-08-29 13:03:27,683 [oasis.skfem] INFO: scikit-fem backend registered
2026-08-29 13:03:27,686 [oasis.registry] INFO: Registered backend: Kratos Multiphysics (kratos)
2026-08-29 13:03:27,686 [oasis.kratos] INFO: Kratos Multiphysics backend registered
2026-08-29 13:03:27,688 [oasis.registry] INFO: Registered backend: DUNE-fem (dune)
2026-08-29 13:03:27,689 [oasis.dune] INFO: DUNE-fem backend registered
2026-08-29 13:03:27,694 [oasis.registry] INFO: Registered backend: SPARTA (DSMC) (sparta)
2026-08-29 13:03:27,694 [oasis.sparta] INFO: SPARTA (DSMC) backend registered
2026-08-29 13:03:27,694 [oasis] INFO: Starting OASiS MCP server
2026-08-29 13:03:27,701 [mcp.server.lowlevel.server] INFO: Processing request of type CallToolRequest
2026-08-29 13:03:30,920 [mcp.server.lowlevel.server] INFO: Processing request of type ListToolsRequest
2026-08-29 13:04:05,940 [oasis.registry] INFO: Loaded discovered config: 5 backends
2026-08-29 13:04:05,941 [oasis.registry] INFO: Registered backend: 4C Multiphysics (fourc)
2026-08-29 13:04:05,941 [oasis.registry] INFO: Registered backend: FEniCSx (dolfinx) (fenics)
2026-08-29 13:04:05,942 [oasis.registry] INFO: Registered backend: deal.II (dealii)
2026-08-29 13:04:05,945 [oasis.registry] INFO: Registered backend: FEBio (febio)
2026-08-29 13:04:05,948 [oasis.registry] INFO: Registered backend: NGSolve (ngsolve)
2026-08-29 13:04:05,948 [oasis.ngsolve] INFO: NGSolve backend registered
2026-08-29 13:04:05,950 [oasis.registry] INFO: Registered backend: scikit-fem (skfem)
2026-08-29 13:04:05,950 [oasis.skfem] INFO: scikit-fem backend registered
2026-08-29 13:04:05,954 [oasis.registry] INFO: Registered backend: Kratos Multiphysics (kratos)
2026-08-29 13:04:05,954 [oasis.kratos] INFO: Kratos Multiphysics backend registered
2026-08-29 13:04:05,956 [oasis.registry] INFO: Registered backend: DUNE-fem (dune)
2026-08-29 13:04:05,956 [oasis.dune] INFO: DUNE-fem backend registered
2026-08-29 13:04:05,961 [oasis.registry] INFO: Registered backend: SPARTA (DSMC) (sparta)
2026-08-29 13:04:05,961 [oasis.sparta] INFO: SPARTA (DSMC) backend registered
2026-08-29 13:04:05,961 [oasis] INFO: Starting OASiS MCP server
2026-08-29 13:04:05,969 [mcp.server.lowlevel.server] INFO: Processing request of type CallToolRequest
2026-08-29 13:04:05,973 [mcp.server.lowlevel.server] INFO: Processing request of type ListToolsRequest
2026-08-29 13:04:22,774 [oasis.registry] INFO: Loaded discovered config: 5 backends
2026-08-29 13:04:22,775 [oasis.registry] INFO: Registered backend: 4C Multiphysics (fourc)
2026-08-29 13:04:22,775 [oasis.registry] INFO: Registered backend: FEniCSx (dolfinx) (fenics)
2026-08-29 13:04:22,777 [oasis.registry] INFO: Registered backend: deal.II (dealii)
2026-08-29 13:04:22,780 [oasis.registry] INFO: Registered backend: FEBio (febio)
2026-08-29 13:04:22,782 [oasis.registry] INFO: Registered backend: NGSolve (ngsolve)
2026-08-29 13:04:22,782 [oasis.ngsolve] INFO: NGSolve backend registered
2026-08-29 13:04:22,785 [oasis.registry] INFO: Registered backend: scikit-fem (skfem)
2026-08-29 13:04:22,785 [oasis.skfem] INFO: scikit-fem backend registered
2026-08-29 13:04:22,788 [oasis.registry] INFO: Registered backend: Kratos Multiphysics (kratos)
2026-08-29 13:04:22,788 [oasis.kratos] INFO: Kratos Multiphysics backend registered
2026-08-29 13:04:22,791 [oasis.registry] INFO: Registered backend: DUNE-fem (dune)
2026-08-29 13:04:22,791 [oasis.dune] INFO: DUNE-fem backend registered
2026-08-29 13:04:22,796 [oasis.registry] INFO: Registered backend: SPARTA (DSMC) (sparta)
2026-08-29 13:04:22,796 [oasis.sparta] INFO: SPARTA (DSMC) backend registered
2026-08-29 13:04:22,796 [oasis] INFO: Starting OASiS MCP server
2026-08-29 13:04:22,803 [mcp.server.lowlevel.server] INFO: Processing request of type CallToolRequest
2026-08-29 13:04:22,807 [mcp.server.lowlevel.server] INFO: Processing request of type ListToolsRequest
2026-08-29 13:06:08,325 [oasis.registry] INFO: Loaded discovered config: 5 backends
2026-08-29 13:06:08,326 [oasis.registry] INFO: Registered backend: 4C Multiphysics (fourc)
2026-08-29 13:06:08,327 [oasis.registry] INFO: Registered backend: FEniCSx (dolfinx) (fenics)
2026-08-29 13:06:08,328 [oasis.registry] INFO: Registered backend: deal.II (dealii)
2026-08-29 13:06:08,331 [oasis.registry] INFO: Registered backend: FEBio (febio)
2026-08-29 13:06:08,334 [oasis.registry] INFO: Registered backend: NGSolve (ngsolve)
2026-08-29 13:06:08,334 [oasis.ngsolve] INFO: NGSolve backend registered
2026-08-29 13:06:08,336 [oasis.registry] INFO: Registered backend: scikit-fem (skfem)
2026-08-29 13:06:08,336 [oasis.skfem] INFO: scikit-fem backend registered
2026-08-29 13:06:08,340 [oasis.registry] INFO: Registered backend: Kratos Multiphysics (kratos)
2026-08-29 13:06:08,340 [oasis.kratos] INFO: Kratos Multiphysics backend registered
2026-08-29 13:06:08,343 [oasis.registry] INFO: Registered backend: DUNE-fem (dune)
2026-08-29 13:06:08,343 [oasis.dune] INFO: DUNE-fem backend registered
2026-08-29 13:06:08,348 [oasis.registry] INFO: Registered backend: SPARTA (DSMC) (sparta)
2026-08-29 13:06:08,348 [oasis.sparta] INFO: SPARTA (DSMC) backend registered
2026-08-29 13:06:08,348 [oasis] INFO: Starting OASiS MCP server
2026-08-29 13:06:08,355 [mcp.server.lowlevel.server] INFO: Processing request of type CallToolRequest
2026-08-29 13:06:11,661 [mcp.server.lowlevel.server] INFO: Processing request of type ListToolsRequest
2026-08-29 13:07:20,499 [oasis.registry] INFO: Loaded discovered config: 5 backends
2026-08-29 13:07:20,500 [oasis.registry] INFO: Registered backend: 4C Multiphysics (fourc)
2026-08-29 13:07:20,503 [oasis.registry] INFO: Registered backend: FEniCSx (dolfinx) (fenics)
2026-08-29 13:07:20,504 [oasis.registry] INFO: Registered backend: deal.II (dealii)
2026-08-29 13:07:20,507 [oasis.registry] INFO: Registered backend: FEBio (febio)
2026-08-29 13:07:20,510 [oasis.registry] INFO: Registered backend: NGSolve (ngsolve)
2026-08-29 13:07:20,510 [oasis.ngsolve] INFO: NGSolve backend registered
2026-08-29 13:07:20,512 [oasis.registry] INFO: Registered backend: scikit-fem (skfem)
2026-08-29 13:07:20,512 [oasis.skfem] INFO: scikit-fem backend registered
2026-08-29 13:07:20,516 [oasis.registry] INFO: Registered backend: Kratos Multiphysics (kratos)
2026-08-29 13:07:20,516 [oasis.kratos] INFO: Kratos Multiphysics backend registered
2026-08-29 13:07:20,518 [oasis.registry] INFO: Registered backend: DUNE-fem (dune)
2026-08-29 13:07:20,518 [oasis.dune] INFO: DUNE-fem backend registered
2026-08-29 13:07:20,523 [oasis.registry] INFO: Registered backend: SPARTA (DSMC) (sparta)
2026-08-29 13:07:20,523 [oasis.sparta] INFO: SPARTA (DSMC) backend registered
2026-08-29 13:07:20,523 [oasis] INFO: Starting OASiS MCP server
2026-08-29 13:07:20,531 [mcp.server.lowlevel.server] INFO: Processing request of type CallToolRequest
2026-08-29 13:07:20,536 [mcp.server.lowlevel.server] INFO: Processing request of type ListToolsRequest
/home/alexander/Schreibtisch/ofa-v2/langgraph_eval/agent.py:345: LangGraphDeprecatedSinceV10: create_react_agent has been moved to `langchain.agents`. Please update your import to `from langchain.agents import create_agent`. Deprecated in LangGraph V1.0 to be removed in V2.0.
  sub_agent = create_react_agent(
2026-08-29 13:09:53,032 [oasis.registry] INFO: Loaded discovered config: 5 backends
2026-08-29 13:09:53,033 [oasis.registry] INFO: Registered backend: 4C Multiphysics (fourc)
2026-08-29 13:09:53,034 [oasis.registry] INFO: Registered backend: FEniCSx (dolfinx) (fenics)
2026-08-29 13:09:53,035 [oasis.registry] INFO: Registered backend: deal.II (dealii)
2026-08-29 13:09:53,038 [oasis.registry] INFO: Registered backend: FEBio (febio)
2026-08-29 13:09:53,040 [oasis.registry] INFO: Loaded discovered config: 5 backends
2026-08-29 13:09:53,040 [oasis.registry] INFO: Registered backend: NGSolve (ngsolve)
2026-08-29 13:09:53,040 [oasis.ngsolve] INFO: NGSolve backend registered
2026-08-29 13:09:53,040 [oasis.registry] INFO: Loaded discovered config: 5 backends
2026-08-29 13:09:53,041 [oasis.registry] INFO: Registered backend: 4C Multiphysics (fourc)
2026-08-29 13:09:53,041 [oasis.registry] INFO: Registered backend: FEniCSx (dolfinx) (fenics)
2026-08-29 13:09:53,041 [oasis.registry] INFO: Registered backend: 4C Multiphysics (fourc)
2026-08-29 13:09:53,042 [oasis.registry] INFO: Registered backend: FEniCSx (dolfinx) (fenics)
2026-08-29 13:09:53,042 [oasis.registry] INFO: Registered backend: deal.II (dealii)
2026-08-29 13:09:53,043 [oasis.registry] INFO: Registered backend: scikit-fem (skfem)
2026-08-29 13:09:53,043 [oasis.skfem] INFO: scikit-fem backend registered
2026-08-29 13:09:53,043 [oasis.registry] INFO: Registered backend: deal.II (dealii)
2026-08-29 13:09:53,045 [oasis.registry] INFO: Registered backend: FEBio (febio)
2026-08-29 13:09:53,046 [oasis.registry] INFO: Registered backend: FEBio (febio)
2026-08-29 13:09:53,046 [oasis.registry] INFO: Registered backend: Kratos Multiphysics (kratos)
2026-08-29 13:09:53,047 [oasis.kratos] INFO: Kratos Multiphysics backend registered
2026-08-29 13:09:53,048 [oasis.registry] INFO: Registered backend: NGSolve (ngsolve)
2026-08-29 13:09:53,048 [oasis.ngsolve] INFO: NGSolve backend registered
2026-08-29 13:09:53,049 [oasis.registry] INFO: Registered backend: NGSolve (ngsolve)
2026-08-29 13:09:53,049 [oasis.ngsolve] INFO: NGSolve backend registered
2026-08-29 13:09:53,049 [oasis.registry] INFO: Registered backend: DUNE-fem (dune)
2026-08-29 13:09:53,049 [oasis.dune] INFO: DUNE-fem backend registered
2026-08-29 13:09:53,050 [oasis.registry] INFO: Registered backend: scikit-fem (skfem)
2026-08-29 13:09:53,050 [oasis.skfem] INFO: scikit-fem backend registered
2026-08-29 13:09:53,051 [oasis.registry] INFO: Registered backend: scikit-fem (skfem)
2026-08-29 13:09:53,051 [oasis.skfem] INFO: scikit-fem backend registered
2026-08-29 13:09:53,054 [oasis.registry] INFO: Registered backend: Kratos Multiphysics (kratos)
2026-08-29 13:09:53,054 [oasis.kratos] INFO: Kratos Multiphysics backend registered
2026-08-29 13:09:53,054 [oasis.registry] INFO: Registered backend: SPARTA (DSMC) (sparta)
2026-08-29 13:09:53,054 [oasis.sparta] INFO: SPARTA (DSMC) backend registered
2026-08-29 13:09:53,054 [oasis] INFO: Starting OASiS MCP server
2026-08-29 13:09:53,055 [oasis.registry] INFO: Registered backend: Kratos Multiphysics (kratos)
2026-08-29 13:09:53,055 [oasis.kratos] INFO: Kratos Multiphysics backend registered
2026-08-29 13:09:53,056 [oasis.registry] INFO: Registered backend: DUNE-fem (dune)
2026-08-29 13:09:53,056 [oasis.dune] INFO: DUNE-fem backend registered
2026-08-29 13:09:53,057 [oasis.registry] INFO: Registered backend: DUNE-fem (dune)
2026-08-29 13:09:53,057 [oasis.dune] INFO: DUNE-fem backend registered
2026-08-29 13:09:53,061 [oasis.registry] INFO: Registered backend: SPARTA (DSMC) (sparta)
2026-08-29 13:09:53,061 [oasis.sparta] INFO: SPARTA (DSMC) backend registered
2026-08-29 13:09:53,061 [oasis] INFO: Starting OASiS MCP server
2026-08-29 13:09:53,062 [mcp.server.lowlevel.server] INFO: Processing request of type CallToolRequest
2026-08-29 13:09:53,063 [oasis.registry] INFO: Registered backend: SPARTA (DSMC) (sparta)
2026-08-29 13:09:53,063 [oasis.sparta] INFO: SPARTA (DSMC) backend registered
2026-08-29 13:09:53,063 [oasis] INFO: Starting OASiS MCP server
2026-08-29 13:09:53,065 [mcp.server.lowlevel.server] INFO: Processing request of type ListToolsRequest
2026-08-29 13:09:53,070 [oasis] INFO: Session journal saved: /home/alexander/Schreibtisch/ofa-v2/data/sessions/session_ceb783cf-9e9f-4710-9cfe-c2a2a6ff36b0.json (1 events)
2026-08-29 13:09:53,070 [mcp.server.lowlevel.server] INFO: Processing request of type CallToolRequest
2026-08-29 13:09:53,071 [mcp.server.lowlevel.server] INFO: Processing request of type CallToolRequest
2026-08-29 13:09:53,075 [mcp.server.lowlevel.server] INFO: Processing request of type ListToolsRequest
2026-08-29 13:09:53,086 [mcp.server.lowlevel.server] INFO: Processing request of type ListToolsRequest
2026-08-29 13:09:53,092 [oasis] INFO: Session journal saved: /home/alexander/Schreibtisch/ofa-v2/data/sessions/session_c15d8580-4fc0-4b9c-81eb-53e71b5f0733.json (1 events)
2026-08-29 13:09:58,996 [oasis.registry] INFO: Loaded discovered config: 5 backends
2026-08-29 13:09:58,997 [oasis.registry] INFO: Registered backend: 4C Multiphysics (fourc)
2026-08-29 13:09:58,998 [oasis.registry] INFO: Registered backend: FEniCSx (dolfinx) (fenics)
2026-08-29 13:09:58,999 [oasis.registry] INFO: Registered backend: deal.II (dealii)
2026-08-29 13:09:59,002 [oasis.registry] INFO: Registered backend: FEBio (febio)
2026-08-29 13:09:59,004 [oasis.registry] INFO: Registered backend: NGSolve (ngsolve)
2026-08-29 13:09:59,004 [oasis.ngsolve] INFO: NGSolve backend registered
2026-08-29 13:09:59,006 [oasis.registry] INFO: Loaded discovered config: 5 backends
2026-08-29 13:09:59,007 [oasis.registry] INFO: Loaded discovered config: 5 backends
2026-08-29 13:09:59,007 [oasis.registry] INFO: Registered backend: 4C Multiphysics (fourc)
2026-08-29 13:09:59,007 [oasis.registry] INFO: Registered backend: scikit-fem (skfem)
2026-08-29 13:09:59,007 [oasis.skfem] INFO: scikit-fem backend registered
2026-08-29 13:09:59,007 [oasis.registry] INFO: Registered backend: FEniCSx (dolfinx) (fenics)
2026-08-29 13:09:59,008 [oasis.registry] INFO: Registered backend: 4C Multiphysics (fourc)
2026-08-29 13:09:59,008 [oasis.registry] INFO: Registered backend: FEniCSx (dolfinx) (fenics)
2026-08-29 13:09:59,009 [oasis.registry] INFO: Registered backend: deal.II (dealii)
2026-08-29 13:09:59,009 [oasis.registry] INFO: Registered backend: deal.II (dealii)
2026-08-29 13:09:59,011 [oasis.registry] INFO: Registered backend: Kratos Multiphysics (kratos)
2026-08-29 13:09:59,011 [oasis.kratos] INFO: Kratos Multiphysics backend registered
2026-08-29 13:09:59,012 [oasis.registry] INFO: Registered backend: FEBio (febio)
2026-08-29 13:09:59,012 [oasis.registry] INFO: Registered backend: FEBio (febio)
2026-08-29 13:09:59,013 [oasis.registry] INFO: Registered backend: DUNE-fem (dune)
2026-08-29 13:09:59,013 [oasis.dune] INFO: DUNE-fem backend registered
2026-08-29 13:09:59,014 [oasis.registry] INFO: Registered backend: NGSolve (ngsolve)
2026-08-29 13:09:59,014 [oasis.ngsolve] INFO: NGSolve backend registered
2026-08-29 13:09:59,015 [oasis.registry] INFO: Registered backend: NGSolve (ngsolve)
2026-08-29 13:09:59,015 [oasis.ngsolve] INFO: NGSolve backend registered
2026-08-29 13:09:59,017 [oasis.registry] INFO: Registered backend: scikit-fem (skfem)
2026-08-29 13:09:59,017 [oasis.skfem] INFO: scikit-fem backend registered
2026-08-29 13:09:59,018 [oasis.registry] INFO: Registered backend: scikit-fem (skfem)
2026-08-29 13:09:59,018 [oasis.skfem] INFO: scikit-fem backend registered
2026-08-29 13:09:59,018 [oasis.registry] INFO: Registered backend: SPARTA (DSMC) (sparta)
2026-08-29 13:09:59,018 [oasis.sparta] INFO: SPARTA (DSMC) backend registered
2026-08-29 13:09:59,018 [oasis] INFO: Starting OASiS MCP server
2026-08-29 13:09:59,020 [oasis.registry] INFO: Registered backend: Kratos Multiphysics (kratos)
2026-08-29 13:09:59,021 [oasis.kratos] INFO: Kratos Multiphysics backend registered
2026-08-29 13:09:59,021 [oasis.registry] INFO: Registered backend: Kratos Multiphysics (kratos)
2026-08-29 13:09:59,021 [oasis.kratos] INFO: Kratos Multiphysics backend registered
2026-08-29 13:09:59,023 [oasis.registry] INFO: Registered backend: DUNE-fem (dune)
2026-08-29 13:09:59,023 [oasis.dune] INFO: DUNE-fem backend registered
2026-08-29 13:09:59,024 [oasis.registry] INFO: Registered backend: DUNE-fem (dune)
2026-08-29 13:09:59,024 [oasis.dune] INFO: DUNE-fem backend registered
2026-08-29 13:09:59,026 [mcp.server.lowlevel.server] INFO: Processing request of type CallToolRequest
2026-08-29 13:09:59,030 [oasis.registry] INFO: Registered backend: SPARTA (DSMC) (sparta)
2026-08-29 13:09:59,030 [oasis.sparta] INFO: SPARTA (DSMC) backend registered
2026-08-29 13:09:59,030 [oasis] INFO: Starting OASiS MCP server
2026-08-29 13:09:59,031 [oasis.registry] INFO: Registered backend: SPARTA (DSMC) (sparta)
2026-08-29 13:09:59,031 [oasis.sparta] INFO: SPARTA (DSMC) backend registered
2026-08-29 13:09:59,031 [oasis] INFO: Starting OASiS MCP server
2026-08-29 13:09:59,031 [mcp.server.lowlevel.server] INFO: Processing request of type ListToolsRequest
2026-08-29 13:09:59,039 [mcp.server.lowlevel.server] INFO: Processing request of type CallToolRequest
2026-08-29 13:09:59,040 [mcp.server.lowlevel.server] INFO: Processing request of type CallToolRequest
2026-08-29 13:09:59,059 [mcp.server.lowlevel.server] INFO: Processing request of type ListToolsRequest
2026-08-29 13:09:59,059 [mcp.server.lowlevel.server] INFO: Processing request of type ListToolsRequest
2026-08-29 13:09:59,066 [oasis] INFO: Session journal saved: /home/alexander/Schreibtisch/ofa-v2/data/sessions/session_505c3cca-c5c4-4c29-9c64-28ab00d3a9d7.json (1 events)
2026-08-29 13:09:59,069 [oasis] INFO: Session journal saved: /home/alexander/Schreibtisch/ofa-v2/data/sessions/session_829433b5-e785-4847-ae1e-a1e883ec149d.json (1 events)
/home/alexander/Schreibtisch/ofa-v2/langgraph_eval/agent.py:270: RuntimeWarning: This package (`duckduckgo_search`) has been renamed to `ddgs`! Use `pip install ddgs` instead.
  with DDGS() as ddgs:
/home/alexander/Schreibtisch/ofa-v2/langgraph_eval/agent.py:270: RuntimeWarning: This package (`duckduckgo_search`) has been renamed to `ddgs`! Use `pip install ddgs` instead.
  with DDGS() as ddgs:
/home/alexander/Schreibtisch/ofa-v2/langgraph_eval/agent.py:270: RuntimeWarning: This package (`duckduckgo_search`) has been renamed to `ddgs`! Use `pip install ddgs` instead.
  with DDGS() as ddgs:
2026-08-29 13:11:23,506 [oasis.registry] INFO: Loaded discovered config: 5 backends
2026-08-29 13:11:23,507 [oasis.registry] INFO: Registered backend: 4C Multiphysics (fourc)
2026-08-29 13:11:23,508 [oasis.registry] INFO: Registered backend: FEniCSx (dolfinx) (fenics)
2026-08-29 13:11:23,509 [oasis.registry] INFO: Registered backend: deal.II (dealii)
2026-08-29 13:11:23,512 [oasis.registry] INFO: Registered backend: FEBio (febio)
2026-08-29 13:11:23,514 [oasis.registry] INFO: Registered backend: NGSolve (ngsolve)
2026-08-29 13:11:23,514 [oasis.ngsolve] INFO: NGSolve backend registered
2026-08-29 13:11:23,517 [oasis.registry] INFO: Registered backend: scikit-fem (skfem)
2026-08-29 13:11:23,517 [oasis.skfem] INFO: scikit-fem backend registered
2026-08-29 13:11:23,521 [oasis.registry] INFO: Registered backend: Kratos Multiphysics (kratos)
2026-08-29 13:11:23,521 [oasis.kratos] INFO: Kratos Multiphysics backend registered
2026-08-29 13:11:23,523 [oasis.registry] INFO: Registered backend: DUNE-fem (dune)
2026-08-29 13:11:23,523 [oasis.dune] INFO: DUNE-fem backend registered
2026-08-29 13:11:23,528 [oasis.registry] INFO: Registered backend: SPARTA (DSMC) (sparta)
2026-08-29 13:11:23,528 [oasis.sparta] INFO: SPARTA (DSMC) backend registered
2026-08-29 13:11:23,528 [oasis] INFO: Starting OASiS MCP server
2026-08-29 13:11:23,535 [mcp.server.lowlevel.server] INFO: Processing request of type CallToolRequest
2026-08-29 13:11:23,539 [mcp.server.lowlevel.server] INFO: Processing request of type ListToolsRequest
2026-08-29 13:11:35,625 [oasis.registry] INFO: Loaded discovered config: 5 backends
2026-08-29 13:11:35,626 [oasis.registry] INFO: Registered backend: 4C Multiphysics (fourc)
2026-08-29 13:11:35,626 [oasis.registry] INFO: Registered backend: FEniCSx (dolfinx) (fenics)
2026-08-29 13:11:35,627 [oasis.registry] INFO: Registered backend: deal.II (dealii)
2026-08-29 13:11:35,630 [oasis.registry] INFO: Registered backend: FEBio (febio)
2026-08-29 13:11:35,633 [oasis.registry] INFO: Registered backend: NGSolve (ngsolve)
2026-08-29 13:11:35,633 [oasis.ngsolve] INFO: NGSolve backend registered
2026-08-29 13:11:35,635 [oasis.registry] INFO: Registered backend: scikit-fem (skfem)
2026-08-29 13:11:35,635 [oasis.skfem] INFO: scikit-fem backend registered
2026-08-29 13:11:35,639 [oasis.registry] INFO: Registered backend: Kratos Multiphysics (kratos)
2026-08-29 13:11:35,639 [oasis.kratos] INFO: Kratos Multiphysics backend registered
2026-08-29 13:11:35,641 [oasis.registry] INFO: Registered backend: DUNE-fem (dune)
2026-08-29 13:11:35,641 [oasis.dune] INFO: DUNE-fem backend registered
2026-08-29 13:11:35,646 [oasis.registry] INFO: Registered backend: SPARTA (DSMC) (sparta)
2026-08-29 13:11:35,646 [oasis.sparta] INFO: SPARTA (DSMC) backend registered
2026-08-29 13:11:35,646 [oasis] INFO: Starting OASiS MCP server
2026-08-29 13:11:35,654 [mcp.server.lowlevel.server] INFO: Processing request of type CallToolRequest
2026-08-29 13:11:35,658 [mcp.server.lowlevel.server] INFO: Processing request of type ListToolsRequest
[preflight] custody controls verified for 1 problem(s); keys sealed and unreadable by execution
[phase: development] results are for post-mortems and convergence checking, NOT for the paper's evaluation table.
[C9 27b MCP s22] done  calls=26 tok=1929967/42136 1093.4s
/home/alexander/Schreibtisch/ofa-v2/campaign3_blind/run_blind.py:768: ResourceWarning: unclosed file <_io.TextIOWrapper name='/home/alexander/Schreibtisch/ofa-v2/campaign3_blind/runs/C9_27b_MCP_seed22/work/trajectory_live.txt' mode='a' encoding='utf-8'>
  run_one(pid, a.model, cond, a.seed, a.timeout)
ResourceWarning: Enable tracemalloc to get the object allocation traceback
/home/alexander/.local/share/python/cpython-3.12.13-linux-x86_64-gnu/lib/python3.12/asyncio/selector_events.py:879: ResourceWarning: unclosed transport <_SelectorSocketTransport fd=8>
<<< C9 seed 22 done 2026-08-29 13:13:03
[preflight] quarantined 1 directory(ies) of prior agent scratch so this run cannot read them:
             /tmp/coupled_elasticity -> runs_quarantine/stray_scratch/coupled_elasticity__40
[preflight] custody controls verified for 1 problem(s); keys sealed and unreadable by execution
[phase: development] results are for post-mortems and convergence checking, NOT for the paper's evaluation table.
[C9 27b MCP s23] done  calls=49 tok=3714013/42073 1110.3s
/home/alexander/Schreibtisch/ofa-v2/campaign3_blind/run_blind.py:768: ResourceWarning: unclosed file <_io.TextIOWrapper name='/home/alexander/Schreibtisch/ofa-v2/campaign3_blind/runs/C9_27b_MCP_seed23/work/trajectory_live.txt' mode='a' encoding='utf-8'>
  run_one(pid, a.model, cond, a.seed, a.timeout)
ResourceWarning: Enable tracemalloc to get the object allocation traceback
/home/alexander/.local/share/python/cpython-3.12.13-linux-x86_64-gnu/lib/python3.12/asyncio/selector_events.py:879: ResourceWarning: unclosed transport <_SelectorSocketTransport fd=8>
<<< C9 seed 23 done 2026-08-29 13:13:20
2026-08-29 13:14:24,187 [oasis.registry] INFO: Loaded discovered config: 5 backends
2026-08-29 13:14:24,188 [oasis.registry] INFO: Registered backend: 4C Multiphysics (fourc)
2026-08-29 13:14:24,189 [oasis.registry] INFO: Registered backend: FEniCSx (dolfinx) (fenics)
2026-08-29 13:14:24,190 [oasis.registry] INFO: Registered backend: deal.II (dealii)
2026-08-29 13:14:24,193 [oasis.registry] INFO: Registered backend: FEBio (febio)
2026-08-29 13:14:24,195 [oasis.registry] INFO: Registered backend: NGSolve (ngsolve)
2026-08-29 13:14:24,195 [oasis.ngsolve] INFO: NGSolve backend registered
2026-08-29 13:14:24,198 [oasis.registry] INFO: Registered backend: scikit-fem (skfem)
2026-08-29 13:14:24,198 [oasis.skfem] INFO: scikit-fem backend registered
2026-08-29 13:14:24,202 [oasis.registry] INFO: Registered backend: Kratos Multiphysics (kratos)
2026-08-29 13:14:24,202 [oasis.kratos] INFO: Kratos Multiphysics backend registered
2026-08-29 13:14:24,204 [oasis.registry] INFO: Registered backend: DUNE-fem (dune)
2026-08-29 13:14:24,204 [oasis.dune] INFO: DUNE-fem backend registered
2026-08-29 13:14:24,209 [oasis.registry] INFO: Registered backend: SPARTA (DSMC) (sparta)
2026-08-29 13:14:24,209 [oasis.sparta] INFO: SPARTA (DSMC) backend registered
2026-08-29 13:14:24,209 [oasis] INFO: Starting OASiS MCP server
2026-08-29 13:14:24,217 [mcp.server.lowlevel.server] INFO: Processing request of type CallToolRequest
2026-08-29 13:14:24,221 [mcp.server.lowlevel.server] INFO: Processing request of type ListToolsRequest
2026-08-29 13:17:40,250 [oasis.registry] INFO: Loaded discovered config: 5 backends
2026-08-29 13:17:40,251 [oasis.registry] INFO: Registered backend: 4C Multiphysics (fourc)
2026-08-29 13:17:40,251 [oasis.registry] INFO: Registered backend: FEniCSx (dolfinx) (fenics)
2026-08-29 13:17:40,253 [oasis.registry] INFO: Registered backend: deal.II (dealii)
2026-08-29 13:17:40,256 [oasis.registry] INFO: Registered backend: FEBio (febio)
2026-08-29 13:17:40,258 [oasis.registry] INFO: Registered backend: NGSolve (ngsolve)
2026-08-29 13:17:40,258 [oasis.ngsolve] INFO: NGSolve backend registered
2026-08-29 13:17:40,261 [oasis.registry] INFO: Registered backend: scikit-fem (skfem)
2026-08-29 13:17:40,261 [oasis.skfem] INFO: scikit-fem backend registered
2026-08-29 13:17:40,264 [oasis.registry] INFO: Registered backend: Kratos Multiphysics (kratos)
2026-08-29 13:17:40,264 [oasis.kratos] INFO: Kratos Multiphysics backend registered
2026-08-29 13:17:40,267 [oasis.registry] INFO: Registered backend: DUNE-fem (dune)
2026-08-29 13:17:40,267 [oasis.dune] INFO: DUNE-fem backend registered
2026-08-29 13:17:40,272 [oasis.registry] INFO: Registered backend: SPARTA (DSMC) (sparta)
2026-08-29 13:17:40,272 [oasis.sparta] INFO: SPARTA (DSMC) backend registered
2026-08-29 13:17:40,272 [oasis] INFO: Starting OASiS MCP server
2026-08-29 13:17:40,280 [mcp.server.lowlevel.server] INFO: Processing request of type CallToolRequest
2026-08-29 13:17:40,283 [mcp.server.lowlevel.server] INFO: Processing request of type ListToolsRequest
[preflight] custody controls verified for 1 problem(s); keys sealed and unreadable by execution
[phase: development] results are for post-mortems and convergence checking, NOT for the paper's evaluation table.
[C9 27b MCP s21] done  calls=63 tok=6429748/65560 1562.7s
/home/alexander/Schreibtisch/ofa-v2/campaign3_blind/run_blind.py:768: ResourceWarning: unclosed file <_io.TextIOWrapper name='/home/alexander/Schreibtisch/ofa-v2/campaign3_blind/runs/C9_27b_MCP_seed21/work/trajectory_live.txt' mode='a' encoding='utf-8'>
  run_one(pid, a.model, cond, a.seed, a.timeout)
ResourceWarning: Enable tracemalloc to get the object allocation traceback
/home/alexander/.local/share/python/cpython-3.12.13-linux-x86_64-gnu/lib/python3.12/asyncio/selector_events.py:879: ResourceWarning: unclosed transport <_SelectorSocketTransport fd=8>
<<< C9 seed 21 done 2026-08-29 13:20:52
>>> C9 MCP complete 2026-08-29 13:20:52
>>> C9 MCP seeds 21 22 23  start 2026-08-29 14:53:59
2026-08-29 14:54:13,926 [oasis.registry] INFO: Loaded discovered config: 5 backends
2026-08-29 14:54:13,927 [oasis.registry] INFO: Registered backend: 4C Multiphysics (fourc)
2026-08-29 14:54:13,930 [oasis.registry] INFO: Registered backend: FEniCSx (dolfinx) (fenics)
2026-08-29 14:54:13,932 [oasis.registry] INFO: Registered backend: deal.II (dealii)
2026-08-29 14:54:13,935 [oasis.registry] INFO: Registered backend: FEBio (febio)
2026-08-29 14:54:13,937 [oasis.registry] INFO: Registered backend: NGSolve (ngsolve)
2026-08-29 14:54:13,938 [oasis.ngsolve] INFO: NGSolve backend registered
2026-08-29 14:54:13,938 [oasis.registry] INFO: Loaded discovered config: 5 backends
2026-08-29 14:54:13,939 [oasis.registry] INFO: Registered backend: 4C Multiphysics (fourc)
2026-08-29 14:54:13,940 [oasis.registry] INFO: Registered backend: FEniCSx (dolfinx) (fenics)
2026-08-29 14:54:13,940 [oasis.registry] INFO: Registered backend: scikit-fem (skfem)
2026-08-29 14:54:13,940 [oasis.skfem] INFO: scikit-fem backend registered
2026-08-29 14:54:13,941 [oasis.registry] INFO: Registered backend: deal.II (dealii)
2026-08-29 14:54:13,944 [oasis.registry] INFO: Registered backend: Kratos Multiphysics (kratos)
2026-08-29 14:54:13,944 [oasis.kratos] INFO: Kratos Multiphysics backend registered
2026-08-29 14:54:13,945 [oasis.registry] INFO: Registered backend: FEBio (febio)
2026-08-29 14:54:13,946 [oasis.registry] INFO: Registered backend: DUNE-fem (dune)
2026-08-29 14:54:13,946 [oasis.dune] INFO: DUNE-fem backend registered
2026-08-29 14:54:13,948 [oasis.registry] INFO: Registered backend: NGSolve (ngsolve)
2026-08-29 14:54:13,948 [oasis.ngsolve] INFO: NGSolve backend registered
2026-08-29 14:54:13,950 [oasis.registry] INFO: Registered backend: scikit-fem (skfem)
2026-08-29 14:54:13,950 [oasis.skfem] INFO: scikit-fem backend registered
2026-08-29 14:54:13,951 [oasis.registry] INFO: Registered backend: SPARTA (DSMC) (sparta)
2026-08-29 14:54:13,951 [oasis.sparta] INFO: SPARTA (DSMC) backend registered
2026-08-29 14:54:13,951 [oasis] INFO: Starting OASiS MCP server
2026-08-29 14:54:13,954 [oasis.registry] INFO: Registered backend: Kratos Multiphysics (kratos)
2026-08-29 14:54:13,954 [oasis.kratos] INFO: Kratos Multiphysics backend registered
2026-08-29 14:54:13,957 [oasis.registry] INFO: Registered backend: DUNE-fem (dune)
2026-08-29 14:54:13,957 [oasis.dune] INFO: DUNE-fem backend registered
2026-08-29 14:54:13,959 [mcp.server.lowlevel.server] INFO: Processing request of type ListToolsRequest
2026-08-29 14:54:13,962 [oasis.registry] INFO: Registered backend: SPARTA (DSMC) (sparta)
2026-08-29 14:54:13,962 [oasis.sparta] INFO: SPARTA (DSMC) backend registered
2026-08-29 14:54:13,962 [oasis] INFO: Starting OASiS MCP server
2026-08-29 14:54:13,971 [mcp.server.lowlevel.server] INFO: Processing request of type ListToolsRequest
2026-08-29 14:54:14,145 [oasis.registry] INFO: Loaded discovered config: 5 backends
2026-08-29 14:54:14,146 [oasis.registry] INFO: Registered backend: 4C Multiphysics (fourc)
2026-08-29 14:54:14,147 [oasis.registry] INFO: Registered backend: FEniCSx (dolfinx) (fenics)
2026-08-29 14:54:14,148 [oasis.registry] INFO: Registered backend: deal.II (dealii)
2026-08-29 14:54:14,151 [oasis.registry] INFO: Registered backend: FEBio (febio)
2026-08-29 14:54:14,154 [oasis.registry] INFO: Registered backend: NGSolve (ngsolve)
2026-08-29 14:54:14,154 [oasis.ngsolve] INFO: NGSolve backend registered
2026-08-29 14:54:14,156 [oasis.registry] INFO: Registered backend: scikit-fem (skfem)
2026-08-29 14:54:14,156 [oasis.skfem] INFO: scikit-fem backend registered
2026-08-29 14:54:14,160 [oasis.registry] INFO: Registered backend: Kratos Multiphysics (kratos)
2026-08-29 14:54:14,160 [oasis.kratos] INFO: Kratos Multiphysics backend registered
2026-08-29 14:54:14,163 [oasis.registry] INFO: Registered backend: DUNE-fem (dune)
2026-08-29 14:54:14,163 [oasis.dune] INFO: DUNE-fem backend registered
2026-08-29 14:54:14,168 [oasis.registry] INFO: Registered backend: SPARTA (DSMC) (sparta)
2026-08-29 14:54:14,168 [oasis.sparta] INFO: SPARTA (DSMC) backend registered
2026-08-29 14:54:14,168 [oasis] INFO: Starting OASiS MCP server
2026-08-29 14:54:14,178 [mcp.server.lowlevel.server] INFO: Processing request of type ListToolsRequest
2026-08-29 14:54:23,503 [oasis.registry] INFO: Loaded discovered config: 5 backends
2026-08-29 14:54:23,504 [oasis.registry] INFO: Registered backend: 4C Multiphysics (fourc)
2026-08-29 14:54:23,505 [oasis.registry] INFO: Registered backend: FEniCSx (dolfinx) (fenics)
2026-08-29 14:54:23,506 [oasis.registry] INFO: Registered backend: deal.II (dealii)
2026-08-29 14:54:23,508 [oasis.registry] INFO: Loaded discovered config: 5 backends
2026-08-29 14:54:23,509 [oasis.registry] INFO: Registered backend: FEBio (febio)
2026-08-29 14:54:23,509 [oasis.registry] INFO: Registered backend: 4C Multiphysics (fourc)
2026-08-29 14:54:23,510 [oasis.registry] INFO: Loaded discovered config: 5 backends
2026-08-29 14:54:23,510 [oasis.registry] INFO: Registered backend: FEniCSx (dolfinx) (fenics)
2026-08-29 14:54:23,511 [oasis.registry] INFO: Registered backend: 4C Multiphysics (fourc)
2026-08-29 14:54:23,511 [oasis.registry] INFO: Registered backend: deal.II (dealii)
2026-08-29 14:54:23,511 [oasis.registry] INFO: Registered backend: FEniCSx (dolfinx) (fenics)
2026-08-29 14:54:23,511 [oasis.registry] INFO: Registered backend: NGSolve (ngsolve)
2026-08-29 14:54:23,511 [oasis.ngsolve] INFO: NGSolve backend registered
2026-08-29 14:54:23,512 [oasis.registry] INFO: Registered backend: deal.II (dealii)
2026-08-29 14:54:23,514 [oasis.registry] INFO: Registered backend: FEBio (febio)
2026-08-29 14:54:23,514 [oasis.registry] INFO: Registered backend: scikit-fem (skfem)
2026-08-29 14:54:23,514 [oasis.skfem] INFO: scikit-fem backend registered
2026-08-29 14:54:23,515 [oasis.registry] INFO: Registered backend: FEBio (febio)
2026-08-29 14:54:23,516 [oasis.registry] INFO: Registered backend: NGSolve (ngsolve)
2026-08-29 14:54:23,516 [oasis.ngsolve] INFO: NGSolve backend registered
2026-08-29 14:54:23,518 [oasis.registry] INFO: Registered backend: Kratos Multiphysics (kratos)
2026-08-29 14:54:23,518 [oasis.kratos] INFO: Kratos Multiphysics backend registered
2026-08-29 14:54:23,518 [oasis.registry] INFO: Registered backend: NGSolve (ngsolve)
2026-08-29 14:54:23,518 [oasis.ngsolve] INFO: NGSolve backend registered
2026-08-29 14:54:23,519 [oasis.registry] INFO: Registered backend: scikit-fem (skfem)
2026-08-29 14:54:23,519 [oasis.skfem] INFO: scikit-fem backend registered
2026-08-29 14:54:23,520 [oasis.registry] INFO: Registered backend: DUNE-fem (dune)
2026-08-29 14:54:23,520 [oasis.dune] INFO: DUNE-fem backend registered
2026-08-29 14:54:23,520 [oasis.registry] INFO: Registered backend: scikit-fem (skfem)
2026-08-29 14:54:23,520 [oasis.skfem] INFO: scikit-fem backend registered
2026-08-29 14:54:23,523 [oasis.registry] INFO: Registered backend: Kratos Multiphysics (kratos)
2026-08-29 14:54:23,523 [oasis.kratos] INFO: Kratos Multiphysics backend registered
2026-08-29 14:54:23,524 [oasis.registry] INFO: Registered backend: Kratos Multiphysics (kratos)
2026-08-29 14:54:23,524 [oasis.kratos] INFO: Kratos Multiphysics backend registered
2026-08-29 14:54:23,525 [oasis.registry] INFO: Registered backend: SPARTA (DSMC) (sparta)
2026-08-29 14:54:23,525 [oasis.registry] INFO: Registered backend: DUNE-fem (dune)
2026-08-29 14:54:23,525 [oasis.sparta] INFO: SPARTA (DSMC) backend registered
2026-08-29 14:54:23,525 [oasis.dune] INFO: DUNE-fem backend registered
2026-08-29 14:54:23,525 [oasis] INFO: Starting OASiS MCP server
2026-08-29 14:54:23,526 [oasis.registry] INFO: Registered backend: DUNE-fem (dune)
2026-08-29 14:54:23,526 [oasis.dune] INFO: DUNE-fem backend registered
2026-08-29 14:54:23,530 [oasis.registry] INFO: Registered backend: SPARTA (DSMC) (sparta)
2026-08-29 14:54:23,530 [oasis.sparta] INFO: SPARTA (DSMC) backend registered
2026-08-29 14:54:23,530 [oasis] INFO: Starting OASiS MCP server
2026-08-29 14:54:23,531 [oasis.registry] INFO: Registered backend: SPARTA (DSMC) (sparta)
2026-08-29 14:54:23,531 [oasis.sparta] INFO: SPARTA (DSMC) backend registered
2026-08-29 14:54:23,531 [oasis] INFO: Starting OASiS MCP server
2026-08-29 14:54:23,533 [mcp.server.lowlevel.server] INFO: Processing request of type CallToolRequest
2026-08-29 14:54:23,539 [mcp.server.lowlevel.server] INFO: Processing request of type ListToolsRequest
2026-08-29 14:54:23,539 [mcp.server.lowlevel.server] INFO: Processing request of type CallToolRequest
2026-08-29 14:54:23,539 [mcp.server.lowlevel.server] INFO: Processing request of type CallToolRequest
2026-08-29 14:54:23,544 [mcp.server.lowlevel.server] INFO: Processing request of type ListToolsRequest
2026-08-29 14:54:23,545 [oasis] INFO: Session journal saved: /home/alexander/Schreibtisch/ofa-v2/data/sessions/session_493d5c89-43a8-4a25-ad64-87c63fe03393.json (1 events)
2026-08-29 14:54:23,550 [oasis] INFO: Session journal saved: /home/alexander/Schreibtisch/ofa-v2/data/sessions/session_9ede0d21-2fcf-4542-a8f7-70828142e13e.json (1 events)
2026-08-29 14:54:23,555 [mcp.server.lowlevel.server] INFO: Processing request of type ListToolsRequest
2026-08-29 14:54:23,560 [oasis] INFO: Session journal saved: /home/alexander/Schreibtisch/ofa-v2/data/sessions/session_0f4fca74-6797-4a2c-a5bb-a588b19a24a8.json (1 events)
2026-08-29 14:54:28,784 [oasis.registry] INFO: Loaded discovered config: 5 backends
2026-08-29 14:54:28,785 [oasis.registry] INFO: Registered backend: 4C Multiphysics (fourc)
2026-08-29 14:54:28,785 [oasis.registry] INFO: Registered backend: FEniCSx (dolfinx) (fenics)
2026-08-29 14:54:28,786 [oasis.registry] INFO: Loaded discovered config: 5 backends
2026-08-29 14:54:28,786 [oasis.registry] INFO: Loaded discovered config: 5 backends
2026-08-29 14:54:28,787 [oasis.registry] INFO: Registered backend: deal.II (dealii)
2026-08-29 14:54:28,787 [oasis.registry] INFO: Registered backend: 4C Multiphysics (fourc)
2026-08-29 14:54:28,787 [oasis.registry] INFO: Registered backend: 4C Multiphysics (fourc)
2026-08-29 14:54:28,787 [oasis.registry] INFO: Registered backend: FEniCSx (dolfinx) (fenics)
2026-08-29 14:54:28,787 [oasis.registry] INFO: Registered backend: FEniCSx (dolfinx) (fenics)
2026-08-29 14:54:28,789 [oasis.registry] INFO: Registered backend: deal.II (dealii)
2026-08-29 14:54:28,789 [oasis.registry] INFO: Registered backend: deal.II (dealii)
2026-08-29 14:54:28,790 [oasis.registry] INFO: Registered backend: FEBio (febio)
2026-08-29 14:54:28,792 [oasis.registry] INFO: Registered backend: FEBio (febio)
2026-08-29 14:54:28,792 [oasis.registry] INFO: Registered backend: FEBio (febio)
2026-08-29 14:54:28,792 [oasis.registry] INFO: Registered backend: NGSolve (ngsolve)
2026-08-29 14:54:28,792 [oasis.ngsolve] INFO: NGSolve backend registered
2026-08-29 14:54:28,794 [oasis.registry] INFO: Registered backend: NGSolve (ngsolve)
2026-08-29 14:54:28,794 [oasis.registry] INFO: Registered backend: NGSolve (ngsolve)
2026-08-29 14:54:28,794 [oasis.ngsolve] INFO: NGSolve backend registered
2026-08-29 14:54:28,794 [oasis.ngsolve] INFO: NGSolve backend registered
2026-08-29 14:54:28,795 [oasis.registry] INFO: Registered backend: scikit-fem (skfem)
2026-08-29 14:54:28,795 [oasis.skfem] INFO: scikit-fem backend registered
2026-08-29 14:54:28,797 [oasis.registry] INFO: Registered backend: scikit-fem (skfem)
2026-08-29 14:54:28,797 [oasis.registry] INFO: Registered backend: scikit-fem (skfem)
2026-08-29 14:54:28,797 [oasis.skfem] INFO: scikit-fem backend registered
2026-08-29 14:54:28,797 [oasis.skfem] INFO: scikit-fem backend registered
2026-08-29 14:54:28,798 [oasis.registry] INFO: Registered backend: Kratos Multiphysics (kratos)
2026-08-29 14:54:28,798 [oasis.kratos] INFO: Kratos Multiphysics backend registered
2026-08-29 14:54:28,801 [oasis.registry] INFO: Registered backend: DUNE-fem (dune)
2026-08-29 14:54:28,801 [oasis.dune] INFO: DUNE-fem backend registered
2026-08-29 14:54:28,801 [oasis.registry] INFO: Registered backend: Kratos Multiphysics (kratos)
2026-08-29 14:54:28,801 [oasis.registry] INFO: Registered backend: Kratos Multiphysics (kratos)
2026-08-29 14:54:28,801 [oasis.kratos] INFO: Kratos Multiphysics backend registered
2026-08-29 14:54:28,801 [oasis.kratos] INFO: Kratos Multiphysics backend registered
2026-08-29 14:54:28,803 [oasis.registry] INFO: Registered backend: DUNE-fem (dune)
2026-08-29 14:54:28,803 [oasis.registry] INFO: Registered backend: DUNE-fem (dune)
2026-08-29 14:54:28,803 [oasis.dune] INFO: DUNE-fem backend registered
2026-08-29 14:54:28,803 [oasis.dune] INFO: DUNE-fem backend registered
2026-08-29 14:54:28,806 [oasis.registry] INFO: Registered backend: SPARTA (DSMC) (sparta)
2026-08-29 14:54:28,806 [oasis.sparta] INFO: SPARTA (DSMC) backend registered
2026-08-29 14:54:28,806 [oasis] INFO: Starting OASiS MCP server
2026-08-29 14:54:28,808 [oasis.registry] INFO: Registered backend: SPARTA (DSMC) (sparta)
2026-08-29 14:54:28,808 [oasis.sparta] INFO: SPARTA (DSMC) backend registered
2026-08-29 14:54:28,808 [oasis] INFO: Starting OASiS MCP server
2026-08-29 14:54:28,809 [oasis.registry] INFO: Registered backend: SPARTA (DSMC) (sparta)
2026-08-29 14:54:28,809 [oasis.sparta] INFO: SPARTA (DSMC) backend registered
2026-08-29 14:54:28,809 [oasis] INFO: Starting OASiS MCP server
2026-08-29 14:54:28,813 [mcp.server.lowlevel.server] INFO: Processing request of type CallToolRequest
2026-08-29 14:54:28,816 [mcp.server.lowlevel.server] INFO: Processing request of type CallToolRequest
2026-08-29 14:54:28,817 [mcp.server.lowlevel.server] INFO: Processing request of type CallToolRequest
2026-08-29 14:54:28,818 [mcp.server.lowlevel.server] INFO: Processing request of type ListToolsRequest
2026-08-29 14:54:28,823 [mcp.server.lowlevel.server] INFO: Processing request of type ListToolsRequest
2026-08-29 14:54:28,825 [oasis] INFO: Session journal saved: /home/alexander/Schreibtisch/ofa-v2/data/sessions/session_814ba20b-9016-4cd0-aa00-77a98ec5988c.json (1 events)
2026-08-29 14:54:28,828 [oasis] INFO: Session journal saved: /home/alexander/Schreibtisch/ofa-v2/data/sessions/session_7df9301f-254e-4bc6-add3-4601f9a8c8f0.json (1 events)
2026-08-29 14:54:28,833 [mcp.server.lowlevel.server] INFO: Processing request of type ListToolsRequest
2026-08-29 14:54:28,840 [oasis] INFO: Session journal saved: /home/alexander/Schreibtisch/ofa-v2/data/sessions/session_834684e4-a552-4d2b-9157-7be2f1ceb407.json (1 events)
2026-08-29 14:54:29,828 [oasis.registry] INFO: Loaded discovered config: 5 backends
2026-08-29 14:54:29,829 [oasis.registry] INFO: Registered backend: 4C Multiphysics (fourc)
2026-08-29 14:54:29,830 [oasis.registry] INFO: Registered backend: FEniCSx (dolfinx) (fenics)
2026-08-29 14:54:29,831 [oasis.registry] INFO: Registered backend: deal.II (dealii)
2026-08-29 14:54:29,834 [oasis.registry] INFO: Registered backend: FEBio (febio)
2026-08-29 14:54:29,835 [oasis.registry] INFO: Loaded discovered config: 5 backends
2026-08-29 14:54:29,836 [oasis.registry] INFO: Registered backend: 4C Multiphysics (fourc)
2026-08-29 14:54:29,837 [oasis.registry] INFO: Registered backend: NGSolve (ngsolve)
2026-08-29 14:54:29,837 [oasis.registry] INFO: Registered backend: FEniCSx (dolfinx) (fenics)
2026-08-29 14:54:29,837 [oasis.ngsolve] INFO: NGSolve backend registered
2026-08-29 14:54:29,838 [oasis.registry] INFO: Registered backend: deal.II (dealii)
2026-08-29 14:54:29,839 [oasis.registry] INFO: Registered backend: scikit-fem (skfem)
2026-08-29 14:54:29,839 [oasis.skfem] INFO: scikit-fem backend registered
2026-08-29 14:54:29,841 [oasis.registry] INFO: Registered backend: FEBio (febio)
2026-08-29 14:54:29,843 [oasis.registry] INFO: Registered backend: Kratos Multiphysics (kratos)
2026-08-29 14:54:29,843 [oasis.kratos] INFO: Kratos Multiphysics backend registered
2026-08-29 14:54:29,843 [oasis.registry] INFO: Registered backend: NGSolve (ngsolve)
2026-08-29 14:54:29,843 [oasis.ngsolve] INFO: NGSolve backend registered
2026-08-29 14:54:29,845 [oasis.registry] INFO: Registered backend: DUNE-fem (dune)
2026-08-29 14:54:29,845 [oasis.dune] INFO: DUNE-fem backend registered
2026-08-29 14:54:29,846 [oasis.registry] INFO: Registered backend: scikit-fem (skfem)
2026-08-29 14:54:29,846 [oasis.skfem] INFO: scikit-fem backend registered
2026-08-29 14:54:29,850 [oasis.registry] INFO: Registered backend: Kratos Multiphysics (kratos)
2026-08-29 14:54:29,850 [oasis.kratos] INFO: Kratos Multiphysics backend registered
2026-08-29 14:54:29,850 [oasis.registry] INFO: Registered backend: SPARTA (DSMC) (sparta)
2026-08-29 14:54:29,850 [oasis.sparta] INFO: SPARTA (DSMC) backend registered
2026-08-29 14:54:29,850 [oasis] INFO: Starting OASiS MCP server
2026-08-29 14:54:29,852 [oasis.registry] INFO: Registered backend: DUNE-fem (dune)
2026-08-29 14:54:29,852 [oasis.dune] INFO: DUNE-fem backend registered
2026-08-29 14:54:29,857 [oasis.registry] INFO: Registered backend: SPARTA (DSMC) (sparta)
2026-08-29 14:54:29,857 [oasis.sparta] INFO: SPARTA (DSMC) backend registered
2026-08-29 14:54:29,857 [oasis] INFO: Starting OASiS MCP server
2026-08-29 14:54:29,858 [mcp.server.lowlevel.server] INFO: Processing request of type CallToolRequest
2026-08-29 14:54:29,865 [mcp.server.lowlevel.server] INFO: Processing request of type CallToolRequest
2026-08-29 14:54:29,873 [mcp.server.lowlevel.server] INFO: Processing request of type ListToolsRequest
2026-08-29 14:54:29,880 [oasis] INFO: Session journal saved: /home/alexander/Schreibtisch/ofa-v2/data/sessions/session_1fb4a8d1-da51-4e47-a278-40cbdbddab07.json (1 events)
2026-08-29 14:54:29,884 [mcp.server.lowlevel.server] INFO: Processing request of type ListToolsRequest
2026-08-29 14:54:29,891 [oasis] INFO: Session journal saved: /home/alexander/Schreibtisch/ofa-v2/data/sessions/session_23a193b1-3fe4-4953-b6f8-e3b8facfbb68.json (1 events)
2026-08-29 14:54:35,536 [oasis.registry] INFO: Loaded discovered config: 5 backends
2026-08-29 14:54:35,537 [oasis.registry] INFO: Registered backend: 4C Multiphysics (fourc)
2026-08-29 14:54:35,537 [oasis.registry] INFO: Registered backend: FEniCSx (dolfinx) (fenics)
2026-08-29 14:54:35,538 [oasis.registry] INFO: Loaded discovered config: 5 backends
2026-08-29 14:54:35,539 [oasis.registry] INFO: Registered backend: deal.II (dealii)
2026-08-29 14:54:35,539 [oasis.registry] INFO: Registered backend: 4C Multiphysics (fourc)
2026-08-29 14:54:35,540 [oasis.registry] INFO: Registered backend: FEniCSx (dolfinx) (fenics)
2026-08-29 14:54:35,541 [oasis.registry] INFO: Registered backend: deal.II (dealii)
2026-08-29 14:54:35,542 [oasis.registry] INFO: Registered backend: FEBio (febio)
2026-08-29 14:54:35,544 [oasis.registry] INFO: Registered backend: FEBio (febio)
2026-08-29 14:54:35,544 [oasis.registry] INFO: Registered backend: NGSolve (ngsolve)
2026-08-29 14:54:35,545 [oasis.ngsolve] INFO: NGSolve backend registered
2026-08-29 14:54:35,546 [oasis.registry] INFO: Registered backend: NGSolve (ngsolve)
2026-08-29 14:54:35,546 [oasis.ngsolve] INFO: NGSolve backend registered
2026-08-29 14:54:35,547 [oasis.registry] INFO: Registered backend: scikit-fem (skfem)
2026-08-29 14:54:35,547 [oasis.skfem] INFO: scikit-fem backend registered
2026-08-29 14:54:35,547 [oasis.registry] INFO: Loaded discovered config: 5 backends
2026-08-29 14:54:35,548 [oasis.registry] INFO: Registered backend: 4C Multiphysics (fourc)
2026-08-29 14:54:35,549 [oasis.registry] INFO: Registered backend: FEniCSx (dolfinx) (fenics)
2026-08-29 14:54:35,549 [oasis.registry] INFO: Registered backend: scikit-fem (skfem)
2026-08-29 14:54:35,549 [oasis.registry] INFO: Loaded discovered config: 5 backends
2026-08-29 14:54:35,549 [oasis.skfem] INFO: scikit-fem backend registered
2026-08-29 14:54:35,550 [oasis.registry] INFO: Registered backend: 4C Multiphysics (fourc)
2026-08-29 14:54:35,550 [oasis.registry] INFO: Registered backend: deal.II (dealii)
2026-08-29 14:54:35,550 [oasis.registry] INFO: Registered backend: FEniCSx (dolfinx) (fenics)
2026-08-29 14:54:35,551 [oasis.registry] INFO: Registered backend: Kratos Multiphysics (kratos)
2026-08-29 14:54:35,551 [oasis.kratos] INFO: Kratos Multiphysics backend registered
2026-08-29 14:54:35,552 [oasis.registry] INFO: Registered backend: deal.II (dealii)
2026-08-29 14:54:35,552 [oasis.registry] INFO: Registered backend: Kratos Multiphysics (kratos)
2026-08-29 14:54:35,552 [oasis.kratos] INFO: Kratos Multiphysics backend registered
2026-08-29 14:54:35,553 [oasis.registry] INFO: Registered backend: FEBio (febio)
2026-08-29 14:54:35,553 [oasis.registry] INFO: Registered backend: DUNE-fem (dune)
2026-08-29 14:54:35,554 [oasis.dune] INFO: DUNE-fem backend registered
2026-08-29 14:54:35,555 [oasis.registry] INFO: Registered backend: FEBio (febio)
2026-08-29 14:54:35,555 [oasis.registry] INFO: Registered backend: DUNE-fem (dune)
2026-08-29 14:54:35,555 [oasis.dune] INFO: DUNE-fem backend registered
2026-08-29 14:54:35,555 [oasis.registry] INFO: Registered backend: NGSolve (ngsolve)
2026-08-29 14:54:35,556 [oasis.ngsolve] INFO: NGSolve backend registered
2026-08-29 14:54:35,557 [oasis.registry] INFO: Registered backend: NGSolve (ngsolve)
2026-08-29 14:54:35,557 [oasis.ngsolve] INFO: NGSolve backend registered
2026-08-29 14:54:35,558 [oasis.registry] INFO: Registered backend: scikit-fem (skfem)
2026-08-29 14:54:35,558 [oasis.skfem] INFO: scikit-fem backend registered
2026-08-29 14:54:35,559 [oasis.registry] INFO: Registered backend: SPARTA (DSMC) (sparta)
2026-08-29 14:54:35,559 [oasis.sparta] INFO: SPARTA (DSMC) backend registered
2026-08-29 14:54:35,559 [oasis] INFO: Starting OASiS MCP server
2026-08-29 14:54:35,560 [oasis.registry] INFO: Registered backend: SPARTA (DSMC) (sparta)
2026-08-29 14:54:35,560 [oasis.sparta] INFO: SPARTA (DSMC) backend registered
2026-08-29 14:54:35,560 [oasis] INFO: Starting OASiS MCP server
2026-08-29 14:54:35,560 [oasis.registry] INFO: Registered backend: scikit-fem (skfem)
2026-08-29 14:54:35,560 [oasis.skfem] INFO: scikit-fem backend registered
2026-08-29 14:54:35,562 [oasis.registry] INFO: Registered backend: Kratos Multiphysics (kratos)
2026-08-29 14:54:35,562 [oasis.kratos] INFO: Kratos Multiphysics backend registered
2026-08-29 14:54:35,564 [oasis.registry] INFO: Registered backend: Kratos Multiphysics (kratos)
2026-08-29 14:54:35,564 [oasis.kratos] INFO: Kratos Multiphysics backend registered
2026-08-29 14:54:35,564 [oasis.registry] INFO: Registered backend: DUNE-fem (dune)
2026-08-29 14:54:35,564 [oasis.dune] INFO: DUNE-fem backend registered
2026-08-29 14:54:35,566 [oasis.registry] INFO: Registered backend: DUNE-fem (dune)
2026-08-29 14:54:35,566 [oasis.dune] INFO: DUNE-fem backend registered
2026-08-29 14:54:35,566 [mcp.server.lowlevel.server] INFO: Processing request of type CallToolRequest
2026-08-29 14:54:35,567 [mcp.server.lowlevel.server] INFO: Processing request of type CallToolRequest
2026-08-29 14:54:35,569 [oasis.registry] INFO: Registered backend: SPARTA (DSMC) (sparta)
2026-08-29 14:54:35,569 [oasis.sparta] INFO: SPARTA (DSMC) backend registered
2026-08-29 14:54:35,569 [oasis] INFO: Starting OASiS MCP server
2026-08-29 14:54:35,571 [oasis.registry] INFO: Registered backend: SPARTA (DSMC) (sparta)
2026-08-29 14:54:35,571 [oasis.sparta] INFO: SPARTA (DSMC) backend registered
2026-08-29 14:54:35,571 [oasis] INFO: Starting OASiS MCP server
2026-08-29 14:54:35,578 [mcp.server.lowlevel.server] INFO: Processing request of type CallToolRequest
2026-08-29 14:54:35,579 [mcp.server.lowlevel.server] INFO: Processing request of type CallToolRequest
2026-08-29 14:54:35,593 [mcp.server.lowlevel.server] INFO: Processing request of type ListToolsRequest
2026-08-29 14:54:35,599 [mcp.server.lowlevel.server] INFO: Processing request of type ListToolsRequest
2026-08-29 14:54:35,602 [oasis] INFO: Session journal saved: /home/alexander/Schreibtisch/ofa-v2/data/sessions/session_829b3047-49d2-4376-8b25-c8e82630e5f2.json (1 events)
2026-08-29 14:54:35,605 [oasis] INFO: Session journal saved: /home/alexander/Schreibtisch/ofa-v2/data/sessions/session_5b92efd9-7d5c-4877-9338-512d0d7ed89a.json (1 events)
2026-08-29 14:54:38,997 [mcp.server.lowlevel.server] INFO: Processing request of type ListToolsRequest
2026-08-29 14:54:39,005 [oasis] INFO: Session journal saved: /home/alexander/Schreibtisch/ofa-v2/data/sessions/session_1e696c1c-0b2f-4e98-8ca8-e8f5e800ded7.json (1 events)
2026-08-29 14:54:39,052 [mcp.server.lowlevel.server] INFO: Processing request of type ListToolsRequest
2026-08-29 14:54:39,059 [oasis] INFO: Session journal saved: /home/alexander/Schreibtisch/ofa-v2/data/sessions/session_57e21e2b-883c-4d84-b727-365f52f88699.json (1 events)
/home/alexander/Schreibtisch/ofa-v2/langgraph_eval/agent.py:300: RuntimeWarning: This package (`duckduckgo_search`) has been renamed to `ddgs`! Use `pip install ddgs` instead.
  with DDGS() as ddgs:
/home/alexander/Schreibtisch/ofa-v2/langgraph_eval/agent.py:300: RuntimeWarning: This package (`duckduckgo_search`) has been renamed to `ddgs`! Use `pip install ddgs` instead.
  with DDGS() as ddgs:
2026-08-29 14:54:51,471 [oasis.registry] INFO: Loaded discovered config: 5 backends
2026-08-29 14:54:51,472 [oasis.registry] INFO: Registered backend: 4C Multiphysics (fourc)
2026-08-29 14:54:51,472 [oasis.registry] INFO: Registered backend: FEniCSx (dolfinx) (fenics)
2026-08-29 14:54:51,473 [oasis.registry] INFO: Registered backend: deal.II (dealii)
2026-08-29 14:54:51,476 [oasis.registry] INFO: Registered backend: FEBio (febio)
2026-08-29 14:54:51,479 [oasis.registry] INFO: Registered backend: NGSolve (ngsolve)
2026-08-29 14:54:51,479 [oasis.ngsolve] INFO: NGSolve backend registered
2026-08-29 14:54:51,481 [oasis.registry] INFO: Registered backend: scikit-fem (skfem)
2026-08-29 14:54:51,481 [oasis.skfem] INFO: scikit-fem backend registered
2026-08-29 14:54:51,485 [oasis.registry] INFO: Registered backend: Kratos Multiphysics (kratos)
2026-08-29 14:54:51,485 [oasis.kratos] INFO: Kratos Multiphysics backend registered
2026-08-29 14:54:51,487 [oasis.registry] INFO: Registered backend: DUNE-fem (dune)
2026-08-29 14:54:51,487 [oasis.dune] INFO: DUNE-fem backend registered
2026-08-29 14:54:51,492 [oasis.registry] INFO: Registered backend: SPARTA (DSMC) (sparta)
2026-08-29 14:54:51,492 [oasis.sparta] INFO: SPARTA (DSMC) backend registered
2026-08-29 14:54:51,492 [oasis] INFO: Starting OASiS MCP server
2026-08-29 14:54:51,501 [mcp.server.lowlevel.server] INFO: Processing request of type CallToolRequest
2026-08-29 14:54:51,517 [mcp.server.lowlevel.server] INFO: Processing request of type ListToolsRequest
2026-08-29 14:54:51,524 [oasis] INFO: Session journal saved: /home/alexander/Schreibtisch/ofa-v2/data/sessions/session_de526b1c-a1b6-48d0-b621-5485e9e6b58d.json (1 events)
/home/alexander/Schreibtisch/ofa-v2/langgraph_eval/agent.py:300: RuntimeWarning: This package (`duckduckgo_search`) has been renamed to `ddgs`! Use `pip install ddgs` instead.
  with DDGS() as ddgs:
/home/alexander/Schreibtisch/ofa-v2/langgraph_eval/agent.py:300: RuntimeWarning: This package (`duckduckgo_search`) has been renamed to `ddgs`! Use `pip install ddgs` instead.
  with DDGS() as ddgs:
2026-08-29 14:55:11,702 [oasis.registry] INFO: Loaded discovered config: 5 backends
2026-08-29 14:55:11,703 [oasis.registry] INFO: Registered backend: 4C Multiphysics (fourc)
2026-08-29 14:55:11,704 [oasis.registry] INFO: Registered backend: FEniCSx (dolfinx) (fenics)
2026-08-29 14:55:11,704 [oasis.registry] INFO: Loaded discovered config: 5 backends
2026-08-29 14:55:11,705 [oasis.registry] INFO: Registered backend: deal.II (dealii)
2026-08-29 14:55:11,705 [oasis.registry] INFO: Registered backend: 4C Multiphysics (fourc)
2026-08-29 14:55:11,706 [oasis.registry] INFO: Registered backend: FEniCSx (dolfinx) (fenics)
2026-08-29 14:55:11,707 [oasis.registry] INFO: Registered backend: deal.II (dealii)
2026-08-29 14:55:11,708 [oasis.registry] INFO: Registered backend: FEBio (febio)
2026-08-29 14:55:11,710 [oasis.registry] INFO: Registered backend: FEBio (febio)
2026-08-29 14:55:11,710 [oasis.registry] INFO: Registered backend: NGSolve (ngsolve)
2026-08-29 14:55:11,711 [oasis.ngsolve] INFO: NGSolve backend registered
2026-08-29 14:55:11,712 [oasis.registry] INFO: Registered backend: NGSolve (ngsolve)
2026-08-29 14:55:11,712 [oasis.ngsolve] INFO: NGSolve backend registered
2026-08-29 14:55:11,713 [oasis.registry] INFO: Registered backend: scikit-fem (skfem)
2026-08-29 14:55:11,713 [oasis.skfem] INFO: scikit-fem backend registered
2026-08-29 14:55:11,715 [oasis.registry] INFO: Registered backend: scikit-fem (skfem)
2026-08-29 14:55:11,715 [oasis.skfem] INFO: scikit-fem backend registered
2026-08-29 14:55:11,717 [oasis.registry] INFO: Registered backend: Kratos Multiphysics (kratos)
2026-08-29 14:55:11,717 [oasis.kratos] INFO: Kratos Multiphysics backend registered
2026-08-29 14:55:11,719 [oasis.registry] INFO: Registered backend: Kratos Multiphysics (kratos)
2026-08-29 14:55:11,719 [oasis.kratos] INFO: Kratos Multiphysics backend registered
2026-08-29 14:55:11,719 [oasis.registry] INFO: Registered backend: DUNE-fem (dune)
2026-08-29 14:55:11,719 [oasis.dune] INFO: DUNE-fem backend registered
2026-08-29 14:55:11,721 [oasis.registry] INFO: Registered backend: DUNE-fem (dune)
2026-08-29 14:55:11,721 [oasis.dune] INFO: DUNE-fem backend registered
2026-08-29 14:55:11,724 [oasis.registry] INFO: Registered backend: SPARTA (DSMC) (sparta)
2026-08-29 14:55:11,724 [oasis.sparta] INFO: SPARTA (DSMC) backend registered
2026-08-29 14:55:11,724 [oasis] INFO: Starting OASiS MCP server
2026-08-29 14:55:11,726 [oasis.registry] INFO: Registered backend: SPARTA (DSMC) (sparta)
2026-08-29 14:55:11,726 [oasis.sparta] INFO: SPARTA (DSMC) backend registered
2026-08-29 14:55:11,727 [oasis] INFO: Starting OASiS MCP server
2026-08-29 14:55:11,732 [mcp.server.lowlevel.server] INFO: Processing request of type CallToolRequest
2026-08-29 14:55:11,734 [mcp.server.lowlevel.server] INFO: Processing request of type CallToolRequest
2026-08-29 14:55:11,739 [mcp.server.lowlevel.server] INFO: Processing request of type ListToolsRequest
2026-08-29 14:55:11,744 [oasis] INFO: Session journal saved: /home/alexander/Schreibtisch/ofa-v2/data/sessions/session_c93ca178-cd89-4d98-af4d-484b1f35442f.json (1 events)
2026-08-29 14:55:11,747 [mcp.server.lowlevel.server] INFO: Processing request of type ListToolsRequest
2026-08-29 14:55:11,753 [oasis] INFO: Session journal saved: /home/alexander/Schreibtisch/ofa-v2/data/sessions/session_cc7fe2d5-418c-49a3-b270-a284b6ff28f3.json (1 events)
/home/alexander/Schreibtisch/ofa-v2/langgraph_eval/agent.py:300: RuntimeWarning: This package (`duckduckgo_search`) has been renamed to `ddgs`! Use `pip install ddgs` instead.
  with DDGS() as ddgs:
/home/alexander/Schreibtisch/ofa-v2/langgraph_eval/agent.py:300: RuntimeWarning: This package (`duckduckgo_search`) has been renamed to `ddgs`! Use `pip install ddgs` instead.
  with DDGS() as ddgs:
/home/alexander/Schreibtisch/ofa-v2/langgraph_eval/agent.py:300: RuntimeWarning: This package (`duckduckgo_search`) has been renamed to `ddgs`! Use `pip install ddgs` instead.
  with DDGS() as ddgs:
/home/alexander/Schreibtisch/ofa-v2/langgraph_eval/agent.py:300: RuntimeWarning: This package (`duckduckgo_search`) has been renamed to `ddgs`! Use `pip install ddgs` instead.
  with DDGS() as ddgs:
2026-08-29 14:55:17,209 [oasis.registry] INFO: Loaded discovered config: 5 backends
2026-08-29 14:55:17,209 [oasis.registry] INFO: Loaded discovered config: 5 backends
2026-08-29 14:55:17,210 [oasis.registry] INFO: Registered backend: 4C Multiphysics (fourc)
2026-08-29 14:55:17,210 [oasis.registry] INFO: Registered backend: 4C Multiphysics (fourc)
2026-08-29 14:55:17,211 [oasis.registry] INFO: Registered backend: FEniCSx (dolfinx) (fenics)
2026-08-29 14:55:17,211 [oasis.registry] INFO: Registered backend: FEniCSx (dolfinx) (fenics)
2026-08-29 14:55:17,212 [oasis.registry] INFO: Registered backend: deal.II (dealii)
2026-08-29 14:55:17,212 [oasis.registry] INFO: Registered backend: deal.II (dealii)
2026-08-29 14:55:17,215 [oasis.registry] INFO: Registered backend: FEBio (febio)
2026-08-29 14:55:17,215 [oasis.registry] INFO: Registered backend: FEBio (febio)
2026-08-29 14:55:17,217 [oasis.registry] INFO: Registered backend: NGSolve (ngsolve)
2026-08-29 14:55:17,217 [oasis.ngsolve] INFO: NGSolve backend registered
2026-08-29 14:55:17,218 [oasis.registry] INFO: Registered backend: NGSolve (ngsolve)
2026-08-29 14:55:17,218 [oasis.ngsolve] INFO: NGSolve backend registered
2026-08-29 14:55:17,220 [oasis.registry] INFO: Registered backend: scikit-fem (skfem)
2026-08-29 14:55:17,220 [oasis.skfem] INFO: scikit-fem backend registered
2026-08-29 14:55:17,220 [oasis.registry] INFO: Registered backend: scikit-fem (skfem)
2026-08-29 14:55:17,220 [oasis.skfem] INFO: scikit-fem backend registered
2026-08-29 14:55:17,224 [oasis.registry] INFO: Registered backend: Kratos Multiphysics (kratos)
2026-08-29 14:55:17,224 [oasis.kratos] INFO: Kratos Multiphysics backend registered
2026-08-29 14:55:17,224 [oasis.registry] INFO: Registered backend: Kratos Multiphysics (kratos)
2026-08-29 14:55:17,224 [oasis.kratos] INFO: Kratos Multiphysics backend registered
2026-08-29 14:55:17,226 [oasis.registry] INFO: Registered backend: DUNE-fem (dune)
2026-08-29 14:55:17,226 [oasis.dune] INFO: DUNE-fem backend registered
2026-08-29 14:55:17,226 [oasis.registry] INFO: Registered backend: DUNE-fem (dune)
2026-08-29 14:55:17,226 [oasis.dune] INFO: DUNE-fem backend registered
2026-08-29 14:55:17,231 [oasis.registry] INFO: Registered backend: SPARTA (DSMC) (sparta)
2026-08-29 14:55:17,231 [oasis.sparta] INFO: SPARTA (DSMC) backend registered
2026-08-29 14:55:17,231 [oasis] INFO: Starting OASiS MCP server
2026-08-29 14:55:17,231 [oasis.registry] INFO: Registered backend: SPARTA (DSMC) (sparta)
2026-08-29 14:55:17,231 [oasis.sparta] INFO: SPARTA (DSMC) backend registered
2026-08-29 14:55:17,231 [oasis] INFO: Starting OASiS MCP server
2026-08-29 14:55:17,239 [mcp.server.lowlevel.server] INFO: Processing request of type CallToolRequest
2026-08-29 14:55:17,239 [mcp.server.lowlevel.server] INFO: Processing request of type CallToolRequest
2026-08-29 14:55:17,255 [mcp.server.lowlevel.server] INFO: Processing request of type ListToolsRequest
2026-08-29 14:55:17,260 [oasis] INFO: Session journal saved: /home/alexander/Schreibtisch/ofa-v2/data/sessions/session_e098159d-e58e-4f7d-926c-1102eee8d289.json (1 events)
/home/alexander/Schreibtisch/ofa-v2/langgraph_eval/agent.py:300: RuntimeWarning: This package (`duckduckgo_search`) has been renamed to `ddgs`! Use `pip install ddgs` instead.
  with DDGS() as ddgs:
/home/alexander/Schreibtisch/ofa-v2/langgraph_eval/agent.py:300: RuntimeWarning: This package (`duckduckgo_search`) has been renamed to `ddgs`! Use `pip install ddgs` instead.
  with DDGS() as ddgs:
/home/alexander/Schreibtisch/ofa-v2/langgraph_eval/agent.py:300: RuntimeWarning: This package (`duckduckgo_search`) has been renamed to `ddgs`! Use `pip install ddgs` instead.
  with DDGS() as ddgs:
/home/alexander/Schreibtisch/ofa-v2/langgraph_eval/agent.py:300: RuntimeWarning: This package (`duckduckgo_search`) has been renamed to `ddgs`! Use `pip install ddgs` instead.
  with DDGS() as ddgs:
/home/alexander/Schreibtisch/ofa-v2/langgraph_eval/agent.py:300: RuntimeWarning: This package (`duckduckgo_search`) has been renamed to `ddgs`! Use `pip install ddgs` instead.
  with DDGS() as ddgs:
/home/alexander/Schreibtisch/ofa-v2/langgraph_eval/agent.py:300: RuntimeWarning: This package (`duckduckgo_search`) has been renamed to `ddgs`! Use `pip install ddgs` instead.
  with DDGS() as ddgs:
/home/alexander/Schreibtisch/ofa-v2/langgraph_eval/agent.py:300: RuntimeWarning: This package (`duckduckgo_search`) has been renamed to `ddgs`! Use `pip install ddgs` instead.
  with DDGS() as ddgs:
/home/alexander/Schreibtisch/ofa-v2/langgraph_eval/agent.py:300: RuntimeWarning: This package (`duckduckgo_search`) has been renamed to `ddgs`! Use `pip install ddgs` instead.
  with DDGS() as ddgs:
/home/alexander/Schreibtisch/ofa-v2/langgraph_eval/agent.py:300: RuntimeWarning: This package (`duckduckgo_search`) has been renamed to `ddgs`! Use `pip install ddgs` instead.
  with DDGS() as ddgs:
/home/alexander/Schreibtisch/ofa-v2/langgraph_eval/agent.py:300: RuntimeWarning: This package (`duckduckgo_search`) has been renamed to `ddgs`! Use `pip install ddgs` instead.
  with DDGS() as ddgs:
2026-08-29 14:55:25,766 [oasis.registry] INFO: Loaded discovered config: 5 backends
2026-08-29 14:55:25,767 [oasis.registry] INFO: Registered backend: 4C Multiphysics (fourc)
2026-08-29 14:55:25,768 [oasis.registry] INFO: Registered backend: FEniCSx (dolfinx) (fenics)
2026-08-29 14:55:25,769 [oasis.registry] INFO: Registered backend: deal.II (dealii)
2026-08-29 14:55:25,772 [oasis.registry] INFO: Registered backend: FEBio (febio)
2026-08-29 14:55:25,775 [oasis.registry] INFO: Registered backend: NGSolve (ngsolve)
2026-08-29 14:55:25,775 [oasis.ngsolve] INFO: NGSolve backend registered
2026-08-29 14:55:25,777 [oasis.registry] INFO: Loaded discovered config: 5 backends
2026-08-29 14:55:25,777 [oasis.registry] INFO: Registered backend: scikit-fem (skfem)
2026-08-29 14:55:25,777 [oasis.skfem] INFO: scikit-fem backend registered
2026-08-29 14:55:25,778 [oasis.registry] INFO: Registered backend: 4C Multiphysics (fourc)
2026-08-29 14:55:25,779 [oasis.registry] INFO: Registered backend: FEniCSx (dolfinx) (fenics)
2026-08-29 14:55:25,780 [oasis.registry] INFO: Registered backend: deal.II (dealii)
2026-08-29 14:55:25,781 [oasis.registry] INFO: Registered backend: Kratos Multiphysics (kratos)
2026-08-29 14:55:25,781 [oasis.kratos] INFO: Kratos Multiphysics backend registered
2026-08-29 14:55:25,783 [oasis.registry] INFO: Registered backend: FEBio (febio)
2026-08-29 14:55:25,784 [oasis.registry] INFO: Registered backend: DUNE-fem (dune)
2026-08-29 14:55:25,784 [oasis.dune] INFO: DUNE-fem backend registered
2026-08-29 14:55:25,786 [oasis.registry] INFO: Registered backend: NGSolve (ngsolve)
2026-08-29 14:55:25,786 [oasis.ngsolve] INFO: NGSolve backend registered
2026-08-29 14:55:25,788 [oasis.registry] INFO: Registered backend: scikit-fem (skfem)
2026-08-29 14:55:25,788 [oasis.skfem] INFO: scikit-fem backend registered
2026-08-29 14:55:25,789 [oasis.registry] INFO: Registered backend: SPARTA (DSMC) (sparta)
2026-08-29 14:55:25,789 [oasis.sparta] INFO: SPARTA (DSMC) backend registered
2026-08-29 14:55:25,789 [oasis] INFO: Starting OASiS MCP server
2026-08-29 14:55:25,792 [oasis.registry] INFO: Registered backend: Kratos Multiphysics (kratos)
2026-08-29 14:55:25,792 [oasis.kratos] INFO: Kratos Multiphysics backend registered
2026-08-29 14:55:25,795 [oasis.registry] INFO: Registered backend: DUNE-fem (dune)
2026-08-29 14:55:25,795 [oasis.dune] INFO: DUNE-fem backend registered
2026-08-29 14:55:25,797 [mcp.server.lowlevel.server] INFO: Processing request of type CallToolRequest
2026-08-29 14:55:25,800 [oasis.registry] INFO: Registered backend: SPARTA (DSMC) (sparta)
2026-08-29 14:55:25,800 [oasis.sparta] INFO: SPARTA (DSMC) backend registered
2026-08-29 14:55:25,800 [oasis] INFO: Starting OASiS MCP server
2026-08-29 14:55:25,801 [mcp.server.lowlevel.server] INFO: Processing request of type ListToolsRequest
2026-08-29 14:55:25,807 [oasis] INFO: Session journal saved: /home/alexander/Schreibtisch/ofa-v2/data/sessions/session_9f542141-161c-439e-9efe-035e3f5eedf6.json (1 events)
2026-08-29 14:55:25,807 [mcp.server.lowlevel.server] INFO: Processing request of type CallToolRequest
2026-08-29 14:55:26,264 [mcp.server.lowlevel.server] INFO: Processing request of type ListToolsRequest
2026-08-29 14:55:26,270 [oasis] INFO: Session journal saved: /home/alexander/Schreibtisch/ofa-v2/data/sessions/session_4313f5f3-dd26-4a0f-97d7-4502a8814e9d.json (1 events)
2026-08-29 14:55:27,241 [oasis.registry] INFO: Loaded discovered config: 5 backends
2026-08-29 14:55:27,242 [oasis.registry] INFO: Registered backend: 4C Multiphysics (fourc)
2026-08-29 14:55:27,242 [oasis.registry] INFO: Registered backend: FEniCSx (dolfinx) (fenics)
2026-08-29 14:55:27,244 [oasis.registry] INFO: Registered backend: deal.II (dealii)
2026-08-29 14:55:27,247 [oasis.registry] INFO: Registered backend: FEBio (febio)
2026-08-29 14:55:27,250 [oasis.registry] INFO: Registered backend: NGSolve (ngsolve)
2026-08-29 14:55:27,250 [oasis.ngsolve] INFO: NGSolve backend registered
2026-08-29 14:55:27,252 [oasis.registry] INFO: Registered backend: scikit-fem (skfem)
2026-08-29 14:55:27,252 [oasis.skfem] INFO: scikit-fem backend registered
2026-08-29 14:55:27,256 [oasis.registry] INFO: Registered backend: Kratos Multiphysics (kratos)
2026-08-29 14:55:27,256 [oasis.kratos] INFO: Kratos Multiphysics backend registered
2026-08-29 14:55:27,258 [oasis.registry] INFO: Registered backend: DUNE-fem (dune)
2026-08-29 14:55:27,259 [oasis.dune] INFO: DUNE-fem backend registered
2026-08-29 14:55:27,264 [oasis.registry] INFO: Registered backend: SPARTA (DSMC) (sparta)
2026-08-29 14:55:27,264 [oasis.sparta] INFO: SPARTA (DSMC) backend registered
2026-08-29 14:55:27,264 [oasis] INFO: Starting OASiS MCP server
2026-08-29 14:55:27,272 [mcp.server.lowlevel.server] INFO: Processing request of type CallToolRequest
2026-08-29 14:55:30,706 [mcp.server.lowlevel.server] INFO: Processing request of type ListToolsRequest
2026-08-29 14:55:30,713 [oasis] INFO: Session journal saved: /home/alexander/Schreibtisch/ofa-v2/data/sessions/session_305363d2-7e77-4391-8c65-c4cb4518dc96.json (1 events)
2026-08-29 14:55:33,653 [oasis.registry] INFO: Loaded discovered config: 5 backends
2026-08-29 14:55:33,654 [oasis.registry] INFO: Registered backend: 4C Multiphysics (fourc)
2026-08-29 14:55:33,655 [oasis.registry] INFO: Registered backend: FEniCSx (dolfinx) (fenics)
2026-08-29 14:55:33,656 [oasis.registry] INFO: Registered backend: deal.II (dealii)
2026-08-29 14:55:33,660 [oasis.registry] INFO: Registered backend: FEBio (febio)
2026-08-29 14:55:33,663 [oasis.registry] INFO: Registered backend: NGSolve (ngsolve)
2026-08-29 14:55:33,663 [oasis.ngsolve] INFO: NGSolve backend registered
2026-08-29 14:55:33,666 [oasis.registry] INFO: Registered backend: scikit-fem (skfem)
2026-08-29 14:55:33,666 [oasis.skfem] INFO: scikit-fem backend registered
2026-08-29 14:55:33,671 [oasis.registry] INFO: Registered backend: Kratos Multiphysics (kratos)
2026-08-29 14:55:33,671 [oasis.kratos] INFO: Kratos Multiphysics backend registered
2026-08-29 14:55:33,674 [oasis.registry] INFO: Registered backend: DUNE-fem (dune)
2026-08-29 14:55:33,674 [oasis.dune] INFO: DUNE-fem backend registered
2026-08-29 14:55:33,679 [oasis.registry] INFO: Registered backend: SPARTA (DSMC) (sparta)
2026-08-29 14:55:33,679 [oasis.sparta] INFO: SPARTA (DSMC) backend registered
2026-08-29 14:55:33,679 [oasis] INFO: Starting OASiS MCP server
2026-08-29 14:55:33,687 [mcp.server.lowlevel.server] INFO: Processing request of type CallToolRequest
2026-08-29 14:55:37,091 [mcp.server.lowlevel.server] INFO: Processing request of type ListToolsRequest
2026-08-29 14:55:37,098 [oasis] INFO: Session journal saved: /home/alexander/Schreibtisch/ofa-v2/data/sessions/session_ff28bb54-aa42-4bd8-a6a9-faa80b0b5d04.json (1 events)
2026-08-29 14:55:39,522 [oasis.registry] INFO: Loaded discovered config: 5 backends
2026-08-29 14:55:39,523 [oasis.registry] INFO: Registered backend: 4C Multiphysics (fourc)
2026-08-29 14:55:39,523 [oasis.registry] INFO: Registered backend: FEniCSx (dolfinx) (fenics)
2026-08-29 14:55:39,525 [oasis.registry] INFO: Registered backend: deal.II (dealii)
2026-08-29 14:55:39,528 [oasis.registry] INFO: Registered backend: FEBio (febio)
2026-08-29 14:55:39,530 [oasis.registry] INFO: Registered backend: NGSolve (ngsolve)
2026-08-29 14:55:39,530 [oasis.ngsolve] INFO: NGSolve backend registered
2026-08-29 14:55:39,533 [oasis.registry] INFO: Registered backend: scikit-fem (skfem)
2026-08-29 14:55:39,533 [oasis.skfem] INFO: scikit-fem backend registered
2026-08-29 14:55:39,536 [oasis.registry] INFO: Registered backend: Kratos Multiphysics (kratos)
2026-08-29 14:55:39,536 [oasis.kratos] INFO: Kratos Multiphysics backend registered
2026-08-29 14:55:39,539 [oasis.registry] INFO: Registered backend: DUNE-fem (dune)
2026-08-29 14:55:39,539 [oasis.dune] INFO: DUNE-fem backend registered
2026-08-29 14:55:39,543 [oasis.registry] INFO: Registered backend: SPARTA (DSMC) (sparta)
2026-08-29 14:55:39,543 [oasis.sparta] INFO: SPARTA (DSMC) backend registered
2026-08-29 14:55:39,544 [oasis] INFO: Starting OASiS MCP server
2026-08-29 14:55:39,551 [mcp.server.lowlevel.server] INFO: Processing request of type CallToolRequest
2026-08-29 14:55:39,566 [mcp.server.lowlevel.server] INFO: Processing request of type ListToolsRequest
2026-08-29 14:55:39,572 [oasis] INFO: Session journal saved: /home/alexander/Schreibtisch/ofa-v2/data/sessions/session_f0df0933-cf5e-4f64-8090-d6de4a2d73a7.json (1 events)
2026-08-29 14:55:44,493 [oasis.registry] INFO: Loaded discovered config: 5 backends
2026-08-29 14:55:44,494 [oasis.registry] INFO: Registered backend: 4C Multiphysics (fourc)
2026-08-29 14:55:44,495 [oasis.registry] INFO: Registered backend: FEniCSx (dolfinx) (fenics)
2026-08-29 14:55:44,496 [oasis.registry] INFO: Registered backend: deal.II (dealii)
2026-08-29 14:55:44,500 [oasis.registry] INFO: Registered backend: FEBio (febio)
2026-08-29 14:55:44,503 [oasis.registry] INFO: Registered backend: NGSolve (ngsolve)
2026-08-29 14:55:44,503 [oasis.ngsolve] INFO: NGSolve backend registered
2026-08-29 14:55:44,506 [oasis.registry] INFO: Registered backend: scikit-fem (skfem)
2026-08-29 14:55:44,506 [oasis.skfem] INFO: scikit-fem backend registered
2026-08-29 14:55:44,510 [oasis.registry] INFO: Registered backend: Kratos Multiphysics (kratos)
2026-08-29 14:55:44,510 [oasis.kratos] INFO: Kratos Multiphysics backend registered
2026-08-29 14:55:44,513 [oasis.registry] INFO: Registered backend: DUNE-fem (dune)
2026-08-29 14:55:44,513 [oasis.dune] INFO: DUNE-fem backend registered
2026-08-29 14:55:44,519 [oasis.registry] INFO: Registered backend: SPARTA (DSMC) (sparta)
2026-08-29 14:55:44,519 [oasis.sparta] INFO: SPARTA (DSMC) backend registered
2026-08-29 14:55:44,519 [oasis] INFO: Starting OASiS MCP server
2026-08-29 14:55:44,527 [mcp.server.lowlevel.server] INFO: Processing request of type CallToolRequest
2026-08-29 14:55:44,545 [mcp.server.lowlevel.server] INFO: Processing request of type ListToolsRequest
2026-08-29 14:55:44,550 [oasis] INFO: Session journal saved: /home/alexander/Schreibtisch/ofa-v2/data/sessions/session_d9752325-6dd6-426e-89c7-14e836003251.json (1 events)
2026-08-29 14:55:47,815 [oasis.registry] INFO: Loaded discovered config: 5 backends
2026-08-29 14:55:47,816 [oasis.registry] INFO: Registered backend: 4C Multiphysics (fourc)
2026-08-29 14:55:47,816 [oasis.registry] INFO: Registered backend: FEniCSx (dolfinx) (fenics)
2026-08-29 14:55:47,818 [oasis.registry] INFO: Registered backend: deal.II (dealii)
2026-08-29 14:55:47,821 [oasis.registry] INFO: Registered backend: FEBio (febio)
2026-08-29 14:55:47,823 [oasis.registry] INFO: Registered backend: NGSolve (ngsolve)
2026-08-29 14:55:47,823 [oasis.ngsolve] INFO: NGSolve backend registered
2026-08-29 14:55:47,826 [oasis.registry] INFO: Registered backend: scikit-fem (skfem)
2026-08-29 14:55:47,826 [oasis.skfem] INFO: scikit-fem backend registered
2026-08-29 14:55:47,829 [oasis.registry] INFO: Registered backend: Kratos Multiphysics (kratos)
2026-08-29 14:55:47,829 [oasis.kratos] INFO: Kratos Multiphysics backend registered
2026-08-29 14:55:47,832 [oasis.registry] INFO: Registered backend: DUNE-fem (dune)
2026-08-29 14:55:47,832 [oasis.dune] INFO: DUNE-fem backend registered
2026-08-29 14:55:47,837 [oasis.registry] INFO: Registered backend: SPARTA (DSMC) (sparta)
2026-08-29 14:55:47,837 [oasis.sparta] INFO: SPARTA (DSMC) backend registered
2026-08-29 14:55:47,837 [oasis] INFO: Starting OASiS MCP server
2026-08-29 14:55:47,845 [mcp.server.lowlevel.server] INFO: Processing request of type CallToolRequest
2026-08-29 14:55:47,863 [mcp.server.lowlevel.server] INFO: Processing request of type ListToolsRequest
2026-08-29 14:55:47,868 [oasis] INFO: Session journal saved: /home/alexander/Schreibtisch/ofa-v2/data/sessions/session_57c585ff-66e5-42f2-ae47-07129b717e45.json (1 events)
2026-08-29 14:56:51,610 [mcp.server.lowlevel.server] INFO: Processing request of type ListToolsRequest
2026-08-29 14:56:51,616 [oasis] INFO: Session journal saved: /home/alexander/Schreibtisch/ofa-v2/data/sessions/session_2a2a357d-f41c-43bc-bf57-88cfb61d2d5c.json (1 events)
2026-08-29 14:56:55,225 [oasis.registry] INFO: Loaded discovered config: 5 backends
2026-08-29 14:56:55,226 [oasis.registry] INFO: Registered backend: 4C Multiphysics (fourc)
2026-08-29 14:56:55,226 [oasis.registry] INFO: Registered backend: FEniCSx (dolfinx) (fenics)
2026-08-29 14:56:55,227 [oasis.registry] INFO: Registered backend: deal.II (dealii)
2026-08-29 14:56:55,228 [oasis.registry] INFO: Loaded discovered config: 5 backends
2026-08-29 14:56:55,229 [oasis.registry] INFO: Registered backend: 4C Multiphysics (fourc)
2026-08-29 14:56:55,229 [oasis.registry] INFO: Registered backend: FEniCSx (dolfinx) (fenics)
2026-08-29 14:56:55,230 [oasis.registry] INFO: Registered backend: deal.II (dealii)
2026-08-29 14:56:55,230 [oasis.registry] INFO: Registered backend: FEBio (febio)
2026-08-29 14:56:55,233 [oasis.registry] INFO: Registered backend: NGSolve (ngsolve)
2026-08-29 14:56:55,233 [oasis.ngsolve] INFO: NGSolve backend registered
2026-08-29 14:56:55,233 [oasis.registry] INFO: Registered backend: FEBio (febio)
2026-08-29 14:56:55,235 [oasis.registry] INFO: Registered backend: scikit-fem (skfem)
2026-08-29 14:56:55,235 [oasis.skfem] INFO: scikit-fem backend registered
2026-08-29 14:56:55,236 [oasis.registry] INFO: Registered backend: NGSolve (ngsolve)
2026-08-29 14:56:55,236 [oasis.ngsolve] INFO: NGSolve backend registered
2026-08-29 14:56:55,238 [oasis.registry] INFO: Registered backend: scikit-fem (skfem)
2026-08-29 14:56:55,238 [oasis.skfem] INFO: scikit-fem backend registered
2026-08-29 14:56:55,239 [oasis.registry] INFO: Registered backend: Kratos Multiphysics (kratos)
2026-08-29 14:56:55,239 [oasis.kratos] INFO: Kratos Multiphysics backend registered
2026-08-29 14:56:55,241 [oasis.registry] INFO: Registered backend: DUNE-fem (dune)
2026-08-29 14:56:55,242 [oasis.dune] INFO: DUNE-fem backend registered
2026-08-29 14:56:55,242 [oasis.registry] INFO: Registered backend: Kratos Multiphysics (kratos)
2026-08-29 14:56:55,242 [oasis.kratos] INFO: Kratos Multiphysics backend registered
2026-08-29 14:56:55,244 [oasis.registry] INFO: Registered backend: DUNE-fem (dune)
2026-08-29 14:56:55,244 [oasis.dune] INFO: DUNE-fem backend registered
2026-08-29 14:56:55,246 [oasis.registry] INFO: Registered backend: SPARTA (DSMC) (sparta)
2026-08-29 14:56:55,246 [oasis.sparta] INFO: SPARTA (DSMC) backend registered
2026-08-29 14:56:55,247 [oasis] INFO: Starting OASiS MCP server
2026-08-29 14:56:55,250 [oasis.registry] INFO: Registered backend: SPARTA (DSMC) (sparta)
2026-08-29 14:56:55,250 [oasis.sparta] INFO: SPARTA (DSMC) backend registered
2026-08-29 14:56:55,250 [oasis] INFO: Starting OASiS MCP server
2026-08-29 14:56:55,254 [mcp.server.lowlevel.server] INFO: Processing request of type CallToolRequest
2026-08-29 14:56:55,258 [mcp.server.lowlevel.server] INFO: Processing request of type CallToolRequest
2026-08-29 14:56:55,270 [mcp.server.lowlevel.server] INFO: Processing request of type ListToolsRequest
2026-08-29 14:56:55,275 [oasis] INFO: Session journal saved: /home/alexander/Schreibtisch/ofa-v2/data/sessions/session_a44ab041-3280-485e-8d6b-22b3d372e107.json (1 events)
2026-08-29 14:58:28,326 [mcp.server.lowlevel.server] INFO: Processing request of type ListToolsRequest
2026-08-29 14:58:28,334 [oasis] INFO: Session journal saved: /home/alexander/Schreibtisch/ofa-v2/data/sessions/session_f7ed7a1b-cc90-4bed-8978-b41582d4a696.json (1 events)
/home/alexander/Schreibtisch/ofa-v2/langgraph_eval/agent.py:300: RuntimeWarning: This package (`duckduckgo_search`) has been renamed to `ddgs`! Use `pip install ddgs` instead.
  with DDGS() as ddgs:
/home/alexander/Schreibtisch/ofa-v2/langgraph_eval/agent.py:300: RuntimeWarning: This package (`duckduckgo_search`) has been renamed to `ddgs`! Use `pip install ddgs` instead.
  with DDGS() as ddgs:
/home/alexander/Schreibtisch/ofa-v2/langgraph_eval/agent.py:300: RuntimeWarning: This package (`duckduckgo_search`) has been renamed to `ddgs`! Use `pip install ddgs` instead.
  with DDGS() as ddgs:
/home/alexander/Schreibtisch/ofa-v2/langgraph_eval/agent.py:300: RuntimeWarning: This package (`duckduckgo_search`) has been renamed to `ddgs`! Use `pip install ddgs` instead.
  with DDGS() as ddgs:
/home/alexander/Schreibtisch/ofa-v2/langgraph_eval/agent.py:300: RuntimeWarning: This package (`duckduckgo_search`) has been renamed to `ddgs`! Use `pip install ddgs` instead.
  with DDGS() as ddgs:
/home/alexander/Schreibtisch/ofa-v2/langgraph_eval/agent.py:300: RuntimeWarning: This package (`duckduckgo_search`) has been renamed to `ddgs`! Use `pip install ddgs` instead.
  with DDGS() as ddgs:
/home/alexander/Schreibtisch/ofa-v2/langgraph_eval/agent.py:300: RuntimeWarning: This package (`duckduckgo_search`) has been renamed to `ddgs`! Use `pip install ddgs` instead.
  with DDGS() as ddgs:
/home/alexander/Schreibtisch/ofa-v2/langgraph_eval/agent.py:300: RuntimeWarning: This package (`duckduckgo_search`) has been renamed to `ddgs`! Use `pip install ddgs` instead.
  with DDGS() as ddgs:
/home/alexander/Schreibtisch/ofa-v2/langgraph_eval/agent.py:300: RuntimeWarning: This package (`duckduckgo_search`) has been renamed to `ddgs`! Use `pip install ddgs` instead.
  with DDGS() as ddgs:
/home/alexander/Schreibtisch/ofa-v2/langgraph_eval/agent.py:300: RuntimeWarning: This package (`duckduckgo_search`) has been renamed to `ddgs`! Use `pip install ddgs` instead.
  with DDGS() as ddgs:
2026-08-29 14:58:50,468 [oasis.registry] INFO: Loaded discovered config: 5 backends
2026-08-29 14:58:50,469 [oasis.registry] INFO: Registered backend: 4C Multiphysics (fourc)
2026-08-29 14:58:50,472 [oasis.registry] INFO: Registered backend: FEniCSx (dolfinx) (fenics)
2026-08-29 14:58:50,473 [oasis.registry] INFO: Registered backend: deal.II (dealii)
2026-08-29 14:58:50,476 [oasis.registry] INFO: Registered backend: FEBio (febio)
2026-08-29 14:58:50,479 [oasis.registry] INFO: Registered backend: NGSolve (ngsolve)
2026-08-29 14:58:50,479 [oasis.ngsolve] INFO: NGSolve backend registered
2026-08-29 14:58:50,481 [oasis.registry] INFO: Registered backend: scikit-fem (skfem)
2026-08-29 14:58:50,481 [oasis.skfem] INFO: scikit-fem backend registered
2026-08-29 14:58:50,485 [oasis.registry] INFO: Registered backend: Kratos Multiphysics (kratos)
2026-08-29 14:58:50,485 [oasis.kratos] INFO: Kratos Multiphysics backend registered
2026-08-29 14:58:50,487 [oasis.registry] INFO: Registered backend: DUNE-fem (dune)
2026-08-29 14:58:50,487 [oasis.dune] INFO: DUNE-fem backend registered
2026-08-29 14:58:50,492 [oasis.registry] INFO: Registered backend: SPARTA (DSMC) (sparta)
2026-08-29 14:58:50,493 [oasis.sparta] INFO: SPARTA (DSMC) backend registered
2026-08-29 14:58:50,493 [oasis] INFO: Starting OASiS MCP server
2026-08-29 14:58:50,500 [mcp.server.lowlevel.server] INFO: Processing request of type CallToolRequest
2026-08-29 15:00:23,778 [mcp.server.lowlevel.server] INFO: Processing request of type ListToolsRequest
2026-08-29 15:00:23,784 [oasis] INFO: Session journal saved: /home/alexander/Schreibtisch/ofa-v2/data/sessions/session_982bdd9a-699d-4451-bad8-f19298e95368.json (1 events)
2026-08-29 15:00:39,884 [oasis.registry] INFO: Loaded discovered config: 5 backends
2026-08-29 15:00:39,885 [oasis.registry] INFO: Registered backend: 4C Multiphysics (fourc)
2026-08-29 15:00:39,886 [oasis.registry] INFO: Registered backend: FEniCSx (dolfinx) (fenics)
2026-08-29 15:00:39,887 [oasis.registry] INFO: Registered backend: deal.II (dealii)
2026-08-29 15:00:39,890 [oasis.registry] INFO: Registered backend: FEBio (febio)
2026-08-29 15:00:39,893 [oasis.registry] INFO: Registered backend: NGSolve (ngsolve)
2026-08-29 15:00:39,893 [oasis.ngsolve] INFO: NGSolve backend registered
2026-08-29 15:00:39,895 [oasis.registry] INFO: Registered backend: scikit-fem (skfem)
2026-08-29 15:00:39,895 [oasis.skfem] INFO: scikit-fem backend registered
2026-08-29 15:00:39,899 [oasis.registry] INFO: Registered backend: Kratos Multiphysics (kratos)
2026-08-29 15:00:39,899 [oasis.kratos] INFO: Kratos Multiphysics backend registered
2026-08-29 15:00:39,901 [oasis.registry] INFO: Registered backend: DUNE-fem (dune)
2026-08-29 15:00:39,901 [oasis.dune] INFO: DUNE-fem backend registered
2026-08-29 15:00:39,906 [oasis.registry] INFO: Registered backend: SPARTA (DSMC) (sparta)
2026-08-29 15:00:39,906 [oasis.sparta] INFO: SPARTA (DSMC) backend registered
2026-08-29 15:00:39,906 [oasis] INFO: Starting OASiS MCP server
2026-08-29 15:00:39,914 [mcp.server.lowlevel.server] INFO: Processing request of type CallToolRequest
2026-08-29 15:00:39,918 [mcp.server.lowlevel.server] INFO: Processing request of type ListToolsRequest
2026-08-29 15:01:35,634 [oasis.registry] INFO: Loaded discovered config: 5 backends
2026-08-29 15:01:35,635 [oasis.registry] INFO: Registered backend: 4C Multiphysics (fourc)
2026-08-29 15:01:35,635 [oasis.registry] INFO: Loaded discovered config: 5 backends
2026-08-29 15:01:35,635 [oasis.registry] INFO: Registered backend: FEniCSx (dolfinx) (fenics)
2026-08-29 15:01:35,636 [oasis.registry] INFO: Registered backend: 4C Multiphysics (fourc)
2026-08-29 15:01:35,636 [oasis.registry] INFO: Registered backend: deal.II (dealii)
2026-08-29 15:01:35,637 [oasis.registry] INFO: Registered backend: FEniCSx (dolfinx) (fenics)
2026-08-29 15:01:35,638 [oasis.registry] INFO: Registered backend: deal.II (dealii)
2026-08-29 15:01:35,639 [oasis.registry] INFO: Registered backend: FEBio (febio)
2026-08-29 15:01:35,641 [oasis.registry] INFO: Registered backend: FEBio (febio)
2026-08-29 15:01:35,642 [oasis.registry] INFO: Registered backend: NGSolve (ngsolve)
2026-08-29 15:01:35,642 [oasis.ngsolve] INFO: NGSolve backend registered
2026-08-29 15:01:35,643 [oasis.registry] INFO: Registered backend: NGSolve (ngsolve)
2026-08-29 15:01:35,643 [oasis.ngsolve] INFO: NGSolve backend registered
2026-08-29 15:01:35,644 [oasis.registry] INFO: Registered backend: scikit-fem (skfem)
2026-08-29 15:01:35,645 [oasis.skfem] INFO: scikit-fem backend registered
2026-08-29 15:01:35,646 [oasis.registry] INFO: Registered backend: scikit-fem (skfem)
2026-08-29 15:01:35,646 [oasis.skfem] INFO: scikit-fem backend registered
2026-08-29 15:01:35,648 [oasis.registry] INFO: Registered backend: Kratos Multiphysics (kratos)
2026-08-29 15:01:35,648 [oasis.kratos] INFO: Kratos Multiphysics backend registered
2026-08-29 15:01:35,650 [oasis.registry] INFO: Registered backend: Kratos Multiphysics (kratos)
2026-08-29 15:01:35,650 [oasis.kratos] INFO: Kratos Multiphysics backend registered
2026-08-29 15:01:35,650 [oasis.registry] INFO: Registered backend: DUNE-fem (dune)
2026-08-29 15:01:35,651 [oasis.dune] INFO: DUNE-fem backend registered
2026-08-29 15:01:35,652 [oasis.registry] INFO: Registered backend: DUNE-fem (dune)
2026-08-29 15:01:35,652 [oasis.dune] INFO: DUNE-fem backend registered
2026-08-29 15:01:35,656 [oasis.registry] INFO: Registered backend: SPARTA (DSMC) (sparta)
2026-08-29 15:01:35,656 [oasis.sparta] INFO: SPARTA (DSMC) backend registered
2026-08-29 15:01:35,656 [oasis] INFO: Starting OASiS MCP server
2026-08-29 15:01:35,657 [oasis.registry] INFO: Registered backend: SPARTA (DSMC) (sparta)
2026-08-29 15:01:35,657 [oasis.sparta] INFO: SPARTA (DSMC) backend registered
2026-08-29 15:01:35,657 [oasis] INFO: Starting OASiS MCP server
2026-08-29 15:01:35,663 [mcp.server.lowlevel.server] INFO: Processing request of type CallToolRequest
2026-08-29 15:01:35,665 [mcp.server.lowlevel.server] INFO: Processing request of type CallToolRequest
2026-08-29 15:01:39,100 [mcp.server.lowlevel.server] INFO: Processing request of type ListToolsRequest
2026-08-29 15:01:39,107 [oasis] INFO: Session journal saved: /home/alexander/Schreibtisch/ofa-v2/data/sessions/session_5b9a310f-7374-4536-ac4f-c355772fdbcf.json (1 events)
2026-08-29 15:01:39,154 [mcp.server.lowlevel.server] INFO: Processing request of type ListToolsRequest
2026-08-29 15:01:39,161 [oasis] INFO: Session journal saved: /home/alexander/Schreibtisch/ofa-v2/data/sessions/session_722b7db9-7ca2-4d40-8bed-4644a3b15c6f.json (1 events)
2026-08-29 15:01:49,628 [oasis.registry] INFO: Loaded discovered config: 5 backends
2026-08-29 15:01:49,629 [oasis.registry] INFO: Registered backend: 4C Multiphysics (fourc)
2026-08-29 15:01:49,632 [oasis.registry] INFO: Registered backend: FEniCSx (dolfinx) (fenics)
2026-08-29 15:01:49,633 [oasis.registry] INFO: Registered backend: deal.II (dealii)
2026-08-29 15:01:49,636 [oasis.registry] INFO: Registered backend: FEBio (febio)
2026-08-29 15:01:49,638 [oasis.registry] INFO: Registered backend: NGSolve (ngsolve)
2026-08-29 15:01:49,638 [oasis.ngsolve] INFO: NGSolve backend registered
2026-08-29 15:01:49,641 [oasis.registry] INFO: Registered backend: scikit-fem (skfem)
2026-08-29 15:01:49,641 [oasis.skfem] INFO: scikit-fem backend registered
2026-08-29 15:01:49,645 [oasis.registry] INFO: Registered backend: Kratos Multiphysics (kratos)
2026-08-29 15:01:49,645 [oasis.kratos] INFO: Kratos Multiphysics backend registered
2026-08-29 15:01:49,647 [oasis.registry] INFO: Registered backend: DUNE-fem (dune)
2026-08-29 15:01:49,647 [oasis.dune] INFO: DUNE-fem backend registered
2026-08-29 15:01:49,652 [oasis.registry] INFO: Registered backend: SPARTA (DSMC) (sparta)
2026-08-29 15:01:49,652 [oasis.sparta] INFO: SPARTA (DSMC) backend registered
2026-08-29 15:01:49,652 [oasis] INFO: Starting OASiS MCP server
2026-08-29 15:01:49,660 [mcp.server.lowlevel.server] INFO: Processing request of type CallToolRequest
2026-08-29 15:01:49,664 [mcp.server.lowlevel.server] INFO: Processing request of type ListToolsRequest
/home/alexander/Schreibtisch/ofa-v2/langgraph_eval/agent.py:375: LangGraphDeprecatedSinceV10: create_react_agent has been moved to `langchain.agents`. Please update your import to `from langchain.agents import create_agent`. Deprecated in LangGraph V1.0 to be removed in V2.0.
  sub_agent = create_react_agent(
2026-08-29 15:09:02,947 [oasis.registry] INFO: Loaded discovered config: 5 backends
2026-08-29 15:09:02,948 [oasis.registry] INFO: Registered backend: 4C Multiphysics (fourc)
2026-08-29 15:09:02,951 [oasis.registry] INFO: Registered backend: FEniCSx (dolfinx) (fenics)
2026-08-29 15:09:02,952 [oasis.registry] INFO: Registered backend: deal.II (dealii)
2026-08-29 15:09:02,955 [oasis.registry] INFO: Registered backend: FEBio (febio)
2026-08-29 15:09:02,958 [oasis.registry] INFO: Registered backend: NGSolve (ngsolve)
2026-08-29 15:09:02,958 [oasis.ngsolve] INFO: NGSolve backend registered
2026-08-29 15:09:02,958 [oasis.registry] INFO: Loaded discovered config: 5 backends
2026-08-29 15:09:02,959 [oasis.registry] INFO: Registered backend: 4C Multiphysics (fourc)
2026-08-29 15:09:02,960 [oasis.registry] INFO: Registered backend: FEniCSx (dolfinx) (fenics)
2026-08-29 15:09:02,960 [oasis.registry] INFO: Loaded discovered config: 5 backends
2026-08-29 15:09:02,961 [oasis.registry] INFO: Registered backend: scikit-fem (skfem)
2026-08-29 15:09:02,961 [oasis.skfem] INFO: scikit-fem backend registered
2026-08-29 15:09:02,961 [oasis.registry] INFO: Registered backend: 4C Multiphysics (fourc)
2026-08-29 15:09:02,961 [oasis.registry] INFO: Registered backend: deal.II (dealii)
2026-08-29 15:09:02,962 [oasis.registry] INFO: Registered backend: FEniCSx (dolfinx) (fenics)
2026-08-29 15:09:02,963 [oasis.registry] INFO: Registered backend: deal.II (dealii)
2026-08-29 15:09:02,964 [oasis.registry] INFO: Registered backend: FEBio (febio)
2026-08-29 15:09:02,964 [oasis.registry] INFO: Registered backend: Kratos Multiphysics (kratos)
2026-08-29 15:09:02,965 [oasis.kratos] INFO: Kratos Multiphysics backend registered
2026-08-29 15:09:02,966 [oasis.registry] INFO: Registered backend: FEBio (febio)
2026-08-29 15:09:02,967 [oasis.registry] INFO: Registered backend: DUNE-fem (dune)
2026-08-29 15:09:02,967 [oasis.dune] INFO: DUNE-fem backend registered
2026-08-29 15:09:02,967 [oasis.registry] INFO: Registered backend: NGSolve (ngsolve)
2026-08-29 15:09:02,967 [oasis.ngsolve] INFO: NGSolve backend registered
2026-08-29 15:09:02,968 [oasis.registry] INFO: Registered backend: NGSolve (ngsolve)
2026-08-29 15:09:02,968 [oasis.ngsolve] INFO: NGSolve backend registered
2026-08-29 15:09:02,970 [oasis.registry] INFO: Registered backend: scikit-fem (skfem)
2026-08-29 15:09:02,970 [oasis.skfem] INFO: scikit-fem backend registered
2026-08-29 15:09:02,971 [oasis.registry] INFO: Registered backend: scikit-fem (skfem)
2026-08-29 15:09:02,971 [oasis.skfem] INFO: scikit-fem backend registered
2026-08-29 15:09:02,972 [oasis.registry] INFO: Registered backend: SPARTA (DSMC) (sparta)
2026-08-29 15:09:02,972 [oasis.sparta] INFO: SPARTA (DSMC) backend registered
2026-08-29 15:09:02,972 [oasis] INFO: Starting OASiS MCP server
2026-08-29 15:09:02,974 [oasis.registry] INFO: Registered backend: Kratos Multiphysics (kratos)
2026-08-29 15:09:02,974 [oasis.kratos] INFO: Kratos Multiphysics backend registered
2026-08-29 15:09:02,975 [oasis.registry] INFO: Registered backend: Kratos Multiphysics (kratos)
2026-08-29 15:09:02,975 [oasis.kratos] INFO: Kratos Multiphysics backend registered
2026-08-29 15:09:02,976 [oasis.registry] INFO: Registered backend: DUNE-fem (dune)
2026-08-29 15:09:02,976 [oasis.dune] INFO: DUNE-fem backend registered
2026-08-29 15:09:02,977 [oasis.registry] INFO: Registered backend: DUNE-fem (dune)
2026-08-29 15:09:02,977 [oasis.dune] INFO: DUNE-fem backend registered
2026-08-29 15:09:02,980 [mcp.server.lowlevel.server] INFO: Processing request of type CallToolRequest
2026-08-29 15:09:02,981 [oasis.registry] INFO: Registered backend: SPARTA (DSMC) (sparta)
2026-08-29 15:09:02,981 [oasis.sparta] INFO: SPARTA (DSMC) backend registered
2026-08-29 15:09:02,981 [oasis] INFO: Starting OASiS MCP server
2026-08-29 15:09:02,982 [oasis.registry] INFO: Registered backend: SPARTA (DSMC) (sparta)
2026-08-29 15:09:02,983 [oasis.sparta] INFO: SPARTA (DSMC) backend registered
2026-08-29 15:09:02,983 [oasis] INFO: Starting OASiS MCP server
2026-08-29 15:09:02,983 [mcp.server.lowlevel.server] INFO: Processing request of type ListToolsRequest
2026-08-29 15:09:02,990 [oasis] INFO: Session journal saved: /home/alexander/Schreibtisch/ofa-v2/data/sessions/session_0b3a43af-6df3-4593-bc9c-ce64a4bf20db.json (1 events)
2026-08-29 15:09:02,990 [mcp.server.lowlevel.server] INFO: Processing request of type CallToolRequest
2026-08-29 15:09:02,990 [mcp.server.lowlevel.server] INFO: Processing request of type CallToolRequest
2026-08-29 15:09:03,011 [mcp.server.lowlevel.server] INFO: Processing request of type ListToolsRequest
2026-08-29 15:09:03,017 [oasis] INFO: Session journal saved: /home/alexander/Schreibtisch/ofa-v2/data/sessions/session_e4e1282e-a443-4407-9bfd-b2c0324f74d6.json (1 events)
2026-08-29 15:09:03,033 [mcp.server.lowlevel.server] INFO: Processing request of type ListToolsRequest
/home/alexander/Schreibtisch/ofa-v2/langgraph_eval/agent.py:300: RuntimeWarning: This package (`duckduckgo_search`) has been renamed to `ddgs`! Use `pip install ddgs` instead.
  with DDGS() as ddgs:
2026-08-29 15:09:18,556 [oasis.registry] INFO: Loaded discovered config: 5 backends
2026-08-29 15:09:18,557 [oasis.registry] INFO: Registered backend: 4C Multiphysics (fourc)
2026-08-29 15:09:18,558 [oasis.registry] INFO: Registered backend: FEniCSx (dolfinx) (fenics)
2026-08-29 15:09:18,559 [oasis.registry] INFO: Registered backend: deal.II (dealii)
2026-08-29 15:09:18,561 [oasis.registry] INFO: Loaded discovered config: 5 backends
2026-08-29 15:09:18,562 [oasis.registry] INFO: Registered backend: FEBio (febio)
2026-08-29 15:09:18,562 [oasis.registry] INFO: Registered backend: 4C Multiphysics (fourc)
2026-08-29 15:09:18,563 [oasis.registry] INFO: Registered backend: FEniCSx (dolfinx) (fenics)
2026-08-29 15:09:18,564 [oasis.registry] INFO: Registered backend: deal.II (dealii)
2026-08-29 15:09:18,564 [oasis.registry] INFO: Registered backend: NGSolve (ngsolve)
2026-08-29 15:09:18,564 [oasis.ngsolve] INFO: NGSolve backend registered
2026-08-29 15:09:18,567 [oasis.registry] INFO: Registered backend: scikit-fem (skfem)
2026-08-29 15:09:18,567 [oasis.skfem] INFO: scikit-fem backend registered
2026-08-29 15:09:18,567 [oasis.registry] INFO: Registered backend: FEBio (febio)
2026-08-29 15:09:18,570 [oasis.registry] INFO: Registered backend: NGSolve (ngsolve)
2026-08-29 15:09:18,570 [oasis.ngsolve] INFO: NGSolve backend registered
2026-08-29 15:09:18,571 [oasis.registry] INFO: Registered backend: Kratos Multiphysics (kratos)
2026-08-29 15:09:18,571 [oasis.kratos] INFO: Kratos Multiphysics backend registered
2026-08-29 15:09:18,572 [oasis.registry] INFO: Registered backend: scikit-fem (skfem)
2026-08-29 15:09:18,572 [oasis.skfem] INFO: scikit-fem backend registered
2026-08-29 15:09:18,573 [oasis.registry] INFO: Registered backend: DUNE-fem (dune)
2026-08-29 15:09:18,573 [oasis.dune] INFO: DUNE-fem backend registered
2026-08-29 15:09:18,576 [oasis.registry] INFO: Registered backend: Kratos Multiphysics (kratos)
2026-08-29 15:09:18,576 [oasis.kratos] INFO: Kratos Multiphysics backend registered
2026-08-29 15:09:18,578 [oasis.registry] INFO: Registered backend: SPARTA (DSMC) (sparta)
2026-08-29 15:09:18,578 [oasis.sparta] INFO: SPARTA (DSMC) backend registered
2026-08-29 15:09:18,578 [oasis] INFO: Starting OASiS MCP server
2026-08-29 15:09:18,578 [oasis.registry] INFO: Registered backend: DUNE-fem (dune)
2026-08-29 15:09:18,578 [oasis.dune] INFO: DUNE-fem backend registered
2026-08-29 15:09:18,583 [oasis.registry] INFO: Registered backend: SPARTA (DSMC) (sparta)
2026-08-29 15:09:18,583 [oasis.sparta] INFO: SPARTA (DSMC) backend registered
2026-08-29 15:09:18,583 [oasis] INFO: Starting OASiS MCP server
2026-08-29 15:09:18,586 [mcp.server.lowlevel.server] INFO: Processing request of type CallToolRequest
2026-08-29 15:09:18,591 [mcp.server.lowlevel.server] INFO: Processing request of type CallToolRequest
2026-08-29 15:09:18,601 [mcp.server.lowlevel.server] INFO: Processing request of type ListToolsRequest
2026-08-29 15:09:18,606 [oasis] INFO: Session journal saved: /home/alexander/Schreibtisch/ofa-v2/data/sessions/session_4c70fc2e-a0e0-4fdf-ab6c-4e825a7cc32c.json (1 events)
2026-08-29 15:09:18,606 [mcp.server.lowlevel.server] INFO: Processing request of type ListToolsRequest
2026-08-29 15:09:18,612 [oasis] INFO: Session journal saved: /home/alexander/Schreibtisch/ofa-v2/data/sessions/session_fffdcb20-5d78-4dc0-88de-51b377954ebb.json (1 events)
/home/alexander/Schreibtisch/ofa-v2/langgraph_eval/agent.py:300: RuntimeWarning: This package (`duckduckgo_search`) has been renamed to `ddgs`! Use `pip install ddgs` instead.
  with DDGS() as ddgs:
/home/alexander/Schreibtisch/ofa-v2/langgraph_eval/agent.py:300: RuntimeWarning: This package (`duckduckgo_search`) has been renamed to `ddgs`! Use `pip install ddgs` instead.
  with DDGS() as ddgs:
/home/alexander/Schreibtisch/ofa-v2/langgraph_eval/agent.py:300: RuntimeWarning: This package (`duckduckgo_search`) has been renamed to `ddgs`! Use `pip install ddgs` instead.
  with DDGS() as ddgs:
2026-08-29 15:10:06,440 [oasis.registry] INFO: Loaded discovered config: 5 backends
2026-08-29 15:10:06,441 [oasis.registry] INFO: Registered backend: 4C Multiphysics (fourc)
2026-08-29 15:10:06,441 [oasis.registry] INFO: Registered backend: FEniCSx (dolfinx) (fenics)
2026-08-29 15:10:06,443 [oasis.registry] INFO: Registered backend: deal.II (dealii)
2026-08-29 15:10:06,446 [oasis.registry] INFO: Registered backend: FEBio (febio)
2026-08-29 15:10:06,448 [oasis.registry] INFO: Registered backend: NGSolve (ngsolve)
2026-08-29 15:10:06,448 [oasis.ngsolve] INFO: NGSolve backend registered
2026-08-29 15:10:06,451 [oasis.registry] INFO: Registered backend: scikit-fem (skfem)
2026-08-29 15:10:06,451 [oasis.skfem] INFO: scikit-fem backend registered
2026-08-29 15:10:06,454 [oasis.registry] INFO: Registered backend: Kratos Multiphysics (kratos)
2026-08-29 15:10:06,454 [oasis.kratos] INFO: Kratos Multiphysics backend registered
2026-08-29 15:10:06,456 [oasis.registry] INFO: Registered backend: DUNE-fem (dune)
2026-08-29 15:10:06,457 [oasis.dune] INFO: DUNE-fem backend registered
2026-08-29 15:10:06,461 [oasis.registry] INFO: Registered backend: SPARTA (DSMC) (sparta)
2026-08-29 15:10:06,461 [oasis.sparta] INFO: SPARTA (DSMC) backend registered
2026-08-29 15:10:06,461 [oasis] INFO: Starting OASiS MCP server
2026-08-29 15:10:06,469 [mcp.server.lowlevel.server] INFO: Processing request of type CallToolRequest
2026-08-29 15:10:06,472 [mcp.server.lowlevel.server] INFO: Processing request of type ListToolsRequest
2026-08-29 15:10:18,436 [oasis.registry] INFO: Loaded discovered config: 5 backends
2026-08-29 15:10:18,437 [oasis.registry] INFO: Registered backend: 4C Multiphysics (fourc)
2026-08-29 15:10:18,437 [oasis.registry] INFO: Registered backend: FEniCSx (dolfinx) (fenics)
2026-08-29 15:10:18,438 [oasis.registry] INFO: Registered backend: deal.II (dealii)
2026-08-29 15:10:18,441 [oasis.registry] INFO: Registered backend: FEBio (febio)
2026-08-29 15:10:18,444 [oasis.registry] INFO: Registered backend: NGSolve (ngsolve)
2026-08-29 15:10:18,444 [oasis.ngsolve] INFO: NGSolve backend registered
2026-08-29 15:10:18,446 [oasis.registry] INFO: Registered backend: scikit-fem (skfem)
2026-08-29 15:10:18,446 [oasis.skfem] INFO: scikit-fem backend registered
2026-08-29 15:10:18,450 [oasis.registry] INFO: Registered backend: Kratos Multiphysics (kratos)
2026-08-29 15:10:18,450 [oasis.kratos] INFO: Kratos Multiphysics backend registered
2026-08-29 15:10:18,452 [oasis.registry] INFO: Registered backend: DUNE-fem (dune)
2026-08-29 15:10:18,452 [oasis.dune] INFO: DUNE-fem backend registered
2026-08-29 15:10:18,457 [oasis.registry] INFO: Registered backend: SPARTA (DSMC) (sparta)
2026-08-29 15:10:18,457 [oasis.sparta] INFO: SPARTA (DSMC) backend registered
2026-08-29 15:10:18,457 [oasis] INFO: Starting OASiS MCP server
2026-08-29 15:10:18,465 [mcp.server.lowlevel.server] INFO: Processing request of type CallToolRequest
2026-08-29 15:10:18,468 [mcp.server.lowlevel.server] INFO: Processing request of type ListToolsRequest
2026-08-29 15:10:27,177 [oasis.registry] INFO: Loaded discovered config: 5 backends
2026-08-29 15:10:27,178 [oasis.registry] INFO: Registered backend: 4C Multiphysics (fourc)
2026-08-29 15:10:27,179 [oasis.registry] INFO: Registered backend: FEniCSx (dolfinx) (fenics)
2026-08-29 15:10:27,180 [oasis.registry] INFO: Registered backend: deal.II (dealii)
2026-08-29 15:10:27,183 [oasis.registry] INFO: Registered backend: FEBio (febio)
2026-08-29 15:10:27,185 [oasis.registry] INFO: Registered backend: NGSolve (ngsolve)
2026-08-29 15:10:27,186 [oasis.ngsolve] INFO: NGSolve backend registered
2026-08-29 15:10:27,188 [oasis.registry] INFO: Registered backend: scikit-fem (skfem)
2026-08-29 15:10:27,188 [oasis.skfem] INFO: scikit-fem backend registered
2026-08-29 15:10:27,192 [oasis.registry] INFO: Registered backend: Kratos Multiphysics (kratos)
2026-08-29 15:10:27,192 [oasis.kratos] INFO: Kratos Multiphysics backend registered
2026-08-29 15:10:27,194 [oasis.registry] INFO: Registered backend: DUNE-fem (dune)
2026-08-29 15:10:27,194 [oasis.dune] INFO: DUNE-fem backend registered
2026-08-29 15:10:27,199 [oasis.registry] INFO: Registered backend: SPARTA (DSMC) (sparta)
2026-08-29 15:10:27,199 [oasis.sparta] INFO: SPARTA (DSMC) backend registered
2026-08-29 15:10:27,199 [oasis] INFO: Starting OASiS MCP server
2026-08-29 15:10:27,207 [mcp.server.lowlevel.server] INFO: Processing request of type CallToolRequest
2026-08-29 15:10:31,309 [mcp.server.lowlevel.server] INFO: Processing request of type ListToolsRequest
2026-08-29 15:10:31,316 [oasis] INFO: Session journal saved: /home/alexander/Schreibtisch/ofa-v2/data/sessions/session_df478e6e-0bdf-45da-968a-fe344f4b762b.json (1 events)
2026-08-29 15:10:40,419 [oasis.registry] INFO: Loaded discovered config: 5 backends
2026-08-29 15:10:40,420 [oasis.registry] INFO: Registered backend: 4C Multiphysics (fourc)
2026-08-29 15:10:40,420 [oasis.registry] INFO: Registered backend: FEniCSx (dolfinx) (fenics)
2026-08-29 15:10:40,422 [oasis.registry] INFO: Registered backend: deal.II (dealii)
2026-08-29 15:10:40,424 [oasis.registry] INFO: Registered backend: FEBio (febio)
2026-08-29 15:10:40,427 [oasis.registry] INFO: Registered backend: NGSolve (ngsolve)
2026-08-29 15:10:40,427 [oasis.ngsolve] INFO: NGSolve backend registered
2026-08-29 15:10:40,430 [oasis.registry] INFO: Registered backend: scikit-fem (skfem)
2026-08-29 15:10:40,430 [oasis.skfem] INFO: scikit-fem backend registered
2026-08-29 15:10:40,433 [oasis.registry] INFO: Registered backend: Kratos Multiphysics (kratos)
2026-08-29 15:10:40,433 [oasis.kratos] INFO: Kratos Multiphysics backend registered
2026-08-29 15:10:40,436 [oasis.registry] INFO: Registered backend: DUNE-fem (dune)
2026-08-29 15:10:40,436 [oasis.dune] INFO: DUNE-fem backend registered
2026-08-29 15:10:40,440 [oasis.registry] INFO: Registered backend: SPARTA (DSMC) (sparta)
2026-08-29 15:10:40,441 [oasis.sparta] INFO: SPARTA (DSMC) backend registered
2026-08-29 15:10:40,441 [oasis] INFO: Starting OASiS MCP server
2026-08-29 15:10:40,448 [mcp.server.lowlevel.server] INFO: Processing request of type CallToolRequest
2026-08-29 15:10:43,086 [mcp.server.lowlevel.server] INFO: Processing request of type ListToolsRequest
2026-08-29 15:10:43,091 [oasis] INFO: Session journal saved: /home/alexander/Schreibtisch/ofa-v2/data/sessions/session_80852a39-e40a-42e6-bfca-2a7656383648.json (1 events)
[preflight] custody controls verified for 1 problem(s); keys sealed and unreadable by execution
[phase: development] results are for post-mortems and convergence checking, NOT for the paper's evaluation table.
[C9 27b MCP s21] done  calls=40 tok=3000335/41249 1144.9s
/home/alexander/Schreibtisch/ofa-v2/campaign3_blind/run_blind.py:773: ResourceWarning: unclosed file <_io.TextIOWrapper name='/home/alexander/Schreibtisch/ofa-v2/campaign3_blind/runs/C9_27b_MCP_seed21/work/trajectory_live.txt' mode='a' encoding='utf-8'>
  run_one(pid, a.model, cond, a.seed, a.timeout)
ResourceWarning: Enable tracemalloc to get the object allocation traceback
/home/alexander/.local/share/python/cpython-3.12.13-linux-x86_64-gnu/lib/python3.12/asyncio/selector_events.py:879: ResourceWarning: unclosed transport <_SelectorSocketTransport fd=8>
<<< C9 seed 21 done 2026-08-29 15:13:19
[preflight] quarantined 1 directory(ies) of prior agent scratch so this run cannot read them:
             /tmp/coupled_elasticity -> runs_quarantine/stray_scratch/coupled_elasticity__41
[preflight] custody controls verified for 1 problem(s); keys sealed and unreadable by execution
[phase: development] results are for post-mortems and convergence checking, NOT for the paper's evaluation table.
[C9 27b MCP s22] done  calls=57 tok=4877644/50027 1170.3s
/home/alexander/Schreibtisch/ofa-v2/campaign3_blind/run_blind.py:773: ResourceWarning: unclosed file <_io.TextIOWrapper name='/home/alexander/Schreibtisch/ofa-v2/campaign3_blind/runs/C9_27b_MCP_seed22/work/trajectory_live.txt' mode='a' encoding='utf-8'>
  run_one(pid, a.model, cond, a.seed, a.timeout)
ResourceWarning: Enable tracemalloc to get the object allocation traceback
/home/alexander/.local/share/python/cpython-3.12.13-linux-x86_64-gnu/lib/python3.12/asyncio/selector_events.py:879: ResourceWarning: unclosed transport <_SelectorSocketTransport fd=8>
<<< C9 seed 22 done 2026-08-29 15:13:45
2026-08-29 15:16:19,055 [oasis.registry] INFO: Loaded discovered config: 5 backends
2026-08-29 15:16:19,056 [oasis.registry] INFO: Registered backend: 4C Multiphysics (fourc)
2026-08-29 15:16:19,057 [oasis.registry] INFO: Registered backend: FEniCSx (dolfinx) (fenics)
2026-08-29 15:16:19,058 [oasis.registry] INFO: Registered backend: deal.II (dealii)
2026-08-29 15:16:19,061 [oasis.registry] INFO: Registered backend: FEBio (febio)
2026-08-29 15:16:19,064 [oasis.registry] INFO: Registered backend: NGSolve (ngsolve)
2026-08-29 15:16:19,064 [oasis.ngsolve] INFO: NGSolve backend registered
2026-08-29 15:16:19,066 [oasis.registry] INFO: Registered backend: scikit-fem (skfem)
2026-08-29 15:16:19,066 [oasis.skfem] INFO: scikit-fem backend registered
2026-08-29 15:16:19,070 [oasis.registry] INFO: Registered backend: Kratos Multiphysics (kratos)
2026-08-29 15:16:19,070 [oasis.kratos] INFO: Kratos Multiphysics backend registered
2026-08-29 15:16:19,072 [oasis.registry] INFO: Registered backend: DUNE-fem (dune)
2026-08-29 15:16:19,072 [oasis.dune] INFO: DUNE-fem backend registered
2026-08-29 15:16:19,078 [oasis.registry] INFO: Registered backend: SPARTA (DSMC) (sparta)
2026-08-29 15:16:19,078 [oasis.sparta] INFO: SPARTA (DSMC) backend registered
2026-08-29 15:16:19,078 [oasis] INFO: Starting OASiS MCP server
2026-08-29 15:16:19,086 [mcp.server.lowlevel.server] INFO: Processing request of type CallToolRequest
2026-08-29 15:16:19,090 [mcp.server.lowlevel.server] INFO: Processing request of type ListToolsRequest
[preflight] custody controls verified for 1 problem(s); keys sealed and unreadable by execution
[phase: development] results are for post-mortems and convergence checking, NOT for the paper's evaluation table.
[C9 27b MCP s23] done  calls=108 tok=8998845/64257 1366.6s
/home/alexander/Schreibtisch/ofa-v2/campaign3_blind/run_blind.py:773: ResourceWarning: unclosed file <_io.TextIOWrapper name='/home/alexander/Schreibtisch/ofa-v2/campaign3_blind/runs/C9_27b_MCP_seed23/work/trajectory_live.txt' mode='a' encoding='utf-8'>
  run_one(pid, a.model, cond, a.seed, a.timeout)
ResourceWarning: Enable tracemalloc to get the object allocation traceback
/home/alexander/.local/share/python/cpython-3.12.13-linux-x86_64-gnu/lib/python3.12/asyncio/selector_events.py:879: ResourceWarning: unclosed transport <_SelectorSocketTransport fd=8>
<<< C9 seed 23 done 2026-08-29 15:17:01
>>> C9 MCP complete 2026-08-29 15:17:01
>>> C9 MCP seeds 21 22 23  start 2026-08-29 20:17:00
2026-08-29 20:17:15,478 [oasis.registry] INFO: Loaded discovered config: 5 backends
2026-08-29 20:17:15,479 [oasis.registry] INFO: Registered backend: 4C Multiphysics (fourc)
2026-08-29 20:17:15,480 [oasis.registry] INFO: Registered backend: FEniCSx (dolfinx) (fenics)
2026-08-29 20:17:15,481 [oasis.registry] INFO: Registered backend: deal.II (dealii)
2026-08-29 20:17:15,484 [oasis.registry] INFO: Registered backend: FEBio (febio)
2026-08-29 20:17:15,486 [oasis.registry] INFO: Registered backend: NGSolve (ngsolve)
2026-08-29 20:17:15,486 [oasis.ngsolve] INFO: NGSolve backend registered
2026-08-29 20:17:15,489 [oasis.registry] INFO: Registered backend: scikit-fem (skfem)
2026-08-29 20:17:15,489 [oasis.skfem] INFO: scikit-fem backend registered
2026-08-29 20:17:15,493 [oasis.registry] INFO: Registered backend: Kratos Multiphysics (kratos)
2026-08-29 20:17:15,493 [oasis.kratos] INFO: Kratos Multiphysics backend registered
2026-08-29 20:17:15,495 [oasis.registry] INFO: Registered backend: DUNE-fem (dune)
2026-08-29 20:17:15,495 [oasis.dune] INFO: DUNE-fem backend registered
2026-08-29 20:17:15,500 [oasis.registry] INFO: Registered backend: SPARTA (DSMC) (sparta)
2026-08-29 20:17:15,500 [oasis.sparta] INFO: SPARTA (DSMC) backend registered
2026-08-29 20:17:15,500 [oasis] INFO: Starting OASiS MCP server
2026-08-29 20:17:15,508 [mcp.server.lowlevel.server] INFO: Processing request of type ListToolsRequest
2026-08-29 20:17:15,678 [oasis.registry] INFO: Loaded discovered config: 5 backends
2026-08-29 20:17:15,679 [oasis.registry] INFO: Registered backend: 4C Multiphysics (fourc)
2026-08-29 20:17:15,680 [oasis.registry] INFO: Registered backend: FEniCSx (dolfinx) (fenics)
2026-08-29 20:17:15,681 [oasis.registry] INFO: Registered backend: deal.II (dealii)
2026-08-29 20:17:15,684 [oasis.registry] INFO: Registered backend: FEBio (febio)
2026-08-29 20:17:15,686 [oasis.registry] INFO: Loaded discovered config: 5 backends
2026-08-29 20:17:15,687 [oasis.registry] INFO: Registered backend: 4C Multiphysics (fourc)
2026-08-29 20:17:15,687 [oasis.registry] INFO: Registered backend: FEniCSx (dolfinx) (fenics)
2026-08-29 20:17:15,687 [oasis.registry] INFO: Registered backend: NGSolve (ngsolve)
2026-08-29 20:17:15,687 [oasis.ngsolve] INFO: NGSolve backend registered
2026-08-29 20:17:15,688 [oasis.registry] INFO: Registered backend: deal.II (dealii)
2026-08-29 20:17:15,690 [oasis.registry] INFO: Registered backend: scikit-fem (skfem)
2026-08-29 20:17:15,690 [oasis.skfem] INFO: scikit-fem backend registered
2026-08-29 20:17:15,691 [oasis.registry] INFO: Registered backend: FEBio (febio)
2026-08-29 20:17:15,694 [oasis.registry] INFO: Registered backend: NGSolve (ngsolve)
2026-08-29 20:17:15,694 [oasis.ngsolve] INFO: NGSolve backend registered
2026-08-29 20:17:15,694 [oasis.registry] INFO: Registered backend: Kratos Multiphysics (kratos)
2026-08-29 20:17:15,694 [oasis.kratos] INFO: Kratos Multiphysics backend registered
2026-08-29 20:17:15,697 [oasis.registry] INFO: Registered backend: scikit-fem (skfem)
2026-08-29 20:17:15,697 [oasis.skfem] INFO: scikit-fem backend registered
2026-08-29 20:17:15,697 [oasis.registry] INFO: Registered backend: DUNE-fem (dune)
2026-08-29 20:17:15,697 [oasis.dune] INFO: DUNE-fem backend registered
2026-08-29 20:17:15,700 [oasis.registry] INFO: Registered backend: Kratos Multiphysics (kratos)
2026-08-29 20:17:15,700 [oasis.kratos] INFO: Kratos Multiphysics backend registered
2026-08-29 20:17:15,702 [oasis.registry] INFO: Registered backend: SPARTA (DSMC) (sparta)
2026-08-29 20:17:15,702 [oasis.sparta] INFO: SPARTA (DSMC) backend registered
2026-08-29 20:17:15,702 [oasis] INFO: Starting OASiS MCP server
2026-08-29 20:17:15,703 [oasis.registry] INFO: Registered backend: DUNE-fem (dune)
2026-08-29 20:17:15,703 [oasis.dune] INFO: DUNE-fem backend registered
2026-08-29 20:17:15,708 [oasis.registry] INFO: Registered backend: SPARTA (DSMC) (sparta)
2026-08-29 20:17:15,708 [oasis.sparta] INFO: SPARTA (DSMC) backend registered
2026-08-29 20:17:15,708 [oasis] INFO: Starting OASiS MCP server
2026-08-29 20:17:15,711 [mcp.server.lowlevel.server] INFO: Processing request of type ListToolsRequest
2026-08-29 20:17:15,717 [mcp.server.lowlevel.server] INFO: Processing request of type ListToolsRequest
2026-08-29 20:17:28,399 [oasis.registry] INFO: Loaded discovered config: 5 backends
2026-08-29 20:17:28,400 [oasis.registry] INFO: Registered backend: 4C Multiphysics (fourc)
2026-08-29 20:17:28,401 [oasis.registry] INFO: Registered backend: FEniCSx (dolfinx) (fenics)
2026-08-29 20:17:28,402 [oasis.registry] INFO: Registered backend: deal.II (dealii)
2026-08-29 20:17:28,405 [oasis.registry] INFO: Registered backend: FEBio (febio)
2026-08-29 20:17:28,407 [oasis.registry] INFO: Loaded discovered config: 5 backends
2026-08-29 20:17:28,408 [oasis.registry] INFO: Registered backend: NGSolve (ngsolve)
2026-08-29 20:17:28,408 [oasis.ngsolve] INFO: NGSolve backend registered
2026-08-29 20:17:28,408 [oasis.registry] INFO: Registered backend: 4C Multiphysics (fourc)
2026-08-29 20:17:28,409 [oasis.registry] INFO: Registered backend: FEniCSx (dolfinx) (fenics)
2026-08-29 20:17:28,410 [oasis.registry] INFO: Registered backend: deal.II (dealii)
2026-08-29 20:17:28,410 [oasis.registry] INFO: Registered backend: scikit-fem (skfem)
2026-08-29 20:17:28,411 [oasis.skfem] INFO: scikit-fem backend registered
2026-08-29 20:17:28,413 [oasis.registry] INFO: Registered backend: FEBio (febio)
2026-08-29 20:17:28,414 [oasis.registry] INFO: Registered backend: Kratos Multiphysics (kratos)
2026-08-29 20:17:28,414 [oasis.kratos] INFO: Kratos Multiphysics backend registered
2026-08-29 20:17:28,416 [oasis.registry] INFO: Registered backend: NGSolve (ngsolve)
2026-08-29 20:17:28,416 [oasis.ngsolve] INFO: NGSolve backend registered
2026-08-29 20:17:28,417 [oasis.registry] INFO: Registered backend: DUNE-fem (dune)
2026-08-29 20:17:28,417 [oasis.dune] INFO: DUNE-fem backend registered
2026-08-29 20:17:28,419 [oasis.registry] INFO: Registered backend: scikit-fem (skfem)
2026-08-29 20:17:28,419 [oasis.skfem] INFO: scikit-fem backend registered
2026-08-29 20:17:28,422 [oasis.registry] INFO: Registered backend: SPARTA (DSMC) (sparta)
2026-08-29 20:17:28,422 [oasis.sparta] INFO: SPARTA (DSMC) backend registered
2026-08-29 20:17:28,422 [oasis] INFO: Starting OASiS MCP server
2026-08-29 20:17:28,422 [oasis.registry] INFO: Registered backend: Kratos Multiphysics (kratos)
2026-08-29 20:17:28,422 [oasis.kratos] INFO: Kratos Multiphysics backend registered
2026-08-29 20:17:28,425 [oasis.registry] INFO: Registered backend: DUNE-fem (dune)
2026-08-29 20:17:28,425 [oasis.dune] INFO: DUNE-fem backend registered
2026-08-29 20:17:28,430 [oasis.registry] INFO: Registered backend: SPARTA (DSMC) (sparta)
2026-08-29 20:17:28,430 [oasis.sparta] INFO: SPARTA (DSMC) backend registered
2026-08-29 20:17:28,430 [oasis] INFO: Starting OASiS MCP server
2026-08-29 20:17:28,430 [mcp.server.lowlevel.server] INFO: Processing request of type CallToolRequest
2026-08-29 20:17:28,437 [mcp.server.lowlevel.server] INFO: Processing request of type CallToolRequest
2026-08-29 20:17:28,910 [oasis.registry] INFO: Loaded discovered config: 5 backends
2026-08-29 20:17:28,911 [oasis.registry] INFO: Registered backend: 4C Multiphysics (fourc)
2026-08-29 20:17:28,912 [oasis.registry] INFO: Registered backend: FEniCSx (dolfinx) (fenics)
2026-08-29 20:17:28,913 [oasis.registry] INFO: Registered backend: deal.II (dealii)
2026-08-29 20:17:28,916 [oasis.registry] INFO: Registered backend: FEBio (febio)
2026-08-29 20:17:28,919 [oasis.registry] INFO: Registered backend: NGSolve (ngsolve)
2026-08-29 20:17:28,919 [oasis.ngsolve] INFO: NGSolve backend registered
2026-08-29 20:17:28,922 [oasis.registry] INFO: Registered backend: scikit-fem (skfem)
2026-08-29 20:17:28,922 [oasis.skfem] INFO: scikit-fem backend registered
2026-08-29 20:17:28,926 [oasis.registry] INFO: Registered backend: Kratos Multiphysics (kratos)
2026-08-29 20:17:28,926 [oasis.kratos] INFO: Kratos Multiphysics backend registered
2026-08-29 20:17:28,928 [oasis.registry] INFO: Registered backend: DUNE-fem (dune)
2026-08-29 20:17:28,928 [oasis.dune] INFO: DUNE-fem backend registered
2026-08-29 20:17:28,933 [oasis.registry] INFO: Registered backend: SPARTA (DSMC) (sparta)
2026-08-29 20:17:28,933 [oasis.sparta] INFO: SPARTA (DSMC) backend registered
2026-08-29 20:17:28,933 [oasis] INFO: Starting OASiS MCP server
2026-08-29 20:17:28,942 [mcp.server.lowlevel.server] INFO: Processing request of type CallToolRequest
2026-08-29 20:17:28,965 [oasis.registry] INFO: Loaded discovered config: 5 backends
2026-08-29 20:17:28,966 [oasis.registry] INFO: Registered backend: 4C Multiphysics (fourc)
2026-08-29 20:17:28,966 [oasis.registry] INFO: Registered backend: FEniCSx (dolfinx) (fenics)
2026-08-29 20:17:28,967 [oasis.registry] INFO: Loaded discovered config: 5 backends
2026-08-29 20:17:28,968 [oasis.registry] INFO: Registered backend: deal.II (dealii)
2026-08-29 20:17:28,968 [oasis.registry] INFO: Registered backend: 4C Multiphysics (fourc)
2026-08-29 20:17:28,969 [oasis.registry] INFO: Registered backend: FEniCSx (dolfinx) (fenics)
2026-08-29 20:17:28,970 [oasis.registry] INFO: Registered backend: deal.II (dealii)
2026-08-29 20:17:28,971 [oasis.registry] INFO: Registered backend: FEBio (febio)
2026-08-29 20:17:28,973 [oasis.registry] INFO: Registered backend: FEBio (febio)
2026-08-29 20:17:28,973 [oasis.registry] INFO: Registered backend: NGSolve (ngsolve)
2026-08-29 20:17:28,974 [oasis.ngsolve] INFO: NGSolve backend registered
2026-08-29 20:17:28,976 [oasis.registry] INFO: Registered backend: NGSolve (ngsolve)
2026-08-29 20:17:28,976 [oasis.ngsolve] INFO: NGSolve backend registered
2026-08-29 20:17:28,976 [oasis.registry] INFO: Registered backend: scikit-fem (skfem)
2026-08-29 20:17:28,976 [oasis.skfem] INFO: scikit-fem backend registered
2026-08-29 20:17:28,979 [oasis.registry] INFO: Registered backend: scikit-fem (skfem)
2026-08-29 20:17:28,979 [oasis.skfem] INFO: scikit-fem backend registered
2026-08-29 20:17:28,980 [oasis.registry] INFO: Registered backend: Kratos Multiphysics (kratos)
2026-08-29 20:17:28,980 [oasis.kratos] INFO: Kratos Multiphysics backend registered
2026-08-29 20:17:28,982 [oasis.registry] INFO: Registered backend: DUNE-fem (dune)
2026-08-29 20:17:28,983 [oasis.registry] INFO: Registered backend: Kratos Multiphysics (kratos)
2026-08-29 20:17:28,983 [oasis.dune] INFO: DUNE-fem backend registered
2026-08-29 20:17:28,983 [oasis.kratos] INFO: Kratos Multiphysics backend registered
2026-08-29 20:17:28,985 [oasis.registry] INFO: Registered backend: DUNE-fem (dune)
2026-08-29 20:17:28,985 [oasis.dune] INFO: DUNE-fem backend registered
2026-08-29 20:17:28,988 [oasis.registry] INFO: Registered backend: SPARTA (DSMC) (sparta)
2026-08-29 20:17:28,988 [oasis.sparta] INFO: SPARTA (DSMC) backend registered
2026-08-29 20:17:28,988 [oasis] INFO: Starting OASiS MCP server
2026-08-29 20:17:28,990 [oasis.registry] INFO: Registered backend: SPARTA (DSMC) (sparta)
2026-08-29 20:17:28,990 [oasis.sparta] INFO: SPARTA (DSMC) backend registered
2026-08-29 20:17:28,990 [oasis] INFO: Starting OASiS MCP server
2026-08-29 20:17:28,997 [mcp.server.lowlevel.server] INFO: Processing request of type CallToolRequest
2026-08-29 20:17:28,997 [mcp.server.lowlevel.server] INFO: Processing request of type CallToolRequest
2026-08-29 20:17:29,003 [mcp.server.lowlevel.server] INFO: Processing request of type ListToolsRequest
2026-08-29 20:17:29,003 [mcp.server.lowlevel.server] INFO: Processing request of type ListToolsRequest
2026-08-29 20:17:29,012 [oasis] INFO: Session journal saved: /home/alexander/Schreibtisch/ofa-v2/data/sessions/session_155b0076-53fd-4ef7-aa2d-f640919ff172.json (1 events)
2026-08-29 20:17:29,014 [oasis] INFO: Session journal saved: /home/alexander/Schreibtisch/ofa-v2/data/sessions/session_6e29a6a3-0234-4b70-98b6-68aea6e81ca2.json (1 events)
2026-08-29 20:17:32,150 [mcp.server.lowlevel.server] INFO: Processing request of type ListToolsRequest
2026-08-29 20:17:32,156 [mcp.server.lowlevel.server] INFO: Processing request of type ListToolsRequest
2026-08-29 20:17:32,157 [oasis] INFO: Session journal saved: /home/alexander/Schreibtisch/ofa-v2/data/sessions/session_604d6572-1edb-429f-bb1e-0b51895a3cb5.json (1 events)
2026-08-29 20:17:32,162 [oasis] INFO: Session journal saved: /home/alexander/Schreibtisch/ofa-v2/data/sessions/session_81a4bb9f-b202-421b-93c4-b9dd7a975289.json (1 events)
2026-08-29 20:17:32,445 [mcp.server.lowlevel.server] INFO: Processing request of type ListToolsRequest
2026-08-29 20:17:42,538 [oasis.registry] INFO: Loaded discovered config: 5 backends
2026-08-29 20:17:42,539 [oasis.registry] INFO: Registered backend: 4C Multiphysics (fourc)
2026-08-29 20:17:42,540 [oasis.registry] INFO: Registered backend: FEniCSx (dolfinx) (fenics)
2026-08-29 20:17:42,541 [oasis.registry] INFO: Registered backend: deal.II (dealii)
2026-08-29 20:17:42,544 [oasis.registry] INFO: Registered backend: FEBio (febio)
2026-08-29 20:17:42,546 [oasis.registry] INFO: Registered backend: NGSolve (ngsolve)
2026-08-29 20:17:42,546 [oasis.ngsolve] INFO: NGSolve backend registered
2026-08-29 20:17:42,549 [oasis.registry] INFO: Registered backend: scikit-fem (skfem)
2026-08-29 20:17:42,549 [oasis.skfem] INFO: scikit-fem backend registered
2026-08-29 20:17:42,553 [oasis.registry] INFO: Registered backend: Kratos Multiphysics (kratos)
2026-08-29 20:17:42,553 [oasis.kratos] INFO: Kratos Multiphysics backend registered
2026-08-29 20:17:42,555 [oasis.registry] INFO: Loaded discovered config: 5 backends
2026-08-29 20:17:42,555 [oasis.registry] INFO: Registered backend: DUNE-fem (dune)
2026-08-29 20:17:42,555 [oasis.dune] INFO: DUNE-fem backend registered
2026-08-29 20:17:42,556 [oasis.registry] INFO: Registered backend: 4C Multiphysics (fourc)
2026-08-29 20:17:42,556 [oasis.registry] INFO: Registered backend: FEniCSx (dolfinx) (fenics)
2026-08-29 20:17:42,558 [oasis.registry] INFO: Registered backend: deal.II (dealii)
2026-08-29 20:17:42,560 [oasis.registry] INFO: Registered backend: SPARTA (DSMC) (sparta)
2026-08-29 20:17:42,560 [oasis.sparta] INFO: SPARTA (DSMC) backend registered
2026-08-29 20:17:42,560 [oasis] INFO: Starting OASiS MCP server
2026-08-29 20:17:42,561 [oasis.registry] INFO: Registered backend: FEBio (febio)
2026-08-29 20:17:42,563 [oasis.registry] INFO: Registered backend: NGSolve (ngsolve)
2026-08-29 20:17:42,563 [oasis.ngsolve] INFO: NGSolve backend registered
2026-08-29 20:17:42,566 [oasis.registry] INFO: Registered backend: scikit-fem (skfem)
2026-08-29 20:17:42,566 [oasis.skfem] INFO: scikit-fem backend registered
2026-08-29 20:17:42,568 [mcp.server.lowlevel.server] INFO: Processing request of type CallToolRequest
2026-08-29 20:17:42,569 [oasis.registry] INFO: Registered backend: Kratos Multiphysics (kratos)
2026-08-29 20:17:42,569 [oasis.kratos] INFO: Kratos Multiphysics backend registered
2026-08-29 20:17:42,572 [oasis.registry] INFO: Registered backend: DUNE-fem (dune)
2026-08-29 20:17:42,572 [oasis.dune] INFO: DUNE-fem backend registered
2026-08-29 20:17:42,577 [oasis.registry] INFO: Registered backend: SPARTA (DSMC) (sparta)
2026-08-29 20:17:42,577 [oasis.sparta] INFO: SPARTA (DSMC) backend registered
2026-08-29 20:17:42,577 [oasis] INFO: Starting OASiS MCP server
2026-08-29 20:17:42,583 [mcp.server.lowlevel.server] INFO: Processing request of type ListToolsRequest
2026-08-29 20:17:42,588 [mcp.server.lowlevel.server] INFO: Processing request of type CallToolRequest
2026-08-29 20:17:42,591 [oasis] INFO: Session journal saved: /home/alexander/Schreibtisch/ofa-v2/data/sessions/session_315568cf-73a0-400d-8de5-3c97fe4efc5e.json (1 events)
2026-08-29 20:17:42,604 [mcp.server.lowlevel.server] INFO: Processing request of type ListToolsRequest
2026-08-29 20:17:42,612 [oasis] INFO: Session journal saved: /home/alexander/Schreibtisch/ofa-v2/data/sessions/session_eb445486-3654-4a05-82f4-cfa30d6c625f.json (1 events)
2026-08-29 20:17:43,262 [oasis.registry] INFO: Loaded discovered config: 5 backends
2026-08-29 20:17:43,263 [oasis.registry] INFO: Registered backend: 4C Multiphysics (fourc)
2026-08-29 20:17:43,264 [oasis.registry] INFO: Registered backend: FEniCSx (dolfinx) (fenics)
2026-08-29 20:17:43,265 [oasis.registry] INFO: Loaded discovered config: 5 backends
2026-08-29 20:17:43,265 [oasis.registry] INFO: Registered backend: deal.II (dealii)
2026-08-29 20:17:43,266 [oasis.registry] INFO: Registered backend: 4C Multiphysics (fourc)
2026-08-29 20:17:43,266 [oasis.registry] INFO: Registered backend: FEniCSx (dolfinx) (fenics)
2026-08-29 20:17:43,267 [oasis.registry] INFO: Registered backend: deal.II (dealii)
2026-08-29 20:17:43,268 [oasis.registry] INFO: Registered backend: FEBio (febio)
2026-08-29 20:17:43,270 [oasis.registry] INFO: Registered backend: FEBio (febio)
2026-08-29 20:17:43,271 [oasis.registry] INFO: Registered backend: NGSolve (ngsolve)
2026-08-29 20:17:43,271 [oasis.ngsolve] INFO: NGSolve backend registered
2026-08-29 20:17:43,273 [oasis.registry] INFO: Loaded discovered config: 5 backends
2026-08-29 20:17:43,273 [oasis.registry] INFO: Registered backend: NGSolve (ngsolve)
2026-08-29 20:17:43,273 [oasis.ngsolve] INFO: NGSolve backend registered
2026-08-29 20:17:43,273 [oasis.registry] INFO: Registered backend: scikit-fem (skfem)
2026-08-29 20:17:43,273 [oasis.skfem] INFO: scikit-fem backend registered
2026-08-29 20:17:43,274 [oasis.registry] INFO: Registered backend: 4C Multiphysics (fourc)
2026-08-29 20:17:43,274 [oasis.registry] INFO: Registered backend: FEniCSx (dolfinx) (fenics)
2026-08-29 20:17:43,275 [oasis.registry] INFO: Registered backend: scikit-fem (skfem)
2026-08-29 20:17:43,275 [oasis.registry] INFO: Registered backend: deal.II (dealii)
2026-08-29 20:17:43,275 [oasis.skfem] INFO: scikit-fem backend registered
2026-08-29 20:17:43,277 [oasis.registry] INFO: Registered backend: Kratos Multiphysics (kratos)
2026-08-29 20:17:43,277 [oasis.kratos] INFO: Kratos Multiphysics backend registered
2026-08-29 20:17:43,278 [oasis.registry] INFO: Registered backend: FEBio (febio)
2026-08-29 20:17:43,279 [oasis.registry] INFO: Registered backend: Kratos Multiphysics (kratos)
2026-08-29 20:17:43,279 [oasis.kratos] INFO: Kratos Multiphysics backend registered
2026-08-29 20:17:43,279 [oasis.registry] INFO: Registered backend: DUNE-fem (dune)
2026-08-29 20:17:43,279 [oasis.dune] INFO: DUNE-fem backend registered
2026-08-29 20:17:43,281 [oasis.registry] INFO: Registered backend: NGSolve (ngsolve)
2026-08-29 20:17:43,281 [oasis.ngsolve] INFO: NGSolve backend registered
2026-08-29 20:17:43,281 [oasis.registry] INFO: Registered backend: DUNE-fem (dune)
2026-08-29 20:17:43,281 [oasis.dune] INFO: DUNE-fem backend registered
2026-08-29 20:17:43,284 [oasis.registry] INFO: Registered backend: scikit-fem (skfem)
2026-08-29 20:17:43,284 [oasis.skfem] INFO: scikit-fem backend registered
2026-08-29 20:17:43,284 [oasis.registry] INFO: Registered backend: SPARTA (DSMC) (sparta)
2026-08-29 20:17:43,284 [oasis.sparta] INFO: SPARTA (DSMC) backend registered
2026-08-29 20:17:43,284 [oasis] INFO: Starting OASiS MCP server
2026-08-29 20:17:43,286 [oasis.registry] INFO: Registered backend: SPARTA (DSMC) (sparta)
2026-08-29 20:17:43,286 [oasis.sparta] INFO: SPARTA (DSMC) backend registered
2026-08-29 20:17:43,286 [oasis] INFO: Starting OASiS MCP server
2026-08-29 20:17:43,287 [oasis.registry] INFO: Registered backend: Kratos Multiphysics (kratos)
2026-08-29 20:17:43,287 [oasis.kratos] INFO: Kratos Multiphysics backend registered
2026-08-29 20:17:43,290 [oasis.registry] INFO: Registered backend: DUNE-fem (dune)
2026-08-29 20:17:43,290 [oasis.dune] INFO: DUNE-fem backend registered
2026-08-29 20:17:43,293 [mcp.server.lowlevel.server] INFO: Processing request of type CallToolRequest
2026-08-29 20:17:43,294 [mcp.server.lowlevel.server] INFO: Processing request of type CallToolRequest
2026-08-29 20:17:43,295 [oasis.registry] INFO: Registered backend: SPARTA (DSMC) (sparta)
2026-08-29 20:17:43,295 [oasis.sparta] INFO: SPARTA (DSMC) backend registered
2026-08-29 20:17:43,295 [oasis] INFO: Starting OASiS MCP server
2026-08-29 20:17:43,303 [mcp.server.lowlevel.server] INFO: Processing request of type CallToolRequest
2026-08-29 20:17:43,304 [mcp.server.lowlevel.server] INFO: Processing request of type ListToolsRequest
2026-08-29 20:17:43,310 [oasis] INFO: Session journal saved: /home/alexander/Schreibtisch/ofa-v2/data/sessions/session_4b0f5e39-e6e9-4529-8c6c-2fc1fed50c78.json (1 events)
2026-08-29 20:17:43,310 [mcp.server.lowlevel.server] INFO: Processing request of type ListToolsRequest
2026-08-29 20:17:43,311 [mcp.server.lowlevel.server] INFO: Processing request of type ListToolsRequest
2026-08-29 20:17:43,318 [oasis] INFO: Session journal saved: /home/alexander/Schreibtisch/ofa-v2/data/sessions/session_1457fe03-c7e4-4814-87e8-a55308402398.json (1 events)
2026-08-29 20:17:43,320 [oasis] INFO: Session journal saved: /home/alexander/Schreibtisch/ofa-v2/data/sessions/session_f0b89a6b-5474-451c-b24a-23f52e012f45.json (1 events)
2026-08-29 20:18:03,887 [oasis.registry] INFO: Loaded discovered config: 5 backends
2026-08-29 20:18:03,888 [oasis.registry] INFO: Registered backend: 4C Multiphysics (fourc)
2026-08-29 20:18:03,888 [oasis.registry] INFO: Registered backend: FEniCSx (dolfinx) (fenics)
2026-08-29 20:18:03,890 [oasis.registry] INFO: Registered backend: deal.II (dealii)
2026-08-29 20:18:03,893 [oasis.registry] INFO: Registered backend: FEBio (febio)
2026-08-29 20:18:03,895 [oasis.registry] INFO: Registered backend: NGSolve (ngsolve)
2026-08-29 20:18:03,895 [oasis.ngsolve] INFO: NGSolve backend registered
2026-08-29 20:18:03,898 [oasis.registry] INFO: Registered backend: scikit-fem (skfem)
2026-08-29 20:18:03,898 [oasis.skfem] INFO: scikit-fem backend registered
2026-08-29 20:18:03,900 [oasis.registry] INFO: Loaded discovered config: 5 backends
2026-08-29 20:18:03,901 [oasis.registry] INFO: Registered backend: 4C Multiphysics (fourc)
2026-08-29 20:18:03,902 [oasis.registry] INFO: Registered backend: Kratos Multiphysics (kratos)
2026-08-29 20:18:03,902 [oasis.kratos] INFO: Kratos Multiphysics backend registered
2026-08-29 20:18:03,902 [oasis.registry] INFO: Registered backend: FEniCSx (dolfinx) (fenics)
2026-08-29 20:18:03,903 [oasis.registry] INFO: Registered backend: deal.II (dealii)
2026-08-29 20:18:03,904 [oasis.registry] INFO: Registered backend: DUNE-fem (dune)
2026-08-29 20:18:03,904 [oasis.dune] INFO: DUNE-fem backend registered
2026-08-29 20:18:03,906 [oasis.registry] INFO: Registered backend: FEBio (febio)
2026-08-29 20:18:03,908 [oasis.registry] INFO: Registered backend: NGSolve (ngsolve)
2026-08-29 20:18:03,909 [oasis.ngsolve] INFO: NGSolve backend registered
2026-08-29 20:18:03,909 [oasis.registry] INFO: Registered backend: SPARTA (DSMC) (sparta)
2026-08-29 20:18:03,909 [oasis.sparta] INFO: SPARTA (DSMC) backend registered
2026-08-29 20:18:03,909 [oasis] INFO: Starting OASiS MCP server
2026-08-29 20:18:03,911 [oasis.registry] INFO: Registered backend: scikit-fem (skfem)
2026-08-29 20:18:03,911 [oasis.skfem] INFO: scikit-fem backend registered
2026-08-29 20:18:03,915 [oasis.registry] INFO: Registered backend: Kratos Multiphysics (kratos)
2026-08-29 20:18:03,915 [oasis.kratos] INFO: Kratos Multiphysics backend registered
2026-08-29 20:18:03,917 [mcp.server.lowlevel.server] INFO: Processing request of type CallToolRequest
2026-08-29 20:18:03,917 [oasis.registry] INFO: Registered backend: DUNE-fem (dune)
2026-08-29 20:18:03,917 [oasis.dune] INFO: DUNE-fem backend registered
2026-08-29 20:18:03,922 [oasis.registry] INFO: Registered backend: SPARTA (DSMC) (sparta)
2026-08-29 20:18:03,922 [oasis.sparta] INFO: SPARTA (DSMC) backend registered
2026-08-29 20:18:03,922 [oasis] INFO: Starting OASiS MCP server
2026-08-29 20:18:03,930 [mcp.server.lowlevel.server] INFO: Processing request of type CallToolRequest
2026-08-29 20:18:03,931 [mcp.server.lowlevel.server] INFO: Processing request of type ListToolsRequest
2026-08-29 20:18:03,937 [oasis] INFO: Session journal saved: /home/alexander/Schreibtisch/ofa-v2/data/sessions/session_aecc1844-5302-45de-8eeb-971819f19629.json (1 events)
2026-08-29 20:18:03,946 [mcp.server.lowlevel.server] INFO: Processing request of type ListToolsRequest
2026-08-29 20:18:03,952 [oasis] INFO: Session journal saved: /home/alexander/Schreibtisch/ofa-v2/data/sessions/session_c3ad14e2-0f8e-48e9-b531-bbfd9f6f52f4.json (1 events)
/home/alexander/Schreibtisch/ofa-v2/langgraph_eval/agent.py:300: RuntimeWarning: This package (`duckduckgo_search`) has been renamed to `ddgs`! Use `pip install ddgs` instead.
  with DDGS() as ddgs:
/home/alexander/Schreibtisch/ofa-v2/langgraph_eval/agent.py:300: RuntimeWarning: This package (`duckduckgo_search`) has been renamed to `ddgs`! Use `pip install ddgs` instead.
  with DDGS() as ddgs:
2026-08-29 20:18:17,720 [oasis.registry] INFO: Loaded discovered config: 5 backends
2026-08-29 20:18:17,721 [oasis.registry] INFO: Registered backend: 4C Multiphysics (fourc)
2026-08-29 20:18:17,721 [oasis.registry] INFO: Registered backend: FEniCSx (dolfinx) (fenics)
2026-08-29 20:18:17,722 [oasis.registry] INFO: Registered backend: deal.II (dealii)
2026-08-29 20:18:17,725 [oasis.registry] INFO: Registered backend: FEBio (febio)
2026-08-29 20:18:17,728 [oasis.registry] INFO: Registered backend: NGSolve (ngsolve)
2026-08-29 20:18:17,728 [oasis.ngsolve] INFO: NGSolve backend registered
2026-08-29 20:18:17,730 [oasis.registry] INFO: Registered backend: scikit-fem (skfem)
2026-08-29 20:18:17,730 [oasis.skfem] INFO: scikit-fem backend registered
2026-08-29 20:18:17,734 [oasis.registry] INFO: Registered backend: Kratos Multiphysics (kratos)
2026-08-29 20:18:17,734 [oasis.kratos] INFO: Kratos Multiphysics backend registered
2026-08-29 20:18:17,736 [oasis.registry] INFO: Registered backend: DUNE-fem (dune)
2026-08-29 20:18:17,736 [oasis.dune] INFO: DUNE-fem backend registered
2026-08-29 20:18:17,741 [oasis.registry] INFO: Registered backend: SPARTA (DSMC) (sparta)
2026-08-29 20:18:17,741 [oasis.sparta] INFO: SPARTA (DSMC) backend registered
2026-08-29 20:18:17,741 [oasis] INFO: Starting OASiS MCP server
2026-08-29 20:18:17,749 [mcp.server.lowlevel.server] INFO: Processing request of type CallToolRequest
2026-08-29 20:18:17,766 [mcp.server.lowlevel.server] INFO: Processing request of type ListToolsRequest
2026-08-29 20:18:17,771 [oasis] INFO: Session journal saved: /home/alexander/Schreibtisch/ofa-v2/data/sessions/session_279a381f-c9f0-42fa-9d94-176505c89e7c.json (1 events)
/home/alexander/Schreibtisch/ofa-v2/langgraph_eval/agent.py:300: RuntimeWarning: This package (`duckduckgo_search`) has been renamed to `ddgs`! Use `pip install ddgs` instead.
  with DDGS() as ddgs:
2026-08-29 20:18:44,830 [oasis.registry] INFO: Loaded discovered config: 5 backends
2026-08-29 20:18:44,831 [oasis.registry] INFO: Registered backend: 4C Multiphysics (fourc)
2026-08-29 20:18:44,832 [oasis.registry] INFO: Registered backend: FEniCSx (dolfinx) (fenics)
2026-08-29 20:18:44,833 [oasis.registry] INFO: Registered backend: deal.II (dealii)
2026-08-29 20:18:44,836 [oasis.registry] INFO: Registered backend: FEBio (febio)
2026-08-29 20:18:44,838 [oasis.registry] INFO: Registered backend: NGSolve (ngsolve)
2026-08-29 20:18:44,838 [oasis.ngsolve] INFO: NGSolve backend registered
2026-08-29 20:18:44,841 [oasis.registry] INFO: Registered backend: scikit-fem (skfem)
2026-08-29 20:18:44,841 [oasis.skfem] INFO: scikit-fem backend registered
2026-08-29 20:18:44,845 [oasis.registry] INFO: Registered backend: Kratos Multiphysics (kratos)
2026-08-29 20:18:44,845 [oasis.kratos] INFO: Kratos Multiphysics backend registered
2026-08-29 20:18:44,847 [oasis.registry] INFO: Registered backend: DUNE-fem (dune)
2026-08-29 20:18:44,847 [oasis.dune] INFO: DUNE-fem backend registered
2026-08-29 20:18:44,852 [oasis.registry] INFO: Registered backend: SPARTA (DSMC) (sparta)
2026-08-29 20:18:44,852 [oasis.sparta] INFO: SPARTA (DSMC) backend registered
2026-08-29 20:18:44,852 [oasis] INFO: Starting OASiS MCP server
2026-08-29 20:18:44,860 [mcp.server.lowlevel.server] INFO: Processing request of type CallToolRequest
2026-08-29 20:18:48,116 [mcp.server.lowlevel.server] INFO: Processing request of type ListToolsRequest
2026-08-29 20:18:48,124 [oasis] INFO: Session journal saved: /home/alexander/Schreibtisch/ofa-v2/data/sessions/session_38bb0978-9176-4c11-9f61-40c8d05697d9.json (1 events)
/home/alexander/Schreibtisch/ofa-v2/langgraph_eval/agent.py:300: RuntimeWarning: This package (`duckduckgo_search`) has been renamed to `ddgs`! Use `pip install ddgs` instead.
  with DDGS() as ddgs:
2026-08-29 20:18:51,953 [oasis.registry] INFO: Loaded discovered config: 5 backends
2026-08-29 20:18:51,954 [oasis.registry] INFO: Registered backend: 4C Multiphysics (fourc)
2026-08-29 20:18:51,955 [oasis.registry] INFO: Registered backend: FEniCSx (dolfinx) (fenics)
2026-08-29 20:18:51,956 [oasis.registry] INFO: Registered backend: deal.II (dealii)
2026-08-29 20:18:51,959 [oasis.registry] INFO: Registered backend: FEBio (febio)
2026-08-29 20:18:51,961 [oasis.registry] INFO: Registered backend: NGSolve (ngsolve)
2026-08-29 20:18:51,961 [oasis.ngsolve] INFO: NGSolve backend registered
2026-08-29 20:18:51,964 [oasis.registry] INFO: Registered backend: scikit-fem (skfem)
2026-08-29 20:18:51,964 [oasis.skfem] INFO: scikit-fem backend registered
2026-08-29 20:18:51,968 [oasis.registry] INFO: Registered backend: Kratos Multiphysics (kratos)
2026-08-29 20:18:51,968 [oasis.kratos] INFO: Kratos Multiphysics backend registered
2026-08-29 20:18:51,970 [oasis.registry] INFO: Registered backend: DUNE-fem (dune)
2026-08-29 20:18:51,970 [oasis.dune] INFO: DUNE-fem backend registered
/home/alexander/Schreibtisch/ofa-v2/langgraph_eval/agent.py:300: RuntimeWarning: This package (`duckduckgo_search`) has been renamed to `ddgs`! Use `pip install ddgs` instead.
  with DDGS() as ddgs:
2026-08-29 20:18:51,975 [oasis.registry] INFO: Registered backend: SPARTA (DSMC) (sparta)
2026-08-29 20:18:51,975 [oasis.sparta] INFO: SPARTA (DSMC) backend registered
2026-08-29 20:18:51,975 [oasis] INFO: Starting OASiS MCP server
2026-08-29 20:18:51,983 [mcp.server.lowlevel.server] INFO: Processing request of type CallToolRequest
2026-08-29 20:18:51,998 [mcp.server.lowlevel.server] INFO: Processing request of type ListToolsRequest
2026-08-29 20:18:52,004 [oasis] INFO: Session journal saved: /home/alexander/Schreibtisch/ofa-v2/data/sessions/session_fed13911-dbbb-4b05-ac7d-93f84492de53.json (1 events)
/home/alexander/Schreibtisch/ofa-v2/langgraph_eval/agent.py:300: RuntimeWarning: This package (`duckduckgo_search`) has been renamed to `ddgs`! Use `pip install ddgs` instead.
  with DDGS() as ddgs:
2026-08-29 20:18:52,170 [oasis.registry] INFO: Loaded discovered config: 5 backends
2026-08-29 20:18:52,171 [oasis.registry] INFO: Registered backend: 4C Multiphysics (fourc)
2026-08-29 20:18:52,172 [oasis.registry] INFO: Registered backend: FEniCSx (dolfinx) (fenics)
2026-08-29 20:18:52,173 [oasis.registry] INFO: Registered backend: deal.II (dealii)
2026-08-29 20:18:52,176 [oasis.registry] INFO: Registered backend: FEBio (febio)
2026-08-29 20:18:52,178 [oasis.registry] INFO: Registered backend: NGSolve (ngsolve)
2026-08-29 20:18:52,179 [oasis.ngsolve] INFO: NGSolve backend registered
2026-08-29 20:18:52,182 [oasis.registry] INFO: Registered backend: scikit-fem (skfem)
2026-08-29 20:18:52,182 [oasis.skfem] INFO: scikit-fem backend registered
2026-08-29 20:18:52,186 [oasis.registry] INFO: Registered backend: Kratos Multiphysics (kratos)
2026-08-29 20:18:52,186 [oasis.kratos] INFO: Kratos Multiphysics backend registered
2026-08-29 20:18:52,188 [oasis.registry] INFO: Registered backend: DUNE-fem (dune)
2026-08-29 20:18:52,188 [oasis.dune] INFO: DUNE-fem backend registered
2026-08-29 20:18:52,193 [oasis.registry] INFO: Registered backend: SPARTA (DSMC) (sparta)
2026-08-29 20:18:52,193 [oasis.sparta] INFO: SPARTA (DSMC) backend registered
2026-08-29 20:18:52,193 [oasis] INFO: Starting OASiS MCP server
2026-08-29 20:18:52,202 [mcp.server.lowlevel.server] INFO: Processing request of type CallToolRequest
/home/alexander/Schreibtisch/ofa-v2/langgraph_eval/agent.py:300: RuntimeWarning: This package (`duckduckgo_search`) has been renamed to `ddgs`! Use `pip install ddgs` instead.
  with DDGS() as ddgs:
/home/alexander/Schreibtisch/ofa-v2/langgraph_eval/agent.py:300: RuntimeWarning: This package (`duckduckgo_search`) has been renamed to `ddgs`! Use `pip install ddgs` instead.
  with DDGS() as ddgs:
2026-08-29 20:18:53,249 [oasis.registry] INFO: Loaded discovered config: 5 backends
2026-08-29 20:18:53,250 [oasis.registry] INFO: Registered backend: 4C Multiphysics (fourc)
2026-08-29 20:18:53,250 [oasis.registry] INFO: Registered backend: FEniCSx (dolfinx) (fenics)
2026-08-29 20:18:53,252 [oasis.registry] INFO: Registered backend: deal.II (dealii)
2026-08-29 20:18:53,255 [oasis.registry] INFO: Registered backend: FEBio (febio)
2026-08-29 20:18:53,257 [oasis.registry] INFO: Registered backend: NGSolve (ngsolve)
2026-08-29 20:18:53,257 [oasis.ngsolve] INFO: NGSolve backend registered
2026-08-29 20:18:53,260 [oasis.registry] INFO: Registered backend: scikit-fem (skfem)
2026-08-29 20:18:53,260 [oasis.skfem] INFO: scikit-fem backend registered
2026-08-29 20:18:53,264 [oasis.registry] INFO: Registered backend: Kratos Multiphysics (kratos)
2026-08-29 20:18:53,264 [oasis.kratos] INFO: Kratos Multiphysics backend registered
2026-08-29 20:18:53,266 [oasis.registry] INFO: Registered backend: DUNE-fem (dune)
2026-08-29 20:18:53,266 [oasis.dune] INFO: DUNE-fem backend registered
2026-08-29 20:18:53,271 [oasis.registry] INFO: Registered backend: SPARTA (DSMC) (sparta)
2026-08-29 20:18:53,272 [oasis.sparta] INFO: SPARTA (DSMC) backend registered
2026-08-29 20:18:53,272 [oasis] INFO: Starting OASiS MCP server
2026-08-29 20:18:53,280 [mcp.server.lowlevel.server] INFO: Processing request of type CallToolRequest
2026-08-29 20:18:53,295 [mcp.server.lowlevel.server] INFO: Processing request of type ListToolsRequest
2026-08-29 20:18:53,301 [oasis] INFO: Session journal saved: /home/alexander/Schreibtisch/ofa-v2/data/sessions/session_3bb7757d-8250-477f-a59d-c289ce5a2319.json (1 events)
/home/alexander/Schreibtisch/ofa-v2/langgraph_eval/agent.py:300: RuntimeWarning: This package (`duckduckgo_search`) has been renamed to `ddgs`! Use `pip install ddgs` instead.
  with DDGS() as ddgs:
2026-08-29 20:18:55,514 [mcp.server.lowlevel.server] INFO: Processing request of type ListToolsRequest
2026-08-29 20:18:55,522 [oasis] INFO: Session journal saved: /home/alexander/Schreibtisch/ofa-v2/data/sessions/session_b527d0f7-6bdd-430c-93d1-d0ba2edeefd4.json (1 events)
2026-08-29 20:19:09,256 [oasis.registry] INFO: Loaded discovered config: 5 backends
2026-08-29 20:19:09,257 [oasis.registry] INFO: Registered backend: 4C Multiphysics (fourc)
2026-08-29 20:19:09,257 [oasis.registry] INFO: Registered backend: FEniCSx (dolfinx) (fenics)
2026-08-29 20:19:09,259 [oasis.registry] INFO: Registered backend: deal.II (dealii)
2026-08-29 20:19:09,262 [oasis.registry] INFO: Registered backend: FEBio (febio)
2026-08-29 20:19:09,264 [oasis.registry] INFO: Registered backend: NGSolve (ngsolve)
2026-08-29 20:19:09,264 [oasis.ngsolve] INFO: NGSolve backend registered
2026-08-29 20:19:09,267 [oasis.registry] INFO: Registered backend: scikit-fem (skfem)
2026-08-29 20:19:09,267 [oasis.skfem] INFO: scikit-fem backend registered
2026-08-29 20:19:09,271 [oasis.registry] INFO: Registered backend: Kratos Multiphysics (kratos)
2026-08-29 20:19:09,271 [oasis.kratos] INFO: Kratos Multiphysics backend registered
2026-08-29 20:19:09,273 [oasis.registry] INFO: Registered backend: DUNE-fem (dune)
2026-08-29 20:19:09,273 [oasis.dune] INFO: DUNE-fem backend registered
2026-08-29 20:19:09,278 [oasis.registry] INFO: Registered backend: SPARTA (DSMC) (sparta)
2026-08-29 20:19:09,278 [oasis.sparta] INFO: SPARTA (DSMC) backend registered
2026-08-29 20:19:09,278 [oasis] INFO: Starting OASiS MCP server
2026-08-29 20:19:09,286 [mcp.server.lowlevel.server] INFO: Processing request of type CallToolRequest
2026-08-29 20:19:09,301 [mcp.server.lowlevel.server] INFO: Processing request of type ListToolsRequest
2026-08-29 20:19:09,307 [oasis] INFO: Session journal saved: /home/alexander/Schreibtisch/ofa-v2/data/sessions/session_bf08002e-da55-4799-b3fc-ad130acbb81d.json (1 events)
2026-08-29 20:19:09,819 [oasis.registry] INFO: Loaded discovered config: 5 backends
2026-08-29 20:19:09,820 [oasis.registry] INFO: Loaded discovered config: 5 backends
2026-08-29 20:19:09,820 [oasis.registry] INFO: Registered backend: 4C Multiphysics (fourc)
2026-08-29 20:19:09,821 [oasis.registry] INFO: Registered backend: FEniCSx (dolfinx) (fenics)
2026-08-29 20:19:09,821 [oasis.registry] INFO: Registered backend: 4C Multiphysics (fourc)
2026-08-29 20:19:09,821 [oasis.registry] INFO: Registered backend: FEniCSx (dolfinx) (fenics)
2026-08-29 20:19:09,822 [oasis.registry] INFO: Registered backend: deal.II (dealii)
2026-08-29 20:19:09,822 [oasis.registry] INFO: Registered backend: deal.II (dealii)
2026-08-29 20:19:09,825 [oasis.registry] INFO: Registered backend: FEBio (febio)
2026-08-29 20:19:09,825 [oasis.registry] INFO: Registered backend: FEBio (febio)
2026-08-29 20:19:09,827 [oasis.registry] INFO: Registered backend: NGSolve (ngsolve)
2026-08-29 20:19:09,827 [oasis.ngsolve] INFO: NGSolve backend registered
2026-08-29 20:19:09,828 [oasis.registry] INFO: Registered backend: NGSolve (ngsolve)
2026-08-29 20:19:09,828 [oasis.ngsolve] INFO: NGSolve backend registered
2026-08-29 20:19:09,830 [oasis.registry] INFO: Registered backend: scikit-fem (skfem)
2026-08-29 20:19:09,830 [oasis.skfem] INFO: scikit-fem backend registered
2026-08-29 20:19:09,830 [oasis.registry] INFO: Registered backend: scikit-fem (skfem)
2026-08-29 20:19:09,830 [oasis.skfem] INFO: scikit-fem backend registered
2026-08-29 20:19:09,834 [oasis.registry] INFO: Registered backend: Kratos Multiphysics (kratos)
2026-08-29 20:19:09,834 [oasis.kratos] INFO: Kratos Multiphysics backend registered
2026-08-29 20:19:09,834 [oasis.registry] INFO: Registered backend: Kratos Multiphysics (kratos)
2026-08-29 20:19:09,834 [oasis.kratos] INFO: Kratos Multiphysics backend registered
2026-08-29 20:19:09,836 [oasis.registry] INFO: Registered backend: DUNE-fem (dune)
2026-08-29 20:19:09,836 [oasis.dune] INFO: DUNE-fem backend registered
2026-08-29 20:19:09,836 [oasis.registry] INFO: Registered backend: DUNE-fem (dune)
2026-08-29 20:19:09,836 [oasis.dune] INFO: DUNE-fem backend registered
2026-08-29 20:19:09,841 [oasis.registry] INFO: Registered backend: SPARTA (DSMC) (sparta)
2026-08-29 20:19:09,841 [oasis.sparta] INFO: SPARTA (DSMC) backend registered
2026-08-29 20:19:09,841 [oasis] INFO: Starting OASiS MCP server
2026-08-29 20:19:09,841 [oasis.registry] INFO: Registered backend: SPARTA (DSMC) (sparta)
2026-08-29 20:19:09,842 [oasis.sparta] INFO: SPARTA (DSMC) backend registered
2026-08-29 20:19:09,842 [oasis] INFO: Starting OASiS MCP server
2026-08-29 20:19:09,848 [mcp.server.lowlevel.server] INFO: Processing request of type CallToolRequest
2026-08-29 20:19:09,849 [mcp.server.lowlevel.server] INFO: Processing request of type CallToolRequest
2026-08-29 20:19:09,863 [mcp.server.lowlevel.server] INFO: Processing request of type ListToolsRequest
2026-08-29 20:19:09,864 [mcp.server.lowlevel.server] INFO: Processing request of type ListToolsRequest
2026-08-29 20:19:09,869 [oasis] INFO: Session journal saved: /home/alexander/Schreibtisch/ofa-v2/data/sessions/session_d36b612e-3173-46c2-84ef-c8805d687ee8.json (1 events)
2026-08-29 20:19:09,872 [oasis] INFO: Session journal saved: /home/alexander/Schreibtisch/ofa-v2/data/sessions/session_9d30400d-1287-4c07-a613-e6460d509933.json (1 events)
/home/alexander/Schreibtisch/ofa-v2/langgraph_eval/agent.py:300: RuntimeWarning: This package (`duckduckgo_search`) has been renamed to `ddgs`! Use `pip install ddgs` instead.
  with DDGS() as ddgs:
/home/alexander/Schreibtisch/ofa-v2/langgraph_eval/agent.py:300: RuntimeWarning: This package (`duckduckgo_search`) has been renamed to `ddgs`! Use `pip install ddgs` instead.
  with DDGS() as ddgs:
2026-08-29 20:19:28,492 [oasis.registry] INFO: Loaded discovered config: 5 backends
2026-08-29 20:19:28,493 [oasis.registry] INFO: Registered backend: 4C Multiphysics (fourc)
2026-08-29 20:19:28,494 [oasis.registry] INFO: Registered backend: FEniCSx (dolfinx) (fenics)
2026-08-29 20:19:28,495 [oasis.registry] INFO: Registered backend: deal.II (dealii)
2026-08-29 20:19:28,498 [oasis.registry] INFO: Registered backend: FEBio (febio)
2026-08-29 20:19:28,500 [oasis.registry] INFO: Registered backend: NGSolve (ngsolve)
2026-08-29 20:19:28,500 [oasis.ngsolve] INFO: NGSolve backend registered
2026-08-29 20:19:28,503 [oasis.registry] INFO: Registered backend: scikit-fem (skfem)
2026-08-29 20:19:28,503 [oasis.skfem] INFO: scikit-fem backend registered
2026-08-29 20:19:28,507 [oasis.registry] INFO: Registered backend: Kratos Multiphysics (kratos)
2026-08-29 20:19:28,507 [oasis.kratos] INFO: Kratos Multiphysics backend registered
/home/alexander/Schreibtisch/ofa-v2/langgraph_eval/agent.py:300: RuntimeWarning: This package (`duckduckgo_search`) has been renamed to `ddgs`! Use `pip install ddgs` instead.
  with DDGS() as ddgs:
2026-08-29 20:19:28,509 [oasis.registry] INFO: Registered backend: DUNE-fem (dune)
2026-08-29 20:19:28,509 [oasis.dune] INFO: DUNE-fem backend registered
2026-08-29 20:19:28,514 [oasis.registry] INFO: Registered backend: SPARTA (DSMC) (sparta)
2026-08-29 20:19:28,514 [oasis.sparta] INFO: SPARTA (DSMC) backend registered
2026-08-29 20:19:28,514 [oasis] INFO: Starting OASiS MCP server
2026-08-29 20:19:28,522 [mcp.server.lowlevel.server] INFO: Processing request of type CallToolRequest
2026-08-29 20:19:28,537 [mcp.server.lowlevel.server] INFO: Processing request of type ListToolsRequest
2026-08-29 20:19:28,542 [oasis] INFO: Session journal saved: /home/alexander/Schreibtisch/ofa-v2/data/sessions/session_d8366900-ddc5-417f-b1b9-fd8898511383.json (1 events)
2026-08-29 20:19:36,735 [oasis.registry] INFO: Loaded discovered config: 5 backends
2026-08-29 20:19:36,736 [oasis.registry] INFO: Registered backend: 4C Multiphysics (fourc)
2026-08-29 20:19:36,737 [oasis.registry] INFO: Registered backend: FEniCSx (dolfinx) (fenics)
2026-08-29 20:19:36,738 [oasis.registry] INFO: Registered backend: deal.II (dealii)
2026-08-29 20:19:36,741 [oasis.registry] INFO: Registered backend: FEBio (febio)
2026-08-29 20:19:36,743 [oasis.registry] INFO: Registered backend: NGSolve (ngsolve)
2026-08-29 20:19:36,744 [oasis.ngsolve] INFO: NGSolve backend registered
2026-08-29 20:19:36,746 [oasis.registry] INFO: Registered backend: scikit-fem (skfem)
2026-08-29 20:19:36,746 [oasis.skfem] INFO: scikit-fem backend registered
2026-08-29 20:19:36,750 [oasis.registry] INFO: Registered backend: Kratos Multiphysics (kratos)
2026-08-29 20:19:36,750 [oasis.kratos] INFO: Kratos Multiphysics backend registered
2026-08-29 20:19:36,752 [oasis.registry] INFO: Registered backend: DUNE-fem (dune)
2026-08-29 20:19:36,752 [oasis.dune] INFO: DUNE-fem backend registered
2026-08-29 20:19:36,757 [oasis.registry] INFO: Registered backend: SPARTA (DSMC) (sparta)
2026-08-29 20:19:36,757 [oasis.sparta] INFO: SPARTA (DSMC) backend registered
2026-08-29 20:19:36,757 [oasis] INFO: Starting OASiS MCP server
2026-08-29 20:19:36,766 [mcp.server.lowlevel.server] INFO: Processing request of type CallToolRequest
2026-08-29 20:19:36,785 [mcp.server.lowlevel.server] INFO: Processing request of type ListToolsRequest
2026-08-29 20:19:36,790 [oasis] INFO: Session journal saved: /home/alexander/Schreibtisch/ofa-v2/data/sessions/session_96b0b320-a29b-4ad5-9f5d-c9a8134930ae.json (1 events)
/home/alexander/Schreibtisch/ofa-v2/langgraph_eval/agent.py:375: LangGraphDeprecatedSinceV10: create_react_agent has been moved to `langchain.agents`. Please update your import to `from langchain.agents import create_agent`. Deprecated in LangGraph V1.0 to be removed in V2.0.
  sub_agent = create_react_agent(
/home/alexander/Schreibtisch/ofa-v2/langgraph_eval/agent.py:300: RuntimeWarning: This package (`duckduckgo_search`) has been renamed to `ddgs`! Use `pip install ddgs` instead.
  with DDGS() as ddgs:
2026-08-29 20:19:59,521 [oasis.registry] INFO: Loaded discovered config: 5 backends
2026-08-29 20:19:59,522 [oasis.registry] INFO: Registered backend: 4C Multiphysics (fourc)
2026-08-29 20:19:59,523 [oasis.registry] INFO: Registered backend: FEniCSx (dolfinx) (fenics)
2026-08-29 20:19:59,524 [oasis.registry] INFO: Registered backend: deal.II (dealii)
2026-08-29 20:19:59,527 [oasis.registry] INFO: Registered backend: FEBio (febio)
2026-08-29 20:19:59,529 [oasis.registry] INFO: Loaded discovered config: 5 backends
2026-08-29 20:19:59,530 [oasis.registry] INFO: Registered backend: NGSolve (ngsolve)
2026-08-29 20:19:59,530 [oasis.ngsolve] INFO: NGSolve backend registered
2026-08-29 20:19:59,530 [oasis.registry] INFO: Registered backend: 4C Multiphysics (fourc)
2026-08-29 20:19:59,530 [oasis.registry] INFO: Registered backend: FEniCSx (dolfinx) (fenics)
2026-08-29 20:19:59,531 [oasis.registry] INFO: Registered backend: deal.II (dealii)
2026-08-29 20:19:59,532 [oasis.registry] INFO: Registered backend: scikit-fem (skfem)
2026-08-29 20:19:59,532 [oasis.skfem] INFO: scikit-fem backend registered
2026-08-29 20:19:59,534 [oasis.registry] INFO: Registered backend: FEBio (febio)
2026-08-29 20:19:59,536 [oasis.registry] INFO: Registered backend: Kratos Multiphysics (kratos)
2026-08-29 20:19:59,536 [oasis.kratos] INFO: Kratos Multiphysics backend registered
2026-08-29 20:19:59,537 [oasis.registry] INFO: Registered backend: NGSolve (ngsolve)
2026-08-29 20:19:59,537 [oasis.ngsolve] INFO: NGSolve backend registered
2026-08-29 20:19:59,538 [oasis.registry] INFO: Registered backend: DUNE-fem (dune)
2026-08-29 20:19:59,538 [oasis.dune] INFO: DUNE-fem backend registered
2026-08-29 20:19:59,540 [oasis.registry] INFO: Registered backend: scikit-fem (skfem)
2026-08-29 20:19:59,540 [oasis.skfem] INFO: scikit-fem backend registered
2026-08-29 20:19:59,543 [oasis.registry] INFO: Registered backend: Kratos Multiphysics (kratos)
2026-08-29 20:19:59,543 [oasis.kratos] INFO: Kratos Multiphysics backend registered
2026-08-29 20:19:59,543 [oasis.registry] INFO: Registered backend: SPARTA (DSMC) (sparta)
2026-08-29 20:19:59,543 [oasis.sparta] INFO: SPARTA (DSMC) backend registered
2026-08-29 20:19:59,543 [oasis] INFO: Starting OASiS MCP server
2026-08-29 20:19:59,546 [oasis.registry] INFO: Registered backend: DUNE-fem (dune)
2026-08-29 20:19:59,546 [oasis.dune] INFO: DUNE-fem backend registered
2026-08-29 20:19:59,551 [oasis.registry] INFO: Registered backend: SPARTA (DSMC) (sparta)
2026-08-29 20:19:59,551 [oasis.sparta] INFO: SPARTA (DSMC) backend registered
2026-08-29 20:19:59,551 [oasis] INFO: Starting OASiS MCP server
2026-08-29 20:19:59,551 [mcp.server.lowlevel.server] INFO: Processing request of type CallToolRequest
2026-08-29 20:19:59,554 [mcp.server.lowlevel.server] INFO: Processing request of type ListToolsRequest
2026-08-29 20:19:59,559 [oasis] INFO: Session journal saved: /home/alexander/Schreibtisch/ofa-v2/data/sessions/session_1a95c4b1-8fad-495c-aed2-f7a3670fa342.json (1 events)
2026-08-29 20:19:59,560 [mcp.server.lowlevel.server] INFO: Processing request of type CallToolRequest
2026-08-29 20:19:59,580 [mcp.server.lowlevel.server] INFO: Processing request of type ListToolsRequest
2026-08-29 20:19:59,587 [oasis] INFO: Session journal saved: /home/alexander/Schreibtisch/ofa-v2/data/sessions/session_7c87ddf8-f6db-4e90-979c-c22999d17ad8.json (1 events)
/home/alexander/Schreibtisch/ofa-v2/langgraph_eval/agent.py:300: RuntimeWarning: This package (`duckduckgo_search`) has been renamed to `ddgs`! Use `pip install ddgs` instead.
  with DDGS() as ddgs:
2026-08-29 20:20:11,139 [oasis.registry] INFO: Loaded discovered config: 5 backends
2026-08-29 20:20:11,140 [oasis.registry] INFO: Registered backend: 4C Multiphysics (fourc)
2026-08-29 20:20:11,140 [oasis.registry] INFO: Registered backend: FEniCSx (dolfinx) (fenics)
2026-08-29 20:20:11,141 [oasis.registry] INFO: Registered backend: deal.II (dealii)
2026-08-29 20:20:11,144 [oasis.registry] INFO: Registered backend: FEBio (febio)
2026-08-29 20:20:11,147 [oasis.registry] INFO: Registered backend: NGSolve (ngsolve)
2026-08-29 20:20:11,147 [oasis.ngsolve] INFO: NGSolve backend registered
2026-08-29 20:20:11,149 [oasis.registry] INFO: Registered backend: scikit-fem (skfem)
2026-08-29 20:20:11,149 [oasis.skfem] INFO: scikit-fem backend registered
2026-08-29 20:20:11,153 [oasis.registry] INFO: Registered backend: Kratos Multiphysics (kratos)
2026-08-29 20:20:11,153 [oasis.kratos] INFO: Kratos Multiphysics backend registered
2026-08-29 20:20:11,155 [oasis.registry] INFO: Registered backend: DUNE-fem (dune)
2026-08-29 20:20:11,155 [oasis.dune] INFO: DUNE-fem backend registered
2026-08-29 20:20:11,161 [oasis.registry] INFO: Registered backend: SPARTA (DSMC) (sparta)
2026-08-29 20:20:11,161 [oasis.sparta] INFO: SPARTA (DSMC) backend registered
2026-08-29 20:20:11,161 [oasis] INFO: Starting OASiS MCP server
2026-08-29 20:20:11,169 [mcp.server.lowlevel.server] INFO: Processing request of type CallToolRequest
2026-08-29 20:20:11,173 [mcp.server.lowlevel.server] INFO: Processing request of type ListToolsRequest
2026-08-29 20:20:11,178 [oasis] INFO: Session journal saved: /home/alexander/Schreibtisch/ofa-v2/data/sessions/session_9d3bf059-92fd-49ca-a711-80cead0c3d2b.json (1 events)
2026-08-29 20:20:14,636 [oasis.registry] INFO: Loaded discovered config: 5 backends
2026-08-29 20:20:14,637 [oasis.registry] INFO: Registered backend: 4C Multiphysics (fourc)
2026-08-29 20:20:14,637 [oasis.registry] INFO: Registered backend: FEniCSx (dolfinx) (fenics)
2026-08-29 20:20:14,639 [oasis.registry] INFO: Registered backend: deal.II (dealii)
2026-08-29 20:20:14,642 [oasis.registry] INFO: Registered backend: FEBio (febio)
2026-08-29 20:20:14,644 [oasis.registry] INFO: Registered backend: NGSolve (ngsolve)
2026-08-29 20:20:14,644 [oasis.ngsolve] INFO: NGSolve backend registered
2026-08-29 20:20:14,647 [oasis.registry] INFO: Registered backend: scikit-fem (skfem)
2026-08-29 20:20:14,647 [oasis.skfem] INFO: scikit-fem backend registered
2026-08-29 20:20:14,650 [oasis.registry] INFO: Registered backend: Kratos Multiphysics (kratos)
2026-08-29 20:20:14,650 [oasis.kratos] INFO: Kratos Multiphysics backend registered
2026-08-29 20:20:14,653 [oasis.registry] INFO: Registered backend: DUNE-fem (dune)
2026-08-29 20:20:14,653 [oasis.dune] INFO: DUNE-fem backend registered
2026-08-29 20:20:14,657 [oasis.registry] INFO: Registered backend: SPARTA (DSMC) (sparta)
2026-08-29 20:20:14,657 [oasis.sparta] INFO: SPARTA (DSMC) backend registered
2026-08-29 20:20:14,658 [oasis] INFO: Starting OASiS MCP server
2026-08-29 20:20:14,665 [mcp.server.lowlevel.server] INFO: Processing request of type CallToolRequest
2026-08-29 20:20:14,668 [mcp.server.lowlevel.server] INFO: Processing request of type ListToolsRequest
2026-08-29 20:20:14,674 [oasis] INFO: Session journal saved: /home/alexander/Schreibtisch/ofa-v2/data/sessions/session_cef7e879-4b15-4772-9d08-344c40e4ff50.json (1 events)
2026-08-29 20:20:18,608 [oasis.registry] INFO: Loaded discovered config: 5 backends
2026-08-29 20:20:18,608 [oasis.registry] INFO: Registered backend: 4C Multiphysics (fourc)
2026-08-29 20:20:18,611 [oasis.registry] INFO: Registered backend: FEniCSx (dolfinx) (fenics)
2026-08-29 20:20:18,613 [oasis.registry] INFO: Registered backend: deal.II (dealii)
2026-08-29 20:20:18,616 [oasis.registry] INFO: Registered backend: FEBio (febio)
2026-08-29 20:20:18,618 [oasis.registry] INFO: Registered backend: NGSolve (ngsolve)
2026-08-29 20:20:18,618 [oasis.ngsolve] INFO: NGSolve backend registered
2026-08-29 20:20:18,621 [oasis.registry] INFO: Registered backend: scikit-fem (skfem)
2026-08-29 20:20:18,621 [oasis.skfem] INFO: scikit-fem backend registered
2026-08-29 20:20:18,624 [oasis.registry] INFO: Registered backend: Kratos Multiphysics (kratos)
2026-08-29 20:20:18,624 [oasis.kratos] INFO: Kratos Multiphysics backend registered
2026-08-29 20:20:18,625 [oasis.registry] INFO: Loaded discovered config: 5 backends
2026-08-29 20:20:18,626 [oasis.registry] INFO: Registered backend: 4C Multiphysics (fourc)
2026-08-29 20:20:18,627 [oasis.registry] INFO: Registered backend: DUNE-fem (dune)
2026-08-29 20:20:18,627 [oasis.dune] INFO: DUNE-fem backend registered
2026-08-29 20:20:18,627 [oasis.registry] INFO: Registered backend: FEniCSx (dolfinx) (fenics)
2026-08-29 20:20:18,628 [oasis.registry] INFO: Registered backend: deal.II (dealii)
2026-08-29 20:20:18,631 [oasis.registry] INFO: Registered backend: FEBio (febio)
2026-08-29 20:20:18,631 [oasis.registry] INFO: Registered backend: SPARTA (DSMC) (sparta)
2026-08-29 20:20:18,632 [oasis.sparta] INFO: SPARTA (DSMC) backend registered
2026-08-29 20:20:18,632 [oasis] INFO: Starting OASiS MCP server
2026-08-29 20:20:18,633 [oasis.registry] INFO: Registered backend: NGSolve (ngsolve)
2026-08-29 20:20:18,633 [oasis.ngsolve] INFO: NGSolve backend registered
2026-08-29 20:20:18,636 [oasis.registry] INFO: Registered backend: scikit-fem (skfem)
2026-08-29 20:20:18,636 [oasis.skfem] INFO: scikit-fem backend registered
2026-08-29 20:20:18,639 [mcp.server.lowlevel.server] INFO: Processing request of type CallToolRequest
2026-08-29 20:20:18,639 [oasis.registry] INFO: Registered backend: Kratos Multiphysics (kratos)
2026-08-29 20:20:18,640 [oasis.kratos] INFO: Kratos Multiphysics backend registered
2026-08-29 20:20:18,642 [oasis.registry] INFO: Registered backend: DUNE-fem (dune)
2026-08-29 20:20:18,642 [oasis.dune] INFO: DUNE-fem backend registered
2026-08-29 20:20:18,647 [oasis.registry] INFO: Registered backend: SPARTA (DSMC) (sparta)
2026-08-29 20:20:18,647 [oasis.sparta] INFO: SPARTA (DSMC) backend registered
2026-08-29 20:20:18,647 [oasis] INFO: Starting OASiS MCP server
2026-08-29 20:20:18,647 [mcp.server.lowlevel.server] INFO: Processing request of type ListToolsRequest
2026-08-29 20:20:18,652 [oasis] INFO: Session journal saved: /home/alexander/Schreibtisch/ofa-v2/data/sessions/session_8d625402-4d9c-4ff7-a365-16d19a104863.json (1 events)
2026-08-29 20:20:18,655 [mcp.server.lowlevel.server] INFO: Processing request of type CallToolRequest
2026-08-29 20:20:18,666 [mcp.server.lowlevel.server] INFO: Processing request of type ListToolsRequest
2026-08-29 20:20:18,674 [oasis] INFO: Session journal saved: /home/alexander/Schreibtisch/ofa-v2/data/sessions/session_24113572-d09c-47ea-9919-a6933c468cc7.json (1 events)
2026-08-29 20:20:25,944 [oasis.registry] INFO: Loaded discovered config: 5 backends
2026-08-29 20:20:25,945 [oasis.registry] INFO: Registered backend: 4C Multiphysics (fourc)
2026-08-29 20:20:25,945 [oasis.registry] INFO: Loaded discovered config: 5 backends
2026-08-29 20:20:25,946 [oasis.registry] INFO: Registered backend: FEniCSx (dolfinx) (fenics)
2026-08-29 20:20:25,947 [oasis.registry] INFO: Registered backend: 4C Multiphysics (fourc)
2026-08-29 20:20:25,947 [oasis.registry] INFO: Registered backend: deal.II (dealii)
2026-08-29 20:20:25,947 [oasis.registry] INFO: Registered backend: FEniCSx (dolfinx) (fenics)
2026-08-29 20:20:25,948 [oasis.registry] INFO: Registered backend: deal.II (dealii)
2026-08-29 20:20:25,950 [oasis.registry] INFO: Registered backend: FEBio (febio)
2026-08-29 20:20:25,951 [oasis.registry] INFO: Registered backend: FEBio (febio)
2026-08-29 20:20:25,952 [oasis.registry] INFO: Registered backend: NGSolve (ngsolve)
2026-08-29 20:20:25,953 [oasis.ngsolve] INFO: NGSolve backend registered
2026-08-29 20:20:25,954 [oasis.registry] INFO: Registered backend: NGSolve (ngsolve)
2026-08-29 20:20:25,954 [oasis.ngsolve] INFO: NGSolve backend registered
2026-08-29 20:20:25,955 [oasis.registry] INFO: Registered backend: scikit-fem (skfem)
2026-08-29 20:20:25,955 [oasis.skfem] INFO: scikit-fem backend registered
2026-08-29 20:20:25,957 [oasis.registry] INFO: Registered backend: scikit-fem (skfem)
2026-08-29 20:20:25,957 [oasis.skfem] INFO: scikit-fem backend registered
2026-08-29 20:20:25,959 [oasis.registry] INFO: Registered backend: Kratos Multiphysics (kratos)
2026-08-29 20:20:25,959 [oasis.kratos] INFO: Kratos Multiphysics backend registered
2026-08-29 20:20:25,960 [oasis.registry] INFO: Registered backend: Kratos Multiphysics (kratos)
2026-08-29 20:20:25,960 [oasis.kratos] INFO: Kratos Multiphysics backend registered
2026-08-29 20:20:25,961 [oasis.registry] INFO: Registered backend: DUNE-fem (dune)
2026-08-29 20:20:25,961 [oasis.dune] INFO: DUNE-fem backend registered
2026-08-29 20:20:25,963 [oasis.registry] INFO: Registered backend: DUNE-fem (dune)
2026-08-29 20:20:25,963 [oasis.dune] INFO: DUNE-fem backend registered
2026-08-29 20:20:25,966 [oasis.registry] INFO: Registered backend: SPARTA (DSMC) (sparta)
2026-08-29 20:20:25,966 [oasis.sparta] INFO: SPARTA (DSMC) backend registered
2026-08-29 20:20:25,966 [oasis] INFO: Starting OASiS MCP server
2026-08-29 20:20:25,968 [oasis.registry] INFO: Registered backend: SPARTA (DSMC) (sparta)
2026-08-29 20:20:25,968 [oasis.sparta] INFO: SPARTA (DSMC) backend registered
2026-08-29 20:20:25,968 [oasis] INFO: Starting OASiS MCP server
2026-08-29 20:20:25,974 [mcp.server.lowlevel.server] INFO: Processing request of type CallToolRequest
2026-08-29 20:20:25,976 [mcp.server.lowlevel.server] INFO: Processing request of type CallToolRequest
2026-08-29 20:20:25,989 [mcp.server.lowlevel.server] INFO: Processing request of type ListToolsRequest
2026-08-29 20:20:25,992 [mcp.server.lowlevel.server] INFO: Processing request of type ListToolsRequest
2026-08-29 20:20:25,997 [oasis] INFO: Session journal saved: /home/alexander/Schreibtisch/ofa-v2/data/sessions/session_616b984e-8db8-4069-b09b-ea36814fdf22.json (1 events)
2026-08-29 20:20:26,001 [oasis] INFO: Session journal saved: /home/alexander/Schreibtisch/ofa-v2/data/sessions/session_83d850dc-f684-4ee9-91cf-69e872bec720.json (1 events)
2026-08-29 20:28:00,730 [oasis.registry] INFO: Loaded discovered config: 5 backends
2026-08-29 20:28:00,731 [oasis.registry] INFO: Registered backend: 4C Multiphysics (fourc)
2026-08-29 20:28:00,732 [oasis.registry] INFO: Registered backend: FEniCSx (dolfinx) (fenics)
2026-08-29 20:28:00,733 [oasis.registry] INFO: Registered backend: deal.II (dealii)
2026-08-29 20:28:00,736 [oasis.registry] INFO: Registered backend: FEBio (febio)
2026-08-29 20:28:00,738 [oasis.registry] INFO: Registered backend: NGSolve (ngsolve)
2026-08-29 20:28:00,738 [oasis.ngsolve] INFO: NGSolve backend registered
2026-08-29 20:28:00,741 [oasis.registry] INFO: Registered backend: scikit-fem (skfem)
2026-08-29 20:28:00,741 [oasis.skfem] INFO: scikit-fem backend registered
2026-08-29 20:28:00,745 [oasis.registry] INFO: Registered backend: Kratos Multiphysics (kratos)
2026-08-29 20:28:00,745 [oasis.kratos] INFO: Kratos Multiphysics backend registered
2026-08-29 20:28:00,747 [oasis.registry] INFO: Registered backend: DUNE-fem (dune)
2026-08-29 20:28:00,747 [oasis.dune] INFO: DUNE-fem backend registered
2026-08-29 20:28:00,752 [oasis.registry] INFO: Registered backend: SPARTA (DSMC) (sparta)
2026-08-29 20:28:00,752 [oasis.sparta] INFO: SPARTA (DSMC) backend registered
2026-08-29 20:28:00,752 [oasis] INFO: Starting OASiS MCP server
2026-08-29 20:28:00,761 [mcp.server.lowlevel.server] INFO: Processing request of type CallToolRequest
2026-08-29 20:28:00,767 [mcp.server.lowlevel.server] INFO: Processing request of type ListToolsRequest
[preflight] quarantined 1 directory(ies) of prior agent scratch so this run cannot read them:
             /tmp/coupled_elasticity -> runs_quarantine/stray_scratch/coupled_elasticity__42
[preflight] custody controls verified for 1 problem(s); keys sealed and unreadable by execution
[phase: development] results are for post-mortems and convergence checking, NOT for the paper's evaluation table.
[C9 27b MCP s22] done  calls=46 tok=3558849/54125 1336.7s
/home/alexander/Schreibtisch/ofa-v2/campaign3_blind/run_blind.py:773: ResourceWarning: unclosed file <_io.TextIOWrapper name='/home/alexander/Schreibtisch/ofa-v2/campaign3_blind/runs/C9_27b_MCP_seed22/work/trajectory_live.txt' mode='a' encoding='utf-8'>
  run_one(pid, a.model, cond, a.seed, a.timeout)
ResourceWarning: Enable tracemalloc to get the object allocation traceback
/home/alexander/.local/share/python/cpython-3.12.13-linux-x86_64-gnu/lib/python3.12/asyncio/selector_events.py:879: ResourceWarning: unclosed transport <_SelectorSocketTransport fd=8>
<<< C9 seed 22 done 2026-08-29 20:39:33
/home/alexander/Schreibtisch/ofa-v2/langgraph_eval/agent.py:526: ResourceWarning: unclosed file <_io.TextIOWrapper name='/home/alexander/Schreibtisch/ofa-v2/campaign3_blind/runs/C9_27b_MCP_seed23/work/level1/residual_level1.csv' mode='r' encoding='UTF-8'>
  rows = [row for row in _csv.reader(r.open()) if row]
ResourceWarning: Enable tracemalloc to get the object allocation traceback
/home/alexander/Schreibtisch/ofa-v2/langgraph_eval/agent.py:526: ResourceWarning: unclosed file <_io.TextIOWrapper name='/home/alexander/Schreibtisch/ofa-v2/campaign3_blind/runs/C9_27b_MCP_seed23/work/level2/residual_level2.csv' mode='r' encoding='UTF-8'>
  rows = [row for row in _csv.reader(r.open()) if row]
ResourceWarning: Enable tracemalloc to get the object allocation traceback
/home/alexander/Schreibtisch/ofa-v2/langgraph_eval/agent.py:526: ResourceWarning: unclosed file <_io.TextIOWrapper name='/home/alexander/Schreibtisch/ofa-v2/campaign3_blind/runs/C9_27b_MCP_seed23/work/level3/residual_level3.csv' mode='r' encoding='UTF-8'>
  rows = [row for row in _csv.reader(r.open()) if row]
ResourceWarning: Enable tracemalloc to get the object allocation traceback
[preflight] custody controls verified for 1 problem(s); keys sealed and unreadable by execution
[phase: development] results are for post-mortems and convergence checking, NOT for the paper's evaluation table.
[C9 27b MCP s23] done  calls=87 tok=8943915/79662 1970.0s
/home/alexander/Schreibtisch/ofa-v2/campaign3_blind/run_blind.py:773: ResourceWarning: unclosed file <_io.TextIOWrapper name='/home/alexander/Schreibtisch/ofa-v2/campaign3_blind/runs/C9_27b_MCP_seed23/work/trajectory_live.txt' mode='a' encoding='utf-8'>
  run_one(pid, a.model, cond, a.seed, a.timeout)
ResourceWarning: Enable tracemalloc to get the object allocation traceback
/home/alexander/.local/share/python/cpython-3.12.13-linux-x86_64-gnu/lib/python3.12/asyncio/selector_events.py:879: ResourceWarning: unclosed transport <_SelectorSocketTransport fd=8>
<<< C9 seed 23 done 2026-08-29 20:50:06
[preflight] custody controls verified for 1 problem(s); keys sealed and unreadable by execution
[phase: development] results are for post-mortems and convergence checking, NOT for the paper's evaluation table.
[C9 27b MCP s21] done  calls=84 tok=8138269/121558 2700.0s  ERR TimeoutError: exceeded 2700s
sys:1: ResourceWarning: unclosed file <_io.TextIOWrapper name='/home/alexander/Schreibtisch/ofa-v2/campaign3_blind/runs/C9_27b_MCP_seed21/work/trajectory_live.txt' mode='a' encoding='utf-8'>
ResourceWarning: Enable tracemalloc to get the object allocation traceback
<<< C9 seed 21 done 2026-08-29 21:02:16
>>> C9 MCP complete 2026-08-29 21:02:16
