>>> credit preflight ok: 238.53 remaining
>>> round 9 (post-fix re-measurement) start 2026-09-01 11:36:06
>>> seeds 96 97, 32 cells, both arms, build 7e15a627
/home/alexander/Schreibtisch/ofa-v2/langgraph_eval/agent.py:381: RuntimeWarning: This package (`duckduckgo_search`) has been renamed to `ddgs`! Use `pip install ddgs` instead.
  with DDGS() as ddgs:
/home/alexander/Schreibtisch/ofa-v2/langgraph_eval/agent.py:381: RuntimeWarning: This package (`duckduckgo_search`) has been renamed to `ddgs`! Use `pip install ddgs` instead.
  with DDGS() as ddgs:
/home/alexander/Schreibtisch/ofa-v2/langgraph_eval/agent.py:381: RuntimeWarning: This package (`duckduckgo_search`) has been renamed to `ddgs`! Use `pip install ddgs` instead.
  with DDGS() as ddgs:
/home/alexander/Schreibtisch/ofa-v2/langgraph_eval/agent.py:381: RuntimeWarning: This package (`duckduckgo_search`) has been renamed to `ddgs`! Use `pip install ddgs` instead.
  with DDGS() as ddgs:
[preflight] custody controls verified for 1 problem(s); keys sealed and unreadable by execution
[phase: development] results are for post-mortems and convergence checking, NOT for the paper's evaluation table.
[NG2 27b BARE s96] done  calls=87 tok=4719009/69457 1378.0s
2026-09-01 11:59:50,807 [oasis.registry] INFO: Loaded discovered config: 5 backends
2026-09-01 11:59:50,809 [oasis.registry] INFO: Registered backend: 4C Multiphysics (fourc)
2026-09-01 11:59:50,809 [oasis.registry] INFO: Registered backend: FEniCSx (dolfinx) (fenics)
2026-09-01 11:59:50,810 [oasis.registry] INFO: Registered backend: deal.II (dealii)
2026-09-01 11:59:50,813 [oasis.registry] INFO: Registered backend: FEBio (febio)
2026-09-01 11:59:50,815 [oasis.registry] INFO: Registered backend: NGSolve (ngsolve)
2026-09-01 11:59:50,815 [oasis.ngsolve] INFO: NGSolve backend registered
2026-09-01 11:59:50,818 [oasis.registry] INFO: Registered backend: scikit-fem (skfem)
2026-09-01 11:59:50,818 [oasis.skfem] INFO: scikit-fem backend registered
2026-09-01 11:59:50,822 [oasis.registry] INFO: Registered backend: Kratos Multiphysics (kratos)
2026-09-01 11:59:50,822 [oasis.kratos] INFO: Kratos Multiphysics backend registered
2026-09-01 11:59:50,824 [oasis.registry] INFO: Registered backend: DUNE-fem (dune)
2026-09-01 11:59:50,824 [oasis.dune] INFO: DUNE-fem backend registered
2026-09-01 11:59:50,829 [oasis.registry] INFO: Registered backend: SPARTA (DSMC) (sparta)
2026-09-01 11:59:50,829 [oasis.sparta] INFO: SPARTA (DSMC) backend registered
2026-09-01 11:59:50,829 [oasis] INFO: Starting OASiS MCP server
2026-09-01 11:59:50,837 [mcp.server.lowlevel.server] INFO: Processing request of type ListToolsRequest
2026-09-01 12:00:03,380 [oasis.registry] INFO: Loaded discovered config: 5 backends
2026-09-01 12:00:03,382 [oasis.registry] INFO: Registered backend: 4C Multiphysics (fourc)
2026-09-01 12:00:03,383 [oasis.registry] INFO: Registered backend: FEniCSx (dolfinx) (fenics)
2026-09-01 12:00:03,383 [oasis.registry] INFO: Registered backend: deal.II (dealii)
2026-09-01 12:00:03,386 [oasis.registry] INFO: Registered backend: FEBio (febio)
2026-09-01 12:00:03,389 [oasis.registry] INFO: Registered backend: NGSolve (ngsolve)
2026-09-01 12:00:03,389 [oasis.ngsolve] INFO: NGSolve backend registered
2026-09-01 12:00:03,391 [oasis.registry] INFO: Registered backend: scikit-fem (skfem)
2026-09-01 12:00:03,391 [oasis.skfem] INFO: scikit-fem backend registered
2026-09-01 12:00:03,395 [oasis.registry] INFO: Registered backend: Kratos Multiphysics (kratos)
2026-09-01 12:00:03,395 [oasis.kratos] INFO: Kratos Multiphysics backend registered
2026-09-01 12:00:03,397 [oasis.registry] INFO: Registered backend: DUNE-fem (dune)
2026-09-01 12:00:03,397 [oasis.dune] INFO: DUNE-fem backend registered
2026-09-01 12:00:03,402 [oasis.registry] INFO: Registered backend: SPARTA (DSMC) (sparta)
2026-09-01 12:00:03,402 [oasis.sparta] INFO: SPARTA (DSMC) backend registered
2026-09-01 12:00:03,402 [oasis] INFO: Starting OASiS MCP server
2026-09-01 12:00:03,410 [mcp.server.lowlevel.server] INFO: Processing request of type CallToolRequest
2026-09-01 12:00:06,856 [mcp.server.lowlevel.server] INFO: Processing request of type ListToolsRequest
2026-09-01 12:00:06,866 [oasis] INFO: Session journal saved: /home/alexander/Schreibtisch/ofa-v2/data/sessions/session_8d97ee26-cb40-4a97-9746-9a91e0a75097.json (1 events)
/home/alexander/Schreibtisch/ofa-v2/langgraph_eval/agent.py:381: RuntimeWarning: This package (`duckduckgo_search`) has been renamed to `ddgs`! Use `pip install ddgs` instead.
  with DDGS() as ddgs:
/home/alexander/Schreibtisch/ofa-v2/langgraph_eval/agent.py:381: RuntimeWarning: This package (`duckduckgo_search`) has been renamed to `ddgs`! Use `pip install ddgs` instead.
  with DDGS() as ddgs:
/home/alexander/Schreibtisch/ofa-v2/langgraph_eval/agent.py:381: RuntimeWarning: This package (`duckduckgo_search`) has been renamed to `ddgs`! Use `pip install ddgs` instead.
  with DDGS() as ddgs:
2026-09-01 12:00:22,250 [oasis.registry] INFO: Loaded discovered config: 5 backends
2026-09-01 12:00:22,252 [oasis.registry] INFO: Registered backend: 4C Multiphysics (fourc)
2026-09-01 12:00:22,253 [oasis.registry] INFO: Registered backend: FEniCSx (dolfinx) (fenics)
2026-09-01 12:00:22,254 [oasis.registry] INFO: Registered backend: deal.II (dealii)
2026-09-01 12:00:22,255 [oasis.registry] INFO: Loaded discovered config: 5 backends
2026-09-01 12:00:22,257 [oasis.registry] INFO: Registered backend: FEBio (febio)
2026-09-01 12:00:22,257 [oasis.registry] INFO: Registered backend: 4C Multiphysics (fourc)
2026-09-01 12:00:22,257 [oasis.registry] INFO: Registered backend: FEniCSx (dolfinx) (fenics)
2026-09-01 12:00:22,258 [oasis.registry] INFO: Registered backend: deal.II (dealii)
2026-09-01 12:00:22,259 [oasis.registry] INFO: Registered backend: NGSolve (ngsolve)
2026-09-01 12:00:22,259 [oasis.ngsolve] INFO: NGSolve backend registered
2026-09-01 12:00:22,261 [oasis.registry] INFO: Registered backend: FEBio (febio)
2026-09-01 12:00:22,262 [oasis.registry] INFO: Registered backend: scikit-fem (skfem)
2026-09-01 12:00:22,262 [oasis.skfem] INFO: scikit-fem backend registered
2026-09-01 12:00:22,263 [oasis.registry] INFO: Registered backend: NGSolve (ngsolve)
2026-09-01 12:00:22,263 [oasis.ngsolve] INFO: NGSolve backend registered
2026-09-01 12:00:22,266 [oasis.registry] INFO: Registered backend: Kratos Multiphysics (kratos)
2026-09-01 12:00:22,266 [oasis.kratos] INFO: Kratos Multiphysics backend registered
2026-09-01 12:00:22,266 [oasis.registry] INFO: Registered backend: scikit-fem (skfem)
2026-09-01 12:00:22,266 [oasis.skfem] INFO: scikit-fem backend registered
2026-09-01 12:00:22,268 [oasis.registry] INFO: Registered backend: DUNE-fem (dune)
2026-09-01 12:00:22,268 [oasis.dune] INFO: DUNE-fem backend registered
2026-09-01 12:00:22,270 [oasis.registry] INFO: Registered backend: Kratos Multiphysics (kratos)
2026-09-01 12:00:22,270 [oasis.kratos] INFO: Kratos Multiphysics backend registered
2026-09-01 12:00:22,272 [oasis.registry] INFO: Registered backend: DUNE-fem (dune)
2026-09-01 12:00:22,272 [oasis.dune] INFO: DUNE-fem backend registered
2026-09-01 12:00:22,273 [oasis.registry] INFO: Registered backend: SPARTA (DSMC) (sparta)
2026-09-01 12:00:22,273 [oasis.sparta] INFO: SPARTA (DSMC) backend registered
2026-09-01 12:00:22,273 [oasis] INFO: Starting OASiS MCP server
2026-09-01 12:00:22,277 [oasis.registry] INFO: Registered backend: SPARTA (DSMC) (sparta)
2026-09-01 12:00:22,277 [oasis.sparta] INFO: SPARTA (DSMC) backend registered
2026-09-01 12:00:22,277 [oasis] INFO: Starting OASiS MCP server
2026-09-01 12:00:22,283 [mcp.server.lowlevel.server] INFO: Processing request of type CallToolRequest
2026-09-01 12:00:22,286 [mcp.server.lowlevel.server] INFO: Processing request of type CallToolRequest
2026-09-01 12:00:22,290 [mcp.server.lowlevel.server] INFO: Processing request of type ListToolsRequest
2026-09-01 12:00:22,298 [oasis] INFO: Session journal saved: /home/alexander/Schreibtisch/ofa-v2/data/sessions/session_57324ad9-97c6-4a44-b3f6-7289625e1607.json (1 events)
2026-09-01 12:00:22,298 [mcp.server.lowlevel.server] INFO: Processing request of type ListToolsRequest
2026-09-01 12:00:22,310 [oasis] INFO: Session journal saved: /home/alexander/Schreibtisch/ofa-v2/data/sessions/session_7802eccd-dffe-41bf-a025-f38c02419245.json (1 events)
/home/alexander/Schreibtisch/ofa-v2/langgraph_eval/agent.py:381: RuntimeWarning: This package (`duckduckgo_search`) has been renamed to `ddgs`! Use `pip install ddgs` instead.
  with DDGS() as ddgs:
/home/alexander/Schreibtisch/ofa-v2/langgraph_eval/agent.py:381: RuntimeWarning: This package (`duckduckgo_search`) has been renamed to `ddgs`! Use `pip install ddgs` instead.
  with DDGS() as ddgs:
/home/alexander/Schreibtisch/ofa-v2/langgraph_eval/agent.py:381: RuntimeWarning: This package (`duckduckgo_search`) has been renamed to `ddgs`! Use `pip install ddgs` instead.
  with DDGS() as ddgs:
/home/alexander/Schreibtisch/ofa-v2/langgraph_eval/agent.py:381: RuntimeWarning: This package (`duckduckgo_search`) has been renamed to `ddgs`! Use `pip install ddgs` instead.
  with DDGS() as ddgs:
/home/alexander/Schreibtisch/ofa-v2/langgraph_eval/agent.py:381: RuntimeWarning: This package (`duckduckgo_search`) has been renamed to `ddgs`! Use `pip install ddgs` instead.
  with DDGS() as ddgs:
/home/alexander/Schreibtisch/ofa-v2/langgraph_eval/agent.py:381: RuntimeWarning: This package (`duckduckgo_search`) has been renamed to `ddgs`! Use `pip install ddgs` instead.
  with DDGS() as ddgs:
/home/alexander/Schreibtisch/ofa-v2/langgraph_eval/agent.py:381: RuntimeWarning: This package (`duckduckgo_search`) has been renamed to `ddgs`! Use `pip install ddgs` instead.
  with DDGS() as ddgs:
/home/alexander/Schreibtisch/ofa-v2/langgraph_eval/agent.py:381: RuntimeWarning: This package (`duckduckgo_search`) has been renamed to `ddgs`! Use `pip install ddgs` instead.
  with DDGS() as ddgs:
/home/alexander/Schreibtisch/ofa-v2/langgraph_eval/agent.py:381: RuntimeWarning: This package (`duckduckgo_search`) has been renamed to `ddgs`! Use `pip install ddgs` instead.
  with DDGS() as ddgs:
/home/alexander/Schreibtisch/ofa-v2/langgraph_eval/agent.py:381: RuntimeWarning: This package (`duckduckgo_search`) has been renamed to `ddgs`! Use `pip install ddgs` instead.
  with DDGS() as ddgs:
/home/alexander/Schreibtisch/ofa-v2/langgraph_eval/agent.py:381: RuntimeWarning: This package (`duckduckgo_search`) has been renamed to `ddgs`! Use `pip install ddgs` instead.
  with DDGS() as ddgs:
/home/alexander/Schreibtisch/ofa-v2/langgraph_eval/agent.py:381: RuntimeWarning: This package (`duckduckgo_search`) has been renamed to `ddgs`! Use `pip install ddgs` instead.
  with DDGS() as ddgs:
/home/alexander/Schreibtisch/ofa-v2/langgraph_eval/agent.py:381: RuntimeWarning: This package (`duckduckgo_search`) has been renamed to `ddgs`! Use `pip install ddgs` instead.
  with DDGS() as ddgs:
/home/alexander/Schreibtisch/ofa-v2/langgraph_eval/agent.py:381: RuntimeWarning: This package (`duckduckgo_search`) has been renamed to `ddgs`! Use `pip install ddgs` instead.
  with DDGS() as ddgs:
2026-09-01 12:00:37,834 [oasis.registry] INFO: Loaded discovered config: 5 backends
2026-09-01 12:00:37,837 [oasis.registry] INFO: Registered backend: 4C Multiphysics (fourc)
2026-09-01 12:00:37,837 [oasis.registry] INFO: Registered backend: FEniCSx (dolfinx) (fenics)
2026-09-01 12:00:37,838 [oasis.registry] INFO: Registered backend: deal.II (dealii)
2026-09-01 12:00:37,841 [oasis.registry] INFO: Registered backend: FEBio (febio)
2026-09-01 12:00:37,844 [oasis.registry] INFO: Registered backend: NGSolve (ngsolve)
2026-09-01 12:00:37,844 [oasis.ngsolve] INFO: NGSolve backend registered
2026-09-01 12:00:37,846 [oasis.registry] INFO: Registered backend: scikit-fem (skfem)
2026-09-01 12:00:37,846 [oasis.skfem] INFO: scikit-fem backend registered
2026-09-01 12:00:37,850 [oasis.registry] INFO: Registered backend: Kratos Multiphysics (kratos)
2026-09-01 12:00:37,850 [oasis.kratos] INFO: Kratos Multiphysics backend registered
2026-09-01 12:00:37,852 [oasis.registry] INFO: Registered backend: DUNE-fem (dune)
2026-09-01 12:00:37,852 [oasis.dune] INFO: DUNE-fem backend registered
2026-09-01 12:00:37,857 [oasis.registry] INFO: Registered backend: SPARTA (DSMC) (sparta)
2026-09-01 12:00:37,857 [oasis.sparta] INFO: SPARTA (DSMC) backend registered
2026-09-01 12:00:37,857 [oasis] INFO: Starting OASiS MCP server
2026-09-01 12:00:37,865 [mcp.server.lowlevel.server] INFO: Processing request of type CallToolRequest
2026-09-01 12:00:37,869 [mcp.server.lowlevel.server] INFO: Processing request of type ListToolsRequest
2026-09-01 12:00:40,589 [oasis.registry] INFO: Loaded discovered config: 5 backends
2026-09-01 12:00:40,591 [oasis.registry] INFO: Registered backend: 4C Multiphysics (fourc)
2026-09-01 12:00:40,592 [oasis.registry] INFO: Registered backend: FEniCSx (dolfinx) (fenics)
2026-09-01 12:00:40,592 [oasis.registry] INFO: Registered backend: deal.II (dealii)
2026-09-01 12:00:40,595 [oasis.registry] INFO: Registered backend: FEBio (febio)
2026-09-01 12:00:40,598 [oasis.registry] INFO: Registered backend: NGSolve (ngsolve)
2026-09-01 12:00:40,598 [oasis.ngsolve] INFO: NGSolve backend registered
2026-09-01 12:00:40,600 [oasis.registry] INFO: Registered backend: scikit-fem (skfem)
2026-09-01 12:00:40,600 [oasis.skfem] INFO: scikit-fem backend registered
2026-09-01 12:00:40,604 [oasis.registry] INFO: Registered backend: Kratos Multiphysics (kratos)
2026-09-01 12:00:40,604 [oasis.kratos] INFO: Kratos Multiphysics backend registered
2026-09-01 12:00:40,606 [oasis.registry] INFO: Registered backend: DUNE-fem (dune)
2026-09-01 12:00:40,606 [oasis.dune] INFO: DUNE-fem backend registered
2026-09-01 12:00:40,611 [oasis.registry] INFO: Registered backend: SPARTA (DSMC) (sparta)
2026-09-01 12:00:40,612 [oasis.sparta] INFO: SPARTA (DSMC) backend registered
2026-09-01 12:00:40,612 [oasis] INFO: Starting OASiS MCP server
2026-09-01 12:00:40,619 [mcp.server.lowlevel.server] INFO: Processing request of type CallToolRequest
2026-09-01 12:00:40,623 [mcp.server.lowlevel.server] INFO: Processing request of type ListToolsRequest
2026-09-01 12:00:43,693 [oasis.registry] INFO: Loaded discovered config: 5 backends
2026-09-01 12:00:43,695 [oasis.registry] INFO: Registered backend: 4C Multiphysics (fourc)
2026-09-01 12:00:43,695 [oasis.registry] INFO: Registered backend: FEniCSx (dolfinx) (fenics)
2026-09-01 12:00:43,696 [oasis.registry] INFO: Registered backend: deal.II (dealii)
2026-09-01 12:00:43,699 [oasis.registry] INFO: Registered backend: FEBio (febio)
2026-09-01 12:00:43,702 [oasis.registry] INFO: Registered backend: NGSolve (ngsolve)
2026-09-01 12:00:43,702 [oasis.ngsolve] INFO: NGSolve backend registered
2026-09-01 12:00:43,704 [oasis.registry] INFO: Registered backend: scikit-fem (skfem)
2026-09-01 12:00:43,704 [oasis.skfem] INFO: scikit-fem backend registered
2026-09-01 12:00:43,708 [oasis.registry] INFO: Registered backend: Kratos Multiphysics (kratos)
2026-09-01 12:00:43,708 [oasis.kratos] INFO: Kratos Multiphysics backend registered
2026-09-01 12:00:43,710 [oasis.registry] INFO: Registered backend: DUNE-fem (dune)
2026-09-01 12:00:43,710 [oasis.dune] INFO: DUNE-fem backend registered
2026-09-01 12:00:43,716 [oasis.registry] INFO: Registered backend: SPARTA (DSMC) (sparta)
2026-09-01 12:00:43,716 [oasis.sparta] INFO: SPARTA (DSMC) backend registered
2026-09-01 12:00:43,716 [oasis] INFO: Starting OASiS MCP server
2026-09-01 12:00:43,724 [mcp.server.lowlevel.server] INFO: Processing request of type CallToolRequest
2026-09-01 12:00:43,730 [mcp.server.lowlevel.server] INFO: Processing request of type ListToolsRequest
[preflight] custody controls verified for 1 problem(s); keys sealed and unreadable by execution
[phase: development] results are for post-mortems and convergence checking, NOT for the paper's evaluation table.
[FE1 27b BARE s96] done  calls=73 tok=4432784/85326 1469.6s
2026-09-01 12:01:22,707 [oasis.registry] INFO: Loaded discovered config: 5 backends
2026-09-01 12:01:22,709 [oasis.registry] INFO: Registered backend: 4C Multiphysics (fourc)
2026-09-01 12:01:22,710 [oasis.registry] INFO: Registered backend: FEniCSx (dolfinx) (fenics)
2026-09-01 12:01:22,710 [oasis.registry] INFO: Registered backend: deal.II (dealii)
2026-09-01 12:01:22,714 [oasis.registry] INFO: Registered backend: FEBio (febio)
2026-09-01 12:01:22,716 [oasis.registry] INFO: Registered backend: NGSolve (ngsolve)
2026-09-01 12:01:22,716 [oasis.ngsolve] INFO: NGSolve backend registered
2026-09-01 12:01:22,719 [oasis.registry] INFO: Registered backend: scikit-fem (skfem)
2026-09-01 12:01:22,719 [oasis.skfem] INFO: scikit-fem backend registered
2026-09-01 12:01:22,722 [oasis.registry] INFO: Registered backend: Kratos Multiphysics (kratos)
2026-09-01 12:01:22,722 [oasis.kratos] INFO: Kratos Multiphysics backend registered
2026-09-01 12:01:22,725 [oasis.registry] INFO: Registered backend: DUNE-fem (dune)
2026-09-01 12:01:22,725 [oasis.dune] INFO: DUNE-fem backend registered
2026-09-01 12:01:22,730 [oasis.registry] INFO: Registered backend: SPARTA (DSMC) (sparta)
2026-09-01 12:01:22,730 [oasis.sparta] INFO: SPARTA (DSMC) backend registered
2026-09-01 12:01:22,730 [oasis] INFO: Starting OASiS MCP server
2026-09-01 12:01:22,739 [mcp.server.lowlevel.server] INFO: Processing request of type ListToolsRequest
2026-09-01 12:01:30,308 [oasis.registry] INFO: Loaded discovered config: 5 backends
2026-09-01 12:01:30,311 [oasis.registry] INFO: Registered backend: 4C Multiphysics (fourc)
2026-09-01 12:01:30,311 [oasis.registry] INFO: Registered backend: FEniCSx (dolfinx) (fenics)
2026-09-01 12:01:30,312 [oasis.registry] INFO: Registered backend: deal.II (dealii)
2026-09-01 12:01:30,315 [oasis.registry] INFO: Registered backend: FEBio (febio)
2026-09-01 12:01:30,318 [oasis.registry] INFO: Registered backend: NGSolve (ngsolve)
2026-09-01 12:01:30,318 [oasis.ngsolve] INFO: NGSolve backend registered
2026-09-01 12:01:30,320 [oasis.registry] INFO: Registered backend: scikit-fem (skfem)
2026-09-01 12:01:30,320 [oasis.skfem] INFO: scikit-fem backend registered
2026-09-01 12:01:30,324 [oasis.registry] INFO: Registered backend: Kratos Multiphysics (kratos)
2026-09-01 12:01:30,324 [oasis.kratos] INFO: Kratos Multiphysics backend registered
2026-09-01 12:01:30,327 [oasis.registry] INFO: Registered backend: DUNE-fem (dune)
2026-09-01 12:01:30,327 [oasis.dune] INFO: DUNE-fem backend registered
2026-09-01 12:01:30,332 [oasis.registry] INFO: Registered backend: SPARTA (DSMC) (sparta)
2026-09-01 12:01:30,332 [oasis.sparta] INFO: SPARTA (DSMC) backend registered
2026-09-01 12:01:30,332 [oasis] INFO: Starting OASiS MCP server
2026-09-01 12:01:30,338 [oasis.registry] INFO: Loaded discovered config: 5 backends
2026-09-01 12:01:30,340 [mcp.server.lowlevel.server] INFO: Processing request of type CallToolRequest
2026-09-01 12:01:30,340 [oasis.registry] INFO: Registered backend: 4C Multiphysics (fourc)
2026-09-01 12:01:30,341 [oasis.registry] INFO: Registered backend: FEniCSx (dolfinx) (fenics)
2026-09-01 12:01:30,341 [oasis.registry] INFO: Registered backend: deal.II (dealii)
2026-09-01 12:01:30,345 [oasis.registry] INFO: Registered backend: FEBio (febio)
2026-09-01 12:01:30,347 [oasis.registry] INFO: Registered backend: NGSolve (ngsolve)
2026-09-01 12:01:30,347 [oasis.ngsolve] INFO: NGSolve backend registered
2026-09-01 12:01:30,350 [oasis.registry] INFO: Registered backend: scikit-fem (skfem)
2026-09-01 12:01:30,350 [oasis.skfem] INFO: scikit-fem backend registered
2026-09-01 12:01:30,354 [oasis.registry] INFO: Registered backend: Kratos Multiphysics (kratos)
2026-09-01 12:01:30,354 [oasis.kratos] INFO: Kratos Multiphysics backend registered
2026-09-01 12:01:30,356 [oasis.registry] INFO: Registered backend: DUNE-fem (dune)
2026-09-01 12:01:30,356 [oasis.dune] INFO: DUNE-fem backend registered
2026-09-01 12:01:30,362 [oasis.registry] INFO: Registered backend: SPARTA (DSMC) (sparta)
2026-09-01 12:01:30,362 [oasis.sparta] INFO: SPARTA (DSMC) backend registered
2026-09-01 12:01:30,362 [oasis] INFO: Starting OASiS MCP server
2026-09-01 12:01:30,370 [mcp.server.lowlevel.server] INFO: Processing request of type CallToolRequest
2026-09-01 12:01:35,036 [mcp.server.lowlevel.server] INFO: Processing request of type ListToolsRequest
2026-09-01 12:01:35,042 [oasis] INFO: Session journal saved: /home/alexander/Schreibtisch/ofa-v2/data/sessions/session_a44fcd42-68f3-45aa-b1b4-ec8fc5b97bd6.json (1 events)
[preflight] custody controls verified for 1 problem(s); keys sealed and unreadable by execution
[phase: development] results are for post-mortems and convergence checking, NOT for the paper's evaluation table.
[DL1 27b BARE s96] done  calls=119 tok=6804932/68195 1555.6s
2026-09-01 12:02:50,011 [oasis.registry] INFO: Loaded discovered config: 5 backends
2026-09-01 12:02:50,014 [oasis.registry] INFO: Registered backend: 4C Multiphysics (fourc)
2026-09-01 12:02:50,014 [oasis.registry] INFO: Registered backend: FEniCSx (dolfinx) (fenics)
2026-09-01 12:02:50,015 [oasis.registry] INFO: Registered backend: deal.II (dealii)
2026-09-01 12:02:50,019 [oasis.registry] INFO: Registered backend: FEBio (febio)
2026-09-01 12:02:50,022 [oasis.registry] INFO: Registered backend: NGSolve (ngsolve)
2026-09-01 12:02:50,022 [oasis.ngsolve] INFO: NGSolve backend registered
2026-09-01 12:02:50,025 [oasis.registry] INFO: Registered backend: scikit-fem (skfem)
2026-09-01 12:02:50,025 [oasis.skfem] INFO: scikit-fem backend registered
2026-09-01 12:02:50,029 [oasis.registry] INFO: Registered backend: Kratos Multiphysics (kratos)
2026-09-01 12:02:50,029 [oasis.kratos] INFO: Kratos Multiphysics backend registered
2026-09-01 12:02:50,032 [oasis.registry] INFO: Registered backend: DUNE-fem (dune)
2026-09-01 12:02:50,032 [oasis.dune] INFO: DUNE-fem backend registered
2026-09-01 12:02:50,038 [oasis.registry] INFO: Registered backend: SPARTA (DSMC) (sparta)
2026-09-01 12:02:50,038 [oasis.sparta] INFO: SPARTA (DSMC) backend registered
2026-09-01 12:02:50,039 [oasis] INFO: Starting OASiS MCP server
2026-09-01 12:02:50,048 [mcp.server.lowlevel.server] INFO: Processing request of type ListToolsRequest
2026-09-01 12:02:55,872 [oasis.registry] INFO: Loaded discovered config: 5 backends
2026-09-01 12:02:55,874 [oasis.registry] INFO: Registered backend: 4C Multiphysics (fourc)
2026-09-01 12:02:55,875 [oasis.registry] INFO: Registered backend: FEniCSx (dolfinx) (fenics)
2026-09-01 12:02:55,875 [oasis.registry] INFO: Registered backend: deal.II (dealii)
2026-09-01 12:02:55,878 [oasis.registry] INFO: Registered backend: FEBio (febio)
2026-09-01 12:02:55,881 [oasis.registry] INFO: Registered backend: NGSolve (ngsolve)
2026-09-01 12:02:55,881 [oasis.ngsolve] INFO: NGSolve backend registered
2026-09-01 12:02:55,883 [oasis.registry] INFO: Registered backend: scikit-fem (skfem)
2026-09-01 12:02:55,883 [oasis.skfem] INFO: scikit-fem backend registered
2026-09-01 12:02:55,887 [oasis.registry] INFO: Registered backend: Kratos Multiphysics (kratos)
2026-09-01 12:02:55,887 [oasis.kratos] INFO: Kratos Multiphysics backend registered
2026-09-01 12:02:55,889 [oasis.registry] INFO: Registered backend: DUNE-fem (dune)
2026-09-01 12:02:55,889 [oasis.dune] INFO: DUNE-fem backend registered
2026-09-01 12:02:55,894 [oasis.registry] INFO: Registered backend: SPARTA (DSMC) (sparta)
2026-09-01 12:02:55,894 [oasis.sparta] INFO: SPARTA (DSMC) backend registered
2026-09-01 12:02:55,894 [oasis] INFO: Starting OASiS MCP server
2026-09-01 12:02:55,903 [mcp.server.lowlevel.server] INFO: Processing request of type CallToolRequest
2026-09-01 12:02:59,440 [mcp.server.lowlevel.server] INFO: Processing request of type ListToolsRequest
2026-09-01 12:02:59,447 [oasis] INFO: Session journal saved: /home/alexander/Schreibtisch/ofa-v2/data/sessions/session_8e554105-1136-46db-b8e5-1666756ce4d8.json (1 events)
2026-09-01 12:03:09,574 [mcp.server.lowlevel.server] INFO: Processing request of type ListToolsRequest
2026-09-01 12:03:09,582 [oasis] INFO: Session journal saved: /home/alexander/Schreibtisch/ofa-v2/data/sessions/session_a01f4f7b-7a6f-4a18-a53e-5da182b773d8.json (1 events)
2026-09-01 12:03:18,447 [oasis.registry] INFO: Loaded discovered config: 5 backends
2026-09-01 12:03:18,449 [oasis.registry] INFO: Registered backend: 4C Multiphysics (fourc)
2026-09-01 12:03:18,450 [oasis.registry] INFO: Registered backend: FEniCSx (dolfinx) (fenics)
2026-09-01 12:03:18,450 [oasis.registry] INFO: Registered backend: deal.II (dealii)
2026-09-01 12:03:18,453 [oasis.registry] INFO: Registered backend: FEBio (febio)
2026-09-01 12:03:18,456 [oasis.registry] INFO: Registered backend: NGSolve (ngsolve)
2026-09-01 12:03:18,456 [oasis.ngsolve] INFO: NGSolve backend registered
2026-09-01 12:03:18,459 [oasis.registry] INFO: Registered backend: scikit-fem (skfem)
2026-09-01 12:03:18,459 [oasis.skfem] INFO: scikit-fem backend registered
2026-09-01 12:03:18,463 [oasis.registry] INFO: Registered backend: Kratos Multiphysics (kratos)
2026-09-01 12:03:18,463 [oasis.kratos] INFO: Kratos Multiphysics backend registered
2026-09-01 12:03:18,465 [oasis.registry] INFO: Registered backend: DUNE-fem (dune)
2026-09-01 12:03:18,465 [oasis.dune] INFO: DUNE-fem backend registered
2026-09-01 12:03:18,470 [oasis.registry] INFO: Registered backend: SPARTA (DSMC) (sparta)
2026-09-01 12:03:18,471 [oasis.sparta] INFO: SPARTA (DSMC) backend registered
2026-09-01 12:03:18,471 [oasis] INFO: Starting OASiS MCP server
2026-09-01 12:03:18,479 [mcp.server.lowlevel.server] INFO: Processing request of type CallToolRequest
2026-09-01 12:03:18,927 [mcp.server.lowlevel.server] INFO: Processing request of type ListToolsRequest
2026-09-01 12:03:18,934 [oasis] INFO: Session journal saved: /home/alexander/Schreibtisch/ofa-v2/data/sessions/session_85e45c60-9c14-44a5-ad05-afca3464eaac.json (1 events)
2026-09-01 12:03:30,808 [oasis.registry] INFO: Loaded discovered config: 5 backends
2026-09-01 12:03:30,811 [oasis.registry] INFO: Registered backend: 4C Multiphysics (fourc)
2026-09-01 12:03:30,811 [oasis.registry] INFO: Registered backend: FEniCSx (dolfinx) (fenics)
2026-09-01 12:03:30,812 [oasis.registry] INFO: Registered backend: deal.II (dealii)
2026-09-01 12:03:30,815 [oasis.registry] INFO: Registered backend: FEBio (febio)
2026-09-01 12:03:30,818 [oasis.registry] INFO: Registered backend: NGSolve (ngsolve)
2026-09-01 12:03:30,818 [oasis.ngsolve] INFO: NGSolve backend registered
2026-09-01 12:03:30,820 [oasis.registry] INFO: Registered backend: scikit-fem (skfem)
2026-09-01 12:03:30,820 [oasis.skfem] INFO: scikit-fem backend registered
2026-09-01 12:03:30,825 [oasis.registry] INFO: Registered backend: Kratos Multiphysics (kratos)
2026-09-01 12:03:30,825 [oasis.kratos] INFO: Kratos Multiphysics backend registered
2026-09-01 12:03:30,828 [oasis.registry] INFO: Registered backend: DUNE-fem (dune)
2026-09-01 12:03:30,828 [oasis.dune] INFO: DUNE-fem backend registered
2026-09-01 12:03:30,833 [oasis.registry] INFO: Registered backend: SPARTA (DSMC) (sparta)
2026-09-01 12:03:30,833 [oasis.sparta] INFO: SPARTA (DSMC) backend registered
2026-09-01 12:03:30,833 [oasis] INFO: Starting OASiS MCP server
2026-09-01 12:03:30,841 [mcp.server.lowlevel.server] INFO: Processing request of type CallToolRequest
2026-09-01 12:03:30,845 [mcp.server.lowlevel.server] INFO: Processing request of type ListToolsRequest
2026-09-01 12:03:46,643 [oasis.registry] INFO: Loaded discovered config: 5 backends
2026-09-01 12:03:46,645 [oasis.registry] INFO: Registered backend: 4C Multiphysics (fourc)
2026-09-01 12:03:46,645 [oasis.registry] INFO: Registered backend: FEniCSx (dolfinx) (fenics)
2026-09-01 12:03:46,646 [oasis.registry] INFO: Registered backend: deal.II (dealii)
2026-09-01 12:03:46,649 [oasis.registry] INFO: Registered backend: FEBio (febio)
2026-09-01 12:03:46,651 [oasis.registry] INFO: Registered backend: NGSolve (ngsolve)
2026-09-01 12:03:46,651 [oasis.ngsolve] INFO: NGSolve backend registered
2026-09-01 12:03:46,654 [oasis.registry] INFO: Registered backend: scikit-fem (skfem)
2026-09-01 12:03:46,654 [oasis.skfem] INFO: scikit-fem backend registered
2026-09-01 12:03:46,658 [oasis.registry] INFO: Registered backend: Kratos Multiphysics (kratos)
2026-09-01 12:03:46,658 [oasis.kratos] INFO: Kratos Multiphysics backend registered
2026-09-01 12:03:46,660 [oasis.registry] INFO: Registered backend: DUNE-fem (dune)
2026-09-01 12:03:46,660 [oasis.dune] INFO: DUNE-fem backend registered
2026-09-01 12:03:46,665 [oasis.registry] INFO: Registered backend: SPARTA (DSMC) (sparta)
2026-09-01 12:03:46,665 [oasis.sparta] INFO: SPARTA (DSMC) backend registered
2026-09-01 12:03:46,665 [oasis] INFO: Starting OASiS MCP server
2026-09-01 12:03:46,673 [mcp.server.lowlevel.server] INFO: Processing request of type CallToolRequest
2026-09-01 12:03:46,681 [oasis.registry] INFO: Loaded discovered config: 5 backends
2026-09-01 12:03:46,683 [oasis.registry] INFO: Registered backend: 4C Multiphysics (fourc)
2026-09-01 12:03:46,684 [oasis.registry] INFO: Registered backend: FEniCSx (dolfinx) (fenics)
2026-09-01 12:03:46,684 [oasis.registry] INFO: Registered backend: deal.II (dealii)
2026-09-01 12:03:46,688 [oasis.registry] INFO: Registered backend: FEBio (febio)
2026-09-01 12:03:46,690 [oasis.registry] INFO: Registered backend: NGSolve (ngsolve)
2026-09-01 12:03:46,690 [oasis.ngsolve] INFO: NGSolve backend registered
2026-09-01 12:03:46,693 [oasis.registry] INFO: Registered backend: scikit-fem (skfem)
2026-09-01 12:03:46,693 [oasis.skfem] INFO: scikit-fem backend registered
2026-09-01 12:03:46,697 [oasis.registry] INFO: Registered backend: Kratos Multiphysics (kratos)
2026-09-01 12:03:46,697 [oasis.kratos] INFO: Kratos Multiphysics backend registered
2026-09-01 12:03:46,700 [oasis.registry] INFO: Registered backend: DUNE-fem (dune)
2026-09-01 12:03:46,700 [oasis.dune] INFO: DUNE-fem backend registered
2026-09-01 12:03:46,705 [oasis.registry] INFO: Registered backend: SPARTA (DSMC) (sparta)
2026-09-01 12:03:46,705 [oasis.sparta] INFO: SPARTA (DSMC) backend registered
2026-09-01 12:03:46,705 [oasis] INFO: Starting OASiS MCP server
2026-09-01 12:03:46,713 [mcp.server.lowlevel.server] INFO: Processing request of type CallToolRequest
2026-09-01 12:03:47,657 [mcp.server.lowlevel.server] INFO: Processing request of type ListToolsRequest
2026-09-01 12:03:47,665 [oasis] INFO: Session journal saved: /home/alexander/Schreibtisch/ofa-v2/data/sessions/session_561bdc08-dd12-41ac-abaf-f0ef279b296a.json (1 events)
/home/alexander/Schreibtisch/ofa-v2/langgraph_eval/agent.py:381: RuntimeWarning: This package (`duckduckgo_search`) has been renamed to `ddgs`! Use `pip install ddgs` instead.
  with DDGS() as ddgs:
/home/alexander/Schreibtisch/ofa-v2/langgraph_eval/agent.py:381: RuntimeWarning: This package (`duckduckgo_search`) has been renamed to `ddgs`! Use `pip install ddgs` instead.
  with DDGS() as ddgs:
/home/alexander/Schreibtisch/ofa-v2/langgraph_eval/agent.py:381: RuntimeWarning: This package (`duckduckgo_search`) has been renamed to `ddgs`! Use `pip install ddgs` instead.
  with DDGS() as ddgs:
2026-09-01 12:03:48,898 [oasis.registry] INFO: Loaded discovered config: 5 backends
2026-09-01 12:03:48,900 [oasis.registry] INFO: Registered backend: 4C Multiphysics (fourc)
2026-09-01 12:03:48,901 [oasis.registry] INFO: Registered backend: FEniCSx (dolfinx) (fenics)
2026-09-01 12:03:48,901 [oasis.registry] INFO: Registered backend: deal.II (dealii)
2026-09-01 12:03:48,904 [oasis.registry] INFO: Registered backend: FEBio (febio)
2026-09-01 12:03:48,907 [oasis.registry] INFO: Registered backend: NGSolve (ngsolve)
2026-09-01 12:03:48,907 [oasis.ngsolve] INFO: NGSolve backend registered
2026-09-01 12:03:48,909 [oasis.registry] INFO: Registered backend: scikit-fem (skfem)
2026-09-01 12:03:48,909 [oasis.skfem] INFO: scikit-fem backend registered
2026-09-01 12:03:48,913 [oasis.registry] INFO: Registered backend: Kratos Multiphysics (kratos)
2026-09-01 12:03:48,913 [oasis.kratos] INFO: Kratos Multiphysics backend registered
2026-09-01 12:03:48,915 [oasis.registry] INFO: Registered backend: DUNE-fem (dune)
2026-09-01 12:03:48,916 [oasis.dune] INFO: DUNE-fem backend registered
2026-09-01 12:03:48,921 [oasis.registry] INFO: Registered backend: SPARTA (DSMC) (sparta)
2026-09-01 12:03:48,921 [oasis.sparta] INFO: SPARTA (DSMC) backend registered
2026-09-01 12:03:48,921 [oasis] INFO: Starting OASiS MCP server
2026-09-01 12:03:48,929 [mcp.server.lowlevel.server] INFO: Processing request of type CallToolRequest
2026-09-01 12:03:48,973 [mcp.server.lowlevel.server] INFO: Processing request of type ListToolsRequest
2026-09-01 12:03:48,979 [oasis] INFO: Session journal saved: /home/alexander/Schreibtisch/ofa-v2/data/sessions/session_94b948de-3202-44f8-bf49-99e858a8a10f.json (1 events)
2026-09-01 12:03:53,335 [oasis.registry] INFO: Loaded discovered config: 5 backends
2026-09-01 12:03:53,337 [oasis.registry] INFO: Registered backend: 4C Multiphysics (fourc)
2026-09-01 12:03:53,338 [oasis.registry] INFO: Registered backend: FEniCSx (dolfinx) (fenics)
2026-09-01 12:03:53,338 [oasis.registry] INFO: Registered backend: deal.II (dealii)
2026-09-01 12:03:53,343 [oasis.registry] INFO: Registered backend: FEBio (febio)
2026-09-01 12:03:53,346 [oasis.registry] INFO: Registered backend: NGSolve (ngsolve)
2026-09-01 12:03:53,346 [oasis.ngsolve] INFO: NGSolve backend registered
2026-09-01 12:03:53,350 [oasis.registry] INFO: Registered backend: scikit-fem (skfem)
2026-09-01 12:03:53,350 [oasis.skfem] INFO: scikit-fem backend registered
2026-09-01 12:03:53,353 [oasis.registry] INFO: Registered backend: Kratos Multiphysics (kratos)
2026-09-01 12:03:53,353 [oasis.kratos] INFO: Kratos Multiphysics backend registered
2026-09-01 12:03:53,356 [oasis.registry] INFO: Registered backend: DUNE-fem (dune)
2026-09-01 12:03:53,356 [oasis.dune] INFO: DUNE-fem backend registered
2026-09-01 12:03:53,361 [oasis.registry] INFO: Registered backend: SPARTA (DSMC) (sparta)
2026-09-01 12:03:53,362 [oasis.sparta] INFO: SPARTA (DSMC) backend registered
2026-09-01 12:03:53,362 [oasis] INFO: Starting OASiS MCP server
2026-09-01 12:03:53,371 [mcp.server.lowlevel.server] INFO: Processing request of type CallToolRequest
2026-09-01 12:03:53,438 [mcp.server.lowlevel.server] INFO: Processing request of type ListToolsRequest
2026-09-01 12:03:53,444 [oasis] INFO: Session journal saved: /home/alexander/Schreibtisch/ofa-v2/data/sessions/session_b439173f-ad67-4c39-ac87-0032d2eff3f1.json (1 events)
/home/alexander/Schreibtisch/ofa-v2/langgraph_eval/agent.py:381: RuntimeWarning: This package (`duckduckgo_search`) has been renamed to `ddgs`! Use `pip install ddgs` instead.
  with DDGS() as ddgs:
/home/alexander/Schreibtisch/ofa-v2/langgraph_eval/agent.py:381: RuntimeWarning: This package (`duckduckgo_search`) has been renamed to `ddgs`! Use `pip install ddgs` instead.
  with DDGS() as ddgs:
/home/alexander/Schreibtisch/ofa-v2/langgraph_eval/agent.py:381: RuntimeWarning: This package (`duckduckgo_search`) has been renamed to `ddgs`! Use `pip install ddgs` instead.
  with DDGS() as ddgs:
/home/alexander/Schreibtisch/ofa-v2/langgraph_eval/agent.py:381: RuntimeWarning: This package (`duckduckgo_search`) has been renamed to `ddgs`! Use `pip install ddgs` instead.
  with DDGS() as ddgs:
/home/alexander/Schreibtisch/ofa-v2/langgraph_eval/agent.py:381: RuntimeWarning: This package (`duckduckgo_search`) has been renamed to `ddgs`! Use `pip install ddgs` instead.
  with DDGS() as ddgs:
/home/alexander/Schreibtisch/ofa-v2/langgraph_eval/agent.py:381: RuntimeWarning: This package (`duckduckgo_search`) has been renamed to `ddgs`! Use `pip install ddgs` instead.
  with DDGS() as ddgs:
[preflight] custody controls verified for 1 problem(s); keys sealed and unreadable by execution
[phase: development] results are for post-mortems and convergence checking, NOT for the paper's evaluation table.
[NG1 27b BARE s96] done  calls=235 tok=8627564/55083 1677.1s
/home/alexander/Schreibtisch/ofa-v2/campaign3_blind/run_blind.py:941: ResourceWarning: unclosed file <_io.TextIOWrapper name='/home/alexander/Schreibtisch/ofa-v2/campaign3_blind/runs/NG1_27b_BARE_seed96/work/trajectory_live.txt' mode='a' encoding='utf-8'>
  run_one(pid, a.model, cond, a.seed, a.timeout)
ResourceWarning: Enable tracemalloc to get the object allocation traceback
/home/alexander/.local/share/python/cpython-3.12.13-linux-x86_64-gnu/lib/python3.12/asyncio/selector_events.py:879: ResourceWarning: unclosed transport <_SelectorSocketTransport fd=8>
2026-09-01 12:04:51,738 [oasis.registry] INFO: Loaded discovered config: 5 backends
2026-09-01 12:04:51,740 [oasis.registry] INFO: Registered backend: 4C Multiphysics (fourc)
2026-09-01 12:04:51,740 [oasis.registry] INFO: Registered backend: FEniCSx (dolfinx) (fenics)
2026-09-01 12:04:51,741 [oasis.registry] INFO: Registered backend: deal.II (dealii)
2026-09-01 12:04:51,744 [oasis.registry] INFO: Registered backend: FEBio (febio)
2026-09-01 12:04:51,747 [oasis.registry] INFO: Registered backend: NGSolve (ngsolve)
2026-09-01 12:04:51,747 [oasis.ngsolve] INFO: NGSolve backend registered
2026-09-01 12:04:51,749 [oasis.registry] INFO: Registered backend: scikit-fem (skfem)
2026-09-01 12:04:51,749 [oasis.skfem] INFO: scikit-fem backend registered
2026-09-01 12:04:51,753 [oasis.registry] INFO: Registered backend: Kratos Multiphysics (kratos)
2026-09-01 12:04:51,753 [oasis.kratos] INFO: Kratos Multiphysics backend registered
2026-09-01 12:04:51,755 [oasis.registry] INFO: Registered backend: DUNE-fem (dune)
2026-09-01 12:04:51,755 [oasis.dune] INFO: DUNE-fem backend registered
2026-09-01 12:04:51,760 [oasis.registry] INFO: Registered backend: SPARTA (DSMC) (sparta)
2026-09-01 12:04:51,760 [oasis.sparta] INFO: SPARTA (DSMC) backend registered
2026-09-01 12:04:51,760 [oasis] INFO: Starting OASiS MCP server
2026-09-01 12:04:51,769 [mcp.server.lowlevel.server] INFO: Processing request of type ListToolsRequest
2026-09-01 12:04:59,623 [oasis.registry] INFO: Loaded discovered config: 5 backends
2026-09-01 12:04:59,625 [oasis.registry] INFO: Registered backend: 4C Multiphysics (fourc)
2026-09-01 12:04:59,626 [oasis.registry] INFO: Registered backend: FEniCSx (dolfinx) (fenics)
2026-09-01 12:04:59,627 [oasis.registry] INFO: Registered backend: deal.II (dealii)
2026-09-01 12:04:59,630 [oasis.registry] INFO: Registered backend: FEBio (febio)
2026-09-01 12:04:59,633 [oasis.registry] INFO: Registered backend: NGSolve (ngsolve)
2026-09-01 12:04:59,633 [oasis.ngsolve] INFO: NGSolve backend registered
2026-09-01 12:04:59,635 [oasis.registry] INFO: Registered backend: scikit-fem (skfem)
2026-09-01 12:04:59,635 [oasis.skfem] INFO: scikit-fem backend registered
2026-09-01 12:04:59,639 [oasis.registry] INFO: Registered backend: Kratos Multiphysics (kratos)
2026-09-01 12:04:59,639 [oasis.kratos] INFO: Kratos Multiphysics backend registered
2026-09-01 12:04:59,642 [oasis.registry] INFO: Registered backend: DUNE-fem (dune)
2026-09-01 12:04:59,642 [oasis.dune] INFO: DUNE-fem backend registered
2026-09-01 12:04:59,647 [oasis.registry] INFO: Registered backend: SPARTA (DSMC) (sparta)
2026-09-01 12:04:59,648 [oasis.sparta] INFO: SPARTA (DSMC) backend registered
2026-09-01 12:04:59,648 [oasis] INFO: Starting OASiS MCP server
2026-09-01 12:04:59,657 [mcp.server.lowlevel.server] INFO: Processing request of type CallToolRequest
2026-09-01 12:05:03,092 [mcp.server.lowlevel.server] INFO: Processing request of type ListToolsRequest
2026-09-01 12:05:03,102 [oasis] INFO: Session journal saved: /home/alexander/Schreibtisch/ofa-v2/data/sessions/session_20348996-4d80-4ebd-b52e-9395e5655ae7.json (1 events)
2026-09-01 12:05:25,361 [mcp.server.lowlevel.server] INFO: Processing request of type ListToolsRequest
2026-09-01 12:05:25,369 [oasis] INFO: Session journal saved: /home/alexander/Schreibtisch/ofa-v2/data/sessions/session_f1d10fa3-74a5-4bf0-ac09-1003ff55f4a5.json (1 events)
2026-09-01 12:05:34,212 [oasis.registry] INFO: Loaded discovered config: 5 backends
2026-09-01 12:05:34,214 [oasis.registry] INFO: Registered backend: 4C Multiphysics (fourc)
2026-09-01 12:05:34,214 [oasis.registry] INFO: Registered backend: FEniCSx (dolfinx) (fenics)
2026-09-01 12:05:34,215 [oasis.registry] INFO: Registered backend: deal.II (dealii)
2026-09-01 12:05:34,218 [oasis.registry] INFO: Registered backend: FEBio (febio)
2026-09-01 12:05:34,220 [oasis.registry] INFO: Registered backend: NGSolve (ngsolve)
2026-09-01 12:05:34,220 [oasis.ngsolve] INFO: NGSolve backend registered
2026-09-01 12:05:34,223 [oasis.registry] INFO: Registered backend: scikit-fem (skfem)
2026-09-01 12:05:34,223 [oasis.skfem] INFO: scikit-fem backend registered
2026-09-01 12:05:34,226 [oasis.registry] INFO: Registered backend: Kratos Multiphysics (kratos)
2026-09-01 12:05:34,226 [oasis.kratos] INFO: Kratos Multiphysics backend registered
2026-09-01 12:05:34,229 [oasis.registry] INFO: Registered backend: DUNE-fem (dune)
2026-09-01 12:05:34,229 [oasis.dune] INFO: DUNE-fem backend registered
2026-09-01 12:05:34,234 [oasis.registry] INFO: Registered backend: SPARTA (DSMC) (sparta)
2026-09-01 12:05:34,234 [oasis.sparta] INFO: SPARTA (DSMC) backend registered
2026-09-01 12:05:34,234 [oasis] INFO: Starting OASiS MCP server
2026-09-01 12:05:34,242 [mcp.server.lowlevel.server] INFO: Processing request of type CallToolRequest
2026-09-01 12:05:34,250 [mcp.server.lowlevel.server] INFO: Processing request of type ListToolsRequest
/home/alexander/Schreibtisch/ofa-v2/langgraph_eval/agent.py:381: RuntimeWarning: This package (`duckduckgo_search`) has been renamed to `ddgs`! Use `pip install ddgs` instead.
  with DDGS() as ddgs:
2026-09-01 12:05:38,092 [oasis.registry] INFO: Loaded discovered config: 5 backends
2026-09-01 12:05:38,094 [oasis.registry] INFO: Registered backend: 4C Multiphysics (fourc)
2026-09-01 12:05:38,095 [oasis.registry] INFO: Registered backend: FEniCSx (dolfinx) (fenics)
2026-09-01 12:05:38,095 [oasis.registry] INFO: Registered backend: deal.II (dealii)
2026-09-01 12:05:38,098 [oasis.registry] INFO: Registered backend: FEBio (febio)
2026-09-01 12:05:38,101 [oasis.registry] INFO: Registered backend: NGSolve (ngsolve)
2026-09-01 12:05:38,101 [oasis.ngsolve] INFO: NGSolve backend registered
2026-09-01 12:05:38,103 [oasis.registry] INFO: Registered backend: scikit-fem (skfem)
2026-09-01 12:05:38,103 [oasis.skfem] INFO: scikit-fem backend registered
2026-09-01 12:05:38,107 [oasis.registry] INFO: Registered backend: Kratos Multiphysics (kratos)
2026-09-01 12:05:38,107 [oasis.kratos] INFO: Kratos Multiphysics backend registered
2026-09-01 12:05:38,109 [oasis.registry] INFO: Registered backend: DUNE-fem (dune)
2026-09-01 12:05:38,109 [oasis.dune] INFO: DUNE-fem backend registered
2026-09-01 12:05:38,115 [oasis.registry] INFO: Registered backend: SPARTA (DSMC) (sparta)
2026-09-01 12:05:38,115 [oasis.sparta] INFO: SPARTA (DSMC) backend registered
2026-09-01 12:05:38,115 [oasis] INFO: Starting OASiS MCP server
2026-09-01 12:05:38,123 [mcp.server.lowlevel.server] INFO: Processing request of type CallToolRequest
2026-09-01 12:05:38,126 [mcp.server.lowlevel.server] INFO: Processing request of type ListToolsRequest
2026-09-01 12:05:38,132 [oasis] INFO: Session journal saved: /home/alexander/Schreibtisch/ofa-v2/data/sessions/session_e19af857-f961-48f4-a3b4-0b1389816d76.json (1 events)
/home/alexander/Schreibtisch/ofa-v2/langgraph_eval/agent.py:456: LangGraphDeprecatedSinceV10: create_react_agent has been moved to `langchain.agents`. Please update your import to `from langchain.agents import create_agent`. Deprecated in LangGraph V1.0 to be removed in V2.0.
  sub_agent = create_react_agent(
2026-09-01 12:05:44,262 [oasis.registry] INFO: Loaded discovered config: 5 backends
2026-09-01 12:05:44,263 [oasis.registry] INFO: Loaded discovered config: 5 backends
2026-09-01 12:05:44,265 [oasis.registry] INFO: Registered backend: 4C Multiphysics (fourc)
2026-09-01 12:05:44,265 [oasis.registry] INFO: Registered backend: FEniCSx (dolfinx) (fenics)
2026-09-01 12:05:44,265 [oasis.registry] INFO: Registered backend: 4C Multiphysics (fourc)
2026-09-01 12:05:44,266 [oasis.registry] INFO: Registered backend: deal.II (dealii)
2026-09-01 12:05:44,266 [oasis.registry] INFO: Registered backend: FEniCSx (dolfinx) (fenics)
2026-09-01 12:05:44,266 [oasis.registry] INFO: Registered backend: deal.II (dealii)
2026-09-01 12:05:44,269 [oasis.registry] INFO: Registered backend: FEBio (febio)
2026-09-01 12:05:44,270 [oasis.registry] INFO: Registered backend: FEBio (febio)
2026-09-01 12:05:44,271 [oasis.registry] INFO: Registered backend: NGSolve (ngsolve)
2026-09-01 12:05:44,271 [oasis.ngsolve] INFO: NGSolve backend registered
2026-09-01 12:05:44,272 [oasis.registry] INFO: Registered backend: NGSolve (ngsolve)
2026-09-01 12:05:44,272 [oasis.ngsolve] INFO: NGSolve backend registered
2026-09-01 12:05:44,274 [oasis.registry] INFO: Registered backend: scikit-fem (skfem)
2026-09-01 12:05:44,274 [oasis.skfem] INFO: scikit-fem backend registered
2026-09-01 12:05:44,275 [oasis.registry] INFO: Registered backend: scikit-fem (skfem)
2026-09-01 12:05:44,275 [oasis.skfem] INFO: scikit-fem backend registered
2026-09-01 12:05:44,278 [oasis.registry] INFO: Registered backend: Kratos Multiphysics (kratos)
2026-09-01 12:05:44,278 [oasis.kratos] INFO: Kratos Multiphysics backend registered
2026-09-01 12:05:44,278 [oasis.registry] INFO: Registered backend: Kratos Multiphysics (kratos)
2026-09-01 12:05:44,278 [oasis.kratos] INFO: Kratos Multiphysics backend registered
2026-09-01 12:05:44,280 [oasis.registry] INFO: Registered backend: DUNE-fem (dune)
2026-09-01 12:05:44,280 [oasis.dune] INFO: DUNE-fem backend registered
2026-09-01 12:05:44,281 [oasis.registry] INFO: Registered backend: DUNE-fem (dune)
2026-09-01 12:05:44,281 [oasis.dune] INFO: DUNE-fem backend registered
2026-09-01 12:05:44,285 [oasis.registry] INFO: Registered backend: SPARTA (DSMC) (sparta)
2026-09-01 12:05:44,285 [oasis.sparta] INFO: SPARTA (DSMC) backend registered
2026-09-01 12:05:44,285 [oasis] INFO: Starting OASiS MCP server
2026-09-01 12:05:44,286 [oasis.registry] INFO: Registered backend: SPARTA (DSMC) (sparta)
2026-09-01 12:05:44,286 [oasis.sparta] INFO: SPARTA (DSMC) backend registered
2026-09-01 12:05:44,286 [oasis] INFO: Starting OASiS MCP server
2026-09-01 12:05:44,293 [mcp.server.lowlevel.server] INFO: Processing request of type CallToolRequest
2026-09-01 12:05:44,295 [mcp.server.lowlevel.server] INFO: Processing request of type CallToolRequest
2026-09-01 12:05:44,297 [mcp.server.lowlevel.server] INFO: Processing request of type ListToolsRequest
2026-09-01 12:05:44,299 [mcp.server.lowlevel.server] INFO: Processing request of type ListToolsRequest
2026-09-01 12:05:44,307 [oasis] INFO: Session journal saved: /home/alexander/Schreibtisch/ofa-v2/data/sessions/session_dc2160ac-1da2-42c3-a985-ada494b414ac.json (1 events)
2026-09-01 12:05:49,185 [oasis.registry] INFO: Loaded discovered config: 5 backends
2026-09-01 12:05:49,187 [oasis.registry] INFO: Registered backend: 4C Multiphysics (fourc)
2026-09-01 12:05:49,188 [oasis.registry] INFO: Registered backend: FEniCSx (dolfinx) (fenics)
2026-09-01 12:05:49,188 [oasis.registry] INFO: Registered backend: deal.II (dealii)
2026-09-01 12:05:49,188 [oasis.registry] INFO: Loaded discovered config: 5 backends
2026-09-01 12:05:49,191 [oasis.registry] INFO: Registered backend: 4C Multiphysics (fourc)
2026-09-01 12:05:49,191 [oasis.registry] INFO: Registered backend: FEniCSx (dolfinx) (fenics)
2026-09-01 12:05:49,191 [oasis.registry] INFO: Registered backend: FEBio (febio)
2026-09-01 12:05:49,192 [oasis.registry] INFO: Registered backend: deal.II (dealii)
2026-09-01 12:05:49,194 [oasis.registry] INFO: Registered backend: NGSolve (ngsolve)
2026-09-01 12:05:49,194 [oasis.ngsolve] INFO: NGSolve backend registered
2026-09-01 12:05:49,195 [oasis.registry] INFO: Registered backend: FEBio (febio)
2026-09-01 12:05:49,196 [oasis.registry] INFO: Registered backend: scikit-fem (skfem)
2026-09-01 12:05:49,197 [oasis.skfem] INFO: scikit-fem backend registered
2026-09-01 12:05:49,198 [oasis.registry] INFO: Registered backend: NGSolve (ngsolve)
2026-09-01 12:05:49,198 [oasis.ngsolve] INFO: NGSolve backend registered
2026-09-01 12:05:49,200 [oasis.registry] INFO: Registered backend: Kratos Multiphysics (kratos)
2026-09-01 12:05:49,200 [oasis.kratos] INFO: Kratos Multiphysics backend registered
2026-09-01 12:05:49,200 [oasis.registry] INFO: Registered backend: scikit-fem (skfem)
2026-09-01 12:05:49,200 [oasis.skfem] INFO: scikit-fem backend registered
2026-09-01 12:05:49,203 [oasis.registry] INFO: Registered backend: DUNE-fem (dune)
2026-09-01 12:05:49,203 [oasis.dune] INFO: DUNE-fem backend registered
2026-09-01 12:05:49,204 [oasis.registry] INFO: Registered backend: Kratos Multiphysics (kratos)
2026-09-01 12:05:49,204 [oasis.kratos] INFO: Kratos Multiphysics backend registered
2026-09-01 12:05:49,206 [oasis.registry] INFO: Registered backend: DUNE-fem (dune)
2026-09-01 12:05:49,207 [oasis.dune] INFO: DUNE-fem backend registered
2026-09-01 12:05:49,208 [oasis.registry] INFO: Registered backend: SPARTA (DSMC) (sparta)
2026-09-01 12:05:49,208 [oasis.sparta] INFO: SPARTA (DSMC) backend registered
2026-09-01 12:05:49,208 [oasis] INFO: Starting OASiS MCP server
2026-09-01 12:05:49,212 [oasis.registry] INFO: Registered backend: SPARTA (DSMC) (sparta)
2026-09-01 12:05:49,212 [oasis.sparta] INFO: SPARTA (DSMC) backend registered
2026-09-01 12:05:49,212 [oasis] INFO: Starting OASiS MCP server
2026-09-01 12:05:49,216 [mcp.server.lowlevel.server] INFO: Processing request of type CallToolRequest
2026-09-01 12:05:49,220 [mcp.server.lowlevel.server] INFO: Processing request of type CallToolRequest
2026-09-01 12:05:49,223 [mcp.server.lowlevel.server] INFO: Processing request of type ListToolsRequest
2026-09-01 12:05:49,225 [mcp.server.lowlevel.server] INFO: Processing request of type ListToolsRequest
2026-09-01 12:05:49,230 [oasis] INFO: Session journal saved: /home/alexander/Schreibtisch/ofa-v2/data/sessions/session_4f5203b7-4264-41cb-a399-3c5a204fe159.json (1 events)
2026-09-01 12:05:55,595 [oasis.registry] INFO: Loaded discovered config: 5 backends
2026-09-01 12:05:55,598 [oasis.registry] INFO: Registered backend: 4C Multiphysics (fourc)
2026-09-01 12:05:55,598 [oasis.registry] INFO: Registered backend: FEniCSx (dolfinx) (fenics)
2026-09-01 12:05:55,599 [oasis.registry] INFO: Registered backend: deal.II (dealii)
2026-09-01 12:05:55,602 [oasis.registry] INFO: Registered backend: FEBio (febio)
2026-09-01 12:05:55,604 [oasis.registry] INFO: Registered backend: NGSolve (ngsolve)
2026-09-01 12:05:55,604 [oasis.ngsolve] INFO: NGSolve backend registered
2026-09-01 12:05:55,607 [oasis.registry] INFO: Registered backend: scikit-fem (skfem)
2026-09-01 12:05:55,607 [oasis.skfem] INFO: scikit-fem backend registered
2026-09-01 12:05:55,611 [oasis.registry] INFO: Registered backend: Kratos Multiphysics (kratos)
2026-09-01 12:05:55,611 [oasis.kratos] INFO: Kratos Multiphysics backend registered
2026-09-01 12:05:55,613 [oasis.registry] INFO: Registered backend: DUNE-fem (dune)
2026-09-01 12:05:55,613 [oasis.dune] INFO: DUNE-fem backend registered
2026-09-01 12:05:55,618 [oasis.registry] INFO: Registered backend: SPARTA (DSMC) (sparta)
2026-09-01 12:05:55,618 [oasis.sparta] INFO: SPARTA (DSMC) backend registered
2026-09-01 12:05:55,618 [oasis] INFO: Starting OASiS MCP server
2026-09-01 12:05:55,626 [mcp.server.lowlevel.server] INFO: Processing request of type CallToolRequest
2026-09-01 12:05:55,667 [mcp.server.lowlevel.server] INFO: Processing request of type ListToolsRequest
2026-09-01 12:05:55,673 [oasis] INFO: Session journal saved: /home/alexander/Schreibtisch/ofa-v2/data/sessions/session_e37c179e-c998-44a8-8099-8e656b8807ce.json (1 events)
2026-09-01 12:05:56,145 [oasis.registry] INFO: Loaded discovered config: 5 backends
2026-09-01 12:05:56,147 [oasis.registry] INFO: Registered backend: 4C Multiphysics (fourc)
2026-09-01 12:05:56,147 [oasis.registry] INFO: Registered backend: FEniCSx (dolfinx) (fenics)
2026-09-01 12:05:56,148 [oasis.registry] INFO: Registered backend: deal.II (dealii)
2026-09-01 12:05:56,151 [oasis.registry] INFO: Registered backend: FEBio (febio)
2026-09-01 12:05:56,153 [oasis.registry] INFO: Registered backend: NGSolve (ngsolve)
2026-09-01 12:05:56,153 [oasis.ngsolve] INFO: NGSolve backend registered
2026-09-01 12:05:56,156 [oasis.registry] INFO: Registered backend: scikit-fem (skfem)
2026-09-01 12:05:56,156 [oasis.skfem] INFO: scikit-fem backend registered
2026-09-01 12:05:56,160 [oasis.registry] INFO: Registered backend: Kratos Multiphysics (kratos)
2026-09-01 12:05:56,160 [oasis.kratos] INFO: Kratos Multiphysics backend registered
2026-09-01 12:05:56,162 [oasis.registry] INFO: Registered backend: DUNE-fem (dune)
2026-09-01 12:05:56,162 [oasis.dune] INFO: DUNE-fem backend registered
2026-09-01 12:05:56,168 [oasis.registry] INFO: Registered backend: SPARTA (DSMC) (sparta)
2026-09-01 12:05:56,168 [oasis.sparta] INFO: SPARTA (DSMC) backend registered
2026-09-01 12:05:56,168 [oasis] INFO: Starting OASiS MCP server
2026-09-01 12:05:56,175 [mcp.server.lowlevel.server] INFO: Processing request of type CallToolRequest
2026-09-01 12:05:56,178 [mcp.server.lowlevel.server] INFO: Processing request of type ListToolsRequest
2026-09-01 12:06:01,406 [oasis.registry] INFO: Loaded discovered config: 5 backends
2026-09-01 12:06:01,408 [oasis.registry] INFO: Registered backend: 4C Multiphysics (fourc)
2026-09-01 12:06:01,408 [oasis.registry] INFO: Registered backend: FEniCSx (dolfinx) (fenics)
2026-09-01 12:06:01,409 [oasis.registry] INFO: Registered backend: deal.II (dealii)
2026-09-01 12:06:01,411 [oasis.registry] INFO: Loaded discovered config: 5 backends
2026-09-01 12:06:01,412 [oasis.registry] INFO: Registered backend: FEBio (febio)
2026-09-01 12:06:01,413 [oasis.registry] INFO: Registered backend: 4C Multiphysics (fourc)
2026-09-01 12:06:01,413 [oasis.registry] INFO: Registered backend: FEniCSx (dolfinx) (fenics)
2026-09-01 12:06:01,414 [oasis.registry] INFO: Registered backend: deal.II (dealii)
2026-09-01 12:06:01,415 [oasis.registry] INFO: Registered backend: NGSolve (ngsolve)
2026-09-01 12:06:01,415 [oasis.ngsolve] INFO: NGSolve backend registered
2026-09-01 12:06:01,417 [oasis.registry] INFO: Registered backend: scikit-fem (skfem)
2026-09-01 12:06:01,417 [oasis.registry] INFO: Registered backend: FEBio (febio)
2026-09-01 12:06:01,417 [oasis.skfem] INFO: scikit-fem backend registered
2026-09-01 12:06:01,420 [oasis.registry] INFO: Registered backend: NGSolve (ngsolve)
2026-09-01 12:06:01,420 [oasis.ngsolve] INFO: NGSolve backend registered
2026-09-01 12:06:01,421 [oasis.registry] INFO: Registered backend: Kratos Multiphysics (kratos)
2026-09-01 12:06:01,421 [oasis.kratos] INFO: Kratos Multiphysics backend registered
2026-09-01 12:06:01,422 [oasis.registry] INFO: Registered backend: scikit-fem (skfem)
2026-09-01 12:06:01,422 [oasis.skfem] INFO: scikit-fem backend registered
2026-09-01 12:06:01,423 [oasis.registry] INFO: Registered backend: DUNE-fem (dune)
2026-09-01 12:06:01,423 [oasis.dune] INFO: DUNE-fem backend registered
2026-09-01 12:06:01,426 [oasis.registry] INFO: Registered backend: Kratos Multiphysics (kratos)
2026-09-01 12:06:01,426 [oasis.kratos] INFO: Kratos Multiphysics backend registered
2026-09-01 12:06:01,428 [oasis.registry] INFO: Registered backend: SPARTA (DSMC) (sparta)
2026-09-01 12:06:01,428 [oasis.sparta] INFO: SPARTA (DSMC) backend registered
2026-09-01 12:06:01,428 [oasis.registry] INFO: Registered backend: DUNE-fem (dune)
2026-09-01 12:06:01,428 [oasis] INFO: Starting OASiS MCP server
2026-09-01 12:06:01,428 [oasis.dune] INFO: DUNE-fem backend registered
2026-09-01 12:06:01,433 [oasis.registry] INFO: Registered backend: SPARTA (DSMC) (sparta)
2026-09-01 12:06:01,433 [oasis.sparta] INFO: SPARTA (DSMC) backend registered
2026-09-01 12:06:01,433 [oasis] INFO: Starting OASiS MCP server
2026-09-01 12:06:01,436 [mcp.server.lowlevel.server] INFO: Processing request of type CallToolRequest
2026-09-01 12:06:01,441 [mcp.server.lowlevel.server] INFO: Processing request of type CallToolRequest
2026-09-01 12:06:01,446 [mcp.server.lowlevel.server] INFO: Processing request of type ListToolsRequest
2026-09-01 12:06:01,483 [mcp.server.lowlevel.server] INFO: Processing request of type ListToolsRequest
2026-09-01 12:06:01,488 [oasis] INFO: Session journal saved: /home/alexander/Schreibtisch/ofa-v2/data/sessions/session_29869645-285e-4b79-ad44-7a936e0744f6.json (1 events)
2026-09-01 12:06:30,922 [oasis.registry] INFO: Loaded discovered config: 5 backends
2026-09-01 12:06:30,924 [oasis.registry] INFO: Registered backend: 4C Multiphysics (fourc)
2026-09-01 12:06:30,925 [oasis.registry] INFO: Registered backend: FEniCSx (dolfinx) (fenics)
2026-09-01 12:06:30,925 [oasis.registry] INFO: Registered backend: deal.II (dealii)
2026-09-01 12:06:30,929 [oasis.registry] INFO: Registered backend: FEBio (febio)
2026-09-01 12:06:30,931 [oasis.registry] INFO: Registered backend: NGSolve (ngsolve)
2026-09-01 12:06:30,931 [oasis.ngsolve] INFO: NGSolve backend registered
2026-09-01 12:06:30,934 [oasis.registry] INFO: Registered backend: scikit-fem (skfem)
2026-09-01 12:06:30,934 [oasis.skfem] INFO: scikit-fem backend registered
2026-09-01 12:06:30,937 [oasis.registry] INFO: Registered backend: Kratos Multiphysics (kratos)
2026-09-01 12:06:30,937 [oasis.kratos] INFO: Kratos Multiphysics backend registered
2026-09-01 12:06:30,940 [oasis.registry] INFO: Registered backend: DUNE-fem (dune)
2026-09-01 12:06:30,940 [oasis.dune] INFO: DUNE-fem backend registered
2026-09-01 12:06:30,945 [oasis.registry] INFO: Registered backend: SPARTA (DSMC) (sparta)
2026-09-01 12:06:30,945 [oasis.sparta] INFO: SPARTA (DSMC) backend registered
2026-09-01 12:06:30,945 [oasis] INFO: Starting OASiS MCP server
2026-09-01 12:06:30,953 [mcp.server.lowlevel.server] INFO: Processing request of type CallToolRequest
2026-09-01 12:06:30,960 [mcp.server.lowlevel.server] INFO: Processing request of type ListToolsRequest
/home/alexander/Schreibtisch/ofa-v2/langgraph_eval/agent.py:381: RuntimeWarning: This package (`duckduckgo_search`) has been renamed to `ddgs`! Use `pip install ddgs` instead.
  with DDGS() as ddgs:
/home/alexander/Schreibtisch/ofa-v2/langgraph_eval/agent.py:381: RuntimeWarning: This package (`duckduckgo_search`) has been renamed to `ddgs`! Use `pip install ddgs` instead.
  with DDGS() as ddgs:
/home/alexander/Schreibtisch/ofa-v2/langgraph_eval/agent.py:381: RuntimeWarning: This package (`duckduckgo_search`) has been renamed to `ddgs`! Use `pip install ddgs` instead.
  with DDGS() as ddgs:
/home/alexander/Schreibtisch/ofa-v2/langgraph_eval/agent.py:381: RuntimeWarning: This package (`duckduckgo_search`) has been renamed to `ddgs`! Use `pip install ddgs` instead.
  with DDGS() as ddgs:
/home/alexander/Schreibtisch/ofa-v2/langgraph_eval/agent.py:381: RuntimeWarning: This package (`duckduckgo_search`) has been renamed to `ddgs`! Use `pip install ddgs` instead.
  with DDGS() as ddgs:
/home/alexander/Schreibtisch/ofa-v2/langgraph_eval/agent.py:381: RuntimeWarning: This package (`duckduckgo_search`) has been renamed to `ddgs`! Use `pip install ddgs` instead.
  with DDGS() as ddgs:
/home/alexander/Schreibtisch/ofa-v2/langgraph_eval/agent.py:381: RuntimeWarning: This package (`duckduckgo_search`) has been renamed to `ddgs`! Use `pip install ddgs` instead.
  with DDGS() as ddgs:
/home/alexander/Schreibtisch/ofa-v2/langgraph_eval/agent.py:381: RuntimeWarning: This package (`duckduckgo_search`) has been renamed to `ddgs`! Use `pip install ddgs` instead.
  with DDGS() as ddgs:
/home/alexander/Schreibtisch/ofa-v2/langgraph_eval/agent.py:381: RuntimeWarning: This package (`duckduckgo_search`) has been renamed to `ddgs`! Use `pip install ddgs` instead.
  with DDGS() as ddgs:
/home/alexander/Schreibtisch/ofa-v2/langgraph_eval/agent.py:381: RuntimeWarning: This package (`duckduckgo_search`) has been renamed to `ddgs`! Use `pip install ddgs` instead.
  with DDGS() as ddgs:
/home/alexander/Schreibtisch/ofa-v2/langgraph_eval/agent.py:381: RuntimeWarning: This package (`duckduckgo_search`) has been renamed to `ddgs`! Use `pip install ddgs` instead.
  with DDGS() as ddgs:
/home/alexander/Schreibtisch/ofa-v2/langgraph_eval/agent.py:381: RuntimeWarning: This package (`duckduckgo_search`) has been renamed to `ddgs`! Use `pip install ddgs` instead.
  with DDGS() as ddgs:
/home/alexander/Schreibtisch/ofa-v2/langgraph_eval/agent.py:381: RuntimeWarning: This package (`duckduckgo_search`) has been renamed to `ddgs`! Use `pip install ddgs` instead.
  with DDGS() as ddgs:
/home/alexander/Schreibtisch/ofa-v2/langgraph_eval/agent.py:381: RuntimeWarning: This package (`duckduckgo_search`) has been renamed to `ddgs`! Use `pip install ddgs` instead.
  with DDGS() as ddgs:
/home/alexander/Schreibtisch/ofa-v2/langgraph_eval/agent.py:381: RuntimeWarning: This package (`duckduckgo_search`) has been renamed to `ddgs`! Use `pip install ddgs` instead.
  with DDGS() as ddgs:
/home/alexander/Schreibtisch/ofa-v2/langgraph_eval/agent.py:381: RuntimeWarning: This package (`duckduckgo_search`) has been renamed to `ddgs`! Use `pip install ddgs` instead.
  with DDGS() as ddgs:
/home/alexander/Schreibtisch/ofa-v2/langgraph_eval/agent.py:381: RuntimeWarning: This package (`duckduckgo_search`) has been renamed to `ddgs`! Use `pip install ddgs` instead.
  with DDGS() as ddgs:
/home/alexander/Schreibtisch/ofa-v2/langgraph_eval/agent.py:381: RuntimeWarning: This package (`duckduckgo_search`) has been renamed to `ddgs`! Use `pip install ddgs` instead.
  with DDGS() as ddgs:
/home/alexander/Schreibtisch/ofa-v2/langgraph_eval/agent.py:381: RuntimeWarning: This package (`duckduckgo_search`) has been renamed to `ddgs`! Use `pip install ddgs` instead.
  with DDGS() as ddgs:
/home/alexander/Schreibtisch/ofa-v2/langgraph_eval/agent.py:381: RuntimeWarning: This package (`duckduckgo_search`) has been renamed to `ddgs`! Use `pip install ddgs` instead.
  with DDGS() as ddgs:
/home/alexander/Schreibtisch/ofa-v2/langgraph_eval/agent.py:381: RuntimeWarning: This package (`duckduckgo_search`) has been renamed to `ddgs`! Use `pip install ddgs` instead.
  with DDGS() as ddgs:
/home/alexander/Schreibtisch/ofa-v2/langgraph_eval/agent.py:381: RuntimeWarning: This package (`duckduckgo_search`) has been renamed to `ddgs`! Use `pip install ddgs` instead.
  with DDGS() as ddgs:
/home/alexander/Schreibtisch/ofa-v2/langgraph_eval/agent.py:381: RuntimeWarning: This package (`duckduckgo_search`) has been renamed to `ddgs`! Use `pip install ddgs` instead.
  with DDGS() as ddgs:
/home/alexander/Schreibtisch/ofa-v2/langgraph_eval/agent.py:381: RuntimeWarning: This package (`duckduckgo_search`) has been renamed to `ddgs`! Use `pip install ddgs` instead.
  with DDGS() as ddgs:
2026-09-01 12:07:50,438 [oasis.registry] INFO: Loaded discovered config: 5 backends
2026-09-01 12:07:50,440 [oasis.registry] INFO: Registered backend: 4C Multiphysics (fourc)
2026-09-01 12:07:50,441 [oasis.registry] INFO: Registered backend: FEniCSx (dolfinx) (fenics)
2026-09-01 12:07:50,442 [oasis.registry] INFO: Registered backend: deal.II (dealii)
2026-09-01 12:07:50,445 [oasis.registry] INFO: Registered backend: FEBio (febio)
2026-09-01 12:07:50,447 [oasis.registry] INFO: Registered backend: NGSolve (ngsolve)
2026-09-01 12:07:50,447 [oasis.ngsolve] INFO: NGSolve backend registered
2026-09-01 12:07:50,450 [oasis.registry] INFO: Registered backend: scikit-fem (skfem)
2026-09-01 12:07:50,450 [oasis.skfem] INFO: scikit-fem backend registered
2026-09-01 12:07:50,453 [oasis.registry] INFO: Registered backend: Kratos Multiphysics (kratos)
2026-09-01 12:07:50,453 [oasis.kratos] INFO: Kratos Multiphysics backend registered
2026-09-01 12:07:50,456 [oasis.registry] INFO: Registered backend: DUNE-fem (dune)
2026-09-01 12:07:50,456 [oasis.dune] INFO: DUNE-fem backend registered
2026-09-01 12:07:50,461 [oasis.registry] INFO: Registered backend: SPARTA (DSMC) (sparta)
2026-09-01 12:07:50,461 [oasis.sparta] INFO: SPARTA (DSMC) backend registered
2026-09-01 12:07:50,461 [oasis] INFO: Starting OASiS MCP server
2026-09-01 12:07:50,468 [mcp.server.lowlevel.server] INFO: Processing request of type CallToolRequest
2026-09-01 12:07:50,516 [mcp.server.lowlevel.server] INFO: Processing request of type ListToolsRequest
2026-09-01 12:07:50,522 [oasis] INFO: Session journal saved: /home/alexander/Schreibtisch/ofa-v2/data/sessions/session_eb5c3b08-23ae-4b28-9bcd-c81b26f1e37c.json (1 events)
/home/alexander/Schreibtisch/ofa-v2/langgraph_eval/agent.py:381: RuntimeWarning: This package (`duckduckgo_search`) has been renamed to `ddgs`! Use `pip install ddgs` instead.
  with DDGS() as ddgs:
/home/alexander/Schreibtisch/ofa-v2/langgraph_eval/agent.py:381: RuntimeWarning: This package (`duckduckgo_search`) has been renamed to `ddgs`! Use `pip install ddgs` instead.
  with DDGS() as ddgs:
/home/alexander/Schreibtisch/ofa-v2/langgraph_eval/agent.py:381: RuntimeWarning: This package (`duckduckgo_search`) has been renamed to `ddgs`! Use `pip install ddgs` instead.
  with DDGS() as ddgs:
/home/alexander/Schreibtisch/ofa-v2/langgraph_eval/agent.py:381: RuntimeWarning: This package (`duckduckgo_search`) has been renamed to `ddgs`! Use `pip install ddgs` instead.
  with DDGS() as ddgs:
/home/alexander/Schreibtisch/ofa-v2/langgraph_eval/agent.py:381: RuntimeWarning: This package (`duckduckgo_search`) has been renamed to `ddgs`! Use `pip install ddgs` instead.
  with DDGS() as ddgs:
/home/alexander/Schreibtisch/ofa-v2/langgraph_eval/agent.py:381: RuntimeWarning: This package (`duckduckgo_search`) has been renamed to `ddgs`! Use `pip install ddgs` instead.
  with DDGS() as ddgs:
/home/alexander/Schreibtisch/ofa-v2/langgraph_eval/agent.py:381: RuntimeWarning: This package (`duckduckgo_search`) has been renamed to `ddgs`! Use `pip install ddgs` instead.
  with DDGS() as ddgs:
2026-09-01 12:08:33,821 [oasis.registry] INFO: Loaded discovered config: 5 backends
2026-09-01 12:08:33,823 [oasis.registry] INFO: Registered backend: 4C Multiphysics (fourc)
2026-09-01 12:08:33,823 [oasis.registry] INFO: Registered backend: FEniCSx (dolfinx) (fenics)
2026-09-01 12:08:33,824 [oasis.registry] INFO: Registered backend: deal.II (dealii)
2026-09-01 12:08:33,827 [oasis.registry] INFO: Registered backend: FEBio (febio)
2026-09-01 12:08:33,829 [oasis.registry] INFO: Registered backend: NGSolve (ngsolve)
2026-09-01 12:08:33,829 [oasis.ngsolve] INFO: NGSolve backend registered
2026-09-01 12:08:33,832 [oasis.registry] INFO: Registered backend: scikit-fem (skfem)
2026-09-01 12:08:33,832 [oasis.skfem] INFO: scikit-fem backend registered
2026-09-01 12:08:33,835 [oasis.registry] INFO: Registered backend: Kratos Multiphysics (kratos)
2026-09-01 12:08:33,835 [oasis.kratos] INFO: Kratos Multiphysics backend registered
2026-09-01 12:08:33,838 [oasis.registry] INFO: Registered backend: DUNE-fem (dune)
2026-09-01 12:08:33,838 [oasis.dune] INFO: DUNE-fem backend registered
2026-09-01 12:08:33,843 [oasis.registry] INFO: Registered backend: SPARTA (DSMC) (sparta)
2026-09-01 12:08:33,843 [oasis.sparta] INFO: SPARTA (DSMC) backend registered
2026-09-01 12:08:33,843 [oasis] INFO: Starting OASiS MCP server
2026-09-01 12:08:33,852 [mcp.server.lowlevel.server] INFO: Processing request of type CallToolRequest
2026-09-01 12:10:11,061 [mcp.server.lowlevel.server] INFO: Processing request of type ListToolsRequest
2026-09-01 12:10:11,068 [oasis] INFO: Session journal saved: /home/alexander/Schreibtisch/ofa-v2/data/sessions/session_d06cfdab-ccd2-4823-882e-9a0ef8f0ebbe.json (1 events)
/home/alexander/Schreibtisch/ofa-v2/langgraph_eval/agent.py:381: RuntimeWarning: This package (`duckduckgo_search`) has been renamed to `ddgs`! Use `pip install ddgs` instead.
  with DDGS() as ddgs:
/home/alexander/Schreibtisch/ofa-v2/langgraph_eval/agent.py:381: RuntimeWarning: This package (`duckduckgo_search`) has been renamed to `ddgs`! Use `pip install ddgs` instead.
  with DDGS() as ddgs:
/home/alexander/Schreibtisch/ofa-v2/langgraph_eval/agent.py:381: RuntimeWarning: This package (`duckduckgo_search`) has been renamed to `ddgs`! Use `pip install ddgs` instead.
  with DDGS() as ddgs:
2026-09-01 12:10:18,474 [oasis.registry] INFO: Loaded discovered config: 5 backends
2026-09-01 12:10:18,476 [oasis.registry] INFO: Registered backend: 4C Multiphysics (fourc)
2026-09-01 12:10:18,476 [oasis.registry] INFO: Registered backend: FEniCSx (dolfinx) (fenics)
2026-09-01 12:10:18,477 [oasis.registry] INFO: Registered backend: deal.II (dealii)
2026-09-01 12:10:18,480 [oasis.registry] INFO: Registered backend: FEBio (febio)
2026-09-01 12:10:18,482 [oasis.registry] INFO: Registered backend: NGSolve (ngsolve)
2026-09-01 12:10:18,482 [oasis.ngsolve] INFO: NGSolve backend registered
2026-09-01 12:10:18,485 [oasis.registry] INFO: Registered backend: scikit-fem (skfem)
2026-09-01 12:10:18,485 [oasis.skfem] INFO: scikit-fem backend registered
2026-09-01 12:10:18,489 [oasis.registry] INFO: Registered backend: Kratos Multiphysics (kratos)
2026-09-01 12:10:18,489 [oasis.kratos] INFO: Kratos Multiphysics backend registered
2026-09-01 12:10:18,491 [oasis.registry] INFO: Registered backend: DUNE-fem (dune)
2026-09-01 12:10:18,491 [oasis.dune] INFO: DUNE-fem backend registered
2026-09-01 12:10:18,496 [oasis.registry] INFO: Registered backend: SPARTA (DSMC) (sparta)
2026-09-01 12:10:18,496 [oasis.sparta] INFO: SPARTA (DSMC) backend registered
2026-09-01 12:10:18,496 [oasis] INFO: Starting OASiS MCP server
2026-09-01 12:10:18,504 [mcp.server.lowlevel.server] INFO: Processing request of type CallToolRequest
2026-09-01 12:10:18,510 [mcp.server.lowlevel.server] INFO: Processing request of type ListToolsRequest
/home/alexander/Schreibtisch/ofa-v2/langgraph_eval/agent.py:381: RuntimeWarning: This package (`duckduckgo_search`) has been renamed to `ddgs`! Use `pip install ddgs` instead.
  with DDGS() as ddgs:
/home/alexander/Schreibtisch/ofa-v2/langgraph_eval/agent.py:381: RuntimeWarning: This package (`duckduckgo_search`) has been renamed to `ddgs`! Use `pip install ddgs` instead.
  with DDGS() as ddgs:
2026-09-01 12:10:26,734 [oasis.registry] INFO: Loaded discovered config: 5 backends
2026-09-01 12:10:26,736 [oasis.registry] INFO: Registered backend: 4C Multiphysics (fourc)
2026-09-01 12:10:26,737 [oasis.registry] INFO: Registered backend: FEniCSx (dolfinx) (fenics)
2026-09-01 12:10:26,737 [oasis.registry] INFO: Registered backend: deal.II (dealii)
2026-09-01 12:10:26,740 [oasis.registry] INFO: Registered backend: FEBio (febio)
2026-09-01 12:10:26,743 [oasis.registry] INFO: Registered backend: NGSolve (ngsolve)
2026-09-01 12:10:26,743 [oasis.ngsolve] INFO: NGSolve backend registered
2026-09-01 12:10:26,746 [oasis.registry] INFO: Registered backend: scikit-fem (skfem)
2026-09-01 12:10:26,746 [oasis.skfem] INFO: scikit-fem backend registered
2026-09-01 12:10:26,749 [oasis.registry] INFO: Registered backend: Kratos Multiphysics (kratos)
2026-09-01 12:10:26,749 [oasis.kratos] INFO: Kratos Multiphysics backend registered
2026-09-01 12:10:26,752 [oasis.registry] INFO: Registered backend: DUNE-fem (dune)
2026-09-01 12:10:26,752 [oasis.dune] INFO: DUNE-fem backend registered
2026-09-01 12:10:26,757 [oasis.registry] INFO: Registered backend: SPARTA (DSMC) (sparta)
2026-09-01 12:10:26,757 [oasis.sparta] INFO: SPARTA (DSMC) backend registered
2026-09-01 12:10:26,757 [oasis] INFO: Starting OASiS MCP server
2026-09-01 12:10:26,765 [mcp.server.lowlevel.server] INFO: Processing request of type CallToolRequest
2026-09-01 12:10:27,657 [mcp.server.lowlevel.server] INFO: Processing request of type ListToolsRequest
2026-09-01 12:10:27,665 [oasis] INFO: Session journal saved: /home/alexander/Schreibtisch/ofa-v2/data/sessions/session_ce7fa2f1-b0a7-4985-8f32-4c01d40fdb9e.json (1 events)
/home/alexander/Schreibtisch/ofa-v2/langgraph_eval/agent.py:381: RuntimeWarning: This package (`duckduckgo_search`) has been renamed to `ddgs`! Use `pip install ddgs` instead.
  with DDGS() as ddgs:
/home/alexander/Schreibtisch/ofa-v2/langgraph_eval/agent.py:381: RuntimeWarning: This package (`duckduckgo_search`) has been renamed to `ddgs`! Use `pip install ddgs` instead.
  with DDGS() as ddgs:
/home/alexander/Schreibtisch/ofa-v2/langgraph_eval/agent.py:381: RuntimeWarning: This package (`duckduckgo_search`) has been renamed to `ddgs`! Use `pip install ddgs` instead.
  with DDGS() as ddgs:
2026-09-01 12:10:42,359 [oasis.registry] INFO: Loaded discovered config: 5 backends
2026-09-01 12:10:42,361 [oasis.registry] INFO: Registered backend: 4C Multiphysics (fourc)
2026-09-01 12:10:42,362 [oasis.registry] INFO: Registered backend: FEniCSx (dolfinx) (fenics)
2026-09-01 12:10:42,362 [oasis.registry] INFO: Registered backend: deal.II (dealii)
2026-09-01 12:10:42,365 [oasis.registry] INFO: Registered backend: FEBio (febio)
2026-09-01 12:10:42,368 [oasis.registry] INFO: Registered backend: NGSolve (ngsolve)
2026-09-01 12:10:42,368 [oasis.ngsolve] INFO: NGSolve backend registered
2026-09-01 12:10:42,370 [oasis.registry] INFO: Registered backend: scikit-fem (skfem)
2026-09-01 12:10:42,370 [oasis.skfem] INFO: scikit-fem backend registered
2026-09-01 12:10:42,374 [oasis.registry] INFO: Registered backend: Kratos Multiphysics (kratos)
2026-09-01 12:10:42,374 [oasis.kratos] INFO: Kratos Multiphysics backend registered
2026-09-01 12:10:42,376 [oasis.registry] INFO: Registered backend: DUNE-fem (dune)
2026-09-01 12:10:42,376 [oasis.dune] INFO: DUNE-fem backend registered
2026-09-01 12:10:42,381 [oasis.registry] INFO: Registered backend: SPARTA (DSMC) (sparta)
2026-09-01 12:10:42,381 [oasis.sparta] INFO: SPARTA (DSMC) backend registered
2026-09-01 12:10:42,381 [oasis] INFO: Starting OASiS MCP server
2026-09-01 12:10:42,389 [mcp.server.lowlevel.server] INFO: Processing request of type CallToolRequest
2026-09-01 12:10:45,765 [mcp.server.lowlevel.server] INFO: Processing request of type ListToolsRequest
2026-09-01 12:11:39,920 [oasis.registry] INFO: Loaded discovered config: 5 backends
2026-09-01 12:11:39,922 [oasis.registry] INFO: Registered backend: 4C Multiphysics (fourc)
2026-09-01 12:11:39,923 [oasis.registry] INFO: Registered backend: FEniCSx (dolfinx) (fenics)
2026-09-01 12:11:39,923 [oasis.registry] INFO: Registered backend: deal.II (dealii)
2026-09-01 12:11:39,926 [oasis.registry] INFO: Registered backend: FEBio (febio)
2026-09-01 12:11:39,928 [oasis.registry] INFO: Registered backend: NGSolve (ngsolve)
2026-09-01 12:11:39,929 [oasis.ngsolve] INFO: NGSolve backend registered
2026-09-01 12:11:39,931 [oasis.registry] INFO: Registered backend: scikit-fem (skfem)
2026-09-01 12:11:39,931 [oasis.skfem] INFO: scikit-fem backend registered
2026-09-01 12:11:39,935 [oasis.registry] INFO: Registered backend: Kratos Multiphysics (kratos)
2026-09-01 12:11:39,935 [oasis.kratos] INFO: Kratos Multiphysics backend registered
2026-09-01 12:11:39,937 [oasis.registry] INFO: Registered backend: DUNE-fem (dune)
2026-09-01 12:11:39,937 [oasis.dune] INFO: DUNE-fem backend registered
2026-09-01 12:11:39,942 [oasis.registry] INFO: Registered backend: SPARTA (DSMC) (sparta)
2026-09-01 12:11:39,942 [oasis.sparta] INFO: SPARTA (DSMC) backend registered
2026-09-01 12:11:39,942 [oasis] INFO: Starting OASiS MCP server
2026-09-01 12:11:39,950 [mcp.server.lowlevel.server] INFO: Processing request of type CallToolRequest
2026-09-01 12:11:39,964 [mcp.server.lowlevel.server] INFO: Processing request of type ListToolsRequest
2026-09-01 12:11:39,970 [oasis] INFO: Session journal saved: /home/alexander/Schreibtisch/ofa-v2/data/sessions/session_97cca4b4-9af3-498f-9af3-3be84f080cd5.json (1 events)
2026-09-01 12:12:29,357 [oasis.registry] INFO: Loaded discovered config: 5 backends
2026-09-01 12:12:29,359 [oasis.registry] INFO: Registered backend: 4C Multiphysics (fourc)
2026-09-01 12:12:29,360 [oasis.registry] INFO: Registered backend: FEniCSx (dolfinx) (fenics)
2026-09-01 12:12:29,360 [oasis.registry] INFO: Registered backend: deal.II (dealii)
2026-09-01 12:12:29,363 [oasis.registry] INFO: Registered backend: FEBio (febio)
2026-09-01 12:12:29,366 [oasis.registry] INFO: Registered backend: NGSolve (ngsolve)
2026-09-01 12:12:29,366 [oasis.ngsolve] INFO: NGSolve backend registered
2026-09-01 12:12:29,368 [oasis.registry] INFO: Registered backend: scikit-fem (skfem)
2026-09-01 12:12:29,368 [oasis.skfem] INFO: scikit-fem backend registered
2026-09-01 12:12:29,372 [oasis.registry] INFO: Registered backend: Kratos Multiphysics (kratos)
2026-09-01 12:12:29,372 [oasis.kratos] INFO: Kratos Multiphysics backend registered
2026-09-01 12:12:29,374 [oasis.registry] INFO: Registered backend: DUNE-fem (dune)
2026-09-01 12:12:29,374 [oasis.dune] INFO: DUNE-fem backend registered
2026-09-01 12:12:29,379 [oasis.registry] INFO: Registered backend: SPARTA (DSMC) (sparta)
2026-09-01 12:12:29,379 [oasis.sparta] INFO: SPARTA (DSMC) backend registered
2026-09-01 12:12:29,379 [oasis] INFO: Starting OASiS MCP server
2026-09-01 12:12:29,387 [mcp.server.lowlevel.server] INFO: Processing request of type CallToolRequest
2026-09-01 12:12:29,390 [mcp.server.lowlevel.server] INFO: Processing request of type ListToolsRequest
2026-09-01 12:14:12,906 [oasis.registry] INFO: Loaded discovered config: 5 backends
2026-09-01 12:14:12,908 [oasis.registry] INFO: Registered backend: 4C Multiphysics (fourc)
2026-09-01 12:14:12,908 [oasis.registry] INFO: Registered backend: FEniCSx (dolfinx) (fenics)
2026-09-01 12:14:12,909 [oasis.registry] INFO: Registered backend: deal.II (dealii)
2026-09-01 12:14:12,912 [oasis.registry] INFO: Registered backend: FEBio (febio)
2026-09-01 12:14:12,914 [oasis.registry] INFO: Registered backend: NGSolve (ngsolve)
2026-09-01 12:14:12,915 [oasis.ngsolve] INFO: NGSolve backend registered
2026-09-01 12:14:12,917 [oasis.registry] INFO: Registered backend: scikit-fem (skfem)
2026-09-01 12:14:12,917 [oasis.skfem] INFO: scikit-fem backend registered
2026-09-01 12:14:12,921 [oasis.registry] INFO: Registered backend: Kratos Multiphysics (kratos)
2026-09-01 12:14:12,921 [oasis.kratos] INFO: Kratos Multiphysics backend registered
2026-09-01 12:14:12,923 [oasis.registry] INFO: Registered backend: DUNE-fem (dune)
2026-09-01 12:14:12,923 [oasis.dune] INFO: DUNE-fem backend registered
2026-09-01 12:14:12,929 [oasis.registry] INFO: Registered backend: SPARTA (DSMC) (sparta)
2026-09-01 12:14:12,929 [oasis.sparta] INFO: SPARTA (DSMC) backend registered
2026-09-01 12:14:12,929 [oasis] INFO: Starting OASiS MCP server
2026-09-01 12:14:12,939 [mcp.server.lowlevel.server] INFO: Processing request of type CallToolRequest
2026-09-01 12:14:13,803 [mcp.server.lowlevel.server] INFO: Processing request of type ListToolsRequest
2026-09-01 12:14:13,811 [oasis] INFO: Session journal saved: /home/alexander/Schreibtisch/ofa-v2/data/sessions/session_804e6a90-35d3-4207-9544-8f23fa34f6ac.json (2 events)
2026-09-01 12:18:01,744 [oasis.registry] INFO: Loaded discovered config: 5 backends
2026-09-01 12:18:01,746 [oasis.registry] INFO: Registered backend: 4C Multiphysics (fourc)
2026-09-01 12:18:01,746 [oasis.registry] INFO: Registered backend: FEniCSx (dolfinx) (fenics)
2026-09-01 12:18:01,747 [oasis.registry] INFO: Registered backend: deal.II (dealii)
2026-09-01 12:18:01,750 [oasis.registry] INFO: Registered backend: FEBio (febio)
2026-09-01 12:18:01,752 [oasis.registry] INFO: Registered backend: NGSolve (ngsolve)
2026-09-01 12:18:01,752 [oasis.ngsolve] INFO: NGSolve backend registered
2026-09-01 12:18:01,755 [oasis.registry] INFO: Registered backend: scikit-fem (skfem)
2026-09-01 12:18:01,755 [oasis.skfem] INFO: scikit-fem backend registered
2026-09-01 12:18:01,759 [oasis.registry] INFO: Registered backend: Kratos Multiphysics (kratos)
2026-09-01 12:18:01,759 [oasis.kratos] INFO: Kratos Multiphysics backend registered
2026-09-01 12:18:01,761 [oasis.registry] INFO: Registered backend: DUNE-fem (dune)
2026-09-01 12:18:01,761 [oasis.dune] INFO: DUNE-fem backend registered
2026-09-01 12:18:01,766 [oasis.registry] INFO: Registered backend: SPARTA (DSMC) (sparta)
2026-09-01 12:18:01,766 [oasis.sparta] INFO: SPARTA (DSMC) backend registered
2026-09-01 12:18:01,766 [oasis] INFO: Starting OASiS MCP server
2026-09-01 12:18:01,774 [mcp.server.lowlevel.server] INFO: Processing request of type CallToolRequest
2026-09-01 12:18:04,754 [mcp.server.lowlevel.server] INFO: Processing request of type ListToolsRequest
2026-09-01 12:18:04,763 [oasis] INFO: Session journal saved: /home/alexander/Schreibtisch/ofa-v2/data/sessions/session_78fc9516-bbe7-422a-840f-b5bcefdcd546.json (2 events)
2026-09-01 12:18:49,706 [oasis.registry] INFO: Loaded discovered config: 5 backends
2026-09-01 12:18:49,708 [oasis.registry] INFO: Registered backend: 4C Multiphysics (fourc)
2026-09-01 12:18:49,708 [oasis.registry] INFO: Registered backend: FEniCSx (dolfinx) (fenics)
2026-09-01 12:18:49,709 [oasis.registry] INFO: Registered backend: deal.II (dealii)
2026-09-01 12:18:49,712 [oasis.registry] INFO: Registered backend: FEBio (febio)
2026-09-01 12:18:49,714 [oasis.registry] INFO: Registered backend: NGSolve (ngsolve)
2026-09-01 12:18:49,714 [oasis.ngsolve] INFO: NGSolve backend registered
2026-09-01 12:18:49,717 [oasis.registry] INFO: Registered backend: scikit-fem (skfem)
2026-09-01 12:18:49,717 [oasis.skfem] INFO: scikit-fem backend registered
2026-09-01 12:18:49,720 [oasis.registry] INFO: Registered backend: Kratos Multiphysics (kratos)
2026-09-01 12:18:49,720 [oasis.kratos] INFO: Kratos Multiphysics backend registered
2026-09-01 12:18:49,723 [oasis.registry] INFO: Registered backend: DUNE-fem (dune)
2026-09-01 12:18:49,723 [oasis.dune] INFO: DUNE-fem backend registered
2026-09-01 12:18:49,728 [oasis.registry] INFO: Registered backend: SPARTA (DSMC) (sparta)
2026-09-01 12:18:49,728 [oasis.sparta] INFO: SPARTA (DSMC) backend registered
2026-09-01 12:18:49,728 [oasis] INFO: Starting OASiS MCP server
2026-09-01 12:18:49,736 [mcp.server.lowlevel.server] INFO: Processing request of type CallToolRequest
2026-09-01 12:18:49,787 [mcp.server.lowlevel.server] INFO: Processing request of type ListToolsRequest
2026-09-01 12:19:05,852 [oasis.registry] INFO: Loaded discovered config: 5 backends
2026-09-01 12:19:05,854 [oasis.registry] INFO: Registered backend: 4C Multiphysics (fourc)
2026-09-01 12:19:05,855 [oasis.registry] INFO: Registered backend: FEniCSx (dolfinx) (fenics)
2026-09-01 12:19:05,855 [oasis.registry] INFO: Registered backend: deal.II (dealii)
2026-09-01 12:19:05,859 [oasis.registry] INFO: Registered backend: FEBio (febio)
2026-09-01 12:19:05,861 [oasis.registry] INFO: Registered backend: NGSolve (ngsolve)
2026-09-01 12:19:05,861 [oasis.ngsolve] INFO: NGSolve backend registered
2026-09-01 12:19:05,864 [oasis.registry] INFO: Registered backend: scikit-fem (skfem)
2026-09-01 12:19:05,864 [oasis.skfem] INFO: scikit-fem backend registered
2026-09-01 12:19:05,867 [oasis.registry] INFO: Registered backend: Kratos Multiphysics (kratos)
2026-09-01 12:19:05,867 [oasis.kratos] INFO: Kratos Multiphysics backend registered
2026-09-01 12:19:05,870 [oasis.registry] INFO: Registered backend: DUNE-fem (dune)
2026-09-01 12:19:05,870 [oasis.dune] INFO: DUNE-fem backend registered
2026-09-01 12:19:05,875 [oasis.registry] INFO: Registered backend: SPARTA (DSMC) (sparta)
2026-09-01 12:19:05,875 [oasis.sparta] INFO: SPARTA (DSMC) backend registered
2026-09-01 12:19:05,875 [oasis] INFO: Starting OASiS MCP server
2026-09-01 12:19:05,883 [mcp.server.lowlevel.server] INFO: Processing request of type CallToolRequest
2026-09-01 12:19:05,919 [mcp.server.lowlevel.server] INFO: Processing request of type ListToolsRequest
2026-09-01 12:19:39,242 [oasis.registry] INFO: Loaded discovered config: 5 backends
2026-09-01 12:19:39,244 [oasis.registry] INFO: Registered backend: 4C Multiphysics (fourc)
2026-09-01 12:19:39,244 [oasis.registry] INFO: Registered backend: FEniCSx (dolfinx) (fenics)
2026-09-01 12:19:39,245 [oasis.registry] INFO: Registered backend: deal.II (dealii)
2026-09-01 12:19:39,248 [oasis.registry] INFO: Registered backend: FEBio (febio)
2026-09-01 12:19:39,250 [oasis.registry] INFO: Registered backend: NGSolve (ngsolve)
2026-09-01 12:19:39,250 [oasis.ngsolve] INFO: NGSolve backend registered
2026-09-01 12:19:39,253 [oasis.registry] INFO: Registered backend: scikit-fem (skfem)
2026-09-01 12:19:39,253 [oasis.skfem] INFO: scikit-fem backend registered
2026-09-01 12:19:39,256 [oasis.registry] INFO: Registered backend: Kratos Multiphysics (kratos)
2026-09-01 12:19:39,257 [oasis.kratos] INFO: Kratos Multiphysics backend registered
2026-09-01 12:19:39,259 [oasis.registry] INFO: Registered backend: DUNE-fem (dune)
2026-09-01 12:19:39,259 [oasis.dune] INFO: DUNE-fem backend registered
2026-09-01 12:19:39,264 [oasis.registry] INFO: Registered backend: SPARTA (DSMC) (sparta)
2026-09-01 12:19:39,264 [oasis.sparta] INFO: SPARTA (DSMC) backend registered
2026-09-01 12:19:39,264 [oasis] INFO: Starting OASiS MCP server
2026-09-01 12:19:39,272 [mcp.server.lowlevel.server] INFO: Processing request of type CallToolRequest
2026-09-01 12:19:39,274 [mcp.server.lowlevel.server] INFO: Processing request of type ListToolsRequest
2026-09-01 12:19:53,858 [oasis.registry] INFO: Loaded discovered config: 5 backends
2026-09-01 12:19:53,860 [oasis.registry] INFO: Registered backend: 4C Multiphysics (fourc)
2026-09-01 12:19:53,860 [oasis.registry] INFO: Registered backend: FEniCSx (dolfinx) (fenics)
2026-09-01 12:19:53,861 [oasis.registry] INFO: Registered backend: deal.II (dealii)
2026-09-01 12:19:53,864 [oasis.registry] INFO: Registered backend: FEBio (febio)
2026-09-01 12:19:53,866 [oasis.registry] INFO: Registered backend: NGSolve (ngsolve)
2026-09-01 12:19:53,866 [oasis.ngsolve] INFO: NGSolve backend registered
2026-09-01 12:19:53,869 [oasis.registry] INFO: Registered backend: scikit-fem (skfem)
2026-09-01 12:19:53,869 [oasis.skfem] INFO: scikit-fem backend registered
2026-09-01 12:19:53,872 [oasis.registry] INFO: Registered backend: Kratos Multiphysics (kratos)
2026-09-01 12:19:53,872 [oasis.kratos] INFO: Kratos Multiphysics backend registered
2026-09-01 12:19:53,875 [oasis.registry] INFO: Registered backend: DUNE-fem (dune)
2026-09-01 12:19:53,875 [oasis.dune] INFO: DUNE-fem backend registered
2026-09-01 12:19:53,880 [oasis.registry] INFO: Registered backend: SPARTA (DSMC) (sparta)
2026-09-01 12:19:53,880 [oasis.sparta] INFO: SPARTA (DSMC) backend registered
2026-09-01 12:19:53,880 [oasis] INFO: Starting OASiS MCP server
2026-09-01 12:19:53,887 [mcp.server.lowlevel.server] INFO: Processing request of type CallToolRequest
2026-09-01 12:19:53,934 [mcp.server.lowlevel.server] INFO: Processing request of type ListToolsRequest
[preflight] custody controls verified for 1 problem(s); keys sealed and unreadable by execution
[phase: development] results are for post-mortems and convergence checking, NOT for the paper's evaluation table.
[NG1 27b MCP s96] done  calls=42 tok=2382508/31409 911.7s
/home/alexander/Schreibtisch/ofa-v2/campaign3_blind/run_blind.py:941: ResourceWarning: unclosed file <_io.TextIOWrapper name='/home/alexander/Schreibtisch/ofa-v2/campaign3_blind/runs/NG1_27b_MCP_seed96/work/trajectory_live.txt' mode='a' encoding='utf-8'>
  run_one(pid, a.model, cond, a.seed, a.timeout)
ResourceWarning: Enable tracemalloc to get the object allocation traceback
/home/alexander/.local/share/python/cpython-3.12.13-linux-x86_64-gnu/lib/python3.12/asyncio/selector_events.py:879: ResourceWarning: unclosed transport <_SelectorSocketTransport fd=8>
<<< NG1 seed 96 done 2026-09-01 12:20:04
2026-09-01 12:20:20,431 [oasis.registry] INFO: Loaded discovered config: 5 backends
2026-09-01 12:20:20,433 [oasis.registry] INFO: Registered backend: 4C Multiphysics (fourc)
2026-09-01 12:20:20,433 [oasis.registry] INFO: Registered backend: FEniCSx (dolfinx) (fenics)
2026-09-01 12:20:20,434 [oasis.registry] INFO: Registered backend: deal.II (dealii)
2026-09-01 12:20:20,437 [oasis.registry] INFO: Registered backend: FEBio (febio)
2026-09-01 12:20:20,439 [oasis.registry] INFO: Registered backend: NGSolve (ngsolve)
2026-09-01 12:20:20,439 [oasis.ngsolve] INFO: NGSolve backend registered
2026-09-01 12:20:20,442 [oasis.registry] INFO: Registered backend: scikit-fem (skfem)
2026-09-01 12:20:20,442 [oasis.skfem] INFO: scikit-fem backend registered
2026-09-01 12:20:20,446 [oasis.registry] INFO: Registered backend: Kratos Multiphysics (kratos)
2026-09-01 12:20:20,446 [oasis.kratos] INFO: Kratos Multiphysics backend registered
2026-09-01 12:20:20,448 [oasis.registry] INFO: Registered backend: DUNE-fem (dune)
2026-09-01 12:20:20,448 [oasis.dune] INFO: DUNE-fem backend registered
2026-09-01 12:20:20,453 [oasis.registry] INFO: Registered backend: SPARTA (DSMC) (sparta)
2026-09-01 12:20:20,453 [oasis.sparta] INFO: SPARTA (DSMC) backend registered
2026-09-01 12:20:20,454 [oasis] INFO: Starting OASiS MCP server
2026-09-01 12:20:20,461 [mcp.server.lowlevel.server] INFO: Processing request of type CallToolRequest
2026-09-01 12:20:20,511 [mcp.server.lowlevel.server] INFO: Processing request of type ListToolsRequest
/home/alexander/Schreibtisch/ofa-v2/langgraph_eval/agent.py:456: LangGraphDeprecatedSinceV10: create_react_agent has been moved to `langchain.agents`. Please update your import to `from langchain.agents import create_agent`. Deprecated in LangGraph V1.0 to be removed in V2.0.
  sub_agent = create_react_agent(
/home/alexander/Schreibtisch/ofa-v2/langgraph_eval/agent.py:381: RuntimeWarning: This package (`duckduckgo_search`) has been renamed to `ddgs`! Use `pip install ddgs` instead.
  with DDGS() as ddgs:
/home/alexander/Schreibtisch/ofa-v2/langgraph_eval/agent.py:381: RuntimeWarning: This package (`duckduckgo_search`) has been renamed to `ddgs`! Use `pip install ddgs` instead.
  with DDGS() as ddgs:
/home/alexander/Schreibtisch/ofa-v2/langgraph_eval/agent.py:381: RuntimeWarning: This package (`duckduckgo_search`) has been renamed to `ddgs`! Use `pip install ddgs` instead.
  with DDGS() as ddgs:
/home/alexander/Schreibtisch/ofa-v2/langgraph_eval/agent.py:381: RuntimeWarning: This package (`duckduckgo_search`) has been renamed to `ddgs`! Use `pip install ddgs` instead.
  with DDGS() as ddgs:
/home/alexander/Schreibtisch/ofa-v2/langgraph_eval/agent.py:381: RuntimeWarning: This package (`duckduckgo_search`) has been renamed to `ddgs`! Use `pip install ddgs` instead.
  with DDGS() as ddgs:
/home/alexander/Schreibtisch/ofa-v2/langgraph_eval/agent.py:381: RuntimeWarning: This package (`duckduckgo_search`) has been renamed to `ddgs`! Use `pip install ddgs` instead.
  with DDGS() as ddgs:
/home/alexander/Schreibtisch/ofa-v2/langgraph_eval/agent.py:381: RuntimeWarning: This package (`duckduckgo_search`) has been renamed to `ddgs`! Use `pip install ddgs` instead.
  with DDGS() as ddgs:
/home/alexander/Schreibtisch/ofa-v2/langgraph_eval/agent.py:381: RuntimeWarning: This package (`duckduckgo_search`) has been renamed to `ddgs`! Use `pip install ddgs` instead.
  with DDGS() as ddgs:
/home/alexander/Schreibtisch/ofa-v2/langgraph_eval/agent.py:381: RuntimeWarning: This package (`duckduckgo_search`) has been renamed to `ddgs`! Use `pip install ddgs` instead.
  with DDGS() as ddgs:
/home/alexander/Schreibtisch/ofa-v2/langgraph_eval/agent.py:381: RuntimeWarning: This package (`duckduckgo_search`) has been renamed to `ddgs`! Use `pip install ddgs` instead.
  with DDGS() as ddgs:
/home/alexander/Schreibtisch/ofa-v2/langgraph_eval/agent.py:381: RuntimeWarning: This package (`duckduckgo_search`) has been renamed to `ddgs`! Use `pip install ddgs` instead.
  with DDGS() as ddgs:
/home/alexander/Schreibtisch/ofa-v2/langgraph_eval/agent.py:381: RuntimeWarning: This package (`duckduckgo_search`) has been renamed to `ddgs`! Use `pip install ddgs` instead.
  with DDGS() as ddgs:
/home/alexander/Schreibtisch/ofa-v2/langgraph_eval/agent.py:381: RuntimeWarning: This package (`duckduckgo_search`) has been renamed to `ddgs`! Use `pip install ddgs` instead.
  with DDGS() as ddgs:
/home/alexander/Schreibtisch/ofa-v2/langgraph_eval/agent.py:381: RuntimeWarning: This package (`duckduckgo_search`) has been renamed to `ddgs`! Use `pip install ddgs` instead.
  with DDGS() as ddgs:
[preflight] custody controls verified for 1 problem(s); keys sealed and unreadable by execution
[phase: development] results are for post-mortems and convergence checking, NOT for the paper's evaluation table.
[FE2 27b BARE s96] done  calls=86 tok=6815201/125283 2700.0s  ERR TimeoutError: exceeded 2700s
[preflight] custody controls verified for 1 problem(s); keys sealed and unreadable by execution
[phase: development] results are for post-mortems and convergence checking, NOT for the paper's evaluation table.
[DL2 27b BARE s96] done  calls=47 tok=3379553/137691 2700.0s  ERR TimeoutError: exceeded 2700s
/home/alexander/Schreibtisch/ofa-v2/langgraph_eval/agent.py:381: RuntimeWarning: This package (`duckduckgo_search`) has been renamed to `ddgs`! Use `pip install ddgs` instead.
  with DDGS() as ddgs:
/home/alexander/Schreibtisch/ofa-v2/langgraph_eval/agent.py:381: RuntimeWarning: This package (`duckduckgo_search`) has been renamed to `ddgs`! Use `pip install ddgs` instead.
  with DDGS() as ddgs:
/home/alexander/Schreibtisch/ofa-v2/langgraph_eval/agent.py:381: RuntimeWarning: This package (`duckduckgo_search`) has been renamed to `ddgs`! Use `pip install ddgs` instead.
  with DDGS() as ddgs:
/home/alexander/Schreibtisch/ofa-v2/langgraph_eval/agent.py:381: RuntimeWarning: This package (`duckduckgo_search`) has been renamed to `ddgs`! Use `pip install ddgs` instead.
  with DDGS() as ddgs:
/home/alexander/Schreibtisch/ofa-v2/langgraph_eval/agent.py:381: RuntimeWarning: This package (`duckduckgo_search`) has been renamed to `ddgs`! Use `pip install ddgs` instead.
  with DDGS() as ddgs:
/home/alexander/Schreibtisch/ofa-v2/langgraph_eval/agent.py:381: RuntimeWarning: This package (`duckduckgo_search`) has been renamed to `ddgs`! Use `pip install ddgs` instead.
  with DDGS() as ddgs:
/home/alexander/Schreibtisch/ofa-v2/langgraph_eval/agent.py:381: RuntimeWarning: This package (`duckduckgo_search`) has been renamed to `ddgs`! Use `pip install ddgs` instead.
  with DDGS() as ddgs:
2026-09-01 12:21:52,704 [oasis.registry] INFO: Loaded discovered config: 5 backends
2026-09-01 12:21:52,707 [oasis.registry] INFO: Registered backend: 4C Multiphysics (fourc)
2026-09-01 12:21:52,707 [oasis.registry] INFO: Registered backend: FEniCSx (dolfinx) (fenics)
2026-09-01 12:21:52,708 [oasis.registry] INFO: Registered backend: deal.II (dealii)
2026-09-01 12:21:52,712 [oasis.registry] INFO: Registered backend: FEBio (febio)
2026-09-01 12:21:52,714 [oasis.registry] INFO: Registered backend: NGSolve (ngsolve)
2026-09-01 12:21:52,714 [oasis.ngsolve] INFO: NGSolve backend registered
2026-09-01 12:21:52,717 [oasis.registry] INFO: Registered backend: scikit-fem (skfem)
2026-09-01 12:21:52,717 [oasis.skfem] INFO: scikit-fem backend registered
2026-09-01 12:21:52,720 [oasis.registry] INFO: Registered backend: Kratos Multiphysics (kratos)
2026-09-01 12:21:52,721 [oasis.kratos] INFO: Kratos Multiphysics backend registered
2026-09-01 12:21:52,723 [oasis.registry] INFO: Registered backend: DUNE-fem (dune)
2026-09-01 12:21:52,723 [oasis.dune] INFO: DUNE-fem backend registered
2026-09-01 12:21:52,728 [oasis.registry] INFO: Registered backend: SPARTA (DSMC) (sparta)
2026-09-01 12:21:52,728 [oasis.sparta] INFO: SPARTA (DSMC) backend registered
2026-09-01 12:21:52,728 [oasis] INFO: Starting OASiS MCP server
2026-09-01 12:21:52,736 [mcp.server.lowlevel.server] INFO: Processing request of type ListToolsRequest
2026-09-01 12:21:53,092 [oasis.registry] INFO: Loaded discovered config: 5 backends
2026-09-01 12:21:53,094 [oasis.registry] INFO: Registered backend: 4C Multiphysics (fourc)
2026-09-01 12:21:53,095 [oasis.registry] INFO: Registered backend: FEniCSx (dolfinx) (fenics)
2026-09-01 12:21:53,095 [oasis.registry] INFO: Registered backend: deal.II (dealii)
2026-09-01 12:21:53,098 [oasis.registry] INFO: Registered backend: FEBio (febio)
2026-09-01 12:21:53,101 [oasis.registry] INFO: Registered backend: NGSolve (ngsolve)
2026-09-01 12:21:53,101 [oasis.ngsolve] INFO: NGSolve backend registered
2026-09-01 12:21:53,103 [oasis.registry] INFO: Registered backend: scikit-fem (skfem)
2026-09-01 12:21:53,103 [oasis.skfem] INFO: scikit-fem backend registered
2026-09-01 12:21:53,107 [oasis.registry] INFO: Registered backend: Kratos Multiphysics (kratos)
2026-09-01 12:21:53,107 [oasis.kratos] INFO: Kratos Multiphysics backend registered
2026-09-01 12:21:53,109 [oasis.registry] INFO: Registered backend: DUNE-fem (dune)
2026-09-01 12:21:53,109 [oasis.dune] INFO: DUNE-fem backend registered
2026-09-01 12:21:53,114 [oasis.registry] INFO: Registered backend: SPARTA (DSMC) (sparta)
2026-09-01 12:21:53,114 [oasis.sparta] INFO: SPARTA (DSMC) backend registered
2026-09-01 12:21:53,114 [oasis] INFO: Starting OASiS MCP server
2026-09-01 12:21:53,123 [mcp.server.lowlevel.server] INFO: Processing request of type ListToolsRequest
2026-09-01 12:22:05,327 [oasis.registry] INFO: Loaded discovered config: 5 backends
2026-09-01 12:22:05,330 [oasis.registry] INFO: Registered backend: 4C Multiphysics (fourc)
2026-09-01 12:22:05,330 [oasis.registry] INFO: Registered backend: FEniCSx (dolfinx) (fenics)
2026-09-01 12:22:05,331 [oasis.registry] INFO: Registered backend: deal.II (dealii)
2026-09-01 12:22:05,334 [oasis.registry] INFO: Registered backend: FEBio (febio)
2026-09-01 12:22:05,336 [oasis.registry] INFO: Registered backend: NGSolve (ngsolve)
2026-09-01 12:22:05,336 [oasis.ngsolve] INFO: NGSolve backend registered
2026-09-01 12:22:05,339 [oasis.registry] INFO: Registered backend: scikit-fem (skfem)
2026-09-01 12:22:05,339 [oasis.skfem] INFO: scikit-fem backend registered
2026-09-01 12:22:05,343 [oasis.registry] INFO: Registered backend: Kratos Multiphysics (kratos)
2026-09-01 12:22:05,343 [oasis.kratos] INFO: Kratos Multiphysics backend registered
2026-09-01 12:22:05,346 [oasis.registry] INFO: Registered backend: DUNE-fem (dune)
2026-09-01 12:22:05,346 [oasis.dune] INFO: DUNE-fem backend registered
2026-09-01 12:22:05,353 [oasis.registry] INFO: Registered backend: SPARTA (DSMC) (sparta)
2026-09-01 12:22:05,353 [oasis.sparta] INFO: SPARTA (DSMC) backend registered
2026-09-01 12:22:05,353 [oasis] INFO: Starting OASiS MCP server
2026-09-01 12:22:05,361 [mcp.server.lowlevel.server] INFO: Processing request of type CallToolRequest
2026-09-01 12:22:05,459 [oasis.registry] INFO: Loaded discovered config: 5 backends
2026-09-01 12:22:05,461 [oasis.registry] INFO: Registered backend: 4C Multiphysics (fourc)
2026-09-01 12:22:05,462 [oasis.registry] INFO: Registered backend: FEniCSx (dolfinx) (fenics)
2026-09-01 12:22:05,462 [oasis.registry] INFO: Registered backend: deal.II (dealii)
2026-09-01 12:22:05,465 [oasis.registry] INFO: Registered backend: FEBio (febio)
2026-09-01 12:22:05,468 [oasis.registry] INFO: Registered backend: NGSolve (ngsolve)
2026-09-01 12:22:05,468 [oasis.ngsolve] INFO: NGSolve backend registered
2026-09-01 12:22:05,470 [oasis.registry] INFO: Registered backend: scikit-fem (skfem)
2026-09-01 12:22:05,471 [oasis.skfem] INFO: scikit-fem backend registered
2026-09-01 12:22:05,474 [oasis.registry] INFO: Registered backend: Kratos Multiphysics (kratos)
2026-09-01 12:22:05,474 [oasis.kratos] INFO: Kratos Multiphysics backend registered
2026-09-01 12:22:05,477 [oasis.registry] INFO: Registered backend: DUNE-fem (dune)
2026-09-01 12:22:05,477 [oasis.dune] INFO: DUNE-fem backend registered
2026-09-01 12:22:05,482 [oasis.registry] INFO: Registered backend: SPARTA (DSMC) (sparta)
2026-09-01 12:22:05,482 [oasis.sparta] INFO: SPARTA (DSMC) backend registered
2026-09-01 12:22:05,482 [oasis] INFO: Starting OASiS MCP server
2026-09-01 12:22:05,490 [mcp.server.lowlevel.server] INFO: Processing request of type CallToolRequest
2026-09-01 12:22:08,867 [mcp.server.lowlevel.server] INFO: Processing request of type ListToolsRequest
2026-09-01 12:22:08,875 [oasis] INFO: Session journal saved: /home/alexander/Schreibtisch/ofa-v2/data/sessions/session_d798b66e-6ff4-4d32-be7f-a77b892b318f.json (1 events)
2026-09-01 12:22:09,767 [mcp.server.lowlevel.server] INFO: Processing request of type ListToolsRequest
2026-09-01 12:22:09,777 [oasis] INFO: Session journal saved: /home/alexander/Schreibtisch/ofa-v2/data/sessions/session_29c841fc-b227-414c-980c-273f90e07a6b.json (1 events)
/home/alexander/Schreibtisch/ofa-v2/langgraph_eval/agent.py:381: RuntimeWarning: This package (`duckduckgo_search`) has been renamed to `ddgs`! Use `pip install ddgs` instead.
  with DDGS() as ddgs:
2026-09-01 12:22:54,220 [oasis.registry] INFO: Loaded discovered config: 5 backends
2026-09-01 12:22:54,222 [oasis.registry] INFO: Registered backend: 4C Multiphysics (fourc)
2026-09-01 12:22:54,223 [oasis.registry] INFO: Registered backend: FEniCSx (dolfinx) (fenics)
2026-09-01 12:22:54,223 [oasis.registry] INFO: Registered backend: deal.II (dealii)
2026-09-01 12:22:54,226 [oasis.registry] INFO: Registered backend: FEBio (febio)
2026-09-01 12:22:54,229 [oasis.registry] INFO: Registered backend: NGSolve (ngsolve)
2026-09-01 12:22:54,229 [oasis.ngsolve] INFO: NGSolve backend registered
2026-09-01 12:22:54,231 [oasis.registry] INFO: Loaded discovered config: 5 backends
2026-09-01 12:22:54,231 [oasis.registry] INFO: Registered backend: scikit-fem (skfem)
2026-09-01 12:22:54,231 [oasis.skfem] INFO: scikit-fem backend registered
2026-09-01 12:22:54,233 [oasis.registry] INFO: Registered backend: 4C Multiphysics (fourc)
2026-09-01 12:22:54,234 [oasis.registry] INFO: Registered backend: FEniCSx (dolfinx) (fenics)
2026-09-01 12:22:54,234 [oasis.registry] INFO: Registered backend: deal.II (dealii)
2026-09-01 12:22:54,235 [oasis.registry] INFO: Registered backend: Kratos Multiphysics (kratos)
2026-09-01 12:22:54,235 [oasis.kratos] INFO: Kratos Multiphysics backend registered
2026-09-01 12:22:54,237 [oasis.registry] INFO: Registered backend: DUNE-fem (dune)
2026-09-01 12:22:54,237 [oasis.dune] INFO: DUNE-fem backend registered
2026-09-01 12:22:54,238 [oasis.registry] INFO: Registered backend: FEBio (febio)
2026-09-01 12:22:54,240 [oasis.registry] INFO: Registered backend: NGSolve (ngsolve)
2026-09-01 12:22:54,240 [oasis.ngsolve] INFO: NGSolve backend registered
2026-09-01 12:22:54,242 [oasis.registry] INFO: Registered backend: SPARTA (DSMC) (sparta)
2026-09-01 12:22:54,243 [oasis.sparta] INFO: SPARTA (DSMC) backend registered
2026-09-01 12:22:54,243 [oasis] INFO: Starting OASiS MCP server
2026-09-01 12:22:54,243 [oasis.registry] INFO: Registered backend: scikit-fem (skfem)
2026-09-01 12:22:54,243 [oasis.skfem] INFO: scikit-fem backend registered
2026-09-01 12:22:54,246 [oasis.registry] INFO: Registered backend: Kratos Multiphysics (kratos)
2026-09-01 12:22:54,246 [oasis.kratos] INFO: Kratos Multiphysics backend registered
2026-09-01 12:22:54,249 [oasis.registry] INFO: Registered backend: DUNE-fem (dune)
2026-09-01 12:22:54,249 [oasis.dune] INFO: DUNE-fem backend registered
2026-09-01 12:22:54,251 [mcp.server.lowlevel.server] INFO: Processing request of type CallToolRequest
2026-09-01 12:22:54,254 [oasis.registry] INFO: Registered backend: SPARTA (DSMC) (sparta)
2026-09-01 12:22:54,254 [oasis.sparta] INFO: SPARTA (DSMC) backend registered
2026-09-01 12:22:54,254 [oasis] INFO: Starting OASiS MCP server
2026-09-01 12:22:54,262 [mcp.server.lowlevel.server] INFO: Processing request of type CallToolRequest
/home/alexander/Schreibtisch/ofa-v2/langgraph_eval/agent.py:381: RuntimeWarning: This package (`duckduckgo_search`) has been renamed to `ddgs`! Use `pip install ddgs` instead.
  with DDGS() as ddgs:
2026-09-01 12:22:54,307 [mcp.server.lowlevel.server] INFO: Processing request of type ListToolsRequest
2026-09-01 12:22:54,312 [oasis] INFO: Session journal saved: /home/alexander/Schreibtisch/ofa-v2/data/sessions/session_3a336ca8-bfd0-4726-b528-d15341c5c527.json (1 events)
/home/alexander/Schreibtisch/ofa-v2/langgraph_eval/agent.py:381: RuntimeWarning: This package (`duckduckgo_search`) has been renamed to `ddgs`! Use `pip install ddgs` instead.
  with DDGS() as ddgs:
/home/alexander/Schreibtisch/ofa-v2/langgraph_eval/agent.py:381: RuntimeWarning: This package (`duckduckgo_search`) has been renamed to `ddgs`! Use `pip install ddgs` instead.
  with DDGS() as ddgs:
2026-09-01 12:22:56,446 [oasis.registry] INFO: Loaded discovered config: 5 backends
2026-09-01 12:22:56,448 [oasis.registry] INFO: Registered backend: 4C Multiphysics (fourc)
2026-09-01 12:22:56,449 [oasis.registry] INFO: Registered backend: FEniCSx (dolfinx) (fenics)
2026-09-01 12:22:56,449 [oasis.registry] INFO: Registered backend: deal.II (dealii)
2026-09-01 12:22:56,452 [oasis.registry] INFO: Registered backend: FEBio (febio)
2026-09-01 12:22:56,455 [oasis.registry] INFO: Registered backend: NGSolve (ngsolve)
2026-09-01 12:22:56,455 [oasis.ngsolve] INFO: NGSolve backend registered
2026-09-01 12:22:56,457 [oasis.registry] INFO: Registered backend: scikit-fem (skfem)
2026-09-01 12:22:56,457 [oasis.skfem] INFO: scikit-fem backend registered
2026-09-01 12:22:56,461 [oasis.registry] INFO: Registered backend: Kratos Multiphysics (kratos)
2026-09-01 12:22:56,461 [oasis.kratos] INFO: Kratos Multiphysics backend registered
2026-09-01 12:22:56,463 [oasis.registry] INFO: Registered backend: DUNE-fem (dune)
2026-09-01 12:22:56,463 [oasis.dune] INFO: DUNE-fem backend registered
2026-09-01 12:22:56,468 [oasis.registry] INFO: Registered backend: SPARTA (DSMC) (sparta)
2026-09-01 12:22:56,469 [oasis.sparta] INFO: SPARTA (DSMC) backend registered
2026-09-01 12:22:56,469 [oasis] INFO: Starting OASiS MCP server
2026-09-01 12:22:56,476 [mcp.server.lowlevel.server] INFO: Processing request of type CallToolRequest
2026-09-01 12:22:57,694 [mcp.server.lowlevel.server] INFO: Processing request of type ListToolsRequest
2026-09-01 12:22:57,699 [oasis] INFO: Session journal saved: /home/alexander/Schreibtisch/ofa-v2/data/sessions/session_3b874f5a-7e2b-41ea-8c3b-f06ccfa9e96e.json (1 events)
2026-09-01 12:23:09,390 [oasis.registry] INFO: Loaded discovered config: 5 backends
2026-09-01 12:23:09,392 [oasis.registry] INFO: Registered backend: 4C Multiphysics (fourc)
2026-09-01 12:23:09,393 [oasis.registry] INFO: Registered backend: FEniCSx (dolfinx) (fenics)
2026-09-01 12:23:09,394 [oasis.registry] INFO: Registered backend: deal.II (dealii)
2026-09-01 12:23:09,398 [oasis.registry] INFO: Registered backend: FEBio (febio)
2026-09-01 12:23:09,401 [oasis.registry] INFO: Registered backend: NGSolve (ngsolve)
2026-09-01 12:23:09,401 [oasis.ngsolve] INFO: NGSolve backend registered
2026-09-01 12:23:09,404 [oasis.registry] INFO: Registered backend: scikit-fem (skfem)
2026-09-01 12:23:09,404 [oasis.skfem] INFO: scikit-fem backend registered
2026-09-01 12:23:09,408 [oasis.registry] INFO: Registered backend: Kratos Multiphysics (kratos)
2026-09-01 12:23:09,408 [oasis.kratos] INFO: Kratos Multiphysics backend registered
2026-09-01 12:23:09,411 [oasis.registry] INFO: Registered backend: DUNE-fem (dune)
2026-09-01 12:23:09,411 [oasis.dune] INFO: DUNE-fem backend registered
2026-09-01 12:23:09,417 [oasis.registry] INFO: Registered backend: SPARTA (DSMC) (sparta)
2026-09-01 12:23:09,417 [oasis.sparta] INFO: SPARTA (DSMC) backend registered
2026-09-01 12:23:09,417 [oasis] INFO: Starting OASiS MCP server
2026-09-01 12:23:09,426 [mcp.server.lowlevel.server] INFO: Processing request of type CallToolRequest
2026-09-01 12:23:09,476 [mcp.server.lowlevel.server] INFO: Processing request of type ListToolsRequest
2026-09-01 12:23:09,481 [oasis] INFO: Session journal saved: /home/alexander/Schreibtisch/ofa-v2/data/sessions/session_b92ef6df-9b50-4059-be93-fd0ed087fd74.json (1 events)
2026-09-01 12:24:36,056 [mcp.server.lowlevel.server] INFO: Processing request of type ListToolsRequest
2026-09-01 12:24:36,063 [oasis] INFO: Session journal saved: /home/alexander/Schreibtisch/ofa-v2/data/sessions/session_0bd52f99-218a-4d5d-8dcf-41b086c837d2.json (1 events)
/home/alexander/Schreibtisch/ofa-v2/langgraph_eval/agent.py:381: RuntimeWarning: This package (`duckduckgo_search`) has been renamed to `ddgs`! Use `pip install ddgs` instead.
  with DDGS() as ddgs:
2026-09-01 12:24:51,040 [oasis.registry] INFO: Loaded discovered config: 5 backends
2026-09-01 12:24:51,042 [oasis.registry] INFO: Registered backend: 4C Multiphysics (fourc)
2026-09-01 12:24:51,043 [oasis.registry] INFO: Registered backend: FEniCSx (dolfinx) (fenics)
2026-09-01 12:24:51,043 [oasis.registry] INFO: Registered backend: deal.II (dealii)
2026-09-01 12:24:51,046 [oasis.registry] INFO: Registered backend: FEBio (febio)
2026-09-01 12:24:51,049 [oasis.registry] INFO: Registered backend: NGSolve (ngsolve)
2026-09-01 12:24:51,049 [oasis.ngsolve] INFO: NGSolve backend registered
2026-09-01 12:24:51,051 [oasis.registry] INFO: Registered backend: scikit-fem (skfem)
2026-09-01 12:24:51,051 [oasis.skfem] INFO: scikit-fem backend registered
2026-09-01 12:24:51,055 [oasis.registry] INFO: Registered backend: Kratos Multiphysics (kratos)
2026-09-01 12:24:51,055 [oasis.kratos] INFO: Kratos Multiphysics backend registered
2026-09-01 12:24:51,057 [oasis.registry] INFO: Registered backend: DUNE-fem (dune)
2026-09-01 12:24:51,057 [oasis.dune] INFO: DUNE-fem backend registered
2026-09-01 12:24:51,062 [oasis.registry] INFO: Registered backend: SPARTA (DSMC) (sparta)
2026-09-01 12:24:51,062 [oasis.sparta] INFO: SPARTA (DSMC) backend registered
2026-09-01 12:24:51,062 [oasis] INFO: Starting OASiS MCP server
2026-09-01 12:24:51,070 [mcp.server.lowlevel.server] INFO: Processing request of type CallToolRequest
2026-09-01 12:24:51,557 [mcp.server.lowlevel.server] INFO: Processing request of type ListToolsRequest
2026-09-01 12:24:51,565 [oasis] INFO: Session journal saved: /home/alexander/Schreibtisch/ofa-v2/data/sessions/session_650704c9-0d09-45b4-9f21-e04efe672e3a.json (1 events)
/home/alexander/Schreibtisch/ofa-v2/langgraph_eval/agent.py:381: RuntimeWarning: This package (`duckduckgo_search`) has been renamed to `ddgs`! Use `pip install ddgs` instead.
  with DDGS() as ddgs:
/home/alexander/Schreibtisch/ofa-v2/langgraph_eval/agent.py:381: RuntimeWarning: This package (`duckduckgo_search`) has been renamed to `ddgs`! Use `pip install ddgs` instead.
  with DDGS() as ddgs:
/home/alexander/Schreibtisch/ofa-v2/langgraph_eval/agent.py:381: RuntimeWarning: This package (`duckduckgo_search`) has been renamed to `ddgs`! Use `pip install ddgs` instead.
  with DDGS() as ddgs:
/home/alexander/Schreibtisch/ofa-v2/langgraph_eval/agent.py:381: RuntimeWarning: This package (`duckduckgo_search`) has been renamed to `ddgs`! Use `pip install ddgs` instead.
  with DDGS() as ddgs:
/home/alexander/Schreibtisch/ofa-v2/langgraph_eval/agent.py:381: RuntimeWarning: This package (`duckduckgo_search`) has been renamed to `ddgs`! Use `pip install ddgs` instead.
  with DDGS() as ddgs:
/home/alexander/Schreibtisch/ofa-v2/langgraph_eval/agent.py:381: RuntimeWarning: This package (`duckduckgo_search`) has been renamed to `ddgs`! Use `pip install ddgs` instead.
  with DDGS() as ddgs:
/home/alexander/Schreibtisch/ofa-v2/langgraph_eval/agent.py:381: RuntimeWarning: This package (`duckduckgo_search`) has been renamed to `ddgs`! Use `pip install ddgs` instead.
  with DDGS() as ddgs:
/home/alexander/Schreibtisch/ofa-v2/langgraph_eval/agent.py:381: RuntimeWarning: This package (`duckduckgo_search`) has been renamed to `ddgs`! Use `pip install ddgs` instead.
  with DDGS() as ddgs:
/home/alexander/Schreibtisch/ofa-v2/langgraph_eval/agent.py:381: RuntimeWarning: This package (`duckduckgo_search`) has been renamed to `ddgs`! Use `pip install ddgs` instead.
  with DDGS() as ddgs:
/home/alexander/Schreibtisch/ofa-v2/langgraph_eval/agent.py:381: RuntimeWarning: This package (`duckduckgo_search`) has been renamed to `ddgs`! Use `pip install ddgs` instead.
  with DDGS() as ddgs:
/home/alexander/Schreibtisch/ofa-v2/langgraph_eval/agent.py:381: RuntimeWarning: This package (`duckduckgo_search`) has been renamed to `ddgs`! Use `pip install ddgs` instead.
  with DDGS() as ddgs:
2026-09-01 12:25:35,442 [oasis.registry] INFO: Loaded discovered config: 5 backends
2026-09-01 12:25:35,444 [oasis.registry] INFO: Registered backend: 4C Multiphysics (fourc)
2026-09-01 12:25:35,445 [oasis.registry] INFO: Registered backend: FEniCSx (dolfinx) (fenics)
2026-09-01 12:25:35,445 [oasis.registry] INFO: Registered backend: deal.II (dealii)
2026-09-01 12:25:35,448 [oasis.registry] INFO: Registered backend: FEBio (febio)
2026-09-01 12:25:35,451 [oasis.registry] INFO: Registered backend: NGSolve (ngsolve)
2026-09-01 12:25:35,451 [oasis.ngsolve] INFO: NGSolve backend registered
2026-09-01 12:25:35,454 [oasis.registry] INFO: Registered backend: scikit-fem (skfem)
2026-09-01 12:25:35,454 [oasis.skfem] INFO: scikit-fem backend registered
2026-09-01 12:25:35,457 [oasis.registry] INFO: Registered backend: Kratos Multiphysics (kratos)
2026-09-01 12:25:35,457 [oasis.kratos] INFO: Kratos Multiphysics backend registered
2026-09-01 12:25:35,460 [oasis.registry] INFO: Registered backend: DUNE-fem (dune)
2026-09-01 12:25:35,460 [oasis.dune] INFO: DUNE-fem backend registered
2026-09-01 12:25:35,465 [oasis.registry] INFO: Registered backend: SPARTA (DSMC) (sparta)
2026-09-01 12:25:35,465 [oasis.sparta] INFO: SPARTA (DSMC) backend registered
2026-09-01 12:25:35,465 [oasis] INFO: Starting OASiS MCP server
2026-09-01 12:25:35,472 [mcp.server.lowlevel.server] INFO: Processing request of type CallToolRequest
2026-09-01 12:25:35,478 [mcp.server.lowlevel.server] INFO: Processing request of type ListToolsRequest
2026-09-01 12:25:40,152 [oasis.registry] INFO: Loaded discovered config: 5 backends
2026-09-01 12:25:40,154 [oasis.registry] INFO: Registered backend: 4C Multiphysics (fourc)
2026-09-01 12:25:40,154 [oasis.registry] INFO: Registered backend: FEniCSx (dolfinx) (fenics)
2026-09-01 12:25:40,155 [oasis.registry] INFO: Registered backend: deal.II (dealii)
2026-09-01 12:25:40,158 [oasis.registry] INFO: Registered backend: FEBio (febio)
2026-09-01 12:25:40,160 [oasis.registry] INFO: Registered backend: NGSolve (ngsolve)
2026-09-01 12:25:40,160 [oasis.ngsolve] INFO: NGSolve backend registered
2026-09-01 12:25:40,163 [oasis.registry] INFO: Registered backend: scikit-fem (skfem)
2026-09-01 12:25:40,163 [oasis.skfem] INFO: scikit-fem backend registered
2026-09-01 12:25:40,166 [oasis.registry] INFO: Registered backend: Kratos Multiphysics (kratos)
2026-09-01 12:25:40,167 [oasis.kratos] INFO: Kratos Multiphysics backend registered
2026-09-01 12:25:40,169 [oasis.registry] INFO: Registered backend: DUNE-fem (dune)
2026-09-01 12:25:40,169 [oasis.dune] INFO: DUNE-fem backend registered
2026-09-01 12:25:40,174 [oasis.registry] INFO: Registered backend: SPARTA (DSMC) (sparta)
2026-09-01 12:25:40,174 [oasis.sparta] INFO: SPARTA (DSMC) backend registered
2026-09-01 12:25:40,174 [oasis] INFO: Starting OASiS MCP server
2026-09-01 12:25:40,182 [mcp.server.lowlevel.server] INFO: Processing request of type CallToolRequest
2026-09-01 12:25:40,187 [mcp.server.lowlevel.server] INFO: Processing request of type ListToolsRequest
2026-09-01 12:25:44,640 [oasis.registry] INFO: Loaded discovered config: 5 backends
2026-09-01 12:25:44,642 [oasis.registry] INFO: Registered backend: 4C Multiphysics (fourc)
2026-09-01 12:25:44,643 [oasis.registry] INFO: Registered backend: FEniCSx (dolfinx) (fenics)
2026-09-01 12:25:44,643 [oasis.registry] INFO: Registered backend: deal.II (dealii)
2026-09-01 12:25:44,646 [oasis.registry] INFO: Registered backend: FEBio (febio)
2026-09-01 12:25:44,649 [oasis.registry] INFO: Registered backend: NGSolve (ngsolve)
2026-09-01 12:25:44,649 [oasis.ngsolve] INFO: NGSolve backend registered
2026-09-01 12:25:44,651 [oasis.registry] INFO: Registered backend: scikit-fem (skfem)
2026-09-01 12:25:44,651 [oasis.skfem] INFO: scikit-fem backend registered
2026-09-01 12:25:44,655 [oasis.registry] INFO: Registered backend: Kratos Multiphysics (kratos)
2026-09-01 12:25:44,655 [oasis.kratos] INFO: Kratos Multiphysics backend registered
2026-09-01 12:25:44,658 [oasis.registry] INFO: Registered backend: DUNE-fem (dune)
2026-09-01 12:25:44,658 [oasis.dune] INFO: DUNE-fem backend registered
2026-09-01 12:25:44,663 [oasis.registry] INFO: Registered backend: SPARTA (DSMC) (sparta)
2026-09-01 12:25:44,663 [oasis.sparta] INFO: SPARTA (DSMC) backend registered
2026-09-01 12:25:44,663 [oasis] INFO: Starting OASiS MCP server
2026-09-01 12:25:44,670 [mcp.server.lowlevel.server] INFO: Processing request of type CallToolRequest
2026-09-01 12:25:44,676 [mcp.server.lowlevel.server] INFO: Processing request of type ListToolsRequest
2026-09-01 12:26:20,896 [oasis.registry] INFO: Loaded discovered config: 5 backends
2026-09-01 12:26:20,898 [oasis.registry] INFO: Registered backend: 4C Multiphysics (fourc)
2026-09-01 12:26:20,898 [oasis.registry] INFO: Registered backend: FEniCSx (dolfinx) (fenics)
2026-09-01 12:26:20,899 [oasis.registry] INFO: Registered backend: deal.II (dealii)
2026-09-01 12:26:20,902 [oasis.registry] INFO: Registered backend: FEBio (febio)
2026-09-01 12:26:20,904 [oasis.registry] INFO: Registered backend: NGSolve (ngsolve)
2026-09-01 12:26:20,904 [oasis.ngsolve] INFO: NGSolve backend registered
2026-09-01 12:26:20,907 [oasis.registry] INFO: Registered backend: scikit-fem (skfem)
2026-09-01 12:26:20,907 [oasis.skfem] INFO: scikit-fem backend registered
2026-09-01 12:26:20,911 [oasis.registry] INFO: Registered backend: Kratos Multiphysics (kratos)
2026-09-01 12:26:20,911 [oasis.kratos] INFO: Kratos Multiphysics backend registered
2026-09-01 12:26:20,913 [oasis.registry] INFO: Registered backend: DUNE-fem (dune)
2026-09-01 12:26:20,913 [oasis.dune] INFO: DUNE-fem backend registered
2026-09-01 12:26:20,918 [oasis.registry] INFO: Registered backend: SPARTA (DSMC) (sparta)
2026-09-01 12:26:20,918 [oasis.sparta] INFO: SPARTA (DSMC) backend registered
2026-09-01 12:26:20,918 [oasis] INFO: Starting OASiS MCP server
2026-09-01 12:26:20,926 [mcp.server.lowlevel.server] INFO: Processing request of type CallToolRequest
2026-09-01 12:26:20,974 [mcp.server.lowlevel.server] INFO: Processing request of type ListToolsRequest
[preflight] custody controls verified for 1 problem(s); keys sealed and unreadable by execution
[phase: development] results are for post-mortems and convergence checking, NOT for the paper's evaluation table.
[FE1 27b MCP s96] done  calls=27 tok=2398145/36184 1505.2s
/home/alexander/Schreibtisch/ofa-v2/campaign3_blind/run_blind.py:941: ResourceWarning: unclosed file <_io.TextIOWrapper name='/home/alexander/Schreibtisch/ofa-v2/campaign3_blind/runs/FE1_27b_MCP_seed96/work/trajectory_live.txt' mode='a' encoding='utf-8'>
  run_one(pid, a.model, cond, a.seed, a.timeout)
ResourceWarning: Enable tracemalloc to get the object allocation traceback
/home/alexander/.local/share/python/cpython-3.12.13-linux-x86_64-gnu/lib/python3.12/asyncio/selector_events.py:879: ResourceWarning: unclosed transport <_SelectorSocketTransport fd=8>
<<< FE1 seed 96 done 2026-09-01 12:26:29
[preflight] custody controls verified for 1 problem(s); keys sealed and unreadable by execution
[phase: development] results are for post-mortems and convergence checking, NOT for the paper's evaluation table.
[DL1 27b MCP s96] done  calls=58 tok=4802771/42007 1470.9s
/home/alexander/Schreibtisch/ofa-v2/campaign3_blind/run_blind.py:941: ResourceWarning: unclosed file <_io.TextIOWrapper name='/home/alexander/Schreibtisch/ofa-v2/campaign3_blind/runs/DL1_27b_MCP_seed96/work/trajectory_live.txt' mode='a' encoding='utf-8'>
  run_one(pid, a.model, cond, a.seed, a.timeout)
ResourceWarning: Enable tracemalloc to get the object allocation traceback
/home/alexander/.local/share/python/cpython-3.12.13-linux-x86_64-gnu/lib/python3.12/asyncio/selector_events.py:879: ResourceWarning: unclosed transport <_SelectorSocketTransport fd=8>
<<< DL1 seed 96 done 2026-09-01 12:27:22
2026-09-01 12:32:33,775 [oasis.registry] INFO: Loaded discovered config: 5 backends
2026-09-01 12:32:33,777 [oasis.registry] INFO: Registered backend: 4C Multiphysics (fourc)
2026-09-01 12:32:33,778 [oasis.registry] INFO: Registered backend: FEniCSx (dolfinx) (fenics)
2026-09-01 12:32:33,778 [oasis.registry] INFO: Registered backend: deal.II (dealii)
2026-09-01 12:32:33,781 [oasis.registry] INFO: Registered backend: FEBio (febio)
2026-09-01 12:32:33,784 [oasis.registry] INFO: Registered backend: NGSolve (ngsolve)
2026-09-01 12:32:33,784 [oasis.ngsolve] INFO: NGSolve backend registered
2026-09-01 12:32:33,787 [oasis.registry] INFO: Registered backend: scikit-fem (skfem)
2026-09-01 12:32:33,787 [oasis.skfem] INFO: scikit-fem backend registered
2026-09-01 12:32:33,790 [oasis.registry] INFO: Registered backend: Kratos Multiphysics (kratos)
2026-09-01 12:32:33,790 [oasis.kratos] INFO: Kratos Multiphysics backend registered
2026-09-01 12:32:33,793 [oasis.registry] INFO: Registered backend: DUNE-fem (dune)
2026-09-01 12:32:33,793 [oasis.dune] INFO: DUNE-fem backend registered
2026-09-01 12:32:33,798 [oasis.registry] INFO: Registered backend: SPARTA (DSMC) (sparta)
2026-09-01 12:32:33,798 [oasis.sparta] INFO: SPARTA (DSMC) backend registered
2026-09-01 12:32:33,798 [oasis] INFO: Starting OASiS MCP server
2026-09-01 12:32:33,806 [mcp.server.lowlevel.server] INFO: Processing request of type CallToolRequest
2026-09-01 12:32:33,852 [mcp.server.lowlevel.server] INFO: Processing request of type ListToolsRequest
[preflight] custody controls verified for 1 problem(s); keys sealed and unreadable by execution
[phase: development] results are for post-mortems and convergence checking, NOT for the paper's evaluation table.
[SK2 27b BARE s96] done  calls=88 tok=3520838/47648 887.1s
2026-09-01 12:42:07,899 [oasis.registry] INFO: Loaded discovered config: 5 backends
2026-09-01 12:42:07,902 [oasis.registry] INFO: Registered backend: 4C Multiphysics (fourc)
2026-09-01 12:42:07,903 [oasis.registry] INFO: Registered backend: FEniCSx (dolfinx) (fenics)
2026-09-01 12:42:07,904 [oasis.registry] INFO: Registered backend: deal.II (dealii)
2026-09-01 12:42:07,908 [oasis.registry] INFO: Registered backend: FEBio (febio)
2026-09-01 12:42:07,912 [oasis.registry] INFO: Registered backend: NGSolve (ngsolve)
2026-09-01 12:42:07,912 [oasis.ngsolve] INFO: NGSolve backend registered
2026-09-01 12:42:07,915 [oasis.registry] INFO: Registered backend: scikit-fem (skfem)
2026-09-01 12:42:07,915 [oasis.skfem] INFO: scikit-fem backend registered
2026-09-01 12:42:07,920 [oasis.registry] INFO: Registered backend: Kratos Multiphysics (kratos)
2026-09-01 12:42:07,920 [oasis.kratos] INFO: Kratos Multiphysics backend registered
2026-09-01 12:42:07,924 [oasis.registry] INFO: Registered backend: DUNE-fem (dune)
2026-09-01 12:42:07,924 [oasis.dune] INFO: DUNE-fem backend registered
2026-09-01 12:42:07,931 [oasis.registry] INFO: Registered backend: SPARTA (DSMC) (sparta)
2026-09-01 12:42:07,931 [oasis.sparta] INFO: SPARTA (DSMC) backend registered
2026-09-01 12:42:07,931 [oasis] INFO: Starting OASiS MCP server
2026-09-01 12:42:07,953 [mcp.server.lowlevel.server] INFO: Processing request of type ListToolsRequest
2026-09-01 12:42:27,722 [oasis.registry] INFO: Loaded discovered config: 5 backends
2026-09-01 12:42:27,725 [oasis.registry] INFO: Registered backend: 4C Multiphysics (fourc)
2026-09-01 12:42:27,730 [oasis.registry] INFO: Registered backend: FEniCSx (dolfinx) (fenics)
2026-09-01 12:42:27,730 [oasis.registry] INFO: Registered backend: deal.II (dealii)
2026-09-01 12:42:27,734 [oasis.registry] INFO: Registered backend: FEBio (febio)
2026-09-01 12:42:27,738 [oasis.registry] INFO: Registered backend: NGSolve (ngsolve)
2026-09-01 12:42:27,738 [oasis.ngsolve] INFO: NGSolve backend registered
2026-09-01 12:42:27,743 [oasis.registry] INFO: Registered backend: scikit-fem (skfem)
2026-09-01 12:42:27,743 [oasis.skfem] INFO: scikit-fem backend registered
2026-09-01 12:42:27,748 [oasis.registry] INFO: Registered backend: Kratos Multiphysics (kratos)
2026-09-01 12:42:27,748 [oasis.kratos] INFO: Kratos Multiphysics backend registered
2026-09-01 12:42:27,751 [oasis.registry] INFO: Registered backend: DUNE-fem (dune)
2026-09-01 12:42:27,751 [oasis.dune] INFO: DUNE-fem backend registered
2026-09-01 12:42:27,758 [oasis.registry] INFO: Registered backend: SPARTA (DSMC) (sparta)
2026-09-01 12:42:27,758 [oasis.sparta] INFO: SPARTA (DSMC) backend registered
2026-09-01 12:42:27,758 [oasis] INFO: Starting OASiS MCP server
2026-09-01 12:42:27,767 [mcp.server.lowlevel.server] INFO: Processing request of type CallToolRequest
2026-09-01 12:42:32,465 [mcp.server.lowlevel.server] INFO: Processing request of type ListToolsRequest
2026-09-01 12:42:32,473 [oasis] INFO: Session journal saved: /home/alexander/Schreibtisch/ofa-v2/data/sessions/session_646fa4bd-3456-4bec-9870-064ca8182206.json (1 events)
/home/alexander/Schreibtisch/ofa-v2/langgraph_eval/agent.py:381: RuntimeWarning: This package (`duckduckgo_search`) has been renamed to `ddgs`! Use `pip install ddgs` instead.
  with DDGS() as ddgs:
/home/alexander/Schreibtisch/ofa-v2/langgraph_eval/agent.py:381: RuntimeWarning: This package (`duckduckgo_search`) has been renamed to `ddgs`! Use `pip install ddgs` instead.
  with DDGS() as ddgs:
2026-09-01 12:43:11,133 [oasis.registry] INFO: Loaded discovered config: 5 backends
2026-09-01 12:43:11,136 [oasis.registry] INFO: Registered backend: 4C Multiphysics (fourc)
2026-09-01 12:43:11,136 [oasis.registry] INFO: Registered backend: FEniCSx (dolfinx) (fenics)
2026-09-01 12:43:11,137 [oasis.registry] INFO: Registered backend: deal.II (dealii)
2026-09-01 12:43:11,140 [oasis.registry] INFO: Registered backend: FEBio (febio)
2026-09-01 12:43:11,142 [oasis.registry] INFO: Loaded discovered config: 5 backends
2026-09-01 12:43:11,143 [oasis.registry] INFO: Registered backend: NGSolve (ngsolve)
2026-09-01 12:43:11,143 [oasis.ngsolve] INFO: NGSolve backend registered
2026-09-01 12:43:11,145 [oasis.registry] INFO: Registered backend: 4C Multiphysics (fourc)
2026-09-01 12:43:11,145 [oasis.registry] INFO: Registered backend: FEniCSx (dolfinx) (fenics)
2026-09-01 12:43:11,145 [oasis.registry] INFO: Registered backend: scikit-fem (skfem)
2026-09-01 12:43:11,145 [oasis.skfem] INFO: scikit-fem backend registered
2026-09-01 12:43:11,146 [oasis.registry] INFO: Registered backend: deal.II (dealii)
2026-09-01 12:43:11,149 [oasis.registry] INFO: Registered backend: FEBio (febio)
2026-09-01 12:43:11,149 [oasis.registry] INFO: Registered backend: Kratos Multiphysics (kratos)
2026-09-01 12:43:11,149 [oasis.kratos] INFO: Kratos Multiphysics backend registered
2026-09-01 12:43:11,151 [oasis.registry] INFO: Registered backend: NGSolve (ngsolve)
2026-09-01 12:43:11,151 [oasis.ngsolve] INFO: NGSolve backend registered
2026-09-01 12:43:11,152 [oasis.registry] INFO: Registered backend: DUNE-fem (dune)
2026-09-01 12:43:11,152 [oasis.dune] INFO: DUNE-fem backend registered
2026-09-01 12:43:11,154 [oasis.registry] INFO: Registered backend: scikit-fem (skfem)
2026-09-01 12:43:11,154 [oasis.skfem] INFO: scikit-fem backend registered
2026-09-01 12:43:11,157 [oasis.registry] INFO: Registered backend: SPARTA (DSMC) (sparta)
2026-09-01 12:43:11,157 [oasis.sparta] INFO: SPARTA (DSMC) backend registered
2026-09-01 12:43:11,157 [oasis] INFO: Starting OASiS MCP server
2026-09-01 12:43:11,158 [oasis.registry] INFO: Registered backend: Kratos Multiphysics (kratos)
2026-09-01 12:43:11,158 [oasis.kratos] INFO: Kratos Multiphysics backend registered
2026-09-01 12:43:11,161 [oasis.registry] INFO: Registered backend: DUNE-fem (dune)
2026-09-01 12:43:11,161 [oasis.dune] INFO: DUNE-fem backend registered
2026-09-01 12:43:11,166 [mcp.server.lowlevel.server] INFO: Processing request of type CallToolRequest
2026-09-01 12:43:11,167 [oasis.registry] INFO: Registered backend: SPARTA (DSMC) (sparta)
2026-09-01 12:43:11,167 [oasis.sparta] INFO: SPARTA (DSMC) backend registered
2026-09-01 12:43:11,167 [oasis] INFO: Starting OASiS MCP server
2026-09-01 12:43:11,173 [mcp.server.lowlevel.server] INFO: Processing request of type ListToolsRequest
2026-09-01 12:43:11,175 [mcp.server.lowlevel.server] INFO: Processing request of type CallToolRequest
2026-09-01 12:43:11,180 [oasis] INFO: Session journal saved: /home/alexander/Schreibtisch/ofa-v2/data/sessions/session_e6c2a5cd-989b-4633-9ead-0754ef64517a.json (1 events)
2026-09-01 12:43:11,187 [mcp.server.lowlevel.server] INFO: Processing request of type ListToolsRequest
2026-09-01 12:43:11,194 [oasis] INFO: Session journal saved: /home/alexander/Schreibtisch/ofa-v2/data/sessions/session_90bcb8cd-75a2-45ee-9d06-0df5ef3af7f2.json (1 events)
/home/alexander/Schreibtisch/ofa-v2/langgraph_eval/agent.py:381: RuntimeWarning: This package (`duckduckgo_search`) has been renamed to `ddgs`! Use `pip install ddgs` instead.
  with DDGS() as ddgs:
/home/alexander/Schreibtisch/ofa-v2/langgraph_eval/agent.py:381: RuntimeWarning: This package (`duckduckgo_search`) has been renamed to `ddgs`! Use `pip install ddgs` instead.
  with DDGS() as ddgs:
/home/alexander/Schreibtisch/ofa-v2/langgraph_eval/agent.py:381: RuntimeWarning: This package (`duckduckgo_search`) has been renamed to `ddgs`! Use `pip install ddgs` instead.
  with DDGS() as ddgs:
2026-09-01 12:43:29,774 [oasis.registry] INFO: Loaded discovered config: 5 backends
2026-09-01 12:43:29,776 [oasis.registry] INFO: Registered backend: 4C Multiphysics (fourc)
2026-09-01 12:43:29,777 [oasis.registry] INFO: Registered backend: FEniCSx (dolfinx) (fenics)
2026-09-01 12:43:29,777 [oasis.registry] INFO: Registered backend: deal.II (dealii)
2026-09-01 12:43:29,780 [oasis.registry] INFO: Registered backend: FEBio (febio)
2026-09-01 12:43:29,782 [oasis.registry] INFO: Loaded discovered config: 5 backends
2026-09-01 12:43:29,783 [oasis.registry] INFO: Registered backend: NGSolve (ngsolve)
2026-09-01 12:43:29,783 [oasis.ngsolve] INFO: NGSolve backend registered
2026-09-01 12:43:29,784 [oasis.registry] INFO: Registered backend: 4C Multiphysics (fourc)
2026-09-01 12:43:29,785 [oasis.registry] INFO: Registered backend: FEniCSx (dolfinx) (fenics)
2026-09-01 12:43:29,785 [oasis.registry] INFO: Registered backend: deal.II (dealii)
2026-09-01 12:43:29,786 [oasis.registry] INFO: Registered backend: scikit-fem (skfem)
2026-09-01 12:43:29,786 [oasis.skfem] INFO: scikit-fem backend registered
2026-09-01 12:43:29,788 [oasis.registry] INFO: Registered backend: FEBio (febio)
2026-09-01 12:43:29,789 [oasis.registry] INFO: Registered backend: Kratos Multiphysics (kratos)
2026-09-01 12:43:29,789 [oasis.kratos] INFO: Kratos Multiphysics backend registered
2026-09-01 12:43:29,791 [oasis.registry] INFO: Registered backend: NGSolve (ngsolve)
2026-09-01 12:43:29,791 [oasis.ngsolve] INFO: NGSolve backend registered
2026-09-01 12:43:29,792 [oasis.registry] INFO: Registered backend: DUNE-fem (dune)
2026-09-01 12:43:29,792 [oasis.dune] INFO: DUNE-fem backend registered
2026-09-01 12:43:29,794 [oasis.registry] INFO: Registered backend: scikit-fem (skfem)
2026-09-01 12:43:29,794 [oasis.skfem] INFO: scikit-fem backend registered
2026-09-01 12:43:29,797 [oasis.registry] INFO: Registered backend: SPARTA (DSMC) (sparta)
2026-09-01 12:43:29,797 [oasis.sparta] INFO: SPARTA (DSMC) backend registered
2026-09-01 12:43:29,797 [oasis] INFO: Starting OASiS MCP server
2026-09-01 12:43:29,797 [oasis.registry] INFO: Registered backend: Kratos Multiphysics (kratos)
2026-09-01 12:43:29,798 [oasis.kratos] INFO: Kratos Multiphysics backend registered
2026-09-01 12:43:29,800 [oasis.registry] INFO: Registered backend: DUNE-fem (dune)
2026-09-01 12:43:29,800 [oasis.dune] INFO: DUNE-fem backend registered
2026-09-01 12:43:29,805 [oasis.registry] INFO: Registered backend: SPARTA (DSMC) (sparta)
2026-09-01 12:43:29,805 [oasis.sparta] INFO: SPARTA (DSMC) backend registered
2026-09-01 12:43:29,805 [oasis] INFO: Starting OASiS MCP server
2026-09-01 12:43:29,806 [mcp.server.lowlevel.server] INFO: Processing request of type CallToolRequest
2026-09-01 12:43:29,812 [mcp.server.lowlevel.server] INFO: Processing request of type CallToolRequest
2026-09-01 12:43:29,814 [mcp.server.lowlevel.server] INFO: Processing request of type ListToolsRequest
2026-09-01 12:43:29,820 [mcp.server.lowlevel.server] INFO: Processing request of type ListToolsRequest
2026-09-01 12:43:29,820 [oasis] INFO: Session journal saved: /home/alexander/Schreibtisch/ofa-v2/data/sessions/session_8c787096-7973-440d-a8af-71efb2ab209c.json (1 events)
/home/alexander/Schreibtisch/ofa-v2/langgraph_eval/agent.py:381: RuntimeWarning: This package (`duckduckgo_search`) has been renamed to `ddgs`! Use `pip install ddgs` instead.
  with DDGS() as ddgs:
/home/alexander/Schreibtisch/ofa-v2/langgraph_eval/agent.py:381: RuntimeWarning: This package (`duckduckgo_search`) has been renamed to `ddgs`! Use `pip install ddgs` instead.
  with DDGS() as ddgs:
/home/alexander/Schreibtisch/ofa-v2/langgraph_eval/agent.py:381: RuntimeWarning: This package (`duckduckgo_search`) has been renamed to `ddgs`! Use `pip install ddgs` instead.
  with DDGS() as ddgs:
/home/alexander/Schreibtisch/ofa-v2/langgraph_eval/agent.py:381: RuntimeWarning: This package (`duckduckgo_search`) has been renamed to `ddgs`! Use `pip install ddgs` instead.
  with DDGS() as ddgs:
/home/alexander/Schreibtisch/ofa-v2/langgraph_eval/agent.py:381: RuntimeWarning: This package (`duckduckgo_search`) has been renamed to `ddgs`! Use `pip install ddgs` instead.
  with DDGS() as ddgs:
/home/alexander/Schreibtisch/ofa-v2/langgraph_eval/agent.py:381: RuntimeWarning: This package (`duckduckgo_search`) has been renamed to `ddgs`! Use `pip install ddgs` instead.
  with DDGS() as ddgs:
/home/alexander/Schreibtisch/ofa-v2/langgraph_eval/agent.py:381: RuntimeWarning: This package (`duckduckgo_search`) has been renamed to `ddgs`! Use `pip install ddgs` instead.
  with DDGS() as ddgs:
/home/alexander/Schreibtisch/ofa-v2/langgraph_eval/agent.py:381: RuntimeWarning: This package (`duckduckgo_search`) has been renamed to `ddgs`! Use `pip install ddgs` instead.
  with DDGS() as ddgs:
/home/alexander/Schreibtisch/ofa-v2/langgraph_eval/agent.py:381: RuntimeWarning: This package (`duckduckgo_search`) has been renamed to `ddgs`! Use `pip install ddgs` instead.
  with DDGS() as ddgs:
/home/alexander/Schreibtisch/ofa-v2/langgraph_eval/agent.py:381: RuntimeWarning: This package (`duckduckgo_search`) has been renamed to `ddgs`! Use `pip install ddgs` instead.
  with DDGS() as ddgs:
/home/alexander/Schreibtisch/ofa-v2/langgraph_eval/agent.py:381: RuntimeWarning: This package (`duckduckgo_search`) has been renamed to `ddgs`! Use `pip install ddgs` instead.
  with DDGS() as ddgs:
2026-09-01 12:43:49,109 [oasis.registry] INFO: Loaded discovered config: 5 backends
2026-09-01 12:43:49,111 [oasis.registry] INFO: Registered backend: 4C Multiphysics (fourc)
2026-09-01 12:43:49,111 [oasis.registry] INFO: Registered backend: FEniCSx (dolfinx) (fenics)
2026-09-01 12:43:49,112 [oasis.registry] INFO: Registered backend: deal.II (dealii)
2026-09-01 12:43:49,115 [oasis.registry] INFO: Registered backend: FEBio (febio)
2026-09-01 12:43:49,117 [oasis.registry] INFO: Registered backend: NGSolve (ngsolve)
2026-09-01 12:43:49,117 [oasis.ngsolve] INFO: NGSolve backend registered
2026-09-01 12:43:49,120 [oasis.registry] INFO: Registered backend: scikit-fem (skfem)
2026-09-01 12:43:49,120 [oasis.skfem] INFO: scikit-fem backend registered
2026-09-01 12:43:49,124 [oasis.registry] INFO: Registered backend: Kratos Multiphysics (kratos)
2026-09-01 12:43:49,124 [oasis.kratos] INFO: Kratos Multiphysics backend registered
2026-09-01 12:43:49,127 [oasis.registry] INFO: Registered backend: DUNE-fem (dune)
2026-09-01 12:43:49,127 [oasis.dune] INFO: DUNE-fem backend registered
2026-09-01 12:43:49,132 [oasis.registry] INFO: Registered backend: SPARTA (DSMC) (sparta)
2026-09-01 12:43:49,132 [oasis.sparta] INFO: SPARTA (DSMC) backend registered
2026-09-01 12:43:49,132 [oasis] INFO: Starting OASiS MCP server
2026-09-01 12:43:49,140 [mcp.server.lowlevel.server] INFO: Processing request of type CallToolRequest
2026-09-01 12:43:49,183 [mcp.server.lowlevel.server] INFO: Processing request of type ListToolsRequest
/home/alexander/Schreibtisch/ofa-v2/langgraph_eval/agent.py:381: RuntimeWarning: This package (`duckduckgo_search`) has been renamed to `ddgs`! Use `pip install ddgs` instead.
  with DDGS() as ddgs:
/home/alexander/Schreibtisch/ofa-v2/langgraph_eval/agent.py:381: RuntimeWarning: This package (`duckduckgo_search`) has been renamed to `ddgs`! Use `pip install ddgs` instead.
  with DDGS() as ddgs:
[preflight] custody controls verified for 1 problem(s); keys sealed and unreadable by execution
[phase: development] results are for post-mortems and convergence checking, NOT for the paper's evaluation table.
[NG2 27b MCP s96] done  calls=79 tok=6275420/82385 2645.0s
/home/alexander/Schreibtisch/ofa-v2/campaign3_blind/run_blind.py:941: ResourceWarning: unclosed file <_io.TextIOWrapper name='/home/alexander/Schreibtisch/ofa-v2/campaign3_blind/runs/NG2_27b_MCP_seed96/work/trajectory_live.txt' mode='a' encoding='utf-8'>
  run_one(pid, a.model, cond, a.seed, a.timeout)
ResourceWarning: Enable tracemalloc to get the object allocation traceback
/home/alexander/.local/share/python/cpython-3.12.13-linux-x86_64-gnu/lib/python3.12/asyncio/selector_events.py:879: ResourceWarning: unclosed transport <_SelectorSocketTransport fd=8>
<<< NG2 seed 96 done 2026-09-01 12:43:56
/home/alexander/Schreibtisch/ofa-v2/langgraph_eval/agent.py:456: LangGraphDeprecatedSinceV10: create_react_agent has been moved to `langchain.agents`. Please update your import to `from langchain.agents import create_agent`. Deprecated in LangGraph V1.0 to be removed in V2.0.
  sub_agent = create_react_agent(
/home/alexander/Schreibtisch/ofa-v2/langgraph_eval/agent.py:381: RuntimeWarning: This package (`duckduckgo_search`) has been renamed to `ddgs`! Use `pip install ddgs` instead.
  with DDGS() as ddgs:
2026-09-01 12:45:56,531 [oasis.registry] INFO: Loaded discovered config: 5 backends
2026-09-01 12:45:56,533 [oasis.registry] INFO: Registered backend: 4C Multiphysics (fourc)
/home/alexander/Schreibtisch/ofa-v2/langgraph_eval/agent.py:381: RuntimeWarning: This package (`duckduckgo_search`) has been renamed to `ddgs`! Use `pip install ddgs` instead.
  with DDGS() as ddgs:
2026-09-01 12:45:56,535 [oasis.registry] INFO: Registered backend: FEniCSx (dolfinx) (fenics)
2026-09-01 12:45:56,536 [oasis.registry] INFO: Registered backend: deal.II (dealii)
2026-09-01 12:45:56,539 [oasis.registry] INFO: Registered backend: FEBio (febio)
2026-09-01 12:45:56,541 [oasis.registry] INFO: Registered backend: NGSolve (ngsolve)
2026-09-01 12:45:56,541 [oasis.ngsolve] INFO: NGSolve backend registered
2026-09-01 12:45:56,544 [oasis.registry] INFO: Registered backend: scikit-fem (skfem)
2026-09-01 12:45:56,544 [oasis.skfem] INFO: scikit-fem backend registered
2026-09-01 12:45:56,547 [oasis.registry] INFO: Registered backend: Kratos Multiphysics (kratos)
2026-09-01 12:45:56,548 [oasis.kratos] INFO: Kratos Multiphysics backend registered
2026-09-01 12:45:56,550 [oasis.registry] INFO: Registered backend: DUNE-fem (dune)
2026-09-01 12:45:56,550 [oasis.dune] INFO: DUNE-fem backend registered
2026-09-01 12:45:56,555 [oasis.registry] INFO: Registered backend: SPARTA (DSMC) (sparta)
2026-09-01 12:45:56,555 [oasis.sparta] INFO: SPARTA (DSMC) backend registered
2026-09-01 12:45:56,555 [oasis] INFO: Starting OASiS MCP server
2026-09-01 12:45:56,563 [mcp.server.lowlevel.server] INFO: Processing request of type CallToolRequest
/home/alexander/Schreibtisch/ofa-v2/langgraph_eval/agent.py:381: RuntimeWarning: This package (`duckduckgo_search`) has been renamed to `ddgs`! Use `pip install ddgs` instead.
  with DDGS() as ddgs:
2026-09-01 12:47:26,377 [oasis.registry] INFO: Loaded discovered config: 5 backends
2026-09-01 12:47:26,379 [oasis.registry] INFO: Registered backend: 4C Multiphysics (fourc)
2026-09-01 12:47:26,380 [oasis.registry] INFO: Registered backend: FEniCSx (dolfinx) (fenics)
2026-09-01 12:47:26,380 [oasis.registry] INFO: Registered backend: deal.II (dealii)
2026-09-01 12:47:26,383 [oasis.registry] INFO: Registered backend: FEBio (febio)
2026-09-01 12:47:26,386 [oasis.registry] INFO: Registered backend: NGSolve (ngsolve)
2026-09-01 12:47:26,386 [oasis.ngsolve] INFO: NGSolve backend registered
2026-09-01 12:47:26,388 [oasis.registry] INFO: Registered backend: scikit-fem (skfem)
2026-09-01 12:47:26,389 [oasis.skfem] INFO: scikit-fem backend registered
2026-09-01 12:47:26,392 [oasis.registry] INFO: Registered backend: Kratos Multiphysics (kratos)
2026-09-01 12:47:26,392 [oasis.kratos] INFO: Kratos Multiphysics backend registered
2026-09-01 12:47:26,395 [oasis.registry] INFO: Registered backend: DUNE-fem (dune)
2026-09-01 12:47:26,395 [oasis.dune] INFO: DUNE-fem backend registered
2026-09-01 12:47:26,400 [oasis.registry] INFO: Registered backend: SPARTA (DSMC) (sparta)
2026-09-01 12:47:26,400 [oasis.sparta] INFO: SPARTA (DSMC) backend registered
2026-09-01 12:47:26,400 [oasis] INFO: Starting OASiS MCP server
2026-09-01 12:47:26,408 [mcp.server.lowlevel.server] INFO: Processing request of type CallToolRequest
2026-09-01 12:47:26,706 [mcp.server.lowlevel.server] INFO: Processing request of type ListToolsRequest
2026-09-01 12:47:33,271 [mcp.server.lowlevel.server] INFO: Processing request of type ListToolsRequest
2026-09-01 12:47:33,279 [oasis] INFO: Session journal saved: /home/alexander/Schreibtisch/ofa-v2/data/sessions/session_9caf2248-ba84-4260-a070-41a285cac01c.json (1 events)
2026-09-01 12:47:38,334 [oasis.registry] INFO: Loaded discovered config: 5 backends
2026-09-01 12:47:38,336 [oasis.registry] INFO: Registered backend: 4C Multiphysics (fourc)
2026-09-01 12:47:38,337 [oasis.registry] INFO: Registered backend: FEniCSx (dolfinx) (fenics)
2026-09-01 12:47:38,337 [oasis.registry] INFO: Registered backend: deal.II (dealii)
2026-09-01 12:47:38,341 [oasis.registry] INFO: Registered backend: FEBio (febio)
2026-09-01 12:47:38,343 [oasis.registry] INFO: Registered backend: NGSolve (ngsolve)
2026-09-01 12:47:38,343 [oasis.ngsolve] INFO: NGSolve backend registered
2026-09-01 12:47:38,346 [oasis.registry] INFO: Registered backend: scikit-fem (skfem)
2026-09-01 12:47:38,346 [oasis.skfem] INFO: scikit-fem backend registered
2026-09-01 12:47:38,349 [oasis.registry] INFO: Registered backend: Kratos Multiphysics (kratos)
2026-09-01 12:47:38,349 [oasis.kratos] INFO: Kratos Multiphysics backend registered
2026-09-01 12:47:38,352 [oasis.registry] INFO: Registered backend: DUNE-fem (dune)
2026-09-01 12:47:38,352 [oasis.dune] INFO: DUNE-fem backend registered
2026-09-01 12:47:38,357 [oasis.registry] INFO: Registered backend: SPARTA (DSMC) (sparta)
2026-09-01 12:47:38,357 [oasis.sparta] INFO: SPARTA (DSMC) backend registered
2026-09-01 12:47:38,357 [oasis] INFO: Starting OASiS MCP server
2026-09-01 12:47:38,364 [mcp.server.lowlevel.server] INFO: Processing request of type CallToolRequest
2026-09-01 12:47:38,852 [mcp.server.lowlevel.server] INFO: Processing request of type ListToolsRequest
2026-09-01 12:47:38,860 [oasis] INFO: Session journal saved: /home/alexander/Schreibtisch/ofa-v2/data/sessions/session_7b4c72a9-8993-4e70-9794-6ed0a9cb710f.json (1 events)
2026-09-01 12:47:46,495 [oasis.registry] INFO: Loaded discovered config: 5 backends
2026-09-01 12:47:46,497 [oasis.registry] INFO: Registered backend: 4C Multiphysics (fourc)
2026-09-01 12:47:46,497 [oasis.registry] INFO: Registered backend: FEniCSx (dolfinx) (fenics)
2026-09-01 12:47:46,498 [oasis.registry] INFO: Registered backend: deal.II (dealii)
2026-09-01 12:47:46,501 [oasis.registry] INFO: Registered backend: FEBio (febio)
2026-09-01 12:47:46,503 [oasis.registry] INFO: Registered backend: NGSolve (ngsolve)
2026-09-01 12:47:46,503 [oasis.ngsolve] INFO: NGSolve backend registered
2026-09-01 12:47:46,506 [oasis.registry] INFO: Registered backend: scikit-fem (skfem)
2026-09-01 12:47:46,506 [oasis.skfem] INFO: scikit-fem backend registered
2026-09-01 12:47:46,510 [oasis.registry] INFO: Registered backend: Kratos Multiphysics (kratos)
2026-09-01 12:47:46,510 [oasis.kratos] INFO: Kratos Multiphysics backend registered
2026-09-01 12:47:46,512 [oasis.registry] INFO: Registered backend: DUNE-fem (dune)
2026-09-01 12:47:46,512 [oasis.dune] INFO: DUNE-fem backend registered
2026-09-01 12:47:46,517 [oasis.registry] INFO: Registered backend: SPARTA (DSMC) (sparta)
2026-09-01 12:47:46,518 [oasis.sparta] INFO: SPARTA (DSMC) backend registered
2026-09-01 12:47:46,518 [oasis] INFO: Starting OASiS MCP server
2026-09-01 12:47:46,525 [mcp.server.lowlevel.server] INFO: Processing request of type CallToolRequest
2026-09-01 12:47:46,531 [mcp.server.lowlevel.server] INFO: Processing request of type ListToolsRequest
/home/alexander/Schreibtisch/ofa-v2/langgraph_eval/agent.py:381: RuntimeWarning: This package (`duckduckgo_search`) has been renamed to `ddgs`! Use `pip install ddgs` instead.
  with DDGS() as ddgs:
/home/alexander/Schreibtisch/ofa-v2/langgraph_eval/agent.py:381: RuntimeWarning: This package (`duckduckgo_search`) has been renamed to `ddgs`! Use `pip install ddgs` instead.
  with DDGS() as ddgs:
/home/alexander/Schreibtisch/ofa-v2/langgraph_eval/agent.py:381: RuntimeWarning: This package (`duckduckgo_search`) has been renamed to `ddgs`! Use `pip install ddgs` instead.
  with DDGS() as ddgs:
/home/alexander/Schreibtisch/ofa-v2/langgraph_eval/agent.py:381: RuntimeWarning: This package (`duckduckgo_search`) has been renamed to `ddgs`! Use `pip install ddgs` instead.
  with DDGS() as ddgs:
/home/alexander/Schreibtisch/ofa-v2/langgraph_eval/agent.py:381: RuntimeWarning: This package (`duckduckgo_search`) has been renamed to `ddgs`! Use `pip install ddgs` instead.
  with DDGS() as ddgs:
/home/alexander/Schreibtisch/ofa-v2/langgraph_eval/agent.py:381: RuntimeWarning: This package (`duckduckgo_search`) has been renamed to `ddgs`! Use `pip install ddgs` instead.
  with DDGS() as ddgs:
/home/alexander/Schreibtisch/ofa-v2/langgraph_eval/agent.py:381: RuntimeWarning: This package (`duckduckgo_search`) has been renamed to `ddgs`! Use `pip install ddgs` instead.
  with DDGS() as ddgs:
/home/alexander/Schreibtisch/ofa-v2/langgraph_eval/agent.py:381: RuntimeWarning: This package (`duckduckgo_search`) has been renamed to `ddgs`! Use `pip install ddgs` instead.
  with DDGS() as ddgs:
[preflight] custody controls verified for 1 problem(s); keys sealed and unreadable by execution
[phase: development] results are for post-mortems and convergence checking, NOT for the paper's evaluation table.
[KR1 27b BARE s96] done  calls=35 tok=1818543/53633 1235.9s
/home/alexander/Schreibtisch/ofa-v2/langgraph_eval/agent.py:456: LangGraphDeprecatedSinceV10: create_react_agent has been moved to `langchain.agents`. Please update your import to `from langchain.agents import create_agent`. Deprecated in LangGraph V1.0 to be removed in V2.0.
  sub_agent = create_react_agent(
/home/alexander/Schreibtisch/ofa-v2/langgraph_eval/agent.py:381: RuntimeWarning: This package (`duckduckgo_search`) has been renamed to `ddgs`! Use `pip install ddgs` instead.
  with DDGS() as ddgs:
/home/alexander/Schreibtisch/ofa-v2/langgraph_eval/agent.py:381: RuntimeWarning: This package (`duckduckgo_search`) has been renamed to `ddgs`! Use `pip install ddgs` instead.
  with DDGS() as ddgs:
/home/alexander/Schreibtisch/ofa-v2/langgraph_eval/agent.py:381: RuntimeWarning: This package (`duckduckgo_search`) has been renamed to `ddgs`! Use `pip install ddgs` instead.
  with DDGS() as ddgs:
/home/alexander/Schreibtisch/ofa-v2/langgraph_eval/agent.py:381: RuntimeWarning: This package (`duckduckgo_search`) has been renamed to `ddgs`! Use `pip install ddgs` instead.
  with DDGS() as ddgs:
/home/alexander/Schreibtisch/ofa-v2/langgraph_eval/agent.py:381: RuntimeWarning: This package (`duckduckgo_search`) has been renamed to `ddgs`! Use `pip install ddgs` instead.
  with DDGS() as ddgs:
/home/alexander/Schreibtisch/ofa-v2/langgraph_eval/agent.py:381: RuntimeWarning: This package (`duckduckgo_search`) has been renamed to `ddgs`! Use `pip install ddgs` instead.
  with DDGS() as ddgs:
/home/alexander/Schreibtisch/ofa-v2/langgraph_eval/agent.py:381: RuntimeWarning: This package (`duckduckgo_search`) has been renamed to `ddgs`! Use `pip install ddgs` instead.
  with DDGS() as ddgs:
2026-09-01 12:48:41,593 [oasis.registry] INFO: Loaded discovered config: 5 backends
2026-09-01 12:48:41,595 [oasis.registry] INFO: Registered backend: 4C Multiphysics (fourc)
2026-09-01 12:48:41,596 [oasis.registry] INFO: Registered backend: FEniCSx (dolfinx) (fenics)
2026-09-01 12:48:41,596 [oasis.registry] INFO: Registered backend: deal.II (dealii)
2026-09-01 12:48:41,599 [oasis.registry] INFO: Registered backend: FEBio (febio)
2026-09-01 12:48:41,602 [oasis.registry] INFO: Registered backend: NGSolve (ngsolve)
2026-09-01 12:48:41,602 [oasis.ngsolve] INFO: NGSolve backend registered
2026-09-01 12:48:41,604 [oasis.registry] INFO: Registered backend: scikit-fem (skfem)
2026-09-01 12:48:41,604 [oasis.skfem] INFO: scikit-fem backend registered
2026-09-01 12:48:41,608 [oasis.registry] INFO: Registered backend: Kratos Multiphysics (kratos)
2026-09-01 12:48:41,608 [oasis.kratos] INFO: Kratos Multiphysics backend registered
2026-09-01 12:48:41,611 [oasis.registry] INFO: Registered backend: DUNE-fem (dune)
2026-09-01 12:48:41,611 [oasis.dune] INFO: DUNE-fem backend registered
2026-09-01 12:48:41,616 [oasis.registry] INFO: Registered backend: SPARTA (DSMC) (sparta)
2026-09-01 12:48:41,616 [oasis.sparta] INFO: SPARTA (DSMC) backend registered
2026-09-01 12:48:41,616 [oasis] INFO: Starting OASiS MCP server
2026-09-01 12:48:41,624 [mcp.server.lowlevel.server] INFO: Processing request of type ListToolsRequest
/home/alexander/Schreibtisch/ofa-v2/langgraph_eval/agent.py:381: RuntimeWarning: This package (`duckduckgo_search`) has been renamed to `ddgs`! Use `pip install ddgs` instead.
  with DDGS() as ddgs:
/home/alexander/Schreibtisch/ofa-v2/langgraph_eval/agent.py:381: RuntimeWarning: This package (`duckduckgo_search`) has been renamed to `ddgs`! Use `pip install ddgs` instead.
  with DDGS() as ddgs:
/home/alexander/Schreibtisch/ofa-v2/langgraph_eval/agent.py:381: RuntimeWarning: This package (`duckduckgo_search`) has been renamed to `ddgs`! Use `pip install ddgs` instead.
  with DDGS() as ddgs:
/home/alexander/Schreibtisch/ofa-v2/langgraph_eval/agent.py:381: RuntimeWarning: This package (`duckduckgo_search`) has been renamed to `ddgs`! Use `pip install ddgs` instead.
  with DDGS() as ddgs:
/home/alexander/Schreibtisch/ofa-v2/langgraph_eval/agent.py:381: RuntimeWarning: This package (`duckduckgo_search`) has been renamed to `ddgs`! Use `pip install ddgs` instead.
  with DDGS() as ddgs:
/home/alexander/Schreibtisch/ofa-v2/langgraph_eval/agent.py:381: RuntimeWarning: This package (`duckduckgo_search`) has been renamed to `ddgs`! Use `pip install ddgs` instead.
  with DDGS() as ddgs:
/home/alexander/Schreibtisch/ofa-v2/langgraph_eval/agent.py:381: RuntimeWarning: This package (`duckduckgo_search`) has been renamed to `ddgs`! Use `pip install ddgs` instead.
  with DDGS() as ddgs:
2026-09-01 12:48:51,088 [oasis.registry] INFO: Loaded discovered config: 5 backends
2026-09-01 12:48:51,090 [oasis.registry] INFO: Registered backend: 4C Multiphysics (fourc)
2026-09-01 12:48:51,091 [oasis.registry] INFO: Registered backend: FEniCSx (dolfinx) (fenics)
2026-09-01 12:48:51,091 [oasis.registry] INFO: Registered backend: deal.II (dealii)
2026-09-01 12:48:51,094 [oasis.registry] INFO: Registered backend: FEBio (febio)
2026-09-01 12:48:51,097 [oasis.registry] INFO: Registered backend: NGSolve (ngsolve)
2026-09-01 12:48:51,097 [oasis.ngsolve] INFO: NGSolve backend registered
2026-09-01 12:48:51,099 [oasis.registry] INFO: Registered backend: scikit-fem (skfem)
2026-09-01 12:48:51,099 [oasis.skfem] INFO: scikit-fem backend registered
2026-09-01 12:48:51,103 [oasis.registry] INFO: Registered backend: Kratos Multiphysics (kratos)
2026-09-01 12:48:51,103 [oasis.kratos] INFO: Kratos Multiphysics backend registered
2026-09-01 12:48:51,106 [oasis.registry] INFO: Registered backend: DUNE-fem (dune)
2026-09-01 12:48:51,106 [oasis.dune] INFO: DUNE-fem backend registered
2026-09-01 12:48:51,109 [oasis.registry] INFO: Loaded discovered config: 5 backends
2026-09-01 12:48:51,111 [oasis.registry] INFO: Registered backend: SPARTA (DSMC) (sparta)
2026-09-01 12:48:51,111 [oasis.sparta] INFO: SPARTA (DSMC) backend registered
2026-09-01 12:48:51,111 [oasis] INFO: Starting OASiS MCP server
2026-09-01 12:48:51,111 [oasis.registry] INFO: Registered backend: 4C Multiphysics (fourc)
2026-09-01 12:48:51,112 [oasis.registry] INFO: Registered backend: FEniCSx (dolfinx) (fenics)
2026-09-01 12:48:51,112 [oasis.registry] INFO: Registered backend: deal.II (dealii)
2026-09-01 12:48:51,116 [oasis.registry] INFO: Registered backend: FEBio (febio)
2026-09-01 12:48:51,119 [oasis.registry] INFO: Registered backend: NGSolve (ngsolve)
2026-09-01 12:48:51,119 [oasis.ngsolve] INFO: NGSolve backend registered
2026-09-01 12:48:51,119 [mcp.server.lowlevel.server] INFO: Processing request of type CallToolRequest
2026-09-01 12:48:51,121 [oasis.registry] INFO: Registered backend: scikit-fem (skfem)
2026-09-01 12:48:51,121 [oasis.skfem] INFO: scikit-fem backend registered
2026-09-01 12:48:51,125 [oasis.registry] INFO: Registered backend: Kratos Multiphysics (kratos)
2026-09-01 12:48:51,125 [oasis.kratos] INFO: Kratos Multiphysics backend registered
2026-09-01 12:48:51,128 [oasis.registry] INFO: Registered backend: DUNE-fem (dune)
2026-09-01 12:48:51,128 [oasis.dune] INFO: DUNE-fem backend registered
2026-09-01 12:48:51,133 [oasis.registry] INFO: Registered backend: SPARTA (DSMC) (sparta)
2026-09-01 12:48:51,134 [oasis.sparta] INFO: SPARTA (DSMC) backend registered
2026-09-01 12:48:51,134 [oasis] INFO: Starting OASiS MCP server
2026-09-01 12:48:51,142 [mcp.server.lowlevel.server] INFO: Processing request of type CallToolRequest
2026-09-01 12:48:51,150 [mcp.server.lowlevel.server] INFO: Processing request of type ListToolsRequest
2026-09-01 12:48:51,161 [mcp.server.lowlevel.server] INFO: Processing request of type ListToolsRequest
2026-09-01 12:48:51,169 [oasis] INFO: Session journal saved: /home/alexander/Schreibtisch/ofa-v2/data/sessions/session_18b543ac-3596-40ad-b2ec-d4ef0818cd14.json (1 events)
/home/alexander/Schreibtisch/ofa-v2/langgraph_eval/agent.py:381: RuntimeWarning: This package (`duckduckgo_search`) has been renamed to `ddgs`! Use `pip install ddgs` instead.
  with DDGS() as ddgs:
2026-09-01 12:48:51,699 [oasis.registry] INFO: Loaded discovered config: 5 backends
2026-09-01 12:48:51,701 [oasis.registry] INFO: Registered backend: 4C Multiphysics (fourc)
2026-09-01 12:48:51,701 [oasis.registry] INFO: Registered backend: FEniCSx (dolfinx) (fenics)
2026-09-01 12:48:51,702 [oasis.registry] INFO: Registered backend: deal.II (dealii)
2026-09-01 12:48:51,705 [oasis.registry] INFO: Registered backend: FEBio (febio)
2026-09-01 12:48:51,707 [oasis.registry] INFO: Registered backend: NGSolve (ngsolve)
2026-09-01 12:48:51,707 [oasis.ngsolve] INFO: NGSolve backend registered
2026-09-01 12:48:51,710 [oasis.registry] INFO: Registered backend: scikit-fem (skfem)
2026-09-01 12:48:51,710 [oasis.skfem] INFO: scikit-fem backend registered
2026-09-01 12:48:51,714 [oasis.registry] INFO: Registered backend: Kratos Multiphysics (kratos)
2026-09-01 12:48:51,714 [oasis.kratos] INFO: Kratos Multiphysics backend registered
2026-09-01 12:48:51,717 [oasis.registry] INFO: Registered backend: DUNE-fem (dune)
2026-09-01 12:48:51,717 [oasis.dune] INFO: DUNE-fem backend registered
2026-09-01 12:48:51,722 [oasis.registry] INFO: Registered backend: SPARTA (DSMC) (sparta)
2026-09-01 12:48:51,722 [oasis.sparta] INFO: SPARTA (DSMC) backend registered
2026-09-01 12:48:51,722 [oasis] INFO: Starting OASiS MCP server
2026-09-01 12:48:51,731 [mcp.server.lowlevel.server] INFO: Processing request of type CallToolRequest
/home/alexander/Schreibtisch/ofa-v2/langgraph_eval/agent.py:381: RuntimeWarning: This package (`duckduckgo_search`) has been renamed to `ddgs`! Use `pip install ddgs` instead.
  with DDGS() as ddgs:
2026-09-01 12:48:55,070 [mcp.server.lowlevel.server] INFO: Processing request of type ListToolsRequest
2026-09-01 12:48:55,079 [oasis] INFO: Session journal saved: /home/alexander/Schreibtisch/ofa-v2/data/sessions/session_03b80980-b6d6-4e23-91d6-4b2d9c424dcb.json (1 events)
/home/alexander/Schreibtisch/ofa-v2/langgraph_eval/agent.py:381: RuntimeWarning: This package (`duckduckgo_search`) has been renamed to `ddgs`! Use `pip install ddgs` instead.
  with DDGS() as ddgs:
/home/alexander/Schreibtisch/ofa-v2/langgraph_eval/agent.py:381: RuntimeWarning: This package (`duckduckgo_search`) has been renamed to `ddgs`! Use `pip install ddgs` instead.
  with DDGS() as ddgs:
/home/alexander/Schreibtisch/ofa-v2/langgraph_eval/agent.py:381: RuntimeWarning: This package (`duckduckgo_search`) has been renamed to `ddgs`! Use `pip install ddgs` instead.
  with DDGS() as ddgs:
2026-09-01 12:49:03,434 [oasis.registry] INFO: Loaded discovered config: 5 backends
2026-09-01 12:49:03,436 [oasis.registry] INFO: Registered backend: 4C Multiphysics (fourc)
2026-09-01 12:49:03,437 [oasis.registry] INFO: Registered backend: FEniCSx (dolfinx) (fenics)
2026-09-01 12:49:03,437 [oasis.registry] INFO: Registered backend: deal.II (dealii)
2026-09-01 12:49:03,440 [oasis.registry] INFO: Registered backend: FEBio (febio)
2026-09-01 12:49:03,443 [oasis.registry] INFO: Registered backend: NGSolve (ngsolve)
2026-09-01 12:49:03,443 [oasis.ngsolve] INFO: NGSolve backend registered
2026-09-01 12:49:03,446 [oasis.registry] INFO: Registered backend: scikit-fem (skfem)
2026-09-01 12:49:03,446 [oasis.skfem] INFO: scikit-fem backend registered
2026-09-01 12:49:03,449 [oasis.registry] INFO: Registered backend: Kratos Multiphysics (kratos)
2026-09-01 12:49:03,449 [oasis.kratos] INFO: Kratos Multiphysics backend registered
2026-09-01 12:49:03,452 [oasis.registry] INFO: Registered backend: DUNE-fem (dune)
2026-09-01 12:49:03,452 [oasis.dune] INFO: DUNE-fem backend registered
2026-09-01 12:49:03,457 [oasis.registry] INFO: Registered backend: SPARTA (DSMC) (sparta)
2026-09-01 12:49:03,457 [oasis.sparta] INFO: SPARTA (DSMC) backend registered
2026-09-01 12:49:03,457 [oasis] INFO: Starting OASiS MCP server
2026-09-01 12:49:03,465 [mcp.server.lowlevel.server] INFO: Processing request of type CallToolRequest
2026-09-01 12:49:03,507 [mcp.server.lowlevel.server] INFO: Processing request of type ListToolsRequest
2026-09-01 12:49:03,512 [oasis] INFO: Session journal saved: /home/alexander/Schreibtisch/ofa-v2/data/sessions/session_5701560a-94e4-4929-8c35-0408db9710aa.json (1 events)
/home/alexander/Schreibtisch/ofa-v2/langgraph_eval/agent.py:381: RuntimeWarning: This package (`duckduckgo_search`) has been renamed to `ddgs`! Use `pip install ddgs` instead.
  with DDGS() as ddgs:
2026-09-01 12:49:04,389 [oasis.registry] INFO: Loaded discovered config: 5 backends
2026-09-01 12:49:04,391 [oasis.registry] INFO: Registered backend: 4C Multiphysics (fourc)
2026-09-01 12:49:04,392 [oasis.registry] INFO: Registered backend: FEniCSx (dolfinx) (fenics)
2026-09-01 12:49:04,392 [oasis.registry] INFO: Registered backend: deal.II (dealii)
2026-09-01 12:49:04,395 [oasis.registry] INFO: Registered backend: FEBio (febio)
2026-09-01 12:49:04,398 [oasis.registry] INFO: Registered backend: NGSolve (ngsolve)
2026-09-01 12:49:04,398 [oasis.ngsolve] INFO: NGSolve backend registered
2026-09-01 12:49:04,400 [oasis.registry] INFO: Registered backend: scikit-fem (skfem)
2026-09-01 12:49:04,401 [oasis.skfem] INFO: scikit-fem backend registered
2026-09-01 12:49:04,404 [oasis.registry] INFO: Registered backend: Kratos Multiphysics (kratos)
2026-09-01 12:49:04,404 [oasis.kratos] INFO: Kratos Multiphysics backend registered
2026-09-01 12:49:04,407 [oasis.registry] INFO: Registered backend: DUNE-fem (dune)
2026-09-01 12:49:04,407 [oasis.dune] INFO: DUNE-fem backend registered
2026-09-01 12:49:04,412 [oasis.registry] INFO: Registered backend: SPARTA (DSMC) (sparta)
2026-09-01 12:49:04,412 [oasis.sparta] INFO: SPARTA (DSMC) backend registered
2026-09-01 12:49:04,412 [oasis] INFO: Starting OASiS MCP server
2026-09-01 12:49:04,420 [mcp.server.lowlevel.server] INFO: Processing request of type CallToolRequest
2026-09-01 12:49:04,424 [mcp.server.lowlevel.server] INFO: Processing request of type ListToolsRequest
/home/alexander/Schreibtisch/ofa-v2/langgraph_eval/agent.py:381: RuntimeWarning: This package (`duckduckgo_search`) has been renamed to `ddgs`! Use `pip install ddgs` instead.
  with DDGS() as ddgs:
/home/alexander/Schreibtisch/ofa-v2/langgraph_eval/agent.py:381: RuntimeWarning: This package (`duckduckgo_search`) has been renamed to `ddgs`! Use `pip install ddgs` instead.
  with DDGS() as ddgs:
/home/alexander/Schreibtisch/ofa-v2/langgraph_eval/agent.py:381: RuntimeWarning: This package (`duckduckgo_search`) has been renamed to `ddgs`! Use `pip install ddgs` instead.
  with DDGS() as ddgs:
2026-09-01 12:49:17,883 [oasis.registry] INFO: Loaded discovered config: 5 backends
2026-09-01 12:49:17,885 [oasis.registry] INFO: Registered backend: 4C Multiphysics (fourc)
2026-09-01 12:49:17,886 [oasis.registry] INFO: Registered backend: FEniCSx (dolfinx) (fenics)
2026-09-01 12:49:17,886 [oasis.registry] INFO: Registered backend: deal.II (dealii)
2026-09-01 12:49:17,889 [oasis.registry] INFO: Registered backend: FEBio (febio)
2026-09-01 12:49:17,892 [oasis.registry] INFO: Registered backend: NGSolve (ngsolve)
2026-09-01 12:49:17,892 [oasis.ngsolve] INFO: NGSolve backend registered
/home/alexander/Schreibtisch/ofa-v2/langgraph_eval/agent.py:381: RuntimeWarning: This package (`duckduckgo_search`) has been renamed to `ddgs`! Use `pip install ddgs` instead.
  with DDGS() as ddgs:
2026-09-01 12:49:17,894 [oasis.registry] INFO: Registered backend: scikit-fem (skfem)
2026-09-01 12:49:17,894 [oasis.skfem] INFO: scikit-fem backend registered
2026-09-01 12:49:17,898 [oasis.registry] INFO: Registered backend: Kratos Multiphysics (kratos)
2026-09-01 12:49:17,898 [oasis.kratos] INFO: Kratos Multiphysics backend registered
2026-09-01 12:49:17,900 [oasis.registry] INFO: Registered backend: DUNE-fem (dune)
2026-09-01 12:49:17,901 [oasis.dune] INFO: DUNE-fem backend registered
2026-09-01 12:49:17,906 [oasis.registry] INFO: Registered backend: SPARTA (DSMC) (sparta)
2026-09-01 12:49:17,906 [oasis.sparta] INFO: SPARTA (DSMC) backend registered
2026-09-01 12:49:17,906 [oasis] INFO: Starting OASiS MCP server
2026-09-01 12:49:17,914 [mcp.server.lowlevel.server] INFO: Processing request of type CallToolRequest
2026-09-01 12:49:17,934 [mcp.server.lowlevel.server] INFO: Processing request of type ListToolsRequest
2026-09-01 12:49:17,942 [oasis] INFO: Session journal saved: /home/alexander/Schreibtisch/ofa-v2/data/sessions/session_c4375687-928a-4d03-94c2-a65276f0f6ef.json (1 events)
/home/alexander/Schreibtisch/ofa-v2/langgraph_eval/agent.py:381: RuntimeWarning: This package (`duckduckgo_search`) has been renamed to `ddgs`! Use `pip install ddgs` instead.
  with DDGS() as ddgs:
/home/alexander/Schreibtisch/ofa-v2/langgraph_eval/agent.py:381: RuntimeWarning: This package (`duckduckgo_search`) has been renamed to `ddgs`! Use `pip install ddgs` instead.
  with DDGS() as ddgs:
2026-09-01 12:49:34,662 [oasis.registry] INFO: Loaded discovered config: 5 backends
2026-09-01 12:49:34,664 [oasis.registry] INFO: Registered backend: 4C Multiphysics (fourc)
2026-09-01 12:49:34,664 [oasis.registry] INFO: Registered backend: FEniCSx (dolfinx) (fenics)
2026-09-01 12:49:34,665 [oasis.registry] INFO: Registered backend: deal.II (dealii)
2026-09-01 12:49:34,668 [oasis.registry] INFO: Registered backend: FEBio (febio)
2026-09-01 12:49:34,670 [oasis.registry] INFO: Registered backend: NGSolve (ngsolve)
2026-09-01 12:49:34,670 [oasis.ngsolve] INFO: NGSolve backend registered
2026-09-01 12:49:34,673 [oasis.registry] INFO: Registered backend: scikit-fem (skfem)
2026-09-01 12:49:34,673 [oasis.skfem] INFO: scikit-fem backend registered
2026-09-01 12:49:34,677 [oasis.registry] INFO: Registered backend: Kratos Multiphysics (kratos)
2026-09-01 12:49:34,677 [oasis.kratos] INFO: Kratos Multiphysics backend registered
2026-09-01 12:49:34,679 [oasis.registry] INFO: Registered backend: DUNE-fem (dune)
2026-09-01 12:49:34,679 [oasis.dune] INFO: DUNE-fem backend registered
2026-09-01 12:49:34,684 [oasis.registry] INFO: Registered backend: SPARTA (DSMC) (sparta)
2026-09-01 12:49:34,684 [oasis.sparta] INFO: SPARTA (DSMC) backend registered
2026-09-01 12:49:34,684 [oasis] INFO: Starting OASiS MCP server
2026-09-01 12:49:34,692 [mcp.server.lowlevel.server] INFO: Processing request of type CallToolRequest
2026-09-01 12:49:34,733 [mcp.server.lowlevel.server] INFO: Processing request of type ListToolsRequest
2026-09-01 12:49:34,739 [oasis] INFO: Session journal saved: /home/alexander/Schreibtisch/ofa-v2/data/sessions/session_14a7d9dc-485e-4d27-9213-eefb062d2d7c.json (1 events)
/home/alexander/Schreibtisch/ofa-v2/langgraph_eval/agent.py:381: RuntimeWarning: This package (`duckduckgo_search`) has been renamed to `ddgs`! Use `pip install ddgs` instead.
  with DDGS() as ddgs:
/home/alexander/Schreibtisch/ofa-v2/langgraph_eval/agent.py:381: RuntimeWarning: This package (`duckduckgo_search`) has been renamed to `ddgs`! Use `pip install ddgs` instead.
  with DDGS() as ddgs:
/home/alexander/Schreibtisch/ofa-v2/langgraph_eval/agent.py:381: RuntimeWarning: This package (`duckduckgo_search`) has been renamed to `ddgs`! Use `pip install ddgs` instead.
  with DDGS() as ddgs:
/home/alexander/Schreibtisch/ofa-v2/langgraph_eval/agent.py:381: RuntimeWarning: This package (`duckduckgo_search`) has been renamed to `ddgs`! Use `pip install ddgs` instead.
  with DDGS() as ddgs:
/home/alexander/Schreibtisch/ofa-v2/langgraph_eval/agent.py:381: RuntimeWarning: This package (`duckduckgo_search`) has been renamed to `ddgs`! Use `pip install ddgs` instead.
  with DDGS() as ddgs:
/home/alexander/Schreibtisch/ofa-v2/langgraph_eval/agent.py:381: RuntimeWarning: This package (`duckduckgo_search`) has been renamed to `ddgs`! Use `pip install ddgs` instead.
  with DDGS() as ddgs:
/home/alexander/Schreibtisch/ofa-v2/langgraph_eval/agent.py:381: RuntimeWarning: This package (`duckduckgo_search`) has been renamed to `ddgs`! Use `pip install ddgs` instead.
  with DDGS() as ddgs:
/home/alexander/Schreibtisch/ofa-v2/langgraph_eval/agent.py:381: RuntimeWarning: This package (`duckduckgo_search`) has been renamed to `ddgs`! Use `pip install ddgs` instead.
  with DDGS() as ddgs:
/home/alexander/Schreibtisch/ofa-v2/langgraph_eval/agent.py:381: RuntimeWarning: This package (`duckduckgo_search`) has been renamed to `ddgs`! Use `pip install ddgs` instead.
  with DDGS() as ddgs:
/home/alexander/Schreibtisch/ofa-v2/langgraph_eval/agent.py:381: RuntimeWarning: This package (`duckduckgo_search`) has been renamed to `ddgs`! Use `pip install ddgs` instead.
  with DDGS() as ddgs:
/home/alexander/Schreibtisch/ofa-v2/langgraph_eval/agent.py:381: RuntimeWarning: This package (`duckduckgo_search`) has been renamed to `ddgs`! Use `pip install ddgs` instead.
  with DDGS() as ddgs:
/home/alexander/Schreibtisch/ofa-v2/langgraph_eval/agent.py:381: RuntimeWarning: This package (`duckduckgo_search`) has been renamed to `ddgs`! Use `pip install ddgs` instead.
  with DDGS() as ddgs:
/home/alexander/Schreibtisch/ofa-v2/langgraph_eval/agent.py:381: RuntimeWarning: This package (`duckduckgo_search`) has been renamed to `ddgs`! Use `pip install ddgs` instead.
  with DDGS() as ddgs:
/home/alexander/Schreibtisch/ofa-v2/langgraph_eval/agent.py:381: RuntimeWarning: This package (`duckduckgo_search`) has been renamed to `ddgs`! Use `pip install ddgs` instead.
  with DDGS() as ddgs:
/home/alexander/Schreibtisch/ofa-v2/langgraph_eval/agent.py:381: RuntimeWarning: This package (`duckduckgo_search`) has been renamed to `ddgs`! Use `pip install ddgs` instead.
  with DDGS() as ddgs:
/home/alexander/Schreibtisch/ofa-v2/langgraph_eval/agent.py:381: RuntimeWarning: This package (`duckduckgo_search`) has been renamed to `ddgs`! Use `pip install ddgs` instead.
  with DDGS() as ddgs:
/home/alexander/Schreibtisch/ofa-v2/langgraph_eval/agent.py:381: RuntimeWarning: This package (`duckduckgo_search`) has been renamed to `ddgs`! Use `pip install ddgs` instead.
  with DDGS() as ddgs:
/home/alexander/Schreibtisch/ofa-v2/langgraph_eval/agent.py:381: RuntimeWarning: This package (`duckduckgo_search`) has been renamed to `ddgs`! Use `pip install ddgs` instead.
  with DDGS() as ddgs:
/home/alexander/Schreibtisch/ofa-v2/langgraph_eval/agent.py:381: RuntimeWarning: This package (`duckduckgo_search`) has been renamed to `ddgs`! Use `pip install ddgs` instead.
  with DDGS() as ddgs:
/home/alexander/Schreibtisch/ofa-v2/langgraph_eval/agent.py:381: RuntimeWarning: This package (`duckduckgo_search`) has been renamed to `ddgs`! Use `pip install ddgs` instead.
  with DDGS() as ddgs:
/home/alexander/Schreibtisch/ofa-v2/langgraph_eval/agent.py:381: RuntimeWarning: This package (`duckduckgo_search`) has been renamed to `ddgs`! Use `pip install ddgs` instead.
  with DDGS() as ddgs:
/home/alexander/Schreibtisch/ofa-v2/langgraph_eval/agent.py:381: RuntimeWarning: This package (`duckduckgo_search`) has been renamed to `ddgs`! Use `pip install ddgs` instead.
  with DDGS() as ddgs:
/home/alexander/Schreibtisch/ofa-v2/langgraph_eval/agent.py:381: RuntimeWarning: This package (`duckduckgo_search`) has been renamed to `ddgs`! Use `pip install ddgs` instead.
  with DDGS() as ddgs:
2026-09-01 12:50:58,879 [oasis.registry] INFO: Loaded discovered config: 5 backends
2026-09-01 12:50:58,881 [oasis.registry] INFO: Registered backend: 4C Multiphysics (fourc)
2026-09-01 12:50:58,882 [oasis.registry] INFO: Registered backend: FEniCSx (dolfinx) (fenics)
2026-09-01 12:50:58,882 [oasis.registry] INFO: Registered backend: deal.II (dealii)
2026-09-01 12:50:58,885 [oasis.registry] INFO: Registered backend: FEBio (febio)
2026-09-01 12:50:58,888 [oasis.registry] INFO: Registered backend: NGSolve (ngsolve)
2026-09-01 12:50:58,888 [oasis.ngsolve] INFO: NGSolve backend registered
/home/alexander/Schreibtisch/ofa-v2/langgraph_eval/agent.py:381: RuntimeWarning: This package (`duckduckgo_search`) has been renamed to `ddgs`! Use `pip install ddgs` instead.
  with DDGS() as ddgs:
2026-09-01 12:50:58,890 [oasis.registry] INFO: Registered backend: scikit-fem (skfem)
2026-09-01 12:50:58,890 [oasis.skfem] INFO: scikit-fem backend registered
2026-09-01 12:50:58,893 [oasis.registry] INFO: Loaded discovered config: 5 backends
2026-09-01 12:50:58,894 [oasis.registry] INFO: Registered backend: Kratos Multiphysics (kratos)
2026-09-01 12:50:58,894 [oasis.kratos] INFO: Kratos Multiphysics backend registered
2026-09-01 12:50:58,895 [oasis.registry] INFO: Registered backend: 4C Multiphysics (fourc)
2026-09-01 12:50:58,895 [oasis.registry] INFO: Registered backend: FEniCSx (dolfinx) (fenics)
2026-09-01 12:50:58,896 [oasis.registry] INFO: Registered backend: deal.II (dealii)
2026-09-01 12:50:58,896 [oasis.registry] INFO: Registered backend: DUNE-fem (dune)
2026-09-01 12:50:58,896 [oasis.dune] INFO: DUNE-fem backend registered
2026-09-01 12:50:58,899 [oasis.registry] INFO: Registered backend: FEBio (febio)
2026-09-01 12:50:58,901 [oasis.registry] INFO: Registered backend: SPARTA (DSMC) (sparta)
2026-09-01 12:50:58,901 [oasis.sparta] INFO: SPARTA (DSMC) backend registered
2026-09-01 12:50:58,901 [oasis] INFO: Starting OASiS MCP server
2026-09-01 12:50:58,901 [oasis.registry] INFO: Registered backend: NGSolve (ngsolve)
2026-09-01 12:50:58,902 [oasis.ngsolve] INFO: NGSolve backend registered
2026-09-01 12:50:58,904 [oasis.registry] INFO: Registered backend: scikit-fem (skfem)
2026-09-01 12:50:58,904 [oasis.skfem] INFO: scikit-fem backend registered
2026-09-01 12:50:58,908 [oasis.registry] INFO: Registered backend: Kratos Multiphysics (kratos)
2026-09-01 12:50:58,908 [oasis.kratos] INFO: Kratos Multiphysics backend registered
2026-09-01 12:50:58,909 [mcp.server.lowlevel.server] INFO: Processing request of type CallToolRequest
2026-09-01 12:50:58,910 [oasis.registry] INFO: Registered backend: DUNE-fem (dune)
2026-09-01 12:50:58,910 [oasis.dune] INFO: DUNE-fem backend registered
2026-09-01 12:50:58,915 [mcp.server.lowlevel.server] INFO: Processing request of type ListToolsRequest
2026-09-01 12:50:58,915 [oasis.registry] INFO: Registered backend: SPARTA (DSMC) (sparta)
2026-09-01 12:50:58,916 [oasis.sparta] INFO: SPARTA (DSMC) backend registered
2026-09-01 12:50:58,916 [oasis] INFO: Starting OASiS MCP server
2026-09-01 12:50:58,921 [oasis] INFO: Session journal saved: /home/alexander/Schreibtisch/ofa-v2/data/sessions/session_5a0d5586-aed6-4529-8e12-290cc37dfb3f.json (1 events)
2026-09-01 12:50:58,924 [mcp.server.lowlevel.server] INFO: Processing request of type CallToolRequest
2026-09-01 12:50:58,928 [mcp.server.lowlevel.server] INFO: Processing request of type ListToolsRequest
/home/alexander/Schreibtisch/ofa-v2/langgraph_eval/agent.py:381: RuntimeWarning: This package (`duckduckgo_search`) has been renamed to `ddgs`! Use `pip install ddgs` instead.
  with DDGS() as ddgs:
/home/alexander/Schreibtisch/ofa-v2/langgraph_eval/agent.py:381: RuntimeWarning: This package (`duckduckgo_search`) has been renamed to `ddgs`! Use `pip install ddgs` instead.
  with DDGS() as ddgs:
/home/alexander/Schreibtisch/ofa-v2/langgraph_eval/agent.py:381: RuntimeWarning: This package (`duckduckgo_search`) has been renamed to `ddgs`! Use `pip install ddgs` instead.
  with DDGS() as ddgs:
/home/alexander/Schreibtisch/ofa-v2/langgraph_eval/agent.py:381: RuntimeWarning: This package (`duckduckgo_search`) has been renamed to `ddgs`! Use `pip install ddgs` instead.
  with DDGS() as ddgs:
/home/alexander/Schreibtisch/ofa-v2/langgraph_eval/agent.py:381: RuntimeWarning: This package (`duckduckgo_search`) has been renamed to `ddgs`! Use `pip install ddgs` instead.
  with DDGS() as ddgs:
/home/alexander/Schreibtisch/ofa-v2/langgraph_eval/agent.py:381: RuntimeWarning: This package (`duckduckgo_search`) has been renamed to `ddgs`! Use `pip install ddgs` instead.
  with DDGS() as ddgs:
2026-09-01 12:51:12,176 [oasis.registry] INFO: Loaded discovered config: 5 backends
2026-09-01 12:51:12,178 [oasis.registry] INFO: Registered backend: 4C Multiphysics (fourc)
2026-09-01 12:51:12,179 [oasis.registry] INFO: Registered backend: FEniCSx (dolfinx) (fenics)
2026-09-01 12:51:12,179 [oasis.registry] INFO: Registered backend: deal.II (dealii)
2026-09-01 12:51:12,182 [oasis.registry] INFO: Registered backend: FEBio (febio)
2026-09-01 12:51:12,185 [oasis.registry] INFO: Registered backend: NGSolve (ngsolve)
2026-09-01 12:51:12,185 [oasis.ngsolve] INFO: NGSolve backend registered
2026-09-01 12:51:12,187 [oasis.registry] INFO: Registered backend: scikit-fem (skfem)
2026-09-01 12:51:12,187 [oasis.skfem] INFO: scikit-fem backend registered
2026-09-01 12:51:12,191 [oasis.registry] INFO: Registered backend: Kratos Multiphysics (kratos)
2026-09-01 12:51:12,191 [oasis.kratos] INFO: Kratos Multiphysics backend registered
2026-09-01 12:51:12,193 [oasis.registry] INFO: Registered backend: DUNE-fem (dune)
2026-09-01 12:51:12,193 [oasis.dune] INFO: DUNE-fem backend registered
2026-09-01 12:51:12,199 [oasis.registry] INFO: Registered backend: SPARTA (DSMC) (sparta)
2026-09-01 12:51:12,199 [oasis.sparta] INFO: SPARTA (DSMC) backend registered
2026-09-01 12:51:12,199 [oasis] INFO: Starting OASiS MCP server
2026-09-01 12:51:12,207 [mcp.server.lowlevel.server] INFO: Processing request of type CallToolRequest
2026-09-01 12:51:12,211 [mcp.server.lowlevel.server] INFO: Processing request of type ListToolsRequest
/home/alexander/Schreibtisch/ofa-v2/langgraph_eval/agent.py:381: RuntimeWarning: This package (`duckduckgo_search`) has been renamed to `ddgs`! Use `pip install ddgs` instead.
  with DDGS() as ddgs:
/home/alexander/Schreibtisch/ofa-v2/langgraph_eval/agent.py:381: RuntimeWarning: This package (`duckduckgo_search`) has been renamed to `ddgs`! Use `pip install ddgs` instead.
  with DDGS() as ddgs:
/home/alexander/Schreibtisch/ofa-v2/langgraph_eval/agent.py:381: RuntimeWarning: This package (`duckduckgo_search`) has been renamed to `ddgs`! Use `pip install ddgs` instead.
  with DDGS() as ddgs:
/home/alexander/Schreibtisch/ofa-v2/langgraph_eval/agent.py:381: RuntimeWarning: This package (`duckduckgo_search`) has been renamed to `ddgs`! Use `pip install ddgs` instead.
  with DDGS() as ddgs:
/home/alexander/Schreibtisch/ofa-v2/langgraph_eval/agent.py:381: RuntimeWarning: This package (`duckduckgo_search`) has been renamed to `ddgs`! Use `pip install ddgs` instead.
  with DDGS() as ddgs:
/home/alexander/Schreibtisch/ofa-v2/langgraph_eval/agent.py:381: RuntimeWarning: This package (`duckduckgo_search`) has been renamed to `ddgs`! Use `pip install ddgs` instead.
  with DDGS() as ddgs:
/home/alexander/Schreibtisch/ofa-v2/langgraph_eval/agent.py:381: RuntimeWarning: This package (`duckduckgo_search`) has been renamed to `ddgs`! Use `pip install ddgs` instead.
  with DDGS() as ddgs:
/home/alexander/Schreibtisch/ofa-v2/langgraph_eval/agent.py:381: RuntimeWarning: This package (`duckduckgo_search`) has been renamed to `ddgs`! Use `pip install ddgs` instead.
  with DDGS() as ddgs:
/home/alexander/Schreibtisch/ofa-v2/langgraph_eval/agent.py:381: RuntimeWarning: This package (`duckduckgo_search`) has been renamed to `ddgs`! Use `pip install ddgs` instead.
  with DDGS() as ddgs:
/home/alexander/Schreibtisch/ofa-v2/langgraph_eval/agent.py:381: RuntimeWarning: This package (`duckduckgo_search`) has been renamed to `ddgs`! Use `pip install ddgs` instead.
  with DDGS() as ddgs:
/home/alexander/Schreibtisch/ofa-v2/langgraph_eval/agent.py:381: RuntimeWarning: This package (`duckduckgo_search`) has been renamed to `ddgs`! Use `pip install ddgs` instead.
  with DDGS() as ddgs:
2026-09-01 12:51:25,115 [oasis.registry] INFO: Loaded discovered config: 5 backends
2026-09-01 12:51:25,117 [oasis.registry] INFO: Registered backend: 4C Multiphysics (fourc)
2026-09-01 12:51:25,117 [oasis.registry] INFO: Registered backend: FEniCSx (dolfinx) (fenics)
2026-09-01 12:51:25,118 [oasis.registry] INFO: Registered backend: deal.II (dealii)
2026-09-01 12:51:25,121 [oasis.registry] INFO: Registered backend: FEBio (febio)
2026-09-01 12:51:25,123 [oasis.registry] INFO: Registered backend: NGSolve (ngsolve)
2026-09-01 12:51:25,123 [oasis.ngsolve] INFO: NGSolve backend registered
2026-09-01 12:51:25,126 [oasis.registry] INFO: Registered backend: scikit-fem (skfem)
2026-09-01 12:51:25,126 [oasis.skfem] INFO: scikit-fem backend registered
2026-09-01 12:51:25,130 [oasis.registry] INFO: Registered backend: Kratos Multiphysics (kratos)
2026-09-01 12:51:25,130 [oasis.kratos] INFO: Kratos Multiphysics backend registered
2026-09-01 12:51:25,132 [oasis.registry] INFO: Registered backend: DUNE-fem (dune)
2026-09-01 12:51:25,132 [oasis.dune] INFO: DUNE-fem backend registered
2026-09-01 12:51:25,137 [oasis.registry] INFO: Registered backend: SPARTA (DSMC) (sparta)
2026-09-01 12:51:25,137 [oasis.sparta] INFO: SPARTA (DSMC) backend registered
2026-09-01 12:51:25,137 [oasis] INFO: Starting OASiS MCP server
2026-09-01 12:51:25,145 [mcp.server.lowlevel.server] INFO: Processing request of type CallToolRequest
2026-09-01 12:51:25,148 [mcp.server.lowlevel.server] INFO: Processing request of type ListToolsRequest
2026-09-01 12:51:25,154 [oasis] INFO: Session journal saved: /home/alexander/Schreibtisch/ofa-v2/data/sessions/session_0f767087-9ba9-434d-ba82-a60b0ad2bd07.json (1 events)
/home/alexander/Schreibtisch/ofa-v2/langgraph_eval/agent.py:381: RuntimeWarning: This package (`duckduckgo_search`) has been renamed to `ddgs`! Use `pip install ddgs` instead.
  with DDGS() as ddgs:
/home/alexander/Schreibtisch/ofa-v2/langgraph_eval/agent.py:381: RuntimeWarning: This package (`duckduckgo_search`) has been renamed to `ddgs`! Use `pip install ddgs` instead.
  with DDGS() as ddgs:
/home/alexander/Schreibtisch/ofa-v2/langgraph_eval/agent.py:381: RuntimeWarning: This package (`duckduckgo_search`) has been renamed to `ddgs`! Use `pip install ddgs` instead.
  with DDGS() as ddgs:
2026-09-01 12:51:30,039 [oasis.registry] INFO: Loaded discovered config: 5 backends
2026-09-01 12:51:30,041 [oasis.registry] INFO: Registered backend: 4C Multiphysics (fourc)
2026-09-01 12:51:30,041 [oasis.registry] INFO: Registered backend: FEniCSx (dolfinx) (fenics)
2026-09-01 12:51:30,042 [oasis.registry] INFO: Registered backend: deal.II (dealii)
2026-09-01 12:51:30,045 [oasis.registry] INFO: Registered backend: FEBio (febio)
2026-09-01 12:51:30,047 [oasis.registry] INFO: Registered backend: NGSolve (ngsolve)
2026-09-01 12:51:30,047 [oasis.ngsolve] INFO: NGSolve backend registered
2026-09-01 12:51:30,050 [oasis.registry] INFO: Registered backend: scikit-fem (skfem)
2026-09-01 12:51:30,050 [oasis.skfem] INFO: scikit-fem backend registered
2026-09-01 12:51:30,054 [oasis.registry] INFO: Registered backend: Kratos Multiphysics (kratos)
2026-09-01 12:51:30,054 [oasis.kratos] INFO: Kratos Multiphysics backend registered
2026-09-01 12:51:30,056 [oasis.registry] INFO: Registered backend: DUNE-fem (dune)
2026-09-01 12:51:30,056 [oasis.dune] INFO: DUNE-fem backend registered
2026-09-01 12:51:30,061 [oasis.registry] INFO: Registered backend: SPARTA (DSMC) (sparta)
2026-09-01 12:51:30,061 [oasis.sparta] INFO: SPARTA (DSMC) backend registered
2026-09-01 12:51:30,061 [oasis] INFO: Starting OASiS MCP server
2026-09-01 12:51:30,069 [mcp.server.lowlevel.server] INFO: Processing request of type CallToolRequest
2026-09-01 12:51:30,074 [mcp.server.lowlevel.server] INFO: Processing request of type ListToolsRequest
2026-09-01 12:51:30,081 [oasis] INFO: Session journal saved: /home/alexander/Schreibtisch/ofa-v2/data/sessions/session_cabee226-38de-4168-9799-fdc289dee4f5.json (1 events)
/home/alexander/Schreibtisch/ofa-v2/langgraph_eval/agent.py:381: RuntimeWarning: This package (`duckduckgo_search`) has been renamed to `ddgs`! Use `pip install ddgs` instead.
  with DDGS() as ddgs:
/home/alexander/Schreibtisch/ofa-v2/langgraph_eval/agent.py:381: RuntimeWarning: This package (`duckduckgo_search`) has been renamed to `ddgs`! Use `pip install ddgs` instead.
  with DDGS() as ddgs:
/home/alexander/Schreibtisch/ofa-v2/langgraph_eval/agent.py:381: RuntimeWarning: This package (`duckduckgo_search`) has been renamed to `ddgs`! Use `pip install ddgs` instead.
  with DDGS() as ddgs:
/home/alexander/Schreibtisch/ofa-v2/langgraph_eval/agent.py:381: RuntimeWarning: This package (`duckduckgo_search`) has been renamed to `ddgs`! Use `pip install ddgs` instead.
  with DDGS() as ddgs:
/home/alexander/Schreibtisch/ofa-v2/langgraph_eval/agent.py:381: RuntimeWarning: This package (`duckduckgo_search`) has been renamed to `ddgs`! Use `pip install ddgs` instead.
  with DDGS() as ddgs:
/home/alexander/Schreibtisch/ofa-v2/langgraph_eval/agent.py:381: RuntimeWarning: This package (`duckduckgo_search`) has been renamed to `ddgs`! Use `pip install ddgs` instead.
  with DDGS() as ddgs:
/home/alexander/Schreibtisch/ofa-v2/langgraph_eval/agent.py:381: RuntimeWarning: This package (`duckduckgo_search`) has been renamed to `ddgs`! Use `pip install ddgs` instead.
  with DDGS() as ddgs:
[preflight] custody controls verified for 1 problem(s); keys sealed and unreadable by execution
[phase: development] results are for post-mortems and convergence checking, NOT for the paper's evaluation table.
[DL2 27b MCP s96] done  calls=46 tok=3963618/51004 1915.8s
/home/alexander/Schreibtisch/ofa-v2/campaign3_blind/run_blind.py:941: ResourceWarning: unclosed file <_io.TextIOWrapper name='/home/alexander/Schreibtisch/ofa-v2/campaign3_blind/runs/DL2_27b_MCP_seed96/work/trajectory_live.txt' mode='a' encoding='utf-8'>
  run_one(pid, a.model, cond, a.seed, a.timeout)
ResourceWarning: Enable tracemalloc to get the object allocation traceback
/home/alexander/.local/share/python/cpython-3.12.13-linux-x86_64-gnu/lib/python3.12/asyncio/selector_events.py:879: ResourceWarning: unclosed transport <_SelectorSocketTransport fd=8>
<<< DL2 seed 96 done 2026-09-01 12:53:50
[preflight] custody controls verified for 1 problem(s); keys sealed and unreadable by execution
[phase: development] results are for post-mortems and convergence checking, NOT for the paper's evaluation table.
[SK1 27b BARE s96] done  calls=101 tok=5153094/68647 2278.7s
2026-09-01 12:58:47,408 [oasis.registry] INFO: Loaded discovered config: 5 backends
2026-09-01 12:58:47,411 [oasis.registry] INFO: Registered backend: 4C Multiphysics (fourc)
2026-09-01 12:58:47,411 [oasis.registry] INFO: Registered backend: FEniCSx (dolfinx) (fenics)
2026-09-01 12:58:47,412 [oasis.registry] INFO: Registered backend: deal.II (dealii)
2026-09-01 12:58:47,415 [oasis.registry] INFO: Registered backend: FEBio (febio)
2026-09-01 12:58:47,417 [oasis.registry] INFO: Registered backend: NGSolve (ngsolve)
2026-09-01 12:58:47,417 [oasis.ngsolve] INFO: NGSolve backend registered
2026-09-01 12:58:47,420 [oasis.registry] INFO: Registered backend: scikit-fem (skfem)
2026-09-01 12:58:47,420 [oasis.skfem] INFO: scikit-fem backend registered
2026-09-01 12:58:47,424 [oasis.registry] INFO: Registered backend: Kratos Multiphysics (kratos)
2026-09-01 12:58:47,424 [oasis.kratos] INFO: Kratos Multiphysics backend registered
2026-09-01 12:58:47,426 [oasis.registry] INFO: Registered backend: DUNE-fem (dune)
2026-09-01 12:58:47,426 [oasis.dune] INFO: DUNE-fem backend registered
2026-09-01 12:58:47,432 [oasis.registry] INFO: Registered backend: SPARTA (DSMC) (sparta)
2026-09-01 12:58:47,432 [oasis.sparta] INFO: SPARTA (DSMC) backend registered
2026-09-01 12:58:47,433 [oasis] INFO: Starting OASiS MCP server
2026-09-01 12:58:47,441 [mcp.server.lowlevel.server] INFO: Processing request of type ListToolsRequest
2026-09-01 12:59:00,184 [oasis.registry] INFO: Loaded discovered config: 5 backends
2026-09-01 12:59:00,186 [oasis.registry] INFO: Registered backend: 4C Multiphysics (fourc)
2026-09-01 12:59:00,186 [oasis.registry] INFO: Registered backend: FEniCSx (dolfinx) (fenics)
2026-09-01 12:59:00,187 [oasis.registry] INFO: Registered backend: deal.II (dealii)
2026-09-01 12:59:00,190 [oasis.registry] INFO: Registered backend: FEBio (febio)
2026-09-01 12:59:00,192 [oasis.registry] INFO: Registered backend: NGSolve (ngsolve)
2026-09-01 12:59:00,192 [oasis.ngsolve] INFO: NGSolve backend registered
2026-09-01 12:59:00,195 [oasis.registry] INFO: Registered backend: scikit-fem (skfem)
2026-09-01 12:59:00,195 [oasis.skfem] INFO: scikit-fem backend registered
2026-09-01 12:59:00,199 [oasis.registry] INFO: Registered backend: Kratos Multiphysics (kratos)
2026-09-01 12:59:00,199 [oasis.kratos] INFO: Kratos Multiphysics backend registered
2026-09-01 12:59:00,201 [oasis.registry] INFO: Registered backend: DUNE-fem (dune)
2026-09-01 12:59:00,201 [oasis.dune] INFO: DUNE-fem backend registered
2026-09-01 12:59:00,206 [oasis.registry] INFO: Registered backend: SPARTA (DSMC) (sparta)
2026-09-01 12:59:00,206 [oasis.sparta] INFO: SPARTA (DSMC) backend registered
2026-09-01 12:59:00,206 [oasis] INFO: Starting OASiS MCP server
2026-09-01 12:59:00,214 [mcp.server.lowlevel.server] INFO: Processing request of type CallToolRequest
2026-09-01 12:59:03,636 [mcp.server.lowlevel.server] INFO: Processing request of type ListToolsRequest
2026-09-01 12:59:03,645 [oasis] INFO: Session journal saved: /home/alexander/Schreibtisch/ofa-v2/data/sessions/session_7bdf2fc0-58fe-4964-8edc-d2e65392ed6a.json (1 events)
/home/alexander/Schreibtisch/ofa-v2/langgraph_eval/agent.py:381: RuntimeWarning: This package (`duckduckgo_search`) has been renamed to `ddgs`! Use `pip install ddgs` instead.
  with DDGS() as ddgs:
/home/alexander/Schreibtisch/ofa-v2/langgraph_eval/agent.py:381: RuntimeWarning: This package (`duckduckgo_search`) has been renamed to `ddgs`! Use `pip install ddgs` instead.
  with DDGS() as ddgs:
2026-09-01 12:59:32,694 [oasis.registry] INFO: Loaded discovered config: 5 backends
2026-09-01 12:59:32,697 [oasis.registry] INFO: Registered backend: 4C Multiphysics (fourc)
2026-09-01 12:59:32,697 [oasis.registry] INFO: Registered backend: FEniCSx (dolfinx) (fenics)
2026-09-01 12:59:32,698 [oasis.registry] INFO: Registered backend: deal.II (dealii)
2026-09-01 12:59:32,701 [oasis.registry] INFO: Registered backend: FEBio (febio)
2026-09-01 12:59:32,703 [oasis.registry] INFO: Registered backend: NGSolve (ngsolve)
2026-09-01 12:59:32,703 [oasis.ngsolve] INFO: NGSolve backend registered
2026-09-01 12:59:32,706 [oasis.registry] INFO: Registered backend: scikit-fem (skfem)
2026-09-01 12:59:32,706 [oasis.skfem] INFO: scikit-fem backend registered
2026-09-01 12:59:32,707 [oasis.registry] INFO: Loaded discovered config: 5 backends
2026-09-01 12:59:32,709 [oasis.registry] INFO: Registered backend: 4C Multiphysics (fourc)
2026-09-01 12:59:32,709 [oasis.registry] INFO: Registered backend: Kratos Multiphysics (kratos)
2026-09-01 12:59:32,709 [oasis.kratos] INFO: Kratos Multiphysics backend registered
2026-09-01 12:59:32,710 [oasis.registry] INFO: Registered backend: FEniCSx (dolfinx) (fenics)
2026-09-01 12:59:32,710 [oasis.registry] INFO: Registered backend: deal.II (dealii)
2026-09-01 12:59:32,712 [oasis.registry] INFO: Registered backend: DUNE-fem (dune)
2026-09-01 12:59:32,712 [oasis.dune] INFO: DUNE-fem backend registered
2026-09-01 12:59:32,714 [oasis.registry] INFO: Registered backend: FEBio (febio)
2026-09-01 12:59:32,716 [oasis.registry] INFO: Registered backend: NGSolve (ngsolve)
2026-09-01 12:59:32,716 [oasis.ngsolve] INFO: NGSolve backend registered
2026-09-01 12:59:32,717 [oasis.registry] INFO: Registered backend: SPARTA (DSMC) (sparta)
2026-09-01 12:59:32,717 [oasis.sparta] INFO: SPARTA (DSMC) backend registered
2026-09-01 12:59:32,717 [oasis] INFO: Starting OASiS MCP server
2026-09-01 12:59:32,719 [oasis.registry] INFO: Registered backend: scikit-fem (skfem)
2026-09-01 12:59:32,719 [oasis.skfem] INFO: scikit-fem backend registered
2026-09-01 12:59:32,722 [oasis.registry] INFO: Registered backend: Kratos Multiphysics (kratos)
2026-09-01 12:59:32,723 [oasis.kratos] INFO: Kratos Multiphysics backend registered
2026-09-01 12:59:32,725 [oasis.registry] INFO: Registered backend: DUNE-fem (dune)
2026-09-01 12:59:32,725 [mcp.server.lowlevel.server] INFO: Processing request of type CallToolRequest
2026-09-01 12:59:32,725 [oasis.dune] INFO: DUNE-fem backend registered
2026-09-01 12:59:32,730 [mcp.server.lowlevel.server] INFO: Processing request of type ListToolsRequest
2026-09-01 12:59:32,730 [oasis.registry] INFO: Registered backend: SPARTA (DSMC) (sparta)
2026-09-01 12:59:32,730 [oasis.sparta] INFO: SPARTA (DSMC) backend registered
2026-09-01 12:59:32,730 [oasis] INFO: Starting OASiS MCP server
2026-09-01 12:59:32,735 [oasis] INFO: Session journal saved: /home/alexander/Schreibtisch/ofa-v2/data/sessions/session_628732f0-6f64-4efe-bcbc-4baf4b2b68af.json (1 events)
2026-09-01 12:59:32,739 [mcp.server.lowlevel.server] INFO: Processing request of type CallToolRequest
2026-09-01 12:59:32,750 [mcp.server.lowlevel.server] INFO: Processing request of type ListToolsRequest
2026-09-01 12:59:32,757 [oasis] INFO: Session journal saved: /home/alexander/Schreibtisch/ofa-v2/data/sessions/session_74088f26-70ca-4aa5-aa8c-27f26558be60.json (1 events)
/home/alexander/Schreibtisch/ofa-v2/langgraph_eval/agent.py:381: RuntimeWarning: This package (`duckduckgo_search`) has been renamed to `ddgs`! Use `pip install ddgs` instead.
  with DDGS() as ddgs:
2026-09-01 13:00:03,028 [oasis.registry] INFO: Loaded discovered config: 5 backends
2026-09-01 13:00:03,030 [oasis.registry] INFO: Registered backend: 4C Multiphysics (fourc)
2026-09-01 13:00:03,030 [oasis.registry] INFO: Registered backend: FEniCSx (dolfinx) (fenics)
2026-09-01 13:00:03,031 [oasis.registry] INFO: Registered backend: deal.II (dealii)
2026-09-01 13:00:03,034 [oasis.registry] INFO: Registered backend: FEBio (febio)
2026-09-01 13:00:03,036 [oasis.registry] INFO: Registered backend: NGSolve (ngsolve)
2026-09-01 13:00:03,036 [oasis.ngsolve] INFO: NGSolve backend registered
2026-09-01 13:00:03,039 [oasis.registry] INFO: Registered backend: scikit-fem (skfem)
2026-09-01 13:00:03,039 [oasis.skfem] INFO: scikit-fem backend registered
2026-09-01 13:00:03,043 [oasis.registry] INFO: Registered backend: Kratos Multiphysics (kratos)
2026-09-01 13:00:03,043 [oasis.kratos] INFO: Kratos Multiphysics backend registered
2026-09-01 13:00:03,045 [oasis.registry] INFO: Registered backend: DUNE-fem (dune)
2026-09-01 13:00:03,045 [oasis.dune] INFO: DUNE-fem backend registered
2026-09-01 13:00:03,050 [oasis.registry] INFO: Registered backend: SPARTA (DSMC) (sparta)
2026-09-01 13:00:03,050 [oasis.sparta] INFO: SPARTA (DSMC) backend registered
2026-09-01 13:00:03,050 [oasis] INFO: Starting OASiS MCP server
2026-09-01 13:00:03,058 [mcp.server.lowlevel.server] INFO: Processing request of type CallToolRequest
2026-09-01 13:00:03,062 [mcp.server.lowlevel.server] INFO: Processing request of type ListToolsRequest
/home/alexander/Schreibtisch/ofa-v2/langgraph_eval/agent.py:456: LangGraphDeprecatedSinceV10: create_react_agent has been moved to `langchain.agents`. Please update your import to `from langchain.agents import create_agent`. Deprecated in LangGraph V1.0 to be removed in V2.0.
  sub_agent = create_react_agent(
/home/alexander/Schreibtisch/ofa-v2/langgraph_eval/agent.py:381: RuntimeWarning: This package (`duckduckgo_search`) has been renamed to `ddgs`! Use `pip install ddgs` instead.
  with DDGS() as ddgs:
/home/alexander/Schreibtisch/ofa-v2/langgraph_eval/agent.py:381: RuntimeWarning: This package (`duckduckgo_search`) has been renamed to `ddgs`! Use `pip install ddgs` instead.
  with DDGS() as ddgs:
2026-09-01 13:01:25,847 [oasis.registry] INFO: Loaded discovered config: 5 backends
2026-09-01 13:01:25,849 [oasis.registry] INFO: Registered backend: 4C Multiphysics (fourc)
2026-09-01 13:01:25,849 [oasis.registry] INFO: Registered backend: FEniCSx (dolfinx) (fenics)
2026-09-01 13:01:25,850 [oasis.registry] INFO: Registered backend: deal.II (dealii)
2026-09-01 13:01:25,853 [oasis.registry] INFO: Registered backend: FEBio (febio)
2026-09-01 13:01:25,855 [oasis.registry] INFO: Registered backend: NGSolve (ngsolve)
2026-09-01 13:01:25,855 [oasis.ngsolve] INFO: NGSolve backend registered
2026-09-01 13:01:25,858 [oasis.registry] INFO: Registered backend: scikit-fem (skfem)
2026-09-01 13:01:25,858 [oasis.skfem] INFO: scikit-fem backend registered
2026-09-01 13:01:25,859 [oasis.registry] INFO: Loaded discovered config: 5 backends
2026-09-01 13:01:25,861 [oasis.registry] INFO: Registered backend: 4C Multiphysics (fourc)
2026-09-01 13:01:25,861 [oasis.registry] INFO: Registered backend: Kratos Multiphysics (kratos)
2026-09-01 13:01:25,861 [oasis.kratos] INFO: Kratos Multiphysics backend registered
2026-09-01 13:01:25,862 [oasis.registry] INFO: Registered backend: FEniCSx (dolfinx) (fenics)
2026-09-01 13:01:25,862 [oasis.registry] INFO: Registered backend: deal.II (dealii)
2026-09-01 13:01:25,864 [oasis.registry] INFO: Registered backend: DUNE-fem (dune)
2026-09-01 13:01:25,864 [oasis.dune] INFO: DUNE-fem backend registered
2026-09-01 13:01:25,866 [oasis.registry] INFO: Registered backend: FEBio (febio)
2026-09-01 13:01:25,869 [oasis.registry] INFO: Registered backend: NGSolve (ngsolve)
2026-09-01 13:01:25,869 [oasis.ngsolve] INFO: NGSolve backend registered
2026-09-01 13:01:25,869 [oasis.registry] INFO: Registered backend: SPARTA (DSMC) (sparta)
2026-09-01 13:01:25,869 [oasis.sparta] INFO: SPARTA (DSMC) backend registered
2026-09-01 13:01:25,869 [oasis] INFO: Starting OASiS MCP server
2026-09-01 13:01:25,871 [oasis.registry] INFO: Registered backend: scikit-fem (skfem)
2026-09-01 13:01:25,871 [oasis.skfem] INFO: scikit-fem backend registered
2026-09-01 13:01:25,875 [oasis.registry] INFO: Registered backend: Kratos Multiphysics (kratos)
2026-09-01 13:01:25,875 [oasis.kratos] INFO: Kratos Multiphysics backend registered
2026-09-01 13:01:25,877 [mcp.server.lowlevel.server] INFO: Processing request of type CallToolRequest
2026-09-01 13:01:25,877 [oasis.registry] INFO: Registered backend: DUNE-fem (dune)
2026-09-01 13:01:25,878 [oasis.dune] INFO: DUNE-fem backend registered
2026-09-01 13:01:25,882 [mcp.server.lowlevel.server] INFO: Processing request of type ListToolsRequest
2026-09-01 13:01:25,883 [oasis.registry] INFO: Registered backend: SPARTA (DSMC) (sparta)
2026-09-01 13:01:25,883 [oasis.sparta] INFO: SPARTA (DSMC) backend registered
2026-09-01 13:01:25,883 [oasis] INFO: Starting OASiS MCP server
2026-09-01 13:01:25,888 [oasis] INFO: Session journal saved: /home/alexander/Schreibtisch/ofa-v2/data/sessions/session_5e183e0e-eef4-4a65-9fc8-afd37a0f7f03.json (1 events)
2026-09-01 13:01:25,891 [mcp.server.lowlevel.server] INFO: Processing request of type CallToolRequest
2026-09-01 13:01:25,896 [mcp.server.lowlevel.server] INFO: Processing request of type ListToolsRequest
/home/alexander/Schreibtisch/ofa-v2/langgraph_eval/agent.py:381: RuntimeWarning: This package (`duckduckgo_search`) has been renamed to `ddgs`! Use `pip install ddgs` instead.
  with DDGS() as ddgs:
/home/alexander/Schreibtisch/ofa-v2/langgraph_eval/agent.py:381: RuntimeWarning: This package (`duckduckgo_search`) has been renamed to `ddgs`! Use `pip install ddgs` instead.
  with DDGS() as ddgs:
2026-09-01 13:01:37,057 [oasis.registry] INFO: Loaded discovered config: 5 backends
2026-09-01 13:01:37,059 [oasis.registry] INFO: Registered backend: 4C Multiphysics (fourc)
2026-09-01 13:01:37,059 [oasis.registry] INFO: Registered backend: FEniCSx (dolfinx) (fenics)
2026-09-01 13:01:37,060 [oasis.registry] INFO: Registered backend: deal.II (dealii)
2026-09-01 13:01:37,063 [oasis.registry] INFO: Registered backend: FEBio (febio)
2026-09-01 13:01:37,065 [oasis.registry] INFO: Registered backend: NGSolve (ngsolve)
2026-09-01 13:01:37,065 [oasis.ngsolve] INFO: NGSolve backend registered
2026-09-01 13:01:37,068 [oasis.registry] INFO: Registered backend: scikit-fem (skfem)
2026-09-01 13:01:37,068 [oasis.skfem] INFO: scikit-fem backend registered
2026-09-01 13:01:37,071 [oasis.registry] INFO: Registered backend: Kratos Multiphysics (kratos)
2026-09-01 13:01:37,071 [oasis.kratos] INFO: Kratos Multiphysics backend registered
2026-09-01 13:01:37,074 [oasis.registry] INFO: Registered backend: DUNE-fem (dune)
2026-09-01 13:01:37,074 [oasis.dune] INFO: DUNE-fem backend registered
2026-09-01 13:01:37,079 [oasis.registry] INFO: Registered backend: SPARTA (DSMC) (sparta)
2026-09-01 13:01:37,079 [oasis.sparta] INFO: SPARTA (DSMC) backend registered
2026-09-01 13:01:37,079 [oasis] INFO: Starting OASiS MCP server
2026-09-01 13:01:37,087 [mcp.server.lowlevel.server] INFO: Processing request of type CallToolRequest
2026-09-01 13:01:37,098 [mcp.server.lowlevel.server] INFO: Processing request of type ListToolsRequest
2026-09-01 13:01:37,104 [oasis] INFO: Session journal saved: /home/alexander/Schreibtisch/ofa-v2/data/sessions/session_ab6d4535-06b3-4d04-83e6-06ad9cedf475.json (1 events)
/home/alexander/Schreibtisch/ofa-v2/langgraph_eval/agent.py:381: RuntimeWarning: This package (`duckduckgo_search`) has been renamed to `ddgs`! Use `pip install ddgs` instead.
  with DDGS() as ddgs:
/home/alexander/Schreibtisch/ofa-v2/langgraph_eval/agent.py:381: RuntimeWarning: This package (`duckduckgo_search`) has been renamed to `ddgs`! Use `pip install ddgs` instead.
  with DDGS() as ddgs:
/home/alexander/Schreibtisch/ofa-v2/langgraph_eval/agent.py:381: RuntimeWarning: This package (`duckduckgo_search`) has been renamed to `ddgs`! Use `pip install ddgs` instead.
  with DDGS() as ddgs:
/home/alexander/Schreibtisch/ofa-v2/langgraph_eval/agent.py:381: RuntimeWarning: This package (`duckduckgo_search`) has been renamed to `ddgs`! Use `pip install ddgs` instead.
  with DDGS() as ddgs:
/home/alexander/Schreibtisch/ofa-v2/langgraph_eval/agent.py:381: RuntimeWarning: This package (`duckduckgo_search`) has been renamed to `ddgs`! Use `pip install ddgs` instead.
  with DDGS() as ddgs:
/home/alexander/Schreibtisch/ofa-v2/langgraph_eval/agent.py:381: RuntimeWarning: This package (`duckduckgo_search`) has been renamed to `ddgs`! Use `pip install ddgs` instead.
  with DDGS() as ddgs:
/home/alexander/Schreibtisch/ofa-v2/langgraph_eval/agent.py:381: RuntimeWarning: This package (`duckduckgo_search`) has been renamed to `ddgs`! Use `pip install ddgs` instead.
  with DDGS() as ddgs:
2026-09-01 13:01:53,731 [oasis.registry] INFO: Loaded discovered config: 5 backends
2026-09-01 13:01:53,734 [oasis.registry] INFO: Registered backend: 4C Multiphysics (fourc)
2026-09-01 13:01:53,734 [oasis.registry] INFO: Registered backend: FEniCSx (dolfinx) (fenics)
2026-09-01 13:01:53,735 [oasis.registry] INFO: Registered backend: deal.II (dealii)
2026-09-01 13:01:53,739 [oasis.registry] INFO: Registered backend: FEBio (febio)
2026-09-01 13:01:53,742 [oasis.registry] INFO: Registered backend: NGSolve (ngsolve)
2026-09-01 13:01:53,742 [oasis.ngsolve] INFO: NGSolve backend registered
2026-09-01 13:01:53,744 [oasis.registry] INFO: Registered backend: scikit-fem (skfem)
2026-09-01 13:01:53,744 [oasis.skfem] INFO: scikit-fem backend registered
2026-09-01 13:01:53,748 [oasis.registry] INFO: Registered backend: Kratos Multiphysics (kratos)
2026-09-01 13:01:53,748 [oasis.kratos] INFO: Kratos Multiphysics backend registered
2026-09-01 13:01:53,751 [oasis.registry] INFO: Registered backend: DUNE-fem (dune)
2026-09-01 13:01:53,751 [oasis.dune] INFO: DUNE-fem backend registered
2026-09-01 13:01:53,756 [oasis.registry] INFO: Registered backend: SPARTA (DSMC) (sparta)
2026-09-01 13:01:53,756 [oasis.sparta] INFO: SPARTA (DSMC) backend registered
2026-09-01 13:01:53,756 [oasis] INFO: Starting OASiS MCP server
2026-09-01 13:01:53,763 [mcp.server.lowlevel.server] INFO: Processing request of type CallToolRequest
2026-09-01 13:01:53,771 [mcp.server.lowlevel.server] INFO: Processing request of type ListToolsRequest
2026-09-01 13:01:53,777 [oasis] INFO: Session journal saved: /home/alexander/Schreibtisch/ofa-v2/data/sessions/session_12b10abe-f852-4234-aba8-88e4fc19ddaa.json (1 events)
/home/alexander/Schreibtisch/ofa-v2/langgraph_eval/agent.py:381: RuntimeWarning: This package (`duckduckgo_search`) has been renamed to `ddgs`! Use `pip install ddgs` instead.
  with DDGS() as ddgs:
/home/alexander/Schreibtisch/ofa-v2/langgraph_eval/agent.py:381: RuntimeWarning: This package (`duckduckgo_search`) has been renamed to `ddgs`! Use `pip install ddgs` instead.
  with DDGS() as ddgs:
/home/alexander/Schreibtisch/ofa-v2/langgraph_eval/agent.py:381: RuntimeWarning: This package (`duckduckgo_search`) has been renamed to `ddgs`! Use `pip install ddgs` instead.
  with DDGS() as ddgs:
/home/alexander/Schreibtisch/ofa-v2/langgraph_eval/agent.py:381: RuntimeWarning: This package (`duckduckgo_search`) has been renamed to `ddgs`! Use `pip install ddgs` instead.
  with DDGS() as ddgs:
/home/alexander/Schreibtisch/ofa-v2/langgraph_eval/agent.py:381: RuntimeWarning: This package (`duckduckgo_search`) has been renamed to `ddgs`! Use `pip install ddgs` instead.
  with DDGS() as ddgs:
2026-09-01 13:02:00,164 [oasis.registry] INFO: Loaded discovered config: 5 backends
2026-09-01 13:02:00,166 [oasis.registry] INFO: Registered backend: 4C Multiphysics (fourc)
2026-09-01 13:02:00,167 [oasis.registry] INFO: Registered backend: FEniCSx (dolfinx) (fenics)
2026-09-01 13:02:00,167 [oasis.registry] INFO: Registered backend: deal.II (dealii)
2026-09-01 13:02:00,170 [oasis.registry] INFO: Registered backend: FEBio (febio)
2026-09-01 13:02:00,173 [oasis.registry] INFO: Registered backend: NGSolve (ngsolve)
2026-09-01 13:02:00,173 [oasis.ngsolve] INFO: NGSolve backend registered
2026-09-01 13:02:00,175 [oasis.registry] INFO: Registered backend: scikit-fem (skfem)
2026-09-01 13:02:00,175 [oasis.skfem] INFO: scikit-fem backend registered
2026-09-01 13:02:00,180 [oasis.registry] INFO: Registered backend: Kratos Multiphysics (kratos)
2026-09-01 13:02:00,180 [oasis.kratos] INFO: Kratos Multiphysics backend registered
2026-09-01 13:02:00,182 [oasis.registry] INFO: Registered backend: DUNE-fem (dune)
2026-09-01 13:02:00,182 [oasis.dune] INFO: DUNE-fem backend registered
2026-09-01 13:02:00,188 [oasis.registry] INFO: Registered backend: SPARTA (DSMC) (sparta)
2026-09-01 13:02:00,188 [oasis.sparta] INFO: SPARTA (DSMC) backend registered
2026-09-01 13:02:00,188 [oasis] INFO: Starting OASiS MCP server
2026-09-01 13:02:00,195 [mcp.server.lowlevel.server] INFO: Processing request of type CallToolRequest
2026-09-01 13:02:00,204 [mcp.server.lowlevel.server] INFO: Processing request of type ListToolsRequest
2026-09-01 13:02:00,209 [oasis] INFO: Session journal saved: /home/alexander/Schreibtisch/ofa-v2/data/sessions/session_67429a61-5d59-4186-a5f8-c33f0af2e118.json (1 events)
/home/alexander/Schreibtisch/ofa-v2/langgraph_eval/agent.py:381: RuntimeWarning: This package (`duckduckgo_search`) has been renamed to `ddgs`! Use `pip install ddgs` instead.
  with DDGS() as ddgs:
/home/alexander/Schreibtisch/ofa-v2/langgraph_eval/agent.py:381: RuntimeWarning: This package (`duckduckgo_search`) has been renamed to `ddgs`! Use `pip install ddgs` instead.
  with DDGS() as ddgs:
/home/alexander/Schreibtisch/ofa-v2/langgraph_eval/agent.py:381: RuntimeWarning: This package (`duckduckgo_search`) has been renamed to `ddgs`! Use `pip install ddgs` instead.
  with DDGS() as ddgs:
/home/alexander/Schreibtisch/ofa-v2/langgraph_eval/agent.py:381: RuntimeWarning: This package (`duckduckgo_search`) has been renamed to `ddgs`! Use `pip install ddgs` instead.
  with DDGS() as ddgs:
/home/alexander/Schreibtisch/ofa-v2/langgraph_eval/agent.py:381: RuntimeWarning: This package (`duckduckgo_search`) has been renamed to `ddgs`! Use `pip install ddgs` instead.
  with DDGS() as ddgs:
/home/alexander/Schreibtisch/ofa-v2/langgraph_eval/agent.py:381: RuntimeWarning: This package (`duckduckgo_search`) has been renamed to `ddgs`! Use `pip install ddgs` instead.
  with DDGS() as ddgs:
/home/alexander/Schreibtisch/ofa-v2/langgraph_eval/agent.py:381: RuntimeWarning: This package (`duckduckgo_search`) has been renamed to `ddgs`! Use `pip install ddgs` instead.
  with DDGS() as ddgs:
2026-09-01 13:02:11,606 [oasis.registry] INFO: Loaded discovered config: 5 backends
2026-09-01 13:02:11,609 [oasis.registry] INFO: Registered backend: 4C Multiphysics (fourc)
2026-09-01 13:02:11,609 [oasis.registry] INFO: Registered backend: FEniCSx (dolfinx) (fenics)
2026-09-01 13:02:11,610 [oasis.registry] INFO: Registered backend: deal.II (dealii)
2026-09-01 13:02:11,613 [oasis.registry] INFO: Registered backend: FEBio (febio)
2026-09-01 13:02:11,616 [oasis.registry] INFO: Registered backend: NGSolve (ngsolve)
2026-09-01 13:02:11,616 [oasis.ngsolve] INFO: NGSolve backend registered
2026-09-01 13:02:11,619 [oasis.registry] INFO: Registered backend: scikit-fem (skfem)
2026-09-01 13:02:11,619 [oasis.skfem] INFO: scikit-fem backend registered
2026-09-01 13:02:11,623 [oasis.registry] INFO: Registered backend: Kratos Multiphysics (kratos)
2026-09-01 13:02:11,623 [oasis.kratos] INFO: Kratos Multiphysics backend registered
2026-09-01 13:02:11,626 [oasis.registry] INFO: Registered backend: DUNE-fem (dune)
2026-09-01 13:02:11,626 [oasis.dune] INFO: DUNE-fem backend registered
2026-09-01 13:02:11,631 [oasis.registry] INFO: Registered backend: SPARTA (DSMC) (sparta)
2026-09-01 13:02:11,631 [oasis.sparta] INFO: SPARTA (DSMC) backend registered
2026-09-01 13:02:11,631 [oasis] INFO: Starting OASiS MCP server
2026-09-01 13:02:11,639 [mcp.server.lowlevel.server] INFO: Processing request of type CallToolRequest
2026-09-01 13:02:11,648 [mcp.server.lowlevel.server] INFO: Processing request of type ListToolsRequest
2026-09-01 13:02:11,656 [oasis] INFO: Session journal saved: /home/alexander/Schreibtisch/ofa-v2/data/sessions/session_fc696fbd-7978-43d1-bc6b-a8f0a1b435ca.json (1 events)
/home/alexander/Schreibtisch/ofa-v2/langgraph_eval/agent.py:381: RuntimeWarning: This package (`duckduckgo_search`) has been renamed to `ddgs`! Use `pip install ddgs` instead.
  with DDGS() as ddgs:
/home/alexander/Schreibtisch/ofa-v2/langgraph_eval/agent.py:381: RuntimeWarning: This package (`duckduckgo_search`) has been renamed to `ddgs`! Use `pip install ddgs` instead.
  with DDGS() as ddgs:
/home/alexander/Schreibtisch/ofa-v2/langgraph_eval/agent.py:381: RuntimeWarning: This package (`duckduckgo_search`) has been renamed to `ddgs`! Use `pip install ddgs` instead.
  with DDGS() as ddgs:
/home/alexander/Schreibtisch/ofa-v2/langgraph_eval/agent.py:381: RuntimeWarning: This package (`duckduckgo_search`) has been renamed to `ddgs`! Use `pip install ddgs` instead.
  with DDGS() as ddgs:
/home/alexander/Schreibtisch/ofa-v2/langgraph_eval/agent.py:381: RuntimeWarning: This package (`duckduckgo_search`) has been renamed to `ddgs`! Use `pip install ddgs` instead.
  with DDGS() as ddgs:
/home/alexander/Schreibtisch/ofa-v2/langgraph_eval/agent.py:381: RuntimeWarning: This package (`duckduckgo_search`) has been renamed to `ddgs`! Use `pip install ddgs` instead.
  with DDGS() as ddgs:
/home/alexander/Schreibtisch/ofa-v2/langgraph_eval/agent.py:381: RuntimeWarning: This package (`duckduckgo_search`) has been renamed to `ddgs`! Use `pip install ddgs` instead.
  with DDGS() as ddgs:
/home/alexander/Schreibtisch/ofa-v2/langgraph_eval/agent.py:381: RuntimeWarning: This package (`duckduckgo_search`) has been renamed to `ddgs`! Use `pip install ddgs` instead.
  with DDGS() as ddgs:
/home/alexander/Schreibtisch/ofa-v2/langgraph_eval/agent.py:381: RuntimeWarning: This package (`duckduckgo_search`) has been renamed to `ddgs`! Use `pip install ddgs` instead.
  with DDGS() as ddgs:
/home/alexander/Schreibtisch/ofa-v2/langgraph_eval/agent.py:381: RuntimeWarning: This package (`duckduckgo_search`) has been renamed to `ddgs`! Use `pip install ddgs` instead.
  with DDGS() as ddgs:
2026-09-01 13:02:36,077 [oasis.registry] INFO: Loaded discovered config: 5 backends
2026-09-01 13:02:36,079 [oasis.registry] INFO: Registered backend: 4C Multiphysics (fourc)
2026-09-01 13:02:36,081 [oasis.registry] INFO: Registered backend: FEniCSx (dolfinx) (fenics)
2026-09-01 13:02:36,082 [oasis.registry] INFO: Registered backend: deal.II (dealii)
2026-09-01 13:02:36,085 [oasis.registry] INFO: Registered backend: FEBio (febio)
2026-09-01 13:02:36,087 [oasis.registry] INFO: Registered backend: NGSolve (ngsolve)
2026-09-01 13:02:36,087 [oasis.ngsolve] INFO: NGSolve backend registered
2026-09-01 13:02:36,090 [oasis.registry] INFO: Registered backend: scikit-fem (skfem)
2026-09-01 13:02:36,090 [oasis.skfem] INFO: scikit-fem backend registered
2026-09-01 13:02:36,093 [oasis.registry] INFO: Registered backend: Kratos Multiphysics (kratos)
2026-09-01 13:02:36,094 [oasis.kratos] INFO: Kratos Multiphysics backend registered
2026-09-01 13:02:36,096 [oasis.registry] INFO: Registered backend: DUNE-fem (dune)
2026-09-01 13:02:36,096 [oasis.dune] INFO: DUNE-fem backend registered
2026-09-01 13:02:36,101 [oasis.registry] INFO: Registered backend: SPARTA (DSMC) (sparta)
2026-09-01 13:02:36,101 [oasis.sparta] INFO: SPARTA (DSMC) backend registered
2026-09-01 13:02:36,101 [oasis] INFO: Starting OASiS MCP server
2026-09-01 13:02:36,109 [mcp.server.lowlevel.server] INFO: Processing request of type CallToolRequest
2026-09-01 13:02:36,112 [mcp.server.lowlevel.server] INFO: Processing request of type ListToolsRequest
/home/alexander/Schreibtisch/ofa-v2/langgraph_eval/agent.py:381: RuntimeWarning: This package (`duckduckgo_search`) has been renamed to `ddgs`! Use `pip install ddgs` instead.
  with DDGS() as ddgs:
/home/alexander/Schreibtisch/ofa-v2/langgraph_eval/agent.py:381: RuntimeWarning: This package (`duckduckgo_search`) has been renamed to `ddgs`! Use `pip install ddgs` instead.
  with DDGS() as ddgs:
/home/alexander/Schreibtisch/ofa-v2/langgraph_eval/agent.py:381: RuntimeWarning: This package (`duckduckgo_search`) has been renamed to `ddgs`! Use `pip install ddgs` instead.
  with DDGS() as ddgs:
/home/alexander/Schreibtisch/ofa-v2/langgraph_eval/agent.py:381: RuntimeWarning: This package (`duckduckgo_search`) has been renamed to `ddgs`! Use `pip install ddgs` instead.
  with DDGS() as ddgs:
/home/alexander/Schreibtisch/ofa-v2/langgraph_eval/agent.py:381: RuntimeWarning: This package (`duckduckgo_search`) has been renamed to `ddgs`! Use `pip install ddgs` instead.
  with DDGS() as ddgs:
/home/alexander/Schreibtisch/ofa-v2/langgraph_eval/agent.py:381: RuntimeWarning: This package (`duckduckgo_search`) has been renamed to `ddgs`! Use `pip install ddgs` instead.
  with DDGS() as ddgs:
/home/alexander/Schreibtisch/ofa-v2/langgraph_eval/agent.py:381: RuntimeWarning: This package (`duckduckgo_search`) has been renamed to `ddgs`! Use `pip install ddgs` instead.
  with DDGS() as ddgs:
/home/alexander/Schreibtisch/ofa-v2/langgraph_eval/agent.py:381: RuntimeWarning: This package (`duckduckgo_search`) has been renamed to `ddgs`! Use `pip install ddgs` instead.
  with DDGS() as ddgs:
/home/alexander/Schreibtisch/ofa-v2/langgraph_eval/agent.py:381: RuntimeWarning: This package (`duckduckgo_search`) has been renamed to `ddgs`! Use `pip install ddgs` instead.
  with DDGS() as ddgs:
/home/alexander/Schreibtisch/ofa-v2/langgraph_eval/agent.py:381: RuntimeWarning: This package (`duckduckgo_search`) has been renamed to `ddgs`! Use `pip install ddgs` instead.
  with DDGS() as ddgs:
/home/alexander/Schreibtisch/ofa-v2/langgraph_eval/agent.py:381: RuntimeWarning: This package (`duckduckgo_search`) has been renamed to `ddgs`! Use `pip install ddgs` instead.
  with DDGS() as ddgs:
/home/alexander/Schreibtisch/ofa-v2/langgraph_eval/agent.py:381: RuntimeWarning: This package (`duckduckgo_search`) has been renamed to `ddgs`! Use `pip install ddgs` instead.
  with DDGS() as ddgs:
/home/alexander/Schreibtisch/ofa-v2/langgraph_eval/agent.py:381: RuntimeWarning: This package (`duckduckgo_search`) has been renamed to `ddgs`! Use `pip install ddgs` instead.
  with DDGS() as ddgs:
/home/alexander/Schreibtisch/ofa-v2/langgraph_eval/agent.py:381: RuntimeWarning: This package (`duckduckgo_search`) has been renamed to `ddgs`! Use `pip install ddgs` instead.
  with DDGS() as ddgs:
/home/alexander/Schreibtisch/ofa-v2/langgraph_eval/agent.py:381: RuntimeWarning: This package (`duckduckgo_search`) has been renamed to `ddgs`! Use `pip install ddgs` instead.
  with DDGS() as ddgs:
/home/alexander/Schreibtisch/ofa-v2/langgraph_eval/agent.py:381: RuntimeWarning: This package (`duckduckgo_search`) has been renamed to `ddgs`! Use `pip install ddgs` instead.
  with DDGS() as ddgs:
/home/alexander/Schreibtisch/ofa-v2/langgraph_eval/agent.py:381: RuntimeWarning: This package (`duckduckgo_search`) has been renamed to `ddgs`! Use `pip install ddgs` instead.
  with DDGS() as ddgs:
/home/alexander/Schreibtisch/ofa-v2/langgraph_eval/agent.py:381: RuntimeWarning: This package (`duckduckgo_search`) has been renamed to `ddgs`! Use `pip install ddgs` instead.
  with DDGS() as ddgs:
/home/alexander/Schreibtisch/ofa-v2/langgraph_eval/agent.py:381: RuntimeWarning: This package (`duckduckgo_search`) has been renamed to `ddgs`! Use `pip install ddgs` instead.
  with DDGS() as ddgs:
/home/alexander/Schreibtisch/ofa-v2/langgraph_eval/agent.py:381: RuntimeWarning: This package (`duckduckgo_search`) has been renamed to `ddgs`! Use `pip install ddgs` instead.
  with DDGS() as ddgs:
/home/alexander/Schreibtisch/ofa-v2/langgraph_eval/agent.py:381: RuntimeWarning: This package (`duckduckgo_search`) has been renamed to `ddgs`! Use `pip install ddgs` instead.
  with DDGS() as ddgs:
/home/alexander/Schreibtisch/ofa-v2/langgraph_eval/agent.py:381: RuntimeWarning: This package (`duckduckgo_search`) has been renamed to `ddgs`! Use `pip install ddgs` instead.
  with DDGS() as ddgs:
/home/alexander/Schreibtisch/ofa-v2/langgraph_eval/agent.py:381: RuntimeWarning: This package (`duckduckgo_search`) has been renamed to `ddgs`! Use `pip install ddgs` instead.
  with DDGS() as ddgs:
/home/alexander/Schreibtisch/ofa-v2/langgraph_eval/agent.py:381: RuntimeWarning: This package (`duckduckgo_search`) has been renamed to `ddgs`! Use `pip install ddgs` instead.
  with DDGS() as ddgs:
/home/alexander/Schreibtisch/ofa-v2/langgraph_eval/agent.py:381: RuntimeWarning: This package (`duckduckgo_search`) has been renamed to `ddgs`! Use `pip install ddgs` instead.
  with DDGS() as ddgs:
/home/alexander/Schreibtisch/ofa-v2/langgraph_eval/agent.py:381: RuntimeWarning: This package (`duckduckgo_search`) has been renamed to `ddgs`! Use `pip install ddgs` instead.
  with DDGS() as ddgs:
/home/alexander/Schreibtisch/ofa-v2/langgraph_eval/agent.py:381: RuntimeWarning: This package (`duckduckgo_search`) has been renamed to `ddgs`! Use `pip install ddgs` instead.
  with DDGS() as ddgs:
/home/alexander/Schreibtisch/ofa-v2/langgraph_eval/agent.py:381: RuntimeWarning: This package (`duckduckgo_search`) has been renamed to `ddgs`! Use `pip install ddgs` instead.
  with DDGS() as ddgs:
/home/alexander/Schreibtisch/ofa-v2/langgraph_eval/agent.py:381: RuntimeWarning: This package (`duckduckgo_search`) has been renamed to `ddgs`! Use `pip install ddgs` instead.
  with DDGS() as ddgs:
/home/alexander/Schreibtisch/ofa-v2/langgraph_eval/agent.py:381: RuntimeWarning: This package (`duckduckgo_search`) has been renamed to `ddgs`! Use `pip install ddgs` instead.
  with DDGS() as ddgs:
/home/alexander/Schreibtisch/ofa-v2/langgraph_eval/agent.py:381: RuntimeWarning: This package (`duckduckgo_search`) has been renamed to `ddgs`! Use `pip install ddgs` instead.
  with DDGS() as ddgs:
/home/alexander/Schreibtisch/ofa-v2/langgraph_eval/agent.py:381: RuntimeWarning: This package (`duckduckgo_search`) has been renamed to `ddgs`! Use `pip install ddgs` instead.
  with DDGS() as ddgs:
/home/alexander/Schreibtisch/ofa-v2/langgraph_eval/agent.py:381: RuntimeWarning: This package (`duckduckgo_search`) has been renamed to `ddgs`! Use `pip install ddgs` instead.
  with DDGS() as ddgs:
/home/alexander/Schreibtisch/ofa-v2/langgraph_eval/agent.py:381: RuntimeWarning: This package (`duckduckgo_search`) has been renamed to `ddgs`! Use `pip install ddgs` instead.
  with DDGS() as ddgs:
/home/alexander/Schreibtisch/ofa-v2/langgraph_eval/agent.py:381: RuntimeWarning: This package (`duckduckgo_search`) has been renamed to `ddgs`! Use `pip install ddgs` instead.
  with DDGS() as ddgs:
/home/alexander/Schreibtisch/ofa-v2/langgraph_eval/agent.py:381: RuntimeWarning: This package (`duckduckgo_search`) has been renamed to `ddgs`! Use `pip install ddgs` instead.
  with DDGS() as ddgs:
/home/alexander/Schreibtisch/ofa-v2/langgraph_eval/agent.py:381: RuntimeWarning: This package (`duckduckgo_search`) has been renamed to `ddgs`! Use `pip install ddgs` instead.
  with DDGS() as ddgs:
/home/alexander/Schreibtisch/ofa-v2/langgraph_eval/agent.py:381: RuntimeWarning: This package (`duckduckgo_search`) has been renamed to `ddgs`! Use `pip install ddgs` instead.
  with DDGS() as ddgs:
/home/alexander/Schreibtisch/ofa-v2/langgraph_eval/agent.py:381: RuntimeWarning: This package (`duckduckgo_search`) has been renamed to `ddgs`! Use `pip install ddgs` instead.
  with DDGS() as ddgs:
/home/alexander/Schreibtisch/ofa-v2/langgraph_eval/agent.py:381: RuntimeWarning: This package (`duckduckgo_search`) has been renamed to `ddgs`! Use `pip install ddgs` instead.
  with DDGS() as ddgs:
2026-09-01 13:04:32,093 [oasis.registry] INFO: Loaded discovered config: 5 backends
2026-09-01 13:04:32,095 [oasis.registry] INFO: Registered backend: 4C Multiphysics (fourc)
2026-09-01 13:04:32,095 [oasis.registry] INFO: Registered backend: FEniCSx (dolfinx) (fenics)
2026-09-01 13:04:32,096 [oasis.registry] INFO: Registered backend: deal.II (dealii)
2026-09-01 13:04:32,099 [oasis.registry] INFO: Registered backend: FEBio (febio)
2026-09-01 13:04:32,101 [oasis.registry] INFO: Registered backend: NGSolve (ngsolve)
2026-09-01 13:04:32,101 [oasis.ngsolve] INFO: NGSolve backend registered
2026-09-01 13:04:32,104 [oasis.registry] INFO: Registered backend: scikit-fem (skfem)
2026-09-01 13:04:32,104 [oasis.skfem] INFO: scikit-fem backend registered
2026-09-01 13:04:32,108 [oasis.registry] INFO: Registered backend: Kratos Multiphysics (kratos)
2026-09-01 13:04:32,108 [oasis.kratos] INFO: Kratos Multiphysics backend registered
2026-09-01 13:04:32,110 [oasis.registry] INFO: Registered backend: DUNE-fem (dune)
2026-09-01 13:04:32,110 [oasis.dune] INFO: DUNE-fem backend registered
2026-09-01 13:04:32,115 [oasis.registry] INFO: Registered backend: SPARTA (DSMC) (sparta)
2026-09-01 13:04:32,115 [oasis.sparta] INFO: SPARTA (DSMC) backend registered
2026-09-01 13:04:32,115 [oasis] INFO: Starting OASiS MCP server
2026-09-01 13:04:32,123 [mcp.server.lowlevel.server] INFO: Processing request of type CallToolRequest
2026-09-01 13:04:32,168 [mcp.server.lowlevel.server] INFO: Processing request of type ListToolsRequest
[preflight] custody controls verified for 1 problem(s); keys sealed and unreadable by execution
[phase: development] results are for post-mortems and convergence checking, NOT for the paper's evaluation table.
[SK2 27b MCP s96] done  calls=31 tok=2360837/33366 1369.1s
/home/alexander/Schreibtisch/ofa-v2/campaign3_blind/run_blind.py:941: ResourceWarning: unclosed file <_io.TextIOWrapper name='/home/alexander/Schreibtisch/ofa-v2/campaign3_blind/runs/SK2_27b_MCP_seed96/work/trajectory_live.txt' mode='a' encoding='utf-8'>
  run_one(pid, a.model, cond, a.seed, a.timeout)
ResourceWarning: Enable tracemalloc to get the object allocation traceback
/home/alexander/.local/share/python/cpython-3.12.13-linux-x86_64-gnu/lib/python3.12/asyncio/selector_events.py:879: ResourceWarning: unclosed transport <_SelectorSocketTransport fd=8>
<<< SK2 seed 96 done 2026-09-01 13:04:58
2026-09-01 13:05:25,177 [oasis.registry] INFO: Loaded discovered config: 5 backends
2026-09-01 13:05:25,179 [oasis.registry] INFO: Registered backend: 4C Multiphysics (fourc)
2026-09-01 13:05:25,180 [oasis.registry] INFO: Registered backend: FEniCSx (dolfinx) (fenics)
2026-09-01 13:05:25,180 [oasis.registry] INFO: Registered backend: deal.II (dealii)
2026-09-01 13:05:25,184 [oasis.registry] INFO: Registered backend: FEBio (febio)
2026-09-01 13:05:25,186 [oasis.registry] INFO: Registered backend: NGSolve (ngsolve)
2026-09-01 13:05:25,186 [oasis.ngsolve] INFO: NGSolve backend registered
2026-09-01 13:05:25,189 [oasis.registry] INFO: Registered backend: scikit-fem (skfem)
2026-09-01 13:05:25,189 [oasis.skfem] INFO: scikit-fem backend registered
2026-09-01 13:05:25,192 [oasis.registry] INFO: Registered backend: Kratos Multiphysics (kratos)
2026-09-01 13:05:25,192 [oasis.kratos] INFO: Kratos Multiphysics backend registered
2026-09-01 13:05:25,195 [oasis.registry] INFO: Registered backend: DUNE-fem (dune)
2026-09-01 13:05:25,195 [oasis.dune] INFO: DUNE-fem backend registered
2026-09-01 13:05:25,200 [oasis.registry] INFO: Registered backend: SPARTA (DSMC) (sparta)
2026-09-01 13:05:25,200 [oasis.sparta] INFO: SPARTA (DSMC) backend registered
2026-09-01 13:05:25,200 [oasis] INFO: Starting OASiS MCP server
2026-09-01 13:05:25,208 [mcp.server.lowlevel.server] INFO: Processing request of type CallToolRequest
2026-09-01 13:05:25,215 [mcp.server.lowlevel.server] INFO: Processing request of type ListToolsRequest
[preflight] custody controls verified for 1 problem(s); keys sealed and unreadable by execution
[phase: development] results are for post-mortems and convergence checking, NOT for the paper's evaluation table.
[FE2 27b MCP s96] done  calls=90 tok=5001837/73304 2700.0s  ERR TimeoutError: exceeded 2700s
sys:1: ResourceWarning: unclosed file <_io.TextIOWrapper name='/home/alexander/Schreibtisch/ofa-v2/campaign3_blind/runs/FE2_27b_MCP_seed96/work/trajectory_live.txt' mode='a' encoding='utf-8'>
ResourceWarning: Enable tracemalloc to get the object allocation traceback
<<< FE2 seed 96 done 2026-09-01 13:06:53
2026-09-01 13:13:42,831 [oasis.registry] INFO: Loaded discovered config: 5 backends
2026-09-01 13:13:42,833 [oasis.registry] INFO: Registered backend: 4C Multiphysics (fourc)
2026-09-01 13:13:42,834 [oasis.registry] INFO: Registered backend: FEniCSx (dolfinx) (fenics)
2026-09-01 13:13:42,834 [oasis.registry] INFO: Registered backend: deal.II (dealii)
2026-09-01 13:13:42,837 [oasis.registry] INFO: Registered backend: FEBio (febio)
2026-09-01 13:13:42,840 [oasis.registry] INFO: Registered backend: NGSolve (ngsolve)
2026-09-01 13:13:42,840 [oasis.ngsolve] INFO: NGSolve backend registered
2026-09-01 13:13:42,842 [oasis.registry] INFO: Registered backend: scikit-fem (skfem)
2026-09-01 13:13:42,842 [oasis.skfem] INFO: scikit-fem backend registered
2026-09-01 13:13:42,846 [oasis.registry] INFO: Registered backend: Kratos Multiphysics (kratos)
2026-09-01 13:13:42,846 [oasis.kratos] INFO: Kratos Multiphysics backend registered
2026-09-01 13:13:42,848 [oasis.registry] INFO: Registered backend: DUNE-fem (dune)
2026-09-01 13:13:42,848 [oasis.dune] INFO: DUNE-fem backend registered
2026-09-01 13:13:42,853 [oasis.registry] INFO: Registered backend: SPARTA (DSMC) (sparta)
2026-09-01 13:13:42,853 [oasis.sparta] INFO: SPARTA (DSMC) backend registered
2026-09-01 13:13:42,853 [oasis] INFO: Starting OASiS MCP server
2026-09-01 13:13:42,861 [mcp.server.lowlevel.server] INFO: Processing request of type CallToolRequest
2026-09-01 13:13:46,080 [mcp.server.lowlevel.server] INFO: Processing request of type ListToolsRequest
2026-09-01 13:13:46,087 [oasis] INFO: Session journal saved: /home/alexander/Schreibtisch/ofa-v2/data/sessions/session_a00a65e2-296b-4098-b9b6-81155b91e5c6.json (1 events)
[preflight] custody controls verified for 1 problem(s); keys sealed and unreadable by execution
[phase: development] results are for post-mortems and convergence checking, NOT for the paper's evaluation table.
[KR2 27b BARE s96] done  calls=136 tok=5878854/52912 1810.7s
2026-09-01 13:14:52,009 [oasis.registry] INFO: Loaded discovered config: 5 backends
2026-09-01 13:14:52,011 [oasis.registry] INFO: Registered backend: 4C Multiphysics (fourc)
2026-09-01 13:14:52,011 [oasis.registry] INFO: Registered backend: FEniCSx (dolfinx) (fenics)
2026-09-01 13:14:52,012 [oasis.registry] INFO: Registered backend: deal.II (dealii)
2026-09-01 13:14:52,015 [oasis.registry] INFO: Registered backend: FEBio (febio)
2026-09-01 13:14:52,017 [oasis.registry] INFO: Registered backend: NGSolve (ngsolve)
2026-09-01 13:14:52,017 [oasis.ngsolve] INFO: NGSolve backend registered
2026-09-01 13:14:52,020 [oasis.registry] INFO: Registered backend: scikit-fem (skfem)
2026-09-01 13:14:52,020 [oasis.skfem] INFO: scikit-fem backend registered
2026-09-01 13:14:52,024 [oasis.registry] INFO: Registered backend: Kratos Multiphysics (kratos)
2026-09-01 13:14:52,024 [oasis.kratos] INFO: Kratos Multiphysics backend registered
2026-09-01 13:14:52,026 [oasis.registry] INFO: Registered backend: DUNE-fem (dune)
2026-09-01 13:14:52,026 [oasis.dune] INFO: DUNE-fem backend registered
2026-09-01 13:14:52,031 [oasis.registry] INFO: Registered backend: SPARTA (DSMC) (sparta)
2026-09-01 13:14:52,031 [oasis.sparta] INFO: SPARTA (DSMC) backend registered
2026-09-01 13:14:52,031 [oasis] INFO: Starting OASiS MCP server
2026-09-01 13:14:52,039 [mcp.server.lowlevel.server] INFO: Processing request of type ListToolsRequest
2026-09-01 13:15:04,323 [oasis.registry] INFO: Loaded discovered config: 5 backends
2026-09-01 13:15:04,325 [oasis.registry] INFO: Registered backend: 4C Multiphysics (fourc)
2026-09-01 13:15:04,325 [oasis.registry] INFO: Registered backend: FEniCSx (dolfinx) (fenics)
2026-09-01 13:15:04,326 [oasis.registry] INFO: Registered backend: deal.II (dealii)
2026-09-01 13:15:04,329 [oasis.registry] INFO: Registered backend: FEBio (febio)
2026-09-01 13:15:04,331 [oasis.registry] INFO: Registered backend: NGSolve (ngsolve)
2026-09-01 13:15:04,331 [oasis.ngsolve] INFO: NGSolve backend registered
2026-09-01 13:15:04,334 [oasis.registry] INFO: Registered backend: scikit-fem (skfem)
2026-09-01 13:15:04,334 [oasis.skfem] INFO: scikit-fem backend registered
2026-09-01 13:15:04,338 [oasis.registry] INFO: Registered backend: Kratos Multiphysics (kratos)
2026-09-01 13:15:04,338 [oasis.kratos] INFO: Kratos Multiphysics backend registered
2026-09-01 13:15:04,341 [oasis.registry] INFO: Registered backend: DUNE-fem (dune)
2026-09-01 13:15:04,341 [oasis.dune] INFO: DUNE-fem backend registered
2026-09-01 13:15:04,346 [oasis.registry] INFO: Registered backend: SPARTA (DSMC) (sparta)
2026-09-01 13:15:04,346 [oasis.sparta] INFO: SPARTA (DSMC) backend registered
2026-09-01 13:15:04,346 [oasis] INFO: Starting OASiS MCP server
2026-09-01 13:15:04,353 [mcp.server.lowlevel.server] INFO: Processing request of type CallToolRequest
2026-09-01 13:15:07,762 [mcp.server.lowlevel.server] INFO: Processing request of type ListToolsRequest
2026-09-01 13:15:07,772 [oasis] INFO: Session journal saved: /home/alexander/Schreibtisch/ofa-v2/data/sessions/session_e8134c41-53d4-4942-aafd-fc72d1857c3a.json (1 events)
2026-09-01 13:15:15,820 [oasis.registry] INFO: Loaded discovered config: 5 backends
2026-09-01 13:15:15,822 [oasis.registry] INFO: Registered backend: 4C Multiphysics (fourc)
2026-09-01 13:15:15,823 [oasis.registry] INFO: Registered backend: FEniCSx (dolfinx) (fenics)
2026-09-01 13:15:15,823 [oasis.registry] INFO: Registered backend: deal.II (dealii)
2026-09-01 13:15:15,826 [oasis.registry] INFO: Registered backend: FEBio (febio)
2026-09-01 13:15:15,829 [oasis.registry] INFO: Registered backend: NGSolve (ngsolve)
2026-09-01 13:15:15,829 [oasis.ngsolve] INFO: NGSolve backend registered
2026-09-01 13:15:15,831 [oasis.registry] INFO: Registered backend: scikit-fem (skfem)
2026-09-01 13:15:15,831 [oasis.skfem] INFO: scikit-fem backend registered
2026-09-01 13:15:15,835 [oasis.registry] INFO: Registered backend: Kratos Multiphysics (kratos)
2026-09-01 13:15:15,835 [oasis.kratos] INFO: Kratos Multiphysics backend registered
2026-09-01 13:15:15,837 [oasis.registry] INFO: Registered backend: DUNE-fem (dune)
2026-09-01 13:15:15,837 [oasis.dune] INFO: DUNE-fem backend registered
2026-09-01 13:15:15,842 [oasis.registry] INFO: Registered backend: SPARTA (DSMC) (sparta)
2026-09-01 13:15:15,842 [oasis.sparta] INFO: SPARTA (DSMC) backend registered
2026-09-01 13:15:15,842 [oasis] INFO: Starting OASiS MCP server
2026-09-01 13:15:15,849 [mcp.server.lowlevel.server] INFO: Processing request of type CallToolRequest
2026-09-01 13:15:15,853 [mcp.server.lowlevel.server] INFO: Processing request of type ListToolsRequest
2026-09-01 13:15:20,504 [oasis.registry] INFO: Loaded discovered config: 5 backends
2026-09-01 13:15:20,506 [oasis.registry] INFO: Registered backend: 4C Multiphysics (fourc)
2026-09-01 13:15:20,507 [oasis.registry] INFO: Registered backend: FEniCSx (dolfinx) (fenics)
2026-09-01 13:15:20,507 [oasis.registry] INFO: Registered backend: deal.II (dealii)
2026-09-01 13:15:20,510 [oasis.registry] INFO: Registered backend: FEBio (febio)
2026-09-01 13:15:20,513 [oasis.registry] INFO: Registered backend: NGSolve (ngsolve)
2026-09-01 13:15:20,513 [oasis.ngsolve] INFO: NGSolve backend registered
2026-09-01 13:15:20,515 [oasis.registry] INFO: Registered backend: scikit-fem (skfem)
2026-09-01 13:15:20,515 [oasis.skfem] INFO: scikit-fem backend registered
2026-09-01 13:15:20,519 [oasis.registry] INFO: Registered backend: Kratos Multiphysics (kratos)
2026-09-01 13:15:20,519 [oasis.kratos] INFO: Kratos Multiphysics backend registered
2026-09-01 13:15:20,521 [oasis.registry] INFO: Registered backend: DUNE-fem (dune)
2026-09-01 13:15:20,521 [oasis.dune] INFO: DUNE-fem backend registered
2026-09-01 13:15:20,527 [oasis.registry] INFO: Registered backend: SPARTA (DSMC) (sparta)
2026-09-01 13:15:20,527 [oasis.sparta] INFO: SPARTA (DSMC) backend registered
2026-09-01 13:15:20,527 [oasis] INFO: Starting OASiS MCP server
2026-09-01 13:15:20,533 [mcp.server.lowlevel.server] INFO: Processing request of type CallToolRequest
2026-09-01 13:15:20,536 [mcp.server.lowlevel.server] INFO: Processing request of type ListToolsRequest
2026-09-01 13:15:25,480 [oasis.registry] INFO: Loaded discovered config: 5 backends
2026-09-01 13:15:25,482 [oasis.registry] INFO: Registered backend: 4C Multiphysics (fourc)
2026-09-01 13:15:25,483 [oasis.registry] INFO: Registered backend: FEniCSx (dolfinx) (fenics)
2026-09-01 13:15:25,483 [oasis.registry] INFO: Registered backend: deal.II (dealii)
2026-09-01 13:15:25,486 [oasis.registry] INFO: Registered backend: FEBio (febio)
2026-09-01 13:15:25,489 [oasis.registry] INFO: Registered backend: NGSolve (ngsolve)
2026-09-01 13:15:25,489 [oasis.ngsolve] INFO: NGSolve backend registered
2026-09-01 13:15:25,491 [oasis.registry] INFO: Registered backend: scikit-fem (skfem)
2026-09-01 13:15:25,491 [oasis.skfem] INFO: scikit-fem backend registered
2026-09-01 13:15:25,495 [oasis.registry] INFO: Registered backend: Kratos Multiphysics (kratos)
2026-09-01 13:15:25,495 [oasis.kratos] INFO: Kratos Multiphysics backend registered
2026-09-01 13:15:25,498 [oasis.registry] INFO: Registered backend: DUNE-fem (dune)
2026-09-01 13:15:25,498 [oasis.dune] INFO: DUNE-fem backend registered
2026-09-01 13:15:25,503 [oasis.registry] INFO: Registered backend: SPARTA (DSMC) (sparta)
2026-09-01 13:15:25,503 [oasis.sparta] INFO: SPARTA (DSMC) backend registered
2026-09-01 13:15:25,503 [oasis] INFO: Starting OASiS MCP server
2026-09-01 13:15:25,511 [mcp.server.lowlevel.server] INFO: Processing request of type CallToolRequest
2026-09-01 13:15:25,516 [mcp.server.lowlevel.server] INFO: Processing request of type ListToolsRequest
/home/alexander/Schreibtisch/ofa-v2/langgraph_eval/agent.py:381: RuntimeWarning: This package (`duckduckgo_search`) has been renamed to `ddgs`! Use `pip install ddgs` instead.
  with DDGS() as ddgs:
/home/alexander/Schreibtisch/ofa-v2/langgraph_eval/agent.py:381: RuntimeWarning: This package (`duckduckgo_search`) has been renamed to `ddgs`! Use `pip install ddgs` instead.
  with DDGS() as ddgs:
2026-09-01 13:15:54,205 [oasis.registry] INFO: Loaded discovered config: 5 backends
2026-09-01 13:15:54,207 [oasis.registry] INFO: Registered backend: 4C Multiphysics (fourc)
2026-09-01 13:15:54,208 [oasis.registry] INFO: Registered backend: FEniCSx (dolfinx) (fenics)
2026-09-01 13:15:54,208 [oasis.registry] INFO: Registered backend: deal.II (dealii)
2026-09-01 13:15:54,211 [oasis.registry] INFO: Registered backend: FEBio (febio)
2026-09-01 13:15:54,214 [oasis.registry] INFO: Registered backend: NGSolve (ngsolve)
2026-09-01 13:15:54,214 [oasis.ngsolve] INFO: NGSolve backend registered
2026-09-01 13:15:54,216 [oasis.registry] INFO: Registered backend: scikit-fem (skfem)
2026-09-01 13:15:54,216 [oasis.skfem] INFO: scikit-fem backend registered
2026-09-01 13:15:54,220 [oasis.registry] INFO: Registered backend: Kratos Multiphysics (kratos)
2026-09-01 13:15:54,220 [oasis.kratos] INFO: Kratos Multiphysics backend registered
2026-09-01 13:15:54,223 [oasis.registry] INFO: Registered backend: DUNE-fem (dune)
2026-09-01 13:15:54,223 [oasis.dune] INFO: DUNE-fem backend registered
2026-09-01 13:15:54,228 [oasis.registry] INFO: Registered backend: SPARTA (DSMC) (sparta)
2026-09-01 13:15:54,228 [oasis.sparta] INFO: SPARTA (DSMC) backend registered
2026-09-01 13:15:54,228 [oasis] INFO: Starting OASiS MCP server
2026-09-01 13:15:54,238 [mcp.server.lowlevel.server] INFO: Processing request of type CallToolRequest
2026-09-01 13:15:54,715 [mcp.server.lowlevel.server] INFO: Processing request of type ListToolsRequest
2026-09-01 13:15:54,721 [oasis] INFO: Session journal saved: /home/alexander/Schreibtisch/ofa-v2/data/sessions/session_7e1a9a1d-8dda-4bfc-a32b-7bf872efc138.json (1 events)
/home/alexander/Schreibtisch/ofa-v2/langgraph_eval/agent.py:381: RuntimeWarning: This package (`duckduckgo_search`) has been renamed to `ddgs`! Use `pip install ddgs` instead.
  with DDGS() as ddgs:
[preflight] custody controls verified for 1 problem(s); keys sealed and unreadable by execution
[phase: development] results are for post-mortems and convergence checking, NOT for the paper's evaluation table.
[FB1 27b BARE s96] done  calls=57 tok=2165464/42512 605.7s
/home/alexander/Schreibtisch/ofa-v2/langgraph_eval/agent.py:456: LangGraphDeprecatedSinceV10: create_react_agent has been moved to `langchain.agents`. Please update your import to `from langchain.agents import create_agent`. Deprecated in LangGraph V1.0 to be removed in V2.0.
  sub_agent = create_react_agent(
/home/alexander/Schreibtisch/ofa-v2/langgraph_eval/agent.py:381: RuntimeWarning: This package (`duckduckgo_search`) has been renamed to `ddgs`! Use `pip install ddgs` instead.
  with DDGS() as ddgs:
/home/alexander/Schreibtisch/ofa-v2/langgraph_eval/agent.py:381: RuntimeWarning: This package (`duckduckgo_search`) has been renamed to `ddgs`! Use `pip install ddgs` instead.
  with DDGS() as ddgs:
2026-09-01 13:17:35,027 [oasis.registry] INFO: Loaded discovered config: 5 backends
2026-09-01 13:17:35,029 [oasis.registry] INFO: Registered backend: 4C Multiphysics (fourc)
2026-09-01 13:17:35,030 [oasis.registry] INFO: Registered backend: FEniCSx (dolfinx) (fenics)
2026-09-01 13:17:35,030 [oasis.registry] INFO: Registered backend: deal.II (dealii)
2026-09-01 13:17:35,033 [oasis.registry] INFO: Registered backend: FEBio (febio)
2026-09-01 13:17:35,036 [oasis.registry] INFO: Registered backend: NGSolve (ngsolve)
2026-09-01 13:17:35,036 [oasis.ngsolve] INFO: NGSolve backend registered
2026-09-01 13:17:35,038 [oasis.registry] INFO: Registered backend: scikit-fem (skfem)
2026-09-01 13:17:35,038 [oasis.skfem] INFO: scikit-fem backend registered
2026-09-01 13:17:35,042 [oasis.registry] INFO: Registered backend: Kratos Multiphysics (kratos)
2026-09-01 13:17:35,042 [oasis.kratos] INFO: Kratos Multiphysics backend registered
2026-09-01 13:17:35,044 [oasis.registry] INFO: Registered backend: DUNE-fem (dune)
2026-09-01 13:17:35,044 [oasis.dune] INFO: DUNE-fem backend registered
2026-09-01 13:17:35,050 [oasis.registry] INFO: Registered backend: SPARTA (DSMC) (sparta)
2026-09-01 13:17:35,050 [oasis.sparta] INFO: SPARTA (DSMC) backend registered
2026-09-01 13:17:35,050 [oasis] INFO: Starting OASiS MCP server
2026-09-01 13:17:35,058 [mcp.server.lowlevel.server] INFO: Processing request of type CallToolRequest
2026-09-01 13:17:35,063 [mcp.server.lowlevel.server] INFO: Processing request of type ListToolsRequest
2026-09-01 13:17:35,068 [oasis] INFO: Session journal saved: /home/alexander/Schreibtisch/ofa-v2/data/sessions/session_c228038e-262b-4718-891c-b99c89b49416.json (1 events)
/home/alexander/Schreibtisch/ofa-v2/langgraph_eval/agent.py:381: RuntimeWarning: This package (`duckduckgo_search`) has been renamed to `ddgs`! Use `pip install ddgs` instead.
  with DDGS() as ddgs:
2026-09-01 13:17:44,107 [oasis.registry] INFO: Loaded discovered config: 5 backends
2026-09-01 13:17:44,110 [oasis.registry] INFO: Registered backend: 4C Multiphysics (fourc)
2026-09-01 13:17:44,110 [oasis.registry] INFO: Registered backend: FEniCSx (dolfinx) (fenics)
2026-09-01 13:17:44,111 [oasis.registry] INFO: Registered backend: deal.II (dealii)
2026-09-01 13:17:44,115 [oasis.registry] INFO: Registered backend: FEBio (febio)
2026-09-01 13:17:44,117 [oasis.registry] INFO: Registered backend: NGSolve (ngsolve)
2026-09-01 13:17:44,117 [oasis.ngsolve] INFO: NGSolve backend registered
2026-09-01 13:17:44,120 [oasis.registry] INFO: Registered backend: scikit-fem (skfem)
2026-09-01 13:17:44,120 [oasis.skfem] INFO: scikit-fem backend registered
2026-09-01 13:17:44,123 [oasis.registry] INFO: Registered backend: Kratos Multiphysics (kratos)
2026-09-01 13:17:44,123 [oasis.kratos] INFO: Kratos Multiphysics backend registered
2026-09-01 13:17:44,126 [oasis.registry] INFO: Registered backend: DUNE-fem (dune)
2026-09-01 13:17:44,126 [oasis.dune] INFO: DUNE-fem backend registered
2026-09-01 13:17:44,131 [oasis.registry] INFO: Registered backend: SPARTA (DSMC) (sparta)
2026-09-01 13:17:44,131 [oasis.sparta] INFO: SPARTA (DSMC) backend registered
2026-09-01 13:17:44,131 [oasis] INFO: Starting OASiS MCP server
2026-09-01 13:17:44,140 [mcp.server.lowlevel.server] INFO: Processing request of type ListToolsRequest
/home/alexander/Schreibtisch/ofa-v2/langgraph_eval/agent.py:381: RuntimeWarning: This package (`duckduckgo_search`) has been renamed to `ddgs`! Use `pip install ddgs` instead.
  with DDGS() as ddgs:
/home/alexander/Schreibtisch/ofa-v2/langgraph_eval/agent.py:381: RuntimeWarning: This package (`duckduckgo_search`) has been renamed to `ddgs`! Use `pip install ddgs` instead.
  with DDGS() as ddgs:
2026-09-01 13:17:50,191 [oasis.registry] INFO: Loaded discovered config: 5 backends
2026-09-01 13:17:50,193 [oasis.registry] INFO: Registered backend: 4C Multiphysics (fourc)
2026-09-01 13:17:50,193 [oasis.registry] INFO: Registered backend: FEniCSx (dolfinx) (fenics)
2026-09-01 13:17:50,194 [oasis.registry] INFO: Registered backend: deal.II (dealii)
2026-09-01 13:17:50,197 [oasis.registry] INFO: Registered backend: FEBio (febio)
2026-09-01 13:17:50,199 [oasis.registry] INFO: Registered backend: NGSolve (ngsolve)
2026-09-01 13:17:50,199 [oasis.ngsolve] INFO: NGSolve backend registered
2026-09-01 13:17:50,202 [oasis.registry] INFO: Registered backend: scikit-fem (skfem)
2026-09-01 13:17:50,202 [oasis.skfem] INFO: scikit-fem backend registered
2026-09-01 13:17:50,206 [oasis.registry] INFO: Registered backend: Kratos Multiphysics (kratos)
2026-09-01 13:17:50,206 [oasis.kratos] INFO: Kratos Multiphysics backend registered
2026-09-01 13:17:50,208 [oasis.registry] INFO: Registered backend: DUNE-fem (dune)
2026-09-01 13:17:50,208 [oasis.dune] INFO: DUNE-fem backend registered
2026-09-01 13:17:50,213 [oasis.registry] INFO: Registered backend: SPARTA (DSMC) (sparta)
2026-09-01 13:17:50,213 [oasis.sparta] INFO: SPARTA (DSMC) backend registered
2026-09-01 13:17:50,213 [oasis] INFO: Starting OASiS MCP server
2026-09-01 13:17:50,220 [mcp.server.lowlevel.server] INFO: Processing request of type CallToolRequest
2026-09-01 13:17:50,224 [mcp.server.lowlevel.server] INFO: Processing request of type ListToolsRequest
2026-09-01 13:17:54,042 [oasis.registry] INFO: Loaded discovered config: 5 backends
2026-09-01 13:17:54,044 [oasis.registry] INFO: Registered backend: 4C Multiphysics (fourc)
2026-09-01 13:17:54,044 [oasis.registry] INFO: Registered backend: FEniCSx (dolfinx) (fenics)
2026-09-01 13:17:54,045 [oasis.registry] INFO: Registered backend: deal.II (dealii)
2026-09-01 13:17:54,048 [oasis.registry] INFO: Registered backend: FEBio (febio)
2026-09-01 13:17:54,051 [oasis.registry] INFO: Registered backend: NGSolve (ngsolve)
2026-09-01 13:17:54,051 [oasis.ngsolve] INFO: NGSolve backend registered
2026-09-01 13:17:54,053 [oasis.registry] INFO: Registered backend: scikit-fem (skfem)
2026-09-01 13:17:54,053 [oasis.skfem] INFO: scikit-fem backend registered
2026-09-01 13:17:54,057 [oasis.registry] INFO: Registered backend: Kratos Multiphysics (kratos)
2026-09-01 13:17:54,057 [oasis.kratos] INFO: Kratos Multiphysics backend registered
2026-09-01 13:17:54,059 [oasis.registry] INFO: Registered backend: DUNE-fem (dune)
2026-09-01 13:17:54,059 [oasis.dune] INFO: DUNE-fem backend registered
2026-09-01 13:17:54,064 [oasis.registry] INFO: Registered backend: SPARTA (DSMC) (sparta)
2026-09-01 13:17:54,064 [oasis.sparta] INFO: SPARTA (DSMC) backend registered
2026-09-01 13:17:54,064 [oasis] INFO: Starting OASiS MCP server
2026-09-01 13:17:54,072 [mcp.server.lowlevel.server] INFO: Processing request of type CallToolRequest
2026-09-01 13:17:54,076 [mcp.server.lowlevel.server] INFO: Processing request of type ListToolsRequest
2026-09-01 13:17:54,990 [oasis.registry] INFO: Loaded discovered config: 5 backends
2026-09-01 13:17:54,992 [oasis.registry] INFO: Registered backend: 4C Multiphysics (fourc)
2026-09-01 13:17:54,992 [oasis.registry] INFO: Registered backend: FEniCSx (dolfinx) (fenics)
2026-09-01 13:17:54,993 [oasis.registry] INFO: Registered backend: deal.II (dealii)
2026-09-01 13:17:54,996 [oasis.registry] INFO: Registered backend: FEBio (febio)
2026-09-01 13:17:54,998 [oasis.registry] INFO: Registered backend: NGSolve (ngsolve)
2026-09-01 13:17:54,998 [oasis.ngsolve] INFO: NGSolve backend registered
2026-09-01 13:17:55,001 [oasis.registry] INFO: Registered backend: scikit-fem (skfem)
2026-09-01 13:17:55,001 [oasis.skfem] INFO: scikit-fem backend registered
2026-09-01 13:17:55,004 [oasis.registry] INFO: Registered backend: Kratos Multiphysics (kratos)
2026-09-01 13:17:55,004 [oasis.kratos] INFO: Kratos Multiphysics backend registered
2026-09-01 13:17:55,007 [oasis.registry] INFO: Registered backend: DUNE-fem (dune)
2026-09-01 13:17:55,007 [oasis.dune] INFO: DUNE-fem backend registered
2026-09-01 13:17:55,011 [oasis.registry] INFO: Registered backend: SPARTA (DSMC) (sparta)
2026-09-01 13:17:55,012 [oasis.sparta] INFO: SPARTA (DSMC) backend registered
2026-09-01 13:17:55,012 [oasis] INFO: Starting OASiS MCP server
2026-09-01 13:17:55,019 [mcp.server.lowlevel.server] INFO: Processing request of type CallToolRequest
2026-09-01 13:17:57,235 [oasis.registry] INFO: Loaded discovered config: 5 backends
2026-09-01 13:17:57,237 [oasis.registry] INFO: Registered backend: 4C Multiphysics (fourc)
2026-09-01 13:17:57,238 [oasis.registry] INFO: Registered backend: FEniCSx (dolfinx) (fenics)
2026-09-01 13:17:57,238 [oasis.registry] INFO: Registered backend: deal.II (dealii)
2026-09-01 13:17:57,241 [oasis.registry] INFO: Registered backend: FEBio (febio)
2026-09-01 13:17:57,244 [oasis.registry] INFO: Registered backend: NGSolve (ngsolve)
2026-09-01 13:17:57,244 [oasis.ngsolve] INFO: NGSolve backend registered
2026-09-01 13:17:57,246 [oasis.registry] INFO: Registered backend: scikit-fem (skfem)
2026-09-01 13:17:57,247 [oasis.skfem] INFO: scikit-fem backend registered
2026-09-01 13:17:57,250 [oasis.registry] INFO: Registered backend: Kratos Multiphysics (kratos)
2026-09-01 13:17:57,250 [oasis.kratos] INFO: Kratos Multiphysics backend registered
2026-09-01 13:17:57,253 [oasis.registry] INFO: Registered backend: DUNE-fem (dune)
2026-09-01 13:17:57,253 [oasis.dune] INFO: DUNE-fem backend registered
2026-09-01 13:17:57,258 [oasis.registry] INFO: Registered backend: SPARTA (DSMC) (sparta)
2026-09-01 13:17:57,258 [oasis.sparta] INFO: SPARTA (DSMC) backend registered
2026-09-01 13:17:57,258 [oasis] INFO: Starting OASiS MCP server
2026-09-01 13:17:57,267 [mcp.server.lowlevel.server] INFO: Processing request of type CallToolRequest
2026-09-01 13:17:57,272 [mcp.server.lowlevel.server] INFO: Processing request of type ListToolsRequest
2026-09-01 13:17:58,327 [mcp.server.lowlevel.server] INFO: Processing request of type ListToolsRequest
2026-09-01 13:17:58,334 [oasis] INFO: Session journal saved: /home/alexander/Schreibtisch/ofa-v2/data/sessions/session_6ef20d18-31c5-43d7-b386-4a77896a80da.json (1 events)
2026-09-01 13:18:08,525 [oasis.registry] INFO: Loaded discovered config: 5 backends
2026-09-01 13:18:08,527 [oasis.registry] INFO: Registered backend: 4C Multiphysics (fourc)
2026-09-01 13:18:08,528 [oasis.registry] INFO: Registered backend: FEniCSx (dolfinx) (fenics)
2026-09-01 13:18:08,528 [oasis.registry] INFO: Registered backend: deal.II (dealii)
2026-09-01 13:18:08,531 [oasis.registry] INFO: Registered backend: FEBio (febio)
2026-09-01 13:18:08,534 [oasis.registry] INFO: Registered backend: NGSolve (ngsolve)
2026-09-01 13:18:08,534 [oasis.ngsolve] INFO: NGSolve backend registered
2026-09-01 13:18:08,536 [oasis.registry] INFO: Registered backend: scikit-fem (skfem)
2026-09-01 13:18:08,536 [oasis.skfem] INFO: scikit-fem backend registered
2026-09-01 13:18:08,540 [oasis.registry] INFO: Registered backend: Kratos Multiphysics (kratos)
2026-09-01 13:18:08,540 [oasis.kratos] INFO: Kratos Multiphysics backend registered
2026-09-01 13:18:08,542 [oasis.registry] INFO: Registered backend: DUNE-fem (dune)
2026-09-01 13:18:08,543 [oasis.dune] INFO: DUNE-fem backend registered
2026-09-01 13:18:08,548 [oasis.registry] INFO: Registered backend: SPARTA (DSMC) (sparta)
2026-09-01 13:18:08,548 [oasis.sparta] INFO: SPARTA (DSMC) backend registered
2026-09-01 13:18:08,548 [oasis] INFO: Starting OASiS MCP server
2026-09-01 13:18:08,556 [mcp.server.lowlevel.server] INFO: Processing request of type CallToolRequest
2026-09-01 13:18:08,568 [mcp.server.lowlevel.server] INFO: Processing request of type ListToolsRequest
2026-09-01 13:18:08,574 [oasis] INFO: Session journal saved: /home/alexander/Schreibtisch/ofa-v2/data/sessions/session_0987f7fa-552f-487a-80fd-16fd2c5d73f7.json (1 events)
/home/alexander/Schreibtisch/ofa-v2/langgraph_eval/agent.py:381: RuntimeWarning: This package (`duckduckgo_search`) has been renamed to `ddgs`! Use `pip install ddgs` instead.
  with DDGS() as ddgs:
/home/alexander/Schreibtisch/ofa-v2/langgraph_eval/agent.py:381: RuntimeWarning: This package (`duckduckgo_search`) has been renamed to `ddgs`! Use `pip install ddgs` instead.
  with DDGS() as ddgs:
/home/alexander/Schreibtisch/ofa-v2/langgraph_eval/agent.py:381: RuntimeWarning: This package (`duckduckgo_search`) has been renamed to `ddgs`! Use `pip install ddgs` instead.
  with DDGS() as ddgs:
2026-09-01 13:18:24,775 [oasis.registry] INFO: Loaded discovered config: 5 backends
2026-09-01 13:18:24,778 [oasis.registry] INFO: Registered backend: 4C Multiphysics (fourc)
2026-09-01 13:18:24,778 [oasis.registry] INFO: Registered backend: FEniCSx (dolfinx) (fenics)
2026-09-01 13:18:24,779 [oasis.registry] INFO: Registered backend: deal.II (dealii)
2026-09-01 13:18:24,782 [oasis.registry] INFO: Registered backend: FEBio (febio)
2026-09-01 13:18:24,785 [oasis.registry] INFO: Registered backend: NGSolve (ngsolve)
2026-09-01 13:18:24,785 [oasis.ngsolve] INFO: NGSolve backend registered
2026-09-01 13:18:24,787 [oasis.registry] INFO: Registered backend: scikit-fem (skfem)
2026-09-01 13:18:24,787 [oasis.skfem] INFO: scikit-fem backend registered
2026-09-01 13:18:24,789 [oasis.registry] INFO: Loaded discovered config: 5 backends
2026-09-01 13:18:24,791 [oasis.registry] INFO: Registered backend: 4C Multiphysics (fourc)
2026-09-01 13:18:24,791 [oasis.registry] INFO: Registered backend: FEniCSx (dolfinx) (fenics)
2026-09-01 13:18:24,791 [oasis.registry] INFO: Registered backend: Kratos Multiphysics (kratos)
2026-09-01 13:18:24,791 [oasis.kratos] INFO: Kratos Multiphysics backend registered
2026-09-01 13:18:24,792 [oasis.registry] INFO: Registered backend: deal.II (dealii)
2026-09-01 13:18:24,794 [oasis.registry] INFO: Registered backend: DUNE-fem (dune)
2026-09-01 13:18:24,794 [oasis.dune] INFO: DUNE-fem backend registered
2026-09-01 13:18:24,795 [oasis.registry] INFO: Registered backend: FEBio (febio)
2026-09-01 13:18:24,799 [oasis.registry] INFO: Registered backend: NGSolve (ngsolve)
2026-09-01 13:18:24,799 [oasis.ngsolve] INFO: NGSolve backend registered
2026-09-01 13:18:24,799 [oasis.registry] INFO: Registered backend: SPARTA (DSMC) (sparta)
2026-09-01 13:18:24,800 [oasis.sparta] INFO: SPARTA (DSMC) backend registered
2026-09-01 13:18:24,800 [oasis] INFO: Starting OASiS MCP server
2026-09-01 13:18:24,803 [oasis.registry] INFO: Registered backend: scikit-fem (skfem)
2026-09-01 13:18:24,803 [oasis.skfem] INFO: scikit-fem backend registered
2026-09-01 13:18:24,806 [oasis.registry] INFO: Registered backend: Kratos Multiphysics (kratos)
2026-09-01 13:18:24,806 [oasis.kratos] INFO: Kratos Multiphysics backend registered
2026-09-01 13:18:24,807 [mcp.server.lowlevel.server] INFO: Processing request of type CallToolRequest
2026-09-01 13:18:24,809 [oasis.registry] INFO: Registered backend: DUNE-fem (dune)
2026-09-01 13:18:24,809 [oasis.dune] INFO: DUNE-fem backend registered
2026-09-01 13:18:24,815 [oasis.registry] INFO: Registered backend: SPARTA (DSMC) (sparta)
2026-09-01 13:18:24,815 [oasis.sparta] INFO: SPARTA (DSMC) backend registered
2026-09-01 13:18:24,815 [oasis] INFO: Starting OASiS MCP server
2026-09-01 13:18:24,816 [mcp.server.lowlevel.server] INFO: Processing request of type ListToolsRequest
2026-09-01 13:18:24,821 [oasis] INFO: Session journal saved: /home/alexander/Schreibtisch/ofa-v2/data/sessions/session_fb0f4bba-942d-4000-b34b-22aaa2b1c826.json (1 events)
2026-09-01 13:18:24,824 [mcp.server.lowlevel.server] INFO: Processing request of type CallToolRequest
2026-09-01 13:18:24,829 [mcp.server.lowlevel.server] INFO: Processing request of type ListToolsRequest
2026-09-01 13:18:24,834 [oasis] INFO: Session journal saved: /home/alexander/Schreibtisch/ofa-v2/data/sessions/session_946c93a5-a485-462e-9e0c-adbb15c51803.json (1 events)
2026-09-01 13:19:18,265 [oasis.registry] INFO: Loaded discovered config: 5 backends
2026-09-01 13:19:18,267 [oasis.registry] INFO: Registered backend: 4C Multiphysics (fourc)
2026-09-01 13:19:18,268 [oasis.registry] INFO: Registered backend: FEniCSx (dolfinx) (fenics)
2026-09-01 13:19:18,268 [oasis.registry] INFO: Registered backend: deal.II (dealii)
2026-09-01 13:19:18,271 [oasis.registry] INFO: Registered backend: FEBio (febio)
2026-09-01 13:19:18,274 [oasis.registry] INFO: Registered backend: NGSolve (ngsolve)
2026-09-01 13:19:18,274 [oasis.ngsolve] INFO: NGSolve backend registered
2026-09-01 13:19:18,276 [oasis.registry] INFO: Registered backend: scikit-fem (skfem)
2026-09-01 13:19:18,276 [oasis.skfem] INFO: scikit-fem backend registered
2026-09-01 13:19:18,280 [oasis.registry] INFO: Registered backend: Kratos Multiphysics (kratos)
2026-09-01 13:19:18,280 [oasis.kratos] INFO: Kratos Multiphysics backend registered
2026-09-01 13:19:18,283 [oasis.registry] INFO: Registered backend: DUNE-fem (dune)
2026-09-01 13:19:18,283 [oasis.dune] INFO: DUNE-fem backend registered
2026-09-01 13:19:18,288 [oasis.registry] INFO: Registered backend: SPARTA (DSMC) (sparta)
2026-09-01 13:19:18,288 [oasis.sparta] INFO: SPARTA (DSMC) backend registered
2026-09-01 13:19:18,288 [oasis] INFO: Starting OASiS MCP server
2026-09-01 13:19:18,295 [mcp.server.lowlevel.server] INFO: Processing request of type CallToolRequest
2026-09-01 13:19:18,298 [mcp.server.lowlevel.server] INFO: Processing request of type ListToolsRequest
2026-09-01 13:20:10,492 [oasis.registry] INFO: Loaded discovered config: 5 backends
2026-09-01 13:20:10,494 [oasis.registry] INFO: Registered backend: 4C Multiphysics (fourc)
2026-09-01 13:20:10,495 [oasis.registry] INFO: Registered backend: FEniCSx (dolfinx) (fenics)
2026-09-01 13:20:10,495 [oasis.registry] INFO: Registered backend: deal.II (dealii)
2026-09-01 13:20:10,498 [oasis.registry] INFO: Registered backend: FEBio (febio)
2026-09-01 13:20:10,501 [oasis.registry] INFO: Registered backend: NGSolve (ngsolve)
2026-09-01 13:20:10,501 [oasis.ngsolve] INFO: NGSolve backend registered
2026-09-01 13:20:10,503 [oasis.registry] INFO: Registered backend: scikit-fem (skfem)
2026-09-01 13:20:10,503 [oasis.skfem] INFO: scikit-fem backend registered
2026-09-01 13:20:10,507 [oasis.registry] INFO: Registered backend: Kratos Multiphysics (kratos)
2026-09-01 13:20:10,507 [oasis.kratos] INFO: Kratos Multiphysics backend registered
2026-09-01 13:20:10,510 [oasis.registry] INFO: Registered backend: DUNE-fem (dune)
2026-09-01 13:20:10,510 [oasis.dune] INFO: DUNE-fem backend registered
2026-09-01 13:20:10,515 [oasis.registry] INFO: Registered backend: SPARTA (DSMC) (sparta)
2026-09-01 13:20:10,515 [oasis.sparta] INFO: SPARTA (DSMC) backend registered
2026-09-01 13:20:10,515 [oasis] INFO: Starting OASiS MCP server
2026-09-01 13:20:10,523 [mcp.server.lowlevel.server] INFO: Processing request of type CallToolRequest
2026-09-01 13:20:10,526 [mcp.server.lowlevel.server] INFO: Processing request of type ListToolsRequest
2026-09-01 13:20:10,531 [oasis] INFO: Session journal saved: /home/alexander/Schreibtisch/ofa-v2/data/sessions/session_66a26697-48fa-41e4-ae90-7884891d4e2c.json (1 events)
2026-09-01 13:20:32,771 [oasis.registry] INFO: Loaded discovered config: 5 backends
2026-09-01 13:20:32,774 [oasis.registry] INFO: Registered backend: 4C Multiphysics (fourc)
2026-09-01 13:20:32,775 [oasis.registry] INFO: Registered backend: FEniCSx (dolfinx) (fenics)
2026-09-01 13:20:32,775 [oasis.registry] INFO: Registered backend: deal.II (dealii)
2026-09-01 13:20:32,778 [oasis.registry] INFO: Registered backend: FEBio (febio)
2026-09-01 13:20:32,781 [oasis.registry] INFO: Registered backend: NGSolve (ngsolve)
2026-09-01 13:20:32,781 [oasis.ngsolve] INFO: NGSolve backend registered
2026-09-01 13:20:32,783 [oasis.registry] INFO: Registered backend: scikit-fem (skfem)
2026-09-01 13:20:32,783 [oasis.skfem] INFO: scikit-fem backend registered
2026-09-01 13:20:32,787 [oasis.registry] INFO: Registered backend: Kratos Multiphysics (kratos)
2026-09-01 13:20:32,787 [oasis.kratos] INFO: Kratos Multiphysics backend registered
2026-09-01 13:20:32,789 [oasis.registry] INFO: Registered backend: DUNE-fem (dune)
2026-09-01 13:20:32,789 [oasis.dune] INFO: DUNE-fem backend registered
2026-09-01 13:20:32,795 [oasis.registry] INFO: Registered backend: SPARTA (DSMC) (sparta)
2026-09-01 13:20:32,795 [oasis.sparta] INFO: SPARTA (DSMC) backend registered
2026-09-01 13:20:32,795 [oasis] INFO: Starting OASiS MCP server
2026-09-01 13:20:32,802 [mcp.server.lowlevel.server] INFO: Processing request of type CallToolRequest
2026-09-01 13:20:32,837 [mcp.server.lowlevel.server] INFO: Processing request of type ListToolsRequest
/home/alexander/Schreibtisch/ofa-v2/langgraph_eval/agent.py:456: LangGraphDeprecatedSinceV10: create_react_agent has been moved to `langchain.agents`. Please update your import to `from langchain.agents import create_agent`. Deprecated in LangGraph V1.0 to be removed in V2.0.
  sub_agent = create_react_agent(
2026-09-01 13:21:28,132 [oasis.registry] INFO: Loaded discovered config: 5 backends
2026-09-01 13:21:28,134 [oasis.registry] INFO: Registered backend: 4C Multiphysics (fourc)
2026-09-01 13:21:28,135 [oasis.registry] INFO: Registered backend: FEniCSx (dolfinx) (fenics)
2026-09-01 13:21:28,135 [oasis.registry] INFO: Registered backend: deal.II (dealii)
2026-09-01 13:21:28,138 [oasis.registry] INFO: Registered backend: FEBio (febio)
2026-09-01 13:21:28,141 [oasis.registry] INFO: Registered backend: NGSolve (ngsolve)
2026-09-01 13:21:28,141 [oasis.ngsolve] INFO: NGSolve backend registered
2026-09-01 13:21:28,145 [oasis.registry] INFO: Registered backend: scikit-fem (skfem)
2026-09-01 13:21:28,145 [oasis.skfem] INFO: scikit-fem backend registered
2026-09-01 13:21:28,149 [oasis.registry] INFO: Registered backend: Kratos Multiphysics (kratos)
2026-09-01 13:21:28,149 [oasis.kratos] INFO: Kratos Multiphysics backend registered
2026-09-01 13:21:28,151 [oasis.registry] INFO: Registered backend: DUNE-fem (dune)
2026-09-01 13:21:28,152 [oasis.dune] INFO: DUNE-fem backend registered
2026-09-01 13:21:28,157 [oasis.registry] INFO: Registered backend: SPARTA (DSMC) (sparta)
2026-09-01 13:21:28,157 [oasis.sparta] INFO: SPARTA (DSMC) backend registered
2026-09-01 13:21:28,157 [oasis] INFO: Starting OASiS MCP server
2026-09-01 13:21:28,164 [mcp.server.lowlevel.server] INFO: Processing request of type CallToolRequest
2026-09-01 13:21:28,170 [mcp.server.lowlevel.server] INFO: Processing request of type ListToolsRequest
2026-09-01 13:21:28,177 [oasis] INFO: Session journal saved: /home/alexander/Schreibtisch/ofa-v2/data/sessions/session_f9fa4e3b-75d2-41e8-8e0a-7c681fd30366.json (1 events)
2026-09-01 13:25:45,798 [oasis.registry] INFO: Loaded discovered config: 5 backends
2026-09-01 13:25:45,800 [oasis.registry] INFO: Registered backend: 4C Multiphysics (fourc)
2026-09-01 13:25:45,800 [oasis.registry] INFO: Registered backend: FEniCSx (dolfinx) (fenics)
2026-09-01 13:25:45,801 [oasis.registry] INFO: Registered backend: deal.II (dealii)
2026-09-01 13:25:45,804 [oasis.registry] INFO: Registered backend: FEBio (febio)
2026-09-01 13:25:45,807 [oasis.registry] INFO: Registered backend: NGSolve (ngsolve)
2026-09-01 13:25:45,807 [oasis.ngsolve] INFO: NGSolve backend registered
2026-09-01 13:25:45,810 [oasis.registry] INFO: Registered backend: scikit-fem (skfem)
2026-09-01 13:25:45,810 [oasis.skfem] INFO: scikit-fem backend registered
2026-09-01 13:25:45,814 [oasis.registry] INFO: Registered backend: Kratos Multiphysics (kratos)
2026-09-01 13:25:45,814 [oasis.kratos] INFO: Kratos Multiphysics backend registered
2026-09-01 13:25:45,817 [oasis.registry] INFO: Registered backend: DUNE-fem (dune)
2026-09-01 13:25:45,817 [oasis.dune] INFO: DUNE-fem backend registered
2026-09-01 13:25:45,822 [oasis.registry] INFO: Registered backend: SPARTA (DSMC) (sparta)
2026-09-01 13:25:45,822 [oasis.sparta] INFO: SPARTA (DSMC) backend registered
2026-09-01 13:25:45,822 [oasis] INFO: Starting OASiS MCP server
2026-09-01 13:25:45,831 [mcp.server.lowlevel.server] INFO: Processing request of type CallToolRequest
2026-09-01 13:25:45,867 [mcp.server.lowlevel.server] INFO: Processing request of type ListToolsRequest
[preflight] custody controls verified for 1 problem(s); keys sealed and unreadable by execution
[phase: development] results are for post-mortems and convergence checking, NOT for the paper's evaluation table.
[KR2 27b MCP s96] done  calls=26 tok=1600806/25536 666.7s
/home/alexander/Schreibtisch/ofa-v2/campaign3_blind/run_blind.py:941: ResourceWarning: unclosed file <_io.TextIOWrapper name='/home/alexander/Schreibtisch/ofa-v2/campaign3_blind/runs/KR2_27b_MCP_seed96/work/trajectory_live.txt' mode='a' encoding='utf-8'>
  run_one(pid, a.model, cond, a.seed, a.timeout)
ResourceWarning: Enable tracemalloc to get the object allocation traceback
/home/alexander/.local/share/python/cpython-3.12.13-linux-x86_64-gnu/lib/python3.12/asyncio/selector_events.py:879: ResourceWarning: unclosed transport <_SelectorSocketTransport fd=8>
<<< KR2 seed 96 done 2026-09-01 13:25:59
2026-09-01 13:26:35,487 [oasis.registry] INFO: Loaded discovered config: 5 backends
2026-09-01 13:26:35,489 [oasis.registry] INFO: Registered backend: 4C Multiphysics (fourc)
2026-09-01 13:26:35,489 [oasis.registry] INFO: Registered backend: FEniCSx (dolfinx) (fenics)
2026-09-01 13:26:35,490 [oasis.registry] INFO: Registered backend: deal.II (dealii)
2026-09-01 13:26:35,493 [oasis.registry] INFO: Registered backend: FEBio (febio)
2026-09-01 13:26:35,496 [oasis.registry] INFO: Registered backend: NGSolve (ngsolve)
2026-09-01 13:26:35,496 [oasis.ngsolve] INFO: NGSolve backend registered
2026-09-01 13:26:35,498 [oasis.registry] INFO: Registered backend: scikit-fem (skfem)
2026-09-01 13:26:35,498 [oasis.skfem] INFO: scikit-fem backend registered
2026-09-01 13:26:35,502 [oasis.registry] INFO: Registered backend: Kratos Multiphysics (kratos)
2026-09-01 13:26:35,502 [oasis.kratos] INFO: Kratos Multiphysics backend registered
2026-09-01 13:26:35,504 [oasis.registry] INFO: Registered backend: DUNE-fem (dune)
2026-09-01 13:26:35,504 [oasis.dune] INFO: DUNE-fem backend registered
2026-09-01 13:26:35,510 [oasis.registry] INFO: Registered backend: SPARTA (DSMC) (sparta)
2026-09-01 13:26:35,510 [oasis.sparta] INFO: SPARTA (DSMC) backend registered
2026-09-01 13:26:35,510 [oasis] INFO: Starting OASiS MCP server
2026-09-01 13:26:35,518 [mcp.server.lowlevel.server] INFO: Processing request of type CallToolRequest
2026-09-01 13:26:39,609 [mcp.server.lowlevel.server] INFO: Processing request of type ListToolsRequest
2026-09-01 13:26:39,618 [oasis] INFO: Session journal saved: /home/alexander/Schreibtisch/ofa-v2/data/sessions/session_eadedb18-6044-4717-91e7-ec670ed0ec71.json (1 events)
2026-09-01 13:31:05,225 [oasis.registry] INFO: Loaded discovered config: 5 backends
2026-09-01 13:31:05,227 [oasis.registry] INFO: Registered backend: 4C Multiphysics (fourc)
2026-09-01 13:31:05,228 [oasis.registry] INFO: Registered backend: FEniCSx (dolfinx) (fenics)
2026-09-01 13:31:05,228 [oasis.registry] INFO: Registered backend: deal.II (dealii)
2026-09-01 13:31:05,231 [oasis.registry] INFO: Registered backend: FEBio (febio)
2026-09-01 13:31:05,234 [oasis.registry] INFO: Registered backend: NGSolve (ngsolve)
2026-09-01 13:31:05,234 [oasis.ngsolve] INFO: NGSolve backend registered
2026-09-01 13:31:05,236 [oasis.registry] INFO: Registered backend: scikit-fem (skfem)
2026-09-01 13:31:05,236 [oasis.skfem] INFO: scikit-fem backend registered
2026-09-01 13:31:05,240 [oasis.registry] INFO: Registered backend: Kratos Multiphysics (kratos)
2026-09-01 13:31:05,240 [oasis.kratos] INFO: Kratos Multiphysics backend registered
2026-09-01 13:31:05,242 [oasis.registry] INFO: Registered backend: DUNE-fem (dune)
2026-09-01 13:31:05,242 [oasis.dune] INFO: DUNE-fem backend registered
2026-09-01 13:31:05,247 [oasis.registry] INFO: Registered backend: SPARTA (DSMC) (sparta)
2026-09-01 13:31:05,247 [oasis.sparta] INFO: SPARTA (DSMC) backend registered
2026-09-01 13:31:05,247 [oasis] INFO: Starting OASiS MCP server
2026-09-01 13:31:05,255 [mcp.server.lowlevel.server] INFO: Processing request of type CallToolRequest
2026-09-01 13:31:05,537 [mcp.server.lowlevel.server] INFO: Processing request of type ListToolsRequest
2026-09-01 13:32:52,241 [oasis.registry] INFO: Loaded discovered config: 5 backends
2026-09-01 13:32:52,243 [oasis.registry] INFO: Registered backend: 4C Multiphysics (fourc)
2026-09-01 13:32:52,244 [oasis.registry] INFO: Registered backend: FEniCSx (dolfinx) (fenics)
2026-09-01 13:32:52,244 [oasis.registry] INFO: Registered backend: deal.II (dealii)
2026-09-01 13:32:52,247 [oasis.registry] INFO: Registered backend: FEBio (febio)
2026-09-01 13:32:52,250 [oasis.registry] INFO: Registered backend: NGSolve (ngsolve)
2026-09-01 13:32:52,250 [oasis.ngsolve] INFO: NGSolve backend registered
2026-09-01 13:32:52,252 [oasis.registry] INFO: Registered backend: scikit-fem (skfem)
2026-09-01 13:32:52,252 [oasis.skfem] INFO: scikit-fem backend registered
2026-09-01 13:32:52,256 [oasis.registry] INFO: Registered backend: Kratos Multiphysics (kratos)
2026-09-01 13:32:52,256 [oasis.kratos] INFO: Kratos Multiphysics backend registered
2026-09-01 13:32:52,259 [oasis.registry] INFO: Registered backend: DUNE-fem (dune)
2026-09-01 13:32:52,259 [oasis.dune] INFO: DUNE-fem backend registered
2026-09-01 13:32:52,264 [oasis.registry] INFO: Registered backend: SPARTA (DSMC) (sparta)
2026-09-01 13:32:52,264 [oasis.sparta] INFO: SPARTA (DSMC) backend registered
2026-09-01 13:32:52,264 [oasis] INFO: Starting OASiS MCP server
2026-09-01 13:32:52,272 [mcp.server.lowlevel.server] INFO: Processing request of type CallToolRequest
2026-09-01 13:32:52,559 [mcp.server.lowlevel.server] INFO: Processing request of type ListToolsRequest
[preflight] custody controls verified for 1 problem(s); keys sealed and unreadable by execution
[phase: development] results are for post-mortems and convergence checking, NOT for the paper's evaluation table.
[KR1 27b MCP s96] done  calls=70 tok=7318021/95033 2659.5s
/home/alexander/Schreibtisch/ofa-v2/campaign3_blind/run_blind.py:941: ResourceWarning: unclosed file <_io.TextIOWrapper name='/home/alexander/Schreibtisch/ofa-v2/campaign3_blind/runs/KR1_27b_MCP_seed96/work/trajectory_live.txt' mode='a' encoding='utf-8'>
  run_one(pid, a.model, cond, a.seed, a.timeout)
ResourceWarning: Enable tracemalloc to get the object allocation traceback
/home/alexander/.local/share/python/cpython-3.12.13-linux-x86_64-gnu/lib/python3.12/asyncio/selector_events.py:879: ResourceWarning: unclosed transport <_SelectorSocketTransport fd=8>
<<< KR1 seed 96 done 2026-09-01 13:33:02
2026-09-01 13:35:05,950 [oasis.registry] INFO: Loaded discovered config: 5 backends
2026-09-01 13:35:05,952 [oasis.registry] INFO: Registered backend: 4C Multiphysics (fourc)
2026-09-01 13:35:05,953 [oasis.registry] INFO: Registered backend: FEniCSx (dolfinx) (fenics)
2026-09-01 13:35:05,954 [oasis.registry] INFO: Registered backend: deal.II (dealii)
2026-09-01 13:35:05,957 [oasis.registry] INFO: Registered backend: FEBio (febio)
2026-09-01 13:35:05,959 [oasis.registry] INFO: Registered backend: NGSolve (ngsolve)
2026-09-01 13:35:05,959 [oasis.ngsolve] INFO: NGSolve backend registered
2026-09-01 13:35:05,962 [oasis.registry] INFO: Registered backend: scikit-fem (skfem)
2026-09-01 13:35:05,962 [oasis.skfem] INFO: scikit-fem backend registered
2026-09-01 13:35:05,965 [oasis.registry] INFO: Registered backend: Kratos Multiphysics (kratos)
2026-09-01 13:35:05,965 [oasis.kratos] INFO: Kratos Multiphysics backend registered
2026-09-01 13:35:05,968 [oasis.registry] INFO: Registered backend: DUNE-fem (dune)
2026-09-01 13:35:05,968 [oasis.dune] INFO: DUNE-fem backend registered
2026-09-01 13:35:05,973 [oasis.registry] INFO: Registered backend: SPARTA (DSMC) (sparta)
2026-09-01 13:35:05,973 [oasis.sparta] INFO: SPARTA (DSMC) backend registered
2026-09-01 13:35:05,973 [oasis] INFO: Starting OASiS MCP server
2026-09-01 13:35:05,980 [mcp.server.lowlevel.server] INFO: Processing request of type CallToolRequest
2026-09-01 13:35:06,019 [mcp.server.lowlevel.server] INFO: Processing request of type ListToolsRequest
[preflight] custody controls verified for 1 problem(s); keys sealed and unreadable by execution
[phase: development] results are for post-mortems and convergence checking, NOT for the paper's evaluation table.
[FB1 27b MCP s96] done  calls=68 tok=4776338/42693 1059.6s
/home/alexander/Schreibtisch/ofa-v2/campaign3_blind/run_blind.py:941: ResourceWarning: unclosed file <_io.TextIOWrapper name='/home/alexander/Schreibtisch/ofa-v2/campaign3_blind/runs/FB1_27b_MCP_seed96/work/trajectory_live.txt' mode='a' encoding='utf-8'>
  run_one(pid, a.model, cond, a.seed, a.timeout)
ResourceWarning: Enable tracemalloc to get the object allocation traceback
/home/alexander/.local/share/python/cpython-3.12.13-linux-x86_64-gnu/lib/python3.12/asyncio/selector_events.py:879: ResourceWarning: unclosed transport <_SelectorSocketTransport fd=8>
<<< FB1 seed 96 done 2026-09-01 13:35:24
[preflight] custody controls verified for 1 problem(s); keys sealed and unreadable by execution
[phase: development] results are for post-mortems and convergence checking, NOT for the paper's evaluation table.
[DU1 27b BARE s96] done  calls=114 tok=6053714/76067 2618.9s
2026-09-01 13:38:12,745 [oasis.registry] INFO: Loaded discovered config: 5 backends
2026-09-01 13:38:12,747 [oasis.registry] INFO: Registered backend: 4C Multiphysics (fourc)
2026-09-01 13:38:12,748 [oasis.registry] INFO: Registered backend: FEniCSx (dolfinx) (fenics)
2026-09-01 13:38:12,748 [oasis.registry] INFO: Registered backend: deal.II (dealii)
2026-09-01 13:38:12,751 [oasis.registry] INFO: Registered backend: FEBio (febio)
2026-09-01 13:38:12,754 [oasis.registry] INFO: Registered backend: NGSolve (ngsolve)
2026-09-01 13:38:12,754 [oasis.ngsolve] INFO: NGSolve backend registered
2026-09-01 13:38:12,756 [oasis.registry] INFO: Registered backend: scikit-fem (skfem)
2026-09-01 13:38:12,756 [oasis.skfem] INFO: scikit-fem backend registered
2026-09-01 13:38:12,760 [oasis.registry] INFO: Registered backend: Kratos Multiphysics (kratos)
2026-09-01 13:38:12,760 [oasis.kratos] INFO: Kratos Multiphysics backend registered
2026-09-01 13:38:12,762 [oasis.registry] INFO: Registered backend: DUNE-fem (dune)
2026-09-01 13:38:12,762 [oasis.dune] INFO: DUNE-fem backend registered
2026-09-01 13:38:12,767 [oasis.registry] INFO: Registered backend: SPARTA (DSMC) (sparta)
2026-09-01 13:38:12,767 [oasis.sparta] INFO: SPARTA (DSMC) backend registered
2026-09-01 13:38:12,767 [oasis] INFO: Starting OASiS MCP server
2026-09-01 13:38:12,776 [mcp.server.lowlevel.server] INFO: Processing request of type ListToolsRequest
2026-09-01 13:38:24,008 [oasis.registry] INFO: Loaded discovered config: 5 backends
2026-09-01 13:38:24,011 [oasis.registry] INFO: Registered backend: 4C Multiphysics (fourc)
2026-09-01 13:38:24,011 [oasis.registry] INFO: Registered backend: FEniCSx (dolfinx) (fenics)
2026-09-01 13:38:24,012 [oasis.registry] INFO: Registered backend: deal.II (dealii)
2026-09-01 13:38:24,015 [oasis.registry] INFO: Registered backend: FEBio (febio)
2026-09-01 13:38:24,017 [oasis.registry] INFO: Registered backend: NGSolve (ngsolve)
2026-09-01 13:38:24,017 [oasis.ngsolve] INFO: NGSolve backend registered
2026-09-01 13:38:24,020 [oasis.registry] INFO: Registered backend: scikit-fem (skfem)
2026-09-01 13:38:24,020 [oasis.skfem] INFO: scikit-fem backend registered
2026-09-01 13:38:24,023 [oasis.registry] INFO: Registered backend: Kratos Multiphysics (kratos)
2026-09-01 13:38:24,024 [oasis.kratos] INFO: Kratos Multiphysics backend registered
2026-09-01 13:38:24,026 [oasis.registry] INFO: Registered backend: DUNE-fem (dune)
2026-09-01 13:38:24,026 [oasis.dune] INFO: DUNE-fem backend registered
2026-09-01 13:38:24,031 [oasis.registry] INFO: Registered backend: SPARTA (DSMC) (sparta)
2026-09-01 13:38:24,031 [oasis.sparta] INFO: SPARTA (DSMC) backend registered
2026-09-01 13:38:24,031 [oasis] INFO: Starting OASiS MCP server
2026-09-01 13:38:24,039 [mcp.server.lowlevel.server] INFO: Processing request of type CallToolRequest
2026-09-01 13:38:27,344 [mcp.server.lowlevel.server] INFO: Processing request of type ListToolsRequest
2026-09-01 13:38:27,353 [oasis] INFO: Session journal saved: /home/alexander/Schreibtisch/ofa-v2/data/sessions/session_d86e8ef2-a117-4164-84b6-7b17658312bc.json (1 events)
[preflight] custody controls verified for 1 problem(s); keys sealed and unreadable by execution
[phase: development] results are for post-mortems and convergence checking, NOT for the paper's evaluation table.
[FB2 27b BARE s96] done  calls=89 tok=4820516/35604 734.1s
2026-09-01 13:38:47,690 [oasis.registry] INFO: Loaded discovered config: 5 backends
2026-09-01 13:38:47,692 [oasis.registry] INFO: Loaded discovered config: 5 backends
2026-09-01 13:38:47,692 [oasis.registry] INFO: Registered backend: 4C Multiphysics (fourc)
2026-09-01 13:38:47,693 [oasis.registry] INFO: Registered backend: FEniCSx (dolfinx) (fenics)
2026-09-01 13:38:47,694 [oasis.registry] INFO: Registered backend: deal.II (dealii)
2026-09-01 13:38:47,694 [oasis.registry] INFO: Registered backend: 4C Multiphysics (fourc)
2026-09-01 13:38:47,695 [oasis.registry] INFO: Registered backend: FEniCSx (dolfinx) (fenics)
2026-09-01 13:38:47,695 [oasis.registry] INFO: Registered backend: deal.II (dealii)
2026-09-01 13:38:47,697 [oasis.registry] INFO: Registered backend: FEBio (febio)
2026-09-01 13:38:47,698 [oasis.registry] INFO: Registered backend: FEBio (febio)
2026-09-01 13:38:47,699 [oasis.registry] INFO: Registered backend: NGSolve (ngsolve)
2026-09-01 13:38:47,699 [oasis.ngsolve] INFO: NGSolve backend registered
2026-09-01 13:38:47,701 [oasis.registry] INFO: Registered backend: NGSolve (ngsolve)
2026-09-01 13:38:47,701 [oasis.ngsolve] INFO: NGSolve backend registered
2026-09-01 13:38:47,701 [oasis.registry] INFO: Loaded discovered config: 5 backends
2026-09-01 13:38:47,702 [oasis.registry] INFO: Registered backend: scikit-fem (skfem)
2026-09-01 13:38:47,702 [oasis.skfem] INFO: scikit-fem backend registered
2026-09-01 13:38:47,704 [oasis.registry] INFO: Registered backend: scikit-fem (skfem)
2026-09-01 13:38:47,704 [oasis.registry] INFO: Registered backend: 4C Multiphysics (fourc)
2026-09-01 13:38:47,704 [oasis.skfem] INFO: scikit-fem backend registered
2026-09-01 13:38:47,704 [oasis.registry] INFO: Registered backend: FEniCSx (dolfinx) (fenics)
2026-09-01 13:38:47,705 [oasis.registry] INFO: Registered backend: deal.II (dealii)
2026-09-01 13:38:47,706 [oasis.registry] INFO: Registered backend: Kratos Multiphysics (kratos)
2026-09-01 13:38:47,706 [oasis.kratos] INFO: Kratos Multiphysics backend registered
2026-09-01 13:38:47,708 [oasis.registry] INFO: Registered backend: Kratos Multiphysics (kratos)
2026-09-01 13:38:47,708 [oasis.kratos] INFO: Kratos Multiphysics backend registered
2026-09-01 13:38:47,708 [oasis.registry] INFO: Registered backend: FEBio (febio)
2026-09-01 13:38:47,708 [oasis.registry] INFO: Registered backend: DUNE-fem (dune)
2026-09-01 13:38:47,709 [oasis.dune] INFO: DUNE-fem backend registered
2026-09-01 13:38:47,710 [oasis.registry] INFO: Registered backend: DUNE-fem (dune)
2026-09-01 13:38:47,710 [oasis.dune] INFO: DUNE-fem backend registered
2026-09-01 13:38:47,711 [oasis.registry] INFO: Registered backend: NGSolve (ngsolve)
2026-09-01 13:38:47,711 [oasis.ngsolve] INFO: NGSolve backend registered
2026-09-01 13:38:47,714 [oasis.registry] INFO: Registered backend: scikit-fem (skfem)
2026-09-01 13:38:47,714 [oasis.skfem] INFO: scikit-fem backend registered
2026-09-01 13:38:47,714 [oasis.registry] INFO: Registered backend: SPARTA (DSMC) (sparta)
2026-09-01 13:38:47,714 [oasis.sparta] INFO: SPARTA (DSMC) backend registered
2026-09-01 13:38:47,714 [oasis] INFO: Starting OASiS MCP server
2026-09-01 13:38:47,716 [oasis.registry] INFO: Registered backend: SPARTA (DSMC) (sparta)
2026-09-01 13:38:47,716 [oasis.sparta] INFO: SPARTA (DSMC) backend registered
2026-09-01 13:38:47,716 [oasis] INFO: Starting OASiS MCP server
2026-09-01 13:38:47,718 [oasis.registry] INFO: Registered backend: Kratos Multiphysics (kratos)
2026-09-01 13:38:47,718 [oasis.kratos] INFO: Kratos Multiphysics backend registered
2026-09-01 13:38:47,721 [oasis.registry] INFO: Registered backend: DUNE-fem (dune)
2026-09-01 13:38:47,721 [oasis.dune] INFO: DUNE-fem backend registered
2026-09-01 13:38:47,723 [mcp.server.lowlevel.server] INFO: Processing request of type CallToolRequest
2026-09-01 13:38:47,724 [mcp.server.lowlevel.server] INFO: Processing request of type CallToolRequest
2026-09-01 13:38:47,726 [oasis.registry] INFO: Registered backend: SPARTA (DSMC) (sparta)
2026-09-01 13:38:47,726 [oasis.sparta] INFO: SPARTA (DSMC) backend registered
2026-09-01 13:38:47,726 [oasis] INFO: Starting OASiS MCP server
2026-09-01 13:38:47,729 [mcp.server.lowlevel.server] INFO: Processing request of type ListToolsRequest
2026-09-01 13:38:47,731 [mcp.server.lowlevel.server] INFO: Processing request of type ListToolsRequest
2026-09-01 13:38:47,737 [oasis] INFO: Session journal saved: /home/alexander/Schreibtisch/ofa-v2/data/sessions/session_c1a80ad8-81de-495d-a79f-fb8733781c79.json (1 events)
2026-09-01 13:38:47,738 [mcp.server.lowlevel.server] INFO: Processing request of type CallToolRequest
2026-09-01 13:38:47,748 [mcp.server.lowlevel.server] INFO: Processing request of type ListToolsRequest
2026-09-01 13:38:47,755 [oasis] INFO: Session journal saved: /home/alexander/Schreibtisch/ofa-v2/data/sessions/session_41a356e0-fc3d-449d-b1c6-142ecf973a24.json (1 events)
2026-09-01 13:38:57,772 [oasis.registry] INFO: Loaded discovered config: 5 backends
2026-09-01 13:38:57,774 [oasis.registry] INFO: Registered backend: 4C Multiphysics (fourc)
2026-09-01 13:38:57,775 [oasis.registry] INFO: Registered backend: FEniCSx (dolfinx) (fenics)
2026-09-01 13:38:57,776 [oasis.registry] INFO: Registered backend: deal.II (dealii)
2026-09-01 13:38:57,780 [oasis.registry] INFO: Registered backend: FEBio (febio)
2026-09-01 13:38:57,782 [oasis.registry] INFO: Registered backend: NGSolve (ngsolve)
2026-09-01 13:38:57,782 [oasis.ngsolve] INFO: NGSolve backend registered
2026-09-01 13:38:57,785 [oasis.registry] INFO: Registered backend: scikit-fem (skfem)
2026-09-01 13:38:57,785 [oasis.skfem] INFO: scikit-fem backend registered
2026-09-01 13:38:57,788 [oasis.registry] INFO: Registered backend: Kratos Multiphysics (kratos)
2026-09-01 13:38:57,789 [oasis.kratos] INFO: Kratos Multiphysics backend registered
2026-09-01 13:38:57,791 [oasis.registry] INFO: Registered backend: DUNE-fem (dune)
2026-09-01 13:38:57,791 [oasis.dune] INFO: DUNE-fem backend registered
2026-09-01 13:38:57,796 [oasis.registry] INFO: Registered backend: SPARTA (DSMC) (sparta)
2026-09-01 13:38:57,796 [oasis.sparta] INFO: SPARTA (DSMC) backend registered
2026-09-01 13:38:57,797 [oasis] INFO: Starting OASiS MCP server
2026-09-01 13:38:57,805 [mcp.server.lowlevel.server] INFO: Processing request of type CallToolRequest
2026-09-01 13:38:57,809 [mcp.server.lowlevel.server] INFO: Processing request of type ListToolsRequest
2026-09-01 13:38:57,810 [oasis.registry] INFO: Loaded discovered config: 5 backends
2026-09-01 13:38:57,813 [oasis.registry] INFO: Registered backend: 4C Multiphysics (fourc)
2026-09-01 13:38:57,813 [oasis.registry] INFO: Registered backend: FEniCSx (dolfinx) (fenics)
2026-09-01 13:38:57,814 [oasis.registry] INFO: Registered backend: deal.II (dealii)
2026-09-01 13:38:57,817 [oasis.registry] INFO: Registered backend: FEBio (febio)
2026-09-01 13:38:57,819 [oasis.registry] INFO: Registered backend: NGSolve (ngsolve)
2026-09-01 13:38:57,819 [oasis.ngsolve] INFO: NGSolve backend registered
2026-09-01 13:38:57,822 [oasis.registry] INFO: Registered backend: scikit-fem (skfem)
2026-09-01 13:38:57,822 [oasis.skfem] INFO: scikit-fem backend registered
2026-09-01 13:38:57,826 [oasis.registry] INFO: Registered backend: Kratos Multiphysics (kratos)
2026-09-01 13:38:57,826 [oasis.kratos] INFO: Kratos Multiphysics backend registered
2026-09-01 13:38:57,829 [oasis.registry] INFO: Registered backend: DUNE-fem (dune)
2026-09-01 13:38:57,829 [oasis.dune] INFO: DUNE-fem backend registered
2026-09-01 13:38:57,834 [oasis.registry] INFO: Registered backend: SPARTA (DSMC) (sparta)
2026-09-01 13:38:57,834 [oasis.sparta] INFO: SPARTA (DSMC) backend registered
2026-09-01 13:38:57,834 [oasis] INFO: Starting OASiS MCP server
2026-09-01 13:38:57,843 [mcp.server.lowlevel.server] INFO: Processing request of type CallToolRequest
2026-09-01 13:38:57,850 [mcp.server.lowlevel.server] INFO: Processing request of type ListToolsRequest
2026-09-01 13:38:57,858 [oasis] INFO: Session journal saved: /home/alexander/Schreibtisch/ofa-v2/data/sessions/session_5407d631-cd42-41e5-bb00-4677488717ee.json (1 events)
2026-09-01 13:38:58,284 [oasis.registry] INFO: Loaded discovered config: 5 backends
2026-09-01 13:38:58,286 [oasis.registry] INFO: Registered backend: 4C Multiphysics (fourc)
2026-09-01 13:38:58,286 [oasis.registry] INFO: Registered backend: FEniCSx (dolfinx) (fenics)
2026-09-01 13:38:58,287 [oasis.registry] INFO: Registered backend: deal.II (dealii)
2026-09-01 13:38:58,290 [oasis.registry] INFO: Registered backend: FEBio (febio)
2026-09-01 13:38:58,292 [oasis.registry] INFO: Registered backend: NGSolve (ngsolve)
2026-09-01 13:38:58,292 [oasis.ngsolve] INFO: NGSolve backend registered
2026-09-01 13:38:58,295 [oasis.registry] INFO: Registered backend: scikit-fem (skfem)
2026-09-01 13:38:58,295 [oasis.skfem] INFO: scikit-fem backend registered
2026-09-01 13:38:58,298 [oasis.registry] INFO: Registered backend: Kratos Multiphysics (kratos)
2026-09-01 13:38:58,299 [oasis.kratos] INFO: Kratos Multiphysics backend registered
2026-09-01 13:38:58,301 [oasis.registry] INFO: Registered backend: DUNE-fem (dune)
2026-09-01 13:38:58,301 [oasis.dune] INFO: DUNE-fem backend registered
2026-09-01 13:38:58,306 [oasis.registry] INFO: Registered backend: SPARTA (DSMC) (sparta)
2026-09-01 13:38:58,306 [oasis.sparta] INFO: SPARTA (DSMC) backend registered
2026-09-01 13:38:58,306 [oasis] INFO: Starting OASiS MCP server
2026-09-01 13:38:58,313 [mcp.server.lowlevel.server] INFO: Processing request of type ListToolsRequest
2026-09-01 13:39:19,185 [oasis.registry] INFO: Loaded discovered config: 5 backends
2026-09-01 13:39:19,187 [oasis.registry] INFO: Registered backend: 4C Multiphysics (fourc)
2026-09-01 13:39:19,188 [oasis.registry] INFO: Registered backend: FEniCSx (dolfinx) (fenics)
2026-09-01 13:39:19,188 [oasis.registry] INFO: Registered backend: deal.II (dealii)
2026-09-01 13:39:19,192 [oasis.registry] INFO: Registered backend: FEBio (febio)
2026-09-01 13:39:19,194 [oasis.registry] INFO: Registered backend: NGSolve (ngsolve)
2026-09-01 13:39:19,194 [oasis.ngsolve] INFO: NGSolve backend registered
2026-09-01 13:39:19,197 [oasis.registry] INFO: Registered backend: scikit-fem (skfem)
2026-09-01 13:39:19,197 [oasis.skfem] INFO: scikit-fem backend registered
2026-09-01 13:39:19,201 [oasis.registry] INFO: Registered backend: Kratos Multiphysics (kratos)
2026-09-01 13:39:19,201 [oasis.kratos] INFO: Kratos Multiphysics backend registered
2026-09-01 13:39:19,203 [oasis.registry] INFO: Registered backend: DUNE-fem (dune)
2026-09-01 13:39:19,203 [oasis.dune] INFO: DUNE-fem backend registered
2026-09-01 13:39:19,208 [oasis.registry] INFO: Registered backend: SPARTA (DSMC) (sparta)
2026-09-01 13:39:19,208 [oasis.sparta] INFO: SPARTA (DSMC) backend registered
2026-09-01 13:39:19,208 [oasis] INFO: Starting OASiS MCP server
2026-09-01 13:39:19,217 [mcp.server.lowlevel.server] INFO: Processing request of type CallToolRequest
2026-09-01 13:39:22,634 [mcp.server.lowlevel.server] INFO: Processing request of type ListToolsRequest
2026-09-01 13:39:22,644 [oasis] INFO: Session journal saved: /home/alexander/Schreibtisch/ofa-v2/data/sessions/session_abdf39b2-1e9d-4d06-ae1e-da9f651bb919.json (1 events)
/home/alexander/Schreibtisch/ofa-v2/langgraph_eval/agent.py:381: RuntimeWarning: This package (`duckduckgo_search`) has been renamed to `ddgs`! Use `pip install ddgs` instead.
  with DDGS() as ddgs:
2026-09-01 13:39:55,295 [oasis.registry] INFO: Loaded discovered config: 5 backends
2026-09-01 13:39:55,297 [oasis.registry] INFO: Registered backend: 4C Multiphysics (fourc)
2026-09-01 13:39:55,297 [oasis.registry] INFO: Registered backend: FEniCSx (dolfinx) (fenics)
2026-09-01 13:39:55,298 [oasis.registry] INFO: Registered backend: deal.II (dealii)
2026-09-01 13:39:55,301 [oasis.registry] INFO: Registered backend: FEBio (febio)
2026-09-01 13:39:55,303 [oasis.registry] INFO: Registered backend: NGSolve (ngsolve)
2026-09-01 13:39:55,303 [oasis.ngsolve] INFO: NGSolve backend registered
2026-09-01 13:39:55,306 [oasis.registry] INFO: Registered backend: scikit-fem (skfem)
2026-09-01 13:39:55,306 [oasis.skfem] INFO: scikit-fem backend registered
2026-09-01 13:39:55,310 [oasis.registry] INFO: Registered backend: Kratos Multiphysics (kratos)
2026-09-01 13:39:55,310 [oasis.kratos] INFO: Kratos Multiphysics backend registered
2026-09-01 13:39:55,312 [oasis.registry] INFO: Registered backend: DUNE-fem (dune)
2026-09-01 13:39:55,312 [oasis.dune] INFO: DUNE-fem backend registered
2026-09-01 13:39:55,317 [oasis.registry] INFO: Registered backend: SPARTA (DSMC) (sparta)
2026-09-01 13:39:55,317 [oasis.sparta] INFO: SPARTA (DSMC) backend registered
2026-09-01 13:39:55,317 [oasis] INFO: Starting OASiS MCP server
2026-09-01 13:39:55,324 [mcp.server.lowlevel.server] INFO: Processing request of type CallToolRequest
2026-09-01 13:39:55,330 [mcp.server.lowlevel.server] INFO: Processing request of type ListToolsRequest
2026-09-01 13:39:55,333 [oasis.registry] INFO: Loaded discovered config: 5 backends
2026-09-01 13:39:55,335 [oasis.registry] INFO: Registered backend: 4C Multiphysics (fourc)
2026-09-01 13:39:55,336 [oasis.registry] INFO: Registered backend: FEniCSx (dolfinx) (fenics)
2026-09-01 13:39:55,336 [oasis.registry] INFO: Registered backend: deal.II (dealii)
2026-09-01 13:39:55,337 [oasis] INFO: Session journal saved: /home/alexander/Schreibtisch/ofa-v2/data/sessions/session_3f1dcbea-e2ce-4c67-bd7f-d29708f8083c.json (1 events)
2026-09-01 13:39:55,339 [oasis.registry] INFO: Registered backend: FEBio (febio)
2026-09-01 13:39:55,342 [oasis.registry] INFO: Registered backend: NGSolve (ngsolve)
2026-09-01 13:39:55,342 [oasis.ngsolve] INFO: NGSolve backend registered
2026-09-01 13:39:55,344 [oasis.registry] INFO: Registered backend: scikit-fem (skfem)
2026-09-01 13:39:55,344 [oasis.skfem] INFO: scikit-fem backend registered
2026-09-01 13:39:55,348 [oasis.registry] INFO: Registered backend: Kratos Multiphysics (kratos)
2026-09-01 13:39:55,348 [oasis.kratos] INFO: Kratos Multiphysics backend registered
2026-09-01 13:39:55,350 [oasis.registry] INFO: Registered backend: DUNE-fem (dune)
2026-09-01 13:39:55,350 [oasis.dune] INFO: DUNE-fem backend registered
2026-09-01 13:39:55,355 [oasis.registry] INFO: Registered backend: SPARTA (DSMC) (sparta)
2026-09-01 13:39:55,355 [oasis.sparta] INFO: SPARTA (DSMC) backend registered
2026-09-01 13:39:55,355 [oasis] INFO: Starting OASiS MCP server
2026-09-01 13:39:55,364 [mcp.server.lowlevel.server] INFO: Processing request of type CallToolRequest
2026-09-01 13:39:55,380 [mcp.server.lowlevel.server] INFO: Processing request of type ListToolsRequest
2026-09-01 13:39:55,387 [oasis] INFO: Session journal saved: /home/alexander/Schreibtisch/ofa-v2/data/sessions/session_b305783c-3151-47ed-8628-dee1b6181152.json (1 events)
/home/alexander/Schreibtisch/ofa-v2/langgraph_eval/agent.py:381: RuntimeWarning: This package (`duckduckgo_search`) has been renamed to `ddgs`! Use `pip install ddgs` instead.
  with DDGS() as ddgs:
/home/alexander/Schreibtisch/ofa-v2/langgraph_eval/agent.py:381: RuntimeWarning: This package (`duckduckgo_search`) has been renamed to `ddgs`! Use `pip install ddgs` instead.
  with DDGS() as ddgs:
/home/alexander/Schreibtisch/ofa-v2/langgraph_eval/agent.py:381: RuntimeWarning: This package (`duckduckgo_search`) has been renamed to `ddgs`! Use `pip install ddgs` instead.
  with DDGS() as ddgs:
2026-09-01 13:40:30,509 [oasis.registry] INFO: Loaded discovered config: 5 backends
2026-09-01 13:40:30,511 [oasis.registry] INFO: Registered backend: 4C Multiphysics (fourc)
2026-09-01 13:40:30,512 [oasis.registry] INFO: Registered backend: FEniCSx (dolfinx) (fenics)
2026-09-01 13:40:30,512 [oasis.registry] INFO: Registered backend: deal.II (dealii)
2026-09-01 13:40:30,515 [oasis.registry] INFO: Registered backend: FEBio (febio)
2026-09-01 13:40:30,518 [oasis.registry] INFO: Registered backend: NGSolve (ngsolve)
2026-09-01 13:40:30,518 [oasis.ngsolve] INFO: NGSolve backend registered
2026-09-01 13:40:30,520 [oasis.registry] INFO: Registered backend: scikit-fem (skfem)
2026-09-01 13:40:30,520 [oasis.skfem] INFO: scikit-fem backend registered
2026-09-01 13:40:30,524 [oasis.registry] INFO: Registered backend: Kratos Multiphysics (kratos)
2026-09-01 13:40:30,524 [oasis.kratos] INFO: Kratos Multiphysics backend registered
2026-09-01 13:40:30,527 [oasis.registry] INFO: Registered backend: DUNE-fem (dune)
2026-09-01 13:40:30,527 [oasis.dune] INFO: DUNE-fem backend registered
2026-09-01 13:40:30,532 [oasis.registry] INFO: Registered backend: SPARTA (DSMC) (sparta)
2026-09-01 13:40:30,532 [oasis.sparta] INFO: SPARTA (DSMC) backend registered
2026-09-01 13:40:30,532 [oasis] INFO: Starting OASiS MCP server
2026-09-01 13:40:30,540 [mcp.server.lowlevel.server] INFO: Processing request of type CallToolRequest
2026-09-01 13:40:30,543 [mcp.server.lowlevel.server] INFO: Processing request of type ListToolsRequest
2026-09-01 13:40:41,822 [oasis.registry] INFO: Loaded discovered config: 5 backends
2026-09-01 13:40:41,825 [oasis.registry] INFO: Registered backend: 4C Multiphysics (fourc)
2026-09-01 13:40:41,826 [oasis.registry] INFO: Registered backend: FEniCSx (dolfinx) (fenics)
2026-09-01 13:40:41,827 [oasis.registry] INFO: Registered backend: deal.II (dealii)
2026-09-01 13:40:41,831 [oasis.registry] INFO: Registered backend: FEBio (febio)
2026-09-01 13:40:41,833 [oasis.registry] INFO: Registered backend: NGSolve (ngsolve)
2026-09-01 13:40:41,833 [oasis.ngsolve] INFO: NGSolve backend registered
2026-09-01 13:40:41,836 [oasis.registry] INFO: Registered backend: scikit-fem (skfem)
2026-09-01 13:40:41,836 [oasis.skfem] INFO: scikit-fem backend registered
2026-09-01 13:40:41,842 [oasis.registry] INFO: Registered backend: Kratos Multiphysics (kratos)
2026-09-01 13:40:41,842 [oasis.kratos] INFO: Kratos Multiphysics backend registered
2026-09-01 13:40:41,845 [oasis.registry] INFO: Registered backend: DUNE-fem (dune)
2026-09-01 13:40:41,845 [oasis.dune] INFO: DUNE-fem backend registered
2026-09-01 13:40:41,850 [oasis.registry] INFO: Registered backend: SPARTA (DSMC) (sparta)
2026-09-01 13:40:41,850 [oasis.sparta] INFO: SPARTA (DSMC) backend registered
2026-09-01 13:40:41,850 [oasis] INFO: Starting OASiS MCP server
2026-09-01 13:40:41,858 [mcp.server.lowlevel.server] INFO: Processing request of type CallToolRequest
2026-09-01 13:40:41,867 [mcp.server.lowlevel.server] INFO: Processing request of type ListToolsRequest
2026-09-01 13:40:41,872 [oasis] INFO: Session journal saved: /home/alexander/Schreibtisch/ofa-v2/data/sessions/session_16c43b0c-50fb-489a-acdd-d28e913d1da0.json (1 events)
2026-09-01 13:41:10,100 [oasis.registry] INFO: Loaded discovered config: 5 backends
2026-09-01 13:41:10,102 [oasis.registry] INFO: Registered backend: 4C Multiphysics (fourc)
2026-09-01 13:41:10,102 [oasis.registry] INFO: Registered backend: FEniCSx (dolfinx) (fenics)
2026-09-01 13:41:10,103 [oasis.registry] INFO: Registered backend: deal.II (dealii)
2026-09-01 13:41:10,106 [oasis.registry] INFO: Registered backend: FEBio (febio)
2026-09-01 13:41:10,108 [oasis.registry] INFO: Registered backend: NGSolve (ngsolve)
2026-09-01 13:41:10,108 [oasis.ngsolve] INFO: NGSolve backend registered
2026-09-01 13:41:10,110 [oasis.registry] INFO: Registered backend: scikit-fem (skfem)
2026-09-01 13:41:10,111 [oasis.skfem] INFO: scikit-fem backend registered
2026-09-01 13:41:10,114 [oasis.registry] INFO: Registered backend: Kratos Multiphysics (kratos)
2026-09-01 13:41:10,114 [oasis.kratos] INFO: Kratos Multiphysics backend registered
2026-09-01 13:41:10,116 [oasis.registry] INFO: Registered backend: DUNE-fem (dune)
2026-09-01 13:41:10,116 [oasis.dune] INFO: DUNE-fem backend registered
2026-09-01 13:41:10,122 [oasis.registry] INFO: Registered backend: SPARTA (DSMC) (sparta)
2026-09-01 13:41:10,122 [oasis.sparta] INFO: SPARTA (DSMC) backend registered
2026-09-01 13:41:10,122 [oasis] INFO: Starting OASiS MCP server
2026-09-01 13:41:10,129 [mcp.server.lowlevel.server] INFO: Processing request of type CallToolRequest
2026-09-01 13:41:12,622 [mcp.server.lowlevel.server] INFO: Processing request of type ListToolsRequest
2026-09-01 13:41:12,632 [oasis] INFO: Session journal saved: /home/alexander/Schreibtisch/ofa-v2/data/sessions/session_89e5f2c1-c279-4420-8a05-08656084e2a4.json (2 events)
2026-09-01 13:41:53,804 [oasis.registry] INFO: Loaded discovered config: 5 backends
2026-09-01 13:41:53,806 [oasis.registry] INFO: Registered backend: 4C Multiphysics (fourc)
2026-09-01 13:41:53,807 [oasis.registry] INFO: Registered backend: FEniCSx (dolfinx) (fenics)
2026-09-01 13:41:53,807 [oasis.registry] INFO: Registered backend: deal.II (dealii)
2026-09-01 13:41:53,811 [oasis.registry] INFO: Registered backend: FEBio (febio)
2026-09-01 13:41:53,813 [oasis.registry] INFO: Registered backend: NGSolve (ngsolve)
2026-09-01 13:41:53,813 [oasis.ngsolve] INFO: NGSolve backend registered
2026-09-01 13:41:53,815 [oasis.registry] INFO: Registered backend: scikit-fem (skfem)
2026-09-01 13:41:53,816 [oasis.skfem] INFO: scikit-fem backend registered
2026-09-01 13:41:53,819 [oasis.registry] INFO: Registered backend: Kratos Multiphysics (kratos)
2026-09-01 13:41:53,819 [oasis.kratos] INFO: Kratos Multiphysics backend registered
2026-09-01 13:41:53,821 [oasis.registry] INFO: Registered backend: DUNE-fem (dune)
2026-09-01 13:41:53,822 [oasis.dune] INFO: DUNE-fem backend registered
2026-09-01 13:41:53,826 [oasis.registry] INFO: Registered backend: SPARTA (DSMC) (sparta)
2026-09-01 13:41:53,826 [oasis.sparta] INFO: SPARTA (DSMC) backend registered
2026-09-01 13:41:53,826 [oasis] INFO: Starting OASiS MCP server
2026-09-01 13:41:53,833 [mcp.server.lowlevel.server] INFO: Processing request of type CallToolRequest
2026-09-01 13:41:53,837 [mcp.server.lowlevel.server] INFO: Processing request of type ListToolsRequest
2026-09-01 13:41:53,842 [oasis] INFO: Session journal saved: /home/alexander/Schreibtisch/ofa-v2/data/sessions/session_46ffde6d-1388-48a8-afdf-5a59708e465c.json (1 events)
2026-09-01 13:43:51,864 [oasis.registry] INFO: Loaded discovered config: 5 backends
2026-09-01 13:43:51,867 [oasis.registry] INFO: Registered backend: 4C Multiphysics (fourc)
2026-09-01 13:43:51,867 [oasis.registry] INFO: Registered backend: FEniCSx (dolfinx) (fenics)
2026-09-01 13:43:51,868 [oasis.registry] INFO: Registered backend: deal.II (dealii)
2026-09-01 13:43:51,871 [oasis.registry] INFO: Registered backend: FEBio (febio)
2026-09-01 13:43:51,874 [oasis.registry] INFO: Registered backend: NGSolve (ngsolve)
2026-09-01 13:43:51,874 [oasis.ngsolve] INFO: NGSolve backend registered
2026-09-01 13:43:51,876 [oasis.registry] INFO: Registered backend: scikit-fem (skfem)
2026-09-01 13:43:51,876 [oasis.skfem] INFO: scikit-fem backend registered
2026-09-01 13:43:51,880 [oasis.registry] INFO: Registered backend: Kratos Multiphysics (kratos)
2026-09-01 13:43:51,880 [oasis.kratos] INFO: Kratos Multiphysics backend registered
2026-09-01 13:43:51,883 [oasis.registry] INFO: Registered backend: DUNE-fem (dune)
2026-09-01 13:43:51,883 [oasis.dune] INFO: DUNE-fem backend registered
2026-09-01 13:43:51,888 [oasis.registry] INFO: Registered backend: SPARTA (DSMC) (sparta)
2026-09-01 13:43:51,889 [oasis.sparta] INFO: SPARTA (DSMC) backend registered
2026-09-01 13:43:51,889 [oasis] INFO: Starting OASiS MCP server
2026-09-01 13:43:51,896 [mcp.server.lowlevel.server] INFO: Processing request of type CallToolRequest
2026-09-01 13:43:51,935 [mcp.server.lowlevel.server] INFO: Processing request of type ListToolsRequest
2026-09-01 13:44:03,817 [oasis.registry] INFO: Loaded discovered config: 5 backends
2026-09-01 13:44:03,820 [oasis.registry] INFO: Registered backend: 4C Multiphysics (fourc)
2026-09-01 13:44:03,820 [oasis.registry] INFO: Registered backend: FEniCSx (dolfinx) (fenics)
2026-09-01 13:44:03,821 [oasis.registry] INFO: Registered backend: deal.II (dealii)
2026-09-01 13:44:03,824 [oasis.registry] INFO: Registered backend: FEBio (febio)
2026-09-01 13:44:03,827 [oasis.registry] INFO: Registered backend: NGSolve (ngsolve)
2026-09-01 13:44:03,827 [oasis.ngsolve] INFO: NGSolve backend registered
2026-09-01 13:44:03,829 [oasis.registry] INFO: Registered backend: scikit-fem (skfem)
2026-09-01 13:44:03,829 [oasis.skfem] INFO: scikit-fem backend registered
2026-09-01 13:44:03,833 [oasis.registry] INFO: Registered backend: Kratos Multiphysics (kratos)
2026-09-01 13:44:03,833 [oasis.kratos] INFO: Kratos Multiphysics backend registered
2026-09-01 13:44:03,835 [oasis.registry] INFO: Registered backend: DUNE-fem (dune)
2026-09-01 13:44:03,835 [oasis.dune] INFO: DUNE-fem backend registered
2026-09-01 13:44:03,840 [oasis.registry] INFO: Registered backend: SPARTA (DSMC) (sparta)
2026-09-01 13:44:03,840 [oasis.sparta] INFO: SPARTA (DSMC) backend registered
2026-09-01 13:44:03,840 [oasis] INFO: Starting OASiS MCP server
2026-09-01 13:44:03,848 [mcp.server.lowlevel.server] INFO: Processing request of type CallToolRequest
2026-09-01 13:44:03,853 [mcp.server.lowlevel.server] INFO: Processing request of type ListToolsRequest
2026-09-01 13:44:03,858 [oasis] INFO: Session journal saved: /home/alexander/Schreibtisch/ofa-v2/data/sessions/session_8ac3d1df-918c-4c3a-8a1b-164449719605.json (1 events)
/home/alexander/.local/share/python/cpython-3.12.13-linux-x86_64-gnu/lib/python3.12/asyncio/events.py:88: RuntimeWarning: The executor did not finishing joining its threads within 300 seconds.
  self._context.run(self._callback, *self._args)
[preflight] custody controls verified for 1 problem(s); keys sealed and unreadable by execution
[phase: development] results are for post-mortems and convergence checking, NOT for the paper's evaluation table.
[SK1 27b MCP s96] done  calls=41 tok=1901823/39247 3000.1s  ERR TimeoutError: exceeded 2700s
[preflight] custody controls verified for 1 problem(s); keys sealed and unreadable by execution
[phase: development] results are for post-mortems and convergence checking, NOT for the paper's evaluation table.
[FC1 27b BARE s96] done  calls=105 tok=14444276/36134 993.6s
[preflight] custody controls verified for 1 problem(s); keys sealed and unreadable by execution
[phase: development] results are for post-mortems and convergence checking, NOT for the paper's evaluation table.
[DU2 27b BARE s96] done  calls=91 tok=4306436/48582 2683.7s
2026-09-01 13:51:01,389 [oasis.registry] INFO: Loaded discovered config: 5 backends
2026-09-01 13:51:01,391 [oasis.registry] INFO: Registered backend: 4C Multiphysics (fourc)
2026-09-01 13:51:01,392 [oasis.registry] INFO: Registered backend: FEniCSx (dolfinx) (fenics)
2026-09-01 13:51:01,392 [oasis.registry] INFO: Registered backend: deal.II (dealii)
2026-09-01 13:51:01,397 [oasis.registry] INFO: Registered backend: FEBio (febio)
2026-09-01 13:51:01,399 [oasis.registry] INFO: Registered backend: NGSolve (ngsolve)
2026-09-01 13:51:01,400 [oasis.ngsolve] INFO: NGSolve backend registered
2026-09-01 13:51:01,402 [oasis.registry] INFO: Registered backend: scikit-fem (skfem)
2026-09-01 13:51:01,402 [oasis.skfem] INFO: scikit-fem backend registered
2026-09-01 13:51:01,406 [oasis.registry] INFO: Registered backend: Kratos Multiphysics (kratos)
2026-09-01 13:51:01,406 [oasis.kratos] INFO: Kratos Multiphysics backend registered
2026-09-01 13:51:01,406 [oasis.registry] INFO: Loaded discovered config: 5 backends
2026-09-01 13:51:01,408 [oasis.registry] INFO: Registered backend: 4C Multiphysics (fourc)
2026-09-01 13:51:01,408 [oasis.registry] INFO: Registered backend: DUNE-fem (dune)
2026-09-01 13:51:01,408 [oasis.dune] INFO: DUNE-fem backend registered
2026-09-01 13:51:01,409 [oasis.registry] INFO: Registered backend: FEniCSx (dolfinx) (fenics)
2026-09-01 13:51:01,409 [oasis.registry] INFO: Registered backend: deal.II (dealii)
2026-09-01 13:51:01,413 [oasis.registry] INFO: Registered backend: FEBio (febio)
2026-09-01 13:51:01,415 [oasis.registry] INFO: Registered backend: SPARTA (DSMC) (sparta)
2026-09-01 13:51:01,415 [oasis.sparta] INFO: SPARTA (DSMC) backend registered
2026-09-01 13:51:01,415 [oasis] INFO: Starting OASiS MCP server
2026-09-01 13:51:01,415 [oasis.registry] INFO: Registered backend: NGSolve (ngsolve)
2026-09-01 13:51:01,415 [oasis.ngsolve] INFO: NGSolve backend registered
2026-09-01 13:51:01,418 [oasis.registry] INFO: Registered backend: scikit-fem (skfem)
2026-09-01 13:51:01,418 [oasis.skfem] INFO: scikit-fem backend registered
2026-09-01 13:51:01,423 [oasis.registry] INFO: Registered backend: Kratos Multiphysics (kratos)
2026-09-01 13:51:01,423 [oasis.kratos] INFO: Kratos Multiphysics backend registered
2026-09-01 13:51:01,424 [mcp.server.lowlevel.server] INFO: Processing request of type ListToolsRequest
2026-09-01 13:51:01,425 [oasis.registry] INFO: Registered backend: DUNE-fem (dune)
2026-09-01 13:51:01,425 [oasis.dune] INFO: DUNE-fem backend registered
2026-09-01 13:51:01,430 [oasis.registry] INFO: Registered backend: SPARTA (DSMC) (sparta)
2026-09-01 13:51:01,431 [oasis.sparta] INFO: SPARTA (DSMC) backend registered
2026-09-01 13:51:01,431 [oasis] INFO: Starting OASiS MCP server
2026-09-01 13:51:01,440 [mcp.server.lowlevel.server] INFO: Processing request of type ListToolsRequest
2026-09-01 13:51:15,903 [oasis.registry] INFO: Loaded discovered config: 5 backends
2026-09-01 13:51:15,906 [oasis.registry] INFO: Registered backend: 4C Multiphysics (fourc)
2026-09-01 13:51:15,906 [oasis.registry] INFO: Registered backend: FEniCSx (dolfinx) (fenics)
2026-09-01 13:51:15,907 [oasis.registry] INFO: Registered backend: deal.II (dealii)
2026-09-01 13:51:15,910 [oasis.registry] INFO: Registered backend: FEBio (febio)
2026-09-01 13:51:15,913 [oasis.registry] INFO: Registered backend: NGSolve (ngsolve)
2026-09-01 13:51:15,913 [oasis.ngsolve] INFO: NGSolve backend registered
2026-09-01 13:51:15,916 [oasis.registry] INFO: Registered backend: scikit-fem (skfem)
2026-09-01 13:51:15,916 [oasis.skfem] INFO: scikit-fem backend registered
2026-09-01 13:51:15,920 [oasis.registry] INFO: Registered backend: Kratos Multiphysics (kratos)
2026-09-01 13:51:15,920 [oasis.kratos] INFO: Kratos Multiphysics backend registered
2026-09-01 13:51:15,922 [oasis.registry] INFO: Registered backend: DUNE-fem (dune)
2026-09-01 13:51:15,922 [oasis.dune] INFO: DUNE-fem backend registered
2026-09-01 13:51:15,928 [oasis.registry] INFO: Registered backend: SPARTA (DSMC) (sparta)
2026-09-01 13:51:15,928 [oasis.sparta] INFO: SPARTA (DSMC) backend registered
2026-09-01 13:51:15,928 [oasis] INFO: Starting OASiS MCP server
2026-09-01 13:51:15,936 [mcp.server.lowlevel.server] INFO: Processing request of type CallToolRequest
2026-09-01 13:51:16,275 [oasis.registry] INFO: Loaded discovered config: 5 backends
2026-09-01 13:51:16,278 [oasis.registry] INFO: Registered backend: 4C Multiphysics (fourc)
2026-09-01 13:51:16,278 [oasis.registry] INFO: Registered backend: FEniCSx (dolfinx) (fenics)
2026-09-01 13:51:16,279 [oasis.registry] INFO: Registered backend: deal.II (dealii)
2026-09-01 13:51:16,282 [oasis.registry] INFO: Registered backend: FEBio (febio)
2026-09-01 13:51:16,284 [oasis.registry] INFO: Registered backend: NGSolve (ngsolve)
2026-09-01 13:51:16,285 [oasis.ngsolve] INFO: NGSolve backend registered
2026-09-01 13:51:16,287 [oasis.registry] INFO: Registered backend: scikit-fem (skfem)
2026-09-01 13:51:16,287 [oasis.skfem] INFO: scikit-fem backend registered
2026-09-01 13:51:16,291 [oasis.registry] INFO: Registered backend: Kratos Multiphysics (kratos)
2026-09-01 13:51:16,291 [oasis.kratos] INFO: Kratos Multiphysics backend registered
2026-09-01 13:51:16,293 [oasis.registry] INFO: Registered backend: DUNE-fem (dune)
2026-09-01 13:51:16,294 [oasis.dune] INFO: DUNE-fem backend registered
2026-09-01 13:51:16,299 [oasis.registry] INFO: Registered backend: SPARTA (DSMC) (sparta)
2026-09-01 13:51:16,299 [oasis.sparta] INFO: SPARTA (DSMC) backend registered
2026-09-01 13:51:16,299 [oasis] INFO: Starting OASiS MCP server
2026-09-01 13:51:16,307 [mcp.server.lowlevel.server] INFO: Processing request of type CallToolRequest
2026-09-01 13:51:19,444 [mcp.server.lowlevel.server] INFO: Processing request of type ListToolsRequest
2026-09-01 13:51:19,454 [oasis] INFO: Session journal saved: /home/alexander/Schreibtisch/ofa-v2/data/sessions/session_8505a176-8ba1-41eb-a880-0ff1b8dfcb6e.json (1 events)
2026-09-01 13:51:19,650 [mcp.server.lowlevel.server] INFO: Processing request of type ListToolsRequest
2026-09-01 13:51:19,657 [oasis] INFO: Session journal saved: /home/alexander/Schreibtisch/ofa-v2/data/sessions/session_87123be8-8cef-42fb-b29d-d5eae68ef686.json (1 events)
2026-09-01 13:51:44,617 [oasis.registry] INFO: Loaded discovered config: 5 backends
2026-09-01 13:51:44,620 [oasis.registry] INFO: Registered backend: 4C Multiphysics (fourc)
2026-09-01 13:51:44,620 [oasis.registry] INFO: Registered backend: FEniCSx (dolfinx) (fenics)
2026-09-01 13:51:44,621 [oasis.registry] INFO: Registered backend: deal.II (dealii)
2026-09-01 13:51:44,624 [oasis.registry] INFO: Registered backend: FEBio (febio)
2026-09-01 13:51:44,627 [oasis.registry] INFO: Registered backend: NGSolve (ngsolve)
2026-09-01 13:51:44,627 [oasis.ngsolve] INFO: NGSolve backend registered
2026-09-01 13:51:44,630 [oasis.registry] INFO: Registered backend: scikit-fem (skfem)
2026-09-01 13:51:44,630 [oasis.skfem] INFO: scikit-fem backend registered
2026-09-01 13:51:44,634 [oasis.registry] INFO: Registered backend: Kratos Multiphysics (kratos)
2026-09-01 13:51:44,634 [oasis.kratos] INFO: Kratos Multiphysics backend registered
2026-09-01 13:51:44,636 [oasis.registry] INFO: Registered backend: DUNE-fem (dune)
2026-09-01 13:51:44,636 [oasis.dune] INFO: DUNE-fem backend registered
2026-09-01 13:51:44,641 [oasis.registry] INFO: Registered backend: SPARTA (DSMC) (sparta)
2026-09-01 13:51:44,642 [oasis.sparta] INFO: SPARTA (DSMC) backend registered
2026-09-01 13:51:44,642 [oasis] INFO: Starting OASiS MCP server
2026-09-01 13:51:44,650 [mcp.server.lowlevel.server] INFO: Processing request of type CallToolRequest
2026-09-01 13:51:44,657 [mcp.server.lowlevel.server] INFO: Processing request of type ListToolsRequest
2026-09-01 13:51:44,664 [oasis] INFO: Session journal saved: /home/alexander/Schreibtisch/ofa-v2/data/sessions/session_703becd2-3363-4eeb-9f41-e41e1a9e5498.json (1 events)
2026-09-01 13:51:52,904 [oasis.registry] INFO: Loaded discovered config: 5 backends
2026-09-01 13:51:52,907 [oasis.registry] INFO: Registered backend: 4C Multiphysics (fourc)
2026-09-01 13:51:52,907 [oasis.registry] INFO: Registered backend: FEniCSx (dolfinx) (fenics)
2026-09-01 13:51:52,908 [oasis.registry] INFO: Registered backend: deal.II (dealii)
2026-09-01 13:51:52,912 [oasis.registry] INFO: Registered backend: FEBio (febio)
2026-09-01 13:51:52,915 [oasis.registry] INFO: Registered backend: NGSolve (ngsolve)
2026-09-01 13:51:52,915 [oasis.ngsolve] INFO: NGSolve backend registered
2026-09-01 13:51:52,918 [oasis.registry] INFO: Registered backend: scikit-fem (skfem)
2026-09-01 13:51:52,918 [oasis.skfem] INFO: scikit-fem backend registered
2026-09-01 13:51:52,922 [oasis.registry] INFO: Registered backend: Kratos Multiphysics (kratos)
2026-09-01 13:51:52,922 [oasis.kratos] INFO: Kratos Multiphysics backend registered
2026-09-01 13:51:52,924 [oasis.registry] INFO: Registered backend: DUNE-fem (dune)
2026-09-01 13:51:52,924 [oasis.dune] INFO: DUNE-fem backend registered
2026-09-01 13:51:52,930 [oasis.registry] INFO: Registered backend: SPARTA (DSMC) (sparta)
2026-09-01 13:51:52,930 [oasis.sparta] INFO: SPARTA (DSMC) backend registered
2026-09-01 13:51:52,930 [oasis] INFO: Starting OASiS MCP server
2026-09-01 13:51:52,939 [mcp.server.lowlevel.server] INFO: Processing request of type CallToolRequest
2026-09-01 13:51:52,946 [mcp.server.lowlevel.server] INFO: Processing request of type ListToolsRequest
2026-09-01 13:51:52,954 [oasis] INFO: Session journal saved: /home/alexander/Schreibtisch/ofa-v2/data/sessions/session_d82557db-4ab3-4005-bd69-c53fdafc3ed3.json (1 events)
2026-09-01 13:52:19,072 [oasis.registry] INFO: Loaded discovered config: 5 backends
2026-09-01 13:52:19,074 [oasis.registry] INFO: Registered backend: 4C Multiphysics (fourc)
2026-09-01 13:52:19,075 [oasis.registry] INFO: Registered backend: FEniCSx (dolfinx) (fenics)
2026-09-01 13:52:19,075 [oasis.registry] INFO: Registered backend: deal.II (dealii)
2026-09-01 13:52:19,078 [oasis.registry] INFO: Registered backend: FEBio (febio)
2026-09-01 13:52:19,080 [oasis.registry] INFO: Loaded discovered config: 5 backends
2026-09-01 13:52:19,081 [oasis.registry] INFO: Registered backend: NGSolve (ngsolve)
2026-09-01 13:52:19,081 [oasis.ngsolve] INFO: NGSolve backend registered
2026-09-01 13:52:19,082 [oasis.registry] INFO: Registered backend: 4C Multiphysics (fourc)
2026-09-01 13:52:19,082 [oasis.registry] INFO: Registered backend: FEniCSx (dolfinx) (fenics)
2026-09-01 13:52:19,083 [oasis.registry] INFO: Registered backend: deal.II (dealii)
2026-09-01 13:52:19,083 [oasis.registry] INFO: Registered backend: scikit-fem (skfem)
2026-09-01 13:52:19,083 [oasis.skfem] INFO: scikit-fem backend registered
2026-09-01 13:52:19,086 [oasis.registry] INFO: Registered backend: FEBio (febio)
2026-09-01 13:52:19,087 [oasis.registry] INFO: Registered backend: Kratos Multiphysics (kratos)
2026-09-01 13:52:19,087 [oasis.kratos] INFO: Kratos Multiphysics backend registered
2026-09-01 13:52:19,088 [oasis.registry] INFO: Registered backend: NGSolve (ngsolve)
2026-09-01 13:52:19,088 [oasis.ngsolve] INFO: NGSolve backend registered
2026-09-01 13:52:19,089 [oasis.registry] INFO: Loaded discovered config: 5 backends
2026-09-01 13:52:19,089 [oasis.registry] INFO: Registered backend: DUNE-fem (dune)
2026-09-01 13:52:19,089 [oasis.dune] INFO: DUNE-fem backend registered
2026-09-01 13:52:19,091 [oasis.registry] INFO: Registered backend: scikit-fem (skfem)
2026-09-01 13:52:19,091 [oasis.skfem] INFO: scikit-fem backend registered
2026-09-01 13:52:19,091 [oasis.registry] INFO: Registered backend: 4C Multiphysics (fourc)
2026-09-01 13:52:19,092 [oasis.registry] INFO: Registered backend: FEniCSx (dolfinx) (fenics)
2026-09-01 13:52:19,092 [oasis.registry] INFO: Registered backend: deal.II (dealii)
2026-09-01 13:52:19,094 [oasis.registry] INFO: Registered backend: SPARTA (DSMC) (sparta)
2026-09-01 13:52:19,094 [oasis.sparta] INFO: SPARTA (DSMC) backend registered
2026-09-01 13:52:19,095 [oasis] INFO: Starting OASiS MCP server
2026-09-01 13:52:19,095 [oasis.registry] INFO: Registered backend: Kratos Multiphysics (kratos)
2026-09-01 13:52:19,095 [oasis.kratos] INFO: Kratos Multiphysics backend registered
2026-09-01 13:52:19,096 [oasis.registry] INFO: Registered backend: FEBio (febio)
2026-09-01 13:52:19,097 [oasis.registry] INFO: Registered backend: DUNE-fem (dune)
2026-09-01 13:52:19,097 [oasis.dune] INFO: DUNE-fem backend registered
2026-09-01 13:52:19,099 [oasis.registry] INFO: Registered backend: NGSolve (ngsolve)
2026-09-01 13:52:19,099 [oasis.ngsolve] INFO: NGSolve backend registered
2026-09-01 13:52:19,101 [oasis.registry] INFO: Registered backend: scikit-fem (skfem)
2026-09-01 13:52:19,101 [oasis.skfem] INFO: scikit-fem backend registered
2026-09-01 13:52:19,102 [oasis.registry] INFO: Registered backend: SPARTA (DSMC) (sparta)
2026-09-01 13:52:19,102 [oasis.sparta] INFO: SPARTA (DSMC) backend registered
2026-09-01 13:52:19,102 [oasis] INFO: Starting OASiS MCP server
2026-09-01 13:52:19,102 [mcp.server.lowlevel.server] INFO: Processing request of type CallToolRequest
2026-09-01 13:52:19,105 [oasis.registry] INFO: Registered backend: Kratos Multiphysics (kratos)
2026-09-01 13:52:19,105 [oasis.kratos] INFO: Kratos Multiphysics backend registered
2026-09-01 13:52:19,108 [oasis.registry] INFO: Registered backend: DUNE-fem (dune)
2026-09-01 13:52:19,108 [oasis.dune] INFO: DUNE-fem backend registered
2026-09-01 13:52:19,110 [mcp.server.lowlevel.server] INFO: Processing request of type CallToolRequest
2026-09-01 13:52:19,113 [oasis.registry] INFO: Registered backend: SPARTA (DSMC) (sparta)
2026-09-01 13:52:19,113 [oasis.sparta] INFO: SPARTA (DSMC) backend registered
2026-09-01 13:52:19,113 [oasis] INFO: Starting OASiS MCP server
2026-09-01 13:52:19,122 [mcp.server.lowlevel.server] INFO: Processing request of type CallToolRequest
2026-09-01 13:52:19,140 [mcp.server.lowlevel.server] INFO: Processing request of type ListToolsRequest
2026-09-01 13:52:19,163 [mcp.server.lowlevel.server] INFO: Processing request of type ListToolsRequest
2026-09-01 13:52:19,170 [oasis] INFO: Session journal saved: /home/alexander/Schreibtisch/ofa-v2/data/sessions/session_e2ea80df-8aa5-411d-b2c1-998b6a6d9af9.json (1 events)
2026-09-01 13:52:22,853 [mcp.server.lowlevel.server] INFO: Processing request of type ListToolsRequest
2026-09-01 13:52:22,862 [oasis] INFO: Session journal saved: /home/alexander/Schreibtisch/ofa-v2/data/sessions/session_9a7aa576-bdf4-4084-a110-4546e061bef3.json (1 events)
sys:1: ResourceWarning: unclosed file <_io.TextIOWrapper name='/home/alexander/Schreibtisch/ofa-v2/campaign3_blind/runs/SK1_27b_MCP_seed96/work/trajectory_live.txt' mode='a' encoding='utf-8'>
ResourceWarning: Enable tracemalloc to get the object allocation traceback
/home/alexander/.local/share/python/cpython-3.12.13-linux-x86_64-gnu/lib/python3.12/asyncio/selector_events.py:879: ResourceWarning: unclosed transport <_SelectorSocketTransport fd=8>
<<< SK1 seed 96 done 2026-09-01 13:52:31
/home/alexander/Schreibtisch/ofa-v2/langgraph_eval/agent.py:381: RuntimeWarning: This package (`duckduckgo_search`) has been renamed to `ddgs`! Use `pip install ddgs` instead.
  with DDGS() as ddgs:
/home/alexander/Schreibtisch/ofa-v2/langgraph_eval/agent.py:381: RuntimeWarning: This package (`duckduckgo_search`) has been renamed to `ddgs`! Use `pip install ddgs` instead.
  with DDGS() as ddgs:
/home/alexander/Schreibtisch/ofa-v2/langgraph_eval/agent.py:381: RuntimeWarning: This package (`duckduckgo_search`) has been renamed to `ddgs`! Use `pip install ddgs` instead.
  with DDGS() as ddgs:
2026-09-01 13:52:36,552 [oasis.registry] INFO: Loaded discovered config: 5 backends
2026-09-01 13:52:36,554 [oasis.registry] INFO: Registered backend: 4C Multiphysics (fourc)
2026-09-01 13:52:36,555 [oasis.registry] INFO: Registered backend: FEniCSx (dolfinx) (fenics)
2026-09-01 13:52:36,555 [oasis.registry] INFO: Registered backend: deal.II (dealii)
2026-09-01 13:52:36,558 [oasis.registry] INFO: Registered backend: FEBio (febio)
2026-09-01 13:52:36,561 [oasis.registry] INFO: Registered backend: NGSolve (ngsolve)
2026-09-01 13:52:36,561 [oasis.ngsolve] INFO: NGSolve backend registered
2026-09-01 13:52:36,564 [oasis.registry] INFO: Registered backend: scikit-fem (skfem)
2026-09-01 13:52:36,564 [oasis.skfem] INFO: scikit-fem backend registered
2026-09-01 13:52:36,567 [oasis.registry] INFO: Registered backend: Kratos Multiphysics (kratos)
2026-09-01 13:52:36,567 [oasis.kratos] INFO: Kratos Multiphysics backend registered
2026-09-01 13:52:36,570 [oasis.registry] INFO: Registered backend: DUNE-fem (dune)
2026-09-01 13:52:36,570 [oasis.dune] INFO: DUNE-fem backend registered
2026-09-01 13:52:36,575 [oasis.registry] INFO: Registered backend: SPARTA (DSMC) (sparta)
2026-09-01 13:52:36,575 [oasis.sparta] INFO: SPARTA (DSMC) backend registered
2026-09-01 13:52:36,575 [oasis] INFO: Starting OASiS MCP server
2026-09-01 13:52:36,583 [mcp.server.lowlevel.server] INFO: Processing request of type CallToolRequest
2026-09-01 13:52:36,590 [mcp.server.lowlevel.server] INFO: Processing request of type ListToolsRequest
2026-09-01 13:52:36,599 [oasis] INFO: Session journal saved: /home/alexander/Schreibtisch/ofa-v2/data/sessions/session_980d4a08-7d95-4de5-9e55-fb84b15e077a.json (1 events)
2026-09-01 13:52:40,867 [oasis.registry] INFO: Loaded discovered config: 5 backends
2026-09-01 13:52:40,869 [oasis.registry] INFO: Registered backend: 4C Multiphysics (fourc)
2026-09-01 13:52:40,870 [oasis.registry] INFO: Registered backend: FEniCSx (dolfinx) (fenics)
2026-09-01 13:52:40,870 [oasis.registry] INFO: Registered backend: deal.II (dealii)
2026-09-01 13:52:40,874 [oasis.registry] INFO: Registered backend: FEBio (febio)
2026-09-01 13:52:40,876 [oasis.registry] INFO: Registered backend: NGSolve (ngsolve)
2026-09-01 13:52:40,877 [oasis.ngsolve] INFO: NGSolve backend registered
2026-09-01 13:52:40,879 [oasis.registry] INFO: Registered backend: scikit-fem (skfem)
2026-09-01 13:52:40,879 [oasis.skfem] INFO: scikit-fem backend registered
2026-09-01 13:52:40,883 [oasis.registry] INFO: Registered backend: Kratos Multiphysics (kratos)
2026-09-01 13:52:40,883 [oasis.kratos] INFO: Kratos Multiphysics backend registered
2026-09-01 13:52:40,886 [oasis.registry] INFO: Registered backend: DUNE-fem (dune)
2026-09-01 13:52:40,886 [oasis.dune] INFO: DUNE-fem backend registered
2026-09-01 13:52:40,891 [oasis.registry] INFO: Registered backend: SPARTA (DSMC) (sparta)
2026-09-01 13:52:40,891 [oasis.sparta] INFO: SPARTA (DSMC) backend registered
2026-09-01 13:52:40,891 [oasis] INFO: Starting OASiS MCP server
2026-09-01 13:52:40,900 [mcp.server.lowlevel.server] INFO: Processing request of type CallToolRequest
2026-09-01 13:52:41,521 [oasis.registry] INFO: Loaded discovered config: 5 backends
2026-09-01 13:52:41,523 [oasis.registry] INFO: Registered backend: 4C Multiphysics (fourc)
2026-09-01 13:52:41,524 [oasis.registry] INFO: Registered backend: FEniCSx (dolfinx) (fenics)
2026-09-01 13:52:41,524 [oasis.registry] INFO: Registered backend: deal.II (dealii)
2026-09-01 13:52:41,527 [oasis.registry] INFO: Registered backend: FEBio (febio)
2026-09-01 13:52:41,530 [oasis.registry] INFO: Registered backend: NGSolve (ngsolve)
2026-09-01 13:52:41,530 [oasis.ngsolve] INFO: NGSolve backend registered
2026-09-01 13:52:41,533 [oasis.registry] INFO: Registered backend: scikit-fem (skfem)
2026-09-01 13:52:41,533 [oasis.skfem] INFO: scikit-fem backend registered
2026-09-01 13:52:41,537 [oasis.registry] INFO: Registered backend: Kratos Multiphysics (kratos)
2026-09-01 13:52:41,537 [oasis.kratos] INFO: Kratos Multiphysics backend registered
2026-09-01 13:52:41,539 [oasis.registry] INFO: Registered backend: DUNE-fem (dune)
2026-09-01 13:52:41,539 [oasis.dune] INFO: DUNE-fem backend registered
2026-09-01 13:52:41,545 [oasis.registry] INFO: Registered backend: SPARTA (DSMC) (sparta)
2026-09-01 13:52:41,545 [oasis.sparta] INFO: SPARTA (DSMC) backend registered
2026-09-01 13:52:41,545 [oasis] INFO: Starting OASiS MCP server
2026-09-01 13:52:41,546 [oasis.registry] INFO: Loaded discovered config: 5 backends
2026-09-01 13:52:41,548 [oasis.registry] INFO: Registered backend: 4C Multiphysics (fourc)
2026-09-01 13:52:41,549 [oasis.registry] INFO: Registered backend: FEniCSx (dolfinx) (fenics)
2026-09-01 13:52:41,549 [oasis.registry] INFO: Registered backend: deal.II (dealii)
2026-09-01 13:52:41,553 [oasis.registry] INFO: Registered backend: FEBio (febio)
2026-09-01 13:52:41,553 [mcp.server.lowlevel.server] INFO: Processing request of type CallToolRequest
2026-09-01 13:52:41,555 [oasis.registry] INFO: Registered backend: NGSolve (ngsolve)
2026-09-01 13:52:41,555 [oasis.ngsolve] INFO: NGSolve backend registered
2026-09-01 13:52:41,558 [oasis.registry] INFO: Registered backend: scikit-fem (skfem)
2026-09-01 13:52:41,558 [oasis.skfem] INFO: scikit-fem backend registered
2026-09-01 13:52:41,559 [mcp.server.lowlevel.server] INFO: Processing request of type ListToolsRequest
2026-09-01 13:52:41,562 [oasis.registry] INFO: Registered backend: Kratos Multiphysics (kratos)
2026-09-01 13:52:41,562 [oasis.kratos] INFO: Kratos Multiphysics backend registered
2026-09-01 13:52:41,564 [oasis.registry] INFO: Registered backend: DUNE-fem (dune)
2026-09-01 13:52:41,565 [oasis.dune] INFO: DUNE-fem backend registered
2026-09-01 13:52:41,570 [oasis.registry] INFO: Registered backend: SPARTA (DSMC) (sparta)
2026-09-01 13:52:41,570 [oasis.sparta] INFO: SPARTA (DSMC) backend registered
2026-09-01 13:52:41,570 [oasis] INFO: Starting OASiS MCP server
2026-09-01 13:52:41,579 [mcp.server.lowlevel.server] INFO: Processing request of type CallToolRequest
2026-09-01 13:52:41,588 [mcp.server.lowlevel.server] INFO: Processing request of type ListToolsRequest
2026-09-01 13:52:41,595 [oasis] INFO: Session journal saved: /home/alexander/Schreibtisch/ofa-v2/data/sessions/session_16dd16a7-cd08-4db9-85a6-c5cc2ea07f33.json (1 events)
2026-09-01 13:52:44,689 [mcp.server.lowlevel.server] INFO: Processing request of type ListToolsRequest
2026-09-01 13:52:44,698 [oasis] INFO: Session journal saved: /home/alexander/Schreibtisch/ofa-v2/data/sessions/session_3f3643c9-8d3f-45a5-b2c8-292b8eecf7f9.json (1 events)
/home/alexander/Schreibtisch/ofa-v2/langgraph_eval/agent.py:381: RuntimeWarning: This package (`duckduckgo_search`) has been renamed to `ddgs`! Use `pip install ddgs` instead.
  with DDGS() as ddgs:
/home/alexander/Schreibtisch/ofa-v2/langgraph_eval/agent.py:381: RuntimeWarning: This package (`duckduckgo_search`) has been renamed to `ddgs`! Use `pip install ddgs` instead.
  with DDGS() as ddgs:
/home/alexander/Schreibtisch/ofa-v2/langgraph_eval/agent.py:381: RuntimeWarning: This package (`duckduckgo_search`) has been renamed to `ddgs`! Use `pip install ddgs` instead.
  with DDGS() as ddgs:
2026-09-01 13:52:53,889 [oasis.registry] INFO: Loaded discovered config: 5 backends
2026-09-01 13:52:53,891 [oasis.registry] INFO: Registered backend: 4C Multiphysics (fourc)
2026-09-01 13:52:53,892 [oasis.registry] INFO: Registered backend: FEniCSx (dolfinx) (fenics)
2026-09-01 13:52:53,892 [oasis.registry] INFO: Registered backend: deal.II (dealii)
2026-09-01 13:52:53,896 [oasis.registry] INFO: Registered backend: FEBio (febio)
2026-09-01 13:52:53,898 [oasis.registry] INFO: Registered backend: NGSolve (ngsolve)
2026-09-01 13:52:53,898 [oasis.ngsolve] INFO: NGSolve backend registered
2026-09-01 13:52:53,901 [oasis.registry] INFO: Registered backend: scikit-fem (skfem)
2026-09-01 13:52:53,901 [oasis.skfem] INFO: scikit-fem backend registered
2026-09-01 13:52:53,904 [oasis.registry] INFO: Registered backend: Kratos Multiphysics (kratos)
2026-09-01 13:52:53,904 [oasis.kratos] INFO: Kratos Multiphysics backend registered
2026-09-01 13:52:53,907 [oasis.registry] INFO: Registered backend: DUNE-fem (dune)
2026-09-01 13:52:53,907 [oasis.dune] INFO: DUNE-fem backend registered
2026-09-01 13:52:53,912 [oasis.registry] INFO: Registered backend: SPARTA (DSMC) (sparta)
2026-09-01 13:52:53,912 [oasis.sparta] INFO: SPARTA (DSMC) backend registered
2026-09-01 13:52:53,912 [oasis] INFO: Starting OASiS MCP server
2026-09-01 13:52:53,920 [mcp.server.lowlevel.server] INFO: Processing request of type CallToolRequest
2026-09-01 13:52:53,927 [mcp.server.lowlevel.server] INFO: Processing request of type ListToolsRequest
2026-09-01 13:52:53,935 [oasis] INFO: Session journal saved: /home/alexander/Schreibtisch/ofa-v2/data/sessions/session_0584566c-ef30-4370-96a4-ff5079a3c08e.json (1 events)
/home/alexander/Schreibtisch/ofa-v2/langgraph_eval/agent.py:381: RuntimeWarning: This package (`duckduckgo_search`) has been renamed to `ddgs`! Use `pip install ddgs` instead.
  with DDGS() as ddgs:
/home/alexander/Schreibtisch/ofa-v2/langgraph_eval/agent.py:381: RuntimeWarning: This package (`duckduckgo_search`) has been renamed to `ddgs`! Use `pip install ddgs` instead.
  with DDGS() as ddgs:
2026-09-01 13:53:01,959 [oasis.registry] INFO: Loaded discovered config: 5 backends
2026-09-01 13:53:01,961 [oasis.registry] INFO: Registered backend: 4C Multiphysics (fourc)
2026-09-01 13:53:01,962 [oasis.registry] INFO: Registered backend: FEniCSx (dolfinx) (fenics)
2026-09-01 13:53:01,962 [oasis.registry] INFO: Registered backend: deal.II (dealii)
2026-09-01 13:53:01,966 [oasis.registry] INFO: Registered backend: FEBio (febio)
2026-09-01 13:53:01,968 [oasis.registry] INFO: Registered backend: NGSolve (ngsolve)
2026-09-01 13:53:01,968 [oasis.ngsolve] INFO: NGSolve backend registered
2026-09-01 13:53:01,971 [oasis.registry] INFO: Registered backend: scikit-fem (skfem)
2026-09-01 13:53:01,971 [oasis.skfem] INFO: scikit-fem backend registered
2026-09-01 13:53:01,975 [oasis.registry] INFO: Registered backend: Kratos Multiphysics (kratos)
2026-09-01 13:53:01,975 [oasis.kratos] INFO: Kratos Multiphysics backend registered
2026-09-01 13:53:01,978 [oasis.registry] INFO: Registered backend: DUNE-fem (dune)
2026-09-01 13:53:01,978 [oasis.dune] INFO: DUNE-fem backend registered
2026-09-01 13:53:01,983 [oasis.registry] INFO: Registered backend: SPARTA (DSMC) (sparta)
2026-09-01 13:53:01,983 [oasis.sparta] INFO: SPARTA (DSMC) backend registered
2026-09-01 13:53:01,983 [oasis] INFO: Starting OASiS MCP server
2026-09-01 13:53:01,991 [mcp.server.lowlevel.server] INFO: Processing request of type CallToolRequest
2026-09-01 13:53:01,997 [mcp.server.lowlevel.server] INFO: Processing request of type ListToolsRequest
2026-09-01 13:53:02,004 [oasis] INFO: Session journal saved: /home/alexander/Schreibtisch/ofa-v2/data/sessions/session_a74cb272-6109-4eea-8502-dc2e6171e75d.json (1 events)
/home/alexander/Schreibtisch/ofa-v2/langgraph_eval/agent.py:381: RuntimeWarning: This package (`duckduckgo_search`) has been renamed to `ddgs`! Use `pip install ddgs` instead.
  with DDGS() as ddgs:
2026-09-01 13:55:01,845 [oasis.registry] INFO: Loaded discovered config: 5 backends
2026-09-01 13:55:01,847 [oasis.registry] INFO: Registered backend: 4C Multiphysics (fourc)
2026-09-01 13:55:01,848 [oasis.registry] INFO: Registered backend: FEniCSx (dolfinx) (fenics)
2026-09-01 13:55:01,848 [oasis.registry] INFO: Registered backend: deal.II (dealii)
2026-09-01 13:55:01,852 [oasis.registry] INFO: Registered backend: FEBio (febio)
2026-09-01 13:55:01,854 [oasis.registry] INFO: Registered backend: NGSolve (ngsolve)
2026-09-01 13:55:01,854 [oasis.ngsolve] INFO: NGSolve backend registered
2026-09-01 13:55:01,854 [oasis.registry] INFO: Loaded discovered config: 5 backends
2026-09-01 13:55:01,856 [oasis.registry] INFO: Registered backend: 4C Multiphysics (fourc)
2026-09-01 13:55:01,857 [oasis.registry] INFO: Registered backend: scikit-fem (skfem)
2026-09-01 13:55:01,857 [oasis.skfem] INFO: scikit-fem backend registered
2026-09-01 13:55:01,857 [oasis.registry] INFO: Registered backend: FEniCSx (dolfinx) (fenics)
2026-09-01 13:55:01,858 [oasis.registry] INFO: Registered backend: deal.II (dealii)
2026-09-01 13:55:01,860 [oasis.registry] INFO: Registered backend: Kratos Multiphysics (kratos)
2026-09-01 13:55:01,861 [oasis.kratos] INFO: Kratos Multiphysics backend registered
2026-09-01 13:55:01,861 [oasis.registry] INFO: Registered backend: FEBio (febio)
2026-09-01 13:55:01,863 [oasis.registry] INFO: Registered backend: DUNE-fem (dune)
2026-09-01 13:55:01,863 [oasis.dune] INFO: DUNE-fem backend registered
2026-09-01 13:55:01,863 [oasis.registry] INFO: Registered backend: NGSolve (ngsolve)
2026-09-01 13:55:01,863 [oasis.ngsolve] INFO: NGSolve backend registered
2026-09-01 13:55:01,866 [oasis.registry] INFO: Registered backend: scikit-fem (skfem)
2026-09-01 13:55:01,866 [oasis.skfem] INFO: scikit-fem backend registered
2026-09-01 13:55:01,870 [oasis.registry] INFO: Registered backend: Kratos Multiphysics (kratos)
2026-09-01 13:55:01,870 [oasis.kratos] INFO: Kratos Multiphysics backend registered
2026-09-01 13:55:01,870 [oasis.registry] INFO: Registered backend: SPARTA (DSMC) (sparta)
2026-09-01 13:55:01,870 [oasis.sparta] INFO: SPARTA (DSMC) backend registered
2026-09-01 13:55:01,870 [oasis] INFO: Starting OASiS MCP server
2026-09-01 13:55:01,872 [oasis.registry] INFO: Registered backend: DUNE-fem (dune)
2026-09-01 13:55:01,872 [oasis.dune] INFO: DUNE-fem backend registered
/home/alexander/Schreibtisch/ofa-v2/langgraph_eval/agent.py:381: RuntimeWarning: This package (`duckduckgo_search`) has been renamed to `ddgs`! Use `pip install ddgs` instead.
  with DDGS() as ddgs:
2026-09-01 13:55:01,878 [oasis.registry] INFO: Registered backend: SPARTA (DSMC) (sparta)
2026-09-01 13:55:01,878 [oasis.sparta] INFO: SPARTA (DSMC) backend registered
2026-09-01 13:55:01,878 [oasis] INFO: Starting OASiS MCP server
2026-09-01 13:55:01,879 [mcp.server.lowlevel.server] INFO: Processing request of type CallToolRequest
2026-09-01 13:55:01,885 [mcp.server.lowlevel.server] INFO: Processing request of type CallToolRequest
2026-09-01 13:55:01,914 [mcp.server.lowlevel.server] INFO: Processing request of type ListToolsRequest
2026-09-01 13:55:01,922 [mcp.server.lowlevel.server] INFO: Processing request of type ListToolsRequest
2026-09-01 13:55:01,929 [oasis] INFO: Session journal saved: /home/alexander/Schreibtisch/ofa-v2/data/sessions/session_8d02c1bc-b22a-412c-8f79-37cc81d477ca.json (1 events)
/home/alexander/Schreibtisch/ofa-v2/langgraph_eval/agent.py:381: RuntimeWarning: This package (`duckduckgo_search`) has been renamed to `ddgs`! Use `pip install ddgs` instead.
  with DDGS() as ddgs:
/home/alexander/Schreibtisch/ofa-v2/langgraph_eval/agent.py:456: LangGraphDeprecatedSinceV10: create_react_agent has been moved to `langchain.agents`. Please update your import to `from langchain.agents import create_agent`. Deprecated in LangGraph V1.0 to be removed in V2.0.
  sub_agent = create_react_agent(
2026-09-01 13:55:40,241 [oasis.registry] INFO: Loaded discovered config: 5 backends
2026-09-01 13:55:40,243 [oasis.registry] INFO: Registered backend: 4C Multiphysics (fourc)
2026-09-01 13:55:40,244 [oasis.registry] INFO: Registered backend: FEniCSx (dolfinx) (fenics)
2026-09-01 13:55:40,244 [oasis.registry] INFO: Registered backend: deal.II (dealii)
2026-09-01 13:55:40,248 [oasis.registry] INFO: Registered backend: FEBio (febio)
2026-09-01 13:55:40,250 [oasis.registry] INFO: Registered backend: NGSolve (ngsolve)
2026-09-01 13:55:40,250 [oasis.ngsolve] INFO: NGSolve backend registered
2026-09-01 13:55:40,253 [oasis.registry] INFO: Registered backend: scikit-fem (skfem)
2026-09-01 13:55:40,253 [oasis.skfem] INFO: scikit-fem backend registered
2026-09-01 13:55:40,257 [oasis.registry] INFO: Registered backend: Kratos Multiphysics (kratos)
2026-09-01 13:55:40,257 [oasis.kratos] INFO: Kratos Multiphysics backend registered
2026-09-01 13:55:40,259 [oasis.registry] INFO: Registered backend: DUNE-fem (dune)
2026-09-01 13:55:40,260 [oasis.dune] INFO: DUNE-fem backend registered
2026-09-01 13:55:40,263 [oasis.registry] INFO: Loaded discovered config: 5 backends
2026-09-01 13:55:40,265 [oasis.registry] INFO: Registered backend: 4C Multiphysics (fourc)
2026-09-01 13:55:40,266 [oasis.registry] INFO: Registered backend: FEniCSx (dolfinx) (fenics)
2026-09-01 13:55:40,266 [oasis.registry] INFO: Registered backend: deal.II (dealii)
2026-09-01 13:55:40,268 [oasis.registry] INFO: Registered backend: SPARTA (DSMC) (sparta)
2026-09-01 13:55:40,268 [oasis.sparta] INFO: SPARTA (DSMC) backend registered
2026-09-01 13:55:40,268 [oasis] INFO: Starting OASiS MCP server
2026-09-01 13:55:40,269 [oasis.registry] INFO: Registered backend: FEBio (febio)
2026-09-01 13:55:40,272 [oasis.registry] INFO: Registered backend: NGSolve (ngsolve)
2026-09-01 13:55:40,272 [oasis.ngsolve] INFO: NGSolve backend registered
2026-09-01 13:55:40,275 [oasis.registry] INFO: Registered backend: scikit-fem (skfem)
2026-09-01 13:55:40,275 [oasis.skfem] INFO: scikit-fem backend registered
2026-09-01 13:55:40,276 [mcp.server.lowlevel.server] INFO: Processing request of type CallToolRequest
2026-09-01 13:55:40,279 [oasis.registry] INFO: Registered backend: Kratos Multiphysics (kratos)
2026-09-01 13:55:40,279 [oasis.kratos] INFO: Kratos Multiphysics backend registered
2026-09-01 13:55:40,281 [oasis.registry] INFO: Registered backend: DUNE-fem (dune)
2026-09-01 13:55:40,281 [oasis.dune] INFO: DUNE-fem backend registered
2026-09-01 13:55:40,287 [oasis.registry] INFO: Registered backend: SPARTA (DSMC) (sparta)
2026-09-01 13:55:40,287 [oasis.sparta] INFO: SPARTA (DSMC) backend registered
2026-09-01 13:55:40,287 [oasis] INFO: Starting OASiS MCP server
2026-09-01 13:55:40,295 [mcp.server.lowlevel.server] INFO: Processing request of type CallToolRequest
2026-09-01 13:55:40,335 [mcp.server.lowlevel.server] INFO: Processing request of type ListToolsRequest
2026-09-01 13:55:43,954 [mcp.server.lowlevel.server] INFO: Processing request of type ListToolsRequest
2026-09-01 13:55:43,963 [oasis] INFO: Session journal saved: /home/alexander/Schreibtisch/ofa-v2/data/sessions/session_9a49e438-7b8e-4218-8adb-b25a9bd8c5ba.json (1 events)
2026-09-01 13:56:02,468 [oasis.registry] INFO: Loaded discovered config: 5 backends
2026-09-01 13:56:02,470 [oasis.registry] INFO: Registered backend: 4C Multiphysics (fourc)
2026-09-01 13:56:02,471 [oasis.registry] INFO: Registered backend: FEniCSx (dolfinx) (fenics)
2026-09-01 13:56:02,471 [oasis.registry] INFO: Registered backend: deal.II (dealii)
2026-09-01 13:56:02,474 [oasis.registry] INFO: Registered backend: FEBio (febio)
2026-09-01 13:56:02,477 [oasis.registry] INFO: Registered backend: NGSolve (ngsolve)
2026-09-01 13:56:02,477 [oasis.ngsolve] INFO: NGSolve backend registered
2026-09-01 13:56:02,479 [oasis.registry] INFO: Registered backend: scikit-fem (skfem)
2026-09-01 13:56:02,479 [oasis.skfem] INFO: scikit-fem backend registered
2026-09-01 13:56:02,483 [oasis.registry] INFO: Registered backend: Kratos Multiphysics (kratos)
2026-09-01 13:56:02,483 [oasis.kratos] INFO: Kratos Multiphysics backend registered
2026-09-01 13:56:02,485 [oasis.registry] INFO: Registered backend: DUNE-fem (dune)
2026-09-01 13:56:02,486 [oasis.dune] INFO: DUNE-fem backend registered
2026-09-01 13:56:02,490 [oasis.registry] INFO: Registered backend: SPARTA (DSMC) (sparta)
2026-09-01 13:56:02,490 [oasis.sparta] INFO: SPARTA (DSMC) backend registered
2026-09-01 13:56:02,491 [oasis] INFO: Starting OASiS MCP server
2026-09-01 13:56:02,498 [mcp.server.lowlevel.server] INFO: Processing request of type CallToolRequest
2026-09-01 13:56:02,533 [mcp.server.lowlevel.server] INFO: Processing request of type ListToolsRequest
2026-09-01 13:56:02,541 [oasis] INFO: Session journal saved: /home/alexander/Schreibtisch/ofa-v2/data/sessions/session_ce8d6e11-ca02-45d3-81ed-087c5d163615.json (1 events)
/home/alexander/Schreibtisch/ofa-v2/langgraph_eval/agent.py:381: RuntimeWarning: This package (`duckduckgo_search`) has been renamed to `ddgs`! Use `pip install ddgs` instead.
  with DDGS() as ddgs:
/home/alexander/Schreibtisch/ofa-v2/langgraph_eval/agent.py:381: RuntimeWarning: This package (`duckduckgo_search`) has been renamed to `ddgs`! Use `pip install ddgs` instead.
  with DDGS() as ddgs:
/home/alexander/Schreibtisch/ofa-v2/langgraph_eval/agent.py:381: RuntimeWarning: This package (`duckduckgo_search`) has been renamed to `ddgs`! Use `pip install ddgs` instead.
  with DDGS() as ddgs:
/home/alexander/Schreibtisch/ofa-v2/langgraph_eval/agent.py:456: LangGraphDeprecatedSinceV10: create_react_agent has been moved to `langchain.agents`. Please update your import to `from langchain.agents import create_agent`. Deprecated in LangGraph V1.0 to be removed in V2.0.
  sub_agent = create_react_agent(
2026-09-01 13:57:58,939 [oasis.registry] INFO: Loaded discovered config: 5 backends
2026-09-01 13:57:58,942 [oasis.registry] INFO: Registered backend: 4C Multiphysics (fourc)
2026-09-01 13:57:58,942 [oasis.registry] INFO: Registered backend: FEniCSx (dolfinx) (fenics)
2026-09-01 13:57:58,943 [oasis.registry] INFO: Registered backend: deal.II (dealii)
2026-09-01 13:57:58,946 [oasis.registry] INFO: Registered backend: FEBio (febio)
2026-09-01 13:57:58,949 [oasis.registry] INFO: Registered backend: NGSolve (ngsolve)
2026-09-01 13:57:58,949 [oasis.ngsolve] INFO: NGSolve backend registered
2026-09-01 13:57:58,952 [oasis.registry] INFO: Registered backend: scikit-fem (skfem)
2026-09-01 13:57:58,952 [oasis.skfem] INFO: scikit-fem backend registered
2026-09-01 13:57:58,956 [oasis.registry] INFO: Registered backend: Kratos Multiphysics (kratos)
2026-09-01 13:57:58,956 [oasis.kratos] INFO: Kratos Multiphysics backend registered
2026-09-01 13:57:58,958 [oasis.registry] INFO: Registered backend: DUNE-fem (dune)
2026-09-01 13:57:58,958 [oasis.dune] INFO: DUNE-fem backend registered
2026-09-01 13:57:58,964 [oasis.registry] INFO: Registered backend: SPARTA (DSMC) (sparta)
2026-09-01 13:57:58,964 [oasis.sparta] INFO: SPARTA (DSMC) backend registered
2026-09-01 13:57:58,964 [oasis] INFO: Starting OASiS MCP server
2026-09-01 13:57:58,972 [mcp.server.lowlevel.server] INFO: Processing request of type CallToolRequest
2026-09-01 13:57:58,976 [mcp.server.lowlevel.server] INFO: Processing request of type ListToolsRequest
2026-09-01 13:57:58,985 [oasis] INFO: Session journal saved: /home/alexander/Schreibtisch/ofa-v2/data/sessions/session_035ef6f0-6e35-424c-a6c5-91091b4f835e.json (1 events)
2026-09-01 13:58:04,291 [oasis.registry] INFO: Loaded discovered config: 5 backends
2026-09-01 13:58:04,294 [oasis.registry] INFO: Registered backend: 4C Multiphysics (fourc)
2026-09-01 13:58:04,294 [oasis.registry] INFO: Registered backend: FEniCSx (dolfinx) (fenics)
2026-09-01 13:58:04,295 [oasis.registry] INFO: Registered backend: deal.II (dealii)
2026-09-01 13:58:04,298 [oasis.registry] INFO: Registered backend: FEBio (febio)
2026-09-01 13:58:04,300 [oasis.registry] INFO: Registered backend: NGSolve (ngsolve)
2026-09-01 13:58:04,301 [oasis.ngsolve] INFO: NGSolve backend registered
2026-09-01 13:58:04,303 [oasis.registry] INFO: Registered backend: scikit-fem (skfem)
2026-09-01 13:58:04,303 [oasis.skfem] INFO: scikit-fem backend registered
2026-09-01 13:58:04,307 [oasis.registry] INFO: Registered backend: Kratos Multiphysics (kratos)
2026-09-01 13:58:04,307 [oasis.kratos] INFO: Kratos Multiphysics backend registered
2026-09-01 13:58:04,309 [oasis.registry] INFO: Registered backend: DUNE-fem (dune)
2026-09-01 13:58:04,309 [oasis.dune] INFO: DUNE-fem backend registered
2026-09-01 13:58:04,315 [oasis.registry] INFO: Registered backend: SPARTA (DSMC) (sparta)
2026-09-01 13:58:04,315 [oasis.sparta] INFO: SPARTA (DSMC) backend registered
2026-09-01 13:58:04,315 [oasis] INFO: Starting OASiS MCP server
2026-09-01 13:58:04,324 [mcp.server.lowlevel.server] INFO: Processing request of type CallToolRequest
2026-09-01 13:58:08,070 [mcp.server.lowlevel.server] INFO: Processing request of type ListToolsRequest
2026-09-01 13:58:08,078 [oasis] INFO: Session journal saved: /home/alexander/Schreibtisch/ofa-v2/data/sessions/session_fd9a5b24-98b0-477b-a0d7-465bc46cda2e.json (1 events)
2026-09-01 13:58:13,273 [oasis.registry] INFO: Loaded discovered config: 5 backends
2026-09-01 13:58:13,276 [oasis.registry] INFO: Registered backend: 4C Multiphysics (fourc)
2026-09-01 13:58:13,277 [oasis.registry] INFO: Registered backend: FEniCSx (dolfinx) (fenics)
2026-09-01 13:58:13,277 [oasis.registry] INFO: Registered backend: deal.II (dealii)
2026-09-01 13:58:13,281 [oasis.registry] INFO: Registered backend: FEBio (febio)
2026-09-01 13:58:13,283 [oasis.registry] INFO: Registered backend: NGSolve (ngsolve)
2026-09-01 13:58:13,283 [oasis.ngsolve] INFO: NGSolve backend registered
2026-09-01 13:58:13,286 [oasis.registry] INFO: Registered backend: scikit-fem (skfem)
2026-09-01 13:58:13,286 [oasis.skfem] INFO: scikit-fem backend registered
2026-09-01 13:58:13,289 [oasis.registry] INFO: Registered backend: Kratos Multiphysics (kratos)
2026-09-01 13:58:13,289 [oasis.kratos] INFO: Kratos Multiphysics backend registered
2026-09-01 13:58:13,292 [oasis.registry] INFO: Registered backend: DUNE-fem (dune)
2026-09-01 13:58:13,292 [oasis.dune] INFO: DUNE-fem backend registered
2026-09-01 13:58:13,297 [oasis.registry] INFO: Registered backend: SPARTA (DSMC) (sparta)
2026-09-01 13:58:13,297 [oasis.sparta] INFO: SPARTA (DSMC) backend registered
2026-09-01 13:58:13,297 [oasis] INFO: Starting OASiS MCP server
2026-09-01 13:58:13,305 [mcp.server.lowlevel.server] INFO: Processing request of type CallToolRequest
2026-09-01 13:58:13,347 [mcp.server.lowlevel.server] INFO: Processing request of type ListToolsRequest
2026-09-01 13:58:25,001 [oasis.registry] INFO: Loaded discovered config: 5 backends
2026-09-01 13:58:25,003 [oasis.registry] INFO: Registered backend: 4C Multiphysics (fourc)
2026-09-01 13:58:25,004 [oasis.registry] INFO: Registered backend: FEniCSx (dolfinx) (fenics)
2026-09-01 13:58:25,004 [oasis.registry] INFO: Registered backend: deal.II (dealii)
2026-09-01 13:58:25,008 [oasis.registry] INFO: Registered backend: FEBio (febio)
2026-09-01 13:58:25,010 [oasis.registry] INFO: Registered backend: NGSolve (ngsolve)
2026-09-01 13:58:25,010 [oasis.ngsolve] INFO: NGSolve backend registered
2026-09-01 13:58:25,014 [oasis.registry] INFO: Registered backend: scikit-fem (skfem)
2026-09-01 13:58:25,014 [oasis.skfem] INFO: scikit-fem backend registered
2026-09-01 13:58:25,018 [oasis.registry] INFO: Registered backend: Kratos Multiphysics (kratos)
2026-09-01 13:58:25,018 [oasis.kratos] INFO: Kratos Multiphysics backend registered
2026-09-01 13:58:25,021 [oasis.registry] INFO: Registered backend: DUNE-fem (dune)
2026-09-01 13:58:25,021 [oasis.dune] INFO: DUNE-fem backend registered
2026-09-01 13:58:25,026 [oasis.registry] INFO: Registered backend: SPARTA (DSMC) (sparta)
2026-09-01 13:58:25,026 [oasis.sparta] INFO: SPARTA (DSMC) backend registered
2026-09-01 13:58:25,026 [oasis] INFO: Starting OASiS MCP server
2026-09-01 13:58:25,037 [mcp.server.lowlevel.server] INFO: Processing request of type CallToolRequest
2026-09-01 13:58:25,045 [mcp.server.lowlevel.server] INFO: Processing request of type ListToolsRequest
2026-09-01 14:00:18,184 [oasis.registry] INFO: Loaded discovered config: 5 backends
2026-09-01 14:00:18,187 [oasis.registry] INFO: Registered backend: 4C Multiphysics (fourc)
2026-09-01 14:00:18,188 [oasis.registry] INFO: Registered backend: FEniCSx (dolfinx) (fenics)
2026-09-01 14:00:18,188 [oasis.registry] INFO: Registered backend: deal.II (dealii)
2026-09-01 14:00:18,191 [oasis.registry] INFO: Registered backend: FEBio (febio)
2026-09-01 14:00:18,194 [oasis.registry] INFO: Registered backend: NGSolve (ngsolve)
2026-09-01 14:00:18,194 [oasis.ngsolve] INFO: NGSolve backend registered
2026-09-01 14:00:18,197 [oasis.registry] INFO: Registered backend: scikit-fem (skfem)
2026-09-01 14:00:18,197 [oasis.skfem] INFO: scikit-fem backend registered
2026-09-01 14:00:18,201 [oasis.registry] INFO: Registered backend: Kratos Multiphysics (kratos)
2026-09-01 14:00:18,201 [oasis.kratos] INFO: Kratos Multiphysics backend registered
2026-09-01 14:00:18,203 [oasis.registry] INFO: Registered backend: DUNE-fem (dune)
2026-09-01 14:00:18,203 [oasis.dune] INFO: DUNE-fem backend registered
2026-09-01 14:00:18,209 [oasis.registry] INFO: Registered backend: SPARTA (DSMC) (sparta)
2026-09-01 14:00:18,209 [oasis.sparta] INFO: SPARTA (DSMC) backend registered
2026-09-01 14:00:18,209 [oasis] INFO: Starting OASiS MCP server
2026-09-01 14:00:18,218 [mcp.server.lowlevel.server] INFO: Processing request of type CallToolRequest
2026-09-01 14:00:18,272 [mcp.server.lowlevel.server] INFO: Processing request of type ListToolsRequest
/home/alexander/Schreibtisch/ofa-v2/langgraph_eval/agent.py:456: LangGraphDeprecatedSinceV10: create_react_agent has been moved to `langchain.agents`. Please update your import to `from langchain.agents import create_agent`. Deprecated in LangGraph V1.0 to be removed in V2.0.
  sub_agent = create_react_agent(
2026-09-01 14:00:37,483 [oasis.registry] INFO: Loaded discovered config: 5 backends
2026-09-01 14:00:37,486 [oasis.registry] INFO: Registered backend: 4C Multiphysics (fourc)
2026-09-01 14:00:37,486 [oasis.registry] INFO: Registered backend: FEniCSx (dolfinx) (fenics)
2026-09-01 14:00:37,487 [oasis.registry] INFO: Registered backend: deal.II (dealii)
2026-09-01 14:00:37,488 [oasis.registry] INFO: Loaded discovered config: 5 backends
2026-09-01 14:00:37,490 [oasis.registry] INFO: Registered backend: FEBio (febio)
2026-09-01 14:00:37,490 [oasis.registry] INFO: Registered backend: 4C Multiphysics (fourc)
2026-09-01 14:00:37,491 [oasis.registry] INFO: Registered backend: FEniCSx (dolfinx) (fenics)
2026-09-01 14:00:37,491 [oasis.registry] INFO: Registered backend: deal.II (dealii)
2026-09-01 14:00:37,493 [oasis.registry] INFO: Registered backend: NGSolve (ngsolve)
2026-09-01 14:00:37,493 [oasis.ngsolve] INFO: NGSolve backend registered
2026-09-01 14:00:37,495 [oasis.registry] INFO: Registered backend: FEBio (febio)
2026-09-01 14:00:37,495 [oasis.registry] INFO: Registered backend: scikit-fem (skfem)
2026-09-01 14:00:37,495 [oasis.skfem] INFO: scikit-fem backend registered
2026-09-01 14:00:37,497 [oasis.registry] INFO: Registered backend: NGSolve (ngsolve)
2026-09-01 14:00:37,497 [oasis.ngsolve] INFO: NGSolve backend registered
2026-09-01 14:00:37,499 [oasis.registry] INFO: Registered backend: Kratos Multiphysics (kratos)
2026-09-01 14:00:37,499 [oasis.kratos] INFO: Kratos Multiphysics backend registered
2026-09-01 14:00:37,500 [oasis.registry] INFO: Registered backend: scikit-fem (skfem)
2026-09-01 14:00:37,500 [oasis.skfem] INFO: scikit-fem backend registered
2026-09-01 14:00:37,502 [oasis.registry] INFO: Registered backend: DUNE-fem (dune)
2026-09-01 14:00:37,502 [oasis.dune] INFO: DUNE-fem backend registered
2026-09-01 14:00:37,504 [oasis.registry] INFO: Registered backend: Kratos Multiphysics (kratos)
2026-09-01 14:00:37,504 [oasis.kratos] INFO: Kratos Multiphysics backend registered
2026-09-01 14:00:37,506 [oasis.registry] INFO: Registered backend: DUNE-fem (dune)
2026-09-01 14:00:37,506 [oasis.dune] INFO: DUNE-fem backend registered
2026-09-01 14:00:37,507 [oasis.registry] INFO: Registered backend: SPARTA (DSMC) (sparta)
2026-09-01 14:00:37,507 [oasis.sparta] INFO: SPARTA (DSMC) backend registered
2026-09-01 14:00:37,507 [oasis] INFO: Starting OASiS MCP server
2026-09-01 14:00:37,511 [oasis.registry] INFO: Registered backend: SPARTA (DSMC) (sparta)
2026-09-01 14:00:37,512 [oasis.sparta] INFO: SPARTA (DSMC) backend registered
2026-09-01 14:00:37,512 [oasis] INFO: Starting OASiS MCP server
2026-09-01 14:00:37,515 [mcp.server.lowlevel.server] INFO: Processing request of type CallToolRequest
2026-09-01 14:00:37,519 [mcp.server.lowlevel.server] INFO: Processing request of type CallToolRequest
2026-09-01 14:00:37,523 [mcp.server.lowlevel.server] INFO: Processing request of type ListToolsRequest
2026-09-01 14:00:37,530 [oasis] INFO: Session journal saved: /home/alexander/Schreibtisch/ofa-v2/data/sessions/session_797486cd-67be-4e9a-96ea-c5cd7637255b.json (1 events)
2026-09-01 14:00:41,180 [mcp.server.lowlevel.server] INFO: Processing request of type ListToolsRequest
2026-09-01 14:00:41,186 [oasis] INFO: Session journal saved: /home/alexander/Schreibtisch/ofa-v2/data/sessions/session_a6ab4a8f-284c-4569-a6e9-315dba50ad43.json (1 events)
/home/alexander/Schreibtisch/ofa-v2/langgraph_eval/agent.py:456: LangGraphDeprecatedSinceV10: create_react_agent has been moved to `langchain.agents`. Please update your import to `from langchain.agents import create_agent`. Deprecated in LangGraph V1.0 to be removed in V2.0.
  sub_agent = create_react_agent(
2026-09-01 14:01:15,346 [oasis.registry] INFO: Loaded discovered config: 5 backends
2026-09-01 14:01:15,348 [oasis.registry] INFO: Registered backend: 4C Multiphysics (fourc)
2026-09-01 14:01:15,349 [oasis.registry] INFO: Registered backend: FEniCSx (dolfinx) (fenics)
2026-09-01 14:01:15,350 [oasis.registry] INFO: Registered backend: deal.II (dealii)
2026-09-01 14:01:15,353 [oasis.registry] INFO: Registered backend: FEBio (febio)
2026-09-01 14:01:15,355 [oasis.registry] INFO: Registered backend: NGSolve (ngsolve)
2026-09-01 14:01:15,355 [oasis.ngsolve] INFO: NGSolve backend registered
2026-09-01 14:01:15,358 [oasis.registry] INFO: Registered backend: scikit-fem (skfem)
2026-09-01 14:01:15,358 [oasis.skfem] INFO: scikit-fem backend registered
2026-09-01 14:01:15,362 [oasis.registry] INFO: Registered backend: Kratos Multiphysics (kratos)
2026-09-01 14:01:15,362 [oasis.kratos] INFO: Kratos Multiphysics backend registered
2026-09-01 14:01:15,364 [oasis.registry] INFO: Registered backend: DUNE-fem (dune)
2026-09-01 14:01:15,364 [oasis.dune] INFO: DUNE-fem backend registered
2026-09-01 14:01:15,369 [oasis.registry] INFO: Registered backend: SPARTA (DSMC) (sparta)
2026-09-01 14:01:15,370 [oasis.sparta] INFO: SPARTA (DSMC) backend registered
2026-09-01 14:01:15,370 [oasis] INFO: Starting OASiS MCP server
2026-09-01 14:01:15,378 [mcp.server.lowlevel.server] INFO: Processing request of type CallToolRequest
2026-09-01 14:01:15,384 [mcp.server.lowlevel.server] INFO: Processing request of type ListToolsRequest
/home/alexander/Schreibtisch/ofa-v2/langgraph_eval/agent.py:381: RuntimeWarning: This package (`duckduckgo_search`) has been renamed to `ddgs`! Use `pip install ddgs` instead.
  with DDGS() as ddgs:
/home/alexander/Schreibtisch/ofa-v2/langgraph_eval/agent.py:381: RuntimeWarning: This package (`duckduckgo_search`) has been renamed to `ddgs`! Use `pip install ddgs` instead.
  with DDGS() as ddgs:
/home/alexander/Schreibtisch/ofa-v2/langgraph_eval/agent.py:381: RuntimeWarning: This package (`duckduckgo_search`) has been renamed to `ddgs`! Use `pip install ddgs` instead.
  with DDGS() as ddgs:
2026-09-01 14:01:18,075 [oasis.registry] INFO: Loaded discovered config: 5 backends
2026-09-01 14:01:18,077 [oasis.registry] INFO: Registered backend: 4C Multiphysics (fourc)
2026-09-01 14:01:18,078 [oasis.registry] INFO: Registered backend: FEniCSx (dolfinx) (fenics)
2026-09-01 14:01:18,079 [oasis.registry] INFO: Registered backend: deal.II (dealii)
2026-09-01 14:01:18,082 [oasis.registry] INFO: Registered backend: FEBio (febio)
2026-09-01 14:01:18,085 [oasis.registry] INFO: Registered backend: NGSolve (ngsolve)
2026-09-01 14:01:18,085 [oasis.ngsolve] INFO: NGSolve backend registered
2026-09-01 14:01:18,089 [oasis.registry] INFO: Registered backend: scikit-fem (skfem)
2026-09-01 14:01:18,089 [oasis.skfem] INFO: scikit-fem backend registered
2026-09-01 14:01:18,093 [oasis.registry] INFO: Registered backend: Kratos Multiphysics (kratos)
2026-09-01 14:01:18,093 [oasis.kratos] INFO: Kratos Multiphysics backend registered
2026-09-01 14:01:18,096 [oasis.registry] INFO: Registered backend: DUNE-fem (dune)
2026-09-01 14:01:18,096 [oasis.dune] INFO: DUNE-fem backend registered
2026-09-01 14:01:18,103 [oasis.registry] INFO: Registered backend: SPARTA (DSMC) (sparta)
2026-09-01 14:01:18,103 [oasis.sparta] INFO: SPARTA (DSMC) backend registered
2026-09-01 14:01:18,103 [oasis] INFO: Starting OASiS MCP server
2026-09-01 14:01:18,112 [mcp.server.lowlevel.server] INFO: Processing request of type CallToolRequest
2026-09-01 14:01:18,167 [oasis.registry] INFO: Loaded discovered config: 5 backends
2026-09-01 14:01:18,169 [oasis.registry] INFO: Registered backend: 4C Multiphysics (fourc)
2026-09-01 14:01:18,170 [oasis.registry] INFO: Registered backend: FEniCSx (dolfinx) (fenics)
2026-09-01 14:01:18,171 [oasis.registry] INFO: Registered backend: deal.II (dealii)
2026-09-01 14:01:18,174 [oasis.registry] INFO: Registered backend: FEBio (febio)
2026-09-01 14:01:18,176 [oasis.registry] INFO: Registered backend: NGSolve (ngsolve)
2026-09-01 14:01:18,176 [oasis.ngsolve] INFO: NGSolve backend registered
2026-09-01 14:01:18,179 [oasis.registry] INFO: Registered backend: scikit-fem (skfem)
2026-09-01 14:01:18,179 [oasis.skfem] INFO: scikit-fem backend registered
2026-09-01 14:01:18,183 [oasis.registry] INFO: Registered backend: Kratos Multiphysics (kratos)
2026-09-01 14:01:18,183 [oasis.kratos] INFO: Kratos Multiphysics backend registered
2026-09-01 14:01:18,185 [oasis.registry] INFO: Registered backend: DUNE-fem (dune)
2026-09-01 14:01:18,185 [oasis.dune] INFO: DUNE-fem backend registered
2026-09-01 14:01:18,191 [oasis.registry] INFO: Registered backend: SPARTA (DSMC) (sparta)
2026-09-01 14:01:18,191 [oasis.sparta] INFO: SPARTA (DSMC) backend registered
2026-09-01 14:01:18,191 [oasis] INFO: Starting OASiS MCP server
2026-09-01 14:01:18,199 [mcp.server.lowlevel.server] INFO: Processing request of type CallToolRequest
2026-09-01 14:01:18,233 [mcp.server.lowlevel.server] INFO: Processing request of type ListToolsRequest
2026-09-01 14:01:21,773 [mcp.server.lowlevel.server] INFO: Processing request of type ListToolsRequest
2026-09-01 14:01:21,780 [oasis] INFO: Session journal saved: /home/alexander/Schreibtisch/ofa-v2/data/sessions/session_6041ed26-2d6c-4983-af95-8e423a340f13.json (1 events)
2026-09-01 14:01:38,113 [oasis.registry] INFO: Loaded discovered config: 5 backends
2026-09-01 14:01:38,115 [oasis.registry] INFO: Registered backend: 4C Multiphysics (fourc)
2026-09-01 14:01:38,116 [oasis.registry] INFO: Registered backend: FEniCSx (dolfinx) (fenics)
2026-09-01 14:01:38,116 [oasis.registry] INFO: Registered backend: deal.II (dealii)
2026-09-01 14:01:38,122 [oasis.registry] INFO: Registered backend: FEBio (febio)
2026-09-01 14:01:38,126 [oasis.registry] INFO: Registered backend: NGSolve (ngsolve)
2026-09-01 14:01:38,126 [oasis.ngsolve] INFO: NGSolve backend registered
2026-09-01 14:01:38,129 [oasis.registry] INFO: Registered backend: scikit-fem (skfem)
2026-09-01 14:01:38,129 [oasis.skfem] INFO: scikit-fem backend registered
2026-09-01 14:01:38,134 [oasis.registry] INFO: Registered backend: Kratos Multiphysics (kratos)
2026-09-01 14:01:38,134 [oasis.kratos] INFO: Kratos Multiphysics backend registered
2026-09-01 14:01:38,137 [oasis.registry] INFO: Registered backend: DUNE-fem (dune)
2026-09-01 14:01:38,137 [oasis.dune] INFO: DUNE-fem backend registered
2026-09-01 14:01:38,143 [oasis.registry] INFO: Registered backend: SPARTA (DSMC) (sparta)
2026-09-01 14:01:38,143 [oasis.sparta] INFO: SPARTA (DSMC) backend registered
2026-09-01 14:01:38,143 [oasis] INFO: Starting OASiS MCP server
2026-09-01 14:01:38,154 [mcp.server.lowlevel.server] INFO: Processing request of type CallToolRequest
2026-09-01 14:01:38,163 [mcp.server.lowlevel.server] INFO: Processing request of type ListToolsRequest
[preflight] custody controls verified for 1 problem(s); keys sealed and unreadable by execution
[phase: development] results are for post-mortems and convergence checking, NOT for the paper's evaluation table.
[DU1 27b MCP s96] done  calls=44 tok=2595303/24909 1420.0s
<<< DU1 seed 96 done 2026-09-01 14:01:53
/home/alexander/Schreibtisch/ofa-v2/langgraph_eval/agent.py:456: LangGraphDeprecatedSinceV10: create_react_agent has been moved to `langchain.agents`. Please update your import to `from langchain.agents import create_agent`. Deprecated in LangGraph V1.0 to be removed in V2.0.
  sub_agent = create_react_agent(
/home/alexander/Schreibtisch/ofa-v2/langgraph_eval/agent.py:381: RuntimeWarning: This package (`duckduckgo_search`) has been renamed to `ddgs`! Use `pip install ddgs` instead.
  with DDGS() as ddgs:
/home/alexander/Schreibtisch/ofa-v2/langgraph_eval/agent.py:381: RuntimeWarning: This package (`duckduckgo_search`) has been renamed to `ddgs`! Use `pip install ddgs` instead.
  with DDGS() as ddgs:
2026-09-01 14:02:16,657 [oasis.registry] INFO: Loaded discovered config: 5 backends
2026-09-01 14:02:16,659 [oasis.registry] INFO: Registered backend: 4C Multiphysics (fourc)
2026-09-01 14:02:16,660 [oasis.registry] INFO: Registered backend: FEniCSx (dolfinx) (fenics)
2026-09-01 14:02:16,660 [oasis.registry] INFO: Registered backend: deal.II (dealii)
2026-09-01 14:02:16,664 [oasis.registry] INFO: Registered backend: FEBio (febio)
2026-09-01 14:02:16,666 [oasis.registry] INFO: Registered backend: NGSolve (ngsolve)
2026-09-01 14:02:16,667 [oasis.ngsolve] INFO: NGSolve backend registered
2026-09-01 14:02:16,669 [oasis.registry] INFO: Registered backend: scikit-fem (skfem)
2026-09-01 14:02:16,669 [oasis.skfem] INFO: scikit-fem backend registered
2026-09-01 14:02:16,674 [oasis.registry] INFO: Registered backend: Kratos Multiphysics (kratos)
2026-09-01 14:02:16,674 [oasis.kratos] INFO: Kratos Multiphysics backend registered
2026-09-01 14:02:16,676 [oasis.registry] INFO: Registered backend: DUNE-fem (dune)
2026-09-01 14:02:16,676 [oasis.dune] INFO: DUNE-fem backend registered
2026-09-01 14:02:16,682 [oasis.registry] INFO: Registered backend: SPARTA (DSMC) (sparta)
2026-09-01 14:02:16,682 [oasis.sparta] INFO: SPARTA (DSMC) backend registered
2026-09-01 14:02:16,682 [oasis] INFO: Starting OASiS MCP server
2026-09-01 14:02:16,690 [mcp.server.lowlevel.server] INFO: Processing request of type CallToolRequest
2026-09-01 14:02:16,695 [oasis.registry] INFO: Loaded discovered config: 5 backends
2026-09-01 14:02:16,697 [oasis.registry] INFO: Registered backend: 4C Multiphysics (fourc)
2026-09-01 14:02:16,698 [oasis.registry] INFO: Registered backend: FEniCSx (dolfinx) (fenics)
2026-09-01 14:02:16,698 [oasis.registry] INFO: Registered backend: deal.II (dealii)
2026-09-01 14:02:16,702 [oasis.registry] INFO: Registered backend: FEBio (febio)
2026-09-01 14:02:16,705 [oasis.registry] INFO: Registered backend: NGSolve (ngsolve)
2026-09-01 14:02:16,705 [oasis.ngsolve] INFO: NGSolve backend registered
2026-09-01 14:02:16,708 [oasis.registry] INFO: Registered backend: scikit-fem (skfem)
2026-09-01 14:02:16,708 [oasis.skfem] INFO: scikit-fem backend registered
2026-09-01 14:02:16,712 [oasis.registry] INFO: Registered backend: Kratos Multiphysics (kratos)
2026-09-01 14:02:16,712 [oasis.kratos] INFO: Kratos Multiphysics backend registered
2026-09-01 14:02:16,715 [oasis.registry] INFO: Registered backend: DUNE-fem (dune)
2026-09-01 14:02:16,715 [oasis.dune] INFO: DUNE-fem backend registered
2026-09-01 14:02:16,721 [oasis.registry] INFO: Registered backend: SPARTA (DSMC) (sparta)
2026-09-01 14:02:16,721 [oasis.sparta] INFO: SPARTA (DSMC) backend registered
2026-09-01 14:02:16,721 [oasis] INFO: Starting OASiS MCP server
2026-09-01 14:02:16,730 [mcp.server.lowlevel.server] INFO: Processing request of type CallToolRequest
2026-09-01 14:02:16,735 [mcp.server.lowlevel.server] INFO: Processing request of type ListToolsRequest
2026-09-01 14:02:16,735 [mcp.server.lowlevel.server] INFO: Processing request of type ListToolsRequest
2026-09-01 14:02:16,743 [oasis] INFO: Session journal saved: /home/alexander/Schreibtisch/ofa-v2/data/sessions/session_87530f98-b49a-4c8f-848f-846b92b12d4b.json (1 events)
/home/alexander/Schreibtisch/ofa-v2/langgraph_eval/agent.py:381: RuntimeWarning: This package (`duckduckgo_search`) has been renamed to `ddgs`! Use `pip install ddgs` instead.
  with DDGS() as ddgs:
[preflight] custody controls verified for 1 problem(s); keys sealed and unreadable by execution
[phase: development] results are for post-mortems and convergence checking, NOT for the paper's evaluation table.
[FC2 27b BARE s96] done  calls=499 tok=26579900/49163 1591.4s  ERR RecursionLimit: exhausted 1000 graph steps
2026-09-01 14:02:28,283 [oasis.registry] INFO: Loaded discovered config: 5 backends
2026-09-01 14:02:28,286 [oasis.registry] INFO: Registered backend: 4C Multiphysics (fourc)
2026-09-01 14:02:28,288 [oasis.registry] INFO: Registered backend: FEniCSx (dolfinx) (fenics)
2026-09-01 14:02:28,288 [oasis.registry] INFO: Registered backend: deal.II (dealii)
2026-09-01 14:02:28,292 [oasis.registry] INFO: Registered backend: FEBio (febio)
2026-09-01 14:02:28,295 [oasis.registry] INFO: Registered backend: NGSolve (ngsolve)
2026-09-01 14:02:28,295 [oasis.ngsolve] INFO: NGSolve backend registered
2026-09-01 14:02:28,298 [oasis.registry] INFO: Registered backend: scikit-fem (skfem)
2026-09-01 14:02:28,298 [oasis.skfem] INFO: scikit-fem backend registered
2026-09-01 14:02:28,305 [oasis.registry] INFO: Registered backend: Kratos Multiphysics (kratos)
2026-09-01 14:02:28,305 [oasis.kratos] INFO: Kratos Multiphysics backend registered
2026-09-01 14:02:28,308 [oasis.registry] INFO: Registered backend: DUNE-fem (dune)
2026-09-01 14:02:28,308 [oasis.dune] INFO: DUNE-fem backend registered
2026-09-01 14:02:28,313 [oasis.registry] INFO: Registered backend: SPARTA (DSMC) (sparta)
2026-09-01 14:02:28,314 [oasis.sparta] INFO: SPARTA (DSMC) backend registered
2026-09-01 14:02:28,314 [oasis] INFO: Starting OASiS MCP server
2026-09-01 14:02:28,324 [mcp.server.lowlevel.server] INFO: Processing request of type CallToolRequest
2026-09-01 14:02:28,365 [mcp.server.lowlevel.server] INFO: Processing request of type ListToolsRequest
2026-09-01 14:02:41,319 [oasis.registry] INFO: Loaded discovered config: 5 backends
2026-09-01 14:02:41,322 [oasis.registry] INFO: Registered backend: 4C Multiphysics (fourc)
2026-09-01 14:02:41,322 [oasis.registry] INFO: Registered backend: FEniCSx (dolfinx) (fenics)
2026-09-01 14:02:41,323 [oasis.registry] INFO: Registered backend: deal.II (dealii)
2026-09-01 14:02:41,326 [oasis.registry] INFO: Registered backend: FEBio (febio)
2026-09-01 14:02:41,328 [oasis.registry] INFO: Registered backend: NGSolve (ngsolve)
2026-09-01 14:02:41,328 [oasis.ngsolve] INFO: NGSolve backend registered
2026-09-01 14:02:41,331 [oasis.registry] INFO: Registered backend: scikit-fem (skfem)
2026-09-01 14:02:41,331 [oasis.skfem] INFO: scikit-fem backend registered
2026-09-01 14:02:41,335 [oasis.registry] INFO: Registered backend: Kratos Multiphysics (kratos)
2026-09-01 14:02:41,335 [oasis.kratos] INFO: Kratos Multiphysics backend registered
2026-09-01 14:02:41,337 [oasis.registry] INFO: Registered backend: DUNE-fem (dune)
2026-09-01 14:02:41,338 [oasis.dune] INFO: DUNE-fem backend registered
2026-09-01 14:02:41,343 [oasis.registry] INFO: Registered backend: SPARTA (DSMC) (sparta)
2026-09-01 14:02:41,343 [oasis.sparta] INFO: SPARTA (DSMC) backend registered
2026-09-01 14:02:41,343 [oasis] INFO: Starting OASiS MCP server
2026-09-01 14:02:41,351 [mcp.server.lowlevel.server] INFO: Processing request of type ListToolsRequest
2026-09-01 14:02:49,263 [oasis.registry] INFO: Loaded discovered config: 5 backends
2026-09-01 14:02:49,265 [oasis.registry] INFO: Registered backend: 4C Multiphysics (fourc)
2026-09-01 14:02:49,266 [oasis.registry] INFO: Registered backend: FEniCSx (dolfinx) (fenics)
2026-09-01 14:02:49,266 [oasis.registry] INFO: Registered backend: deal.II (dealii)
2026-09-01 14:02:49,269 [oasis.registry] INFO: Registered backend: FEBio (febio)
2026-09-01 14:02:49,272 [oasis.registry] INFO: Registered backend: NGSolve (ngsolve)
2026-09-01 14:02:49,272 [oasis.ngsolve] INFO: NGSolve backend registered
2026-09-01 14:02:49,274 [oasis.registry] INFO: Registered backend: scikit-fem (skfem)
2026-09-01 14:02:49,274 [oasis.skfem] INFO: scikit-fem backend registered
2026-09-01 14:02:49,278 [oasis.registry] INFO: Registered backend: Kratos Multiphysics (kratos)
2026-09-01 14:02:49,278 [oasis.kratos] INFO: Kratos Multiphysics backend registered
2026-09-01 14:02:49,280 [oasis.registry] INFO: Registered backend: DUNE-fem (dune)
2026-09-01 14:02:49,280 [oasis.dune] INFO: DUNE-fem backend registered
2026-09-01 14:02:49,286 [oasis.registry] INFO: Registered backend: SPARTA (DSMC) (sparta)
2026-09-01 14:02:49,286 [oasis.sparta] INFO: SPARTA (DSMC) backend registered
2026-09-01 14:02:49,286 [oasis] INFO: Starting OASiS MCP server
2026-09-01 14:02:49,294 [mcp.server.lowlevel.server] INFO: Processing request of type CallToolRequest
2026-09-01 14:02:52,808 [mcp.server.lowlevel.server] INFO: Processing request of type ListToolsRequest
2026-09-01 14:02:52,816 [oasis] INFO: Session journal saved: /home/alexander/Schreibtisch/ofa-v2/data/sessions/session_88e9b5c1-e078-485c-b1b9-6021c2a1c173.json (1 events)
2026-09-01 14:03:08,498 [oasis.registry] INFO: Loaded discovered config: 5 backends
2026-09-01 14:03:08,501 [oasis.registry] INFO: Registered backend: 4C Multiphysics (fourc)
2026-09-01 14:03:08,501 [oasis.registry] INFO: Registered backend: FEniCSx (dolfinx) (fenics)
2026-09-01 14:03:08,502 [oasis.registry] INFO: Registered backend: deal.II (dealii)
2026-09-01 14:03:08,505 [oasis.registry] INFO: Registered backend: FEBio (febio)
2026-09-01 14:03:08,507 [oasis.registry] INFO: Registered backend: NGSolve (ngsolve)
2026-09-01 14:03:08,507 [oasis.ngsolve] INFO: NGSolve backend registered
2026-09-01 14:03:08,510 [oasis.registry] INFO: Registered backend: scikit-fem (skfem)
2026-09-01 14:03:08,510 [oasis.skfem] INFO: scikit-fem backend registered
2026-09-01 14:03:08,514 [oasis.registry] INFO: Registered backend: Kratos Multiphysics (kratos)
2026-09-01 14:03:08,514 [oasis.kratos] INFO: Kratos Multiphysics backend registered
2026-09-01 14:03:08,516 [oasis.registry] INFO: Registered backend: DUNE-fem (dune)
2026-09-01 14:03:08,516 [oasis.dune] INFO: DUNE-fem backend registered
2026-09-01 14:03:08,521 [oasis.registry] INFO: Registered backend: SPARTA (DSMC) (sparta)
2026-09-01 14:03:08,521 [oasis.sparta] INFO: SPARTA (DSMC) backend registered
2026-09-01 14:03:08,521 [oasis] INFO: Starting OASiS MCP server
2026-09-01 14:03:08,529 [mcp.server.lowlevel.server] INFO: Processing request of type CallToolRequest
2026-09-01 14:03:08,563 [mcp.server.lowlevel.server] INFO: Processing request of type ListToolsRequest
2026-09-01 14:03:08,569 [oasis] INFO: Session journal saved: /home/alexander/Schreibtisch/ofa-v2/data/sessions/session_994ef7fc-a008-4809-beec-49105d5c8155.json (1 events)
/home/alexander/Schreibtisch/ofa-v2/langgraph_eval/agent.py:381: RuntimeWarning: This package (`duckduckgo_search`) has been renamed to `ddgs`! Use `pip install ddgs` instead.
  with DDGS() as ddgs:
/home/alexander/Schreibtisch/ofa-v2/langgraph_eval/agent.py:381: RuntimeWarning: This package (`duckduckgo_search`) has been renamed to `ddgs`! Use `pip install ddgs` instead.
  with DDGS() as ddgs:
2026-09-01 14:03:35,118 [oasis.registry] INFO: Loaded discovered config: 5 backends
2026-09-01 14:03:35,120 [oasis.registry] INFO: Registered backend: 4C Multiphysics (fourc)
2026-09-01 14:03:35,121 [oasis.registry] INFO: Registered backend: FEniCSx (dolfinx) (fenics)
2026-09-01 14:03:35,122 [oasis.registry] INFO: Registered backend: deal.II (dealii)
2026-09-01 14:03:35,125 [oasis.registry] INFO: Registered backend: FEBio (febio)
2026-09-01 14:03:35,128 [oasis.registry] INFO: Registered backend: NGSolve (ngsolve)
2026-09-01 14:03:35,128 [oasis.ngsolve] INFO: NGSolve backend registered
2026-09-01 14:03:35,131 [oasis.registry] INFO: Registered backend: scikit-fem (skfem)
2026-09-01 14:03:35,131 [oasis.skfem] INFO: scikit-fem backend registered
2026-09-01 14:03:35,135 [oasis.registry] INFO: Registered backend: Kratos Multiphysics (kratos)
2026-09-01 14:03:35,135 [oasis.kratos] INFO: Kratos Multiphysics backend registered
2026-09-01 14:03:35,137 [oasis.registry] INFO: Registered backend: DUNE-fem (dune)
2026-09-01 14:03:35,137 [oasis.dune] INFO: DUNE-fem backend registered
/home/alexander/Schreibtisch/ofa-v2/langgraph_eval/agent.py:381: RuntimeWarning: This package (`duckduckgo_search`) has been renamed to `ddgs`! Use `pip install ddgs` instead.
  with DDGS() as ddgs:
2026-09-01 14:03:35,143 [oasis.registry] INFO: Registered backend: SPARTA (DSMC) (sparta)
2026-09-01 14:03:35,143 [oasis.sparta] INFO: SPARTA (DSMC) backend registered
2026-09-01 14:03:35,143 [oasis] INFO: Starting OASiS MCP server
2026-09-01 14:03:35,153 [mcp.server.lowlevel.server] INFO: Processing request of type CallToolRequest
/home/alexander/Schreibtisch/ofa-v2/langgraph_eval/agent.py:381: RuntimeWarning: This package (`duckduckgo_search`) has been renamed to `ddgs`! Use `pip install ddgs` instead.
  with DDGS() as ddgs:
/home/alexander/Schreibtisch/ofa-v2/langgraph_eval/agent.py:381: RuntimeWarning: This package (`duckduckgo_search`) has been renamed to `ddgs`! Use `pip install ddgs` instead.
  with DDGS() as ddgs:
2026-09-01 14:03:38,968 [mcp.server.lowlevel.server] INFO: Processing request of type ListToolsRequest
2026-09-01 14:03:38,976 [oasis] INFO: Session journal saved: /home/alexander/Schreibtisch/ofa-v2/data/sessions/session_7f9b8bce-c925-4781-a74c-a444de9a79c5.json (1 events)
/home/alexander/Schreibtisch/ofa-v2/langgraph_eval/agent.py:381: RuntimeWarning: This package (`duckduckgo_search`) has been renamed to `ddgs`! Use `pip install ddgs` instead.
  with DDGS() as ddgs:
/home/alexander/Schreibtisch/ofa-v2/langgraph_eval/agent.py:381: RuntimeWarning: This package (`duckduckgo_search`) has been renamed to `ddgs`! Use `pip install ddgs` instead.
  with DDGS() as ddgs:
2026-09-01 14:03:45,162 [oasis.registry] INFO: Loaded discovered config: 5 backends
2026-09-01 14:03:45,164 [oasis.registry] INFO: Registered backend: 4C Multiphysics (fourc)
2026-09-01 14:03:45,165 [oasis.registry] INFO: Registered backend: FEniCSx (dolfinx) (fenics)
2026-09-01 14:03:45,165 [oasis.registry] INFO: Registered backend: deal.II (dealii)
2026-09-01 14:03:45,168 [oasis.registry] INFO: Registered backend: FEBio (febio)
2026-09-01 14:03:45,171 [oasis.registry] INFO: Registered backend: NGSolve (ngsolve)
2026-09-01 14:03:45,171 [oasis.ngsolve] INFO: NGSolve backend registered
2026-09-01 14:03:45,174 [oasis.registry] INFO: Registered backend: scikit-fem (skfem)
2026-09-01 14:03:45,174 [oasis.skfem] INFO: scikit-fem backend registered
2026-09-01 14:03:45,177 [oasis.registry] INFO: Registered backend: Kratos Multiphysics (kratos)
2026-09-01 14:03:45,177 [oasis.kratos] INFO: Kratos Multiphysics backend registered
2026-09-01 14:03:45,180 [oasis.registry] INFO: Registered backend: DUNE-fem (dune)
2026-09-01 14:03:45,180 [oasis.dune] INFO: DUNE-fem backend registered
2026-09-01 14:03:45,185 [oasis.registry] INFO: Registered backend: SPARTA (DSMC) (sparta)
2026-09-01 14:03:45,185 [oasis.sparta] INFO: SPARTA (DSMC) backend registered
2026-09-01 14:03:45,185 [oasis] INFO: Starting OASiS MCP server
2026-09-01 14:03:45,193 [mcp.server.lowlevel.server] INFO: Processing request of type CallToolRequest
2026-09-01 14:03:45,227 [mcp.server.lowlevel.server] INFO: Processing request of type ListToolsRequest
2026-09-01 14:03:45,232 [oasis] INFO: Session journal saved: /home/alexander/Schreibtisch/ofa-v2/data/sessions/session_1e08e11d-7383-4f54-8b0d-ed3fab0aba70.json (1 events)
2026-09-01 14:03:58,272 [oasis.registry] INFO: Loaded discovered config: 5 backends
2026-09-01 14:03:58,274 [oasis.registry] INFO: Registered backend: 4C Multiphysics (fourc)
2026-09-01 14:03:58,274 [oasis.registry] INFO: Registered backend: FEniCSx (dolfinx) (fenics)
2026-09-01 14:03:58,275 [oasis.registry] INFO: Registered backend: deal.II (dealii)
2026-09-01 14:03:58,278 [oasis.registry] INFO: Registered backend: FEBio (febio)
2026-09-01 14:03:58,280 [oasis.registry] INFO: Registered backend: NGSolve (ngsolve)
2026-09-01 14:03:58,280 [oasis.ngsolve] INFO: NGSolve backend registered
2026-09-01 14:03:58,283 [oasis.registry] INFO: Registered backend: scikit-fem (skfem)
2026-09-01 14:03:58,283 [oasis.skfem] INFO: scikit-fem backend registered
2026-09-01 14:03:58,287 [oasis.registry] INFO: Registered backend: Kratos Multiphysics (kratos)
2026-09-01 14:03:58,287 [oasis.kratos] INFO: Kratos Multiphysics backend registered
2026-09-01 14:03:58,289 [oasis.registry] INFO: Registered backend: DUNE-fem (dune)
2026-09-01 14:03:58,289 [oasis.dune] INFO: DUNE-fem backend registered
2026-09-01 14:03:58,294 [oasis.registry] INFO: Registered backend: SPARTA (DSMC) (sparta)
2026-09-01 14:03:58,294 [oasis.sparta] INFO: SPARTA (DSMC) backend registered
2026-09-01 14:03:58,294 [oasis] INFO: Starting OASiS MCP server
2026-09-01 14:03:58,302 [mcp.server.lowlevel.server] INFO: Processing request of type CallToolRequest
2026-09-01 14:04:01,937 [mcp.server.lowlevel.server] INFO: Processing request of type ListToolsRequest
2026-09-01 14:04:01,944 [oasis] INFO: Session journal saved: /home/alexander/Schreibtisch/ofa-v2/data/sessions/session_7935e047-2b6c-448e-8332-68dc25e27833.json (1 events)
[preflight] custody controls verified for 1 problem(s); keys sealed and unreadable by execution
[phase: development] results are for post-mortems and convergence checking, NOT for the paper's evaluation table.
[FB2 27b MCP s96] done  calls=64 tok=4152756/39410 1505.9s
/home/alexander/Schreibtisch/ofa-v2/campaign3_blind/run_blind.py:941: ResourceWarning: unclosed file <_io.TextIOWrapper name='/home/alexander/Schreibtisch/ofa-v2/campaign3_blind/runs/FB2_27b_MCP_seed96/work/trajectory_live.txt' mode='a' encoding='utf-8'>
  run_one(pid, a.model, cond, a.seed, a.timeout)
ResourceWarning: Enable tracemalloc to get the object allocation traceback
/home/alexander/.local/share/python/cpython-3.12.13-linux-x86_64-gnu/lib/python3.12/asyncio/selector_events.py:879: ResourceWarning: unclosed transport <_SelectorSocketTransport fd=8>
<<< FB2 seed 96 done 2026-09-01 14:04:05
/home/alexander/Schreibtisch/ofa-v2/langgraph_eval/agent.py:381: RuntimeWarning: This package (`duckduckgo_search`) has been renamed to `ddgs`! Use `pip install ddgs` instead.
  with DDGS() as ddgs:
/home/alexander/Schreibtisch/ofa-v2/langgraph_eval/agent.py:381: RuntimeWarning: This package (`duckduckgo_search`) has been renamed to `ddgs`! Use `pip install ddgs` instead.
  with DDGS() as ddgs:
/home/alexander/Schreibtisch/ofa-v2/langgraph_eval/agent.py:381: RuntimeWarning: This package (`duckduckgo_search`) has been renamed to `ddgs`! Use `pip install ddgs` instead.
  with DDGS() as ddgs:
/home/alexander/Schreibtisch/ofa-v2/langgraph_eval/agent.py:456: LangGraphDeprecatedSinceV10: create_react_agent has been moved to `langchain.agents`. Please update your import to `from langchain.agents import create_agent`. Deprecated in LangGraph V1.0 to be removed in V2.0.
  sub_agent = create_react_agent(
2026-09-01 14:06:08,221 [oasis.registry] INFO: Loaded discovered config: 5 backends
2026-09-01 14:06:08,224 [oasis.registry] INFO: Registered backend: 4C Multiphysics (fourc)
2026-09-01 14:06:08,224 [oasis.registry] INFO: Registered backend: FEniCSx (dolfinx) (fenics)
2026-09-01 14:06:08,225 [oasis.registry] INFO: Registered backend: deal.II (dealii)
2026-09-01 14:06:08,228 [oasis.registry] INFO: Registered backend: FEBio (febio)
2026-09-01 14:06:08,231 [oasis.registry] INFO: Registered backend: NGSolve (ngsolve)
2026-09-01 14:06:08,231 [oasis.ngsolve] INFO: NGSolve backend registered
2026-09-01 14:06:08,234 [oasis.registry] INFO: Registered backend: scikit-fem (skfem)
2026-09-01 14:06:08,234 [oasis.skfem] INFO: scikit-fem backend registered
2026-09-01 14:06:08,238 [oasis.registry] INFO: Registered backend: Kratos Multiphysics (kratos)
2026-09-01 14:06:08,238 [oasis.kratos] INFO: Kratos Multiphysics backend registered
2026-09-01 14:06:08,240 [oasis.registry] INFO: Registered backend: DUNE-fem (dune)
2026-09-01 14:06:08,240 [oasis.dune] INFO: DUNE-fem backend registered
2026-09-01 14:06:08,246 [oasis.registry] INFO: Registered backend: SPARTA (DSMC) (sparta)
2026-09-01 14:06:08,246 [oasis.sparta] INFO: SPARTA (DSMC) backend registered
2026-09-01 14:06:08,246 [oasis] INFO: Starting OASiS MCP server
2026-09-01 14:06:08,255 [mcp.server.lowlevel.server] INFO: Processing request of type CallToolRequest
2026-09-01 14:06:08,293 [mcp.server.lowlevel.server] INFO: Processing request of type ListToolsRequest
2026-09-01 14:11:17,788 [oasis.registry] INFO: Loaded discovered config: 5 backends
2026-09-01 14:11:17,790 [oasis.registry] INFO: Registered backend: 4C Multiphysics (fourc)
2026-09-01 14:11:17,791 [oasis.registry] INFO: Registered backend: FEniCSx (dolfinx) (fenics)
2026-09-01 14:11:17,791 [oasis.registry] INFO: Registered backend: deal.II (dealii)
2026-09-01 14:11:17,794 [oasis.registry] INFO: Registered backend: FEBio (febio)
2026-09-01 14:11:17,797 [oasis.registry] INFO: Registered backend: NGSolve (ngsolve)
2026-09-01 14:11:17,797 [oasis.ngsolve] INFO: NGSolve backend registered
2026-09-01 14:11:17,800 [oasis.registry] INFO: Registered backend: scikit-fem (skfem)
2026-09-01 14:11:17,800 [oasis.skfem] INFO: scikit-fem backend registered
2026-09-01 14:11:17,803 [oasis.registry] INFO: Registered backend: Kratos Multiphysics (kratos)
2026-09-01 14:11:17,803 [oasis.kratos] INFO: Kratos Multiphysics backend registered
2026-09-01 14:11:17,806 [oasis.registry] INFO: Registered backend: DUNE-fem (dune)
2026-09-01 14:11:17,806 [oasis.dune] INFO: DUNE-fem backend registered
2026-09-01 14:11:17,811 [oasis.registry] INFO: Registered backend: SPARTA (DSMC) (sparta)
2026-09-01 14:11:17,811 [oasis.sparta] INFO: SPARTA (DSMC) backend registered
2026-09-01 14:11:17,811 [oasis] INFO: Starting OASiS MCP server
2026-09-01 14:11:17,820 [mcp.server.lowlevel.server] INFO: Processing request of type CallToolRequest
2026-09-01 14:11:17,870 [mcp.server.lowlevel.server] INFO: Processing request of type ListToolsRequest
/home/alexander/Schreibtisch/ofa-v2/langgraph_eval/agent.py:456: LangGraphDeprecatedSinceV10: create_react_agent has been moved to `langchain.agents`. Please update your import to `from langchain.agents import create_agent`. Deprecated in LangGraph V1.0 to be removed in V2.0.
  sub_agent = create_react_agent(
/home/alexander/Schreibtisch/ofa-v2/langgraph_eval/agent.py:456: LangGraphDeprecatedSinceV10: create_react_agent has been moved to `langchain.agents`. Please update your import to `from langchain.agents import create_agent`. Deprecated in LangGraph V1.0 to be removed in V2.0.
  sub_agent = create_react_agent(
/home/alexander/Schreibtisch/ofa-v2/langgraph_eval/agent.py:381: RuntimeWarning: This package (`duckduckgo_search`) has been renamed to `ddgs`! Use `pip install ddgs` instead.
  with DDGS() as ddgs:
/home/alexander/Schreibtisch/ofa-v2/langgraph_eval/agent.py:381: RuntimeWarning: This package (`duckduckgo_search`) has been renamed to `ddgs`! Use `pip install ddgs` instead.
  with DDGS() as ddgs:
/home/alexander/Schreibtisch/ofa-v2/langgraph_eval/agent.py:381: RuntimeWarning: This package (`duckduckgo_search`) has been renamed to `ddgs`! Use `pip install ddgs` instead.
  with DDGS() as ddgs:
/home/alexander/Schreibtisch/ofa-v2/langgraph_eval/agent.py:381: RuntimeWarning: This package (`duckduckgo_search`) has been renamed to `ddgs`! Use `pip install ddgs` instead.
  with DDGS() as ddgs:
/home/alexander/Schreibtisch/ofa-v2/langgraph_eval/agent.py:381: RuntimeWarning: This package (`duckduckgo_search`) has been renamed to `ddgs`! Use `pip install ddgs` instead.
  with DDGS() as ddgs:
2026-09-01 14:17:02,172 [oasis.registry] INFO: Loaded discovered config: 5 backends
2026-09-01 14:17:02,174 [oasis.registry] INFO: Registered backend: 4C Multiphysics (fourc)
2026-09-01 14:17:02,175 [oasis.registry] INFO: Registered backend: FEniCSx (dolfinx) (fenics)
2026-09-01 14:17:02,175 [oasis.registry] INFO: Registered backend: deal.II (dealii)
2026-09-01 14:17:02,178 [oasis.registry] INFO: Registered backend: FEBio (febio)
2026-09-01 14:17:02,181 [oasis.registry] INFO: Loaded discovered config: 5 backends
2026-09-01 14:17:02,181 [oasis.registry] INFO: Registered backend: NGSolve (ngsolve)
2026-09-01 14:17:02,181 [oasis.ngsolve] INFO: NGSolve backend registered
2026-09-01 14:17:02,183 [oasis.registry] INFO: Registered backend: 4C Multiphysics (fourc)
2026-09-01 14:17:02,183 [oasis.registry] INFO: Registered backend: FEniCSx (dolfinx) (fenics)
2026-09-01 14:17:02,183 [oasis.registry] INFO: Registered backend: scikit-fem (skfem)
2026-09-01 14:17:02,183 [oasis.skfem] INFO: scikit-fem backend registered
2026-09-01 14:17:02,184 [oasis.registry] INFO: Registered backend: deal.II (dealii)
2026-09-01 14:17:02,187 [oasis.registry] INFO: Registered backend: FEBio (febio)
2026-09-01 14:17:02,187 [oasis.registry] INFO: Registered backend: Kratos Multiphysics (kratos)
2026-09-01 14:17:02,187 [oasis.kratos] INFO: Kratos Multiphysics backend registered
2026-09-01 14:17:02,190 [oasis.registry] INFO: Registered backend: NGSolve (ngsolve)
2026-09-01 14:17:02,190 [oasis.ngsolve] INFO: NGSolve backend registered
2026-09-01 14:17:02,190 [oasis.registry] INFO: Registered backend: DUNE-fem (dune)
2026-09-01 14:17:02,190 [oasis.dune] INFO: DUNE-fem backend registered
2026-09-01 14:17:02,192 [oasis.registry] INFO: Registered backend: scikit-fem (skfem)
2026-09-01 14:17:02,192 [oasis.skfem] INFO: scikit-fem backend registered
2026-09-01 14:17:02,195 [oasis.registry] INFO: Registered backend: SPARTA (DSMC) (sparta)
2026-09-01 14:17:02,195 [oasis.sparta] INFO: SPARTA (DSMC) backend registered
2026-09-01 14:17:02,195 [oasis] INFO: Starting OASiS MCP server
2026-09-01 14:17:02,196 [oasis.registry] INFO: Registered backend: Kratos Multiphysics (kratos)
2026-09-01 14:17:02,196 [oasis.kratos] INFO: Kratos Multiphysics backend registered
2026-09-01 14:17:02,199 [oasis.registry] INFO: Registered backend: DUNE-fem (dune)
2026-09-01 14:17:02,199 [oasis.dune] INFO: DUNE-fem backend registered
2026-09-01 14:17:02,202 [oasis.registry] INFO: Loaded discovered config: 5 backends
2026-09-01 14:17:02,203 [mcp.server.lowlevel.server] INFO: Processing request of type CallToolRequest
2026-09-01 14:17:02,204 [oasis.registry] INFO: Registered backend: 4C Multiphysics (fourc)
2026-09-01 14:17:02,204 [oasis.registry] INFO: Registered backend: SPARTA (DSMC) (sparta)
2026-09-01 14:17:02,204 [oasis.sparta] INFO: SPARTA (DSMC) backend registered
2026-09-01 14:17:02,204 [oasis] INFO: Starting OASiS MCP server
2026-09-01 14:17:02,204 [oasis.registry] INFO: Registered backend: FEniCSx (dolfinx) (fenics)
2026-09-01 14:17:02,205 [oasis.registry] INFO: Registered backend: deal.II (dealii)
2026-09-01 14:17:02,208 [oasis.registry] INFO: Registered backend: FEBio (febio)
2026-09-01 14:17:02,211 [oasis.registry] INFO: Registered backend: NGSolve (ngsolve)
2026-09-01 14:17:02,211 [oasis.ngsolve] INFO: NGSolve backend registered
2026-09-01 14:17:02,213 [mcp.server.lowlevel.server] INFO: Processing request of type CallToolRequest
2026-09-01 14:17:02,213 [oasis.registry] INFO: Registered backend: scikit-fem (skfem)
2026-09-01 14:17:02,213 [oasis.skfem] INFO: scikit-fem backend registered
2026-09-01 14:17:02,217 [oasis.registry] INFO: Registered backend: Kratos Multiphysics (kratos)
2026-09-01 14:17:02,217 [oasis.kratos] INFO: Kratos Multiphysics backend registered
2026-09-01 14:17:02,219 [oasis.registry] INFO: Registered backend: DUNE-fem (dune)
2026-09-01 14:17:02,219 [oasis.dune] INFO: DUNE-fem backend registered
2026-09-01 14:17:02,224 [oasis.registry] INFO: Registered backend: SPARTA (DSMC) (sparta)
2026-09-01 14:17:02,224 [oasis.sparta] INFO: SPARTA (DSMC) backend registered
2026-09-01 14:17:02,224 [oasis] INFO: Starting OASiS MCP server
2026-09-01 14:17:02,232 [mcp.server.lowlevel.server] INFO: Processing request of type CallToolRequest
2026-09-01 14:17:02,243 [mcp.server.lowlevel.server] INFO: Processing request of type ListToolsRequest
2026-09-01 14:17:05,981 [mcp.server.lowlevel.server] INFO: Processing request of type ListToolsRequest
2026-09-01 14:17:05,987 [oasis] INFO: Session journal saved: /home/alexander/Schreibtisch/ofa-v2/data/sessions/session_feaa9b35-a421-4479-a002-3e8ba4173775.json (1 events)
2026-09-01 14:17:06,034 [mcp.server.lowlevel.server] INFO: Processing request of type ListToolsRequest
2026-09-01 14:17:06,041 [oasis] INFO: Session journal saved: /home/alexander/Schreibtisch/ofa-v2/data/sessions/session_6fa03081-4bf5-4d55-a69a-11ef59e17126.json (1 events)
2026-09-01 14:17:17,313 [oasis.registry] INFO: Loaded discovered config: 5 backends
2026-09-01 14:17:17,315 [oasis.registry] INFO: Registered backend: 4C Multiphysics (fourc)
2026-09-01 14:17:17,316 [oasis.registry] INFO: Registered backend: FEniCSx (dolfinx) (fenics)
2026-09-01 14:17:17,317 [oasis.registry] INFO: Registered backend: deal.II (dealii)
2026-09-01 14:17:17,320 [oasis.registry] INFO: Registered backend: FEBio (febio)
2026-09-01 14:17:17,322 [oasis.registry] INFO: Registered backend: NGSolve (ngsolve)
2026-09-01 14:17:17,322 [oasis.ngsolve] INFO: NGSolve backend registered
2026-09-01 14:17:17,325 [oasis.registry] INFO: Registered backend: scikit-fem (skfem)
2026-09-01 14:17:17,325 [oasis.skfem] INFO: scikit-fem backend registered
2026-09-01 14:17:17,329 [oasis.registry] INFO: Registered backend: Kratos Multiphysics (kratos)
2026-09-01 14:17:17,329 [oasis.kratos] INFO: Kratos Multiphysics backend registered
2026-09-01 14:17:17,331 [oasis.registry] INFO: Registered backend: DUNE-fem (dune)
2026-09-01 14:17:17,331 [oasis.dune] INFO: DUNE-fem backend registered
2026-09-01 14:17:17,337 [oasis.registry] INFO: Registered backend: SPARTA (DSMC) (sparta)
2026-09-01 14:17:17,337 [oasis.sparta] INFO: SPARTA (DSMC) backend registered
2026-09-01 14:17:17,337 [oasis] INFO: Starting OASiS MCP server
2026-09-01 14:17:17,346 [mcp.server.lowlevel.server] INFO: Processing request of type CallToolRequest
2026-09-01 14:17:17,384 [mcp.server.lowlevel.server] INFO: Processing request of type ListToolsRequest
2026-09-01 14:17:17,391 [oasis] INFO: Session journal saved: /home/alexander/Schreibtisch/ofa-v2/data/sessions/session_5a9d6862-1da0-4057-a8c9-482f1a7dcbcc.json (1 events)
/home/alexander/Schreibtisch/ofa-v2/langgraph_eval/agent.py:456: LangGraphDeprecatedSinceV10: create_react_agent has been moved to `langchain.agents`. Please update your import to `from langchain.agents import create_agent`. Deprecated in LangGraph V1.0 to be removed in V2.0.
  sub_agent = create_react_agent(
2026-09-01 14:18:35,421 [oasis.registry] INFO: Loaded discovered config: 5 backends
2026-09-01 14:18:35,424 [oasis.registry] INFO: Registered backend: 4C Multiphysics (fourc)
2026-09-01 14:18:35,424 [oasis.registry] INFO: Registered backend: FEniCSx (dolfinx) (fenics)
2026-09-01 14:18:35,425 [oasis.registry] INFO: Registered backend: deal.II (dealii)
2026-09-01 14:18:35,428 [oasis.registry] INFO: Registered backend: FEBio (febio)
2026-09-01 14:18:35,431 [oasis.registry] INFO: Registered backend: NGSolve (ngsolve)
2026-09-01 14:18:35,431 [oasis.ngsolve] INFO: NGSolve backend registered
2026-09-01 14:18:35,433 [oasis.registry] INFO: Registered backend: scikit-fem (skfem)
2026-09-01 14:18:35,433 [oasis.skfem] INFO: scikit-fem backend registered
2026-09-01 14:18:35,437 [oasis.registry] INFO: Registered backend: Kratos Multiphysics (kratos)
2026-09-01 14:18:35,437 [oasis.kratos] INFO: Kratos Multiphysics backend registered
2026-09-01 14:18:35,440 [oasis.registry] INFO: Registered backend: DUNE-fem (dune)
2026-09-01 14:18:35,440 [oasis.dune] INFO: DUNE-fem backend registered
2026-09-01 14:18:35,445 [oasis.registry] INFO: Registered backend: SPARTA (DSMC) (sparta)
2026-09-01 14:18:35,445 [oasis.sparta] INFO: SPARTA (DSMC) backend registered
2026-09-01 14:18:35,445 [oasis] INFO: Starting OASiS MCP server
2026-09-01 14:18:35,447 [oasis.registry] INFO: Loaded discovered config: 5 backends
2026-09-01 14:18:35,450 [oasis.registry] INFO: Registered backend: 4C Multiphysics (fourc)
2026-09-01 14:18:35,451 [oasis.registry] INFO: Registered backend: FEniCSx (dolfinx) (fenics)
2026-09-01 14:18:35,451 [oasis.registry] INFO: Registered backend: deal.II (dealii)
2026-09-01 14:18:35,452 [mcp.server.lowlevel.server] INFO: Processing request of type CallToolRequest
2026-09-01 14:18:35,455 [oasis.registry] INFO: Registered backend: FEBio (febio)
2026-09-01 14:18:35,457 [oasis.registry] INFO: Registered backend: NGSolve (ngsolve)
2026-09-01 14:18:35,457 [oasis.ngsolve] INFO: NGSolve backend registered
2026-09-01 14:18:35,460 [oasis.registry] INFO: Registered backend: scikit-fem (skfem)
2026-09-01 14:18:35,460 [oasis.skfem] INFO: scikit-fem backend registered
2026-09-01 14:18:35,464 [oasis.registry] INFO: Registered backend: Kratos Multiphysics (kratos)
2026-09-01 14:18:35,464 [oasis.kratos] INFO: Kratos Multiphysics backend registered
2026-09-01 14:18:35,467 [oasis.registry] INFO: Registered backend: DUNE-fem (dune)
2026-09-01 14:18:35,467 [oasis.dune] INFO: DUNE-fem backend registered
2026-09-01 14:18:35,472 [oasis.registry] INFO: Registered backend: SPARTA (DSMC) (sparta)
2026-09-01 14:18:35,472 [oasis.sparta] INFO: SPARTA (DSMC) backend registered
2026-09-01 14:18:35,472 [oasis] INFO: Starting OASiS MCP server
2026-09-01 14:18:35,481 [mcp.server.lowlevel.server] INFO: Processing request of type CallToolRequest
2026-09-01 14:18:35,486 [mcp.server.lowlevel.server] INFO: Processing request of type ListToolsRequest
2026-09-01 14:18:35,487 [mcp.server.lowlevel.server] INFO: Processing request of type ListToolsRequest
2026-09-01 14:18:35,501 [oasis] INFO: Session journal saved: /home/alexander/Schreibtisch/ofa-v2/data/sessions/session_ce80936d-ef1f-4f23-91b1-8e29811a9247.json (1 events)
2026-09-01 14:19:00,270 [oasis.registry] INFO: Loaded discovered config: 5 backends
2026-09-01 14:19:00,272 [oasis.registry] INFO: Registered backend: 4C Multiphysics (fourc)
2026-09-01 14:19:00,273 [oasis.registry] INFO: Registered backend: FEniCSx (dolfinx) (fenics)
2026-09-01 14:19:00,273 [oasis.registry] INFO: Registered backend: deal.II (dealii)
2026-09-01 14:19:00,276 [oasis.registry] INFO: Registered backend: FEBio (febio)
2026-09-01 14:19:00,279 [oasis.registry] INFO: Registered backend: NGSolve (ngsolve)
2026-09-01 14:19:00,279 [oasis.ngsolve] INFO: NGSolve backend registered
2026-09-01 14:19:00,282 [oasis.registry] INFO: Registered backend: scikit-fem (skfem)
2026-09-01 14:19:00,282 [oasis.skfem] INFO: scikit-fem backend registered
2026-09-01 14:19:00,286 [oasis.registry] INFO: Registered backend: Kratos Multiphysics (kratos)
2026-09-01 14:19:00,286 [oasis.kratos] INFO: Kratos Multiphysics backend registered
2026-09-01 14:19:00,288 [oasis.registry] INFO: Registered backend: DUNE-fem (dune)
2026-09-01 14:19:00,288 [oasis.dune] INFO: DUNE-fem backend registered
2026-09-01 14:19:00,294 [oasis.registry] INFO: Registered backend: SPARTA (DSMC) (sparta)
2026-09-01 14:19:00,294 [oasis.sparta] INFO: SPARTA (DSMC) backend registered
2026-09-01 14:19:00,294 [oasis] INFO: Starting OASiS MCP server
2026-09-01 14:19:00,303 [mcp.server.lowlevel.server] INFO: Processing request of type CallToolRequest
2026-09-01 14:19:00,353 [mcp.server.lowlevel.server] INFO: Processing request of type ListToolsRequest
/home/alexander/Schreibtisch/ofa-v2/langgraph_eval/agent.py:456: LangGraphDeprecatedSinceV10: create_react_agent has been moved to `langchain.agents`. Please update your import to `from langchain.agents import create_agent`. Deprecated in LangGraph V1.0 to be removed in V2.0.
  sub_agent = create_react_agent(
2026-09-01 14:19:32,730 [oasis.registry] INFO: Loaded discovered config: 5 backends
2026-09-01 14:19:32,732 [oasis.registry] INFO: Registered backend: 4C Multiphysics (fourc)
2026-09-01 14:19:32,733 [oasis.registry] INFO: Registered backend: FEniCSx (dolfinx) (fenics)
2026-09-01 14:19:32,733 [oasis.registry] INFO: Registered backend: deal.II (dealii)
2026-09-01 14:19:32,737 [oasis.registry] INFO: Registered backend: FEBio (febio)
2026-09-01 14:19:32,739 [oasis.registry] INFO: Registered backend: NGSolve (ngsolve)
2026-09-01 14:19:32,739 [oasis.ngsolve] INFO: NGSolve backend registered
2026-09-01 14:19:32,742 [oasis.registry] INFO: Registered backend: scikit-fem (skfem)
2026-09-01 14:19:32,742 [oasis.skfem] INFO: scikit-fem backend registered
2026-09-01 14:19:32,744 [oasis.registry] INFO: Loaded discovered config: 5 backends
2026-09-01 14:19:32,746 [oasis.registry] INFO: Registered backend: Kratos Multiphysics (kratos)
2026-09-01 14:19:32,746 [oasis.kratos] INFO: Kratos Multiphysics backend registered
2026-09-01 14:19:32,747 [oasis.registry] INFO: Registered backend: 4C Multiphysics (fourc)
2026-09-01 14:19:32,747 [oasis.registry] INFO: Registered backend: FEniCSx (dolfinx) (fenics)
2026-09-01 14:19:32,748 [oasis.registry] INFO: Registered backend: deal.II (dealii)
2026-09-01 14:19:32,749 [oasis.registry] INFO: Registered backend: DUNE-fem (dune)
2026-09-01 14:19:32,749 [oasis.dune] INFO: DUNE-fem backend registered
2026-09-01 14:19:32,751 [oasis.registry] INFO: Registered backend: FEBio (febio)
2026-09-01 14:19:32,754 [oasis.registry] INFO: Registered backend: SPARTA (DSMC) (sparta)
2026-09-01 14:19:32,754 [oasis.sparta] INFO: SPARTA (DSMC) backend registered
2026-09-01 14:19:32,754 [oasis] INFO: Starting OASiS MCP server
2026-09-01 14:19:32,755 [oasis.registry] INFO: Registered backend: NGSolve (ngsolve)
2026-09-01 14:19:32,755 [oasis.ngsolve] INFO: NGSolve backend registered
2026-09-01 14:19:32,759 [oasis.registry] INFO: Registered backend: scikit-fem (skfem)
2026-09-01 14:19:32,759 [oasis.skfem] INFO: scikit-fem backend registered
2026-09-01 14:19:32,762 [mcp.server.lowlevel.server] INFO: Processing request of type CallToolRequest
2026-09-01 14:19:32,763 [oasis.registry] INFO: Registered backend: Kratos Multiphysics (kratos)
2026-09-01 14:19:32,763 [oasis.kratos] INFO: Kratos Multiphysics backend registered
2026-09-01 14:19:32,765 [oasis.registry] INFO: Loaded discovered config: 5 backends
2026-09-01 14:19:32,766 [oasis.registry] INFO: Registered backend: DUNE-fem (dune)
2026-09-01 14:19:32,766 [oasis.dune] INFO: DUNE-fem backend registered
2026-09-01 14:19:32,766 [mcp.server.lowlevel.server] INFO: Processing request of type ListToolsRequest
2026-09-01 14:19:32,768 [oasis.registry] INFO: Registered backend: 4C Multiphysics (fourc)
2026-09-01 14:19:32,768 [oasis.registry] INFO: Registered backend: FEniCSx (dolfinx) (fenics)
2026-09-01 14:19:32,769 [oasis.registry] INFO: Registered backend: deal.II (dealii)
2026-09-01 14:19:32,772 [oasis] INFO: Session journal saved: /home/alexander/Schreibtisch/ofa-v2/data/sessions/session_fe1daaf4-d616-43fa-a2c5-bedfe1bed4ee.json (1 events)
2026-09-01 14:19:32,772 [oasis.registry] INFO: Registered backend: FEBio (febio)
2026-09-01 14:19:32,773 [oasis.registry] INFO: Registered backend: SPARTA (DSMC) (sparta)
2026-09-01 14:19:32,773 [oasis.sparta] INFO: SPARTA (DSMC) backend registered
2026-09-01 14:19:32,773 [oasis] INFO: Starting OASiS MCP server
2026-09-01 14:19:32,775 [oasis.registry] INFO: Registered backend: NGSolve (ngsolve)
2026-09-01 14:19:32,775 [oasis.ngsolve] INFO: NGSolve backend registered
2026-09-01 14:19:32,778 [oasis.registry] INFO: Registered backend: scikit-fem (skfem)
2026-09-01 14:19:32,778 [oasis.skfem] INFO: scikit-fem backend registered
2026-09-01 14:19:32,782 [oasis.registry] INFO: Registered backend: Kratos Multiphysics (kratos)
2026-09-01 14:19:32,782 [oasis.kratos] INFO: Kratos Multiphysics backend registered
2026-09-01 14:19:32,783 [mcp.server.lowlevel.server] INFO: Processing request of type CallToolRequest
2026-09-01 14:19:32,784 [oasis.registry] INFO: Registered backend: DUNE-fem (dune)
2026-09-01 14:19:32,784 [oasis.dune] INFO: DUNE-fem backend registered
2026-09-01 14:19:32,789 [oasis.registry] INFO: Registered backend: SPARTA (DSMC) (sparta)
2026-09-01 14:19:32,789 [oasis.sparta] INFO: SPARTA (DSMC) backend registered
2026-09-01 14:19:32,789 [oasis] INFO: Starting OASiS MCP server
2026-09-01 14:19:32,797 [mcp.server.lowlevel.server] INFO: Processing request of type CallToolRequest
2026-09-01 14:19:32,842 [mcp.server.lowlevel.server] INFO: Processing request of type ListToolsRequest
2026-09-01 14:19:33,177 [oasis.registry] INFO: Loaded discovered config: 5 backends
2026-09-01 14:19:33,180 [oasis.registry] INFO: Registered backend: 4C Multiphysics (fourc)
2026-09-01 14:19:33,180 [oasis.registry] INFO: Registered backend: FEniCSx (dolfinx) (fenics)
2026-09-01 14:19:33,181 [oasis.registry] INFO: Registered backend: deal.II (dealii)
2026-09-01 14:19:33,184 [oasis.registry] INFO: Registered backend: FEBio (febio)
2026-09-01 14:19:33,187 [oasis.registry] INFO: Registered backend: NGSolve (ngsolve)
2026-09-01 14:19:33,187 [oasis.ngsolve] INFO: NGSolve backend registered
2026-09-01 14:19:33,190 [oasis.registry] INFO: Registered backend: scikit-fem (skfem)
2026-09-01 14:19:33,191 [oasis.skfem] INFO: scikit-fem backend registered
2026-09-01 14:19:33,195 [oasis.registry] INFO: Registered backend: Kratos Multiphysics (kratos)
2026-09-01 14:19:33,195 [oasis.kratos] INFO: Kratos Multiphysics backend registered
2026-09-01 14:19:33,197 [oasis.registry] INFO: Registered backend: DUNE-fem (dune)
2026-09-01 14:19:33,197 [oasis.dune] INFO: DUNE-fem backend registered
2026-09-01 14:19:33,203 [oasis.registry] INFO: Registered backend: SPARTA (DSMC) (sparta)
2026-09-01 14:19:33,203 [oasis.sparta] INFO: SPARTA (DSMC) backend registered
2026-09-01 14:19:33,203 [oasis] INFO: Starting OASiS MCP server
2026-09-01 14:19:33,212 [mcp.server.lowlevel.server] INFO: Processing request of type CallToolRequest
2026-09-01 14:19:33,248 [mcp.server.lowlevel.server] INFO: Processing request of type ListToolsRequest
2026-09-01 14:19:36,449 [mcp.server.lowlevel.server] INFO: Processing request of type ListToolsRequest
2026-09-01 14:19:36,457 [oasis] INFO: Session journal saved: /home/alexander/Schreibtisch/ofa-v2/data/sessions/session_8efcfe98-4305-4533-aa4f-9404272c49a1.json (1 events)
[preflight] custody controls verified for 1 problem(s); keys sealed and unreadable by execution
[phase: development] results are for post-mortems and convergence checking, NOT for the paper's evaluation table.
[FC2 27b MCP s96] done  calls=60 tok=5760343/34184 1026.4s
/home/alexander/Schreibtisch/ofa-v2/campaign3_blind/run_blind.py:941: ResourceWarning: unclosed file <_io.TextIOWrapper name='/home/alexander/Schreibtisch/ofa-v2/campaign3_blind/runs/FC2_27b_MCP_seed96/work/trajectory_live.txt' mode='a' encoding='utf-8'>
  run_one(pid, a.model, cond, a.seed, a.timeout)
ResourceWarning: Enable tracemalloc to get the object allocation traceback
/home/alexander/.local/share/python/cpython-3.12.13-linux-x86_64-gnu/lib/python3.12/asyncio/selector_events.py:879: ResourceWarning: unclosed transport <_SelectorSocketTransport fd=8>
<<< FC2 seed 96 done 2026-09-01 14:19:49
[preflight] custody controls verified for 1 problem(s); keys sealed and unreadable by execution
[phase: development] results are for post-mortems and convergence checking, NOT for the paper's evaluation table.
[DU2 27b MCP s96] done  calls=45 tok=5600149/28951 1741.3s
/home/alexander/Schreibtisch/ofa-v2/campaign3_blind/run_blind.py:941: ResourceWarning: unclosed file <_io.TextIOWrapper name='/home/alexander/Schreibtisch/ofa-v2/campaign3_blind/runs/DU2_27b_MCP_seed96/work/trajectory_live.txt' mode='a' encoding='utf-8'>
  run_one(pid, a.model, cond, a.seed, a.timeout)
ResourceWarning: Enable tracemalloc to get the object allocation traceback
/home/alexander/.local/share/python/cpython-3.12.13-linux-x86_64-gnu/lib/python3.12/asyncio/selector_events.py:879: ResourceWarning: unclosed transport <_SelectorSocketTransport fd=8>
<<< DU2 seed 96 done 2026-09-01 14:20:03
2026-09-01 14:20:04,484 [oasis.registry] INFO: Loaded discovered config: 5 backends
2026-09-01 14:20:04,486 [oasis.registry] INFO: Registered backend: 4C Multiphysics (fourc)
2026-09-01 14:20:04,487 [oasis.registry] INFO: Registered backend: FEniCSx (dolfinx) (fenics)
2026-09-01 14:20:04,488 [oasis.registry] INFO: Registered backend: deal.II (dealii)
2026-09-01 14:20:04,491 [oasis.registry] INFO: Registered backend: FEBio (febio)
2026-09-01 14:20:04,494 [oasis.registry] INFO: Registered backend: NGSolve (ngsolve)
2026-09-01 14:20:04,494 [oasis.ngsolve] INFO: NGSolve backend registered
2026-09-01 14:20:04,497 [oasis.registry] INFO: Registered backend: scikit-fem (skfem)
2026-09-01 14:20:04,497 [oasis.skfem] INFO: scikit-fem backend registered
2026-09-01 14:20:04,501 [oasis.registry] INFO: Registered backend: Kratos Multiphysics (kratos)
2026-09-01 14:20:04,502 [oasis.kratos] INFO: Kratos Multiphysics backend registered
2026-09-01 14:20:04,504 [oasis.registry] INFO: Registered backend: DUNE-fem (dune)
2026-09-01 14:20:04,504 [oasis.dune] INFO: DUNE-fem backend registered
2026-09-01 14:20:04,510 [oasis.registry] INFO: Registered backend: SPARTA (DSMC) (sparta)
2026-09-01 14:20:04,510 [oasis.sparta] INFO: SPARTA (DSMC) backend registered
2026-09-01 14:20:04,510 [oasis] INFO: Starting OASiS MCP server
2026-09-01 14:20:04,520 [mcp.server.lowlevel.server] INFO: Processing request of type CallToolRequest
2026-09-01 14:20:08,297 [mcp.server.lowlevel.server] INFO: Processing request of type ListToolsRequest
2026-09-01 14:20:08,305 [oasis] INFO: Session journal saved: /home/alexander/Schreibtisch/ofa-v2/data/sessions/session_5e11a9c2-4312-4dfd-8fb8-1ee3a1e59e08.json (1 events)
/home/alexander/Schreibtisch/ofa-v2/langgraph_eval/agent.py:456: LangGraphDeprecatedSinceV10: create_react_agent has been moved to `langchain.agents`. Please update your import to `from langchain.agents import create_agent`. Deprecated in LangGraph V1.0 to be removed in V2.0.
  sub_agent = create_react_agent(
2026-09-01 14:21:13,294 [oasis.registry] INFO: Loaded discovered config: 5 backends
2026-09-01 14:21:13,296 [oasis.registry] INFO: Registered backend: 4C Multiphysics (fourc)
2026-09-01 14:21:13,297 [oasis.registry] INFO: Registered backend: FEniCSx (dolfinx) (fenics)
2026-09-01 14:21:13,297 [oasis.registry] INFO: Registered backend: deal.II (dealii)
2026-09-01 14:21:13,300 [oasis.registry] INFO: Registered backend: FEBio (febio)
2026-09-01 14:21:13,303 [oasis.registry] INFO: Registered backend: NGSolve (ngsolve)
2026-09-01 14:21:13,303 [oasis.ngsolve] INFO: NGSolve backend registered
2026-09-01 14:21:13,306 [oasis.registry] INFO: Registered backend: scikit-fem (skfem)
2026-09-01 14:21:13,306 [oasis.skfem] INFO: scikit-fem backend registered
2026-09-01 14:21:13,309 [oasis.registry] INFO: Registered backend: Kratos Multiphysics (kratos)
2026-09-01 14:21:13,309 [oasis.kratos] INFO: Kratos Multiphysics backend registered
2026-09-01 14:21:13,312 [oasis.registry] INFO: Registered backend: DUNE-fem (dune)
2026-09-01 14:21:13,312 [oasis.dune] INFO: DUNE-fem backend registered
2026-09-01 14:21:13,317 [oasis.registry] INFO: Registered backend: SPARTA (DSMC) (sparta)
2026-09-01 14:21:13,317 [oasis.sparta] INFO: SPARTA (DSMC) backend registered
2026-09-01 14:21:13,317 [oasis] INFO: Starting OASiS MCP server
2026-09-01 14:21:13,326 [mcp.server.lowlevel.server] INFO: Processing request of type CallToolRequest
2026-09-01 14:21:13,332 [mcp.server.lowlevel.server] INFO: Processing request of type ListToolsRequest
2026-09-01 14:21:13,340 [oasis] INFO: Session journal saved: /home/alexander/Schreibtisch/ofa-v2/data/sessions/session_765f95f1-9494-41f5-9509-8b402d928992.json (1 events)
2026-09-01 14:21:25,098 [oasis.registry] INFO: Loaded discovered config: 5 backends
2026-09-01 14:21:25,100 [oasis.registry] INFO: Registered backend: 4C Multiphysics (fourc)
2026-09-01 14:21:25,101 [oasis.registry] INFO: Registered backend: FEniCSx (dolfinx) (fenics)
2026-09-01 14:21:25,101 [oasis.registry] INFO: Registered backend: deal.II (dealii)
2026-09-01 14:21:25,105 [oasis.registry] INFO: Registered backend: FEBio (febio)
2026-09-01 14:21:25,108 [oasis.registry] INFO: Registered backend: NGSolve (ngsolve)
2026-09-01 14:21:25,108 [oasis.ngsolve] INFO: NGSolve backend registered
2026-09-01 14:21:25,110 [oasis.registry] INFO: Registered backend: scikit-fem (skfem)
2026-09-01 14:21:25,110 [oasis.skfem] INFO: scikit-fem backend registered
2026-09-01 14:21:25,114 [oasis.registry] INFO: Registered backend: Kratos Multiphysics (kratos)
2026-09-01 14:21:25,114 [oasis.kratos] INFO: Kratos Multiphysics backend registered
2026-09-01 14:21:25,117 [oasis.registry] INFO: Registered backend: DUNE-fem (dune)
2026-09-01 14:21:25,117 [oasis.dune] INFO: DUNE-fem backend registered
2026-09-01 14:21:25,123 [oasis.registry] INFO: Registered backend: SPARTA (DSMC) (sparta)
2026-09-01 14:21:25,123 [oasis.sparta] INFO: SPARTA (DSMC) backend registered
2026-09-01 14:21:25,123 [oasis] INFO: Starting OASiS MCP server
2026-09-01 14:21:25,132 [mcp.server.lowlevel.server] INFO: Processing request of type CallToolRequest
2026-09-01 14:21:25,175 [mcp.server.lowlevel.server] INFO: Processing request of type ListToolsRequest
2026-09-01 14:21:38,102 [oasis.registry] INFO: Loaded discovered config: 5 backends
2026-09-01 14:21:38,104 [oasis.registry] INFO: Registered backend: 4C Multiphysics (fourc)
2026-09-01 14:21:38,104 [oasis.registry] INFO: Registered backend: FEniCSx (dolfinx) (fenics)
2026-09-01 14:21:38,105 [oasis.registry] INFO: Registered backend: deal.II (dealii)
2026-09-01 14:21:38,108 [oasis.registry] INFO: Registered backend: FEBio (febio)
2026-09-01 14:21:38,110 [oasis.registry] INFO: Registered backend: NGSolve (ngsolve)
2026-09-01 14:21:38,110 [oasis.ngsolve] INFO: NGSolve backend registered
2026-09-01 14:21:38,113 [oasis.registry] INFO: Registered backend: scikit-fem (skfem)
2026-09-01 14:21:38,113 [oasis.skfem] INFO: scikit-fem backend registered
2026-09-01 14:21:38,117 [oasis.registry] INFO: Registered backend: Kratos Multiphysics (kratos)
2026-09-01 14:21:38,117 [oasis.kratos] INFO: Kratos Multiphysics backend registered
2026-09-01 14:21:38,119 [oasis.registry] INFO: Registered backend: DUNE-fem (dune)
2026-09-01 14:21:38,119 [oasis.dune] INFO: DUNE-fem backend registered
2026-09-01 14:21:38,124 [oasis.registry] INFO: Registered backend: SPARTA (DSMC) (sparta)
2026-09-01 14:21:38,124 [oasis.sparta] INFO: SPARTA (DSMC) backend registered
2026-09-01 14:21:38,124 [oasis] INFO: Starting OASiS MCP server
2026-09-01 14:21:38,133 [mcp.server.lowlevel.server] INFO: Processing request of type CallToolRequest
2026-09-01 14:21:38,143 [mcp.server.lowlevel.server] INFO: Processing request of type ListToolsRequest
2026-09-01 14:29:08,060 [oasis.registry] INFO: Loaded discovered config: 5 backends
2026-09-01 14:29:08,062 [oasis.registry] INFO: Registered backend: 4C Multiphysics (fourc)
2026-09-01 14:29:08,063 [oasis.registry] INFO: Registered backend: FEniCSx (dolfinx) (fenics)
2026-09-01 14:29:08,063 [oasis.registry] INFO: Registered backend: deal.II (dealii)
2026-09-01 14:29:08,066 [oasis.registry] INFO: Registered backend: FEBio (febio)
2026-09-01 14:29:08,069 [oasis.registry] INFO: Registered backend: NGSolve (ngsolve)
2026-09-01 14:29:08,069 [oasis.ngsolve] INFO: NGSolve backend registered
2026-09-01 14:29:08,072 [oasis.registry] INFO: Registered backend: scikit-fem (skfem)
2026-09-01 14:29:08,072 [oasis.skfem] INFO: scikit-fem backend registered
2026-09-01 14:29:08,075 [oasis.registry] INFO: Registered backend: Kratos Multiphysics (kratos)
2026-09-01 14:29:08,075 [oasis.kratos] INFO: Kratos Multiphysics backend registered
2026-09-01 14:29:08,078 [oasis.registry] INFO: Registered backend: DUNE-fem (dune)
2026-09-01 14:29:08,078 [oasis.dune] INFO: DUNE-fem backend registered
2026-09-01 14:29:08,083 [oasis.registry] INFO: Registered backend: SPARTA (DSMC) (sparta)
2026-09-01 14:29:08,083 [oasis.sparta] INFO: SPARTA (DSMC) backend registered
2026-09-01 14:29:08,083 [oasis] INFO: Starting OASiS MCP server
2026-09-01 14:29:08,091 [mcp.server.lowlevel.server] INFO: Processing request of type CallToolRequest
2026-09-01 14:29:08,130 [mcp.server.lowlevel.server] INFO: Processing request of type ListToolsRequest
[preflight] custody controls verified for 1 problem(s); keys sealed and unreadable by execution
[phase: development] results are for post-mortems and convergence checking, NOT for the paper's evaluation table.
[FC1 27b MCP s96] done  calls=65 tok=6059947/44012 2330.6s
/home/alexander/Schreibtisch/ofa-v2/campaign3_blind/run_blind.py:941: ResourceWarning: unclosed file <_io.TextIOWrapper name='/home/alexander/Schreibtisch/ofa-v2/campaign3_blind/runs/FC1_27b_MCP_seed96/work/trajectory_live.txt' mode='a' encoding='utf-8'>
  run_one(pid, a.model, cond, a.seed, a.timeout)
ResourceWarning: Enable tracemalloc to get the object allocation traceback
/home/alexander/.local/share/python/cpython-3.12.13-linux-x86_64-gnu/lib/python3.12/asyncio/selector_events.py:879: ResourceWarning: unclosed transport <_SelectorSocketTransport fd=8>
<<< FC1 seed 96 done 2026-09-01 14:29:53
[preflight] custody controls verified for 1 problem(s); keys sealed and unreadable by execution
[phase: development] results are for post-mortems and convergence checking, NOT for the paper's evaluation table.
[SP1 27b BARE s96] done  calls=83 tok=3864278/22798 2312.4s
2026-09-01 14:31:52,436 [oasis.registry] INFO: Loaded discovered config: 5 backends
2026-09-01 14:31:52,439 [oasis.registry] INFO: Registered backend: 4C Multiphysics (fourc)
2026-09-01 14:31:52,439 [oasis.registry] INFO: Registered backend: FEniCSx (dolfinx) (fenics)
2026-09-01 14:31:52,440 [oasis.registry] INFO: Registered backend: deal.II (dealii)
2026-09-01 14:31:52,444 [oasis.registry] INFO: Registered backend: FEBio (febio)
2026-09-01 14:31:52,447 [oasis.registry] INFO: Registered backend: NGSolve (ngsolve)
2026-09-01 14:31:52,447 [oasis.ngsolve] INFO: NGSolve backend registered
2026-09-01 14:31:52,450 [oasis.registry] INFO: Registered backend: scikit-fem (skfem)
2026-09-01 14:31:52,450 [oasis.skfem] INFO: scikit-fem backend registered
2026-09-01 14:31:52,454 [oasis.registry] INFO: Registered backend: Kratos Multiphysics (kratos)
2026-09-01 14:31:52,454 [oasis.kratos] INFO: Kratos Multiphysics backend registered
2026-09-01 14:31:52,457 [oasis.registry] INFO: Registered backend: DUNE-fem (dune)
2026-09-01 14:31:52,457 [oasis.dune] INFO: DUNE-fem backend registered
2026-09-01 14:31:52,464 [oasis.registry] INFO: Registered backend: SPARTA (DSMC) (sparta)
2026-09-01 14:31:52,464 [oasis.sparta] INFO: SPARTA (DSMC) backend registered
2026-09-01 14:31:52,464 [oasis] INFO: Starting OASiS MCP server
2026-09-01 14:31:52,481 [mcp.server.lowlevel.server] INFO: Processing request of type ListToolsRequest
2026-09-01 14:32:04,480 [oasis.registry] INFO: Loaded discovered config: 5 backends
2026-09-01 14:32:04,483 [oasis.registry] INFO: Registered backend: 4C Multiphysics (fourc)
2026-09-01 14:32:04,484 [oasis.registry] INFO: Registered backend: FEniCSx (dolfinx) (fenics)
2026-09-01 14:32:04,484 [oasis.registry] INFO: Registered backend: deal.II (dealii)
2026-09-01 14:32:04,488 [oasis.registry] INFO: Registered backend: FEBio (febio)
2026-09-01 14:32:04,491 [oasis.registry] INFO: Registered backend: NGSolve (ngsolve)
2026-09-01 14:32:04,491 [oasis.ngsolve] INFO: NGSolve backend registered
2026-09-01 14:32:04,494 [oasis.registry] INFO: Registered backend: scikit-fem (skfem)
2026-09-01 14:32:04,494 [oasis.skfem] INFO: scikit-fem backend registered
2026-09-01 14:32:04,499 [oasis.registry] INFO: Registered backend: Kratos Multiphysics (kratos)
2026-09-01 14:32:04,499 [oasis.kratos] INFO: Kratos Multiphysics backend registered
2026-09-01 14:32:04,501 [oasis.registry] INFO: Registered backend: DUNE-fem (dune)
2026-09-01 14:32:04,502 [oasis.dune] INFO: DUNE-fem backend registered
2026-09-01 14:32:04,509 [oasis.registry] INFO: Registered backend: SPARTA (DSMC) (sparta)
2026-09-01 14:32:04,509 [oasis.sparta] INFO: SPARTA (DSMC) backend registered
2026-09-01 14:32:04,510 [oasis] INFO: Starting OASiS MCP server
2026-09-01 14:32:04,534 [mcp.server.lowlevel.server] INFO: Processing request of type CallToolRequest
2026-09-01 14:32:09,286 [mcp.server.lowlevel.server] INFO: Processing request of type ListToolsRequest
2026-09-01 14:32:12,182 [oasis.registry] INFO: Loaded discovered config: 5 backends
2026-09-01 14:32:12,185 [oasis.registry] INFO: Registered backend: 4C Multiphysics (fourc)
2026-09-01 14:32:12,185 [oasis.registry] INFO: Registered backend: FEniCSx (dolfinx) (fenics)
2026-09-01 14:32:12,186 [oasis.registry] INFO: Registered backend: deal.II (dealii)
2026-09-01 14:32:12,190 [oasis.registry] INFO: Registered backend: FEBio (febio)
2026-09-01 14:32:12,193 [oasis.registry] INFO: Registered backend: NGSolve (ngsolve)
2026-09-01 14:32:12,193 [oasis.ngsolve] INFO: NGSolve backend registered
2026-09-01 14:32:12,196 [oasis.registry] INFO: Registered backend: scikit-fem (skfem)
2026-09-01 14:32:12,196 [oasis.skfem] INFO: scikit-fem backend registered
2026-09-01 14:32:12,201 [oasis.registry] INFO: Registered backend: Kratos Multiphysics (kratos)
2026-09-01 14:32:12,201 [oasis.kratos] INFO: Kratos Multiphysics backend registered
2026-09-01 14:32:12,204 [oasis.registry] INFO: Registered backend: DUNE-fem (dune)
2026-09-01 14:32:12,204 [oasis.dune] INFO: DUNE-fem backend registered
2026-09-01 14:32:12,211 [oasis.registry] INFO: Registered backend: SPARTA (DSMC) (sparta)
2026-09-01 14:32:12,211 [oasis.sparta] INFO: SPARTA (DSMC) backend registered
2026-09-01 14:32:12,211 [oasis] INFO: Starting OASiS MCP server
2026-09-01 14:32:12,269 [mcp.server.lowlevel.server] INFO: Processing request of type CallToolRequest
2026-09-01 14:32:12,281 [mcp.server.lowlevel.server] INFO: Processing request of type ListToolsRequest
2026-09-01 14:32:12,302 [oasis] INFO: Session journal saved: /home/alexander/Schreibtisch/ofa-v2/data/sessions/session_2c5ffb6c-3379-4f3e-aa81-c1c54eed4a62.json (1 events)
2026-09-01 14:32:16,885 [oasis.registry] INFO: Loaded discovered config: 5 backends
2026-09-01 14:32:16,888 [oasis.registry] INFO: Registered backend: 4C Multiphysics (fourc)
2026-09-01 14:32:16,889 [oasis.registry] INFO: Registered backend: FEniCSx (dolfinx) (fenics)
2026-09-01 14:32:16,890 [oasis.registry] INFO: Registered backend: deal.II (dealii)
2026-09-01 14:32:16,894 [oasis.registry] INFO: Registered backend: FEBio (febio)
2026-09-01 14:32:16,897 [oasis.registry] INFO: Registered backend: NGSolve (ngsolve)
2026-09-01 14:32:16,898 [oasis.ngsolve] INFO: NGSolve backend registered
2026-09-01 14:32:16,901 [oasis.registry] INFO: Registered backend: scikit-fem (skfem)
2026-09-01 14:32:16,901 [oasis.skfem] INFO: scikit-fem backend registered
2026-09-01 14:32:16,906 [oasis.registry] INFO: Registered backend: Kratos Multiphysics (kratos)
2026-09-01 14:32:16,906 [oasis.kratos] INFO: Kratos Multiphysics backend registered
2026-09-01 14:32:16,910 [oasis.registry] INFO: Registered backend: DUNE-fem (dune)
2026-09-01 14:32:16,910 [oasis.dune] INFO: DUNE-fem backend registered
2026-09-01 14:32:16,918 [oasis.registry] INFO: Registered backend: SPARTA (DSMC) (sparta)
2026-09-01 14:32:16,918 [oasis.sparta] INFO: SPARTA (DSMC) backend registered
2026-09-01 14:32:16,918 [oasis] INFO: Starting OASiS MCP server
2026-09-01 14:32:16,939 [mcp.server.lowlevel.server] INFO: Processing request of type CallToolRequest
2026-09-01 14:32:22,295 [mcp.server.lowlevel.server] INFO: Processing request of type ListToolsRequest
2026-09-01 14:32:22,302 [oasis] INFO: Session journal saved: /home/alexander/Schreibtisch/ofa-v2/data/sessions/session_a7f5c78f-e8ce-404d-987f-a2cf18e50659.json (1 events)
2026-09-01 14:32:29,101 [oasis.registry] INFO: Loaded discovered config: 5 backends
2026-09-01 14:32:29,104 [oasis.registry] INFO: Registered backend: 4C Multiphysics (fourc)
2026-09-01 14:32:29,105 [oasis.registry] INFO: Registered backend: FEniCSx (dolfinx) (fenics)
2026-09-01 14:32:29,106 [oasis.registry] INFO: Registered backend: deal.II (dealii)
2026-09-01 14:32:29,111 [oasis.registry] INFO: Registered backend: FEBio (febio)
2026-09-01 14:32:29,114 [oasis.registry] INFO: Registered backend: NGSolve (ngsolve)
2026-09-01 14:32:29,114 [oasis.ngsolve] INFO: NGSolve backend registered
2026-09-01 14:32:29,118 [oasis.registry] INFO: Registered backend: scikit-fem (skfem)
2026-09-01 14:32:29,118 [oasis.skfem] INFO: scikit-fem backend registered
2026-09-01 14:32:29,122 [oasis.registry] INFO: Registered backend: Kratos Multiphysics (kratos)
2026-09-01 14:32:29,122 [oasis.kratos] INFO: Kratos Multiphysics backend registered
2026-09-01 14:32:29,125 [oasis.registry] INFO: Registered backend: DUNE-fem (dune)
2026-09-01 14:32:29,125 [oasis.dune] INFO: DUNE-fem backend registered
2026-09-01 14:32:29,132 [oasis.registry] INFO: Registered backend: SPARTA (DSMC) (sparta)
2026-09-01 14:32:29,132 [oasis.sparta] INFO: SPARTA (DSMC) backend registered
2026-09-01 14:32:29,132 [oasis] INFO: Starting OASiS MCP server
2026-09-01 14:32:29,146 [mcp.server.lowlevel.server] INFO: Processing request of type CallToolRequest
2026-09-01 14:32:29,157 [mcp.server.lowlevel.server] INFO: Processing request of type ListToolsRequest
2026-09-01 14:32:29,174 [oasis] INFO: Session journal saved: /home/alexander/Schreibtisch/ofa-v2/data/sessions/session_8d6cc2fd-2a5f-4878-bb4a-627396fc788c.json (1 events)
2026-09-01 14:32:39,009 [oasis.registry] INFO: Loaded discovered config: 5 backends
2026-09-01 14:32:39,012 [oasis.registry] INFO: Registered backend: 4C Multiphysics (fourc)
2026-09-01 14:32:39,013 [oasis.registry] INFO: Registered backend: FEniCSx (dolfinx) (fenics)
2026-09-01 14:32:39,013 [oasis.registry] INFO: Registered backend: deal.II (dealii)
2026-09-01 14:32:39,017 [oasis.registry] INFO: Registered backend: FEBio (febio)
2026-09-01 14:32:39,020 [oasis.registry] INFO: Registered backend: NGSolve (ngsolve)
2026-09-01 14:32:39,020 [oasis.ngsolve] INFO: NGSolve backend registered
2026-09-01 14:32:39,023 [oasis.registry] INFO: Registered backend: scikit-fem (skfem)
2026-09-01 14:32:39,023 [oasis.skfem] INFO: scikit-fem backend registered
2026-09-01 14:32:39,027 [oasis.registry] INFO: Registered backend: Kratos Multiphysics (kratos)
2026-09-01 14:32:39,028 [oasis.kratos] INFO: Kratos Multiphysics backend registered
2026-09-01 14:32:39,030 [oasis.registry] INFO: Registered backend: DUNE-fem (dune)
2026-09-01 14:32:39,030 [oasis.dune] INFO: DUNE-fem backend registered
2026-09-01 14:32:39,038 [oasis.registry] INFO: Registered backend: SPARTA (DSMC) (sparta)
2026-09-01 14:32:39,038 [oasis.sparta] INFO: SPARTA (DSMC) backend registered
2026-09-01 14:32:39,038 [oasis] INFO: Starting OASiS MCP server
2026-09-01 14:32:39,089 [mcp.server.lowlevel.server] INFO: Processing request of type CallToolRequest
2026-09-01 14:32:39,109 [mcp.server.lowlevel.server] INFO: Processing request of type ListToolsRequest
2026-09-01 14:32:39,118 [oasis] INFO: Session journal saved: /home/alexander/Schreibtisch/ofa-v2/data/sessions/session_b78aab9d-5f90-4c21-bdd4-66c9e83907bb.json (1 events)
/home/alexander/Schreibtisch/ofa-v2/langgraph_eval/agent.py:381: RuntimeWarning: This package (`duckduckgo_search`) has been renamed to `ddgs`! Use `pip install ddgs` instead.
  with DDGS() as ddgs:
/home/alexander/Schreibtisch/ofa-v2/langgraph_eval/agent.py:381: RuntimeWarning: This package (`duckduckgo_search`) has been renamed to `ddgs`! Use `pip install ddgs` instead.
  with DDGS() as ddgs:
/home/alexander/Schreibtisch/ofa-v2/langgraph_eval/agent.py:381: RuntimeWarning: This package (`duckduckgo_search`) has been renamed to `ddgs`! Use `pip install ddgs` instead.
  with DDGS() as ddgs:
/home/alexander/Schreibtisch/ofa-v2/langgraph_eval/agent.py:381: RuntimeWarning: This package (`duckduckgo_search`) has been renamed to `ddgs`! Use `pip install ddgs` instead.
  with DDGS() as ddgs:
/home/alexander/Schreibtisch/ofa-v2/langgraph_eval/agent.py:381: RuntimeWarning: This package (`duckduckgo_search`) has been renamed to `ddgs`! Use `pip install ddgs` instead.
  with DDGS() as ddgs:
/home/alexander/Schreibtisch/ofa-v2/langgraph_eval/agent.py:381: RuntimeWarning: This package (`duckduckgo_search`) has been renamed to `ddgs`! Use `pip install ddgs` instead.
  with DDGS() as ddgs:
/home/alexander/Schreibtisch/ofa-v2/langgraph_eval/agent.py:381: RuntimeWarning: This package (`duckduckgo_search`) has been renamed to `ddgs`! Use `pip install ddgs` instead.
  with DDGS() as ddgs:
/home/alexander/Schreibtisch/ofa-v2/langgraph_eval/agent.py:381: RuntimeWarning: This package (`duckduckgo_search`) has been renamed to `ddgs`! Use `pip install ddgs` instead.
  with DDGS() as ddgs:
/home/alexander/Schreibtisch/ofa-v2/langgraph_eval/agent.py:381: RuntimeWarning: This package (`duckduckgo_search`) has been renamed to `ddgs`! Use `pip install ddgs` instead.
  with DDGS() as ddgs:
/home/alexander/Schreibtisch/ofa-v2/langgraph_eval/agent.py:381: RuntimeWarning: This package (`duckduckgo_search`) has been renamed to `ddgs`! Use `pip install ddgs` instead.
  with DDGS() as ddgs:
/home/alexander/Schreibtisch/ofa-v2/langgraph_eval/agent.py:381: RuntimeWarning: This package (`duckduckgo_search`) has been renamed to `ddgs`! Use `pip install ddgs` instead.
  with DDGS() as ddgs:
/home/alexander/Schreibtisch/ofa-v2/langgraph_eval/agent.py:381: RuntimeWarning: This package (`duckduckgo_search`) has been renamed to `ddgs`! Use `pip install ddgs` instead.
  with DDGS() as ddgs:
2026-09-01 14:33:29,532 [oasis.registry] INFO: Loaded discovered config: 5 backends
2026-09-01 14:33:29,539 [oasis.registry] INFO: Registered backend: 4C Multiphysics (fourc)
2026-09-01 14:33:29,539 [oasis.registry] INFO: Registered backend: FEniCSx (dolfinx) (fenics)
2026-09-01 14:33:29,540 [oasis.registry] INFO: Registered backend: deal.II (dealii)
2026-09-01 14:33:29,548 [oasis.registry] INFO: Registered backend: FEBio (febio)
2026-09-01 14:33:29,555 [oasis.registry] INFO: Registered backend: NGSolve (ngsolve)
2026-09-01 14:33:29,555 [oasis.ngsolve] INFO: NGSolve backend registered
2026-09-01 14:33:29,559 [oasis.registry] INFO: Registered backend: scikit-fem (skfem)
2026-09-01 14:33:29,559 [oasis.skfem] INFO: scikit-fem backend registered
2026-09-01 14:33:29,568 [oasis.registry] INFO: Registered backend: Kratos Multiphysics (kratos)
2026-09-01 14:33:29,568 [oasis.kratos] INFO: Kratos Multiphysics backend registered
2026-09-01 14:33:29,571 [oasis.registry] INFO: Registered backend: DUNE-fem (dune)
2026-09-01 14:33:29,571 [oasis.dune] INFO: DUNE-fem backend registered
2026-09-01 14:33:29,582 [oasis.registry] INFO: Registered backend: SPARTA (DSMC) (sparta)
2026-09-01 14:33:29,582 [oasis.sparta] INFO: SPARTA (DSMC) backend registered
2026-09-01 14:33:29,582 [oasis] INFO: Starting OASiS MCP server
2026-09-01 14:33:29,617 [mcp.server.lowlevel.server] INFO: Processing request of type CallToolRequest
2026-09-01 14:33:29,629 [mcp.server.lowlevel.server] INFO: Processing request of type ListToolsRequest
2026-09-01 14:33:29,637 [oasis] INFO: Session journal saved: /home/alexander/Schreibtisch/ofa-v2/data/sessions/session_c6f030c1-4aa5-436d-8a74-a862274d1005.json (1 events)
2026-09-01 14:33:36,134 [oasis.registry] INFO: Loaded discovered config: 5 backends
2026-09-01 14:33:36,137 [oasis.registry] INFO: Registered backend: 4C Multiphysics (fourc)
2026-09-01 14:33:36,138 [oasis.registry] INFO: Registered backend: FEniCSx (dolfinx) (fenics)
2026-09-01 14:33:36,139 [oasis.registry] INFO: Registered backend: deal.II (dealii)
2026-09-01 14:33:36,143 [oasis.registry] INFO: Registered backend: FEBio (febio)
2026-09-01 14:33:36,147 [oasis.registry] INFO: Registered backend: NGSolve (ngsolve)
2026-09-01 14:33:36,147 [oasis.ngsolve] INFO: NGSolve backend registered
2026-09-01 14:33:36,150 [oasis.registry] INFO: Registered backend: scikit-fem (skfem)
2026-09-01 14:33:36,150 [oasis.skfem] INFO: scikit-fem backend registered
2026-09-01 14:33:36,155 [oasis.registry] INFO: Registered backend: Kratos Multiphysics (kratos)
2026-09-01 14:33:36,155 [oasis.kratos] INFO: Kratos Multiphysics backend registered
2026-09-01 14:33:36,159 [oasis.registry] INFO: Registered backend: DUNE-fem (dune)
2026-09-01 14:33:36,159 [oasis.dune] INFO: DUNE-fem backend registered
2026-09-01 14:33:36,166 [oasis.registry] INFO: Registered backend: SPARTA (DSMC) (sparta)
2026-09-01 14:33:36,167 [oasis.sparta] INFO: SPARTA (DSMC) backend registered
2026-09-01 14:33:36,167 [oasis] INFO: Starting OASiS MCP server
2026-09-01 14:33:36,183 [mcp.server.lowlevel.server] INFO: Processing request of type CallToolRequest
2026-09-01 14:33:36,192 [mcp.server.lowlevel.server] INFO: Processing request of type ListToolsRequest
2026-09-01 14:33:36,199 [oasis] INFO: Session journal saved: /home/alexander/Schreibtisch/ofa-v2/data/sessions/session_fbc19eed-42e1-4dbe-9a1a-313ba51fa35b.json (1 events)
2026-09-01 14:34:09,070 [oasis.registry] INFO: Loaded discovered config: 5 backends
2026-09-01 14:34:09,073 [oasis.registry] INFO: Registered backend: 4C Multiphysics (fourc)
2026-09-01 14:34:09,074 [oasis.registry] INFO: Registered backend: FEniCSx (dolfinx) (fenics)
2026-09-01 14:34:09,074 [oasis.registry] INFO: Registered backend: deal.II (dealii)
2026-09-01 14:34:09,078 [oasis.registry] INFO: Registered backend: FEBio (febio)
2026-09-01 14:34:09,081 [oasis.registry] INFO: Registered backend: NGSolve (ngsolve)
2026-09-01 14:34:09,081 [oasis.ngsolve] INFO: NGSolve backend registered
2026-09-01 14:34:09,084 [oasis.registry] INFO: Registered backend: scikit-fem (skfem)
2026-09-01 14:34:09,084 [oasis.skfem] INFO: scikit-fem backend registered
2026-09-01 14:34:09,089 [oasis.registry] INFO: Registered backend: Kratos Multiphysics (kratos)
2026-09-01 14:34:09,089 [oasis.kratos] INFO: Kratos Multiphysics backend registered
2026-09-01 14:34:09,092 [oasis.registry] INFO: Registered backend: DUNE-fem (dune)
2026-09-01 14:34:09,092 [oasis.dune] INFO: DUNE-fem backend registered
2026-09-01 14:34:09,098 [oasis.registry] INFO: Registered backend: SPARTA (DSMC) (sparta)
2026-09-01 14:34:09,098 [oasis.sparta] INFO: SPARTA (DSMC) backend registered
2026-09-01 14:34:09,098 [oasis] INFO: Starting OASiS MCP server
2026-09-01 14:34:09,115 [mcp.server.lowlevel.server] INFO: Processing request of type CallToolRequest
2026-09-01 14:34:09,143 [mcp.server.lowlevel.server] INFO: Processing request of type ListToolsRequest
2026-09-01 14:34:09,151 [oasis] INFO: Session journal saved: /home/alexander/Schreibtisch/ofa-v2/data/sessions/session_689e30a2-c5c8-41e4-b225-a4f9ba402667.json (1 events)
2026-09-01 14:34:13,138 [oasis.registry] INFO: Loaded discovered config: 5 backends
2026-09-01 14:34:13,140 [oasis.registry] INFO: Registered backend: 4C Multiphysics (fourc)
2026-09-01 14:34:13,141 [oasis.registry] INFO: Registered backend: FEniCSx (dolfinx) (fenics)
2026-09-01 14:34:13,142 [oasis.registry] INFO: Registered backend: deal.II (dealii)
2026-09-01 14:34:13,145 [oasis.registry] INFO: Registered backend: FEBio (febio)
2026-09-01 14:34:13,148 [oasis.registry] INFO: Registered backend: NGSolve (ngsolve)
2026-09-01 14:34:13,148 [oasis.ngsolve] INFO: NGSolve backend registered
2026-09-01 14:34:13,151 [oasis.registry] INFO: Registered backend: scikit-fem (skfem)
2026-09-01 14:34:13,151 [oasis.skfem] INFO: scikit-fem backend registered
2026-09-01 14:34:13,156 [oasis.registry] INFO: Registered backend: Kratos Multiphysics (kratos)
2026-09-01 14:34:13,156 [oasis.kratos] INFO: Kratos Multiphysics backend registered
2026-09-01 14:34:13,160 [oasis.registry] INFO: Registered backend: DUNE-fem (dune)
2026-09-01 14:34:13,160 [oasis.dune] INFO: DUNE-fem backend registered
2026-09-01 14:34:13,166 [oasis.registry] INFO: Registered backend: SPARTA (DSMC) (sparta)
2026-09-01 14:34:13,166 [oasis.sparta] INFO: SPARTA (DSMC) backend registered
2026-09-01 14:34:13,166 [oasis] INFO: Starting OASiS MCP server
2026-09-01 14:34:13,185 [mcp.server.lowlevel.server] INFO: Processing request of type CallToolRequest
2026-09-01 14:34:13,201 [mcp.server.lowlevel.server] INFO: Processing request of type ListToolsRequest
2026-09-01 14:34:13,210 [oasis] INFO: Session journal saved: /home/alexander/Schreibtisch/ofa-v2/data/sessions/session_757e278f-9293-41e0-875f-a39a7a7f5655.json (1 events)
2026-09-01 14:34:20,710 [oasis.registry] INFO: Loaded discovered config: 5 backends
2026-09-01 14:34:20,713 [oasis.registry] INFO: Registered backend: 4C Multiphysics (fourc)
2026-09-01 14:34:20,713 [oasis.registry] INFO: Registered backend: FEniCSx (dolfinx) (fenics)
2026-09-01 14:34:20,714 [oasis.registry] INFO: Registered backend: deal.II (dealii)
2026-09-01 14:34:20,718 [oasis.registry] INFO: Registered backend: FEBio (febio)
2026-09-01 14:34:20,721 [oasis.registry] INFO: Registered backend: NGSolve (ngsolve)
2026-09-01 14:34:20,721 [oasis.ngsolve] INFO: NGSolve backend registered
2026-09-01 14:34:20,724 [oasis.registry] INFO: Registered backend: scikit-fem (skfem)
2026-09-01 14:34:20,724 [oasis.skfem] INFO: scikit-fem backend registered
2026-09-01 14:34:20,728 [oasis.registry] INFO: Registered backend: Kratos Multiphysics (kratos)
2026-09-01 14:34:20,728 [oasis.kratos] INFO: Kratos Multiphysics backend registered
2026-09-01 14:34:20,732 [oasis.registry] INFO: Registered backend: DUNE-fem (dune)
2026-09-01 14:34:20,732 [oasis.dune] INFO: DUNE-fem backend registered
2026-09-01 14:34:20,738 [oasis.registry] INFO: Registered backend: SPARTA (DSMC) (sparta)
2026-09-01 14:34:20,738 [oasis.sparta] INFO: SPARTA (DSMC) backend registered
2026-09-01 14:34:20,739 [oasis] INFO: Starting OASiS MCP server
2026-09-01 14:34:20,754 [mcp.server.lowlevel.server] INFO: Processing request of type CallToolRequest
2026-09-01 14:34:20,774 [mcp.server.lowlevel.server] INFO: Processing request of type ListToolsRequest
2026-09-01 14:34:20,786 [oasis] INFO: Session journal saved: /home/alexander/Schreibtisch/ofa-v2/data/sessions/session_bfec4ae3-941f-4ac8-85c6-d42686da50bd.json (1 events)
2026-09-01 14:34:28,486 [oasis.registry] INFO: Loaded discovered config: 5 backends
2026-09-01 14:34:28,488 [oasis.registry] INFO: Registered backend: 4C Multiphysics (fourc)
2026-09-01 14:34:28,489 [oasis.registry] INFO: Registered backend: FEniCSx (dolfinx) (fenics)
2026-09-01 14:34:28,489 [oasis.registry] INFO: Registered backend: deal.II (dealii)
2026-09-01 14:34:28,492 [oasis.registry] INFO: Registered backend: FEBio (febio)
2026-09-01 14:34:28,495 [oasis.registry] INFO: Registered backend: NGSolve (ngsolve)
2026-09-01 14:34:28,495 [oasis.ngsolve] INFO: NGSolve backend registered
2026-09-01 14:34:28,497 [oasis.registry] INFO: Registered backend: scikit-fem (skfem)
2026-09-01 14:34:28,497 [oasis.skfem] INFO: scikit-fem backend registered
2026-09-01 14:34:28,501 [oasis.registry] INFO: Registered backend: Kratos Multiphysics (kratos)
2026-09-01 14:34:28,501 [oasis.kratos] INFO: Kratos Multiphysics backend registered
2026-09-01 14:34:28,504 [oasis.registry] INFO: Registered backend: DUNE-fem (dune)
2026-09-01 14:34:28,504 [oasis.dune] INFO: DUNE-fem backend registered
2026-09-01 14:34:28,509 [oasis.registry] INFO: Registered backend: SPARTA (DSMC) (sparta)
2026-09-01 14:34:28,509 [oasis.sparta] INFO: SPARTA (DSMC) backend registered
2026-09-01 14:34:28,509 [oasis] INFO: Starting OASiS MCP server
2026-09-01 14:34:28,516 [mcp.server.lowlevel.server] INFO: Processing request of type CallToolRequest
2026-09-01 14:34:28,526 [mcp.server.lowlevel.server] INFO: Processing request of type ListToolsRequest
2026-09-01 14:34:28,533 [oasis] INFO: Session journal saved: /home/alexander/Schreibtisch/ofa-v2/data/sessions/session_f9ab65e4-69c0-4e42-ae2b-1e53dc77c82b.json (1 events)
2026-09-01 14:34:32,712 [oasis.registry] INFO: Loaded discovered config: 5 backends
2026-09-01 14:34:32,714 [oasis.registry] INFO: Registered backend: 4C Multiphysics (fourc)
2026-09-01 14:34:32,715 [oasis.registry] INFO: Registered backend: FEniCSx (dolfinx) (fenics)
2026-09-01 14:34:32,716 [oasis.registry] INFO: Registered backend: deal.II (dealii)
2026-09-01 14:34:32,719 [oasis.registry] INFO: Registered backend: FEBio (febio)
2026-09-01 14:34:32,722 [oasis.registry] INFO: Registered backend: NGSolve (ngsolve)
2026-09-01 14:34:32,722 [oasis.ngsolve] INFO: NGSolve backend registered
2026-09-01 14:34:32,726 [oasis.registry] INFO: Registered backend: scikit-fem (skfem)
2026-09-01 14:34:32,726 [oasis.skfem] INFO: scikit-fem backend registered
2026-09-01 14:34:32,730 [oasis.registry] INFO: Registered backend: Kratos Multiphysics (kratos)
2026-09-01 14:34:32,730 [oasis.kratos] INFO: Kratos Multiphysics backend registered
2026-09-01 14:34:32,733 [oasis.registry] INFO: Registered backend: DUNE-fem (dune)
2026-09-01 14:34:32,733 [oasis.dune] INFO: DUNE-fem backend registered
2026-09-01 14:34:32,740 [oasis.registry] INFO: Registered backend: SPARTA (DSMC) (sparta)
2026-09-01 14:34:32,740 [oasis.sparta] INFO: SPARTA (DSMC) backend registered
2026-09-01 14:34:32,740 [oasis] INFO: Starting OASiS MCP server
2026-09-01 14:34:32,777 [mcp.server.lowlevel.server] INFO: Processing request of type CallToolRequest
2026-09-01 14:34:32,809 [mcp.server.lowlevel.server] INFO: Processing request of type ListToolsRequest
2026-09-01 14:34:32,819 [oasis] INFO: Session journal saved: /home/alexander/Schreibtisch/ofa-v2/data/sessions/session_55b0386a-9abf-471f-88ef-b25c9e4667a6.json (1 events)
[preflight] custody controls verified for 1 problem(s); keys sealed and unreadable by execution
[phase: development] results are for post-mortems and convergence checking, NOT for the paper's evaluation table.
[C3 27b BARE s96] done  calls=63 tok=3009730/62157 906.0s
2026-09-01 14:36:04,591 [oasis.registry] INFO: Loaded discovered config: 5 backends
2026-09-01 14:36:04,594 [oasis.registry] INFO: Registered backend: 4C Multiphysics (fourc)
2026-09-01 14:36:04,595 [oasis.registry] INFO: Registered backend: FEniCSx (dolfinx) (fenics)
2026-09-01 14:36:04,595 [oasis.registry] INFO: Registered backend: deal.II (dealii)
2026-09-01 14:36:04,600 [oasis.registry] INFO: Registered backend: FEBio (febio)
2026-09-01 14:36:04,603 [oasis.registry] INFO: Registered backend: NGSolve (ngsolve)
2026-09-01 14:36:04,603 [oasis.ngsolve] INFO: NGSolve backend registered
2026-09-01 14:36:04,607 [oasis.registry] INFO: Registered backend: scikit-fem (skfem)
2026-09-01 14:36:04,607 [oasis.skfem] INFO: scikit-fem backend registered
2026-09-01 14:36:04,611 [oasis.registry] INFO: Registered backend: Kratos Multiphysics (kratos)
2026-09-01 14:36:04,612 [oasis.kratos] INFO: Kratos Multiphysics backend registered
2026-09-01 14:36:04,615 [oasis.registry] INFO: Registered backend: DUNE-fem (dune)
2026-09-01 14:36:04,615 [oasis.dune] INFO: DUNE-fem backend registered
2026-09-01 14:36:04,623 [oasis.registry] INFO: Registered backend: SPARTA (DSMC) (sparta)
2026-09-01 14:36:04,623 [oasis.sparta] INFO: SPARTA (DSMC) backend registered
2026-09-01 14:36:04,623 [oasis] INFO: Starting OASiS MCP server
2026-09-01 14:36:04,649 [mcp.server.lowlevel.server] INFO: Processing request of type ListToolsRequest
2026-09-01 14:36:16,789 [oasis.registry] INFO: Loaded discovered config: 5 backends
2026-09-01 14:36:16,792 [oasis.registry] INFO: Registered backend: 4C Multiphysics (fourc)
2026-09-01 14:36:16,793 [oasis.registry] INFO: Registered backend: FEniCSx (dolfinx) (fenics)
2026-09-01 14:36:16,793 [oasis.registry] INFO: Registered backend: deal.II (dealii)
2026-09-01 14:36:16,797 [oasis.registry] INFO: Registered backend: FEBio (febio)
2026-09-01 14:36:16,801 [oasis.registry] INFO: Registered backend: NGSolve (ngsolve)
2026-09-01 14:36:16,801 [oasis.ngsolve] INFO: NGSolve backend registered
2026-09-01 14:36:16,804 [oasis.registry] INFO: Registered backend: scikit-fem (skfem)
2026-09-01 14:36:16,804 [oasis.skfem] INFO: scikit-fem backend registered
2026-09-01 14:36:16,809 [oasis.registry] INFO: Registered backend: Kratos Multiphysics (kratos)
2026-09-01 14:36:16,809 [oasis.kratos] INFO: Kratos Multiphysics backend registered
2026-09-01 14:36:16,812 [oasis.registry] INFO: Registered backend: DUNE-fem (dune)
2026-09-01 14:36:16,812 [oasis.dune] INFO: DUNE-fem backend registered
2026-09-01 14:36:16,819 [oasis.registry] INFO: Registered backend: SPARTA (DSMC) (sparta)
2026-09-01 14:36:16,819 [oasis.sparta] INFO: SPARTA (DSMC) backend registered
2026-09-01 14:36:16,819 [oasis] INFO: Starting OASiS MCP server
2026-09-01 14:36:16,820 [oasis.registry] INFO: Loaded discovered config: 5 backends
2026-09-01 14:36:16,822 [oasis.registry] INFO: Registered backend: 4C Multiphysics (fourc)
2026-09-01 14:36:16,823 [oasis.registry] INFO: Registered backend: FEniCSx (dolfinx) (fenics)
2026-09-01 14:36:16,824 [oasis.registry] INFO: Registered backend: deal.II (dealii)
2026-09-01 14:36:16,827 [oasis.registry] INFO: Registered backend: FEBio (febio)
2026-09-01 14:36:16,830 [oasis.registry] INFO: Registered backend: NGSolve (ngsolve)
2026-09-01 14:36:16,830 [oasis.ngsolve] INFO: NGSolve backend registered
2026-09-01 14:36:16,834 [oasis.registry] INFO: Registered backend: scikit-fem (skfem)
2026-09-01 14:36:16,834 [oasis.skfem] INFO: scikit-fem backend registered
2026-09-01 14:36:16,838 [oasis.registry] INFO: Registered backend: Kratos Multiphysics (kratos)
2026-09-01 14:36:16,838 [oasis.kratos] INFO: Kratos Multiphysics backend registered
2026-09-01 14:36:16,841 [oasis.registry] INFO: Registered backend: DUNE-fem (dune)
2026-09-01 14:36:16,841 [oasis.dune] INFO: DUNE-fem backend registered
2026-09-01 14:36:16,848 [oasis.registry] INFO: Registered backend: SPARTA (DSMC) (sparta)
2026-09-01 14:36:16,848 [oasis.sparta] INFO: SPARTA (DSMC) backend registered
2026-09-01 14:36:16,848 [oasis] INFO: Starting OASiS MCP server
2026-09-01 14:36:16,861 [mcp.server.lowlevel.server] INFO: Processing request of type CallToolRequest
2026-09-01 14:36:16,909 [mcp.server.lowlevel.server] INFO: Processing request of type CallToolRequest
2026-09-01 14:36:21,899 [mcp.server.lowlevel.server] INFO: Processing request of type ListToolsRequest
2026-09-01 14:36:21,905 [oasis] INFO: Session journal saved: /home/alexander/Schreibtisch/ofa-v2/data/sessions/session_7c76a975-0fc9-470d-8a01-06320a1abdfb.json (1 events)
2026-09-01 14:36:22,109 [mcp.server.lowlevel.server] INFO: Processing request of type ListToolsRequest
2026-09-01 14:36:22,115 [oasis] INFO: Session journal saved: /home/alexander/Schreibtisch/ofa-v2/data/sessions/session_e87c8576-180c-4bdb-a033-4f2d4b25ea10.json (1 events)
/home/alexander/Schreibtisch/ofa-v2/langgraph_eval/agent.py:381: RuntimeWarning: This package (`duckduckgo_search`) has been renamed to `ddgs`! Use `pip install ddgs` instead.
  with DDGS() as ddgs:
/home/alexander/Schreibtisch/ofa-v2/langgraph_eval/agent.py:381: RuntimeWarning: This package (`duckduckgo_search`) has been renamed to `ddgs`! Use `pip install ddgs` instead.
  with DDGS() as ddgs:
2026-09-01 14:36:56,098 [oasis.registry] INFO: Loaded discovered config: 5 backends
2026-09-01 14:36:56,101 [oasis.registry] INFO: Registered backend: 4C Multiphysics (fourc)
2026-09-01 14:36:56,101 [oasis.registry] INFO: Registered backend: FEniCSx (dolfinx) (fenics)
2026-09-01 14:36:56,102 [oasis.registry] INFO: Registered backend: deal.II (dealii)
2026-09-01 14:36:56,106 [oasis.registry] INFO: Registered backend: FEBio (febio)
2026-09-01 14:36:56,109 [oasis.registry] INFO: Registered backend: NGSolve (ngsolve)
2026-09-01 14:36:56,109 [oasis.ngsolve] INFO: NGSolve backend registered
2026-09-01 14:36:56,113 [oasis.registry] INFO: Registered backend: scikit-fem (skfem)
2026-09-01 14:36:56,113 [oasis.skfem] INFO: scikit-fem backend registered
2026-09-01 14:36:56,117 [oasis.registry] INFO: Registered backend: Kratos Multiphysics (kratos)
2026-09-01 14:36:56,117 [oasis.kratos] INFO: Kratos Multiphysics backend registered
2026-09-01 14:36:56,120 [oasis.registry] INFO: Registered backend: DUNE-fem (dune)
2026-09-01 14:36:56,120 [oasis.dune] INFO: DUNE-fem backend registered
2026-09-01 14:36:56,127 [oasis.registry] INFO: Registered backend: SPARTA (DSMC) (sparta)
2026-09-01 14:36:56,127 [oasis.sparta] INFO: SPARTA (DSMC) backend registered
2026-09-01 14:36:56,127 [oasis] INFO: Starting OASiS MCP server
2026-09-01 14:36:56,159 [mcp.server.lowlevel.server] INFO: Processing request of type CallToolRequest
2026-09-01 14:36:56,169 [oasis.registry] INFO: Loaded discovered config: 5 backends
2026-09-01 14:36:56,172 [oasis.registry] INFO: Registered backend: 4C Multiphysics (fourc)
2026-09-01 14:36:56,173 [oasis.registry] INFO: Registered backend: FEniCSx (dolfinx) (fenics)
2026-09-01 14:36:56,173 [oasis.registry] INFO: Registered backend: deal.II (dealii)
2026-09-01 14:36:56,177 [oasis.registry] INFO: Registered backend: FEBio (febio)
2026-09-01 14:36:56,179 [mcp.server.lowlevel.server] INFO: Processing request of type ListToolsRequest
2026-09-01 14:36:56,181 [oasis.registry] INFO: Registered backend: NGSolve (ngsolve)
2026-09-01 14:36:56,181 [oasis.ngsolve] INFO: NGSolve backend registered
2026-09-01 14:36:56,184 [oasis.registry] INFO: Registered backend: scikit-fem (skfem)
2026-09-01 14:36:56,184 [oasis.skfem] INFO: scikit-fem backend registered
2026-09-01 14:36:56,189 [oasis.registry] INFO: Registered backend: Kratos Multiphysics (kratos)
2026-09-01 14:36:56,189 [oasis.kratos] INFO: Kratos Multiphysics backend registered
2026-09-01 14:36:56,193 [oasis.registry] INFO: Registered backend: DUNE-fem (dune)
2026-09-01 14:36:56,193 [oasis.dune] INFO: DUNE-fem backend registered
2026-09-01 14:36:56,194 [oasis] INFO: Session journal saved: /home/alexander/Schreibtisch/ofa-v2/data/sessions/session_2b4adaa1-aa1b-4b55-9605-a3bc4b6b4001.json (1 events)
2026-09-01 14:36:56,200 [oasis.registry] INFO: Registered backend: SPARTA (DSMC) (sparta)
2026-09-01 14:36:56,200 [oasis.sparta] INFO: SPARTA (DSMC) backend registered
2026-09-01 14:36:56,200 [oasis] INFO: Starting OASiS MCP server
2026-09-01 14:36:56,215 [mcp.server.lowlevel.server] INFO: Processing request of type CallToolRequest
/home/alexander/Schreibtisch/ofa-v2/langgraph_eval/agent.py:381: RuntimeWarning: This package (`duckduckgo_search`) has been renamed to `ddgs`! Use `pip install ddgs` instead.
  with DDGS() as ddgs:
2026-09-01 14:36:56,226 [mcp.server.lowlevel.server] INFO: Processing request of type ListToolsRequest
2026-09-01 14:36:56,242 [oasis] INFO: Session journal saved: /home/alexander/Schreibtisch/ofa-v2/data/sessions/session_83ebcf99-87df-4d28-82a6-6e9aeffa53d5.json (1 events)
2026-09-01 14:37:04,957 [oasis.registry] INFO: Loaded discovered config: 5 backends
2026-09-01 14:37:04,961 [oasis.registry] INFO: Registered backend: 4C Multiphysics (fourc)
2026-09-01 14:37:04,962 [oasis.registry] INFO: Registered backend: FEniCSx (dolfinx) (fenics)
2026-09-01 14:37:04,963 [oasis.registry] INFO: Registered backend: deal.II (dealii)
2026-09-01 14:37:04,967 [oasis.registry] INFO: Registered backend: FEBio (febio)
2026-09-01 14:37:04,967 [oasis.registry] INFO: Loaded discovered config: 5 backends
2026-09-01 14:37:04,969 [oasis.registry] INFO: Registered backend: 4C Multiphysics (fourc)
2026-09-01 14:37:04,970 [oasis.registry] INFO: Registered backend: NGSolve (ngsolve)
2026-09-01 14:37:04,970 [oasis.ngsolve] INFO: NGSolve backend registered
2026-09-01 14:37:04,970 [oasis.registry] INFO: Registered backend: FEniCSx (dolfinx) (fenics)
2026-09-01 14:37:04,971 [oasis.registry] INFO: Registered backend: deal.II (dealii)
2026-09-01 14:37:04,973 [oasis.registry] INFO: Registered backend: scikit-fem (skfem)
2026-09-01 14:37:04,973 [oasis.skfem] INFO: scikit-fem backend registered
2026-09-01 14:37:04,975 [oasis.registry] INFO: Registered backend: FEBio (febio)
2026-09-01 14:37:04,978 [oasis.registry] INFO: Registered backend: NGSolve (ngsolve)
2026-09-01 14:37:04,978 [oasis.registry] INFO: Registered backend: Kratos Multiphysics (kratos)
2026-09-01 14:37:04,978 [oasis.ngsolve] INFO: NGSolve backend registered
2026-09-01 14:37:04,978 [oasis.kratos] INFO: Kratos Multiphysics backend registered
2026-09-01 14:37:04,981 [oasis.registry] INFO: Registered backend: scikit-fem (skfem)
2026-09-01 14:37:04,981 [oasis.skfem] INFO: scikit-fem backend registered
2026-09-01 14:37:04,981 [oasis.registry] INFO: Registered backend: DUNE-fem (dune)
2026-09-01 14:37:04,981 [oasis.dune] INFO: DUNE-fem backend registered
2026-09-01 14:37:04,986 [oasis.registry] INFO: Registered backend: Kratos Multiphysics (kratos)
2026-09-01 14:37:04,986 [oasis.kratos] INFO: Kratos Multiphysics backend registered
2026-09-01 14:37:04,988 [oasis.registry] INFO: Registered backend: SPARTA (DSMC) (sparta)
2026-09-01 14:37:04,988 [oasis.sparta] INFO: SPARTA (DSMC) backend registered
2026-09-01 14:37:04,988 [oasis] INFO: Starting OASiS MCP server
2026-09-01 14:37:04,988 [oasis.registry] INFO: Registered backend: DUNE-fem (dune)
2026-09-01 14:37:04,989 [oasis.dune] INFO: DUNE-fem backend registered
2026-09-01 14:37:04,995 [oasis.registry] INFO: Registered backend: SPARTA (DSMC) (sparta)
2026-09-01 14:37:04,995 [oasis.sparta] INFO: SPARTA (DSMC) backend registered
2026-09-01 14:37:04,995 [oasis] INFO: Starting OASiS MCP server
2026-09-01 14:37:05,017 [mcp.server.lowlevel.server] INFO: Processing request of type CallToolRequest
2026-09-01 14:37:05,029 [mcp.server.lowlevel.server] INFO: Processing request of type ListToolsRequest
2026-09-01 14:37:05,042 [oasis] INFO: Session journal saved: /home/alexander/Schreibtisch/ofa-v2/data/sessions/session_8430cbec-e580-4341-b137-3b5e23c8aca6.json (1 events)
2026-09-01 14:37:05,045 [mcp.server.lowlevel.server] INFO: Processing request of type CallToolRequest
2026-09-01 14:37:05,107 [mcp.server.lowlevel.server] INFO: Processing request of type ListToolsRequest
2026-09-01 14:37:05,116 [oasis] INFO: Session journal saved: /home/alexander/Schreibtisch/ofa-v2/data/sessions/session_498859c5-ecbe-4070-8136-4f7cb8e83235.json (1 events)
/home/alexander/Schreibtisch/ofa-v2/langgraph_eval/agent.py:456: LangGraphDeprecatedSinceV10: create_react_agent has been moved to `langchain.agents`. Please update your import to `from langchain.agents import create_agent`. Deprecated in LangGraph V1.0 to be removed in V2.0.
  sub_agent = create_react_agent(
/home/alexander/Schreibtisch/ofa-v2/langgraph_eval/agent.py:381: RuntimeWarning: This package (`duckduckgo_search`) has been renamed to `ddgs`! Use `pip install ddgs` instead.
  with DDGS() as ddgs:
/home/alexander/Schreibtisch/ofa-v2/langgraph_eval/agent.py:381: RuntimeWarning: This package (`duckduckgo_search`) has been renamed to `ddgs`! Use `pip install ddgs` instead.
  with DDGS() as ddgs:
/home/alexander/Schreibtisch/ofa-v2/langgraph_eval/agent.py:381: RuntimeWarning: This package (`duckduckgo_search`) has been renamed to `ddgs`! Use `pip install ddgs` instead.
  with DDGS() as ddgs:
/home/alexander/Schreibtisch/ofa-v2/langgraph_eval/agent.py:381: RuntimeWarning: This package (`duckduckgo_search`) has been renamed to `ddgs`! Use `pip install ddgs` instead.
  with DDGS() as ddgs:
/home/alexander/Schreibtisch/ofa-v2/langgraph_eval/agent.py:381: RuntimeWarning: This package (`duckduckgo_search`) has been renamed to `ddgs`! Use `pip install ddgs` instead.
  with DDGS() as ddgs:
2026-09-01 14:42:12,666 [oasis.registry] INFO: Loaded discovered config: 5 backends
2026-09-01 14:42:12,668 [oasis.registry] INFO: Registered backend: 4C Multiphysics (fourc)
2026-09-01 14:42:12,677 [oasis.registry] INFO: Registered backend: FEniCSx (dolfinx) (fenics)
2026-09-01 14:42:12,678 [oasis.registry] INFO: Registered backend: deal.II (dealii)
2026-09-01 14:42:12,682 [oasis.registry] INFO: Registered backend: FEBio (febio)
2026-09-01 14:42:12,685 [oasis.registry] INFO: Registered backend: NGSolve (ngsolve)
2026-09-01 14:42:12,685 [oasis.ngsolve] INFO: NGSolve backend registered
2026-09-01 14:42:12,692 [oasis.registry] INFO: Registered backend: scikit-fem (skfem)
2026-09-01 14:42:12,692 [oasis.skfem] INFO: scikit-fem backend registered
2026-09-01 14:42:12,700 [oasis.registry] INFO: Registered backend: Kratos Multiphysics (kratos)
2026-09-01 14:42:12,700 [oasis.kratos] INFO: Kratos Multiphysics backend registered
2026-09-01 14:42:12,707 [oasis.registry] INFO: Registered backend: DUNE-fem (dune)
2026-09-01 14:42:12,707 [oasis.dune] INFO: DUNE-fem backend registered
2026-09-01 14:42:12,718 [oasis.registry] INFO: Registered backend: SPARTA (DSMC) (sparta)
2026-09-01 14:42:12,718 [oasis.sparta] INFO: SPARTA (DSMC) backend registered
2026-09-01 14:42:12,718 [oasis] INFO: Starting OASiS MCP server
2026-09-01 14:42:12,769 [mcp.server.lowlevel.server] INFO: Processing request of type CallToolRequest
2026-09-01 14:42:12,833 [mcp.server.lowlevel.server] INFO: Processing request of type ListToolsRequest
2026-09-01 14:42:12,853 [oasis] INFO: Session journal saved: /home/alexander/Schreibtisch/ofa-v2/data/sessions/session_b0de5d32-cf84-40ee-b1ba-cfddb72cca3e.json (1 events)
/home/alexander/Schreibtisch/ofa-v2/langgraph_eval/agent.py:381: RuntimeWarning: This package (`duckduckgo_search`) has been renamed to `ddgs`! Use `pip install ddgs` instead.
  with DDGS() as ddgs:
/home/alexander/Schreibtisch/ofa-v2/langgraph_eval/agent.py:381: RuntimeWarning: This package (`duckduckgo_search`) has been renamed to `ddgs`! Use `pip install ddgs` instead.
  with DDGS() as ddgs:
/home/alexander/Schreibtisch/ofa-v2/langgraph_eval/agent.py:381: RuntimeWarning: This package (`duckduckgo_search`) has been renamed to `ddgs`! Use `pip install ddgs` instead.
  with DDGS() as ddgs:
2026-09-01 14:42:23,012 [oasis.registry] INFO: Loaded discovered config: 5 backends
2026-09-01 14:42:23,014 [oasis.registry] INFO: Registered backend: 4C Multiphysics (fourc)
2026-09-01 14:42:23,015 [oasis.registry] INFO: Registered backend: FEniCSx (dolfinx) (fenics)
2026-09-01 14:42:23,015 [oasis.registry] INFO: Registered backend: deal.II (dealii)
2026-09-01 14:42:23,019 [oasis.registry] INFO: Registered backend: FEBio (febio)
2026-09-01 14:42:23,022 [oasis.registry] INFO: Registered backend: NGSolve (ngsolve)
2026-09-01 14:42:23,022 [oasis.ngsolve] INFO: NGSolve backend registered
2026-09-01 14:42:23,026 [oasis.registry] INFO: Registered backend: scikit-fem (skfem)
2026-09-01 14:42:23,026 [oasis.skfem] INFO: scikit-fem backend registered
2026-09-01 14:42:23,030 [oasis.registry] INFO: Registered backend: Kratos Multiphysics (kratos)
2026-09-01 14:42:23,030 [oasis.kratos] INFO: Kratos Multiphysics backend registered
2026-09-01 14:42:23,033 [oasis.registry] INFO: Registered backend: DUNE-fem (dune)
2026-09-01 14:42:23,033 [oasis.dune] INFO: DUNE-fem backend registered
2026-09-01 14:42:23,040 [oasis.registry] INFO: Registered backend: SPARTA (DSMC) (sparta)
2026-09-01 14:42:23,040 [oasis.sparta] INFO: SPARTA (DSMC) backend registered
2026-09-01 14:42:23,040 [oasis] INFO: Starting OASiS MCP server
2026-09-01 14:42:23,085 [mcp.server.lowlevel.server] INFO: Processing request of type CallToolRequest
2026-09-01 14:42:23,166 [mcp.server.lowlevel.server] INFO: Processing request of type ListToolsRequest
2026-09-01 14:42:23,173 [oasis] INFO: Session journal saved: /home/alexander/Schreibtisch/ofa-v2/data/sessions/session_421d5456-f3e6-4319-b25c-1cfbd74da686.json (1 events)
/home/alexander/Schreibtisch/ofa-v2/langgraph_eval/agent.py:381: RuntimeWarning: This package (`duckduckgo_search`) has been renamed to `ddgs`! Use `pip install ddgs` instead.
  with DDGS() as ddgs:
[preflight] custody controls verified for 1 problem(s); keys sealed and unreadable by execution
[phase: development] results are for post-mortems and convergence checking, NOT for the paper's evaluation table.
[SP2 27b BARE s96] done  calls=125 tok=4236564/27821 2583.6s
2026-09-01 14:46:11,591 [oasis.registry] INFO: Loaded discovered config: 5 backends
2026-09-01 14:46:11,595 [oasis.registry] INFO: Registered backend: 4C Multiphysics (fourc)
2026-09-01 14:46:11,596 [oasis.registry] INFO: Registered backend: FEniCSx (dolfinx) (fenics)
2026-09-01 14:46:11,597 [oasis.registry] INFO: Registered backend: deal.II (dealii)
2026-09-01 14:46:11,602 [oasis.registry] INFO: Registered backend: FEBio (febio)
2026-09-01 14:46:11,606 [oasis.registry] INFO: Registered backend: NGSolve (ngsolve)
2026-09-01 14:46:11,606 [oasis.ngsolve] INFO: NGSolve backend registered
2026-09-01 14:46:11,611 [oasis.registry] INFO: Registered backend: scikit-fem (skfem)
2026-09-01 14:46:11,611 [oasis.skfem] INFO: scikit-fem backend registered
2026-09-01 14:46:11,615 [oasis.registry] INFO: Registered backend: Kratos Multiphysics (kratos)
2026-09-01 14:46:11,615 [oasis.kratos] INFO: Kratos Multiphysics backend registered
2026-09-01 14:46:11,618 [oasis.registry] INFO: Registered backend: DUNE-fem (dune)
2026-09-01 14:46:11,618 [oasis.dune] INFO: DUNE-fem backend registered
2026-09-01 14:46:11,625 [oasis.registry] INFO: Registered backend: SPARTA (DSMC) (sparta)
2026-09-01 14:46:11,625 [oasis.sparta] INFO: SPARTA (DSMC) backend registered
2026-09-01 14:46:11,625 [oasis] INFO: Starting OASiS MCP server
2026-09-01 14:46:11,647 [mcp.server.lowlevel.server] INFO: Processing request of type ListToolsRequest
2026-09-01 14:46:23,686 [oasis.registry] INFO: Loaded discovered config: 5 backends
2026-09-01 14:46:23,689 [oasis.registry] INFO: Registered backend: 4C Multiphysics (fourc)
2026-09-01 14:46:23,690 [oasis.registry] INFO: Registered backend: FEniCSx (dolfinx) (fenics)
2026-09-01 14:46:23,690 [oasis.registry] INFO: Registered backend: deal.II (dealii)
2026-09-01 14:46:23,694 [oasis.registry] INFO: Registered backend: FEBio (febio)
2026-09-01 14:46:23,697 [oasis.registry] INFO: Registered backend: NGSolve (ngsolve)
2026-09-01 14:46:23,697 [oasis.ngsolve] INFO: NGSolve backend registered
2026-09-01 14:46:23,701 [oasis.registry] INFO: Registered backend: scikit-fem (skfem)
2026-09-01 14:46:23,701 [oasis.skfem] INFO: scikit-fem backend registered
2026-09-01 14:46:23,705 [oasis.registry] INFO: Registered backend: Kratos Multiphysics (kratos)
2026-09-01 14:46:23,705 [oasis.kratos] INFO: Kratos Multiphysics backend registered
2026-09-01 14:46:23,708 [oasis.registry] INFO: Registered backend: DUNE-fem (dune)
2026-09-01 14:46:23,709 [oasis.dune] INFO: DUNE-fem backend registered
2026-09-01 14:46:23,716 [oasis.registry] INFO: Registered backend: SPARTA (DSMC) (sparta)
2026-09-01 14:46:23,716 [oasis.sparta] INFO: SPARTA (DSMC) backend registered
2026-09-01 14:46:23,716 [oasis] INFO: Starting OASiS MCP server
2026-09-01 14:46:23,731 [mcp.server.lowlevel.server] INFO: Processing request of type CallToolRequest
2026-09-01 14:46:28,346 [mcp.server.lowlevel.server] INFO: Processing request of type ListToolsRequest
2026-09-01 14:46:31,983 [oasis.registry] INFO: Loaded discovered config: 5 backends
2026-09-01 14:46:31,986 [oasis.registry] INFO: Registered backend: 4C Multiphysics (fourc)
2026-09-01 14:46:31,986 [oasis.registry] INFO: Registered backend: FEniCSx (dolfinx) (fenics)
2026-09-01 14:46:31,987 [oasis.registry] INFO: Registered backend: deal.II (dealii)
2026-09-01 14:46:31,991 [oasis.registry] INFO: Registered backend: FEBio (febio)
2026-09-01 14:46:31,994 [oasis.registry] INFO: Registered backend: NGSolve (ngsolve)
2026-09-01 14:46:31,994 [oasis.ngsolve] INFO: NGSolve backend registered
2026-09-01 14:46:31,997 [oasis.registry] INFO: Registered backend: scikit-fem (skfem)
2026-09-01 14:46:31,997 [oasis.skfem] INFO: scikit-fem backend registered
2026-09-01 14:46:32,002 [oasis.registry] INFO: Registered backend: Kratos Multiphysics (kratos)
2026-09-01 14:46:32,002 [oasis.kratos] INFO: Kratos Multiphysics backend registered
2026-09-01 14:46:32,005 [oasis.registry] INFO: Registered backend: DUNE-fem (dune)
2026-09-01 14:46:32,005 [oasis.dune] INFO: DUNE-fem backend registered
2026-09-01 14:46:32,011 [oasis.registry] INFO: Registered backend: SPARTA (DSMC) (sparta)
2026-09-01 14:46:32,011 [oasis.sparta] INFO: SPARTA (DSMC) backend registered
2026-09-01 14:46:32,011 [oasis] INFO: Starting OASiS MCP server
2026-09-01 14:46:32,050 [mcp.server.lowlevel.server] INFO: Processing request of type CallToolRequest
2026-09-01 14:46:36,665 [mcp.server.lowlevel.server] INFO: Processing request of type ListToolsRequest
2026-09-01 14:46:36,673 [oasis] INFO: Session journal saved: /home/alexander/Schreibtisch/ofa-v2/data/sessions/session_a0fb1cf5-e361-4664-878c-aca33c11b45b.json (1 events)
2026-09-01 14:46:47,355 [oasis.registry] INFO: Loaded discovered config: 5 backends
2026-09-01 14:46:47,357 [oasis.registry] INFO: Registered backend: 4C Multiphysics (fourc)
2026-09-01 14:46:47,358 [oasis.registry] INFO: Registered backend: FEniCSx (dolfinx) (fenics)
2026-09-01 14:46:47,358 [oasis.registry] INFO: Registered backend: deal.II (dealii)
2026-09-01 14:46:47,362 [oasis.registry] INFO: Registered backend: FEBio (febio)
2026-09-01 14:46:47,365 [oasis.registry] INFO: Registered backend: NGSolve (ngsolve)
2026-09-01 14:46:47,365 [oasis.ngsolve] INFO: NGSolve backend registered
2026-09-01 14:46:47,368 [oasis.registry] INFO: Registered backend: scikit-fem (skfem)
2026-09-01 14:46:47,368 [oasis.skfem] INFO: scikit-fem backend registered
2026-09-01 14:46:47,373 [oasis.registry] INFO: Registered backend: Kratos Multiphysics (kratos)
2026-09-01 14:46:47,373 [oasis.kratos] INFO: Kratos Multiphysics backend registered
2026-09-01 14:46:47,376 [oasis.registry] INFO: Registered backend: DUNE-fem (dune)
2026-09-01 14:46:47,376 [oasis.dune] INFO: DUNE-fem backend registered
2026-09-01 14:46:47,383 [oasis.registry] INFO: Registered backend: SPARTA (DSMC) (sparta)
2026-09-01 14:46:47,383 [oasis.sparta] INFO: SPARTA (DSMC) backend registered
2026-09-01 14:46:47,383 [oasis] INFO: Starting OASiS MCP server
2026-09-01 14:46:47,425 [mcp.server.lowlevel.server] INFO: Processing request of type CallToolRequest
2026-09-01 14:46:47,461 [mcp.server.lowlevel.server] INFO: Processing request of type ListToolsRequest
2026-09-01 14:46:50,425 [oasis.registry] INFO: Loaded discovered config: 5 backends
2026-09-01 14:46:50,427 [oasis.registry] INFO: Registered backend: 4C Multiphysics (fourc)
2026-09-01 14:46:50,427 [oasis.registry] INFO: Registered backend: FEniCSx (dolfinx) (fenics)
2026-09-01 14:46:50,428 [oasis.registry] INFO: Registered backend: deal.II (dealii)
2026-09-01 14:46:50,431 [oasis.registry] INFO: Registered backend: FEBio (febio)
2026-09-01 14:46:50,433 [oasis.registry] INFO: Registered backend: NGSolve (ngsolve)
2026-09-01 14:46:50,433 [oasis.ngsolve] INFO: NGSolve backend registered
2026-09-01 14:46:50,436 [oasis.registry] INFO: Registered backend: scikit-fem (skfem)
2026-09-01 14:46:50,436 [oasis.skfem] INFO: scikit-fem backend registered
2026-09-01 14:46:50,440 [oasis.registry] INFO: Registered backend: Kratos Multiphysics (kratos)
2026-09-01 14:46:50,440 [oasis.kratos] INFO: Kratos Multiphysics backend registered
2026-09-01 14:46:50,442 [oasis.registry] INFO: Registered backend: DUNE-fem (dune)
2026-09-01 14:46:50,442 [oasis.dune] INFO: DUNE-fem backend registered
2026-09-01 14:46:50,447 [oasis.registry] INFO: Registered backend: SPARTA (DSMC) (sparta)
2026-09-01 14:46:50,447 [oasis.sparta] INFO: SPARTA (DSMC) backend registered
2026-09-01 14:46:50,447 [oasis] INFO: Starting OASiS MCP server
2026-09-01 14:46:50,455 [mcp.server.lowlevel.server] INFO: Processing request of type CallToolRequest
2026-09-01 14:46:50,459 [mcp.server.lowlevel.server] INFO: Processing request of type ListToolsRequest
/home/alexander/Schreibtisch/ofa-v2/langgraph_eval/agent.py:381: RuntimeWarning: This package (`duckduckgo_search`) has been renamed to `ddgs`! Use `pip install ddgs` instead.
  with DDGS() as ddgs:
/home/alexander/Schreibtisch/ofa-v2/langgraph_eval/agent.py:381: RuntimeWarning: This package (`duckduckgo_search`) has been renamed to `ddgs`! Use `pip install ddgs` instead.
  with DDGS() as ddgs:
/home/alexander/Schreibtisch/ofa-v2/langgraph_eval/agent.py:381: RuntimeWarning: This package (`duckduckgo_search`) has been renamed to `ddgs`! Use `pip install ddgs` instead.
  with DDGS() as ddgs:
/home/alexander/Schreibtisch/ofa-v2/langgraph_eval/agent.py:381: RuntimeWarning: This package (`duckduckgo_search`) has been renamed to `ddgs`! Use `pip install ddgs` instead.
  with DDGS() as ddgs:
/home/alexander/Schreibtisch/ofa-v2/langgraph_eval/agent.py:381: RuntimeWarning: This package (`duckduckgo_search`) has been renamed to `ddgs`! Use `pip install ddgs` instead.
  with DDGS() as ddgs:
2026-09-01 14:47:33,341 [oasis.registry] INFO: Loaded discovered config: 5 backends
2026-09-01 14:47:33,343 [oasis.registry] INFO: Registered backend: 4C Multiphysics (fourc)
2026-09-01 14:47:33,344 [oasis.registry] INFO: Registered backend: FEniCSx (dolfinx) (fenics)
2026-09-01 14:47:33,345 [oasis.registry] INFO: Registered backend: deal.II (dealii)
2026-09-01 14:47:33,349 [oasis.registry] INFO: Registered backend: FEBio (febio)
2026-09-01 14:47:33,352 [oasis.registry] INFO: Registered backend: NGSolve (ngsolve)
2026-09-01 14:47:33,352 [oasis.ngsolve] INFO: NGSolve backend registered
2026-09-01 14:47:33,355 [oasis.registry] INFO: Registered backend: scikit-fem (skfem)
2026-09-01 14:47:33,355 [oasis.skfem] INFO: scikit-fem backend registered
2026-09-01 14:47:33,360 [oasis.registry] INFO: Registered backend: Kratos Multiphysics (kratos)
2026-09-01 14:47:33,360 [oasis.kratos] INFO: Kratos Multiphysics backend registered
2026-09-01 14:47:33,363 [oasis.registry] INFO: Registered backend: DUNE-fem (dune)
2026-09-01 14:47:33,363 [oasis.dune] INFO: DUNE-fem backend registered
2026-09-01 14:47:33,370 [oasis.registry] INFO: Registered backend: SPARTA (DSMC) (sparta)
2026-09-01 14:47:33,370 [oasis.sparta] INFO: SPARTA (DSMC) backend registered
2026-09-01 14:47:33,370 [oasis] INFO: Starting OASiS MCP server
2026-09-01 14:47:33,414 [mcp.server.lowlevel.server] INFO: Processing request of type CallToolRequest
2026-09-01 14:47:33,425 [mcp.server.lowlevel.server] INFO: Processing request of type ListToolsRequest
2026-09-01 14:47:33,434 [oasis] INFO: Session journal saved: /home/alexander/Schreibtisch/ofa-v2/data/sessions/session_efbd917c-4770-4cdd-9698-7801beaf1c1d.json (1 events)
/home/alexander/Schreibtisch/ofa-v2/langgraph_eval/agent.py:381: RuntimeWarning: This package (`duckduckgo_search`) has been renamed to `ddgs`! Use `pip install ddgs` instead.
  with DDGS() as ddgs:
/home/alexander/Schreibtisch/ofa-v2/langgraph_eval/agent.py:381: RuntimeWarning: This package (`duckduckgo_search`) has been renamed to `ddgs`! Use `pip install ddgs` instead.
  with DDGS() as ddgs:
/home/alexander/Schreibtisch/ofa-v2/langgraph_eval/agent.py:381: RuntimeWarning: This package (`duckduckgo_search`) has been renamed to `ddgs`! Use `pip install ddgs` instead.
  with DDGS() as ddgs:
/home/alexander/Schreibtisch/ofa-v2/langgraph_eval/agent.py:381: RuntimeWarning: This package (`duckduckgo_search`) has been renamed to `ddgs`! Use `pip install ddgs` instead.
  with DDGS() as ddgs:
2026-09-01 14:47:41,754 [oasis.registry] INFO: Loaded discovered config: 5 backends
2026-09-01 14:47:41,757 [oasis.registry] INFO: Registered backend: 4C Multiphysics (fourc)
2026-09-01 14:47:41,757 [oasis.registry] INFO: Registered backend: FEniCSx (dolfinx) (fenics)
2026-09-01 14:47:41,758 [oasis.registry] INFO: Registered backend: deal.II (dealii)
2026-09-01 14:47:41,761 [oasis.registry] INFO: Registered backend: FEBio (febio)
2026-09-01 14:47:41,764 [oasis.registry] INFO: Registered backend: NGSolve (ngsolve)
2026-09-01 14:47:41,764 [oasis.ngsolve] INFO: NGSolve backend registered
2026-09-01 14:47:41,767 [oasis.registry] INFO: Registered backend: scikit-fem (skfem)
2026-09-01 14:47:41,768 [oasis.skfem] INFO: scikit-fem backend registered
2026-09-01 14:47:41,772 [oasis.registry] INFO: Registered backend: Kratos Multiphysics (kratos)
2026-09-01 14:47:41,772 [oasis.kratos] INFO: Kratos Multiphysics backend registered
2026-09-01 14:47:41,775 [oasis.registry] INFO: Registered backend: DUNE-fem (dune)
2026-09-01 14:47:41,775 [oasis.dune] INFO: DUNE-fem backend registered
2026-09-01 14:47:41,782 [oasis.registry] INFO: Registered backend: SPARTA (DSMC) (sparta)
2026-09-01 14:47:41,782 [oasis.sparta] INFO: SPARTA (DSMC) backend registered
2026-09-01 14:47:41,782 [oasis] INFO: Starting OASiS MCP server
2026-09-01 14:47:41,794 [mcp.server.lowlevel.server] INFO: Processing request of type CallToolRequest
/home/alexander/Schreibtisch/ofa-v2/langgraph_eval/agent.py:381: RuntimeWarning: This package (`duckduckgo_search`) has been renamed to `ddgs`! Use `pip install ddgs` instead.
  with DDGS() as ddgs:
2026-09-01 14:47:41,811 [mcp.server.lowlevel.server] INFO: Processing request of type ListToolsRequest
2026-09-01 14:47:41,834 [oasis] INFO: Session journal saved: /home/alexander/Schreibtisch/ofa-v2/data/sessions/session_44e3e74e-ce97-498f-aca8-a6c7e627d4c6.json (1 events)
/home/alexander/Schreibtisch/ofa-v2/langgraph_eval/agent.py:381: RuntimeWarning: This package (`duckduckgo_search`) has been renamed to `ddgs`! Use `pip install ddgs` instead.
  with DDGS() as ddgs:
/home/alexander/Schreibtisch/ofa-v2/langgraph_eval/agent.py:381: RuntimeWarning: This package (`duckduckgo_search`) has been renamed to `ddgs`! Use `pip install ddgs` instead.
  with DDGS() as ddgs:
/home/alexander/Schreibtisch/ofa-v2/langgraph_eval/agent.py:381: RuntimeWarning: This package (`duckduckgo_search`) has been renamed to `ddgs`! Use `pip install ddgs` instead.
  with DDGS() as ddgs:
/home/alexander/Schreibtisch/ofa-v2/langgraph_eval/agent.py:381: RuntimeWarning: This package (`duckduckgo_search`) has been renamed to `ddgs`! Use `pip install ddgs` instead.
  with DDGS() as ddgs:
/home/alexander/Schreibtisch/ofa-v2/langgraph_eval/agent.py:381: RuntimeWarning: This package (`duckduckgo_search`) has been renamed to `ddgs`! Use `pip install ddgs` instead.
  with DDGS() as ddgs:
/home/alexander/Schreibtisch/ofa-v2/langgraph_eval/agent.py:381: RuntimeWarning: This package (`duckduckgo_search`) has been renamed to `ddgs`! Use `pip install ddgs` instead.
  with DDGS() as ddgs:
/home/alexander/Schreibtisch/ofa-v2/langgraph_eval/agent.py:381: RuntimeWarning: This package (`duckduckgo_search`) has been renamed to `ddgs`! Use `pip install ddgs` instead.
  with DDGS() as ddgs:
2026-09-01 14:50:33,100 [oasis.registry] INFO: Loaded discovered config: 5 backends
2026-09-01 14:50:33,103 [oasis.registry] INFO: Registered backend: 4C Multiphysics (fourc)
2026-09-01 14:50:33,103 [oasis.registry] INFO: Registered backend: FEniCSx (dolfinx) (fenics)
2026-09-01 14:50:33,104 [oasis.registry] INFO: Registered backend: deal.II (dealii)
2026-09-01 14:50:33,108 [oasis.registry] INFO: Registered backend: FEBio (febio)
2026-09-01 14:50:33,111 [oasis.registry] INFO: Registered backend: NGSolve (ngsolve)
2026-09-01 14:50:33,111 [oasis.ngsolve] INFO: NGSolve backend registered
2026-09-01 14:50:33,114 [oasis.registry] INFO: Registered backend: scikit-fem (skfem)
2026-09-01 14:50:33,114 [oasis.skfem] INFO: scikit-fem backend registered
2026-09-01 14:50:33,119 [oasis.registry] INFO: Registered backend: Kratos Multiphysics (kratos)
2026-09-01 14:50:33,119 [oasis.kratos] INFO: Kratos Multiphysics backend registered
2026-09-01 14:50:33,122 [oasis.registry] INFO: Registered backend: DUNE-fem (dune)
2026-09-01 14:50:33,122 [oasis.dune] INFO: DUNE-fem backend registered
2026-09-01 14:50:33,129 [oasis.registry] INFO: Registered backend: SPARTA (DSMC) (sparta)
2026-09-01 14:50:33,129 [oasis.sparta] INFO: SPARTA (DSMC) backend registered
2026-09-01 14:50:33,129 [oasis] INFO: Starting OASiS MCP server
2026-09-01 14:50:33,181 [mcp.server.lowlevel.server] INFO: Processing request of type CallToolRequest
2026-09-01 14:50:33,209 [mcp.server.lowlevel.server] INFO: Processing request of type ListToolsRequest
2026-09-01 14:50:48,560 [oasis.registry] INFO: Loaded discovered config: 5 backends
2026-09-01 14:50:48,562 [oasis.registry] INFO: Registered backend: 4C Multiphysics (fourc)
2026-09-01 14:50:48,563 [oasis.registry] INFO: Registered backend: FEniCSx (dolfinx) (fenics)
2026-09-01 14:50:48,564 [oasis.registry] INFO: Registered backend: deal.II (dealii)
2026-09-01 14:50:48,568 [oasis.registry] INFO: Registered backend: FEBio (febio)
2026-09-01 14:50:48,571 [oasis.registry] INFO: Registered backend: NGSolve (ngsolve)
2026-09-01 14:50:48,571 [oasis.ngsolve] INFO: NGSolve backend registered
2026-09-01 14:50:48,574 [oasis.registry] INFO: Registered backend: scikit-fem (skfem)
2026-09-01 14:50:48,574 [oasis.skfem] INFO: scikit-fem backend registered
2026-09-01 14:50:48,578 [oasis.registry] INFO: Registered backend: Kratos Multiphysics (kratos)
2026-09-01 14:50:48,578 [oasis.kratos] INFO: Kratos Multiphysics backend registered
2026-09-01 14:50:48,581 [oasis.registry] INFO: Registered backend: DUNE-fem (dune)
2026-09-01 14:50:48,581 [oasis.dune] INFO: DUNE-fem backend registered
2026-09-01 14:50:48,588 [oasis.registry] INFO: Registered backend: SPARTA (DSMC) (sparta)
2026-09-01 14:50:48,588 [oasis.sparta] INFO: SPARTA (DSMC) backend registered
2026-09-01 14:50:48,588 [oasis] INFO: Starting OASiS MCP server
2026-09-01 14:50:48,633 [mcp.server.lowlevel.server] INFO: Processing request of type CallToolRequest
2026-09-01 14:50:51,300 [mcp.server.lowlevel.server] INFO: Processing request of type ListToolsRequest
2026-09-01 14:50:51,307 [oasis] INFO: Session journal saved: /home/alexander/Schreibtisch/ofa-v2/data/sessions/session_0be6354f-b349-4e91-9b5b-0f620e389b41.json (1 events)
2026-09-01 14:52:21,903 [oasis.registry] INFO: Loaded discovered config: 5 backends
2026-09-01 14:52:21,906 [oasis.registry] INFO: Registered backend: 4C Multiphysics (fourc)
2026-09-01 14:52:21,907 [oasis.registry] INFO: Registered backend: FEniCSx (dolfinx) (fenics)
2026-09-01 14:52:21,908 [oasis.registry] INFO: Registered backend: deal.II (dealii)
2026-09-01 14:52:21,914 [oasis.registry] INFO: Registered backend: FEBio (febio)
2026-09-01 14:52:21,918 [oasis.registry] INFO: Registered backend: NGSolve (ngsolve)
2026-09-01 14:52:21,918 [oasis.ngsolve] INFO: NGSolve backend registered
2026-09-01 14:52:21,922 [oasis.registry] INFO: Registered backend: scikit-fem (skfem)
2026-09-01 14:52:21,922 [oasis.skfem] INFO: scikit-fem backend registered
2026-09-01 14:52:21,929 [oasis.registry] INFO: Registered backend: Kratos Multiphysics (kratos)
2026-09-01 14:52:21,929 [oasis.kratos] INFO: Kratos Multiphysics backend registered
2026-09-01 14:52:21,933 [oasis.registry] INFO: Registered backend: DUNE-fem (dune)
2026-09-01 14:52:21,934 [oasis.dune] INFO: DUNE-fem backend registered
2026-09-01 14:52:21,943 [oasis.registry] INFO: Registered backend: SPARTA (DSMC) (sparta)
2026-09-01 14:52:21,943 [oasis.sparta] INFO: SPARTA (DSMC) backend registered
2026-09-01 14:52:21,943 [oasis] INFO: Starting OASiS MCP server
2026-09-01 14:52:21,971 [mcp.server.lowlevel.server] INFO: Processing request of type CallToolRequest
2026-09-01 14:52:49,624 [mcp.server.lowlevel.server] INFO: Processing request of type ListToolsRequest
2026-09-01 14:52:49,631 [oasis] INFO: Session journal saved: /home/alexander/Schreibtisch/ofa-v2/data/sessions/session_ca39538b-934c-44bb-9665-c2c64361e089.json (1 events)
/home/alexander/.local/share/python/cpython-3.12.13-linux-x86_64-gnu/lib/python3.12/asyncio/events.py:88: RuntimeWarning: The executor did not finishing joining its threads within 300 seconds.
  self._context.run(self._callback, *self._args)
[preflight] custody controls verified for 1 problem(s); keys sealed and unreadable by execution
[phase: development] results are for post-mortems and convergence checking, NOT for the paper's evaluation table.
[C1 27b BARE s96] done  calls=55 tok=6781775/82067 3000.2s  ERR TimeoutError: exceeded 2700s
2026-09-01 14:54:46,833 [oasis.registry] INFO: Loaded discovered config: 5 backends
2026-09-01 14:54:46,836 [oasis.registry] INFO: Registered backend: 4C Multiphysics (fourc)
2026-09-01 14:54:46,837 [oasis.registry] INFO: Registered backend: FEniCSx (dolfinx) (fenics)
2026-09-01 14:54:46,838 [oasis.registry] INFO: Registered backend: deal.II (dealii)
2026-09-01 14:54:46,842 [oasis.registry] INFO: Registered backend: FEBio (febio)
2026-09-01 14:54:46,845 [oasis.registry] INFO: Registered backend: NGSolve (ngsolve)
2026-09-01 14:54:46,846 [oasis.ngsolve] INFO: NGSolve backend registered
2026-09-01 14:54:46,849 [oasis.registry] INFO: Registered backend: scikit-fem (skfem)
2026-09-01 14:54:46,849 [oasis.skfem] INFO: scikit-fem backend registered
2026-09-01 14:54:46,854 [oasis.registry] INFO: Registered backend: Kratos Multiphysics (kratos)
2026-09-01 14:54:46,854 [oasis.kratos] INFO: Kratos Multiphysics backend registered
2026-09-01 14:54:46,858 [oasis.registry] INFO: Registered backend: DUNE-fem (dune)
2026-09-01 14:54:46,858 [oasis.dune] INFO: DUNE-fem backend registered
2026-09-01 14:54:46,865 [oasis.registry] INFO: Registered backend: SPARTA (DSMC) (sparta)
2026-09-01 14:54:46,865 [oasis.sparta] INFO: SPARTA (DSMC) backend registered
2026-09-01 14:54:46,865 [oasis] INFO: Starting OASiS MCP server
2026-09-01 14:54:46,925 [mcp.server.lowlevel.server] INFO: Processing request of type CallToolRequest
2026-09-01 14:54:48,567 [mcp.server.lowlevel.server] INFO: Processing request of type ListToolsRequest
2026-09-01 14:54:48,574 [oasis] INFO: Session journal saved: /home/alexander/Schreibtisch/ofa-v2/data/sessions/session_24cdb18e-f052-4ed6-a3cd-d614e9364bec.json (1 events)
2026-09-01 14:56:45,816 [oasis.registry] INFO: Loaded discovered config: 5 backends
2026-09-01 14:56:45,819 [oasis.registry] INFO: Registered backend: 4C Multiphysics (fourc)
2026-09-01 14:56:45,820 [oasis.registry] INFO: Registered backend: FEniCSx (dolfinx) (fenics)
2026-09-01 14:56:45,820 [oasis.registry] INFO: Registered backend: deal.II (dealii)
2026-09-01 14:56:45,825 [oasis.registry] INFO: Registered backend: FEBio (febio)
2026-09-01 14:56:45,828 [oasis.registry] INFO: Registered backend: NGSolve (ngsolve)
2026-09-01 14:56:45,828 [oasis.ngsolve] INFO: NGSolve backend registered
2026-09-01 14:56:45,831 [oasis.registry] INFO: Registered backend: scikit-fem (skfem)
2026-09-01 14:56:45,831 [oasis.skfem] INFO: scikit-fem backend registered
2026-09-01 14:56:45,837 [oasis.registry] INFO: Registered backend: Kratos Multiphysics (kratos)
2026-09-01 14:56:45,837 [oasis.kratos] INFO: Kratos Multiphysics backend registered
2026-09-01 14:56:45,840 [oasis.registry] INFO: Registered backend: DUNE-fem (dune)
2026-09-01 14:56:45,840 [oasis.dune] INFO: DUNE-fem backend registered
2026-09-01 14:56:45,847 [oasis.registry] INFO: Registered backend: SPARTA (DSMC) (sparta)
2026-09-01 14:56:45,847 [oasis.sparta] INFO: SPARTA (DSMC) backend registered
2026-09-01 14:56:45,848 [oasis] INFO: Starting OASiS MCP server
2026-09-01 14:56:45,902 [mcp.server.lowlevel.server] INFO: Processing request of type CallToolRequest
2026-09-01 14:57:40,118 [oasis.registry] INFO: Loaded discovered config: 5 backends
2026-09-01 14:57:40,121 [oasis.registry] INFO: Registered backend: 4C Multiphysics (fourc)
2026-09-01 14:57:40,121 [oasis.registry] INFO: Registered backend: FEniCSx (dolfinx) (fenics)
2026-09-01 14:57:40,122 [oasis.registry] INFO: Registered backend: deal.II (dealii)
2026-09-01 14:57:40,125 [oasis.registry] INFO: Registered backend: FEBio (febio)
2026-09-01 14:57:40,128 [oasis.registry] INFO: Registered backend: NGSolve (ngsolve)
2026-09-01 14:57:40,128 [oasis.ngsolve] INFO: NGSolve backend registered
2026-09-01 14:57:40,130 [oasis.registry] INFO: Registered backend: scikit-fem (skfem)
2026-09-01 14:57:40,130 [oasis.skfem] INFO: scikit-fem backend registered
2026-09-01 14:57:40,134 [oasis.registry] INFO: Registered backend: Kratos Multiphysics (kratos)
2026-09-01 14:57:40,134 [oasis.kratos] INFO: Kratos Multiphysics backend registered
2026-09-01 14:57:40,137 [oasis.registry] INFO: Registered backend: DUNE-fem (dune)
2026-09-01 14:57:40,137 [oasis.dune] INFO: DUNE-fem backend registered
2026-09-01 14:57:40,142 [oasis.registry] INFO: Registered backend: SPARTA (DSMC) (sparta)
2026-09-01 14:57:40,142 [oasis.sparta] INFO: SPARTA (DSMC) backend registered
2026-09-01 14:57:40,142 [oasis] INFO: Starting OASiS MCP server
2026-09-01 14:57:40,150 [mcp.server.lowlevel.server] INFO: Processing request of type ListToolsRequest
2026-09-01 14:57:53,334 [oasis.registry] INFO: Loaded discovered config: 5 backends
2026-09-01 14:57:53,337 [oasis.registry] INFO: Registered backend: 4C Multiphysics (fourc)
2026-09-01 14:57:53,339 [oasis.registry] INFO: Registered backend: FEniCSx (dolfinx) (fenics)
2026-09-01 14:57:53,339 [oasis.registry] INFO: Registered backend: deal.II (dealii)
2026-09-01 14:57:53,343 [oasis.registry] INFO: Registered backend: FEBio (febio)
2026-09-01 14:57:53,344 [oasis.registry] INFO: Loaded discovered config: 5 backends
2026-09-01 14:57:53,346 [oasis.registry] INFO: Registered backend: NGSolve (ngsolve)
2026-09-01 14:57:53,346 [oasis.ngsolve] INFO: NGSolve backend registered
2026-09-01 14:57:53,347 [oasis.registry] INFO: Registered backend: 4C Multiphysics (fourc)
2026-09-01 14:57:53,347 [oasis.registry] INFO: Registered backend: FEniCSx (dolfinx) (fenics)
2026-09-01 14:57:53,347 [oasis.registry] INFO: Loaded discovered config: 5 backends
2026-09-01 14:57:53,348 [oasis.registry] INFO: Registered backend: deal.II (dealii)
2026-09-01 14:57:53,348 [oasis.registry] INFO: Registered backend: scikit-fem (skfem)
2026-09-01 14:57:53,349 [oasis.skfem] INFO: scikit-fem backend registered
2026-09-01 14:57:53,350 [oasis.registry] INFO: Registered backend: 4C Multiphysics (fourc)
2026-09-01 14:57:53,351 [oasis.registry] INFO: Registered backend: FEniCSx (dolfinx) (fenics)
2026-09-01 14:57:53,351 [oasis.registry] INFO: Registered backend: FEBio (febio)
2026-09-01 14:57:53,352 [oasis.registry] INFO: Registered backend: deal.II (dealii)
2026-09-01 14:57:53,352 [oasis.registry] INFO: Loaded discovered config: 5 backends
2026-09-01 14:57:53,353 [oasis.registry] INFO: Registered backend: Kratos Multiphysics (kratos)
2026-09-01 14:57:53,353 [oasis.kratos] INFO: Kratos Multiphysics backend registered
2026-09-01 14:57:53,354 [oasis.registry] INFO: Registered backend: NGSolve (ngsolve)
2026-09-01 14:57:53,354 [oasis.ngsolve] INFO: NGSolve backend registered
2026-09-01 14:57:53,354 [oasis.registry] INFO: Registered backend: 4C Multiphysics (fourc)
2026-09-01 14:57:53,355 [oasis.registry] INFO: Registered backend: FEniCSx (dolfinx) (fenics)
2026-09-01 14:57:53,355 [oasis.registry] INFO: Registered backend: FEBio (febio)
2026-09-01 14:57:53,356 [oasis.registry] INFO: Registered backend: deal.II (dealii)
2026-09-01 14:57:53,356 [oasis.registry] INFO: Registered backend: DUNE-fem (dune)
2026-09-01 14:57:53,356 [oasis.dune] INFO: DUNE-fem backend registered
2026-09-01 14:57:53,356 [oasis.registry] INFO: Registered backend: scikit-fem (skfem)
2026-09-01 14:57:53,357 [oasis.skfem] INFO: scikit-fem backend registered
2026-09-01 14:57:53,358 [oasis.registry] INFO: Registered backend: NGSolve (ngsolve)
2026-09-01 14:57:53,358 [oasis.ngsolve] INFO: NGSolve backend registered
2026-09-01 14:57:53,359 [oasis.registry] INFO: Registered backend: FEBio (febio)
2026-09-01 14:57:53,360 [oasis.registry] INFO: Registered backend: Kratos Multiphysics (kratos)
2026-09-01 14:57:53,360 [oasis.kratos] INFO: Kratos Multiphysics backend registered
2026-09-01 14:57:53,361 [oasis.registry] INFO: Registered backend: scikit-fem (skfem)
2026-09-01 14:57:53,361 [oasis.registry] INFO: Registered backend: SPARTA (DSMC) (sparta)
2026-09-01 14:57:53,361 [oasis.skfem] INFO: scikit-fem backend registered
2026-09-01 14:57:53,361 [oasis.sparta] INFO: SPARTA (DSMC) backend registered
2026-09-01 14:57:53,361 [oasis] INFO: Starting OASiS MCP server
2026-09-01 14:57:53,362 [oasis.registry] INFO: Registered backend: NGSolve (ngsolve)
2026-09-01 14:57:53,362 [oasis.ngsolve] INFO: NGSolve backend registered
2026-09-01 14:57:53,363 [oasis.registry] INFO: Registered backend: DUNE-fem (dune)
2026-09-01 14:57:53,363 [oasis.dune] INFO: DUNE-fem backend registered
2026-09-01 14:57:53,365 [oasis.registry] INFO: Registered backend: scikit-fem (skfem)
2026-09-01 14:57:53,365 [oasis.skfem] INFO: scikit-fem backend registered
2026-09-01 14:57:53,365 [oasis.registry] INFO: Registered backend: Kratos Multiphysics (kratos)
2026-09-01 14:57:53,365 [oasis.kratos] INFO: Kratos Multiphysics backend registered
2026-09-01 14:57:53,368 [oasis.registry] INFO: Registered backend: DUNE-fem (dune)
2026-09-01 14:57:53,368 [oasis.registry] INFO: Registered backend: SPARTA (DSMC) (sparta)
2026-09-01 14:57:53,368 [oasis.dune] INFO: DUNE-fem backend registered
2026-09-01 14:57:53,368 [oasis.sparta] INFO: SPARTA (DSMC) backend registered
2026-09-01 14:57:53,368 [oasis] INFO: Starting OASiS MCP server
2026-09-01 14:57:53,369 [mcp.server.lowlevel.server] INFO: Processing request of type CallToolRequest
2026-09-01 14:57:53,369 [oasis.registry] INFO: Registered backend: Kratos Multiphysics (kratos)
2026-09-01 14:57:53,369 [oasis.kratos] INFO: Kratos Multiphysics backend registered
2026-09-01 14:57:53,372 [oasis.registry] INFO: Registered backend: DUNE-fem (dune)
2026-09-01 14:57:53,372 [oasis.dune] INFO: DUNE-fem backend registered
2026-09-01 14:57:53,374 [oasis.registry] INFO: Registered backend: SPARTA (DSMC) (sparta)
2026-09-01 14:57:53,374 [oasis.sparta] INFO: SPARTA (DSMC) backend registered
2026-09-01 14:57:53,374 [oasis] INFO: Starting OASiS MCP server
2026-09-01 14:57:53,377 [mcp.server.lowlevel.server] INFO: Processing request of type CallToolRequest
2026-09-01 14:57:53,377 [oasis.registry] INFO: Registered backend: SPARTA (DSMC) (sparta)
2026-09-01 14:57:53,377 [oasis.sparta] INFO: SPARTA (DSMC) backend registered
2026-09-01 14:57:53,378 [oasis] INFO: Starting OASiS MCP server
2026-09-01 14:57:53,383 [mcp.server.lowlevel.server] INFO: Processing request of type CallToolRequest
2026-09-01 14:57:53,387 [mcp.server.lowlevel.server] INFO: Processing request of type CallToolRequest
2026-09-01 14:57:57,461 [mcp.server.lowlevel.server] INFO: Processing request of type ListToolsRequest
2026-09-01 14:57:57,469 [oasis] INFO: Session journal saved: /home/alexander/Schreibtisch/ofa-v2/data/sessions/session_dbf53f22-10ab-4deb-ad1b-8b6ba966e1b5.json (1 events)
2026-09-01 14:57:57,516 [mcp.server.lowlevel.server] INFO: Processing request of type ListToolsRequest
2026-09-01 14:57:57,524 [oasis] INFO: Session journal saved: /home/alexander/Schreibtisch/ofa-v2/data/sessions/session_b870b261-57c8-4fb8-8a5e-25fb048cfa52.json (1 events)
2026-09-01 14:57:58,429 [mcp.server.lowlevel.server] INFO: Processing request of type ListToolsRequest
2026-09-01 14:57:58,436 [oasis] INFO: Session journal saved: /home/alexander/Schreibtisch/ofa-v2/data/sessions/session_8ba7ab0d-1bc6-41a4-ac22-b07860687025.json (1 events)
2026-09-01 14:57:58,677 [mcp.server.lowlevel.server] INFO: Processing request of type ListToolsRequest
2026-09-01 14:57:58,683 [oasis] INFO: Session journal saved: /home/alexander/Schreibtisch/ofa-v2/data/sessions/session_376dea06-259f-4707-90eb-ec70b8659a13.json (1 events)
/home/alexander/Schreibtisch/ofa-v2/langgraph_eval/agent.py:381: RuntimeWarning: This package (`duckduckgo_search`) has been renamed to `ddgs`! Use `pip install ddgs` instead.
  with DDGS() as ddgs:
2026-09-01 14:58:57,495 [oasis.registry] INFO: Loaded discovered config: 5 backends
2026-09-01 14:58:57,498 [oasis.registry] INFO: Registered backend: 4C Multiphysics (fourc)
2026-09-01 14:58:57,498 [oasis.registry] INFO: Registered backend: FEniCSx (dolfinx) (fenics)
2026-09-01 14:58:57,499 [oasis.registry] INFO: Registered backend: deal.II (dealii)
2026-09-01 14:58:57,502 [oasis.registry] INFO: Registered backend: FEBio (febio)
2026-09-01 14:58:57,505 [oasis.registry] INFO: Registered backend: NGSolve (ngsolve)
2026-09-01 14:58:57,505 [oasis.ngsolve] INFO: NGSolve backend registered
2026-09-01 14:58:57,508 [oasis.registry] INFO: Registered backend: scikit-fem (skfem)
2026-09-01 14:58:57,508 [oasis.skfem] INFO: scikit-fem backend registered
2026-09-01 14:58:57,512 [oasis.registry] INFO: Registered backend: Kratos Multiphysics (kratos)
2026-09-01 14:58:57,513 [oasis.kratos] INFO: Kratos Multiphysics backend registered
2026-09-01 14:58:57,515 [oasis.registry] INFO: Registered backend: DUNE-fem (dune)
2026-09-01 14:58:57,515 [oasis.dune] INFO: DUNE-fem backend registered
2026-09-01 14:58:57,522 [oasis.registry] INFO: Registered backend: SPARTA (DSMC) (sparta)
2026-09-01 14:58:57,522 [oasis.sparta] INFO: SPARTA (DSMC) backend registered
2026-09-01 14:58:57,522 [oasis] INFO: Starting OASiS MCP server
2026-09-01 14:58:57,532 [mcp.server.lowlevel.server] INFO: Processing request of type CallToolRequest
2026-09-01 14:58:57,537 [mcp.server.lowlevel.server] INFO: Processing request of type ListToolsRequest
2026-09-01 14:58:57,545 [oasis] INFO: Session journal saved: /home/alexander/Schreibtisch/ofa-v2/data/sessions/session_eabeb5a2-3ab1-4580-b397-15e303c566ff.json (1 events)
2026-09-01 14:58:57,555 [oasis.registry] INFO: Loaded discovered config: 5 backends
2026-09-01 14:58:57,557 [oasis.registry] INFO: Registered backend: 4C Multiphysics (fourc)
2026-09-01 14:58:57,558 [oasis.registry] INFO: Registered backend: FEniCSx (dolfinx) (fenics)
2026-09-01 14:58:57,559 [oasis.registry] INFO: Registered backend: deal.II (dealii)
2026-09-01 14:58:57,562 [oasis.registry] INFO: Registered backend: FEBio (febio)
2026-09-01 14:58:57,565 [oasis.registry] INFO: Registered backend: NGSolve (ngsolve)
2026-09-01 14:58:57,565 [oasis.ngsolve] INFO: NGSolve backend registered
2026-09-01 14:58:57,568 [oasis.registry] INFO: Registered backend: scikit-fem (skfem)
2026-09-01 14:58:57,568 [oasis.skfem] INFO: scikit-fem backend registered
2026-09-01 14:58:57,572 [oasis.registry] INFO: Registered backend: Kratos Multiphysics (kratos)
2026-09-01 14:58:57,572 [oasis.kratos] INFO: Kratos Multiphysics backend registered
2026-09-01 14:58:57,575 [oasis.registry] INFO: Registered backend: DUNE-fem (dune)
2026-09-01 14:58:57,575 [oasis.dune] INFO: DUNE-fem backend registered
2026-09-01 14:58:57,581 [oasis.registry] INFO: Registered backend: SPARTA (DSMC) (sparta)
2026-09-01 14:58:57,581 [oasis.sparta] INFO: SPARTA (DSMC) backend registered
2026-09-01 14:58:57,581 [oasis] INFO: Starting OASiS MCP server
2026-09-01 14:58:57,589 [mcp.server.lowlevel.server] INFO: Processing request of type CallToolRequest
2026-09-01 14:58:57,605 [mcp.server.lowlevel.server] INFO: Processing request of type ListToolsRequest
/home/alexander/Schreibtisch/ofa-v2/langgraph_eval/agent.py:381: RuntimeWarning: This package (`duckduckgo_search`) has been renamed to `ddgs`! Use `pip install ddgs` instead.
  with DDGS() as ddgs:
2026-09-01 14:58:57,613 [oasis] INFO: Session journal saved: /home/alexander/Schreibtisch/ofa-v2/data/sessions/session_7cefedea-16dc-4131-aa67-e5eab66afc3c.json (1 events)
/home/alexander/Schreibtisch/ofa-v2/langgraph_eval/agent.py:381: RuntimeWarning: This package (`duckduckgo_search`) has been renamed to `ddgs`! Use `pip install ddgs` instead.
  with DDGS() as ddgs:
[preflight] custody controls verified for 1 problem(s); keys sealed and unreadable by execution
[phase: development] results are for post-mortems and convergence checking, NOT for the paper's evaluation table.
[C2 27b BARE s96] done  calls=65 tok=4406351/53924 2687.9s
2026-09-01 15:05:41,576 [oasis.registry] INFO: Loaded discovered config: 5 backends
2026-09-01 15:05:41,578 [oasis.registry] INFO: Registered backend: 4C Multiphysics (fourc)
2026-09-01 15:05:41,579 [oasis.registry] INFO: Registered backend: FEniCSx (dolfinx) (fenics)
2026-09-01 15:05:41,580 [oasis.registry] INFO: Registered backend: deal.II (dealii)
2026-09-01 15:05:41,582 [oasis.registry] INFO: Registered backend: FEBio (febio)
2026-09-01 15:05:41,585 [oasis.registry] INFO: Registered backend: NGSolve (ngsolve)
2026-09-01 15:05:41,585 [oasis.ngsolve] INFO: NGSolve backend registered
2026-09-01 15:05:41,587 [oasis.registry] INFO: Registered backend: scikit-fem (skfem)
2026-09-01 15:05:41,587 [oasis.skfem] INFO: scikit-fem backend registered
2026-09-01 15:05:41,591 [oasis.registry] INFO: Registered backend: Kratos Multiphysics (kratos)
2026-09-01 15:05:41,591 [oasis.kratos] INFO: Kratos Multiphysics backend registered
2026-09-01 15:05:41,594 [oasis.registry] INFO: Registered backend: DUNE-fem (dune)
2026-09-01 15:05:41,594 [oasis.dune] INFO: DUNE-fem backend registered
2026-09-01 15:05:41,598 [oasis.registry] INFO: Registered backend: SPARTA (DSMC) (sparta)
2026-09-01 15:05:41,599 [oasis.sparta] INFO: SPARTA (DSMC) backend registered
2026-09-01 15:05:41,599 [oasis] INFO: Starting OASiS MCP server
2026-09-01 15:05:41,606 [mcp.server.lowlevel.server] INFO: Processing request of type ListToolsRequest
2026-09-01 15:05:49,390 [oasis.registry] INFO: Loaded discovered config: 5 backends
2026-09-01 15:05:49,392 [oasis.registry] INFO: Registered backend: 4C Multiphysics (fourc)
2026-09-01 15:05:49,393 [oasis.registry] INFO: Registered backend: FEniCSx (dolfinx) (fenics)
2026-09-01 15:05:49,393 [oasis.registry] INFO: Registered backend: deal.II (dealii)
2026-09-01 15:05:49,396 [oasis.registry] INFO: Registered backend: FEBio (febio)
2026-09-01 15:05:49,399 [oasis.registry] INFO: Registered backend: NGSolve (ngsolve)
2026-09-01 15:05:49,399 [oasis.ngsolve] INFO: NGSolve backend registered
2026-09-01 15:05:49,402 [oasis.registry] INFO: Registered backend: scikit-fem (skfem)
2026-09-01 15:05:49,402 [oasis.skfem] INFO: scikit-fem backend registered
2026-09-01 15:05:49,405 [oasis.registry] INFO: Registered backend: Kratos Multiphysics (kratos)
2026-09-01 15:05:49,406 [oasis.kratos] INFO: Kratos Multiphysics backend registered
2026-09-01 15:05:49,408 [oasis.registry] INFO: Registered backend: DUNE-fem (dune)
2026-09-01 15:05:49,408 [oasis.dune] INFO: DUNE-fem backend registered
2026-09-01 15:05:49,413 [oasis.registry] INFO: Registered backend: SPARTA (DSMC) (sparta)
2026-09-01 15:05:49,413 [oasis.sparta] INFO: SPARTA (DSMC) backend registered
2026-09-01 15:05:49,413 [oasis] INFO: Starting OASiS MCP server
2026-09-01 15:05:49,422 [mcp.server.lowlevel.server] INFO: Processing request of type CallToolRequest
2026-09-01 15:05:49,739 [mcp.server.lowlevel.server] INFO: Processing request of type ListToolsRequest
2026-09-01 15:05:52,074 [oasis.registry] INFO: Loaded discovered config: 5 backends
2026-09-01 15:05:52,076 [oasis.registry] INFO: Registered backend: 4C Multiphysics (fourc)
2026-09-01 15:05:52,077 [oasis.registry] INFO: Registered backend: FEniCSx (dolfinx) (fenics)
2026-09-01 15:05:52,077 [oasis.registry] INFO: Registered backend: deal.II (dealii)
2026-09-01 15:05:52,077 [oasis.registry] INFO: Loaded discovered config: 5 backends
2026-09-01 15:05:52,080 [oasis.registry] INFO: Registered backend: 4C Multiphysics (fourc)
2026-09-01 15:05:52,080 [oasis.registry] INFO: Registered backend: FEBio (febio)
2026-09-01 15:05:52,081 [oasis.registry] INFO: Registered backend: FEniCSx (dolfinx) (fenics)
2026-09-01 15:05:52,081 [oasis.registry] INFO: Registered backend: deal.II (dealii)
2026-09-01 15:05:52,083 [oasis.registry] INFO: Registered backend: NGSolve (ngsolve)
2026-09-01 15:05:52,083 [oasis.ngsolve] INFO: NGSolve backend registered
2026-09-01 15:05:52,084 [oasis.registry] INFO: Registered backend: FEBio (febio)
2026-09-01 15:05:52,086 [oasis.registry] INFO: Registered backend: scikit-fem (skfem)
2026-09-01 15:05:52,086 [oasis.skfem] INFO: scikit-fem backend registered
2026-09-01 15:05:52,087 [oasis.registry] INFO: Registered backend: NGSolve (ngsolve)
2026-09-01 15:05:52,087 [oasis.ngsolve] INFO: NGSolve backend registered
2026-09-01 15:05:52,089 [oasis.registry] INFO: Registered backend: Kratos Multiphysics (kratos)
2026-09-01 15:05:52,089 [oasis.kratos] INFO: Kratos Multiphysics backend registered
2026-09-01 15:05:52,090 [oasis.registry] INFO: Registered backend: scikit-fem (skfem)
2026-09-01 15:05:52,090 [oasis.skfem] INFO: scikit-fem backend registered
2026-09-01 15:05:52,092 [oasis.registry] INFO: Registered backend: DUNE-fem (dune)
2026-09-01 15:05:52,092 [oasis.dune] INFO: DUNE-fem backend registered
2026-09-01 15:05:52,093 [oasis.registry] INFO: Registered backend: Kratos Multiphysics (kratos)
2026-09-01 15:05:52,094 [oasis.kratos] INFO: Kratos Multiphysics backend registered
2026-09-01 15:05:52,096 [oasis.registry] INFO: Registered backend: DUNE-fem (dune)
2026-09-01 15:05:52,096 [oasis.dune] INFO: DUNE-fem backend registered
2026-09-01 15:05:52,097 [oasis.registry] INFO: Registered backend: SPARTA (DSMC) (sparta)
2026-09-01 15:05:52,097 [oasis.sparta] INFO: SPARTA (DSMC) backend registered
2026-09-01 15:05:52,097 [oasis] INFO: Starting OASiS MCP server
2026-09-01 15:05:52,101 [oasis.registry] INFO: Registered backend: SPARTA (DSMC) (sparta)
2026-09-01 15:05:52,101 [oasis.sparta] INFO: SPARTA (DSMC) backend registered
2026-09-01 15:05:52,101 [oasis] INFO: Starting OASiS MCP server
2026-09-01 15:05:52,105 [mcp.server.lowlevel.server] INFO: Processing request of type CallToolRequest
2026-09-01 15:05:52,110 [mcp.server.lowlevel.server] INFO: Processing request of type CallToolRequest
2026-09-01 15:05:55,787 [mcp.server.lowlevel.server] INFO: Processing request of type ListToolsRequest
2026-09-01 15:05:55,796 [oasis] INFO: Session journal saved: /home/alexander/Schreibtisch/ofa-v2/data/sessions/session_8477c8d3-a232-4fa2-a098-2e629cfa1d06.json (1 events)
2026-09-01 15:05:55,800 [mcp.server.lowlevel.server] INFO: Processing request of type ListToolsRequest
2026-09-01 15:05:55,809 [oasis] INFO: Session journal saved: /home/alexander/Schreibtisch/ofa-v2/data/sessions/session_7c745a32-a9d3-4876-968f-158c652898e1.json (1 events)
/home/alexander/Schreibtisch/ofa-v2/langgraph_eval/agent.py:456: LangGraphDeprecatedSinceV10: create_react_agent has been moved to `langchain.agents`. Please update your import to `from langchain.agents import create_agent`. Deprecated in LangGraph V1.0 to be removed in V2.0.
  sub_agent = create_react_agent(
/home/alexander/Schreibtisch/ofa-v2/langgraph_eval/agent.py:381: RuntimeWarning: This package (`duckduckgo_search`) has been renamed to `ddgs`! Use `pip install ddgs` instead.
  with DDGS() as ddgs:
/home/alexander/Schreibtisch/ofa-v2/langgraph_eval/agent.py:381: RuntimeWarning: This package (`duckduckgo_search`) has been renamed to `ddgs`! Use `pip install ddgs` instead.
  with DDGS() as ddgs:
/home/alexander/Schreibtisch/ofa-v2/langgraph_eval/agent.py:381: RuntimeWarning: This package (`duckduckgo_search`) has been renamed to `ddgs`! Use `pip install ddgs` instead.
  with DDGS() as ddgs:
/home/alexander/Schreibtisch/ofa-v2/langgraph_eval/agent.py:381: RuntimeWarning: This package (`duckduckgo_search`) has been renamed to `ddgs`! Use `pip install ddgs` instead.
  with DDGS() as ddgs:
/home/alexander/Schreibtisch/ofa-v2/langgraph_eval/agent.py:381: RuntimeWarning: This package (`duckduckgo_search`) has been renamed to `ddgs`! Use `pip install ddgs` instead.
  with DDGS() as ddgs:
/home/alexander/Schreibtisch/ofa-v2/langgraph_eval/agent.py:381: RuntimeWarning: This package (`duckduckgo_search`) has been renamed to `ddgs`! Use `pip install ddgs` instead.
  with DDGS() as ddgs:
/home/alexander/Schreibtisch/ofa-v2/langgraph_eval/agent.py:381: RuntimeWarning: This package (`duckduckgo_search`) has been renamed to `ddgs`! Use `pip install ddgs` instead.
  with DDGS() as ddgs:
/home/alexander/Schreibtisch/ofa-v2/langgraph_eval/agent.py:381: RuntimeWarning: This package (`duckduckgo_search`) has been renamed to `ddgs`! Use `pip install ddgs` instead.
  with DDGS() as ddgs:
/home/alexander/Schreibtisch/ofa-v2/langgraph_eval/agent.py:381: RuntimeWarning: This package (`duckduckgo_search`) has been renamed to `ddgs`! Use `pip install ddgs` instead.
  with DDGS() as ddgs:
/home/alexander/Schreibtisch/ofa-v2/langgraph_eval/agent.py:381: RuntimeWarning: This package (`duckduckgo_search`) has been renamed to `ddgs`! Use `pip install ddgs` instead.
  with DDGS() as ddgs:
2026-09-01 15:06:20,281 [oasis.registry] INFO: Loaded discovered config: 5 backends
2026-09-01 15:06:20,284 [oasis.registry] INFO: Registered backend: 4C Multiphysics (fourc)
2026-09-01 15:06:20,284 [oasis.registry] INFO: Registered backend: FEniCSx (dolfinx) (fenics)
2026-09-01 15:06:20,285 [oasis.registry] INFO: Registered backend: deal.II (dealii)
2026-09-01 15:06:20,286 [oasis.registry] INFO: Loaded discovered config: 5 backends
2026-09-01 15:06:20,288 [oasis.registry] INFO: Registered backend: FEBio (febio)
2026-09-01 15:06:20,289 [oasis.registry] INFO: Registered backend: 4C Multiphysics (fourc)
2026-09-01 15:06:20,290 [oasis.registry] INFO: Registered backend: FEniCSx (dolfinx) (fenics)
2026-09-01 15:06:20,290 [oasis.registry] INFO: Registered backend: NGSolve (ngsolve)
2026-09-01 15:06:20,290 [oasis.ngsolve] INFO: NGSolve backend registered
2026-09-01 15:06:20,290 [oasis.registry] INFO: Registered backend: deal.II (dealii)
2026-09-01 15:06:20,293 [oasis.registry] INFO: Registered backend: scikit-fem (skfem)
2026-09-01 15:06:20,293 [oasis.skfem] INFO: scikit-fem backend registered
2026-09-01 15:06:20,295 [oasis.registry] INFO: Registered backend: FEBio (febio)
2026-09-01 15:06:20,297 [oasis.registry] INFO: Registered backend: Kratos Multiphysics (kratos)
2026-09-01 15:06:20,297 [oasis.kratos] INFO: Kratos Multiphysics backend registered
2026-09-01 15:06:20,299 [oasis.registry] INFO: Registered backend: DUNE-fem (dune)
2026-09-01 15:06:20,299 [oasis.dune] INFO: DUNE-fem backend registered
2026-09-01 15:06:20,299 [oasis.registry] INFO: Registered backend: NGSolve (ngsolve)
2026-09-01 15:06:20,299 [oasis.ngsolve] INFO: NGSolve backend registered
2026-09-01 15:06:20,303 [oasis.registry] INFO: Registered backend: scikit-fem (skfem)
2026-09-01 15:06:20,303 [oasis.skfem] INFO: scikit-fem backend registered
2026-09-01 15:06:20,304 [oasis.registry] INFO: Registered backend: SPARTA (DSMC) (sparta)
2026-09-01 15:06:20,304 [oasis.sparta] INFO: SPARTA (DSMC) backend registered
2026-09-01 15:06:20,304 [oasis] INFO: Starting OASiS MCP server
2026-09-01 15:06:20,307 [oasis.registry] INFO: Registered backend: Kratos Multiphysics (kratos)
2026-09-01 15:06:20,307 [oasis.kratos] INFO: Kratos Multiphysics backend registered
2026-09-01 15:06:20,310 [oasis.registry] INFO: Registered backend: DUNE-fem (dune)
2026-09-01 15:06:20,310 [oasis.dune] INFO: DUNE-fem backend registered
2026-09-01 15:06:20,312 [mcp.server.lowlevel.server] INFO: Processing request of type CallToolRequest
2026-09-01 15:06:20,315 [oasis.registry] INFO: Registered backend: SPARTA (DSMC) (sparta)
2026-09-01 15:06:20,315 [oasis.sparta] INFO: SPARTA (DSMC) backend registered
2026-09-01 15:06:20,315 [oasis] INFO: Starting OASiS MCP server
2026-09-01 15:06:20,325 [mcp.server.lowlevel.server] INFO: Processing request of type CallToolRequest
2026-09-01 15:06:20,338 [mcp.server.lowlevel.server] INFO: Processing request of type ListToolsRequest
2026-09-01 15:06:20,344 [oasis] INFO: Session journal saved: /home/alexander/Schreibtisch/ofa-v2/data/sessions/session_6311c951-0d35-4422-8325-93976cc18944.json (1 events)
/home/alexander/Schreibtisch/ofa-v2/langgraph_eval/agent.py:381: RuntimeWarning: This package (`duckduckgo_search`) has been renamed to `ddgs`! Use `pip install ddgs` instead.
  with DDGS() as ddgs:
/home/alexander/Schreibtisch/ofa-v2/langgraph_eval/agent.py:381: RuntimeWarning: This package (`duckduckgo_search`) has been renamed to `ddgs`! Use `pip install ddgs` instead.
  with DDGS() as ddgs:
/home/alexander/Schreibtisch/ofa-v2/langgraph_eval/agent.py:381: RuntimeWarning: This package (`duckduckgo_search`) has been renamed to `ddgs`! Use `pip install ddgs` instead.
  with DDGS() as ddgs:
/home/alexander/Schreibtisch/ofa-v2/langgraph_eval/agent.py:381: RuntimeWarning: This package (`duckduckgo_search`) has been renamed to `ddgs`! Use `pip install ddgs` instead.
  with DDGS() as ddgs:
/home/alexander/Schreibtisch/ofa-v2/langgraph_eval/agent.py:381: RuntimeWarning: This package (`duckduckgo_search`) has been renamed to `ddgs`! Use `pip install ddgs` instead.
  with DDGS() as ddgs:
/home/alexander/Schreibtisch/ofa-v2/langgraph_eval/agent.py:381: RuntimeWarning: This package (`duckduckgo_search`) has been renamed to `ddgs`! Use `pip install ddgs` instead.
  with DDGS() as ddgs:
2026-09-01 15:06:23,971 [mcp.server.lowlevel.server] INFO: Processing request of type ListToolsRequest
2026-09-01 15:06:23,978 [oasis] INFO: Session journal saved: /home/alexander/Schreibtisch/ofa-v2/data/sessions/session_2d16b28d-ed8f-40eb-9039-65414711d6a9.json (1 events)
2026-09-01 15:06:34,871 [oasis.registry] INFO: Loaded discovered config: 5 backends
2026-09-01 15:06:34,873 [oasis.registry] INFO: Registered backend: 4C Multiphysics (fourc)
2026-09-01 15:06:34,874 [oasis.registry] INFO: Registered backend: FEniCSx (dolfinx) (fenics)
2026-09-01 15:06:34,875 [oasis.registry] INFO: Registered backend: deal.II (dealii)
2026-09-01 15:06:34,878 [oasis.registry] INFO: Registered backend: FEBio (febio)
2026-09-01 15:06:34,881 [oasis.registry] INFO: Registered backend: NGSolve (ngsolve)
2026-09-01 15:06:34,881 [oasis.ngsolve] INFO: NGSolve backend registered
2026-09-01 15:06:34,885 [oasis.registry] INFO: Registered backend: scikit-fem (skfem)
2026-09-01 15:06:34,885 [oasis.skfem] INFO: scikit-fem backend registered
2026-09-01 15:06:34,889 [oasis.registry] INFO: Registered backend: Kratos Multiphysics (kratos)
2026-09-01 15:06:34,889 [oasis.kratos] INFO: Kratos Multiphysics backend registered
2026-09-01 15:06:34,892 [oasis.registry] INFO: Registered backend: DUNE-fem (dune)
2026-09-01 15:06:34,892 [oasis.dune] INFO: DUNE-fem backend registered
2026-09-01 15:06:34,899 [oasis.registry] INFO: Registered backend: SPARTA (DSMC) (sparta)
2026-09-01 15:06:34,899 [oasis.sparta] INFO: SPARTA (DSMC) backend registered
2026-09-01 15:06:34,899 [oasis] INFO: Starting OASiS MCP server
2026-09-01 15:06:34,908 [mcp.server.lowlevel.server] INFO: Processing request of type CallToolRequest
2026-09-01 15:06:34,955 [mcp.server.lowlevel.server] INFO: Processing request of type ListToolsRequest
2026-09-01 15:06:34,960 [oasis] INFO: Session journal saved: /home/alexander/Schreibtisch/ofa-v2/data/sessions/session_6241d2aa-e0f3-42b9-ab58-dd615875784a.json (1 events)
2026-09-01 15:06:34,987 [oasis.registry] INFO: Loaded discovered config: 5 backends
2026-09-01 15:06:34,989 [oasis.registry] INFO: Registered backend: 4C Multiphysics (fourc)
2026-09-01 15:06:34,990 [oasis.registry] INFO: Registered backend: FEniCSx (dolfinx) (fenics)
2026-09-01 15:06:34,990 [oasis.registry] INFO: Registered backend: deal.II (dealii)
2026-09-01 15:06:34,994 [oasis.registry] INFO: Registered backend: FEBio (febio)
2026-09-01 15:06:34,996 [oasis.registry] INFO: Registered backend: NGSolve (ngsolve)
2026-09-01 15:06:34,997 [oasis.ngsolve] INFO: NGSolve backend registered
2026-09-01 15:06:34,999 [oasis.registry] INFO: Registered backend: scikit-fem (skfem)
2026-09-01 15:06:35,000 [oasis.skfem] INFO: scikit-fem backend registered
2026-09-01 15:06:35,004 [oasis.registry] INFO: Registered backend: Kratos Multiphysics (kratos)
2026-09-01 15:06:35,004 [oasis.kratos] INFO: Kratos Multiphysics backend registered
2026-09-01 15:06:35,006 [oasis.registry] INFO: Registered backend: DUNE-fem (dune)
2026-09-01 15:06:35,006 [oasis.dune] INFO: DUNE-fem backend registered
2026-09-01 15:06:35,012 [oasis.registry] INFO: Registered backend: SPARTA (DSMC) (sparta)
2026-09-01 15:06:35,012 [oasis.sparta] INFO: SPARTA (DSMC) backend registered
2026-09-01 15:06:35,012 [oasis] INFO: Starting OASiS MCP server
2026-09-01 15:06:35,022 [mcp.server.lowlevel.server] INFO: Processing request of type CallToolRequest
2026-09-01 15:06:35,030 [mcp.server.lowlevel.server] INFO: Processing request of type ListToolsRequest
2026-09-01 15:06:35,035 [oasis] INFO: Session journal saved: /home/alexander/Schreibtisch/ofa-v2/data/sessions/session_e3d08a99-e20d-4c50-95d8-bd2d97e5cf91.json (1 events)
2026-09-01 15:07:14,714 [oasis.registry] INFO: Loaded discovered config: 5 backends
2026-09-01 15:07:14,716 [oasis.registry] INFO: Registered backend: 4C Multiphysics (fourc)
2026-09-01 15:07:14,716 [oasis.registry] INFO: Registered backend: FEniCSx (dolfinx) (fenics)
2026-09-01 15:07:14,717 [oasis.registry] INFO: Registered backend: deal.II (dealii)
2026-09-01 15:07:14,720 [oasis.registry] INFO: Registered backend: FEBio (febio)
2026-09-01 15:07:14,722 [oasis.registry] INFO: Registered backend: NGSolve (ngsolve)
2026-09-01 15:07:14,723 [oasis.ngsolve] INFO: NGSolve backend registered
2026-09-01 15:07:14,725 [oasis.registry] INFO: Registered backend: scikit-fem (skfem)
2026-09-01 15:07:14,725 [oasis.skfem] INFO: scikit-fem backend registered
2026-09-01 15:07:14,729 [oasis.registry] INFO: Registered backend: Kratos Multiphysics (kratos)
2026-09-01 15:07:14,729 [oasis.kratos] INFO: Kratos Multiphysics backend registered
2026-09-01 15:07:14,731 [oasis.registry] INFO: Registered backend: DUNE-fem (dune)
2026-09-01 15:07:14,731 [oasis.dune] INFO: DUNE-fem backend registered
2026-09-01 15:07:14,736 [oasis.registry] INFO: Registered backend: SPARTA (DSMC) (sparta)
2026-09-01 15:07:14,736 [oasis.sparta] INFO: SPARTA (DSMC) backend registered
2026-09-01 15:07:14,736 [oasis] INFO: Starting OASiS MCP server
2026-09-01 15:07:14,743 [mcp.server.lowlevel.server] INFO: Processing request of type CallToolRequest
2026-09-01 15:07:16,507 [mcp.server.lowlevel.server] INFO: Processing request of type ListToolsRequest
2026-09-01 15:07:16,515 [oasis] INFO: Session journal saved: /home/alexander/Schreibtisch/ofa-v2/data/sessions/session_e817e9af-d283-4108-b304-c0a55ecf16a5.json (2 events)
/home/alexander/Schreibtisch/ofa-v2/langgraph_eval/agent.py:381: RuntimeWarning: This package (`duckduckgo_search`) has been renamed to `ddgs`! Use `pip install ddgs` instead.
  with DDGS() as ddgs:
2026-09-01 15:07:18,350 [oasis.registry] INFO: Loaded discovered config: 5 backends
2026-09-01 15:07:18,352 [oasis.registry] INFO: Registered backend: 4C Multiphysics (fourc)
2026-09-01 15:07:18,353 [oasis.registry] INFO: Registered backend: FEniCSx (dolfinx) (fenics)
2026-09-01 15:07:18,353 [oasis.registry] INFO: Registered backend: deal.II (dealii)
2026-09-01 15:07:18,357 [oasis.registry] INFO: Registered backend: FEBio (febio)
2026-09-01 15:07:18,358 [oasis.registry] INFO: Loaded discovered config: 5 backends
2026-09-01 15:07:18,359 [oasis.registry] INFO: Registered backend: NGSolve (ngsolve)
2026-09-01 15:07:18,359 [oasis.ngsolve] INFO: NGSolve backend registered
2026-09-01 15:07:18,360 [oasis.registry] INFO: Registered backend: 4C Multiphysics (fourc)
2026-09-01 15:07:18,361 [oasis.registry] INFO: Registered backend: FEniCSx (dolfinx) (fenics)
2026-09-01 15:07:18,362 [oasis.registry] INFO: Registered backend: scikit-fem (skfem)
2026-09-01 15:07:18,362 [oasis.skfem] INFO: scikit-fem backend registered
2026-09-01 15:07:18,362 [oasis.registry] INFO: Registered backend: deal.II (dealii)
2026-09-01 15:07:18,365 [oasis.registry] INFO: Registered backend: Kratos Multiphysics (kratos)
2026-09-01 15:07:18,365 [oasis.kratos] INFO: Kratos Multiphysics backend registered
2026-09-01 15:07:18,366 [oasis.registry] INFO: Registered backend: FEBio (febio)
2026-09-01 15:07:18,368 [oasis.registry] INFO: Registered backend: DUNE-fem (dune)
2026-09-01 15:07:18,368 [oasis.dune] INFO: DUNE-fem backend registered
2026-09-01 15:07:18,368 [oasis.registry] INFO: Registered backend: NGSolve (ngsolve)
2026-09-01 15:07:18,368 [oasis.ngsolve] INFO: NGSolve backend registered
2026-09-01 15:07:18,371 [oasis.registry] INFO: Registered backend: scikit-fem (skfem)
2026-09-01 15:07:18,371 [oasis.skfem] INFO: scikit-fem backend registered
2026-09-01 15:07:18,372 [oasis.registry] INFO: Loaded discovered config: 5 backends
2026-09-01 15:07:18,373 [oasis.registry] INFO: Registered backend: SPARTA (DSMC) (sparta)
2026-09-01 15:07:18,373 [oasis.sparta] INFO: SPARTA (DSMC) backend registered
2026-09-01 15:07:18,373 [oasis] INFO: Starting OASiS MCP server
2026-09-01 15:07:18,374 [oasis.registry] INFO: Registered backend: 4C Multiphysics (fourc)
2026-09-01 15:07:18,375 [oasis.registry] INFO: Registered backend: FEniCSx (dolfinx) (fenics)
2026-09-01 15:07:18,376 [oasis.registry] INFO: Registered backend: deal.II (dealii)
2026-09-01 15:07:18,376 [oasis.registry] INFO: Registered backend: Kratos Multiphysics (kratos)
2026-09-01 15:07:18,376 [oasis.kratos] INFO: Kratos Multiphysics backend registered
2026-09-01 15:07:18,378 [oasis.registry] INFO: Registered backend: DUNE-fem (dune)
2026-09-01 15:07:18,378 [oasis.dune] INFO: DUNE-fem backend registered
2026-09-01 15:07:18,379 [oasis.registry] INFO: Registered backend: FEBio (febio)
2026-09-01 15:07:18,381 [mcp.server.lowlevel.server] INFO: Processing request of type CallToolRequest
2026-09-01 15:07:18,381 [oasis.registry] INFO: Registered backend: NGSolve (ngsolve)
2026-09-01 15:07:18,381 [oasis.ngsolve] INFO: NGSolve backend registered
2026-09-01 15:07:18,384 [oasis.registry] INFO: Registered backend: scikit-fem (skfem)
2026-09-01 15:07:18,384 [oasis.skfem] INFO: scikit-fem backend registered
2026-09-01 15:07:18,384 [oasis.registry] INFO: Registered backend: SPARTA (DSMC) (sparta)
2026-09-01 15:07:18,384 [oasis.sparta] INFO: SPARTA (DSMC) backend registered
2026-09-01 15:07:18,384 [oasis] INFO: Starting OASiS MCP server
2026-09-01 15:07:18,386 [mcp.server.lowlevel.server] INFO: Processing request of type ListToolsRequest
2026-09-01 15:07:18,387 [oasis.registry] INFO: Registered backend: Kratos Multiphysics (kratos)
2026-09-01 15:07:18,387 [oasis.kratos] INFO: Kratos Multiphysics backend registered
2026-09-01 15:07:18,390 [oasis.registry] INFO: Registered backend: DUNE-fem (dune)
2026-09-01 15:07:18,390 [oasis.dune] INFO: DUNE-fem backend registered
2026-09-01 15:07:18,392 [oasis] INFO: Session journal saved: /home/alexander/Schreibtisch/ofa-v2/data/sessions/session_2c6dd388-6bdd-4d11-bf8d-2e9fd509a607.json (1 events)
2026-09-01 15:07:18,393 [mcp.server.lowlevel.server] INFO: Processing request of type CallToolRequest
2026-09-01 15:07:18,395 [oasis.registry] INFO: Registered backend: SPARTA (DSMC) (sparta)
2026-09-01 15:07:18,395 [oasis.sparta] INFO: SPARTA (DSMC) backend registered
2026-09-01 15:07:18,395 [oasis] INFO: Starting OASiS MCP server
2026-09-01 15:07:18,402 [mcp.server.lowlevel.server] INFO: Processing request of type CallToolRequest
2026-09-01 15:07:18,405 [mcp.server.lowlevel.server] INFO: Processing request of type ListToolsRequest
2026-09-01 15:07:18,409 [mcp.server.lowlevel.server] INFO: Processing request of type ListToolsRequest
2026-09-01 15:07:18,411 [oasis] INFO: Session journal saved: /home/alexander/Schreibtisch/ofa-v2/data/sessions/session_79c8ff80-6243-4dcd-bd13-1e8ce7baf75a.json (1 events)
2026-09-01 15:07:18,418 [oasis] INFO: Session journal saved: /home/alexander/Schreibtisch/ofa-v2/data/sessions/session_6d634653-f294-47e7-ac36-8e86e7547b19.json (1 events)
2026-09-01 15:07:34,442 [oasis.registry] INFO: Loaded discovered config: 5 backends
2026-09-01 15:07:34,443 [oasis.registry] INFO: Loaded discovered config: 5 backends
2026-09-01 15:07:34,444 [oasis.registry] INFO: Registered backend: 4C Multiphysics (fourc)
2026-09-01 15:07:34,445 [oasis.registry] INFO: Registered backend: FEniCSx (dolfinx) (fenics)
2026-09-01 15:07:34,445 [oasis.registry] INFO: Registered backend: 4C Multiphysics (fourc)
2026-09-01 15:07:34,445 [oasis.registry] INFO: Registered backend: deal.II (dealii)
2026-09-01 15:07:34,446 [oasis.registry] INFO: Registered backend: FEniCSx (dolfinx) (fenics)
2026-09-01 15:07:34,447 [oasis.registry] INFO: Registered backend: deal.II (dealii)
2026-09-01 15:07:34,449 [oasis.registry] INFO: Registered backend: FEBio (febio)
2026-09-01 15:07:34,450 [oasis.registry] INFO: Registered backend: FEBio (febio)
2026-09-01 15:07:34,451 [oasis.registry] INFO: Registered backend: NGSolve (ngsolve)
2026-09-01 15:07:34,451 [oasis.ngsolve] INFO: NGSolve backend registered
2026-09-01 15:07:34,452 [oasis.registry] INFO: Registered backend: NGSolve (ngsolve)
2026-09-01 15:07:34,452 [oasis.ngsolve] INFO: NGSolve backend registered
2026-09-01 15:07:34,454 [oasis.registry] INFO: Loaded discovered config: 5 backends
2026-09-01 15:07:34,454 [oasis.registry] INFO: Registered backend: scikit-fem (skfem)
2026-09-01 15:07:34,454 [oasis.skfem] INFO: scikit-fem backend registered
2026-09-01 15:07:34,455 [oasis.registry] INFO: Registered backend: scikit-fem (skfem)
2026-09-01 15:07:34,455 [oasis.skfem] INFO: scikit-fem backend registered
2026-09-01 15:07:34,456 [oasis.registry] INFO: Registered backend: 4C Multiphysics (fourc)
2026-09-01 15:07:34,456 [oasis.registry] INFO: Loaded discovered config: 5 backends
2026-09-01 15:07:34,457 [oasis.registry] INFO: Registered backend: FEniCSx (dolfinx) (fenics)
2026-09-01 15:07:34,457 [oasis.registry] INFO: Registered backend: deal.II (dealii)
2026-09-01 15:07:34,458 [oasis.registry] INFO: Registered backend: Kratos Multiphysics (kratos)
2026-09-01 15:07:34,458 [oasis.kratos] INFO: Kratos Multiphysics backend registered
2026-09-01 15:07:34,459 [oasis.registry] INFO: Registered backend: 4C Multiphysics (fourc)
2026-09-01 15:07:34,459 [oasis.registry] INFO: Registered backend: Kratos Multiphysics (kratos)
2026-09-01 15:07:34,459 [oasis.kratos] INFO: Kratos Multiphysics backend registered
2026-09-01 15:07:34,459 [oasis.registry] INFO: Registered backend: FEniCSx (dolfinx) (fenics)
2026-09-01 15:07:34,460 [oasis.registry] INFO: Registered backend: deal.II (dealii)
2026-09-01 15:07:34,461 [oasis.registry] INFO: Registered backend: DUNE-fem (dune)
2026-09-01 15:07:34,461 [oasis.dune] INFO: DUNE-fem backend registered
2026-09-01 15:07:34,461 [oasis.registry] INFO: Registered backend: FEBio (febio)
2026-09-01 15:07:34,461 [oasis.registry] INFO: Registered backend: DUNE-fem (dune)
2026-09-01 15:07:34,462 [oasis.dune] INFO: DUNE-fem backend registered
2026-09-01 15:07:34,463 [oasis.registry] INFO: Registered backend: FEBio (febio)
2026-09-01 15:07:34,464 [oasis.registry] INFO: Registered backend: NGSolve (ngsolve)
2026-09-01 15:07:34,464 [oasis.ngsolve] INFO: NGSolve backend registered
2026-09-01 15:07:34,466 [oasis.registry] INFO: Registered backend: NGSolve (ngsolve)
2026-09-01 15:07:34,466 [oasis.ngsolve] INFO: NGSolve backend registered
2026-09-01 15:07:34,466 [oasis.registry] INFO: Registered backend: SPARTA (DSMC) (sparta)
2026-09-01 15:07:34,466 [oasis.sparta] INFO: SPARTA (DSMC) backend registered
2026-09-01 15:07:34,466 [oasis] INFO: Starting OASiS MCP server
2026-09-01 15:07:34,466 [oasis.registry] INFO: Registered backend: SPARTA (DSMC) (sparta)
2026-09-01 15:07:34,466 [oasis.sparta] INFO: SPARTA (DSMC) backend registered
2026-09-01 15:07:34,467 [oasis] INFO: Starting OASiS MCP server
2026-09-01 15:07:34,467 [oasis.registry] INFO: Registered backend: scikit-fem (skfem)
2026-09-01 15:07:34,467 [oasis.skfem] INFO: scikit-fem backend registered
2026-09-01 15:07:34,469 [oasis.registry] INFO: Registered backend: scikit-fem (skfem)
2026-09-01 15:07:34,469 [oasis.skfem] INFO: scikit-fem backend registered
2026-09-01 15:07:34,471 [oasis.registry] INFO: Registered backend: Kratos Multiphysics (kratos)
2026-09-01 15:07:34,471 [oasis.kratos] INFO: Kratos Multiphysics backend registered
2026-09-01 15:07:34,473 [oasis.registry] INFO: Registered backend: Kratos Multiphysics (kratos)
2026-09-01 15:07:34,473 [oasis.kratos] INFO: Kratos Multiphysics backend registered
2026-09-01 15:07:34,473 [oasis.registry] INFO: Registered backend: DUNE-fem (dune)
2026-09-01 15:07:34,474 [oasis.dune] INFO: DUNE-fem backend registered
2026-09-01 15:07:34,474 [mcp.server.lowlevel.server] INFO: Processing request of type CallToolRequest
2026-09-01 15:07:34,475 [mcp.server.lowlevel.server] INFO: Processing request of type CallToolRequest
2026-09-01 15:07:34,475 [oasis.registry] INFO: Registered backend: DUNE-fem (dune)
2026-09-01 15:07:34,475 [oasis.dune] INFO: DUNE-fem backend registered
2026-09-01 15:07:34,480 [oasis.registry] INFO: Registered backend: SPARTA (DSMC) (sparta)
2026-09-01 15:07:34,480 [oasis.sparta] INFO: SPARTA (DSMC) backend registered
2026-09-01 15:07:34,480 [oasis] INFO: Starting OASiS MCP server
2026-09-01 15:07:34,481 [mcp.server.lowlevel.server] INFO: Processing request of type ListToolsRequest
2026-09-01 15:07:34,483 [oasis.registry] INFO: Registered backend: SPARTA (DSMC) (sparta)
2026-09-01 15:07:34,483 [oasis.sparta] INFO: SPARTA (DSMC) backend registered
2026-09-01 15:07:34,483 [oasis] INFO: Starting OASiS MCP server
2026-09-01 15:07:34,489 [mcp.server.lowlevel.server] INFO: Processing request of type CallToolRequest
2026-09-01 15:07:34,494 [mcp.server.lowlevel.server] INFO: Processing request of type CallToolRequest
2026-09-01 15:07:34,508 [mcp.server.lowlevel.server] INFO: Processing request of type ListToolsRequest
2026-09-01 15:07:34,515 [oasis] INFO: Session journal saved: /home/alexander/Schreibtisch/ofa-v2/data/sessions/session_73ccf430-8351-4f27-bd28-8b3b9b6a43ec.json (1 events)
2026-09-01 15:07:34,526 [mcp.server.lowlevel.server] INFO: Processing request of type ListToolsRequest
2026-09-01 15:07:38,138 [mcp.server.lowlevel.server] INFO: Processing request of type ListToolsRequest
2026-09-01 15:07:38,143 [oasis] INFO: Session journal saved: /home/alexander/Schreibtisch/ofa-v2/data/sessions/session_2fe53114-4ca6-48e8-b8c2-383c1ce81aaa.json (1 events)
/home/alexander/Schreibtisch/ofa-v2/langgraph_eval/agent.py:381: RuntimeWarning: This package (`duckduckgo_search`) has been renamed to `ddgs`! Use `pip install ddgs` instead.
  with DDGS() as ddgs:
2026-09-01 15:07:53,553 [oasis.registry] INFO: Loaded discovered config: 5 backends
2026-09-01 15:07:53,556 [oasis.registry] INFO: Registered backend: 4C Multiphysics (fourc)
2026-09-01 15:07:53,556 [oasis.registry] INFO: Registered backend: FEniCSx (dolfinx) (fenics)
2026-09-01 15:07:53,557 [oasis.registry] INFO: Registered backend: deal.II (dealii)
2026-09-01 15:07:53,560 [oasis.registry] INFO: Registered backend: FEBio (febio)
2026-09-01 15:07:53,563 [oasis.registry] INFO: Registered backend: NGSolve (ngsolve)
2026-09-01 15:07:53,563 [oasis.ngsolve] INFO: NGSolve backend registered
2026-09-01 15:07:53,566 [oasis.registry] INFO: Registered backend: scikit-fem (skfem)
2026-09-01 15:07:53,566 [oasis.skfem] INFO: scikit-fem backend registered
2026-09-01 15:07:53,570 [oasis.registry] INFO: Registered backend: Kratos Multiphysics (kratos)
2026-09-01 15:07:53,570 [oasis.kratos] INFO: Kratos Multiphysics backend registered
2026-09-01 15:07:53,573 [oasis.registry] INFO: Registered backend: DUNE-fem (dune)
2026-09-01 15:07:53,573 [oasis.dune] INFO: DUNE-fem backend registered
2026-09-01 15:07:53,578 [oasis.registry] INFO: Registered backend: SPARTA (DSMC) (sparta)
2026-09-01 15:07:53,578 [oasis.sparta] INFO: SPARTA (DSMC) backend registered
2026-09-01 15:07:53,578 [oasis] INFO: Starting OASiS MCP server
2026-09-01 15:07:53,587 [mcp.server.lowlevel.server] INFO: Processing request of type CallToolRequest
2026-09-01 15:07:53,622 [mcp.server.lowlevel.server] INFO: Processing request of type ListToolsRequest
2026-09-01 15:07:53,628 [oasis] INFO: Session journal saved: /home/alexander/Schreibtisch/ofa-v2/data/sessions/session_78599470-8629-4f58-bf79-c9bda13e9bd2.json (1 events)
/home/alexander/Schreibtisch/ofa-v2/langgraph_eval/agent.py:381: RuntimeWarning: This package (`duckduckgo_search`) has been renamed to `ddgs`! Use `pip install ddgs` instead.
  with DDGS() as ddgs:
/home/alexander/Schreibtisch/ofa-v2/langgraph_eval/agent.py:381: RuntimeWarning: This package (`duckduckgo_search`) has been renamed to `ddgs`! Use `pip install ddgs` instead.
  with DDGS() as ddgs:
[preflight] custody controls verified for 1 problem(s); keys sealed and unreadable by execution
[phase: development] results are for post-mortems and convergence checking, NOT for the paper's evaluation table.
[SP1 27b MCP s96] done  calls=102 tok=8738911/33158 2175.9s
/home/alexander/Schreibtisch/ofa-v2/campaign3_blind/run_blind.py:941: ResourceWarning: unclosed file <_io.TextIOWrapper name='/home/alexander/Schreibtisch/ofa-v2/campaign3_blind/runs/SP1_27b_MCP_seed96/work/trajectory_live.txt' mode='a' encoding='utf-8'>
  run_one(pid, a.model, cond, a.seed, a.timeout)
ResourceWarning: Enable tracemalloc to get the object allocation traceback
/home/alexander/.local/share/python/cpython-3.12.13-linux-x86_64-gnu/lib/python3.12/asyncio/selector_events.py:879: ResourceWarning: unclosed transport <_SelectorSocketTransport fd=8>
<<< SP1 seed 96 done 2026-09-01 15:08:09
2026-09-01 15:08:56,319 [oasis.registry] INFO: Loaded discovered config: 5 backends
2026-09-01 15:08:56,321 [oasis.registry] INFO: Registered backend: 4C Multiphysics (fourc)
2026-09-01 15:08:56,321 [oasis.registry] INFO: Registered backend: FEniCSx (dolfinx) (fenics)
2026-09-01 15:08:56,322 [oasis.registry] INFO: Registered backend: deal.II (dealii)
2026-09-01 15:08:56,325 [oasis.registry] INFO: Registered backend: FEBio (febio)
2026-09-01 15:08:56,327 [oasis.registry] INFO: Registered backend: NGSolve (ngsolve)
2026-09-01 15:08:56,327 [oasis.ngsolve] INFO: NGSolve backend registered
2026-09-01 15:08:56,330 [oasis.registry] INFO: Registered backend: scikit-fem (skfem)
2026-09-01 15:08:56,330 [oasis.skfem] INFO: scikit-fem backend registered
2026-09-01 15:08:56,334 [oasis.registry] INFO: Registered backend: Kratos Multiphysics (kratos)
2026-09-01 15:08:56,334 [oasis.kratos] INFO: Kratos Multiphysics backend registered
2026-09-01 15:08:56,336 [oasis.registry] INFO: Registered backend: DUNE-fem (dune)
2026-09-01 15:08:56,336 [oasis.dune] INFO: DUNE-fem backend registered
2026-09-01 15:08:56,341 [oasis.registry] INFO: Registered backend: SPARTA (DSMC) (sparta)
2026-09-01 15:08:56,341 [oasis.sparta] INFO: SPARTA (DSMC) backend registered
2026-09-01 15:08:56,341 [oasis] INFO: Starting OASiS MCP server
2026-09-01 15:08:56,349 [mcp.server.lowlevel.server] INFO: Processing request of type CallToolRequest
2026-09-01 15:08:58,077 [mcp.server.lowlevel.server] INFO: Processing request of type ListToolsRequest
2026-09-01 15:08:58,084 [oasis] INFO: Session journal saved: /home/alexander/Schreibtisch/ofa-v2/data/sessions/session_02e79dd5-394d-4a4f-8f44-6dc137d997e2.json (2 events)
/home/alexander/Schreibtisch/ofa-v2/src/tools/result_audit.py:409: ResourceWarning: unclosed file <_io.TextIOWrapper name='/home/alexander/Schreibtisch/ofa-v2/campaign3_blind/runs/C1_27b_MCP_seed96/work/final_results/residual_level1.csv' mode='r' encoding='UTF-8'>
  body = tuple(r[-1].strip() for r in _csv.reader(q.open()) if r)
ResourceWarning: Enable tracemalloc to get the object allocation traceback
/home/alexander/Schreibtisch/ofa-v2/src/tools/result_audit.py:409: ResourceWarning: unclosed file <_io.TextIOWrapper name='/home/alexander/Schreibtisch/ofa-v2/campaign3_blind/runs/C1_27b_MCP_seed96/work/final_results/residual_level2.csv' mode='r' encoding='UTF-8'>
  body = tuple(r[-1].strip() for r in _csv.reader(q.open()) if r)
ResourceWarning: Enable tracemalloc to get the object allocation traceback
/home/alexander/Schreibtisch/ofa-v2/src/tools/result_audit.py:409: ResourceWarning: unclosed file <_io.TextIOWrapper name='/home/alexander/Schreibtisch/ofa-v2/campaign3_blind/runs/C1_27b_MCP_seed96/work/final_results/residual_level3.csv' mode='r' encoding='UTF-8'>
  body = tuple(r[-1].strip() for r in _csv.reader(q.open()) if r)
ResourceWarning: Enable tracemalloc to get the object allocation traceback
/home/alexander/Schreibtisch/ofa-v2/src/tools/result_audit.py:504: ResourceWarning: unclosed file <_io.TextIOWrapper name='/home/alexander/Schreibtisch/ofa-v2/campaign3_blind/runs/C1_27b_MCP_seed96/work/final_results/solution_level1_A.csv' mode='r' encoding='UTF-8'>
  rows = sum(1 for _ in open(sol0[0], errors="ignore")) - 1
ResourceWarning: Enable tracemalloc to get the object allocation traceback
/home/alexander/Schreibtisch/ofa-v2/langgraph_eval/agent.py:607: ResourceWarning: unclosed file <_io.TextIOWrapper name='/home/alexander/Schreibtisch/ofa-v2/campaign3_blind/runs/C1_27b_MCP_seed96/work/final_results/residual_level1.csv' mode='r' encoding='UTF-8'>
  rows = [row for row in _csv.reader(r.open()) if row]
ResourceWarning: Enable tracemalloc to get the object allocation traceback
/home/alexander/Schreibtisch/ofa-v2/langgraph_eval/agent.py:607: ResourceWarning: unclosed file <_io.TextIOWrapper name='/home/alexander/Schreibtisch/ofa-v2/campaign3_blind/runs/C1_27b_MCP_seed96/work/final_results/residual_level2.csv' mode='r' encoding='UTF-8'>
  rows = [row for row in _csv.reader(r.open()) if row]
ResourceWarning: Enable tracemalloc to get the object allocation traceback
/home/alexander/Schreibtisch/ofa-v2/langgraph_eval/agent.py:607: ResourceWarning: unclosed file <_io.TextIOWrapper name='/home/alexander/Schreibtisch/ofa-v2/campaign3_blind/runs/C1_27b_MCP_seed96/work/final_results/residual_level3.csv' mode='r' encoding='UTF-8'>
  rows = [row for row in _csv.reader(r.open()) if row]
ResourceWarning: Enable tracemalloc to get the object allocation traceback
/home/alexander/Schreibtisch/ofa-v2/src/tools/result_audit.py:409: ResourceWarning: unclosed file <_io.TextIOWrapper name='/home/alexander/Schreibtisch/ofa-v2/campaign3_blind/runs/C1_27b_MCP_seed96/work/final_results/residual_level1.csv' mode='r' encoding='UTF-8'>
  body = tuple(r[-1].strip() for r in _csv.reader(q.open()) if r)
ResourceWarning: Enable tracemalloc to get the object allocation traceback
/home/alexander/Schreibtisch/ofa-v2/src/tools/result_audit.py:409: ResourceWarning: unclosed file <_io.TextIOWrapper name='/home/alexander/Schreibtisch/ofa-v2/campaign3_blind/runs/C1_27b_MCP_seed96/work/final_results/residual_level2.csv' mode='r' encoding='UTF-8'>
  body = tuple(r[-1].strip() for r in _csv.reader(q.open()) if r)
ResourceWarning: Enable tracemalloc to get the object allocation traceback
/home/alexander/Schreibtisch/ofa-v2/src/tools/result_audit.py:409: ResourceWarning: unclosed file <_io.TextIOWrapper name='/home/alexander/Schreibtisch/ofa-v2/campaign3_blind/runs/C1_27b_MCP_seed96/work/final_results/residual_level3.csv' mode='r' encoding='UTF-8'>
  body = tuple(r[-1].strip() for r in _csv.reader(q.open()) if r)
ResourceWarning: Enable tracemalloc to get the object allocation traceback
/home/alexander/Schreibtisch/ofa-v2/src/tools/result_audit.py:504: ResourceWarning: unclosed file <_io.TextIOWrapper name='/home/alexander/Schreibtisch/ofa-v2/campaign3_blind/runs/C1_27b_MCP_seed96/work/final_results/solution_level1_A.csv' mode='r' encoding='UTF-8'>
  rows = sum(1 for _ in open(sol0[0], errors="ignore")) - 1
ResourceWarning: Enable tracemalloc to get the object allocation traceback
/home/alexander/Schreibtisch/ofa-v2/langgraph_eval/agent.py:607: ResourceWarning: unclosed file <_io.TextIOWrapper name='/home/alexander/Schreibtisch/ofa-v2/campaign3_blind/runs/C1_27b_MCP_seed96/work/final_results/residual_level1.csv' mode='r' encoding='UTF-8'>
  rows = [row for row in _csv.reader(r.open()) if row]
ResourceWarning: Enable tracemalloc to get the object allocation traceback
/home/alexander/Schreibtisch/ofa-v2/langgraph_eval/agent.py:607: ResourceWarning: unclosed file <_io.TextIOWrapper name='/home/alexander/Schreibtisch/ofa-v2/campaign3_blind/runs/C1_27b_MCP_seed96/work/final_results/residual_level2.csv' mode='r' encoding='UTF-8'>
  rows = [row for row in _csv.reader(r.open()) if row]
ResourceWarning: Enable tracemalloc to get the object allocation traceback
/home/alexander/Schreibtisch/ofa-v2/langgraph_eval/agent.py:607: ResourceWarning: unclosed file <_io.TextIOWrapper name='/home/alexander/Schreibtisch/ofa-v2/campaign3_blind/runs/C1_27b_MCP_seed96/work/final_results/residual_level3.csv' mode='r' encoding='UTF-8'>
  rows = [row for row in _csv.reader(r.open()) if row]
ResourceWarning: Enable tracemalloc to get the object allocation traceback
/home/alexander/Schreibtisch/ofa-v2/src/tools/result_audit.py:409: ResourceWarning: unclosed file <_io.TextIOWrapper name='/home/alexander/Schreibtisch/ofa-v2/campaign3_blind/runs/C1_27b_MCP_seed96/work/final_results/residual_level1.csv' mode='r' encoding='UTF-8'>
  body = tuple(r[-1].strip() for r in _csv.reader(q.open()) if r)
ResourceWarning: Enable tracemalloc to get the object allocation traceback
/home/alexander/Schreibtisch/ofa-v2/src/tools/result_audit.py:409: ResourceWarning: unclosed file <_io.TextIOWrapper name='/home/alexander/Schreibtisch/ofa-v2/campaign3_blind/runs/C1_27b_MCP_seed96/work/final_results/residual_level2.csv' mode='r' encoding='UTF-8'>
  body = tuple(r[-1].strip() for r in _csv.reader(q.open()) if r)
ResourceWarning: Enable tracemalloc to get the object allocation traceback
/home/alexander/Schreibtisch/ofa-v2/src/tools/result_audit.py:409: ResourceWarning: unclosed file <_io.TextIOWrapper name='/home/alexander/Schreibtisch/ofa-v2/campaign3_blind/runs/C1_27b_MCP_seed96/work/final_results/residual_level3.csv' mode='r' encoding='UTF-8'>
  body = tuple(r[-1].strip() for r in _csv.reader(q.open()) if r)
ResourceWarning: Enable tracemalloc to get the object allocation traceback
/home/alexander/Schreibtisch/ofa-v2/src/tools/result_audit.py:504: ResourceWarning: unclosed file <_io.TextIOWrapper name='/home/alexander/Schreibtisch/ofa-v2/campaign3_blind/runs/C1_27b_MCP_seed96/work/final_results/solution_level1_A.csv' mode='r' encoding='UTF-8'>
  rows = sum(1 for _ in open(sol0[0], errors="ignore")) - 1
ResourceWarning: Enable tracemalloc to get the object allocation traceback
[preflight] custody controls verified for 1 problem(s); keys sealed and unreadable by execution
[phase: development] results are for post-mortems and convergence checking, NOT for the paper's evaluation table.
[C1 27b MCP s96] done  calls=37 tok=4558123/43739 961.8s
/home/alexander/Schreibtisch/ofa-v2/campaign3_blind/run_blind.py:941: ResourceWarning: unclosed file <_io.TextIOWrapper name='/home/alexander/Schreibtisch/ofa-v2/campaign3_blind/runs/C1_27b_MCP_seed96/work/trajectory_live.txt' mode='a' encoding='utf-8'>
  run_one(pid, a.model, cond, a.seed, a.timeout)
ResourceWarning: Enable tracemalloc to get the object allocation traceback
/home/alexander/.local/share/python/cpython-3.12.13-linux-x86_64-gnu/lib/python3.12/asyncio/selector_events.py:879: ResourceWarning: unclosed transport <_SelectorSocketTransport fd=8>
<<< C1 seed 96 done 2026-09-01 15:13:43
[preflight] quarantined 1 directory(ies) of prior agent scratch so this run cannot read them:
             /tmp/coupled_sim -> runs_quarantine/stray_scratch/coupled_sim__30
[preflight] custody controls verified for 1 problem(s); keys sealed and unreadable by execution
[phase: development] results are for post-mortems and convergence checking, NOT for the paper's evaluation table.
[C4 27b BARE s96] done  calls=108 tok=8510179/155157 2700.0s  ERR TimeoutError: exceeded 2700s
2026-09-01 15:15:41,617 [oasis.registry] INFO: Loaded discovered config: 5 backends
2026-09-01 15:15:41,619 [oasis.registry] INFO: Registered backend: 4C Multiphysics (fourc)
2026-09-01 15:15:41,619 [oasis.registry] INFO: Registered backend: FEniCSx (dolfinx) (fenics)
2026-09-01 15:15:41,620 [oasis.registry] INFO: Registered backend: deal.II (dealii)
2026-09-01 15:15:41,623 [oasis.registry] INFO: Registered backend: FEBio (febio)
2026-09-01 15:15:41,625 [oasis.registry] INFO: Registered backend: NGSolve (ngsolve)
2026-09-01 15:15:41,625 [oasis.ngsolve] INFO: NGSolve backend registered
2026-09-01 15:15:41,628 [oasis.registry] INFO: Registered backend: scikit-fem (skfem)
2026-09-01 15:15:41,628 [oasis.skfem] INFO: scikit-fem backend registered
2026-09-01 15:15:41,632 [oasis.registry] INFO: Registered backend: Kratos Multiphysics (kratos)
2026-09-01 15:15:41,632 [oasis.kratos] INFO: Kratos Multiphysics backend registered
2026-09-01 15:15:41,634 [oasis.registry] INFO: Registered backend: DUNE-fem (dune)
2026-09-01 15:15:41,634 [oasis.dune] INFO: DUNE-fem backend registered
2026-09-01 15:15:41,639 [oasis.registry] INFO: Registered backend: SPARTA (DSMC) (sparta)
2026-09-01 15:15:41,639 [oasis.sparta] INFO: SPARTA (DSMC) backend registered
2026-09-01 15:15:41,639 [oasis] INFO: Starting OASiS MCP server
2026-09-01 15:15:41,647 [mcp.server.lowlevel.server] INFO: Processing request of type ListToolsRequest
2026-09-01 15:15:51,959 [oasis.registry] INFO: Loaded discovered config: 5 backends
2026-09-01 15:15:51,962 [oasis.registry] INFO: Registered backend: 4C Multiphysics (fourc)
2026-09-01 15:15:51,962 [oasis.registry] INFO: Registered backend: FEniCSx (dolfinx) (fenics)
2026-09-01 15:15:51,963 [oasis.registry] INFO: Registered backend: deal.II (dealii)
2026-09-01 15:15:51,967 [oasis.registry] INFO: Registered backend: FEBio (febio)
2026-09-01 15:15:51,970 [oasis.registry] INFO: Registered backend: NGSolve (ngsolve)
2026-09-01 15:15:51,970 [oasis.ngsolve] INFO: NGSolve backend registered
2026-09-01 15:15:51,973 [oasis.registry] INFO: Registered backend: scikit-fem (skfem)
2026-09-01 15:15:51,973 [oasis.skfem] INFO: scikit-fem backend registered
2026-09-01 15:15:51,978 [oasis.registry] INFO: Registered backend: Kratos Multiphysics (kratos)
2026-09-01 15:15:51,978 [oasis.kratos] INFO: Kratos Multiphysics backend registered
2026-09-01 15:15:51,981 [oasis.registry] INFO: Registered backend: DUNE-fem (dune)
2026-09-01 15:15:51,981 [oasis.dune] INFO: DUNE-fem backend registered
2026-09-01 15:15:51,987 [oasis.registry] INFO: Registered backend: SPARTA (DSMC) (sparta)
2026-09-01 15:15:51,988 [oasis.sparta] INFO: SPARTA (DSMC) backend registered
2026-09-01 15:15:51,988 [oasis] INFO: Starting OASiS MCP server
2026-09-01 15:15:51,996 [mcp.server.lowlevel.server] INFO: Processing request of type CallToolRequest
2026-09-01 15:15:52,020 [oasis.registry] INFO: Loaded discovered config: 5 backends
2026-09-01 15:15:52,022 [oasis.registry] INFO: Registered backend: 4C Multiphysics (fourc)
2026-09-01 15:15:52,023 [oasis.registry] INFO: Registered backend: FEniCSx (dolfinx) (fenics)
2026-09-01 15:15:52,024 [oasis.registry] INFO: Registered backend: deal.II (dealii)
2026-09-01 15:15:52,027 [oasis.registry] INFO: Registered backend: FEBio (febio)
2026-09-01 15:15:52,030 [oasis.registry] INFO: Registered backend: NGSolve (ngsolve)
2026-09-01 15:15:52,030 [oasis.ngsolve] INFO: NGSolve backend registered
2026-09-01 15:15:52,033 [oasis.registry] INFO: Registered backend: scikit-fem (skfem)
2026-09-01 15:15:52,033 [oasis.skfem] INFO: scikit-fem backend registered
2026-09-01 15:15:52,037 [oasis.registry] INFO: Registered backend: Kratos Multiphysics (kratos)
2026-09-01 15:15:52,037 [oasis.kratos] INFO: Kratos Multiphysics backend registered
2026-09-01 15:15:52,040 [oasis.registry] INFO: Registered backend: DUNE-fem (dune)
2026-09-01 15:15:52,040 [oasis.dune] INFO: DUNE-fem backend registered
2026-09-01 15:15:52,045 [oasis.registry] INFO: Registered backend: SPARTA (DSMC) (sparta)
2026-09-01 15:15:52,045 [oasis.sparta] INFO: SPARTA (DSMC) backend registered
2026-09-01 15:15:52,045 [oasis] INFO: Starting OASiS MCP server
2026-09-01 15:15:52,054 [mcp.server.lowlevel.server] INFO: Processing request of type CallToolRequest
2026-09-01 15:15:55,579 [mcp.server.lowlevel.server] INFO: Processing request of type ListToolsRequest
2026-09-01 15:15:55,585 [oasis] INFO: Session journal saved: /home/alexander/Schreibtisch/ofa-v2/data/sessions/session_af747dbc-aa38-418b-b4c3-cf2ff0d5f306.json (1 events)
2026-09-01 15:15:56,533 [mcp.server.lowlevel.server] INFO: Processing request of type ListToolsRequest
2026-09-01 15:15:56,540 [oasis] INFO: Session journal saved: /home/alexander/Schreibtisch/ofa-v2/data/sessions/session_a08977ba-230e-45f5-a230-2486620a2259.json (1 events)
2026-09-01 15:16:14,788 [oasis.registry] INFO: Loaded discovered config: 5 backends
2026-09-01 15:16:14,791 [oasis.registry] INFO: Registered backend: 4C Multiphysics (fourc)
2026-09-01 15:16:14,791 [oasis.registry] INFO: Registered backend: FEniCSx (dolfinx) (fenics)
2026-09-01 15:16:14,792 [oasis.registry] INFO: Registered backend: deal.II (dealii)
2026-09-01 15:16:14,795 [oasis.registry] INFO: Registered backend: FEBio (febio)
2026-09-01 15:16:14,798 [oasis.registry] INFO: Registered backend: NGSolve (ngsolve)
2026-09-01 15:16:14,798 [oasis.ngsolve] INFO: NGSolve backend registered
2026-09-01 15:16:14,800 [oasis.registry] INFO: Registered backend: scikit-fem (skfem)
2026-09-01 15:16:14,800 [oasis.skfem] INFO: scikit-fem backend registered
2026-09-01 15:16:14,804 [oasis.registry] INFO: Registered backend: Kratos Multiphysics (kratos)
2026-09-01 15:16:14,804 [oasis.kratos] INFO: Kratos Multiphysics backend registered
2026-09-01 15:16:14,806 [oasis.registry] INFO: Registered backend: DUNE-fem (dune)
2026-09-01 15:16:14,807 [oasis.dune] INFO: DUNE-fem backend registered
2026-09-01 15:16:14,812 [oasis.registry] INFO: Registered backend: SPARTA (DSMC) (sparta)
2026-09-01 15:16:14,812 [oasis.sparta] INFO: SPARTA (DSMC) backend registered
2026-09-01 15:16:14,812 [oasis] INFO: Starting OASiS MCP server
2026-09-01 15:16:14,820 [mcp.server.lowlevel.server] INFO: Processing request of type CallToolRequest
2026-09-01 15:16:14,841 [mcp.server.lowlevel.server] INFO: Processing request of type ListToolsRequest
2026-09-01 15:16:14,849 [oasis] INFO: Session journal saved: /home/alexander/Schreibtisch/ofa-v2/data/sessions/session_3516998a-ffce-4fb7-ab33-9cc2c009e2e6.json (1 events)
2026-09-01 15:16:14,851 [oasis.registry] INFO: Loaded discovered config: 5 backends
2026-09-01 15:16:14,853 [oasis.registry] INFO: Registered backend: 4C Multiphysics (fourc)
2026-09-01 15:16:14,854 [oasis.registry] INFO: Registered backend: FEniCSx (dolfinx) (fenics)
2026-09-01 15:16:14,855 [oasis.registry] INFO: Registered backend: deal.II (dealii)
2026-09-01 15:16:14,858 [oasis.registry] INFO: Registered backend: FEBio (febio)
2026-09-01 15:16:14,860 [oasis.registry] INFO: Registered backend: NGSolve (ngsolve)
2026-09-01 15:16:14,860 [oasis.ngsolve] INFO: NGSolve backend registered
2026-09-01 15:16:14,863 [oasis.registry] INFO: Registered backend: scikit-fem (skfem)
2026-09-01 15:16:14,863 [oasis.skfem] INFO: scikit-fem backend registered
2026-09-01 15:16:14,867 [oasis.registry] INFO: Registered backend: Kratos Multiphysics (kratos)
2026-09-01 15:16:14,867 [oasis.kratos] INFO: Kratos Multiphysics backend registered
2026-09-01 15:16:14,869 [oasis.registry] INFO: Registered backend: DUNE-fem (dune)
2026-09-01 15:16:14,869 [oasis.dune] INFO: DUNE-fem backend registered
2026-09-01 15:16:14,875 [oasis.registry] INFO: Registered backend: SPARTA (DSMC) (sparta)
2026-09-01 15:16:14,875 [oasis.sparta] INFO: SPARTA (DSMC) backend registered
2026-09-01 15:16:14,875 [oasis] INFO: Starting OASiS MCP server
2026-09-01 15:16:14,882 [mcp.server.lowlevel.server] INFO: Processing request of type CallToolRequest
2026-09-01 15:16:18,253 [mcp.server.lowlevel.server] INFO: Processing request of type ListToolsRequest
2026-09-01 15:16:26,805 [oasis.registry] INFO: Loaded discovered config: 5 backends
2026-09-01 15:16:26,807 [oasis.registry] INFO: Registered backend: 4C Multiphysics (fourc)
2026-09-01 15:16:26,808 [oasis.registry] INFO: Registered backend: FEniCSx (dolfinx) (fenics)
2026-09-01 15:16:26,808 [oasis.registry] INFO: Registered backend: deal.II (dealii)
2026-09-01 15:16:26,810 [oasis.registry] INFO: Loaded discovered config: 5 backends
2026-09-01 15:16:26,811 [oasis.registry] INFO: Registered backend: FEBio (febio)
2026-09-01 15:16:26,812 [oasis.registry] INFO: Registered backend: 4C Multiphysics (fourc)
2026-09-01 15:16:26,813 [oasis.registry] INFO: Registered backend: FEniCSx (dolfinx) (fenics)
2026-09-01 15:16:26,813 [oasis.registry] INFO: Registered backend: deal.II (dealii)
2026-09-01 15:16:26,814 [oasis.registry] INFO: Registered backend: NGSolve (ngsolve)
2026-09-01 15:16:26,814 [oasis.ngsolve] INFO: NGSolve backend registered
2026-09-01 15:16:26,816 [oasis.registry] INFO: Registered backend: scikit-fem (skfem)
2026-09-01 15:16:26,816 [oasis.registry] INFO: Registered backend: FEBio (febio)
2026-09-01 15:16:26,816 [oasis.skfem] INFO: scikit-fem backend registered
2026-09-01 15:16:26,819 [oasis.registry] INFO: Registered backend: NGSolve (ngsolve)
2026-09-01 15:16:26,819 [oasis.ngsolve] INFO: NGSolve backend registered
2026-09-01 15:16:26,820 [oasis.registry] INFO: Registered backend: Kratos Multiphysics (kratos)
2026-09-01 15:16:26,820 [oasis.kratos] INFO: Kratos Multiphysics backend registered
2026-09-01 15:16:26,821 [oasis.registry] INFO: Registered backend: scikit-fem (skfem)
2026-09-01 15:16:26,821 [oasis.skfem] INFO: scikit-fem backend registered
2026-09-01 15:16:26,822 [oasis.registry] INFO: Registered backend: DUNE-fem (dune)
2026-09-01 15:16:26,822 [oasis.dune] INFO: DUNE-fem backend registered
2026-09-01 15:16:26,825 [oasis.registry] INFO: Registered backend: Kratos Multiphysics (kratos)
2026-09-01 15:16:26,825 [oasis.kratos] INFO: Kratos Multiphysics backend registered
2026-09-01 15:16:26,827 [oasis.registry] INFO: Registered backend: SPARTA (DSMC) (sparta)
2026-09-01 15:16:26,827 [oasis.registry] INFO: Registered backend: DUNE-fem (dune)
2026-09-01 15:16:26,827 [oasis.sparta] INFO: SPARTA (DSMC) backend registered
2026-09-01 15:16:26,827 [oasis.dune] INFO: DUNE-fem backend registered
2026-09-01 15:16:26,828 [oasis] INFO: Starting OASiS MCP server
2026-09-01 15:16:26,832 [oasis.registry] INFO: Registered backend: SPARTA (DSMC) (sparta)
2026-09-01 15:16:26,832 [oasis.sparta] INFO: SPARTA (DSMC) backend registered
2026-09-01 15:16:26,833 [oasis] INFO: Starting OASiS MCP server
2026-09-01 15:16:26,835 [mcp.server.lowlevel.server] INFO: Processing request of type CallToolRequest
2026-09-01 15:16:26,840 [mcp.server.lowlevel.server] INFO: Processing request of type CallToolRequest
2026-09-01 15:16:26,861 [mcp.server.lowlevel.server] INFO: Processing request of type ListToolsRequest
2026-09-01 15:16:26,867 [oasis] INFO: Session journal saved: /home/alexander/Schreibtisch/ofa-v2/data/sessions/session_8fb48a94-5cbd-44c1-ba74-ecb734b2ad67.json (1 events)
2026-09-01 15:16:26,867 [mcp.server.lowlevel.server] INFO: Processing request of type ListToolsRequest
2026-09-01 15:16:26,875 [oasis] INFO: Session journal saved: /home/alexander/Schreibtisch/ofa-v2/data/sessions/session_469bc625-140c-4e12-82e5-ace2a1165969.json (1 events)
[preflight] custody controls verified for 1 problem(s); keys sealed and unreadable by execution
[phase: development] results are for post-mortems and convergence checking, NOT for the paper's evaluation table.
[C3 27b MCP s96] done  calls=62 tok=4375151/56220 2702.4s  ERR TimeoutError: exceeded 2700s
sys:1: ResourceWarning: unclosed file <_io.TextIOWrapper name='/home/alexander/Schreibtisch/ofa-v2/campaign3_blind/runs/C3_27b_MCP_seed96/work/trajectory_live.txt' mode='a' encoding='utf-8'>
ResourceWarning: Enable tracemalloc to get the object allocation traceback
/home/alexander/.local/share/python/cpython-3.12.13-linux-x86_64-gnu/lib/python3.12/asyncio/selector_events.py:879: ResourceWarning: unclosed transport <_SelectorSocketTransport fd=8>
<<< C3 seed 96 done 2026-09-01 15:21:08
2026-09-01 15:27:55,197 [oasis.registry] INFO: Loaded discovered config: 5 backends
2026-09-01 15:27:55,199 [oasis.registry] INFO: Registered backend: 4C Multiphysics (fourc)
2026-09-01 15:27:55,200 [oasis.registry] INFO: Registered backend: FEniCSx (dolfinx) (fenics)
2026-09-01 15:27:55,200 [oasis.registry] INFO: Registered backend: deal.II (dealii)
2026-09-01 15:27:55,203 [oasis.registry] INFO: Registered backend: FEBio (febio)
2026-09-01 15:27:55,206 [oasis.registry] INFO: Registered backend: NGSolve (ngsolve)
2026-09-01 15:27:55,206 [oasis.ngsolve] INFO: NGSolve backend registered
2026-09-01 15:27:55,209 [oasis.registry] INFO: Registered backend: scikit-fem (skfem)
2026-09-01 15:27:55,209 [oasis.skfem] INFO: scikit-fem backend registered
2026-09-01 15:27:55,212 [oasis.registry] INFO: Registered backend: Kratos Multiphysics (kratos)
2026-09-01 15:27:55,212 [oasis.kratos] INFO: Kratos Multiphysics backend registered
2026-09-01 15:27:55,215 [oasis.registry] INFO: Registered backend: DUNE-fem (dune)
2026-09-01 15:27:55,215 [oasis.dune] INFO: DUNE-fem backend registered
2026-09-01 15:27:55,220 [oasis.registry] INFO: Registered backend: SPARTA (DSMC) (sparta)
2026-09-01 15:27:55,220 [oasis.sparta] INFO: SPARTA (DSMC) backend registered
2026-09-01 15:27:55,220 [oasis] INFO: Starting OASiS MCP server
2026-09-01 15:27:55,227 [mcp.server.lowlevel.server] INFO: Processing request of type CallToolRequest
2026-09-01 15:27:55,234 [mcp.server.lowlevel.server] INFO: Processing request of type ListToolsRequest
[preflight] custody controls verified for 1 problem(s); keys sealed and unreadable by execution
[phase: development] results are for post-mortems and convergence checking, NOT for the paper's evaluation table.
[SP2 27b MCP s96] done  calls=100 tok=5442082/23016 2700.0s  ERR TimeoutError: exceeded 2700s
sys:1: ResourceWarning: unclosed file <_io.TextIOWrapper name='/home/alexander/Schreibtisch/ofa-v2/campaign3_blind/runs/SP2_27b_MCP_seed96/work/trajectory_live.txt' mode='a' encoding='utf-8'>
ResourceWarning: Enable tracemalloc to get the object allocation traceback
<<< SP2 seed 96 done 2026-09-01 15:31:12
/home/alexander/Schreibtisch/ofa-v2/src/tools/result_audit.py:409: ResourceWarning: unclosed file <_io.TextIOWrapper name='/home/alexander/Schreibtisch/ofa-v2/campaign3_blind/runs/C2_27b_MCP_seed96/work/final_coupled/residual_level1.csv' mode='r' encoding='UTF-8'>
  body = tuple(r[-1].strip() for r in _csv.reader(q.open()) if r)
ResourceWarning: Enable tracemalloc to get the object allocation traceback
/home/alexander/Schreibtisch/ofa-v2/src/tools/result_audit.py:504: ResourceWarning: unclosed file <_io.TextIOWrapper name='/home/alexander/Schreibtisch/ofa-v2/campaign3_blind/runs/C2_27b_MCP_seed96/work/final_coupled/solution_level1_A.csv' mode='r' encoding='UTF-8'>
  rows = sum(1 for _ in open(sol0[0], errors="ignore")) - 1
ResourceWarning: Enable tracemalloc to get the object allocation traceback
/home/alexander/Schreibtisch/ofa-v2/src/tools/result_audit.py:409: ResourceWarning: unclosed file <_io.TextIOWrapper name='/home/alexander/Schreibtisch/ofa-v2/campaign3_blind/runs/C2_27b_MCP_seed96/work/final_coupled/residual_level1.csv' mode='r' encoding='UTF-8'>
  body = tuple(r[-1].strip() for r in _csv.reader(q.open()) if r)
ResourceWarning: Enable tracemalloc to get the object allocation traceback
/home/alexander/Schreibtisch/ofa-v2/src/tools/result_audit.py:409: ResourceWarning: unclosed file <_io.TextIOWrapper name='/home/alexander/Schreibtisch/ofa-v2/campaign3_blind/runs/C2_27b_MCP_seed96/work/final_coupled/residual_level2.csv' mode='r' encoding='UTF-8'>
  body = tuple(r[-1].strip() for r in _csv.reader(q.open()) if r)
ResourceWarning: Enable tracemalloc to get the object allocation traceback
/home/alexander/Schreibtisch/ofa-v2/src/tools/result_audit.py:409: ResourceWarning: unclosed file <_io.TextIOWrapper name='/home/alexander/Schreibtisch/ofa-v2/campaign3_blind/runs/C2_27b_MCP_seed96/work/final_coupled/residual_level3.csv' mode='r' encoding='UTF-8'>
  body = tuple(r[-1].strip() for r in _csv.reader(q.open()) if r)
ResourceWarning: Enable tracemalloc to get the object allocation traceback
/home/alexander/Schreibtisch/ofa-v2/src/tools/result_audit.py:409: ResourceWarning: unclosed file <_io.TextIOWrapper name='/home/alexander/Schreibtisch/ofa-v2/campaign3_blind/runs/C2_27b_MCP_seed96/work/residual_level1.csv' mode='r' encoding='UTF-8'>
  body = tuple(r[-1].strip() for r in _csv.reader(q.open()) if r)
ResourceWarning: Enable tracemalloc to get the object allocation traceback
/home/alexander/Schreibtisch/ofa-v2/src/tools/result_audit.py:409: ResourceWarning: unclosed file <_io.TextIOWrapper name='/home/alexander/Schreibtisch/ofa-v2/campaign3_blind/runs/C2_27b_MCP_seed96/work/residual_level2.csv' mode='r' encoding='UTF-8'>
  body = tuple(r[-1].strip() for r in _csv.reader(q.open()) if r)
ResourceWarning: Enable tracemalloc to get the object allocation traceback
/home/alexander/Schreibtisch/ofa-v2/src/tools/result_audit.py:409: ResourceWarning: unclosed file <_io.TextIOWrapper name='/home/alexander/Schreibtisch/ofa-v2/campaign3_blind/runs/C2_27b_MCP_seed96/work/residual_level3.csv' mode='r' encoding='UTF-8'>
  body = tuple(r[-1].strip() for r in _csv.reader(q.open()) if r)
ResourceWarning: Enable tracemalloc to get the object allocation traceback
/home/alexander/Schreibtisch/ofa-v2/src/tools/result_audit.py:504: ResourceWarning: unclosed file <_io.TextIOWrapper name='/home/alexander/Schreibtisch/ofa-v2/campaign3_blind/runs/C2_27b_MCP_seed96/work/final_coupled/solution_level1_A.csv' mode='r' encoding='UTF-8'>
  rows = sum(1 for _ in open(sol0[0], errors="ignore")) - 1
ResourceWarning: Enable tracemalloc to get the object allocation traceback
/home/alexander/Schreibtisch/ofa-v2/src/tools/result_audit.py:409: ResourceWarning: unclosed file <_io.TextIOWrapper name='/home/alexander/Schreibtisch/ofa-v2/campaign3_blind/runs/C2_27b_MCP_seed96/work/final_coupled/residual_level1.csv' mode='r' encoding='UTF-8'>
  body = tuple(r[-1].strip() for r in _csv.reader(q.open()) if r)
ResourceWarning: Enable tracemalloc to get the object allocation traceback
/home/alexander/Schreibtisch/ofa-v2/src/tools/result_audit.py:409: ResourceWarning: unclosed file <_io.TextIOWrapper name='/home/alexander/Schreibtisch/ofa-v2/campaign3_blind/runs/C2_27b_MCP_seed96/work/final_coupled/residual_level2.csv' mode='r' encoding='UTF-8'>
  body = tuple(r[-1].strip() for r in _csv.reader(q.open()) if r)
ResourceWarning: Enable tracemalloc to get the object allocation traceback
/home/alexander/Schreibtisch/ofa-v2/src/tools/result_audit.py:409: ResourceWarning: unclosed file <_io.TextIOWrapper name='/home/alexander/Schreibtisch/ofa-v2/campaign3_blind/runs/C2_27b_MCP_seed96/work/final_coupled/residual_level3.csv' mode='r' encoding='UTF-8'>
  body = tuple(r[-1].strip() for r in _csv.reader(q.open()) if r)
ResourceWarning: Enable tracemalloc to get the object allocation traceback
/home/alexander/Schreibtisch/ofa-v2/src/tools/result_audit.py:409: ResourceWarning: unclosed file <_io.TextIOWrapper name='/home/alexander/Schreibtisch/ofa-v2/campaign3_blind/runs/C2_27b_MCP_seed96/work/residual_level1.csv' mode='r' encoding='UTF-8'>
  body = tuple(r[-1].strip() for r in _csv.reader(q.open()) if r)
ResourceWarning: Enable tracemalloc to get the object allocation traceback
/home/alexander/Schreibtisch/ofa-v2/src/tools/result_audit.py:409: ResourceWarning: unclosed file <_io.TextIOWrapper name='/home/alexander/Schreibtisch/ofa-v2/campaign3_blind/runs/C2_27b_MCP_seed96/work/residual_level2.csv' mode='r' encoding='UTF-8'>
  body = tuple(r[-1].strip() for r in _csv.reader(q.open()) if r)
ResourceWarning: Enable tracemalloc to get the object allocation traceback
/home/alexander/Schreibtisch/ofa-v2/src/tools/result_audit.py:409: ResourceWarning: unclosed file <_io.TextIOWrapper name='/home/alexander/Schreibtisch/ofa-v2/campaign3_blind/runs/C2_27b_MCP_seed96/work/residual_level3.csv' mode='r' encoding='UTF-8'>
  body = tuple(r[-1].strip() for r in _csv.reader(q.open()) if r)
ResourceWarning: Enable tracemalloc to get the object allocation traceback
/home/alexander/Schreibtisch/ofa-v2/src/tools/result_audit.py:504: ResourceWarning: unclosed file <_io.TextIOWrapper name='/home/alexander/Schreibtisch/ofa-v2/campaign3_blind/runs/C2_27b_MCP_seed96/work/final_coupled/solution_level1_A.csv' mode='r' encoding='UTF-8'>
  rows = sum(1 for _ in open(sol0[0], errors="ignore")) - 1
ResourceWarning: Enable tracemalloc to get the object allocation traceback
[preflight] custody controls verified for 1 problem(s); keys sealed and unreadable by execution
[phase: development] results are for post-mortems and convergence checking, NOT for the paper's evaluation table.
[C2 27b MCP s96] done  calls=77 tok=8815982/77970 1797.3s
/home/alexander/Schreibtisch/ofa-v2/campaign3_blind/run_blind.py:941: ResourceWarning: unclosed file <_io.TextIOWrapper name='/home/alexander/Schreibtisch/ofa-v2/campaign3_blind/runs/C2_27b_MCP_seed96/work/trajectory_live.txt' mode='a' encoding='utf-8'>
  run_one(pid, a.model, cond, a.seed, a.timeout)
ResourceWarning: Enable tracemalloc to get the object allocation traceback
/home/alexander/.local/share/python/cpython-3.12.13-linux-x86_64-gnu/lib/python3.12/asyncio/selector_events.py:879: ResourceWarning: unclosed transport <_SelectorSocketTransport fd=8>
<<< C2 seed 96 done 2026-09-01 15:35:40
2026-09-01 15:39:01,929 [oasis.registry] INFO: Loaded discovered config: 5 backends
2026-09-01 15:39:01,931 [oasis.registry] INFO: Registered backend: 4C Multiphysics (fourc)
2026-09-01 15:39:01,932 [oasis.registry] INFO: Registered backend: FEniCSx (dolfinx) (fenics)
2026-09-01 15:39:01,932 [oasis.registry] INFO: Registered backend: deal.II (dealii)
2026-09-01 15:39:01,936 [oasis.registry] INFO: Registered backend: FEBio (febio)
2026-09-01 15:39:01,939 [oasis.registry] INFO: Registered backend: NGSolve (ngsolve)
2026-09-01 15:39:01,939 [oasis.ngsolve] INFO: NGSolve backend registered
2026-09-01 15:39:01,941 [oasis.registry] INFO: Registered backend: scikit-fem (skfem)
2026-09-01 15:39:01,941 [oasis.skfem] INFO: scikit-fem backend registered
2026-09-01 15:39:01,945 [oasis.registry] INFO: Registered backend: Kratos Multiphysics (kratos)
2026-09-01 15:39:01,945 [oasis.kratos] INFO: Kratos Multiphysics backend registered
2026-09-01 15:39:01,948 [oasis.registry] INFO: Registered backend: DUNE-fem (dune)
2026-09-01 15:39:01,948 [oasis.dune] INFO: DUNE-fem backend registered
2026-09-01 15:39:01,953 [oasis.registry] INFO: Registered backend: SPARTA (DSMC) (sparta)
2026-09-01 15:39:01,953 [oasis.sparta] INFO: SPARTA (DSMC) backend registered
2026-09-01 15:39:01,953 [oasis] INFO: Starting OASiS MCP server
2026-09-01 15:39:01,962 [mcp.server.lowlevel.server] INFO: Processing request of type CallToolRequest
2026-09-01 15:39:01,967 [mcp.server.lowlevel.server] INFO: Processing request of type ListToolsRequest
2026-09-01 15:39:09,845 [oasis.registry] INFO: Loaded discovered config: 5 backends
2026-09-01 15:39:09,846 [oasis.registry] INFO: Registered backend: 4C Multiphysics (fourc)
2026-09-01 15:39:09,847 [oasis.registry] INFO: Registered backend: FEniCSx (dolfinx) (fenics)
2026-09-01 15:39:09,848 [oasis.registry] INFO: Registered backend: deal.II (dealii)
2026-09-01 15:39:09,852 [oasis.registry] INFO: Registered backend: FEBio (febio)
2026-09-01 15:39:09,855 [oasis.registry] INFO: Registered backend: NGSolve (ngsolve)
2026-09-01 15:39:09,855 [oasis.ngsolve] INFO: NGSolve backend registered
2026-09-01 15:39:09,858 [oasis.registry] INFO: Registered backend: scikit-fem (skfem)
2026-09-01 15:39:09,858 [oasis.skfem] INFO: scikit-fem backend registered
2026-09-01 15:39:09,863 [oasis.registry] INFO: Registered backend: Kratos Multiphysics (kratos)
2026-09-01 15:39:09,864 [oasis.kratos] INFO: Kratos Multiphysics backend registered
2026-09-01 15:39:09,866 [oasis.registry] INFO: Registered backend: DUNE-fem (dune)
2026-09-01 15:39:09,866 [oasis.dune] INFO: DUNE-fem backend registered
2026-09-01 15:39:09,871 [oasis.registry] INFO: Registered backend: SPARTA (DSMC) (sparta)
2026-09-01 15:39:09,871 [oasis.sparta] INFO: SPARTA (DSMC) backend registered
2026-09-01 15:39:09,871 [oasis] INFO: Starting OASiS MCP server
2026-09-01 15:39:09,879 [mcp.server.lowlevel.server] INFO: Processing request of type CallToolRequest
2026-09-01 15:39:42,888 [mcp.server.lowlevel.server] INFO: Processing request of type ListToolsRequest
2026-09-01 15:39:42,893 [oasis] INFO: Session journal saved: /home/alexander/Schreibtisch/ofa-v2/data/sessions/session_1bb632cb-5878-4f2f-9e38-90679bc2d60a.json (1 events)
[preflight] custody controls verified for 1 problem(s); keys sealed and unreadable by execution
[phase: development] results are for post-mortems and convergence checking, NOT for the paper's evaluation table.
[C6 27b BARE s96] done  calls=133 tok=9090531/116912 1861.7s
2026-09-01 15:45:37,868 [oasis.registry] INFO: Loaded discovered config: 5 backends
2026-09-01 15:45:37,870 [oasis.registry] INFO: Registered backend: 4C Multiphysics (fourc)
2026-09-01 15:45:37,871 [oasis.registry] INFO: Registered backend: FEniCSx (dolfinx) (fenics)
2026-09-01 15:45:37,871 [oasis.registry] INFO: Registered backend: deal.II (dealii)
2026-09-01 15:45:37,874 [oasis.registry] INFO: Registered backend: FEBio (febio)
2026-09-01 15:45:37,877 [oasis.registry] INFO: Registered backend: NGSolve (ngsolve)
2026-09-01 15:45:37,877 [oasis.ngsolve] INFO: NGSolve backend registered
2026-09-01 15:45:37,880 [oasis.registry] INFO: Registered backend: scikit-fem (skfem)
2026-09-01 15:45:37,880 [oasis.skfem] INFO: scikit-fem backend registered
2026-09-01 15:45:37,884 [oasis.registry] INFO: Registered backend: Kratos Multiphysics (kratos)
2026-09-01 15:45:37,884 [oasis.kratos] INFO: Kratos Multiphysics backend registered
2026-09-01 15:45:37,887 [oasis.registry] INFO: Registered backend: DUNE-fem (dune)
2026-09-01 15:45:37,887 [oasis.dune] INFO: DUNE-fem backend registered
2026-09-01 15:45:37,892 [oasis.registry] INFO: Registered backend: SPARTA (DSMC) (sparta)
2026-09-01 15:45:37,892 [oasis.sparta] INFO: SPARTA (DSMC) backend registered
2026-09-01 15:45:37,892 [oasis] INFO: Starting OASiS MCP server
2026-09-01 15:45:37,901 [mcp.server.lowlevel.server] INFO: Processing request of type ListToolsRequest
2026-09-01 15:45:51,423 [mcp.server.lowlevel.server] INFO: Processing request of type CallToolRequest
2026-09-01 15:45:55,362 [mcp.server.lowlevel.server] INFO: Processing request of type CallToolRequest
2026-09-01 15:45:59,415 [oasis.registry] INFO: Loaded discovered config: 5 backends
2026-09-01 15:45:59,417 [oasis.registry] INFO: Registered backend: 4C Multiphysics (fourc)
2026-09-01 15:45:59,418 [oasis.registry] INFO: Registered backend: FEniCSx (dolfinx) (fenics)
2026-09-01 15:45:59,418 [oasis.registry] INFO: Registered backend: deal.II (dealii)
2026-09-01 15:45:59,421 [oasis.registry] INFO: Registered backend: FEBio (febio)
2026-09-01 15:45:59,424 [oasis.registry] INFO: Registered backend: NGSolve (ngsolve)
2026-09-01 15:45:59,424 [oasis.ngsolve] INFO: NGSolve backend registered
2026-09-01 15:45:59,426 [oasis.registry] INFO: Registered backend: scikit-fem (skfem)
2026-09-01 15:45:59,426 [oasis.skfem] INFO: scikit-fem backend registered
2026-09-01 15:45:59,430 [oasis.registry] INFO: Registered backend: Kratos Multiphysics (kratos)
2026-09-01 15:45:59,430 [oasis.kratos] INFO: Kratos Multiphysics backend registered
2026-09-01 15:45:59,432 [oasis.registry] INFO: Registered backend: DUNE-fem (dune)
2026-09-01 15:45:59,432 [oasis.dune] INFO: DUNE-fem backend registered
2026-09-01 15:45:59,437 [oasis.registry] INFO: Registered backend: SPARTA (DSMC) (sparta)
2026-09-01 15:45:59,437 [oasis.sparta] INFO: SPARTA (DSMC) backend registered
2026-09-01 15:45:59,437 [oasis] INFO: Starting OASiS MCP server
2026-09-01 15:45:59,445 [mcp.server.lowlevel.server] INFO: Processing request of type CallToolRequest
2026-09-01 15:45:59,450 [mcp.server.lowlevel.server] INFO: Processing request of type ListToolsRequest
2026-09-01 15:46:08,304 [oasis.registry] INFO: Loaded discovered config: 5 backends
2026-09-01 15:46:08,307 [oasis.registry] INFO: Registered backend: 4C Multiphysics (fourc)
2026-09-01 15:46:08,307 [oasis.registry] INFO: Registered backend: FEniCSx (dolfinx) (fenics)
2026-09-01 15:46:08,308 [oasis.registry] INFO: Registered backend: deal.II (dealii)
2026-09-01 15:46:08,311 [oasis.registry] INFO: Registered backend: FEBio (febio)
2026-09-01 15:46:08,313 [oasis.registry] INFO: Registered backend: NGSolve (ngsolve)
2026-09-01 15:46:08,313 [oasis.ngsolve] INFO: NGSolve backend registered
2026-09-01 15:46:08,316 [oasis.registry] INFO: Registered backend: scikit-fem (skfem)
2026-09-01 15:46:08,316 [oasis.skfem] INFO: scikit-fem backend registered
2026-09-01 15:46:08,320 [oasis.registry] INFO: Registered backend: Kratos Multiphysics (kratos)
2026-09-01 15:46:08,320 [oasis.kratos] INFO: Kratos Multiphysics backend registered
2026-09-01 15:46:08,322 [oasis.registry] INFO: Registered backend: DUNE-fem (dune)
2026-09-01 15:46:08,322 [oasis.dune] INFO: DUNE-fem backend registered
2026-09-01 15:46:08,328 [oasis.registry] INFO: Registered backend: SPARTA (DSMC) (sparta)
2026-09-01 15:46:08,328 [oasis.sparta] INFO: SPARTA (DSMC) backend registered
2026-09-01 15:46:08,328 [oasis] INFO: Starting OASiS MCP server
2026-09-01 15:46:08,336 [mcp.server.lowlevel.server] INFO: Processing request of type CallToolRequest
2026-09-01 15:46:11,293 [mcp.server.lowlevel.server] INFO: Processing request of type CallToolRequest
2026-09-01 15:46:13,822 [mcp.server.lowlevel.server] INFO: Processing request of type CallToolRequest
2026-09-01 15:46:43,947 [mcp.server.lowlevel.server] INFO: Processing request of type CallToolRequest
/home/alexander/Schreibtisch/ofa-v2/langgraph_eval/agent.py:382: RuntimeWarning: This package (`duckduckgo_search`) has been renamed to `ddgs`! Use `pip install ddgs` instead.
  with DDGS() as ddgs:
/home/alexander/Schreibtisch/ofa-v2/langgraph_eval/agent.py:382: RuntimeWarning: This package (`duckduckgo_search`) has been renamed to `ddgs`! Use `pip install ddgs` instead.
  with DDGS() as ddgs:
/home/alexander/Schreibtisch/ofa-v2/langgraph_eval/agent.py:382: RuntimeWarning: This package (`duckduckgo_search`) has been renamed to `ddgs`! Use `pip install ddgs` instead.
  with DDGS() as ddgs:
2026-09-01 15:47:50,137 [mcp.server.lowlevel.server] INFO: Processing request of type ListToolsRequest
2026-09-01 15:47:50,145 [oasis] INFO: Session journal saved: /home/alexander/Schreibtisch/ofa-v2/data/sessions/session_1eb484f6-15d5-4c0b-a288-8bae01fb1367.json (1 events)
[preflight] custody controls verified for 1 problem(s); keys sealed and unreadable by execution
[phase: development] results are for post-mortems and convergence checking, NOT for the paper's evaluation table.
[C7 27b BARE s96] done  calls=82 tok=5171755/95809 1697.6s
[preflight] custody controls verified for 1 problem(s); keys sealed and unreadable by execution
[phase: development] results are for post-mortems and convergence checking, NOT for the paper's evaluation table.
[C4 27b MCP s96] done  calls=62 tok=6845672/52538 2048.6s
<<< C4 seed 96 done 2026-09-01 15:49:51
2026-09-01 15:50:14,863 [oasis.registry] INFO: Loaded discovered config: 5 backends
2026-09-01 15:50:14,865 [oasis.registry] INFO: Registered backend: 4C Multiphysics (fourc)
2026-09-01 15:50:14,866 [oasis.registry] INFO: Registered backend: FEniCSx (dolfinx) (fenics)
2026-09-01 15:50:14,866 [oasis.registry] INFO: Registered backend: deal.II (dealii)
2026-09-01 15:50:14,869 [oasis.registry] INFO: Registered backend: FEBio (febio)
2026-09-01 15:50:14,872 [oasis.registry] INFO: Registered backend: NGSolve (ngsolve)
2026-09-01 15:50:14,872 [oasis.ngsolve] INFO: NGSolve backend registered
2026-09-01 15:50:14,874 [oasis.registry] INFO: Registered backend: scikit-fem (skfem)
2026-09-01 15:50:14,874 [oasis.skfem] INFO: scikit-fem backend registered
2026-09-01 15:50:14,878 [oasis.registry] INFO: Registered backend: Kratos Multiphysics (kratos)
2026-09-01 15:50:14,878 [oasis.kratos] INFO: Kratos Multiphysics backend registered
2026-09-01 15:50:14,880 [oasis.registry] INFO: Registered backend: DUNE-fem (dune)
2026-09-01 15:50:14,880 [oasis.dune] INFO: DUNE-fem backend registered
2026-09-01 15:50:14,886 [oasis.registry] INFO: Registered backend: SPARTA (DSMC) (sparta)
2026-09-01 15:50:14,886 [oasis.sparta] INFO: SPARTA (DSMC) backend registered
2026-09-01 15:50:14,886 [oasis] INFO: Starting OASiS MCP server
2026-09-01 15:50:14,894 [mcp.server.lowlevel.server] INFO: Processing request of type ListToolsRequest
2026-09-01 15:50:26,784 [mcp.server.lowlevel.server] INFO: Processing request of type CallToolRequest
2026-09-01 15:50:26,796 [mcp.server.lowlevel.server] INFO: Processing request of type CallToolRequest
2026-09-01 15:50:26,838 [mcp.server.lowlevel.server] INFO: Processing request of type CallToolRequest
2026-09-01 15:50:35,216 [mcp.server.lowlevel.server] INFO: Processing request of type CallToolRequest
2026-09-01 15:50:35,221 [mcp.server.lowlevel.server] INFO: Processing request of type CallToolRequest
2026-09-01 15:50:35,235 [mcp.server.lowlevel.server] INFO: Processing request of type CallToolRequest
2026-09-01 15:51:12,136 [mcp.server.lowlevel.server] INFO: Processing request of type CallToolRequest
2026-09-01 15:51:12,144 [mcp.server.lowlevel.server] INFO: Processing request of type CallToolRequest
/home/alexander/Schreibtisch/ofa-v2/langgraph_eval/agent.py:469: RuntimeWarning: This package (`duckduckgo_search`) has been renamed to `ddgs`! Use `pip install ddgs` instead.
  return (f"[write failed: {type(e).__name__}: {e} — "
2026-09-01 15:51:12,177 [mcp.server.lowlevel.server] INFO: Processing request of type CallToolRequest
/home/alexander/Schreibtisch/ofa-v2/langgraph_eval/agent.py:469: RuntimeWarning: This package (`duckduckgo_search`) has been renamed to `ddgs`! Use `pip install ddgs` instead.
  return (f"[write failed: {type(e).__name__}: {e} — "
/home/alexander/Schreibtisch/ofa-v2/langgraph_eval/agent.py:469: RuntimeWarning: This package (`duckduckgo_search`) has been renamed to `ddgs`! Use `pip install ddgs` instead.
  return (f"[write failed: {type(e).__name__}: {e} — "
/home/alexander/Schreibtisch/ofa-v2/langgraph_eval/agent.py:469: RuntimeWarning: This package (`duckduckgo_search`) has been renamed to `ddgs`! Use `pip install ddgs` instead.
  return (f"[write failed: {type(e).__name__}: {e} — "
2026-09-01 15:51:22,620 [mcp.server.lowlevel.server] INFO: Processing request of type CallToolRequest
2026-09-01 15:51:22,626 [mcp.server.lowlevel.server] INFO: Processing request of type CallToolRequest
/home/alexander/Schreibtisch/ofa-v2/langgraph_eval/agent.py:469: RuntimeWarning: This package (`duckduckgo_search`) has been renamed to `ddgs`! Use `pip install ddgs` instead.
  return (f"[write failed: {type(e).__name__}: {e} — "
/home/alexander/Schreibtisch/ofa-v2/langgraph_eval/agent.py:469: RuntimeWarning: This package (`duckduckgo_search`) has been renamed to `ddgs`! Use `pip install ddgs` instead.
  return (f"[write failed: {type(e).__name__}: {e} — "
2026-09-01 15:52:18,284 [mcp.server.lowlevel.server] INFO: Processing request of type CallToolRequest
2026-09-01 15:52:36,113 [mcp.server.lowlevel.server] INFO: Processing request of type CallToolRequest
2026-09-01 15:52:37,469 [mcp.server.lowlevel.server] INFO: Processing request of type CallToolRequest
2026-09-01 15:53:10,096 [mcp.server.lowlevel.server] INFO: Processing request of type CallToolRequest
2026-09-01 15:54:39,890 [mcp.server.lowlevel.server] INFO: Processing request of type CallToolRequest
[preflight] custody controls verified for 1 problem(s); keys sealed and unreadable by execution
[phase: development] results are for post-mortems and convergence checking, NOT for the paper's evaluation table.
[C5 27b BARE s96] done  calls=73 tok=3958675/79827 2766.7s  ERR TimeoutError: exceeded 2700s
REFUSING TO RUN — source build is not immutable:
uncommitted agent-facing source would make the build mutable:
 M campaign3_blind/run_blind.py
 M langgraph_eval/agent.py
<<< C5 seed 96 done 2026-09-01 15:54:54
2026-09-01 15:55:16,502 [mcp.server.lowlevel.server] INFO: Processing request of type CallToolRequest
[preflight] custody controls verified for 1 problem(s); keys sealed and unreadable by execution
[phase: development] results are for post-mortems and convergence checking, NOT for the paper's evaluation table.
[C9 27b BARE s96] done  calls=116 tok=6130208/76959 1163.0s
REFUSING TO RUN — source build is not immutable:
uncommitted agent-facing source would make the build mutable:
 M campaign3_blind/run_blind.py
 M langgraph_eval/agent.py
<<< C9 seed 96 done 2026-09-01 15:55:28
2026-09-01 15:56:49,851 [mcp.server.lowlevel.server] INFO: Processing request of type CallToolRequest
2026-09-01 15:56:53,124 [oasis] INFO: Session journal saved: /home/alexander/Schreibtisch/ofa-v2/data/sessions/session_e6246ccb-334a-4018-bb17-ed107418b4de.json (13 events)
[preflight] custody controls verified for 1 problem(s); keys sealed and unreadable by execution
[phase: development] results are for post-mortems and convergence checking, NOT for the paper's evaluation table.
[C7 27b MCP s96] done  calls=33 tok=2923993/14707 399.3s
sys:1: ResourceWarning: unclosed file <_io.TextIOWrapper name='/home/alexander/Schreibtisch/ofa-v2/campaign3_blind/runs/C7_27b_MCP_seed96/work/trajectory_live.txt' mode='a' encoding='utf-8'>
ResourceWarning: Enable tracemalloc to get the object allocation traceback
/home/alexander/.local/share/python/cpython-3.12.13-linux-x86_64-gnu/lib/python3.12/asyncio/selector_events.py:879: ResourceWarning: unclosed transport <_SelectorSocketTransport fd=8>
<<< C7 seed 96 done 2026-09-01 15:56:53
2026-09-01 16:02:01,013 [oasis] INFO: Session journal saved: /home/alexander/Schreibtisch/ofa-v2/data/sessions/session_8eee8e35-4952-4407-8c01-4d666c36179c.json (7 events)
[preflight] custody controls verified for 1 problem(s); keys sealed and unreadable by execution
[phase: development] results are for post-mortems and convergence checking, NOT for the paper's evaluation table.
[C6 27b MCP s96] done  calls=51 tok=4209708/55159 984.2s
sys:1: ResourceWarning: unclosed file <_io.TextIOWrapper name='/home/alexander/Schreibtisch/ofa-v2/campaign3_blind/runs/C6_27b_MCP_seed96/work/trajectory_live.txt' mode='a' encoding='utf-8'>
ResourceWarning: Enable tracemalloc to get the object allocation traceback
/home/alexander/.local/share/python/cpython-3.12.13-linux-x86_64-gnu/lib/python3.12/asyncio/selector_events.py:879: ResourceWarning: unclosed transport <_SelectorSocketTransport fd=8>
<<< C6 seed 96 done 2026-09-01 16:02:01
[preflight] custody controls verified for 1 problem(s); keys sealed and unreadable by execution
[phase: development] results are for post-mortems and convergence checking, NOT for the paper's evaluation table.
[C8 27b BARE s96] done  calls=105 tok=6689174/171651 2700.0s  ERR TimeoutError: exceeded 2700s
REFUSING TO RUN — source build is not immutable:
uncommitted agent-facing source would make the build mutable:
 M campaign3_blind/run_blind.py
 M langgraph_eval/agent.py
 M src/core/coupling_driver.py
 M src/tools/consolidated.py
<<< C8 seed 96 done 2026-09-01 16:16:36
