x,y,u
6.34943181818e-01,1.13636363636e-02,-1.23700588093e-03
6.54829545455e-01,1.13636363636e-02,-1.00687077192e-03
6.74715909091e-01,1.13636363636e-02,-7.76735662906e-04
6.94602272727e-01,1.13636363636e-02,-5.46600553894e-04
7.14488636364e-01,1.13636363636e-02,-3.16465444881e-04
7.34375000000e-01,1.13636363636e-02,-1.59592160955e-04
7.54261363636e-01,1.13636363636e-02,-1.31405632079e-04
7.74147727273e-01,1.13636363636e-02,-1.31405632079e-04
7.94034090909e-01,1.13636363636e-02,-1.31405632079e-04
8.13920454545e-01,1.13636363636e-02,-1.31405632079e-04
8.33806818182e-01,1.13636363636e-02,-1.31405632079e-04
8.53693181818e-01,1.13636363636e-02,-1.31405632079e-04
8.73579545455e-01,1.13636363636e-02,-1.31405632079e-04
8.93465909091e-01,1.13636363636e-02,-1.31405632079e-04
9.13352272727e-01,1.13636363636e-02,-1.31405632079e-04
9.33238636364e-01,1.13636363636e-02,-1.31405632079e-04
9.53125000000e-01,1.13636363636e-02,-1.07697995802e-04
9.73011363636e-01,1.13636363636e-02,-8.55630564538e-05
9.92897727273e-01,1.13636363636e-02,-8.55630564538e-05
1.01278409091e+00,1.13636363636e-02,-8.55630564538e-05
1.03267045455e+00,1.13636363636e-02,-8.55630564538e-05
1.05255681818e+00,1.13636363636e-02,-8.55630564538e-05
1.07244318182e+00,1.13636363636e-02,-8.55630564538e-05
1.09232954545e+00,1.13636363636e-02,-8.55630564538e-05
1.11221590909e+00,1.13636363636e-02,-8.55630564538e-05
1.13210227273e+00,1.13636363636e-02,-8.55630564538e-05
1.15198863636e+00,1.13636363636e-02,-8.55630564538e-05
1.17187500000e+00,1.13636363636e-02,-6.40077904145e-05
1.19176136364e+00,1.13636363636e-02,-4.26597528506e-05
1.21164772727e+00,1.13636363636e-02,-4.26597528506e-05
1.23153409091e+00,1.13636363636e-02,-4.26597528506e-05
1.25142045455e+00,1.13636363636e-02,-4.26597528506e-05
1.27130681818e+00,1.13636363636e-02,-4.26597528506e-05
1.29119318182e+00,1.13636363636e-02,-4.26597528506e-05
1.31107954545e+00,1.13636363636e-02,-4.26597528506e-05
1.33096590909e+00,1.13636363636e-02,-4.26597528506e-05
1.35085227273e+00,1.13636363636e-02,-4.26597528506e-05
1.37073863636e+00,1.13636363636e-02,-4.26597528506e-05
1.39062500000e+00,1.13636363636e-02,-2.13562622983e-05
1.41051136364e+00,1.13636363636e-02,0.00000000000e+00
1.43039772727e+00,1.13636363636e-02,0.00000000000e+00
1.45028409091e+00,1.13636363636e-02,0.00000000000e+00
1.47017045455e+00,1.13636363636e-02,0.00000000000e+00
1.49005681818e+00,1.13636363636e-02,0.00000000000e+00
6.34943181818e-01,3.40909090909e-02,-1.40966655267e-03
6.54829545455e-01,3.40909090909e-02,-1.17953144366e-03
6.74715909091e-01,3.40909090909e-02,-9.49396334643e-04
6.94602272727e-01,3.40909090909e-02,-7.19261225630e-04
7.14488636364e-01,3.40909090909e-02,-5.62387941705e-04
7.34375000000e-01,3.40909090909e-02,-4.78776482866e-04
7.54261363636e-01,3.40909090909e-02,-4.22403425114e-04
7.74147727273e-01,3.40909090909e-02,-3.94216896237e-04
7.94034090909e-01,3.40909090909e-02,-3.94216896237e-04
8.13920454545e-01,3.40909090909e-02,-3.94216896237e-04
8.33806818182e-01,3.40909090909e-02,-3.94216896237e-04
8.53693181818e-01,3.40909090909e-02,-3.94216896237e-04
8.73579545455e-01,3.40909090909e-02,-3.94216896237e-04
8.93465909091e-01,3.40909090909e-02,-3.94216896237e-04
9.13352272727e-01,3.40909090909e-02,-3.94216896237e-04
9.33238636364e-01,3.40909090909e-02,-3.70509259960e-04
9.53125000000e-01,3.40909090909e-02,-3.23093987405e-04
9.73011363636e-01,3.40909090909e-02,-2.78824108709e-04
9.92897727273e-01,3.40909090909e-02,-2.56689169361e-04
1.01278409091e+00,3.40909090909e-02,-2.56689169361e-04
1.03267045455e+00,3.40909090909e-02,-2.56689169361e-04
1.05255681818e+00,3.40909090909e-02,-2.56689169361e-04
1.07244318182e+00,3.40909090909e-02,-2.56689169361e-04
1.09232954545e+00,3.40909090909e-02,-2.56689169361e-04
1.11221590909e+00,3.40909090909e-02,-2.56689169361e-04
1.13210227273e+00,3.40909090909e-02,-2.56689169361e-04
1.15198863636e+00,3.40909090909e-02,-2.35133903322e-04
1.17187500000e+00,3.40909090909e-02,-1.92023371244e-04
1.19176136364e+00,3.40909090909e-02,-1.49327296116e-04
1.21164772727e+00,3.40909090909e-02,-1.27979258552e-04
1.23153409091e+00,3.40909090909e-02,-1.27979258552e-04
1.25142045455e+00,3.40909090909e-02,-1.27979258552e-04
1.27130681818e+00,3.40909090909e-02,-1.27979258552e-04
1.29119318182e+00,3.40909090909e-02,-1.27979258552e-04
1.31107954545e+00,3.40909090909e-02,-1.27979258552e-04
1.33096590909e+00,3.40909090909e-02,-1.27979258552e-04
1.35085227273e+00,3.40909090909e-02,-1.27979258552e-04
1.37073863636e+00,3.40909090909e-02,-1.06675768000e-04
1.39062500000e+00,3.40909090909e-02,-6.40687868948e-05
1.41051136364e+00,3.40909090909e-02,-2.13562622983e-05
1.43039772727e+00,3.40909090909e-02,0.00000000000e+00
1.45028409091e+00,3.40909090909e-02,0.00000000000e+00
1.47017045455e+00,3.40909090909e-02,0.00000000000e+00
1.49005681818e+00,3.40909090909e-02,0.00000000000e+00
6.34943181818e-01,5.68181818182e-02,-1.58232722440e-03
6.54829545455e-01,5.68181818182e-02,-1.35219211539e-03
6.74715909091e-01,5.68181818182e-02,-1.12205700638e-03
6.94602272727e-01,5.68181818182e-02,-9.65183722454e-04
7.14488636364e-01,5.68181818182e-02,-8.81572263615e-04
7.34375000000e-01,5.68181818182e-02,-7.97960804777e-04
7.54261363636e-01,5.68181818182e-02,-7.41587747025e-04
7.74147727273e-01,5.68181818182e-02,-6.85214689272e-04
7.94034090909e-01,5.68181818182e-02,-6.57028160395e-04
8.13920454545e-01,5.68181818182e-02,-6.57028160395e-04
8.33806818182e-01,5.68181818182e-02,-6.57028160395e-04
8.53693181818e-01,5.68181818182e-02,-6.57028160395e-04
8.73579545455e-01,5.68181818182e-02,-6.57028160395e-04
8.93465909091e-01,5.68181818182e-02,-6.57028160395e-04
9.13352272727e-01,5.68181818182e-02,-6.33320524118e-04
9.33238636364e-01,5.68181818182e-02,-5.85905251564e-04
9.53125000000e-01,5.68181818182e-02,-5.38489979009e-04
9.73011363636e-01,5.68181818182e-02,-4.94220100313e-04
9.92897727273e-01,5.68181818182e-02,-4.49950221617e-04
1.01278409091e+00,5.68181818182e-02,-4.27815282269e-04
1.03267045455e+00,5.68181818182e-02,-4.27815282269e-04
1.05255681818e+00,5.68181818182e-02,-4.27815282269e-04
1.07244318182e+00,5.68181818182e-02,-4.27815282269e-04
1.09232954545e+00,5.68181818182e-02,-4.27815282269e-04
1.11221590909e+00,5.68181818182e-02,-4.27815282269e-04
1.13210227273e+00,5.68181818182e-02,-4.06260016230e-04
1.15198863636e+00,5.68181818182e-02,-3.63149484151e-04
1.17187500000e+00,5.68181818182e-02,-3.20038952073e-04
1.19176136364e+00,5.68181818182e-02,-2.77342876945e-04
1.21164772727e+00,5.68181818182e-02,-2.34646801817e-04
1.23153409091e+00,5.68181818182e-02,-2.13298764253e-04
1.25142045455e+00,5.68181818182e-02,-2.13298764253e-04
1.27130681818e+00,5.68181818182e-02,-2.13298764253e-04
1.29119318182e+00,5.68181818182e-02,-2.13298764253e-04
1.31107954545e+00,5.68181818182e-02,-2.13298764253e-04
1.33096590909e+00,5.68181818182e-02,-2.13298764253e-04
1.35085227273e+00,5.68181818182e-02,-1.91995273701e-04
1.37073863636e+00,5.68181818182e-02,-1.49388292596e-04
1.39062500000e+00,5.68181818182e-02,-1.06781311491e-04
1.41051136364e+00,5.68181818182e-02,-6.40687868948e-05
1.43039772727e+00,5.68181818182e-02,-2.13562622983e-05
1.45028409091e+00,5.68181818182e-02,0.00000000000e+00
1.47017045455e+00,5.68181818182e-02,0.00000000000e+00
1.49005681818e+00,5.68181818182e-02,0.00000000000e+00
6.34943181818e-01,7.95454545455e-02,-1.75498789614e-03
6.54829545455e-01,7.95454545455e-02,-1.52485278713e-03
6.74715909091e-01,7.95454545455e-02,-1.36797950320e-03
6.94602272727e-01,7.95454545455e-02,-1.28436804436e-03
7.14488636364e-01,7.95454545455e-02,-1.20075658553e-03
7.34375000000e-01,7.95454545455e-02,-1.11714512669e-03
7.54261363636e-01,7.95454545455e-02,-1.06077206894e-03
7.74147727273e-01,7.95454545455e-02,-1.00439901118e-03
7.94034090909e-01,7.95454545455e-02,-9.48025953430e-04
8.13920454545e-01,7.95454545455e-02,-9.19839424554e-04
8.33806818182e-01,7.95454545455e-02,-9.19839424554e-04
8.53693181818e-01,7.95454545455e-02,-9.19839424554e-04
8.73579545455e-01,7.95454545455e-02,-9.19839424554e-04
8.93465909091e-01,7.95454545455e-02,-8.96131788276e-04
9.13352272727e-01,7.95454545455e-02,-8.48716515722e-04
9.33238636364e-01,7.95454545455e-02,-8.01301243167e-04
9.53125000000e-01,7.95454545455e-02,-7.53885970613e-04
9.73011363636e-01,7.95454545455e-02,-7.09616091917e-04
9.92897727273e-01,7.95454545455e-02,-6.65346213221e-04
1.01278409091e+00,7.95454545455e-02,-6.21076334525e-04
1.03267045455e+00,7.95454545455e-02,-5.98941395177e-04
1.05255681818e+00,7.95454545455e-02,-5.98941395177e-04
1.07244318182e+00,7.95454545455e-02,-5.98941395177e-04
1.09232954545e+00,7.95454545455e-02,-5.98941395177e-04
1.11221590909e+00,7.95454545455e-02,-5.77386129137e-04
1.13210227273e+00,7.95454545455e-02,-5.34275597059e-04
1.15198863636e+00,7.95454545455e-02,-4.91165064980e-04
1.17187500000e+00,7.95454545455e-02,-4.48054532902e-04
1.19176136364e+00,7.95454545455e-02,-4.05358457774e-04
1.21164772727e+00,7.95454545455e-02,-3.62662382646e-04
1.23153409091e+00,7.95454545455e-02,-3.19966307518e-04
1.25142045455e+00,7.95454545455e-02,-2.98618269954e-04
1.27130681818e+00,7.95454545455e-02,-2.98618269954e-04
1.29119318182e+00,7.95454545455e-02,-2.98618269954e-04
1.31107954545e+00,7.95454545455e-02,-2.98618269954e-04
1.33096590909e+00,7.95454545455e-02,-2.77314779402e-04
1.35085227273e+00,7.95454545455e-02,-2.34707798297e-04
1.37073863636e+00,7.95454545455e-02,-1.92100817193e-04
1.39062500000e+00,7.95454545455e-02,-1.49493836088e-04
1.41051136364e+00,7.95454545455e-02,-1.06781311491e-04
1.43039772727e+00,7.95454545455e-02,-6.40687868948e-05
1.45028409091e+00,7.95454545455e-02,-2.13562622983e-05
1.47017045455e+00,7.95454545455e-02,0.00000000000e+00
1.49005681818e+00,7.95454545455e-02,0.00000000000e+00
6.34943181818e-01,1.02272727273e-01,-1.92764856788e-03
6.54829545455e-01,1.02272727273e-01,-1.77077528395e-03
6.74715909091e-01,1.02272727273e-01,-1.68716382511e-03
6.94602272727e-01,1.02272727273e-01,-1.60355236628e-03
7.14488636364e-01,1.02272727273e-01,-1.51994090744e-03
7.34375000000e-01,1.02272727273e-01,-1.43632944860e-03
7.54261363636e-01,1.02272727273e-01,-1.37995639085e-03
7.74147727273e-01,1.02272727273e-01,-1.32358333309e-03
7.94034090909e-01,1.02272727273e-01,-1.26721027534e-03
8.13920454545e-01,1.02272727273e-01,-1.21083721759e-03
8.33806818182e-01,1.02272727273e-01,-1.18265068871e-03
8.53693181818e-01,1.02272727273e-01,-1.18265068871e-03
8.73579545455e-01,1.02272727273e-01,-1.15894305243e-03
8.93465909091e-01,1.02272727273e-01,-1.11152777988e-03
9.13352272727e-01,1.02272727273e-01,-1.06411250733e-03
9.33238636364e-01,1.02272727273e-01,-1.01669723477e-03
9.53125000000e-01,1.02272727273e-01,-9.69281962216e-04
9.73011363636e-01,1.02272727273e-01,-9.25012083520e-04
9.92897727273e-01,1.02272727273e-01,-8.80742204824e-04
1.01278409091e+00,1.02272727273e-01,-8.36472326128e-04
1.03267045455e+00,1.02272727273e-01,-7.92202447432e-04
1.05255681818e+00,1.02272727273e-01,-7.70067508084e-04
1.07244318182e+00,1.02272727273e-01,-7.70067508084e-04
1.09232954545e+00,1.02272727273e-01,-7.48512242045e-04
1.11221590909e+00,1.02272727273e-01,-7.05401709967e-04
1.13210227273e+00,1.02272727273e-01,-6.62291177888e-04
1.15198863636e+00,1.02272727273e-01,-6.19180645809e-04
1.17187500000e+00,1.02272727273e-01,-5.76070113731e-04
1.19176136364e+00,1.02272727273e-01,-5.33374038603e-04
1.21164772727e+00,1.02272727273e-01,-4.90677963475e-04
1.23153409091e+00,1.02272727273e-01,-4.47981888347e-04
1.25142045455e+00,1.02272727273e-01,-4.05285813220e-04
1.27130681818e+00,1.02272727273e-01,-3.83937775656e-04
1.29119318182e+00,1.02272727273e-01,-3.83937775656e-04
1.31107954545e+00,1.02272727273e-01,-3.62634285103e-04
1.33096590909e+00,1.02272727273e-01,-3.20027303999e-04
1.35085227273e+00,1.02272727273e-01,-2.77420322894e-04
1.37073863636e+00,1.02272727273e-01,-2.34813341789e-04
1.39062500000e+00,1.02272727273e-01,-1.92206360684e-04
1.41051136364e+00,1.02272727273e-01,-1.49493836088e-04
1.43039772727e+00,1.02272727273e-01,-1.06781311491e-04
1.45028409091e+00,1.02272727273e-01,-6.40687868948e-05
1.47017045455e+00,1.02272727273e-01,-2.13562622983e-05
1.49005681818e+00,1.02272727273e-01,0.00000000000e+00
6.34943181818e-01,1.25000000000e-01,-2.17357106470e-03
6.54829545455e-01,1.25000000000e-01,-2.08995960586e-03
6.74715909091e-01,1.25000000000e-01,-2.00634814702e-03
6.94602272727e-01,1.25000000000e-01,-1.92273668819e-03
7.14488636364e-01,1.25000000000e-01,-1.83912522935e-03
7.34375000000e-01,1.25000000000e-01,-1.75551377051e-03
7.54261363636e-01,1.25000000000e-01,-1.69914071276e-03
7.74147727273e-01,1.25000000000e-01,-1.64276765500e-03
7.94034090909e-01,1.25000000000e-01,-1.58639459725e-03
8.13920454545e-01,1.25000000000e-01,-1.53002153950e-03
8.33806818182e-01,1.25000000000e-01,-1.47364848175e-03
8.53693181818e-01,1.25000000000e-01,-1.42175431659e-03
8.73579545455e-01,1.25000000000e-01,-1.37433904404e-03
8.93465909091e-01,1.25000000000e-01,-1.32692377148e-03
9.13352272727e-01,1.25000000000e-01,-1.27950849893e-03
9.33238636364e-01,1.25000000000e-01,-1.23209322637e-03
9.53125000000e-01,1.25000000000e-01,-1.18467795382e-03
9.73011363636e-01,1.25000000000e-01,-1.14040807512e-03
9.92897727273e-01,1.25000000000e-01,-1.09613819643e-03
1.01278409091e+00,1.25000000000e-01,-1.05186831773e-03
1.03267045455e+00,1.25000000000e-01,-1.00759843904e-03
1.05255681818e+00,1.25000000000e-01,-9.63328560340e-04
1.07244318182e+00,1.25000000000e-01,-9.19638354953e-04
1.09232954545e+00,1.25000000000e-01,-8.76527822874e-04
1.11221590909e+00,1.25000000000e-01,-8.33417290796e-04
1.13210227273e+00,1.25000000000e-01,-7.90306758717e-04
1.15198863636e+00,1.25000000000e-01,-7.47196226639e-04
1.17187500000e+00,1.25000000000e-01,-7.04085694560e-04
1.19176136364e+00,1.25000000000e-01,-6.61389619432e-04
1.21164772727e+00,1.25000000000e-01,-6.18693544304e-04
1.23153409091e+00,1.25000000000e-01,-5.75997469177e-04
1.25142045455e+00,1.25000000000e-01,-5.33301394049e-04
1.27130681818e+00,1.25000000000e-01,-4.90605318921e-04
1.29119318182e+00,1.25000000000e-01,-4.47953790805e-04
1.31107954545e+00,1.25000000000e-01,-4.05346809700e-04
1.33096590909e+00,1.25000000000e-01,-3.62739828595e-04
1.35085227273e+00,1.25000000000e-01,-3.20132847490e-04
1.37073863636e+00,1.25000000000e-01,-2.77525866386e-04
1.39062500000e+00,1.25000000000e-01,-2.34918885281e-04
1.41051136364e+00,1.25000000000e-01,-1.92206360684e-04
1.43039772727e+00,1.25000000000e-01,-1.49493836088e-04
1.45028409091e+00,1.25000000000e-01,-1.06781311491e-04
1.47017045455e+00,1.25000000000e-01,-6.40687868948e-05
1.49005681818e+00,1.25000000000e-01,-2.13562622983e-05
6.34943181818e-01,1.47727272727e-01,-2.34793911379e-03
6.54829545455e-01,1.47727272727e-01,-2.26976601967e-03
6.74715909091e-01,1.47727272727e-01,-2.18615456084e-03
6.94602272727e-01,1.47727272727e-01,-2.10254310200e-03
7.14488636364e-01,1.47727272727e-01,-2.01893164316e-03
7.34375000000e-01,1.47727272727e-01,-1.93532018432e-03
7.54261363636e-01,1.47727272727e-01,-1.87894712657e-03
7.74147727273e-01,1.47727272727e-01,-1.82257406882e-03
7.94034090909e-01,1.47727272727e-01,-1.76620101106e-03
8.13920454545e-01,1.47727272727e-01,-1.70982795331e-03
8.33806818182e-01,1.47727272727e-01,-1.64454950803e-03
8.53693181818e-01,1.47727272727e-01,-1.57119515765e-03
8.73579545455e-01,1.47727272727e-01,-1.51122508739e-03
8.93465909091e-01,1.47727272727e-01,-1.46380981484e-03
9.13352272727e-01,1.47727272727e-01,-1.41639454228e-03
9.33238636364e-01,1.47727272727e-01,-1.36897926973e-03
9.53125000000e-01,1.47727272727e-01,-1.32156399717e-03
9.73011363636e-01,1.47727272727e-01,-1.27729411848e-03
9.92897727273e-01,1.47727272727e-01,-1.23302423978e-03
1.01278409091e+00,1.47727272727e-01,-1.18875436108e-03
1.03267045455e+00,1.47727272727e-01,-1.14448448239e-03
1.05255681818e+00,1.47727272727e-01,-1.08674788058e-03
1.07244318182e+00,1.47727272727e-01,-1.01590756844e-03
1.09232954545e+00,1.47727272727e-01,-9.59113652716e-04
1.11221590909e+00,1.47727272727e-01,-9.16003120637e-04
1.13210227273e+00,1.47727272727e-01,-8.72892588559e-04
1.15198863636e+00,1.47727272727e-01,-8.29782056480e-04
1.17187500000e+00,1.47727272727e-01,-7.86671524402e-04
1.19176136364e+00,1.47727272727e-01,-7.43975449274e-04
1.21164772727e+00,1.47727272727e-01,-7.01279374146e-04
1.23153409091e+00,1.47727272727e-01,-6.58583299018e-04
1.25142045455e+00,1.47727272727e-01,-6.15887223891e-04
1.27130681818e+00,1.47727272727e-01,-5.59455238405e-04
1.29119318182e+00,1.47727272727e-01,-4.89305289760e-04
1.31107954545e+00,1.47727272727e-01,-4.32935798483e-04
1.33096590909e+00,1.47727272727e-01,-3.90328817378e-04
1.35085227273e+00,1.47727272727e-01,-3.47721836273e-04
1.37073863636e+00,1.47727272727e-01,-3.05114855169e-04
1.39062500000e+00,1.47727272727e-01,-2.62507874064e-04
1.41051136364e+00,1.47727272727e-01,-2.19795349467e-04
1.43039772727e+00,1.47727272727e-01,-1.77082824871e-04
1.45028409091e+00,1.47727272727e-01,-1.34370300274e-04
1.47017045455e+00,1.47727272727e-01,-9.16577756777e-05
1.49005681818e+00,1.47727272727e-01,-3.51507566897e-05
6.34943181818e-01,1.70454545455e-01,-2.51686879816e-03
6.54829545455e-01,1.70454545455e-01,-2.44413406876e-03
6.74715909091e-01,1.70454545455e-01,-2.36596097465e-03
6.94602272727e-01,1.70454545455e-01,-2.28234951581e-03
7.14488636364e-01,1.70454545455e-01,-2.19873805697e-03
7.34375000000e-01,1.70454545455e-01,-2.11512659813e-03
7.54261363636e-01,1.70454545455e-01,-2.05875354038e-03
7.74147727273e-01,1.70454545455e-01,-2.00238048263e-03
7.94034090909e-01,1.70454545455e-01,-1.94600742487e-03
8.13920454545e-01,1.70454545455e-01,-1.88072897960e-03
8.33806818182e-01,1.70454545455e-01,-1.80654514679e-03
8.53693181818e-01,1.70454545455e-01,-1.73319079641e-03
8.73579545455e-01,1.70454545455e-01,-1.66066592845e-03
8.93465909091e-01,1.70454545455e-01,-1.60069585819e-03
9.13352272727e-01,1.70454545455e-01,-1.55328058563e-03
9.33238636364e-01,1.70454545455e-01,-1.50586531308e-03
9.53125000000e-01,1.70454545455e-01,-1.45845004053e-03
9.73011363636e-01,1.70454545455e-01,-1.41418016183e-03
9.92897727273e-01,1.70454545455e-01,-1.36991028313e-03
1.01278409091e+00,1.70454545455e-01,-1.32564040444e-03
1.03267045455e+00,1.70454545455e-01,-1.26790380263e-03
1.05255681818e+00,1.70454545455e-01,-1.19670047771e-03
1.07244318182e+00,1.70454545455e-01,-1.12586016557e-03
1.09232954545e+00,1.70454545455e-01,-1.05538286620e-03
1.11221590909e+00,1.70454545455e-01,-9.98588950479e-04
1.13210227273e+00,1.70454545455e-01,-9.55478418401e-04
1.15198863636e+00,1.70454545455e-01,-9.12367886322e-04
1.17187500000e+00,1.70454545455e-01,-8.69257354244e-04
1.19176136364e+00,1.70454545455e-01,-8.26561279116e-04
1.21164772727e+00,1.70454545455e-01,-7.83865203988e-04
1.23153409091e+00,1.70454545455e-01,-7.41169128860e-04
1.25142045455e+00,1.70454545455e-01,-6.84737143375e-04
1.27130681818e+00,1.70454545455e-01,-6.14569247532e-04
1.29119318182e+00,1.70454545455e-01,-5.44419298887e-04
1.31107954545e+00,1.70454545455e-01,-4.74287297438e-04
1.33096590909e+00,1.70454545455e-01,-4.17917806161e-04
1.35085227273e+00,1.70454545455e-01,-3.75310825056e-04
1.37073863636e+00,1.70454545455e-01,-3.32703843952e-04
1.39062500000e+00,1.70454545455e-01,-2.90096862847e-04
1.41051136364e+00,1.70454545455e-01,-2.47384338250e-04
1.43039772727e+00,1.70454545455e-01,-2.04671813654e-04
1.45028409091e+00,1.70454545455e-01,-1.61959289057e-04
1.47017045455e+00,1.70454545455e-01,-1.05452270069e-04
1.49005681818e+00,1.70454545455e-01,-3.51507566897e-05
6.34943181818e-01,1.93181818182e-01,-2.68579848253e-03
6.54829545455e-01,1.93181818182e-01,-2.61306375314e-03
6.74715909091e-01,1.93181818182e-01,-2.54032902374e-03
6.94602272727e-01,1.93181818182e-01,-2.46215592962e-03
7.14488636364e-01,1.93181818182e-01,-2.37854447078e-03
7.34375000000e-01,1.93181818182e-01,-2.29493301194e-03
7.54261363636e-01,1.93181818182e-01,-2.23855995419e-03
7.74147727273e-01,1.93181818182e-01,-2.18218689644e-03
7.94034090909e-01,1.93181818182e-01,-2.11690845116e-03
8.13920454545e-01,1.93181818182e-01,-2.04272461836e-03
8.33806818182e-01,1.93181818182e-01,-1.96854078555e-03
8.53693181818e-01,1.93181818182e-01,-1.89518643517e-03
8.73579545455e-01,1.93181818182e-01,-1.82266156721e-03
8.93465909091e-01,1.93181818182e-01,-1.75013669925e-03
9.13352272727e-01,1.93181818182e-01,-1.69016662899e-03
9.33238636364e-01,1.93181818182e-01,-1.64275135643e-03
9.53125000000e-01,1.93181818182e-01,-1.59533608388e-03
9.73011363636e-01,1.93181818182e-01,-1.55106620518e-03
9.92897727273e-01,1.93181818182e-01,-1.50679632649e-03
1.01278409091e+00,1.93181818182e-01,-1.44905972468e-03
1.03267045455e+00,1.93181818182e-01,-1.37785639976e-03
1.05255681818e+00,1.93181818182e-01,-1.30665307484e-03
1.07244318182e+00,1.93181818182e-01,-1.23581276270e-03
1.09232954545e+00,1.93181818182e-01,-1.16533546333e-03
1.11221590909e+00,1.93181818182e-01,-1.09485816397e-03
1.13210227273e+00,1.93181818182e-01,-1.03806424824e-03
1.15198863636e+00,1.93181818182e-01,-9.94953716164e-04
1.17187500000e+00,1.93181818182e-01,-9.51843184085e-04
1.19176136364e+00,1.93181818182e-01,-9.09147108958e-04
1.21164772727e+00,1.93181818182e-01,-8.66451033830e-04
1.23153409091e+00,1.93181818182e-01,-8.10019048345e-04
1.25142045455e+00,1.93181818182e-01,-7.39851152502e-04
1.27130681818e+00,1.93181818182e-01,-6.69683256660e-04
1.29119318182e+00,1.93181818182e-01,-5.99533308014e-04
1.31107954545e+00,1.93181818182e-01,-5.29401306565e-04
1.33096590909e+00,1.93181818182e-01,-4.59269305116e-04
1.35085227273e+00,1.93181818182e-01,-4.02899813839e-04
1.37073863636e+00,1.93181818182e-01,-3.60292832734e-04
1.39062500000e+00,1.93181818182e-01,-3.17685851630e-04
1.41051136364e+00,1.93181818182e-01,-2.74973327033e-04
1.43039772727e+00,1.93181818182e-01,-2.32260802437e-04
1.45028409091e+00,1.93181818182e-01,-1.75753783449e-04
1.47017045455e+00,1.93181818182e-01,-1.05452270069e-04
1.49005681818e+00,1.93181818182e-01,-3.51507566897e-05
6.34943181818e-01,2.15909090909e-01,-2.85472816690e-03
6.54829545455e-01,2.15909090909e-01,-2.78199343751e-03
6.74715909091e-01,2.15909090909e-01,-2.70925870811e-03
6.94602272727e-01,2.15909090909e-01,-2.63652397871e-03
7.14488636364e-01,2.15909090909e-01,-2.55835088459e-03
7.34375000000e-01,2.15909090909e-01,-2.47473942575e-03
7.54261363636e-01,2.15909090909e-01,-2.41836636800e-03
7.74147727273e-01,2.15909090909e-01,-2.35308792272e-03
7.94034090909e-01,2.15909090909e-01,-2.27890408992e-03
8.13920454545e-01,2.15909090909e-01,-2.20472025712e-03
8.33806818182e-01,2.15909090909e-01,-2.13053642431e-03
8.53693181818e-01,2.15909090909e-01,-2.05718207393e-03
8.73579545455e-01,2.15909090909e-01,-1.98465720597e-03
8.93465909091e-01,2.15909090909e-01,-1.91213233801e-03
9.13352272727e-01,2.15909090909e-01,-1.83960747004e-03
9.33238636364e-01,2.15909090909e-01,-1.77963739979e-03
9.53125000000e-01,2.15909090909e-01,-1.73222212723e-03
9.73011363636e-01,2.15909090909e-01,-1.68795224853e-03
9.92897727273e-01,2.15909090909e-01,-1.63021564673e-03
1.01278409091e+00,2.15909090909e-01,-1.55901232181e-03
1.03267045455e+00,2.15909090909e-01,-1.48780899689e-03
1.05255681818e+00,2.15909090909e-01,-1.41660567197e-03
1.07244318182e+00,2.15909090909e-01,-1.34576535983e-03
1.09232954545e+00,2.15909090909e-01,-1.27528806046e-03
1.11221590909e+00,2.15909090909e-01,-1.20481076110e-03
1.13210227273e+00,2.15909090909e-01,-1.13433346173e-03
1.15198863636e+00,2.15909090909e-01,-1.07753954601e-03
1.17187500000e+00,2.15909090909e-01,-1.03442901393e-03
1.19176136364e+00,2.15909090909e-01,-9.91732938799e-04
1.21164772727e+00,2.15909090909e-01,-9.35300953314e-04
1.23153409091e+00,2.15909090909e-01,-8.65133057472e-04
1.25142045455e+00,2.15909090909e-01,-7.94965161629e-04
1.27130681818e+00,2.15909090909e-01,-7.24797265787e-04
1.29119318182e+00,2.15909090909e-01,-6.54647317141e-04
1.31107954545e+00,2.15909090909e-01,-5.84515315692e-04
1.33096590909e+00,2.15909090909e-01,-5.14383314243e-04
1.35085227273e+00,2.15909090909e-01,-4.44251312794e-04
1.37073863636e+00,2.15909090909e-01,-3.87881821517e-04
1.39062500000e+00,2.15909090909e-01,-3.45274840413e-04
1.41051136364e+00,2.15909090909e-01,-3.02562315816e-04
1.43039772727e+00,2.15909090909e-01,-2.46055296828e-04
1.45028409091e+00,2.15909090909e-01,-1.75753783449e-04
1.47017045455e+00,2.15909090909e-01,-1.05452270069e-04
1.49005681818e+00,2.15909090909e-01,-3.51507566897e-05
6.34943181818e-01,2.38636363636e-01,-3.02365785128e-03
6.54829545455e-01,2.38636363636e-01,-2.95092312188e-03
6.74715909091e-01,2.38636363636e-01,-2.87818839248e-03
6.94602272727e-01,2.38636363636e-01,-2.80545366308e-03
7.14488636364e-01,2.38636363636e-01,-2.73271893368e-03
7.34375000000e-01,2.38636363636e-01,-2.65454583956e-03
7.54261363636e-01,2.38636363636e-01,-2.58926739429e-03
7.74147727273e-01,2.38636363636e-01,-2.51508356148e-03
7.94034090909e-01,2.38636363636e-01,-2.44089972868e-03
8.13920454545e-01,2.38636363636e-01,-2.36671589588e-03
8.33806818182e-01,2.38636363636e-01,-2.29253206307e-03
8.53693181818e-01,2.38636363636e-01,-2.21917771269e-03
8.73579545455e-01,2.38636363636e-01,-2.14665284473e-03
8.93465909091e-01,2.38636363636e-01,-2.07412797677e-03
9.13352272727e-01,2.38636363636e-01,-2.00160310880e-03
9.33238636364e-01,2.38636363636e-01,-1.92907824084e-03
9.53125000000e-01,2.38636363636e-01,-1.86910817058e-03
9.73011363636e-01,2.38636363636e-01,-1.81137156878e-03
9.92897727273e-01,2.38636363636e-01,-1.74016824386e-03
1.01278409091e+00,2.38636363636e-01,-1.66896491894e-03
1.03267045455e+00,2.38636363636e-01,-1.59776159402e-03
1.05255681818e+00,2.38636363636e-01,-1.52655826910e-03
1.07244318182e+00,2.38636363636e-01,-1.45571795696e-03
1.09232954545e+00,2.38636363636e-01,-1.38524065759e-03
1.11221590909e+00,2.38636363636e-01,-1.31476335823e-03
1.13210227273e+00,2.38636363636e-01,-1.24428605886e-03
1.15198863636e+00,2.38636363636e-01,-1.17380875949e-03
1.17187500000e+00,2.38636363636e-01,-1.11701484377e-03
1.19176136364e+00,2.38636363636e-01,-1.06058285828e-03
1.21164772727e+00,2.38636363636e-01,-9.90414962441e-04
1.23153409091e+00,2.38636363636e-01,-9.20247066599e-04
1.25142045455e+00,2.38636363636e-01,-8.50079170756e-04
1.27130681818e+00,2.38636363636e-01,-7.79911274914e-04
1.29119318182e+00,2.38636363636e-01,-7.09761326268e-04
1.31107954545e+00,2.38636363636e-01,-6.39629324819e-04
1.33096590909e+00,2.38636363636e-01,-5.69497323370e-04
1.35085227273e+00,2.38636363636e-01,-4.99365321921e-04
1.37073863636e+00,2.38636363636e-01,-4.29233320472e-04
1.39062500000e+00,2.38636363636e-01,-3.72863829196e-04
1.41051136364e+00,2.38636363636e-01,-3.16356810208e-04
1.43039772727e+00,2.38636363636e-01,-2.46055296828e-04
1.45028409091e+00,2.38636363636e-01,-1.75753783449e-04
1.47017045455e+00,2.38636363636e-01,-1.05452270069e-04
1.49005681818e+00,2.38636363636e-01,-3.51507566897e-05
6.34943181818e-01,2.61363636364e-01,-3.15515554022e-03
6.54829545455e-01,2.61363636364e-01,-3.08242081082e-03
6.74715909091e-01,2.61363636364e-01,-3.00968608142e-03
6.94602272727e-01,2.61363636364e-01,-2.93695135202e-03
7.14488636364e-01,2.61363636364e-01,-2.86421662263e-03
7.34375000000e-01,2.61363636364e-01,-2.78836317636e-03
7.54261363636e-01,2.61363636364e-01,-2.70987800510e-03
7.74147727273e-01,2.61363636364e-01,-2.63569417230e-03
7.94034090909e-01,2.61363636364e-01,-2.56151033950e-03
8.13920454545e-01,2.61363636364e-01,-2.48732650669e-03
8.33806818182e-01,2.61363636364e-01,-2.41314267389e-03
8.53693181818e-01,2.61363636364e-01,-2.33978832351e-03
8.73579545455e-01,2.61363636364e-01,-2.26726345554e-03
8.93465909091e-01,2.61363636364e-01,-2.19473858758e-03
9.13352272727e-01,2.61363636364e-01,-2.12221371962e-03
9.33238636364e-01,2.61363636364e-01,-2.04968885166e-03
9.53125000000e-01,2.61363636364e-01,-1.97147591674e-03
9.73011363636e-01,2.61363636364e-01,-1.89385371987e-03
9.92897727273e-01,2.61363636364e-01,-1.82265039495e-03
1.01278409091e+00,2.61363636364e-01,-1.75144707003e-03
1.03267045455e+00,2.61363636364e-01,-1.68024374511e-03
1.05255681818e+00,2.61363636364e-01,-1.60904042019e-03
1.07244318182e+00,2.61363636364e-01,-1.53820010805e-03
1.09232954545e+00,2.61363636364e-01,-1.46772280868e-03
1.11221590909e+00,2.61363636364e-01,-1.39724550932e-03
1.13210227273e+00,2.61363636364e-01,-1.32676820995e-03
1.15198863636e+00,2.61363636364e-01,-1.25629091058e-03
1.17187500000e+00,2.61363636364e-01,-1.17907381950e-03
1.19176136364e+00,2.61363636364e-01,-1.10203271660e-03
1.21164772727e+00,2.61363636364e-01,-1.03186482076e-03
1.23153409091e+00,2.61363636364e-01,-9.61696924913e-04
1.25142045455e+00,2.61363636364e-01,-8.91529029071e-04
1.27130681818e+00,2.61363636364e-01,-8.21361133228e-04
1.29119318182e+00,2.61363636364e-01,-7.51211184583e-04
1.31107954545e+00,2.61363636364e-01,-6.81079183134e-04
1.33096590909e+00,2.61363636364e-01,-6.10947181685e-04
1.35085227273e+00,2.61363636364e-01,-5.40815180236e-04
1.37073863636e+00,2.61363636364e-01,-4.70683178787e-04
1.39062500000e+00,2.61363636364e-01,-3.93619470377e-04
1.41051136364e+00,2.61363636364e-01,-3.16356810208e-04
1.43039772727e+00,2.61363636364e-01,-2.46055296828e-04
1.45028409091e+00,2.61363636364e-01,-1.75753783449e-04
1.47017045455e+00,2.61363636364e-01,-1.05452270069e-04
1.49005681818e+00,2.61363636364e-01,-3.51507566897e-05
6.34943181818e-01,2.84090909091e-01,-3.24922123374e-03
6.54829545455e-01,2.84090909091e-01,-3.17648650434e-03
6.74715909091e-01,2.84090909091e-01,-3.10375177494e-03
6.94602272727e-01,2.84090909091e-01,-3.03101704554e-03
7.14488636364e-01,2.84090909091e-01,-2.95516359928e-03
7.34375000000e-01,2.84090909091e-01,-2.87619143615e-03
7.54261363636e-01,2.84090909091e-01,-2.79340492643e-03
7.74147727273e-01,2.84090909091e-01,-2.71491975517e-03
7.94034090909e-01,2.84090909091e-01,-2.64073592237e-03
8.13920454545e-01,2.84090909091e-01,-2.56655208956e-03
8.33806818182e-01,2.84090909091e-01,-2.49236825676e-03
8.53693181818e-01,2.84090909091e-01,-2.41901390638e-03
8.73579545455e-01,2.84090909091e-01,-2.34648903842e-03
8.93465909091e-01,2.84090909091e-01,-2.27396417045e-03
9.13352272727e-01,2.84090909091e-01,-2.20143930249e-03
9.33238636364e-01,2.84090909091e-01,-2.12322636758e-03
9.53125000000e-01,2.84090909091e-01,-2.03932536570e-03
9.73011363636e-01,2.84090909091e-01,-1.95528429687e-03
9.92897727273e-01,2.84090909091e-01,-1.87766209999e-03
1.01278409091e+00,2.84090909091e-01,-1.80645877508e-03
1.03267045455e+00,2.84090909091e-01,-1.73525545016e-03
1.05255681818e+00,2.84090909091e-01,-1.66405212524e-03
1.07244318182e+00,2.84090909091e-01,-1.59321181310e-03
1.09232954545e+00,2.84090909091e-01,-1.52273451373e-03
1.11221590909e+00,2.84090909091e-01,-1.45225721436e-03
1.13210227273e+00,2.84090909091e-01,-1.38177991500e-03
1.15198863636e+00,2.84090909091e-01,-1.30456282392e-03
1.17187500000e+00,2.84090909091e-01,-1.22060594113e-03
1.19176136364e+00,2.84090909091e-01,-1.13669163116e-03
1.21164772727e+00,2.84090909091e-01,-1.05965052826e-03
1.23153409091e+00,2.84090909091e-01,-9.89482632416e-04
1.25142045455e+00,2.84090909091e-01,-9.19314736573e-04
1.27130681818e+00,2.84090909091e-01,-8.49146840731e-04
1.29119318182e+00,2.84090909091e-01,-7.78996892085e-04
1.31107954545e+00,2.84090909091e-01,-7.08864890636e-04
1.33096590909e+00,2.84090909091e-01,-6.38732889187e-04
1.35085227273e+00,2.84090909091e-01,-5.68600887738e-04
1.37073863636e+00,2.84090909091e-01,-4.91537179328e-04
1.39062500000e+00,2.84090909091e-01,-4.07541763956e-04
1.41051136364e+00,2.84090909091e-01,-3.23317956997e-04
1.43039772727e+00,2.84090909091e-01,-2.46055296828e-04
1.45028409091e+00,2.84090909091e-01,-1.75753783449e-04
1.47017045455e+00,2.84090909091e-01,-1.05452270069e-04
1.49005681818e+00,2.84090909091e-01,-3.51507566897e-05
6.34943181818e-01,3.06818181818e-01,-3.34328692725e-03
6.54829545455e-01,3.06818181818e-01,-3.27055219785e-03
6.74715909091e-01,3.06818181818e-01,-3.19781746846e-03
6.94602272727e-01,3.06818181818e-01,-3.12196402219e-03
7.14488636364e-01,3.06818181818e-01,-3.04299185906e-03
7.34375000000e-01,3.06818181818e-01,-2.96401969593e-03
7.54261363636e-01,3.06818181818e-01,-2.88123318622e-03
7.74147727273e-01,3.06818181818e-01,-2.79844667650e-03
7.94034090909e-01,3.06818181818e-01,-2.71996150524e-03
8.13920454545e-01,3.06818181818e-01,-2.64577767244e-03
8.33806818182e-01,3.06818181818e-01,-2.57159383963e-03
8.53693181818e-01,3.06818181818e-01,-2.49823948925e-03
8.73579545455e-01,3.06818181818e-01,-2.42571462129e-03
8.93465909091e-01,3.06818181818e-01,-2.35318975333e-03
9.13352272727e-01,3.06818181818e-01,-2.27497681841e-03
9.33238636364e-01,3.06818181818e-01,-2.19107581654e-03
9.53125000000e-01,3.06818181818e-01,-2.10717481466e-03
9.73011363636e-01,3.06818181818e-01,-2.02313374583e-03
9.92897727273e-01,3.06818181818e-01,-1.93909267700e-03
1.01278409091e+00,3.06818181818e-01,-1.86147048012e-03
1.03267045455e+00,3.06818181818e-01,-1.79026715521e-03
1.05255681818e+00,3.06818181818e-01,-1.71906383029e-03
1.07244318182e+00,3.06818181818e-01,-1.64822351814e-03
1.09232954545e+00,3.06818181818e-01,-1.57774621878e-03
1.11221590909e+00,3.06818181818e-01,-1.50726891941e-03
1.13210227273e+00,3.06818181818e-01,-1.43005182833e-03
1.15198863636e+00,3.06818181818e-01,-1.34609494554e-03
1.17187500000e+00,3.06818181818e-01,-1.26213806275e-03
1.19176136364e+00,3.06818181818e-01,-1.17822375279e-03
1.21164772727e+00,3.06818181818e-01,-1.09430944282e-03
1.23153409091e+00,3.06818181818e-01,-1.01726833992e-03
1.25142045455e+00,3.06818181818e-01,-9.47100444075e-04
1.27130681818e+00,3.06818181818e-01,-8.76932548233e-04
1.29119318182e+00,3.06818181818e-01,-8.06782599587e-04
1.31107954545e+00,3.06818181818e-01,-7.36650598138e-04
1.33096590909e+00,3.06818181818e-01,-6.66518596689e-04
1.35085227273e+00,3.06818181818e-01,-5.89454888279e-04
1.37073863636e+00,3.06818181818e-01,-5.05459472907e-04
1.39062500000e+00,3.06818181818e-01,-4.21464057536e-04
1.41051136364e+00,3.06818181818e-01,-3.37240250577e-04
1.43039772727e+00,3.06818181818e-01,-2.53016443618e-04
1.45028409091e+00,3.06818181818e-01,-1.75753783449e-04
1.47017045455e+00,3.06818181818e-01,-1.05452270069e-04
1.49005681818e+00,3.06818181818e-01,-3.51507566897e-05
6.34943181818e-01,3.29545454545e-01,-3.43735262077e-03
6.54829545455e-01,3.29545454545e-01,-3.36461789137e-03
6.74715909091e-01,3.29545454545e-01,-3.28876444511e-03
6.94602272727e-01,3.29545454545e-01,-3.20979228198e-03
7.14488636364e-01,3.29545454545e-01,-3.13082011885e-03
7.34375000000e-01,3.29545454545e-01,-3.05184795572e-03
7.54261363636e-01,3.29545454545e-01,-2.96906144600e-03
7.74147727273e-01,3.29545454545e-01,-2.88627493629e-03
7.94034090909e-01,3.29545454545e-01,-2.80348842657e-03
8.13920454545e-01,3.29545454545e-01,-2.72500325531e-03
8.33806818182e-01,3.29545454545e-01,-2.65081942251e-03
8.53693181818e-01,3.29545454545e-01,-2.57746507212e-03
8.73579545455e-01,3.29545454545e-01,-2.50494020416e-03
8.93465909091e-01,3.29545454545e-01,-2.42672726924e-03
9.13352272727e-01,3.29545454545e-01,-2.34282626737e-03
9.33238636364e-01,3.29545454545e-01,-2.25892526550e-03
9.53125000000e-01,3.29545454545e-01,-2.17502426363e-03
9.73011363636e-01,3.29545454545e-01,-2.09098319479e-03
9.92897727273e-01,3.29545454545e-01,-2.00694212596e-03
1.01278409091e+00,3.29545454545e-01,-1.92290105713e-03
1.03267045455e+00,3.29545454545e-01,-1.84527886025e-03
1.05255681818e+00,3.29545454545e-01,-1.77407553533e-03
1.07244318182e+00,3.29545454545e-01,-1.70323522319e-03
1.09232954545e+00,3.29545454545e-01,-1.63275792382e-03
1.11221590909e+00,3.29545454545e-01,-1.55554083275e-03
1.13210227273e+00,3.29545454545e-01,-1.47158394996e-03
1.15198863636e+00,3.29545454545e-01,-1.38762706717e-03
1.17187500000e+00,3.29545454545e-01,-1.30367018438e-03
1.19176136364e+00,3.29545454545e-01,-1.21975587441e-03
1.21164772727e+00,3.29545454545e-01,-1.13584156445e-03
1.23153409091e+00,3.29545454545e-01,-1.05192725448e-03
1.25142045455e+00,3.29545454545e-01,-9.74886151577e-04
1.27130681818e+00,3.29545454545e-01,-9.04718255735e-04
1.29119318182e+00,3.29545454545e-01,-8.34568307089e-04
1.31107954545e+00,3.29545454545e-01,-7.64436305640e-04
1.33096590909e+00,3.29545454545e-01,-6.87372597230e-04
1.35085227273e+00,3.29545454545e-01,-6.03377181858e-04
1.37073863636e+00,3.29545454545e-01,-5.19381766487e-04
1.39062500000e+00,3.29545454545e-01,-4.35386351115e-04
1.41051136364e+00,3.29545454545e-01,-3.51162544156e-04
1.43039772727e+00,3.29545454545e-01,-2.66938737197e-04
1.45028409091e+00,3.29545454545e-01,-1.82714930238e-04
1.47017045455e+00,3.29545454545e-01,-1.05452270069e-04
1.49005681818e+00,3.29545454545e-01,-3.51507566897e-05
6.34943181818e-01,3.52272727273e-01,-3.53141831428e-03
6.54829545455e-01,3.52272727273e-01,-3.45556486802e-03
6.74715909091e-01,3.52272727273e-01,-3.37659270489e-03
6.94602272727e-01,3.52272727273e-01,-3.29762054176e-03
7.14488636364e-01,3.52272727273e-01,-3.21864837863e-03
7.34375000000e-01,3.52272727273e-01,-3.13967621550e-03
7.54261363636e-01,3.52272727273e-01,-3.05688970579e-03
7.74147727273e-01,3.52272727273e-01,-2.97410319607e-03
7.94034090909e-01,3.52272727273e-01,-2.89131668636e-03
8.13920454545e-01,3.52272727273e-01,-2.80853017664e-03
8.33806818182e-01,3.52272727273e-01,-2.73004500538e-03
8.53693181818e-01,3.52272727273e-01,-2.65669065500e-03
8.73579545455e-01,3.52272727273e-01,-2.57847772008e-03
8.93465909091e-01,3.52272727273e-01,-2.49457671821e-03
9.13352272727e-01,3.52272727273e-01,-2.41067571633e-03
9.33238636364e-01,3.52272727273e-01,-2.32677471446e-03
9.53125000000e-01,3.52272727273e-01,-2.24287371259e-03
9.73011363636e-01,3.52272727273e-01,-2.15883264376e-03
9.92897727273e-01,3.52272727273e-01,-2.07479157492e-03
1.01278409091e+00,3.52272727273e-01,-1.99075050609e-03
1.03267045455e+00,3.52272727273e-01,-1.90670943726e-03
1.05255681818e+00,3.52272727273e-01,-1.82908724038e-03
1.07244318182e+00,3.52272727273e-01,-1.75824692824e-03
1.09232954545e+00,3.52272727273e-01,-1.68102983716e-03
1.11221590909e+00,3.52272727273e-01,-1.59707295437e-03
1.13210227273e+00,3.52272727273e-01,-1.51311607158e-03
1.15198863636e+00,3.52272727273e-01,-1.42915918879e-03
1.17187500000e+00,3.52272727273e-01,-1.34520230600e-03
1.19176136364e+00,3.52272727273e-01,-1.26128799604e-03
1.21164772727e+00,3.52272727273e-01,-1.17737368607e-03
1.23153409091e+00,3.52272727273e-01,-1.09345937611e-03
1.25142045455e+00,3.52272727273e-01,-1.00954506614e-03
1.27130681818e+00,3.52272727273e-01,-9.32503963237e-04
1.29119318182e+00,3.52272727273e-01,-8.62354014591e-04
1.31107954545e+00,3.52272727273e-01,-7.85290306181e-04
1.33096590909e+00,3.52272727273e-01,-7.01294890809e-04
1.35085227273e+00,3.52272727273e-01,-6.17299475438e-04
1.37073863636e+00,3.52272727273e-01,-5.33304060066e-04
1.39062500000e+00,3.52272727273e-01,-4.49308644695e-04
1.41051136364e+00,3.52272727273e-01,-3.65084837736e-04
1.43039772727e+00,3.52272727273e-01,-2.80861030777e-04
1.45028409091e+00,3.52272727273e-01,-1.96637223818e-04
1.47017045455e+00,3.52272727273e-01,-1.12413416859e-04
1.49005681818e+00,3.52272727273e-01,-3.51507566897e-05
6.34943181818e-01,3.75000000000e-01,-3.62236529094e-03
6.54829545455e-01,3.75000000000e-01,-3.54339312781e-03
6.74715909091e-01,3.75000000000e-01,-3.46442096468e-03
6.94602272727e-01,3.75000000000e-01,-3.38544880155e-03
7.14488636364e-01,3.75000000000e-01,-3.30647663842e-03
7.34375000000e-01,3.75000000000e-01,-3.22750447529e-03
7.54261363636e-01,3.75000000000e-01,-3.14471796557e-03
7.74147727273e-01,3.75000000000e-01,-3.06193145586e-03
7.94034090909e-01,3.75000000000e-01,-2.97914494614e-03
8.13920454545e-01,3.75000000000e-01,-2.89635843642e-03
8.33806818182e-01,3.75000000000e-01,-2.81357192671e-03
8.53693181818e-01,3.75000000000e-01,-2.73022817091e-03
8.73579545455e-01,3.75000000000e-01,-2.64632716904e-03
8.93465909091e-01,3.75000000000e-01,-2.56242616717e-03
9.13352272727e-01,3.75000000000e-01,-2.47852516530e-03
9.33238636364e-01,3.75000000000e-01,-2.39462416342e-03
9.53125000000e-01,3.75000000000e-01,-2.31072316155e-03
9.73011363636e-01,3.75000000000e-01,-2.22668209272e-03
9.92897727273e-01,3.75000000000e-01,-2.14264102388e-03
1.01278409091e+00,3.75000000000e-01,-2.05859995505e-03
1.03267045455e+00,3.75000000000e-01,-1.97455888622e-03
1.05255681818e+00,3.75000000000e-01,-1.89051781739e-03
1.07244318182e+00,3.75000000000e-01,-1.80651884158e-03
1.09232954545e+00,3.75000000000e-01,-1.72256195879e-03
1.11221590909e+00,3.75000000000e-01,-1.63860507600e-03
1.13210227273e+00,3.75000000000e-01,-1.55464819321e-03
1.15198863636e+00,3.75000000000e-01,-1.47069131042e-03
1.17187500000e+00,3.75000000000e-01,-1.38673442763e-03
1.19176136364e+00,3.75000000000e-01,-1.30282011766e-03
1.21164772727e+00,3.75000000000e-01,-1.21890580770e-03
1.23153409091e+00,3.75000000000e-01,-1.13499149773e-03
1.25142045455e+00,3.75000000000e-01,-1.05107718777e-03
1.27130681818e+00,3.75000000000e-01,-9.67162877801e-04
1.29119318182e+00,3.75000000000e-01,-8.83208015132e-04
1.31107954545e+00,3.75000000000e-01,-7.99212599761e-04
1.33096590909e+00,3.75000000000e-01,-7.15217184389e-04
1.35085227273e+00,3.75000000000e-01,-6.31221769017e-04
1.37073863636e+00,3.75000000000e-01,-5.47226353646e-04
1.39062500000e+00,3.75000000000e-01,-4.63230938274e-04
1.41051136364e+00,3.75000000000e-01,-3.79007131315e-04
1.43039772727e+00,3.75000000000e-01,-2.94783324356e-04
1.45028409091e+00,3.75000000000e-01,-2.10559517397e-04
1.47017045455e+00,3.75000000000e-01,-1.26335710438e-04
1.49005681818e+00,3.75000000000e-01,-4.21119034795e-05
6.34943181818e-01,3.97727272727e-01,-3.63160502176e-03
6.54829545455e-01,3.97727272727e-01,-3.55229570983e-03
6.74715909091e-01,3.97727272727e-01,-3.47332354670e-03
6.94602272727e-01,3.97727272727e-01,-3.39435138357e-03
7.14488636364e-01,3.97727272727e-01,-3.31537922044e-03
7.34375000000e-01,3.97727272727e-01,-3.23640705732e-03
7.54261363636e-01,3.97727272727e-01,-3.15334120817e-03
7.74147727273e-01,3.97727272727e-01,-3.07055469845e-03
7.94034090909e-01,3.97727272727e-01,-2.98776818874e-03
8.13920454545e-01,3.97727272727e-01,-2.90498167902e-03
8.33806818182e-01,3.97727272727e-01,-2.82219516930e-03
8.53693181818e-01,3.97727272727e-01,-2.73885141351e-03
8.73579545455e-01,3.97727272727e-01,-2.65495041164e-03
8.93465909091e-01,3.97727272727e-01,-2.57104940976e-03
9.13352272727e-01,3.97727272727e-01,-2.48714840789e-03
9.33238636364e-01,3.97727272727e-01,-2.40324740602e-03
9.53125000000e-01,3.97727272727e-01,-2.31856907011e-03
9.73011363636e-01,3.97727272727e-01,-2.23452800128e-03
9.92897727273e-01,3.97727272727e-01,-2.15048693245e-03
1.01278409091e+00,3.97727272727e-01,-2.06644586361e-03
1.03267045455e+00,3.97727272727e-01,-1.98240479478e-03
1.05255681818e+00,3.97727272727e-01,-1.89774508388e-03
1.07244318182e+00,3.97727272727e-01,-1.81237245402e-03
1.09232954545e+00,3.97727272727e-01,-1.72766055925e-03
1.11221590909e+00,3.97727272727e-01,-1.64370367646e-03
1.13210227273e+00,3.97727272727e-01,-1.55974679367e-03
1.15198863636e+00,3.97727272727e-01,-1.47578991088e-03
1.17187500000e+00,3.97727272727e-01,-1.39183302809e-03
1.19176136364e+00,3.97727272727e-01,-1.30791871812e-03
1.21164772727e+00,3.97727272727e-01,-1.22400440816e-03
1.23153409091e+00,3.97727272727e-01,-1.14009009819e-03
1.25142045455e+00,3.97727272727e-01,-1.05617578823e-03
1.27130681818e+00,3.97727272727e-01,-9.71437568633e-04
1.29119318182e+00,3.97727272727e-01,-8.86658796337e-04
1.31107954545e+00,3.97727272727e-01,-8.02663380965e-04
1.33096590909e+00,3.97727272727e-01,-7.18667965593e-04
1.35085227273e+00,3.97727272727e-01,-6.34672550222e-04
1.37073863636e+00,3.97727272727e-01,-5.50677134850e-04
1.39062500000e+00,3.97727272727e-01,-4.64969586421e-04
1.41051136364e+00,3.97727272727e-01,-3.80745779462e-04
1.43039772727e+00,3.97727272727e-01,-2.96521972503e-04
1.45028409091e+00,3.97727272727e-01,-2.12298165544e-04
1.47017045455e+00,3.97727272727e-01,-1.28074358585e-04
1.49005681818e+00,3.97727272727e-01,-4.29812275527e-05
6.34943181818e-01,4.20454545455e-01,-3.64118190139e-03
6.54829545455e-01,4.20454545455e-01,-3.56153544066e-03
6.74715909091e-01,4.20454545455e-01,-3.48222612873e-03
6.94602272727e-01,4.20454545455e-01,-3.40325396560e-03
7.14488636364e-01,4.20454545455e-01,-3.32428180247e-03
7.34375000000e-01,4.20454545455e-01,-3.24530963934e-03
7.54261363636e-01,4.20454545455e-01,-3.16224379019e-03
7.74147727273e-01,4.20454545455e-01,-3.07917794105e-03
7.94034090909e-01,4.20454545455e-01,-2.99639143133e-03
8.13920454545e-01,4.20454545455e-01,-2.91360492161e-03
8.33806818182e-01,4.20454545455e-01,-2.83081841190e-03
8.53693181818e-01,4.20454545455e-01,-2.74747465610e-03
8.73579545455e-01,4.20454545455e-01,-2.66357365423e-03
8.93465909091e-01,4.20454545455e-01,-2.57967265236e-03
9.13352272727e-01,4.20454545455e-01,-2.49577165048e-03
9.33238636364e-01,4.20454545455e-01,-2.41109331458e-03
9.53125000000e-01,4.20454545455e-01,-2.32641497867e-03
9.73011363636e-01,4.20454545455e-01,-2.24237390984e-03
9.92897727273e-01,4.20454545455e-01,-2.15833284101e-03
1.01278409091e+00,4.20454545455e-01,-2.07429177218e-03
1.03267045455e+00,4.20454545455e-01,-1.98963206128e-03
1.05255681818e+00,4.20454545455e-01,-1.90435370831e-03
1.07244318182e+00,4.20454545455e-01,-1.81898107845e-03
1.09232954545e+00,4.20454545455e-01,-1.73351417169e-03
1.11221590909e+00,4.20454545455e-01,-1.64880227692e-03
1.13210227273e+00,4.20454545455e-01,-1.56484539413e-03
1.15198863636e+00,4.20454545455e-01,-1.48088851134e-03
1.17187500000e+00,4.20454545455e-01,-1.39693162855e-03
1.19176136364e+00,4.20454545455e-01,-1.31301731858e-03
1.21164772727e+00,4.20454545455e-01,-1.22910300862e-03
1.23153409091e+00,4.20454545455e-01,-1.14518869865e-03
1.25142045455e+00,4.20454545455e-01,-1.06045047906e-03
1.27130681818e+00,4.20454545455e-01,-9.74888349837e-04
1.29119318182e+00,4.20454545455e-01,-8.90109577541e-04
1.31107954545e+00,4.20454545455e-01,-8.06114162169e-04
1.33096590909e+00,4.20454545455e-01,-7.22118746798e-04
1.35085227273e+00,4.20454545455e-01,-6.38123331426e-04
1.37073863636e+00,4.20454545455e-01,-5.52415782997e-04
1.39062500000e+00,4.20454545455e-01,-4.66708234567e-04
1.41051136364e+00,4.20454545455e-01,-3.82484427608e-04
1.43039772727e+00,4.20454545455e-01,-2.98260620649e-04
1.45028409091e+00,4.20454545455e-01,-2.14036813690e-04
1.47017045455e+00,4.20454545455e-01,-1.28943682658e-04
1.49005681818e+00,4.20454545455e-01,-4.29812275527e-05
6.34943181818e-01,4.43181818182e-01,-3.65075878101e-03
6.54829545455e-01,4.43181818182e-01,-3.57111232028e-03
6.74715909091e-01,4.43181818182e-01,-3.49146585955e-03
6.94602272727e-01,4.43181818182e-01,-3.41215654762e-03
7.14488636364e-01,4.43181818182e-01,-3.33318438450e-03
7.34375000000e-01,4.43181818182e-01,-3.25421222137e-03
7.54261363636e-01,4.43181818182e-01,-3.17114637222e-03
7.74147727273e-01,4.43181818182e-01,-3.08808052307e-03
7.94034090909e-01,4.43181818182e-01,-3.00501467392e-03
8.13920454545e-01,4.43181818182e-01,-2.92222816421e-03
8.33806818182e-01,4.43181818182e-01,-2.83944165449e-03
8.53693181818e-01,4.43181818182e-01,-2.75609789870e-03
8.73579545455e-01,4.43181818182e-01,-2.67219689682e-03
8.93465909091e-01,4.43181818182e-01,-2.58829589495e-03
9.13352272727e-01,4.43181818182e-01,-2.50361755905e-03
9.33238636364e-01,4.43181818182e-01,-2.41893922314e-03
9.53125000000e-01,4.43181818182e-01,-2.33426088724e-03
9.73011363636e-01,4.43181818182e-01,-2.25021981840e-03
9.92897727273e-01,4.43181818182e-01,-2.16617874957e-03
1.01278409091e+00,4.43181818182e-01,-2.08151903867e-03
1.03267045455e+00,4.43181818182e-01,-1.99624068571e-03
1.05255681818e+00,4.43181818182e-01,-1.91096233274e-03
1.07244318182e+00,4.43181818182e-01,-1.82558970288e-03
1.09232954545e+00,4.43181818182e-01,-1.74012279612e-03
1.11221590909e+00,4.43181818182e-01,-1.65465588936e-03
1.13210227273e+00,4.43181818182e-01,-1.56994399459e-03
1.15198863636e+00,4.43181818182e-01,-1.48598711180e-03
1.17187500000e+00,4.43181818182e-01,-1.40203022901e-03
1.19176136364e+00,4.43181818182e-01,-1.31811591904e-03
1.21164772727e+00,4.43181818182e-01,-1.23420160908e-03
1.23153409091e+00,4.43181818182e-01,-1.14946338948e-03
1.25142045455e+00,4.43181818182e-01,-1.06390126026e-03
1.27130681818e+00,4.43181818182e-01,-9.78339131042e-04
1.29119318182e+00,4.43181818182e-01,-8.93560358745e-04
1.31107954545e+00,4.43181818182e-01,-8.09564943374e-04
1.33096590909e+00,4.43181818182e-01,-7.25569528002e-04
1.35085227273e+00,4.43181818182e-01,-6.39861979573e-04
1.37073863636e+00,4.43181818182e-01,-5.54154431143e-04
1.39062500000e+00,4.43181818182e-01,-4.68446882714e-04
1.41051136364e+00,4.43181818182e-01,-3.84223075755e-04
1.43039772727e+00,4.43181818182e-01,-2.99999268796e-04
1.45028409091e+00,4.43181818182e-01,-2.14906137764e-04
1.47017045455e+00,4.43181818182e-01,-1.28943682658e-04
1.49005681818e+00,4.43181818182e-01,-4.29812275527e-05
6.34943181818e-01,4.65909090909e-01,-3.66033566064e-03
6.54829545455e-01,4.65909090909e-01,-3.58068919991e-03
6.74715909091e-01,4.65909090909e-01,-3.50104273918e-03
6.94602272727e-01,4.65909090909e-01,-3.42139627845e-03
7.14488636364e-01,4.65909090909e-01,-3.34208696652e-03
7.34375000000e-01,4.65909090909e-01,-3.26311480339e-03
7.54261363636e-01,4.65909090909e-01,-3.18004895424e-03
7.74147727273e-01,4.65909090909e-01,-3.09698310510e-03
7.94034090909e-01,4.65909090909e-01,-3.01391725595e-03
8.13920454545e-01,4.65909090909e-01,-2.93085140680e-03
8.33806818182e-01,4.65909090909e-01,-2.84806489709e-03
8.53693181818e-01,4.65909090909e-01,-2.76472114129e-03
8.73579545455e-01,4.65909090909e-01,-2.68082013942e-03
8.93465909091e-01,4.65909090909e-01,-2.59614180351e-03
9.13352272727e-01,4.65909090909e-01,-2.51146346761e-03
9.33238636364e-01,4.65909090909e-01,-2.42678513170e-03
9.53125000000e-01,4.65909090909e-01,-2.34210679580e-03
9.73011363636e-01,4.65909090909e-01,-2.25806572696e-03
9.92897727273e-01,4.65909090909e-01,-2.17340601607e-03
1.01278409091e+00,4.65909090909e-01,-2.08812766310e-03
1.03267045455e+00,4.65909090909e-01,-2.00284931014e-03
1.05255681818e+00,4.65909090909e-01,-1.91757095718e-03
1.07244318182e+00,4.65909090909e-01,-1.83219832731e-03
1.09232954545e+00,4.65909090909e-01,-1.74673142055e-03
1.11221590909e+00,4.65909090909e-01,-1.66126451379e-03
1.13210227273e+00,4.65909090909e-01,-1.57579760703e-03
1.15198863636e+00,4.65909090909e-01,-1.49108571226e-03
1.17187500000e+00,4.65909090909e-01,-1.40712882947e-03
1.19176136364e+00,4.65909090909e-01,-1.32321451950e-03
1.21164772727e+00,4.65909090909e-01,-1.23847629991e-03
1.23153409091e+00,4.65909090909e-01,-1.15291417069e-03
1.25142045455e+00,4.65909090909e-01,-1.06735204147e-03
1.27130681818e+00,4.65909090909e-01,-9.81789912246e-04
1.29119318182e+00,4.65909090909e-01,-8.97011139950e-04
1.31107954545e+00,4.65909090909e-01,-8.13015724578e-04
1.33096590909e+00,4.65909090909e-01,-7.27308176149e-04
1.35085227273e+00,4.65909090909e-01,-6.41600627719e-04
1.37073863636e+00,4.65909090909e-01,-5.55893079290e-04
1.39062500000e+00,4.65909090909e-01,-4.70185530860e-04
1.41051136364e+00,4.65909090909e-01,-3.85961723901e-04
1.43039772727e+00,4.65909090909e-01,-3.00868592869e-04
1.45028409091e+00,4.65909090909e-01,-2.14906137764e-04
1.47017045455e+00,4.65909090909e-01,-1.28943682658e-04
1.49005681818e+00,4.65909090909e-01,-4.29812275527e-05
6.34943181818e-01,4.88636363636e-01,-3.66991254026e-03
6.54829545455e-01,4.88636363636e-01,-3.59026607953e-03
6.74715909091e-01,4.88636363636e-01,-3.51061961880e-03
6.94602272727e-01,4.88636363636e-01,-3.43097315808e-03
7.14488636364e-01,4.88636363636e-01,-3.35132669735e-03
7.34375000000e-01,4.88636363636e-01,-3.27201738542e-03
7.54261363636e-01,4.88636363636e-01,-3.18895153627e-03
7.74147727273e-01,4.88636363636e-01,-3.10588568712e-03
7.94034090909e-01,4.88636363636e-01,-3.02281983798e-03
8.13920454545e-01,4.88636363636e-01,-2.93975398883e-03
8.33806818182e-01,4.88636363636e-01,-2.85668813968e-03
8.53693181818e-01,4.88636363636e-01,-2.77334438389e-03
8.73579545455e-01,4.88636363636e-01,-2.68866604798e-03
8.93465909091e-01,4.88636363636e-01,-2.60398771208e-03
9.13352272727e-01,4.88636363636e-01,-2.51930937617e-03
9.33238636364e-01,4.88636363636e-01,-2.43463104026e-03
9.53125000000e-01,4.88636363636e-01,-2.34995270436e-03
9.73011363636e-01,4.88636363636e-01,-2.26529299346e-03
9.92897727273e-01,4.88636363636e-01,-2.18001464050e-03
1.01278409091e+00,4.88636363636e-01,-2.09473628753e-03
1.03267045455e+00,4.88636363636e-01,-2.00945793457e-03
1.05255681818e+00,4.88636363636e-01,-1.92417958161e-03
1.07244318182e+00,4.88636363636e-01,-1.83880695174e-03
1.09232954545e+00,4.88636363636e-01,-1.75334004498e-03
1.11221590909e+00,4.88636363636e-01,-1.66787313822e-03
1.13210227273e+00,4.88636363636e-01,-1.58240623146e-03
1.15198863636e+00,4.88636363636e-01,-1.49693932470e-03
1.17187500000e+00,4.88636363636e-01,-1.41222742993e-03
1.19176136364e+00,4.88636363636e-01,-1.32748921034e-03
1.21164772727e+00,4.88636363636e-01,-1.24192708111e-03
1.23153409091e+00,4.88636363636e-01,-1.15636495189e-03
1.25142045455e+00,4.88636363636e-01,-1.07080282267e-03
1.27130681818e+00,4.88636363636e-01,-9.85240693451e-04
1.29119318182e+00,4.88636363636e-01,-9.00461921154e-04
1.31107954545e+00,4.88636363636e-01,-8.14754372725e-04
1.33096590909e+00,4.88636363636e-01,-7.29046824295e-04
1.35085227273e+00,4.88636363636e-01,-6.43339275866e-04
1.37073863636e+00,4.88636363636e-01,-5.57631727436e-04
1.39062500000e+00,4.88636363636e-01,-4.71924179007e-04
1.41051136364e+00,4.88636363636e-01,-3.86831047975e-04
1.43039772727e+00,4.88636363636e-01,-3.00868592869e-04
1.45028409091e+00,4.88636363636e-01,-2.14906137764e-04
1.47017045455e+00,4.88636363636e-01,-1.28943682658e-04
1.49005681818e+00,4.88636363636e-01,-4.29812275527e-05
6.34943181818e-01,5.11363636364e-01,-3.64442735133e-03
6.54829545455e-01,5.11363636364e-01,-3.56478089060e-03
6.74715909091e-01,5.11363636364e-01,-3.48513442987e-03
6.94602272727e-01,5.11363636364e-01,-3.40548796914e-03
7.14488636364e-01,5.11363636364e-01,-3.32584150841e-03
7.34375000000e-01,5.11363636364e-01,-3.24619504769e-03
7.54261363636e-01,5.11363636364e-01,-3.16312919854e-03
7.74147727273e-01,5.11363636364e-01,-3.08006334939e-03
7.94034090909e-01,5.11363636364e-01,-2.99699750024e-03
8.13920454545e-01,5.11363636364e-01,-2.91393165110e-03
8.33806818182e-01,5.11363636364e-01,-2.83086580195e-03
8.53693181818e-01,5.11363636364e-01,-2.75506516892e-03
8.73579545455e-01,5.11363636364e-01,-2.67038683302e-03
8.93465909091e-01,5.11363636364e-01,-2.58570849711e-03
9.13352272727e-01,5.11363636364e-01,-2.50103016121e-03
9.33238636364e-01,5.11363636364e-01,-2.41635182530e-03
9.53125000000e-01,5.11363636364e-01,-2.33167348940e-03
9.73011363636e-01,5.11363636364e-01,-2.25074220529e-03
9.92897727273e-01,5.11363636364e-01,-2.16546385233e-03
1.01278409091e+00,5.11363636364e-01,-2.08018549937e-03
1.03267045455e+00,5.11363636364e-01,-1.99490714640e-03
1.05255681818e+00,5.11363636364e-01,-1.90962879344e-03
1.07244318182e+00,5.11363636364e-01,-1.82425616358e-03
1.09232954545e+00,5.11363636364e-01,-1.73878925682e-03
1.11221590909e+00,5.11363636364e-01,-1.65332235006e-03
1.13210227273e+00,5.11363636364e-01,-1.56785544330e-03
1.15198863636e+00,5.11363636364e-01,-1.48238853654e-03
1.17187500000e+00,5.11363636364e-01,-1.40134936369e-03
1.19176136364e+00,5.11363636364e-01,-1.32024907899e-03
1.21164772727e+00,5.11363636364e-01,-1.23468694977e-03
1.23153409091e+00,5.11363636364e-01,-1.14912482055e-03
1.25142045455e+00,5.11363636364e-01,-1.06356269133e-03
1.27130681818e+00,5.11363636364e-01,-9.78000562106e-04
1.29119318182e+00,5.11363636364e-01,-8.96843407272e-04
1.31107954545e+00,5.11363636364e-01,-8.11135858843e-04
1.33096590909e+00,5.11363636364e-01,-7.25428310413e-04
1.35085227273e+00,5.11363636364e-01,-6.39720761984e-04
1.37073863636e+00,5.11363636364e-01,-5.54013213554e-04
1.39062500000e+00,5.11363636364e-01,-4.68305665125e-04
1.41051136364e+00,5.11363636364e-01,-3.82343210020e-04
1.43039772727e+00,5.11363636364e-01,-2.96380754914e-04
1.45028409091e+00,5.11363636364e-01,-2.10418299809e-04
1.47017045455e+00,5.11363636364e-01,-1.24455844703e-04
1.49005681818e+00,5.11363636364e-01,-3.84933895977e-05
6.34943181818e-01,5.34090909091e-01,-3.57645175441e-03
6.54829545455e-01,5.34090909091e-01,-3.50423363311e-03
6.74715909091e-01,5.34090909091e-01,-3.42458717238e-03
6.94602272727e-01,5.34090909091e-01,-3.34494071165e-03
7.14488636364e-01,5.34090909091e-01,-3.26529425093e-03
7.34375000000e-01,5.34090909091e-01,-3.18564779020e-03
7.54261363636e-01,5.34090909091e-01,-3.10258194105e-03
7.74147727273e-01,5.34090909091e-01,-3.01951609190e-03
7.94034090909e-01,5.34090909091e-01,-2.93645024275e-03
8.13920454545e-01,5.34090909091e-01,-2.85338439361e-03
8.33806818182e-01,5.34090909091e-01,-2.77811091377e-03
8.53693181818e-01,5.34090909091e-01,-2.70231028075e-03
8.73579545455e-01,5.34090909091e-01,-2.62598249453e-03
8.93465909091e-01,5.34090909091e-01,-2.54130415863e-03
9.13352272727e-01,5.34090909091e-01,-2.45662582272e-03
9.33238636364e-01,5.34090909091e-01,-2.37194748682e-03
9.53125000000e-01,5.34090909091e-01,-2.28726915091e-03
9.73011363636e-01,5.34090909091e-01,-2.21068493567e-03
9.92897727273e-01,5.34090909091e-01,-2.12975365156e-03
1.01278409091e+00,5.34090909091e-01,-2.04447529860e-03
1.03267045455e+00,5.34090909091e-01,-1.95919694564e-03
1.05255681818e+00,5.34090909091e-01,-1.87391859267e-03
1.07244318182e+00,5.34090909091e-01,-1.78854596281e-03
1.09232954545e+00,5.34090909091e-01,-1.70307905605e-03
1.11221590909e+00,5.34090909091e-01,-1.61761214929e-03
1.13210227273e+00,5.34090909091e-01,-1.53214524253e-03
1.15198863636e+00,5.34090909091e-01,-1.45110606969e-03
1.17187500000e+00,5.34090909091e-01,-1.37449463076e-03
1.19176136364e+00,5.34090909091e-01,-1.29785619058e-03
1.21164772727e+00,5.34090909091e-01,-1.21675590588e-03
1.23153409091e+00,5.34090909091e-01,-1.13119377666e-03
1.25142045455e+00,5.34090909091e-01,-1.04563164743e-03
1.27130681818e+00,5.34090909091e-01,-9.60069518212e-04
1.29119318182e+00,5.34090909091e-01,-8.78912363379e-04
1.31107954545e+00,5.34090909091e-01,-8.02160182933e-04
1.33096590909e+00,5.34090909091e-01,-7.16452634503e-04
1.35085227273e+00,5.34090909091e-01,-6.30745086074e-04
1.37073863636e+00,5.34090909091e-01,-5.45037537644e-04
1.39062500000e+00,5.34090909091e-01,-4.59329989215e-04
1.41051136364e+00,5.34090909091e-01,-3.73367534110e-04
1.43039772727e+00,5.34090909091e-01,-2.87405079004e-04
1.45028409091e+00,5.34090909091e-01,-2.01442623899e-04
1.47017045455e+00,5.34090909091e-01,-1.15480168793e-04
1.49005681818e+00,5.34090909091e-01,-3.84933895977e-05
6.34943181818e-01,5.56818181818e-01,-3.50847615749e-03
6.54829545455e-01,5.56818181818e-01,-3.43625803619e-03
6.74715909091e-01,5.56818181818e-01,-3.36403991489e-03
6.94602272727e-01,5.56818181818e-01,-3.28439345417e-03
7.14488636364e-01,5.56818181818e-01,-3.20474699344e-03
7.34375000000e-01,5.56818181818e-01,-3.12510053271e-03
7.54261363636e-01,5.56818181818e-01,-3.04203468356e-03
7.74147727273e-01,5.56818181818e-01,-2.95896883441e-03
7.94034090909e-01,5.56818181818e-01,-2.87590298527e-03
8.13920454545e-01,5.56818181818e-01,-2.80062950543e-03
8.33806818182e-01,5.56818181818e-01,-2.72535602560e-03
8.53693181818e-01,5.56818181818e-01,-2.64955539257e-03
8.73579545455e-01,5.56818181818e-01,-2.57322760636e-03
8.93465909091e-01,5.56818181818e-01,-2.49689982014e-03
9.13352272727e-01,5.56818181818e-01,-2.41222148424e-03
9.33238636364e-01,5.56818181818e-01,-2.32754314833e-03
9.53125000000e-01,5.56818181818e-01,-2.24286481243e-03
9.73011363636e-01,5.56818181818e-01,-2.16628059718e-03
9.92897727273e-01,5.56818181818e-01,-2.08969638194e-03
1.01278409091e+00,5.56818181818e-01,-2.00876509784e-03
1.03267045455e+00,5.56818181818e-01,-1.92348674487e-03
1.05255681818e+00,5.56818181818e-01,-1.83820839191e-03
1.07244318182e+00,5.56818181818e-01,-1.75283576205e-03
1.09232954545e+00,5.56818181818e-01,-1.66736885529e-03
1.11221590909e+00,5.56818181818e-01,-1.58190194853e-03
1.13210227273e+00,5.56818181818e-01,-1.50086277568e-03
1.15198863636e+00,5.56818181818e-01,-1.42425133676e-03
1.17187500000e+00,5.56818181818e-01,-1.34763989783e-03
1.19176136364e+00,5.56818181818e-01,-1.27100145765e-03
1.21164772727e+00,5.56818181818e-01,-1.19436301746e-03
1.23153409091e+00,5.56818181818e-01,-1.11326273276e-03
1.25142045455e+00,5.56818181818e-01,-1.02770060354e-03
1.27130681818e+00,5.56818181818e-01,-9.42138474319e-04
1.29119318182e+00,5.56818181818e-01,-8.60981319485e-04
1.31107954545e+00,5.56818181818e-01,-7.84229139039e-04
1.33096590909e+00,5.56818181818e-01,-7.07476958593e-04
1.35085227273e+00,5.56818181818e-01,-6.21769410164e-04
1.37073863636e+00,5.56818181818e-01,-5.36061861734e-04
1.39062500000e+00,5.56818181818e-01,-4.50354313305e-04
1.41051136364e+00,5.56818181818e-01,-3.64391858200e-04
1.43039772727e+00,5.56818181818e-01,-2.78429403094e-04
1.45028409091e+00,5.56818181818e-01,-1.92466947989e-04
1.47017045455e+00,5.56818181818e-01,-1.15480168793e-04
1.49005681818e+00,5.56818181818e-01,-3.84933895977e-05
6.34943181818e-01,5.79545454545e-01,-3.44050056057e-03
6.54829545455e-01,5.79545454545e-01,-3.36828243927e-03
6.74715909091e-01,5.79545454545e-01,-3.29606431797e-03
6.94602272727e-01,5.79545454545e-01,-3.22384619668e-03
7.14488636364e-01,5.79545454545e-01,-3.14419973595e-03
7.34375000000e-01,5.79545454545e-01,-3.06455327522e-03
7.54261363636e-01,5.79545454545e-01,-2.98148742607e-03
7.74147727273e-01,5.79545454545e-01,-2.89842157692e-03
7.94034090909e-01,5.79545454545e-01,-2.82314809709e-03
8.13920454545e-01,5.79545454545e-01,-2.74787461725e-03
8.33806818182e-01,5.79545454545e-01,-2.67260113742e-03
8.53693181818e-01,5.79545454545e-01,-2.59680050440e-03
8.73579545455e-01,5.79545454545e-01,-2.52047271818e-03
8.93465909091e-01,5.79545454545e-01,-2.44414493197e-03
9.13352272727e-01,5.79545454545e-01,-2.36781714575e-03
9.33238636364e-01,5.79545454545e-01,-2.28313880985e-03
9.53125000000e-01,5.79545454545e-01,-2.19846047394e-03
9.73011363636e-01,5.79545454545e-01,-2.12187625870e-03
9.92897727273e-01,5.79545454545e-01,-2.04529204345e-03
1.01278409091e+00,5.79545454545e-01,-1.96870782821e-03
1.03267045455e+00,5.79545454545e-01,-1.88777654411e-03
1.05255681818e+00,5.79545454545e-01,-1.80249819114e-03
1.07244318182e+00,5.79545454545e-01,-1.71712556128e-03
1.09232954545e+00,5.79545454545e-01,-1.63165865452e-03
1.11221590909e+00,5.79545454545e-01,-1.55061948168e-03
1.13210227273e+00,5.79545454545e-01,-1.47400804275e-03
1.15198863636e+00,5.79545454545e-01,-1.39739660383e-03
1.17187500000e+00,5.79545454545e-01,-1.32078516490e-03
1.19176136364e+00,5.79545454545e-01,-1.24414672472e-03
1.21164772727e+00,5.79545454545e-01,-1.16750828453e-03
1.23153409091e+00,5.79545454545e-01,-1.09086984435e-03
1.25142045455e+00,5.79545454545e-01,-1.00976955965e-03
1.27130681818e+00,5.79545454545e-01,-9.24207430425e-04
1.29119318182e+00,5.79545454545e-01,-8.43050275591e-04
1.31107954545e+00,5.79545454545e-01,-7.66298095146e-04
1.33096590909e+00,5.79545454545e-01,-6.89545914700e-04
1.35085227273e+00,5.79545454545e-01,-6.12793734254e-04
1.37073863636e+00,5.79545454545e-01,-5.27086185824e-04
1.39062500000e+00,5.79545454545e-01,-4.41378637395e-04
1.41051136364e+00,5.79545454545e-01,-3.55416182290e-04
1.43039772727e+00,5.79545454545e-01,-2.69453727184e-04
1.45028409091e+00,5.79545454545e-01,-1.92466947989e-04
1.47017045455e+00,5.79545454545e-01,-1.15480168793e-04
1.49005681818e+00,5.79545454545e-01,-3.84933895977e-05
6.34943181818e-01,6.02272727273e-01,-3.37252496365e-03
6.54829545455e-01,6.02272727273e-01,-3.30030684235e-03
6.74715909091e-01,6.02272727273e-01,-3.22808872105e-03
6.94602272727e-01,6.02272727273e-01,-3.15587059976e-03
7.14488636364e-01,6.02272727273e-01,-3.08365247846e-03
7.34375000000e-01,6.02272727273e-01,-3.00400601773e-03
7.54261363636e-01,6.02272727273e-01,-2.92094016858e-03
7.74147727273e-01,6.02272727273e-01,-2.84566668875e-03
7.94034090909e-01,6.02272727273e-01,-2.77039320891e-03
8.13920454545e-01,6.02272727273e-01,-2.69511972908e-03
8.33806818182e-01,6.02272727273e-01,-2.61984624924e-03
8.53693181818e-01,6.02272727273e-01,-2.54404561622e-03
8.73579545455e-01,6.02272727273e-01,-2.46771783000e-03
8.93465909091e-01,6.02272727273e-01,-2.39139004379e-03
9.13352272727e-01,6.02272727273e-01,-2.31506225758e-03
9.33238636364e-01,6.02272727273e-01,-2.23873447136e-03
9.53125000000e-01,6.02272727273e-01,-2.15405613546e-03
9.73011363636e-01,6.02272727273e-01,-2.07747192021e-03
9.92897727273e-01,6.02272727273e-01,-2.00088770497e-03
1.01278409091e+00,6.02272727273e-01,-1.92430348972e-03
1.03267045455e+00,6.02272727273e-01,-1.84771927448e-03
1.05255681818e+00,6.02272727273e-01,-1.76678799038e-03
1.07244318182e+00,6.02272727273e-01,-1.68141536052e-03
1.09232954545e+00,6.02272727273e-01,-1.60037618767e-03
1.11221590909e+00,6.02272727273e-01,-1.52376474875e-03
1.13210227273e+00,6.02272727273e-01,-1.44715330982e-03
1.15198863636e+00,6.02272727273e-01,-1.37054187090e-03
1.17187500000e+00,6.02272727273e-01,-1.29393043197e-03
1.19176136364e+00,6.02272727273e-01,-1.21729199179e-03
1.21164772727e+00,6.02272727273e-01,-1.14065355160e-03
1.23153409091e+00,6.02272727273e-01,-1.06401511142e-03
1.25142045455e+00,6.02272727273e-01,-9.87376671234e-04
1.27130681818e+00,6.02272727273e-01,-9.06276386531e-04
1.29119318182e+00,6.02272727273e-01,-8.25119231698e-04
1.31107954545e+00,6.02272727273e-01,-7.48367051252e-04
1.33096590909e+00,6.02272727273e-01,-6.71614870806e-04
1.35085227273e+00,6.02272727273e-01,-5.94862690360e-04
1.37073863636e+00,6.02272727273e-01,-5.18110509914e-04
1.39062500000e+00,6.02272727273e-01,-4.32402961485e-04
1.41051136364e+00,6.02272727273e-01,-3.46440506380e-04
1.43039772727e+00,6.02272727273e-01,-2.69453727184e-04
1.45028409091e+00,6.02272727273e-01,-1.92466947989e-04
1.47017045455e+00,6.02272727273e-01,-1.15480168793e-04
1.49005681818e+00,6.02272727273e-01,-3.84933895977e-05
6.34943181818e-01,6.25000000000e-01,-3.30454936673e-03
6.54829545455e-01,6.25000000000e-01,-3.23233124543e-03
6.74715909091e-01,6.25000000000e-01,-3.16011312413e-03
6.94602272727e-01,6.25000000000e-01,-3.08789500284e-03
7.14488636364e-01,6.25000000000e-01,-3.01567688154e-03
7.34375000000e-01,6.25000000000e-01,-2.94345876024e-03
7.54261363636e-01,6.25000000000e-01,-2.86818528041e-03
7.74147727273e-01,6.25000000000e-01,-2.79291180057e-03
7.94034090909e-01,6.25000000000e-01,-2.71763832074e-03
8.13920454545e-01,6.25000000000e-01,-2.64236484090e-03
8.33806818182e-01,6.25000000000e-01,-2.56709136107e-03
8.53693181818e-01,6.25000000000e-01,-2.49129072804e-03
8.73579545455e-01,6.25000000000e-01,-2.41496294183e-03
8.93465909091e-01,6.25000000000e-01,-2.33863515561e-03
9.13352272727e-01,6.25000000000e-01,-2.26230736940e-03
9.33238636364e-01,6.25000000000e-01,-2.18597958318e-03
9.53125000000e-01,6.25000000000e-01,-2.10965179697e-03
9.73011363636e-01,6.25000000000e-01,-2.03306758173e-03
9.92897727273e-01,6.25000000000e-01,-1.95648336648e-03
1.01278409091e+00,6.25000000000e-01,-1.87989915124e-03
1.03267045455e+00,6.25000000000e-01,-1.80331493600e-03
1.05255681818e+00,6.25000000000e-01,-1.72673072075e-03
1.07244318182e+00,6.25000000000e-01,-1.65013289367e-03
1.09232954545e+00,6.25000000000e-01,-1.57352145474e-03
1.11221590909e+00,6.25000000000e-01,-1.49691001582e-03
1.13210227273e+00,6.25000000000e-01,-1.42029857689e-03
1.15198863636e+00,6.25000000000e-01,-1.34368713797e-03
1.17187500000e+00,6.25000000000e-01,-1.26707569904e-03
1.19176136364e+00,6.25000000000e-01,-1.19043725886e-03
1.21164772727e+00,6.25000000000e-01,-1.11379881867e-03
1.23153409091e+00,6.25000000000e-01,-1.03716037849e-03
1.25142045455e+00,6.25000000000e-01,-9.60521938303e-04
1.27130681818e+00,6.25000000000e-01,-8.83883498119e-04
1.29119318182e+00,6.25000000000e-01,-8.07188187804e-04
1.31107954545e+00,6.25000000000e-01,-7.30436007358e-04
1.33096590909e+00,6.25000000000e-01,-6.53683826912e-04
1.35085227273e+00,6.25000000000e-01,-5.76931646467e-04
1.37073863636e+00,6.25000000000e-01,-5.00179466021e-04
1.39062500000e+00,6.25000000000e-01,-4.23427285575e-04
1.41051136364e+00,6.25000000000e-01,-3.46440506380e-04
1.43039772727e+00,6.25000000000e-01,-2.69453727184e-04
1.45028409091e+00,6.25000000000e-01,-1.92466947989e-04
1.47017045455e+00,6.25000000000e-01,-1.15480168793e-04
1.49005681818e+00,6.25000000000e-01,-3.84933895977e-05
6.34943181818e-01,6.47727272727e-01,-3.17203681932e-03
6.54829545455e-01,6.47727272727e-01,-3.09981869803e-03
6.74715909091e-01,6.47727272727e-01,-3.02760057673e-03
6.94602272727e-01,6.47727272727e-01,-2.95538245543e-03
7.14488636364e-01,6.47727272727e-01,-2.88316433413e-03
7.34375000000e-01,6.47727272727e-01,-2.82300212492e-03
7.54261363636e-01,6.47727272727e-01,-2.76192120511e-03
7.74147727273e-01,6.47727272727e-01,-2.68664772528e-03
7.94034090909e-01,6.47727272727e-01,-2.61137424544e-03
8.13920454545e-01,6.47727272727e-01,-2.53610076561e-03
8.33806818182e-01,6.47727272727e-01,-2.46082728577e-03
8.53693181818e-01,6.47727272727e-01,-2.38502665275e-03
8.73579545455e-01,6.47727272727e-01,-2.30869886653e-03
8.93465909091e-01,6.47727272727e-01,-2.23237108032e-03
9.13352272727e-01,6.47727272727e-01,-2.15604329410e-03
9.33238636364e-01,6.47727272727e-01,-2.07971550789e-03
9.53125000000e-01,6.47727272727e-01,-2.01972521434e-03
9.73011363636e-01,6.47727272727e-01,-1.94314099910e-03
9.92897727273e-01,6.47727272727e-01,-1.86655678386e-03
1.01278409091e+00,6.47727272727e-01,-1.78997256861e-03
1.03267045455e+00,6.47727272727e-01,-1.71338835337e-03
1.05255681818e+00,6.47727272727e-01,-1.64552368465e-03
1.07244318182e+00,6.47727272727e-01,-1.58660278333e-03
1.09232954545e+00,6.47727272727e-01,-1.51894872363e-03
1.11221590909e+00,6.47727272727e-01,-1.44233728471e-03
1.13210227273e+00,6.47727272727e-01,-1.36572584578e-03
1.15198863636e+00,6.47727272727e-01,-1.28911440686e-03
1.17187500000e+00,6.47727272727e-01,-1.21250296793e-03
1.19176136364e+00,6.47727272727e-01,-1.13586452775e-03
1.21164772727e+00,6.47727272727e-01,-1.05922608756e-03
1.23153409091e+00,6.47727272727e-01,-9.82587647377e-04
1.25142045455e+00,6.47727272727e-01,-9.05949207193e-04
1.27130681818e+00,6.47727272727e-01,-8.38366674990e-04
1.29119318182e+00,6.47727272727e-01,-7.70727272656e-04
1.31107954545e+00,6.47727272727e-01,-6.93975092210e-04
1.33096590909e+00,6.47727272727e-01,-6.17222911765e-04
1.35085227273e+00,6.47727272727e-01,-5.40470731319e-04
1.37073863636e+00,6.47727272727e-01,-4.63718550873e-04
1.39062500000e+00,6.47727272727e-01,-4.05169682051e-04
1.41051136364e+00,6.47727272727e-01,-3.46440506380e-04
1.43039772727e+00,6.47727272727e-01,-2.69453727184e-04
1.45028409091e+00,6.47727272727e-01,-1.92466947989e-04
1.47017045455e+00,6.47727272727e-01,-1.15480168793e-04
1.49005681818e+00,6.47727272727e-01,-3.84933895977e-05
6.34943181818e-01,6.70454545455e-01,-3.03952427192e-03
6.54829545455e-01,6.70454545455e-01,-2.96730615062e-03
6.74715909091e-01,6.70454545455e-01,-2.89508802932e-03
6.94602272727e-01,6.70454545455e-01,-2.82286990802e-03
7.14488636364e-01,6.70454545455e-01,-2.76270769881e-03
7.34375000000e-01,6.70454545455e-01,-2.70254548959e-03
7.54261363636e-01,6.70454545455e-01,-2.64146456979e-03
7.74147727273e-01,6.70454545455e-01,-2.58038364998e-03
7.94034090909e-01,6.70454545455e-01,-2.50511017015e-03
8.13920454545e-01,6.70454545455e-01,-2.42983669031e-03
8.33806818182e-01,6.70454545455e-01,-2.35456321048e-03
8.53693181818e-01,6.70454545455e-01,-2.27876257745e-03
8.73579545455e-01,6.70454545455e-01,-2.20243479124e-03
8.93465909091e-01,6.70454545455e-01,-2.12610700502e-03
9.13352272727e-01,6.70454545455e-01,-2.04977921881e-03
9.33238636364e-01,6.70454545455e-01,-1.98978892526e-03
9.53125000000e-01,6.70454545455e-01,-1.92979863172e-03
9.73011363636e-01,6.70454545455e-01,-1.85321441647e-03
9.92897727273e-01,6.70454545455e-01,-1.77663020123e-03
1.01278409091e+00,6.70454545455e-01,-1.70004598598e-03
1.03267045455e+00,6.70454545455e-01,-1.63218131727e-03
1.05255681818e+00,6.70454545455e-01,-1.57303619508e-03
1.07244318182e+00,6.70454545455e-01,-1.51411529375e-03
1.09232954545e+00,6.70454545455e-01,-1.45541861329e-03
1.11221590909e+00,6.70454545455e-01,-1.38776455360e-03
1.13210227273e+00,6.70454545455e-01,-1.31115311467e-03
1.15198863636e+00,6.70454545455e-01,-1.23454167574e-03
1.17187500000e+00,6.70454545455e-01,-1.15793023682e-03
1.19176136364e+00,6.70454545455e-01,-1.08129179664e-03
1.21164772727e+00,6.70454545455e-01,-1.00465335645e-03
1.23153409091e+00,6.70454545455e-01,-9.28014916267e-04
1.25142045455e+00,6.70454545455e-01,-8.60432384064e-04
1.27130681818e+00,6.70454545455e-01,-8.01905759842e-04
1.29119318182e+00,6.70454545455e-01,-7.34266357508e-04
1.31107954545e+00,6.70454545455e-01,-6.57514177063e-04
1.33096590909e+00,6.70454545455e-01,-5.80761996617e-04
1.35085227273e+00,6.70454545455e-01,-5.04009816171e-04
1.37073863636e+00,6.70454545455e-01,-4.45460947349e-04
1.39062500000e+00,6.70454545455e-01,-3.86912078527e-04
1.41051136364e+00,6.70454545455e-01,-3.28182902855e-04
1.43039772727e+00,6.70454545455e-01,-2.69453727184e-04
1.45028409091e+00,6.70454545455e-01,-1.92466947989e-04
1.47017045455e+00,6.70454545455e-01,-1.15480168793e-04
1.49005681818e+00,6.70454545455e-01,-3.84933895977e-05
6.34943181818e-01,6.93181818182e-01,-2.90701172451e-03
6.54829545455e-01,6.93181818182e-01,-2.83479360321e-03
6.74715909091e-01,6.93181818182e-01,-2.76257548191e-03
6.94602272727e-01,6.93181818182e-01,-2.70241327270e-03
7.14488636364e-01,6.93181818182e-01,-2.64225106348e-03
7.34375000000e-01,6.93181818182e-01,-2.58208885427e-03
7.54261363636e-01,6.93181818182e-01,-2.52100793446e-03
7.74147727273e-01,6.93181818182e-01,-2.45992701466e-03
7.94034090909e-01,6.93181818182e-01,-2.39884609485e-03
8.13920454545e-01,6.93181818182e-01,-2.32357261502e-03
8.33806818182e-01,6.93181818182e-01,-2.24829913518e-03
8.53693181818e-01,6.93181818182e-01,-2.17249850216e-03
8.73579545455e-01,6.93181818182e-01,-2.09617071594e-03
8.93465909091e-01,6.93181818182e-01,-2.01984292973e-03
9.13352272727e-01,6.93181818182e-01,-1.95985263618e-03
9.33238636364e-01,6.93181818182e-01,-1.89986234264e-03
9.53125000000e-01,6.93181818182e-01,-1.83987204909e-03
9.73011363636e-01,6.93181818182e-01,-1.76328783384e-03
9.92897727273e-01,6.93181818182e-01,-1.68670361860e-03
1.01278409091e+00,6.93181818182e-01,-1.61883894988e-03
1.03267045455e+00,6.93181818182e-01,-1.55969382770e-03
1.05255681818e+00,6.93181818182e-01,-1.50054870551e-03
1.07244318182e+00,6.93181818182e-01,-1.44162780418e-03
1.09232954545e+00,6.93181818182e-01,-1.38293112372e-03
1.11221590909e+00,6.93181818182e-01,-1.32423444325e-03
1.13210227273e+00,6.93181818182e-01,-1.25658038356e-03
1.15198863636e+00,6.93181818182e-01,-1.17996894463e-03
1.17187500000e+00,6.93181818182e-01,-1.10335750571e-03
1.19176136364e+00,6.93181818182e-01,-1.02671906552e-03
1.21164772727e+00,6.93181818182e-01,-9.50080625341e-04
1.23153409091e+00,6.93181818182e-01,-8.82498093138e-04
1.25142045455e+00,6.93181818182e-01,-8.23971468916e-04
1.27130681818e+00,6.93181818182e-01,-7.65444844694e-04
1.29119318182e+00,6.93181818182e-01,-6.97805442361e-04
1.31107954545e+00,6.93181818182e-01,-6.21053261915e-04
1.33096590909e+00,6.93181818182e-01,-5.44301081469e-04
1.35085227273e+00,6.93181818182e-01,-4.85752212647e-04
1.37073863636e+00,6.93181818182e-01,-4.27203343825e-04
1.39062500000e+00,6.93181818182e-01,-3.68654475002e-04
1.41051136364e+00,6.93181818182e-01,-3.09925299331e-04
1.43039772727e+00,6.93181818182e-01,-2.51196123660e-04
1.45028409091e+00,6.93181818182e-01,-1.92466947989e-04
1.47017045455e+00,6.93181818182e-01,-1.15480168793e-04
1.49005681818e+00,6.93181818182e-01,-3.84933895977e-05
6.34943181818e-01,7.15909090909e-01,-2.77449917710e-03
6.54829545455e-01,7.15909090909e-01,-2.70228105580e-03
6.74715909091e-01,7.15909090909e-01,-2.64211884659e-03
6.94602272727e-01,7.15909090909e-01,-2.58195663737e-03
7.14488636364e-01,7.15909090909e-01,-2.52179442816e-03
7.34375000000e-01,7.15909090909e-01,-2.46163221895e-03
7.54261363636e-01,7.15909090909e-01,-2.40055129914e-03
7.74147727273e-01,7.15909090909e-01,-2.33947037933e-03
7.94034090909e-01,7.15909090909e-01,-2.27838945953e-03
8.13920454545e-01,7.15909090909e-01,-2.21730853972e-03
8.33806818182e-01,7.15909090909e-01,-2.14203505989e-03
8.53693181818e-01,7.15909090909e-01,-2.06623442686e-03
8.73579545455e-01,7.15909090909e-01,-1.98990664065e-03
8.93465909091e-01,7.15909090909e-01,-1.92991634710e-03
9.13352272727e-01,7.15909090909e-01,-1.86992605356e-03
9.33238636364e-01,7.15909090909e-01,-1.80993576001e-03
9.53125000000e-01,7.15909090909e-01,-1.74994546646e-03
9.73011363636e-01,7.15909090909e-01,-1.67336125122e-03
9.92897727273e-01,7.15909090909e-01,-1.60549658250e-03
1.01278409091e+00,7.15909090909e-01,-1.54635146031e-03
1.03267045455e+00,7.15909090909e-01,-1.48720633812e-03
1.05255681818e+00,7.15909090909e-01,-1.42806121593e-03
1.07244318182e+00,7.15909090909e-01,-1.36914031461e-03
1.09232954545e+00,7.15909090909e-01,-1.31044363414e-03
1.11221590909e+00,7.15909090909e-01,-1.25174695368e-03
1.13210227273e+00,7.15909090909e-01,-1.19305027322e-03
1.15198863636e+00,7.15909090909e-01,-1.12539621352e-03
1.17187500000e+00,7.15909090909e-01,-1.04878477460e-03
1.19176136364e+00,7.15909090909e-01,-9.72146334414e-04
1.21164772727e+00,7.15909090909e-01,-9.04563802211e-04
1.23153409091e+00,7.15909090909e-01,-8.46037177990e-04
1.25142045455e+00,7.15909090909e-01,-7.87510553768e-04
1.27130681818e+00,7.15909090909e-01,-7.28983929547e-04
1.29119318182e+00,7.15909090909e-01,-6.61344527213e-04
1.31107954545e+00,7.15909090909e-01,-5.84592346767e-04
1.33096590909e+00,7.15909090909e-01,-5.26043477945e-04
1.35085227273e+00,7.15909090909e-01,-4.67494609123e-04
1.37073863636e+00,7.15909090909e-01,-4.08945740300e-04
1.39062500000e+00,7.15909090909e-01,-3.50396871478e-04
1.41051136364e+00,7.15909090909e-01,-2.91667695807e-04
1.43039772727e+00,7.15909090909e-01,-2.32938520136e-04
1.45028409091e+00,7.15909090909e-01,-1.74209344464e-04
1.47017045455e+00,7.15909090909e-01,-1.15480168793e-04
1.49005681818e+00,7.15909090909e-01,-3.84933895977e-05
6.34943181818e-01,7.38636363636e-01,-2.64198662969e-03
6.54829545455e-01,7.38636363636e-01,-2.58182442048e-03
6.74715909091e-01,7.38636363636e-01,-2.52166221127e-03
6.94602272727e-01,7.38636363636e-01,-2.46150000205e-03
7.14488636364e-01,7.38636363636e-01,-2.40133779284e-03
7.34375000000e-01,7.38636363636e-01,-2.34117558362e-03
7.54261363636e-01,7.38636363636e-01,-2.28009466382e-03
7.74147727273e-01,7.38636363636e-01,-2.21901374401e-03
7.94034090909e-01,7.38636363636e-01,-2.15793282421e-03
8.13920454545e-01,7.38636363636e-01,-2.09685190440e-03
8.33806818182e-01,7.38636363636e-01,-2.03577098459e-03
8.53693181818e-01,7.38636363636e-01,-1.95997035157e-03
8.73579545455e-01,7.38636363636e-01,-1.89998005802e-03
8.93465909091e-01,7.38636363636e-01,-1.83998976448e-03
9.13352272727e-01,7.38636363636e-01,-1.77999947093e-03
9.33238636364e-01,7.38636363636e-01,-1.72000917738e-03
9.53125000000e-01,7.38636363636e-01,-1.66001888383e-03
9.73011363636e-01,7.38636363636e-01,-1.59215421512e-03
9.92897727273e-01,7.38636363636e-01,-1.53300909293e-03
1.01278409091e+00,7.38636363636e-01,-1.47386397074e-03
1.03267045455e+00,7.38636363636e-01,-1.41471884855e-03
1.05255681818e+00,7.38636363636e-01,-1.35557372636e-03
1.07244318182e+00,7.38636363636e-01,-1.29665282503e-03
1.09232954545e+00,7.38636363636e-01,-1.23795614457e-03
1.11221590909e+00,7.38636363636e-01,-1.17925946411e-03
1.13210227273e+00,7.38636363636e-01,-1.12056278365e-03
1.15198863636e+00,7.38636363636e-01,-1.06186610318e-03
1.17187500000e+00,7.38636363636e-01,-9.94212043488e-04
1.19176136364e+00,7.38636363636e-01,-9.26629511285e-04
1.21164772727e+00,7.38636363636e-01,-8.68102887064e-04
1.23153409091e+00,7.38636363636e-01,-8.09576262842e-04
1.25142045455e+00,7.38636363636e-01,-7.51049638620e-04
1.27130681818e+00,7.38636363636e-01,-6.92523014399e-04
1.29119318182e+00,7.38636363636e-01,-6.24883612065e-04
1.31107954545e+00,7.38636363636e-01,-5.66334743243e-04
1.33096590909e+00,7.38636363636e-01,-5.07785874421e-04
1.35085227273e+00,7.38636363636e-01,-4.49237005598e-04
1.37073863636e+00,7.38636363636e-01,-3.90688136776e-04
1.39062500000e+00,7.38636363636e-01,-3.32139267954e-04
1.41051136364e+00,7.38636363636e-01,-2.73410092283e-04
1.43039772727e+00,7.38636363636e-01,-2.14680916612e-04
1.45028409091e+00,7.38636363636e-01,-1.55951740940e-04
1.47017045455e+00,7.38636363636e-01,-9.72225652690e-05
1.49005681818e+00,7.38636363636e-01,-3.84933895977e-05
6.34943181818e-01,7.61363636364e-01,-2.49551662875e-03
6.54829545455e-01,7.61363636364e-01,-2.43535441954e-03
6.74715909091e-01,7.61363636364e-01,-2.37519221032e-03
6.94602272727e-01,7.61363636364e-01,-2.31503000111e-03
7.14488636364e-01,7.61363636364e-01,-2.25486779189e-03
7.34375000000e-01,7.61363636364e-01,-2.19438682791e-03
7.54261363636e-01,7.61363636364e-01,-2.14288790522e-03
7.74147727273e-01,7.61363636364e-01,-2.08180698542e-03
7.94034090909e-01,7.61363636364e-01,-2.02072606561e-03
8.13920454545e-01,7.61363636364e-01,-1.95964514581e-03
8.33806818182e-01,7.61363636364e-01,-1.89856422600e-03
8.53693181818e-01,7.61363636364e-01,-1.83802861933e-03
8.73579545455e-01,7.61363636364e-01,-1.77803832578e-03
8.93465909091e-01,7.61363636364e-01,-1.71804803223e-03
9.13352272727e-01,7.61363636364e-01,-1.65805773868e-03
9.33238636364e-01,7.61363636364e-01,-1.59806744514e-03
9.53125000000e-01,7.61363636364e-01,-1.55021011593e-03
9.73011363636e-01,7.61363636364e-01,-1.50385353195e-03
9.92897727273e-01,7.61363636364e-01,-1.44470840976e-03
1.01278409091e+00,7.61363636364e-01,-1.38556328758e-03
1.03267045455e+00,7.61363636364e-01,-1.32641816539e-03
1.05255681818e+00,7.61363636364e-01,-1.26727304320e-03
1.07244318182e+00,7.61363636364e-01,-1.20835214187e-03
1.09232954545e+00,7.61363636364e-01,-1.14965546141e-03
1.11221590909e+00,7.61363636364e-01,-1.09095878095e-03
1.13210227273e+00,7.61363636364e-01,-1.03226210048e-03
1.15198863636e+00,7.61363636364e-01,-9.73565420019e-04
1.17187500000e+00,7.61363636364e-01,-9.27823804718e-04
1.19176136364e+00,7.61363636364e-01,-8.82300534265e-04
1.21164772727e+00,7.61363636364e-01,-8.23773910043e-04
1.23153409091e+00,7.61363636364e-01,-7.65247285822e-04
1.25142045455e+00,7.61363636364e-01,-7.06720661600e-04
1.27130681818e+00,7.61363636364e-01,-6.48194037379e-04
1.29119318182e+00,7.61363636364e-01,-5.89656290857e-04
1.31107954545e+00,7.61363636364e-01,-5.31107422034e-04
1.33096590909e+00,7.61363636364e-01,-4.72558553212e-04
1.35085227273e+00,7.61363636364e-01,-4.14009684390e-04
1.37073863636e+00,7.61363636364e-01,-3.55460815568e-04
1.39062500000e+00,7.61363636364e-01,-3.09944665037e-04
1.41051136364e+00,7.61363636364e-01,-2.64281290521e-04
1.43039772727e+00,7.61363636364e-01,-2.05552114849e-04
1.45028409091e+00,7.61363636364e-01,-1.46822939178e-04
1.47017045455e+00,7.61363636364e-01,-8.80937635069e-05
1.49005681818e+00,7.61363636364e-01,-2.93645878356e-05
6.34943181818e-01,7.84090909091e-01,-2.32303326219e-03
6.54829545455e-01,7.84090909091e-01,-2.26287105298e-03
6.74715909091e-01,7.84090909091e-01,-2.20270884376e-03
6.94602272727e-01,7.84090909091e-01,-2.14254663455e-03
7.14488636364e-01,7.84090909091e-01,-2.08206567056e-03
7.34375000000e-01,7.84090909091e-01,-2.02126595180e-03
7.54261363636e-01,7.84090909091e-01,-1.97934902624e-03
7.74147727273e-01,7.84090909091e-01,-1.92785010356e-03
7.94034090909e-01,7.84090909091e-01,-1.86676918375e-03
8.13920454545e-01,7.84090909091e-01,-1.80568826395e-03
8.33806818182e-01,7.84090909091e-01,-1.74460734414e-03
8.53693181818e-01,7.84090909091e-01,-1.68407173747e-03
8.73579545455e-01,7.84090909091e-01,-1.62408144392e-03
8.93465909091e-01,7.84090909091e-01,-1.56409115037e-03
9.13352272727e-01,7.84090909091e-01,-1.50410085682e-03
9.33238636364e-01,7.84090909091e-01,-1.45624352761e-03
9.53125000000e-01,7.84090909091e-01,-1.42051916274e-03
9.73011363636e-01,7.84090909091e-01,-1.38695111698e-03
9.92897727273e-01,7.84090909091e-01,-1.34059453301e-03
1.01278409091e+00,7.84090909091e-01,-1.28144941082e-03
1.03267045455e+00,7.84090909091e-01,-1.22230428863e-03
1.05255681818e+00,7.84090909091e-01,-1.16315916644e-03
1.07244318182e+00,7.84090909091e-01,-1.10423826512e-03
1.09232954545e+00,7.84090909091e-01,-1.04554158465e-03
1.11221590909e+00,7.84090909091e-01,-9.86844904190e-04
1.13210227273e+00,7.84090909091e-01,-9.28148223727e-04
1.15198863636e+00,7.84090909091e-01,-8.82406608427e-04
1.17187500000e+00,7.84090909091e-01,-8.49620058289e-04
1.19176136364e+00,7.84090909091e-01,-8.17100141604e-04
1.21164772727e+00,7.84090909091e-01,-7.71576871151e-04
1.23153409091e+00,7.84090909091e-01,-7.13050246929e-04
1.25142045455e+00,7.84090909091e-01,-6.54523622708e-04
1.27130681818e+00,7.84090909091e-01,-5.95996998486e-04
1.29119318182e+00,7.84090909091e-01,-5.37459251964e-04
1.31107954545e+00,7.84090909091e-01,-4.78910383142e-04
1.33096590909e+00,7.84090909091e-01,-4.20361514320e-04
1.35085227273e+00,7.84090909091e-01,-3.61812645498e-04
1.37073863636e+00,7.84090909091e-01,-3.16296494967e-04
1.39062500000e+00,7.84090909091e-01,-2.83813062727e-04
1.41051136364e+00,7.84090909091e-01,-2.51215489366e-04
1.43039772727e+00,7.84090909091e-01,-2.05552114849e-04
1.45028409091e+00,7.84090909091e-01,-1.46822939178e-04
1.47017045455e+00,7.84090909091e-01,-8.80937635069e-05
1.49005681818e+00,7.84090909091e-01,-2.93645878356e-05
6.34943181818e-01,8.06818181818e-01,-2.15054989563e-03
6.54829545455e-01,8.06818181818e-01,-2.09038768641e-03
6.74715909091e-01,8.06818181818e-01,-2.03022547720e-03
6.94602272727e-01,8.06818181818e-01,-1.96974451321e-03
7.14488636364e-01,8.06818181818e-01,-1.90894479446e-03
7.34375000000e-01,8.06818181818e-01,-1.84814507570e-03
7.54261363636e-01,8.06818181818e-01,-1.80622815014e-03
7.74147727273e-01,8.06818181818e-01,-1.76431122458e-03
7.94034090909e-01,8.06818181818e-01,-1.71281230189e-03
8.13920454545e-01,8.06818181818e-01,-1.65173138209e-03
8.33806818182e-01,8.06818181818e-01,-1.59065046228e-03
8.53693181818e-01,8.06818181818e-01,-1.53011485561e-03
8.73579545455e-01,8.06818181818e-01,-1.47012456206e-03
8.93465909091e-01,8.06818181818e-01,-1.41013426851e-03
9.13352272727e-01,8.06818181818e-01,-1.36227693930e-03
9.33238636364e-01,8.06818181818e-01,-1.32655257443e-03
9.53125000000e-01,8.06818181818e-01,-1.29082820955e-03
9.73011363636e-01,8.06818181818e-01,-1.25726016380e-03
9.92897727273e-01,8.06818181818e-01,-1.22369211804e-03
1.01278409091e+00,8.06818181818e-01,-1.17733553407e-03
1.03267045455e+00,8.06818181818e-01,-1.11819041188e-03
1.05255681818e+00,8.06818181818e-01,-1.05904528969e-03
1.07244318182e+00,8.06818181818e-01,-1.00012438836e-03
1.09232954545e+00,8.06818181818e-01,-9.41427707899e-04
1.11221590909e+00,8.06818181818e-01,-8.82731027436e-04
1.13210227273e+00,8.06818181818e-01,-8.36989412135e-04
1.15198863636e+00,8.06818181818e-01,-8.04202861997e-04
1.17187500000e+00,8.06818181818e-01,-7.71416311859e-04
1.19176136364e+00,8.06818181818e-01,-7.38896395175e-04
1.21164772727e+00,8.06818181818e-01,-7.06376478490e-04
1.23153409091e+00,8.06818181818e-01,-6.60853208037e-04
1.25142045455e+00,8.06818181818e-01,-6.02326583815e-04
1.27130681818e+00,8.06818181818e-01,-5.43799959593e-04
1.29119318182e+00,8.06818181818e-01,-4.85262213072e-04
1.31107954545e+00,8.06818181818e-01,-4.26713344249e-04
1.33096590909e+00,8.06818181818e-01,-3.68164475427e-04
1.35085227273e+00,8.06818181818e-01,-3.22648324896e-04
1.37073863636e+00,8.06818181818e-01,-2.90164892656e-04
1.39062500000e+00,8.06818181818e-01,-2.57681460417e-04
1.41051136364e+00,8.06818181818e-01,-2.25083887055e-04
1.43039772727e+00,8.06818181818e-01,-1.92486313694e-04
1.45028409091e+00,8.06818181818e-01,-1.46822939178e-04
1.47017045455e+00,8.06818181818e-01,-8.80937635069e-05
1.49005681818e+00,8.06818181818e-01,-2.93645878356e-05
6.34943181818e-01,8.29545454545e-01,-1.97806652907e-03
6.54829545455e-01,8.29545454545e-01,-1.91790431985e-03
6.74715909091e-01,8.29545454545e-01,-1.85742335587e-03
6.94602272727e-01,8.29545454545e-01,-1.79662363711e-03
7.14488636364e-01,8.29545454545e-01,-1.73582391835e-03
7.34375000000e-01,8.29545454545e-01,-1.67502419960e-03
7.54261363636e-01,8.29545454545e-01,-1.63310727404e-03
7.74147727273e-01,8.29545454545e-01,-1.59119034847e-03
7.94034090909e-01,8.29545454545e-01,-1.54927342291e-03
8.13920454545e-01,8.29545454545e-01,-1.49777450023e-03
8.33806818182e-01,8.29545454545e-01,-1.43669358042e-03
8.53693181818e-01,8.29545454545e-01,-1.37615797375e-03
8.73579545455e-01,8.29545454545e-01,-1.31616768020e-03
8.93465909091e-01,8.29545454545e-01,-1.26831035099e-03
9.13352272727e-01,8.29545454545e-01,-1.23258598611e-03
9.33238636364e-01,8.29545454545e-01,-1.19686162124e-03
9.53125000000e-01,8.29545454545e-01,-1.16113725637e-03
9.73011363636e-01,8.29545454545e-01,-1.12756921061e-03
9.92897727273e-01,8.29545454545e-01,-1.09400116485e-03
1.01278409091e+00,8.29545454545e-01,-1.06043311910e-03
1.03267045455e+00,8.29545454545e-01,-1.01407653512e-03
1.05255681818e+00,8.29545454545e-01,-9.54931412934e-04
1.07244318182e+00,8.29545454545e-01,-8.96010511608e-04
1.09232954545e+00,8.29545454545e-01,-8.37313831144e-04
1.11221590909e+00,8.29545454545e-01,-7.91572215844e-04
1.13210227273e+00,8.29545454545e-01,-7.58785665706e-04
1.15198863636e+00,8.29545454545e-01,-7.25999115568e-04
1.17187500000e+00,8.29545454545e-01,-6.93212565430e-04
1.19176136364e+00,8.29545454545e-01,-6.60692648745e-04
1.21164772727e+00,8.29545454545e-01,-6.28172732060e-04
1.23153409091e+00,8.29545454545e-01,-5.95652815376e-04
1.25142045455e+00,8.29545454545e-01,-5.50129544923e-04
1.27130681818e+00,8.29545454545e-01,-4.91602920701e-04
1.29119318182e+00,8.29545454545e-01,-4.33065174179e-04
1.31107954545e+00,8.29545454545e-01,-3.74516305357e-04
1.33096590909e+00,8.29545454545e-01,-3.29000154826e-04
1.35085227273e+00,8.29545454545e-01,-2.96516722586e-04
1.37073863636e+00,8.29545454545e-01,-2.64033290346e-04
1.39062500000e+00,8.29545454545e-01,-2.31549858106e-04
1.41051136364e+00,8.29545454545e-01,-1.98952284745e-04
1.43039772727e+00,8.29545454545e-01,-1.66354711384e-04
1.45028409091e+00,8.29545454545e-01,-1.33757138023e-04
1.47017045455e+00,8.29545454545e-01,-8.80937635069e-05
1.49005681818e+00,8.29545454545e-01,-2.93645878356e-05
6.34943181818e-01,8.52272727273e-01,-1.80558316250e-03
6.54829545455e-01,8.52272727273e-01,-1.74510219852e-03
6.74715909091e-01,8.52272727273e-01,-1.68430247976e-03
6.94602272727e-01,8.52272727273e-01,-1.62350276101e-03
7.14488636364e-01,8.52272727273e-01,-1.56270304225e-03
7.34375000000e-01,8.52272727273e-01,-1.50190332349e-03
7.54261363636e-01,8.52272727273e-01,-1.45998639793e-03
7.74147727273e-01,8.52272727273e-01,-1.41806947237e-03
7.94034090909e-01,8.52272727273e-01,-1.37615254681e-03
8.13920454545e-01,8.52272727273e-01,-1.33423562125e-03
8.33806818182e-01,8.52272727273e-01,-1.28273669856e-03
8.53693181818e-01,8.52272727273e-01,-1.22220109189e-03
8.73579545455e-01,8.52272727273e-01,-1.17434376268e-03
8.93465909091e-01,8.52272727273e-01,-1.13861939780e-03
9.13352272727e-01,8.52272727273e-01,-1.10289503293e-03
9.33238636364e-01,8.52272727273e-01,-1.06717066805e-03
9.53125000000e-01,8.52272727273e-01,-1.03144630318e-03
9.73011363636e-01,8.52272727273e-01,-9.97878257422e-04
9.92897727273e-01,8.52272727273e-01,-9.64310211665e-04
1.01278409091e+00,8.52272727273e-01,-9.30742165909e-04
1.03267045455e+00,8.52272727273e-01,-8.97174120152e-04
1.05255681818e+00,8.52272727273e-01,-8.50817536179e-04
1.07244318182e+00,8.52272727273e-01,-7.91896634853e-04
1.09232954545e+00,8.52272727273e-01,-7.46155019552e-04
1.11221590909e+00,8.52272727273e-01,-7.13368469414e-04
1.13210227273e+00,8.52272727273e-01,-6.80581919276e-04
1.15198863636e+00,8.52272727273e-01,-6.47795369138e-04
1.17187500000e+00,8.52272727273e-01,-6.15008819000e-04
1.19176136364e+00,8.52272727273e-01,-5.82488902316e-04
1.21164772727e+00,8.52272727273e-01,-5.49968985631e-04
1.23153409091e+00,8.52272727273e-01,-5.17449068946e-04
1.25142045455e+00,8.52272727273e-01,-4.84929152262e-04
1.27130681818e+00,8.52272727273e-01,-4.39405881808e-04
1.29119318182e+00,8.52272727273e-01,-3.80868135286e-04
1.31107954545e+00,8.52272727273e-01,-3.35351984755e-04
1.33096590909e+00,8.52272727273e-01,-3.02868552516e-04
1.35085227273e+00,8.52272727273e-01,-2.70385120276e-04
1.37073863636e+00,8.52272727273e-01,-2.37901688036e-04
1.39062500000e+00,8.52272727273e-01,-2.05418255796e-04
1.41051136364e+00,8.52272727273e-01,-1.72820682435e-04
1.43039772727e+00,8.52272727273e-01,-1.40223109074e-04
1.45028409091e+00,8.52272727273e-01,-1.07625535713e-04
1.47017045455e+00,8.52272727273e-01,-7.50279623518e-05
1.49005681818e+00,8.52272727273e-01,-2.93645878356e-05
6.34943181818e-01,8.75000000000e-01,-1.63278104117e-03
6.54829545455e-01,8.75000000000e-01,-1.57198132242e-03
6.74715909091e-01,8.75000000000e-01,-1.51118160366e-03
6.94602272727e-01,8.75000000000e-01,-1.45038188490e-03
7.14488636364e-01,8.75000000000e-01,-1.38958216615e-03
7.34375000000e-01,8.75000000000e-01,-1.32878244739e-03
7.54261363636e-01,8.75000000000e-01,-1.28686552183e-03
7.74147727273e-01,8.75000000000e-01,-1.24494859627e-03
7.94034090909e-01,8.75000000000e-01,-1.20303167070e-03
8.13920454545e-01,8.75000000000e-01,-1.16111474514e-03
8.33806818182e-01,8.75000000000e-01,-1.11919781958e-03
8.53693181818e-01,8.75000000000e-01,-1.08037717436e-03
8.73579545455e-01,8.75000000000e-01,-1.04465280949e-03
8.93465909091e-01,8.75000000000e-01,-1.00892844461e-03
9.13352272727e-01,8.75000000000e-01,-9.73204079740e-04
9.33238636364e-01,8.75000000000e-01,-9.37479714866e-04
9.53125000000e-01,8.75000000000e-01,-9.01755349992e-04
9.73011363636e-01,8.75000000000e-01,-8.68187304235e-04
9.92897727273e-01,8.75000000000e-01,-8.34619258479e-04
1.01278409091e+00,8.75000000000e-01,-8.01051212722e-04
1.03267045455e+00,8.75000000000e-01,-7.67483166965e-04
1.05255681818e+00,8.75000000000e-01,-7.33915121208e-04
1.07244318182e+00,8.75000000000e-01,-7.00737823261e-04
1.09232954545e+00,8.75000000000e-01,-6.67951273123e-04
1.11221590909e+00,8.75000000000e-01,-6.35164722985e-04
1.13210227273e+00,8.75000000000e-01,-6.02378172847e-04
1.15198863636e+00,8.75000000000e-01,-5.69591622709e-04
1.17187500000e+00,8.75000000000e-01,-5.36805072571e-04
1.19176136364e+00,8.75000000000e-01,-5.04285155886e-04
1.21164772727e+00,8.75000000000e-01,-4.71765239202e-04
1.23153409091e+00,8.75000000000e-01,-4.39245322517e-04
1.25142045455e+00,8.75000000000e-01,-4.06725405832e-04
1.27130681818e+00,8.75000000000e-01,-3.74205489147e-04
1.29119318182e+00,8.75000000000e-01,-3.41703814685e-04
1.31107954545e+00,8.75000000000e-01,-3.09220382445e-04
1.33096590909e+00,8.75000000000e-01,-2.76736950205e-04
1.35085227273e+00,8.75000000000e-01,-2.44253517966e-04
1.37073863636e+00,8.75000000000e-01,-2.11770085726e-04
1.39062500000e+00,8.75000000000e-01,-1.79286653486e-04
1.41051136364e+00,8.75000000000e-01,-1.46689080125e-04
1.43039772727e+00,8.75000000000e-01,-1.14091506764e-04
1.45028409091e+00,8.75000000000e-01,-8.14939334027e-05
1.47017045455e+00,8.75000000000e-01,-4.88963600416e-05
1.49005681818e+00,8.75000000000e-01,-1.62987866805e-05
6.34943181818e-01,8.97727272727e-01,-1.43782944381e-03
6.54829545455e-01,8.97727272727e-01,-1.33038451380e-03
6.74715909091e-01,8.97727272727e-01,-1.26958479504e-03
6.94602272727e-01,8.97727272727e-01,-1.20878507629e-03
7.14488636364e-01,8.97727272727e-01,-1.14798535753e-03
7.34375000000e-01,8.97727272727e-01,-1.08718563877e-03
7.54261363636e-01,8.97727272727e-01,-1.04526871321e-03
7.74147727273e-01,8.97727272727e-01,-1.00335178765e-03
7.94034090909e-01,8.97727272727e-01,-9.61434862088e-04
8.13920454545e-01,8.97727272727e-01,-9.19517936526e-04
8.33806818182e-01,8.97727272727e-01,-8.98559473745e-04
8.53693181818e-01,8.97727272727e-01,-8.98559473745e-04
8.73579545455e-01,8.97727272727e-01,-8.80697291308e-04
8.93465909091e-01,8.97727272727e-01,-8.44972926434e-04
9.13352272727e-01,8.97727272727e-01,-8.09248561560e-04
9.33238636364e-01,8.97727272727e-01,-7.73524196686e-04
9.53125000000e-01,8.97727272727e-01,-7.37799831812e-04
9.73011363636e-01,8.97727272727e-01,-7.04231786055e-04
9.92897727273e-01,8.97727272727e-01,-6.70663740298e-04
1.01278409091e+00,8.97727272727e-01,-6.37095694541e-04
1.03267045455e+00,8.97727272727e-01,-6.03527648785e-04
1.05255681818e+00,8.97727272727e-01,-5.86743625906e-04
1.07244318182e+00,8.97727272727e-01,-5.86743625906e-04
1.09232954545e+00,8.97727272727e-01,-5.70350350837e-04
1.11221590909e+00,8.97727272727e-01,-5.37563800699e-04
1.13210227273e+00,8.97727272727e-01,-5.04777250561e-04
1.15198863636e+00,8.97727272727e-01,-4.71990700423e-04
1.17187500000e+00,8.97727272727e-01,-4.39204150285e-04
1.19176136364e+00,8.97727272727e-01,-4.06684233601e-04
1.21164772727e+00,8.97727272727e-01,-3.74164316916e-04
1.23153409091e+00,8.97727272727e-01,-3.41644400231e-04
1.25142045455e+00,8.97727272727e-01,-3.09124483546e-04
1.27130681818e+00,8.97727272727e-01,-2.92864525204e-04
1.29119318182e+00,8.97727272727e-01,-2.92864525204e-04
1.31107954545e+00,8.97727272727e-01,-2.76622809084e-04
1.33096590909e+00,8.97727272727e-01,-2.44139376844e-04
1.35085227273e+00,8.97727272727e-01,-2.11655944605e-04
1.37073863636e+00,8.97727272727e-01,-1.79172512365e-04
1.39062500000e+00,8.97727272727e-01,-1.46689080125e-04
1.41051136364e+00,8.97727272727e-01,-1.14091506764e-04
1.43039772727e+00,8.97727272727e-01,-8.14939334027e-05
1.45028409091e+00,8.97727272727e-01,-4.88963600416e-05
1.47017045455e+00,8.97727272727e-01,-1.62987866805e-05
1.49005681818e+00,8.97727272727e-01,0.00000000000e+00
6.34943181818e-01,9.20454545455e-01,-1.28952305771e-03
6.54829545455e-01,9.20454545455e-01,-1.13543291644e-03
6.74715909091e-01,9.20454545455e-01,-1.02798798643e-03
6.94602272727e-01,9.20454545455e-01,-9.67188267670e-04
7.14488636364e-01,9.20454545455e-01,-9.06388548914e-04
7.34375000000e-01,9.20454545455e-01,-8.45588830157e-04
7.54261363636e-01,9.20454545455e-01,-8.03671904595e-04
7.74147727273e-01,9.20454545455e-01,-7.61754979034e-04
7.94034090909e-01,9.20454545455e-01,-7.19838053472e-04
8.13920454545e-01,9.20454545455e-01,-6.98879590691e-04
8.33806818182e-01,9.20454545455e-01,-6.98879590691e-04
8.53693181818e-01,9.20454545455e-01,-6.98879590691e-04
8.73579545455e-01,9.20454545455e-01,-6.98879590691e-04
8.93465909091e-01,9.20454545455e-01,-6.81017408254e-04
9.13352272727e-01,9.20454545455e-01,-6.45293043380e-04
9.33238636364e-01,9.20454545455e-01,-6.09568678505e-04
9.53125000000e-01,9.20454545455e-01,-5.73844313631e-04
9.73011363636e-01,9.20454545455e-01,-5.40276267875e-04
9.92897727273e-01,9.20454545455e-01,-5.06708222118e-04
1.01278409091e+00,9.20454545455e-01,-4.73140176361e-04
1.03267045455e+00,9.20454545455e-01,-4.56356153483e-04
1.05255681818e+00,9.20454545455e-01,-4.56356153483e-04
1.07244318182e+00,9.20454545455e-01,-4.56356153483e-04
1.09232954545e+00,9.20454545455e-01,-4.56356153483e-04
1.11221590909e+00,9.20454545455e-01,-4.39962878414e-04
1.13210227273e+00,9.20454545455e-01,-4.07176328276e-04
1.15198863636e+00,9.20454545455e-01,-3.74389778138e-04
1.17187500000e+00,9.20454545455e-01,-3.41603228000e-04
1.19176136364e+00,9.20454545455e-01,-3.09083311315e-04
1.21164772727e+00,9.20454545455e-01,-2.76563394630e-04
1.23153409091e+00,9.20454545455e-01,-2.44043477946e-04
1.25142045455e+00,9.20454545455e-01,-2.27783519603e-04
1.27130681818e+00,9.20454545455e-01,-2.27783519603e-04
1.29119318182e+00,9.20454545455e-01,-2.27783519603e-04
1.31107954545e+00,9.20454545455e-01,-2.27783519603e-04
1.33096590909e+00,9.20454545455e-01,-2.11541803483e-04
1.35085227273e+00,9.20454545455e-01,-1.79058371243e-04
1.37073863636e+00,9.20454545455e-01,-1.46574939004e-04
1.39062500000e+00,9.20454545455e-01,-1.14091506764e-04
1.41051136364e+00,9.20454545455e-01,-8.14939334027e-05
1.43039772727e+00,9.20454545455e-01,-4.88963600416e-05
1.45028409091e+00,9.20454545455e-01,-1.62987866805e-05
1.47017045455e+00,9.20454545455e-01,0.00000000000e+00
1.49005681818e+00,9.20454545455e-01,0.00000000000e+00
6.34943181818e-01,9.43181818182e-01,-1.14121667160e-03
6.54829545455e-01,9.43181818182e-01,-9.87126530333e-04
6.74715909091e-01,9.43181818182e-01,-8.33036389066e-04
6.94602272727e-01,9.43181818182e-01,-7.25591459054e-04
7.14488636364e-01,9.43181818182e-01,-6.64791740297e-04
7.34375000000e-01,9.43181818182e-01,-6.03992021541e-04
7.54261363636e-01,9.43181818182e-01,-5.62075095979e-04
7.74147727273e-01,9.43181818182e-01,-5.20158170417e-04
7.94034090909e-01,9.43181818182e-01,-4.99199707636e-04
8.13920454545e-01,9.43181818182e-01,-4.99199707636e-04
8.33806818182e-01,9.43181818182e-01,-4.99199707636e-04
8.53693181818e-01,9.43181818182e-01,-4.99199707636e-04
8.73579545455e-01,9.43181818182e-01,-4.99199707636e-04
8.93465909091e-01,9.43181818182e-01,-4.99199707636e-04
9.13352272727e-01,9.43181818182e-01,-4.81337525199e-04
9.33238636364e-01,9.43181818182e-01,-4.45613160325e-04
9.53125000000e-01,9.43181818182e-01,-4.09888795451e-04
9.73011363636e-01,9.43181818182e-01,-3.76320749694e-04
9.92897727273e-01,9.43181818182e-01,-3.42752703937e-04
1.01278409091e+00,9.43181818182e-01,-3.25968681059e-04
1.03267045455e+00,9.43181818182e-01,-3.25968681059e-04
1.05255681818e+00,9.43181818182e-01,-3.25968681059e-04
1.07244318182e+00,9.43181818182e-01,-3.25968681059e-04
1.09232954545e+00,9.43181818182e-01,-3.25968681059e-04
1.11221590909e+00,9.43181818182e-01,-3.25968681059e-04
1.13210227273e+00,9.43181818182e-01,-3.09575405990e-04
1.15198863636e+00,9.43181818182e-01,-2.76788855852e-04
1.17187500000e+00,9.43181818182e-01,-2.44002305714e-04
1.19176136364e+00,9.43181818182e-01,-2.11482389029e-04
1.21164772727e+00,9.43181818182e-01,-1.78962472345e-04
1.23153409091e+00,9.43181818182e-01,-1.62702514002e-04
1.25142045455e+00,9.43181818182e-01,-1.62702514002e-04
1.27130681818e+00,9.43181818182e-01,-1.62702514002e-04
1.29119318182e+00,9.43181818182e-01,-1.62702514002e-04
1.31107954545e+00,9.43181818182e-01,-1.62702514002e-04
1.33096590909e+00,9.43181818182e-01,-1.62702514002e-04
1.35085227273e+00,9.43181818182e-01,-1.46460797882e-04
1.37073863636e+00,9.43181818182e-01,-1.13977365643e-04
1.39062500000e+00,9.43181818182e-01,-8.14939334027e-05
1.41051136364e+00,9.43181818182e-01,-4.88963600416e-05
1.43039772727e+00,9.43181818182e-01,-1.62987866805e-05
1.45028409091e+00,9.43181818182e-01,0.00000000000e+00
1.47017045455e+00,9.43181818182e-01,0.00000000000e+00
1.49005681818e+00,9.43181818182e-01,0.00000000000e+00
6.34943181818e-01,9.65909090909e-01,-9.92910285495e-04
6.54829545455e-01,9.65909090909e-01,-8.38820144228e-04
6.74715909091e-01,9.65909090909e-01,-6.84730002960e-04
6.94602272727e-01,9.65909090909e-01,-5.30639861693e-04
7.14488636364e-01,9.65909090909e-01,-4.23194931681e-04
7.34375000000e-01,9.65909090909e-01,-3.62395212925e-04
7.54261363636e-01,9.65909090909e-01,-3.20478287363e-04
7.74147727273e-01,9.65909090909e-01,-2.99519824582e-04
7.94034090909e-01,9.65909090909e-01,-2.99519824582e-04
8.13920454545e-01,9.65909090909e-01,-2.99519824582e-04
8.33806818182e-01,9.65909090909e-01,-2.99519824582e-04
8.53693181818e-01,9.65909090909e-01,-2.99519824582e-04
8.73579545455e-01,9.65909090909e-01,-2.99519824582e-04
8.93465909091e-01,9.65909090909e-01,-2.99519824582e-04
9.13352272727e-01,9.65909090909e-01,-2.99519824582e-04
9.33238636364e-01,9.65909090909e-01,-2.81657642145e-04
9.53125000000e-01,9.65909090909e-01,-2.45933277271e-04
9.73011363636e-01,9.65909090909e-01,-2.12365231514e-04
9.92897727273e-01,9.65909090909e-01,-1.95581208635e-04
1.01278409091e+00,9.65909090909e-01,-1.95581208635e-04
1.03267045455e+00,9.65909090909e-01,-1.95581208635e-04
1.05255681818e+00,9.65909090909e-01,-1.95581208635e-04
1.07244318182e+00,9.65909090909e-01,-1.95581208635e-04
1.09232954545e+00,9.65909090909e-01,-1.95581208635e-04
1.11221590909e+00,9.65909090909e-01,-1.95581208635e-04
1.13210227273e+00,9.65909090909e-01,-1.95581208635e-04
1.15198863636e+00,9.65909090909e-01,-1.79187933566e-04
1.17187500000e+00,9.65909090909e-01,-1.46401383428e-04
1.19176136364e+00,9.65909090909e-01,-1.13881466744e-04
1.21164772727e+00,9.65909090909e-01,-9.76215084014e-05
1.23153409091e+00,9.65909090909e-01,-9.76215084014e-05
1.25142045455e+00,9.65909090909e-01,-9.76215084014e-05
1.27130681818e+00,9.65909090909e-01,-9.76215084014e-05
1.29119318182e+00,9.65909090909e-01,-9.76215084014e-05
1.31107954545e+00,9.65909090909e-01,-9.76215084014e-05
1.33096590909e+00,9.65909090909e-01,-9.76215084014e-05
1.35085227273e+00,9.65909090909e-01,-9.76215084014e-05
1.37073863636e+00,9.65909090909e-01,-8.13797922815e-05
1.39062500000e+00,9.65909090909e-01,-4.88963600416e-05
1.41051136364e+00,9.65909090909e-01,-1.62987866805e-05
1.43039772727e+00,9.65909090909e-01,0.00000000000e+00
1.45028409091e+00,9.65909090909e-01,0.00000000000e+00
1.47017045455e+00,9.65909090909e-01,0.00000000000e+00
1.49005681818e+00,9.65909090909e-01,0.00000000000e+00
6.34943181818e-01,9.88636363636e-01,-8.44603899390e-04
6.54829545455e-01,9.88636363636e-01,-6.90513758122e-04
6.74715909091e-01,9.88636363636e-01,-5.36423616855e-04
6.94602272727e-01,9.88636363636e-01,-3.82333475588e-04
7.14488636364e-01,9.88636363636e-01,-2.28243334320e-04
7.34375000000e-01,9.88636363636e-01,-1.20798404308e-04
7.54261363636e-01,9.88636363636e-01,-9.98399415273e-05
7.74147727273e-01,9.88636363636e-01,-9.98399415273e-05
7.94034090909e-01,9.88636363636e-01,-9.98399415273e-05
8.13920454545e-01,9.88636363636e-01,-9.98399415273e-05
8.33806818182e-01,9.88636363636e-01,-9.98399415273e-05
8.53693181818e-01,9.88636363636e-01,-9.98399415273e-05
8.73579545455e-01,9.88636363636e-01,-9.98399415273e-05
8.93465909091e-01,9.88636363636e-01,-9.98399415273e-05
9.13352272727e-01,9.88636363636e-01,-9.98399415273e-05
9.33238636364e-01,9.88636363636e-01,-9.98399415273e-05
9.53125000000e-01,9.88636363636e-01,-8.19777590902e-05
9.73011363636e-01,9.88636363636e-01,-6.51937362118e-05
9.92897727273e-01,9.88636363636e-01,-6.51937362118e-05
1.01278409091e+00,9.88636363636e-01,-6.51937362118e-05
1.03267045455e+00,9.88636363636e-01,-6.51937362118e-05
1.05255681818e+00,9.88636363636e-01,-6.51937362118e-05
1.07244318182e+00,9.88636363636e-01,-6.51937362118e-05
1.09232954545e+00,9.88636363636e-01,-6.51937362118e-05
1.11221590909e+00,9.88636363636e-01,-6.51937362118e-05
1.13210227273e+00,9.88636363636e-01,-6.51937362118e-05
1.15198863636e+00,9.88636363636e-01,-6.51937362118e-05
1.17187500000e+00,9.88636363636e-01,-4.88004611428e-05
1.19176136364e+00,9.88636363636e-01,-3.25405028005e-05
1.21164772727e+00,9.88636363636e-01,-3.25405028005e-05
1.23153409091e+00,9.88636363636e-01,-3.25405028005e-05
1.25142045455e+00,9.88636363636e-01,-3.25405028005e-05
1.27130681818e+00,9.88636363636e-01,-3.25405028005e-05
1.29119318182e+00,9.88636363636e-01,-3.25405028005e-05
1.31107954545e+00,9.88636363636e-01,-3.25405028005e-05
1.33096590909e+00,9.88636363636e-01,-3.25405028005e-05
1.35085227273e+00,9.88636363636e-01,-3.25405028005e-05
1.37073863636e+00,9.88636363636e-01,-3.25405028005e-05
1.39062500000e+00,9.88636363636e-01,-1.62987866805e-05
1.41051136364e+00,9.88636363636e-01,0.00000000000e+00
1.43039772727e+00,9.88636363636e-01,0.00000000000e+00
1.45028409091e+00,9.88636363636e-01,0.00000000000e+00
1.47017045455e+00,9.88636363636e-01,0.00000000000e+00
1.49005681818e+00,9.88636363636e-01,0.00000000000e+00
