x, y, u
1.136363636363636e-02, 1.136363636363636e-02, -6.915750035730886e-04
1.136363636363636e-02, 3.409090909090909e-02, -1.539020825171748e-03
1.136363636363636e-02, 5.681818181818182e-02, -2.614570940015340e-03
1.136363636363636e-02, 7.954545454545454e-02, -3.418679015479498e-03
1.136363636363636e-02, 1.022727272727273e-01, -4.431968612358082e-03
1.136363636363636e-02, 1.250000000000000e-01, -5.187675687634916e-03
1.136363636363636e-02, 1.477272727272727e-01, -6.131527995123611e-03
1.136363636363636e-02, 1.704545454545454e-01, -6.901164239722929e-03
1.136363636363636e-02, 1.931818181818182e-01, -7.701055663769292e-03
1.136363636363636e-02, 2.159090909090909e-01, -8.466471239820587e-03
1.136363636363636e-02, 2.386363636363636e-01, -9.128370835428404e-03
1.136363636363636e-02, 2.613636363636364e-01, -9.869679443997937e-03
1.136363636363636e-02, 2.840909090909091e-01, -1.040129815156789e-02
1.136363636363636e-02, 3.068181818181818e-01, -1.104829499029633e-02
1.136363636363636e-02, 3.295454545454545e-01, -1.150766525261279e-02
1.136363636363636e-02, 3.522727272727273e-01, -1.205320237148054e-02
1.136363636363636e-02, 3.750000000000000e-01, -1.243530162278324e-02
1.136363636363636e-02, 3.977272727272727e-01, -1.287223194498437e-02
1.136363636363636e-02, 4.204545454545455e-01, -1.319771421950062e-02
1.136363636363636e-02, 4.431818181818182e-01, -1.349321537029075e-02
1.136363636363636e-02, 4.659090909090909e-01, -1.373775568232147e-02
1.136363636363636e-02, 4.886363636363636e-01, -1.390398543222640e-02
1.136363636363636e-02, 5.113636363636364e-01, -1.404152123738965e-02
1.136363636363636e-02, 5.340909090909091e-01, -1.409237598565430e-02
1.136363636363636e-02, 5.568181818181818e-01, -1.409645666460051e-02
1.136363636363636e-02, 5.795454545454546e-01, -1.404622206464866e-02
1.136363636363636e-02, 6.022727272727273e-01, -1.390970374827129e-02
1.136363636363636e-02, 6.250000000000000e-01, -1.375336010549270e-02
1.136363636363636e-02, 6.477272727272727e-01, -1.346909981473224e-02
1.136363636363636e-02, 6.704545454545454e-01, -1.316913467509842e-02
1.136363636363636e-02, 6.931818181818182e-01, -1.276248393300693e-02
1.136363636363636e-02, 7.159090909090909e-01, -1.228839785362674e-02
1.136363636363636e-02, 7.386363636363636e-01, -1.177769751602140e-02
1.136363636363636e-02, 7.613636363636364e-01, -1.109725578024496e-02
1.136363636363636e-02, 7.840909090909091e-01, -1.050258516679401e-02
1.136363636363636e-02, 8.068181818181818e-01, -9.649573680472100e-03
1.136363636363636e-02, 8.295454545454546e-01, -8.924996277386079e-03
1.136363636363636e-02, 8.522727272727273e-01, -7.892282340726487e-03
1.136363636363636e-02, 8.750000000000000e-01, -7.032788264423359e-03
1.136363636363636e-02, 8.977272727272727e-01, -5.813247377160134e-03
1.136363636363636e-02, 9.204545454545454e-01, -4.706708894728998e-03
1.136363636363636e-02, 9.431818181818182e-01, -3.400363612011849e-03
1.136363636363636e-02, 9.659090909090909e-01, -2.010170912719228e-03
1.136363636363636e-02, 9.886363636363636e-01, -6.416555682103375e-04
3.409090909090909e-02, 1.136363636363636e-02, -1.518002477387692e-03
3.409090909090909e-02, 3.409090909090909e-02, -4.504858516731420e-03
3.409090909090909e-02, 5.681818181818182e-02, -7.261689604284433e-03
3.409090909090909e-02, 7.954545454545454e-02, -1.002085770870548e-02
3.409090909090909e-02, 1.022727272727273e-01, -1.269202291075260e-02
3.409090909090909e-02, 1.250000000000000e-01, -1.521413187196734e-02
3.409090909090909e-02, 1.477272727272727e-01, -1.777102669395421e-02
3.409090909090909e-02, 1.704545454545454e-01, -2.010723351293444e-02
3.409090909090909e-02, 1.931818181818182e-01, -2.246087272684439e-02
3.409090909090909e-02, 2.159090909090909e-01, -2.459245376462981e-02
3.409090909090909e-02, 2.386363636363636e-01, -2.672377356691111e-02
3.409090909090909e-02, 2.613636363636364e-01, -2.863201560025027e-02
3.409090909090909e-02, 2.840909090909091e-01, -3.052195928024417e-02
3.409090909090909e-02, 3.068181818181818e-01, -3.218815445319465e-02
3.409090909090909e-02, 3.295454545454545e-01, -3.377713285679194e-02
3.409090909090909e-02, 3.522727272727273e-01, -3.522311308489499e-02
3.409090909090909e-02, 3.750000000000000e-01, -3.650783398254505e-02
3.409090909090909e-02, 3.977272727272727e-01, -3.769913926335523e-02
3.409090909090909e-02, 4.204545454545455e-01, -3.869613345801681e-02
3.409090909090909e-02, 4.431818181818182e-01, -3.957848487644262e-02
3.409090909090909e-02, 4.659090909090909e-01, -4.026905288859708e-02
3.409090909090909e-02, 4.886363636363636e-01, -4.082340546018078e-02
3.409090909090909e-02, 5.113636363636364e-01, -4.118884951132105e-02
3.409090909090909e-02, 5.340909090909091e-01, -4.139615994964383e-02
3.409090909090909e-02, 5.568181818181818e-01, -4.141778407624282e-02
3.409090909090909e-02, 5.795454545454546e-01, -4.126691487657226e-02
3.409090909090909e-02, 6.022727272727273e-01, -4.091812143383956e-02
3.409090909090909e-02, 6.250000000000000e-01, -4.041171653274641e-02
3.409090909090909e-02, 6.477272727272727e-01, -3.965213112186226e-02
3.409090909090909e-02, 6.704545454545454e-01, -3.875625304392667e-02
3.409090909090909e-02, 6.931818181818182e-01, -3.758208814340055e-02
3.409090909090909e-02, 7.159090909090909e-01, -3.627804999989202e-02
3.409090909090909e-02, 7.386363636363636e-01, -3.467027481162266e-02
3.409090909090909e-02, 7.613636363636364e-01, -3.293939429473432e-02
3.409090909090909e-02, 7.840909090909091e-01, -3.087898351689255e-02
3.409090909090909e-02, 8.068181818181818e-01, -2.870258496565971e-02
3.409090909090909e-02, 8.295454545454546e-01, -2.624266113166502e-02
3.409090909090909e-02, 8.522727272727273e-01, -2.352994030681124e-02
3.409090909090909e-02, 8.750000000000000e-01, -2.067910198650477e-02
3.409090909090909e-02, 8.977272727272727e-01, -1.738381395235214e-02
3.409090909090909e-02, 9.204545454545454e-01, -1.404191393518103e-02
3.409090909090909e-02, 9.431818181818182e-01, -1.022664180908425e-02
3.409090909090909e-02, 9.659090909090909e-01, -6.375142777347075e-03
3.409090909090909e-02, 9.886363636363636e-01, -2.021148500283286e-03
5.681818181818182e-02, 1.136363636363636e-02, -2.537618701861468e-03
5.681818181818182e-02, 3.409090909090909e-02, -7.154106001268487e-03
5.681818181818182e-02, 5.681818181818182e-02, -1.187452925432370e-02
5.681818181818182e-02, 7.954545454545454e-02, -1.618367281459485e-02
5.681818181818182e-02, 1.022727272727273e-01, -2.063557800118561e-02
5.681818181818182e-02, 1.250000000000000e-01, -2.468557981807020e-02
5.681818181818182e-02, 1.477272727272727e-01, -2.883658503176859e-02
5.681818181818182e-02, 1.704545454545454e-01, -3.265337174352166e-02
5.681818181818182e-02, 1.931818181818182e-01, -3.641656673787322e-02
5.681818181818182e-02, 2.159090909090909e-01, -3.995884530472513e-02
5.681818181818182e-02, 2.386363636363636e-01, -4.331459964386425e-02
5.681818181818182e-02, 2.613636363636364e-01, -4.653946242750963e-02
5.681818181818182e-02, 2.840909090909091e-01, -4.946978740891339e-02
5.681818181818182e-02, 3.068181818181818e-01, -5.233270512222986e-02
5.681818181818182e-02, 3.295454545454545e-01, -5.482124868071335e-02
5.681818181818182e-02, 3.522727272727273e-01, -5.723934941299879e-02
5.681818181818182e-02, 3.750000000000000e-01, -5.930811167305244e-02
5.681818181818182e-02, 3.977272727272727e-01, -6.124912713909625e-02
5.681818181818182e-02, 4.204545454545455e-01, -6.288405958148355e-02
5.681818181818182e-02, 4.431818181818182e-01, -6.430117715150627e-02
5.681818181818182e-02, 4.659090909090909e-01, -6.545522919253148e-02
5.681818181818182e-02, 4.886363636363636e-01, -6.633464416606982e-02
5.681818181818182e-02, 5.113636363636364e-01, -6.695913860061403e-02
5.681818181818182e-02, 5.340909090909091e-01, -6.728867840218750e-02
5.681818181818182e-02, 5.568181818181818e-01, -6.733331177776364e-02
5.681818181818182e-02, 5.795454545454546e-01, -6.710243616258182e-02
5.681818181818182e-02, 6.022727272727273e-01, -6.652620155680049e-02
5.681818181818182e-02, 6.250000000000000e-01, -6.571508093991116e-02
5.681818181818182e-02, 6.477272727272727e-01, -6.448572893873512e-02
5.681818181818182e-02, 6.704545454545454e-01, -6.302483867847253e-02
5.681818181818182e-02, 6.931818181818182e-01, -6.115107032706105e-02
5.681818181818182e-02, 7.159090909090909e-01, -5.898758852098951e-02
5.681818181818182e-02, 7.386363636363636e-01, -5.646141399113500e-02
5.681818181818182e-02, 7.613636363636364e-01, -5.354089806227662e-02
5.681818181818182e-02, 7.840909090909091e-01, -5.035596422064999e-02
5.681818181818182e-02, 8.068181818181818e-01, -4.662235500108663e-02
5.681818181818182e-02, 8.295454545454546e-01, -4.277394909631523e-02
5.681818181818182e-02, 8.522727272727273e-01, -3.824358255530642e-02
5.681818181818182e-02, 8.750000000000000e-01, -3.365463578429177e-02
5.681818181818182e-02, 8.977272727272727e-01, -2.829534227143175e-02
5.681818181818182e-02, 9.204545454545454e-01, -2.282550151001105e-02
5.681818181818182e-02, 9.431818181818182e-01, -1.671705613711181e-02
5.681818181818182e-02, 9.659090909090909e-01, -1.030793604635431e-02
5.681818181818182e-02, 9.886363636363636e-01, -3.448495011421321e-03
7.954545454545454e-02, 1.136363636363636e-02, -3.276359112393848e-03
7.954545454545454e-02, 3.409090909090909e-02, -9.730217335911312e-03
7.954545454545454e-02, 5.681818181818182e-02, -1.595245189705372e-02
7.954545454545454e-02, 7.954545454545454e-02, -2.208098272025581e-02
7.954545454545454e-02, 1.022727272727273e-01, -2.795193512405878e-02
7.954545454545454e-02, 1.250000000000000e-01, -3.365247377088908e-02
7.954545454545454e-02, 1.477272727272727e-01, -3.918961780865471e-02
7.954545454545454e-02, 1.704545454545454e-01, -4.447631237413329e-02
7.954545454545454e-02, 1.931818181818182e-01, -4.958049295732722e-02
7.954545454545454e-02, 2.159090909090909e-01, -5.441020331607208e-02
7.954545454545454e-02, 2.386363636363636e-01, -5.903962841358037e-02
7.954545454545454e-02, 2.613636363636364e-01, -6.336923595940046e-02
7.954545454545454e-02, 2.840909090909091e-01, -6.748212797004860e-02
7.954545454545454e-02, 3.068181818181818e-01, -7.126852590590266e-02
7.954545454545454e-02, 3.295454545454545e-01, -7.482311598738146e-02
7.954545454545454e-02, 3.522727272727273e-01, -7.802320490610841e-02
7.954545454545454e-02, 3.750000000000000e-01, -8.094822993487308e-02
7.954545454545454e-02, 3.977272727272727e-01, -8.354841581770073e-02
7.954545454545454e-02, 4.204545454545455e-01, -8.582473822152113e-02
7.954545454545454e-02, 4.431818181818182e-01, -8.775931089492969e-02
7.954545454545454e-02, 4.659090909090909e-01, -8.934384313797065e-02
7.954545454545454e-02, 4.886363636363636e-01, -9.057105063697266e-02
7.954545454545454e-02, 5.113636363636364e-01, -9.142070917713709e-02
7.954545454545454e-02, 5.340909090909091e-01, -9.189880329790823e-02
7.954545454545454e-02, 5.568181818181818e-01, -9.197050885793408e-02
7.954545454545454e-02, 5.795454545454546e-01, -9.165774574750223e-02
7.954545454545454e-02, 6.022727272727273e-01, -9.090842404083009e-02
7.954545454545454e-02, 6.250000000000000e-01, -8.977948557274533e-02
7.954545454545454e-02, 6.477272727272727e-01, -8.814964727518027e-02
7.954545454545454e-02, 6.704545454545454e-01, -8.613732512331833e-02
7.954545454545454e-02, 6.931818181818182e-01, -8.360938344680786e-02
7.954545454545454e-02, 7.159090909090909e-01, -8.067061954318192e-02
7.954545454545454e-02, 7.386363636363636e-01, -7.720285400138766e-02
7.954545454545454e-02, 7.613636363636364e-01, -7.329460078494965e-02
7.954545454545454e-02, 7.840909090909091e-01, -6.884530269567679e-02
7.954545454545454e-02, 8.068181818181818e-01, -6.392452761369555e-02
7.954545454545454e-02, 8.295454545454546e-01, -5.845200597027266e-02
7.954545454545454e-02, 8.522727272727273e-01, -5.247570018110553e-02
7.954545454545454e-02, 8.750000000000000e-01, -4.601534184477251e-02
7.954545454545454e-02, 8.977272727272727e-01, -3.886349054545064e-02
7.954545454545454e-02, 9.204545454545454e-01, -3.128541677419086e-02
7.954545454545454e-02, 9.431818181818182e-01, -2.300341837545158e-02
7.954545454545454e-02, 9.659090909090909e-01, -1.426483506645116e-02
7.954545454545454e-02, 9.886363636363636e-01, -4.811362191913170e-03
1.022727272727273e-01, 1.136363636363636e-02, -4.178052215070518e-03
1.022727272727273e-01, 3.409090909090909e-02, -1.214167439647972e-02
1.022727272727273e-01, 5.681818181818182e-02, -2.003597865909788e-02
1.022727272727273e-01, 7.954545454545454e-02, -2.753884388504350e-02
1.022727272727273e-01, 1.022727272727273e-01, -3.505318100524753e-02
1.022727272727273e-01, 1.250000000000000e-01, -4.205070409770586e-02
1.022727272727273e-01, 1.477272727272727e-01, -4.906464472040202e-02
1.022727272727273e-01, 1.704545454545454e-01, -5.561327263160708e-02
1.022727272727273e-01, 1.931818181818182e-01, -6.202836942998671e-02
1.022727272727273e-01, 2.159090909090909e-01, -6.806519921435612e-02
1.022727272727273e-01, 2.386363636363636e-01, -7.383787283262820e-02
1.022727272727273e-01, 2.613636363636364e-01, -7.929851306887845e-02
1.022727272727273e-01, 2.840909090909091e-01, -8.438671442440754e-02
1.022727272727273e-01, 3.068181818181818e-01, -8.920527495046741e-02
1.022727272727273e-01, 3.295454545454545e-01, -9.356847837967210e-02
1.022727272727273e-01, 3.522727272727273e-01, -9.767756553658037e-02
1.022727272727273e-01, 3.750000000000000e-01, -1.012767651102699e-01
1.022727272727273e-01, 3.977272727272727e-01, -1.045813740818835e-01
1.022727272727273e-01, 4.204545454545455e-01, -1.074095297557948e-01
1.022727272727273e-01, 4.431818181818182e-01, -1.098496029468946e-01
1.022727272727273e-01, 4.659090909090909e-01, -1.118384958147677e-01
1.022727272727273e-01, 4.886363636363636e-01, -1.133758813692528e-01
1.022727272727273e-01, 5.113636363636364e-01, -1.144557853851872e-01
1.022727272727273e-01, 5.340909090909091e-01, -1.150538483123872e-01
1.022727272727273e-01, 5.568181818181818e-01, -1.151535308880794e-01
1.022727272727273e-01, 5.795454545454546e-01, -1.147771536141218e-01
1.022727272727273e-01, 6.022727272727273e-01, -1.138238767154507e-01
1.022727272727273e-01, 6.250000000000000e-01, -1.124394597911739e-01
1.022727272727273e-01, 6.477272727272727e-01, -1.103778736011459e-01
1.022727272727273e-01, 6.704545454545454e-01, -1.078861420516732e-01
1.022727272727273e-01, 6.931818181818182e-01, -1.047088682475249e-01
1.022727272727273e-01, 7.159090909090909e-01, -1.010362649426433e-01
1.022727272727273e-01, 7.386363636363636e-01, -9.671056657200142e-02
1.022727272727273e-01, 7.613636363636364e-01, -9.178203651049750e-02
1.022727272727273e-01, 7.840909090909091e-01, -8.627670218085985e-02
1.022727272727273e-01, 8.068181818181818e-01, -8.001569839399739e-02
1.022727272727273e-01, 8.295454545454546e-01, -7.330104857354719e-02
1.022727272727273e-01, 8.522727272727273e-01, -6.562954301004953e-02
1.022727272727273e-01, 8.750000000000000e-01, -5.767744181832000e-02
1.022727272727273e-01, 8.977272727272727e-01, -4.859416534495452e-02
1.022727272727273e-01, 9.204545454545454e-01, -3.918457237481879e-02
1.022727272727273e-01, 9.431818181818182e-01, -2.874931836048179e-02
1.022727272727273e-01, 9.659090909090909e-01, -1.780359186178719e-02
1.022727272727273e-01, 9.886363636363636e-01, -5.989380484384717e-03
1.250000000000000e-01, 1.136363636363636e-02, -4.830706993958699e-03
1.250000000000000e-01, 3.409090909090909e-02, -1.435149589228622e-02
1.250000000000000e-01, 5.681818181818182e-02, -2.363541098647308e-02
1.250000000000000e-01, 7.954545454545454e-02, -3.268672270263420e-02
1.250000000000000e-01, 1.022727272727273e-01, -4.145646235579155e-02
1.250000000000000e-01, 1.250000000000000e-01, -4.997520038496430e-02
1.250000000000000e-01, 1.477272727272727e-01, -5.816485459555454e-02
1.250000000000000e-01, 1.704545454545454e-01, -6.607391945733711e-02
1.250000000000000e-01, 1.931818181818182e-01, -7.363173293130537e-02
1.250000000000000e-01, 2.159090909090909e-01, -8.086529981481198e-02
1.250000000000000e-01, 2.386363636363636e-01, -8.772832555316840e-02
1.250000000000000e-01, 2.613636363636364e-01, -9.422059687107379e-02
1.250000000000000e-01, 2.840909090909091e-01, -1.003259068613085e-01
1.250000000000000e-01, 3.068181818181818e-01, -1.060111012891810e-01
1.250000000000000e-01, 3.295454545454545e-01, -1.112957797789393e-01
1.250000000000000e-01, 3.522727272727273e-01, -1.161081267217882e-01
1.250000000000000e-01, 3.750000000000000e-01, -1.205092663792046e-01
1.250000000000000e-01, 3.977272727272727e-01, -1.243830032332106e-01
1.250000000000000e-01, 4.204545454545455e-01, -1.278159896442322e-01
1.250000000000000e-01, 4.431818181818182e-01, -1.307070749677098e-01
1.250000000000000e-01, 4.659090909090909e-01, -1.331061554483891e-01
1.250000000000000e-01, 4.886363636363636e-01, -1.349516986082888e-01
1.250000000000000e-01, 5.113636363636364e-01, -1.362511266154982e-01
1.250000000000000e-01, 5.340909090909091e-01, -1.369882426932151e-01
1.250000000000000e-01, 5.568181818181818e-01, -1.371222783171286e-01
1.250000000000000e-01, 5.795454545454546e-01, -1.366880890385413e-01
1.250000000000000e-01, 6.022727272727273e-01, -1.355909999842047e-01
1.250000000000000e-01, 6.250000000000000e-01, -1.339226348517353e-01
1.250000000000000e-01, 6.477272727272727e-01, -1.315286973961060e-01
1.250000000000000e-01, 6.704545454545454e-01, -1.285339590255656e-01
1.250000000000000e-01, 6.931818181818182e-01, -1.248067951289279e-01
1.250000000000000e-01, 7.159090909090909e-01, -1.204199761036912e-01
1.250000000000000e-01, 7.386363636363636e-01, -1.152967426245731e-01
1.250000000000000e-01, 7.613636363636364e-01, -1.094521512586763e-01
1.250000000000000e-01, 7.840909090909091e-01, -1.028700223202832e-01
1.250000000000000e-01, 8.068181818181818e-01, -9.550198877412913e-02
1.250000000000000e-01, 8.295454545454546e-01, -8.739816341496837e-02
1.250000000000000e-01, 8.522727272727273e-01, -7.844105069694282e-02
1.250000000000000e-01, 8.750000000000000e-01, -6.875276628209828e-02
1.250000000000000e-01, 8.977272727272727e-01, -5.814099201699363e-02
1.250000000000000e-01, 9.204545454545454e-01, -4.676860980879138e-02
1.250000000000000e-01, 9.431818181818182e-01, -3.447363238934181e-02
1.250000000000000e-01, 9.659090909090909e-01, -2.135173843199474e-02
1.250000000000000e-01, 9.886363636363636e-01, -7.311090484813742e-03
1.477272727272727e-01, 1.136363636363636e-02, -5.616775880578618e-03
1.477272727272727e-01, 3.409090909090909e-02, -1.651351003923799e-02
1.477272727272727e-01, 5.681818181818182e-02, -2.719938471920152e-02
1.477272727272727e-01, 7.954545454545454e-02, -3.750905979926041e-02
1.477272727272727e-01, 1.022727272727273e-01, -4.766220887966649e-02
1.477272727272727e-01, 1.250000000000000e-01, -5.731816194792955e-02
1.477272727272727e-01, 1.477272727272727e-01, -6.685502837383255e-02
1.477272727272727e-01, 1.704545454545454e-01, -7.582356936933184e-02
1.477272727272727e-01, 1.931818181818182e-01, -8.458212557737807e-02
1.477272727272727e-01, 2.159090909090909e-01, -9.283343849610995e-02
1.477272727272727e-01, 2.386363636363636e-01, -1.007479265809597e-01
1.477272727272727e-01, 2.613636363636364e-01, -1.081977907329072e-01
1.477272727272727e-01, 2.840909090909091e-01, -1.152038599608219e-01
1.477272727272727e-01, 3.068181818181818e-01, -1.217666854128515e-01
1.477272727272727e-01, 3.295454545454545e-01, -1.278013852532072e-01
1.477272727272727e-01, 3.522727272727273e-01, -1.333902075049606e-01
1.477272727272727e-01, 3.750000000000000e-01, -1.383919834780900e-01
1.477272727272727e-01, 3.977272727272727e-01, -1.429184606960326e-01
1.477272727272727e-01, 4.204545454545455e-01, -1.468221992510567e-01
1.477272727272727e-01, 4.431818181818182e-01, -1.501847514851332e-01
1.477272727272727e-01, 4.659090909090909e-01, -1.529318983815340e-01
1.477272727272727e-01, 4.886363636363636e-01, -1.550697605359516e-01
1.477272727272727e-01, 5.113636363636364e-01, -1.565712223878132e-01
1.477272727272727e-01, 5.340909090909091e-01, -1.574250221780154e-01
1.477272727272727e-01, 5.568181818181818e-01, -1.575903273337315e-01
1.477272727272727e-01, 5.795454545454546e-01, -1.571020861530246e-01
1.477272727272727e-01, 6.022727272727273e-01, -1.558393859312055e-01
1.477272727272727e-01, 6.250000000000000e-01, -1.539525199036341e-01
1.477272727272727e-01, 6.477272727272727e-01, -1.511685900481687e-01
1.477272727272727e-01, 6.704545454545454e-01, -1.477733521383181e-01
1.477272727272727e-01, 6.931818181818182e-01, -1.434532983512938e-01
1.477272727272727e-01, 7.159090909090909e-01, -1.384492278982675e-01
1.477272727272727e-01, 7.386363636363636e-01, -1.325372676758730e-01
1.477272727272727e-01, 7.613636363636364e-01, -1.258304076317430e-01
1.477272727272727e-01, 7.840909090909091e-01, -1.182721631264952e-01
1.477272727272727e-01, 8.068181818181818e-01, -1.097671960797625e-01
1.477272727272727e-01, 8.295454545454546e-01, -1.005097017318043e-01
1.477272727272727e-01, 8.522727272727273e-01, -9.010996167921660e-02
1.477272727272727e-01, 8.750000000000000e-01, -7.910167714780406e-02
1.477272727272727e-01, 8.977272727272727e-01, -6.670917066091958e-02
1.477272727272727e-01, 9.204545454545454e-01, -5.378272551293477e-02
1.477272727272727e-01, 9.431818181818182e-01, -3.949568438748080e-02
1.477272727272727e-01, 9.659090909090909e-01, -2.449581830689029e-02
1.477272727272727e-01, 9.886363636363636e-01, -8.263734242687107e-03
1.704545454545454e-01, 1.136363636363636e-02, -6.237624872051505e-03
1.704545454545454e-01, 3.409090909090909e-02, -1.842540686127649e-02
1.704545454545454e-01, 5.681818181818182e-02, -3.037079504937248e-02
1.704545454545454e-01, 7.954545454545454e-02, -4.197030433100482e-02
1.704545454545454e-01, 1.022727272727273e-01, -5.326672699341883e-02
1.704545454545454e-01, 1.250000000000000e-01, -6.419545617394724e-02
1.704545454545454e-01, 1.477272727272727e-01, -7.475620386418293e-02
1.704545454545454e-01, 1.704545454545454e-01, -8.495968048798090e-02
1.704545454545454e-01, 1.931818181818182e-01, -9.467012188388775e-02
1.704545454545454e-01, 2.159090909090909e-01, -1.040122953008809e-01
1.704545454545454e-01, 2.386363636363636e-01, -1.128394540585719e-01
1.704545454545454e-01, 2.613636363636364e-01, -1.212337141047345e-01
1.704545454545454e-01, 2.840909090909091e-01, -1.290952227030921e-01
1.704545454545454e-01, 3.068181818181818e-01, -1.364549777585455e-01
1.704545454545454e-01, 3.295454545454545e-01, -1.432684830851404e-01
1.704545454545454e-01, 3.522727272727273e-01, -1.495071546646059e-01
1.704545454545454e-01, 3.750000000000000e-01, -1.551903140785644e-01
1.704545454545454e-01, 3.977272727272727e-01, -1.602213337719697e-01
1.704545454545454e-01, 4.204545454545455e-01, -1.646839616036634e-01
1.704545454545454e-01, 4.431818181818182e-01, -1.684286221509699e-01
1.704545454545454e-01, 4.659090909090909e-01, -1.715581007377336e-01
1.704545454545454e-01, 4.886363636363636e-01, -1.739601431782827e-01
1.704545454545454e-01, 5.113636363636364e-01, -1.756699250245870e-01
1.704545454545454e-01, 5.340909090909091e-01, -1.766470357646935e-01
1.704545454545454e-01, 5.568181818181818e-01, -1.768505823000198e-01
1.704545454545454e-01, 5.795454545454546e-01, -1.763204565151704e-01
1.704545454545454e-01, 6.022727272727273e-01, -1.749312391247083e-01
1.704545454545454e-01, 6.250000000000000e-01, -1.728115820960787e-01
1.704545454545454e-01, 6.477272727272727e-01, -1.697430835375550e-01
1.704545454545454e-01, 6.704545454545454e-01, -1.658952121418158e-01
1.704545454545454e-01, 6.931818181818182e-01, -1.611173282295085e-01
1.704545454545454e-01, 7.159090909090909e-01, -1.554647619274815e-01
1.704545454545454e-01, 7.386363636363636e-01, -1.488852179703076e-01
1.704545454545454e-01, 7.613636363636364e-01, -1.413414808167039e-01
1.704545454545454e-01, 7.840909090909091e-01, -1.328780391208726e-01
1.704545454545454e-01, 8.068181818181818e-01, -1.233566819993153e-01
1.704545454545454e-01, 8.295454545454546e-01, -1.129271346044688e-01
1.704545454545454e-01, 8.522727272727273e-01, -1.013417464593410e-01
1.704545454545454e-01, 8.750000000000000e-01, -8.886392801009475e-02
1.704545454545454e-01, 8.977272727272727e-01, -7.512815519787402e-02
1.704545454545454e-01, 9.204545454545454e-01, -6.040231772107629e-02
1.704545454545454e-01, 9.431818181818182e-01, -4.454754290350085e-02
1.704545454545454e-01, 9.659090909090909e-01, -2.754628641332888e-02
1.704545454545454e-01, 9.886363636363636e-01, -9.431767516399136e-03
1.931818181818182e-01, 1.136363636363636e-02, -6.857726687722460e-03
1.931818181818182e-01, 3.409090909090909e-02, -2.028146764453240e-02
1.931818181818182e-01, 5.681818181818182e-02, -3.338324550474714e-02
1.931818181818182e-01, 7.954545454545454e-02, -4.611922408462701e-02
1.931818181818182e-01, 1.022727272727273e-01, -5.856171364038401e-02
1.931818181818182e-01, 1.250000000000000e-01, -7.052308259771232e-02
1.931818181818182e-01, 1.477272727272727e-01, -8.220460831670318e-02
1.931818181818182e-01, 1.704545454545454e-01, -9.332697213030026e-02
1.931818181818182e-01, 1.931818181818182e-01, -1.041235025117692e-01
1.931818181818182e-01, 2.159090909090909e-01, -1.143114728734902e-01
1.931818181818182e-01, 2.386363636363636e-01, -1.240945002784529e-01
1.931818181818182e-01, 2.613636363636364e-01, -1.332882572653317e-01
1.931818181818182e-01, 2.840909090909091e-01, -1.419730067836465e-01
1.931818181818182e-01, 3.068181818181818e-01, -1.500690378885622e-01
1.931818181818182e-01, 3.295454545454545e-01, -1.575720016454963e-01
1.931818181818182e-01, 3.522727272727273e-01, -1.644655564307511e-01
1.931818181818182e-01, 3.750000000000000e-01, -1.707044895437134e-01
1.931818181818182e-01, 3.977272727272727e-01, -1.762895767823063e-01
1.931818181818182e-01, 4.204545454545455e-01, -1.811701437369347e-01
1.931818181818182e-01, 4.431818181818182e-01, -1.853528827807983e-01
1.931818181818182e-01, 4.659090909090909e-01, -1.887797809738323e-01
1.931818181818182e-01, 4.886363636363636e-01, -1.914583465853376e-01
1.931818181818182e-01, 5.113636363636364e-01, -1.933452118813433e-01
1.931818181818182e-01, 5.340909090909091e-01, -1.944393381371941e-01
1.931818181818182e-01, 5.568181818181818e-01, -1.946782655465840e-01
1.931818181818182e-01, 5.795454545454546e-01, -1.941089475915233e-01
1.931818181818182e-01, 6.022727272727273e-01, -1.925907918862036e-01
1.931818181818182e-01, 6.250000000000000e-01, -1.902802872086975e-01
1.931818181818182e-01, 6.477272727272727e-01, -1.868946647679828e-01
1.931818181818182e-01, 6.704545454545454e-01, -1.827067798763395e-01
1.931818181818182e-01, 6.931818181818182e-01, -1.774017855603205e-01
1.931818181818182e-01, 7.159090909090909e-01, -1.712412831449550e-01
1.931818181818182e-01, 7.386363636363636e-01, -1.639536358133233e-01
1.931818181818182e-01, 7.613636363636364e-01, -1.556957553493068e-01
1.931818181818182e-01, 7.840909090909091e-01, -1.463497205821965e-01
1.931818181818182e-01, 8.068181818181818e-01, -1.358822068832498e-01
1.931818181818182e-01, 8.295454545454546e-01, -1.244033319530241e-01
1.931818181818182e-01, 8.522727272727273e-01, -1.116127189759704e-01
1.931818181818182e-01, 8.750000000000000e-01, -9.792784458108147e-02
1.931818181818182e-01, 8.977272727272727e-01, -8.269947275691682e-02
1.931818181818182e-01, 9.204545454545454e-01, -6.661883565153420e-02
1.931818181818182e-01, 9.431818181818182e-01, -4.895479256141697e-02
1.931818181818182e-01, 9.659090909090909e-01, -3.038342946848538e-02
1.931818181818182e-01, 9.886363636363636e-01, -1.027106990725184e-02
2.159090909090909e-01, 1.136363636363636e-02, -7.430840757730879e-03
2.159090909090909e-01, 3.409090909090909e-02, -2.190133728062751e-02
2.159090909090909e-01, 5.681818181818182e-02, -3.611921830454131e-02
2.159090909090909e-01, 7.954545454545454e-02, -4.990650499085995e-02
2.159090909090909e-01, 1.022727272727273e-01, -6.336718456087488e-02
2.159090909090909e-01, 1.250000000000000e-01, -7.637113595520220e-02
2.159090909090909e-01, 1.477272727272727e-01, -8.896908600745915e-02
2.159090909090909e-01, 1.704545454545454e-01, -1.011074820360473e-01
2.159090909090909e-01, 1.931818181818182e-01, -1.127193510484083e-01
2.159090909090909e-01, 2.159090909090909e-01, -1.238811993988241e-01
2.159090909090909e-01, 2.386363636363636e-01, -1.344124739517527e-01
2.159090909090909e-01, 2.613636363636364e-01, -1.444531845272188e-01
2.159090909090909e-01, 2.840909090909091e-01, -1.538429967322885e-01
2.159090909090909e-01, 3.068181818181818e-01, -1.626571432691617e-01
2.159090909090909e-01, 3.295454545454545e-01, -1.708054961702697e-01
2.159090909090909e-01, 3.522727272727273e-01, -1.782876669658326e-01
2.159090909090909e-01, 3.750000000000000e-01, -1.850945754251293e-01
2.159090909090909e-01, 3.977272727272727e-01, -1.911393704328105e-01
2.159090909090909e-01, 4.204545454545455e-01, -1.964889053122568e-01
2.159090909090909e-01, 4.431818181818182e-01, -2.010068898894650e-01
2.159090909090909e-01, 4.659090909090909e-01, -2.047838623487950e-01
2.159090909090909e-01, 4.886363636363636e-01, -2.076848810083061e-01
2.159090909090909e-01, 5.113636363636364e-01, -2.097662748588619e-01
2.159090909090909e-01, 5.340909090909091e-01, -2.109680182990127e-01
2.159090909090909e-01, 5.568181818181818e-01, -2.112484695048808e-01
2.159090909090909e-01, 5.795454545454546e-01, -2.106509979107785e-01
2.159090909090909e-01, 6.022727272727273e-01, -2.090251543796851e-01
2.159090909090909e-01, 6.250000000000000e-01, -2.065285401527267e-01
2.159090909090909e-01, 6.477272727272727e-01, -2.028910637015411e-01
2.159090909090909e-01, 6.704545454545454e-01, -1.983342049958979e-01
2.159090909090909e-01, 6.931818181818182e-01, -1.926409614303916e-01
2.159090909090909e-01, 7.159090909090909e-01, -1.859044590253365e-01
2.159090909090909e-01, 7.386363636363636e-01, -1.780696495376214e-01
2.159090909090909e-01, 7.613636363636364e-01, -1.690634982672706e-01
2.159090909090909e-01, 7.840909090909091e-01, -1.589719781013980e-01
2.159090909090909e-01, 8.068181818181818e-01, -1.475909187380074e-01
2.159090909090909e-01, 8.295454545454546e-01, -1.351428597953208e-01
2.159090909090909e-01, 8.522727272727273e-01, -1.212816732883279e-01
2.159090909090909e-01, 8.750000000000000e-01, -1.063772908047517e-01
2.159090909090909e-01, 8.977272727272727e-01, -8.993081335982622e-02
2.159090909090909e-01, 9.204545454545454e-01, -7.235256431233029e-02
2.159090909090909e-01, 9.431818181818182e-01, -5.333352404761516e-02
2.159090909090909e-01, 9.659090909090909e-01, -3.295799108347471e-02
2.159090909090909e-01, 9.886363636363636e-01, -1.128515458496087e-02
2.386363636363636e-01, 1.136363636363636e-02, -7.904853365082096e-03
2.386363636363636e-01, 3.409090909090909e-02, -2.345743179065078e-02
2.386363636363636e-01, 5.681818181818182e-02, -3.860609095645233e-02
2.386363636363636e-01, 7.954545454545454e-02, -5.339426721975724e-02
2.386363636363636e-01, 1.022727272727273e-01, -6.778186450825081e-02
2.386363636363636e-01, 1.250000000000000e-01, -8.170061144008497e-02
2.386363636363636e-01, 1.477272727272727e-01, -9.520923400086224e-02
2.386363636363636e-01, 1.704545454545454e-01, -1.081662007250607e-01
2.386363636363636e-01, 1.931818181818182e-01, -1.206653288361032e-01
2.386363636363636e-01, 2.159090909090909e-01, -1.325472182289617e-01
2.386363636363636e-01, 2.386363636363636e-01, -1.439273383474316e-01
2.386363636363636e-01, 2.613636363636364e-01, -1.546208788694968e-01
2.386363636363636e-01, 2.840909090909091e-01, -1.647459414135285e-01
2.386363636363636e-01, 3.068181818181818e-01, -1.741644371204770e-01
2.386363636363636e-01, 3.295454545454545e-01, -1.829323629561532e-01
2.386363636363636e-01, 3.522727272727273e-01, -1.909551781111017e-01
2.386363636363636e-01, 3.750000000000000e-01, -1.982650087563685e-01
2.386363636363636e-01, 3.977272727272727e-01, -2.047704115860811e-01
2.386363636363636e-01, 4.204545454545455e-01, -2.105014414684019e-01
2.386363636363636e-01, 4.431818181818182e-01, -2.153874701167014e-01
2.386363636363636e-01, 4.659090909090909e-01, -2.194264903117007e-01
2.386363636363636e-01, 4.886363636363636e-01, -2.225837071188241e-01
2.386363636363636e-01, 5.113636363636364e-01, -2.248175189817599e-01
2.386363636363636e-01, 5.340909090909091e-01, -2.261339373166155e-01
2.386363636363636e-01, 5.568181818181818e-01, -2.264519131248945e-01
2.386363636363636e-01, 5.795454545454546e-01, -2.258294551691936e-01
2.386363636363636e-01, 6.022727272727273e-01, -2.241070828136813e-01
2.386363636363636e-01, 6.250000000000000e-01, -2.214487917091764e-01
2.386363636363636e-01, 6.477272727272727e-01, -2.175604663817217e-01
2.386363636363636e-01, 6.704545454545454e-01, -2.127067413448711e-01
2.386363636363636e-01, 6.931818181818182e-01, -2.065895342608680e-01
2.386363636363636e-01, 7.159090909090909e-01, -1.994272432377833e-01
2.386363636363636e-01, 7.386363636363636e-01, -1.909717975195055e-01
2.386363636363636e-01, 7.613636363636364e-01, -1.813878331413481e-01
2.386363636363636e-01, 7.840909090909091e-01, -1.705167598248873e-01
2.386363636363636e-01, 8.068181818181818e-01, -1.583661040554982e-01
2.386363636363636e-01, 8.295454545454546e-01, -1.449853811315253e-01
2.386363636363636e-01, 8.522727272727273e-01, -1.301397228072360e-01
2.386363636363636e-01, 8.750000000000000e-01, -1.141564782685837e-01
2.386363636363636e-01, 8.977272727272727e-01, -9.648645230194167e-02
2.386363636363636e-01, 9.204545454545454e-01, -7.769182976325746e-02
2.386363636363636e-01, 9.431818181818182e-01, -5.718417849485521e-02
2.386363636363636e-01, 9.659090909090909e-01, -3.546529737463330e-02
2.386363636363636e-01, 9.886363636363636e-01, -1.201092785359954e-02
2.613636363636364e-01, 1.136363636363636e-02, -8.414870975356092e-03
2.613636363636364e-01, 3.409090909090909e-02, -2.479118022018309e-02
2.613636363636364e-01, 5.681818181818182e-02, -4.089967554307306e-02
2.613636363636364e-01, 7.954545454545454e-02, -5.652026544260269e-02
2.613636363636364e-01, 1.022727272727273e-01, -7.178836634675786e-02
2.613636363636364e-01, 1.250000000000000e-01, -8.653739245263738e-02
2.613636363636364e-01, 1.477272727272727e-01, -1.008428515813283e-01
2.613636363636364e-01, 1.704545454545454e-01, -1.146129885474637e-01
2.613636363636364e-01, 1.931818181818182e-01, -1.278250993476487e-01
2.613636363636364e-01, 2.159090909090909e-01, -1.404902123216782e-01
2.613636363636364e-01, 2.386363636363636e-01, -1.524971324328592e-01
2.613636363636364e-01, 2.613636363636364e-01, -1.639300521878660e-01
2.613636363636364e-01, 2.840909090909091e-01, -1.746210175593081e-01
2.613636363636364e-01, 3.068181818181818e-01, -1.846697153662671e-01
2.613636363636364e-01, 3.295454545454545e-01, -1.939588561256424e-01
2.613636363636364e-01, 3.522727272727273e-01, -2.025011861257039e-01
2.613636363636364e-01, 3.750000000000000e-01, -2.102727773533201e-01
2.613636363636364e-01, 3.977272727272727e-01, -2.171866064319473e-01
2.613636363636364e-01, 4.204545454545455e-01, -2.233017578374658e-01
2.613636363636364e-01, 4.431818181818182e-01, -2.284881422030761e-01
2.613636363636364e-01, 4.659090909090909e-01, -2.328170433411171e-01
2.613636363636364e-01, 4.886363636363636e-01, -2.361679812656773e-01
2.613636363636364e-01, 5.113636363636364e-01, -2.385797743707030e-01
2.613636363636364e-01, 5.340909090909091e-01, -2.399883331461130e-01
2.613636363636364e-01, 5.568181818181818e-01, -2.403503225965737e-01
2.613636363636364e-01, 5.795454545454546e-01, -2.397114324755414e-01
2.613636363636364e-01, 6.022727272727273e-01, -2.379015398843548e-01
2.613636363636364e-01, 6.250000000000000e-01, -2.350995414229644e-01
2.613636363636364e-01, 6.477272727272727e-01, -2.309957045219273e-01
2.613636363636364e-01, 6.704545454545454e-01, -2.258500828465230e-01
2.613636363636364e-01, 6.931818181818182e-01, -2.193951290258596e-01
2.613636363636364e-01, 7.159090909090909e-01, -2.117723935157027e-01
2.613636363636364e-01, 7.386363636363636e-01, -2.028621685340642e-01
2.613636363636364e-01, 7.613636363636364e-01, -1.926277967988587e-01
2.613636363636364e-01, 7.840909090909091e-01, -1.811592310521337e-01
2.613636363636364e-01, 8.068181818181818e-01, -1.682099423352483e-01
2.613636363636364e-01, 8.295454545454546e-01, -1.540487905425431e-01
2.613636363636364e-01, 8.522727272727273e-01, -1.382626498963370e-01
2.613636363636364e-01, 8.750000000000000e-01, -1.212934034704207e-01
2.613636363636364e-01, 8.977272727272727e-01, -1.025485270832562e-01
2.613636363636364e-01, 9.204545454545454e-01, -8.253915411749264e-02
2.613636363636364e-01, 9.431818181818182e-01, -6.083029546912411e-02
2.613636363636364e-01, 9.659090909090909e-01, -3.764378469921149e-02
2.613636363636364e-01, 9.886363636363636e-01, -1.287079970081003e-02
2.840909090909091e-01, 1.136363636363636e-02, -8.762109727929941e-03
2.840909090909091e-01, 3.409090909090909e-02, -2.605330131042771e-02
2.840909090909091e-01, 5.681818181818182e-02, -4.288646888720289e-02
2.840909090909091e-01, 7.954545454545454e-02, -5.935913767812098e-02
2.840909090909091e-01, 1.022727272727273e-01, -7.535284683456571e-02
2.840909090909091e-01, 1.250000000000000e-01, -9.088590735729443e-02
2.840909090909091e-01, 1.477272727272727e-01, -1.059080013805270e-01
2.840909090909091e-01, 1.704545454545454e-01, -1.203839840946985e-01
2.840909090909091e-01, 1.931818181818182e-01, -1.342987416072348e-01
2.840909090909091e-01, 2.159090909090909e-01, -1.475885967037245e-01
2.840909090909091e-01, 2.386363636363636e-01, -1.602719258995884e-01
2.840909090909091e-01, 2.613636363636364e-01, -1.722466263140637e-01
2.840909090909091e-01, 2.840909090909091e-01, -1.835744543078136e-01
2.840909090909091e-01, 3.068181818181818e-01, -1.941049914065665e-01
2.840909090909091e-01, 3.295454545454545e-01, -2.039345077868453e-01
2.840909090909091e-01, 3.522727272727273e-01, -2.129106414228741e-01
2.840909090909091e-01, 3.750000000000000e-01, -2.211242694975400e-01
2.840909090909091e-01, 3.977272727272727e-01, -2.284105518216728e-01
2.840909090909091e-01, 4.204545454545455e-01, -2.348641735367846e-01
2.840909090909091e-01, 4.431818181818182e-01, -2.403517229904987e-01
2.840909090909091e-01, 4.659090909090909e-01, -2.449163760327370e-01
2.840909090909091e-01, 4.886363636363636e-01, -2.484811783331113e-01
2.840909090909091e-01, 5.113636363636364e-01, -2.510279119942081e-01
2.840909090909091e-01, 5.340909090909091e-01, -2.525459642618351e-01
2.840909090909091e-01, 5.568181818181818e-01, -2.529458413426324e-01
2.840909090909091e-01, 5.795454545454546e-01, -2.522953301076811e-01
2.840909090909091e-01, 6.022727272727273e-01, -2.504172514206872e-01
2.840909090909091e-01, 6.250000000000000e-01, -2.474840682734858e-01
2.840909090909091e-01, 6.477272727272727e-01, -2.431892614329032e-01
2.840909090909091e-01, 6.704545454545454e-01, -2.377935586426625e-01
2.840909090909091e-01, 6.931818181818182e-01, -2.310090268045495e-01
2.840909090909091e-01, 7.159090909090909e-01, -2.230219286035933e-01
2.840909090909091e-01, 7.386363636363636e-01, -2.136237476597417e-01
2.840909090909091e-01, 7.613636363636364e-01, -2.029164051856977e-01
2.840909090909091e-01, 7.840909090909091e-01, -1.907806789247468e-01
2.840909090909091e-01, 8.068181818181818e-01, -1.772242760657748e-01
2.840909090909091e-01, 8.295454545454546e-01, -1.622593096580984e-01
2.840909090909091e-01, 8.522727272727273e-01, -1.456929032686854e-01
2.840909090909091e-01, 8.750000000000000e-01, -1.277881393534442e-01
2.840909090909091e-01, 8.977272727272727e-01, -1.080697390001027e-01
2.840909090909091e-01, 9.204545454545454e-01, -8.700067032579752e-02
2.840909090909091e-01, 9.431818181818182e-01, -6.410234065489688e-02
2.840909090909091e-01, 9.659090909090909e-01, -3.974032236083017e-02
2.840909090909091e-01, 9.886363636363636e-01, -1.353837302427337e-02
3.068181818181818e-01, 1.136363636363636e-02, -9.164570174918422e-03
3.068181818181818e-01, 3.409090909090909e-02, -2.710683902191410e-02
3.068181818181818e-01, 5.681818181818182e-02, -4.473117532250488e-02
3.068181818181818e-01, 7.954545454545454e-02, -6.183654089380369e-02
3.068181818181818e-01, 1.022727272727273e-01, -7.856081701704547e-02
3.068181818181818e-01, 1.250000000000000e-01, -9.472939029434399e-02
3.068181818181818e-01, 1.477272727272727e-01, -1.104168611950316e-01
3.068181818181818e-01, 1.704545454545454e-01, -1.255189331530127e-01
3.068181818181818e-01, 1.931818181818182e-01, -1.400330527912557e-01
3.068181818181818e-01, 2.159090909090909e-01, -1.539294070144989e-01
3.068181818181818e-01, 2.386363636363636e-01, -1.671431818060430e-01
3.068181818181818e-01, 2.613636363636364e-01, -1.796937197196226e-01
3.068181818181818e-01, 2.840909090909091e-01, -1.914810776595298e-01
3.068181818181818e-01, 3.068181818181818e-01, -2.025448151413842e-01
3.068181818181818e-01, 3.295454545454545e-01, -2.127806032381539e-01
3.068181818181818e-01, 3.522727272727273e-01, -2.221992377010436e-01
3.068181818181818e-01, 3.750000000000000e-01, -2.307756497861445e-01
3.068181818181818e-01, 3.977272727272727e-01, -2.384125379096703e-01
3.068181818181818e-01, 4.204545454545455e-01, -2.451706017517140e-01
3.068181818181818e-01, 4.431818181818182e-01, -2.509186460307935e-01
3.068181818181818e-01, 4.659090909090909e-01, -2.557160191945826e-01
3.068181818181818e-01, 4.886363636363636e-01, -2.594515162536526e-01
3.068181818181818e-01, 5.113636363636364e-01, -2.621449649626438e-01
3.068181818181818e-01, 5.340909090909091e-01, -2.637451267301139e-01
3.068181818181818e-01, 5.568181818181818e-01, -2.641905281896477e-01
3.068181818181818e-01, 5.795454545454546e-01, -2.635334836593294e-01
3.068181818181818e-01, 6.022727272727273e-01, -2.615891944126180e-01
3.068181818181818e-01, 6.250000000000000e-01, -2.585506235349510e-01
3.068181818181818e-01, 6.477272727272727e-01, -2.540800784073275e-01
3.068181818181818e-01, 6.704545454545454e-01, -2.484631712295913e-01
3.068181818181818e-01, 6.931818181818182e-01, -2.413972725755926e-01
3.068181818181818e-01, 7.159090909090909e-01, -2.330565657168806e-01
3.068181818181818e-01, 7.386363636363636e-01, -2.232749156616846e-01
3.068181818181818e-01, 7.613636363636364e-01, -2.120640706301114e-01
3.068181818181818e-01, 7.840909090909091e-01, -1.994472027107049e-01
3.068181818181818e-01, 8.068181818181818e-01, -1.852190115328663e-01
3.068181818181818e-01, 8.295454545454546e-01, -1.696483963919459e-01
3.068181818181818e-01, 8.522727272727273e-01, -1.522865162810463e-01
3.068181818181818e-01, 8.750000000000000e-01, -1.336128393704079e-01
3.068181818181818e-01, 8.977272727272727e-01, -1.129808845629623e-01
3.068181818181818e-01, 9.204545454545454e-01, -9.096106353943829e-02
3.068181818181818e-01, 9.431818181818182e-01, -6.703660402816812e-02
3.068181818181818e-01, 9.659090909090909e-01, -4.152218725520564e-02
3.068181818181818e-01, 9.886363636363636e-01, -1.418825827634866e-02
3.295454545454545e-01, 1.136363636363636e-02, -9.433452268588577e-03
3.295454545454545e-01, 3.409090909090909e-02, -2.805719979681778e-02
3.295454545454545e-01, 5.681818181818182e-02, -4.624293779056838e-02
3.295454545454545e-01, 7.954545454545454e-02, -6.403879582143213e-02
3.295454545454545e-01, 1.022727272727273e-01, -8.130485766475597e-02
3.295454545454545e-01, 1.250000000000000e-01, -9.811413988397295e-02
3.295454545454545e-01, 1.477272727272727e-01, -1.143400158574445e-01
3.295454545454545e-01, 1.704545454545454e-01, -1.300230593009047e-01
3.295454545454545e-01, 1.931818181818182e-01, -1.450692552819449e-01
3.295454545454545e-01, 2.159090909090909e-01, -1.594835365103054e-01
3.295454545454545e-01, 2.386363636363636e-01, -1.732134595775550e-01
3.295454545454545e-01, 2.613636363636364e-01, -1.862164749610569e-01
3.295454545454545e-01, 2.840909090909091e-01, -1.984935494569087e-01
3.295454545454545e-01, 3.068181818181818e-01, -2.099428127828844e-01
3.295454545454545e-01, 3.295454545454545e-01, -2.206304782384768e-01
3.295454545454545e-01, 3.522727272727273e-01, -2.303835184999690e-01
3.295454545454545e-01, 3.750000000000000e-01, -2.393330032149162e-01
3.295454545454545e-01, 3.977272727272727e-01, -2.472595872515585e-01
3.295454545454545e-01, 4.204545454545455e-01, -2.543064240602509e-01
3.295454545454545e-01, 4.431818181818182e-01, -2.602920404998466e-01
3.295454545454545e-01, 4.659090909090909e-01, -2.652937909740279e-01
3.295454545454545e-01, 4.886363636363636e-01, -2.692019243887035e-01
3.295454545454545e-01, 5.113636363636364e-01, -2.720161627688264e-01
3.295454545454545e-01, 5.340909090909091e-01, -2.737103100901974e-01
3.295454545454545e-01, 5.568181818181818e-01, -2.741946255447867e-01
3.295454545454545e-01, 5.795454545454546e-01, -2.735382981227343e-01
3.295454545454545e-01, 6.022727272727273e-01, -2.715502952350862e-01
3.295454545454545e-01, 6.250000000000000e-01, -2.684121571761963e-01
3.295454545454545e-01, 6.477272727272727e-01, -2.638043226214114e-01
3.295454545454545e-01, 6.704545454545454e-01, -2.579875607304616e-01
3.295454545454545e-01, 6.931818181818182e-01, -2.506778981232456e-01
3.295454545454545e-01, 7.159090909090909e-01, -2.420401684194233e-01
3.295454545454545e-01, 7.386363636363636e-01, -2.318922600497680e-01
3.295454545454545e-01, 7.613636363636364e-01, -2.202912470920422e-01
3.295454545454545e-01, 7.840909090909091e-01, -2.071687044368443e-01
3.295454545454545e-01, 8.068181818181818e-01, -1.924621265288022e-01
3.295454545454545e-01, 8.295454545454546e-01, -1.762285954697090e-01
3.295454545454545e-01, 8.522727272727273e-01, -1.582742103342454e-01
3.295454545454545e-01, 8.750000000000000e-01, -1.388234114629249e-01
3.295454545454545e-01, 8.977272727272727e-01, -1.174489866329815e-01
3.295454545454545e-01, 9.204545454545454e-01, -9.454434439804686e-02
3.295454545454545e-01, 9.431818181818182e-01, -6.970803518738651e-02
3.295454545454545e-01, 9.659090909090909e-01, -4.320742080565431e-02
3.295454545454545e-01, 9.886363636363636e-01, -1.477302181598711e-02
3.522727272727273e-01, 1.136363636363636e-02, -9.730680043279004e-03
3.522727272727273e-01, 3.409090909090909e-02, -2.886022320082959e-02
3.522727272727273e-01, 5.681818181818182e-02, -4.761176657541123e-02
3.522727272727273e-01, 7.954545454545454e-02, -6.588029665226314e-02
3.522727272727273e-01, 1.022727272727273e-01, -8.371509157994327e-02
3.522727272727273e-01, 1.250000000000000e-01, -1.009823039940505e-01
3.522727272727273e-01, 1.477272727272727e-01, -1.177304845002418e-01
3.522727272727273e-01, 1.704545454545454e-01, -1.338680571311670e-01
3.522727272727273e-01, 1.931818181818182e-01, -1.493889046214550e-01
3.522727272727273e-01, 2.159090909090909e-01, -1.642467151026613e-01
3.522727272727273e-01, 2.386363636363636e-01, -1.784003801080549e-01
3.522727272727273e-01, 2.613636363636364e-01, -1.918275849459918e-01
3.522727272727273e-01, 2.840909090909091e-01, -2.044749742213230e-01
3.522727272727273e-01, 3.068181818181818e-01, -2.163200068767512e-01
3.522727272727273e-01, 3.295454545454545e-01, -2.273227818744833e-01
3.522727272727273e-01, 3.522727272727273e-01, -2.374333510670946e-01
3.522727272727273e-01, 3.750000000000000e-01, -2.466539262858037e-01
3.522727272727273e-01, 3.977272727272727e-01, -2.548666645532101e-01
3.522727272727273e-01, 4.204545454545455e-01, -2.621435232670563e-01
3.522727272727273e-01, 4.431818181818182e-01, -2.683446719917608e-01
3.522727272727273e-01, 4.659090909090909e-01, -2.735251448522542e-01
3.522727272727273e-01, 4.886363636363636e-01, -2.775775621678406e-01
3.522727272727273e-01, 5.113636363636364e-01, -2.805082531394573e-01
3.522727272727273e-01, 5.340909090909091e-01, -2.822755498175388e-01
3.522727272727273e-01, 5.568181818181818e-01, -2.828023385177509e-01
3.522727272727273e-01, 5.795454545454546e-01, -2.821488799527246e-01
3.522727272727273e-01, 6.022727272727273e-01, -2.801169222840050e-01
3.522727272727273e-01, 6.250000000000000e-01, -2.769078300658636e-01
3.522727272727273e-01, 6.477272727272727e-01, -2.721672644093532e-01
3.522727272727273e-01, 6.704545454545454e-01, -2.661938030984533e-01
3.522727272727273e-01, 6.931818181818182e-01, -2.586648419797041e-01
3.522727272727273e-01, 7.159090909090909e-01, -2.497718098157184e-01
3.522727272727273e-01, 7.386363636363636e-01, -2.393200422577170e-01
3.522727272727273e-01, 7.613636363636364e-01, -2.273515272554321e-01
3.522727272727273e-01, 7.840909090909091e-01, -2.138433113440067e-01
3.522727272727273e-01, 8.068181818181818e-01, -1.986426962727685e-01
3.522727272727273e-01, 8.295454545454546e-01, -1.819451638792597e-01
3.522727272727273e-01, 8.522727272727273e-01, -1.633551312008484e-01
3.522727272727273e-01, 8.750000000000000e-01, -1.433361920684406e-01
3.522727272727273e-01, 8.977272727272727e-01, -1.212274949054209e-01
3.522727272727273e-01, 9.204545454545454e-01, -9.761728933651187e-02
3.522727272727273e-01, 9.431818181818182e-01, -7.195121399296506e-02
3.522727272727273e-01, 9.659090909090909e-01, -4.459212066703386e-02
3.522727272727273e-01, 9.886363636363636e-01, -1.523708996683538e-02
3.750000000000000e-01, 1.136363636363636e-02, -9.922839126566316e-03
3.750000000000000e-01, 3.409090909090909e-02, -2.952059447622285e-02
3.750000000000000e-01, 5.681818181818182e-02, -4.869406334950820e-02
3.750000000000000e-01, 7.954545454545454e-02, -6.744260692860005e-02
3.750000000000000e-01, 1.022727272727273e-01, -8.566810302483807e-02
3.750000000000000e-01, 1.250000000000000e-01, -1.034204873102862e-01
3.750000000000000e-01, 1.477272727272727e-01, -1.205443911399169e-01
3.750000000000000e-01, 1.704545454545454e-01, -1.371261710682630e-01
3.750000000000000e-01, 1.931818181818182e-01, -1.530223913028708e-01
3.750000000000000e-01, 2.159090909090909e-01, -1.682799721188942e-01
3.750000000000000e-01, 2.386363636363636e-01, -1.828016011271335e-01
3.750000000000000e-01, 2.613636363636364e-01, -1.965814054399812e-01
3.750000000000000e-01, 2.840909090909091e-01, -2.095815512426687e-01
3.750000000000000e-01, 3.068181818181818e-01, -2.217300178695124e-01
3.750000000000000e-01, 3.295454545454545e-01, -2.330618028819672e-01
3.750000000000000e-01, 3.522727272727273e-01, -2.434253855796706e-01
3.750000000000000e-01, 3.750000000000000e-01, -2.529419454350138e-01
3.750000000000000e-01, 3.977272727272727e-01, -2.613671115765026e-01
3.750000000000000e-01, 4.204545454545455e-01, -2.688762811016461e-01
3.750000000000000e-01, 4.431818181818182e-01, -2.752548257940919e-01
3.750000000000000e-01, 4.659090909090909e-01, -2.806030920978241e-01
3.750000000000000e-01, 4.886363636363636e-01, -2.847881839825742e-01
3.750000000000000e-01, 5.113636363636364e-01, -2.878220476851437e-01
3.750000000000000e-01, 5.340909090909091e-01, -2.896668686028944e-01
3.750000000000000e-01, 5.568181818181818e-01, -2.902328462432455e-01
3.750000000000000e-01, 5.795454545454546e-01, -2.895905933663981e-01
3.750000000000000e-01, 6.022727272727273e-01, -2.875352178761348e-01
3.750000000000000e-01, 6.250000000000000e-01, -2.842591054064599e-01
3.750000000000000e-01, 6.477272727272727e-01, -2.794289299125237e-01
3.750000000000000e-01, 6.704545454545454e-01, -2.733090846915861e-01
3.750000000000000e-01, 6.931818181818182e-01, -2.656137920940217e-01
3.750000000000000e-01, 7.159090909090909e-01, -2.564968018699852e-01
3.750000000000000e-01, 7.386363636363636e-01, -2.457896645357767e-01
3.750000000000000e-01, 7.613636363636364e-01, -2.335221468331127e-01
3.750000000000000e-01, 7.840909090909091e-01, -2.196564672736092e-01
3.750000000000000e-01, 8.068181818181818e-01, -2.040850740908567e-01
3.750000000000000e-01, 8.295454545454546e-01, -1.869141894382216e-01
3.750000000000000e-01, 8.522727272727273e-01, -1.678856115941685e-01
3.750000000000000e-01, 8.750000000000000e-01, -1.472628967994100e-01
3.750000000000000e-01, 8.977272727272727e-01, -1.246238676668151e-01
3.750000000000000e-01, 9.204545454545454e-01, -1.003218567604282e-01
3.750000000000000e-01, 9.431818181818182e-01, -7.400003336402679e-02
3.750000000000000e-01, 9.659090909090909e-01, -4.586551927581588e-02
3.750000000000000e-01, 9.886363636363636e-01, -1.571437275469287e-02
3.977272727272727e-01, 1.136363636363636e-02, -1.011715935246110e-02
3.977272727272727e-01, 3.409090909090909e-02, -3.006324602414649e-02
3.977272727272727e-01, 5.681818181818182e-02, -4.959682895181634e-02
3.977272727272727e-01, 7.954545454545454e-02, -6.867650475112957e-02
3.977272727272727e-01, 1.022727272727273e-01, -8.726869379836341e-02
3.977272727272727e-01, 1.250000000000000e-01, -1.053313152386260e-01
3.977272727272727e-01, 1.477272727272727e-01, -1.228230980144241e-01
3.977272727272727e-01, 1.704545454545454e-01, -1.397031082158299e-01
3.977272727272727e-01, 1.931818181818182e-01, -1.559383539519072e-01
3.977272727272727e-01, 2.159090909090909e-01, -1.714900735770757e-01
3.977272727272727e-01, 2.386363636363636e-01, -1.863184902884365e-01
3.977272727272727e-01, 2.613636363636364e-01, -2.003826305307002e-01
3.977272727272727e-01, 2.840909090909091e-01, -2.136545085668614e-01
3.977272727272727e-01, 3.068181818181818e-01, -2.260712287618128e-01
3.977272727272727e-01, 3.295454545454545e-01, -2.376374400692706e-01
3.977272727272727e-01, 3.522727272727273e-01, -2.482463467134271e-01
3.977272727272727e-01, 3.750000000000000e-01, -2.579583439068037e-01
3.977272727272727e-01, 3.977272727272727e-01, -2.665984895990590e-01
3.977272727272727e-01, 4.204545454545455e-01, -2.742686120216031e-01
3.977272727272727e-01, 4.431818181818182e-01, -2.808124942755142e-01
3.977272727272727e-01, 4.659090909090909e-01, -2.862887790609552e-01
3.977272727272727e-01, 4.886363636363636e-01, -2.905881992607303e-01
3.977272727272727e-01, 5.113636363636364e-01, -2.937094173729768e-01
3.977272727272727e-01, 5.340909090909091e-01, -2.956167578925920e-01
3.977272727272727e-01, 5.568181818181818e-01, -2.962211290722193e-01
3.977272727272727e-01, 5.795454545454546e-01, -2.955893555080775e-01
3.977272727272727e-01, 6.022727272727273e-01, -2.935145487940868e-01
3.977272727272727e-01, 6.250000000000000e-01, -2.901972115546095e-01
3.977272727272727e-01, 6.477272727272727e-01, -2.852803493651438e-01
3.977272727272727e-01, 6.704545454545454e-01, -2.790623199617743e-01
3.977272727272727e-01, 6.931818181818182e-01, -2.712152966753112e-01
3.977272727272727e-01, 7.159090909090909e-01, -2.619329704161891e-01
3.977272727272727e-01, 7.386363636363636e-01, -2.510097111808091e-01
3.977272727272727e-01, 7.613636363636364e-01, -2.384999610940289e-01
3.977272727272727e-01, 7.840909090909091e-01, -2.243549888793659e-01
3.977272727272727e-01, 8.068181818181818e-01, -2.084541556092652e-01
3.977272727272727e-01, 8.295454545454546e-01, -1.909425952597602e-01
3.977272727272727e-01, 8.522727272727273e-01, -1.714864910593729e-01
3.977272727272727e-01, 8.750000000000000e-01, -1.504640720492734e-01
3.977272727272727e-01, 8.977272727272727e-01, -1.272879836540497e-01
3.977272727272727e-01, 9.204545454545454e-01, -1.025068434378673e-01
3.977272727272727e-01, 9.431818181818182e-01, -7.557290191543453e-02
3.977272727272727e-01, 9.659090909090909e-01, -4.685251521982169e-02
3.977272727272727e-01, 9.886363636363636e-01, -1.601685723869655e-02
4.204545454545455e-01, 1.136363636363636e-02, -1.024224385671874e-02
4.204545454545455e-01, 3.409090909090909e-02, -3.045785472556634e-02
4.204545454545455e-01, 5.681818181818182e-02, -5.025886046251976e-02
4.204545454545455e-01, 7.954545454545454e-02, -6.962129812257734e-02
4.204545454545455e-01, 1.022727272727273e-01, -8.846589791543992e-02
4.204545454545455e-01, 1.250000000000000e-01, -1.068202425551800e-01
4.204545454545455e-01, 1.477272727272727e-01, -1.245462961592068e-01
4.204545454545455e-01, 1.704545454545454e-01, -1.417198420614090e-01
4.204545454545455e-01, 1.931818181818182e-01, -1.581830201393132e-01
4.204545454545455e-01, 2.159090909090909e-01, -1.740030392866328e-01
4.204545454545455e-01, 2.386363636363636e-01, -1.890590638046420e-01
4.204545454545455e-01, 2.613636363636364e-01, -2.033634518202997e-01
4.204545454545455e-01, 2.840909090909091e-01, -2.168574506480246e-01
4.204545454545455e-01, 3.068181818181818e-01, -2.294841181813814e-01
4.204545454545455e-01, 3.295454545454545e-01, -2.412612328661474e-01
4.204545454545455e-01, 3.522727272727273e-01, -2.520481051032938e-01
4.204545454545455e-01, 3.750000000000000e-01, -2.619534901800811e-01
4.204545454545455e-01, 3.977272727272727e-01, -2.707385058701517e-01
4.204545454545455e-01, 4.204545454545455e-01, -2.785762665145851e-01
4.204545454545455e-01, 4.431818181818182e-01, -2.852384408348005e-01
4.204545454545455e-01, 4.659090909090909e-01, -2.908394785358009e-01
4.204545454545455e-01, 4.886363636363636e-01, -2.952310568923763e-01
4.204545454545455e-01, 5.113636363636364e-01, -2.984333444963597e-01
4.204545454545455e-01, 5.340909090909091e-01, -3.003995287442907e-01
4.204545454545455e-01, 5.568181818181818e-01, -3.010410556796205e-01
4.204545454545455e-01, 5.795454545454546e-01, -3.004270637060134e-01
4.204545454545455e-01, 6.022727272727273e-01, -2.983458364830278e-01
4.204545454545455e-01, 6.250000000000000e-01, -2.949969038813660e-01
4.204545454545455e-01, 6.477272727272727e-01, -2.900309502311935e-01
4.204545454545455e-01, 6.704545454545454e-01, -2.837231967652668e-01
4.204545454545455e-01, 6.931818181818182e-01, -2.757797049235511e-01
4.204545454545455e-01, 7.159090909090909e-01, -2.663525067686135e-01
4.204545454545455e-01, 7.386363636363636e-01, -2.552754609020305e-01
4.204545454545455e-01, 7.613636363636364e-01, -2.425669127922151e-01
4.204545454545455e-01, 7.840909090909091e-01, -2.282016402864700e-01
4.204545454545455e-01, 8.068181818181818e-01, -2.120498721932882e-01
4.204545454545455e-01, 8.295454545454546e-01, -1.942417353808503e-01
4.204545454545455e-01, 8.522727272727273e-01, -1.744849160807022e-01
4.204545454545455e-01, 8.750000000000000e-01, -1.530793146329536e-01
4.204545454545455e-01, 8.977272727272727e-01, -1.295556541520176e-01
4.204545454545455e-01, 9.204545454545454e-01, -1.042960186925577e-01
4.204545454545455e-01, 9.431818181818182e-01, -7.694577409756735e-02
4.204545454545455e-01, 9.659090909090909e-01, -4.768486791087310e-02
4.204545454545455e-01, 9.886363636363636e-01, -1.633903002627755e-02
4.431818181818182e-01, 1.136363636363636e-02, -1.032796777816202e-02
4.431818181818182e-01, 3.409090909090909e-02, -3.072782356255104e-02
4.431818181818182e-01, 5.681818181818182e-02, -5.070493490756146e-02
4.431818181818182e-01, 7.954545454545454e-02, -7.025014262617532e-02
4.431818181818182e-01, 1.022727272727273e-01, -8.927950077891489e-02
4.431818181818182e-01, 1.250000000000000e-01, -1.078116120765525e-01
4.431818181818182e-01, 1.477272727272727e-01, -1.257280789336930e-01
4.431818181818182e-01, 1.704545454545454e-01, -1.430668403166048e-01
4.431818181818182e-01, 1.931818181818182e-01, -1.597271057971965e-01
4.431818181818182e-01, 2.159090909090909e-01, -1.757074250488030e-01
4.431818181818182e-01, 2.386363636363636e-01, -1.909472805414650e-01
4.431818181818182e-01, 2.613636363636364e-01, -2.054098441837842e-01
4.431818181818182e-01, 2.840909090909091e-01, -2.190714867581877e-01
4.431818181818182e-01, 3.068181818181818e-01, -2.318506036740948e-01
4.431818181818182e-01, 3.295454545454545e-01, -2.437766302446306e-01
4.431818181818182e-01, 3.522727272727273e-01, -2.547062370208515e-01
4.431818181818182e-01, 3.750000000000000e-01, -2.647396439558390e-01
4.431818181818182e-01, 3.977272727272727e-01, -2.736533040415342e-01
4.431818181818182e-01, 4.204545454545455e-01, -2.815939620155820e-01
4.431818181818182e-01, 4.431818181818182e-01, -2.883683915380156e-01
4.431818181818182e-01, 4.659090909090909e-01, -2.940512851833518e-01
4.431818181818182e-01, 4.886363636363636e-01, -2.985255126333839e-01
4.431818181818182e-01, 5.113636363636364e-01, -3.017882413158278e-01
4.431818181818182e-01, 5.340909090909091e-01, -3.038059119784952e-01
4.431818181818182e-01, 5.568181818181818e-01, -3.044814888744739e-01
4.431818181818182e-01, 5.795454545454546e-01, -3.038866509028579e-01
4.431818181818182e-01, 6.022727272727273e-01, -3.018077199834043e-01
4.431818181818182e-01, 6.250000000000000e-01, -2.984448260162393e-01
4.431818181818182e-01, 6.477272727272727e-01, -2.934436663384010e-01
4.431818181818182e-01, 6.704545454545454e-01, -2.870890719272371e-01
4.431818181818182e-01, 6.931818181818182e-01, -2.790661052870876e-01
4.431818181818182e-01, 7.159090909090909e-01, -2.695549019061236e-01
4.431818181818182e-01, 7.386363636363636e-01, -2.583560957551685e-01
4.431818181818182e-01, 7.613636363636364e-01, -2.455191776857504e-01
4.431818181818182e-01, 7.840909090909091e-01, -2.309896791082441e-01
4.431818181818182e-01, 8.068181818181818e-01, -2.146588281896020e-01
4.431818181818182e-01, 8.295454545454546e-01, -1.966442059078332e-01
4.431818181818182e-01, 8.522727272727273e-01, -1.766508567908189e-01
4.431818181818182e-01, 8.750000000000000e-01, -1.549971031639256e-01
4.431818181818182e-01, 8.977272727272727e-01, -1.311723454242621e-01
4.431818181818182e-01, 9.204545454545454e-01, -1.056287491134196e-01
4.431818181818182e-01, 9.431818181818182e-01, -7.790045327445079e-02
4.431818181818182e-01, 9.659090909090909e-01, -4.830230709677741e-02
4.431818181818182e-01, 9.886363636363636e-01, -1.652712450026981e-02
4.659090909090909e-01, 1.136363636363636e-02, -1.037206487614969e-02
4.659090909090909e-01, 3.409090909090909e-02, -3.086258638040669e-02
4.659090909090909e-01, 5.681818181818182e-02, -5.094092824429342e-02
4.659090909090909e-01, 7.954545454545454e-02, -7.059011838669041e-02
4.659090909090909e-01, 1.022727272727273e-01, -8.972189647588494e-02
4.659090909090909e-01, 1.250000000000000e-01, -1.083692705492717e-01
4.659090909090909e-01, 1.477272727272727e-01, -1.263864748178917e-01
4.659090909090909e-01, 1.704545454545454e-01, -1.438472535193341e-01
4.659090909090909e-01, 1.931818181818182e-01, -1.606061897017334e-01
4.659090909090909e-01, 2.159090909090909e-01, -1.767127580751875e-01
4.659090909090909e-01, 2.386363636363636e-01, -1.920525930140046e-01
4.659090909090909e-01, 2.613636363636364e-01, -2.066331123974764e-01
4.659090909090909e-01, 2.840909090909091e-01, -2.203972632881531e-01
4.659090909090909e-01, 3.068181818181818e-01, -2.332837690380994e-01
4.659090909090909e-01, 3.295454545454545e-01, -2.453118060602319e-01
4.659090909090909e-01, 3.522727272727273e-01, -2.563363475205804e-01
4.659090909090909e-01, 3.750000000000000e-01, -2.664678535799015e-01
4.659090909090909e-01, 3.977272727272727e-01, -2.754624934218293e-01
4.659090909090909e-01, 4.204545454545455e-01, -2.834924438590399e-01
4.659090909090909e-01, 4.431818181818182e-01, -2.903338791399557e-01
4.659090909090909e-01, 4.659090909090909e-01, -2.960935809150699e-01
4.659090909090909e-01, 4.886363636363636e-01, -3.006222038426620e-01
4.659090909090909e-01, 5.113636363636364e-01, -3.039407130777798e-01
4.659090909090909e-01, 5.340909090909091e-01, -3.059991950938329e-01
4.659090909090909e-01, 5.568181818181818e-01, -3.067086257579751e-01
4.659090909090909e-01, 5.795454545454546e-01, -3.061366138056391e-01
4.659090909090909e-01, 6.022727272727273e-01, -3.040690973967281e-01
4.659090909090909e-01, 6.250000000000000e-01, -3.007062566398398e-01
4.659090909090909e-01, 6.477272727272727e-01, -2.956939465550960e-01
4.659090909090909e-01, 6.704545454545454e-01, -2.893119611002071e-01
4.659090909090909e-01, 6.931818181818182e-01, -2.812550381396745e-01
4.659090909090909e-01, 7.159090909090909e-01, -2.716841702581290e-01
4.659090909090909e-01, 7.386363636363636e-01, -2.604242910481871e-01
4.659090909090909e-01, 7.613636363636364e-01, -2.474976164830331e-01
4.659090909090909e-01, 7.840909090909091e-01, -2.328736877087716e-01
4.659090909090909e-01, 8.068181818181818e-01, -2.164234652485519e-01
4.659090909090909e-01, 8.295454545454546e-01, -1.982752825609592e-01
4.659090909090909e-01, 8.522727272727273e-01, -1.781338105737653e-01
4.659090909090909e-01, 8.750000000000000e-01, -1.563012073419205e-01
4.659090909090909e-01, 8.977272727272727e-01, -1.323008256250022e-01
4.659090909090909e-01, 9.204545454545454e-01, -1.065292352128715e-01
4.659090909090909e-01, 9.431818181818182e-01, -7.859676101379363e-02
4.659090909090909e-01, 9.659090909090909e-01, -4.871549675301889e-02
4.659090909090909e-01, 9.886363636363636e-01, -1.669393221202519e-02
4.886363636363636e-01, 1.136363636363636e-02, -1.036706562799621e-02
4.886363636363636e-01, 3.409090909090909e-02, -3.086587386687044e-02
4.886363636363636e-01, 5.681818181818182e-02, -5.095465998952742e-02
4.886363636363636e-01, 7.954545454545454e-02, -7.062619177404141e-02
4.886363636363636e-01, 1.022727272727273e-01, -8.977773254751349e-02
4.886363636363636e-01, 1.250000000000000e-01, -1.084583876623971e-01
4.886363636363636e-01, 1.477272727272727e-01, -1.265039434395736e-01
4.886363636363636e-01, 1.704545454545454e-01, -1.440020126692428e-01
4.886363636363636e-01, 1.931818181818182e-01, -1.608009726037649e-01
4.886363636363636e-01, 2.159090909090909e-01, -1.769467171995120e-01
4.886363636363636e-01, 2.386363636363636e-01, -1.923365239342157e-01
4.886363636363636e-01, 2.613636363636364e-01, -2.069602182942098e-01
4.886363636363636e-01, 2.840909090909091e-01, -2.207777193833291e-01
4.886363636363636e-01, 3.068181818181818e-01, -2.337102589346942e-01
4.886363636363636e-01, 3.295454545454545e-01, -2.457924091672669e-01
4.886363636363636e-01, 3.522727272727273e-01, -2.568646084029080e-01
4.886363636363636e-01, 3.750000000000000e-01, -2.670485720474544e-01
4.886363636363636e-01, 3.977272727272727e-01, -2.760910617067868e-01
4.886363636363636e-01, 4.204545454545455e-01, -2.841676717729074e-01
4.886363636363636e-01, 4.431818181818182e-01, -2.910574403538390e-01
4.886363636363636e-01, 4.659090909090909e-01, -2.968570314910906e-01
4.886363636363636e-01, 4.886363636363636e-01, -3.014315925628360e-01
4.886363636363636e-01, 5.113636363636364e-01, -3.047845140152148e-01
4.886363636363636e-01, 5.340909090909091e-01, -3.068801788068700e-01
4.886363636363636e-01, 5.568181818181818e-01, -3.076180130095757e-01
4.886363636363636e-01, 5.795454545454546e-01, -3.070725131370332e-01
4.886363636363636e-01, 6.022727272727273e-01, -3.050254564127514e-01
4.886363636363636e-01, 6.250000000000000e-01, -3.016767387586990e-01
4.886363636363636e-01, 6.477272727272727e-01, -2.966748126808305e-01
4.886363636363636e-01, 6.704545454545454e-01, -2.902944176401896e-01
4.886363636363636e-01, 6.931818181818182e-01, -2.822340972106581e-01
4.886363636363636e-01, 7.159090909090909e-01, -2.726524687259489e-01
4.886363636363636e-01, 7.386363636363636e-01, -2.613713801479669e-01
4.886363636363636e-01, 7.613636363636364e-01, -2.484189942190112e-01
4.886363636363636e-01, 7.840909090909091e-01, -2.337548382080196e-01
4.886363636363636e-01, 8.068181818181818e-01, -2.172621655411956e-01
4.886363636363636e-01, 8.295454545454546e-01, -1.990535244620267e-01
4.886363636363636e-01, 8.522727272727273e-01, -1.788502307790139e-01
4.886363636363636e-01, 8.750000000000000e-01, -1.569359220497327e-01
4.886363636363636e-01, 8.977272727272727e-01, -1.328515186225374e-01
4.886363636363636e-01, 9.204545454545454e-01, -1.069820396850777e-01
4.886363636363636e-01, 9.431818181818182e-01, -7.893443650559430e-02
4.886363636363636e-01, 9.659090909090909e-01, -4.894043743532665e-02
4.886363636363636e-01, 9.886363636363636e-01, -1.676745777553821e-02
5.113636363636364e-01, 1.136363636363636e-02, -1.031682847131590e-02
5.113636363636364e-01, 3.409090909090909e-02, -3.074670818963088e-02
5.113636363636364e-01, 5.681818181818182e-02, -5.075929831571316e-02
5.113636363636364e-01, 7.954545454545454e-02, -7.037405064515161e-02
5.113636363636364e-01, 1.022727272727273e-01, -8.946667335852027e-02
5.113636363636364e-01, 1.250000000000000e-01, -1.081027662381383e-01
5.113636363636364e-01, 1.477272727272727e-01, -1.261043171773158e-01
5.113636363636364e-01, 1.704545454545454e-01, -1.435680023749552e-01
5.113636363636364e-01, 1.931818181818182e-01, -1.603376121868333e-01
5.113636363636364e-01, 2.159090909090909e-01, -1.764591371217328e-01
5.113636363636364e-01, 2.386363636363636e-01, -1.918319636700817e-01
5.113636363636364e-01, 2.613636363636364e-01, -2.064414567535811e-01
5.113636363636364e-01, 2.840909090909091e-01, -2.202528015115773e-01
5.113636363636364e-01, 3.068181818181818e-01, -2.331811103747631e-01
5.113636363636364e-01, 3.295454545454545e-01, -2.452655809546083e-01
5.113636363636364e-01, 3.522727272727273e-01, -2.563416561103419e-01
5.113636363636364e-01, 3.750000000000000e-01, -2.665357830552088e-01
5.113636363636364e-01, 3.977272727272727e-01, -2.755885879850518e-01
5.113636363636364e-01, 4.204545454545455e-01, -2.836815473171995e-01
5.113636363636364e-01, 4.431818181818182e-01, -2.905874261361626e-01
5.113636363636364e-01, 4.659090909090909e-01, -2.964090686607742e-01
5.113636363636364e-01, 4.886363636363636e-01, -3.010037173943516e-01
5.113636363636364e-01, 5.113636363636364e-01, -3.043837766278140e-01
5.113636363636364e-01, 5.340909090909091e-01, -3.065030370371937e-01
5.113636363636364e-01, 5.568181818181818e-01, -3.072699678210110e-01
5.113636363636364e-01, 5.795454545454546e-01, -3.067509938140728e-01
5.113636363636364e-01, 6.022727272727273e-01, -3.047338284711250e-01
5.113636363636364e-01, 6.250000000000000e-01, -3.014132327947612e-01
5.113636363636364e-01, 6.477272727272727e-01, -2.964410258479591e-01
5.113636363636364e-01, 6.704545454545454e-01, -2.900896933914449e-01
5.113636363636364e-01, 6.931818181818182e-01, -2.820572746362378e-01
5.113636363636364e-01, 7.159090909090909e-01, -2.725046974441238e-01
5.113636363636364e-01, 7.386363636363636e-01, -2.612483449096644e-01
5.113636363636364e-01, 7.613636363636364e-01, -2.483239158106600e-01
5.113636363636364e-01, 7.840909090909091e-01, -2.336800721395969e-01
5.113636363636364e-01, 8.068181818181818e-01, -2.172111741311535e-01
5.113636363636364e-01, 8.295454545454546e-01, -1.990183662981115e-01
5.113636363636364e-01, 8.522727272727273e-01, -1.788342034962294e-01
5.113636363636364e-01, 8.750000000000000e-01, -1.569292177678863e-01
5.113636363636364e-01, 8.977272727272727e-01, -1.328590375935207e-01
5.113636363636364e-01, 9.204545454545454e-01, -1.069933393067910e-01
5.113636363636364e-01, 9.431818181818182e-01, -7.895179098704672e-02
5.113636363636364e-01, 9.659090909090909e-01, -4.895461574464496e-02
5.113636363636364e-01, 9.886363636363636e-01, -1.677864621882271e-02
5.340909090909091e-01, 1.136363636363636e-02, -1.023841365446490e-02
5.340909090909091e-01, 3.409090909090909e-02, -3.048931642639128e-02
5.340909090909091e-01, 5.681818181818182e-02, -5.036458188697987e-02
5.340909090909091e-01, 7.954545454545454e-02, -6.982963655675596e-02
5.340909090909091e-01, 1.022727272727273e-01, -8.879361255247617e-02
5.340909090909091e-01, 1.250000000000000e-01, -1.073068389405181e-01
5.340909090909091e-01, 1.477272727272727e-01, -1.251898241567213e-01
5.340909090909091e-01, 1.704545454545454e-01, -1.425513886412657e-01
5.340909090909091e-01, 1.931818181818182e-01, -1.592175531614188e-01
5.340909090909091e-01, 2.159090909090909e-01, -1.752559019069150e-01
5.340909090909091e-01, 2.386363636363636e-01, -1.905411580687116e-01
5.340909090909091e-01, 2.613636363636364e-01, -2.050847493151058e-01
5.340909090909091e-01, 2.840909090909091e-01, -2.188250210155368e-01
5.340909090909091e-01, 3.068181818181818e-01, -2.317023258050050e-01
5.340909090909091e-01, 3.295454545454545e-01, -2.437368375301501e-01
5.340909090909091e-01, 3.522727272727273e-01, -2.547730513481065e-01
5.340909090909091e-01, 3.750000000000000e-01, -2.649358778434499e-01
5.340909090909091e-01, 3.977272727272727e-01, -2.739613706997976e-01
5.340909090909091e-01, 4.204545454545455e-01, -2.820378440938515e-01
5.340909090909091e-01, 4.431818181818182e-01, -2.889317543912095e-01
5.340909090909091e-01, 4.659090909090909e-01, -2.947503909223541e-01
5.340909090909091e-01, 4.886363636363636e-01, -2.993486993249412e-01
5.340909090909091e-01, 5.113636363636364e-01, -3.027380297228894e-01
5.340909090909091e-01, 5.340909090909091e-01, -3.048767307093880e-01
5.340909090909091e-01, 5.568181818181818e-01, -3.056653025019968e-01
5.340909090909091e-01, 5.795454545454546e-01, -3.051786956930386e-01
5.340909090909091e-01, 6.022727272727273e-01, -3.031967857151633e-01
5.340909090909091e-01, 6.250000000000000e-01, -2.999190228601985e-01
5.340909090909091e-01, 6.477272727272727e-01, -2.949970966144159e-01
5.340909090909091e-01, 6.704545454545454e-01, -2.886987248768696e-01
5.340909090909091e-01, 6.931818181818182e-01, -2.807309000594933e-01
5.340909090909091e-01, 7.159090909090909e-01, -2.712405458769419e-01
5.340909090909091e-01, 7.386363636363636e-01, -2.600629169959834e-01
5.340909090909091e-01, 7.613636363636364e-01, -2.472092397645624e-01
5.340909090909091e-01, 7.840909090909091e-01, -2.326579347741355e-01
5.340909090909091e-01, 8.068181818181818e-01, -2.162696319552791e-01
5.340909090909091e-01, 8.295454545454546e-01, -1.981740924249366e-01
5.340909090909091e-01, 8.522727272727273e-01, -1.780866280419667e-01
5.340909090909091e-01, 8.750000000000000e-01, -1.562811773231268e-01
5.340909090909091e-01, 8.977272727272727e-01, -1.323252189611155e-01
5.340909090909091e-01, 9.204545454545454e-01, -1.065657576517615e-01
5.340909090909091e-01, 9.431818181818182e-01, -7.865048006130022e-02
5.340909090909091e-01, 9.659090909090909e-01, -4.876585181468376e-02
5.340909090909091e-01, 9.886363636363636e-01, -1.672755823826471e-02
5.568181818181818e-01, 1.136363636363636e-02, -1.009335758975078e-02
5.568181818181818e-01, 3.409090909090909e-02, -3.012214040359522e-02
5.568181818181818e-01, 5.681818181818182e-02, -4.973300472206570e-02
5.568181818181818e-01, 7.954545454545454e-02, -6.899808094142303e-02
5.568181818181818e-01, 1.022727272727273e-01, -8.773080694701062e-02
5.568181818181818e-01, 1.250000000000000e-01, -1.060559288155523e-01
5.568181818181818e-01, 1.477272727272727e-01, -1.237392178783155e-01
5.568181818181818e-01, 1.704545454545454e-01, -1.409248544833360e-01
5.568181818181818e-01, 1.931818181818182e-01, -1.574230046070675e-01
5.568181818181818e-01, 2.159090909090909e-01, -1.732999722361647e-01
5.568181818181818e-01, 2.386363636363636e-01, -1.884469556497910e-01
5.568181818181818e-01, 2.613636363636364e-01, -2.028461519281796e-01
5.568181818181818e-01, 2.840909090909091e-01, -2.164758825637323e-01
5.568181818181818e-01, 3.068181818181818e-01, -2.292282870330665e-01
5.568181818181818e-01, 3.295454545454545e-01, -2.411746209193661e-01
5.568181818181818e-01, 3.522727272727273e-01, -2.521155790675299e-01
5.568181818181818e-01, 3.750000000000000e-01, -2.622080309071436e-01
5.568181818181818e-01, 3.977272727272727e-01, -2.711663081982125e-01
5.568181818181818e-01, 4.204545454545455e-01, -2.791916823934328e-01
5.568181818181818e-01, 4.431818181818182e-01, -2.860453724197327e-01
5.568181818181818e-01, 4.659090909090909e-01, -2.918348008340735e-01
5.568181818181818e-01, 4.886363636363636e-01, -2.964176957193925e-01
5.568181818181818e-01, 5.113636363636364e-01, -2.998023940054200e-01
5.568181818181818e-01, 5.340909090909091e-01, -3.019482302183914e-01
5.568181818181818e-01, 5.568181818181818e-01, -3.027594999288865e-01
5.568181818181818e-01, 5.795454545454546e-01, -3.023019610653624e-01
5.568181818181818e-01, 6.022727272727273e-01, -3.003688653367116e-01
5.568181818181818e-01, 6.250000000000000e-01, -2.971439098696930e-01
5.568181818181818e-01, 6.477272727272727e-01, -2.922953041293362e-01
5.568181818181818e-01, 6.704545454545454e-01, -2.860767665497699e-01
5.568181818181818e-01, 6.931818181818182e-01, -2.782039077323096e-01
5.568181818181818e-01, 7.159090909090909e-01, -2.688232765681775e-01
5.568181818181818e-01, 7.386363636363636e-01, -2.577598242295946e-01
5.568181818181818e-01, 7.613636363636364e-01, -2.450486907431493e-01
5.568181818181818e-01, 7.840909090909091e-01, -2.306282689857259e-01
5.568181818181818e-01, 8.068181818181818e-01, -2.144183327617273e-01
5.568181818181818e-01, 8.295454545454546e-01, -1.964745350150950e-01
5.568181818181818e-01, 8.522727272727273e-01, -1.765880160236587e-01
5.568181818181818e-01, 8.750000000000000e-01, -1.549640008545792e-01
5.568181818181818e-01, 8.977272727272727e-01, -1.312299563146251e-01
5.568181818181818e-01, 9.204545454545454e-01, -1.056873781961761e-01
5.568181818181818e-01, 9.431818181818182e-01, -7.800966769489159e-02
5.568181818181818e-01, 9.659090909090909e-01, -4.838048823972166e-02
5.568181818181818e-01, 9.886363636363636e-01, -1.659274032948786e-02
5.795454545454546e-01, 1.136363636363636e-02, -9.945973042981388e-03
5.795454545454546e-01, 3.409090909090909e-02, -2.962645778115036e-02
5.795454545454546e-01, 5.681818181818182e-02, -4.895328046610367e-02
5.795454545454546e-01, 7.954545454545454e-02, -6.788546427037584e-02
5.795454545454546e-01, 1.022727272727273e-01, -8.635736764980317e-02
5.795454545454546e-01, 1.250000000000000e-01, -1.043921667253876e-01
5.795454545454546e-01, 1.477272727272727e-01, -1.218248578823336e-01
5.795454545454546e-01, 1.704545454545454e-01, -1.387577360070638e-01
5.795454545454546e-01, 1.931818181818182e-01, -1.550223915937171e-01
5.795454545454546e-01, 2.159090909090909e-01, -1.706829355792692e-01
5.795454545454546e-01, 2.386363636363636e-01, -1.856166301481220e-01
5.795454545454546e-01, 2.613636363636364e-01, -1.998344383344451e-01
5.795454545454546e-01, 2.840909090909091e-01, -2.132742574339284e-01
5.795454545454546e-01, 3.068181818181818e-01, -2.258789401770884e-01
5.795454545454546e-01, 3.295454545454545e-01, -2.376619806148312e-01
5.795454545454546e-01, 3.522727272727273e-01, -2.484831607936651e-01
5.795454545454546e-01, 3.750000000000000e-01, -2.584523155614816e-01
5.795454545454546e-01, 3.977272727272727e-01, -2.673138436373744e-01
5.795454545454546e-01, 4.204545454545455e-01, -2.752525864489154e-01
5.795454545454546e-01, 4.431818181818182e-01, -2.820377568609388e-01
5.795454545454546e-01, 4.659090909090909e-01, -2.877757414092992e-01
5.795454545454546e-01, 4.886363636363636e-01, -2.923216941480105e-01
5.795454545454546e-01, 5.113636363636364e-01, -2.956885883317761e-01
5.795454545454546e-01, 5.340909090909091e-01, -2.978324769530712e-01
5.795454545454546e-01, 5.568181818181818e-01, -2.986579649952522e-01
5.795454545454546e-01, 5.795454545454546e-01, -2.982369592456458e-01
5.795454545454546e-01, 6.022727272727273e-01, -2.963507432536908e-01
5.795454545454546e-01, 6.250000000000000e-01, -2.931977597647342e-01
5.795454545454546e-01, 6.477272727272727e-01, -2.884338354833605e-01
5.795454545454546e-01, 6.704545454545454e-01, -2.823223713100078e-01
5.795454545454546e-01, 6.931818181818182e-01, -2.745742015460540e-01
5.795454545454546e-01, 7.159090909090909e-01, -2.653340199196837e-01
5.795454545454546e-01, 7.386363636363636e-01, -2.544388584213184e-01
5.795454545454546e-01, 7.613636363636364e-01, -2.418997563433095e-01
5.795454545454546e-01, 7.840909090909091e-01, -2.276948912939399e-01
5.795454545454546e-01, 8.068181818181818e-01, -2.116867053897764e-01
5.795454545454546e-01, 8.295454545454546e-01, -1.940094649276396e-01
5.795454545454546e-01, 8.522727272727273e-01, -1.743620768041584e-01
5.795454545454546e-01, 8.750000000000000e-01, -1.530335299751576e-01
5.795454545454546e-01, 8.977272727272727e-01, -1.295931733146422e-01
5.795454545454546e-01, 9.204545454545454e-01, -1.043789548466038e-01
5.795454545454546e-01, 9.431818181818182e-01, -7.704739219942471e-02
5.795454545454546e-01, 9.659090909090909e-01, -4.777750027154871e-02
5.795454545454546e-01, 9.886363636363636e-01, -1.639221327092328e-02
6.022727272727273e-01, 1.136363636363636e-02, -9.708424615137764e-03
6.022727272727273e-01, 3.409090909090909e-02, -2.900080432061909e-02
6.022727272727273e-01, 5.681818181818182e-02, -4.789939686621310e-02
6.022727272727273e-01, 7.954545454545454e-02, -6.648719756044884e-02
6.022727272727273e-01, 1.022727272727273e-01, -8.454487835458475e-02
6.022727272727273e-01, 1.250000000000000e-01, -1.022639604754124e-01
6.022727272727273e-01, 1.477272727272727e-01, -1.193305747790701e-01
6.022727272727273e-01, 1.704545454545454e-01, -1.359605791868236e-01
6.022727272727273e-01, 1.931818181818182e-01, -1.519080875101568e-01
6.022727272727273e-01, 2.159090909090909e-01, -1.672832214007087e-01
6.022727272727273e-01, 2.386363636363636e-01, -1.819473523862875e-01
6.022727272727273e-01, 2.613636363636364e-01, -1.959021137069319e-01
6.022727272727273e-01, 2.840909090909091e-01, -2.091183272420701e-01
6.022727272727273e-01, 3.068181818181818e-01, -2.214875051551678e-01
6.022727272727273e-01, 3.295454545454545e-01, -2.330909927324059e-01
6.022727272727273e-01, 3.522727272727273e-01, -2.437096679402501e-01
6.022727272727273e-01, 3.750000000000000e-01, -2.535353528754875e-01
6.022727272727273e-01, 3.977272727272727e-01, -2.622451762600129e-01
6.022727272727273e-01, 4.204545454545455e-01, -2.700709582158889e-01
6.022727272727273e-01, 4.431818181818182e-01, -2.767540123886185e-01
6.022727272727273e-01, 4.659090909090909e-01, -2.824151573227670e-01
6.022727272727273e-01, 4.886363636363636e-01, -2.869062414119310e-01
6.022727272727273e-01, 5.113636363636364e-01, -2.902383084898501e-01
6.022727272727273e-01, 5.340909090909091e-01, -2.923719556535835e-01
6.022727272727273e-01, 5.568181818181818e-01, -2.932107992914232e-01
6.022727272727273e-01, 5.795454545454546e-01, -2.928212794788196e-01
6.022727272727273e-01, 6.022727272727273e-01, -2.910030509447873e-01
6.022727272727273e-01, 6.250000000000000e-01, -2.879243733499038e-01
6.022727272727273e-01, 6.477272727272727e-01, -2.832799062068813e-01
6.022727272727273e-01, 6.704545454545454e-01, -2.772935631424186e-01
6.022727272727273e-01, 6.931818181818182e-01, -2.697124413077454e-01
6.022727272727273e-01, 7.159090909090909e-01, -2.606547999905960e-01
6.022727272727273e-01, 7.386363636363636e-01, -2.499709430307198e-01
6.022727272727273e-01, 7.613636363636364e-01, -2.376786839092055e-01
6.022727272727273e-01, 7.840909090909091e-01, -2.237257671887392e-01
6.022727272727273e-01, 8.068181818181818e-01, -2.080358903721417e-01
6.022727272727273e-01, 8.295454545454546e-01, -1.906473510102743e-01
6.022727272727273e-01, 8.522727272727273e-01, -1.713971828188499e-01
6.022727272727273e-01, 8.750000000000000e-01, -1.504062242838191e-01
6.022727272727273e-01, 8.977272727272727e-01, -1.274132594051577e-01
6.022727272727273e-01, 9.204545454545454e-01, -1.026104088074550e-01
6.022727272727273e-01, 9.431818181818182e-01, -7.576920206978990e-02
6.022727272727273e-01, 9.659090909090909e-01, -4.699206664807552e-02
6.022727272727273e-01, 9.886363636363636e-01, -1.613578431331313e-02
6.250000000000000e-01, 1.136363636363636e-02, -9.493705318158449e-03
6.250000000000000e-01, 3.409090909090909e-02, -2.828686072706241e-02
6.250000000000000e-01, 5.681818181818182e-02, -4.673933718055964e-02
6.250000000000000e-01, 7.954545454545454e-02, -6.484058078152383e-02
6.250000000000000e-01, 1.022727272727273e-01, -8.249922725109790e-02
6.250000000000000e-01, 1.250000000000000e-01, -9.974957475919170e-02
6.250000000000000e-01, 1.477272727272727e-01, -1.164481845172557e-01
6.250000000000000e-01, 1.704545454545454e-01, -1.326638257512465e-01
6.250000000000000e-01, 1.931818181818182e-01, -1.482610352813737e-01
6.250000000000000e-01, 2.159090909090909e-01, -1.632757779988970e-01
6.250000000000000e-01, 2.386363636363636e-01, -1.776126266043234e-01
6.250000000000000e-01, 2.613636363636364e-01, -1.912602897600184e-01
6.250000000000000e-01, 2.840909090909091e-01, -2.041778272079643e-01
6.250000000000000e-01, 3.068181818181818e-01, -2.162922411806832e-01
6.250000000000000e-01, 3.295454545454545e-01, -2.276315280351134e-01
6.250000000000000e-01, 3.522727272727273e-01, -2.380465350272614e-01
6.250000000000000e-01, 3.750000000000000e-01, -2.476486427455923e-01
6.250000000000000e-01, 3.977272727272727e-01, -2.561980966250142e-01
6.250000000000000e-01, 4.204545454545455e-01, -2.638600098837023e-01
6.250000000000000e-01, 4.431818181818182e-01, -2.704218746910596e-01
6.250000000000000e-01, 4.659090909090909e-01, -2.759774649252355e-01
6.250000000000000e-01, 4.886363636363636e-01, -2.803928422501080e-01
6.250000000000000e-01, 5.113636363636364e-01, -2.836759945646118e-01
6.250000000000000e-01, 5.340909090909091e-01, -2.857859989514177e-01
6.250000000000000e-01, 5.568181818181818e-01, -2.866306139861224e-01
6.250000000000000e-01, 5.795454545454546e-01, -2.862763756589861e-01
6.250000000000000e-01, 6.022727272727273e-01, -2.845163715788005e-01
6.250000000000000e-01, 6.250000000000000e-01, -2.815390389240909e-01
6.250000000000000e-01, 6.477272727272727e-01, -2.770083553010911e-01
6.250000000000000e-01, 6.704545454545454e-01, -2.711857441477525e-01
6.250000000000000e-01, 6.931818181818182e-01, -2.637816997170458e-01
6.250000000000000e-01, 7.159090909090909e-01, -2.549477886024140e-01
6.250000000000000e-01, 7.386363636363636e-01, -2.445115969135254e-01
6.250000000000000e-01, 7.613636363636364e-01, -2.325003987274312e-01
6.250000000000000e-01, 7.840909090909091e-01, -2.188733087106322e-01
6.250000000000000e-01, 8.068181818181818e-01, -2.035188775885633e-01
6.250000000000000e-01, 8.295454545454546e-01, -1.865421803779407e-01
6.250000000000000e-01, 8.522727272727273e-01, -1.676786190485281e-01
6.250000000000000e-01, 8.750000000000000e-01, -1.471936540955656e-01
6.250000000000000e-01, 8.977272727272727e-01, -1.246551204389751e-01
6.250000000000000e-01, 9.204545454545454e-01, -1.004206931070997e-01
6.250000000000000e-01, 9.431818181818182e-01, -7.412398894094814e-02
6.250000000000000e-01, 9.659090909090909e-01, -4.597433766574661e-02
6.250000000000000e-01, 9.886363636363636e-01, -1.576093208807557e-02
6.477272727272727e-01, 1.136363636363636e-02, -9.165991335202742e-03
6.477272727272727e-01, 3.409090909090909e-02, -2.739462249277139e-02
6.477272727272727e-01, 5.681818181818182e-02, -4.527296890959263e-02
6.477272727272727e-01, 7.954545454545454e-02, -6.286639144091416e-02
6.477272727272727e-01, 1.022727272727273e-01, -7.996305470077633e-02
6.477272727272727e-01, 1.250000000000000e-01, -9.676206701227932e-02
6.477272727272727e-01, 1.477272727272727e-01, -1.129177896385509e-01
6.477272727272727e-01, 1.704545454545454e-01, -1.287179498798496e-01
6.477272727272727e-01, 1.931818181818182e-01, -1.438385856606658e-01
6.477272727272727e-01, 2.159090909090909e-01, -1.584568469263800e-01
6.477272727272727e-01, 2.386363636363636e-01, -1.723829415789409e-01
6.477272727272727e-01, 2.613636363636364e-01, -1.856603490254765e-01
6.477272727272727e-01, 2.840909090909091e-01, -1.982319605605967e-01
6.477272727272727e-01, 3.068181818181818e-01, -2.100100685237106e-01
6.477272727272727e-01, 3.295454545454545e-01, -2.210667674254052e-01
6.477272727272727e-01, 3.522727272727273e-01, -2.311876397277028e-01
6.477272727272727e-01, 3.750000000000000e-01, -2.405685090573285e-01
6.477272727272727e-01, 3.977272727272727e-01, -2.488747188104213e-01
6.477272727272727e-01, 4.204545454545455e-01, -2.563674885162702e-01
6.477272727272727e-01, 4.431818181818182e-01, -2.627596452903400e-01
6.477272727272727e-01, 4.659090909090909e-01, -2.681945229807092e-01
6.477272727272727e-01, 4.886363636363636e-01, -2.725114623854268e-01
6.477272727272727e-01, 5.113636363636364e-01, -2.757313279804442e-01
6.477272727272727e-01, 5.340909090909091e-01, -2.778114004386268e-01
6.477272727272727e-01, 5.568181818181818e-01, -2.786596466588525e-01
6.477272727272727e-01, 5.795454545454546e-01, -2.783407201000768e-01
6.477272727272727e-01, 6.022727272727273e-01, -2.766612546329740e-01
6.477272727272727e-01, 6.250000000000000e-01, -2.737807171680904e-01
6.477272727272727e-01, 6.477272727272727e-01, -2.694179661364405e-01
6.477272727272727e-01, 6.704545454545454e-01, -2.637604756267338e-01
6.477272727272727e-01, 6.931818181818182e-01, -2.566003899874565e-01
6.477272727272727e-01, 7.159090909090909e-01, -2.480141715426412e-01
6.477272727272727e-01, 7.386363636363636e-01, -2.378939276691671e-01
6.477272727272727e-01, 7.613636363636364e-01, -2.262237570169748e-01
6.477272727272727e-01, 7.840909090909091e-01, -2.129800694623536e-01
6.477272727272727e-01, 8.068181818181818e-01, -1.980712619361187e-01
6.477272727272727e-01, 8.295454545454546e-01, -1.815403910493385e-01
6.477272727272727e-01, 8.522727272727273e-01, -1.632388104327356e-01
6.477272727272727e-01, 8.750000000000000e-01, -1.432565694338491e-01
6.477272727272727e-01, 8.977272727272727e-01, -1.214086368964554e-01
6.477272727272727e-01, 9.204545454545454e-01, -9.776149871235326e-02
6.477272727272727e-01, 9.431818181818182e-01, -7.222921307912522e-02
6.477272727272727e-01, 9.659090909090909e-01, -4.478830858901160e-02
6.477272727272727e-01, 9.886363636363636e-01, -1.540734958869770e-02
6.704545454545454e-01, 1.136363636363636e-02, -8.854307378946111e-03
6.704545454545454e-01, 3.409090909090909e-02, -2.644712807554222e-02
6.704545454545454e-01, 5.681818181818182e-02, -4.370478560681947e-02
6.704545454545454e-01, 7.954545454545454e-02, -6.067146189617499e-02
6.704545454545454e-01, 1.022727272727273e-01, -7.720799063428994e-02
6.704545454545454e-01, 1.250000000000000e-01, -9.339646481523475e-02
6.704545454545454e-01, 1.477272727272727e-01, -1.090531082272326e-01
6.704545454545454e-01, 1.704545454545454e-01, -1.242652437300295e-01
6.704545454545454e-01, 1.931818181818182e-01, -1.389293427829575e-01
6.704545454545454e-01, 2.159090909090909e-01, -1.530315516620512e-01
6.704545454545454e-01, 2.386363636363636e-01, -1.665259200638681e-01
6.704545454545454e-01, 2.613636363636364e-01, -1.793594721290342e-01
6.704545454545454e-01, 2.840909090909091e-01, -1.915320871212139e-01
6.704545454545454e-01, 3.068181818181818e-01, -2.029382631071913e-01
6.704545454545454e-01, 3.295454545454545e-01, -2.136371121908819e-01
6.704545454545454e-01, 3.522727272727273e-01, -2.234572039512765e-01
6.704545454545454e-01, 3.750000000000000e-01, -2.325302848263355e-01
6.704545454545454e-01, 3.977272727272727e-01, -2.406055951998374e-01
6.704545454545454e-01, 4.204545454545455e-01, -2.478500898309934e-01
6.704545454545454e-01, 4.431818181818182e-01, -2.540727591101273e-01
6.704545454545454e-01, 4.659090909090909e-01, -2.593425185586112e-01
6.704545454545454e-01, 4.886363636363636e-01, -2.635480405758299e-01
6.704545454545454e-01, 5.113636363636364e-01, -2.666843967774792e-01
6.704545454545454e-01, 5.340909090909091e-01, -2.687208095661172e-01
6.704545454545454e-01, 5.568181818181818e-01, -2.695651089467492e-01
6.704545454545454e-01, 5.795454545454546e-01, -2.692804652599259e-01
6.704545454545454e-01, 6.022727272727273e-01, -2.676740710830170e-01
6.704545454545454e-01, 6.250000000000000e-01, -2.649164411618495e-01
6.704545454545454e-01, 6.477272727272727e-01, -2.607007369473726e-01
6.704545454545454e-01, 6.704545454545454e-01, -2.552680834357574e-01
6.704545454545454e-01, 6.931818181818182e-01, -2.483346053279960e-01
6.704545454545454e-01, 7.159090909090909e-01, -2.400628308790603e-01
6.704545454545454e-01, 7.386363636363636e-01, -2.302652321010059e-01
6.704545454545454e-01, 7.613636363636364e-01, -2.189957929040610e-01
6.704545454545454e-01, 7.840909090909091e-01, -2.061822434891621e-01
6.704545454545454e-01, 8.068181818181818e-01, -1.917566384636749e-01
6.704545454545454e-01, 8.295454545454546e-01, -1.757753530355368e-01
6.704545454545454e-01, 8.522727272727273e-01, -1.580351338082172e-01
6.704545454545454e-01, 8.750000000000000e-01, -1.387343805979375e-01
6.704545454545454e-01, 8.977272727272727e-01, -1.175211619041192e-01
6.704545454545454e-01, 9.204545454545454e-01, -9.470529278176372e-02
6.704545454545454e-01, 9.431818181818182e-01, -6.990473707765252e-02
6.704545454545454e-01, 9.659090909090909e-01, -4.338646904158749e-02
6.704545454545454e-01, 9.886363636363636e-01, -1.487600133414881e-02
6.931818181818182e-01, 1.136363636363636e-02, -8.470019881308915e-03
6.931818181818182e-01, 3.409090909090909e-02, -2.531551860414982e-02
6.931818181818182e-01, 5.681818181818182e-02, -4.187230521221352e-02
6.931818181818182e-01, 7.954545454545454e-02, -5.816065587861374e-02
6.931818181818182e-01, 1.022727272727273e-01, -7.400533544151700e-02
6.931818181818182e-01, 1.250000000000000e-01, -8.958545739182053e-02
6.931818181818182e-01, 1.477272727272727e-01, -1.045682547962819e-01
6.931818181818182e-01, 1.704545454545454e-01, -1.192397435221425e-01
6.931818181818182e-01, 1.931818181818182e-01, -1.332602273914985e-01
6.931818181818182e-01, 2.159090909090909e-01, -1.468688147807433e-01
6.931818181818182e-01, 2.386363636363636e-01, -1.598035145609113e-01
6.931818181818182e-01, 2.613636363636364e-01, -1.721718684164939e-01
6.931818181818182e-01, 2.840909090909091e-01, -1.838686111209970e-01
6.931818181818182e-01, 3.068181818181818e-01, -1.948481223830364e-01
6.931818181818182e-01, 3.295454545454545e-01, -2.051540196612872e-01
6.931818181818182e-01, 3.522727272727273e-01, -2.145968153101818e-01
6.931818181818182e-01, 3.750000000000000e-01, -2.233582634102652e-01
6.931818181818182e-01, 3.977272727272727e-01, -2.311172062388930e-01
6.931818181818182e-01, 4.204545454545455e-01, -2.381293913030734e-01
6.931818181818182e-01, 4.431818181818182e-01, -2.441085748627922e-01
6.931818181818182e-01, 4.659090909090909e-01, -2.492172875583194e-01
6.931818181818182e-01, 4.886363636363636e-01, -2.532754717658329e-01
6.931818181818182e-01, 5.113636363636364e-01, -2.563212658958561e-01
6.931818181818182e-01, 5.340909090909091e-01, -2.583037576003706e-01
6.931818181818182e-01, 5.568181818181818e-01, -2.591406655391954e-01
6.931818181818182e-01, 5.795454545454546e-01, -2.588920608291437e-01
6.931818181818182e-01, 6.022727272727273e-01, -2.573748562095980e-01
6.931818181818182e-01, 6.250000000000000e-01, -2.547390432705442e-01
6.931818181818182e-01, 6.477272727272727e-01, -2.507232440793594e-01
6.931818181818182e-01, 6.704545454545454e-01, -2.454979061491652e-01
6.931818181818182e-01, 6.931818181818182e-01, -2.388852791086698e-01
6.931818181818182e-01, 7.159090909090909e-01, -2.309163067963103e-01
6.931818181818182e-01, 7.386363636363636e-01, -2.215410174122682e-01
6.931818181818182e-01, 7.613636363636364e-01, -2.106937857280805e-01
6.931818181818182e-01, 7.840909090909091e-01, -1.983986935920926e-01
6.931818181818182e-01, 8.068181818181818e-01, -1.845299627246866e-01
6.931818181818182e-01, 8.295454545454546e-01, -1.691572485481699e-01
6.931818181818182e-01, 8.522727272727273e-01, -1.521245581860100e-01
6.931818181818182e-01, 8.750000000000000e-01, -1.335157342401462e-01
6.931818181818182e-01, 8.977272727272727e-01, -1.131774170629024e-01
6.931818181818182e-01, 9.204545454545454e-01, -9.113972886973296e-02
6.931818181818182e-01, 9.431818181818182e-01, -6.738852992751444e-02
6.931818181818182e-01, 9.659090909090909e-01, -4.176817834025705e-02
6.931818181818182e-01, 9.886363636363636e-01, -1.440700970089438e-02
7.159090909090909e-01, 1.136363636363636e-02, -8.049471615968442e-03
7.159090909090909e-01, 3.409090909090909e-02, -2.414039344014906e-02
7.159090909090909e-01, 5.681818181818182e-02, -3.989184894692911e-02
7.159090909090909e-01, 7.954545454545454e-02, -5.543012007977076e-02
7.159090909090909e-01, 1.022727272727273e-01, -7.054312099576247e-02
7.159090909090909e-01, 1.250000000000000e-01, -8.538663542239189e-02
7.159090909090909e-01, 1.477272727272727e-01, -9.971320580732948e-02
7.159090909090909e-01, 1.704545454545454e-01, -1.136700743250189e-01
7.159090909090909e-01, 1.931818181818182e-01, -1.271120429285904e-01
7.159090909090909e-01, 2.159090909090909e-01, -1.400388652966240e-01
7.159090909090909e-01, 2.386363636363636e-01, -1.524495946318876e-01
7.159090909090909e-01, 2.613636363636364e-01, -1.642276635288002e-01
7.159090909090909e-01, 2.840909090909091e-01, -1.754358444305763e-01
7.159090909090909e-01, 3.068181818181818e-01, -1.859172224811411e-01
7.159090909090909e-01, 3.295454545454545e-01, -1.957807959106211e-01
7.159090909090909e-01, 3.522727272727273e-01, -2.048175560972844e-01
7.159090909090909e-01, 3.750000000000000e-01, -2.131944724566586e-01
7.159090909090909e-01, 3.977272727272727e-01, -2.206386978859475e-01
7.159090909090909e-01, 4.204545454545455e-01, -2.273367125770443e-01
7.159090909090909e-01, 4.431818181818182e-01, -2.330907009569075e-01
7.159090909090909e-01, 4.659090909090909e-01, -2.379693254883557e-01
7.159090909090909e-01, 4.886363636363636e-01, -2.418836390553152e-01
7.159090909090909e-01, 5.113636363636364e-01, -2.448075460794830e-01
7.159090909090909e-01, 5.340909090909091e-01, -2.467276089251771e-01
7.159090909090909e-01, 5.568181818181818e-01, -2.475489210734249e-01
7.159090909090909e-01, 5.795454545454546e-01, -2.473327339820164e-01
7.159090909090909e-01, 6.022727272727273e-01, -2.459035896906926e-01
7.159090909090909e-01, 6.250000000000000e-01, -2.434091697660888e-01
7.159090909090909e-01, 6.477272727272727e-01, -2.395817261668062e-01
7.159090909090909e-01, 6.704545454545454e-01, -2.346241121776710e-01
7.159090909090909e-01, 6.931818181818182e-01, -2.282935472117658e-01
7.159090909090909e-01, 7.159090909090909e-01, -2.207352002097421e-01
7.159090909090909e-01, 7.386363636363636e-01, -2.117493248355972e-01
7.159090909090909e-01, 7.613636363636364e-01, -2.014307468775435e-01
7.159090909090909e-01, 7.840909090909091e-01, -1.896594006972407e-01
7.159090909090909e-01, 8.068181818181818e-01, -1.764328628186115e-01
7.159090909090909e-01, 8.295454545454546e-01, -1.617342066013091e-01
7.159090909090909e-01, 8.522727272727273e-01, -1.454520365688525e-01
7.159090909090909e-01, 8.750000000000000e-01, -1.276842903720697e-01
7.159090909090909e-01, 8.977272727272727e-01, -1.081988885061968e-01
7.159090909090909e-01, 9.204545454545454e-01, -8.719218833782036e-02
7.159090909090909e-01, 9.431818181818182e-01, -6.438419878969749e-02
7.159090909090909e-01, 9.659090909090909e-01, -4.000419281281625e-02
7.159090909090909e-01, 9.886363636363636e-01, -1.371891620816004e-02
7.386363636363636e-01, 1.136363636363636e-02, -7.624472765771295e-03
7.386363636363636e-01, 3.409090909090909e-02, -2.277541752024341e-02
7.386363636363636e-01, 5.681818181818182e-02, -3.771599193321643e-02
7.386363636363636e-01, 7.954545454545454e-02, -5.239498652096677e-02
7.386363636363636e-01, 1.022727272727273e-01, -6.670195735067173e-02
7.386363636363636e-01, 1.250000000000000e-01, -8.076934358375241e-02
7.386363636363636e-01, 1.477272727272727e-01, -9.430559065183070e-02
7.386363636363636e-01, 1.704545454545454e-01, -1.075687402931402e-01
7.386363636363636e-01, 1.931818181818182e-01, -1.202501371656100e-01
7.386363636363636e-01, 2.159090909090909e-01, -1.325670942043708e-01
7.386363636363636e-01, 2.386363636363636e-01, -1.442588660160059e-01
7.386363636363636e-01, 2.613636363636364e-01, -1.554876857768656e-01
7.386363636363636e-01, 2.840909090909091e-01, -1.660801109585537e-01
7.386363636363636e-01, 3.068181818181818e-01, -1.760538154698331e-01
7.386363636363636e-01, 3.295454545454545e-01, -1.854048277207713e-01
7.386363636363636e-01, 3.522727272727273e-01, -1.939888029456207e-01
7.386363636363636e-01, 3.750000000000000e-01, -2.019553837626840e-01
7.386363636363636e-01, 3.977272727272727e-01, -2.090159864619065e-01
7.386363636363636e-01, 4.204545454545455e-01, -2.154047887964345e-01
7.386363636363636e-01, 4.431818181818182e-01, -2.208587226800692e-01
7.386363636363636e-01, 4.659090909090909e-01, -2.255278454509734e-01
7.386363636363636e-01, 4.886363636363636e-01, -2.292403876378618e-01
7.386363636363636e-01, 5.113636363636364e-01, -2.320479410256567e-01
7.386363636363636e-01, 5.340909090909091e-01, -2.338862259971949e-01
7.386363636363636e-01, 5.568181818181818e-01, -2.346884856597006e-01
7.386363636363636e-01, 5.795454545454546e-01, -2.345070864750912e-01
7.386363636363636e-01, 6.022727272727273e-01, -2.331729173762994e-01
7.386363636363636e-01, 6.250000000000000e-01, -2.308254619957464e-01
7.386363636363636e-01, 6.477272727272727e-01, -2.272247075182596e-01
7.386363636363636e-01, 6.704545454545454e-01, -2.225262669571924e-01
7.386363636363636e-01, 6.931818181818182e-01, -2.165673681093176e-01
7.386363636363636e-01, 7.159090909090909e-01, -2.093761334461586e-01
7.386363636363636e-01, 7.386363636363636e-01, -2.009244648599932e-01
7.386363636363636e-01, 7.613636363636364e-01, -1.910986602804741e-01
7.386363636363636e-01, 7.840909090909091e-01, -1.799891733404702e-01
7.386363636363636e-01, 8.068181818181818e-01, -1.674175252526441e-01
7.386363636363636e-01, 8.295454545454546e-01, -1.535015353726637e-01
7.386363636363636e-01, 8.522727272727273e-01, -1.380565117741256e-01
7.386363636363636e-01, 8.750000000000000e-01, -1.211844361068958e-01
7.386363636363636e-01, 8.977272727272727e-01, -1.027395430682125e-01
7.386363636363636e-01, 9.204545454545454e-01, -8.274419716916508e-02
7.386363636363636e-01, 9.431818181818182e-01, -6.119071997308384e-02
7.386363636363636e-01, 9.659090909090909e-01, -3.793064907557295e-02
7.386363636363636e-01, 9.886363636363636e-01, -1.313434102007670e-02
7.613636363636364e-01, 1.136363636363636e-02, -7.083726943665694e-03
7.613636363636364e-01, 3.409090909090909e-02, -2.137858250650076e-02
7.613636363636364e-01, 5.681818181818182e-02, -3.531956993250963e-02
7.613636363636364e-01, 7.954545454545454e-02, -4.914155262366931e-02
7.613636363636364e-01, 1.022727272727273e-01, -6.253521003072873e-02
7.613636363636364e-01, 1.250000000000000e-01, -7.575530057612312e-02
7.613636363636364e-01, 1.477272727272727e-01, -8.846788763827458e-02
7.613636363636364e-01, 1.704545454545454e-01, -1.009040159321377e-01
7.613636363636364e-01, 1.931818181818182e-01, -1.128548694346053e-01
7.613636363636364e-01, 2.159090909090909e-01, -1.243781191734460e-01
7.613636363636364e-01, 2.386363636363636e-01, -1.354334470241039e-01
7.613636363636364e-01, 2.613636363636364e-01, -1.459159552408333e-01
7.613636363636364e-01, 2.840909090909091e-01, -1.559409331818462e-01
7.613636363636364e-01, 3.068181818181818e-01, -1.652812809594626e-01
7.613636363636364e-01, 3.295454545454545e-01, -1.741146594965892e-01
7.613636363636364e-01, 3.522727272727273e-01, -1.821791568358884e-01
7.613636363636364e-01, 3.750000000000000e-01, -1.896919754867828e-01
7.613636363636364e-01, 3.977272727272727e-01, -1.963469414599649e-01
7.613636363636364e-01, 4.204545454545455e-01, -2.023614084757890e-01
7.613636363636364e-01, 4.431818181818182e-01, -2.075220106150696e-01
7.613636363636364e-01, 4.659090909090909e-01, -2.119129665193039e-01
7.613636363636364e-01, 4.886363636363636e-01, -2.154417582349206e-01
7.613636363636364e-01, 5.113636363636364e-01, -2.180850956439071e-01
7.613636363636364e-01, 5.340909090909091e-01, -2.198435987445882e-01
7.613636363636364e-01, 5.568181818181818e-01, -2.206164968940410e-01
7.613636363636364e-01, 5.795454545454546e-01, -2.204649701082722e-01
7.613636363636364e-01, 6.022727272727273e-01, -2.192337970500534e-01
7.613636363636364e-01, 6.250000000000000e-01, -2.170433393691614e-01
7.613636363636364e-01, 6.477272727272727e-01, -2.136744798676167e-01
7.613636363636364e-01, 6.704545454545454e-01, -2.092814734096455e-01
7.613636363636364e-01, 6.931818181818182e-01, -2.036760678432847e-01
7.613636363636364e-01, 7.159090909090909e-01, -1.969591426397090e-01
7.613636363636364e-01, 7.386363636363636e-01, -1.889761352837592e-01
7.613636363636364e-01, 7.613636363636364e-01, -1.798149942965323e-01
7.613636363636364e-01, 7.840909090909091e-01, -1.693123233995170e-01
7.613636363636364e-01, 8.068181818181818e-01, -1.575529563235590e-01
7.613636363636364e-01, 8.295454545454546e-01, -1.444223640045329e-01
7.613636363636364e-01, 8.522727272727273e-01, -1.299313242013490e-01
7.613636363636364e-01, 8.750000000000000e-01, -1.140441129532409e-01
7.613636363636364e-01, 8.977272727272727e-01, -9.668803615371507e-02
7.613636363636364e-01, 9.204545454545454e-01, -7.790486222343361e-02
7.613636363636364e-01, 9.431818181818182e-01, -5.756122558396250e-02
7.613636363636364e-01, 9.659090909090909e-01, -3.576480053743195e-02
7.613636363636364e-01, 9.886363636363636e-01, -1.228925529444196e-02
7.840909090909091e-01, 1.136363636363636e-02, -6.633313063623112e-03
7.840909090909091e-01, 3.409090909090909e-02, -1.978624577405564e-02
7.840909090909091e-01, 5.681818181818182e-02, -3.282261778874856e-02
7.840909090909091e-01, 7.954545454545454e-02, -4.559438224168245e-02
7.840909090909091e-01, 1.022727272727273e-01, -5.808316071182949e-02
7.840909090909091e-01, 1.250000000000000e-01, -7.034894126367797e-02
7.840909090909091e-01, 1.477272727272727e-01, -8.216894966887392e-02
7.840909090909091e-01, 1.704545454545454e-01, -9.374772412705415e-02
7.840909090909091e-01, 1.931818181818182e-01, -1.048340223075021e-01
7.840909090909091e-01, 2.159090909090909e-01, -1.155996580153520e-01
7.840909090909091e-01, 2.386363636363636e-01, -1.258324425541178e-01
7.840909090909091e-01, 2.613636363636364e-01, -1.356588184233893e-01
7.840909090909091e-01, 2.840909090909091e-01, -1.449182954106159e-01
7.840909090909091e-01, 3.068181818181818e-01, -1.536792998328786e-01
7.840909090909091e-01, 3.295454545454545e-01, -1.618712731532035e-01
7.840909090909091e-01, 3.522727272727273e-01, -1.694152141213062e-01
7.840909090909091e-01, 3.750000000000000e-01, -1.764106412462803e-01
7.840909090909091e-01, 3.977272727272727e-01, -1.826206895609533e-01
7.840909090909091e-01, 4.204545454545455e-01, -1.882418066534554e-01
7.840909090909091e-01, 4.431818181818182e-01, -1.930498702176734e-01
7.840909090909091e-01, 4.659090909090909e-01, -1.971705948982318e-01
7.840909090909091e-01, 4.886363636363636e-01, -2.004569169217559e-01
7.840909090909091e-01, 5.113636363636364e-01, -2.029511766548689e-01
7.840909090909091e-01, 5.340909090909091e-01, -2.045960094377668e-01
7.840909090909091e-01, 5.568181818181818e-01, -2.053377423156742e-01
7.840909090909091e-01, 5.795454545454546e-01, -2.052175880573158e-01
7.840909090909091e-01, 6.022727272727273e-01, -2.040845067461958e-01
7.840909090909091e-01, 6.250000000000000e-01, -2.020660914951622e-01
7.840909090909091e-01, 6.477272727272727e-01, -1.989457141377853e-01
7.840909090909091e-01, 6.704545454545454e-01, -1.948659803168882e-01
7.840909090909091e-01, 6.931818181818182e-01, -1.896756450286946e-01
7.840909090909091e-01, 7.159090909090909e-01, -1.834085920059528e-01
7.840909090909091e-01, 7.386363636363636e-01, -1.760286291649117e-01
7.840909090909091e-01, 7.613636363636364e-01, -1.674482871339237e-01
7.840909090909091e-01, 7.840909090909091e-01, -1.577590606695936e-01
7.840909090909091e-01, 8.068181818181818e-01, -1.467395021369951e-01
7.840909090909091e-01, 8.295454545454546e-01, -1.345768855029708e-01
7.840909090909091e-01, 8.522727272727273e-01, -1.210367806386243e-01
7.840909090909091e-01, 8.750000000000000e-01, -1.062634173000953e-01
7.840909090909091e-01, 8.977272727272727e-01, -9.009481934650448e-02
7.840909090909091e-01, 9.204545454545454e-01, -7.257402457952486e-02
7.840909090909091e-01, 9.431818181818182e-01, -5.366853019793298e-02
7.840909090909091e-01, 9.659090909090909e-01, -3.327470681354951e-02
7.840909090909091e-01, 9.886363636363636e-01, -1.151309660169406e-02
8.068181818181818e-01, 1.136363636363636e-02, -6.010495120362268e-03
8.068181818181818e-01, 3.409090909090909e-02, -1.817362273825218e-02
8.068181818181818e-01, 5.681818181818182e-02, -3.000699392228788e-02
8.068181818181818e-01, 7.954545454545454e-02, -4.183075998015500e-02
8.068181818181818e-01, 1.022727272727273e-01, -5.321485282358440e-02
8.068181818181818e-01, 1.250000000000000e-01, -6.453767762290194e-02
8.068181818181818e-01, 1.477272727272727e-01, -7.535656739909308e-02
8.068181818181818e-01, 1.704545454545454e-01, -8.600985405031822e-02
8.068181818181818e-01, 1.931818181818182e-01, -9.620355906909597e-02
8.068181818181818e-01, 2.159090909090909e-01, -1.060762307080894e-01
8.068181818181818e-01, 2.386363636363636e-01, -1.155272766853323e-01
8.068181818181818e-01, 2.613636363636364e-01, -1.245095575246572e-01
8.068181818181818e-01, 2.840909090909091e-01, -1.330991899443876e-01
8.068181818181818e-01, 3.068181818181818e-01, -1.410826026383540e-01
8.068181818181818e-01, 3.295454545454545e-01, -1.486907856422601e-01
8.068181818181818e-01, 3.522727272727273e-01, -1.555935739076229e-01
8.068181818181818e-01, 3.750000000000000e-01, -1.620735662336964e-01
8.068181818181818e-01, 3.977272727272727e-01, -1.677798652597276e-01
8.068181818181818e-01, 4.204545454545455e-01, -1.729723044901330e-01
8.068181818181818e-01, 4.431818181818182e-01, -1.774130013144670e-01
8.068181818181818e-01, 4.659090909090909e-01, -1.812114424539149e-01
8.068181818181818e-01, 4.886363636363636e-01, -1.842645220759008e-01
8.068181818181818e-01, 5.113636363636364e-01, -1.865638182238250e-01
8.068181818181818e-01, 5.340909090909091e-01, -1.881059850161540e-01
8.068181818181818e-01, 5.568181818181818e-01, -1.888022877390271e-01
8.068181818181818e-01, 5.795454545454546e-01, -1.887089674263304e-01
8.068181818181818e-01, 6.022727272727273e-01, -1.876935690651944e-01
8.068181818181818e-01, 6.250000000000000e-01, -1.858450717277204e-01
8.068181818181818e-01, 6.477272727272727e-01, -1.830021631647553e-01
8.068181818181818e-01, 6.704545454545454e-01, -1.792605941461698e-01
8.068181818181818e-01, 6.931818181818182e-01, -1.744997205533381e-01
8.068181818181818e-01, 7.159090909090909e-01, -1.687632925692479e-01
8.068181818181818e-01, 7.386363636363636e-01, -1.619579379434666e-01
8.068181818181818e-01, 7.613636363636364e-01, -1.541261809762931e-01
8.068181818181818e-01, 7.840909090909091e-01, -1.451485734133348e-01
8.068181818181818e-01, 8.068181818181818e-01, -1.351223460675958e-01
8.068181818181818e-01, 8.295454545454546e-01, -1.238434720542792e-01
8.068181818181818e-01, 8.522727272727273e-01, -1.114750200347193e-01
8.068181818181818e-01, 8.750000000000000e-01, -9.781460615738669e-02
8.068181818181818e-01, 8.977272727272727e-01, -8.298836979604882e-02
8.068181818181818e-01, 9.204545454545454e-01, -6.684245105039245e-02
8.068181818181818e-01, 9.431818181818182e-01, -4.943469234091090e-02
8.068181818181818e-01, 9.659090909090909e-01, -3.070649012225700e-02
8.068181818181818e-01, 9.886363636363636e-01, -1.058660258894879e-02
8.295454545454546e-01, 1.136363636363636e-02, -5.500504609817726e-03
8.295454545454546e-01, 3.409090909090909e-02, -1.641182997072630e-02
8.295454545454546e-01, 5.681818181818182e-02, -2.721077452192513e-02
8.295454545454546e-01, 7.954545454545454e-02, -3.778384544913151e-02
8.295454545454546e-01, 1.022727272727273e-01, -4.817918957121779e-02
8.295454545454546e-01, 1.250000000000000e-01, -5.835946980439180e-02
8.295454545454546e-01, 1.477272727272727e-01, -6.819748778660845e-02
8.295454545454546e-01, 1.704545454545454e-01, -7.781948224437940e-02
8.295454545454546e-01, 1.931818181818182e-01, -8.705744634189108e-02
8.295454545454546e-01, 2.159090909090909e-01, -9.601448197301640e-02
8.295454545454546e-01, 2.386363636363636e-01, -1.045508710811743e-01
8.295454545454546e-01, 2.613636363636364e-01, -1.127362863030206e-01
8.295454545454546e-01, 2.840909090909091e-01, -1.204695882586380e-01
8.295454545454546e-01, 3.068181818181818e-01, -1.277767300150550e-01
8.295454545454546e-01, 3.295454545454545e-01, -1.346054400238656e-01
8.295454545454546e-01, 3.522727272727273e-01, -1.409276628486063e-01
8.295454545454546e-01, 3.750000000000000e-01, -1.467748094921274e-01
8.295454545454546e-01, 3.977272727272727e-01, -1.519809482919504e-01
8.295454545454546e-01, 4.204545454545455e-01, -1.566885733187848e-01
8.295454545454546e-01, 4.431818181818182e-01, -1.607284627343784e-01
8.295454545454546e-01, 4.659090909090909e-01, -1.641899373805877e-01
8.295454545454546e-01, 4.886363636363636e-01, -1.669620963186685e-01
8.295454545454546e-01, 5.113636363636364e-01, -1.690707999863387e-01
8.295454545454546e-01, 5.340909090909091e-01, -1.704737548968276e-01
8.295454545454546e-01, 5.568181818181818e-01, -1.711230756198090e-01
8.295454545454546e-01, 5.795454545454546e-01, -1.710553620301953e-01
8.295454545454546e-01, 6.022727272727273e-01, -1.701386990778082e-01
8.295454545454546e-01, 6.250000000000000e-01, -1.684870569451177e-01
8.295454545454546e-01, 6.477272727272727e-01, -1.659096295994358e-01
8.295454545454546e-01, 6.704545454545454e-01, -1.625374777362989e-01
8.295454545454546e-01, 6.931818181818182e-01, -1.582278571857362e-01
8.295454545454546e-01, 7.159090909090909e-01, -1.530286353955120e-01
8.295454545454546e-01, 7.386363636363636e-01, -1.468854143070595e-01
8.295454545454546e-01, 7.613636363636364e-01, -1.397525894736679e-01
8.295454545454546e-01, 7.840909090909091e-01, -1.316743906095421e-01
8.295454545454546e-01, 8.068181818181818e-01, -1.225014683590663e-01
8.295454545454546e-01, 8.295454545454546e-01, -1.123869586708125e-01
8.295454545454546e-01, 8.522727272727273e-01, -1.010675031007800e-01
8.295454545454546e-01, 8.750000000000000e-01, -8.875345195756637e-02
8.295454545454546e-01, 8.977272727272727e-01, -7.524308389577812e-02
8.295454545454546e-01, 9.204545454545454e-01, -6.062836510869767e-02
8.295454545454546e-01, 9.431818181818182e-01, -4.482085343272695e-02
8.295454545454546e-01, 9.659090909090909e-01, -2.779935775203560e-02
8.295454545454546e-01, 9.886363636363636e-01, -9.593829820101868e-03
8.522727272727273e-01, 1.136363636363636e-02, -4.797943065214898e-03
8.522727272727273e-01, 3.409090909090909e-02, -1.453744453132553e-02
8.522727272727273e-01, 5.681818181818182e-02, -2.402645052033103e-02
8.522727272727273e-01, 7.954545454545454e-02, -3.352274725093198e-02
8.522727272727273e-01, 1.022727272727273e-01, -4.261264920054158e-02
8.522727272727273e-01, 1.250000000000000e-01, -5.176898851266470e-02
8.522727272727273e-01, 1.477272727272727e-01, -6.041866308528277e-02
8.522727272727273e-01, 1.704545454545454e-01, -6.903037812336349e-02
8.522727272727273e-01, 1.931818181818182e-01, -7.720385228755622e-02
8.522727272727273e-01, 2.159090909090909e-01, -8.518117762108697e-02
8.522727272727273e-01, 2.386363636363636e-01, -9.278088637611878e-02
8.522727272727273e-01, 2.613636363636364e-01, -1.000356134251317e-01
8.522727272727273e-01, 2.840909090909091e-01, -1.069624543697799e-01
8.522727272727273e-01, 3.068181818181818e-01, -1.134079282071962e-01
8.522727272727273e-01, 3.295454545454545e-01, -1.195612600600818e-01
8.522727272727273e-01, 3.522727272727273e-01, -1.251123780835063e-01
8.522727272727273e-01, 3.750000000000000e-01, -1.303900200226625e-01
8.522727272727273e-01, 3.977272727272727e-01, -1.349870117177719e-01
8.522727272727273e-01, 4.204545454545455e-01, -1.392175308586346e-01
8.522727272727273e-01, 4.431818181818182e-01, -1.428099897324210e-01
8.522727272727273e-01, 4.659090909090909e-01, -1.459091567684846e-01
8.522727272727273e-01, 4.886363636363636e-01, -1.483940584968954e-01
8.522727272727273e-01, 5.113636363636364e-01, -1.502791966184400e-01
8.522727272727273e-01, 5.340909090909091e-01, -1.515519783384763e-01
8.522727272727273e-01, 5.568181818181818e-01, -1.521419634029711e-01
8.522727272727273e-01, 5.795454545454546e-01, -1.520965252977545e-01
8.522727272727273e-01, 6.022727272727273e-01, -1.513117879376939e-01
8.522727272727273e-01, 6.250000000000000e-01, -1.498404956661759e-01
8.522727272727273e-01, 6.477272727272727e-01, -1.475879492732539e-01
8.522727272727273e-01, 6.704545454545454e-01, -1.445819105724757e-01
8.522727272727273e-01, 6.931818181818182e-01, -1.407820692798603e-01
8.522727272727273e-01, 7.159090909090909e-01, -1.361626090964184e-01
8.522727272727273e-01, 7.386363636363636e-01, -1.307070216143941e-01
8.522727272727273e-01, 7.613636363636364e-01, -1.243970336049003e-01
8.522727272727273e-01, 7.840909090909091e-01, -1.171757322525150e-01
8.522727272727273e-01, 8.068181818181818e-01, -1.090996895697037e-01
8.522727272727273e-01, 8.295454545454546e-01, -1.000012047395133e-01
8.522727272727273e-01, 8.522727272727273e-01, -9.008517926025994e-02
8.522727272727273e-01, 8.750000000000000e-01, -7.899656370470456e-02
8.522727272727273e-01, 8.977272727272727e-01, -6.709969378447575e-02
8.522727272727273e-01, 9.204545454545454e-01, -5.400413169002272e-02
8.522727272727273e-01, 9.431818181818182e-01, -4.000350999271569e-02
8.522727272727273e-01, 9.659090909090909e-01, -2.482828294697530e-02
8.522727272727273e-01, 9.886363636363636e-01, -8.610551068063575e-03
8.750000000000000e-01, 1.136363636363636e-02, -4.230012494258383e-03
8.750000000000000e-01, 3.409090909090909e-02, -1.262448427056245e-02
8.750000000000000e-01, 5.681818181818182e-02, -2.089905884528588e-02
8.750000000000000e-01, 7.954545454545454e-02, -2.904415934375565e-02
8.750000000000000e-01, 1.022727272727273e-01, -3.702029325005114e-02
8.750000000000000e-01, 1.250000000000000e-01, -4.483615358001009e-02
8.750000000000000e-01, 1.477272727272727e-01, -5.243036558002304e-02
8.750000000000000e-01, 1.704545454545454e-01, -5.982680602966344e-02
8.750000000000000e-01, 1.931818181818182e-01, -6.696597668600406e-02
8.750000000000000e-01, 2.159090909090909e-01, -7.385954537004936e-02
8.750000000000000e-01, 2.386363636363636e-01, -8.046385713151180e-02
8.750000000000000e-01, 2.613636363636364e-01, -8.677111262953488e-02
8.750000000000000e-01, 2.840909090909091e-01, -9.276075562201580e-02
8.750000000000000e-01, 3.068181818181818e-01, -9.839826364936081e-02
8.750000000000000e-01, 3.295454545454545e-01, -1.036934340379142e-01
8.750000000000000e-01, 3.522727272727273e-01, -1.085777661909582e-01
8.750000000000000e-01, 3.750000000000000e-01, -1.130986652999479e-01
8.750000000000000e-01, 3.977272727272727e-01, -1.171463985955852e-01
8.750000000000000e-01, 4.204545454545455e-01, -1.207932205614006e-01
8.750000000000000e-01, 4.431818181818182e-01, -1.239409489529112e-01
8.750000000000000e-01, 4.659090909090909e-01, -1.266302780174828e-01
8.750000000000000e-01, 4.886363636363636e-01, -1.287982157429715e-01
8.750000000000000e-01, 5.113636363636364e-01, -1.304466424154625e-01
8.750000000000000e-01, 5.340909090909091e-01, -1.315550094333226e-01
8.750000000000000e-01, 5.568181818181818e-01, -1.320791306622746e-01
8.750000000000000e-01, 5.795454545454546e-01, -1.320481538889882e-01
8.750000000000000e-01, 6.022727272727273e-01, -1.313645752115774e-01
8.750000000000000e-01, 6.250000000000000e-01, -1.301144903637446e-01
8.750000000000000e-01, 6.477272727272727e-01, -1.281398272645209e-01
8.750000000000000e-01, 6.704545454545454e-01, -1.255611995093250e-01
8.750000000000000e-01, 6.931818181818182e-01, -1.222417618972910e-01
8.750000000000000e-01, 7.159090909090909e-01, -1.182512282135827e-01
8.750000000000000e-01, 7.386363636363636e-01, -1.135072877435634e-01
8.750000000000000e-01, 7.613636363636364e-01, -1.080215068054177e-01
8.750000000000000e-01, 7.840909090909091e-01, -1.017733596917127e-01
8.750000000000000e-01, 8.068181818181818e-01, -9.470902235458802e-02
8.750000000000000e-01, 8.295454545454546e-01, -8.687700258791763e-02
8.750000000000000e-01, 8.522727272727273e-01, -7.815085117337271e-02
8.750000000000000e-01, 8.750000000000000e-01, -6.865535410232262e-02
8.750000000000000e-01, 8.977272727272727e-01, -5.818421981742920e-02
8.750000000000000e-01, 9.204545454545454e-01, -4.690642125225426e-02
8.750000000000000e-01, 9.431818181818182e-01, -3.464662862018106e-02
8.750000000000000e-01, 9.659090909090909e-01, -2.150364262258843e-02
8.750000000000000e-01, 9.886363636363636e-01, -7.376083441891362e-03
8.977272727272727e-01, 1.136363636363636e-02, -3.450037153049061e-03
8.977272727272727e-01, 3.409090909090909e-02, -1.048198312177510e-02
8.977272727272727e-01, 5.681818181818182e-02, -1.735586638821695e-02
8.977272727272727e-01, 7.954545454545454e-02, -2.424252579236431e-02
8.977272727272727e-01, 1.022727272727273e-01, -3.081608118678311e-02
8.977272727272727e-01, 1.250000000000000e-01, -3.748446025456222e-02
8.977272727272727e-01, 1.477272727272727e-01, -4.369359700831878e-02
8.977272727272727e-01, 1.704545454545454e-01, -5.000838142443565e-02
8.977272727272727e-01, 1.931818181818182e-01, -5.590149294199011e-02
8.977272727272727e-01, 2.159090909090909e-01, -6.174094060320477e-02
8.977272727272727e-01, 2.386363636363636e-01, -6.724408162008338e-02
8.977272727272727e-01, 2.613636363636364e-01, -7.254514735819928e-02
8.977272727272727e-01, 2.840909090909091e-01, -7.758256864254134e-02
8.977272727272727e-01, 3.068181818181818e-01, -8.228402410145741e-02
8.977272727272727e-01, 3.295454545454545e-01, -8.677817091525561e-02
8.977272727272727e-01, 3.522727272727273e-01, -9.082060324586272e-02
8.977272727272727e-01, 3.750000000000000e-01, -9.469211476678538e-02
8.977272727272727e-01, 3.977272727272727e-01, -9.801792594695567e-02
8.977272727272727e-01, 4.204545454545455e-01, -1.011452205934271e-01
8.977272727272727e-01, 4.431818181818182e-01, -1.037592954768609e-01
8.977272727272727e-01, 4.659090909090909e-01, -1.060505160226833e-01
8.977272727272727e-01, 4.886363636363636e-01, -1.078724987427693e-01
8.977272727272727e-01, 5.113636363636364e-01, -1.092710639898558e-01
8.977272727272727e-01, 5.340909090909091e-01, -1.102187933545168e-01
8.977272727272727e-01, 5.568181818181818e-01, -1.106699373811424e-01
8.977272727272727e-01, 5.795454545454546e-01, -1.106594480506559e-01
8.977272727272727e-01, 6.022727272727273e-01, -1.101102218763943e-01
8.977272727272727e-01, 6.250000000000000e-01, -1.090557462658228e-01
8.977272727272727e-01, 6.477272727272727e-01, -1.074550185774260e-01
8.977272727272727e-01, 6.704545454545454e-01, -1.052658671050479e-01
8.977272727272727e-01, 6.931818181818182e-01, -1.025406876451615e-01
8.977272727272727e-01, 7.159090909090909e-01, -9.917206260017195e-02
8.977272727272727e-01, 7.386363636363636e-01, -9.523568865671388e-02
8.977272727272727e-01, 7.613636363636364e-01, -9.063750007708811e-02
8.977272727272727e-01, 7.840909090909091e-01, -8.540140120295260e-02
8.977272727272727e-01, 8.068181818181818e-01, -7.952539509622214e-02
8.977272727272727e-01, 8.295454545454546e-01, -7.289926575597931e-02
8.977272727272727e-01, 8.522727272727273e-01, -6.569904073717844e-02
8.977272727272727e-01, 8.750000000000000e-01, -5.759082384532907e-02
8.977272727272727e-01, 8.977272727272727e-01, -4.902186609149307e-02
8.977272727272727e-01, 9.204545454545454e-01, -3.938914082450051e-02
8.977272727272727e-01, 9.431818181818182e-01, -2.926664908847793e-02
8.977272727272727e-01, 9.659090909090909e-01, -1.812924809166789e-02
8.977272727272727e-01, 9.886363636363636e-01, -6.360710696254534e-03
9.204545454545454e-01, 1.136363636363636e-02, -2.760628027642666e-03
9.204545454545454e-01, 3.409090909090909e-02, -8.367710759888878e-03
9.204545454545454e-01, 5.681818181818182e-02, -1.383684812512814e-02
9.204545454545454e-01, 7.954545454545454e-02, -1.928487737437615e-02
9.204545454545454e-01, 1.022727272727273e-01, -2.456410657971678e-02
9.204545454545454e-01, 1.250000000000000e-01, -2.979850361317059e-02
9.204545454545454e-01, 1.477272727272727e-01, -3.483148172217456e-02
9.204545454545454e-01, 1.704545454545454e-01, -3.973652459834299e-02
9.204545454545454e-01, 1.931818181818182e-01, -4.452811213066459e-02
9.204545454545454e-01, 2.159090909090909e-01, -4.910535906556478e-02
9.204545454545454e-01, 2.386363636363636e-01, -5.354316239834257e-02
9.204545454545454e-01, 2.613636363636364e-01, -5.773630777053719e-02
9.204545454545454e-01, 2.840909090909091e-01, -6.176581081410650e-02
9.204545454545454e-01, 3.068181818181818e-01, -6.551855405151567e-02
9.204545454545454e-01, 3.295454545454545e-01, -6.908524486431392e-02
9.204545454545454e-01, 3.522727272727273e-01, -7.234128929667338e-02
9.204545454545454e-01, 3.750000000000000e-01, -7.539065937993142e-02
9.204545454545454e-01, 3.977272727272727e-01, -7.809371186875527e-02
9.204545454545454e-01, 4.204545454545455e-01, -8.053216828732797e-02
9.204545454545454e-01, 4.431818181818182e-01, -8.266502652027241e-02
9.204545454545454e-01, 4.659090909090909e-01, -8.446898591844650e-02
9.204545454545454e-01, 4.886363636363636e-01, -8.594444474749231e-02
9.204545454545454e-01, 5.113636363636364e-01, -8.705762272779147e-02
9.204545454545454e-01, 5.340909090909091e-01, -8.782118590459553e-02
9.204545454545454e-01, 5.568181818181818e-01, -8.818730223549805e-02
9.204545454545454e-01, 5.795454545454546e-01, -8.818447802544864e-02
9.204545454545454e-01, 6.022727272727273e-01, -8.774725809085572e-02
9.204545454545454e-01, 6.250000000000000e-01, -8.692356064721132e-02
9.204545454545454e-01, 6.477272727272727e-01, -8.562673630775716e-02
9.204545454545454e-01, 6.704545454545454e-01, -8.392871169930555e-02
9.204545454545454e-01, 6.931818181818182e-01, -8.171499870986598e-02
9.204545454545454e-01, 7.159090909090909e-01, -7.907591205967991e-02
9.204545454545454e-01, 7.386363636363636e-01, -7.590132967404456e-02
9.204545454545454e-01, 7.613636363636364e-01, -7.226494175037405e-02
9.204545454545454e-01, 7.840909090909091e-01, -6.807504526421335e-02
9.204545454545454e-01, 8.068181818181818e-01, -6.338513922623226e-02
9.204545454545454e-01, 8.295454545454546e-01, -5.812551102036986e-02
9.204545454545454e-01, 8.522727272727273e-01, -5.232590754501296e-02
9.204545454545454e-01, 8.750000000000000e-01, -4.594217672508813e-02
9.204545454545454e-01, 8.977272727272727e-01, -3.897676707043583e-02
9.204545454545454e-01, 9.204545454545454e-01, -3.147381106059907e-02
9.204545454545454e-01, 9.431818181818182e-01, -2.322748583763929e-02
9.204545454545454e-01, 9.659090909090909e-01, -1.447781265055269e-02
9.204545454545454e-01, 9.886363636363636e-01, -4.968445994998727e-03
9.431818181818182e-01, 1.136363636363636e-02, -1.970748211304722e-03
9.431818181818182e-01, 3.409090909090909e-02, -6.019183321760903e-03
9.431818181818182e-01, 5.681818181818182e-02, -1.001385166807958e-02
9.431818181818182e-01, 7.954545454545454e-02, -1.401511555667511e-02
9.431818181818182e-01, 1.022727272727273e-01, -1.781062422260401e-02
9.431818181818182e-01, 1.250000000000000e-01, -2.171932502273085e-02
9.431818181818182e-01, 1.477272727272727e-01, -2.528031392185987e-02
9.431818181818182e-01, 1.704545454545454e-01, -2.898666031392725e-02
9.431818181818182e-01, 1.931818181818182e-01, -3.234222727097960e-02
9.431818181818182e-01, 2.159090909090909e-01, -3.580350243403391e-02
9.431818181818182e-01, 2.386363636363636e-01, -3.896666972569393e-02
9.431818181818182e-01, 2.613636363636364e-01, -4.208918521018073e-02
9.431818181818182e-01, 2.840909090909091e-01, -4.501137635875650e-02
9.431818181818182e-01, 3.068181818181818e-01, -4.776305039106779e-02
9.431818181818182e-01, 3.295454545454545e-01, -5.039360770203843e-02
9.431818181818182e-01, 3.522727272727273e-01, -5.274444549094354e-02
9.431818181818182e-01, 3.750000000000000e-01, -5.503062977079144e-02
9.431818181818182e-01, 3.977272727272727e-01, -5.695272301864100e-02
9.431818181818182e-01, 4.204545454545455e-01, -5.880350833412078e-02
9.431818181818182e-01, 4.431818181818182e-01, -6.030723998308887e-02
9.431818181818182e-01, 4.659090909090909e-01, -6.167992875872746e-02
9.431818181818182e-01, 4.886363636363636e-01, -6.274197632784531e-02
9.431818181818182e-01, 5.113636363636364e-01, -6.357925585564439e-02
9.431818181818182e-01, 5.340909090909091e-01, -6.414364747588912e-02
9.431818181818182e-01, 5.568181818181818e-01, -6.442086003769690e-02
9.431818181818182e-01, 5.795454545454546e-01, -6.442954364828196e-02
9.431818181818182e-01, 6.022727272727273e-01, -6.412411889395814e-02
9.431818181818182e-01, 6.250000000000000e-01, -6.351696348263713e-02
9.431818181818182e-01, 6.477272727272727e-01, -6.260841879881024e-02
9.431818181818182e-01, 6.704545454545454e-01, -6.133291488716058e-02
9.431818181818182e-01, 6.931818181818182e-01, -5.979315733660902e-02
9.431818181818182e-01, 7.159090909090909e-01, -5.780663312627476e-02
9.431818181818182e-01, 7.386363636363636e-01, -5.555625332021867e-02
9.431818181818182e-01, 7.613636363636364e-01, -5.285754279091043e-02
9.431818181818182e-01, 7.840909090909091e-01, -4.983319993860072e-02
9.431818181818182e-01, 8.068181818181818e-01, -4.640509702615096e-02
9.431818181818182e-01, 8.295454545454546e-01, -4.254138910531569e-02
9.431818181818182e-01, 8.522727272727273e-01, -3.836879637877109e-02
9.431818181818182e-01, 8.750000000000000e-01, -3.359827732656750e-02
9.431818181818182e-01, 8.977272727272727e-01, -2.866822983216131e-02
9.431818181818182e-01, 9.204545454545454e-01, -2.299680419116109e-02
9.431818181818182e-01, 9.431818181818182e-01, -1.722318577913766e-02
9.431818181818182e-01, 9.659090909090909e-01, -1.060855401379529e-02
9.431818181818182e-01, 9.886363636363636e-01, -3.836730565302776e-03
9.659090909090909e-01, 1.136363636363636e-02, -1.149983368016558e-03
9.659090909090909e-01, 3.409090909090909e-02, -3.709536199073190e-03
9.659090909090909e-01, 5.681818181818182e-02, -6.100695107009147e-03
9.659090909090909e-01, 7.954545454545454e-02, -8.591130389774267e-03
9.659090909090909e-01, 1.022727272727273e-01, -1.090256402174994e-02
9.659090909090909e-01, 1.250000000000000e-01, -1.329825644858370e-02
9.659090909090909e-01, 1.477272727272727e-01, -1.550478458572658e-02
9.659090909090909e-01, 1.704545454545454e-01, -1.771725352985645e-02
9.659090909090909e-01, 1.931818181818182e-01, -1.985659950599839e-02
9.659090909090909e-01, 2.159090909090909e-01, -2.186770571374808e-02
9.659090909090909e-01, 2.386363636363636e-01, -2.390726571264570e-02
9.659090909090909e-01, 2.613636363636364e-01, -2.575200724263092e-02
9.659090909090909e-01, 2.840909090909091e-01, -2.760604683825976e-02
9.659090909090909e-01, 3.068181818181818e-01, -2.925926758862631e-02
9.659090909090909e-01, 3.295454545454545e-01, -3.090221066004139e-02
9.659090909090909e-01, 3.522727272727273e-01, -3.233875625689532e-02
9.659090909090909e-01, 3.750000000000000e-01, -3.374502827179884e-02
9.659090909090909e-01, 3.977272727272727e-01, -3.493974584415842e-02
9.659090909090909e-01, 4.204545454545455e-01, -3.604912317710590e-02
9.659090909090909e-01, 4.431818181818182e-01, -3.701151172737500e-02
9.659090909090909e-01, 4.659090909090909e-01, -3.781360798163017e-02
9.659090909090909e-01, 4.886363636363636e-01, -3.850333223830688e-02
9.659090909090909e-01, 5.113636363636364e-01, -3.900216857789710e-02
9.659090909090909e-01, 5.340909090909091e-01, -3.936448915768954e-02
9.659090909090909e-01, 5.568181818181818e-01, -3.953491818613033e-02
9.659090909090909e-01, 5.795454545454546e-01, -3.954426805769251e-02
9.659090909090909e-01, 6.022727272727273e-01, -3.936114479704695e-02
9.659090909090909e-01, 6.250000000000000e-01, -3.899195955899987e-02
9.659090909090909e-01, 6.477272727272727e-01, -3.843014179935327e-02
9.659090909090909e-01, 6.704545454545454e-01, -3.767108769446812e-02
9.659090909090909e-01, 6.931818181818182e-01, -3.669120955887925e-02
9.659090909090909e-01, 7.159090909090909e-01, -3.553965329759049e-02
9.659090909090909e-01, 7.386363636363636e-01, -3.409365843266496e-02
9.659090909090909e-01, 7.613636363636364e-01, -3.250201544458663e-02
9.659090909090909e-01, 7.840909090909091e-01, -3.058681303339003e-02
9.659090909090909e-01, 8.068181818181818e-01, -2.852996352241776e-02
9.659090909090909e-01, 8.295454545454546e-01, -2.612002064624090e-02
9.659090909090909e-01, 8.522727272727273e-01, -2.357286191887108e-02
9.659090909090909e-01, 8.750000000000000e-01, -2.064266855854245e-02
9.659090909090909e-01, 8.977272727272727e-01, -1.758013200843303e-02
9.659090909090909e-01, 9.204545454545454e-01, -1.418796039172679e-02
9.659090909090909e-01, 9.431818181818182e-01, -1.050133074124018e-02
9.659090909090909e-01, 9.659090909090909e-01, -6.652518395792375e-03
9.659090909090909e-01, 9.886363636363636e-01, -2.286507075611705e-03
9.886363636363636e-01, 1.136363636363636e-02, -3.640622511236749e-04
9.886363636363636e-01, 3.409090909090909e-02, -1.161012295841676e-03
9.886363636363636e-01, 5.681818181818182e-02, -2.019034111649328e-03
9.886363636363636e-01, 7.954545454545454e-02, -2.865548608988720e-03
9.886363636363636e-01, 1.022727272727273e-01, -3.626545887194995e-03
9.886363636363636e-01, 1.250000000000000e-01, -4.508820860110551e-03
9.886363636363636e-01, 1.477272727272727e-01, -5.170002389311220e-03
9.886363636363636e-01, 1.704545454545454e-01, -6.008014587844753e-03
9.886363636363636e-01, 1.931818181818182e-01, -6.632829989868791e-03
9.886363636363636e-01, 2.159090909090909e-01, -7.416848297254976e-03
9.886363636363636e-01, 2.386363636363636e-01, -7.998460107928493e-03
9.886363636363636e-01, 2.613636363636364e-01, -8.718754907094745e-03
9.886363636363636e-01, 2.840909090909091e-01, -9.300722979603597e-03
9.886363636363636e-01, 3.068181818181818e-01, -9.897168937629104e-03
9.886363636363636e-01, 3.295454545454545e-01, -1.045966169187098e-02
9.886363636363636e-01, 3.522727272727273e-01, -1.093552607248282e-02
9.886363636363636e-01, 3.750000000000000e-01, -1.145634614654877e-02
9.886363636363636e-01, 3.977272727272727e-01, -1.181726294861031e-02
9.886363636363636e-01, 4.204545454545455e-01, -1.224053064164425e-02
9.886363636363636e-01, 4.431818181818182e-01, -1.252581710124731e-02
9.886363636363636e-01, 4.659090909090909e-01, -1.284180563909200e-02
9.886363636363636e-01, 4.886363636363636e-01, -1.304462695581827e-02
9.886363636363636e-01, 5.113636363636364e-01, -1.324361022267083e-02
9.886363636363636e-01, 5.340909090909091e-01, -1.336376076847681e-02
9.886363636363636e-01, 5.568181818181818e-01, -1.342938456793707e-02
9.886363636363636e-01, 5.795454545454546e-01, -1.343862320219879e-02
9.886363636363636e-01, 6.022727272727273e-01, -1.338257022710460e-02
9.886363636363636e-01, 6.250000000000000e-01, -1.325029127053960e-02
9.886363636363636e-01, 6.477272727272727e-01, -1.308661044659520e-02
9.886363636363636e-01, 6.704545454545454e-01, -1.280351038862644e-02
9.886363636363636e-01, 6.931818181818182e-01, -1.252495060736102e-02
9.886363636363636e-01, 7.159090909090909e-01, -1.208130826897015e-02
9.886363636363636e-01, 7.386363636363636e-01, -1.168103918233299e-02
9.886363636363636e-01, 7.613636363636364e-01, -1.106713576948051e-02
9.886363636363636e-01, 7.840909090909091e-01, -1.047876320543956e-02
9.886363636363636e-01, 8.068181818181818e-01, -9.744449349245610e-03
9.886363636363636e-01, 8.295454545454546e-01, -8.931335668304582e-03
9.886363636363636e-01, 8.522727272727273e-01, -8.096714863757917e-03
9.886363636363636e-01, 8.750000000000000e-01, -7.019868701067794e-03
9.886363636363636e-01, 8.977272727272727e-01, -6.107415928977425e-03
9.886363636363636e-01, 9.204545454545454e-01, -4.826568327195091e-03
9.886363636363636e-01, 9.431818181818182e-01, -3.760078034858520e-03
9.886363636363636e-01, 9.659090909090909e-01, -2.265605434860670e-03
9.886363636363636e-01, 9.886363636363636e-01, -1.038382302757695e-03
