x, y, u
1.136363636363636e-02, 1.136363636363636e-02, -1.345578617729117e-03
1.136363636363636e-02, 3.409090909090909e-02, -1.670556406679313e-03
1.136363636363636e-02, 5.681818181818182e-02, -2.645489773529903e-03
1.136363636363636e-02, 7.954545454545454e-02, -3.895425664460127e-03
1.136363636363636e-02, 1.022727272727273e-01, -4.792270331321116e-03
1.136363636363636e-02, 1.250000000000000e-01, -5.091218553608111e-03
1.136363636363636e-02, 1.477272727272727e-01, -6.228745404785694e-03
1.136363636363636e-02, 1.704545454545454e-01, -7.303901690023348e-03
1.136363636363636e-02, 1.931818181818182e-01, -7.808246919715250e-03
1.136363636363636e-02, 2.159090909090909e-01, -8.312592149407150e-03
1.136363636363636e-02, 2.386363636363636e-01, -9.250726950468871e-03
1.136363636363636e-02, 2.613636363636364e-01, -1.011421971037783e-02
1.136363636363636e-02, 2.840909090909091e-01, -1.031041140022083e-02
1.136363636363636e-02, 3.068181818181818e-01, -1.089898646974985e-02
1.136363636363636e-02, 3.295454545454545e-01, -1.160094508352328e-02
1.136363636363636e-02, 3.522727272727273e-01, -1.206224739220670e-02
1.136363636363636e-02, 3.750000000000000e-01, -1.221601482843451e-02
1.136363636363636e-02, 3.977272727272727e-01, -1.274011623036447e-02
1.136363636363636e-02, 4.204545454545455e-01, -1.316917092826627e-02
1.136363636363636e-02, 4.431818181818182e-01, -1.333413624046192e-02
1.136363636363636e-02, 4.659090909090909e-01, -1.349910155265758e-02
1.136363636363636e-02, 4.886363636363636e-01, -1.372583182596256e-02
1.136363636363636e-02, 5.113636363636364e-01, -1.384528652023182e-02
1.136363636363636e-02, 5.340909090909091e-01, -1.384731277189201e-02
1.136363636363636e-02, 5.568181818181818e-01, -1.385339152687260e-02
1.136363636363636e-02, 5.795454545454546e-01, -1.374607400615048e-02
1.136363636363636e-02, 6.022727272727273e-01, -1.357596535260881e-02
1.136363636363636e-02, 6.250000000000000e-01, -1.351926246809492e-02
1.136363636363636e-02, 6.477272727272727e-01, -1.316888701185734e-02
1.136363636363636e-02, 6.704545454545454e-01, -1.269087961139493e-02
1.136363636363636e-02, 6.931818181818182e-01, -1.238602704122819e-02
1.136363636363636e-02, 7.159090909090909e-01, -1.208117447106145e-02
1.136363636363636e-02, 7.386363636363636e-01, -1.133570861995533e-02
1.136363636363636e-02, 7.613636363636364e-01, -1.045042267244453e-02
1.136363636363636e-02, 7.840909090909091e-01, -1.019313253075222e-02
1.136363636363636e-02, 8.068181818181818e-01, -9.421262105675270e-03
1.136363636363636e-02, 8.295454545454546e-01, -8.244179355450364e-03
1.136363636363636e-02, 8.522727272727273e-01, -7.247398047244833e-03
1.136363636363636e-02, 8.750000000000000e-01, -6.915137611176325e-03
1.136363636363636e-02, 8.977272727272727e-01, -5.430118463850625e-03
1.136363636363636e-02, 9.204545454545454e-01, -3.785139865228226e-03
1.136363636363636e-02, 9.431818181818182e-01, -2.880723549929383e-03
1.136363636363636e-02, 9.659090909090909e-01, -1.976307234630556e-03
1.136363636363636e-02, 9.886363636363636e-01, 0.000000000000000e+00
3.409090909090909e-02, 1.136363636363636e-02, -1.657086533834265e-03
3.409090909090909e-02, 3.409090909090909e-02, -4.638040463492882e-03
3.409090909090909e-02, 5.681818181818182e-02, -7.237862775094455e-03
3.409090909090909e-02, 7.954545454545454e-02, -1.005265274364668e-02
3.409090909090909e-02, 1.022727272727273e-01, -1.278957539854027e-02
3.409090909090909e-02, 1.250000000000000e-01, -1.518116117683624e-02
3.409090909090909e-02, 1.477272727272727e-01, -1.772061535499034e-02
3.409090909090909e-02, 1.704545454545454e-01, -2.016786637056395e-02
3.409090909090909e-02, 1.931818181818182e-01, -2.251988611341685e-02
3.409090909090909e-02, 2.159090909090909e-01, -2.453726703218445e-02
3.409090909090909e-02, 2.386363636363636e-01, -2.664991584701925e-02
3.409090909090909e-02, 2.613636363636364e-01, -2.865310535715158e-02
3.409090909090909e-02, 2.840909090909091e-01, -3.054381497705327e-02
3.409090909090909e-02, 3.068181818181818e-01, -3.211334849579731e-02
3.409090909090909e-02, 3.295454545454545e-01, -3.372294146844974e-02
3.409090909090909e-02, 3.522727272727273e-01, -3.520585256012815e-02
3.409090909090909e-02, 3.750000000000000e-01, -3.643599204995061e-02
3.409090909090909e-02, 3.977272727272727e-01, -3.760726728177372e-02
3.409090909090909e-02, 4.204545454545455e-01, -3.863766937403136e-02
3.409090909090909e-02, 4.431818181818182e-01, -3.952418325003495e-02
3.409090909090909e-02, 4.659090909090909e-01, -4.018404449881757e-02
3.409090909090909e-02, 4.886363636363636e-01, -4.071725433381467e-02
3.409090909090909e-02, 5.113636363636364e-01, -4.109239530287370e-02
3.409090909090909e-02, 5.340909090909091e-01, -4.130645446620106e-02
3.409090909090909e-02, 5.568181818181818e-01, -4.132266447948264e-02
3.409090909090909e-02, 5.795454545454546e-01, -4.114178378105875e-02
3.409090909090909e-02, 6.022727272727273e-01, -4.078565223266330e-02
3.409090909090909e-02, 6.250000000000000e-01, -4.033202915655219e-02
3.409090909090909e-02, 6.477272727272727e-01, -3.955050859453187e-02
3.409090909090909e-02, 6.704545454545454e-01, -3.857958032303031e-02
3.409090909090909e-02, 6.931818181818182e-01, -3.741623787202214e-02
3.409090909090909e-02, 7.159090909090909e-01, -3.619682759135517e-02
3.409090909090909e-02, 7.386363636363636e-01, -3.456654303407210e-02
3.409090909090909e-02, 7.613636363636364e-01, -3.272971190731373e-02
3.409090909090909e-02, 7.840909090909091e-01, -3.068333481452525e-02
3.409090909090909e-02, 8.068181818181818e-01, -2.862501368098674e-02
3.409090909090909e-02, 8.295454545454546e-01, -2.607024617816338e-02
3.409090909090909e-02, 8.522727272727273e-01, -2.329185472823403e-02
3.409090909090909e-02, 8.750000000000000e-01, -2.063377123968595e-02
3.409090909090909e-02, 8.977272727272727e-01, -1.731681917380066e-02
3.409090909090909e-02, 9.204545454545454e-01, -1.376230303157194e-02
3.409090909090909e-02, 9.431818181818182e-01, -9.967326122697750e-03
3.409090909090909e-02, 9.659090909090909e-01, -6.349660861502414e-03
3.409090909090909e-02, 9.886363636363636e-01, -1.976307234630554e-03
5.681818181818182e-02, 1.136363636363636e-02, -2.591610282149709e-03
5.681818181818182e-02, 3.409090909090909e-02, -7.130103792334066e-03
5.681818181818182e-02, 5.681818181818182e-02, -1.213963458139537e-02
5.681818181818182e-02, 7.954545454545454e-02, -1.640407732123009e-02
5.681818181818182e-02, 1.022727272727273e-01, -2.056610788763282e-02
5.681818181818182e-02, 1.250000000000000e-01, -2.462364241214772e-02
5.681818181818182e-02, 1.477272727272727e-01, -2.901389992089436e-02
5.681818181818182e-02, 1.704545454545454e-01, -3.272619349484032e-02
5.681818181818182e-02, 1.931818181818182e-01, -3.631379540557115e-02
5.681818181818182e-02, 2.159090909090909e-01, -3.997575692147036e-02
5.681818181818182e-02, 2.386363636363636e-01, -4.340084752509020e-02
5.681818181818182e-02, 2.613636363636364e-01, -4.644620347896917e-02
5.681818181818182e-02, 2.840909090909091e-01, -4.934472284467913e-02
5.681818181818182e-02, 3.068181818181818e-01, -5.238150116516720e-02
5.681818181818182e-02, 3.295454545454545e-01, -5.481245249935106e-02
5.681818181818182e-02, 3.522727272727273e-01, -5.707649963950470e-02
5.681818181818182e-02, 3.750000000000000e-01, -5.917160222399633e-02
5.681818181818182e-02, 3.977272727272727e-01, -6.120438445156177e-02
5.681818181818182e-02, 4.204545454545455e-01, -6.276188964551428e-02
5.681818181818182e-02, 4.431818181818182e-01, -6.413040071220479e-02
5.681818181818182e-02, 4.659090909090909e-01, -6.533602757967408e-02
5.681818181818182e-02, 4.886363636363636e-01, -6.619293261836445e-02
5.681818181818182e-02, 5.113636363636364e-01, -6.676283999310893e-02
5.681818181818182e-02, 5.340909090909091e-01, -6.712167916386022e-02
5.681818181818182e-02, 5.568181818181818e-01, -6.716178675070961e-02
5.681818181818182e-02, 5.795454545454546e-01, -6.686112144898027e-02
5.681818181818182e-02, 6.022727272727273e-01, -6.632936715069931e-02
5.681818181818182e-02, 6.250000000000000e-01, -6.556448811088145e-02
5.681818181818182e-02, 6.477272727272727e-01, -6.421758000204503e-02
5.681818181818182e-02, 6.704545454545454e-01, -6.272333236601686e-02
5.681818181818182e-02, 6.931818181818182e-01, -6.097596141987943e-02
5.681818181818182e-02, 7.159090909090909e-01, -5.876619967817781e-02
5.681818181818182e-02, 7.386363636363636e-01, -5.609615692431076e-02
5.681818181818182e-02, 7.613636363636364e-01, -5.329450174760000e-02
5.681818181818182e-02, 7.840909090909091e-01, -5.021772801410422e-02
5.681818181818182e-02, 8.068181818181818e-01, -4.624071453694763e-02
5.681818181818182e-02, 8.295454545454546e-01, -4.231313156361748e-02
5.681818181818182e-02, 8.522727272727273e-01, -3.809053742349865e-02
5.681818181818182e-02, 8.750000000000000e-01, -3.357091371129439e-02
5.681818181818182e-02, 8.977272727272727e-01, -2.782556524677185e-02
5.681818181818182e-02, 9.204545454545454e-01, -2.238602119948344e-02
5.681818181818182e-02, 9.431818181818182e-01, -1.662983746114169e-02
5.681818181818182e-02, 9.659090909090909e-01, -1.005052333045419e-02
5.681818181818182e-02, 9.886363636363636e-01, -2.901522851868497e-03
7.954545454545454e-02, 1.136363636363636e-02, -3.739287274851514e-03
7.954545454545454e-02, 3.409090909090909e-02, -9.752369796960647e-03
7.954545454545454e-02, 5.681818181818182e-02, -1.615057400283985e-02
7.954545454545454e-02, 7.954545454545454e-02, -2.262317222256061e-02
7.954545454545454e-02, 1.022727272727273e-01, -2.813477801054011e-02
7.954545454545454e-02, 1.250000000000000e-01, -3.351734289685843e-02
7.954545454545454e-02, 1.477272727272727e-01, -3.937510728829509e-02
7.954545454545454e-02, 1.704545454545454e-01, -4.477451124198591e-02
7.954545454545454e-02, 1.931818181818182e-01, -4.952970538270125e-02
7.954545454545454e-02, 2.159090909090909e-01, -5.429782559004180e-02
7.954545454545454e-02, 2.386363636363636e-01, -5.917593813224131e-02
7.954545454545454e-02, 2.613636363636364e-01, -6.340793252229487e-02
7.954545454545454e-02, 2.840909090909091e-01, -6.725478730632707e-02
7.954545454545454e-02, 3.068181818181818e-01, -7.114472862702745e-02
7.954545454545454e-02, 3.295454545454545e-01, -7.486075184635485e-02
7.954545454545454e-02, 3.522727272727273e-01, -7.785690925646253e-02
7.954545454545454e-02, 3.750000000000000e-01, -8.064389979785201e-02
7.954545454545454e-02, 3.977272727272727e-01, -8.336709890411018e-02
7.954545454545454e-02, 4.204545454545455e-01, -8.564417507370324e-02
7.954545454545454e-02, 4.431818181818182e-01, -8.745612620084267e-02
7.954545454545454e-02, 4.659090909090909e-01, -8.903319858454770e-02
7.954545454545454e-02, 4.886363636363636e-01, -9.027481023837203e-02
7.954545454545454e-02, 5.113636363636364e-01, -9.106440102106289e-02
7.954545454545454e-02, 5.340909090909091e-01, -9.154088342843544e-02
7.954545454545454e-02, 5.568181818181818e-01, -9.160018466675504e-02
7.954545454545454e-02, 5.795454545454546e-01, -9.117830034739545e-02
7.954545454545454e-02, 6.022727272727273e-01, -9.045713318257667e-02
7.954545454545454e-02, 6.250000000000000e-01, -8.944700312964093e-02
7.954545454545454e-02, 6.477272727272727e-01, -8.765571586456290e-02
7.954545454545454e-02, 6.704545454545454e-01, -8.549048378625153e-02
7.954545454545454e-02, 6.931818181818182e-01, -8.315866228570998e-02
7.954545454545454e-02, 7.159090909090909e-01, -8.028484842731090e-02
7.954545454545454e-02, 7.386363636363636e-01, -7.651137402492680e-02
7.954545454545454e-02, 7.613636363636364e-01, -7.259939399403048e-02
7.954545454545454e-02, 7.840909090909091e-01, -6.850612221277329e-02
7.954545454545454e-02, 8.068181818181818e-01, -6.341675874986816e-02
7.954545454545454e-02, 8.295454545454546e-01, -5.747992199859647e-02
7.954545454545454e-02, 8.522727272727273e-01, -5.184326166435439e-02
7.954545454545454e-02, 8.750000000000000e-01, -4.583818453834420e-02
7.954545454545454e-02, 8.977272727272727e-01, -3.815713114004612e-02
7.954545454545454e-02, 9.204545454545454e-01, -3.023455829505281e-02
7.954545454545454e-02, 9.431818181818182e-01, -2.256351347296003e-02
7.954545454545454e-02, 9.659090909090909e-01, -1.398517911504937e-02
7.954545454545454e-02, 9.886363636363636e-01, -3.826738469106442e-03
1.022727272727273e-01, 1.136363636363636e-02, -4.527207173269284e-03
1.022727272727273e-01, 3.409090909090909e-02, -1.222942130773179e-02
1.022727272727273e-01, 5.681818181818182e-02, -1.996990030665396e-02
1.022727272727273e-01, 7.954545454545454e-02, -2.773462814616306e-02
1.022727272727273e-01, 1.022727272727273e-01, -3.529140100098720e-02
1.022727272727273e-01, 1.250000000000000e-01, -4.195682274241180e-02
1.022727272727273e-01, 1.477272727272727e-01, -4.897855572477838e-02
1.022727272727273e-01, 1.704545454545454e-01, -5.575159178723901e-02
1.022727272727273e-01, 1.931818181818182e-01, -6.206662776191400e-02
1.022727272727273e-01, 2.159090909090909e-01, -6.790673277829769e-02
1.022727272727273e-01, 2.386363636363636e-01, -7.376772451196506e-02
1.022727272727273e-01, 2.613636363636364e-01, -7.933094045555698e-02
1.022727272727273e-01, 2.840909090909091e-01, -8.427211519448151e-02
1.022727272727273e-01, 3.068181818181818e-01, -8.898969962531166e-02
1.022727272727273e-01, 3.295454545454545e-01, -9.347240287796299e-02
1.022727272727273e-01, 3.522727272727273e-01, -9.760833598260185e-02
1.022727272727273e-01, 3.750000000000000e-01, -1.010679380662271e-01
1.022727272727273e-01, 3.977272727272727e-01, -1.043423256975720e-01
1.022727272727273e-01, 4.204545454545455e-01, -1.072294991762047e-01
1.022727272727273e-01, 4.431818181818182e-01, -1.096522612036253e-01
1.022727272727273e-01, 4.659090909090909e-01, -1.115915049768943e-01
1.022727272727273e-01, 4.886363636363636e-01, -1.131022247459240e-01
1.022727272727273e-01, 5.113636363636364e-01, -1.141768121928624e-01
1.022727272727273e-01, 5.340909090909091e-01, -1.147976067515976e-01
1.022727272727273e-01, 5.568181818181818e-01, -1.148775859667363e-01
1.022727272727273e-01, 5.795454545454546e-01, -1.144077131268032e-01
1.022727272727273e-01, 6.022727272727273e-01, -1.134528298094086e-01
1.022727272727273e-01, 6.250000000000000e-01, -1.122068680477801e-01
1.022727272727273e-01, 6.477272727272727e-01, -1.100650310486864e-01
1.022727272727273e-01, 6.704545454545454e-01, -1.073978395758596e-01
1.022727272727273e-01, 6.931818181818182e-01, -1.043167331712711e-01
1.022727272727273e-01, 7.159090909090909e-01, -1.008004260958954e-01
1.022727272727273e-01, 7.386363636363636e-01, -9.629359174332151e-02
1.022727272727273e-01, 7.613636363636364e-01, -9.121264750366455e-02
1.022727272727273e-01, 7.840909090909091e-01, -8.595951197702634e-02
1.022727272727273e-01, 8.068181818181818e-01, -7.979235800355401e-02
1.022727272727273e-01, 8.295454545454546e-01, -7.270446760294548e-02
1.022727272727273e-01, 8.522727272727273e-01, -6.499386883424553e-02
1.022727272727273e-01, 8.750000000000000e-01, -5.754722503170111e-02
1.022727272727273e-01, 8.977272727272727e-01, -4.832584617454794e-02
1.022727272727273e-01, 9.204545454545454e-01, -3.844189918745627e-02
1.022727272727273e-01, 9.431818181818182e-01, -2.825192448355485e-02
1.022727272727273e-01, 9.659090909090909e-01, -1.773279828077702e-02
1.022727272727273e-01, 9.886363636363636e-01, -5.550970116916773e-03
1.250000000000000e-01, 1.136363636363636e-02, -4.789847139408540e-03
1.250000000000000e-01, 3.409090909090909e-02, -1.433054103684584e-02
1.250000000000000e-01, 5.681818181818182e-02, -2.359823226462472e-02
1.250000000000000e-01, 7.954545454545454e-02, -3.260869110014723e-02
1.250000000000000e-01, 1.022727272727273e-01, -4.139323104340667e-02
1.250000000000000e-01, 1.250000000000000e-01, -4.994414638414783e-02
1.250000000000000e-01, 1.477272727272727e-01, -5.809054541656980e-02
1.250000000000000e-01, 1.704545454545454e-01, -6.596496688734686e-02
1.250000000000000e-01, 1.931818181818182e-01, -7.355976019687147e-02
1.250000000000000e-01, 2.159090909090909e-01, -8.080522863359942e-02
1.250000000000000e-01, 2.386363636363636e-01, -8.761640110046795e-02
1.250000000000000e-01, 2.613636363636364e-01, -9.410208723591748e-02
1.250000000000000e-01, 2.840909090909091e-01, -1.002546516057813e-01
1.250000000000000e-01, 3.068181818181818e-01, -1.059194719666185e-01
1.250000000000000e-01, 3.295454545454545e-01, -1.111433353625112e-01
1.250000000000000e-01, 3.522727272727273e-01, -1.159882931892151e-01
1.250000000000000e-01, 3.750000000000000e-01, -1.204467178255735e-01
1.250000000000000e-01, 3.977272727272727e-01, -1.242561880661225e-01
1.250000000000000e-01, 4.204545454545455e-01, -1.276410036900732e-01
1.250000000000000e-01, 4.431818181818182e-01, -1.305935434568803e-01
1.250000000000000e-01, 4.659090909090909e-01, -1.330136339621336e-01
1.250000000000000e-01, 4.886363636363636e-01, -1.347858661423654e-01
1.250000000000000e-01, 5.113636363636364e-01, -1.360801080320428e-01
1.250000000000000e-01, 5.340909090909091e-01, -1.368887435435220e-01
1.250000000000000e-01, 5.568181818181818e-01, -1.369962081164715e-01
1.250000000000000e-01, 5.795454545454546e-01, -1.364798310813139e-01
1.250000000000000e-01, 6.022727272727273e-01, -1.354321711286501e-01
1.250000000000000e-01, 6.250000000000000e-01, -1.338456183179797e-01
1.250000000000000e-01, 6.477272727272727e-01, -1.313664090712162e-01
1.250000000000000e-01, 6.704545454545454e-01, -1.283102810388579e-01
1.250000000000000e-01, 6.931818181818182e-01, -1.246696350014803e-01
1.250000000000000e-01, 7.159090909090909e-01, -1.203138887631156e-01
1.250000000000000e-01, 7.386363636363636e-01, -1.150972796794601e-01
1.250000000000000e-01, 7.613636363636364e-01, -1.092505931569772e-01
1.250000000000000e-01, 7.840909090909091e-01, -1.027662456051385e-01
1.250000000000000e-01, 8.068181818181818e-01, -9.536795007431192e-02
1.250000000000000e-01, 8.295454545454546e-01, -8.716356549954790e-02
1.250000000000000e-01, 8.522727272727273e-01, -7.827611063911891e-02
1.250000000000000e-01, 8.750000000000000e-01, -6.869803254921353e-02
1.250000000000000e-01, 8.977272727272727e-01, -5.798483622384386e-02
1.250000000000000e-01, 9.204545454545454e-01, -4.654345097234855e-02
1.250000000000000e-01, 9.431818181818182e-01, -3.436643291802594e-02
1.250000000000000e-01, 9.659090909090909e-01, -2.129325652224781e-02
1.250000000000000e-01, 9.886363636363636e-01, -7.148767081009289e-03
1.477272727272727e-01, 1.136363636363636e-02, -5.744550554737874e-03
1.477272727272727e-01, 3.409090909090909e-02, -1.647156187072815e-02
1.477272727272727e-01, 5.681818181818182e-02, -2.736055112107247e-02
1.477272727272727e-01, 7.954545454545454e-02, -3.771335952000478e-02
1.477272727272727e-01, 1.022727272727273e-01, -4.759035853366553e-02
1.477272727272727e-01, 1.250000000000000e-01, -5.721628923429233e-02
1.477272727272727e-01, 1.477272727272727e-01, -6.700625689651799e-02
1.477272727272727e-01, 1.704545454545454e-01, -7.585594455554739e-02
1.477272727272727e-01, 1.931818181818182e-01, -8.440354664025454e-02
1.477272727272727e-01, 2.159090909090909e-01, -9.275196226367594e-02
1.477272727272727e-01, 2.386363636363636e-01, -1.007654561335835e-01
1.477272727272727e-01, 2.613636363636364e-01, -1.080583444558362e-01
1.477272727272727e-01, 2.840909090909091e-01, -1.149914765495044e-01
1.477272727272727e-01, 3.068181818181818e-01, -1.216721770723891e-01
1.477272727272727e-01, 3.295454545454545e-01, -1.276793774379348e-01
1.477272727272727e-01, 3.522727272727273e-01, -1.331309036104313e-01
1.477272727272727e-01, 3.750000000000000e-01, -1.381650882844148e-01
1.477272727272727e-01, 3.977272727272727e-01, -1.427658667099637e-01
1.477272727272727e-01, 4.204545454545455e-01, -1.465598869409560e-01
1.477272727272727e-01, 4.431818181818182e-01, -1.498858182570020e-01
1.477272727272727e-01, 4.659090909090909e-01, -1.526895151172971e-01
1.477272727272727e-01, 4.886363636363636e-01, -1.547781066950574e-01
1.477272727272727e-01, 5.113636363636364e-01, -1.562200249377403e-01
1.477272727272727e-01, 5.340909090909091e-01, -1.571363562638639e-01
1.477272727272727e-01, 5.568181818181818e-01, -1.572803164658151e-01
1.477272727272727e-01, 5.795454545454546e-01, -1.566677826029283e-01
1.477272727272727e-01, 6.022727272727273e-01, -1.554737745509265e-01
1.477272727272727e-01, 6.250000000000000e-01, -1.536967287012091e-01
1.477272727272727e-01, 6.477272727272727e-01, -1.507294924238981e-01
1.477272727272727e-01, 6.704545454545454e-01, -1.472496638857334e-01
1.477272727272727e-01, 6.931818181818182e-01, -1.431361808704603e-01
1.477272727272727e-01, 7.159090909090909e-01, -1.381245846088603e-01
1.477272727272727e-01, 7.386363636363636e-01, -1.319650223124697e-01
1.477272727272727e-01, 7.613636363636364e-01, -1.253398787797461e-01
1.477272727272727e-01, 7.840909090909091e-01, -1.180237848555407e-01
1.477272727272727e-01, 8.068181818181818e-01, -1.093095105770964e-01
1.477272727272727e-01, 8.295454545454546e-01, -9.980981096035940e-02
1.477272727272727e-01, 8.522727272727273e-01, -8.975677408423580e-02
1.477272727272727e-01, 8.750000000000000e-01, -7.895567876926879e-02
1.477272727272727e-01, 8.977272727272727e-01, -6.604928452093510e-02
1.477272727272727e-01, 9.204545454545454e-01, -5.308526911515698e-02
1.477272727272727e-01, 9.431818181818182e-01, -3.932319919128772e-02
1.477272727272727e-01, 9.659090909090909e-01, -2.423560146457873e-02
1.477272727272727e-01, 9.886363636363636e-01, -7.516560198800652e-03
1.704545454545454e-01, 1.136363636363636e-02, -6.604670817121206e-03
1.704545454545454e-01, 3.409090909090909e-02, -1.847171020821513e-02
1.704545454545454e-01, 5.681818181818182e-02, -3.042819525382637e-02
1.704545454545454e-01, 7.954545454545454e-02, -4.225490649332862e-02
1.704545454545454e-01, 1.022727272727273e-01, -5.338663954202545e-02
1.704545454545454e-01, 1.250000000000000e-01, -6.404661896080441e-02
1.704545454545454e-01, 1.477272727272727e-01, -7.476719974938706e-02
1.704545454545454e-01, 1.704545454545454e-01, -8.511793884491858e-02
1.704545454545454e-01, 1.931818181818182e-01, -9.458465963696333e-02
1.704545454545454e-01, 2.159090909090909e-01, -1.038016628141952e-01
1.704545454545454e-01, 2.386363636363636e-01, -1.127801472185030e-01
1.704545454545454e-01, 2.613636363636364e-01, -1.211671317922535e-01
1.704545454545454e-01, 2.840909090909091e-01, -1.288539410757671e-01
1.704545454545454e-01, 3.068181818181818e-01, -1.362093344861666e-01
1.704545454545454e-01, 3.295454545454545e-01, -1.431032715887445e-01
1.704545454545454e-01, 3.522727272727273e-01, -1.492627259357584e-01
1.704545454545454e-01, 3.750000000000000e-01, -1.548532064254440e-01
1.704545454545454e-01, 3.977272727272727e-01, -1.599077873641014e-01
1.704545454545454e-01, 4.204545454545455e-01, -1.643751435353577e-01
1.704545454545454e-01, 4.431818181818182e-01, -1.680647892618694e-01
1.704545454545454e-01, 4.659090909090909e-01, -1.711736423765397e-01
1.704545454545454e-01, 4.886363636363636e-01, -1.735366229303460e-01
1.704545454545454e-01, 5.113636363636364e-01, -1.752113421803232e-01
1.704545454545454e-01, 5.340909090909091e-01, -1.762345768281645e-01
1.704545454545454e-01, 5.568181818181818e-01, -1.764066991098428e-01
1.704545454545454e-01, 5.795454545454546e-01, -1.757365357784888e-01
1.704545454545454e-01, 6.022727272727273e-01, -1.743932279423069e-01
1.704545454545454e-01, 6.250000000000000e-01, -1.724344053556176e-01
1.704545454545454e-01, 6.477272727272727e-01, -1.691939193701295e-01
1.704545454545454e-01, 6.704545454545454e-01, -1.651493834819062e-01
1.704545454545454e-01, 6.931818181818182e-01, -1.605840629597144e-01
1.704545454545454e-01, 7.159090909090909e-01, -1.550574242185506e-01
1.704545454545454e-01, 7.386363636363636e-01, -1.481782685910391e-01
1.704545454545454e-01, 7.613636363636364e-01, -1.405646654655056e-01
1.704545454545454e-01, 7.840909090909091e-01, -1.324487855036091e-01
1.704545454545454e-01, 8.068181818181818e-01, -1.228629551230709e-01
1.704545454545454e-01, 8.295454545454546e-01, -1.120048946884164e-01
1.704545454545454e-01, 8.522727272727273e-01, -1.006356956103994e-01
1.704545454545454e-01, 8.750000000000000e-01, -8.865512017312423e-02
1.704545454545454e-01, 8.977272727272727e-01, -7.449885183986907e-02
1.704545454545454e-01, 9.204545454545454e-01, -5.932291263371869e-02
1.704545454545454e-01, 9.431818181818182e-01, -4.403406584182368e-02
1.704545454545454e-01, 9.659090909090909e-01, -2.735519617495365e-02
1.704545454545454e-01, 9.886363636363636e-01, -8.619939552174744e-03
1.931818181818182e-01, 1.136363636363636e-02, -6.988079612109253e-03
1.931818181818182e-01, 3.409090909090909e-02, -2.033190443292035e-02
1.931818181818182e-01, 5.681818181818182e-02, -3.331087630671705e-02
1.931818181818182e-01, 7.954545454545454e-02, -4.611922977737339e-02
1.931818181818182e-01, 1.022727272727273e-01, -5.861011019682199e-02
1.931818181818182e-01, 1.250000000000000e-01, -7.043720812226333e-02
1.931818181818182e-01, 1.477272727272727e-01, -8.205008173873582e-02
1.931818181818182e-01, 1.704545454545454e-01, -9.327711038166119e-02
1.931818181818182e-01, 1.931818181818182e-01, -1.041059488250504e-01
1.931818181818182e-01, 2.159090909090909e-01, -1.141578494882478e-01
1.931818181818182e-01, 2.386363636363636e-01, -1.238973249064597e-01
1.931818181818182e-01, 2.613636363636364e-01, -1.331704138948229e-01
1.931818181818182e-01, 2.840909090909091e-01, -1.418451174397248e-01
1.931818181818182e-01, 3.068181818181818e-01, -1.498497487862987e-01
1.931818181818182e-01, 3.295454545454545e-01, -1.573438217275613e-01
1.931818181818182e-01, 3.522727272727273e-01, -1.642910741907112e-01
1.931818181818182e-01, 3.750000000000000e-01, -1.705140740597784e-01
1.931818181818182e-01, 3.977272727272727e-01, -1.760060513747115e-01
1.931818181818182e-01, 4.204545454545455e-01, -1.808831506035450e-01
1.931818181818182e-01, 4.431818181818182e-01, -1.851330640328206e-01
1.931818181818182e-01, 4.659090909090909e-01, -1.885373962630928e-01
1.931818181818182e-01, 4.886363636363636e-01, -1.911214448649680e-01
1.931818181818182e-01, 5.113636363636364e-01, -1.930103010850204e-01
1.931818181818182e-01, 5.340909090909091e-01, -1.941855145511410e-01
1.931818181818182e-01, 5.568181818181818e-01, -1.943867364570092e-01
1.931818181818182e-01, 5.795454545454546e-01, -1.936918142078273e-01
1.931818181818182e-01, 6.022727272727273e-01, -1.922214507604672e-01
1.931818181818182e-01, 6.250000000000000e-01, -1.900601854331471e-01
1.931818181818182e-01, 6.477272727272727e-01, -1.865589215106727e-01
1.931818181818182e-01, 6.704545454545454e-01, -1.822143266906113e-01
1.931818181818182e-01, 6.931818181818182e-01, -1.770141283938583e-01
1.931818181818182e-01, 7.159090909090909e-01, -1.709934466441074e-01
1.931818181818182e-01, 7.386363636363636e-01, -1.635523449261484e-01
1.931818181818182e-01, 7.613636363636364e-01, -1.551878582564512e-01
1.931818181818182e-01, 7.840909090909091e-01, -1.460416047557562e-01
1.931818181818182e-01, 8.068181818181818e-01, -1.356183468792990e-01
1.931818181818182e-01, 8.295454545454546e-01, -1.238677667814272e-01
1.931818181818182e-01, 8.522727272727273e-01, -1.111139549673302e-01
1.931818181818182e-01, 8.750000000000000e-01, -9.779637016824132e-02
1.931818181818182e-01, 8.977272727272727e-01, -8.243850178786621e-02
1.931818181818182e-01, 9.204545454545454e-01, -6.601007850965168e-02
1.931818181818182e-01, 9.431818181818182e-01, -4.849895745504781e-02
1.931818181818182e-01, 9.659090909090909e-01, -3.028709084953765e-02
1.931818181818182e-01, 9.886363636363636e-01, -9.964322326984628e-03
2.159090909090909e-01, 1.136363636363636e-02, -7.371488407097300e-03
2.159090909090909e-01, 3.409090909090909e-02, -2.186553961287253e-02
2.159090909090909e-01, 5.681818181818182e-02, -3.615074673966444e-02
2.159090909090909e-01, 7.954545454545454e-02, -4.986883798307877e-02
2.159090909090909e-01, 1.022727272727273e-01, -6.325708740745775e-02
2.159090909090909e-01, 1.250000000000000e-01, -7.630383921110098e-02
2.159090909090909e-01, 1.477272727272727e-01, -8.891848768380040e-02
2.159090909090909e-01, 1.704545454545454e-01, -1.009563237861709e-01
2.159090909090909e-01, 1.931818181818182e-01, -1.125799664085093e-01
2.159090909090909e-01, 2.159090909090909e-01, -1.238337143155211e-01
2.159090909090909e-01, 2.386363636363636e-01, -1.342770525222258e-01
2.159090909090909e-01, 2.613636363636364e-01, -1.442336307956698e-01
2.159090909090909e-01, 2.840909090909091e-01, -1.536918491765267e-01
2.159090909090909e-01, 3.068181818181818e-01, -1.625341760257664e-01
2.159090909090909e-01, 3.295454545454545e-01, -1.705800301755494e-01
2.159090909090909e-01, 3.522727272727273e-01, -1.780550494881118e-01
2.159090909090909e-01, 3.750000000000000e-01, -1.849476443460895e-01
2.159090909090909e-01, 3.977272727272727e-01, -1.909349662662551e-01
2.159090909090909e-01, 4.204545454545455e-01, -1.961833726880675e-01
2.159090909090909e-01, 4.431818181818182e-01, -2.007769399916233e-01
2.159090909090909e-01, 4.659090909090909e-01, -2.046146852526834e-01
2.159090909090909e-01, 4.886363636363636e-01, -2.073932098333910e-01
2.159090909090909e-01, 5.113636363636364e-01, -2.094445249439867e-01
2.159090909090909e-01, 5.340909090909091e-01, -2.107570583198387e-01
2.159090909090909e-01, 5.568181818181818e-01, -2.110013386659490e-01
2.159090909090909e-01, 5.795454545454546e-01, -2.102673240848347e-01
2.159090909090909e-01, 6.022727272727273e-01, -2.087222176897237e-01
2.159090909090909e-01, 6.250000000000000e-01, -2.063544564919166e-01
2.159090909090909e-01, 6.477272727272727e-01, -2.025627082332029e-01
2.159090909090909e-01, 6.704545454545454e-01, -1.979171216406638e-01
2.159090909090909e-01, 6.931818181818182e-01, -1.923766505765810e-01
2.159090909090909e-01, 7.159090909090909e-01, -1.856486043538809e-01
2.159090909090909e-01, 7.386363636363636e-01, -1.776599439080113e-01
2.159090909090909e-01, 7.613636363636364e-01, -1.687042664525361e-01
2.159090909090909e-01, 7.840909090909091e-01, -1.587700463047460e-01
2.159090909090909e-01, 8.068181818181818e-01, -1.472697099238952e-01
2.159090909090909e-01, 8.295454545454546e-01, -1.346567280359775e-01
2.159090909090909e-01, 8.522727272727273e-01, -1.209932598665785e-01
2.159090909090909e-01, 8.750000000000000e-01, -1.062678146063030e-01
2.159090909090909e-01, 8.977272727272727e-01, -8.955491943742670e-02
2.159090909090909e-01, 9.204545454545454e-01, -7.192098113137821e-02
2.159090909090909e-01, 9.431818181818182e-01, -5.315346102399616e-02
2.159090909090909e-01, 9.659090909090909e-01, -3.272197534810224e-02
2.159090909090909e-01, 9.886363636363636e-01, -1.087740401394635e-02
2.386363636363636e-01, 1.136363636363636e-02, -8.046288559749398e-03
2.386363636363636e-01, 3.409090909090909e-02, -2.340266235525983e-02
2.386363636363636e-01, 5.681818181818182e-02, -3.867497794856434e-02
2.386363636363636e-01, 7.954545454545454e-02, -5.353769096782539e-02
2.386363636363636e-01, 1.022727272727273e-01, -6.772885008955769e-02
2.386363636363636e-01, 1.250000000000000e-01, -8.156644757029136e-02
2.386363636363636e-01, 1.477272727272727e-01, -9.521685370247654e-02
2.386363636363636e-01, 1.704545454545454e-01, -1.081271904017340e-01
2.386363636363636e-01, 1.931818181818182e-01, -1.204591663409132e-01
2.386363636363636e-01, 2.159090909090909e-01, -1.323808073297034e-01
2.386363636363636e-01, 2.386363636363636e-01, -1.438520234083186e-01
2.386363636363636e-01, 2.613636363636364e-01, -1.544153988045777e-01
2.386363636363636e-01, 2.840909090909091e-01, -1.644606840647488e-01
2.386363636363636e-01, 3.068181818181818e-01, -1.739447868108944e-01
2.386363636363636e-01, 3.295454545454545e-01, -1.826907983635712e-01
2.386363636363636e-01, 3.522727272727273e-01, -1.906281779136270e-01
2.386363636363636e-01, 3.750000000000000e-01, -1.979598756818195e-01
2.386363636363636e-01, 3.977272727272727e-01, -2.044673277581229e-01
2.386363636363636e-01, 4.204545454545455e-01, -2.101086716690454e-01
2.386363636363636e-01, 4.431818181818182e-01, -2.149934754995014e-01
2.386363636363636e-01, 4.659090909090909e-01, -2.190771050857669e-01
2.386363636363636e-01, 4.886363636363636e-01, -2.221590554755077e-01
2.386363636363636e-01, 5.113636363636364e-01, -2.243347325423548e-01
2.386363636363636e-01, 5.340909090909091e-01, -2.257407086806120e-01
2.386363636363636e-01, 5.568181818181818e-01, -2.260237252692405e-01
2.386363636363636e-01, 5.795454545454546e-01, -2.252411134620491e-01
2.386363636363636e-01, 6.022727272727273e-01, -2.235994453194903e-01
2.386363636363636e-01, 6.250000000000000e-01, -2.211006832124270e-01
2.386363636363636e-01, 6.477272727272727e-01, -2.170128652163090e-01
2.386363636363636e-01, 6.704545454545454e-01, -2.120194378900448e-01
2.386363636363636e-01, 6.931818181818182e-01, -2.061348533915501e-01
2.386363636363636e-01, 7.159090909090909e-01, -1.990160866441701e-01
2.386363636363636e-01, 7.386363636363636e-01, -1.902595038391574e-01
2.386363636363636e-01, 7.613636363636364e-01, -1.807276432526346e-01
2.386363636363636e-01, 7.840909090909091e-01, -1.701751593761154e-01
2.386363636363636e-01, 8.068181818181818e-01, -1.578532285045796e-01
2.386363636363636e-01, 8.295454545454546e-01, -1.441391860222798e-01
2.386363636363636e-01, 8.522727272727273e-01, -1.296023180781553e-01
2.386363636363636e-01, 8.750000000000000e-01, -1.139578818363356e-01
2.386363636363636e-01, 8.977272727272727e-01, -9.583281940328171e-02
2.386363636363636e-01, 9.204545454545454e-01, -7.684964086307236e-02
2.386363636363636e-01, 9.431818181818182e-01, -5.688488674854657e-02
2.386363636363636e-01, 9.659090909090909e-01, -3.521191801725976e-02
2.386363636363636e-01, 9.886363636363636e-01, -1.118176457626692e-02
2.613636363636364e-01, 1.136363636363636e-02, -8.630359345953196e-03
2.613636363636364e-01, 3.409090909090909e-02, -2.480424328381985e-02
2.613636363636364e-01, 5.681818181818182e-02, -4.083372500174092e-02
2.613636363636364e-01, 7.954545454545454e-02, -5.658064929559053e-02
2.613636363636364e-01, 1.022727272727273e-01, -7.181328985065523e-02
2.613636363636364e-01, 1.250000000000000e-01, -8.640176460911903e-02
2.613636363636364e-01, 1.477272727272727e-01, -1.007166606855052e-01
2.613636363636364e-01, 1.704545454545454e-01, -1.145644249374665e-01
2.613636363636364e-01, 1.931818181818182e-01, -1.276948763825430e-01
2.613636363636364e-01, 2.159090909090909e-01, -1.402512982296181e-01
2.613636363636364e-01, 2.386363636363636e-01, -1.522962923839614e-01
2.613636363636364e-01, 2.613636363636364e-01, -1.637710395883285e-01
2.613636363636364e-01, 2.840909090909091e-01, -1.743766167741102e-01
2.613636363636364e-01, 3.068181818181818e-01, -1.843574469007063e-01
2.613636363636364e-01, 3.295454545454545e-01, -1.936592139359397e-01
2.613636363636364e-01, 3.522727272727273e-01, -2.022116908247039e-01
2.613636363636364e-01, 3.750000000000000e-01, -2.099628704964047e-01
2.613636363636364e-01, 3.977272727272727e-01, -2.168086314760915e-01
2.613636363636364e-01, 4.204545454545455e-01, -2.228943074709657e-01
2.613636363636364e-01, 4.431818181818182e-01, -2.281156083658953e-01
2.613636363636364e-01, 4.659090909090909e-01, -2.324349615678341e-01
2.613636363636364e-01, 4.886363636363636e-01, -2.356949946291746e-01
2.613636363636364e-01, 5.113636363636364e-01, -2.380920788059867e-01
2.613636363636364e-01, 5.340909090909091e-01, -2.395901732946050e-01
2.613636363636364e-01, 5.568181818181818e-01, -2.399060567337011e-01
2.613636363636364e-01, 5.795454545454546e-01, -2.391081456747624e-01
2.613636363636364e-01, 6.022727272727273e-01, -2.373658735136203e-01
2.613636363636364e-01, 6.250000000000000e-01, -2.347442415526930e-01
2.613636363636364e-01, 6.477272727272727e-01, -2.304689490357012e-01
2.613636363636364e-01, 6.704545454545454e-01, -2.251413078189280e-01
2.613636363636364e-01, 6.931818181818182e-01, -2.188812237762176e-01
2.613636363636364e-01, 7.159090909090909e-01, -2.113920665119622e-01
2.613636363636364e-01, 7.386363636363636e-01, -2.022183929185702e-01
2.613636363636364e-01, 7.613636363636364e-01, -1.918898286767313e-01
2.613636363636364e-01, 7.840909090909091e-01, -1.807505917320418e-01
2.613636363636364e-01, 8.068181818181818e-01, -1.677945509821633e-01
2.613636363636364e-01, 8.295454545454546e-01, -1.532519672721356e-01
2.613636363636364e-01, 8.522727272727273e-01, -1.376100373130092e-01
2.613636363636364e-01, 8.750000000000000e-01, -1.210898661713629e-01
2.613636363636364e-01, 8.977272727272727e-01, -1.020523628454820e-01
2.613636363636364e-01, 9.204545454545454e-01, -8.167158178304769e-02
2.613636363636364e-01, 9.431818181818182e-01, -6.036984014028021e-02
2.613636363636364e-01, 9.659090909090909e-01, -3.751371599637787e-02
2.613636363636364e-01, 9.886363636363636e-01, -1.227212441800348e-02
2.840909090909091e-01, 1.136363636363636e-02, -8.754017242188430e-03
2.840909090909091e-01, 3.409090909090909e-02, -2.607120607443619e-02
2.840909090909091e-01, 5.681818181818182e-02, -4.281423774087789e-02
2.840909090909091e-01, 7.954545454545454e-02, -5.924232582785711e-02
2.840909090909091e-01, 1.022727272727273e-01, -7.528351802057279e-02
2.840909090909091e-01, 1.250000000000000e-01, -9.081186786171619e-02
2.840909090909091e-01, 1.477272727272727e-01, -1.057537481772196e-01
2.840909090909091e-01, 1.704545454545454e-01, -1.202180750985180e-01
2.840909090909091e-01, 1.931818181818182e-01, -1.341893861458127e-01
2.840909090909091e-01, 2.159090909090909e-01, -1.474479430205416e-01
2.840909090909091e-01, 2.386363636363636e-01, -1.600348969305466e-01
2.840909090909091e-01, 2.613636363636364e-01, -1.720383053977455e-01
2.840909090909091e-01, 2.840909090909091e-01, -1.834427211519303e-01
2.840909090909091e-01, 3.068181818181818e-01, -1.938948880809964e-01
2.840909090909091e-01, 3.295454545454545e-01, -2.036302617885118e-01
2.840909090909091e-01, 3.522727272727273e-01, -2.126762042720555e-01
2.840909090909091e-01, 3.750000000000000e-01, -2.209596318857223e-01
2.840909090909091e-01, 3.977272727272727e-01, -2.281270453576404e-01
2.840909090909091e-01, 4.204545454545455e-01, -2.345146467107576e-01
2.840909090909091e-01, 4.431818181818182e-01, -2.401070119469336e-01
2.840909090909091e-01, 4.659090909090909e-01, -2.446909442105222e-01
2.840909090909091e-01, 4.886363636363636e-01, -2.481205066041633e-01
2.840909090909091e-01, 5.113636363636364e-01, -2.506645174532112e-01
2.840909090909091e-01, 5.340909090909091e-01, -2.523075631452020e-01
2.840909090909091e-01, 5.568181818181818e-01, -2.526567045336785e-01
2.840909090909091e-01, 5.795454545454546e-01, -2.518528958236755e-01
2.840909090909091e-01, 6.022727272727273e-01, -2.500578812702483e-01
2.840909090909091e-01, 6.250000000000000e-01, -2.472866708265780e-01
2.840909090909091e-01, 6.477272727272727e-01, -2.428357883501105e-01
2.840909090909091e-01, 6.704545454545454e-01, -2.373035377032272e-01
2.840909090909091e-01, 6.931818181818182e-01, -2.306745379060431e-01
2.840909090909091e-01, 7.159090909090909e-01, -2.227775060355849e-01
2.840909090909091e-01, 7.386363636363636e-01, -2.132091367646113e-01
2.840909090909091e-01, 7.613636363636364e-01, -2.024539890915051e-01
2.840909090909091e-01, 7.840909090909091e-01, -1.904967065759921e-01
2.840909090909091e-01, 8.068181818181818e-01, -1.769402574125895e-01
2.840909090909091e-01, 8.295454545454546e-01, -1.617606277956406e-01
2.840909090909091e-01, 8.522727272727273e-01, -1.452890301572074e-01
2.840909090909091e-01, 8.750000000000000e-01, -1.276637911263969e-01
2.840909090909091e-01, 8.977272727272727e-01, -1.077619348862449e-01
2.840909090909091e-01, 9.204545454545454e-01, -8.647850031118848e-02
2.840909090909091e-01, 9.431818181818182e-01, -6.379821518540874e-02
2.840909090909091e-01, 9.659090909090909e-01, -3.962729430336695e-02
2.840909090909091e-01, 9.886363636363636e-01, -1.323526594430646e-02
3.068181818181818e-01, 1.136363636363636e-02, -9.124990930894137e-03
3.068181818181818e-01, 3.409090909090909e-02, -2.706046924431808e-02
3.068181818181818e-01, 5.681818181818182e-02, -4.477294905895551e-02
3.068181818181818e-01, 7.954545454545454e-02, -6.179181841683069e-02
3.068181818181818e-01, 1.022727272727273e-01, -7.841664484967492e-02
3.068181818181818e-01, 1.250000000000000e-01, -9.463249112359137e-02
3.068181818181818e-01, 1.477272727272727e-01, -1.103475891629934e-01
3.068181818181818e-01, 1.704545454545454e-01, -1.253455213307350e-01
3.068181818181818e-01, 1.931818181818182e-01, -1.398405404324622e-01
3.068181818181818e-01, 2.159090909090909e-01, -1.538030346870147e-01
3.068181818181818e-01, 2.386363636363636e-01, -1.669587145361604e-01
3.068181818181818e-01, 2.613636363636364e-01, -1.794170837267845e-01
3.068181818181818e-01, 2.840909090909091e-01, -1.912638084982664e-01
3.068181818181818e-01, 3.068181818181818e-01, -2.023686543925144e-01
3.068181818181818e-01, 3.295454545454545e-01, -2.124748123975303e-01
3.068181818181818e-01, 3.522727272727273e-01, -2.218755811901634e-01
3.068181818181818e-01, 3.750000000000000e-01, -2.305560759955975e-01
3.068181818181818e-01, 3.977272727272727e-01, -2.381270247455900e-01
3.068181818181818e-01, 4.204545454545455e-01, -2.447665424825630e-01
3.068181818181818e-01, 4.431818181818182e-01, -2.505921118071346e-01
3.068181818181818e-01, 4.659090909090909e-01, -2.554485932805758e-01
3.068181818181818e-01, 4.886363636363636e-01, -2.590506764768563e-01
3.068181818181818e-01, 5.113636363636364e-01, -2.617062568571490e-01
3.068181818181818e-01, 5.340909090909091e-01, -2.634394068775259e-01
3.068181818181818e-01, 5.568181818181818e-01, -2.638424517949499e-01
3.068181818181818e-01, 5.795454545454546e-01, -2.630131672623310e-01
3.068181818181818e-01, 6.022727272727273e-01, -2.611679107622304e-01
3.068181818181818e-01, 6.250000000000000e-01, -2.582918309592490e-01
3.068181818181818e-01, 6.477272727272727e-01, -2.536280706751634e-01
3.068181818181818e-01, 6.704545454545454e-01, -2.478898345849632e-01
3.068181818181818e-01, 6.931818181818182e-01, -2.410273349956519e-01
3.068181818181818e-01, 7.159090909090909e-01, -2.327248248759030e-01
3.068181818181818e-01, 7.386363636363636e-01, -2.227214162211368e-01
3.068181818181818e-01, 7.613636363636364e-01, -2.115583451766271e-01
3.068181818181818e-01, 7.840909090909091e-01, -1.991628789219934e-01
3.068181818181818e-01, 8.068181818181818e-01, -1.847799019662326e-01
3.068181818181818e-01, 8.295454545454546e-01, -1.690025506354745e-01
3.068181818181818e-01, 8.522727272727273e-01, -1.518996756038913e-01
3.068181818181818e-01, 8.750000000000000e-01, -1.334565034784873e-01
3.068181818181818e-01, 8.977272727272727e-01, -1.124790958240486e-01
3.068181818181818e-01, 9.204545454545454e-01, -9.035589311358755e-02
3.068181818181818e-01, 9.431818181818182e-01, -6.679952854208369e-02
3.068181818181818e-01, 9.659090909090909e-01, -4.129887707351862e-02
3.068181818181818e-01, 9.886363636363636e-01, -1.365316163684438e-02
3.295454545454545e-01, 1.136363636363636e-02, -9.531474986317918e-03
3.295454545454545e-01, 3.409090909090909e-02, -2.801744252776196e-02
3.295454545454545e-01, 5.681818181818182e-02, -4.622957938158807e-02
3.295454545454545e-01, 7.954545454545454e-02, -6.407735238384038e-02
3.295454545454545e-01, 1.022727272727273e-01, -8.122378226114682e-02
3.295454545454545e-01, 1.250000000000000e-01, -9.795408494875812e-02
3.295454545454545e-01, 1.477272727272727e-01, -1.142208884213569e-01
3.295454545454545e-01, 1.704545454545454e-01, -1.298813309374947e-01
3.295454545454545e-01, 1.931818181818182e-01, -1.448446379392308e-01
3.295454545454545e-01, 2.159090909090909e-01, -1.592444885055481e-01
3.295454545454545e-01, 2.386363636363636e-01, -1.729782796305199e-01
3.295454545454545e-01, 2.613636363636364e-01, -1.859242122948555e-01
3.295454545454545e-01, 2.840909090909091e-01, -1.981657698862956e-01
3.295454545454545e-01, 3.068181818181818e-01, -2.096151914440789e-01
3.295454545454545e-01, 3.295454545454545e-01, -2.202615937099476e-01
3.295454545454545e-01, 3.522727272727273e-01, -2.299795428311798e-01
3.295454545454545e-01, 3.750000000000000e-01, -2.389612599768021e-01
3.295454545454545e-01, 3.977272727272727e-01, -2.468276764221002e-01
3.295454545454545e-01, 4.204545454545455e-01, -2.537910548986297e-01
3.295454545454545e-01, 4.431818181818182e-01, -2.598228597146204e-01
3.295454545454545e-01, 4.659090909090909e-01, -2.648530533069905e-01
3.295454545454545e-01, 4.886363636363636e-01, -2.686452007954007e-01
3.295454545454545e-01, 5.113636363636364e-01, -2.714230683759137e-01
3.295454545454545e-01, 5.340909090909091e-01, -2.732313653551463e-01
3.295454545454545e-01, 5.568181818181818e-01, -2.736679857450587e-01
3.295454545454545e-01, 5.795454545454546e-01, -2.728326673650842e-01
3.295454545454545e-01, 6.022727272727273e-01, -2.709361055788013e-01
3.295454545454545e-01, 6.250000000000000e-01, -2.679839543655802e-01
3.295454545454545e-01, 6.477272727272727e-01, -2.631723254219239e-01
3.295454545454545e-01, 6.704545454545454e-01, -2.571929127789520e-01
3.295454545454545e-01, 6.931818181818182e-01, -2.501105890174354e-01
3.295454545454545e-01, 7.159090909090909e-01, -2.415582211458438e-01
3.295454545454545e-01, 7.386363636363636e-01, -2.311345996176741e-01
3.295454545454545e-01, 7.613636363636364e-01, -2.195334543599398e-01
3.295454545454545e-01, 7.840909090909091e-01, -2.067295489367045e-01
3.295454545454545e-01, 8.068181818181818e-01, -1.919133963294122e-01
3.295454545454545e-01, 8.295454545454546e-01, -1.753264675037856e-01
3.295454545454545e-01, 8.522727272727273e-01, -1.576400049273428e-01
3.295454545454545e-01, 8.750000000000000e-01, -1.385796895777384e-01
3.295454545454545e-01, 8.977272727272727e-01, -1.168243113881761e-01
3.295454545454545e-01, 9.204545454545454e-01, -9.366891736607232e-02
3.295454545454545e-01, 9.431818181818182e-01, -6.930294909690270e-02
3.295454545454545e-01, 9.659090909090909e-01, -4.296920301703359e-02
3.295454545454545e-01, 9.886363636363636e-01, -1.407105732938230e-02
3.522727272727273e-01, 1.136363636363636e-02, -9.771196887725399e-03
3.522727272727273e-01, 3.409090909090909e-02, -2.884423088960699e-02
3.522727272727273e-01, 5.681818181818182e-02, -4.751408474926196e-02
3.522727272727273e-01, 7.954545454545454e-02, -6.579450845289421e-02
3.522727272727273e-01, 1.022727272727273e-01, -8.365715478132901e-02
3.522727272727273e-01, 1.250000000000000e-01, -1.008629423624467e-01
3.522727272727273e-01, 1.477272727272727e-01, -1.175344620606064e-01
3.522727272727273e-01, 1.704545454545454e-01, -1.336836918429314e-01
3.522727272727273e-01, 1.931818181818182e-01, -1.492244506553481e-01
3.522727272727273e-01, 2.159090909090909e-01, -1.640290254565832e-01
3.522727272727273e-01, 2.386363636363636e-01, -1.781199901462700e-01
3.522727272727273e-01, 2.613636363636364e-01, -1.915660001398899e-01
3.522727272727273e-01, 2.840909090909091e-01, -2.042363010802377e-01
3.522727272727273e-01, 3.068181818181818e-01, -2.160049843322958e-01
3.522727272727273e-01, 3.295454545454545e-01, -2.269437892672595e-01
3.522727272727273e-01, 3.522727272727273e-01, -2.371150726673045e-01
3.522727272727273e-01, 3.750000000000000e-01, -2.463782341622585e-01
3.522727272727273e-01, 3.977272727272727e-01, -2.544655135296753e-01
3.522727272727273e-01, 4.204545454545455e-01, -2.616810031407369e-01
3.522727272727273e-01, 4.431818181818182e-01, -2.679781171402077e-01
3.522727272727273e-01, 4.659090909090909e-01, -2.731714593689288e-01
3.522727272727273e-01, 4.886363636363636e-01, -2.770870803334801e-01
3.522727272727273e-01, 5.113636363636364e-01, -2.800085024828521e-01
3.522727272727273e-01, 5.340909090909091e-01, -2.819043579322973e-01
3.522727272727273e-01, 5.568181818181818e-01, -2.823742898811100e-01
3.522727272727273e-01, 5.795454545454546e-01, -2.815478350187158e-01
3.522727272727273e-01, 6.022727272727273e-01, -2.796048695763805e-01
3.522727272727273e-01, 6.250000000000000e-01, -2.765841934345997e-01
3.522727272727273e-01, 6.477272727272727e-01, -2.716662879675632e-01
3.522727272727273e-01, 6.704545454545454e-01, -2.655278505740118e-01
3.522727272727273e-01, 6.931818181818182e-01, -2.581888688583653e-01
3.522727272727273e-01, 7.159090909090909e-01, -2.494064168830624e-01
3.522727272727273e-01, 7.386363636363636e-01, -2.387293492838940e-01
3.522727272727273e-01, 7.613636363636364e-01, -2.267097101157426e-01
3.522727272727273e-01, 7.840909090909091e-01, -2.134694393038943e-01
3.522727272727273e-01, 8.068181818181818e-01, -1.982533032416916e-01
3.522727272727273e-01, 8.295454545454546e-01, -1.812485778508539e-01
3.522727272727273e-01, 8.522727272727273e-01, -1.627794633947515e-01
3.522727272727273e-01, 8.750000000000000e-01, -1.431449832795872e-01
3.522727272727273e-01, 8.977272727272727e-01, -1.208131503836353e-01
3.522727272727273e-01, 9.204545454545454e-01, -9.691344120286319e-02
3.522727272727273e-01, 9.431818181818182e-01, -7.155938496520894e-02
3.522727272727273e-01, 9.659090909090909e-01, -4.445090725593435e-02
3.522727272727273e-01, 9.886363636363636e-01, -1.477936982179335e-02
3.750000000000000e-01, 1.136363636363636e-02, -9.851104188194560e-03
3.750000000000000e-01, 3.409090909090909e-02, -2.948348929336027e-02
3.750000000000000e-01, 5.681818181818182e-02, -4.862711149996216e-02
3.750000000000000e-01, 7.954545454545454e-02, -6.729824587161454e-02
3.750000000000000e-01, 1.022727272727273e-01, -8.554887200955680e-02
3.750000000000000e-01, 1.250000000000000e-01, -1.033611443329542e-01
3.750000000000000e-01, 1.477272727272727e-01, -1.204006880552725e-01
3.750000000000000e-01, 1.704545454545454e-01, -1.369126886184853e-01
3.750000000000000e-01, 1.931818181818182e-01, -1.528793165300798e-01
3.750000000000000e-01, 2.159090909090909e-01, -1.681594041732090e-01
3.750000000000000e-01, 2.386363636363636e-01, -1.825761441248579e-01
3.750000000000000e-01, 2.613636363636364e-01, -1.963405694635509e-01
3.750000000000000e-01, 2.840909090909091e-01, -2.094348638275711e-01
3.750000000000000e-01, 3.068181818181818e-01, -2.215410959680902e-01
3.750000000000000e-01, 3.295454545454545e-01, -2.327469896028886e-01
3.750000000000000e-01, 3.522727272727273e-01, -2.431758936757352e-01
3.750000000000000e-01, 3.750000000000000e-01, -2.528100032040628e-01
3.750000000000000e-01, 3.977272727272727e-01, -2.611012387220633e-01
3.750000000000000e-01, 4.204545454545455e-01, -2.685086868813945e-01
3.750000000000000e-01, 4.431818181818182e-01, -2.750145554546238e-01
3.750000000000000e-01, 4.659090909090909e-01, -2.804065025151516e-01
3.750000000000000e-01, 4.886363636363636e-01, -2.844366172407196e-01
3.750000000000000e-01, 5.113636363636364e-01, -2.874584284017379e-01
3.750000000000000e-01, 5.340909090909091e-01, -2.894541554373974e-01
3.750000000000000e-01, 5.568181818181818e-01, -2.899635862124320e-01
3.750000000000000e-01, 5.795454545454546e-01, -2.891457309540302e-01
3.750000000000000e-01, 6.022727272727273e-01, -2.871951543926700e-01
3.750000000000000e-01, 6.250000000000000e-01, -2.840940901227327e-01
3.750000000000000e-01, 6.477272727272727e-01, -2.790812063720466e-01
3.750000000000000e-01, 6.704545454545454e-01, -2.728290550611092e-01
3.750000000000000e-01, 6.931818181818182e-01, -2.653198925038743e-01
3.750000000000000e-01, 7.159090909090909e-01, -2.562703778161994e-01
3.750000000000000e-01, 7.386363636363636e-01, -2.453617160486924e-01
3.750000000000000e-01, 7.613636363636364e-01, -2.330896448712761e-01
3.750000000000000e-01, 7.840909090909091e-01, -2.194364464605733e-01
3.750000000000000e-01, 8.068181818181818e-01, -2.038000762063961e-01
3.750000000000000e-01, 8.295454545454546e-01, -1.864107464469684e-01
3.750000000000000e-01, 8.522727272727273e-01, -1.675340881498685e-01
3.750000000000000e-01, 8.750000000000000e-01, -1.471524153484541e-01
3.750000000000000e-01, 8.977272727272727e-01, -1.242920304613658e-01
3.750000000000000e-01, 9.204545454545454e-01, -9.983830349184099e-02
3.750000000000000e-01, 9.431818181818182e-01, -7.377358747197375e-02
3.750000000000000e-01, 9.659090909090909e-01, -4.574392004946579e-02
3.750000000000000e-01, 9.886363636363636e-01, -1.536007695332810e-02
3.977272727272727e-01, 1.136363636363636e-02, -1.008517224454970e-02
3.977272727272727e-01, 3.409090909090909e-02, -3.000989649405874e-02
3.977272727272727e-01, 5.681818181818182e-02, -4.956141631657795e-02
3.977272727272727e-01, 7.954545454545454e-02, -6.857859109204499e-02
3.977272727272727e-01, 1.022727272727273e-01, -8.711473486711090e-02
3.977272727272727e-01, 1.250000000000000e-01, -1.052106252502618e-01
3.977272727272727e-01, 1.477272727272727e-01, -1.226935400232119e-01
3.977272727272727e-01, 1.704545454545454e-01, -1.394743723337366e-01
3.977272727272727e-01, 1.931818181818182e-01, -1.557058157965135e-01
3.977272727272727e-01, 2.159090909090909e-01, -1.712964529480287e-01
3.977272727272727e-01, 2.386363636363636e-01, -1.860589711629071e-01
3.977272727272727e-01, 2.613636363636364e-01, -2.000595218895959e-01
3.977272727272727e-01, 2.840909090909091e-01, -2.133841585934632e-01
3.977272727272727e-01, 3.068181818181818e-01, -2.257956876601726e-01
3.977272727272727e-01, 3.295454545454545e-01, -2.372427336123087e-01
3.977272727272727e-01, 3.522727272727273e-01, -2.478612718674770e-01
3.977272727272727e-01, 3.750000000000000e-01, -2.576774648567086e-01
3.977272727272727e-01, 3.977272727272727e-01, -2.662270029234731e-01
3.977272727272727e-01, 4.204545454545455e-01, -2.737734782102947e-01
3.977272727272727e-01, 4.431818181818182e-01, -2.804087022639661e-01
3.977272727272727e-01, 4.659090909090909e-01, -2.859384669363375e-01
3.977272727272727e-01, 4.886363636363636e-01, -2.900930442598652e-01
3.977272727272727e-01, 5.113636363636364e-01, -2.931815871643567e-01
3.977272727272727e-01, 5.340909090909091e-01, -2.952326076228538e-01
3.977272727272727e-01, 5.568181818181818e-01, -2.957864327513995e-01
3.977272727272727e-01, 5.795454545454546e-01, -2.949691364206038e-01
3.977272727272727e-01, 6.022727272727273e-01, -2.929992197555740e-01
3.977272727272727e-01, 6.250000000000000e-01, -2.898656114641841e-01
3.977272727272727e-01, 6.477272727272727e-01, -2.847450184168115e-01
3.977272727272727e-01, 6.704545454545454e-01, -2.783890105767859e-01
3.977272727272727e-01, 6.931818181818182e-01, -2.707606708182033e-01
3.977272727272727e-01, 7.159090909090909e-01, -2.615405662788443e-01
3.977272727272727e-01, 7.386363636363636e-01, -2.503767930416036e-01
3.977272727272727e-01, 7.613636363636364e-01, -2.378890379890949e-01
3.977272727272727e-01, 7.840909090909091e-01, -2.240030726035501e-01
3.977272727272727e-01, 8.068181818181818e-01, -2.079920091813935e-01
3.977272727272727e-01, 8.295454545454546e-01, -1.902270926194916e-01
3.977272727272727e-01, 8.522727272727273e-01, -1.710091769559598e-01
3.977272727272727e-01, 8.750000000000000e-01, -1.502674012118667e-01
3.977272727272727e-01, 8.977272727272727e-01, -1.267526465910092e-01
3.977272727272727e-01, 9.204545454545454e-01, -1.018392942275508e-01
3.977272727272727e-01, 9.431818181818182e-01, -7.529398772722015e-02
3.977272727272727e-01, 9.659090909090909e-01, -4.664987457240220e-02
3.977272727272727e-01, 9.886363636363636e-01, -1.547332126869515e-02
4.204545454545455e-01, 1.136363636363636e-02, -1.023497332532800e-02
4.204545454545455e-01, 3.409090909090909e-02, -3.041055956083290e-02
4.204545454545455e-01, 5.681818181818182e-02, -5.017179316548004e-02
4.204545454545455e-01, 7.954545454545454e-02, -6.949545687555207e-02
4.204545454545455e-01, 1.022727272727273e-01, -8.831812914714660e-02
4.204545454545455e-01, 1.250000000000000e-01, -1.066598625625637e-01
4.204545454545455e-01, 1.477272727272727e-01, -1.243297804048076e-01
4.204545454545455e-01, 1.704545454545454e-01, -1.414602901871786e-01
4.204545454545455e-01, 1.931818181818182e-01, -1.579243967138426e-01
4.204545454545455e-01, 2.159090909090909e-01, -1.737255963914031e-01
4.204545454545455e-01, 2.386363636363636e-01, -1.887118652135291e-01
4.204545454545455e-01, 2.613636363636364e-01, -2.029919342651314e-01
4.204545454545455e-01, 2.840909090909091e-01, -2.165204315158132e-01
4.204545454545455e-01, 3.068181818181818e-01, -2.290995034959614e-01
4.204545454545455e-01, 3.295454545454545e-01, -2.407780244205679e-01
4.204545454545455e-01, 3.522727272727273e-01, -2.515964392744390e-01
4.204545454545455e-01, 3.750000000000000e-01, -2.615747493002356e-01
4.204545454545455e-01, 3.977272727272727e-01, -2.702429589706100e-01
4.204545454545455e-01, 4.204545454545455e-01, -2.779900578069149e-01
4.204545454545455e-01, 4.431818181818182e-01, -2.847436712870983e-01
4.204545454545455e-01, 4.659090909090909e-01, -2.903718348884442e-01
4.204545454545455e-01, 4.886363636363636e-01, -2.946190720911315e-01
4.204545454545455e-01, 5.113636363636364e-01, -2.978013820438435e-01
4.204545454545455e-01, 5.340909090909091e-01, -2.999052144723627e-01
4.204545454545455e-01, 5.568181818181818e-01, -3.004893494796806e-01
4.204545454545455e-01, 5.795454545454546e-01, -2.996927097613321e-01
4.204545454545455e-01, 6.022727272727273e-01, -2.977138153297183e-01
4.204545454545455e-01, 6.250000000000000e-01, -2.945545091385322e-01
4.204545454545455e-01, 6.477272727272727e-01, -2.893936724931792e-01
4.204545454545455e-01, 6.704545454545454e-01, -2.829308020583530e-01
4.204545454545455e-01, 6.931818181818182e-01, -2.752025035703141e-01
4.204545454545455e-01, 7.159090909090909e-01, -2.658690685290555e-01
4.204545454545455e-01, 7.386363636363636e-01, -2.545536990501461e-01
4.204545454545455e-01, 7.613636363636364e-01, -2.418337076376439e-01
4.204545454545455e-01, 7.840909090909091e-01, -2.277454862374651e-01
4.204545454545455e-01, 8.068181818181818e-01, -2.115324921725600e-01
4.204545454545455e-01, 8.295454545454546e-01, -1.934417303738038e-01
4.204545454545455e-01, 8.522727272727273e-01, -1.738839288203230e-01
4.204545454545455e-01, 8.750000000000000e-01, -1.528246963181480e-01
4.204545454545455e-01, 8.977272727272727e-01, -1.290203449912312e-01
4.204545454545455e-01, 9.204545454545454e-01, -1.035344853552122e-01
4.204545454545455e-01, 9.431818181818182e-01, -7.656698179828691e-02
4.204545454545455e-01, 9.659090909090909e-01, -4.749842066901375e-02
4.204545454545455e-01, 9.886363636363636e-01, -1.581305421479631e-02
4.431818181818182e-01, 1.136363636363636e-02, -1.026838782261815e-02
4.431818181818182e-01, 3.409090909090909e-02, -3.068640591515284e-02
4.431818181818182e-01, 5.681818181818182e-02, -5.061681244980203e-02
4.431818181818182e-01, 7.954545454545454e-02, -7.009127467095735e-02
4.431818181818182e-01, 1.022727272727273e-01, -8.914218983595711e-02
4.431818181818182e-01, 1.250000000000000e-01, -1.077109398406168e-01
4.431818181818182e-01, 1.477272727272727e-01, -1.255321446406661e-01
4.431818181818182e-01, 1.704545454545454e-01, -1.428143105446378e-01
4.431818181818182e-01, 1.931818181818182e-01, -1.595379163704016e-01
4.431818181818182e-01, 2.159090909090909e-01, -1.755175260867121e-01
4.431818181818182e-01, 2.386363636363636e-01, -1.906472056933626e-01
4.431818181818182e-01, 2.613636363636364e-01, -2.051029083434500e-01
4.431818181818182e-01, 2.840909090909091e-01, -2.188467603976864e-01
4.431818181818182e-01, 3.068181818181818e-01, -2.315681247872208e-01
4.431818181818182e-01, 3.295454545454545e-01, -2.433724524040975e-01
4.431818181818182e-01, 3.522727272727273e-01, -2.543679522151174e-01
4.431818181818182e-01, 3.750000000000000e-01, -2.645048631209819e-01
4.431818181818182e-01, 3.977272727272727e-01, -2.732745373345064e-01
4.431818181818182e-01, 4.204545454545455e-01, -2.811201035305173e-01
4.431818181818182e-01, 4.431818181818182e-01, -2.880220752935664e-01
4.431818181818182e-01, 4.659090909090909e-01, -2.937376717699567e-01
4.431818181818182e-01, 4.886363636363636e-01, -2.980502785858932e-01
4.431818181818182e-01, 5.113636363636364e-01, -3.013040874970419e-01
4.431818181818182e-01, 5.340909090909091e-01, -3.034740916609229e-01
4.431818181818182e-01, 5.568181818181818e-01, -3.040877273296592e-01
4.431818181818182e-01, 5.795454545454546e-01, -3.033106298912515e-01
4.431818181818182e-01, 6.022727272727273e-01, -3.013401493698187e-01
4.431818181818182e-01, 6.250000000000000e-01, -2.981623287178586e-01
4.431818181818182e-01, 6.477272727272727e-01, -2.929718443742249e-01
4.431818181818182e-01, 6.704545454545454e-01, -2.864729629974320e-01
4.431818181818182e-01, 6.931818181818182e-01, -2.786462503908929e-01
4.431818181818182e-01, 7.159090909090909e-01, -2.692187033196261e-01
4.431818181818182e-01, 7.386363636363636e-01, -2.578093941326390e-01
4.431818181818182e-01, 7.613636363636364e-01, -2.449573965589678e-01
4.431818181818182e-01, 7.840909090909091e-01, -2.306640623644588e-01
4.431818181818182e-01, 8.068181818181818e-01, -2.142819067673478e-01
4.431818181818182e-01, 8.295454545454546e-01, -1.960232066785542e-01
4.431818181818182e-01, 8.522727272727273e-01, -1.761877553610455e-01
4.431818181818182e-01, 8.750000000000000e-01, -1.548243378814467e-01
4.431818181818182e-01, 8.977272727272727e-01, -1.307780687637310e-01
4.431818181818182e-01, 9.204545454545454e-01, -1.050405721427634e-01
4.431818181818182e-01, 9.431818181818182e-01, -7.759250891574068e-02
4.431818181818182e-01, 9.659090909090909e-01, -4.815789323588106e-02
4.431818181818182e-01, 9.886363636363636e-01, -1.613817863756329e-02
4.659090909090909e-01, 1.136363636363636e-02, -1.030180231990831e-02
4.659090909090909e-01, 3.409090909090909e-02, -3.082006390431345e-02
4.659090909090909e-01, 5.681818181818182e-02, -5.087458208999892e-02
4.659090909090909e-01, 7.954545454545454e-02, -7.044095017159197e-02
4.659090909090909e-01, 1.022727272727273e-01, -8.958518902855539e-02
4.659090909090909e-01, 1.250000000000000e-01, -1.082879755049332e-01
4.659090909090909e-01, 1.477272727272727e-01, -1.262264356536702e-01
4.659090909090909e-01, 1.704545454545454e-01, -1.436068680939080e-01
4.659090909090909e-01, 1.931818181818182e-01, -1.604291096197332e-01
4.659090909090909e-01, 2.159090909090909e-01, -1.765663325587175e-01
4.659090909090909e-01, 2.386363636363636e-01, -1.917933417514545e-01
4.659090909090909e-01, 2.613636363636364e-01, -2.063454818669989e-01
4.659090909090909e-01, 2.840909090909091e-01, -2.202034530626509e-01
4.659090909090909e-01, 3.068181818181818e-01, -2.330533608500079e-01
4.659090909090909e-01, 3.295454545454545e-01, -2.449460372154216e-01
4.659090909090909e-01, 3.522727272727273e-01, -2.560279412713704e-01
4.659090909090909e-01, 3.750000000000000e-01, -2.662797840497995e-01
4.659090909090909e-01, 3.977272727272727e-01, -2.751402430062767e-01
4.659090909090909e-01, 4.204545454545455e-01, -2.830569673795819e-01
4.659090909090909e-01, 4.431818181818182e-01, -2.900271001364810e-01
4.659090909090909e-01, 4.659090909090909e-01, -2.958380812945899e-01
4.659090909090909e-01, 4.886363636363636e-01, -3.002007054289415e-01
4.659090909090909e-01, 5.113636363636364e-01, -3.035002714678275e-01
4.659090909090909e-01, 5.340909090909091e-01, -3.057175158417728e-01
4.659090909090909e-01, 5.568181818181818e-01, -3.063698813425437e-01
4.659090909090909e-01, 5.795454545454546e-01, -3.056102444643174e-01
4.659090909090909e-01, 6.022727272727273e-01, -3.036519123692867e-01
4.659090909090909e-01, 6.250000000000000e-01, -3.004756366129060e-01
4.659090909090909e-01, 6.477272727272727e-01, -2.952686476507950e-01
4.659090909090909e-01, 6.704545454545454e-01, -2.887464675597421e-01
4.659090909090909e-01, 6.931818181818182e-01, -2.808900929952572e-01
4.659090909090909e-01, 7.159090909090909e-01, -2.713879531709962e-01
4.659090909090909e-01, 7.386363636363636e-01, -2.599140153285402e-01
4.659090909090909e-01, 7.613636363636364e-01, -2.469897660801958e-01
4.659090909090909e-01, 7.840909090909091e-01, -2.325960084415110e-01
4.659090909090909e-01, 8.068181818181818e-01, -2.160685434502182e-01
4.659090909090909e-01, 8.295454545454546e-01, -1.976891273621908e-01
4.659090909090909e-01, 8.522727272727273e-01, -1.777242886713190e-01
4.659090909090909e-01, 8.750000000000000e-01, -1.561548621786333e-01
4.659090909090909e-01, 8.977272727272727e-01, -1.319041137594275e-01
4.659090909090909e-01, 9.204545454545454e-01, -1.059816389293272e-01
4.659090909090909e-01, 9.431818181818182e-01, -7.833887829902202e-02
4.659090909090909e-01, 9.659090909090909e-01, -4.855219332627923e-02
4.659090909090909e-01, 9.886363636363636e-01, -1.628604117146261e-02
4.886363636363636e-01, 1.136363636363636e-02, -1.028695450794496e-02
4.886363636363636e-01, 3.409090909090909e-02, -3.080866737749064e-02
4.886363636363636e-01, 5.681818181818182e-02, -5.085046493598394e-02
4.886363636363636e-01, 7.954545454545454e-02, -7.043058594159640e-02
4.886363636363636e-01, 1.022727272727273e-01, -8.959468466584444e-02
4.886363636363636e-01, 1.250000000000000e-01, -1.083192576715411e-01
4.886363636363636e-01, 1.477272727272727e-01, -1.262706482916660e-01
4.886363636363636e-01, 1.704545454545454e-01, -1.436851221846235e-01
4.886363636363636e-01, 1.931818181818182e-01, -1.605405247256977e-01
4.886363636363636e-01, 2.159090909090909e-01, -1.766968334581689e-01
4.886363636363636e-01, 2.386363636363636e-01, -1.919757391037643e-01
4.886363636363636e-01, 2.613636363636364e-01, -2.065683288072488e-01
4.886363636363636e-01, 2.840909090909091e-01, -2.204668147239832e-01
4.886363636363636e-01, 3.068181818181818e-01, -2.333512651781658e-01
4.886363636363636e-01, 3.295454545454545e-01, -2.452991013626387e-01
4.886363636363636e-01, 3.522727272727273e-01, -2.564237528619655e-01
4.886363636363636e-01, 3.750000000000000e-01, -2.667175056070589e-01
4.886363636363636e-01, 3.977272727272727e-01, -2.756233049922005e-01
4.886363636363636e-01, 4.204545454545455e-01, -2.835873901044667e-01
4.886363636363636e-01, 4.431818181818182e-01, -2.905966053176986e-01
4.886363636363636e-01, 4.659090909090909e-01, -2.964389821712456e-01
4.886363636363636e-01, 4.886363636363636e-01, -3.008553658579748e-01
4.886363636363636e-01, 5.113636363636364e-01, -3.041870894440311e-01
4.886363636363636e-01, 5.340909090909091e-01, -3.064337875318262e-01
4.886363636363636e-01, 5.568181818181818e-01, -3.071159417299381e-01
4.886363636363636e-01, 5.795454545454546e-01, -3.063873704734457e-01
4.886363636363636e-01, 6.022727272727273e-01, -3.044465076201849e-01
4.886363636363636e-01, 6.250000000000000e-01, -3.012840950235022e-01
4.886363636363636e-01, 6.477272727272727e-01, -2.960941179747881e-01
4.886363636363636e-01, 6.704545454545454e-01, -2.895757596917833e-01
4.886363636363636e-01, 6.931818181818182e-01, -2.817162086275682e-01
4.886363636363636e-01, 7.159090909090909e-01, -2.722143859551608e-01
4.886363636363636e-01, 7.386363636363636e-01, -2.607218637352464e-01
4.886363636363636e-01, 7.613636363636364e-01, -2.477733114575299e-01
4.886363636363636e-01, 7.840909090909091e-01, -2.333497828839325e-01
4.886363636363636e-01, 8.068181818181818e-01, -2.167953135695933e-01
4.886363636363636e-01, 8.295454545454546e-01, -1.983573874757011e-01
4.886363636363636e-01, 8.522727272727273e-01, -1.783366142760645e-01
4.886363636363636e-01, 8.750000000000000e-01, -1.567048869776816e-01
4.886363636363636e-01, 8.977272727272727e-01, -1.323821924964808e-01
4.886363636363636e-01, 9.204545454545454e-01, -1.063632751057601e-01
4.886363636363636e-01, 9.431818181818182e-01, -7.862702752506374e-02
4.886363636363636e-01, 9.659090909090909e-01, -4.876633655502274e-02
4.886363636363636e-01, 9.886363636363636e-01, -1.633532868276238e-02
5.113636363636364e-01, 1.136363636363636e-02, -1.019172561323552e-02
5.113636363636364e-01, 3.409090909090909e-02, -3.067690040885606e-02
5.113636363636364e-01, 5.681818181818182e-02, -5.064938697239993e-02
5.113636363636364e-01, 7.954545454545454e-02, -7.014674413436521e-02
5.113636363636364e-01, 1.022727272727273e-01, -8.925530352087815e-02
5.113636363636364e-01, 1.250000000000000e-01, -1.079648857230032e-01
5.113636363636364e-01, 1.477272727272727e-01, -1.258553820089647e-01
5.113636363636364e-01, 1.704545454545454e-01, -1.432201998963518e-01
5.113636363636364e-01, 1.931818181818182e-01, -1.600632587043991e-01
5.113636363636364e-01, 2.159090909090909e-01, -1.762070760642517e-01
5.113636363636364e-01, 2.386363636363636e-01, -1.914489926060452e-01
5.113636363636364e-01, 2.613636363636364e-01, -2.060260198536921e-01
5.113636363636364e-01, 2.840909090909091e-01, -2.199386529771172e-01
5.113636363636364e-01, 3.068181818181818e-01, -2.328141082614788e-01
5.113636363636364e-01, 3.295454545454545e-01, -2.447524931204705e-01
5.113636363636364e-01, 3.522727272727273e-01, -2.558905615723363e-01
5.113636363636364e-01, 3.750000000000000e-01, -2.662061007678885e-01
5.113636363636364e-01, 3.977272727272727e-01, -2.751094717391556e-01
5.113636363636364e-01, 4.204545454545455e-01, -2.830897621568034e-01
5.113636363636364e-01, 4.431818181818182e-01, -2.901258708556219e-01
5.113636363636364e-01, 4.659090909090909e-01, -2.959881946532433e-01
5.113636363636364e-01, 4.886363636363636e-01, -3.004182879853563e-01
5.113636363636364e-01, 5.113636363636364e-01, -3.037863259863283e-01
5.113636363636364e-01, 5.340909090909091e-01, -3.060594659756120e-01
5.113636363636364e-01, 5.568181818181818e-01, -3.067644131935084e-01
5.113636363636364e-01, 5.795454545454546e-01, -3.060674321831343e-01
5.113636363636364e-01, 6.022727272727273e-01, -3.041630433163750e-01
5.113636363636364e-01, 6.250000000000000e-01, -3.010207572225033e-01
5.113636363636364e-01, 6.477272727272727e-01, -2.958631883631617e-01
5.113636363636364e-01, 6.704545454545454e-01, -2.893859069307696e-01
5.113636363636364e-01, 6.931818181818182e-01, -2.815502943556725e-01
5.113636363636364e-01, 7.159090909090909e-01, -2.720673424012598e-01
5.113636363636364e-01, 7.386363636363636e-01, -2.606155863858711e-01
5.113636363636364e-01, 7.613636363636364e-01, -2.477055548247601e-01
5.113636363636364e-01, 7.840909090909091e-01, -2.332823215113237e-01
5.113636363636364e-01, 8.068181818181818e-01, -2.167538684312866e-01
5.113636363636364e-01, 8.295454545454546e-01, -1.983562783634622e-01
5.113636363636364e-01, 8.522727272727273e-01, -1.783491538458189e-01
5.113636363636364e-01, 8.750000000000000e-01, -1.566974943883006e-01
5.113636363636364e-01, 8.977272727272727e-01, -1.324184665946700e-01
5.113636363636364e-01, 9.204545454545454e-01, -1.064246226126098e-01
5.113636363636364e-01, 9.431818181818182e-01, -7.866730732381279e-02
5.113636363636364e-01, 9.659090909090909e-01, -4.879103518892318e-02
5.113636363636364e-01, 9.886363636363636e-01, -1.640438414323857e-02
5.340909090909091e-01, 1.136363636363636e-02, -1.014814714206069e-02
5.340909090909091e-01, 3.409090909090909e-02, -3.042569122100616e-02
5.340909090909091e-01, 5.681818181818182e-02, -5.028972647474109e-02
5.340909090909091e-01, 7.954545454545454e-02, -6.966608114683795e-02
5.340909090909091e-01, 1.022727272727273e-01, -8.864076751879657e-02
5.340909090909091e-01, 1.250000000000000e-01, -1.072269448624064e-01
5.340909090909091e-01, 1.477272727272727e-01, -1.250216443936593e-01
5.340909090909091e-01, 1.704545454545454e-01, -1.422952363051437e-01
5.340909090909091e-01, 1.931818181818182e-01, -1.590278345100871e-01
5.340909090909091e-01, 2.159090909090909e-01, -1.750998233238071e-01
5.340909090909091e-01, 2.386363636363636e-01, -1.902742272506965e-01
5.340909090909091e-01, 2.613636363636364e-01, -2.047882606856861e-01
5.340909090909091e-01, 2.840909090909091e-01, -2.186220473478822e-01
5.340909090909091e-01, 3.068181818181818e-01, -2.314633203120834e-01
5.340909090909091e-01, 3.295454545454545e-01, -2.433609234637504e-01
5.340909090909091e-01, 3.522727272727273e-01, -2.544589714225790e-01
5.340909090909091e-01, 3.750000000000000e-01, -2.647485778772573e-01
5.340909090909091e-01, 3.977272727272727e-01, -2.736320631963368e-01
5.340909090909091e-01, 4.204545454545455e-01, -2.815967423132589e-01
5.340909090909091e-01, 4.431818181818182e-01, -2.886227615503449e-01
5.340909090909091e-01, 4.659090909090909e-01, -2.944884139284006e-01
5.340909090909091e-01, 4.886363636363636e-01, -2.989222813354461e-01
5.340909090909091e-01, 5.113636363636364e-01, -3.022983136319470e-01
5.340909090909091e-01, 5.340909090909091e-01, -3.045966693974538e-01
5.340909090909091e-01, 5.568181818181818e-01, -3.053230557053572e-01
5.340909090909091e-01, 5.795454545454546e-01, -3.046519417897236e-01
5.340909090909091e-01, 6.022727272727273e-01, -3.027840698634947e-01
5.340909090909091e-01, 6.250000000000000e-01, -2.996871720669924e-01
5.340909090909091e-01, 6.477272727272727e-01, -2.945720230443394e-01
5.340909090909091e-01, 6.704545454545454e-01, -2.881411352199930e-01
5.340909090909091e-01, 6.931818181818182e-01, -2.803747080420942e-01
5.340909090909091e-01, 7.159090909090909e-01, -2.709477973683294e-01
5.340909090909091e-01, 7.386363636363636e-01, -2.595574787339284e-01
5.340909090909091e-01, 7.613636363636364e-01, -2.467128049771897e-01
5.340909090909091e-01, 7.840909090909091e-01, -2.323940045771743e-01
5.340909090909091e-01, 8.068181818181818e-01, -2.159239142893332e-01
5.340909090909091e-01, 8.295454545454546e-01, -1.976052275243889e-01
5.340909090909091e-01, 8.522727272727273e-01, -1.776938145005046e-01
5.340909090909091e-01, 8.750000000000000e-01, -1.561327265558310e-01
5.340909090909091e-01, 8.977272727272727e-01, -1.319448559405810e-01
5.340909090909091e-01, 9.204545454545454e-01, -1.060458558453739e-01
5.340909090909091e-01, 9.431818181818182e-01, -7.841602998538756e-02
5.340909090909091e-01, 9.659090909090909e-01, -4.862622515108894e-02
5.340909090909091e-01, 9.886363636363636e-01, -1.634522611720318e-02
5.568181818181818e-01, 1.136363636363636e-02, -1.001741172853621e-02
5.568181818181818e-01, 3.409090909090909e-02, -3.007706345160754e-02
5.568181818181818e-01, 5.681818181818182e-02, -4.961325749787415e-02
5.568181818181818e-01, 7.954545454545454e-02, -6.879781142670462e-02
5.568181818181818e-01, 1.022727272727273e-01, -8.758598041005258e-02
5.568181818181818e-01, 1.250000000000000e-01, -1.059578469257099e-01
5.568181818181818e-01, 1.477272727272727e-01, -1.235211599845334e-01
5.568181818181818e-01, 1.704545454545454e-01, -1.406402150513103e-01
5.568181818181818e-01, 1.931818181818182e-01, -1.572236674730371e-01
5.568181818181818e-01, 2.159090909090909e-01, -1.731020072447647e-01
5.568181818181818e-01, 2.386363636363636e-01, -1.881267922096080e-01
5.568181818181818e-01, 2.613636363636364e-01, -2.025243900067748e-01
5.568181818181818e-01, 2.840909090909091e-01, -2.162472389181806e-01
5.568181818181818e-01, 3.068181818181818e-01, -2.289331729744701e-01
5.568181818181818e-01, 3.295454545454545e-01, -2.407476460992254e-01
5.568181818181818e-01, 3.522727272727273e-01, -2.517681889252236e-01
5.568181818181818e-01, 3.750000000000000e-01, -2.619749140298516e-01
5.568181818181818e-01, 3.977272727272727e-01, -2.707815391094043e-01
5.568181818181818e-01, 4.204545454545455e-01, -2.787027361500166e-01
5.568181818181818e-01, 4.431818181818182e-01, -2.856910033436327e-01
5.568181818181818e-01, 4.659090909090909e-01, -2.915199057120418e-01
5.568181818181818e-01, 4.886363636363636e-01, -2.959396517099145e-01
5.568181818181818e-01, 5.113636363636364e-01, -2.993126682377228e-01
5.568181818181818e-01, 5.340909090909091e-01, -3.016138429493934e-01
5.568181818181818e-01, 5.568181818181818e-01, -3.023682453955647e-01
5.568181818181818e-01, 5.795454545454546e-01, -3.017294370727747e-01
5.568181818181818e-01, 6.022727272727273e-01, -2.998998306824677e-01
5.568181818181818e-01, 6.250000000000000e-01, -2.968595794266128e-01
5.568181818181818e-01, 6.477272727272727e-01, -2.918315238485701e-01
5.568181818181818e-01, 6.704545454545454e-01, -2.854749325983888e-01
5.568181818181818e-01, 6.931818181818182e-01, -2.777888664253167e-01
5.568181818181818e-01, 7.159090909090909e-01, -2.684915002107928e-01
5.568181818181818e-01, 7.386363636363636e-01, -2.572306020979728e-01
5.568181818181818e-01, 7.613636363636364e-01, -2.445030336057462e-01
5.568181818181818e-01, 7.840909090909091e-01, -2.303075083568169e-01
5.568181818181818e-01, 8.068181818181818e-01, -2.140595090771924e-01
5.568181818181818e-01, 8.295454545454546e-01, -1.958952695745483e-01
5.568181818181818e-01, 8.522727272727273e-01, -1.761446042278537e-01
5.568181818181818e-01, 8.750000000000000e-01, -1.547877542426092e-01
5.568181818181818e-01, 8.977272727272727e-01, -1.308603710010369e-01
5.568181818181818e-01, 9.204545454545454e-01, -1.051602174106864e-01
5.568181818181818e-01, 9.431818181818182e-01, -7.773565384956860e-02
5.568181818181818e-01, 9.659090909090909e-01, -4.825124694703189e-02
5.568181818181818e-01, 9.886363636363636e-01, -1.625148156618892e-02
5.795454545454546e-01, 1.136363636363636e-02, -9.765309287906219e-03
5.795454545454546e-01, 3.409090909090909e-02, -2.955176313961726e-02
5.795454545454546e-01, 5.681818181818182e-02, -4.878800864240562e-02
5.795454545454546e-01, 7.954545454545454e-02, -6.754949927291182e-02
5.795454545454546e-01, 1.022727272727273e-01, -8.610012392548674e-02
5.795454545454546e-01, 1.250000000000000e-01, -1.042397294650268e-01
5.795454545454546e-01, 1.477272727272727e-01, -1.215014691558350e-01
5.795454545454546e-01, 1.704545454545454e-01, -1.383203478136207e-01
5.795454545454546e-01, 1.931818181818182e-01, -1.547097243031084e-01
5.795454545454546e-01, 2.159090909090909e-01, -1.703873560911808e-01
5.795454545454546e-01, 2.386363636363636e-01, -1.851468435111273e-01
5.795454545454546e-01, 2.613636363636364e-01, -1.993511799681107e-01
5.795454545454546e-01, 2.840909090909091e-01, -2.129259740085549e-01
5.795454545454546e-01, 3.068181818181818e-01, -2.254519800937034e-01
5.795454545454546e-01, 3.295454545454545e-01, -2.370594915511768e-01
5.795454545454546e-01, 3.522727272727273e-01, -2.479749209191109e-01
5.795454545454546e-01, 3.750000000000000e-01, -2.580821574597560e-01
5.795454545454546e-01, 3.977272727272727e-01, -2.667700805034122e-01
5.795454545454546e-01, 4.204545454545455e-01, -2.745917636895415e-01
5.795454545454546e-01, 4.431818181818182e-01, -2.815259988163744e-01
5.795454545454546e-01, 4.659090909090909e-01, -2.873051106063493e-01
5.795454545454546e-01, 4.886363636363636e-01, -2.916796653850383e-01
5.795454545454546e-01, 5.113636363636364e-01, -2.950396707530701e-01
5.795454545454546e-01, 5.340909090909091e-01, -2.973404284549332e-01
5.795454545454546e-01, 5.568181818181818e-01, -2.981078680182041e-01
5.795454545454546e-01, 5.795454545454546e-01, -2.975204239485297e-01
5.795454545454546e-01, 6.022727272727273e-01, -2.957405851782355e-01
5.795454545454546e-01, 6.250000000000000e-01, -2.927560614854718e-01
5.795454545454546e-01, 6.477272727272727e-01, -2.878316421047284e-01
5.795454545454546e-01, 6.704545454545454e-01, -2.816117649993718e-01
5.795454545454546e-01, 6.931818181818182e-01, -2.740341160830497e-01
5.795454545454546e-01, 7.159090909090909e-01, -2.648655039584362e-01
5.795454545454546e-01, 7.386363636363636e-01, -2.538202745583216e-01
5.795454545454546e-01, 7.613636363636364e-01, -2.412888926017437e-01
5.795454545454546e-01, 7.840909090909091e-01, -2.272629663830087e-01
5.795454545454546e-01, 8.068181818181818e-01, -2.112337960477119e-01
5.795454545454546e-01, 8.295454545454546e-01, -1.934213193487466e-01
5.795454545454546e-01, 8.522727272727273e-01, -1.738976872695512e-01
5.795454545454546e-01, 8.750000000000000e-01, -1.527741709666956e-01
5.795454545454546e-01, 8.977272727272727e-01, -1.292121925102752e-01
5.795454545454546e-01, 9.204545454545454e-01, -1.039205746360966e-01
5.795454545454546e-01, 9.431818181818182e-01, -7.678934958758371e-02
5.795454545454546e-01, 9.659090909090909e-01, -4.763996966241440e-02
5.795454545454546e-01, 9.886363636363636e-01, -1.615773701517466e-02
6.022727272727273e-01, 1.136363636363636e-02, -9.518863576540857e-03
6.022727272727273e-01, 3.409090909090909e-02, -2.891147054600805e-02
6.022727272727273e-01, 5.681818181818182e-02, -4.781030925979675e-02
6.022727272727273e-01, 7.954545454545454e-02, -6.622651468183716e-02
6.022727272727273e-01, 1.022727272727273e-01, -8.427899344365912e-02
6.022727272727273e-01, 1.250000000000000e-01, -1.021505589274217e-01
6.022727272727273e-01, 1.477272727272727e-01, -1.191098549074446e-01
6.022727272727273e-01, 1.704545454545454e-01, -1.355885635676272e-01
6.022727272727273e-01, 1.931818181818182e-01, -1.516263503362723e-01
6.022727272727273e-01, 2.159090909090909e-01, -1.670721764232728e-01
6.022727272727273e-01, 2.386363636363636e-01, -1.815861710083803e-01
6.022727272727273e-01, 2.613636363636364e-01, -1.954836796992473e-01
6.022727272727273e-01, 2.840909090909091e-01, -2.088346971430516e-01
6.022727272727273e-01, 3.068181818181818e-01, -2.211756641343226e-01
6.022727272727273e-01, 3.295454545454545e-01, -2.326009240443043e-01
6.022727272727273e-01, 3.522727272727273e-01, -2.432738711839653e-01
6.022727272727273e-01, 3.750000000000000e-01, -2.532613386457782e-01
6.022727272727273e-01, 3.977272727272727e-01, -2.618237824479826e-01
6.022727272727273e-01, 4.204545454545455e-01, -2.695172276460884e-01
6.022727272727273e-01, 4.431818181818182e-01, -2.763397077416893e-01
6.022727272727273e-01, 4.659090909090909e-01, -2.820571783320157e-01
6.022727272727273e-01, 4.886363636363636e-01, -2.863807842682734e-01
6.022727272727273e-01, 5.113636363636364e-01, -2.896997101294607e-01
6.022727272727273e-01, 5.340909090909091e-01, -2.919916918983213e-01
6.022727272727273e-01, 5.568181818181818e-01, -2.927701619243107e-01
6.022727272727273e-01, 5.795454545454546e-01, -2.922125686485009e-01
6.022727272727273e-01, 6.022727272727273e-01, -2.905147155184666e-01
6.022727272727273e-01, 6.250000000000000e-01, -2.875916007971620e-01
6.022727272727273e-01, 6.477272727272727e-01, -2.827676874379159e-01
6.022727272727273e-01, 6.704545454545454e-01, -2.766870898503151e-01
6.022727272727273e-01, 6.931818181818182e-01, -2.692942853528708e-01
6.022727272727273e-01, 7.159090909090909e-01, -2.602724280245327e-01
6.022727272727273e-01, 7.386363636363636e-01, -2.494197610307439e-01
6.022727272727273e-01, 7.613636363636364e-01, -2.371751392572223e-01
6.022727272727273e-01, 7.840909090909091e-01, -2.234002068286095e-01
6.022727272727273e-01, 8.068181818181818e-01, -2.076217055356829e-01
6.022727272727273e-01, 8.295454545454546e-01, -1.901001185838893e-01
6.022727272727273e-01, 8.522727272727273e-01, -1.710515756364023e-01
6.022727272727273e-01, 8.750000000000000e-01, -1.502034832711785e-01
6.022727272727273e-01, 8.977272727272727e-01, -1.270169592572420e-01
6.022727272727273e-01, 9.204545454545454e-01, -1.021876964104291e-01
6.022727272727273e-01, 9.431818181818182e-01, -7.559473223950834e-02
6.022727272727273e-01, 9.659090909090909e-01, -4.683882607840442e-02
6.022727272727273e-01, 9.886363636363636e-01, -1.584180071008316e-02
6.250000000000000e-01, 1.136363636363636e-02, -9.436715006085738e-03
6.250000000000000e-01, 3.409090909090909e-02, -2.825428198236709e-02
6.250000000000000e-01, 5.681818181818182e-02, -4.668080770741760e-02
6.250000000000000e-01, 7.954545454545454e-02, -6.471426967547080e-02
6.250000000000000e-01, 1.022727272727273e-01, -8.239123878550193e-02
6.250000000000000e-01, 1.250000000000000e-01, -9.969242188605033e-02
6.250000000000000e-01, 1.477272727272727e-01, -1.163151857747730e-01
6.250000000000000e-01, 1.704545454545454e-01, -1.324657196377785e-01
6.250000000000000e-01, 1.931818181818182e-01, -1.481247397792326e-01
6.250000000000000e-01, 2.159090909090909e-01, -1.631592328023236e-01
6.250000000000000e-01, 2.386363636363636e-01, -1.773976304409816e-01
6.250000000000000e-01, 2.613636363636364e-01, -1.910288355509755e-01
6.250000000000000e-01, 2.840909090909091e-01, -2.040335734899048e-01
6.250000000000000e-01, 3.068181818181818e-01, -2.161072935475969e-01
6.250000000000000e-01, 3.295454545454545e-01, -2.273251907873504e-01
6.250000000000000e-01, 3.522727272727273e-01, -2.378010039952859e-01
6.250000000000000e-01, 3.750000000000000e-01, -2.475154676046018e-01
6.250000000000000e-01, 3.977272727272727e-01, -2.559347249132182e-01
6.250000000000000e-01, 4.204545454545455e-01, -2.634963335684544e-01
6.250000000000000e-01, 4.431818181818182e-01, -2.701810397239049e-01
6.250000000000000e-01, 4.659090909090909e-01, -2.757788059560831e-01
6.250000000000000e-01, 4.886363636363636e-01, -2.800411021650376e-01
6.250000000000000e-01, 5.113636363636364e-01, -2.833110015787451e-01
6.250000000000000e-01, 5.340909090909091e-01, -2.855692619482219e-01
6.250000000000000e-01, 5.568181818181818e-01, -2.863573565515878e-01
6.250000000000000e-01, 5.795454545454546e-01, -2.858276074152618e-01
6.250000000000000e-01, 6.022727272727273e-01, -2.841708141969355e-01
6.250000000000000e-01, 6.250000000000000e-01, -2.813677495862157e-01
6.250000000000000e-01, 6.477272727272727e-01, -2.766537705976324e-01
6.250000000000000e-01, 6.704545454545454e-01, -2.706974412451667e-01
6.250000000000000e-01, 6.931818181818182e-01, -2.634795595859347e-01
6.250000000000000e-01, 7.159090909090909e-01, -2.547132516613924e-01
6.250000000000000e-01, 7.386363636363636e-01, -2.440732784961073e-01
6.250000000000000e-01, 7.613636363636364e-01, -2.320566163630042e-01
6.250000000000000e-01, 7.840909090909091e-01, -2.186440940215902e-01
6.250000000000000e-01, 8.068181818181818e-01, -2.032237077559843e-01
6.250000000000000e-01, 8.295454545454546e-01, -1.860248506494045e-01
6.250000000000000e-01, 8.522727272727273e-01, -1.673152379843184e-01
6.250000000000000e-01, 8.750000000000000e-01, -1.470757387444845e-01
6.250000000000000e-01, 8.977272727272727e-01, -1.243119694762702e-01
6.250000000000000e-01, 9.204545454545454e-01, -9.992279456675035e-02
6.250000000000000e-01, 9.431818181818182e-01, -7.388913566540894e-02
6.250000000000000e-01, 9.659090909090909e-01, -4.584775494295307e-02
6.250000000000000e-01, 9.886363636363636e-01, -1.539730267368948e-02
6.477272727272727e-01, 1.136363636363636e-02, -9.032926045044902e-03
6.477272727272727e-01, 3.409090909090909e-02, -2.734953656677814e-02
6.477272727272727e-01, 5.681818181818182e-02, -4.509588983727769e-02
6.477272727272727e-01, 7.954545454545454e-02, -6.257066555361820e-02
6.477272727272727e-01, 1.022727272727273e-01, -7.979504245349231e-02
6.477272727272727e-01, 1.250000000000000e-01, -9.665228645473052e-02
6.477272727272727e-01, 1.477272727272727e-01, -1.126015483883241e-01
6.477272727272727e-01, 1.704545454545454e-01, -1.283555117686025e-01
6.477272727272727e-01, 1.931818181818182e-01, -1.436282558559417e-01
6.477272727272727e-01, 2.159090909090909e-01, -1.582177475855963e-01
6.477272727272727e-01, 2.386363636363636e-01, -1.719749226830040e-01
6.477272727272727e-01, 2.613636363636364e-01, -1.852851745526753e-01
6.477272727272727e-01, 2.840909090909091e-01, -1.979806212888158e-01
6.477272727272727e-01, 3.068181818181818e-01, -2.096547530679946e-01
6.477272727272727e-01, 3.295454545454545e-01, -2.205675927859479e-01
6.477272727272727e-01, 3.522727272727273e-01, -2.308087346117058e-01
6.477272727272727e-01, 3.750000000000000e-01, -2.403015556517255e-01
6.477272727272727e-01, 3.977272727272727e-01, -2.484204857903892e-01
6.477272727272727e-01, 4.204545454545455e-01, -2.558296935938485e-01
6.477272727272727e-01, 4.431818181818182e-01, -2.623766664004009e-01
6.477272727272727e-01, 4.659090909090909e-01, -2.678355541190830e-01
6.477272727272727e-01, 4.886363636363636e-01, -2.719890722703684e-01
6.477272727272727e-01, 5.113636363636364e-01, -2.752127911721615e-01
6.477272727272727e-01, 5.340909090909091e-01, -2.774409028434988e-01
6.477272727272727e-01, 5.568181818181818e-01, -2.782324420856205e-01
6.477272727272727e-01, 5.795454545454546e-01, -2.777561951634097e-01
6.477272727272727e-01, 6.022727272727273e-01, -2.761700796571194e-01
6.477272727272727e-01, 6.250000000000000e-01, -2.734550877808400e-01
6.477272727272727e-01, 6.477272727272727e-01, -2.689537852587504e-01
6.477272727272727e-01, 6.704545454545454e-01, -2.631765908703236e-01
6.477272727272727e-01, 6.931818181818182e-01, -2.561568738581074e-01
6.477272727272727e-01, 7.159090909090909e-01, -2.476626169393421e-01
6.477272727272727e-01, 7.386363636363636e-01, -2.374085475466482e-01
6.477272727272727e-01, 7.613636363636364e-01, -2.257077703388531e-01
6.477272727272727e-01, 7.840909090909091e-01, -2.126315254454777e-01
6.477272727272727e-01, 8.068181818181818e-01, -1.977397906115769e-01
6.477272727272727e-01, 8.295454545454546e-01, -1.810576992127895e-01
6.477272727272727e-01, 8.522727272727273e-01, -1.628113647577701e-01
6.477272727272727e-01, 8.750000000000000e-01, -1.430569038081629e-01
6.477272727272727e-01, 8.977272727272727e-01, -1.211584369932061e-01
6.477272727272727e-01, 9.204545454545454e-01, -9.736723418734489e-02
6.477272727272727e-01, 9.431818181818182e-01, -7.195496663325038e-02
6.477272727272727e-01, 9.659090909090909e-01, -4.470141016594979e-02
6.477272727272727e-01, 9.886363636363636e-01, -1.525400957656408e-02
6.704545454545454e-01, 1.136363636363636e-02, -8.555239747426467e-03
6.704545454545454e-01, 3.409090909090909e-02, -2.633425141229728e-02
6.704545454545454e-01, 5.681818181818182e-02, -4.352209494258080e-02
6.704545454545454e-01, 7.954545454545454e-02, -6.024809682969351e-02
6.704545454545454e-01, 1.022727272727273e-01, -7.687489651177723e-02
6.704545454545454e-01, 1.250000000000000e-01, -9.325362099213994e-02
6.704545454545454e-01, 1.477272727272727e-01, -1.086983519399783e-01
6.704545454545454e-01, 1.704545454545454e-01, -1.237228911115651e-01
6.704545454545454e-01, 1.931818181818182e-01, -1.385787409927096e-01
6.704545454545454e-01, 2.159090909090909e-01, -1.527514710830479e-01
6.704545454545454e-01, 2.386363636363636e-01, -1.660183915691459e-01
6.704545454545454e-01, 2.613636363636364e-01, -1.788160174791917e-01
6.704545454545454e-01, 2.840909090909091e-01, -1.911760976657979e-01
6.704545454545454e-01, 3.068181818181818e-01, -2.025146884237168e-01
6.704545454545454e-01, 3.295454545454545e-01, -2.130020123476696e-01
6.704545454545454e-01, 3.522727272727273e-01, -2.229269367011568e-01
6.704545454545454e-01, 3.750000000000000e-01, -2.321776463920186e-01
6.704545454545454e-01, 3.977272727272727e-01, -2.400641042170205e-01
6.704545454545454e-01, 4.204545454545455e-01, -2.471703679133218e-01
6.704545454545454e-01, 4.431818181818182e-01, -2.535673552278022e-01
6.704545454545454e-01, 4.659090909090909e-01, -2.588921326371436e-01
6.704545454545454e-01, 4.886363636363636e-01, -2.629219083566464e-01
6.704545454545454e-01, 5.113636363636364e-01, -2.660565900973012e-01
6.704545454545454e-01, 5.340909090909091e-01, -2.682503881395226e-01
6.704545454545454e-01, 5.568181818181818e-01, -2.690395053181687e-01
6.704545454545454e-01, 5.795454545454546e-01, -2.686117855418439e-01
6.704545454545454e-01, 6.022727272727273e-01, -2.671127414123792e-01
6.704545454545454e-01, 6.250000000000000e-01, -2.644908066899428e-01
6.704545454545454e-01, 6.477272727272727e-01, -2.601448333516523e-01
6.704545454545454e-01, 6.704545454545454e-01, -2.546593213232180e-01
6.704545454545454e-01, 6.931818181818182e-01, -2.478552180617382e-01
6.704545454545454e-01, 7.159090909090909e-01, -2.396138439700347e-01
6.704545454545454e-01, 7.386363636363636e-01, -2.297356552716624e-01
6.704545454545454e-01, 7.613636363636364e-01, -2.185143053027940e-01
6.704545454545454e-01, 7.840909090909091e-01, -2.058034105097192e-01
6.704545454545454e-01, 8.068181818181818e-01, -1.913522903574917e-01
6.704545454545454e-01, 8.295454545454546e-01, -1.753432327752394e-01
6.704545454545454e-01, 8.522727272727273e-01, -1.577089372049807e-01
6.704545454545454e-01, 8.750000000000000e-01, -1.384812699167526e-01
6.704545454545454e-01, 8.977272727272727e-01, -1.172414842128442e-01
6.704545454545454e-01, 9.204545454545454e-01, -9.450453222749380e-02
6.704545454545454e-01, 9.431818181818182e-01, -6.977212027210897e-02
6.704545454545454e-01, 9.659090909090909e-01, -4.326278039463195e-02
6.704545454545454e-01, 9.886363636363636e-01, -1.482413028518785e-02
6.931818181818182e-01, 1.136363636363636e-02, -8.280096899810612e-03
6.931818181818182e-01, 3.409090909090909e-02, -2.520935611307665e-02
6.931818181818182e-01, 5.681818181818182e-02, -4.180263439147429e-02
6.931818181818182e-01, 7.954545454545454e-02, -5.793023323926652e-02
6.931818181818182e-01, 1.022727272727273e-01, -7.375625730780944e-02
6.931818181818182e-01, 1.250000000000000e-01, -8.949851360430400e-02
6.931818181818182e-01, 1.477272727272727e-01, -1.044056024378937e-01
6.931818181818182e-01, 1.704545454545454e-01, -1.189048189624186e-01
6.931818181818182e-01, 1.931818181818182e-01, -1.329790573573692e-01
6.931818181818182e-01, 2.159090909090909e-01, -1.467044076563115e-01
6.931818181818182e-01, 2.386363636363636e-01, -1.595201708806325e-01
6.931818181818182e-01, 2.613636363636364e-01, -1.718047186649058e-01
6.931818181818182e-01, 2.840909090909091e-01, -1.836230854826342e-01
6.931818181818182e-01, 3.068181818181818e-01, -1.946010874816945e-01
6.931818181818182e-01, 3.295454545454545e-01, -2.047395000893185e-01
6.931818181818182e-01, 3.522727272727273e-01, -2.142234193740256e-01
6.931818181818182e-01, 3.750000000000000e-01, -2.231467516421464e-01
6.931818181818182e-01, 3.977272727272727e-01, -2.307827301669969e-01
6.931818181818182e-01, 4.204545454545455e-01, -2.376580811951129e-01
6.931818181818182e-01, 4.431818181818182e-01, -2.437557251544052e-01
6.931818181818182e-01, 4.659090909090909e-01, -2.489341401112319e-01
6.931818181818182e-01, 4.886363636363636e-01, -2.528448236789984e-01
6.931818181818182e-01, 5.113636363636364e-01, -2.558717281524708e-01
6.931818181818182e-01, 5.340909090909091e-01, -2.579998414953762e-01
6.931818181818182e-01, 5.568181818181818e-01, -2.587839868103285e-01
6.931818181818182e-01, 5.795454545454546e-01, -2.583842920043622e-01
6.931818181818182e-01, 6.022727272727273e-01, -2.569777567525730e-01
6.931818181818182e-01, 6.250000000000000e-01, -2.544764625696725e-01
6.931818181818182e-01, 6.477272727272727e-01, -2.502945483754236e-01
6.931818181818182e-01, 6.704545454545454e-01, -2.449998941640575e-01
6.931818181818182e-01, 6.931818181818182e-01, -2.385754670194010e-01
6.931818181818182e-01, 7.159090909090909e-01, -2.306044248584801e-01
6.931818181818182e-01, 7.386363636363636e-01, -2.210664837341145e-01
6.931818181818182e-01, 7.613636363636364e-01, -2.102930370752914e-01
6.931818181818182e-01, 7.840909090909091e-01, -1.981601430326940e-01
6.931818181818182e-01, 8.068181818181818e-01, -1.841810568177919e-01
6.931818181818182e-01, 8.295454545454546e-01, -1.687041391470231e-01
6.931818181818182e-01, 8.522727272727273e-01, -1.518692485810919e-01
6.931818181818182e-01, 8.750000000000000e-01, -1.333488933545931e-01
6.931818181818182e-01, 8.977272727272727e-01, -1.128148585499304e-01
6.931818181818182e-01, 9.204545454545454e-01, -9.081769808094642e-02
6.931818181818182e-01, 9.431818181818182e-01, -6.734054280029944e-02
6.931818181818182e-01, 9.659090909090909e-01, -4.163388376410878e-02
6.931818181818182e-01, 9.886363636363636e-01, -1.412217313525526e-02
7.159090909090909e-01, 1.136363636363636e-02, -8.004954052194761e-03
7.159090909090909e-01, 3.409090909090909e-02, -2.410878472261324e-02
7.159090909090909e-01, 5.681818181818182e-02, -3.976950196477101e-02
7.159090909090909e-01, 7.954545454545454e-02, -5.525018951233920e-02
7.159090909090909e-01, 1.022727272727273e-01, -7.043935690017142e-02
7.159090909090909e-01, 1.250000000000000e-01, -8.531943449701955e-02
7.159090909090909e-01, 1.477272727272727e-01, -9.952175276222248e-02
7.159090909090909e-01, 1.704545454545454e-01, -1.134521396805387e-01
7.159090909090909e-01, 1.931818181818182e-01, -1.269698679364673e-01
7.159090909090909e-01, 2.159090909090909e-01, -1.398577049731216e-01
7.159090909090909e-01, 2.386363636363636e-01, -1.521853526677686e-01
7.159090909090909e-01, 2.613636363636364e-01, -1.639968231917212e-01
7.159090909090909e-01, 2.840909090909091e-01, -1.752745661819010e-01
7.159090909090909e-01, 3.068181818181818e-01, -1.856776457392579e-01
7.159090909090909e-01, 3.295454545454545e-01, -1.954391000040802e-01
7.159090909090909e-01, 3.522727272727273e-01, -2.045633640461945e-01
7.159090909090909e-01, 3.750000000000000e-01, -2.130328955740734e-01
7.159090909090909e-01, 3.977272727272727e-01, -2.203358863630611e-01
7.159090909090909e-01, 4.204545454545455e-01, -2.269630975592404e-01
7.159090909090909e-01, 4.431818181818182e-01, -2.328321683185621e-01
7.159090909090909e-01, 4.659090909090909e-01, -2.377267526630799e-01
7.159090909090909e-01, 4.886363636363636e-01, -2.415134830906294e-01
7.159090909090909e-01, 5.113636363636364e-01, -2.444387152230824e-01
7.159090909090909e-01, 5.340909090909091e-01, -2.464849271953205e-01
7.159090909090909e-01, 5.568181818181818e-01, -2.472546685475025e-01
7.159090909090909e-01, 5.795454545454546e-01, -2.468928629426583e-01
7.159090909090909e-01, 6.022727272727273e-01, -2.455487575581041e-01
7.159090909090909e-01, 6.250000000000000e-01, -2.432048440752222e-01
7.159090909090909e-01, 6.477272727272727e-01, -2.392355147822594e-01
7.159090909090909e-01, 6.704545454545454e-01, -2.341582126648384e-01
7.159090909090909e-01, 6.931818181818182e-01, -2.279779362871537e-01
7.159090909090909e-01, 7.159090909090909e-01, -2.205083409052511e-01
7.159090909090909e-01, 7.386363636363636e-01, -2.113553138904859e-01
7.159090909090909e-01, 7.613636363636364e-01, -2.009962879194478e-01
7.159090909090909e-01, 7.840909090909091e-01, -1.894138105429252e-01
7.159090909090909e-01, 8.068181818181818e-01, -1.761833105492936e-01
7.159090909090909e-01, 8.295454545454546e-01, -1.613037243215387e-01
7.159090909090909e-01, 8.522727272727273e-01, -1.450979315368656e-01
7.159090909090909e-01, 8.750000000000000e-01, -1.275485268993455e-01
7.159090909090909e-01, 8.977272727272727e-01, -1.079461187925334e-01
7.159090909090909e-01, 9.204545454545454e-01, -8.677637483077222e-02
7.159090909090909e-01, 9.431818181818182e-01, -6.416067667446862e-02
7.159090909090909e-01, 9.659090909090909e-01, -3.997218481464072e-02
7.159090909090909e-01, 9.886363636363636e-01, -1.349903602920473e-02
7.386363636363636e-01, 1.136363636363636e-02, -7.383367180960609e-03
7.386363636363636e-01, 3.409090909090909e-02, -2.273260656624142e-02
7.386363636363636e-01, 5.681818181818182e-02, -3.748834556097447e-02
7.386363636363636e-01, 7.954545454545454e-02, -5.196150685760766e-02
7.386363636363636e-01, 1.022727272727273e-01, -6.645635829821166e-02
7.386363636363636e-01, 1.250000000000000e-01, -8.065303195494246e-02
7.386363636363636e-01, 1.477272727272727e-01, -9.391836931856508e-02
7.386363636363636e-01, 1.704545454545454e-01, -1.070957763360858e-01
7.386363636363636e-01, 1.931818181818182e-01, -1.200083824650110e-01
7.386363636363636e-01, 2.159090909090909e-01, -1.322971873930649e-01
7.386363636363636e-01, 2.386363636363636e-01, -1.437364061283568e-01
7.386363636363636e-01, 2.613636363636364e-01, -1.550359621240245e-01
7.386363636363636e-01, 2.840909090909091e-01, -1.658182459416321e-01
7.386363636363636e-01, 3.068181818181818e-01, -1.756535056916805e-01
7.386363636363636e-01, 3.295454545454545e-01, -1.848219027503670e-01
7.386363636363636e-01, 3.522727272727273e-01, -1.935619285989117e-01
7.386363636363636e-01, 3.750000000000000e-01, -2.016661283641590e-01
7.386363636363636e-01, 3.977272727272727e-01, -2.085172593524446e-01
7.386363636363636e-01, 4.204545454545455e-01, -2.148218165278678e-01
7.386363636363636e-01, 4.431818181818182e-01, -2.204547794850996e-01
7.386363636363636e-01, 4.659090909090909e-01, -2.251405369891568e-01
7.386363636363636e-01, 4.886363636363636e-01, -2.286849103973959e-01
7.386363636363636e-01, 5.113636363636364e-01, -2.315181627112927e-01
7.386363636363636e-01, 5.340909090909091e-01, -2.334968371517438e-01
7.386363636363636e-01, 5.568181818181818e-01, -2.342456060411796e-01
7.386363636363636e-01, 5.795454545454546e-01, -2.339438518221571e-01
7.386363636363636e-01, 6.022727272727273e-01, -2.326943144209211e-01
7.386363636363636e-01, 6.250000000000000e-01, -2.304718568818483e-01
7.386363636363636e-01, 6.477272727272727e-01, -2.267802848154342e-01
7.386363636363636e-01, 6.704545454545454e-01, -2.220142153939041e-01
7.386363636363636e-01, 6.931818181818182e-01, -2.161354606788737e-01
7.386363636363636e-01, 7.159090909090909e-01, -2.090217921911114e-01
7.386363636363636e-01, 7.386363636363636e-01, -2.005457272016933e-01
7.386363636363636e-01, 7.613636363636364e-01, -1.906831541985669e-01
7.386363636363636e-01, 7.840909090909091e-01, -1.796295402766913e-01
7.386363636363636e-01, 8.068181818181818e-01, -1.671341886879057e-01
7.386363636363636e-01, 8.295454545454546e-01, -1.532059018227384e-01
7.386363636363636e-01, 8.522727272727273e-01, -1.377418534188221e-01
7.386363636363636e-01, 8.750000000000000e-01, -1.209690497814800e-01
7.386363636363636e-01, 8.977272727272727e-01, -1.026180136398247e-01
7.386363636363636e-01, 9.204545454545454e-01, -8.259659543952558e-02
7.386363636363636e-01, 9.431818181818182e-01, -6.098842568922522e-02
7.386363636363636e-01, 9.659090909090909e-01, -3.789497163708008e-02
7.386363636363636e-01, 9.886363636363636e-01, -1.329132366052123e-02
7.613636363636364e-01, 1.136363636363636e-02, -6.691777986123981e-03
7.613636363636364e-01, 3.409090909090909e-02, -2.125127493368400e-02
7.613636363636364e-01, 5.681818181818182e-02, -3.520088781314887e-02
7.613636363636364e-01, 7.954545454545454e-02, -4.872129704490057e-02
7.613636363636364e-01, 1.022727272727273e-01, -6.216303118005041e-02
7.613636363636364e-01, 1.250000000000000e-01, -7.564271979067801e-02
7.613636363636364e-01, 1.477272727272727e-01, -8.817386601182409e-02
7.613636363636364e-01, 1.704545454545454e-01, -1.003786018766240e-01
7.613636363636364e-01, 1.931818181818182e-01, -1.125131378702537e-01
7.613636363636364e-01, 2.159090909090909e-01, -1.241728679093702e-01
7.613636363636364e-01, 2.386363636363636e-01, -1.349873335317222e-01
7.613636363636364e-01, 2.613636363636364e-01, -1.453710236027643e-01
7.613636363636364e-01, 2.840909090909091e-01, -1.556318871872344e-01
7.613636363636364e-01, 3.068181818181818e-01, -1.649564872358177e-01
7.613636363636364e-01, 3.295454545454545e-01, -1.735491618351574e-01
7.613636363636364e-01, 3.522727272727273e-01, -1.816922080269197e-01
7.613636363636364e-01, 3.750000000000000e-01, -1.894104504719516e-01
7.613636363636364e-01, 3.977272727272727e-01, -1.959024110992077e-01
7.613636363636364e-01, 4.204545454545455e-01, -2.017684581044523e-01
7.613636363636364e-01, 4.431818181818182e-01, -2.070914319521487e-01
7.613636363636364e-01, 4.659090909090909e-01, -2.115556290942174e-01
7.613636363636364e-01, 4.886363636363636e-01, -2.149205999447606e-01
7.613636363636364e-01, 5.113636363636364e-01, -2.175554532633759e-01
7.613636363636364e-01, 5.340909090909091e-01, -2.194618969838754e-01
7.613636363636364e-01, 5.568181818181818e-01, -2.201885504640791e-01
7.613636363636364e-01, 5.795454545454546e-01, -2.199222174692896e-01
7.613636363636364e-01, 6.022727272727273e-01, -2.187947492682130e-01
7.613636363636364e-01, 6.250000000000000e-01, -2.166981524281261e-01
7.613636363636364e-01, 6.477272727272727e-01, -2.132215091959837e-01
7.613636363636364e-01, 6.704545454545454e-01, -2.088199847692438e-01
7.613636363636364e-01, 6.931818181818182e-01, -2.033210318504111e-01
7.613636363636364e-01, 7.159090909090909e-01, -1.965800797921227e-01
7.613636363636364e-01, 7.386363636363636e-01, -1.885688916913105e-01
7.613636363636364e-01, 7.613636363636364e-01, -1.795289546341149e-01
7.613636363636364e-01, 7.840909090909091e-01, -1.690328359256801e-01
7.613636363636364e-01, 8.068181818181818e-01, -1.571966090075240e-01
7.613636363636364e-01, 8.295454545454546e-01, -1.441485104500709e-01
7.613636363636364e-01, 8.522727272727273e-01, -1.297879203201736e-01
7.613636363636364e-01, 8.750000000000000e-01, -1.138331946642778e-01
7.613636363636364e-01, 8.977272727272727e-01, -9.646982674233573e-02
7.613636363636364e-01, 9.204545454545454e-01, -7.788435351445076e-02
7.613636363636364e-01, 9.431818181818182e-01, -5.756711821585125e-02
7.613636363636364e-01, 9.659090909090909e-01, -3.562717758389373e-02
7.613636363636364e-01, 9.886363636363636e-01, -1.233147799661735e-02
7.840909090909091e-01, 1.136363636363636e-02, -6.501705022903574e-03
7.840909090909091e-01, 3.409090909090909e-02, -1.966572036859966e-02
7.840909090909091e-01, 5.681818181818182e-02, -3.277455541563131e-02
7.840909090909091e-01, 7.954545454545454e-02, -4.545351733407381e-02
7.840909090909091e-01, 1.022727272727273e-01, -5.790814543084866e-02
7.840909090909091e-01, 1.250000000000000e-01, -7.029058759992879e-02
7.840909090909091e-01, 1.477272727272727e-01, -8.205524602326268e-02
7.840909090909091e-01, 1.704545454545454e-01, -9.350863023452090e-02
7.840909090909091e-01, 1.931818181818182e-01, -1.046367510400243e-01
7.840909090909091e-01, 2.159090909090909e-01, -1.154875142078090e-01
7.840909090909091e-01, 2.386363636363636e-01, -1.256479972988929e-01
7.840909090909091e-01, 2.613636363636364e-01, -1.353963443640828e-01
7.840909090909091e-01, 2.840909090909091e-01, -1.447185740519793e-01
7.840909090909091e-01, 3.068181818181818e-01, -1.535075300466257e-01
7.840909090909091e-01, 3.295454545454545e-01, -1.615846415853732e-01
7.840909090909091e-01, 3.522727272727273e-01, -1.691488122785306e-01
7.840909090909091e-01, 3.750000000000000e-01, -1.762688750802359e-01
7.840909090909091e-01, 3.977272727272727e-01, -1.823834087447196e-01
7.840909090909091e-01, 4.204545454545455e-01, -1.878982145832660e-01
7.840909090909091e-01, 4.431818181818182e-01, -1.927993254333853e-01
7.840909090909091e-01, 4.659090909090909e-01, -1.969747298023175e-01
7.840909090909091e-01, 4.886363636363636e-01, -2.001489841647965e-01
7.840909090909091e-01, 5.113636363636364e-01, -2.026228049107473e-01
7.840909090909091e-01, 5.340909090909091e-01, -2.043822325267601e-01
7.840909090909091e-01, 5.568181818181818e-01, -2.050836783597694e-01
7.840909090909091e-01, 5.795454545454546e-01, -2.048392096538211e-01
7.840909090909091e-01, 6.022727272727273e-01, -2.037936729600463e-01
7.840909090909091e-01, 6.250000000000000e-01, -2.018852901062154e-01
7.840909090909091e-01, 6.477272727272727e-01, -1.986317251623074e-01
7.840909090909091e-01, 6.704545454545454e-01, -1.944904930026660e-01
7.840909090909091e-01, 6.931818181818182e-01, -1.894476647066191e-01
7.840909090909091e-01, 7.159090909090909e-01, -1.831841935273001e-01
7.840909090909091e-01, 7.386363636363636e-01, -1.756568425087209e-01
7.840909090909091e-01, 7.613636363636364e-01, -1.671414443208492e-01
7.840909090909091e-01, 7.840909090909091e-01, -1.576240995776912e-01
7.840909090909091e-01, 8.068181818181818e-01, -1.464779979967808e-01
7.840909090909091e-01, 8.295454545454546e-01, -1.342002919142701e-01
7.840909090909091e-01, 8.522727272727273e-01, -1.208344652208661e-01
7.840909090909091e-01, 8.750000000000000e-01, -1.061410290228274e-01
7.840909090909091e-01, 8.977272727272727e-01, -8.981220653782135e-02
7.840909090909091e-01, 9.204545454545454e-01, -7.230951004121840e-02
7.840909090909091e-01, 9.431818181818182e-01, -5.361922214428879e-02
7.840909090909091e-01, 9.659090909090909e-01, -3.316875371906514e-02
7.840909090909091e-01, 9.886363636363636e-01, -1.124253716887143e-02
8.068181818181818e-01, 1.136363636363636e-02, -5.931486133242352e-03
8.068181818181818e-01, 3.409090909090909e-02, -1.814513666283641e-02
8.068181818181818e-01, 5.681818181818182e-02, -2.977236762266939e-02
8.068181818181818e-01, 7.954545454545454e-02, -4.155338026211546e-02
8.068181818181818e-01, 1.022727272727273e-01, -5.312275833742558e-02
8.068181818181818e-01, 1.250000000000000e-01, -6.446575914430511e-02
8.068181818181818e-01, 1.477272727272727e-01, -7.506736007870905e-02
8.068181818181818e-01, 1.704545454545454e-01, -8.572130469903523e-02
8.068181818181818e-01, 1.931818181818182e-01, -9.606638365910698e-02
8.068181818181818e-01, 2.159090909090909e-01, -1.058688735564647e-01
8.068181818181818e-01, 2.386363636363636e-01, -1.151866884417618e-01
8.068181818181818e-01, 2.613636363636364e-01, -1.242629571611255e-01
8.068181818181818e-01, 2.840909090909091e-01, -1.329332052758601e-01
8.068181818181818e-01, 3.068181818181818e-01, -1.407652946301234e-01
8.068181818181818e-01, 3.295454545454545e-01, -1.483020019493940e-01
8.068181818181818e-01, 3.522727272727273e-01, -1.553503020892653e-01
8.068181818181818e-01, 3.750000000000000e-01, -1.618954808261709e-01
8.068181818181818e-01, 3.977272727272727e-01, -1.674303584777536e-01
8.068181818181818e-01, 4.204545454545455e-01, -1.725861045003294e-01
8.068181818181818e-01, 4.431818181818182e-01, -1.771563844935606e-01
8.068181818181818e-01, 4.659090909090909e-01, -1.809497355631689e-01
8.068181818181818e-01, 4.886363636363636e-01, -1.838878511236160e-01
8.068181818181818e-01, 5.113636363636364e-01, -1.862127727863738e-01
8.068181818181818e-01, 5.340909090909091e-01, -1.878552234870826e-01
8.068181818181818e-01, 5.568181818181818e-01, -1.885031008759654e-01
8.068181818181818e-01, 5.795454545454546e-01, -1.883123387957402e-01
8.068181818181818e-01, 6.022727272727273e-01, -1.873568589791322e-01
8.068181818181818e-01, 6.250000000000000e-01, -1.856219748304994e-01
8.068181818181818e-01, 6.477272727272727e-01, -1.827032132908794e-01
8.068181818181818e-01, 6.704545454545454e-01, -1.788797253825382e-01
8.068181818181818e-01, 6.931818181818182e-01, -1.741946776277035e-01
8.068181818181818e-01, 7.159090909090909e-01, -1.685462638820567e-01
8.068181818181818e-01, 7.386363636363636e-01, -1.616728426839055e-01
8.068181818181818e-01, 7.613636363636364e-01, -1.537679631814813e-01
8.068181818181818e-01, 7.840909090909091e-01, -1.449048552360534e-01
8.068181818181818e-01, 8.068181818181818e-01, -1.349862915580840e-01
8.068181818181818e-01, 8.295454545454546e-01, -1.235924500772133e-01
8.068181818181818e-01, 8.522727272727273e-01, -1.111586219191991e-01
8.068181818181818e-01, 8.750000000000000e-01, -9.767022504437829e-02
8.068181818181818e-01, 8.977272727272727e-01, -8.292091504508869e-02
8.068181818181818e-01, 9.204545454545454e-01, -6.664862502443972e-02
8.068181818181818e-01, 9.431818181818182e-01, -4.924058231186835e-02
8.068181818181818e-01, 9.659090909090909e-01, -3.073249733119104e-02
8.068181818181818e-01, 9.886363636363636e-01, -1.063347307190292e-02
8.295454545454546e-01, 1.136363636363636e-02, -5.103792136835001e-03
8.295454545454546e-01, 3.409090909090909e-02, -1.632148539756072e-02
8.295454545454546e-01, 5.681818181818182e-02, -2.693889463627452e-02
8.295454545454546e-01, 7.954545454545454e-02, -3.717250246800410e-02
8.295454545454546e-01, 1.022727272727273e-01, -4.781410748333882e-02
8.295454545454546e-01, 1.250000000000000e-01, -5.824203448777466e-02
8.295454545454546e-01, 1.477272727272727e-01, -6.775130458993091e-02
8.295454545454546e-01, 1.704545454545454e-01, -7.720425150132648e-02
8.295454545454546e-01, 1.931818181818182e-01, -8.672978105842127e-02
8.295454545454546e-01, 2.159090909090909e-01, -9.572418557425785e-02
8.295454545454546e-01, 2.386363636363636e-01, -1.039647257870753e-01
8.295454545454546e-01, 2.613636363636364e-01, -1.121851014617309e-01
8.295454545454546e-01, 2.840909090909091e-01, -1.201749799550806e-01
8.295454545454546e-01, 3.068181818181818e-01, -1.273466934556916e-01
8.295454545454546e-01, 3.295454545454545e-01, -1.339268249312006e-01
8.295454545454546e-01, 3.522727272727273e-01, -1.404403479707253e-01
8.295454545454546e-01, 3.750000000000000e-01, -1.464752832734753e-01
8.295454545454546e-01, 3.977272727272727e-01, -1.514580940447891e-01
8.295454545454546e-01, 4.204545454545455e-01, -1.560633336666373e-01
8.295454545454546e-01, 4.431818181818182e-01, -1.602962974313769e-01
8.295454545454546e-01, 4.659090909090909e-01, -1.637906449741858e-01
8.295454545454546e-01, 4.886363636363636e-01, -1.664078088333378e-01
8.295454545454546e-01, 5.113636363636364e-01, -1.685466323587458e-01
8.295454545454546e-01, 5.340909090909091e-01, -1.700801408022286e-01
8.295454545454546e-01, 5.568181818181818e-01, -1.706857237439374e-01
8.295454545454546e-01, 5.795454545454546e-01, -1.705461684722804e-01
8.295454545454546e-01, 6.022727272727273e-01, -1.697046599598924e-01
8.295454545454546e-01, 6.250000000000000e-01, -1.681200973669230e-01
8.295454545454546e-01, 6.477272727272727e-01, -1.655117154914954e-01
8.295454545454546e-01, 6.704545454545454e-01, -1.621512221924124e-01
8.295454545454546e-01, 6.931818181818182e-01, -1.578666816154978e-01
8.295454545454546e-01, 7.159090909090909e-01, -1.526902977823146e-01
8.295454545454546e-01, 7.386363636363636e-01, -1.466214480582595e-01
8.295454545454546e-01, 7.613636363636364e-01, -1.395093306194678e-01
8.295454545454546e-01, 7.840909090909091e-01, -1.313640868146816e-01
8.295454545454546e-01, 8.068181818181818e-01, -1.222894066024024e-01
8.295454545454546e-01, 8.295454545454546e-01, -1.123705991668203e-01
8.295454545454546e-01, 8.522727272727273e-01, -1.009546401724966e-01
8.295454545454546e-01, 8.750000000000000e-01, -8.853224639511620e-02
8.295454545454546e-01, 8.977272727272727e-01, -7.527709388290046e-02
8.295454545454546e-01, 9.204545454545454e-01, -6.084334431740641e-02
8.295454545454546e-01, 9.431818181818182e-01, -4.482857345369446e-02
8.295454545454546e-01, 9.659090909090909e-01, -2.782485321541090e-02
8.295454545454546e-01, 9.886363636363636e-01, -1.002440897493439e-02
8.522727272727273e-01, 1.136363636363636e-02, -4.433446716547619e-03
8.522727272727273e-01, 3.409090909090909e-02, -1.439807548595225e-02
8.522727272727273e-01, 5.681818181818182e-02, -2.397269770037072e-02
8.522727272727273e-01, 7.954545454545454e-02, -3.316486030884654e-02
8.522727272727273e-01, 1.022727272727273e-01, -4.220876213964150e-02
8.522727272727273e-01, 1.250000000000000e-01, -5.168903356344932e-02
8.522727272727273e-01, 1.477272727272727e-01, -6.024080403480629e-02
8.522727272727273e-01, 1.704545454545454e-01, -6.858050156653119e-02
8.522727272727273e-01, 1.931818181818182e-01, -7.687870178735945e-02
8.522727272727273e-01, 2.159090909090909e-01, -8.503545736250651e-02
8.522727272727273e-01, 2.386363636363636e-01, -9.245083771527367e-02
8.522727272727273e-01, 2.613636363636364e-01, -9.958166360510375e-02
8.522727272727273e-01, 2.840909090909091e-01, -1.067082581684642e-01
8.522727272727273e-01, 3.068181818181818e-01, -1.131946874038534e-01
8.522727272727273e-01, 3.295454545454545e-01, -1.191175204229536e-01
8.522727272727273e-01, 3.522727272727273e-01, -1.246833614252172e-01
8.522727272727273e-01, 3.750000000000000e-01, -1.301872710403742e-01
8.522727272727273e-01, 3.977272727272727e-01, -1.346822669914013e-01
8.522727272727273e-01, 4.204545454545455e-01, -1.387565950976521e-01
8.522727272727273e-01, 4.431818181818182e-01, -1.424692418557341e-01
8.522727272727273e-01, 4.659090909090909e-01, -1.456514516096962e-01
8.522727272727273e-01, 4.886363636363636e-01, -1.480145351465946e-01
8.522727272727273e-01, 5.113636363636364e-01, -1.498845817052947e-01
8.522727272727273e-01, 5.340909090909091e-01, -1.512735286119120e-01
8.522727272727273e-01, 5.568181818181818e-01, -1.518330748199333e-01
8.522727272727273e-01, 5.795454545454546e-01, -1.517086375024610e-01
8.522727272727273e-01, 6.022727272727273e-01, -1.510188426421747e-01
8.522727272727273e-01, 6.250000000000000e-01, -1.495884278057567e-01
8.522727272727273e-01, 6.477272727272727e-01, -1.472500510998996e-01
8.522727272727273e-01, 6.704545454545454e-01, -1.442827741092454e-01
8.522727272727273e-01, 6.931818181818182e-01, -1.405737855707681e-01
8.522727272727273e-01, 7.159090909090909e-01, -1.358856740747262e-01
8.522727272727273e-01, 7.386363636363636e-01, -1.304217502849769e-01
8.522727272727273e-01, 7.613636363636364e-01, -1.242567927396690e-01
8.522727272727273e-01, 7.840909090909091e-01, -1.170140597008674e-01
8.522727272727273e-01, 8.068181818181818e-01, -1.088137674579135e-01
8.522727272727273e-01, 8.295454545454546e-01, -9.987013773637778e-02
8.522727272727273e-01, 8.522727272727273e-01, -9.015360294206913e-02
8.522727272727273e-01, 8.750000000000000e-01, -7.883841470307951e-02
8.522727272727273e-01, 8.977272727272727e-01, -6.689842752020358e-02
8.522727272727273e-01, 9.204545454545454e-01, -5.412282795267226e-02
8.522727272727273e-01, 9.431818181818182e-01, -4.016721853450196e-02
8.522727272727273e-01, 9.659090909090909e-01, -2.472633482540122e-02
8.522727272727273e-01, 9.886363636363636e-01, -8.677011195207248e-03
8.750000000000000e-01, 1.136363636363636e-02, -4.209998243118494e-03
8.750000000000000e-01, 3.409090909090909e-02, -1.261048769851924e-02
8.750000000000000e-01, 5.681818181818182e-02, -2.087442793806627e-02
8.750000000000000e-01, 7.954545454545454e-02, -2.899218002011219e-02
8.750000000000000e-01, 1.022727272727273e-01, -3.697355429289701e-02
8.750000000000000e-01, 1.250000000000000e-01, -4.480884785996951e-02
8.750000000000000e-01, 1.477272727272727e-01, -5.237163607568754e-02
8.750000000000000e-01, 1.704545454545454e-01, -5.973988827833117e-02
8.750000000000000e-01, 1.931818181818182e-01, -6.690392057206576e-02
8.750000000000000e-01, 2.159090909090909e-01, -7.380545796260715e-02
8.750000000000000e-01, 2.386363636363636e-01, -8.036686815932423e-02
8.750000000000000e-01, 2.613636363636364e-01, -8.666597337015147e-02
8.750000000000000e-01, 2.840909090909091e-01, -9.269309608823702e-02
8.750000000000000e-01, 3.068181818181818e-01, -9.831234906453504e-02
8.750000000000000e-01, 3.295454545454545e-01, -1.035529752156570e-01
8.750000000000000e-01, 3.522727272727273e-01, -1.084635693596741e-01
8.750000000000000e-01, 3.750000000000000e-01, -1.130344583947254e-01
8.750000000000000e-01, 3.977272727272727e-01, -1.170231334676463e-01
8.750000000000000e-01, 4.204545454545455e-01, -1.206237503300581e-01
8.750000000000000e-01, 4.431818181818182e-01, -1.238266409372142e-01
8.750000000000000e-01, 4.659090909090909e-01, -1.265348575575201e-01
8.750000000000000e-01, 4.886363636363636e-01, -1.286321227787375e-01
8.750000000000000e-01, 5.113636363636364e-01, -1.302736659284474e-01
8.750000000000000e-01, 5.340909090909091e-01, -1.314498240482444e-01
8.750000000000000e-01, 5.568181818181818e-01, -1.319473900601164e-01
8.750000000000000e-01, 5.795454545454546e-01, -1.318343284103154e-01
8.750000000000000e-01, 6.022727272727273e-01, -1.311979264384532e-01
8.750000000000000e-01, 6.250000000000000e-01, -1.300285281863071e-01
8.750000000000000e-01, 6.477272727272727e-01, -1.279677269496272e-01
8.750000000000000e-01, 6.704545454545454e-01, -1.253256795580344e-01
8.750000000000000e-01, 6.931818181818182e-01, -1.220927439722223e-01
8.750000000000000e-01, 7.159090909090909e-01, -1.181333868825956e-01
8.750000000000000e-01, 7.386363636363636e-01, -1.132928158945717e-01
8.750000000000000e-01, 7.613636363636364e-01, -1.078035553150435e-01
8.750000000000000e-01, 7.840909090909091e-01, -1.016559858310374e-01
8.750000000000000e-01, 8.068181818181818e-01, -9.455986725781720e-02
8.750000000000000e-01, 8.295454545454546e-01, -8.662191975396309e-02
8.750000000000000e-01, 8.522727272727273e-01, -7.796809217260495e-02
8.750000000000000e-01, 8.750000000000000e-01, -6.858881386798112e-02
8.750000000000000e-01, 8.977272727272727e-01, -5.801068140785279e-02
8.750000000000000e-01, 9.204545454545454e-01, -4.665957551025385e-02
8.750000000000000e-01, 9.431818181818182e-01, -3.452610860093514e-02
8.750000000000000e-01, 9.659090909090909e-01, -2.143691084390440e-02
8.750000000000000e-01, 9.886363636363636e-01, -7.200276772463840e-03
8.977272727272727e-01, 1.136363636363636e-02, -3.251408936647126e-03
8.977272727272727e-01, 3.409090909090909e-02, -1.045866073975325e-02
8.977272727272727e-01, 5.681818181818182e-02, -1.708006255853751e-02
8.977272727272727e-01, 7.954545454545454e-02, -2.382618710794557e-02
8.977272727272727e-01, 1.022727272727273e-01, -3.068581100851359e-02
8.977272727272727e-01, 1.250000000000000e-01, -3.741353591780136e-02
8.977272727272727e-01, 1.477272727272727e-01, -4.326932306476888e-02
8.977272727272727e-01, 1.704545454545454e-01, -4.961663116884771e-02
8.977272727272727e-01, 1.931818181818182e-01, -5.578018694294637e-02
8.977272727272727e-01, 2.159090909090909e-01, -6.151799415199659e-02
8.977272727272727e-01, 2.386363636363636e-01, -6.680068668494168e-02
8.977272727272727e-01, 2.613636363636364e-01, -7.223573452117692e-02
8.977272727272727e-01, 2.840909090909091e-01, -7.742450290022693e-02
8.977272727272727e-01, 3.068181818181818e-01, -8.194495946164836e-02
8.977272727272727e-01, 3.295454545454545e-01, -8.633028951039252e-02
8.977272727272727e-01, 3.522727272727273e-01, -9.057454092368919e-02
8.977272727272727e-01, 3.750000000000000e-01, -9.451002324219404e-02
8.977272727272727e-01, 3.977272727272727e-01, -9.761416165827337e-02
8.977272727272727e-01, 4.204545454545455e-01, -1.007497447074562e-01
8.977272727272727e-01, 4.431818181818182e-01, -1.035248137996738e-01
8.977272727272727e-01, 4.659090909090909e-01, -1.057866267389758e-01
8.977272727272727e-01, 4.886363636363636e-01, -1.075006501959162e-01
8.977272727272727e-01, 5.113636363636364e-01, -1.089512378516943e-01
8.977272727272727e-01, 5.340909090909091e-01, -1.099788799000197e-01
8.977272727272727e-01, 5.568181818181818e-01, -1.103902801048347e-01
8.977272727272727e-01, 5.795454545454546e-01, -1.103400843376951e-01
8.977272727272727e-01, 6.022727272727273e-01, -1.098275650427545e-01
8.977272727272727e-01, 6.250000000000000e-01, -1.088297124284435e-01
8.977272727272727e-01, 6.477272727272727e-01, -1.072423879332699e-01
8.977272727272727e-01, 6.704545454545454e-01, -1.050258583407662e-01
8.977272727272727e-01, 6.931818181818182e-01, -1.022723641857124e-01
8.977272727272727e-01, 7.159090909090909e-01, -9.898539935000010e-02
8.977272727272727e-01, 7.386363636363636e-01, -9.512531365175705e-02
8.977272727272727e-01, 7.613636363636364e-01, -9.045258013971449e-02
8.977272727272727e-01, 7.840909090909091e-01, -8.518066797722351e-02
8.977272727272727e-01, 8.068181818181818e-01, -7.947894647199136e-02
8.977272727272727e-01, 8.295454545454546e-01, -7.292293886997639e-02
8.977272727272727e-01, 8.522727272727273e-01, -6.551721002442762e-02
8.977272727272727e-01, 8.750000000000000e-01, -5.745035188957544e-02
8.977272727272727e-01, 8.977272727272727e-01, -4.923766172831224e-02
8.977272727272727e-01, 9.204545454545454e-01, -3.953611738332638e-02
8.977272727272727e-01, 9.431818181818182e-01, -2.912276085002547e-02
8.977272727272727e-01, 9.659090909090909e-01, -1.822468342634454e-02
8.977272727272727e-01, 9.886363636363636e-01, -6.798748345268862e-03
9.204545454545454e-01, 1.136363636363636e-02, -2.229332874774429e-03
9.204545454545454e-01, 3.409090909090909e-02, -8.211555296511037e-03
9.204545454545454e-01, 5.681818181818182e-02, -1.359603522528078e-02
9.204545454545454e-01, 7.954545454545454e-02, -1.865053873711996e-02
9.204545454545454e-01, 1.022727272727273e-01, -2.411273136588841e-02
9.204545454545454e-01, 1.250000000000000e-01, -2.970150341018491e-02
9.204545454545454e-01, 1.477272727272727e-01, -3.441333402887319e-02
9.204545454545454e-01, 1.704545454545454e-01, -3.902440812588029e-02
9.204545454545454e-01, 1.931818181818182e-01, -4.415840253738344e-02
9.204545454545454e-01, 2.159090909090909e-01, -4.888280733075169e-02
9.204545454545454e-01, 2.386363636363636e-01, -5.298845041246734e-02
9.204545454545454e-01, 2.613636363636364e-01, -5.714113137651461e-02
9.204545454545454e-01, 2.840909090909091e-01, -6.146587610440624e-02
9.204545454545454e-01, 3.068181818181818e-01, -6.515176242894273e-02
9.204545454545454e-01, 3.295454545454545e-01, -6.845285155417130e-02
9.204545454545454e-01, 3.522727272727273e-01, -7.185675565545739e-02
9.204545454545454e-01, 3.750000000000000e-01, -7.513586110348658e-02
9.204545454545454e-01, 3.977272727272727e-01, -7.764040028438950e-02
9.204545454545454e-01, 4.204545454545455e-01, -7.993868054797691e-02
9.204545454545454e-01, 4.431818181818182e-01, -8.227239336065581e-02
9.204545454545454e-01, 4.659090909090909e-01, -8.414190108555464e-02
9.204545454545454e-01, 4.886363636363636e-01, -8.548120808758503e-02
9.204545454545454e-01, 5.113636363636364e-01, -8.661632501777244e-02
9.204545454545454e-01, 5.340909090909091e-01, -8.748960901898717e-02
9.204545454545454e-01, 5.568181818181818e-01, -8.783111190092849e-02
9.204545454545454e-01, 5.795454545454546e-01, -8.780711612083733e-02
9.204545454545454e-01, 6.022727272727273e-01, -8.743365700194573e-02
9.204545454545454e-01, 6.250000000000000e-01, -8.661048326014814e-02
9.204545454545454e-01, 6.477272727272727e-01, -8.533685149575065e-02
9.204545454545454e-01, 6.704545454545454e-01, -8.375163356380153e-02
9.204545454545454e-01, 6.931818181818182e-01, -8.149327844580144e-02
9.204545454545454e-01, 7.159090909090909e-01, -7.879018689779432e-02
9.204545454545454e-01, 7.386363636363636e-01, -7.579329378027508e-02
9.204545454545454e-01, 7.613636363636364e-01, -7.226750539232719e-02
9.204545454545454e-01, 7.840909090909091e-01, -6.789891002202865e-02
9.204545454545454e-01, 8.068181818181818e-01, -6.325354490282534e-02
9.204545454545454e-01, 8.295454545454546e-01, -5.833612749052288e-02
9.204545454545454e-01, 8.522727272727273e-01, -5.247015434565045e-02
9.204545454545454e-01, 8.750000000000000e-01, -4.575660547916575e-02
9.204545454545454e-01, 8.977272727272727e-01, -3.913869907406212e-02
9.204545454545454e-01, 9.204545454545454e-01, -3.210479003940761e-02
9.204545454545454e-01, 9.431818181818182e-01, -2.347000163246380e-02
9.204545454545454e-01, 9.659090909090909e-01, -1.448554444541668e-02
9.204545454545454e-01, 9.886363636363636e-01, -5.594163063683911e-03
9.431818181818182e-01, 1.136363636363636e-02, -1.687209589975784e-03
9.431818181818182e-01, 3.409090909090909e-02, -5.870110217028815e-03
9.431818181818182e-01, 5.681818181818182e-02, -9.986108899732754e-03
9.431818181818182e-01, 7.954545454545454e-02, -1.377483709815063e-02
9.431818181818182e-01, 1.022727272727273e-01, -1.750930763687102e-02
9.431818181818182e-01, 1.250000000000000e-01, -2.167484467020623e-02
9.431818181818182e-01, 1.477272727272727e-01, -2.521221100017930e-02
9.431818181818182e-01, 1.704545454545454e-01, -2.866865767374003e-02
9.431818181818182e-01, 1.931818181818182e-01, -3.204143324726115e-02
9.431818181818182e-01, 2.159090909090909e-01, -3.572335078198784e-02
9.431818181818182e-01, 2.386363636363636e-01, -3.880626244674524e-02
9.431818181818182e-01, 2.613636363636364e-01, -4.177889061367840e-02
9.431818181818182e-01, 2.840909090909091e-01, -4.482030170710738e-02
9.431818181818182e-01, 3.068181818181818e-01, -4.764677260113574e-02
9.431818181818182e-01, 3.295454545454545e-01, -5.012384070468896e-02
9.431818181818182e-01, 3.522727272727273e-01, -5.246128006614212e-02
9.431818181818182e-01, 3.750000000000000e-01, -5.491498699252794e-02
9.431818181818182e-01, 3.977272727272727e-01, -5.680112166508109e-02
9.431818181818182e-01, 4.204545454545455e-01, -5.852104248296493e-02
9.431818181818182e-01, 4.431818181818182e-01, -6.007200251501857e-02
9.431818181818182e-01, 4.659090909090909e-01, -6.153567026091409e-02
9.431818181818182e-01, 4.886363636363636e-01, -6.254274443230402e-02
9.431818181818182e-01, 5.113636363636364e-01, -6.335428554510095e-02
9.431818181818182e-01, 5.340909090909091e-01, -6.398414043274399e-02
9.431818181818182e-01, 5.568181818181818e-01, -6.425146266202746e-02
9.431818181818182e-01, 5.795454545454546e-01, -6.422831052728337e-02
9.431818181818182e-01, 6.022727272727273e-01, -6.398032419306263e-02
9.431818181818182e-01, 6.250000000000000e-01, -6.337240492070180e-02
9.431818181818182e-01, 6.477272727272727e-01, -6.241934278358297e-02
9.431818181818182e-01, 6.704545454545454e-01, -6.121491317393438e-02
9.431818181818182e-01, 6.931818181818182e-01, -5.975637606147122e-02
9.431818181818182e-01, 7.159090909090909e-01, -5.765285540746472e-02
9.431818181818182e-01, 7.386363636363636e-01, -5.539688706611873e-02
9.431818181818182e-01, 7.613636363636364e-01, -5.286032405399681e-02
9.431818181818182e-01, 7.840909090909091e-01, -4.981113280210054e-02
9.431818181818182e-01, 8.068181818181818e-01, -4.625222289204724e-02
9.431818181818182e-01, 8.295454545454546e-01, -4.254279636743507e-02
9.431818181818182e-01, 8.522727272727273e-01, -3.852366277749235e-02
9.431818181818182e-01, 8.750000000000000e-01, -3.350768541052116e-02
9.431818181818182e-01, 8.977272727272727e-01, -2.853105690636136e-02
9.431818181818182e-01, 9.204545454545454e-01, -2.321865030896783e-02
9.431818181818182e-01, 9.431818181818182e-01, -1.756786917648413e-02
9.431818181818182e-01, 9.659090909090909e-01, -1.055548997641013e-02
9.431818181818182e-01, 9.886363636363636e-01, -3.858669481989548e-03
9.659090909090909e-01, 1.136363636363636e-02, -1.145086305177147e-03
9.659090909090909e-01, 3.409090909090909e-02, -3.701617077834254e-03
9.659090909090909e-01, 5.681818181818182e-02, -5.954161847416497e-03
9.659090909090909e-01, 7.954545454545454e-02, -8.436334999677485e-03
9.659090909090909e-01, 1.022727272727273e-01, -1.087775932205268e-02
9.659090909090909e-01, 1.250000000000000e-01, -1.327440425094801e-02
9.659090909090909e-01, 1.477272727272727e-01, -1.534749946567810e-02
9.659090909090909e-01, 1.704545454545454e-01, -1.761347550777294e-02
9.659090909090909e-01, 1.931818181818182e-01, -1.981561731509702e-02
9.659090909090909e-01, 2.159090909090909e-01, -2.171398080808896e-02
9.659090909090909e-01, 2.386363636363636e-01, -2.374440198075245e-02
9.659090909090909e-01, 2.613636363636364e-01, -2.569195859209989e-02
9.659090909090909e-01, 2.840909090909091e-01, -2.755263790454075e-02
9.659090909090909e-01, 3.068181818181818e-01, -2.910639602833016e-02
9.659090909090909e-01, 3.295454545454545e-01, -3.073932493525008e-02
9.659090909090909e-01, 3.522727272727273e-01, -3.226635838553445e-02
9.659090909090909e-01, 3.750000000000000e-01, -3.368348553993308e-02
9.659090909090909e-01, 3.977272727272727e-01, -3.479368531075447e-02
9.659090909090909e-01, 4.204545454545455e-01, -3.592706130449781e-02
9.659090909090909e-01, 4.431818181818182e-01, -3.693152157505714e-02
9.659090909090909e-01, 4.659090909090909e-01, -3.769106558699493e-02
9.659090909090909e-01, 4.886363636363636e-01, -3.837079351269478e-02
9.659090909090909e-01, 5.113636363636364e-01, -3.890260373381461e-02
9.659090909090909e-01, 5.340909090909091e-01, -3.928248918866855e-02
9.659090909090909e-01, 5.568181818181818e-01, -3.943366230240580e-02
9.659090909090909e-01, 5.795454545454546e-01, -3.943286513380320e-02
9.659090909090909e-01, 6.022727272727273e-01, -3.926115349431938e-02
9.659090909090909e-01, 6.250000000000000e-01, -3.891452320658024e-02
9.659090909090909e-01, 6.477272727272727e-01, -3.835852303590032e-02
9.659090909090909e-01, 6.704545454545454e-01, -3.757530644081695e-02
9.659090909090909e-01, 6.931818181818182e-01, -3.659820103794090e-02
9.659090909090909e-01, 7.159090909090909e-01, -3.551591457013153e-02
9.659090909090909e-01, 7.386363636363636e-01, -3.406134551714695e-02
9.659090909090909e-01, 7.613636363636364e-01, -3.239394568981069e-02
9.659090909090909e-01, 7.840909090909091e-01, -3.050972527322091e-02
9.659090909090909e-01, 8.068181818181818e-01, -2.855590419300369e-02
9.659090909090909e-01, 8.295454545454546e-01, -2.613852463217456e-02
9.659090909090909e-01, 8.522727272727273e-01, -2.348546386550232e-02
9.659090909090909e-01, 8.750000000000000e-01, -2.059275634477935e-02
9.659090909090909e-01, 8.977272727272727e-01, -1.766935078236376e-02
9.659090909090909e-01, 9.204545454545454e-01, -1.418830010756615e-02
9.659090909090909e-01, 9.431818181818182e-01, -1.044909943399553e-02
9.659090909090909e-01, 9.659090909090909e-01, -6.825895980128635e-03
9.659090909090909e-01, 9.886363636363636e-01, -2.460071733383984e-03
9.886363636363636e-01, 1.136363636363636e-02, 0.000000000000000e+00
9.886363636363636e-01, 3.409090909090909e-02, -1.145086305177146e-03
9.886363636363636e-01, 5.681818181818182e-02, -1.708222497572706e-03
9.886363636363636e-01, 7.954545454545454e-02, -2.271358689968267e-03
9.886363636363636e-01, 1.022727272727273e-01, -3.373244861962201e-03
9.886363636363636e-01, 1.250000000000000e-01, -4.445217890378448e-03
9.886363636363636e-01, 1.477272727272727e-01, -4.704354792219709e-03
9.886363636363636e-01, 1.704545454545454e-01, -5.481765497743490e-03
9.886363636363636e-01, 1.931818181818182e-01, -6.477381618301280e-03
9.886363636363636e-01, 2.159090909090909e-01, -7.189267928173257e-03
9.886363636363636e-01, 2.386363636363636e-01, -7.426563364797249e-03
9.886363636363636e-01, 2.613636363636364e-01, -8.323809925267336e-03
9.886363636363636e-01, 2.840909090909091e-01, -9.163621877725908e-03
9.886363636363636e-01, 3.068181818181818e-01, -9.552061408673259e-03
9.886363636363636e-01, 3.295454545454545e-01, -9.940500939620612e-03
9.886363636363636e-01, 3.522727272727273e-01, -1.064894978357957e-02
9.886363636363636e-01, 3.750000000000000e-01, -1.128347194849408e-02
9.886363636363636e-01, 3.977272727272727e-01, -1.142224691984675e-02
9.886363636363636e-01, 4.204545454545455e-01, -1.183857183390478e-02
9.886363636363636e-01, 4.431818181818182e-01, -1.230875471075546e-02
9.886363636363636e-01, 4.659090909090909e-01, -1.259358371523213e-02
9.886363636363636e-01, 4.886363636363636e-01, -1.268852671672435e-02
9.886363636363636e-01, 5.113636363636364e-01, -1.297239497813173e-02
9.886363636363636e-01, 5.340909090909091e-01, -1.315486768870617e-02
9.886363636363636e-01, 5.568181818181818e-01, -1.319266096714048e-02
9.886363636363636e-01, 5.795454545454546e-01, -1.323045424557479e-02
9.886363636363636e-01, 6.022727272727273e-01, -1.319366546035531e-02
9.886363636363636e-01, 6.250000000000000e-01, -1.303901381538729e-02
9.886363636363636e-01, 6.477272727272727e-01, -1.296951379405230e-02
9.886363636363636e-01, 6.704545454545454e-01, -1.276101373004733e-02
9.886363636363636e-01, 6.931818181818182e-01, -1.235418210070980e-02
9.886363636363636e-01, 7.159090909090909e-01, -1.194832467528129e-02
9.886363636363636e-01, 7.386363636363636e-01, -1.181303886680512e-02
9.886363636363636e-01, 7.613636363636364e-01, -1.113210802610011e-02
9.886363636363636e-01, 7.840909090909091e-01, -1.030591889714113e-02
9.886363636363636e-01, 8.068181818181818e-01, -9.817463627086827e-03
9.886363636363636e-01, 8.295454545454546e-01, -9.329008357032518e-03
9.886363636363636e-01, 8.522727272727273e-01, -8.195924432690838e-03
9.886363636363636e-01, 8.750000000000000e-01, -6.901232804204226e-03
9.886363636363636e-01, 8.977272727272727e-01, -6.535807108902281e-03
9.886363636363636e-01, 9.204545454545454e-01, -5.439530022996432e-03
9.886363636363636e-01, 9.431818181818182e-01, -3.805474210782248e-03
9.886363636363636e-01, 9.659090909090909e-01, -2.446772915582159e-03
9.886363636363636e-01, 9.886363636363636e-01, -1.993872483848802e-03
