x,y,u
7.102272727272727e-03,1.136363636363636e-02,0.000000000000000e+00
2.130681818181818e-02,1.136363636363636e-02,0.000000000000000e+00
3.551136363636364e-02,1.136363636363636e-02,0.000000000000000e+00
4.971590909090909e-02,1.136363636363636e-02,0.000000000000000e+00
6.392045454545454e-02,1.136363636363636e-02,0.000000000000000e+00
7.812500000000000e-02,1.136363636363636e-02,0.000000000000000e+00
9.232954545454546e-02,1.136363636363636e-02,0.000000000000000e+00
1.065340909090909e-01,1.136363636363636e-02,0.000000000000000e+00
1.207386363636364e-01,1.136363636363636e-02,0.000000000000000e+00
1.349431818181818e-01,1.136363636363636e-02,0.000000000000000e+00
1.491477272727273e-01,1.136363636363636e-02,0.000000000000000e+00
1.633522727272727e-01,1.136363636363636e-02,0.000000000000000e+00
1.775568181818182e-01,1.136363636363636e-02,0.000000000000000e+00
1.917613636363636e-01,1.136363636363636e-02,0.000000000000000e+00
2.059659090909091e-01,1.136363636363636e-02,0.000000000000000e+00
2.201704545454546e-01,1.136363636363636e-02,0.000000000000000e+00
2.343750000000000e-01,1.136363636363636e-02,0.000000000000000e+00
2.485795454545454e-01,1.136363636363636e-02,0.000000000000000e+00
2.627840909090909e-01,1.136363636363636e-02,0.000000000000000e+00
2.769886363636364e-01,1.136363636363636e-02,0.000000000000000e+00
2.911931818181818e-01,1.136363636363636e-02,0.000000000000000e+00
3.053977272727273e-01,1.136363636363636e-02,0.000000000000000e+00
3.196022727272727e-01,1.136363636363636e-02,0.000000000000000e+00
3.338068181818182e-01,1.136363636363636e-02,0.000000000000000e+00
3.480113636363636e-01,1.136363636363636e-02,0.000000000000000e+00
3.622159090909091e-01,1.136363636363636e-02,0.000000000000000e+00
3.764204545454545e-01,1.136363636363636e-02,0.000000000000000e+00
3.906250000000000e-01,1.136363636363636e-02,0.000000000000000e+00
4.048295454545455e-01,1.136363636363636e-02,0.000000000000000e+00
4.190340909090909e-01,1.136363636363636e-02,0.000000000000000e+00
4.332386363636364e-01,1.136363636363636e-02,0.000000000000000e+00
4.474431818181818e-01,1.136363636363636e-02,0.000000000000000e+00
4.616477272727273e-01,1.136363636363636e-02,0.000000000000000e+00
4.758522727272727e-01,1.136363636363636e-02,0.000000000000000e+00
4.900568181818182e-01,1.136363636363636e-02,0.000000000000000e+00
5.042613636363636e-01,1.136363636363636e-02,0.000000000000000e+00
5.184659090909091e-01,1.136363636363636e-02,0.000000000000000e+00
5.326704545454546e-01,1.136363636363636e-02,0.000000000000000e+00
5.468750000000000e-01,1.136363636363636e-02,0.000000000000000e+00
5.610795454545454e-01,1.136363636363636e-02,0.000000000000000e+00
5.752840909090909e-01,1.136363636363636e-02,0.000000000000000e+00
5.894886363636364e-01,1.136363636363636e-02,0.000000000000000e+00
6.036931818181818e-01,1.136363636363636e-02,0.000000000000000e+00
6.178977272727273e-01,1.136363636363636e-02,0.000000000000000e+00
7.102272727272727e-03,3.409090909090909e-02,0.000000000000000e+00
2.130681818181818e-02,3.409090909090909e-02,0.000000000000000e+00
3.551136363636364e-02,3.409090909090909e-02,6.970000853133408e-04
4.971590909090909e-02,3.409090909090909e-02,6.970000853133408e-04
6.392045454545454e-02,3.409090909090909e-02,6.970000853133408e-04
7.812500000000000e-02,3.409090909090909e-02,6.970000853133408e-04
9.232954545454546e-02,3.409090909090909e-02,6.970000853133408e-04
1.065340909090909e-01,3.409090909090909e-02,1.018113500591326e-03
1.207386363636364e-01,3.409090909090909e-02,1.018113500591326e-03
1.349431818181818e-01,3.409090909090909e-02,1.018113500591326e-03
1.491477272727273e-01,3.409090909090909e-02,1.018113500591326e-03
1.633522727272727e-01,3.409090909090909e-02,1.046491937161668e-03
1.775568181818182e-01,3.409090909090909e-02,1.046491937161668e-03
1.917613636363636e-01,3.409090909090909e-02,1.046491937161668e-03
2.059659090909091e-01,3.409090909090909e-02,1.046491937161668e-03
2.201704545454546e-01,3.409090909090909e-02,8.651160868871392e-04
2.343750000000000e-01,3.409090909090909e-02,8.651160868871392e-04
2.485795454545454e-01,3.409090909090909e-02,8.651160868871392e-04
2.627840909090909e-01,3.409090909090909e-02,8.651160868871392e-04
2.769886363636364e-01,3.409090909090909e-02,8.651160868871392e-04
2.911931818181818e-01,3.409090909090909e-02,5.567824605495605e-04
3.053977272727273e-01,3.409090909090909e-02,5.567824605495605e-04
3.196022727272727e-01,3.409090909090909e-02,5.567824605495605e-04
3.338068181818182e-01,3.409090909090909e-02,5.567824605495605e-04
3.480113636363636e-01,3.409090909090909e-02,2.040063498998474e-04
3.622159090909091e-01,3.409090909090909e-02,2.040063498998474e-04
3.764204545454545e-01,3.409090909090909e-02,2.040063498998474e-04
3.906250000000000e-01,3.409090909090909e-02,2.040063498998474e-04
4.048295454545455e-01,3.409090909090909e-02,2.040063498998474e-04
4.190340909090909e-01,3.409090909090909e-02,-1.111933557449469e-04
4.332386363636364e-01,3.409090909090909e-02,-1.111933557449469e-04
4.474431818181818e-01,3.409090909090909e-02,-1.111933557449469e-04
4.616477272727273e-01,3.409090909090909e-02,-1.111933557449469e-04
4.758522727272727e-01,3.409090909090909e-02,-3.077681926262412e-04
4.900568181818182e-01,3.409090909090909e-02,-3.077681926262412e-04
5.042613636363636e-01,3.409090909090909e-02,-3.077681926262412e-04
5.184659090909091e-01,3.409090909090909e-02,-3.077681926262412e-04
5.326704545454546e-01,3.409090909090909e-02,-3.067978162665289e-04
5.468750000000000e-01,3.409090909090909e-02,-3.067978162665289e-04
5.610795454545454e-01,3.409090909090909e-02,-3.067978162665289e-04
5.752840909090909e-01,3.409090909090909e-02,-3.067978162665289e-04
5.894886363636364e-01,3.409090909090909e-02,-3.067978162665289e-04
6.036931818181818e-01,3.409090909090909e-02,-3.470609148628056e-05
6.178977272727273e-01,3.409090909090909e-02,-3.470609148628056e-05
7.102272727272727e-03,5.681818181818182e-02,0.000000000000000e+00
2.130681818181818e-02,5.681818181818182e-02,0.000000000000000e+00
3.551136363636364e-02,5.681818181818182e-02,6.970000853133408e-04
4.971590909090909e-02,5.681818181818182e-02,6.970000853133408e-04
6.392045454545454e-02,5.681818181818182e-02,6.970000853133408e-04
7.812500000000000e-02,5.681818181818182e-02,6.970000853133408e-04
9.232954545454546e-02,5.681818181818182e-02,6.970000853133408e-04
1.065340909090909e-01,5.681818181818182e-02,1.018113500591326e-03
1.207386363636364e-01,5.681818181818182e-02,1.018113500591326e-03
1.349431818181818e-01,5.681818181818182e-02,1.018113500591326e-03
1.491477272727273e-01,5.681818181818182e-02,1.018113500591326e-03
1.633522727272727e-01,5.681818181818182e-02,1.046491937161668e-03
1.775568181818182e-01,5.681818181818182e-02,1.046491937161668e-03
1.917613636363636e-01,5.681818181818182e-02,1.046491937161668e-03
2.059659090909091e-01,5.681818181818182e-02,1.046491937161668e-03
2.201704545454546e-01,5.681818181818182e-02,8.651160868871392e-04
2.343750000000000e-01,5.681818181818182e-02,8.651160868871392e-04
2.485795454545454e-01,5.681818181818182e-02,8.651160868871392e-04
2.627840909090909e-01,5.681818181818182e-02,8.651160868871392e-04
2.769886363636364e-01,5.681818181818182e-02,8.651160868871392e-04
2.911931818181818e-01,5.681818181818182e-02,5.567824605495605e-04
3.053977272727273e-01,5.681818181818182e-02,5.567824605495605e-04
3.196022727272727e-01,5.681818181818182e-02,5.567824605495605e-04
3.338068181818182e-01,5.681818181818182e-02,5.567824605495605e-04
3.480113636363636e-01,5.681818181818182e-02,2.040063498998474e-04
3.622159090909091e-01,5.681818181818182e-02,2.040063498998474e-04
3.764204545454545e-01,5.681818181818182e-02,2.040063498998474e-04
3.906250000000000e-01,5.681818181818182e-02,2.040063498998474e-04
4.048295454545455e-01,5.681818181818182e-02,2.040063498998474e-04
4.190340909090909e-01,5.681818181818182e-02,-1.111933557449469e-04
4.332386363636364e-01,5.681818181818182e-02,-1.111933557449469e-04
4.474431818181818e-01,5.681818181818182e-02,-1.111933557449469e-04
4.616477272727273e-01,5.681818181818182e-02,-1.111933557449469e-04
4.758522727272727e-01,5.681818181818182e-02,-3.077681926262412e-04
4.900568181818182e-01,5.681818181818182e-02,-3.077681926262412e-04
5.042613636363636e-01,5.681818181818182e-02,-3.077681926262412e-04
5.184659090909091e-01,5.681818181818182e-02,-3.077681926262412e-04
5.326704545454546e-01,5.681818181818182e-02,-3.067978162665289e-04
5.468750000000000e-01,5.681818181818182e-02,-3.067978162665289e-04
5.610795454545454e-01,5.681818181818182e-02,-3.067978162665289e-04
5.752840909090909e-01,5.681818181818182e-02,-3.067978162665289e-04
5.894886363636364e-01,5.681818181818182e-02,-3.067978162665289e-04
6.036931818181818e-01,5.681818181818182e-02,-3.470609148628056e-05
6.178977272727273e-01,5.681818181818182e-02,-3.470609148628056e-05
7.102272727272727e-03,7.954545454545454e-02,0.000000000000000e+00
2.130681818181818e-02,7.954545454545454e-02,0.000000000000000e+00
3.551136363636364e-02,7.954545454545454e-02,6.970000853133408e-04
4.971590909090909e-02,7.954545454545454e-02,6.970000853133408e-04
6.392045454545454e-02,7.954545454545454e-02,6.970000853133408e-04
7.812500000000000e-02,7.954545454545454e-02,6.970000853133408e-04
9.232954545454546e-02,7.954545454545454e-02,6.970000853133408e-04
1.065340909090909e-01,7.954545454545454e-02,1.018113500591326e-03
1.207386363636364e-01,7.954545454545454e-02,1.018113500591326e-03
1.349431818181818e-01,7.954545454545454e-02,1.018113500591326e-03
1.491477272727273e-01,7.954545454545454e-02,1.018113500591326e-03
1.633522727272727e-01,7.954545454545454e-02,1.046491937161668e-03
1.775568181818182e-01,7.954545454545454e-02,1.046491937161668e-03
1.917613636363636e-01,7.954545454545454e-02,1.046491937161668e-03
2.059659090909091e-01,7.954545454545454e-02,1.046491937161668e-03
2.201704545454546e-01,7.954545454545454e-02,8.651160868871392e-04
2.343750000000000e-01,7.954545454545454e-02,8.651160868871392e-04
2.485795454545454e-01,7.954545454545454e-02,8.651160868871392e-04
2.627840909090909e-01,7.954545454545454e-02,8.651160868871392e-04
2.769886363636364e-01,7.954545454545454e-02,8.651160868871392e-04
2.911931818181818e-01,7.954545454545454e-02,5.567824605495605e-04
3.053977272727273e-01,7.954545454545454e-02,5.567824605495605e-04
3.196022727272727e-01,7.954545454545454e-02,5.567824605495605e-04
3.338068181818182e-01,7.954545454545454e-02,5.567824605495605e-04
3.480113636363636e-01,7.954545454545454e-02,2.040063498998474e-04
3.622159090909091e-01,7.954545454545454e-02,2.040063498998474e-04
3.764204545454545e-01,7.954545454545454e-02,2.040063498998474e-04
3.906250000000000e-01,7.954545454545454e-02,2.040063498998474e-04
4.048295454545455e-01,7.954545454545454e-02,2.040063498998474e-04
4.190340909090909e-01,7.954545454545454e-02,-1.111933557449469e-04
4.332386363636364e-01,7.954545454545454e-02,-1.111933557449469e-04
4.474431818181818e-01,7.954545454545454e-02,-1.111933557449469e-04
4.616477272727273e-01,7.954545454545454e-02,-1.111933557449469e-04
4.758522727272727e-01,7.954545454545454e-02,-3.077681926262412e-04
4.900568181818182e-01,7.954545454545454e-02,-3.077681926262412e-04
5.042613636363636e-01,7.954545454545454e-02,-3.077681926262412e-04
5.184659090909091e-01,7.954545454545454e-02,-3.077681926262412e-04
5.326704545454546e-01,7.954545454545454e-02,-3.067978162665289e-04
5.468750000000000e-01,7.954545454545454e-02,-3.067978162665289e-04
5.610795454545454e-01,7.954545454545454e-02,-3.067978162665289e-04
5.752840909090909e-01,7.954545454545454e-02,-3.067978162665289e-04
5.894886363636364e-01,7.954545454545454e-02,-3.067978162665289e-04
6.036931818181818e-01,7.954545454545454e-02,-3.470609148628056e-05
6.178977272727273e-01,7.954545454545454e-02,-3.470609148628056e-05
7.102272727272727e-03,1.022727272727273e-01,0.000000000000000e+00
2.130681818181818e-02,1.022727272727273e-01,0.000000000000000e+00
3.551136363636364e-02,1.022727272727273e-01,1.545418574139595e-03
4.971590909090909e-02,1.022727272727273e-01,1.545418574139595e-03
6.392045454545454e-02,1.022727272727273e-01,1.545418574139595e-03
7.812500000000000e-02,1.022727272727273e-01,1.545418574139595e-03
9.232954545454546e-02,1.022727272727273e-01,1.545418574139595e-03
1.065340909090909e-01,1.022727272727273e-01,2.345756308226656e-03
1.207386363636364e-01,1.022727272727273e-01,2.345756308226656e-03
1.349431818181818e-01,1.022727272727273e-01,2.345756308226656e-03
1.491477272727273e-01,1.022727272727273e-01,2.345756308226656e-03
1.633522727272727e-01,1.022727272727273e-01,2.552025413241140e-03
1.775568181818182e-01,1.022727272727273e-01,2.552025413241140e-03
1.917613636363636e-01,1.022727272727273e-01,2.552025413241140e-03
2.059659090909091e-01,1.022727272727273e-01,2.552025413241140e-03
2.201704545454546e-01,1.022727272727273e-01,2.315037032893743e-03
2.343750000000000e-01,1.022727272727273e-01,2.315037032893743e-03
2.485795454545454e-01,1.022727272727273e-01,2.315037032893743e-03
2.627840909090909e-01,1.022727272727273e-01,2.315037032893743e-03
2.769886363636364e-01,1.022727272727273e-01,2.315037032893743e-03
2.911931818181818e-01,1.022727272727273e-01,1.785317805067198e-03
3.053977272727273e-01,1.022727272727273e-01,1.785317805067198e-03
3.196022727272727e-01,1.022727272727273e-01,1.785317805067198e-03
3.338068181818182e-01,1.022727272727273e-01,1.785317805067198e-03
3.480113636363636e-01,1.022727272727273e-01,1.112950075035435e-03
3.622159090909091e-01,1.022727272727273e-01,1.112950075035435e-03
3.764204545454545e-01,1.022727272727273e-01,1.112950075035435e-03
3.906250000000000e-01,1.022727272727273e-01,1.112950075035435e-03
4.048295454545455e-01,1.022727272727273e-01,1.112950075035435e-03
4.190340909090909e-01,1.022727272727273e-01,4.472822229263115e-04
4.332386363636364e-01,1.022727272727273e-01,4.472822229263115e-04
4.474431818181818e-01,1.022727272727273e-01,4.472822229263115e-04
4.616477272727273e-01,1.022727272727273e-01,4.472822229263115e-04
4.758522727272727e-01,1.022727272727273e-01,-6.359455165126743e-05
4.900568181818182e-01,1.022727272727273e-01,-6.359455165126743e-05
5.042613636363636e-01,1.022727272727273e-01,-6.359455165126743e-05
5.184659090909091e-01,1.022727272727273e-01,-6.359455165126743e-05
5.326704545454546e-01,1.022727272727273e-01,-2.737868913562452e-04
5.468750000000000e-01,1.022727272727273e-01,-2.737868913562452e-04
5.610795454545454e-01,1.022727272727273e-01,-2.737868913562452e-04
5.752840909090909e-01,1.022727272727273e-01,-2.737868913562452e-04
5.894886363636364e-01,1.022727272727273e-01,-2.737868913562452e-04
6.036931818181818e-01,1.022727272727273e-01,-4.115433533258657e-05
6.178977272727273e-01,1.022727272727273e-01,-4.115433533258657e-05
7.102272727272727e-03,1.250000000000000e-01,0.000000000000000e+00
2.130681818181818e-02,1.250000000000000e-01,0.000000000000000e+00
3.551136363636364e-02,1.250000000000000e-01,1.545418574139595e-03
4.971590909090909e-02,1.250000000000000e-01,1.545418574139595e-03
6.392045454545454e-02,1.250000000000000e-01,1.545418574139595e-03
7.812500000000000e-02,1.250000000000000e-01,1.545418574139595e-03
9.232954545454546e-02,1.250000000000000e-01,1.545418574139595e-03
1.065340909090909e-01,1.250000000000000e-01,2.345756308226656e-03
1.207386363636364e-01,1.250000000000000e-01,2.345756308226656e-03
1.349431818181818e-01,1.250000000000000e-01,2.345756308226656e-03
1.491477272727273e-01,1.250000000000000e-01,2.345756308226656e-03
1.633522727272727e-01,1.250000000000000e-01,2.552025413241140e-03
1.775568181818182e-01,1.250000000000000e-01,2.552025413241140e-03
1.917613636363636e-01,1.250000000000000e-01,2.552025413241140e-03
2.059659090909091e-01,1.250000000000000e-01,2.552025413241140e-03
2.201704545454546e-01,1.250000000000000e-01,2.315037032893743e-03
2.343750000000000e-01,1.250000000000000e-01,2.315037032893743e-03
2.485795454545454e-01,1.250000000000000e-01,2.315037032893743e-03
2.627840909090909e-01,1.250000000000000e-01,2.315037032893743e-03
2.769886363636364e-01,1.250000000000000e-01,2.315037032893743e-03
2.911931818181818e-01,1.250000000000000e-01,1.785317805067198e-03
3.053977272727273e-01,1.250000000000000e-01,1.785317805067198e-03
3.196022727272727e-01,1.250000000000000e-01,1.785317805067198e-03
3.338068181818182e-01,1.250000000000000e-01,1.785317805067198e-03
3.480113636363636e-01,1.250000000000000e-01,1.112950075035435e-03
3.622159090909091e-01,1.250000000000000e-01,1.112950075035435e-03
3.764204545454545e-01,1.250000000000000e-01,1.112950075035435e-03
3.906250000000000e-01,1.250000000000000e-01,1.112950075035435e-03
4.048295454545455e-01,1.250000000000000e-01,1.112950075035435e-03
4.190340909090909e-01,1.250000000000000e-01,4.472822229263115e-04
4.332386363636364e-01,1.250000000000000e-01,4.472822229263115e-04
4.474431818181818e-01,1.250000000000000e-01,4.472822229263115e-04
4.616477272727273e-01,1.250000000000000e-01,4.472822229263115e-04
4.758522727272727e-01,1.250000000000000e-01,-6.359455165126743e-05
4.900568181818182e-01,1.250000000000000e-01,-6.359455165126743e-05
5.042613636363636e-01,1.250000000000000e-01,-6.359455165126743e-05
5.184659090909091e-01,1.250000000000000e-01,-6.359455165126743e-05
5.326704545454546e-01,1.250000000000000e-01,-2.737868913562452e-04
5.468750000000000e-01,1.250000000000000e-01,-2.737868913562452e-04
5.610795454545454e-01,1.250000000000000e-01,-2.737868913562452e-04
5.752840909090909e-01,1.250000000000000e-01,-2.737868913562452e-04
5.894886363636364e-01,1.250000000000000e-01,-2.737868913562452e-04
6.036931818181818e-01,1.250000000000000e-01,-4.115433533258657e-05
6.178977272727273e-01,1.250000000000000e-01,-4.115433533258657e-05
7.102272727272727e-03,1.477272727272727e-01,0.000000000000000e+00
2.130681818181818e-02,1.477272727272727e-01,0.000000000000000e+00
3.551136363636364e-02,1.477272727272727e-01,1.545418574139595e-03
4.971590909090909e-02,1.477272727272727e-01,1.545418574139595e-03
6.392045454545454e-02,1.477272727272727e-01,1.545418574139595e-03
7.812500000000000e-02,1.477272727272727e-01,1.545418574139595e-03
9.232954545454546e-02,1.477272727272727e-01,1.545418574139595e-03
1.065340909090909e-01,1.477272727272727e-01,2.345756308226656e-03
1.207386363636364e-01,1.477272727272727e-01,2.345756308226656e-03
1.349431818181818e-01,1.477272727272727e-01,2.345756308226656e-03
1.491477272727273e-01,1.477272727272727e-01,2.345756308226656e-03
1.633522727272727e-01,1.477272727272727e-01,2.552025413241140e-03
1.775568181818182e-01,1.477272727272727e-01,2.552025413241140e-03
1.917613636363636e-01,1.477272727272727e-01,2.552025413241140e-03
2.059659090909091e-01,1.477272727272727e-01,2.552025413241140e-03
2.201704545454546e-01,1.477272727272727e-01,2.315037032893743e-03
2.343750000000000e-01,1.477272727272727e-01,2.315037032893743e-03
2.485795454545454e-01,1.477272727272727e-01,2.315037032893743e-03
2.627840909090909e-01,1.477272727272727e-01,2.315037032893743e-03
2.769886363636364e-01,1.477272727272727e-01,2.315037032893743e-03
2.911931818181818e-01,1.477272727272727e-01,1.785317805067198e-03
3.053977272727273e-01,1.477272727272727e-01,1.785317805067198e-03
3.196022727272727e-01,1.477272727272727e-01,1.785317805067198e-03
3.338068181818182e-01,1.477272727272727e-01,1.785317805067198e-03
3.480113636363636e-01,1.477272727272727e-01,1.112950075035435e-03
3.622159090909091e-01,1.477272727272727e-01,1.112950075035435e-03
3.764204545454545e-01,1.477272727272727e-01,1.112950075035435e-03
3.906250000000000e-01,1.477272727272727e-01,1.112950075035435e-03
4.048295454545455e-01,1.477272727272727e-01,1.112950075035435e-03
4.190340909090909e-01,1.477272727272727e-01,4.472822229263115e-04
4.332386363636364e-01,1.477272727272727e-01,4.472822229263115e-04
4.474431818181818e-01,1.477272727272727e-01,4.472822229263115e-04
4.616477272727273e-01,1.477272727272727e-01,4.472822229263115e-04
4.758522727272727e-01,1.477272727272727e-01,-6.359455165126743e-05
4.900568181818182e-01,1.477272727272727e-01,-6.359455165126743e-05
5.042613636363636e-01,1.477272727272727e-01,-6.359455165126743e-05
5.184659090909091e-01,1.477272727272727e-01,-6.359455165126743e-05
5.326704545454546e-01,1.477272727272727e-01,-2.737868913562452e-04
5.468750000000000e-01,1.477272727272727e-01,-2.737868913562452e-04
5.610795454545454e-01,1.477272727272727e-01,-2.737868913562452e-04
5.752840909090909e-01,1.477272727272727e-01,-2.737868913562452e-04
5.894886363636364e-01,1.477272727272727e-01,-2.737868913562452e-04
6.036931818181818e-01,1.477272727272727e-01,-4.115433533258657e-05
6.178977272727273e-01,1.477272727272727e-01,-4.115433533258657e-05
7.102272727272727e-03,1.704545454545454e-01,0.000000000000000e+00
2.130681818181818e-02,1.704545454545454e-01,0.000000000000000e+00
3.551136363636364e-02,1.704545454545454e-01,2.493057513591481e-03
4.971590909090909e-02,1.704545454545454e-01,2.493057513591481e-03
6.392045454545454e-02,1.704545454545454e-01,2.493057513591481e-03
7.812500000000000e-02,1.704545454545454e-01,2.493057513591481e-03
9.232954545454546e-02,1.704545454545454e-01,2.493057513591481e-03
1.065340909090909e-01,1.704545454545454e-01,3.887807103229016e-03
1.207386363636364e-01,1.704545454545454e-01,3.887807103229016e-03
1.349431818181818e-01,1.704545454545454e-01,3.887807103229016e-03
1.491477272727273e-01,1.704545454545454e-01,3.887807103229016e-03
1.633522727272727e-01,1.704545454545454e-01,4.388865465032606e-03
1.775568181818182e-01,1.704545454545454e-01,4.388865465032606e-03
1.917613636363636e-01,1.704545454545454e-01,4.388865465032606e-03
2.059659090909091e-01,1.704545454545454e-01,4.388865465032606e-03
2.201704545454546e-01,1.704545454545454e-01,4.200652518373493e-03
2.343750000000000e-01,1.704545454545454e-01,4.200652518373493e-03
2.485795454545454e-01,1.704545454545454e-01,4.200652518373493e-03
2.627840909090909e-01,1.704545454545454e-01,4.200652518373493e-03
2.769886363636364e-01,1.704545454545454e-01,4.200652518373493e-03
2.911931818181818e-01,1.704545454545454e-01,3.527279700270051e-03
3.053977272727273e-01,1.704545454545454e-01,3.527279700270051e-03
3.196022727272727e-01,1.704545454545454e-01,3.527279700270051e-03
3.338068181818182e-01,1.704545454545454e-01,3.527279700270051e-03
3.480113636363636e-01,1.704545454545454e-01,2.572380967310413e-03
3.622159090909091e-01,1.704545454545454e-01,2.572380967310413e-03
3.764204545454545e-01,1.704545454545454e-01,2.572380967310413e-03
3.906250000000000e-01,1.704545454545454e-01,2.572380967310413e-03
4.048295454545455e-01,1.704545454545454e-01,2.572380967310413e-03
4.190340909090909e-01,1.704545454545454e-01,1.538852291060021e-03
4.332386363636364e-01,1.704545454545454e-01,1.538852291060021e-03
4.474431818181818e-01,1.704545454545454e-01,1.538852291060021e-03
4.616477272727273e-01,1.704545454545454e-01,1.538852291060021e-03
4.758522727272727e-01,1.704545454545454e-01,6.284631539809084e-04
4.900568181818182e-01,1.704545454545454e-01,6.284631539809084e-04
5.042613636363636e-01,1.704545454545454e-01,6.284631539809084e-04
5.184659090909091e-01,1.704545454545454e-01,6.284631539809084e-04
5.326704545454546e-01,1.704545454545454e-01,4.132986574875987e-05
5.468750000000000e-01,1.704545454545454e-01,4.132986574875987e-05
5.610795454545454e-01,1.704545454545454e-01,4.132986574875987e-05
5.752840909090909e-01,1.704545454545454e-01,4.132986574875987e-05
5.894886363636364e-01,1.704545454545454e-01,4.132986574875987e-05
6.036931818181818e-01,1.704545454545454e-01,-2.461201956455688e-05
6.178977272727273e-01,1.704545454545454e-01,-2.461201956455688e-05
7.102272727272727e-03,1.931818181818182e-01,0.000000000000000e+00
2.130681818181818e-02,1.931818181818182e-01,0.000000000000000e+00
3.551136363636364e-02,1.931818181818182e-01,2.493057513591481e-03
4.971590909090909e-02,1.931818181818182e-01,2.493057513591481e-03
6.392045454545454e-02,1.931818181818182e-01,2.493057513591481e-03
7.812500000000000e-02,1.931818181818182e-01,2.493057513591481e-03
9.232954545454546e-02,1.931818181818182e-01,2.493057513591481e-03
1.065340909090909e-01,1.931818181818182e-01,3.887807103229016e-03
1.207386363636364e-01,1.931818181818182e-01,3.887807103229016e-03
1.349431818181818e-01,1.931818181818182e-01,3.887807103229016e-03
1.491477272727273e-01,1.931818181818182e-01,3.887807103229016e-03
1.633522727272727e-01,1.931818181818182e-01,4.388865465032606e-03
1.775568181818182e-01,1.931818181818182e-01,4.388865465032606e-03
1.917613636363636e-01,1.931818181818182e-01,4.388865465032606e-03
2.059659090909091e-01,1.931818181818182e-01,4.388865465032606e-03
2.201704545454546e-01,1.931818181818182e-01,4.200652518373493e-03
2.343750000000000e-01,1.931818181818182e-01,4.200652518373493e-03
2.485795454545454e-01,1.931818181818182e-01,4.200652518373493e-03
2.627840909090909e-01,1.931818181818182e-01,4.200652518373493e-03
2.769886363636364e-01,1.931818181818182e-01,4.200652518373493e-03
2.911931818181818e-01,1.931818181818182e-01,3.527279700270051e-03
3.053977272727273e-01,1.931818181818182e-01,3.527279700270051e-03
3.196022727272727e-01,1.931818181818182e-01,3.527279700270051e-03
3.338068181818182e-01,1.931818181818182e-01,3.527279700270051e-03
3.480113636363636e-01,1.931818181818182e-01,2.572380967310413e-03
3.622159090909091e-01,1.931818181818182e-01,2.572380967310413e-03
3.764204545454545e-01,1.931818181818182e-01,2.572380967310413e-03
3.906250000000000e-01,1.931818181818182e-01,2.572380967310413e-03
4.048295454545455e-01,1.931818181818182e-01,2.572380967310413e-03
4.190340909090909e-01,1.931818181818182e-01,1.538852291060021e-03
4.332386363636364e-01,1.931818181818182e-01,1.538852291060021e-03
4.474431818181818e-01,1.931818181818182e-01,1.538852291060021e-03
4.616477272727273e-01,1.931818181818182e-01,1.538852291060021e-03
4.758522727272727e-01,1.931818181818182e-01,6.284631539809084e-04
4.900568181818182e-01,1.931818181818182e-01,6.284631539809084e-04
5.042613636363636e-01,1.931818181818182e-01,6.284631539809084e-04
5.184659090909091e-01,1.931818181818182e-01,6.284631539809084e-04
5.326704545454546e-01,1.931818181818182e-01,4.132986574875987e-05
5.468750000000000e-01,1.931818181818182e-01,4.132986574875987e-05
5.610795454545454e-01,1.931818181818182e-01,4.132986574875987e-05
5.752840909090909e-01,1.931818181818182e-01,4.132986574875987e-05
5.894886363636364e-01,1.931818181818182e-01,4.132986574875987e-05
6.036931818181818e-01,1.931818181818182e-01,-2.461201956455688e-05
6.178977272727273e-01,1.931818181818182e-01,-2.461201956455688e-05
7.102272727272727e-03,2.159090909090909e-01,0.000000000000000e+00
2.130681818181818e-02,2.159090909090909e-01,0.000000000000000e+00
3.551136363636364e-02,2.159090909090909e-01,2.493057513591481e-03
4.971590909090909e-02,2.159090909090909e-01,2.493057513591481e-03
6.392045454545454e-02,2.159090909090909e-01,2.493057513591481e-03
7.812500000000000e-02,2.159090909090909e-01,2.493057513591481e-03
9.232954545454546e-02,2.159090909090909e-01,2.493057513591481e-03
1.065340909090909e-01,2.159090909090909e-01,3.887807103229016e-03
1.207386363636364e-01,2.159090909090909e-01,3.887807103229016e-03
1.349431818181818e-01,2.159090909090909e-01,3.887807103229016e-03
1.491477272727273e-01,2.159090909090909e-01,3.887807103229016e-03
1.633522727272727e-01,2.159090909090909e-01,4.388865465032606e-03
1.775568181818182e-01,2.159090909090909e-01,4.388865465032606e-03
1.917613636363636e-01,2.159090909090909e-01,4.388865465032606e-03
2.059659090909091e-01,2.159090909090909e-01,4.388865465032606e-03
2.201704545454546e-01,2.159090909090909e-01,4.200652518373493e-03
2.343750000000000e-01,2.159090909090909e-01,4.200652518373493e-03
2.485795454545454e-01,2.159090909090909e-01,4.200652518373493e-03
2.627840909090909e-01,2.159090909090909e-01,4.200652518373493e-03
2.769886363636364e-01,2.159090909090909e-01,4.200652518373493e-03
2.911931818181818e-01,2.159090909090909e-01,3.527279700270051e-03
3.053977272727273e-01,2.159090909090909e-01,3.527279700270051e-03
3.196022727272727e-01,2.159090909090909e-01,3.527279700270051e-03
3.338068181818182e-01,2.159090909090909e-01,3.527279700270051e-03
3.480113636363636e-01,2.159090909090909e-01,2.572380967310413e-03
3.622159090909091e-01,2.159090909090909e-01,2.572380967310413e-03
3.764204545454545e-01,2.159090909090909e-01,2.572380967310413e-03
3.906250000000000e-01,2.159090909090909e-01,2.572380967310413e-03
4.048295454545455e-01,2.159090909090909e-01,2.572380967310413e-03
4.190340909090909e-01,2.159090909090909e-01,1.538852291060021e-03
4.332386363636364e-01,2.159090909090909e-01,1.538852291060021e-03
4.474431818181818e-01,2.159090909090909e-01,1.538852291060021e-03
4.616477272727273e-01,2.159090909090909e-01,1.538852291060021e-03
4.758522727272727e-01,2.159090909090909e-01,6.284631539809084e-04
4.900568181818182e-01,2.159090909090909e-01,6.284631539809084e-04
5.042613636363636e-01,2.159090909090909e-01,6.284631539809084e-04
5.184659090909091e-01,2.159090909090909e-01,6.284631539809084e-04
5.326704545454546e-01,2.159090909090909e-01,4.132986574875987e-05
5.468750000000000e-01,2.159090909090909e-01,4.132986574875987e-05
5.610795454545454e-01,2.159090909090909e-01,4.132986574875987e-05
5.752840909090909e-01,2.159090909090909e-01,4.132986574875987e-05
5.894886363636364e-01,2.159090909090909e-01,4.132986574875987e-05
6.036931818181818e-01,2.159090909090909e-01,-2.461201956455688e-05
6.178977272727273e-01,2.159090909090909e-01,-2.461201956455688e-05
7.102272727272727e-03,2.386363636363636e-01,0.000000000000000e+00
2.130681818181818e-02,2.386363636363636e-01,0.000000000000000e+00
3.551136363636364e-02,2.386363636363636e-01,3.487566963746354e-03
4.971590909090909e-02,2.386363636363636e-01,3.487566963746354e-03
6.392045454545454e-02,2.386363636363636e-01,3.487566963746354e-03
7.812500000000000e-02,2.386363636363636e-01,3.487566963746354e-03
9.232954545454546e-02,2.386363636363636e-01,3.487566963746354e-03
1.065340909090909e-01,2.386363636363636e-01,5.548943498652172e-03
1.207386363636364e-01,2.386363636363636e-01,5.548943498652172e-03
1.349431818181818e-01,2.386363636363636e-01,5.548943498652172e-03
1.491477272727273e-01,2.386363636363636e-01,5.548943498652172e-03
1.633522727272727e-01,2.386363636363636e-01,6.428992623502288e-03
1.775568181818182e-01,2.386363636363636e-01,6.428992623502288e-03
1.917613636363636e-01,2.386363636363636e-01,6.428992623502288e-03
2.059659090909091e-01,2.386363636363636e-01,6.428992623502288e-03
2.201704545454546e-01,2.386363636363636e-01,6.372407931071270e-03
2.343750000000000e-01,2.386363636363636e-01,6.372407931071270e-03
2.485795454545454e-01,2.386363636363636e-01,6.372407931071270e-03
2.627840909090909e-01,2.386363636363636e-01,6.372407931071270e-03
2.769886363636364e-01,2.386363636363636e-01,6.372407931071270e-03
2.911931818181818e-01,2.386363636363636e-01,5.623607847729187e-03
3.053977272727273e-01,2.386363636363636e-01,5.623607847729187e-03
3.196022727272727e-01,2.386363636363636e-01,5.623607847729187e-03
3.338068181818182e-01,2.386363636363636e-01,5.623607847729187e-03
3.480113636363636e-01,2.386363636363636e-01,4.426591638109481e-03
3.622159090909091e-01,2.386363636363636e-01,4.426591638109481e-03
3.764204545454545e-01,2.386363636363636e-01,4.426591638109481e-03
3.906250000000000e-01,2.386363636363636e-01,4.426591638109481e-03
4.048295454545455e-01,2.386363636363636e-01,4.426591638109481e-03
4.190340909090909e-01,2.386363636363636e-01,3.024744561434580e-03
4.332386363636364e-01,2.386363636363636e-01,3.024744561434580e-03
4.474431818181818e-01,2.386363636363636e-01,3.024744561434580e-03
4.616477272727273e-01,2.386363636363636e-01,3.024744561434580e-03
4.758522727272727e-01,2.386363636363636e-01,1.660594258841252e-03
4.900568181818182e-01,2.386363636363636e-01,1.660594258841252e-03
5.042613636363636e-01,2.386363636363636e-01,1.660594258841252e-03
5.184659090909091e-01,2.386363636363636e-01,1.660594258841252e-03
5.326704545454546e-01,2.386363636363636e-01,5.755607672959538e-04
5.468750000000000e-01,2.386363636363636e-01,5.755607672959538e-04
5.610795454545454e-01,2.386363636363636e-01,5.755607672959538e-04
5.752840909090909e-01,2.386363636363636e-01,5.755607672959538e-04
5.894886363636364e-01,2.386363636363636e-01,5.755607672959538e-04
6.036931818181818e-01,2.386363636363636e-01,9.835667726597531e-06
6.178977272727273e-01,2.386363636363636e-01,9.835667726597531e-06
7.102272727272727e-03,2.613636363636364e-01,0.000000000000000e+00
2.130681818181818e-02,2.613636363636364e-01,0.000000000000000e+00
3.551136363636364e-02,2.613636363636364e-01,3.487566963746354e-03
4.971590909090909e-02,2.613636363636364e-01,3.487566963746354e-03
6.392045454545454e-02,2.613636363636364e-01,3.487566963746354e-03
7.812500000000000e-02,2.613636363636364e-01,3.487566963746354e-03
9.232954545454546e-02,2.613636363636364e-01,3.487566963746354e-03
1.065340909090909e-01,2.613636363636364e-01,5.548943498652172e-03
1.207386363636364e-01,2.613636363636364e-01,5.548943498652172e-03
1.349431818181818e-01,2.613636363636364e-01,5.548943498652172e-03
1.491477272727273e-01,2.613636363636364e-01,5.548943498652172e-03
1.633522727272727e-01,2.613636363636364e-01,6.428992623502288e-03
1.775568181818182e-01,2.613636363636364e-01,6.428992623502288e-03
1.917613636363636e-01,2.613636363636364e-01,6.428992623502288e-03
2.059659090909091e-01,2.613636363636364e-01,6.428992623502288e-03
2.201704545454546e-01,2.613636363636364e-01,6.372407931071270e-03
2.343750000000000e-01,2.613636363636364e-01,6.372407931071270e-03
2.485795454545454e-01,2.613636363636364e-01,6.372407931071270e-03
2.627840909090909e-01,2.613636363636364e-01,6.372407931071270e-03
2.769886363636364e-01,2.613636363636364e-01,6.372407931071270e-03
2.911931818181818e-01,2.613636363636364e-01,5.623607847729187e-03
3.053977272727273e-01,2.613636363636364e-01,5.623607847729187e-03
3.196022727272727e-01,2.613636363636364e-01,5.623607847729187e-03
3.338068181818182e-01,2.613636363636364e-01,5.623607847729187e-03
3.480113636363636e-01,2.613636363636364e-01,4.426591638109481e-03
3.622159090909091e-01,2.613636363636364e-01,4.426591638109481e-03
3.764204545454545e-01,2.613636363636364e-01,4.426591638109481e-03
3.906250000000000e-01,2.613636363636364e-01,4.426591638109481e-03
4.048295454545455e-01,2.613636363636364e-01,4.426591638109481e-03
4.190340909090909e-01,2.613636363636364e-01,3.024744561434580e-03
4.332386363636364e-01,2.613636363636364e-01,3.024744561434580e-03
4.474431818181818e-01,2.613636363636364e-01,3.024744561434580e-03
4.616477272727273e-01,2.613636363636364e-01,3.024744561434580e-03
4.758522727272727e-01,2.613636363636364e-01,1.660594258841252e-03
4.900568181818182e-01,2.613636363636364e-01,1.660594258841252e-03
5.042613636363636e-01,2.613636363636364e-01,1.660594258841252e-03
5.184659090909091e-01,2.613636363636364e-01,1.660594258841252e-03
5.326704545454546e-01,2.613636363636364e-01,5.755607672959538e-04
5.468750000000000e-01,2.613636363636364e-01,5.755607672959538e-04
5.610795454545454e-01,2.613636363636364e-01,5.755607672959538e-04
5.752840909090909e-01,2.613636363636364e-01,5.755607672959538e-04
5.894886363636364e-01,2.613636363636364e-01,5.755607672959538e-04
6.036931818181818e-01,2.613636363636364e-01,9.835667726597531e-06
6.178977272727273e-01,2.613636363636364e-01,9.835667726597531e-06
7.102272727272727e-03,2.840909090909091e-01,0.000000000000000e+00
2.130681818181818e-02,2.840909090909091e-01,0.000000000000000e+00
3.551136363636364e-02,2.840909090909091e-01,4.476488853318930e-03
4.971590909090909e-02,2.840909090909091e-01,4.476488853318930e-03
6.392045454545454e-02,2.840909090909091e-01,4.476488853318930e-03
7.812500000000000e-02,2.840909090909091e-01,4.476488853318930e-03
9.232954545454546e-02,2.840909090909091e-01,4.476488853318930e-03
1.065340909090909e-01,2.840909090909091e-01,7.233646330801133e-03
1.207386363636364e-01,2.840909090909091e-01,7.233646330801133e-03
1.349431818181818e-01,2.840909090909091e-01,7.233646330801133e-03
1.491477272727273e-01,2.840909090909091e-01,7.233646330801133e-03
1.633522727272727e-01,2.840909090909091e-01,8.544078937263539e-03
1.775568181818182e-01,2.840909090909091e-01,8.544078937263539e-03
1.917613636363636e-01,2.840909090909091e-01,8.544078937263539e-03
2.059659090909091e-01,2.840909090909091e-01,8.544078937263539e-03
2.201704545454546e-01,2.840909090909091e-01,8.680271178301708e-03
2.343750000000000e-01,2.840909090909091e-01,8.680271178301708e-03
2.485795454545454e-01,2.840909090909091e-01,8.680271178301708e-03
2.627840909090909e-01,2.840909090909091e-01,8.680271178301708e-03
2.769886363636364e-01,2.840909090909091e-01,8.680271178301708e-03
2.911931818181818e-01,2.840909090909091e-01,7.914503963992986e-03
3.053977272727273e-01,2.840909090909091e-01,7.914503963992986e-03
3.196022727272727e-01,2.840909090909091e-01,7.914503963992986e-03
3.338068181818182e-01,2.840909090909091e-01,7.914503963992986e-03
3.480113636363636e-01,2.840909090909091e-01,6.518748209713925e-03
3.622159090909091e-01,2.840909090909091e-01,6.518748209713925e-03
3.764204545454545e-01,2.840909090909091e-01,6.518748209713925e-03
3.906250000000000e-01,2.840909090909091e-01,6.518748209713925e-03
4.048295454545455e-01,2.840909090909091e-01,6.518748209713925e-03
4.190340909090909e-01,2.840909090909091e-01,4.764533574042036e-03
4.332386363636364e-01,2.840909090909091e-01,4.764533574042036e-03
4.474431818181818e-01,2.840909090909091e-01,4.764533574042036e-03
4.616477272727273e-01,2.840909090909091e-01,4.764533574042036e-03
4.758522727272727e-01,2.840909090909091e-01,2.922807341896912e-03
4.900568181818182e-01,2.840909090909091e-01,2.922807341896912e-03
5.042613636363636e-01,2.840909090909091e-01,2.922807341896912e-03
5.184659090909091e-01,2.840909090909091e-01,2.922807341896912e-03
5.326704545454546e-01,2.840909090909091e-01,1.263825628427445e-03
5.468750000000000e-01,2.840909090909091e-01,1.263825628427445e-03
5.610795454545454e-01,2.840909090909091e-01,1.263825628427445e-03
5.752840909090909e-01,2.840909090909091e-01,1.263825628427445e-03
5.894886363636364e-01,2.840909090909091e-01,1.263825628427445e-03
6.036931818181818e-01,2.840909090909091e-01,5.715843393672539e-05
6.178977272727273e-01,2.840909090909091e-01,5.715843393672539e-05
7.102272727272727e-03,3.068181818181818e-01,0.000000000000000e+00
2.130681818181818e-02,3.068181818181818e-01,0.000000000000000e+00
3.551136363636364e-02,3.068181818181818e-01,4.476488853318930e-03
4.971590909090909e-02,3.068181818181818e-01,4.476488853318930e-03
6.392045454545454e-02,3.068181818181818e-01,4.476488853318930e-03
7.812500000000000e-02,3.068181818181818e-01,4.476488853318930e-03
9.232954545454546e-02,3.068181818181818e-01,4.476488853318930e-03
1.065340909090909e-01,3.068181818181818e-01,7.233646330801133e-03
1.207386363636364e-01,3.068181818181818e-01,7.233646330801133e-03
1.349431818181818e-01,3.068181818181818e-01,7.233646330801133e-03
1.491477272727273e-01,3.068181818181818e-01,7.233646330801133e-03
1.633522727272727e-01,3.068181818181818e-01,8.544078937263539e-03
1.775568181818182e-01,3.068181818181818e-01,8.544078937263539e-03
1.917613636363636e-01,3.068181818181818e-01,8.544078937263539e-03
2.059659090909091e-01,3.068181818181818e-01,8.544078937263539e-03
2.201704545454546e-01,3.068181818181818e-01,8.680271178301708e-03
2.343750000000000e-01,3.068181818181818e-01,8.680271178301708e-03
2.485795454545454e-01,3.068181818181818e-01,8.680271178301708e-03
2.627840909090909e-01,3.068181818181818e-01,8.680271178301708e-03
2.769886363636364e-01,3.068181818181818e-01,8.680271178301708e-03
2.911931818181818e-01,3.068181818181818e-01,7.914503963992986e-03
3.053977272727273e-01,3.068181818181818e-01,7.914503963992986e-03
3.196022727272727e-01,3.068181818181818e-01,7.914503963992986e-03
3.338068181818182e-01,3.068181818181818e-01,7.914503963992986e-03
3.480113636363636e-01,3.068181818181818e-01,6.518748209713925e-03
3.622159090909091e-01,3.068181818181818e-01,6.518748209713925e-03
3.764204545454545e-01,3.068181818181818e-01,6.518748209713925e-03
3.906250000000000e-01,3.068181818181818e-01,6.518748209713925e-03
4.048295454545455e-01,3.068181818181818e-01,6.518748209713925e-03
4.190340909090909e-01,3.068181818181818e-01,4.764533574042036e-03
4.332386363636364e-01,3.068181818181818e-01,4.764533574042036e-03
4.474431818181818e-01,3.068181818181818e-01,4.764533574042036e-03
4.616477272727273e-01,3.068181818181818e-01,4.764533574042036e-03
4.758522727272727e-01,3.068181818181818e-01,2.922807341896912e-03
4.900568181818182e-01,3.068181818181818e-01,2.922807341896912e-03
5.042613636363636e-01,3.068181818181818e-01,2.922807341896912e-03
5.184659090909091e-01,3.068181818181818e-01,2.922807341896912e-03
5.326704545454546e-01,3.068181818181818e-01,1.263825628427445e-03
5.468750000000000e-01,3.068181818181818e-01,1.263825628427445e-03
5.610795454545454e-01,3.068181818181818e-01,1.263825628427445e-03
5.752840909090909e-01,3.068181818181818e-01,1.263825628427445e-03
5.894886363636364e-01,3.068181818181818e-01,1.263825628427445e-03
6.036931818181818e-01,3.068181818181818e-01,5.715843393672539e-05
6.178977272727273e-01,3.068181818181818e-01,5.715843393672539e-05
7.102272727272727e-03,3.295454545454545e-01,0.000000000000000e+00
2.130681818181818e-02,3.295454545454545e-01,0.000000000000000e+00
3.551136363636364e-02,3.295454545454545e-01,4.476488853318930e-03
4.971590909090909e-02,3.295454545454545e-01,4.476488853318930e-03
6.392045454545454e-02,3.295454545454545e-01,4.476488853318930e-03
7.812500000000000e-02,3.295454545454545e-01,4.476488853318930e-03
9.232954545454546e-02,3.295454545454545e-01,4.476488853318930e-03
1.065340909090909e-01,3.295454545454545e-01,7.233646330801133e-03
1.207386363636364e-01,3.295454545454545e-01,7.233646330801133e-03
1.349431818181818e-01,3.295454545454545e-01,7.233646330801133e-03
1.491477272727273e-01,3.295454545454545e-01,7.233646330801133e-03
1.633522727272727e-01,3.295454545454545e-01,8.544078937263539e-03
1.775568181818182e-01,3.295454545454545e-01,8.544078937263539e-03
1.917613636363636e-01,3.295454545454545e-01,8.544078937263539e-03
2.059659090909091e-01,3.295454545454545e-01,8.544078937263539e-03
2.201704545454546e-01,3.295454545454545e-01,8.680271178301708e-03
2.343750000000000e-01,3.295454545454545e-01,8.680271178301708e-03
2.485795454545454e-01,3.295454545454545e-01,8.680271178301708e-03
2.627840909090909e-01,3.295454545454545e-01,8.680271178301708e-03
2.769886363636364e-01,3.295454545454545e-01,8.680271178301708e-03
2.911931818181818e-01,3.295454545454545e-01,7.914503963992986e-03
3.053977272727273e-01,3.295454545454545e-01,7.914503963992986e-03
3.196022727272727e-01,3.295454545454545e-01,7.914503963992986e-03
3.338068181818182e-01,3.295454545454545e-01,7.914503963992986e-03
3.480113636363636e-01,3.295454545454545e-01,6.518748209713925e-03
3.622159090909091e-01,3.295454545454545e-01,6.518748209713925e-03
3.764204545454545e-01,3.295454545454545e-01,6.518748209713925e-03
3.906250000000000e-01,3.295454545454545e-01,6.518748209713925e-03
4.048295454545455e-01,3.295454545454545e-01,6.518748209713925e-03
4.190340909090909e-01,3.295454545454545e-01,4.764533574042036e-03
4.332386363636364e-01,3.295454545454545e-01,4.764533574042036e-03
4.474431818181818e-01,3.295454545454545e-01,4.764533574042036e-03
4.616477272727273e-01,3.295454545454545e-01,4.764533574042036e-03
4.758522727272727e-01,3.295454545454545e-01,2.922807341896912e-03
4.900568181818182e-01,3.295454545454545e-01,2.922807341896912e-03
5.042613636363636e-01,3.295454545454545e-01,2.922807341896912e-03
5.184659090909091e-01,3.295454545454545e-01,2.922807341896912e-03
5.326704545454546e-01,3.295454545454545e-01,1.263825628427445e-03
5.468750000000000e-01,3.295454545454545e-01,1.263825628427445e-03
5.610795454545454e-01,3.295454545454545e-01,1.263825628427445e-03
5.752840909090909e-01,3.295454545454545e-01,1.263825628427445e-03
5.894886363636364e-01,3.295454545454545e-01,1.263825628427445e-03
6.036931818181818e-01,3.295454545454545e-01,5.715843393672539e-05
6.178977272727273e-01,3.295454545454545e-01,5.715843393672539e-05
7.102272727272727e-03,3.522727272727273e-01,0.000000000000000e+00
2.130681818181818e-02,3.522727272727273e-01,0.000000000000000e+00
3.551136363636364e-02,3.522727272727273e-01,5.407281349357484e-03
4.971590909090909e-02,3.522727272727273e-01,5.407281349357484e-03
6.392045454545454e-02,3.522727272727273e-01,5.407281349357484e-03
7.812500000000000e-02,3.522727272727273e-01,5.407281349357484e-03
9.232954545454546e-02,3.522727272727273e-01,5.407281349357484e-03
1.065340909090909e-01,3.522727272727273e-01,8.846227009970647e-03
1.207386363636364e-01,3.522727272727273e-01,8.846227009970647e-03
1.349431818181818e-01,3.522727272727273e-01,8.846227009970647e-03
1.491477272727273e-01,3.522727272727273e-01,8.846227009970647e-03
1.633522727272727e-01,3.522727272727273e-01,1.060552128852522e-02
1.775568181818182e-01,3.522727272727273e-01,1.060552128852522e-02
1.917613636363636e-01,3.522727272727273e-01,1.060552128852522e-02
2.059659090909091e-01,3.522727272727273e-01,1.060552128852522e-02
2.201704545454546e-01,3.522727272727273e-01,1.097379100564281e-02
2.343750000000000e-01,3.522727272727273e-01,1.097379100564281e-02
2.485795454545454e-01,3.522727272727273e-01,1.097379100564281e-02
2.627840909090909e-01,3.522727272727273e-01,1.097379100564281e-02
2.769886363636364e-01,3.522727272727273e-01,1.097379100564281e-02
2.911931818181818e-01,3.522727272727273e-01,1.023955576019882e-02
3.053977272727273e-01,3.522727272727273e-01,1.023955576019882e-02
3.196022727272727e-01,3.522727272727273e-01,1.023955576019882e-02
3.338068181818182e-01,3.522727272727273e-01,1.023955576019882e-02
3.480113636363636e-01,3.522727272727273e-01,8.691159186319367e-03
3.622159090909091e-01,3.522727272727273e-01,8.691159186319367e-03
3.764204545454545e-01,3.522727272727273e-01,8.691159186319367e-03
3.906250000000000e-01,3.522727272727273e-01,8.691159186319367e-03
4.048295454545455e-01,3.522727272727273e-01,8.691159186319367e-03
4.190340909090909e-01,3.522727272727273e-01,6.616686264704123e-03
4.332386363636364e-01,3.522727272727273e-01,6.616686264704123e-03
4.474431818181818e-01,3.522727272727273e-01,6.616686264704123e-03
4.616477272727273e-01,3.522727272727273e-01,6.616686264704123e-03
4.758522727272727e-01,3.522727272727273e-01,4.303882526076491e-03
4.900568181818182e-01,3.522727272727273e-01,4.303882526076491e-03
5.042613636363636e-01,3.522727272727273e-01,4.303882526076491e-03
5.184659090909091e-01,3.522727272727273e-01,4.303882526076491e-03
5.326704545454546e-01,3.522727272727273e-01,2.040104914751107e-03
5.468750000000000e-01,3.522727272727273e-01,2.040104914751107e-03
5.610795454545454e-01,3.522727272727273e-01,2.040104914751107e-03
5.752840909090909e-01,3.522727272727273e-01,2.040104914751107e-03
5.894886363636364e-01,3.522727272727273e-01,2.040104914751107e-03
6.036931818181818e-01,3.522727272727273e-01,1.123465198395547e-04
6.178977272727273e-01,3.522727272727273e-01,1.123465198395547e-04
7.102272727272727e-03,3.750000000000000e-01,0.000000000000000e+00
2.130681818181818e-02,3.750000000000000e-01,0.000000000000000e+00
3.551136363636364e-02,3.750000000000000e-01,5.407281349357484e-03
4.971590909090909e-02,3.750000000000000e-01,5.407281349357484e-03
6.392045454545454e-02,3.750000000000000e-01,5.407281349357484e-03
7.812500000000000e-02,3.750000000000000e-01,5.407281349357484e-03
9.232954545454546e-02,3.750000000000000e-01,5.407281349357484e-03
1.065340909090909e-01,3.750000000000000e-01,8.846227009970647e-03
1.207386363636364e-01,3.750000000000000e-01,8.846227009970647e-03
1.349431818181818e-01,3.750000000000000e-01,8.846227009970647e-03
1.491477272727273e-01,3.750000000000000e-01,8.846227009970647e-03
1.633522727272727e-01,3.750000000000000e-01,1.060552128852522e-02
1.775568181818182e-01,3.750000000000000e-01,1.060552128852522e-02
1.917613636363636e-01,3.750000000000000e-01,1.060552128852522e-02
2.059659090909091e-01,3.750000000000000e-01,1.060552128852522e-02
2.201704545454546e-01,3.750000000000000e-01,1.097379100564281e-02
2.343750000000000e-01,3.750000000000000e-01,1.097379100564281e-02
2.485795454545454e-01,3.750000000000000e-01,1.097379100564281e-02
2.627840909090909e-01,3.750000000000000e-01,1.097379100564281e-02
2.769886363636364e-01,3.750000000000000e-01,1.097379100564281e-02
2.911931818181818e-01,3.750000000000000e-01,1.023955576019882e-02
3.053977272727273e-01,3.750000000000000e-01,1.023955576019882e-02
3.196022727272727e-01,3.750000000000000e-01,1.023955576019882e-02
3.338068181818182e-01,3.750000000000000e-01,1.023955576019882e-02
3.480113636363636e-01,3.750000000000000e-01,8.691159186319367e-03
3.622159090909091e-01,3.750000000000000e-01,8.691159186319367e-03
3.764204545454545e-01,3.750000000000000e-01,8.691159186319367e-03
3.906250000000000e-01,3.750000000000000e-01,8.691159186319367e-03
4.048295454545455e-01,3.750000000000000e-01,8.691159186319367e-03
4.190340909090909e-01,3.750000000000000e-01,6.616686264704123e-03
4.332386363636364e-01,3.750000000000000e-01,6.616686264704123e-03
4.474431818181818e-01,3.750000000000000e-01,6.616686264704123e-03
4.616477272727273e-01,3.750000000000000e-01,6.616686264704123e-03
4.758522727272727e-01,3.750000000000000e-01,4.303882526076491e-03
4.900568181818182e-01,3.750000000000000e-01,4.303882526076491e-03
5.042613636363636e-01,3.750000000000000e-01,4.303882526076491e-03
5.184659090909091e-01,3.750000000000000e-01,4.303882526076491e-03
5.326704545454546e-01,3.750000000000000e-01,2.040104914751107e-03
5.468750000000000e-01,3.750000000000000e-01,2.040104914751107e-03
5.610795454545454e-01,3.750000000000000e-01,2.040104914751107e-03
5.752840909090909e-01,3.750000000000000e-01,2.040104914751107e-03
5.894886363636364e-01,3.750000000000000e-01,2.040104914751107e-03
6.036931818181818e-01,3.750000000000000e-01,1.123465198395547e-04
6.178977272727273e-01,3.750000000000000e-01,1.123465198395547e-04
7.102272727272727e-03,3.977272727272727e-01,0.000000000000000e+00
2.130681818181818e-02,3.977272727272727e-01,0.000000000000000e+00
3.551136363636364e-02,3.977272727272727e-01,5.407281349357484e-03
4.971590909090909e-02,3.977272727272727e-01,5.407281349357484e-03
6.392045454545454e-02,3.977272727272727e-01,5.407281349357484e-03
7.812500000000000e-02,3.977272727272727e-01,5.407281349357484e-03
9.232954545454546e-02,3.977272727272727e-01,5.407281349357484e-03
1.065340909090909e-01,3.977272727272727e-01,8.846227009970647e-03
1.207386363636364e-01,3.977272727272727e-01,8.846227009970647e-03
1.349431818181818e-01,3.977272727272727e-01,8.846227009970647e-03
1.491477272727273e-01,3.977272727272727e-01,8.846227009970647e-03
1.633522727272727e-01,3.977272727272727e-01,1.060552128852522e-02
1.775568181818182e-01,3.977272727272727e-01,1.060552128852522e-02
1.917613636363636e-01,3.977272727272727e-01,1.060552128852522e-02
2.059659090909091e-01,3.977272727272727e-01,1.060552128852522e-02
2.201704545454546e-01,3.977272727272727e-01,1.097379100564281e-02
2.343750000000000e-01,3.977272727272727e-01,1.097379100564281e-02
2.485795454545454e-01,3.977272727272727e-01,1.097379100564281e-02
2.627840909090909e-01,3.977272727272727e-01,1.097379100564281e-02
2.769886363636364e-01,3.977272727272727e-01,1.097379100564281e-02
2.911931818181818e-01,3.977272727272727e-01,1.023955576019882e-02
3.053977272727273e-01,3.977272727272727e-01,1.023955576019882e-02
3.196022727272727e-01,3.977272727272727e-01,1.023955576019882e-02
3.338068181818182e-01,3.977272727272727e-01,1.023955576019882e-02
3.480113636363636e-01,3.977272727272727e-01,8.691159186319367e-03
3.622159090909091e-01,3.977272727272727e-01,8.691159186319367e-03
3.764204545454545e-01,3.977272727272727e-01,8.691159186319367e-03
3.906250000000000e-01,3.977272727272727e-01,8.691159186319367e-03
4.048295454545455e-01,3.977272727272727e-01,8.691159186319367e-03
4.190340909090909e-01,3.977272727272727e-01,6.616686264704123e-03
4.332386363636364e-01,3.977272727272727e-01,6.616686264704123e-03
4.474431818181818e-01,3.977272727272727e-01,6.616686264704123e-03
4.616477272727273e-01,3.977272727272727e-01,6.616686264704123e-03
4.758522727272727e-01,3.977272727272727e-01,4.303882526076491e-03
4.900568181818182e-01,3.977272727272727e-01,4.303882526076491e-03
5.042613636363636e-01,3.977272727272727e-01,4.303882526076491e-03
5.184659090909091e-01,3.977272727272727e-01,4.303882526076491e-03
5.326704545454546e-01,3.977272727272727e-01,2.040104914751107e-03
5.468750000000000e-01,3.977272727272727e-01,2.040104914751107e-03
5.610795454545454e-01,3.977272727272727e-01,2.040104914751107e-03
5.752840909090909e-01,3.977272727272727e-01,2.040104914751107e-03
5.894886363636364e-01,3.977272727272727e-01,2.040104914751107e-03
6.036931818181818e-01,3.977272727272727e-01,1.123465198395547e-04
6.178977272727273e-01,3.977272727272727e-01,1.123465198395547e-04
7.102272727272727e-03,4.204545454545455e-01,0.000000000000000e+00
2.130681818181818e-02,4.204545454545455e-01,0.000000000000000e+00
3.551136363636364e-02,4.204545454545455e-01,6.227345129617425e-03
4.971590909090909e-02,4.204545454545455e-01,6.227345129617425e-03
6.392045454545454e-02,4.204545454545455e-01,6.227345129617425e-03
7.812500000000000e-02,4.204545454545455e-01,6.227345129617425e-03
9.232954545454546e-02,4.204545454545455e-01,6.227345129617425e-03
1.065340909090909e-01,4.204545454545455e-01,1.029087494723409e-02
1.207386363636364e-01,4.204545454545455e-01,1.029087494723409e-02
1.349431818181818e-01,4.204545454545455e-01,1.029087494723409e-02
1.491477272727273e-01,4.204545454545455e-01,1.029087494723409e-02
1.633522727272727e-01,4.204545454545455e-01,1.248451296397798e-02
1.775568181818182e-01,4.204545454545455e-01,1.248451296397798e-02
1.917613636363636e-01,4.204545454545455e-01,1.248451296397798e-02
2.059659090909091e-01,4.204545454545455e-01,1.248451296397798e-02
2.201704545454546e-01,4.204545454545455e-01,1.310220616397178e-02
2.343750000000000e-01,4.204545454545455e-01,1.310220616397178e-02
2.485795454545454e-01,4.204545454545455e-01,1.310220616397178e-02
2.627840909090909e-01,4.204545454545455e-01,1.310220616397178e-02
2.769886363636364e-01,4.204545454545455e-01,1.310220616397178e-02
2.911931818181818e-01,4.204545454545455e-01,1.243790969068503e-02
3.053977272727273e-01,4.204545454545455e-01,1.243790969068503e-02
3.196022727272727e-01,4.204545454545455e-01,1.243790969068503e-02
3.338068181818182e-01,4.204545454545455e-01,1.243790969068503e-02
3.480113636363636e-01,4.204545454545455e-01,1.078555069846352e-02
3.622159090909091e-01,4.204545454545455e-01,1.078555069846352e-02
3.764204545454545e-01,4.204545454545455e-01,1.078555069846352e-02
3.906250000000000e-01,4.204545454545455e-01,1.078555069846352e-02
4.048295454545455e-01,4.204545454545455e-01,1.078555069846352e-02
4.190340909090909e-01,4.204545454545455e-01,8.438978399471881e-03
4.332386363636364e-01,4.204545454545455e-01,8.438978399471881e-03
4.474431818181818e-01,4.204545454545455e-01,8.438978399471881e-03
4.616477272727273e-01,4.204545454545455e-01,8.438978399471881e-03
4.758522727272727e-01,4.204545454545455e-01,5.691913819462791e-03
4.900568181818182e-01,4.204545454545455e-01,5.691913819462791e-03
5.042613636363636e-01,4.204545454545455e-01,5.691913819462791e-03
5.184659090909091e-01,4.204545454545455e-01,5.691913819462791e-03
5.326704545454546e-01,4.204545454545455e-01,2.837918113503890e-03
5.468750000000000e-01,4.204545454545455e-01,2.837918113503890e-03
5.610795454545454e-01,4.204545454545455e-01,2.837918113503890e-03
5.752840909090909e-01,4.204545454545455e-01,2.837918113503890e-03
5.894886363636364e-01,4.204545454545455e-01,2.837918113503890e-03
6.036931818181818e-01,4.204545454545455e-01,1.703999174388719e-04
6.178977272727273e-01,4.204545454545455e-01,1.703999174388719e-04
7.102272727272727e-03,4.431818181818182e-01,0.000000000000000e+00
2.130681818181818e-02,4.431818181818182e-01,0.000000000000000e+00
3.551136363636364e-02,4.431818181818182e-01,6.227345129617425e-03
4.971590909090909e-02,4.431818181818182e-01,6.227345129617425e-03
6.392045454545454e-02,4.431818181818182e-01,6.227345129617425e-03
7.812500000000000e-02,4.431818181818182e-01,6.227345129617425e-03
9.232954545454546e-02,4.431818181818182e-01,6.227345129617425e-03
1.065340909090909e-01,4.431818181818182e-01,1.029087494723409e-02
1.207386363636364e-01,4.431818181818182e-01,1.029087494723409e-02
1.349431818181818e-01,4.431818181818182e-01,1.029087494723409e-02
1.491477272727273e-01,4.431818181818182e-01,1.029087494723409e-02
1.633522727272727e-01,4.431818181818182e-01,1.248451296397798e-02
1.775568181818182e-01,4.431818181818182e-01,1.248451296397798e-02
1.917613636363636e-01,4.431818181818182e-01,1.248451296397798e-02
2.059659090909091e-01,4.431818181818182e-01,1.248451296397798e-02
2.201704545454546e-01,4.431818181818182e-01,1.310220616397178e-02
2.343750000000000e-01,4.431818181818182e-01,1.310220616397178e-02
2.485795454545454e-01,4.431818181818182e-01,1.310220616397178e-02
2.627840909090909e-01,4.431818181818182e-01,1.310220616397178e-02
2.769886363636364e-01,4.431818181818182e-01,1.310220616397178e-02
2.911931818181818e-01,4.431818181818182e-01,1.243790969068503e-02
3.053977272727273e-01,4.431818181818182e-01,1.243790969068503e-02
3.196022727272727e-01,4.431818181818182e-01,1.243790969068503e-02
3.338068181818182e-01,4.431818181818182e-01,1.243790969068503e-02
3.480113636363636e-01,4.431818181818182e-01,1.078555069846352e-02
3.622159090909091e-01,4.431818181818182e-01,1.078555069846352e-02
3.764204545454545e-01,4.431818181818182e-01,1.078555069846352e-02
3.906250000000000e-01,4.431818181818182e-01,1.078555069846352e-02
4.048295454545455e-01,4.431818181818182e-01,1.078555069846352e-02
4.190340909090909e-01,4.431818181818182e-01,8.438978399471881e-03
4.332386363636364e-01,4.431818181818182e-01,8.438978399471881e-03
4.474431818181818e-01,4.431818181818182e-01,8.438978399471881e-03
4.616477272727273e-01,4.431818181818182e-01,8.438978399471881e-03
4.758522727272727e-01,4.431818181818182e-01,5.691913819462791e-03
4.900568181818182e-01,4.431818181818182e-01,5.691913819462791e-03
5.042613636363636e-01,4.431818181818182e-01,5.691913819462791e-03
5.184659090909091e-01,4.431818181818182e-01,5.691913819462791e-03
5.326704545454546e-01,4.431818181818182e-01,2.837918113503890e-03
5.468750000000000e-01,4.431818181818182e-01,2.837918113503890e-03
5.610795454545454e-01,4.431818181818182e-01,2.837918113503890e-03
5.752840909090909e-01,4.431818181818182e-01,2.837918113503890e-03
5.894886363636364e-01,4.431818181818182e-01,2.837918113503890e-03
6.036931818181818e-01,4.431818181818182e-01,1.703999174388719e-04
6.178977272727273e-01,4.431818181818182e-01,1.703999174388719e-04
7.102272727272727e-03,4.659090909090909e-01,0.000000000000000e+00
2.130681818181818e-02,4.659090909090909e-01,0.000000000000000e+00
3.551136363636364e-02,4.659090909090909e-01,6.227345129617425e-03
4.971590909090909e-02,4.659090909090909e-01,6.227345129617425e-03
6.392045454545454e-02,4.659090909090909e-01,6.227345129617425e-03
7.812500000000000e-02,4.659090909090909e-01,6.227345129617425e-03
9.232954545454546e-02,4.659090909090909e-01,6.227345129617425e-03
1.065340909090909e-01,4.659090909090909e-01,1.029087494723409e-02
1.207386363636364e-01,4.659090909090909e-01,1.029087494723409e-02
1.349431818181818e-01,4.659090909090909e-01,1.029087494723409e-02
1.491477272727273e-01,4.659090909090909e-01,1.029087494723409e-02
1.633522727272727e-01,4.659090909090909e-01,1.248451296397798e-02
1.775568181818182e-01,4.659090909090909e-01,1.248451296397798e-02
1.917613636363636e-01,4.659090909090909e-01,1.248451296397798e-02
2.059659090909091e-01,4.659090909090909e-01,1.248451296397798e-02
2.201704545454546e-01,4.659090909090909e-01,1.310220616397178e-02
2.343750000000000e-01,4.659090909090909e-01,1.310220616397178e-02
2.485795454545454e-01,4.659090909090909e-01,1.310220616397178e-02
2.627840909090909e-01,4.659090909090909e-01,1.310220616397178e-02
2.769886363636364e-01,4.659090909090909e-01,1.310220616397178e-02
2.911931818181818e-01,4.659090909090909e-01,1.243790969068503e-02
3.053977272727273e-01,4.659090909090909e-01,1.243790969068503e-02
3.196022727272727e-01,4.659090909090909e-01,1.243790969068503e-02
3.338068181818182e-01,4.659090909090909e-01,1.243790969068503e-02
3.480113636363636e-01,4.659090909090909e-01,1.078555069846352e-02
3.622159090909091e-01,4.659090909090909e-01,1.078555069846352e-02
3.764204545454545e-01,4.659090909090909e-01,1.078555069846352e-02
3.906250000000000e-01,4.659090909090909e-01,1.078555069846352e-02
4.048295454545455e-01,4.659090909090909e-01,1.078555069846352e-02
4.190340909090909e-01,4.659090909090909e-01,8.438978399471881e-03
4.332386363636364e-01,4.659090909090909e-01,8.438978399471881e-03
4.474431818181818e-01,4.659090909090909e-01,8.438978399471881e-03
4.616477272727273e-01,4.659090909090909e-01,8.438978399471881e-03
4.758522727272727e-01,4.659090909090909e-01,5.691913819462791e-03
4.900568181818182e-01,4.659090909090909e-01,5.691913819462791e-03
5.042613636363636e-01,4.659090909090909e-01,5.691913819462791e-03
5.184659090909091e-01,4.659090909090909e-01,5.691913819462791e-03
5.326704545454546e-01,4.659090909090909e-01,2.837918113503890e-03
5.468750000000000e-01,4.659090909090909e-01,2.837918113503890e-03
5.610795454545454e-01,4.659090909090909e-01,2.837918113503890e-03
5.752840909090909e-01,4.659090909090909e-01,2.837918113503890e-03
5.894886363636364e-01,4.659090909090909e-01,2.837918113503890e-03
6.036931818181818e-01,4.659090909090909e-01,1.703999174388719e-04
6.178977272727273e-01,4.659090909090909e-01,1.703999174388719e-04
7.102272727272727e-03,4.886363636363636e-01,0.000000000000000e+00
2.130681818181818e-02,4.886363636363636e-01,0.000000000000000e+00
3.551136363636364e-02,4.886363636363636e-01,6.884056675570526e-03
4.971590909090909e-02,4.886363636363636e-01,6.884056675570526e-03
6.392045454545454e-02,4.886363636363636e-01,6.884056675570526e-03
7.812500000000000e-02,4.886363636363636e-01,6.884056675570526e-03
9.232954545454546e-02,4.886363636363636e-01,6.884056675570526e-03
1.065340909090909e-01,4.886363636363636e-01,1.147172206760071e-02
1.207386363636364e-01,4.886363636363636e-01,1.147172206760071e-02
1.349431818181818e-01,4.886363636363636e-01,1.147172206760071e-02
1.491477272727273e-01,4.886363636363636e-01,1.147172206760071e-02
1.633522727272727e-01,4.886363636363636e-01,1.405214002856628e-02
1.775568181818182e-01,4.886363636363636e-01,1.405214002856628e-02
1.917613636363636e-01,4.886363636363636e-01,1.405214002856628e-02
2.059659090909091e-01,4.886363636363636e-01,1.405214002856628e-02
2.201704545454546e-01,4.886363636363636e-01,1.491457943941651e-02
2.343750000000000e-01,4.886363636363636e-01,1.491457943941651e-02
2.485795454545454e-01,4.886363636363636e-01,1.491457943941651e-02
2.627840909090909e-01,4.886363636363636e-01,1.491457943941651e-02
2.769886363636364e-01,4.886363636363636e-01,1.491457943941651e-02
2.911931818181818e-01,4.886363636363636e-01,1.434845355636352e-02
3.053977272727273e-01,4.886363636363636e-01,1.434845355636352e-02
3.196022727272727e-01,4.886363636363636e-01,1.434845355636352e-02
3.338068181818182e-01,4.886363636363636e-01,1.434845355636352e-02
3.480113636363636e-01,4.886363636363636e-01,1.264330942670780e-02
3.622159090909091e-01,4.886363636363636e-01,1.264330942670780e-02
3.764204545454545e-01,4.886363636363636e-01,1.264330942670780e-02
3.906250000000000e-01,4.886363636363636e-01,1.264330942670780e-02
4.048295454545455e-01,4.886363636363636e-01,1.264330942670780e-02
4.190340909090909e-01,4.886363636363636e-01,1.008879715798759e-02
4.332386363636364e-01,4.886363636363636e-01,1.008879715798759e-02
4.474431818181818e-01,4.886363636363636e-01,1.008879715798759e-02
4.616477272727273e-01,4.886363636363636e-01,1.008879715798759e-02
4.758522727272727e-01,4.886363636363636e-01,6.974631374935557e-03
4.900568181818182e-01,4.886363636363636e-01,6.974631374935557e-03
5.042613636363636e-01,4.886363636363636e-01,6.974631374935557e-03
5.184659090909091e-01,4.886363636363636e-01,6.974631374935557e-03
5.326704545454546e-01,4.886363636363636e-01,3.590556511589047e-03
5.468750000000000e-01,4.886363636363636e-01,3.590556511589047e-03
5.610795454545454e-01,4.886363636363636e-01,3.590556511589047e-03
5.752840909090909e-01,4.886363636363636e-01,3.590556511589047e-03
5.894886363636364e-01,4.886363636363636e-01,3.590556511589047e-03
6.036931818181818e-01,4.886363636363636e-01,2.263245309907808e-04
6.178977272727273e-01,4.886363636363636e-01,2.263245309907808e-04
7.102272727272727e-03,5.113636363636364e-01,0.000000000000000e+00
2.130681818181818e-02,5.113636363636364e-01,0.000000000000000e+00
3.551136363636364e-02,5.113636363636364e-01,6.884056675570526e-03
4.971590909090909e-02,5.113636363636364e-01,6.884056675570526e-03
6.392045454545454e-02,5.113636363636364e-01,6.884056675570526e-03
7.812500000000000e-02,5.113636363636364e-01,6.884056675570526e-03
9.232954545454546e-02,5.113636363636364e-01,6.884056675570526e-03
1.065340909090909e-01,5.113636363636364e-01,1.147172206760071e-02
1.207386363636364e-01,5.113636363636364e-01,1.147172206760071e-02
1.349431818181818e-01,5.113636363636364e-01,1.147172206760071e-02
1.491477272727273e-01,5.113636363636364e-01,1.147172206760071e-02
1.633522727272727e-01,5.113636363636364e-01,1.405214002856628e-02
1.775568181818182e-01,5.113636363636364e-01,1.405214002856628e-02
1.917613636363636e-01,5.113636363636364e-01,1.405214002856628e-02
2.059659090909091e-01,5.113636363636364e-01,1.405214002856628e-02
2.201704545454546e-01,5.113636363636364e-01,1.491457943941651e-02
2.343750000000000e-01,5.113636363636364e-01,1.491457943941651e-02
2.485795454545454e-01,5.113636363636364e-01,1.491457943941651e-02
2.627840909090909e-01,5.113636363636364e-01,1.491457943941651e-02
2.769886363636364e-01,5.113636363636364e-01,1.491457943941651e-02
2.911931818181818e-01,5.113636363636364e-01,1.434845355636352e-02
3.053977272727273e-01,5.113636363636364e-01,1.434845355636352e-02
3.196022727272727e-01,5.113636363636364e-01,1.434845355636352e-02
3.338068181818182e-01,5.113636363636364e-01,1.434845355636352e-02
3.480113636363636e-01,5.113636363636364e-01,1.264330942670780e-02
3.622159090909091e-01,5.113636363636364e-01,1.264330942670780e-02
3.764204545454545e-01,5.113636363636364e-01,1.264330942670780e-02
3.906250000000000e-01,5.113636363636364e-01,1.264330942670780e-02
4.048295454545455e-01,5.113636363636364e-01,1.264330942670780e-02
4.190340909090909e-01,5.113636363636364e-01,1.008879715798759e-02
4.332386363636364e-01,5.113636363636364e-01,1.008879715798759e-02
4.474431818181818e-01,5.113636363636364e-01,1.008879715798759e-02
4.616477272727273e-01,5.113636363636364e-01,1.008879715798759e-02
4.758522727272727e-01,5.113636363636364e-01,6.974631374935557e-03
4.900568181818182e-01,5.113636363636364e-01,6.974631374935557e-03
5.042613636363636e-01,5.113636363636364e-01,6.974631374935557e-03
5.184659090909091e-01,5.113636363636364e-01,6.974631374935557e-03
5.326704545454546e-01,5.113636363636364e-01,3.590556511589047e-03
5.468750000000000e-01,5.113636363636364e-01,3.590556511589047e-03
5.610795454545454e-01,5.113636363636364e-01,3.590556511589047e-03
5.752840909090909e-01,5.113636363636364e-01,3.590556511589047e-03
5.894886363636364e-01,5.113636363636364e-01,3.590556511589047e-03
6.036931818181818e-01,5.113636363636364e-01,2.263245309907808e-04
6.178977272727273e-01,5.113636363636364e-01,2.263245309907808e-04
7.102272727272727e-03,5.340909090909091e-01,0.000000000000000e+00
2.130681818181818e-02,5.340909090909091e-01,0.000000000000000e+00
3.551136363636364e-02,5.340909090909091e-01,7.324810658910992e-03
4.971590909090909e-02,5.340909090909091e-01,7.324810658910992e-03
6.392045454545454e-02,5.340909090909091e-01,7.324810658910992e-03
7.812500000000000e-02,5.340909090909091e-01,7.324810658910992e-03
9.232954545454546e-02,5.340909090909091e-01,7.324810658910992e-03
1.065340909090909e-01,5.340909090909091e-01,1.229292376907445e-02
1.207386363636364e-01,5.340909090909091e-01,1.229292376907445e-02
1.349431818181818e-01,5.340909090909091e-01,1.229292376907445e-02
1.491477272727273e-01,5.340909090909091e-01,1.229292376907445e-02
1.633522727272727e-01,5.340909090909091e-01,1.517949670658147e-02
1.775568181818182e-01,5.340909090909091e-01,1.517949670658147e-02
1.917613636363636e-01,5.340909090909091e-01,1.517949670658147e-02
2.059659090909091e-01,5.340909090909091e-01,1.517949670658147e-02
2.201704545454546e-01,5.340909090909091e-01,1.625994562898112e-02
2.343750000000000e-01,5.340909090909091e-01,1.625994562898112e-02
2.485795454545454e-01,5.340909090909091e-01,1.625994562898112e-02
2.627840909090909e-01,5.340909090909091e-01,1.625994562898112e-02
2.769886363636364e-01,5.340909090909091e-01,1.625994562898112e-02
2.911931818181818e-01,5.340909090909091e-01,1.580999721596508e-02
3.053977272727273e-01,5.340909090909091e-01,1.580999721596508e-02
3.196022727272727e-01,5.340909090909091e-01,1.580999721596508e-02
3.338068181818182e-01,5.340909090909091e-01,1.580999721596508e-02
3.480113636363636e-01,5.340909090909091e-01,1.410569386520166e-02
3.622159090909091e-01,5.340909090909091e-01,1.410569386520166e-02
3.764204545454545e-01,5.340909090909091e-01,1.410569386520166e-02
3.906250000000000e-01,5.340909090909091e-01,1.410569386520166e-02
4.048295454545455e-01,5.340909090909091e-01,1.410569386520166e-02
4.190340909090909e-01,5.340909090909091e-01,1.142336984920849e-02
4.332386363636364e-01,5.340909090909091e-01,1.142336984920849e-02
4.474431818181818e-01,5.340909090909091e-01,1.142336984920849e-02
4.616477272727273e-01,5.340909090909091e-01,1.142336984920849e-02
4.758522727272727e-01,5.340909090909091e-01,8.039612826150577e-03
4.900568181818182e-01,5.340909090909091e-01,8.039612826150577e-03
5.042613636363636e-01,5.340909090909091e-01,8.039612826150577e-03
5.184659090909091e-01,5.340909090909091e-01,8.039612826150577e-03
5.326704545454546e-01,5.340909090909091e-01,4.231217515896682e-03
5.468750000000000e-01,5.340909090909091e-01,4.231217515896682e-03
5.610795454545454e-01,5.340909090909091e-01,4.231217515896682e-03
5.752840909090909e-01,5.340909090909091e-01,4.231217515896682e-03
5.894886363636364e-01,5.340909090909091e-01,4.231217515896682e-03
6.036931818181818e-01,5.340909090909091e-01,2.751308139677633e-04
6.178977272727273e-01,5.340909090909091e-01,2.751308139677633e-04
7.102272727272727e-03,5.568181818181818e-01,0.000000000000000e+00
2.130681818181818e-02,5.568181818181818e-01,0.000000000000000e+00
3.551136363636364e-02,5.568181818181818e-01,7.324810658910992e-03
4.971590909090909e-02,5.568181818181818e-01,7.324810658910992e-03
6.392045454545454e-02,5.568181818181818e-01,7.324810658910992e-03
7.812500000000000e-02,5.568181818181818e-01,7.324810658910992e-03
9.232954545454546e-02,5.568181818181818e-01,7.324810658910992e-03
1.065340909090909e-01,5.568181818181818e-01,1.229292376907445e-02
1.207386363636364e-01,5.568181818181818e-01,1.229292376907445e-02
1.349431818181818e-01,5.568181818181818e-01,1.229292376907445e-02
1.491477272727273e-01,5.568181818181818e-01,1.229292376907445e-02
1.633522727272727e-01,5.568181818181818e-01,1.517949670658147e-02
1.775568181818182e-01,5.568181818181818e-01,1.517949670658147e-02
1.917613636363636e-01,5.568181818181818e-01,1.517949670658147e-02
2.059659090909091e-01,5.568181818181818e-01,1.517949670658147e-02
2.201704545454546e-01,5.568181818181818e-01,1.625994562898112e-02
2.343750000000000e-01,5.568181818181818e-01,1.625994562898112e-02
2.485795454545454e-01,5.568181818181818e-01,1.625994562898112e-02
2.627840909090909e-01,5.568181818181818e-01,1.625994562898112e-02
2.769886363636364e-01,5.568181818181818e-01,1.625994562898112e-02
2.911931818181818e-01,5.568181818181818e-01,1.580999721596508e-02
3.053977272727273e-01,5.568181818181818e-01,1.580999721596508e-02
3.196022727272727e-01,5.568181818181818e-01,1.580999721596508e-02
3.338068181818182e-01,5.568181818181818e-01,1.580999721596508e-02
3.480113636363636e-01,5.568181818181818e-01,1.410569386520166e-02
3.622159090909091e-01,5.568181818181818e-01,1.410569386520166e-02
3.764204545454545e-01,5.568181818181818e-01,1.410569386520166e-02
3.906250000000000e-01,5.568181818181818e-01,1.410569386520166e-02
4.048295454545455e-01,5.568181818181818e-01,1.410569386520166e-02
4.190340909090909e-01,5.568181818181818e-01,1.142336984920849e-02
4.332386363636364e-01,5.568181818181818e-01,1.142336984920849e-02
4.474431818181818e-01,5.568181818181818e-01,1.142336984920849e-02
4.616477272727273e-01,5.568181818181818e-01,1.142336984920849e-02
4.758522727272727e-01,5.568181818181818e-01,8.039612826150577e-03
4.900568181818182e-01,5.568181818181818e-01,8.039612826150577e-03
5.042613636363636e-01,5.568181818181818e-01,8.039612826150577e-03
5.184659090909091e-01,5.568181818181818e-01,8.039612826150577e-03
5.326704545454546e-01,5.568181818181818e-01,4.231217515896682e-03
5.468750000000000e-01,5.568181818181818e-01,4.231217515896682e-03
5.610795454545454e-01,5.568181818181818e-01,4.231217515896682e-03
5.752840909090909e-01,5.568181818181818e-01,4.231217515896682e-03
5.894886363636364e-01,5.568181818181818e-01,4.231217515896682e-03
6.036931818181818e-01,5.568181818181818e-01,2.751308139677633e-04
6.178977272727273e-01,5.568181818181818e-01,2.751308139677633e-04
7.102272727272727e-03,5.795454545454546e-01,0.000000000000000e+00
2.130681818181818e-02,5.795454545454546e-01,0.000000000000000e+00
3.551136363636364e-02,5.795454545454546e-01,7.324810658910992e-03
4.971590909090909e-02,5.795454545454546e-01,7.324810658910992e-03
6.392045454545454e-02,5.795454545454546e-01,7.324810658910992e-03
7.812500000000000e-02,5.795454545454546e-01,7.324810658910992e-03
9.232954545454546e-02,5.795454545454546e-01,7.324810658910992e-03
1.065340909090909e-01,5.795454545454546e-01,1.229292376907445e-02
1.207386363636364e-01,5.795454545454546e-01,1.229292376907445e-02
1.349431818181818e-01,5.795454545454546e-01,1.229292376907445e-02
1.491477272727273e-01,5.795454545454546e-01,1.229292376907445e-02
1.633522727272727e-01,5.795454545454546e-01,1.517949670658147e-02
1.775568181818182e-01,5.795454545454546e-01,1.517949670658147e-02
1.917613636363636e-01,5.795454545454546e-01,1.517949670658147e-02
2.059659090909091e-01,5.795454545454546e-01,1.517949670658147e-02
2.201704545454546e-01,5.795454545454546e-01,1.625994562898112e-02
2.343750000000000e-01,5.795454545454546e-01,1.625994562898112e-02
2.485795454545454e-01,5.795454545454546e-01,1.625994562898112e-02
2.627840909090909e-01,5.795454545454546e-01,1.625994562898112e-02
2.769886363636364e-01,5.795454545454546e-01,1.625994562898112e-02
2.911931818181818e-01,5.795454545454546e-01,1.580999721596508e-02
3.053977272727273e-01,5.795454545454546e-01,1.580999721596508e-02
3.196022727272727e-01,5.795454545454546e-01,1.580999721596508e-02
3.338068181818182e-01,5.795454545454546e-01,1.580999721596508e-02
3.480113636363636e-01,5.795454545454546e-01,1.410569386520166e-02
3.622159090909091e-01,5.795454545454546e-01,1.410569386520166e-02
3.764204545454545e-01,5.795454545454546e-01,1.410569386520166e-02
3.906250000000000e-01,5.795454545454546e-01,1.410569386520166e-02
4.048295454545455e-01,5.795454545454546e-01,1.410569386520166e-02
4.190340909090909e-01,5.795454545454546e-01,1.142336984920849e-02
4.332386363636364e-01,5.795454545454546e-01,1.142336984920849e-02
4.474431818181818e-01,5.795454545454546e-01,1.142336984920849e-02
4.616477272727273e-01,5.795454545454546e-01,1.142336984920849e-02
4.758522727272727e-01,5.795454545454546e-01,8.039612826150577e-03
4.900568181818182e-01,5.795454545454546e-01,8.039612826150577e-03
5.042613636363636e-01,5.795454545454546e-01,8.039612826150577e-03
5.184659090909091e-01,5.795454545454546e-01,8.039612826150577e-03
5.326704545454546e-01,5.795454545454546e-01,4.231217515896682e-03
5.468750000000000e-01,5.795454545454546e-01,4.231217515896682e-03
5.610795454545454e-01,5.795454545454546e-01,4.231217515896682e-03
5.752840909090909e-01,5.795454545454546e-01,4.231217515896682e-03
5.894886363636364e-01,5.795454545454546e-01,4.231217515896682e-03
6.036931818181818e-01,5.795454545454546e-01,2.751308139677633e-04
6.178977272727273e-01,5.795454545454546e-01,2.751308139677633e-04
7.102272727272727e-03,6.022727272727273e-01,0.000000000000000e+00
2.130681818181818e-02,6.022727272727273e-01,0.000000000000000e+00
3.551136363636364e-02,6.022727272727273e-01,7.497075235511710e-03
4.971590909090909e-02,6.022727272727273e-01,7.497075235511710e-03
6.392045454545454e-02,6.022727272727273e-01,7.497075235511710e-03
7.812500000000000e-02,6.022727272727273e-01,7.497075235511710e-03
9.232954545454546e-02,6.022727272727273e-01,7.497075235511710e-03
1.065340909090909e-01,6.022727272727273e-01,1.265876047813277e-02
1.207386363636364e-01,6.022727272727273e-01,1.265876047813277e-02
1.349431818181818e-01,6.022727272727273e-01,1.265876047813277e-02
1.491477272727273e-01,6.022727272727273e-01,1.265876047813277e-02
1.633522727272727e-01,6.022727272727273e-01,1.573782159757776e-02
1.775568181818182e-01,6.022727272727273e-01,1.573782159757776e-02
1.917613636363636e-01,6.022727272727273e-01,1.573782159757776e-02
2.059659090909091e-01,6.022727272727273e-01,1.573782159757776e-02
2.201704545454546e-01,6.022727272727273e-01,1.698747332075806e-02
2.343750000000000e-01,6.022727272727273e-01,1.698747332075806e-02
2.485795454545454e-01,6.022727272727273e-01,1.698747332075806e-02
2.627840909090909e-01,6.022727272727273e-01,1.698747332075806e-02
2.769886363636364e-01,6.022727272727273e-01,1.698747332075806e-02
2.911931818181818e-01,6.022727272727273e-01,1.666145358845826e-02
3.053977272727273e-01,6.022727272727273e-01,1.666145358845826e-02
3.196022727272727e-01,6.022727272727273e-01,1.666145358845826e-02
3.338068181818182e-01,6.022727272727273e-01,1.666145358845826e-02
3.480113636363636e-01,6.022727272727273e-01,1.501402702528896e-02
3.622159090909091e-01,6.022727272727273e-01,1.501402702528896e-02
3.764204545454545e-01,6.022727272727273e-01,1.501402702528896e-02
3.906250000000000e-01,6.022727272727273e-01,1.501402702528896e-02
4.048295454545455e-01,6.022727272727273e-01,1.501402702528896e-02
4.190340909090909e-01,6.022727272727273e-01,1.229995359139651e-02
4.332386363636364e-01,6.022727272727273e-01,1.229995359139651e-02
4.474431818181818e-01,6.022727272727273e-01,1.229995359139651e-02
4.616477272727273e-01,6.022727272727273e-01,1.229995359139651e-02
4.758522727272727e-01,6.022727272727273e-01,8.774443335769034e-03
4.900568181818182e-01,6.022727272727273e-01,8.774443335769034e-03
5.042613636363636e-01,6.022727272727273e-01,8.774443335769034e-03
5.184659090909091e-01,6.022727272727273e-01,8.774443335769034e-03
5.326704545454546e-01,6.022727272727273e-01,4.693099183605593e-03
5.468750000000000e-01,6.022727272727273e-01,4.693099183605593e-03
5.610795454545454e-01,6.022727272727273e-01,4.693099183605593e-03
5.752840909090909e-01,6.022727272727273e-01,4.693099183605593e-03
5.894886363636364e-01,6.022727272727273e-01,4.693099183605593e-03
6.036931818181818e-01,6.022727272727273e-01,3.118335566884976e-04
6.178977272727273e-01,6.022727272727273e-01,3.118335566884976e-04
7.102272727272727e-03,6.250000000000000e-01,0.000000000000000e+00
2.130681818181818e-02,6.250000000000000e-01,0.000000000000000e+00
3.551136363636364e-02,6.250000000000000e-01,7.497075235511710e-03
4.971590909090909e-02,6.250000000000000e-01,7.497075235511710e-03
6.392045454545454e-02,6.250000000000000e-01,7.497075235511710e-03
7.812500000000000e-02,6.250000000000000e-01,7.497075235511710e-03
9.232954545454546e-02,6.250000000000000e-01,7.497075235511710e-03
1.065340909090909e-01,6.250000000000000e-01,1.265876047813277e-02
1.207386363636364e-01,6.250000000000000e-01,1.265876047813277e-02
1.349431818181818e-01,6.250000000000000e-01,1.265876047813277e-02
1.491477272727273e-01,6.250000000000000e-01,1.265876047813277e-02
1.633522727272727e-01,6.250000000000000e-01,1.573782159757776e-02
1.775568181818182e-01,6.250000000000000e-01,1.573782159757776e-02
1.917613636363636e-01,6.250000000000000e-01,1.573782159757776e-02
2.059659090909091e-01,6.250000000000000e-01,1.573782159757776e-02
2.201704545454546e-01,6.250000000000000e-01,1.698747332075806e-02
2.343750000000000e-01,6.250000000000000e-01,1.698747332075806e-02
2.485795454545454e-01,6.250000000000000e-01,1.698747332075806e-02
2.627840909090909e-01,6.250000000000000e-01,1.698747332075806e-02
2.769886363636364e-01,6.250000000000000e-01,1.698747332075806e-02
2.911931818181818e-01,6.250000000000000e-01,1.666145358845826e-02
3.053977272727273e-01,6.250000000000000e-01,1.666145358845826e-02
3.196022727272727e-01,6.250000000000000e-01,1.666145358845826e-02
3.338068181818182e-01,6.250000000000000e-01,1.666145358845826e-02
3.480113636363636e-01,6.250000000000000e-01,1.501402702528896e-02
3.622159090909091e-01,6.250000000000000e-01,1.501402702528896e-02
3.764204545454545e-01,6.250000000000000e-01,1.501402702528896e-02
3.906250000000000e-01,6.250000000000000e-01,1.501402702528896e-02
4.048295454545455e-01,6.250000000000000e-01,1.501402702528896e-02
4.190340909090909e-01,6.250000000000000e-01,1.229995359139651e-02
4.332386363636364e-01,6.250000000000000e-01,1.229995359139651e-02
4.474431818181818e-01,6.250000000000000e-01,1.229995359139651e-02
4.616477272727273e-01,6.250000000000000e-01,1.229995359139651e-02
4.758522727272727e-01,6.250000000000000e-01,8.774443335769034e-03
4.900568181818182e-01,6.250000000000000e-01,8.774443335769034e-03
5.042613636363636e-01,6.250000000000000e-01,8.774443335769034e-03
5.184659090909091e-01,6.250000000000000e-01,8.774443335769034e-03
5.326704545454546e-01,6.250000000000000e-01,4.693099183605593e-03
5.468750000000000e-01,6.250000000000000e-01,4.693099183605593e-03
5.610795454545454e-01,6.250000000000000e-01,4.693099183605593e-03
5.752840909090909e-01,6.250000000000000e-01,4.693099183605593e-03
5.894886363636364e-01,6.250000000000000e-01,4.693099183605593e-03
6.036931818181818e-01,6.250000000000000e-01,3.118335566884976e-04
6.178977272727273e-01,6.250000000000000e-01,3.118335566884976e-04
7.102272727272727e-03,6.477272727272727e-01,0.000000000000000e+00
2.130681818181818e-02,6.477272727272727e-01,0.000000000000000e+00
3.551136363636364e-02,6.477272727272727e-01,7.497075235511710e-03
4.971590909090909e-02,6.477272727272727e-01,7.497075235511710e-03
6.392045454545454e-02,6.477272727272727e-01,7.497075235511710e-03
7.812500000000000e-02,6.477272727272727e-01,7.497075235511710e-03
9.232954545454546e-02,6.477272727272727e-01,7.497075235511710e-03
1.065340909090909e-01,6.477272727272727e-01,1.265876047813277e-02
1.207386363636364e-01,6.477272727272727e-01,1.265876047813277e-02
1.349431818181818e-01,6.477272727272727e-01,1.265876047813277e-02
1.491477272727273e-01,6.477272727272727e-01,1.265876047813277e-02
1.633522727272727e-01,6.477272727272727e-01,1.573782159757776e-02
1.775568181818182e-01,6.477272727272727e-01,1.573782159757776e-02
1.917613636363636e-01,6.477272727272727e-01,1.573782159757776e-02
2.059659090909091e-01,6.477272727272727e-01,1.573782159757776e-02
2.201704545454546e-01,6.477272727272727e-01,1.698747332075806e-02
2.343750000000000e-01,6.477272727272727e-01,1.698747332075806e-02
2.485795454545454e-01,6.477272727272727e-01,1.698747332075806e-02
2.627840909090909e-01,6.477272727272727e-01,1.698747332075806e-02
2.769886363636364e-01,6.477272727272727e-01,1.698747332075806e-02
2.911931818181818e-01,6.477272727272727e-01,1.666145358845826e-02
3.053977272727273e-01,6.477272727272727e-01,1.666145358845826e-02
3.196022727272727e-01,6.477272727272727e-01,1.666145358845826e-02
3.338068181818182e-01,6.477272727272727e-01,1.666145358845826e-02
3.480113636363636e-01,6.477272727272727e-01,1.501402702528896e-02
3.622159090909091e-01,6.477272727272727e-01,1.501402702528896e-02
3.764204545454545e-01,6.477272727272727e-01,1.501402702528896e-02
3.906250000000000e-01,6.477272727272727e-01,1.501402702528896e-02
4.048295454545455e-01,6.477272727272727e-01,1.501402702528896e-02
4.190340909090909e-01,6.477272727272727e-01,1.229995359139651e-02
4.332386363636364e-01,6.477272727272727e-01,1.229995359139651e-02
4.474431818181818e-01,6.477272727272727e-01,1.229995359139651e-02
4.616477272727273e-01,6.477272727272727e-01,1.229995359139651e-02
4.758522727272727e-01,6.477272727272727e-01,8.774443335769034e-03
4.900568181818182e-01,6.477272727272727e-01,8.774443335769034e-03
5.042613636363636e-01,6.477272727272727e-01,8.774443335769034e-03
5.184659090909091e-01,6.477272727272727e-01,8.774443335769034e-03
5.326704545454546e-01,6.477272727272727e-01,4.693099183605593e-03
5.468750000000000e-01,6.477272727272727e-01,4.693099183605593e-03
5.610795454545454e-01,6.477272727272727e-01,4.693099183605593e-03
5.752840909090909e-01,6.477272727272727e-01,4.693099183605593e-03
5.894886363636364e-01,6.477272727272727e-01,4.693099183605593e-03
6.036931818181818e-01,6.477272727272727e-01,3.118335566884976e-04
6.178977272727273e-01,6.477272727272727e-01,3.118335566884976e-04
7.102272727272727e-03,6.704545454545454e-01,0.000000000000000e+00
2.130681818181818e-02,6.704545454545454e-01,0.000000000000000e+00
3.551136363636364e-02,6.704545454545454e-01,7.348469279264334e-03
4.971590909090909e-02,6.704545454545454e-01,7.348469279264334e-03
6.392045454545454e-02,6.704545454545454e-01,7.348469279264334e-03
7.812500000000000e-02,6.704545454545454e-01,7.348469279264334e-03
9.232954545454546e-02,6.704545454545454e-01,7.348469279264334e-03
1.065340909090909e-01,6.704545454545454e-01,1.247377140271108e-02
1.207386363636364e-01,6.704545454545454e-01,1.247377140271108e-02
1.349431818181818e-01,6.704545454545454e-01,1.247377140271108e-02
1.491477272727273e-01,6.704545454545454e-01,1.247377140271108e-02
1.633522727272727e-01,6.704545454545454e-01,1.559866382325199e-02
1.775568181818182e-01,6.704545454545454e-01,1.559866382325199e-02
1.917613636363636e-01,6.704545454545454e-01,1.559866382325199e-02
2.059659090909091e-01,6.704545454545454e-01,1.559866382325199e-02
2.201704545454546e-01,6.704545454545454e-01,1.694664682081641e-02
2.343750000000000e-01,6.704545454545454e-01,1.694664682081641e-02
2.485795454545454e-01,6.704545454545454e-01,1.694664682081641e-02
2.627840909090909e-01,6.704545454545454e-01,1.694664682081641e-02
2.769886363636364e-01,6.704545454545454e-01,1.694664682081641e-02
2.911931818181818e-01,6.704545454545454e-01,1.674202746766094e-02
3.053977272727273e-01,6.704545454545454e-01,1.674202746766094e-02
3.196022727272727e-01,6.704545454545454e-01,1.674202746766094e-02
3.338068181818182e-01,6.704545454545454e-01,1.674202746766094e-02
3.480113636363636e-01,6.704545454545454e-01,1.520988530396092e-02
3.622159090909091e-01,6.704545454545454e-01,1.520988530396092e-02
3.764204545454545e-01,6.704545454545454e-01,1.520988530396092e-02
3.906250000000000e-01,6.704545454545454e-01,1.520988530396092e-02
4.048295454545455e-01,6.704545454545454e-01,1.520988530396092e-02
4.190340909090909e-01,6.704545454545454e-01,1.257601256451733e-02
4.332386363636364e-01,6.704545454545454e-01,1.257601256451733e-02
4.474431818181818e-01,6.704545454545454e-01,1.257601256451733e-02
4.616477272727273e-01,6.704545454545454e-01,1.257601256451733e-02
4.758522727272727e-01,6.704545454545454e-01,9.066860242104301e-03
4.900568181818182e-01,6.704545454545454e-01,9.066860242104301e-03
5.042613636363636e-01,6.704545454545454e-01,9.066860242104301e-03
5.184659090909091e-01,6.704545454545454e-01,9.066860242104301e-03
5.326704545454546e-01,6.704545454545454e-01,4.909484187210922e-03
5.468750000000000e-01,6.704545454545454e-01,4.909484187210922e-03
5.610795454545454e-01,6.704545454545454e-01,4.909484187210922e-03
5.752840909090909e-01,6.704545454545454e-01,4.909484187210922e-03
5.894886363636364e-01,6.704545454545454e-01,4.909484187210922e-03
6.036931818181818e-01,6.704545454545454e-01,3.314524955360889e-04
6.178977272727273e-01,6.704545454545454e-01,3.314524955360889e-04
7.102272727272727e-03,6.931818181818182e-01,0.000000000000000e+00
2.130681818181818e-02,6.931818181818182e-01,0.000000000000000e+00
3.551136363636364e-02,6.931818181818182e-01,7.348469279264334e-03
4.971590909090909e-02,6.931818181818182e-01,7.348469279264334e-03
6.392045454545454e-02,6.931818181818182e-01,7.348469279264334e-03
7.812500000000000e-02,6.931818181818182e-01,7.348469279264334e-03
9.232954545454546e-02,6.931818181818182e-01,7.348469279264334e-03
1.065340909090909e-01,6.931818181818182e-01,1.247377140271108e-02
1.207386363636364e-01,6.931818181818182e-01,1.247377140271108e-02
1.349431818181818e-01,6.931818181818182e-01,1.247377140271108e-02
1.491477272727273e-01,6.931818181818182e-01,1.247377140271108e-02
1.633522727272727e-01,6.931818181818182e-01,1.559866382325199e-02
1.775568181818182e-01,6.931818181818182e-01,1.559866382325199e-02
1.917613636363636e-01,6.931818181818182e-01,1.559866382325199e-02
2.059659090909091e-01,6.931818181818182e-01,1.559866382325199e-02
2.201704545454546e-01,6.931818181818182e-01,1.694664682081641e-02
2.343750000000000e-01,6.931818181818182e-01,1.694664682081641e-02
2.485795454545454e-01,6.931818181818182e-01,1.694664682081641e-02
2.627840909090909e-01,6.931818181818182e-01,1.694664682081641e-02
2.769886363636364e-01,6.931818181818182e-01,1.694664682081641e-02
2.911931818181818e-01,6.931818181818182e-01,1.674202746766094e-02
3.053977272727273e-01,6.931818181818182e-01,1.674202746766094e-02
3.196022727272727e-01,6.931818181818182e-01,1.674202746766094e-02
3.338068181818182e-01,6.931818181818182e-01,1.674202746766094e-02
3.480113636363636e-01,6.931818181818182e-01,1.520988530396092e-02
3.622159090909091e-01,6.931818181818182e-01,1.520988530396092e-02
3.764204545454545e-01,6.931818181818182e-01,1.520988530396092e-02
3.906250000000000e-01,6.931818181818182e-01,1.520988530396092e-02
4.048295454545455e-01,6.931818181818182e-01,1.520988530396092e-02
4.190340909090909e-01,6.931818181818182e-01,1.257601256451733e-02
4.332386363636364e-01,6.931818181818182e-01,1.257601256451733e-02
4.474431818181818e-01,6.931818181818182e-01,1.257601256451733e-02
4.616477272727273e-01,6.931818181818182e-01,1.257601256451733e-02
4.758522727272727e-01,6.931818181818182e-01,9.066860242104301e-03
4.900568181818182e-01,6.931818181818182e-01,9.066860242104301e-03
5.042613636363636e-01,6.931818181818182e-01,9.066860242104301e-03
5.184659090909091e-01,6.931818181818182e-01,9.066860242104301e-03
5.326704545454546e-01,6.931818181818182e-01,4.909484187210922e-03
5.468750000000000e-01,6.931818181818182e-01,4.909484187210922e-03
5.610795454545454e-01,6.931818181818182e-01,4.909484187210922e-03
5.752840909090909e-01,6.931818181818182e-01,4.909484187210922e-03
5.894886363636364e-01,6.931818181818182e-01,4.909484187210922e-03
6.036931818181818e-01,6.931818181818182e-01,3.314524955360889e-04
6.178977272727273e-01,6.931818181818182e-01,3.314524955360889e-04
7.102272727272727e-03,7.159090909090909e-01,0.000000000000000e+00
2.130681818181818e-02,7.159090909090909e-01,0.000000000000000e+00
3.551136363636364e-02,7.159090909090909e-01,7.348469279264334e-03
4.971590909090909e-02,7.159090909090909e-01,7.348469279264334e-03
6.392045454545454e-02,7.159090909090909e-01,7.348469279264334e-03
7.812500000000000e-02,7.159090909090909e-01,7.348469279264334e-03
9.232954545454546e-02,7.159090909090909e-01,7.348469279264334e-03
1.065340909090909e-01,7.159090909090909e-01,1.247377140271108e-02
1.207386363636364e-01,7.159090909090909e-01,1.247377140271108e-02
1.349431818181818e-01,7.159090909090909e-01,1.247377140271108e-02
1.491477272727273e-01,7.159090909090909e-01,1.247377140271108e-02
1.633522727272727e-01,7.159090909090909e-01,1.559866382325199e-02
1.775568181818182e-01,7.159090909090909e-01,1.559866382325199e-02
1.917613636363636e-01,7.159090909090909e-01,1.559866382325199e-02
2.059659090909091e-01,7.159090909090909e-01,1.559866382325199e-02
2.201704545454546e-01,7.159090909090909e-01,1.694664682081641e-02
2.343750000000000e-01,7.159090909090909e-01,1.694664682081641e-02
2.485795454545454e-01,7.159090909090909e-01,1.694664682081641e-02
2.627840909090909e-01,7.159090909090909e-01,1.694664682081641e-02
2.769886363636364e-01,7.159090909090909e-01,1.694664682081641e-02
2.911931818181818e-01,7.159090909090909e-01,1.674202746766094e-02
3.053977272727273e-01,7.159090909090909e-01,1.674202746766094e-02
3.196022727272727e-01,7.159090909090909e-01,1.674202746766094e-02
3.338068181818182e-01,7.159090909090909e-01,1.674202746766094e-02
3.480113636363636e-01,7.159090909090909e-01,1.520988530396092e-02
3.622159090909091e-01,7.159090909090909e-01,1.520988530396092e-02
3.764204545454545e-01,7.159090909090909e-01,1.520988530396092e-02
3.906250000000000e-01,7.159090909090909e-01,1.520988530396092e-02
4.048295454545455e-01,7.159090909090909e-01,1.520988530396092e-02
4.190340909090909e-01,7.159090909090909e-01,1.257601256451733e-02
4.332386363636364e-01,7.159090909090909e-01,1.257601256451733e-02
4.474431818181818e-01,7.159090909090909e-01,1.257601256451733e-02
4.616477272727273e-01,7.159090909090909e-01,1.257601256451733e-02
4.758522727272727e-01,7.159090909090909e-01,9.066860242104301e-03
4.900568181818182e-01,7.159090909090909e-01,9.066860242104301e-03
5.042613636363636e-01,7.159090909090909e-01,9.066860242104301e-03
5.184659090909091e-01,7.159090909090909e-01,9.066860242104301e-03
5.326704545454546e-01,7.159090909090909e-01,4.909484187210922e-03
5.468750000000000e-01,7.159090909090909e-01,4.909484187210922e-03
5.610795454545454e-01,7.159090909090909e-01,4.909484187210922e-03
5.752840909090909e-01,7.159090909090909e-01,4.909484187210922e-03
5.894886363636364e-01,7.159090909090909e-01,4.909484187210922e-03
6.036931818181818e-01,7.159090909090909e-01,3.314524955360889e-04
6.178977272727273e-01,7.159090909090909e-01,3.314524955360889e-04
7.102272727272727e-03,7.386363636363636e-01,0.000000000000000e+00
2.130681818181818e-02,7.386363636363636e-01,0.000000000000000e+00
3.551136363636364e-02,7.386363636363636e-01,6.826882270498951e-03
4.971590909090909e-02,7.386363636363636e-01,6.826882270498951e-03
6.392045454545454e-02,7.386363636363636e-01,6.826882270498951e-03
7.812500000000000e-02,7.386363636363636e-01,6.826882270498951e-03
9.232954545454546e-02,7.386363636363636e-01,6.826882270498951e-03
1.065340909090909e-01,7.386363636363636e-01,1.164294460794158e-02
1.207386363636364e-01,7.386363636363636e-01,1.164294460794158e-02
1.349431818181818e-01,7.386363636363636e-01,1.164294460794158e-02
1.491477272727273e-01,7.386363636363636e-01,1.164294460794158e-02
1.633522727272727e-01,7.386363636363636e-01,1.463409571917421e-02
1.775568181818182e-01,7.386363636363636e-01,1.463409571917421e-02
1.917613636363636e-01,7.386363636363636e-01,1.463409571917421e-02
2.059659090909091e-01,7.386363636363636e-01,1.463409571917421e-02
2.201704545454546e-01,7.386363636363636e-01,1.598747711905130e-02
2.343750000000000e-01,7.386363636363636e-01,1.598747711905130e-02
2.485795454545454e-01,7.386363636363636e-01,1.598747711905130e-02
2.627840909090909e-01,7.386363636363636e-01,1.598747711905130e-02
2.769886363636364e-01,7.386363636363636e-01,1.598747711905130e-02
2.911931818181818e-01,7.386363636363636e-01,1.589141898292673e-02
3.053977272727273e-01,7.386363636363636e-01,1.589141898292673e-02
3.196022727272727e-01,7.386363636363636e-01,1.589141898292673e-02
3.338068181818182e-01,7.386363636363636e-01,1.589141898292673e-02
3.480113636363636e-01,7.386363636363636e-01,1.453529518705053e-02
3.622159090909091e-01,7.386363636363636e-01,1.453529518705053e-02
3.764204545454545e-01,7.386363636363636e-01,1.453529518705053e-02
3.906250000000000e-01,7.386363636363636e-01,1.453529518705053e-02
4.048295454545455e-01,7.386363636363636e-01,1.453529518705053e-02
4.190340909090909e-01,7.386363636363636e-01,1.210940382474759e-02
4.332386363636364e-01,7.386363636363636e-01,1.210940382474759e-02
4.474431818181818e-01,7.386363636363636e-01,1.210940382474759e-02
4.616477272727273e-01,7.386363636363636e-01,1.210940382474759e-02
4.758522727272727e-01,7.386363636363636e-01,8.804910380052993e-03
4.900568181818182e-01,7.386363636363636e-01,8.804910380052993e-03
5.042613636363636e-01,7.386363636363636e-01,8.804910380052993e-03
5.184659090909091e-01,7.386363636363636e-01,8.804910380052993e-03
5.326704545454546e-01,7.386363636363636e-01,4.813835888467836e-03
5.468750000000000e-01,7.386363636363636e-01,4.813835888467836e-03
5.610795454545454e-01,7.386363636363636e-01,4.813835888467836e-03
5.752840909090909e-01,7.386363636363636e-01,4.813835888467836e-03
5.894886363636364e-01,7.386363636363636e-01,4.813835888467836e-03
6.036931818181818e-01,7.386363636363636e-01,3.290139782852881e-04
6.178977272727273e-01,7.386363636363636e-01,3.290139782852881e-04
7.102272727272727e-03,7.613636363636364e-01,0.000000000000000e+00
2.130681818181818e-02,7.613636363636364e-01,0.000000000000000e+00
3.551136363636364e-02,7.613636363636364e-01,6.826882270498951e-03
4.971590909090909e-02,7.613636363636364e-01,6.826882270498951e-03
6.392045454545454e-02,7.613636363636364e-01,6.826882270498951e-03
7.812500000000000e-02,7.613636363636364e-01,6.826882270498951e-03
9.232954545454546e-02,7.613636363636364e-01,6.826882270498951e-03
1.065340909090909e-01,7.613636363636364e-01,1.164294460794158e-02
1.207386363636364e-01,7.613636363636364e-01,1.164294460794158e-02
1.349431818181818e-01,7.613636363636364e-01,1.164294460794158e-02
1.491477272727273e-01,7.613636363636364e-01,1.164294460794158e-02
1.633522727272727e-01,7.613636363636364e-01,1.463409571917421e-02
1.775568181818182e-01,7.613636363636364e-01,1.463409571917421e-02
1.917613636363636e-01,7.613636363636364e-01,1.463409571917421e-02
2.059659090909091e-01,7.613636363636364e-01,1.463409571917421e-02
2.201704545454546e-01,7.613636363636364e-01,1.598747711905130e-02
2.343750000000000e-01,7.613636363636364e-01,1.598747711905130e-02
2.485795454545454e-01,7.613636363636364e-01,1.598747711905130e-02
2.627840909090909e-01,7.613636363636364e-01,1.598747711905130e-02
2.769886363636364e-01,7.613636363636364e-01,1.598747711905130e-02
2.911931818181818e-01,7.613636363636364e-01,1.589141898292673e-02
3.053977272727273e-01,7.613636363636364e-01,1.589141898292673e-02
3.196022727272727e-01,7.613636363636364e-01,1.589141898292673e-02
3.338068181818182e-01,7.613636363636364e-01,1.589141898292673e-02
3.480113636363636e-01,7.613636363636364e-01,1.453529518705053e-02
3.622159090909091e-01,7.613636363636364e-01,1.453529518705053e-02
3.764204545454545e-01,7.613636363636364e-01,1.453529518705053e-02
3.906250000000000e-01,7.613636363636364e-01,1.453529518705053e-02
4.048295454545455e-01,7.613636363636364e-01,1.453529518705053e-02
4.190340909090909e-01,7.613636363636364e-01,1.210940382474759e-02
4.332386363636364e-01,7.613636363636364e-01,1.210940382474759e-02
4.474431818181818e-01,7.613636363636364e-01,1.210940382474759e-02
4.616477272727273e-01,7.613636363636364e-01,1.210940382474759e-02
4.758522727272727e-01,7.613636363636364e-01,8.804910380052993e-03
4.900568181818182e-01,7.613636363636364e-01,8.804910380052993e-03
5.042613636363636e-01,7.613636363636364e-01,8.804910380052993e-03
5.184659090909091e-01,7.613636363636364e-01,8.804910380052993e-03
5.326704545454546e-01,7.613636363636364e-01,4.813835888467836e-03
5.468750000000000e-01,7.613636363636364e-01,4.813835888467836e-03
5.610795454545454e-01,7.613636363636364e-01,4.813835888467836e-03
5.752840909090909e-01,7.613636363636364e-01,4.813835888467836e-03
5.894886363636364e-01,7.613636363636364e-01,4.813835888467836e-03
6.036931818181818e-01,7.613636363636364e-01,3.290139782852881e-04
6.178977272727273e-01,7.613636363636364e-01,3.290139782852881e-04
7.102272727272727e-03,7.840909090909091e-01,0.000000000000000e+00
2.130681818181818e-02,7.840909090909091e-01,0.000000000000000e+00
3.551136363636364e-02,7.840909090909091e-01,5.880686540083850e-03
4.971590909090909e-02,7.840909090909091e-01,5.880686540083850e-03
6.392045454545454e-02,7.840909090909091e-01,5.880686540083850e-03
7.812500000000000e-02,7.840909090909091e-01,5.880686540083850e-03
9.232954545454546e-02,7.840909090909091e-01,5.880686540083850e-03
1.065340909090909e-01,7.840909090909091e-01,1.007201098597408e-02
1.207386363636364e-01,7.840909090909091e-01,1.007201098597408e-02
1.349431818181818e-01,7.840909090909091e-01,1.007201098597408e-02
1.491477272727273e-01,7.840909090909091e-01,1.007201098597408e-02
1.633522727272727e-01,7.840909090909091e-01,1.271699641324169e-02
1.775568181818182e-01,7.840909090909091e-01,1.271699641324169e-02
1.917613636363636e-01,7.840909090909091e-01,1.271699641324169e-02
2.059659090909091e-01,7.840909090909091e-01,1.271699641324169e-02
2.201704545454546e-01,7.840909090909091e-01,1.396074767327664e-02
2.343750000000000e-01,7.840909090909091e-01,1.396074767327664e-02
2.485795454545454e-01,7.840909090909091e-01,1.396074767327664e-02
2.627840909090909e-01,7.840909090909091e-01,1.396074767327664e-02
2.769886363636364e-01,7.840909090909091e-01,1.396074767327664e-02
2.911931818181818e-01,7.840909090909091e-01,1.395004095823486e-02
3.053977272727273e-01,7.840909090909091e-01,1.395004095823486e-02
3.196022727272727e-01,7.840909090909091e-01,1.395004095823486e-02
3.338068181818182e-01,7.840909090909091e-01,1.395004095823486e-02
3.480113636363636e-01,7.840909090909091e-01,1.283294191836394e-02
3.622159090909091e-01,7.840909090909091e-01,1.283294191836394e-02
3.764204545454545e-01,7.840909090909091e-01,1.283294191836394e-02
3.906250000000000e-01,7.840909090909091e-01,1.283294191836394e-02
4.048295454545455e-01,7.840909090909091e-01,1.283294191836394e-02
4.190340909090909e-01,7.840909090909091e-01,1.075858928597890e-02
4.332386363636364e-01,7.840909090909091e-01,1.075858928597890e-02
4.474431818181818e-01,7.840909090909091e-01,1.075858928597890e-02
4.616477272727273e-01,7.840909090909091e-01,1.075858928597890e-02
4.758522727272727e-01,7.840909090909091e-01,7.877152829721516e-03
4.900568181818182e-01,7.840909090909091e-01,7.877152829721516e-03
5.042613636363636e-01,7.840909090909091e-01,7.877152829721516e-03
5.184659090909091e-01,7.840909090909091e-01,7.877152829721516e-03
5.326704545454546e-01,7.840909090909091e-01,4.339939682880430e-03
5.468750000000000e-01,7.840909090909091e-01,4.339939682880430e-03
5.610795454545454e-01,7.840909090909091e-01,4.339939682880430e-03
5.752840909090909e-01,7.840909090909091e-01,4.339939682880430e-03
5.894886363636364e-01,7.840909090909091e-01,4.339939682880430e-03
6.036931818181818e-01,7.840909090909091e-01,2.995548373817500e-04
6.178977272727273e-01,7.840909090909091e-01,2.995548373817500e-04
7.102272727272727e-03,8.068181818181818e-01,0.000000000000000e+00
2.130681818181818e-02,8.068181818181818e-01,0.000000000000000e+00
3.551136363636364e-02,8.068181818181818e-01,5.880686540083850e-03
4.971590909090909e-02,8.068181818181818e-01,5.880686540083850e-03
6.392045454545454e-02,8.068181818181818e-01,5.880686540083850e-03
7.812500000000000e-02,8.068181818181818e-01,5.880686540083850e-03
9.232954545454546e-02,8.068181818181818e-01,5.880686540083850e-03
1.065340909090909e-01,8.068181818181818e-01,1.007201098597408e-02
1.207386363636364e-01,8.068181818181818e-01,1.007201098597408e-02
1.349431818181818e-01,8.068181818181818e-01,1.007201098597408e-02
1.491477272727273e-01,8.068181818181818e-01,1.007201098597408e-02
1.633522727272727e-01,8.068181818181818e-01,1.271699641324169e-02
1.775568181818182e-01,8.068181818181818e-01,1.271699641324169e-02
1.917613636363636e-01,8.068181818181818e-01,1.271699641324169e-02
2.059659090909091e-01,8.068181818181818e-01,1.271699641324169e-02
2.201704545454546e-01,8.068181818181818e-01,1.396074767327664e-02
2.343750000000000e-01,8.068181818181818e-01,1.396074767327664e-02
2.485795454545454e-01,8.068181818181818e-01,1.396074767327664e-02
2.627840909090909e-01,8.068181818181818e-01,1.396074767327664e-02
2.769886363636364e-01,8.068181818181818e-01,1.396074767327664e-02
2.911931818181818e-01,8.068181818181818e-01,1.395004095823486e-02
3.053977272727273e-01,8.068181818181818e-01,1.395004095823486e-02
3.196022727272727e-01,8.068181818181818e-01,1.395004095823486e-02
3.338068181818182e-01,8.068181818181818e-01,1.395004095823486e-02
3.480113636363636e-01,8.068181818181818e-01,1.283294191836394e-02
3.622159090909091e-01,8.068181818181818e-01,1.283294191836394e-02
3.764204545454545e-01,8.068181818181818e-01,1.283294191836394e-02
3.906250000000000e-01,8.068181818181818e-01,1.283294191836394e-02
4.048295454545455e-01,8.068181818181818e-01,1.283294191836394e-02
4.190340909090909e-01,8.068181818181818e-01,1.075858928597890e-02
4.332386363636364e-01,8.068181818181818e-01,1.075858928597890e-02
4.474431818181818e-01,8.068181818181818e-01,1.075858928597890e-02
4.616477272727273e-01,8.068181818181818e-01,1.075858928597890e-02
4.758522727272727e-01,8.068181818181818e-01,7.877152829721516e-03
4.900568181818182e-01,8.068181818181818e-01,7.877152829721516e-03
5.042613636363636e-01,8.068181818181818e-01,7.877152829721516e-03
5.184659090909091e-01,8.068181818181818e-01,7.877152829721516e-03
5.326704545454546e-01,8.068181818181818e-01,4.339939682880430e-03
5.468750000000000e-01,8.068181818181818e-01,4.339939682880430e-03
5.610795454545454e-01,8.068181818181818e-01,4.339939682880430e-03
5.752840909090909e-01,8.068181818181818e-01,4.339939682880430e-03
5.894886363636364e-01,8.068181818181818e-01,4.339939682880430e-03
6.036931818181818e-01,8.068181818181818e-01,2.995548373817500e-04
6.178977272727273e-01,8.068181818181818e-01,2.995548373817500e-04
7.102272727272727e-03,8.295454545454546e-01,0.000000000000000e+00
2.130681818181818e-02,8.295454545454546e-01,0.000000000000000e+00
3.551136363636364e-02,8.295454545454546e-01,5.880686540083850e-03
4.971590909090909e-02,8.295454545454546e-01,5.880686540083850e-03
6.392045454545454e-02,8.295454545454546e-01,5.880686540083850e-03
7.812500000000000e-02,8.295454545454546e-01,5.880686540083850e-03
9.232954545454546e-02,8.295454545454546e-01,5.880686540083850e-03
1.065340909090909e-01,8.295454545454546e-01,1.007201098597408e-02
1.207386363636364e-01,8.295454545454546e-01,1.007201098597408e-02
1.349431818181818e-01,8.295454545454546e-01,1.007201098597408e-02
1.491477272727273e-01,8.295454545454546e-01,1.007201098597408e-02
1.633522727272727e-01,8.295454545454546e-01,1.271699641324169e-02
1.775568181818182e-01,8.295454545454546e-01,1.271699641324169e-02
1.917613636363636e-01,8.295454545454546e-01,1.271699641324169e-02
2.059659090909091e-01,8.295454545454546e-01,1.271699641324169e-02
2.201704545454546e-01,8.295454545454546e-01,1.396074767327664e-02
2.343750000000000e-01,8.295454545454546e-01,1.396074767327664e-02
2.485795454545454e-01,8.295454545454546e-01,1.396074767327664e-02
2.627840909090909e-01,8.295454545454546e-01,1.396074767327664e-02
2.769886363636364e-01,8.295454545454546e-01,1.396074767327664e-02
2.911931818181818e-01,8.295454545454546e-01,1.395004095823486e-02
3.053977272727273e-01,8.295454545454546e-01,1.395004095823486e-02
3.196022727272727e-01,8.295454545454546e-01,1.395004095823486e-02
3.338068181818182e-01,8.295454545454546e-01,1.395004095823486e-02
3.480113636363636e-01,8.295454545454546e-01,1.283294191836394e-02
3.622159090909091e-01,8.295454545454546e-01,1.283294191836394e-02
3.764204545454545e-01,8.295454545454546e-01,1.283294191836394e-02
3.906250000000000e-01,8.295454545454546e-01,1.283294191836394e-02
4.048295454545455e-01,8.295454545454546e-01,1.283294191836394e-02
4.190340909090909e-01,8.295454545454546e-01,1.075858928597890e-02
4.332386363636364e-01,8.295454545454546e-01,1.075858928597890e-02
4.474431818181818e-01,8.295454545454546e-01,1.075858928597890e-02
4.616477272727273e-01,8.295454545454546e-01,1.075858928597890e-02
4.758522727272727e-01,8.295454545454546e-01,7.877152829721516e-03
4.900568181818182e-01,8.295454545454546e-01,7.877152829721516e-03
5.042613636363636e-01,8.295454545454546e-01,7.877152829721516e-03
5.184659090909091e-01,8.295454545454546e-01,7.877152829721516e-03
5.326704545454546e-01,8.295454545454546e-01,4.339939682880430e-03
5.468750000000000e-01,8.295454545454546e-01,4.339939682880430e-03
5.610795454545454e-01,8.295454545454546e-01,4.339939682880430e-03
5.752840909090909e-01,8.295454545454546e-01,4.339939682880430e-03
5.894886363636364e-01,8.295454545454546e-01,4.339939682880430e-03
6.036931818181818e-01,8.295454545454546e-01,2.995548373817500e-04
6.178977272727273e-01,8.295454545454546e-01,2.995548373817500e-04
7.102272727272727e-03,8.522727272727273e-01,0.000000000000000e+00
2.130681818181818e-02,8.522727272727273e-01,0.000000000000000e+00
3.551136363636364e-02,8.522727272727273e-01,4.459172387584065e-03
4.971590909090909e-02,8.522727272727273e-01,4.459172387584065e-03
6.392045454545454e-02,8.522727272727273e-01,4.459172387584065e-03
7.812500000000000e-02,8.522727272727273e-01,4.459172387584065e-03
9.232954545454546e-02,8.522727272727273e-01,4.459172387584065e-03
1.065340909090909e-01,8.522727272727273e-01,7.667934236966524e-03
1.207386363636364e-01,8.522727272727273e-01,7.667934236966524e-03
1.349431818181818e-01,8.522727272727273e-01,7.667934236966524e-03
1.491477272727273e-01,8.522727272727273e-01,7.667934236966524e-03
1.633522727272727e-01,8.522727272727273e-01,9.721433693851088e-03
1.775568181818182e-01,8.522727272727273e-01,9.721433693851088e-03
1.917613636363636e-01,8.522727272727273e-01,9.721433693851088e-03
2.059659090909091e-01,8.522727272727273e-01,9.721433693851088e-03
2.201704545454546e-01,8.522727272727273e-01,1.071828564220251e-02
2.343750000000000e-01,8.522727272727273e-01,1.071828564220251e-02
2.485795454545454e-01,8.522727272727273e-01,1.071828564220251e-02
2.627840909090909e-01,8.522727272727273e-01,1.071828564220251e-02
2.769886363636364e-01,8.522727272727273e-01,1.071828564220251e-02
2.911931818181818e-01,8.522727272727273e-01,1.075923043463940e-02
3.053977272727273e-01,8.522727272727273e-01,1.075923043463940e-02
3.196022727272727e-01,8.522727272727273e-01,1.075923043463940e-02
3.338068181818182e-01,8.522727272727273e-01,1.075923043463940e-02
3.480113636363636e-01,8.522727272727273e-01,9.946378132417482e-03
3.622159090909091e-01,8.522727272727273e-01,9.946378132417482e-03
3.764204545454545e-01,8.522727272727273e-01,9.946378132417482e-03
3.906250000000000e-01,8.522727272727273e-01,9.946378132417482e-03
4.048295454545455e-01,8.522727272727273e-01,9.946378132417482e-03
4.190340909090909e-01,8.522727272727273e-01,8.382886413568892e-03
4.332386363636364e-01,8.522727272727273e-01,8.382886413568892e-03
4.474431818181818e-01,8.522727272727273e-01,8.382886413568892e-03
4.616477272727273e-01,8.522727272727273e-01,8.382886413568892e-03
4.758522727272727e-01,8.522727272727273e-01,6.172959264008354e-03
4.900568181818182e-01,8.522727272727273e-01,6.172959264008354e-03
5.042613636363636e-01,8.522727272727273e-01,6.172959264008354e-03
5.184659090909091e-01,8.522727272727273e-01,6.172959264008354e-03
5.326704545454546e-01,8.522727272727273e-01,3.422165681807731e-03
5.468750000000000e-01,8.522727272727273e-01,3.422165681807731e-03
5.610795454545454e-01,8.522727272727273e-01,3.422165681807731e-03
5.752840909090909e-01,8.522727272727273e-01,3.422165681807731e-03
5.894886363636364e-01,8.522727272727273e-01,3.422165681807731e-03
6.036931818181818e-01,8.522727272727273e-01,2.381324524581132e-04
6.178977272727273e-01,8.522727272727273e-01,2.381324524581132e-04
7.102272727272727e-03,8.750000000000000e-01,0.000000000000000e+00
2.130681818181818e-02,8.750000000000000e-01,0.000000000000000e+00
3.551136363636364e-02,8.750000000000000e-01,4.459172387584065e-03
4.971590909090909e-02,8.750000000000000e-01,4.459172387584065e-03
6.392045454545454e-02,8.750000000000000e-01,4.459172387584065e-03
7.812500000000000e-02,8.750000000000000e-01,4.459172387584065e-03
9.232954545454546e-02,8.750000000000000e-01,4.459172387584065e-03
1.065340909090909e-01,8.750000000000000e-01,7.667934236966524e-03
1.207386363636364e-01,8.750000000000000e-01,7.667934236966524e-03
1.349431818181818e-01,8.750000000000000e-01,7.667934236966524e-03
1.491477272727273e-01,8.750000000000000e-01,7.667934236966524e-03
1.633522727272727e-01,8.750000000000000e-01,9.721433693851088e-03
1.775568181818182e-01,8.750000000000000e-01,9.721433693851088e-03
1.917613636363636e-01,8.750000000000000e-01,9.721433693851088e-03
2.059659090909091e-01,8.750000000000000e-01,9.721433693851088e-03
2.201704545454546e-01,8.750000000000000e-01,1.071828564220251e-02
2.343750000000000e-01,8.750000000000000e-01,1.071828564220251e-02
2.485795454545454e-01,8.750000000000000e-01,1.071828564220251e-02
2.627840909090909e-01,8.750000000000000e-01,1.071828564220251e-02
2.769886363636364e-01,8.750000000000000e-01,1.071828564220251e-02
2.911931818181818e-01,8.750000000000000e-01,1.075923043463940e-02
3.053977272727273e-01,8.750000000000000e-01,1.075923043463940e-02
3.196022727272727e-01,8.750000000000000e-01,1.075923043463940e-02
3.338068181818182e-01,8.750000000000000e-01,1.075923043463940e-02
3.480113636363636e-01,8.750000000000000e-01,9.946378132417482e-03
3.622159090909091e-01,8.750000000000000e-01,9.946378132417482e-03
3.764204545454545e-01,8.750000000000000e-01,9.946378132417482e-03
3.906250000000000e-01,8.750000000000000e-01,9.946378132417482e-03
4.048295454545455e-01,8.750000000000000e-01,9.946378132417482e-03
4.190340909090909e-01,8.750000000000000e-01,8.382886413568892e-03
4.332386363636364e-01,8.750000000000000e-01,8.382886413568892e-03
4.474431818181818e-01,8.750000000000000e-01,8.382886413568892e-03
4.616477272727273e-01,8.750000000000000e-01,8.382886413568892e-03
4.758522727272727e-01,8.750000000000000e-01,6.172959264008354e-03
4.900568181818182e-01,8.750000000000000e-01,6.172959264008354e-03
5.042613636363636e-01,8.750000000000000e-01,6.172959264008354e-03
5.184659090909091e-01,8.750000000000000e-01,6.172959264008354e-03
5.326704545454546e-01,8.750000000000000e-01,3.422165681807731e-03
5.468750000000000e-01,8.750000000000000e-01,3.422165681807731e-03
5.610795454545454e-01,8.750000000000000e-01,3.422165681807731e-03
5.752840909090909e-01,8.750000000000000e-01,3.422165681807731e-03
5.894886363636364e-01,8.750000000000000e-01,3.422165681807731e-03
6.036931818181818e-01,8.750000000000000e-01,2.381324524581132e-04
6.178977272727273e-01,8.750000000000000e-01,2.381324524581132e-04
7.102272727272727e-03,8.977272727272727e-01,0.000000000000000e+00
2.130681818181818e-02,8.977272727272727e-01,0.000000000000000e+00
3.551136363636364e-02,8.977272727272727e-01,4.459172387584065e-03
4.971590909090909e-02,8.977272727272727e-01,4.459172387584065e-03
6.392045454545454e-02,8.977272727272727e-01,4.459172387584065e-03
7.812500000000000e-02,8.977272727272727e-01,4.459172387584065e-03
9.232954545454546e-02,8.977272727272727e-01,4.459172387584065e-03
1.065340909090909e-01,8.977272727272727e-01,7.667934236966524e-03
1.207386363636364e-01,8.977272727272727e-01,7.667934236966524e-03
1.349431818181818e-01,8.977272727272727e-01,7.667934236966524e-03
1.491477272727273e-01,8.977272727272727e-01,7.667934236966524e-03
1.633522727272727e-01,8.977272727272727e-01,9.721433693851088e-03
1.775568181818182e-01,8.977272727272727e-01,9.721433693851088e-03
1.917613636363636e-01,8.977272727272727e-01,9.721433693851088e-03
2.059659090909091e-01,8.977272727272727e-01,9.721433693851088e-03
2.201704545454546e-01,8.977272727272727e-01,1.071828564220251e-02
2.343750000000000e-01,8.977272727272727e-01,1.071828564220251e-02
2.485795454545454e-01,8.977272727272727e-01,1.071828564220251e-02
2.627840909090909e-01,8.977272727272727e-01,1.071828564220251e-02
2.769886363636364e-01,8.977272727272727e-01,1.071828564220251e-02
2.911931818181818e-01,8.977272727272727e-01,1.075923043463940e-02
3.053977272727273e-01,8.977272727272727e-01,1.075923043463940e-02
3.196022727272727e-01,8.977272727272727e-01,1.075923043463940e-02
3.338068181818182e-01,8.977272727272727e-01,1.075923043463940e-02
3.480113636363636e-01,8.977272727272727e-01,9.946378132417482e-03
3.622159090909091e-01,8.977272727272727e-01,9.946378132417482e-03
3.764204545454545e-01,8.977272727272727e-01,9.946378132417482e-03
3.906250000000000e-01,8.977272727272727e-01,9.946378132417482e-03
4.048295454545455e-01,8.977272727272727e-01,9.946378132417482e-03
4.190340909090909e-01,8.977272727272727e-01,8.382886413568892e-03
4.332386363636364e-01,8.977272727272727e-01,8.382886413568892e-03
4.474431818181818e-01,8.977272727272727e-01,8.382886413568892e-03
4.616477272727273e-01,8.977272727272727e-01,8.382886413568892e-03
4.758522727272727e-01,8.977272727272727e-01,6.172959264008354e-03
4.900568181818182e-01,8.977272727272727e-01,6.172959264008354e-03
5.042613636363636e-01,8.977272727272727e-01,6.172959264008354e-03
5.184659090909091e-01,8.977272727272727e-01,6.172959264008354e-03
5.326704545454546e-01,8.977272727272727e-01,3.422165681807731e-03
5.468750000000000e-01,8.977272727272727e-01,3.422165681807731e-03
5.610795454545454e-01,8.977272727272727e-01,3.422165681807731e-03
5.752840909090909e-01,8.977272727272727e-01,3.422165681807731e-03
5.894886363636364e-01,8.977272727272727e-01,3.422165681807731e-03
6.036931818181818e-01,8.977272727272727e-01,2.381324524581132e-04
6.178977272727273e-01,8.977272727272727e-01,2.381324524581132e-04
7.102272727272727e-03,9.204545454545454e-01,0.000000000000000e+00
2.130681818181818e-02,9.204545454545454e-01,0.000000000000000e+00
3.551136363636364e-02,9.204545454545454e-01,2.513586328805276e-03
4.971590909090909e-02,9.204545454545454e-01,2.513586328805276e-03
6.392045454545454e-02,9.204545454545454e-01,2.513586328805276e-03
7.812500000000000e-02,9.204545454545454e-01,2.513586328805276e-03
9.232954545454546e-02,9.204545454545454e-01,2.513586328805276e-03
1.065340909090909e-01,9.204545454545454e-01,4.339759836895845e-03
1.207386363636364e-01,9.204545454545454e-01,4.339759836895845e-03
1.349431818181818e-01,9.204545454545454e-01,4.339759836895845e-03
1.491477272727273e-01,9.204545454545454e-01,4.339759836895845e-03
1.633522727272727e-01,9.204545454545454e-01,5.523146690165033e-03
1.775568181818182e-01,9.204545454545454e-01,5.523146690165033e-03
1.917613636363636e-01,9.204545454545454e-01,5.523146690165033e-03
2.059659090909091e-01,9.204545454545454e-01,5.523146690165033e-03
2.201704545454546e-01,9.204545454545454e-01,6.113207642630665e-03
2.343750000000000e-01,9.204545454545454e-01,6.113207642630665e-03
2.485795454545454e-01,9.204545454545454e-01,6.113207642630665e-03
2.627840909090909e-01,9.204545454545454e-01,6.113207642630665e-03
2.769886363636364e-01,9.204545454545454e-01,6.113207642630665e-03
2.911931818181818e-01,9.204545454545454e-01,6.161397535261824e-03
3.053977272727273e-01,9.204545454545454e-01,6.161397535261824e-03
3.196022727272727e-01,9.204545454545454e-01,6.161397535261824e-03
3.338068181818182e-01,9.204545454545454e-01,6.161397535261824e-03
3.480113636363636e-01,9.204545454545454e-01,5.720187500054262e-03
3.622159090909091e-01,9.204545454545454e-01,5.720187500054262e-03
3.764204545454545e-01,9.204545454545454e-01,5.720187500054262e-03
3.906250000000000e-01,9.204545454545454e-01,5.720187500054262e-03
4.048295454545455e-01,9.204545454545454e-01,5.720187500054262e-03
4.190340909090909e-01,9.204545454545454e-01,4.842750037522054e-03
4.332386363636364e-01,9.204545454545454e-01,4.842750037522054e-03
4.474431818181818e-01,9.204545454545454e-01,4.842750037522054e-03
4.616477272727273e-01,9.204545454545454e-01,4.842750037522054e-03
4.758522727272727e-01,9.204545454545454e-01,3.582999214449455e-03
4.900568181818182e-01,9.204545454545454e-01,3.582999214449455e-03
5.042613636363636e-01,9.204545454545454e-01,3.582999214449455e-03
5.184659090909091e-01,9.204545454545454e-01,3.582999214449455e-03
5.326704545454546e-01,9.204545454545454e-01,1.996067686300553e-03
5.468750000000000e-01,9.204545454545454e-01,1.996067686300553e-03
5.610795454545454e-01,9.204545454545454e-01,1.996067686300553e-03
5.752840909090909e-01,9.204545454545454e-01,1.996067686300553e-03
5.894886363636364e-01,9.204545454545454e-01,1.996067686300553e-03
6.036931818181818e-01,9.204545454545454e-01,1.398558848314352e-04
6.178977272727273e-01,9.204545454545454e-01,1.398558848314352e-04
7.102272727272727e-03,9.431818181818182e-01,0.000000000000000e+00
2.130681818181818e-02,9.431818181818182e-01,0.000000000000000e+00
3.551136363636364e-02,9.431818181818182e-01,2.513586328805276e-03
4.971590909090909e-02,9.431818181818182e-01,2.513586328805276e-03
6.392045454545454e-02,9.431818181818182e-01,2.513586328805276e-03
7.812500000000000e-02,9.431818181818182e-01,2.513586328805276e-03
9.232954545454546e-02,9.431818181818182e-01,2.513586328805276e-03
1.065340909090909e-01,9.431818181818182e-01,4.339759836895845e-03
1.207386363636364e-01,9.431818181818182e-01,4.339759836895845e-03
1.349431818181818e-01,9.431818181818182e-01,4.339759836895845e-03
1.491477272727273e-01,9.431818181818182e-01,4.339759836895845e-03
1.633522727272727e-01,9.431818181818182e-01,5.523146690165033e-03
1.775568181818182e-01,9.431818181818182e-01,5.523146690165033e-03
1.917613636363636e-01,9.431818181818182e-01,5.523146690165033e-03
2.059659090909091e-01,9.431818181818182e-01,5.523146690165033e-03
2.201704545454546e-01,9.431818181818182e-01,6.113207642630665e-03
2.343750000000000e-01,9.431818181818182e-01,6.113207642630665e-03
2.485795454545454e-01,9.431818181818182e-01,6.113207642630665e-03
2.627840909090909e-01,9.431818181818182e-01,6.113207642630665e-03
2.769886363636364e-01,9.431818181818182e-01,6.113207642630665e-03
2.911931818181818e-01,9.431818181818182e-01,6.161397535261824e-03
3.053977272727273e-01,9.431818181818182e-01,6.161397535261824e-03
3.196022727272727e-01,9.431818181818182e-01,6.161397535261824e-03
3.338068181818182e-01,9.431818181818182e-01,6.161397535261824e-03
3.480113636363636e-01,9.431818181818182e-01,5.720187500054262e-03
3.622159090909091e-01,9.431818181818182e-01,5.720187500054262e-03
3.764204545454545e-01,9.431818181818182e-01,5.720187500054262e-03
3.906250000000000e-01,9.431818181818182e-01,5.720187500054262e-03
4.048295454545455e-01,9.431818181818182e-01,5.720187500054262e-03
4.190340909090909e-01,9.431818181818182e-01,4.842750037522054e-03
4.332386363636364e-01,9.431818181818182e-01,4.842750037522054e-03
4.474431818181818e-01,9.431818181818182e-01,4.842750037522054e-03
4.616477272727273e-01,9.431818181818182e-01,4.842750037522054e-03
4.758522727272727e-01,9.431818181818182e-01,3.582999214449455e-03
4.900568181818182e-01,9.431818181818182e-01,3.582999214449455e-03
5.042613636363636e-01,9.431818181818182e-01,3.582999214449455e-03
5.184659090909091e-01,9.431818181818182e-01,3.582999214449455e-03
5.326704545454546e-01,9.431818181818182e-01,1.996067686300553e-03
5.468750000000000e-01,9.431818181818182e-01,1.996067686300553e-03
5.610795454545454e-01,9.431818181818182e-01,1.996067686300553e-03
5.752840909090909e-01,9.431818181818182e-01,1.996067686300553e-03
5.894886363636364e-01,9.431818181818182e-01,1.996067686300553e-03
6.036931818181818e-01,9.431818181818182e-01,1.398558848314352e-04
6.178977272727273e-01,9.431818181818182e-01,1.398558848314352e-04
7.102272727272727e-03,9.659090909090909e-01,0.000000000000000e+00
2.130681818181818e-02,9.659090909090909e-01,0.000000000000000e+00
3.551136363636364e-02,9.659090909090909e-01,2.513586328805276e-03
4.971590909090909e-02,9.659090909090909e-01,2.513586328805276e-03
6.392045454545454e-02,9.659090909090909e-01,2.513586328805276e-03
7.812500000000000e-02,9.659090909090909e-01,2.513586328805276e-03
9.232954545454546e-02,9.659090909090909e-01,2.513586328805276e-03
1.065340909090909e-01,9.659090909090909e-01,4.339759836895845e-03
1.207386363636364e-01,9.659090909090909e-01,4.339759836895845e-03
1.349431818181818e-01,9.659090909090909e-01,4.339759836895845e-03
1.491477272727273e-01,9.659090909090909e-01,4.339759836895845e-03
1.633522727272727e-01,9.659090909090909e-01,5.523146690165033e-03
1.775568181818182e-01,9.659090909090909e-01,5.523146690165033e-03
1.917613636363636e-01,9.659090909090909e-01,5.523146690165033e-03
2.059659090909091e-01,9.659090909090909e-01,5.523146690165033e-03
2.201704545454546e-01,9.659090909090909e-01,6.113207642630665e-03
2.343750000000000e-01,9.659090909090909e-01,6.113207642630665e-03
2.485795454545454e-01,9.659090909090909e-01,6.113207642630665e-03
2.627840909090909e-01,9.659090909090909e-01,6.113207642630665e-03
2.769886363636364e-01,9.659090909090909e-01,6.113207642630665e-03
2.911931818181818e-01,9.659090909090909e-01,6.161397535261824e-03
3.053977272727273e-01,9.659090909090909e-01,6.161397535261824e-03
3.196022727272727e-01,9.659090909090909e-01,6.161397535261824e-03
3.338068181818182e-01,9.659090909090909e-01,6.161397535261824e-03
3.480113636363636e-01,9.659090909090909e-01,5.720187500054262e-03
3.622159090909091e-01,9.659090909090909e-01,5.720187500054262e-03
3.764204545454545e-01,9.659090909090909e-01,5.720187500054262e-03
3.906250000000000e-01,9.659090909090909e-01,5.720187500054262e-03
4.048295454545455e-01,9.659090909090909e-01,5.720187500054262e-03
4.190340909090909e-01,9.659090909090909e-01,4.842750037522054e-03
4.332386363636364e-01,9.659090909090909e-01,4.842750037522054e-03
4.474431818181818e-01,9.659090909090909e-01,4.842750037522054e-03
4.616477272727273e-01,9.659090909090909e-01,4.842750037522054e-03
4.758522727272727e-01,9.659090909090909e-01,3.582999214449455e-03
4.900568181818182e-01,9.659090909090909e-01,3.582999214449455e-03
5.042613636363636e-01,9.659090909090909e-01,3.582999214449455e-03
5.184659090909091e-01,9.659090909090909e-01,3.582999214449455e-03
5.326704545454546e-01,9.659090909090909e-01,1.996067686300553e-03
5.468750000000000e-01,9.659090909090909e-01,1.996067686300553e-03
5.610795454545454e-01,9.659090909090909e-01,1.996067686300553e-03
5.752840909090909e-01,9.659090909090909e-01,1.996067686300553e-03
5.894886363636364e-01,9.659090909090909e-01,1.996067686300553e-03
6.036931818181818e-01,9.659090909090909e-01,1.398558848314352e-04
6.178977272727273e-01,9.659090909090909e-01,1.398558848314352e-04
7.102272727272727e-03,9.886363636363636e-01,0.000000000000000e+00
2.130681818181818e-02,9.886363636363636e-01,0.000000000000000e+00
3.551136363636364e-02,9.886363636363636e-01,0.000000000000000e+00
4.971590909090909e-02,9.886363636363636e-01,0.000000000000000e+00
6.392045454545454e-02,9.886363636363636e-01,0.000000000000000e+00
7.812500000000000e-02,9.886363636363636e-01,0.000000000000000e+00
9.232954545454546e-02,9.886363636363636e-01,0.000000000000000e+00
1.065340909090909e-01,9.886363636363636e-01,0.000000000000000e+00
1.207386363636364e-01,9.886363636363636e-01,0.000000000000000e+00
1.349431818181818e-01,9.886363636363636e-01,0.000000000000000e+00
1.491477272727273e-01,9.886363636363636e-01,0.000000000000000e+00
1.633522727272727e-01,9.886363636363636e-01,0.000000000000000e+00
1.775568181818182e-01,9.886363636363636e-01,0.000000000000000e+00
1.917613636363636e-01,9.886363636363636e-01,0.000000000000000e+00
2.059659090909091e-01,9.886363636363636e-01,0.000000000000000e+00
2.201704545454546e-01,9.886363636363636e-01,0.000000000000000e+00
2.343750000000000e-01,9.886363636363636e-01,0.000000000000000e+00
2.485795454545454e-01,9.886363636363636e-01,0.000000000000000e+00
2.627840909090909e-01,9.886363636363636e-01,0.000000000000000e+00
2.769886363636364e-01,9.886363636363636e-01,0.000000000000000e+00
2.911931818181818e-01,9.886363636363636e-01,0.000000000000000e+00
3.053977272727273e-01,9.886363636363636e-01,0.000000000000000e+00
3.196022727272727e-01,9.886363636363636e-01,0.000000000000000e+00
3.338068181818182e-01,9.886363636363636e-01,0.000000000000000e+00
3.480113636363636e-01,9.886363636363636e-01,0.000000000000000e+00
3.622159090909091e-01,9.886363636363636e-01,0.000000000000000e+00
3.764204545454545e-01,9.886363636363636e-01,0.000000000000000e+00
3.906250000000000e-01,9.886363636363636e-01,0.000000000000000e+00
4.048295454545455e-01,9.886363636363636e-01,0.000000000000000e+00
4.190340909090909e-01,9.886363636363636e-01,0.000000000000000e+00
4.332386363636364e-01,9.886363636363636e-01,0.000000000000000e+00
4.474431818181818e-01,9.886363636363636e-01,0.000000000000000e+00
4.616477272727273e-01,9.886363636363636e-01,0.000000000000000e+00
4.758522727272727e-01,9.886363636363636e-01,0.000000000000000e+00
4.900568181818182e-01,9.886363636363636e-01,0.000000000000000e+00
5.042613636363636e-01,9.886363636363636e-01,0.000000000000000e+00
5.184659090909091e-01,9.886363636363636e-01,0.000000000000000e+00
5.326704545454546e-01,9.886363636363636e-01,0.000000000000000e+00
5.468750000000000e-01,9.886363636363636e-01,0.000000000000000e+00
5.610795454545454e-01,9.886363636363636e-01,0.000000000000000e+00
5.752840909090909e-01,9.886363636363636e-01,0.000000000000000e+00
5.894886363636364e-01,9.886363636363636e-01,0.000000000000000e+00
6.036931818181818e-01,9.886363636363636e-01,0.000000000000000e+00
6.178977272727273e-01,9.886363636363636e-01,0.000000000000000e+00
