x, y, u
6.349431818181818e-01, 1.136363636363636e-02, -7.391089967232810e-06
6.349431818181818e-01, 3.409090909090909e-02, -2.128796701266711e-05
6.349431818181818e-01, 5.681818181818182e-02, -4.305771260962997e-05
6.349431818181818e-01, 7.954545454545454e-02, -3.595989557362470e-05
6.349431818181818e-01, 1.022727272727273e-01, -3.845405189384925e-05
6.349431818181818e-01, 1.250000000000000e-01, -3.816002429426959e-05
6.349431818181818e-01, 1.477272727272727e-01, -5.076682059686249e-05
6.349431818181818e-01, 1.704545454545454e-01, -2.711584554328514e-05
6.349431818181818e-01, 1.931818181818182e-01, -1.837873140650987e-05
6.349431818181818e-01, 2.159090909090909e-01, -2.436475131390820e-05
6.349431818181818e-01, 2.386363636363636e-01, 6.372441647154718e-06
6.349431818181818e-01, 2.613636363636364e-01, 2.130598995233528e-05
6.349431818181818e-01, 2.840909090909091e-01, 3.758124907606367e-05
6.349431818181818e-01, 3.068181818181818e-01, 7.735768300912441e-05
6.349431818181818e-01, 3.295454545454545e-01, 7.461250219401941e-05
6.349431818181818e-01, 3.522727272727273e-01, 9.419008743329928e-05
6.349431818181818e-01, 3.750000000000000e-01, 1.143413952176278e-04
6.349431818181818e-01, 3.977272727272727e-01, 1.858545100921920e-04
6.349431818181818e-01, 4.204545454545455e-01, 1.559489053787062e-04
6.349431818181818e-01, 4.431818181818182e-01, 1.765228251456017e-04
6.349431818181818e-01, 4.659090909090909e-01, 3.335530714209129e-04
6.349431818181818e-01, 4.886363636363636e-01, 2.166307440958049e-04
6.349431818181818e-01, 5.113636363636364e-01, 2.354135186857253e-04
6.349431818181818e-01, 5.340909090909091e-01, 2.533465962302390e-04
6.349431818181818e-01, 5.568181818181818e-01, 4.258653011023200e-04
6.349431818181818e-01, 5.795454545454546e-01, 2.847981174463871e-04
6.349431818181818e-01, 6.022727272727273e-01, 2.980701577552133e-04
6.349431818181818e-01, 6.250000000000000e-01, 3.097290698045189e-04
6.349431818181818e-01, 6.477272727272727e-01, 4.558101813833323e-04
6.349431818181818e-01, 6.704545454545454e-01, 3.248614963003226e-04
6.349431818181818e-01, 6.931818181818182e-01, 3.289882448408638e-04
6.349431818181818e-01, 7.159090909090909e-01, 5.926217280443994e-04
6.349431818181818e-01, 7.386363636363636e-01, 3.275000124124447e-04
6.349431818181818e-01, 7.613636363636364e-01, 3.218781065305341e-04
6.349431818181818e-01, 7.840909090909091e-01, 3.132182931111394e-04
6.349431818181818e-01, 8.068181818181818e-01, 4.954441366998240e-04
6.349431818181818e-01, 8.295454545454546e-01, 2.821609277086267e-04
6.349431818181818e-01, 8.522727272727273e-01, 2.608677251042908e-04
6.349431818181818e-01, 8.750000000000000e-01, 2.357676479111220e-04
6.349431818181818e-01, 8.977272727272727e-01, 3.082810225008533e-04
6.349431818181818e-01, 9.204545454545454e-01, 1.674248965049218e-04
6.349431818181818e-01, 9.431818181818182e-01, 1.267980356686414e-04
6.349431818181818e-01, 9.659090909090909e-01, 1.910743024291455e-04
6.349431818181818e-01, 9.886363636363636e-01, 2.665947526749900e-05
6.548295454545454e-01, 1.136363636363636e-02, -7.193487164027846e-06
6.548295454545454e-01, 3.409090909090909e-02, -4.754251978225854e-06
6.548295454545454e-01, 5.681818181818182e-02, -4.242900806323635e-05
6.548295454545454e-01, 7.954545454545454e-02, -3.817982567735151e-05
6.548295454545454e-01, 1.022727272727273e-01, -2.056866977722783e-05
6.548295454545454e-01, 1.250000000000000e-01, -3.748593703212771e-05
6.548295454545454e-01, 1.477272727272727e-01, -5.025355148556694e-05
6.548295454545454e-01, 1.704545454545454e-01, -2.389953152162169e-05
6.548295454545454e-01, 1.931818181818182e-01, -4.888512647795652e-06
6.548295454545454e-01, 2.159090909090909e-01, -2.447368800900632e-05
6.548295454545454e-01, 2.386363636363636e-01, 4.223317959054207e-06
6.548295454545454e-01, 2.613636363636364e-01, 1.708259898194484e-05
6.548295454545454e-01, 2.840909090909091e-01, 8.519354112009956e-06
6.548295454545454e-01, 3.068181818181818e-01, 7.576285900670829e-05
6.548295454545454e-01, 3.295454545454545e-01, 7.785108333243768e-05
6.548295454545454e-01, 3.522727272727273e-01, 5.352358275800833e-05
6.548295454545454e-01, 3.750000000000000e-01, 1.115423337071587e-04
6.548295454545454e-01, 3.977272727272727e-01, 1.824290436850199e-04
6.548295454545454e-01, 4.204545454545455e-01, 1.394707081838243e-04
6.548295454545454e-01, 4.431818181818182e-01, 6.604483026150518e-05
6.548295454545454e-01, 4.659090909090909e-01, 3.288925832621711e-04
6.548295454545454e-01, 4.886363636363636e-01, 2.644418590600332e-04
6.548295454545454e-01, 5.113636363636364e-01, 1.697409439110121e-04
6.548295454545454e-01, 5.340909090909091e-01, 4.701982092004047e-05
6.548295454545454e-01, 5.568181818181818e-01, 4.195958378510980e-04
6.548295454545454e-01, 5.795454545454546e-01, 3.024932503157330e-04
6.548295454545454e-01, 6.022727272727273e-01, 1.610486274151282e-04
6.548295454545454e-01, 6.250000000000000e-01, 3.027041573987574e-04
6.548295454545454e-01, 6.477272727272727e-01, 4.485425079937507e-04
6.548295454545454e-01, 6.704545454545454e-01, 2.889769915552220e-04
6.548295454545454e-01, 6.931818181818182e-01, 1.174647795664103e-04
6.548295454545454e-01, 7.159090909090909e-01, 5.852047657471055e-04
6.548295454545454e-01, 7.386363636363636e-01, 4.081179576794450e-04
6.548295454545454e-01, 7.613636363636364e-01, 2.279539874152537e-04
6.548295454545454e-01, 7.840909090909091e-01, 5.473498435564954e-05
6.548295454545454e-01, 8.068181818181818e-01, 4.888424892022179e-04
6.548295454545454e-01, 8.295454545454546e-01, 3.023527999256564e-04
6.548295454545454e-01, 8.522727272727273e-01, 1.351495741422910e-04
6.548295454545454e-01, 8.750000000000000e-01, 2.305561845896073e-04
6.548295454545454e-01, 8.977272727272727e-01, 3.040573671578891e-04
6.548295454545454e-01, 9.204545454545454e-01, 1.469279368021502e-04
6.548295454545454e-01, 9.431818181818182e-01, 3.798471571504265e-05
6.548295454545454e-01, 9.659090909090909e-01, 1.894632890336383e-04
6.548295454545454e-01, 9.886363636363636e-01, 4.645270504368491e-05
6.747159090909091e-01, 1.136363636363636e-02, -7.165258192141421e-06
6.747159090909091e-01, 3.409090909090909e-02, -2.044827413604106e-05
6.747159090909091e-01, 5.681818181818182e-02, -4.143059628434947e-05
6.747159090909091e-01, 7.954545454545454e-02, -3.740233653216018e-05
6.747159090909091e-01, 1.022727272727273e-01, -3.700295467158782e-05
6.747159090909091e-01, 1.250000000000000e-01, -3.677161518777098e-05
6.747159090909091e-01, 1.477272727272727e-01, -4.911730287695539e-05
6.747159090909091e-01, 1.704545454545454e-01, -2.346122237601327e-05
6.747159090909091e-01, 1.931818181818182e-01, -1.794133031822986e-05
6.747159090909091e-01, 2.159090909090909e-01, -2.410934857152224e-05
6.747159090909091e-01, 2.386363636363636e-01, 3.943723934265029e-06
6.747159090909091e-01, 2.613636363636364e-01, 1.997429726037672e-05
6.747159090909091e-01, 2.840909090909091e-01, 3.545435224075648e-05
6.747159090909091e-01, 3.068181818181818e-01, 7.336054646203144e-05
6.747159090909091e-01, 3.295454545454545e-01, 7.590011653317210e-05
6.747159090909091e-01, 3.522727272727273e-01, 8.958943950438144e-05
6.747159090909091e-01, 3.750000000000000e-01, 1.087703933199682e-04
6.747159090909091e-01, 3.977272727272727e-01, 1.773180441485340e-04
6.747159090909091e-01, 4.204545454545455e-01, 1.364637098225202e-04
6.747159090909091e-01, 4.431818181818182e-01, 1.682647378349064e-04
6.747159090909091e-01, 4.659090909090909e-01, 3.191474607067763e-04
6.747159090909091e-01, 4.886363636363636e-01, 2.575491769754572e-04
6.747159090909091e-01, 5.113636363636364e-01, 2.246252472666578e-04
6.747159090909091e-01, 5.340909090909091e-01, 2.417106607289824e-04
6.747159090909091e-01, 5.568181818181818e-01, 4.076782857615359e-04
6.747159090909091e-01, 5.795454545454546e-01, 2.952008958602975e-04
6.747159090909091e-01, 6.022727272727273e-01, 2.845389343422301e-04
6.747159090909091e-01, 6.250000000000000e-01, 2.956625445860622e-04
6.747159090909091e-01, 6.477272727272727e-01, 4.363287081307130e-04
6.747159090909091e-01, 6.704545454545454e-01, 2.827093063838193e-04
6.747159090909091e-01, 6.931818181818182e-01, 3.141517601110270e-04
6.747159090909091e-01, 7.159090909090909e-01, 5.682040373173210e-04
6.747159090909091e-01, 7.386363636363636e-01, 3.975262367405112e-04
6.747159090909091e-01, 7.613636363636364e-01, 3.074014400243384e-04
6.747159090909091e-01, 7.840909090909091e-01, 2.991812250585245e-04
6.747159090909091e-01, 8.068181818181818e-01, 4.750060236441010e-04
6.747159090909091e-01, 8.295454545454546e-01, 2.949312073245281e-04
6.747159090909091e-01, 8.522727272727273e-01, 2.491617719305036e-04
6.747159090909091e-01, 8.750000000000000e-01, 2.252992599048368e-04
6.747159090909091e-01, 8.977272727272727e-01, 2.956070833002610e-04
6.747159090909091e-01, 9.204545454545454e-01, 1.434398353419019e-04
6.747159090909091e-01, 9.431818181818182e-01, 1.211058871764117e-04
6.747159090909091e-01, 9.659090909090909e-01, 1.836571640148693e-04
6.747159090909091e-01, 9.886363636363636e-01, 4.479937073918301e-05
6.946022727272727e-01, 1.136363636363636e-02, -6.929626618662378e-06
6.946022727272727e-01, 3.409090909090909e-02, -1.999640639400373e-05
6.946022727272727e-01, 5.681818181818182e-02, -4.041281957100446e-05
6.946022727272727e-01, 7.954545454545454e-02, -3.384976645376669e-05
6.946022727272727e-01, 1.022727272727273e-01, -3.625333902238899e-05
6.946022727272727e-01, 1.250000000000000e-01, -3.604177692030135e-05
6.946022727272727e-01, 1.477272727272727e-01, -3.198433474468756e-05
6.946022727272727e-01, 1.704545454545454e-01, -2.585215100043895e-05
6.946022727272727e-01, 1.931818181818182e-01, -1.773455491445363e-05
6.946022727272727e-01, 2.159090909090909e-01, -2.367719328937390e-05
6.946022727272727e-01, 2.386363636363636e-01, 5.277717817214862e-06
6.946022727272727e-01, 2.613636363636364e-01, 1.920166276620977e-05
6.946022727272727e-01, 2.840909090909091e-01, 3.438635682226846e-05
6.946022727272727e-01, 3.068181818181818e-01, 7.100974132728193e-05
6.946022727272727e-01, 3.295454545454545e-01, 6.889939287368769e-05
6.946022727272727e-01, 3.522727272727273e-01, 8.718416210099766e-05
6.946022727272727e-01, 3.750000000000000e-01, 1.060096626362949e-04
6.946022727272727e-01, 3.977272727272727e-01, 1.255195073784233e-04
6.946022727272727e-01, 4.204545454545455e-01, 1.448293813212746e-04
6.946022727272727e-01, 4.431818181818182e-01, 1.640623869083610e-04
6.946022727272727e-01, 4.659090909090909e-01, 3.094285757202931e-04
6.946022727272727e-01, 4.886363636363636e-01, 2.015068320045294e-04
6.946022727272727e-01, 5.113636363636364e-01, 2.190784845314323e-04
6.946022727272727e-01, 5.340909090909091e-01, 2.358572548805020e-04
6.946022727272727e-01, 5.568181818181818e-01, 3.957602617721600e-04
6.946022727272727e-01, 5.795454545454546e-01, 2.652540257277633e-04
6.946022727272727e-01, 6.022727272727273e-01, 2.776883424067057e-04
6.946022727272727e-01, 6.250000000000000e-01, 2.886140832675823e-04
6.946022727272727e-01, 6.477272727272727e-01, 2.967864772602363e-04
6.946022727272727e-01, 6.704545454545454e-01, 3.028087877863135e-04
6.946022727272727e-01, 6.931818181818182e-01, 3.067056583792833e-04
6.946022727272727e-01, 7.159090909090909e-01, 5.511589406592015e-04
6.946022727272727e-01, 7.386363636363636e-01, 3.054090596617682e-04
6.946022727272727e-01, 7.613636363636364e-01, 3.002052087453156e-04
6.946022727272727e-01, 7.840909090909091e-01, 2.921576171013396e-04
6.946022727272727e-01, 8.068181818181818e-01, 4.611178531072457e-04
6.946022727272727e-01, 8.295454545454546e-01, 2.632851130611030e-04
6.946022727272727e-01, 8.522727272727273e-01, 2.434377505297930e-04
6.946022727272727e-01, 8.750000000000000e-01, 2.200248663769453e-04
6.946022727272727e-01, 8.977272727272727e-01, 1.900956064497945e-04
6.946022727272727e-01, 9.204545454545454e-01, 1.563569992661366e-04
6.946022727272727e-01, 9.431818181818182e-01, 1.184257403081483e-04
6.946022727272727e-01, 9.659090909090909e-01, 1.777961953581022e-04
6.946022727272727e-01, 9.886363636363636e-01, 2.500121944367170e-05
7.144886363636364e-01, 1.136363636363636e-02, -6.778010563632424e-06
7.144886363636364e-01, 3.409090909090909e-02, -1.957188143991986e-05
7.144886363636364e-01, 5.681818181818182e-02, -3.973206055111668e-05
7.144886363636364e-01, 7.954545454545454e-02, -3.582876207698825e-05
7.144886363636364e-01, 1.022727272727273e-01, -1.939182680922396e-05
7.144886363636364e-01, 1.250000000000000e-01, -3.528958003338129e-05
7.144886363636364e-01, 1.477272727272727e-01, -4.734350476771872e-05
7.144886363636364e-01, 1.704545454545454e-01, -2.267803980240656e-05
7.144886363636364e-01, 1.931818181818182e-01, -4.736101585307810e-06
7.144886363636364e-01, 2.159090909090909e-01, -2.370039574953010e-05
7.144886363636364e-01, 2.386363636363636e-01, 3.237462027676988e-06
7.144886363636364e-01, 2.613636363636364e-01, 1.554225005983037e-05
7.144886363636364e-01, 2.840909090909091e-01, 3.342082963881374e-05
7.144886363636364e-01, 3.068181818181818e-01, 6.948644621409439e-05
7.144886363636364e-01, 3.295454545454545e-01, 7.184872646013451e-05
7.144886363636364e-01, 3.522727272727273e-01, 4.971803098293654e-05
7.144886363636364e-01, 3.750000000000000e-01, 1.032653541864986e-04
7.144886363636364e-01, 3.977272727272727e-01, 1.688558941941707e-04
7.144886363636364e-01, 4.204545454545455e-01, 1.294489714395157e-04
7.144886363636364e-01, 4.431818181818182e-01, 6.175322479580818e-05
7.144886363636364e-01, 4.659090909090909e-01, 3.047914135315277e-04
7.144886363636364e-01, 4.886363636363636e-01, 2.454360752279493e-04
7.144886363636364e-01, 5.113636363636364e-01, 1.579767834983473e-04
7.144886363636364e-01, 5.340909090909091e-01, 2.300743411276213e-04
7.144886363636364e-01, 5.568181818181818e-01, 3.894796487929931e-04
7.144886363636364e-01, 5.795454545454546e-01, 2.811967251735858e-04
7.144886363636364e-01, 6.022727272727273e-01, 1.502687406151808e-04
7.144886363636364e-01, 6.250000000000000e-01, 2.815556070027268e-04
7.144886363636364e-01, 6.477272727272727e-01, 4.167851071677358e-04
7.144886363636364e-01, 6.704545454545454e-01, 2.689807149170963e-04
7.144886363636364e-01, 6.931818181818182e-01, 1.100180766456337e-04
7.144886363636364e-01, 7.159090909090909e-01, 5.436790386419411e-04
7.144886363636364e-01, 7.386363636363636e-01, 3.795418142263380e-04
7.144886363636364e-01, 7.613636363636364e-01, 2.124709300901491e-04
7.144886363636364e-01, 7.840909090909091e-01, 2.850504169689729e-04
7.144886363636364e-01, 8.068181818181818e-01, 4.544333676120827e-04
7.144886363636364e-01, 8.295454545454546e-01, 2.814014237649217e-04
7.144886363636364e-01, 8.522727272727273e-01, 1.261870942914492e-04
7.144886363636364e-01, 8.750000000000000e-01, 2.147253235817329e-04
7.144886363636364e-01, 8.977272727272727e-01, 2.828003373991304e-04
7.144886363636364e-01, 9.204545454545454e-01, 1.368305623644257e-04
7.144886363636364e-01, 9.431818181818182e-01, 3.551136539332323e-05
7.144886363636364e-01, 9.659090909090909e-01, 1.761206166176902e-04
7.144886363636364e-01, 9.886363636363636e-01, 4.312379199877105e-05
7.343750000000000e-01, 1.136363636363636e-02, -6.687040930614452e-06
7.343750000000000e-01, 3.409090909090909e-02, -1.910356177471474e-05
7.343750000000000e-01, 5.681818181818182e-02, -3.867964788279999e-05
7.343750000000000e-01, 7.954545454545454e-02, -3.500462096551959e-05
7.343750000000000e-01, 1.022727272727273e-01, -3.467908797488372e-05
7.343750000000000e-01, 1.250000000000000e-01, -3.451528355413969e-05
7.343750000000000e-01, 1.477272727272727e-01, -4.609931345096583e-05
7.343750000000000e-01, 1.704545454545454e-01, -2.482117440480754e-05
7.343750000000000e-01, 1.931818181818182e-01, -1.714266759623383e-05
7.343750000000000e-01, 2.159090909090909e-01, -2.317481841910937e-05
7.343750000000000e-01, 2.386363636363636e-01, 3.056858896136637e-06
7.343750000000000e-01, 2.613636363636364e-01, 1.801697340168944e-05
7.343750000000000e-01, 2.840909090909091e-01, 3.239997240909158e-05
7.343750000000000e-01, 3.068181818181818e-01, 6.721117842159600e-05
7.343750000000000e-01, 3.295454545454545e-01, 6.996355395365928e-05
7.343750000000000e-01, 3.522727272727273e-01, 8.269569288602086e-05
7.343750000000000e-01, 3.750000000000000e-01, 1.005385543843905e-04
7.343750000000000e-01, 3.977272727272727e-01, 1.638198317039422e-04
7.343750000000000e-01, 4.204545454545455e-01, 1.376288392493292e-04
7.343750000000000e-01, 4.431818181818182e-01, 1.558640558885783e-04
7.343750000000000e-01, 4.659090909090909e-01, 2.951060388272163e-04
7.343750000000000e-01, 4.886363636363636e-01, 2.385679988880547e-04
7.343750000000000e-01, 5.113636363636364e-01, 2.083056310706072e-04
7.343750000000000e-01, 5.340909090909091e-01, 2.242206091078097e-04
7.343750000000000e-01, 5.568181818181818e-01, 3.775566114591852e-04
7.343750000000000e-01, 5.795454545454546e-01, 2.738917582230054e-04
7.343750000000000e-01, 6.022727272727273e-01, 2.641115196659765e-04
7.343750000000000e-01, 6.250000000000000e-01, 2.744866001564744e-04
7.343750000000000e-01, 6.477272727272727e-01, 4.045185218430284e-04
7.343750000000000e-01, 6.704545454545454e-01, 2.880678848686793e-04
7.343750000000000e-01, 6.931818181818182e-01, 2.917687384439095e-04
7.343750000000000e-01, 7.159090909090909e-01, 5.265686143699481e-04
7.343750000000000e-01, 7.386363636363636e-01, 3.688734513835659e-04
7.343750000000000e-01, 7.613636363636364e-01, 2.855966323027778e-04
7.343750000000000e-01, 7.840909090909091e-01, 2.779800721726871e-04
7.343750000000000e-01, 8.068181818181818e-01, 4.404667173094106e-04
7.343750000000000e-01, 8.295454545454546e-01, 2.739037526649838e-04
7.343750000000000e-01, 8.522727272727273e-01, 2.315772720002616e-04
7.343750000000000e-01, 8.750000000000000e-01, 2.094015169431900e-04
7.343750000000000e-01, 8.977272727272727e-01, 2.742349984568852e-04
7.343750000000000e-01, 9.204545454545454e-01, 1.485727654565817e-04
7.343750000000000e-01, 9.431818181818182e-01, 1.126021995176179e-04
7.343750000000000e-01, 9.659090909090909e-01, 1.702039970804331e-04
7.343750000000000e-01, 9.886363636363636e-01, 4.143461220869743e-05
7.542613636363636e-01, 1.136363636363636e-02, -6.439226264691743e-06
7.542613636363636e-01, 3.409090909090909e-02, -1.863060710671858e-05
7.542613636363636e-01, 5.681818181818182e-02, -2.676818523155385e-05
7.542613636363636e-01, 7.954545454545454e-02, -3.158998720274231e-05
7.542613636363636e-01, 1.022727272727273e-01, -3.387867355898651e-05
7.542613636363636e-01, 1.250000000000000e-01, -3.373004046463215e-05
7.542613636363636e-01, 1.477272727272727e-01, -3.002338198823511e-05
7.542613636363636e-01, 1.704545454545454e-01, -2.437404863433834e-05
7.542613636363636e-01, 1.931818181818182e-01, -1.687186962446561e-05
7.542613636363636e-01, 2.159090909090909e-01, -2.260092806255875e-05
7.542613636363636e-01, 2.386363636363636e-01, 4.397201592027480e-06
7.542613636363636e-01, 2.613636363636364e-01, 1.730528065668984e-05
7.542613636363636e-01, 2.840909090909091e-01, 3.139112452188426e-05
7.542613636363636e-01, 3.068181818181818e-01, 4.698252945061741e-05
7.542613636363636e-01, 3.295454545454545e-01, 6.335935686499949e-05
7.542613636363636e-01, 3.522727272727273e-01, 8.033676608614786e-05
7.542613636363636e-01, 3.750000000000000e-01, 9.782068773099341e-05
7.542613636363636e-01, 3.977272727272727e-01, 1.158718076011469e-04
7.542613636363636e-01, 4.204545454545455e-01, 1.338132188675525e-04
7.542613636363636e-01, 4.431818181818182e-01, 1.516861400140992e-04
7.542613636363636e-01, 4.659090909090909e-01, 2.854411264915705e-04
7.542613636363636e-01, 4.886363636363636e-01, 1.864229526243443e-04
7.542613636363636e-01, 5.113636363636364e-01, 2.027627659924286e-04
7.542613636363636e-01, 5.340909090909091e-01, 2.183663804833073e-04
7.542613636363636e-01, 5.568181818181818e-01, 2.327768032123961e-04
7.542613636363636e-01, 5.795454545454546e-01, 2.456631300553681e-04
7.542613636363636e-01, 6.022727272727273e-01, 2.572395174232585e-04
7.542613636363636e-01, 6.250000000000000e-01, 2.674122665576027e-04
7.542613636363636e-01, 6.477272727272727e-01, 2.750009124769988e-04
7.542613636363636e-01, 6.704545454545454e-01, 2.806290088755220e-04
7.542613636363636e-01, 6.931818181818182e-01, 2.842790533683020e-04
7.542613636363636e-01, 7.159090909090909e-01, 5.094252343671485e-04
7.542613636363636e-01, 7.386363636363636e-01, 2.831416297004520e-04
7.542613636363636e-01, 7.613636363636364e-01, 2.783437040862561e-04
7.542613636363636e-01, 7.840909090909091e-01, 2.708977451166311e-04
7.542613636363636e-01, 8.068181818181818e-01, 2.593722958319066e-04
7.542613636363636e-01, 8.295454545454546e-01, 2.441951136536006e-04
7.542613636363636e-01, 8.522727272727273e-01, 2.257912149737461e-04
7.542613636363636e-01, 8.750000000000000e-01, 2.040658738442172e-04
7.542613636363636e-01, 8.977272727272727e-01, 1.763994966595046e-04
7.542613636363636e-01, 9.204545454545454e-01, 1.450926124390733e-04
7.542613636363636e-01, 9.431818181818182e-01, 1.098802146731602e-04
7.542613636363636e-01, 9.659090909090909e-01, 1.642602765715207e-04
7.542613636363636e-01, 9.886363636363636e-01, 2.331297916300362e-05
7.741477272727273e-01, 1.136363636363636e-02, -6.344763877903626e-06
7.741477272727273e-01, 3.409090909090909e-02, -1.818978263504070e-05
7.741477272727273e-01, 5.681818181818182e-02, -3.690386443081021e-05
7.741477272727273e-01, 7.954545454545454e-02, -3.334597096114589e-05
7.741477272727273e-01, 1.022727272727273e-01, -1.813783144640179e-05
7.741477272727273e-01, 1.250000000000000e-01, -3.292675939647103e-05
7.741477272727273e-01, 1.477272727272727e-01, -4.417357834951352e-05
7.741477272727273e-01, 1.704545454545454e-01, -2.128745557689937e-05
7.741477272727273e-01, 1.931818181818182e-01, -1.647753780341320e-05
7.741477272727273e-01, 2.159090909090909e-01, -2.256290070730596e-05
7.741477272727273e-01, 2.386363636363636e-01, 2.500663465594422e-06
7.741477272727273e-01, 2.613636363636364e-01, 1.413297684513818e-05
7.741477272727273e-01, 2.840909090909091e-01, 3.048317579019255e-05
7.741477272727273e-01, 3.068181818181818e-01, 6.350462013035776e-05
7.741477272727273e-01, 3.295454545454545e-01, 6.602130328715487e-05
7.741477272727273e-01, 3.522727272727273e-01, 4.598421343768499e-05
7.741477272727273e-01, 3.750000000000000e-01, 9.511806730851517e-05
7.741477272727273e-01, 3.977272727272727e-01, 1.554603572232562e-04
7.741477272727273e-01, 4.204545454545455e-01, 1.195135682120167e-04
7.741477272727273e-01, 4.431818181818182e-01, 1.476967539042715e-04
7.741477272727273e-01, 4.659090909090909e-01, 2.808222286518183e-04
7.741477272727273e-01, 4.886363636363636e-01, 2.264869502298084e-04
7.741477272727273e-01, 5.113636363636364e-01, 1.462247888423003e-04
7.741477272727273e-01, 5.340909090909091e-01, 2.125842831511006e-04
7.741477272727273e-01, 5.568181818181818e-01, 3.593449098089131e-04
7.741477272727273e-01, 5.795454545454546e-01, 2.598587159032468e-04
7.741477272727273e-01, 6.022727272727273e-01, 1.394568398958920e-04
7.741477272727273e-01, 6.250000000000000e-01, 2.603289321138567e-04
7.741477272727273e-01, 6.477272727272727e-01, 3.848938936922092e-04
7.741477272727273e-01, 6.704545454545454e-01, 2.488827286237019e-04
7.741477272727273e-01, 6.931818181818182e-01, 2.767825993435023e-04
7.741477272727273e-01, 7.159090909090909e-01, 5.018993699581727e-04
7.741477272727273e-01, 7.386363636363636e-01, 3.507674027265072e-04
7.741477272727273e-01, 7.613636363636364e-01, 1.968693510074233e-04
7.741477272727273e-01, 7.840909090909091e-01, 2.637355693451903e-04
7.741477272727273e-01, 8.068181818181818e-01, 4.197213040271773e-04
7.741477272727273e-01, 8.295454545454546e-01, 2.602461041064475e-04
7.741477272727273e-01, 8.522727272727273e-01, 1.171293854319605e-04
7.741477272727273e-01, 8.750000000000000e-01, 1.987110942336653e-04
7.741477272727273e-01, 8.977272727272727e-01, 2.612799001715094e-04
7.741477272727273e-01, 9.204545454545454e-01, 1.265911176549220e-04
7.741477272727273e-01, 9.431818181818182e-01, 1.067335790245874e-04
7.741477272727273e-01, 9.659090909090909e-01, 1.625618801090112e-04
7.741477272727273e-01, 9.886363636363636e-01, 3.973621574618799e-05
7.940340909090909e-01, 1.136363636363636e-02, -6.187326566590099e-06
7.940340909090909e-01, 3.409090909090909e-02, -1.770660540470998e-05
7.940340909090909e-01, 5.681818181818182e-02, -3.581760159968660e-05
7.940340909090909e-01, 7.954545454545454e-02, -3.006072220701901e-05
7.940340909090909e-01, 1.022727272727273e-01, -3.222448262605009e-05
7.940340909090909e-01, 1.250000000000000e-01, -3.211131419947887e-05
7.940340909090909e-01, 1.477272727272727e-01, -4.285551644885495e-05
7.940340909090909e-01, 1.704545454545454e-01, -2.323753087017945e-05
7.940340909090909e-01, 1.931818181818182e-01, -1.617018863844684e-05
7.940340909090909e-01, 2.159090909090909e-01, -2.192216937346600e-05
7.940340909090909e-01, 2.386363636363636e-01, 2.392396889278506e-06
7.940340909090909e-01, 2.613636363636364e-01, 1.622920803574372e-05
7.940340909090909e-01, 2.840909090909091e-01, 2.950961784601578e-05
7.940340909090909e-01, 3.068181818181818e-01, 6.132431230316144e-05
7.940340909090909e-01, 3.295454545454545e-01, 5.991669167246109e-05
7.940340909090909e-01, 3.522727272727273e-01, 7.593391425839651e-05
7.940340909090909e-01, 3.750000000000000e-01, 9.242630041620724e-05
7.940340909090909e-01, 3.977272727272727e-01, 1.504819063290762e-04
7.940340909090909e-01, 4.204545454545455e-01, 1.266705820677406e-04
7.940340909090909e-01, 4.431818181818182e-01, 1.435345287856144e-04
7.940340909090909e-01, 4.659090909090909e-01, 2.711834432456874e-04
7.940340909090909e-01, 4.886363636363636e-01, 2.196383513817123e-04
7.940340909090909e-01, 5.113636363636364e-01, 1.920027677051819e-04
7.940340909090909e-01, 5.340909090909091e-01, 2.067301835414475e-04
7.940340909090909e-01, 5.568181818181818e-01, 3.474185782581987e-04
7.940340909090909e-01, 5.795454545454546e-01, 2.327083779643515e-04
7.940340909090909e-01, 6.022727272727273e-01, 2.436288814238688e-04
7.940340909090909e-01, 6.250000000000000e-01, 2.532393403920148e-04
7.940340909090909e-01, 6.477272727272727e-01, 3.725879891217817e-04
7.940340909090909e-01, 6.704545454545454e-01, 2.658233766044093e-04
7.940340909090909e-01, 6.931818181818182e-01, 2.692677701178218e-04
7.940340909090909e-01, 7.159090909090909e-01, 4.847083341041626e-04
7.940340909090909e-01, 7.386363636363636e-01, 3.400427384464941e-04
7.940340909090909e-01, 7.613636363636364e-01, 2.636398468784137e-04
7.940340909090909e-01, 7.840909090909091e-01, 2.566200700585331e-04
7.940340909090909e-01, 8.068181818181818e-01, 4.056629047214213e-04
7.940340909090909e-01, 8.295454545454546e-01, 2.312104531190380e-04
7.940340909090909e-01, 8.522727272727273e-01, 2.138282802662342e-04
7.940340909090909e-01, 8.750000000000000e-01, 1.933438997465002e-04
7.940340909090909e-01, 8.977272727272727e-01, 2.526428402701117e-04
7.940340909090909e-01, 9.204545454545454e-01, 1.372280670582529e-04
7.940340909090909e-01, 9.431818181818182e-01, 1.039928072793796e-04
7.940340909090909e-01, 9.659090909090909e-01, 1.565899817629797e-04
7.940340909090909e-01, 9.886363636363636e-01, 3.803114126839334e-05
8.139204545454546e-01, 1.136363636363636e-02, -5.932148220878870e-06
8.139204545454546e-01, 3.409090909090909e-02, -1.722029673509229e-05
8.139204545454546e-01, 5.681818181818182e-02, -2.473327397707861e-05
8.139204545454546e-01, 7.954545454545454e-02, -2.923456349260213e-05
8.139204545454546e-01, 1.022727272727273e-01, -3.138966044180932e-05
8.139204545454546e-01, 1.250000000000000e-01, -3.128798626474196e-05
8.139204545454546e-01, 1.477272727272727e-01, -2.791928671441911e-05
8.139204545454546e-01, 1.704545454545454e-01, -2.274508184716382e-05
8.139204545454546e-01, 1.931818181818182e-01, -1.585301738824333e-05
8.139204545454546e-01, 2.159090909090909e-01, -7.033411105547874e-06
8.139204545454546e-01, 2.386363636363636e-01, 3.674159332815079e-06
8.139204545454546e-01, 2.613636363636364e-01, 1.556325542893790e-05
8.139204545454546e-01, 2.840909090909091e-01, 2.854539652058721e-05
8.139204545454546e-01, 3.068181818181818e-01, 4.285077951155464e-05
8.139204545454546e-01, 3.295454545454545e-01, 5.795110137822565e-05
8.139204545454546e-01, 3.522727272727273e-01, 7.361076361987319e-05
8.139204545454546e-01, 3.750000000000000e-01, 8.974161266971223e-05
8.139204545454546e-01, 3.977272727272727e-01, 1.063187216297875e-04
8.139204545454546e-01, 4.204545454545455e-01, 1.228776894843711e-04
8.139204545454546e-01, 4.431818181818182e-01, 1.393759344830842e-04
8.139204545454546e-01, 4.659090909090909e-01, 1.556877108845106e-04
8.139204545454546e-01, 4.886363636363636e-01, 1.713714962352644e-04
8.139204545454546e-01, 5.113636363636364e-01, 1.864634723908663e-04
8.139204545454546e-01, 5.340909090909091e-01, 2.008758192622760e-04
8.139204545454546e-01, 5.568181818181818e-01, 2.141245202550636e-04
8.139204545454546e-01, 5.795454545454546e-01, 2.260380067245216e-04
8.139204545454546e-01, 6.022727272727273e-01, 2.367410077997102e-04
8.139204545454546e-01, 6.250000000000000e-01, 2.461456847072798e-04
8.139204545454546e-01, 6.477272727272727e-01, 2.531341160658112e-04
8.139204545454546e-01, 6.704545454545454e-01, 2.583548598491600e-04
8.139204545454546e-01, 6.931818181818182e-01, 2.617458025020872e-04
8.139204545454546e-01, 7.159090909090909e-01, 2.627826114800661e-04
8.139204545454546e-01, 7.386363636363636e-01, 2.607456084265903e-04
8.139204545454546e-01, 7.613636363636364e-01, 2.563461144985866e-04
8.139204545454546e-01, 7.840909090909091e-01, 2.494958320620745e-04
8.139204545454546e-01, 8.068181818181818e-01, 2.389309253320984e-04
8.139204545454546e-01, 8.295454545454546e-01, 2.249590412340708e-04
8.139204545454546e-01, 8.522727272727273e-01, 2.080012095123328e-04
8.139204545454546e-01, 8.750000000000000e-01, 1.879687051231244e-04
8.139204545454546e-01, 8.977272727272727e-01, 1.625782088802225e-04
8.139204545454546e-01, 9.204545454545454e-01, 1.337201725526896e-04
8.139204545454546e-01, 9.431818181818182e-01, 1.012485701292872e-04
8.139204545454546e-01, 9.659090909090909e-01, 6.417153437302151e-05
8.139204545454546e-01, 9.886363636363636e-01, 2.160992830145664e-05
8.338068181818181e-01, 1.136363636363636e-02, -5.899915193305985e-06
8.338068181818181e-01, 3.409090909090909e-02, -1.676903434907188e-05
8.338068181818181e-01, 5.681818181818182e-02, -3.399186235489454e-05
8.338068181818181e-01, 7.954545454545454e-02, -3.077650249169284e-05
8.338068181818181e-01, 1.022727272727273e-01, -3.053423056190530e-05
8.338068181818181e-01, 1.250000000000000e-01, -3.045003478088086e-05
8.338068181818181e-01, 1.477272727272727e-01, -4.082460908138105e-05
8.338068181818181e-01, 1.704545454545454e-01, -1.977686627570365e-05
8.338068181818181e-01, 1.931818181818182e-01, -1.541617652290082e-05
8.338068181818181e-01, 2.159090909090909e-01, -2.116464572837594e-05
8.338068181818181e-01, 2.386363636363636e-01, 1.945780850124105e-06
8.338068181818181e-01, 2.613636363636364e-01, 1.282169687840437e-05
8.338068181818181e-01, 2.840909090909091e-01, 2.767984874263607e-05
8.338068181818181e-01, 3.068181818181818e-01, 5.774278794081210e-05
8.338068181818181e-01, 3.295454545454545e-01, 6.032639674611367e-05
8.338068181818181e-01, 3.522727272727273e-01, 7.157422188329139e-05
8.338068181818181e-01, 3.750000000000000e-01, 8.707056721200003e-05
8.338068181818181e-01, 3.977272727272727e-01, 1.422011221799778e-04
8.338068181818181e-01, 4.204545454545455e-01, 1.096452761225575e-04
8.338068181818181e-01, 4.431818181818182e-01, 1.354070630137632e-04
8.338068181818181e-01, 4.659090909090909e-01, 2.569559792367960e-04
8.338068181818181e-01, 4.886363636363636e-01, 2.075828664130240e-04
8.338068181818181e-01, 5.113636363636364e-01, 1.344830225158794e-04
8.338068181818181e-01, 5.340909090909091e-01, 1.950948981686551e-04
8.338068181818181e-01, 5.568181818181818e-01, 3.291985055491397e-04
8.338068181818181e-01, 5.795454545454546e-01, 2.384905491670493e-04
8.338068181818181e-01, 6.022727272727273e-01, 2.300022995526508e-04
8.338068181818181e-01, 6.250000000000000e-01, 2.390443889578491e-04
8.338068181818181e-01, 6.477272727272727e-01, 3.529039715894162e-04
8.338068181818181e-01, 6.704545454545454e-01, 2.287092197981647e-04
8.338068181818181e-01, 6.931818181818182e-01, 2.542207260298252e-04
8.338068181818181e-01, 7.159090909090909e-01, 4.599345683432175e-04
8.338068181818181e-01, 7.386363636363636e-01, 3.218491962129315e-04
8.338068181818181e-01, 7.613636363636364e-01, 1.811818618715546e-04
8.338068181818181e-01, 7.840909090909091e-01, 2.422955208852358e-04
8.338068181818181e-01, 8.068181818181818e-01, 3.847979125400066e-04
8.338068181818181e-01, 8.295454545454546e-01, 2.389514309428738e-04
8.338068181818181e-01, 8.522727272727273e-01, 2.018196009770751e-04
8.338068181818181e-01, 8.750000000000000e-01, 1.825791717267675e-04
8.338068181818181e-01, 8.977272727272727e-01, 2.395968846053255e-04
8.338068181818181e-01, 9.204545454545454e-01, 1.162698426733263e-04
8.338068181818181e-01, 9.431818181818182e-01, 9.808013087347099e-05
8.338068181818181e-01, 9.659090909090909e-01, 1.488923750218762e-04
8.338068181818181e-01, 9.886363636363636e-01, 3.632100734163996e-05
8.536931818181819e-01, 1.136363636363636e-02, -5.674284000295774e-06
8.536931818181819e-01, 3.409090909090909e-02, -1.627578792354948e-05
8.536931818181819e-01, 5.681818181818182e-02, -3.288256107971101e-05
8.536931818181819e-01, 7.954545454545454e-02, -2.766163979663104e-05
8.536931818181819e-01, 1.022727272727273e-01, -2.968096457222684e-05
8.536931818181819e-01, 1.250000000000000e-01, -2.960546695959661e-05
8.536931818181819e-01, 1.477272727272727e-01, -3.945439472990476e-05
8.536931818181819e-01, 1.704545454545454e-01, -2.153367478216557e-05
8.536931818181819e-01, 1.931818181818182e-01, -1.507247357238001e-05
8.536931818181819e-01, 2.159090909090909e-01, -2.044059832345988e-05
8.536931818181819e-01, 2.386363636363636e-01, 3.407851232406586e-06
8.536931818181819e-01, 2.613636363636364e-01, 1.456750116259387e-05
8.536931818181819e-01, 2.840909090909091e-01, 2.674208675702054e-05
8.536931818181819e-01, 3.068181818181818e-01, 5.563355216929048e-05
8.536931818181819e-01, 3.295454545454545e-01, 5.457907644923475e-05
8.536931818181819e-01, 3.522727272727273e-01, 6.927302397843676e-05
8.536931818181819e-01, 3.750000000000000e-01, 8.440592067773831e-05
8.536931818181819e-01, 3.977272727272727e-01, 1.372668880222022e-04
8.536931818181819e-01, 4.204545454545455e-01, 1.157798916879344e-04
8.536931818181819e-01, 4.431818181818182e-01, 1.312607690464220e-04
8.536931818181819e-01, 4.659090909090909e-01, 2.473535276286035e-04
8.536931818181819e-01, 4.886363636363636e-01, 1.615566516228312e-04
8.536931818181819e-01, 5.113636363636364e-01, 1.757143204759624e-04
8.536931818181819e-01, 5.340909090909091e-01, 1.892410267155052e-04
8.536931818181819e-01, 5.568181818181818e-01, 3.172706521073111e-04
8.536931818181819e-01, 5.795454545454546e-01, 2.130678532504747e-04
8.536931818181819e-01, 6.022727272727273e-01, 2.231059422798162e-04
8.536931818181819e-01, 6.250000000000000e-01, 2.319396302513384e-04
8.536931818181819e-01, 6.477272727272727e-01, 3.405693468446146e-04
8.536931818181819e-01, 6.704545454545454e-01, 2.435020860143658e-04
8.536931818181819e-01, 6.931818181818182e-01, 2.466805148321768e-04
8.536931818181819e-01, 7.159090909090909e-01, 4.426852716787918e-04
8.536931818181819e-01, 7.386363636363636e-01, 2.457255187567964e-04
8.536931818181819e-01, 7.613636363636364e-01, 2.415746669079892e-04
8.536931818181819e-01, 7.840909090909091e-01, 2.351479891818076e-04
8.536931818181819e-01, 8.068181818181818e-01, 3.706755671561920e-04
8.536931818181819e-01, 8.295454545454546e-01, 2.119041681795305e-04
8.536931818181819e-01, 8.522727272727273e-01, 1.959705453993064e-04
8.536931818181819e-01, 8.750000000000000e-01, 1.771834045835427e-04
8.536931818181819e-01, 8.977272727272727e-01, 2.309138703847056e-04
8.536931818181819e-01, 9.204545454545454e-01, 1.258075674098246e-04
8.536931818181819e-01, 9.431818181818182e-01, 9.532461098752907e-05
8.536931818181819e-01, 9.659090909090909e-01, 1.428881074954638e-04
8.536931818181819e-01, 9.886363636363636e-01, 1.989781624375127e-05
8.735795454545454e-01, 1.136363636363636e-02, -5.446695356271092e-06
8.735795454545454e-01, 3.409090909090909e-02, -3.618429213148044e-06
8.735795454545454e-01, 5.681818181818182e-02, -3.214359870316092e-05
8.735795454545454e-01, 7.954545454545454e-02, -2.903489698616008e-05
8.735795454545454e-01, 1.022727272727273e-01, -1.573650988387163e-05
8.735795454545454e-01, 1.250000000000000e-01, -2.875428280088923e-05
8.735795454545454e-01, 1.477272727272727e-01, -3.874559384566783e-05
8.735795454545454e-01, 1.704545454545454e-01, -1.876071552946136e-05
8.735795454545454e-01, 1.931818181818182e-01, -4.073952893825542e-06
8.735795454545454e-01, 2.159090909090909e-01, -2.034143092739487e-05
8.735795454545454e-01, 2.386363636363636e-01, 1.551213288963459e-06
8.735795454545454e-01, 2.613636363636364e-01, 1.177055170751395e-05
8.735795454545454e-01, 2.840909090909091e-01, 6.114164960301737e-06
8.735795454545454e-01, 3.068181818181818e-01, 5.421939460728136e-05
8.735795454545454e-01, 3.295454545454545e-01, 5.650728145695571e-05
8.735795454545454e-01, 3.522727272727273e-01, 3.915449296245488e-05
8.735795454545454e-01, 3.750000000000000e-01, 8.174767306692716e-05
8.735795454545454e-01, 3.977272727272727e-01, 1.339578695905269e-04
8.735795454545454e-01, 4.204545454545455e-01, 1.027512602245100e-04
8.735795454545454e-01, 4.431818181818182e-01, 4.881375396862140e-05
8.735795454545454e-01, 4.659090909090909e-01, 2.427548667289082e-04
8.735795454545454e-01, 4.886363636363636e-01, 1.955398715409127e-04
8.735795454545454e-01, 5.113636363636364e-01, 1.257253840740724e-04
8.735795454545454e-01, 5.340909090909091e-01, 3.495248762317359e-05
8.735795454545454e-01, 5.568181818181818e-01, 3.109747039435700e-04
8.735795454545454e-01, 5.795454545454546e-01, 2.244264261089205e-04
8.735795454545454e-01, 6.022727272727273e-01, 1.196414593965320e-04
8.735795454545454e-01, 6.250000000000000e-01, 2.248314085877479e-04
8.735795454545454e-01, 6.477272727272727e-01, 3.331922077697730e-04
8.735795454545454e-01, 6.704545454545454e-01, 2.148326421785497e-04
8.735795454545454e-01, 6.931818181818182e-01, 8.745543630673452e-05
8.735795454545454e-01, 7.159090909090909e-01, 4.351139454756200e-04
8.735795454545454e-01, 7.386363636363636e-01, 3.036149895955141e-04
8.735795454545454e-01, 7.613636363636364e-01, 1.697064522921290e-04
8.735795454545454e-01, 7.840909090909091e-01, 4.086260619165159e-05
8.735795454545454e-01, 8.068181818181818e-01, 3.638806404831011e-04
8.735795454545454e-01, 8.295454545454546e-01, 2.251685705378100e-04
8.735795454545454e-01, 8.522727272727273e-01, 1.007282432313101e-04
8.735795454545454e-01, 8.750000000000000e-01, 1.717814036934504e-04
8.735795454545454e-01, 8.977272727272727e-01, 2.265135408380101e-04
8.735795454545454e-01, 9.204545454545454e-01, 1.095008690390182e-04
8.735795454545454e-01, 9.431818181818182e-01, 2.833275147214194e-05
8.735795454545454e-01, 9.659090909090909e-01, 1.411740173068065e-04
8.735795454545454e-01, 9.886363636363636e-01, 3.460691715298262e-05
8.934659090909092e-01, 1.136363636363636e-02, -5.414182692838994e-06
8.934659090909092e-01, 3.409090909090909e-02, -1.532182144755131e-05
8.934659090909092e-01, 5.681818181818182e-02, -3.102220802309109e-05
8.934659090909092e-01, 7.954545454545454e-02, -2.814667695916735e-05
8.934659090909092e-01, 1.022727272727273e-01, -2.794681455475618e-05
8.934659090909092e-01, 1.250000000000000e-01, -2.789267740137740e-05
8.934659090909092e-01, 1.477272727272727e-01, -3.734849246972855e-05
8.934659090909092e-01, 1.704545454545454e-01, -1.817942161110011e-05
8.934659090909092e-01, 1.931818181818182e-01, -1.425385747673019e-05
8.934659090909092e-01, 2.159090909090909e-01, -1.957703060723969e-05
8.934659090909092e-01, 2.386363636363636e-01, 1.524935573990971e-06
8.934659090909092e-01, 2.613636363636364e-01, 1.361129868065683e-05
8.934659090909092e-01, 2.840909090909091e-01, 2.497747014661096e-05
8.934659090909092e-01, 3.068181818181818e-01, 5.214572343065167e-05
8.934659090909092e-01, 3.295454545454545e-01, 5.473197508584072e-05
8.934659090909092e-01, 3.522727272727273e-01, 6.496810416686355e-05
8.934659090909092e-01, 3.750000000000000e-01, 7.909979674568945e-05
8.934659090909092e-01, 3.977272727272727e-01, 1.290464739940115e-04
8.934659090909092e-01, 4.204545454545455e-01, 9.982915046598933e-05
8.934659090909092e-01, 4.431818181818182e-01, 1.231644428819626e-04
8.934659090909092e-01, 4.659090909090909e-01, 2.331701557747364e-04
8.934659090909092e-01, 4.886363636363636e-01, 1.887147836532228e-04
8.934659090909092e-01, 5.113636363636364e-01, 1.649714942788998e-04
8.934659090909092e-01, 5.340909090909091e-01, 1.776075892904803e-04
8.934659090909092e-01, 5.568181818181818e-01, 2.990458485444026e-04
8.934659090909092e-01, 5.795454545454546e-01, 2.171011487559197e-04
8.934659090909092e-01, 6.022727272727273e-01, 2.094596042140612e-04
8.934659090909092e-01, 6.250000000000000e-01, 2.177177894477244e-04
8.934659090909092e-01, 6.477272727272727e-01, 3.208425301494745e-04
8.934659090909092e-01, 6.704545454545454e-01, 2.084805100699211e-04
8.934659090909092e-01, 6.931818181818182e-01, 2.315895571491521e-04
8.934659090909092e-01, 7.159090909090909e-01, 4.178367072695437e-04
8.934659090909092e-01, 7.386363636363636e-01, 2.928280137720461e-04
8.934659090909092e-01, 7.613636363636364e-01, 2.267715227171374e-04
8.934659090909092e-01, 7.840909090909091e-01, 2.207674221036881e-04
8.934659090909092e-01, 8.068181818181818e-01, 3.497279774060631e-04
8.934659090909092e-01, 8.295454545454546e-01, 2.175615465589589e-04
8.934659090909092e-01, 8.522727272727273e-01, 1.839091879902059e-04
8.934659090909092e-01, 8.750000000000000e-01, 1.663699591866920e-04
8.934659090909092e-01, 8.977272727272727e-01, 2.178095400995135e-04
8.934659090909092e-01, 9.204545454545454e-01, 1.058976608971582e-04
8.934659090909092e-01, 9.431818181818182e-01, 8.938485692747445e-05
8.934659090909092e-01, 9.659090909090909e-01, 1.351566917848925e-04
8.934659090909092e-01, 9.886363636363636e-01, 3.288965787225234e-05
9.133522727272727e-01, 1.136363636363636e-02, -5.152191432784822e-06
9.133522727272727e-01, 3.409090909090909e-02, -1.482135114026739e-05
9.133522727272727e-01, 5.681818181818182e-02, -2.989633810600426e-05
9.133522727272727e-01, 7.954545454545454e-02, -2.521036863152468e-05
9.133522727272727e-01, 1.022727272727273e-01, -2.707440555116314e-05
9.133522727272727e-01, 1.250000000000000e-01, -2.702683973048201e-05
9.133522727272727e-01, 1.477272727272727e-01, -2.414660274357985e-05
9.133522727272727e-01, 1.704545454545454e-01, -1.974245683523907e-05
9.133522727272727e-01, 1.931818181818182e-01, -1.388307386114548e-05
9.133522727272727e-01, 2.159090909090909e-01, -1.879152486578156e-05
9.133522727272727e-01, 2.386363636363636e-01, 2.861055907088097e-06
9.133522727272727e-01, 2.613636363636364e-01, 1.300012538967033e-05
9.133522727272727e-01, 2.840909090909091e-01, 2.406697609693465e-05
9.133522727272727e-01, 3.068181818181818e-01, 5.009013469409670e-05
9.133522727272727e-01, 3.295454545454545e-01, 4.932451713236957e-05
9.133522727272727e-01, 3.522727272727273e-01, 6.268938738598718e-05
9.133522727272727e-01, 3.750000000000000e-01, 7.645620868331294e-05
9.133522727272727e-01, 3.977272727272727e-01, 9.080244592388280e-05
9.133522727272727e-01, 4.204545454545455e-01, 1.049419216685446e-04
9.133522727272727e-01, 4.431818181818182e-01, 1.190308154728157e-04
9.133522727272727e-01, 4.659090909090909e-01, 2.235962029947291e-04
9.133522727272727e-01, 4.886363636363636e-01, 1.465478948024011e-04
9.133522727272727e-01, 5.113636363636364e-01, 1.594384245458179e-04
9.133522727272727e-01, 5.340909090909091e-01, 1.717543858860666e-04
9.133522727272727e-01, 5.568181818181818e-01, 2.871178030907927e-04
9.133522727272727e-01, 5.795454545454546e-01, 1.934079870605241e-04
9.133522727272727e-01, 6.022727272727273e-01, 2.025542239856032e-04
9.133522727272727e-01, 6.250000000000000e-01, 2.106020155527176e-04
9.133522727272727e-01, 6.477272727272727e-01, 2.166688190949079e-04
9.133522727272727e-01, 6.704545454545454e-01, 2.211252428341644e-04
9.133522727272727e-01, 6.931818181818182e-01, 2.240308912967768e-04
9.133522727272727e-01, 7.159090909090909e-01, 4.005455934319883e-04
9.133522727272727e-01, 7.386363636363636e-01, 2.231919698120357e-04
9.133522727272727e-01, 7.613636363636364e-01, 2.194326646016490e-04
9.133522727272727e-01, 7.840909090909091e-01, 2.135971218808269e-04
9.133522727272727e-01, 8.068181818181818e-01, 3.355608529583644e-04
9.133522727272727e-01, 8.295454545454546e-01, 1.925210076855848e-04
9.133522727272727e-01, 8.522727272727273e-01, 1.780395911679880e-04
9.133522727272727e-01, 8.750000000000000e-01, 1.609547938112208e-04
9.133522727272727e-01, 8.977272727272727e-01, 1.389982287810761e-04
9.133522727272727e-01, 9.204545454545454e-01, 1.143388163636066e-04
9.133522727272727e-01, 9.431818181818182e-01, 8.661964746508535e-05
9.133522727272727e-01, 9.659090909090909e-01, 1.291315599548751e-04
9.133522727272727e-01, 9.886363636363636e-01, 1.817985857918347e-05
9.332386363636364e-01, 1.136363636363636e-02, -4.987436215393075e-06
9.332386363636364e-01, 3.409090909090909e-02, -1.436003653157050e-05
9.332386363636364e-01, 5.681818181818182e-02, -2.914560467605351e-05
9.332386363636364e-01, 7.954545454545454e-02, -2.637311579345214e-05
9.332386363636364e-01, 1.022727272727273e-01, -1.436586453234662e-05
9.332386363636364e-01, 1.250000000000000e-01, -2.615482691213063e-05
9.332386363636364e-01, 1.477272727272727e-01, -3.520746436940342e-05
9.332386363636364e-01, 1.704545454545454e-01, -1.711567289194536e-05
9.332386363636364e-01, 1.931818181818182e-01, -3.754686516485078e-06
9.332386363636364e-01, 2.159090909090909e-01, -1.866487888228851e-05
9.332386363636364e-01, 2.386363636363636e-01, 1.197910329537925e-06
9.332386363636364e-01, 2.613636363636364e-01, 1.057623586667663e-05
9.332386363636364e-01, 2.840909090909091e-01, 2.324549350402441e-05
9.332386363636364e-01, 3.068181818181818e-01, 4.870178079442311e-05
9.332386363636364e-01, 3.295454545454545e-01, 5.096561127759939e-05
9.332386363636364e-01, 3.522727272727273e-01, 3.554745495301603e-05
9.332386363636364e-01, 3.750000000000000e-01, 7.381890346217633e-05
9.332386363636364e-01, 3.977272727272727e-01, 1.208549857220013e-04
9.332386363636364e-01, 4.204545454545455e-01, 9.296374663057835e-05
9.332386363636364e-01, 4.431818181818182e-01, 4.458813586653557e-05
9.332386363636364e-01, 4.659090909090909e-01, 2.190075373603701e-04
9.332386363636364e-01, 4.886363636363636e-01, 1.766899708261808e-04
9.332386363636364e-01, 5.113636363636364e-01, 1.139970517336105e-04
9.332386363636364e-01, 5.340909090909091e-01, 1.659756847755726e-04
9.332386363636364e-01, 5.568181818181818e-01, 2.808191313972886e-04
9.332386363636364e-01, 5.795454545454546e-01, 2.030256402589238e-04
9.332386363636364e-01, 6.022727272727273e-01, 1.087749463914923e-04
9.332386363636364e-01, 6.250000000000000e-01, 2.034831104416317e-04
9.332386363636364e-01, 6.477272727272727e-01, 3.010958976300349e-04
9.332386363636364e-01, 6.704545454545454e-01, 1.945737304796165e-04
9.332386363636364e-01, 6.931818181818182e-01, 7.989223694919480e-05
9.332386363636364e-01, 7.159090909090909e-01, 3.929547326298665e-04
9.332386363636364e-01, 7.386363636363636e-01, 2.745433333625773e-04
9.332386363636364e-01, 7.613636363636364e-01, 1.539225326555410e-04
9.332386363636364e-01, 7.840909090909091e-01, 2.063604004802154e-04
9.332386363636364e-01, 8.068181818181818e-01, 3.287440174789567e-04
9.332386363636364e-01, 8.295454545454546e-01, 2.037323437837404e-04
9.332386363636364e-01, 8.522727272727273e-01, 9.153720265934955e-05
9.332386363636364e-01, 8.750000000000000e-01, 1.555342384497588e-04
9.332386363636364e-01, 8.977272727272727e-01, 2.046802693110737e-04
9.332386363636364e-01, 9.204545454545454e-01, 9.910472375991525e-05
9.332386363636364e-01, 9.431818181818182e-01, 2.577717346029265e-05
9.332386363636364e-01, 9.659090909090909e-01, 1.274117113809851e-04
9.332386363636364e-01, 9.886363636363636e-01, 3.116980929836237e-05
9.531250000000000e-01, 1.136363636363636e-02, -4.888583084958026e-06
9.531250000000000e-01, 3.409090909090909e-02, -1.385545152439723e-05
9.531250000000000e-01, 5.681818181818182e-02, -2.801075445803135e-05
9.531250000000000e-01, 7.954545454545454e-02, -2.547290900610259e-05
9.531250000000000e-01, 1.022727272727273e-01, -2.530820302409521e-05
9.531250000000000e-01, 1.250000000000000e-01, -2.527629567123174e-05
9.531250000000000e-01, 1.477272727272727e-01, -3.377922097186201e-05
9.531250000000000e-01, 1.704545454545454e-01, -1.845016690444622e-05
9.531250000000000e-01, 1.931818181818182e-01, -1.301648327601376e-05
9.531250000000000e-01, 2.159090909090909e-01, -1.784910223751079e-05
9.531250000000000e-01, 2.386363636363636e-01, 1.204372220126978e-06
9.531250000000000e-01, 2.613636363636364e-01, 1.209411295710336e-05
9.531250000000000e-01, 2.840909090909091e-01, 2.235167362784430e-05
9.531250000000000e-01, 3.068181818181818e-01, 4.667329229797969e-05
9.531250000000000e-01, 3.295454545454545e-01, 4.921432060158936e-05
9.531250000000000e-01, 3.522727272727273e-01, 5.842650571941287e-05
9.531250000000000e-01, 3.750000000000000e-01, 7.118833970705811e-05
9.531250000000000e-01, 3.977272727272727e-01, 1.159725612362233e-04
9.531250000000000e-01, 4.204545454545455e-01, 9.789702383889309e-05
9.531250000000000e-01, 4.431818181818182e-01, 1.109589925768373e-04
9.531250000000000e-01, 4.659090909090909e-01, 2.094476156781813e-04
9.531250000000000e-01, 4.886363636363636e-01, 1.698757418538761e-04
9.531250000000000e-01, 5.113636363636364e-01, 1.487039217159200e-04
9.531250000000000e-01, 5.340909090909091e-01, 1.601233323810961e-04
9.531250000000000e-01, 5.568181818181818e-01, 2.688909007077059e-04
9.531250000000000e-01, 5.795454545454546e-01, 1.956972361892493e-04
9.531250000000000e-01, 6.022727272727273e-01, 1.888940424866279e-04
9.531250000000000e-01, 6.250000000000000e-01, 1.963609979037167e-04
9.531250000000000e-01, 6.477272727272727e-01, 2.887297912231353e-04
9.531250000000000e-01, 6.704545454545454e-01, 2.062226533964660e-04
9.531250000000000e-01, 6.931818181818182e-01, 2.089083885381881e-04
9.531250000000000e-01, 7.159090909090909e-01, 3.756435716882396e-04
9.531250000000000e-01, 7.386363636363636e-01, 2.637331759082349e-04
9.531250000000000e-01, 7.613636363636364e-01, 2.045909494418080e-04
9.531250000000000e-01, 7.840909090909091e-01, 1.991770340804584e-04
9.531250000000000e-01, 8.068181818181818e-01, 3.145554717453888e-04
9.531250000000000e-01, 8.295454545454546e-01, 1.961055675733051e-04
9.531250000000000e-01, 8.522727272727273e-01, 1.659420048439558e-04
9.531250000000000e-01, 8.750000000000000e-01, 1.501081921687911e-04
9.531250000000000e-01, 8.977272727272727e-01, 1.959521318243189e-04
9.531250000000000e-01, 9.204545454545454e-01, 1.063808300737609e-04
9.531250000000000e-01, 9.431818181818182e-01, 8.066188416669218e-05
9.531250000000000e-01, 9.659090909090909e-01, 1.213776958283930e-04
9.531250000000000e-01, 9.886363636363636e-01, 2.944780811292856e-05
9.730113636363636e-01, 1.136363636363636e-02, -4.623574844343618e-06
9.730113636363636e-01, 3.409090909090909e-02, -1.334956249153028e-05
9.730113636363636e-01, 5.681818181818182e-02, -1.922611628307124e-05
9.730113636363636e-01, 7.954545454545454e-02, -2.272083866202165e-05
9.730113636363636e-01, 1.022727272727273e-01, -2.442142699371061e-05
9.730113636363636e-01, 1.250000000000000e-01, -2.439443756928382e-05
9.730113636363636e-01, 1.477272727272727e-01, -2.183088880190412e-05
9.730113636363636e-01, 1.704545454545454e-01, -1.788619709657874e-05
9.730113636363636e-01, 1.931818181818182e-01, -1.262511931210107e-05
9.730113636363636e-01, 2.159090909090909e-01, -1.701719320616347e-05
9.730113636363636e-01, 2.386363636363636e-01, 2.386084553534351e-06
9.730113636363636e-01, 2.613636363636364e-01, 1.150425918922904e-05
9.730113636363636e-01, 2.840909090909091e-01, 2.146220071504005e-05
9.730113636363636e-01, 3.068181818181818e-01, 3.253270348990270e-05
9.730113636363636e-01, 3.295454545454545e-01, 4.413380026729719e-05
9.730113636363636e-01, 3.522727272727273e-01, 5.616535823525498e-05
9.730113636363636e-01, 3.750000000000000e-01, 6.856123476926070e-05
9.730113636363636e-01, 3.977272727272727e-01, 8.141104324363850e-05
9.730113636363636e-01, 4.204545454545455e-01, 9.414535807050569e-05
9.730113636363636e-01, 4.431818181818182e-01, 1.068355110999529e-04
9.730113636363636e-01, 4.659090909090909e-01, 1.998962377549090e-04
9.730113636363636e-01, 4.886363636363636e-01, 1.315577470777225e-04
9.730113636363636e-01, 5.113636363636364e-01, 1.431735288016699e-04
9.730113636363636e-01, 5.340909090909091e-01, 1.542710812044645e-04
9.730113636363636e-01, 5.568181818181818e-01, 1.645615547202011e-04
9.730113636363636e-01, 5.795454545454546e-01, 1.737350135435406e-04
9.730113636363636e-01, 6.022727272727273e-01, 1.819822561080023e-04
9.730113636363636e-01, 6.250000000000000e-01, 1.892372758542598e-04
9.730113636363636e-01, 6.477272727272727e-01, 1.946798887942719e-04
9.730113636363636e-01, 6.704545454545454e-01, 1.987083737403880e-04
9.730113636363636e-01, 6.931818181818182e-01, 2.013362826030354e-04
9.730113636363636e-01, 7.159090909090909e-01, 3.583223164192042e-04
9.730113636363636e-01, 7.386363636363636e-01, 2.006056076842570e-04
9.730113636363636e-01, 7.613636363636364e-01, 1.972358709294354e-04
9.730113636363636e-01, 7.840909090909091e-01, 1.919903413421325e-04
9.730113636363636e-01, 8.068181818181818e-01, 1.838245915564548e-04
9.730113636363636e-01, 8.295454545454546e-01, 1.730841582993427e-04
9.730113636363636e-01, 8.522727272727273e-01, 1.600578823135629e-04
9.730113636363636e-01, 8.750000000000000e-01, 1.446793858466311e-04
9.730113636363636e-01, 8.977272727272727e-01, 1.250213604510155e-04
9.730113636363636e-01, 9.204545454545454e-01, 1.028373325927337e-04
9.730113636363636e-01, 9.431818181818182e-01, 7.788990803941589e-05
9.730113636363636e-01, 9.659090909090909e-01, 1.153381698858753e-04
9.730113636363636e-01, 9.886363636363636e-01, 1.645792898711781e-05
9.928977272727273e-01, 1.136363636363636e-02, -4.523737289986325e-06
9.928977272727273e-01, 3.409090909090909e-02, -1.288365390452957e-05
9.928977272727273e-01, 5.681818181818182e-02, -2.611292252973434e-05
9.928977272727273e-01, 7.954545454545454e-02, -2.367541771571809e-05
9.928977272727273e-01, 1.022727272727273e-01, -1.297346124422959e-05
9.928977272727273e-01, 1.250000000000000e-01, -2.350689939937033e-05
9.928977272727273e-01, 1.477272727272727e-01, -3.159169598027937e-05
9.928977272727273e-01, 1.704545454545454e-01, -1.541799458635572e-05
9.928977272727273e-01, 1.931818181818182e-01, -1.212587255488536e-05
9.928977272727273e-01, 2.159090909090909e-01, -1.686988121780671e-05
9.928977272727273e-01, 2.386363636363636e-01, 9.285787486986348e-07
9.928977272727273e-01, 2.613636363636364e-01, 9.427536574822507e-06
9.928977272727273e-01, 2.840909090909091e-01, 2.066135254243512e-05
9.928977272727273e-01, 3.068181818181818e-01, 4.329009416170980e-05
9.928977272727273e-01, 3.295454545454545e-01, 4.548857540356520e-05
9.928977272727273e-01, 3.522727272727273e-01, 3.196757884348174e-05
9.928977272727273e-01, 3.750000000000000e-01, 6.594007069562119e-05
9.928977272727273e-01, 3.977272727272727e-01, 1.078213357021771e-04
9.928977272727273e-01, 4.204545454545455e-01, 8.321089149741312e-05
9.928977272727273e-01, 4.431818181818182e-01, 1.029000332407443e-04
9.928977272727273e-01, 4.659090909090909e-01, 1.953155481229049e-04
9.928977272727273e-01, 4.886363636363636e-01, 1.578657665383640e-04
9.928977272727273e-01, 5.113636363636364e-01, 1.022758570621990e-04
9.928977272727273e-01, 5.340909090909091e-01, 1.484939901044253e-04
9.928977272727273e-01, 5.568181818181818e-01, 2.506633120699981e-04
9.928977272727273e-01, 5.795454545454546e-01, 1.816140589665156e-04
9.928977272727273e-01, 6.022727272727273e-01, 9.789888666827689e-05
9.928977272727273e-01, 6.250000000000000e-01, 1.821108596893116e-04
9.928977272727273e-01, 6.477272727272727e-01, 2.689582138756657e-04
9.928977272727273e-01, 6.704545454545454e-01, 1.742831748764526e-04
9.928977272727273e-01, 6.931818181818182e-01, 1.937707627296339e-04
9.928977272727273e-01, 7.159090909090909e-01, 3.507175232996574e-04
9.928977272727273e-01, 7.386363636363636e-01, 2.454122491523630e-04
9.928977272727273e-01, 7.613636363636364e-01, 1.381043494887017e-04
9.928977272727273e-01, 7.840909090909091e-01, 1.847380386485667e-04
9.928977272727273e-01, 8.068181818181818e-01, 2.935242111552986e-04
9.928977272727273e-01, 8.295454545454546e-01, 1.822436671340298e-04
9.928977272727273e-01, 8.522727272727273e-01, 8.232370208315957e-05
9.928977272727273e-01, 8.750000000000000e-01, 1.392459502929381e-04
9.928977272727273e-01, 8.977272727272727e-01, 1.827909555362481e-04
9.928977272727273e-01, 9.204545454545454e-01, 8.868216315977442e-05
9.928977272727273e-01, 9.431818181818182e-01, 7.469553151637172e-05
9.928977272727273e-01, 9.659090909090909e-01, 1.136143501912823e-04
9.928977272727273e-01, 9.886363636363636e-01, 2.772398841833560e-05
1.012784090909091e+00, 1.136363636363636e-02, -4.357341366057502e-06
1.012784090909091e+00, 3.409090909090909e-02, -1.237458284030291e-05
1.012784090909091e+00, 5.681818181818182e-02, -2.496766105582657e-05
1.012784090909091e+00, 7.954545454545454e-02, -2.108314568613787e-05
1.012784090909091e+00, 1.022727272727273e-01, -2.263094862346883e-05
1.012784090909091e+00, 1.250000000000000e-01, -2.261527597443980e-05
1.012784090909091e+00, 1.477272727272727e-01, -3.013952813833160e-05
1.012784090909091e+00, 1.704545454545454e-01, -1.655961722111369e-05
1.012784090909091e+00, 1.931818181818182e-01, -1.172200777993482e-05
1.012784090909091e+00, 2.159090909090909e-01, -1.601468098917641e-05
1.012784090909091e+00, 2.386363636363636e-01, 9.603456020866887e-07
1.012784090909091e+00, 2.613636363636364e-01, 1.063674847966391e-05
1.012784090909091e+00, 2.840909090909091e-01, 1.978483676211837e-05
1.012784090909091e+00, 3.068181818181818e-01, 4.129659862118433e-05
1.012784090909091e+00, 3.295454545454545e-01, 4.087752190801039e-05
1.012784090909091e+00, 3.522727272727273e-01, 5.193514573800663e-05
1.012784090909091e+00, 3.750000000000000e-01, 6.332320792246302e-05
1.012784090909091e+00, 3.977272727272727e-01, 1.029616633414157e-04
1.012784090909091e+00, 4.204545454545455e-01, 8.712388896745303e-05
1.012784090909091e+00, 4.431818181818182e-01, 9.878316652941961e-05
1.012784090909091e+00, 4.659090909090909e-01, 1.857753960124372e-04
1.012784090909091e+00, 4.886363636363636e-01, 1.510603697636177e-04
1.012784090909091e+00, 5.113636363636364e-01, 1.324462117330507e-04
1.012784090909091e+00, 5.340909090909091e-01, 1.426426756816063e-04
1.012784090909091e+00, 5.568181818181818e-01, 2.387362950123248e-04
1.012784090909091e+00, 5.795454545454546e-01, 1.607446661425743e-04
1.012784090909091e+00, 6.022727272727273e-01, 1.683124326015644e-04
1.012784090909091e+00, 6.250000000000000e-01, 1.749825833131068e-04
1.012784090909091e+00, 6.477272727272727e-01, 2.565802354156443e-04
1.012784090909091e+00, 6.704545454545454e-01, 1.837858600230968e-04
1.012784090909091e+00, 6.931818181818182e-01, 1.861909430501580e-04
1.012784090909091e+00, 7.159090909090909e-01, 3.333816712970155e-04
1.012784090909091e+00, 7.386363636363636e-01, 2.345851032752437e-04
1.012784090909091e+00, 7.613636363636364e-01, 1.823663340483489e-04
1.012784090909091e+00, 7.840909090909091e-01, 1.775418219457718e-04
1.012784090909091e+00, 8.068181818181818e-01, 2.793096508514174e-04
1.012784090909091e+00, 8.295454545454546e-01, 1.599313984622709e-04
1.012784090909091e+00, 8.522727272727273e-01, 1.479345097819006e-04
1.012784090909091e+00, 8.750000000000000e-01, 1.338092830269699e-04
1.012784090909091e+00, 8.977272727272727e-01, 1.740454813173735e-04
1.012784090909091e+00, 9.204545454545454e-01, 9.486227548376541e-05
1.012784090909091e+00, 9.431818181818182e-01, 7.191942075527436e-05
1.012784090909091e+00, 9.659090909090909e-01, 1.075684079754653e-04
1.012784090909091e+00, 9.886363636363636e-01, 2.599860864282276e-05
1.032670454545455e+00, 1.136363636363636e-02, -4.090024326057618e-06
1.032670454545455e+00, 3.409090909090909e-02, -1.186446890113978e-05
1.032670454545455e+00, 5.681818181818182e-02, -1.706796970074706e-05
1.032670454545455e+00, 7.954545454545454e-02, -2.020216519374710e-05
1.032670454545455e+00, 1.022727272727273e-01, -2.173303873623948e-05
1.032670454545455e+00, 1.250000000000000e-01, -2.172098051759621e-05
1.032670454545455e+00, 1.477272727272727e-01, -1.946895301298829e-05
1.032670454545455e+00, 1.704545454545454e-01, -1.598020443480228e-05
1.032670454545455e+00, 1.931818181818182e-01, -1.131464143285835e-05
1.032670454545455e+00, 2.159090909090909e-01, -5.319514821973846e-06
1.032670454545455e+00, 2.386363636363636e-01, 1.966397547006277e-06
1.032670454545455e+00, 2.613636363636364e-01, 1.006357480979812e-05
1.032670454545455e+00, 2.840909090909091e-01, 1.891183216327918e-05
1.032670454545455e+00, 3.068181818181818e-01, 2.868399476232625e-05
1.032670454545455e+00, 3.295454545454545e-01, 3.899281465605208e-05
1.032670454545455e+00, 3.522727272727273e-01, 4.968789802872300e-05
1.032670454545455e+00, 3.750000000000000e-01, 6.070915952490592e-05
1.032670454545455e+00, 3.977272727272727e-01, 7.205737387460062e-05
1.032670454545455e+00, 4.204545454545455e-01, 8.338165179677789e-05
1.032670454545455e+00, 4.431818181818182e-01, 9.466788944751006e-05
1.032670454545455e+00, 4.659090909090909e-01, 1.058459476356892e-04
1.032670454545455e+00, 4.886363636363636e-01, 1.165830908176776e-04
1.032670454545455e+00, 5.113636363636364e-01, 1.269182706058169e-04
1.032670454545455e+00, 5.340909090909091e-01, 1.367915173229172e-04
1.032670454545455e+00, 5.568181818181818e-01, 1.458847173888410e-04
1.032670454545455e+00, 5.795454545454546e-01, 1.540533013928823e-04
1.032670454545455e+00, 6.022727272727273e-01, 1.613960888986965e-04
1.032670454545455e+00, 6.250000000000000e-01, 1.678530977290964e-04
1.032670454545455e+00, 6.477272727272727e-01, 1.726660650333750e-04
1.032670454545455e+00, 6.704545454545454e-01, 1.762624579060383e-04
1.032670454545455e+00, 6.931818181818182e-01, 1.786089269319027e-04
1.032670454545455e+00, 7.159090909090909e-01, 1.793478901170922e-04
1.032670454545455e+00, 7.386363636363636e-01, 1.779808679531138e-04
1.032670454545455e+00, 7.613636363636364e-01, 1.749993093408606e-04
1.032670454545455e+00, 7.840909090909091e-01, 1.703430610758172e-04
1.032670454545455e+00, 8.068181818181818e-01, 1.631375321187460e-04
1.032670454545455e+00, 8.295454545454546e-01, 1.536086656041530e-04
1.032670454545455e+00, 8.522727272727273e-01, 1.420397466698837e-04
1.032670454545455e+00, 8.750000000000000e-01, 1.283705100758362e-04
1.032670454545455e+00, 8.977272727272727e-01, 1.110159830476126e-04
1.032670454545455e+00, 9.204545454545454e-01, 9.131244156886003e-05
1.032670454545455e+00, 9.431818181818182e-01, 6.914247133281618e-05
1.032670454545455e+00, 9.659090909090909e-01, 4.379484682641987e-05
1.032670454545455e+00, 9.886363636363636e-01, 1.473300932979690e-05
1.052556818181818e+00, 1.136363636363636e-02, -4.056488730588043e-06
1.052556818181818e+00, 3.409090909090909e-02, -1.139497056456572e-05
1.052556818181818e+00, 5.681818181818182e-02, -2.305328680776477e-05
1.052556818181818e+00, 7.954545454545454e-02, -2.094981370936898e-05
1.052556818181818e+00, 1.022727272727273e-01, -2.082814922555876e-05
1.052556818181818e+00, 1.250000000000000e-01, -2.082145326545058e-05
1.052556818181818e+00, 1.477272727272727e-01, -2.791602782871018e-05
1.052556818181818e+00, 1.704545454545454e-01, -1.367947731543635e-05
1.052556818181818e+00, 1.931818181818182e-01, -1.080023243042508e-05
1.052556818181818e+00, 2.159090909090909e-01, -1.498355565736118e-05
1.052556818181818e+00, 2.386363636363636e-01, 7.243009108465147e-07
1.052556818181818e+00, 2.613636363636364e-01, 8.314532736433920e-06
1.052556818181818e+00, 2.840909090909091e-01, 1.812697370288741e-05
1.052556818181818e+00, 3.068181818181818e-01, 3.796071384296998e-05
1.052556818181818e+00, 3.295454545454545e-01, 4.006211094846938e-05
1.052556818181818e+00, 3.522727272727273e-01, 4.772189027737794e-05
1.052556818181818e+00, 3.750000000000000e-01, 5.810063306224213e-05
1.052556818181818e+00, 3.977272727272727e-01, 9.484219154700933e-05
1.052556818181818e+00, 4.204545454545455e-01, 7.348562517128263e-05
1.052556818181818e+00, 4.431818181818182e-01, 9.074112571669014e-05
1.052556818181818e+00, 4.659090909090909e-01, 1.716678547982532e-04
1.052556818181818e+00, 4.886363636363636e-01, 1.390626065306644e-04
1.052556818181818e+00, 5.113636363636364e-01, 9.056086029049956e-05
1.052556818181818e+00, 5.340909090909091e-01, 1.310160025589360e-04
1.052556818181818e+00, 5.568181818181818e-01, 2.205090723869459e-04
1.052556818181818e+00, 5.795454545454546e-01, 1.601953163323963e-04
1.052556818181818e+00, 6.022727272727273e-01, 1.546382018416071e-04
1.052556818181818e+00, 6.250000000000000e-01, 1.607213273026916e-04
1.052556818181818e+00, 6.477272727272727e-01, 2.367905894784338e-04
1.052556818181818e+00, 6.704545454545454e-01, 1.539693562912317e-04
1.052556818181818e+00, 6.931818181818182e-01, 1.710345002298985e-04
1.052556818181818e+00, 7.159090909090909e-01, 3.084233658990406e-04
1.052556818181818e+00, 7.386363636363636e-01, 2.162375956395786e-04
1.052556818181818e+00, 7.613636363636364e-01, 1.222608351275067e-04
1.052556818181818e+00, 7.840909090909091e-01, 1.630793947732051e-04
1.052556818181818e+00, 8.068181818181818e-01, 2.582438182821614e-04
1.052556818181818e+00, 8.295454545454546e-01, 1.607167188632481e-04
1.052556818181818e+00, 8.522727272727273e-01, 1.357984766481243e-04
1.052556818181818e+00, 8.750000000000000e-01, 1.229277033617621e-04
1.052556818181818e+00, 8.977272727272727e-01, 1.608610611410056e-04
1.052556818181818e+00, 9.204545454545454e-01, 7.824039050857200e-05
1.052556818181818e+00, 9.431818181818182e-01, 6.594259387440104e-05
1.052556818181818e+00, 9.659090909090909e-01, 9.979161604114417e-05
1.052556818181818e+00, 9.886363636363636e-01, 2.427187011739770e-05
1.072443181818182e+00, 1.136363636363636e-02, -3.821739562301010e-06
1.072443181818182e+00, 3.409090909090909e-02, -1.088230375400664e-05
1.072443181818182e+00, 5.681818181818182e-02, -2.189968283386340e-05
1.072443181818182e+00, 7.954545454545454e-02, -1.854929101367900e-05
1.072443181818182e+00, 1.022727272727273e-01, -1.992352704924354e-05
1.072443181818182e+00, 1.250000000000000e-01, -1.991940766429186e-05
1.072443181818182e+00, 1.477272727272727e-01, -2.644491557339708e-05
1.072443181818182e+00, 1.704545454545454e-01, -1.462682040031771e-05
1.072443181818182e+00, 1.931818181818182e-01, -1.038297635466440e-05
1.072443181818182e+00, 2.159090909090909e-01, -1.409729244589244e-05
1.072443181818182e+00, 2.386363636363636e-01, 1.858434352863676e-06
1.072443181818182e+00, 2.613636363636364e-01, 9.226237715367264e-06
1.072443181818182e+00, 2.840909090909091e-01, 1.726423931235637e-05
1.072443181818182e+00, 3.068181818181818e-01, 3.599486679331897e-05
1.072443181818182e+00, 3.295454545454545e-01, 3.576412243616972e-05
1.072443181818182e+00, 3.522727272727273e-01, 4.548348312803425e-05
1.072443181818182e+00, 3.750000000000000e-01, 5.549476080040307e-05
1.072443181818182e+00, 3.977272727272727e-01, 9.000065705672322e-05
1.072443181818182e+00, 4.204545454545455e-01, 7.637890184481284e-05
1.072443181818182e+00, 4.431818181818182e-01, 8.663120862013400e-05
1.072443181818182e+00, 4.659090909090909e-01, 1.621436524147155e-04
1.072443181818182e+00, 4.886363636363636e-01, 1.068150034946086e-04
1.072443181818182e+00, 5.113636363636364e-01, 1.161971342803442e-04
1.072443181818182e+00, 5.340909090909091e-01, 1.251657746133849e-04
1.072443181818182e+00, 5.568181818181818e-01, 2.085835198835356e-04
1.072443181818182e+00, 5.795454545454546e-01, 1.410594339696786e-04
1.072443181818182e+00, 6.022727272727273e-01, 1.477194675636182e-04
1.072443181818182e+00, 6.250000000000000e-01, 1.535884992398993e-04
1.072443181818182e+00, 6.477272727272727e-01, 2.244038525579446e-04
1.072443181818182e+00, 6.704545454545454e-01, 1.613252856905286e-04
1.072443181818182e+00, 6.931818181818182e-01, 1.634467054437583e-04
1.072443181818182e+00, 7.159090909090909e-01, 2.910690801405147e-04
1.072443181818182e+00, 7.386363636363636e-01, 1.628477697388171e-04
1.072443181818182e+00, 7.613636363636364e-01, 1.601091461067449e-04
1.072443181818182e+00, 7.840909090909091e-01, 1.558734618551246e-04
1.072443181818182e+00, 8.068181818181818e-01, 2.440097530761528e-04
1.072443181818182e+00, 8.295454545454546e-01, 1.404356288300043e-04
1.072443181818182e+00, 8.522727272727273e-01, 1.298972662179123e-04
1.072443181818182e+00, 8.750000000000000e-01, 1.174829944718566e-04
1.072443181818182e+00, 8.977272727272727e-01, 1.521025488200560e-04
1.072443181818182e+00, 9.204545454545454e-01, 8.332467335300404e-05
1.072443181818182e+00, 9.431818181818182e-01, 6.316248801619278e-05
1.072443181818182e+00, 9.659090909090909e-01, 9.373665693814090e-05
1.072443181818182e+00, 9.886363636363636e-01, 1.300567015866877e-05
1.092329545454545e+00, 1.136363636363636e-02, -3.586227154653511e-06
1.092329545454545e+00, 3.409090909090909e-02, -2.396668503656442e-06
1.092329545454545e+00, 5.681818181818182e-02, -2.113046146496741e-05
1.092329545454545e+00, 7.954545454545454e-02, -1.912386051647038e-05
1.092329545454545e+00, 1.022727272727273e-01, -1.040158905606295e-05
1.092329545454545e+00, 1.250000000000000e-01, -1.901484371412006e-05
1.092329545454545e+00, 1.477272727272727e-01, -2.567452154389234e-05
1.092329545454545e+00, 1.704545454545454e-01, -1.253721992833974e-05
1.092329545454545e+00, 1.931818181818182e-01, -2.795181268627868e-06
1.092329545454545e+00, 2.159090909090909e-01, -1.392735190203812e-05
1.092329545454545e+00, 2.386363636363636e-01, 5.083024836610616e-07
1.092329545454545e+00, 2.613636363636364e-01, 7.379999726181820e-06
1.092329545454545e+00, 2.840909090909091e-01, 3.935286748572709e-06
1.092329545454545e+00, 3.068181818181818e-01, 3.464786599560085e-05
1.092329545454545e+00, 3.295454545454545e-01, 3.638447507068824e-05
1.092329545454545e+00, 3.522727272727273e-01, 2.533526646465941e-05
1.092329545454545e+00, 3.750000000000000e-01, 5.289154273938882e-05
1.092329545454545e+00, 3.977272727272727e-01, 8.673839123120665e-05
1.092329545454545e+00, 4.204545454545455e-01, 6.667007718505619e-05
1.092329545454545e+00, 4.431818181818182e-01, 3.177565764425958e-05
1.092329545454545e+00, 4.659090909090909e-01, 1.575721425439308e-04
1.092329545454545e+00, 4.886363636363636e-01, 1.270710066099383e-04
1.092329545454545e+00, 5.113636363636364e-01, 8.181803159414423e-05
1.092329545454545e+00, 5.340909090909091e-01, 2.287588164099244e-05
1.092329545454545e+00, 5.568181818181818e-01, 2.022821546161307e-04
1.092329545454545e+00, 5.795454545454546e-01, 1.461044732579170e-04
1.092329545454545e+00, 6.022727272727273e-01, 7.800541514920574e-05
1.092329545454545e+00, 6.250000000000000e-01, 1.464546135407197e-04
1.092329545454545e+00, 6.477272727272727e-01, 2.169922892611042e-04
1.092329545454545e+00, 6.704545454545454e-01, 1.400165959700531e-04
1.092329545454545e+00, 6.931818181818182e-01, 5.712538038956049e-05
1.092329545454545e+00, 7.159090909090909e-01, 2.834500306707143e-04
1.092329545454545e+00, 7.386363636363636e-01, 1.978771480887070e-04
1.092329545454545e+00, 7.613636363636364e-01, 1.106974274707152e-04
1.092329545454545e+00, 7.840909090909091e-01, 2.678609916470912e-05
1.092329545454545e+00, 8.068181818181818e-01, 2.371617450240257e-04
1.092329545454545e+00, 8.295454545454546e-01, 1.468191464109085e-04
1.092329545454545e+00, 8.522727272727273e-01, 6.575034365321518e-05
1.092329545454545e+00, 8.750000000000000e-01, 1.120363834061199e-04
1.092329545454545e+00, 8.977272727272727e-01, 1.476656405777331e-04
1.092329545454545e+00, 9.204545454545454e-01, 7.141272079156508e-05
1.092329545454545e+00, 9.431818181818182e-01, 1.850048284236673e-05
1.092329545454545e+00, 9.659090909090909e-01, 9.200871712130970e-05
1.092329545454545e+00, 9.886363636363636e-01, 2.254393030056650e-05
1.112215909090909e+00, 1.136363636363636e-02, -3.552582524989581e-06
1.112215909090909e+00, 3.409090909090909e-02, -9.896366038940808e-06
1.112215909090909e+00, 5.681818181818182e-02, -1.997194925084899e-05
1.112215909090909e+00, 7.954545454545454e-02, -1.820180041512334e-05
1.112215909090909e+00, 1.022727272727273e-01, -1.810409891299343e-05
1.112215909090909e+00, 1.250000000000000e-01, -1.810606613553645e-05
1.112215909090909e+00, 1.477272727272727e-01, -2.419271515862102e-05
1.112215909090909e+00, 1.704545454545454e-01, -1.190841232259258e-05
1.112215909090909e+00, 1.931818181818182e-01, -9.436407031738115e-06
1.112215909090909e+00, 2.159090909090909e-01, -1.302490965209964e-05
1.112215909090909e+00, 2.386363636363636e-01, 5.716351434191105e-07
1.112215909090909e+00, 2.613636363636364e-01, 8.404667870250778e-06
1.112215909090909e+00, 2.840909090909091e-01, 1.563220095568357e-05
1.112215909090909e+00, 3.068181818181818e-01, 3.269660553165827e-05
1.112215909090909e+00, 3.295454545454545e-01, 3.467593219197743e-05
1.112215909090909e+00, 3.522727272727273e-01, 4.129263289850919e-05
1.112215909090909e+00, 3.750000000000000e-01, 5.029274331544541e-05
1.112215909090909e+00, 3.977272727272727e-01, 8.190661397501681e-05
1.112215909090909e+00, 4.204545454545455e-01, 6.378260320755999e-05
1.112215909090909e+00, 4.431818181818182e-01, 7.860287335074135e-05
1.112215909090909e+00, 4.659090909090909e-01, 1.480560007659886e-04
1.112215909090909e+00, 4.886363636363636e-01, 1.202767821440359e-04
1.112215909090909e+00, 5.113636363636364e-01, 1.054795339460691e-04
1.112215909090909e+00, 5.340909090909091e-01, 1.135416478826501e-04
1.112215909090909e+00, 5.568181818181818e-01, 1.903572402265344e-04
1.112215909090909e+00, 5.795454545454546e-01, 1.387717354039274e-04
1.112215909090909e+00, 6.022727272727273e-01, 1.340396528427801e-04
1.112215909090909e+00, 6.250000000000000e-01, 1.393190147151699e-04
1.112215909090909e+00, 6.477272727272727e-01, 2.046007143114192e-04
1.112215909090909e+00, 6.704545454545454e-01, 1.336380040032134e-04
1.112215909090909e+00, 6.931818181818182e-01, 1.482760524830946e-04
1.112215909090909e+00, 7.159090909090909e-01, 2.660863739356441e-04
1.112215909090909e+00, 7.386363636363636e-01, 1.870300108462222e-04
1.112215909090909e+00, 7.613636363636364e-01, 1.452086066107705e-04
1.112215909090909e+00, 7.840909090909091e-01, 1.413932205767313e-04
1.112215909090909e+00, 8.068181818181818e-01, 2.229176159270348e-04
1.112215909090909e+00, 8.295454545454546e-01, 1.391607285245811e-04
1.112215909090909e+00, 8.522727272727273e-01, 1.177450515163095e-04
1.112215909090909e+00, 8.750000000000000e-01, 1.065866348744716e-04
1.112215909090909e+00, 8.977272727272727e-01, 1.389003133091540e-04
1.112215909090909e+00, 9.204545454545454e-01, 6.778392258304135e-05
1.112215909090909e+00, 9.431818181818182e-01, 5.717756123540900e-05
1.112215909090909e+00, 9.659090909090909e-01, 8.594943721189425e-05
1.112215909090909e+00, 9.886363636363636e-01, 2.081491241174903e-05
1.132102272727273e+00, 1.136363636363636e-02, -3.282632517328278e-06
1.132102272727273e+00, 3.409090909090909e-02, -9.380724703238695e-06
1.132102272727273e+00, 5.681818181818182e-02, -1.881144528756934e-05
1.132102272727273e+00, 7.954545454545454e-02, -1.599529231444737e-05
1.132102272727273e+00, 1.022727272727273e-01, -1.719179516048095e-05
1.132102272727273e+00, 1.250000000000000e-01, -1.719549383411309e-05
1.132102272727273e+00, 1.477272727272727e-01, -1.540357566692961e-05
1.132102272727273e+00, 1.704545454545454e-01, -1.266017477952022e-05
1.132102272727273e+00, 1.931818181818182e-01, -9.008265232185348e-06
1.132102272727273e+00, 2.159090909090909e-01, -1.211352612392550e-05
1.132102272727273e+00, 2.386363636363636e-01, 1.506375388888028e-06
1.132102272727273e+00, 2.613636363636364e-01, 7.853221786933724e-06
1.132102272727273e+00, 2.840909090909091e-01, 1.478065069381024e-05
1.132102272727273e+00, 3.068181818181818e-01, 3.075306088263950e-05
1.132102272727273e+00, 3.295454545454545e-01, 3.068467127018826e-05
1.132102272727273e+00, 3.522727272727273e-01, 3.906370826229447e-05
1.132102272727273e+00, 3.750000000000000e-01, 4.769581305914518e-05
1.132102272727273e+00, 3.977272727272727e-01, 5.678452964978077e-05
1.132102272727273e+00, 4.204545454545455e-01, 6.565673607059796e-05
1.132102272727273e+00, 4.431818181818182e-01, 7.449867685672521e-05
1.132102272727273e+00, 4.659090909090909e-01, 1.385447839881121e-04
1.132102272727273e+00, 4.886363636363636e-01, 9.186129305031530e-05
1.132102272727273e+00, 5.113636363636364e-01, 9.995549794178805e-05
1.132102272727273e+00, 5.340909090909091e-01, 1.076924440025068e-04
1.132102272727273e+00, 5.568181818181818e-01, 1.784331210405533e-04
1.132102272727273e+00, 5.795454545454546e-01, 1.213694641501000e-04
1.132102272727273e+00, 6.022727272727273e-01, 1.271182019128188e-04
1.132102272727273e+00, 6.250000000000000e-01, 1.321826989859331e-04
1.132102272727273e+00, 6.477272727272727e-01, 1.360437291968003e-04
1.132102272727273e+00, 6.704545454545454e-01, 1.388466709385782e-04
1.132102272727273e+00, 6.931818181818182e-01, 1.406820441776586e-04
1.132102272727273e+00, 7.159090909090909e-01, 2.487177622027255e-04
1.132102272727273e+00, 7.386363636363636e-01, 1.401792460232410e-04
1.132102272727273e+00, 7.613636363636364e-01, 1.378269883628488e-04
1.132102272727273e+00, 7.840909090909091e-01, 1.341796542285785e-04
1.132102272727273e+00, 8.068181818181818e-01, 2.086682735010008e-04
1.132102272727273e+00, 8.295454545454546e-01, 1.209155545618161e-04
1.132102272727273e+00, 8.522727272727273e-01, 1.118370734498707e-04
1.132102272727273e+00, 8.750000000000000e-01, 1.011355574997061e-04
1.132102272727273e+00, 8.977272727272727e-01, 8.724277303059876e-05
1.132102272727273e+00, 9.204545454545454e-01, 7.177220690118391e-05
1.132102272727273e+00, 9.431818181818182e-01, 5.439423380600237e-05
1.132102272727273e+00, 9.659090909090909e-01, 7.988726376616232e-05
1.132102272727273e+00, 9.886363636363636e-01, 1.127637857419115e-05
1.151988636363636e+00, 1.136363636363636e-02, -3.113459730193786e-06
1.151988636363636e+00, 3.409090909090909e-02, -8.907040899262114e-06
1.151988636363636e+00, 5.681818181818182e-02, -1.803722266066343e-05
1.151988636363636e+00, 7.954545454545454e-02, -1.636266776575708e-05
1.151988636363636e+00, 1.022727272727273e-01, -8.967996959638661e-06
1.151988636363636e+00, 1.250000000000000e-01, -1.628227445705059e-05
1.151988636363636e+00, 1.477272727272727e-01, -2.192583563701829e-05
1.151988636363636e+00, 1.704545454545454e-01, -1.074679628560433e-05
1.151988636363636e+00, 1.931818181818182e-01, -2.417524479011989e-06
1.151988636363636e+00, 2.159090909090909e-01, -1.193220002186665e-05
1.151988636363636e+00, 2.386363636363636e-01, 3.834060396254441e-07
1.151988636363636e+00, 2.613636363636364e-01, 6.313362895215379e-06
1.151988636363636e+00, 2.840909090909091e-01, 1.401386813477155e-05
1.151988636363636e+00, 3.068181818181818e-01, 2.941694992698880e-05
1.151988636363636e+00, 3.295454545454545e-01, 3.102050266517730e-05
1.151988636363636e+00, 3.522727272727273e-01, 2.180634056922113e-05
1.151988636363636e+00, 3.750000000000000e-01, 4.510163549331586e-05
1.151988636363636e+00, 3.977272727272727e-01, 7.382525627356563e-05
1.151988636363636e+00, 4.204545454545455e-01, 5.697972998431755e-05
1.151988636363636e+00, 4.431818181818182e-01, 2.757847695914637e-05
1.151988636363636e+00, 4.659090909090909e-01, 1.339779896414496e-04
1.151988636363636e+00, 4.886363636363636e-01, 1.082941912448956e-04
1.151988636363636e+00, 5.113636363636364e-01, 7.011141309613401e-05
1.151988636363636e+00, 5.340909090909091e-01, 1.019190053567911e-04
1.151988636363636e+00, 5.568181818181818e-01, 1.721313992686680e-04
1.151988636363636e+00, 5.795454545454546e-01, 1.246780271086173e-04
1.151988636363636e+00, 6.022727272727273e-01, 6.711342376097127e-05
1.151988636363636e+00, 6.250000000000000e-01, 1.250453300321721e-04
1.151988636363636e+00, 6.477272727272727e-01, 1.847908618971948e-04
1.151988636363636e+00, 6.704545454545454e-01, 1.196750152526721e-04
1.151988636363636e+00, 6.931818181818182e-01, 4.952567029355931e-05
1.151988636363636e+00, 7.159090909090909e-01, 2.410918870582082e-04
1.151988636363636e+00, 7.386363636363636e-01, 1.686521780634101e-04
1.151988636363636e+00, 7.613636363636364e-01, 9.482274370676118e-05
1.151988636363636e+00, 7.840909090909091e-01, 1.269037123792085e-04
1.151988636363636e+00, 8.068181818181818e-01, 2.018126467748611e-04
1.151988636363636e+00, 8.295454545454546e-01, 1.252474215277693e-04
1.151988636363636e+00, 8.522727272727273e-01, 5.649904557464363e-05
1.151988636363636e+00, 8.750000000000000e-01, 9.568252262568632e-05
1.151988636363636e+00, 8.977272727272727e-01, 1.256892810857996e-04
1.151988636363636e+00, 9.204545454545454e-01, 6.094813300058631e-05
1.151988636363636e+00, 9.431818181818182e-01, 1.592802418605936e-05
1.151988636363636e+00, 9.659090909090909e-01, 7.815726391509913e-05
1.151988636363636e+00, 9.886363636363636e-01, 1.908491256068583e-05
1.171875000000000e+00, 1.136363636363636e-02, -3.011956057913087e-06
1.171875000000000e+00, 3.409090909090909e-02, -8.389501733585701e-06
1.171875000000000e+00, 5.681818181818182e-02, -1.687258051986413e-05
1.171875000000000e+00, 7.954545454545454e-02, -1.543524843039651e-05
1.171875000000000e+00, 1.022727272727273e-01, -1.535865291398636e-05
1.171875000000000e+00, 1.250000000000000e-01, -1.536610054917948e-05
1.171875000000000e+00, 1.477272727272727e-01, -2.043041848333044e-05
1.171875000000000e+00, 1.704545454545454e-01, -1.127379423032274e-05
1.171875000000000e+00, 1.931818181818182e-01, -8.041459838910766e-06
1.171875000000000e+00, 2.159090909090909e-01, -1.100750607021517e-05
1.171875000000000e+00, 2.386363636363636e-01, 4.608879795373253e-07
1.171875000000000e+00, 2.613636363636364e-01, 7.052930374472636e-06
1.171875000000000e+00, 2.840909090909091e-01, 1.316959045446376e-05
1.171875000000000e+00, 3.068181818181818e-01, 2.748533352047351e-05
1.171875000000000e+00, 3.295454545454545e-01, 2.932243430772773e-05
1.171875000000000e+00, 3.522727272727273e-01, 3.489105772455263e-05
1.171875000000000e+00, 3.750000000000000e-01, 4.251049525107694e-05
1.171875000000000e+00, 3.977272727272727e-01, 6.900636851003511e-05
1.171875000000000e+00, 4.204545454545455e-01, 5.867728939035179e-05
1.171875000000000e+00, 4.431818181818182e-01, 6.648153447117752e-05
1.171875000000000e+00, 4.659090909090909e-01, 1.244733541759023e-04
1.171875000000000e+00, 4.886363636363636e-01, 1.015052297783753e-04
1.171875000000000e+00, 5.113636363636364e-01, 8.924254404055955e-05
1.171875000000000e+00, 5.340909090909091e-01, 9.607054638692409e-05
1.171875000000000e+00, 5.568181818181818e-01, 1.602078359225810e-04
1.171875000000000e+00, 5.795454545454546e-01, 1.173446225058540e-04
1.171875000000000e+00, 6.022727272727273e-01, 1.134340988546021e-04
1.171875000000000e+00, 6.250000000000000e-01, 1.179067935098704e-04
1.171875000000000e+00, 6.477272727272727e-01, 1.723935007876315e-04
1.171875000000000e+00, 6.704545454545454e-01, 1.238925919717838e-04
1.171875000000000e+00, 6.931818181818182e-01, 1.255001631891083e-04
1.171875000000000e+00, 7.159090909090909e-01, 2.237156934929622e-04
1.171875000000000e+00, 7.386363636363636e-01, 1.577964377933648e-04
1.171875000000000e+00, 7.613636363636364e-01, 1.229126017989034e-04
1.171875000000000e+00, 7.840909090909091e-01, 1.196852213153558e-04
1.171875000000000e+00, 8.068181818181818e-01, 1.875551024780588e-04
1.171875000000000e+00, 8.295454545454546e-01, 1.175816362408017e-04
1.171875000000000e+00, 8.522727272727273e-01, 9.967186901140286e-05
1.171875000000000e+00, 8.750000000000000e-01, 9.022729902281984e-05
1.171875000000000e+00, 8.977272727272727e-01, 1.169148301185185e-04
1.171875000000000e+00, 9.204545454545454e-01, 6.376901237558791e-05
1.171875000000000e+00, 9.431818181818182e-01, 4.840269121876432e-05
1.171875000000000e+00, 9.659090909090909e-01, 7.209147629441859e-05
1.171875000000000e+00, 9.886363636363636e-01, 1.735400506474420e-05
1.191761363636364e+00, 1.136363636363636e-02, -2.740609602760810e-06
1.191761363636364e+00, 3.409090909090909e-02, -7.871332543447289e-06
1.191761363636364e+00, 5.681818181818182e-02, -1.136448501368978e-05
1.191761363636364e+00, 7.954545454545454e-02, -1.342456097532320e-05
1.191761363636364e+00, 1.022727272727273e-01, -1.443990788508598e-05
1.191761363636364e+00, 1.250000000000000e-01, -1.444838109623448e-05
1.191761363636364e+00, 1.477272727272727e-01, -1.295958664276653e-05
1.191761363636364e+00, 1.704545454545454e-01, -1.066570862023598e-05
1.191761363636364e+00, 1.931818181818182e-01, -7.604275098799379e-06
1.191761363636364e+00, 2.159090909090909e-01, -1.007533236486382e-05
1.191761363636364e+00, 2.386363636363636e-01, 1.185031615325992e-06
1.191761363636364e+00, 2.613636363636364e-01, 6.510847393335704e-06
1.191761363636364e+00, 2.840909090909091e-01, 1.232727926510303e-05
1.191761363636364e+00, 3.068181818181818e-01, 1.884762619310855e-05
1.191761363636364e+00, 3.295454545454545e-01, 2.563293277777623e-05
1.191761363636364e+00, 3.522727272727273e-01, 3.266995743203440e-05
1.191761363636364e+00, 3.750000000000000e-01, 3.992093306175786e-05
1.191761363636364e+00, 3.977272727272727e-01, 4.749970727618947e-05
1.191761363636364e+00, 4.204545454545455e-01, 5.495325375896215e-05
1.191761363636364e+00, 4.431818181818182e-01, 6.238206433278160e-05
1.191761363636364e+00, 4.659090909090909e-01, 1.149727486326850e-04
1.191761363636364e+00, 4.886363636363636e-01, 7.691695471786518e-05
1.191761363636364e+00, 5.113636363636364e-01, 8.372010762616050e-05
1.191761363636364e+00, 5.340909090909091e-01, 9.022221273660981e-05
1.191761363636364e+00, 5.568181818181818e-01, 9.630175035637394e-05
1.191761363636364e+00, 5.795454545454546e-01, 1.016759153350276e-04
1.191761363636364e+00, 6.022727272727273e-01, 1.065104584899406e-04
1.191761363636364e+00, 6.250000000000000e-01, 1.107676429228704e-04
1.191761363636364e+00, 6.477272727272727e-01, 1.139902669455465e-04
1.191761363636364e+00, 6.704545454545454e-01, 1.163537031846153e-04
1.191761363636364e+00, 6.931818181818182e-01, 1.179010786442330e-04
1.191761363636364e+00, 7.159090909090909e-01, 2.063353291546424e-04
1.191761363636364e+00, 7.386363636363636e-01, 1.174914281332293e-04
1.191761363636364e+00, 7.613636363636364e-01, 1.155247809635801e-04
1.191761363636364e+00, 7.840909090909091e-01, 1.124653723017324e-04
1.191761363636364e+00, 8.068181818181818e-01, 1.076614238225819e-04
1.191761363636364e+00, 8.295454545454546e-01, 1.013758190206135e-04
1.191761363636364e+00, 8.522727272727273e-01, 9.375826689844094e-05
1.191761363636364e+00, 8.750000000000000e-01, 8.477092402220019e-05
1.191761363636364e+00, 8.977272727272727e-01, 7.318915217825267e-05
1.191761363636364e+00, 9.204545454545454e-01, 6.020751719783185e-05
1.191761363636364e+00, 9.431818181818182e-01, 4.561663633582141e-05
1.191761363636364e+00, 9.659090909090909e-01, 6.602319121815810e-05
1.191761363636364e+00, 9.886363636363636e-01, 9.545483179980600e-06
1.211647727272727e+00, 1.136363636363636e-02, -2.638621679835564e-06
1.211647727272727e+00, 3.409090909090909e-02, -7.395388903129483e-06
1.211647727272727e+00, 5.681818181818182e-02, -1.492777363992313e-05
1.211647727272727e+00, 7.954545454545454e-02, -1.358501667240356e-05
1.211647727272727e+00, 1.022727272727273e-01, -7.524638501132831e-06
1.211647727272727e+00, 1.250000000000000e-01, -1.352794917549382e-05
1.211647727272727e+00, 1.477272727272727e-01, -1.814240513450583e-05
1.211647727272727e+00, 1.704545454545454e-01, -8.933043945129468e-06
1.211647727272727e+00, 1.931818181818182e-01, -7.063713378350776e-06
1.211647727272727e+00, 2.159090909090909e-01, -9.884635707286920e-06
1.211647727272727e+00, 2.386363636363636e-01, 2.955536072352225e-07
1.211647727272727e+00, 2.613636363636364e-01, 5.266802611898347e-06
1.211647727272727e+00, 2.840909090909091e-01, 1.156982000302536e-05
1.211647727272727e+00, 3.068181818181818e-01, 2.423290909177593e-05
1.211647727272727e+00, 3.295454545454545e-01, 2.568521841795101e-05
1.211647727272727e+00, 3.522727272727273e-01, 1.828950892584975e-05
1.211647727272727e+00, 3.750000000000000e-01, 3.733411974288780e-05
1.211647727272727e+00, 3.977272727272727e-01, 6.094335926748745e-05
1.211647727272727e+00, 4.204545454545455e-01, 4.730522795936363e-05
1.211647727272727e+00, 4.431818181818182e-01, 5.847041786394499e-05
1.211647727272727e+00, 4.659090909090909e-01, 1.104097779953284e-04
1.211647727272727e+00, 4.886363636363636e-01, 8.952999327492431e-05
1.211647727272727e+00, 5.113636363636364e-01, 5.840878265082777e-05
1.211647727272727e+00, 5.340909090909091e-01, 8.444983987992231e-05
1.211647727272727e+00, 5.568181818181818e-01, 1.419828536468192e-04
1.211647727272727e+00, 5.795454545454546e-01, 1.032485696224380e-04
1.211647727272727e+00, 6.022727272727273e-01, 5.621817989018176e-05
1.211647727272727e+00, 6.250000000000000e-01, 1.036274083338497e-04
1.211647727272727e+00, 6.477272727272727e-01, 1.525741822353045e-04
1.211647727272727e+00, 6.704545454545454e-01, 9.932151952133176e-05
1.211647727272727e+00, 6.931818181818182e-01, 1.103122363646367e-04
1.211647727272727e+00, 7.159090909090909e-01, 1.987038380530802e-04
1.211647727272727e+00, 7.386363636363636e-01, 1.394043126083473e-04
1.211647727272727e+00, 7.613636363636364e-01, 7.893487941355929e-05
1.211647727272727e+00, 7.840909090909091e-01, 1.051830796255227e-04
1.211647727272727e+00, 8.068181818181818e-01, 1.664312091231058e-04
1.211647727272727e+00, 8.295454545454546e-01, 1.036552848443727e-04
1.211647727272727e+00, 8.522727272727273e-01, 4.723904424337937e-05
1.211647727272727e+00, 8.750000000000000e-01, 7.931251595866561e-05
1.211647727272727e+00, 8.977272727272727e-01, 1.036907250387537e-04
1.211647727272727e+00, 9.204545454545454e-01, 5.047297957046250e-05
1.211647727272727e+00, 9.431818181818182e-01, 4.240742383851074e-05
1.211647727272727e+00, 9.659090909090909e-01, 6.429143255208317e-05
1.211647727272727e+00, 9.886363636363636e-01, 1.562224639866925e-05
1.231534090909091e+00, 1.136363636363636e-02, -2.468641808293491e-06
1.231534090909091e+00, 3.409090909090909e-02, -6.875580435078523e-06
1.231534090909091e+00, 5.681818181818182e-02, -1.375784358993287e-05
1.231534090909091e+00, 7.954545454545454e-02, -1.174356702633748e-05
1.231534090909091e+00, 1.022727272727273e-01, -1.259517734031367e-05
1.231534090909091e+00, 1.250000000000000e-01, -1.260547169365683e-05
1.231534090909091e+00, 1.477272727272727e-01, -1.663545717689249e-05
1.231534090909091e+00, 1.704545454545454e-01, -9.263385370473348e-06
1.231534090909091e+00, 1.931818181818182e-01, -6.620591166623477e-06
1.231534090909091e+00, 2.159090909090909e-01, -8.941300724937521e-06
1.231534090909091e+00, 2.386363636363636e-01, 3.848923336559399e-07
1.231534090909091e+00, 2.613636363636364e-01, 5.728189649074174e-06
1.231534090909091e+00, 2.840909090909091e-01, 1.073356970048546e-05
1.231534090909091e+00, 3.068181818181818e-01, 2.231760471241561e-05
1.231534090909091e+00, 3.295454545454545e-01, 2.245424328343100e-05
1.231534090909091e+00, 3.522727272727273e-01, 2.851229744773148e-05
1.231534090909091e+00, 3.750000000000000e-01, 3.474934499125761e-05
1.231534090909091e+00, 3.977272727272727e-01, 5.613509809571183e-05
1.231534090909091e+00, 4.204545454545455e-01, 4.798471969481705e-05
1.231534090909091e+00, 4.431818181818182e-01, 5.437408368209179e-05
1.231534090909091e+00, 4.659090909090909e-01, 1.009145242243527e-04
1.231534090909091e+00, 4.886363636363636e-01, 8.274530526376314e-05
1.231534090909091e+00, 5.113636363636364e-01, 7.301090815756005e-05
1.231534090909091e+00, 5.340909090909091e-01, 7.860206466508685e-05
1.231534090909091e+00, 5.568181818181818e-01, 1.300602364542172e-04
1.231534090909091e+00, 5.795454545454546e-01, 8.867684456710447e-05
1.231534090909091e+00, 6.022727272727273e-01, 9.282272142092278e-05
1.231534090909091e+00, 6.250000000000000e-01, 9.648633012148477e-05
1.231534090909091e+00, 6.477272727272727e-01, 1.401718313189711e-04
1.231534090909091e+00, 6.704545454545454e-01, 1.013915012773686e-04
1.231534090909091e+00, 6.931818181818182e-01, 1.027097914814780e-04
1.231534090909091e+00, 7.159090909090909e-01, 1.813169436592961e-04
1.231534090909091e+00, 7.386363636363636e-01, 1.285412163103439e-04
1.231534090909091e+00, 7.613636363636364e-01, 1.005987648859062e-04
1.231534090909091e+00, 7.840909090909091e-01, 9.795899783156790e-05
1.231534090909091e+00, 8.068181818181818e-01, 1.521621774599136e-04
1.231534090909091e+00, 8.295454545454546e-01, 8.816713240104721e-05
1.231534090909091e+00, 8.522727272727273e-01, 8.158204317841766e-05
1.231534090909091e+00, 8.750000000000000e-01, 7.385253892579576e-05
1.231534090909091e+00, 8.977272727272727e-01, 9.490836922067944e-05
1.231534090909091e+00, 9.204545454545454e-01, 5.219677760644468e-05
1.231534090909091e+00, 9.431818181818182e-01, 3.961938414997878e-05
1.231534090909091e+00, 9.659090909090909e-01, 5.821994750932553e-05
1.231534090909091e+00, 9.886363636363636e-01, 1.388967805172728e-05
1.251420454545455e+00, 1.136363636363636e-02, -2.196095486331736e-06
1.251420454545455e+00, 3.409090909090909e-02, -6.355219083833988e-06
1.251420454545455e+00, 5.681818181818182e-02, -9.155957145090389e-06
1.251420454545455e+00, 7.954545454545454e-02, -1.083959925171426e-05
1.251420454545455e+00, 1.022727272727273e-01, -1.167092489112865e-05
1.251420454545455e+00, 1.250000000000000e-01, -1.168164782512303e-05
1.251420454545455e+00, 1.477272727272727e-01, -1.049374278581249e-05
1.251420454545455e+00, 1.704545454545454e-01, -8.647888050716846e-06
1.251420454545455e+00, 1.931818181818182e-01, -6.175762318532838e-06
1.251420454545455e+00, 2.159090909090909e-01, -2.983357676392276e-06
1.251420454545455e+00, 2.386363636363636e-01, 8.892857011293283e-07
1.251420454545455e+00, 2.613636363636364e-01, 5.193965424457304e-06
1.251420454545455e+00, 2.840909090909091e-01, 9.899001572840175e-06
1.251420454545455e+00, 3.068181818181818e-01, 1.511683265384757e-05
1.251420454545455e+00, 3.295454545454545e-01, 2.060413973536578e-05
1.251420454545455e+00, 3.522727272727273e-01, 2.629771782929472e-05
1.251420454545455e+00, 3.750000000000000e-01, 3.216590815216553e-05
1.251420454545455e+00, 3.977272727272727e-01, 3.823243952070986e-05
1.251420454545455e+00, 4.204545454545455e-01, 4.426514232919826e-05
1.251420454545455e+00, 4.431818181818182e-01, 5.027850751209875e-05
1.251420454545455e+00, 4.659090909090909e-01, 5.625753595462957e-05
1.251420454545455e+00, 4.886363636363636e-01, 6.198024665722373e-05
1.251420454545455e+00, 5.113636363636364e-01, 6.748973659167133e-05
1.251420454545455e+00, 5.340909090909091e-01, 7.275437240154012e-05
1.251420454545455e+00, 5.568181818181818e-01, 7.762256585723278e-05
1.251420454545455e+00, 5.795454545454546e-01, 8.197922503165419e-05
1.251420454545455e+00, 6.022727272727273e-01, 8.589714682693553e-05
1.251420454545455e+00, 6.250000000000000e-01, 8.934469193898060e-05
1.251420454545455e+00, 6.477272727272727e-01, 9.192650699958706e-05
1.251420454545455e+00, 6.704545454545454e-01, 9.384858961916218e-05
1.251420454545455e+00, 6.931818181818182e-01, 9.510631641461550e-05
1.251420454545455e+00, 7.159090909090909e-01, 9.551050402119789e-05
1.251420454545455e+00, 7.386363636363636e-01, 9.478727675826321e-05
1.251420454545455e+00, 7.613636363636364e-01, 9.320557280338286e-05
1.251420454545455e+00, 7.840909090909091e-01, 9.073370092326043e-05
1.251420454545455e+00, 8.068181818181818e-01, 8.689056439024567e-05
1.251420454545455e+00, 8.295454545454546e-01, 8.181929440753452e-05
1.251420454545455e+00, 8.522727272727273e-01, 7.566352166341079e-05
1.251420454545455e+00, 8.750000000000000e-01, 6.839152327354146e-05
1.251420454545455e+00, 8.977272727272727e-01, 5.912277764013393e-05
1.251420454545455e+00, 9.204545454545454e-01, 4.863222446523385e-05
1.251420454545455e+00, 9.431818181818182e-01, 3.683090447942390e-05
1.251420454545455e+00, 9.659090909090909e-01, 2.328983279078276e-05
1.251420454545455e+00, 9.886363636363636e-01, 7.813148199469741e-06
1.271306818181818e+00, 1.136363636363636e-02, -2.161959725096398e-06
1.271306818181818e+00, 3.409090909090909e-02, -5.877318426539320e-06
1.271306818181818e+00, 5.681818181818182e-02, -1.180433470751966e-05
1.271306818181818e+00, 7.954545454545454e-02, -1.079321931016076e-05
1.271306818181818e+00, 1.022727272727273e-01, -1.074408436632860e-05
1.271306818181818e+00, 1.250000000000000e-01, -1.075509442633754e-05
1.271306818181818e+00, 1.477272727272727e-01, -1.432951664273932e-05
1.271306818181818e+00, 1.704545454545454e-01, -7.099530217608347e-06
1.271306818181818e+00, 1.931818181818182e-01, -5.627670640692737e-06
1.271306818181818e+00, 2.159090909090909e-01, -7.793079341534642e-06
1.271306818181818e+00, 2.386363636363636e-01, 2.387451368147315e-07
1.271306818181818e+00, 2.613636363636364e-01, 4.237107845880481e-06
1.271306818181818e+00, 2.840909090909091e-01, 9.149289538137918e-06
1.271306818181818e+00, 3.068181818181818e-01, 1.908783440960685e-05
1.271306818181818e+00, 3.295454545454545e-01, 2.037377706547011e-05
1.271306818181818e+00, 3.522727272727273e-01, 2.436276614977901e-05
1.271306818181818e+00, 3.750000000000000e-01, 2.958514119044793e-05
1.271306818181818e+00, 3.977272727272727e-01, 4.808718308153260e-05
1.271306818181818e+00, 4.204545454545455e-01, 3.764376519750251e-05
1.271306818181818e+00, 4.431818181818182e-01, 4.637100690802087e-05
1.271306818181818e+00, 4.659090909090909e-01, 8.686262579653458e-05
1.271306818181818e+00, 4.886363636363636e-01, 7.077592550628259e-05
1.271306818181818e+00, 5.113636363636364e-01, 4.670927946154667e-05
1.271306818181818e+00, 5.340909090909091e-01, 6.698272711361818e-05
1.271306818181818e+00, 5.568181818181818e-01, 1.118355420488831e-04
1.271306818181818e+00, 5.795454545454546e-01, 8.181618887774864e-05
1.271306818181818e+00, 6.022727272727273e-01, 7.913287097408063e-05
1.271306818181818e+00, 6.250000000000000e-01, 8.220186697993344e-05
1.271306818181818e+00, 6.477272727272727e-01, 1.203441268123685e-04
1.271306818181818e+00, 6.704545454545454e-01, 7.895764431293807e-05
1.271306818181818e+00, 6.931818181818182e-01, 8.751316083812228e-05
1.271306818181818e+00, 7.159090909090909e-01, 1.562898770189428e-04
1.271306818181818e+00, 7.386363636363636e-01, 1.101366099069573e-04
1.271306818181818e+00, 7.613636363636364e-01, 6.303556188861800e-05
1.271306818181818e+00, 7.840909090909091e-01, 8.344582016236485e-05
1.271306818181818e+00, 8.068181818181818e-01, 1.310216904553491e-04
1.271306818181818e+00, 8.295454545454546e-01, 8.204535407055542e-05
1.271306818181818e+00, 8.522727272727273e-01, 6.939947704101436e-05
1.271306818181818e+00, 8.750000000000000e-01, 6.292833701448860e-05
1.271306818181818e+00, 8.977272727272727e-01, 8.167266561519290e-05
1.271306818181818e+00, 9.204545454545454e-01, 3.998848651447223e-05
1.271306818181818e+00, 9.431818181818182e-01, 3.361877095726099e-05
1.271306818181818e+00, 9.659090909090909e-01, 5.041283293577947e-05
1.271306818181818e+00, 9.886363636363636e-01, 1.215632843048565e-05
1.291193181818182e+00, 1.136363636363636e-02, -1.923009396449070e-06
1.291193181818182e+00, 3.409090909090909e-02, -5.355525013475818e-06
1.291193181818182e+00, 5.681818181818182e-02, -1.062979135853387e-05
1.291193181818182e+00, 7.954545454545454e-02, -9.150561847219267e-06
1.291193181818182e+00, 1.022727272727273e-01, -9.816250727750257e-06
1.291193181818182e+00, 1.250000000000000e-01, -9.827183278538053e-06
1.291193181818182e+00, 1.477272727272727e-01, -1.281268582077842e-05
1.291193181818182e+00, 1.704545454545454e-01, -7.232029516530555e-06
1.291193181818182e+00, 1.931818181818182e-01, -5.177791416759833e-06
1.291193181818182e+00, 2.159090909090909e-01, -6.833941820823790e-06
1.291193181818182e+00, 2.386363636363636e-01, 8.507263803749577e-07
1.291193181818182e+00, 2.613636363636364e-01, 4.426115268694083e-06
1.291193181818182e+00, 2.840909090909091e-01, 8.319821356008538e-06
1.291193181818182e+00, 3.068181818181818e-01, 1.718620861513706e-05
1.291193181818182e+00, 3.295454545454545e-01, 1.743881772633612e-05
1.291193181818182e+00, 3.522727272727273e-01, 2.215250766106881e-05
1.291193181818182e+00, 3.750000000000000e-01, 2.700567632780517e-05
1.291193181818182e+00, 3.977272727272727e-01, 4.328770648224905e-05
1.291193181818182e+00, 4.204545454545455e-01, 3.730555675758063e-05
1.291193181818182e+00, 4.431818181818182e-01, 4.227797538803732e-05
1.291193181818182e+00, 4.659090909090909e-01, 7.737492755732269e-05
1.291193181818182e+00, 4.886363636363636e-01, 5.223490658474742e-05
1.291193181818182e+00, 5.113636363636364e-01, 5.678338370564250e-05
1.291193181818182e+00, 5.340909090909091e-01, 6.113535903408595e-05
1.291193181818182e+00, 5.568181818181818e-01, 9.991330789522074e-05
1.291193181818182e+00, 5.795454545454546e-01, 6.897830238780623e-05
1.291193181818182e+00, 6.022727272727273e-01, 7.220595784352809e-05
1.291193181818182e+00, 6.250000000000000e-01, 7.505840608209055e-05
1.291193181818182e+00, 6.477272727272727e-01, 1.079371132023310e-04
1.291193181818182e+00, 6.704545454545454e-01, 7.887908696521120e-05
1.291193181818182e+00, 6.931818181818182e-01, 7.990661538064579e-05
1.291193181818182e+00, 7.159090909090909e-01, 1.388932349370177e-04
1.291193181818182e+00, 7.386363636363636e-01, 7.961025116460149e-05
1.291193181818182e+00, 7.613636363636364e-01, 7.826919022749891e-05
1.291193181818182e+00, 7.840909090909091e-01, 7.621667180024472e-05
1.291193181818182e+00, 8.068181818181818e-01, 1.167422318815079e-04
1.291193181818182e+00, 8.295454545454546e-01, 6.860020821303330e-05
1.291193181818182e+00, 8.522727272727273e-01, 6.347739936659087e-05
1.291193181818182e+00, 8.750000000000000e-01, 5.746401403563721e-05
1.291193181818182e+00, 8.977272727272727e-01, 7.288306306261070e-05
1.291193181818182e+00, 9.204545454545454e-01, 4.061463139818585e-05
1.291193181818182e+00, 9.431818181818182e-01, 3.082844721369695e-05
1.291193181818182e+00, 9.659090909090909e-01, 4.433606956177800e-05
1.291193181818182e+00, 9.886363636363636e-01, 6.079416073956646e-06
1.311079545454545e+00, 1.136363636363636e-02, -1.683618716407790e-06
1.311079545454545e+00, 3.409090909090909e-02, -1.143769357473884e-06
1.311079545454545e+00, 5.681818181818182e-02, -9.846101362239728e-06
1.311079545454545e+00, 7.954545454545454e-02, -8.928078946361435e-06
1.311079545454545e+00, 1.022727272727273e-01, -4.879526464895648e-06
1.311079545454545e+00, 1.250000000000000e-01, -8.897914381724518e-06
1.311079545454545e+00, 1.477272727272727e-01, -1.201407797449809e-05
1.311079545454545e+00, 1.704545454545454e-01, -5.900572242189496e-06
1.311079545454545e+00, 1.931818181818182e-01, -1.337933025158694e-06
1.311079545454545e+00, 2.159090909090909e-01, -6.631954447781346e-06
1.311079545454545e+00, 2.386363636363636e-01, 1.027746400701512e-07
1.311079545454545e+00, 2.613636363636364e-01, 3.354597322482250e-06
1.311079545454545e+00, 2.840909090909091e-01, 1.846881593070256e-06
1.311079545454545e+00, 3.068181818181818e-01, 1.586956863429227e-05
1.311079545454545e+00, 3.295454545454545e-01, 1.675974533077041e-05
1.311079545454545e+00, 3.522727272727273e-01, 1.174363576945073e-05
1.311079545454545e+00, 3.750000000000000e-01, 2.442751356423715e-05
1.311079545454545e+00, 3.977272727272727e-01, 4.004687506563388e-05
1.311079545454545e+00, 4.204545454545455e-01, 3.086429524462372e-05
1.311079545454545e+00, 4.431818181818182e-01, 1.482374810131043e-05
1.311079545454545e+00, 4.659090909090909e-01, 7.281626568624394e-05
1.311079545454545e+00, 4.886363636363636e-01, 5.880931227606873e-05
1.311079545454545e+00, 5.113636363636364e-01, 3.797471130452120e-05
1.311079545454545e+00, 5.340909090909091e-01, 1.080134672391036e-05
1.311079545454545e+00, 5.568181818181818e-01, 9.361053734182492e-05
1.311079545454545e+00, 5.795454545454546e-01, 6.771625639099635e-05
1.311079545454545e+00, 6.022727272727273e-01, 3.629782197741272e-05
1.311079545454545e+00, 6.250000000000000e-01, 6.791430924545159e-05
1.311079545454545e+00, 6.477272727272727e-01, 1.005115522277167e-04
1.311079545454545e+00, 6.704545454545454e-01, 6.497446103965669e-05
1.311079545454545e+00, 6.931818181818182e-01, 2.668739457361132e-05
1.311079545454545e+00, 7.159090909090909e-01, 1.312544680404707e-04
1.311079545454545e+00, 7.386363636363636e-01, 9.172487632495102e-05
1.311079545454545e+00, 7.613636363636364e-01, 5.143666696610510e-05
1.311079545454545e+00, 7.840909090909091e-01, 1.264420911404858e-05
1.311079545454545e+00, 8.068181818181818e-01, 1.098720822196784e-04
1.311079545454545e+00, 8.295454545454546e-01, 6.810090574393827e-05
1.311079545454545e+00, 8.522727272727273e-01, 3.060219473409532e-05
1.311079545454545e+00, 8.750000000000000e-01, 5.199855433698705e-05
1.311079545454545e+00, 8.977272727272727e-01, 6.843051338145129e-05
1.311079545454545e+00, 9.204545454545454e-01, 3.313618426454250e-05
1.311079545454545e+00, 9.431818181818182e-01, 8.619483250957867e-06
1.311079545454545e+00, 9.659090909090909e-01, 4.260195493199338e-05
1.311079545454545e+00, 9.886363636363636e-01, 1.042221380070105e-05
1.330965909090909e+00, 1.136363636363636e-02, -1.649420047830463e-06
1.330965909090909e+00, 3.409090909090909e-02, -4.353645155600132e-06
1.330965909090909e+00, 5.681818181818182e-02, -8.668731718026645e-06
1.330965909090909e+00, 7.954545454545454e-02, -7.989168049720750e-06
1.330965909090909e+00, 1.022727272727273e-01, -7.956108718349674e-06
1.330965909090909e+00, 1.250000000000000e-01, -7.966323136271189e-06
1.330965909090909e+00, 1.477272727272727e-01, -1.049143604543852e-05
1.330965909090909e+00, 1.704545454545454e-01, -5.249126427835347e-06
1.330965909090909e+00, 1.931818181818182e-01, -4.171975629688896e-06
1.330965909090909e+00, 2.159090909090909e-01, -5.664254943109129e-06
1.330965909090909e+00, 2.386363636363636e-01, 2.081894336806185e-07
1.330965909090909e+00, 2.613636363636364e-01, 3.666363596977818e-06
1.330965909090909e+00, 2.840909090909091e-01, 6.748560419341518e-06
1.330965909090909e+00, 3.068181818181818e-01, 1.397539731435783e-05
1.330965909090909e+00, 3.295454545454545e-01, 1.508226999893784e-05
1.330965909090909e+00, 3.522727272727273e-01, 1.801404653370981e-05
1.330965909090909e+00, 3.750000000000000e-01, 2.185153501349928e-05
1.330965909090909e+00, 3.977272727272727e-01, 3.525217506540030e-05
1.330965909090909e+00, 4.204545454545455e-01, 2.799297202580214e-05
1.330965909090909e+00, 4.431818181818182e-01, 3.428136527212767e-05
1.330965909090909e+00, 4.659090909090909e-01, 6.333226425070144e-05
1.330965909090909e+00, 4.886363636363636e-01, 5.202968066129989e-05
1.330965909090909e+00, 5.113636363636364e-01, 4.607840721990607e-05
1.330965909090909e+00, 5.340909090909091e-01, 4.951670259061195e-05
1.330965909090909e+00, 5.568181818181818e-01, 8.168805404904360e-05
1.330965909090909e+00, 5.795454545454546e-01, 6.038049706515806e-05
1.330965909090909e+00, 6.022727272727273e-01, 5.851257476040045e-05
1.330965909090909e+00, 6.250000000000000e-01, 6.076901514017193e-05
1.330965909090909e+00, 6.477272727272727e-01, 8.810137544858256e-05
1.330965909090909e+00, 6.704545454545454e-01, 5.858410953965933e-05
1.330965909090909e+00, 6.931818181818182e-01, 6.470187180463925e-05
1.330965909090909e+00, 7.159090909090909e-01, 1.138519525530665e-04
1.330965909090909e+00, 7.386363636363636e-01, 8.085064808616865e-05
1.330965909090909e+00, 7.613636363636364e-01, 6.332662837744849e-05
1.330965909090909e+00, 7.840909090909091e-01, 6.169327506520803e-05
1.330965909090909e+00, 8.068181818181818e-01, 9.558630509116776e-05
1.330965909090909e+00, 8.295454545454546e-01, 6.041900717108665e-05
1.330965909090909e+00, 8.522727272727273e-01, 5.128530498676393e-05
1.330965909090909e+00, 8.750000000000000e-01, 4.653100956984584e-05
1.330965909090909e+00, 8.977272727272727e-01, 5.963645130142864e-05
1.330965909090909e+00, 9.204545454545454e-01, 2.949527032713097e-05
1.330965909090909e+00, 9.431818181818182e-01, 2.482278090042020e-05
1.330965909090909e+00, 9.659090909090909e-01, 3.652222533733223e-05
1.330965909090909e+00, 9.886363636363636e-01, 8.687338046652872e-06
1.350852272727273e+00, 1.136363636363636e-02, -1.375363769298686e-06
1.350852272727273e+00, 3.409090909090909e-02, -3.830123226144414e-06
1.350852272727273e+00, 5.681818181818182e-02, -7.490194004017188e-06
1.350852272727273e+00, 7.954545454545454e-02, -6.546401524838021e-06
1.350852272727273e+00, 1.022727272727273e-01, -7.024030927453301e-06
1.350852272727273e+00, 1.250000000000000e-01, -7.033736575740561e-06
1.350852272727273e+00, 1.477272727272727e-01, -6.293849183551346e-06
1.350852272727273e+00, 1.704545454545454e-01, -5.182808228499397e-06
1.350852272727273e+00, 1.931818181818182e-01, -3.716324262550555e-06
1.350852272727273e+00, 2.159090909090909e-01, -4.691727666661520e-06
1.350852272727273e+00, 2.386363636363636e-01, 5.891402693986248e-07
1.350852272727273e+00, 2.613636363636364e-01, 3.143183644179572e-06
1.350852272727273e+00, 2.840909090909091e-01, 5.924830945758128e-06
1.350852272727273e+00, 3.068181818181818e-01, 1.208524542086889e-05
1.350852272727273e+00, 3.295454545454545e-01, 1.244034558034301e-05
1.350852272727273e+00, 3.522727272727273e-01, 1.580851189238241e-05
1.350852272727273e+00, 3.750000000000000e-01, 1.927647969365783e-05
1.350852272727273e+00, 3.977272727272727e-01, 2.307103148803011e-05
1.350852272727273e+00, 4.204545454545455e-01, 2.663730842101383e-05
1.350852272727273e+00, 4.431818181818182e-01, 3.019096969535751e-05
1.350852272727273e+00, 4.659090909090909e-01, 5.385047528887899e-05
1.350852272727273e+00, 4.886363636363636e-01, 3.730757748369206e-05
1.350852272727273e+00, 5.113636363636364e-01, 4.055866453951962e-05
1.350852272727273e+00, 5.340909090909091e-01, 4.366941173827986e-05
1.350852272727273e+00, 5.568181818181818e-01, 6.976551162611507e-05
1.350852272727273e+00, 5.795454545454546e-01, 4.927616520136201e-05
1.350852272727273e+00, 6.022727272727273e-01, 5.158369751977020e-05
1.350852272727273e+00, 6.250000000000000e-01, 5.362315512519723e-05
1.350852272727273e+00, 6.477272727272727e-01, 5.523997660221173e-05
1.350852272727273e+00, 6.704545454545454e-01, 5.635594604281562e-05
1.350852272727273e+00, 6.931818181818182e-01, 5.709138731219124e-05
1.350852272727273e+00, 7.159090909090909e-01, 9.644587850184957e-05
1.350852272727273e+00, 7.386363636363636e-01, 5.688210652457139e-05
1.350852272727273e+00, 7.613636363636364e-01, 5.592490939129567e-05
1.350852272727273e+00, 7.840909090909091e-01, 5.445929193594669e-05
1.350852272727273e+00, 8.068181818181818e-01, 8.129683837163680e-05
1.350852272727273e+00, 8.295454545454546e-01, 4.901865796247200e-05
1.350852272727273e+00, 8.522727272727273e-01, 4.535880913491503e-05
1.350852272727273e+00, 8.750000000000000e-01, 4.106249973774831e-05
1.350852272727273e+00, 8.977272727272727e-01, 3.526657732583210e-05
1.350852272727273e+00, 9.204545454545454e-01, 2.902304705431416e-05
1.350852272727273e+00, 9.431818181818182e-01, 2.203022632719961e-05
1.350852272727273e+00, 9.659090909090909e-01, 3.044026806896871e-05
1.350852272727273e+00, 9.886363636363636e-01, 4.344319081895291e-06
1.370738636363636e+00, 1.136363636363636e-02, -1.203811119255701e-06
1.370738636363636e+00, 3.409090909090909e-02, -3.349775806024051e-06
1.370738636363636e+00, 5.681818181818182e-02, -6.703631818989298e-06
1.370738636363636e+00, 7.954545454545454e-02, -6.116591778502603e-06
1.370738636363636e+00, 1.022727272727273e-01, -3.414745108537724e-06
1.370738636363636e+00, 1.250000000000000e-01, -6.099680004036285e-06
1.370738636363636e+00, 1.477272727272727e-01, -8.162138422377411e-06
1.370738636363636e+00, 1.704545454545454e-01, -4.039762056598749e-06
1.370738636363636e+00, 1.931818181818182e-01, -9.324015734284855e-07
1.370738636363636e+00, 2.159090909090909e-01, -4.483689070027862e-06
1.370738636363636e+00, 2.386363636363636e-01, 8.681360147788477e-08
1.370738636363636e+00, 2.613636363636364e-01, 2.348447257069314e-06
1.370738636363636e+00, 2.840909090909091e-01, 5.184409415707981e-06
1.370738636363636e+00, 3.068181818181818e-01, 1.077417973597915e-05
1.370738636363636e+00, 3.295454545454545e-01, 1.147947539030959e-05
1.370738636363636e+00, 3.522727272727273e-01, 8.251373533336304e-06
1.370738636363636e+00, 3.750000000000000e-01, 1.670278375996109e-05
1.370738636363636e+00, 3.977272727272727e-01, 2.722280762650671e-05
1.370738636363636e+00, 4.204545454545455e-01, 2.121949050655157e-05
1.370738636363636e+00, 4.431818181818182e-01, 1.063990499568842e-05
1.370738636363636e+00, 4.659090909090909e-01, 4.929382311581984e-05
1.370738636363636e+00, 4.886363636363636e-01, 4.006667874078391e-05
1.370738636363636e+00, 5.113636363636364e-01, 2.627828205977534e-05
1.370738636363636e+00, 5.340909090909091e-01, 3.789809728182911e-05
1.370738636363636e+00, 5.568181818181818e-01, 6.346190295845365e-05
1.370738636363636e+00, 5.795454545454546e-01, 4.627776989341416e-05
1.370738636363636e+00, 6.022727272727273e-01, 2.539402648128422e-05
1.370738636363636e+00, 6.250000000000000e-01, 4.647644224842929e-05
1.370738636363636e+00, 6.477272727272727e-01, 6.826073068122047e-05
1.370738636363636e+00, 6.704545454545454e-01, 4.459414378707602e-05
1.370738636363636e+00, 6.931818181818182e-01, 1.907079393405877e-05
1.370738636363636e+00, 7.159090909090909e-01, 8.880251668095317e-05
1.370738636363636e+00, 7.386363636363636e-01, 6.242754014312743e-05
1.370738636363636e+00, 7.613636363636364e-01, 3.551916077063085e-05
1.370738636363636e+00, 7.840909090909091e-01, 4.716359568197913e-05
1.370738636363636e+00, 8.068181818181818e-01, 7.442151195110314e-05
1.370738636363636e+00, 8.295454545454546e-01, 4.646408289908319e-05
1.370738636363636e+00, 8.522727272727273e-01, 2.132184374193477e-05
1.370738636363636e+00, 8.750000000000000e-01, 3.559254149052038e-05
1.370738636363636e+00, 8.977272727272727e-01, 4.638348331999520e-05
1.370738636363636e+00, 9.204545454545454e-01, 2.263727522643762e-05
1.370738636363636e+00, 9.431818181818182e-01, 6.038463686784145e-06
1.370738636363636e+00, 9.659090909090909e-01, 2.870462062363095e-05
1.370738636363636e+00, 9.886363636363636e-01, 6.951690601315105e-06
1.390625000000000e+00, 1.136363636363636e-02, -1.100879529229906e-06
1.390625000000000e+00, 3.409090909090909e-02, -2.825158555133840e-06
1.390625000000000e+00, 5.681818181818182e-02, -5.522740245268027e-06
1.390625000000000e+00, 7.954545454545454e-02, -5.174648392310935e-06
1.390625000000000e+00, 1.022727272727273e-01, -5.156227321796509e-06
1.390625000000000e+00, 1.250000000000000e-01, -5.164002855717810e-06
1.390625000000000e+00, 1.477272727272727e-01, -6.632008403749597e-06
1.390625000000000e+00, 1.704545454545454e-01, -3.749187880245157e-06
1.390625000000000e+00, 1.931818181818182e-01, -2.699617513444009e-06
1.390625000000000e+00, 2.159090909090909e-01, -3.504002592856094e-06
1.390625000000000e+00, 2.386363636363636e-01, 1.997754743970763e-07
1.390625000000000e+00, 2.613636363636364e-01, 2.394601339982782e-06
1.390625000000000e+00, 2.840909090909091e-01, 4.364473811480614e-06
1.390625000000000e+00, 3.068181818181818e-01, 8.890216457085337e-06
1.390625000000000e+00, 3.295454545454545e-01, 9.807367104569524e-06
1.390625000000000e+00, 3.522727272727273e-01, 1.167918778526025e-05
1.390625000000000e+00, 3.750000000000000e-01, 1.413057080337933e-05
1.390625000000000e+00, 3.977272727272727e-01, 2.243437996255987e-05
1.390625000000000e+00, 4.204545454545455e-01, 1.968879305382491e-05
1.390625000000000e+00, 4.431818181818182e-01, 2.219939388889367e-05
1.390625000000000e+00, 4.659090909090909e-01, 3.981478327353878e-05
1.390625000000000e+00, 4.886363636363636e-01, 3.328903843753502e-05
1.390625000000000e+00, 5.113636363636364e-01, 2.985497572391414e-05
1.390625000000000e+00, 5.340909090909091e-01, 3.205064965144947e-05
1.390625000000000e+00, 5.568181818181818e-01, 5.153863724287636e-05
1.390625000000000e+00, 5.795454545454546e-01, 3.894074928495144e-05
1.390625000000000e+00, 6.022727272727273e-01, 3.788645090346615e-05
1.390625000000000e+00, 6.250000000000000e-01, 3.932864486033395e-05
1.390625000000000e+00, 6.477272727272727e-01, 5.584574259481479e-05
1.390625000000000e+00, 6.704545454545454e-01, 4.137501695302927e-05
1.390625000000000e+00, 6.931818181818182e-01, 4.187863686984832e-05
1.390625000000000e+00, 7.159090909090909e-01, 7.139053890088570e-05
1.390625000000000e+00, 7.386363636363636e-01, 5.154692598440268e-05
1.390625000000000e+00, 7.613636363636364e-01, 4.097263493350532e-05
1.390625000000000e+00, 7.840909090909091e-01, 3.992590773297956e-05
1.390625000000000e+00, 8.068181818181818e-01, 6.012573243151103e-05
1.390625000000000e+00, 8.295454545454546e-01, 3.877666584560536e-05
1.390625000000000e+00, 8.522727272727273e-01, 3.315732275321993e-05
1.390625000000000e+00, 8.750000000000000e-01, 3.012077766598805e-05
1.390625000000000e+00, 8.977272727272727e-01, 3.758230476950715e-05
1.390625000000000e+00, 9.204545454545454e-01, 2.099456842710125e-05
1.390625000000000e+00, 9.431818181818182e-01, 1.601947858319622e-05
1.390625000000000e+00, 9.659090909090909e-01, 2.261957548633612e-05
1.390625000000000e+00, 9.886363636363636e-01, 5.215240884106221e-06
1.410511363636364e+00, 1.136363636363636e-02, -8.260135696305935e-07
1.410511363636364e+00, 3.409090909090909e-02, -2.300198792615736e-06
1.410511363636364e+00, 5.681818181818182e-02, -3.355045636907639e-06
1.410511363636364e+00, 7.954545454545454e-02, -3.932842880811101e-06
1.410511363636364e+00, 1.022727272727273e-01, -4.220602096865945e-06
1.410511363636364e+00, 1.250000000000000e-01, -4.227494206595380e-06
1.410511363636364e+00, 1.477272727272727e-01, -3.784501450721914e-06
1.410511363636364e+00, 1.704545454545454e-01, -3.118509918752746e-06
1.410511363636364e+00, 1.931818181818182e-01, -2.239101885066702e-06
1.410511363636364e+00, 2.159090909090909e-01, -2.520345365710474e-06
1.410511363636364e+00, 2.386363636363636e-01, 3.438062288880408e-07
1.410511363636364e+00, 2.613636363636364e-01, 1.876332663219180e-06
1.410511363636364e+00, 2.840909090909091e-01, 3.545555756196362e-06
1.410511363636364e+00, 3.068181818181818e-01, 5.503536855686638e-06
1.410511363636364e+00, 3.295454545454545e-01, 7.455947420333459e-06
1.410511363636364e+00, 3.522727272727273e-01, 9.477543786468612e-06
1.410511363636364e+00, 3.750000000000000e-01, 1.155911963252493e-05
1.410511363636364e+00, 3.977272727272727e-01, 1.383693356082394e-05
1.410511363636364e+00, 4.204545454545455e-01, 1.597772620878654e-05
1.410511363636364e+00, 4.431818181818182e-01, 1.811100842349736e-05
1.410511363636364e+00, 4.659090909090909e-01, 3.033735611318310e-05
1.410511363636364e+00, 4.886363636363636e-01, 2.238350241140665e-05
1.410511363636364e+00, 5.113636363636364e-01, 2.433537906962090e-05
1.410511363636364e+00, 5.340909090909091e-01, 2.620306372552435e-05
1.410511363636364e+00, 5.568181818181818e-01, 2.803237056393472e-05
1.410511363636364e+00, 5.795454545454546e-01, 2.956973906360022e-05
1.410511363636364e+00, 6.022727272727273e-01, 3.095543109401960e-05
1.410511363636364e+00, 6.250000000000000e-01, 3.218024164784726e-05
1.410511363636364e+00, 6.477272727272727e-01, 3.315152744498766e-05
1.410511363636364e+00, 6.704545454545454e-01, 3.382205706102564e-05
1.410511363636364e+00, 6.931818181818182e-01, 3.426418858316846e-05
1.410511363636364e+00, 7.159090909090909e-01, 5.397489104462276e-05
1.410511363636364e+00, 7.386363636363636e-01, 3.414004421216185e-05
1.410511363636364e+00, 7.613636363636364e-01, 3.356616063123373e-05
1.410511363636364e+00, 7.840909090909091e-01, 3.268709315157748e-05
1.410511363636364e+00, 8.068181818181818e-01, 3.124606096824517e-05
1.410511363636364e+00, 8.295454545454546e-01, 2.942262672077551e-05
1.410511363636364e+00, 8.522727272727273e-01, 2.722635464614619e-05
1.410511363636364e+00, 8.750000000000000e-01, 2.464801059843919e-05
1.410511363636364e+00, 8.977272727272727e-01, 2.116934738805573e-05
1.410511363636364e+00, 9.204545454545454e-01, 1.742191985503226e-05
1.410511363636364e+00, 9.431818181818182e-01, 1.322460280517110e-05
1.410511363636364e+00, 9.659090909090909e-01, 1.653208657006113e-05
1.410511363636364e+00, 9.886363636363636e-01, 2.607855629205284e-06
1.430397727272727e+00, 1.136363636363636e-02, -7.228191902257127e-07
1.430397727272727e+00, 3.409090909090909e-02, -1.818625022059632e-06
1.430397727272727e+00, 5.681818181818182e-02, -3.552110209719169e-06
1.430397727272727e+00, 7.954545454545454e-02, -3.296009631071685e-06
1.430397727272727e+00, 1.022727272727273e-01, -1.944596545937601e-06
1.430397727272727e+00, 1.250000000000000e-01, -3.289557297805972e-06
1.430397727272727e+00, 1.477272727272727e-01, -4.291291904342828e-06
1.430397727272727e+00, 1.704545454545454e-01, -2.166337884716172e-06
1.430397727272727e+00, 1.931818181818182e-01, -1.677058027289286e-06
1.430397727272727e+00, 2.159090909090909e-01, -2.307320323585298e-06
1.430397727272727e+00, 2.386363636363636e-01, 9.053140307078076e-08
1.430397727272727e+00, 2.613636363636364e-01, 1.352844854933565e-06
1.430397727272727e+00, 2.840909090909091e-01, 2.809986151013227e-06
1.430397727272727e+00, 3.068181818181818e-01, 5.703053305694782e-06
1.430397727272727e+00, 3.295454545454545e-01, 6.213790972434619e-06
1.430397727272727e+00, 3.522727272727273e-01, 4.765129347078850e-06
1.430397727272727e+00, 3.750000000000000e-01, 8.988978698889275e-06
1.430397727272727e+00, 3.977272727272727e-01, 1.441369760747030e-05
1.430397727272727e+00, 4.204545454545455e-01, 1.158189656426154e-05
1.430397727272727e+00, 4.431818181818182e-01, 1.421031661659762e-05
1.430397727272727e+00, 4.659090909090909e-01, 2.578205570410663e-05
1.430397727272727e+00, 4.886363636363636e-01, 2.132827027439872e-05
1.430397727272727e+00, 5.113636363636364e-01, 1.458246202350997e-05
1.430397727272727e+00, 5.340909090909091e-01, 2.043139656574295e-05
1.430397727272727e+00, 5.568181818181818e-01, 3.331017573505349e-05
1.430397727272727e+00, 5.795454545454546e-01, 2.483460897701517e-05
1.430397727272727e+00, 6.022727272727273e-01, 1.448699725374243e-05
1.430397727272727e+00, 6.250000000000000e-01, 2.503070159058634e-05
1.430397727272727e+00, 6.477272727272727e-01, 3.599661822401734e-05
1.430397727272727e+00, 6.704545454545454e-01, 2.420413520600723e-05
1.430397727272727e+00, 6.931818181818182e-01, 2.666075856192352e-05
1.430397727272727e+00, 7.159090909090909e-01, 4.632685928575841e-05
1.430397727272727e+00, 7.386363636363636e-01, 3.311234878624812e-05
1.430397727272727e+00, 7.613636363636364e-01, 1.959147068798700e-05
1.430397727272727e+00, 7.840909090909091e-01, 2.538614531038114e-05
1.430397727272727e+00, 8.068181818181818e-01, 3.894557134418414e-05
1.430397727272727e+00, 8.295454545454546e-01, 2.481109751703190e-05
1.430397727272727e+00, 8.522727272727273e-01, 1.203456130382037e-05
1.430397727272727e+00, 8.750000000000000e-01, 1.917337055046742e-05
1.430397727272727e+00, 8.977272727272727e-01, 2.431809649553637e-05
1.430397727272727e+00, 9.204545454545454e-01, 1.212945226807132e-05
1.430397727272727e+00, 9.431818181818182e-01, 1.000527371264312e-05
1.430397727272727e+00, 9.659090909090909e-01, 1.479477048206928e-05
1.430397727272727e+00, 9.886363636363636e-01, 3.477924796114360e-06
1.450284090909091e+00, 1.136363636363636e-02, -5.508285578842463e-07
1.450284090909091e+00, 3.409090909090909e-02, -1.292911314617234e-06
1.450284090909091e+00, 5.681818181818182e-02, -2.368716591888845e-06
1.450284090909091e+00, 7.954545454545454e-02, -2.228376030924403e-06
1.450284090909091e+00, 1.022727272727273e-01, -2.346733431767794e-06
1.450284090909091e+00, 1.250000000000000e-01, -2.350629107747653e-06
1.450284090909091e+00, 1.477272727272727e-01, -2.755239652492899e-06
1.450284090909091e+00, 1.704545454545454e-01, -1.676444093456695e-06
1.450284090909091e+00, 1.931818181818182e-01, -1.213449852362109e-06
1.450284090909091e+00, 2.159090909090909e-01, -1.317906438330616e-06
1.450284090909091e+00, 2.386363636363636e-01, 2.096809441864979e-07
1.450284090909091e+00, 2.613636363636364e-01, 1.136957033542409e-06
1.450284090909091e+00, 2.840909090909091e-01, 1.994168533360069e-06
1.450284090909091e+00, 3.068181818181818e-01, 3.827409477240627e-06
1.450284090909091e+00, 3.295454545454545e-01, 4.315893806931890e-06
1.450284090909091e+00, 3.522727272727273e-01, 5.355597328134791e-06
1.450284090909091e+00, 3.750000000000000e-01, 6.419771563224914e-06
1.450284090909091e+00, 3.977272727272727e-01, 9.630183232598654e-06
1.450284090909091e+00, 4.204545454545455e-01, 9.033993551898631e-06
1.450284090909091e+00, 4.431818181818182e-01, 1.012311109737388e-05
1.450284090909091e+00, 4.659090909090909e-01, 1.630646145104710e-05
1.450284090909091e+00, 4.886363636363636e-01, 1.455180817480954e-05
1.450284090909091e+00, 5.113636363636364e-01, 1.363198621845517e-05
1.450284090909091e+00, 5.340909090909091e-01, 1.458333298717528e-05
1.450284090909091e+00, 5.568181818181818e-01, 2.138528273546794e-05
1.450284090909091e+00, 5.795454545454546e-01, 1.656184529750999e-05
1.450284090909091e+00, 6.022727272727273e-01, 1.725379175023420e-05
1.450284090909091e+00, 6.250000000000000e-01, 1.788018229220984e-05
1.450284090909091e+00, 6.477272727272727e-01, 2.357643548092539e-05
1.450284090909091e+00, 6.704545454545454e-01, 1.883377346706656e-05
1.450284090909091e+00, 6.931818181818182e-01, 1.904319419634937e-05
1.450284090909091e+00, 7.159090909090909e-01, 2.890506281486855e-05
1.450284090909091e+00, 7.386363636363636e-01, 2.222515514193276e-05
1.450284090909091e+00, 7.613636363636364e-01, 1.860397552938801e-05
1.450284090909091e+00, 7.840909090909091e-01, 1.814349802953440e-05
1.450284090909091e+00, 8.068181818181818e-01, 2.463943980904806e-05
1.450284090909091e+00, 8.295454545454546e-01, 1.617734858575405e-05
1.450284090909091e+00, 8.522727272727273e-01, 1.501509403827303e-05
1.450284090909091e+00, 8.750000000000000e-01, 1.369711404431018e-05
1.450284090909091e+00, 8.977272727272727e-01, 1.550926194364834e-05
1.450284090909091e+00, 9.204545454545454e-01, 9.386279290712734e-06
1.450284090909091e+00, 9.431818181818182e-01, 7.208275171593347e-06
1.450284090909091e+00, 9.659090909090909e-01, 8.703653328976674e-06
1.450284090909091e+00, 9.886363636363636e-01, 1.739610276653996e-06
1.470170454545455e+00, 1.136363636363636e-02, -2.754250221268079e-07
1.470170454545455e+00, 3.409090909090909e-02, -7.669994105448673e-07
1.470170454545455e+00, 5.681818181818182e-02, -1.119069230240849e-06
1.470170454545455e+00, 7.954545454545454e-02, -1.312083876852078e-06
1.470170454545455e+00, 1.022727272727273e-01, -1.408400000831382e-06
1.470170454545455e+00, 1.250000000000000e-01, -1.411062394370457e-06
1.470170454545455e+00, 1.477272727272727e-01, -1.263721615589506e-06
1.470170454545455e+00, 1.704545454545454e-01, -1.041944414977669e-06
1.470170454545455e+00, 1.931818181818182e-01, -7.489775341599134e-07
1.470170454545455e+00, 2.159090909090909e-01, -3.503361227571624e-07
1.470170454545455e+00, 2.386363636363636e-01, 1.118499007084351e-07
1.470170454545455e+00, 2.613636363636364e-01, 6.227156072230165e-07
1.470170454545455e+00, 2.840909090909091e-01, 1.179190690291771e-06
1.470170454545455e+00, 3.068181818181818e-01, 1.831998249296257e-06
1.470170454545455e+00, 3.295454545454545e-01, 2.482984771756338e-06
1.470170454545455e+00, 3.522727272727273e-01, 3.157065946244914e-06
1.470170454545455e+00, 3.750000000000000e-01, 3.851171810316211e-06
1.470170454545455e+00, 3.977272727272727e-01, 4.610779326730821e-06
1.470170454545455e+00, 4.204545454545455e-01, 5.324697595828071e-06
1.470170454545455e+00, 4.431818181818182e-01, 6.036131285121782e-06
1.470170454545455e+00, 4.659090909090909e-01, 6.785085993338820e-06
1.470170454545455e+00, 4.886363636363636e-01, 7.461087167991988e-06
1.470170454545455e+00, 5.113636363636364e-01, 8.112097694699293e-06
1.470170454545455e+00, 5.340909090909091e-01, 8.735048555044315e-06
1.470170454545455e+00, 5.568181818181818e-01, 9.345263375641935e-06
1.470170454545455e+00, 5.795454545454546e-01, 9.858101567187474e-06
1.470170454545455e+00, 6.022727272727273e-01, 1.032037174956038e-05
1.470170454545455e+00, 6.250000000000000e-01, 1.072900424421111e-05
1.470170454545455e+00, 6.477272727272727e-01, 1.105314849256890e-05
1.470170454545455e+00, 6.704545454545454e-01, 1.127696579448243e-05
1.470170454545455e+00, 6.931818181818182e-01, 1.142462623056565e-05
1.470170454545455e+00, 7.159090909090909e-01, 1.147617018797096e-05
1.470170454545455e+00, 7.386363636363636e-01, 1.138372255831347e-05
1.470170454545455e+00, 7.613636363636364e-01, 1.119258226749155e-05
1.470170454545455e+00, 7.840909090909091e-01, 1.089967419254976e-05
1.470170454545455e+00, 8.068181818181818e-01, 1.041938404823075e-05
1.470170454545455e+00, 8.295454545454546e-01, 9.811542700761722e-06
1.470170454545455e+00, 8.522727272727273e-01, 9.079363876284002e-06
1.470170454545455e+00, 8.750000000000000e-01, 8.219767337731970e-06
1.470170454545455e+00, 8.977272727272727e-01, 7.059894515017709e-06
1.470170454545455e+00, 9.204545454545454e-01, 5.810353146515284e-06
1.470170454545455e+00, 9.431818181818182e-01, 4.410726112734510e-06
1.470170454545455e+00, 9.659090909090909e-01, 2.715374867790016e-06
1.470170454545455e+00, 9.886363636363636e-01, 8.698051383269933e-07
1.490056818181818e+00, 1.136363636363636e-02, -2.409968943609530e-07
1.490056818181818e+00, 3.409090909090909e-02, -2.850056218229506e-07
1.490056818181818e+00, 5.681818181818182e-02, -3.950274404779423e-07
1.490056818181818e+00, 7.954545454545454e-02, -4.691116811385770e-07
1.490056818181818e+00, 1.022727272727273e-01, -4.701766385542071e-07
1.490056818181818e+00, 1.250000000000000e-01, -4.703541314568121e-07
1.490056818181818e+00, 1.477272727272727e-01, -4.058925407401470e-07
1.490056818181818e+00, 1.704545454545454e-01, -2.828792956701962e-07
1.490056818181818e+00, 1.931818181818182e-01, -1.832189428195085e-07
1.490056818181818e+00, 2.159090909090909e-01, -1.084736781814954e-07
1.490056818181818e+00, 2.386363636363636e-01, 1.101617894449641e-07
1.490056818181818e+00, 2.613636363636364e-01, 3.658632484720646e-07
1.490056818181818e+00, 2.840909090909091e-01, 4.474641933476260e-07
1.490056818181818e+00, 3.068181818181818e-01, 6.514665555365226e-07
1.490056818181818e+00, 3.295454545454545e-01, 9.598078668721170e-07
1.490056818181818e+00, 3.522727272727273e-01, 1.237450212500637e-06
1.490056818181818e+00, 3.750000000000000e-01, 1.283723936772051e-06
1.490056818181818e+00, 3.977272727272727e-01, 1.616052225203438e-06
1.490056818181818e+00, 4.204545454545455e-01, 1.949630869355811e-06
1.490056818181818e+00, 4.431818181818182e-01, 2.136869546410071e-06
1.490056818181818e+00, 4.659090909090909e-01, 2.277298554200761e-06
1.490056818181818e+00, 4.886363636363636e-01, 2.591894306895557e-06
1.490056818181818e+00, 5.113636363636364e-01, 2.886257234156495e-06
1.490056818181818e+00, 5.340909090909091e-01, 2.962534086731196e-06
1.490056818181818e+00, 5.568181818181818e-01, 3.153226218167950e-06
1.490056818181818e+00, 5.795454545454546e-01, 3.385639583899977e-06
1.490056818181818e+00, 6.022727272727273e-01, 3.549092581760272e-06
1.490056818181818e+00, 6.250000000000000e-01, 3.576334748070318e-06
1.490056818181818e+00, 6.477272727272727e-01, 3.718147856726847e-06
1.490056818181818e+00, 6.704545454545454e-01, 3.803913413738051e-06
1.490056818181818e+00, 6.931818181818182e-01, 3.816799403089379e-06
1.490056818181818e+00, 7.159090909090909e-01, 3.826463895102875e-06
1.490056818181818e+00, 7.386363636363636e-01, 3.778629331605216e-06
1.490056818181818e+00, 7.613636363636364e-01, 3.653236820196490e-06
1.490056818181818e+00, 7.840909090909091e-01, 3.593200552156615e-06
1.490056818181818e+00, 8.068181818181818e-01, 3.443109882056927e-06
1.490056818181818e+00, 8.295454545454546e-01, 3.141067497234892e-06
1.490056818181818e+00, 8.522727272727273e-01, 2.797228881814078e-06
1.490056818181818e+00, 8.750000000000000e-01, 2.739922445910616e-06
1.490056818181818e+00, 8.977272727272727e-01, 2.232478085973135e-06
1.490056818181818e+00, 9.204545454545454e-01, 1.611521307990189e-06
1.490056818181818e+00, 9.431818181818182e-01, 1.187683496754061e-06
1.490056818181818e+00, 9.659090909090909e-01, 8.698051383269835e-07
1.490056818181818e+00, 9.886363636363636e-01, 0.000000000000000e+00
