x,y,T,ux,uy
6.34943181818e-01,1.13636363636e-02,1.56113400706e-03,-3.98744516411e-05,-1.07334057194e-04
6.54829545455e-01,1.13636363636e-02,1.53621581942e-03,-4.13380508424e-05,-8.11939449295e-05
6.74715909091e-01,1.13636363636e-02,1.50365148972e-03,-4.59538269815e-05,-6.09202434335e-05
6.94602272727e-01,1.13636363636e-02,1.48456046865e-03,-4.89259845037e-05,-5.51515122144e-05
7.14488636364e-01,1.13636363636e-02,1.47310585600e-03,-5.07092790171e-05,-5.16902734829e-05
7.34375000000e-01,1.13636363636e-02,1.47310585600e-03,-5.07092790171e-05,-5.16902734829e-05
7.54261363636e-01,1.13636363636e-02,1.42778616624e-03,-5.17535505434e-05,-4.00252543369e-05
7.74147727273e-01,1.13636363636e-02,1.40627816136e-03,-5.16637828091e-05,-3.59400491876e-05
7.94034090909e-01,1.13636363636e-02,1.40627816136e-03,-5.16637828091e-05,-3.59400491876e-05
8.13920454545e-01,1.13636363636e-02,1.36980392806e-03,-4.92738652327e-05,-2.94476820715e-05
8.33806818182e-01,1.13636363636e-02,1.36498206181e-03,-4.87735719159e-05,-2.85192057054e-05
8.53693181818e-01,1.13636363636e-02,1.33122899807e-03,-4.52715186978e-05,-2.20198711430e-05
8.73579545455e-01,1.13636363636e-02,1.29561246462e-03,-4.22368528029e-05,-1.73902899096e-05
8.93465909091e-01,1.13636363636e-02,1.29052438841e-03,-4.18033291036e-05,-1.67289211620e-05
9.13352272727e-01,1.13636363636e-02,1.24766605669e-03,-3.69162416564e-05,-1.08843354752e-05
9.33238636364e-01,1.13636363636e-02,1.21952014716e-03,-3.44735917084e-05,-8.81991646443e-06
9.53125000000e-01,1.13636363636e-02,1.15540416609e-03,-2.85225333716e-05,-4.32022535007e-06
9.73011363636e-01,1.13636363636e-02,1.15540416609e-03,-2.85225333716e-05,-4.32022535007e-06
9.92897727273e-01,1.13636363636e-02,1.13686330477e-03,-2.72840939028e-05,-3.65597428946e-06
1.01278409091e+00,1.13636363636e-02,1.05428748701e-03,-2.16243172322e-05,-2.72208478697e-07
1.03267045455e+00,1.13636363636e-02,1.04754695944e-03,-2.13375319590e-05,-1.36937107094e-07
1.05255681818e+00,1.13636363636e-02,1.00036326639e-03,-1.93300350469e-05,8.09962494124e-07
1.07244318182e+00,1.13636363636e-02,1.00036326639e-03,-1.93300350469e-05,8.09962494124e-07
1.09232954545e+00,1.13636363636e-02,9.51195743302e-04,-1.76531209585e-05,9.97548124680e-07
1.11221590909e+00,1.13636363636e-02,8.85696013309e-04,-1.44590651872e-05,3.01134561948e-06
1.13210227273e+00,1.13636363636e-02,8.85696013309e-04,-1.44590651872e-05,3.01134561948e-06
1.15198863636e+00,1.13636363636e-02,8.47710385295e-04,-1.37209317878e-05,3.30140663156e-06
1.17187500000e+00,1.13636363636e-02,7.61824157295e-04,-1.21121200270e-05,4.80109052495e-06
1.19176136364e+00,1.13636363636e-02,7.37288238068e-04,-1.23595566025e-05,4.41360982633e-06
1.21164772727e+00,1.13636363636e-02,6.96395039356e-04,-1.27719508949e-05,3.76780866196e-06
1.23153409091e+00,1.13636363636e-02,6.28615466160e-04,-1.26835857650e-05,1.76779630586e-06
1.25142045455e+00,1.13636363636e-02,6.28615466160e-04,-1.26835857650e-05,1.76779630586e-06
1.27130681818e+00,1.13636363636e-02,6.19847222253e-04,-1.27788357776e-05,1.69683313541e-06
1.29119318182e+00,1.13636363636e-02,5.58469514905e-04,-1.34455858656e-05,1.20009094224e-06
1.31107954545e+00,1.13636363636e-02,4.95007584078e-04,-1.46736988103e-05,-5.59072365325e-07
1.33096590909e+00,1.13636363636e-02,4.85941593960e-04,-1.48491435167e-05,-8.10381409262e-07
1.35085227273e+00,1.13636363636e-02,3.62681180139e-04,-1.51397633493e-05,-3.75101363900e-06
1.37073863636e+00,1.13636363636e-02,3.33679950924e-04,-1.51799531694e-05,-4.18674139549e-06
1.39062500000e+00,1.13636363636e-02,2.53918404740e-04,-1.44134272097e-05,-5.39729899905e-06
1.41051136364e+00,1.13636363636e-02,2.53918404740e-04,-1.44134272097e-05,-5.39729899905e-06
1.43039772727e+00,1.13636363636e-02,2.23094243409e-04,-1.37016594605e-05,-5.69499553169e-06
1.45028409091e+00,1.13636363636e-02,8.70798020295e-05,-8.11562738305e-06,-4.89790046938e-06
1.47017045455e+00,1.13636363636e-02,7.61948267758e-05,-7.10117396017e-06,-4.28566291071e-06
1.49005681818e+00,1.13636363636e-02,0.00000000000e+00,0.00000000000e+00,0.00000000000e+00
6.34943181818e-01,3.40909090909e-02,4.67493778224e-03,-1.27830102799e-04,-2.87073476211e-04
6.54829545455e-01,3.40909090909e-02,4.62510140695e-03,-1.30757301202e-04,-2.34793251683e-04
6.74715909091e-01,3.40909090909e-02,4.57440920938e-03,-1.38127258928e-04,-2.04182425347e-04
6.94602272727e-01,3.40909090909e-02,4.51540644573e-03,-1.45555318987e-04,-1.76059371917e-04
7.14488636364e-01,3.40909090909e-02,4.46195158672e-03,-1.53877360049e-04,-1.59906924504e-04
7.34375000000e-01,3.40909090909e-02,4.38961299773e-03,-1.56540490348e-04,-1.39292830963e-04
7.54261363636e-01,3.40909090909e-02,4.33213772540e-03,-1.57996561437e-04,-1.24172600796e-04
7.74147727273e-01,3.40909090909e-02,4.27191531173e-03,-1.57745211781e-04,-1.12734026377e-04
7.94034090909e-01,3.40909090909e-02,4.19082508059e-03,-1.54532919381e-04,-9.92409543798e-05
8.13920454545e-01,3.40909090909e-02,4.12673258523e-03,-1.50149010003e-04,-8.77623814501e-05
8.33806818182e-01,3.40909090909e-02,4.05922645776e-03,-1.43144903567e-04,-7.47637123252e-05
8.53693181818e-01,3.40909090909e-02,3.96902572951e-03,-1.33837981773e-04,-6.03148869015e-05
8.73579545455e-01,3.40909090909e-02,3.89779266261e-03,-1.27768649983e-04,-5.10557244347e-05
8.93465909091e-01,3.40909090909e-02,3.82305979735e-03,-1.19393609182e-04,-4.08969039461e-05
9.13352272727e-01,3.40909090909e-02,3.72353247150e-03,-1.09093267801e-04,-3.05367467445e-05
9.33238636364e-01,3.40909090909e-02,3.64472392481e-03,-1.02253847946e-04,-2.47563735144e-05
9.53125000000e-01,3.40909090909e-02,3.55042418859e-03,-9.37001778503e-05,-1.86506605983e-05
9.73011363636e-01,3.40909090909e-02,3.46694422866e-03,-8.62942193755e-05,-1.35024799394e-05
9.92897727273e-01,3.40909090909e-02,3.38042020917e-03,-8.05148351876e-05,-1.04026416565e-05
1.01278409091e+00,3.40909090909e-02,3.26463101330e-03,-7.23110077936e-05,-5.70252819770e-06
1.03267045455e+00,3.40909090909e-02,3.17391961462e-03,-6.61811923255e-05,-1.86765067275e-06
1.05255681818e+00,3.40909090909e-02,3.07955222852e-03,-6.21661985011e-05,2.61485296873e-08
1.07244318182e+00,3.40909090909e-02,2.95400114810e-03,-5.65281391069e-05,2.16574703853e-06
1.09232954545e+00,3.40909090909e-02,2.85566610192e-03,-5.31743109302e-05,2.54091829964e-06
1.11221590909e+00,3.40909090909e-02,2.75361899810e-03,-4.81336947739e-05,5.79659051168e-06
1.13210227273e+00,3.40909090909e-02,2.63431807666e-03,-4.36428610267e-05,8.39740216891e-06
1.15198863636e+00,3.40909090909e-02,2.52795831822e-03,-4.15760875084e-05,9.20957300272e-06
1.17187500000e+00,3.40909090909e-02,2.38546599395e-03,-3.85477458949e-05,1.19767559817e-05
1.19176136364e+00,3.40909090909e-02,2.25674917995e-03,-3.68792124582e-05,1.36848433877e-05
1.21164772727e+00,3.40909090909e-02,2.14224822355e-03,-3.80339164770e-05,1.18766001275e-05
1.23153409091e+00,3.40909090909e-02,2.02510300500e-03,-3.83468999983e-05,8.98078506252e-06
1.25142045455e+00,3.40909090909e-02,1.87876892041e-03,-3.79144051991e-05,5.38919372535e-06
1.27130681818e+00,3.40909090909e-02,1.74665664532e-03,-3.91352255268e-05,4.23921224312e-06
1.29119318182e+00,3.40909090909e-02,1.60245196125e-03,-4.05814410155e-05,2.19539795470e-06
1.31107954545e+00,3.40909090909e-02,1.47552809960e-03,-4.30376669049e-05,-1.32292866042e-06
1.33096590909e+00,3.40909090909e-02,1.32468787059e-03,-4.35922765940e-05,-5.49006103431e-06
1.35085227273e+00,3.40909090909e-02,1.17138017155e-03,-4.36025113834e-05,-9.26453768591e-06
1.37073863636e+00,3.40909090909e-02,1.03604110188e-03,-4.37900638773e-05,-1.12979338829e-05
1.39062500000e+00,3.40909090909e-02,8.97367746658e-04,-4.27762805028e-05,-1.33981783443e-05
1.41051136364e+00,3.40909090909e-02,7.13508818056e-04,-4.03748424952e-05,-1.56047881453e-05
1.43039772727e+00,3.40909090909e-02,5.69662731846e-04,-3.70532596658e-05,-1.69940386310e-05
1.45028409091e+00,3.40909090909e-02,4.23068185571e-04,-3.09172585264e-05,-1.60352865749e-05
1.47017045455e+00,3.40909090909e-02,2.51952401176e-04,-2.20437479333e-05,-1.34067506929e-05
1.49005681818e+00,3.40909090909e-02,9.95627476242e-05,-7.84140001293e-06,-4.83542487148e-06
6.34943181818e-01,5.68181818182e-02,7.96437847178e-03,-2.62227267579e-04,-4.60277722183e-04
6.54829545455e-01,5.68181818182e-02,7.87900101066e-03,-2.64451393883e-04,-3.79152701224e-04
6.74715909091e-01,5.68181818182e-02,7.79554170130e-03,-2.69564042171e-04,-3.31678136145e-04
6.94602272727e-01,5.68181818182e-02,7.70711443224e-03,-2.74922810360e-04,-2.89006646939e-04
7.14488636364e-01,5.68181818182e-02,7.59851393680e-03,-2.78854356897e-04,-2.52803476089e-04
7.34375000000e-01,5.68181818182e-02,7.48427635881e-03,-2.81190909463e-04,-2.23470074004e-04
7.54261363636e-01,5.68181818182e-02,7.39727663038e-03,-2.82636892010e-04,-2.02682088493e-04
7.74147727273e-01,5.68181818182e-02,7.27860236301e-03,-2.81574140642e-04,-1.83258815943e-04
7.94034090909e-01,5.68181818182e-02,7.15057681931e-03,-2.77092974436e-04,-1.64858735691e-04
8.13920454545e-01,5.68181818182e-02,7.04348177979e-03,-2.71318401440e-04,-1.49440238407e-04
8.33806818182e-01,5.68181818182e-02,6.92027808233e-03,-2.57976210687e-04,-1.28072982679e-04
8.53693181818e-01,5.68181818182e-02,6.77799952643e-03,-2.41743782191e-04,-1.05324383185e-04
8.73579545455e-01,5.68181818182e-02,6.64789280869e-03,-2.26776419972e-04,-8.61743043677e-05
8.93465909091e-01,5.68181818182e-02,6.52236369367e-03,-2.13772901083e-04,-7.25092645129e-05
9.13352272727e-01,5.68181818182e-02,6.36551156711e-03,-1.97875881247e-04,-5.80099186534e-05
9.33238636364e-01,5.68181818182e-02,6.20949772582e-03,-1.82383873495e-04,-4.61103191024e-05
9.53125000000e-01,5.68181818182e-02,6.05906907614e-03,-1.69687678353e-04,-3.82805125859e-05
9.73011363636e-01,5.68181818182e-02,5.93193329461e-03,-1.59059755954e-04,-3.17913702378e-05
9.92897727273e-01,5.68181818182e-02,5.76042868133e-03,-1.44931283870e-04,-2.39813157744e-05
1.01278409091e+00,5.68181818182e-02,5.57714807929e-03,-1.31965352579e-04,-1.71193306441e-05
1.03267045455e+00,5.68181818182e-02,5.42487603787e-03,-1.22190034006e-04,-1.19024404962e-05
1.05255681818e+00,5.68181818182e-02,5.25190480552e-03,-1.12917897031e-04,-7.15404845213e-06
1.07244318182e+00,5.68181818182e-02,5.05335406436e-03,-1.02395716653e-04,-2.50166675062e-06
1.09232954545e+00,5.68181818182e-02,4.87302361083e-03,-9.35539654608e-05,5.47034692682e-07
1.11221590909e+00,5.68181818182e-02,4.70109141457e-03,-8.65833368572e-05,4.14189959830e-06
1.13210227273e+00,5.68181818182e-02,4.51935699815e-03,-8.01584508626e-05,7.37588184591e-06
1.15198863636e+00,5.68181818182e-02,4.29989931675e-03,-7.20306369738e-05,1.33590093928e-05
1.17187500000e+00,5.68181818182e-02,4.07377950520e-03,-6.80453724428e-05,1.66380760543e-05
1.19176136364e+00,5.68181818182e-02,3.87758957074e-03,-6.58128831431e-05,1.85934213834e-05
1.21164772727e+00,5.68181818182e-02,3.64111029365e-03,-6.47778898927e-05,1.86947997263e-05
1.23153409091e+00,5.68181818182e-02,3.47008440328e-03,-6.42557873978e-05,1.56501087240e-05
1.25142045455e+00,5.68181818182e-02,3.22438086254e-03,-6.23301986481e-05,1.14309069298e-05
1.27130681818e+00,5.68181818182e-02,2.97062940232e-03,-6.20861809473e-05,8.24646320114e-06
1.29119318182e+00,5.68181818182e-02,2.74994152236e-03,-6.20727380310e-05,6.26338565587e-06
1.31107954545e+00,5.68181818182e-02,2.51650990833e-03,-6.20614024286e-05,3.91156070850e-06
1.33096590909e+00,5.68181818182e-02,2.25555383711e-03,-6.27026656310e-05,-2.00122746627e-06
1.35085227273e+00,5.68181818182e-02,2.02117099814e-03,-6.22897789163e-05,-7.40474704097e-06
1.37073863636e+00,5.68181818182e-02,1.75140116284e-03,-6.04731237300e-05,-1.30589162969e-05
1.39062500000e+00,5.68181818182e-02,1.53801442911e-03,-5.86409754198e-05,-1.55324464635e-05
1.41051136364e+00,5.68181818182e-02,1.24708746158e-03,-5.49864146680e-05,-1.82878667808e-05
1.43039772727e+00,5.68181818182e-02,9.49129643507e-04,-4.88516822626e-05,-2.06413218008e-05
1.45028409091e+00,5.68181818182e-02,7.34803502626e-04,-4.07410934555e-05,-1.99645479859e-05
1.47017045455e+00,5.68181818182e-02,4.38895767963e-04,-2.79655563553e-05,-1.78048463791e-05
1.49005681818e+00,5.68181818182e-02,1.57982549745e-04,-9.69196514481e-06,-6.20982977341e-06
6.34943181818e-01,7.95454545455e-02,1.13861055240e-02,-4.26945075436e-04,-6.25329699468e-04
6.54829545455e-01,7.95454545455e-02,1.12534180240e-02,-4.26913889633e-04,-5.17353625866e-04
6.74715909091e-01,7.95454545455e-02,1.11039411221e-02,-4.24863063611e-04,-4.41296283322e-04
6.94602272727e-01,7.95454545455e-02,1.09795504163e-02,-4.26323085632e-04,-3.87204600686e-04
7.14488636364e-01,7.95454545455e-02,1.08426593640e-02,-4.26552585345e-04,-3.43033448406e-04
7.34375000000e-01,7.95454545455e-02,1.07240791202e-02,-4.28327558835e-04,-3.12754947887e-04
7.54261363636e-01,7.95454545455e-02,1.05450220766e-02,-4.21924837070e-04,-2.74125993472e-04
7.74147727273e-01,7.95454545455e-02,1.03800675607e-02,-4.16364701010e-04,-2.46997874945e-04
7.94034090909e-01,7.95454545455e-02,1.02520420170e-02,-4.11883534804e-04,-2.28597794693e-04
8.13920454545e-01,7.95454545455e-02,1.00561903392e-02,-4.01963371865e-04,-2.06070863001e-04
8.33806818182e-01,7.95454545455e-02,9.86005952588e-03,-3.84649782467e-04,-1.80569881196e-04
8.53693181818e-01,7.95454545455e-02,9.71778096998e-03,-3.68417353971e-04,-1.57821281702e-04
8.73579545455e-01,7.95454545455e-02,9.51049773268e-03,-3.42321003331e-04,-1.28911424856e-04
8.93465909091e-01,7.95454545455e-02,9.28107877478e-03,-3.15236808531e-04,-1.05564727817e-04
9.13352272727e-01,7.95454545455e-02,9.12422664823e-03,-2.99339788695e-04,-9.10653819574e-05
9.33238636364e-01,7.95454545455e-02,8.90664516430e-03,-2.77564487156e-04,-7.65507256098e-05
9.53125000000e-01,7.95454545455e-02,8.64837958408e-03,-2.52936619804e-04,-6.28499685267e-05
9.73011363636e-01,7.95454545455e-02,8.47018876712e-03,-2.37807921560e-04,-5.41672222045e-05
9.92897727273e-01,7.95454545455e-02,8.24442142207e-03,-2.19368759954e-04,-4.50274212423e-05
1.01278409091e+00,7.95454545455e-02,7.96278202480e-03,-1.97577467669e-04,-3.49528146409e-05
1.03267045455e+00,7.95454545455e-02,7.75458090533e-03,-1.83635657340e-04,-2.80216530104e-05
1.05255681818e+00,7.95454545455e-02,7.52283725986e-03,-1.70101193007e-04,-2.14378604749e-05
1.07244318182e+00,7.95454545455e-02,7.21744588005e-03,-1.52571227991e-04,-1.36402856134e-05
1.09232954545e+00,7.95454545455e-02,6.97577330132e-03,-1.40055771112e-04,-8.67274820298e-06
1.11221590909e+00,7.95454545455e-02,6.74094349292e-03,-1.30076592399e-04,-3.60329632407e-06
1.13210227273e+00,7.95454545455e-02,6.45374505492e-03,-1.16964386466e-04,4.35046152726e-06
1.15198863636e+00,7.95454545455e-02,6.15812420080e-03,-1.06508016677e-04,1.12076168161e-05
1.17187500000e+00,7.95454545455e-02,5.89781645769e-03,-1.01236785514e-04,1.50941803496e-05
1.19176136364e+00,7.95454545455e-02,5.57124688071e-03,-9.31638164690e-05,2.05905693870e-05
1.21164772727e+00,7.95454545455e-02,5.27078276922e-03,-9.03216763156e-05,2.09491937973e-05
1.23153409091e+00,7.95454545455e-02,4.89771210343e-03,-8.62465580783e-05,1.86442888188e-05
1.25142045455e+00,7.95454545455e-02,4.62355655408e-03,-8.39564275019e-05,1.45046385729e-05
1.27130681818e+00,7.95454545455e-02,4.32065448787e-03,-8.20885000658e-05,1.21984062891e-05
1.29119318182e+00,7.95454545455e-02,3.92247517038e-03,-7.90636572694e-05,1.04309291545e-05
1.31107954545e+00,7.95454545455e-02,3.60910088210e-03,-7.81742025956e-05,8.12016443361e-06
1.33096590909e+00,7.95454545455e-02,3.21209417093e-03,-7.72762113093e-05,3.40184540112e-06
1.35085227273e+00,7.95454545455e-02,2.88324389816e-03,-7.62072531015e-05,-3.23190103857e-06
1.37073863636e+00,7.95454545455e-02,2.52693780164e-03,-7.32738134873e-05,-9.99821141142e-06
1.39062500000e+00,7.95454545455e-02,2.22859306261e-03,-7.03871347824e-05,-1.36918773462e-05
1.41051136364e+00,7.95454545455e-02,1.77919632439e-03,-6.48945270621e-05,-1.83344857537e-05
1.43039772727e+00,7.95454545455e-02,1.37682053293e-03,-5.73503199418e-05,-2.06977060108e-05
1.45028409091e+00,7.95454545455e-02,1.07308357766e-03,-4.70170553831e-05,-2.04669043967e-05
1.47017045455e+00,7.95454545455e-02,6.09584865072e-04,-3.12327543259e-05,-1.86456937903e-05
1.49005681818e+00,7.95454545455e-02,1.57982549745e-04,-9.69196514481e-06,-6.20982977341e-06
6.34943181818e-01,1.02272727273e-01,1.48445631327e-02,-6.09256676770e-04,-7.54511698873e-04
6.54829545455e-01,1.02272727273e-01,1.47016164467e-02,-6.08662700465e-04,-6.41358091640e-04
6.74715909091e-01,1.02272727273e-01,1.45484059035e-02,-6.06119481677e-04,-5.63905775454e-04
6.94602272727e-01,1.02272727273e-01,1.43676187699e-02,-5.99527773506e-04,-4.92378893384e-04
7.14488636364e-01,1.02272727273e-01,1.41900966428e-02,-5.94016727087e-04,-4.37509768530e-04
7.34375000000e-01,1.02272727273e-01,1.39770581231e-02,-5.82849483939e-04,-3.87152389243e-04
7.54261363636e-01,1.02272727273e-01,1.37980010795e-02,-5.76446762174e-04,-3.48523434827e-04
7.74147727273e-01,1.02272727273e-01,1.36050906366e-02,-5.67662421081e-04,-3.16724539075e-04
7.94034090909e-01,1.02272727273e-01,1.33552835772e-02,-5.49562302217e-04,-2.82860311432e-04
8.13920454545e-01,1.02272727273e-01,1.31544875514e-02,-5.39413186438e-04,-2.59964357352e-04
8.33806818182e-01,1.02272727273e-01,1.29426103192e-02,-5.21487916078e-04,-2.33958452563e-04
8.53693181818e-01,1.02272727273e-01,1.26582169562e-02,-4.93046115683e-04,-2.04212713738e-04
8.73579545455e-01,1.02272727273e-01,1.24342646091e-02,-4.64576423356e-04,-1.73376787241e-04
8.93465909091e-01,1.02272727273e-01,1.21628183470e-02,-4.32474945620e-04,-1.47958836365e-04
9.13352272727e-01,1.02272727273e-01,1.18904793961e-02,-4.01785920921e-04,-1.25728691042e-04
9.33238636364e-01,1.02272727273e-01,1.16356374295e-02,-3.76118990682e-04,-1.09702152661e-04
9.53125000000e-01,1.02272727273e-01,1.13773718493e-02,-3.51491123330e-04,-9.60013955777e-05
9.73011363636e-01,1.02272727273e-01,1.10525508213e-02,-3.21638635367e-04,-8.18755343861e-05
9.92897727273e-01,1.02272727273e-01,1.07579877571e-02,-2.97294454830e-04,-7.09239845706e-05
1.01278409091e+00,1.02272727273e-01,1.04763483598e-02,-2.75503162545e-04,-6.08493779692e-05
1.03267045455e+00,1.02272727273e-01,1.01373935701e-02,-2.49941085372e-04,-4.97361382075e-05
1.05255681818e+00,1.02272727273e-01,9.79992626945e-03,-2.27922447916e-04,-3.99093766371e-05
1.07244318182e+00,1.02272727273e-01,9.49453488964e-03,-2.10392482900e-04,-3.21118017756e-05
1.09232954545e+00,1.02272727273e-01,9.14245176478e-03,-1.90792812909e-04,-2.30573829666e-05
1.11221590909e+00,1.02272727273e-01,8.76011111013e-03,-1.71810276706e-04,-1.27148837745e-05
1.13210227273e+00,1.02272727273e-01,8.43059979840e-03,-1.57404428606e-04,-4.27555495541e-06
1.15198863636e+00,1.02272727273e-01,8.06641732516e-03,-1.43821228385e-04,4.18648106530e-06
1.17187500000e+00,1.02272727273e-01,7.63723203713e-03,-1.29677248833e-04,1.28473053251e-05
1.19176136364e+00,1.02272727273e-01,7.25485290964e-03,-1.19376649635e-04,1.92563929709e-05
1.21164772727e+00,1.02272727273e-01,6.86201648510e-03,-1.13274223956e-04,2.06747137424e-05
1.23153409091e+00,1.02272727273e-01,6.48894581931e-03,-1.09199105719e-04,1.83698087638e-05
1.25142045455e+00,1.02272727273e-01,6.04099003202e-03,-1.02455232897e-04,1.59834129572e-05
1.27130681818e+00,1.02272727273e-01,5.59867686201e-03,-9.67906352937e-05,1.52701099389e-05
1.29119318182e+00,1.02272727273e-01,5.20049754452e-03,-9.37657924972e-05,1.35026328042e-05
1.31107954545e+00,1.02272727273e-01,4.74273484917e-03,-9.05245739241e-05,1.19264376485e-05
1.33096590909e+00,1.02272727273e-01,4.31446299703e-03,-8.90794759390e-05,7.49006674506e-06
1.35085227273e+00,1.02272727273e-01,3.82528068212e-03,-8.61621930185e-05,1.49822696044e-06
1.37073863636e+00,1.02272727273e-01,3.35888021271e-03,-8.21715338889e-05,-6.31785204196e-06
1.39062500000e+00,1.02272727273e-01,2.81150119819e-03,-7.61242577267e-05,-1.18865407734e-05
1.41051136364e+00,1.02272727273e-01,2.36210445997e-03,-7.06316500064e-05,-1.65291491809e-05
1.43039772727e+00,1.02272727273e-01,1.88966230914e-03,-6.22408373925e-05,-1.89983187049e-05
1.45028409091e+00,1.02272727273e-01,1.28531343407e-03,-4.93055333713e-05,-2.02960326478e-05
1.47017045455e+00,1.02272727273e-01,8.09850024685e-04,-3.33176845766e-05,-1.85260591344e-05
1.49005681818e+00,1.02272727273e-01,3.21255741404e-04,-1.11886611524e-05,-6.08577571650e-06
6.34943181818e-01,1.25000000000e-01,1.84158637375e-02,-8.03664662779e-04,-8.74612919395e-04
6.54829545455e-01,1.25000000000e-01,1.82240963743e-02,-8.06861096654e-04,-7.55230548728e-04
6.74715909091e-01,1.25000000000e-01,1.80180123845e-02,-7.96744864971e-04,-6.66759041448e-04
6.94602272727e-01,1.25000000000e-01,1.78052608927e-02,-7.84945560305e-04,-5.88241955806e-04
7.14488636364e-01,1.25000000000e-01,1.75824901995e-02,-7.71960016425e-04,-5.23362863414e-04
7.34375000000e-01,1.25000000000e-01,1.73473128672e-02,-7.57708327374e-04,-4.69269605715e-04
7.54261363636e-01,1.25000000000e-01,1.71053225744e-02,-7.42238824813e-04,-4.20227117829e-04
7.74147727273e-01,1.25000000000e-01,1.68507580659e-02,-7.23570151219e-04,-3.78918284573e-04
7.94034090909e-01,1.25000000000e-01,1.65857730186e-02,-7.02823612865e-04,-3.42781039901e-04
8.13920454545e-01,1.25000000000e-01,1.63138270297e-02,-6.80765113423e-04,-3.09778103538e-04
8.33806818182e-01,1.25000000000e-01,1.60266482488e-02,-6.56657920898e-04,-2.80170813197e-04
8.53693181818e-01,1.25000000000e-01,1.57311751236e-02,-6.27342067327e-04,-2.50204270509e-04
8.73579545455e-01,1.25000000000e-01,1.54274076542e-02,-5.92817552710e-04,-2.19878475474e-04
8.93465909091e-01,1.25000000000e-01,1.51080734083e-02,-5.55443491484e-04,-1.92720430031e-04
9.13352272727e-01,1.25000000000e-01,1.47814941526e-02,-5.18531485979e-04,-1.68206171458e-04
9.33238636364e-01,1.25000000000e-01,1.44440292790e-02,-4.82845733377e-04,-1.48012117767e-04
9.53125000000e-01,1.25000000000e-01,1.40931308864e-02,-4.49332195339e-04,-1.31918697211e-04
9.73011363636e-01,1.25000000000e-01,1.37348707732e-02,-4.16491691578e-04,-1.17142413670e-04
9.92897727273e-01,1.25000000000e-01,1.33630512029e-02,-3.83946765598e-04,-1.03094999376e-04
1.01278409091e+00,1.25000000000e-01,1.29800363438e-02,-3.53205589007e-04,-9.02619811705e-05
1.03267045455e+00,1.25000000000e-01,1.25895468789e-02,-3.23581744146e-04,-7.80978077044e-05
1.05255681818e+00,1.25000000000e-01,1.21827424006e-02,-2.95456132856e-04,-6.58579774250e-05
1.07244318182e+00,1.25000000000e-01,1.17670762886e-02,-2.68744439459e-04,-5.34599596447e-05
1.09232954545e+00,1.25000000000e-01,1.13425485428e-02,-2.43446663956e-04,-4.09037543634e-05
1.11221590909e+00,1.25000000000e-01,1.09014226442e-02,-2.21630738819e-04,-2.93439550575e-05
1.13210227273e+00,1.25000000000e-01,1.04525823955e-02,-2.00526648314e-04,-1.74740098186e-05
1.15198863636e+00,1.25000000000e-01,9.99215452254e-03,-1.80221757786e-04,-4.90783799582e-06
1.17187500000e+00,1.25000000000e-01,9.51744696267e-03,-1.64459655897e-04,4.16415963733e-06
1.19176136364e+00,1.25000000000e-01,9.03491883710e-03,-1.50599187558e-04,1.14778287046e-05
1.21164772727e+00,1.25000000000e-01,8.53799499089e-03,-1.39168586928e-04,1.58384672200e-05
1.23153409091e+00,1.25000000000e-01,8.02919873253e-03,-1.28562929465e-04,1.68359952823e-05
1.25142045455e+00,1.25000000000e-01,7.51247717890e-03,-1.18623446571e-04,1.59779451636e-05
1.27130681818e+00,1.25000000000e-01,6.97847198544e-03,-1.11386310209e-04,1.52865097417e-05
1.29119318182e+00,1.25000000000e-01,6.43508854544e-03,-1.04362884596e-04,1.52626711404e-05
1.31107954545e+00,1.25000000000e-01,5.88232685891e-03,-9.75531697311e-05,1.59064293597e-05
1.33096590909e+00,1.25000000000e-01,5.31201710561e-03,-9.42401306167e-05,1.10921679628e-05
1.35085227273e+00,1.25000000000e-01,4.73355858052e-03,-9.07341095101e-05,4.65287515101e-06
1.37073863636e+00,1.25000000000e-01,4.14286199851e-03,-8.63965657137e-05,-3.95574841437e-06
1.39062500000e+00,1.25000000000e-01,3.53710087373e-03,-7.91746185583e-05,-9.18188893185e-06
1.41051136364e+00,1.25000000000e-01,2.92309437049e-03,-7.09070426973e-05,-1.33724636742e-05
1.43039772727e+00,1.25000000000e-01,2.29391935564e-03,-6.16898982742e-05,-1.71484469559e-05
1.45028409091e+00,1.25000000000e-01,1.65225158422e-03,-4.89199700578e-05,-1.87258288555e-05
1.47017045455e+00,1.25000000000e-01,1.00224652409e-03,-3.36280581772e-05,-1.81901441533e-05
1.49005681818e+00,1.25000000000e-01,3.34082174698e-04,-1.12093527257e-05,-6.06338138442e-06
6.34943181818e-01,1.47727272727e-01,2.20409441469e-02,-1.00744781757e-03,-9.60594171325e-04
6.54829545455e-01,1.47727272727e-01,2.18175794078e-02,-1.01527983816e-03,-8.43270196776e-04
6.74715909091e-01,1.47727272727e-01,2.15846983721e-02,-1.00427195792e-03,-7.56916728225e-04
6.94602272727e-01,1.47727272727e-01,2.13374935357e-02,-9.91326247972e-04,-6.81122835236e-04
7.14488636364e-01,1.47727272727e-01,2.10607874343e-02,-9.66804118836e-04,-6.07003624169e-04
7.34375000000e-01,1.47727272727e-01,2.07908053774e-02,-9.45786516175e-04,-5.46908586683e-04
7.54261363636e-01,1.47727272727e-01,2.04852383044e-02,-9.19122214404e-04,-4.87845428616e-04
7.74147727273e-01,1.47727272727e-01,2.01683215572e-02,-8.91063966421e-04,-4.40002397454e-04
7.94034090909e-01,1.47727272727e-01,1.98572255042e-02,-8.62876419129e-04,-4.00650270071e-04
8.13920454545e-01,1.47727272727e-01,1.95494153998e-02,-8.35030468292e-04,-3.65146869378e-04
8.33806818182e-01,1.47727272727e-01,1.92131558859e-02,-8.01639407052e-04,-3.31354459893e-04
8.53693181818e-01,1.47727272727e-01,1.88737223191e-02,-7.64588727449e-04,-2.98123748841e-04
8.73579545455e-01,1.47727272727e-01,1.84889433137e-02,-7.22867663284e-04,-2.67670894059e-04
8.93465909091e-01,1.47727272727e-01,1.81209615705e-02,-6.81549279678e-04,-2.40538482135e-04
9.13352272727e-01,1.47727272727e-01,1.77392753675e-02,-6.40226910154e-04,-2.16068849695e-04
9.33238636364e-01,1.47727272727e-01,1.73177930958e-02,-5.96155963101e-04,-1.93312725783e-04
9.53125000000e-01,1.47727272727e-01,1.68726375366e-02,-5.53511536568e-04,-1.74734795099e-04
9.73011363636e-01,1.47727272727e-01,1.64588870547e-02,-5.15734235281e-04,-1.58885563857e-04
9.92897727273e-01,1.47727272727e-01,1.59940775490e-02,-4.75970151399e-04,-1.43917864226e-04
1.01278409091e+00,1.47727272727e-01,1.55885524827e-02,-4.43075126468e-04,-1.30315803172e-04
1.03267045455e+00,1.47727272727e-01,1.51005187863e-02,-4.04117938799e-04,-1.14819110694e-04
1.05255681818e+00,1.47727272727e-01,1.46229993658e-02,-3.70315813488e-04,-1.00174940091e-04
1.07244318182e+00,1.47727272727e-01,1.40948312282e-02,-3.34797950480e-04,-8.37816288397e-05
1.09232954545e+00,1.47727272727e-01,1.35963729633e-02,-3.03854470926e-04,-6.84929579902e-05
1.11221590909e+00,1.47727272727e-01,1.30952203172e-02,-2.77118580602e-04,-5.41634547372e-05
1.13210227273e+00,1.47727272727e-01,1.25245055919e-02,-2.47376964579e-04,-3.81100441769e-05
1.15198863636e+00,1.47727272727e-01,1.19657438132e-02,-2.21985990871e-04,-2.41745540979e-05
1.17187500000e+00,1.47727272727e-01,1.14445008599e-02,-2.02600125506e-04,-1.34472633519e-05
1.19176136364e+00,1.47727272727e-01,1.08305604617e-02,-1.79287615947e-04,-2.08819104684e-06
1.21164772727e+00,1.47727272727e-01,1.02078208515e-02,-1.61444715177e-04,4.02206715673e-06
1.23153409091e+00,1.47727272727e-01,9.66886677581e-03,-1.49861772283e-04,5.78170879822e-06
1.25142045455e+00,1.47727272727e-01,9.01103086777e-03,-1.35223306471e-04,8.58805994225e-06
1.27130681818e+00,1.47727272727e-01,8.33099896364e-03,-1.21489058725e-04,1.29633517278e-05
1.29119318182e+00,1.47727272727e-01,7.76637329451e-03,-1.13857901766e-04,1.33295521763e-05
1.31107954545e+00,1.47727272727e-01,7.06224711083e-03,-1.05037059442e-04,1.43671298855e-05
1.33096590909e+00,1.47727272727e-01,6.33557219693e-03,-9.76580327018e-05,1.22223449754e-05
1.35085227273e+00,1.47727272727e-01,5.72352442319e-03,-9.32468572111e-05,6.39259366896e-06
1.37073863636e+00,1.47727272727e-01,4.98222949931e-03,-8.53897931899e-05,-8.61430215109e-07
1.39062500000e+00,1.47727272727e-01,4.28183495284e-03,-7.74773954924e-05,-6.35947958055e-06
1.41051136364e+00,1.47727272727e-01,3.49897959218e-03,-6.92489357295e-05,-1.16809886508e-05
1.43039772727e+00,1.47727272727e-01,2.70898179650e-03,-5.90406450719e-05,-1.47853703706e-05
1.45028409091e+00,1.47727272727e-01,2.02900535334e-03,-4.61206116904e-05,-1.63945335989e-05
1.47017045455e+00,1.47727272727e-01,1.19982420370e-03,-3.03938574746e-05,-1.61336664977e-05
1.49005681818e+00,1.47727272727e-01,3.47254020005e-04,-1.09937393456e-05,-5.92628287405e-06
6.34943181818e-01,1.70454545455e-01,2.57127787921e-02,-1.19940147132e-03,-1.02424045144e-03
6.54829545455e-01,1.70454545455e-01,2.54403616616e-02,-1.21138711861e-03,-9.10851825354e-04
6.74715909091e-01,1.70454545455e-01,2.51392917933e-02,-1.20971428823e-03,-8.34817492548e-04
6.94602272727e-01,1.70454545455e-01,2.48506147728e-02,-1.19164338719e-03,-7.58154020720e-04
7.14488636364e-01,1.70454545455e-01,2.45490319975e-02,-1.16554578549e-03,-6.86008344252e-04
7.34375000000e-01,1.70454545455e-01,2.42522202305e-02,-1.13960383318e-03,-6.21269973117e-04
7.54261363636e-01,1.70454545455e-01,2.38875114993e-02,-1.09945275458e-03,-5.55401372440e-04
7.74147727273e-01,1.70454545455e-01,2.35321741096e-02,-1.06335738905e-03,-5.03166343709e-04
7.94034090909e-01,1.70454545455e-01,2.31970964262e-02,-1.03155846699e-03,-4.61301063285e-04
8.13920454545e-01,1.70454545455e-01,2.27962516422e-02,-9.89284992393e-04,-4.19651336241e-04
8.33806818182e-01,1.70454545455e-01,2.23834666871e-02,-9.45474121928e-04,-3.83238481821e-04
8.53693181818e-01,1.70454545455e-01,2.20093138906e-02,-9.05339206805e-04,-3.49953316592e-04
8.73579545455e-01,1.70454545455e-01,2.15722188746e-02,-8.56133731346e-04,-3.18137241633e-04
8.93465909091e-01,1.70454545455e-01,2.11555301782e-02,-8.10424394044e-04,-2.90877814930e-04
9.13352272727e-01,1.70454545455e-01,2.06536103750e-02,-7.57424812458e-04,-2.65152538273e-04
9.33238636364e-01,1.70454545455e-01,2.01931508947e-02,-7.09828701037e-04,-2.41976769069e-04
9.53125000000e-01,1.70454545455e-01,1.97479953356e-02,-6.67184274504e-04,-2.23398838384e-04
9.73011363636e-01,1.70454545455e-01,1.92248749992e-02,-6.18819669171e-04,-2.04534410431e-04
9.92897727273e-01,1.70454545455e-01,1.87168760785e-02,-5.75916012406e-04,-1.89397747545e-04
1.01278409091e+00,1.70454545455e-01,1.81264444026e-02,-5.28491982519e-04,-1.73014989955e-04
1.03267045455e+00,1.70454545455e-01,1.76150622718e-02,-4.87702099852e-04,-1.56886381457e-04
1.05255681818e+00,1.70454545455e-01,1.70269202971e-02,-4.44789070715e-04,-1.38414045236e-04
1.07244318182e+00,1.70454545455e-01,1.64987521595e-02,-4.09271207707e-04,-1.22020733985e-04
1.09232954545e+00,1.70454545455e-01,1.58846000391e-02,-3.69070858169e-04,-1.01762687395e-04
1.11221590909e+00,1.70454545455e-01,1.53068302380e-02,-3.36204808789e-04,-8.41340169859e-05
1.13210227273e+00,1.70454545455e-01,1.46581764622e-02,-3.01011850215e-04,-6.59381944916e-05
1.15198863636e+00,1.70454545455e-01,1.40093711586e-02,-2.68868115406e-04,-4.89724682381e-05
1.17187500000e+00,1.70454545455e-01,1.32842901088e-02,-2.36237244969e-04,-3.33267862010e-05
1.19176136364e+00,1.70454545455e-01,1.26409868765e-02,-2.10751365025e-04,-2.10191135387e-05
1.21164772727e+00,1.70454545455e-01,1.19400558509e-02,-1.87344012833e-04,-1.25608683718e-05
1.23153409091e+00,1.70454545455e-01,1.12008585901e-02,-1.66532204184e-04,-4.89507385198e-06
1.25142045455e+00,1.70454545455e-01,1.05328519185e-02,-1.51359513305e-04,-1.67661214454e-06
1.27130681818e+00,1.70454545455e-01,9.82114742581e-03,-1.36860170389e-04,3.16998959266e-06
1.29119318182e+00,1.70454545455e-01,8.97853031882e-03,-1.19990391535e-04,9.28237891333e-06
1.31107954545e+00,1.70454545455e-01,8.24156041094e-03,-1.09537972744e-04,1.13083414880e-05
1.33096590909e+00,1.70454545455e-01,7.50354359322e-03,-1.01882839947e-04,9.20434118256e-06
1.35085227273e+00,1.70454545455e-01,6.60562009594e-03,-9.13212410172e-05,6.19826301708e-06
1.37073863636e+00,1.70454545455e-01,5.79404303156e-03,-8.26919461373e-05,-2.35032081126e-07
1.39062500000e+00,1.70454545455e-01,5.02179253528e-03,-7.49256441593e-05,-6.43449197588e-06
1.41051136364e+00,1.70454545455e-01,4.07989161165e-03,-6.42134994183e-05,-1.00694953487e-05
1.43039772727e+00,1.70454545455e-01,3.18970221092e-03,-5.41866682087e-05,-1.38421009911e-05
1.45028409091e+00,1.70454545455e-01,2.37125350858e-03,-4.05852144067e-05,-1.52565185836e-05
1.47017045455e+00,1.70454545455e-01,1.41252678546e-03,-2.73049361825e-05,-1.52575369631e-05
1.49005681818e+00,1.70454545455e-01,5.19855148795e-04,-8.44339035680e-06,-5.06621488113e-06
6.34943181818e-01,1.93181818182e-01,2.93724484242e-02,-1.38826629613e-03,-1.07026360633e-03
6.54829545455e-01,1.93181818182e-01,2.90721655405e-02,-1.40036831833e-03,-9.59624236877e-04
6.74715909091e-01,1.93181818182e-01,2.87410678103e-02,-1.40073330230e-03,-8.86858551413e-04
6.94602272727e-01,1.93181818182e-01,2.84015911044e-02,-1.39521398007e-03,-8.23532974325e-04
7.14488636364e-01,1.93181818182e-01,2.80626982958e-02,-1.36787790112e-03,-7.56219061184e-04
7.34375000000e-01,1.93181818182e-01,2.77042454904e-02,-1.33013609433e-03,-6.87438849662e-04
7.54261363636e-01,1.93181818182e-01,2.73173369990e-02,-1.28827878046e-03,-6.24683580403e-04
7.74147727273e-01,1.93181818182e-01,2.69283752929e-02,-1.24486857233e-03,-5.68559184711e-04
7.94034090909e-01,1.93181818182e-01,2.64835979677e-02,-1.19159985078e-03,-5.18013285399e-04
8.13920454545e-01,1.93181818182e-01,2.60619050346e-02,-1.14607618448e-03,-4.75210409996e-04
8.33806818182e-01,1.93181818182e-01,2.56054405710e-02,-1.09665691630e-03,-4.38328725497e-04
8.53693181818e-01,1.93181818182e-01,2.51522854805e-02,-1.04660804454e-03,-4.03753538885e-04
8.73579545455e-01,1.93181818182e-01,2.46687854226e-02,-9.91556569319e-04,-3.71436397860e-04
8.93465909091e-01,1.93181818182e-01,2.41479390323e-02,-9.35049062922e-04,-3.43936082713e-04
9.13352272727e-01,1.93181818182e-01,2.36460192291e-02,-8.82049481336e-04,-3.18210806056e-04
9.33238636364e-01,1.93181818182e-01,2.31205583166e-02,-8.28652158509e-04,-2.94604391035e-04
9.53125000000e-01,1.93181818182e-01,2.25337658844e-02,-7.72656549422e-04,-2.73207096100e-04
9.73011363636e-01,1.93181818182e-01,2.19606126633e-02,-7.20075057799e-04,-2.53397893215e-04
9.92897727273e-01,1.93181818182e-01,2.13805623810e-02,-6.71853044012e-04,-2.37855313622e-04
1.01278409091e+00,1.93181818182e-01,2.07599437222e-02,-6.23073268657e-04,-2.21982518567e-04
1.03267045455e+00,1.93181818182e-01,2.01577822686e-02,-5.75802777941e-04,-2.04799932916e-04
1.05255681818e+00,1.93181818182e-01,1.95300089187e-02,-5.29580146068e-04,-1.84942918365e-04
1.07244318182e+00,1.93181818182e-01,1.88235539659e-02,-4.80033308230e-04,-1.61856718718e-04
1.09232954545e+00,1.93181818182e-01,1.81679455427e-02,-4.36432754395e-04,-1.39681261399e-04
1.11221590909e+00,1.93181818182e-01,1.74862570077e-02,-3.96298248281e-04,-1.19196041744e-04
1.13210227273e+00,1.93181818182e-01,1.67578350494e-02,-3.54375071037e-04,-9.76014939023e-05
1.15198863636e+00,1.93181818182e-01,1.60367768037e-02,-3.16299478551e-04,-7.77929695550e-05
1.17187500000e+00,1.93181818182e-01,1.52375746104e-02,-2.78481976162e-04,-5.96933658421e-05
1.19176136364e+00,1.93181818182e-01,1.44907825224e-02,-2.47265302921e-04,-4.58237298519e-05
1.21164772727e+00,1.93181818182e-01,1.37213382171e-02,-2.18786753164e-04,-3.51520838515e-05
1.23153409091e+00,1.93181818182e-01,1.28940392438e-02,-1.92305639341e-04,-2.46157727756e-05
1.25142045455e+00,1.93181818182e-01,1.20421441697e-02,-1.67486269646e-04,-1.46309619400e-05
1.27130681818e+00,1.93181818182e-01,1.11825994416e-02,-1.48504672391e-04,-6.79298630601e-06
1.29119318182e+00,1.93181818182e-01,1.03399823346e-02,-1.31634893538e-04,-6.80596985339e-07
1.31107954545e+00,1.93181818182e-01,9.44969374857e-03,-1.14342722774e-04,5.31982900316e-06
1.33096590909e+00,1.93181818182e-01,8.55366228046e-03,-1.02544690161e-04,4.15150076730e-06
1.35085227273e+00,1.93181818182e-01,7.56323007485e-03,-8.86873764477e-05,3.46434743188e-06
1.37073863636e+00,1.93181818182e-01,6.64599723567e-03,-7.91553842073e-05,-1.67919580763e-06
1.39062500000e+00,1.93181818182e-01,5.65629566924e-03,-6.84132862163e-05,-5.15089886925e-06
1.41051136364e+00,1.93181818182e-01,4.66451138112e-03,-5.69137893073e-05,-8.29694868335e-06
1.43039772727e+00,1.93181818182e-01,3.67392050876e-03,-4.69686797897e-05,-1.26929563236e-05
1.45028409091e+00,1.93181818182e-01,2.67615177465e-03,-3.57531268560e-05,-1.48572748353e-05
1.47017045455e+00,1.93181818182e-01,1.61321540301e-03,-2.38002964853e-05,-1.46058488689e-05
1.49005681818e+00,1.93181818182e-01,5.73505105424e-04,-6.91351577169e-06,-4.47341910667e-06
6.34943181818e-01,2.15909090909e-01,3.30364185747e-02,-1.57649021420e-03,-1.09405009454e-03
6.54829545455e-01,2.15909090909e-01,3.26981244535e-02,-1.58580388723e-03,-9.87804342833e-04
6.74715909091e-01,2.15909090909e-01,3.23330303416e-02,-1.58497329819e-03,-9.16118203755e-04
6.94602272727e-01,2.15909090909e-01,3.19630091780e-02,-1.57954498072e-03,-8.55174675675e-04
7.14488636364e-01,2.15909090909e-01,3.15666767852e-02,-1.56650143009e-03,-8.09454388009e-04
7.34375000000e-01,2.15909090909e-01,3.11642362203e-02,-1.52827065379e-03,-7.50377752485e-04
7.54261363636e-01,2.15909090909e-01,3.07415423612e-02,-1.48406469748e-03,-6.93650980123e-04
7.74147727273e-01,2.15909090909e-01,3.02858880993e-02,-1.42421424089e-03,-6.33059422185e-04
7.94034090909e-01,2.15909090909e-01,2.98108513217e-02,-1.36416855417e-03,-5.80355123280e-04
8.13920454545e-01,2.15909090909e-01,2.93330678519e-02,-1.30631903212e-03,-5.33505751411e-04
8.33806818182e-01,2.15909090909e-01,2.88167863087e-02,-1.24705474050e-03,-4.95506720732e-04
8.53693181818e-01,2.15909090909e-01,2.83075406505e-02,-1.18971753560e-03,-4.60850780289e-04
8.73579545455e-01,2.15909090909e-01,2.77604584234e-02,-1.12847675093e-03,-4.29473327018e-04
8.93465909091e-01,2.15909090909e-01,2.71844773192e-02,-1.06565532277e-03,-4.01381812886e-04
9.13352272727e-01,2.15909090909e-01,2.66202480561e-02,-1.00589408575e-03,-3.75106617377e-04
9.33238636364e-01,2.15909090909e-01,2.60106038903e-02,-9.44476510828e-04,-3.51109780199e-04
9.53125000000e-01,2.15909090909e-01,2.53760090682e-02,-8.84204361596e-04,-3.28986286786e-04
9.73011363636e-01,2.15909090909e-01,2.47413956315e-02,-8.26124461215e-04,-3.08243400142e-04
9.92897727273e-01,2.15909090909e-01,2.40679280782e-02,-7.69235327410e-04,-2.89721129918e-04
1.01278409091e+00,2.15909090909e-01,2.33880178591e-02,-7.16760765601e-04,-2.73798167116e-04
1.03267045455e+00,2.15909090909e-01,2.27028422025e-02,-6.65761974848e-04,-2.58017978437e-04
1.05255681818e+00,2.15909090909e-01,2.19722216044e-02,-6.12241420625e-04,-2.35627533373e-04
1.07244318182e+00,2.15909090909e-01,2.12171936018e-02,-5.59218149050e-04,-2.10988860941e-04
1.09232954545e+00,2.15909090909e-01,2.04539492112e-02,-5.07850971368e-04,-1.84619452068e-04
1.11221590909e+00,2.15909090909e-01,1.96770905056e-02,-4.59748028659e-04,-1.60006423984e-04
1.13210227273e+00,2.15909090909e-01,1.88783261133e-02,-4.12504204269e-04,-1.35977562524e-04
1.15198863636e+00,2.15909090909e-01,1.80399070502e-02,-3.67067879561e-04,-1.13750877589e-04
1.17187500000e+00,2.15909090909e-01,1.71748527065e-02,-3.24058091770e-04,-9.25819699623e-05
1.19176136364e+00,2.15909090909e-01,1.63336026543e-02,-2.85653867713e-04,-7.44437070923e-05
1.21164772727e+00,2.15909090909e-01,1.54270855544e-02,-2.50010743757e-04,-5.92587552296e-05
1.23153409091e+00,2.15909090909e-01,1.45187486637e-02,-2.18779413448e-04,-4.62250953136e-05
1.25142045455e+00,2.15909090909e-01,1.35752502995e-02,-1.88510593658e-04,-3.34438946709e-05
1.27130681818e+00,2.15909090909e-01,1.25994450653e-02,-1.63380343338e-04,-2.09740485433e-05
1.29119318182e+00,2.15909090909e-01,1.16491627914e-02,-1.42286880632e-04,-1.21722875874e-05
1.31107954545e+00,2.15909090909e-01,1.06382713443e-02,-1.21851258461e-04,-4.88711449501e-06
1.33096590909e+00,2.15909090909e-01,9.61725315832e-03,-1.04098799130e-04,-3.10895399015e-06
1.35085227273e+00,2.15909090909e-01,8.55824406005e-03,-8.72523106418e-05,-2.14492566689e-06
1.37073863636e+00,2.15909090909e-01,7.47630474624e-03,-7.37636779371e-05,-2.92230858027e-06
1.39062500000e+00,2.15909090909e-01,6.38964228977e-03,-6.30515905000e-05,-5.90135291213e-06
1.41051136364e+00,2.15909090909e-01,5.28832010499e-03,-5.19540435294e-05,-8.81495826689e-06
1.43039772727e+00,2.15909090909e-01,4.13417818636e-03,-3.97211969510e-05,-1.19566793246e-05
1.45028409091e+00,2.15909090909e-01,3.00770395851e-03,-2.87021713668e-05,-1.32429103712e-05
1.47017045455e+00,2.15909090909e-01,1.82781522953e-03,-1.76807981449e-05,-1.22346657711e-05
1.49005681818e+00,2.15909090909e-01,6.13742572895e-04,-5.76610983286e-06,-4.02882227583e-06
6.34943181818e-01,2.38636363636e-01,3.66492369965e-02,-1.74593841723e-03,-1.08508700326e-03
6.54829545455e-01,2.38636363636e-01,3.62872942838e-02,-1.76149809772e-03,-9.93599953387e-04
6.74715909091e-01,2.38636363636e-01,3.59037127062e-02,-1.75922533746e-03,-9.24670356832e-04
6.94602272727e-01,2.38636363636e-01,3.54727574486e-02,-1.75185081361e-03,-8.73978281915e-04
7.14488636364e-01,2.38636363636e-01,3.50402416277e-02,-1.74045495550e-03,-8.37347593613e-04
7.34375000000e-01,2.38636363636e-01,3.45729162982e-02,-1.70886058632e-03,-8.01560287393e-04
7.54261363636e-01,2.38636363636e-01,3.41276542607e-02,-1.66365060747e-03,-7.49211057561e-04
7.74147727273e-01,2.38636363636e-01,3.36299075460e-02,-1.60227650613e-03,-6.94704010417e-04
7.94034090909e-01,2.38636363636e-01,3.31264755516e-02,-1.54051890366e-03,-6.45227200026e-04
8.13920454545e-01,2.38636363636e-01,3.25733570334e-02,-1.46917751306e-03,-5.95655763138e-04
8.33806818182e-01,2.38636363636e-01,3.20196417499e-02,-1.40377570851e-03,-5.57069057698e-04
8.53693181818e-01,2.38636363636e-01,3.14107068238e-02,-1.33228492996e-03,-5.22245942105e-04
8.73579545455e-01,2.38636363636e-01,3.08238052960e-02,-1.26594341782e-03,-4.91321289976e-04
8.93465909091e-01,2.38636363636e-01,3.01693956251e-02,-1.19499008798e-03,-4.64251481155e-04
9.13352272727e-01,2.38636363636e-01,2.95420238890e-02,-1.12853101526e-03,-4.37673774763e-04
9.33238636364e-01,2.38636363636e-01,2.88749487829e-02,-1.06092985331e-03,-4.13335547606e-04
9.53125000000e-01,2.38636363636e-01,2.82201541854e-02,-9.98714693180e-04,-3.91001808187e-04
9.73011363636e-01,2.38636363636e-01,2.74765497094e-02,-9.30250999394e-04,-3.68659205173e-04
9.92897727273e-01,2.38636363636e-01,2.67251017974e-02,-8.65890843437e-04,-3.47858728364e-04
1.01278409091e+00,2.38636363636e-01,2.60233708613e-02,-8.11396962644e-04,-3.31193437555e-04
1.03267045455e+00,2.38636363636e-01,2.52105432218e-02,-7.50028332491e-04,-3.12011610463e-04
1.05255681818e+00,2.38636363636e-01,2.43704502761e-02,-6.93168543158e-04,-2.92405137570e-04
1.07244318182e+00,2.38636363636e-01,2.36154222735e-02,-6.40145271582e-04,-2.67766465138e-04
1.09232954545e+00,2.38636363636e-01,2.27375607874e-02,-5.80089121240e-04,-2.37091846412e-04
1.11221590909e+00,2.38636363636e-01,2.18157749660e-02,-5.23055805447e-04,-2.07678392704e-04
1.13210227273e+00,2.38636363636e-01,2.09457729612e-02,-4.70774935298e-04,-1.81040318629e-04
1.15198863636e+00,2.38636363636e-01,2.00270180469e-02,-4.19177290515e-04,-1.55260365405e-04
1.17187500000e+00,2.38636363636e-01,1.90596065605e-02,-3.71206352827e-04,-1.31370098872e-04
1.19176136364e+00,2.38636363636e-01,1.81229800783e-02,-3.27074109734e-04,-1.09400264170e-04
1.21164772727e+00,2.38636363636e-01,1.71098945469e-02,-2.84581808501e-04,-8.84671483329e-05
1.23153409091e+00,2.38636363636e-01,1.60905287290e-02,-2.47959322925e-04,-7.12748907102e-05
1.25142045455e+00,2.38636363636e-01,1.50861913845e-02,-2.14929558532e-04,-5.62638940463e-05
1.27130681818e+00,2.38636363636e-01,1.39743373659e-02,-1.84097118731e-04,-4.03529833899e-05
1.29119318182e+00,2.38636363636e-01,1.29809890252e-02,-1.61314182485e-04,-3.04754737799e-05
1.31107954545e+00,2.38636363636e-01,1.18289214483e-02,-1.33147204244e-04,-1.66096255055e-05
1.33096590909e+00,2.38636363636e-01,1.07180288096e-02,-1.12321468553e-04,-1.23689987186e-05
1.35085227273e+00,2.38636363636e-01,9.49939724469e-03,-9.10207545552e-05,-7.80932706455e-06
1.37073863636e+00,2.38636363636e-01,8.31251674305e-03,-7.40373408701e-05,-6.71708626752e-06
1.39062500000e+00,2.38636363636e-01,7.16612624829e-03,-6.20222415333e-05,-8.00601776606e-06
1.41051136364e+00,2.38636363636e-01,5.90773432168e-03,-4.83088324298e-05,-6.95792476902e-06
1.43039772727e+00,2.38636363636e-01,4.64130707133e-03,-3.67936564297e-05,-9.36807954634e-06
1.45028409091e+00,2.38636363636e-01,3.28529044590e-03,-2.56984278192e-05,-1.05655591822e-05
1.47017045455e+00,2.38636363636e-01,2.02753892466e-03,-1.48762233365e-05,-1.00826376288e-05
1.49005681818e+00,2.38636363636e-01,7.06898175884e-04,-4.55505675183e-06,-3.02690767648e-06
6.34943181818e-01,2.61363636364e-01,4.02229908975e-02,-1.88571913418e-03,-1.04541132730e-03
6.54829545455e-01,2.61363636364e-01,3.98341313270e-02,-1.90803071552e-03,-9.70749837600e-04
6.74715909091e-01,2.61363636364e-01,3.94175914342e-02,-1.90434276807e-03,-9.08339095059e-04
6.94602272727e-01,2.61363636364e-01,3.89579861967e-02,-1.90321090455e-03,-8.73881636866e-04
7.14488636364e-01,2.61363636364e-01,3.84858781480e-02,-1.89174950187e-03,-8.48913091345e-04
7.34375000000e-01,2.61363636364e-01,3.79947974817e-02,-1.86011580595e-03,-8.20123070794e-04
7.54261363636e-01,2.61363636364e-01,3.74533518693e-02,-1.82774344220e-03,-7.99527306493e-04
7.74147727273e-01,2.61363636364e-01,3.69095060866e-02,-1.76864622422e-03,-7.54086172615e-04
7.94034090909e-01,2.61363636364e-01,3.63270236083e-02,-1.70033308844e-03,-7.07402333622e-04
8.13920454545e-01,2.61363636364e-01,3.57685574129e-02,-1.62811491028e-03,-6.57746943197e-04
8.33806818182e-01,2.61363636364e-01,3.51722060018e-02,-1.55606103111e-03,-6.18732674998e-04
8.53693181818e-01,2.61363636364e-01,3.44880904639e-02,-1.47629131058e-03,-5.86510443796e-04
8.73579545455e-01,2.61363636364e-01,3.38558319355e-02,-1.40418092664e-03,-5.56250035721e-04
8.93465909091e-01,2.61363636364e-01,3.31487196608e-02,-1.32712563687e-03,-5.30221929474e-04
9.13352272727e-01,2.61363636364e-01,3.24730841913e-02,-1.25566231697e-03,-5.04272964811e-04
9.33238636364e-01,2.61363636364e-01,3.17430048898e-02,-1.18140467405e-03,-4.79859768433e-04
9.53125000000e-01,2.61363636364e-01,3.09965417074e-02,-1.11001426295e-03,-4.56920391465e-04
9.73011363636e-01,2.61363636364e-01,3.02004068194e-02,-1.03658817269e-03,-4.34524674161e-04
9.92897727273e-01,2.61363636364e-01,2.94069410646e-02,-9.68208089964e-04,-4.12689887298e-04
1.01278409091e+00,2.61363636364e-01,2.85174200931e-02,-8.95545469885e-04,-3.89304461121e-04
1.03267045455e+00,2.61363636364e-01,2.77045924536e-02,-8.34176839732e-04,-3.70122634030e-04
1.05255681818e+00,2.61363636364e-01,2.68490576570e-02,-7.76394924890e-04,-3.50420102370e-04
1.07244318182e+00,2.61363636364e-01,2.58727368892e-02,-7.10790445328e-04,-3.24072109219e-04
1.09232954545e+00,2.61363636364e-01,2.49787040019e-02,-6.49859105068e-04,-2.93249360585e-04
1.11221590909e+00,2.61363636364e-01,2.40569181805e-02,-5.92825789275e-04,-2.63835906878e-04
1.13210227273e+00,2.61363636364e-01,2.30080090069e-02,-5.30779888042e-04,-2.31844228498e-04
1.15198863636e+00,2.61363636364e-01,2.20184404928e-02,-4.74690949002e-04,-2.03345284375e-04
1.17187500000e+00,2.61363636364e-01,2.10242503893e-02,-4.24666237956e-04,-1.78270595079e-04
1.19176136364e+00,2.61363636364e-01,1.99119348944e-02,-3.71501728977e-04,-1.49476875585e-04
1.21164772727e+00,2.61363636364e-01,1.88223903188e-02,-3.25326233990e-04,-1.25213043285e-04
1.23153409091e+00,2.61363636364e-01,1.77545843048e-02,-2.85590486016e-04,-1.05407983856e-04
1.25142045455e+00,2.61363636364e-01,1.65907647138e-02,-2.44609205599e-04,-8.34454472626e-05
1.27130681818e+00,2.61363636364e-01,1.54581994173e-02,-2.12825595323e-04,-6.67803824832e-05
1.29119318182e+00,2.61363636364e-01,1.41694069759e-02,-1.77332115515e-04,-4.60911578620e-05
1.31107954545e+00,2.61363636364e-01,1.29958443767e-02,-1.48300515811e-04,-3.14349329946e-05
1.33096590909e+00,2.61363636364e-01,1.17066595186e-02,-1.21279758025e-04,-2.01839101941e-05
1.35085227273e+00,2.61363636364e-01,1.04880279537e-02,-9.99790440264e-05,-1.56242385400e-05
1.37073863636e+00,2.61363636364e-01,9.18571837628e-03,-8.00151568313e-05,-1.20220330874e-05
1.39062500000e+00,2.61363636364e-01,7.77892710290e-03,-6.28868920122e-05,-7.79350754213e-06
1.41051136364e+00,2.61363636364e-01,6.48310673238e-03,-4.94127064347e-05,-6.50155911830e-06
1.43039772727e+00,2.61363636364e-01,5.11760357173e-03,-3.73844653949e-05,-7.36661576921e-06
1.45028409091e+00,2.61363636364e-01,3.70042832886e-03,-2.47696185902e-05,-6.66630804654e-06
1.47017045455e+00,2.61363636364e-01,2.21206950873e-03,-1.39051058251e-05,-7.24878470453e-06
1.49005681818e+00,2.61363636364e-01,7.06898175884e-04,-4.55505675183e-06,-3.02690767648e-06
6.34943181818e-01,2.84090909091e-01,4.37630273431e-02,-1.99206618365e-03,-9.63227975289e-04
6.54829545455e-01,2.84090909091e-01,4.33285550577e-02,-2.02154299318e-03,-9.17681575995e-04
6.74715909091e-01,2.84090909091e-01,4.28522082316e-02,-2.02977480381e-03,-8.89016783344e-04
6.94602272727e-01,2.84090909091e-01,4.23620598520e-02,-2.02974346124e-03,-8.66082741481e-04
7.14488636364e-01,2.84090909091e-01,4.18548692213e-02,-2.01651638583e-03,-8.53016453603e-04
7.34375000000e-01,2.84090909091e-01,4.13173836621e-02,-1.99572583911e-03,-8.42017138310e-04
7.54261363636e-01,2.84090909091e-01,4.07464657554e-02,-1.97075380557e-03,-8.34552919908e-04
7.74147727273e-01,2.84090909091e-01,4.01617341032e-02,-1.91727862240e-03,-7.99345919113e-04
7.94034090909e-01,2.84090909091e-01,3.95423067235e-02,-1.85348145622e-03,-7.61223843134e-04
8.13920454545e-01,2.84090909091e-01,3.89103158736e-02,-1.78168538836e-03,-7.19072219502e-04
8.33806818182e-01,2.84090909091e-01,3.82413314269e-02,-1.70328081700e-03,-6.82958145220e-04
8.53693181818e-01,2.84090909091e-01,3.75465601694e-02,-1.62250164301e-03,-6.51593544149e-04
8.73579545455e-01,2.84090909091e-01,3.68423115406e-02,-1.54170538305e-03,-6.24081893905e-04
8.93465909091e-01,2.84090909091e-01,3.61002777333e-02,-1.46062364611e-03,-5.98875866004e-04
9.13352272727e-01,2.84090909091e-01,3.53173565797e-02,-1.37745214617e-03,-5.74746498906e-04
9.33238636364e-01,2.84090909091e-01,3.45313006669e-02,-1.29739642456e-03,-5.50539747910e-04
9.53125000000e-01,2.84090909091e-01,3.37126081679e-02,-1.21918271831e-03,-5.27527338793e-04
9.73011363636e-01,2.84090909091e-01,3.28500296942e-02,-1.13984801426e-03,-5.04720155033e-04
9.92897727273e-01,2.84090909091e-01,3.19804788746e-02,-1.06419922218e-03,-4.81371104557e-04
1.01278409091e+00,2.84090909091e-01,3.10836866950e-02,-9.90788910334e-04,-4.57645056783e-04
1.03267045455e+00,2.84090909091e-01,3.01473135329e-02,-9.17152093273e-04,-4.32878517427e-04
1.05255681818e+00,2.84090909091e-01,2.91852331252e-02,-8.49495791681e-04,-4.08555281727e-04
1.07244318182e+00,2.84090909091e-01,2.81934821635e-02,-7.82963864891e-04,-3.81927816838e-04
1.09232954545e+00,2.84090909091e-01,2.71955584657e-02,-7.18746595756e-04,-3.53161977603e-04
1.11221590909e+00,2.84090909091e-01,2.61571319831e-02,-6.54747465567e-04,-3.20645671268e-04
1.13210227273e+00,2.84090909091e-01,2.50668588116e-02,-5.90641475992e-04,-2.87572845430e-04
1.15198863636e+00,2.84090909091e-01,2.39812875358e-02,-5.30635295196e-04,-2.56342407121e-04
1.17187500000e+00,2.84090909091e-01,2.28432088188e-02,-4.72885812280e-04,-2.24650444882e-04
1.19176136364e+00,2.84090909091e-01,2.17035893870e-02,-4.18095672646e-04,-1.94436640345e-04
1.21164772727e+00,2.84090909091e-01,2.05287339436e-02,-3.68652752293e-04,-1.66999344360e-04
1.23153409091e+00,2.84090909091e-01,1.92873894976e-02,-3.20519891842e-04,-1.39128935359e-04
1.25142045455e+00,2.84090909091e-01,1.80640212049e-02,-2.76378688039e-04,-1.14297328209e-04
1.27130681818e+00,2.84090909091e-01,1.67982580809e-02,-2.37932051078e-04,-9.12693243600e-05
1.29119318182e+00,2.84090909091e-01,1.54896431949e-02,-2.01538121608e-04,-6.97574172362e-05
1.31107954545e+00,2.84090909091e-01,1.41675306873e-02,-1.68493635297e-04,-5.08550019807e-05
1.33096590909e+00,2.84090909091e-01,1.28022770158e-02,-1.38222856901e-04,-3.58068762732e-05
1.35085227273e+00,2.84090909091e-01,1.13837889939e-02,-1.10020474409e-04,-2.28453273620e-05
1.37073863636e+00,2.84090909091e-01,9.97864826791e-03,-8.81865158765e-05,-1.65948092397e-05
1.39062500000e+00,2.84090909091e-01,8.53637678651e-03,-7.05491980889e-05,-1.19283549944e-05
1.41051136364e+00,2.84090909091e-01,7.02716683434e-03,-5.36378948960e-05,-6.96259893116e-06
1.43039772727e+00,2.84090909091e-01,5.52711471533e-03,-3.82664938290e-05,-3.65252339334e-06
1.45028409091e+00,2.84090909091e-01,3.97168041551e-03,-2.52961040824e-05,-2.73372493942e-06
1.47017045455e+00,2.84090909091e-01,2.42011828167e-03,-1.45017416272e-05,-3.35192879386e-06
1.49005681818e+00,2.84090909091e-01,8.23571967756e-04,-4.91175698428e-06,-9.61990090735e-07
6.34943181818e-01,3.06818181818e-01,4.71868756365e-02,-2.05743793277e-03,-8.52556085458e-04
6.54829545455e-01,3.06818181818e-01,4.67117750487e-02,-2.09456672477e-03,-8.36206801054e-04
6.74715909091e-01,3.06818181818e-01,4.61977136461e-02,-2.10654363734e-03,-8.24327499397e-04
6.94602272727e-01,3.06818181818e-01,4.56792149206e-02,-2.11016629040e-03,-8.13345811994e-04
7.14488636364e-01,3.06818181818e-01,4.51234590775e-02,-2.10539648014e-03,-8.19010729356e-04
7.34375000000e-01,3.06818181818e-01,4.45576462489e-02,-2.08838436229e-03,-8.20898913138e-04
7.54261363636e-01,3.06818181818e-01,4.39459461128e-02,-2.06995208702e-03,-8.32303032795e-04
7.74147727273e-01,3.06818181818e-01,4.33001540984e-02,-2.04002179999e-03,-8.29277781465e-04
7.94034090909e-01,3.06818181818e-01,4.26436061755e-02,-1.98261955462e-03,-8.01764160811e-04
8.13920454545e-01,3.06818181818e-01,4.19694964970e-02,-1.91688324143e-03,-7.70296512951e-04
8.33806818182e-01,3.06818181818e-01,4.12354860527e-02,-1.84288059702e-03,-7.44826031092e-04
8.53693181818e-01,3.06818181818e-01,4.04990694970e-02,-1.76059361868e-03,-7.18061718985e-04
8.73579545455e-01,3.06818181818e-01,3.97362144106e-02,-1.67424536472e-03,-6.95267034465e-04
8.93465909091e-01,3.06818181818e-01,3.89432633523e-02,-1.58761376986e-03,-6.72196873017e-04
9.13352272727e-01,3.06818181818e-01,3.81027673077e-02,-1.49831254632e-03,-6.49925422752e-04
9.33238636364e-01,3.06818181818e-01,3.72388301944e-02,-1.41039976583e-03,-6.26570983690e-04
9.53125000000e-01,3.06818181818e-01,3.63758413480e-02,-1.32808917193e-03,-6.03370639729e-04
9.73011363636e-01,3.06818181818e-01,3.54496413728e-02,-1.24303964064e-03,-5.80359389483e-04
9.92897727273e-01,3.06818181818e-01,3.44867237848e-02,-1.16112724493e-03,-5.57536235407e-04
1.01278409091e+00,3.06818181818e-01,3.35481930926e-02,-1.08433168743e-03,-5.32751897423e-04
1.03267045455e+00,3.06818181818e-01,3.25346671234e-02,-1.00423161049e-03,-5.05574478739e-04
1.05255681818e+00,3.06818181818e-01,3.14768733063e-02,-9.27935358058e-04,-4.76141090802e-04
1.07244318182e+00,3.06818181818e-01,3.04244591498e-02,-8.57090978387e-04,-4.47635680668e-04
1.09232954545e+00,3.06818181818e-01,2.93416693853e-02,-7.87772749495e-04,-4.17332746875e-04
1.11221590909e+00,3.06818181818e-01,2.82305996107e-02,-7.21108048171e-04,-3.84472961213e-04
1.13210227273e+00,3.06818181818e-01,2.70585309648e-02,-6.53501810566e-04,-3.50002034759e-04
1.15198863636e+00,3.06818181818e-01,2.58633474326e-02,-5.87311850284e-04,-3.13870812995e-04
1.17187500000e+00,3.06818181818e-01,2.46461064845e-02,-5.26431323739e-04,-2.79184814057e-04
1.19176136364e+00,3.06818181818e-01,2.34449164286e-02,-4.69205927949e-04,-2.46642314309e-04
1.21164772727e+00,3.06818181818e-01,2.21509322126e-02,-4.12995835284e-04,-2.11972961009e-04
1.23153409091e+00,3.06818181818e-01,2.08153476085e-02,-3.60587127226e-04,-1.79261267091e-04
1.25142045455e+00,3.06818181818e-01,1.95061592979e-02,-3.12956247405e-04,-1.50350926008e-04
1.27130681818e+00,3.06818181818e-01,1.81313727284e-02,-2.69557137305e-04,-1.22798168395e-04
1.29119318182e+00,3.06818181818e-01,1.67423294841e-02,-2.29399592711e-04,-9.75736454289e-05
1.31107954545e+00,3.06818181818e-01,1.52864372410e-02,-1.89800978862e-04,-7.14956219685e-05
1.33096590909e+00,3.06818181818e-01,1.38251162917e-02,-1.57406376966e-04,-5.34620826792e-05
1.35085227273e+00,3.06818181818e-01,1.22987250503e-02,-1.26151041967e-04,-3.67723926619e-05
1.37073863636e+00,3.06818181818e-01,1.07497860133e-02,-9.82456943593e-05,-2.44285458922e-05
1.39062500000e+00,3.06818181818e-01,9.22734662836e-03,-7.84095884227e-05,-1.71063103705e-05
1.41051136364e+00,3.06818181818e-01,7.60321605746e-03,-5.86559749142e-05,-8.64067737677e-06
1.43039772727e+00,3.06818181818e-01,5.93729753974e-03,-4.30704161100e-05,-4.13638778911e-06
1.45028409091e+00,3.06818181818e-01,4.28428981709e-03,-2.83983821335e-05,-2.14248943464e-06
1.47017045455e+00,3.06818181818e-01,2.62250876805e-03,-1.54358589299e-05,-1.48809470725e-06
1.49005681818e+00,3.06818181818e-01,8.86818994750e-04,-5.20366864137e-06,-3.79541938669e-07
6.34943181818e-01,3.29545454545e-01,5.04658480144e-02,-2.09429113082e-03,-7.28707925976e-04
6.54829545455e-01,3.29545454545e-01,4.99760008042e-02,-2.13486461912e-03,-7.26493210303e-04
6.74715909091e-01,3.29545454545e-01,4.94522208718e-02,-2.14833182628e-03,-7.20804677985e-04
6.94602272727e-01,3.29545454545e-01,4.88908521652e-02,-2.15778721837e-03,-7.34499113505e-04
7.14488636364e-01,3.29545454545e-01,4.82995591940e-02,-2.15457212476e-03,-7.49966382943e-04
7.34375000000e-01,3.29545454545e-01,4.76536084211e-02,-2.14989785470e-03,-7.80501816261e-04
7.54261363636e-01,3.29545454545e-01,4.70380770914e-02,-2.13218609607e-03,-7.93194410023e-04
7.74147727273e-01,3.29545454545e-01,4.63633568287e-02,-2.11173326688e-03,-8.08482491693e-04
7.94034090909e-01,3.29545454545e-01,4.56687000534e-02,-2.06782774744e-03,-8.03244608743e-04
8.13920454545e-01,3.29545454545e-01,4.49226184703e-02,-2.02319579417e-03,-8.07617820943e-04
8.33806818182e-01,3.29545454545e-01,4.41648756596e-02,-1.95175470670e-03,-7.88540959225e-04
8.53693181818e-01,3.29545454545e-01,4.33398133120e-02,-1.87978329272e-03,-7.82724644127e-04
8.73579545455e-01,3.29545454545e-01,4.25356800179e-02,-1.79576010542e-03,-7.67446388587e-04
8.93465909091e-01,3.29545454545e-01,4.16986459961e-02,-1.70485340182e-03,-7.46680475387e-04
9.13352272727e-01,3.29545454545e-01,4.08097743082e-02,-1.61164084284e-03,-7.27187502732e-04
9.33238636364e-01,3.29545454545e-01,3.98885920013e-02,-1.51900122468e-03,-7.04847469274e-04
9.53125000000e-01,3.29545454545e-01,3.88990300517e-02,-1.42663185281e-03,-6.82639106931e-04
9.73011363636e-01,3.29545454545e-01,3.79668115725e-02,-1.34117046858e-03,-6.59681166188e-04
9.92897727273e-01,3.29545454545e-01,3.69594732477e-02,-1.25639948424e-03,-6.36268259390e-04
1.01278409091e+00,3.29545454545e-01,3.59344816719e-02,-1.17342220036e-03,-6.10336242183e-04
1.03267045455e+00,3.29545454545e-01,3.48338213862e-02,-1.09075981749e-03,-5.84033978765e-04
1.05255681818e+00,3.29545454545e-01,3.36988987977e-02,-1.00926241601e-03,-5.51658050813e-04
1.07244318182e+00,3.29545454545e-01,3.26170343615e-02,-9.35759589932e-04,-5.21580286145e-04
1.09232954545e+00,3.29545454545e-01,3.14302460851e-02,-8.59173814869e-04,-4.86714961184e-04
1.11221590909e+00,3.29545454545e-01,3.01795132453e-02,-7.87002218023e-04,-4.52063506762e-04
1.13210227273e+00,3.29545454545e-01,2.89672507371e-02,-7.17992132049e-04,-4.16676083102e-04
1.15198863636e+00,3.29545454545e-01,2.77073640857e-02,-6.49361108702e-04,-3.78884781905e-04
1.17187500000e+00,3.29545454545e-01,2.64564393319e-02,-5.86544626018e-04,-3.42535312118e-04
1.19176136364e+00,3.29545454545e-01,2.51002994414e-02,-5.20767768997e-04,-3.01135464059e-04
1.21164772727e+00,3.29545454545e-01,2.37359550982e-02,-4.61685084598e-04,-2.62855074085e-04
1.23153409091e+00,3.29545454545e-01,2.23566587975e-02,-4.07596347956e-04,-2.27961434044e-04
1.25142045455e+00,3.29545454545e-01,2.08807586482e-02,-3.51818632182e-04,-1.89558618333e-04
1.27130681818e+00,3.29545454545e-01,1.93721674205e-02,-3.02483500442e-04,-1.55381304575e-04
1.29119318182e+00,3.29545454545e-01,1.78731792372e-02,-2.57792008827e-04,-1.25136510184e-04
1.31107954545e+00,3.29545454545e-01,1.63681570345e-02,-2.16395328981e-04,-9.70496353120e-05
1.33096590909e+00,3.29545454545e-01,1.48335552273e-02,-1.81481846758e-04,-7.57531581587e-05
1.35085227273e+00,3.29545454545e-01,1.31625745273e-02,-1.44166654679e-04,-5.11172742012e-05
1.37073863636e+00,3.29545454545e-01,1.15286028576e-02,-1.13925304075e-04,-3.53116053366e-05
1.39062500000e+00,3.29545454545e-01,9.91622535577e-03,-9.10423617558e-05,-2.47719579093e-05
1.41051136364e+00,3.29545454545e-01,8.13774312096e-03,-6.60254894889e-05,-1.18886712715e-05
1.43039772727e+00,3.29545454545e-01,6.36991041491e-03,-4.74969298523e-05,-3.82252547027e-06
1.45028409091e+00,3.29545454545e-01,4.66951229263e-03,-3.27637079510e-05,-1.48742310157e-06
1.47017045455e+00,3.29545454545e-01,2.79350731167e-03,-1.80939699173e-05,4.51563734923e-07
1.49005681818e+00,3.29545454545e-01,8.86818994750e-04,-5.20366864137e-06,-3.79541938669e-07
6.34943181818e-01,3.52272727273e-01,5.36622684801e-02,-2.09729263902e-03,-5.57145718652e-04
6.54829545455e-01,3.52272727273e-01,5.31321750059e-02,-2.14104967799e-03,-5.87475155127e-04
6.74715909091e-01,3.52272727273e-01,5.25522264347e-02,-2.16646975185e-03,-6.23887736593e-04
6.94602272727e-01,3.52272727273e-01,5.19731903156e-02,-2.17642745383e-03,-6.42227444410e-04
7.14488636364e-01,3.52272727273e-01,5.13543565903e-02,-2.17524916421e-03,-6.67481540097e-04
7.34375000000e-01,3.52272727273e-01,5.06771010866e-02,-2.17119767557e-03,-7.07530507501e-04
7.54261363636e-01,3.52272727273e-01,5.00108600008e-02,-2.16475285102e-03,-7.40956413590e-04
7.74147727273e-01,3.52272727273e-01,4.93033552088e-02,-2.15421913534e-03,-7.75982465663e-04
7.94034090909e-01,3.52272727273e-01,4.85246122551e-02,-2.13844731015e-03,-8.19268527736e-04
8.13920454545e-01,3.52272727273e-01,4.77649107228e-02,-2.09765399056e-03,-8.29979292299e-04
8.33806818182e-01,3.52272727273e-01,4.69422707843e-02,-2.03978401059e-03,-8.34749910845e-04
8.53693181818e-01,3.52272727273e-01,4.60888231918e-02,-1.97433121154e-03,-8.37011050628e-04
8.73579545455e-01,3.52272727273e-01,4.52391595666e-02,-1.89721866856e-03,-8.32946765897e-04
8.93465909091e-01,3.52272727273e-01,4.43131386081e-02,-1.80742044009e-03,-8.25610717757e-04
9.13352272727e-01,3.52272727273e-01,4.33957922913e-02,-1.71191763193e-03,-8.06644880184e-04
9.33238636364e-01,3.52272727273e-01,4.24301399307e-02,-1.61586106758e-03,-7.85180261123e-04
9.53125000000e-01,3.52272727273e-01,4.14245825561e-02,-1.52236499871e-03,-7.63320178095e-04
9.73011363636e-01,3.52272727273e-01,4.03614742594e-02,-1.42989993354e-03,-7.40292300968e-04
9.92897727273e-01,3.52272727273e-01,3.92918738442e-02,-1.34206329527e-03,-7.16372888309e-04
1.01278409091e+00,3.52272727273e-01,3.81692291883e-02,-1.25629926259e-03,-6.90382314256e-04
1.03267045455e+00,3.52272727273e-01,3.70618920185e-02,-1.17346275687e-03,-6.64175272413e-04
1.05255681818e+00,3.52272727273e-01,3.59059343105e-02,-1.09054686020e-03,-6.30996833548e-04
1.07244318182e+00,3.52272727273e-01,3.46426914805e-02,-1.00804920109e-03,-5.95531735415e-04
1.09232954545e+00,3.52272727273e-01,3.34338523257e-02,-9.29860778211e-04,-5.59536451301e-04
1.11221590909e+00,3.52272727273e-01,3.21754268386e-02,-8.57412159892e-04,-5.24791445016e-04
1.13210227273e+00,3.52272727273e-01,3.08506037064e-02,-7.83662270286e-04,-4.86474140017e-04
1.15198863636e+00,3.52272727273e-01,2.95117995277e-02,-7.12894578124e-04,-4.47371115721e-04
1.17187500000e+00,3.52272727273e-01,2.80829461678e-02,-6.42270866576e-04,-4.03037939279e-04
1.19176136364e+00,3.52272727273e-01,2.66759350101e-02,-5.73920055690e-04,-3.58273494689e-04
1.21164772727e+00,3.52272727273e-01,2.52257500424e-02,-5.10919394558e-04,-3.14882951286e-04
1.23153409091e+00,3.52272727273e-01,2.37645557014e-02,-4.52534062219e-04,-2.74905575489e-04
1.25142045455e+00,3.52272727273e-01,2.22193411337e-02,-3.93752963980e-04,-2.32617278939e-04
1.27130681818e+00,3.52272727273e-01,2.06378903053e-02,-3.41010998933e-04,-1.94549577643e-04
1.29119318182e+00,3.52272727273e-01,1.90172288030e-02,-2.90534302804e-04,-1.57437272650e-04
1.31107954545e+00,3.52272727273e-01,1.74237726729e-02,-2.45901104166e-04,-1.25734465235e-04
1.33096590909e+00,3.52272727273e-01,1.57773972405e-02,-2.05378146168e-04,-9.75825931889e-05
1.35085227273e+00,3.52272727273e-01,1.39991569071e-02,-1.63956475083e-04,-6.69630368575e-05
1.37073863636e+00,3.52272727273e-01,1.22812705914e-02,-1.31355532973e-04,-4.74863253224e-05
1.39062500000e+00,3.52272727273e-01,1.05277545293e-02,-1.03778639941e-04,-3.27272204211e-05
1.41051136364e+00,3.52272727273e-01,8.68747193120e-03,-7.71874932478e-05,-1.75500486918e-05
1.43039772727e+00,3.52272727273e-01,6.85235989203e-03,-5.67774083691e-05,-7.34791759609e-06
1.45028409091e+00,3.52272727273e-01,4.87052586122e-03,-3.61020301687e-05,6.93997145921e-07
1.47017045455e+00,3.52272727273e-01,2.98281314212e-03,-2.13940020100e-05,2.71465440377e-06
1.49005681818e+00,3.52272727273e-01,1.03983837226e-03,-7.82652873595e-06,1.44986067083e-06
6.34943181818e-01,3.75000000000e-01,5.67139561038e-02,-2.07046257419e-03,-3.83517781082e-04
6.54829545455e-01,3.75000000000e-01,5.61591984117e-02,-2.10878918836e-03,-4.26630688738e-04
6.74715909091e-01,3.75000000000e-01,5.55581521366e-02,-2.14225886478e-03,-4.83130839518e-04
6.94602272727e-01,3.75000000000e-01,5.49355348291e-02,-2.16512354593e-03,-5.35866678752e-04
7.14488636364e-01,3.75000000000e-01,5.42804988519e-02,-2.16957173464e-03,-5.79973138925e-04
7.34375000000e-01,3.75000000000e-01,5.35853838571e-02,-2.16476048545e-03,-6.23665423108e-04
7.54261363636e-01,3.75000000000e-01,5.28682830479e-02,-2.15796915466e-03,-6.69380538323e-04
7.74147727273e-01,3.75000000000e-01,5.21106466036e-02,-2.15317696265e-03,-7.22926876648e-04
7.94034090909e-01,3.75000000000e-01,5.13194709225e-02,-2.14346366956e-03,-7.75253657828e-04
8.13920454545e-01,3.75000000000e-01,5.05058942384e-02,-2.12892398910e-03,-8.25140871856e-04
8.33806818182e-01,3.75000000000e-01,4.96433323367e-02,-2.08718255811e-03,-8.52121625621e-04
8.53693181818e-01,3.75000000000e-01,4.87541034543e-02,-2.03536062189e-03,-8.73003557499e-04
8.73579545455e-01,3.75000000000e-01,4.78382075910e-02,-1.97345818043e-03,-8.87786667490e-04
8.93465909091e-01,3.75000000000e-01,4.68722489127e-02,-1.89021403416e-03,-8.92409644615e-04
9.13352272727e-01,3.75000000000e-01,4.58829776101e-02,-1.79986322871e-03,-8.87669279005e-04
9.33238636364e-01,3.75000000000e-01,4.48586753581e-02,-1.69967544201e-03,-8.67481684100e-04
9.53125000000e-01,3.75000000000e-01,4.37911037113e-02,-1.60351558232e-03,-8.44826801362e-04
9.73011363636e-01,3.75000000000e-01,4.26998071089e-02,-1.50983970314e-03,-8.21437651640e-04
9.92897727273e-01,3.75000000000e-01,4.15647883979e-02,-1.42124382545e-03,-7.97823477474e-04
1.01278409091e+00,3.75000000000e-01,4.03936275916e-02,-1.33452486237e-03,-7.71513872678e-04
1.03267045455e+00,3.75000000000e-01,3.91983311131e-02,-1.24909472329e-03,-7.43508502442e-04
1.05255681818e+00,3.75000000000e-01,3.79502971390e-02,-1.16686380190e-03,-7.12925180492e-04
1.07244318182e+00,3.75000000000e-01,3.66735802426e-02,-1.08404189290e-03,-6.77313709586e-04
1.09232954545e+00,3.75000000000e-01,3.53681804241e-02,-1.00062899630e-03,-6.36674089725e-04
1.11221590909e+00,3.75000000000e-01,3.40089830172e-02,-9.22939545485e-04,-5.97073530275e-04
1.13210227273e+00,3.75000000000e-01,3.26247529525e-02,-8.47780882200e-04,-5.57664556309e-04
1.15198863636e+00,3.75000000000e-01,3.12029130005e-02,-7.76385159350e-04,-5.18456566311e-04
1.17187500000e+00,3.75000000000e-01,2.97346600799e-02,-7.04341166377e-04,-4.72390078944e-04
1.19176136364e+00,3.75000000000e-01,2.82409698887e-02,-6.32865736352e-04,-4.23812350315e-04
1.21164772727e+00,3.75000000000e-01,2.67004226742e-02,-5.64123307264e-04,-3.72885234435e-04
1.23153409091e+00,3.75000000000e-01,2.51211756115e-02,-4.99985991211e-04,-3.25227284612e-04
1.25142045455e+00,3.75000000000e-01,2.35160885090e-02,-4.38761045824e-04,-2.79629653078e-04
1.27130681818e+00,3.75000000000e-01,2.18545797950e-02,-3.82137769424e-04,-2.37205515569e-04
1.29119318182e+00,3.75000000000e-01,2.01624099942e-02,-3.28164399522e-04,-1.96132009332e-04
1.31107954545e+00,3.75000000000e-01,1.84395791066e-02,-2.76840936118e-04,-1.56409134365e-04
1.33096590909e+00,3.75000000000e-01,1.66592871519e-02,-2.32257763982e-04,-1.22064106982e-04
1.35085227273e+00,3.75000000000e-01,1.48522755566e-02,-1.90009399493e-04,-9.01475598739e-05
1.37073863636e+00,3.75000000000e-01,1.30051247558e-02,-1.51030417668e-04,-6.18576522080e-05
1.39062500000e+00,3.75000000000e-01,1.11084777619e-02,-1.19095499536e-04,-4.08592768139e-05
1.41051136364e+00,3.75000000000e-01,9.18471384222e-03,-9.04528831494e-05,-2.32990053141e-05
1.43039772727e+00,3.75000000000e-01,7.21101738813e-03,-6.68379761360e-05,-1.10535824875e-05
1.45028409091e+00,3.75000000000e-01,5.19611057047e-03,-4.47976375287e-05,-1.90812367618e-06
1.47017045455e+00,3.75000000000e-01,3.15369061045e-03,-2.40009822573e-05,4.75831391467e-06
1.49005681818e+00,3.75000000000e-01,1.05123020348e-03,-8.00032741910e-06,1.58610463822e-06
6.34943181818e-01,3.97727272727e-01,5.95270495312e-02,-1.99322466366e-03,-1.88900742534e-04
6.54829545455e-01,3.97727272727e-01,5.89498037280e-02,-2.03745772049e-03,-2.55971486526e-04
6.74715909091e-01,3.97727272727e-01,5.83294939988e-02,-2.06784831192e-03,-3.20738479022e-04
6.94602272727e-01,3.97727272727e-01,5.76670661418e-02,-2.09412707220e-03,-3.98072641045e-04
7.14488636364e-01,3.97727272727e-01,5.69789350112e-02,-2.11479564684e-03,-4.72912059073e-04
7.34375000000e-01,3.97727272727e-01,5.62674758578e-02,-2.11241163548e-03,-5.24424364326e-04
7.54261363636e-01,3.97727272727e-01,5.55038205787e-02,-2.11024509149e-03,-5.89698282965e-04
7.74147727273e-01,3.97727272727e-01,5.47002624102e-02,-2.10235397487e-03,-6.53448568591e-04
7.94034090909e-01,3.97727272727e-01,5.38976883555e-02,-2.09424192895e-03,-7.10285316853e-04
8.13920454545e-01,3.97727272727e-01,5.30347187193e-02,-2.08664098619e-03,-7.79715721567e-04
8.33806818182e-01,3.97727272727e-01,5.21355279530e-02,-2.06384024502e-03,-8.33168508402e-04
8.53693181818e-01,3.97727272727e-01,5.12134662691e-02,-2.02837447196e-03,-8.76812786934e-04
8.73579545455e-01,3.97727272727e-01,5.02367588215e-02,-1.98921524789e-03,-9.22017723317e-04
8.93465909091e-01,3.97727272727e-01,4.92341102172e-02,-1.92035523274e-03,-9.42189202254e-04
9.13352272727e-01,3.97727272727e-01,4.81787433909e-02,-1.85146834595e-03,-9.59961254816e-04
9.33238636364e-01,3.97727272727e-01,4.71005246410e-02,-1.76240969620e-03,-9.51467382543e-04
9.53125000000e-01,3.97727272727e-01,4.59759123202e-02,-1.66605974893e-03,-9.27426907115e-04
9.73011363636e-01,3.97727272727e-01,4.48586881388e-02,-1.57229746629e-03,-9.03407942534e-04
9.92897727273e-01,3.97727272727e-01,4.36634670139e-02,-1.48313500651e-03,-8.77778328783e-04
1.01278409091e+00,3.97727272727e-01,4.24130672818e-02,-1.39692276884e-03,-8.50436751436e-04
1.03267045455e+00,3.97727272727e-01,4.11713661307e-02,-1.31195904348e-03,-8.22229395835e-04
1.05255681818e+00,3.97727272727e-01,3.98385190551e-02,-1.22793594209e-03,-7.90079905155e-04
1.07244318182e+00,3.97727272727e-01,3.85493882905e-02,-1.14507680490e-03,-7.54438428951e-04
1.09232954545e+00,3.97727272727e-01,3.71550074179e-02,-1.06293489365e-03,-7.14944903642e-04
1.11221590909e+00,3.97727272727e-01,3.57029140705e-02,-9.83553779640e-04,-6.71960934795e-04
1.13210227273e+00,3.97727272727e-01,3.42987132017e-02,-9.07983782232e-04,-6.31752282376e-04
1.15198863636e+00,3.97727272727e-01,3.27863735481e-02,-8.34466557022e-04,-5.88490333066e-04
1.17187500000e+00,3.97727272727e-01,3.12172712245e-02,-7.63716992242e-04,-5.41852581306e-04
1.19176136364e+00,3.97727272727e-01,2.96872333713e-02,-6.93052473882e-04,-4.93440427533e-04
1.21164772727e+00,3.97727272727e-01,2.80632953241e-02,-6.20561208116e-04,-4.36141595937e-04
1.23153409091e+00,3.97727272727e-01,2.63750804940e-02,-5.49930438562e-04,-3.79941915717e-04
1.25142045455e+00,3.97727272727e-01,2.47147222911e-02,-4.84980375642e-04,-3.29953342865e-04
1.27130681818e+00,3.97727272727e-01,2.29792858578e-02,-4.24803231993e-04,-2.83210581125e-04
1.29119318182e+00,3.97727272727e-01,2.12210807779e-02,-3.67680860440e-04,-2.38331311235e-04
1.31107954545e+00,3.97727272727e-01,1.93787467037e-02,-3.10969039523e-04,-1.92352764538e-04
1.33096590909e+00,3.97727272727e-01,1.74747242099e-02,-2.59835751777e-04,-1.49084200934e-04
1.35085227273e+00,3.97727272727e-01,1.56411292460e-02,-2.16164641227e-04,-1.15211491704e-04
1.37073863636e+00,3.97727272727e-01,1.36745119143e-02,-1.74034986984e-04,-8.16796623778e-05
1.39062500000e+00,3.97727272727e-01,1.16455562231e-02,-1.36065107594e-04,-5.32641056260e-05
1.41051136364e+00,3.97727272727e-01,9.67418344079e-03,-1.05009817113e-04,-3.28822399768e-05
1.43039772727e+00,3.97727272727e-01,7.59205733322e-03,-7.72809236646e-05,-1.67333381576e-05
1.45028409091e+00,3.97727272727e-01,5.49727589000e-03,-5.28877446384e-05,-5.67038878789e-06
1.47017045455e+00,3.97727272727e-01,3.31176764359e-03,-2.96238934211e-05,1.81286694428e-06
1.49005681818e+00,3.97727272727e-01,1.06176867236e-03,-8.37518816335e-06,1.38974150686e-06
6.34943181818e-01,4.20454545455e-01,6.21828240824e-02,-1.88897550600e-03,2.58872883033e-05
6.54829545455e-01,4.20454545455e-01,6.15730693395e-02,-1.93198088229e-03,-6.61845064201e-05
6.74715909091e-01,4.20454545455e-01,6.09069915610e-02,-1.96908850672e-03,-1.66081993033e-04
6.94602272727e-01,4.20454545455e-01,6.02445637040e-02,-1.99536726700e-03,-2.43416155057e-04
7.14488636364e-01,4.20454545455e-01,5.95286041214e-02,-2.01931024881e-03,-3.34475977209e-04
7.34375000000e-01,4.20454545455e-01,5.87512281176e-02,-2.04018682423e-03,-4.34684074637e-04
7.54261363636e-01,4.20454545455e-01,5.79875728385e-02,-2.03802028024e-03,-4.99957993276e-04
7.74147727273e-01,4.20454545455e-01,5.71646769334e-02,-2.03263694047e-03,-5.71998203489e-04
7.94034090909e-01,4.20454545455e-01,5.62752087184e-02,-2.02940153593e-03,-6.57326458850e-04
8.13920454545e-01,4.20454545455e-01,5.54011171318e-02,-2.02463720289e-03,-7.32074900813e-04
8.33806818182e-01,4.20454545455e-01,5.44487382236e-02,-2.01882797934e-03,-8.13582702598e-04
8.53693181818e-01,4.20454545455e-01,5.35006144321e-02,-1.99310929945e-03,-8.70264906726e-04
8.73579545455e-01,4.20454545455e-01,5.24888309260e-02,-1.97184911288e-03,-9.38662521266e-04
8.93465909091e-01,4.20454545455e-01,5.14504105471e-02,-1.91748406750e-03,-9.74604185992e-04
9.13352272727e-01,4.20454545455e-01,5.03356820014e-02,-1.87399037975e-03,-1.01810503852e-03
9.33238636364e-01,4.20454545455e-01,4.92207387983e-02,-1.79923577802e-03,-1.02297270756e-03
9.53125000000e-01,4.20454545455e-01,4.80348013656e-02,-1.71815915905e-03,-1.01003246966e-03
9.73011363636e-01,4.20454545455e-01,4.68552753440e-02,-1.62477207786e-03,-9.84388510200e-04
9.92897727273e-01,4.20454545455e-01,4.56091722670e-02,-1.53693304762e-03,-9.57463610448e-04
1.01278409091e+00,4.20454545455e-01,4.43120830801e-02,-1.45016640848e-03,-9.29258239666e-04
1.03267045455e+00,4.20454545455e-01,4.30306114169e-02,-1.36565059144e-03,-9.00877664585e-04
1.05255681818e+00,4.20454545455e-01,4.16813984051e-02,-1.28185826829e-03,-8.68403437800e-04
1.07244318182e+00,4.20454545455e-01,4.02395146197e-02,-1.20028468901e-03,-8.31958699124e-04
1.09232954545e+00,4.20454545455e-01,3.88279554784e-02,-1.11855868253e-03,-7.92522811057e-04
1.11221590909e+00,4.20454545455e-01,3.73698620793e-02,-1.03918718584e-03,-7.49321215328e-04
1.13210227273e+00,4.20454545455e-01,3.58369115596e-02,-9.62065113634e-04,-7.03995348950e-04
1.15198863636e+00,4.20454545455e-01,3.42736699965e-02,-8.88134726709e-04,-6.58228908767e-04
1.17187500000e+00,4.20454545455e-01,3.26857360755e-02,-8.17278032261e-04,-6.10651450786e-04
1.19176136364e+00,4.20454545455e-01,3.10032396208e-02,-7.46663127012e-04,-5.57688841651e-04
1.21164772727e+00,4.20454545455e-01,2.93086712933e-02,-6.74530166285e-04,-4.98063642034e-04
1.23153409091e+00,4.20454545455e-01,2.75563067820e-02,-5.99834095646e-04,-4.36674207658e-04
1.25142045455e+00,4.20454545455e-01,2.58258138013e-02,-5.30465969010e-04,-3.81370378400e-04
1.27130681818e+00,4.20454545455e-01,2.39825478733e-02,-4.64907670527e-04,-3.27772427585e-04
1.29119318182e+00,4.20454545455e-01,2.21731271420e-02,-4.05476002897e-04,-2.80212155524e-04
1.31107954545e+00,4.20454545455e-01,2.02613971051e-02,-3.45542922077e-04,-2.29561715986e-04
1.33096590909e+00,4.20454545455e-01,1.83416570690e-02,-2.93704597696e-04,-1.85300915868e-04
1.35085227273e+00,4.20454545455e-01,1.62953534639e-02,-2.40430453395e-04,-1.38285519859e-04
1.37073863636e+00,4.20454545455e-01,1.42780150790e-02,-1.95636765009e-04,-1.01394462762e-04
1.39062500000e+00,4.20454545455e-01,1.22490593878e-02,-1.57666885619e-04,-7.29789060106e-05
1.41051136364e+00,4.20454545455e-01,1.01048961260e-02,-1.19941759728e-04,-4.47508733669e-05
1.43039772727e+00,4.20454545455e-01,7.94862568671e-03,-8.90401535110e-05,-2.54737273650e-05
1.45028409091e+00,4.20454545455e-01,5.74809479656e-03,-6.16305648467e-05,-1.20607551417e-05
1.47017045455e+00,4.20454545455e-01,3.46081722342e-03,-3.34811892479e-05,-8.58066263808e-07
1.49005681818e+00,4.20454545455e-01,1.12499948562e-03,-1.06243526289e-05,2.11562718708e-07
6.34943181818e-01,4.43181818182e-01,6.46383690222e-02,-1.76111283914e-03,2.34225613924e-04
6.54829545455e-01,4.43181818182e-01,6.40117457078e-02,-1.80202830712e-03,1.29317665411e-04
6.74715909091e-01,4.43181818182e-01,6.33363914879e-02,-1.84203459685e-03,2.00813974304e-05
6.94602272727e-01,4.43181818182e-01,6.26206859258e-02,-1.87597608466e-03,-9.65212346395e-05
7.14488636364e-01,4.43181818182e-01,6.18859238421e-02,-1.89876973203e-03,-1.95419745137e-04
7.34375000000e-01,4.43181818182e-01,6.11056258689e-02,-1.92128798061e-03,-2.98384903891e-04
7.54261363636e-01,4.43181818182e-01,6.02902205706e-02,-1.93948125323e-03,-4.03410976635e-04
7.74147727273e-01,4.43181818182e-01,5.94388751321e-02,-1.93904099366e-03,-4.88960196859e-04
7.94034090909e-01,4.43181818182e-01,5.85384384383e-02,-1.94305819285e-03,-5.85026678720e-04
8.13920454545e-01,4.43181818182e-01,5.76116836724e-02,-1.94154335284e-03,-6.76023073043e-04
8.33806818182e-01,4.43181818182e-01,5.66410610015e-02,-1.93932796939e-03,-7.64946613667e-04
8.53693181818e-01,4.43181818182e-01,5.56138576843e-02,-1.93933123229e-03,-8.60490377933e-04
8.73579545455e-01,4.43181818182e-01,5.45825874792e-02,-1.92801495543e-03,-9.41772813670e-04
8.93465909091e-01,4.43181818182e-01,5.34799216061e-02,-1.89926540692e-03,-1.00736165453e-03
9.13352272727e-01,4.43181818182e-01,5.23651930605e-02,-1.85577171917e-03,-1.05086250705e-03
9.33238636364e-01,4.43181818182e-01,5.12067746686e-02,-1.80275406940e-03,-1.07522635519e-03
9.53125000000e-01,4.43181818182e-01,4.99751762254e-02,-1.74343616568e-03,-1.07960521316e-03
9.73011363636e-01,4.43181818182e-01,4.87443675300e-02,-1.66351100453e-03,-1.06266339820e-03
9.92897727273e-01,4.43181818182e-01,4.74638013410e-02,-1.57714992623e-03,-1.03499287778e-03
1.01278409091e+00,4.43181818182e-01,4.61249029368e-02,-1.49742286175e-03,-1.00939161417e-03
1.03267045455e+00,4.43181818182e-01,4.47528270345e-02,-1.41249624869e-03,-9.79776861943e-04
1.05255681818e+00,4.43181818182e-01,4.33292998712e-02,-1.32923028332e-03,-9.45549430090e-04
1.07244318182e+00,4.43181818182e-01,4.18874160858e-02,-1.24765670403e-03,-9.09104691414e-04
1.09232954545e+00,4.43181818182e-01,4.03978456963e-02,-1.16726390294e-03,-8.69116925845e-04
1.11221590909e+00,4.43181818182e-01,3.88360155703e-02,-1.08854818959e-03,-8.22752166682e-04
1.13210227273e+00,4.43181818182e-01,3.72716790549e-02,-1.01124756794e-03,-7.75860123270e-04
1.15198863636e+00,4.43181818182e-01,3.56590013412e-02,-9.36897009060e-04,-7.27408529736e-04
1.17187500000e+00,4.43181818182e-01,3.39594716691e-02,-8.65137832792e-04,-6.74580485915e-04
1.19176136364e+00,4.43181818182e-01,3.22704176831e-02,-7.94473646954e-04,-6.21341963214e-04
1.21164772727e+00,4.43181818182e-01,3.05279620297e-02,-7.23721401268e-04,-5.61128136226e-04
1.23153409091e+00,4.43181818182e-01,2.86924171982e-02,-6.50074055361e-04,-4.97983717290e-04
1.25142045455e+00,4.43181818182e-01,2.68763913092e-02,-5.75285527278e-04,-4.35760215823e-04
1.27130681818e+00,4.43181818182e-01,2.49960373036e-02,-5.07834570940e-04,-3.79686735347e-04
1.29119318182e+00,4.43181818182e-01,2.30276353335e-02,-4.41570844978e-04,-3.20895685488e-04
1.31107954545e+00,4.43181818182e-01,2.10773519839e-02,-3.79848175324e-04,-2.67649749928e-04
1.33096590909e+00,4.43181818182e-01,1.90334185828e-02,-3.22513346498e-04,-2.15605335546e-04
1.35085227273e+00,4.43181818182e-01,1.69871149777e-02,-2.69239202197e-04,-1.68589939537e-04
1.37073863636e+00,4.43181818182e-01,1.48877271895e-02,-2.19737667049e-04,-1.25984796765e-04
1.39062500000e+00,4.43181818182e-01,1.26870319115e-02,-1.74255896078e-04,-8.87880198794e-05
1.41051136364e+00,4.43181818182e-01,1.04840196761e-02,-1.34034843794e-04,-5.79656540703e-05
1.43039772727e+00,4.43181818182e-01,8.23968634340e-03,-9.91085367707e-05,-3.46350649032e-05
1.45028409091e+00,4.43181818182e-01,5.92372079500e-03,-6.65289209728e-05,-1.68131866999e-05
1.47017045455e+00,4.43181818182e-01,3.60877304940e-03,-3.69674924383e-05,-4.54442635894e-06
1.49005681818e+00,4.43181818182e-01,1.22527821905e-03,-1.32172495074e-05,-2.64548936535e-06
6.34943181818e-01,4.65909090909e-01,6.68605716703e-02,-1.61748084094e-03,4.46251990867e-04
6.54829545455e-01,4.65909090909e-01,6.62128693329e-02,-1.65991838833e-03,3.18093433684e-04
6.74715909091e-01,4.65909090909e-01,6.55142132815e-02,-1.69145414742e-03,1.98778603296e-04
6.94602272727e-01,4.65909090909e-01,6.47855926143e-02,-1.72236614162e-03,7.55125049584e-05
7.14488636364e-01,4.65909090909e-01,6.40183034420e-02,-1.75665025518e-03,-5.25382270528e-05
7.34375000000e-01,4.65909090909e-01,6.32129004554e-02,-1.78146011771e-03,-1.68659008775e-04
7.54261363636e-01,4.65909090909e-01,6.23770339762e-02,-1.80261054843e-03,-2.84982221479e-04
7.74147727273e-01,4.65909090909e-01,6.14872988619e-02,-1.82755440190e-03,-4.08115234450e-04
7.94034090909e-01,4.65909090909e-01,6.05634292869e-02,-1.83879163207e-03,-5.16535587628e-04
8.13920454545e-01,4.65909090909e-01,5.96100721135e-02,-1.84422849499e-03,-6.19963957984e-04
8.33806818182e-01,4.65909090909e-01,5.85982083239e-02,-1.85020454296e-03,-7.22023293544e-04
8.53693181818e-01,4.65909090909e-01,5.75513123474e-02,-1.85528462564e-03,-8.25397639873e-04
8.73579545455e-01,4.65909090909e-01,5.64759484037e-02,-1.85777646977e-03,-9.27476802950e-04
8.93465909091e-01,4.65909090909e-01,5.53407554658e-02,-1.84428867861e-03,-1.01310242293e-03
9.13352272727e-01,4.65909090909e-01,5.41892102758e-02,-1.81702442671e-03,-1.07574531541e-03
9.33238636364e-01,4.65909090909e-01,5.29808813481e-02,-1.78289655748e-03,-1.11552663669e-03
9.53125000000e-01,4.65909090909e-01,5.17208118732e-02,-1.74005390082e-03,-1.13192223167e-03
9.73011363636e-01,4.65909090909e-01,5.04490993884e-02,-1.68280717388e-03,-1.13121468048e-03
9.92897727273e-01,4.65909090909e-01,4.91083587187e-02,-1.61738972705e-03,-1.11452258680e-03
1.01278409091e+00,4.65909090909e-01,4.77334385788e-02,-1.53978529298e-03,-1.09007876244e-03
1.03267045455e+00,4.65909090909e-01,4.63205752442e-02,-1.45566438143e-03,-1.06094392354e-03
1.05255681818e+00,4.65909090909e-01,4.48445937787e-02,-1.37122570935e-03,-1.02465396961e-03
1.07244318182e+00,4.65909090909e-01,4.33538266902e-02,-1.28879945024e-03,-9.85999697485e-04
1.09232954545e+00,4.65909090909e-01,4.18091673363e-02,-1.20770346022e-03,-9.43213480391e-04
1.11221590909e+00,4.65909090909e-01,4.02000828692e-02,-1.13003549723e-03,-8.96136711912e-04
1.13210227273e+00,4.65909090909e-01,3.85825057073e-02,-1.05303918434e-03,-8.47213366972e-04
1.15198863636e+00,4.65909090909e-01,3.68983831562e-02,-9.76475990043e-04,-7.92359201921e-04
1.17187500000e+00,4.65909090909e-01,3.51586461200e-02,-9.04979686254e-04,-7.38239622915e-04
1.19176136364e+00,4.65909090909e-01,3.34119020149e-02,-8.34664358970e-04,-6.83292512354e-04
1.21164772727e+00,4.65909090909e-01,3.15855172478e-02,-7.64064428421e-04,-6.22406088669e-04
1.23153409091e+00,4.65909090909e-01,2.97127333038e-02,-6.90451688532e-04,-5.57785669672e-04
1.25142045455e+00,4.65909090909e-01,2.78279702280e-02,-6.15715358452e-04,-4.92420661837e-04
1.27130681818e+00,4.65909090909e-01,2.58630434298e-02,-5.43921390094e-04,-4.27263643529e-04
1.29119318182e+00,4.65909090909e-01,2.38548289902e-02,-4.76399979409e-04,-3.65374087291e-04
1.31107954545e+00,4.65909090909e-01,2.18165977324e-02,-4.13570354637e-04,-3.07784828583e-04
1.33096590909e+00,4.65909090909e-01,1.97094150150e-02,-3.53240600267e-04,-2.51001989491e-04
1.35085227273e+00,4.65909090909e-01,1.75920384148e-02,-2.96590572666e-04,-1.99121311357e-04
1.37073863636e+00,4.65909090909e-01,1.53978412692e-02,-2.42554218199e-04,-1.51403525623e-04
1.39062500000e+00,4.65909090909e-01,1.31442176267e-02,-1.93407077892e-04,-1.10544800387e-04
1.41051136364e+00,4.65909090909e-01,1.08731546372e-02,-1.48473407891e-04,-7.50142152689e-05
1.43039772727e+00,4.65909090909e-01,8.52700271895e-03,-1.09212755736e-04,-4.72784856208e-05
1.45028409091e+00,4.65909090909e-01,6.14701039784e-03,-7.44655710383e-05,-2.69266720488e-05
1.47017045455e+00,4.65909090909e-01,3.74289626489e-03,-4.23360046064e-05,-1.13285098331e-05
1.49005681818e+00,4.65909090909e-01,1.25042632195e-03,-1.42238455390e-05,-3.91750501676e-06
6.34943181818e-01,4.88636363636e-01,6.87637936197e-02,-1.42232561233e-03,6.63190634594e-04
6.54829545455e-01,4.88636363636e-01,6.81050617265e-02,-1.46517035714e-03,5.24689561771e-04
6.74715909091e-01,4.88636363636e-01,6.73934350116e-02,-1.50192415456e-03,3.90624783040e-04
6.94602272727e-01,4.88636363636e-01,6.66490932043e-02,-1.54500079140e-03,2.44107216291e-04
7.14488636364e-01,4.88636363636e-01,6.58606783476e-02,-1.57674619381e-03,1.06862858558e-04
7.34375000000e-01,4.88636363636e-01,6.50167397403e-02,-1.61463981115e-03,-3.84912971476e-05
7.54261363636e-01,4.88636363636e-01,6.41690986341e-02,-1.64263684634e-03,-1.65665626832e-04
7.74147727273e-01,4.88636363636e-01,6.32588830309e-02,-1.67450806607e-03,-3.02480639164e-04
7.94034090909e-01,4.88636363636e-01,6.22956112708e-02,-1.70889878484e-03,-4.43448331017e-04
8.13920454545e-01,4.88636363636e-01,6.13267969872e-02,-1.72483249615e-03,-5.60211350792e-04
8.33806818182e-01,4.88636363636e-01,6.02932753020e-02,-1.73898785171e-03,-6.70047187203e-04
8.53693181818e-01,4.88636363636e-01,5.92278938236e-02,-1.75161713186e-03,-7.80187588620e-04
8.73579545455e-01,4.88636363636e-01,5.81123853294e-02,-1.77596111417e-03,-9.03388975786e-04
8.93465909091e-01,4.88636363636e-01,5.69558935232e-02,-1.77081826392e-03,-1.00283104708e-03
9.13352272727e-01,4.88636363636e-01,5.57462610397e-02,-1.76663825127e-03,-1.09763435956e-03
9.33238636364e-01,4.88636363636e-01,5.45090660956e-02,-1.74431159514e-03,-1.14830375487e-03
9.53125000000e-01,4.88636363636e-01,5.32387930340e-02,-1.70539347458e-03,-1.16669923199e-03
9.73011363636e-01,4.88636363636e-01,5.19021437631e-02,-1.67606803253e-03,-1.18258775367e-03
9.92897727273e-01,4.88636363636e-01,5.05218298582e-02,-1.63203516656e-03,-1.18152105577e-03
1.01278409091e+00,4.88636363636e-01,4.91036777688e-02,-1.56844196325e-03,-1.16684936229e-03
1.03267045455e+00,4.88636363636e-01,4.76718321699e-02,-1.49200559947e-03,-1.14308423643e-03
1.05255681818e+00,4.88636363636e-01,4.61678657082e-02,-1.40805609917e-03,-1.10593199409e-03
1.07244318182e+00,4.88636363636e-01,4.46295603022e-02,-1.32577793991e-03,-1.06553162017e-03
1.09232954545e+00,4.88636363636e-01,4.30302778074e-02,-1.24284530659e-03,-1.01883779830e-03
1.11221590909e+00,4.88636363636e-01,4.13949504418e-02,-1.16383274826e-03,-9.69271326078e-04
1.13210227273e+00,4.88636363636e-01,3.96931208564e-02,-1.08434493780e-03,-9.13907705656e-04
1.15198863636e+00,4.88636363636e-01,3.79674436278e-02,-1.00738941845e-03,-8.56611613040e-04
1.17187500000e+00,4.88636363636e-01,3.62132205954e-02,-9.35237740877e-04,-8.00848976257e-04
1.19176136364e+00,4.88636363636e-01,3.43747555106e-02,-8.63196227002e-04,-7.39083593797e-04
1.21164772727e+00,4.88636363636e-01,3.24929015251e-02,-7.94722907688e-04,-6.76992188236e-04
1.23153409091e+00,4.88636363636e-01,3.05727852049e-02,-7.23580272560e-04,-6.13315537647e-04
1.25142045455e+00,4.88636363636e-01,2.86372449468e-02,-6.49724486538e-04,-5.46691961515e-04
1.27130681818e+00,4.88636363636e-01,2.65945966238e-02,-5.75423502507e-04,-4.74167633011e-04
1.29119318182e+00,4.88636363636e-01,2.45863821842e-02,-5.07902091822e-04,-4.12278076773e-04
1.31107954545e+00,4.88636363636e-01,2.24672904689e-02,-4.40467427446e-04,-3.45776291684e-04
1.33096590909e+00,4.88636363636e-01,2.03180248967e-02,-3.79831013009e-04,-2.87011981461e-04
1.35085227273e+00,4.88636363636e-01,1.81186944419e-02,-3.22044895290e-04,-2.31514276640e-04
1.37073863636e+00,4.88636363636e-01,1.58568468861e-02,-2.63832823146e-04,-1.79014621731e-04
1.39062500000e+00,4.88636363636e-01,1.35146048201e-02,-2.10491485104e-04,-1.33347699491e-04
1.41051136364e+00,4.88636363636e-01,1.12092826284e-02,-1.63677285183e-04,-9.58151931796e-05
1.43039772727e+00,4.88636363636e-01,8.80363808423e-03,-1.20340695226e-04,-6.35932135310e-05
1.45028409091e+00,4.88636363636e-01,6.31333306521e-03,-7.98066171468e-05,-3.60152947515e-05
1.47017045455e+00,4.88636363636e-01,3.85040369348e-03,-4.52881061171e-05,-1.71344314255e-05
1.49005681818e+00,4.88636363636e-01,1.29998868576e-03,-1.55321302891e-05,-6.60846320438e-06
6.34943181818e-01,5.11363636364e-01,7.04296871621e-02,-1.20489241263e-03,8.82606111162e-04
6.54829545455e-01,5.11363636364e-01,6.97587236392e-02,-1.24680303275e-03,7.33751778772e-04
6.74715909091e-01,5.11363636364e-01,6.90315469267e-02,-1.29442801691e-03,5.77541525886e-04
6.94602272727e-01,5.11363636364e-01,6.82668927779e-02,-1.33595476003e-03,4.18570959103e-04
7.14488636364e-01,5.11363636364e-01,6.74653287382e-02,-1.37543210237e-03,2.66180189291e-04
7.34375000000e-01,5.11363636364e-01,6.66040098064e-02,-1.41939505795e-03,1.07548551721e-04
7.54261363636e-01,5.11363636364e-01,6.57274829332e-02,-1.46186912740e-03,-4.34159617151e-05
7.74147727273e-01,5.11363636364e-01,6.47970816634e-02,-1.50355628156e-03,-1.95516819275e-04
7.94034090909e-01,5.11363636364e-01,6.38338099033e-02,-1.53794700033e-03,-3.36484511128e-04
8.13920454545e-01,5.11363636364e-01,6.28253919439e-02,-1.58397750812e-03,-4.91894524448e-04
8.33806818182e-01,5.11363636364e-01,6.17590073037e-02,-1.61719874855e-03,-6.20149079775e-04
8.53693181818e-01,5.11363636364e-01,6.06584131324e-02,-1.64644261918e-03,-7.45344594129e-04
8.73579545455e-01,5.11363636364e-01,5.95378742536e-02,-1.67316011441e-03,-8.70696711714e-04
8.93465909091e-01,5.11363636364e-01,5.83384172468e-02,-1.69766504290e-03,-1.00309430487e-03
9.13352272727e-01,5.11363636364e-01,5.71287847633e-02,-1.69348503025e-03,-1.09789761736e-03
9.33238636364e-01,5.11363636364e-01,5.58630122794e-02,-1.68687829512e-03,-1.16486643906e-03
9.53125000000e-01,5.11363636364e-01,5.45270729712e-02,-1.67860114034e-03,-1.20395394425e-03
9.73011363636e-01,5.11363636364e-01,5.31819593090e-02,-1.65349708276e-03,-1.22198723893e-03
9.92897727273e-01,5.11363636364e-01,5.17767453851e-02,-1.62233201597e-03,-1.22875663427e-03
1.01278409091e+00,5.11363636364e-01,5.03406054615e-02,-1.56845907669e-03,-1.22118739342e-03
1.03267045455e+00,5.11363636364e-01,4.88473971583e-02,-1.51537513146e-03,-1.21543224786e-03
1.05255681818e+00,5.11363636364e-01,4.72934436001e-02,-1.44064076794e-03,-1.18426791377e-03
1.07244318182e+00,5.11363636364e-01,4.57025756033e-02,-1.35780961945e-03,-1.14164353151e-03
1.09232954545e+00,5.11363636364e-01,4.40957841670e-02,-1.27479798767e-03,-1.09463199416e-03
1.11221590909e+00,5.11363636364e-01,4.24251910118e-02,-1.19386012519e-03,-1.04156293193e-03
1.13210227273e+00,5.11363636364e-01,4.06773678306e-02,-1.11223826342e-03,-9.82126414404e-04
1.15198863636e+00,5.11363636364e-01,3.89176802152e-02,-1.03446227665e-03,-9.22356497451e-04
1.17187500000e+00,5.11363636364e-01,3.71109763005e-02,-9.60432160644e-04,-8.61398397407e-04
1.19176136364e+00,5.11363636364e-01,3.52300642142e-02,-8.85584394993e-04,-7.94443644847e-04
1.21164772727e+00,5.11363636364e-01,3.33131612339e-02,-8.15968894513e-04,-7.29319130485e-04
1.23153409091e+00,5.11363636364e-01,3.13678316326e-02,-7.45792900855e-04,-6.65094760862e-04
1.25142045455e+00,5.11363636364e-01,2.93569485680e-02,-6.75036702725e-04,-5.96926003817e-04
1.27130681818e+00,5.11363636364e-01,2.73044868304e-02,-6.00886403285e-04,-5.23882811457e-04
1.29119318182e+00,5.11363636364e-01,2.51560837600e-02,-5.31382623227e-04,-4.51215935018e-04
1.31107954545e+00,5.11363636364e-01,2.30267785119e-02,-4.63514078635e-04,-3.83693396613e-04
1.33096590909e+00,5.11363636364e-01,2.07925674702e-02,-4.00465819357e-04,-3.19863475904e-04
1.35085227273e+00,5.11363636364e-01,1.85624868290e-02,-3.40781648148e-04,-2.62192194185e-04
1.37073863636e+00,5.11363636364e-01,1.62578026231e-02,-2.81474798859e-04,-2.07280756318e-04
1.39062500000e+00,5.11363636364e-01,1.39009286341e-02,-2.28159893786e-04,-1.60949251987e-04
1.41051136364e+00,5.11363636364e-01,1.14685011509e-02,-1.75234052861e-04,-1.14592159377e-04
1.43039772727e+00,5.11363636364e-01,9.00356104661e-03,-1.28884608908e-04,-7.81361833113e-05
1.45028409091e+00,5.11363636364e-01,6.51325602759e-03,-8.83505308292e-05,-5.05582645318e-05
1.47017045455e+00,5.11363636364e-01,3.93936451853e-03,-4.84246454519e-05,-2.32637917203e-05
1.49005681818e+00,5.11363636364e-01,1.29998868576e-03,-1.55321302891e-05,-6.60846320438e-06
6.34943181818e-01,5.34090909091e-01,7.18503670262e-02,-9.88689253635e-04,1.08806318268e-03
6.54829545455e-01,5.34090909091e-01,7.11629810033e-02,-1.01322784614e-03,9.37868009171e-04
6.74715909091e-01,5.34090909091e-01,7.04146150686e-02,-1.05735586597e-03,7.66596333757e-04
6.94602272727e-01,5.34090909091e-01,6.96412345674e-02,-1.10725743302e-03,5.93952447459e-04
7.14488636364e-01,5.34090909091e-01,6.88263727887e-02,-1.16189854359e-03,4.18811370351e-04
7.34375000000e-01,5.34090909091e-01,6.79560170461e-02,-1.20922737312e-03,2.52741511209e-04
7.54261363636e-01,5.34090909091e-01,6.70616870238e-02,-1.25309672223e-03,9.39476843864e-05
7.74147727273e-01,5.34090909091e-01,6.61154320428e-02,-1.30552519208e-03,-7.19856952244e-05
7.94034090909e-01,5.34090909091e-01,6.51211827989e-02,-1.36202862959e-03,-2.41705739318e-04
8.13920454545e-01,5.34090909091e-01,6.41032314510e-02,-1.41530058573e-03,-4.07301391473e-04
8.33806818182e-01,5.34090909091e-01,6.30224693578e-02,-1.46003851356e-03,-5.47208610628e-04
8.53693181818e-01,5.34090909091e-01,6.19046741375e-02,-1.50498310145e-03,-6.88864668535e-04
8.73579545455e-01,5.34090909091e-01,6.07539728026e-02,-1.54279168701e-03,-8.23521793283e-04
8.93465909091e-01,5.34090909091e-01,5.95390190235e-02,-1.58194260971e-03,-9.67318602506e-04
9.13352272727e-01,5.34090909091e-01,5.82889097641e-02,-1.61826591072e-03,-1.09572852184e-03
9.33238636364e-01,5.34090909091e-01,5.70005637252e-02,-1.62815382029e-03,-1.18114823704e-03
9.53125000000e-01,5.34090909091e-01,5.56529230959e-02,-1.62838262989e-03,-1.22679464133e-03
9.73011363636e-01,5.34090909091e-01,5.42785079657e-02,-1.61805099975e-03,-1.25249954663e-03
9.92897727273e-01,5.34090909091e-01,5.28479008682e-02,-1.59955008635e-03,-1.26570326098e-03
1.01278409091e+00,5.34090909091e-01,5.13627098869e-02,-1.56846140620e-03,-1.27477943886e-03
1.03267045455e+00,5.34090909091e-01,4.98523908242e-02,-1.52253297124e-03,-1.27518757800e-03
1.05255681818e+00,5.34090909091e-01,4.82742306986e-02,-1.45759214920e-03,-1.25168483529e-03
1.07244318182e+00,5.34090909091e-01,4.66613606016e-02,-1.38348696569e-03,-1.21591064969e-03
1.09232954545e+00,5.34090909091e-01,4.50092518410e-02,-1.30230576338e-03,-1.16960580113e-03
1.11221590909e+00,5.34090909091e-01,4.32878747713e-02,-1.22061491080e-03,-1.11385628015e-03
1.13210227273e+00,5.34090909091e-01,4.15265497852e-02,-1.13917813356e-03,-1.05344826224e-03
1.15198863636e+00,5.34090909091e-01,3.97268058353e-02,-1.05919294695e-03,-9.89581952941e-04
1.17187500000e+00,5.34090909091e-01,3.78672476852e-02,-9.82122512688e-04,-9.22602464937e-04
1.19176136364e+00,5.34090909091e-01,3.59638744306e-02,-9.06126550609e-04,-8.52417516754e-04
1.21164772727e+00,5.34090909091e-01,3.40111136033e-02,-8.33411151241e-04,-7.82424943109e-04
1.23153409091e+00,5.34090909091e-01,3.20025397519e-02,-7.62203359634e-04,-7.11700426298e-04
1.25142045455e+00,5.34090909091e-01,2.99634509726e-02,-6.92398548199e-04,-6.41818246232e-04
1.27130681818e+00,5.34090909091e-01,2.78515538128e-02,-6.22448677305e-04,-5.68480927527e-04
1.29119318182e+00,5.34090909091e-01,2.57031507424e-02,-5.52944897247e-04,-4.95814051088e-04
1.31107954545e+00,5.34090909091e-01,2.35119567734e-02,-4.84031406488e-04,-4.23465249102e-04
1.33096590909e+00,5.34090909091e-01,2.12398695485e-02,-4.19061604225e-04,-3.56373009445e-04
1.35085227273e+00,5.34090909091e-01,1.89431511118e-02,-3.56481049116e-04,-2.93672762073e-04
1.37073863636e+00,5.34090909091e-01,1.65945711371e-02,-2.97253498734e-04,-2.36767577932e-04
1.39062500000e+00,5.34090909091e-01,1.41750648136e-02,-2.40642219278e-04,-1.84500843558e-04
1.41051136364e+00,5.34090909091e-01,1.17127344021e-02,-1.86130020956e-04,-1.35112977405e-04
1.43039772727e+00,5.34090909091e-01,9.20055491543e-03,-1.38433377613e-04,-9.55220577899e-05
1.45028409091e+00,5.34090909091e-01,6.63506750733e-03,-9.44273071295e-05,-6.17782989712e-05
1.47017045455e+00,5.34090909091e-01,4.02621497740e-03,-5.26165513875e-05,-3.11631202443e-05
1.49005681818e+00,5.34090909091e-01,1.34744068340e-03,-1.78957816400e-05,-1.10693896212e-05
6.34943181818e-01,5.56818181818e-01,7.28859949090e-02,-7.49485201468e-04,1.28472017456e-03
6.54829545455e-01,5.56818181818e-01,7.21882668592e-02,-7.74870869783e-04,1.11890978998e-03
6.74715909091e-01,5.56818181818e-01,7.14300655395e-02,-8.10323140255e-04,9.45415401024e-04
6.94602272727e-01,5.56818181818e-01,7.06512200164e-02,-8.56259079353e-04,7.70959997938e-04
7.14488636364e-01,5.56818181818e-01,6.98224367445e-02,-9.10590712781e-04,5.84602226562e-04
7.34375000000e-01,5.56818181818e-01,6.89412198120e-02,-9.71530430501e-04,4.01078612720e-04
7.54261363636e-01,5.56818181818e-01,6.80392156137e-02,-1.02600321915e-03,2.29332793035e-04
7.74147727273e-01,5.56818181818e-01,6.70773624596e-02,-1.08359788182e-03,5.73906348374e-05
7.94034090909e-01,5.56818181818e-01,6.60703784681e-02,-1.14939922080e-03,-1.20047691827e-04
8.13920454545e-01,5.56818181818e-01,6.50406819027e-02,-1.21309279526e-03,-2.93784025730e-04
8.33806818182e-01,5.56818181818e-01,6.39443900322e-02,-1.28084288727e-03,-4.60134583369e-04
8.53693181818e-01,5.56818181818e-01,6.28149752840e-02,-1.33932374175e-03,-6.16414303204e-04
8.73579545455e-01,5.56818181818e-01,6.16445116164e-02,-1.39046249251e-03,-7.62355265963e-04
8.93465909091e-01,5.56818181818e-01,6.04148862966e-02,-1.43873201712e-03,-9.10443170778e-04
9.13352272727e-01,5.56818181818e-01,5.91481405048e-02,-1.49143241875e-03,-1.04911239645e-03
9.33238636364e-01,5.56818181818e-01,5.78371513513e-02,-1.54155469869e-03,-1.16452652435e-03
9.53125000000e-01,5.56818181818e-01,5.64728156696e-02,-1.56193055069e-03,-1.23027281615e-03
9.73011363636e-01,5.56818181818e-01,5.50854154986e-02,-1.56726884242e-03,-1.27161096729e-03
9.92897727273e-01,5.56818181818e-01,5.36292002181e-02,-1.55690543325e-03,-1.29182978971e-03
1.01278409091e+00,5.56818181818e-01,5.21234952329e-02,-1.54007908719e-03,-1.31077835564e-03
1.03267045455e+00,5.56818181818e-01,5.05943990544e-02,-1.51007351459e-03,-1.32179815943e-03
1.05255681818e+00,5.56818181818e-01,4.89875808550e-02,-1.45901118706e-03,-1.30884354802e-03
1.07244318182e+00,5.56818181818e-01,4.73611246813e-02,-1.39117103154e-03,-1.27829170218e-03
1.09232954545e+00,5.56818181818e-01,4.56788009952e-02,-1.32325978929e-03,-1.24406886129e-03
1.11221590909e+00,5.56818181818e-01,4.39354133513e-02,-1.24366878470e-03,-1.18830978284e-03
1.13210227273e+00,5.56818181818e-01,4.21492630873e-02,-1.16365475055e-03,-1.12685481043e-03
1.15198863636e+00,5.56818181818e-01,4.03161267201e-02,-1.08275751856e-03,-1.05848391056e-03
1.17187500000e+00,5.56818181818e-01,3.84377154393e-02,-1.00508588553e-03,-9.88423896704e-04
1.19176136364e+00,5.56818181818e-01,3.65072828629e-02,-9.28161169444e-04,-9.13772002925e-04
1.21164772727e+00,5.56818181818e-01,3.45150478817e-02,-8.53264792023e-04,-8.36691656261e-04
1.23153409091e+00,5.56818181818e-01,3.24830221482e-02,-7.80758243961e-04,-7.61563364897e-04
1.25142045455e+00,5.56818181818e-01,3.04174061265e-02,-7.09483896701e-04,-6.86670106907e-04
1.27130681818e+00,5.56818181818e-01,2.82655085044e-02,-6.40425709209e-04,-6.10505642643e-04
1.29119318182e+00,5.56818181818e-01,2.60982504701e-02,-5.71354524545e-04,-5.36781662759e-04
1.31107954545e+00,5.56818181818e-01,2.38653521198e-02,-5.03423930427e-04,-4.62679224733e-04
1.33096590909e+00,5.56818181818e-01,2.15565175591e-02,-4.36928555484e-04,-3.92352801668e-04
1.35085227273e+00,5.56818181818e-01,1.92396209341e-02,-3.73437639153e-04,-3.27783210032e-04
1.37073863636e+00,5.56818181818e-01,1.68423930065e-02,-3.11173221434e-04,-2.65288373359e-04
1.39062500000e+00,5.56818181818e-01,1.43941378227e-02,-2.53750481212e-04,-2.10622069195e-04
1.41051136364e+00,5.56818181818e-01,1.18955644536e-02,-1.98155973841e-04,-1.58133209180e-04
1.43039772727e+00,5.56818181818e-01,9.33091567879e-03,-1.46008753884e-04,-1.11133935583e-04
1.45028409091e+00,5.56818181818e-01,6.74224775633e-03,-1.00755315130e-04,-7.47039726309e-05
1.47017045455e+00,5.56818181818e-01,4.09064326862e-03,-5.68997255181e-05,-3.93433147219e-05
1.49005681818e+00,5.56818181818e-01,1.36757452441e-03,-1.92342735559e-05,-1.36257003955e-05
6.34943181818e-01,5.79545454545e-01,7.35632730082e-02,-5.04617397381e-04,1.45949776425e-03
6.54829545455e-01,5.79545454545e-01,7.28616284230e-02,-5.16905257879e-04,1.29405907687e-03
6.74715909091e-01,5.79545454545e-01,7.21018320130e-02,-5.51835910877e-04,1.11837371261e-03
6.94602272727e-01,5.79545454545e-01,7.13093596965e-02,-5.98338747467e-04,9.28851911474e-04
7.14488636364e-01,5.79545454545e-01,7.04772785916e-02,-6.55194385601e-04,7.36363440792e-04
7.34375000000e-01,5.79545454545e-01,6.95955313292e-02,-7.15750371060e-04,5.52824980892e-04
7.54261363636e-01,5.79545454545e-01,6.86779368122e-02,-7.76794211535e-04,3.68940941208e-04
7.74147727273e-01,5.79545454545e-01,6.77095681927e-02,-8.45408673814e-04,1.86975169167e-04
7.94034090909e-01,5.79545454545e-01,6.67025842011e-02,-9.11210012798e-04,9.53684250236e-06
8.13920454545e-01,5.79545454545e-01,6.56577174987e-02,-9.90468502642e-04,-1.76225405865e-04
8.33806818182e-01,5.79545454545e-01,6.45493316740e-02,-1.07275187441e-03,-3.56738478086e-04
8.53693181818e-01,5.79545454545e-01,6.34083908198e-02,-1.15163697136e-03,-5.29441814239e-04
8.73579545455e-01,5.79545454545e-01,6.22340375893e-02,-1.21442047438e-03,-6.84633967112e-04
8.93465909091e-01,5.79545454545e-01,6.09953641254e-02,-1.26930315648e-03,-8.33826028119e-04
9.13352272727e-01,5.79545454545e-01,5.97164952324e-02,-1.33646084022e-03,-9.76587061342e-04
9.33238636364e-01,5.79545454545e-01,5.83974072885e-02,-1.39916439541e-03,-1.10340957143e-03
9.53125000000e-01,5.79545454545e-01,5.70268713769e-02,-1.43170406631e-03,-1.17868118125e-03
9.73011363636e-01,5.79545454545e-01,5.56122895049e-02,-1.48691036918e-03,-1.26572360910e-03
9.92897727273e-01,5.79545454545e-01,5.41447196340e-02,-1.49927475663e-03,-1.30602191654e-03
1.01278409091e+00,5.79545454545e-01,5.26290092860e-02,-1.49100870438e-03,-1.32734810455e-03
1.03267045455e+00,5.79545454545e-01,5.10882326020e-02,-1.47093339076e-03,-1.34387674444e-03
1.05255681818e+00,5.79545454545e-01,4.94755055142e-02,-1.43092286854e-03,-1.33975411388e-03
1.07244318182e+00,5.79545454545e-01,4.78138913937e-02,-1.39398319558e-03,-1.33712107231e-03
1.09232954545e+00,5.79545454545e-01,4.61253028975e-02,-1.33112522798e-03,-1.30903459669e-03
1.11221590909e+00,5.79545454545e-01,4.43562296621e-02,-1.26208713614e-03,-1.25906585208e-03
1.13210227273e+00,5.79545454545e-01,4.25700793981e-02,-1.18207310199e-03,-1.19761087967e-03
1.15198863636e+00,5.79545454545e-01,4.07217863797e-02,-1.10444400396e-03,-1.12903388245e-03
1.17187500000e+00,5.79545454545e-01,3.88044949738e-02,-1.02814986013e-03,-1.05096405834e-03
1.19176136364e+00,5.79545454545e-01,3.68679428647e-02,-9.51555564092e-04,-9.74592202107e-04
1.21164772727e+00,5.79545454545e-01,3.48617688216e-02,-8.77427154176e-04,-8.93785638635e-04
1.23153409091e+00,5.79545454545e-01,3.28184647584e-02,-8.04297469528e-04,-8.16632269266e-04
1.25142045455e+00,5.79545454545e-01,3.07215531753e-02,-7.31381468028e-04,-7.33505692853e-04
1.27130681818e+00,5.79545454545e-01,2.85611394142e-02,-6.61634241020e-04,-6.55398869178e-04
1.29119318182e+00,5.79545454545e-01,2.63443446209e-02,-5.91652133903e-04,-5.76176917809e-04
1.31107954545e+00,5.79545454545e-01,2.41025361188e-02,-5.23347924793e-04,-5.01096481891e-04
1.33096590909e+00,5.79545454545e-01,2.17881159800e-02,-4.56586946730e-04,-4.30186801400e-04
1.35085227273e+00,5.79545454545e-01,1.94174870788e-02,-3.89896518972e-04,-3.59264096499e-04
1.37073863636e+00,5.79545454545e-01,1.70066603084e-02,-3.26259720479e-04,-2.94206936825e-04
1.39062500000e+00,5.79545454545e-01,1.45419383308e-02,-2.68291850324e-04,-2.38017419801e-04
1.41051136364e+00,5.79545454545e-01,1.20210954141e-02,-2.10438032766e-04,-1.81346588508e-04
1.43039772727e+00,5.79545454545e-01,9.44169571746e-03,-1.57231016178e-04,-1.31959179342e-04
1.45028409091e+00,5.79545454545e-01,6.79223518000e-03,-1.05943428238e-04,-8.47102683705e-05
1.47017045455e+00,5.79545454545e-01,4.12775535716e-03,-6.04803134587e-05,-4.65643779655e-05
1.49005681818e+00,5.79545454545e-01,1.36757452441e-03,-1.92342735559e-05,-1.36257003955e-05
6.34943181818e-01,6.02272727273e-01,7.39292004789e-02,-2.38049686063e-04,1.62052660804e-03
6.54829545455e-01,6.02272727273e-01,7.32264877478e-02,-2.46765417156e-04,1.45518929263e-03
6.74715909091e-01,6.02272727273e-01,7.24625611986e-02,-2.83926377907e-04,1.27208804186e-03
6.94602272727e-01,6.02272727273e-01,7.16707165388e-02,-3.22865282497e-04,1.08733819085e-03
7.14488636364e-01,6.02272727273e-01,7.08356144452e-02,-3.82094580440e-04,8.88821415652e-04
7.34375000000e-01,6.02272727273e-01,6.99479041402e-02,-4.47952420839e-04,6.94253233966e-04
7.54261363636e-01,6.02272727273e-01,6.90305081460e-02,-5.08541134287e-04,5.11841786210e-04
7.74147727273e-01,6.02272727273e-01,6.80593849347e-02,-5.82601802962e-04,3.26036717150e-04
7.94034090909e-01,6.02272727273e-01,6.70435799578e-02,-6.60372284645e-04,1.39257492191e-04
8.13920454545e-01,6.02272727273e-01,6.59984140694e-02,-7.48639694563e-04,-5.07816512765e-05
8.33806818182e-01,6.02272727273e-01,6.48880761203e-02,-8.40267794644e-04,-2.38209643452e-04
8.53693181818e-01,6.02272727273e-01,6.37421343641e-02,-9.24407495669e-04,-4.15336149148e-04
8.73579545455e-01,6.02272727273e-01,6.25608976619e-02,-1.01039382689e-03,-5.86828112580e-04
8.93465909091e-01,6.02272727273e-01,6.13130953068e-02,-1.08940015560e-03,-7.41374278004e-04
9.13352272727e-01,6.02272727273e-01,6.00342264138e-02,-1.15655783934e-03,-8.84135311227e-04
9.33238636364e-01,6.02272727273e-01,5.87087596594e-02,-1.23089593823e-03,-1.01941373698e-03
9.53125000000e-01,6.02272727273e-01,5.73255879706e-02,-1.30973452812e-03,-1.13536473593e-03
9.73011363636e-01,6.02272727273e-01,5.59108857493e-02,-1.37292335080e-03,-1.22959622806e-03
9.92897727273e-01,6.02272727273e-01,5.44379817900e-02,-1.40554905515e-03,-1.28793907830e-03
1.01278409091e+00,6.02272727273e-01,5.29170577031e-02,-1.40956179998e-03,-1.32012074482e-03
1.03267045455e+00,6.02272727273e-01,5.13635631141e-02,-1.41813319244e-03,-1.35233518941e-03
1.05255681818e+00,6.02272727273e-01,4.97398246403e-02,-1.40639264656e-03,-1.36764257648e-03
1.07244318182e+00,6.02272727273e-01,4.80782105198e-02,-1.36945297360e-03,-1.36500953491e-03
1.09232954545e+00,6.02272727273e-01,4.63778785592e-02,-1.32573058725e-03,-1.35642846055e-03
1.11221590909e+00,6.02272727273e-01,4.46054606525e-02,-1.26722714813e-03,-1.31786881943e-03
1.13210227273e+00,6.02272727273e-01,4.28003897174e-02,-1.19628245548e-03,-1.26083778857e-03
1.15198863636e+00,6.02272727273e-01,4.09447087609e-02,-1.12309950427e-03,-1.19403800759e-03
1.17187500000e+00,6.02272727273e-01,3.90261142754e-02,-1.05143816491e-03,-1.11695743854e-03
1.19176136364e+00,6.02272727273e-01,3.70748303810e-02,-9.75588177613e-04,-1.03580668043e-03
1.21164772727e+00,6.02272727273e-01,3.50607406081e-02,-9.01942913938e-04,-9.52420811346e-04
1.23153409091e+00,6.02272727273e-01,3.29930481317e-02,-8.29513920716e-04,-8.64555034668e-04
1.25142045455e+00,6.02272727273e-01,3.08925937724e-02,-7.56226938746e-04,-7.80161463102e-04
1.27130681818e+00,6.02272727273e-01,2.87157805847e-02,-6.84485464114e-04,-6.96668348081e-04
1.29119318182e+00,6.02272727273e-01,2.64989857914e-02,-6.14503356997e-04,-6.17446396712e-04
1.31107954545e+00,6.02272727273e-01,2.42399594735e-02,-5.44852236371e-04,-5.39805396323e-04
1.33096590909e+00,6.02272727273e-01,2.19033537637e-02,-4.75860601317e-04,-4.65473328422e-04
1.35085227273e+00,6.02272727273e-01,1.95327248625e-02,-4.09170173559e-04,-3.94550623520e-04
1.37073863636e+00,6.02272727273e-01,1.71074567316e-02,-3.43505080225e-04,-3.25969846507e-04
1.39062500000e+00,6.02272727273e-01,1.46158191175e-02,-2.82239214464e-04,-2.63919104644e-04
1.41051136364e+00,6.02272727273e-01,1.20868311209e-02,-2.22232481838e-04,-2.03288082696e-04
1.43039772727e+00,6.02272727273e-01,9.49235324881e-03,-1.67811414004e-04,-1.51175060264e-04
1.45028409091e+00,6.02272727273e-01,6.83915077184e-03,-1.14452548307e-04,-9.95815462211e-05
1.47017045455e+00,6.02272727273e-01,4.15238618325e-03,-6.49717250895e-05,-5.49384148344e-05
1.49005681818e+00,6.02272727273e-01,1.38350384146e-03,-2.10017689684e-05,-1.72448765276e-05
6.34943181818e-01,6.25000000000e-01,7.39744480755e-02,4.14165392505e-05,1.78163792815e-03
6.54829545455e-01,6.25000000000e-01,7.32733649858e-02,3.02968108336e-05,1.59749608761e-03
6.74715909091e-01,6.25000000000e-01,7.25109147623e-02,9.35265532246e-06,1.42339088174e-03
6.94602272727e-01,6.25000000000e-01,7.17198453381e-02,-2.55537084383e-05,1.24119766377e-03
7.14488636364e-01,6.25000000000e-01,7.08857583407e-02,-8.42317417586e-05,1.04305633614e-03
7.34375000000e-01,6.25000000000e-01,6.99984453428e-02,-1.56929420614e-04,8.41524643259e-04
7.54261363636e-01,6.25000000000e-01,6.90819234240e-02,-2.32565778667e-04,6.43793470871e-04
7.74147727273e-01,6.25000000000e-01,6.81115281294e-02,-3.04957648243e-04,4.63387905548e-04
7.94034090909e-01,6.25000000000e-01,6.70965258872e-02,-3.92343836906e-04,2.74824942136e-04
8.13920454545e-01,6.25000000000e-01,6.60517270037e-02,-4.88680109510e-04,8.14895310759e-05
8.33806818182e-01,6.25000000000e-01,6.49417330697e-02,-5.93075168832e-04,-1.14973157657e-04
8.53693181818e-01,6.25000000000e-01,6.37962237192e-02,-6.90283910806e-04,-2.98633385255e-04
8.73579545455e-01,6.25000000000e-01,6.26151989522e-02,-7.80306335432e-04,-4.69491151720e-04
8.93465909091e-01,6.25000000000e-01,6.13674553242e-02,-8.74259324174e-04,-6.31330139671e-04
9.13352272727e-01,6.25000000000e-01,6.00886256072e-02,-9.64214508922e-04,-7.82392318998e-04
9.33238636364e-01,6.25000000000e-01,5.87630789262e-02,-1.04642941453e-03,-9.15304996750e-04
9.53125000000e-01,6.25000000000e-01,5.73797900813e-02,-1.13468091247e-03,-1.04074666951e-03
9.73011363636e-01,6.25000000000e-01,5.59648301167e-02,-1.21857813284e-03,-1.15585764402e-03
9.92897727273e-01,6.25000000000e-01,5.44914848764e-02,-1.28047307648e-03,-1.24056039660e-03
1.01278409091e+00,6.25000000000e-01,5.29698442370e-02,-1.32066436415e-03,-1.30058051063e-03
1.03267045455e+00,6.25000000000e-01,5.14159483379e-02,-1.34702691239e-03,-1.34512792367e-03
1.05255681818e+00,6.25000000000e-01,4.97915341676e-02,-1.35036447473e-03,-1.36679372449e-03
1.07244318182e+00,6.25000000000e-01,4.81287409763e-02,-1.33920778094e-03,-1.38095003711e-03
1.09232954545e+00,6.25000000000e-01,4.64275687641e-02,-1.31355683101e-03,-1.38759686154e-03
1.11221590909e+00,6.25000000000e-01,4.46543655875e-02,-1.26288688557e-03,-1.35837867361e-03
1.13210227273e+00,6.25000000000e-01,4.28476273485e-02,-1.20633306190e-03,-1.31619010073e-03
1.15198863636e+00,6.25000000000e-01,4.09904995154e-02,-1.14265242600e-03,-1.25562075974e-03
1.17187500000e+00,6.25000000000e-01,3.90711479659e-02,-1.07269213992e-03,-1.17794856082e-03
1.19176136364e+00,6.25000000000e-01,3.71176831115e-02,-1.00075396270e-03,-1.09396866150e-03
1.21164772727e+00,6.25000000000e-01,3.51013598556e-02,-9.27843168176e-04,-1.00396338536e-03
1.23153409091e+00,6.25000000000e-01,3.30330892786e-02,-8.55780649994e-04,-9.15301742899e-04
1.25142045455e+00,6.25000000000e-01,3.09301298168e-02,-7.84081726532e-04,-8.27459419628e-04
1.27130681818e+00,6.25000000000e-01,2.87513899515e-02,-7.10983094205e-04,-7.40564224679e-04
1.29119318182e+00,6.25000000000e-01,2.65314452716e-02,-6.39001253653e-04,-6.57575975571e-04
1.31107954545e+00,6.25000000000e-01,2.42702957770e-02,-5.68136204877e-04,-5.78494672302e-04
1.33096590909e+00,6.25000000000e-01,2.19318828556e-02,-4.97819575579e-04,-5.02852947846e-04
1.35085227273e+00,6.25000000000e-01,1.95575262007e-02,-4.28332393682e-04,-4.28644241570e-04
1.37073863636e+00,6.25000000000e-01,1.71291688382e-02,-3.60262282106e-04,-3.56538718644e-04
1.39062500000e+00,6.25000000000e-01,1.46341885875e-02,-2.95882102738e-04,-2.89104019481e-04
1.41051136364e+00,6.25000000000e-01,1.21026994501e-02,-2.33997009177e-04,-2.25013311128e-04
1.43039772727e+00,6.25000000000e-01,9.50396728234e-03,-1.77570631364e-04,-1.68513078650e-04
1.45028409091e+00,6.25000000000e-01,6.84971196940e-03,-1.23561763323e-04,-1.15590957311e-04
1.47017045455e+00,6.25000000000e-01,4.15838509162e-03,-7.12642632796e-05,-6.51905276396e-05
1.49005681818e+00,6.25000000000e-01,1.38612836387e-03,-2.37547544265e-05,-2.17301758799e-05
6.34943181818e-01,6.47727272727e-01,7.34646539624e-02,3.42696471720e-04,1.90870102503e-03
6.54829545455e-01,6.47727272727e-01,7.27722762595e-02,3.39024547155e-04,1.72597340100e-03
6.74715909091e-01,6.47727272727e-01,7.20190113313e-02,3.08501940086e-04,1.54473466619e-03
6.94602272727e-01,6.47727272727e-01,7.12299180953e-02,2.71262398429e-04,1.36087193797e-03
7.14488636364e-01,6.47727272727e-01,7.04048763210e-02,2.24632695609e-04,1.17803551694e-03
7.34375000000e-01,6.47727272727e-01,6.95277141046e-02,1.53795459509e-04,9.80987376343e-04
7.54261363636e-01,6.47727272727e-01,6.86148573778e-02,7.77409463616e-05,7.83688772482e-04
7.74147727273e-01,6.47727272727e-01,6.76529377028e-02,-1.20759486597e-05,5.92960510595e-04
7.94034090909e-01,6.47727272727e-01,6.66490618656e-02,-1.05361070677e-04,4.08153518049e-04
8.13920454545e-01,6.47727272727e-01,6.56107665308e-02,-2.00827448390e-04,2.21413567558e-04
8.33806818182e-01,6.47727272727e-01,6.45126181278e-02,-3.15056224823e-04,2.52968428630e-05
8.53693181818e-01,6.47727272727e-01,6.33688390882e-02,-4.14979489938e-04,-1.59735846432e-04
8.73579545455e-01,6.47727272727e-01,6.22001931438e-02,-5.33171521414e-04,-3.50154040687e-04
8.93465909091e-01,6.47727272727e-01,6.09597909394e-02,-6.32014772605e-04,-5.10350919096e-04
9.13352272727e-01,6.47727272727e-01,5.96940676893e-02,-7.34237177808e-04,-6.61893887749e-04
9.33238636364e-01,6.47727272727e-01,5.83790905220e-02,-8.35298922133e-04,-8.04461130948e-04
9.53125000000e-01,6.47727272727e-01,5.70067950548e-02,-9.27253193114e-04,-9.28616173695e-04
9.73011363636e-01,6.47727272727e-01,5.55999462170e-02,-1.01991491372e-03,-1.04944806551e-03
9.92897727273e-01,6.47727272727e-01,5.41400955706e-02,-1.11249601751e-03,-1.16147573100e-03
1.01278409091e+00,6.47727272727e-01,5.26216853245e-02,-1.15997992900e-03,-1.22746284319e-03
1.03267045455e+00,6.47727272727e-01,5.10817877960e-02,-1.21794384719e-03,-1.29786724827e-03
1.05255681818e+00,6.47727272727e-01,4.94674144513e-02,-1.24081233462e-03,-1.33255023657e-03
1.07244318182e+00,6.47727272727e-01,4.78205129274e-02,-1.26267175552e-03,-1.36507085001e-03
1.09232954545e+00,6.47727272727e-01,4.61297320332e-02,-1.25993917083e-03,-1.38231173085e-03
1.11221590909e+00,6.47727272727e-01,4.43648842559e-02,-1.22496185489e-03,-1.36122149063e-03
1.13210227273e+00,6.47727272727e-01,4.25750524915e-02,-1.19686958143e-03,-1.33516332174e-03
1.15198863636e+00,6.47727272727e-01,4.07314850585e-02,-1.15141663262e-03,-1.28709038886e-03
1.17187500000e+00,6.47727272727e-01,3.88184935285e-02,-1.08551503374e-03,-1.21356620933e-03
1.19176136364e+00,6.47727272727e-01,3.68829548009e-02,-1.02332830077e-03,-1.13879059302e-03
1.21164772727e+00,6.47727272727e-01,3.48836792414e-02,-9.53980946638e-04,-1.04912609166e-03
1.23153409091e+00,6.47727272727e-01,3.28275663375e-02,-8.81660916351e-04,-9.57619678267e-04
1.25142045455e+00,6.47727272727e-01,3.07340628437e-02,-8.09761705698e-04,-8.67564755380e-04
1.27130681818e+00,6.47727272727e-01,2.85678374795e-02,-7.36624941736e-04,-7.79805374377e-04
1.29119318182e+00,6.47727272727e-01,2.63676386228e-02,-6.63738127104e-04,-6.95435032127e-04
1.31107954545e+00,6.47727272727e-01,2.41193621143e-02,-5.91747671858e-04,-6.15440938016e-04
1.33096590909e+00,6.47727272727e-01,2.17912418594e-02,-5.21148912538e-04,-5.40115588069e-04
1.35085227273e+00,6.47727272727e-01,1.94376720602e-02,-4.49969445777e-04,-4.64841455126e-04
1.37073863636e+00,6.47727272727e-01,1.70259322378e-02,-3.78974332417e-04,-3.89497105638e-04
1.39062500000e+00,6.47727272727e-01,1.45387084177e-02,-3.12897464765e-04,-3.19371917702e-04
1.41051136364e+00,6.47727272727e-01,1.20290600974e-02,-2.46215683907e-04,-2.47555806136e-04
1.43039772727e+00,6.47727272727e-01,9.45102683303e-03,-1.85178756121e-04,-1.83228152698e-04
1.45028409091e+00,6.47727272727e-01,6.81147332210e-03,-1.30339545737e-04,-1.27591465247e-04
1.47017045455e+00,6.47727272727e-01,4.13158117922e-03,-7.73962238727e-05,-7.50797063770e-05
1.49005681818e+00,6.47727272727e-01,1.37440165220e-03,-2.64374871860e-05,-2.60566915775e-05
6.34943181818e-01,6.70454545455e-01,7.25942486364e-02,6.36044605152e-04,2.00928896065e-03
6.54829545455e-01,6.70454545455e-01,7.19053514651e-02,6.35867133161e-04,1.82943034043e-03
6.74715909091e-01,6.70454545455e-01,7.11645797155e-02,6.11367753939e-04,1.65918892758e-03
6.94602272727e-01,6.70454545455e-01,7.03829177877e-02,5.74095829760e-04,1.47787368140e-03
7.14488636364e-01,6.70454545455e-01,6.95679472901e-02,5.24385169960e-04,1.29728330787e-03
7.34375000000e-01,6.70454545455e-01,6.86948031409e-02,4.51830326016e-04,1.10069320170e-03
7.54261363636e-01,6.70454545455e-01,6.78075268485e-02,3.74227896978e-04,9.08601150467e-04
7.74147727273e-01,6.70454545455e-01,6.68585751847e-02,2.80005332007e-04,7.20247911529e-04
7.94034090909e-01,6.70454545455e-01,6.58546993476e-02,1.86720209989e-04,5.35440918983e-04
8.13920454545e-01,6.70454545455e-01,6.48374064585e-02,8.11392538495e-05,3.51252048948e-04
8.33806818182e-01,6.70454545455e-01,6.37443857465e-02,-3.22372358828e-05,1.57788756880e-04
8.53693181818e-01,6.70454545455e-01,6.26355814982e-02,-1.49901534799e-04,-2.91502426566e-05
8.73579545455e-01,6.70454545455e-01,6.14723476880e-02,-2.69568950817e-04,-2.19509672422e-04
8.93465909091e-01,6.70454545455e-01,6.02393799753e-02,-3.72860811889e-04,-3.78212571986e-04
9.13352272727e-01,6.70454545455e-01,5.89907542957e-02,-4.92917852525e-04,-5.39755628118e-04
9.33238636364e-01,6.70454545455e-01,5.76926335252e-02,-6.01127500386e-04,-6.81614218236e-04
9.53125000000e-01,6.70454545455e-01,5.63501454672e-02,-7.12774466347e-04,-8.14663046375e-04
9.73011363636e-01,6.70454545455e-01,5.49492930173e-02,-8.07455881338e-04,-9.34793140002e-04
9.92897727273e-01,6.70454545455e-01,5.35014391827e-02,-9.04470039875e-04,-1.04896077087e-03
1.01278409091e+00,6.70454545455e-01,5.20262549474e-02,-1.00201761606e-03,-1.15568242194e-03
1.03267045455e+00,6.70454545455e-01,5.04897637584e-02,-1.06455202224e-03,-1.22956128247e-03
1.05255681818e+00,6.70454545455e-01,4.88881398894e-02,-1.10421276251e-03,-1.27550188133e-03
1.07244318182e+00,6.70454545455e-01,4.72579712570e-02,-1.13993624086e-03,-1.31741612080e-03
1.09232954545e+00,6.70454545455e-01,4.55953815212e-02,-1.16705038839e-03,-1.34717045006e-03
1.11221590909e+00,6.70454545455e-01,4.38672628880e-02,-1.17698005614e-03,-1.35043161433e-03
1.13210227273e+00,6.70454545455e-01,4.20774311236e-02,-1.14888778269e-03,-1.32437344544e-03
1.15198863636e+00,6.70454545455e-01,4.02564216819e-02,-1.12182718933e-03,-1.28619045207e-03
1.17187500000e+00,6.70454545455e-01,3.83908140629e-02,-1.09226494883e-03,-1.23687637258e-03
1.19176136364e+00,6.70454545455e-01,3.64552753353e-02,-1.03007821586e-03,-1.16210075627e-03
1.21164772727e+00,6.70454545455e-01,3.44718147935e-02,-9.67637580262e-04,-1.07821163946e-03
1.23153409091e+00,6.70454545455e-01,3.24367623522e-02,-9.03320711707e-04,-9.92585464407e-04
1.25142045455e+00,6.70454545455e-01,3.03859169275e-02,-8.33936152211e-04,-9.03288209660e-04
1.27130681818e+00,6.70454545455e-01,2.82546385937e-02,-7.60017494852e-04,-8.15525091083e-04
1.29119318182e+00,6.70454545455e-01,2.60769565602e-02,-6.86234743851e-04,-7.31246062447e-04
1.31107954545e+00,6.70454545455e-01,2.38454817777e-02,-6.13235090060e-04,-6.50783996719e-04
1.33096590909e+00,6.70454545455e-01,2.15309379330e-02,-5.42214349034e-04,-5.75626391222e-04
1.35085227273e+00,6.70454545455e-01,1.92072822693e-02,-4.70538884986e-04,-5.00334145823e-04
1.37073863636e+00,6.70454545455e-01,1.68240975426e-02,-3.99527062015e-04,-4.24685109639e-04
1.39062500000e+00,6.70454545455e-01,1.43964186048e-02,-3.27782309554e-04,-3.45524265540e-04
1.41051136364e+00,6.70454545455e-01,1.18977236322e-02,-2.59750602889e-04,-2.71659691436e-04
1.43039772727e+00,6.70454545455e-01,9.34684040246e-03,-1.95209190526e-04,-2.01950182774e-04
1.45028409091e+00,6.70454545455e-01,6.74910965379e-03,-1.34896040298e-04,-1.37497836282e-04
1.47017045455e+00,6.70454545455e-01,4.08445636183e-03,-8.06047258472e-05,-8.19132804980e-05
1.49005681818e+00,6.70454545455e-01,1.34727763586e-03,-2.73420721884e-05,-2.86769356134e-05
6.34943181818e-01,6.93181818182e-01,7.13372269856e-02,9.02417507564e-04,2.07981068336e-03
6.54829545455e-01,6.93181818182e-01,7.06610917635e-02,9.15053028342e-04,1.91047174379e-03
6.74715909091e-01,6.93181818182e-01,6.99252281446e-02,8.93525434999e-04,1.74448586213e-03
6.94602272727e-01,6.93181818182e-01,6.91771038291e-02,8.63612132928e-04,1.58224662726e-03
7.14488636364e-01,6.93181818182e-01,6.83715088217e-02,8.09893721493e-04,1.40272500073e-03
7.34375000000e-01,6.93181818182e-01,6.75140986425e-02,7.41252240704e-04,1.21194106344e-03
7.54261363636e-01,6.93181818182e-01,6.66369381708e-02,6.62934703015e-04,1.02382564946e-03
7.74147727273e-01,6.93181818182e-01,6.56986429858e-02,5.69058747760e-04,8.40662714354e-04
7.94034090909e-01,6.93181818182e-01,6.47360984203e-02,4.66480747364e-04,6.59936619882e-04
8.13920454545e-01,6.93181818182e-01,6.37279882990e-02,3.57074294726e-04,4.75793306536e-04
8.33806818182e-01,6.93181818182e-01,6.26616518420e-02,2.44810120270e-04,2.92315395862e-04
8.53693181818e-01,6.93181818182e-01,6.15528475937e-02,1.27145821353e-04,1.05376396326e-04
8.73579545455e-01,6.93181818182e-01,6.04178075062e-02,1.49938201663e-06,-8.43785922106e-05
8.93465909091e-01,6.93181818182e-01,5.92239845012e-02,-1.27220915091e-04,-2.54244046038e-04
9.13352272727e-01,6.93181818182e-01,5.79853401088e-02,-2.48712139022e-04,-4.13400161895e-04
9.33238636364e-01,6.93181818182e-01,5.67042920650e-02,-3.60488565363e-04,-5.52658784466e-04
9.53125000000e-01,6.93181818182e-01,5.53731943847e-02,-4.78181510734e-04,-6.88702147737e-04
9.73011363636e-01,6.93181818182e-01,5.40149836553e-02,-5.90227011267e-04,-8.15928183982e-04
9.92897727273e-01,6.93181818182e-01,5.25868555998e-02,-6.90971815403e-04,-9.30164303049e-04
1.01278409091e+00,6.93181818182e-01,5.11253554612e-02,-7.93423127373e-04,-1.03956948966e-03
1.03267045455e+00,6.93181818182e-01,4.96368297223e-02,-8.91726997935e-04,-1.14174714029e-03
1.05255681818e+00,6.93181818182e-01,4.80727481171e-02,-9.59826600314e-04,-1.20746935380e-03
1.07244318182e+00,6.93181818182e-01,4.64756783509e-02,-1.01407884940e-03,-1.25705285248e-03
1.09232954545e+00,6.93181818182e-01,4.48255431729e-02,-1.05070094532e-03,-1.29048932703e-03
1.11221590909e+00,6.93181818182e-01,4.31052011009e-02,-1.06873303818e-03,-1.29839180502e-03
1.13210227273e+00,6.93181818182e-01,4.13855159934e-02,-1.08945723886e-03,-1.29954089056e-03
1.15198863636e+00,6.93181818182e-01,3.95833662522e-02,-1.07581781357e-03,-1.26783972539e-03
1.17187500000e+00,6.93181818182e-01,3.77205557199e-02,-1.04833015479e-03,-1.21983028981e-03
1.19176136364e+00,6.93181818182e-01,3.58559715302e-02,-1.02466404432e-03,-1.17089181838e-03
1.21164772727e+00,6.93181818182e-01,3.39032138920e-02,-9.75979400065e-04,-1.09880190334e-03
1.23153409091e+00,6.93181818182e-01,3.18952082060e-02,-9.14160108893e-04,-1.01560327420e-03
1.25142045455e+00,6.93181818182e-01,2.98774056811e-02,-8.52702671869e-04,-9.33676644506e-04
1.27130681818e+00,6.93181818182e-01,2.77765176980e-02,-7.80444354247e-04,-8.48157031846e-04
1.29119318182e+00,6.93181818182e-01,2.56206091877e-02,-7.06069940569e-04,-7.64248509936e-04
1.31107954545e+00,6.93181818182e-01,2.34398874831e-02,-6.31716751154e-04,-6.84438780416e-04
1.33096590909e+00,6.93181818182e-01,2.11947772303e-02,-5.59443424180e-04,-6.08963783000e-04
1.35085227273e+00,6.93181818182e-01,1.89102115719e-02,-4.88678025745e-04,-5.33862065422e-04
1.37073863636e+00,6.93181818182e-01,1.65510498844e-02,-4.18447220922e-04,-4.58791658876e-04
1.39062500000e+00,6.93181818182e-01,1.41269118988e-02,-3.46385583145e-04,-3.79113641034e-04
1.41051136364e+00,6.93181818182e-01,1.16898277505e-02,-2.75710009418e-04,-2.99262502057e-04
1.43039772727e+00,6.93181818182e-01,9.16450233210e-03,-2.08018770170e-04,-2.24773247475e-04
1.45028409091e+00,6.93181818182e-01,6.60842466475e-03,-1.44098775572e-04,-1.54538699354e-04
1.47017045455e+00,6.93181818182e-01,4.02316137177e-03,-8.27489018103e-05,-8.75745625144e-05
1.49005681818e+00,6.93181818182e-01,1.34727763586e-03,-2.73420721884e-05,-2.86769356134e-05
6.34943181818e-01,7.15909090909e-01,6.96027182086e-02,1.15290271609e-03,2.12755992734e-03
6.54829545455e-01,7.15909090909e-01,6.89490922353e-02,1.16827896650e-03,1.97331037832e-03
6.74715909091e-01,7.15909090909e-01,6.82338681605e-02,1.14874963851e-03,1.81113817342e-03
6.94602272727e-01,7.15909090909e-01,6.74971483770e-02,1.12076307757e-03,1.65238948781e-03
7.14488636364e-01,7.15909090909e-01,6.67198742637e-02,1.08130280807e-03,1.49746669879e-03
7.34375000000e-01,7.15909090909e-01,6.58840292902e-02,1.01127031088e-03,1.31619962970e-03
7.54261363636e-01,7.15909090909e-01,6.50243900293e-02,9.30643908874e-04,1.13380491760e-03
7.74147727273e-01,7.15909090909e-01,6.41185980274e-02,8.30680142099e-04,9.46236117692e-04
7.94034090909e-01,7.15909090909e-01,6.31707438512e-02,7.30810995788e-04,7.70701878217e-04
8.13920454545e-01,7.15909090909e-01,6.21898449432e-02,6.28320678229e-04,5.98672996050e-04
8.33806818182e-01,7.15909090909e-01,6.11524117977e-02,5.08676471923e-04,4.16134222950e-04
8.53693181818e-01,7.15909090909e-01,6.00706608027e-02,3.86708813074e-04,2.30270389852e-04
8.73579545455e-01,7.15909090909e-01,5.89662345609e-02,2.58975013738e-04,4.19416299082e-05
8.93465909091e-01,7.15909090909e-01,5.77988734132e-02,1.28078140254e-04,-1.23375110517e-04
9.13352272727e-01,7.15909090909e-01,5.65901072389e-02,2.17257984296e-07,-2.81218584681e-04
9.33238636364e-01,7.15909090909e-01,5.53493452131e-02,-1.31825152633e-04,-4.30119942120e-04
9.53125000000e-01,7.15909090909e-01,5.40475803654e-02,-2.51901264529e-04,-5.63037916653e-04
9.73011363636e-01,7.15909090909e-01,5.27156050855e-02,-3.67026272973e-04,-6.88503978874e-04
9.92897727273e-01,7.15909090909e-01,5.13353713688e-02,-4.84934152362e-04,-8.12132472327e-04
1.01278409091e+00,7.15909090909e-01,4.99023828628e-02,-5.93453240372e-04,-9.23864440395e-04
1.03267045455e+00,7.15909090909e-01,4.84461164776e-02,-6.97982336483e-04,-1.02817110219e-03
1.05255681818e+00,7.15909090909e-01,4.69232765124e-02,-7.90474387997e-04,-1.11230072425e-03
1.07244318182e+00,7.15909090909e-01,4.53566998102e-02,-8.59727346203e-04,-1.17213691866e-03
1.09232954545e+00,7.15909090909e-01,4.37574677095e-02,-9.13306781856e-04,-1.21374472458e-03
1.11221590909e+00,7.15909090909e-01,4.20820443054e-02,-9.46521566456e-04,-1.22778008953e-03
1.13210227273e+00,7.15909090909e-01,4.03870296987e-02,-9.76497408491e-04,-1.23332267477e-03
1.15198863636e+00,7.15909090909e-01,3.86444208992e-02,-9.95763832935e-04,-1.22410304302e-03
1.17187500000e+00,7.15909090909e-01,3.68256779937e-02,-9.84731317055e-04,-1.18598950654e-03
1.19176136364e+00,7.15909090909e-01,3.49920607948e-02,-9.72035548296e-04,-1.14349887144e-03
1.21164772727e+00,7.15909090909e-01,3.30990553437e-02,-9.46975770532e-04,-1.09026797541e-03
1.23153409091e+00,7.15909090909e-01,3.11382310215e-02,-9.01808858185e-04,-1.02174961900e-03
1.25142045455e+00,7.15909090909e-01,2.91633615791e-02,-8.54752046736e-04,-9.53102092552e-04
1.27130681818e+00,7.15909090909e-01,2.71168789879e-02,-7.90131234208e-04,-8.74838293497e-04
1.29119318182e+00,7.15909090909e-01,2.50113160324e-02,-7.19319021061e-04,-7.95075940989e-04
1.31107954545e+00,7.15909090909e-01,2.28869491563e-02,-6.45165167719e-04,-7.17131970552e-04
1.33096590909e+00,7.15909090909e-01,2.06895574041e-02,-5.71808720483e-04,-6.40586195342e-04
1.35085227273e+00,7.15909090909e-01,1.84475888081e-02,-5.00288944054e-04,-5.64595955825e-04
1.37073863636e+00,7.15909090909e-01,1.61651845412e-02,-4.31290823506e-04,-4.88745822556e-04
1.39062500000e+00,7.15909090909e-01,1.37975150186e-02,-3.61211445318e-04,-4.08342389127e-04
1.41051136364e+00,7.15909090909e-01,1.14059358605e-02,-2.91669904584e-04,-3.27378331828e-04
1.43039772727e+00,7.15909090909e-01,8.96250169840e-03,-2.19229277254e-04,-2.44600736343e-04
1.45028409091e+00,7.15909090909e-01,6.45452266508e-03,-1.51900127750e-04,-1.68960744718e-04
1.47017045455e+00,7.15909090909e-01,3.92357984740e-03,-8.66032231178e-05,-9.58079261102e-05
1.49005681818e+00,7.15909090909e-01,1.31615840950e-03,-2.85465475970e-05,-3.12498617371e-05
6.34943181818e-01,7.38636363636e-01,6.72735027904e-02,1.36835169399e-03,2.11934277081e-03
6.54829545455e-01,7.38636363636e-01,6.66519722821e-02,1.40202417287e-03,1.99891279926e-03
6.74715909091e-01,7.38636363636e-01,6.59775833750e-02,1.39193407329e-03,1.85882841952e-03
6.94602272727e-01,7.38636363636e-01,6.52571350557e-02,1.36203046623e-03,1.70425656016e-03
7.14488636364e-01,7.38636363636e-01,6.45045782216e-02,1.31808466639e-03,1.55439831398e-03
7.34375000000e-01,7.38636363636e-01,6.37096372898e-02,1.26070105468e-03,1.40073422900e-03
7.54261363636e-01,7.38636363636e-01,6.28730142480e-02,1.18289747199e-03,1.22602464086e-03
7.74147727273e-01,7.38636363636e-01,6.20020741031e-02,1.08532545385e-03,1.04657800011e-03
7.94034090909e-01,7.38636363636e-01,6.10576033748e-02,9.84437584626e-04,8.70849030281e-04
8.13920454545e-01,7.38636363636e-01,6.01256367811e-02,8.69961348290e-04,6.98491277383e-04
8.33806818182e-01,7.38636363636e-01,5.91134115388e-02,7.54009825722e-04,5.27144478553e-04
8.53693181818e-01,7.38636363636e-01,5.80944388673e-02,6.30029942178e-04,3.57193198000e-04
8.73579545455e-01,7.38636363636e-01,5.70167617444e-02,4.98312578380e-04,1.73154949754e-04
8.93465909091e-01,7.38636363636e-01,5.58696201110e-02,3.62727707363e-04,4.19984519609e-06
9.13352272727e-01,7.38636363636e-01,5.47306717456e-02,2.24200640206e-04,-1.57065671244e-04
9.33238636364e-01,7.38636363636e-01,5.35283296789e-02,9.46309580688e-05,-2.99487594542e-04
9.53125000000e-01,7.38636363636e-01,5.22465718895e-02,-2.92999094630e-05,-4.33094206761e-04
9.73011363636e-01,7.38636363636e-01,5.09708970457e-02,-1.59069050405e-04,-5.64973654648e-04
9.92897727273e-01,7.38636363636e-01,4.96331962563e-02,-2.81152147588e-04,-6.88480943528e-04
1.01278409091e+00,7.38636363636e-01,4.82756266587e-02,-4.03460136604e-04,-8.05845114530e-04
1.03267045455e+00,7.38636363636e-01,4.68493417359e-02,-5.14840785108e-04,-9.13534802358e-04
1.05255681818e+00,7.38636363636e-01,4.53939997455e-02,-6.23560030269e-04,-1.00389735850e-03
1.07244318182e+00,7.38636363636e-01,4.38349215233e-02,-6.97247979227e-04,-1.06708035447e-03
1.09232954545e+00,7.38636363636e-01,4.23101787252e-02,-7.71854368377e-04,-1.12669267016e-03
1.11221590909e+00,7.38636363636e-01,4.06806049093e-02,-8.13346528441e-04,-1.14441615453e-03
1.13210227273e+00,7.38636363636e-01,3.90661432169e-02,-8.52710655748e-04,-1.15308544402e-03
1.15198863636e+00,7.38636363636e-01,3.73767139226e-02,-8.80143038183e-04,-1.14752436851e-03
1.17187500000e+00,7.38636363636e-01,3.55937815887e-02,-8.83009892475e-04,-1.11931756038e-03
1.19176136364e+00,7.38636363636e-01,3.38470345738e-02,-8.96308553207e-04,-1.09779162166e-03
1.21164772727e+00,7.38636363636e-01,3.20244088699e-02,-8.85032540344e-04,-1.05618751756e-03
1.23153409091e+00,7.38636363636e-01,3.00889641947e-02,-8.48301745769e-04,-9.95162529212e-04
1.25142045455e+00,7.38636363636e-01,2.82004968848e-02,-8.22062925159e-04,-9.47848895881e-04
1.27130681818e+00,7.38636363636e-01,2.62022921914e-02,-7.68005384532e-04,-8.80885131665e-04
1.29119318182e+00,7.38636363636e-01,2.42151937715e-02,-7.15979535526e-04,-8.19823318676e-04
1.31107954545e+00,7.38636363636e-01,2.21408753114e-02,-6.48623894212e-04,-7.47621385156e-04
1.33096590909e+00,7.38636363636e-01,1.99805093975e-02,-5.76013848311e-04,-6.71296813289e-04
1.35085227273e+00,7.38636363636e-01,1.78157914215e-02,-5.05596900893e-04,-5.95466789168e-04
1.37073863636e+00,7.38636363636e-01,1.56176812310e-02,-4.35912737205e-04,-5.16106060108e-04
1.39062500000e+00,7.38636363636e-01,1.33824567280e-02,-3.68060114959e-04,-4.33844588953e-04
1.41051136364e+00,7.38636363636e-01,1.10263472856e-02,-2.98335587982e-04,-3.51521832190e-04
1.43039772727e+00,7.38636363636e-01,8.65659560379e-03,-2.27002472007e-04,-2.65536042491e-04
1.45028409091e+00,7.38636363636e-01,6.27770008184e-03,-1.57899524447e-04,-1.81749949972e-04
1.47017045455e+00,7.38636363636e-01,3.79774470033e-03,-9.14285235458e-05,-1.05183692129e-04
1.49005681818e+00,7.38636363636e-01,1.30371071895e-03,-2.90283377604e-05,-3.22790321865e-05
6.34943181818e-01,7.61363636364e-01,6.45406778665e-02,1.57064141458e-03,2.11096120119e-03
6.54829545455e-01,7.61363636364e-01,6.39244557808e-02,1.60580313810e-03,1.99488094571e-03
6.74715909091e-01,7.61363636364e-01,6.32500668737e-02,1.59571303852e-03,1.85479656597e-03
6.94602272727e-01,7.61363636364e-01,6.25933957586e-02,1.58132394200e-03,1.73742631284e-03
7.14488636364e-01,7.61363636364e-01,6.18650991924e-02,1.53656753425e-03,1.59621298515e-03
7.34375000000e-01,7.61363636364e-01,6.10783973536e-02,1.47768874576e-03,1.44423708112e-03
7.54261363636e-01,7.61363636364e-01,6.02956937136e-02,1.40509130353e-03,1.29301966274e-03
7.74147727273e-01,7.61363636364e-01,5.94464456896e-02,1.31051000719e-03,1.11950674295e-03
7.94034090909e-01,7.61363636364e-01,5.85999512246e-02,1.20967194684e-03,9.62722321706e-04
8.13920454545e-01,7.61363636364e-01,5.76715857600e-02,1.09572323675e-03,7.91963422275e-04
8.33806818182e-01,7.61363636364e-01,5.66891983170e-02,9.82777280854e-04,6.32148620834e-04
8.53693181818e-01,7.61363636364e-01,5.57026349188e-02,8.53987577855e-04,4.64577502110e-04
8.73579545455e-01,7.61363636364e-01,5.46861380862e-02,7.24187359240e-04,2.96171982261e-04
8.93465909091e-01,7.61363636364e-01,5.36217744632e-02,5.82170152044e-04,1.26979457725e-04
9.13352272727e-01,7.61363636364e-01,5.24828260979e-02,4.43643084886e-04,-3.42860587152e-05
9.33238636364e-01,7.61363636364e-01,5.13293592700e-02,3.09157735757e-04,-1.76580993042e-04
9.53125000000e-01,7.61363636364e-01,5.01593337320e-02,1.76248916774e-04,-3.05903896456e-04
9.73011363636e-01,7.61363636364e-01,4.88978365306e-02,4.50880365674e-05,-4.37742942819e-04
9.92897727273e-01,7.61363636364e-01,4.76020841954e-02,-8.17248955279e-05,-5.61778639105e-04
1.01278409091e+00,7.61363636364e-01,4.62750463478e-02,-2.08050000331e-04,-6.80135715576e-04
1.03267045455e+00,7.61363636364e-01,4.49397138227e-02,-3.33734463937e-04,-7.97523991713e-04
1.05255681818e+00,7.61363636364e-01,4.34962831605e-02,-4.44162325944e-04,-8.88475204275e-04
1.07244318182e+00,7.61363636364e-01,4.21077976191e-02,-5.52562843087e-04,-9.72179344719e-04
1.09232954545e+00,7.61363636364e-01,4.05955138759e-02,-6.30419553704e-04,-1.03413459606e-03
1.11221590909e+00,7.61363636364e-01,3.90700378541e-02,-6.86258289774e-04,-1.05943352807e-03
1.13210227273e+00,7.61363636364e-01,3.74938861753e-02,-7.26635517933e-04,-1.06727721525e-03
1.15198863636e+00,7.61363636364e-01,3.58569870587e-02,-7.59212404208e-04,-1.06325330959e-03
1.17187500000e+00,7.61363636364e-01,3.42048604278e-02,-7.86124579740e-04,-1.05247189924e-03
1.19176136364e+00,7.61363636364e-01,3.24581134128e-02,-7.99423240472e-04,-1.03094596052e-03
1.21164772727e+00,7.61363636364e-01,3.06796010106e-02,-7.97225542317e-04,-9.97632995323e-04
1.23153409091e+00,7.61363636364e-01,2.89399142790e-02,-7.97702547126e-04,-9.74740688328e-04
1.25142045455e+00,7.61363636364e-01,2.70673070378e-02,-7.74363129563e-04,-9.30802380920e-04
1.27130681818e+00,7.61363636364e-01,2.51801228248e-02,-7.40601410270e-04,-8.87465898170e-04
1.29119318182e+00,7.61363636364e-01,2.31930244049e-02,-6.88575561264e-04,-8.26404085181e-04
1.31107954545e+00,7.61363636364e-01,2.12338300931e-02,-6.37494235469e-04,-7.68672232497e-04
1.33096590909e+00,7.61363636364e-01,1.91491518272e-02,-5.68403333921e-04,-6.94768740382e-04
1.35085227273e+00,7.61363636364e-01,1.71496800611e-02,-5.07727533097e-04,-6.22646170165e-04
1.37073863636e+00,7.61363636364e-01,1.50044785389e-02,-4.38783842849e-04,-5.41653361889e-04
1.39062500000e+00,7.61363636364e-01,1.27692540359e-02,-3.70931220603e-04,-4.59391890734e-04
1.41051136364e+00,7.61363636364e-01,1.06156187902e-02,-3.03281314448e-04,-3.71335103637e-04
1.43039772727e+00,7.61363636364e-01,8.34012053331e-03,-2.33366669513e-04,-2.82492900243e-04
1.45028409091e+00,7.61363636364e-01,5.96122501136e-03,-1.64263721953e-04,-1.98706807724e-04
1.47017045455e+00,7.61363636364e-01,3.63701151134e-03,-9.60662734143e-05,-1.14343848600e-04
1.49005681818e+00,7.61363636364e-01,1.16306917858e-03,-3.30863688954e-05,-4.02941690989e-05
6.34943181818e-01,7.84090909091e-01,6.13200835413e-02,1.73597131866e-03,2.04172238832e-03
6.54829545455e-01,7.84090909091e-01,6.07461493740e-02,1.77296527699e-03,1.95284298660e-03
6.74715909091e-01,7.84090909091e-01,6.01284321392e-02,1.77623629368e-03,1.84928773221e-03
6.94602272727e-01,7.84090909091e-01,5.94750001059e-02,1.76286131385e-03,1.73398963779e-03
7.14488636364e-01,7.84090909091e-01,5.87853078420e-02,1.72426986851e-03,1.61415768322e-03
7.34375000000e-01,7.84090909091e-01,5.80686924454e-02,1.66561840490e-03,1.48474390693e-03
7.54261363636e-01,7.84090909091e-01,5.73095277946e-02,1.59427148046e-03,1.33995523997e-03
7.74147727273e-01,7.84090909091e-01,5.65049656900e-02,1.50826441545e-03,1.18007713788e-03
7.94034090909e-01,7.84090909091e-01,5.56728227983e-02,1.40800664972e-03,1.02736991894e-03
8.13920454545e-01,7.84090909091e-01,5.48219913931e-02,1.30016430363e-03,8.76572240598e-04
8.33806818182e-01,7.84090909091e-01,5.39055065015e-02,1.17948002597e-03,7.22810542791e-04
8.53693181818e-01,7.84090909091e-01,5.29533742745e-02,1.05659103262e-03,5.66581640764e-04
8.73579545455e-01,7.84090909091e-01,5.19773840356e-02,9.32714035915e-04,4.10154644839e-04
8.93465909091e-01,7.84090909091e-01,5.09451500515e-02,7.91215954727e-04,2.43692624855e-04
9.13352272727e-01,7.84090909091e-01,4.99071338219e-02,6.49656195750e-04,8.62854403164e-05
9.33238636364e-01,7.84090909091e-01,4.88032224650e-02,5.03849917555e-04,-6.22603480040e-05
9.53125000000e-01,7.84090909091e-01,4.76506109413e-02,3.72005554925e-04,-1.88622264618e-04
9.73011363636e-01,7.84090909091e-01,4.64856533766e-02,2.40606784769e-04,-3.10608273350e-04
9.92897727273e-01,7.84090909091e-01,4.52570708915e-02,1.04956197943e-04,-4.36828361668e-04
1.01278409091e+00,7.84090909091e-01,4.40187474181e-02,-2.68092800719e-05,-5.57984092381e-04
1.03267045455e+00,7.84090909091e-01,4.27221900072e-02,-1.56290692569e-04,-6.78639616597e-04
1.05255681818e+00,7.84090909091e-01,4.13661086356e-02,-2.72703379916e-04,-7.71010428515e-04
1.07244318182e+00,7.84090909091e-01,4.00117244805e-02,-3.83061299123e-04,-8.56157103196e-04
1.09232954545e+00,7.84090909091e-01,3.85908347693e-02,-4.83449646063e-04,-9.31194572165e-04
1.11221590909e+00,7.84090909091e-01,3.71091119874e-02,-5.47292838295e-04,-9.61626609487e-04
1.13210227273e+00,7.84090909091e-01,3.56172903667e-02,-6.02732049988e-04,-9.79971432882e-04
1.15198863636e+00,7.84090909091e-01,3.40646732800e-02,-6.37537758138e-04,-9.74131202124e-04
1.17187500000e+00,7.84090909091e-01,3.24785052822e-02,-6.68965069657e-04,-9.65570013418e-04
1.19176136364e+00,7.84090909091e-01,3.08849558628e-02,-6.95665826260e-04,-9.54518778342e-04
1.21164772727e+00,7.84090909091e-01,2.91978124859e-02,-7.12971517136e-04,-9.39979863865e-04
1.23153409091e+00,7.84090909091e-01,2.74667589082e-02,-7.14606797392e-04,-9.18485752733e-04
1.25142045455e+00,7.84090909091e-01,2.57278444593e-02,-7.09466781209e-04,-8.96329799517e-04
1.27130681818e+00,7.84090909091e-01,2.39034028291e-02,-6.85437611348e-04,-8.65320563392e-04
1.29119318182e+00,7.84090909091e-01,2.20895399715e-02,-6.57807729677e-04,-8.31760467118e-04
1.31107954545e+00,7.84090909091e-01,2.01954213920e-02,-6.16202507374e-04,-7.82756658352e-04
1.33096590909e+00,7.84090909091e-01,1.82599458853e-02,-5.63652575471e-04,-7.21776008445e-04
1.35085227273e+00,7.84090909091e-01,1.62949327641e-02,-5.06126150732e-04,-6.50883605986e-04
1.37073863636e+00,7.84090909091e-01,1.42594356157e-02,-4.40583572905e-04,-5.67417103040e-04
1.39062500000e+00,7.84090909091e-01,1.21933010720e-02,-3.73949024173e-04,-4.78769075343e-04
1.41051136364e+00,7.84090909091e-01,1.00706156646e-02,-3.06262447074e-04,-3.89379370714e-04
1.43039772727e+00,7.84090909091e-01,7.89109109245e-03,-2.37793538655e-04,-2.98603816886e-04
1.45028409091e+00,7.84090909091e-01,5.71864626081e-03,-1.68556178779e-04,-2.08617948052e-04
1.47017045455e+00,7.84090909091e-01,3.47504159247e-03,-9.95665923443e-05,-1.21266488800e-04
1.49005681818e+00,7.84090909091e-01,1.16306917858e-03,-3.30863688954e-05,-4.02941690989e-05
6.34943181818e-01,8.06818181818e-01,5.74520103891e-02,1.84791190104e-03,1.93136190594e-03
6.54829545455e-01,8.06818181818e-01,5.69254275358e-02,1.89215280879e-03,1.88555670345e-03
6.74715909091e-01,8.06818181818e-01,5.63514268764e-02,1.89279527567e-03,1.80642236173e-03
6.94602272727e-01,8.06818181818e-01,5.57221779350e-02,1.87838786174e-03,1.70339354390e-03
7.14488636364e-01,8.06818181818e-01,5.50928525691e-02,1.84206947418e-03,1.59992565379e-03
7.34375000000e-01,8.06818181818e-01,5.44224461000e-02,1.79352648944e-03,1.49173206358e-03
7.54261363636e-01,8.06818181818e-01,5.36958680096e-02,1.72991543424e-03,1.36253887110e-03
7.74147727273e-01,8.06818181818e-01,5.29563525750e-02,1.64506805145e-03,1.22053963811e-03
7.94034090909e-01,8.06818181818e-01,5.21660033262e-02,1.54601494280e-03,1.07381456984e-03
8.13920454545e-01,8.06818181818e-01,5.13740942411e-02,1.44023408053e-03,9.27100658685e-04
8.33806818182e-01,8.06818181818e-01,5.05318900626e-02,1.33507440398e-03,7.94565401099e-04
8.53693181818e-01,8.06818181818e-01,4.96151258060e-02,1.21583554768e-03,6.45143830030e-04
8.73579545455e-01,8.06818181818e-01,4.87181160590e-02,1.09225121044e-03,4.96988828033e-04
8.93465909091e-01,8.06818181818e-01,4.77438516724e-02,9.57503089826e-04,3.37713340294e-04
9.13352272727e-01,8.06818181818e-01,4.67713553019e-02,8.22487526047e-04,1.88842380155e-04
9.33238636364e-01,8.06818181818e-01,4.57559843206e-02,6.82289559922e-04,5.30656222173e-05
9.53125000000e-01,8.06818181818e-01,4.46536649995e-02,5.44388002423e-04,-7.47248918139e-05
9.73011363636e-01,8.06818181818e-01,4.35533688381e-02,4.05201410292e-04,-1.98547668654e-04
9.92897727273e-01,8.06818181818e-01,4.24230983746e-02,2.77648299854e-04,-3.09078764905e-04
1.01278409091e+00,8.06818181818e-01,4.12630729482e-02,1.45370423978e-04,-4.24961464430e-04
1.03267045455e+00,8.06818181818e-01,4.00380149540e-02,1.28276662931e-05,-5.43492352787e-04
1.05255681818e+00,8.06818181818e-01,3.87735673621e-02,-1.14285231006e-04,-6.48166926180e-04
1.07244318182e+00,8.06818181818e-01,3.75044366726e-02,-2.29536655374e-04,-7.36919936454e-04
1.09232954545e+00,8.06818181818e-01,3.61794708062e-02,-3.29990503716e-04,-8.07587582254e-04
1.11221590909e+00,8.06818181818e-01,3.47797775546e-02,-4.10815469566e-04,-8.51847807427e-04
1.13210227273e+00,8.06818181818e-01,3.33612691473e-02,-4.80450315361e-04,-8.81693498117e-04
1.15198863636e+00,8.06818181818e-01,3.19418266091e-02,-5.29082254876e-04,-8.86291808447e-04
1.17187500000e+00,8.06818181818e-01,3.04345730985e-02,-5.61508416661e-04,-8.77607764397e-04
1.19176136364e+00,8.06818181818e-01,2.89405755612e-02,-5.88721356824e-04,-8.65996586133e-04
1.21164772727e+00,8.06818181818e-01,2.73979221790e-02,-6.12994895940e-04,-8.59250844580e-04
1.23153409091e+00,8.06818181818e-01,2.57308437944e-02,-6.22982431030e-04,-8.47327908596e-04
1.25142045455e+00,8.06818181818e-01,2.41099691997e-02,-6.35122427901e-04,-8.45003899246e-04
1.27130681818e+00,8.06818181818e-01,2.24081241100e-02,-6.25262427751e-04,-8.35254181740e-04
1.29119318182e+00,8.06818181818e-01,2.07078043708e-02,-6.10600832105e-04,-8.17810150897e-04
1.31107954545e+00,8.06818181818e-01,1.89408841112e-02,-5.83356669348e-04,-7.83002167459e-04
1.33096590909e+00,8.06818181818e-01,1.71372544832e-02,-5.45750541768e-04,-7.35650600429e-04
1.35085227273e+00,8.06818181818e-01,1.52694095688e-02,-4.98145752449e-04,-6.71593314916e-04
1.37073863636e+00,8.06818181818e-01,1.33952782220e-02,-4.46162162018e-04,-5.90900488826e-04
1.39062500000e+00,8.06818181818e-01,1.14447389779e-02,-3.81439922155e-04,-4.98541993972e-04
1.41051136364e+00,8.06818181818e-01,9.41196102563e-03,-3.15240696399e-04,-4.06266370443e-04
1.43039772727e+00,8.06818181818e-01,7.40507239301e-03,-2.45912755682e-04,-3.11096049591e-04
1.45028409091e+00,8.06818181818e-01,5.36850861228e-03,-1.75164128964e-04,-2.17762224908e-04
1.47017045455e+00,8.06818181818e-01,3.24838649988e-03,-1.04486362876e-04,-1.27410192858e-04
1.49005681818e+00,8.06818181818e-01,1.12057134872e-03,-3.40088258700e-05,-4.14461136097e-05
6.34943181818e-01,8.29545454545e-01,5.29937356665e-02,1.89375889084e-03,1.79029628021e-03
6.54829545455e-01,8.29545454545e-01,5.25149388286e-02,1.94068030202e-03,1.77453090942e-03
6.74715909091e-01,8.29545454545e-01,5.20022129545e-02,1.95394181700e-03,1.73416900288e-03
6.94602272727e-01,8.29545454545e-01,5.14318740765e-02,1.94229862909e-03,1.65336263777e-03
7.14488636364e-01,8.29545454545e-01,5.08386203290e-02,1.91027910564e-03,1.56202809104e-03
7.34375000000e-01,8.29545454545e-01,5.01737833155e-02,1.86176966186e-03,1.45484304934e-03
7.54261363636e-01,8.29545454545e-01,4.95600769520e-02,1.80712236540e-03,1.35657589573e-03
7.74147727273e-01,8.29545454545e-01,4.88794932686e-02,1.73408426641e-03,1.23633519833e-03
7.94034090909e-01,8.29545454545e-01,4.81683507220e-02,1.64310476559e-03,1.10223977618e-03
8.13920454545e-01,8.29545454545e-01,4.73957017716e-02,1.53976522912e-03,9.59240744972e-04
8.33806818182e-01,8.29545454545e-01,4.65877636816e-02,1.43454653536e-03,8.29207971335e-04
8.53693181818e-01,8.29545454545e-01,4.58171692015e-02,1.32932626875e-03,7.07107531542e-04
8.73579545455e-01,8.29545454545e-01,4.49566165678e-02,1.21233790606e-03,5.69481967023e-04
8.93465909091e-01,8.29545454545e-01,4.40313203351e-02,1.08135380959e-03,4.16991555168e-04
9.13352272727e-01,8.29545454545e-01,4.31284356297e-02,9.48630370785e-04,2.78893779688e-04
9.33238636364e-01,8.29545454545e-01,4.21935209636e-02,8.09849489949e-04,1.44064403104e-04
9.53125000000e-01,8.29545454545e-01,4.12599174185e-02,6.83426553697e-04,3.29374571698e-05
9.73011363636e-01,8.29545454545e-01,4.02182274558e-02,5.47033947364e-04,-8.52983724581e-05
9.92897727273e-01,8.29545454545e-01,3.91773677533e-02,4.19247798097e-04,-1.92690162532e-04
1.01278409091e+00,8.29545454545e-01,3.80173423269e-02,2.86969922222e-04,-3.08572862057e-04
1.03267045455e+00,8.29545454545e-01,3.69571075347e-02,1.63970392766e-04,-4.13547454363e-04
1.05255681818e+00,8.29545454545e-01,3.58279335304e-02,3.76984481448e-05,-5.18534779668e-04
1.07244318182e+00,8.29545454545e-01,3.45588028409e-02,-7.75529762237e-05,-6.07287789942e-04
1.09232954545e+00,8.29545454545e-01,3.33754858937e-02,-1.90765520745e-04,-6.85919562924e-04
1.11221590909e+00,8.29545454545e-01,3.21631945954e-02,-2.79510495580e-04,-7.31896289207e-04
1.13210227273e+00,8.29545454545e-01,3.07827360591e-02,-3.53095693194e-04,-7.64724420207e-04
1.15198863636e+00,8.29545454545e-01,2.94664359606e-02,-4.19002233743e-04,-7.85262395499e-04
1.17187500000e+00,8.29545454545e-01,2.80451699783e-02,-4.57969511506e-04,-7.82063149010e-04
1.19176136364e+00,8.29545454545e-01,2.67199296292e-02,-4.93743010890e-04,-7.77807362627e-04
1.21164772727e+00,8.29545454545e-01,2.52892500140e-02,-5.18074386749e-04,-7.71089015285e-04
1.23153409091e+00,8.29545454545e-01,2.38228345059e-02,-5.41476786309e-04,-7.74672794458e-04
1.25142045455e+00,8.29545454545e-01,2.22519238638e-02,-5.56618359377e-04,-7.76304294743e-04
1.27130681818e+00,8.29545454545e-01,2.06507274409e-02,-5.57581699927e-04,-7.79254312001e-04
1.29119318182e+00,8.29545454545e-01,1.91421610733e-02,-5.63356783887e-04,-7.85114151866e-04
1.31107954545e+00,8.29545454545e-01,1.74796847119e-02,-5.47667880335e-04,-7.63921694856e-04
1.33096590909e+00,8.29545454545e-01,1.57310098996e-02,-5.15278399190e-04,-7.21353094265e-04
1.35085227273e+00,8.29545454545e-01,1.41161929937e-02,-4.90168694721e-04,-6.78138496165e-04
1.37073863636e+00,8.29545454545e-01,1.23593484797e-02,-4.46686865798e-04,-6.05232115192e-04
1.39062500000e+00,8.29545454545e-01,1.04615530550e-02,-3.85914108729e-04,-5.13684511492e-04
1.41051136364e+00,8.29545454545e-01,8.69055098729e-03,-3.29391902522e-04,-4.20624545123e-04
1.43039772727e+00,8.29545454545e-01,6.80918475460e-03,-2.58713825797e-04,-3.22264425276e-04
1.45028409091e+00,8.29545454545e-01,5.00192173711e-03,-1.84298888343e-04,-2.25449096250e-04
1.47017045455e+00,8.29545454545e-01,3.00350096259e-03,-1.11434599465e-04,-1.32920640414e-04
1.49005681818e+00,8.29545454545e-01,1.06390757558e-03,-3.52387685030e-05,-4.29820396240e-05
6.34943181818e-01,8.52272727273e-01,4.80721646248e-02,1.88803368427e-03,1.64507565259e-03
6.54829545455e-01,8.52272727273e-01,4.76064003365e-02,1.93568614184e-03,1.63750296318e-03
6.74715909091e-01,8.52272727273e-01,4.71317009178e-02,1.94912067921e-03,1.61112049701e-03
6.94602272727e-01,8.52272727273e-01,4.66040599914e-02,1.94675901578e-03,1.55734528794e-03
7.14488636364e-01,8.52272727273e-01,4.60649741255e-02,1.92096833955e-03,1.48352776762e-03
7.34375000000e-01,8.52272727273e-01,4.55285463635e-02,1.88404842601e-03,1.40926872020e-03
7.54261363636e-01,8.52272727273e-01,4.49359233360e-02,1.83046639691e-03,1.31458477233e-03
7.74147727273e-01,8.52272727273e-01,4.43063830780e-02,1.76500471944e-03,1.20925130178e-03
7.94034090909e-01,8.52272727273e-01,4.36252006209e-02,1.68053637278e-03,1.08647990072e-03
8.13920454545e-01,8.52272727273e-01,4.29688152549e-02,1.59099964923e-03,9.65165290909e-04
8.33806818182e-01,8.52272727273e-01,4.22225561242e-02,1.48567472451e-03,8.39636988381e-04
8.53693181818e-01,8.52272727273e-01,4.15002496134e-02,1.38975448610e-03,7.29462978921e-04
8.73579545455e-01,8.52272727273e-01,4.07481540141e-02,1.28670188100e-03,6.16007661323e-04
8.93465909091e-01,8.52272727273e-01,3.99706119879e-02,1.16947366280e-03,4.91614646249e-04
9.13352272727e-01,8.52272727273e-01,3.91086414586e-02,1.03729782215e-03,3.53497508683e-04
9.33238636364e-01,8.52272727273e-01,3.82435079554e-02,9.02246403433e-04,2.21962297863e-04
9.53125000000e-01,8.52272727273e-01,3.73997256492e-02,7.79430993385e-04,1.14947774589e-04
9.73011363636e-01,8.52272727273e-01,3.64443961179e-02,6.55144833149e-04,9.93451533471e-06
9.92897727273e-01,8.52272727273e-01,3.54597094542e-02,5.28400896055e-04,-9.47024257531e-05
1.01278409091e+00,8.52272727273e-01,3.45521843264e-02,4.13942378651e-04,-1.87617784867e-04
1.03267045455e+00,8.52272727273e-01,3.35015070052e-02,2.91904084840e-04,-2.91471217400e-04
1.05255681818e+00,8.52272727273e-01,3.24024100618e-02,1.66657374334e-04,-3.95628682869e-04
1.07244318182e+00,8.52272727273e-01,3.14219788355e-02,5.39980279117e-05,-4.80549561460e-04
1.09232954545e+00,8.52272727273e-01,3.02701585803e-02,-6.26892890176e-05,-5.61678397297e-04
1.11221590909e+00,8.52272727273e-01,2.90688443768e-02,-1.51368292344e-04,-6.07249752097e-04
1.13210227273e+00,8.52272727273e-01,2.79896047439e-02,-2.37359545875e-04,-6.47250711466e-04
1.15198863636e+00,8.52272727273e-01,2.67441114596e-02,-3.12578191988e-04,-6.76327244350e-04
1.17187500000e+00,8.52272727273e-01,2.55268345544e-02,-3.69757908194e-04,-6.90345326393e-04
1.19176136364e+00,8.52272727273e-01,2.42015942053e-02,-4.05531407578e-04,-6.86089540009e-04
1.21164772727e+00,8.52272727273e-01,2.28477910258e-02,-4.30478105193e-04,-6.79837221757e-04
1.23153409091e+00,8.52272727273e-01,2.15169271034e-02,-4.56828587439e-04,-6.85690270358e-04
1.25142045455e+00,8.52272727273e-01,2.01962671352e-02,-4.81806313625e-04,-6.96782756663e-04
1.27130681818e+00,8.52272727273e-01,1.87953337771e-02,-4.99755996285e-04,-7.16609122433e-04
1.29119318182e+00,8.52272727273e-01,1.73855169135e-02,-5.11690937198e-04,-7.26044725608e-04
1.31107954545e+00,8.52272727273e-01,1.58485967574e-02,-5.09751525528e-04,-7.22391356460e-04
1.33096590909e+00,8.52272727273e-01,1.43609100184e-02,-5.02284873626e-04,-7.01493731951e-04
1.35085227273e+00,8.52272727273e-01,1.27460931125e-02,-4.77175169157e-04,-6.58279133851e-04
1.37073863636e+00,8.52272727273e-01,1.11471655978e-02,-4.44293160070e-04,-5.97440329147e-04
1.39062500000e+00,8.52272727273e-01,9.61222389846e-03,-4.03175878442e-04,-5.22601466504e-04
1.41051136364e+00,8.52272727273e-01,7.94611163250e-03,-3.46361354932e-04,-4.29618102019e-04
1.43039772727e+00,8.52272727273e-01,6.23377389429e-03,-2.74657214275e-04,-3.29705018344e-04
1.45028409091e+00,8.52272727273e-01,4.54388694868e-03,-1.96093242175e-04,-2.31922246425e-04
1.47017045455e+00,8.52272727273e-01,2.71116328229e-03,-1.20174367243e-04,-1.37788738139e-04
1.49005681818e+00,8.52272727273e-01,8.22903103684e-04,-4.24190015655e-05,-4.67661769292e-05
6.34943181818e-01,8.75000000000e-01,4.25753930651e-02,1.83112916222e-03,1.43560155509e-03
6.54829545455e-01,8.75000000000e-01,4.21806970822e-02,1.88010850929e-03,1.47221315156e-03
6.74715909091e-01,8.75000000000e-01,4.17499032494e-02,1.89263652336e-03,1.46179201417e-03
6.94602272727e-01,8.75000000000e-01,4.13023461195e-02,1.89220411127e-03,1.43345357802e-03
7.14488636364e-01,8.75000000000e-01,4.08296132190e-02,1.87349003974e-03,1.37937622880e-03
7.34375000000e-01,8.75000000000e-01,4.03258180963e-02,1.84280493221e-03,1.31533119956e-03
7.54261363636e-01,8.75000000000e-01,3.98049868753e-02,1.80293947633e-03,1.24311809169e-03
7.74147727273e-01,8.75000000000e-01,3.92527521825e-02,1.74138377917e-03,1.15092304220e-03
7.94034090909e-01,8.75000000000e-01,3.86745234953e-02,1.66720617375e-03,1.04732513786e-03
8.13920454545e-01,8.75000000000e-01,3.80789310282e-02,1.58584246261e-03,9.38266089765e-04
8.33806818182e-01,8.75000000000e-01,3.74453438259e-02,1.50221760368e-03,8.40566124682e-04
8.53693181818e-01,8.75000000000e-01,3.67910532323e-02,1.41073557472e-03,7.39684016857e-04
8.73579545455e-01,8.75000000000e-01,3.61160592476e-02,1.31139637573e-03,6.35619766290e-04
8.93465909091e-01,8.75000000000e-01,3.54021584717e-02,1.20522498090e-03,5.26367578799e-04
9.13352272727e-01,8.75000000000e-01,3.46701240518e-02,1.09256816261e-03,4.13239765972e-04
9.33238636364e-01,8.75000000000e-01,3.39108361669e-02,9.69183578449e-04,2.93854157268e-04
9.53125000000e-01,8.75000000000e-01,3.31178490708e-02,8.46722886931e-04,1.87505379669e-04
9.73011363636e-01,8.75000000000e-01,3.23063742884e-02,7.27770280023e-04,8.90005401355e-05
9.92897727273e-01,8.75000000000e-01,3.14608105337e-02,6.20756757371e-04,6.21997573545e-06
1.01278409091e+00,8.75000000000e-01,3.05870368915e-02,5.07325804335e-04,-8.49968761329e-05
1.03267045455e+00,8.75000000000e-01,2.96944212476e-02,3.90455000691e-04,-1.81055752664e-04
1.05255681818e+00,8.75000000000e-01,2.87605976594e-02,2.75214247458e-04,-2.79132206982e-04
1.07244318182e+00,8.75000000000e-01,2.78043376619e-02,1.63939512251e-04,-3.62766040228e-04
1.09232954545e+00,8.75000000000e-01,2.68256412552e-02,5.66307950705e-05,-4.31957252403e-04
1.11221590909e+00,8.75000000000e-01,2.58048185755e-02,-4.18374018676e-05,-4.84367286249e-04
1.13210227273e+00,8.75000000000e-01,2.47643771429e-02,-1.30242292382e-04,-5.26143176337e-04
1.15198863636e+00,8.75000000000e-01,2.36944548235e-02,-2.01757303368e-04,-5.51101155430e-04
1.17187500000e+00,8.75000000000e-01,2.25881150415e-02,-2.66788699680e-04,-5.72951226913e-04
1.19176136364e+00,8.75000000000e-01,2.14618066975e-02,-3.23465773060e-04,-5.89369205627e-04
1.21164772727e+00,8.75000000000e-01,2.02986977549e-02,-3.55993943695e-04,-5.88977418471e-04
1.23153409091e+00,8.75000000000e-01,1.91051680405e-02,-3.85105568897e-04,-5.95501315147e-04
1.25142045455e+00,8.75000000000e-01,1.78913235675e-02,-4.12230850715e-04,-6.07115572175e-04
1.27130681818e+00,8.75000000000e-01,1.66330928071e-02,-4.38208718901e-04,-6.34957908351e-04
1.29119318182e+00,8.75000000000e-01,1.53507251034e-02,-4.57414446938e-04,-6.51224115727e-04
1.31107954545e+00,8.75000000000e-01,1.40442204565e-02,-4.69848034826e-04,-6.55914194304e-04
1.33096590909e+00,8.75000000000e-01,1.26924581801e-02,-4.75492502230e-04,-6.45040051398e-04
1.35085227273e+00,8.75000000000e-01,1.13196455569e-02,-4.71155077403e-04,-6.21437369977e-04
1.37073863636e+00,8.75000000000e-01,9.91520875048e-03,-4.49790278629e-04,-5.77078365281e-04
1.39062500000e+00,8.75000000000e-01,8.47177471433e-03,-4.12933787479e-04,-5.08289938750e-04
1.41051136364e+00,8.75000000000e-01,7.00697930739e-03,-3.65493003024e-04,-4.28617533712e-04
1.43039772727e+00,8.75000000000e-01,5.50285610394e-03,-2.94734835486e-04,-3.33466629312e-04
1.45028409091e+00,8.75000000000e-01,3.96630016461e-03,-2.14526333846e-04,-2.37364762890e-04
1.47017045455e+00,8.75000000000e-01,2.40809581824e-03,-1.29027664060e-04,-1.40925978950e-04
1.49005681818e+00,8.75000000000e-01,8.02698606080e-04,-4.30092213533e-05,-4.69753263165e-05
6.34943181818e-01,8.97727272727e-01,3.62442105370e-02,1.66700573500e-03,1.19410612746e-03
6.54829545455e-01,8.97727272727e-01,3.59020047229e-02,1.71572335077e-03,1.25799215132e-03
6.74715909091e-01,8.97727272727e-01,3.55158587616e-02,1.73375804687e-03,1.26317098850e-03
6.94602272727e-01,8.97727272727e-01,3.51604463654e-02,1.74380610098e-03,1.26304582787e-03
7.14488636364e-01,8.97727272727e-01,3.47641421852e-02,1.73257301164e-03,1.22691204242e-03
7.34375000000e-01,8.97727272727e-01,3.42979813946e-02,1.70398809379e-03,1.16829703370e-03
7.54261363636e-01,8.97727272727e-01,3.38842799712e-02,1.67337970518e-03,1.11426891628e-03
7.74147727273e-01,8.97727272727e-01,3.34374937692e-02,1.63191615787e-03,1.04910929647e-03
7.94034090909e-01,8.97727272727e-01,3.28853704399e-02,1.56119630215e-03,9.50895448861e-04
8.13920454545e-01,8.97727272727e-01,3.24121996548e-02,1.49539259758e-03,8.66327219519e-04
8.33806818182e-01,8.97727272727e-01,3.19087909559e-02,1.41983768138e-03,7.84865941675e-04
8.53693181818e-01,8.97727272727e-01,3.12737006537e-02,1.33068672486e-03,6.87404341584e-04
8.73579545455e-01,8.97727272727e-01,3.07373322435e-02,1.25591259723e-03,6.14988512056e-04
8.93465909091e-01,8.97727272727e-01,3.01069178562e-02,1.15690266727e-03,5.17035280970e-04
9.13352272727e-01,8.97727272727e-01,2.95251388208e-02,1.05740829497e-03,4.22208601950e-04
9.33238636364e-01,8.97727272727e-01,2.88882735924e-02,9.47687524107e-04,3.17519855186e-04
9.53125000000e-01,8.97727272727e-01,2.82245764974e-02,8.46598334184e-04,2.31734137031e-04
9.73011363636e-01,8.97727272727e-01,2.74718698973e-02,7.37360046182e-04,1.42576142700e-04
9.92897727273e-01,8.97727272727e-01,2.67625413307e-02,6.37248488698e-04,6.72194803808e-05
1.01278409091e+00,8.97727272727e-01,2.60679041216e-02,5.43559484332e-04,-2.49025200445e-06
1.03267045455e+00,8.97727272727e-01,2.52664528593e-02,4.39603440958e-04,-8.44459807842e-05
1.05255681818e+00,8.97727272727e-01,2.44556505711e-02,3.31188670170e-04,-1.72708528015e-04
1.07244318182e+00,8.97727272727e-01,2.36093954668e-02,2.25446101323e-04,-2.48944175756e-04
1.09232954545e+00,8.97727272727e-01,2.28312022964e-02,1.21260348789e-04,-3.21423334688e-04
1.11221590909e+00,8.97727272727e-01,2.20194588027e-02,4.04865897424e-05,-3.60983467406e-04
1.13210227273e+00,8.97727272727e-01,2.11022018098e-02,-4.48090837847e-05,-4.02025927966e-04
1.15198863636e+00,8.97727272727e-01,2.02044083598e-02,-1.18353897038e-04,-4.32013391290e-04
1.17187500000e+00,8.97727272727e-01,1.92776086761e-02,-1.77426587600e-04,-4.50833737190e-04
1.19176136364e+00,8.97727272727e-01,1.82839171526e-02,-2.35602340575e-04,-4.70149154258e-04
1.21164772727e+00,8.97727272727e-01,1.73418415121e-02,-2.86361634117e-04,-4.88280574599e-04
1.23153409091e+00,8.97727272727e-01,1.63075240196e-02,-3.18727933391e-04,-4.93468927369e-04
1.25142045455e+00,8.97727272727e-01,1.52358961180e-02,-3.49208193259e-04,-5.04008416389e-04
1.27130681818e+00,8.97727272727e-01,1.42350531631e-02,-3.86715969790e-04,-5.31346589649e-04
1.29119318182e+00,8.97727272727e-01,1.31046744911e-02,-4.10997541615e-04,-5.57026983768e-04
1.31107954545e+00,8.97727272727e-01,1.19699466577e-02,-4.28898345240e-04,-5.73867317404e-04
1.33096590909e+00,8.97727272727e-01,1.07567467886e-02,-4.35352290405e-04,-5.62309788638e-04
1.35085227273e+00,8.97727272727e-01,9.66463487173e-03,-4.39820320673e-04,-5.44886910524e-04
1.37073863636e+00,8.97727272727e-01,8.48580595296e-03,-4.35537857441e-04,-5.16056478819e-04
1.39062500000e+00,8.97727272727e-01,7.14853170133e-03,-4.04108437413e-04,-4.56763286065e-04
1.41051136364e+00,8.97727272727e-01,5.98317199477e-03,-3.70622937050e-04,-4.02576164024e-04
1.43039772727e+00,8.97727272727e-01,4.76454688064e-03,-3.08599589220e-04,-3.27340257287e-04
1.45028409091e+00,8.97727272727e-01,3.29608739070e-03,-2.27897761892e-04,-2.33251075619e-04
1.47017045455e+00,8.97727272727e-01,2.05641316834e-03,-1.39559242249e-04,-1.45245928944e-04
1.49005681818e+00,8.97727272727e-01,7.79253096086e-04,-4.37113265659e-05,-4.72633229829e-05
6.34943181818e-01,9.20454545455e-01,2.93042730707e-02,1.43750611332e-03,9.16753759098e-04
6.54829545455e-01,9.20454545455e-01,2.90504323690e-02,1.48222323240e-03,1.01513541149e-03
6.74715909091e-01,9.20454545455e-01,2.87872618882e-02,1.50356773143e-03,1.04684053386e-03
6.94602272727e-01,9.20454545455e-01,2.84318494920e-02,1.51361578554e-03,1.04671537323e-03
7.14488636364e-01,9.20454545455e-01,2.81117070763e-02,1.50941294790e-03,1.02504951992e-03
7.34375000000e-01,9.20454545455e-01,2.78209854658e-02,1.50004803226e-03,9.98363502234e-04
7.54261363636e-01,9.20454545455e-01,2.74072840424e-02,1.46943964365e-03,9.44335384815e-04
7.74147727273e-01,9.20454545455e-01,2.70148302482e-02,1.43280262342e-03,8.87034641004e-04
7.94034090909e-01,9.20454545455e-01,2.66909849897e-02,1.39194651282e-03,8.34254186542e-04
8.13920454545e-01,9.20454545455e-01,2.62277352333e-02,1.32746942143e-03,7.51740158304e-04
8.33806818182e-01,9.20454545455e-01,2.57561411872e-02,1.25774799052e-03,6.77240735172e-04
8.53693181818e-01,9.20454545455e-01,2.53895621982e-02,1.20370680368e-03,6.25536197759e-04
8.73579545455e-01,9.20454545455e-01,2.48870832348e-02,1.13215204865e-03,5.56973091922e-04
8.93465909091e-01,9.20454545455e-01,2.44397024236e-02,1.06067056664e-03,4.90765922840e-04
9.13352272727e-01,9.20454545455e-01,2.39214428075e-02,9.70262299054e-04,4.05651177769e-04
9.33238636364e-01,9.20454545455e-01,2.33814849957e-02,8.73354127455e-04,3.14682600029e-04
9.53125000000e-01,9.20454545455e-01,2.27511758980e-02,7.75991432069e-04,2.32905116949e-04
9.73011363636e-01,9.20454545455e-01,2.22827768641e-02,6.97613874133e-04,1.73402131784e-04
9.92897727273e-01,9.20454545455e-01,2.17096116713e-02,6.15618890847e-04,1.14987110079e-04
1.01278409091e+00,9.20454545455e-01,2.11488626078e-02,5.32527514131e-04,5.50675765050e-05
1.03267045455e+00,9.20454545455e-01,2.04540977378e-02,4.41577221952e-04,-1.26215059278e-05
1.05255681818e+00,9.20454545455e-01,1.97584919037e-02,3.43421412560e-04,-8.94003975057e-05
1.07244318182e+00,9.20454545455e-01,1.92220480117e-02,2.65419257204e-04,-1.45067098160e-04
1.09232954545e+00,9.20454545455e-01,1.84929526628e-02,1.66081898629e-04,-2.14158570517e-04
1.11221590909e+00,9.20454545455e-01,1.76983321456e-02,8.56404386236e-05,-2.53945027008e-04
1.13210227273e+00,9.20454545455e-01,1.71145109220e-02,1.98574378302e-05,-2.85659928515e-04
1.15198863636e+00,9.20454545455e-01,1.63531026004e-02,-4.57826852620e-05,-3.11693713781e-04
1.17187500000e+00,9.20454545455e-01,1.54732471538e-02,-1.05408958260e-04,-3.31885737198e-04
1.19176136364e+00,9.20454545455e-01,1.48224305010e-02,-1.54694953995e-04,-3.50822244207e-04
1.21164772727e+00,9.20454545455e-01,1.40334579421e-02,-2.01090596546e-04,-3.68205275221e-04
1.23153409091e+00,9.20454545455e-01,1.30841532581e-02,-2.40468866169e-04,-3.80517938567e-04
1.25142045455e+00,9.20454545455e-01,1.23420204465e-02,-2.78324138375e-04,-3.96728077827e-04
1.27130681818e+00,9.20454545455e-01,1.15304456107e-02,-3.11272266966e-04,-4.16192355124e-04
1.29119318182e+00,9.20454545455e-01,1.05103759981e-02,-3.40495228082e-04,-4.41656679421e-04
1.31107954545e+00,9.20454545455e-01,9.66759536821e-03,-3.73233355809e-04,-4.71374005065e-04
1.33096590909e+00,9.20454545455e-01,8.84056585248e-03,-3.90977384764e-04,-4.73390662452e-04
1.35085227273e+00,9.20454545455e-01,7.74845393561e-03,-3.95445415032e-04,-4.55967784338e-04
1.37073863636e+00,9.20454545455e-01,6.79543625284e-03,-3.92987796697e-04,-4.29973758946e-04
1.39062500000e+00,9.20454545455e-01,5.96046111469e-03,-3.81727649482e-04,-4.01829705558e-04
1.41051136364e+00,9.20454545455e-01,4.87050099903e-03,-3.52554790176e-04,-3.54428234156e-04
1.43039772727e+00,9.20454545455e-01,3.84976965515e-03,-3.01266180688e-04,-2.96557435138e-04
1.45028409091e+00,9.20454545455e-01,2.62731002141e-03,-2.22937248027e-04,-2.14153237463e-04
1.47017045455e+00,9.20454545455e-01,1.64741268758e-03,-1.44148060729e-04,-1.41293163992e-04
1.49005681818e+00,9.20454545455e-01,4.50750841568e-04,-4.81872888846e-05,-4.50147815155e-05
6.34943181818e-01,9.43181818182e-01,2.18337130668e-02,1.13299898635e-03,6.46155848778e-04
6.54829545455e-01,9.43181818182e-01,2.16339658348e-02,1.17423365745e-03,7.54418478614e-04
6.74715909091e-01,9.43181818182e-01,2.13995514511e-02,1.19484541044e-03,7.88227735472e-04
6.94602272727e-01,9.43181818182e-01,2.12167678235e-02,1.21055285584e-03,8.04817955855e-04
7.14488636364e-01,9.43181818182e-01,2.09519429758e-02,1.21134000203e-03,7.92726335462e-04
7.34375000000e-01,9.43181818182e-01,2.06697939908e-02,1.20322718061e-03,7.67681920227e-04
7.54261363636e-01,9.43181818182e-01,2.04480844975e-02,1.19440323251e-03,7.43970326380e-04
7.74147727273e-01,9.43181818182e-01,2.01492562826e-02,1.16508139174e-03,6.98769039162e-04
7.94034090909e-01,9.43181818182e-01,1.98254110242e-02,1.12422528113e-03,6.45988584700e-04
8.13920454545e-01,9.43181818182e-01,1.95365911376e-02,1.08356774185e-03,5.99550709162e-04
8.33806818182e-01,9.43181818182e-01,1.91816508186e-02,1.03523575700e-03,5.50578086643e-04
8.53693181818e-01,9.43181818182e-01,1.89139445514e-02,9.95319748711e-04,5.14022284231e-04
8.73579545455e-01,9.43181818182e-01,1.85357268924e-02,9.35569359882e-04,4.59585831926e-04
8.93465909091e-01,9.43181818182e-01,1.81356308918e-02,8.72029212098e-04,4.01862574273e-04
9.13352272727e-01,9.43181818182e-01,1.77795110662e-02,8.08754844298e-04,3.44972704904e-04
9.33238636364e-01,9.43181818182e-01,1.73682342022e-02,7.30539142292e-04,2.73849236606e-04
9.53125000000e-01,9.43181818182e-01,1.70273240023e-02,6.68673498949e-04,2.26017706252e-04
9.73011363636e-01,9.43181818182e-01,1.65723448243e-02,5.91332308049e-04,1.67516833092e-04
9.92897727273e-01,9.43181818182e-01,1.60981879541e-02,5.25571544826e-04,1.24018751433e-04
1.01278409091e+00,9.43181818182e-01,1.57393123699e-02,4.72242206840e-04,8.82649046485e-05
1.03267045455e+00,9.43181818182e-01,1.52563315718e-02,3.99467213072e-04,3.71188513795e-05
1.05255681818e+00,9.43181818182e-01,1.47854621375e-02,3.30691452129e-04,-1.31077878229e-05
1.07244318182e+00,9.43181818182e-01,1.43230136747e-02,2.61082181011e-04,-6.30923975923e-05
1.09232954545e+00,9.43181818182e-01,1.37739436712e-02,1.79522266953e-04,-1.19762352504e-04
1.11221590909e+00,9.43181818182e-01,1.32011648131e-02,1.04684526763e-04,-1.61135465426e-04
1.13210227273e+00,9.43181818182e-01,1.26947741916e-02,4.95211265612e-05,-1.86107683853e-04
1.15198863636e+00,9.43181818182e-01,1.21145852719e-02,7.55126901503e-08,-2.02637588779e-04
1.17187500000e+00,9.43181818182e-01,1.16387614051e-02,-3.97906738556e-05,-2.17893276667e-04
1.19176136364e+00,9.43181818182e-01,1.10725761802e-02,-8.60358525534e-05,-2.36661714930e-04
1.21164772727e+00,9.43181818182e-01,1.04416941136e-02,-1.25757457429e-04,-2.51741969553e-04
1.23153409091e+00,9.43181818182e-01,9.77169552272e-03,-1.66157794892e-04,-2.69194611595e-04
1.25142045455e+00,9.43181818182e-01,9.18180333127e-03,-2.01292596223e-04,-2.85860553942e-04
1.27130681818e+00,9.43181818182e-01,8.47537745040e-03,-2.31707587069e-04,-3.00950444592e-04
1.29119318182e+00,9.43181818182e-01,7.94934429636e-03,-2.59028578586e-04,-3.18459064982e-04
1.31107954545e+00,9.43181818182e-01,7.21573902220e-03,-2.98322251884e-04,-3.51580196352e-04
1.33096590909e+00,9.43181818182e-01,6.55916356015e-03,-3.22122212495e-04,-3.61365828821e-04
1.35085227273e+00,9.43181818182e-01,5.78822886756e-03,-3.32375877062e-04,-3.53860148907e-04
1.37073863636e+00,9.43181818182e-01,5.02605155882e-03,-3.28159278672e-04,-3.27729279476e-04
1.39062500000e+00,9.43181818182e-01,4.29504925220e-03,-3.21145365848e-04,-3.04982592995e-04
1.41051136364e+00,9.43181818182e-01,3.58234895622e-03,-3.04207916021e-04,-2.77287524484e-04
1.43039772727e+00,9.43181818182e-01,2.73754999109e-03,-2.62982135667e-04,-2.35249910289e-04
1.45028409091e+00,9.43181818182e-01,2.10593103671e-03,-2.14153379814e-04,-1.95244330356e-04
1.47017045455e+00,9.43181818182e-01,1.26116276481e-03,-1.39783996788e-04,-1.29382976143e-04
1.49005681818e+00,9.43181818182e-01,4.50750841568e-04,-4.81872888846e-05,-4.50147815155e-05
6.34943181818e-01,9.65909090909e-01,1.36447055183e-02,7.31271980157e-04,3.60558814121e-04
6.54829545455e-01,9.65909090909e-01,1.35227004566e-02,7.67590637305e-04,4.65648943177e-04
6.74715909091e-01,9.65909090909e-01,1.33774317765e-02,7.91235491930e-04,4.97591880732e-04
6.94602272727e-01,9.65909090909e-01,1.32440773530e-02,8.08784039425e-04,5.14178192617e-04
7.14488636364e-01,9.65909090909e-01,1.31039705228e-02,8.16045059035e-04,5.13908430634e-04
7.34375000000e-01,9.65909090909e-01,1.29177533087e-02,8.12477407640e-04,4.98035276943e-04
7.54261363636e-01,9.65909090909e-01,1.27637286361e-02,8.06828932138e-04,4.80800116607e-04
7.74147727273e-01,9.65909090909e-01,1.26004618938e-02,7.95829560161e-04,4.57657839996e-04
7.94034090909e-01,9.65909090909e-01,1.23862521753e-02,7.69624184502e-04,4.25901888594e-04
8.13920454545e-01,9.65909090909e-01,1.21981707328e-02,7.42366967541e-04,3.99950535823e-04
8.33806818182e-01,9.65909090909e-01,1.19988059734e-02,7.09692210375e-04,3.70696523348e-04
8.53693181818e-01,9.65909090909e-01,1.18052542475e-02,6.80370086003e-04,3.45502272188e-04
8.73579545455e-01,9.65909090909e-01,1.15927973747e-02,6.50869299785e-04,3.20580598591e-04
8.93465909091e-01,9.65909090909e-01,1.13416820891e-02,6.05284643640e-04,2.81078469983e-04
9.13352272727e-01,9.65909090909e-01,1.10963187491e-02,5.57184306224e-04,2.39561817003e-04
9.33238636364e-01,9.65909090909e-01,1.08715397929e-02,5.09355858416e-04,1.99165517055e-04
9.53125000000e-01,9.65909090909e-01,1.06367335873e-02,4.67847805019e-04,1.68842168470e-04
9.73011363636e-01,9.65909090909e-01,1.03341526958e-02,4.18332742239e-04,1.33895721235e-04
9.92897727273e-01,9.65909090909e-01,1.00836999432e-02,3.75701153674e-04,1.05012330676e-04
1.01278409091e+00,9.65909090909e-01,9.82485045788e-03,3.38471189142e-04,8.19712698797e-05
1.03267045455e+00,9.65909090909e-01,9.52677357327e-03,2.97480232385e-04,5.64967514684e-05
1.05255681818e+00,9.65909090909e-01,9.25004807531e-03,2.49489469049e-04,2.25384053169e-05
1.07244318182e+00,9.65909090909e-01,8.93134342830e-03,1.95622587296e-04,-1.57899576289e-05
1.09232954545e+00,9.65909090909e-01,8.62275856995e-03,1.41339547015e-04,-5.39931171629e-05
1.11221590909e+00,9.65909090909e-01,8.26291386757e-03,9.57057084521e-05,-7.68238516176e-05
1.13210227273e+00,9.65909090909e-01,7.91398889134e-03,5.67256646236e-05,-9.36129952769e-05
1.15198863636e+00,9.65909090909e-01,7.59673534035e-03,1.98850918333e-05,-1.11205776222e-04
1.17187500000e+00,9.65909090909e-01,7.26863427121e-03,-5.47178148194e-06,-1.18740519459e-04
1.19176136364e+00,9.65909090909e-01,6.89237835767e-03,-3.30621288834e-05,-1.27582028883e-04
1.21164772727e+00,9.65909090909e-01,6.54736592975e-03,-6.09798297691e-05,-1.40978459173e-04
1.23153409091e+00,9.65909090909e-01,6.10353833635e-03,-9.08966403417e-05,-1.54936339428e-04
1.25142045455e+00,9.65909090909e-01,5.71961896314e-03,-1.16054878612e-04,-1.67608612851e-04
1.27130681818e+00,9.65909090909e-01,5.32247406400e-03,-1.39900269895e-04,-1.79744383929e-04
1.29119318182e+00,9.65909090909e-01,4.94192772757e-03,-1.61571255996e-04,-1.92305336352e-04
1.31107954545e+00,9.65909090909e-01,4.52948434799e-03,-1.82951172054e-04,-2.06940692777e-04
1.33096590909e+00,9.65909090909e-01,4.10355570215e-03,-2.14519552870e-04,-2.26019338895e-04
1.35085227273e+00,9.65909090909e-01,3.59168866353e-03,-2.34040303541e-04,-2.29527003516e-04
1.37073863636e+00,9.65909090909e-01,3.17477265995e-03,-2.43798624980e-04,-2.19799729210e-04
1.39062500000e+00,9.65909090909e-01,2.69125059087e-03,-2.39038374405e-04,-2.01497382751e-04
1.41051136364e+00,9.65909090909e-01,2.19947963954e-03,-2.25068967135e-04,-1.79129950587e-04
1.43039772727e+00,9.65909090909e-01,1.75290669081e-03,-2.00855904761e-04,-1.63285320565e-04
1.45028409091e+00,9.65909090909e-01,1.29672824317e-03,-1.64313925596e-04,-1.37619323530e-04
1.47017045455e+00,9.65909090909e-01,7.75350712076e-04,-1.14302024171e-04,-9.91890113220e-05
1.49005681818e+00,9.65909090909e-01,2.98934575087e-04,-4.02241724417e-05,-3.55791675090e-05
6.34943181818e-01,9.88636363636e-01,4.61519995524e-03,2.40829917842e-04,9.88791118775e-05
6.54829545455e-01,9.88636363636e-01,4.55419742439e-03,2.58989246416e-04,1.51424176406e-04
6.74715909091e-01,9.88636363636e-01,4.47142387058e-03,2.74877059506e-04,1.73759641262e-04
6.94602272727e-01,9.88636363636e-01,4.47142387058e-03,2.74877059506e-04,1.73759641262e-04
7.14488636364e-01,9.88636363636e-01,4.42138571695e-03,2.77470280795e-04,1.73663297697e-04
7.34375000000e-01,9.88636363636e-01,4.30478904869e-03,2.76632419227e-04,1.64677418058e-04
7.54261363636e-01,9.88636363636e-01,4.30478904869e-03,2.76632419227e-04,1.64677418058e-04
7.74147727273e-01,9.88636363636e-01,4.26980331820e-03,2.74275410946e-04,1.59718358784e-04
7.94034090909e-01,9.88636363636e-01,4.11135311349e-03,2.55697874685e-04,1.37635839499e-04
8.13920454545e-01,9.88636363636e-01,4.11135311349e-03,2.55697874685e-04,1.37635839499e-04
8.33806818182e-01,9.88636363636e-01,4.09796758430e-03,2.53449992183e-04,1.35654611190e-04
8.53693181818e-01,9.88636363636e-01,3.90441585842e-03,2.24127867810e-04,1.10460360030e-04
8.73579545455e-01,9.88636363636e-01,3.89015114105e-03,2.22186875402e-04,1.08842409601e-04
8.93465909091e-01,9.88636363636e-01,3.76891278058e-03,1.98770176088e-04,8.89649461964e-05
9.13352272727e-01,9.88636363636e-01,3.76891278058e-03,1.98770176088e-04,8.89649461964e-05
9.33238636364e-01,9.88636363636e-01,3.68863458195e-03,1.81688587585e-04,7.45376962150e-05
9.53125000000e-01,9.88636363636e-01,3.64046766276e-03,1.71439634484e-04,6.58813462262e-05
9.73011363636e-01,9.88636363636e-01,3.45106155288e-03,1.39570402953e-04,4.39342310889e-05
9.92897727273e-01,9.88636363636e-01,3.36161414124e-03,1.24344835608e-04,3.36187344607e-05
1.01278409091e+00,9.88636363636e-01,3.21103452017e-03,1.04785371442e-04,2.23071218666e-05
1.03267045455e+00,9.88636363636e-01,3.21103452017e-03,1.04785371442e-04,2.23071218666e-05
1.05255681818e+00,9.88636363636e-01,3.19126841317e-03,1.01357459775e-04,1.98815257129e-05
1.07244318182e+00,9.88636363636e-01,2.90786266367e-03,5.12696684967e-05,-1.54889657691e-05
1.09232954545e+00,9.88636363636e-01,2.88714223503e-03,4.75421814095e-05,-1.81162969700e-05
1.11221590909e+00,9.88636363636e-01,2.88714223503e-03,4.75421814095e-05,-1.81162969700e-05
1.13210227273e+00,9.88636363636e-01,2.60035424747e-03,1.31550923718e-05,-3.38834570176e-05
1.15198863636e+00,9.88636363636e-01,2.53237134368e-03,5.26068391676e-06,-3.76533386487e-05
1.17187500000e+00,9.88636363636e-01,2.34319449615e-03,-7.43929052698e-06,-4.03914198160e-05
1.19176136364e+00,9.88636363636e-01,2.26926326159e-03,-1.34216550025e-05,-4.32620834495e-05
1.21164772727e+00,9.88636363636e-01,2.14604453734e-03,-2.33922624616e-05,-4.80465228385e-05
1.23153409091e+00,9.88636363636e-01,2.14604453734e-03,-2.33922624616e-05,-4.80465228385e-05
1.25142045455e+00,9.88636363636e-01,1.94083814859e-03,-3.75373325691e-05,-5.51815530484e-05
1.27130681818e+00,9.88636363636e-01,1.91417000184e-03,-3.92044781027e-05,-5.60321624134e-05
1.29119318182e+00,9.88636363636e-01,1.72749297465e-03,-5.08744968378e-05,-6.19864279684e-05
1.31107954545e+00,9.88636363636e-01,1.53362366542e-03,-6.08754642036e-05,-6.85931148368e-05
1.33096590909e+00,9.88636363636e-01,1.27606449959e-03,-8.00036752836e-05,-7.98217586436e-05
1.35085227273e+00,9.88636363636e-01,1.27606449959e-03,-8.00036752836e-05,-7.98217586436e-05
1.37073863636e+00,9.88636363636e-01,1.12716592689e-03,-8.34887900832e-05,-7.63477321059e-05
1.39062500000e+00,9.88636363636e-01,7.91145098087e-04,-8.09613094200e-05,-6.31867347865e-05
1.41051136364e+00,9.88636363636e-01,6.95450894788e-04,-7.57727960542e-05,-5.97914569247e-05
1.43039772727e+00,9.88636363636e-01,5.35960555956e-04,-6.71252737778e-05,-5.41326604884e-05
1.45028409091e+00,9.88636363636e-01,2.72237792565e-04,-4.23302009880e-05,-3.63484821788e-05
1.47017045455e+00,9.88636363636e-01,2.38208068494e-04,-3.70389258645e-05,-3.18049219065e-05
1.49005681818e+00,9.88636363636e-01,0.00000000000e+00,0.00000000000e+00,0.00000000000e+00
