x,y,T,ux,uy
7.10227272727e-03,1.13636363636e-02,2.41219889436e-04,-4.38152001083e-06,-8.78941269447e-06
2.13068181818e-02,1.13636363636e-02,3.85951823098e-04,-7.01043201733e-06,-1.40630603111e-05
3.55113636364e-02,1.13636363636e-02,3.85951823098e-04,-7.01043201733e-06,-1.40630603111e-05
4.97159090909e-02,1.13636363636e-02,3.85951823098e-04,-7.01043201733e-06,-1.40630603111e-05
6.39204545455e-02,1.13636363636e-02,4.29295321199e-04,-7.75037664865e-06,-1.54498597513e-05
7.81250000000e-02,1.13636363636e-02,7.32699807904e-04,-1.29299890679e-05,-2.51574558320e-05
9.23295454545e-02,1.13636363636e-02,7.32699807904e-04,-1.29299890679e-05,-2.51574558320e-05
1.06534090909e-01,1.13636363636e-02,7.32699807904e-04,-1.29299890679e-05,-2.51574558320e-05
1.20738636364e-01,1.13636363636e-02,7.32699807904e-04,-1.29299890679e-05,-2.51574558320e-05
1.34943181818e-01,1.13636363636e-02,7.32699807904e-04,-1.29299890679e-05,-2.51574558320e-05
1.49147727273e-01,1.13636363636e-02,7.32699807904e-04,-1.29299890679e-05,-2.51574558320e-05
1.63352272727e-01,1.13636363636e-02,7.32699807904e-04,-1.29299890679e-05,-2.51574558320e-05
1.77556818182e-01,1.13636363636e-02,7.70631749500e-04,-1.37260327892e-05,-2.65777107014e-05
1.91761363636e-01,1.13636363636e-02,1.03615534067e-03,-1.92983388380e-05,-3.65194947869e-05
2.05965909091e-01,1.13636363636e-02,1.03615534067e-03,-1.92983388380e-05,-3.65194947869e-05
2.20170454545e-01,1.13636363636e-02,1.03615534067e-03,-1.92983388380e-05,-3.65194947869e-05
2.34375000000e-01,1.13636363636e-02,1.03615534067e-03,-1.92983388380e-05,-3.65194947869e-05
2.48579545455e-01,1.13636363636e-02,1.26022602058e-03,-2.54577307397e-05,-4.71738609614e-05
2.62784090909e-01,1.13636363636e-02,1.49687238572e-03,-3.38724652582e-05,-6.19249086707e-05
2.76988636364e-01,1.13636363636e-02,1.49687238572e-03,-3.38724652582e-05,-6.19249086707e-05
2.91193181818e-01,1.13636363636e-02,1.49687238572e-03,-3.38724652582e-05,-6.19249086707e-05
3.05397727273e-01,1.13636363636e-02,1.49687238572e-03,-3.38724652582e-05,-6.19249086707e-05
3.19602272727e-01,1.13636363636e-02,1.59008939104e-03,-3.86166748024e-05,-7.08495960100e-05
3.33806818182e-01,1.13636363636e-02,1.64601959423e-03,-4.14632005289e-05,-7.62044084136e-05
3.48011363636e-01,1.13636363636e-02,1.64601959423e-03,-4.14632005289e-05,-7.62044084136e-05
3.62215909091e-01,1.13636363636e-02,1.64601959423e-03,-4.14632005289e-05,-7.62044084136e-05
3.76420454545e-01,1.13636363636e-02,1.65722816680e-03,-4.23204015466e-05,-7.80841370341e-05
3.90625000000e-01,1.13636363636e-02,1.73568817476e-03,-4.83208086704e-05,-9.12422373776e-05
4.04829545455e-01,1.13636363636e-02,1.73568817476e-03,-4.83208086704e-05,-9.12422373776e-05
4.19034090909e-01,1.13636363636e-02,1.73568817476e-03,-4.83208086704e-05,-9.12422373776e-05
4.33238636364e-01,1.13636363636e-02,1.73568817476e-03,-4.83208086704e-05,-9.12422373776e-05
4.47443181818e-01,1.13636363636e-02,1.73568817476e-03,-4.83208086704e-05,-9.12422373776e-05
4.61647727273e-01,1.13636363636e-02,1.73568817476e-03,-4.83208086704e-05,-9.12422373776e-05
4.75852272727e-01,1.13636363636e-02,1.73568817476e-03,-4.83208086704e-05,-9.12422373776e-05
4.90056818182e-01,1.13636363636e-02,1.73898120459e-03,-4.89237351012e-05,-9.30784536680e-05
5.04261363636e-01,1.13636363636e-02,1.76203241339e-03,-5.31442201169e-05,-1.05931967700e-04
5.18465909091e-01,1.13636363636e-02,1.76203241339e-03,-5.31442201169e-05,-1.05931967700e-04
5.32670454545e-01,1.13636363636e-02,1.76203241339e-03,-5.31442201169e-05,-1.05931967700e-04
5.46875000000e-01,1.13636363636e-02,1.76203241339e-03,-5.31442201169e-05,-1.05931967700e-04
5.61079545455e-01,1.13636363636e-02,1.72668936731e-03,-5.43023942263e-05,-1.15504492259e-04
5.75284090909e-01,1.13636363636e-02,1.61464772206e-03,-5.69136871260e-05,-9.89931406555e-05
5.89488636364e-01,1.13636363636e-02,1.61464772206e-03,-5.69136871260e-05,-9.89931406555e-05
6.03693181818e-01,1.13636363636e-02,1.61464772206e-03,-5.69136871260e-05,-9.89931406555e-05
6.17897727273e-01,1.13636363636e-02,1.61464772206e-03,-5.69136871260e-05,-9.89931406555e-05
7.10227272727e-03,3.40909090909e-02,2.41219889436e-04,-4.38152001083e-06,-8.78941269447e-06
2.13068181818e-02,3.40909090909e-02,7.23659668309e-04,-1.31445600325e-05,-2.63682380834e-05
3.55113636364e-02,3.40909090909e-02,1.15785546929e-03,-2.10312960520e-05,-4.21891809334e-05
4.97159090909e-02,3.40909090909e-02,1.15785546929e-03,-2.10312960520e-05,-4.21891809334e-05
6.39204545455e-02,3.40909090909e-02,1.20119896740e-03,-2.17712406833e-05,-4.35759803735e-05
7.81250000000e-02,3.40909090909e-02,1.63463394840e-03,-2.91706869966e-05,-5.74439747746e-05
9.23295454545e-02,3.40909090909e-02,2.06806892941e-03,-3.65701333099e-05,-7.13119691757e-05
1.06534090909e-01,3.40909090909e-02,2.19809942371e-03,-3.87899672038e-05,-7.54723674960e-05
1.20738636364e-01,3.40909090909e-02,2.19809942371e-03,-3.87899672038e-05,-7.54723674960e-05
1.34943181818e-01,3.40909090909e-02,2.19809942371e-03,-3.87899672038e-05,-7.54723674960e-05
1.49147727273e-01,3.40909090909e-02,2.19809942371e-03,-3.87899672038e-05,-7.54723674960e-05
1.63352272727e-01,3.40909090909e-02,2.46362301489e-03,-4.43622732526e-05,-8.54141515815e-05
1.77556818182e-01,3.40909090909e-02,2.84294243085e-03,-5.23227104652e-05,-9.96167002752e-05
1.91761363636e-01,3.40909090909e-02,3.10846602202e-03,-5.78950165140e-05,-1.09558484361e-04
2.05965909091e-01,3.40909090909e-02,3.10846602202e-03,-5.78950165140e-05,-1.09558484361e-04
2.20170454545e-01,3.40909090909e-02,3.20449631341e-03,-6.05347559005e-05,-1.14124641293e-04
2.34375000000e-01,3.40909090909e-02,3.52459728471e-03,-6.93338871886e-05,-1.29345164399e-04
2.48579545455e-01,3.40909090909e-02,3.84469825600e-03,-7.81330184768e-05,-1.44565687505e-04
2.62784090909e-01,3.40909090909e-02,4.10692415465e-03,-8.74896056690e-05,-1.60970359640e-04
2.76988636364e-01,3.40909090909e-02,4.36271948966e-03,-9.69081324060e-05,-1.77506603888e-04
2.91193181818e-01,3.40909090909e-02,4.49061715717e-03,-1.01617395775e-04,-1.85774726012e-04
3.05397727273e-01,3.40909090909e-02,4.49061715717e-03,-1.01617395775e-04,-1.85774726012e-04
3.19602272727e-01,3.40909090909e-02,4.58383416249e-03,-1.06361605319e-04,-1.94699413351e-04
3.33806818182e-01,3.40909090909e-02,4.77026817312e-03,-1.15850024407e-04,-2.12548788030e-04
3.48011363636e-01,3.40909090909e-02,4.93805878269e-03,-1.24389601587e-04,-2.28613225241e-04
3.62215909091e-01,3.40909090909e-02,4.93805878269e-03,-1.24389601587e-04,-2.28613225241e-04
3.76420454545e-01,3.40909090909e-02,4.94926735525e-03,-1.25246802604e-04,-2.30492953861e-04
3.90625000000e-01,3.40909090909e-02,5.06135308092e-03,-1.33818812781e-04,-2.49290240066e-04
4.04829545455e-01,3.40909090909e-02,5.17343880658e-03,-1.42390822958e-04,-2.68087526271e-04
4.19034090909e-01,3.40909090909e-02,5.20706452428e-03,-1.44962426011e-04,-2.73726712133e-04
4.33238636364e-01,3.40909090909e-02,5.20706452428e-03,-1.44962426011e-04,-2.73726712133e-04
4.47443181818e-01,3.40909090909e-02,5.20706452428e-03,-1.44962426011e-04,-2.73726712133e-04
4.61647727273e-01,3.40909090909e-02,5.20706452428e-03,-1.44962426011e-04,-2.73726712133e-04
4.75852272727e-01,3.40909090909e-02,5.23011573308e-03,-1.49182911027e-04,-2.86580226165e-04
4.90056818182e-01,3.40909090909e-02,5.26304603136e-03,-1.55212175335e-04,-3.04942389069e-04
5.04261363636e-01,3.40909090909e-02,5.28609724016e-03,-1.59432660351e-04,-3.17795903101e-04
5.18465909091e-01,3.40909090909e-02,5.28609724016e-03,-1.59432660351e-04,-3.17795903101e-04
5.32670454545e-01,3.40909090909e-02,5.27095022041e-03,-1.59929020683e-04,-3.21898413626e-04
5.46875000000e-01,3.40909090909e-02,5.22046015459e-03,-1.61583555125e-04,-3.35573448710e-04
5.61079545455e-01,3.40909090909e-02,5.16997008876e-03,-1.63238089567e-04,-3.49248483793e-04
5.75284090909e-01,3.40909090909e-02,5.04455436368e-03,-1.66155112399e-04,-3.30502275301e-04
5.89488636364e-01,3.40909090909e-02,4.91081356534e-03,-1.69212411718e-04,-3.08153706411e-04
6.03693181818e-01,3.40909090909e-02,4.84394316617e-03,-1.70741061378e-04,-2.96979421966e-04
6.17897727273e-01,3.40909090909e-02,4.84394316617e-03,-1.70741061378e-04,-2.96979421966e-04
7.10227272727e-03,5.68181818182e-02,2.41219889436e-04,-4.38152001083e-06,-8.78941269447e-06
2.13068181818e-02,5.68181818182e-02,7.23659668309e-04,-1.31445600325e-05,-2.63682380834e-05
3.55113636364e-02,5.68181818182e-02,1.20609944718e-03,-2.19076000541e-05,-4.39470634723e-05
4.97159090909e-02,5.68181818182e-02,1.68853922605e-03,-3.06706400758e-05,-6.15258888613e-05
6.39204545455e-02,5.68181818182e-02,1.97310261359e-03,-3.57921047180e-05,-7.17021009958e-05
7.81250000000e-02,5.68181818182e-02,2.40653759460e-03,-4.31915510312e-05,-8.55700953969e-05
9.23295454545e-02,5.68181818182e-02,2.83997257561e-03,-5.05909973445e-05,-9.94380897980e-05
1.06534090909e-01,5.68181818182e-02,3.27340755661e-03,-5.79904436578e-05,-1.13306084199e-04
1.20738636364e-01,5.68181818182e-02,3.66349903952e-03,-6.46499453397e-05,-1.25787279160e-04
1.34943181818e-01,5.68181818182e-02,3.77729486431e-03,-6.70380765035e-05,-1.30048043768e-04
1.49147727273e-01,5.68181818182e-02,4.15661428027e-03,-7.49985137161e-05,-1.44250592462e-04
1.63352272727e-01,5.68181818182e-02,4.53593369623e-03,-8.29589509286e-05,-1.58453141155e-04
1.77556818182e-01,5.68181818182e-02,4.91525311220e-03,-9.09193881412e-05,-1.72655689849e-04
1.91761363636e-01,5.68181818182e-02,5.18077670337e-03,-9.64916941900e-05,-1.82597473935e-04
2.05965909091e-01,5.68181818182e-02,5.46886757754e-03,-1.04410912349e-04,-1.96295944730e-04
2.20170454545e-01,5.68181818182e-02,5.78896854883e-03,-1.13210043638e-04,-2.11516467837e-04
2.34375000000e-01,5.68181818182e-02,6.10906952013e-03,-1.22009174926e-04,-2.26736990943e-04
2.48579545455e-01,5.68181818182e-02,6.42917049143e-03,-1.30808306214e-04,-2.41957514049e-04
2.62784090909e-01,5.68181818182e-02,6.69139639007e-03,-1.40164893406e-04,-2.58362186184e-04
2.76988636364e-01,5.68181818182e-02,6.94719172508e-03,-1.49583420143e-04,-2.74898430432e-04
2.91193181818e-01,5.68181818182e-02,7.20298706010e-03,-1.59001946880e-04,-2.91434674680e-04
3.05397727273e-01,5.68181818182e-02,7.45878239512e-03,-1.68420473617e-04,-3.07970918929e-04
3.19602272727e-01,5.68181818182e-02,7.57757893393e-03,-1.74106535835e-04,-3.18549230693e-04
3.33806818182e-01,5.68181818182e-02,7.76401294457e-03,-1.83594954924e-04,-3.36398605372e-04
3.48011363636e-01,5.68181818182e-02,7.95044695520e-03,-1.93083374012e-04,-3.54247980050e-04
3.62215909091e-01,5.68181818182e-02,8.13688096583e-03,-2.02571793100e-04,-3.72097354729e-04
3.76420454545e-01,5.68181818182e-02,8.24130654371e-03,-2.08173203662e-04,-3.82901770689e-04
3.90625000000e-01,5.68181818182e-02,8.35339226938e-03,-2.16745213839e-04,-4.01699056894e-04
4.04829545455e-01,5.68181818182e-02,8.46547799504e-03,-2.25317224016e-04,-4.20496343099e-04
4.19034090909e-01,5.68181818182e-02,8.57756372070e-03,-2.33889234193e-04,-4.39293629304e-04
4.33238636364e-01,5.68181818182e-02,8.67844087380e-03,-2.41604043352e-04,-4.56211186888e-04
4.47443181818e-01,5.68181818182e-02,8.68831996329e-03,-2.43412822644e-04,-4.61719835759e-04
4.61647727273e-01,5.68181818182e-02,8.72125026157e-03,-2.49442086952e-04,-4.80081998663e-04
4.75852272727e-01,5.68181818182e-02,8.75418055985e-03,-2.55471351261e-04,-4.98444161566e-04
4.90056818182e-01,5.68181818182e-02,8.78711085814e-03,-2.61500615569e-04,-5.16806324469e-04
5.04261363636e-01,5.68181818182e-02,8.81016206694e-03,-2.65721100585e-04,-5.29659838502e-04
5.18465909091e-01,5.68181818182e-02,8.76472100769e-03,-2.67210181582e-04,-5.41967370077e-04
5.32670454545e-01,5.68181818182e-02,8.71423094187e-03,-2.68864716024e-04,-5.55642405160e-04
5.46875000000e-01,5.68181818182e-02,8.66374087604e-03,-2.70519250466e-04,-5.69317440244e-04
5.61079545455e-01,5.68181818182e-02,8.61325081022e-03,-2.72173784909e-04,-5.82992475327e-04
5.75284090909e-01,5.68181818182e-02,8.48783508513e-03,-2.75090807740e-04,-5.64246266835e-04
5.89488636364e-01,5.68181818182e-02,8.35409428680e-03,-2.78148107059e-04,-5.41897697945e-04
6.03693181818e-01,5.68181818182e-02,8.22035348846e-03,-2.81205406379e-04,-5.19549129056e-04
6.17897727273e-01,5.68181818182e-02,8.08661269012e-03,-2.84262705698e-04,-4.97200560166e-04
7.10227272727e-03,7.95454545455e-02,2.41219889436e-04,-4.38152001083e-06,-8.78941269447e-06
2.13068181818e-02,7.95454545455e-02,7.23659668309e-04,-1.31445600325e-05,-2.63682380834e-05
3.55113636364e-02,7.95454545455e-02,1.20609944718e-03,-2.19076000541e-05,-4.39470634723e-05
4.97159090909e-02,7.95454545455e-02,1.84040094187e-03,-3.23132564792e-05,-6.40697739932e-05
6.39204545455e-02,7.95454545455e-02,2.81956993544e-03,-4.66206237204e-05,-8.97855923659e-05
7.81250000000e-02,7.95454545455e-02,3.71345038679e-03,-6.15484438336e-05,-1.12417793633e-04
9.23295454545e-02,7.95454545455e-02,4.19292991483e-03,-6.97007275269e-05,-1.27162208721e-04
1.06534090909e-01,7.95454545455e-02,4.62636489584e-03,-7.71001738402e-05,-1.41030203122e-04
1.20738636364e-01,7.95454545455e-02,5.05979987684e-03,-8.44996201534e-05,-1.54898197523e-04
1.34943181818e-01,7.95454545455e-02,5.45535396232e-03,-9.22917600962e-05,-1.69000379929e-04
1.49147727273e-01,7.95454545455e-02,5.83467337828e-03,-1.00252197309e-04,-1.83202928622e-04
1.63352272727e-01,7.95454545455e-02,6.21399279425e-03,-1.08212634521e-04,-1.97405477316e-04
1.77556818182e-01,7.95454545455e-02,6.79730089711e-03,-1.20155408281e-04,-2.15829245070e-04
1.91761363636e-01,7.95454545455e-02,7.54908094847e-03,-1.36540716065e-04,-2.38984214093e-04
2.05965909091e-01,7.95454545455e-02,8.18310794119e-03,-1.53133820906e-04,-2.62416701166e-04
2.20170454545e-01,7.95454545455e-02,8.50320891249e-03,-1.61932952194e-04,-2.77637224272e-04
2.34375000000e-01,7.95454545455e-02,8.82330988378e-03,-1.70732083482e-04,-2.92857747378e-04
2.48579545455e-01,7.95454545455e-02,9.14341085508e-03,-1.79531214771e-04,-3.08078270485e-04
2.62784090909e-01,7.95454545455e-02,9.40563675372e-03,-1.88887801963e-04,-3.24482942619e-04
2.76988636364e-01,7.95454545455e-02,9.66143208874e-03,-1.98306328700e-04,-3.41019186867e-04
2.91193181818e-01,7.95454545455e-02,9.91722742375e-03,-2.07724855437e-04,-3.57555431116e-04
3.05397727273e-01,7.95454545455e-02,1.03710828538e-02,-2.23896588545e-04,-3.81182071047e-04
3.19602272727e-01,7.95454545455e-02,1.07336690230e-02,-2.38173780294e-04,-4.03439448856e-04
3.33806818182e-01,7.95454545455e-02,1.09201030337e-02,-2.47662199383e-04,-4.21288823534e-04
3.48011363636e-01,7.95454545455e-02,1.11065370443e-02,-2.57150618471e-04,-4.39138198213e-04
3.62215909091e-01,7.95454545455e-02,1.13560917994e-02,-2.69932720900e-04,-4.60362247903e-04
3.76420454545e-01,7.95454545455e-02,1.17244532151e-02,-2.89210549120e-04,-4.88430438769e-04
3.90625000000e-01,7.95454545455e-02,1.18365389407e-02,-2.97782559297e-04,-5.07227724974e-04
4.04829545455e-01,7.95454545455e-02,1.19486246664e-02,-3.06354569474e-04,-5.26025011179e-04
4.19034090909e-01,7.95454545455e-02,1.20607103921e-02,-3.14926579651e-04,-5.44822297384e-04
4.33238636364e-01,7.95454545455e-02,1.22908860873e-02,-3.35163209655e-04,-5.74499293263e-04
4.47443181818e-01,7.95454545455e-02,1.24186959124e-02,-3.57427530417e-04,-6.04962401140e-04
4.61647727273e-01,7.95454545455e-02,1.24743187645e-02,-3.71731099071e-04,-6.29284448395e-04
4.75852272727e-01,7.95454545455e-02,1.25072490628e-02,-3.77760363379e-04,-6.47646611299e-04
4.90056818182e-01,7.95454545455e-02,1.25401793611e-02,-3.83789627687e-04,-6.66008774202e-04
5.04261363636e-01,7.95454545455e-02,1.25339593058e-02,-3.95544815964e-04,-6.85172559593e-04
5.18465909091e-01,7.95454545455e-02,1.24410965070e-02,-4.18314379194e-04,-7.05470877176e-04
5.32670454545e-01,7.95454545455e-02,1.23906064412e-02,-4.19968913636e-04,-7.19145912260e-04
5.46875000000e-01,7.95454545455e-02,1.23401163753e-02,-4.21623448078e-04,-7.32820947343e-04
5.61079545455e-01,7.95454545455e-02,1.22896263095e-02,-4.23277982520e-04,-7.46495982426e-04
5.75284090909e-01,7.95454545455e-02,1.21642105844e-02,-4.26195005351e-04,-7.27749773934e-04
5.89488636364e-01,7.95454545455e-02,1.20304697861e-02,-4.29252304671e-04,-7.05401205045e-04
6.03693181818e-01,7.95454545455e-02,1.18967289878e-02,-4.32309603990e-04,-6.83052636155e-04
6.17897727273e-01,7.95454545455e-02,1.16568465152e-02,-4.49453343289e-04,-6.65924634842e-04
7.10227272727e-03,1.02272727273e-01,2.41219889436e-04,-4.38152001083e-06,-8.78941269447e-06
2.13068181818e-02,1.02272727273e-01,7.23659668309e-04,-1.31445600325e-05,-2.63682380834e-05
3.55113636364e-02,1.02272727273e-01,1.66168459463e-03,-2.68354492645e-05,-5.15787188682e-05
4.97159090909e-02,1.02272727273e-01,2.65033009289e-03,-4.10738772976e-05,-7.76371613637e-05
6.39204545455e-02,1.02272727273e-01,3.62949908646e-03,-5.53812445387e-05,-1.03352979736e-04
7.81250000000e-02,1.02272727273e-01,4.52337953781e-03,-7.03090646519e-05,-1.25985181004e-04
9.23295454545e-02,1.02272727273e-01,5.41725998916e-03,-8.52368847652e-05,-1.48617382271e-04
1.06534090909e-01,1.02272727273e-01,6.17300679940e-03,-9.79061927385e-05,-1.68620321478e-04
1.20738636364e-01,1.02272727273e-01,6.60644178041e-03,-1.05305639052e-04,-1.82488315879e-04
1.34943181818e-01,1.02272727273e-01,7.00199586589e-03,-1.13097778995e-04,-1.96590498285e-04
1.49147727273e-01,1.02272727273e-01,7.42211301923e-03,-1.21854683516e-04,-2.11637290791e-04
1.63352272727e-01,1.02272727273e-01,8.20940980898e-03,-1.37779793822e-04,-2.34282277604e-04
1.77556818182e-01,1.02272727273e-01,8.99670659874e-03,-1.53704904128e-04,-2.56927264417e-04
1.91761363636e-01,1.02272727273e-01,9.74848665010e-03,-1.70090211913e-04,-2.80082233440e-04
2.05965909091e-01,1.02272727273e-01,1.04173943119e-02,-1.87549313815e-04,-3.04427160954e-04
2.20170454545e-01,1.02272727273e-01,1.10863019736e-02,-2.05008415717e-04,-3.28772088468e-04
2.34375000000e-01,1.02272727273e-01,1.15808062902e-02,-2.18137532312e-04,-3.48554813778e-04
2.48579545455e-01,1.02272727273e-01,1.19009072615e-02,-2.26936663600e-04,-3.63775336884e-04
2.62784090909e-01,1.02272727273e-01,1.21631331601e-02,-2.36293250793e-04,-3.80180009018e-04
2.76988636364e-01,1.02272727273e-01,1.25038113930e-02,-2.48606008832e-04,-3.99754994274e-04
2.91193181818e-01,1.02272727273e-01,1.30425497209e-02,-2.67671973242e-04,-4.26420375212e-04
3.05397727273e-01,1.02272727273e-01,1.35812880488e-02,-2.86737937652e-04,-4.53085756151e-04
3.19602272727e-01,1.02272727273e-01,1.39438742180e-02,-3.01015129401e-04,-4.75343133959e-04
3.33806818182e-01,1.02272727273e-01,1.41303082287e-02,-3.10503548490e-04,-4.93192508638e-04
3.48011363636e-01,1.02272727273e-01,1.45061044728e-02,-3.29873017601e-04,-5.21165908351e-04
3.62215909091e-01,1.02272727273e-01,1.49029409651e-02,-3.50340381159e-04,-5.50264199735e-04
3.76420454545e-01,1.02272727273e-01,1.52713023807e-02,-3.69618209378e-04,-5.78332390602e-04
3.90625000000e-01,1.02272727273e-01,1.53833881064e-02,-3.78190219555e-04,-5.97129676807e-04
4.04829545455e-01,1.02272727273e-01,1.55610793707e-02,-3.93242574081e-04,-6.21971246163e-04
4.19034090909e-01,1.02272727273e-01,1.58043761736e-02,-4.14775272955e-04,-6.52857098672e-04
4.33238636364e-01,1.02272727273e-01,1.60476729765e-02,-4.36307971828e-04,-6.83742951181e-04
4.47443181818e-01,1.02272727273e-01,1.61754828017e-02,-4.58572292590e-04,-7.14206059058e-04
4.61647727273e-01,1.02272727273e-01,1.62537982077e-02,-4.81150165590e-04,-7.44487990665e-04
4.75852272727e-01,1.02272727273e-01,1.63321136137e-02,-5.03728038589e-04,-7.74769922272e-04
4.90056818182e-01,1.02272727273e-01,1.63695824228e-02,-5.11412163767e-04,-7.94324062045e-04
5.04261363636e-01,1.02272727273e-01,1.63633623675e-02,-5.23167352044e-04,-8.13487847436e-04
5.18465909091e-01,1.02272727273e-01,1.62657914872e-02,-5.48283029583e-04,-8.34522085297e-04
5.32670454545e-01,1.02272727273e-01,1.61682206070e-02,-5.73398707122e-04,-8.55556323158e-04
5.46875000000e-01,1.02272727273e-01,1.60941901339e-02,-5.86783813112e-04,-8.72910959631e-04
5.61079545455e-01,1.02272727273e-01,1.60437000681e-02,-5.88438347554e-04,-8.86585994714e-04
5.75284090909e-01,1.02272727273e-01,1.59182843430e-02,-5.91355370386e-04,-8.67839786222e-04
5.89488636364e-01,1.02272727273e-01,1.57390542557e-02,-6.00449715411e-04,-8.47728603437e-04
6.03693181818e-01,1.02272727273e-01,1.54536824943e-02,-6.23630500416e-04,-8.32837988228e-04
6.17897727273e-01,1.02272727273e-01,1.51683107328e-02,-6.46811285421e-04,-8.17947373019e-04
7.10227272727e-03,1.25000000000e-01,4.94322749131e-04,-7.11921401656e-06,-1.30292212477e-05
2.13068181818e-02,1.25000000000e-01,1.48296824739e-03,-2.13576420497e-05,-3.90876637432e-05
3.55113636364e-02,1.25000000000e-01,2.47161374565e-03,-3.55960700828e-05,-6.51461062386e-05
4.97159090909e-02,1.25000000000e-01,3.46025924391e-03,-4.98344981159e-05,-9.12045487341e-05
6.39204545455e-02,1.25000000000e-01,4.43942823748e-03,-6.41418653570e-05,-1.16920367107e-04
7.81250000000e-02,1.25000000000e-01,5.33330868883e-03,-7.90696854703e-05,-1.39552568374e-04
9.23295454545e-02,1.25000000000e-01,6.22718914018e-03,-9.39975055835e-05,-1.62184769641e-04
1.06534090909e-01,1.25000000000e-01,7.12106959153e-03,-1.08925325697e-04,-1.84816970909e-04
1.20738636364e-01,1.25000000000e-01,8.01495004288e-03,-1.23853145810e-04,-2.07449172176e-04
1.34943181818e-01,1.25000000000e-01,8.83422193111e-03,-1.39479069058e-04,-2.30090323325e-04
1.49147727273e-01,1.25000000000e-01,9.62151872086e-03,-1.55404179364e-04,-2.52735310138e-04
1.63352272727e-01,1.25000000000e-01,1.04088155106e-02,-1.71329289670e-04,-2.75380296952e-04
1.77556818182e-01,1.25000000000e-01,1.11961123004e-02,-1.87254399976e-04,-2.98025283765e-04
1.91761363636e-01,1.25000000000e-01,1.19478923517e-02,-2.03639707761e-04,-3.21180252788e-04
2.05965909091e-01,1.25000000000e-01,1.26168000135e-02,-2.21098809663e-04,-3.45525180302e-04
2.20170454545e-01,1.25000000000e-01,1.32857076753e-02,-2.38557911565e-04,-3.69870107815e-04
2.34375000000e-01,1.25000000000e-01,1.39546153370e-02,-2.56017013467e-04,-3.94215035329e-04
2.48579545455e-01,1.25000000000e-01,1.46235229988e-02,-2.73476115369e-04,-4.18559962843e-04
2.62784090909e-01,1.25000000000e-01,1.51752782601e-02,-2.92381393528e-04,-4.44993298439e-04
2.76988636364e-01,1.25000000000e-01,1.57140165880e-02,-3.11447357938e-04,-4.71658679377e-04
2.91193181818e-01,1.25000000000e-01,1.62527549159e-02,-3.30513322349e-04,-4.98324060315e-04
3.05397727273e-01,1.25000000000e-01,1.67914932438e-02,-3.49579286759e-04,-5.24989441254e-04
3.19602272727e-01,1.25000000000e-01,1.72592806538e-02,-3.69345950743e-04,-5.52871277415e-04
3.33806818182e-01,1.25000000000e-01,1.76561171461e-02,-3.89813314301e-04,-5.81969568799e-04
3.48011363636e-01,1.25000000000e-01,1.80529536384e-02,-4.10280677859e-04,-6.11067860183e-04
3.62215909091e-01,1.25000000000e-01,1.84497901307e-02,-4.30748041417e-04,-6.40166151567e-04
3.76420454545e-01,1.25000000000e-01,1.88312726541e-02,-4.51321938506e-04,-6.69443199064e-04
3.90625000000e-01,1.25000000000e-01,1.90745694570e-02,-4.72854637380e-04,-7.00329051573e-04
4.04829545455e-01,1.25000000000e-01,1.93178662600e-02,-4.94387336254e-04,-7.31214904082e-04
4.19034090909e-01,1.25000000000e-01,1.95611630629e-02,-5.15920035128e-04,-7.62100756590e-04
4.33238636364e-01,1.25000000000e-01,1.98044598658e-02,-5.37452734002e-04,-7.92986609099e-04
4.47443181818e-01,1.25000000000e-01,1.99322696909e-02,-5.59717054764e-04,-8.23449716977e-04
4.61647727273e-01,1.25000000000e-01,2.00105850970e-02,-5.82294927763e-04,-8.53731648583e-04
4.75852272727e-01,1.25000000000e-01,2.00889005030e-02,-6.04872800763e-04,-8.84013580190e-04
4.90056818182e-01,1.25000000000e-01,2.01672159091e-02,-6.27450673762e-04,-9.14295511796e-04
5.04261363636e-01,1.25000000000e-01,2.01927654292e-02,-6.50789888124e-04,-9.41803135279e-04
5.18465909091e-01,1.25000000000e-01,2.00951945489e-02,-6.75905565663e-04,-9.62837373140e-04
5.32670454545e-01,1.25000000000e-01,1.99976236687e-02,-7.01021243201e-04,-9.83871611002e-04
5.46875000000e-01,1.25000000000e-01,1.99000527884e-02,-7.26136920740e-04,-1.00490584886e-03
5.61079545455e-01,1.25000000000e-01,1.98024819081e-02,-7.51252598279e-04,-1.02594008672e-03
5.75284090909e-01,1.25000000000e-01,1.95358902348e-02,-7.74626872537e-04,-1.01464195682e-03
5.89488636364e-01,1.25000000000e-01,1.92505184733e-02,-7.97807657543e-04,-9.99751341614e-04
6.03693181818e-01,1.25000000000e-01,1.89651467119e-02,-8.20988442547e-04,-9.84860726405e-04
6.17897727273e-01,1.25000000000e-01,1.86797749504e-02,-8.44169227552e-04,-9.69970111196e-04
7.10227272727e-03,1.47727272727e-01,4.94322749131e-04,-7.11921401656e-06,-1.30292212477e-05
2.13068181818e-02,1.47727272727e-01,1.48296824739e-03,-2.13576420497e-05,-3.90876637432e-05
3.55113636364e-02,1.47727272727e-01,2.47161374565e-03,-3.55960700828e-05,-6.51461062386e-05
4.97159090909e-02,1.47727272727e-01,3.81801878940e-03,-5.28560144778e-05,-9.22825315373e-05
6.39204545455e-02,1.47727272727e-01,5.25716434146e-03,-7.10481884700e-05,-1.19384327800e-04
7.81250000000e-02,1.47727272727e-01,6.15104479281e-03,-8.59760085833e-05,-1.42016529067e-04
9.23295454545e-02,1.47727272727e-01,7.04492524415e-03,-1.00903828697e-04,-1.64648730334e-04
1.06534090909e-01,1.47727272727e-01,8.07958718699e-03,-1.17579418586e-04,-1.88076714969e-04
1.20738636364e-01,1.47727272727e-01,9.44273927663e-03,-1.38333137953e-04,-2.13361527460e-04
1.34943181818e-01,1.47727272727e-01,1.06965394408e-02,-1.60591979869e-04,-2.38898764285e-04
1.49147727273e-01,1.47727272727e-01,1.18615106677e-02,-1.82797995892e-04,-2.64244139781e-04
1.63352272727e-01,1.47727272727e-01,1.26488074575e-02,-1.98723106198e-04,-2.86889126594e-04
1.77556818182e-01,1.47727272727e-01,1.34361042472e-02,-2.14648216504e-04,-3.09534113407e-04
1.91761363636e-01,1.47727272727e-01,1.41878842986e-02,-2.31033524289e-04,-3.32689082430e-04
2.05965909091e-01,1.47727272727e-01,1.48567919603e-02,-2.48492626191e-04,-3.57034009944e-04
2.20170454545e-01,1.47727272727e-01,1.55256996221e-02,-2.65951728093e-04,-3.81378937458e-04
2.34375000000e-01,1.47727272727e-01,1.63757004395e-02,-2.87387732555e-04,-4.07365936255e-04
2.48579545455e-01,1.47727272727e-01,1.74067944125e-02,-3.12800639578e-04,-4.34995006335e-04
2.62784090909e-01,1.47727272727e-01,1.82619935273e-02,-3.40896747157e-04,-4.65142820710e-04
2.76988636364e-01,1.47727272727e-01,1.90085736948e-02,-3.66492505162e-04,-4.94441807387e-04
2.91193181818e-01,1.47727272727e-01,1.95473120227e-02,-3.85558469572e-04,-5.21107188326e-04
3.05397727273e-01,1.47727272727e-01,2.00860503506e-02,-4.04624433982e-04,-5.47772569264e-04
3.19602272727e-01,1.47727272727e-01,2.06657515643e-02,-4.30079953808e-04,-5.77774000304e-04
3.33806818182e-01,1.47727272727e-01,2.12864156638e-02,-4.61925029049e-04,-6.11111481445e-04
3.48011363636e-01,1.47727272727e-01,2.17056349168e-02,-4.83530163775e-04,-6.40633691805e-04
3.62215909091e-01,1.47727272727e-01,2.21024714091e-02,-5.03997527333e-04,-6.69731983189e-04
3.76420454545e-01,1.47727272727e-01,2.24839539324e-02,-5.24571424422e-04,-6.99009030686e-04
3.90625000000e-01,1.47727272727e-01,2.27272507354e-02,-5.46104123296e-04,-7.29894883195e-04
4.04829545455e-01,1.47727272727e-01,2.29705475383e-02,-5.67636822170e-04,-7.60780735703e-04
4.19034090909e-01,1.47727272727e-01,2.32567137164e-02,-5.93492606237e-04,-7.92993373279e-04
4.33238636364e-01,1.47727272727e-01,2.36429084368e-02,-6.29435589087e-04,-8.28301842676e-04
4.47443181818e-01,1.47727272727e-01,2.38135876371e-02,-6.56022995042e-04,-8.60091735620e-04
4.61647727273e-01,1.47727272727e-01,2.38919030432e-02,-6.78600868041e-04,-8.90373667226e-04
4.75852272727e-01,1.47727272727e-01,2.39702184492e-02,-7.01178741041e-04,-9.20655598833e-04
4.90056818182e-01,1.47727272727e-01,2.40971748656e-02,-7.40551209991e-04,-9.54144300427e-04
5.04261363636e-01,1.47727272727e-01,2.41605562826e-02,-7.76952887869e-04,-9.84146078344e-04
5.18465909091e-01,1.47727272727e-01,2.40629854024e-02,-8.02068565408e-04,-1.00518031621e-03
5.32670454545e-01,1.47727272727e-01,2.39654145221e-02,-8.27184242947e-04,-1.02621455407e-03
5.46875000000e-01,1.47727272727e-01,2.38461899660e-02,-8.63867782140e-04,-1.04866317764e-03
5.61079545455e-01,1.47727272727e-01,2.37053117341e-02,-9.12119182987e-04,-1.07252618693e-03
5.75284090909e-01,1.47727272727e-01,2.33009441649e-02,-9.66585471684e-04,-1.07744871999e-03
5.89488636364e-01,1.47727272727e-01,2.29117817229e-02,-1.01214948944e-03,-1.07495416042e-03
6.03693181818e-01,1.47727272727e-01,2.26264099614e-02,-1.03533027444e-03,-1.06006354521e-03
6.17897727273e-01,1.47727272727e-01,2.23410382000e-02,-1.05851105945e-03,-1.04517293000e-03
7.10227272727e-03,1.70454545455e-01,4.94322749131e-04,-7.11921401656e-06,-1.30292212477e-05
2.13068181818e-02,1.70454545455e-01,1.63629376689e-03,-2.26525776334e-05,-3.95496563731e-05
3.55113636364e-02,1.70454545455e-01,3.13602433013e-03,-4.12074576121e-05,-6.71480743018e-05
4.97159090909e-02,1.70454545455e-01,4.63575489338e-03,-5.97623375908e-05,-9.47464922304e-05
6.39204545455e-02,1.70454545455e-01,6.07490044543e-03,-7.79545115830e-05,-1.21848288493e-04
7.81250000000e-02,1.70454545455e-01,6.96878089678e-03,-9.28823316962e-05,-1.44480489760e-04
9.23295454545e-02,1.70454545455e-01,8.28500582259e-03,-1.13053461138e-04,-1.69500041129e-04
1.06534090909e-01,1.70454545455e-01,9.64815791223e-03,-1.33807180505e-04,-1.94784853620e-04
1.20738636364e-01,1.70454545455e-01,1.10113100019e-02,-1.54560899872e-04,-2.20069666111e-04
1.34943181818e-01,1.70454545455e-01,1.22651101660e-02,-1.76819741788e-04,-2.45606902936e-04
1.49147727273e-01,1.70454545455e-01,1.34720452193e-02,-1.99723636224e-04,-2.71252321619e-04
1.63352272727e-01,1.70454545455e-01,1.46789802725e-02,-2.22627530661e-04,-2.96897740301e-04
1.77556818182e-01,1.70454545455e-01,1.56760961940e-02,-2.42042033032e-04,-3.21042943049e-04
1.91761363636e-01,1.70454545455e-01,1.64278762454e-02,-2.58427340817e-04,-3.44197912072e-04
2.05965909091e-01,1.70454545455e-01,1.71330025383e-02,-2.76681823231e-04,-3.68871253843e-04
2.20170454545e-01,1.70454545455e-01,1.81640965113e-02,-3.02094730254e-04,-3.96500323923e-04
2.34375000000e-01,1.70454545455e-01,1.91951904843e-02,-3.27507637277e-04,-4.24129394004e-04
2.48579545455e-01,1.70454545455e-01,2.02262844572e-02,-3.52920544300e-04,-4.51758464084e-04
2.62784090909e-01,1.70454545455e-01,2.10814835720e-02,-3.81016651878e-04,-4.81906278459e-04
2.76988636364e-01,1.70454545455e-01,2.19171388137e-02,-4.09410892852e-04,-5.12333953310e-04
2.91193181818e-01,1.70454545455e-01,2.27527940554e-02,-4.37805133826e-04,-5.42761628162e-04
3.05397727273e-01,1.70454545455e-01,2.33806074574e-02,-4.59669581205e-04,-5.70555697274e-04
3.19602272727e-01,1.70454545455e-01,2.39603086711e-02,-4.85125101031e-04,-6.00557128314e-04
3.33806818182e-01,1.70454545455e-01,2.45809727706e-02,-5.16970176272e-04,-6.33894609455e-04
3.48011363636e-01,1.70454545455e-01,2.52016368701e-02,-5.48815251513e-04,-6.67232090597e-04
3.62215909091e-01,1.70454545455e-01,2.57551526874e-02,-5.77247013249e-04,-6.99297814811e-04
3.76420454545e-01,1.70454545455e-01,2.61366352107e-02,-5.97820910338e-04,-7.28574862308e-04
3.90625000000e-01,1.70454545455e-01,2.63799320137e-02,-6.19353609212e-04,-7.59460714816e-04
4.04829545455e-01,1.70454545455e-01,2.67518369423e-02,-6.53855563665e-04,-7.94326922525e-04
4.19034090909e-01,1.70454545455e-01,2.71380316626e-02,-6.89798546515e-04,-8.29635391922e-04
4.33238636364e-01,1.70454545455e-01,2.75242263830e-02,-7.25741529365e-04,-8.64943861319e-04
4.47443181818e-01,1.70454545455e-01,2.76949055833e-02,-7.52328935319e-04,-8.96733754263e-04
4.61647727273e-01,1.70454545455e-01,2.78002437729e-02,-7.84237139402e-04,-9.28797224752e-04
4.75852272727e-01,1.70454545455e-01,2.79326047459e-02,-8.25475674569e-04,-9.62642234122e-04
4.90056818182e-01,1.70454545455e-01,2.80649657190e-02,-8.66714209736e-04,-9.96487243492e-04
5.04261363636e-01,1.70454545455e-01,2.81283471361e-02,-9.03115887615e-04,-1.02648902141e-03
5.18465909091e-01,1.70454545455e-01,2.80264455206e-02,-9.30545137484e-04,-1.04780613641e-03
5.32670454545e-01,1.70454545455e-01,2.78855672887e-02,-9.78796538332e-04,-1.07166914570e-03
5.46875000000e-01,1.70454545455e-01,2.77446890568e-02,-1.02704793918e-03,-1.09553215500e-03
5.61079545455e-01,1.70454545455e-01,2.76038108250e-02,-1.07529934003e-03,-1.11939516429e-03
5.75284090909e-01,1.70454545455e-01,2.71994432557e-02,-1.12976562872e-03,-1.12431769735e-03
5.89488636364e-01,1.70454545455e-01,2.67657990935e-02,-1.18492246051e-03,-1.12713573305e-03
6.03693181818e-01,1.70454545455e-01,2.63321549312e-02,-1.24007929230e-03,-1.12995376875e-03
6.17897727273e-01,1.70454545455e-01,2.60023014496e-02,-1.27285289135e-03,-1.12037574881e-03
7.10227272727e-03,1.93181818182e-01,9.48698285717e-04,-1.05016784108e-05,-1.21692084653e-05
2.13068181818e-02,1.93181818182e-01,2.44842884896e-03,-2.90565583896e-05,-3.97676263940e-05
3.55113636364e-02,1.93181818182e-01,3.94815941221e-03,-4.76114383683e-05,-6.73660443226e-05
4.97159090909e-02,1.93181818182e-01,5.44788997545e-03,-6.61663183470e-05,-9.49644622512e-05
6.39204545455e-02,1.93181818182e-01,6.93396269134e-03,-8.49410822646e-05,-1.22331519636e-04
7.81250000000e-02,1.93181818182e-01,8.29711478098e-03,-1.05694801632e-04,-1.47616332127e-04
9.23295454545e-02,1.93181818182e-01,9.66026687062e-03,-1.26448520999e-04,-1.72901144618e-04
1.06534090909e-01,1.93181818182e-01,1.10234189603e-02,-1.47202240366e-04,-1.98185957110e-04
1.20738636364e-01,1.93181818182e-01,1.24325630033e-02,-1.68377156936e-04,-2.23198847454e-04
1.34943181818e-01,1.93181818182e-01,1.39900636106e-02,-1.93983491897e-04,-2.47028049527e-04
1.49147727273e-01,1.93181818182e-01,1.51969986639e-02,-2.16887386334e-04,-2.72673468209e-04
1.63352272727e-01,1.93181818182e-01,1.64039337171e-02,-2.39791280770e-04,-2.98318886892e-04
1.77556818182e-01,1.93181818182e-01,1.76108687704e-02,-2.62695175206e-04,-3.23964305574e-04
1.91761363636e-01,1.93181818182e-01,1.88731283591e-02,-2.88236150805e-04,-3.49559063956e-04
2.05965909091e-01,1.93181818182e-01,1.99402479519e-02,-3.14277183624e-04,-3.76972882130e-04
2.20170454545e-01,1.93181818182e-01,2.09713419249e-02,-3.39690090647e-04,-4.04601952211e-04
2.34375000000e-01,1.93181818182e-01,2.20024358979e-02,-3.65102997669e-04,-4.32231022291e-04
2.48579545455e-01,1.93181818182e-01,2.30335298709e-02,-3.90515904692e-04,-4.59860092372e-04
2.62784090909e-01,1.93181818182e-01,2.38887289857e-02,-4.18612012271e-04,-4.90007906746e-04
2.76988636364e-01,1.93181818182e-01,2.47243842274e-02,-4.47006253245e-04,-5.20435581598e-04
2.91193181818e-01,1.93181818182e-01,2.55600394690e-02,-4.75400494219e-04,-5.50863256449e-04
3.05397727273e-01,1.93181818182e-01,2.63956947107e-02,-5.03794735193e-04,-5.81290931301e-04
3.19602272727e-01,1.93181818182e-01,2.72429537683e-02,-5.36985182860e-04,-6.12290966825e-04
3.33806818182e-01,1.93181818182e-01,2.78636178678e-02,-5.68830258101e-04,-6.45628447966e-04
3.48011363636e-01,1.93181818182e-01,2.84842819672e-02,-6.00675333342e-04,-6.78965929107e-04
3.62215909091e-01,1.93181818182e-01,2.91049460667e-02,-6.32520408583e-04,-7.12303410249e-04
3.76420454545e-01,1.93181818182e-01,2.98076033092e-02,-6.69822474551e-04,-7.44683461346e-04
3.90625000000e-01,1.93181818182e-01,3.02379885677e-02,-7.09369304093e-04,-7.79270115465e-04
4.04829545455e-01,1.93181818182e-01,3.06241832880e-02,-7.45312286943e-04,-8.14578584862e-04
4.19034090909e-01,1.93181818182e-01,3.10103780083e-02,-7.81255269793e-04,-8.49887054260e-04
4.33238636364e-01,1.93181818182e-01,3.13965727287e-02,-8.17198252643e-04,-8.85195523657e-04
4.47443181818e-01,1.93181818182e-01,3.16050838259e-02,-8.56848122115e-04,-9.19479571035e-04
4.61647727273e-01,1.93181818182e-01,3.17374447990e-02,-8.98086657282e-04,-9.53324580406e-04
4.75852272727e-01,1.93181818182e-01,3.18698057721e-02,-9.39325192449e-04,-9.87169589776e-04
4.90056818182e-01,1.93181818182e-01,3.20021667451e-02,-9.80563727615e-04,-1.02101459915e-03
5.04261363636e-01,1.93181818182e-01,3.20650354766e-02,-1.03370672325e-03,-1.05121753472e-03
5.18465909091e-01,1.93181818182e-01,3.19204185697e-02,-1.08334283971e-03,-1.07513710707e-03
5.32670454545e-01,1.93181818182e-01,3.17795403378e-02,-1.13159424056e-03,-1.09900011636e-03
5.46875000000e-01,1.93181818182e-01,3.16386621059e-02,-1.17984564140e-03,-1.12286312566e-03
5.61079545455e-01,1.93181818182e-01,3.14977838741e-02,-1.22809704225e-03,-1.14672613495e-03
5.75284090909e-01,1.93181818182e-01,3.10934163048e-02,-1.28256333095e-03,-1.15164866801e-03
5.89488636364e-01,1.93181818182e-01,3.06597721426e-02,-1.33772016274e-03,-1.15446670371e-03
6.03693181818e-01,1.93181818182e-01,3.02261279803e-02,-1.39287699453e-03,-1.15728473941e-03
6.17897727273e-01,1.93181818182e-01,2.97924838181e-02,-1.44803382632e-03,-1.16010277511e-03
7.10227272727e-03,2.15909090909e-01,9.98406536741e-04,-1.08077380162e-05,-1.17617083406e-05
2.13068181818e-02,2.15909090909e-01,2.99521961022e-03,-3.24232140486e-05,-3.52851250217e-05
3.55113636364e-02,2.15909090909e-01,4.74349142859e-03,-5.25083920541e-05,-6.08460423266e-05
4.97159090909e-02,2.15909090909e-01,6.24322199183e-03,-7.10632720329e-05,-8.84444602552e-05
6.39204545455e-02,2.15909090909e-01,7.72929470772e-03,-8.98380359504e-05,-1.15811517640e-04
7.81250000000e-02,2.15909090909e-01,9.09244679736e-03,-1.10591755318e-04,-1.41096330131e-04
9.23295454545e-02,2.15909090909e-01,1.04555988870e-02,-1.31345474685e-04,-1.66381142622e-04
1.06534090909e-01,2.15909090909e-01,1.21406946507e-02,-1.55047574473e-04,-1.89762500084e-04
1.20738636364e-01,2.15909090909e-01,1.39637662747e-02,-1.80013265869e-04,-2.12328091104e-04
1.34943181818e-01,2.15909090909e-01,1.56455603191e-02,-2.07182526908e-04,-2.35488091945e-04
1.49147727273e-01,2.15909090909e-01,1.72668068295e-02,-2.35296174935e-04,-2.58902839851e-04
1.63352272727e-01,2.15909090909e-01,1.85980353198e-02,-2.59762995449e-04,-2.83879057300e-04
1.77556818182e-01,2.15909090909e-01,1.98049703731e-02,-2.82666889885e-04,-3.09524475983e-04
1.91761363636e-01,2.15909090909e-01,2.10672299618e-02,-3.08207865484e-04,-3.35119234365e-04
2.05965909091e-01,2.15909090909e-01,2.24585801333e-02,-3.39902030462e-04,-3.60595785379e-04
2.20170454545e-01,2.15909090909e-01,2.37418534452e-02,-3.69711818053e-04,-3.86718092113e-04
2.34375000000e-01,2.15909090909e-01,2.47729474182e-02,-3.95124725076e-04,-4.14347162194e-04
2.48579545455e-01,2.15909090909e-01,2.58040413912e-02,-4.20537632099e-04,-4.41976232274e-04
2.62784090909e-01,2.15909090909e-01,2.66592405060e-02,-4.48633739678e-04,-4.72124046649e-04
2.76988636364e-01,2.15909090909e-01,2.74948957477e-02,-4.77027980652e-04,-5.02551721500e-04
2.91193181818e-01,2.15909090909e-01,2.84794252231e-02,-5.09260708576e-04,-5.31876218261e-04
3.05397727273e-01,2.15909090909e-01,2.96128289322e-02,-5.45331923451e-04,-5.60097536931e-04
3.19602272727e-01,2.15909090909e-01,3.04898628365e-02,-5.79290068508e-04,-5.90876936837e-04
3.33806818182e-01,2.15909090909e-01,3.11105269359e-02,-6.11135143749e-04,-6.24214417979e-04
3.48011363636e-01,2.15909090909e-01,3.17538685108e-02,-6.43941698424e-04,-6.57323418176e-04
3.62215909091e-01,2.15909090909e-01,3.26013073642e-02,-6.85401568005e-04,-6.88376089875e-04
3.76420454545e-01,2.15909090909e-01,3.34173519837e-02,-7.27511031143e-04,-7.19613736251e-04
3.90625000000e-01,2.15909090909e-01,3.39508484977e-02,-7.75466836299e-04,-7.52516154721e-04
4.04829545455e-01,2.15909090909e-01,3.44696148324e-02,-8.22221359224e-04,-7.85659178283e-04
4.19034090909e-01,2.15909090909e-01,3.48558095527e-02,-8.58164342074e-04,-8.20967647680e-04
4.33238636364e-01,2.15909090909e-01,3.52420042731e-02,-8.94107324924e-04,-8.56276117078e-04
4.47443181818e-01,2.15909090909e-01,3.54505153703e-02,-9.33757194396e-04,-8.90560164456e-04
4.61647727273e-01,2.15909090909e-01,3.55828763434e-02,-9.74995729563e-04,-9.24405173826e-04
4.75852272727e-01,2.15909090909e-01,3.57330089752e-02,-1.02046910518e-03,-9.57637310970e-04
4.90056818182e-01,2.15909090909e-01,3.59246088107e-02,-1.07582377517e-03,-9.89439412919e-04
5.04261363636e-01,2.15909090909e-01,3.60052492010e-02,-1.13320161125e-03,-1.01902947626e-03
5.18465909091e-01,2.15909090909e-01,3.58269842188e-02,-1.19530016821e-03,-1.04345811620e-03
5.32670454545e-01,2.15909090909e-01,3.56599352617e-02,-1.25324457834e-03,-1.06771706695e-03
5.46875000000e-01,2.15909090909e-01,3.55190570298e-02,-1.30149597919e-03,-1.09158007624e-03
5.61079545455e-01,2.15909090909e-01,3.53781787979e-02,-1.34974738004e-03,-1.11544308553e-03
5.75284090909e-01,2.15909090909e-01,3.49738112287e-02,-1.40421366873e-03,-1.12036561859e-03
5.89488636364e-01,2.15909090909e-01,3.45401670664e-02,-1.45937050052e-03,-1.12318365429e-03
6.03693181818e-01,2.15909090909e-01,3.40352690550e-02,-1.52097997972e-03,-1.12895836844e-03
6.17897727273e-01,2.15909090909e-01,3.34591171944e-02,-1.58904210632e-03,-1.13768976106e-03
7.10227272727e-03,2.38636363636e-01,9.98406536741e-04,-1.08077380162e-05,-1.17617083406e-05
2.13068181818e-02,2.38636363636e-01,2.99521961022e-03,-3.24232140486e-05,-3.52851250217e-05
3.55113636364e-02,2.38636363636e-01,4.99203268370e-03,-5.40386900810e-05,-5.88085417028e-05
4.97159090909e-02,2.38636363636e-01,6.98884575719e-03,-7.56541661134e-05,-8.23319583840e-05
6.39204545455e-02,2.38636363636e-01,8.52462672410e-03,-9.47349896363e-05,-1.09291515644e-04
7.81250000000e-02,2.38636363636e-01,1.00257546740e-02,-1.16752300612e-04,-1.33760561694e-04
9.23295454545e-02,2.38636363636e-01,1.18488262980e-02,-1.41717992009e-04,-1.56326152714e-04
1.06534090909e-01,2.38636363636e-01,1.36718979220e-02,-1.66683683406e-04,-1.78891743735e-04
1.20738636364e-01,2.38636363636e-01,1.54949695460e-02,-1.91649374802e-04,-2.01457334755e-04
1.34943181818e-01,2.38636363636e-01,1.71767635905e-02,-2.18818635841e-04,-2.24617335596e-04
1.49147727273e-01,2.38636363636e-01,1.87980101008e-02,-2.46932283868e-04,-2.48032083502e-04
1.63352272727e-01,2.38636363636e-01,2.04192566111e-02,-2.75045931896e-04,-2.71446831408e-04
1.77556818182e-01,2.38636363636e-01,2.19990719758e-02,-3.02638604564e-04,-2.95084646391e-04
1.91761363636e-01,2.38636363636e-01,2.32613315645e-02,-3.28179580163e-04,-3.20679404773e-04
2.05965909091e-01,2.38636363636e-01,2.46526817360e-02,-3.59873745141e-04,-3.46155955787e-04
2.20170454545e-01,2.38636363636e-01,2.60440319075e-02,-3.91567910119e-04,-3.71632506802e-04
2.34375000000e-01,2.38636363636e-01,2.74353820789e-02,-4.23262075097e-04,-3.97109057816e-04
2.48579545455e-01,2.38636363636e-01,2.85745529115e-02,-4.50559359506e-04,-4.24092372177e-04
2.62784090909e-01,2.38636363636e-01,2.94595268730e-02,-4.79423164475e-04,-4.54019550933e-04
2.76988636364e-01,2.38636363636e-01,3.05929305821e-02,-5.15494379350e-04,-4.82240869603e-04
2.91193181818e-01,2.38636363636e-01,3.17263342912e-02,-5.51565594224e-04,-5.10462188273e-04
3.05397727273e-01,2.38636363636e-01,3.28597380004e-02,-5.87636809099e-04,-5.38683506944e-04
3.19602272727e-01,2.38636363636e-01,3.37367719046e-02,-6.21594954156e-04,-5.69462906849e-04
3.33806818182e-01,2.38636363636e-01,3.45161783319e-02,-6.60170385435e-04,-6.01201021381e-04
3.48011363636e-01,2.38636363636e-01,3.53636171853e-02,-7.01630255016e-04,-6.32253693080e-04
3.62215909091e-01,2.38636363636e-01,3.62110560387e-02,-7.43090124597e-04,-6.63306364779e-04
3.76420454545e-01,2.38636363636e-01,3.70271006582e-02,-7.85199587735e-04,-6.94544011156e-04
3.90625000000e-01,2.38636363636e-01,3.75605971722e-02,-8.33155392890e-04,-7.27446429625e-04
4.04829545455e-01,2.38636363636e-01,3.80940936862e-02,-8.81111198046e-04,-7.60348848095e-04
4.19034090909e-01,2.38636363636e-01,3.86275902002e-02,-9.29067003202e-04,-7.93251266565e-04
4.33238636364e-01,2.38636363636e-01,3.90874358174e-02,-9.71016397205e-04,-8.27356710498e-04
4.47443181818e-01,2.38636363636e-01,3.92959469147e-02,-1.01066626668e-03,-8.61640757877e-04
4.61647727273e-01,2.38636363636e-01,3.94816228640e-02,-1.06460932318e-03,-8.93647150568e-04
4.75852272727e-01,2.38636363636e-01,3.96732226995e-02,-1.11996399318e-03,-9.25449252516e-04
4.90056818182e-01,2.38636363636e-01,3.98648225351e-02,-1.17531866317e-03,-9.57251354465e-04
5.04261363636e-01,2.38636363636e-01,3.99454629253e-02,-1.23269649925e-03,-9.86841417810e-04
5.18465909091e-01,2.38636363636e-01,3.97671979431e-02,-1.29479505621e-03,-1.01127005775e-03
5.32670454545e-01,2.38636363636e-01,3.95889329609e-02,-1.35689361318e-03,-1.03569869769e-03
5.46875000000e-01,2.38636363636e-01,3.94106679787e-02,-1.41899217014e-03,-1.06012733762e-03
5.61079545455e-01,2.38636363636e-01,3.92585737218e-02,-1.47139771782e-03,-1.08416003611e-03
5.75284090909e-01,2.38636363636e-01,3.88399553827e-02,-1.52715453600e-03,-1.08967390486e-03
5.89488636364e-01,2.38636363636e-01,3.82638035221e-02,-1.59521666260e-03,-1.09840529747e-03
6.03693181818e-01,2.38636363636e-01,3.76876516615e-02,-1.66327878920e-03,-1.10713669009e-03
6.17897727273e-01,2.38636363636e-01,3.71114998009e-02,-1.73134091579e-03,-1.11586808270e-03
7.10227272727e-03,2.61363636364e-01,1.23050830578e-03,-1.16428004964e-05,-7.55034558920e-06
2.13068181818e-02,2.61363636364e-01,3.36658244069e-03,-3.37593140169e-05,-2.85469446195e-05
3.55113636364e-02,2.61363636364e-01,5.36339551417e-03,-5.53747900492e-05,-5.20703613007e-05
4.97159090909e-02,2.61363636364e-01,7.36020858766e-03,-7.69902660816e-05,-7.55937779818e-05
6.39204545455e-02,2.61363636364e-01,9.38288711634e-03,-9.91720831461e-05,-9.83162992952e-05
7.81250000000e-02,2.61363636364e-01,1.15086359414e-02,-1.25757011013e-04,-1.15946100704e-04
9.23295454545e-02,2.61363636364e-01,1.33317075654e-02,-1.50722702409e-04,-1.38511691725e-04
1.06534090909e-01,2.61363636364e-01,1.51547791894e-02,-1.75688393806e-04,-1.61077282745e-04
1.20738636364e-01,2.61363636364e-01,1.69778508134e-02,-2.00654085203e-04,-1.83642873766e-04
1.34943181818e-01,2.61363636364e-01,1.89340497060e-02,-2.29887591081e-04,-2.02141927803e-04
1.49147727273e-01,2.61363636364e-01,2.05944969089e-02,-2.58296131229e-04,-2.24890826165e-04
1.63352272727e-01,2.61363636364e-01,2.22157434193e-02,-2.86409779256e-04,-2.48305574071e-04
1.77556818182e-01,2.61363636364e-01,2.38369899296e-02,-3.14523427284e-04,-2.71720321977e-04
1.91761363636e-01,2.61363636364e-01,2.53892675383e-02,-3.43711230396e-04,-2.95753610816e-04
2.05965909091e-01,2.61363636364e-01,2.67806177098e-02,-3.75405395374e-04,-3.21230161830e-04
2.20170454545e-01,2.61363636364e-01,2.81719678812e-02,-4.07099560352e-04,-3.46706712844e-04
2.34375000000e-01,2.61363636364e-01,2.95633180527e-02,-4.38793725330e-04,-3.72183263859e-04
2.48579545455e-01,2.61363636364e-01,3.11947907551e-02,-4.73077260831e-04,-3.92864583299e-04
2.62784090909e-01,2.61363636364e-01,3.26166633428e-02,-5.12847888485e-04,-4.14282256358e-04
2.76988636364e-01,2.61363636364e-01,3.37500670519e-02,-5.48919103360e-04,-4.42503575028e-04
2.91193181818e-01,2.61363636364e-01,3.48834707610e-02,-5.84990318234e-04,-4.70724893698e-04
3.05397727273e-01,2.61363636364e-01,3.60168744702e-02,-6.21061533109e-04,-4.98946212368e-04
3.19602272727e-01,2.61363636364e-01,3.70072957514e-02,-6.59827075337e-04,-5.28583207553e-04
3.33806818182e-01,2.61363636364e-01,3.78547346048e-02,-7.01286944917e-04,-5.59635879252e-04
3.48011363636e-01,2.61363636364e-01,3.87021734582e-02,-7.42746814498e-04,-5.90688550951e-04
3.62215909091e-01,2.61363636364e-01,3.95496123116e-02,-7.84206684079e-04,-6.21741222650e-04
3.76420454545e-01,2.61363636364e-01,4.05410865558e-02,-8.31154914459e-04,-6.46785424652e-04
3.90625000000e-01,2.61363636364e-01,4.10745830698e-02,-8.79110719614e-04,-6.79687843122e-04
4.04829545455e-01,2.61363636364e-01,4.16080795838e-02,-9.27066524770e-04,-7.12590261592e-04
4.19034090909e-01,2.61363636364e-01,4.21415760979e-02,-9.75022329926e-04,-7.45492680062e-04
4.33238636364e-01,2.61363636364e-01,4.27473110679e-02,-1.02676718006e-03,-7.74579758312e-04
4.47443181818e-01,2.61363636364e-01,4.31275344941e-02,-1.08823722883e-03,-8.00147931816e-04
4.61647727273e-01,2.61363636364e-01,4.33252359745e-02,-1.14445784328e-03,-8.31339345297e-04
4.75852272727e-01,2.61363636364e-01,4.35168358100e-02,-1.19981251327e-03,-8.63141447246e-04
4.90056818182e-01,2.61363636364e-01,4.37084356456e-02,-1.25516718326e-03,-8.94943549195e-04
5.04261363636e-01,2.61363636364e-01,4.37890760358e-02,-1.31254501935e-03,-9.24533612540e-04
5.18465909091e-01,2.61363636364e-01,4.36108110536e-02,-1.37464357631e-03,-9.48962252478e-04
5.32670454545e-01,2.61363636364e-01,4.34325460714e-02,-1.43674213327e-03,-9.73390892417e-04
5.46875000000e-01,2.61363636364e-01,4.32542810892e-02,-1.49884069024e-03,-9.97819532355e-04
5.61079545455e-01,2.61363636364e-01,4.30542520620e-02,-1.56716483571e-03,-1.02198731258e-03
5.75284090909e-01,2.61363636364e-01,4.25147797399e-02,-1.63551997513e-03,-1.03225116426e-03
5.89488636364e-01,2.61363636364e-01,4.19386278793e-02,-1.70358210173e-03,-1.04098255687e-03
6.03693181818e-01,2.61363636364e-01,4.13624760187e-02,-1.77164422833e-03,-1.04971394948e-03
6.17897727273e-01,2.61363636364e-01,4.07467783455e-02,-1.83992198229e-03,-1.06060085875e-03
7.10227272727e-03,2.84090909091e-01,1.23050830578e-03,-1.16428004964e-05,-7.55034558920e-06
2.13068181818e-02,2.84090909091e-01,3.69152491735e-03,-3.49284014891e-05,-2.26510367676e-05
3.55113636364e-02,2.84090909091e-01,6.10612117511e-03,-5.80469899858e-05,-3.85940004963e-05
4.97159090909e-02,2.84090909091e-01,8.10293424859e-03,-7.96624660182e-05,-6.21174171774e-05
6.39204545455e-02,2.84090909091e-01,1.01256127773e-02,-1.01844283083e-04,-8.48399384909e-05
7.81250000000e-02,2.84090909091e-01,1.23810804028e-02,-1.29123169436e-04,-1.00354401495e-04
9.23295454545e-02,2.84090909091e-01,1.46365480282e-02,-1.56402055790e-04,-1.15868864499e-04
1.06534090909e-01,2.84090909091e-01,1.65893384527e-02,-1.82061705674e-04,-1.36319117115e-04
1.20738636364e-01,2.84090909091e-01,1.84124100767e-02,-2.07027397070e-04,-1.58884708135e-04
1.34943181818e-01,2.84090909091e-01,2.03686089693e-02,-2.36260902949e-04,-1.77383762172e-04
1.49147727273e-01,2.84090909091e-01,2.23818624056e-02,-2.67323472176e-04,-1.94140014645e-04
1.63352272727e-01,2.84090909091e-01,2.42775137641e-02,-2.97501365044e-04,-2.12893815748e-04
1.77556818182e-01,2.84090909091e-01,2.58987602745e-02,-3.25615013071e-04,-2.36308563654e-04
1.91761363636e-01,2.84090909091e-01,2.74510378832e-02,-3.54802816184e-04,-2.60341852492e-04
2.05965909091e-01,2.84090909091e-01,2.88423880546e-02,-3.86496981162e-04,-2.85818403507e-04
2.20170454545e-01,2.84090909091e-01,3.03366478822e-02,-4.19300876364e-04,-3.09239855275e-04
2.34375000000e-01,2.84090909091e-01,3.20710302407e-02,-4.54694142088e-04,-3.27866075470e-04
2.48579545455e-01,2.84090909091e-01,3.38054125991e-02,-4.90087407813e-04,-3.46492295664e-04
2.62784090909e-01,2.84090909091e-01,3.52558315636e-02,-5.30328936429e-04,-3.67179451752e-04
2.76988636364e-01,2.84090909091e-01,3.66746990398e-02,-5.71109160923e-04,-3.88095600717e-04
2.91193181818e-01,2.84090909091e-01,3.79508346325e-02,-6.09534880607e-04,-4.12664334535e-04
3.05397727273e-01,2.84090909091e-01,3.90842383416e-02,-6.45606095481e-04,-4.40885653205e-04
3.19602272727e-01,2.84090909091e-01,4.00746596228e-02,-6.84371637709e-04,-4.70522648390e-04
3.33806818182e-01,2.84090909091e-01,4.09220984762e-02,-7.25831507290e-04,-5.01575320089e-04
3.48011363636e-01,2.84090909091e-01,4.18791808451e-02,-7.70315606397e-04,-5.28757089054e-04
3.62215909091e-01,2.84090909091e-01,4.29459067294e-02,-8.17823935030e-04,-5.52067955286e-04
3.76420454545e-01,2.84090909091e-01,4.39593096766e-02,-8.65377011315e-04,-5.76337976741e-04
3.90625000000e-01,2.84090909091e-01,4.44928061906e-02,-9.13332816471e-04,-6.09240395211e-04
4.04829545455e-01,2.84090909091e-01,4.50407503959e-02,-9.62046430622e-04,-6.41379745637e-04
4.19034090909e-01,2.84090909091e-01,4.57187238219e-02,-1.01758032573e-03,-6.66651483668e-04
4.33238636364e-01,2.84090909091e-01,4.63966972480e-02,-1.07311422084e-03,-6.91923221700e-04
4.47443181818e-01,2.84090909091e-01,4.67769206743e-02,-1.13458426960e-03,-7.17491395204e-04
4.61647727273e-01,2.84090909091e-01,4.70295369577e-02,-1.19859838423e-03,-7.43186612481e-04
4.75852272727e-01,2.84090909091e-01,4.72638483067e-02,-1.26001466546e-03,-7.70713895159e-04
4.90056818182e-01,2.84090909091e-01,4.74554481423e-02,-1.31536933546e-03,-8.02515997108e-04
5.04261363636e-01,2.84090909091e-01,4.75360885325e-02,-1.37274717154e-03,-8.32106060454e-04
5.18465909091e-01,2.84090909091e-01,4.73578235503e-02,-1.43484572850e-03,-8.56534700392e-04
5.32670454545e-01,2.84090909091e-01,4.71702311202e-02,-1.49961239483e-03,-8.80851543311e-04
5.46875000000e-01,2.84090909091e-01,4.69608746451e-02,-1.57060464966e-03,-9.04907526521e-04
5.61079545455e-01,2.84090909091e-01,4.67515181700e-02,-1.64159690450e-03,-9.28963509730e-04
5.75284090909e-01,2.84090909091e-01,4.62120458479e-02,-1.70995204392e-03,-9.39227361404e-04
5.89488636364e-01,2.84090909091e-01,4.56358939873e-02,-1.77801417052e-03,-9.47958754017e-04
6.03693181818e-01,2.84090909091e-01,4.49411046890e-02,-1.84672317920e-03,-9.63156696593e-04
6.17897727273e-01,2.84090909091e-01,4.42331334531e-02,-1.91550406366e-03,-9.79073144720e-04
7.10227272727e-03,3.06818181818e-01,1.23050830578e-03,-1.16428004964e-05,-7.55034558920e-06
2.13068181818e-02,3.06818181818e-01,3.69152491735e-03,-3.49284014891e-05,-2.26510367676e-05
3.55113636364e-02,3.06818181818e-01,6.15254152892e-03,-5.82140024818e-05,-3.77517279460e-05
4.97159090909e-02,3.06818181818e-01,8.61355814049e-03,-8.14996034745e-05,-5.28524191244e-05
6.39204545455e-02,3.06818181818e-01,1.08683384382e-02,-1.04516483019e-04,-7.13635776865e-05
7.81250000000e-02,3.06818181818e-01,1.31238060637e-02,-1.31795369373e-04,-8.68780406906e-05
9.23295454545e-02,3.06818181818e-01,1.53792736892e-02,-1.59074255726e-04,-1.02392503695e-04
1.06534090909e-01,3.06818181818e-01,1.76347413146e-02,-1.86353142080e-04,-1.17906966699e-04
1.20738636364e-01,3.06818181818e-01,1.98469693400e-02,-2.13400708938e-04,-1.34126542504e-04
1.34943181818e-01,3.06818181818e-01,2.18031682326e-02,-2.42634214816e-04,-1.52625596542e-04
1.49147727273e-01,3.06818181818e-01,2.38164216689e-02,-2.73696784044e-04,-1.69381849015e-04
1.63352272727e-01,3.06818181818e-01,2.58296751052e-02,-3.04759353271e-04,-1.86138101488e-04
1.77556818182e-01,3.06818181818e-01,2.78429285415e-02,-3.35821922499e-04,-2.02894353961e-04
1.91761363636e-01,3.06818181818e-01,2.95128082280e-02,-3.65894401971e-04,-2.24930094169e-04
2.05965909091e-01,3.06818181818e-01,3.12128873678e-02,-4.00917757621e-04,-2.44241347446e-04
2.20170454545e-01,3.06818181818e-01,3.29472697262e-02,-4.36311023346e-04,-2.62867567640e-04
2.34375000000e-01,3.06818181818e-01,3.46816520847e-02,-4.71704289070e-04,-2.81493787835e-04
2.48579545455e-01,3.06818181818e-01,3.64160344431e-02,-5.07097554795e-04,-3.00120008029e-04
2.62784090909e-01,3.06818181818e-01,3.78664534076e-02,-5.47339083412e-04,-3.20807164117e-04
2.76988636364e-01,3.06818181818e-01,3.92853208838e-02,-5.88119307905e-04,-3.41723313082e-04
2.91193181818e-01,3.06818181818e-01,4.07041883600e-02,-6.28899532398e-04,-3.62639462047e-04
3.05397727273e-01,3.06818181818e-01,4.21230558363e-02,-6.69679756892e-04,-3.83555611012e-04
3.19602272727e-01,3.06818181818e-01,4.31639521973e-02,-7.09521045986e-04,-4.11687908680e-04
3.33806818182e-01,3.06818181818e-01,4.42306780816e-02,-7.57029374620e-04,-4.34998774911e-04
3.48011363636e-01,3.06818181818e-01,4.52974039659e-02,-8.04537703253e-04,-4.58309641143e-04
3.62215909091e-01,3.06818181818e-01,4.63641298502e-02,-8.52046031886e-04,-4.81620507374e-04
3.76420454545e-01,3.06818181818e-01,4.73775327974e-02,-8.99599108171e-04,-5.05890528830e-04
3.90625000000e-01,3.06818181818e-01,4.80121631499e-02,-9.52859576293e-04,-5.33451470993e-04
4.04829545455e-01,3.06818181818e-01,4.86901365760e-02,-1.00839347140e-03,-5.58723209024e-04
4.19034090909e-01,3.06818181818e-01,4.93681100021e-02,-1.06392736651e-03,-5.83994947056e-04
4.33238636364e-01,3.06818181818e-01,5.00460834281e-02,-1.11946126161e-03,-6.09266685088e-04
4.47443181818e-01,3.06818181818e-01,5.04263068544e-02,-1.18093131038e-03,-6.34834858591e-04
4.61647727273e-01,3.06818181818e-01,5.06789231378e-02,-1.24494542501e-03,-6.60530075868e-04
4.75852272727e-01,3.06818181818e-01,5.09315394212e-02,-1.30895953963e-03,-6.86225293146e-04
4.90056818182e-01,3.06818181818e-01,5.11841557046e-02,-1.37297365426e-03,-7.11920510423e-04
5.04261363636e-01,3.06818181818e-01,5.12831010292e-02,-1.43294932373e-03,-7.39678508367e-04
5.18465909091e-01,3.06818181818e-01,5.10768537034e-02,-1.50305220878e-03,-7.63771757249e-04
5.32670454545e-01,3.06818181818e-01,5.08674972282e-02,-1.57404446362e-03,-7.87827740459e-04
5.46875000000e-01,3.06818181818e-01,5.06581407531e-02,-1.64503671845e-03,-8.11883723669e-04
5.61079545455e-01,3.06818181818e-01,5.04487842780e-02,-1.71602897329e-03,-8.35939706878e-04
5.75284090909e-01,3.06818181818e-01,4.98434022683e-02,-1.78474349164e-03,-8.49796086308e-04
5.89488636364e-01,3.06818181818e-01,4.91354310324e-02,-1.85352437611e-03,-8.65712534435e-04
6.03693181818e-01,3.06818181818e-01,4.84274597965e-02,-1.92230526057e-03,-8.81628982562e-04
6.17897727273e-01,3.06818181818e-01,4.77194885607e-02,-1.99108614503e-03,-8.97545430689e-04
7.10227272727e-03,3.29545454545e-01,1.43673489598e-03,-1.17244572345e-05,-1.86404200591e-06
2.13068181818e-02,3.29545454545e-01,4.18646873382e-03,-3.51243776607e-05,-9.00390816770e-06
3.55113636364e-02,3.29545454545e-01,6.64748534538e-03,-5.84099786535e-05,-2.41045993461e-05
4.97159090909e-02,3.29545454545e-01,9.10850195695e-03,-8.16955796462e-05,-3.92052905245e-05
6.39204545455e-02,3.29545454545e-01,1.15876343774e-02,-1.05402267177e-04,-5.33327831145e-05
7.81250000000e-02,3.29545454545e-01,1.42298090780e-02,-1.32898733553e-04,-5.87014884081e-05
9.23295454545e-02,3.29545454545e-01,1.65239474110e-02,-1.60199377909e-04,-7.32013756412e-05
1.06534090909e-01,3.29545454545e-01,1.87794150365e-02,-1.87478264262e-04,-8.87158386453e-05
1.20738636364e-01,3.29545454545e-01,2.10348826620e-02,-2.14757150616e-04,-1.04230301649e-04
1.34943181818e-01,3.29545454545e-01,2.31208003551e-02,-2.44684614981e-04,-1.20614017282e-04
1.49147727273e-01,3.29545454545e-01,2.51340537914e-02,-2.75747184209e-04,-1.37370269755e-04
1.63352272727e-01,3.29545454545e-01,2.71473072277e-02,-3.06809753436e-04,-1.54126522228e-04
1.77556818182e-01,3.29545454545e-01,2.93369270519e-02,-3.38030774198e-04,-1.65903298962e-04
1.91761363636e-01,3.29545454545e-01,3.16065897407e-02,-3.70764976140e-04,-1.73122226630e-04
2.05965909091e-01,3.29545454545e-01,3.36204449972e-02,-4.06610016716e-04,-1.82367299561e-04
2.20170454545e-01,3.29545454545e-01,3.53548273557e-02,-4.42003282441e-04,-2.00993519756e-04
2.34375000000e-01,3.29545454545e-01,3.70892097141e-02,-4.77396548165e-04,-2.19619739950e-04
2.48579545455e-01,3.29545454545e-01,3.88235920726e-02,-5.12789813890e-04,-2.38245960145e-04
2.62784090909e-01,3.29545454545e-01,4.05080803617e-02,-5.53778514863e-04,-2.48848849849e-04
2.76988636364e-01,3.29545454545e-01,4.20049709461e-02,-5.94807796809e-04,-2.66403576686e-04
2.91193181818e-01,3.29545454545e-01,4.34238384224e-02,-6.35588021303e-04,-2.87319725651e-04
3.05397727273e-01,3.29545454545e-01,4.48427058986e-02,-6.76368245796e-04,-3.08235874616e-04
3.19602272727e-01,3.29545454545e-01,4.60855025788e-02,-7.20512522359e-04,-3.30349382214e-04
3.33806818182e-01,3.29545454545e-01,4.71522284631e-02,-7.68020850993e-04,-3.53660248446e-04
3.48011363636e-01,3.29545454545e-01,4.82189543474e-02,-8.15529179626e-04,-3.76971114677e-04
3.62215909091e-01,3.29545454545e-01,4.93460930077e-02,-8.63447175861e-04,-3.96713329782e-04
3.76420454545e-01,3.29545454545e-01,5.05686229587e-02,-9.13204095528e-04,-4.08321646586e-04
3.90625000000e-01,3.29545454545e-01,5.13810062284e-02,-9.70908306436e-04,-4.21666552334e-04
4.04829545455e-01,3.29545454545e-01,5.20724206388e-02,-1.02665923312e-03,-4.45745607138e-04
4.19034090909e-01,3.29545454545e-01,5.27503940649e-02,-1.08219312823e-03,-4.71017345169e-04
4.33238636364e-01,3.29545454545e-01,5.34283674910e-02,-1.13772702334e-03,-4.96289083201e-04
4.47443181818e-01,3.29545454545e-01,5.38500107949e-02,-1.20171257682e-03,-5.14957395043e-04
4.61647727273e-01,3.29545454545e-01,5.41322127052e-02,-1.26752348053e-03,-5.35724139704e-04
4.75852272727e-01,3.29545454545e-01,5.43848289886e-02,-1.33153759515e-03,-5.61419356981e-04
4.90056818182e-01,3.29545454545e-01,5.46374452720e-02,-1.39555170978e-03,-5.87114574259e-04
5.04261363636e-01,3.29545454545e-01,5.47514697278e-02,-1.46165926647e-03,-6.12318021316e-04
5.18465909091e-01,3.29545454545e-01,5.45421132527e-02,-1.53265152130e-03,-6.36374004525e-04
5.32670454545e-01,3.29545454545e-01,5.43327567776e-02,-1.60364377614e-03,-6.60429987735e-04
5.46875000000e-01,3.29545454545e-01,5.41209666189e-02,-1.67524571322e-03,-6.83875325582e-04
5.61079545455e-01,3.29545454545e-01,5.38872733080e-02,-1.75233479046e-03,-7.01824855167e-04
5.75284090909e-01,3.29545454545e-01,5.32267298646e-02,-1.82194649421e-03,-7.17944611440e-04
5.89488636364e-01,3.29545454545e-01,5.25187586288e-02,-1.89072737867e-03,-7.33861059567e-04
6.03693181818e-01,3.29545454545e-01,5.18107873929e-02,-1.95950826313e-03,-7.49777507694e-04
6.17897727273e-01,3.29545454545e-01,5.10215451583e-02,-2.04138383310e-03,-7.72322185237e-04
7.10227272727e-03,3.52272727273e-01,1.43673489598e-03,-1.17244572345e-05,-1.86404200591e-06
2.13068181818e-02,3.52272727273e-01,4.31020468793e-03,-3.51733717036e-05,-5.59212601773e-06
3.55113636364e-02,3.52272727273e-01,7.18367447989e-03,-5.86222861727e-05,-9.32021002955e-06
4.97159090909e-02,3.52272727273e-01,9.76842704557e-03,-8.19568812084e-05,-2.10091190580e-05
6.39204545455e-02,3.52272727273e-01,1.22475594660e-02,-1.05663568739e-04,-3.51366116479e-05
7.81250000000e-02,3.52272727273e-01,1.48897341667e-02,-1.33160035115e-04,-4.05053169416e-05
9.23295454545e-02,3.52272727273e-01,1.75319088673e-02,-1.60656501491e-04,-4.58740222352e-05
1.06534090909e-01,3.52272727273e-01,2.00580714453e-02,-1.88087693860e-04,-5.42864548420e-05
1.20738636364e-01,3.52272727273e-01,2.23135390708e-02,-2.15366580213e-04,-6.98009178461e-05
1.34943181818e-01,3.52272727273e-01,2.43994567639e-02,-2.45294044579e-04,-8.61846334784e-05
1.49147727273e-01,3.52272727273e-01,2.64479834778e-02,-2.76388304113e-04,-1.01944990804e-04
1.63352272727e-01,3.52272727273e-01,2.88139696899e-02,-3.07767776410e-04,-1.08742291800e-04
1.77556818182e-01,3.52272727273e-01,3.11799559021e-02,-3.39147248706e-04,-1.15539592796e-04
1.91761363636e-01,3.52272727273e-01,3.34496185909e-02,-3.71881450648e-04,-1.22758520464e-04
2.05965909091e-01,3.52272727273e-01,3.54945263917e-02,-4.07776688429e-04,-1.30961243699e-04
2.20170454545e-01,3.52272727273e-01,3.75394341924e-02,-4.43671926211e-04,-1.39163966935e-04
2.34375000000e-01,3.52272727273e-01,3.94290792721e-02,-4.79316177964e-04,-1.52578438650e-04
2.48579545455e-01,3.52272727273e-01,4.11634616305e-02,-5.14709443689e-04,-1.71204658844e-04
2.62784090909e-01,3.52272727273e-01,4.28479499196e-02,-5.55698144662e-04,-1.81807548548e-04
2.76988636364e-01,3.52272727273e-01,4.45268944232e-02,-5.97308560664e-04,-1.91518957086e-04
2.91193181818e-01,3.52272727273e-01,4.61798312241e-02,-6.38835957514e-04,-2.02350839667e-04
3.05397727273e-01,3.52272727273e-01,4.75986987003e-02,-6.79616182008e-04,-2.23266988632e-04
3.19602272727e-01,3.52272727273e-01,4.88414953806e-02,-7.23760458571e-04,-2.45380496230e-04
3.33806818182e-01,3.52272727273e-01,4.99082212649e-02,-7.71268787204e-04,-2.68691362462e-04
3.48011363636e-01,3.52272727273e-01,5.11561854773e-02,-8.20006118644e-04,-2.81296275314e-04
3.62215909091e-01,3.52272727273e-01,5.24242872818e-02,-8.68880005950e-04,-2.92711637790e-04
3.76420454545e-01,3.52272727273e-01,5.36468172327e-02,-9.18636925617e-04,-3.04319954593e-04
3.90625000000e-01,3.52272727273e-01,5.44592005024e-02,-9.76341136525e-04,-3.17664860342e-04
4.04829545455e-01,3.52272727273e-01,5.52715837721e-02,-1.03404534743e-03,-3.31009766091e-04
4.19034090909e-01,3.52272727273e-01,5.60436440887e-02,-1.09109846360e-03,-3.47932721525e-04
4.33238636364e-01,3.52272727273e-01,5.67216175148e-02,-1.14663235871e-03,-3.73204459556e-04
4.47443181818e-01,3.52272727273e-01,5.71432608186e-02,-1.21061791219e-03,-3.91872771398e-04
4.61647727273e-01,3.52272727273e-01,5.74550483558e-02,-1.27822560498e-03,-4.07711043444e-04
4.75852272727e-01,3.52272727273e-01,5.77668358930e-02,-1.34583329777e-03,-4.23549315490e-04
4.90056818182e-01,3.52272727273e-01,5.80253693018e-02,-1.41020677022e-03,-4.48258838244e-04
5.04261363636e-01,3.52272727273e-01,5.81393937576e-02,-1.47631432690e-03,-4.73462285301e-04
5.18465909091e-01,3.52272727273e-01,5.79300372825e-02,-1.54730658174e-03,-4.97518268510e-04
5.32670454545e-01,3.52272727273e-01,5.77036450224e-02,-1.62256661226e-03,-5.17299734183e-04
5.46875000000e-01,3.52272727273e-01,5.74699517115e-02,-1.69965568951e-03,-5.35249263768e-04
5.61079545455e-01,3.52272727273e-01,5.72362584006e-02,-1.77674476675e-03,-5.53198793353e-04
5.75284090909e-01,3.52272727273e-01,5.65757149572e-02,-1.84635647050e-03,-5.69318549626e-04
5.89488636364e-01,3.52272727273e-01,5.58329132933e-02,-1.92074936303e-03,-5.88075667503e-04
6.03693181818e-01,3.52272727273e-01,5.50088406308e-02,-2.00823694107e-03,-6.13461014795e-04
6.17897727273e-01,3.52272727273e-01,5.41847679682e-02,-2.09572451910e-03,-6.38846362087e-04
7.10227272727e-03,3.75000000000e-01,1.43673489598e-03,-1.17244572345e-05,-1.86404200591e-06
2.13068181818e-02,3.75000000000e-01,4.31020468793e-03,-3.51733717036e-05,-5.59212601773e-06
3.55113636364e-02,3.75000000000e-01,7.18367447989e-03,-5.86222861727e-05,-9.32021002955e-06
4.97159090909e-02,3.75000000000e-01,1.00571442718e-02,-8.20712006418e-05,-1.30482940414e-05
6.39204545455e-02,3.75000000000e-01,1.29074845547e-02,-1.05924870302e-04,-1.69404401814e-05
7.81250000000e-02,3.75000000000e-01,1.55496592553e-02,-1.33421336677e-04,-2.23091454750e-05
9.23295454545e-02,3.75000000000e-01,1.81918339559e-02,-1.60917803053e-04,-2.76778507687e-05
1.06534090909e-01,3.75000000000e-01,2.08340086565e-02,-1.88414269429e-04,-3.30465560623e-05
1.20738636364e-01,3.75000000000e-01,2.34761833571e-02,-2.15910735804e-04,-3.84152613560e-05
1.34943181818e-01,3.75000000000e-01,2.59250261158e-02,-2.46125306324e-04,-4.47839836414e-05
1.49147727273e-01,3.75000000000e-01,2.82910123280e-02,-2.77504778621e-04,-5.15812846375e-05
1.63352272727e-01,3.75000000000e-01,3.06569985401e-02,-3.08884250917e-04,-5.83785856337e-05
1.77556818182e-01,3.75000000000e-01,3.30229847523e-02,-3.40263723214e-04,-6.51758866298e-05
1.91761363636e-01,3.75000000000e-01,3.52926474410e-02,-3.72997925155e-04,-7.23948142977e-05
2.05965909091e-01,3.75000000000e-01,3.73375552418e-02,-4.08893162937e-04,-8.05975375332e-05
2.20170454545e-01,3.75000000000e-01,3.93824630426e-02,-4.44788400719e-04,-8.88002607686e-05
2.34375000000e-01,3.75000000000e-01,4.14273708434e-02,-4.80683638500e-04,-9.70029840040e-05
2.48579545455e-01,3.75000000000e-01,4.34722786442e-02,-5.16578876282e-04,-1.05205707239e-04
2.62784090909e-01,3.75000000000e-01,4.51878194776e-02,-5.57617774461e-04,-1.14766247247e-04
2.76988636364e-01,3.75000000000e-01,4.68667639812e-02,-5.99228190463e-04,-1.24477655786e-04
2.91193181818e-01,3.75000000000e-01,4.85457084848e-02,-6.40838606464e-04,-1.34189064324e-04
3.05397727273e-01,3.75000000000e-01,5.02246529884e-02,-6.82449022465e-04,-1.43900472862e-04
3.19602272727e-01,3.75000000000e-01,5.16981761424e-02,-7.27691174119e-04,-1.54463858369e-04
3.33806818182e-01,3.75000000000e-01,5.29662779469e-02,-7.76565061426e-04,-1.65879220845e-04
3.48011363636e-01,3.75000000000e-01,5.42343797513e-02,-8.25438948733e-04,-1.77294583321e-04
3.62215909091e-01,3.75000000000e-01,5.55024815558e-02,-8.74312836040e-04,-1.88709945797e-04
3.76420454545e-01,3.75000000000e-01,5.67250115068e-02,-9.24069755707e-04,-2.00318262601e-04
3.90625000000e-01,3.75000000000e-01,5.75373947765e-02,-9.81773966615e-04,-2.13663168350e-04
4.04829545455e-01,3.75000000000e-01,5.83497780461e-02,-1.03947817752e-03,-2.27008074099e-04
4.19034090909e-01,3.75000000000e-01,5.91621613158e-02,-1.09718238843e-03,-2.40352979847e-04
4.33238636364e-01,3.75000000000e-01,5.99745445855e-02,-1.15488659934e-03,-2.53697885596e-04
4.47443181818e-01,3.75000000000e-01,6.04365108424e-02,-1.21952324756e-03,-2.68788147753e-04
4.61647727273e-01,3.75000000000e-01,6.07482983796e-02,-1.28713094035e-03,-2.84626419799e-04
4.75852272727e-01,3.75000000000e-01,6.10600859168e-02,-1.35473863315e-03,-3.00464691845e-04
4.90056818182e-01,3.75000000000e-01,6.13718734540e-02,-1.42234632594e-03,-3.16302963891e-04
5.04261363636e-01,3.75000000000e-01,6.15200167367e-02,-1.49279843406e-03,-3.32774613199e-04
5.18465909091e-01,3.75000000000e-01,6.12863234258e-02,-1.56988751131e-03,-3.50724142784e-04
5.32670454545e-01,3.75000000000e-01,6.10526301150e-02,-1.64697658855e-03,-3.68673672369e-04
5.46875000000e-01,3.75000000000e-01,6.08189368041e-02,-1.72406566580e-03,-3.86623201954e-04
5.61079545455e-01,3.75000000000e-01,6.05852434932e-02,-1.80115474305e-03,-4.04572731539e-04
5.75284090909e-01,3.75000000000e-01,5.98202087658e-02,-1.88760247100e-03,-4.29214497061e-04
5.89488636364e-01,3.75000000000e-01,5.89961361033e-02,-1.97509004904e-03,-4.54599844353e-04
6.03693181818e-01,3.75000000000e-01,5.81720634407e-02,-2.06257762708e-03,-4.79985191645e-04
6.17897727273e-01,3.75000000000e-01,5.73479907782e-02,-2.15006520511e-03,-5.05370538937e-04
7.10227272727e-03,3.97727272727e-01,1.43673489598e-03,-1.17244572345e-05,-1.86404200591e-06
2.13068181818e-02,3.97727272727e-01,4.31020468793e-03,-3.51733717036e-05,-5.59212601773e-06
3.55113636364e-02,3.97727272727e-01,7.18367447989e-03,-5.86222861727e-05,-9.32021002955e-06
4.97159090909e-02,3.97727272727e-01,1.02964288050e-02,-8.11428589202e-05,-4.08378658445e-06
6.39204545455e-02,3.97727272727e-01,1.34544206304e-02,-1.03802946366e-04,3.54986257729e-06
7.81250000000e-02,3.97727272727e-01,1.60965953310e-02,-1.31299412742e-04,-1.81884271637e-06
9.23295454545e-02,3.97727272727e-01,1.87387700316e-02,-1.58795879118e-04,-7.18754801003e-06
1.06534090909e-01,3.97727272727e-01,2.14778018061e-02,-1.85724615055e-04,-8.99657962424e-06
1.20738636364e-01,3.97727272727e-01,2.44428334198e-02,-2.11328646636e-04,-2.49970598640e-06
1.34943181818e-01,3.97727272727e-01,2.71960791140e-02,-2.39294830958e-04,3.03771259083e-06
1.49147727273e-01,3.97727272727e-01,2.98289100052e-02,-2.68513460135e-04,6.97158368734e-06
1.63352272727e-01,3.97727272727e-01,3.21948962174e-02,-2.99892932431e-04,1.74282691204e-07
1.77556818182e-01,3.97727272727e-01,3.45608824295e-02,-3.31272404727e-04,-6.62301830493e-06
1.91761363636e-01,3.97727272727e-01,3.69093676347e-02,-3.63132940882e-04,-1.00556244457e-05
2.05965909091e-01,3.97727272727e-01,3.92170171570e-02,-3.96115959374e-04,-5.63727592395e-06
2.20170454545e-01,3.97727272727e-01,4.13407474742e-02,-4.31137531369e-04,-1.00536776322e-05
2.34375000000e-01,3.97727272727e-01,4.33856552750e-02,-4.67032769150e-04,-1.82564008677e-05
2.48579545455e-01,3.97727272727e-01,4.54305630758e-02,-5.02928006932e-04,-2.64591241031e-05
2.62784090909e-01,3.97727272727e-01,4.71461039092e-02,-5.43966905111e-04,-3.60196641110e-05
2.76988636364e-01,3.97727272727e-01,4.88250484128e-02,-5.85577321113e-04,-4.57310726492e-05
2.91193181818e-01,3.97727272727e-01,5.05261521659e-02,-6.26844005324e-04,-5.40778028121e-05
3.05397727273e-01,3.97727272727e-01,5.24266891651e-02,-6.65017103419e-04,-5.01424275975e-05
3.19602272727e-01,3.97727272727e-01,5.40975272813e-02,-7.06580650683e-04,-4.65543244574e-05
3.33806818182e-01,3.97727272727e-01,5.55386665145e-02,-7.51534647117e-04,-4.33134933918e-05
3.48011363636e-01,3.97727272727e-01,5.68240720618e-02,-8.00016545337e-04,-5.32632365137e-05
3.62215909091e-01,3.97727272727e-01,5.80921738663e-02,-8.48890432644e-04,-6.46785989898e-05
3.76420454545e-01,3.97727272727e-01,5.93264106151e-02,-8.98231972404e-04,-7.47830590600e-05
3.90625000000e-01,3.97727272727e-01,6.02558618632e-02,-9.51782384241e-04,-7.30893974769e-05
4.04829545455e-01,3.97727272727e-01,6.11267791221e-02,-1.00740969561e-03,-7.89150195597e-05
4.19034090909e-01,3.97727272727e-01,6.19391623918e-02,-1.06511390652e-03,-9.22599253086e-05
4.33238636364e-01,3.97727272727e-01,6.27515456615e-02,-1.12281811743e-03,-1.05604831057e-04
4.47443181818e-01,3.97727272727e-01,6.32135119184e-02,-1.18745476565e-03,-1.20695093214e-04
4.61647727273e-01,3.97727272727e-01,6.35252994556e-02,-1.25506245845e-03,-1.36533365260e-04
4.75852272727e-01,3.97727272727e-01,6.38370869928e-02,-1.32267015124e-03,-1.52371637306e-04
4.90056818182e-01,3.97727272727e-01,6.41971858731e-02,-1.38695103975e-03,-1.55202127600e-04
5.04261363636e-01,3.97727272727e-01,6.43777664832e-02,-1.45434658032e-03,-1.58771216603e-04
5.18465909091e-01,3.97727272727e-01,6.41269459667e-02,-1.52987214717e-03,-1.67436090452e-04
5.32670454545e-01,3.97727272727e-01,6.38881144942e-02,-1.60649217130e-03,-1.82600223317e-04
5.46875000000e-01,3.97727272727e-01,6.36544211833e-02,-1.68358124854e-03,-2.00549752902e-04
5.61079545455e-01,3.97727272727e-01,6.34207278724e-02,-1.76067032579e-03,-2.18499282487e-04
5.75284090909e-01,3.97727272727e-01,6.25698845775e-02,-1.84485819008e-03,-2.31862750696e-04
5.89488636364e-01,3.97727272727e-01,6.16790719180e-02,-1.93058809638e-03,-2.48476088967e-04
6.03693181818e-01,3.97727272727e-01,6.08549992555e-02,-2.01807567442e-03,-2.73861436259e-04
6.17897727273e-01,3.97727272727e-01,6.00309265929e-02,-2.10556325245e-03,-2.99246783551e-04
7.10227272727e-03,4.20454545455e-01,1.43673489598e-03,-1.17244572345e-05,-1.86404200591e-06
2.13068181818e-02,4.20454545455e-01,4.41275520213e-03,-3.47755109658e-05,-1.75019425048e-06
3.55113636364e-02,4.20454545455e-01,7.62806004140e-03,-5.68982229754e-05,7.32816096186e-06
4.97159090909e-02,4.20454545455e-01,1.08433648807e-02,-7.90209349850e-05,1.64065161742e-05
6.39204545455e-02,4.20454545455e-01,1.40013567061e-02,-1.01681022431e-04,2.40401653359e-05
7.81250000000e-02,4.20454545455e-01,1.66435314067e-02,-1.29177488807e-04,1.86714600423e-05
9.23295454545e-02,4.20454545455e-01,1.95762773291e-02,-1.54970763867e-04,2.39817757870e-05
1.06534090909e-01,4.20454545455e-01,2.25413089428e-02,-1.80574795448e-04,3.04786494248e-05
1.20738636364e-01,4.20454545455e-01,2.55063405565e-02,-2.06178827030e-04,3.69755230627e-05
1.34943181818e-01,4.20454545455e-01,2.82595862506e-02,-2.34145011352e-04,4.25129416399e-05
1.49147727273e-01,4.20454545455e-01,3.09220665506e-02,-2.63123546848e-04,4.76391651911e-05
1.63352272727e-01,4.20454545455e-01,3.35845468507e-02,-2.92102082345e-04,5.27653887424e-05
1.77556818182e-01,4.20454545455e-01,3.60987801068e-02,-3.22281086241e-04,5.19298500199e-05
1.91761363636e-01,4.20454545455e-01,3.84472653120e-02,-3.54141622396e-04,4.84972438792e-05
2.05965909091e-01,4.20454545455e-01,4.07549148342e-02,-3.87124640888e-04,5.29155924009e-05
2.20170454545e-01,4.20454545455e-01,4.30625643565e-02,-4.20107659380e-04,5.73339409227e-05
2.34375000000e-01,4.20454545455e-01,4.53439397066e-02,-4.53381899801e-04,6.04901822687e-05
2.48579545455e-01,4.20454545455e-01,4.73888475074e-02,-4.89277137582e-04,5.22874590333e-05
2.62784090909e-01,4.20454545455e-01,4.91043883408e-02,-5.30316035762e-04,4.27269190254e-05
2.76988636364e-01,4.20454545455e-01,5.09384475912e-02,-5.69520329229e-04,4.25682591141e-05
2.91193181818e-01,4.20454545455e-01,5.28389845904e-02,-6.07693427324e-04,4.65036343286e-05
3.05397727273e-01,4.20454545455e-01,5.47395215896e-02,-6.45866525419e-04,5.04390095432e-05
3.19602272727e-01,4.20454545455e-01,5.64103597058e-02,-6.87430072684e-04,5.40271126833e-05
3.33806818182e-01,4.20454545455e-01,5.78514989390e-02,-7.32384069118e-04,5.72679437490e-05
3.48011363636e-01,4.20454545455e-01,5.92926381722e-02,-7.77338065552e-04,6.05087748147e-05
3.62215909091e-01,4.20454545455e-01,6.06818661768e-02,-8.23468029248e-04,5.93527478178e-05
3.76420454545e-01,4.20454545455e-01,6.19161029256e-02,-8.72809569008e-04,4.92482877476e-05
3.90625000000e-01,4.20454545455e-01,6.28455541737e-02,-9.26359980845e-04,5.09419493308e-05
4.04829545455e-01,4.20454545455e-01,6.37750054219e-02,-9.79910392682e-04,5.26356109140e-05
4.19034090909e-01,4.20454545455e-01,6.47044566700e-02,-1.03346080452e-03,5.43292724971e-05
4.33238636364e-01,4.20454545455e-01,6.55285467375e-02,-1.09074963552e-03,4.24882234815e-05
4.47443181818e-01,4.20454545455e-01,6.59905129944e-02,-1.15538628375e-03,2.73979613247e-05
4.61647727273e-01,4.20454545455e-01,6.63291401667e-02,-1.22114575194e-03,1.87862346963e-05
4.75852272727e-01,4.20454545455e-01,6.66946069740e-02,-1.28505699553e-03,1.74010534854e-05
4.90056818182e-01,4.20454545455e-01,6.70600737813e-02,-1.34896823913e-03,1.60158722745e-05
5.04261363636e-01,4.20454545455e-01,6.72406543914e-02,-1.41636377970e-03,1.24467832720e-05
5.18465909091e-01,4.20454545455e-01,6.69898338749e-02,-1.49188934655e-03,3.78190942270e-06
5.32670454545e-01,4.20454545455e-01,6.67390133584e-02,-1.56741491340e-03,-4.88296442661e-06
5.46875000000e-01,4.20454545455e-01,6.64899055625e-02,-1.64309683128e-03,-1.44763038495e-05
5.61079545455e-01,4.20454545455e-01,6.62562122516e-02,-1.72018590853e-03,-3.24258334347e-05
5.75284090909e-01,4.20454545455e-01,6.54053689567e-02,-1.80437377282e-03,-4.57893016433e-05
5.89488636364e-01,4.20454545455e-01,6.44859534414e-02,-1.88935039124e-03,-5.86432074767e-05
6.03693181818e-01,4.20454545455e-01,6.35665379261e-02,-1.97432700965e-03,-7.14971133102e-05
6.17897727273e-01,4.20454545455e-01,6.27138624077e-02,-2.06106129980e-03,-9.31230281646e-05
7.10227272727e-03,4.43181818182e-01,1.70859271845e-03,-1.00136294332e-05,9.61694866670e-06
2.13068181818e-02,4.43181818182e-01,4.92389755773e-03,-3.21363414427e-05,1.86953038790e-05
3.55113636364e-02,4.43181818182e-01,8.13920239700e-03,-5.42590534523e-05,2.77736590914e-05
4.97159090909e-02,4.43181818182e-01,1.13545072363e-02,-7.63817654619e-05,3.68520143037e-05
6.39204545455e-02,4.43181818182e-01,1.45447847530e-02,-9.88526094287e-05,4.56722213586e-05
7.81250000000e-02,4.43181818182e-01,1.75098163667e-02,-1.24456641010e-04,5.21690949965e-05
9.23295454545e-02,4.43181818182e-01,2.04748479804e-02,-1.50060672591e-04,5.86659686343e-05
1.06534090909e-01,4.43181818182e-01,2.34398795941e-02,-1.75664704172e-04,6.51628422721e-05
1.20738636364e-01,4.43181818182e-01,2.64289959392e-02,-2.00893587940e-04,7.28755621124e-05
1.34943181818e-01,4.43181818182e-01,2.92544958277e-02,-2.27734328823e-04,8.20605192968e-05
1.49147727273e-01,4.43181818182e-01,3.19169761277e-02,-2.56712864319e-04,8.71867428480e-05
1.63352272727e-01,4.43181818182e-01,3.45794564277e-02,-2.85691399816e-04,9.23129663993e-05
1.77556818182e-01,4.43181818182e-01,3.72419367277e-02,-3.14669935313e-04,9.74391899505e-05
1.91761363636e-01,4.43181818182e-01,3.98872849354e-02,-3.42913033102e-04,1.07334001877e-04
2.05965909091e-01,4.43181818182e-01,4.21949344577e-02,-3.75896051594e-04,1.11752350399e-04
2.20170454545e-01,4.43181818182e-01,4.45025839799e-02,-4.08879070085e-04,1.16170698921e-04
2.34375000000e-01,4.43181818182e-01,4.68102335022e-02,-4.41862088577e-04,1.20589047443e-04
2.48579545455e-01,4.43181818182e-01,4.91777878232e-02,-4.73027757664e-04,1.28995562278e-04
2.62784090909e-01,4.43181818182e-01,5.12070082545e-02,-5.07079120179e-04,1.40090364144e-04
2.76988636364e-01,4.43181818182e-01,5.31075452537e-02,-5.45252218274e-04,1.44025739359e-04
2.91193181818e-01,4.43181818182e-01,5.50080822529e-02,-5.83425316369e-04,1.47961114574e-04
3.05397727273e-01,4.43181818182e-01,5.69086192520e-02,-6.21598414464e-04,1.51896489788e-04
3.19602272727e-01,4.43181818182e-01,5.85794573682e-02,-6.63161961729e-04,1.55484592928e-04
3.33806818182e-01,4.43181818182e-01,6.00205966014e-02,-7.08115958163e-04,1.58725423994e-04
3.48011363636e-01,4.43181818182e-01,6.14617358347e-02,-7.53069954597e-04,1.61966255060e-04
3.62215909091e-01,4.43181818182e-01,6.29028750679e-02,-7.98023951031e-04,1.65207086125e-04
3.76420454545e-01,4.43181818182e-01,6.43465517661e-02,-8.40172649579e-04,1.74556898004e-04
3.90625000000e-01,4.43181818182e-01,6.52760030142e-02,-8.93723061416e-04,1.76250559587e-04
4.04829545455e-01,4.43181818182e-01,6.62054542623e-02,-9.47273473253e-04,1.77944221170e-04
4.19034090909e-01,4.43181818182e-01,6.71349055104e-02,-1.00082388509e-03,1.79637882754e-04
4.33238636364e-01,4.43181818182e-01,6.80736009337e-02,-1.05327811956e-03,1.82996564970e-04
4.47443181818e-01,4.43181818182e-01,6.86538084389e-02,-1.10576051935e-03,1.94109821141e-04
4.61647727273e-01,4.43181818182e-01,6.90192752462e-02,-1.16967176295e-03,1.92724639930e-04
4.75852272727e-01,4.43181818182e-01,6.93847420535e-02,-1.23358300654e-03,1.91339458719e-04
4.90056818182e-01,4.43181818182e-01,6.97502088608e-02,-1.29749425014e-03,1.89954277508e-04
5.04261363636e-01,4.43181818182e-01,6.99307894710e-02,-1.36488979071e-03,1.86385188506e-04
5.18465909091e-01,4.43181818182e-01,6.96799689545e-02,-1.44041535756e-03,1.77720314657e-04
5.32670454545e-01,4.43181818182e-01,6.94291484380e-02,-1.51594092441e-03,1.69055440807e-04
5.46875000000e-01,4.43181818182e-01,6.91783279215e-02,-1.59146649125e-03,1.60390566958e-04
5.61079545455e-01,4.43181818182e-01,6.89246682256e-02,-1.66309334674e-03,1.56766448052e-04
5.75284090909e-01,4.43181818182e-01,6.80433498124e-02,-1.74237070050e-03,1.45811793999e-04
5.89488636364e-01,4.43181818182e-01,6.71239342971e-02,-1.82734731891e-03,1.32957888166e-04
6.03693181818e-01,4.43181818182e-01,6.62045187818e-02,-1.91232393733e-03,1.20103982332e-04
6.17897727273e-01,4.43181818182e-01,6.52851032665e-02,-1.99730055574e-03,1.07250076499e-04
7.10227272727e-03,4.65909090909e-01,1.73382779316e-03,-9.75169779025e-06,1.08863914318e-05
2.13068181818e-02,4.65909090909e-01,5.20148337948e-03,-2.92550933707e-05,3.26591742955e-05
3.55113636364e-02,4.65909090909e-01,8.54296359227e-03,-5.00681471658e-05,4.80847433335e-05
4.97159090909e-02,4.65909090909e-01,1.17582684315e-02,-7.21908591754e-05,5.71630985458e-05
6.39204545455e-02,4.65909090909e-01,1.49485459483e-02,-9.46617031421e-05,6.59833056007e-05
7.81250000000e-02,4.65909090909e-01,1.79135775620e-02,-1.20265734723e-04,7.24801792386e-05
9.23295454545e-02,4.65909090909e-01,2.08786091757e-02,-1.45869766304e-04,7.89770528764e-05
1.06534090909e-01,4.65909090909e-01,2.40122339094e-02,-1.68847763194e-04,9.39848499310e-05
1.20738636364e-01,4.65909090909e-01,2.72181128375e-02,-1.90700316645e-04,1.12640185593e-04
1.34943181818e-01,4.65909090909e-01,3.00436127259e-02,-2.17541057528e-04,1.21825142777e-04
1.49147727273e-01,4.65909090909e-01,3.27060930259e-02,-2.46519593024e-04,1.26951366328e-04
1.63352272727e-01,4.65909090909e-01,3.54355611816e-02,-2.74045541566e-04,1.35813303043e-04
1.77556818182e-01,4.65909090909e-01,3.83213343341e-02,-2.98182120548e-04,1.53391903805e-04
1.91761363636e-01,4.65909090909e-01,4.10336703974e-02,-3.24972631383e-04,1.67022428895e-04
2.05965909091e-01,4.65909090909e-01,4.33413199197e-02,-3.57955649875e-04,1.71440777417e-04
2.20170454545e-01,4.65909090909e-01,4.56489694420e-02,-3.90938668367e-04,1.75859125939e-04
2.34375000000e-01,4.65909090909e-01,4.81363333605e-02,-4.18469638642e-04,1.92241973401e-04
2.48579545455e-01,4.65909090909e-01,5.06436655452e-02,-4.45394825782e-04,2.09954209634e-04
2.62784090909e-01,4.65909090909e-01,5.27578908685e-02,-4.75700007691e-04,2.28276187188e-04
2.76988636364e-01,4.65909090909e-01,5.48284376517e-02,-5.06380744575e-04,2.46665913779e-04
2.91193181818e-01,4.65909090909e-01,5.67459756292e-02,-5.43804606549e-04,2.52046724131e-04
3.05397727273e-01,4.65909090909e-01,5.86465126284e-02,-5.81977704644e-04,2.55982099346e-04
3.19602272727e-01,4.65909090909e-01,6.03173507446e-02,-6.23541251909e-04,2.59570202486e-04
3.33806818182e-01,4.65909090909e-01,6.17584899778e-02,-6.68495248343e-04,2.62811033551e-04
3.48011363636e-01,4.65909090909e-01,6.32130557769e-02,-7.12533009920e-04,2.67617789057e-04
3.62215909091e-01,4.65909090909e-01,6.47884606688e-02,-7.48324657788e-04,2.86517864526e-04
3.76420454545e-01,4.65909090909e-01,6.62992701963e-02,-7.85892182053e-04,3.03697298607e-04
3.90625000000e-01,4.65909090909e-01,6.72287214444e-02,-8.39442593890e-04,3.05390960190e-04
4.04829545455e-01,4.65909090909e-01,6.81581726926e-02,-8.92993005728e-04,3.07084621773e-04
4.19034090909e-01,4.65909090909e-01,6.91523331667e-02,-9.38870176025e-04,3.20433427786e-04
4.33238636364e-01,4.65909090909e-01,7.01742261662e-02,-9.81458814234e-04,3.38777295698e-04
4.47443181818e-01,4.65909090909e-01,7.07677933017e-02,-1.03016716738e-03,3.54825343854e-04
4.61647727273e-01,4.65909090909e-01,7.11777922098e-02,-1.08149825550e-03,3.69889469256e-04
4.75852272727e-01,4.65909090909e-01,7.15566186473e-02,-1.14163545245e-03,3.73439080030e-04
4.90056818182e-01,4.65909090909e-01,7.19220854546e-02,-1.20554669605e-03,3.72053898819e-04
5.04261363636e-01,4.65909090909e-01,7.21026660647e-02,-1.27294223662e-03,3.68484809816e-04
5.18465909091e-01,4.65909090909e-01,7.18518455482e-02,-1.34846780346e-03,3.59819935967e-04
5.32670454545e-01,4.65909090909e-01,7.16010250317e-02,-1.42399337031e-03,3.51155062118e-04
5.46875000000e-01,4.65909090909e-01,7.13416869770e-02,-1.48782280307e-03,3.57612453100e-04
5.61079545455e-01,4.65909090909e-01,7.10814025292e-02,-1.55035266538e-03,3.65750095730e-04
5.75284090909e-01,4.65909090909e-01,7.01653141103e-02,-1.62531178285e-03,3.54545562844e-04
5.89488636364e-01,4.65909090909e-01,6.91763585834e-02,-1.70165192866e-03,3.41191899345e-04
6.03693181818e-01,4.65909090909e-01,6.82499890670e-02,-1.78576489982e-03,3.28288017745e-04
6.17897727273e-01,4.65909090909e-01,6.73305735517e-02,-1.87074151823e-03,3.15434111912e-04
7.10227272727e-03,4.88636363636e-01,1.73382779316e-03,-9.75169779025e-06,1.08863914318e-05
2.13068181818e-02,4.88636363636e-01,5.20148337948e-03,-2.92550933707e-05,3.26591742955e-05
3.55113636364e-02,4.88636363636e-01,8.66913896580e-03,-4.87584889513e-05,5.44319571591e-05
4.97159090909e-02,4.88636363636e-01,1.21367945521e-02,-6.82618845317e-05,7.62047400228e-05
6.39204545455e-02,4.88636363636e-01,1.53523071435e-02,-9.04707968556e-05,8.62943898428e-05
7.81250000000e-02,4.88636363636e-01,1.83895929515e-02,-1.14949384998e-04,9.64388020879e-05
9.23295454545e-02,4.88636363636e-01,2.15954718796e-02,-1.36801938448e-04,1.15094137750e-04
1.06534090909e-01,4.88636363636e-01,2.48013508076e-02,-1.58654491899e-04,1.33749473411e-04
1.20738636364e-01,4.88636363636e-01,2.80072297357e-02,-1.80507045349e-04,1.52404809073e-04
1.34943181818e-01,4.88636363636e-01,3.08327296241e-02,-2.07347786232e-04,1.61589766258e-04
1.49147727273e-01,4.88636363636e-01,3.36961734913e-02,-2.31968560866e-04,1.77923129299e-04
1.63352272727e-01,4.88636363636e-01,3.65819466437e-02,-2.56105139847e-04,1.95501730061e-04
1.77556818182e-01,4.88636363636e-01,3.94677197961e-02,-2.80241718829e-04,2.13080330823e-04
1.91761363636e-01,4.88636363636e-01,4.21800558595e-02,-3.07032229664e-04,2.26710855913e-04
2.05965909091e-01,4.88636363636e-01,4.45875467130e-02,-3.36986332480e-04,2.37776148291e-04
2.20170454545e-01,4.88636363636e-01,4.70948788977e-02,-3.63911519620e-04,2.55488384524e-04
2.34375000000e-01,4.88636363636e-01,4.96022110824e-02,-3.90836706760e-04,2.73200620757e-04
2.48579545455e-01,4.88636363636e-01,5.21095432671e-02,-4.17761893900e-04,2.90912856990e-04
2.62784090909e-01,4.88636363636e-01,5.42237685905e-02,-4.48067075809e-04,3.09234834544e-04
2.76988636364e-01,4.88636363636e-01,5.62943153736e-02,-4.78747812693e-04,3.27624561135e-04
2.91193181818e-01,4.88636363636e-01,5.83648621568e-02,-5.09428549576e-04,3.46014287725e-04
3.05397727273e-01,4.88636363636e-01,6.03844060047e-02,-5.42356994824e-04,3.60067708903e-04
3.19602272727e-01,4.88636363636e-01,6.20552441209e-02,-5.83920542088e-04,3.63655812043e-04
3.33806818182e-01,4.88636363636e-01,6.35903693152e-02,-6.22460894526e-04,3.77858114191e-04
3.48011363636e-01,4.88636363636e-01,6.51657742071e-02,-6.58252542394e-04,3.96758189660e-04
3.62215909091e-01,4.88636363636e-01,6.67411790991e-02,-6.94044190263e-04,4.15658265129e-04
3.76420454545e-01,4.88636363636e-01,6.82519886266e-02,-7.31611714528e-04,4.32837699210e-04
3.90625000000e-01,4.88636363636e-01,6.92091724001e-02,-7.81873594276e-04,4.39526422692e-04
4.04829545455e-01,4.88636363636e-01,7.02310653996e-02,-8.24462232485e-04,4.57870290603e-04
4.19034090909e-01,4.88636363636e-01,7.12529583992e-02,-8.67050870694e-04,4.76214158515e-04
4.33238636364e-01,4.88636363636e-01,7.22748513987e-02,-9.09639508903e-04,4.94558026426e-04
4.47443181818e-01,4.88636363636e-01,7.28684185342e-02,-9.58347862048e-04,5.10606074582e-04
4.61647727273e-01,4.88636363636e-01,7.32784174423e-02,-1.00967895017e-03,5.25670199985e-04
4.75852272727e-01,4.88636363636e-01,7.36884163503e-02,-1.06101003828e-03,5.40734325388e-04
4.90056818182e-01,4.88636363636e-01,7.40939620483e-02,-1.11359914195e-03,5.54153520129e-04
5.04261363636e-01,4.88636363636e-01,7.42745426585e-02,-1.18099468252e-03,5.50584431127e-04
5.18465909091e-01,4.88636363636e-01,7.40189901763e-02,-1.25002239710e-03,5.50320815517e-04
5.32670454545e-01,4.88636363636e-01,7.37587057285e-02,-1.31255225941e-03,5.58458458148e-04
5.46875000000e-01,4.88636363636e-01,7.34984212807e-02,-1.37508212172e-03,5.66596100778e-04
5.61079545455e-01,4.88636363636e-01,7.32381368329e-02,-1.43761198403e-03,5.74733743408e-04
5.75284090909e-01,4.88636363636e-01,7.23220484139e-02,-1.51257110149e-03,5.63529210522e-04
5.89488636364e-01,4.88636363636e-01,7.13330928871e-02,-1.58891124731e-03,5.50175547023e-04
6.03693181818e-01,4.88636363636e-01,7.03441373602e-02,-1.66525139312e-03,5.36821883524e-04
6.17897727273e-01,4.88636363636e-01,6.93760438369e-02,-1.74418248072e-03,5.23618147325e-04
7.10227272727e-03,5.11363636364e-01,1.80582761655e-03,-7.98610815134e-06,1.64523005668e-05
2.13068181818e-02,5.11363636364e-01,5.31668309690e-03,-2.64301499485e-05,4.15646289115e-05
3.55113636364e-02,5.11363636364e-01,8.78433868321e-03,-4.59335455290e-05,6.33374117751e-05
4.97159090909e-02,5.11363636364e-01,1.22519942695e-02,-6.54369411095e-05,8.51101946388e-05
6.39204545455e-02,5.11363636364e-01,1.56934721900e-02,-8.51752524770e-05,1.06571232782e-04
7.81250000000e-02,5.11363636364e-01,1.88993511181e-02,-1.07027805928e-04,1.25226568444e-04
9.23295454545e-02,5.11363636364e-01,2.21052300461e-02,-1.28880359378e-04,1.43881904106e-04
1.06534090909e-01,5.11363636364e-01,2.53111089742e-02,-1.50732912829e-04,1.62537239768e-04
1.20738636364e-01,5.11363636364e-01,2.85873267138e-02,-1.70044900106e-04,1.86728869748e-04
1.34943181818e-01,5.11363636364e-01,3.17045246976e-02,-1.87334344597e-04,2.16037022977e-04
1.49147727273e-01,5.11363636364e-01,3.46036106803e-02,-2.10808411132e-04,2.34770588797e-04
1.63352272727e-01,5.11363636364e-01,3.74893838327e-02,-2.34944990114e-04,2.52349189559e-04
1.77556818182e-01,5.11363636364e-01,4.03751569851e-02,-2.59081569096e-04,2.69927790322e-04
1.91761363636e-01,5.11363636364e-01,4.31473978472e-02,-2.84054730525e-04,2.87546481725e-04
2.05965909091e-01,5.11363636364e-01,4.56547300319e-02,-3.10979917665e-04,3.05258717958e-04
2.20170454545e-01,5.11363636364e-01,4.81620622166e-02,-3.37905104805e-04,3.22970954191e-04
2.34375000000e-01,5.11363636364e-01,5.06693944014e-02,-3.64830291945e-04,3.40683190424e-04
2.48579545455e-01,5.11363636364e-01,5.32616696110e-02,-3.85859184258e-04,3.67082354917e-04
2.62784090909e-01,5.11363636364e-01,5.54722913828e-02,-4.06800314692e-04,3.97462781957e-04
2.76988636364e-01,5.11363636364e-01,5.75428381660e-02,-4.37481051576e-04,4.15852508548e-04
2.91193181818e-01,5.11363636364e-01,5.96133849492e-02,-4.68161788459e-04,4.34242235138e-04
3.05397727273e-01,5.11363636364e-01,6.16839317323e-02,-4.98842525343e-04,4.52631961729e-04
3.19602272727e-01,5.11363636364e-01,6.35494368570e-02,-5.25362279310e-04,4.78647612198e-04
3.33806818182e-01,5.11363636364e-01,6.51503593211e-02,-5.57124064133e-04,5.01970137331e-04
3.48011363636e-01,5.11363636364e-01,6.67257642130e-02,-5.92915712001e-04,5.20870212800e-04
3.62215909091e-01,5.11363636364e-01,6.83011691049e-02,-6.28707359869e-04,5.39770288269e-04
3.76420454545e-01,5.11363636364e-01,6.98212228076e-02,-6.65178706772e-04,5.58614742982e-04
3.90625000000e-01,5.11363636364e-01,7.08431158071e-02,-7.07767344981e-04,5.76958610894e-04
4.04829545455e-01,5.11363636364e-01,7.18650088067e-02,-7.50355983189e-04,5.95302478806e-04
4.19034090909e-01,5.11363636364e-01,7.28869018062e-02,-7.92944621398e-04,6.13646346717e-04
4.33238636364e-01,5.11363636364e-01,7.39390598319e-02,-8.27090479188e-04,6.39875312021e-04
4.47443181818e-01,5.11363636364e-01,7.45729978776e-02,-8.55959944815e-04,6.72317046305e-04
4.61647727273e-01,5.11363636364e-01,7.49861699134e-02,-9.05180573037e-04,6.89047261379e-04
4.75852272727e-01,5.11363636364e-01,7.53961688215e-02,-9.56511661156e-04,7.04111386782e-04
4.90056818182e-01,5.11363636364e-01,7.58061677296e-02,-1.00784274927e-03,7.19175512185e-04
5.04261363636e-01,5.11363636364e-01,7.60150816309e-02,-1.06253346965e-03,7.32161692756e-04
5.18465909091e-01,5.11363636364e-01,7.57547971831e-02,-1.12506333196e-03,7.40299335386e-04
5.32670454545e-01,5.11363636364e-01,7.54945127352e-02,-1.18759319427e-03,7.48436978016e-04
5.46875000000e-01,5.11363636364e-01,7.52342282874e-02,-1.25012305658e-03,7.56574620646e-04
5.61079545455e-01,5.11363636364e-01,7.49730039754e-02,-1.29358977519e-03,7.74773403490e-04
5.75284090909e-01,5.11363636364e-01,7.40258315102e-02,-1.33713039271e-03,7.80232786433e-04
5.89488636364e-01,5.11363636364e-01,7.30368759834e-02,-1.41347053853e-03,7.66879122934e-04
6.03693181818e-01,5.11363636364e-01,7.20479204565e-02,-1.48981068434e-03,7.53525459435e-04
6.17897727273e-01,5.11363636364e-01,7.10589649297e-02,-1.56615083016e-03,7.40171795936e-04
7.10227272727e-03,5.34090909091e-01,1.80582761655e-03,-7.98610815134e-06,1.64523005668e-05
2.13068181818e-02,5.34090909091e-01,5.41748284964e-03,-2.39583244540e-05,4.93569017005e-05
3.55113636364e-02,5.34090909091e-01,9.01473811805e-03,-4.02836586845e-05,8.11483210071e-05
4.97159090909e-02,5.34090909091e-01,1.24823937044e-02,-5.97870542650e-05,1.02921103871e-04
6.39204545455e-02,5.34090909091e-01,1.59238716249e-02,-7.95253656325e-05,1.24382142014e-04
7.81250000000e-02,5.34090909091e-01,1.91297505529e-02,-1.01377919083e-04,1.43037477676e-04
9.23295454545e-02,5.34090909091e-01,2.23496972433e-02,-1.22722359299e-04,1.62800072201e-04
1.06534090909e-01,5.34090909091e-01,2.56962537946e-02,-1.39493780403e-04,1.92527996500e-04
1.20738636364e-01,5.34090909091e-01,2.90428103459e-02,-1.56265201507e-04,2.22255920799e-04
1.34943181818e-01,5.34090909091e-01,3.21600083297e-02,-1.73554645998e-04,2.51564074028e-04
1.49147727273e-01,5.34090909091e-01,3.51789097845e-02,-1.91066100512e-04,2.80692325370e-04
1.63352272727e-01,5.34090909091e-01,3.81578727486e-02,-2.10565092366e-04,3.06355681538e-04
1.77556818182e-01,5.34090909091e-01,4.10436459010e-02,-2.34701671348e-04,3.23934282300e-04
1.91761363636e-01,5.34090909091e-01,4.38158867631e-02,-2.59674832777e-04,3.41552973704e-04
2.05965909091e-01,5.34090909091e-01,4.63232189478e-02,-2.86600019917e-04,3.59265209937e-04
2.20170454545e-01,5.34090909091e-01,4.88669552861e-02,-3.10998223560e-04,3.80700415424e-04
2.34375000000e-01,5.34090909091e-01,5.14956346492e-02,-3.29500132376e-04,4.10822549171e-04
2.48579545455e-01,5.34090909091e-01,5.41243140123e-02,-3.48002041193e-04,4.40944682917e-04
2.62784090909e-01,5.34090909091e-01,5.63454685005e-02,-3.67877956171e-04,4.72677292425e-04
2.76988636364e-01,5.34090909091e-01,5.85213424471e-02,-3.87906538500e-04,5.04588843683e-04
2.91193181818e-01,5.34090909091e-01,6.06445528120e-02,-4.13261198107e-04,5.29739482607e-04
3.05397727273e-01,5.34090909091e-01,6.27150995951e-02,-4.43941934991e-04,5.48129209198e-04
3.19602272727e-01,5.34090909091e-01,6.45806047198e-02,-4.70461688958e-04,5.74144859667e-04
3.33806818182e-01,5.34090909091e-01,6.62410681859e-02,-4.92820460008e-04,6.07786434016e-04
3.48011363636e-01,5.34090909091e-01,6.78930257946e-02,-5.16522518741e-04,6.39953858476e-04
3.62215909091e-01,5.34090909091e-01,6.94684306865e-02,-5.52314166609e-04,6.58853933945e-04
3.76420454545e-01,5.34090909091e-01,7.09884843891e-02,-5.88785513511e-04,6.77698388659e-04
3.90625000000e-01,5.34090909091e-01,7.20103773887e-02,-6.31374151720e-04,6.96042256570e-04
4.04829545455e-01,5.34090909091e-01,7.30383233934e-02,-6.72274233845e-04,7.15963143960e-04
4.19034090909e-01,5.34090909091e-01,7.41207464452e-02,-6.97977311215e-04,7.50077206655e-04
4.33238636364e-01,5.34090909091e-01,7.52031694971e-02,-7.23680388585e-04,7.84191269351e-04
4.47443181818e-01,5.34090909091e-01,7.58371075428e-02,-7.52549854212e-04,8.16633003635e-04
4.61647727273e-01,5.34090909091e-01,7.62788377288e-02,-7.82776343377e-04,8.48358025744e-04
4.75852272727e-01,5.34090909091e-01,7.67110485314e-02,-8.19334212229e-04,8.75084778841e-04
4.90056818182e-01,5.34090909091e-01,7.71210474394e-02,-8.70665300347e-04,8.90148904244e-04
5.04261363636e-01,5.34090909091e-01,7.73299613407e-02,-9.25356020722e-04,9.03135084815e-04
5.18465909091e-01,5.34090909091e-01,7.70696768929e-02,-9.87885883031e-04,9.11272727445e-04
5.32670454545e-01,5.34090909091e-01,7.68089896461e-02,-1.04224582661e-03,9.23722287310e-04
5.46875000000e-01,5.34090909091e-01,7.65473625351e-02,-1.07754262650e-03,9.46232987387e-04
5.61079545455e-01,5.34090909091e-01,7.62857354241e-02,-1.11283942639e-03,9.68743687464e-04
5.75284090909e-01,5.34090909091e-01,7.53346942365e-02,-1.15279314470e-03,9.76106396668e-04
5.89488636364e-01,5.34090909091e-01,7.43070514847e-02,-1.19326429839e-03,9.81785995775e-04
6.03693181818e-01,5.34090909091e-01,7.32987523454e-02,-1.25166994814e-03,9.77948963579e-04
6.17897727273e-01,5.34090909091e-01,7.23097968186e-02,-1.32801009396e-03,9.64595300080e-04
7.10227272727e-03,5.56818181818e-01,1.80582761655e-03,-7.98610815134e-06,1.64523005668e-05
2.13068181818e-02,5.56818181818e-01,5.41748284964e-03,-2.39583244540e-05,4.93569017005e-05
3.55113636364e-02,5.56818181818e-01,9.02913808273e-03,-3.99305407567e-05,8.22615028341e-05
4.97159090909e-02,5.56818181818e-01,1.26407933158e-02,-5.59027570594e-05,1.15166103968e-04
6.39204545455e-02,5.56818181818e-01,1.61542710597e-02,-7.38754787880e-05,1.42193051246e-04
7.81250000000e-02,5.56818181818e-01,1.94586243240e-02,-9.21712395959e-05,1.68599198954e-04
9.23295454545e-02,5.56818181818e-01,2.28051808753e-02,-1.08942660700e-04,1.98327123252e-04
1.06534090909e-01,5.56818181818e-01,2.61517374267e-02,-1.25714081804e-04,2.28055047551e-04
1.20738636364e-01,5.56818181818e-01,2.94982939780e-02,-1.42485502908e-04,2.57782971850e-04
1.34943181818e-01,5.56818181818e-01,3.26154919618e-02,-1.59774947399e-04,2.87091125079e-04
1.49147727273e-01,5.56818181818e-01,3.56343934166e-02,-1.77286401912e-04,3.16219376421e-04
1.63352272727e-01,5.56818181818e-01,3.86532948714e-02,-1.94797856426e-04,3.45347627763e-04
1.77556818182e-01,5.56818181818e-01,4.16721963262e-02,-2.12309310940e-04,3.74475879105e-04
1.91761363636e-01,5.56818181818e-01,4.44843756790e-02,-2.35294935029e-04,3.95559465682e-04
2.05965909091e-01,5.56818181818e-01,4.71009203243e-02,-2.54639171678e-04,4.24440609678e-04
2.20170454545e-01,5.56818181818e-01,4.97295996874e-02,-2.73141080494e-04,4.54562743424e-04
2.34375000000e-01,5.56818181818e-01,5.23582790505e-02,-2.91642989310e-04,4.84684877171e-04
2.48579545455e-01,5.56818181818e-01,5.49869584137e-02,-3.10144898127e-04,5.14807010918e-04
2.62784090909e-01,5.56818181818e-01,5.72081129019e-02,-3.30020813105e-04,5.46539620425e-04
2.76988636364e-01,5.56818181818e-01,5.93839868484e-02,-3.50049395435e-04,5.78451171684e-04
2.91193181818e-01,5.56818181818e-01,6.15598607950e-02,-3.70077977764e-04,6.10362722942e-04
3.05397727273e-01,5.56818181818e-01,6.37357347416e-02,-3.90106560094e-04,6.42274274201e-04
3.19602272727e-01,5.56818181818e-01,6.56117725826e-02,-4.15561098605e-04,6.69642107137e-04
3.33806818182e-01,5.56818181818e-01,6.72722360487e-02,-4.37919869656e-04,7.03283681485e-04
3.48011363636e-01,5.56818181818e-01,6.89326995148e-02,-4.60278640707e-04,7.36925255834e-04
3.62215909091e-01,5.56818181818e-01,7.05931629809e-02,-4.82637411757e-04,7.70566830182e-04
3.76420454545e-01,5.56818181818e-01,7.21557459707e-02,-5.12392320251e-04,7.96782034335e-04
3.90625000000e-01,5.56818181818e-01,7.32200100068e-02,-5.43161065873e-04,8.26165038595e-04
4.04829545455e-01,5.56818181818e-01,7.43024330586e-02,-5.68864143243e-04,8.60279101290e-04
4.19034090909e-01,5.56818181818e-01,7.53848561104e-02,-5.94567220613e-04,8.94393163986e-04
4.33238636364e-01,5.56818181818e-01,7.64672791623e-02,-6.20270297983e-04,9.28507226681e-04
4.47443181818e-01,5.56818181818e-01,7.71012172080e-02,-6.49139763609e-04,9.60948960965e-04
4.61647727273e-01,5.56818181818e-01,7.75429473940e-02,-6.79366252775e-04,9.92673983074e-04
4.75852272727e-01,5.56818181818e-01,7.79846775799e-02,-7.09592741940e-04,1.02439900518e-03
4.90056818182e-01,5.56818181818e-01,7.84264077659e-02,-7.39819231106e-04,1.05612402729e-03
5.04261363636e-01,5.56818181818e-01,7.86448410506e-02,-7.88178571795e-04,1.07410847687e-03
5.18465909091e-01,5.56818181818e-01,7.83833482059e-02,-8.26198677924e-04,1.09518187121e-03
5.32670454545e-01,5.56818181818e-01,7.81217210949e-02,-8.61495477811e-04,1.11769257128e-03
5.46875000000e-01,5.56818181818e-01,7.78600939839e-02,-8.96792277697e-04,1.14020327136e-03
5.61079545455e-01,5.56818181818e-01,7.75984668729e-02,-9.32089077584e-04,1.16271397144e-03
5.75284090909e-01,5.56818181818e-01,7.66474256852e-02,-9.72042795894e-04,1.17007668064e-03
5.89488636364e-01,5.56818181818e-01,7.56197829335e-02,-1.01251394958e-03,1.17575627975e-03
6.03693181818e-01,5.56818181818e-01,7.45921401817e-02,-1.05298510328e-03,1.18143587886e-03
6.17897727273e-01,5.56818181818e-01,7.35644974300e-02,-1.09345625697e-03,1.18711547796e-03
7.10227272727e-03,5.79545454545e-01,1.81421705431e-03,-6.02837409980e-06,2.06224957644e-05
2.13068181818e-02,5.79545454545e-01,5.43761750026e-03,-1.92597627303e-05,5.93653701747e-05
3.55113636364e-02,5.79545454545e-01,9.04927273335e-03,-3.52319790330e-05,9.22699713084e-05
4.97159090909e-02,5.79545454545e-01,1.26609279664e-02,-5.12041953357e-05,1.25174572442e-04
6.39204545455e-02,5.79545454545e-01,1.62460733314e-02,-6.72563321185e-05,1.57761505892e-04
7.81250000000e-02,5.79545454545e-01,1.95926298827e-02,-8.40277532224e-05,1.87489430191e-04
9.23295454545e-02,5.79545454545e-01,2.29391864340e-02,-1.00799174326e-04,2.17217354489e-04
1.06534090909e-01,5.79545454545e-01,2.62857429853e-02,-1.17570595430e-04,2.46945278788e-04
1.20738636364e-01,5.79545454545e-01,2.96524098509e-02,-1.29255071491e-04,2.84550957929e-04
1.34943181818e-01,5.79545454545e-01,3.27763112727e-02,-1.44848867634e-04,3.16485029439e-04
1.49147727273e-01,5.79545454545e-01,3.57952127276e-02,-1.62360322148e-04,3.45613280781e-04
1.63352272727e-01,5.79545454545e-01,3.88141141824e-02,-1.79871776662e-04,3.74741532123e-04
1.77556818182e-01,5.79545454545e-01,4.18460141934e-02,-1.93668676401e-04,4.08530126866e-04
1.91761363636e-01,5.79545454545e-01,4.47743665452e-02,-2.03408773969e-04,4.47497283946e-04
2.05965909091e-01,5.79545454545e-01,4.74280045457e-02,-2.13306333128e-04,4.86668198460e-04
2.20170454545e-01,5.79545454545e-01,5.00566839088e-02,-2.31808241944e-04,5.16790332207e-04
2.34375000000e-01,5.79545454545e-01,5.26853632719e-02,-2.50310150760e-04,5.46912465954e-04
2.48579545455e-01,5.79545454545e-01,5.53140426350e-02,-2.68812059577e-04,5.77034599701e-04
2.62784090909e-01,5.79545454545e-01,5.75599848958e-02,-2.77642735121e-04,6.18611929882e-04
2.76988636364e-01,5.79545454545e-01,5.97441214332e-02,-2.93989570973e-04,6.53805054698e-04
2.91193181818e-01,5.79545454545e-01,6.19199953797e-02,-3.14018153303e-04,6.85716605957e-04
3.05397727273e-01,5.79545454545e-01,6.40958693263e-02,-3.34046735632e-04,7.17628157215e-04
3.19602272727e-01,5.79545454545e-01,6.60140380326e-02,-3.55240412322e-04,7.50404720018e-04
3.33806818182e-01,5.79545454545e-01,6.76745014988e-02,-3.77599183373e-04,7.84046294367e-04
3.48011363636e-01,5.79545454545e-01,6.93349649649e-02,-3.99957954424e-04,8.17687868715e-04
3.62215909091e-01,5.79545454545e-01,7.10030532983e-02,-4.17589953534e-04,8.54898590814e-04
3.76420454545e-01,5.79545454545e-01,7.26307211151e-02,-4.24086738479e-04,9.00577611932e-04
3.90625000000e-01,5.79545454545e-01,7.37344820688e-02,-4.29628806663e-04,9.47519221475e-04
4.04829545455e-01,5.79545454545e-01,7.48190389108e-02,-4.53315783114e-04,9.82916038855e-04
4.19034090909e-01,5.79545454545e-01,7.59014619626e-02,-4.79018860484e-04,1.01703010155e-03
4.33238636364e-01,5.79545454545e-01,7.69838850144e-02,-5.04721937854e-04,1.05114416425e-03
4.47443181818e-01,5.79545454545e-01,7.76285241084e-02,-5.15528532273e-04,1.09282090075e-03
4.61647727273e-01,5.79545454545e-01,7.80778979002e-02,-5.32852970576e-04,1.13114235302e-03
4.75852272727e-01,5.79545454545e-01,7.85196280862e-02,-5.63079459742e-04,1.16286737513e-03
4.90056818182e-01,5.79545454545e-01,7.89613582722e-02,-5.93305948907e-04,1.19459239724e-03
5.04261363636e-01,5.79545454545e-01,7.91920812691e-02,-6.25053531289e-04,1.22355312274e-03
5.18465909091e-01,5.79545454545e-01,7.89304541581e-02,-6.60350331175e-04,1.24606382282e-03
5.32670454545e-01,5.79545454545e-01,7.86688270471e-02,-6.95647131062e-04,1.26857452290e-03
5.46875000000e-01,5.79545454545e-01,7.84079248837e-02,-7.27749223812e-04,1.29246745602e-03
5.61079545455e-01,5.79545454545e-01,7.81535472495e-02,-7.31098952338e-04,1.32880048652e-03
5.75284090909e-01,5.79545454545e-01,7.72032310095e-02,-7.67857963512e-04,1.33754542877e-03
5.89488636364e-01,5.79545454545e-01,7.61755882578e-02,-8.08329117202e-04,1.34322502787e-03
6.03693181818e-01,5.79545454545e-01,7.51479455060e-02,-8.48800270893e-04,1.34890462698e-03
6.17897727273e-01,5.79545454545e-01,7.41183608767e-02,-8.60357628232e-04,1.35830677966e-03
7.10227272727e-03,6.02272727273e-01,1.81421705431e-03,-6.02837409980e-06,2.06224957644e-05
2.13068181818e-02,6.02272727273e-01,5.44265116292e-03,-1.80851222994e-05,6.18674872933e-05
3.55113636364e-02,6.02272727273e-01,9.07108527153e-03,-3.01418704990e-05,1.03112478822e-04
4.97159090909e-02,6.02272727273e-01,1.26877741673e-02,-4.49394463707e-05,1.38519197074e-04
6.39204545455e-02,6.02272727273e-01,1.62729195322e-02,-6.09915831535e-05,1.71106130525e-04
7.81250000000e-02,6.02272727273e-01,1.96194760835e-02,-7.77630042574e-05,2.00834054823e-04
9.23295454545e-02,6.02272727273e-01,2.29772050316e-02,-9.17083447819e-05,2.34938509590e-04
1.06534090909e-01,6.02272727273e-01,2.63461063766e-02,-1.02827604727e-04,2.73419494824e-04
1.20738636364e-01,6.02272727273e-01,2.97150077215e-02,-1.13946864672e-04,3.11900480059e-04
1.34943181818e-01,6.02272727273e-01,3.28389091434e-02,-1.29540660815e-04,3.43834551569e-04
1.49147727273e-01,6.02272727273e-01,3.58604103094e-02,-1.46309204374e-04,3.73894871591e-04
1.63352272727e-01,6.02272727273e-01,3.89053088767e-02,-1.56391549339e-04,4.12343809735e-04
1.77556818182e-01,6.02272727273e-01,4.19502074439e-02,-1.66473894304e-04,4.50792747879e-04
1.91761363636e-01,6.02272727273e-01,4.48785597957e-02,-1.76213991872e-04,4.89759904960e-04
2.05965909091e-01,6.02272727273e-01,4.75349709781e-02,-1.85155512179e-04,5.29936239558e-04
2.20170454545e-01,6.02272727273e-01,5.01913821605e-02,-1.94097032487e-04,5.70112574157e-04
2.34375000000e-01,6.02272727273e-01,5.28339274333e-02,-2.07818747049e-04,6.05261808330e-04
2.48579545455e-01,6.02272727273e-01,5.54626067964e-02,-2.26320655865e-04,6.35383942077e-04
2.62784090909e-01,6.02272727273e-01,5.77085490571e-02,-2.35151331410e-04,6.76961272258e-04
2.76988636364e-01,6.02272727273e-01,5.99119649732e-02,-2.42907425480e-04,7.19811402043e-04
2.91193181818e-01,6.02272727273e-01,6.21126266922e-02,-2.51890768376e-04,7.61567673975e-04
3.05397727273e-01,6.02272727273e-01,6.42885006388e-02,-2.71919350706e-04,7.93479225234e-04
3.19602272727e-01,6.02272727273e-01,6.62066693451e-02,-2.93113027396e-04,8.26255788037e-04
3.33806818182e-01,6.02272727273e-01,6.78671328113e-02,-3.15471798447e-04,8.59897362386e-04
3.48011363636e-01,6.02272727273e-01,6.95504708793e-02,-3.23650253677e-04,9.04246379984e-04
3.62215909091e-01,6.02272727273e-01,7.12363505698e-02,-3.30253118261e-04,9.49785113500e-04
3.76420454545e-01,6.02272727273e-01,7.28640183866e-02,-3.36749903205e-04,9.95464134618e-04
3.90625000000e-01,6.02272727273e-01,7.39677793403e-02,-3.42291971390e-04,1.04240574416e-03
4.04829545455e-01,6.02272727273e-01,7.50715402940e-02,-3.47834039574e-04,1.08934735370e-03
4.19034090909e-01,6.02272727273e-01,7.61688998771e-02,-3.59424410514e-04,1.13244069919e-03
4.33238636364e-01,6.02272727273e-01,7.72513229289e-02,-3.85127487884e-04,1.16655476189e-03
4.47443181818e-01,6.02272727273e-01,7.78959620228e-02,-3.95934082303e-04,1.20823149840e-03
4.61647727273e-01,6.02272727273e-01,7.83529794206e-02,-4.00356469743e-04,1.25314938083e-03
4.75852272727e-01,6.02272727273e-01,7.88099968183e-02,-4.04778857183e-04,1.29806726326e-03
4.90056818182e-01,6.02272727273e-01,7.92532557254e-02,-4.32424936176e-04,1.33111157140e-03
5.04261363636e-01,6.02272727273e-01,7.94839787223e-02,-4.64172518558e-04,1.36007229690e-03
5.18465909091e-01,6.02272727273e-01,7.92223516113e-02,-4.99469318444e-04,1.38258299697e-03
5.32670454545e-01,6.02272727273e-01,7.89657991341e-02,-5.12403168378e-04,1.41476932835e-03
5.46875000000e-01,6.02272727273e-01,7.87114214998e-02,-5.15752896904e-04,1.45110235886e-03
5.61079545455e-01,6.02272727273e-01,7.84570438656e-02,-5.19102625429e-04,1.48743538936e-03
5.75284090909e-01,6.02272727273e-01,7.75067276256e-02,-5.55861636603e-04,1.49618033161e-03
5.89488636364e-01,6.02272727273e-01,7.64782526406e-02,-5.83941163286e-04,1.50345531081e-03
6.03693181818e-01,6.02272727273e-01,7.54478357780e-02,-5.83106893618e-04,1.51445284359e-03
6.17897727273e-01,6.02272727273e-01,7.44174189154e-02,-5.82272623949e-04,1.52545037637e-03
7.10227272727e-03,6.25000000000e-01,1.81421705431e-03,-6.02837409980e-06,2.06224957644e-05
2.13068181818e-02,6.25000000000e-01,5.44265116292e-03,-1.80851222994e-05,6.18674872933e-05
3.55113636364e-02,6.25000000000e-01,9.07108527153e-03,-3.01418704990e-05,1.03112478822e-04
4.97159090909e-02,6.25000000000e-01,1.26995193801e-02,-4.21986186986e-05,1.44357470351e-04
6.39204545455e-02,6.25000000000e-01,1.63020002124e-02,-5.41616180727e-05,1.85326061250e-04
7.81250000000e-02,6.25000000000e-01,1.96709015573e-02,-6.52808780176e-05,2.23807046485e-04
9.23295454545e-02,6.25000000000e-01,2.30398029023e-02,-7.64001379626e-05,2.62288031720e-04
1.06534090909e-01,6.25000000000e-01,2.64087042472e-02,-8.75193979076e-05,3.00769016954e-04
1.20738636364e-01,6.25000000000e-01,2.97776055921e-02,-9.86386578525e-05,3.39250002189e-04
1.34943181818e-01,6.25000000000e-01,3.29197049927e-02,-1.09032077311e-04,3.77708554460e-04
1.49147727273e-01,6.25000000000e-01,3.59646035599e-02,-1.19114422276e-04,4.16157492604e-04
1.63352272727e-01,6.25000000000e-01,3.90095021272e-02,-1.29196767242e-04,4.54606430748e-04
1.77556818182e-01,6.25000000000e-01,4.20544006944e-02,-1.39279112206e-04,4.93055368892e-04
1.91761363636e-01,6.25000000000e-01,4.49827530462e-02,-1.49019209774e-04,5.32022525973e-04
2.05965909091e-01,6.25000000000e-01,4.76391642286e-02,-1.57960730082e-04,5.72198860572e-04
2.20170454545e-01,6.25000000000e-01,5.02955754110e-02,-1.66902250389e-04,6.12375195170e-04
2.34375000000e-01,6.25000000000e-01,5.29519865935e-02,-1.75843770697e-04,6.52551529769e-04
2.48579545455e-01,6.25000000000e-01,5.56083977759e-02,-1.84785291004e-04,6.92727864368e-04
2.62784090909e-01,6.25000000000e-01,5.78571132185e-02,-1.92659927698e-04,7.35310614634e-04
2.76988636364e-01,6.25000000000e-01,6.00605291345e-02,-2.00416021768e-04,7.78160744419e-04
2.91193181818e-01,6.25000000000e-01,6.22639450506e-02,-2.08172115839e-04,8.21010874205e-04
3.05397727273e-01,6.25000000000e-01,6.44673609666e-02,-2.15928209909e-04,8.63861003990e-04
3.19602272727e-01,6.25000000000e-01,6.64120087698e-02,-2.23107689236e-04,9.08055435640e-04
3.33806818182e-01,6.25000000000e-01,6.80978884604e-02,-2.29710553820e-04,9.53594169155e-04
3.48011363636e-01,6.25000000000e-01,6.97837681508e-02,-2.36313418404e-04,9.99132902671e-04
3.62215909091e-01,6.25000000000e-01,7.14696478414e-02,-2.42916282988e-04,1.04467163619e-03
3.76420454545e-01,6.25000000000e-01,7.30973156582e-02,-2.49413067932e-04,1.09035065730e-03
3.90625000000e-01,6.25000000000e-01,7.42010766118e-02,-2.54955136116e-04,1.13729226685e-03
4.04829545455e-01,6.25000000000e-01,7.53048375655e-02,-2.60497204301e-04,1.18423387639e-03
4.19034090909e-01,6.25000000000e-01,7.64085985191e-02,-2.66039272485e-04,1.23117548593e-03
4.33238636364e-01,6.25000000000e-01,7.75123594728e-02,-2.71581340669e-04,1.27811709548e-03
4.47443181818e-01,6.25000000000e-01,7.81633999373e-02,-2.76339632332e-04,1.32364209604e-03
4.61647727273e-01,6.25000000000e-01,7.86204173350e-02,-2.80762019772e-04,1.36855997847e-03
4.75852272727e-01,6.25000000000e-01,7.90774347328e-02,-2.85184407213e-04,1.41347786090e-03
4.90056818182e-01,6.25000000000e-01,7.95344521305e-02,-2.89606794653e-04,1.45839574333e-03
5.04261363636e-01,6.25000000000e-01,7.97780510186e-02,-2.93707384419e-04,1.50073817018e-03
5.18465909091e-01,6.25000000000e-01,7.95236733844e-02,-2.97057112944e-04,1.53707120069e-03
5.32670454545e-01,6.25000000000e-01,7.92692957502e-02,-3.00406841470e-04,1.57340423119e-03
5.46875000000e-01,6.25000000000e-01,7.90149181160e-02,-3.03756569995e-04,1.60973726170e-03
5.61079545455e-01,6.25000000000e-01,7.87605404817e-02,-3.07106298520e-04,1.64607029220e-03
5.75284090909e-01,6.25000000000e-01,7.78077275419e-02,-3.06690428671e-04,1.65960137475e-03
5.89488636364e-01,6.25000000000e-01,7.67773106793e-02,-3.05856159003e-04,1.67059890753e-03
6.03693181818e-01,6.25000000000e-01,7.57468938167e-02,-3.05021889335e-04,1.68159644031e-03
6.17897727273e-01,6.25000000000e-01,7.47164769541e-02,-3.04187619666e-04,1.69259397309e-03
7.10227272727e-03,6.47727272727e-01,1.81421705431e-03,-6.02837409980e-06,2.06224957644e-05
2.13068181818e-02,6.47727272727e-01,5.44265116292e-03,-1.80851222994e-05,6.18674872933e-05
3.55113636364e-02,6.47727272727e-01,9.07108527153e-03,-3.01418704990e-05,1.03112478822e-04
4.97159090909e-02,6.47727272727e-01,1.26089978386e-02,-3.96049163822e-05,1.47604768977e-04
6.39204545455e-02,6.47727272727e-01,1.60836781855e-02,-4.76986177734e-05,1.93290251098e-04
7.81250000000e-02,6.47727272727e-01,1.93384230683e-02,-5.34724991004e-05,2.37189166201e-04
9.23295454545e-02,6.47727272727e-01,2.26502461822e-02,-6.19190697364e-05,2.78379116370e-04
1.06534090909e-01,6.47727272727e-01,2.60191475271e-02,-7.30383296814e-05,3.16860101605e-04
1.20738636364e-01,6.47727272727e-01,2.93880488720e-02,-8.41575896263e-05,3.55341086840e-04
1.34943181818e-01,6.47727272727e-01,3.24614736336e-02,-8.96020659645e-05,3.97965407934e-04
1.49147727273e-01,6.47727272727e-01,3.54180762364e-02,-9.33214840599e-05,4.41770334564e-04
1.63352272727e-01,6.47727272727e-01,3.84629748036e-02,-1.03403829025e-04,4.80219272708e-04
1.77556818182e-01,6.47727272727e-01,4.15078733709e-02,-1.13486173990e-04,5.18668210852e-04
1.91761363636e-01,6.47727272727e-01,4.44362257227e-02,-1.23226271558e-04,5.57635367933e-04
2.05965909091e-01,6.47727272727e-01,4.70926369051e-02,-1.32167791865e-04,5.97811702532e-04
2.20170454545e-01,6.47727272727e-01,4.97490480875e-02,-1.41109312173e-04,6.37988037130e-04
2.34375000000e-01,6.47727272727e-01,5.23648743623e-02,-1.45457300957e-04,6.81376908383e-04
2.48579545455e-01,6.47727272727e-01,5.49401157295e-02,-1.45211758219e-04,7.27978316289e-04
2.62784090909e-01,6.47727272727e-01,5.71807141906e-02,-1.52167688609e-04,7.71203573886e-04
2.76988636364e-01,6.47727272727e-01,5.93841301067e-02,-1.59923782679e-04,8.14053703671e-04
2.91193181818e-01,6.47727272727e-01,6.15812108712e-02,-1.66486448861e-04,8.57597140580e-04
3.05397727273e-01,6.47727272727e-01,6.37212752728e-02,-1.62308264048e-04,9.07380341595e-04
3.19602272727e-01,6.47727272727e-01,6.56119161515e-02,-1.55769588257e-04,9.58794253961e-04
3.33806818182e-01,6.47727272727e-01,6.72531335071e-02,-1.46870421489e-04,1.01183887768e-03
3.48011363636e-01,6.47727272727e-01,6.89345469642e-02,-1.51923082938e-04,1.05812820021e-03
3.62215909091e-01,6.47727272727e-01,7.06204266547e-02,-1.58525947522e-04,1.10366693373e-03
3.76420454545e-01,6.47727272727e-01,7.22455819585e-02,-1.63017572373e-04,1.15015666710e-03
3.90625000000e-01,6.47727272727e-01,7.33242177828e-02,-1.48508039625e-04,1.20520539919e-03
4.04829545455e-01,6.47727272727e-01,7.44154161717e-02,-1.44024307343e-04,1.25620057000e-03
4.19034090909e-01,6.47727272727e-01,7.55191771254e-02,-1.49566375527e-04,1.30314217954e-03
4.33238636364e-01,6.47727272727e-01,7.66229380791e-02,-1.55108443711e-04,1.35008378909e-03
4.47443181818e-01,6.47727272727e-01,7.72739785436e-02,-1.59866735375e-04,1.39560878965e-03
4.61647727273e-01,6.47727272727e-01,7.77309959413e-02,-1.64289122815e-04,1.44052667208e-03
4.75852272727e-01,6.47727272727e-01,7.81880133390e-02,-1.68711510255e-04,1.48544455451e-03
4.90056818182e-01,6.47727272727e-01,7.86407310743e-02,-1.50292536022e-04,1.53825417817e-03
5.04261363636e-01,6.47727272727e-01,7.88858880305e-02,-1.27168657872e-04,1.58966828848e-03
5.18465909091e-01,6.47727272727e-01,7.86478512297e-02,-9.89885050884e-05,1.63578019400e-03
5.32670454545e-01,6.47727272727e-01,7.83983758454e-02,-9.28792692212e-05,1.67504688701e-03
5.46875000000e-01,6.47727272727e-01,7.81439982112e-02,-9.62289977466e-05,1.71137991752e-03
5.61079545455e-01,6.47727272727e-01,7.78896205770e-02,-9.95787262721e-05,1.74771294802e-03
5.75284090909e-01,6.47727272727e-01,7.69368076372e-02,-9.91628564231e-05,1.76124403057e-03
5.89488636364e-01,6.47727272727e-01,7.59063907746e-02,-9.83285867547e-05,1.77224156335e-03
6.03693181818e-01,6.47727272727e-01,7.48797958083e-02,-9.46547703589e-05,1.78493399503e-03
6.17897727273e-01,6.47727272727e-01,7.38875979089e-02,-6.54250334171e-05,1.81288051682e-03
7.10227272727e-03,6.70454545455e-01,1.81421705431e-03,-6.02837409980e-06,2.06224957644e-05
2.13068181818e-02,6.70454545455e-01,5.40385621655e-03,-1.69735355924e-05,6.32591867046e-05
3.55113636364e-02,6.70454545455e-01,8.90297383725e-03,-2.53249947685e-05,1.09143176271e-04
4.97159090909e-02,6.70454545455e-01,1.24020914580e-02,-3.36764539447e-05,1.55027165838e-04
6.39204545455e-02,6.70454545455e-01,1.58767718049e-02,-4.17701553360e-05,2.00712647958e-04
7.81250000000e-02,6.70454545455e-01,1.91315166877e-02,-4.75440366630e-05,2.44611563062e-04
9.23295454545e-02,6.70454545455e-01,2.23862615705e-02,-5.33179179900e-05,2.88510478165e-04
1.06534090909e-01,6.70454545455e-01,2.56410064533e-02,-5.90917993170e-05,3.32409393269e-04
1.20738636364e-01,6.70454545455e-01,2.89984921520e-02,-6.96765214002e-05,3.71432171490e-04
1.34943181818e-01,6.70454545455e-01,3.20719169135e-02,-7.51209977383e-05,4.14056492584e-04
1.49147727273e-01,6.70454545455e-01,3.50187088536e-02,-7.81334239593e-05,4.58456529047e-04
1.63352272727e-01,6.70454545455e-01,3.79655007936e-02,-8.11458501803e-05,5.02856565509e-04
1.77556818182e-01,6.70454545455e-01,4.09613460473e-02,-8.76932357733e-05,5.44281052812e-04
1.91761363636e-01,6.70454545455e-01,4.38896983991e-02,-9.74333333411e-05,5.83248209893e-04
2.05965909091e-01,6.70454545455e-01,4.65379926000e-02,-1.05456147344e-04,6.24067051822e-04
2.20170454545e-01,6.70454545455e-01,4.91132339672e-02,-1.05210604606e-04,6.70668459729e-04
2.34375000000e-01,6.70454545455e-01,5.16884753344e-02,-1.04965061868e-04,7.17269867635e-04
2.48579545455e-01,6.70454545455e-01,5.42637167016e-02,-1.04719519130e-04,7.63871275541e-04
2.62784090909e-01,6.70454545455e-01,5.65043151627e-02,-1.11675449519e-04,8.07096533138e-04
2.76988636364e-01,6.70454545455e-01,5.86633850187e-02,-1.11077548371e-04,8.54799812785e-04
2.91193181818e-01,6.70454545455e-01,6.08034494202e-02,-1.06899363558e-04,9.04583013801e-04
3.05397727273e-01,6.70454545455e-01,6.29435138218e-02,-1.02721178746e-04,9.54366214816e-04
3.19602272727e-01,6.70454545455e-01,6.48341547005e-02,-9.61825029550e-05,1.00578012718e-03
3.33806818182e-01,6.70454545455e-01,6.64753720562e-02,-8.72833361865e-05,1.05882475090e-03
3.48011363636e-01,6.70454545455e-01,6.81165894118e-02,-7.83841694180e-05,1.11186937461e-03
3.62215909091e-01,6.70454545455e-01,6.97712054680e-02,-7.41356120552e-05,1.16266223127e-03
3.76420454545e-01,6.70454545455e-01,7.13963607718e-02,-7.86272369061e-05,1.20915196464e-03
3.90625000000e-01,6.70454545455e-01,7.24749965961e-02,-6.41177041583e-05,1.26420069673e-03
4.04829545455e-01,6.70454545455e-01,7.35536324203e-02,-4.96081714105e-05,1.31924942881e-03
4.19034090909e-01,6.70454545455e-01,7.46322682446e-02,-3.50986386627e-05,1.37429816090e-03
4.33238636364e-01,6.70454545455e-01,7.57335166853e-02,-3.86355467536e-05,1.42205048270e-03
4.47443181818e-01,6.70454545455e-01,7.63845571498e-02,-4.33938384170e-05,1.46757548326e-03
4.61647727273e-01,6.70454545455e-01,7.68391858462e-02,-3.51265804833e-05,1.51687766637e-03
4.75852272727e-01,6.70454545455e-01,7.72914258411e-02,-1.41696771756e-05,1.57056415017e-03
4.90056818182e-01,6.70454545455e-01,7.77436658361e-02,6.78722613202e-06,1.62425063396e-03
5.04261363636e-01,6.70454545455e-01,7.79888227923e-02,2.99111042824e-05,1.67566474427e-03
5.18465909091e-01,6.70454545455e-01,7.77507859915e-02,5.80912570658e-05,1.72177664979e-03
5.32670454545e-01,6.70454545455e-01,7.75127491907e-02,8.62714098492e-05,1.76788855532e-03
5.46875000000e-01,6.70454545455e-01,7.72730783065e-02,1.11298574502e-04,1.81302257334e-03
5.61079545455e-01,6.70454545455e-01,7.70187006723e-02,1.07948845976e-04,1.84935560384e-03
5.75284090909e-01,6.70454545455e-01,7.60658877325e-02,1.08364715825e-04,1.86288668640e-03
5.89488636364e-01,6.70454545455e-01,7.50622241441e-02,1.29075812585e-04,1.88574851148e-03
6.03693181818e-01,6.70454545455e-01,7.40700262448e-02,1.58305549527e-04,1.91369503327e-03
6.17897727273e-01,6.70454545455e-01,7.30778283454e-02,1.87535286469e-04,1.94164155506e-03
7.10227272727e-03,6.93181818182e-01,1.74955881035e-03,-4.17572958809e-06,2.29419947833e-05
2.13068181818e-02,6.93181818182e-01,5.24867643106e-03,-1.25271887643e-05,6.88259843499e-05
3.55113636364e-02,6.93181818182e-01,8.74779405176e-03,-2.08786479405e-05,1.14709973916e-04
4.97159090909e-02,6.93181818182e-01,1.22469116725e-02,-2.92301071166e-05,1.60593963483e-04
6.39204545455e-02,6.93181818182e-01,1.55769914738e-02,-3.57241337047e-05,2.06565091474e-04
7.81250000000e-02,6.93181818182e-01,1.87510863509e-02,-4.02371223370e-05,2.50857875002e-04
9.23295454545e-02,6.93181818182e-01,2.20058312337e-02,-4.60110036640e-05,2.94756790105e-04
1.06534090909e-01,6.93181818182e-01,2.52605761165e-02,-5.17848849910e-05,3.38655705209e-04
1.20738636364e-01,6.93181818182e-01,2.85153209993e-02,-5.75587663180e-05,3.82554620313e-04
1.34943181818e-01,6.93181818182e-01,3.15544988222e-02,-6.13996290708e-05,4.26804320367e-04
1.49147727273e-01,6.93181818182e-01,3.45012907623e-02,-6.44120552918e-05,4.71204356830e-04
1.63352272727e-01,6.93181818182e-01,3.74480827023e-02,-6.74244815128e-05,5.15604393292e-04
1.77556818182e-01,6.93181818182e-01,4.03948746424e-02,-7.04369077338e-05,5.60004429754e-04
1.91761363636e-01,6.93181818182e-01,4.30729145151e-02,-6.80668503792e-05,6.06272695621e-04
2.05965909091e-01,6.93181818182e-01,4.56276190975e-02,-6.70950306538e-05,6.53053534202e-04
2.20170454545e-01,6.93181818182e-01,4.82028604647e-02,-6.68494879156e-05,6.99654942108e-04
2.34375000000e-01,6.93181818182e-01,5.07781018319e-02,-6.66039451775e-05,7.46256350015e-04
2.48579545455e-01,6.93181818182e-01,5.33533431991e-02,-6.63584024393e-05,7.92857757921e-04
2.62784090909e-01,6.93181818182e-01,5.55369252972e-02,-6.25734818340e-05,8.42322779626e-04
2.76988636364e-01,6.93181818182e-01,5.76769896988e-02,-5.83952970213e-05,8.92105980642e-04
2.91193181818e-01,6.93181818182e-01,5.98170541004e-02,-5.42171122086e-05,9.41889181657e-04
3.05397727273e-01,6.93181818182e-01,6.19571185020e-02,-5.00389273959e-05,9.91672382673e-04
3.19602272727e-01,6.93181818182e-01,6.37808134340e-02,-3.96944453460e-05,1.04382130985e-03
3.33806818182e-01,6.93181818182e-01,6.54220307897e-02,-3.07952785775e-05,1.09686593356e-03
3.48011363636e-01,6.93181818182e-01,6.70632481454e-02,-2.18961118090e-05,1.14991055728e-03
3.62215909091e-01,6.93181818182e-01,6.87044655011e-02,-1.29969450405e-05,1.20295518099e-03
3.76420454545e-01,6.93181818182e-01,7.02314645486e-02,3.12654953686e-06,1.25719662134e-03
3.90625000000e-01,6.93181818182e-01,7.12864451770e-02,2.25750872266e-05,1.31290634626e-03
4.04829545455e-01,6.93181818182e-01,7.23650810013e-02,3.70846199744e-05,1.36795507835e-03
4.19034090909e-01,6.93181818182e-01,7.34437168255e-02,5.15941527222e-05,1.42300381043e-03
4.33238636364e-01,6.93181818182e-01,7.45223526498e-02,6.61036854700e-05,1.47805254252e-03
4.47443181818e-01,6.93181818182e-01,7.51511429933e-02,9.37318377838e-05,1.53332785246e-03
4.61647727273e-01,6.93181818182e-01,7.56033829882e-02,1.14688741091e-04,1.58701433625e-03
4.75852272727e-01,6.93181818182e-01,7.60556229832e-02,1.35645644399e-04,1.64070082005e-03
4.90056818182e-01,6.93181818182e-01,7.65078629782e-02,1.56602547707e-04,1.69438730384e-03
5.04261363636e-01,6.93181818182e-01,7.67530199344e-02,1.79726425857e-04,1.74580141415e-03
5.18465909091e-01,6.93181818182e-01,7.65149831336e-02,2.07906578641e-04,1.79191331968e-03
5.32670454545e-01,6.93181818182e-01,7.62769463327e-02,2.36086731424e-04,1.83802522520e-03
5.46875000000e-01,6.93181818182e-01,7.60389095319e-02,2.64266884207e-04,1.88413713072e-03
5.61079545455e-01,6.93181818182e-01,7.58086717677e-02,3.00676297083e-04,1.93142536454e-03
5.75284090909e-01,6.93181818182e-01,7.49282239812e-02,3.50237198802e-04,1.96688516918e-03
5.89488636364e-01,6.93181818182e-01,7.39360260818e-02,3.79466935744e-04,1.99483169097e-03
6.03693181818e-01,6.93181818182e-01,7.29438281824e-02,4.08696672685e-04,2.02277821276e-03
6.17897727273e-01,6.93181818182e-01,7.19516302831e-02,4.37926409627e-04,2.05072473455e-03
7.10227272727e-03,7.15909090909e-01,1.74955881035e-03,-4.17572958809e-06,2.29419947833e-05
2.13068181818e-02,7.15909090909e-01,5.24867643106e-03,-1.25271887643e-05,6.88259843499e-05
3.55113636364e-02,7.15909090909e-01,8.71836474919e-03,-2.05838036309e-05,1.14748563015e-04
4.97159090909e-02,7.15909090909e-01,1.19231893441e-02,-2.59868197114e-05,1.61018443571e-04
6.39204545455e-02,7.15909090909e-01,1.51061226326e-02,-3.10066247517e-05,2.07182517057e-04
7.81250000000e-02,7.15909090909e-01,1.80920341631e-02,-3.25775304296e-05,2.52394326908e-04
9.23295454545e-02,7.15909090909e-01,2.11048290288e-02,-3.45687336724e-05,2.97474847285e-04
1.06534090909e-01,7.15909090909e-01,2.43595739116e-02,-4.03426149994e-05,3.41373762388e-04
1.20738636364e-01,7.15909090909e-01,2.76143187944e-02,-4.61164963264e-05,3.85272677492e-04
1.34943181818e-01,7.15909090909e-01,3.06534966173e-02,-4.99573590792e-05,4.29522377547e-04
1.49147727273e-01,7.15909090909e-01,3.36002885573e-02,-5.29697853002e-05,4.73922414009e-04
1.63352272727e-01,7.15909090909e-01,3.64753230918e-02,-5.43125150767e-05,5.18824594931e-04
1.77556818182e-01,7.15909090909e-01,3.91829236797e-02,-5.17592864827e-05,5.64898446260e-04
1.91761363636e-01,7.15909090909e-01,4.17892061468e-02,-4.77195326837e-05,6.11668856587e-04
2.05965909091e-01,7.15909090909e-01,4.41590796652e-02,-4.02112200727e-05,6.60064571241e-04
2.20170454545e-01,7.15909090909e-01,4.65905635383e-02,-3.48817384236e-05,7.07921993871e-04
2.34375000000e-01,7.15909090909e-01,4.91658049055e-02,-3.46361956855e-05,7.54523401778e-04
2.48579545455e-01,7.15909090909e-01,5.17410462727e-02,-3.43906529473e-05,8.01124809684e-04
2.62784090909e-01,7.15909090909e-01,5.39246283708e-02,-3.06057323420e-05,8.50589831389e-04
2.76988636364e-01,7.15909090909e-01,5.60646927724e-02,-2.64275475293e-05,9.00373032404e-04
2.91193181818e-01,7.15909090909e-01,5.81210747408e-02,-1.74921048926e-05,9.51075001931e-04
3.05397727273e-01,7.15909090909e-01,6.00937742759e-02,-3.79940443183e-06,1.00269573997e-03
3.19602272727e-01,7.15909090909e-01,6.19007327213e-02,7.49652918281e-06,1.05502842084e-03
3.33806818182e-01,7.15909090909e-01,6.35419500770e-02,1.63956959513e-05,1.10807304456e-03
3.48011363636e-01,7.15909090909e-01,6.51706486602e-02,2.65491017774e-05,1.16131168699e-03
3.62215909091e-01,7.15909090909e-01,6.66866782914e-02,4.79906591216e-05,1.21629649782e-03
3.76420454545e-01,7.15909090909e-01,6.81510834766e-02,7.03853489867e-05,1.27150803173e-03
3.90625000000e-01,7.15909090909e-01,6.91508686482e-02,1.01358231541e-04,1.32876007326e-03
4.04829545455e-01,7.15909090909e-01,7.01585388852e-02,1.30684779114e-04,1.38579178385e-03
4.19034090909e-01,7.15909090909e-01,7.12371747094e-02,1.45194311862e-04,1.44084051594e-03
4.33238636364e-01,7.15909090909e-01,7.23158105337e-02,1.59703844610e-04,1.49588924803e-03
4.47443181818e-01,7.15909090909e-01,7.29360745770e-02,1.93786092054e-04,1.55204967171e-03
4.61647727273e-01,7.15909090909e-01,7.33598935713e-02,2.36256645797e-04,1.60868653466e-03
4.75852272727e-01,7.15909090909e-01,7.38036072661e-02,2.63667644235e-04,1.66325813219e-03
4.90056818182e-01,7.15909090909e-01,7.42558472611e-02,2.84624547543e-04,1.71694461599e-03
5.04261363636e-01,7.15909090909e-01,7.45010042173e-02,3.07748425693e-04,1.76835872630e-03
5.18465909091e-01,7.15909090909e-01,7.42629674165e-02,3.35928578477e-04,1.81447063182e-03
5.32670454545e-01,7.15909090909e-01,7.40249306157e-02,3.64108731260e-04,1.86058253734e-03
5.46875000000e-01,7.15909090909e-01,7.38102909245e-02,4.16976664320e-04,1.91022342777e-03
5.61079545455e-01,7.15909090909e-01,7.35982509122e-02,4.72587684077e-04,1.96025642763e-03
5.75284090909e-01,7.15909090909e-01,7.27599710310e-02,5.44264881415e-04,2.00234702605e-03
5.89488636364e-01,7.15909090909e-01,7.18521089422e-02,6.17727209596e-04,2.04355513542e-03
6.03693181818e-01,7.15909090909e-01,7.08683446239e-02,6.51380205662e-04,2.07282781597e-03
6.17897727273e-01,7.15909090909e-01,6.98761467245e-02,6.80609942604e-04,2.10077433776e-03
7.10227272727e-03,7.38636363636e-01,1.74955881035e-03,-4.17572958809e-06,2.29419947833e-05
2.13068181818e-02,7.38636363636e-01,5.04267131303e-03,-1.04632785973e-05,6.90961080424e-05
3.55113636364e-02,7.38636363636e-01,8.24749590799e-03,-1.58662946778e-05,1.15365988598e-04
4.97159090909e-02,7.38636363636e-01,1.14523205029e-02,-2.12693107584e-05,1.61635869154e-04
6.39204545455e-02,7.38636363636e-01,1.46352537914e-02,-2.62891157986e-05,2.07799942640e-04
7.81250000000e-02,7.38636363636e-01,1.76211653219e-02,-2.78600214766e-05,2.53011752491e-04
9.23295454545e-02,7.38636363636e-01,2.06070768524e-02,-2.94309271545e-05,2.98223562342e-04
1.06534090909e-01,7.38636363636e-01,2.35929883828e-02,-3.10018328324e-05,3.43435372194e-04
1.20738636364e-01,7.38636363636e-01,2.67133165894e-02,-3.46742263349e-05,3.87990734671e-04
1.34943181818e-01,7.38636363636e-01,2.97524944123e-02,-3.85150890877e-05,4.32240434726e-04
1.49147727273e-01,7.38636363636e-01,3.24840141355e-02,-3.65184259752e-05,4.78146904568e-04
1.63352272727e-01,7.38636363636e-01,3.51916147234e-02,-3.39651973812e-05,5.24220755897e-04
1.77556818182e-01,7.38636363636e-01,3.78992153113e-02,-3.14119687872e-05,5.70294607226e-04
1.91761363636e-01,7.38636363636e-01,4.05054977784e-02,-2.73722149881e-05,6.17065017552e-04
2.05965909091e-01,7.38636363636e-01,4.28753712968e-02,-1.98639023772e-05,6.65460732207e-04
2.20170454545e-01,7.38636363636e-01,4.52452448153e-02,-1.23555897662e-05,7.13856446862e-04
2.34375000000e-01,7.38636363636e-01,4.76151183337e-02,-4.84727715531e-06,7.62252161516e-04
2.48579545455e-01,7.38636363636e-01,5.01287493463e-02,-2.42290345532e-06,8.09391861447e-04
2.62784090909e-01,7.38636363636e-01,5.22955949578e-02,2.31346871476e-06,8.59040636854e-04
2.76988636364e-01,7.38636363636e-01,5.42682944929e-02,1.60061691755e-05,9.10661374890e-04
2.91193181818e-01,7.38636363636e-01,5.62409940280e-02,2.96988696363e-05,9.62282112927e-04
3.05397727273e-01,7.38636363636e-01,5.82136935631e-02,4.33915700970e-05,1.01390285096e-03
3.19602272727e-01,7.38636363636e-01,6.00206520085e-02,5.46875037116e-05,1.06623553184e-03
3.33806818182e-01,7.38636363636e-01,6.15742379570e-02,7.23663438831e-05,1.12063828654e-03
3.48011363636e-01,7.38636363636e-01,6.30902675882e-02,9.38079012272e-05,1.17562309738e-03
3.62215909091e-01,7.38636363636e-01,6.46062972194e-02,1.15249458571e-04,1.23060790821e-03
3.76420454545e-01,7.38636363636e-01,6.60707024046e-02,1.37644148436e-04,1.28581944212e-03
3.90625000000e-01,7.38636363636e-01,6.70704875763e-02,1.68617030991e-04,1.34307148365e-03
4.04829545455e-01,7.38636363636e-01,6.80702727479e-02,1.99589913545e-04,1.40032352519e-03
4.19034090909e-01,7.38636363636e-01,6.90700579196e-02,2.30562796099e-04,1.45757556672e-03
4.33238636364e-01,7.38636363636e-01,7.01092684176e-02,2.53304003750e-04,1.51372595353e-03
4.47443181818e-01,7.38636363636e-01,7.07295324609e-02,2.87386251194e-04,1.56988637722e-03
4.61647727273e-01,7.38636363636e-01,7.11533514552e-02,3.29856804937e-04,1.62652324016e-03
4.75852272727e-01,7.38636363636e-01,7.15771704496e-02,3.72327358680e-04,1.68316010310e-03
4.90056818182e-01,7.38636363636e-01,7.20038315440e-02,4.12646547379e-04,1.73950192813e-03
5.04261363636e-01,7.38636363636e-01,7.22489885002e-02,4.35770425530e-04,1.79091603844e-03
5.18465909091e-01,7.38636363636e-01,7.20239500936e-02,4.77666011800e-04,1.83898849113e-03
5.32670454545e-01,7.38636363636e-01,7.18119100813e-02,5.33277031557e-04,1.88902149099e-03
5.46875000000e-01,7.38636363636e-01,7.15998700691e-02,5.88888051314e-04,1.93905449085e-03
5.61079545455e-01,7.38636363636e-01,7.13878300568e-02,6.44499071070e-04,1.98908749071e-03
5.75284090909e-01,7.38636363636e-01,7.05495501756e-02,7.16176268409e-04,2.03117808913e-03
5.89488636364e-01,7.38636363636e-01,6.96416880868e-02,7.89638596590e-04,2.07238619851e-03
6.03693181818e-01,7.38636363636e-01,6.87338259980e-02,8.63100924771e-04,2.11359430788e-03
6.17897727273e-01,7.38636363636e-01,6.78006631660e-02,9.23293475581e-04,2.15082394098e-03
7.10227272727e-03,7.61363636364e-01,1.36333312042e-03,-1.78507117839e-06,2.10819386905e-05
2.13068181818e-02,7.61363636364e-01,4.42471020914e-03,-6.63822514178e-06,6.61200182939e-05
3.55113636364e-02,7.61363636364e-01,7.62953480410e-03,-1.20412412223e-05,1.12389898850e-04
4.97159090909e-02,7.61363636364e-01,1.08343593990e-02,-1.74442573028e-05,1.58659779406e-04
6.39204545455e-02,7.61363636364e-01,1.40172926876e-02,-2.24640623431e-05,2.04823852891e-04
7.81250000000e-02,7.61363636364e-01,1.70032042180e-02,-2.40349680210e-05,2.50035662742e-04
9.23295454545e-02,7.61363636364e-01,1.99891157485e-02,-2.56058736990e-05,2.95247472594e-04
1.06534090909e-01,7.61363636364e-01,2.29750272789e-02,-2.71767793769e-05,3.40459282445e-04
1.20738636364e-01,7.61363636364e-01,2.57400916186e-02,-2.75102131537e-05,3.83995470381e-04
1.34943181818e-01,7.61363636364e-01,2.81205899442e-02,-2.32281169159e-05,4.26516681302e-04
1.49147727273e-01,7.61363636364e-01,3.07884637849e-02,-2.03572276383e-05,4.72263581943e-04
1.63352272727e-01,7.61363636364e-01,3.34960643729e-02,-1.78039990443e-05,5.18337433271e-04
1.77556818182e-01,7.61363636364e-01,3.62036649608e-02,-1.52507704503e-05,5.64411284600e-04
1.91761363636e-01,7.61363636364e-01,3.87064846509e-02,-1.00037500517e-05,6.10125676246e-04
2.05965909091e-01,7.61363636364e-01,4.09039202076e-02,-4.83326441552e-07,6.56761359767e-04
2.20170454545e-01,7.61363636364e-01,4.32737937261e-02,7.02498616938e-06,7.05157074421e-04
2.34375000000e-01,7.61363636364e-01,4.56436672445e-02,1.45332987803e-05,7.53552789076e-04
2.48579545455e-01,7.61363636364e-01,4.80135407629e-02,2.20416113912e-05,8.01948503730e-04
2.62784090909e-01,7.61363636364e-01,4.97983441098e-02,3.92699423728e-05,8.50081016699e-04
2.76988636364e-01,7.61363636364e-01,5.17710436449e-02,5.29626428336e-05,9.01701754735e-04
2.91193181818e-01,7.61363636364e-01,5.37437431800e-02,6.66553432943e-05,9.53322492772e-04
3.05397727273e-01,7.61363636364e-01,5.57164427151e-02,8.03480437551e-05,1.00494323081e-03
3.19602272727e-01,7.61363636364e-01,5.74608072983e-02,9.79151726575e-05,1.05824600525e-03
3.33806818182e-01,7.61363636364e-01,5.89768369294e-02,1.19356730002e-04,1.11323081608e-03
3.48011363636e-01,7.61363636364e-01,6.04928665606e-02,1.40798287346e-04,1.16821562692e-03
3.62215909091e-01,7.61363636364e-01,6.20088961918e-02,1.62239844690e-04,1.22320043775e-03
3.76420454545e-01,7.61363636364e-01,6.32863645779e-02,1.91164544752e-04,1.27442373464e-03
3.90625000000e-01,7.61363636364e-01,6.41882350237e-02,2.28877452083e-04,1.32850854298e-03
4.04829545455e-01,7.61363636364e-01,6.51880201954e-02,2.59850334637e-04,1.38576058451e-03
4.19034090909e-01,7.61363636364e-01,6.61878053671e-02,2.90823217191e-04,1.44301262604e-03
4.33238636364e-01,7.61363636364e-01,6.71875905387e-02,3.21796099745e-04,1.50026466758e-03
4.47443181818e-01,7.61363636364e-01,6.77841993863e-02,3.60817352131e-04,1.55708608410e-03
4.61647727273e-01,7.61363636364e-01,6.82080183806e-02,4.03287905874e-04,1.61372294704e-03
4.75852272727e-01,7.61363636364e-01,6.86318373750e-02,4.45758459617e-04,1.67035980999e-03
4.90056818182e-01,7.61363636364e-01,6.90500990751e-02,4.89551103977e-04,1.72655482285e-03
5.04261363636e-01,7.61363636364e-01,6.92551746141e-02,5.50842383280e-04,1.77732746476e-03
5.18465909091e-01,7.61363636364e-01,6.90613267789e-02,6.15826655433e-04,1.82604361196e-03
5.32670454545e-01,7.61363636364e-01,6.88492867666e-02,6.71437675190e-04,1.87607661182e-03
5.46875000000e-01,7.61363636364e-01,6.86372467543e-02,7.27048694946e-04,1.92610961167e-03
5.61079545455e-01,7.61363636364e-01,6.84252067420e-02,7.82659714703e-04,1.97614261153e-03
5.75284090909e-01,7.61363636364e-01,6.75869268608e-02,8.54336912042e-04,2.01823320996e-03
5.89488636364e-01,7.61363636364e-01,6.66790647720e-02,9.27799240223e-04,2.05944131933e-03
6.03693181818e-01,7.61363636364e-01,6.57712026832e-02,1.00126156840e-03,2.10064942870e-03
6.17897727273e-01,7.61363636364e-01,6.49040523296e-02,1.08139831465e-03,2.13857993076e-03
7.10227272727e-03,7.84090909091e-01,1.36333312042e-03,-1.78507117839e-06,2.10819386905e-05
2.13068181818e-02,7.84090909091e-01,4.08999936126e-03,-5.35521353516e-06,6.32458160714e-05
3.55113636364e-02,7.84090909091e-01,6.86448143751e-03,-9.10864326431e-06,1.05820293770e-04
4.97159090909e-02,7.84090909091e-01,1.00693060325e-02,-1.45116593448e-05,1.52090174326e-04
6.39204545455e-02,7.84090909091e-01,1.32522393210e-02,-1.95314643851e-05,1.98254247811e-04
7.81250000000e-02,7.84090909091e-01,1.62381508514e-02,-2.11023700630e-05,2.43466057663e-04
9.23295454545e-02,7.84090909091e-01,1.91798929437e-02,-2.24257813607e-05,2.88342743131e-04
1.06534090909e-01,7.84090909091e-01,2.17241100926e-02,-2.15217432364e-05,3.30203309150e-04
1.20738636364e-01,7.84090909091e-01,2.42683272415e-02,-2.06177051121e-05,3.72063875170e-04
1.34943181818e-01,7.84090909091e-01,2.66488255672e-02,-1.63356088743e-05,4.14585086091e-04
1.49147727273e-01,7.84090909091e-01,2.89591586828e-02,-1.06057734450e-05,4.57389430541e-04
1.63352272727e-01,7.84090909091e-01,3.13886720402e-02,-5.82892006624e-06,5.01174627054e-04
1.77556818182e-01,7.84090909091e-01,3.40962726281e-02,-3.27569147224e-06,5.47248478383e-04
1.91761363636e-01,7.84090909091e-01,3.65990923182e-02,1.97132892639e-06,5.92962870029e-04
2.05965909091e-01,7.84090909091e-01,3.86240899133e-02,1.35038635358e-05,6.37838522416e-04
2.20170454545e-01,7.84090909091e-01,4.06490875084e-02,2.50363981452e-05,6.82714174802e-04
2.34375000000e-01,7.84090909091e-01,4.29844734345e-02,3.29471329560e-05,7.30757883230e-04
2.48579545455e-01,7.84090909091e-01,4.53543469529e-02,4.04554455669e-05,7.79153597884e-04
2.62784090909e-01,7.84090909091e-01,4.71106986014e-02,5.82030352117e-05,8.26890395511e-04
2.76988636364e-01,7.84090909091e-01,4.87988811533e-02,7.70883223048e-05,8.74553980136e-04
2.91193181818e-01,7.84090909091e-01,5.06293221968e-02,9.33773160817e-05,9.24196141466e-04
3.05397727273e-01,7.84090909091e-01,5.26020217319e-02,1.07070016542e-04,9.75816879502e-04
3.19602272727e-01,7.84090909091e-01,5.43463863151e-02,1.24637145445e-04,1.02911965394e-03
3.33806818182e-01,7.84090909091e-01,5.58624159462e-02,1.46078702789e-04,1.08410446478e-03
3.48011363636e-01,7.84090909091e-01,5.72703524642e-02,1.70999728580e-04,1.13687941615e-03
3.62215909091e-01,7.84090909091e-01,5.85701958689e-02,1.99400222818e-04,1.18744450806e-03
3.76420454545e-01,7.84090909091e-01,5.98260456324e-02,2.29020816569e-04,1.23822583305e-03
3.90625000000e-01,7.84090909091e-01,6.06859526243e-02,2.69622305947e-04,1.29095325574e-03
4.04829545455e-01,7.84090909091e-01,6.15458596162e-02,3.10223795324e-04,1.34368067842e-03
4.19034090909e-01,7.84090909091e-01,6.25036813340e-02,3.44085259925e-04,1.39957533430e-03
4.33238636364e-01,7.84090909091e-01,6.35034665057e-02,3.75058142480e-04,1.45682737584e-03
4.47443181818e-01,7.84090909091e-01,6.41000753532e-02,4.14079394866e-04,1.51364879236e-03
4.61647727273e-01,7.84090909091e-01,6.45238943475e-02,4.56549948609e-04,1.57028565530e-03
4.75852272727e-01,7.84090909091e-01,6.49088122822e-02,5.08275136670e-04,1.62382956772e-03
4.90056818182e-01,7.84090909091e-01,6.52770583342e-02,5.63966596581e-04,1.67604792992e-03
5.04261363636e-01,7.84090909091e-01,6.54821338732e-02,6.25257875884e-04,1.72682057182e-03
5.18465909091e-01,7.84090909091e-01,6.53064782152e-02,6.99615400433e-04,1.77421986636e-03
5.32670454545e-01,7.84090909091e-01,6.51308225571e-02,7.73972924982e-04,1.82161916091e-03
5.46875000000e-01,7.84090909091e-01,6.49224209803e-02,8.31458595218e-04,1.87138879023e-03
5.61079545455e-01,7.84090909091e-01,6.47103809680e-02,8.87069614975e-04,1.92142179009e-03
5.75284090909e-01,7.84090909091e-01,6.38721010868e-02,9.58746812313e-04,1.96351238852e-03
5.89488636364e-01,7.84090909091e-01,6.29642389980e-02,1.03220914049e-03,2.00472049789e-03
6.03693181818e-01,7.84090909091e-01,6.21785121148e-02,1.12569472287e-03,2.03609578533e-03
6.17897727273e-01,7.84090909091e-01,6.14063558099e-02,1.22140511126e-03,2.06637853699e-03
7.10227272727e-03,8.06818181818e-01,1.36333312042e-03,-1.78507117839e-06,2.10819386905e-05
2.13068181818e-02,8.06818181818e-01,4.08999936126e-03,-5.35521353516e-06,6.32458160714e-05
3.55113636364e-02,8.06818181818e-01,6.81666560210e-03,-8.92535589193e-06,1.05409693452e-04
4.97159090909e-02,8.06818181818e-01,9.54333184294e-03,-1.24954982487e-05,1.47573570833e-04
6.39204545455e-02,8.06818181818e-01,1.24871859544e-02,-1.65988664271e-05,1.91684642731e-04
7.81250000000e-02,8.06818181818e-01,1.51639114178e-02,-1.64373114435e-05,2.34550581900e-04
9.23295454545e-02,8.06818181818e-01,1.77081285667e-02,-1.55332733191e-05,2.76411147920e-04
1.06534090909e-01,8.06818181818e-01,2.02523457156e-02,-1.46292351948e-05,3.18271713939e-04
1.20738636364e-01,8.06818181818e-01,2.27965628645e-02,-1.37251970705e-05,3.60132279959e-04
1.34943181818e-01,8.06818181818e-01,2.51770611901e-02,-9.44310083268e-06,4.02653490880e-04
1.49147727273e-01,8.06818181818e-01,2.74873943058e-02,-3.71326540336e-06,4.45457835330e-04
1.63352272727e-01,8.06818181818e-01,2.97977274214e-02,2.01657002596e-06,4.88262179780e-04
1.77556818182e-01,8.06818181818e-01,3.21080605371e-02,7.74640545528e-06,5.31066524230e-04
1.91761363636e-01,8.06818181818e-01,3.44916999855e-02,1.39464079045e-05,5.75800063812e-04
2.05965909091e-01,8.06818181818e-01,3.65166975806e-02,2.54789425139e-05,6.20675716199e-04
2.20170454545e-01,8.06818181818e-01,3.85416951757e-02,3.70114771233e-05,6.65551368585e-04
2.34375000000e-01,8.06818181818e-01,4.05666927708e-02,4.85440117327e-05,7.10427020971e-04
2.48579545455e-01,8.06818181818e-01,4.26951531429e-02,5.88692797426e-05,7.56358692038e-04
2.62784090909e-01,8.06818181818e-01,4.44515047914e-02,7.66168693874e-05,8.04095489665e-04
2.76988636364e-01,8.06818181818e-01,4.61396873433e-02,9.55021564805e-05,8.51759074289e-04
2.91193181818e-01,8.06818181818e-01,4.78278698952e-02,1.14387443574e-04,8.99422658913e-04
3.05397727273e-01,8.06818181818e-01,4.95160524471e-02,1.33272730667e-04,9.47086243538e-04
3.19602272727e-01,8.06818181818e-01,5.12103467092e-02,1.52055011922e-04,9.99551330740e-04
3.33806818182e-01,8.06818181818e-01,5.25101901140e-02,1.80455506159e-04,1.05011642265e-03
3.48011363636e-01,8.06818181818e-01,5.38100335187e-02,2.08856000397e-04,1.10068151456e-03
3.62215909091e-01,8.06818181818e-01,5.51098769235e-02,2.37256494635e-04,1.15124660648e-03
3.76420454545e-01,8.06818181818e-01,5.63657266870e-02,2.66877088386e-04,1.20202793147e-03
3.90625000000e-01,8.06818181818e-01,5.72256336789e-02,3.07478577764e-04,1.25475535415e-03
4.04829545455e-01,8.06818181818e-01,5.80855406708e-02,3.48080067141e-04,1.30748277684e-03
4.19034090909e-01,8.06818181818e-01,5.89454476627e-02,3.88681556519e-04,1.36021019952e-03
4.33238636364e-01,8.06818181818e-01,5.98193424726e-02,4.28320185214e-04,1.41339008410e-03
4.47443181818e-01,8.06818181818e-01,6.03992794374e-02,4.71307709451e-04,1.46888595039e-03
4.61647727273e-01,8.06818181818e-01,6.07675254894e-02,5.26999169362e-04,1.52110431259e-03
4.75852272727e-01,8.06818181818e-01,6.11357715414e-02,5.82690629274e-04,1.57332267479e-03
4.90056818182e-01,8.06818181818e-01,6.15040175934e-02,6.38382089185e-04,1.62554103699e-03
5.04261363636e-01,8.06818181818e-01,6.17090931324e-02,6.99673368488e-04,1.67631367889e-03
5.18465909091e-01,8.06818181818e-01,6.15334374744e-02,7.74030893037e-04,1.72371297343e-03
5.32670454545e-01,8.06818181818e-01,6.13577818163e-02,8.48388417586e-04,1.77111226797e-03
5.46875000000e-01,8.06818181818e-01,6.11821261583e-02,9.22745942135e-04,1.81851156252e-03
5.61079545455e-01,8.06818181818e-01,6.09955551939e-02,9.91479515246e-04,1.86670096865e-03
5.75284090909e-01,8.06818181818e-01,6.02251282048e-02,1.07428074269e-03,1.90332888822e-03
5.89488636364e-01,8.06818181818e-01,5.94529718999e-02,1.16999113108e-03,1.93361163989e-03
6.03693181818e-01,8.06818181818e-01,5.86808155951e-02,1.26570151948e-03,1.96389439156e-03
6.17897727273e-01,8.06818181818e-01,5.79086592902e-02,1.36141190787e-03,1.99417714323e-03
7.10227272727e-03,8.29545454545e-01,1.02287298441e-03,-1.41910470367e-06,1.67410248120e-05
2.13068181818e-02,8.29545454545e-01,3.27289503484e-03,-4.47689399584e-06,5.28276227632e-05
3.55113636364e-02,8.29545454545e-01,5.99956127569e-03,-8.04703635261e-06,9.49915001441e-05
4.97159090909e-02,8.29545454545e-01,8.72622751653e-03,-1.16171787094e-05,1.37155377525e-04
6.39204545455e-02,8.29545454545e-01,1.13713740094e-02,-1.46775719873e-05,1.78441584349e-04
7.81250000000e-02,8.29545454545e-01,1.32828427707e-02,-1.31502235551e-05,2.11828756156e-04
9.23295454545e-02,8.29545454545e-01,1.57637850808e-02,-1.21838544000e-05,2.52841982754e-04
1.06534090909e-01,8.29545454545e-01,1.83080022298e-02,-1.12798162757e-05,2.94702548774e-04
1.20738636364e-01,8.29545454545e-01,2.08522193787e-02,-1.03757781514e-05,3.36563114793e-04
1.34943181818e-01,8.29545454545e-01,2.32327177043e-02,-6.09368191354e-06,3.79084325714e-04
1.49147727273e-01,8.29545454545e-01,2.55430508200e-02,-3.63846484226e-07,4.21888670164e-04
1.63352272727e-01,8.29545454545e-01,2.78533839356e-02,5.36598894509e-06,4.64693014614e-04
1.77556818182e-01,8.29545454545e-01,2.98775439836e-02,1.13184046231e-05,5.03168184095e-04
1.91761363636e-01,8.29545454545e-01,3.17016341484e-02,1.91006621547e-05,5.40533075970e-04
2.05965909091e-01,8.29545454545e-01,3.37266317435e-02,3.06331967641e-05,5.85408728356e-04
2.20170454545e-01,8.29545454545e-01,3.57516293386e-02,4.21657313735e-05,6.30284380742e-04
2.34375000000e-01,8.29545454545e-01,3.77266559919e-02,5.36960085891e-05,6.74243556162e-04
2.48579545455e-01,8.29545454545e-01,3.92519441695e-02,6.52059692604e-05,7.09954438885e-04
2.62784090909e-01,8.29545454545e-01,4.09238372840e-02,8.33537237113e-05,7.56422753319e-04
2.76988636364e-01,8.29545454545e-01,4.26120198358e-02,1.02239010804e-04,8.04086337943e-04
2.91193181818e-01,8.29545454545e-01,4.43002023877e-02,1.21124297897e-04,8.51749922567e-04
3.05397727273e-01,8.29545454545e-01,4.56980032190e-02,1.39638838259e-04,8.92399129422e-04
3.19602272727e-01,8.29545454545e-01,4.68257515710e-02,1.62591240084e-04,9.31005845220e-04
3.33806818182e-01,8.29545454545e-01,4.79032062195e-02,1.90395796675e-04,9.73874643442e-04
3.48011363636e-01,8.29545454545e-01,4.92030496242e-02,2.18796290913e-04,1.02443973535e-03
3.62215909091e-01,8.29545454545e-01,5.05028930290e-02,2.47196785151e-04,1.07500482727e-03
3.76420454545e-01,8.29545454545e-01,5.17587427925e-02,2.76817378902e-04,1.12578615226e-03
3.90625000000e-01,8.29545454545e-01,5.26186497844e-02,3.17418868280e-04,1.17851357494e-03
4.04829545455e-01,8.29545454545e-01,5.34785567763e-02,3.58020357657e-04,1.23124099763e-03
4.19034090909e-01,8.29545454545e-01,5.43384637682e-02,3.98621847035e-04,1.28396842031e-03
4.33238636364e-01,8.29545454545e-01,5.50109167819e-02,4.38678557975e-04,1.32602274713e-03
4.47443181818e-01,8.29545454545e-01,5.54036137550e-02,4.90333398198e-04,1.36676185132e-03
4.61647727273e-01,8.29545454545e-01,5.57286007344e-02,5.46504832598e-04,1.41321287242e-03
4.75852272727e-01,8.29545454545e-01,5.60968467864e-02,6.02196292509e-04,1.46543123462e-03
4.90056818182e-01,8.29545454545e-01,5.64650928384e-02,6.57887752421e-04,1.51764959682e-03
5.04261363636e-01,8.29545454545e-01,5.66701683774e-02,7.19179031723e-04,1.56842223872e-03
5.18465909091e-01,8.29545454545e-01,5.64945127194e-02,7.93536556272e-04,1.61582153326e-03
5.32670454545e-01,8.29545454545e-01,5.63188570613e-02,8.67894080821e-04,1.66322082780e-03
5.46875000000e-01,8.29545454545e-01,5.61480199247e-02,9.42661139456e-04,1.70922253400e-03
5.61079545455e-01,8.29545454545e-01,5.60205494807e-02,1.02111400486e-03,1.74264594505e-03
5.75284090909e-01,8.29545454545e-01,5.54864874774e-02,1.13213942991e-03,1.76122521768e-03
5.89488636364e-01,8.29545454545e-01,5.47722064111e-02,1.23353008129e-03,1.78750212102e-03
6.03693181818e-01,8.29545454545e-01,5.40000501062e-02,1.32924046968e-03,1.81778487269e-03
6.17897727273e-01,8.29545454545e-01,5.32278938014e-02,1.42495085807e-03,1.84806762436e-03
7.10227272727e-03,8.52272727273e-01,1.02287298441e-03,-1.41910470367e-06,1.67410248120e-05
2.13068181818e-02,8.52272727273e-01,3.06861895324e-03,-4.25731411101e-06,5.02230744361e-05
3.55113636364e-02,8.52272727273e-01,5.11436492207e-03,-7.09552351835e-06,8.37051240602e-05
4.97159090909e-02,8.52272727273e-01,7.63675508130e-03,-1.04460859903e-05,1.23264453114e-04
6.39204545455e-02,8.52272727273e-01,1.02819015742e-02,-1.35064792682e-05,1.64550659938e-04
7.81250000000e-02,8.52272727273e-01,1.21933703355e-02,-1.19791308360e-05,1.97937831745e-04
9.23295454545e-02,8.52272727273e-01,1.41048390968e-02,-1.04517824038e-05,2.31325003552e-04
1.06534090909e-01,8.52272727273e-01,1.62061323743e-02,-9.11142706404e-06,2.67254193623e-04
1.20738636364e-01,8.52272727273e-01,1.87503495232e-02,-8.20738893972e-06,3.09114759643e-04
1.34943181818e-01,8.52272727273e-01,2.11308478489e-02,-3.92529270190e-06,3.51635970564e-04
1.49147727273e-01,8.52272727273e-01,2.33839463510e-02,1.84905877716e-06,3.93574480020e-04
1.63352272727e-01,8.52272727273e-01,2.51219333314e-02,8.02405470396e-06,4.27720474532e-04
1.77556818182e-01,8.52272727273e-01,2.68599203117e-02,1.41990506307e-05,4.61866469044e-04
1.91761363636e-01,8.52272727273e-01,2.86840104765e-02,2.19813081623e-05,4.99231360919e-04
2.05965909091e-01,8.52272727273e-01,3.07090080716e-02,3.35138427717e-05,5.44107013305e-04
2.20170454545e-01,8.52272727273e-01,3.23842090744e-02,4.50305756244e-05,5.82567326927e-04
2.34375000000e-01,8.52272727273e-01,3.39094972520e-02,5.65405362957e-05,6.18278209649e-04
2.48579545455e-01,8.52272727273e-01,3.54347854296e-02,6.80504969670e-05,6.53989092372e-04
2.62784090909e-01,8.52272727273e-01,3.71066785440e-02,8.61982514179e-05,7.00457406806e-04
2.76988636364e-01,8.52272727273e-01,3.86704117871e-02,1.04924647055e-04,7.45114829529e-04
2.91193181818e-01,8.52272727273e-01,3.99437633095e-02,1.23280295960e-04,7.82757874483e-04
3.05397727273e-01,8.52272727273e-01,4.12171148319e-02,1.41635944866e-04,8.20400919438e-04
3.19602272727e-01,8.52272727273e-01,4.23448631839e-02,1.64588346690e-04,8.59007635235e-04
3.33806818182e-01,8.52272727273e-01,4.33270083655e-02,1.92137501434e-04,8.98578021876e-04
3.48011363636e-01,8.52272727273e-01,4.43091535470e-02,2.19686656177e-04,9.38148408518e-04
3.62215909091e-01,8.52272727273e-01,4.55136874848e-02,2.47831748566e-04,9.85415088848e-04
3.76420454545e-01,8.52272727273e-01,4.67695372483e-02,2.77452342318e-04,1.03619641384e-03
3.90625000000e-01,8.52272727273e-01,4.76294442402e-02,3.18053831696e-04,1.08892383652e-03
4.04829545455e-01,8.52272727273e-01,4.83852101331e-02,3.58352666386e-04,1.13572176151e-03
4.19034090909e-01,8.52272727273e-01,4.90368349270e-02,3.98348846388e-04,1.17659018879e-03
4.33238636364e-01,8.52272727273e-01,4.96884597210e-02,4.38345026391e-04,1.21745861607e-03
4.47443181818e-01,8.52272727273e-01,5.00811566940e-02,4.89999866613e-04,1.25819772025e-03
4.61647727273e-01,8.52272727273e-01,5.03628846010e-02,5.46651275502e-04,1.29888140025e-03
4.75852272727e-01,8.52272727273e-01,5.06446125079e-02,6.03302684391e-04,1.33956508026e-03
4.90056818182e-01,8.52272727273e-01,5.10042067454e-02,6.59090139200e-04,1.39062997423e-03
5.04261363636e-01,8.52272727273e-01,5.12092822844e-02,7.20381418502e-04,1.44140261613e-03
5.18465909091e-01,8.52272727273e-01,5.10336266264e-02,7.94738943052e-04,1.48880191068e-03
5.32670454545e-01,8.52272727273e-01,5.08917006181e-02,8.71963206197e-04,1.52641808678e-03
5.46875000000e-01,8.52272727273e-01,5.07642301741e-02,9.50416071597e-04,1.55984149783e-03
5.61079545455e-01,8.52272727273e-01,5.06367597301e-02,1.02886893700e-03,1.59326490888e-03
5.75284090909e-01,8.52272727273e-01,5.01026977269e-02,1.13989436205e-03,1.61184418151e-03
5.89488636364e-01,8.52272727273e-01,4.95234588837e-02,1.25453896039e-03,1.62877410543e-03
6.03693181818e-01,8.52272727273e-01,4.89249282943e-02,1.36729013774e-03,1.64703931212e-03
6.17897727273e-01,8.52272727273e-01,4.81527719894e-02,1.46300052614e-03,1.67732206379e-03
7.10227272727e-03,8.75000000000e-01,1.02287298441e-03,-1.41910470367e-06,1.67410248120e-05
2.13068181818e-02,8.75000000000e-01,3.06861895324e-03,-4.25731411101e-06,5.02230744361e-05
3.55113636364e-02,8.75000000000e-01,5.11436492207e-03,-7.09552351835e-06,8.37051240602e-05
4.97159090909e-02,8.75000000000e-01,7.16011089090e-03,-9.93373292569e-06,1.17187173684e-04
6.39204545455e-02,8.75000000000e-01,9.19242913897e-03,-1.23353865491e-05,1.50659735527e-04
7.81250000000e-02,8.75000000000e-01,1.11038979003e-02,-1.08080381169e-05,1.84046907334e-04
9.23295454545e-02,8.75000000000e-01,1.30153666615e-02,-9.28068968476e-06,2.17434079141e-04
1.06534090909e-01,8.75000000000e-01,1.49268354228e-02,-7.75334125259e-06,2.50821250949e-04
1.20738636364e-01,8.75000000000e-01,1.68383041841e-02,-6.22599282043e-06,2.84208422756e-04
1.34943181818e-01,8.75000000000e-01,1.86283356988e-02,-1.44529114203e-06,3.18126770457e-04
1.49147727273e-01,8.75000000000e-01,2.03663226791e-02,4.72970478476e-06,3.52272764969e-04
1.63352272727e-01,8.75000000000e-01,2.21043096595e-02,1.09047007116e-05,3.86418759481e-04
1.77556818182e-01,8.75000000000e-01,2.38422966398e-02,1.70796966383e-05,4.20564753993e-04
1.91761363636e-01,8.75000000000e-01,2.55164739794e-02,2.48551819885e-05,4.55180214969e-04
2.05965909091e-01,8.75000000000e-01,2.70417621569e-02,3.63651426598e-05,4.90891097691e-04
2.20170454545e-01,8.75000000000e-01,2.85670503345e-02,4.78751033310e-05,5.26601980414e-04
2.34375000000e-01,8.75000000000e-01,3.00923385121e-02,5.93850640023e-05,5.62312863136e-04
2.48579545455e-01,8.75000000000e-01,3.16176266896e-02,7.08950246736e-05,5.98023745859e-04
2.62784090909e-01,8.75000000000e-01,3.29161718776e-02,8.85661047557e-05,6.35473574590e-04
2.76988636364e-01,8.75000000000e-01,3.41895234000e-02,1.06921753661e-04,6.73116619544e-04
2.91193181818e-01,8.75000000000e-01,3.54628749225e-02,1.25277402567e-04,7.10759664499e-04
3.05397727273e-01,8.75000000000e-01,3.67362264449e-02,1.43633051472e-04,7.48402709453e-04
3.19602272727e-01,8.75000000000e-01,3.78639747969e-02,1.66585453297e-04,7.87009425251e-04
3.33806818182e-01,8.75000000000e-01,3.88461199784e-02,1.94134608040e-04,8.26579811892e-04
3.48011363636e-01,8.75000000000e-01,3.98282651600e-02,2.21683762784e-04,8.66150198533e-04
3.62215909091e-01,8.75000000000e-01,4.08104103415e-02,2.49232917527e-04,9.05720585174e-04
3.76420454545e-01,8.75000000000e-01,4.17595034843e-02,2.78026774796e-04,9.45420775879e-04
3.90625000000e-01,8.75000000000e-01,4.24111282782e-02,3.18022954799e-04,9.86289203158e-04
4.04829545455e-01,8.75000000000e-01,4.30627530722e-02,3.58019134801e-04,1.02715763044e-03
4.19034090909e-01,8.75000000000e-01,4.37143778661e-02,3.98015314804e-04,1.06802605772e-03
4.33238636364e-01,8.75000000000e-01,4.43660026600e-02,4.38011494806e-04,1.10889448500e-03
4.47443181818e-01,8.75000000000e-01,4.47586996331e-02,4.89666335029e-04,1.14963358918e-03
4.61647727273e-01,8.75000000000e-01,4.50404275400e-02,5.46317743918e-04,1.19031726918e-03
4.75852272727e-01,8.75000000000e-01,4.53221554470e-02,6.02969152806e-04,1.23100094919e-03
4.90056818182e-01,8.75000000000e-01,4.56038833539e-02,6.59620561695e-04,1.27168462919e-03
5.04261363636e-01,8.75000000000e-01,4.57628517556e-02,7.22812407537e-04,1.31019022851e-03
5.18465909091e-01,8.75000000000e-01,4.56353813116e-02,8.01265272938e-04,1.34361363955e-03
5.32670454545e-01,8.75000000000e-01,4.55079108676e-02,8.79718138339e-04,1.37703705061e-03
5.46875000000e-01,8.75000000000e-01,4.53804404236e-02,9.58171003739e-04,1.41046046165e-03
5.61079545455e-01,8.75000000000e-01,4.52529699796e-02,1.03662386914e-03,1.44388387270e-03
5.75284090909e-01,8.75000000000e-01,4.47189079763e-02,1.14764929419e-03,1.46246314534e-03
5.89488636364e-01,8.75000000000e-01,4.41396691331e-02,1.26229389254e-03,1.47939306925e-03
6.03693181818e-01,8.75000000000e-01,4.35604302899e-02,1.37693849088e-03,1.49632299317e-03
6.17897727273e-01,8.75000000000e-01,4.29811914467e-02,1.49158308923e-03,1.51325291709e-03
7.10227272727e-03,8.97727272727e-01,1.02287298441e-03,-1.41910470367e-06,1.67410248120e-05
2.13068181818e-02,8.97727272727e-01,3.06861895324e-03,-4.25731411101e-06,5.02230744361e-05
3.55113636364e-02,8.97727272727e-01,5.11436492207e-03,-7.09552351835e-06,8.37051240602e-05
4.97159090909e-02,8.97727272727e-01,6.52830084005e-03,-9.79611031108e-06,1.07698319592e-04
6.39204545455e-02,8.97727272727e-01,7.74829187990e-03,-1.20208205728e-05,1.28970926173e-04
7.81250000000e-02,8.97727272727e-01,9.65976064119e-03,-1.04934721407e-05,1.62358097980e-04
9.23295454545e-02,8.97727272727e-01,1.15712294025e-02,-8.96612370850e-06,1.95745269787e-04
1.06534090909e-01,8.97727272727e-01,1.32300971516e-02,-7.56711006256e-06,2.24906806641e-04
1.20738636364e-01,8.97727272727e-01,1.42995625388e-02,-6.46754425115e-06,2.44208528602e-04
1.34943181818e-01,8.97727272727e-01,1.53018867524e-02,-3.27597689895e-06,2.63973316805e-04
1.49147727273e-01,8.97727272727e-01,1.63518799329e-02,1.02084819073e-06,2.85354836903e-04
1.63352272727e-01,8.97727272727e-01,1.80898669132e-02,7.19584411752e-06,3.19500831415e-04
1.77556818182e-01,8.97727272727e-01,1.98278538936e-02,1.33708400443e-05,3.53646825927e-04
1.91761363636e-01,8.97727272727e-01,2.13010664763e-02,1.99074196769e-05,3.83791050969e-04
2.05965909091e-01,8.97727272727e-01,2.21564721312e-02,2.72876946230e-05,4.04597813913e-04
2.20170454545e-01,8.97727272727e-01,2.34807955520e-02,3.75587495767e-05,4.35837460702e-04
2.34375000000e-01,8.97727272727e-01,2.50060837296e-02,4.90687102479e-05,4.71548343425e-04
2.48579545455e-01,8.97727272727e-01,2.65313719071e-02,6.05786709192e-05,5.07259226147e-04
2.62784090909e-01,8.97727272727e-01,2.73274215633e-02,7.22445457169e-05,5.30360228263e-04
2.76988636364e-01,8.97727272727e-01,2.82099432277e-02,8.59294794013e-05,5.56843074739e-04
2.91193181818e-01,8.97727272727e-01,2.94832947501e-02,1.04285128307e-04,5.94486119694e-04
3.05397727273e-01,8.97727272727e-01,3.07566462726e-02,1.22640777212e-04,6.32129164648e-04
3.19602272727e-01,8.97727272727e-01,3.18843946245e-02,1.45593179037e-04,6.70735880446e-04
3.33806818182e-01,8.97727272727e-01,3.28665398061e-02,1.73142333780e-04,7.10306267087e-04
3.48011363636e-01,8.97727272727e-01,3.38486849876e-02,2.00691488524e-04,7.49876653728e-04
3.62215909091e-01,8.97727272727e-01,3.45299989421e-02,2.21346949520e-04,7.77435367731e-04
3.76420454545e-01,8.97727272727e-01,3.50638943904e-02,2.39912035818e-04,7.99871894495e-04
3.90625000000e-01,8.97727272727e-01,3.54313723028e-02,2.66253711418e-04,8.22539473422e-04
4.04829545455e-01,8.97727272727e-01,3.59409236560e-02,2.99422639219e-04,8.54307476525e-04
4.19034090909e-01,8.97727272727e-01,3.65925484499e-02,3.39418819222e-04,8.95175903805e-04
4.33238636364e-01,8.97727272727e-01,3.72441732438e-02,3.79414999224e-04,9.36044331084e-04
4.47443181818e-01,8.97727272727e-01,3.76368702169e-02,4.31069839447e-04,9.76783435269e-04
4.61647727273e-01,8.97727272727e-01,3.79185981238e-02,4.87721248336e-04,1.01746711527e-03
4.75852272727e-01,8.97727272727e-01,3.82003260308e-02,5.44372657224e-04,1.05815079527e-03
4.90056818182e-01,8.97727272727e-01,3.83727825112e-02,5.85163829714e-04,1.08155384717e-03
5.04261363636e-01,8.97727272727e-01,3.84467620256e-02,6.36019936134e-04,1.10661895796e-03
5.18465909091e-01,8.97727272727e-01,3.83192915816e-02,7.14472801535e-04,1.14004236901e-03
5.32670454545e-01,8.97727272727e-01,3.81918211376e-02,7.92925666936e-04,1.17346578006e-03
5.46875000000e-01,8.97727272727e-01,3.80936281722e-02,8.60712501567e-04,1.19927449556e-03
5.61079545455e-01,8.97727272727e-01,3.80247126853e-02,9.17833305428e-04,1.21746851551e-03
5.75284090909e-01,8.97727272727e-01,3.77338849073e-02,9.94888509849e-04,1.20533317273e-03
5.89488636364e-01,8.97727272727e-01,3.73392739649e-02,1.08477098582e-03,1.19955845952e-03
6.03693181818e-01,8.97727272727e-01,3.67600351217e-02,1.19941558417e-03,1.21648838343e-03
6.17897727273e-01,8.97727272727e-01,3.61807962784e-02,1.31406018251e-03,1.23341830735e-03
7.10227272727e-03,9.20454545455e-01,1.02287298441e-03,-1.41910470367e-06,1.67410248120e-05
2.13068181818e-02,9.20454545455e-01,2.79784321717e-03,-4.19833299046e-06,4.61564226823e-05
3.55113636364e-02,9.20454545455e-01,3.94100339908e-03,-6.83993866265e-06,6.60829664602e-05
4.97159090909e-02,9.20454545455e-01,5.08416358099e-03,-9.48154433483e-06,8.60095102382e-05
6.39204545455e-02,9.20454545455e-01,6.30415462084e-03,-1.17062545966e-05,1.07282116819e-04
7.81250000000e-02,9.20454545455e-01,8.21562338212e-03,-1.01789061644e-05,1.40669288626e-04
9.23295454545e-02,9.20454545455e-01,9.36928910678e-03,-9.03656209092e-06,1.61379555572e-04
1.06534090909e-01,9.20454545455e-01,1.04387544940e-02,-7.93699627951e-06,1.80681277533e-04
1.20738636364e-01,9.20454545455e-01,1.15082198813e-02,-6.83743046809e-06,1.99982999494e-04
1.34943181818e-01,9.20454545455e-01,1.25105440949e-02,-3.64586311589e-06,2.19747787697e-04
1.49147727273e-01,9.20454545455e-01,1.34840935198e-02,4.42276325215e-07,2.39711032860e-04
1.63352272727e-01,9.20454545455e-01,1.44576429447e-02,4.53041576632e-06,2.59674278023e-04
1.77556818182e-01,9.20454545455e-01,1.58134111473e-02,9.66198345027e-06,2.86728897861e-04
1.91761363636e-01,9.20454545455e-01,1.72866237301e-02,1.61985630828e-05,3.16873122903e-04
2.05965909091e-01,9.20454545455e-01,1.81420293850e-02,2.35788380289e-05,3.37679885847e-04
2.20170454545e-01,9.20454545455e-01,1.89974350399e-02,3.09591129750e-05,3.58486648791e-04
2.34375000000e-01,9.20454545455e-01,1.99198289471e-02,3.87523564936e-05,3.80783823713e-04
2.48579545455e-01,9.20454545455e-01,2.14451171246e-02,5.02623171648e-05,4.16494706435e-04
2.62784090909e-01,9.20454545455e-01,2.22411667808e-02,6.19281919626e-05,4.39595708552e-04
2.76988636364e-01,9.20454545455e-01,2.29561899346e-02,7.36113905522e-05,4.61295612823e-04
2.91193181818e-01,9.20454545455e-01,2.36712130884e-02,8.52945891417e-05,4.82995517094e-04
3.05397727273e-01,9.20454545455e-01,2.47770661002e-02,1.01648502952e-04,5.15855619843e-04
3.19602272727e-01,9.20454545455e-01,2.59048144522e-02,1.24600904777e-04,5.54462335641e-04
3.33806818182e-01,9.20454545455e-01,2.67580319650e-02,1.49195619343e-04,5.88884862580e-04
3.48011363636e-01,9.20454545455e-01,2.73104182507e-02,1.66896640162e-04,6.11295716881e-04
3.62215909091e-01,9.20454545455e-01,2.78628045364e-02,1.84597660982e-04,6.33706571183e-04
3.76420454545e-01,9.20454545455e-01,2.83966999847e-02,2.03162747279e-04,6.56143097946e-04
3.90625000000e-01,9.20454545455e-01,2.87641778971e-02,2.29504422879e-04,6.78810676873e-04
4.04829545455e-01,9.20454545455e-01,2.91316558095e-02,2.55846098480e-04,7.01478255800e-04
4.19034090909e-01,9.20454545455e-01,2.94991337219e-02,2.82187774080e-04,7.24145834727e-04
4.33238636364e-01,9.20454545455e-01,3.01223438277e-02,3.20818503643e-04,7.63194177171e-04
4.47443181818e-01,9.20454545455e-01,3.05150408007e-02,3.72473343865e-04,8.03933281357e-04
4.61647727273e-01,9.20454545455e-01,3.07360623596e-02,4.20313510310e-04,8.35016612412e-04
4.75852272727e-01,9.20454545455e-01,3.08963775704e-02,4.59342434310e-04,8.56499594519e-04
4.90056818182e-01,9.20454545455e-01,3.10566927812e-02,4.98371358311e-04,8.77982576627e-04
5.04261363636e-01,9.20454545455e-01,3.11306722956e-02,5.49227464731e-04,9.03047687417e-04
5.18465909091e-01,9.20454545455e-01,3.10090573473e-02,6.25547123978e-04,9.34948159357e-04
5.32670454545e-01,9.20454545455e-01,3.09401418604e-02,6.82667927840e-04,9.53142179308e-04
5.46875000000e-01,9.20454545455e-01,3.08712263735e-02,7.39788731701e-04,9.71336199259e-04
5.61079545455e-01,9.20454545455e-01,3.08023108867e-02,7.96909535563e-04,9.89530219210e-04
5.75284090909e-01,9.20454545455e-01,3.05114831087e-02,8.73964739983e-04,9.77394876423e-04
5.89488636364e-01,9.20454545455e-01,3.01959984094e-02,9.53234877799e-04,9.61889604443e-04
6.03693181818e-01,9.20454545455e-01,2.98805137102e-02,1.03250501562e-03,9.46384332464e-04
6.17897727273e-01,9.20454545455e-01,2.93804011102e-02,1.13653727580e-03,9.53583697612e-04
7.10227272727e-03,9.43181818182e-01,5.71580090956e-04,-1.32080283609e-06,9.96327188897e-06
2.13068181818e-02,9.43181818182e-01,1.71474027287e-03,-3.96240850827e-06,2.98898156669e-05
3.55113636364e-02,9.43181818182e-01,2.85790045478e-03,-6.60401418045e-06,4.98163594448e-05
4.97159090909e-02,9.43181818182e-01,4.00106063669e-03,-9.24561985264e-06,6.97429032228e-05
6.39204545455e-02,9.43181818182e-01,4.57264072765e-03,-1.05664226887e-05,7.97061751117e-05
7.81250000000e-02,9.43181818182e-01,5.32126649872e-03,-9.79672662074e-06,9.32173804845e-05
9.23295454545e-02,9.43181818182e-01,6.39073188598e-03,-8.69716080932e-06,1.12519102446e-04
1.06534090909e-01,9.43181818182e-01,7.46019727323e-03,-7.59759499791e-06,1.31820824407e-04
1.20738636364e-01,9.43181818182e-01,8.52966266049e-03,-6.49802918650e-06,1.51122546368e-04
1.34943181818e-01,9.43181818182e-01,9.53198687410e-03,-3.30646183430e-06,1.70887334571e-04
1.49147727273e-01,9.43181818182e-01,1.05055362990e-02,7.81677606813e-07,1.90850579734e-04
1.63352272727e-01,9.43181818182e-01,1.14790857239e-02,4.86981704792e-06,2.10813824897e-04
1.77556818182e-01,9.43181818182e-01,1.24526351488e-02,8.95795648903e-06,2.30777070060e-04
1.91761363636e-01,9.43181818182e-01,1.27446999763e-02,1.01843983214e-05,2.36766043609e-04
2.05965909091e-01,9.43181818182e-01,1.35145650657e-02,1.68266457728e-05,2.55492130259e-04
2.20170454545e-01,9.43181818182e-01,1.43699707206e-02,2.42069207189e-05,2.76298893203e-04
2.34375000000e-01,9.43181818182e-01,1.52253763755e-02,3.15871956650e-05,2.97105656147e-04
2.48579545455e-01,9.43181818182e-01,1.60807820304e-02,3.89674706110e-05,3.17912419091e-04
2.62784090909e-01,9.43181818182e-01,1.68098434343e-02,5.02203768362e-05,3.39523009229e-04
2.76988636364e-01,9.43181818182e-01,1.75248665881e-02,6.19035754258e-05,3.61222913501e-04
2.91193181818e-01,9.43181818182e-01,1.82398897419e-02,7.35867740154e-05,3.82922817772e-04
3.05397727273e-01,9.43181818182e-01,1.89549128957e-02,8.52699726050e-05,4.04622722043e-04
3.19602272727e-01,9.43181818182e-01,1.93026083539e-02,9.52888028735e-05,4.17998139621e-04
3.33806818182e-01,9.43181818182e-01,1.98549946396e-02,1.12989823693e-04,4.40408993922e-04
3.48011363636e-01,9.43181818182e-01,2.04073809253e-02,1.30690844512e-04,4.62819848223e-04
3.62215909091e-01,9.43181818182e-01,2.09597672110e-02,1.48391865331e-04,4.85230702524e-04
3.76420454545e-01,9.43181818182e-01,2.12727081451e-02,1.59876543301e-04,4.98702887567e-04
3.90625000000e-01,9.43181818182e-01,2.16401860574e-02,1.86218218901e-04,5.21370466494e-04
4.04829545455e-01,9.43181818182e-01,2.20076639698e-02,2.12559894502e-04,5.44038045421e-04
4.19034090909e-01,9.43181818182e-01,2.23751418822e-02,2.38901570102e-04,5.66705624348e-04
4.33238636364e-01,9.43181818182e-01,2.27058720034e-02,2.62609078143e-04,5.87106445383e-04
4.47443181818e-01,9.43181818182e-01,2.27539665666e-02,2.74317755343e-04,5.93551340015e-04
4.61647727273e-01,9.43181818182e-01,2.29142817774e-02,3.13346679343e-04,6.15034322122e-04
4.75852272727e-01,9.43181818182e-01,2.30745969882e-02,3.52375603344e-04,6.36517304230e-04
4.90056818182e-01,9.43181818182e-01,2.32349121991e-02,3.91404527344e-04,6.58000286337e-04
5.04261363636e-01,9.43181818182e-01,2.33471328466e-02,4.18724774145e-04,6.73038373813e-04
5.18465909091e-01,9.43181818182e-01,2.32851089084e-02,4.70133497620e-04,6.89412991769e-04
5.32670454545e-01,9.43181818182e-01,2.32161934216e-02,5.27254301482e-04,7.07607011719e-04
5.46875000000e-01,9.43181818182e-01,2.31472779347e-02,5.84375105343e-04,7.25801031670e-04
5.61079545455e-01,9.43181818182e-01,2.30783624478e-02,6.41495909205e-04,7.43995051621e-04
5.75284090909e-01,9.43181818182e-01,2.27875346698e-02,7.18551113625e-04,7.31859708835e-04
5.89488636364e-01,9.43181818182e-01,2.24720499706e-02,7.97821251441e-04,7.16354436855e-04
6.03693181818e-01,9.43181818182e-01,2.21565652713e-02,8.77091389257e-04,7.00849164875e-04
6.17897727273e-01,9.43181818182e-01,2.18410805721e-02,9.56361527073e-04,6.85343892895e-04
7.10227272727e-03,9.65909090909e-01,5.71580090956e-04,-1.32080283609e-06,9.96327188897e-06
2.13068181818e-02,9.65909090909e-01,1.71474027287e-03,-3.96240850827e-06,2.98898156669e-05
3.55113636364e-02,9.65909090909e-01,2.74358443659e-03,-6.33985361324e-06,4.78237050670e-05
4.97159090909e-02,9.65909090909e-01,2.74358443659e-03,-6.33985361324e-06,4.78237050670e-05
6.39204545455e-02,9.65909090909e-01,2.74358443659e-03,-6.33985361324e-06,4.78237050670e-05
7.81250000000e-02,9.65909090909e-01,2.74358443659e-03,-6.33985361324e-06,4.78237050670e-05
9.23295454545e-02,9.65909090909e-01,2.85053097531e-03,-6.22989703209e-06,4.97538772632e-05
1.06534090909e-01,9.65909090909e-01,3.91999636257e-03,-5.13033122068e-06,6.90555992243e-05
1.20738636364e-01,9.65909090909e-01,4.98946174982e-03,-4.03076540927e-06,8.83573211855e-05
1.34943181818e-01,9.65909090909e-01,5.99178596343e-03,-8.39198057067e-07,1.08122109388e-04
1.49147727273e-01,9.65909090909e-01,6.96533538833e-03,3.24894138404e-06,1.28085354551e-04
1.63352272727e-01,9.65909090909e-01,7.64681998576e-03,6.11063899282e-06,1.42059626165e-04
1.77556818182e-01,9.65909090909e-01,7.64681998576e-03,6.11063899282e-06,1.42059626165e-04
1.91761363636e-01,9.65909090909e-01,7.64681998576e-03,6.11063899282e-06,1.42059626165e-04
2.05965909091e-01,9.65909090909e-01,7.64681998576e-03,6.11063899282e-06,1.42059626165e-04
2.20170454545e-01,9.65909090909e-01,7.90344168224e-03,8.32472147664e-06,1.48301655049e-04
2.34375000000e-01,9.65909090909e-01,8.75884733715e-03,1.57049964227e-05,1.69108417993e-04
2.48579545455e-01,9.65909090909e-01,9.61425299205e-03,2.30852713688e-05,1.89915180937e-04
2.62784090909e-01,9.65909090909e-01,1.03433143960e-02,3.43381775940e-05,2.11525771075e-04
2.76988636364e-01,9.65909090909e-01,1.10583375498e-02,4.60213761836e-05,2.33225675346e-04
2.91193181818e-01,9.65909090909e-01,1.14158491267e-02,5.18629754783e-05,2.44075627482e-04
3.05397727273e-01,9.65909090909e-01,1.14158491267e-02,5.18629754783e-05,2.44075627482e-04
3.19602272727e-01,9.65909090909e-01,1.16920422695e-02,6.07134858880e-05,2.55281054633e-04
3.33806818182e-01,9.65909090909e-01,1.22444285552e-02,7.84145067072e-05,2.77691908934e-04
3.48011363636e-01,9.65909090909e-01,1.27415762123e-02,9.43454254445e-05,2.97861677805e-04
3.62215909091e-01,9.65909090909e-01,1.27415762123e-02,9.43454254445e-05,2.97861677805e-04
3.76420454545e-01,9.65909090909e-01,1.27783240035e-02,9.69795930046e-05,3.00128435697e-04
3.90625000000e-01,9.65909090909e-01,1.31458019159e-02,1.23321268605e-04,3.22796014624e-04
4.04829545455e-01,9.65909090909e-01,1.35132798283e-02,1.49662944205e-04,3.45463593552e-04
4.19034090909e-01,9.65909090909e-01,1.36235232020e-02,1.57565446886e-04,3.52263867230e-04
4.33238636364e-01,9.65909090909e-01,1.36235232020e-02,1.57565446886e-04,3.52263867230e-04
4.47443181818e-01,9.65909090909e-01,1.36235232020e-02,1.57565446886e-04,3.52263867230e-04
4.61647727273e-01,9.65909090909e-01,1.36235232020e-02,1.57565446886e-04,3.52263867230e-04
4.75852272727e-01,9.65909090909e-01,1.37357438496e-02,1.84885693686e-04,3.67301954705e-04
4.90056818182e-01,9.65909090909e-01,1.38960590604e-02,2.23914617686e-04,3.88784936812e-04
5.04261363636e-01,9.65909090909e-01,1.40082797080e-02,2.51234864487e-04,4.03823024288e-04
5.18465909091e-01,9.65909090909e-01,1.40082797080e-02,2.51234864487e-04,4.03823024288e-04
5.32670454545e-01,9.65909090909e-01,1.39876050619e-02,2.68371105645e-04,4.09281230273e-04
5.46875000000e-01,9.65909090909e-01,1.39186895750e-02,3.25491909507e-04,4.27475250224e-04
5.61079545455e-01,9.65909090909e-01,1.38497740881e-02,3.82612713368e-04,4.45669270175e-04
5.75284090909e-01,9.65909090909e-01,1.35589463101e-02,4.59667917789e-04,4.33533927388e-04
5.89488636364e-01,9.65909090909e-01,1.32434616109e-02,5.38938055605e-04,4.18028655408e-04
6.03693181818e-01,9.65909090909e-01,1.30857192613e-02,5.78573124513e-04,4.10276019418e-04
6.17897727273e-01,9.65909090909e-01,1.30857192613e-02,5.78573124513e-04,4.10276019418e-04
7.10227272727e-03,9.88636363636e-01,5.71580090956e-04,-1.32080283609e-06,9.96327188897e-06
2.13068181818e-02,9.88636363636e-01,9.14528145529e-04,-2.11328453775e-06,1.59412350223e-05
3.55113636364e-02,9.88636363636e-01,9.14528145529e-04,-2.11328453775e-06,1.59412350223e-05
4.97159090909e-02,9.88636363636e-01,9.14528145529e-04,-2.11328453775e-06,1.59412350223e-05
6.39204545455e-02,9.88636363636e-01,9.14528145529e-04,-2.11328453775e-06,1.59412350223e-05
7.81250000000e-02,9.88636363636e-01,9.14528145529e-04,-2.11328453775e-06,1.59412350223e-05
9.23295454545e-02,9.88636363636e-01,9.14528145529e-04,-2.11328453775e-06,1.59412350223e-05
1.06534090909e-01,9.88636363636e-01,9.14528145529e-04,-2.11328453775e-06,1.59412350223e-05
1.20738636364e-01,9.88636363636e-01,1.44926083916e-03,-1.56350163204e-06,2.55920960029e-05
1.34943181818e-01,9.88636363636e-01,2.45158505276e-03,1.62806572016e-06,4.53568842055e-05
1.49147727273e-01,9.88636363636e-01,2.54893999525e-03,2.03687966427e-06,4.73532087218e-05
1.63352272727e-01,9.88636363636e-01,2.54893999525e-03,2.03687966427e-06,4.73532087218e-05
1.77556818182e-01,9.88636363636e-01,2.54893999525e-03,2.03687966427e-06,4.73532087218e-05
1.91761363636e-01,9.88636363636e-01,2.54893999525e-03,2.03687966427e-06,4.73532087218e-05
2.05965909091e-01,9.88636363636e-01,2.54893999525e-03,2.03687966427e-06,4.73532087218e-05
2.20170454545e-01,9.88636363636e-01,2.54893999525e-03,2.03687966427e-06,4.73532087218e-05
2.34375000000e-01,9.88636363636e-01,2.54893999525e-03,2.03687966427e-06,4.73532087218e-05
2.48579545455e-01,9.88636363636e-01,3.14772395369e-03,7.20307212652e-06,6.19179427827e-05
2.62784090909e-01,9.88636363636e-01,3.80528304222e-03,1.72876584928e-05,8.13585424940e-05
2.76988636364e-01,9.88636363636e-01,3.80528304222e-03,1.72876584928e-05,8.13585424940e-05
2.91193181818e-01,9.88636363636e-01,3.80528304222e-03,1.72876584928e-05,8.13585424940e-05
3.05397727273e-01,9.88636363636e-01,3.80528304222e-03,1.72876584928e-05,8.13585424940e-05
3.19602272727e-01,9.88636363636e-01,4.08147618506e-03,2.61381689024e-05,9.25639696446e-05
3.33806818182e-01,9.88636363636e-01,4.24719207076e-03,3.14484751482e-05,9.92872259349e-05
3.48011363636e-01,9.88636363636e-01,4.24719207076e-03,3.14484751482e-05,9.92872259349e-05
3.62215909091e-01,9.88636363636e-01,4.24719207076e-03,3.14484751482e-05,9.92872259349e-05
3.76420454545e-01,9.88636363636e-01,4.28393986200e-03,3.40826427082e-05,1.01553983828e-04
3.90625000000e-01,9.88636363636e-01,4.54117440067e-03,5.25218156285e-05,1.17421289077e-04
4.04829545455e-01,9.88636363636e-01,4.54117440067e-03,5.25218156285e-05,1.17421289077e-04
4.19034090909e-01,9.88636363636e-01,4.54117440067e-03,5.25218156285e-05,1.17421289077e-04
4.33238636364e-01,9.88636363636e-01,4.54117440067e-03,5.25218156285e-05,1.17421289077e-04
4.47443181818e-01,9.88636363636e-01,4.54117440067e-03,5.25218156285e-05,1.17421289077e-04
4.61647727273e-01,9.88636363636e-01,4.54117440067e-03,5.25218156285e-05,1.17421289077e-04
4.75852272727e-01,9.88636363636e-01,4.54117440067e-03,5.25218156285e-05,1.17421289077e-04
4.90056818182e-01,9.88636363636e-01,4.55720592175e-03,5.64247080286e-05,1.19569587287e-04
5.04261363636e-01,9.88636363636e-01,4.66942656933e-03,8.37449548289e-05,1.34607674763e-04
5.18465909091e-01,9.88636363636e-01,4.66942656933e-03,8.37449548289e-05,1.34607674763e-04
5.32670454545e-01,9.88636363636e-01,4.66942656933e-03,8.37449548289e-05,1.34607674763e-04
5.46875000000e-01,9.88636363636e-01,4.66942656933e-03,8.37449548289e-05,1.34607674763e-04
5.61079545455e-01,9.88636363636e-01,4.62118572851e-03,1.23729517532e-04,1.47343488728e-04
5.75284090909e-01,9.88636363636e-01,4.36190642044e-03,1.92857708171e-04,1.36758673139e-04
5.89488636364e-01,9.88636363636e-01,4.36190642044e-03,1.92857708171e-04,1.36758673139e-04
6.03693181818e-01,9.88636363636e-01,4.36190642044e-03,1.92857708171e-04,1.36758673139e-04
6.17897727273e-01,9.88636363636e-01,4.36190642044e-03,1.92857708171e-04,1.36758673139e-04
